Using Bao: True
python3 baoctl.py --train_mode retrain --dataset stats --repeat 0 --alpha 0.5 --train_query_file workloads/stats/varying_value_distribution_queries_200/beta_distribution_2range/value_distribution_7_2/value_distribution_7_2_plans --train_label_file workloads/stats/varying_value_distribution_queries_200/beta_distribution_2range/value_distribution_7_2/value_distribution_7_2_time.txt --save_folder workloads/stats/varying_value_distribution_queries_200/beta_distribution_2range/value_distribution_7_2 --predict_query_file workloads/stats/varying_value_distribution_queries_200/beta_distribution_2range/value_distribution_7_2/value_distribution_7_2.sql --predict_label_file workloads/stats/varying_value_distribution_queries_200/beta_distribution_2range/value_distribution_7_2/value_distribution_7_2_time.txt
0 1759268838.7767515 0.09542274475097656
1 1759268838.8384066 0.06155061721801758
2 1759268838.8988287 0.06028485298156738
3 1759268838.9593625 0.060430049896240234
4 1759268839.030887 0.07141804695129395
5 1759268839.093777 0.06279277801513672
6 1759268839.1533513 0.05948042869567871
7 1759268839.2200384 0.06659555435180664
8 1759268839.2854393 0.06528162956237793
9 1759268839.353081 0.06754350662231445
10 1759268839.423441 0.07020092010498047
11 1759268839.4886916 0.0651543140411377
12 1759268839.5505521 0.06175875663757324
13 1759268839.6217308 0.07107186317443848
14 1759268839.6877 0.06586599349975586
15 1759268839.7566428 0.0688314437866211
16 1759268839.817206 0.06045126914978027
17 1759268839.875886 0.0585634708404541
18 1759268839.9390655 0.06308841705322266
19 1759268840.0547073 0.11550045013427734
20 1759268840.121909 0.06709933280944824
21 1759268840.186045 0.06403565406799316
22 1759268840.2473927 0.061254262924194336
23 1759268840.306746 0.059223175048828125
24 1759268840.3657598 0.05891299247741699
25 1759268840.4241774 0.05827140808105469
26 1759268840.4867954 0.06251335144042969
27 1759268840.5840952 0.0971975326538086
28 1759268840.668658 0.08439397811889648
29 1759268840.7313135 0.06255984306335449
30 1759268840.8186276 0.08721590042114258
31 1759268840.8993177 0.08055615425109863
32 1759268840.96873 0.0692746639251709
33 1759268841.0288563 0.060033321380615234
34 1759268841.0943182 0.06535696983337402
35 1759268841.1763082 0.08188152313232422
36 1759268841.2380297 0.061614990234375
37 1759268841.2985964 0.060471296310424805
38 1759268841.3589227 0.06022834777832031
39 1759268841.4312165 0.07220077514648438
40 1759268841.4909883 0.059673309326171875
41 1759268841.5503025 0.05922555923461914
42 1759268841.6145558 0.06416487693786621
43 1759268841.6703234 0.05565834045410156
44 1759268841.7460408 0.07561254501342773
45 1759268841.8049707 0.05883312225341797
46 1759268841.8642385 0.05916786193847656
47 1759268841.9279726 0.0636439323425293
48 1759268841.9894578 0.0613865852355957
49 1759268842.1388018 0.14923405647277832
50 1759268842.2032611 0.06435728073120117
51 1759268842.2714381 0.06807899475097656
52 1759268842.33636 0.06482934951782227
53 1759268842.4094925 0.07301807403564453
54 1759268842.4678762 0.05827736854553223
55 1759268842.5408208 0.07283735275268555
56 1759268842.6045036 0.06357812881469727
57 1759268842.6669836 0.062371253967285156
58 1759268842.726361 0.059266090393066406
59 1759268842.805301 0.07885050773620605
60 1759268842.8659916 0.06058645248413086
61 1759268842.93119 0.06505441665649414
62 1759268842.9992373 0.0679469108581543
63 1759268843.0641325 0.06479930877685547
64 1759268843.1363811 0.07210159301757812
65 1759268843.213634 0.07715415954589844
66 1759268843.2789202 0.06518840789794922
67 1759268843.3469534 0.06794023513793945
68 1759268843.4113247 0.06427860260009766
69 1759268843.4777515 0.0663306713104248
70 1759268843.5442407 0.0663902759552002
71 1759268843.621423 0.07708215713500977
72 1759268843.6927488 0.07120609283447266
73 1759268843.7607338 0.0678853988647461
74 1759268843.8289404 0.06810927391052246
75 1759268843.890266 0.06123471260070801
76 1759268843.9829535 0.09259295463562012
77 1759268844.0633566 0.08030080795288086
78 1759268844.157745 0.0942840576171875
79 1759268844.2197428 0.06187844276428223
80 1759268844.2990415 0.0791940689086914
81 1759268844.3603945 0.06125450134277344
82 1759268844.4256167 0.06512188911437988
83 1759268844.4922953 0.06658506393432617
84 1759268844.5535185 0.06112861633300781
85 1759268844.617389 0.06376099586486816
86 1759268844.6840236 0.06652331352233887
87 1759268844.7501159 0.06598782539367676
88 1759268844.8219965 0.07172608375549316
89 1759268844.9528487 0.1307368278503418
90 1759268845.0249865 0.07202911376953125
91 1759268845.0898037 0.06471562385559082
92 1759268845.153725 0.06383180618286133
93 1759268845.2324462 0.07862353324890137
94 1759268845.294968 0.062416791915893555
95 1759268845.3618956 0.06681442260742188
96 1759268845.4280803 0.06606912612915039
97 1759268845.4962578 0.06803631782531738
98 1759268845.5566227 0.06026291847229004
99 1759268845.6175785 0.0608525276184082
100 1759268845.675785 0.05810737609863281
101 1759268845.7546463 0.07875442504882812
102 1759268845.8207445 0.06598615646362305
103 1759268845.8880725 0.06722664833068848
104 1759268845.9490914 0.06086921691894531
105 1759268846.0125508 0.0633242130279541
106 1759268846.1004908 0.08783769607543945
107 1759268846.169985 0.06937289237976074
108 1759268846.8685145 0.6984176635742188
109 1759268846.9386504 0.06999897956848145
110 1759268847.0236177 0.08484792709350586
111 1759268847.0866258 0.06290173530578613
112 1759268847.1477463 0.06100821495056152
113 1759268847.2160478 0.06818795204162598
114 1759268847.2753844 0.05923271179199219
115 1759268847.3354223 0.05993056297302246
116 1759268847.3950126 0.05945992469787598
117 1759268847.4713047 0.07617425918579102
118 1759268847.5238984 0.0524907112121582
119 1759268847.5908027 0.06680727005004883
120 1759268847.6560519 0.06516075134277344
121 1759268847.7138708 0.05772829055786133
122 1759268847.902966 0.1889934539794922
123 1759268847.9666889 0.063629150390625
124 1759268848.0243 0.05752205848693848
125 1759268848.0821776 0.05778932571411133
126 1759268848.1447885 0.06251192092895508
127 1759268848.2022424 0.05735135078430176
128 1759268848.266208 0.06387472152709961
129 1759268848.3272269 0.06090831756591797
130 1759268848.3870745 0.059744834899902344
131 1759268848.4764175 0.08917713165283203
132 1759268848.5433145 0.06677865982055664
133 1759268848.6276648 0.08425712585449219
134 1759268848.6913779 0.06362056732177734
135 1759268848.7658033 0.0743112564086914
136 1759268848.8267179 0.06079864501953125
137 1759268848.893021 0.06620955467224121
138 1759268848.9538648 0.060751914978027344
139 1759268849.0119596 0.05799245834350586
140 1759268849.7174973 0.705435037612915
141 1759268849.7931676 0.07552886009216309
142 1759268849.8608148 0.0675363540649414
143 1759268849.9272308 0.06631278991699219
144 1759268849.9955454 0.06821632385253906
145 1759268850.0682108 0.07256221771240234
146 1759268850.2114732 0.14315247535705566
147 1759268850.2730768 0.06147003173828125
148 1759268850.3554482 0.08224916458129883
149 1759268850.4137294 0.05817103385925293
150 1759268850.4818256 0.06800436973571777
151 1759268850.5917714 0.10983109474182129
152 1759268850.6526608 0.06079220771789551
153 1759268850.7138119 0.061041831970214844
154 1759268850.7584443 0.04454493522644043
155 1759268850.82607 0.06752371788024902
156 1759268850.8962343 0.07000088691711426
157 1759268850.9628296 0.06647348403930664
158 1759268851.028838 0.06590795516967773
159 1759268851.1015413 0.07259845733642578
160 1759268851.1933846 0.09173798561096191
161 1759268851.2643921 0.07090973854064941
162 1759268851.3267374 0.06221795082092285
163 1759268851.410542 0.08369922637939453
164 1759268851.4730456 0.062395334243774414
165 1759268851.5329456 0.05981159210205078
166 1759268851.5955904 0.06255507469177246
167 1759268851.6530695 0.057381629943847656
168 1759268851.7172308 0.06403374671936035
169 1759268851.7776592 0.06033897399902344
170 1759268851.841715 0.06395721435546875
171 1759268851.9031396 0.061325788497924805
172 1759268851.9733553 0.07008719444274902
173 1759268852.0318513 0.058406829833984375
174 1759268852.0933323 0.0613858699798584
175 1759268852.1552255 0.061804771423339844
176 1759268852.2174978 0.0621492862701416
177 1759268852.2843106 0.06672000885009766
178 1759268852.3452764 0.06085038185119629
179 1759268852.4133189 0.06794261932373047
180 1759268852.4864454 0.07302331924438477
181 1759268852.5651402 0.07856321334838867
182 1759268852.6359527 0.07064223289489746
183 1759268852.708661 0.07260775566101074
184 1759268852.7659552 0.057189226150512695
185 1759268852.844262 0.0781853199005127
186 1759268852.91994 0.07556962966918945
187 1759268852.9846132 0.06455636024475098
188 1759268853.1030948 0.11837148666381836
189 1759268853.176242 0.0730123519897461
190 1759268853.2402086 0.06386876106262207
191 1759268853.304186 0.06387662887573242
192 1759268853.3675385 0.06325149536132812
193 1759268853.4352868 0.06765556335449219
194 1759268853.493841 0.05845046043395996
195 1759268853.5576096 0.06364941596984863
196 1759268853.6638756 0.10615825653076172
197 1759268853.7340658 0.07008576393127441
198 1759268853.8033018 0.06908035278320312
199 1759268853.8760774 0.07268071174621582
Total time: 15.173254251480103
Using Bao: True
python3 baoctl.py --train_mode retrain --dataset stats --repeat 0 --alpha 0.5 --train_query_file workloads/stats/varying_value_distribution_queries_200/beta_distribution_2range/value_distribution_5_2/value_distribution_5_2_plans --train_label_file workloads/stats/varying_value_distribution_queries_200/beta_distribution_2range/value_distribution_5_2/value_distribution_5_2_time.txt --save_folder workloads/stats/varying_value_distribution_queries_200/beta_distribution_2range/value_distribution_5_2 --predict_query_file workloads/stats/varying_value_distribution_queries_200/beta_distribution_2range/value_distribution_7_2/value_distribution_7_2.sql --predict_label_file workloads/stats/varying_value_distribution_queries_200/beta_distribution_2range/value_distribution_7_2/value_distribution_7_2_time.txt
0 1759268854.2163174 0.0852651596069336
1 1759268854.289303 0.07289814949035645
2 1759268854.3595052 0.07012248039245605
3 1759268854.4203312 0.060726165771484375
4 1759268854.493936 0.07350850105285645
5 1759268854.5582724 0.06422233581542969
6 1759268854.6245492 0.06618499755859375
7 1759268854.6921365 0.0674746036529541
8 1759268854.7586217 0.0663461685180664
9 1759268854.8276992 0.06897091865539551
10 1759268854.8907359 0.06292414665222168
11 1759268854.9501402 0.05929064750671387
12 1759268855.0117195 0.06140780448913574
13 1759268855.0775917 0.06576347351074219
14 1759268855.145229 0.06751608848571777
15 1759268855.2173278 0.07197904586791992
16 1759268855.2783728 0.06094217300415039
17 1759268855.3370838 0.05860495567321777
18 1759268855.400551 0.06333303451538086
19 1759268855.5140932 0.11344146728515625
20 1759268855.5820792 0.06782317161560059
21 1759268855.64726 0.0650639533996582
22 1759268855.7082412 0.060877323150634766
23 1759268855.768129 0.05978202819824219
24 1759268855.8280241 0.05974984169006348
25 1759268855.8868022 0.05868411064147949
26 1759268855.9495711 0.06267452239990234
27 1759268856.047448 0.09776735305786133
28 1759268856.126312 0.07876729965209961
29 1759268856.1887636 0.06235074996948242
30 1759268856.2850585 0.09618949890136719
31 1759268856.3501089 0.06488490104675293
32 1759268856.419595 0.0693352222442627
33 1759268856.4834123 0.06368136405944824
34 1759268856.5517335 0.06821918487548828
35 1759268856.6195567 0.06772041320800781
36 1759268856.685119 0.06544208526611328
37 1759268856.7516432 0.06639361381530762
38 1759268856.818174 0.06640028953552246
39 1759268856.8929179 0.07463979721069336
40 1759268856.9560368 0.06302595138549805
41 1759268857.014647 0.05850863456726074
42 1759268857.090257 0.07549929618835449
43 1759268857.1508253 0.06046772003173828
44 1759268857.2219334 0.07100749015808105
45 1759268857.2830334 0.06101107597351074
46 1759268857.344066 0.06094098091125488
47 1759268857.411909 0.06771683692932129
48 1759268857.476062 0.0640556812286377
49 1759268857.6532829 0.17708110809326172
50 1759268857.7227237 0.06934833526611328
51 1759268857.7938652 0.07103753089904785
52 1759268857.8545601 0.06057620048522949
53 1759268857.9186468 0.06395673751831055
54 1759268857.9796796 0.06090283393859863
55 1759268858.0411053 0.06131625175476074
56 1759268858.1105883 0.06932187080383301
57 1759268858.173521 0.06282424926757812
58 1759268858.235936 0.06231188774108887
59 1759268858.3145108 0.07848572731018066
60 1759268858.3774695 0.06286478042602539
61 1759268858.4439921 0.06643271446228027
62 1759268858.5056825 0.061589956283569336
63 1759268858.5808134 0.07501697540283203
64 1759268858.6515055 0.0705711841583252
65 1759268858.7171395 0.06552934646606445
66 1759268858.7912295 0.07393717765808105
67 1759268858.8556678 0.06432723999023438
68 1759268858.9259953 0.07020831108093262
69 1759268858.9928243 0.06672072410583496
70 1759268859.0657427 0.07281136512756348
71 1759268859.151972 0.0861048698425293
72 1759268859.2170172 0.0649271011352539
73 1759268859.2938573 0.07673788070678711
74 1759268859.3537705 0.05981183052062988
75 1759268859.4125993 0.05873274803161621
76 1759268859.5087771 0.09604501724243164
77 1759268859.5841148 0.07523036003112793
78 1759268859.6773922 0.09313130378723145
79 1759268859.745802 0.06830716133117676
80 1759268859.812434 0.0665125846862793
81 1759268859.880861 0.06830310821533203
82 1759268859.9470785 0.0661153793334961
83 1759268860.0169828 0.06977534294128418
84 1759268860.090253 0.07315516471862793
85 1759268860.162917 0.07255983352661133
86 1759268860.2377484 0.07471394538879395
87 1759268860.3077998 0.069915771484375
88 1759268860.3794372 0.07153654098510742
89 1759268860.5132773 0.1337289810180664
90 1759268860.583356 0.06997489929199219
91 1759268860.6482182 0.06476259231567383
92 1759268860.71202 0.06370115280151367
93 1759268860.7896366 0.07752537727355957
94 1759268860.852561 0.06283116340637207
95 1759268860.9146674 0.0619959831237793
96 1759268860.9744248 0.05965828895568848
97 1759268861.0339506 0.05942487716674805
98 1759268861.0994244 0.06537389755249023
99 1759268861.169326 0.06979870796203613
100 1759268861.2382393 0.06876873970031738
101 1759268861.314337 0.07597923278808594
102 1759268861.389813 0.07532119750976562
103 1759268861.461444 0.0715181827545166
104 1759268861.5336647 0.07209157943725586
105 1759268861.601388 0.06760978698730469
106 1759268861.7049694 0.10340309143066406
107 1759268861.7748442 0.0697634220123291
108 1759268862.522896 0.7479500770568848
109 1759268862.5942695 0.07126712799072266
110 1759268862.6707816 0.07640838623046875
111 1759268862.7362015 0.06531357765197754
112 1759268862.8066223 0.07031559944152832
113 1759268862.880452 0.07372856140136719
114 1759268862.9455955 0.06500840187072754
115 1759268863.016504 0.07078337669372559
116 1759268863.0812328 0.06460928916931152
117 1759268863.1590624 0.07767653465270996
118 1759268863.2133155 0.05411338806152344
119 1759268863.2750657 0.0616602897644043
120 1759268863.344258 0.06905865669250488
121 1759268863.4128177 0.0684671401977539
122 1759268863.6066916 0.1937706470489502
123 1759268863.6775217 0.07071638107299805
124 1759268863.7373147 0.059685707092285156
125 1759268863.8066735 0.06923913955688477
126 1759268863.8742092 0.06741619110107422
127 1759268863.9369705 0.06264996528625488
128 1759268864.0045278 0.0674591064453125
129 1759268864.0728514 0.0682213306427002
130 1759268864.1366348 0.06360721588134766
131 1759268864.2198782 0.0831294059753418
132 1759268864.28404 0.06404328346252441
133 1759268864.3600667 0.0758659839630127
134 1759268864.4220932 0.061872243881225586
135 1759268864.4855006 0.06325554847717285
136 1759268864.5561016 0.07046175003051758
137 1759268864.6242478 0.06800413131713867
138 1759268864.6870198 0.06267285346984863
139 1759268864.7464561 0.059311628341674805
140 1759268865.4684894 0.7219011783599854
141 1759268865.5374916 0.06886887550354004
142 1759268865.606317 0.06868743896484375
143 1759268865.68966 0.08319664001464844
144 1759268865.8273253 0.13753437995910645
145 1759268865.897911 0.07050561904907227
146 1759268866.04698 0.1490006446838379
147 1759268866.113511 0.06645894050598145
148 1759268866.1920786 0.0785071849822998
149 1759268866.2591498 0.06689333915710449
150 1759268866.3355546 0.07633280754089355
151 1759268866.4374473 0.10178947448730469
152 1759268866.5104077 0.07285547256469727
153 1759268866.5830276 0.07247662544250488
154 1759268866.6256382 0.042507171630859375
155 1759268866.6900928 0.06435632705688477
156 1759268866.7548468 0.06459307670593262
157 1759268866.8260088 0.07105064392089844
158 1759268866.8936827 0.06757092475891113
159 1759268866.9680076 0.07422494888305664
160 1759268867.0798187 0.11170005798339844
161 1759268867.1475153 0.06759428977966309
162 1759268867.2102501 0.06263375282287598
163 1759268867.2947109 0.08436107635498047
164 1759268867.3558457 0.06102466583251953
165 1759268867.4256241 0.06967592239379883
166 1759268867.4918938 0.06616473197937012
167 1759268867.5573053 0.06531953811645508
168 1759268867.624092 0.0666816234588623
169 1759268867.6849658 0.060736656188964844
170 1759268867.7536435 0.0685727596282959
171 1759268867.824335 0.0705716609954834
172 1759268867.9083679 0.08389854431152344
173 1759268867.9717855 0.06330037117004395
174 1759268868.0423458 0.07044506072998047
175 1759268868.102682 0.060225486755371094
176 1759268868.1762738 0.07349610328674316
177 1759268868.2448757 0.06850576400756836
178 1759268868.3136835 0.06869769096374512
179 1759268868.3778548 0.06407666206359863
180 1759268868.445031 0.06708383560180664
181 1759268868.5183713 0.07323265075683594
182 1759268868.579637 0.06114602088928223
183 1759268868.786931 0.2071993350982666
184 1759268868.846384 0.05940866470336914
185 1759268868.936023 0.0895700454711914
186 1759268869.0106323 0.07451319694519043
187 1759268869.0852828 0.07455039024353027
188 1759268869.1787753 0.09339547157287598
189 1759268869.2429595 0.0640869140625
190 1759268869.3189268 0.07586836814880371
191 1759268869.3907747 0.07175135612487793
192 1759268869.4564743 0.06560373306274414
193 1759268869.5319095 0.0753324031829834
194 1759268869.593773 0.06177330017089844
195 1759268869.6680403 0.07417678833007812
196 1759268869.7792583 0.11112642288208008
197 1759268869.849298 0.06994819641113281
198 1759268869.9182353 0.0688474178314209
199 1759268869.9977198 0.07939410209655762
Total time: 15.844367980957031
Using Bao: True
python3 baoctl.py --train_mode retrain --dataset stats --repeat 0 --alpha 0.5 --train_query_file workloads/stats/varying_value_distribution_queries_200/beta_distribution_2range/value_distribution_3_2/value_distribution_3_2_plans --train_label_file workloads/stats/varying_value_distribution_queries_200/beta_distribution_2range/value_distribution_3_2/value_distribution_3_2_time.txt --save_folder workloads/stats/varying_value_distribution_queries_200/beta_distribution_2range/value_distribution_3_2 --predict_query_file workloads/stats/varying_value_distribution_queries_200/beta_distribution_2range/value_distribution_7_2/value_distribution_7_2.sql --predict_label_file workloads/stats/varying_value_distribution_queries_200/beta_distribution_2range/value_distribution_7_2/value_distribution_7_2_time.txt
0 1759268870.3506036 0.08297348022460938
1 1759268870.4128015 0.062146663665771484
2 1759268870.475087 0.06216859817504883
3 1759268870.5403144 0.06508255004882812
4 1759268870.6146548 0.07424592971801758
5 1759268870.6803339 0.06557369232177734
6 1759268870.7410579 0.06062006950378418
7 1759268870.8089685 0.06778907775878906
8 1759268870.8747797 0.06571102142333984
9 1759268870.9435213 0.06863784790039062
10 1759268871.0144918 0.07087063789367676
11 1759268871.075985 0.06139659881591797
12 1759268871.1363966 0.060308218002319336
13 1759268871.201926 0.06543803215026855
14 1759268871.2661285 0.06410074234008789
15 1759268871.336453 0.07018780708312988
16 1759268871.4042292 0.06766438484191895
17 1759268871.476624 0.07226920127868652
18 1759268871.5443006 0.06757616996765137
19 1759268871.6599329 0.11554121971130371
20 1759268871.7347734 0.07472991943359375
21 1759268871.8136723 0.07875895500183105
22 1759268871.8795135 0.06574320793151855
23 1759268871.9445105 0.06487441062927246
24 1759268872.0148017 0.07016158103942871
25 1759268872.0855637 0.07065844535827637
26 1759268872.1662662 0.08064389228820801
27 1759268872.2849486 0.11861324310302734
28 1759268872.4556546 0.17060446739196777
29 1759268872.5244775 0.06874775886535645
30 1759268872.6009815 0.07639384269714355
31 1759268872.6659765 0.06490206718444824
32 1759268872.7346826 0.06860637664794922
33 1759268872.7926598 0.057888031005859375
34 1759268872.8558357 0.06308412551879883
35 1759268872.9262335 0.07030344009399414
36 1759268872.9931858 0.06685781478881836
37 1759268873.060606 0.06733512878417969
38 1759268873.1288736 0.06817173957824707
39 1759268873.2180922 0.08914351463317871
40 1759268873.2830472 0.06482267379760742
41 1759268873.3457024 0.06250596046447754
42 1759268873.4139173 0.06811118125915527
43 1759268873.4756224 0.06160688400268555
44 1759268873.5437105 0.0679929256439209
45 1759268873.6032345 0.05942511558532715
46 1759268873.6647828 0.0614476203918457
47 1759268873.7317235 0.0668487548828125
48 1759268873.79195 0.060132741928100586
49 1759268873.9372702 0.14521288871765137
50 1759268874.0006256 0.06326699256896973
51 1759268874.0736837 0.07296490669250488
52 1759268874.132718 0.058933258056640625
53 1759268874.2087884 0.07596945762634277
54 1759268874.273898 0.06501483917236328
55 1759268874.3487966 0.0747995376586914
56 1759268874.4164946 0.06759142875671387
57 1759268874.484325 0.06775355339050293
58 1759268874.5555806 0.07116079330444336
59 1759268874.637676 0.08196115493774414
60 1759268874.706971 0.06920742988586426
61 1759268874.781376 0.07431697845458984
62 1759268874.8560011 0.0745091438293457
63 1759268874.933018 0.07694649696350098
64 1759268874.9920666 0.05895256996154785
65 1759268875.0711164 0.07893180847167969
66 1759268875.134286 0.06303119659423828
67 1759268875.2038298 0.06944847106933594
68 1759268875.2670665 0.06314754486083984
69 1759268875.3340003 0.06680035591125488
70 1759268875.3970654 0.06297898292541504
71 1759268875.4694154 0.07227706909179688
72 1759268875.5427938 0.07326674461364746
73 1759268875.6103518 0.06745648384094238
74 1759268875.685642 0.07518744468688965
75 1759268875.7586255 0.07288241386413574
76 1759268875.850919 0.0921928882598877
77 1759268875.9383035 0.08730554580688477
78 1759268876.034522 0.09610748291015625
79 1759268876.105987 0.07136011123657227
80 1759268876.1686654 0.06258010864257812
81 1759268876.2302973 0.06154441833496094
82 1759268876.2944512 0.06405210494995117
83 1759268876.363665 0.06911945343017578
84 1759268876.4249406 0.06117367744445801
85 1759268876.4864588 0.0614018440246582
86 1759268876.5610852 0.07451963424682617
87 1759268876.6285164 0.06728792190551758
88 1759268876.69772 0.06909561157226562
89 1759268876.8257692 0.12795305252075195
90 1759268876.904576 0.07870674133300781
91 1759268876.9781857 0.07346296310424805
92 1759268877.0510144 0.07273054122924805
93 1759268877.1361258 0.08501338958740234
94 1759268877.2142906 0.07801461219787598
95 1759268877.297599 0.0832056999206543
96 1759268877.3726523 0.07493948936462402
97 1759268877.4352868 0.06251692771911621
98 1759268877.5009837 0.06560325622558594
99 1759268877.5669725 0.06589531898498535
100 1759268877.6246874 0.0576174259185791
101 1759268877.6905744 0.06578373908996582
102 1759268877.7536144 0.06293058395385742
103 1759268877.815686 0.06197714805603027
104 1759268877.8737378 0.05797982215881348
105 1759268877.9361026 0.06231045722961426
106 1759268878.0333676 0.09710240364074707
107 1759268878.0975103 0.06404948234558105
108 1759268878.7532706 0.6556527614593506
109 1759268878.8214757 0.06809544563293457
110 1759268878.9045258 0.08294391632080078
111 1759268878.963779 0.05914568901062012
112 1759268879.0314689 0.06757783889770508
113 1759268879.0965312 0.06496715545654297
114 1759268879.1626465 0.06600403785705566
115 1759268879.2242138 0.06146240234375
116 1759268879.2865236 0.06221723556518555
117 1759268879.3643374 0.07771849632263184
118 1759268879.4175093 0.05307316780090332
119 1759268879.4855652 0.06794500350952148
120 1759268879.5603464 0.07466959953308105
121 1759268879.6316967 0.07124972343444824
122 1759268879.838645 0.20683765411376953
123 1759268879.9074476 0.06869626045227051
124 1759268879.9804158 0.07286238670349121
125 1759268880.0388615 0.05833625793457031
126 1759268880.1087635 0.06980705261230469
127 1759268880.1652446 0.0563807487487793
128 1759268880.2307777 0.0654299259185791
129 1759268880.2977774 0.06688189506530762
130 1759268880.3583896 0.06051373481750488
131 1759268880.4282544 0.06975126266479492
132 1759268880.4887779 0.060419321060180664
133 1759268880.5717928 0.08289861679077148
134 1759268880.6295514 0.05765843391418457
135 1759268880.6938295 0.06415653228759766
136 1759268880.7509112 0.05698704719543457
137 1759268880.8213902 0.07037615776062012
138 1759268880.8909445 0.06943798065185547
139 1759268880.9642074 0.07316970825195312
140 1759268881.7523546 0.7880685329437256
141 1759268881.824182 0.07172870635986328
142 1759268881.8900409 0.06576061248779297
143 1759268881.9552782 0.06513762474060059
144 1759268882.0267658 0.07142353057861328
145 1759268882.0920515 0.06515645980834961
146 1759268882.248027 0.1558377742767334
147 1759268882.3112319 0.06310129165649414
148 1759268882.3907006 0.07936239242553711
149 1759268882.465927 0.07511568069458008
150 1759268882.5336192 0.06759023666381836
151 1759268882.6299834 0.09626412391662598
152 1759268882.7001264 0.07004141807556152
153 1759268882.7600777 0.059805870056152344
154 1759268882.8040218 0.04381370544433594
155 1759268882.8622096 0.0580899715423584
156 1759268882.9194746 0.05717301368713379
157 1759268882.9836566 0.06406712532043457
158 1759268883.0437038 0.05995035171508789
159 1759268883.1070213 0.06322288513183594
160 1759268883.1996195 0.0924992561340332
161 1759268883.2662332 0.06650757789611816
162 1759268883.3335595 0.0672307014465332
163 1759268883.4108632 0.07719302177429199
164 1759268883.472817 0.06186413764953613
165 1759268883.5368419 0.06392955780029297
166 1759268883.6004825 0.06354761123657227
167 1759268883.6593182 0.058728694915771484
168 1759268883.7283008 0.06888628005981445
169 1759268883.8030949 0.07468366622924805
170 1759268883.865935 0.06270265579223633
171 1759268883.936488 0.07045769691467285
172 1759268884.0064185 0.06981873512268066
173 1759268884.0668976 0.06037163734436035
174 1759268884.1384401 0.07144832611083984
175 1759268884.1999655 0.06141185760498047
176 1759268884.277671 0.07760310173034668
177 1759268884.3414452 0.06367754936218262
178 1759268884.412344 0.07082438468933105
179 1759268884.4742782 0.0618441104888916
180 1759268884.5497344 0.07534241676330566
181 1759268884.624361 0.07452750205993652
182 1759268884.6964326 0.07195758819580078
183 1759268884.7714775 0.07491850852966309
184 1759268884.8397472 0.06815767288208008
185 1759268884.9106967 0.07084321975708008
186 1759268884.9948204 0.08401989936828613
187 1759268885.061034 0.06611013412475586
188 1759268885.156409 0.0952761173248291
189 1759268885.2151957 0.05865907669067383
190 1759268885.2786362 0.0633389949798584
191 1759268885.3416135 0.06288886070251465
192 1759268885.3997378 0.0580296516418457
193 1759268885.4600897 0.060248374938964844
194 1759268885.5179784 0.057758331298828125
195 1759268885.5773401 0.05924224853515625
196 1759268885.6712825 0.093841552734375
197 1759268885.7397141 0.06833910942077637
198 1759268885.806548 0.06674432754516602
199 1759268885.8735166 0.06686758995056152
Total time: 15.58529806137085
Using Bao: True
python3 baoctl.py --train_mode retrain --dataset stats --repeat 0 --alpha 0.5 --train_query_file workloads/stats/varying_value_distribution_queries_200/beta_distribution_2range/value_distribution_2_2/value_distribution_2_2_plans --train_label_file workloads/stats/varying_value_distribution_queries_200/beta_distribution_2range/value_distribution_2_2/value_distribution_2_2_time.txt --save_folder workloads/stats/varying_value_distribution_queries_200/beta_distribution_2range/value_distribution_2_2 --predict_query_file workloads/stats/varying_value_distribution_queries_200/beta_distribution_2range/value_distribution_7_2/value_distribution_7_2.sql --predict_label_file workloads/stats/varying_value_distribution_queries_200/beta_distribution_2range/value_distribution_7_2/value_distribution_7_2_time.txt
0 1759268886.2104862 0.09165000915527344
1 1759268886.2923102 0.08176541328430176
2 1759268886.359253 0.06685829162597656
3 1759268886.421128 0.06175994873046875
4 1759268886.4916782 0.07039618492126465
5 1759268886.5533233 0.06155538558959961
6 1759268886.6123087 0.05889558792114258
7 1759268886.6770446 0.06464505195617676
8 1759268886.741442 0.06430792808532715
9 1759268886.8086994 0.06716346740722656
10 1759268886.87631 0.06746935844421387
11 1759268886.9373343 0.060932159423828125
12 1759268887.0085258 0.07109689712524414
13 1759268887.070525 0.06190323829650879
14 1759268887.134372 0.06374526023864746
15 1759268887.2013724 0.0668635368347168
16 1759268887.2596357 0.058165550231933594
17 1759268887.320403 0.06066584587097168
18 1759268887.386255 0.06575131416320801
19 1759268887.4948168 0.10846447944641113
20 1759268887.564796 0.06988739967346191
21 1759268887.6329408 0.06804466247558594
22 1759268887.696814 0.0637660026550293
23 1759268887.7574427 0.060510873794555664
24 1759268887.8165746 0.05902457237243652
25 1759268887.875978 0.059327125549316406
26 1759268887.9458828 0.06979966163635254
27 1759268888.0424297 0.09644889831542969
28 1759268888.1239069 0.08136820793151855
29 1759268888.1843028 0.060297489166259766
30 1759268888.2707958 0.08640360832214355
31 1759268888.333958 0.0630652904510498
32 1759268888.4072242 0.07317543029785156
33 1759268888.4636414 0.05632472038269043
34 1759268888.5252967 0.061567068099975586
35 1759268888.5914538 0.06606221199035645
36 1759268888.6643116 0.07272219657897949
37 1759268888.7353675 0.07097220420837402
38 1759268888.802767 0.06729292869567871
39 1759268888.88047 0.07757329940795898
40 1759268888.946235 0.06562471389770508
41 1759268889.0062633 0.05992245674133301
42 1759268889.076959 0.07058072090148926
43 1759268889.1449277 0.06786799430847168
44 1759268889.2155159 0.07048964500427246
45 1759268889.2817945 0.06617498397827148
46 1759268889.3429654 0.06106114387512207
47 1759268889.409193 0.06613779067993164
48 1759268889.4715586 0.06226325035095215
49 1759268889.6107676 0.13908147811889648
50 1759268889.6722558 0.06138730049133301
51 1759268889.7369502 0.0645899772644043
52 1759268889.7972848 0.0602262020111084
53 1759268889.874539 0.0771481990814209
54 1759268889.949031 0.07437920570373535
55 1759268890.020847 0.07171773910522461
56 1759268890.0814004 0.060454607009887695
57 1759268890.1475286 0.06601977348327637
58 1759268890.216572 0.06895065307617188
59 1759268890.3023596 0.08566951751708984
60 1759268890.3749154 0.0724334716796875
61 1759268890.4411228 0.06609892845153809
62 1759268890.501562 0.06030893325805664
63 1759268890.5670686 0.06539273262023926
64 1759268890.6286159 0.06140613555908203
65 1759268890.6972606 0.06855416297912598
66 1759268890.7641768 0.06680989265441895
67 1759268890.8250084 0.0607295036315918
68 1759268890.882946 0.05784964561462402
69 1759268890.9442475 0.06121087074279785
70 1759268891.0125754 0.06822347640991211
71 1759268891.0882452 0.07556533813476562
72 1759268891.150239 0.06188344955444336
73 1759268891.2268934 0.0765526294708252
74 1759268891.2910585 0.06406593322753906
75 1759268891.3540678 0.06287360191345215
76 1759268891.4679332 0.11370158195495605
77 1759268891.548186 0.08016705513000488
78 1759268891.6595595 0.11127853393554688
79 1759268891.729693 0.07001852989196777
80 1759268891.7945635 0.06476712226867676
81 1759268891.862195 0.06752181053161621
82 1759268891.9278164 0.06552577018737793
83 1759268891.9974525 0.06953215599060059
84 1759268892.0609088 0.06333756446838379
85 1759268892.1316693 0.07065677642822266
86 1759268892.2073193 0.07554030418395996
87 1759268892.280801 0.07338237762451172
88 1759268892.3445785 0.06367921829223633
89 1759268892.4472218 0.10253071784973145
90 1759268892.5218625 0.07453012466430664
91 1759268892.586928 0.0649559497833252
92 1759268892.6557977 0.06875419616699219
93 1759268892.7341342 0.07822823524475098
94 1759268892.80268 0.06839776039123535
95 1759268892.875101 0.07231020927429199
96 1759268892.9379253 0.0626530647277832
97 1759268893.0082042 0.07013297080993652
98 1759268893.0758262 0.06751847267150879
99 1759268893.139731 0.06380248069763184
100 1759268893.2023191 0.06246209144592285
101 1759268893.2790596 0.07662534713745117
102 1759268893.342728 0.06353116035461426
103 1759268893.4130695 0.07023382186889648
104 1759268893.4733107 0.060097694396972656
105 1759268893.5418766 0.06847143173217773
106 1759268893.6389484 0.09696722030639648
107 1759268893.7111814 0.07212328910827637
108 1759268894.3952537 0.6839687824249268
109 1759268894.4722018 0.07684731483459473
110 1759268894.5538342 0.08153271675109863
111 1759268894.6146343 0.06068229675292969
112 1759268894.6803813 0.06565403938293457
113 1759268894.7575717 0.07708144187927246
114 1759268894.829528 0.07186245918273926
115 1759268894.893665 0.06404352188110352
116 1759268894.9589136 0.06513333320617676
117 1759268895.0409012 0.08188772201538086
118 1759268895.0937333 0.05272197723388672
119 1759268895.1577494 0.06391763687133789
120 1759268895.2501397 0.0922846794128418
121 1759268895.3224063 0.07213521003723145
122 1759268895.5678926 0.24538350105285645
123 1759268895.6455219 0.07752251625061035
124 1759268895.7044754 0.05884671211242676
125 1759268895.779686 0.07511758804321289
126 1759268895.8501365 0.07034778594970703
127 1759268895.9087565 0.058470964431762695
128 1759268895.9786718 0.06980204582214355
129 1759268896.0485573 0.06978130340576172
130 1759268896.1119308 0.06327223777770996
131 1759268896.1814651 0.06943082809448242
132 1759268896.2472792 0.06570315361022949
133 1759268896.3180747 0.0706949234008789
134 1759268896.3862145 0.06800270080566406
135 1759268896.4468663 0.06054854393005371
136 1759268896.514975 0.06798768043518066
137 1759268896.5929062 0.07783222198486328
138 1759268896.655184 0.062137603759765625
139 1759268896.717318 0.062033653259277344
140 1759268897.388032 0.6705951690673828
141 1759268897.4728858 0.0847327709197998
142 1759268897.5396776 0.06668543815612793
143 1759268897.6095035 0.06972002983093262
144 1759268897.6804655 0.07083368301391602
145 1759268897.7509317 0.07033514976501465
146 1759268897.8928084 0.1417701244354248
147 1759268897.9643822 0.07146215438842773
148 1759268898.0475516 0.08305907249450684
149 1759268898.119728 0.07205986976623535
150 1759268898.189302 0.06946539878845215
151 1759268898.303685 0.11427927017211914
152 1759268898.3691242 0.06532096862792969
153 1759268898.4375472 0.06827926635742188
154 1759268898.4915943 0.053937673568725586
155 1759268898.5556111 0.06392121315002441
156 1759268898.618448 0.0627281665802002
157 1759268898.690862 0.07230377197265625
158 1759268898.757919 0.0669403076171875
159 1759268898.8253465 0.0673215389251709
160 1759268898.9153988 0.08993339538574219
161 1759268898.9749079 0.05938982963562012
162 1759268899.0403445 0.06532096862792969
163 1759268899.1142876 0.07384228706359863
164 1759268899.1750243 0.06063508987426758
165 1759268899.243789 0.0686497688293457
166 1759268899.3148458 0.07099509239196777
167 1759268899.38398 0.06906747817993164
168 1759268899.4524903 0.06841588020324707
169 1759268899.5235677 0.07097482681274414
170 1759268899.5877209 0.06403803825378418
171 1759268899.6552489 0.06743812561035156
172 1759268899.7290087 0.07366538047790527
173 1759268899.795343 0.06623268127441406
174 1759268899.8590658 0.06362366676330566
175 1759268899.9228094 0.06363081932067871
176 1759268900.0021317 0.07921481132507324
177 1759268900.1095374 0.07267999649047852
178 1759268900.1722622 0.06261658668518066
179 1759268900.2418761 0.06951141357421875
180 1759268900.308334 0.06635689735412598
181 1759268900.3905919 0.08214211463928223
182 1759268900.451659 0.06096386909484863
183 1759268900.5363379 0.08458757400512695
184 1759268900.605015 0.06857585906982422
185 1759268900.6809096 0.07578849792480469
186 1759268900.7588165 0.07779264450073242
187 1759268900.8253562 0.06641936302185059
188 1759268900.9142096 0.08873677253723145
189 1759268900.9739392 0.05962634086608887
190 1759268901.0384197 0.06437325477600098
191 1759268901.1072786 0.06876087188720703
192 1759268901.1697488 0.06235647201538086
193 1759268901.2313178 0.061478614807128906
194 1759268901.297106 0.0656895637512207
195 1759268901.3644066 0.06715726852416992
196 1759268901.4685535 0.1040201187133789
197 1759268901.53745 0.06877708435058594
198 1759268901.6071167 0.06954050064086914
199 1759268901.6762156 0.0689239501953125
Total time: 15.501193761825562
Using Bao: True
python3 baoctl.py --train_mode retrain --dataset stats --repeat 0 --alpha 0.5 --train_query_file workloads/stats/varying_value_distribution_queries_200/beta_distribution_2range/value_distribution_1_1/value_distribution_1_1_plans --train_label_file workloads/stats/varying_value_distribution_queries_200/beta_distribution_2range/value_distribution_1_1/value_distribution_1_1_time.txt --save_folder workloads/stats/varying_value_distribution_queries_200/beta_distribution_2range/value_distribution_1_1 --predict_query_file workloads/stats/varying_value_distribution_queries_200/beta_distribution_2range/value_distribution_7_2/value_distribution_7_2.sql --predict_label_file workloads/stats/varying_value_distribution_queries_200/beta_distribution_2range/value_distribution_7_2/value_distribution_7_2_time.txt
0 1759268901.9997542 0.07941627502441406
1 1759268902.0643425 0.06448006629943848
2 1759268902.1265354 0.06210017204284668
3 1759268902.187668 0.06102895736694336
4 1759268902.257918 0.07015228271484375
5 1759268902.32489 0.06686210632324219
6 1759268902.386414 0.06142306327819824
7 1759268902.4537485 0.06723666191101074
8 1759268902.5204852 0.06663250923156738
9 1759268902.5888553 0.0682520866394043
10 1759268902.6514235 0.06247758865356445
11 1759268902.718501 0.06696414947509766
12 1759268902.7836456 0.06501221656799316
13 1759268902.849016 0.06527161598205566
14 1759268902.9235346 0.07441449165344238
15 1759268902.991278 0.06763529777526855
16 1759268903.0532372 0.061861276626586914
17 1759268903.1133916 0.06004023551940918
18 1759268903.175982 0.06247115135192871
19 1759268903.2920358 0.11593270301818848
20 1759268903.3633933 0.07124829292297363
21 1759268903.437139 0.07363033294677734
22 1759268903.4992392 0.06195998191833496
23 1759268903.5616233 0.062278032302856445
24 1759268903.6364996 0.07477807998657227
25 1759268903.695504 0.058907270431518555
26 1759268903.7576025 0.06198000907897949
27 1759268903.8549485 0.09725570678710938
28 1759268903.9212115 0.06616473197937012
29 1759268903.981742 0.06043815612792969
30 1759268904.05709 0.07526040077209473
31 1759268904.1198194 0.06259989738464355
32 1759268904.1863613 0.06642723083496094
33 1759268904.2443957 0.05793619155883789
34 1759268904.3074925 0.06298160552978516
35 1759268904.379302 0.07171344757080078
36 1759268904.4460857 0.06668686866760254
37 1759268904.5107129 0.06450128555297852
38 1759268904.575546 0.06475400924682617
39 1759268904.652233 0.07657551765441895
40 1759268904.7166743 0.06432962417602539
41 1759268904.778509 0.06171107292175293
42 1759268904.8456132 0.06698274612426758
43 1759268904.9055793 0.05986213684082031
44 1759268904.9737368 0.06804585456848145
45 1759268905.0337574 0.059932708740234375
46 1759268905.0946076 0.060745954513549805
47 1759268905.1597037 0.06500387191772461
48 1759268905.2266114 0.06681990623474121
49 1759268905.4059467 0.17922019958496094
50 1759268905.4665043 0.0604557991027832
51 1759268905.529523 0.06290793418884277
52 1759268905.5918725 0.06223130226135254
53 1759268905.6586165 0.06664323806762695
54 1759268905.7194595 0.060739755630493164
55 1759268905.7845638 0.06498503684997559
56 1759268905.851861 0.06717348098754883
57 1759268905.9149957 0.06303286552429199
58 1759268905.9791968 0.06404757499694824
59 1759268906.058407 0.07910919189453125
60 1759268906.1253967 0.06687736511230469
61 1759268906.1893232 0.06382012367248535
62 1759268906.2576203 0.0681924819946289
63 1759268906.3288991 0.07116246223449707
64 1759268906.3945398 0.06554985046386719
65 1759268906.4636836 0.06903576850891113
66 1759268906.5374587 0.07367968559265137
67 1759268906.5998673 0.06231117248535156
68 1759268906.6696637 0.06970691680908203
69 1759268906.7352781 0.06551289558410645
70 1759268906.8070557 0.071685791015625
71 1759268906.8796692 0.07246756553649902
72 1759268906.9431767 0.06339526176452637
73 1759268907.0099025 0.06661391258239746
74 1759268907.0812242 0.07118892669677734
75 1759268907.1527948 0.07146477699279785
76 1759268907.2472618 0.09436535835266113
77 1759268907.3298247 0.08246564865112305
78 1759268907.4247932 0.09485745429992676
79 1759268907.4878073 0.06287264823913574
80 1759268907.5532076 0.06529641151428223
81 1759268907.6102848 0.056990623474121094
82 1759268907.6708806 0.06049537658691406
83 1759268907.7396488 0.0686798095703125
84 1759268907.8012235 0.06146812438964844
85 1759268907.8634531 0.06213879585266113
86 1759268907.9337044 0.07012271881103516
87 1759268907.9995992 0.06578922271728516
88 1759268908.0601046 0.0604090690612793
89 1759268908.1900003 0.12976884841918945
90 1759268908.27343 0.08333516120910645
91 1759268908.3461075 0.07256531715393066
92 1759268908.4122572 0.06600522994995117
93 1759268908.4965951 0.084228515625
94 1759268908.5611699 0.06442379951477051
95 1759268908.6249611 0.06368088722229004
96 1759268908.691314 0.0662534236907959
97 1759268908.757644 0.06623172760009766
98 1759268908.8218794 0.06414055824279785
99 1759268908.8823442 0.06036972999572754
100 1759268908.9506032 0.06814980506896973
101 1759268909.0194519 0.06874465942382812
102 1759268909.083322 0.06377840042114258
103 1759268909.1472871 0.06387019157409668
104 1759268909.2168434 0.06946158409118652
105 1759268909.2772393 0.0602879524230957
106 1759268909.375027 0.09769272804260254
107 1759268909.4723692 0.0972449779510498
108 1759268910.1594114 0.686943769454956
109 1759268910.2320101 0.07248568534851074
110 1759268910.314942 0.08283400535583496
111 1759268910.380351 0.06530523300170898
112 1759268910.4498944 0.06943678855895996
113 1759268910.5169833 0.06699180603027344
114 1759268910.5778377 0.06075930595397949
115 1759268910.6375597 0.059609174728393555
116 1759268910.7009456 0.06327533721923828
117 1759268910.769253 0.06821036338806152
118 1759268910.824596 0.0552515983581543
119 1759268910.892208 0.06750702857971191
120 1759268910.959078 0.06674456596374512
121 1759268911.0429742 0.08373355865478516
122 1759268911.2304246 0.18734359741210938
123 1759268911.2915184 0.06097292900085449
124 1759268911.3577409 0.06611132621765137
125 1759268911.416773 0.058931827545166016
126 1759268911.4810727 0.06420588493347168
127 1759268911.5386932 0.05746722221374512
128 1759268911.6029427 0.06416058540344238
129 1759268911.6635299 0.0604860782623291
130 1759268911.7233808 0.05975627899169922
131 1759268911.7896776 0.06618666648864746
132 1759268911.8477094 0.057936906814575195
133 1759268911.917876 0.07006597518920898
134 1759268911.9742002 0.056238412857055664
135 1759268912.0326502 0.05836915969848633
136 1759268912.0907178 0.05796241760253906
137 1759268912.1645103 0.0737302303314209
138 1759268912.2263916 0.061775922775268555
139 1759268912.291617 0.06510496139526367
140 1759268913.013636 0.721898078918457
141 1759268913.0776663 0.06393098831176758
142 1759268913.1442893 0.06651115417480469
143 1759268913.2062645 0.06187176704406738
144 1759268913.2765508 0.07016444206237793
145 1759268913.3512332 0.07455945014953613
146 1759268913.4944196 0.14308714866638184
147 1759268913.5557654 0.06120920181274414
148 1759268913.6554005 0.09951925277709961
149 1759268913.7265282 0.07100939750671387
150 1759268913.796628 0.06998682022094727
151 1759268913.8937893 0.09705162048339844
152 1759268913.9575787 0.06369161605834961
153 1759268914.0211377 0.06345653533935547
154 1759268914.0737686 0.052498579025268555
155 1759268914.138536 0.06465959548950195
156 1759268914.197415 0.058768510818481445
157 1759268914.2743459 0.07679224014282227
158 1759268914.3355215 0.06107592582702637
159 1759268914.4042017 0.06858634948730469
160 1759268914.4999747 0.09568452835083008
161 1759268914.558658 0.05858755111694336
162 1759268914.6198244 0.06106066703796387
163 1759268914.693367 0.07343077659606934
164 1759268914.7621167 0.0686349868774414
165 1759268914.8229697 0.06071925163269043
166 1759268914.8837984 0.06072211265563965
167 1759268914.9442568 0.0603330135345459
168 1759268915.010198 0.06583476066589355
169 1759268915.0707324 0.06043696403503418
170 1759268915.1379547 0.06708979606628418
171 1759268915.2039945 0.06594181060791016
172 1759268915.2745955 0.07048892974853516
173 1759268915.33877 0.06408023834228516
174 1759268915.4003265 0.06145954132080078
175 1759268915.4599373 0.05951571464538574
176 1759268915.518801 0.058759450912475586
177 1759268915.5783541 0.05946516990661621
178 1759268915.6367812 0.05832982063293457
179 1759268915.6962047 0.059334516525268555
180 1759268915.758455 0.06214165687561035
181 1759268915.8345237 0.0759577751159668
182 1759268915.8948412 0.06022810935974121
183 1759268915.9681382 0.07319426536560059
184 1759268916.0359733 0.06770110130310059
185 1759268916.1140492 0.07797074317932129
186 1759268916.1896489 0.07549858093261719
187 1759268916.2559416 0.06618928909301758
188 1759268916.380876 0.1248319149017334
189 1759268916.442471 0.06148195266723633
190 1759268916.5075462 0.06498312950134277
191 1759268916.5775228 0.06987881660461426
192 1759268916.6379952 0.06035566329956055
193 1759268916.7078388 0.0697317123413086
194 1759268916.7675424 0.059598445892333984
195 1759268916.835217 0.06758570671081543
196 1759268916.9306073 0.09526944160461426
197 1759268917.0004826 0.06978464126586914
198 1759268917.067399 0.06681966781616211
199 1759268917.1423926 0.07490253448486328
Total time: 15.200809955596924
Using Bao: True
python3 baoctl.py --train_mode retrain --dataset stats --repeat 0 --alpha 0.5 --train_query_file workloads/stats/varying_value_distribution_queries_200/beta_distribution_2range/value_distribution_2_3/value_distribution_2_3_plans --train_label_file workloads/stats/varying_value_distribution_queries_200/beta_distribution_2range/value_distribution_2_3/value_distribution_2_3_time.txt --save_folder workloads/stats/varying_value_distribution_queries_200/beta_distribution_2range/value_distribution_2_3 --predict_query_file workloads/stats/varying_value_distribution_queries_200/beta_distribution_2range/value_distribution_7_2/value_distribution_7_2.sql --predict_label_file workloads/stats/varying_value_distribution_queries_200/beta_distribution_2range/value_distribution_7_2/value_distribution_7_2_time.txt
0 1759268917.46653 0.06946372985839844
1 1759268917.5323381 0.06568789482116699
2 1759268917.603756 0.0713040828704834
3 1759268917.6636333 0.05976605415344238
4 1759268917.7339373 0.07020735740661621
5 1759268917.7976894 0.06364774703979492
6 1759268917.857391 0.05959677696228027
7 1759268917.9272985 0.06977605819702148
8 1759268917.991869 0.06447696685791016
9 1759268918.0592687 0.06728363037109375
10 1759268918.1207275 0.06136727333068848
11 1759268918.1792839 0.05845451354980469
12 1759268918.2360208 0.05663919448852539
13 1759268918.308296 0.0721597671508789
14 1759268918.3731902 0.06479501724243164
15 1759268918.4394612 0.0661475658416748
16 1759268918.5150201 0.07544660568237305
17 1759268918.5763032 0.0611727237701416
18 1759268918.6538074 0.07740187644958496
19 1759268918.765461 0.11157369613647461
20 1759268918.8491755 0.08363008499145508
21 1759268918.9143174 0.06503534317016602
22 1759268918.986503 0.07207870483398438
23 1759268919.0535712 0.06695938110351562
24 1759268919.1147587 0.06107449531555176
25 1759268919.1734478 0.05858445167541504
26 1759268919.241505 0.06795120239257812
27 1759268919.3510337 0.10942792892456055
28 1759268919.415631 0.06449079513549805
29 1759268919.4851038 0.06935954093933105
30 1759268919.5610816 0.07583284378051758
31 1759268919.6246946 0.0634768009185791
32 1759268919.6982474 0.07346153259277344
33 1759268919.7633107 0.06496453285217285
34 1759268919.8246412 0.06123852729797363
35 1759268919.8913062 0.06656455993652344
36 1759268919.9707212 0.07932806015014648
37 1759268920.0435545 0.07272911071777344
38 1759268920.1261294 0.08246231079101562
39 1759268920.211272 0.08499550819396973
40 1759268920.2794049 0.06803154945373535
41 1759268920.347721 0.06819629669189453
42 1759268920.422119 0.07430052757263184
43 1759268920.4865856 0.0643315315246582
44 1759268920.56496 0.07825589179992676
45 1759268920.6323457 0.0672903060913086
46 1759268920.6924846 0.0600275993347168
47 1759268920.7625191 0.0699763298034668
48 1759268920.8346765 0.0720212459564209
49 1759268920.9899492 0.15517377853393555
50 1759268921.0487394 0.05869483947753906
51 1759268921.117264 0.06840920448303223
52 1759268921.1814709 0.06410765647888184
53 1759268921.264115 0.082550048828125
54 1759268921.3332593 0.06899309158325195
55 1759268921.4025834 0.06922435760498047
56 1759268921.4740245 0.07132601737976074
57 1759268921.5435903 0.06945657730102539
58 1759268921.612302 0.06860899925231934
59 1759268921.6905384 0.07813239097595215
60 1759268921.7556908 0.06504583358764648
61 1759268921.8235192 0.06770944595336914
62 1759268921.898131 0.07450580596923828
63 1759268921.9631982 0.06492805480957031
64 1759268922.022832 0.05952191352844238
65 1759268922.0889316 0.0659937858581543
66 1759268922.158731 0.06969833374023438
67 1759268922.2268527 0.06804656982421875
68 1759268922.2972 0.0702509880065918
69 1759268922.359397 0.06211662292480469
70 1759268922.4271674 0.06763625144958496
71 1759268922.5019956 0.07472777366638184
72 1759268922.5668185 0.06471824645996094
73 1759268922.6354232 0.0685126781463623
74 1759268922.7047274 0.06920886039733887
75 1759268922.7762809 0.07144522666931152
76 1759268922.883234 0.1068427562713623
77 1759268922.9575875 0.07425713539123535
78 1759268923.0502992 0.09260702133178711
79 1759268923.1143875 0.06399655342102051
80 1759268923.1767948 0.06229901313781738
81 1759268923.241231 0.06433939933776855
82 1759268923.3153849 0.07408475875854492
83 1759268923.374807 0.059329986572265625
84 1759268923.4430737 0.0681614875793457
85 1759268923.5022142 0.05898475646972656
86 1759268923.572045 0.06972765922546387
87 1759268923.6389325 0.06678891181945801
88 1759268923.708752 0.06971526145935059
89 1759268923.8536143 0.1447610855102539
90 1759268923.9329784 0.07925891876220703
91 1759268923.9986944 0.0656120777130127
92 1759268924.0639098 0.06511974334716797
93 1759268924.1602116 0.09617972373962402
94 1759268924.2341392 0.07381963729858398
95 1759268924.2989142 0.0646514892578125
96 1759268924.3591309 0.06011557579040527
97 1759268924.4272525 0.06799769401550293
98 1759268924.4932528 0.06588029861450195
99 1759268924.554758 0.06139540672302246
100 1759268924.6179528 0.0630948543548584
101 1759268924.6941962 0.07613921165466309
102 1759268924.7666252 0.07233357429504395
103 1759268924.8292196 0.0624849796295166
104 1759268924.8953264 0.06598210334777832
105 1759268924.957529 0.0621035099029541
106 1759268925.0550792 0.09744572639465332
107 1759268925.1238866 0.06865048408508301
108 1759268925.8456252 0.7216317653656006
109 1759268925.9303646 0.08462333679199219
110 1759268926.0038266 0.07336187362670898
111 1759268926.071954 0.06802821159362793
112 1759268926.1403265 0.06827282905578613
113 1759268926.2173786 0.07696294784545898
114 1759268926.2813182 0.06382012367248535
115 1759268926.3564095 0.074981689453125
116 1759268926.4235325 0.06701993942260742
117 1759268926.503761 0.08011817932128906
118 1759268926.5692358 0.06537652015686035
119 1759268926.638853 0.06952381134033203
120 1759268926.7156396 0.07668614387512207
121 1759268926.7842107 0.06847310066223145
122 1759268926.9573183 0.17300701141357422
123 1759268927.0190635 0.061643123626708984
124 1759268927.085234 0.0660407543182373
125 1759268927.151549 0.06622505187988281
126 1759268927.2244413 0.07277536392211914
127 1759268927.2829158 0.05836677551269531
128 1759268927.349369 0.0663611888885498
129 1759268927.4186158 0.06914234161376953
130 1759268927.4835908 0.06487512588500977
131 1759268927.5588593 0.07514524459838867
132 1759268927.628133 0.06915783882141113
133 1759268927.71726 0.08897066116333008
134 1759268927.7874048 0.07004094123840332
135 1759268927.8562791 0.06876254081726074
136 1759268927.9169962 0.06060624122619629
137 1759268927.9845517 0.06745362281799316
138 1759268928.0531156 0.06846404075622559
139 1759268928.1256597 0.07240176200866699
140 1759268928.8403132 0.7145404815673828
141 1759268928.9047272 0.06430721282958984
142 1759268928.9828858 0.07803702354431152
143 1759268929.0581555 0.07512497901916504
144 1759268929.1316009 0.07332634925842285
145 1759268929.1953418 0.0636148452758789
146 1759268929.3343623 0.1389007568359375
147 1759268929.4124663 0.07798457145690918
148 1759268929.49778 0.08521032333374023
149 1759268929.5597954 0.061905860900878906
150 1759268929.6249657 0.06506752967834473
151 1759268929.72247 0.09741377830505371
152 1759268929.7842913 0.06169891357421875
153 1759268929.8544548 0.07004904747009277
154 1759268929.9046154 0.05005216598510742
155 1759268929.9633675 0.05865073204040527
156 1759268930.0231395 0.05966544151306152
157 1759268930.0913033 0.06796574592590332
158 1759268930.1489499 0.05755352973937988
159 1759268930.2155297 0.0664670467376709
160 1759268930.3173814 0.10174107551574707
161 1759268930.3784337 0.06094002723693848
162 1759268930.4414213 0.06285953521728516
163 1759268930.5272157 0.08566522598266602
164 1759268930.5936685 0.06635665893554688
165 1759268930.6532567 0.05949068069458008
166 1759268930.733189 0.07977914810180664
167 1759268930.8089533 0.06250882148742676
168 1759268930.8760812 0.0670316219329834
169 1759268930.9378476 0.061608314514160156
170 1759268931.0070121 0.06905388832092285
171 1759268931.0759532 0.06882643699645996
172 1759268931.147111 0.07106375694274902
173 1759268931.2061126 0.05884385108947754
174 1759268931.2697015 0.06346654891967773
175 1759268931.3304594 0.060655832290649414
176 1759268931.4035633 0.07298874855041504
177 1759268931.468257 0.06458115577697754
178 1759268931.5294282 0.06106305122375488
179 1759268931.5945761 0.06505322456359863
180 1759268931.656402 0.06170940399169922
181 1759268931.7308545 0.0743255615234375
182 1759268931.7993197 0.06836104393005371
183 1759268931.8725548 0.07313179969787598
184 1759268931.9315865 0.05890369415283203
185 1759268932.0004804 0.06877994537353516
186 1759268932.076451 0.07587838172912598
187 1759268932.1390274 0.062477827072143555
188 1759268932.2274048 0.08826518058776855
189 1759268932.2914155 0.06391000747680664
190 1759268932.3627813 0.07127165794372559
191 1759268932.4303782 0.06750202178955078
192 1759268932.4902098 0.05972146987915039
193 1759268932.5505633 0.06025886535644531
194 1759268932.6107664 0.060098886489868164
195 1759268932.6778665 0.0670008659362793
196 1759268932.7732189 0.09524345397949219
197 1759268932.8418772 0.06855273246765137
198 1759268932.9125311 0.07055950164794922
199 1759268932.9906614 0.0780189037322998
Total time: 15.558754920959473
Using Bao: True
python3 baoctl.py --train_mode retrain --dataset stats --repeat 0 --alpha 0.5 --train_query_file workloads/stats/varying_value_distribution_queries_200/beta_distribution_2range/value_distribution_2_5/value_distribution_2_5_plans --train_label_file workloads/stats/varying_value_distribution_queries_200/beta_distribution_2range/value_distribution_2_5/value_distribution_2_5_time.txt --save_folder workloads/stats/varying_value_distribution_queries_200/beta_distribution_2range/value_distribution_2_5 --predict_query_file workloads/stats/varying_value_distribution_queries_200/beta_distribution_2range/value_distribution_7_2/value_distribution_7_2.sql --predict_label_file workloads/stats/varying_value_distribution_queries_200/beta_distribution_2range/value_distribution_7_2/value_distribution_7_2_time.txt
0 1759268933.3364997 0.07138371467590332
1 1759268933.3970764 0.06046414375305176
2 1759268933.4576757 0.06053638458251953
3 1759268933.517649 0.05985856056213379
4 1759268933.5968537 0.07911515235900879
5 1759268933.6594987 0.0625464916229248
6 1759268933.7214582 0.06185173988342285
7 1759268933.7888103 0.06724858283996582
8 1759268933.8553026 0.0663750171661377
9 1759268933.93369 0.07828783988952637
10 1759268933.9961927 0.06235194206237793
11 1759268934.058418 0.06212329864501953
12 1759268934.119713 0.061179161071777344
13 1759268934.1825776 0.06276488304138184
14 1759268934.243867 0.0611722469329834
15 1759268934.3177028 0.07371950149536133
16 1759268934.3799303 0.0621185302734375
17 1759268934.4493616 0.06932234764099121
18 1759268934.522102 0.07262063026428223
19 1759268934.6333523 0.11107420921325684
20 1759268934.7071066 0.07366514205932617
21 1759268934.778377 0.0711219310760498
22 1759268934.8433557 0.06485533714294434
23 1759268934.9033167 0.059844970703125
24 1759268934.969363 0.06593871116638184
25 1759268935.0342808 0.06480550765991211
26 1759268935.0948467 0.06045413017272949
27 1759268935.2053988 0.11043858528137207
28 1759268935.281312 0.07579612731933594
29 1759268935.3505647 0.06915926933288574
30 1759268935.4305818 0.07991552352905273
31 1759268935.504856 0.07418012619018555
32 1759268935.5739043 0.06894326210021973
33 1759268935.6402555 0.0662379264831543
34 1759268935.7016964 0.061350107192993164
35 1759268935.7718155 0.07001304626464844
36 1759268935.8359616 0.06399989128112793
37 1759268935.910704 0.07465004920959473
38 1759268935.9892464 0.07843351364135742
39 1759268936.07306 0.0836951732635498
40 1759268936.1312177 0.05801081657409668
41 1759268936.2049139 0.07359099388122559
42 1759268936.2718062 0.06679105758666992
43 1759268936.3400202 0.06812047958374023
44 1759268936.416386 0.07625460624694824
45 1759268936.4839244 0.06743121147155762
46 1759268936.5496855 0.06565594673156738
47 1759268936.6246796 0.07489395141601562
48 1759268936.6894047 0.06462335586547852
49 1759268936.8703737 0.18084025382995605
50 1759268936.9370015 0.06652641296386719
51 1759268937.0103128 0.07320189476013184
52 1759268937.0698168 0.059410810470581055
53 1759268937.1434052 0.07349371910095215
54 1759268937.220317 0.07677698135375977
55 1759268937.2845745 0.0641634464263916
56 1759268937.3627372 0.07807135581970215
57 1759268937.4347563 0.07191157341003418
58 1759268937.4955082 0.06065106391906738
59 1759268937.5942628 0.0986628532409668
60 1759268937.6627748 0.0684206485748291
61 1759268937.7275662 0.06469488143920898
62 1759268937.7915323 0.0638582706451416
63 1759268937.8568015 0.06517601013183594
64 1759268937.920488 0.06358194351196289
65 1759268937.9917252 0.07113790512084961
66 1759268938.059502 0.0676727294921875
67 1759268938.122018 0.06241488456726074
68 1759268938.192303 0.07018589973449707
69 1759268938.2584774 0.0660545825958252
70 1759268938.318038 0.05946040153503418
71 1759268938.3931024 0.07496166229248047
72 1759268938.4578593 0.06460690498352051
73 1759268938.5282786 0.07031679153442383
74 1759268938.5883691 0.05998516082763672
75 1759268938.6581316 0.06966662406921387
76 1759268938.7496648 0.09140825271606445
77 1759268938.81935 0.06958222389221191
78 1759268938.9124172 0.09295082092285156
79 1759268938.9811804 0.06862998008728027
80 1759268939.0432374 0.06195569038391113
81 1759268939.1035347 0.06020784378051758
82 1759268939.1829162 0.07927179336547852
83 1759268939.248241 0.06522154808044434
84 1759268939.3186095 0.07027792930603027
85 1759268939.3810291 0.06231236457824707
86 1759268939.457374 0.07622551918029785
87 1759268939.5436213 0.0861213207244873
88 1759268939.616333 0.0726168155670166
89 1759268939.7469316 0.13050174713134766
90 1759268939.8168736 0.06984853744506836
91 1759268939.8902705 0.07329583168029785
92 1759268939.9609203 0.07056093215942383
93 1759268940.0376632 0.07663393020629883
94 1759268940.0973392 0.05958414077758789
95 1759268940.1652489 0.06781721115112305
96 1759268940.225004 0.059661149978637695
97 1759268940.2897918 0.06467008590698242
98 1759268940.3560936 0.06620121002197266
99 1759268940.4245665 0.06834912300109863
100 1759268940.4867802 0.06212306022644043
101 1759268940.564098 0.07721090316772461
102 1759268940.6300352 0.06580305099487305
103 1759268940.6939428 0.06379914283752441
104 1759268940.7539568 0.05990862846374512
105 1759268940.8165607 0.06248760223388672
106 1759268940.9048862 0.08821415901184082
107 1759268940.9708548 0.06586432456970215
108 1759268941.6467907 0.6758315563201904
109 1759268941.7094462 0.06254911422729492
110 1759268941.7824516 0.07289481163024902
111 1759268941.8443334 0.061777353286743164
112 1759268941.9118414 0.06740331649780273
113 1759268941.9785507 0.06661057472229004
114 1759268942.046788 0.06812930107116699
115 1759268942.1140275 0.06712961196899414
116 1759268942.1810002 0.06685423851013184
117 1759268942.2508059 0.06969571113586426
118 1759268942.3031225 0.05219554901123047
119 1759268942.3629737 0.059725284576416016
120 1759268942.4293141 0.06621742248535156
121 1759268942.4891276 0.0597233772277832
122 1759268942.6745899 0.18534374237060547
123 1759268942.7346063 0.05991721153259277
124 1759268942.7916875 0.05697464942932129
125 1759268942.8504105 0.058623552322387695
126 1759268942.9132736 0.06276059150695801
127 1759268942.975345 0.06197524070739746
128 1759268943.0505567 0.0751030445098877
129 1759268943.1125417 0.061875104904174805
130 1759268943.1808734 0.06822490692138672
131 1759268943.253709 0.07271909713745117
132 1759268943.321552 0.06773257255554199
133 1759268943.3954444 0.07377338409423828
134 1759268943.4560986 0.06054878234863281
135 1759268943.5198164 0.06355762481689453
136 1759268943.5877101 0.06777572631835938
137 1759268943.6534564 0.06564116477966309
138 1759268943.7204537 0.06688523292541504
139 1759268943.7799366 0.05939126014709473
140 1759268944.4820075 0.7019479274749756
141 1759268944.5469544 0.06484794616699219
142 1759268944.6089928 0.06193733215332031
143 1759268944.6712096 0.06212282180786133
144 1759268944.7410426 0.06973099708557129
145 1759268944.8122952 0.07114481925964355
146 1759268944.9500217 0.13762879371643066
147 1759268945.0193806 0.06924724578857422
148 1759268945.1112797 0.09179043769836426
149 1759268945.1686864 0.05731558799743652
150 1759268945.2376995 0.06892204284667969
151 1759268945.3405015 0.10270428657531738
152 1759268945.4019997 0.061405181884765625
153 1759268945.4700463 0.06794619560241699
154 1759268945.525562 0.05541086196899414
155 1759268945.5893574 0.06369590759277344
156 1759268945.6560688 0.06661128997802734
157 1759268945.724544 0.06833362579345703
158 1759268945.787516 0.06285572052001953
159 1759268945.8536215 0.06600713729858398
160 1759268945.9563365 0.10262060165405273
161 1759268946.0321226 0.07568478584289551
162 1759268946.1086085 0.07634806632995605
163 1759268946.1918643 0.08316564559936523
164 1759268946.2590165 0.06705212593078613
165 1759268946.3256488 0.06653499603271484
166 1759268946.3896384 0.06389641761779785
167 1759268946.4635627 0.07378745079040527
168 1759268946.5286338 0.06495380401611328
169 1759268946.5954206 0.06668424606323242
170 1759268946.6573985 0.06187033653259277
171 1759268946.725311 0.06781983375549316
172 1759268946.7932441 0.0678400993347168
173 1759268946.8609252 0.06758856773376465
174 1759268946.924295 0.06326055526733398
175 1759268946.9983995 0.07399559020996094
176 1759268947.0607998 0.062278032302856445
177 1759268947.1403973 0.07950305938720703
178 1759268947.2020137 0.061490774154663086
179 1759268947.276579 0.07446479797363281
180 1759268947.3409252 0.06422805786132812
181 1759268947.4148462 0.0738077163696289
182 1759268947.4747043 0.05976462364196777
183 1759268947.5558057 0.08099102973937988
184 1759268947.61626 0.060324907302856445
185 1759268947.6826594 0.06629180908203125
186 1759268947.7493498 0.06654500961303711
187 1759268947.8107164 0.06127524375915527
188 1759268947.9077084 0.09690022468566895
189 1759268947.97117 0.06333661079406738
190 1759268948.0404956 0.06922101974487305
191 1759268948.119104 0.07850122451782227
192 1759268948.1771917 0.0579068660736084
193 1759268948.2360492 0.058762311935424805
194 1759268948.293753 0.057611942291259766
195 1759268948.3544042 0.06054067611694336
196 1759268948.4618583 0.10734796524047852
197 1759268948.5315 0.0695347785949707
198 1759268948.6060486 0.07443571090698242
199 1759268948.6732974 0.0671086311340332
Total time: 15.386650085449219
Using Bao: True
python3 baoctl.py --train_mode retrain --dataset stats --repeat 0 --alpha 0.5 --train_query_file workloads/stats/varying_value_distribution_queries_200/beta_distribution_2range/value_distribution_2_7/value_distribution_2_7_plans --train_label_file workloads/stats/varying_value_distribution_queries_200/beta_distribution_2range/value_distribution_2_7/value_distribution_2_7_time.txt --save_folder workloads/stats/varying_value_distribution_queries_200/beta_distribution_2range/value_distribution_2_7 --predict_query_file workloads/stats/varying_value_distribution_queries_200/beta_distribution_2range/value_distribution_7_2/value_distribution_7_2.sql --predict_label_file workloads/stats/varying_value_distribution_queries_200/beta_distribution_2range/value_distribution_7_2/value_distribution_7_2_time.txt
0 1759268948.9906464 0.07370853424072266
1 1759268949.0551686 0.06442880630493164
2 1759268949.1143098 0.059078216552734375
3 1759268949.173175 0.05874037742614746
4 1759268949.2411377 0.0678718090057373
5 1759268949.305017 0.06374692916870117
6 1759268949.3629894 0.05788111686706543
7 1759268949.4358177 0.07273745536804199
8 1759268949.5047007 0.06879258155822754
9 1759268949.57398 0.06917452812194824
10 1759268949.64176 0.06766510009765625
11 1759268949.701094 0.05923295021057129
12 1759268949.7602718 0.05904865264892578
13 1759268949.8289528 0.06858015060424805
14 1759268949.8952448 0.06618404388427734
15 1759268949.9632585 0.06790924072265625
16 1759268950.0214024 0.05808663368225098
17 1759268950.0813277 0.05985403060913086
18 1759268950.141806 0.0604243278503418
19 1759268950.2534282 0.11155200004577637
20 1759268950.3193638 0.06583428382873535
21 1759268950.381683 0.06220698356628418
22 1759268950.44578 0.06400132179260254
23 1759268950.5064092 0.060515642166137695
24 1759268950.5709138 0.06437921524047852
25 1759268950.6275153 0.05649137496948242
26 1759268950.6893873 0.06176114082336426
27 1759268950.798566 0.10907316207885742
28 1759268950.8639364 0.06525588035583496
29 1759268950.924555 0.06052827835083008
30 1759268951.000109 0.07544922828674316
31 1759268951.073578 0.07332539558410645
32 1759268951.1412868 0.0675649642944336
33 1759268951.2023923 0.06100606918334961
34 1759268951.2696362 0.06713628768920898
35 1759268951.338079 0.06834721565246582
36 1759268951.3992217 0.06098747253417969
37 1759268951.4627068 0.06335783004760742
38 1759268951.5250728 0.06225156784057617
39 1759268951.599333 0.07412338256835938
40 1759268951.6595306 0.06008720397949219
41 1759268951.7192228 0.059593915939331055
42 1759268951.7911181 0.07179403305053711
43 1759268951.85023 0.05898737907409668
44 1759268951.9176183 0.06729292869567871
45 1759268951.9768097 0.05908656120300293
46 1759268952.045451 0.06854391098022461
47 1759268952.1115692 0.0659945011138916
48 1759268952.1847458 0.07306575775146484
49 1759268952.334417 0.1495668888092041
50 1759268952.3972123 0.06268143653869629
51 1759268952.470487 0.07317233085632324
52 1759268952.5391388 0.06854438781738281
53 1759268952.602376 0.06309914588928223
54 1759268952.6617012 0.059221744537353516
55 1759268952.7342546 0.07244539260864258
56 1759268952.794898 0.060536861419677734
57 1759268952.862647 0.06765079498291016
58 1759268952.9234538 0.06071138381958008
59 1759268953.0009964 0.07745146751403809
60 1759268953.060895 0.05980491638183594
61 1759268953.1237566 0.06276512145996094
62 1759268953.1825097 0.05864262580871582
63 1759268953.245822 0.06318950653076172
64 1759268953.3016722 0.05576276779174805
65 1759268953.3635442 0.06178116798400879
66 1759268953.4369256 0.07327795028686523
67 1759268953.4990447 0.06201291084289551
68 1759268953.5674498 0.0682976245880127
69 1759268953.6333199 0.06576061248779297
70 1759268953.710467 0.0770263671875
71 1759268953.7932339 0.08264780044555664
72 1759268953.863323 0.0699911117553711
73 1759268953.9385252 0.0751028060913086
74 1759268954.0044925 0.06585693359375
75 1759268954.0725894 0.06800150871276855
76 1759268954.1731281 0.10044312477111816
77 1759268954.2554903 0.08222270011901855
78 1759268954.3472762 0.09168839454650879
79 1759268954.4163911 0.06902194023132324
80 1759268954.4843085 0.06781816482543945
81 1759268954.5599875 0.0755772590637207
82 1759268954.6356194 0.07551145553588867
83 1759268954.7059832 0.07027006149291992
84 1759268954.7679703 0.061881303787231445
85 1759268954.8315234 0.06343793869018555
86 1759268954.8941097 0.06247591972351074
87 1759268954.96291 0.06864762306213379
88 1759268955.036313 0.07330656051635742
89 1759268955.164238 0.1278233528137207
90 1759268955.2332783 0.06893467903137207
91 1759268955.3038168 0.07044386863708496
92 1759268955.36684 0.06290102005004883
93 1759268955.4487028 0.08176136016845703
94 1759268955.5128808 0.06405234336853027
95 1759268955.5796616 0.06667208671569824
96 1759268955.645283 0.0655219554901123
97 1759268955.7047243 0.059346675872802734
98 1759268955.7660375 0.061211585998535156
99 1759268955.833527 0.0673832893371582
100 1759268955.8985448 0.064910888671875
101 1759268955.9764636 0.07781243324279785
102 1759268956.0404623 0.06390714645385742
103 1759268956.112551 0.07197976112365723
104 1759268956.178669 0.06599664688110352
105 1759268956.2390153 0.06023764610290527
106 1759268956.331319 0.09219765663146973
107 1759268956.4052699 0.07384705543518066
108 1759268957.0925395 0.6871523857116699
109 1759268957.162674 0.07002544403076172
110 1759268957.242313 0.07953286170959473
111 1759268957.3044417 0.06201672554016113
112 1759268957.3700829 0.06553030014038086
113 1759268957.4482422 0.07799458503723145
114 1759268957.5151315 0.0667879581451416
115 1759268957.5828032 0.06752920150756836
116 1759268957.656658 0.0737447738647461
117 1759268957.7247713 0.0679926872253418
118 1759268957.7902617 0.06536173820495605
119 1759268957.8586137 0.06825733184814453
120 1759268957.9304605 0.07174491882324219
121 1759268957.9941797 0.06358909606933594
122 1759268958.1911125 0.19681525230407715
123 1759268958.2514353 0.060192108154296875
124 1759268958.3174555 0.06590628623962402
125 1759268958.3830388 0.06547117233276367
126 1759268958.4433668 0.060227394104003906
127 1759268958.5029778 0.05949068069458008
128 1759268958.570533 0.06743717193603516
129 1759268958.6380317 0.06737947463989258
130 1759268958.7080991 0.06995201110839844
131 1759268958.7780914 0.06981754302978516
132 1759268958.8418155 0.063568115234375
133 1759268958.927093 0.08517217636108398
134 1759268958.9895399 0.06230735778808594
135 1759268959.0502558 0.06059670448303223
136 1759268959.1082768 0.05791306495666504
137 1759268959.1754591 0.06708097457885742
138 1759268959.2336738 0.05816221237182617
139 1759268959.292498 0.05872678756713867
140 1759268959.998724 0.7061092853546143
141 1759268960.062718 0.06389689445495605
142 1759268960.1305423 0.067718505859375
143 1759268960.191448 0.06079673767089844
144 1759268960.271629 0.08003067970275879
145 1759268960.3332262 0.061495065689086914
146 1759268960.4718428 0.13851690292358398
147 1759268960.5352063 0.06325006484985352
148 1759268960.6195095 0.08419179916381836
149 1759268960.6779206 0.05830812454223633
150 1759268960.7481067 0.07006621360778809
151 1759268960.8449066 0.09668087959289551
152 1759268960.9053109 0.060300588607788086
153 1759268960.9672737 0.06185722351074219
154 1759268961.0117185 0.04434347152709961
155 1759268961.0713053 0.05948829650878906
156 1759268961.1294715 0.058075666427612305
157 1759268961.2010171 0.07142138481140137
158 1759268961.2604995 0.059378862380981445
159 1759268961.3254168 0.06482052803039551
160 1759268961.4218369 0.09632658958435059
161 1759268961.4850955 0.06313180923461914
162 1759268961.5535157 0.06827378273010254
163 1759268961.6295633 0.07594108581542969
164 1759268961.6907408 0.06104540824890137
165 1759268961.7594533 0.06861400604248047
166 1759268961.8267636 0.06720733642578125
167 1759268961.8882108 0.061347246170043945
168 1759268961.9539413 0.06561827659606934
169 1759268962.0135622 0.059520721435546875
170 1759268962.0846841 0.07101058959960938
171 1759268962.146104 0.061310768127441406
172 1759268962.2268717 0.08063340187072754
173 1759268962.2936969 0.06671929359436035
174 1759268962.353686 0.0598907470703125
175 1759268962.4180431 0.06426239013671875
176 1759268962.4828286 0.06468081474304199
177 1759268962.549059 0.06611871719360352
178 1759268962.6110408 0.061821699142456055
179 1759268962.6743033 0.06310248374938965
180 1759268962.7380798 0.06366562843322754
181 1759268962.813962 0.07569718360900879
182 1759268962.8805683 0.06647706031799316
183 1759268962.9572644 0.07657933235168457
184 1759268963.0235498 0.06616520881652832
185 1759268963.1018457 0.07821822166442871
186 1759268963.1821856 0.08017921447753906
187 1759268963.252768 0.07045388221740723
188 1759268963.351696 0.09883761405944824
189 1759268963.4226563 0.07082557678222656
190 1759268963.4994733 0.07665562629699707
191 1759268963.5802865 0.08069086074829102
192 1759268963.644373 0.06400203704833984
193 1759268963.7098956 0.06539082527160645
194 1759268963.7667212 0.05673646926879883
195 1759268963.826395 0.05956673622131348
196 1759268963.9258006 0.09926748275756836
197 1759268963.9982626 0.07234382629394531
198 1759268964.0645597 0.06623458862304688
199 1759268964.134291 0.06967020034790039
Total time: 15.195446252822876
Using Bao: True
python3 baoctl.py --train_mode retrain --dataset stats --repeat 0 --alpha 0.5 --train_query_file workloads/stats/varying_column_queries_200/queries_1_columns/queries_1_columns_plans --train_label_file workloads/stats/varying_column_queries_200/queries_1_columns/queries_1_columns_time.txt --save_folder workloads/stats/varying_column_queries_200/queries_1_columns --predict_query_file workloads/stats/varying_column_queries_200/queries_5_columns/queries_5_columns.sql --predict_label_file workloads/stats/varying_column_queries_200/queries_5_columns/queries_5_columns_time.txt
0 1759268964.533025 0.1056363582611084
1 1759268964.607119 0.07403254508972168
2 1759268964.667862 0.06062006950378418
3 1759268964.7992756 0.13132047653198242
4 1759268965.0203822 0.22097420692443848
5 1759268965.1082497 0.08774042129516602
6 1759268965.3640757 0.25571370124816895
7 1759268965.8428319 0.47857213020324707
8 1759268965.8865955 0.04363727569580078
9 1759268965.954203 0.0674905776977539
10 1759269010.0880265 44.133694648742676
11 1759269010.1630278 0.0748910903930664
12 1759269010.3357365 0.17261004447937012
13 1759269010.4274678 0.09161186218261719
14 1759269010.6929262 0.26531410217285156
15 1759269011.0821111 0.3890671730041504
16 1759269011.1326745 0.05039238929748535
17 1759269011.2097409 0.07695198059082031
18 1759269011.278417 0.06856966018676758
19 1759269011.3622305 0.08369040489196777
20 1759269011.481059 0.1187283992767334
21 1759269011.6557255 0.1745140552520752
22 1759269063.98194 52.32607650756836
23 1759269072.0868332 8.104759216308594
24 1759269072.2082243 0.1212470531463623
25 1759269074.6283972 2.420041799545288
26 1759269074.7339647 0.10545039176940918
27 1759269074.7889478 0.05487871170043945
28 1759269074.8372674 0.04821968078613281
29 1759269074.9376976 0.100341796875
30 1759269075.0666363 0.12882065773010254
31 1759269159.2730708 84.20632076263428
32 1759269159.3598514 0.08662176132202148
33 1759269159.4857888 0.12581372261047363
34 1759269159.5866048 0.10070586204528809
35 1759269159.6438177 0.05710911750793457
36 1759269160.10889 0.464979887008667
37 1759269160.831344 0.7223379611968994
38 1759269160.9255044 0.09405231475830078
39 1759269161.1113694 0.18575263023376465
40 1759269161.4209073 0.30942821502685547
41 1759269161.5964515 0.17540216445922852
42 1759269161.6689749 0.07239508628845215
43 1759269161.744135 0.0750570297241211
44 1759269167.1734967 5.429192781448364
45 1759269167.4262877 0.2526521682739258
46 1759269167.4865496 0.06015491485595703
47 1759269167.543934 0.05726170539855957
48 1759269167.644196 0.10011434555053711
49 1759269167.8116498 0.16736102104187012
50 1759269167.8744335 0.06267356872558594
51 1759269167.9188 0.044249773025512695
52 1759269167.9651177 0.04622960090637207
53 1759269168.2588475 0.2935950756072998
54 1759269168.5106363 0.25168466567993164
55 1759269168.5911407 0.08039355278015137
56 1759269168.6412687 0.049993276596069336
57 1759269168.7016156 0.06024646759033203
58 1759269168.8408868 0.13916969299316406
59 1759269168.9103599 0.06936073303222656
60 1759269169.0508945 0.14043354988098145
61 1759269169.101719 0.0507197380065918
62 1759269169.2270763 0.12524819374084473
63 1759269169.3112564 0.0840153694152832
64 1759269169.4357307 0.12436604499816895
65 1759269169.4967415 0.06090259552001953
66 1759269193.8507617 24.353883266448975
67 1759269193.912886 0.06200528144836426
68 1759269193.9758804 0.06286883354187012
69 1759269736.2457364 542.2697398662567
70 1759269736.3677673 0.11351227760314941
71 1759269736.4807158 0.11283016204833984
72 1759269736.7363863 0.2555537223815918
73 1759269736.8208122 0.08429789543151855
74 1759269736.8693855 0.0484316349029541
75 1759269736.9720073 0.10250544548034668
76 1759269738.925938 1.9538156986236572
77 1759269739.0274405 0.10137128829956055
78 1759269739.0771701 0.04956984519958496
79 1759269739.1099038 0.032627105712890625
80 1759269739.1771185 0.06711578369140625
81 1759269739.2429342 0.06565570831298828
82 1759269739.3412697 0.09820985794067383
83 1759269739.4062674 0.06487846374511719
84 1759269741.2765203 1.8701190948486328
85 1759269741.3966582 0.12001466751098633
86 1759269741.7754796 0.37869930267333984
87 1759269742.7237773 0.9481327533721924
88 1759269742.785447 0.061559200286865234
89 1759269742.853893 0.06832003593444824
90 1759269742.9374812 0.08347821235656738
91 1759269743.011844 0.07424092292785645
92 1759269743.1239657 0.11201763153076172
93 1759269743.1948805 0.07078766822814941
94 1759269743.2599478 0.06495904922485352
95 1759269743.3019996 0.04193997383117676
96 1759269743.378217 0.07612419128417969
97 1759269743.452798 0.07449650764465332
98 1759269743.4978054 0.04489398002624512
99 1759269743.589264 0.09134745597839355
100 1759269743.756639 0.1672806739807129
101 1759269743.8784425 0.12169528007507324
102 1759269743.9825296 0.10396623611450195
103 1759269744.0853238 0.10267353057861328
104 1759269744.218471 0.13303852081298828
105 1759269744.2807245 0.06212925910949707
106 1759269744.3587997 0.07796692848205566
107 1759269744.5189662 0.16004252433776855
108 1759269744.6703942 0.15131807327270508
109 1759269744.7114987 0.04099011421203613
110 1759269745.1500025 0.4384002685546875
111 1759269745.2469528 0.0968320369720459
112 1759269745.3315778 0.08450794219970703
113 1759269745.3813264 0.04963421821594238
114 1759269745.489496 0.10807418823242188
115 1759269745.7415385 0.25192761421203613
116 1759269745.7989647 0.057271480560302734
117 1759269745.8877435 0.08867335319519043
118 1759269746.35058 0.46272921562194824
119 1759269746.4887857 0.13808608055114746
120 1759269746.581091 0.09220552444458008
121 1759269746.619621 0.03840446472167969
122 1759269746.6636877 0.04396462440490723
123 1759269746.724485 0.06069779396057129
124 1759269746.8505912 0.12599515914916992
125 1759269749.1483645 2.29764461517334
126 1759269749.240513 0.0919945240020752
127 1759269749.2904594 0.04981565475463867
128 1759269749.3812406 0.09064316749572754
129 1759269749.4392705 0.05790877342224121
130 1759269749.5089297 0.06950616836547852
131 1759269749.5694008 0.06035566329956055
132 1759269749.6169004 0.04740095138549805
133 1759269756.6902566 7.073233127593994
134 1759269756.730562 0.040192365646362305
135 1759269756.7860925 0.05543231964111328
136 1759269756.8413818 0.055159807205200195
137 1759269757.0220876 0.18062067031860352
138 1759269757.1346855 0.11243438720703125
139 1759269757.2016065 0.06678104400634766
140 1759269757.436432 0.23472166061401367
141 1759269757.5246482 0.08807134628295898
142 1759269757.607834 0.08307337760925293
143 1759269757.8403027 0.2323598861694336
144 1759269758.0134811 0.1730670928955078
145 1759269758.1139367 0.10033822059631348
146 1759269758.2101822 0.0961003303527832
147 1759269758.2662933 0.0559992790222168
148 1759269758.341538 0.07514262199401855
149 1759269758.450687 0.10903334617614746
150 1759269758.6962368 0.24547243118286133
151 1759269767.4418592 8.745508670806885
152 1759269767.5054433 0.06346797943115234
153 1759269767.5509963 0.045473575592041016
154 1759269767.6039417 0.05283999443054199
155 1759269767.6678922 0.06384825706481934
156 1759269767.7385938 0.07059931755065918
157 1759269767.806075 0.06737613677978516
158 1759269767.9318104 0.12557482719421387
159 1759269767.966134 0.03420114517211914
160 1759269768.064664 0.09838318824768066
161 1759269768.1606777 0.0959169864654541
162 1759269848.061235 79.90045118331909
163 1759269857.8484497 9.78710150718689
164 1759270252.7979677 394.9493799209595
165 1759270252.858695 0.06059765815734863
166 1759270252.9033127 0.044493913650512695
167 1759270253.0255747 0.12215900421142578
168 1759270253.1274464 0.1017765998840332
169 1759270253.170531 0.042970895767211914
170 1759270253.218569 0.047913551330566406
171 1759270255.904001 2.6852879524230957
172 1759270255.9565604 0.05240941047668457
173 1759270256.03757 0.08089780807495117
174 1759270256.0888999 0.051207542419433594
175 1759270256.4785764 0.3895699977874756
176 1759270256.6316652 0.15296173095703125
177 1759270256.8431938 0.21135973930358887
178 1759270256.8936324 0.050336599349975586
179 1759270256.9683378 0.07461118698120117
180 1759270257.0300465 0.06159210205078125
181 1759270257.174855 0.1446549892425537
182 1759270257.233875 0.058897972106933594
183 1759270257.3015432 0.06755924224853516
184 1759270257.3713937 0.06971240043640137
185 1759270384.8999414 127.52844834327698
186 1759270398.482859 13.582834720611572
187 1759270398.5285 0.04557156562805176
188 1759270398.609518 0.08094477653503418
189 1759270398.7564058 0.14676618576049805
190 1759270398.904735 0.1482219696044922
191 1759270398.9542065 0.04935455322265625
192 1759270399.0803733 0.12606358528137207
193 1759270399.1267216 0.04621624946594238
194 1759270399.1988032 0.07198691368103027
195 1759270399.2901866 0.09131240844726562
196 1759270399.3587184 0.06842708587646484
197 1759270399.4260778 0.06722354888916016
198 1759270399.5072584 0.0810389518737793
199 1759270400.5353222 1.0279457569122314
Total time: 1436.0760650634766
Using Bao: True
python3 baoctl.py --train_mode retrain --dataset stats --repeat 0 --alpha 0.5 --train_query_file workloads/stats/varying_column_queries_200/queries_2_columns/queries_2_columns_plans --train_label_file workloads/stats/varying_column_queries_200/queries_2_columns/queries_2_columns_time.txt --save_folder workloads/stats/varying_column_queries_200/queries_2_columns --predict_query_file workloads/stats/varying_column_queries_200/queries_5_columns/queries_5_columns.sql --predict_label_file workloads/stats/varying_column_queries_200/queries_5_columns/queries_5_columns_time.txt
0 1759270400.86452 0.0857388973236084
1 1759270400.9630337 0.09845924377441406
2 1759270401.0234485 0.060338497161865234
3 1759270401.1755364 0.1520233154296875
4 1759270401.3946629 0.21903014183044434
5 1759270401.4849513 0.09016776084899902
6 1759270401.7807417 0.2956995964050293
7 1759270402.3515422 0.57071852684021
8 1759270402.392863 0.04120230674743652
9 1759270402.4623854 0.06936120986938477
10 1759270447.34312 44.88058042526245
11 1759270447.4026456 0.05935788154602051
12 1759270447.556373 0.15361881256103516
13 1759270447.6275916 0.07111406326293945
14 1759270447.9150221 0.287325382232666
15 1759270448.3266172 0.41150331497192383
16 1759270448.367015 0.04029440879821777
17 1759270448.4380538 0.07094621658325195
18 1759270448.4924388 0.05427718162536621
19 1759270448.5723004 0.0797581672668457
20 1759270448.661414 0.08902335166931152
21 1759270448.8212047 0.15967559814453125
22 1759270500.9541376 52.1328239440918
23 1759270509.617447 8.663134574890137
24 1759270509.7350059 0.117431640625
25 1759270512.29146 2.556330680847168
26 1759270512.4239116 0.13229680061340332
27 1759270512.50686 0.08284616470336914
28 1759270512.5464625 0.03951382637023926
29 1759270512.6354265 0.08889079093933105
30 1759270512.7373714 0.10184454917907715
31 1759270593.4308598 80.69341683387756
32 1759270593.5026374 0.0716562271118164
33 1759270593.6230454 0.12028980255126953
34 1759270593.7058916 0.08268380165100098
35 1759270593.7641973 0.05813097953796387
36 1759270594.237587 0.4732544422149658
37 1759270594.9202826 0.6825788021087646
38 1759270595.0183728 0.09797787666320801
39 1759270595.2049518 0.1864485740661621
40 1759270595.565886 0.36083388328552246
41 1759270595.718557 0.15254473686218262
42 1759270595.7791176 0.060437917709350586
43 1759270595.855499 0.0762186050415039
44 1759270601.4910734 5.6354591846466064
45 1759270601.7302628 0.2390584945678711
46 1759270601.7876298 0.05728721618652344
47 1759270601.8310707 0.04331517219543457
48 1759270601.898874 0.06765246391296387
49 1759270602.0395474 0.1405622959136963
50 1759270602.0890515 0.04938006401062012
51 1759270602.1284988 0.03935813903808594
52 1759270602.1684258 0.039829254150390625
53 1759270602.4117777 0.24323415756225586
54 1759270602.6812284 0.2693626880645752
55 1759270602.7613666 0.08003854751586914
56 1759270602.814424 0.052942752838134766
57 1759270602.8643453 0.049828529357910156
58 1759270602.9687676 0.10431551933288574
59 1759270603.0191965 0.05035543441772461
60 1759270603.137762 0.11847662925720215
61 1759270603.1774585 0.039644718170166016
62 1759270603.278028 0.1004951000213623
63 1759270603.356744 0.07866048812866211
64 1759270603.4545374 0.09771919250488281
65 1759270603.502262 0.04761838912963867
66 1759270629.5195942 26.01726484298706
67 1759270629.576288 0.056581974029541016
68 1759270629.6276746 0.051285743713378906
69 1759271132.599941 502.972119808197
70 1759271132.6990237 0.09896421432495117
71 1759271132.791081 0.09194731712341309
72 1759271133.0353172 0.24410057067871094
73 1759271133.1543534 0.11892127990722656
74 1759271133.1968591 0.042394399642944336
75 1759271133.2878008 0.09084796905517578
76 1759271135.31564 2.0277762413024902
77 1759271135.4187315 0.10296511650085449
78 1759271135.4619658 0.04309988021850586
79 1759271135.4898655 0.027803659439086914
80 1759271135.6160097 0.12606072425842285
81 1759271135.7078507 0.0917656421661377
82 1759271135.7896335 0.08173108100891113
83 1759271135.8586962 0.0689549446105957
84 1759271137.802138 1.9433367252349854
85 1759271137.9282787 0.1259775161743164
86 1759271138.3127515 0.3843657970428467
87 1759271139.3798797 1.067004919052124
88 1759271139.4258256 0.045861244201660156
89 1759271139.4897008 0.06381702423095703
90 1759271139.5642383 0.07448983192443848
91 1759271139.6385193 0.07420015335083008
92 1759271139.7387488 0.10013508796691895
93 1759271139.809337 0.07047200202941895
94 1759271139.8614278 0.051972389221191406
95 1759271139.905568 0.04399251937866211
96 1759271139.9839 0.07821846008300781
97 1759271140.055068 0.07104706764221191
98 1759271140.0961285 0.04090523719787598
99 1759271140.1805034 0.08421015739440918
100 1759271140.3118293 0.1311955451965332
101 1759271140.442747 0.13082432746887207
102 1759271140.600393 0.15752625465393066
103 1759271140.7187672 0.11824297904968262
104 1759271140.861599 0.14271831512451172
105 1759271140.9087107 0.04698610305786133
106 1759271140.9896219 0.08082008361816406
107 1759271141.141255 0.15151619911193848
108 1759271141.2828503 0.1414940357208252
109 1759271141.3257992 0.042832136154174805
110 1759271141.7565997 0.4307074546813965
111 1759271141.890413 0.13371729850769043
112 1759271141.9710896 0.08053708076477051
113 1759271142.0147402 0.043509483337402344
114 1759271142.1125383 0.09770703315734863
115 1759271142.3608258 0.24816322326660156
116 1759271142.4090066 0.04806232452392578
117 1759271142.4873545 0.07825708389282227
118 1759271143.0054295 0.5179638862609863
119 1759271143.1465678 0.1410055160522461
120 1759271143.225716 0.07903838157653809
121 1759271143.2616947 0.03585386276245117
122 1759271143.305089 0.04329371452331543
123 1759271143.35493 0.049718618392944336
124 1759271143.4676225 0.11260032653808594
125 1759271146.035668 2.567927122116089
126 1759271146.1265132 0.0907289981842041
127 1759271146.1687531 0.04210066795349121
128 1759271146.2632692 0.09442591667175293
129 1759271146.3168657 0.0534818172454834
130 1759271146.384775 0.0677950382232666
131 1759271146.4393034 0.05443859100341797
132 1759271146.4766228 0.03722047805786133
133 1759271153.8477764 7.3710386753082275
134 1759271153.8886585 0.04077291488647461
135 1759271153.9418514 0.05309462547302246
136 1759271153.9934216 0.05147099494934082
137 1759271154.2327883 0.23921585083007812
138 1759271154.36001 0.12711834907531738
139 1759271154.4275825 0.06738471984863281
140 1759271154.6680346 0.24033474922180176
141 1759271154.7225983 0.05438518524169922
142 1759271154.793487 0.0707552433013916
143 1759271155.0142875 0.22069716453552246
144 1759271155.1958013 0.18139886856079102
145 1759271155.274078 0.07816648483276367
146 1759271155.393951 0.11975765228271484
147 1759271155.4564412 0.06243324279785156
148 1759271155.5235183 0.06698346138000488
149 1759271155.5886607 0.06500577926635742
150 1759271155.8491304 0.2603731155395508
151 1759271164.339404 8.490160703659058
152 1759271164.389228 0.04973936080932617
153 1759271164.4247575 0.03540992736816406
154 1759271164.4683127 0.04345560073852539
155 1759271164.5188425 0.050440073013305664
156 1759271164.5765111 0.05756211280822754
157 1759271164.6360261 0.059406280517578125
158 1759271164.7567544 0.1206057071685791
159 1759271164.7852528 0.028377056121826172
160 1759271164.8610406 0.07568764686584473
161 1759271164.936843 0.07570123672485352
162 1759271248.8366873 83.89973592758179
163 1759271258.8340216 9.99721074104309
164 1759271644.3947425 385.5605845451355
165 1759271644.444256 0.049382686614990234
166 1759271644.494963 0.050591230392456055
167 1759271644.609846 0.11477828025817871
168 1759271644.7109504 0.10100340843200684
169 1759271644.7529435 0.041934967041015625
170 1759271644.8030834 0.050035953521728516
171 1759271647.4455416 2.6423025131225586
172 1759271647.499933 0.054256439208984375
173 1759271647.5818095 0.08176159858703613
174 1759271647.628987 0.04704117774963379
175 1759271648.002366 0.37326931953430176
176 1759271648.136782 0.13427734375
177 1759271648.3267846 0.18987679481506348
178 1759271648.377316 0.0504307746887207
179 1759271648.4444306 0.06700658798217773
180 1759271648.522987 0.07844948768615723
181 1759271648.669409 0.14630818367004395
182 1759271648.7317574 0.06223130226135254
183 1759271648.7898543 0.057981014251708984
184 1759271648.8886106 0.0986330509185791
185 1759271771.1490984 122.2603611946106
186 1759271785.378219 14.228956699371338
187 1759271785.44001 0.06167745590209961
188 1759271785.49244 0.05233907699584961
189 1759271785.6549773 0.16241073608398438
190 1759271785.789361 0.13427114486694336
191 1759271785.8341756 0.044696807861328125
192 1759271785.9542522 0.1199946403503418
193 1759271785.9983308 0.043966054916381836
194 1759271786.0711255 0.07269287109375
195 1759271786.1659293 0.0946497917175293
196 1759271786.2386947 0.07269668579101562
197 1759271786.3048885 0.06607508659362793
198 1759271786.4604893 0.15550017356872559
199 1759271787.3832266 0.9226429462432861
Total time: 1386.5823431015015
Using Bao: True
python3 baoctl.py --train_mode retrain --dataset stats --repeat 0 --alpha 0.5 --train_query_file workloads/stats/varying_column_queries_200/queries_3_columns/queries_3_columns_plans --train_label_file workloads/stats/varying_column_queries_200/queries_3_columns/queries_3_columns_time.txt --save_folder workloads/stats/varying_column_queries_200/queries_3_columns --predict_query_file workloads/stats/varying_column_queries_200/queries_5_columns/queries_5_columns.sql --predict_label_file workloads/stats/varying_column_queries_200/queries_5_columns/queries_5_columns_time.txt
0 1759271787.7607834 0.09429526329040527
1 1759271787.8404179 0.07953453063964844
2 1759271787.9032102 0.06269145011901855
3 1759271788.0393817 0.13605618476867676
4 1759271788.2913265 0.2518174648284912
5 1759271788.3858852 0.09444546699523926
6 1759271788.6543922 0.26836395263671875
7 1759271789.238911 0.5844013690948486
8 1759271789.2818017 0.04277181625366211
9 1759271789.3563807 0.0744788646697998
10 1759271836.4472215 47.09075856208801
11 1759271836.5078762 0.06053638458251953
12 1759271836.668038 0.16001510620117188
13 1759271836.7411294 0.07291555404663086
14 1759271836.9923694 0.25104761123657227
15 1759271837.4647224 0.47223782539367676
16 1759271837.504774 0.03993415832519531
17 1759271837.578617 0.07378387451171875
18 1759271837.6321025 0.053375959396362305
19 1759271837.7182171 0.08595919609069824
20 1759271837.8356833 0.11736392974853516
21 1759271838.0114167 0.17562437057495117
22 1759271890.761673 52.75009751319885
23 1759271898.9546885 8.192896366119385
24 1759271899.0705135 0.11574840545654297
25 1759271901.5482824 2.477635145187378
26 1759271901.642009 0.09365653991699219
27 1759271901.6863077 0.04418492317199707
28 1759271901.727878 0.04147171974182129
29 1759271901.8114173 0.08344125747680664
30 1759271901.9136071 0.10204887390136719
31 1759271983.8912416 81.9775288105011
32 1759271983.968288 0.07692646980285645
33 1759271984.0799499 0.11153292655944824
34 1759271984.1949358 0.11487531661987305
35 1759271984.3110883 0.11602616310119629
36 1759271984.807403 0.496213436126709
37 1759271985.558271 0.7507462501525879
38 1759271985.6543875 0.09603142738342285
39 1759271985.8315623 0.1770787239074707
40 1759271986.1399555 0.30827951431274414
41 1759271986.3223035 0.1822195053100586
42 1759271986.3819911 0.05957961082458496
43 1759271986.4500506 0.06794238090515137
44 1759271992.1115859 5.661359548568726
45 1759271992.3706005 0.2588691711425781
46 1759271992.431502 0.06075310707092285
47 1759271992.4807706 0.04915118217468262
48 1759271992.5519876 0.07111740112304688
49 1759271992.7092469 0.1571512222290039
50 1759271992.76032 0.05095338821411133
51 1759271992.8061082 0.04569363594055176
52 1759271992.8477917 0.0415186882019043
53 1759271993.1979208 0.3500404357910156
54 1759271993.4371374 0.23912692070007324
55 1759271993.5098393 0.07259035110473633
56 1759271993.5514424 0.041504621505737305
57 1759271993.6027002 0.0511932373046875
58 1759271993.7100499 0.10725164413452148
59 1759271993.7651372 0.05493426322937012
60 1759271993.8899803 0.12474894523620605
61 1759271993.9335752 0.0435328483581543
62 1759271994.0407565 0.10708832740783691
63 1759271994.1329827 0.09212613105773926
64 1759271994.2797115 0.14661955833435059
65 1759271994.327717 0.04788637161254883
66 1759272021.1790113 26.851191520690918
67 1759272021.2368834 0.05774426460266113
68 1759272021.284131 0.04713606834411621
69 1759272557.0757594 535.7914869785309
70 1759272557.195769 0.11140823364257812
71 1759272557.2983284 0.10244274139404297
72 1759272557.5518932 0.25348544120788574
73 1759272557.6374006 0.08538103103637695
74 1759272557.675734 0.03822517395019531
75 1759272557.7791326 0.10330915451049805
76 1759272559.7330132 1.9537076950073242
77 1759272559.8415785 0.10843229293823242
78 1759272559.882496 0.04082131385803223
79 1759272559.9141152 0.03150510787963867
80 1759272559.9687865 0.05453634262084961
81 1759272560.0376904 0.06879663467407227
82 1759272560.1182654 0.0804755687713623
83 1759272560.1815257 0.06316804885864258
84 1759272562.0902162 1.9085900783538818
85 1759272562.2225559 0.13222837448120117
86 1759272562.5433588 0.32067441940307617
87 1759272563.5408814 0.9973878860473633
88 1759272563.6057918 0.06480288505554199
89 1759272563.6763492 0.07044315338134766
90 1759272563.7569704 0.08051824569702148
91 1759272563.8332157 0.07614278793334961
92 1759272563.9394534 0.10611248016357422
93 1759272564.0104887 0.07091450691223145
94 1759272564.0693312 0.05873560905456543
95 1759272564.1185994 0.0491642951965332
96 1759272564.1933522 0.07463550567626953
97 1759272564.2764242 0.08300304412841797
98 1759272564.3165617 0.04002976417541504
99 1759272564.416048 0.09939146041870117
100 1759272564.54821 0.1320047378540039
101 1759272564.6846106 0.1363053321838379
102 1759272564.7815034 0.09679365158081055
103 1759272564.8938053 0.11219596862792969
104 1759272565.021353 0.1274089813232422
105 1759272565.082485 0.06102705001831055
106 1759272565.1595826 0.07699704170227051
107 1759272565.3140197 0.15432119369506836
108 1759272565.4625065 0.1483783721923828
109 1759272565.5041125 0.04150867462158203
110 1759272565.9454029 0.441143274307251
111 1759272566.078861 0.13332533836364746
112 1759272566.1648502 0.08588552474975586
113 1759272566.2103083 0.045356035232543945
114 1759272566.334524 0.1241147518157959
115 1759272566.589128 0.25449466705322266
116 1759272566.6393933 0.050101280212402344
117 1759272566.7157054 0.0762166976928711
118 1759272567.2263365 0.5105671882629395
119 1759272567.351278 0.12486386299133301
120 1759272567.4374323 0.08605647087097168
121 1759272567.477264 0.0397341251373291
122 1759272567.5322104 0.05483126640319824
123 1759272567.585483 0.053176164627075195
124 1759272567.704697 0.11913943290710449
125 1759272570.0993218 2.394533634185791
126 1759272570.196267 0.09684205055236816
127 1759272570.2515469 0.055210113525390625
128 1759272570.3538773 0.10219430923461914
129 1759272570.4160564 0.06207537651062012
130 1759272570.477015 0.06081032752990723
131 1759272570.5467408 0.0696108341217041
132 1759272570.5782754 0.03141522407531738
133 1759272577.5982456 7.019878387451172
134 1759272577.6426482 0.044261932373046875
135 1759272577.6963794 0.05362343788146973
136 1759272577.7566068 0.06013083457946777
137 1759272577.957106 0.2003934383392334
138 1759272578.0685406 0.11131095886230469
139 1759272578.14809 0.0794210433959961
140 1759272578.3922944 0.24407219886779785
141 1759272578.4544194 0.06200671195983887
142 1759272578.5442214 0.08969974517822266
143 1759272578.7498593 0.20552492141723633
144 1759272578.9502513 0.2002701759338379
145 1759272579.0324118 0.08205032348632812
146 1759272579.1453035 0.11278700828552246
147 1759272579.1976824 0.05226778984069824
148 1759272579.2689817 0.07119250297546387
149 1759272579.3549929 0.08588719367980957
150 1759272579.6287398 0.2736220359802246
151 1759272588.5163014 8.887441396713257
152 1759272588.5802188 0.06380295753479004
153 1759272588.6256256 0.04531383514404297
154 1759272588.6757433 0.05000948905944824
155 1759272588.7355473 0.05969429016113281
156 1759272588.7935205 0.05786466598510742
157 1759272588.86529 0.07166075706481934
158 1759272588.9903703 0.12496376037597656
159 1759272589.0267072 0.036219120025634766
160 1759272589.1102877 0.08348321914672852
161 1759272589.202835 0.09243631362915039
162 1759272664.9965084 75.79356169700623
163 1759272674.1604605 9.163823366165161
164 1759273058.5226657 384.36210465431213
165 1759273058.585881 0.06309175491333008
166 1759273058.6297781 0.04377293586730957
167 1759273058.7643614 0.13443446159362793
168 1759273058.8644245 0.09995579719543457
169 1759273058.9081924 0.04361224174499512
170 1759273058.9678502 0.05955767631530762
171 1759273061.5116553 2.5436503887176514
172 1759273061.5722394 0.06043863296508789
173 1759273061.6503904 0.07805275917053223
174 1759273061.7034938 0.05298662185668945
175 1759273062.0688763 0.36525392532348633
176 1759273062.22651 0.15749645233154297
177 1759273062.4145176 0.18787789344787598
178 1759273062.4739332 0.059259891510009766
179 1759273062.5539544 0.07991361618041992
180 1759273062.6298337 0.07576441764831543
181 1759273062.7892694 0.15930891036987305
182 1759273062.858034 0.06864786148071289
183 1759273062.9205217 0.06238436698913574
184 1759273063.0013983 0.08075642585754395
185 1759273186.5102115 123.50869226455688
186 1759273199.7929788 13.282650232315063
187 1759273199.8445177 0.051409244537353516
188 1759273199.9116604 0.06705713272094727
189 1759273200.0885425 0.17678260803222656
190 1759273200.2379735 0.1493213176727295
191 1759273200.287704 0.04961967468261719
192 1759273200.417755 0.12994122505187988
193 1759273200.4618871 0.044029951095581055
194 1759273200.5342393 0.07224369049072266
195 1759273200.631597 0.0972597599029541
196 1759273200.7018375 0.0701303482055664
197 1759273200.765291 0.06336545944213867
198 1759273200.8500633 0.08068418502807617
199 1759273201.659712 0.8095064163208008
Total time: 1413.9581389427185
Using Bao: True
python3 baoctl.py --train_mode retrain --dataset stats --repeat 0 --alpha 0.5 --train_query_file workloads/stats/varying_column_queries_200/queries_4_columns/queries_4_columns_plans --train_label_file workloads/stats/varying_column_queries_200/queries_4_columns/queries_4_columns_time.txt --save_folder workloads/stats/varying_column_queries_200/queries_4_columns --predict_query_file workloads/stats/varying_column_queries_200/queries_5_columns/queries_5_columns.sql --predict_label_file workloads/stats/varying_column_queries_200/queries_5_columns/queries_5_columns_time.txt
0 1759273202.0229185 0.09994173049926758
1 1759273202.1040485 0.08107924461364746
2 1759273202.1665175 0.062375783920288086
3 1759273202.301255 0.13464713096618652
4 1759273202.5331335 0.2317647933959961
5 1759273202.6238143 0.09053158760070801
6 1759273202.8805695 0.2566533088684082
7 1759273203.3766453 0.49597859382629395
8 1759273203.4202905 0.04352855682373047
9 1759273203.4968543 0.07647085189819336
10 1759273246.699489 43.2025101184845
11 1759273246.7645688 0.06496596336364746
12 1759273246.9225538 0.1578676700592041
13 1759273247.0070114 0.08433294296264648
14 1759273247.2479904 0.24087262153625488
15 1759273247.6503496 0.4022355079650879
16 1759273247.6932247 0.04275155067443848
17 1759273247.768729 0.07539701461791992
18 1759273247.8339095 0.06507301330566406
19 1759273247.9226224 0.0886223316192627
20 1759273248.040762 0.11802458763122559
21 1759273248.2202697 0.17939376831054688
22 1759273298.783869 50.563488245010376
23 1759273307.11051 8.326507806777954
24 1759273307.2241192 0.11347770690917969
25 1759273309.5933964 2.369112968444824
26 1759273309.699902 0.1063539981842041
27 1759273309.7501955 0.050138235092163086
28 1759273309.8020928 0.05178260803222656
29 1759273309.8993683 0.09711599349975586
30 1759273310.0317156 0.1322484016418457
31 1759273389.7971373 79.76531028747559
32 1759273389.8749127 0.07761454582214355
33 1759273389.9859736 0.11095476150512695
34 1759273390.0798213 0.0937800407409668
35 1759273390.1336455 0.05372166633605957
36 1759273390.5777624 0.44402551651000977
37 1759273391.297035 0.719151496887207
38 1759273391.3953402 0.09811949729919434
39 1759273391.583851 0.18839001655578613
40 1759273391.8819253 0.29796552658081055
41 1759273392.0668867 0.18483829498291016
42 1759273392.133787 0.0667879581451416
43 1759273392.2110314 0.07712483406066895
44 1759273397.9186962 5.707556962966919
45 1759273398.1867812 0.26795411109924316
46 1759273398.249963 0.0630643367767334
47 1759273398.2988489 0.048779964447021484
48 1759273398.3693297 0.07037854194641113
49 1759273398.5139954 0.14456439018249512
50 1759273398.5655782 0.05146503448486328
51 1759273398.6105347 0.0448460578918457
52 1759273398.6537607 0.043112993240356445
53 1759273398.9056761 0.25182080268859863
54 1759273399.1406283 0.2348310947418213
55 1759273399.2076511 0.06688618659973145
56 1759273399.2589748 0.05121421813964844
57 1759273399.305745 0.04666924476623535
58 1759273399.4253244 0.11947488784790039
59 1759273399.4799745 0.054537296295166016
60 1759273399.598594 0.11850380897521973
61 1759273399.636788 0.03808403015136719
62 1759273399.7416015 0.10470724105834961
63 1759273399.8235223 0.08181142807006836
64 1759273399.9238868 0.10024189949035645
65 1759273399.9847465 0.06073307991027832
66 1759273425.2565963 25.271727800369263
67 1759273425.3250735 0.0683445930480957
68 1759273425.374491 0.04926943778991699
69 1759273912.2015073 486.8268961906433
70 1759273912.307359 0.10571527481079102
71 1759273912.4160008 0.10852169990539551
72 1759273912.6641364 0.24802231788635254
73 1759273912.7541933 0.0899040699005127
74 1759273912.7933664 0.03905773162841797
75 1759273912.8969595 0.1034848690032959
76 1759273914.7706678 1.8736050128936768
77 1759273914.8859656 0.11516785621643066
78 1759273914.9274428 0.041351318359375
79 1759273914.9540126 0.026462078094482422
80 1759273915.0159104 0.06179189682006836
81 1759273915.3458583 0.2897775173187256
82 1759273915.4345994 0.08864641189575195
83 1759273915.4996364 0.06490969657897949
84 1759273917.4313853 1.931628942489624
85 1759273917.567286 0.13576102256774902
86 1759273917.8837142 0.31632065773010254
87 1759273918.9253614 1.0415246486663818
88 1759273918.9748974 0.04941534996032715
89 1759273919.0487292 0.07372665405273438
90 1759273919.1249955 0.07616543769836426
91 1759273919.2186818 0.09357476234436035
92 1759273919.316244 0.09745621681213379
93 1759273919.399898 0.0835416316986084
94 1759273919.463892 0.06388974189758301
95 1759273919.5062253 0.04223275184631348
96 1759273919.5809886 0.07467246055603027
97 1759273919.6563554 0.07525825500488281
98 1759273919.702704 0.04622697830200195
99 1759273919.7946115 0.09180903434753418
100 1759273919.921326 0.12664413452148438
101 1759273920.0612946 0.13985681533813477
102 1759273920.1655767 0.10418105125427246
103 1759273920.306258 0.14055562019348145
104 1759273920.4563684 0.1500098705291748
105 1759273920.5073113 0.05083155632019043
106 1759273920.5872064 0.07973623275756836
107 1759273920.7336552 0.14635014533996582
108 1759273920.8715477 0.1377882957458496
109 1759273920.913227 0.0415501594543457
110 1759273921.3059573 0.3926229476928711
111 1759273921.4155316 0.10944461822509766
112 1759273921.4993308 0.08367204666137695
113 1759273921.5555944 0.056157827377319336
114 1759273921.6508124 0.09510159492492676
115 1759273921.8914883 0.24053716659545898
116 1759273921.944245 0.05262303352355957
117 1759273922.020139 0.07580018043518066
118 1759273922.5205512 0.5002412796020508
119 1759273922.6380682 0.11738705635070801
120 1759273922.7233553 0.08513617515563965
121 1759273922.768676 0.04522418975830078
122 1759273922.8239975 0.055225372314453125
123 1759273922.8700476 0.04595804214477539
124 1759273922.9884524 0.11835527420043945
125 1759273925.2419624 2.253413438796997
126 1759273925.3412304 0.09915471076965332
127 1759273925.3803144 0.03896689414978027
128 1759273925.4842472 0.10383439064025879
129 1759273925.5302753 0.045925140380859375
130 1759273925.6128893 0.08252358436584473
131 1759273925.6625159 0.049513816833496094
132 1759273925.7189379 0.05633354187011719
133 1759273932.6072605 6.888221979141235
134 1759273932.6527026 0.04533815383911133
135 1759273932.7087448 0.05594229698181152
136 1759273932.763297 0.054445505142211914
137 1759273932.9537435 0.19034647941589355
138 1759273933.0579536 0.10413527488708496
139 1759273933.1229398 0.06487488746643066
140 1759273933.359994 0.2369518280029297
141 1759273933.42112 0.061006784439086914
142 1759273933.50229 0.08102154731750488
143 1759273933.709035 0.20661640167236328
144 1759273933.9009333 0.19170570373535156
145 1759273933.9923375 0.09129548072814941
146 1759273934.0980086 0.10556793212890625
147 1759273934.148535 0.05041646957397461
148 1759273934.223111 0.07446694374084473
149 1759273934.2847357 0.06146693229675293
150 1759273934.5408547 0.2560238838195801
151 1759273942.900786 8.359811067581177
152 1759273942.9623644 0.061457157135009766
153 1759273943.0028973 0.04040813446044922
154 1759273943.0541873 0.051187992095947266
155 1759273943.1123762 0.058089256286621094
156 1759273943.1775928 0.06511211395263672
157 1759273943.2416732 0.06396365165710449
158 1759273943.3877246 0.1459362506866455
159 1759273943.421726 0.033878326416015625
160 1759273943.507738 0.08590316772460938
161 1759273943.5902433 0.08240795135498047
162 1759274018.9961271 75.40577101707458
163 1759274028.2299318 9.233647108078003
164 1759274408.3781176 380.1480441093445
165 1759274408.4374843 0.05920219421386719
166 1759274408.4915268 0.053930044174194336
167 1759274408.6102674 0.11862325668334961
168 1759274408.7129102 0.10254931449890137
169 1759274408.7552176 0.04219365119934082
170 1759274408.8062282 0.05091524124145508
171 1759274411.3310316 2.524707794189453
172 1759274411.396999 0.06572246551513672
173 1759274411.4843035 0.08719158172607422
174 1759274411.537262 0.05284237861633301
175 1759274411.8836327 0.3462715148925781
176 1759274412.0267384 0.14304423332214355
177 1759274412.2180574 0.19119691848754883
178 1759274412.2774944 0.05925440788269043
179 1759274412.3452325 0.06766772270202637
180 1759274412.415461 0.07008504867553711
181 1759274412.5555077 0.13992738723754883
182 1759274412.6148674 0.059212446212768555
183 1759274412.672908 0.05793285369873047
184 1759274412.759174 0.08613991737365723
185 1759274539.0413024 126.28203678131104
186 1759274552.4543765 13.412959814071655
187 1759274552.511129 0.056621551513671875
188 1759274552.5722697 0.060980796813964844
189 1759274552.7159157 0.14351820945739746
190 1759274552.8594651 0.14342164993286133
191 1759274552.9067988 0.04719090461730957
192 1759274553.0347364 0.1278362274169922
193 1759274553.0785577 0.04368877410888672
194 1759274553.1620674 0.08339929580688477
195 1759274553.280998 0.11874699592590332
196 1759274553.3492932 0.06818628311157227
197 1759274553.4190848 0.0696570873260498
198 1759274553.5012 0.08195209503173828
199 1759274554.1848774 0.6835463047027588
Total time: 1352.1985981464386
Using Bao: True
python3 baoctl.py --train_mode retrain --dataset stats --repeat 0 --alpha 0.5 --train_query_file workloads/stats/varying_column_queries_200/queries_5_columns/queries_5_columns_plans --train_label_file workloads/stats/varying_column_queries_200/queries_5_columns/queries_5_columns_time.txt --save_folder workloads/stats/varying_column_queries_200/queries_5_columns --predict_query_file workloads/stats/varying_column_queries_200/queries_5_columns/queries_5_columns.sql --predict_label_file workloads/stats/varying_column_queries_200/queries_5_columns/queries_5_columns_time.txt
0 1759274554.5565794 0.08867383003234863
1 1759274554.6337976 0.07712173461914062
2 1759274554.7213871 0.08748745918273926
3 1759274554.8563623 0.13491201400756836
4 1759274555.075258 0.21877002716064453
5 1759274555.1745763 0.09920692443847656
6 1759274555.427269 0.2525644302368164
7 1759274555.9362283 0.5088694095611572
8 1759274555.978056 0.04170417785644531
9 1759274556.0482316 0.07001161575317383
10 1759274598.9702282 42.921886682510376
11 1759274599.0505574 0.08020329475402832
12 1759274599.209217 0.1585376262664795
13 1759274599.2970912 0.08776092529296875
14 1759274599.5337129 0.23645281791687012
15 1759274599.926847 0.3930177688598633
16 1759274599.9702663 0.04323124885559082
17 1759274600.0487776 0.07841014862060547
18 1759274600.1095967 0.06071138381958008
19 1759274600.208997 0.09930729866027832
20 1759274600.3226697 0.11355090141296387
21 1759274600.5280957 0.20531129837036133
22 1759274654.250372 53.722102642059326
23 1759274662.449498 8.199034214019775
24 1759274662.568029 0.11837625503540039
25 1759274665.085909 2.5177972316741943
26 1759274665.190117 0.10408353805541992
27 1759274665.245445 0.05522894859313965
28 1759274665.2912905 0.04572892189025879
29 1759274665.3835804 0.09218573570251465
30 1759274665.5026958 0.11897802352905273
31 1759274750.6222866 85.11946773529053
32 1759274750.6958077 0.07340097427368164
33 1759274750.806108 0.11017870903015137
34 1759274750.9021852 0.09588932991027832
35 1759274750.9601593 0.05785393714904785
36 1759274751.4223616 0.4620790481567383
37 1759274752.182804 0.7603182792663574
38 1759274752.281453 0.09851455688476562
39 1759274752.5087614 0.22717595100402832
40 1759274752.828901 0.32001638412475586
41 1759274753.0059817 0.17696142196655273
42 1759274753.075303 0.06920599937438965
43 1759274753.1449692 0.06955289840698242
44 1759274758.7133412 5.568263053894043
45 1759274758.988309 0.2748301029205322
46 1759274759.0612905 0.07287216186523438
47 1759274759.118516 0.057128190994262695
48 1759274759.2016416 0.08301639556884766
49 1759274759.3563113 0.15456271171569824
50 1759274759.4111288 0.05469918251037598
51 1759274759.46111 0.04986691474914551
52 1759274759.5144348 0.053177595138549805
53 1759274759.7974765 0.2829411029815674
54 1759274760.0449727 0.24736714363098145
55 1759274760.1274436 0.08232927322387695
56 1759274760.171278 0.04373884201049805
57 1759274760.2280462 0.05668020248413086
58 1759274760.3389118 0.11076545715332031
59 1759274760.3989906 0.059960365295410156
60 1759274760.5330977 0.1340022087097168
61 1759274760.5748782 0.04161643981933594
62 1759274760.6920059 0.11702513694763184
63 1759274760.7878687 0.09574651718139648
64 1759274760.905894 0.11791706085205078
65 1759274760.9599123 0.053907155990600586
66 1759274785.9823732 25.02233624458313
67 1759274786.051693 0.0691995620727539
68 1759274786.1097794 0.057967424392700195
69 1759275282.0622554 495.95236372947693
70 1759275282.225736 0.15330123901367188
71 1759275282.341235 0.11536169052124023
72 1759275282.6014388 0.260073184967041
73 1759275282.688364 0.08672833442687988
74 1759275282.7365968 0.048108577728271484
75 1759275282.844462 0.10775494575500488
76 1759275284.8356485 1.9910736083984375
77 1759275284.9466531 0.11084628105163574
78 1759275284.9903479 0.04357552528381348
79 1759275285.0203595 0.02989649772644043
80 1759275285.0749373 0.05445218086242676
81 1759275285.142871 0.06778526306152344
82 1759275285.238008 0.09504318237304688
83 1759275285.3132784 0.07517075538635254
84 1759275287.2528121 1.9394278526306152
85 1759275287.3767827 0.1238250732421875
86 1759275287.7028527 0.32598209381103516
87 1759275288.6476986 0.9447064399719238
88 1759275288.7118893 0.0640726089477539
89 1759275288.7812276 0.069244384765625
90 1759275288.8620389 0.08073663711547852
91 1759275288.939628 0.0774993896484375
92 1759275289.0497603 0.11002826690673828
93 1759275289.1289418 0.07909011840820312
94 1759275289.1888978 0.0598602294921875
95 1759275289.2313144 0.04233551025390625
96 1759275289.3122137 0.08080220222473145
97 1759275289.3830879 0.07078385353088379
98 1759275289.4240718 0.04088234901428223
99 1759275289.5254426 0.10123109817504883
100 1759275289.66108 0.13550949096679688
101 1759275289.8062925 0.1450657844543457
102 1759275289.9027102 0.09631085395812988
103 1759275290.0442152 0.14139366149902344
104 1759275290.1700778 0.12575626373291016
105 1759275290.2303832 0.060152292251586914
106 1759275290.2983263 0.06787729263305664
107 1759275290.4975188 0.19909310340881348
108 1759275290.6135943 0.1159522533416748
109 1759275290.6620064 0.048299312591552734
110 1759275291.0396662 0.3775784969329834
111 1759275291.1510215 0.11123967170715332
112 1759275291.236581 0.08544039726257324
113 1759275291.293597 0.05692267417907715
114 1759275291.3938935 0.10022139549255371
115 1759275291.64045 0.2464463710784912
116 1759275291.697428 0.05685162544250488
117 1759275291.7872543 0.0897226333618164
118 1759275292.2443511 0.4570310115814209
119 1759275292.4016252 0.15717101097106934
120 1759275292.5017283 0.10000467300415039
121 1759275292.5485685 0.04673480987548828
122 1759275292.595555 0.046898841857910156
123 1759275292.6534142 0.05776619911193848
124 1759275292.765758 0.11226749420166016
125 1759275295.2272606 2.4613876342773438
126 1759275295.3186798 0.09129786491394043
127 1759275295.372243 0.05346870422363281
128 1759275295.4606147 0.08829569816589355
129 1759275295.5212817 0.06056928634643555
130 1759275295.6047351 0.08339047431945801
131 1759275295.6719866 0.06715774536132812
132 1759275295.7104583 0.03839564323425293
133 1759275302.7147028 7.004149436950684
134 1759275302.766478 0.051650047302246094
135 1759275302.8282194 0.061637163162231445
136 1759275302.8852916 0.05700564384460449
137 1759275303.0853624 0.19997429847717285
138 1759275303.1888988 0.10346055030822754
139 1759275303.2585049 0.06946539878845215
140 1759275303.4847753 0.22614455223083496
141 1759275303.5508676 0.06598186492919922
142 1759275303.62199 0.07104301452636719
143 1759275303.84625 0.22414493560791016
144 1759275304.0257561 0.17937779426574707
145 1759275304.1278489 0.10198664665222168
146 1759275304.2252846 0.09732174873352051
147 1759275304.2777488 0.052350521087646484
148 1759275304.3431382 0.06530952453613281
149 1759275304.408028 0.06475949287414551
150 1759275304.6503096 0.24220633506774902
151 1759275313.3222227 8.671809196472168
152 1759275313.3847995 0.0624539852142334
153 1759275313.4317315 0.046823740005493164
154 1759275313.4858773 0.054071664810180664
155 1759275313.5493724 0.06342601776123047
156 1759275313.6186166 0.06912922859191895
157 1759275313.6949065 0.07617878913879395
158 1759275313.8182926 0.1232752799987793
159 1759275313.8524954 0.03412961959838867
160 1759275313.9427636 0.09014177322387695
161 1759275314.0349686 0.09209871292114258
162 1759275391.6750872 77.63999652862549
163 1759275400.7613666 9.086112976074219
164 1759275786.8956337 386.1341302394867
165 1759275786.9506943 0.0549168586730957
166 1759275786.9907415 0.03993964195251465
167 1759275787.1389878 0.14814233779907227
168 1759275787.2344337 0.09535574913024902
169 1759275787.2832975 0.0487360954284668
170 1759275787.3435621 0.060196638107299805
171 1759275789.874639 2.530952215194702
172 1759275789.9314609 0.05670976638793945
173 1759275790.0129628 0.08138346672058105
174 1759275790.061691 0.04861855506896973
175 1759275790.4021883 0.340364933013916
176 1759275790.543421 0.14111113548278809
177 1759275790.7406676 0.19713735580444336
178 1759275790.7943938 0.053619384765625
179 1759275790.864104 0.06965208053588867
180 1759275790.9257405 0.0615077018737793
181 1759275791.1150997 0.18922924995422363
182 1759275791.1828656 0.06759190559387207
183 1759275791.24691 0.06393146514892578
184 1759275791.3156445 0.06868124008178711
185 1759275913.4953125 122.17955160140991
186 1759275926.7731085 13.27768325805664
187 1759275926.8259711 0.05266833305358887
188 1759275926.8836732 0.05759000778198242
189 1759275927.0319211 0.14813733100891113
190 1759275927.177759 0.14571452140808105
191 1759275927.237845 0.05995774269104004
192 1759275927.3638926 0.12593913078308105
193 1759275927.4155843 0.05156207084655762
194 1759275927.4893887 0.07371330261230469
195 1759275927.5842981 0.09479904174804688
196 1759275927.6550562 0.07066798210144043
197 1759275927.7135675 0.05843520164489746
198 1759275927.7944765 0.08079171180725098
199 1759275928.5967426 0.8021998405456543
Total time: 1374.0963995456696
Using Bao: True
python3 baoctl.py --train_mode retrain --dataset stats --repeat 0 --alpha 0.5 --train_query_file workloads/stats/varying_column_queries_200/queries_6_columns/queries_6_columns_plans --train_label_file workloads/stats/varying_column_queries_200/queries_6_columns/queries_6_columns_time.txt --save_folder workloads/stats/varying_column_queries_200/queries_6_columns --predict_query_file workloads/stats/varying_column_queries_200/queries_5_columns/queries_5_columns.sql --predict_label_file workloads/stats/varying_column_queries_200/queries_5_columns/queries_5_columns_time.txt
0 1759275928.9657862 0.09571981430053711
1 1759275929.044987 0.07909536361694336
2 1759275929.1093893 0.06429910659790039
3 1759275929.2354374 0.12597417831420898
4 1759275929.4680593 0.23245954513549805
5 1759275929.5668533 0.09862351417541504
6 1759275929.8656678 0.2986633777618408
7 1759275930.3446093 0.47879600524902344
8 1759275930.3857028 0.04094982147216797
9 1759275930.451692 0.06584572792053223
10 1759275973.592251 43.14042520523071
11 1759275973.6521397 0.05975961685180664
12 1759275973.8166237 0.16435551643371582
13 1759275973.8992176 0.08246445655822754
14 1759275974.1912136 0.29181814193725586
15 1759275974.557011 0.3656799793243408
16 1759275974.6002078 0.04307246208190918
17 1759275974.672242 0.07191944122314453
18 1759275974.7267992 0.0544435977935791
19 1759275974.8114629 0.08456015586853027
20 1759275974.8976324 0.08604788780212402
21 1759275975.0768373 0.17910051345825195
22 1759276025.3473408 50.27038598060608
23 1759276033.2524312 7.905009984970093
24 1759276033.3713226 0.11874914169311523
25 1759276035.658216 2.286776304244995
26 1759276035.7603204 0.10197949409484863
27 1759276035.805749 0.045313358306884766
28 1759276035.8552668 0.04940605163574219
29 1759276035.9384947 0.08313155174255371
30 1759276036.0573182 0.11872291564941406
31 1759276122.6188045 86.56137442588806
32 1759276122.7063181 0.08740901947021484
33 1759276122.8060014 0.09956955909729004
34 1759276122.9105632 0.10445857048034668
35 1759276122.968492 0.057822465896606445
36 1759276123.4416635 0.4730679988861084
37 1759276124.2258575 0.7840652465820312
38 1759276124.3136764 0.0877082347869873
39 1759276124.5082238 0.19446086883544922
40 1759276124.8187652 0.3104379177093506
41 1759276124.9873636 0.1684882640838623
42 1759276125.0572944 0.06985759735107422
43 1759276125.12492 0.06752753257751465
44 1759276130.5465732 5.42154598236084
45 1759276130.8616085 0.31488800048828125
46 1759276130.921742 0.06003713607788086
47 1759276130.9786189 0.05676865577697754
48 1759276131.0584834 0.07976007461547852
49 1759276131.1976388 0.13904714584350586
50 1759276131.2493484 0.05161476135253906
51 1759276131.2898004 0.04035067558288574
52 1759276131.3416767 0.051828622817993164
53 1759276131.5857759 0.2439885139465332
54 1759276131.8304887 0.24461722373962402
55 1759276131.8973773 0.06676435470581055
56 1759276131.949203 0.05164527893066406
57 1759276132.005434 0.05612301826477051
58 1759276132.1300848 0.12453603744506836
59 1759276132.1822598 0.051988840103149414
60 1759276132.3212101 0.1388530731201172
61 1759276132.3644407 0.04311180114746094
62 1759276132.4695702 0.10502099990844727
63 1759276132.5558474 0.08615994453430176
64 1759276132.6540682 0.09810113906860352
65 1759276132.713119 0.05889153480529785
66 1759276157.0188224 24.305537939071655
67 1759276157.0891223 0.07017993927001953
68 1759276157.137979 0.0487208366394043
69 1759276670.564682 513.4265923500061
70 1759276670.7187555 0.15395855903625488
71 1759276671.0238664 0.3049955368041992
72 1759276671.3192284 0.29523539543151855
73 1759276671.4119947 0.09264802932739258
74 1759276671.4578073 0.045694589614868164
75 1759276671.5825403 0.12461447715759277
76 1759276673.8329957 2.2503342628479004
77 1759276673.9337664 0.10065674781799316
78 1759276673.9858284 0.05194711685180664
79 1759276674.0185702 0.03264188766479492
80 1759276674.0870912 0.06842207908630371
81 1759276674.1487837 0.061525821685791016
82 1759276674.2560132 0.10712051391601562
83 1759276674.315089 0.05895495414733887
84 1759276676.2402906 1.9250602722167969
85 1759276676.380969 0.14054632186889648
86 1759276676.7246568 0.34362006187438965
87 1759276677.6933863 0.9686064720153809
88 1759276677.756388 0.06289482116699219
89 1759276677.8216698 0.06516098976135254
90 1759276677.9017904 0.08001255989074707
91 1759276677.9868164 0.08490610122680664
92 1759276678.0989013 0.11197257041931152
93 1759276678.1740243 0.07499861717224121
94 1759276678.2391033 0.06496572494506836
95 1759276678.2854266 0.046164512634277344
96 1759276678.3569953 0.07145929336547852
97 1759276678.423102 0.06598758697509766
98 1759276678.4719 0.048636674880981445
99 1759276678.5549378 0.08291363716125488
100 1759276678.7236228 0.16858410835266113
101 1759276678.8445628 0.12080717086791992
102 1759276678.9380498 0.09338116645812988
103 1759276679.0785222 0.14033150672912598
104 1759276679.19934 0.12067413330078125
105 1759276679.26158 0.062140464782714844
106 1759276679.3397474 0.07802319526672363
107 1759276679.4944963 0.15463590621948242
108 1759276679.6422293 0.14762592315673828
109 1759276679.6848364 0.04246807098388672
110 1759276680.1310108 0.4460611343383789
111 1759276680.2238479 0.09269571304321289
112 1759276680.3309708 0.10701227188110352
113 1759276680.3762004 0.045079708099365234
114 1759276680.5439255 0.16762399673461914
115 1759276680.7856858 0.2416238784790039
116 1759276680.8435764 0.05780649185180664
117 1759276680.9197671 0.0760338306427002
118 1759276681.5578513 0.6379692554473877
119 1759276681.6885664 0.13059735298156738
120 1759276681.772608 0.08390021324157715
121 1759276681.817845 0.045133352279663086
122 1759276681.8633401 0.04536724090576172
123 1759276681.922286 0.058846473693847656
124 1759276682.0473073 0.12491798400878906
125 1759276684.3569124 2.309492588043213
126 1759276684.4582636 0.10123848915100098
127 1759276684.504702 0.046308040618896484
128 1759276684.6112561 0.10645055770874023
129 1759276684.6718743 0.060526371002197266
130 1759276684.7802532 0.10827350616455078
131 1759276684.8390608 0.05869913101196289
132 1759276684.87914 0.039949893951416016
133 1759276691.8012486 6.921985864639282
134 1759276691.8467677 0.0454106330871582
135 1759276691.9039083 0.056984901428222656
136 1759276691.955782 0.05176544189453125
137 1759276692.147272 0.19137978553771973
138 1759276692.2489686 0.10158610343933105
139 1759276692.3185425 0.06945061683654785
140 1759276692.555131 0.23643827438354492
141 1759276692.6132658 0.0579376220703125
142 1759276692.6858726 0.07250547409057617
143 1759276692.9110534 0.22505497932434082
144 1759276693.0800533 0.1688079833984375
145 1759276693.1628187 0.08259463310241699
146 1759276693.2559264 0.09300684928894043
147 1759276693.3038523 0.04781937599182129
148 1759276693.3718235 0.06788420677185059
149 1759276693.4477108 0.07576537132263184
150 1759276693.7121224 0.2643146514892578
151 1759276702.740642 9.028343915939331
152 1759276702.7942443 0.053404808044433594
153 1759276702.8404217 0.04607534408569336
154 1759276702.89112 0.05058884620666504
155 1759276702.9494476 0.05820107460021973
156 1759276703.0130813 0.06352782249450684
157 1759276703.082538 0.06931138038635254
158 1759276703.2467034 0.1640467643737793
159 1759276703.2820313 0.03520679473876953
160 1759276703.361513 0.07937049865722656
161 1759276703.4454699 0.08383369445800781
162 1759276782.4857469 79.04014801979065
163 1759276791.701068 9.215201616287231
164 1759277184.263589 392.56232380867004
165 1759277184.3312125 0.05729317665100098
166 1759277184.4112327 0.07995843887329102
167 1759277184.5219624 0.11069250106811523
168 1759277184.6198063 0.0977790355682373
169 1759277184.6607473 0.04084372520446777
170 1759277184.7214386 0.060637712478637695
171 1759277187.4460728 2.7245371341705322
172 1759277187.4988053 0.05266833305358887
173 1759277187.576424 0.07755661010742188
174 1759277187.6204839 0.04391980171203613
175 1759277188.0359921 0.4154059886932373
176 1759277188.210823 0.17471814155578613
177 1759277188.3970258 0.18607163429260254
178 1759277188.4458792 0.04875469207763672
179 1759277188.5081103 0.06211972236633301
180 1759277188.5693693 0.061105966567993164
181 1759277188.701378 0.1318981647491455
182 1759277188.7603235 0.058829545974731445
183 1759277188.8157563 0.05533623695373535
184 1759277188.8879683 0.07210206985473633
185 1759277314.7914968 125.90342712402344
186 1759277329.1792924 14.38766074180603
187 1759277329.2241318 0.0447695255279541
188 1759277329.280358 0.05606818199157715
189 1759277329.4304323 0.14995098114013672
190 1759277329.5845776 0.15401172637939453
191 1759277329.6327865 0.04809141159057617
192 1759277329.8982434 0.2653491497039795
193 1759277329.9428716 0.04452824592590332
194 1759277330.0126662 0.06972670555114746
195 1759277330.1054788 0.09274840354919434
196 1759277330.1715117 0.06592440605163574
197 1759277330.2355728 0.06398344039916992
198 1759277330.358086 0.12241864204406738
199 1759277331.2010407 0.8428044319152832
Total time: 1402.297374010086
Using Bao: True
python3 baoctl.py --train_mode retrain --dataset stats --repeat 0 --alpha 0.5 --train_query_file workloads/stats/varying_column_queries_200/queries_7_columns/queries_7_columns_plans --train_label_file workloads/stats/varying_column_queries_200/queries_7_columns/queries_7_columns_time.txt --save_folder workloads/stats/varying_column_queries_200/queries_7_columns --predict_query_file workloads/stats/varying_column_queries_200/queries_5_columns/queries_5_columns.sql --predict_label_file workloads/stats/varying_column_queries_200/queries_5_columns/queries_5_columns_time.txt
0 1759277334.1014605 0.12443971633911133
1 1759277334.1784291 0.07686543464660645
2 1759277334.2372622 0.05868649482727051
3 1759277334.364868 0.12752032279968262
4 1759277334.604483 0.23947429656982422
5 1759277334.6982532 0.09365248680114746
6 1759277334.9584618 0.2600884437561035
7 1759277335.5556655 0.5970766544342041
8 1759277335.5967765 0.04098677635192871
9 1759277335.6686115 0.07172894477844238
10 1759277382.643422 46.97470426559448
11 1759277382.7050602 0.0615541934967041
12 1759277382.8482873 0.14313054084777832
13 1759277382.9211373 0.07273983955383301
14 1759277383.1504977 0.2292008399963379
15 1759277383.5222332 0.37163233757019043
16 1759277383.5982733 0.07592988014221191
17 1759277383.70721 0.10884261131286621
18 1759277383.7643275 0.05701637268066406
19 1759277383.8473291 0.08291077613830566
20 1759277383.9390192 0.09159040451049805
21 1759277384.1052117 0.1660757064819336
22 1759277438.4866414 54.38131761550903
23 1759277446.9203148 8.433530807495117
24 1759277447.0295982 0.1092064380645752
25 1759277449.5752606 2.545537233352661
26 1759277449.6659677 0.09062814712524414
27 1759277449.7111955 0.04511547088623047
28 1759277449.750057 0.038768768310546875
29 1759277449.8323832 0.08226680755615234
30 1759277449.9378922 0.10541677474975586
31 1759277538.5922883 88.65433526039124
32 1759277538.6724954 0.08012843132019043
33 1759277538.7927897 0.12017107009887695
34 1759277538.8874984 0.094573974609375
35 1759277538.9463298 0.058695316314697266
36 1759277539.437631 0.4911994934082031
37 1759277540.205036 0.7672996520996094
38 1759277540.293535 0.08831620216369629
39 1759277540.5252283 0.23156976699829102
40 1759277540.9139009 0.38855886459350586
41 1759277541.0832746 0.16925454139709473
42 1759277541.1607985 0.07745027542114258
43 1759277541.2319834 0.07108163833618164
44 1759277547.1881125 5.9560112953186035
45 1759277547.4382045 0.2498795986175537
46 1759277547.4968557 0.058539628982543945
47 1759277547.547122 0.050154685974121094
48 1759277547.6273549 0.08007693290710449
49 1759277547.7809443 0.1534736156463623
50 1759277547.8462994 0.06524968147277832
51 1759277547.8877056 0.041301727294921875
52 1759277547.9335504 0.0457460880279541
53 1759277548.3047307 0.37108707427978516
54 1759277548.5584738 0.25360965728759766
55 1759277548.6382542 0.07961893081665039
56 1759277548.6909335 0.05257153511047363
57 1759277548.7468264 0.05580615997314453
58 1759277548.8613703 0.11443638801574707
59 1759277548.9232576 0.061780691146850586
60 1759277549.0673554 0.14397835731506348
61 1759277549.1103458 0.04288506507873535
62 1759277549.2528183 0.14237546920776367
63 1759277549.359314 0.10640239715576172
64 1759277549.4629812 0.10357666015625
65 1759277549.5098116 0.046762704849243164
66 1759277574.8365052 25.32658100128174
67 1759277574.9033163 0.06669139862060547
68 1759277574.9605198 0.0570988655090332
69 1759278089.8574257 514.8967931270599
70 1759278089.9863188 0.12157511711120605
71 1759278090.0920327 0.10561108589172363
72 1759278090.3434136 0.25127720832824707
73 1759278090.4299195 0.08640170097351074
74 1759278090.4725053 0.0424799919128418
75 1759278090.5810986 0.10849618911743164
76 1759278092.617922 2.036674737930298
77 1759278092.7218432 0.10379338264465332
78 1759278092.7706373 0.04864931106567383
79 1759278092.7998855 0.029135465621948242
80 1759278092.8551092 0.055114030838012695
81 1759278092.9144707 0.05919051170349121
82 1759278093.0217898 0.10721731185913086
83 1759278093.0846791 0.06277108192443848
84 1759278095.0677664 1.9829890727996826
85 1759278095.1913571 0.12346553802490234
86 1759278095.5019832 0.3105278015136719
87 1759278096.5812275 1.0790441036224365
88 1759278096.6378348 0.056490182876586914
89 1759278096.7062461 0.06831812858581543
90 1759278096.7913551 0.08500838279724121
91 1759278096.9112 0.11972665786743164
92 1759278097.0156555 0.10438036918640137
93 1759278097.1310637 0.11530160903930664
94 1759278097.20832 0.0771188735961914
95 1759278097.2765844 0.06815195083618164
96 1759278097.3470836 0.0703742504119873
97 1759278097.4390144 0.09182500839233398
98 1759278097.482239 0.04308295249938965
99 1759278097.5908732 0.10851836204528809
100 1759278097.7320151 0.14103984832763672
101 1759278097.8656566 0.13353514671325684
102 1759278097.9687488 0.10298585891723633
103 1759278098.110905 0.14204883575439453
104 1759278098.2428296 0.131791353225708
105 1759278098.2951672 0.05222797393798828
106 1759278098.4337592 0.1385035514831543
107 1759278098.6503558 0.21651792526245117
108 1759278098.7978718 0.14741015434265137
109 1759278098.8473701 0.04936933517456055
110 1759278099.315608 0.4681434631347656
111 1759278099.4145021 0.0987710952758789
112 1759278099.532048 0.11743855476379395
113 1759278099.6135223 0.08138012886047363
114 1759278099.7536135 0.1399979591369629
115 1759278100.0390594 0.28533387184143066
116 1759278100.0907874 0.051550865173339844
117 1759278100.1848273 0.09393668174743652
118 1759278100.756048 0.5710937976837158
119 1759278100.9886694 0.23247623443603516
120 1759278101.0753322 0.08657956123352051
121 1759278101.1167922 0.041372060775756836
122 1759278101.1717207 0.05485868453979492
123 1759278101.222274 0.05048775672912598
124 1759278101.341516 0.11914825439453125
125 1759278104.024581 2.683006525039673
126 1759278104.1365707 0.11188101768493652
127 1759278104.1822057 0.04555058479309082
128 1759278104.3023314 0.12002301216125488
129 1759278104.3662162 0.06377720832824707
130 1759278104.4539015 0.08756041526794434
131 1759278104.512999 0.05899834632873535
132 1759278104.6030066 0.08991861343383789
133 1759278112.2096243 7.606526136398315
134 1759278112.2500181 0.04027915000915527
135 1759278112.3075194 0.05740666389465332
136 1759278112.3600826 0.052484989166259766
137 1759278112.535543 0.17533230781555176
138 1759278112.6402056 0.10454773902893066
139 1759278112.7054248 0.06510233879089355
140 1759278112.94863 0.24310064315795898
141 1759278113.0042565 0.055505990982055664
142 1759278113.078291 0.07393622398376465
143 1759278113.3295434 0.25114870071411133
144 1759278113.5420198 0.2123725414276123
145 1759278113.6300716 0.08793020248413086
146 1759278113.7362847 0.10607528686523438
147 1759278113.7873514 0.05096030235290527
148 1759278113.852802 0.06535744667053223
149 1759278113.909253 0.05633902549743652
150 1759278114.1683888 0.25904321670532227
151 1759278123.2170436 9.048548221588135
152 1759278123.3029118 0.08579826354980469
153 1759278123.334231 0.031253814697265625
154 1759278123.3748841 0.04057669639587402
155 1759278123.4281902 0.05325722694396973
156 1759278123.4895651 0.06127762794494629
157 1759278123.5548973 0.06521439552307129
158 1759278123.7082655 0.15324759483337402
159 1759278123.7390108 0.030609130859375
160 1759278123.8217223 0.08261322975158691
161 1759278123.9058619 0.08403968811035156
162 1759278202.294853 78.38887405395508
163 1759278211.8953516 9.595725297927856
164 1759278595.3701818 383.47465682029724
165 1759278595.4232237 0.052911996841430664
166 1759278595.475196 0.05182957649230957
167 1759278595.6643367 0.18902015686035156
168 1759278595.7627535 0.09831690788269043
169 1759278595.8047671 0.041906118392944336
170 1759278595.8527005 0.047864675521850586
171 1759278598.6039164 2.7511351108551025
172 1759278598.6580193 0.05403757095336914
173 1759278598.74329 0.08520054817199707
174 1759278598.7882817 0.04484915733337402
175 1759278599.1316872 0.3432931900024414
176 1759278599.300783 0.16898894309997559
177 1759278599.5235572 0.22269392013549805
178 1759278599.5751402 0.05151247978210449
179 1759278599.6431928 0.06791114807128906
180 1759278599.7075932 0.06432366371154785
181 1759278599.8475046 0.13977742195129395
182 1759278599.907905 0.06026959419250488
183 1759278599.9648845 0.056862592697143555
184 1759278600.036125 0.07111287117004395
185 1759278724.2855823 124.24932765960693
186 1759278738.3008006 14.015080213546753
187 1759278738.360098 0.05916190147399902
188 1759278738.4155734 0.0553438663482666
189 1759278738.5739608 0.15828609466552734
190 1759278738.7180235 0.14392614364624023
191 1759278738.7674706 0.04939079284667969
192 1759278738.887397 0.11984038352966309
193 1759278739.016394 0.12889575958251953
194 1759278739.1130662 0.09656763076782227
195 1759278739.214973 0.10183405876159668
196 1759278739.287291 0.0722510814666748
197 1759278739.3507962 0.06342172622680664
198 1759278739.4371617 0.08625030517578125
199 1759278740.3363023 0.899019718170166
Total time: 1406.325739622116
Using Bao: True
python3 baoctl.py --train_mode retrain --dataset stats --repeat 0 --alpha 0.5 --train_query_file workloads/stats/varying_column_queries_200/queries_8_columns/queries_8_columns_plans --train_label_file workloads/stats/varying_column_queries_200/queries_8_columns/queries_8_columns_time.txt --save_folder workloads/stats/varying_column_queries_200/queries_8_columns --predict_query_file workloads/stats/varying_column_queries_200/queries_5_columns/queries_5_columns.sql --predict_label_file workloads/stats/varying_column_queries_200/queries_5_columns/queries_5_columns_time.txt
0 1759278743.3300674 0.09052133560180664
1 1759278743.4094005 0.07914996147155762
2 1759278743.4728167 0.06324934959411621
3 1759278743.607295 0.1343669891357422
4 1759278743.856582 0.2492046356201172
5 1759278743.9832973 0.12661194801330566
6 1759278744.2546227 0.27120161056518555
7 1759278744.769289 0.514580488204956
8 1759278744.8124728 0.04306840896606445
9 1759278744.8847256 0.07215094566345215
10 1759278789.9115958 45.02675938606262
11 1759278789.975017 0.06328916549682617
12 1759278790.1252923 0.1501774787902832
13 1759278790.1983843 0.07299637794494629
14 1759278790.4208655 0.2224278450012207
15 1759278790.7969525 0.3760089874267578
16 1759278790.9138832 0.11684060096740723
17 1759278791.0237873 0.10982751846313477
18 1759278791.0765426 0.05269479751586914
19 1759278791.1601052 0.0834953784942627
20 1759278791.2477908 0.0875556468963623
21 1759278791.4185214 0.17064142227172852
22 1759278843.7462447 52.32760524749756
23 1759278852.5233877 8.776997804641724
24 1759278852.6431398 0.11962151527404785
25 1759278855.1712909 2.527949094772339
26 1759278855.2899315 0.11854672431945801
27 1759278855.3418436 0.05183768272399902
28 1759278855.387697 0.04574728012084961
29 1759278855.4733427 0.08552193641662598
30 1759278855.5867906 0.11333465576171875
31 1759278938.0026355 82.41570687294006
32 1759278938.1287203 0.12596869468688965
33 1759278938.2492838 0.12046313285827637
34 1759278938.3349924 0.08558988571166992
35 1759278938.3843164 0.04922032356262207
36 1759278938.8057053 0.421283483505249
37 1759278939.7452862 0.9394321441650391
38 1759278939.8312109 0.08578348159790039
39 1759278940.0420582 0.21073460578918457
40 1759278940.35565 0.3134293556213379
41 1759278940.5497859 0.19402337074279785
42 1759278940.6234858 0.07360458374023438
43 1759278940.7182968 0.09472465515136719
44 1759278946.8316467 6.1132893562316895
45 1759278947.107741 0.27599239349365234
46 1759278947.1662133 0.05835890769958496
47 1759278947.218989 0.05269503593444824
48 1759278947.2936335 0.07454633712768555
49 1759278947.4427602 0.1490631103515625
50 1759278947.4946942 0.05181312561035156
51 1759278947.534986 0.040190696716308594
52 1759278947.5778348 0.04274773597717285
53 1759278947.8212147 0.24328088760375977
54 1759278948.090953 0.2696397304534912
55 1759278948.169669 0.07863426208496094
56 1759278948.2113068 0.041568756103515625
57 1759278948.259534 0.04813361167907715
58 1759278948.367897 0.10826635360717773
59 1759278948.4232998 0.055310726165771484
60 1759278948.545358 0.12199592590332031
61 1759278948.5956612 0.0502009391784668
62 1759278948.7019444 0.1061697006225586
63 1759278948.7863069 0.0842583179473877
64 1759278948.8904243 0.10401010513305664
65 1759278948.9365938 0.046042442321777344
66 1759278976.1800284 27.243327617645264
67 1759278976.23993 0.05978250503540039
68 1759278976.2904913 0.05043172836303711
69 1759279507.646354 531.3557512760162
70 1759279507.7786098 0.1247553825378418
71 1759279507.8873715 0.10869574546813965
72 1759279508.1354392 0.24790000915527344
73 1759279508.2587187 0.1231222152709961
74 1759279508.3063924 0.04755806922912598
75 1759279508.45609 0.14957857131958008
76 1759279510.4015415 1.9452927112579346
77 1759279510.5036433 0.10197973251342773
78 1759279510.5563035 0.05253458023071289
79 1759279510.5839884 0.027587413787841797
80 1759279510.6399562 0.05587911605834961
81 1759279510.7637784 0.12373471260070801
82 1759279510.8672616 0.10340619087219238
83 1759279510.9276414 0.06030845642089844
84 1759279512.890731 1.9630231857299805
85 1759279513.0128496 0.12199521064758301
86 1759279513.3603897 0.34743571281433105
87 1759279514.4833121 1.1228551864624023
88 1759279514.5437772 0.060389041900634766
89 1759279514.6350555 0.09119367599487305
90 1759279514.7075088 0.07226753234863281
91 1759279514.7842155 0.07664275169372559
92 1759279514.8884597 0.10414552688598633
93 1759279514.960204 0.07161927223205566
94 1759279515.0132265 0.05291867256164551
95 1759279515.0556703 0.0423431396484375
96 1759279515.1226292 0.066864013671875
97 1759279515.1964676 0.07374262809753418
98 1759279515.2363064 0.039733171463012695
99 1759279515.3261857 0.08978891372680664
100 1759279515.4596064 0.1333143711090088
101 1759279515.6567838 0.19707298278808594
102 1759279515.7756543 0.11875438690185547
103 1759279515.883899 0.10813593864440918
104 1759279516.0047326 0.12067794799804688
105 1759279516.0684028 0.06354928016662598
106 1759279516.1411126 0.07256674766540527
107 1759279516.2914348 0.15011906623840332
108 1759279516.4277256 0.1361403465270996
109 1759279516.4699998 0.04213237762451172
110 1759279516.943094 0.47298574447631836
111 1759279517.0679727 0.1247246265411377
112 1759279517.1516397 0.0835411548614502
113 1759279517.2020416 0.05028581619262695
114 1759279517.303308 0.10117554664611816
115 1759279517.5849748 0.2815988063812256
116 1759279517.6369064 0.05182003974914551
117 1759279517.7158735 0.07886695861816406
118 1759279518.2176003 0.5016369819641113
119 1759279518.3705013 0.15279459953308105
120 1759279518.454697 0.08410215377807617
121 1759279518.4954486 0.04066777229309082
122 1759279518.539688 0.04413270950317383
123 1759279518.5906053 0.050805091857910156
124 1759279518.7113764 0.12069988250732422
125 1759279521.1470737 2.435577154159546
126 1759279521.2414474 0.09421658515930176
127 1759279521.2862933 0.04470324516296387
128 1759279521.3730657 0.086669921875
129 1759279521.4217534 0.048553466796875
130 1759279521.4904041 0.06853175163269043
131 1759279521.5589654 0.06846165657043457
132 1759279521.5964477 0.0373842716217041
133 1759279528.8560417 7.259475946426392
134 1759279528.8985434 0.04242110252380371
135 1759279528.956484 0.05781888961791992
136 1759279529.0090327 0.05244302749633789
137 1759279529.1878562 0.17871665954589844
138 1759279529.301437 0.11347842216491699
139 1759279529.3871331 0.0856170654296875
140 1759279529.6133296 0.22611284255981445
141 1759279529.670596 0.05718350410461426
142 1759279529.7419744 0.07128739356994629
143 1759279529.943434 0.2014007568359375
144 1759279530.1199124 0.17633295059204102
145 1759279530.2043152 0.08429121971130371
146 1759279530.3205376 0.11610579490661621
147 1759279530.3823497 0.06166362762451172
148 1759279530.4481978 0.06574249267578125
149 1759279530.5859041 0.13764595985412598
150 1759279530.8508866 0.2648890018463135
151 1759279540.418546 9.567527532577515
152 1759279540.5013578 0.08270096778869629
153 1759279540.560785 0.05931878089904785
154 1759279540.6090708 0.04819154739379883
155 1759279540.659708 0.050499677658081055
156 1759279540.7213042 0.061495304107666016
157 1759279540.7806334 0.059207916259765625
158 1759279540.9156818 0.1349468231201172
159 1759279540.942044 0.026250600814819336
160 1759279541.0198936 0.07776665687561035
161 1759279541.1020608 0.0820622444152832
162 1759279619.3383853 78.23621773719788
163 1759279628.807928 9.469395637512207
164 1759280010.5993505 381.7913010120392
165 1759280010.6600373 0.06054568290710449
166 1759280010.7063718 0.04622530937194824
167 1759280010.8132262 0.10677075386047363
168 1759280010.944079 0.1307823657989502
169 1759280010.9873173 0.043097734451293945
170 1759280011.0398526 0.05242156982421875
171 1759280013.5860727 2.5461206436157227
172 1759280013.6551356 0.06889057159423828
173 1759280013.7440746 0.08878850936889648
174 1759280013.795074 0.05082249641418457
175 1759280014.1615214 0.3662989139556885
176 1759280014.3118665 0.15023207664489746
177 1759280014.5186164 0.2066326141357422
178 1759280014.5700445 0.05132412910461426
179 1759280014.645473 0.07531571388244629
180 1759280014.7104285 0.0648488998413086
181 1759280014.857314 0.14677119255065918
182 1759280014.9169838 0.05954766273498535
183 1759280014.9735036 0.05639529228210449
184 1759280015.0506256 0.0769956111907959
185 1759280132.7249103 117.67416644096375
186 1759280145.9992363 13.274195432662964
187 1759280146.057654 0.05830216407775879
188 1759280146.1173995 0.05963397026062012
189 1759280146.2752888 0.15775179862976074
190 1759280146.412638 0.13723444938659668
191 1759280146.4581106 0.0453648567199707
192 1759280146.5857751 0.12752866744995117
193 1759280146.640294 0.05439877510070801
194 1759280146.708978 0.06856107711791992
195 1759280146.8037248 0.0946495532989502
196 1759280146.874421 0.07056474685668945
197 1759280146.936969 0.06241178512573242
198 1759280147.0134358 0.07638025283813477
199 1759280147.803954 0.7904026508331299
Total time: 1404.5350217819214
Using Bao: True
python3 baoctl.py --train_mode retrain --dataset stats --repeat 0 --alpha 0.5 --train_query_file workloads/stats/varying_column_queries_200/queries_9_columns/queries_9_columns_plans --train_label_file workloads/stats/varying_column_queries_200/queries_9_columns/queries_9_columns_time.txt --save_folder workloads/stats/varying_column_queries_200/queries_9_columns --predict_query_file workloads/stats/varying_column_queries_200/queries_5_columns/queries_5_columns.sql --predict_label_file workloads/stats/varying_column_queries_200/queries_5_columns/queries_5_columns_time.txt
0 1759280150.7980072 0.09772086143493652
1 1759280150.8846822 0.08655905723571777
2 1759280150.9457464 0.06096482276916504
3 1759280151.074738 0.12893128395080566
4 1759280151.3056967 0.23088598251342773
5 1759280151.39723 0.09144973754882812
6 1759280151.6595361 0.262239933013916
7 1759280152.1689434 0.5020811557769775
8 1759280152.2188277 0.049768924713134766
9 1759280152.289825 0.07092022895812988
10 1759280196.1775024 43.88756513595581
11 1759280196.241015 0.06340503692626953
12 1759280196.4111912 0.17002654075622559
13 1759280196.490763 0.07949590682983398
14 1759280196.745576 0.25470471382141113
15 1759280197.1256087 0.37993454933166504
16 1759280197.1750958 0.04935455322265625
17 1759280197.2478704 0.07264542579650879
18 1759280197.2982697 0.05030202865600586
19 1759280197.3758821 0.07752180099487305
20 1759280197.4923139 0.1163334846496582
21 1759280197.6747718 0.1823573112487793
22 1759280247.41568 49.74080538749695
23 1759280256.0438704 8.628106832504272
24 1759280256.1807268 0.1367337703704834
25 1759280258.7906897 2.6098339557647705
26 1759280258.9090974 0.1182713508605957
27 1759280258.9640932 0.05481290817260742
28 1759280259.0142913 0.05006742477416992
29 1759280259.1180096 0.10362577438354492
30 1759280259.230539 0.11240053176879883
31 1759280344.5547009 85.32402205467224
32 1759280344.6459136 0.09110021591186523
33 1759280344.7504385 0.10440802574157715
34 1759280344.8386445 0.08805608749389648
35 1759280344.9001236 0.06136488914489746
36 1759280345.3774228 0.47710156440734863
37 1759280346.1133661 0.735811710357666
38 1759280346.2105749 0.09708571434020996
39 1759280346.431443 0.22072148323059082
40 1759280346.7562077 0.3246128559112549
41 1759280346.9431198 0.18679523468017578
42 1759280347.0187807 0.07549738883972168
43 1759280347.0872939 0.06839132308959961
44 1759280352.601942 5.514529705047607
45 1759280352.8448424 0.24277853965759277
46 1759280352.907867 0.06290173530578613
47 1759280352.9677093 0.05972170829772949
48 1759280353.0508254 0.08299803733825684
49 1759280353.2141953 0.16321706771850586
50 1759280353.2748752 0.06056094169616699
51 1759280353.321004 0.04602169990539551
52 1759280353.363168 0.042021989822387695
53 1759280353.6082227 0.2449476718902588
54 1759280353.8503385 0.2420051097869873
55 1759280353.9284031 0.07793927192687988
56 1759280353.977001 0.04847908020019531
57 1759280354.0392516 0.06214332580566406
58 1759280354.170269 0.13091301918029785
59 1759280354.224406 0.0540165901184082
60 1759280354.3589609 0.13445353507995605
61 1759280354.4086351 0.04956316947937012
62 1759280354.5371153 0.12836575508117676
63 1759280354.619966 0.0826864242553711
64 1759280354.7347312 0.11464285850524902
65 1759280354.7962265 0.061365365982055664
66 1759280382.1108332 27.31450128555298
67 1759280382.1760693 0.06512188911437988
68 1759280382.230673 0.054460763931274414
69 1759280884.7655118 502.53470730781555
70 1759280884.898039 0.12367033958435059
71 1759280885.005354 0.10713696479797363
72 1759280885.263104 0.2576301097869873
73 1759280885.3463216 0.08306384086608887
74 1759280885.3895948 0.04315447807312012
75 1759280885.488635 0.09894680976867676
76 1759280887.4258118 1.9370677471160889
77 1759280887.5416307 0.1156764030456543
78 1759280887.5868487 0.045093536376953125
79 1759280887.6188576 0.031915903091430664
80 1759280887.6854095 0.06644773483276367
81 1759280887.7463858 0.06088542938232422
82 1759280887.8399134 0.09342551231384277
83 1759280887.9137406 0.07372689247131348
84 1759280889.8627048 1.9488561153411865
85 1759280890.0474815 0.18462705612182617
86 1759280890.3698115 0.3221752643585205
87 1759280891.5503829 1.1804463863372803
88 1759280891.612956 0.06245279312133789
89 1759280891.679439 0.06637239456176758
90 1759280891.7642798 0.08473634719848633
91 1759280891.839323 0.07492828369140625
92 1759280891.9505742 0.11112642288208008
93 1759280892.0280404 0.07734417915344238
94 1759280892.088089 0.05994725227355957
95 1759280892.1383176 0.05007314682006836
96 1759280892.2265685 0.08815526962280273
97 1759280892.3053205 0.07863473892211914
98 1759280892.3467577 0.04138374328613281
99 1759280892.4383006 0.09148740768432617
100 1759280892.568385 0.1300344467163086
101 1759280892.6943974 0.12595462799072266
102 1759280892.7883039 0.09382748603820801
103 1759280892.8897548 0.10135388374328613
104 1759280893.0220535 0.13223004341125488
105 1759280893.0720773 0.04992246627807617
106 1759280893.1496713 0.07746362686157227
107 1759280893.2950168 0.14524197578430176
108 1759280893.417784 0.1226797103881836
109 1759280893.4611197 0.04324841499328613
110 1759280893.873499 0.4122352600097656
111 1759280893.979277 0.10566568374633789
112 1759280894.0621028 0.08278226852416992
113 1759280894.1045814 0.04239153861999512
114 1759280894.199812 0.09511923789978027
115 1759280894.4490838 0.24916982650756836
116 1759280894.5069559 0.057706594467163086
117 1759280894.5987117 0.0916140079498291
118 1759280895.2138538 0.6150281429290771
119 1759280895.3295617 0.11559343338012695
120 1759280895.4090426 0.07938051223754883
121 1759280895.4540315 0.044901371002197266
122 1759280895.505012 0.050885915756225586
123 1759280895.5590644 0.05395817756652832
124 1759280895.6802974 0.12109923362731934
125 1759280898.2188146 2.538424015045166
126 1759280898.3115342 0.09261274337768555
127 1759280898.35151 0.039911746978759766
128 1759280898.4599655 0.10838198661804199
129 1759280898.5191605 0.05909085273742676
130 1759280898.6023738 0.08310842514038086
131 1759280898.6663413 0.06387734413146973
132 1759280898.7123232 0.04590034484863281
133 1759280905.7302718 7.017851829528809
134 1759280905.7729561 0.04257345199584961
135 1759280905.8368757 0.0638425350189209
136 1759280905.8965652 0.05958080291748047
137 1759280906.0844767 0.18782520294189453
138 1759280906.2015357 0.11695551872253418
139 1759280906.2711194 0.06946492195129395
140 1759280906.5730836 0.3018002510070801
141 1759280906.6287653 0.05552506446838379
142 1759280906.6979291 0.06909441947937012
143 1759280906.913494 0.21552062034606934
144 1759280907.08696 0.17335748672485352
145 1759280907.1773481 0.09029746055603027
146 1759280907.277212 0.0997626781463623
147 1759280907.338232 0.06092548370361328
148 1759280907.4149675 0.0765993595123291
149 1759280907.4851012 0.0700075626373291
150 1759280907.813257 0.32802295684814453
151 1759280916.7753654 8.961997270584106
152 1759280916.8315907 0.05609464645385742
153 1759280916.8852894 0.0535891056060791
154 1759280916.9374013 0.05202484130859375
155 1759280916.9979467 0.06044816970825195
156 1759280917.0697901 0.07174158096313477
157 1759280917.1310635 0.06116366386413574
158 1759280917.262772 0.13156533241271973
159 1759280917.2942443 0.03136324882507324
160 1759280917.383984 0.08963251113891602
161 1759280917.4647517 0.08067989349365234
162 1759280994.5909934 77.12613487243652
163 1759281004.3552926 9.76418137550354
164 1759281388.1900086 383.83459091186523
165 1759281388.264884 0.06260466575622559
166 1759281388.3145688 0.049585819244384766
167 1759281388.4366014 0.12192130088806152
168 1759281388.5408895 0.10417652130126953
169 1759281388.580213 0.039218902587890625
170 1759281388.6877425 0.10743093490600586
171 1759281391.1517584 2.4639220237731934
172 1759281391.2050323 0.05314445495605469
173 1759281391.2870772 0.081939697265625
174 1759281391.3299727 0.04272174835205078
175 1759281391.671891 0.3418264389038086
176 1759281391.837045 0.16502785682678223
177 1759281392.0174034 0.18017578125
178 1759281392.0671358 0.04963803291320801
179 1759281392.1337373 0.0664818286895752
180 1759281392.1994052 0.06556868553161621
181 1759281392.3405747 0.1410353183746338
182 1759281392.4147205 0.07404041290283203
183 1759281392.4699466 0.05512523651123047
184 1759281392.5371804 0.06710171699523926
185 1759281504.2487967 111.71150040626526
186 1759281517.4099538 13.161023139953613
187 1759281517.4656577 0.05558657646179199
188 1759281517.521576 0.05581545829772949
189 1759281517.6670582 0.14536523818969727
190 1759281517.806601 0.13932561874389648
191 1759281517.8563936 0.04967951774597168
192 1759281517.9754565 0.11894917488098145
193 1759281518.0198357 0.04422783851623535
194 1759281518.0879285 0.06799483299255371
195 1759281518.178991 0.0909583568572998
196 1759281518.241896 0.06279683113098145
197 1759281518.3017428 0.05973076820373535
198 1759281518.387591 0.08575153350830078
199 1759281519.1137094 0.7260217666625977
Total time: 1368.3628721237183
Using Bao: True
python3 baoctl.py --train_mode retrain --dataset stats --repeat 0 --alpha 0.5 --train_query_file workloads/stats/varying_table_queries_200/queries_2_tables/queries_2_tables_plans --train_label_file workloads/stats/varying_table_queries_200/queries_2_tables/queries_2_tables_time.txt --save_folder workloads/stats/varying_table_queries_200/queries_2_tables --predict_query_file workloads/stats/varying_table_queries_200/queries_4_tables/queries_4_tables.sql --predict_label_file workloads/stats/varying_table_queries_200/queries_4_tables/queries_4_tables_time.txt
0 1759281522.326535 0.11076498031616211
1 1759281522.4059653 0.07932114601135254
2 1759281524.1724825 1.7664058208465576
3 1759281889.9822106 365.8095803260803
4 1759281893.7808836 3.793840169906616
5 1759281894.0166214 0.2356114387512207
6 1759281894.0600195 0.04327225685119629
7 1759281894.2820585 0.2219221591949463
8 1759281894.3588645 0.0766444206237793
9 1759281894.4146516 0.055677175521850586
10 1759281904.642702 10.227944374084473
11 1759281905.1446493 0.5018236637115479
12 1759281905.2097764 0.06500792503356934
13 1759281905.2412207 0.03131842613220215
14 1759281905.3224158 0.0811002254486084
15 1759281905.4396873 0.11717867851257324
16 1759281905.52446 0.0846400260925293
17 1759281905.58019 0.055617332458496094
18 1759281905.8291981 0.24891161918640137
19 1759281905.8974524 0.06813168525695801
20 1759281905.955478 0.05793404579162598
21 1759281906.010285 0.05470776557922363
22 1759281906.064208 0.05376458168029785
23 1759281908.0055814 1.9412577152252197
24 1759281908.0958548 0.09015417098999023
25 1759281908.6686814 0.5727179050445557
26 1759281908.7896087 0.1208186149597168
27 1759281909.4009259 0.6112065315246582
28 1759281909.498092 0.09705591201782227
29 1759281909.5614045 0.06316304206848145
30 1759281909.6137729 0.05225348472595215
31 1759281909.9141386 0.30026745796203613
32 1759282390.5944018 480.6801059246063
33 1759282390.6632185 0.06489276885986328
34 1759282391.0852437 0.42192912101745605
35 1759282391.3960626 0.3107116222381592
36 1759282397.0807335 5.684531927108765
37 1759282397.1872633 0.10634064674377441
38 1759282397.578838 0.3914625644683838
39 1759282398.9017105 1.3227558135986328
40 1759282398.9737422 0.07190442085266113
41 1759282399.1128495 0.13901877403259277
42 1759282399.2373042 0.12435173988342285
43 1759282399.3001897 0.06274056434631348
44 1759282407.6493104 8.349023580551147
45 1759282409.308374 1.6589384078979492
46 1759282409.3942964 0.0857853889465332
47 1759282409.431094 0.03668928146362305
48 1759282409.5323243 0.1011040210723877
49 1759282409.8908637 0.35843539237976074
50 1759282410.0852404 0.19426512718200684
51 1759282410.1404223 0.05505704879760742
52 1759282410.1882167 0.047698259353637695
53 1759282410.2459059 0.05759024620056152
54 1759282410.2866547 0.04066109657287598
55 1759282410.3637025 0.07695960998535156
56 1759282410.4584286 0.09462618827819824
57 1759282410.7110746 0.25254130363464355
58 1759282771.9389029 361.2276589870453
59 1759282775.5571032 3.618105173110962
60 1759282775.6246786 0.06736898422241211
61 1759282776.655794 1.031022310256958
62 1759282887.6637452 111.00782871246338
63 1759282888.054701 0.3908202648162842
64 1759282888.1199813 0.06515717506408691
65 1759282888.1930022 0.07291460037231445
66 1759282888.382332 0.18922090530395508
67 1759282888.4148874 0.032448768615722656
68 1759282890.6288946 2.213913679122925
69 1759282891.6063008 0.9772915840148926
70 1759282891.7409368 0.13451623916625977
71 1759282891.8388538 0.09781861305236816
72 1759282891.9006045 0.0616459846496582
73 1759282891.965429 0.0647132396697998
74 1759282892.1587403 0.19321203231811523
75 1759282892.2002616 0.04141521453857422
76 1759282892.2903073 0.08994078636169434
77 1759282892.3396246 0.04922366142272949
78 1759282892.4352958 0.09556937217712402
79 1759282892.5120068 0.07662200927734375
80 1759282894.7929125 2.2807953357696533
81 1759282895.0082638 0.215226411819458
82 1759282895.0537906 0.0454249382019043
83 1759282897.1703064 2.1164236068725586
84 1759282897.4231868 0.25275278091430664
85 1759282897.485525 0.06222796440124512
86 1759282897.6111982 0.1255345344543457
87 1759282897.6787982 0.06749367713928223
88 1759282897.7592442 0.08034849166870117
89 1759282897.8878088 0.12844228744506836
90 1759282897.9412463 0.053336381912231445
91 1759282898.7773402 0.8360018730163574
92 1759282898.9452004 0.16774630546569824
93 1759282899.0593834 0.11406588554382324
94 1759282899.4940095 0.4345121383666992
95 1759282899.7233121 0.22917938232421875
96 1759282899.8257308 0.10231328010559082
97 1759282899.9121962 0.08635950088500977
98 1759282900.146518 0.23418354988098145
99 1759282900.1973648 0.05070900917053223
100 1759282900.2993226 0.1018671989440918
101 1759282900.3453438 0.045912742614746094
102 1759282900.3889642 0.0435335636138916
103 1759282900.490727 0.10167551040649414
104 1759282900.836596 0.3457643985748291
105 1759282901.1678061 0.3311026096343994
106 1759282901.2156227 0.047693490982055664
107 1759282901.3749406 0.1592235565185547
108 1759282901.6358845 0.2608213424682617
109 1759282901.691587 0.0555729866027832
110 1759282901.763741 0.07206201553344727
111 1759282901.8037302 0.03987908363342285
112 1759282901.8418732 0.038046836853027344
113 1759282902.093871 0.2519097328186035
114 1759282902.30077 0.20678949356079102
115 1759282902.4374034 0.13651156425476074
116 1759282902.6334054 0.1959071159362793
117 1759282902.6956127 0.062077999114990234
118 1759282902.8600953 0.1643836498260498
119 1759282903.007934 0.14767885208129883
120 1759282903.1568878 0.14885973930358887
121 1759282903.5663753 0.4093492031097412
122 1759282903.6667342 0.10021662712097168
123 1759282903.864113 0.19725513458251953
124 1759282903.9695344 0.10527300834655762
125 1759282904.0821135 0.11246609687805176
126 1759282904.2804286 0.1981663703918457
127 1759282904.383081 0.10255146026611328
128 1759282904.546325 0.16309833526611328
129 1759282904.6169353 0.07050299644470215
130 1759282904.6860778 0.06903743743896484
131 1759282904.7207427 0.03452730178833008
132 1759282904.7694743 0.04863166809082031
133 1759283006.715882 101.94631552696228
134 1759283006.8852963 0.16927242279052734
135 1759283007.2820554 0.3966338634490967
136 1759283007.3836687 0.10144400596618652
137 1759283007.5390682 0.15526652336120605
138 1759283007.6947618 0.15544581413269043
139 1759283007.7575545 0.06263446807861328
140 1759283007.8698778 0.11219024658203125
141 1759283007.972436 0.10241246223449707
142 1759283008.0775168 0.1048893928527832
143 1759283008.3266664 0.2490231990814209
144 1759283008.4018364 0.07499980926513672
145 1759283008.4756238 0.07362103462219238
146 1759283009.5319932 1.0562117099761963
147 1759283009.695606 0.1634829044342041
148 1759283009.8590126 0.16329646110534668
149 1759283088.5934365 78.73431181907654
150 1759283088.8953576 0.30176639556884766
151 1759283089.1833298 0.28784632682800293
152 1759283089.4530947 0.2696347236633301
153 1759283089.5559168 0.10266613960266113
154 1759283099.921826 10.365790605545044
155 1759283100.11291 0.19095897674560547
156 1759283119.6956105 19.582576990127563
157 1759283119.7469904 0.05121970176696777
158 1759283301.2371397 181.49004817008972
159 1759283301.2687564 0.03146171569824219
160 1759283301.4732153 0.20434856414794922
161 1759283301.6246836 0.15135955810546875
162 1759283301.7698114 0.14500975608825684
163 1759283301.8355942 0.06566214561462402
164 1759283301.8883173 0.05263328552246094
165 1759283302.1103714 0.22194886207580566
166 1759283305.3750992 3.2646210193634033
167 1759283795.3921928 490.016907453537
168 1759283795.469954 0.07764434814453125
169 1759283795.5782237 0.10815834999084473
170 1759283795.9527318 0.37439918518066406
171 1759283796.059309 0.10645198822021484
172 1759283796.1999292 0.14052748680114746
173 1759283796.2478688 0.04781150817871094
174 1759283796.4003754 0.15241765975952148
175 1759283796.4542696 0.05377554893493652
176 1759283798.9596667 2.5053043365478516
177 1759283807.003065 8.043281555175781
178 1759283807.2088778 0.20562982559204102
179 1759283807.2847583 0.07575130462646484
180 1759283807.3728569 0.08796548843383789
181 1759283807.42436 0.05139279365539551
182 1759283807.6931076 0.2686476707458496
183 1759283807.7483785 0.055120229721069336
184 1759283807.841545 0.09307384490966797
185 1759283807.9582524 0.11658620834350586
186 1759283808.0319037 0.07354593276977539
187 1759283808.1860788 0.15407824516296387
188 1759283808.2250085 0.038765907287597656
189 1759283808.3083897 0.08329415321350098
190 1759283808.365848 0.05734610557556152
191 1759283808.4837244 0.11777830123901367
192 1759283808.6840734 0.20022082328796387
193 1759283808.8756173 0.19138169288635254
194 1759283808.9542456 0.07849669456481934
195 1759283809.240999 0.28666114807128906
196 1759283812.2780333 3.036921262741089
197 1759283812.3764305 0.09827876091003418
198 1759283812.457954 0.08141064643859863
199 1759283816.7302961 4.272246360778809
Total time: 2294.4822680950165
Using Bao: True
python3 baoctl.py --train_mode retrain --dataset stats --repeat 0 --alpha 0.5 --train_query_file workloads/stats/varying_table_queries_200/queries_3_tables/queries_3_tables_plans --train_label_file workloads/stats/varying_table_queries_200/queries_3_tables/queries_3_tables_time.txt --save_folder workloads/stats/varying_table_queries_200/queries_3_tables --predict_query_file workloads/stats/varying_table_queries_200/queries_4_tables/queries_4_tables.sql --predict_label_file workloads/stats/varying_table_queries_200/queries_4_tables/queries_4_tables_time.txt
0 1759283819.474321 0.10801172256469727
1 1759283819.5486658 0.07422518730163574
2 1759283821.3023531 1.7535791397094727
3 1759284187.5900025 366.28753685951233
4 1759284191.249928 3.654855251312256
5 1759284191.4609873 0.2109372615814209
6 1759284191.5056949 0.044589996337890625
7 1759284191.8357503 0.3299405574798584
8 1759284191.957856 0.1219930648803711
9 1759284192.0168037 0.058815717697143555
10 1759284201.5396726 9.522767305374146
11 1759284201.9637117 0.42392396926879883
12 1759284202.0194323 0.0556032657623291
13 1759284202.0572731 0.03773641586303711
14 1759284202.145774 0.08838796615600586
15 1759284202.254959 0.10904812812805176
16 1759284202.3472972 0.09222865104675293
17 1759284202.4036222 0.056226491928100586
18 1759284202.618945 0.2152266502380371
19 1759284202.682289 0.06324338912963867
20 1759284202.7429245 0.060533761978149414
21 1759284202.7942057 0.051181793212890625
22 1759284202.852292 0.05798220634460449
23 1759284204.5294435 1.6770570278167725
24 1759284204.6162055 0.08664369583129883
25 1759284205.1332774 0.5169212818145752
26 1759284205.2446632 0.11124038696289062
27 1759284205.8230228 0.5782415866851807
28 1759284205.9114602 0.08831143379211426
29 1759284205.9632666 0.05169868469238281
30 1759284206.0081887 0.044785261154174805
31 1759284206.2668414 0.2585587501525879
32 1759284671.0391314 464.77219223976135
33 1759284671.1039808 0.06474161148071289
34 1759284671.5612075 0.45708799362182617
35 1759284671.887789 0.32642221450805664
36 1759284678.251194 6.363256454467773
37 1759284678.3466852 0.09536194801330566
38 1759284678.766586 0.4197838306427002
39 1759284680.1519399 1.385230302810669
40 1759284680.2242398 0.0721597671508789
41 1759284680.3668404 0.14248991012573242
42 1759284680.5060554 0.1390981674194336
43 1759284680.5725598 0.06634831428527832
44 1759284690.220739 9.648090839385986
45 1759284691.9928973 1.7720746994018555
46 1759284692.1042922 0.11127805709838867
47 1759284692.187267 0.04937267303466797
48 1759284692.2875328 0.10016012191772461
49 1759284692.6975727 0.40991854667663574
50 1759284692.891312 0.19363141059875488
51 1759284692.9464114 0.05500197410583496
52 1759284692.988831 0.0423281192779541
53 1759284693.048229 0.05930042266845703
54 1759284693.0805423 0.032225608825683594
55 1759284693.159347 0.07870864868164062
56 1759284693.2926872 0.1332557201385498
57 1759284693.5577338 0.2649509906768799
58 1759285074.8133912 381.25555515289307
59 1759285078.8655412 4.052075624465942
60 1759285078.949707 0.08406901359558105
61 1759285080.0258923 1.0760793685913086
62 1759285193.1746593 113.14858722686768
63 1759285193.5531256 0.37839722633361816
64 1759285193.6123018 0.05907392501831055
65 1759285193.685898 0.07352352142333984
66 1759285193.8694596 0.1835002899169922
67 1759285193.8989997 0.029452085494995117
68 1759285196.3067455 2.407642126083374
69 1759285197.377779 1.0709564685821533
70 1759285197.4850554 0.10716652870178223
71 1759285197.6123147 0.12717413902282715
72 1759285197.7034087 0.09096264839172363
73 1759285197.7882 0.0847010612487793
74 1759285197.979479 0.19118356704711914
75 1759285198.025359 0.0457301139831543
76 1759285198.1426766 0.11720418930053711
77 1759285198.19998 0.057209014892578125
78 1759285198.2995338 0.09943556785583496
79 1759285198.3790069 0.07934713363647461
80 1759285200.9633677 2.5842576026916504
81 1759285201.173778 0.21031880378723145
82 1759285201.266062 0.09219050407409668
83 1759285203.4598117 2.1936235427856445
84 1759285203.761237 0.3012833595275879
85 1759285203.8215365 0.060213565826416016
86 1759285203.982282 0.16066360473632812
87 1759285204.039078 0.05669879913330078
88 1759285204.1168911 0.07764744758605957
89 1759285204.2518432 0.13482427597045898
90 1759285204.3097446 0.0577855110168457
91 1759285205.2200983 0.9102511405944824
92 1759285205.4023838 0.18215346336364746
93 1759285205.4843953 0.08188080787658691
94 1759285205.940663 0.4561278820037842
95 1759285206.2081342 0.26735377311706543
96 1759285206.3629923 0.15475726127624512
97 1759285206.4349697 0.07191681861877441
98 1759285206.6122127 0.17706513404846191
99 1759285206.6614864 0.0491328239440918
100 1759285206.765455 0.10384821891784668
101 1759285206.807973 0.04240703582763672
102 1759285206.849292 0.04122161865234375
103 1759285206.952995 0.1035926342010498
104 1759285207.256351 0.30324769020080566
105 1759285207.6653416 0.4088728427886963
106 1759285207.7150617 0.049610137939453125
107 1759285207.8660007 0.15081405639648438
108 1759285208.112551 0.246429443359375
109 1759285208.1725962 0.059906721115112305
110 1759285208.2463498 0.07364726066589355
111 1759285208.2839408 0.03746294975280762
112 1759285208.321547 0.03751659393310547
113 1759285208.5743492 0.25269508361816406
114 1759285208.8888912 0.3144087791442871
115 1759285209.0378726 0.1488807201385498
116 1759285209.2256773 0.18770122528076172
117 1759285209.2870996 0.061325788497924805
118 1759285209.4572344 0.1699976921081543
119 1759285209.6163146 0.15895748138427734
120 1759285209.7480023 0.13159394264221191
121 1759285210.2108033 0.4626739025115967
122 1759285210.307082 0.09615182876586914
123 1759285210.5050347 0.19780278205871582
124 1759285210.6259246 0.12070608139038086
125 1759285210.7348208 0.10875773429870605
126 1759285210.892436 0.15749311447143555
127 1759285211.000565 0.10799002647399902
128 1759285211.2112598 0.21058297157287598
129 1759285211.2977557 0.08642745018005371
130 1759285211.3667855 0.0689535140991211
131 1759285211.4010699 0.034175872802734375
132 1759285211.4620104 0.06082439422607422
133 1759285314.9929495 103.53083848953247
134 1759285315.1433797 0.150360107421875
135 1759285315.4939153 0.3504645824432373
136 1759285315.5839515 0.08994174003601074
137 1759285315.7239769 0.13996291160583496
138 1759285315.8738286 0.1497361660003662
139 1759285315.9276936 0.053751468658447266
140 1759285316.0265636 0.09876728057861328
141 1759285316.1402338 0.11355233192443848
142 1759285316.2734945 0.13318777084350586
143 1759285316.476544 0.20293211936950684
144 1759285316.5556903 0.07904624938964844
145 1759285316.6284275 0.07261443138122559
146 1759285318.0896926 1.4611072540283203
147 1759285318.2226877 0.13287973403930664
148 1759285318.3539073 0.13107681274414062
149 1759285395.1903176 76.8362979888916
150 1759285395.5400822 0.34964799880981445
151 1759285395.830325 0.2900698184967041
152 1759285396.1005116 0.2700510025024414
153 1759285396.2019644 0.1013176441192627
154 1759285407.096808 10.894718408584595
155 1759285407.277752 0.18081021308898926
156 1759285428.1856785 20.907812356948853
157 1759285428.2343214 0.04858040809631348
158 1759285610.2072203 181.97282791137695
159 1759285610.2457063 0.03836774826049805
160 1759285610.4676285 0.22182631492614746
161 1759285610.669815 0.20209693908691406
162 1759285610.8127608 0.14281964302062988
163 1759285610.879262 0.06638956069946289
164 1759285610.9302971 0.050940513610839844
165 1759285611.166441 0.23604679107666016
166 1759285614.7302985 3.5637052059173584
167 1759286118.1393015 503.4089391231537
168 1759286118.2183177 0.07894325256347656
169 1759286118.3227732 0.10439038276672363
170 1759286118.7622013 0.4393155574798584
171 1759286118.8450327 0.08272266387939453
172 1759286118.9786384 0.13355278968811035
173 1759286119.0261896 0.04744768142700195
174 1759286119.171804 0.14361238479614258
175 1759286119.2188168 0.04690432548522949
176 1759286121.7234352 2.5045273303985596
177 1759286130.0413625 8.317809581756592
178 1759286130.2506025 0.20909452438354492
179 1759286130.3278024 0.07708024978637695
180 1759286130.3947127 0.06679677963256836
181 1759286130.4426806 0.04788088798522949
182 1759286130.681311 0.2385425567626953
183 1759286130.7272146 0.04581642150878906
184 1759286130.810009 0.08272981643676758
185 1759286130.9542062 0.14407849311828613
186 1759286131.0272713 0.072967529296875
187 1759286131.1978753 0.1705303192138672
188 1759286131.2407277 0.04274320602416992
189 1759286131.343485 0.10264706611633301
190 1759286131.4028037 0.05921292304992676
191 1759286131.5452678 0.14235901832580566
192 1759286131.7475069 0.2021348476409912
193 1759286131.9353495 0.18772673606872559
194 1759286132.0092685 0.07381725311279297
195 1759286132.3553522 0.34601354598999023
196 1759286135.4973004 3.1418206691741943
197 1759286135.5758364 0.07842636108398438
198 1759286135.6491199 0.0732114315032959
199 1759286140.4876468 4.83837103843689
Total time: 2321.0590658187866
Using Bao: True
python3 baoctl.py --train_mode retrain --dataset stats --repeat 0 --alpha 0.5 --train_query_file workloads/stats/varying_table_queries_200/queries_4_tables/queries_4_tables_plans --train_label_file workloads/stats/varying_table_queries_200/queries_4_tables/queries_4_tables_time.txt --save_folder workloads/stats/varying_table_queries_200/queries_4_tables --predict_query_file workloads/stats/varying_table_queries_200/queries_4_tables/queries_4_tables.sql --predict_label_file workloads/stats/varying_table_queries_200/queries_4_tables/queries_4_tables_time.txt
0 1759286142.8118138 0.11265420913696289
1 1759286142.8876736 0.0757303237915039
2 1759286144.7167127 1.8289308547973633
3 1759286509.2413 364.52452206611633
4 1759286513.1540883 3.9127159118652344
5 1759286513.3904543 0.23623156547546387
6 1759286513.4332376 0.04264116287231445
7 1759286513.6578517 0.22452235221862793
8 1759286513.7435162 0.08554410934448242
9 1759286513.8047156 0.06109499931335449
10 1759286528.3590517 14.554245948791504
11 1759286528.7829819 0.42383670806884766
12 1759286528.9014819 0.11840558052062988
13 1759286528.9447494 0.043189048767089844
14 1759286529.0328665 0.08802962303161621
15 1759286529.1297166 0.09676623344421387
16 1759286529.2048426 0.07501769065856934
17 1759286529.2551982 0.05020737648010254
18 1759286529.4571898 0.2018446922302246
19 1759286529.5147173 0.057420969009399414
20 1759286529.57443 0.05957937240600586
21 1759286529.6227806 0.048219919204711914
22 1759286529.6775591 0.054657936096191406
23 1759286531.5205905 1.84291410446167
24 1759286531.5997941 0.07908940315246582
25 1759286532.0496547 0.4497342109680176
26 1759286532.1499486 0.10013651847839355
27 1759286532.8056498 0.6555728912353516
28 1759286532.88538 0.07959508895874023
29 1759286532.9407659 0.05525040626525879
30 1759286532.9902003 0.04930734634399414
31 1759286533.2885292 0.29821133613586426
32 1759287002.7168663 469.4281840324402
33 1759287002.7755382 0.058548927307128906
34 1759287003.2390766 0.4634277820587158
35 1759287003.5561776 0.3168623447418213
36 1759287009.5103688 5.954077959060669
37 1759287009.6209388 0.11045575141906738
38 1759287009.9973683 0.3763101100921631
39 1759287011.362656 1.3651649951934814
40 1759287011.4442027 0.08142805099487305
41 1759287011.5842948 0.13999199867248535
42 1759287011.708051 0.12364077568054199
43 1759287011.7923002 0.08411026000976562
44 1759287020.006539 8.214140176773071
45 1759287021.660354 1.6536836624145508
46 1759287021.750458 0.08999109268188477
47 1759287021.7929382 0.04237103462219238
48 1759287021.904877 0.1118459701538086
49 1759287022.2916722 0.38669705390930176
50 1759287022.4907262 0.19892668724060059
51 1759287022.5492094 0.05835413932800293
52 1759287022.597278 0.0479741096496582
53 1759287022.6557078 0.058327674865722656
54 1759287022.6912205 0.03541994094848633
55 1759287022.7687032 0.07739043235778809
56 1759287022.8609707 0.09216642379760742
57 1759287023.1179168 0.2568185329437256
58 1759287376.8989518 353.78091621398926
59 1759287380.493115 3.594034433364868
60 1759287380.5582864 0.06498098373413086
61 1759287381.575547 1.017162799835205
62 1759287493.046086 111.4704282283783
63 1759287493.4342408 0.388002872467041
64 1759287493.5019085 0.06754493713378906
65 1759287493.5916662 0.08964896202087402
66 1759287493.7565498 0.16477704048156738
67 1759287493.7959738 0.03931832313537598
68 1759287495.9685633 2.1724936962127686
69 1759287496.9098864 0.9412033557891846
70 1759287497.0124462 0.10245442390441895
71 1759287497.1136646 0.10110712051391602
72 1759287497.178868 0.06509017944335938
73 1759287497.2464762 0.06751394271850586
74 1759287497.4294608 0.18288016319274902
75 1759287497.4770813 0.04752302169799805
76 1759287497.562795 0.08560299873352051
77 1759287497.6122422 0.04934096336364746
78 1759287497.733818 0.12148880958557129
79 1759287497.813085 0.07916712760925293
80 1759287500.0373952 2.2241854667663574
81 1759287500.2730014 0.23546791076660156
82 1759287500.3288836 0.05574178695678711
83 1759287502.4116423 2.0826122760772705
84 1759287502.6533365 0.24155616760253906
85 1759287502.7177315 0.06426048278808594
86 1759287502.8628244 0.1449596881866455
87 1759287502.9234493 0.060508012771606445
88 1759287503.00294 0.07936859130859375
89 1759287503.1398456 0.13675737380981445
90 1759287503.2002237 0.06026625633239746
91 1759287504.04138 0.8410243988037109
92 1759287504.2068362 0.16530060768127441
93 1759287504.2872126 0.0802452564239502
94 1759287504.718924 0.4315803050994873
95 1759287504.95461 0.235551118850708
96 1759287505.0584033 0.10366654396057129
97 1759287505.1355019 0.07694697380065918
98 1759287505.3163438 0.1807103157043457
99 1759287505.3644514 0.047954559326171875
100 1759287505.46059 0.09599661827087402
101 1759287505.5077362 0.04703211784362793
102 1759287505.5498717 0.04202890396118164
103 1759287505.6498702 0.09987235069274902
104 1759287505.956551 0.3065629005432129
105 1759287506.2832081 0.3264768123626709
106 1759287506.3300202 0.0466611385345459
107 1759287506.480446 0.15026402473449707
108 1759287506.7186334 0.23803424835205078
109 1759287506.7735987 0.054814815521240234
110 1759287506.8463075 0.07257318496704102
111 1759287506.8845448 0.03810739517211914
112 1759287506.926119 0.04144620895385742
113 1759287507.2051075 0.27883100509643555
114 1759287507.3794138 0.17411375045776367
115 1759287507.5227036 0.1431441307067871
116 1759287507.7044978 0.1816558837890625
117 1759287507.763248 0.058638811111450195
118 1759287507.9342823 0.17091059684753418
119 1759287508.0943346 0.1599130630493164
120 1759287508.2557163 0.1612391471862793
121 1759287508.6274893 0.3716542720794678
122 1759287508.7194495 0.09182357788085938
123 1759287508.9292355 0.20965361595153809
124 1759287509.0387475 0.10935640335083008
125 1759287509.1414318 0.10256481170654297
126 1759287509.2882223 0.14666223526000977
127 1759287509.3968303 0.10846328735351562
128 1759287509.562092 0.1651599407196045
129 1759287509.6273026 0.06502699851989746
130 1759287509.6907113 0.06330227851867676
131 1759287509.729087 0.038248300552368164
132 1759287509.774023 0.04479670524597168
133 1759287611.5260158 101.75186157226562
134 1759287611.6745946 0.14845561981201172
135 1759287612.055661 0.38090968132019043
136 1759287612.1460733 0.09030294418334961
137 1759287612.2909796 0.1447441577911377
138 1759287612.4383116 0.14721035957336426
139 1759287612.4960325 0.05758786201477051
140 1759287612.5946326 0.09848570823669434
141 1759287612.6935363 0.09878253936767578
142 1759287612.7937133 0.10007238388061523
143 1759287612.9714 0.17756056785583496
144 1759287613.037542 0.06598520278930664
145 1759287613.1180172 0.08033943176269531
146 1759287614.1743374 1.0561845302581787
147 1759287614.31501 0.14052033424377441
148 1759287614.4433362 0.12818598747253418
149 1759287685.055768 70.61226320266724
150 1759287685.3716123 0.3157219886779785
151 1759287685.661179 0.2894127368927002
152 1759287685.9354296 0.2741360664367676
153 1759287686.0349162 0.09934186935424805
154 1759287697.1882138 11.15317964553833
155 1759287697.3688905 0.18053770065307617
156 1759287715.832857 18.463849544525146
157 1759287715.8862588 0.05326414108276367
158 1759287887.1139193 171.2275514602661
159 1759287887.143078 0.029021501541137695
160 1759287887.3638241 0.22061419486999512
161 1759287887.5128691 0.14893388748168945
162 1759287887.6679764 0.15498852729797363
163 1759287887.7376637 0.06957578659057617
164 1759287887.7864597 0.04868912696838379
165 1759287888.0248706 0.2383124828338623
166 1759287891.4076731 3.382678508758545
167 1759288356.73138 465.3235831260681
168 1759288356.8062062 0.07470870018005371
169 1759288356.9101405 0.10382413864135742
170 1759288357.30325 0.3929603099822998
171 1759288357.3839703 0.08059501647949219
172 1759288357.5469909 0.1629197597503662
173 1759288357.5936391 0.04653739929199219
174 1759288357.750053 0.15632200241088867
175 1759288357.8009613 0.05075669288635254
176 1759288360.1557784 2.3547205924987793
177 1759288368.038628 7.882725477218628
178 1759288368.2499704 0.21122503280639648
179 1759288368.3414304 0.09135627746582031
180 1759288368.4140081 0.07247090339660645
181 1759288368.473297 0.059197425842285156
182 1759288368.7853668 0.31197285652160645
183 1759288368.8335106 0.04800891876220703
184 1759288368.9362516 0.10263514518737793
185 1759288369.0770214 0.14066314697265625
186 1759288369.1554174 0.07827615737915039
187 1759288369.295878 0.1403975486755371
188 1759288369.3342779 0.038331031799316406
189 1759288369.4103577 0.07596588134765625
190 1759288369.4640477 0.053594350814819336
191 1759288369.5962954 0.13209176063537598
192 1759288369.829328 0.23291492462158203
193 1759288370.0217106 0.19226694107055664
194 1759288370.1015673 0.07970786094665527
195 1759288370.4139433 0.3122556209564209
196 1759288373.6546998 3.220400094985962
197 1759288373.7351859 0.08032512664794922
198 1759288373.8288834 0.09356403350830078
199 1759288378.2453678 4.41635537147522
Total time: 2235.5013949871063
Using Bao: True
python3 baoctl.py --train_mode retrain --dataset stats --repeat 0 --alpha 0.5 --train_query_file workloads/stats/varying_table_queries_200/queries_5_tables/queries_5_tables_plans --train_label_file workloads/stats/varying_table_queries_200/queries_5_tables/queries_5_tables_time.txt --save_folder workloads/stats/varying_table_queries_200/queries_5_tables --predict_query_file workloads/stats/varying_table_queries_200/queries_4_tables/queries_4_tables.sql --predict_label_file workloads/stats/varying_table_queries_200/queries_4_tables/queries_4_tables_time.txt
0 1759288382.5159612 0.11015057563781738
1 1759288382.5912042 0.07512116432189941
2 1759288384.3609495 1.7696309089660645
3 1759288730.0615392 345.70046186447144
4 1759288733.8090594 3.7473952770233154
5 1759288734.0316157 0.22240090370178223
6 1759288734.0785913 0.046864986419677734
7 1759288734.311968 0.23328423500061035
8 1759288734.392656 0.08057594299316406
9 1759288734.447526 0.05476856231689453
10 1759288750.5033557 16.055737018585205
11 1759288750.9227834 0.41930317878723145
12 1759288750.972013 0.049112558364868164
13 1759288751.0050457 0.03292679786682129
14 1759288751.0789802 0.07383370399475098
15 1759288751.1701934 0.09112310409545898
16 1759288751.2465801 0.07628011703491211
17 1759288751.294565 0.04787921905517578
18 1759288751.4958253 0.2011568546295166
19 1759288751.5573618 0.06143903732299805
20 1759288751.6089926 0.05154061317443848
21 1759288751.6547842 0.045702219009399414
22 1759288751.7035325 0.0486598014831543
23 1759288753.4298549 1.7262122631072998
24 1759288753.5191174 0.0891561508178711
25 1759288754.105315 0.5860531330108643
26 1759288754.2081301 0.10270881652832031
27 1759288754.8302917 0.6219973564147949
28 1759288754.9100857 0.0796668529510498
29 1759288754.965295 0.055081844329833984
30 1759288755.0101876 0.04479050636291504
31 1759288755.3054876 0.29518842697143555
32 1759289217.590227 462.28463077545166
33 1759289217.6627676 0.07242941856384277
34 1759289218.0866725 0.4238104820251465
35 1759289218.4310305 0.3442411422729492
36 1759289224.3795643 5.948425054550171
37 1759289224.482688 0.10300993919372559
38 1759289224.8496044 0.36680006980895996
39 1759289226.2093709 1.3596470355987549
40 1759289226.2811754 0.07168722152709961
41 1759289226.4245756 0.14330244064331055
42 1759289226.5437891 0.1191093921661377
43 1759289226.6060438 0.0621495246887207
44 1759289234.9785228 8.372383832931519
45 1759289236.6046114 1.625967264175415
46 1759289236.695223 0.0904855728149414
47 1759289236.7285008 0.03316950798034668
48 1759289236.8250723 0.0964820384979248
49 1759289237.1750066 0.3497955799102783
50 1759289237.3769963 0.20187878608703613
51 1759289237.4321826 0.055046796798706055
52 1759289237.4698503 0.03757500648498535
53 1759289237.5261188 0.05617475509643555
54 1759289237.5567818 0.03052043914794922
55 1759289237.7001078 0.14323878288269043
56 1759289237.7934403 0.09317898750305176
57 1759289238.054941 0.2613945007324219
58 1759289588.3554158 350.3003423213959
59 1759289592.0218995 3.660632371902466
60 1759289592.1140683 0.09205198287963867
61 1759289593.2983794 1.1841964721679688
62 1759289758.0502641 164.75176239013672
63 1759289758.881116 0.43450474739074707
64 1759289758.940555 0.0592954158782959
65 1759289759.012538 0.07186555862426758
66 1759289759.2182775 0.20560312271118164
67 1759289759.2516332 0.03325343132019043
68 1759289761.4962578 2.2445297241210938
69 1759289762.4724135 0.9760463237762451
70 1759289762.5718195 0.09924626350402832
71 1759289762.6690419 0.09711194038391113
72 1759289762.7347324 0.06554508209228516
73 1759289762.8004634 0.06561994552612305
74 1759289762.977301 0.17674803733825684
75 1759289763.0204265 0.043018341064453125
76 1759289763.1047509 0.08420753479003906
77 1759289763.1554244 0.05058693885803223
78 1759289763.2435055 0.08797144889831543
79 1759289763.3230243 0.07941961288452148
80 1759289766.077984 2.7548656463623047
81 1759289766.6111305 0.533026933670044
82 1759289766.666387 0.05510902404785156
83 1759289769.0444844 2.3779983520507812
84 1759289769.2779691 0.23336243629455566
85 1759289769.3424423 0.06435585021972656
86 1759289769.4636283 0.12109756469726562
87 1759289769.5229392 0.059197425842285156
88 1759289769.5979757 0.07492971420288086
89 1759289769.7273023 0.12919330596923828
90 1759289769.7803154 0.05291318893432617
91 1759289770.6536844 0.8732774257659912
92 1759289770.818593 0.16479015350341797
93 1759289770.8969657 0.07824826240539551
94 1759289771.661288 0.7641983032226562
95 1759289771.8985636 0.23717021942138672
96 1759289772.0087707 0.11009359359741211
97 1759289772.0780654 0.06917977333068848
98 1759289772.242656 0.16444778442382812
99 1759289772.288562 0.045767784118652344
100 1759289772.3808305 0.09216713905334473
101 1759289772.4229417 0.04198718070983887
102 1759289772.4615993 0.038558244705200195
103 1759289772.5641158 0.10240626335144043
104 1759289772.8889754 0.3247065544128418
105 1759289773.2478797 0.35878515243530273
106 1759289773.2967312 0.04870891571044922
107 1759289773.458324 0.16145920753479004
108 1759289773.7133532 0.2548868656158447
109 1759289773.7718549 0.05835580825805664
110 1759289773.8376024 0.06561756134033203
111 1759289773.8730903 0.0353541374206543
112 1759289773.908654 0.035402774810791016
113 1759289774.419612 0.5108642578125
114 1759289774.6127756 0.19304919242858887
115 1759289774.753272 0.14035725593566895
116 1759289774.95403 0.2006540298461914
117 1759289775.0146987 0.0605463981628418
118 1759289775.1789043 0.16408181190490723
119 1759289775.3253293 0.14630126953125
120 1759289775.4516864 0.12625908851623535
121 1759289775.8377168 0.3859119415283203
122 1759289775.9331715 0.09529972076416016
123 1759289776.1613567 0.22806501388549805
124 1759289776.2543213 0.09285449981689453
125 1759289776.3553412 0.10091280937194824
126 1759289776.865872 0.5104236602783203
127 1759289776.9640207 0.0980374813079834
128 1759289777.120961 0.15682268142700195
129 1759289777.1797557 0.058672189712524414
130 1759289777.2388117 0.0589444637298584
131 1759289777.268443 0.029524564743041992
132 1759289777.312106 0.043549299240112305
133 1759289873.3069005 95.99466037750244
134 1759289873.511817 0.20480561256408691
135 1759289874.1778557 0.6473860740661621
136 1759289874.2967982 0.11880874633789062
137 1759289874.434856 0.1379539966583252
138 1759289874.573764 0.13877606391906738
139 1759289874.6303883 0.05653214454650879
140 1759289874.7217593 0.09126448631286621
141 1759289874.8160698 0.09420132637023926
142 1759289874.9034338 0.08720588684082031
143 1759289875.1357522 0.23217487335205078
144 1759289875.2189226 0.0830540657043457
145 1759289875.2850864 0.0660700798034668
146 1759289876.8577614 1.5725204944610596
147 1759289876.9939706 0.13610148429870605
148 1759289877.119837 0.1257491111755371
149 1759289955.227266 78.10730195045471
150 1759289955.5449994 0.3176090717315674
151 1759289955.8158677 0.2707509994506836
152 1759289956.0674846 0.2514805793762207
153 1759289956.165085 0.09748387336730957
154 1759289965.505524 9.340287446975708
155 1759289965.6809092 0.1752612590789795
156 1759289985.1392868 19.458261013031006
157 1759289985.1875043 0.048107147216796875
158 1759290160.234956 175.04733443260193
159 1759290160.351089 0.11601471900939941
160 1759290160.6944976 0.34325528144836426
161 1759290160.8890169 0.19440555572509766
162 1759290161.0359895 0.1468522548675537
163 1759290161.1058266 0.06972074508666992
164 1759290161.157579 0.051642417907714844
165 1759290161.8859794 0.7282638549804688
166 1759290166.5975025 4.711402654647827
167 1759290668.163841 501.56622219085693
168 1759290668.275947 0.11199212074279785
169 1759290668.613018 0.33696699142456055
170 1759290669.0168304 0.403700590133667
171 1759290669.1217175 0.10480690002441406
172 1759290669.2583537 0.13653326034545898
173 1759290669.3146834 0.05618095397949219
174 1759290669.6764777 0.3616797924041748
175 1759290669.729995 0.053385257720947266
176 1759290672.1970468 2.4669382572174072
177 1759290680.0314019 7.834245443344116
178 1759290680.2666795 0.23512792587280273
179 1759290680.34093 0.0741434097290039
180 1759290680.4075236 0.06646442413330078
181 1759290680.4529576 0.045343637466430664
182 1759290680.6820238 0.22897124290466309
183 1759290680.725706 0.04357147216796875
184 1759290680.8053272 0.07952666282653809
185 1759290680.9033768 0.09793567657470703
186 1759290680.9729013 0.06940245628356934
187 1759290681.108819 0.13579177856445312
188 1759290681.1449876 0.03604245185852051
189 1759290681.2185748 0.07348418235778809
190 1759290681.2700489 0.05136728286743164
191 1759290681.3809352 0.1107938289642334
192 1759290681.5849497 0.20389366149902344
193 1759290681.7614987 0.17642807960510254
194 1759290681.8321836 0.07052302360534668
195 1759290682.1029992 0.2707035541534424
196 1759290685.238933 3.1358108520507812
197 1759290685.3205252 0.08145570755004883
198 1759290685.4037025 0.08307480812072754
199 1759290689.7130394 4.309234142303467
Total time: 2306.863489627838
Using Bao: True
python3 baoctl.py --train_mode retrain --dataset stats --repeat 0 --alpha 0.5 --train_query_file workloads/stats/varying_table_queries_200/queries_6_tables/queries_6_tables_plans --train_label_file workloads/stats/varying_table_queries_200/queries_6_tables/queries_6_tables_time.txt --save_folder workloads/stats/varying_table_queries_200/queries_6_tables --predict_query_file workloads/stats/varying_table_queries_200/queries_4_tables/queries_4_tables.sql --predict_label_file workloads/stats/varying_table_queries_200/queries_4_tables/queries_4_tables_time.txt
0 1759290691.9107513 0.10592794418334961
1 1759290692.0169358 0.10606575012207031
2 1759290693.621836 1.6047823429107666
3 1759291055.4268541 361.8048927783966
4 1759291059.3750124 3.934718608856201
5 1759291059.5879257 0.21277379989624023
6 1759291059.6299546 0.0419163703918457
7 1759291059.9268796 0.2968306541442871
8 1759291060.0063431 0.07933354377746582
9 1759291060.0580976 0.05165386199951172
10 1759291070.3156986 10.257440090179443
11 1759291070.7689726 0.45314574241638184
12 1759291070.8257668 0.05666947364807129
13 1759291070.8553083 0.029453754425048828
14 1759291070.9312623 0.07585382461547852
15 1759291071.0227716 0.09141945838928223
16 1759291071.0952604 0.07237482070922852
17 1759291071.143008 0.04764437675476074
18 1759291071.3453066 0.20218634605407715
19 1759291071.400342 0.05482959747314453
20 1759291071.4563143 0.055880069732666016
21 1759291071.501943 0.04553079605102539
22 1759291071.5535176 0.051458120346069336
23 1759291073.2087152 1.6550941467285156
24 1759291073.283203 0.07438087463378906
25 1759291073.724853 0.441544771194458
26 1759291073.8197875 0.09480500221252441
27 1759291074.3929741 0.5730748176574707
28 1759291074.4630797 0.06998085975646973
29 1759291074.5142999 0.05111289024353027
30 1759291074.558909 0.04451584815979004
31 1759291074.8353775 0.2763798236846924
32 1759291573.0601125 498.2246148586273
33 1759291573.1637006 0.09173107147216797
34 1759291573.7926617 0.6288599967956543
35 1759291574.3304405 0.5376696586608887
36 1759291581.5686588 7.2381064891815186
37 1759291581.7084277 0.13965463638305664
38 1759291582.096755 0.38821864128112793
39 1759291583.411634 1.314758539199829
40 1759291583.4888313 0.07707548141479492
41 1759291583.6300118 0.14108991622924805
42 1759291583.7565885 0.12648439407348633
43 1759291583.8214002 0.06471586227416992
44 1759291592.8638325 9.042340517044067
45 1759291594.6043007 1.7403433322906494
46 1759291594.7523127 0.14789128303527832
47 1759291594.7880805 0.0356752872467041
48 1759291594.8982775 0.11008262634277344
49 1759291595.2722301 0.3738584518432617
50 1759291595.4877346 0.21540427207946777
51 1759291595.557577 0.06972718238830566
52 1759291595.6020334 0.04436826705932617
53 1759291595.6596096 0.05748748779296875
54 1759291595.6944406 0.034737348556518555
55 1759291596.017312 0.32276415824890137
56 1759291596.1103961 0.09298086166381836
57 1759291596.4188786 0.3083772659301758
58 1759291950.9847507 354.56575870513916
59 1759291954.759338 3.754953145980835
60 1759291954.8222158 0.06280994415283203
61 1759291955.8391004 1.0167853832244873
62 1759292070.3923445 114.55307531356812
63 1759292070.7983425 0.3832743167877197
64 1759292070.85349 0.05507302284240723
65 1759292070.9242399 0.0706329345703125
66 1759292071.0799634 0.15561771392822266
67 1759292071.1179004 0.0378572940826416
68 1759292073.4955986 2.3776252269744873
69 1759292074.4900935 0.9943757057189941
70 1759292074.577177 0.08690977096557617
71 1759292074.6772017 0.09991455078125
72 1759292074.7380593 0.06075477600097656
73 1759292074.802934 0.06472992897033691
74 1759292075.037941 0.23492026329040527
75 1759292075.084886 0.046855926513671875
76 1759292075.1712828 0.08627820014953613
77 1759292075.220642 0.04926657676696777
78 1759292075.3074973 0.08676838874816895
79 1759292075.3830676 0.0754706859588623
80 1759292077.7598903 2.3767096996307373
81 1759292078.1058636 0.34584546089172363
82 1759292078.1493292 0.04336428642272949
83 1759292080.3287117 2.179288387298584
84 1759292080.5643115 0.23548316955566406
85 1759292080.6269093 0.06250238418579102
86 1759292080.749086 0.12208890914916992
87 1759292080.804863 0.05559515953063965
88 1759292080.8819737 0.07702159881591797
89 1759292081.0268943 0.1448192596435547
90 1759292081.1005838 0.07359695434570312
91 1759292082.0133448 0.9126641750335693
92 1759292082.1710734 0.15762615203857422
93 1759292082.266191 0.09500622749328613
94 1759292082.729204 0.4629325866699219
95 1759292082.954008 0.22474241256713867
96 1759292083.0583236 0.1042177677154541
97 1759292083.1255913 0.06716513633728027
98 1759292083.292023 0.16637969017028809
99 1759292083.3373892 0.0452420711517334
100 1759292083.430896 0.09340095520019531
101 1759292083.471788 0.04077911376953125
102 1759292083.5551953 0.0833122730255127
103 1759292083.679683 0.1243903636932373
104 1759292083.966656 0.2868790626525879
105 1759292084.3189857 0.3522322177886963
106 1759292084.3635018 0.044440269470214844
107 1759292084.5287275 0.16511225700378418
108 1759292084.8263981 0.2975592613220215
109 1759292084.9034047 0.07691669464111328
110 1759292084.968418 0.0649406909942627
111 1759292085.0059843 0.037470102310180664
112 1759292085.0369306 0.030852079391479492
113 1759292085.275997 0.23897695541381836
114 1759292085.547668 0.2716057300567627
115 1759292085.6820118 0.13422799110412598
116 1759292085.8617234 0.17961335182189941
117 1759292085.919945 0.058112144470214844
118 1759292086.1177418 0.19768095016479492
119 1759292086.2727451 0.154954195022583
120 1759292086.3994799 0.12661457061767578
121 1759292086.779083 0.3794882297515869
122 1759292086.8714914 0.09225821495056152
123 1759292087.0714364 0.19983458518981934
124 1759292087.1701665 0.09859609603881836
125 1759292087.2885697 0.11829447746276855
126 1759292087.4799528 0.19128751754760742
127 1759292087.5794425 0.09942412376403809
128 1759292087.7403984 0.16084694862365723
129 1759292087.7985873 0.05808424949645996
130 1759292087.8598716 0.06118440628051758
131 1759292087.8899577 0.029996156692504883
132 1759292087.9404962 0.050447940826416016
133 1759292181.6981332 93.75753140449524
134 1759292181.8562417 0.15794873237609863
135 1759292182.1845987 0.32823848724365234
136 1759292182.2724836 0.08778214454650879
137 1759292182.4747667 0.20217466354370117
138 1759292182.621372 0.1464850902557373
139 1759292182.6761365 0.0546720027923584
140 1759292182.7686548 0.09239530563354492
141 1759292182.8605082 0.09175467491149902
142 1759292182.9433808 0.08277487754821777
143 1759292183.1167893 0.173309326171875
144 1759292183.1792803 0.06239628791809082
145 1759292183.2532885 0.07391619682312012
146 1759292184.404961 1.1515662670135498
147 1759292184.6193206 0.21425080299377441
148 1759292184.742447 0.12301468849182129
149 1759292255.7120655 70.96951603889465
150 1759292256.0423574 0.3302140235900879
151 1759292256.3192399 0.2767641544342041
152 1759292256.7433689 0.4240145683288574
153 1759292256.8393939 0.09595179557800293
154 1759292268.8812969 12.041845083236694
155 1759292269.0634744 0.182051420211792
156 1759292287.4698498 18.4062602519989
157 1759292287.5346704 0.06476187705993652
158 1759292470.4521272 182.91740655899048
159 1759292470.4843025 0.0320286750793457
160 1759292470.8383875 0.3539724349975586
161 1759292470.9902759 0.1517789363861084
162 1759292471.1291134 0.1387333869934082
163 1759292471.1938298 0.06457161903381348
164 1759292471.2509906 0.057062625885009766
165 1759292471.5281727 0.27706289291381836
166 1759292476.3459268 4.817655801773071
167 1759292955.162491 478.81645464897156
168 1759292955.2554755 0.08424520492553711
169 1759292955.3533866 0.0977778434753418
170 1759292955.7823153 0.42881298065185547
171 1759292955.8630111 0.0805659294128418
172 1759292956.0113435 0.14822888374328613
173 1759292956.054468 0.043015480041503906
174 1759292956.2240472 0.16946697235107422
175 1759292956.2702632 0.04611992835998535
176 1759292958.9959304 2.7255725860595703
177 1759292967.2347057 8.238657712936401
178 1759292967.6437047 0.4088754653930664
179 1759292967.7190812 0.0752558708190918
180 1759292967.7833228 0.06407546997070312
181 1759292967.901699 0.11828804016113281
182 1759292968.1812215 0.2794497013092041
183 1759292968.2282968 0.04700756072998047
184 1759292968.3095438 0.08115935325622559
185 1759292968.407205 0.09760022163391113
186 1759292968.4715276 0.06421089172363281
187 1759292968.9859061 0.5142700672149658
188 1759292969.0248177 0.03881430625915527
189 1759292969.1235712 0.09865689277648926
190 1759292969.1932828 0.06962251663208008
191 1759292969.320311 0.12694025039672852
192 1759292969.5223796 0.201995849609375
193 1759292969.69204 0.16956138610839844
194 1759292969.7584198 0.06625676155090332
195 1759292970.2756186 0.5170972347259521
196 1759292973.269691 2.993969440460205
197 1759292973.3423896 0.07257604598999023
198 1759292973.4123788 0.06987333297729492
199 1759292978.1636567 4.751213312149048
Total time: 2286.2620537281036
Using Bao: True
python3 baoctl.py --train_mode retrain --dataset stats --repeat 0 --alpha 0.5 --train_query_file workloads/stats/varying_label_queries_200/small_label_queries/small_label_queries_plans --train_label_file workloads/stats/varying_label_queries_200/small_label_queries/small_label_queries_time.txt --save_folder workloads/stats/varying_label_queries_200/small_label_queries --predict_query_file workloads/stats/varying_label_queries_200/small_label_queries/small_label_queries.sql --predict_label_file workloads/stats/varying_label_queries_200/small_label_queries/small_label_queries_time.txt
0 1759292981.6213236 0.15662288665771484
1 1759292981.662371 0.04095172882080078
2 1759292981.7191277 0.0566563606262207
3 1759292981.7682505 0.04902148246765137
4 1759292982.2299707 0.4616270065307617
5 1759292982.2710247 0.04096531867980957
6 1759292982.3282502 0.05712580680847168
7 1759292982.4016204 0.07328343391418457
8 1759292982.480975 0.07926511764526367
9 1759292982.5680628 0.0869901180267334
10 1759292982.6193323 0.05113029479980469
11 1759292982.7236638 0.10424637794494629
12 1759292982.7938304 0.07006597518920898
13 1759292982.8945982 0.10062313079833984
14 1759292982.9516134 0.05690717697143555
15 1759292983.0032513 0.051549673080444336
16 1759292983.0537536 0.05040383338928223
17 1759292983.11936 0.06551837921142578
18 1759292983.147889 0.028426647186279297
19 1759292983.2205775 0.0726022720336914
20 1759292983.2918904 0.07122659683227539
21 1759292983.3753982 0.08340740203857422
22 1759292983.4222326 0.04673123359680176
23 1759292983.5004196 0.07809996604919434
24 1759292983.569139 0.06860876083374023
25 1759292983.686735 0.11748313903808594
26 1759292983.7694197 0.08259749412536621
27 1759292983.8029568 0.03342747688293457
28 1759292983.8404267 0.0373835563659668
29 1759292983.9104626 0.06995034217834473
30 1759292984.001509 0.09094023704528809
31 1759292984.0430174 0.041356801986694336
32 1759292984.1072018 0.06410050392150879
33 1759292984.1792705 0.07196807861328125
34 1759292984.2408075 0.061448097229003906
35 1759292984.310512 0.06961536407470703
36 1759292984.344877 0.034265995025634766
37 1759292984.3899028 0.04493904113769531
38 1759292984.4222667 0.03227663040161133
39 1759292984.497965 0.07560253143310547
40 1759292984.888885 0.39083147048950195
41 1759292984.9350982 0.04612112045288086
42 1759292985.0025494 0.0673058032989502
43 1759292985.0615425 0.058905601501464844
44 1759292985.1523519 0.0907132625579834
45 1759292985.1939871 0.04154825210571289
46 1759292985.2638915 0.06982707977294922
47 1759292985.365857 0.10184192657470703
48 1759292985.434393 0.06844663619995117
49 1759292985.463292 0.028813838958740234
50 1759292985.5360827 0.07269501686096191
51 1759292985.5892258 0.05300021171569824
52 1759292985.6274903 0.03817868232727051
53 1759292985.6595452 0.03195476531982422
54 1759292985.6918714 0.0322415828704834
55 1759292985.7241297 0.03217339515686035
56 1759292985.76191 0.03765106201171875
57 1759292985.8427064 0.08069205284118652
58 1759292985.9127865 0.06999349594116211
59 1759292986.146666 0.23378968238830566
60 1759292986.214779 0.06800007820129395
61 1759292986.2970662 0.08218789100646973
62 1759292986.3986626 0.10142755508422852
63 1759292986.4466078 0.04784417152404785
64 1759292986.5398557 0.09316158294677734
65 1759292986.5874286 0.04748034477233887
66 1759292986.6574907 0.06995820999145508
67 1759292986.6970692 0.03949260711669922
68 1759292986.7310617 0.033883094787597656
69 1759292986.7652948 0.03414654731750488
70 1759292986.8010373 0.03565239906311035
71 1759292986.917659 0.11652994155883789
72 1759292986.948341 0.03059530258178711
73 1759292986.98705 0.038619041442871094
74 1759292987.0615227 0.07438039779663086
75 1759292987.142438 0.08081221580505371
76 1759292987.1749616 0.03243565559387207
77 1759292987.459888 0.2848379611968994
78 1759292987.49725 0.037261962890625
79 1759292987.530751 0.033416032791137695
80 1759292987.5607631 0.02992701530456543
81 1759292987.667743 0.10689043998718262
82 1759292987.7076685 0.03983473777770996
83 1759292987.7532763 0.04551410675048828
84 1759292987.7974708 0.04410910606384277
85 1759292987.8387804 0.041196346282958984
86 1759292987.8628767 0.02400493621826172
87 1759292987.9146106 0.05164837837219238
88 1759292987.9894423 0.07473635673522949
89 1759292988.0393064 0.04975175857543945
90 1759292988.1005962 0.06120443344116211
91 1759292988.184692 0.08400845527648926
92 1759292988.2402837 0.055504798889160156
93 1759292988.2732015 0.032831668853759766
94 1759292988.314396 0.041100502014160156
95 1759292988.3973062 0.08280611038208008
96 1759292988.7568686 0.3594624996185303
97 1759292988.8174326 0.06045842170715332
98 1759292988.8820045 0.06447291374206543
99 1759292989.01141 0.12934231758117676
100 1759292989.0635493 0.052025556564331055
101 1759292989.1268177 0.06316971778869629
102 1759292989.1907234 0.06381964683532715
103 1759292989.2202525 0.029428958892822266
104 1759292989.29733 0.07699012756347656
105 1759292989.3618968 0.0644674301147461
106 1759292989.4104168 0.04842400550842285
107 1759292989.4988952 0.08837532997131348
108 1759292989.551363 0.0523531436920166
109 1759292989.6227407 0.07127094268798828
110 1759292989.6745358 0.051696062088012695
111 1759292990.0663826 0.39174580574035645
112 1759292990.1357417 0.06926465034484863
113 1759292990.2402782 0.10444974899291992
114 1759292990.2736018 0.03323483467102051
115 1759292990.3180757 0.044385433197021484
116 1759292990.3914742 0.07328438758850098
117 1759292990.436351 0.04478859901428223
118 1759292990.5193129 0.0828697681427002
119 1759292990.5689087 0.049503326416015625
120 1759292990.624221 0.05522298812866211
121 1759292990.6608343 0.03650546073913574
122 1759292990.6940777 0.03315901756286621
123 1759292990.7582448 0.0640413761138916
124 1759292990.7928247 0.03449368476867676
125 1759292990.8562639 0.0633537769317627
126 1759292990.9415874 0.0852210521697998
127 1759292990.9766574 0.03497147560119629
128 1759292991.027073 0.05033087730407715
129 1759292991.0822449 0.05506539344787598
130 1759292991.1449263 0.06259512901306152
131 1759292991.1981337 0.05311942100524902
132 1759292991.3986547 0.2003765106201172
133 1759292991.48644 0.08767461776733398
134 1759292991.5543382 0.06778955459594727
135 1759292991.6248446 0.07041358947753906
136 1759292991.7168741 0.09190607070922852
137 1759292991.7636335 0.04666280746459961
138 1759292991.7995963 0.03587651252746582
139 1759292991.8360002 0.036318302154541016
140 1759292991.8719964 0.03591108322143555
141 1759292991.943515 0.07142162322998047
142 1759292991.9986975 0.05508589744567871
143 1759292992.044572 0.0457761287689209
144 1759292992.1407454 0.09607648849487305
145 1759292992.1780818 0.03723907470703125
146 1759292992.2440875 0.06587862968444824
147 1759292992.3291128 0.0849146842956543
148 1759292992.3843148 0.05507326126098633
149 1759292992.453043 0.06863975524902344
150 1759292992.531796 0.0786588191986084
151 1759292992.6136131 0.08171749114990234
152 1759292992.7290514 0.11535120010375977
153 1759292992.7680058 0.038808584213256836
154 1759292992.8110225 0.0429379940032959
155 1759292992.8989472 0.08783292770385742
156 1759292992.9418585 0.04279613494873047
157 1759292992.9872448 0.04529905319213867
158 1759292993.1355786 0.1482393741607666
159 1759292993.175843 0.04015636444091797
160 1759292993.2086346 0.03269362449645996
161 1759292993.3076963 0.09897685050964355
162 1759292993.3574145 0.049631595611572266
163 1759292993.417387 0.059877872467041016
164 1759292993.5425558 0.12507987022399902
165 1759292993.6002269 0.057578325271606445
166 1759292993.6622844 0.06196260452270508
167 1759292993.7212667 0.0588839054107666
168 1759292993.9921238 0.27077198028564453
169 1759292994.0338156 0.04156374931335449
170 1759292994.0683646 0.03445911407470703
171 1759292994.1875868 0.1191093921661377
172 1759292994.2190304 0.03134298324584961
173 1759292994.333715 0.11459803581237793
174 1759292994.4288483 0.09502673149108887
175 1759292994.504998 0.07604718208312988
176 1759292994.5624516 0.05736804008483887
177 1759292994.636796 0.07425045967102051
178 1759292994.7126527 0.0757601261138916
179 1759292994.8052766 0.09253573417663574
180 1759292994.89631 0.09094572067260742
181 1759292994.939941 0.04352760314941406
182 1759292994.9904246 0.05039620399475098
183 1759292995.081429 0.09094786643981934
184 1759292995.1098967 0.02837991714477539
185 1759292995.2813306 0.17137408256530762
186 1759292995.3302948 0.048862457275390625
187 1759292995.3889406 0.05857729911804199
188 1759292995.4491837 0.060151100158691406
189 1759292995.5080428 0.05876421928405762
190 1759292995.559603 0.051505327224731445
191 1759292995.6316068 0.07190847396850586
192 1759292995.6888862 0.057192325592041016
193 1759292995.7228084 0.03382587432861328
194 1759292995.7544005 0.0314936637878418
195 1759292995.850078 0.09558773040771484
196 1759292995.9072843 0.05706429481506348
197 1759292995.969337 0.06196713447570801
198 1759292996.0255349 0.05611228942871094
199 1759292996.1208422 0.09522533416748047
Total time: 14.636852264404297
Using Bao: True
python3 baoctl.py --train_mode retrain --dataset stats --repeat 0 --alpha 0.5 --train_query_file workloads/stats/varying_label_queries_200/small_label_queries/small_label_queries_plans --train_label_file workloads/stats/varying_label_queries_200/small_label_queries/small_label_queries_time.txt --save_folder workloads/stats/varying_label_queries_200/small_label_queries --predict_query_file workloads/stats/varying_label_queries_200/large_label_queries/large_label_queries.sql --predict_label_file workloads/stats/varying_label_queries_200/large_label_queries/large_label_queries_time.txt
0 1759292997.406884 0.16275310516357422
1 1759292997.8477197 0.44072818756103516
2 1759292997.915231 0.0674140453338623
3 1759292998.5233397 0.6080195903778076
4 1759292998.609899 0.0864710807800293
5 1759292998.7903585 0.18035650253295898
6 1759292998.9604077 0.169935941696167
7 1759293400.076103 401.11560010910034
8 1759293401.313286 1.224426031112671
9 1759293401.41696 0.10356521606445312
10 1759293402.7018223 1.2848052978515625
11 1759293402.9026825 0.20079851150512695
12 1759293404.4255984 1.5227973461151123
13 1759293404.6373196 0.2116091251373291
14 1759293405.1248114 0.4874269962310791
15 1759293405.238104 0.11318278312683105
16 1759293407.287799 2.049610137939453
17 1759293410.5024517 3.2145872116088867
18 1759293410.9132342 0.4106588363647461
19 1759293427.883728 16.9704008102417
20 1759293428.2739763 0.39012956619262695
21 1759293429.3566632 1.0826265811920166
22 1759293430.0164628 0.6597421169281006
23 1759293430.8010478 0.7845091819763184
24 1759293430.906605 0.10540008544921875
25 1759293430.9597669 0.05307602882385254
26 1759293431.1873007 0.2274472713470459
27 1759293431.2250562 0.03765702247619629
28 1759293431.3930027 0.16782402992248535
29 1759293431.5346901 0.14163851737976074
30 1759293431.640387 0.1056520938873291
31 1759293432.3425398 0.7020440101623535
32 1759293442.0485947 9.70598030090332
33 1759293442.2347682 0.186065673828125
34 1759293445.8913183 3.6564486026763916
35 1759293446.9958286 1.1043901443481445
36 1759293447.4570358 0.46114110946655273
37 1759293447.5613945 0.10424566268920898
38 1759293447.6907127 0.12918949127197266
39 1759293523.6573424 75.96650862693787
40 1759293523.732613 0.07516264915466309
41 1759293523.788092 0.0553586483001709
42 1759293523.9053218 0.11705231666564941
43 1759293524.1372657 0.23182988166809082
44 1759293524.2838168 0.1464405059814453
45 1759293524.4637372 0.1798267364501953
46 1759293540.0176516 15.553779602050781
47 1759293540.3303108 0.31252002716064453
48 1759293540.4538143 0.12336087226867676
49 1759293550.3353813 9.881441116333008
50 1759293550.7845705 0.4490640163421631
51 1759293550.9087582 0.12403130531311035
52 1759293550.9458902 0.03700518608093262
53 1759293551.0264714 0.08045792579650879
54 1759293551.181557 0.15497732162475586
55 1759293553.4860535 2.304410934448242
56 1759293554.3354504 0.84922194480896
57 1759293554.4811203 0.14555573463439941
58 1759293554.9613695 0.48010969161987305
59 1759293660.6592004 105.69775009155273
60 1759293660.7708395 0.10650491714477539
61 1759293781.1528351 120.38190579414368
62 1759293781.3327816 0.16835236549377441
63 1759293781.4397774 0.10689425468444824
64 1759293781.5310516 0.09117460250854492
65 1759293782.445936 0.9147963523864746
66 1759293783.2331338 0.7871406078338623
67 1759293783.345627 0.11232471466064453
68 1759293783.7783644 0.43264341354370117
69 1759293788.9810114 5.202503204345703
70 1759293789.0875032 0.1063833236694336
71 1759293790.0698855 0.9822793006896973
72 1759294148.1740966 358.10409569740295
73 1759294148.5282538 0.3496396541595459
74 1759294148.975498 0.4471287727355957
75 1759294149.4488382 0.4732358455657959
76 1759294151.614093 2.1651382446289062
77 1759294151.786458 0.1722276210784912
78 1759294154.173185 2.386632204055786
79 1759294154.2665682 0.09333014488220215
80 1759294154.9069998 0.6403734683990479
81 1759294155.103484 0.19635272026062012
82 1759294155.3294568 0.2258763313293457
83 1759294165.043506 9.713969230651855
84 1759294167.2657437 2.2221498489379883
85 1759294168.1153395 0.8494782447814941
86 1759294168.2304454 0.11499857902526855
87 1759294168.48776 0.2571985721588135
88 1759294168.8663568 0.37848401069641113
89 1759294169.2568464 0.39041876792907715
90 1759294170.1117213 0.8547663688659668
91 1759294176.6184862 6.506695747375488
92 1759294176.7156782 0.09707951545715332
93 1759294181.740504 5.024723052978516
94 1759294181.906263 0.16567635536193848
95 1759294182.0242245 0.1178593635559082
96 1759294182.3558285 0.3314971923828125
97 1759294192.107606 9.751675844192505
98 1759294192.3505862 0.2428758144378662
99 1759294192.4426038 0.09191131591796875
100 1759294192.9143195 0.47162437438964844
101 1759294193.359012 0.4445788860321045
102 1759294193.4519536 0.09282064437866211
103 1759294211.6593351 18.207273721694946
104 1759294211.8587646 0.19930028915405273
105 1759294211.9675736 0.10871291160583496
106 1759294212.0901864 0.1224830150604248
107 1759294212.1858501 0.0955500602722168
108 1759294212.3214953 0.13554811477661133
109 1759294212.4745953 0.1530013084411621
110 1759294212.9154303 0.44074082374572754
111 1759294213.0160892 0.10053300857543945
112 1759294213.1683276 0.15204858779907227
113 1759294213.6471138 0.4786794185638428
114 1759294213.6939194 0.04665112495422363
115 1759294214.3078463 0.6138386726379395
116 1759294216.9313347 2.623380422592163
117 1759294223.0535023 6.122053861618042
118 1759294223.1331975 0.0795741081237793
119 1759294223.4718425 0.33853816986083984
120 1759294223.6241326 0.15217375755310059
121 1759294223.9093692 0.2850990295410156
122 1759294224.0340285 0.12453103065490723
123 1759294224.1531022 0.11894750595092773
124 1759294224.2160785 0.06286048889160156
125 1759294226.8686197 2.6524105072021484
126 1759294228.8149433 1.946202278137207
127 1759294228.971512 0.15644383430480957
128 1759294229.3793318 0.4077260494232178
129 1759294230.5669415 1.1874723434448242
130 1759294233.519824 2.952772855758667
131 1759294233.6318514 0.11191773414611816
132 1759294234.556126 0.9241745471954346
133 1759294234.8866165 0.3303544521331787
134 1759294241.9467623 7.060023546218872
135 1759294242.6961057 0.7492249011993408
136 1759294246.9796762 4.283411264419556
137 1759294247.093309 0.11351585388183594
138 1759294247.1980655 0.10464596748352051
139 1759294253.5322862 6.334079027175903
140 1759294254.9633095 1.4309048652648926
141 1759294255.079235 0.11582231521606445
142 1759294255.2694955 0.19015955924987793
143 1759294255.472322 0.20272111892700195
144 1759294255.6732512 0.20082688331604004
145 1759294256.3845174 0.7111554145812988
146 1759294261.688222 5.303576707839966
147 1759294261.827688 0.13934922218322754
148 1759294262.6657355 0.8379530906677246
149 1759294262.852671 0.18682169914245605
150 1759294445.6716876 182.81887984275818
151 1759294445.8315973 0.15546894073486328
152 1759294448.0738916 2.2421984672546387
153 1759294448.6790705 0.6050701141357422
154 1759294448.797944 0.11872696876525879
155 1759294449.0110202 0.2129807472229004
156 1759294450.0478837 1.0367546081542969
157 1759294450.194344 0.14634919166564941
158 1759294450.879833 0.6853945255279541
159 1759294451.718413 0.8384761810302734
160 1759294454.753044 3.034518241882324
161 1759294454.8711798 0.11796164512634277
162 1759294454.9839919 0.11271810531616211
163 1759294455.2753496 0.29125165939331055
164 1759294457.4664953 2.1910207271575928
165 1759294458.8979576 1.431351900100708
166 1759294460.2108223 1.3127453327178955
167 1759294460.3506238 0.13967204093933105
168 1759294460.5083158 0.1575791835784912
169 1759294461.855901 1.3474602699279785
170 1759294462.0973616 0.24133849143981934
171 1759294462.2277513 0.1302776336669922
172 1759294462.4461164 0.21825218200683594
173 1759294462.7860153 0.3397657871246338
174 1759294465.5427005 2.756564140319824
175 1759294465.8236156 0.2807943820953369
176 1759294472.0835695 6.259837865829468
177 1759294472.1405497 0.056864023208618164
178 1759294472.5423944 0.4017524719238281
179 1759294472.6582272 0.11571526527404785
180 1759294476.5773556 3.919015407562256
181 1759294476.6845207 0.10703110694885254
182 1759294482.9467113 6.262087345123291
183 1759294483.1173398 0.1705155372619629
184 1759294489.378367 6.260928630828857
185 1759294489.7119825 0.33350300788879395
186 1759294489.8241072 0.11202383041381836
187 1759294494.4955156 4.671241760253906
188 1759294494.8126154 0.3169820308685303
189 1759294495.765914 0.9531853199005127
190 1759294500.0641906 4.298163652420044
191 1759294500.2419672 0.1776587963104248
192 1759294508.7813494 8.539266586303711
193 1759294510.0286784 1.2472193241119385
194 1759294510.2829924 0.25418710708618164
195 1759294510.3475995 0.06449484825134277
196 1759294510.7744324 0.42671728134155273
197 1759294524.3674028 13.592861413955688
198 1759294525.106621 0.7391073703765869
199 1759294526.9440804 1.6657755374908447
Total time: 1529.4685270786285
Using Bao: True
python3 baoctl.py --train_mode retrain --dataset stats --repeat 0 --alpha 0.5 --train_query_file workloads/stats/varying_label_queries_200/large_label_queries/large_label_queries_plans --train_label_file workloads/stats/varying_label_queries_200/large_label_queries/large_label_queries_time.txt --save_folder workloads/stats/varying_label_queries_200/large_label_queries --predict_query_file workloads/stats/varying_label_queries_200/small_label_queries/small_label_queries.sql --predict_label_file workloads/stats/varying_label_queries_200/small_label_queries/small_label_queries_time.txt
0 1759294530.2792492 0.06541109085083008
1 1759294530.3162365 0.03688931465148926
2 1759294530.369301 0.05295443534851074
3 1759294530.4215074 0.05209946632385254
4 1759294530.4689176 0.04732251167297363
5 1759294530.5197196 0.05071520805358887
6 1759294530.5760405 0.05623507499694824
7 1759294530.9999883 0.42385196685791016
8 1759294531.081078 0.08098673820495605
9 1759294531.1570415 0.07584857940673828
10 1759294531.2036207 0.04648303985595703
11 1759294531.2662706 0.06256294250488281
12 1759294531.3349724 0.06859993934631348
13 1759294531.4539871 0.11891460418701172
14 1759294531.5094488 0.05539083480834961
15 1759294531.5494566 0.03992819786071777
16 1759294531.5980844 0.04852008819580078
17 1759294531.674398 0.07617735862731934
18 1759294531.7014232 0.026938438415527344
19 1759294531.7559574 0.05444145202636719
20 1759294531.836853 0.0808098316192627
21 1759294531.9212437 0.08430361747741699
22 1759294531.967764 0.04642319679260254
23 1759294532.2946432 0.3267960548400879
24 1759294532.364953 0.07025027275085449
25 1759294532.4819176 0.11686825752258301
26 1759294532.5568564 0.07484984397888184
27 1759294532.584247 0.027299880981445312
28 1759294532.6218317 0.03749799728393555
29 1759294532.681377 0.05945944786071777
30 1759294532.7540174 0.07255387306213379
31 1759294532.7961333 0.04203033447265625
32 1759294532.8531778 0.05693840980529785
33 1759294532.9243329 0.07104277610778809
34 1759294532.9726014 0.04817318916320801
35 1759294533.041782 0.06907415390014648
36 1759294533.0764267 0.03455519676208496
37 1759294533.1118631 0.03534388542175293
38 1759294533.1434846 0.03152728080749512
39 1759294533.1983128 0.05472087860107422
40 1759294533.2757874 0.07738685607910156
41 1759294533.3193052 0.04342055320739746
42 1759294533.3907459 0.07135391235351562
43 1759294533.5804915 0.18965435028076172
44 1759294533.638512 0.05792093276977539
45 1759294533.6783102 0.03969931602478027
46 1759294533.7259448 0.047530174255371094
47 1759294533.8000126 0.07398104667663574
48 1759294533.859209 0.05909419059753418
49 1759294533.8875446 0.028247594833374023
50 1759294533.9614813 0.07384967803955078
51 1759294534.01489 0.05331897735595703
52 1759294534.0546784 0.039701223373413086
53 1759294534.088485 0.03372073173522949
54 1759294534.1214516 0.03288102149963379
55 1759294534.1557374 0.03419995307922363
56 1759294534.188789 0.032964468002319336
57 1759294534.2719393 0.08305096626281738
58 1759294534.3427513 0.0707235336303711
59 1759294534.4381633 0.09527707099914551
60 1759294534.5044363 0.06617403030395508
61 1759294534.8835354 0.3789985179901123
62 1759294534.9790363 0.09537768363952637
63 1759294535.0174506 0.038320302963256836
64 1759294535.086341 0.06877541542053223
65 1759294535.1405406 0.05411028861999512
66 1759294535.1950018 0.05436205863952637
67 1759294535.2325392 0.037451744079589844
68 1759294535.2692482 0.03662300109863281
69 1759294535.3003929 0.031046390533447266
70 1759294535.3356006 0.03510928153991699
71 1759294535.4481082 0.11242079734802246
72 1759294535.4792879 0.031043529510498047
73 1759294535.519471 0.040093183517456055
74 1759294535.5996077 0.08004975318908691
75 1759294535.6700652 0.07034802436828613
76 1759294535.7045784 0.0344085693359375
77 1759294535.7911952 0.08652758598327637
78 1759294535.8390799 0.047783613204956055
79 1759294535.8739383 0.0347292423248291
80 1759294535.911236 0.03721117973327637
81 1759294535.9630625 0.05174088478088379
82 1759294536.0184977 0.055303096771240234
83 1759294536.0501657 0.031557559967041016
84 1759294536.0994482 0.04917502403259277
85 1759294536.2124507 0.11290621757507324
86 1759294536.2350464 0.0225069522857666
87 1759294536.2893083 0.0541684627532959
88 1759294536.3668697 0.07747507095336914
89 1759294536.4147453 0.04778647422790527
90 1759294536.4788892 0.0640568733215332
91 1759294536.5577528 0.0787656307220459
92 1759294536.6075006 0.04965686798095703
93 1759294536.641513 0.033914804458618164
94 1759294536.6807537 0.03915286064147949
95 1759294536.7642918 0.08343863487243652
96 1759294536.870125 0.1057431697845459
97 1759294536.92867 0.058415889739990234
98 1759294536.9713285 0.042572021484375
99 1759294537.075517 0.10410237312316895
100 1759294537.125479 0.049857139587402344
101 1759294537.1852834 0.05970501899719238
102 1759294537.2387033 0.05331826210021973
103 1759294537.2705238 0.03172159194946289
104 1759294537.4390407 0.1684269905090332
105 1759294537.5117595 0.0725710391998291
106 1759294537.5617585 0.04990720748901367
107 1759294537.653708 0.09185671806335449
108 1759294537.7081063 0.05429720878601074
109 1759294537.7775786 0.06932806968688965
110 1759294537.830316 0.052639007568359375
111 1759294537.9012606 0.07085156440734863
112 1759294537.9564033 0.05504274368286133
113 1759294538.017316 0.06080794334411621
114 1759294538.0483599 0.03093409538269043
115 1759294538.0917597 0.04331183433532715
116 1759294538.16452 0.07266736030578613
117 1759294538.2105627 0.04594087600708008
118 1759294538.3012977 0.09063553810119629
119 1759294538.35232 0.05091381072998047
120 1759294538.4076815 0.05527520179748535
121 1759294538.4460745 0.03830432891845703
122 1759294538.4815114 0.03531050682067871
123 1759294538.731296 0.2496960163116455
124 1759294538.7710733 0.03968024253845215
125 1759294538.8380752 0.06687355041503906
126 1759294538.9313002 0.09308934211730957
127 1759294538.9683108 0.036919355392456055
128 1759294539.0277226 0.0593256950378418
129 1759294539.0846205 0.056812286376953125
130 1759294539.1499834 0.06527566909790039
131 1759294539.2054636 0.05538129806518555
132 1759294539.2909284 0.08537888526916504
133 1759294539.3719327 0.08089995384216309
134 1759294539.442321 0.07030177116394043
135 1759294539.507987 0.06557917594909668
136 1759294539.5909283 0.0828402042388916
137 1759294539.6371076 0.046072959899902344
138 1759294539.6713502 0.0341036319732666
139 1759294539.7103121 0.03887629508972168
140 1759294539.7625852 0.05218791961669922
141 1759294540.1007981 0.33812379837036133
142 1759294540.161068 0.060167789459228516
143 1759294540.2127495 0.051575422286987305
144 1759294540.3083549 0.09551620483398438
145 1759294540.3486018 0.040157318115234375
146 1759294540.3993845 0.050681114196777344
147 1759294540.4805276 0.08104324340820312
148 1759294540.5350149 0.05440020561218262
149 1759294540.6054494 0.07033586502075195
150 1759294540.6677208 0.06217002868652344
151 1759294540.7403371 0.07252120971679688
152 1759294540.820752 0.08032059669494629
153 1759294540.8591974 0.0382993221282959
154 1759294540.9056504 0.046360015869140625
155 1759294540.9906461 0.08490705490112305
156 1759294541.0349057 0.04414701461791992
157 1759294541.0847883 0.0497894287109375
158 1759294541.477927 0.39304351806640625
159 1759294541.5244856 0.04646921157836914
160 1759294541.5600054 0.035424232482910156
161 1759294541.6446288 0.08453702926635742
162 1759294541.6954901 0.05077338218688965
163 1759294541.756124 0.06053662300109863
164 1759294541.8621266 0.10588479042053223
165 1759294541.9152534 0.052980899810791016
166 1759294541.976195 0.06084179878234863
167 1759294542.0392814 0.06298828125
168 1759294542.112801 0.07343196868896484
169 1759294542.1508822 0.037986040115356445
170 1759294542.188715 0.03774452209472656
171 1759294542.3147118 0.12591004371643066
172 1759294542.3497653 0.03495430946350098
173 1759294542.4653325 0.11547374725341797
174 1759294542.6756103 0.21018409729003906
175 1759294542.7490869 0.07338714599609375
176 1759294542.8110409 0.06184864044189453
177 1759294542.8866417 0.07551383972167969
178 1759294542.9607894 0.07404923439025879
179 1759294543.061659 0.10077381134033203
180 1759294543.1606092 0.09886288642883301
181 1759294543.207071 0.04634881019592285
182 1759294543.2570882 0.04985308647155762
183 1759294543.3002415 0.04302477836608887
184 1759294543.331406 0.03106689453125
185 1759294543.3857937 0.054285526275634766
186 1759294543.4314735 0.04559326171875
187 1759294543.4936988 0.06212663650512695
188 1759294543.539065 0.04527997970581055
189 1759294543.6080039 0.06885337829589844
190 1759294543.6472967 0.039206504821777344
191 1759294543.9782553 0.33086109161376953
192 1759294544.038966 0.060604095458984375
193 1759294544.071908 0.03285551071166992
194 1759294544.1036193 0.03162574768066406
195 1759294544.202166 0.09843015670776367
196 1759294544.2581058 0.055837392807006836
197 1759294544.3134482 0.05520796775817871
198 1759294544.3588624 0.04532337188720703
199 1759294544.4571218 0.09817218780517578
Total time: 14.223759651184082
Using Bao: True
python3 baoctl.py --train_mode retrain --dataset stats --repeat 0 --alpha 0.5 --train_query_file workloads/stats/varying_label_queries_200/large_label_queries/large_label_queries_plans --train_label_file workloads/stats/varying_label_queries_200/large_label_queries/large_label_queries_time.txt --save_folder workloads/stats/varying_label_queries_200/large_label_queries --predict_query_file workloads/stats/varying_label_queries_200/large_label_queries/large_label_queries.sql --predict_label_file workloads/stats/varying_label_queries_200/large_label_queries/large_label_queries_time.txt
0 1759294545.7219908 0.13924932479858398
1 1759294545.85799 0.13587641716003418
2 1759294545.924139 0.06604313850402832
3 1759294546.6998606 0.7756102085113525
4 1759294546.7939653 0.09401249885559082
5 1759294546.9493563 0.15528559684753418
6 1759294547.098533 0.14907002449035645
7 1759294917.9116397 370.81300473213196
8 1759294919.4548519 1.5322043895721436
9 1759294919.562309 0.10734081268310547
10 1759294920.7967923 1.234365701675415
11 1759294920.9399796 0.14307165145874023
12 1759294922.5661886 1.6260414123535156
13 1759294922.7812855 0.21497368812561035
14 1759294923.437014 0.6556339263916016
15 1759294923.558302 0.12119078636169434
16 1759294925.5055997 1.947192907333374
17 1759294928.753288 3.2475829124450684
18 1759294929.1474822 0.39408135414123535
19 1759294946.0136921 16.866097450256348
20 1759294946.669723 0.655956506729126
21 1759294947.7966998 1.126861333847046
22 1759294948.436731 0.6399145126342773
23 1759294949.260471 0.8236842155456543
24 1759294949.3726969 0.11215567588806152
25 1759294949.427387 0.05460095405578613
26 1759294949.661212 0.23375606536865234
27 1759294949.7029004 0.04157567024230957
28 1759294949.8304827 0.12748026847839355
29 1759294949.9325047 0.10192751884460449
30 1759294950.037842 0.10523390769958496
31 1759294950.7090154 0.6710629463195801
32 1759294960.2443247 9.53519582748413
33 1759294960.4062865 0.16188597679138184
34 1759294964.003838 3.5974371433258057
35 1759294965.9424963 1.938525676727295
36 1759294966.4133105 0.4706878662109375
37 1759294966.5204825 0.10709095001220703
38 1759294966.6502554 0.12967705726623535
39 1759295043.2451015 76.5947196483612
40 1759295043.3717926 0.11739039421081543
41 1759295043.4488144 0.07692265510559082
42 1759295043.582687 0.1337881088256836
43 1759295043.8189297 0.23617815971374512
44 1759295043.8980846 0.0790557861328125
45 1759295044.0722847 0.17407608032226562
46 1759295059.6278417 15.555440902709961
47 1759295059.9394095 0.3114457130432129
48 1759295060.0573275 0.11779999732971191
49 1759295069.521217 9.463786125183105
50 1759295069.9676306 0.44632697105407715
51 1759295070.0927267 0.12496590614318848
52 1759295070.13037 0.03753066062927246
53 1759295070.263095 0.1326296329498291
54 1759295070.3819315 0.11869502067565918
55 1759295072.356262 1.9742043018341064
56 1759295073.1595535 0.803168535232544
57 1759295073.2906551 0.13098978996276855
58 1759295073.561274 0.27051687240600586
59 1759295174.0439599 100.4825747013092
60 1759295174.137272 0.09317493438720703
61 1759295190.5914056 16.45403242111206
62 1759295190.718826 0.12730145454406738
63 1759295190.8442452 0.12530255317687988
64 1759295190.9468565 0.10250568389892578
65 1759295191.564646 0.6176950931549072
66 1759295192.16039 0.5956864356994629
67 1759295192.26167 0.1011662483215332
68 1759295192.653721 0.3919551372528076
69 1759295195.8003142 3.146472454071045
70 1759295195.9184391 0.11801552772521973
71 1759295196.8343372 0.9158065319061279
72 1759295543.8798842 347.04547238349915
73 1759295544.48996 0.5755484104156494
74 1759295544.9186714 0.4286069869995117
75 1759295545.0297189 0.11093711853027344
76 1759295547.2243583 2.194537401199341
77 1759295547.3703158 0.1458580493927002
78 1759295549.3341124 1.9636635780334473
79 1759295549.4292006 0.0949101448059082
80 1759295550.0641265 0.6348094940185547
81 1759295550.220039 0.15575385093688965
82 1759295550.4404492 0.22030377388000488
83 1759295559.6445925 9.204066514968872
84 1759295561.7175307 2.0728049278259277
85 1759295562.8753276 1.1577086448669434
86 1759295562.986457 0.11102414131164551
87 1759295563.6491134 0.6625418663024902
88 1759295563.7341645 0.08492684364318848
89 1759295564.0768065 0.3425459861755371
90 1759295564.97603 0.8991231918334961
91 1759295571.1875508 6.211440563201904
92 1759295571.306702 0.11903238296508789
93 1759295576.2643588 4.957559108734131
94 1759295576.442561 0.17805194854736328
95 1759295576.5801795 0.13747334480285645
96 1759295576.8928494 0.3125631809234619
97 1759295586.232544 9.339583158493042
98 1759295586.5102558 0.2776036262512207
99 1759295586.9829688 0.4726142883300781
100 1759295587.4254458 0.44237446784973145
101 1759295587.5949056 0.1693565845489502
102 1759295587.7078912 0.11285901069641113
103 1759295606.8833513 19.17533588409424
104 1759295607.0788362 0.19533586502075195
105 1759295607.2121053 0.13315105438232422
106 1759295607.759548 0.5472865104675293
107 1759295607.8266237 0.06699085235595703
108 1759295607.981424 0.15469980239868164
109 1759295608.1162157 0.1346895694732666
110 1759295608.416996 0.3006858825683594
111 1759295608.5092177 0.09212207794189453
112 1759295608.6643264 0.15504240989685059
113 1759295609.4722645 0.8078153133392334
114 1759295609.5168185 0.044416189193725586
115 1759295609.7590377 0.24212431907653809
116 1759295612.04128 2.282134771347046
117 1759295618.2080467 6.166662931442261
118 1759295618.671988 0.4637722969055176
119 1759295618.7768998 0.10480761528015137
120 1759295618.9443223 0.16732168197631836
121 1759295619.1786761 0.2342543601989746
122 1759295619.288212 0.1094212532043457
123 1759295619.4018383 0.11351871490478516
124 1759295619.4508107 0.04888343811035156
125 1759295621.7679741 2.3170573711395264
126 1759295623.6308784 1.8627910614013672
127 1759295623.7972615 0.16625595092773438
128 1759295624.201231 0.4038712978363037
129 1759295625.619747 1.418384313583374
130 1759295628.5197368 2.899914503097534
131 1759295628.6442876 0.12447643280029297
132 1759295629.2512097 0.6068060398101807
133 1759295629.9569886 0.7056865692138672
134 1759295636.7904737 6.833403587341309
135 1759295637.5557528 0.7651379108428955
136 1759295641.597353 4.041502475738525
137 1759295641.7130804 0.11559915542602539
138 1759295641.8225832 0.10933494567871094
139 1759295647.5545719 5.731882333755493
140 1759295648.9319847 1.3772940635681152
141 1759295649.0403018 0.10821104049682617
142 1759295649.3730328 0.33263421058654785
143 1759295649.5807111 0.20756030082702637
144 1759295649.7802117 0.1994168758392334
145 1759295650.7645798 0.9842569828033447
146 1759295656.334578 5.569880723953247
147 1759295656.4670382 0.13233518600463867
148 1759295657.266569 0.7994680404663086
149 1759295657.7134063 0.4467329978942871
150 1759295846.2449095 188.53141140937805
151 1759295846.3987389 0.14217615127563477
152 1759295848.893056 2.494220018386841
153 1759295849.5093052 0.6160891056060791
154 1759295849.6196005 0.11020302772521973
155 1759295849.8005822 0.1808786392211914
156 1759295850.4225912 0.621898889541626
157 1759295850.5742154 0.15152978897094727
158 1759295851.1082685 0.5339741706848145
159 1759295852.2949138 1.1865746974945068
160 1759295855.1944416 2.899444341659546
161 1759295855.2878475 0.09325265884399414
162 1759295855.8005915 0.5126535892486572
163 1759295856.142924 0.3422577381134033
164 1759295858.6183093 2.4752728939056396
165 1759295860.0154402 1.3970232009887695
166 1759295860.95903 0.9434943199157715
167 1759295861.6491833 0.690030574798584
168 1759295861.8029857 0.15372610092163086
169 1759295863.5018234 1.6987247467041016
170 1759295863.7316957 0.22974824905395508
171 1759295863.8698516 0.13806724548339844
172 1759295864.0850027 0.21507549285888672
173 1759295864.2327816 0.14768314361572266
174 1759295866.9607384 2.7278454303741455
175 1759295867.2385418 0.27768898010253906
176 1759295873.7929544 6.554294586181641
177 1759295873.8570068 0.06394767761230469
178 1759295874.2624643 0.40535950660705566
179 1759295874.4708688 0.2082827091217041
180 1759295878.4437675 3.9727745056152344
181 1759295878.559671 0.11578726768493652
182 1759295885.0558197 6.49604344367981
183 1759295885.2983394 0.24241399765014648
184 1759295891.7866926 6.488258600234985
185 1759295892.0873075 0.30054330825805664
186 1759295892.192694 0.10528373718261719
187 1759295896.6614916 4.468703508377075
188 1759295896.9245608 0.2629222869873047
189 1759295897.87545 0.9507656097412109
190 1759295902.5263462 4.650792837142944
191 1759295902.708125 0.18164753913879395
192 1759295911.2777843 8.569487571716309
193 1759295912.866225 1.5882933139801025
194 1759295913.1008885 0.23454785346984863
195 1759295913.167406 0.06640386581420898
196 1759295913.5970857 0.4295804500579834
197 1759295927.6702068 14.072978973388672
198 1759295928.3000224 0.6296999454498291
199 1759295929.7219887 1.4218931198120117
Total time: 1384.0516324043274
