comments c,posts p#c.PostId=p.Id#c.CreationDate,<=,1409872209,p.FavoriteCount,>=,0#31439
comments c,posts p#c.PostId=p.Id#c.Score,=,0,p.AnswerCount,<=,5#66260
comments c,posts p#c.PostId=p.Id#p.AnswerCount,>=,0,p.AnswerCount,<=,5#89230
comments c,posts p#c.PostId=p.Id#p.ViewCount,>=,0,p.FavoriteCount,<=,6#29009
comments c,posts p#c.PostId=p.Id#p.AnswerCount,>=,0,p.CommentCount,>=,0#90677
comments c,posts p#c.PostId=p.Id#c.Score,=,0,p.CreationDate,<=,1409848185#133752
comments c,posts p#c.PostId=p.Id#p.Score,>=,-2,p.CommentCount,<=,12#163102
comments c,posts p#c.PostId=p.Id#p.CommentCount,<=,9,p.FavoriteCount,<=,6#24297
comments c,posts p#c.PostId=p.Id#c.Score,=,0,p.FavoriteCount,>=,0#22415
comments c,posts p#c.PostId=p.Id#c.Score,=,0,p.AnswerCount,>=,0#67056
comments c,posts p#c.PostId=p.Id#p.PostTypeId,=,1,p.CreationDate,>=,1279904548#90383
comments c,posts p#c.PostId=p.Id#c.Score,=,0,p.Score,>=,-3#134738
comments c,posts p#c.PostId=p.Id#p.AnswerCount,<=,6,p.CommentCount,>=,0#89673
comments c,posts p#c.PostId=p.Id#p.Score,>=,-1,p.ViewCount,<=,5068#88336
comments c,posts p#c.PostId=p.Id#p.PostTypeId,=,1,p.Score,>=,0#89256
comments c,posts p#c.PostId=p.Id#p.ViewCount,<=,3004,p.CommentCount,<=,30#86853
comments c,posts p#c.PostId=p.Id#p.ViewCount,<=,1571,p.CommentCount,<=,16#81341
comments c,posts p#c.PostId=p.Id#c.CreationDate,>=,1281119434,c.CreationDate,<=,1410491626#172776
comments c,posts p#c.PostId=p.Id#p.FavoriteCount,>=,0,p.CreationDate,<=,1410537379#31599
comments c,posts p#c.PostId=p.Id#p.Score,>=,-1,p.FavoriteCount,<=,7#29386
comments c,posts p#c.PostId=p.Id#p.Score,>=,0,p.Score,<=,24#169042
comments c,posts p#c.PostId=p.Id#p.Score,>=,-3,p.CommentCount,>=,0#174017
comments c,posts p#c.PostId=p.Id#p.PostTypeId,=,1,p.CreationDate,<=,1409752700#89676
comments c,posts p#c.PostId=p.Id#c.Score,=,1,p.Score,>=,0#24524
comments c,posts p#c.PostId=p.Id#p.ViewCount,>=,0,p.ViewCount,<=,16696#90261
comments c,posts p#c.PostId=p.Id#p.Score,>=,0,p.CreationDate,<=,1410459241#171402
comments c,posts p#c.PostId=p.Id#c.CreationDate,<=,1410273217,p.PostTypeId,=,1#90170
comments c,posts p#c.PostId=p.Id#c.CreationDate,=,1394160778,p.ViewCount,<=,2720#1
comments c,posts p#c.PostId=p.Id#c.CreationDate,<=,1410652350,p.PostTypeId,=,2#83574
comments c,posts p#c.PostId=p.Id#p.AnswerCount,>=,0,p.AnswerCount,<=,6#89673
comments c,posts p#c.PostId=p.Id#p.PostTypeId,=,1,p.FavoriteCount,<=,8#29796
comments c,posts p#c.PostId=p.Id#p.Score,>=,0,p.ViewCount,<=,2583#84994
comments c,posts p#c.PostId=p.Id#p.Score,>=,-1,p.CreationDate,>=,1284121989#169418
comments c,posts p#c.PostId=p.Id#c.Score,=,0,p.AnswerCount,>=,0#67056
comments c,posts p#c.PostId=p.Id#p.CommentCount,>=,0,p.CommentCount,<=,13#165877
comments c,posts p#c.PostId=p.Id#c.CreationDate,<=,1410365961,p.FavoriteCount,=,0#2128
comments c,posts p#c.PostId=p.Id#p.ViewCount,>=,0,p.FavoriteCount,=,0#2133
comments c,posts p#c.PostId=p.Id#c.CreationDate,>=,1282564365,p.ViewCount,<=,3353#87079
comments c,posts p#c.PostId=p.Id#p.CommentCount,>=,0,p.FavoriteCount,>=,0#31599
comments c,posts p#c.PostId=p.Id#p.PostTypeId,=,1,p.CommentCount,>=,0#90677
comments c,posts p#c.PostId=p.Id#c.CreationDate,>=,1281599746,p.CommentCount,<=,7#132147
comments c,posts p#c.PostId=p.Id#c.Score,=,0,p.CommentCount,<=,11#123627
comments c,posts p#c.PostId=p.Id#c.Score,=,3,p.FavoriteCount,=,0#46
comments c,posts p#c.PostId=p.Id#c.Score,=,0,p.PostTypeId,=,2#67822
comments c,posts p#c.PostId=p.Id#c.CreationDate,<=,1410406209,p.PostTypeId,=,2#83391
comments c,posts p#c.PostId=p.Id#p.PostTypeId,=,2,p.CommentCount,>=,0#83586
comments c,posts p#c.PostId=p.Id#c.Score,=,0,p.FavoriteCount,>=,0#22415
comments c,posts p#c.PostId=p.Id#c.Score,=,0,p.AnswerCount,<=,19#67014
comments c,posts p#c.PostId=p.Id#c.Score,=,1,p.FavoriteCount,=,0#366
comments c,posts p#c.PostId=p.Id#p.AnswerCount,>=,0,p.AnswerCount,<=,6#89673
comments c,posts p#c.PostId=p.Id#c.Score,=,0,c.CreationDate,<=,1410279789#134164
comments c,posts p#c.PostId=p.Id#c.CreationDate,<=,1410098022,p.PostTypeId,=,2#82987
comments c,posts p#c.PostId=p.Id#c.Score,=,1,p.AnswerCount,=,0#4477
comments c,posts p#c.PostId=p.Id#c.CreationDate,<=,1409789012,p.Score,<=,30#170644
comments c,posts p#c.PostId=p.Id#c.Score,=,0,p.ViewCount,<=,4410#65837
comments c,posts p#c.PostId=p.Id#c.CreationDate,=,1293126950,p.Score,<=,23#1
comments c,posts p#c.PostId=p.Id#c.Score,=,0,p.FavoriteCount,=,0#1563
comments c,posts p#c.PostId=p.Id#p.PostTypeId,=,1,p.CreationDate,<=,1408482288#88150
comments c,posts p#c.PostId=p.Id#c.Score,=,0,p.FavoriteCount,<=,4#20008
comments c,posts p#c.PostId=p.Id#p.ViewCount,>=,0,p.CreationDate,<=,1409486098#89296
comments c,posts p#c.PostId=p.Id#p.PostTypeId,=,2,p.CommentCount,<=,8#68556
comments c,posts p#c.PostId=p.Id#p.AnswerCount,<=,4,p.CreationDate,>=,1280220145#88195
comments c,posts p#c.PostId=p.Id#c.Score,=,0,c.CreationDate,<=,1409713279#133168
comments c,posts p#c.PostId=p.Id#p.PostTypeId,=,2,p.CreationDate,<=,1410514033#83516
comments c,posts p#c.PostId=p.Id#p.PostTypeId,=,2,p.CreationDate,>=,1279590456#83387
comments c,posts p#c.PostId=p.Id#p.AnswerCount,>=,0,p.CreationDate,>=,1280767429#90161
comments c,posts p#c.PostId=p.Id#c.CreationDate,<=,1410558815,p.FavoriteCount,<=,10#30290
comments c,posts p#c.PostId=p.Id#c.CreationDate,>=,1280350503,p.PostTypeId,=,2#83145
comments c,posts p#c.PostId=p.Id#p.ViewCount,>=,0,p.ViewCount,<=,3407#87668
comments c,posts p#c.PostId=p.Id#p.Score,=,0,p.ViewCount,>=,0#21330
comments c,posts p#c.PostId=p.Id#p.PostTypeId,=,1,p.FavoriteCount,=,0#2133
comments c,posts p#c.PostId=p.Id#c.CreationDate,<=,1410310243,p.PostTypeId,=,2#83262
comments c,posts p#c.PostId=p.Id#c.CreationDate,<=,1410174334,p.AnswerCount,>=,0#90057
comments c,posts p#c.PostId=p.Id#c.CreationDate,<=,1409740229,p.CommentCount,<=,19#170078
comments c,posts p#c.PostId=p.Id#c.Score,=,0,p.CreationDate,<=,1409664056#133337
comments c,posts p#c.PostId=p.Id#c.Score,=,0,p.PostTypeId,=,1#67056
comments c,posts p#c.PostId=p.Id#p.AnswerCount,<=,6,p.CreationDate,>=,1282792905#89000
comments c,posts p#c.PostId=p.Id#p.Score,>=,-1,p.Score,<=,27#170982
comments c,posts p#c.PostId=p.Id#c.CreationDate,<=,1410297249,p.PostTypeId,=,2#83254
comments c,posts p#c.PostId=p.Id#p.ViewCount,>=,0,p.ViewCount,<=,2025#84846
comments c,posts p#c.PostId=p.Id#p.PostTypeId,=,2,p.CreationDate,>=,1279614996#83346
comments c,posts p#c.PostId=p.Id#c.CreationDate,>=,1281377319,p.PostTypeId,=,1#90196
comments c,posts p#c.PostId=p.Id#c.CreationDate,>=,1281044807,p.ViewCount,=,169#142
comments c,posts p#c.PostId=p.Id#c.Score,=,1,p.PostTypeId,=,2#10475
comments c,posts p#c.PostId=p.Id#p.ViewCount,>=,0,p.AnswerCount,<=,3#86335
comments c,posts p#c.PostId=p.Id#p.CommentCount,>=,0,p.CommentCount,<=,12#163576
comments c,posts p#c.PostId=p.Id#c.CreationDate,<=,1409296026,p.CommentCount,=,5#18191
comments c,posts p#c.PostId=p.Id#c.CreationDate,>=,1288738725,p.PostTypeId,=,1#89016
comments c,posts p#c.PostId=p.Id#c.CreationDate,<=,1410224532,p.CreationDate,<=,1410287888#173336
comments c,posts p#c.PostId=p.Id#c.Score,=,0,c.CreationDate,<=,1410646831#134868
comments c,posts p#c.PostId=p.Id#p.ViewCount,>=,0,p.ViewCount,<=,2031#84877
comments c,posts p#c.PostId=p.Id#p.PostTypeId,=,1,p.AnswerCount,<=,8#90187
comments c,posts p#c.PostId=p.Id#c.CreationDate,<=,1410530300,p.Score,<=,106#173910
comments c,posts p#c.PostId=p.Id#c.CreationDate,>=,1279672008,p.ViewCount,<=,4486#88591
comments c,posts p#c.PostId=p.Id#p.CommentCount,>=,0,p.FavoriteCount,=,0#2133
comments c,posts p#c.PostId=p.Id#c.Score,=,0,p.ViewCount,<=,25197#66941
comments c,posts p#c.PostId=p.Id#p.AnswerCount,<=,4,p.CommentCount,<=,15#85926
comments c,posts p#c.PostId=p.Id#p.FavoriteCount,<=,51,p.CreationDate,<=,1409144372#31145
comments c,posts p#c.PostId=p.Id#p.Score,>=,-1,p.ViewCount,>=,0#90098
comments c,posts p#c.PostId=p.Id#c.Score,=,0,p.PostTypeId,=,2#67822
comments c,posts p#c.PostId=p.Id#c.CreationDate,>=,1233585964,p.Score,>=,-1#173178
comments c,posts p#c.PostId=p.Id#p.CreationDate,>=,1280663328,p.CreationDate,<=,1410191526#171894
comments c,posts p#c.PostId=p.Id#c.Score,=,0,c.CreationDate,<=,1409863454#133517
comments c,posts p#c.PostId=p.Id#p.ViewCount,>=,0,p.CommentCount,<=,17#89145
comments c,posts p#c.PostId=p.Id#p.ViewCount,>=,0,p.ViewCount,<=,2031#84877
comments c,posts p#c.PostId=p.Id#p.CreationDate,>=,1280231802,p.CreationDate,<=,1410100360#172084
comments c,posts p#c.PostId=p.Id#p.PostTypeId,=,2,p.CreationDate,<=,1406722749#80383
comments c,posts p#c.PostId=p.Id#c.Score,=,0,p.CreationDate,<=,1410459074#134676
comments c,posts p#c.PostId=p.Id#p.PostTypeId,=,1,p.ViewCount,>=,0#90677
comments c,posts p#c.PostId=p.Id#c.CreationDate,>=,1280860601,p.PostTypeId,=,1#90319
comments c,posts p#c.PostId=p.Id#p.CommentCount,>=,0,p.FavoriteCount,<=,3#26041
comments c,posts p#c.PostId=p.Id#p.Score,>=,-1,p.CommentCount,<=,9#149860
comments c,posts p#c.PostId=p.Id#p.PostTypeId,=,2,p.CreationDate,<=,1407428791#80995
comments c,posts p#c.PostId=p.Id#p.PostTypeId,=,1,p.AnswerCount,=,0#29880
comments c,posts p#c.PostId=p.Id#p.CommentCount,<=,10,p.FavoriteCount,>=,0#27722
comments c,posts p#c.PostId=p.Id#p.ViewCount,>=,0,p.AnswerCount,<=,10#90326
comments c,posts p#c.PostId=p.Id#p.Score,=,2,p.AnswerCount,<=,4#14547
comments c,posts p#c.PostId=p.Id#c.Score,=,0,p.FavoriteCount,>=,0#22415
comments c,posts p#c.PostId=p.Id#c.Score,=,1,p.AnswerCount,<=,4#14086
comments c,posts p#c.PostId=p.Id#p.PostTypeId,=,1,p.Score,<=,22#89537
comments c,posts p#c.PostId=p.Id#c.Score,=,1,p.AnswerCount,<=,7#14386
comments c,posts p#c.PostId=p.Id#p.ViewCount,>=,0,p.CreationDate,<=,1408961196#88619
comments c,posts p#c.PostId=p.Id#p.ViewCount,>=,0,p.ViewCount,<=,1259#81489
comments c,posts p#c.PostId=p.Id#p.ViewCount,>=,0,p.CommentCount,>=,0#90677
comments c,posts p#c.PostId=p.Id#p.AnswerCount,>=,0,p.CommentCount,<=,7#69335
comments c,posts p#c.PostId=p.Id#c.CreationDate,>=,1279571847,p.CreationDate,>=,1279823627#173546
comments c,posts p#c.PostId=p.Id#p.FavoriteCount,>=,0,p.FavoriteCount,<=,16#30836
comments c,posts p#c.PostId=p.Id#p.ViewCount,>=,0,p.FavoriteCount,<=,16#30836
comments c,posts p#c.PostId=p.Id#p.ViewCount,>=,0,p.ViewCount,<=,3907#88188
comments c,posts p#c.PostId=p.Id#c.Score,=,0,p.AnswerCount,<=,6#66519
comments c,posts p#c.PostId=p.Id#p.PostTypeId,=,1,p.CommentCount,=,5#10055
comments c,posts p#c.PostId=p.Id#c.Score,=,0,c.CreationDate,<=,1410142136#133949
comments c,posts p#c.PostId=p.Id#p.CommentCount,>=,0,p.FavoriteCount,<=,5#28390
comments c,posts p#c.PostId=p.Id#c.Score,=,3,p.ViewCount,<=,1992#1864
comments c,posts p#c.PostId=p.Id#p.Score,>=,-1,p.ViewCount,=,181#163
comments c,posts p#c.PostId=p.Id#p.CommentCount,>=,0,p.FavoriteCount,>=,0#31599
comments c,posts p#c.PostId=p.Id#c.Score,=,0,c.CreationDate,=,1345309172#1
comments c,posts p#c.PostId=p.Id#p.PostTypeId,=,1,p.CreationDate,>=,1279816745#90404
comments c,posts p#c.PostId=p.Id#p.PostTypeId,=,2,p.Score,<=,37#82804
comments c,posts p#c.PostId=p.Id#c.Score,=,0,p.PostTypeId,=,1#67056
comments c,posts p#c.PostId=p.Id#c.Score,=,0,p.PostTypeId,=,2#67822
comments c,posts p#c.PostId=p.Id#p.FavoriteCount,>=,0,p.FavoriteCount,<=,11#30422
comments c,posts p#c.PostId=p.Id#p.Score,=,0,p.FavoriteCount,=,0#415
comments c,posts p#c.PostId=p.Id#p.FavoriteCount,<=,4,p.CreationDate,>=,1282556924#27208
comments c,posts p#c.PostId=p.Id#c.Score,=,0,p.AnswerCount,<=,7#66664
comments c,posts p#c.PostId=p.Id#c.CreationDate,>=,1282983453,c.CreationDate,<=,1409879767#170525
comments c,posts p#c.PostId=p.Id#c.Score,=,0,p.AnswerCount,>=,0#67056
comments c,posts p#c.PostId=p.Id#p.AnswerCount,=,2,p.CommentCount,<=,7#11794
comments c,posts p#c.PostId=p.Id#c.Score,=,0,p.PostTypeId,=,1#67056
comments c,posts p#c.PostId=p.Id#p.AnswerCount,>=,0,p.FavoriteCount,<=,4#27554
comments c,posts p#c.PostId=p.Id#c.Score,=,0,p.Score,=,3#15787
comments c,posts p#c.PostId=p.Id#p.Score,>=,-3,p.AnswerCount,<=,6#89513
comments c,posts p#c.PostId=p.Id#c.CreationDate,>=,1239522970,p.PostTypeId,=,1#90672
comments c,posts p#c.PostId=p.Id#p.CommentCount,=,1,p.CreationDate,<=,1410574187#15086
comments c,posts p#c.PostId=p.Id#c.Score,=,1,p.Score,=,1#4825
comments c,posts p#c.PostId=p.Id#c.CreationDate,>=,1280205759,p.AnswerCount,<=,4#88240
comments c,posts p#c.PostId=p.Id#p.CommentCount,>=,0,p.CommentCount,<=,14#167683
comments c,posts p#c.PostId=p.Id#c.CreationDate,>=,1280601920,c.CreationDate,<=,1410196021#172404
comments c,posts p#c.PostId=p.Id#c.Score,=,0,p.CommentCount,>=,0#134887
comments c,posts p#c.PostId=p.Id#c.Score,=,0,p.ViewCount,>=,0#67056
comments c,posts p#c.PostId=p.Id#c.Score,=,0,c.CreationDate,>=,1279583805#134817
comments c,posts p#c.PostId=p.Id#p.CommentCount,<=,13,p.CreationDate,<=,1410290528#165273
comments c,posts p#c.PostId=p.Id#c.Score,=,0,p.PostTypeId,=,1#67056
comments c,posts p#c.PostId=p.Id#p.Score,<=,26,p.FavoriteCount,>=,0#30721
comments c,posts p#c.PostId=p.Id#c.Score,=,0,p.PostTypeId,=,1#67056
comments c,posts p#c.PostId=p.Id#p.PostTypeId,=,1,p.CommentCount,<=,17#89145
comments c,posts p#c.PostId=p.Id#p.Score,>=,0,p.CreationDate,<=,1410193847#170834
comments c,posts p#c.PostId=p.Id#p.AnswerCount,>=,0,p.AnswerCount,<=,3#86335
comments c,posts p#c.PostId=p.Id#p.CommentCount,<=,16,p.FavoriteCount,<=,8#28924
comments c,posts p#c.PostId=p.Id#p.ViewCount,<=,1266,p.CreationDate,>=,1283960581#81007
comments c,posts p#c.PostId=p.Id#c.Score,=,0,p.PostTypeId,=,1#67056
comments c,posts p#c.PostId=p.Id#c.Score,=,0,p.AnswerCount,<=,5#66260
comments c,posts p#c.PostId=p.Id#p.ViewCount,>=,0,p.CreationDate,<=,1409063418#88724
comments c,posts p#c.PostId=p.Id#p.CommentCount,>=,0,p.CommentCount,<=,13#165877
comments c,posts p#c.PostId=p.Id#p.AnswerCount,<=,4,p.CreationDate,>=,1279569403#88318
comments c,posts p#c.PostId=p.Id#c.Score,=,0,p.PostTypeId,=,2#67822
comments c,posts p#c.PostId=p.Id#p.AnswerCount,<=,3,p.CreationDate,>=,1280499857#86149
comments c,posts p#c.PostId=p.Id#p.AnswerCount,>=,0,p.AnswerCount,<=,5#89230
comments c,posts p#c.PostId=p.Id#c.Score,=,0,p.PostTypeId,=,1#67056
badges b,users u#b.UserId=u.Id#u.Reputation,<=,1588,u.CreationDate,<=,1410501770#69910
badges b,users u#b.UserId=u.Id#u.Reputation,<=,222,u.UpVotes,>=,0#54437
badges b,users u#b.UserId=u.Id#u.Reputation,>=,1,u.CreationDate,>=,1280196030#75856
badges b,users u#b.UserId=u.Id#u.Reputation,>=,1,u.CreationDate,>=,1282067360#72003
badges b,users u#b.UserId=u.Id#b.Date,>=,1280189623,u.Views,>=,0#79206
badges b,users u#b.UserId=u.Id#u.Views,>=,0,u.CreationDate,>=,1283470621#71092
badges b,users u#b.UserId=u.Id#b.Date,<=,1409218752,u.CreationDate,>=,1295638585#64672
badges b,users u#b.UserId=u.Id#u.Views,<=,29,u.DownVotes,<=,0#54175
badges b,users u#b.UserId=u.Id#u.Views,<=,137,u.UpVotes,<=,598#67525
badges b,users u#b.UserId=u.Id#u.UpVotes,>=,0,u.UpVotes,<=,14#55524
badges b,users u#b.UserId=u.Id#u.Views,<=,113,u.UpVotes,>=,0#66700
badges b,users u#b.UserId=u.Id#u.Reputation,=,1,u.UpVotes,>=,0#3470
badges b,users u#b.UserId=u.Id#b.Date,<=,1409938449,u.UpVotes,>=,0#79143
badges b,users u#b.UserId=u.Id#u.Reputation,<=,548,u.DownVotes,>=,0#63193
badges b,users u#b.UserId=u.Id#u.Views,<=,122,u.UpVotes,>=,0#66992
badges b,users u#b.UserId=u.Id#u.DownVotes,>=,0,u.DownVotes,<=,0#62294
badges b,users u#b.UserId=u.Id#b.Date,>=,1290946276,u.DownVotes,<=,0#60220
badges b,users u#b.UserId=u.Id#u.Views,<=,15,u.CreationDate,<=,1408606110#48070
badges b,users u#b.UserId=u.Id#u.DownVotes,<=,18,u.CreationDate,=,1280817651#2
badges b,users u#b.UserId=u.Id#u.Reputation,<=,276,u.CreationDate,>=,1280919139#55451
badges b,users u#b.UserId=u.Id#b.Date,>=,1284588695,u.UpVotes,>=,0#77899
badges b,users u#b.UserId=u.Id#u.Reputation,>=,1,u.Views,>=,0#79851
badges b,users u#b.UserId=u.Id#u.Reputation,>=,1,u.DownVotes,>=,0#79851
badges b,users u#b.UserId=u.Id#u.DownVotes,>=,0,u.DownVotes,<=,12#73638
badges b,users u#b.UserId=u.Id#u.Reputation,>=,1,u.Reputation,<=,183#51915
badges b,users u#b.UserId=u.Id#u.Views,>=,0,u.Views,<=,1040#74927
badges b,users u#b.UserId=u.Id#b.Date,<=,1405163156,u.DownVotes,>=,0#73854
badges b,users u#b.UserId=u.Id#u.Reputation,>=,1,u.DownVotes,<=,0#62294
badges b,users u#b.UserId=u.Id#u.DownVotes,>=,0,u.CreationDate,<=,1408721098#79093
badges b,users u#b.UserId=u.Id#u.DownVotes,<=,0,u.UpVotes,>=,0#62294
badges b,users u#b.UserId=u.Id#b.Date,<=,1409703480,u.Views,<=,186#68170
badges b,users u#b.UserId=u.Id#u.Views,>=,0,u.UpVotes,<=,20#58148
badges b,users u#b.UserId=u.Id#u.Views,>=,0,u.CreationDate,=,1383304797#2
badges b,users u#b.UserId=u.Id#u.Reputation,<=,881,u.DownVotes,=,0#60801
badges b,users u#b.UserId=u.Id#b.Date,>=,1279568347,b.Date,<=,1410596450#79807
badges b,users u#b.UserId=u.Id#u.UpVotes,>=,0,u.UpVotes,<=,44#63291
badges b,users u#b.UserId=u.Id#u.CreationDate,>=,1279574237,u.CreationDate,<=,1408647363#77448
badges b,users u#b.UserId=u.Id#b.Date,<=,1410552700,u.UpVotes,>=,0#79784
badges b,users u#b.UserId=u.Id#u.Views,>=,0,u.Views,<=,13#47313
badges b,users u#b.UserId=u.Id#u.Reputation,>=,1,u.UpVotes,>=,0#79851
badges b,users u#b.UserId=u.Id#b.Date,>=,1279747993,u.CreationDate,<=,1405707615#76916
badges b,users u#b.UserId=u.Id#u.Reputation,<=,279,u.UpVotes,<=,68#56256
badges b,users u#b.UserId=u.Id#u.Views,<=,81,u.UpVotes,=,225#16
badges b,users u#b.UserId=u.Id#u.UpVotes,>=,0,u.CreationDate,>=,1279591902#77740
badges b,users u#b.UserId=u.Id#u.DownVotes,=,0,u.CreationDate,<=,1408802687#61560
badges b,users u#b.UserId=u.Id#u.CreationDate,>=,1279566719,u.CreationDate,<=,1410533572#79176
badges b,users u#b.UserId=u.Id#b.Date,>=,1288922853,u.Views,<=,48#58775
badges b,users u#b.UserId=u.Id#u.DownVotes,<=,2,u.CreationDate,<=,1407524313#66817
badges b,users u#b.UserId=u.Id#b.Date,<=,1408015547,u.UpVotes,<=,42#60560
badges b,users u#b.UserId=u.Id#u.Reputation,<=,191,u.UpVotes,>=,0#52608
badges b,users u#b.UserId=u.Id#b.Date,>=,1297108599,u.Reputation,>=,1#75195
badges b,users u#b.UserId=u.Id#u.Views,>=,0,u.Views,<=,15#48862
badges b,users u#b.UserId=u.Id#u.Reputation,>=,1,u.UpVotes,>=,0#79851
badges b,users u#b.UserId=u.Id#u.Views,>=,0,u.Views,<=,23#53556
badges b,users u#b.UserId=u.Id#u.DownVotes,>=,0,u.DownVotes,<=,3#69247
badges b,users u#b.UserId=u.Id#u.UpVotes,>=,0,u.UpVotes,<=,61#65150
badges b,users u#b.UserId=u.Id#u.UpVotes,<=,5,u.CreationDate,<=,1407504946#45557
badges b,users u#b.UserId=u.Id#b.Date,=,1365596181,u.DownVotes,>=,0#1
badges b,users u#b.UserId=u.Id#u.Reputation,>=,1,u.Reputation,<=,2059#71066
badges b,users u#b.UserId=u.Id#b.Date,>=,1279568348,b.Date,<=,1409566575#78680
badges b,users u#b.UserId=u.Id#u.UpVotes,>=,0,u.UpVotes,<=,51#64199
badges b,users u#b.UserId=u.Id#u.Reputation,>=,1,u.Reputation,<=,1067#67784
badges b,users u#b.UserId=u.Id#u.Views,<=,24,u.DownVotes,<=,17#54030
badges b,users u#b.UserId=u.Id#u.Reputation,>=,1,u.Reputation,<=,1036#67661
badges b,users u#b.UserId=u.Id#u.Views,>=,0,u.Views,<=,75#64086
badges b,users u#b.UserId=u.Id#u.Reputation,>=,1,u.Reputation,<=,176#51369
badges b,users u#b.UserId=u.Id#b.Date,<=,1408554301,u.DownVotes,>=,0#77694
badges b,users u#b.UserId=u.Id#u.UpVotes,=,0,u.CreationDate,<=,1409244950#26564
badges b,users u#b.UserId=u.Id#u.Views,>=,0,u.Views,<=,363#72197
badges b,users u#b.UserId=u.Id#u.DownVotes,>=,0,u.DownVotes,<=,12#73638
badges b,users u#b.UserId=u.Id#u.DownVotes,>=,0,u.CreationDate,<=,1408932910#79158
badges b,users u#b.UserId=u.Id#u.UpVotes,>=,0,u.CreationDate,>=,1296251826#65739
badges b,users u#b.UserId=u.Id#b.Date,<=,1410398923,u.DownVotes,=,0#62052
badges b,users u#b.UserId=u.Id#u.UpVotes,>=,0,u.UpVotes,<=,4#45213
badges b,users u#b.UserId=u.Id#b.Date,>=,1281319161,u.DownVotes,=,0#61530
badges b,users u#b.UserId=u.Id#b.Date,>=,1280588082,u.CreationDate,<=,1409616371#78507
badges b,users u#b.UserId=u.Id#u.Reputation,<=,239,u.DownVotes,>=,0#55255
badges b,users u#b.UserId=u.Id#u.Reputation,>=,1,u.Views,<=,56#61574
badges b,users u#b.UserId=u.Id#u.DownVotes,<=,0,u.UpVotes,>=,0#62294
badges b,users u#b.UserId=u.Id#b.Date,>=,1279580647,u.Views,<=,122#66839
badges b,users u#b.UserId=u.Id#u.CreationDate,>=,1281599105,u.CreationDate,<=,1408935485#72399
badges b,users u#b.UserId=u.Id#b.Date,>=,1280199524,u.DownVotes,>=,0#79187
badges b,users u#b.UserId=u.Id#u.Reputation,<=,231,u.Views,<=,16#48373
badges b,users u#b.UserId=u.Id#u.CreationDate,>=,1279650165,u.CreationDate,<=,1406773744#75098
badges b,users u#b.UserId=u.Id#b.Date,<=,1410159292,u.Views,>=,0#79293
badges b,users u#b.UserId=u.Id#u.UpVotes,<=,107,u.CreationDate,<=,1410165312#68019
badges b,users u#b.UserId=u.Id#u.Views,>=,0,u.DownVotes,<=,2#68130
badges b,users u#b.UserId=u.Id#u.Reputation,>=,1,u.UpVotes,=,6#1740
badges b,users u#b.UserId=u.Id#u.UpVotes,>=,0,u.UpVotes,<=,49#63954
badges b,users u#b.UserId=u.Id#b.Date,>=,1280891429,b.Date,<=,1409684137#77757
badges b,users u#b.UserId=u.Id#b.Date,>=,1280309634,u.Reputation,<=,444#61193
badges b,users u#b.UserId=u.Id#b.Date,>=,1279759094,b.Date,<=,1410574140#79303
badges b,users u#b.UserId=u.Id#b.Date,<=,1410448693,u.Views,<=,19#51394
badges b,users u#b.UserId=u.Id#b.Date,<=,1410426343,u.Views,<=,32#56597
badges b,users u#b.UserId=u.Id#b.Date,>=,1280177922,u.UpVotes,<=,26#59590
badges b,users u#b.UserId=u.Id#u.Reputation,>=,1,u.CreationDate,>=,1297795187#64919
badges b,users u#b.UserId=u.Id#u.DownVotes,<=,1,u.CreationDate,>=,1289618309#60250
badges b,users u#b.UserId=u.Id#u.CreationDate,>=,1282329038,u.CreationDate,<=,1407383798#70392
badges b,users u#b.UserId=u.Id#u.Views,<=,514,u.UpVotes,>=,0#72981
badges b,users u#b.UserId=u.Id#u.Reputation,<=,441,u.Views,<=,32#56210
badges b,users u#b.UserId=u.Id#u.CreationDate,>=,1280176199,u.CreationDate,<=,1410162370#75902
badges b,users u#b.UserId=u.Id#u.UpVotes,>=,0,u.UpVotes,<=,642#74804
badges b,users u#b.UserId=u.Id#u.Views,>=,0,u.CreationDate,=,1358868688#2
badges b,users u#b.UserId=u.Id#b.Date,<=,1409103276,u.DownVotes,<=,6#70157
badges b,users u#b.UserId=u.Id#b.Date,<=,1409942268,u.UpVotes,<=,4#44694
badges b,users u#b.UserId=u.Id#b.Date,=,1393531035,u.Views,<=,67#1
badges b,users u#b.UserId=u.Id#u.DownVotes,>=,0,u.UpVotes,<=,149#69518
badges b,users u#b.UserId=u.Id#u.Reputation,>=,1,u.Reputation,<=,3101#72544
badges b,users u#b.UserId=u.Id#u.DownVotes,>=,0,u.UpVotes,<=,12#54418
badges b,users u#b.UserId=u.Id#u.UpVotes,>=,0,u.UpVotes,<=,3#42815
badges b,users u#b.UserId=u.Id#u.Views,<=,25,u.DownVotes,<=,11#54463
badges b,users u#b.UserId=u.Id#u.Views,=,10,u.CreationDate,<=,1409802329#1158
badges b,users u#b.UserId=u.Id#u.Reputation,>=,1,u.Reputation,<=,111#40195
badges b,users u#b.UserId=u.Id#u.UpVotes,>=,0,u.UpVotes,<=,109#68341
badges b,users u#b.UserId=u.Id#b.Date,<=,1410403928,u.CreationDate,=,1370039156#4
badges b,users u#b.UserId=u.Id#b.Date,>=,1280848520,u.CreationDate,<=,1409610873#78429
badges b,users u#b.UserId=u.Id#u.Reputation,<=,222,u.Views,>=,0#54437
badges b,users u#b.UserId=u.Id#u.Reputation,>=,1,u.Views,<=,23#53556
badges b,users u#b.UserId=u.Id#u.DownVotes,>=,0,u.DownVotes,<=,6#71660
badges b,users u#b.UserId=u.Id#b.Date,>=,1280242424,u.UpVotes,<=,27#59676
badges b,users u#b.UserId=u.Id#b.Date,>=,1279611248,b.Date,<=,1410434190#79297
badges b,users u#b.UserId=u.Id#b.Date,>=,1279570746,u.CreationDate,<=,1409449476#79289
badges b,users u#b.UserId=u.Id#b.Date,>=,1281142348,b.Date,<=,1410579633#78605
badges b,users u#b.UserId=u.Id#b.Date,>=,1279574046,u.Reputation,>=,1#79676
badges b,users u#b.UserId=u.Id#b.Date,>=,1279582447,u.DownVotes,>=,0#79627
badges b,users u#b.UserId=u.Id#u.Views,>=,0,u.CreationDate,>=,1279567311#78975
badges b,users u#b.UserId=u.Id#u.Reputation,>=,1,u.Reputation,<=,459#61985
badges b,users u#b.UserId=u.Id#b.Date,=,1407714972,u.UpVotes,>=,0#1
badges b,users u#b.UserId=u.Id#u.UpVotes,>=,0,u.UpVotes,<=,11442#79851
badges b,users u#b.UserId=u.Id#u.Reputation,>=,1,u.Reputation,<=,929#67154
badges b,users u#b.UserId=u.Id#u.Reputation,>=,1,u.DownVotes,<=,65#77189
badges b,users u#b.UserId=u.Id#b.Date,=,1307585132,u.Views,<=,315#1
badges b,users u#b.UserId=u.Id#b.Date,>=,1280163522,u.CreationDate,<=,1409009753#78617
badges b,users u#b.UserId=u.Id#u.Reputation,>=,1,u.CreationDate,<=,1410268166#79719
badges b,users u#b.UserId=u.Id#u.UpVotes,<=,38,u.CreationDate,>=,1284581371#58861
badges b,users u#b.UserId=u.Id#u.Reputation,>=,1,u.Reputation,<=,1994#70881
badges b,users u#b.UserId=u.Id#b.Date,>=,1279577346,u.DownVotes,<=,4#69972
badges b,users u#b.UserId=u.Id#b.Date,>=,1280213624,u.Reputation,<=,131#45318
badges b,users u#b.UserId=u.Id#u.Reputation,>=,1,u.Reputation,<=,451#61816
badges b,users u#b.UserId=u.Id#u.Views,<=,25,u.DownVotes,<=,5#54435
badges b,users u#b.UserId=u.Id#b.Date,<=,1409849169,u.CreationDate,=,1408747237#1
badges b,users u#b.UserId=u.Id#u.UpVotes,>=,0,u.CreationDate,>=,1279586139#77876
badges b,users u#b.UserId=u.Id#u.DownVotes,>=,0,u.DownVotes,<=,0#62294
badges b,users u#b.UserId=u.Id#u.DownVotes,<=,0,u.UpVotes,=,0#26905
badges b,users u#b.UserId=u.Id#u.DownVotes,>=,0,u.DownVotes,<=,0#62294
badges b,users u#b.UserId=u.Id#u.Reputation,<=,323,u.CreationDate,=,1281029285#6
badges b,users u#b.UserId=u.Id#u.UpVotes,<=,22,u.CreationDate,<=,1409840711#58503
badges b,users u#b.UserId=u.Id#u.Reputation,>=,1,u.Reputation,<=,203#53240
badges b,users u#b.UserId=u.Id#u.Reputation,<=,563,u.Views,>=,0#63465
badges b,users u#b.UserId=u.Id#u.Views,>=,0,u.DownVotes,<=,0#62294
badges b,users u#b.UserId=u.Id#u.Reputation,>=,1,u.DownVotes,>=,0#79851
badges b,users u#b.UserId=u.Id#u.DownVotes,>=,0,u.DownVotes,<=,0#62294
badges b,users u#b.UserId=u.Id#u.UpVotes,<=,38,u.CreationDate,>=,1280952679#60131
badges b,users u#b.UserId=u.Id#u.Views,>=,0,u.CreationDate,>=,1280171485#76367
badges b,users u#b.UserId=u.Id#b.Date,<=,1410460508,u.CreationDate,<=,1409992116#79525
badges b,users u#b.UserId=u.Id#u.Views,>=,0,u.Views,<=,984#74796
badges b,users u#b.UserId=u.Id#u.DownVotes,=,0,u.UpVotes,<=,8#50193
badges b,users u#b.UserId=u.Id#b.Date,<=,1410366142,u.UpVotes,>=,0#79525
badges b,users u#b.UserId=u.Id#u.DownVotes,>=,0,u.DownVotes,<=,0#62294
badges b,users u#b.UserId=u.Id#u.DownVotes,>=,0,u.DownVotes,<=,1#66192
badges b,users u#b.UserId=u.Id#b.Date,<=,1408811544,u.Views,<=,35#56008
badges b,users u#b.UserId=u.Id#b.Date,>=,1281352473,u.CreationDate,=,1408719659#3
badges b,users u#b.UserId=u.Id#u.Views,>=,0,u.Views,<=,23#53556
badges b,users u#b.UserId=u.Id#u.Reputation,<=,1209,u.UpVotes,<=,404#68068
badges b,users u#b.UserId=u.Id#u.CreationDate,>=,1281128547,u.CreationDate,<=,1409169053#73211
badges b,users u#b.UserId=u.Id#u.CreationDate,>=,1280869783,u.CreationDate,<=,1406673980#72354
badges b,users u#b.UserId=u.Id#b.Date,>=,1279658847,u.Reputation,<=,278#56619
badges b,users u#b.UserId=u.Id#u.UpVotes,>=,0,u.CreationDate,<=,1408802687#79113
badges b,users u#b.UserId=u.Id#b.Date,>=,1284740046,u.DownVotes,<=,1#64685
badges b,users u#b.UserId=u.Id#u.Views,<=,206,u.DownVotes,>=,0#69635
badges b,users u#b.UserId=u.Id#u.UpVotes,<=,15,u.CreationDate,>=,1290596076#52359
badges b,users u#b.UserId=u.Id#u.DownVotes,<=,57,u.UpVotes,<=,14#55524
badges b,users u#b.UserId=u.Id#b.Date,>=,1290877575,u.Views,>=,0#76577
badges b,users u#b.UserId=u.Id#b.Date,>=,1280588082,u.CreationDate,>=,1280911844#74093
badges b,users u#b.UserId=u.Id#u.Views,>=,0,u.UpVotes,>=,0#79851
badges b,users u#b.UserId=u.Id#b.Date,>=,1279572846,u.CreationDate,=,1391821336#9
badges b,users u#b.UserId=u.Id#u.Reputation,>=,1,u.DownVotes,>=,0#79851
badges b,users u#b.UserId=u.Id#u.Reputation,>=,1,u.Views,<=,9#43032
badges b,users u#b.UserId=u.Id#b.Date,>=,1284013084,b.Date,<=,1409239763#76561
badges b,users u#b.UserId=u.Id#u.Views,=,1,u.UpVotes,>=,0#7787
badges b,users u#b.UserId=u.Id#b.Date,<=,1408997274,u.Views,=,0#11071
badges b,users u#b.UserId=u.Id#u.UpVotes,>=,0,u.UpVotes,<=,31#60998
badges b,users u#b.UserId=u.Id#u.Views,>=,0,u.Views,<=,63#62506
badges b,users u#b.UserId=u.Id#b.Date,>=,1279568348,b.Date,<=,1408147689#77260
badges b,users u#b.UserId=u.Id#u.Reputation,=,129,u.DownVotes,>=,0#82
badges b,users u#b.UserId=u.Id#b.Date,>=,1280690395,u.UpVotes,=,0#26843
badges b,users u#b.UserId=u.Id#u.DownVotes,>=,0,u.DownVotes,<=,0#62294
badges b,users u#b.UserId=u.Id#u.DownVotes,<=,45,u.UpVotes,>=,0#76194
badges b,users u#b.UserId=u.Id#u.DownVotes,>=,0,u.CreationDate,>=,1280179185#75989
badges b,users u#b.UserId=u.Id#u.DownVotes,>=,0,u.CreationDate,<=,1406513467#77913
badges b,users u#b.UserId=u.Id#u.Views,>=,0,u.UpVotes,>=,0#79851
badges b,users u#b.UserId=u.Id#b.Date,<=,1409784205,u.CreationDate,=,1401969140#2
badges b,users u#b.UserId=u.Id#b.Date,=,1349375037,u.Views,>=,0#1
badges b,users u#b.UserId=u.Id#u.Reputation,>=,1,u.Reputation,<=,211#53819
badges b,users u#b.UserId=u.Id#u.DownVotes,>=,0,u.DownVotes,<=,3#69247
badges b,users u#b.UserId=u.Id#u.Reputation,>=,1,u.CreationDate,>=,1279566572#79454
badges b,users u#b.UserId=u.Id#b.Date,=,1283375020,u.UpVotes,>=,0#1
badges b,users u#b.UserId=u.Id#u.Views,>=,0,u.CreationDate,=,1360548149#4
badges b,users u#b.UserId=u.Id#b.Date,>=,1279584847,b.Date,<=,1410457993#79427
badges b,users u#b.UserId=u.Id#u.Reputation,<=,211,u.CreationDate,<=,1410600578#53811
badges b,users u#b.UserId=u.Id#u.UpVotes,>=,0,u.UpVotes,<=,6054#78442
badges b,users u#b.UserId=u.Id#u.DownVotes,>=,0,u.DownVotes,<=,1#66192
badges b,users u#b.UserId=u.Id#u.Reputation,>=,1,u.UpVotes,>=,0#79851
badges b,users u#b.UserId=u.Id#u.Views,>=,0,u.UpVotes,>=,0#79851
badges b,users u#b.UserId=u.Id#u.DownVotes,<=,0,u.CreationDate,>=,1280437665#60292
badges b,users u#b.UserId=u.Id#u.CreationDate,>=,1280235409,u.CreationDate,<=,1409745737#75080
badges b,users u#b.UserId=u.Id#u.UpVotes,>=,0,u.CreationDate,>=,1279810530#76459
badges b,users u#b.UserId=u.Id#u.Reputation,>=,1,u.Reputation,<=,145#47790
badges b,users u#b.UserId=u.Id#u.Views,<=,44,u.CreationDate,>=,1279795914#58830
badges b,users u#b.UserId=u.Id#u.UpVotes,>=,0,u.CreationDate,<=,1410300927#79731
badges b,users u#b.UserId=u.Id#u.Views,>=,0,u.DownVotes,>=,0#79851
badges b,users u#b.UserId=u.Id#u.DownVotes,>=,0,u.CreationDate,>=,1297583783#65045
badges b,users u#b.UserId=u.Id#u.DownVotes,>=,0,u.DownVotes,<=,0#62294
badges b,users u#b.UserId=u.Id#u.Views,=,173,u.DownVotes,<=,25#52
badges b,users u#b.UserId=u.Id#u.Views,<=,140,u.UpVotes,<=,6#48325
badges b,users u#b.UserId=u.Id#u.UpVotes,>=,0,u.UpVotes,<=,14#55524
badges b,users u#b.UserId=u.Id#u.Reputation,>=,1,u.Views,>=,0#79851
badges b,users u#b.UserId=u.Id#u.Reputation,>=,1,u.CreationDate,>=,1293083529#67169
badges b,users u#b.UserId=u.Id#u.Reputation,>=,1,u.Reputation,<=,1285#68836
badges b,users u#b.UserId=u.Id#b.Date,>=,1280654094,u.Views,>=,0#78867
badges b,users u#b.UserId=u.Id#u.DownVotes,>=,0,u.DownVotes,<=,0#62294
badges b,users u#b.UserId=u.Id#u.Views,>=,0,u.DownVotes,<=,3#69247
badges b,users u#b.UserId=u.Id#b.Date,>=,1279568348,u.UpVotes,<=,2317#77447
badges b,users u#b.UserId=u.Id#b.Date,>=,1289584452,u.Reputation,<=,197#51671
badges b,users u#b.UserId=u.Id#u.Views,<=,228,u.DownVotes,=,0#61695
badges b,users u#b.UserId=u.Id#b.Date,>=,1280848220,u.CreationDate,<=,1410560060#78790
badges b,users u#b.UserId=u.Id#u.DownVotes,>=,0,u.CreationDate,>=,1279575397#78207
badges b,users u#b.UserId=u.Id#u.DownVotes,>=,0,u.CreationDate,<=,1410392745#79764
badges b,users u#b.UserId=u.Id#u.Reputation,>=,1,u.Reputation,<=,821#66361
badges b,users u#b.UserId=u.Id#u.Views,<=,36,u.UpVotes,<=,13#51909
badges b,users u#b.UserId=u.Id#u.UpVotes,>=,0,u.UpVotes,<=,57#64657
badges b,users u#b.UserId=u.Id#b.Date,>=,1279568350,u.Views,>=,0#79792
badges b,users u#b.UserId=u.Id#u.CreationDate,>=,1294943159,u.CreationDate,<=,1410395417#66401
badges b,users u#b.UserId=u.Id#u.Reputation,<=,261,u.DownVotes,>=,0#56163
badges b,users u#b.UserId=u.Id#u.Reputation,<=,121,u.DownVotes,<=,0#43112
badges b,users u#b.UserId=u.Id#u.Reputation,<=,370,u.CreationDate,>=,1282323939#57605
badges b,users u#b.UserId=u.Id#u.Views,>=,0,u.Views,<=,393#72462
badges b,users u#b.UserId=u.Id#u.Reputation,>=,1,u.CreationDate,>=,1281616195#72963
badges b,users u#b.UserId=u.Id#b.Date,<=,1410385790,u.UpVotes,>=,0#79564
badges b,users u#b.UserId=u.Id#b.Date,>=,1279580947,u.UpVotes,>=,0#79633
badges b,users u#b.UserId=u.Id#b.Date,>=,1279589347,u.DownVotes,<=,11#73152
badges b,users u#b.UserId=u.Id#u.UpVotes,>=,0,u.CreationDate,<=,1408366822#78918
badges b,users u#b.UserId=u.Id#u.Reputation,>=,1,u.UpVotes,=,0#26948
badges b,users u#b.UserId=u.Id#u.UpVotes,>=,0,u.UpVotes,<=,43#63082
badges b,users u#b.UserId=u.Id#u.Reputation,>=,1,u.Views,<=,36#57859
badges b,users u#b.UserId=u.Id#u.Reputation,<=,5606,u.DownVotes,<=,2#68077
badges b,users u#b.UserId=u.Id#u.Views,>=,0,u.DownVotes,>=,0#79851
badges b,users u#b.UserId=u.Id#u.Reputation,>=,1,u.Reputation,<=,3518#72697
badges b,users u#b.UserId=u.Id#u.Reputation,=,1,u.Views,>=,0#3470
badges b,users u#b.UserId=u.Id#u.DownVotes,>=,0,u.UpVotes,=,2#5164
badges b,users u#b.UserId=u.Id#u.Reputation,>=,1,u.DownVotes,>=,0#79851
badges b,users u#b.UserId=u.Id#u.Views,>=,0,u.Views,<=,63#62506
badges b,users u#b.UserId=u.Id#u.Views,>=,0,u.Views,<=,60#62051
badges b,users u#b.UserId=u.Id#u.Views,>=,0,u.Views,<=,28#55545
badges b,users u#b.UserId=u.Id#u.DownVotes,<=,2,u.CreationDate,<=,1408654362#67344
badges b,users u#b.UserId=u.Id#u.Reputation,>=,1,u.UpVotes,<=,100#67945
badges b,users u#b.UserId=u.Id#u.UpVotes,>=,0,u.UpVotes,<=,84#67066
badges b,users u#b.UserId=u.Id#u.Reputation,>=,1,u.Reputation,<=,441#61520
badges b,users u#b.UserId=u.Id#b.Date,<=,1410403928,u.UpVotes,<=,42#62734
badges b,users u#b.UserId=u.Id#u.DownVotes,>=,0,u.CreationDate,>=,1280172619#76266
badges b,users u#b.UserId=u.Id#u.Reputation,<=,186,u.CreationDate,<=,1410390951#52178
badges b,users u#b.UserId=u.Id#b.Date,<=,1410391898,u.UpVotes,<=,10#52725
badges b,users u#b.UserId=u.Id#u.DownVotes,=,0,u.CreationDate,>=,1280195879#60887
badges b,users u#b.UserId=u.Id#u.Reputation,>=,1,u.Views,=,3#4254
badges b,users u#b.UserId=u.Id#u.Views,>=,0,u.DownVotes,<=,2#68130
badges b,users u#b.UserId=u.Id#b.Date,<=,1410506375,u.UpVotes,=,0#26875
badges b,users u#b.UserId=u.Id#u.Reputation,>=,1,u.DownVotes,<=,11#73366
badges b,users u#b.UserId=u.Id#u.Reputation,<=,312,u.UpVotes,<=,328#58071
badges b,users u#b.UserId=u.Id#b.Date,<=,1410579014,u.UpVotes,>=,0#79797
badges b,users u#b.UserId=u.Id#u.Views,=,5,u.DownVotes,>=,0#2570
badges b,users u#b.UserId=u.Id#b.Date,>=,1279721892,u.UpVotes,<=,9#51887
badges b,users u#b.UserId=u.Id#u.Views,>=,0,u.CreationDate,>=,1289247980#68776
badges b,users u#b.UserId=u.Id#u.Reputation,<=,1178,u.CreationDate,>=,1280253677#66304
badges b,users u#b.UserId=u.Id#u.Reputation,<=,388,u.CreationDate,>=,1288978163#56556
badges b,users u#b.UserId=u.Id#u.DownVotes,>=,0,u.CreationDate,>=,1279568900#78453
badges b,users u#b.UserId=u.Id#u.Reputation,<=,349,u.DownVotes,<=,14#59103
badges b,users u#b.UserId=u.Id#u.CreationDate,>=,1280344963,u.CreationDate,<=,1407960692#73819
badges b,users u#b.UserId=u.Id#b.Date,>=,1279580647,u.CreationDate,>=,1285698839#70161
badges b,users u#b.UserId=u.Id#u.DownVotes,>=,0,u.CreationDate,<=,1410600578#79843
badges b,users u#b.UserId=u.Id#u.Reputation,>=,1,u.CreationDate,=,1308681757#12
badges b,users u#b.UserId=u.Id#b.Date,>=,1282231768,b.Date,<=,1410531986#78253
badges b,users u#b.UserId=u.Id#u.UpVotes,=,0,u.CreationDate,<=,1408008098#26150
badges b,users u#b.UserId=u.Id#b.Date,<=,1408991747,u.Views,>=,0#78103
badges b,users u#b.UserId=u.Id#u.Reputation,=,96,u.CreationDate,>=,1286913721#104
badges b,users u#b.UserId=u.Id#b.Date,>=,1284137658,b.Date,<=,1409932060#77266
badges b,users u#b.UserId=u.Id#b.Date,>=,1288069001,u.Views,=,2#5634
badges b,users u#b.UserId=u.Id#u.Reputation,<=,407,u.UpVotes,=,0#26800
badges b,users u#b.UserId=u.Id#u.DownVotes,>=,0,u.DownVotes,<=,1#66192
badges b,users u#b.UserId=u.Id#u.Views,>=,0,u.Views,<=,33#57011
badges b,users u#b.UserId=u.Id#b.Date,<=,1409784803,u.Reputation,<=,173#50353
badges b,users u#b.UserId=u.Id#u.DownVotes,>=,0,u.DownVotes,<=,0#62294
badges b,users u#b.UserId=u.Id#b.Date,<=,1410527484,u.Views,<=,12#46308
badges b,users u#b.UserId=u.Id#u.UpVotes,<=,17,u.CreationDate,>=,1281554243#55006
badges b,users u#b.UserId=u.Id#b.Date,<=,1410467148,u.DownVotes,=,0#62140
badges b,users u#b.UserId=u.Id#u.Reputation,>=,1,u.Reputation,<=,1091#67919
badges b,users u#b.UserId=u.Id#u.DownVotes,<=,2,u.CreationDate,>=,1279566277#68103
badges b,users u#b.UserId=u.Id#b.Date,<=,1410279087,u.Reputation,=,51#339
badges b,users u#b.UserId=u.Id#b.Date,>=,1279686792,u.DownVotes,<=,2#67806
badges b,users u#b.UserId=u.Id#u.Reputation,>=,1,u.Views,=,1#7787
badges b,users u#b.UserId=u.Id#u.DownVotes,>=,0,u.CreationDate,<=,1408014924#78747
badges b,users u#b.UserId=u.Id#u.DownVotes,>=,0,u.DownVotes,<=,0#62294
badges b,users u#b.UserId=u.Id#u.DownVotes,<=,0,u.CreationDate,<=,1410389839#62207
badges b,users u#b.UserId=u.Id#u.Views,<=,13,u.UpVotes,<=,115#47226
badges b,users u#b.UserId=u.Id#u.CreationDate,>=,1289006591,u.CreationDate,<=,1409696686#68613
badges b,users u#b.UserId=u.Id#u.Reputation,<=,1190,u.CreationDate,=,1354876099#1
badges b,users u#b.UserId=u.Id#b.Date,>=,1283184792,u.Reputation,<=,703#64080
badges b,users u#b.UserId=u.Id#u.Views,>=,0,u.Views,<=,36#57859
badges b,users u#b.UserId=u.Id#u.DownVotes,>=,0,u.DownVotes,<=,0#62294
badges b,users u#b.UserId=u.Id#u.Reputation,<=,181,u.DownVotes,>=,0#51747
badges b,users u#b.UserId=u.Id#b.Date,<=,1409559192,u.Views,>=,0#78683
badges b,users u#b.UserId=u.Id#u.Reputation,>=,1,u.Views,<=,35#57579
badges b,users u#b.UserId=u.Id#u.UpVotes,>=,0,u.CreationDate,<=,1410218404#79706
badges b,users u#b.UserId=u.Id#u.Reputation,<=,356,u.DownVotes,<=,0#56804
badges b,users u#b.UserId=u.Id#u.Reputation,<=,722,u.UpVotes,<=,43#61367
badges b,users u#b.UserId=u.Id#u.DownVotes,>=,0,u.DownVotes,<=,3#69247
badges b,users u#b.UserId=u.Id#u.Reputation,<=,150,u.Views,<=,61#48239
badges b,users u#b.UserId=u.Id#u.Views,<=,189,u.CreationDate,>=,1283965697#64695
badges b,users u#b.UserId=u.Id#u.CreationDate,>=,1279588147,u.CreationDate,<=,1408052470#76780
badges b,users u#b.UserId=u.Id#u.Views,<=,29,u.DownVotes,<=,0#54175
badges b,users u#b.UserId=u.Id#u.Reputation,>=,1,u.UpVotes,>=,0#79851
badges b,users u#b.UserId=u.Id#u.Views,>=,0,u.Views,<=,27#55188
badges b,users u#b.UserId=u.Id#u.CreationDate,>=,1287678658,u.CreationDate,<=,1406596173#67594
badges b,users u#b.UserId=u.Id#u.DownVotes,>=,0,u.CreationDate,<=,1410551378#79837
badges b,users u#b.UserId=u.Id#b.Date,>=,1285892567,b.Date,<=,1410227135#77150
badges b,users u#b.UserId=u.Id#u.DownVotes,<=,0,u.UpVotes,>=,0#62294
badges b,users u#b.UserId=u.Id#u.Reputation,>=,1,u.DownVotes,<=,1#66192
badges b,users u#b.UserId=u.Id#b.Date,>=,1280436550,u.Reputation,=,11#3106
badges b,users u#b.UserId=u.Id#b.Date,>=,1280209124,u.UpVotes,<=,242#71160
badges b,users u#b.UserId=u.Id#u.UpVotes,>=,0,u.UpVotes,<=,733#75468
badges b,users u#b.UserId=u.Id#u.DownVotes,>=,0,u.DownVotes,<=,0#62294
badges b,users u#b.UserId=u.Id#u.DownVotes,<=,0,u.UpVotes,>=,0#62294
badges b,users u#b.UserId=u.Id#u.Reputation,>=,1,u.Views,<=,29#55873
badges b,users u#b.UserId=u.Id#u.Views,>=,0,u.CreationDate,<=,1410454626#79793
badges b,users u#b.UserId=u.Id#u.Views,=,1,u.DownVotes,<=,14#7787
badges b,users u#b.UserId=u.Id#u.UpVotes,>=,0,u.UpVotes,<=,198#70917
badges b,users u#b.UserId=u.Id#u.UpVotes,>=,0,u.CreationDate,<=,1404129301#76508
badges b,users u#b.UserId=u.Id#b.Date,>=,1280917834,u.Views,=,2#5670
badges b,users u#b.UserId=u.Id#u.UpVotes,<=,325,u.CreationDate,=,1394604480#2
badges b,users u#b.UserId=u.Id#u.CreationDate,>=,1283122257,u.CreationDate,<=,1407672642#70066
badges b,users u#b.UserId=u.Id#b.Date,>=,1279577647,u.CreationDate,>=,1279575705#78186
badges b,users u#b.UserId=u.Id#b.Date,<=,1410270823,u.UpVotes,<=,46#63117
badges b,users u#b.UserId=u.Id#b.Date,>=,1279591447,u.Reputation,>=,1#79604
badges b,users u#b.UserId=u.Id#u.Reputation,<=,161,u.UpVotes,>=,0#49825
badges b,users u#b.UserId=u.Id#b.Date,>=,1289337826,b.Date,<=,1410480572#76736
badges b,users u#b.UserId=u.Id#u.UpVotes,>=,0,u.CreationDate,>=,1290312751#68256
badges b,users u#b.UserId=u.Id#b.Date,<=,1410458853,u.DownVotes,<=,7#71957
badges b,users u#b.UserId=u.Id#u.Views,>=,0,u.Views,<=,156#68251
badges b,users u#b.UserId=u.Id#u.Views,=,0,u.CreationDate,>=,1280257881#11541
badges b,users u#b.UserId=u.Id#u.Views,>=,0,u.UpVotes,<=,25#59605
badges b,users u#b.UserId=u.Id#u.Views,>=,0,u.UpVotes,<=,120#68772
badges b,users u#b.UserId=u.Id#u.Views,<=,108,u.CreationDate,>=,1288456644#61626
badges b,users u#b.UserId=u.Id#u.Reputation,>=,1,u.Reputation,<=,1148#68119
badges b,users u#b.UserId=u.Id#u.Views,>=,0,u.Views,<=,41#58932
badges b,users u#b.UserId=u.Id#u.UpVotes,>=,0,u.UpVotes,<=,84#67066
badges b,users u#b.UserId=u.Id#b.Date,<=,1410384209,u.CreationDate,<=,1408647120#78890
badges b,users u#b.UserId=u.Id#b.Date,>=,1280345035,b.Date,<=,1410216349#78463
badges b,users u#b.UserId=u.Id#u.CreationDate,>=,1283656970,u.CreationDate,<=,1409046148#70377
badges b,users u#b.UserId=u.Id#b.Date,>=,1279972413,u.DownVotes,=,0#61983
badges b,users u#b.UserId=u.Id#b.Date,<=,1410482321,u.CreationDate,>=,1281030220#73805
badges b,users u#b.UserId=u.Id#u.DownVotes,>=,0,u.DownVotes,<=,0#62294
badges b,users u#b.UserId=u.Id#u.Reputation,>=,1,u.UpVotes,>=,0#79851
badges b,users u#b.UserId=u.Id#u.UpVotes,<=,51,u.CreationDate,<=,1410066808#64000
badges b,users u#b.UserId=u.Id#u.UpVotes,>=,0,u.UpVotes,<=,288#72096
badges b,users u#b.UserId=u.Id#u.Reputation,>=,1,u.Views,<=,30#56207
badges b,users u#b.UserId=u.Id#b.Date,>=,1279568946,u.Reputation,<=,526#62888
badges b,users u#b.UserId=u.Id#u.UpVotes,>=,0,u.UpVotes,<=,16#56382
badges b,users u#b.UserId=u.Id#b.Date,<=,1410371549,u.Views,>=,0#79535
badges b,users u#b.UserId=u.Id#b.Date,>=,1292026950,u.Reputation,=,1#3459
badges b,users u#b.UserId=u.Id#u.Reputation,<=,354,u.CreationDate,>=,1279641177#58551
badges b,users u#b.UserId=u.Id#u.Reputation,>=,1,u.Views,<=,12#46398
badges b,users u#b.UserId=u.Id#u.CreationDate,>=,1280188096,u.CreationDate,<=,1410443524#75820
badges b,users u#b.UserId=u.Id#u.Reputation,<=,450,u.CreationDate,=,1400530982#1
badges b,users u#b.UserId=u.Id#b.Date,=,1406607179,u.DownVotes,=,0#1
badges b,users u#b.UserId=u.Id#u.Reputation,>=,1,u.CreationDate,<=,1409052078#79216
badges b,users u#b.UserId=u.Id#u.Reputation,<=,146,u.UpVotes,<=,8#44234
badges b,users u#b.UserId=u.Id#u.Views,>=,0,u.CreationDate,<=,1407002760#78201
badges b,users u#b.UserId=u.Id#u.Reputation,>=,1,u.Reputation,<=,208#53583
badges b,users u#b.UserId=u.Id#u.Reputation,<=,3679,u.Views,>=,0#72979
badges b,users u#b.UserId=u.Id#u.UpVotes,>=,0,u.UpVotes,<=,160#70093
badges b,users u#b.UserId=u.Id#b.Date,=,1395517760,u.CreationDate,<=,1409163212#2
badges b,users u#b.UserId=u.Id#u.DownVotes,>=,0,u.DownVotes,<=,0#62294
badges b,users u#b.UserId=u.Id#u.UpVotes,<=,20,u.CreationDate,>=,1280412868#56702
badges b,users u#b.UserId=u.Id#b.Date,<=,1410201747,u.Views,<=,55#60953
badges b,users u#b.UserId=u.Id#u.UpVotes,<=,10,u.CreationDate,<=,1409948857#52734
badges b,users u#b.UserId=u.Id#u.Reputation,<=,243,u.DownVotes,<=,0#54005
badges b,users u#b.UserId=u.Id#u.CreationDate,>=,1281535640,u.CreationDate,<=,1408374944#72203
badges b,users u#b.UserId=u.Id#u.Reputation,>=,1,u.UpVotes,<=,4#45213
badges b,users u#b.UserId=u.Id#b.Date,>=,1280239424,u.CreationDate,<=,1409668033#78715
badges b,users u#b.UserId=u.Id#u.Views,<=,260,u.DownVotes,>=,0#70431
badges b,users u#b.UserId=u.Id#u.Views,>=,0,u.Views,<=,113#66700
badges b,users u#b.UserId=u.Id#u.DownVotes,=,0,u.CreationDate,<=,1406468947#60359
badges b,users u#b.UserId=u.Id#b.Date,<=,1410278481,u.DownVotes,>=,0#79431
badges b,users u#b.UserId=u.Id#b.Date,>=,1288670449,u.DownVotes,>=,0#77099
badges b,users u#b.UserId=u.Id#b.Date,>=,1303769527,u.DownVotes,<=,0#57996
badges b,users u#b.UserId=u.Id#b.Date,>=,1280945136,u.Reputation,<=,407#60013
badges b,users u#b.UserId=u.Id#b.Date,>=,1288037122,u.Reputation,<=,377#58464
badges b,users u#b.UserId=u.Id#u.Views,>=,0,u.UpVotes,=,4#2398
badges b,users u#b.UserId=u.Id#u.Reputation,>=,1,u.CreationDate,>=,1287897291#69399
badges b,users u#b.UserId=u.Id#u.DownVotes,<=,0,u.CreationDate,<=,1407076255#60693
badges b,users u#b.UserId=u.Id#b.Date,<=,1410135951,u.DownVotes,<=,0#61796
badges b,users u#b.UserId=u.Id#u.Reputation,>=,1,u.Reputation,<=,287#57148
badges b,users u#b.UserId=u.Id#u.CreationDate,>=,1279590467,u.CreationDate,<=,1409566216#77397
badges b,users u#b.UserId=u.Id#u.CreationDate,>=,1284210755,u.CreationDate,<=,1407978036#69763
badges b,users u#b.UserId=u.Id#u.Views,>=,0,u.DownVotes,>=,0#79851
badges b,users u#b.UserId=u.Id#u.CreationDate,>=,1280245070,u.CreationDate,<=,1409001764#74698
badges b,users u#b.UserId=u.Id#b.Date,=,1353453774,u.UpVotes,<=,16#1
badges b,users u#b.UserId=u.Id#b.Date,=,1399047799,u.Reputation,<=,523#4
badges b,users u#b.UserId=u.Id#u.Reputation,<=,346,u.DownVotes,=,0#56643
badges b,users u#b.UserId=u.Id#u.Reputation,<=,304,u.UpVotes,>=,0#57646
badges b,users u#b.UserId=u.Id#u.Views,<=,40,u.UpVotes,<=,28#55801
badges b,users u#b.UserId=u.Id#b.Date,>=,1279642751,u.DownVotes,=,0#62081
badges b,users u#b.UserId=u.Id#u.DownVotes,<=,1,u.UpVotes,>=,0#66192
badges b,users u#b.UserId=u.Id#u.UpVotes,>=,0,u.UpVotes,<=,12#54418
badges b,users u#b.UserId=u.Id#b.Date,>=,1279748593,b.Date,<=,1410549100#79293
badges b,users u#b.UserId=u.Id#b.Date,<=,1409787369,u.Reputation,<=,206#52720
badges b,users u#b.UserId=u.Id#u.Reputation,<=,155,u.UpVotes,<=,16#47090
badges b,users u#b.UserId=u.Id#u.Reputation,<=,1453,u.Views,>=,0#69572
badges b,users u#b.UserId=u.Id#u.CreationDate,>=,1279637340,u.CreationDate,<=,1409421093#76462
badges b,users u#b.UserId=u.Id#u.DownVotes,=,0,u.CreationDate,<=,1409539909#61899
badges b,users u#b.UserId=u.Id#b.Date,<=,1409165074,u.UpVotes,<=,35#60486
badges b,users u#b.UserId=u.Id#u.Views,>=,0,u.Views,<=,227#69953
badges b,users u#b.UserId=u.Id#u.Views,=,1,u.UpVotes,<=,105#7781
badges b,users u#b.UserId=u.Id#u.Reputation,<=,406,u.UpVotes,<=,12#52730
badges b,users u#b.UserId=u.Id#u.Reputation,>=,1,u.Reputation,<=,3015#72395
posts p,users u#p.OwnerUserId=u.Id#p.CreationDate,=,1343057990,u.Views,<=,269#1
posts p,users u#p.OwnerUserId=u.Id#p.Score,>=,-1,p.Score,<=,21#89441
posts p,users u#p.OwnerUserId=u.Id#p.PostTypeId,=,1,u.CreationDate,=,1319815430#2
posts p,users u#p.OwnerUserId=u.Id#p.ViewCount,>=,0,u.Reputation,<=,661#37051
posts p,users u#p.OwnerUserId=u.Id#p.CommentCount,>=,0,p.FavoriteCount,>=,0#12979
posts p,users u#p.OwnerUserId=u.Id#p.Score,<=,85,u.CreationDate,<=,1407867432#89457
posts p,users u#p.OwnerUserId=u.Id#p.ViewCount,<=,41652,p.FavoriteCount,=,0#872
posts p,users u#p.OwnerUserId=u.Id#p.CreationDate,=,1399110107,u.Views,>=,0#1
posts p,users u#p.OwnerUserId=u.Id#u.Reputation,>=,1,u.Reputation,<=,158#34990
posts p,users u#p.OwnerUserId=u.Id#p.ViewCount,>=,0,p.ViewCount,<=,17019#42080
posts p,users u#p.OwnerUserId=u.Id#p.AnswerCount,>=,0,u.CreationDate,<=,1408530160#41609
posts p,users u#p.OwnerUserId=u.Id#p.ViewCount,<=,6586,p.AnswerCount,<=,56#41726
posts p,users u#p.OwnerUserId=u.Id#p.CommentCount,<=,11,u.Reputation,>=,1#89666
posts p,users u#p.OwnerUserId=u.Id#p.CommentCount,<=,10,p.CreationDate,<=,1410086180#88604
posts p,users u#p.OwnerUserId=u.Id#p.AnswerCount,=,1,u.DownVotes,<=,0#15046
posts p,users u#p.OwnerUserId=u.Id#p.CreationDate,<=,1408371036,u.UpVotes,>=,0#87845
posts p,users u#p.OwnerUserId=u.Id#p.Score,<=,15,u.Reputation,>=,1#89030
posts p,users u#p.OwnerUserId=u.Id#p.AnswerCount,<=,27,u.Reputation,>=,1#42182
posts p,users u#p.OwnerUserId=u.Id#p.CreationDate,<=,1410207369,u.UpVotes,<=,9#38072
posts p,users u#p.OwnerUserId=u.Id#p.CommentCount,>=,0,p.CreationDate,<=,1410285605#90116
posts p,users u#p.OwnerUserId=u.Id#p.PostTypeId,=,1,u.UpVotes,<=,21#32848
posts p,users u#p.OwnerUserId=u.Id#p.ViewCount,<=,3303,u.Views,<=,23#28721
posts p,users u#p.OwnerUserId=u.Id#u.Views,=,4,u.UpVotes,>=,0#2330
posts p,users u#p.OwnerUserId=u.Id#p.CreationDate,<=,1408565049,u.Reputation,=,101#550
posts p,users u#p.OwnerUserId=u.Id#u.Reputation,>=,1,u.CreationDate,>=,1280353327#84840
posts p,users u#p.OwnerUserId=u.Id#p.Score,>=,-1,p.Score,<=,34#89935
posts p,users u#p.OwnerUserId=u.Id#p.PostTypeId,=,2,u.Reputation,<=,395#10570
posts p,users u#p.OwnerUserId=u.Id#p.AnswerCount,<=,4,p.CreationDate,<=,1410361093#41335
posts p,users u#p.OwnerUserId=u.Id#p.Score,=,0,u.Reputation,>=,1#19927
posts p,users u#p.OwnerUserId=u.Id#u.Views,>=,0,u.DownVotes,<=,0#50205
posts p,users u#p.OwnerUserId=u.Id#p.CommentCount,>=,0,u.Reputation,=,101#580
posts p,users u#p.OwnerUserId=u.Id#p.AnswerCount,=,0,u.UpVotes,=,0#7700
posts p,users u#p.OwnerUserId=u.Id#p.Score,<=,17,u.DownVotes,>=,0#89382
posts p,users u#p.OwnerUserId=u.Id#u.Reputation,=,1,u.Views,>=,0#4546
posts p,users u#p.OwnerUserId=u.Id#p.CreationDate,<=,1410557147,u.Reputation,<=,226#39202
posts p,users u#p.OwnerUserId=u.Id#p.PostTypeId,=,2,u.Reputation,>=,1#47100
posts p,users u#p.OwnerUserId=u.Id#u.DownVotes,<=,0,u.CreationDate,<=,1409155204#49734
posts p,users u#p.OwnerUserId=u.Id#p.CommentCount,>=,0,u.DownVotes,<=,0#50205
posts p,users u#p.OwnerUserId=u.Id#u.Reputation,<=,4957,u.DownVotes,>=,0#68977
posts p,users u#p.OwnerUserId=u.Id#p.ViewCount,<=,10445,u.Reputation,<=,328#33269
posts p,users u#p.OwnerUserId=u.Id#p.FavoriteCount,<=,7,u.Views,>=,0#12323
posts p,users u#p.OwnerUserId=u.Id#p.ViewCount,>=,0,u.CreationDate,=,1392301591#1
posts p,users u#p.OwnerUserId=u.Id#p.PostTypeId,=,2,u.Views,>=,0#47100
posts p,users u#p.OwnerUserId=u.Id#p.AnswerCount,>=,0,u.Reputation,<=,163#28433
posts p,users u#p.OwnerUserId=u.Id#p.PostTypeId,=,2,u.CreationDate,>=,1287157891#34961
posts p,users u#p.OwnerUserId=u.Id#p.AnswerCount,=,0,p.CreationDate,<=,1410466961#13689
posts p,users u#p.OwnerUserId=u.Id#p.CommentCount,>=,0,u.DownVotes,>=,0#90584
posts p,users u#p.OwnerUserId=u.Id#p.Score,>=,0,u.UpVotes,>=,0#89580
posts p,users u#p.OwnerUserId=u.Id#p.ViewCount,>=,0,u.UpVotes,>=,0#42188
posts p,users u#p.OwnerUserId=u.Id#p.AnswerCount,>=,0,u.DownVotes,>=,0#42188
posts p,users u#p.OwnerUserId=u.Id#u.UpVotes,>=,0,u.UpVotes,<=,51#52762
posts p,users u#p.OwnerUserId=u.Id#p.CommentCount,>=,0,p.CommentCount,<=,12#89936
posts p,users u#p.OwnerUserId=u.Id#p.PostTypeId,=,1,p.ViewCount,<=,6436#41709
posts p,users u#p.OwnerUserId=u.Id#p.Score,<=,17,u.DownVotes,=,1#4540
posts p,users u#p.OwnerUserId=u.Id#p.CommentCount,>=,0,p.FavoriteCount,<=,16#12782
posts p,users u#p.OwnerUserId=u.Id#p.CommentCount,<=,14,p.CreationDate,>=,1281614455#88846
comments c,postLinks pl#c.PostId=pl.PostId#pl.CreationDate,>=,1319636783,pl.CreationDate,<=,1409689525#31771
comments c,postLinks pl#c.PostId=pl.PostId#c.CreationDate,>=,1281006681,c.CreationDate,<=,1410218093#34921
comments c,postLinks pl#c.PostId=pl.PostId#c.Score,=,5,pl.LinkTypeId,=,1#205
comments c,postLinks pl#c.PostId=pl.PostId#c.CreationDate,<=,1410262545,pl.CreationDate,=,1396086706#7
comments c,postLinks pl#c.PostId=pl.PostId#c.CreationDate,<=,1408663309,pl.CreationDate,>=,1287897192#33958
comments c,postLinks pl#c.PostId=pl.PostId#c.Score,=,1,pl.LinkTypeId,=,1#5854
comments c,postLinks pl#c.PostId=pl.PostId#c.Score,=,0,pl.LinkTypeId,=,1#23167
comments c,postLinks pl#c.PostId=pl.PostId#pl.CreationDate,>=,1330513346,pl.CreationDate,<=,1406762364#28650
comments c,postLinks pl#c.PostId=pl.PostId#c.Score,=,1,pl.LinkTypeId,=,1#5854
comments c,postLinks pl#c.PostId=pl.PostId#c.Score,=,0,c.CreationDate,<=,1410386445#24657
comments c,postLinks pl#c.PostId=pl.PostId#c.Score,=,0,pl.CreationDate,>=,1288126621#24406
comments c,postLinks pl#c.PostId=pl.PostId#c.CreationDate,<=,1410473491,pl.LinkTypeId,=,1#33014
comments c,postLinks pl#c.PostId=pl.PostId#c.Score,=,0,c.CreationDate,<=,1410461210#24692
comments c,postLinks pl#c.PostId=pl.PostId#c.Score,=,0,c.CreationDate,>=,1280703527#24659
comments c,postLinks pl#c.PostId=pl.PostId#pl.LinkTypeId,=,1,pl.CreationDate,<=,1407609592#31613
comments c,postLinks pl#c.PostId=pl.PostId#c.Score,=,0,c.CreationDate,>=,1281531086#24607
comments c,postLinks pl#c.PostId=pl.PostId#pl.CreationDate,>=,1293722898,pl.CreationDate,<=,1403606924#31230
comments c,postLinks pl#c.PostId=pl.PostId#c.Score,=,4,c.CreationDate,<=,1410453271#415
comments c,postLinks pl#c.PostId=pl.PostId#c.Score,=,1,pl.LinkTypeId,=,1#5854
comments c,postLinks pl#c.PostId=pl.PostId#c.Score,=,1,pl.CreationDate,<=,1408543317#6100
comments c,postLinks pl#c.PostId=pl.PostId#c.Score,=,0,pl.CreationDate,>=,1305810042#23610
comments c,postLinks pl#c.PostId=pl.PostId#c.Score,=,0,pl.CreationDate,>=,1312436960#23100
comments c,postLinks pl#c.PostId=pl.PostId#c.Score,=,0,pl.LinkTypeId,=,1#23167
comments c,postLinks pl#c.PostId=pl.PostId#c.Score,=,2,pl.CreationDate,>=,1332579543#1936
comments c,postLinks pl#c.PostId=pl.PostId#c.Score,=,0,c.CreationDate,>=,1280916550#24645
comments c,postLinks pl#c.PostId=pl.PostId#c.Score,=,0,pl.CreationDate,>=,1313641244#23004
comments c,postLinks pl#c.PostId=pl.PostId#c.CreationDate,>=,1280940846,c.CreationDate,<=,1410378785#35010
comments c,postLinks pl#c.PostId=pl.PostId#c.Score,=,0,c.CreationDate,>=,1239523985#24726
comments c,postLinks pl#c.PostId=pl.PostId#pl.LinkTypeId,=,1,pl.CreationDate,>=,1305825146#31417
comments c,postLinks pl#c.PostId=pl.PostId#c.Score,=,0,pl.CreationDate,>=,1287386271#24477
comments c,postLinks pl#c.PostId=pl.PostId#c.Score,=,0,c.CreationDate,<=,1410101165#24562
comments c,postLinks pl#c.PostId=pl.PostId#c.Score,=,0,pl.CreationDate,<=,1406503131#23098
comments c,postLinks pl#c.PostId=pl.PostId#c.Score,=,0,c.CreationDate,<=,1410097489#24562
comments c,postLinks pl#c.PostId=pl.PostId#pl.CreationDate,>=,1294951125,pl.CreationDate,<=,1410620829#34626
comments c,postLinks pl#c.PostId=pl.PostId#c.Score,=,0,pl.LinkTypeId,=,1#23167
comments c,postLinks pl#c.PostId=pl.PostId#c.CreationDate,<=,1410403409,pl.LinkTypeId,=,1#32980
comments c,postLinks pl#c.PostId=pl.PostId#c.Score,=,0,pl.LinkTypeId,=,1#23167
comments c,postLinks pl#c.PostId=pl.PostId#c.CreationDate,<=,1410162093,pl.CreationDate,<=,1409590084#34867
comments c,postLinks pl#c.PostId=pl.PostId#c.Score,=,0,c.CreationDate,<=,1410528488#24712
comments c,postLinks pl#c.PostId=pl.PostId#c.Score,=,0,pl.CreationDate,<=,1408128161#23778
comments c,postLinks pl#c.PostId=pl.PostId#c.CreationDate,>=,1280244843,pl.LinkTypeId,=,1#32939
comments c,postLinks pl#c.PostId=pl.PostId#c.Score,=,0,pl.LinkTypeId,=,1#23167
comments c,postLinks pl#c.PostId=pl.PostId#c.Score,=,0,pl.LinkTypeId,=,1#23167
comments c,postLinks pl#c.PostId=pl.PostId#pl.LinkTypeId,=,1,pl.CreationDate,>=,1287666399#32611
comments c,postLinks pl#c.PostId=pl.PostId#pl.LinkTypeId,=,1,pl.CreationDate,>=,1322125804#29560
comments c,postLinks pl#c.PostId=pl.PostId#c.Score,=,1,pl.CreationDate,>=,1317989465#5815
comments c,postLinks pl#c.PostId=pl.PostId#c.Score,=,0,c.CreationDate,>=,1282025420#24584
comments c,postLinks pl#c.PostId=pl.PostId#c.Score,=,0,pl.CreationDate,>=,1296184891#24243
comments c,postLinks pl#c.PostId=pl.PostId#c.CreationDate,<=,1410296436,pl.LinkTypeId,=,1#32909
comments c,postLinks pl#c.PostId=pl.PostId#c.CreationDate,>=,1280275752,c.CreationDate,<=,1410652828#35185
comments c,postLinks pl#c.PostId=pl.PostId#pl.LinkTypeId,=,1,pl.CreationDate,<=,1408538281#32098
comments c,postLinks pl#c.PostId=pl.PostId#pl.LinkTypeId,=,1,pl.CreationDate,<=,1406458287#31121
comments c,postLinks pl#c.PostId=pl.PostId#c.Score,=,0,pl.LinkTypeId,=,1#23167
comments c,postLinks pl#c.PostId=pl.PostId#c.CreationDate,<=,1410345188,pl.LinkTypeId,=,3#2250
comments c,postLinks pl#c.PostId=pl.PostId#c.Score,=,0,pl.LinkTypeId,=,1#23167
comments c,postLinks pl#c.PostId=pl.PostId#pl.CreationDate,>=,1303863390,pl.CreationDate,<=,1408974039#33099
comments c,postLinks pl#c.PostId=pl.PostId#c.Score,=,0,c.CreationDate,>=,1279879775#24704
comments c,postLinks pl#c.PostId=pl.PostId#c.CreationDate,<=,1410591163,pl.LinkTypeId,=,1#33035
comments c,postLinks pl#c.PostId=pl.PostId#c.Score,=,0,pl.LinkTypeId,=,1#23167
comments c,postLinks pl#c.PostId=pl.PostId#c.Score,=,1,pl.CreationDate,>=,1295875405#6166
comments c,postLinks pl#c.PostId=pl.PostId#pl.CreationDate,>=,1286555156,pl.CreationDate,<=,1407990561#33673
comments c,postLinks pl#c.PostId=pl.PostId#c.Score,=,1,pl.LinkTypeId,=,3#427
comments c,postLinks pl#c.PostId=pl.PostId#c.Score,=,0,c.CreationDate,<=,1410576056#24721
comments c,postLinks pl#c.PostId=pl.PostId#c.CreationDate,<=,1410622218,pl.CreationDate,<=,1408128161#34043
comments c,postLinks pl#c.PostId=pl.PostId#pl.CreationDate,>=,1290586637,pl.CreationDate,<=,1409590741#34347
comments c,postLinks pl#c.PostId=pl.PostId#pl.LinkTypeId,=,1,pl.CreationDate,=,1357381360#1
comments c,postLinks pl#c.PostId=pl.PostId#pl.LinkTypeId,=,1,pl.CreationDate,<=,1409154826#32442
comments c,postLinks pl#c.PostId=pl.PostId#c.CreationDate,>=,1280441638,pl.LinkTypeId,=,1#32921
comments c,postLinks pl#c.PostId=pl.PostId#pl.LinkTypeId,=,1,pl.CreationDate,<=,1409272025#32529
comments c,postLinks pl#c.PostId=pl.PostId#c.Score,=,1,pl.LinkTypeId,=,1#5854
comments c,postLinks pl#c.PostId=pl.PostId#pl.LinkTypeId,=,1,pl.CreationDate,<=,1401237283#28768
comments c,postLinks pl#c.PostId=pl.PostId#pl.LinkTypeId,=,1,pl.CreationDate,<=,1410284595#32941
comments c,postLinks pl#c.PostId=pl.PostId#c.CreationDate,>=,1282293905,pl.LinkTypeId,=,1#32763
comments c,postLinks pl#c.PostId=pl.PostId#c.Score,=,0,pl.LinkTypeId,=,1#23167
comments c,postLinks pl#c.PostId=pl.PostId#c.Score,=,0,pl.CreationDate,>=,1289165032#24397
comments c,postLinks pl#c.PostId=pl.PostId#c.Score,=,0,c.CreationDate,<=,1410536586#24713
comments c,postLinks pl#c.PostId=pl.PostId#c.CreationDate,>=,1282663546,c.CreationDate,<=,1409929393#34728
comments c,postLinks pl#c.PostId=pl.PostId#pl.CreationDate,>=,1284798084,pl.CreationDate,<=,1403261812#31362
comments c,postLinks pl#c.PostId=pl.PostId#c.CreationDate,<=,1408851450,pl.LinkTypeId,=,1#32371
comments c,postLinks pl#c.PostId=pl.PostId#c.Score,=,0,pl.LinkTypeId,=,1#23167
comments c,postLinks pl#c.PostId=pl.PostId#c.Score,=,0,c.CreationDate,<=,1410233067#24588
comments c,postLinks pl#c.PostId=pl.PostId#c.CreationDate,>=,1279734722,pl.LinkTypeId,=,1#33012
comments c,postLinks pl#c.PostId=pl.PostId#pl.LinkTypeId,=,1,pl.CreationDate,>=,1327885459#28855
comments c,postLinks pl#c.PostId=pl.PostId#c.Score,=,1,pl.LinkTypeId,=,1#5854
comments c,postLinks pl#c.PostId=pl.PostId#c.Score,=,1,pl.LinkTypeId,=,1#5854
comments c,postLinks pl#c.PostId=pl.PostId#pl.CreationDate,>=,1299152030,pl.CreationDate,<=,1405939489#31934
comments c,postLinks pl#c.PostId=pl.PostId#c.Score,=,2,pl.CreationDate,>=,1292013285#2257
comments c,postLinks pl#c.PostId=pl.PostId#c.Score,=,0,c.CreationDate,>=,1280172349#24692
comments c,postLinks pl#c.PostId=pl.PostId#c.CreationDate,>=,1280203246,c.CreationDate,<=,1410243670#35031
comments c,postLinks pl#c.PostId=pl.PostId#pl.LinkTypeId,=,1,pl.CreationDate,>=,1299997496#32011
comments c,postLinks pl#c.PostId=pl.PostId#c.Score,=,2,pl.CreationDate,<=,1402751596#2103
comments c,postLinks pl#c.PostId=pl.PostId#c.Score,=,0,c.CreationDate,<=,1410350581#24628
comments c,postLinks pl#c.PostId=pl.PostId#c.CreationDate,>=,1278791046,pl.LinkTypeId,=,1#33040
comments c,postLinks pl#c.PostId=pl.PostId#pl.LinkTypeId,=,1,pl.CreationDate,>=,1297879313#32146
comments c,postLinks pl#c.PostId=pl.PostId#c.Score,=,4,c.CreationDate,>=,1281027349#409
comments c,postLinks pl#c.PostId=pl.PostId#pl.LinkTypeId,=,1,pl.CreationDate,>=,1290171236#32516
comments c,postLinks pl#c.PostId=pl.PostId#pl.LinkTypeId,=,1,pl.CreationDate,=,1388588803#2
comments c,postLinks pl#c.PostId=pl.PostId#c.CreationDate,<=,1409933144,pl.CreationDate,>=,1285358599#34782
comments c,postLinks pl#c.PostId=pl.PostId#c.Score,=,0,pl.CreationDate,<=,1406565855#23120
comments c,postLinks pl#c.PostId=pl.PostId#c.CreationDate,<=,1409770337,pl.CreationDate,<=,1406503348#33151
comments c,postLinks pl#c.PostId=pl.PostId#c.Score,=,1,pl.CreationDate,>=,1310643577#5958
comments c,postLinks pl#c.PostId=pl.PostId#pl.LinkTypeId,=,1,pl.CreationDate,<=,1407187811#31423
comments c,postLinks pl#c.PostId=pl.PostId#c.CreationDate,>=,1281482143,pl.LinkTypeId,=,1#32813
comments c,postLinks pl#c.PostId=pl.PostId#c.CreationDate,>=,1281335614,c.CreationDate,<=,1410368235#34980
comments c,postLinks pl#c.PostId=pl.PostId#c.Score,=,0,pl.LinkTypeId,=,1#23167
comments c,postLinks pl#c.PostId=pl.PostId#c.Score,=,0,pl.CreationDate,>=,1287046832#24513
comments c,postLinks pl#c.PostId=pl.PostId#pl.CreationDate,>=,1284967191,pl.CreationDate,<=,1410274893#34952
comments c,postLinks pl#c.PostId=pl.PostId#c.CreationDate,>=,1279757258,c.CreationDate,<=,1410491417#35238
comments c,postLinks pl#c.PostId=pl.PostId#pl.LinkTypeId,=,1,pl.CreationDate,>=,1285060949#32809
comments c,postLinks pl#c.PostId=pl.PostId#c.Score,=,0,pl.LinkTypeId,=,1#23167
comments c,postLinks pl#c.PostId=pl.PostId#pl.LinkTypeId,=,1,pl.CreationDate,<=,1409957256#32796
comments c,postLinks pl#c.PostId=pl.PostId#pl.CreationDate,>=,1327433466,pl.CreationDate,<=,1406122273#28857
comments c,postLinks pl#c.PostId=pl.PostId#c.Score,=,3,c.CreationDate,<=,1410047530#1020
comments c,postLinks pl#c.PostId=pl.PostId#c.Score,=,0,pl.LinkTypeId,=,1#23167
comments c,postLinks pl#c.PostId=pl.PostId#c.Score,=,0,c.CreationDate,>=,1280088150#24699
comments c,postLinks pl#c.PostId=pl.PostId#c.CreationDate,>=,1281717963,pl.LinkTypeId,=,1#32786
comments c,postLinks pl#c.PostId=pl.PostId#c.Score,=,0,pl.LinkTypeId,=,1#23167
comments c,postLinks pl#c.PostId=pl.PostId#c.Score,=,0,pl.LinkTypeId,=,1#23167
comments c,postLinks pl#c.PostId=pl.PostId#c.CreationDate,>=,1280272971,c.CreationDate,<=,1410188539#34994
comments c,postLinks pl#c.PostId=pl.PostId#c.Score,=,0,pl.LinkTypeId,=,1#23167
comments c,postLinks pl#c.PostId=pl.PostId#c.CreationDate,<=,1408113599,pl.CreationDate,>=,1297891103#33214
comments c,postLinks pl#c.PostId=pl.PostId#pl.LinkTypeId,=,1,pl.CreationDate,=,1390409132#10
comments c,postLinks pl#c.PostId=pl.PostId#pl.LinkTypeId,=,1,pl.CreationDate,<=,1407427544#31535
comments c,postLinks pl#c.PostId=pl.PostId#pl.LinkTypeId,=,1,pl.CreationDate,<=,1410339461#32956
comments c,postLinks pl#c.PostId=pl.PostId#c.Score,=,0,pl.LinkTypeId,=,3#1559
comments c,postLinks pl#c.PostId=pl.PostId#pl.CreationDate,>=,1304522126,pl.CreationDate,<=,1408711638#32930
comments c,postLinks pl#c.PostId=pl.PostId#c.CreationDate,>=,1283171971,pl.CreationDate,>=,1304280345#33714
comments c,postLinks pl#c.PostId=pl.PostId#c.CreationDate,<=,1410044487,pl.LinkTypeId,=,1#32822
comments c,postLinks pl#c.PostId=pl.PostId#c.Score,=,1,pl.CreationDate,>=,1301627061#6065
comments c,postLinks pl#c.PostId=pl.PostId#c.CreationDate,>=,1236118484,c.CreationDate,<=,1409581360#34874
comments c,postLinks pl#c.PostId=pl.PostId#pl.LinkTypeId,=,1,pl.CreationDate,>=,1311342472#30865
comments c,postLinks pl#c.PostId=pl.PostId#c.CreationDate,<=,1409843785,pl.LinkTypeId,=,1#32779
comments c,postLinks pl#c.PostId=pl.PostId#c.CreationDate,<=,1410209702,pl.LinkTypeId,=,1#32873
comments c,postLinks pl#c.PostId=pl.PostId#c.Score,=,0,c.CreationDate,>=,1280704404#24659
comments c,postLinks pl#c.PostId=pl.PostId#c.Score,=,0,pl.LinkTypeId,=,1#23167
comments c,postLinks pl#c.PostId=pl.PostId#c.Score,=,0,pl.LinkTypeId,=,1#23167
comments c,postLinks pl#c.PostId=pl.PostId#c.CreationDate,<=,1410444162,pl.LinkTypeId,=,3#2250
comments c,postLinks pl#c.PostId=pl.PostId#pl.LinkTypeId,=,1,pl.CreationDate,>=,1307824172#31246
comments c,postLinks pl#c.PostId=pl.PostId#c.Score,=,0,pl.CreationDate,>=,1284646656#24592
comments c,postLinks pl#c.PostId=pl.PostId#c.CreationDate,<=,1410054583,pl.LinkTypeId,=,1#32826
comments c,postLinks pl#c.PostId=pl.PostId#c.CreationDate,<=,1410638781,pl.LinkTypeId,=,1#33036
comments c,postLinks pl#c.PostId=pl.PostId#c.Score,=,1,pl.LinkTypeId,=,1#5854
comments c,postLinks pl#c.PostId=pl.PostId#pl.CreationDate,>=,1326352633,pl.CreationDate,<=,1403184646#27575
comments c,postLinks pl#c.PostId=pl.PostId#pl.LinkTypeId,=,1,pl.CreationDate,>=,1286292467#32741
comments c,postLinks pl#c.PostId=pl.PostId#pl.LinkTypeId,=,1,pl.CreationDate,>=,1291669717#32461
comments c,postLinks pl#c.PostId=pl.PostId#c.Score,=,0,c.CreationDate,<=,1410400940#24663
comments c,postLinks pl#c.PostId=pl.PostId#c.Score,=,0,pl.LinkTypeId,=,1#23167
comments c,postLinks pl#c.PostId=pl.PostId#c.Score,=,1,c.CreationDate,>=,1280627675#6269
comments c,postLinks pl#c.PostId=pl.PostId#pl.LinkTypeId,=,3,pl.CreationDate,<=,1407488202#2061
comments c,postLinks pl#c.PostId=pl.PostId#c.CreationDate,>=,1279900105,c.CreationDate,<=,1410540701#35229
comments c,postLinks pl#c.PostId=pl.PostId#c.Score,=,0,pl.LinkTypeId,=,1#23167
comments c,postLinks pl#c.PostId=pl.PostId#c.CreationDate,>=,1283694301,pl.LinkTypeId,=,1#32667
comments c,postLinks pl#c.PostId=pl.PostId#pl.LinkTypeId,=,1,pl.CreationDate,>=,1306181962#31384
comments c,postLinks pl#c.PostId=pl.PostId#c.Score,=,0,pl.LinkTypeId,=,1#23167
comments c,postLinks pl#c.PostId=pl.PostId#pl.CreationDate,>=,1310094435,pl.CreationDate,<=,1410110955#33062
comments c,postLinks pl#c.PostId=pl.PostId#c.Score,=,0,c.CreationDate,>=,1279583657#24717
comments c,postLinks pl#c.PostId=pl.PostId#c.CreationDate,<=,1410428127,pl.LinkTypeId,=,1#32990
comments c,postLinks pl#c.PostId=pl.PostId#pl.CreationDate,>=,1314623443,pl.CreationDate,<=,1400530653#27834
comments c,postLinks pl#c.PostId=pl.PostId#c.Score,=,0,c.CreationDate,>=,1283749554#24500
comments c,postLinks pl#c.PostId=pl.PostId#c.CreationDate,>=,1281173706,c.CreationDate,<=,1410361642#34966
comments c,postLinks pl#c.PostId=pl.PostId#pl.CreationDate,>=,1311009522,pl.CreationDate,<=,1405453689#30611
comments c,postLinks pl#c.PostId=pl.PostId#pl.CreationDate,>=,1295982229,pl.CreationDate,<=,1410124260#34387
comments c,postLinks pl#c.PostId=pl.PostId#c.Score,=,2,pl.LinkTypeId,=,1#2158
comments c,postLinks pl#c.PostId=pl.PostId#c.Score,=,2,pl.LinkTypeId,=,3#154
comments c,postLinks pl#c.PostId=pl.PostId#c.CreationDate,>=,1279725215,c.CreationDate,<=,1410405323#35199
comments c,postLinks pl#c.PostId=pl.PostId#pl.CreationDate,>=,1287734356,pl.CreationDate,<=,1410191695#34719
comments c,postLinks pl#c.PostId=pl.PostId#pl.LinkTypeId,=,1,pl.CreationDate,<=,1405025167#30557
comments c,postLinks pl#c.PostId=pl.PostId#c.Score,=,0,c.CreationDate,>=,1280847509#24658
comments c,postLinks pl#c.PostId=pl.PostId#c.CreationDate,>=,1282068565,c.CreationDate,<=,1409880035#34750
comments c,postLinks pl#c.PostId=pl.PostId#c.CreationDate,>=,1282092633,pl.LinkTypeId,=,1#32775
comments c,postLinks pl#c.PostId=pl.PostId#c.CreationDate,>=,1281138607,pl.CreationDate,>=,1302534274#33896
comments c,postLinks pl#c.PostId=pl.PostId#c.Score,=,0,pl.LinkTypeId,=,1#23167
comments c,postLinks pl#c.PostId=pl.PostId#c.Score,=,1,pl.LinkTypeId,=,1#5854
comments c,postLinks pl#c.PostId=pl.PostId#c.CreationDate,>=,1281417081,pl.CreationDate,<=,1404547389#32127
comments c,postLinks pl#c.PostId=pl.PostId#c.Score,=,0,c.CreationDate,<=,1410265500#24594
comments c,postLinks pl#c.PostId=pl.PostId#pl.CreationDate,>=,1331871128,pl.CreationDate,<=,1403386419#26686
comments c,postLinks pl#c.PostId=pl.PostId#c.CreationDate,>=,1284231370,c.CreationDate,<=,1410601884#34878
comments c,postLinks pl#c.PostId=pl.PostId#c.Score,=,3,c.CreationDate,<=,1410634259#1024
comments c,postLinks pl#c.PostId=pl.PostId#c.Score,=,0,c.CreationDate,>=,1282740332#24553
comments c,postLinks pl#c.PostId=pl.PostId#c.Score,=,0,pl.CreationDate,>=,1297965283#24127
comments c,postLinks pl#c.PostId=pl.PostId#c.CreationDate,<=,1410315560,pl.CreationDate,<=,1410302117#35165
comments c,postLinks pl#c.PostId=pl.PostId#c.Score,=,0,pl.LinkTypeId,=,1#23167
comments c,postLinks pl#c.PostId=pl.PostId#c.CreationDate,>=,1279799888,pl.CreationDate,>=,1301739617#34001
comments c,postLinks pl#c.PostId=pl.PostId#c.CreationDate,>=,1280098610,pl.LinkTypeId,=,1#32976
comments c,postLinks pl#c.PostId=pl.PostId#c.CreationDate,>=,1287171435,pl.CreationDate,<=,1403380468#31101
comments c,postLinks pl#c.PostId=pl.PostId#c.Score,=,0,pl.LinkTypeId,=,1#23167
comments c,postLinks pl#c.PostId=pl.PostId#c.Score,=,0,pl.CreationDate,<=,1408744932#24099
comments c,postLinks pl#c.PostId=pl.PostId#c.CreationDate,>=,1279567347,pl.CreationDate,<=,1409837204#35020
comments c,postLinks pl#c.PostId=pl.PostId#c.CreationDate,>=,1279572349,c.CreationDate,<=,1410368235#35189
comments c,postLinks pl#c.PostId=pl.PostId#pl.CreationDate,>=,1324178850,pl.CreationDate,<=,1410541293#31550
comments c,postLinks pl#c.PostId=pl.PostId#c.CreationDate,>=,1279921009,pl.LinkTypeId,=,1#32993
comments c,postLinks pl#c.PostId=pl.PostId#c.CreationDate,>=,1282293905,c.CreationDate,<=,1410435509#34958
comments c,postLinks pl#c.PostId=pl.PostId#c.Score,=,0,pl.CreationDate,=,1400466169#4
comments c,postLinks pl#c.PostId=pl.PostId#c.Score,=,0,pl.LinkTypeId,=,1#23167
comments c,postLinks pl#c.PostId=pl.PostId#pl.LinkTypeId,=,1,pl.CreationDate,<=,1409254827#32522
comments c,postLinks pl#c.PostId=pl.PostId#c.Score,=,0,pl.CreationDate,>=,1326387577#21948
comments c,postLinks pl#c.PostId=pl.PostId#pl.LinkTypeId,=,1,pl.CreationDate,>=,1280246422#33038
comments c,postLinks pl#c.PostId=pl.PostId#pl.LinkTypeId,=,1,pl.CreationDate,>=,1300686988#31857
comments c,postLinks pl#c.PostId=pl.PostId#c.CreationDate,<=,1409885424,pl.LinkTypeId,=,1#32782
comments c,postLinks pl#c.PostId=pl.PostId#c.Score,=,0,c.CreationDate,>=,1283875747#24500
comments c,postLinks pl#c.PostId=pl.PostId#c.CreationDate,>=,1280403913,pl.CreationDate,<=,1407420165#33470
comments c,postLinks pl#c.PostId=pl.PostId#c.Score,=,1,c.CreationDate,>=,1279587672#6280
comments c,postLinks pl#c.PostId=pl.PostId#c.Score,=,0,pl.LinkTypeId,=,1#23167
comments c,postLinks pl#c.PostId=pl.PostId#pl.CreationDate,>=,1310094435,pl.CreationDate,<=,1407181230#31446
comments c,postLinks pl#c.PostId=pl.PostId#c.Score,=,0,pl.CreationDate,<=,1409172086#24216
comments c,postLinks pl#c.PostId=pl.PostId#c.Score,=,1,pl.CreationDate,<=,1402404963#5535
comments c,postLinks pl#c.PostId=pl.PostId#c.Score,=,0,pl.CreationDate,>=,1301676774#23865
comments c,postLinks pl#c.PostId=pl.PostId#c.Score,=,0,pl.CreationDate,>=,1296840147#24198
comments c,postLinks pl#c.PostId=pl.PostId#c.CreationDate,>=,1280848839,c.CreationDate,<=,1410636030#35151
comments c,postLinks pl#c.PostId=pl.PostId#c.Score,=,0,pl.LinkTypeId,=,1#23167
comments c,postLinks pl#c.PostId=pl.PostId#c.CreationDate,>=,1285426667,pl.LinkTypeId,=,1#32564
comments c,postLinks pl#c.PostId=pl.PostId#c.Score,=,1,pl.CreationDate,=,1380880793#2
comments c,postLinks pl#c.PostId=pl.PostId#c.Score,=,1,pl.LinkTypeId,=,1#5854
comments c,postLinks pl#c.PostId=pl.PostId#c.Score,=,2,pl.LinkTypeId,=,1#2158
comments c,postLinks pl#c.PostId=pl.PostId#c.CreationDate,>=,1279580490,pl.LinkTypeId,=,1#33028
comments c,postLinks pl#c.PostId=pl.PostId#c.Score,=,0,c.CreationDate,>=,1280514919#24664
comments c,postLinks pl#c.PostId=pl.PostId#pl.LinkTypeId,=,1,pl.CreationDate,>=,1311180647#30906
comments c,postLinks pl#c.PostId=pl.PostId#c.CreationDate,>=,1281714709,pl.LinkTypeId,=,1#32786
comments c,postLinks pl#c.PostId=pl.PostId#c.CreationDate,<=,1409579813,pl.CreationDate,>=,1286739409#34540
comments c,postLinks pl#c.PostId=pl.PostId#pl.LinkTypeId,=,1,pl.CreationDate,>=,1301528982#31799
comments c,postLinks pl#c.PostId=pl.PostId#c.Score,=,0,pl.CreationDate,>=,1319175857#22545
comments c,postLinks pl#c.PostId=pl.PostId#c.Score,=,0,pl.LinkTypeId,=,1#23167
comments c,postLinks pl#c.PostId=pl.PostId#c.Score,=,0,pl.LinkTypeId,=,1#23167
comments c,postLinks pl#c.PostId=pl.PostId#pl.LinkTypeId,=,1,pl.CreationDate,>=,1286489249#32720
comments c,postLinks pl#c.PostId=pl.PostId#c.Score,=,0,c.CreationDate,<=,1409802573#24501
comments c,postLinks pl#c.PostId=pl.PostId#c.Score,=,0,pl.CreationDate,<=,1408934581#24128
comments c,postLinks pl#c.PostId=pl.PostId#c.CreationDate,<=,1410360760,pl.CreationDate,<=,1409250932#34707
comments c,postLinks pl#c.PostId=pl.PostId#c.Score,=,0,c.CreationDate,<=,1410290885#24615
comments c,postLinks pl#c.PostId=pl.PostId#c.Score,=,0,pl.CreationDate,>=,1283180521#24647
comments c,postLinks pl#c.PostId=pl.PostId#c.Score,=,0,pl.LinkTypeId,=,1#23167
comments c,postLinks pl#c.PostId=pl.PostId#pl.CreationDate,>=,1291977921,pl.CreationDate,<=,1408646840#33832
comments c,postLinks pl#c.PostId=pl.PostId#c.CreationDate,<=,1410532772,pl.CreationDate,>=,1299254319#34325
comments c,postLinks pl#c.PostId=pl.PostId#pl.CreationDate,>=,1306413484,pl.CreationDate,<=,1405453689#31034
comments c,postLinks pl#c.PostId=pl.PostId#pl.CreationDate,>=,1297410576,pl.CreationDate,<=,1409873420#34181
comments c,postLinks pl#c.PostId=pl.PostId#pl.LinkTypeId,=,1,pl.CreationDate,>=,1286415203#32739
comments c,postLinks pl#c.PostId=pl.PostId#pl.CreationDate,>=,1299171691,pl.CreationDate,<=,1409694506#33979
comments c,postLinks pl#c.PostId=pl.PostId#c.CreationDate,>=,1279576792,c.CreationDate,<=,1410191295#35092
comments c,postLinks pl#c.PostId=pl.PostId#c.CreationDate,>=,1280412769,pl.LinkTypeId,=,1#32923
comments c,postLinks pl#c.PostId=pl.PostId#c.CreationDate,>=,1282715391,c.CreationDate,<=,1410382410#34903
comments c,postLinks pl#c.PostId=pl.PostId#pl.CreationDate,>=,1282148344,pl.CreationDate,<=,1404501295#32238
comments c,postLinks pl#c.PostId=pl.PostId#c.CreationDate,<=,1409587741,pl.CreationDate,<=,1410000792#34872
comments c,postLinks pl#c.PostId=pl.PostId#c.Score,=,1,c.CreationDate,>=,1280126788#6274
comments c,postLinks pl#c.PostId=pl.PostId#c.CreationDate,<=,1409578869,pl.LinkTypeId,=,1#32653
comments c,postLinks pl#c.PostId=pl.PostId#c.Score,=,1,pl.LinkTypeId,=,1#5854
comments c,postLinks pl#c.PostId=pl.PostId#c.CreationDate,>=,1281643717,c.CreationDate,<=,1410517547#35024
comments c,postLinks pl#c.PostId=pl.PostId#c.Score,=,0,pl.LinkTypeId,=,1#23167
comments c,postLinks pl#c.PostId=pl.PostId#c.CreationDate,>=,1280412856,c.CreationDate,<=,1410396326#35098
comments c,postLinks pl#c.PostId=pl.PostId#c.CreationDate,>=,1279724909,pl.CreationDate,<=,1407192968#33443
comments c,postLinks pl#c.PostId=pl.PostId#c.CreationDate,<=,1410576056,pl.LinkTypeId,=,1#33035
comments c,postLinks pl#c.PostId=pl.PostId#c.Score,=,0,c.CreationDate,>=,1281305203#24624
comments c,postLinks pl#c.PostId=pl.PostId#c.Score,=,0,pl.LinkTypeId,=,1#23167
comments c,postLinks pl#c.PostId=pl.PostId#c.CreationDate,=,1391362773,pl.LinkTypeId,=,1#2
comments c,postLinks pl#c.PostId=pl.PostId#c.Score,=,0,pl.CreationDate,>=,1287386271#24477
comments c,postLinks pl#c.PostId=pl.PostId#c.Score,=,0,c.CreationDate,>=,1280553539#24662
comments c,postLinks pl#c.PostId=pl.PostId#pl.LinkTypeId,=,1,pl.CreationDate,>=,1284940637#32817
comments c,postLinks pl#c.PostId=pl.PostId#c.CreationDate,>=,1280147456,pl.LinkTypeId,=,3#2248
comments c,postLinks pl#c.PostId=pl.PostId#c.Score,=,0,c.CreationDate,<=,1410536586#24713
comments c,postLinks pl#c.PostId=pl.PostId#c.Score,=,0,pl.LinkTypeId,=,1#23167
comments c,postLinks pl#c.PostId=pl.PostId#c.CreationDate,<=,1410644950,pl.LinkTypeId,=,1#33037
comments c,postLinks pl#c.PostId=pl.PostId#pl.CreationDate,>=,1280920867,pl.CreationDate,<=,1403600861#31834
comments c,postLinks pl#c.PostId=pl.PostId#c.CreationDate,>=,1284956094,pl.LinkTypeId,=,1#32596
comments c,postLinks pl#c.PostId=pl.PostId#c.CreationDate,<=,1409755774,pl.LinkTypeId,=,1#32733
comments c,postLinks pl#c.PostId=pl.PostId#c.Score,=,1,pl.CreationDate,<=,1407860424#6053
comments c,postLinks pl#c.PostId=pl.PostId#c.Score,=,0,c.CreationDate,>=,1279693012#24711
comments c,postLinks pl#c.PostId=pl.PostId#c.Score,=,0,pl.LinkTypeId,=,1#23167
comments c,postLinks pl#c.PostId=pl.PostId#pl.LinkTypeId,=,1,pl.CreationDate,<=,1408635384#32267
comments c,postLinks pl#c.PostId=pl.PostId#c.Score,=,0,pl.LinkTypeId,=,1#23167
comments c,postLinks pl#c.PostId=pl.PostId#pl.LinkTypeId,=,1,pl.CreationDate,<=,1409792945#32759
comments c,postLinks pl#c.PostId=pl.PostId#c.Score,=,0,pl.LinkTypeId,=,1#23167
comments c,postLinks pl#c.PostId=pl.PostId#c.CreationDate,>=,1281785383,c.CreationDate,<=,1408932186#34287
comments c,postLinks pl#c.PostId=pl.PostId#c.CreationDate,>=,1279598968,pl.CreationDate,=,1377848164#3
comments c,postLinks pl#c.PostId=pl.PostId#c.CreationDate,<=,1410450810,pl.LinkTypeId,=,1#33005
comments c,postLinks pl#c.PostId=pl.PostId#c.Score,=,0,pl.LinkTypeId,=,1#23167
comments c,postLinks pl#c.PostId=pl.PostId#pl.CreationDate,>=,1310382759,pl.CreationDate,<=,1409692391#32879
comments c,postLinks pl#c.PostId=pl.PostId#c.CreationDate,<=,1409792404,pl.LinkTypeId,=,1#32764
comments c,postLinks pl#c.PostId=pl.PostId#pl.LinkTypeId,=,3,pl.CreationDate,<=,1409001344#2149
comments c,postLinks pl#c.PostId=pl.PostId#c.CreationDate,>=,1279919064,c.CreationDate,<=,1410539054#35227
comments c,postLinks pl#c.PostId=pl.PostId#c.Score,=,0,pl.LinkTypeId,=,1#23167
comments c,postLinks pl#c.PostId=pl.PostId#pl.LinkTypeId,=,1,pl.CreationDate,>=,1316188259#30288
comments c,postLinks pl#c.PostId=pl.PostId#c.CreationDate,<=,1410044788,pl.CreationDate,<=,1410179717#35056
comments c,postLinks pl#c.PostId=pl.PostId#c.CreationDate,>=,1280039919,pl.CreationDate,<=,1408998427#34471
comments c,postLinks pl#c.PostId=pl.PostId#c.Score,=,0,pl.LinkTypeId,=,3#1559
comments c,postLinks pl#c.PostId=pl.PostId#c.CreationDate,>=,1279570551,pl.CreationDate,=,1371115901#33
comments c,postLinks pl#c.PostId=pl.PostId#c.CreationDate,>=,1284413696,c.CreationDate,<=,1410236477#34707
comments c,postLinks pl#c.PostId=pl.PostId#pl.CreationDate,>=,1316185450,pl.CreationDate,<=,1410181960#32397
comments c,postLinks pl#c.PostId=pl.PostId#c.Score,=,0,pl.LinkTypeId,=,1#23167
comments c,postLinks pl#c.PostId=pl.PostId#c.Score,=,0,c.CreationDate,<=,1410536586#24713
comments c,postLinks pl#c.PostId=pl.PostId#c.Score,=,0,c.CreationDate,<=,1409752832#24470
comments c,postLinks pl#c.PostId=pl.PostId#pl.LinkTypeId,=,1,pl.CreationDate,<=,1408139763#31940
comments c,postLinks pl#c.PostId=pl.PostId#pl.LinkTypeId,=,1,pl.CreationDate,<=,1402388924#29200
comments c,postLinks pl#c.PostId=pl.PostId#c.CreationDate,>=,1279701020,pl.CreationDate,>=,1299922047#34254
comments c,postLinks pl#c.PostId=pl.PostId#pl.LinkTypeId,=,1,pl.CreationDate,<=,1410261585#32928
comments c,postLinks pl#c.PostId=pl.PostId#c.CreationDate,>=,1279884845,pl.LinkTypeId,=,1#32996
comments c,postLinks pl#c.PostId=pl.PostId#pl.LinkTypeId,=,1,pl.CreationDate,>=,1283180521#32916
comments c,postLinks pl#c.PostId=pl.PostId#pl.CreationDate,>=,1284942597,pl.CreationDate,<=,1405363646#32435
comments c,postLinks pl#c.PostId=pl.PostId#c.Score,=,0,pl.CreationDate,<=,1407411300#23425
comments c,postLinks pl#c.PostId=pl.PostId#c.Score,=,0,pl.LinkTypeId,=,1#23167
comments c,postLinks pl#c.PostId=pl.PostId#c.Score,=,0,pl.LinkTypeId,=,3#1559
comments c,postLinks pl#c.PostId=pl.PostId#c.Score,=,0,pl.CreationDate,<=,1407351906#23411
comments c,postLinks pl#c.PostId=pl.PostId#c.Score,=,1,pl.CreationDate,>=,1302533991#6061
comments c,postLinks pl#c.PostId=pl.PostId#c.Score,=,0,pl.CreationDate,<=,1401270748#21324
comments c,postLinks pl#c.PostId=pl.PostId#pl.LinkTypeId,=,1,pl.CreationDate,>=,1299403750#32067
comments c,postLinks pl#c.PostId=pl.PostId#c.CreationDate,>=,1280257764,pl.CreationDate,>=,1296184891#34524
comments c,postLinks pl#c.PostId=pl.PostId#c.CreationDate,>=,1280869154,pl.CreationDate,>=,1317445290#32348
comments c,postLinks pl#c.PostId=pl.PostId#c.Score,=,0,pl.LinkTypeId,=,1#23167
comments c,postLinks pl#c.PostId=pl.PostId#c.CreationDate,>=,1279637473,c.CreationDate,<=,1410659253#35268
comments c,postLinks pl#c.PostId=pl.PostId#c.CreationDate,>=,1279613661,c.CreationDate,<=,1410437824#35222
comments c,postLinks pl#c.PostId=pl.PostId#c.Score,=,2,pl.CreationDate,>=,1297102175#2242
comments c,postLinks pl#c.PostId=pl.PostId#c.Score,=,0,c.CreationDate,>=,1281399482#24620
comments c,postLinks pl#c.PostId=pl.PostId#c.Score,=,0,c.CreationDate,<=,1410609616#24721
comments c,postLinks pl#c.PostId=pl.PostId#c.CreationDate,>=,1280472580,c.CreationDate,<=,1409951598#34906
comments c,postLinks pl#c.PostId=pl.PostId#c.Score,=,0,pl.LinkTypeId,=,1#23167
comments c,postLinks pl#c.PostId=pl.PostId#pl.CreationDate,>=,1290171236,pl.CreationDate,<=,1408139763#33527
comments c,postLinks pl#c.PostId=pl.PostId#c.Score,=,0,c.CreationDate,>=,1281646447#24591
comments c,postLinks pl#c.PostId=pl.PostId#c.Score,=,0,c.CreationDate,<=,1410509714#24710
comments c,postLinks pl#c.PostId=pl.PostId#c.Score,=,0,c.CreationDate,<=,1410651862#24726
comments c,postLinks pl#c.PostId=pl.PostId#c.Score,=,0,pl.CreationDate,<=,1410459317#24704
comments c,postLinks pl#c.PostId=pl.PostId#c.CreationDate,>=,1279744276,c.CreationDate,<=,1410160232#35061
comments c,postLinks pl#c.PostId=pl.PostId#pl.LinkTypeId,=,1,pl.CreationDate,>=,1283083491#32924
comments c,postLinks pl#c.PostId=pl.PostId#c.Score,=,0,pl.LinkTypeId,=,1#23167
comments c,postLinks pl#c.PostId=pl.PostId#pl.LinkTypeId,=,1,pl.CreationDate,=,1372172985#10
comments c,postLinks pl#c.PostId=pl.PostId#pl.LinkTypeId,=,1,pl.CreationDate,<=,1399691554#28143
comments c,postLinks pl#c.PostId=pl.PostId#pl.LinkTypeId,=,1,pl.CreationDate,<=,1410435087#33013
comments c,postLinks pl#c.PostId=pl.PostId#c.Score,=,9,c.CreationDate,>=,1280250741#13
comments c,postLinks pl#c.PostId=pl.PostId#pl.LinkTypeId,=,1,pl.CreationDate,>=,1285733673#32772
comments c,postLinks pl#c.PostId=pl.PostId#c.CreationDate,<=,1410562384,pl.LinkTypeId,=,1#33035
comments c,postLinks pl#c.PostId=pl.PostId#pl.LinkTypeId,=,1,pl.CreationDate,<=,1409749227#32704
comments c,postLinks pl#c.PostId=pl.PostId#c.Score,=,0,pl.CreationDate,>=,1313575037#23006
comments c,postLinks pl#c.PostId=pl.PostId#c.Score,=,0,pl.LinkTypeId,=,1#23167
comments c,postLinks pl#c.PostId=pl.PostId#c.Score,=,0,c.CreationDate,<=,1410558500#24721
comments c,postLinks pl#c.PostId=pl.PostId#pl.CreationDate,>=,1294081333,pl.CreationDate,<=,1409945647#34391
comments c,postLinks pl#c.PostId=pl.PostId#c.Score,=,0,pl.LinkTypeId,=,1#23167
comments c,postLinks pl#c.PostId=pl.PostId#c.Score,=,0,pl.CreationDate,<=,1408543317#23931
comments c,postLinks pl#c.PostId=pl.PostId#c.Score,=,0,pl.LinkTypeId,=,1#23167
comments c,postLinks pl#c.PostId=pl.PostId#c.Score,=,2,pl.LinkTypeId,=,3#154
comments c,postLinks pl#c.PostId=pl.PostId#c.Score,=,0,c.CreationDate,>=,1279714854#24711
comments c,postLinks pl#c.PostId=pl.PostId#pl.LinkTypeId,=,1,pl.CreationDate,<=,1406300818#31080
comments c,postLinks pl#c.PostId=pl.PostId#c.Score,=,0,c.CreationDate,>=,1280088800#24699
comments c,postLinks pl#c.PostId=pl.PostId#c.Score,=,5,pl.LinkTypeId,=,1#205
comments c,postLinks pl#c.PostId=pl.PostId#c.CreationDate,>=,1280992892,c.CreationDate,<=,1410190281#34908
comments c,postLinks pl#c.PostId=pl.PostId#c.Score,=,0,pl.LinkTypeId,=,1#23167
comments c,postLinks pl#c.PostId=pl.PostId#c.Score,=,2,c.CreationDate,<=,1410293625#2306
comments c,postLinks pl#c.PostId=pl.PostId#c.Score,=,1,pl.LinkTypeId,=,1#5854
comments c,postLinks pl#c.PostId=pl.PostId#pl.CreationDate,>=,1283083491,pl.CreationDate,<=,1410179717#35017
comments c,postLinks pl#c.PostId=pl.PostId#c.Score,=,0,c.CreationDate,>=,1279725367#24711
comments c,postLinks pl#c.PostId=pl.PostId#c.Score,=,4,pl.LinkTypeId,=,1#392
comments c,postLinks pl#c.PostId=pl.PostId#c.Score,=,0,pl.CreationDate,>=,1323683365#22169
comments c,postLinks pl#c.PostId=pl.PostId#c.Score,=,0,c.CreationDate,<=,1410287031#24611
comments c,postLinks pl#c.PostId=pl.PostId#c.Score,=,0,pl.LinkTypeId,=,1#23167
comments c,postLinks pl#c.PostId=pl.PostId#c.Score,=,0,pl.CreationDate,>=,1288775397#24400
comments c,postLinks pl#c.PostId=pl.PostId#c.Score,=,0,pl.LinkTypeId,=,1#23167
comments c,postLinks pl#c.PostId=pl.PostId#c.Score,=,0,pl.LinkTypeId,=,1#23167
comments c,postLinks pl#c.PostId=pl.PostId#pl.CreationDate,>=,1287962148,pl.CreationDate,<=,1403968616#31603
comments c,postLinks pl#c.PostId=pl.PostId#c.Score,=,1,c.CreationDate,>=,1280371520#6269
comments c,postLinks pl#c.PostId=pl.PostId#c.Score,=,2,c.CreationDate,<=,1410239736#2305
comments c,postLinks pl#c.PostId=pl.PostId#c.Score,=,0,c.CreationDate,>=,1282146755#24577
comments c,postLinks pl#c.PostId=pl.PostId#c.CreationDate,>=,1279893396,c.CreationDate,<=,1410506620#35226
comments c,postLinks pl#c.PostId=pl.PostId#c.CreationDate,<=,1410365961,pl.LinkTypeId,=,1#32944
comments c,postLinks pl#c.PostId=pl.PostId#pl.LinkTypeId,=,1,pl.CreationDate,>=,1280961469#33006
comments c,postLinks pl#c.PostId=pl.PostId#c.CreationDate,>=,1279720651,c.CreationDate,<=,1410397095#35188
comments c,postLinks pl#c.PostId=pl.PostId#c.Score,=,0,c.CreationDate,<=,1409936928#24519
comments c,postLinks pl#c.PostId=pl.PostId#c.CreationDate,<=,1410367380,pl.CreationDate,>=,1327343441#31096
comments c,postLinks pl#c.PostId=pl.PostId#c.Score,=,0,pl.LinkTypeId,=,1#23167
comments c,postLinks pl#c.PostId=pl.PostId#pl.CreationDate,>=,1303145778,pl.CreationDate,<=,1406048601#31550
comments c,postLinks pl#c.PostId=pl.PostId#c.Score,=,1,pl.CreationDate,>=,1342614335#5065
comments c,postLinks pl#c.PostId=pl.PostId#pl.LinkTypeId,=,1,pl.CreationDate,>=,1312813769#30716
comments c,postLinks pl#c.PostId=pl.PostId#c.Score,=,0,pl.CreationDate,=,1361156597#398
comments c,postLinks pl#c.PostId=pl.PostId#c.Score,=,0,pl.LinkTypeId,=,3#1559
comments c,postLinks pl#c.PostId=pl.PostId#c.Score,=,0,pl.CreationDate,<=,1407142921#23302
comments c,postLinks pl#c.PostId=pl.PostId#c.CreationDate,<=,1410618285,pl.LinkTypeId,=,1#33036
comments c,postLinks pl#c.PostId=pl.PostId#pl.LinkTypeId,=,1,pl.CreationDate,<=,1408364026#31985
comments c,postLinks pl#c.PostId=pl.PostId#pl.CreationDate,>=,1294421240,pl.CreationDate,<=,1403199532#30890
comments c,postLinks pl#c.PostId=pl.PostId#c.CreationDate,>=,1280248077,c.CreationDate,<=,1410540731#35173
comments c,postLinks pl#c.PostId=pl.PostId#c.Score,=,1,c.CreationDate,<=,1409324496#6206
comments c,postLinks pl#c.PostId=pl.PostId#pl.CreationDate,>=,1300779588,pl.CreationDate,<=,1410302117#34000
comments c,postLinks pl#c.PostId=pl.PostId#c.CreationDate,>=,1279727588,pl.CreationDate,<=,1409945647#34996
comments c,postLinks pl#c.PostId=pl.PostId#c.Score,=,0,pl.CreationDate,=,1351857156#8
comments c,postLinks pl#c.PostId=pl.PostId#c.Score,=,0,pl.LinkTypeId,=,1#23167
comments c,postLinks pl#c.PostId=pl.PostId#c.Score,=,0,pl.LinkTypeId,=,1#23167
comments c,postLinks pl#c.PostId=pl.PostId#c.Score,=,1,c.CreationDate,>=,1279714854#6278
comments c,postLinks pl#c.PostId=pl.PostId#c.Score,=,0,pl.CreationDate,<=,1409785145#24488
comments c,postLinks pl#c.PostId=pl.PostId#c.Score,=,3,pl.LinkTypeId,=,1#959
comments c,postLinks pl#c.PostId=pl.PostId#c.Score,=,1,pl.CreationDate,>=,1294937811#6176
comments c,postLinks pl#c.PostId=pl.PostId#c.Score,=,0,pl.CreationDate,>=,1315490602#22829
comments c,postLinks pl#c.PostId=pl.PostId#pl.LinkTypeId,=,1,pl.CreationDate,>=,1284967191#32812
comments c,postLinks pl#c.PostId=pl.PostId#pl.LinkTypeId,=,1,pl.CreationDate,<=,1406128740#30983
comments c,postLinks pl#c.PostId=pl.PostId#pl.CreationDate,>=,1289523910,pl.CreationDate,<=,1406645638#32727
comments c,postLinks pl#c.PostId=pl.PostId#c.Score,=,1,pl.LinkTypeId,=,1#5854
comments c,postLinks pl#c.PostId=pl.PostId#pl.LinkTypeId,=,1,pl.CreationDate,<=,1409981129#32800
comments c,postLinks pl#c.PostId=pl.PostId#c.Score,=,0,pl.CreationDate,<=,1408934581#24128
comments c,postLinks pl#c.PostId=pl.PostId#pl.LinkTypeId,=,1,pl.CreationDate,=,1331295868#2
comments c,postLinks pl#c.PostId=pl.PostId#c.Score,=,2,pl.LinkTypeId,=,1#2158
comments c,postLinks pl#c.PostId=pl.PostId#c.Score,=,0,pl.LinkTypeId,=,1#23167
comments c,postLinks pl#c.PostId=pl.PostId#c.CreationDate,>=,1280960975,c.CreationDate,<=,1409595756#34708
comments c,postLinks pl#c.PostId=pl.PostId#c.Score,=,0,pl.CreationDate,<=,1409837880#24522
comments c,postLinks pl#c.PostId=pl.PostId#c.Score,=,0,pl.LinkTypeId,=,3#1559
comments c,postLinks pl#c.PostId=pl.PostId#c.Score,=,0,pl.CreationDate,>=,1287962148#24431
comments c,postLinks pl#c.PostId=pl.PostId#pl.LinkTypeId,=,1,pl.CreationDate,=,1398184295#7
comments c,postLinks pl#c.PostId=pl.PostId#pl.LinkTypeId,=,1,pl.CreationDate,<=,1406080597#30956
comments c,postLinks pl#c.PostId=pl.PostId#c.Score,=,1,c.CreationDate,>=,1280377242#6269
comments c,postLinks pl#c.PostId=pl.PostId#pl.LinkTypeId,=,1,pl.CreationDate,=,1393829137#35
comments c,postLinks pl#c.PostId=pl.PostId#c.Score,=,0,pl.LinkTypeId,=,1#23167
comments c,postLinks pl#c.PostId=pl.PostId#c.Score,=,0,pl.LinkTypeId,=,1#23167
comments c,postLinks pl#c.PostId=pl.PostId#c.Score,=,0,pl.CreationDate,>=,1286415203#24530
comments c,postLinks pl#c.PostId=pl.PostId#c.CreationDate,>=,1239522114,c.CreationDate,<=,1410650845#35295
comments c,postLinks pl#c.PostId=pl.PostId#c.Score,=,0,pl.LinkTypeId,=,1#23167
comments c,postLinks pl#c.PostId=pl.PostId#c.Score,=,0,c.CreationDate,>=,1279569500#24726
comments c,postLinks pl#c.PostId=pl.PostId#c.Score,=,0,c.CreationDate,>=,1279574453#24723
comments c,postLinks pl#c.PostId=pl.PostId#c.Score,=,0,pl.LinkTypeId,=,1#23167
comments c,postLinks pl#c.PostId=pl.PostId#c.Score,=,0,c.CreationDate,>=,1280179504#24685
comments c,postLinks pl#c.PostId=pl.PostId#c.Score,=,0,c.CreationDate,>=,1281575610#24607
comments c,postLinks pl#c.PostId=pl.PostId#c.Score,=,0,pl.CreationDate,>=,1334405669#20851
comments c,postLinks pl#c.PostId=pl.PostId#c.Score,=,0,pl.LinkTypeId,=,1#23167
comments c,postLinks pl#c.PostId=pl.PostId#c.Score,=,0,pl.CreationDate,>=,1312813198#23086
comments c,postLinks pl#c.PostId=pl.PostId#c.CreationDate,<=,1410544057,pl.LinkTypeId,=,1#33029
comments c,postLinks pl#c.PostId=pl.PostId#c.CreationDate,<=,1410550743,pl.LinkTypeId,=,1#33032
comments c,postLinks pl#c.PostId=pl.PostId#c.Score,=,0,pl.LinkTypeId,=,1#23167
comments c,postLinks pl#c.PostId=pl.PostId#pl.LinkTypeId,=,1,pl.CreationDate,>=,1316333179#30268
comments c,postLinks pl#c.PostId=pl.PostId#pl.CreationDate,>=,1287962148,pl.CreationDate,<=,1404867146#31996
comments c,postLinks pl#c.PostId=pl.PostId#c.Score,=,1,pl.CreationDate,<=,1410360703#6271
comments c,postLinks pl#c.PostId=pl.PostId#c.Score,=,0,pl.CreationDate,<=,1409651940#24434
comments c,postLinks pl#c.PostId=pl.PostId#pl.CreationDate,>=,1286373618,pl.CreationDate,<=,1408369776#33800
comments c,postLinks pl#c.PostId=pl.PostId#c.CreationDate,>=,1279571894,pl.LinkTypeId,=,1#33035
comments c,postLinks pl#c.PostId=pl.PostId#c.Score,=,0,c.CreationDate,>=,1280729601#24659
comments c,postLinks pl#c.PostId=pl.PostId#c.Score,=,0,c.CreationDate,<=,1409789922#24496
comments c,postLinks pl#c.PostId=pl.PostId#c.Score,=,1,pl.LinkTypeId,=,1#5854
comments c,postLinks pl#c.PostId=pl.PostId#c.Score,=,0,c.CreationDate,>=,1282161220#24577
comments c,postLinks pl#c.PostId=pl.PostId#pl.CreationDate,>=,1302594534,pl.CreationDate,<=,1408640444#33101
comments c,postLinks pl#c.PostId=pl.PostId#c.Score,=,0,pl.CreationDate,<=,1409590084#24419
comments c,postLinks pl#c.PostId=pl.PostId#pl.LinkTypeId,=,1,pl.CreationDate,>=,1302621839#31721
comments c,postLinks pl#c.PostId=pl.PostId#pl.LinkTypeId,=,1,pl.CreationDate,>=,1328274361#28752
comments c,postLinks pl#c.PostId=pl.PostId#c.Score,=,0,c.CreationDate,<=,1410047714#24550
comments c,postLinks pl#c.PostId=pl.PostId#c.Score,=,0,pl.LinkTypeId,=,1#23167
comments c,postLinks pl#c.PostId=pl.PostId#c.Score,=,1,c.CreationDate,>=,1281107440#6244
comments c,postLinks pl#c.PostId=pl.PostId#pl.CreationDate,>=,1286415203,pl.CreationDate,<=,1405961340#32582
comments c,postLinks pl#c.PostId=pl.PostId#c.Score,=,1,pl.LinkTypeId,=,1#5854
comments c,postLinks pl#c.PostId=pl.PostId#c.Score,=,0,c.CreationDate,>=,1280431026#24666
comments c,postLinks pl#c.PostId=pl.PostId#c.CreationDate,>=,1239523454,pl.CreationDate,>=,1294069189#34655
comments c,postLinks pl#c.PostId=pl.PostId#pl.LinkTypeId,=,1,pl.CreationDate,>=,1283799447#32878
comments c,postLinks pl#c.PostId=pl.PostId#c.CreationDate,>=,1280923274,pl.LinkTypeId,=,1#32863
comments c,postLinks pl#c.PostId=pl.PostId#c.Score,=,0,pl.CreationDate,=,1410541293#3
comments c,postLinks pl#c.PostId=pl.PostId#pl.CreationDate,>=,1285978965,pl.CreationDate,<=,1409001344#34239
comments c,postLinks pl#c.PostId=pl.PostId#c.Score,=,0,pl.LinkTypeId,=,3#1559
comments c,postLinks pl#c.PostId=pl.PostId#pl.LinkTypeId,=,1,pl.CreationDate,=,1373467516#2
comments c,postLinks pl#c.PostId=pl.PostId#c.Score,=,0,c.CreationDate,>=,1281092698#24626
comments c,postLinks pl#c.PostId=pl.PostId#c.CreationDate,>=,1282837788,pl.CreationDate,>=,1281553027#34960
comments c,postLinks pl#c.PostId=pl.PostId#c.Score,=,1,c.CreationDate,>=,1283893119#6220
comments c,postLinks pl#c.PostId=pl.PostId#c.Score,=,0,c.CreationDate,<=,1409969983#24530
comments c,postLinks pl#c.PostId=pl.PostId#c.Score,=,1,pl.CreationDate,<=,1409867021#6235
comments c,postLinks pl#c.PostId=pl.PostId#c.Score,=,4,pl.LinkTypeId,=,1#392
comments c,postLinks pl#c.PostId=pl.PostId#c.CreationDate,<=,1410311830,pl.CreationDate,<=,1404898200#32477
comments c,postLinks pl#c.PostId=pl.PostId#c.Score,=,1,pl.CreationDate,<=,1402938761#5604
comments c,postLinks pl#c.PostId=pl.PostId#c.Score,=,0,pl.LinkTypeId,=,1#23167
comments c,postLinks pl#c.PostId=pl.PostId#c.Score,=,0,pl.CreationDate,>=,1304702272#23658
comments c,postLinks pl#c.PostId=pl.PostId#c.Score,=,0,pl.LinkTypeId,=,1#23167
comments c,postLinks pl#c.PostId=pl.PostId#c.CreationDate,<=,1410100682,pl.CreationDate,>=,1297795827#34191
comments c,postLinks pl#c.PostId=pl.PostId#pl.LinkTypeId,=,1,pl.CreationDate,>=,1287046832#32700
comments c,postLinks pl#c.PostId=pl.PostId#pl.LinkTypeId,=,1,pl.CreationDate,=,1356512629#21
comments c,postLinks pl#c.PostId=pl.PostId#c.CreationDate,>=,1280245532,c.CreationDate,<=,1410544643#35176
comments c,postLinks pl#c.PostId=pl.PostId#c.CreationDate,>=,1280374212,c.CreationDate,<=,1409608352#34783
comments c,postLinks pl#c.PostId=pl.PostId#c.CreationDate,>=,1284657946,pl.LinkTypeId,=,1#32608
comments c,postLinks pl#c.PostId=pl.PostId#pl.CreationDate,>=,1310231465,pl.CreationDate,<=,1409638614#32855
comments c,postLinks pl#c.PostId=pl.PostId#c.Score,=,0,pl.LinkTypeId,=,1#23167
comments c,postLinks pl#c.PostId=pl.PostId#c.Score,=,0,pl.CreationDate,<=,1407339647#23401
comments c,postLinks pl#c.PostId=pl.PostId#c.CreationDate,<=,1410448084,pl.CreationDate,<=,1407473199#33629
comments c,postLinks pl#c.PostId=pl.PostId#c.Score,=,1,pl.LinkTypeId,=,1#5854
comments c,postLinks pl#c.PostId=pl.PostId#c.CreationDate,>=,1280311228,c.CreationDate,<=,1409844309#34910
comments c,postLinks pl#c.PostId=pl.PostId#c.CreationDate,<=,1410442989,pl.LinkTypeId,=,3#2250
comments c,postLinks pl#c.PostId=pl.PostId#c.Score,=,0,pl.LinkTypeId,=,1#23167
comments c,postLinks pl#c.PostId=pl.PostId#pl.LinkTypeId,=,1,pl.CreationDate,<=,1410459317#33016
comments c,postLinks pl#c.PostId=pl.PostId#c.CreationDate,>=,1284036862,pl.CreationDate,=,1380537550#3
comments c,postLinks pl#c.PostId=pl.PostId#pl.LinkTypeId,=,1,pl.CreationDate,>=,1281827231#32957
comments c,postLinks pl#c.PostId=pl.PostId#c.Score,=,0,pl.CreationDate,>=,1313416838#23025
comments c,postLinks pl#c.PostId=pl.PostId#c.CreationDate,<=,1409215460,pl.LinkTypeId,=,1#32501
comments c,postLinks pl#c.PostId=pl.PostId#c.Score,=,0,pl.CreationDate,<=,1407250440#23377
comments c,postLinks pl#c.PostId=pl.PostId#c.CreationDate,>=,1281430026,c.CreationDate,<=,1409490922#34592
comments c,postLinks pl#c.PostId=pl.PostId#pl.LinkTypeId,=,1,pl.CreationDate,>=,1297672347#32156
comments c,postLinks pl#c.PostId=pl.PostId#c.CreationDate,<=,1410453271,pl.LinkTypeId,=,1#33005
comments c,postLinks pl#c.PostId=pl.PostId#c.Score,=,0,pl.CreationDate,>=,1299265614#24087
comments c,postLinks pl#c.PostId=pl.PostId#pl.CreationDate,>=,1286473730,pl.CreationDate,<=,1406593824#32898
comments c,postLinks pl#c.PostId=pl.PostId#c.Score,=,0,pl.LinkTypeId,=,1#23167
comments c,postLinks pl#c.PostId=pl.PostId#pl.LinkTypeId,=,1,pl.CreationDate,<=,1407966642#31879
comments c,postLinks pl#c.PostId=pl.PostId#c.CreationDate,>=,1279613661,c.CreationDate,<=,1410464594#35233
comments c,postLinks pl#c.PostId=pl.PostId#c.CreationDate,<=,1410655717,pl.LinkTypeId,=,3#2255
comments c,postLinks pl#c.PostId=pl.PostId#c.Score,=,0,pl.CreationDate,>=,1308553567#23373
comments c,postLinks pl#c.PostId=pl.PostId#c.Score,=,0,c.CreationDate,<=,1410160629#24569
comments c,postLinks pl#c.PostId=pl.PostId#c.CreationDate,>=,1279641724,pl.LinkTypeId,=,1#33018
comments c,postLinks pl#c.PostId=pl.PostId#c.Score,=,0,pl.LinkTypeId,=,1#23167
comments c,postLinks pl#c.PostId=pl.PostId#pl.LinkTypeId,=,1,pl.CreationDate,>=,1321047395#29719
comments c,postLinks pl#c.PostId=pl.PostId#pl.CreationDate,>=,1302852216,pl.CreationDate,<=,1404591022#31018
comments c,postLinks pl#c.PostId=pl.PostId#pl.CreationDate,>=,1333128506,pl.CreationDate,<=,1410330990#29990
comments c,postLinks pl#c.PostId=pl.PostId#pl.CreationDate,>=,1285070509,pl.CreationDate,<=,1409280641#34482
comments c,postLinks pl#c.PostId=pl.PostId#c.Score,=,1,c.CreationDate,>=,1282356564#6237
comments c,postLinks pl#c.PostId=pl.PostId#c.Score,=,0,pl.LinkTypeId,=,1#23167
comments c,postLinks pl#c.PostId=pl.PostId#c.Score,=,0,pl.CreationDate,<=,1407901324#23677
comments c,postLinks pl#c.PostId=pl.PostId#pl.LinkTypeId,=,1,pl.CreationDate,>=,1286125104#32744
comments c,postLinks pl#c.PostId=pl.PostId#c.CreationDate,>=,1279672008,pl.CreationDate,<=,1410620829#35261
comments c,postLinks pl#c.PostId=pl.PostId#c.Score,=,0,pl.LinkTypeId,=,1#23167
comments c,postLinks pl#c.PostId=pl.PostId#pl.LinkTypeId,=,1,pl.CreationDate,=,1358464436#20
comments c,postLinks pl#c.PostId=pl.PostId#pl.LinkTypeId,=,1,pl.CreationDate,=,1360184518#4
comments c,postLinks pl#c.PostId=pl.PostId#c.Score,=,0,pl.LinkTypeId,=,1#23167
comments c,postLinks pl#c.PostId=pl.PostId#c.Score,=,1,pl.CreationDate,<=,1408635197#6138
comments c,postLinks pl#c.PostId=pl.PostId#c.CreationDate,<=,1410273780,pl.CreationDate,>=,1327599040#30981
comments c,postLinks pl#c.PostId=pl.PostId#c.CreationDate,>=,1279645885,c.CreationDate,<=,1409971481#35014
comments c,postLinks pl#c.PostId=pl.PostId#pl.LinkTypeId,=,1,pl.CreationDate,<=,1409837204#32779
comments c,postLinks pl#c.PostId=pl.PostId#pl.CreationDate,>=,1325543925,pl.CreationDate,<=,1404239243#28357
comments c,postLinks pl#c.PostId=pl.PostId#c.CreationDate,>=,1285862627,pl.LinkTypeId,=,1#32534
comments c,postLinks pl#c.PostId=pl.PostId#c.Score,=,0,pl.LinkTypeId,=,1#23167
comments c,postLinks pl#c.PostId=pl.PostId#pl.LinkTypeId,=,1,pl.CreationDate,>=,1304583062#31503
comments c,postLinks pl#c.PostId=pl.PostId#c.CreationDate,>=,1286468026,pl.CreationDate,=,1400783361#2
comments c,postLinks pl#c.PostId=pl.PostId#c.Score,=,0,pl.LinkTypeId,=,1#23167
comments c,postLinks pl#c.PostId=pl.PostId#pl.CreationDate,>=,1325693491,pl.CreationDate,<=,1407963554#30067
comments c,postLinks pl#c.PostId=pl.PostId#c.CreationDate,>=,1282950840,c.CreationDate,<=,1410595681#34951
comments c,postLinks pl#c.PostId=pl.PostId#c.CreationDate,>=,1281987450,c.CreationDate,<=,1410645693#35022
comments c,postLinks pl#c.PostId=pl.PostId#c.Score,=,0,pl.CreationDate,>=,1303365478#23798
comments c,postLinks pl#c.PostId=pl.PostId#c.Score,=,0,pl.LinkTypeId,=,1#23167
comments c,postLinks pl#c.PostId=pl.PostId#c.Score,=,0,c.CreationDate,>=,1279609031#24713
comments c,postLinks pl#c.PostId=pl.PostId#c.Score,=,1,c.CreationDate,>=,1284215120#6215
comments c,postLinks pl#c.PostId=pl.PostId#c.Score,=,0,pl.LinkTypeId,=,1#23167
comments c,postLinks pl#c.PostId=pl.PostId#c.CreationDate,<=,1409835547,pl.LinkTypeId,=,1#32775
comments c,postLinks pl#c.PostId=pl.PostId#pl.CreationDate,>=,1281553027,pl.CreationDate,<=,1406049134#32838
comments c,postLinks pl#c.PostId=pl.PostId#c.Score,=,0,pl.LinkTypeId,=,3#1559
comments c,postLinks pl#c.PostId=pl.PostId#c.Score,=,0,c.CreationDate,<=,1410488084#24703
comments c,postLinks pl#c.PostId=pl.PostId#c.CreationDate,>=,1281966245,c.CreationDate,<=,1410460434#34985
comments c,postLinks pl#c.PostId=pl.PostId#c.CreationDate,<=,1410448773,pl.LinkTypeId,=,1#33005
comments c,postLinks pl#c.PostId=pl.PostId#c.CreationDate,<=,1410529073,pl.LinkTypeId,=,1#33026
comments c,postLinks pl#c.PostId=pl.PostId#c.CreationDate,<=,1410379200,pl.LinkTypeId,=,1#32954
comments c,postLinks pl#c.PostId=pl.PostId#c.CreationDate,>=,1233609046,c.CreationDate,<=,1409251144#34728
comments c,postLinks pl#c.PostId=pl.PostId#c.Score,=,0,pl.LinkTypeId,=,1#23167
comments c,postLinks pl#c.PostId=pl.PostId#c.Score,=,0,pl.LinkTypeId,=,1#23167
comments c,postLinks pl#c.PostId=pl.PostId#c.Score,=,1,pl.CreationDate,>=,1314090101#5887
comments c,postLinks pl#c.PostId=pl.PostId#c.CreationDate,>=,1281523401,pl.LinkTypeId,=,1#32810
comments c,postLinks pl#c.PostId=pl.PostId#c.Score,=,0,pl.LinkTypeId,=,1#23167
comments c,postLinks pl#c.PostId=pl.PostId#c.CreationDate,>=,1279603764,pl.CreationDate,>=,1312155958#33024
comments c,postLinks pl#c.PostId=pl.PostId#c.Score,=,1,pl.LinkTypeId,=,1#5854
comments c,postLinks pl#c.PostId=pl.PostId#pl.LinkTypeId,=,3,pl.CreationDate,>=,1295625937#2255
comments c,postLinks pl#c.PostId=pl.PostId#c.Score,=,0,pl.LinkTypeId,=,1#23167
comments c,postLinks pl#c.PostId=pl.PostId#c.Score,=,1,c.CreationDate,<=,1410364326#6267
comments c,postLinks pl#c.PostId=pl.PostId#c.Score,=,0,pl.LinkTypeId,=,1#23167
comments c,postLinks pl#c.PostId=pl.PostId#c.Score,=,0,c.CreationDate,>=,1279818680#24705
comments c,postLinks pl#c.PostId=pl.PostId#c.Score,=,0,c.CreationDate,>=,1280135442#24697
comments c,postLinks pl#c.PostId=pl.PostId#c.Score,=,0,pl.LinkTypeId,=,1#23167
comments c,postLinks pl#c.PostId=pl.PostId#pl.LinkTypeId,=,3,pl.CreationDate,<=,1405708315#1999
comments c,postLinks pl#c.PostId=pl.PostId#pl.LinkTypeId,=,1,pl.CreationDate,<=,1402926417#29487
comments c,postLinks pl#c.PostId=pl.PostId#pl.CreationDate,>=,1328911270,pl.CreationDate,<=,1410330990#30844
comments c,postLinks pl#c.PostId=pl.PostId#c.Score,=,0,pl.CreationDate,<=,1409328056#24323
comments c,badges b#c.UserId=b.UserId#c.Score,=,0,c.CreationDate,>=,1280175474#10223060
comments c,badges b#c.UserId=b.UserId#b.Date,>=,1279568350,b.Date,<=,1410453344#15871779
comments c,badges b#c.UserId=b.UserId#c.CreationDate,<=,1409886201,b.Date,<=,1410606964#15741313
comments c,badges b#c.UserId=b.UserId#c.Score,=,0,c.CreationDate,>=,1279804760#10231854
comments c,badges b#c.UserId=b.UserId#c.Score,=,0,c.CreationDate,>=,1279575268#10237985
comments c,badges b#c.UserId=b.UserId#c.Score,=,0,b.Date,<=,1409297358#10058467
comments c,badges b#c.UserId=b.UserId#c.CreationDate,<=,1410636415,b.Date,<=,1410033200#15759196
comments c,badges b#c.UserId=b.UserId#c.Score,=,0,b.Date,<=,1410186995#10184569
comments c,badges b#c.UserId=b.UserId#c.CreationDate,>=,1279695451,b.Date,<=,1410179961#15793586
comments c,badges b#c.UserId=b.UserId#b.Date,>=,1279568350,b.Date,<=,1409346837#15634283
comments c,badges b#c.UserId=b.UserId#c.Score,=,0,c.CreationDate,<=,1409316334#10059407
comments c,badges b#c.UserId=b.UserId#c.CreationDate,>=,1281008695,c.CreationDate,<=,1409151717#15547590
comments c,badges b#c.UserId=b.UserId#c.CreationDate,>=,1281453348,c.CreationDate,<=,1410196452#15729836
comments c,badges b#c.UserId=b.UserId#c.Score,=,2,b.Date,>=,1280168921#1329501
comments c,badges b#c.UserId=b.UserId#c.Score,=,0,b.Date,<=,1410364568#10206489
comments c,badges b#c.UserId=b.UserId#c.CreationDate,>=,1280044292,c.CreationDate,<=,1410468839#15849981
comments c,badges b#c.UserId=b.UserId#b.Date,>=,1282611056,b.Date,<=,1409892386#15512385
comments c,badges b#c.UserId=b.UserId#c.Score,=,0,c.CreationDate,<=,1408294021#9936197
comments c,badges b#c.UserId=b.UserId#c.CreationDate,<=,1410341406,b.Date,<=,1410436436#15812226
comments c,badges b#c.UserId=b.UserId#c.CreationDate,>=,1280416332,b.Date,>=,1280222025#15822811
comments c,badges b#c.UserId=b.UserId#c.Score,=,0,b.Date,>=,1280175222#10214426
comments c,badges b#c.UserId=b.UserId#c.CreationDate,>=,1283351567,c.CreationDate,<=,1409933643#15596420
comments c,badges b#c.UserId=b.UserId#b.Date,>=,1279691292,b.Date,<=,1408029882#15311204
comments c,badges b#c.UserId=b.UserId#c.CreationDate,>=,1285036977,c.CreationDate,<=,1410371913#15585996
comments c,badges b#c.UserId=b.UserId#b.Date,>=,1282783871,b.Date,<=,1410442806#15628373
comments c,badges b#c.UserId=b.UserId#c.CreationDate,<=,1410452630,b.Date,>=,1279652846#15845412
comments c,badges b#c.UserId=b.UserId#c.Score,=,0,b.Date,=,1359496179#1725
comments c,badges b#c.UserId=b.UserId#c.CreationDate,>=,1279619997,c.CreationDate,<=,1410529669#15873821
comments c,badges b#c.UserId=b.UserId#c.CreationDate,<=,1409851699,b.Date,<=,1410465951#15708002
comments c,badges b#c.UserId=b.UserId#c.Score,=,0,c.CreationDate,<=,1410150581#10166426
comments c,badges b#c.UserId=b.UserId#b.Date,>=,1279617848,b.Date,<=,1409155456#15587585
comments c,badges b#c.UserId=b.UserId#c.CreationDate,>=,1279728552,b.Date,<=,1409567862#15653523
comments c,badges b#c.UserId=b.UserId#c.Score,=,0,b.Date,<=,1409640367#10085624
comments c,badges b#c.UserId=b.UserId#c.CreationDate,>=,1281356557,b.Date,=,1405000668#201
comments c,badges b#c.UserId=b.UserId#c.Score,=,4,c.CreationDate,<=,1410297249#224765
comments c,badges b#c.UserId=b.UserId#c.Score,=,0,b.Date,>=,1281655199#10173546
comments c,badges b#c.UserId=b.UserId#c.Score,=,0,b.Date,<=,1409985920#10143769
comments c,badges b#c.UserId=b.UserId#c.Score,=,1,b.Date,>=,1280442554#3313987
comments c,badges b#c.UserId=b.UserId#b.Date,>=,1280255924,b.Date,<=,1410459005#15827299
comments c,badges b#c.UserId=b.UserId#c.Score,=,0,c.CreationDate,<=,1410565415#10230574
comments c,badges b#c.UserId=b.UserId#c.Score,=,1,c.CreationDate,<=,1410539054#3319991
comments c,badges b#c.UserId=b.UserId#c.Score,=,0,b.Date,<=,1409487146#10079344
comments c,badges b#c.UserId=b.UserId#b.Date,>=,1279590547,b.Date,<=,1409861468#15713261
comments c,badges b#c.UserId=b.UserId#c.Score,=,0,c.CreationDate,<=,1410578488#10232359
comments c,badges b#c.UserId=b.UserId#c.Score,=,0,b.Date,<=,1410465351#10221219
comments c,badges b#c.UserId=b.UserId#c.Score,=,1,c.CreationDate,>=,1279568281#3322452
comments c,badges b#c.UserId=b.UserId#c.CreationDate,>=,1239522114,b.Date,<=,1409878732#15724803
comments c,badges b#c.UserId=b.UserId#c.Score,=,0,b.Date,>=,1285503434#10024413
comments c,badges b#c.UserId=b.UserId#c.CreationDate,>=,1280631279,b.Date,>=,1280207924#15820600
comments c,badges b#c.UserId=b.UserId#b.Date,>=,1279570447,b.Date,<=,1407435021#15204812
comments c,badges b#c.UserId=b.UserId#c.Score,=,0,b.Date,>=,1279595648#10230909
comments c,badges b#c.UserId=b.UserId#c.Score,=,1,b.Date,=,1406805683#64
comments c,badges b#c.UserId=b.UserId#c.CreationDate,<=,1410533029,b.Date,>=,1279923509#15847732
comments c,badges b#c.UserId=b.UserId#b.Date,>=,1280222026,b.Date,<=,1410610647#15857668
comments c,badges b#c.UserId=b.UserId#c.CreationDate,>=,1280868803,c.CreationDate,<=,1410334790#15788583
comments c,badges b#c.UserId=b.UserId#c.Score,=,0,c.CreationDate,>=,1281106938#10197419
comments c,badges b#c.UserId=b.UserId#c.Score,=,0,c.CreationDate,=,1339377351#74
comments c,badges b#c.UserId=b.UserId#c.Score,=,0,c.CreationDate,>=,1279909850#10230086
comments c,badges b#c.UserId=b.UserId#c.CreationDate,>=,1279699544,c.CreationDate,<=,1410543514#15873644
comments c,badges b#c.UserId=b.UserId#c.Score,=,0,c.CreationDate,<=,1410412963#10212503
comments c,badges b#c.UserId=b.UserId#c.CreationDate,>=,1284363560,c.CreationDate,<=,1410195976#15590821
comments c,badges b#c.UserId=b.UserId#c.Score,=,0,b.Date,>=,1280175822#10214197
comments c,badges b#c.UserId=b.UserId#c.CreationDate,>=,1280982892,c.CreationDate,<=,1410597845#15832333
comments c,badges b#c.UserId=b.UserId#c.CreationDate,>=,1279771064,c.CreationDate,<=,1410635950#15882381
comments c,badges b#c.UserId=b.UserId#c.Score,=,1,c.CreationDate,>=,1279637646#3321526
comments c,badges b#c.UserId=b.UserId#c.CreationDate,=,1389550647,b.Date,<=,1408005919#24
comments c,badges b#c.UserId=b.UserId#c.Score,=,0,c.CreationDate,>=,1281679582#10183352
comments c,badges b#c.UserId=b.UserId#c.CreationDate,>=,1281109586,c.CreationDate,<=,1409493855#15591175
comments c,badges b#c.UserId=b.UserId#c.Score,=,8,c.CreationDate,<=,1409996228#15991
comments c,badges b#c.UserId=b.UserId#c.Score,=,0,b.Date,>=,1284595895#10050656
comments c,badges b#c.UserId=b.UserId#c.Score,=,0,c.CreationDate,<=,1410515728#10221765
comments c,badges b#c.UserId=b.UserId#c.Score,=,0,c.CreationDate,<=,1410628718#10234606
comments c,badges b#c.UserId=b.UserId#b.Date,>=,1279597448,b.Date,<=,1410176827#15790518
comments c,badges b#c.UserId=b.UserId#c.CreationDate,>=,1279698417,c.CreationDate,<=,1409778898#15706186
comments c,badges b#c.UserId=b.UserId#c.Score,=,0,c.CreationDate,>=,1279572205#10238422
comments c,badges b#c.UserId=b.UserId#c.CreationDate,>=,1239524536,b.Date,>=,1280913632#15841107
comments c,badges b#c.UserId=b.UserId#c.Score,=,0,b.Date,=,1349184808#6
comments c,badges b#c.UserId=b.UserId#c.Score,=,0,b.Date,<=,1410023634#10150059
comments c,badges b#c.UserId=b.UserId#c.CreationDate,>=,1280173023,c.CreationDate,<=,1410128101#15761678
comments c,badges b#c.UserId=b.UserId#b.Date,>=,1279592047,b.Date,<=,1409749197#15701808
comments c,badges b#c.UserId=b.UserId#c.Score,=,0,b.Date,<=,1408555794#9948712
comments c,badges b#c.UserId=b.UserId#c.CreationDate,>=,1279663238,c.CreationDate,<=,1409853187#15724764
comments c,badges b#c.UserId=b.UserId#c.Score,=,0,c.CreationDate,=,1363135574#318
comments c,badges b#c.UserId=b.UserId#c.CreationDate,=,1404829034,b.Date,<=,1410357287#66
comments c,badges b#c.UserId=b.UserId#c.CreationDate,>=,1281173520,b.Date,=,1312359473#5
comments c,badges b#c.UserId=b.UserId#c.Score,=,0,c.CreationDate,<=,1410642123#10236064
comments c,badges b#c.UserId=b.UserId#c.Score,=,0,c.CreationDate,<=,1409250468#10052958
comments c,badges b#c.UserId=b.UserId#c.Score,=,1,b.Date,>=,1280226824#3315173
comments c,badges b#c.UserId=b.UserId#c.CreationDate,>=,1279671805,b.Date,>=,1286266483#15545770
comments c,badges b#c.UserId=b.UserId#c.CreationDate,>=,1280168743,c.CreationDate,<=,1410050037#15749162
comments c,badges b#c.UserId=b.UserId#c.CreationDate,>=,1279575528,c.CreationDate,<=,1410386445#15853740
comments c,badges b#c.UserId=b.UserId#c.CreationDate,>=,1280043693,c.CreationDate,<=,1407795874#15355078
comments c,badges b#c.UserId=b.UserId#c.Score,=,0,b.Date,<=,1409915545#10141902
comments c,badges b#c.UserId=b.UserId#b.Date,>=,1280632793,b.Date,<=,1410054636#15713139
comments c,badges b#c.UserId=b.UserId#c.Score,=,0,b.Date,<=,1410137055#10174739
comments c,badges b#c.UserId=b.UserId#b.Date,>=,1280214225,b.Date,<=,1409527197#15624462
comments c,badges b#c.UserId=b.UserId#c.Score,=,0,c.CreationDate,>=,1283360936#10129101
comments c,badges b#c.UserId=b.UserId#c.Score,=,0,b.Date,<=,1410626986#10238690
comments c,badges b#c.UserId=b.UserId#c.Score,=,0,c.CreationDate,<=,1410474447#10217097
comments c,badges b#c.UserId=b.UserId#c.CreationDate,>=,1280271832,c.CreationDate,<=,1410304142#15797233
comments c,badges b#c.UserId=b.UserId#c.CreationDate,>=,1282396868,c.CreationDate,<=,1410315450#15723602
comments c,badges b#c.UserId=b.UserId#c.CreationDate,<=,1409849998,b.Date,<=,1410552700#15730336
comments c,badges b#c.UserId=b.UserId#c.Score,=,1,b.Date,>=,1288253319#3215248
comments c,badges b#c.UserId=b.UserId#c.CreationDate,<=,1410369009,b.Date,>=,1281685200#15759651
comments c,badges b#c.UserId=b.UserId#c.Score,=,0,c.CreationDate,=,1327405351#152
comments c,badges b#c.UserId=b.UserId#c.Score,=,0,b.Date,>=,1279610948#10227171
comments c,badges b#c.UserId=b.UserId#b.Date,>=,1282473343,b.Date,<=,1409865226#15521399
comments c,badges b#c.UserId=b.UserId#c.CreationDate,>=,1280324621,c.CreationDate,<=,1410343847#15804738
comments c,badges b#c.UserId=b.UserId#c.Score,=,0,b.Date,>=,1290616263#9824556
comments c,badges b#c.UserId=b.UserId#c.CreationDate,<=,1410365252,b.Date,<=,1409544056#15618852
comments c,badges b#c.UserId=b.UserId#c.CreationDate,>=,1279814944,c.CreationDate,<=,1410546585#15871845
comments c,badges b#c.UserId=b.UserId#c.CreationDate,>=,1284565826,c.CreationDate,<=,1410190156#15568889
comments c,badges b#c.UserId=b.UserId#c.Score,=,0,c.CreationDate,>=,1280179504#10222634
comments c,badges b#c.UserId=b.UserId#b.Date,>=,1279575547,b.Date,<=,1409841543#15717343
comments c,badges b#c.UserId=b.UserId#c.Score,=,0,b.Date,>=,1279575546#10234284
comments c,badges b#c.UserId=b.UserId#b.Date,>=,1280341135,b.Date,<=,1409584934#15618300
comments c,badges b#c.UserId=b.UserId#c.Score,=,0,b.Date,<=,1410012334#10150026
comments c,badges b#c.UserId=b.UserId#c.CreationDate,<=,1410313355,b.Date,<=,1409240627#15565983
comments c,badges b#c.UserId=b.UserId#c.Score,=,0,c.CreationDate,<=,1410538502#10225713
comments c,badges b#c.UserId=b.UserId#c.Score,=,0,b.Date,<=,1409205783#10043301
comments c,badges b#c.UserId=b.UserId#c.CreationDate,>=,1279632263,c.CreationDate,<=,1410550783#15880010
comments c,badges b#c.UserId=b.UserId#c.CreationDate,>=,1282773376,c.CreationDate,<=,1409423031#15517768
comments c,badges b#c.UserId=b.UserId#c.CreationDate,<=,1409049079,b.Date,>=,1282754467#15349264
comments c,badges b#c.UserId=b.UserId#c.Score,=,0,c.CreationDate,<=,1410345188#10197563
comments c,badges b#c.UserId=b.UserId#c.CreationDate,<=,1410537304,b.Date,<=,1410206613#15800850
comments c,badges b#c.UserId=b.UserId#b.Date,>=,1280247224,b.Date,<=,1410192389#15771558
comments c,badges b#c.UserId=b.UserId#c.Score,=,0,b.Date,<=,1406824757#9645801
comments c,badges b#c.UserId=b.UserId#c.Score,=,0,c.CreationDate,<=,1410614291#10233426
comments c,badges b#c.UserId=b.UserId#c.Score,=,1,b.Date,>=,1286976195#3231412
comments c,badges b#c.UserId=b.UserId#c.CreationDate,>=,1279573890,c.CreationDate,<=,1410442166#15862962
comments c,badges b#c.UserId=b.UserId#c.CreationDate,<=,1410384149,b.Date,<=,1409154559#15564972
comments c,badges b#c.UserId=b.UserId#c.Score,=,0,b.Date,>=,1290616263#9824556
comments c,badges b#c.UserId=b.UserId#c.Score,=,0,b.Date,<=,1410404439#10217189
comments c,badges b#c.UserId=b.UserId#c.Score,=,0,c.CreationDate,=,1377697108#456
comments c,badges b#c.UserId=b.UserId#b.Date,>=,1280222024,b.Date,<=,1410477253#15838793
comments c,badges b#c.UserId=b.UserId#c.Score,=,0,c.CreationDate,<=,1410529409#10223389
comments c,badges b#c.UserId=b.UserId#c.Score,=,0,b.Date,>=,1279918708#10216136
comments c,badges b#c.UserId=b.UserId#c.Score,=,0,c.CreationDate,>=,1281106938#10197419
comments c,badges b#c.UserId=b.UserId#c.Score,=,0,c.CreationDate,>=,1280916659#10204180
comments c,badges b#c.UserId=b.UserId#b.Date,>=,1280172221,b.Date,<=,1409575074#15630722
comments c,badges b#c.UserId=b.UserId#c.CreationDate,>=,1281107440,c.CreationDate,<=,1408471947#15421208
comments c,badges b#c.UserId=b.UserId#c.Score,=,0,b.Date,<=,1410457993#10221132
comments c,badges b#c.UserId=b.UserId#c.CreationDate,>=,1285007925,c.CreationDate,<=,1410134202#15526778
comments c,badges b#c.UserId=b.UserId#c.Score,=,0,c.CreationDate,=,1349924464#74
comments c,badges b#c.UserId=b.UserId#b.Date,>=,1285911236,b.Date,<=,1410296432#15493480
comments c,badges b#c.UserId=b.UserId#c.CreationDate,>=,1280182127,b.Date,>=,1279722492#15845435
comments c,badges b#c.UserId=b.UserId#c.Score,=,0,c.CreationDate,<=,1410104844#10159686
comments c,badges b#c.UserId=b.UserId#b.Date,>=,1279803499,b.Date,<=,1410451706#15844617
comments c,badges b#c.UserId=b.UserId#c.CreationDate,>=,1279572877,c.CreationDate,<=,1409678415#15689996
comments c,badges b#c.UserId=b.UserId#b.Date,>=,1282193961,b.Date,<=,1409898377#15556042
comments c,badges b#c.UserId=b.UserId#c.CreationDate,>=,1279642963,c.CreationDate,<=,1410444831#15858711
comments c,badges b#c.UserId=b.UserId#c.Score,=,0,c.CreationDate,>=,1279732216#10233015
comments c,badges b#c.UserId=b.UserId#c.Score,=,0,c.CreationDate,>=,1281298662#10195423
comments c,badges b#c.UserId=b.UserId#c.Score,=,0,b.Date,=,1395780740#247
comments c,badges b#c.UserId=b.UserId#b.Date,>=,1279738392,b.Date,<=,1410201747#15789908
comments c,badges b#c.UserId=b.UserId#c.Score,=,0,c.CreationDate,>=,1279645203#10234673
comments c,badges b#c.UserId=b.UserId#c.Score,=,0,c.CreationDate,<=,1410249064#10179561
comments c,badges b#c.UserId=b.UserId#c.CreationDate,<=,1410377208,b.Date,>=,1279568350#15851190
comments c,badges b#c.UserId=b.UserId#c.CreationDate,>=,1280946589,b.Date,>=,1279695193#15820795
comments c,badges b#c.UserId=b.UserId#c.CreationDate,>=,1279690847,b.Date,<=,1410233062#15809054
comments c,badges b#c.UserId=b.UserId#c.Score,=,2,c.CreationDate,>=,1279575268#1331532
comments c,badges b#c.UserId=b.UserId#c.Score,=,0,b.Date,>=,1282452308#10107954
comments c,badges b#c.UserId=b.UserId#c.CreationDate,>=,1282838852,b.Date,=,1379604141#29
comments c,badges b#c.UserId=b.UserId#c.Score,=,1,c.CreationDate,>=,1280181197#3317696
comments c,badges b#c.UserId=b.UserId#c.CreationDate,>=,1280179504,c.CreationDate,<=,1410464566#15841337
comments c,badges b#c.UserId=b.UserId#c.Score,=,0,b.Date,>=,1280358536#10204500
comments c,badges b#c.UserId=b.UserId#c.Score,=,0,b.Date,>=,1279596548#10230909
comments c,badges b#c.UserId=b.UserId#b.Date,>=,1288106232,b.Date,<=,1407474781#14707109
comments c,badges b#c.UserId=b.UserId#c.Score,=,0,c.CreationDate,=,1373725379#101
comments c,badges b#c.UserId=b.UserId#c.Score,=,0,c.CreationDate,>=,1283590191#10119137
comments c,badges b#c.UserId=b.UserId#c.CreationDate,<=,1408719665,b.Date,=,1388673506#10
comments c,badges b#c.UserId=b.UserId#b.Date,>=,1279576446,b.Date,<=,1409602877#15660557
comments c,badges b#c.UserId=b.UserId#c.CreationDate,>=,1279796562,c.CreationDate,<=,1410440823#15851821
comments c,badges b#c.UserId=b.UserId#c.CreationDate,>=,1280363164,c.CreationDate,<=,1410489253#15834843
comments c,badges b#c.UserId=b.UserId#c.Score,=,0,c.CreationDate,<=,1409243805#10051617
comments c,badges b#c.UserId=b.UserId#b.Date,>=,1294573859,b.Date,<=,1409863337#14810544
comments c,badges b#c.UserId=b.UserId#c.CreationDate,>=,1279878898,c.CreationDate,<=,1410271249#15803820
comments c,badges b#c.UserId=b.UserId#c.Score,=,0,c.CreationDate,>=,1280786962#10207823
comments c,badges b#c.UserId=b.UserId#c.Score,=,0,b.Date,<=,1410641803#10238780
comments c,badges b#c.UserId=b.UserId#b.Date,>=,1282154646,b.Date,<=,1410362061#15671264
comments c,badges b#c.UserId=b.UserId#c.Score,=,0,b.Date,>=,1280244524#10206828
comments c,badges b#c.UserId=b.UserId#c.Score,=,0,c.CreationDate,>=,1280341105#10216028
comments c,badges b#c.UserId=b.UserId#c.Score,=,1,c.CreationDate,<=,1410098573#3295678
comments c,badges b#c.UserId=b.UserId#c.Score,=,2,b.Date,<=,1410653375#1331831
comments c,badges b#c.UserId=b.UserId#c.Score,=,0,c.CreationDate,<=,1410192520#10172151
comments c,badges b#c.UserId=b.UserId#c.Score,=,4,b.Date,>=,1279568349#225126
comments c,badges b#c.UserId=b.UserId#c.CreationDate,>=,1280088604,c.CreationDate,<=,1409454766#15631491
comments c,badges b#c.UserId=b.UserId#c.Score,=,0,c.CreationDate,<=,1410406209#10211818
comments c,badges b#c.UserId=b.UserId#c.Score,=,0,c.CreationDate,>=,1279576604#10237636
comments c,badges b#c.UserId=b.UserId#c.Score,=,0,c.CreationDate,<=,1408727082#9996100
comments c,badges b#c.UserId=b.UserId#c.CreationDate,<=,1410635129,b.Date,=,1396537280#17
comments c,badges b#c.UserId=b.UserId#b.Date,>=,1280279930,b.Date,<=,1409622697#15621862
comments c,badges b#c.UserId=b.UserId#c.Score,=,0,c.CreationDate,=,1287505760#92
comments c,badges b#c.UserId=b.UserId#c.Score,=,0,b.Date,>=,1279568349#10238334
comments c,badges b#c.UserId=b.UserId#c.Score,=,0,b.Date,>=,1288591844#9904426
comments c,badges b#c.UserId=b.UserId#c.Score,=,2,b.Date,>=,1280423950#1328445
comments c,badges b#c.UserId=b.UserId#c.Score,=,0,c.CreationDate,<=,1410569220#10230589
comments c,badges b#c.UserId=b.UserId#c.CreationDate,>=,1280412856,c.CreationDate,<=,1409692893#15655405
comments c,badges b#c.UserId=b.UserId#c.CreationDate,>=,1279900592,c.CreationDate,<=,1410383323#15839521
comments c,badges b#c.UserId=b.UserId#c.Score,=,0,c.CreationDate,<=,1409496170#10073935
comments c,badges b#c.UserId=b.UserId#b.Date,>=,1286525343,b.Date,<=,1410192776#15463779
comments c,badges b#c.UserId=b.UserId#c.Score,=,0,c.CreationDate,<=,1410403331#10211392
comments c,badges b#c.UserId=b.UserId#b.Date,>=,1281600897,b.Date,<=,1410464506#15782423
comments c,badges b#c.UserId=b.UserId#b.Date,>=,1279568350,b.Date,<=,1410248439#15816821
comments c,badges b#c.UserId=b.UserId#c.Score,=,2,b.Date,<=,1409008795#1304737
comments c,badges b#c.UserId=b.UserId#c.Score,=,0,c.CreationDate,>=,1280354290#10215525
comments c,badges b#c.UserId=b.UserId#c.CreationDate,>=,1280176035,c.CreationDate,<=,1410397236#15832582
comments c,badges b#c.UserId=b.UserId#c.CreationDate,<=,1410446422,b.Date,<=,1409693911#15642596
comments c,badges b#c.UserId=b.UserId#c.Score,=,0,c.CreationDate,>=,1282770489#10148589
comments c,badges b#c.UserId=b.UserId#c.CreationDate,>=,1280968562,b.Date,<=,1410274934#15775170
comments c,badges b#c.UserId=b.UserId#c.CreationDate,<=,1410508550,b.Date,>=,1279695193#15851182
comments c,badges b#c.UserId=b.UserId#c.Score,=,0,c.CreationDate,>=,1280261598#10218516
comments c,badges b#c.UserId=b.UserId#c.CreationDate,>=,1280247151,c.CreationDate,<=,1409910433#15712156
comments c,badges b#c.UserId=b.UserId#c.CreationDate,>=,1279643930,c.CreationDate,<=,1410560662#15879761
comments c,badges b#c.UserId=b.UserId#c.CreationDate,>=,1280993273,b.Date,<=,1409297358#15572404
comments c,badges b#c.UserId=b.UserId#c.CreationDate,<=,1410516065,b.Date,<=,1410451706#15851776
comments c,badges b#c.UserId=b.UserId#c.Score,=,0,b.Date,<=,1409330075#10058865
comments c,badges b#c.UserId=b.UserId#c.Score,=,1,c.CreationDate,<=,1410397911#3316173
comments c,badges b#c.UserId=b.UserId#c.Score,=,0,c.CreationDate,=,1354202719#16
comments c,badges b#c.UserId=b.UserId#c.Score,=,0,c.CreationDate,<=,1410470617#10216737
comments c,badges b#c.UserId=b.UserId#c.CreationDate,>=,1281120365,b.Date,=,1334382510#4
comments c,badges b#c.UserId=b.UserId#c.CreationDate,>=,1281888729,c.CreationDate,<=,1409970750#15673867
comments c,badges b#c.UserId=b.UserId#c.Score,=,0,b.Date,>=,1280339635#10205015
comments c,badges b#c.UserId=b.UserId#c.Score,=,0,c.CreationDate,>=,1280191784#10222097
comments c,badges b#c.UserId=b.UserId#b.Date,>=,1279568349,b.Date,<=,1410443404#15872678
comments c,badges b#c.UserId=b.UserId#c.Score,=,0,b.Date,>=,1280180322#10213863
comments c,badges b#c.UserId=b.UserId#b.Date,>=,1279573446,b.Date,<=,1408525081#15431256
comments c,badges b#c.UserId=b.UserId#c.Score,=,0,b.Date,>=,1290946276#9816612
comments c,badges b#c.UserId=b.UserId#c.CreationDate,>=,1279724541,c.CreationDate,<=,1410380860#15842612
comments c,badges b#c.UserId=b.UserId#c.Score,=,3,c.CreationDate,<=,1410463137#534576
comments c,badges b#c.UserId=b.UserId#c.Score,=,1,b.Date,<=,1410460508#3317695
comments c,badges b#c.UserId=b.UserId#c.Score,=,1,c.CreationDate,<=,1410123929#3297683
comments c,badges b#c.UserId=b.UserId#c.Score,=,0,c.CreationDate,>=,1282918327#10143252
comments c,badges b#c.UserId=b.UserId#c.CreationDate,>=,1279671326,b.Date,<=,1410013831#15753857
comments c,badges b#c.UserId=b.UserId#b.Date,>=,1281297560,b.Date,<=,1410511098#15808923
comments c,badges b#c.UserId=b.UserId#c.Score,=,0,c.CreationDate,<=,1410259846#10180623
comments c,badges b#c.UserId=b.UserId#c.Score,=,1,b.Date,<=,1409791800#3285778
comments c,badges b#c.UserId=b.UserId#c.CreationDate,>=,1285093822,b.Date,>=,1279630452#15612386
comments c,badges b#c.UserId=b.UserId#b.Date,>=,1288917153,b.Date,<=,1409375312#15054101
comments c,badges b#c.UserId=b.UserId#b.Date,>=,1283995055,b.Date,<=,1409083392#15317153
comments c,badges b#c.UserId=b.UserId#b.Date,>=,1279627153,b.Date,<=,1408514013#15416014
comments c,badges b#c.UserId=b.UserId#c.Score,=,0,c.CreationDate,>=,1279830236#10231332
comments c,badges b#c.UserId=b.UserId#c.CreationDate,>=,1282144367,c.CreationDate,<=,1410403716#15764571
comments c,badges b#c.UserId=b.UserId#c.Score,=,1,b.Date,<=,1409748589#3283793
comments c,badges b#c.UserId=b.UserId#b.Date,>=,1280171621,b.Date,<=,1409664658#15637131
comments c,badges b#c.UserId=b.UserId#c.CreationDate,>=,1280254265,c.CreationDate,<=,1410431602#15830234
comments c,badges b#c.UserId=b.UserId#c.CreationDate,>=,1280389756,c.CreationDate,<=,1410640459#15855859
comments c,badges b#c.UserId=b.UserId#c.Score,=,0,b.Date,=,1341884918#4
comments c,badges b#c.UserId=b.UserId#c.CreationDate,<=,1410270741,b.Date,>=,1279641251#15796404
comments c,badges b#c.UserId=b.UserId#c.Score,=,0,b.Date,=,1372178857#304
comments c,badges b#c.UserId=b.UserId#c.Score,=,0,c.CreationDate,=,1410441199#2
comments c,badges b#c.UserId=b.UserId#c.CreationDate,>=,1279631646,c.CreationDate,<=,1410639062#15888849
comments c,badges b#c.UserId=b.UserId#c.CreationDate,>=,1279727424,c.CreationDate,<=,1409653540#15673835
comments c,badges b#c.UserId=b.UserId#c.Score,=,0,b.Date,<=,1410235146#10185685
comments c,badges b#c.UserId=b.UserId#c.CreationDate,<=,1409554390,b.Date,>=,1288992155#15067621
comments c,badges b#c.UserId=b.UserId#c.Score,=,0,c.CreationDate,<=,1409736818#10106902
comments c,badges b#c.UserId=b.UserId#c.CreationDate,>=,1281037512,c.CreationDate,<=,1410630777#15830388
comments c,badges b#c.UserId=b.UserId#c.CreationDate,>=,1280167471,c.CreationDate,<=,1410105149#15757070
comments c,badges b#c.UserId=b.UserId#c.CreationDate,<=,1410403716,b.Date,>=,1281181652#15794155
comments c,badges b#c.UserId=b.UserId#c.CreationDate,>=,1279637646,c.CreationDate,<=,1410292087#15821868
comments c,badges b#c.UserId=b.UserId#c.Score,=,0,b.Date,<=,1409990641#10149843
comments c,badges b#c.UserId=b.UserId#c.CreationDate,=,1367580780,b.Date,>=,1281723901#7
comments c,badges b#c.UserId=b.UserId#c.Score,=,0,c.CreationDate,<=,1410157117#10166440
comments c,badges b#c.UserId=b.UserId#c.Score,=,0,c.CreationDate,>=,1280083278#10226645
comments c,badges b#c.UserId=b.UserId#b.Date,>=,1280503172,b.Date,<=,1410434479#15817866
comments c,badges b#c.UserId=b.UserId#c.Score,=,0,b.Date,<=,1409348946#10061972
comments c,badges b#c.UserId=b.UserId#c.Score,=,0,b.Date,<=,1410436137#10218032
comments c,badges b#c.UserId=b.UserId#c.Score,=,0,c.CreationDate,>=,1279822932#10231381
comments c,badges b#c.UserId=b.UserId#c.CreationDate,>=,1286407764,c.CreationDate,<=,1407876091#15040873
comments c,badges b#c.UserId=b.UserId#b.Date,>=,1280325834,b.Date,<=,1409224641#15560781
comments c,badges b#c.UserId=b.UserId#c.Score,=,0,c.CreationDate,>=,1284534507#10081642
comments c,badges b#c.UserId=b.UserId#c.Score,=,0,b.Date,<=,1410184800#10176893
comments c,badges b#c.UserId=b.UserId#b.Date,>=,1280222025,b.Date,<=,1410272692#15794079
comments c,badges b#c.UserId=b.UserId#c.Score,=,5,b.Date,>=,1280270927#106771
comments c,badges b#c.UserId=b.UserId#c.Score,=,0,b.Date,>=,1281985421#10148250
comments c,badges b#c.UserId=b.UserId#c.CreationDate,<=,1410391373,b.Date,>=,1280572777#15806096
comments c,badges b#c.UserId=b.UserId#b.Date,>=,1280956237,b.Date,<=,1410363929#15791428
comments c,badges b#c.UserId=b.UserId#c.CreationDate,>=,1233588104,b.Date,<=,1410597655#15899374
comments c,badges b#c.UserId=b.UserId#c.Score,=,1,b.Date,<=,1410543066#3322643
comments c,badges b#c.UserId=b.UserId#c.CreationDate,>=,1279661851,c.CreationDate,<=,1410537841#15872726
comments c,badges b#c.UserId=b.UserId#c.CreationDate,>=,1280688704,c.CreationDate,<=,1410364421#15803381
comments c,badges b#c.UserId=b.UserId#c.CreationDate,>=,1279830236,b.Date,<=,1410511098#15864437
comments c,badges b#c.UserId=b.UserId#c.CreationDate,>=,1279579185,c.CreationDate,<=,1410639062#15892138
comments c,badges b#c.UserId=b.UserId#c.Score,=,1,c.CreationDate,<=,1410218093#3306079
comments c,badges b#c.UserId=b.UserId#c.CreationDate,=,1377790729,b.Date,<=,1410506969#18
comments c,badges b#c.UserId=b.UserId#b.Date,>=,1279568349,b.Date,<=,1409784180#15722418
comments c,badges b#c.UserId=b.UserId#c.Score,=,0,b.Date,<=,1409507257#10079525
comments c,badges b#c.UserId=b.UserId#c.Score,=,0,c.CreationDate,<=,1409952595#10143093
comments c,badges b#c.UserId=b.UserId#c.CreationDate,>=,1281734884,c.CreationDate,<=,1410529377#15793526
comments c,badges b#c.UserId=b.UserId#c.Score,=,0,b.Date,<=,1410169244#10175851
comments c,badges b#c.UserId=b.UserId#c.Score,=,0,c.CreationDate,<=,1410246976#10179426
comments c,badges b#c.UserId=b.UserId#c.Score,=,0,b.Date,<=,1410233664#10185666
comments c,badges b#c.UserId=b.UserId#b.Date,>=,1279568349,b.Date,<=,1410445700#15872697
comments c,badges b#c.UserId=b.UserId#c.CreationDate,>=,1279606128,b.Date,<=,1410607567#15894435
comments c,badges b#c.UserId=b.UserId#c.CreationDate,>=,1279714063,b.Date,>=,1279569547#15884725
comments c,badges b#c.UserId=b.UserId#c.CreationDate,<=,1410378819,b.Date,=,1383327724#617
comments c,badges b#c.UserId=b.UserId#c.CreationDate,>=,1281715877,b.Date,<=,1410447190#15788203
comments c,badges b#c.UserId=b.UserId#c.Score,=,0,c.CreationDate,<=,1410211789#10176298
comments c,badges b#c.UserId=b.UserId#b.Date,>=,1279610648,b.Date,<=,1409776523#15706018
comments c,badges b#c.UserId=b.UserId#b.Date,>=,1283087803,b.Date,<=,1410308291#15588750
comments c,badges b#c.UserId=b.UserId#c.Score,=,1,c.CreationDate,>=,1280937325#3312564
comments c,badges b#c.UserId=b.UserId#c.CreationDate,>=,1279672940,b.Date,>=,1280174322#15855603
comments c,badges b#c.UserId=b.UserId#c.Score,=,1,c.CreationDate,>=,1282478835#3306014
comments c,badges b#c.UserId=b.UserId#c.Score,=,0,b.Date,>=,1280281732#10205749
comments c,badges b#c.UserId=b.UserId#c.Score,=,0,c.CreationDate,<=,1409936567#10138655
comments c,badges b#c.UserId=b.UserId#b.Date,>=,1280238824,b.Date,<=,1410529361#15834424
comments c,badges b#c.UserId=b.UserId#c.CreationDate,>=,1280913473,c.CreationDate,<=,1409760849#15654974
comments c,badges b#c.UserId=b.UserId#c.Score,=,0,b.Date,>=,1284730145#10049412
comments c,badges b#c.UserId=b.UserId#c.Score,=,1,c.CreationDate,>=,1279593325#3321972
comments c,badges b#c.UserId=b.UserId#c.CreationDate,>=,1279817350,c.CreationDate,<=,1410527993#15864117
comments c,badges b#c.UserId=b.UserId#c.CreationDate,=,1371440072,b.Date,>=,1279797799#32
comments c,badges b#c.UserId=b.UserId#c.CreationDate,>=,1279670693,b.Date,=,1402446385#12
comments c,badges b#c.UserId=b.UserId#c.CreationDate,>=,1279569811,c.CreationDate,<=,1409945618#15752712
comments c,badges b#c.UserId=b.UserId#c.CreationDate,>=,1285021095,c.CreationDate,<=,1409158827#15344750
comments c,badges b#c.UserId=b.UserId#c.CreationDate,>=,1280431026,b.Date,<=,1409950833#15711976
comments c,badges b#c.UserId=b.UserId#c.Score,=,0,b.Date,>=,1282534553#10106697
comments c,badges b#c.UserId=b.UserId#c.Score,=,0,b.Date,>=,1280172822#10214470
comments c,badges b#c.UserId=b.UserId#c.Score,=,0,c.CreationDate,>=,1281722645#10182190
comments c,badges b#c.UserId=b.UserId#b.Date,>=,1279568350,b.Date,<=,1409814717#15721372
comments c,badges b#c.UserId=b.UserId#c.Score,=,2,c.CreationDate,>=,1239521894#1331797
comments c,badges b#c.UserId=b.UserId#c.CreationDate,>=,1279725215,c.CreationDate,<=,1410480840#15860527
comments c,badges b#c.UserId=b.UserId#c.CreationDate,<=,1410127426,b.Date,<=,1410465495#15761669
comments c,badges b#c.UserId=b.UserId#b.Date,>=,1284923326,b.Date,<=,1410261585#15514464
comments c,badges b#c.UserId=b.UserId#c.Score,=,0,b.Date,<=,1410099897#10173505
comments c,badges b#c.UserId=b.UserId#c.Score,=,1,b.Date,<=,1410196523#3305801
comments c,badges b#c.UserId=b.UserId#c.CreationDate,<=,1410431602,b.Date,<=,1410623132#15864317
comments c,badges b#c.UserId=b.UserId#c.CreationDate,>=,1281746870,c.CreationDate,<=,1410596558#15805797
comments c,badges b#c.UserId=b.UserId#b.Date,>=,1279721892,b.Date,<=,1410444083#15845236
comments c,badges b#c.UserId=b.UserId#c.Score,=,0,c.CreationDate,>=,1279582460#10237097
comments c,badges b#c.UserId=b.UserId#c.Score,=,0,c.CreationDate,<=,1410027451#10150279
comments c,badges b#c.UserId=b.UserId#c.Score,=,1,c.CreationDate,>=,1279621154#3321702
comments c,badges b#c.UserId=b.UserId#c.CreationDate,>=,1283348926,c.CreationDate,<=,1410409484#15711095
comments c,badges b#c.UserId=b.UserId#b.Date,>=,1280222027,b.Date,<=,1410518569#15837155
comments c,badges b#c.UserId=b.UserId#c.CreationDate,>=,1285085114,c.CreationDate,<=,1410558772#15617899
comments c,badges b#c.UserId=b.UserId#c.CreationDate,=,1350173209,b.Date,>=,1283862380#256
comments c,badges b#c.UserId=b.UserId#b.Date,>=,1280237624,b.Date,<=,1409776523#15677199
comments c,badges b#c.UserId=b.UserId#c.Score,=,0,c.CreationDate,=,1329087189#176
comments c,badges b#c.UserId=b.UserId#b.Date,>=,1279603749,b.Date,<=,1409133281#15591056
comments c,badges b#c.UserId=b.UserId#c.Score,=,0,c.CreationDate,<=,1410102086#10158876
comments c,badges b#c.UserId=b.UserId#b.Date,>=,1284551761,b.Date,<=,1410577531#15606386
comments c,badges b#c.UserId=b.UserId#c.Score,=,0,c.CreationDate,<=,1409602452#10087838
comments c,badges b#c.UserId=b.UserId#c.Score,=,0,b.Date,>=,1279590247#10231425
comments c,badges b#c.UserId=b.UserId#c.Score,=,0,c.CreationDate,<=,1410124397#10162759
comments c,badges b#c.UserId=b.UserId#b.Date,>=,1279601048,b.Date,<=,1410088021#15785994
comments c,badges b#c.UserId=b.UserId#c.CreationDate,>=,1280445952,c.CreationDate,<=,1410382784#15811502
comments c,badges b#c.UserId=b.UserId#c.Score,=,0,b.Date,<=,1410587382#10238385
comments c,badges b#c.UserId=b.UserId#c.Score,=,6,b.Date,>=,1280235224#50139
comments c,badges b#c.UserId=b.UserId#c.CreationDate,>=,1279881809,c.CreationDate,<=,1410336349#15825777
comments c,badges b#c.UserId=b.UserId#c.CreationDate,>=,1281063661,b.Date,<=,1410192389#15753695
comments c,badges b#c.UserId=b.UserId#b.Date,>=,1279641251,b.Date,<=,1408933521#15501699
comments c,badges b#c.UserId=b.UserId#c.CreationDate,<=,1410629410,b.Date,<=,1410558232#15892922
comments c,badges b#c.UserId=b.UserId#c.Score,=,1,c.CreationDate,<=,1410166602#3300096
comments c,badges b#c.UserId=b.UserId#c.Score,=,0,c.CreationDate,>=,1280441759#10212839
comments c,badges b#c.UserId=b.UserId#c.CreationDate,<=,1410396146,b.Date,<=,1410273293#15794409
comments c,badges b#c.UserId=b.UserId#c.Score,=,0,b.Date,=,1292533906#14
comments c,badges b#c.UserId=b.UserId#c.CreationDate,>=,1280707459,b.Date,>=,1280899831#15799827
comments c,badges b#c.UserId=b.UserId#c.Score,=,0,c.CreationDate,>=,1281628100#10185482
comments c,badges b#c.UserId=b.UserId#c.CreationDate,>=,1279575724,c.CreationDate,<=,1410520225#15874301
comments c,badges b#c.UserId=b.UserId#b.Date,>=,1280175222,b.Date,<=,1409566575#15629917
comments c,badges b#c.UserId=b.UserId#b.Date,>=,1279570746,b.Date,<=,1409032422#15539337
comments c,badges b#c.UserId=b.UserId#c.Score,=,0,b.Date,>=,1279568349#10238334
comments c,badges b#c.UserId=b.UserId#c.CreationDate,>=,1280243300,c.CreationDate,<=,1410247890#15783811
comments c,badges b#c.UserId=b.UserId#b.Date,>=,1280196523,b.Date,<=,1408812145#15468706
comments c,badges b#c.UserId=b.UserId#c.Score,=,0,b.Date,=,1392977208#7
comments c,badges b#c.UserId=b.UserId#b.Date,>=,1280213024,b.Date,<=,1410426946#15831762
comments c,badges b#c.UserId=b.UserId#c.CreationDate,<=,1410127608,b.Date,<=,1410580532#15786672
comments c,badges b#c.UserId=b.UserId#c.Score,=,0,b.Date,>=,1279575846#10234265
comments c,badges b#c.UserId=b.UserId#c.Score,=,0,c.CreationDate,>=,1281335614#10194252
comments c,badges b#c.UserId=b.UserId#c.CreationDate,<=,1409657845,b.Date,<=,1410267251#15614001
comments c,badges b#c.UserId=b.UserId#c.CreationDate,<=,1410430127,b.Date,=,1385027762#6
comments c,badges b#c.UserId=b.UserId#c.Score,=,12,c.CreationDate,<=,1409819084#4473
comments c,badges b#c.UserId=b.UserId#c.Score,=,2,b.Date,<=,1410184800#1324074
comments c,badges b#c.UserId=b.UserId#c.CreationDate,>=,1281418605,b.Date,=,1358510371#2589
comments c,badges b#c.UserId=b.UserId#b.Date,>=,1279569246,b.Date,<=,1409611113#15663750
comments c,badges b#c.UserId=b.UserId#c.Score,=,0,c.CreationDate,>=,1281684193#10183137
comments c,badges b#c.UserId=b.UserId#b.Date,>=,1279573746,b.Date,<=,1408802143#15498653
comments c,badges b#c.UserId=b.UserId#c.Score,=,0,b.Date,=,1391779089#50
comments c,badges b#c.UserId=b.UserId#c.Score,=,0,c.CreationDate,<=,1409011890#10019482
comments c,badges b#c.UserId=b.UserId#b.Date,>=,1280665795,b.Date,<=,1408743130#15439652
comments c,badges b#c.UserId=b.UserId#c.Score,=,0,c.CreationDate,>=,1279726400#10233174
comments c,badges b#c.UserId=b.UserId#b.Date,>=,1280179122,b.Date,<=,1410449597#15837897
comments c,badges b#c.UserId=b.UserId#c.Score,=,2,c.CreationDate,>=,1280158604#1330067
comments c,badges b#c.UserId=b.UserId#c.CreationDate,<=,1410379238,b.Date,<=,1410249602#15773938
comments c,badges b#c.UserId=b.UserId#c.CreationDate,>=,1279589382,c.CreationDate,<=,1410538918#15878532
comments c,badges b#c.UserId=b.UserId#b.Date,>=,1280744409,b.Date,<=,1409843137#15669178
comments c,badges b#c.UserId=b.UserId#b.Date,>=,1280022514,b.Date,<=,1408826419#15472362
comments c,badges b#c.UserId=b.UserId#c.Score,=,0,c.CreationDate,>=,1279609031#10236417
comments c,badges b#c.UserId=b.UserId#b.Date,>=,1279594748,b.Date,<=,1410466550#15862812
comments c,badges b#c.UserId=b.UserId#c.CreationDate,>=,1281138607,c.CreationDate,<=,1410507843#15809337
comments c,badges b#c.UserId=b.UserId#c.Score,=,1,b.Date,<=,1409791053#3285777
comments c,badges b#c.UserId=b.UserId#b.Date,>=,1283119671,b.Date,<=,1409941869#15508135
comments c,badges b#c.UserId=b.UserId#b.Date,>=,1279580046,b.Date,<=,1409070961#15557792
comments c,badges b#c.UserId=b.UserId#c.Score,=,0,b.Date,=,1311120133#2074
comments c,badges b#c.UserId=b.UserId#b.Date,>=,1285550864,b.Date,<=,1409745024#15380298
comments c,badges b#c.UserId=b.UserId#c.Score,=,0,b.Date,<=,1407855448#9832918
comments c,badges b#c.UserId=b.UserId#c.Score,=,0,b.Date,<=,1410455433#10221132
comments c,badges b#c.UserId=b.UserId#c.Score,=,0,b.Date,<=,1410461879#10221206
comments c,badges b#c.UserId=b.UserId#c.CreationDate,>=,1281460007,b.Date,>=,1281543894#15743306
comments c,badges b#c.UserId=b.UserId#c.CreationDate,>=,1280419848,b.Date,<=,1410437336#15827879
comments c,badges b#c.UserId=b.UserId#c.Score,=,0,c.CreationDate,>=,1280189371#10222239
comments c,badges b#c.UserId=b.UserId#c.Score,=,3,c.CreationDate,<=,1410532494#534576
comments c,badges b#c.UserId=b.UserId#c.CreationDate,>=,1280676841,c.CreationDate,<=,1410177935#15746201
comments c,badges b#c.UserId=b.UserId#c.Score,=,0,b.Date,>=,1279707492#10220341
comments c,badges b#c.UserId=b.UserId#c.CreationDate,<=,1409767046,b.Date,=,1357361126#370
comments c,badges b#c.UserId=b.UserId#c.Score,=,0,b.Date,<=,1410307083#10196006
comments c,badges b#c.UserId=b.UserId#c.Score,=,0,c.CreationDate,>=,1282138951#10176569
comments c,badges b#c.UserId=b.UserId#b.Date,>=,1279568347,b.Date,<=,1410177588#15803929
comments c,badges b#c.UserId=b.UserId#c.CreationDate,>=,1281712781,c.CreationDate,<=,1410590242#15806254
comments c,badges b#c.UserId=b.UserId#b.Date,>=,1280904931,b.Date,<=,1410286842#15775836
comments c,badges b#c.UserId=b.UserId#c.Score,=,0,c.CreationDate,<=,1410226268#10178024
comments c,badges b#c.UserId=b.UserId#c.CreationDate,>=,1280274077,c.CreationDate,<=,1409864312#15701535
comments c,badges b#c.UserId=b.UserId#c.CreationDate,>=,1283869191,b.Date,<=,1410546094#15717341
comments c,badges b#c.UserId=b.UserId#c.CreationDate,<=,1409925834,b.Date,>=,1279574346#15740639
comments c,badges b#c.UserId=b.UserId#c.Score,=,1,c.CreationDate,<=,1410634259#3321956
comments c,badges b#c.UserId=b.UserId#c.CreationDate,>=,1279796562,c.CreationDate,<=,1409850361#15718664
comments c,badges b#c.UserId=b.UserId#b.Date,>=,1281972813,b.Date,<=,1408041848#15202833
comments c,badges b#c.UserId=b.UserId#c.Score,=,1,c.CreationDate,>=,1280043601#3318890
comments c,badges b#c.UserId=b.UserId#c.Score,=,0,c.CreationDate,>=,1281030735#10198711
comments c,badges b#c.UserId=b.UserId#c.CreationDate,>=,1280607149,b.Date,=,1380778602#8
comments c,badges b#c.UserId=b.UserId#b.Date,>=,1280222027,b.Date,<=,1408216221#15308035
comments c,badges b#c.UserId=b.UserId#b.Date,>=,1282312489,b.Date,<=,1408665235#15292755
comments c,badges b#c.UserId=b.UserId#c.Score,=,0,b.Date,<=,1409773206#10121780
comments c,badges b#c.UserId=b.UserId#c.CreationDate,>=,1279572484,c.CreationDate,<=,1410495881#15873657
comments c,badges b#c.UserId=b.UserId#c.Score,=,0,c.CreationDate,<=,1410110498#10160747
comments c,badges b#c.UserId=b.UserId#c.Score,=,2,b.Date,>=,1279574946#1331343
comments c,badges b#c.UserId=b.UserId#c.CreationDate,>=,1279709065,b.Date,<=,1410574904#15887700
comments c,badges b#c.UserId=b.UserId#c.CreationDate,>=,1280088604,b.Date,<=,1410092999#15776707
comments c,badges b#c.UserId=b.UserId#c.CreationDate,>=,1279611167,b.Date,<=,1410490914#15873033
comments c,badges b#c.UserId=b.UserId#c.CreationDate,>=,1283367827,c.CreationDate,<=,1410293129#15672655
comments c,badges b#c.UserId=b.UserId#c.CreationDate,>=,1279598968,c.CreationDate,<=,1410543514#15879606
comments c,badges b#c.UserId=b.UserId#b.Date,>=,1279613649,b.Date,<=,1410426946#15852049
comments c,badges b#c.UserId=b.UserId#b.Date,>=,1289148473,b.Date,<=,1409217568#14984167
comments c,badges b#c.UserId=b.UserId#c.CreationDate,=,1403765539,b.Date,<=,1410189812#4
comments c,badges b#c.UserId=b.UserId#c.Score,=,0,b.Date,>=,1280264626#10206189
comments c,badges b#c.UserId=b.UserId#c.CreationDate,>=,1279744276,c.CreationDate,<=,1410292709#15817487
comments c,badges b#c.UserId=b.UserId#b.Date,>=,1279568349,b.Date,<=,1408679202#15491467
comments c,badges b#c.UserId=b.UserId#c.Score,=,0,c.CreationDate,>=,1279815215#10231748
comments c,badges b#c.UserId=b.UserId#c.Score,=,0,b.Date,<=,1409069045#10017997
comments c,badges b#c.UserId=b.UserId#c.Score,=,0,c.CreationDate,<=,1409687817#10101190
comments c,badges b#c.UserId=b.UserId#c.Score,=,0,c.CreationDate,>=,1280058071#10227086
comments c,badges b#c.UserId=b.UserId#c.Score,=,0,b.Date,>=,1285672189#10022841
comments c,badges b#c.UserId=b.UserId#c.CreationDate,<=,1409674082,b.Date,<=,1406389799#14749298
comments c,badges b#c.UserId=b.UserId#c.CreationDate,>=,1279569066,c.CreationDate,<=,1410520630#15876577
comments c,badges b#c.UserId=b.UserId#c.Score,=,1,c.CreationDate,<=,1410225649#3306151
comments c,badges b#c.UserId=b.UserId#c.Score,=,0,c.CreationDate,<=,1409441047#10068721
comments c,badges b#c.UserId=b.UserId#c.Score,=,0,c.CreationDate,<=,1410109961#10160222
comments c,badges b#c.UserId=b.UserId#c.Score,=,0,c.CreationDate,=,1299780226#30
comments c,badges b#c.UserId=b.UserId#c.Score,=,0,c.CreationDate,>=,1281832218#10181170
comments c,badges b#c.UserId=b.UserId#c.Score,=,0,b.Date,>=,1280839216#10198797
comments c,badges b#c.UserId=b.UserId#c.CreationDate,>=,1280364908,c.CreationDate,<=,1409757458#15669350
comments c,badges b#c.UserId=b.UserId#c.Score,=,0,b.Date,<=,1410379226#10214620
comments c,badges b#c.UserId=b.UserId#b.Date,>=,1281063996,b.Date,<=,1409735367#15646597
comments c,badges b#c.UserId=b.UserId#c.Score,=,0,c.CreationDate,>=,1279600425#10236808
comments c,badges b#c.UserId=b.UserId#c.CreationDate,>=,1284630206,b.Date,>=,1279635852#15646440
comments c,badges b#c.UserId=b.UserId#c.CreationDate,>=,1281337156,b.Date,>=,1280140721#15800690
comments c,badges b#c.UserId=b.UserId#c.Score,=,0,c.CreationDate,>=,1280175014#10223080
comments c,badges b#c.UserId=b.UserId#c.Score,=,0,b.Date,>=,1281046296#10193418
comments c,badges b#c.UserId=b.UserId#c.CreationDate,>=,1280044110,c.CreationDate,<=,1410361839#15825376
comments c,badges b#c.UserId=b.UserId#c.Score,=,0,b.Date,>=,1287068390#9948042
comments c,badges b#c.UserId=b.UserId#c.Score,=,1,c.CreationDate,<=,1410374869#3314917
comments c,badges b#c.UserId=b.UserId#c.Score,=,1,b.Date,>=,1284421148#3264015
comments c,badges b#c.UserId=b.UserId#c.CreationDate,=,1409231014,b.Date,<=,1409842744#28
comments c,badges b#c.UserId=b.UserId#c.CreationDate,>=,1280333902,c.CreationDate,<=,1410425529#15825855
comments c,badges b#c.UserId=b.UserId#c.Score,=,0,b.Date,<=,1410426343#10217964
comments c,badges b#c.UserId=b.UserId#c.Score,=,0,c.CreationDate,<=,1410385503#10206622
comments c,badges b#c.UserId=b.UserId#c.Score,=,1,b.Date,>=,1283551159#3269700
comments c,badges b#c.UserId=b.UserId#b.Date,>=,1282559454,b.Date,<=,1409156964#15401999
comments c,badges b#c.UserId=b.UserId#c.Score,=,1,c.CreationDate,>=,1283465226#3299244
comments c,badges b#c.UserId=b.UserId#b.Date,>=,1280199824,b.Date,<=,1410428453#15832650
comments c,badges b#c.UserId=b.UserId#c.CreationDate,>=,1280215309,c.CreationDate,<=,1410111988#15755252
comments c,badges b#c.UserId=b.UserId#c.Score,=,0,c.CreationDate,<=,1409694967#10101936
comments c,badges b#c.UserId=b.UserId#c.CreationDate,>=,1285108443,c.CreationDate,<=,1410225649#15540544
comments c,badges b#c.UserId=b.UserId#b.Date,>=,1279594148,b.Date,<=,1409858468#15713058
comments c,badges b#c.UserId=b.UserId#c.CreationDate,<=,1410440823,b.Date,<=,1410475342#15839705
comments c,badges b#c.UserId=b.UserId#c.CreationDate,=,1374160427,b.Date,>=,1279568347#66
comments c,badges b#c.UserId=b.UserId#c.Score,=,5,c.CreationDate,>=,1282308130#106395
comments c,badges b#c.UserId=b.UserId#c.CreationDate,>=,1281723188,c.CreationDate,<=,1410526387#15792434
comments c,badges b#c.UserId=b.UserId#b.Date,>=,1279568350,b.Date,<=,1410260459#15816880
comments c,badges b#c.UserId=b.UserId#c.CreationDate,>=,1279637504,b.Date,>=,1279579446#15882945
comments c,badges b#c.UserId=b.UserId#c.Score,=,0,c.CreationDate,=,1363630603#76
comments c,badges b#c.UserId=b.UserId#c.Score,=,1,c.CreationDate,<=,1410132527#3299632
comments c,badges b#c.UserId=b.UserId#c.Score,=,0,c.CreationDate,>=,1281628415#10185460
comments c,badges b#c.UserId=b.UserId#b.Date,>=,1283249615,b.Date,<=,1410187896#15568774
comments c,badges b#c.UserId=b.UserId#b.Date,>=,1280251724,b.Date,<=,1410554418#15851790
comments c,badges b#c.UserId=b.UserId#c.CreationDate,>=,1281786372,c.CreationDate,<=,1410474468#15784363
comments c,badges b#c.UserId=b.UserId#c.Score,=,0,b.Date,<=,1410247540#10185715
comments c,badges b#c.UserId=b.UserId#c.CreationDate,>=,1282388547,c.CreationDate,<=,1410363428#15734194
comments c,badges b#c.UserId=b.UserId#c.Score,=,0,c.CreationDate,>=,1279932050#10229706
comments c,badges b#c.UserId=b.UserId#c.Score,=,0,b.Date,<=,1410094697#10173054
comments c,badges b#c.UserId=b.UserId#c.Score,=,0,c.CreationDate,<=,1410495673#10220159
comments c,badges b#c.UserId=b.UserId#c.CreationDate,>=,1279715750,c.CreationDate,<=,1410400801#15849594
comments c,badges b#c.UserId=b.UserId#c.CreationDate,>=,1279591193,c.CreationDate,<=,1409680939#15688411
comments c,badges b#c.UserId=b.UserId#c.Score,=,0,b.Date,>=,1281597298#10174329
comments c,badges b#c.UserId=b.UserId#c.Score,=,1,c.CreationDate,>=,1286483542#3266938
comments c,badges b#c.UserId=b.UserId#c.Score,=,0,c.CreationDate,<=,1410387876#10207169
comments c,badges b#c.UserId=b.UserId#c.CreationDate,>=,1281829941,c.CreationDate,<=,1410653090#15811722
comments c,badges b#c.UserId=b.UserId#c.CreationDate,>=,1280352946,c.CreationDate,<=,1409679073#15652629
comments c,badges b#c.UserId=b.UserId#b.Date,>=,1280404445,b.Date,<=,1410017245#15712500
comments c,badges b#c.UserId=b.UserId#b.Date,>=,1280254125,b.Date,<=,1409835556#15677232
comments c,badges b#c.UserId=b.UserId#c.Score,=,0,b.Date,<=,1409691783#10087809
comments c,badges b#c.UserId=b.UserId#c.Score,=,0,c.CreationDate,>=,1282130287#10177046
comments c,badges b#c.UserId=b.UserId#c.Score,=,0,c.CreationDate,>=,1279659073#10234336
comments c,badges b#c.UserId=b.UserId#c.CreationDate,>=,1282833552,b.Date,>=,1280612689#15722798
comments c,badges b#c.UserId=b.UserId#b.Date,>=,1279574046,b.Date,<=,1409521896#15654936
comments c,badges b#c.UserId=b.UserId#c.Score,=,2,c.CreationDate,>=,1279900247#1330397
comments c,badges b#c.UserId=b.UserId#c.CreationDate,>=,1280174094,c.CreationDate,<=,1410224303#15785509
comments c,badges b#c.UserId=b.UserId#b.Date,>=,1279568347,b.Date,<=,1410546094#15898401
comments c,badges b#c.UserId=b.UserId#c.CreationDate,>=,1282505011,c.CreationDate,<=,1409818315#15609617
comments c,badges b#c.UserId=b.UserId#c.CreationDate,<=,1410373303,b.Date,<=,1407739135#15219735
comments c,badges b#c.UserId=b.UserId#b.Date,>=,1289084262,b.Date,<=,1410465951#15255067
comments c,badges b#c.UserId=b.UserId#c.Score,=,0,b.Date,=,1405900846#89
comments c,badges b#c.UserId=b.UserId#b.Date,>=,1279568350,b.Date,<=,1407149423#15080150
comments c,badges b#c.UserId=b.UserId#c.Score,=,0,b.Date,<=,1409153540#10041415
comments c,postHistory ph#c.UserId=ph.UserId#c.Score,=,1,ph.PostHistoryTypeId,=,2#11363557
comments c,postHistory ph#c.UserId=ph.UserId#c.Score,=,0,c.CreationDate,>=,1280863249#166684044
comments c,postHistory ph#c.UserId=ph.UserId#c.CreationDate,<=,1410633018,ph.CreationDate,>=,1281646324#262469866
comments c,postHistory ph#c.UserId=ph.UserId#c.Score,=,7,ph.CreationDate,>=,1282149791#561789
comments c,postHistory ph#c.UserId=ph.UserId#ph.PostHistoryTypeId,=,1,ph.CreationDate,>=,1286926332#1674058
comments c,postHistory ph#c.UserId=ph.UserId#c.Score,=,0,ph.PostHistoryTypeId,=,2#35887821
comments c,postHistory ph#c.UserId=ph.UserId#c.CreationDate,<=,1410446996,ph.PostHistoryTypeId,=,2#54499945
comments c,postHistory ph#c.UserId=ph.UserId#c.Score,=,0,ph.CreationDate,<=,1408470871#162717955
comments c,postHistory ph#c.UserId=ph.UserId#ph.PostHistoryTypeId,=,2,ph.CreationDate,<=,1404368814#50644445
comments c,postHistory ph#c.UserId=ph.UserId#ph.PostHistoryTypeId,=,2,ph.CreationDate,<=,1408034603#52934701
comments c,postHistory ph#c.UserId=ph.UserId#c.Score,=,0,c.CreationDate,<=,1410139079#166024469
comments c,postHistory ph#c.UserId=ph.UserId#c.Score,=,2,ph.CreationDate,<=,1410066942#22469051
comments c,postHistory ph#c.UserId=ph.UserId#ph.PostHistoryTypeId,=,2,ph.CreationDate,>=,1283249601#53703117
comments c,postHistory ph#c.UserId=ph.UserId#ph.PostHistoryTypeId,=,5,ph.CreationDate,<=,1408936540#109129890
comments c,postHistory ph#c.UserId=ph.UserId#c.Score,=,0,ph.PostHistoryTypeId,=,2#35887821
comments c,postHistory ph#c.UserId=ph.UserId#c.Score,=,0,ph.PostHistoryTypeId,=,2#35887821
comments c,postHistory ph#c.UserId=ph.UserId#c.CreationDate,>=,1279579353,c.CreationDate,<=,1409555740#258803496
comments c,postHistory ph#c.UserId=ph.UserId#c.Score,=,2,ph.CreationDate,>=,1280279418#22630278
comments c,postHistory ph#c.UserId=ph.UserId#ph.PostHistoryTypeId,=,2,ph.CreationDate,<=,1408464720#53235749
comments c,postHistory ph#c.UserId=ph.UserId#c.Score,=,0,ph.CreationDate,<=,1409931460#165788627
comments c,postHistory ph#c.UserId=ph.UserId#c.Score,=,0,ph.CreationDate,<=,1409693995#165060808
comments c,postHistory ph#c.UserId=ph.UserId#c.Score,=,1,ph.CreationDate,>=,1299540720#53193465
comments c,postHistory ph#c.UserId=ph.UserId#ph.CreationDate,>=,1284999358,ph.CreationDate,<=,1410084331#258297668
comments c,postHistory ph#c.UserId=ph.UserId#ph.CreationDate,>=,1311141054,ph.CreationDate,<=,1409153378#229596424
comments c,postHistory ph#c.UserId=ph.UserId#c.Score,=,0,c.CreationDate,=,1321070140#37
comments c,postHistory ph#c.UserId=ph.UserId#c.Score,=,0,ph.CreationDate,>=,1297703812#159139020
comments c,postHistory ph#c.UserId=ph.UserId#ph.CreationDate,>=,1288716541,ph.CreationDate,<=,1410402255#256317346
comments c,postHistory ph#c.UserId=ph.UserId#c.Score,=,1,ph.CreationDate,>=,1288223813#55293066
comments c,postHistory ph#c.UserId=ph.UserId#c.CreationDate,>=,1280151424,c.CreationDate,<=,1410591163#262524093
comments c,postHistory ph#c.UserId=ph.UserId#c.CreationDate,>=,1279714063,ph.PostHistoryTypeId,=,3#1792592
comments c,postHistory ph#c.UserId=ph.UserId#ph.PostHistoryTypeId,=,5,ph.CreationDate,<=,1410460400#111272519
comments c,postHistory ph#c.UserId=ph.UserId#c.CreationDate,<=,1409819144,ph.PostHistoryTypeId,=,1#1778958
comments c,postHistory ph#c.UserId=ph.UserId#c.CreationDate,>=,1282743647,c.CreationDate,<=,1410113328#259249007
comments c,postHistory ph#c.UserId=ph.UserId#c.CreationDate,<=,1410029283,ph.PostHistoryTypeId,=,2#54151836
comments c,postHistory ph#c.UserId=ph.UserId#c.Score,=,0,ph.PostHistoryTypeId,=,1#1458075
comments c,postHistory ph#c.UserId=ph.UserId#c.CreationDate,>=,1280248539,c.CreationDate,<=,1409322477#257704960
comments c,postHistory ph#c.UserId=ph.UserId#c.Score,=,0,ph.CreationDate,>=,1293504345#161010720
comments c,postHistory ph#c.UserId=ph.UserId#ph.PostHistoryTypeId,=,4,ph.CreationDate,>=,1290009234#25934399
comments c,postHistory ph#c.UserId=ph.UserId#c.Score,=,0,ph.PostHistoryTypeId,=,3#1458075
comments c,postHistory ph#c.UserId=ph.UserId#c.Score,=,0,ph.PostHistoryTypeId,=,1#1458075
comments c,postHistory ph#c.UserId=ph.UserId#c.CreationDate,>=,1285754892,ph.CreationDate,<=,1408430384#251188746
comments c,postHistory ph#c.UserId=ph.UserId#c.CreationDate,=,1329017797,ph.CreationDate,<=,1396278487#6177
comments c,postHistory ph#c.UserId=ph.UserId#c.Score,=,0,ph.CreationDate,>=,1287678067#164079735
comments c,postHistory ph#c.UserId=ph.UserId#c.Score,=,1,ph.CreationDate,<=,1401398506#50373891
comments c,postHistory ph#c.UserId=ph.UserId#c.Score,=,0,c.CreationDate,<=,1409778128#165101509
comments c,postHistory ph#c.UserId=ph.UserId#ph.PostHistoryTypeId,=,3,ph.CreationDate,>=,1283999731#1714396
comments c,postHistory ph#c.UserId=ph.UserId#c.CreationDate,>=,1283531458,c.CreationDate,<=,1410543514#260289824
comments c,postHistory ph#c.UserId=ph.UserId#c.Score,=,1,ph.PostHistoryTypeId,=,6#7252771
comments c,postHistory ph#c.UserId=ph.UserId#ph.PostHistoryTypeId,=,2,ph.CreationDate,<=,1406403512#51987967
comments c,postHistory ph#c.UserId=ph.UserId#c.CreationDate,<=,1410284290,ph.CreationDate,<=,1410135271#259993826
comments c,postHistory ph#c.UserId=ph.UserId#ph.PostHistoryTypeId,=,3,ph.CreationDate,<=,1405883516#1728659
comments c,postHistory ph#c.UserId=ph.UserId#c.CreationDate,<=,1410192222,ph.PostHistoryTypeId,=,2#54272421
comments c,postHistory ph#c.UserId=ph.UserId#c.Score,=,1,ph.PostHistoryTypeId,=,3#221713
comments c,postHistory ph#c.UserId=ph.UserId#c.Score,=,0,c.CreationDate,<=,1409680893#164803818
comments c,postHistory ph#c.UserId=ph.UserId#c.CreationDate,<=,1410462427,ph.PostHistoryTypeId,=,2#54506177
comments c,postHistory ph#c.UserId=ph.UserId#c.Score,=,0,ph.PostHistoryTypeId,=,1#1458075
comments c,postHistory ph#c.UserId=ph.UserId#ph.CreationDate,>=,1288821455,ph.CreationDate,<=,1409502619#252742172
comments c,postHistory ph#c.UserId=ph.UserId#c.CreationDate,=,1384019759,ph.CreationDate,<=,1409552828#67
comments c,postHistory ph#c.UserId=ph.UserId#c.Score,=,0,ph.PostHistoryTypeId,=,3#1458075
comments c,postHistory ph#c.UserId=ph.UserId#c.Score,=,0,ph.PostHistoryTypeId,=,5#71769280
comments c,postHistory ph#c.UserId=ph.UserId#c.Score,=,0,c.CreationDate,>=,1282457700#166160552
comments c,postHistory ph#c.UserId=ph.UserId#ph.PostHistoryTypeId,=,4,ph.CreationDate,>=,1281966124#26325059
comments c,postHistory ph#c.UserId=ph.UserId#ph.CreationDate,>=,1288874164,ph.CreationDate,<=,1408948747#251108781
comments c,postHistory ph#c.UserId=ph.UserId#ph.CreationDate,>=,1283453794,ph.CreationDate,<=,1410358908#260362191
comments c,postHistory ph#c.UserId=ph.UserId#c.CreationDate,>=,1280573899,ph.PostHistoryTypeId,=,2#54539955
comments c,postHistory ph#c.UserId=ph.UserId#c.CreationDate,=,1333564031,ph.PostHistoryTypeId,=,2#37
comments c,postHistory ph#c.UserId=ph.UserId#c.CreationDate,>=,1280711681,c.CreationDate,<=,1410292332#260967381
comments c,postHistory ph#c.UserId=ph.UserId#ph.PostHistoryTypeId,=,4,ph.CreationDate,>=,1285600418#26212049
comments c,postHistory ph#c.UserId=ph.UserId#c.CreationDate,>=,1281463106,ph.PostHistoryTypeId,=,2#54483098
comments c,postHistory ph#c.UserId=ph.UserId#c.Score,=,1,ph.PostHistoryTypeId,=,5#23813684
comments c,postHistory ph#c.UserId=ph.UserId#c.CreationDate,<=,1410615309,ph.CreationDate,<=,1406596239#249917709
comments c,postHistory ph#c.UserId=ph.UserId#ph.PostHistoryTypeId,=,2,ph.CreationDate,<=,1409693621#53955520
comments c,postHistory ph#c.UserId=ph.UserId#ph.PostHistoryTypeId,=,1,ph.CreationDate,<=,1410514908#1792670
comments c,postHistory ph#c.UserId=ph.UserId#c.CreationDate,<=,1410404051,ph.PostHistoryTypeId,=,4#26295913
comments c,postHistory ph#c.UserId=ph.UserId#c.Score,=,0,c.CreationDate,>=,1279793091#167239618
comments c,postHistory ph#c.UserId=ph.UserId#c.Score,=,1,ph.PostHistoryTypeId,=,2#11363557
comments c,postHistory ph#c.UserId=ph.UserId#c.Score,=,0,ph.PostHistoryTypeId,=,2#35887821
comments c,postHistory ph#c.UserId=ph.UserId#c.Score,=,0,c.CreationDate,=,1378657677#6900
comments c,postHistory ph#c.UserId=ph.UserId#c.Score,=,0,ph.PostHistoryTypeId,=,5#71769280
comments c,postHistory ph#c.UserId=ph.UserId#ph.CreationDate,>=,1306400775,ph.CreationDate,<=,1408855275#234022846
comments c,postHistory ph#c.UserId=ph.UserId#c.CreationDate,>=,1279569811,ph.CreationDate,<=,1410268795#261736331
comments c,postHistory ph#c.UserId=ph.UserId#ph.PostHistoryTypeId,=,2,ph.CreationDate,>=,1299092746#48865845
comments c,postHistory ph#c.UserId=ph.UserId#c.Score,=,0,ph.PostHistoryTypeId,=,5#71769280
comments c,postHistory ph#c.UserId=ph.UserId#c.Score,=,0,c.CreationDate,<=,1410296436#166433919
comments c,postHistory ph#c.UserId=ph.UserId#c.Score,=,0,ph.CreationDate,>=,1301065802#156699241
comments c,postHistory ph#c.UserId=ph.UserId#c.Score,=,0,ph.CreationDate,<=,1408367432#162417039
comments c,postHistory ph#c.UserId=ph.UserId#c.Score,=,0,ph.CreationDate,<=,1407672701#161007892
comments c,postHistory ph#c.UserId=ph.UserId#c.CreationDate,>=,1279612794,c.CreationDate,<=,1410495673#262599212
comments c,postHistory ph#c.UserId=ph.UserId#c.CreationDate,>=,1279607574,c.CreationDate,<=,1410403206#262359785
comments c,postHistory ph#c.UserId=ph.UserId#c.CreationDate,=,1352144179,ph.PostHistoryTypeId,=,3#4
comments c,postHistory ph#c.UserId=ph.UserId#c.Score,=,0,ph.PostHistoryTypeId,=,34#443851
comments c,postHistory ph#c.UserId=ph.UserId#c.Score,=,0,ph.PostHistoryTypeId,=,2#35887821
comments c,postHistory ph#c.UserId=ph.UserId#c.CreationDate,<=,1410344013,ph.CreationDate,<=,1407382811#251713444
comments c,postHistory ph#c.UserId=ph.UserId#c.Score,=,0,ph.CreationDate,>=,1279710914#167261457
comments c,postHistory ph#c.UserId=ph.UserId#c.CreationDate,>=,1280135442,c.CreationDate,<=,1408738327#256315240
comments c,postHistory ph#c.UserId=ph.UserId#ph.PostHistoryTypeId,=,2,ph.CreationDate,=,1340287898#4
comments c,postHistory ph#c.UserId=ph.UserId#c.CreationDate,=,1326898461,ph.PostHistoryTypeId,=,2#215
comments c,postHistory ph#c.UserId=ph.UserId#c.Score,=,0,ph.CreationDate,<=,1410370301#166781436
comments c,postHistory ph#c.UserId=ph.UserId#ph.PostHistoryTypeId,=,5,ph.CreationDate,>=,1287078888#110294064
comments c,postHistory ph#c.UserId=ph.UserId#c.CreationDate,<=,1409785445,ph.CreationDate,>=,1294342549#249198622
comments c,postHistory ph#c.UserId=ph.UserId#c.Score,=,1,ph.PostHistoryTypeId,=,2#11363557
comments c,postHistory ph#c.UserId=ph.UserId#c.Score,=,0,c.CreationDate,>=,1279727588#167253728
comments c,postHistory ph#c.UserId=ph.UserId#c.Score,=,0,ph.PostHistoryTypeId,=,2#35887821
comments c,postHistory ph#c.UserId=ph.UserId#ph.PostHistoryTypeId,=,5,ph.CreationDate,<=,1409853591#110403957
comments c,postHistory ph#c.UserId=ph.UserId#c.Score,=,0,c.CreationDate,<=,1408452992#162202597
comments c,postHistory ph#c.UserId=ph.UserId#c.Score,=,0,ph.CreationDate,>=,1288620234#163562955
comments c,postHistory ph#c.UserId=ph.UserId#c.Score,=,0,ph.CreationDate,=,1313480215#23
comments c,postHistory ph#c.UserId=ph.UserId#c.Score,=,0,c.CreationDate,=,1386934636#10
comments c,postHistory ph#c.UserId=ph.UserId#c.CreationDate,=,1337224338,ph.CreationDate,>=,1280211964#1562
comments c,postHistory ph#c.UserId=ph.UserId#c.Score,=,0,ph.PostHistoryTypeId,=,6#20134904
comments c,postHistory ph#c.UserId=ph.UserId#c.Score,=,6,ph.CreationDate,>=,1296833618#747396
comments c,postHistory ph#c.UserId=ph.UserId#c.Score,=,0,c.CreationDate,>=,1281717307#166438616
comments c,postHistory ph#c.UserId=ph.UserId#ph.CreationDate,>=,1306864186,ph.CreationDate,<=,1407696286#229911516
comments c,postHistory ph#c.UserId=ph.UserId#ph.PostHistoryTypeId,=,8,ph.CreationDate,<=,1409956363#685319
comments c,postHistory ph#c.UserId=ph.UserId#c.Score,=,0,ph.CreationDate,=,1398172580#57
comments c,postHistory ph#c.UserId=ph.UserId#c.CreationDate,>=,1285025740,ph.PostHistoryTypeId,=,4#25143069
comments c,postHistory ph#c.UserId=ph.UserId#ph.CreationDate,>=,1286264719,ph.CreationDate,<=,1409168759#254345102
comments c,postHistory ph#c.UserId=ph.UserId#c.Score,=,0,ph.PostHistoryTypeId,=,6#20134904
comments c,postHistory ph#c.UserId=ph.UserId#c.Score,=,0,ph.PostHistoryTypeId,=,5#71769280
comments c,postHistory ph#c.UserId=ph.UserId#ph.CreationDate,>=,1289540347,ph.CreationDate,<=,1410565009#255998771
comments c,postHistory ph#c.UserId=ph.UserId#c.CreationDate,>=,1281038128,c.CreationDate,<=,1410315450#260859621
comments c,postHistory ph#c.UserId=ph.UserId#c.Score,=,0,ph.PostHistoryTypeId,=,2#35887821
comments c,postHistory ph#c.UserId=ph.UserId#ph.PostHistoryTypeId,=,2,ph.CreationDate,<=,1401091008#48549070
comments c,postHistory ph#c.UserId=ph.UserId#c.Score,=,0,ph.PostHistoryTypeId,=,1#1458075
comments c,postHistory ph#c.UserId=ph.UserId#c.Score,=,0,ph.PostHistoryTypeId,=,6#20134904
comments c,postHistory ph#c.UserId=ph.UserId#c.CreationDate,=,1403355160,ph.PostHistoryTypeId,=,5#2082
comments c,postHistory ph#c.UserId=ph.UserId#c.CreationDate,=,1335440400,ph.PostHistoryTypeId,=,3#1
comments c,postHistory ph#c.UserId=ph.UserId#c.Score,=,0,ph.PostHistoryTypeId,=,1#1458075
comments c,postHistory ph#c.UserId=ph.UserId#c.CreationDate,>=,1280413144,ph.CreationDate,>=,1288234411#256940397
comments c,postHistory ph#c.UserId=ph.UserId#ph.CreationDate,>=,1305046928,ph.CreationDate,<=,1410183525#239613119
comments c,postHistory ph#c.UserId=ph.UserId#c.CreationDate,>=,1279734722,ph.PostHistoryTypeId,=,2#54599745
comments c,postHistory ph#c.UserId=ph.UserId#c.Score,=,1,c.CreationDate,>=,1283523319#56032442
comments c,postHistory ph#c.UserId=ph.UserId#c.CreationDate,>=,1285142046,c.CreationDate,<=,1410322161#257910748
comments c,postHistory ph#c.UserId=ph.UserId#c.CreationDate,<=,1410287031,ph.CreationDate,<=,1410473252#261324414
comments c,postHistory ph#c.UserId=ph.UserId#c.Score,=,0,ph.PostHistoryTypeId,=,2#35887821
comments c,postHistory ph#c.UserId=ph.UserId#c.CreationDate,<=,1410618285,ph.CreationDate,=,1382182645#2286
comments c,postHistory ph#c.UserId=ph.UserId#ph.PostHistoryTypeId,=,2,ph.CreationDate,<=,1405023710#51113660
comments c,postHistory ph#c.UserId=ph.UserId#c.CreationDate,>=,1280413870,c.CreationDate,<=,1410017253#259956708
comments c,postHistory ph#c.UserId=ph.UserId#c.Score,=,0,ph.CreationDate,>=,1282761156#166378914
comments c,postHistory ph#c.UserId=ph.UserId#ph.PostHistoryTypeId,=,5,ph.CreationDate,>=,1291043955#108654842
comments c,postHistory ph#c.UserId=ph.UserId#ph.PostHistoryTypeId,=,5,ph.CreationDate,>=,1281365562#111367594
comments c,postHistory ph#c.UserId=ph.UserId#c.Score,=,0,ph.PostHistoryTypeId,=,3#1458075
comments c,postHistory ph#c.UserId=ph.UserId#c.Score,=,0,ph.CreationDate,<=,1408545919#162962345
comments c,postHistory ph#c.UserId=ph.UserId#c.Score,=,0,ph.PostHistoryTypeId,=,5#71769280
comments c,postHistory ph#c.UserId=ph.UserId#c.CreationDate,<=,1410538612,ph.CreationDate,<=,1409310866#258198844
comments c,postHistory ph#c.UserId=ph.UserId#c.Score,=,0,ph.PostHistoryTypeId,=,2#35887821
comments c,postHistory ph#c.UserId=ph.UserId#c.Score,=,0,ph.CreationDate,>=,1296923467#159456399
comments c,postHistory ph#c.UserId=ph.UserId#c.Score,=,0,ph.PostHistoryTypeId,=,2#35887821
comments c,postHistory ph#c.UserId=ph.UserId#c.Score,=,0,ph.PostHistoryTypeId,=,5#71769280
comments c,postHistory ph#c.UserId=ph.UserId#ph.CreationDate,>=,1297430366,ph.CreationDate,<=,1410381205#249206858
comments c,postHistory ph#c.UserId=ph.UserId#c.CreationDate,>=,1279612129,ph.PostHistoryTypeId,=,2#54609481
comments c,postHistory ph#c.UserId=ph.UserId#c.Score,=,0,ph.CreationDate,>=,1282193612#166696168
comments c,postHistory ph#c.UserId=ph.UserId#c.Score,=,0,ph.PostHistoryTypeId,=,1#1458075
comments c,postHistory ph#c.UserId=ph.UserId#c.Score,=,0,ph.PostHistoryTypeId,=,6#20134904
comments c,postHistory ph#c.UserId=ph.UserId#c.Score,=,0,ph.PostHistoryTypeId,=,5#71769280
comments c,postHistory ph#c.UserId=ph.UserId#c.Score,=,0,c.CreationDate,=,1292332040#110
comments c,postHistory ph#c.UserId=ph.UserId#ph.PostHistoryTypeId,=,5,ph.CreationDate,>=,1283248927#111144836
comments c,postHistory ph#c.UserId=ph.UserId#c.CreationDate,<=,1410284486,ph.PostHistoryTypeId,=,5#110880261
comments c,postHistory ph#c.UserId=ph.UserId#ph.CreationDate,>=,1316297315,ph.CreationDate,<=,1408532294#221258436
comments c,postHistory ph#c.UserId=ph.UserId#c.CreationDate,>=,1280168068,ph.PostHistoryTypeId,=,5#111374650
comments c,postHistory ph#c.UserId=ph.UserId#c.CreationDate,>=,1279623177,ph.PostHistoryTypeId,=,3#1793554
comments c,postHistory ph#c.UserId=ph.UserId#c.CreationDate,>=,1282806353,ph.PostHistoryTypeId,=,1#1766645
comments c,postHistory ph#c.UserId=ph.UserId#ph.PostHistoryTypeId,=,3,ph.CreationDate,>=,1279726691#1787505
comments c,postHistory ph#c.UserId=ph.UserId#c.Score,=,0,ph.PostHistoryTypeId,=,4#16670984
comments c,postHistory ph#c.UserId=ph.UserId#c.CreationDate,>=,1281196676,c.CreationDate,<=,1410315450#260830789
comments c,postHistory ph#c.UserId=ph.UserId#c.Score,=,1,ph.CreationDate,<=,1409081126#55300579
comments c,postHistory ph#c.UserId=ph.UserId#c.Score,=,0,ph.PostHistoryTypeId,=,1#1458075
comments c,postHistory ph#c.UserId=ph.UserId#c.CreationDate,>=,1285192143,ph.PostHistoryTypeId,=,1#1744844
comments c,postHistory ph#c.UserId=ph.UserId#c.CreationDate,>=,1280393986,c.CreationDate,<=,1410647616#262305000
comments c,postHistory ph#c.UserId=ph.UserId#c.CreationDate,<=,1410651713,ph.PostHistoryTypeId,=,6#32773212
comments c,postHistory ph#c.UserId=ph.UserId#c.Score,=,1,ph.PostHistoryTypeId,=,1#221713
comments c,postHistory ph#c.UserId=ph.UserId#c.Score,=,0,c.CreationDate,<=,1410543314#167086449
comments c,postHistory ph#c.UserId=ph.UserId#c.CreationDate,>=,1280844509,ph.CreationDate,>=,1299562565#247246694
comments c,postHistory ph#c.UserId=ph.UserId#c.Score,=,0,ph.PostHistoryTypeId,=,3#1458075
comments c,postHistory ph#c.UserId=ph.UserId#c.Score,=,0,ph.CreationDate,>=,1298491617#158757613
comments c,postHistory ph#c.UserId=ph.UserId#ph.CreationDate,>=,1284630071,ph.CreationDate,<=,1410480000#260095097
comments c,postHistory ph#c.UserId=ph.UserId#c.CreationDate,<=,1410251637,ph.PostHistoryTypeId,=,4#26241119
comments c,postHistory ph#c.UserId=ph.UserId#c.Score,=,0,ph.CreationDate,<=,1408540221#162922644
comments c,postHistory ph#c.UserId=ph.UserId#c.Score,=,0,ph.PostHistoryTypeId,=,1#1458075
comments c,postHistory ph#c.UserId=ph.UserId#c.Score,=,0,ph.CreationDate,>=,1279572718#167304260
comments c,postHistory ph#c.UserId=ph.UserId#c.Score,=,0,c.CreationDate,>=,1278798229#167312362
comments c,postHistory ph#c.UserId=ph.UserId#c.CreationDate,>=,1282596797,ph.PostHistoryTypeId,=,3#1768703
comments c,postHistory ph#c.UserId=ph.UserId#c.Score,=,0,ph.CreationDate,<=,1405121310#156181593
comments c,postHistory ph#c.UserId=ph.UserId#c.Score,=,0,ph.PostHistoryTypeId,=,5#71769280
comments c,postHistory ph#c.UserId=ph.UserId#ph.PostHistoryTypeId,=,5,ph.CreationDate,>=,1280176236#111455977
comments c,postHistory ph#c.UserId=ph.UserId#c.CreationDate,>=,1279616660,c.CreationDate,<=,1409367047#258371258
comments c,postHistory ph#c.UserId=ph.UserId#c.Score,=,1,ph.PostHistoryTypeId,=,2#11363557
comments c,postHistory ph#c.UserId=ph.UserId#c.CreationDate,<=,1409774531,ph.PostHistoryTypeId,=,2#53943454
comments c,postHistory ph#c.UserId=ph.UserId#c.Score,=,0,c.CreationDate,<=,1410027451#165767786
comments c,postHistory ph#c.UserId=ph.UserId#c.Score,=,0,ph.PostHistoryTypeId,=,5#71769280
comments c,postHistory ph#c.UserId=ph.UserId#c.Score,=,0,ph.PostHistoryTypeId,=,6#20134904
comments c,postHistory ph#c.UserId=ph.UserId#c.Score,=,1,c.CreationDate,>=,1280600081#56287241
comments c,postHistory ph#c.UserId=ph.UserId#c.Score,=,1,ph.CreationDate,>=,1301760116#52507026
comments c,postHistory ph#c.UserId=ph.UserId#c.CreationDate,>=,1279567547,ph.CreationDate,<=,1410637817#263012386
comments c,postHistory ph#c.UserId=ph.UserId#c.Score,=,0,ph.CreationDate,>=,1294063015#160830920
comments c,postHistory ph#c.UserId=ph.UserId#ph.PostHistoryTypeId,=,1,ph.CreationDate,>=,1286211185#1681835
comments c,postHistory ph#c.UserId=ph.UserId#c.CreationDate,<=,1410377128,ph.CreationDate,<=,1405596912#246396267
comments c,postHistory ph#c.UserId=ph.UserId#ph.CreationDate,>=,1284847037,ph.CreationDate,<=,1409195852#255467049
comments c,postHistory ph#c.UserId=ph.UserId#c.CreationDate,>=,1281752061,c.CreationDate,<=,1409602158#257738000
comments c,postHistory ph#c.UserId=ph.UserId#c.CreationDate,<=,1409773400,ph.CreationDate,=,1376936466#12
comments c,postHistory ph#c.UserId=ph.UserId#c.CreationDate,>=,1280848450,c.CreationDate,<=,1410544643#261887039
comments c,postHistory ph#c.UserId=ph.UserId#ph.PostHistoryTypeId,=,2,ph.CreationDate,<=,1409156887#53671450
comments c,postHistory ph#c.UserId=ph.UserId#c.Score,=,0,ph.PostHistoryTypeId,=,2#35887821
comments c,postHistory ph#c.UserId=ph.UserId#ph.CreationDate,>=,1295018006,ph.CreationDate,<=,1409259642#246893217
comments c,postHistory ph#c.UserId=ph.UserId#c.Score,=,1,ph.PostHistoryTypeId,=,2#11363557
comments c,postHistory ph#c.UserId=ph.UserId#ph.PostHistoryTypeId,=,5,ph.CreationDate,<=,1406888361#106524130
comments c,postHistory ph#c.UserId=ph.UserId#c.CreationDate,>=,1280327820,c.CreationDate,<=,1410348685#261437051
comments c,postHistory ph#c.UserId=ph.UserId#c.CreationDate,>=,1280180357,ph.PostHistoryTypeId,=,6#32722627
comments c,postHistory ph#c.UserId=ph.UserId#c.CreationDate,=,1300380828,ph.PostHistoryTypeId,=,2#127
comments c,postHistory ph#c.UserId=ph.UserId#c.CreationDate,>=,1280044292,c.CreationDate,<=,1410528488#262396079
comments c,postHistory ph#c.UserId=ph.UserId#c.Score,=,0,ph.PostHistoryTypeId,=,6#20134904
comments c,postHistory ph#c.UserId=ph.UserId#c.Score,=,0,ph.CreationDate,<=,1408118584#161962419
comments c,postHistory ph#c.UserId=ph.UserId#c.CreationDate,>=,1280664514,c.CreationDate,<=,1410297399#261009166
comments c,postHistory ph#c.UserId=ph.UserId#c.Score,=,1,ph.PostHistoryTypeId,=,1#221713
comments c,postHistory ph#c.UserId=ph.UserId#c.Score,=,0,ph.CreationDate,<=,1408304153#162290554
comments c,postHistory ph#c.UserId=ph.UserId#c.Score,=,0,ph.PostHistoryTypeId,=,2#35887821
comments c,postHistory ph#c.UserId=ph.UserId#ph.PostHistoryTypeId,=,4,ph.CreationDate,<=,1409981746#26279509
comments c,postHistory ph#c.UserId=ph.UserId#ph.CreationDate,>=,1280762771,ph.CreationDate,<=,1408971076#257074282
comments c,postHistory ph#c.UserId=ph.UserId#c.Score,=,0,ph.PostHistoryTypeId,=,2#35887821
comments c,postHistory ph#c.UserId=ph.UserId#c.CreationDate,>=,1285579666,ph.CreationDate,=,1385312752#30
comments c,postHistory ph#c.UserId=ph.UserId#c.Score,=,0,ph.CreationDate,>=,1298486082#158758727
comments c,postHistory ph#c.UserId=ph.UserId#c.CreationDate,<=,1410606273,ph.CreationDate,<=,1409173099#258004290
comments c,postHistory ph#c.UserId=ph.UserId#c.Score,=,0,ph.PostHistoryTypeId,=,5#71769280
comments c,postHistory ph#c.UserId=ph.UserId#c.Score,=,0,ph.CreationDate,>=,1280255882#167176565
comments c,postHistory ph#c.UserId=ph.UserId#c.Score,=,1,ph.PostHistoryTypeId,=,5#23813684
comments c,postHistory ph#c.UserId=ph.UserId#ph.CreationDate,>=,1313116699,ph.CreationDate,<=,1410352469#230977019
comments c,postHistory ph#c.UserId=ph.UserId#ph.PostHistoryTypeId,=,2,ph.CreationDate,<=,1407600909#52711660
comments c,postHistory ph#c.UserId=ph.UserId#c.CreationDate,>=,1280342651,ph.PostHistoryTypeId,=,5#111313324
comments c,postHistory ph#c.UserId=ph.UserId#c.Score,=,0,ph.CreationDate,>=,1279574250#167303032
comments c,postHistory ph#c.UserId=ph.UserId#c.CreationDate,<=,1409952595,ph.CreationDate,=,1361478887#30
comments c,postHistory ph#c.UserId=ph.UserId#c.CreationDate,<=,1410123806,ph.PostHistoryTypeId,=,2#54207692
comments c,postHistory ph#c.UserId=ph.UserId#c.Score,=,1,ph.PostHistoryTypeId,=,2#11363557
comments c,postHistory ph#c.UserId=ph.UserId#ph.PostHistoryTypeId,=,2,ph.CreationDate,>=,1289205520#51709834
comments c,postHistory ph#c.UserId=ph.UserId#ph.PostHistoryTypeId,=,5,ph.CreationDate,>=,1294205256#107847693
comments c,postHistory ph#c.UserId=ph.UserId#c.Score,=,0,ph.PostHistoryTypeId,=,2#35887821
comments c,postHistory ph#c.UserId=ph.UserId#c.Score,=,0,c.CreationDate,<=,1409608022#164605175
comments c,postHistory ph#c.UserId=ph.UserId#ph.CreationDate,>=,1280181517,ph.CreationDate,<=,1406125824#248543730
comments c,postHistory ph#c.UserId=ph.UserId#ph.PostHistoryTypeId,=,6,ph.CreationDate,>=,1290143018#32002185
comments c,postHistory ph#c.UserId=ph.UserId#ph.PostHistoryTypeId,=,6,ph.CreationDate,<=,1406732680#31359910
comments c,postHistory ph#c.UserId=ph.UserId#c.Score,=,0,ph.CreationDate,>=,1304975498#153910660
comments c,postHistory ph#c.UserId=ph.UserId#c.Score,=,0,ph.PostHistoryTypeId,=,3#1458075
comments c,postHistory ph#c.UserId=ph.UserId#c.CreationDate,<=,1410557013,ph.PostHistoryTypeId,=,1#1793616
comments c,postHistory ph#c.UserId=ph.UserId#c.CreationDate,>=,1279698968,c.CreationDate,<=,1409561963#258763625
comments c,postHistory ph#c.UserId=ph.UserId#ph.CreationDate,>=,1284978368,ph.CreationDate,<=,1405414720#243697679
comments c,postHistory ph#c.UserId=ph.UserId#c.CreationDate,=,1379292504,ph.PostHistoryTypeId,=,2#94
comments c,postHistory ph#c.UserId=ph.UserId#c.CreationDate,<=,1410355157,ph.PostHistoryTypeId,=,5#111027381
comments c,postHistory ph#c.UserId=ph.UserId#c.Score,=,0,ph.PostHistoryTypeId,=,2#35887821
comments c,postHistory ph#c.UserId=ph.UserId#c.Score,=,0,ph.PostHistoryTypeId,=,3#1458075
comments c,postHistory ph#c.UserId=ph.UserId#c.CreationDate,>=,1281026916,ph.PostHistoryTypeId,=,5#111211201
comments c,postHistory ph#c.UserId=ph.UserId#c.Score,=,0,ph.CreationDate,>=,1291526953#162005438
comments c,postHistory ph#c.UserId=ph.UserId#ph.CreationDate,>=,1300313753,ph.CreationDate,<=,1407176300#235736312
comments c,postHistory ph#c.UserId=ph.UserId#c.Score,=,0,ph.CreationDate,>=,1320428422#141603021
comments c,postHistory ph#c.UserId=ph.UserId#c.CreationDate,>=,1279616206,c.CreationDate,<=,1410196437#261356098
comments c,postHistory ph#c.UserId=ph.UserId#c.CreationDate,<=,1410577084,ph.CreationDate,>=,1285637132#259702120
comments c,postHistory ph#c.UserId=ph.UserId#c.CreationDate,>=,1281196676,c.CreationDate,<=,1410547584#261664773
comments c,postHistory ph#c.UserId=ph.UserId#c.Score,=,0,c.CreationDate,<=,1410623709#167238828
comments c,postHistory ph#c.UserId=ph.UserId#c.Score,=,1,c.CreationDate,>=,1284457006#55879235
comments c,postHistory ph#c.UserId=ph.UserId#c.Score,=,1,ph.PostHistoryTypeId,=,2#11363557
comments c,postHistory ph#c.UserId=ph.UserId#ph.PostHistoryTypeId,=,2,ph.CreationDate,>=,1280166821#54529739
comments c,postHistory ph#c.UserId=ph.UserId#c.CreationDate,=,1357180137,ph.PostHistoryTypeId,=,1#8
comments c,postHistory ph#c.UserId=ph.UserId#c.CreationDate,>=,1280071540,ph.PostHistoryTypeId,=,1#1790877
comments c,postHistory ph#c.UserId=ph.UserId#c.CreationDate,>=,1281540361,c.CreationDate,<=,1409873006#259017517
comments c,postHistory ph#c.UserId=ph.UserId#ph.PostHistoryTypeId,=,6,ph.CreationDate,<=,1410006961#32579110
comments c,postHistory ph#c.UserId=ph.UserId#c.CreationDate,<=,1410200040,ph.PostHistoryTypeId,=,2#54277370
comments c,postHistory ph#c.UserId=ph.UserId#c.CreationDate,>=,1279909850,c.CreationDate,<=,1410615309#262723225
comments c,postHistory ph#c.UserId=ph.UserId#c.CreationDate,>=,1280867964,ph.PostHistoryTypeId,=,5#111256165
comments c,postHistory ph#c.UserId=ph.UserId#c.Score,=,2,c.CreationDate,>=,1280026735#22627869
comments c,postHistory ph#c.UserId=ph.UserId#ph.CreationDate,>=,1280157082,ph.CreationDate,<=,1409069316#257636634
comments c,postHistory ph#c.UserId=ph.UserId#ph.PostHistoryTypeId,=,2,ph.CreationDate,<=,1401458730#48754349
comments c,postHistory ph#c.UserId=ph.UserId#ph.PostHistoryTypeId,=,3,ph.CreationDate,>=,1287417965#1671035
comments c,postHistory ph#c.UserId=ph.UserId#c.Score,=,0,c.CreationDate,=,1322048937#142
comments c,postHistory ph#c.UserId=ph.UserId#ph.PostHistoryTypeId,=,3,ph.CreationDate,<=,1408118980#1762470
comments c,postHistory ph#c.UserId=ph.UserId#ph.CreationDate,>=,1306195399,ph.CreationDate,<=,1410277096#238863740
comments c,postHistory ph#c.UserId=ph.UserId#c.Score,=,0,ph.PostHistoryTypeId,=,2#35887821
comments c,postHistory ph#c.UserId=ph.UserId#c.Score,=,0,ph.CreationDate,<=,1409327711#164362964
comments c,postHistory ph#c.UserId=ph.UserId#ph.CreationDate,>=,1286898139,ph.CreationDate,<=,1407713051#249227266
comments c,postHistory ph#c.UserId=ph.UserId#c.Score,=,0,ph.PostHistoryTypeId,=,4#16670984
comments c,postHistory ph#c.UserId=ph.UserId#ph.PostHistoryTypeId,=,1,ph.CreationDate,<=,1409751728#1782703
comments c,postHistory ph#c.UserId=ph.UserId#ph.PostHistoryTypeId,=,16,ph.CreationDate,>=,1300527432#6384764
comments c,postHistory ph#c.UserId=ph.UserId#c.CreationDate,>=,1280993273,c.CreationDate,<=,1410296472#260806963
comments c,postHistory ph#c.UserId=ph.UserId#c.Score,=,0,c.CreationDate,=,1359892066#474
comments c,postHistory ph#c.UserId=ph.UserId#ph.CreationDate,>=,1280002520,ph.CreationDate,<=,1407942800#254112881
comments c,postHistory ph#c.UserId=ph.UserId#c.Score,=,1,ph.CreationDate,>=,1279851481#56415412
comments c,postHistory ph#c.UserId=ph.UserId#ph.CreationDate,>=,1289160502,ph.CreationDate,<=,1407453182#246246467
comments c,postHistory ph#c.UserId=ph.UserId#c.Score,=,0,ph.PostHistoryTypeId,=,4#16670984
comments c,postHistory ph#c.UserId=ph.UserId#c.CreationDate,<=,1410404011,ph.CreationDate,<=,1406816081#250315670
comments c,postHistory ph#c.UserId=ph.UserId#c.Score,=,0,c.CreationDate,>=,1280425971#166806539
comments c,postHistory ph#c.UserId=ph.UserId#c.Score,=,0,ph.CreationDate,>=,1281926300#166850394
comments c,postHistory ph#c.UserId=ph.UserId#ph.CreationDate,>=,1282072085,ph.CreationDate,<=,1408725662#256180497
comments c,postHistory ph#c.UserId=ph.UserId#ph.PostHistoryTypeId,=,5,ph.CreationDate,<=,1409855920#110403967
comments c,postHistory ph#c.UserId=ph.UserId#c.Score,=,0,ph.CreationDate,<=,1410292700#166561497
comments c,postHistory ph#c.UserId=ph.UserId#c.CreationDate,>=,1280788725,ph.PostHistoryTypeId,=,1#1785595
comments c,postHistory ph#c.UserId=ph.UserId#c.CreationDate,>=,1280173823,ph.PostHistoryTypeId,=,1#1790180
comments c,postHistory ph#c.UserId=ph.UserId#c.Score,=,0,c.CreationDate,>=,1282225647#166251146
comments c,postHistory ph#c.UserId=ph.UserId#c.CreationDate,<=,1410646050,ph.PostHistoryTypeId,=,2#54610252
comments c,postHistory ph#c.UserId=ph.UserId#c.Score,=,0,ph.CreationDate,>=,1286448624#164870930
comments c,postHistory ph#c.UserId=ph.UserId#c.Score,=,0,ph.CreationDate,>=,1284533388#165815523
comments c,postHistory ph#c.UserId=ph.UserId#c.Score,=,0,c.CreationDate,>=,1279641274#167277664
comments c,postHistory ph#c.UserId=ph.UserId#c.Score,=,0,ph.CreationDate,<=,1409202021#164134472
comments c,postHistory ph#c.UserId=ph.UserId#ph.PostHistoryTypeId,=,6,ph.CreationDate,<=,1406571871#31317153
comments c,postHistory ph#c.UserId=ph.UserId#c.Score,=,0,c.CreationDate,>=,1279578673#167295636
comments c,postHistory ph#c.UserId=ph.UserId#c.CreationDate,<=,1410533029,ph.PostHistoryTypeId,=,1#1793196
comments c,postHistory ph#c.UserId=ph.UserId#c.Score,=,0,ph.PostHistoryTypeId,=,2#35887821
comments c,postHistory ph#c.UserId=ph.UserId#c.CreationDate,<=,1409778362,ph.PostHistoryTypeId,=,2#53950761
comments c,postHistory ph#c.UserId=ph.UserId#c.Score,=,0,ph.CreationDate,<=,1410540559#167090072
comments c,postHistory ph#c.UserId=ph.UserId#c.CreationDate,>=,1280785023,ph.CreationDate,>=,1279720208#262107736
comments c,postHistory ph#c.UserId=ph.UserId#c.Score,=,0,c.CreationDate,>=,1279693012#167261824
comments c,postHistory ph#c.UserId=ph.UserId#c.Score,=,0,ph.PostHistoryTypeId,=,2#35887821
comments c,postHistory ph#c.UserId=ph.UserId#ph.CreationDate,>=,1286524772,ph.CreationDate,<=,1410372133#258380767
comments c,postHistory ph#c.UserId=ph.UserId#c.Score,=,0,c.CreationDate,<=,1410025215#165760678
comments c,postHistory ph#c.UserId=ph.UserId#ph.PostHistoryTypeId,=,3,ph.CreationDate,<=,1410490163#1792570
comments c,postHistory ph#c.UserId=ph.UserId#c.CreationDate,<=,1410517547,ph.CreationDate,>=,1304940758#241081059
comments c,postHistory ph#c.UserId=ph.UserId#ph.CreationDate,>=,1280257973,ph.CreationDate,<=,1410205617#261300076
comments c,postHistory ph#c.UserId=ph.UserId#c.Score,=,0,c.CreationDate,>=,1282212012#166275668
comments c,postHistory ph#c.UserId=ph.UserId#c.Score,=,0,c.CreationDate,<=,1410366640#166701651
comments c,postHistory ph#c.UserId=ph.UserId#c.Score,=,0,ph.PostHistoryTypeId,=,2#35887821
comments c,postHistory ph#c.UserId=ph.UserId#c.Score,=,0,ph.PostHistoryTypeId,=,5#71769280
comments c,postHistory ph#c.UserId=ph.UserId#ph.CreationDate,>=,1283264801,ph.CreationDate,<=,1405929118#246397319
comments c,postHistory ph#c.UserId=ph.UserId#c.CreationDate,<=,1410274620,ph.PostHistoryTypeId,=,1#1788475
comments c,postHistory ph#c.UserId=ph.UserId#c.Score,=,1,ph.CreationDate,<=,1406941811#53916515
comments c,postHistory ph#c.UserId=ph.UserId#ph.CreationDate,>=,1279607236,ph.CreationDate,<=,1410345840#262075715
comments c,postHistory ph#c.UserId=ph.UserId#c.CreationDate,>=,1279567196,c.CreationDate,<=,1410526387#262720977
comments c,postHistory ph#c.UserId=ph.UserId#ph.PostHistoryTypeId,=,5,ph.CreationDate,<=,1403363483#101767732
comments c,postHistory ph#c.UserId=ph.UserId#c.Score,=,0,ph.PostHistoryTypeId,=,1#1458075
comments c,postHistory ph#c.UserId=ph.UserId#c.Score,=,0,c.CreationDate,>=,1279740245#167247046
comments c,postHistory ph#c.UserId=ph.UserId#ph.PostHistoryTypeId,=,5,ph.CreationDate,<=,1407572881#107416532
comments c,postHistory ph#c.UserId=ph.UserId#c.Score,=,2,ph.CreationDate,>=,1287846268#22188491
comments c,postHistory ph#c.UserId=ph.UserId#c.CreationDate,>=,1239522824,ph.PostHistoryTypeId,=,1#1794553
comments c,postHistory ph#c.UserId=ph.UserId#ph.PostHistoryTypeId,=,2,ph.CreationDate,<=,1409559081#53918245
comments c,postHistory ph#c.UserId=ph.UserId#c.CreationDate,=,1403269056,ph.PostHistoryTypeId,=,1#4
comments c,postHistory ph#c.UserId=ph.UserId#c.Score,=,0,c.CreationDate,>=,1281356535#166498868
comments c,postHistory ph#c.UserId=ph.UserId#ph.PostHistoryTypeId,=,1,ph.CreationDate,<=,1410172342#1788789
comments c,postHistory ph#c.UserId=ph.UserId#c.CreationDate,>=,1279575213,c.CreationDate,<=,1410650845#263057464
comments c,postHistory ph#c.UserId=ph.UserId#c.Score,=,0,ph.CreationDate,<=,1410155097#166179325
comments c,postHistory ph#c.UserId=ph.UserId#c.CreationDate,>=,1279570981,ph.CreationDate,=,1396124903#19
comments c,postHistory ph#c.UserId=ph.UserId#c.Score,=,0,ph.PostHistoryTypeId,=,2#35887821
comments c,postHistory ph#c.UserId=ph.UserId#c.Score,=,0,ph.PostHistoryTypeId,=,3#1458075
comments c,postHistory ph#c.UserId=ph.UserId#ph.CreationDate,>=,1299132731,ph.CreationDate,<=,1406973166#236876052
comments c,postHistory ph#c.UserId=ph.UserId#ph.PostHistoryTypeId,=,2,ph.CreationDate,<=,1410298849#54392791
comments c,postHistory ph#c.UserId=ph.UserId#c.Score,=,0,ph.PostHistoryTypeId,=,2#35887821
comments c,postHistory ph#c.UserId=ph.UserId#ph.PostHistoryTypeId,=,5,ph.CreationDate,<=,1404991612#103984230
comments c,postHistory ph#c.UserId=ph.UserId#c.Score,=,0,ph.PostHistoryTypeId,=,1#1458075
comments c,postHistory ph#c.UserId=ph.UserId#c.CreationDate,<=,1410362824,ph.PostHistoryTypeId,=,1#1790312
comments c,postHistory ph#c.UserId=ph.UserId#ph.PostHistoryTypeId,=,6,ph.CreationDate,<=,1405713671#31130307
comments c,postHistory ph#c.UserId=ph.UserId#c.Score,=,0,ph.CreationDate,<=,1409796007#165378373
comments c,postHistory ph#c.UserId=ph.UserId#ph.CreationDate,>=,1293790249,ph.CreationDate,<=,1406994528#241164132
comments c,postHistory ph#c.UserId=ph.UserId#ph.CreationDate,>=,1286812003,ph.CreationDate,<=,1406577074#245863069
comments c,postHistory ph#c.UserId=ph.UserId#c.CreationDate,>=,1279588963,ph.PostHistoryTypeId,=,4#26307266
comments c,postHistory ph#c.UserId=ph.UserId#c.Score,=,0,ph.CreationDate,>=,1282224353#166668814
comments c,postHistory ph#c.UserId=ph.UserId#c.Score,=,0,c.CreationDate,<=,1410339570#166596589
comments c,postHistory ph#c.UserId=ph.UserId#ph.PostHistoryTypeId,=,1,ph.CreationDate,<=,1410162882#1788707
comments c,postHistory ph#c.UserId=ph.UserId#c.Score,=,1,ph.PostHistoryTypeId,=,3#221713
comments c,postHistory ph#c.UserId=ph.UserId#c.CreationDate,>=,1284410817,ph.PostHistoryTypeId,=,1#1753775
comments c,postHistory ph#c.UserId=ph.UserId#c.Score,=,0,c.CreationDate,<=,1410464249#166906495
comments c,postHistory ph#c.UserId=ph.UserId#ph.CreationDate,>=,1284090672,ph.CreationDate,<=,1409957222#258767926
comments c,postHistory ph#c.UserId=ph.UserId#c.Score,=,0,c.CreationDate,<=,1410545960#167123970
comments c,postHistory ph#c.UserId=ph.UserId#c.CreationDate,<=,1409255125,ph.CreationDate,<=,1410241780#256744449
comments c,postHistory ph#c.UserId=ph.UserId#c.CreationDate,>=,1279566952,c.CreationDate,<=,1410345446#262085161
comments c,postHistory ph#c.UserId=ph.UserId#c.CreationDate,<=,1409749227,ph.PostHistoryTypeId,=,5#109894973
comments c,postHistory ph#c.UserId=ph.UserId#c.Score,=,0,ph.CreationDate,>=,1279732665#167257895
comments c,postHistory ph#c.UserId=ph.UserId#c.Score,=,0,c.CreationDate,>=,1280244138#166964291
comments c,postHistory ph#c.UserId=ph.UserId#c.CreationDate,<=,1410492240,ph.CreationDate,>=,1281430922#262158376
comments c,postHistory ph#c.UserId=ph.UserId#c.CreationDate,>=,1279592282,c.CreationDate,<=,1410592197#262896054
comments c,postHistory ph#c.UserId=ph.UserId#c.CreationDate,>=,1285710229,ph.CreationDate,<=,1410257257#257024600
comments c,postHistory ph#c.UserId=ph.UserId#ph.PostHistoryTypeId,=,5,ph.CreationDate,<=,1405930469#105100589
comments c,postHistory ph#c.UserId=ph.UserId#c.CreationDate,<=,1410348545,ph.PostHistoryTypeId,=,1#1790118
comments c,postHistory ph#c.UserId=ph.UserId#c.Score,=,1,ph.PostHistoryTypeId,=,5#23813684
comments c,postHistory ph#c.UserId=ph.UserId#ph.PostHistoryTypeId,=,2,ph.CreationDate,<=,1400418805#48127422
comments c,postHistory ph#c.UserId=ph.UserId#c.Score,=,0,ph.CreationDate,>=,1287540803#164232822
comments c,postHistory ph#c.UserId=ph.UserId#c.Score,=,0,ph.PostHistoryTypeId,=,37#507621
comments c,postHistory ph#c.UserId=ph.UserId#c.Score,=,0,ph.CreationDate,=,1294610268#117
comments c,postHistory ph#c.UserId=ph.UserId#c.Score,=,0,c.CreationDate,<=,1410362787#166651279
comments c,postHistory ph#c.UserId=ph.UserId#c.CreationDate,>=,1279631209,c.CreationDate,<=,1410447223#262436419
comments c,postHistory ph#c.UserId=ph.UserId#c.CreationDate,<=,1409869523,ph.PostHistoryTypeId,=,6#32427666
comments c,postHistory ph#c.UserId=ph.UserId#c.Score,=,0,ph.PostHistoryTypeId,=,12#250482
comments c,postHistory ph#c.UserId=ph.UserId#c.Score,=,0,c.CreationDate,<=,1408448494#162180349
comments c,postHistory ph#c.UserId=ph.UserId#ph.CreationDate,>=,1285235646,ph.CreationDate,<=,1407262448#249400298
comments c,postHistory ph#c.UserId=ph.UserId#ph.CreationDate,>=,1297867673,ph.CreationDate,<=,1410445772#249170807
comments c,postHistory ph#c.UserId=ph.UserId#c.Score,=,0,ph.PostHistoryTypeId,=,2#35887821
comments c,postHistory ph#c.UserId=ph.UserId#c.Score,=,0,ph.PostHistoryTypeId,=,3#1458075
comments c,postHistory ph#c.UserId=ph.UserId#ph.PostHistoryTypeId,=,3,ph.CreationDate,<=,1408038291#1761622
comments c,postHistory ph#c.UserId=ph.UserId#c.Score,=,0,ph.PostHistoryTypeId,=,2#35887821
comments c,postHistory ph#c.UserId=ph.UserId#c.CreationDate,>=,1279576604,ph.CreationDate,<=,1408375964#255516135
comments c,postHistory ph#c.UserId=ph.UserId#ph.PostHistoryTypeId,=,5,ph.CreationDate,>=,1282556924#111252857
comments c,postHistory ph#c.UserId=ph.UserId#ph.PostHistoryTypeId,=,2,ph.CreationDate,<=,1405612554#51500628
comments c,postHistory ph#c.UserId=ph.UserId#c.Score,=,0,ph.CreationDate,>=,1333470607#130025421
comments c,postHistory ph#c.UserId=ph.UserId#c.CreationDate,>=,1280350503,c.CreationDate,<=,1410304142#261212425
comments c,postHistory ph#c.UserId=ph.UserId#c.Score,=,2,ph.CreationDate,<=,1409373601#22284515
comments c,postHistory ph#c.UserId=ph.UserId#ph.PostHistoryTypeId,=,1,ph.CreationDate,=,1389630318#7
comments c,postHistory ph#c.UserId=ph.UserId#c.Score,=,2,c.CreationDate,<=,1410510796#22621815
comments c,postHistory ph#c.UserId=ph.UserId#c.CreationDate,>=,1279724541,c.CreationDate,<=,1409843286#259933461
comments c,postHistory ph#c.UserId=ph.UserId#ph.CreationDate,>=,1306380004,ph.CreationDate,<=,1407874651#230755254
comments c,postHistory ph#c.UserId=ph.UserId#c.Score,=,1,ph.PostHistoryTypeId,=,5#23813684
comments c,postHistory ph#c.UserId=ph.UserId#c.CreationDate,>=,1280605004,ph.CreationDate,>=,1297958599#249119072
comments c,postHistory ph#c.UserId=ph.UserId#c.Score,=,1,ph.CreationDate,<=,1403617801#51757121
comments c,postHistory ph#c.UserId=ph.UserId#c.Score,=,0,ph.CreationDate,>=,1284640061#165707933
comments c,postHistory ph#c.UserId=ph.UserId#c.Score,=,0,ph.PostHistoryTypeId,=,2#35887821
comments c,postHistory ph#c.UserId=ph.UserId#c.Score,=,1,ph.CreationDate,<=,1408363264#54781605
comments c,postHistory ph#c.UserId=ph.UserId#c.CreationDate,>=,1280343196,c.CreationDate,<=,1410428544#261764721
comments c,postHistory ph#c.UserId=ph.UserId#c.CreationDate,>=,1280868768,c.CreationDate,<=,1410178273#260290418
comments c,postHistory ph#c.UserId=ph.UserId#c.Score,=,0,c.CreationDate,>=,1280173823#167013531
comments c,postHistory ph#c.UserId=ph.UserId#c.Score,=,0,ph.CreationDate,<=,1410569312#167144587
comments c,postHistory ph#c.UserId=ph.UserId#c.Score,=,0,ph.PostHistoryTypeId,=,2#35887821
comments c,postHistory ph#c.UserId=ph.UserId#c.CreationDate,>=,1280045288,c.CreationDate,<=,1410127133#260766374
comments c,postHistory ph#c.UserId=ph.UserId#c.CreationDate,<=,1410311934,ph.CreationDate,>=,1283991307#259991127
comments c,postHistory ph#c.UserId=ph.UserId#c.CreationDate,<=,1410481871,ph.CreationDate,>=,1279802533#262536068
comments c,postHistory ph#c.UserId=ph.UserId#c.CreationDate,>=,1281342255,ph.CreationDate,<=,1406900045#249976416
comments c,postHistory ph#c.UserId=ph.UserId#c.Score,=,1,ph.PostHistoryTypeId,=,2#11363557
comments c,postHistory ph#c.UserId=ph.UserId#ph.PostHistoryTypeId,=,2,ph.CreationDate,<=,1410326239#54435247
comments c,postHistory ph#c.UserId=ph.UserId#c.Score,=,0,ph.PostHistoryTypeId,=,3#1458075
comments c,postHistory ph#c.UserId=ph.UserId#c.Score,=,0,ph.CreationDate,<=,1408470871#162717955
comments c,postHistory ph#c.UserId=ph.UserId#c.CreationDate,<=,1410539054,ph.PostHistoryTypeId,=,2#54557014
comments c,postHistory ph#c.UserId=ph.UserId#c.Score,=,0,ph.PostHistoryTypeId,=,5#71769280
comments c,postHistory ph#c.UserId=ph.UserId#c.CreationDate,>=,1279625776,c.CreationDate,<=,1410527209#262640716
comments c,postHistory ph#c.UserId=ph.UserId#c.Score,=,0,ph.PostHistoryTypeId,=,3#1458075
comments c,postHistory ph#c.UserId=ph.UserId#c.Score,=,0,ph.PostHistoryTypeId,=,2#35887821
comments c,postHistory ph#c.UserId=ph.UserId#ph.PostHistoryTypeId,=,6,ph.CreationDate,<=,1407862171#31718089
comments c,postHistory ph#c.UserId=ph.UserId#ph.PostHistoryTypeId,=,2,ph.CreationDate,>=,1317923328#43667301
comments c,postHistory ph#c.UserId=ph.UserId#c.CreationDate,<=,1410331285,ph.PostHistoryTypeId,=,5#111009474
comments c,postHistory ph#c.UserId=ph.UserId#c.Score,=,0,c.CreationDate,>=,1280151424#167036484
comments c,postHistory ph#c.UserId=ph.UserId#ph.PostHistoryTypeId,=,10,ph.CreationDate,<=,1409232574#14526079
comments c,postHistory ph#c.UserId=ph.UserId#c.CreationDate,>=,1279727588,c.CreationDate,<=,1410638781#262879997
comments c,postHistory ph#c.UserId=ph.UserId#c.CreationDate,<=,1409268573,ph.CreationDate,>=,1284900388#255455787
comments c,postHistory ph#c.UserId=ph.UserId#ph.PostHistoryTypeId,=,2,ph.CreationDate,>=,1287067442#52490730
comments c,postHistory ph#c.UserId=ph.UserId#c.Score,=,1,c.CreationDate,>=,1280170547#56358410
comments c,postHistory ph#c.UserId=ph.UserId#c.CreationDate,>=,1283931928,ph.CreationDate,<=,1409018139#254756140
comments c,postHistory ph#c.UserId=ph.UserId#c.Score,=,0,ph.CreationDate,>=,1301795018#156048523
comments c,postHistory ph#c.UserId=ph.UserId#c.Score,=,0,ph.CreationDate,>=,1281850140#166887030
comments c,postHistory ph#c.UserId=ph.UserId#c.Score,=,0,c.CreationDate,<=,1410197138#166155016
comments c,postHistory ph#c.UserId=ph.UserId#c.CreationDate,>=,1279583805,ph.CreationDate,<=,1409579657#259220060
comments c,postHistory ph#c.UserId=ph.UserId#c.Score,=,0,ph.CreationDate,=,1311977019#7544
comments c,postHistory ph#c.UserId=ph.UserId#c.Score,=,2,c.CreationDate,>=,1282022857#22571898
comments c,postHistory ph#c.UserId=ph.UserId#c.CreationDate,<=,1410557803,ph.PostHistoryTypeId,=,5#111365890
comments c,postHistory ph#c.UserId=ph.UserId#c.CreationDate,>=,1283435992,c.CreationDate,<=,1410547584#260445156
comments c,postHistory ph#c.UserId=ph.UserId#c.CreationDate,=,1405868463,ph.CreationDate,<=,1409818530#9
comments c,postHistory ph#c.UserId=ph.UserId#c.CreationDate,>=,1283366307,ph.PostHistoryTypeId,=,5#110841303
comments c,postHistory ph#c.UserId=ph.UserId#c.Score,=,0,ph.PostHistoryTypeId,=,2#35887821
comments c,postHistory ph#c.UserId=ph.UserId#c.Score,=,0,ph.PostHistoryTypeId,=,1#1458075
comments c,postHistory ph#c.UserId=ph.UserId#c.Score,=,0,ph.PostHistoryTypeId,=,3#1458075
comments c,postHistory ph#c.UserId=ph.UserId#c.Score,=,0,ph.PostHistoryTypeId,=,2#35887821
comments c,postHistory ph#c.UserId=ph.UserId#c.CreationDate,<=,1409841512,ph.CreationDate,=,1354745304#12
comments c,postHistory ph#c.UserId=ph.UserId#c.Score,=,1,ph.PostHistoryTypeId,=,5#23813684
comments c,postHistory ph#c.UserId=ph.UserId#c.Score,=,0,c.CreationDate,<=,1409842723#165261036
comments c,postHistory ph#c.UserId=ph.UserId#c.Score,=,1,ph.PostHistoryTypeId,=,5#23813684
comments c,postHistory ph#c.UserId=ph.UserId#ph.PostHistoryTypeId,=,5,ph.CreationDate,<=,1409570729#109884231
comments c,postHistory ph#c.UserId=ph.UserId#c.CreationDate,=,1393411632,ph.PostHistoryTypeId,=,3#2
comments c,postHistory ph#c.UserId=ph.UserId#c.Score,=,0,ph.PostHistoryTypeId,=,4#16670984
comments c,postHistory ph#c.UserId=ph.UserId#c.Score,=,0,ph.CreationDate,>=,1279571722#167304989
comments c,postHistory ph#c.UserId=ph.UserId#c.CreationDate,<=,1410463137,ph.PostHistoryTypeId,=,5#111226514
comments c,postHistory ph#c.UserId=ph.UserId#ph.PostHistoryTypeId,=,2,ph.CreationDate,<=,1409471441#53849265
comments c,postHistory ph#c.UserId=ph.UserId#c.CreationDate,>=,1279641772,c.CreationDate,<=,1410401340#262317351
comments c,postHistory ph#c.UserId=ph.UserId#c.Score,=,0,ph.PostHistoryTypeId,=,1#1458075
comments c,postHistory ph#c.UserId=ph.UserId#c.Score,=,0,ph.CreationDate,>=,1279699210#167262668
comments c,postHistory ph#c.UserId=ph.UserId#ph.PostHistoryTypeId,=,3,ph.CreationDate,>=,1280279418#1778512
comments c,postHistory ph#c.UserId=ph.UserId#c.Score,=,0,ph.PostHistoryTypeId,=,1#1458075
comments c,postHistory ph#c.UserId=ph.UserId#ph.PostHistoryTypeId,=,5,ph.CreationDate,<=,1406489447#105847090
comments c,postHistory ph#c.UserId=ph.UserId#c.Score,=,1,ph.PostHistoryTypeId,=,2#11363557
comments c,postHistory ph#c.UserId=ph.UserId#c.CreationDate,>=,1283274775,ph.CreationDate,<=,1407520230#250900793
comments c,postHistory ph#c.UserId=ph.UserId#c.CreationDate,>=,1280245594,ph.PostHistoryTypeId,=,2#54564961
comments c,postHistory ph#c.UserId=ph.UserId#c.Score,=,1,ph.PostHistoryTypeId,=,3#221713
comments c,postHistory ph#c.UserId=ph.UserId#c.Score,=,0,ph.PostHistoryTypeId,=,6#20134904
comments c,postHistory ph#c.UserId=ph.UserId#ph.PostHistoryTypeId,=,2,ph.CreationDate,>=,1296850582#49436727
comments c,postHistory ph#c.UserId=ph.UserId#c.CreationDate,>=,1280026735,c.CreationDate,<=,1410401706#262090413
comments c,postHistory ph#c.UserId=ph.UserId#c.CreationDate,>=,1280203246,ph.PostHistoryTypeId,=,3#1789728
comments c,postHistory ph#c.UserId=ph.UserId#c.Score,=,0,c.CreationDate,<=,1410522161#167018678
comments c,postHistory ph#c.UserId=ph.UserId#c.Score,=,0,ph.CreationDate,<=,1406218938#158162646
comments c,postHistory ph#c.UserId=ph.UserId#c.CreationDate,>=,1279645572,c.CreationDate,<=,1410295860#261771218
comments c,postHistory ph#c.UserId=ph.UserId#c.Score,=,0,ph.CreationDate,<=,1409325549#164359709
comments c,postHistory ph#c.UserId=ph.UserId#c.CreationDate,>=,1281762821,c.CreationDate,<=,1410641405#261726909
comments c,postHistory ph#c.UserId=ph.UserId#ph.PostHistoryTypeId,=,2,ph.CreationDate,>=,1301342504#48096871
comments c,postHistory ph#c.UserId=ph.UserId#c.Score,=,7,ph.PostHistoryTypeId,=,5#220828
comments c,postHistory ph#c.UserId=ph.UserId#c.Score,=,0,ph.CreationDate,=,1369046902#403
comments c,postHistory ph#c.UserId=ph.UserId#ph.PostHistoryTypeId,=,6,ph.CreationDate,<=,1410442649#32700268
comments c,postHistory ph#c.UserId=ph.UserId#c.Score,=,0,ph.PostHistoryTypeId,=,2#35887821
comments c,postHistory ph#c.UserId=ph.UserId#c.Score,=,0,ph.PostHistoryTypeId,=,2#35887821
comments c,postHistory ph#c.UserId=ph.UserId#ph.PostHistoryTypeId,=,2,ph.CreationDate,<=,1410196885#54327876
comments c,postHistory ph#c.UserId=ph.UserId#c.Score,=,1,ph.PostHistoryTypeId,=,3#221713
comments c,postHistory ph#c.UserId=ph.UserId#c.Score,=,0,ph.CreationDate,>=,1282605675#166477327
comments c,postHistory ph#c.UserId=ph.UserId#c.Score,=,1,ph.PostHistoryTypeId,=,3#221713
comments c,postHistory ph#c.UserId=ph.UserId#c.CreationDate,>=,1280962219,c.CreationDate,<=,1410450749#261474691
comments c,postHistory ph#c.UserId=ph.UserId#c.Score,=,1,ph.PostHistoryTypeId,=,1#221713
comments c,postHistory ph#c.UserId=ph.UserId#c.CreationDate,>=,1281898023,c.CreationDate,<=,1410574520#261596658
comments c,postHistory ph#c.UserId=ph.UserId#c.Score,=,0,ph.PostHistoryTypeId,=,2#35887821
comments c,postHistory ph#c.UserId=ph.UserId#c.CreationDate,>=,1279818684,ph.PostHistoryTypeId,=,1#1792006
comments c,postHistory ph#c.UserId=ph.UserId#c.Score,=,2,ph.PostHistoryTypeId,=,2#4303625
comments c,postHistory ph#c.UserId=ph.UserId#c.CreationDate,<=,1410448773,ph.CreationDate,<=,1402653309#237920328
comments c,postHistory ph#c.UserId=ph.UserId#ph.PostHistoryTypeId,=,2,ph.CreationDate,>=,1279816423#54555500
comments c,postHistory ph#c.UserId=ph.UserId#c.CreationDate,>=,1283274278,ph.CreationDate,<=,1410414788#260133800
comments c,postHistory ph#c.UserId=ph.UserId#c.Score,=,1,ph.CreationDate,<=,1410122978#56028390
comments c,postHistory ph#c.UserId=ph.UserId#c.CreationDate,=,1359491026,ph.CreationDate,<=,1409320676#1562
comments c,postHistory ph#c.UserId=ph.UserId#c.CreationDate,>=,1279951302,c.CreationDate,<=,1410628070#262735956
comments c,postHistory ph#c.UserId=ph.UserId#c.Score,=,0,c.CreationDate,>=,1280087782#167083235
comments c,postHistory ph#c.UserId=ph.UserId#c.CreationDate,>=,1282827673,ph.CreationDate,>=,1293038148#251509785
comments c,postHistory ph#c.UserId=ph.UserId#ph.PostHistoryTypeId,=,2,ph.CreationDate,<=,1408669530#53404920
comments c,postHistory ph#c.UserId=ph.UserId#c.Score,=,0,ph.PostHistoryTypeId,=,3#1458075
comments c,postHistory ph#c.UserId=ph.UserId#c.Score,=,1,ph.PostHistoryTypeId,=,5#23813684
comments c,postHistory ph#c.UserId=ph.UserId#c.Score,=,0,ph.PostHistoryTypeId,=,1#1458075
comments c,postHistory ph#c.UserId=ph.UserId#c.Score,=,0,ph.PostHistoryTypeId,=,5#71769280
comments c,postHistory ph#c.UserId=ph.UserId#ph.PostHistoryTypeId,=,1,ph.CreationDate,<=,1409916151#1786344
comments c,postHistory ph#c.UserId=ph.UserId#c.Score,=,2,c.CreationDate,<=,1410443778#22613766
comments c,postHistory ph#c.UserId=ph.UserId#ph.CreationDate,>=,1280000604,ph.CreationDate,<=,1408030658#254336609
comments c,postHistory ph#c.UserId=ph.UserId#c.CreationDate,>=,1282023715,c.CreationDate,<=,1409913563#259009691
comments c,postHistory ph#c.UserId=ph.UserId#c.Score,=,0,ph.PostHistoryTypeId,=,6#20134904
comments c,postHistory ph#c.UserId=ph.UserId#c.Score,=,0,c.CreationDate,<=,1410442572#166885246
comments c,postHistory ph#c.UserId=ph.UserId#c.Score,=,3,ph.PostHistoryTypeId,=,5#3575073
comments c,postHistory ph#c.UserId=ph.UserId#c.Score,=,0,ph.PostHistoryTypeId,=,4#16670984
comments c,postHistory ph#c.UserId=ph.UserId#ph.PostHistoryTypeId,=,1,ph.CreationDate,<=,1410480212#1792562
comments c,postHistory ph#c.UserId=ph.UserId#c.Score,=,0,ph.PostHistoryTypeId,=,5#71769280
comments c,postHistory ph#c.UserId=ph.UserId#c.CreationDate,>=,1282369803,c.CreationDate,<=,1410389195#260666139
comments c,postHistory ph#c.UserId=ph.UserId#c.Score,=,0,ph.PostHistoryTypeId,=,33#1448838
comments c,postHistory ph#c.UserId=ph.UserId#c.CreationDate,>=,1280248963,ph.PostHistoryTypeId,=,2#54564058
comments c,postHistory ph#c.UserId=ph.UserId#c.CreationDate,<=,1409936869,ph.PostHistoryTypeId,=,2#54092136
comments c,postHistory ph#c.UserId=ph.UserId#c.Score,=,1,ph.PostHistoryTypeId,=,5#23813684
comments c,postHistory ph#c.UserId=ph.UserId#c.Score,=,0,ph.CreationDate,>=,1302881544#155194800
comments c,postHistory ph#c.UserId=ph.UserId#c.CreationDate,>=,1280126788,c.CreationDate,<=,1410531327#262345359
comments c,postHistory ph#c.UserId=ph.UserId#ph.PostHistoryTypeId,=,1,ph.CreationDate,=,1401727670#28
comments c,postHistory ph#c.UserId=ph.UserId#ph.PostHistoryTypeId,=,2,ph.CreationDate,>=,1304404858#47198811
comments c,postHistory ph#c.UserId=ph.UserId#c.Score,=,0,c.CreationDate,<=,1410469115#166922571
comments c,postHistory ph#c.UserId=ph.UserId#c.CreationDate,>=,1279606128,ph.PostHistoryTypeId,=,1#1793910
comments c,postHistory ph#c.UserId=ph.UserId#c.Score,=,1,ph.PostHistoryTypeId,=,2#11363557
comments c,postHistory ph#c.UserId=ph.UserId#c.Score,=,0,c.CreationDate,<=,1410236477#166258457
comments c,postHistory ph#c.UserId=ph.UserId#c.CreationDate,>=,1288354016,ph.PostHistoryTypeId,=,5#109014063
comments c,postHistory ph#c.UserId=ph.UserId#c.CreationDate,>=,1281714709,ph.CreationDate,>=,1313672972#230366464
comments c,postHistory ph#c.UserId=ph.UserId#c.Score,=,0,ph.CreationDate,=,1345130098#138
comments c,postHistory ph#c.UserId=ph.UserId#ph.CreationDate,>=,1287647920,ph.CreationDate,<=,1410387722#257201839
comments c,postHistory ph#c.UserId=ph.UserId#ph.CreationDate,>=,1293184508,ph.CreationDate,<=,1407093719#241714764
comments c,postHistory ph#c.UserId=ph.UserId#c.CreationDate,>=,1279905828,ph.PostHistoryTypeId,=,5#111419144
comments c,postHistory ph#c.UserId=ph.UserId#c.Score,=,1,ph.PostHistoryTypeId,=,3#221713
comments c,postHistory ph#c.UserId=ph.UserId#c.Score,=,0,ph.PostHistoryTypeId,=,2#35887821
comments c,postHistory ph#c.UserId=ph.UserId#c.Score,=,0,ph.PostHistoryTypeId,=,3#1458075
comments c,postHistory ph#c.UserId=ph.UserId#c.Score,=,0,ph.CreationDate,>=,1279568719#167309227
comments c,postHistory ph#c.UserId=ph.UserId#c.CreationDate,>=,1281528096,ph.CreationDate,>=,1295975201#250240978
comments c,postHistory ph#c.UserId=ph.UserId#c.CreationDate,>=,1281722727,c.CreationDate,<=,1410193901#260120414
comments c,postHistory ph#c.UserId=ph.UserId#c.Score,=,0,ph.PostHistoryTypeId,=,2#35887821
comments c,postHistory ph#c.UserId=ph.UserId#c.Score,=,1,c.CreationDate,>=,1279572406#56421125
comments c,postHistory ph#c.UserId=ph.UserId#ph.CreationDate,>=,1289330599,ph.CreationDate,<=,1408501895#249446708
comments c,postHistory ph#c.UserId=ph.UserId#c.Score,=,0,ph.CreationDate,=,1331564657#72
comments c,postHistory ph#c.UserId=ph.UserId#c.CreationDate,>=,1279671805,c.CreationDate,<=,1409752644#259550993
comments c,postHistory ph#c.UserId=ph.UserId#c.Score,=,0,c.CreationDate,<=,1410387070#166753699
comments c,postHistory ph#c.UserId=ph.UserId#c.CreationDate,>=,1282268672,c.CreationDate,<=,1410387876#260728877
comments c,postHistory ph#c.UserId=ph.UserId#ph.PostHistoryTypeId,=,3,ph.CreationDate,<=,1409609653#1781914
comments c,postHistory ph#c.UserId=ph.UserId#c.CreationDate,<=,1410284376,ph.PostHistoryTypeId,=,2#54350725
comments c,postHistory ph#c.UserId=ph.UserId#ph.PostHistoryTypeId,=,2,ph.CreationDate,<=,1410190084#54327227
comments c,postHistory ph#c.UserId=ph.UserId#c.Score,=,1,ph.PostHistoryTypeId,=,2#11363557
comments c,postHistory ph#c.UserId=ph.UserId#c.CreationDate,>=,1279822391,ph.CreationDate,<=,1407488470#252793165
comments c,postHistory ph#c.UserId=ph.UserId#c.Score,=,0,c.CreationDate,<=,1410521725#167018652
comments c,postHistory ph#c.UserId=ph.UserId#ph.PostHistoryTypeId,=,2,ph.CreationDate,<=,1407357692#52610920
comments c,postHistory ph#c.UserId=ph.UserId#c.CreationDate,<=,1409673355,ph.PostHistoryTypeId,=,5#109704797
comments c,postHistory ph#c.UserId=ph.UserId#c.Score,=,0,ph.CreationDate,>=,1281960235#166844523
comments c,postHistory ph#c.UserId=ph.UserId#c.Score,=,5,ph.CreationDate,>=,1290166322#1758177
comments c,postHistory ph#c.UserId=ph.UserId#c.Score,=,0,ph.PostHistoryTypeId,=,5#71769280
comments c,postHistory ph#c.UserId=ph.UserId#c.CreationDate,>=,1279930077,ph.PostHistoryTypeId,=,2#54590538
comments c,postHistory ph#c.UserId=ph.UserId#c.CreationDate,<=,1410369009,ph.CreationDate,>=,1300991203#245190588
comments c,postHistory ph#c.UserId=ph.UserId#ph.PostHistoryTypeId,=,2,ph.CreationDate,<=,1407191318#52501637
comments c,postHistory ph#c.UserId=ph.UserId#ph.PostHistoryTypeId,=,3,ph.CreationDate,>=,1281423321#1768583
comments c,postHistory ph#c.UserId=ph.UserId#ph.PostHistoryTypeId,=,16,ph.CreationDate,>=,1279567724#6596444
comments c,postHistory ph#c.UserId=ph.UserId#ph.PostHistoryTypeId,=,2,ph.CreationDate,<=,1406046451#51777067
comments c,postHistory ph#c.UserId=ph.UserId#c.CreationDate,=,1400943098,ph.PostHistoryTypeId,=,2#754
comments c,postHistory ph#c.UserId=ph.UserId#c.CreationDate,>=,1279820172,ph.PostHistoryTypeId,=,10#15223234
comments c,postHistory ph#c.UserId=ph.UserId#c.Score,=,1,ph.CreationDate,<=,1408626837#55036613
comments c,postHistory ph#c.UserId=ph.UserId#ph.CreationDate,>=,1284092214,ph.CreationDate,<=,1400756891#231044795
comments c,postHistory ph#c.UserId=ph.UserId#c.Score,=,0,ph.PostHistoryTypeId,=,5#71769280
comments c,postHistory ph#c.UserId=ph.UserId#ph.PostHistoryTypeId,=,3,ph.CreationDate,>=,1281309426#1770507
comments c,postHistory ph#c.UserId=ph.UserId#c.CreationDate,<=,1409510271,ph.PostHistoryTypeId,=,5#109387819
comments c,postHistory ph#c.UserId=ph.UserId#c.CreationDate,<=,1408849606,ph.PostHistoryTypeId,=,6#32046385
comments c,postHistory ph#c.UserId=ph.UserId#ph.PostHistoryTypeId,=,1,ph.CreationDate,>=,1291326962#1625060
comments c,postHistory ph#c.UserId=ph.UserId#c.Score,=,1,ph.PostHistoryTypeId,=,2#11363557
comments c,postHistory ph#c.UserId=ph.UserId#c.CreationDate,>=,1279636720,ph.CreationDate,>=,1285084245#260133372
comments c,postHistory ph#c.UserId=ph.UserId#ph.PostHistoryTypeId,=,5,ph.CreationDate,>=,1286913245#110347771
comments c,postHistory ph#c.UserId=ph.UserId#c.CreationDate,<=,1410508753,ph.CreationDate,<=,1405700870#247187703
comments c,postHistory ph#c.UserId=ph.UserId#c.Score,=,0,ph.CreationDate,<=,1407920560#161487934
comments c,votes v#c.UserId=v.UserId#v.CreationDate,>=,1279670400,v.CreationDate,<=,1410480000#11028753
comments c,votes v#c.UserId=v.UserId#c.Score,=,1,c.CreationDate,>=,1281646447#2193419
comments c,votes v#c.UserId=v.UserId#c.CreationDate,<=,1409402947,v.CreationDate,>=,1279929600#10808024
comments c,votes v#c.UserId=v.UserId#v.CreationDate,>=,1279584000,v.CreationDate,<=,1409875200#10979299
comments c,votes v#c.UserId=v.UserId#c.CreationDate,>=,1280363164,c.CreationDate,<=,1409869892#10887318
comments c,votes v#c.UserId=v.UserId#c.Score,=,0,c.CreationDate,>=,1280785326#7472949
comments c,votes v#c.UserId=v.UserId#v.CreationDate,>=,1279584000,v.CreationDate,<=,1410134400#10999685
comments c,votes v#c.UserId=v.UserId#c.CreationDate,>=,1281337785,c.CreationDate,<=,1410471173#10963129
comments c,votes v#c.UserId=v.UserId#v.CreationDate,>=,1280102400,v.CreationDate,<=,1410566400#11017835
comments c,votes v#c.UserId=v.UserId#c.CreationDate,>=,1280135442,c.CreationDate,<=,1410135734#10933355
comments c,votes v#c.UserId=v.UserId#v.CreationDate,>=,1279670400,v.CreationDate,<=,1410566400#11029477
comments c,votes v#c.UserId=v.UserId#c.Score,=,1,v.BountyAmount,<=,50#71021
comments c,votes v#c.UserId=v.UserId#c.CreationDate,=,1393266700,v.CreationDate,>=,1279584000#1
comments c,votes v#c.UserId=v.UserId#c.CreationDate,>=,1281453595,v.BountyAmount,<=,50#356027
comments c,votes v#c.UserId=v.UserId#c.CreationDate,>=,1281005794,c.CreationDate,<=,1409656529#10824984
comments c,votes v#c.UserId=v.UserId#c.Score,=,0,v.BountyAmount,<=,100#314106
comments c,votes v#c.UserId=v.UserId#c.CreationDate,<=,1410400181,v.VoteTypeId,=,5#10491180
comments c,votes v#c.UserId=v.UserId#c.CreationDate,>=,1283350220,c.CreationDate,<=,1410401827#10899881
comments c,votes v#c.UserId=v.UserId#c.Score,=,0,v.CreationDate,<=,1410480000#7491297
comments c,votes v#c.UserId=v.UserId#c.CreationDate,<=,1410633806,v.BountyAmount,>=,0#507965
comments c,votes v#c.UserId=v.UserId#c.CreationDate,>=,1280252534,v.VoteTypeId,=,5#10506235
comments c,votes v#c.UserId=v.UserId#c.CreationDate,<=,1408797066,v.VoteTypeId,=,5#10236371
comments c,votes v#c.UserId=v.UserId#c.CreationDate,>=,1284366992,c.CreationDate,<=,1410645337#10890939
comments c,votes v#c.UserId=v.UserId#c.Score,=,0,v.VoteTypeId,=,5#7144898
comments c,votes v#c.UserId=v.UserId#v.CreationDate,>=,1279670400,v.CreationDate,<=,1410393600#11028086
comments c,votes v#c.UserId=v.UserId#c.Score,=,1,v.CreationDate,=,1397779200#2103
comments c,votes v#c.UserId=v.UserId#v.CreationDate,>=,1279497600,v.CreationDate,<=,1410566400#11031309
comments c,votes v#c.UserId=v.UserId#c.CreationDate,>=,1280709513,c.CreationDate,<=,1410049216#10911873
comments c,votes v#c.UserId=v.UserId#v.BountyAmount,>=,0,v.CreationDate,>=,1233532800#508124
comments c,votes v#c.UserId=v.UserId#c.Score,=,0,v.BountyAmount,<=,50#243008
comments c,votes v#c.UserId=v.UserId#c.Score,=,0,v.BountyAmount,>=,0#347005
comments c,votes v#c.UserId=v.UserId#c.Score,=,0,c.CreationDate,>=,1279622885#7491024
comments c,votes v#c.UserId=v.UserId#c.Score,=,0,v.CreationDate,<=,1410480000#7491297
comments c,votes v#c.UserId=v.UserId#v.BountyAmount,>=,0,v.CreationDate,>=,1280102400#508114
comments c,votes v#c.UserId=v.UserId#c.CreationDate,>=,1280249530,c.CreationDate,<=,1410463477#10989066
comments c,votes v#c.UserId=v.UserId#v.CreationDate,>=,1279584000,v.CreationDate,<=,1410220800#11025248
comments c,votes v#c.UserId=v.UserId#c.CreationDate,<=,1409859949,v.BountyAmount,<=,50#351957
comments c,votes v#c.UserId=v.UserId#v.CreationDate,>=,1279497600,v.CreationDate,<=,1410480000#11030585
comments c,votes v#c.UserId=v.UserId#c.Score,=,1,v.CreationDate,>=,1279584000#2202029
comments c,votes v#c.UserId=v.UserId#c.CreationDate,<=,1410571576,v.BountyAmount,>=,0#507669
comments c,votes v#c.UserId=v.UserId#v.CreationDate,>=,1279756800,v.CreationDate,<=,1410048000#10979082
comments c,votes v#c.UserId=v.UserId#v.CreationDate,>=,1280016000,v.CreationDate,<=,1409702400#10963480
comments c,votes v#c.UserId=v.UserId#c.CreationDate,>=,1278798229,c.CreationDate,<=,1410402267#10998699
comments c,votes v#c.UserId=v.UserId#c.Score,=,0,v.BountyAmount,>=,0#347005
comments c,votes v#c.UserId=v.UserId#v.BountyAmount,>=,0,v.CreationDate,<=,1410566400#508124
comments c,votes v#c.UserId=v.UserId#c.Score,=,0,c.CreationDate,<=,1409564895#7358653
comments c,votes v#c.UserId=v.UserId#v.BountyAmount,>=,0,v.CreationDate,>=,1280275200#507536
comments c,votes v#c.UserId=v.UserId#c.Score,=,0,v.BountyAmount,<=,50#243008
comments c,votes v#c.UserId=v.UserId#v.BountyAmount,<=,50,v.CreationDate,>=,1279584000#356545
comments c,votes v#c.UserId=v.UserId#c.Score,=,0,c.CreationDate,<=,1409768209#7386926
comments c,votes v#c.UserId=v.UserId#c.Score,=,2,v.BountyAmount,<=,50#25269
comments c,votes v#c.UserId=v.UserId#c.CreationDate,<=,1410001700,v.CreationDate,>=,1281916800#10876928
comments c,votes v#c.UserId=v.UserId#c.Score,=,1,v.CreationDate,<=,1410480000#2202045
comments c,votes v#c.UserId=v.UserId#c.Score,=,0,v.CreationDate,>=,1279584000#7491389
comments c,votes v#c.UserId=v.UserId#c.Score,=,2,v.CreationDate,<=,1409184000#781604
comments c,votes v#c.UserId=v.UserId#c.CreationDate,>=,1279962575,c.CreationDate,<=,1410513198#11003348
comments c,votes v#c.UserId=v.UserId#v.BountyAmount,>=,0,v.CreationDate,<=,1410393600#508105
comments c,votes v#c.UserId=v.UserId#c.CreationDate,>=,1280916550,c.CreationDate,<=,1410201064#10925726
comments c,votes v#c.UserId=v.UserId#c.CreationDate,<=,1410086386,v.CreationDate,>=,1279670400#10939041
comments c,votes v#c.UserId=v.UserId#c.Score,=,1,v.CreationDate,>=,1280188800#2199950
comments c,votes v#c.UserId=v.UserId#c.Score,=,0,v.CreationDate,=,1337126400#1291
comments c,votes v#c.UserId=v.UserId#c.Score,=,0,c.CreationDate,>=,1279740245#7488496
comments c,votes v#c.UserId=v.UserId#c.Score,=,0,v.CreationDate,<=,1410307200#7489678
comments c,votes v#c.UserId=v.UserId#v.BountyAmount,>=,0,v.BountyAmount,<=,100#459507
comments c,votes v#c.UserId=v.UserId#c.Score,=,0,v.VoteTypeId,=,5#7144898
comments c,votes v#c.UserId=v.UserId#c.Score,=,0,v.BountyAmount,<=,50#243008
comments c,votes v#c.UserId=v.UserId#c.CreationDate,>=,1284278435,v.CreationDate,=,1405209600#645
comments c,votes v#c.UserId=v.UserId#c.CreationDate,>=,1280729601,c.CreationDate,<=,1410656849#11003988
comments c,votes v#c.UserId=v.UserId#v.CreationDate,>=,1280188800,v.CreationDate,<=,1410307200#11013430
comments c,votes v#c.UserId=v.UserId#c.Score,=,0,v.CreationDate,>=,1279497600#7491903
comments c,votes v#c.UserId=v.UserId#c.CreationDate,>=,1282785310,v.CreationDate,>=,1280016000#10940385
comments c,votes v#c.UserId=v.UserId#c.CreationDate,>=,1280255791,c.CreationDate,<=,1409254827#10777963
comments c,votes v#c.UserId=v.UserId#v.CreationDate,>=,1279497600,v.CreationDate,<=,1410393600#11029918
comments c,votes v#c.UserId=v.UserId#v.CreationDate,>=,1280016000,v.CreationDate,<=,1410480000#11020931
comments c,votes v#c.UserId=v.UserId#c.Score,=,0,c.CreationDate,>=,1283967595#7404105
comments c,votes v#c.UserId=v.UserId#c.Score,=,0,c.CreationDate,<=,1410539422#7480840
comments c,votes v#c.UserId=v.UserId#c.Score,=,0,c.CreationDate,<=,1410558500#7483426
comments c,votes v#c.UserId=v.UserId#v.BountyAmount,>=,0,v.CreationDate,<=,1410480000#508114
comments c,votes v#c.UserId=v.UserId#c.Score,=,1,v.BountyAmount,<=,100#91188
comments c,votes v#c.UserId=v.UserId#c.Score,=,0,v.BountyAmount,<=,200#344741
comments c,votes v#c.UserId=v.UserId#v.BountyAmount,<=,100,v.CreationDate,>=,1279929600#459507
comments c,votes v#c.UserId=v.UserId#c.Score,=,0,c.CreationDate,<=,1410528188#7479761
comments c,votes v#c.UserId=v.UserId#v.BountyAmount,<=,50,v.CreationDate,<=,1410480000#356545
comments c,votes v#c.UserId=v.UserId#c.Score,=,1,v.BountyAmount,<=,50#71021
comments c,votes v#c.UserId=v.UserId#v.CreationDate,>=,1279584000,v.CreationDate,<=,1410393600#11029146
comments c,votes v#c.UserId=v.UserId#c.Score,=,0,v.CreationDate,>=,1279584000#7491389
comments c,votes v#c.UserId=v.UserId#c.Score,=,0,v.BountyAmount,>=,0#347005
comments c,votes v#c.UserId=v.UserId#c.Score,=,0,v.CreationDate,>=,1279670400#7490640
comments c,votes v#c.UserId=v.UserId#c.Score,=,0,c.CreationDate,=,1386115481#65
comments c,votes v#c.UserId=v.UserId#v.BountyAmount,>=,0,v.BountyAmount,<=,50#356545
comments c,votes v#c.UserId=v.UserId#c.Score,=,0,c.CreationDate,<=,1410365005#7461024
comments c,votes v#c.UserId=v.UserId#c.Score,=,0,v.VoteTypeId,=,5#7144898
comments c,votes v#c.UserId=v.UserId#c.Score,=,0,c.CreationDate,>=,1279576604#7491451
comments c,votes v#c.UserId=v.UserId#v.BountyAmount,>=,0,v.BountyAmount,<=,250#506581
comments c,votes v#c.UserId=v.UserId#c.Score,=,0,c.CreationDate,<=,1409772400#7387047
comments c,votes v#c.UserId=v.UserId#c.Score,=,0,v.CreationDate,>=,1233532800#7491903
comments c,votes v#c.UserId=v.UserId#c.Score,=,0,v.CreationDate,<=,1410566400#7491888
comments c,votes v#c.UserId=v.UserId#v.BountyAmount,>=,0,v.CreationDate,<=,1410307200#508105
comments c,votes v#c.UserId=v.UserId#c.CreationDate,<=,1410446696,v.BountyAmount,>=,0#506789
comments c,votes v#c.UserId=v.UserId#c.CreationDate,<=,1410473786,v.CreationDate,=,1409616000#1111
comments c,votes v#c.UserId=v.UserId#c.CreationDate,>=,1279670840,v.CreationDate,>=,1279670400#11024960
comments c,votes v#c.UserId=v.UserId#c.CreationDate,>=,1280237773,c.CreationDate,<=,1410527993#10999210
comments c,votes v#c.UserId=v.UserId#v.BountyAmount,>=,0,v.BountyAmount,<=,50#356545
comments c,votes v#c.UserId=v.UserId#c.Score,=,3,c.CreationDate,<=,1410576446#301851
comments c,votes v#c.UserId=v.UserId#c.Score,=,0,v.VoteTypeId,=,5#7144898
comments c,votes v#c.UserId=v.UserId#c.Score,=,0,v.CreationDate,>=,1279584000#7491389
comments c,votes v#c.UserId=v.UserId#c.CreationDate,>=,1280412665,c.CreationDate,<=,1410277906#10949070
comments c,votes v#c.UserId=v.UserId#c.Score,=,0,v.CreationDate,<=,1410480000#7491297
comments c,votes v#c.UserId=v.UserId#c.Score,=,0,v.BountyAmount,>=,0#347005
comments c,votes v#c.UserId=v.UserId#v.BountyAmount,>=,0,v.CreationDate,<=,1410220800#508069
comments c,votes v#c.UserId=v.UserId#c.CreationDate,>=,1279723653,c.CreationDate,<=,1410129389#10939448
comments c,votes v#c.UserId=v.UserId#c.Score,=,1,c.CreationDate,>=,1281405113#2193815
comments c,votes v#c.UserId=v.UserId#c.Score,=,0,v.CreationDate,<=,1410220800#7487832
comments c,votes v#c.UserId=v.UserId#c.Score,=,0,v.BountyAmount,<=,200#344741
comments c,votes v#c.UserId=v.UserId#c.Score,=,0,v.BountyAmount,>=,0#347005
comments c,votes v#c.UserId=v.UserId#c.Score,=,0,v.BountyAmount,>=,0#347005
comments c,votes v#c.UserId=v.UserId#v.BountyAmount,<=,100,v.CreationDate,>=,1279670400#459507
comments c,votes v#c.UserId=v.UserId#c.Score,=,0,v.CreationDate,>=,1279584000#7491389
comments c,votes v#c.UserId=v.UserId#v.CreationDate,>=,1278720000,v.CreationDate,<=,1409788800#10977327
comments c,votes v#c.UserId=v.UserId#c.Score,=,0,c.CreationDate,>=,1279681094#7489491
comments c,votes v#c.UserId=v.UserId#c.CreationDate,>=,1280916769,c.CreationDate,<=,1410250027#10933112
comments c,votes v#c.UserId=v.UserId#c.Score,=,0,c.CreationDate,<=,1410528633#7479774
comments c,votes v#c.UserId=v.UserId#c.CreationDate,>=,1281026916,v.BountyAmount,>=,0#507635
comments c,votes v#c.UserId=v.UserId#c.Score,=,0,v.CreationDate,>=,1279584000#7491389
comments c,votes v#c.UserId=v.UserId#v.BountyAmount,>=,0,v.BountyAmount,<=,100#459507
comments c,votes v#c.UserId=v.UserId#c.Score,=,0,v.CreationDate,>=,1279670400#7490640
comments c,votes v#c.UserId=v.UserId#c.CreationDate,<=,1410426190,v.CreationDate,>=,1280102400#10988049
comments c,votes v#c.UserId=v.UserId#c.Score,=,0,v.BountyAmount,<=,100#314106
comments c,votes v#c.UserId=v.UserId#c.Score,=,1,v.BountyAmount,<=,150#94832
comments c,votes v#c.UserId=v.UserId#v.BountyAmount,>=,0,v.CreationDate,>=,1280102400#508114
comments c,votes v#c.UserId=v.UserId#v.BountyAmount,>=,0,v.CreationDate,>=,1233532800#508124
comments c,votes v#c.UserId=v.UserId#c.CreationDate,>=,1279805913,v.BountyAmount,>=,0#507969
comments c,votes v#c.UserId=v.UserId#c.CreationDate,>=,1282482961,v.VoteTypeId,=,5#10452682
comments c,votes v#c.UserId=v.UserId#c.CreationDate,<=,1410527930,v.BountyAmount,>=,0#507345
comments c,votes v#c.UserId=v.UserId#v.CreationDate,>=,1233532800,v.CreationDate,<=,1410307200#11028660
comments c,votes v#c.UserId=v.UserId#c.Score,=,0,v.CreationDate,=,1317513600#2
comments c,votes v#c.UserId=v.UserId#c.Score,=,1,c.CreationDate,<=,1410045068#2183964
comments c,votes v#c.UserId=v.UserId#c.CreationDate,>=,1280631279,v.CreationDate,=,1335657600#7255
comments c,votes v#c.UserId=v.UserId#c.CreationDate,>=,1280340890,v.VoteTypeId,=,5#10503796
comments c,votes v#c.UserId=v.UserId#c.Score,=,0,v.CreationDate,<=,1410566400#7491888
comments c,votes v#c.UserId=v.UserId#c.Score,=,0,v.BountyAmount,>=,0#347005
comments c,votes v#c.UserId=v.UserId#c.Score,=,1,v.CreationDate,>=,1279497600#2202146
comments c,votes v#c.UserId=v.UserId#c.Score,=,0,v.BountyAmount,>=,0#347005
comments c,votes v#c.UserId=v.UserId#c.CreationDate,>=,1279998518,c.CreationDate,<=,1410188178#10944992
comments c,votes v#c.UserId=v.UserId#c.CreationDate,>=,1284509345,c.CreationDate,<=,1410384287#10846347
comments c,votes v#c.UserId=v.UserId#v.CreationDate,>=,1279670400,v.CreationDate,<=,1410393600#11028086
comments c,votes v#c.UserId=v.UserId#c.CreationDate,>=,1279567228,c.CreationDate,<=,1409955442#10923715
comments c,votes v#c.UserId=v.UserId#c.CreationDate,>=,1280253561,c.CreationDate,<=,1410523231#10997761
comments c,votes v#c.UserId=v.UserId#c.Score,=,2,v.CreationDate,>=,1279670400#787925
comments c,votes v#c.UserId=v.UserId#c.Score,=,0,c.CreationDate,>=,1282838254#7430868
comments c,votes v#c.UserId=v.UserId#v.CreationDate,>=,1233532800,v.CreationDate,<=,1410480000#11030585
comments c,votes v#c.UserId=v.UserId#c.CreationDate,>=,1279575528,c.CreationDate,<=,1410285172#10971071
comments c,votes v#c.UserId=v.UserId#v.BountyAmount,>=,0,v.BountyAmount,<=,100#459507
comments c,votes v#c.UserId=v.UserId#c.CreationDate,<=,1410632617,v.CreationDate,>=,1279670400#11026315
comments c,votes v#c.UserId=v.UserId#c.CreationDate,>=,1280216792,v.CreationDate,=,1321747200#1763
comments c,votes v#c.UserId=v.UserId#c.Score,=,0,v.BountyAmount,>=,0#347005
comments c,votes v#c.UserId=v.UserId#v.BountyAmount,<=,50,v.CreationDate,>=,1279670400#356545
comments c,votes v#c.UserId=v.UserId#c.CreationDate,<=,1410646831,v.CreationDate,>=,1279756800#11026247
comments c,votes v#c.UserId=v.UserId#c.Score,=,0,v.BountyAmount,<=,100#314106
comments c,votes v#c.UserId=v.UserId#c.Score,=,0,v.BountyAmount,>=,0#347005
comments c,votes v#c.UserId=v.UserId#v.BountyAmount,>=,0,v.CreationDate,>=,1280102400#508114
comments c,votes v#c.UserId=v.UserId#v.VoteTypeId,=,5,v.CreationDate,>=,1280102400#10509737
comments c,votes v#c.UserId=v.UserId#v.BountyAmount,>=,0,v.BountyAmount,<=,50#356545
comments c,votes v#c.UserId=v.UserId#v.BountyAmount,>=,0,v.CreationDate,=,1335398400#436
comments c,votes v#c.UserId=v.UserId#v.CreationDate,>=,1279670400,v.CreationDate,<=,1410393600#11028086
comments c,votes v#c.UserId=v.UserId#c.CreationDate,>=,1281469002,v.BountyAmount,<=,50#356007
comments c,votes v#c.UserId=v.UserId#c.Score,=,0,v.BountyAmount,>=,0#347005
comments c,votes v#c.UserId=v.UserId#c.CreationDate,>=,1282140579,c.CreationDate,<=,1410058973#10880782
comments c,votes v#c.UserId=v.UserId#c.CreationDate,>=,1279719473,v.BountyAmount,>=,0#507992
comments c,votes v#c.UserId=v.UserId#c.CreationDate,>=,1279572833,c.CreationDate,<=,1410481243#11008389
comments c,votes v#c.UserId=v.UserId#v.VoteTypeId,=,5,v.CreationDate,<=,1410566400#10523185
comments c,votes v#c.UserId=v.UserId#c.Score,=,3,v.CreationDate,>=,1279584000#301897
comments c,votes v#c.UserId=v.UserId#c.Score,=,0,v.BountyAmount,<=,100#314106
comments c,votes v#c.UserId=v.UserId#c.Score,=,0,c.CreationDate,<=,1410545253#7482157
comments c,votes v#c.UserId=v.UserId#c.CreationDate,>=,1280848839,v.BountyAmount,>=,0#507729
comments c,votes v#c.UserId=v.UserId#c.Score,=,0,v.BountyAmount,>=,0#347005
comments c,votes v#c.UserId=v.UserId#c.Score,=,0,v.CreationDate,=,1393804800#3936
comments c,votes v#c.UserId=v.UserId#c.Score,=,0,c.CreationDate,>=,1281987450#7455571
comments c,votes v#c.UserId=v.UserId#c.Score,=,0,v.BountyAmount,>=,0#347005
comments c,votes v#c.UserId=v.UserId#v.CreationDate,>=,1279497600,v.CreationDate,<=,1410220800#11026020
comments c,votes v#c.UserId=v.UserId#v.BountyAmount,>=,0,v.CreationDate,>=,1279497600#508124
comments c,votes v#c.UserId=v.UserId#c.CreationDate,>=,1279572406,c.CreationDate,<=,1410170901#10951813
comments c,votes v#c.UserId=v.UserId#v.BountyAmount,>=,0,v.BountyAmount,<=,50#356545
comments c,votes v#c.UserId=v.UserId#c.Score,=,0,v.BountyAmount,>=,0#347005
comments c,votes v#c.UserId=v.UserId#c.Score,=,2,v.CreationDate,<=,1410566400#788063
comments c,votes v#c.UserId=v.UserId#c.CreationDate,<=,1409789922,v.BountyAmount,>=,0#500909
comments c,votes v#c.UserId=v.UserId#v.CreationDate,>=,1279584000,v.CreationDate,<=,1410393600#11029146
comments c,votes v#c.UserId=v.UserId#c.Score,=,0,v.BountyAmount,<=,100#314106
comments c,votes v#c.UserId=v.UserId#v.BountyAmount,>=,0,v.CreationDate,<=,1410480000#508114
comments c,votes v#c.UserId=v.UserId#c.Score,=,0,c.CreationDate,>=,1281097299#7466488
comments c,votes v#c.UserId=v.UserId#c.CreationDate,>=,1281044807,c.CreationDate,<=,1410361778#10948255
comments c,votes v#c.UserId=v.UserId#v.CreationDate,>=,1279584000,v.CreationDate,<=,1410393600#11029146
comments c,votes v#c.UserId=v.UserId#c.Score,=,0,c.CreationDate,>=,1282024740#7454304
comments c,votes v#c.UserId=v.UserId#c.Score,=,0,v.CreationDate,<=,1410393600#7490735
comments c,votes v#c.UserId=v.UserId#c.Score,=,0,v.VoteTypeId,=,5#7144898
comments c,votes v#c.UserId=v.UserId#v.CreationDate,>=,1279584000,v.CreationDate,<=,1410480000#11029813
comments c,votes v#c.UserId=v.UserId#v.BountyAmount,>=,0,v.BountyAmount,<=,50#356545
comments c,votes v#c.UserId=v.UserId#c.CreationDate,<=,1410355027,v.CreationDate,<=,1410480000#10985144
comments c,votes v#c.UserId=v.UserId#c.Score,=,0,v.CreationDate,>=,1279584000#7491389
comments c,votes v#c.UserId=v.UserId#c.Score,=,0,v.BountyAmount,>=,0#347005
comments c,votes v#c.UserId=v.UserId#c.CreationDate,>=,1281902979,c.CreationDate,<=,1409741875#10827769
comments c,votes v#c.UserId=v.UserId#c.Score,=,0,v.CreationDate,<=,1409184000#7425169
comments c,votes v#c.UserId=v.UserId#c.Score,=,0,v.CreationDate,<=,1410307200#7489678
comments c,votes v#c.UserId=v.UserId#c.Score,=,0,v.CreationDate,>=,1280188800#7480616
comments c,votes v#c.UserId=v.UserId#c.CreationDate,<=,1410522491,v.CreationDate,<=,1410480000#11014326
comments c,votes v#c.UserId=v.UserId#c.Score,=,0,c.CreationDate,>=,1282200453#7449594
comments c,votes v#c.UserId=v.UserId#c.Score,=,0,v.CreationDate,=,1355184000#2211
comments c,votes v#c.UserId=v.UserId#c.Score,=,0,v.CreationDate,>=,1279584000#7491389
comments c,votes v#c.UserId=v.UserId#c.Score,=,1,v.CreationDate,>=,1279584000#2202029
comments c,votes v#c.UserId=v.UserId#c.Score,=,0,v.CreationDate,<=,1410480000#7491297
comments c,votes v#c.UserId=v.UserId#c.Score,=,0,c.CreationDate,<=,1410571576#7484938
comments c,votes v#c.UserId=v.UserId#c.Score,=,0,v.BountyAmount,>=,0#347005
comments c,votes v#c.UserId=v.UserId#v.CreationDate,>=,1279584000,v.CreationDate,<=,1410393600#11029146
comments c,votes v#c.UserId=v.UserId#c.CreationDate,<=,1409555740,v.BountyAmount,>=,0#498673
comments c,votes v#c.UserId=v.UserId#c.CreationDate,>=,1280357968,c.CreationDate,<=,1410377255#10970240
comments c,votes v#c.UserId=v.UserId#v.CreationDate,>=,1279670400,v.CreationDate,<=,1410220800#11024188
comments c,votes v#c.UserId=v.UserId#v.CreationDate,>=,1279929600,v.CreationDate,<=,1410393600#11020416
comments c,votes v#c.UserId=v.UserId#c.CreationDate,<=,1410658912,v.CreationDate,=,1389657600#1183
comments c,votes v#c.UserId=v.UserId#c.CreationDate,>=,1279568687,v.CreationDate,>=,1233532800#11031057
comments c,votes v#c.UserId=v.UserId#v.CreationDate,>=,1279584000,v.CreationDate,<=,1410220800#11025248
comments c,votes v#c.UserId=v.UserId#v.BountyAmount,>=,0,v.CreationDate,<=,1410480000#508114
comments c,votes v#c.UserId=v.UserId#v.CreationDate,>=,1279497600,v.CreationDate,<=,1410393600#11029918
comments c,votes v#c.UserId=v.UserId#v.CreationDate,>=,1280016000,v.CreationDate,<=,1409875200#10970417
comments c,votes v#c.UserId=v.UserId#c.Score,=,0,v.CreationDate,<=,1410134400#7470258
comments c,votes v#c.UserId=v.UserId#v.BountyAmount,<=,50,v.CreationDate,<=,1410393600#356536
comments c,votes v#c.UserId=v.UserId#c.CreationDate,<=,1410383596,v.BountyAmount,>=,0#506225
comments c,votes v#c.UserId=v.UserId#c.CreationDate,<=,1409774988,v.BountyAmount,>=,0#500658
comments c,votes v#c.UserId=v.UserId#c.Score,=,0,c.CreationDate,<=,1410135734#7430260
comments c,votes v#c.UserId=v.UserId#v.CreationDate,>=,1279670400,v.CreationDate,<=,1410480000#11028753
comments c,votes v#c.UserId=v.UserId#c.CreationDate,<=,1409777101,v.BountyAmount,<=,100#452757
comments c,votes v#c.UserId=v.UserId#c.Score,=,0,v.CreationDate,<=,1410220800#7487832
comments c,votes v#c.UserId=v.UserId#v.CreationDate,>=,1279497600,v.CreationDate,<=,1410220800#11026020
comments c,votes v#c.UserId=v.UserId#c.Score,=,0,v.CreationDate,>=,1233532800#7491903
comments c,votes v#c.UserId=v.UserId#c.CreationDate,>=,1279822869,c.CreationDate,<=,1410380476#10982461
comments c,votes v#c.UserId=v.UserId#c.CreationDate,<=,1410203554,v.CreationDate,=,1392595200#3852
comments c,votes v#c.UserId=v.UserId#c.CreationDate,>=,1280431026,v.CreationDate,>=,1279584000#11008494
comments c,votes v#c.UserId=v.UserId#c.Score,=,0,c.CreationDate,>=,1280043464#7485557
comments c,votes v#c.UserId=v.UserId#c.Score,=,0,c.CreationDate,>=,1279964423#7486031
comments c,votes v#c.UserId=v.UserId#c.Score,=,0,v.CreationDate,>=,1279670400#7490640
comments c,votes v#c.UserId=v.UserId#v.CreationDate,>=,1279670400,v.CreationDate,<=,1410393600#11028086
comments c,votes v#c.UserId=v.UserId#v.CreationDate,>=,1280361600,v.CreationDate,<=,1410393600#11003189
comments c,votes v#c.UserId=v.UserId#c.Score,=,0,c.CreationDate,<=,1409870340#7402371
comments c,votes v#c.UserId=v.UserId#c.CreationDate,>=,1281487062,c.CreationDate,<=,1410304717#10929394
comments c,votes v#c.UserId=v.UserId#c.Score,=,0,v.BountyAmount,<=,50#243008
comments c,votes v#c.UserId=v.UserId#c.Score,=,0,v.BountyAmount,<=,100#314106
comments c,votes v#c.UserId=v.UserId#v.CreationDate,>=,1279670400,v.CreationDate,<=,1410480000#11028753
comments c,votes v#c.UserId=v.UserId#c.CreationDate,<=,1410260040,v.CreationDate,<=,1410566400#10967299
comments c,votes v#c.UserId=v.UserId#c.CreationDate,>=,1279701938,v.CreationDate,>=,1279497600#11025451
comments c,votes v#c.UserId=v.UserId#c.CreationDate,>=,1280220751,c.CreationDate,<=,1409312734#10790182
comments c,votes v#c.UserId=v.UserId#v.BountyAmount,>=,0,v.BountyAmount,<=,50#356545
comments c,votes v#c.UserId=v.UserId#c.CreationDate,>=,1280175774,v.BountyAmount,>=,0#507890
comments c,votes v#c.UserId=v.UserId#c.Score,=,0,v.BountyAmount,<=,200#344741
comments c,votes v#c.UserId=v.UserId#c.Score,=,0,c.CreationDate,>=,1280729359#7474558
comments c,votes v#c.UserId=v.UserId#c.Score,=,0,v.CreationDate,<=,1409961600#7458140
comments c,votes v#c.UserId=v.UserId#c.Score,=,2,v.BountyAmount,>=,0#35785
comments c,votes v#c.UserId=v.UserId#c.CreationDate,>=,1280793130,c.CreationDate,<=,1410296888#10944846
comments c,votes v#c.UserId=v.UserId#c.Score,=,0,c.CreationDate,<=,1410642537#7490263
comments c,votes v#c.UserId=v.UserId#v.BountyAmount,>=,0,v.BountyAmount,<=,100#459507
comments c,votes v#c.UserId=v.UserId#v.CreationDate,>=,1280966400,v.CreationDate,<=,1409788800#10940787
comments c,votes v#c.UserId=v.UserId#c.CreationDate,<=,1409689422,v.CreationDate,<=,1410566400#10867793
comments c,votes v#c.UserId=v.UserId#c.Score,=,1,c.CreationDate,<=,1410440124#2196226
comments c,votes v#c.UserId=v.UserId#c.Score,=,0,v.BountyAmount,>=,0#347005
comments c,votes v#c.UserId=v.UserId#c.CreationDate,>=,1279670693,v.CreationDate,=,1405468800#1150
comments c,votes v#c.UserId=v.UserId#c.Score,=,0,c.CreationDate,<=,1409947601#7413523
comments c,votes v#c.UserId=v.UserId#c.CreationDate,>=,1280228667,c.CreationDate,<=,1409350382#10796823
comments c,votes v#c.UserId=v.UserId#c.Score,=,0,v.VoteTypeId,=,5#7144898
comments c,votes v#c.UserId=v.UserId#c.Score,=,0,v.BountyAmount,>=,0#347005
comments c,votes v#c.UserId=v.UserId#c.CreationDate,=,1368417051,v.BountyAmount,<=,50#19
comments c,votes v#c.UserId=v.UserId#c.CreationDate,<=,1410630988,v.CreationDate,>=,1279584000#11027367
comments c,votes v#c.UserId=v.UserId#c.Score,=,0,v.CreationDate,>=,1279670400#7490640
comments c,votes v#c.UserId=v.UserId#c.Score,=,0,v.CreationDate,>=,1274227200#7491903
comments c,votes v#c.UserId=v.UserId#v.BountyAmount,>=,0,v.CreationDate,>=,1279584000#508124
comments c,votes v#c.UserId=v.UserId#c.Score,=,1,v.CreationDate,<=,1410480000#2202045
comments c,votes v#c.UserId=v.UserId#c.Score,=,0,v.BountyAmount,<=,100#314106
comments c,votes v#c.UserId=v.UserId#v.CreationDate,>=,1279670400,v.CreationDate,<=,1409875200#10978239
comments c,votes v#c.UserId=v.UserId#c.Score,=,0,v.BountyAmount,<=,100#314106
comments c,votes v#c.UserId=v.UserId#c.Score,=,0,c.CreationDate,<=,1410642637#7490357
comments c,votes v#c.UserId=v.UserId#c.CreationDate,>=,1281673703,c.CreationDate,<=,1410284376#10921061
comments c,votes v#c.UserId=v.UserId#v.BountyAmount,<=,200,v.CreationDate,>=,1279670400#505064
comments c,votes v#c.UserId=v.UserId#c.Score,=,2,c.CreationDate,>=,1279605239#787830
comments c,votes v#c.UserId=v.UserId#c.CreationDate,>=,1279569040,c.CreationDate,<=,1409050868#10760205
comments c,votes v#c.UserId=v.UserId#c.CreationDate,>=,1280234116,c.CreationDate,<=,1410644364#11013310
comments c,votes v#c.UserId=v.UserId#v.CreationDate,>=,1279670400,v.CreationDate,<=,1409788800#10975495
comments c,votes v#c.UserId=v.UserId#c.CreationDate,<=,1410420451,v.BountyAmount,>=,0#506702
comments c,votes v#c.UserId=v.UserId#c.Score,=,1,v.CreationDate,=,1379548800#2311
comments c,votes v#c.UserId=v.UserId#c.Score,=,0,v.CreationDate,>=,1279843200#7485451
comments c,votes v#c.UserId=v.UserId#c.CreationDate,<=,1409840967,v.CreationDate,<=,1410220800#10896837
comments c,votes v#c.UserId=v.UserId#v.BountyAmount,>=,0,v.CreationDate,>=,1280016000#508114
comments c,votes v#c.UserId=v.UserId#c.Score,=,1,v.BountyAmount,>=,0#100873
comments c,votes v#c.UserId=v.UserId#c.Score,=,1,v.CreationDate,>=,1233532800#2202146
comments c,votes v#c.UserId=v.UserId#c.Score,=,1,c.CreationDate,>=,1279569745#2201792
comments c,votes v#c.UserId=v.UserId#v.BountyAmount,>=,0,v.BountyAmount,<=,100#459507
comments c,votes v#c.UserId=v.UserId#v.CreationDate,>=,1279584000,v.CreationDate,<=,1410220800#11025248
comments c,votes v#c.UserId=v.UserId#c.Score,=,0,v.BountyAmount,<=,100#314106
comments c,votes v#c.UserId=v.UserId#v.BountyAmount,>=,0,v.BountyAmount,<=,50#356545
comments c,votes v#c.UserId=v.UserId#c.CreationDate,>=,1280341105,c.CreationDate,<=,1410423576#10981749
comments c,votes v#c.UserId=v.UserId#c.Score,=,0,v.BountyAmount,<=,400#346712
comments c,votes v#c.UserId=v.UserId#c.Score,=,0,v.CreationDate,<=,1410307200#7489678
comments c,votes v#c.UserId=v.UserId#c.Score,=,0,v.CreationDate,=,1392336000#8019
comments c,votes v#c.UserId=v.UserId#v.CreationDate,>=,1279843200,v.CreationDate,<=,1410220800#11017031
comments c,votes v#c.UserId=v.UserId#c.Score,=,0,v.CreationDate,=,1383264000#6578
comments c,votes v#c.UserId=v.UserId#c.Score,=,0,c.CreationDate,>=,1279572833#7491678
comments c,votes v#c.UserId=v.UserId#v.BountyAmount,<=,50,v.CreationDate,<=,1410480000#356545
comments c,votes v#c.UserId=v.UserId#v.BountyAmount,>=,0,v.BountyAmount,<=,50#356545
comments c,votes v#c.UserId=v.UserId#c.CreationDate,>=,1279589382,c.CreationDate,<=,1410257806#10964333
comments c,votes v#c.UserId=v.UserId#c.Score,=,0,v.CreationDate,>=,1279584000#7491389
comments c,votes v#c.UserId=v.UserId#c.CreationDate,>=,1280704404,v.CreationDate,>=,1279497600#11004900
comments c,votes v#c.UserId=v.UserId#v.CreationDate,>=,1236038400,v.CreationDate,<=,1410307200#11028660
comments c,votes v#c.UserId=v.UserId#c.Score,=,0,v.CreationDate,>=,1279584000#7491389
comments c,votes v#c.UserId=v.UserId#c.Score,=,0,v.CreationDate,<=,1410480000#7491297
comments c,votes v#c.UserId=v.UserId#c.CreationDate,<=,1410220198,v.CreationDate,>=,1279670400#10958408
comments c,votes v#c.UserId=v.UserId#c.Score,=,0,v.CreationDate,<=,1410480000#7491297
comments c,votes v#c.UserId=v.UserId#c.Score,=,0,v.BountyAmount,>=,0#347005
comments c,votes v#c.UserId=v.UserId#c.CreationDate,>=,1283980639,v.CreationDate,<=,1410480000#10905376
comments c,votes v#c.UserId=v.UserId#c.CreationDate,<=,1410491626,v.VoteTypeId,=,5#10503367
comments c,votes v#c.UserId=v.UserId#c.Score,=,0,v.CreationDate,>=,1279497600#7491903
comments c,votes v#c.UserId=v.UserId#c.Score,=,0,v.CreationDate,>=,1279497600#7491903
comments c,votes v#c.UserId=v.UserId#c.CreationDate,<=,1410351530,v.BountyAmount,<=,50#354888
comments c,votes v#c.UserId=v.UserId#c.CreationDate,=,1313492924,v.CreationDate,>=,1280361600#66
comments c,votes v#c.UserId=v.UserId#c.Score,=,0,v.CreationDate,<=,1410393600#7490735
comments c,votes v#c.UserId=v.UserId#v.BountyAmount,<=,50,v.CreationDate,<=,1410480000#356545
comments c,votes v#c.UserId=v.UserId#c.Score,=,0,c.CreationDate,=,1347655226#320
comments c,votes v#c.UserId=v.UserId#c.Score,=,1,c.CreationDate,>=,1280512764#2198161
comments c,votes v#c.UserId=v.UserId#c.Score,=,0,c.CreationDate,<=,1410387975#7463610
badges b,posts p#b.UserId=p.OwnerUserId#p.FavoriteCount,<=,12,p.CreationDate,<=,1410345840#203292
badges b,posts p#b.UserId=p.OwnerUserId#p.PostTypeId,=,1,p.Score,<=,23#439525
badges b,posts p#b.UserId=p.OwnerUserId#p.PostTypeId,=,2,p.CreationDate,>=,1280330678#3082412
badges b,posts p#b.UserId=p.OwnerUserId#p.PostTypeId,=,1,p.ViewCount,>=,0#452644
badges b,posts p#b.UserId=p.OwnerUserId#p.PostTypeId,=,1,p.Score,=,3#52417
badges b,posts p#b.UserId=p.OwnerUserId#p.ViewCount,>=,0,p.ViewCount,<=,3254#422000
badges b,posts p#b.UserId=p.OwnerUserId#b.Date,>=,1279568349,p.AnswerCount,>=,0#452513
badges b,posts p#b.UserId=p.OwnerUserId#p.FavoriteCount,<=,10,p.CreationDate,<=,1410052452#200205
badges b,posts p#b.UserId=p.OwnerUserId#p.AnswerCount,>=,0,p.CommentCount,=,0#173734
badges b,posts p#b.UserId=p.OwnerUserId#p.FavoriteCount,>=,0,p.CreationDate,<=,1410498132#217453
badges b,posts p#b.UserId=p.OwnerUserId#p.Score,<=,12,p.ViewCount,>=,0#413259
badges b,posts p#b.UserId=p.OwnerUserId#p.AnswerCount,>=,0,p.AnswerCount,<=,3#411961
badges b,posts p#b.UserId=p.OwnerUserId#b.Date,<=,1409611113,p.FavoriteCount,=,0#8883
badges b,posts p#b.UserId=p.OwnerUserId#p.Score,>=,-1,p.AnswerCount,>=,0#451517
badges b,posts p#b.UserId=p.OwnerUserId#p.ViewCount,>=,0,p.AnswerCount,<=,4#430319
badges b,posts p#b.UserId=p.OwnerUserId#b.Date,>=,1281675000,p.FavoriteCount,<=,2#133804
badges b,posts p#b.UserId=p.OwnerUserId#p.Score,<=,30,p.FavoriteCount,<=,5#178375
badges b,posts p#b.UserId=p.OwnerUserId#p.AnswerCount,>=,0,p.AnswerCount,<=,13#450045
badges b,posts p#b.UserId=p.OwnerUserId#p.CommentCount,>=,0,p.CreationDate,=,1408739941#17
badges b,posts p#b.UserId=p.OwnerUserId#p.AnswerCount,>=,0,p.CommentCount,=,1#58156
badges b,posts p#b.UserId=p.OwnerUserId#p.Score,>=,-1,p.Score,<=,27#3679409
badges b,posts p#b.UserId=p.OwnerUserId#p.ViewCount,<=,7537,p.FavoriteCount,<=,10#194857
badges b,posts p#b.UserId=p.OwnerUserId#b.Date,<=,1409688587,p.FavoriteCount,<=,5#177166
badges b,posts p#b.UserId=p.OwnerUserId#p.ViewCount,>=,0,p.CommentCount,=,7#13038
badges b,posts p#b.UserId=p.OwnerUserId#p.PostTypeId,=,1,p.CreationDate,>=,1281037313#443660
badges b,posts p#b.UserId=p.OwnerUserId#p.AnswerCount,<=,3,p.CreationDate,>=,1279574120#411666
badges b,posts p#b.UserId=p.OwnerUserId#p.PostTypeId,=,2,p.CommentCount,=,6#98870
badges b,posts p#b.UserId=p.OwnerUserId#b.Date,>=,1279695193,p.PostTypeId,=,2#3104002
badges b,posts p#b.UserId=p.OwnerUserId#p.ViewCount,>=,0,p.ViewCount,<=,9390#444384
badges b,posts p#b.UserId=p.OwnerUserId#b.Date,=,1367685366,p.ViewCount,>=,0#8
badges b,posts p#b.UserId=p.OwnerUserId#p.PostTypeId,=,1,p.Score,>=,-1#451517
badges b,posts p#b.UserId=p.OwnerUserId#p.ViewCount,<=,18883,p.FavoriteCount,<=,12#202229
badges b,posts p#b.UserId=p.OwnerUserId#p.PostTypeId,=,1,p.CommentCount,=,1#58156
badges b,posts p#b.UserId=p.OwnerUserId#b.Date,<=,1409589975,p.PostTypeId,=,2#3067050
badges b,posts p#b.UserId=p.OwnerUserId#p.ViewCount,>=,0,p.CreationDate,=,1351611340#2
badges b,posts p#b.UserId=p.OwnerUserId#p.PostTypeId,=,1,p.AnswerCount,=,2#98199
badges b,posts p#b.UserId=p.OwnerUserId#p.Score,>=,-2,p.ViewCount,>=,0#452079
badges b,posts p#b.UserId=p.OwnerUserId#p.Score,>=,0,p.CommentCount,>=,0#3716905
badges b,posts p#b.UserId=p.OwnerUserId#p.ViewCount,>=,0,p.FavoriteCount,<=,3#157610
badges b,posts p#b.UserId=p.OwnerUserId#b.Date,<=,1410268166,p.PostTypeId,=,1#451000
badges b,posts p#b.UserId=p.OwnerUserId#p.AnswerCount,<=,6,p.CommentCount,>=,0#442875
badges b,posts p#b.UserId=p.OwnerUserId#p.PostTypeId,=,1,p.ViewCount,<=,4229#429903
badges b,posts p#b.UserId=p.OwnerUserId#p.ViewCount,<=,11676,p.AnswerCount,>=,0#446692
badges b,posts p#b.UserId=p.OwnerUserId#b.Date,<=,1407638733,p.CreationDate,<=,1410474192#3574757
badges b,posts p#b.UserId=p.OwnerUserId#p.CommentCount,>=,0,p.CreationDate,=,1291921668#10
badges b,posts p#b.UserId=p.OwnerUserId#b.Date,<=,1410277338,p.ViewCount,<=,6921#438105
badges b,posts p#b.UserId=p.OwnerUserId#p.AnswerCount,=,0,p.CreationDate,<=,1409732870#90736
badges b,posts p#b.UserId=p.OwnerUserId#b.Date,<=,1410270823,p.AnswerCount,<=,5#436328
badges b,posts p#b.UserId=p.OwnerUserId#p.Score,>=,-3,p.Score,<=,21#3651710
badges b,posts p#b.UserId=p.OwnerUserId#b.Date,<=,1410532608,p.ViewCount,>=,0#452296
badges b,posts p#b.UserId=p.OwnerUserId#p.ViewCount,<=,2506,p.CommentCount,>=,0#411289
badges b,posts p#b.UserId=p.OwnerUserId#b.Date,<=,1410518569,p.PostTypeId,=,1#452137
badges b,posts p#b.UserId=p.OwnerUserId#p.PostTypeId,=,2,p.CommentCount,>=,0#3115494
badges b,posts p#b.UserId=p.OwnerUserId#p.PostTypeId,=,2,p.CreationDate,>=,1280664482#3076114
badges b,posts p#b.UserId=p.OwnerUserId#p.ViewCount,=,227,p.CreationDate,>=,1279569092#531
badges b,posts p#b.UserId=p.OwnerUserId#b.Date,<=,1408605901,p.CreationDate,>=,1279629210#3618603
badges b,posts p#b.UserId=p.OwnerUserId#p.CommentCount,>=,0,p.CommentCount,<=,12#3686189
badges b,posts p#b.UserId=p.OwnerUserId#p.AnswerCount,>=,0,p.CommentCount,>=,0#452644
badges b,posts p#b.UserId=p.OwnerUserId#p.ViewCount,<=,6401,p.CommentCount,=,5#21618
badges b,posts p#b.UserId=p.OwnerUserId#b.Date,<=,1409177021,p.FavoriteCount,>=,0#215138
badges b,posts p#b.UserId=p.OwnerUserId#b.Date,<=,1410399219,p.Score,=,0#427645
badges b,posts p#b.UserId=p.OwnerUserId#p.PostTypeId,=,1,p.FavoriteCount,<=,8#194632
badges b,posts p#b.UserId=p.OwnerUserId#p.Score,<=,17,p.CommentCount,<=,17#3609654
badges b,posts p#b.UserId=p.OwnerUserId#p.CreationDate,>=,1280242339,p.CreationDate,<=,1408362188#3613306
badges b,posts p#b.UserId=p.OwnerUserId#p.PostTypeId,=,2,p.CommentCount,=,7#67277
badges b,posts p#b.UserId=p.OwnerUserId#p.AnswerCount,>=,0,p.AnswerCount,<=,5#437919
badges b,posts p#b.UserId=p.OwnerUserId#p.Score,<=,30,p.CreationDate,>=,1280791906#3647460
badges b,posts p#b.UserId=p.OwnerUserId#p.FavoriteCount,>=,0,p.FavoriteCount,<=,5#178501
badges b,posts p#b.UserId=p.OwnerUserId#b.Date,<=,1410233362,p.CommentCount,<=,10#3633717
badges b,posts p#b.UserId=p.OwnerUserId#p.ViewCount,>=,0,p.ViewCount,<=,9910#444808
badges b,posts p#b.UserId=p.OwnerUserId#b.Date,<=,1410065495,p.Score,<=,14#3544935
badges b,posts p#b.UserId=p.OwnerUserId#p.ViewCount,<=,6212,p.CreationDate,=,1405660651#2
badges b,posts p#b.UserId=p.OwnerUserId#p.PostTypeId,=,2,p.CommentCount,>=,0#3115494
badges b,posts p#b.UserId=p.OwnerUserId#p.PostTypeId,=,1,p.CommentCount,=,8#7855
badges b,posts p#b.UserId=p.OwnerUserId#p.CreationDate,>=,1279903871,p.CreationDate,<=,1408460935#3628333
badges b,posts p#b.UserId=p.OwnerUserId#b.Date,>=,1279577346,b.Date,<=,1410326683#3709555
badges b,posts p#b.UserId=p.OwnerUserId#p.Score,<=,8,p.FavoriteCount,<=,17#152072
badges b,posts p#b.UserId=p.OwnerUserId#p.PostTypeId,=,1,p.ViewCount,<=,3777#426630
badges b,posts p#b.UserId=p.OwnerUserId#p.Score,<=,28,p.CommentCount,<=,15#3669841
badges b,posts p#b.UserId=p.OwnerUserId#p.PostTypeId,=,2,p.Score,>=,-1#3113118
badges b,posts p#b.UserId=p.OwnerUserId#b.Date,<=,1409817203,p.CreationDate,>=,1279573456#3683472
badges b,posts p#b.UserId=p.OwnerUserId#p.AnswerCount,>=,0,p.CommentCount,<=,8#433879
badges b,posts p#b.UserId=p.OwnerUserId#b.Date,>=,1280503172,p.ViewCount,>=,0#447284
badges b,posts p#b.UserId=p.OwnerUserId#p.Score,>=,-5,p.ViewCount,<=,4723#433099
badges b,posts p#b.UserId=p.OwnerUserId#p.ViewCount,<=,1460,p.AnswerCount,>=,0#382702
badges b,posts p#b.UserId=p.OwnerUserId#p.Score,>=,-2,p.CommentCount,>=,0#3727175
badges b,posts p#b.UserId=p.OwnerUserId#p.PostTypeId,=,2,p.CommentCount,=,4#205988
badges b,posts p#b.UserId=p.OwnerUserId#p.PostTypeId,=,2,p.CommentCount,=,0#1186535
badges b,posts p#b.UserId=p.OwnerUserId#p.CommentCount,>=,0,p.CommentCount,<=,11#3670505
badges b,posts p#b.UserId=p.OwnerUserId#b.Date,=,1404456234,p.AnswerCount,<=,3#12
badges b,posts p#b.UserId=p.OwnerUserId#p.PostTypeId,=,2,p.Score,<=,33#3091267
badges b,posts p#b.UserId=p.OwnerUserId#p.CreationDate,>=,1279897360,p.CreationDate,<=,1410030421#3682991
badges b,posts p#b.UserId=p.OwnerUserId#p.Score,>=,-2,p.CommentCount,<=,17#3717257
badges b,posts p#b.UserId=p.OwnerUserId#p.PostTypeId,=,1,p.AnswerCount,<=,3#411961
badges b,posts p#b.UserId=p.OwnerUserId#p.CommentCount,>=,0,p.CommentCount,<=,10#3653449
badges b,posts p#b.UserId=p.OwnerUserId#b.Date,<=,1410300578,p.FavoriteCount,<=,3#157096
badges b,posts p#b.UserId=p.OwnerUserId#p.CommentCount,<=,12,p.CreationDate,=,1396995618#2
badges b,posts p#b.UserId=p.OwnerUserId#p.ViewCount,>=,0,p.CreationDate,>=,1279574698#451212
badges b,posts p#b.UserId=p.OwnerUserId#p.CommentCount,>=,0,p.CommentCount,<=,8#3583177
badges b,posts p#b.UserId=p.OwnerUserId#p.PostTypeId,=,1,p.CommentCount,<=,14#450660
badges b,posts p#b.UserId=p.OwnerUserId#p.Score,<=,88,p.AnswerCount,>=,0#451916
badges b,posts p#b.UserId=p.OwnerUserId#p.PostTypeId,=,1,p.CommentCount,<=,13#449827
badges b,posts p#b.UserId=p.OwnerUserId#p.AnswerCount,>=,0,p.AnswerCount,<=,4#430319
badges b,posts p#b.UserId=p.OwnerUserId#b.Date,>=,1279691292,p.AnswerCount,<=,6#440895
badges b,posts p#b.UserId=p.OwnerUserId#p.Score,>=,-1,p.CommentCount,>=,0#3724857
badges b,posts p#b.UserId=p.OwnerUserId#p.PostTypeId,=,1,p.CreationDate,>=,1280354342#445453
badges b,posts p#b.UserId=p.OwnerUserId#p.CommentCount,=,1,p.CreationDate,<=,1408658173#561838
badges b,posts p#b.UserId=p.OwnerUserId#p.PostTypeId,=,2,p.CreationDate,>=,1279727024#3100369
badges b,posts p#b.UserId=p.OwnerUserId#p.Score,<=,10,p.CommentCount,>=,0#3420552
badges b,posts p#b.UserId=p.OwnerUserId#p.FavoriteCount,>=,0,p.CreationDate,<=,1410368665#217430
badges b,posts p#b.UserId=p.OwnerUserId#p.PostTypeId,=,2,p.CommentCount,<=,13#3086351
badges b,posts p#b.UserId=p.OwnerUserId#b.Date,>=,1279569547,p.ViewCount,>=,0#452207
badges b,posts p#b.UserId=p.OwnerUserId#p.Score,>=,0,p.AnswerCount,<=,4#427109
badges b,posts p#b.UserId=p.OwnerUserId#p.PostTypeId,=,1,p.AnswerCount,<=,3#411961
badges b,posts p#b.UserId=p.OwnerUserId#b.Date,<=,1409990641,p.AnswerCount,>=,0#450228
badges b,posts p#b.UserId=p.OwnerUserId#p.PostTypeId,=,2,p.CommentCount,>=,0#3115494
badges b,posts p#b.UserId=p.OwnerUserId#b.Date,>=,1279610648,b.Date,<=,1408902214#3630488
badges b,posts p#b.UserId=p.OwnerUserId#b.Date,<=,1408774853,p.CommentCount,>=,0#3637564
badges b,posts p#b.UserId=p.OwnerUserId#p.PostTypeId,=,1,p.CreationDate,>=,1281716141#440732
badges b,posts p#b.UserId=p.OwnerUserId#p.AnswerCount,>=,0,p.AnswerCount,<=,5#437919
badges b,posts p#b.UserId=p.OwnerUserId#p.ViewCount,>=,0,p.CommentCount,<=,10#443846
badges b,posts p#b.UserId=p.OwnerUserId#p.AnswerCount,>=,0,p.CommentCount,<=,11#446837
badges b,posts p#b.UserId=p.OwnerUserId#p.FavoriteCount,>=,0,p.FavoriteCount,<=,5#178501
badges b,posts p#b.UserId=p.OwnerUserId#p.ViewCount,<=,3886,p.AnswerCount,<=,3#399008
badges b,posts p#b.UserId=p.OwnerUserId#b.Date,=,1305892704,p.Score,>=,0#7
badges b,posts p#b.UserId=p.OwnerUserId#p.AnswerCount,>=,0,p.CreationDate,<=,1408903558#446455
badges b,posts p#b.UserId=p.OwnerUserId#b.Date,>=,1284746646,b.Date,<=,1409610546#3582651
badges b,posts p#b.UserId=p.OwnerUserId#p.Score,>=,0,p.ViewCount,>=,0#449434
badges b,posts p#b.UserId=p.OwnerUserId#p.AnswerCount,>=,0,p.AnswerCount,<=,4#430319
badges b,posts p#b.UserId=p.OwnerUserId#p.PostTypeId,=,1,p.Score,<=,17#431648
badges b,posts p#b.UserId=p.OwnerUserId#p.AnswerCount,<=,4,p.FavoriteCount,<=,27#194845
badges b,posts p#b.UserId=p.OwnerUserId#b.Date,>=,1279588747,p.CommentCount,<=,11#3663993
badges b,posts p#b.UserId=p.OwnerUserId#b.Date,>=,1279568350,b.Date,<=,1410635873#3726853
badges b,posts p#b.UserId=p.OwnerUserId#p.Score,=,1,p.CommentCount,>=,0#688669
badges b,posts p#b.UserId=p.OwnerUserId#p.PostTypeId,=,2,p.Score,=,0#202135
badges b,posts p#b.UserId=p.OwnerUserId#b.Date,<=,1408932931,p.CreationDate,<=,1410453719#3635783
badges b,posts p#b.UserId=p.OwnerUserId#p.ViewCount,=,1177,p.CreationDate,<=,1409216256#112
badges b,posts p#b.UserId=p.OwnerUserId#p.PostTypeId,=,1,p.FavoriteCount,=,1#85525
badges b,posts p#b.UserId=p.OwnerUserId#p.ViewCount,<=,2265,p.CommentCount,<=,7#381891
badges b,posts p#b.UserId=p.OwnerUserId#p.ViewCount,>=,0,p.ViewCount,<=,15419#448051
badges b,posts p#b.UserId=p.OwnerUserId#p.PostTypeId,=,2,p.CommentCount,>=,0#3115494
badges b,posts p#b.UserId=p.OwnerUserId#p.ViewCount,<=,1591,p.AnswerCount,=,1#171190
badges b,posts p#b.UserId=p.OwnerUserId#p.FavoriteCount,=,0,p.CreationDate,>=,1279622155#8961
badges b,posts p#b.UserId=p.OwnerUserId#p.ViewCount,>=,0,p.AnswerCount,<=,9#448025
badges b,posts p#b.UserId=p.OwnerUserId#p.CreationDate,>=,1281584765,p.CreationDate,<=,1409841496#3631568
badges b,posts p#b.UserId=p.OwnerUserId#p.AnswerCount,>=,0,p.FavoriteCount,<=,17#208580
badges b,posts p#b.UserId=p.OwnerUserId#b.Date,<=,1408057990,p.CreationDate,>=,1279574120#3598872
badges b,posts p#b.UserId=p.OwnerUserId#p.ViewCount,<=,9027,p.FavoriteCount,>=,0#209245
badges b,posts p#b.UserId=p.OwnerUserId#b.Date,<=,1410584527,p.ViewCount,>=,0#452464
badges b,posts p#b.UserId=p.OwnerUserId#p.CreationDate,>=,1281393083,p.CreationDate,<=,1410262936#3649629
badges b,posts p#b.UserId=p.OwnerUserId#p.Score,=,24,p.CommentCount,>=,0#3678
badges b,posts p#b.UserId=p.OwnerUserId#p.Score,<=,73,p.CommentCount,<=,19#3717999
badges b,posts p#b.UserId=p.OwnerUserId#b.Date,>=,1285696193,p.ViewCount,>=,0#437402
badges b,posts p#b.UserId=p.OwnerUserId#p.Score,>=,-1,p.Score,<=,26#3675982
badges b,posts p#b.UserId=p.OwnerUserId#p.ViewCount,<=,6064,p.CommentCount,>=,0#438093
badges b,posts p#b.UserId=p.OwnerUserId#p.Score,<=,34,p.CommentCount,>=,0#3697965
badges b,posts p#b.UserId=p.OwnerUserId#p.Score,>=,-1,p.FavoriteCount,>=,0#217279
badges b,posts p#b.UserId=p.OwnerUserId#p.ViewCount,<=,1159,p.CommentCount,<=,20#366472
badges b,posts p#b.UserId=p.OwnerUserId#p.Score,>=,-1,p.ViewCount,>=,0#451517
badges b,posts p#b.UserId=p.OwnerUserId#p.Score,>=,-1,p.Score,<=,27#3679409
badges b,posts p#b.UserId=p.OwnerUserId#p.ViewCount,>=,0,p.FavoriteCount,<=,22#210593
badges b,posts p#b.UserId=p.OwnerUserId#p.PostTypeId,=,1,p.FavoriteCount,<=,3#157610
badges b,posts p#b.UserId=p.OwnerUserId#p.CommentCount,>=,0,p.CreationDate,<=,1409528884#3690598
badges b,posts p#b.UserId=p.OwnerUserId#b.Date,<=,1408770618,p.ViewCount,>=,0#445610
badges b,posts p#b.UserId=p.OwnerUserId#p.Score,<=,19,p.CreationDate,>=,1281534500#3579417
badges b,posts p#b.UserId=p.OwnerUserId#p.PostTypeId,=,2,p.CreationDate,>=,1287152073#2910588
badges b,posts p#b.UserId=p.OwnerUserId#p.ViewCount,<=,1894,p.AnswerCount,>=,0#398004
badges b,posts p#b.UserId=p.OwnerUserId#p.AnswerCount,<=,8,p.CreationDate,>=,1280338584#442013
badges b,posts p#b.UserId=p.OwnerUserId#b.Date,<=,1410099897,p.Score,<=,15#3562512
badges b,posts p#b.UserId=p.OwnerUserId#b.Date,>=,1279605549,b.Date,<=,1407560913#3566216
badges b,posts p#b.UserId=p.OwnerUserId#p.Score,>=,-1,p.FavoriteCount,>=,0#217279
badges b,posts p#b.UserId=p.OwnerUserId#p.ViewCount,<=,7249,p.CreationDate,>=,1290789240#401755
badges b,posts p#b.UserId=p.OwnerUserId#b.Date,<=,1410453344,p.CreationDate,>=,1279571734#3717583
badges b,posts p#b.UserId=p.OwnerUserId#p.Score,>=,-3,p.ViewCount,<=,5931#437091
badges b,posts p#b.UserId=p.OwnerUserId#b.Date,>=,1288978355,p.ViewCount,>=,0#431405
badges b,posts p#b.UserId=p.OwnerUserId#b.Date,>=,1279918708,p.Score,<=,27#3665306
badges b,posts p#b.UserId=p.OwnerUserId#p.CommentCount,=,0,p.FavoriteCount,=,0#2668
badges b,posts p#b.UserId=p.OwnerUserId#b.Date,>=,1292026950,p.ViewCount,<=,23545#422919
badges b,posts p#b.UserId=p.OwnerUserId#b.Date,<=,1410247540,p.ViewCount,>=,0#450903
badges b,posts p#b.UserId=p.OwnerUserId#p.FavoriteCount,>=,0,p.FavoriteCount,<=,6#185469
badges b,posts p#b.UserId=p.OwnerUserId#p.AnswerCount,>=,0,p.CreationDate,>=,1279736762#448695
badges b,posts p#b.UserId=p.OwnerUserId#p.ViewCount,>=,0,p.AnswerCount,<=,6#442875
badges b,posts p#b.UserId=p.OwnerUserId#p.ViewCount,>=,0,p.ViewCount,<=,2816#416165
badges b,posts p#b.UserId=p.OwnerUserId#p.PostTypeId,=,1,p.AnswerCount,<=,6#442875
badges b,posts p#b.UserId=p.OwnerUserId#p.Score,<=,13,p.CreationDate,<=,1410554692#3541499
badges b,posts p#b.UserId=p.OwnerUserId#p.PostTypeId,=,2,p.Score,<=,12#2939988
badges b,posts p#b.UserId=p.OwnerUserId#p.ViewCount,>=,0,p.CommentCount,>=,0#452644
badges b,posts p#b.UserId=p.OwnerUserId#p.ViewCount,<=,4209,p.AnswerCount,>=,0#429719
badges b,posts p#b.UserId=p.OwnerUserId#p.PostTypeId,=,1,p.CreationDate,<=,1409168759#447683
badges b,posts p#b.UserId=p.OwnerUserId#p.AnswerCount,>=,0,p.CommentCount,>=,0#452644
badges b,posts p#b.UserId=p.OwnerUserId#p.CreationDate,>=,1279916045,p.CreationDate,<=,1409841496#3674394
badges b,posts p#b.UserId=p.OwnerUserId#p.AnswerCount,=,0,p.CreationDate,>=,1282022551#91970
badges b,posts p#b.UserId=p.OwnerUserId#p.Score,>=,-1,p.Score,<=,38#3701247
badges b,posts p#b.UserId=p.OwnerUserId#p.CommentCount,<=,10,p.FavoriteCount,=,0#8801
badges b,posts p#b.UserId=p.OwnerUserId#p.PostTypeId,=,1,p.Score,>=,0#449434
badges b,posts p#b.UserId=p.OwnerUserId#b.Date,>=,1279993713,p.AnswerCount,>=,0#449397
badges b,posts p#b.UserId=p.OwnerUserId#b.Date,>=,1284405384,p.CreationDate,>=,1281372228#3586713
badges b,posts p#b.UserId=p.OwnerUserId#p.Score,>=,0,p.Score,<=,18#3619985
badges b,posts p#b.UserId=p.OwnerUserId#p.ViewCount,>=,0,p.CommentCount,>=,0#452644
badges b,posts p#b.UserId=p.OwnerUserId#p.AnswerCount,<=,4,p.FavoriteCount,<=,37#195450
badges b,posts p#b.UserId=p.OwnerUserId#p.PostTypeId,=,2,p.CommentCount,<=,14#3094315
badges b,posts p#b.UserId=p.OwnerUserId#p.PostTypeId,=,1,p.CommentCount,<=,21#452377
badges b,posts p#b.UserId=p.OwnerUserId#b.Date,>=,1279612148,p.Score,<=,23#3656622
badges b,posts p#b.UserId=p.OwnerUserId#p.FavoriteCount,=,2,p.CreationDate,<=,1410100800#41825
badges b,posts p#b.UserId=p.OwnerUserId#p.Score,>=,-1,p.ViewCount,<=,986#355195
badges b,posts p#b.UserId=p.OwnerUserId#b.Date,>=,1280175222,p.CreationDate,<=,1410018666#3688446
badges b,posts p#b.UserId=p.OwnerUserId#p.AnswerCount,<=,19,p.FavoriteCount,>=,0#216817
badges b,posts p#b.UserId=p.OwnerUserId#p.CommentCount,>=,0,p.FavoriteCount,>=,0#217519
badges b,posts p#b.UserId=p.OwnerUserId#p.PostTypeId,=,1,p.AnswerCount,<=,3#411961
badges b,posts p#b.UserId=p.OwnerUserId#p.PostTypeId,=,2,p.CommentCount,>=,0#3115494
badges b,posts p#b.UserId=p.OwnerUserId#b.Date,>=,1283439547,b.Date,<=,1408627857#3555604
badges b,posts p#b.UserId=p.OwnerUserId#b.Date,<=,1409021192,p.CreationDate,<=,1410100800#3628938
badges b,posts p#b.UserId=p.OwnerUserId#p.FavoriteCount,<=,7,p.CreationDate,>=,1280233917#188845
badges b,posts p#b.UserId=p.OwnerUserId#p.ViewCount,>=,0,p.ViewCount,<=,2395#408929
badges b,posts p#b.UserId=p.OwnerUserId#p.Score,>=,0,p.CreationDate,>=,1279572036#3712556
badges b,posts p#b.UserId=p.OwnerUserId#p.Score,>=,-2,p.Score,<=,18#3630255
badges b,posts p#b.UserId=p.OwnerUserId#p.FavoriteCount,>=,0,p.CreationDate,>=,1279620348#214767
badges b,posts p#b.UserId=p.OwnerUserId#p.ViewCount,>=,0,p.FavoriteCount,>=,0#217519
badges b,posts p#b.UserId=p.OwnerUserId#p.ViewCount,>=,0,p.ViewCount,<=,5446#436078
badges b,posts p#b.UserId=p.OwnerUserId#p.Score,<=,27,p.FavoriteCount,=,0#8957
badges b,posts p#b.UserId=p.OwnerUserId#p.PostTypeId,=,1,p.ViewCount,<=,3650#425374
badges b,posts p#b.UserId=p.OwnerUserId#p.PostTypeId,=,1,p.CreationDate,<=,1410292736#451621
badges b,posts p#b.UserId=p.OwnerUserId#p.AnswerCount,<=,5,p.CommentCount,<=,16#436846
badges b,posts p#b.UserId=p.OwnerUserId#b.Date,>=,1279582147,p.Score,<=,22#3654864
badges b,posts p#b.UserId=p.OwnerUserId#p.AnswerCount,>=,0,p.FavoriteCount,<=,5#178501
badges b,posts p#b.UserId=p.OwnerUserId#p.Score,<=,16,p.AnswerCount,=,0#91998
badges b,posts p#b.UserId=p.OwnerUserId#p.AnswerCount,<=,9,p.CommentCount,>=,0#448025
badges b,posts p#b.UserId=p.OwnerUserId#p.Score,>=,-2,p.AnswerCount,=,0#91993
badges b,posts p#b.UserId=p.OwnerUserId#p.AnswerCount,=,0,p.CommentCount,<=,9#89239
badges b,votes v#b.UserId=v.UserId#b.Date,<=,1405681483,v.CreationDate,>=,1279584000#992381
badges b,votes v#b.UserId=v.UserId#b.Date,>=,1280851221,v.CreationDate,<=,1410393600#1043220
badges b,votes v#b.UserId=v.UserId#b.Date,>=,1283424846,v.BountyAmount,>=,0#41036
badges b,votes v#b.UserId=v.UserId#b.Date,>=,1279579446,b.Date,<=,1410357287#1051775
badges b,votes v#b.UserId=v.UserId#v.CreationDate,>=,1279497600,v.CreationDate,<=,1410307200#1055947
badges b,votes v#b.UserId=v.UserId#v.BountyAmount,>=,0,v.CreationDate,=,1407283200#57
badges b,votes v#b.UserId=v.UserId#v.BountyAmount,>=,0,v.BountyAmount,<=,100#38174
badges b,votes v#b.UserId=v.UserId#v.BountyAmount,>=,0,v.BountyAmount,<=,50#29072
badges b,votes v#b.UserId=v.UserId#b.Date,>=,1280404445,b.Date,<=,1409047543#1027108
badges b,votes v#b.UserId=v.UserId#b.Date,<=,1410064288,v.BountyAmount,>=,0#41513
badges b,votes v#b.UserId=v.UserId#v.BountyAmount,<=,50,v.CreationDate,<=,1410134400#29064
badges b,votes v#b.UserId=v.UserId#v.CreationDate,>=,1280102400,v.CreationDate,<=,1410220800#1050381
badges b,votes v#b.UserId=v.UserId#v.CreationDate,>=,1279843200,v.CreationDate,<=,1410307200#1052695
badges b,votes v#b.UserId=v.UserId#b.Date,<=,1408546796,v.VoteTypeId,=,5#993082
badges b,votes v#b.UserId=v.UserId#v.BountyAmount,>=,0,v.BountyAmount,<=,100#38174
badges b,votes v#b.UserId=v.UserId#b.Date,<=,1409248276,v.BountyAmount,<=,50#28524
badges b,votes v#b.UserId=v.UserId#b.Date,<=,1409685030,v.CreationDate,>=,1280102400#1039333
badges b,votes v#b.UserId=v.UserId#b.Date,>=,1279892606,b.Date,<=,1410078769#1044216
badges b,votes v#b.UserId=v.UserId#b.Date,<=,1409008795,v.CreationDate,>=,1279497600#1038598
badges b,votes v#b.UserId=v.UserId#v.VoteTypeId,=,5,v.CreationDate,<=,1410220800#1013733
badges b,votes v#b.UserId=v.UserId#b.Date,>=,1279747693,b.Date,<=,1410482321#1048491
badges b,votes v#b.UserId=v.UserId#b.Date,>=,1280237924,b.Date,<=,1409679102#1033893
badges b,votes v#b.UserId=v.UserId#b.Date,>=,1280888124,b.Date,<=,1408493245#1019883
badges b,votes v#b.UserId=v.UserId#v.BountyAmount,>=,0,v.CreationDate,=,1310428800#46
badges b,votes v#b.UserId=v.UserId#b.Date,>=,1280810713,b.Date,<=,1409689486#1031923
badges b,votes v#b.UserId=v.UserId#b.Date,>=,1282351180,v.BountyAmount,<=,50#28647
badges b,votes v#b.UserId=v.UserId#v.BountyAmount,<=,100,v.CreationDate,<=,1410393600#38162
badges b,votes v#b.UserId=v.UserId#v.CreationDate,>=,1279497600,v.CreationDate,<=,1410480000#1056558
badges b,votes v#b.UserId=v.UserId#b.Date,>=,1280169521,v.CreationDate,>=,1279584000#1048319
badges b,votes v#b.UserId=v.UserId#b.Date,>=,1280250524,b.Date,<=,1407514412#1010671
badges b,votes v#b.UserId=v.UserId#b.Date,<=,1408327681,v.BountyAmount,>=,0#40428
badges b,votes v#b.UserId=v.UserId#b.Date,>=,1279573746,b.Date,<=,1410378094#1052377
badges b,votes v#b.UserId=v.UserId#v.BountyAmount,>=,0,v.CreationDate,>=,1279584000#41784
badges b,votes v#b.UserId=v.UserId#b.Date,>=,1281722101,v.CreationDate,<=,1410566400#1039176
badges b,votes v#b.UserId=v.UserId#v.BountyAmount,>=,0,v.BountyAmount,<=,50#29072
badges b,votes v#b.UserId=v.UserId#b.Date,>=,1279577346,b.Date,<=,1409683231#1042039
badges b,votes v#b.UserId=v.UserId#b.Date,<=,1410487836,v.CreationDate,<=,1410393600#1054887
badges b,votes v#b.UserId=v.UserId#v.BountyAmount,>=,0,v.CreationDate,<=,1410220800#41754
badges b,votes v#b.UserId=v.UserId#b.Date,<=,1409507257,v.CreationDate,=,1287100800#811
badges b,votes v#b.UserId=v.UserId#v.VoteTypeId,=,5,v.CreationDate,<=,1410480000#1014780
badges b,votes v#b.UserId=v.UserId#v.CreationDate,>=,1279497600,v.CreationDate,<=,1410048000#1052618
badges b,votes v#b.UserId=v.UserId#v.CreationDate,>=,1279497600,v.CreationDate,<=,1410393600#1056258
badges b,votes v#b.UserId=v.UserId#v.BountyAmount,<=,50,v.CreationDate,>=,1279497600#29072
badges b,votes v#b.UserId=v.UserId#v.BountyAmount,>=,0,v.BountyAmount,<=,100#38174
badges b,votes v#b.UserId=v.UserId#b.Date,>=,1280240324,v.BountyAmount,<=,50#28890
badges b,votes v#b.UserId=v.UserId#b.Date,<=,1410447190,v.CreationDate,<=,1410480000#1054687
badges b,votes v#b.UserId=v.UserId#b.Date,>=,1279598048,b.Date,<=,1408620388#1032581
badges b,votes v#b.UserId=v.UserId#v.CreationDate,>=,1279584000,v.CreationDate,<=,1410307200#1055392
badges b,votes v#b.UserId=v.UserId#v.BountyAmount,>=,0,v.BountyAmount,<=,50#29072
badges b,votes v#b.UserId=v.UserId#b.Date,<=,1407496374,v.BountyAmount,>=,0#39967
badges b,votes v#b.UserId=v.UserId#v.CreationDate,>=,1280793600,v.CreationDate,<=,1409875200#1039237
badges b,votes v#b.UserId=v.UserId#v.BountyAmount,>=,0,v.BountyAmount,<=,50#29072
badges b,votes v#b.UserId=v.UserId#v.CreationDate,>=,1279670400,v.CreationDate,<=,1410566400#1055471
badges b,votes v#b.UserId=v.UserId#b.Date,<=,1410536632,v.BountyAmount,>=,0#41768
badges b,votes v#b.UserId=v.UserId#v.BountyAmount,<=,50,v.CreationDate,<=,1410048000#29058
badges b,votes v#b.UserId=v.UserId#v.BountyAmount,>=,0,v.BountyAmount,<=,50#29072
badges b,votes v#b.UserId=v.UserId#b.Date,<=,1409010977,v.BountyAmount,>=,0#40856
badges b,votes v#b.UserId=v.UserId#b.Date,>=,1279639751,v.BountyAmount,<=,50#28974
badges b,votes v#b.UserId=v.UserId#v.BountyAmount,>=,0,v.BountyAmount,<=,100#38174
badges b,votes v#b.UserId=v.UserId#v.BountyAmount,>=,0,v.BountyAmount,<=,50#29072
badges b,votes v#b.UserId=v.UserId#v.CreationDate,>=,1279843200,v.CreationDate,<=,1410220800#1052235
badges b,votes v#b.UserId=v.UserId#v.CreationDate,>=,1280102400,v.CreationDate,<=,1409616000#1045164
badges b,votes v#b.UserId=v.UserId#b.Date,>=,1279597448,v.BountyAmount,>=,0#41702
badges b,votes v#b.UserId=v.UserId#v.BountyAmount,>=,0,v.BountyAmount,<=,50#29072
badges b,votes v#b.UserId=v.UserId#v.BountyAmount,>=,0,v.BountyAmount,<=,100#38174
badges b,votes v#b.UserId=v.UserId#b.Date,>=,1279578846,v.BountyAmount,>=,0#41713
badges b,votes v#b.UserId=v.UserId#b.Date,<=,1406023644,v.CreationDate,>=,1280534400#987750
badges b,votes v#b.UserId=v.UserId#b.Date,<=,1409153540,v.VoteTypeId,=,5#999195
badges b,votes v#b.UserId=v.UserId#v.BountyAmount,>=,0,v.CreationDate,=,1409529600#59
badges b,votes v#b.UserId=v.UserId#v.BountyAmount,>=,0,v.BountyAmount,<=,50#29072
badges b,votes v#b.UserId=v.UserId#v.BountyAmount,>=,0,v.BountyAmount,<=,100#38174
badges b,votes v#b.UserId=v.UserId#v.CreationDate,>=,1279584000,v.CreationDate,<=,1410566400#1056125
badges b,votes v#b.UserId=v.UserId#b.Date,>=,1280194423,b.Date,<=,1409423506#1034314
badges b,votes v#b.UserId=v.UserId#b.Date,>=,1279580647,b.Date,<=,1410506375#1052940
badges b,votes v#b.UserId=v.UserId#b.Date,>=,1279568350,v.BountyAmount,>=,0#41762
badges b,votes v#b.UserId=v.UserId#v.BountyAmount,>=,0,v.BountyAmount,<=,50#29072
badges b,votes v#b.UserId=v.UserId#v.BountyAmount,>=,0,v.CreationDate,=,1305244800#5
badges b,votes v#b.UserId=v.UserId#v.BountyAmount,>=,0,v.BountyAmount,<=,100#38174
badges b,votes v#b.UserId=v.UserId#v.BountyAmount,>=,0,v.BountyAmount,<=,50#29072
badges b,votes v#b.UserId=v.UserId#b.Date,>=,1279631952,b.Date,<=,1409915545#1045572
badges b,votes v#b.UserId=v.UserId#b.Date,>=,1280222025,b.Date,<=,1410549100#1047740
badges b,votes v#b.UserId=v.UserId#b.Date,>=,1279682291,v.CreationDate,<=,1410566400#1051853
badges b,votes v#b.UserId=v.UserId#b.Date,>=,1279573746,v.BountyAmount,>=,0#41719
badges b,votes v#b.UserId=v.UserId#b.Date,>=,1285299859,v.BountyAmount,<=,100#37215
badges b,votes v#b.UserId=v.UserId#b.Date,>=,1282447208,v.CreationDate,>=,1279584000#1034767
badges b,votes v#b.UserId=v.UserId#b.Date,>=,1279576746,b.Date,<=,1408559705#1031628
badges b,votes v#b.UserId=v.UserId#v.BountyAmount,>=,0,v.BountyAmount,<=,50#29072
badges b,votes v#b.UserId=v.UserId#b.Date,<=,1409229169,v.BountyAmount,<=,200#40403
badges b,votes v#b.UserId=v.UserId#v.BountyAmount,>=,0,v.BountyAmount,<=,150#39471
badges b,votes v#b.UserId=v.UserId#b.Date,>=,1279598948,v.VoteTypeId,=,5#1012096
badges b,votes v#b.UserId=v.UserId#v.VoteTypeId,=,5,v.CreationDate,<=,1410307200#1014177
badges b,votes v#b.UserId=v.UserId#b.Date,>=,1280772010,b.Date,<=,1409903931#1037503
badges b,votes v#b.UserId=v.UserId#v.BountyAmount,<=,50,v.CreationDate,>=,1279670400#29072
badges b,votes v#b.UserId=v.UserId#v.BountyAmount,>=,0,v.BountyAmount,<=,100#38174
badges b,votes v#b.UserId=v.UserId#v.BountyAmount,>=,0,v.CreationDate,>=,1279584000#41784
badges b,votes v#b.UserId=v.UserId#v.CreationDate,>=,1279584000,v.CreationDate,<=,1409875200#1051632
badges b,votes v#b.UserId=v.UserId#v.VoteTypeId,=,5,v.CreationDate,>=,1279497600#1014903
badges b,votes v#b.UserId=v.UserId#v.CreationDate,>=,1279497600,v.CreationDate,<=,1410220800#1055487
badges b,votes v#b.UserId=v.UserId#v.BountyAmount,>=,0,v.BountyAmount,<=,350#41606
badges b,votes v#b.UserId=v.UserId#v.BountyAmount,>=,0,v.CreationDate,>=,1279497600#41784
badges b,votes v#b.UserId=v.UserId#v.CreationDate,>=,1279497600,v.CreationDate,<=,1410566400#1056680
badges b,votes v#b.UserId=v.UserId#v.BountyAmount,>=,0,v.BountyAmount,<=,50#29072
badges b,votes v#b.UserId=v.UserId#b.Date,>=,1279568350,v.BountyAmount,<=,100#38156
badges b,votes v#b.UserId=v.UserId#v.CreationDate,>=,1279584000,v.CreationDate,<=,1410566400#1056125
badges b,votes v#b.UserId=v.UserId#v.BountyAmount,>=,0,v.CreationDate,<=,1410480000#41778
badges b,votes v#b.UserId=v.UserId#v.CreationDate,>=,1280448000,v.CreationDate,<=,1410480000#1045067
badges b,votes v#b.UserId=v.UserId#b.Date,>=,1280265526,b.Date,<=,1409691484#1033828
badges b,votes v#b.UserId=v.UserId#b.Date,<=,1410490914,v.BountyAmount,<=,50#29008
badges b,votes v#b.UserId=v.UserId#b.Date,>=,1279568350,v.CreationDate,<=,1410566400#1055938
badges b,votes v#b.UserId=v.UserId#b.Date,<=,1410247160,v.CreationDate,>=,1279497600#1052143
badges b,votes v#b.UserId=v.UserId#v.CreationDate,>=,1280275200,v.CreationDate,<=,1410480000#1048791
badges b,votes v#b.UserId=v.UserId#b.Date,>=,1279580947,b.Date,<=,1410601765#1054208
badges b,votes v#b.UserId=v.UserId#b.Date,>=,1280003613,b.Date,<=,1410574904#1049049
badges b,votes v#b.UserId=v.UserId#v.CreationDate,>=,1279584000,v.CreationDate,<=,1410566400#1056125
badges b,votes v#b.UserId=v.UserId#v.BountyAmount,>=,0,v.CreationDate,>=,1279756800#41784
badges b,votes v#b.UserId=v.UserId#b.Date,>=,1281575996,b.Date,<=,1409565976#1026217
badges b,votes v#b.UserId=v.UserId#b.Date,>=,1280399645,v.BountyAmount,<=,50#28884
badges b,votes v#b.UserId=v.UserId#b.Date,<=,1409233490,v.BountyAmount,>=,0#40966
badges b,votes v#b.UserId=v.UserId#b.Date,>=,1279568348,b.Date,<=,1409764202#1046886
badges b,votes v#b.UserId=v.UserId#v.BountyAmount,>=,0,v.CreationDate,>=,1279497600#41784
badges b,votes v#b.UserId=v.UserId#b.Date,<=,1409958512,v.CreationDate,<=,1410307200#1048835
badges b,votes v#b.UserId=v.UserId#b.Date,>=,1279568349,b.Date,<=,1410209702#1051891
badges b,votes v#b.UserId=v.UserId#v.CreationDate,>=,1279584000,v.CreationDate,<=,1410393600#1055703
badges b,votes v#b.UserId=v.UserId#v.CreationDate,>=,1279929600,v.CreationDate,<=,1409788800#1048146
badges b,votes v#b.UserId=v.UserId#v.BountyAmount,>=,0,v.BountyAmount,<=,100#38174
badges b,votes v#b.UserId=v.UserId#v.BountyAmount,>=,0,v.BountyAmount,<=,100#38174
badges b,votes v#b.UserId=v.UserId#b.Date,>=,1280172822,b.Date,<=,1410201747#1043983
badges b,votes v#b.UserId=v.UserId#b.Date,>=,1290812469,b.Date,<=,1408526520#967011
badges b,votes v#b.UserId=v.UserId#b.Date,>=,1279571946,v.CreationDate,<=,1410480000#1054715
badges b,votes v#b.UserId=v.UserId#v.CreationDate,>=,1279756800,v.CreationDate,<=,1409616000#1048367
badges b,votes v#b.UserId=v.UserId#v.CreationDate,>=,1279756800,v.CreationDate,<=,1410393600#1054355
badges b,votes v#b.UserId=v.UserId#v.CreationDate,>=,1279497600,v.CreationDate,<=,1410480000#1056558
badges b,votes v#b.UserId=v.UserId#b.Date,>=,1280420950,b.Date,<=,1409773206#1035917
badges b,votes v#b.UserId=v.UserId#v.BountyAmount,>=,0,v.BountyAmount,<=,100#38174
badges b,votes v#b.UserId=v.UserId#b.Date,<=,1405187864,v.CreationDate,>=,1280102400#984481
badges b,votes v#b.UserId=v.UserId#v.CreationDate,>=,1279584000,v.CreationDate,<=,1410393600#1055703
badges b,votes v#b.UserId=v.UserId#b.Date,>=,1281439191,b.Date,<=,1409083689#1022551
badges b,votes v#b.UserId=v.UserId#b.Date,>=,1279598048,b.Date,<=,1410169244#1048693
badges b,votes v#b.UserId=v.UserId#v.BountyAmount,>=,0,v.BountyAmount,<=,100#38174
badges b,votes v#b.UserId=v.UserId#b.Date,<=,1407945219,v.CreationDate,=,1314921600#123
badges b,votes v#b.UserId=v.UserId#v.CreationDate,>=,1280361600,v.CreationDate,<=,1410652800#1046430
badges b,votes v#b.UserId=v.UserId#b.Date,>=,1279577046,b.Date,<=,1410280552#1051066
badges b,votes v#b.UserId=v.UserId#b.Date,>=,1297313220,b.Date,<=,1409844963#954238
badges b,votes v#b.UserId=v.UserId#b.Date,>=,1280588682,b.Date,<=,1407521028#1010111
badges b,votes v#b.UserId=v.UserId#b.Date,=,1391770033,v.CreationDate,>=,1248307200#81
badges b,votes v#b.UserId=v.UserId#b.Date,>=,1287600370,b.Date,<=,1410401055#1005806
badges b,votes v#b.UserId=v.UserId#v.BountyAmount,>=,0,v.BountyAmount,<=,100#38174
badges b,votes v#b.UserId=v.UserId#b.Date,<=,1410377494,v.BountyAmount,<=,50#28983
badges b,votes v#b.UserId=v.UserId#b.Date,>=,1291857743,v.CreationDate,<=,1410307200#983744
badges b,votes v#b.UserId=v.UserId#b.Date,<=,1409874360,v.BountyAmount,>=,0#41324
badges b,votes v#b.UserId=v.UserId#b.Date,>=,1280370239,v.CreationDate,=,1336521600#455
badges b,votes v#b.UserId=v.UserId#b.Date,>=,1279613649,v.CreationDate,<=,1410480000#1053065
badges b,votes v#b.UserId=v.UserId#b.Date,<=,1409932060,v.CreationDate,<=,1410393600#1049114
badges b,votes v#b.UserId=v.UserId#b.Date,<=,1409540489,v.BountyAmount,<=,50#28609
badges b,votes v#b.UserId=v.UserId#v.CreationDate,>=,1233619200,v.CreationDate,<=,1410480000#1056558
badges b,votes v#b.UserId=v.UserId#b.Date,>=,1279577046,v.CreationDate,>=,1279756800#1052838
badges b,votes v#b.UserId=v.UserId#b.Date,<=,1410481431,v.CreationDate,<=,1410220800#1054113
badges b,votes v#b.UserId=v.UserId#v.CreationDate,>=,1279843200,v.CreationDate,<=,1410220800#1052235
badges b,votes v#b.UserId=v.UserId#v.CreationDate,>=,1279497600,v.CreationDate,<=,1410220800#1055487
badges b,votes v#b.UserId=v.UserId#b.Date,>=,1281652198,v.BountyAmount,>=,0#41332
badges b,votes v#b.UserId=v.UserId#v.BountyAmount,>=,0,v.CreationDate,>=,1279497600#41784
badges b,votes v#b.UserId=v.UserId#b.Date,<=,1410487836,v.BountyAmount,<=,100#38082
badges b,votes v#b.UserId=v.UserId#v.BountyAmount,>=,0,v.BountyAmount,<=,50#29072
badges b,votes v#b.UserId=v.UserId#v.CreationDate,>=,1280448000,v.CreationDate,<=,1410480000#1045067
badges b,votes v#b.UserId=v.UserId#v.CreationDate,>=,1279670400,v.CreationDate,<=,1410134400#1052538
badges b,votes v#b.UserId=v.UserId#v.CreationDate,>=,1280275200,v.CreationDate,<=,1410307200#1048180
badges b,votes v#b.UserId=v.UserId#b.Date,>=,1282940789,v.CreationDate,>=,1280188800#1027955
badges b,votes v#b.UserId=v.UserId#v.BountyAmount,>=,0,v.BountyAmount,<=,50#29072
badges b,votes v#b.UserId=v.UserId#v.BountyAmount,>=,0,v.CreationDate,>=,1279584000#41784
badges b,votes v#b.UserId=v.UserId#v.CreationDate,>=,1279670400,v.CreationDate,<=,1410307200#1054738
badges b,votes v#b.UserId=v.UserId#b.Date,>=,1279597448,v.BountyAmount,>=,0#41702
badges b,votes v#b.UserId=v.UserId#v.CreationDate,>=,1279497600,v.CreationDate,<=,1410566400#1056680
badges b,votes v#b.UserId=v.UserId#v.BountyAmount,>=,0,v.CreationDate,>=,1279497600#41784
badges b,votes v#b.UserId=v.UserId#v.BountyAmount,>=,0,v.BountyAmount,<=,50#29072
badges b,votes v#b.UserId=v.UserId#b.Date,>=,1279568349,b.Date,<=,1409658416#1043690
badges b,votes v#b.UserId=v.UserId#b.Date,<=,1409319945,v.VoteTypeId,=,5#1000275
badges b,votes v#b.UserId=v.UserId#v.CreationDate,>=,1279584000,v.CreationDate,<=,1410480000#1056003
badges b,votes v#b.UserId=v.UserId#b.Date,>=,1279601048,b.Date,<=,1410391898#1051431
badges b,votes v#b.UserId=v.UserId#v.VoteTypeId,=,5,v.CreationDate,<=,1410566400#1014896
badges b,votes v#b.UserId=v.UserId#v.CreationDate,>=,1279584000,v.CreationDate,<=,1410566400#1056125
badges b,votes v#b.UserId=v.UserId#b.Date,>=,1279611548,b.Date,<=,1410079662#1047977
badges b,votes v#b.UserId=v.UserId#b.Date,>=,1279602848,b.Date,<=,1410311590#1050610
badges b,votes v#b.UserId=v.UserId#b.Date,>=,1280407745,v.CreationDate,<=,1410480000#1044983
badges b,votes v#b.UserId=v.UserId#v.BountyAmount,<=,100,v.CreationDate,>=,1279584000#38174
badges b,votes v#b.UserId=v.UserId#v.VoteTypeId,=,5,v.CreationDate,>=,1279497600#1014903
badges b,votes v#b.UserId=v.UserId#v.CreationDate,>=,1279584000,v.CreationDate,<=,1410480000#1056003
badges b,votes v#b.UserId=v.UserId#b.Date,<=,1410437336,v.BountyAmount,<=,50#28992
badges b,votes v#b.UserId=v.UserId#v.CreationDate,>=,1279497600,v.CreationDate,<=,1410307200#1055947
badges b,votes v#b.UserId=v.UserId#v.BountyAmount,>=,0,v.BountyAmount,<=,200#41224
badges b,votes v#b.UserId=v.UserId#b.Date,>=,1281133347,b.Date,<=,1409829146#1032590
badges b,votes v#b.UserId=v.UserId#b.Date,<=,1410344299,v.BountyAmount,<=,150#39300
badges b,votes v#b.UserId=v.UserId#b.Date,>=,1279635552,b.Date,<=,1410104452#1047575
badges b,votes v#b.UserId=v.UserId#b.Date,>=,1280214824,v.VoteTypeId,=,5#1006494
badges b,votes v#b.UserId=v.UserId#v.CreationDate,>=,1279584000,v.CreationDate,<=,1410220800#1054932
badges b,votes v#b.UserId=v.UserId#b.Date,>=,1279568347,v.CreationDate,<=,1410134400#1053747
badges b,votes v#b.UserId=v.UserId#v.BountyAmount,>=,0,v.BountyAmount,<=,50#29072
badges b,votes v#b.UserId=v.UserId#b.Date,>=,1286208864,b.Date,<=,1410189505#1012048
badges b,votes v#b.UserId=v.UserId#v.BountyAmount,>=,0,v.BountyAmount,<=,100#38174
badges b,votes v#b.UserId=v.UserId#b.Date,>=,1284045203,b.Date,<=,1410010825#1021223
badges b,votes v#b.UserId=v.UserId#v.BountyAmount,>=,0,v.CreationDate,>=,1279756800#41784
badges b,votes v#b.UserId=v.UserId#v.BountyAmount,>=,0,v.CreationDate,>=,1279497600#41784
badges b,votes v#b.UserId=v.UserId#b.Date,<=,1410612548,v.BountyAmount,<=,50#29067
badges b,votes v#b.UserId=v.UserId#b.Date,>=,1284384678,b.Date,<=,1409826891#1017660
badges b,votes v#b.UserId=v.UserId#v.CreationDate,>=,1279497600,v.CreationDate,<=,1410480000#1056558
badges b,votes v#b.UserId=v.UserId#b.Date,>=,1279635552,b.Date,<=,1409059948#1035202
badges b,votes v#b.UserId=v.UserId#v.BountyAmount,>=,0,v.BountyAmount,<=,100#38174
badges b,votes v#b.UserId=v.UserId#b.Date,>=,1279568350,v.CreationDate,<=,1410048000#1051876
badges b,votes v#b.UserId=v.UserId#b.Date,>=,1280172521,b.Date,<=,1410642405#1048691
badges b,votes v#b.UserId=v.UserId#b.Date,=,1291190497,v.CreationDate,>=,1279670400#1
badges b,votes v#b.UserId=v.UserId#v.CreationDate,>=,1279497600,v.CreationDate,<=,1410307200#1055947
badges b,votes v#b.UserId=v.UserId#b.Date,<=,1408542036,v.BountyAmount,<=,100#37125
badges b,votes v#b.UserId=v.UserId#b.Date,<=,1410201747,v.CreationDate,>=,1279497600#1051978
badges b,votes v#b.UserId=v.UserId#b.Date,>=,1280251724,b.Date,<=,1410541574#1046002
badges b,votes v#b.UserId=v.UserId#v.BountyAmount,>=,0,v.CreationDate,>=,1280102400#41762
badges b,votes v#b.UserId=v.UserId#b.Date,>=,1279609748,b.Date,<=,1410579014#1053153
badges b,votes v#b.UserId=v.UserId#v.CreationDate,>=,1279497600,v.CreationDate,<=,1410393600#1056258
badges b,votes v#b.UserId=v.UserId#v.CreationDate,>=,1280188800,v.CreationDate,<=,1410220800#1049956
badges b,votes v#b.UserId=v.UserId#v.CreationDate,>=,1279584000,v.CreationDate,<=,1410393600#1055703
badges b,votes v#b.UserId=v.UserId#v.CreationDate,>=,1280102400,v.CreationDate,<=,1409961600#1047233
badges b,votes v#b.UserId=v.UserId#v.CreationDate,>=,1280102400,v.CreationDate,<=,1410566400#1051574
badges b,votes v#b.UserId=v.UserId#v.BountyAmount,>=,0,v.BountyAmount,<=,50#29072
badges b,votes v#b.UserId=v.UserId#v.CreationDate,>=,1279497600,v.CreationDate,<=,1410307200#1055947
badges b,votes v#b.UserId=v.UserId#b.Date,>=,1280742906,v.BountyAmount,>=,0#41488
badges b,votes v#b.UserId=v.UserId#v.CreationDate,>=,1233532800,v.CreationDate,<=,1410566400#1056680
badges b,votes v#b.UserId=v.UserId#b.Date,>=,1280258025,v.BountyAmount,>=,0#41527
badges b,votes v#b.UserId=v.UserId#b.Date,=,1326418295,v.BountyAmount,>=,0#5
badges b,votes v#b.UserId=v.UserId#v.VoteTypeId,=,5,v.CreationDate,<=,1410393600#1014486
badges b,votes v#b.UserId=v.UserId#b.Date,>=,1300534276,b.Date,<=,1410445700#948603
badges b,votes v#b.UserId=v.UserId#b.Date,<=,1410368999,v.BountyAmount,>=,0#41635
badges b,votes v#b.UserId=v.UserId#v.CreationDate,>=,1279756800,v.CreationDate,<=,1410220800#1053584
badges b,votes v#b.UserId=v.UserId#b.Date,>=,1280180922,b.Date,<=,1410146385#1043240
badges b,votes v#b.UserId=v.UserId#v.CreationDate,>=,1279497600,v.CreationDate,<=,1410480000#1056558
badges b,votes v#b.UserId=v.UserId#b.Date,>=,1287802162,b.Date,<=,1408126909#977558
badges b,votes v#b.UserId=v.UserId#b.Date,>=,1279655847,v.VoteTypeId,=,5#1010570
badges b,votes v#b.UserId=v.UserId#b.Date,>=,1279603149,v.BountyAmount,>=,0#41695
badges b,votes v#b.UserId=v.UserId#b.Date,<=,1410633971,v.CreationDate,>=,1280016000#1053086
badges b,votes v#b.UserId=v.UserId#v.BountyAmount,>=,0,v.BountyAmount,<=,50#29072
badges b,votes v#b.UserId=v.UserId#b.Date,=,1383325317,v.CreationDate,>=,1280102400#1
badges b,votes v#b.UserId=v.UserId#v.CreationDate,>=,1279584000,v.CreationDate,<=,1410480000#1056003
badges b,votes v#b.UserId=v.UserId#v.BountyAmount,>=,0,v.CreationDate,>=,1279497600#41784
badges b,votes v#b.UserId=v.UserId#b.Date,<=,1408456270,v.BountyAmount,>=,0#40535
badges b,votes v#b.UserId=v.UserId#v.BountyAmount,>=,0,v.CreationDate,>=,1280102400#41762
badges b,votes v#b.UserId=v.UserId#b.Date,>=,1279626249,b.Date,<=,1409938163#1045654
badges b,votes v#b.UserId=v.UserId#b.Date,<=,1410554418,v.CreationDate,>=,1279670400#1055366
badges b,votes v#b.UserId=v.UserId#b.Date,<=,1406398461,v.BountyAmount,>=,0#39146
badges b,votes v#b.UserId=v.UserId#b.Date,>=,1279909408,b.Date,<=,1409421171#1035364
badges b,votes v#b.UserId=v.UserId#b.Date,>=,1279936110,b.Date,<=,1408125314#1020670
badges b,votes v#b.UserId=v.UserId#v.BountyAmount,>=,0,v.BountyAmount,<=,50#29072
badges b,votes v#b.UserId=v.UserId#v.BountyAmount,>=,0,v.CreationDate,>=,1279756800#41784
badges b,votes v#b.UserId=v.UserId#v.CreationDate,>=,1279584000,v.CreationDate,<=,1410134400#1053192
badges b,votes v#b.UserId=v.UserId#v.CreationDate,>=,1279584000,v.CreationDate,<=,1410566400#1056125
badges b,votes v#b.UserId=v.UserId#b.Date,>=,1281165752,v.BountyAmount,<=,100#37859
badges b,votes v#b.UserId=v.UserId#v.VoteTypeId,=,5,v.CreationDate,<=,1410393600#1014486
badges b,votes v#b.UserId=v.UserId#b.Date,>=,1281341671,b.Date,<=,1410629929#1040115
badges b,votes v#b.UserId=v.UserId#b.Date,>=,1282522253,v.CreationDate,>=,1279843200#1032419
badges b,votes v#b.UserId=v.UserId#v.VoteTypeId,=,5,v.CreationDate,>=,1279584000#1014348
badges b,votes v#b.UserId=v.UserId#b.Date,>=,1285550264,v.BountyAmount,>=,0#40656
badges b,votes v#b.UserId=v.UserId#b.Date,<=,1407203008,v.CreationDate,<=,1409961600#1011979
badges b,votes v#b.UserId=v.UserId#b.Date,>=,1279573746,v.BountyAmount,>=,0#41719
badges b,votes v#b.UserId=v.UserId#v.BountyAmount,<=,50,v.CreationDate,<=,1410220800#29064
badges b,votes v#b.UserId=v.UserId#b.Date,>=,1280158421,v.VoteTypeId,=,5#1007177
badges b,votes v#b.UserId=v.UserId#b.Date,>=,1279568347,v.CreationDate,>=,1282089600#1032850
badges b,votes v#b.UserId=v.UserId#v.BountyAmount,>=,0,v.BountyAmount,<=,50#29072
badges b,votes v#b.UserId=v.UserId#b.Date,>=,1281037295,b.Date,<=,1409155764#1025929
badges b,votes v#b.UserId=v.UserId#v.CreationDate,>=,1279497600,v.CreationDate,<=,1410480000#1056558
badges b,votes v#b.UserId=v.UserId#b.Date,<=,1409560694,v.BountyAmount,<=,50#28609
badges b,votes v#b.UserId=v.UserId#b.Date,<=,1410482618,v.BountyAmount,<=,50#29008
badges b,votes v#b.UserId=v.UserId#b.Date,>=,1285388419,b.Date,<=,1408699803#1000269
badges b,votes v#b.UserId=v.UserId#b.Date,>=,1280240324,b.Date,<=,1408983418#1028006
badges b,votes v#b.UserId=v.UserId#v.CreationDate,>=,1233532800,v.CreationDate,<=,1410480000#1056558
badges b,votes v#b.UserId=v.UserId#b.Date,>=,1280222025,v.CreationDate,>=,1279584000#1047435
badges b,votes v#b.UserId=v.UserId#v.CreationDate,>=,1279670400,v.CreationDate,<=,1410393600#1055049
badges b,votes v#b.UserId=v.UserId#b.Date,>=,1283576073,v.BountyAmount,>=,0#40999
badges b,votes v#b.UserId=v.UserId#b.Date,>=,1282786570,b.Date,<=,1410531986#1031719
badges b,votes v#b.UserId=v.UserId#v.BountyAmount,>=,0,v.CreationDate,<=,1410393600#41772
badges b,votes v#b.UserId=v.UserId#v.CreationDate,>=,1279497600,v.CreationDate,<=,1410220800#1055487
badges b,votes v#b.UserId=v.UserId#b.Date,<=,1410274635,v.BountyAmount,<=,200#41020
badges b,votes v#b.UserId=v.UserId#b.Date,<=,1410210421,v.CreationDate,>=,1279929600#1048581
badges b,votes v#b.UserId=v.UserId#v.BountyAmount,<=,50,v.CreationDate,=,1364688000#12
badges b,votes v#b.UserId=v.UserId#b.Date,>=,1279580647,b.Date,<=,1410524682#1053103
badges b,votes v#b.UserId=v.UserId#b.Date,<=,1410606964,v.CreationDate,>=,1279670400#1055396
badges b,votes v#b.UserId=v.UserId#b.Date,>=,1286218365,v.CreationDate,>=,1279843200#1014426
badges b,votes v#b.UserId=v.UserId#b.Date,<=,1410443106,v.CreationDate,<=,1410480000#1054687
badges b,votes v#b.UserId=v.UserId#b.Date,>=,1290114632,b.Date,<=,1409911183#984856
badges b,votes v#b.UserId=v.UserId#b.Date,>=,1280190523,b.Date,<=,1410334280#1045226
badges b,votes v#b.UserId=v.UserId#b.Date,>=,1279568947,b.Date,<=,1410427861#1053439
badges b,votes v#b.UserId=v.UserId#b.Date,>=,1279918708,b.Date,<=,1410379525#1046943
badges b,votes v#b.UserId=v.UserId#b.Date,>=,1280604583,v.BountyAmount,<=,50#28874
badges b,votes v#b.UserId=v.UserId#b.Date,<=,1410268769,v.CreationDate,<=,1410307200#1052124
badges b,votes v#b.UserId=v.UserId#b.Date,<=,1408626620,v.BountyAmount,>=,0#40714
badges b,votes v#b.UserId=v.UserId#b.Date,<=,1409648298,v.BountyAmount,>=,0#41125
badges b,votes v#b.UserId=v.UserId#v.BountyAmount,>=,0,v.CreationDate,>=,1279497600#41784
badges b,votes v#b.UserId=v.UserId#v.BountyAmount,<=,100,v.CreationDate,<=,1410566400#38174
badges b,votes v#b.UserId=v.UserId#v.CreationDate,>=,1279584000,v.CreationDate,<=,1410393600#1055703
badges b,votes v#b.UserId=v.UserId#v.CreationDate,>=,1279584000,v.CreationDate,<=,1410220800#1054932
badges b,votes v#b.UserId=v.UserId#b.Date,<=,1409268334,v.BountyAmount,<=,50#28530
badges b,votes v#b.UserId=v.UserId#v.BountyAmount,<=,50,v.CreationDate,<=,1410307200#29064
badges b,votes v#b.UserId=v.UserId#v.BountyAmount,>=,0,v.BountyAmount,<=,50#29072
badges b,votes v#b.UserId=v.UserId#b.Date,<=,1410535892,v.CreationDate,>=,1279670400#1055331
badges b,votes v#b.UserId=v.UserId#v.BountyAmount,>=,0,v.BountyAmount,<=,100#38174
badges b,votes v#b.UserId=v.UserId#v.BountyAmount,>=,0,v.CreationDate,>=,1279497600#41784
badges b,votes v#b.UserId=v.UserId#b.Date,<=,1409865834,v.CreationDate,>=,1279497600#1047864
badges b,votes v#b.UserId=v.UserId#v.BountyAmount,>=,0,v.BountyAmount,<=,50#29072
badges b,votes v#b.UserId=v.UserId#b.Date,>=,1286433121,v.BountyAmount,<=,50#28268
comments c,posts p,postLinks pl#p.Id=c.PostId,p.Id=pl.PostId#p.CommentCount,<=,9,pl.LinkTypeId,=,1#26520
comments c,posts p,postLinks pl#p.Id=c.PostId,p.Id=pl.PostId#c.Score,=,1,p.CreationDate,>=,1280331421#6251
comments c,posts p,postLinks pl#p.Id=c.PostId,p.Id=pl.PostId#c.Score,=,0,p.CreationDate,>=,1280876208#24575
comments c,posts p,postLinks pl#p.Id=c.PostId,p.Id=pl.PostId#p.Score,>=,-1,p.AnswerCount,>=,0#35054
comments c,posts p,postLinks pl#p.Id=c.PostId,p.Id=pl.PostId#c.Score,=,0,p.AnswerCount,>=,0#24726
comments c,posts p,postLinks pl#p.Id=c.PostId,p.Id=pl.PostId#c.CreationDate,<=,1410403206,p.Score,<=,14#32933
comments c,posts p,postLinks pl#p.Id=c.PostId,p.Id=pl.PostId#p.FavoriteCount,=,0,pl.CreationDate,<=,1406892737#913
comments c,posts p,postLinks pl#p.Id=c.PostId,p.Id=pl.PostId#c.Score,=,0,p.CreationDate,=,1345673778#1
comments c,posts p,postLinks pl#p.Id=c.PostId,p.Id=pl.PostId#p.ViewCount,>=,0,pl.CreationDate,>=,1299254319#34340
comments c,posts p,postLinks pl#p.Id=c.PostId,p.Id=pl.PostId#p.FavoriteCount,>=,0,p.FavoriteCount,<=,20#15176
comments c,posts p,postLinks pl#p.Id=c.PostId,p.Id=pl.PostId#p.CommentCount,<=,17,p.CreationDate,>=,1279602162#34112
comments c,posts p,postLinks pl#p.Id=c.PostId,p.Id=pl.PostId#p.Score,<=,14,pl.CreationDate,>=,1287763710#32705
comments c,posts p,postLinks pl#p.Id=c.PostId,p.Id=pl.PostId#c.CreationDate,<=,1410047714,p.Score,>=,0#34659
comments c,posts p,postLinks pl#p.Id=c.PostId,p.Id=pl.PostId#c.Score,=,0,pl.CreationDate,>=,1286692070#24515
comments c,posts p,postLinks pl#p.Id=c.PostId,p.Id=pl.PostId#p.CommentCount,=,1,p.FavoriteCount,>=,0#758
comments c,posts p,postLinks pl#p.Id=c.PostId,p.Id=pl.PostId#p.CreationDate,<=,1410005239,pl.LinkTypeId,=,1#32865
comments c,posts p,postLinks pl#p.Id=c.PostId,p.Id=pl.PostId#p.Score,<=,32,p.CommentCount,>=,0#34678
comments c,posts p,postLinks pl#p.Id=c.PostId,p.Id=pl.PostId#c.Score,=,2,p.CommentCount,<=,9#1984
comments c,posts p,postLinks pl#p.Id=c.PostId,p.Id=pl.PostId#p.FavoriteCount,=,0,pl.CreationDate,>=,1281983252#940
comments c,posts p,postLinks pl#p.Id=c.PostId,p.Id=pl.PostId#p.AnswerCount,<=,4,p.CommentCount,>=,0#33393
comments c,posts p,postLinks pl#p.Id=c.PostId,p.Id=pl.PostId#p.AnswerCount,>=,0,pl.CreationDate,<=,1407193064#33477
comments c,posts p,postLinks pl#p.Id=c.PostId,p.Id=pl.PostId#c.Score,=,0,pl.CreationDate,=,1351171450#18
comments c,posts p,postLinks pl#p.Id=c.PostId,p.Id=pl.PostId#c.CreationDate,<=,1409836205,pl.LinkTypeId,=,1#32776
comments c,posts p,postLinks pl#p.Id=c.PostId,p.Id=pl.PostId#p.PostTypeId,=,1,p.CommentCount,<=,15#33388
comments c,posts p,postLinks pl#p.Id=c.PostId,p.Id=pl.PostId#c.CreationDate,>=,1280961469,p.FavoriteCount,<=,15#14773
comments c,posts p,postLinks pl#p.Id=c.PostId,p.Id=pl.PostId#p.ViewCount,>=,0,p.CreationDate,<=,1409735367#35012
comments c,posts p,postLinks pl#p.Id=c.PostId,p.Id=pl.PostId#p.Score,=,1,p.FavoriteCount,>=,0#1360
comments c,posts p,postLinks pl#p.Id=c.PostId,p.Id=pl.PostId#p.Score,>=,-1,p.AnswerCount,<=,4#33152
comments c,posts p,postLinks pl#p.Id=c.PostId,p.Id=pl.PostId#p.ViewCount,>=,0,p.ViewCount,<=,3898#33074
comments c,posts p,postLinks pl#p.Id=c.PostId,p.Id=pl.PostId#p.PostTypeId,=,1,p.CommentCount,>=,0#35295
comments c,posts p,postLinks pl#p.Id=c.PostId,p.Id=pl.PostId#pl.LinkTypeId,=,1,pl.CreationDate,=,1359416579#6
comments c,posts p,postLinks pl#p.Id=c.PostId,p.Id=pl.PostId#p.AnswerCount,=,0,p.FavoriteCount,>=,0#1508
comments c,posts p,postLinks pl#p.Id=c.PostId,p.Id=pl.PostId#p.Score,=,1,p.AnswerCount,>=,0#6497
comments c,posts p,postLinks pl#p.Id=c.PostId,p.Id=pl.PostId#p.CommentCount,>=,0,p.CreationDate,<=,1409160611#34727
comments c,posts p,postLinks pl#p.Id=c.PostId,p.Id=pl.PostId#c.Score,=,0,p.FavoriteCount,=,0#695
comments c,posts p,postLinks pl#p.Id=c.PostId,p.Id=pl.PostId#p.CommentCount,>=,0,pl.LinkTypeId,=,1#33040
comments c,posts p,postLinks pl#p.Id=c.PostId,p.Id=pl.PostId#c.Score,=,1,c.CreationDate,>=,1280032161#6274
comments c,posts p,postLinks pl#p.Id=c.PostId,p.Id=pl.PostId#p.PostTypeId,=,1,pl.LinkTypeId,=,1#33040
comments c,posts p,postLinks pl#p.Id=c.PostId,p.Id=pl.PostId#p.Score,=,1,pl.CreationDate,>=,1300330564#6461
comments c,posts p,postLinks pl#p.Id=c.PostId,p.Id=pl.PostId#c.CreationDate,<=,1410394627,p.AnswerCount,>=,0#35222
comments c,posts p,postLinks pl#p.Id=c.PostId,p.Id=pl.PostId#p.Score,<=,53,pl.LinkTypeId,=,1#32726
comments c,posts p,postLinks pl#p.Id=c.PostId,p.Id=pl.PostId#c.CreationDate,>=,1279902600,pl.LinkTypeId,=,1#32995
comments c,posts p,postLinks pl#p.Id=c.PostId,p.Id=pl.PostId#p.Score,>=,-1,pl.LinkTypeId,=,1#32837
comments c,posts p,postLinks pl#p.Id=c.PostId,p.Id=pl.PostId#c.Score,=,0,p.FavoriteCount,=,0#695
comments c,posts p,postLinks pl#p.Id=c.PostId,p.Id=pl.PostId#p.AnswerCount,>=,0,p.FavoriteCount,=,0#941
comments c,posts p,postLinks pl#p.Id=c.PostId,p.Id=pl.PostId#c.Score,=,0,p.CreationDate,<=,1407953710#23841
comments c,posts p,postLinks pl#p.Id=c.PostId,p.Id=pl.PostId#p.ViewCount,<=,15260,pl.CreationDate,>=,1322910665#31361
comments c,posts p,postLinks pl#p.Id=c.PostId,p.Id=pl.PostId#c.Score,=,0,pl.LinkTypeId,=,1#23167
comments c,posts p,postLinks pl#p.Id=c.PostId,p.Id=pl.PostId#p.PostTypeId,=,1,pl.CreationDate,>=,1309403775#33334
comments c,posts p,postLinks pl#p.Id=c.PostId,p.Id=pl.PostId#c.CreationDate,=,1281643493,pl.LinkTypeId,=,1#1
comments c,posts p,postLinks pl#p.Id=c.PostId,p.Id=pl.PostId#pl.CreationDate,>=,1309330536,pl.CreationDate,<=,1410339461#33250
comments c,posts p,postLinks pl#p.Id=c.PostId,p.Id=pl.PostId#p.Score,=,1,p.CommentCount,>=,0#6497
comments c,posts p,postLinks pl#p.Id=c.PostId,p.Id=pl.PostId#c.Score,=,0,c.CreationDate,>=,1279906927#24704
comments c,posts p,postLinks pl#p.Id=c.PostId,p.Id=pl.PostId#c.CreationDate,<=,1410380749,p.FavoriteCount,<=,51#15666
comments c,posts p,postLinks pl#p.Id=c.PostId,p.Id=pl.PostId#p.ViewCount,>=,0,p.FavoriteCount,=,0#941
comments c,posts p,postLinks pl#p.Id=c.PostId,p.Id=pl.PostId#p.PostTypeId,=,1,pl.LinkTypeId,=,1#33040
comments c,posts p,postLinks pl#p.Id=c.PostId,p.Id=pl.PostId#c.CreationDate,<=,1410185480,p.CommentCount,=,1#1837
comments c,posts p,postLinks pl#p.Id=c.PostId,p.Id=pl.PostId#c.CreationDate,>=,1278798609,p.PostTypeId,=,1#35295
comments c,posts p,postLinks pl#p.Id=c.PostId,p.Id=pl.PostId#p.ViewCount,>=,0,p.FavoriteCount,<=,9#14237
comments c,posts p,postLinks pl#p.Id=c.PostId,p.Id=pl.PostId#p.AnswerCount,>=,0,p.AnswerCount,<=,4#33393
comments c,posts p,postLinks pl#p.Id=c.PostId,p.Id=pl.PostId#p.Score,>=,0,p.CommentCount,=,1#1821
comments c,posts p,postLinks pl#p.Id=c.PostId,p.Id=pl.PostId#p.ViewCount,>=,0,p.CreationDate,>=,1279569403#35244
comments c,posts p,postLinks pl#p.Id=c.PostId,p.Id=pl.PostId#p.FavoriteCount,>=,0,pl.CreationDate,>=,1309241841#14422
comments c,posts p,postLinks pl#p.Id=c.PostId,p.Id=pl.PostId#p.AnswerCount,<=,3,pl.CreationDate,>=,1286461278#31902
comments c,posts p,postLinks pl#p.Id=c.PostId,p.Id=pl.PostId#p.CommentCount,<=,12,pl.CreationDate,<=,1408544967#30895
comments c,posts p,postLinks pl#p.Id=c.PostId,p.Id=pl.PostId#p.AnswerCount,>=,0,p.AnswerCount,<=,4#33393
comments c,posts p,postLinks pl#p.Id=c.PostId,p.Id=pl.PostId#c.CreationDate,>=,1279947600,p.FavoriteCount,<=,7#13620
comments c,posts p,postLinks pl#p.Id=c.PostId,p.Id=pl.PostId#p.Score,<=,129,p.FavoriteCount,<=,6#13316
comments c,posts p,postLinks pl#p.Id=c.PostId,p.Id=pl.PostId#p.CreationDate,>=,1280186559,pl.LinkTypeId,=,1#32857
comments c,posts p,postLinks pl#p.Id=c.PostId,p.Id=pl.PostId#p.Score,<=,12,p.ViewCount,<=,1171#27972
comments c,posts p,postLinks pl#p.Id=c.PostId,p.Id=pl.PostId#c.CreationDate,>=,1281037512,c.CreationDate,<=,1409841456#34815
comments c,posts p,postLinks pl#p.Id=c.PostId,p.Id=pl.PostId#p.ViewCount,>=,0,p.AnswerCount,=,0#9234
comments c,posts p,postLinks pl#p.Id=c.PostId,p.Id=pl.PostId#c.Score,=,0,p.Score,>=,-3#24662
comments c,posts p,postLinks pl#p.Id=c.PostId,p.Id=pl.PostId#c.CreationDate,<=,1409963038,p.CreationDate,<=,1410145269#35039
comments c,posts p,postLinks pl#p.Id=c.PostId,p.Id=pl.PostId#p.CreationDate,>=,1279602192,pl.LinkTypeId,=,1#32948
comments c,posts p,postLinks pl#p.Id=c.PostId,p.Id=pl.PostId#p.CommentCount,<=,17,pl.CreationDate,<=,1408625668#33303
comments c,posts p,postLinks pl#p.Id=c.PostId,p.Id=pl.PostId#c.Score,=,0,p.Score,>=,0#24492
comments c,posts p,postLinks pl#p.Id=c.PostId,p.Id=pl.PostId#p.CommentCount,>=,0,p.FavoriteCount,>=,0#15918
comments c,posts p,postLinks pl#p.Id=c.PostId,p.Id=pl.PostId#p.Score,>=,-2,p.AnswerCount,>=,0#35148
comments c,posts p,postLinks pl#p.Id=c.PostId,p.Id=pl.PostId#p.AnswerCount,<=,7,p.CommentCount,>=,0#34465
comments c,posts p,postLinks pl#p.Id=c.PostId,p.Id=pl.PostId#p.FavoriteCount,<=,6,p.CreationDate,<=,1410387975#13316
comments c,posts p,postLinks pl#p.Id=c.PostId,p.Id=pl.PostId#p.Score,>=,-1,p.Score,<=,31#34375
comments c,posts p,postLinks pl#p.Id=c.PostId,p.Id=pl.PostId#c.CreationDate,>=,1233589318,p.Score,>=,-2#35148
comments c,posts p,postLinks pl#p.Id=c.PostId,p.Id=pl.PostId#c.Score,=,0,c.CreationDate,>=,1280182856#24683
comments c,posts p,postLinks pl#p.Id=c.PostId,p.Id=pl.PostId#p.AnswerCount,=,0,p.CreationDate,<=,1410298180#9210
comments c,posts p,postLinks pl#p.Id=c.PostId,p.Id=pl.PostId#p.Score,>=,-3,p.Score,<=,32#34555
comments c,posts p,postLinks pl#p.Id=c.PostId,p.Id=pl.PostId#p.ViewCount,<=,4817,p.FavoriteCount,>=,0#14221
comments c,posts p,postLinks pl#p.Id=c.PostId,p.Id=pl.PostId#p.CommentCount,>=,0,pl.CreationDate,<=,1409254827#34714
comments c,posts p,postLinks pl#p.Id=c.PostId,p.Id=pl.PostId#p.Score,>=,-3,p.AnswerCount,>=,0#35172
comments c,posts p,postLinks pl#p.Id=c.PostId,p.Id=pl.PostId#c.Score,=,0,p.AnswerCount,=,1#8901
comments c,posts p,postLinks pl#p.Id=c.PostId,p.Id=pl.PostId#p.PostTypeId,=,1,p.CreationDate,>=,1281103941#34967
comments c,posts p,postLinks pl#p.Id=c.PostId,p.Id=pl.PostId#p.CommentCount,>=,0,p.FavoriteCount,<=,2#9743
comments c,posts p,postLinks pl#p.Id=c.PostId,p.Id=pl.PostId#c.CreationDate,>=,1281005198,pl.LinkTypeId,=,1#32850
comments c,posts p,postLinks pl#p.Id=c.PostId,p.Id=pl.PostId#p.Score,<=,22,p.ViewCount,<=,5903#33272
comments c,posts p,postLinks pl#p.Id=c.PostId,p.Id=pl.PostId#p.ViewCount,>=,0,p.CommentCount,>=,0#35295
comments c,posts p,postLinks pl#p.Id=c.PostId,p.Id=pl.PostId#p.CommentCount,>=,0,pl.LinkTypeId,=,3#2255
comments c,posts p,postLinks pl#p.Id=c.PostId,p.Id=pl.PostId#c.CreationDate,>=,1279620125,pl.LinkTypeId,=,1#33020
comments c,posts p,postLinks pl#p.Id=c.PostId,p.Id=pl.PostId#p.AnswerCount,>=,0,p.CommentCount,<=,15#33388
comments c,posts p,postLinks pl#p.Id=c.PostId,p.Id=pl.PostId#p.PostTypeId,=,1,pl.LinkTypeId,=,1#33040
comments c,posts p,postLinks pl#p.Id=c.PostId,p.Id=pl.PostId#p.Score,>=,-2,pl.LinkTypeId,=,1#32916
comments c,posts p,postLinks pl#p.Id=c.PostId,p.Id=pl.PostId#p.Score,>=,0,p.AnswerCount,>=,0#34887
comments c,posts p,postLinks pl#p.Id=c.PostId,p.Id=pl.PostId#pl.CreationDate,>=,1298343209,pl.CreationDate,<=,1409502488#33924
comments c,posts p,postLinks pl#p.Id=c.PostId,p.Id=pl.PostId#p.CommentCount,<=,13,p.CreationDate,>=,1279588058#32309
comments c,posts p,postLinks pl#p.Id=c.PostId,p.Id=pl.PostId#p.CreationDate,>=,1282177904,pl.CreationDate,<=,1409019368#34101
comments c,posts p,postLinks pl#p.Id=c.PostId,p.Id=pl.PostId#pl.LinkTypeId,=,1,pl.CreationDate,<=,1408729624#32325
comments c,posts p,postLinks pl#p.Id=c.PostId,p.Id=pl.PostId#c.Score,=,0,p.CreationDate,<=,1409157820#24288
comments c,posts p,postLinks pl#p.Id=c.PostId,p.Id=pl.PostId#c.CreationDate,>=,1279804590,p.CreationDate,<=,1407593096#33815
comments c,posts p,postLinks pl#p.Id=c.PostId,p.Id=pl.PostId#c.Score,=,0,pl.LinkTypeId,=,1#23167
comments c,posts p,postLinks pl#c.UserId=p.OwnerUserId,p.Id=pl.PostId#c.Score,=,0,p.ViewCount,>=,0#556802
comments c,posts p,postLinks pl#c.UserId=p.OwnerUserId,p.Id=pl.PostId#p.CommentCount,<=,19,pl.CreationDate,<=,1408625668#692096
comments c,posts p,postLinks pl#c.UserId=p.OwnerUserId,p.Id=pl.PostId#p.CommentCount,>=,0,p.CommentCount,<=,13#690412
comments c,posts p,postLinks pl#c.UserId=p.OwnerUserId,p.Id=pl.PostId#p.CreationDate,>=,1280069792,pl.LinkTypeId,=,1#680304
comments c,posts p,postLinks pl#c.UserId=p.OwnerUserId,p.Id=pl.PostId#c.Score,=,25,pl.CreationDate,>=,1308845526#5
comments c,posts p,postLinks pl#c.UserId=p.OwnerUserId,p.Id=pl.PostId#p.CommentCount,>=,0,p.CommentCount,<=,15#697073
comments c,posts p,postLinks pl#c.UserId=p.OwnerUserId,p.Id=pl.PostId#p.AnswerCount,<=,5,p.CreationDate,>=,1280204853#634811
comments c,posts p,postLinks pl#c.UserId=p.OwnerUserId,p.Id=pl.PostId#p.Score,<=,16,p.FavoriteCount,<=,9#353879
comments c,posts p,postLinks pl#c.UserId=p.OwnerUserId,p.Id=pl.PostId#p.CommentCount,<=,14,pl.LinkTypeId,=,1#676970
comments c,posts p,postLinks pl#c.UserId=p.OwnerUserId,p.Id=pl.PostId#p.AnswerCount,>=,0,pl.LinkTypeId,=,1#686718
comments c,posts p,postLinks pl#c.UserId=p.OwnerUserId,p.Id=pl.PostId#p.Score,>=,-3,p.Score,<=,28#650075
comments c,posts p,postLinks pl#c.UserId=p.OwnerUserId,p.Id=pl.PostId#p.FavoriteCount,>=,0,p.FavoriteCount,<=,7#354620
comments c,posts p,postLinks pl#c.UserId=p.OwnerUserId,p.Id=pl.PostId#c.Score,=,0,pl.LinkTypeId,=,1#539040
comments c,posts p,postLinks pl#c.UserId=p.OwnerUserId,p.Id=pl.PostId#p.Score,<=,17,pl.LinkTypeId,=,1#569841
comments c,posts p,postLinks pl#c.UserId=p.OwnerUserId,p.Id=pl.PostId#c.Score,=,6,p.PostTypeId,=,1#855
comments c,posts p,postLinks pl#c.UserId=p.OwnerUserId,p.Id=pl.PostId#c.Score,=,0,p.FavoriteCount,>=,0#363838
comments c,posts p,postLinks pl#c.UserId=p.OwnerUserId,p.Id=pl.PostId#c.Score,=,0,p.Score,>=,0#552623
comments c,posts p,postLinks pl#c.UserId=p.OwnerUserId,p.Id=pl.PostId#p.FavoriteCount,>=,0,pl.LinkTypeId,=,1#477765
comments c,posts p,postLinks pl#c.UserId=p.OwnerUserId,p.Id=pl.PostId#p.AnswerCount,>=,0,pl.LinkTypeId,=,1#686718
comments c,posts p,postLinks pl#c.UserId=p.OwnerUserId,p.Id=pl.PostId#p.ViewCount,>=,0,p.FavoriteCount,<=,4#272173
comments c,posts p,postLinks pl#c.UserId=p.OwnerUserId,p.Id=pl.PostId#c.Score,=,0,pl.LinkTypeId,=,1#539040
comments c,posts p,postLinks pl#c.UserId=p.OwnerUserId,p.Id=pl.PostId#p.AnswerCount,>=,0,pl.LinkTypeId,=,1#686718
comments c,posts p,postLinks pl#c.UserId=p.OwnerUserId,p.Id=pl.PostId#p.CommentCount,>=,0,p.CreationDate,<=,1410394227#705891
comments c,posts p,postLinks pl#c.UserId=p.OwnerUserId,p.Id=pl.PostId#p.AnswerCount,<=,6,p.CreationDate,<=,1410281814#650978
comments c,posts p,postLinks pl#c.UserId=p.OwnerUserId,p.Id=pl.PostId#c.CreationDate,<=,1409779951,pl.LinkTypeId,=,1#679987
comments c,posts p,postLinks pl#c.UserId=p.OwnerUserId,p.Id=pl.PostId#c.CreationDate,<=,1410574520,pl.CreationDate,>=,1304776768#657589
comments c,posts p,postLinks pl#c.UserId=p.OwnerUserId,p.Id=pl.PostId#p.FavoriteCount,>=,0,p.FavoriteCount,<=,10#390395
comments c,posts p,postLinks pl#c.UserId=p.OwnerUserId,p.Id=pl.PostId#p.FavoriteCount,>=,0,p.CreationDate,<=,1410457151#482123
comments c,posts p,postLinks pl#c.UserId=p.OwnerUserId,p.Id=pl.PostId#c.CreationDate,=,1376435504,p.CreationDate,<=,1408556941#6
comments c,posts p,postLinks pl#c.UserId=p.OwnerUserId,p.Id=pl.PostId#p.AnswerCount,<=,3,p.CommentCount,<=,18#581313
comments c,posts p,postLinks pl#c.UserId=p.OwnerUserId,p.Id=pl.PostId#c.CreationDate,>=,1280340890,p.ViewCount,=,12#343
comments c,posts p,postLinks pl#c.UserId=p.OwnerUserId,p.Id=pl.PostId#p.Score,>=,0,p.AnswerCount,<=,5#637104
comments c,posts p,postLinks pl#c.UserId=p.OwnerUserId,p.Id=pl.PostId#p.AnswerCount,=,0,p.FavoriteCount,>=,0#31519
comments c,posts p,postLinks pl#c.UserId=p.OwnerUserId,p.Id=pl.PostId#p.ViewCount,>=,0,p.CreationDate,>=,1280175135#696524
comments c,posts p,postLinks pl#c.UserId=p.OwnerUserId,p.Id=pl.PostId#c.Score,=,1,pl.LinkTypeId,=,1#96796
comments c,posts p,postLinks pl#c.UserId=p.OwnerUserId,p.Id=pl.PostId#c.CreationDate,=,1324560178,p.FavoriteCount,<=,5#1
comments c,posts p,postLinks pl#c.UserId=p.OwnerUserId,p.Id=pl.PostId#c.Score,=,0,c.CreationDate,>=,1283953384#546977
comments c,posts p,postLinks pl#c.UserId=p.OwnerUserId,p.Id=pl.PostId#c.Score,=,0,c.CreationDate,<=,1408728738#545302
comments c,posts p,postLinks pl#c.UserId=p.OwnerUserId,p.Id=pl.PostId#p.FavoriteCount,<=,6,pl.LinkTypeId,=,1#340594
comments c,posts p,postLinks pl#c.UserId=p.OwnerUserId,p.Id=pl.PostId#c.Score,=,0,pl.CreationDate,>=,1302831374#522083
comments c,posts p,postLinks pl#c.UserId=p.OwnerUserId,p.Id=pl.PostId#p.AnswerCount,=,2,p.CreationDate,<=,1408717809#166862
comments c,posts p,postLinks pl#c.UserId=p.OwnerUserId,p.Id=pl.PostId#p.Score,<=,23,p.ViewCount,<=,3305#585681
comments c,posts p,postLinks pl#c.UserId=p.OwnerUserId,p.Id=pl.PostId#p.AnswerCount,<=,4,p.CreationDate,>=,1280509257#617248
comments c,posts p,postLinks pl#c.UserId=p.OwnerUserId,p.Id=pl.PostId#c.CreationDate,>=,1280203246,p.Score,<=,54#696140
comments c,posts p,postLinks pl#c.UserId=p.OwnerUserId,p.Id=pl.PostId#c.Score,=,0,p.PostTypeId,=,1#556802
comments c,posts p,postLinks pl#c.UserId=p.OwnerUserId,p.Id=pl.PostId#c.Score,=,0,p.CommentCount,>=,0#556802
comments c,posts p,postLinks pl#c.UserId=p.OwnerUserId,p.Id=pl.PostId#pl.LinkTypeId,=,1,pl.CreationDate,>=,1305048554#638469
comments c,posts p,postLinks pl#c.UserId=p.OwnerUserId,p.Id=pl.PostId#c.CreationDate,>=,1283555050,pl.LinkTypeId,=,3#19294
comments c,posts p,postLinks pl#c.UserId=p.OwnerUserId,p.Id=pl.PostId#c.Score,=,1,p.ViewCount,>=,0#98021
comments c,posts p,postLinks pl#c.UserId=p.OwnerUserId,p.Id=pl.PostId#p.Score,>=,-2,p.CommentCount,<=,7#588493
comments c,posts p,postLinks pl#c.UserId=p.OwnerUserId,p.Id=pl.PostId#p.Score,<=,18,p.CreationDate,>=,1279730563#589911
comments c,posts p,postLinks pl#c.UserId=p.OwnerUserId,p.Id=pl.PostId#p.ViewCount,>=,0,pl.LinkTypeId,=,1#686718
comments c,posts p,postLinks pl#c.UserId=p.OwnerUserId,p.Id=pl.PostId#p.AnswerCount,>=,0,pl.CreationDate,>=,1311956790#647416
comments c,posts p,postLinks pl#c.UserId=p.OwnerUserId,p.Id=pl.PostId#p.ViewCount,>=,0,p.ViewCount,<=,10881#695416
comments c,posts p,postLinks pl#c.UserId=p.OwnerUserId,p.Id=pl.PostId#p.FavoriteCount,>=,0,pl.CreationDate,>=,1315207978#420606
comments c,posts p,postLinks pl#c.UserId=p.OwnerUserId,p.Id=pl.PostId#p.CreationDate,>=,1279568346,pl.LinkTypeId,=,1#686474
comments c,posts p,postLinks pl#c.UserId=p.OwnerUserId,p.Id=pl.PostId#c.CreationDate,>=,1279742866,p.ViewCount,<=,7547#684337
comments c,posts p,postLinks pl#c.UserId=p.OwnerUserId,p.Id=pl.PostId#c.Score,=,0,p.ViewCount,<=,10503#546233
comments c,posts p,postLinks pl#c.UserId=p.OwnerUserId,p.Id=pl.PostId#p.ViewCount,>=,0,p.AnswerCount,>=,0#706081
comments c,posts p,postLinks pl#c.UserId=p.OwnerUserId,p.Id=pl.PostId#c.Score,=,0,p.Score,>=,-1#555256
comments c,posts p,postLinks pl#c.UserId=p.OwnerUserId,p.Id=pl.PostId#p.ViewCount,>=,0,p.ViewCount,<=,3157#644604
comments c,posts p,postLinks pl#c.UserId=p.OwnerUserId,p.Id=pl.PostId#p.AnswerCount,=,0,p.FavoriteCount,>=,0#31519
comments c,posts p,postLinks pl#c.UserId=p.OwnerUserId,p.Id=pl.PostId#p.AnswerCount,<=,4,pl.CreationDate,>=,1304058253#597992
comments c,posts p,postLinks pl#c.UserId=p.OwnerUserId,p.Id=pl.PostId#p.Score,<=,69,p.CreationDate,<=,1410319823#702987
comments c,posts p,postLinks pl#c.UserId=p.OwnerUserId,p.Id=pl.PostId#c.Score,=,0,p.Score,>=,-1#555256
comments c,posts p,postLinks pl#c.UserId=p.OwnerUserId,p.Id=pl.PostId#c.CreationDate,>=,1279576487,p.CreationDate,>=,1286291301#656219
comments c,posts p,postLinks pl#c.UserId=p.OwnerUserId,p.Id=pl.PostId#c.CreationDate,>=,1281546969,p.PostTypeId,=,1#699573
comments c,posts p,postLinks pl#c.UserId=p.OwnerUserId,p.Id=pl.PostId#p.AnswerCount,>=,0,pl.LinkTypeId,=,1#686718
comments c,posts p,postLinks pl#c.UserId=p.OwnerUserId,p.Id=pl.PostId#p.FavoriteCount,>=,0,pl.LinkTypeId,=,1#477765
comments c,posts p,postLinks pl#c.UserId=p.OwnerUserId,p.Id=pl.PostId#p.CreationDate,>=,1280249795,p.CreationDate,<=,1410381205#695908
comments c,posts p,postLinks pl#c.UserId=p.OwnerUserId,p.Id=pl.PostId#c.Score,=,0,p.PostTypeId,=,1#556802
comments c,posts p,postLinks pl#c.UserId=p.OwnerUserId,p.Id=pl.PostId#p.CreationDate,>=,1279567136,p.CreationDate,<=,1408961196#698634
comments c,posts p,postLinks pl#c.UserId=p.OwnerUserId,p.Id=pl.PostId#p.AnswerCount,>=,0,p.CreationDate,>=,1280237975#696101
comments c,posts p,postLinks pl#c.UserId=p.OwnerUserId,p.Id=pl.PostId#c.CreationDate,>=,1279684360,pl.LinkTypeId,=,1#686042
comments c,posts p,postLinks pl#c.UserId=p.OwnerUserId,p.Id=pl.PostId#p.ViewCount,<=,8309,p.AnswerCount,<=,2#521081
comments c,posts p,postLinks pl#c.UserId=p.OwnerUserId,p.Id=pl.PostId#p.ViewCount,>=,0,p.FavoriteCount,<=,3#247133
comments c,posts p,postLinks pl#c.UserId=p.OwnerUserId,p.Id=pl.PostId#p.CommentCount,>=,0,p.CreationDate,<=,1410358928#705852
comments c,posts p,postLinks pl#c.UserId=p.OwnerUserId,p.Id=pl.PostId#p.ViewCount,=,58,p.FavoriteCount,<=,4#172
comments c,posts p,postLinks pl#c.UserId=p.OwnerUserId,p.Id=pl.PostId#p.ViewCount,<=,6404,p.CreationDate,>=,1239521057#680656
comments c,posts p,postLinks pl#c.UserId=p.OwnerUserId,p.Id=pl.PostId#p.AnswerCount,<=,7,pl.LinkTypeId,=,1#638193
comments c,posts p,postLinks pl#c.UserId=p.OwnerUserId,p.Id=pl.PostId#c.Score,=,0,pl.LinkTypeId,=,1#539040
comments c,posts p,postLinks pl#c.UserId=p.OwnerUserId,p.Id=pl.PostId#p.PostTypeId,=,1,pl.CreationDate,<=,1402582022#650448
comments c,posts p,postLinks pl#c.UserId=p.OwnerUserId,p.Id=pl.PostId#c.CreationDate,<=,1410297091,p.CreationDate,<=,1410651939#703708
comments c,posts p,postLinks pl#c.UserId=p.OwnerUserId,p.Id=pl.PostId#p.ViewCount,>=,0,p.CommentCount,<=,16#701110
comments c,posts p,postLinks pl#c.UserId=p.OwnerUserId,p.Id=pl.PostId#c.CreationDate,>=,1279805913,pl.LinkTypeId,=,1#685775
comments c,posts p,postLinks pl#c.UserId=p.OwnerUserId,p.Id=pl.PostId#p.AnswerCount,=,1,p.CreationDate,<=,1410396790#257838
comments c,posts p,postLinks pl#c.UserId=p.OwnerUserId,p.Id=pl.PostId#c.Score,=,0,p.CommentCount,<=,23#556468
comments c,posts p,postLinks pl#c.UserId=p.OwnerUserId,p.Id=pl.PostId#p.AnswerCount,>=,0,pl.LinkTypeId,=,1#686718
comments c,posts p,postLinks pl#c.UserId=p.OwnerUserId,p.Id=pl.PostId#p.ViewCount,<=,4871,p.CreationDate,>=,1280329090#657981
comments c,posts p,postLinks pl#c.UserId=p.OwnerUserId,p.Id=pl.PostId#p.FavoriteCount,>=,0,p.CreationDate,<=,1408947297#480238
comments c,posts p,postLinks pl#c.UserId=p.OwnerUserId,p.Id=pl.PostId#p.AnswerCount,<=,3,p.CommentCount,>=,0#583661
comments c,posts p,postLinks pl#c.UserId=p.OwnerUserId,p.Id=pl.PostId#c.CreationDate,>=,1279569957,c.CreationDate,<=,1410540371#705450
comments c,posts p,postLinks pl#c.UserId=p.OwnerUserId,p.Id=pl.PostId#p.CreationDate,>=,1279567458,pl.CreationDate,<=,1400879974#638205
comments c,posts p,postHistory ph#p.Id=c.PostId,p.Id=ph.PostId#p.PostTypeId,=,1,ph.PostHistoryTypeId,=,2#90677
comments c,posts p,postHistory ph#p.Id=c.PostId,p.Id=ph.PostId#p.AnswerCount,=,2,p.FavoriteCount,>=,0#50933
comments c,posts p,postHistory ph#p.Id=c.PostId,p.Id=ph.PostId#p.Score,>=,-1,p.Score,<=,21#682563
comments c,posts p,postHistory ph#p.Id=c.PostId,p.Id=ph.PostId#p.Score,<=,10,p.ViewCount,>=,0#487521
comments c,posts p,postHistory ph#p.Id=c.PostId,p.Id=ph.PostId#p.PostTypeId,=,1,p.ViewCount,<=,1885#478495
comments c,posts p,postHistory ph#p.Id=c.PostId,p.Id=ph.PostId#p.CommentCount,>=,0,p.FavoriteCount,<=,6#183613
comments c,posts p,postHistory ph#p.Id=c.PostId,p.Id=ph.PostId#p.ViewCount,>=,0,p.CreationDate,<=,1409567457#513598
comments c,posts p,postHistory ph#p.Id=c.PostId,p.Id=ph.PostId#p.FavoriteCount,>=,0,ph.PostHistoryTypeId,=,5#48415
comments c,posts p,postHistory ph#p.Id=c.PostId,p.Id=ph.PostId#p.AnswerCount,<=,3,ph.CreationDate,>=,1283877912#487927
comments c,posts p,postHistory ph#p.Id=c.PostId,p.Id=ph.PostId#c.CreationDate,=,1398364218,p.AnswerCount,<=,3#7
comments c,posts p,postHistory ph#p.Id=c.PostId,p.Id=ph.PostId#c.Score,=,0,p.ViewCount,>=,0#382495
comments c,posts p,postHistory ph#p.Id=c.PostId,p.Id=ph.PostId#p.PostTypeId,=,1,p.CreationDate,>=,1279608073#519014
comments c,posts p,postHistory ph#p.Id=c.PostId,p.Id=ph.PostId#p.ViewCount,>=,0,p.CreationDate,>=,1279774730#518639
comments c,posts p,postHistory ph#p.Id=c.PostId,p.Id=ph.PostId#p.AnswerCount,<=,3,ph.PostHistoryTypeId,=,2#86335
comments c,posts p,postHistory ph#p.Id=c.PostId,p.Id=ph.PostId#p.ViewCount,=,102,p.CreationDate,>=,1280325589#1891
comments c,posts p,postHistory ph#p.Id=c.PostId,p.Id=ph.PostId#p.AnswerCount,>=,0,ph.PostHistoryTypeId,=,2#90677
comments c,posts p,postHistory ph#p.Id=c.PostId,p.Id=ph.PostId#p.PostTypeId,=,1,p.CreationDate,>=,1280220145#517831
comments c,posts p,postHistory ph#p.Id=c.PostId,p.Id=ph.PostId#p.PostTypeId,=,1,p.AnswerCount,=,0#153512
comments c,posts p,postHistory ph#p.Id=c.PostId,p.Id=ph.PostId#c.CreationDate,<=,1410527677,p.CreationDate,>=,1279655973#700890
comments c,posts p,postHistory ph#p.Id=c.PostId,p.Id=ph.PostId#p.PostTypeId,=,2,p.CommentCount,=,3#21609
comments c,posts p,postHistory ph#p.Id=c.PostId,p.Id=ph.PostId#c.Score,=,0,ph.CreationDate,<=,1401447352#471522
comments c,posts p,postHistory ph#p.Id=c.PostId,p.Id=ph.PostId#p.FavoriteCount,<=,19,ph.CreationDate,>=,1287174277#191866
comments c,posts p,postHistory ph#p.Id=c.PostId,p.Id=ph.PostId#p.CommentCount,>=,0,p.CommentCount,<=,10#608741
comments c,posts p,postHistory ph#p.Id=c.PostId,p.Id=ph.PostId#c.Score,=,0,p.AnswerCount,>=,0#382495
comments c,posts p,postHistory ph#p.Id=c.PostId,p.Id=ph.PostId#c.CreationDate,<=,1410248946,p.PostTypeId,=,2#182818
comments c,posts p,postHistory ph#p.Id=c.PostId,p.Id=ph.PostId#p.PostTypeId,=,1,ph.PostHistoryTypeId,=,5#118163
comments c,posts p,postHistory ph#p.Id=c.PostId,p.Id=ph.PostId#p.CommentCount,>=,0,ph.PostHistoryTypeId,=,4#40536
comments c,posts p,postHistory ph#p.Id=c.PostId,p.Id=ph.PostId#c.CreationDate,>=,1279720892,c.CreationDate,<=,1410606273#702730
comments c,posts p,postHistory ph#p.Id=c.PostId,p.Id=ph.PostId#p.CommentCount,<=,9,p.FavoriteCount,>=,0#161635
comments c,posts p,postHistory ph#p.Id=c.PostId,p.Id=ph.PostId#ph.PostHistoryTypeId,=,5,ph.CreationDate,>=,1299665494#197745
comments c,posts p,postHistory ph#p.Id=c.PostId,p.Id=ph.PostId#p.CreationDate,>=,1280243662,ph.PostHistoryTypeId,=,3#90290
comments c,posts p,postHistory ph#p.Id=c.PostId,p.Id=ph.PostId#p.FavoriteCount,>=,0,ph.PostHistoryTypeId,=,2#31599
comments c,posts p,postHistory ph#p.Id=c.PostId,p.Id=ph.PostId#p.CreationDate,<=,1409154490,ph.CreationDate,<=,1410353048#691598
comments c,posts p,postHistory ph#p.Id=c.PostId,p.Id=ph.PostId#p.PostTypeId,=,1,p.AnswerCount,>=,0#520351
comments c,posts p,postHistory ph#p.Id=c.PostId,p.Id=ph.PostId#p.Score,<=,105,ph.PostHistoryTypeId,=,3#90608
comments c,posts p,postHistory ph#p.Id=c.PostId,p.Id=ph.PostId#p.CommentCount,>=,0,ph.CreationDate,>=,1279567803#703840
comments c,posts p,postHistory ph#p.Id=c.PostId,p.Id=ph.PostId#p.FavoriteCount,<=,29,p.CreationDate,<=,1409410489#198355
comments c,posts p,postHistory ph#p.Id=c.PostId,p.Id=ph.PostId#c.CreationDate,<=,1410506997,p.CommentCount,>=,0#703029
comments c,posts p,postHistory ph#p.Id=c.PostId,p.Id=ph.PostId#ph.CreationDate,>=,1281528755,ph.CreationDate,<=,1406049290#659870
comments c,posts p,postHistory ph#p.Id=c.PostId,p.Id=ph.PostId#p.ViewCount,>=,0,p.FavoriteCount,>=,0#202696
comments c,posts p,postHistory ph#p.Id=c.PostId,p.Id=ph.PostId#p.AnswerCount,>=,0,p.AnswerCount,<=,3#490501
comments c,posts p,postHistory ph#p.Id=c.PostId,p.Id=ph.PostId#c.Score,=,0,p.CreationDate,>=,1260039970#529722
comments c,posts p,postHistory ph#p.Id=c.PostId,p.Id=ph.PostId#ph.CreationDate,>=,1283290404,ph.CreationDate,<=,1407340812#668230
comments c,posts p,postHistory ph#p.Id=c.PostId,p.Id=ph.PostId#p.PostTypeId,=,1,p.AnswerCount,>=,0#520351
comments c,posts p,postHistory ph#p.Id=c.PostId,p.Id=ph.PostId#p.PostTypeId,=,1,ph.PostHistoryTypeId,=,5#118163
comments c,posts p,postHistory ph#p.Id=c.PostId,p.Id=ph.PostId#c.Score,=,0,p.CreationDate,<=,1408442936#516209
comments c,posts p,postHistory ph#p.Id=c.PostId,p.Id=ph.PostId#p.CreationDate,<=,1410486782,ph.PostHistoryTypeId,=,3#90563
comments c,posts p,postHistory ph#p.Id=c.PostId,p.Id=ph.PostId#p.CommentCount,<=,12,ph.CreationDate,>=,1281132961#640550
comments c,posts p,postHistory ph#p.Id=c.PostId,p.Id=ph.PostId#c.Score,=,0,ph.CreationDate,<=,1406127382#500560
comments c,posts p,postHistory ph#p.Id=c.PostId,p.Id=ph.PostId#c.CreationDate,<=,1410613262,ph.CreationDate,>=,1280213529#700909
comments c,posts p,postHistory ph#p.Id=c.PostId,p.Id=ph.PostId#p.PostTypeId,=,2,ph.CreationDate,<=,1410335162#183191
comments c,posts p,postHistory ph#p.Id=c.PostId,p.Id=ph.PostId#c.CreationDate,>=,1279631209,p.FavoriteCount,<=,12#194117
comments c,posts p,postHistory ph#p.Id=c.PostId,p.Id=ph.PostId#p.CreationDate,=,1294005346,ph.PostHistoryTypeId,=,5#4
comments c,posts p,postHistory ph#p.Id=c.PostId,p.Id=ph.PostId#c.Score,=,0,p.ViewCount,>=,0#382495
comments c,posts p,postHistory ph#p.Id=c.PostId,p.Id=ph.PostId#p.PostTypeId,=,1,p.AnswerCount,>=,0#520351
comments c,posts p,postHistory ph#p.Id=c.PostId,p.Id=ph.PostId#p.Score,>=,-1,ph.CreationDate,>=,1282831017#690884
comments c,posts p,postHistory ph#p.Id=c.PostId,p.Id=ph.PostId#c.Score,=,0,p.AnswerCount,<=,4#372874
comments c,posts p,postHistory ph#p.Id=c.PostId,p.Id=ph.PostId#c.CreationDate,>=,1239521894,p.AnswerCount,<=,3#490501
comments c,posts p,postHistory ph#p.Id=c.PostId,p.Id=ph.PostId#p.FavoriteCount,>=,0,ph.CreationDate,>=,1287659801#195173
comments c,posts p,postHistory ph#p.Id=c.PostId,p.Id=ph.PostId#c.Score,=,0,p.ViewCount,>=,0#382495
comments c,posts p,postHistory ph#p.Id=c.PostId,p.Id=ph.PostId#p.PostTypeId,=,1,p.CreationDate,>=,1280416856#517245
comments c,posts p,postHistory ph#p.Id=c.PostId,p.Id=ph.PostId#c.Score,=,0,p.FavoriteCount,>=,0#143680
comments c,posts p,postHistory ph#p.Id=c.PostId,p.Id=ph.PostId#c.Score,=,0,p.CreationDate,>=,1280220195#527229
comments c,posts p,postHistory ph#p.Id=c.PostId,p.Id=ph.PostId#c.Score,=,0,p.CommentCount,<=,10#454331
comments c,posts p,postHistory ph#p.Id=c.PostId,p.Id=ph.PostId#p.FavoriteCount,>=,0,ph.CreationDate,<=,1402502226#191073
comments c,posts p,postHistory ph#p.Id=c.PostId,p.Id=ph.PostId#c.CreationDate,>=,1280327820,p.PostTypeId,=,2#182839
comments c,posts p,postHistory ph#p.Id=c.PostId,p.Id=ph.PostId#p.ViewCount,>=,0,p.CommentCount,>=,0#520351
comments c,posts p,postHistory ph#p.Id=c.PostId,p.Id=ph.PostId#p.ViewCount,>=,0,ph.CreationDate,<=,1408698277#508123
comments c,posts p,postHistory ph#p.Id=c.PostId,p.Id=ph.PostId#p.AnswerCount,>=,0,ph.PostHistoryTypeId,=,1#90677
comments c,posts p,postHistory ph#p.Id=c.PostId,p.Id=ph.PostId#c.Score,=,0,c.CreationDate,>=,1279569378#529686
comments c,posts p,postHistory ph#p.Id=c.PostId,p.Id=ph.PostId#c.CreationDate,>=,1285185427,p.AnswerCount,<=,12#512534
comments c,posts p,postHistory ph#p.Id=c.PostId,p.Id=ph.PostId#p.Score,>=,0,p.CreationDate,<=,1409429630#683207
comments c,posts p,postHistory ph#p.Id=c.PostId,p.Id=ph.PostId#p.Score,>=,-1,p.Score,<=,22#683821
comments c,posts p,postHistory ph#p.Id=c.PostId,p.Id=ph.PostId#p.CommentCount,<=,16,p.FavoriteCount,>=,0#193569
comments c,posts p,postHistory ph#p.Id=c.PostId,p.Id=ph.PostId#p.Score,>=,0,p.Score,<=,64#689584
comments c,posts p,postHistory ph#p.Id=c.PostId,p.Id=ph.PostId#c.Score,=,0,ph.PostHistoryTypeId,=,2#134887
comments c,posts p,postHistory ph#p.Id=c.PostId,p.Id=ph.PostId#p.FavoriteCount,<=,8,ph.PostHistoryTypeId,=,2#29796
comments c,posts p,postHistory ph#p.Id=c.PostId,p.Id=ph.PostId#p.CommentCount,>=,0,p.CommentCount,<=,13#656827
comments c,posts p,postHistory ph#p.Id=c.PostId,p.Id=ph.PostId#c.CreationDate,>=,1280229381,p.PostTypeId,=,2#183004
comments c,posts p,postHistory ph#p.Id=c.PostId,p.Id=ph.PostId#p.AnswerCount,<=,8,ph.PostHistoryTypeId,=,3#90187
comments c,posts p,postHistory ph#p.Id=c.PostId,p.Id=ph.PostId#p.PostTypeId,=,1,p.CreationDate,>=,1279573456#519589
comments c,posts p,postHistory ph#p.Id=c.PostId,p.Id=ph.PostId#p.PostTypeId,=,1,p.AnswerCount,>=,0#520351
comments c,posts p,postHistory ph#p.Id=c.PostId,p.Id=ph.PostId#ph.CreationDate,>=,1299078236,ph.CreationDate,<=,1410272751#660793
comments c,posts p,postHistory ph#p.Id=c.PostId,p.Id=ph.PostId#p.ViewCount,<=,7210,p.AnswerCount,<=,4#498920
comments c,posts p,postHistory ph#p.Id=c.PostId,p.Id=ph.PostId#p.ViewCount,>=,0,p.CreationDate,>=,1233584472#520351
comments c,posts p,postHistory ph#p.Id=c.PostId,p.Id=ph.PostId#p.ViewCount,>=,0,ph.CreationDate,>=,1281393083#517110
comments c,posts p,postHistory ph#p.Id=c.PostId,p.Id=ph.PostId#p.PostTypeId,=,1,ph.CreationDate,<=,1404825732#484661
comments c,posts p,postHistory ph#p.Id=c.PostId,p.Id=ph.PostId#p.PostTypeId,=,1,p.Score,>=,0#511814
comments c,posts p,postHistory ph#p.Id=c.PostId,p.Id=ph.PostId#p.ViewCount,>=,0,p.CommentCount,>=,0#520351
comments c,posts p,postHistory ph#p.Id=c.PostId,p.Id=ph.PostId#p.ViewCount,<=,27071,ph.PostHistoryTypeId,=,3#90450
comments c,posts p,postHistory ph#p.Id=c.PostId,p.Id=ph.PostId#p.PostTypeId,=,1,ph.PostHistoryTypeId,=,5#118163
comments c,posts p,postHistory ph#p.Id=c.PostId,p.Id=ph.PostId#c.Score,=,1,p.CommentCount,>=,0#107967
comments c,posts p,postHistory ph#p.Id=c.PostId,p.Id=ph.PostId#c.CreationDate,=,1373728235,p.PostTypeId,=,1#5
comments c,posts p,postHistory ph#p.Id=c.PostId,p.Id=ph.PostId#p.CommentCount,<=,15,p.CreationDate,=,1299245577#3
comments c,posts p,postHistory ph#p.Id=c.PostId,p.Id=ph.PostId#c.Score,=,1,c.CreationDate,>=,1280709809#107542
comments c,posts p,postHistory ph#p.Id=c.PostId,p.Id=ph.PostId#c.Score,=,1,p.ViewCount,>=,0#84031
comments c,posts p,postHistory ph#p.Id=c.PostId,p.Id=ph.PostId#p.CreationDate,>=,1281166484,ph.CreationDate,>=,1284125940#691969
comments c,posts p,postHistory ph#p.Id=c.PostId,p.Id=ph.PostId#p.CommentCount,>=,0,p.CreationDate,>=,1279581665#702472
comments c,posts p,postHistory ph#p.Id=c.PostId,p.Id=ph.PostId#c.Score,=,0,p.AnswerCount,<=,4#372874
comments c,posts p,postHistory ph#p.Id=c.PostId,p.Id=ph.PostId#c.Score,=,1,p.PostTypeId,=,1#84031
comments c,posts p,postHistory ph#p.Id=c.PostId,p.Id=ph.PostId#c.CreationDate,>=,1280607615,ph.PostHistoryTypeId,=,3#90348
comments c,posts p,postHistory ph#p.Id=c.PostId,p.Id=ph.PostId#ph.PostHistoryTypeId,=,2,ph.CreationDate,>=,1286838933#168911
comments c,posts p,postHistory ph#p.Id=c.PostId,p.Id=ph.PostId#p.AnswerCount,=,0,ph.CreationDate,<=,1408898300#147957
comments c,posts p,postHistory ph#p.Id=c.PostId,p.Id=ph.PostId#c.CreationDate,<=,1410367168,p.FavoriteCount,<=,16#196445
comments c,posts p,users u#c.PostId=p.Id,c.UserId=u.Id#p.FavoriteCount,>=,0,u.UpVotes,>=,0#30847
comments c,posts p,users u#c.PostId=p.Id,c.UserId=u.Id#c.CreationDate,>=,1285837091,p.AnswerCount,>=,0#87813
comments c,posts p,users u#c.PostId=p.Id,c.UserId=u.Id#c.Score,=,0,u.Reputation,=,23#630
comments c,posts p,users u#c.PostId=p.Id,c.UserId=u.Id#p.PostTypeId,=,1,u.UpVotes,>=,0#88892
comments c,posts p,users u#c.PostId=p.Id,c.UserId=u.Id#u.DownVotes,>=,0,u.DownVotes,<=,0#61707
comments c,posts p,users u#c.PostId=p.Id,c.UserId=u.Id#p.AnswerCount,>=,0,u.Views,=,0#2857
comments c,posts p,users u#c.PostId=p.Id,c.UserId=u.Id#c.Score,=,0,u.DownVotes,=,0#56141
comments c,posts p,users u#c.PostId=p.Id,c.UserId=u.Id#c.Score,=,0,c.CreationDate,>=,1239522970#132706
comments c,posts p,users u#c.PostId=p.Id,c.UserId=u.Id#p.AnswerCount,>=,0,u.CreationDate,<=,1407602986#88305
comments c,posts p,users u#c.PostId=p.Id,c.UserId=u.Id#c.Score,=,0,u.CreationDate,>=,1293754972#96195
comments c,posts p,users u#c.PostId=p.Id,c.UserId=u.Id#p.PostTypeId,=,1,p.AnswerCount,=,8#246
comments c,posts p,users u#c.PostId=p.Id,c.UserId=u.Id#c.CreationDate,<=,1410595681,u.UpVotes,>=,0#171364
comments c,posts p,users u#c.PostId=p.Id,c.UserId=u.Id#p.PostTypeId,=,2,u.UpVotes,>=,0#82545
comments c,posts p,users u#c.PostId=p.Id,c.UserId=u.Id#u.DownVotes,<=,1,u.UpVotes,<=,57#59503
comments c,posts p,users u#c.PostId=p.Id,c.UserId=u.Id#u.Views,<=,991,u.DownVotes,<=,0#61686
comments c,posts p,users u#c.PostId=p.Id,c.UserId=u.Id#u.DownVotes,<=,0,u.CreationDate,>=,1302523314#53250
comments c,posts p,users u#c.PostId=p.Id,c.UserId=u.Id#u.UpVotes,>=,0,u.UpVotes,<=,7#40141
comments c,posts p,users u#c.PostId=p.Id,c.UserId=u.Id#u.CreationDate,>=,1279573957,u.CreationDate,<=,1410118981#168751
comments c,posts p,users u#c.PostId=p.Id,c.UserId=u.Id#u.Reputation,>=,1,u.CreationDate,<=,1409843027#171313
comments c,posts p,users u#c.PostId=p.Id,c.UserId=u.Id#c.CreationDate,>=,1282212012,c.CreationDate,<=,1409944160#168381
comments c,posts p,users u#c.PostId=p.Id,c.UserId=u.Id#p.Score,<=,19,u.DownVotes,>=,0#167751
comments c,posts p,users u#c.PostId=p.Id,c.UserId=u.Id#p.AnswerCount,=,2,p.FavoriteCount,<=,19#7548
comments c,posts p,users u#c.PostId=p.Id,c.UserId=u.Id#p.Score,=,1,u.CreationDate,>=,1299634259#25569
comments c,posts p,users u#c.PostId=p.Id,c.UserId=u.Id#p.AnswerCount,>=,0,u.Views,<=,39#25330
comments c,posts p,users u#c.PostId=p.Id,c.UserId=u.Id#p.CommentCount,>=,0,u.UpVotes,<=,73#71644
comments c,posts p,users u#c.PostId=p.Id,c.UserId=u.Id#u.UpVotes,<=,244,u.CreationDate,<=,1409145909#91950
comments c,posts p,users u#c.PostId=p.Id,c.UserId=u.Id#p.CreationDate,<=,1408511943,u.CreationDate,<=,1409703875#167231
comments c,posts p,users u#c.PostId=p.Id,c.UserId=u.Id#c.Score,=,0,p.CreationDate,<=,1410245104#132114
comments c,posts p,users u#c.UserId=u.Id,u.Id=p.OwnerUserId#u.Reputation,>=,1,u.Views,>=,0#56398574
comments c,posts p,users u#c.UserId=u.Id,u.Id=p.OwnerUserId#c.Score,=,0,p.PostTypeId,=,2#33714795
comments c,posts p,users u#c.UserId=u.Id,u.Id=p.OwnerUserId#c.Score,=,0,p.PostTypeId,=,2#33714795
comments c,posts p,users u#c.UserId=u.Id,u.Id=p.OwnerUserId#c.CreationDate,<=,1410387942,u.Reputation,>=,1#56236391
comments c,posts p,users u#c.UserId=u.Id,u.Id=p.OwnerUserId#c.Score,=,0,p.ViewCount,<=,13526#1448691
comments c,posts p,users u#c.UserId=u.Id,u.Id=p.OwnerUserId#u.Reputation,=,103,u.Views,=,7#19
comments c,posts p,users u#c.UserId=u.Id,u.Id=p.OwnerUserId#p.FavoriteCount,>=,0,p.CreationDate,>=,1282666673#854660
comments c,posts p,users u#c.UserId=u.Id,u.Id=p.OwnerUserId#u.CreationDate,>=,1292484380,u.CreationDate,<=,1409254740#15093479
comments c,posts p,users u#c.UserId=u.Id,u.Id=p.OwnerUserId#c.CreationDate,>=,1280943020,p.PostTypeId,=,2#51541806
comments c,posts p,users u#c.UserId=u.Id,u.Id=p.OwnerUserId#p.Score,<=,23,p.ViewCount,=,393#1058
comments c,posts p,users u#c.UserId=u.Id,u.Id=p.OwnerUserId#p.CommentCount,>=,0,p.CommentCount,<=,19#56268524
comments c,posts p,users u#c.UserId=u.Id,u.Id=p.OwnerUserId#u.Reputation,=,101,u.Views,>=,0#830
comments c,posts p,users u#c.UserId=u.Id,u.Id=p.OwnerUserId#u.CreationDate,>=,1279597253,u.CreationDate,<=,1410271839#55562272
comments c,posts p,users u#c.UserId=u.Id,u.Id=p.OwnerUserId#p.Score,<=,60,p.FavoriteCount,>=,0#911014
comments c,posts p,users u#c.UserId=u.Id,u.Id=p.OwnerUserId#p.Score,<=,87,u.UpVotes,>=,0#56370457
comments c,posts p,users u#c.UserId=u.Id,u.Id=p.OwnerUserId#c.Score,=,0,u.UpVotes,>=,0#37053202
comments c,posts p,users u#c.UserId=u.Id,u.Id=p.OwnerUserId#p.FavoriteCount,<=,17,u.UpVotes,>=,0#888607
comments c,posts p,users u#c.UserId=u.Id,u.Id=p.OwnerUserId#p.Score,>=,-2,u.UpVotes,<=,69#1561476
comments c,posts p,users u#c.UserId=u.Id,u.Id=p.OwnerUserId#p.AnswerCount,>=,0,u.Views,<=,356#747685
comments c,posts p,users u#c.UserId=u.Id,u.Id=p.OwnerUserId#c.CreationDate,<=,1410528633,p.PostTypeId,=,1#1793198
comments c,posts p,users u#c.UserId=u.Id,u.Id=p.OwnerUserId#p.FavoriteCount,>=,0,u.DownVotes,>=,0#917345
comments c,posts p,users u#c.UserId=u.Id,u.Id=p.OwnerUserId#u.UpVotes,>=,0,u.CreationDate,<=,1410010658#56398258
comments c,posts p,users u#c.UserId=u.Id,u.Id=p.OwnerUserId#p.ViewCount,>=,0,u.Reputation,=,62#309
comments c,posts p,users u#c.UserId=u.Id,u.Id=p.OwnerUserId#c.CreationDate,<=,1410410136,p.CreationDate,>=,1282172285#55778282
comments c,posts p,users u#c.UserId=u.Id,u.Id=p.OwnerUserId#c.Score,=,0,p.AnswerCount,=,0#311565
comments c,posts p,users u#c.UserId=u.Id,u.Id=p.OwnerUserId#p.Score,<=,15,u.Views,=,22#5331
comments c,posts p,users u#c.UserId=u.Id,u.Id=p.OwnerUserId#c.Score,=,0,u.Reputation,>=,1#37053202
comments c,posts p,users u#c.UserId=u.Id,u.Id=p.OwnerUserId#p.Score,>=,0,u.UpVotes,<=,10#260896
comments c,posts p,users u#c.UserId=u.Id,u.Id=p.OwnerUserId#p.ViewCount,>=,0,p.CreationDate,>=,1279624242#1790317
comments c,posts p,users u#c.UserId=u.Id,u.Id=p.OwnerUserId#p.Score,>=,-1,p.ViewCount,>=,0#1790144
comments c,posts p,users u#c.UserId=u.Id,u.Id=p.OwnerUserId#u.Reputation,>=,1,u.Reputation,<=,436#434421
comments c,posts p,users u#c.UserId=u.Id,u.Id=p.OwnerUserId#p.CommentCount,=,2,u.UpVotes,>=,0#7645640
comments c,posts p,users u#c.UserId=u.Id,u.Id=p.OwnerUserId#p.AnswerCount,=,2,p.CreationDate,<=,1410360892#397584
comments c,postHistory ph,users u#u.Id=c.UserId,c.UserId=ph.UserId#ph.PostHistoryTypeId,=,2,ph.CreationDate,<=,1398626138#46779078
comments c,postHistory ph,users u#u.Id=c.UserId,c.UserId=ph.UserId#c.Score,=,0,ph.PostHistoryTypeId,=,2#35887821
comments c,postHistory ph,users u#u.Id=c.UserId,c.UserId=ph.UserId#ph.CreationDate,>=,1279916045,ph.CreationDate,<=,1409975387#260744769
comments c,postHistory ph,users u#u.Id=c.UserId,c.UserId=ph.UserId#ph.CreationDate,<=,1404194398,u.Reputation,>=,1#242798526
comments c,postHistory ph,users u#u.Id=c.UserId,c.UserId=ph.UserId#u.Reputation,>=,1,u.Reputation,<=,441#1462839
comments c,postHistory ph,users u#u.Id=c.UserId,c.UserId=ph.UserId#u.Reputation,>=,1,u.Views,>=,0#263105194
comments c,postHistory ph,users u#u.Id=c.UserId,c.UserId=ph.UserId#c.Score,=,0,u.DownVotes,=,0#2347469
comments c,postHistory ph,users u#u.Id=c.UserId,c.UserId=ph.UserId#ph.CreationDate,<=,1409794589,u.Reputation,<=,133#506892
comments c,postHistory ph,users u#u.Id=c.UserId,c.UserId=ph.UserId#u.CreationDate,>=,1306537424,u.CreationDate,<=,1410623815#57711161
comments c,postHistory ph,users u#u.Id=c.UserId,c.UserId=ph.UserId#u.DownVotes,<=,65,u.UpVotes,>=,0#31316699
comments c,postHistory ph,users u#u.Id=c.UserId,c.UserId=ph.UserId#ph.PostHistoryTypeId,=,1,ph.CreationDate,<=,1410424864#1791919
comments c,postHistory ph,users u#u.Id=c.UserId,c.UserId=ph.UserId#u.Reputation,=,6,u.UpVotes,=,0#13318
comments c,postHistory ph,users u#u.Id=c.UserId,c.UserId=ph.UserId#u.Views,>=,0,u.UpVotes,>=,0#263105194
comments c,postHistory ph,users u#u.Id=c.UserId,c.UserId=ph.UserId#ph.PostHistoryTypeId,=,5,u.Views,=,0#3232
comments c,postHistory ph,users u#u.Id=c.UserId,c.UserId=ph.UserId#c.CreationDate,>=,1281005604,ph.PostHistoryTypeId,=,2#54510506
comments c,postHistory ph,users u#u.Id=c.UserId,c.UserId=ph.UserId#u.Views,>=,0,u.CreationDate,>=,1298989081#59118162
comments c,postHistory ph,users u#u.Id=c.UserId,c.UserId=ph.UserId#c.CreationDate,>=,1281457729,u.UpVotes,<=,21#1197084
comments c,postHistory ph,users u#u.Id=c.UserId,c.UserId=ph.UserId#ph.CreationDate,>=,1280925132,u.CreationDate,<=,1406139866#262754952
comments c,postHistory ph,users u#u.Id=c.UserId,c.UserId=ph.UserId#ph.PostHistoryTypeId,=,1,ph.CreationDate,<=,1401236728#1674640
comments c,postHistory ph,users u#u.Id=c.UserId,c.UserId=ph.UserId#ph.CreationDate,<=,1408716162,u.Views,=,0#21344
comments c,postHistory ph,users u#u.Id=c.UserId,c.UserId=ph.UserId#ph.PostHistoryTypeId,=,2,u.DownVotes,<=,2#1368417
comments c,postHistory ph,users u#u.Id=c.UserId,c.UserId=ph.UserId#ph.CreationDate,>=,1279717893,ph.CreationDate,<=,1402916887#239093130
comments c,postHistory ph,users u#u.Id=c.UserId,c.UserId=ph.UserId#c.Score,=,0,ph.PostHistoryTypeId,=,2#35887821
comments c,postHistory ph,users u#u.Id=c.UserId,c.UserId=ph.UserId#c.CreationDate,>=,1283042071,ph.PostHistoryTypeId,=,5#110899201
comments c,postHistory ph,users u#u.Id=c.UserId,c.UserId=ph.UserId#ph.PostHistoryTypeId,=,5,ph.CreationDate,<=,1406160615#105463530
comments c,postHistory ph,users u#u.Id=c.UserId,c.UserId=ph.UserId#ph.CreationDate,>=,1299180951,u.CreationDate,<=,1408931174#248442312
comments c,postHistory ph,users u#u.Id=c.UserId,c.UserId=ph.UserId#c.Score,=,0,u.Reputation,>=,1#167312466
comments c,postHistory ph,users u#u.Id=c.UserId,c.UserId=ph.UserId#c.CreationDate,>=,1287153747,c.CreationDate,<=,1410278471#255450996
comments c,postHistory ph,users u#u.Id=c.UserId,c.UserId=ph.UserId#c.CreationDate,<=,1410230288,u.UpVotes,<=,230#8180603
comments c,postHistory ph,users u#u.Id=c.UserId,c.UserId=ph.UserId#u.Views,>=,0,u.Views,<=,4#129867
comments c,postHistory ph,users u#u.Id=c.UserId,c.UserId=ph.UserId#c.Score,=,0,u.UpVotes,>=,0#167312466
comments c,postHistory ph,users u#u.Id=c.UserId,c.UserId=ph.UserId#u.Views,<=,27,u.DownVotes,<=,16#664704
comments c,postHistory ph,users u#u.Id=c.UserId,c.UserId=ph.UserId#u.Reputation,<=,768,u.UpVotes,>=,0#2139166
comments c,postHistory ph,users u#u.Id=c.UserId,c.UserId=ph.UserId#u.Views,<=,108,u.DownVotes,=,0#1510597
comments c,postHistory ph,users u#u.Id=c.UserId,c.UserId=ph.UserId#u.Views,<=,36,u.UpVotes,<=,55#825676
comments c,postHistory ph,users u#u.Id=c.UserId,c.UserId=ph.UserId#u.Views,=,2,u.UpVotes,>=,0#26213
comments c,postHistory ph,users u#u.Id=c.UserId,c.UserId=ph.UserId#c.CreationDate,>=,1279792463,u.Reputation,>=,1#262927295
comments c,postHistory ph,users u#u.Id=c.UserId,c.UserId=ph.UserId#c.Score,=,0,u.DownVotes,>=,0#167312466
comments c,postHistory ph,users u#u.Id=c.UserId,c.UserId=ph.UserId#ph.CreationDate,<=,1410459241,u.Reputation,>=,1#262473267
comments c,postHistory ph,users u#u.Id=c.UserId,c.UserId=ph.UserId#c.Score,=,0,ph.PostHistoryTypeId,=,1#1458075
comments c,postHistory ph,users u#u.Id=c.UserId,c.UserId=ph.UserId#u.DownVotes,>=,0,u.UpVotes,<=,131#4941259
comments c,postHistory ph,users u#u.Id=c.UserId,c.UserId=ph.UserId#ph.PostHistoryTypeId,=,5,u.Views,=,0#3232
comments c,postHistory ph,users u#u.Id=c.UserId,c.UserId=ph.UserId#c.Score,=,0,ph.CreationDate,>=,1284511511#165815945
comments c,postHistory ph,users u#u.Id=c.UserId,c.UserId=ph.UserId#c.Score,=,0,u.Reputation,<=,651#1755509
comments c,postHistory ph,users u#u.Id=c.UserId,c.UserId=ph.UserId#c.Score,=,0,u.DownVotes,<=,0#2347469
comments c,postHistory ph,users u#u.Id=c.UserId,c.UserId=ph.UserId#u.Views,>=,0,u.Views,<=,62#1366111
comments c,postHistory ph,users u#u.Id=c.UserId,c.UserId=ph.UserId#ph.CreationDate,>=,1295793092,ph.CreationDate,<=,1407256446#240560666
comments c,postHistory ph,users u#u.Id=c.UserId,c.UserId=ph.UserId#c.Score,=,0,u.Views,>=,0#167312466
comments c,postHistory ph,users u#u.Id=c.UserId,c.UserId=ph.UserId#u.Views,>=,0,u.UpVotes,<=,24#1355816
comments c,postHistory ph,users u#u.Id=c.UserId,c.UserId=ph.UserId#c.Score,=,0,u.Reputation,>=,1#167312466
comments c,postHistory ph,users u#u.Id=c.UserId,c.UserId=ph.UserId#ph.PostHistoryTypeId,=,6,u.Reputation,>=,1#32775907
comments c,postHistory ph,users u#u.Id=c.UserId,c.UserId=ph.UserId#u.UpVotes,>=,0,u.UpVotes,<=,35#1745364
comments c,postHistory ph,users u#u.Id=c.UserId,c.UserId=ph.UserId#ph.PostHistoryTypeId,=,2,u.CreationDate,<=,1407600883#54608872
comments c,postHistory ph,users u#u.Id=c.UserId,c.UserId=ph.UserId#c.Score,=,0,ph.PostHistoryTypeId,=,2#35887821
comments c,postHistory ph,users u#u.Id=c.UserId,c.UserId=ph.UserId#c.Score,=,0,u.UpVotes,<=,28#1385415
comments c,postHistory ph,users u#u.Id=c.UserId,c.UserId=ph.UserId#ph.PostHistoryTypeId,=,2,ph.CreationDate,<=,1409754935#54012226
comments c,postHistory ph,users u#u.Id=c.UserId,c.UserId=ph.UserId#u.Reputation,>=,1,u.Reputation,<=,176#656831
comments c,postHistory ph,users u#u.Id=c.UserId,c.UserId=ph.UserId#c.Score,=,0,ph.PostHistoryTypeId,=,2#35887821
comments c,postHistory ph,users u#u.Id=c.UserId,c.UserId=ph.UserId#u.DownVotes,=,0,u.CreationDate,<=,1409944212#2574003
comments c,postHistory ph,users u#u.Id=c.UserId,c.UserId=ph.UserId#c.CreationDate,>=,1280179752,c.CreationDate,<=,1409187668#257489491
comments c,postHistory ph,users u#u.Id=c.UserId,c.UserId=ph.UserId#c.Score,=,0,ph.CreationDate,>=,1292078597#161665093
comments c,postHistory ph,users u#u.Id=c.UserId,c.UserId=ph.UserId#ph.PostHistoryTypeId,=,5,u.DownVotes,<=,0#499495
comments c,postHistory ph,users u#u.Id=c.UserId,c.UserId=ph.UserId#ph.CreationDate,>=,1288716541,u.Views,<=,31#772798
comments c,postHistory ph,users u#u.Id=c.UserId,c.UserId=ph.UserId#u.DownVotes,>=,0,u.UpVotes,>=,0#263105194
comments c,postHistory ph,users u#u.Id=c.UserId,c.UserId=ph.UserId#u.Reputation,<=,326,u.Views,<=,37#750893
comments c,postHistory ph,users u#u.Id=c.UserId,c.UserId=ph.UserId#ph.PostHistoryTypeId,=,5,ph.CreationDate,=,1404490440#26
comments c,postHistory ph,users u#u.Id=c.UserId,c.UserId=ph.UserId#ph.CreationDate,=,1280770152,u.Reputation,<=,301#54
comments c,postHistory ph,users u#u.Id=c.UserId,c.UserId=ph.UserId#u.CreationDate,>=,1281315023,u.CreationDate,<=,1410545072#181200636
comments c,postHistory ph,users u#u.Id=c.UserId,c.UserId=ph.UserId#ph.CreationDate,=,1359737363,u.DownVotes,>=,0#6
comments c,postHistory ph,users u#u.Id=c.UserId,c.UserId=ph.UserId#c.CreationDate,>=,1279936078,ph.CreationDate,>=,1312223879#233523947
comments c,postHistory ph,users u#u.Id=c.UserId,c.UserId=ph.UserId#ph.PostHistoryTypeId,=,1,ph.CreationDate,>=,1285216257#1697015
comments c,postHistory ph,users u#u.Id=c.UserId,c.UserId=ph.UserId#c.CreationDate,<=,1409969983,u.Reputation,<=,441#1451655
comments c,postHistory ph,users u#u.Id=c.UserId,c.UserId=ph.UserId#u.Reputation,>=,1,u.Reputation,<=,206#731701
comments c,postHistory ph,users u#u.Id=c.UserId,c.UserId=ph.UserId#ph.CreationDate,>=,1298020176,ph.CreationDate,<=,1409154490#244724928
comments c,postHistory ph,users u#u.Id=c.UserId,c.UserId=ph.UserId#u.DownVotes,>=,0,u.DownVotes,<=,1#3211132
comments c,postHistory ph,users u#u.Id=c.UserId,c.UserId=ph.UserId#c.CreationDate,<=,1410124166,u.CreationDate,>=,1279570474#254058432
comments c,postHistory ph,users u#u.Id=c.UserId,c.UserId=ph.UserId#c.CreationDate,>=,1280247757,ph.CreationDate,=,1318936617#9
comments c,postHistory ph,users u#u.Id=c.UserId,c.UserId=ph.UserId#ph.PostHistoryTypeId,=,1,u.Reputation,>=,1#1794583
comments c,postHistory ph,users u#u.Id=c.UserId,c.UserId=ph.UserId#u.UpVotes,>=,0,u.UpVotes,<=,92#4012491
comments c,postHistory ph,users u#u.Id=c.UserId,c.UserId=ph.UserId#ph.CreationDate,>=,1292464092,u.Views,<=,23#569238
comments c,postHistory ph,users u#u.Id=c.UserId,c.UserId=ph.UserId#u.Reputation,>=,1,u.Views,<=,124#2530704
comments c,postHistory ph,users u#u.Id=c.UserId,c.UserId=ph.UserId#ph.CreationDate,>=,1289586944,u.Views,=,2#26070
comments c,postHistory ph,users u#u.Id=c.UserId,c.UserId=ph.UserId#c.CreationDate,<=,1409681065,u.CreationDate,>=,1279630374#250089221
comments c,postHistory ph,users u#u.Id=c.UserId,c.UserId=ph.UserId#c.CreationDate,>=,1279825845,c.CreationDate,<=,1410431602#262259666
comments c,postHistory ph,users u#u.Id=c.UserId,c.UserId=ph.UserId#ph.CreationDate,=,1398170328,u.Views,<=,150#20
comments c,postHistory ph,users u#u.Id=c.UserId,c.UserId=ph.UserId#ph.PostHistoryTypeId,=,1,u.Views,>=,0#1794583
comments c,postHistory ph,users u#u.Id=c.UserId,c.UserId=ph.UserId#ph.PostHistoryTypeId,=,1,u.CreationDate,=,1401072052#2
comments c,postHistory ph,users u#u.Id=c.UserId,c.UserId=ph.UserId#u.Views,=,3,u.DownVotes,<=,0#25423
comments c,postHistory ph,users u#u.Id=c.UserId,c.UserId=ph.UserId#c.Score,=,0,c.CreationDate,<=,1410591163#167199843
comments c,postHistory ph,users u#u.Id=c.UserId,c.UserId=ph.UserId#u.DownVotes,>=,0,u.DownVotes,<=,2#3866328
comments c,postHistory ph,users u#u.Id=c.UserId,c.UserId=ph.UserId#u.Reputation,>=,1,u.DownVotes,>=,0#263105194
comments c,postHistory ph,users u#u.Id=c.UserId,c.UserId=ph.UserId#u.Reputation,<=,260,u.UpVotes,=,0#151298
comments c,postHistory ph,users u#u.Id=c.UserId,c.UserId=ph.UserId#c.CreationDate,>=,1280605004,u.CreationDate,<=,1410038955#262224895
comments c,postHistory ph,users u#u.Id=c.UserId,c.UserId=ph.UserId#c.Score,=,1,ph.CreationDate,<=,1409331166#55453166
comments c,postHistory ph,users u#u.Id=c.UserId,c.UserId=ph.UserId#c.CreationDate,>=,1281066959,ph.PostHistoryTypeId,=,4#25770766
comments c,postHistory ph,users u#u.Id=c.UserId,c.UserId=ph.UserId#ph.PostHistoryTypeId,=,2,ph.CreationDate,<=,1410549437#54528569
comments c,postHistory ph,users u#u.Id=c.UserId,c.UserId=ph.UserId#c.CreationDate,<=,1410505723,ph.PostHistoryTypeId,=,10#15201492
comments c,postHistory ph,users u#u.Id=c.UserId,c.UserId=ph.UserId#u.Views,<=,196,u.CreationDate,>=,1279743680#3385106
comments c,postHistory ph,users u#u.Id=c.UserId,c.UserId=ph.UserId#c.Score,=,0,u.Views,>=,0#167312466
comments c,postHistory ph,users u#u.Id=c.UserId,c.UserId=ph.UserId#ph.PostHistoryTypeId,=,2,u.Views,<=,182#1176098
comments c,postHistory ph,users u#u.Id=c.UserId,c.UserId=ph.UserId#ph.PostHistoryTypeId,=,5,u.UpVotes,<=,24#259366
comments c,postHistory ph,users u#u.Id=c.UserId,c.UserId=ph.UserId#c.Score,=,0,ph.CreationDate,=,1384715725#4854
comments c,postHistory ph,users u#u.Id=c.UserId,c.UserId=ph.UserId#u.CreationDate,>=,1289230496,u.CreationDate,<=,1408388922#70153126
comments c,postHistory ph,users u#u.Id=c.UserId,c.UserId=ph.UserId#ph.PostHistoryTypeId,=,5,u.CreationDate,<=,1410533572#111478223
comments c,postHistory ph,users u#u.Id=c.UserId,c.UserId=ph.UserId#u.UpVotes,>=,0,u.CreationDate,>=,1280912252#242244137
comments c,postHistory ph,users u#u.Id=c.UserId,c.UserId=ph.UserId#c.Score,=,0,u.Reputation,<=,371#1136308
comments c,postHistory ph,users u#u.Id=c.UserId,c.UserId=ph.UserId#c.Score,=,0,u.Views,>=,0#167312466
comments c,postHistory ph,users u#u.Id=c.UserId,c.UserId=ph.UserId#ph.PostHistoryTypeId,=,5,u.DownVotes,<=,0#499495
comments c,postHistory ph,users u#u.Id=c.UserId,c.UserId=ph.UserId#u.Reputation,>=,1,u.Reputation,<=,776#2143410
comments c,postHistory ph,users u#u.Id=c.UserId,c.UserId=ph.UserId#c.Score,=,0,c.CreationDate,=,1369154177#1134
comments c,postHistory ph,users u#u.Id=c.UserId,c.UserId=ph.UserId#ph.CreationDate,>=,1281596651,u.Reputation,>=,1#262573115
comments c,postHistory ph,users u#u.Id=c.UserId,c.UserId=ph.UserId#u.UpVotes,<=,10,u.CreationDate,<=,1410135003#738847
comments c,postHistory ph,users u#u.Id=c.UserId,c.UserId=ph.UserId#c.Score,=,0,u.Views,>=,0#167312466
comments c,postHistory ph,users u#u.Id=c.UserId,c.UserId=ph.UserId#ph.PostHistoryTypeId,=,5,u.Reputation,>=,1#111478223
comments c,postHistory ph,users u#u.Id=c.UserId,c.UserId=ph.UserId#c.CreationDate,<=,1410644950,u.Reputation,>=,1#263068618
comments c,postHistory ph,users u#u.Id=c.UserId,c.UserId=ph.UserId#ph.PostHistoryTypeId,=,3,u.CreationDate,>=,1280239440#1616840
comments c,postHistory ph,users u#u.Id=c.UserId,c.UserId=ph.UserId#u.DownVotes,>=,0,u.DownVotes,<=,0#2574785
comments c,postHistory ph,users u#u.Id=c.UserId,c.UserId=ph.UserId#c.CreationDate,>=,1279724909,u.Reputation,<=,2316#5037983
comments c,postHistory ph,users u#u.Id=c.UserId,c.UserId=ph.UserId#c.Score,=,0,ph.CreationDate,>=,1281524021#166956923
comments c,postHistory ph,users u#u.Id=c.UserId,c.UserId=ph.UserId#ph.PostHistoryTypeId,=,5,u.DownVotes,=,0#499495
comments c,postHistory ph,users u#u.Id=c.UserId,c.UserId=ph.UserId#ph.CreationDate,<=,1406249928,u.Views,<=,15#370181
comments c,postHistory ph,users u#u.Id=c.UserId,c.UserId=ph.UserId#c.Score,=,1,u.Reputation,>=,1#56435232
comments c,postHistory ph,users u#u.Id=c.UserId,c.UserId=ph.UserId#u.Views,<=,33,u.UpVotes,>=,0#808573
comments c,postHistory ph,users u#u.Id=c.UserId,c.UserId=ph.UserId#c.CreationDate,>=,1280103900,c.CreationDate,<=,1410296677#261472547
comments c,postHistory ph,users u#u.Id=c.UserId,c.UserId=ph.UserId#u.DownVotes,<=,0,u.CreationDate,>=,1280171976#2514714
comments c,postHistory ph,users u#u.Id=c.UserId,c.UserId=ph.UserId#c.CreationDate,<=,1410537053,u.DownVotes,>=,0#262776071
comments c,postHistory ph,users u#u.Id=c.UserId,c.UserId=ph.UserId#c.CreationDate,>=,1281536398,u.Reputation,>=,1#261838413
comments c,postHistory ph,users u#u.Id=c.UserId,c.UserId=ph.UserId#c.Score,=,0,ph.PostHistoryTypeId,=,5#71769280
comments c,postHistory ph,users u#u.Id=c.UserId,c.UserId=ph.UserId#c.CreationDate,<=,1410343847,u.CreationDate,<=,1409697345#262097725
comments c,postHistory ph,users u#u.Id=c.UserId,c.UserId=ph.UserId#ph.PostHistoryTypeId,=,2,u.Reputation,<=,302#289625
comments c,postHistory ph,users u#u.Id=c.UserId,c.UserId=ph.UserId#u.DownVotes,<=,0,u.UpVotes,<=,23#1050365
comments c,postHistory ph,users u#u.Id=c.UserId,c.UserId=ph.UserId#c.Score,=,0,u.Reputation,=,11#11364
comments c,postHistory ph,users u#u.Id=c.UserId,c.UserId=ph.UserId#u.Reputation,>=,1,u.Views,>=,0#263105194
comments c,postHistory ph,users u#u.Id=c.UserId,c.UserId=ph.UserId#c.Score,=,0,u.Views,>=,0#167312466
comments c,postHistory ph,users u#u.Id=c.UserId,c.UserId=ph.UserId#c.Score,=,0,u.CreationDate,>=,1302551057#38804187
comments c,postHistory ph,users u#u.Id=c.UserId,c.UserId=ph.UserId#u.Views,<=,58,u.DownVotes,<=,0#1031644
comments c,postHistory ph,users u#u.Id=c.UserId,c.UserId=ph.UserId#ph.PostHistoryTypeId,=,6,u.UpVotes,<=,75#49737
comments c,postHistory ph,users u#u.Id=c.UserId,c.UserId=ph.UserId#ph.PostHistoryTypeId,=,5,u.DownVotes,<=,1#674630
comments c,postHistory ph,users u#u.Id=c.UserId,c.UserId=ph.UserId#u.Views,>=,0,u.Views,<=,22#553357
comments c,postHistory ph,users u#u.Id=c.UserId,c.UserId=ph.UserId#u.DownVotes,>=,0,u.DownVotes,<=,0#2574785
comments c,postHistory ph,users u#u.Id=c.UserId,c.UserId=ph.UserId#ph.CreationDate,>=,1326275923,u.Reputation,>=,1#212416058
comments c,postHistory ph,users u#u.Id=c.UserId,c.UserId=ph.UserId#u.DownVotes,>=,0,u.DownVotes,<=,2#3866328
comments c,postHistory ph,users u#u.Id=c.UserId,c.UserId=ph.UserId#u.DownVotes,>=,0,u.CreationDate,<=,1409537878#263103783
comments c,postHistory ph,users u#u.Id=c.UserId,c.UserId=ph.UserId#ph.PostHistoryTypeId,=,3,ph.CreationDate,>=,1280498673#1776370
comments c,postHistory ph,users u#u.Id=c.UserId,c.UserId=ph.UserId#ph.CreationDate,<=,1404631964,u.Views,>=,0#244206278
comments c,postHistory ph,users u#u.Id=c.UserId,c.UserId=ph.UserId#c.Score,=,4,ph.PostHistoryTypeId,=,1#9389
comments c,postHistory ph,users u#u.Id=c.UserId,c.UserId=ph.UserId#c.Score,=,0,u.Reputation,<=,365#1125226
comments c,postHistory ph,users u#u.Id=c.UserId,c.UserId=ph.UserId#c.CreationDate,>=,1278849154,ph.PostHistoryTypeId,=,4#26336864
comments c,postHistory ph,users u#u.Id=c.UserId,c.UserId=ph.UserId#c.Score,=,0,ph.CreationDate,=,1336596586#7544
comments c,postHistory ph,users u#u.Id=c.UserId,c.UserId=ph.UserId#ph.CreationDate,<=,1408771593,u.Views,>=,0#257138713
comments c,postHistory ph,users u#u.Id=c.UserId,c.UserId=ph.UserId#c.CreationDate,<=,1409493670,u.DownVotes,<=,0#2536845
comments c,postHistory ph,users u#u.Id=c.UserId,c.UserId=ph.UserId#ph.PostHistoryTypeId,=,5,u.Views,<=,31#136638
comments c,postHistory ph,users u#u.Id=c.UserId,c.UserId=ph.UserId#c.CreationDate,>=,1286285519,u.UpVotes,>=,0#257731372
comments c,postHistory ph,users u#u.Id=c.UserId,c.UserId=ph.UserId#ph.CreationDate,>=,1279715931,u.CreationDate,<=,1410271297#263028915
comments c,postHistory ph,users u#u.Id=c.UserId,c.UserId=ph.UserId#c.CreationDate,>=,1280746874,ph.PostHistoryTypeId,=,3#1786165
comments c,postHistory ph,users u#u.Id=c.UserId,c.UserId=ph.UserId#u.Views,>=,0,u.UpVotes,>=,0#263105194
comments c,postHistory ph,users u#u.Id=c.UserId,c.UserId=ph.UserId#c.Score,=,0,u.CreationDate,<=,1407443612#167294874
comments c,postHistory ph,users u#u.Id=c.UserId,c.UserId=ph.UserId#c.CreationDate,<=,1410285527,u.DownVotes,>=,0#261843885
comments c,postHistory ph,users u#u.Id=c.UserId,c.UserId=ph.UserId#c.Score,=,0,u.CreationDate,=,1392480217#594
comments c,postHistory ph,users u#u.Id=c.UserId,c.UserId=ph.UserId#ph.CreationDate,>=,1281173998,u.UpVotes,<=,662#21233224
comments c,postHistory ph,users u#u.Id=c.UserId,c.UserId=ph.UserId#ph.PostHistoryTypeId,=,2,u.Reputation,>=,1#54616744
comments c,postHistory ph,users u#u.Id=c.UserId,c.UserId=ph.UserId#c.CreationDate,>=,1280130375,u.CreationDate,>=,1288795623#70168913
comments c,postHistory ph,users u#u.Id=c.UserId,c.UserId=ph.UserId#ph.PostHistoryTypeId,=,5,u.DownVotes,<=,3#982451
comments c,postHistory ph,users u#u.Id=c.UserId,c.UserId=ph.UserId#ph.CreationDate,<=,1409308484,u.CreationDate,<=,1407897618#258483805
comments c,postHistory ph,users u#u.Id=c.UserId,c.UserId=ph.UserId#c.CreationDate,=,1409844309,u.Views,>=,0#131
comments c,postHistory ph,users u#u.Id=c.UserId,c.UserId=ph.UserId#u.DownVotes,>=,0,u.CreationDate,>=,1296344893#62342335
comments c,postHistory ph,users u#u.Id=c.UserId,c.UserId=ph.UserId#ph.PostHistoryTypeId,=,12,u.Views,<=,217#9687
comments c,postHistory ph,users u#u.Id=c.UserId,c.UserId=ph.UserId#ph.PostHistoryTypeId,=,5,u.Reputation,<=,644#365447
comments c,postHistory ph,users u#u.Id=c.UserId,c.UserId=ph.UserId#ph.PostHistoryTypeId,=,2,ph.CreationDate,<=,1409421458#53827745
comments c,postHistory ph,users u#u.Id=c.UserId,c.UserId=ph.UserId#u.DownVotes,>=,0,u.CreationDate,>=,1279609691#253824239
comments c,postHistory ph,users u#u.Id=c.UserId,c.UserId=ph.UserId#c.Score,=,1,ph.PostHistoryTypeId,=,1#221713
comments c,postHistory ph,users u#u.Id=c.UserId,c.UserId=ph.UserId#c.Score,=,0,ph.CreationDate,>=,1300486337#157114489
comments c,postHistory ph,users u#u.Id=c.UserId,c.UserId=ph.UserId#c.CreationDate,<=,1410127426,u.Reputation,=,1544#198
comments c,postHistory ph,users u#u.Id=c.UserId,c.UserId=ph.UserId#c.Score,=,0,u.Reputation,<=,1190#2768540
comments c,postHistory ph,users u#u.Id=c.UserId,c.UserId=ph.UserId#u.Reputation,<=,10470,u.UpVotes,<=,6#530858
comments c,postHistory ph,users u#u.Id=c.UserId,c.UserId=ph.UserId#c.Score,=,0,u.Views,=,0#21773
comments c,postHistory ph,users u#u.Id=c.UserId,c.UserId=ph.UserId#u.UpVotes,>=,0,u.UpVotes,<=,58#2591854
comments c,postHistory ph,users u#u.Id=c.UserId,c.UserId=ph.UserId#ph.CreationDate,<=,1397482206,u.CreationDate,=,1341845679#35
comments c,postHistory ph,users u#u.Id=c.UserId,c.UserId=ph.UserId#ph.CreationDate,<=,1403902608,u.DownVotes,>=,0#242140311
comments c,postHistory ph,users u#u.Id=c.UserId,c.UserId=ph.UserId#c.Score,=,2,u.UpVotes,>=,0#22644429
comments c,postHistory ph,users u#u.Id=c.UserId,c.UserId=ph.UserId#ph.PostHistoryTypeId,=,2,u.UpVotes,=,0#65383
comments c,postHistory ph,users u#u.Id=c.UserId,c.UserId=ph.UserId#u.DownVotes,<=,7,u.CreationDate,>=,1280781072#7518002
comments c,postHistory ph,users u#u.Id=c.UserId,c.UserId=ph.UserId#c.Score,=,1,ph.PostHistoryTypeId,=,3#221713
comments c,postHistory ph,users u#u.Id=c.UserId,c.UserId=ph.UserId#u.CreationDate,>=,1280270770,u.CreationDate,<=,1410244504#252680363
comments c,postHistory ph,users u#u.Id=c.UserId,c.UserId=ph.UserId#c.Score,=,3,u.Reputation,<=,459#4978
comments c,postHistory ph,users u#u.Id=c.UserId,c.UserId=ph.UserId#u.Reputation,>=,1,u.Reputation,<=,800#2406895
comments c,postHistory ph,users u#u.Id=c.UserId,c.UserId=ph.UserId#c.Score,=,0,u.Reputation,>=,1#167312466
comments c,postHistory ph,users u#u.Id=c.UserId,c.UserId=ph.UserId#ph.PostHistoryTypeId,=,2,u.Reputation,=,1#3751
comments c,postHistory ph,users u#u.Id=c.UserId,c.UserId=ph.UserId#c.Score,=,0,u.Views,>=,0#167312466
comments c,postHistory ph,users u#u.Id=c.UserId,c.UserId=ph.UserId#ph.CreationDate,>=,1286991999,u.UpVotes,>=,0#258877547
comments c,postHistory ph,users u#u.Id=c.UserId,c.UserId=ph.UserId#u.Views,>=,0,u.UpVotes,<=,30#1592059
comments c,postHistory ph,users u#u.Id=c.UserId,c.UserId=ph.UserId#c.Score,=,0,ph.CreationDate,<=,1407533994#160876249
comments c,postHistory ph,users u#u.Id=c.UserId,c.UserId=ph.UserId#ph.PostHistoryTypeId,=,3,u.DownVotes,<=,48#1373227
comments c,postHistory ph,users u#u.Id=c.UserId,c.UserId=ph.UserId#u.Views,<=,158,u.CreationDate,>=,1283471579#2797774
comments c,postHistory ph,users u#u.Id=c.UserId,c.UserId=ph.UserId#ph.PostHistoryTypeId,=,5,u.Views,>=,0#111478223
comments c,postHistory ph,users u#u.Id=c.UserId,c.UserId=ph.UserId#u.DownVotes,<=,2,u.UpVotes,<=,17#929804
comments c,postHistory ph,users u#u.Id=c.UserId,c.UserId=ph.UserId#ph.CreationDate,>=,1302753601,u.CreationDate,<=,1409548089#243531716
comments c,postHistory ph,users u#u.Id=c.UserId,c.UserId=ph.UserId#ph.CreationDate,<=,1407413445,u.DownVotes,<=,0#2491400
comments c,postHistory ph,users u#u.Id=c.UserId,c.UserId=ph.UserId#u.DownVotes,>=,0,u.DownVotes,<=,1#3211132
comments c,postHistory ph,users u#u.Id=c.UserId,c.UserId=ph.UserId#ph.PostHistoryTypeId,=,3,u.Views,<=,66#293802
comments c,postHistory ph,users u#u.Id=c.UserId,c.UserId=ph.UserId#u.Reputation,>=,1,u.CreationDate,=,1297660028#42
comments c,postHistory ph,users u#u.Id=c.UserId,c.UserId=ph.UserId#ph.PostHistoryTypeId,=,5,u.Views,>=,0#111478223
comments c,postHistory ph,users u#u.Id=c.UserId,c.UserId=ph.UserId#c.Score,=,0,ph.PostHistoryTypeId,=,34#443851
comments c,postHistory ph,users u#u.Id=c.UserId,c.UserId=ph.UserId#ph.PostHistoryTypeId,=,1,u.DownVotes,<=,1#622535
comments c,postHistory ph,users u#u.Id=c.UserId,c.UserId=ph.UserId#ph.CreationDate,>=,1279575573,u.DownVotes,>=,0#263088683
comments c,postHistory ph,users u#u.Id=c.UserId,c.UserId=ph.UserId#u.Views,<=,97,u.UpVotes,<=,48#1458117
comments c,postHistory ph,users u#u.Id=c.UserId,c.UserId=ph.UserId#u.DownVotes,>=,0,u.CreationDate,>=,1281982635#72459833
comments c,postHistory ph,users u#u.Id=c.UserId,c.UserId=ph.UserId#c.Score,=,0,ph.CreationDate,>=,1283504007#166185158
comments c,postHistory ph,users u#u.Id=c.UserId,c.UserId=ph.UserId#u.DownVotes,<=,11,u.CreationDate,<=,1409682532#9855144
comments c,postHistory ph,users u#u.Id=c.UserId,c.UserId=ph.UserId#c.Score,=,0,u.UpVotes,>=,0#167312466
comments c,votes v,users u#u.Id=c.UserId,u.Id=v.UserId#c.CreationDate,>=,1280960478,v.CreationDate,=,1332633600#7437
comments c,votes v,users u#u.Id=c.UserId,u.Id=v.UserId#u.Views,>=,0,u.UpVotes,>=,0#11031325
comments c,votes v,users u#u.Id=c.UserId,u.Id=v.UserId#v.BountyAmount,>=,0,u.DownVotes,>=,0#508124
comments c,votes v,users u#u.Id=c.UserId,u.Id=v.UserId#c.CreationDate,=,1396224351,u.Views,>=,0#2
comments c,votes v,users u#u.Id=c.UserId,u.Id=v.UserId#c.Score,=,0,u.Views,=,24#2842
comments c,votes v,users u#u.Id=c.UserId,u.Id=v.UserId#u.UpVotes,>=,0,u.CreationDate,>=,1279698830#10770817
comments c,votes v,users u#u.Id=c.UserId,u.Id=v.UserId#c.CreationDate,>=,1281583696,u.CreationDate,>=,1299932895#3021011
comments c,votes v,users u#u.Id=c.UserId,u.Id=v.UserId#v.BountyAmount,<=,50,u.Reputation,<=,1775#37795
comments c,votes v,users u#u.Id=c.UserId,u.Id=v.UserId#c.Score,=,0,c.CreationDate,<=,1409860208#7400730
comments c,votes v,users u#u.Id=c.UserId,u.Id=v.UserId#v.BountyAmount,>=,0,u.DownVotes,>=,0#508124
comments c,votes v,users u#u.Id=c.UserId,u.Id=v.UserId#u.Views,=,0,u.DownVotes,<=,1#1313
comments c,votes v,users u#u.Id=c.UserId,u.Id=v.UserId#c.Score,=,0,c.CreationDate,<=,1410180863#7435524
comments c,votes v,users u#u.Id=c.UserId,u.Id=v.UserId#u.Reputation,<=,143,u.UpVotes,<=,8#19728
comments c,votes v,users u#u.Id=c.UserId,u.Id=v.UserId#c.Score,=,0,u.Views,>=,0#7491903
comments c,votes v,users u#u.Id=c.UserId,u.Id=v.UserId#u.Reputation,>=,1,u.CreationDate,>=,1279574448#10865874
comments c,votes v,users u#u.Id=c.UserId,u.Id=v.UserId#u.CreationDate,>=,1288816253,u.CreationDate,<=,1409041717#3402543
comments c,votes v,users u#u.Id=c.UserId,u.Id=v.UserId#c.Score,=,1,c.CreationDate,<=,1410633660#2201329
comments c,votes v,users u#u.Id=c.UserId,u.Id=v.UserId#u.DownVotes,>=,0,u.DownVotes,<=,2#565991
comments c,votes v,users u#u.Id=c.UserId,u.Id=v.UserId#c.Score,=,1,u.Views,<=,23#4840
comments c,votes v,users u#u.Id=c.UserId,u.Id=v.UserId#u.DownVotes,<=,7,u.UpVotes,>=,0#1044519
comments c,votes v,users u#u.Id=c.UserId,u.Id=v.UserId#c.Score,=,0,v.CreationDate,>=,1279843200#7485451
comments c,votes v,users u#u.Id=c.UserId,u.Id=v.UserId#c.Score,=,0,v.CreationDate,>=,1279670400#7490640
comments c,votes v,users u#u.Id=c.UserId,u.Id=v.UserId#u.UpVotes,=,0,u.CreationDate,<=,1410545072#3674
comments c,votes v,users u#u.Id=c.UserId,u.Id=v.UserId#v.CreationDate,<=,1410566400,u.Views,<=,30#90565
comments c,votes v,users u#u.Id=c.UserId,u.Id=v.UserId#c.CreationDate,<=,1409842285,u.DownVotes,>=,0#10902223
comments c,votes v,users u#u.Id=c.UserId,u.Id=v.UserId#c.CreationDate,>=,1280877587,c.CreationDate,<=,1410297091#10942840
comments c,votes v,users u#u.Id=c.UserId,u.Id=v.UserId#v.CreationDate,<=,1410220800,u.UpVotes,=,1#1710
comments c,votes v,users u#u.Id=c.UserId,u.Id=v.UserId#v.BountyAmount,>=,0,u.CreationDate,<=,1409626337#508124
comments c,votes v,users u#u.Id=c.UserId,u.Id=v.UserId#v.CreationDate,>=,1279584000,v.CreationDate,<=,1410393600#11029146
comments c,votes v,users u#u.Id=c.UserId,u.Id=v.UserId#u.UpVotes,>=,0,u.UpVotes,<=,185#485390
comments c,votes v,users u#u.Id=c.UserId,u.Id=v.UserId#u.DownVotes,>=,0,u.DownVotes,<=,0#291353
comments c,votes v,users u#u.Id=c.UserId,u.Id=v.UserId#v.CreationDate,<=,1409529600,u.DownVotes,>=,0#10961072
comments c,votes v,users u#u.Id=c.UserId,u.Id=v.UserId#u.Views,>=,0,u.UpVotes,>=,0#11031325
comments c,votes v,users u#u.Id=c.UserId,u.Id=v.UserId#v.BountyAmount,>=,0,u.DownVotes,>=,0#508124
comments c,votes v,users u#u.Id=c.UserId,u.Id=v.UserId#c.Score,=,2,u.Views,>=,0#788063
comments c,votes v,users u#u.Id=c.UserId,u.Id=v.UserId#c.Score,=,0,u.CreationDate,<=,1410631610#7491903
comments c,votes v,users u#u.Id=c.UserId,u.Id=v.UserId#c.CreationDate,>=,1280916659,u.Reputation,=,1#242
comments c,votes v,users u#u.Id=c.UserId,u.Id=v.UserId#c.Score,=,0,u.UpVotes,>=,0#7491903
comments c,votes v,users u#u.Id=c.UserId,u.Id=v.UserId#v.BountyAmount,>=,0,u.Reputation,<=,1766#53257
comments c,votes v,users u#u.Id=c.UserId,u.Id=v.UserId#u.Views,>=,0,u.Views,<=,10#30353
comments c,votes v,users u#u.Id=c.UserId,u.Id=v.UserId#c.Score,=,0,u.UpVotes,>=,0#7491903
comments c,votes v,users u#u.Id=c.UserId,u.Id=v.UserId#u.Reputation,>=,1,u.DownVotes,=,0#291353
comments c,votes v,users u#u.Id=c.UserId,u.Id=v.UserId#v.CreationDate,>=,1280188800,u.Reputation,<=,5837#1743852
comments c,votes v,users u#u.Id=c.UserId,u.Id=v.UserId#c.Score,=,0,u.Views,<=,53#145859
comments c,votes v,users u#u.Id=c.UserId,u.Id=v.UserId#c.Score,=,0,u.Views,=,6#2412
comments c,votes v,users u#u.Id=c.UserId,u.Id=v.UserId#u.Views,>=,0,u.CreationDate,>=,1280785216#10462512
comments c,votes v,users u#u.Id=c.UserId,u.Id=v.UserId#c.Score,=,4,u.Reputation,<=,406#478
comments c,votes v,users u#u.Id=c.UserId,u.Id=v.UserId#u.DownVotes,>=,0,u.UpVotes,>=,0#11031325
comments c,votes v,users u#u.Id=c.UserId,u.Id=v.UserId#v.VoteTypeId,=,5,u.UpVotes,<=,6#20834
comments c,votes v,users u#u.Id=c.UserId,u.Id=v.UserId#v.BountyAmount,>=,0,v.CreationDate,>=,1279497600#508124
comments c,votes v,users u#u.Id=c.UserId,u.Id=v.UserId#c.CreationDate,>=,1285332023,v.VoteTypeId,=,5#10339771
comments c,votes v,users u#u.Id=c.UserId,u.Id=v.UserId#u.Views,<=,15,u.UpVotes,<=,48#32060
comments c,votes v,users u#u.Id=c.UserId,u.Id=v.UserId#c.CreationDate,>=,1239521894,u.Views,>=,0#11031317
comments c,votes v,users u#u.Id=c.UserId,u.Id=v.UserId#u.UpVotes,>=,0,u.UpVotes,<=,8#28904
comments c,votes v,users u#u.Id=c.UserId,u.Id=v.UserId#u.Reputation,<=,115,u.UpVotes,=,0#3125
comments c,votes v,users u#u.Id=c.UserId,u.Id=v.UserId#u.DownVotes,>=,0,u.DownVotes,<=,1#448467
comments c,votes v,users u#u.Id=c.UserId,u.Id=v.UserId#v.BountyAmount,<=,50,u.Views,<=,65#7229
comments c,votes v,users u#u.Id=c.UserId,u.Id=v.UserId#u.UpVotes,>=,0,u.UpVotes,<=,10#37489
comments c,votes v,users u#u.Id=c.UserId,u.Id=v.UserId#v.CreationDate,<=,1410393600,u.Views,<=,635#1346631
comments c,votes v,users u#u.Id=c.UserId,u.Id=v.UserId#v.BountyAmount,>=,0,u.CreationDate,>=,1282617873#120406
comments c,votes v,users u#u.Id=c.UserId,u.Id=v.UserId#u.DownVotes,>=,0,u.DownVotes,<=,0#291353
comments c,votes v,users u#u.Id=c.UserId,u.Id=v.UserId#u.Reputation,<=,339,u.CreationDate,<=,1409990904#153519
comments c,votes v,users u#u.Id=c.UserId,u.Id=v.UserId#c.Score,=,0,v.VoteTypeId,=,5#7144898
comments c,votes v,users u#u.Id=c.UserId,u.Id=v.UserId#u.Reputation,>=,1,u.CreationDate,<=,1407528189#11030517
comments c,votes v,users u#u.Id=c.UserId,u.Id=v.UserId#c.CreationDate,<=,1410650845,u.Reputation,>=,1#11029964
comments c,votes v,users u#u.Id=c.UserId,u.Id=v.UserId#u.Views,<=,585,u.UpVotes,<=,68#217821
comments c,votes v,users u#u.Id=c.UserId,u.Id=v.UserId#c.Score,=,0,u.UpVotes,>=,0#7491903
comments c,votes v,users u#u.Id=c.UserId,u.Id=v.UserId#u.CreationDate,>=,1279570895,u.CreationDate,<=,1410644370#10865898
comments c,votes v,users u#u.Id=c.UserId,u.Id=v.UserId#u.Views,>=,0,u.DownVotes,<=,0#291353
comments c,votes v,users u#u.Id=c.UserId,u.Id=v.UserId#u.Views,<=,23,u.CreationDate,<=,1408452752#64204
comments c,votes v,users u#u.Id=c.UserId,u.Id=v.UserId#u.Views,<=,45,u.CreationDate,<=,1408539074#146934
comments c,votes v,users u#u.Id=c.UserId,u.Id=v.UserId#u.Reputation,>=,1,u.UpVotes,=,0#3674
comments c,votes v,users u#u.Id=c.UserId,u.Id=v.UserId#c.CreationDate,>=,1281643622,u.Views,<=,42#139595
comments c,votes v,users u#u.Id=c.UserId,u.Id=v.UserId#u.Views,=,2,u.CreationDate,>=,1280200123#1857
comments c,votes v,users u#u.Id=c.UserId,u.Id=v.UserId#u.Reputation,=,33,u.Views,<=,113#217
comments c,votes v,users u#u.Id=c.UserId,u.Id=v.UserId#c.Score,=,0,u.Reputation,<=,708#283967
comments c,votes v,users u#u.Id=c.UserId,u.Id=v.UserId#u.UpVotes,>=,0,u.UpVotes,<=,2219#1991535
comments c,votes v,users u#u.Id=c.UserId,u.Id=v.UserId#c.Score,=,1,u.CreationDate,<=,1408802687#2202132
comments c,votes v,users u#u.Id=c.UserId,u.Id=v.UserId#c.Score,=,0,c.CreationDate,=,1304180619#28
comments c,votes v,users u#u.Id=c.UserId,u.Id=v.UserId#v.CreationDate,=,1333929600,u.Reputation,>=,1#1474
comments c,votes v,users u#u.Id=c.UserId,u.Id=v.UserId#v.BountyAmount,<=,50,u.CreationDate,<=,1409259955#356545
comments c,votes v,users u#u.Id=c.UserId,u.Id=v.UserId#u.Views,>=,0,u.Views,<=,80#266395
comments c,votes v,users u#u.Id=c.UserId,u.Id=v.UserId#c.Score,=,0,v.CreationDate,=,1351123200#703
comments c,votes v,users u#u.Id=c.UserId,u.Id=v.UserId#u.Views,>=,0,u.DownVotes,=,0#291353
comments c,votes v,users u#u.Id=c.UserId,u.Id=v.UserId#v.CreationDate,>=,1280275200,u.Views,>=,0#11009822
comments c,votes v,users u#u.Id=c.UserId,u.Id=v.UserId#c.CreationDate,>=,1280545498,u.DownVotes,=,0#290014
comments c,votes v,users u#u.Id=c.UserId,u.Id=v.UserId#u.DownVotes,>=,0,u.UpVotes,>=,0#11031325
comments c,votes v,users u#u.Id=c.UserId,u.Id=v.UserId#u.UpVotes,<=,625,u.CreationDate,>=,1293348087#1067620
comments c,votes v,users u#u.Id=c.UserId,u.Id=v.UserId#c.Score,=,0,v.BountyAmount,<=,50#243008
comments c,votes v,users u#u.Id=c.UserId,u.Id=v.UserId#c.Score,=,0,u.Views,>=,0#7491903
comments c,votes v,users u#u.Id=c.UserId,u.Id=v.UserId#c.Score,=,0,u.Views,>=,0#7491903
comments c,votes v,users u#u.Id=c.UserId,u.Id=v.UserId#v.CreationDate,<=,1410566400,u.UpVotes,<=,23#83930
comments c,votes v,users u#u.Id=c.UserId,u.Id=v.UserId#c.Score,=,0,c.CreationDate,>=,1280101044#7484760
comments c,votes v,users u#u.Id=c.UserId,u.Id=v.UserId#c.CreationDate,>=,1279637405,u.DownVotes,>=,0#11028270
comments c,votes v,users u#u.Id=c.UserId,u.Id=v.UserId#u.Reputation,<=,2012,u.UpVotes,>=,0#897438
comments c,votes v,users u#u.Id=c.UserId,u.Id=v.UserId#c.CreationDate,<=,1409693919,v.CreationDate,<=,1410480000#10868234
comments c,votes v,users u#u.Id=c.UserId,u.Id=v.UserId#c.Score,=,0,u.DownVotes,>=,0#7491903
comments c,votes v,users u#u.Id=c.UserId,u.Id=v.UserId#v.BountyAmount,<=,100,u.Reputation,>=,1#459507
comments c,votes v,users u#u.Id=c.UserId,u.Id=v.UserId#c.Score,=,1,u.Reputation,>=,1#2202146
comments c,votes v,users u#u.Id=c.UserId,u.Id=v.UserId#u.Views,>=,0,u.CreationDate,>=,1280479823#10462656
comments c,votes v,users u#u.Id=c.UserId,u.Id=v.UserId#c.CreationDate,>=,1280637478,v.CreationDate,<=,1410480000#11004875
comments c,votes v,users u#u.Id=c.UserId,u.Id=v.UserId#c.Score,=,2,c.CreationDate,>=,1279672008#787683
comments c,votes v,users u#u.Id=c.UserId,u.Id=v.UserId#v.BountyAmount,>=,0,u.DownVotes,>=,0#508124
comments c,votes v,users u#u.Id=c.UserId,u.Id=v.UserId#v.VoteTypeId,=,5,u.DownVotes,<=,0#276212
comments c,votes v,users u#u.Id=c.UserId,u.Id=v.UserId#c.CreationDate,<=,1410310168,u.UpVotes,>=,0#10976803
comments c,votes v,users u#u.Id=c.UserId,u.Id=v.UserId#c.Score,=,0,c.CreationDate,>=,1279798213#7487790
comments c,votes v,users u#u.Id=c.UserId,u.Id=v.UserId#c.Score,=,1,c.CreationDate,>=,1280234116#2199020
comments c,votes v,users u#u.Id=c.UserId,u.Id=v.UserId#c.CreationDate,<=,1410613512,v.BountyAmount,>=,0#507903
comments c,votes v,users u#u.Id=c.UserId,u.Id=v.UserId#c.Score,=,0,u.DownVotes,=,0#258856
comments c,votes v,users u#u.Id=c.UserId,u.Id=v.UserId#u.DownVotes,>=,0,u.UpVotes,>=,0#11031325
comments c,votes v,users u#u.Id=c.UserId,u.Id=v.UserId#c.Score,=,0,u.DownVotes,<=,212#6038513
comments c,votes v,users u#u.Id=c.UserId,u.Id=v.UserId#u.Reputation,<=,171,u.Views,<=,585#69881
comments c,votes v,users u#u.Id=c.UserId,u.Id=v.UserId#v.BountyAmount,>=,0,v.BountyAmount,<=,50#356545
comments c,votes v,users u#u.Id=c.UserId,u.Id=v.UserId#u.Views,>=,0,u.CreationDate,<=,1406580830#11030416
comments c,votes v,users u#u.Id=c.UserId,c.PostId=v.PostId#v.BountyAmount,>=,0,v.CreationDate,>=,1279756800#5632
comments c,votes v,users u#u.Id=c.UserId,c.PostId=v.PostId#c.Score,=,0,v.BountyAmount,>=,0#4454
comments c,votes v,users u#u.Id=c.UserId,c.PostId=v.PostId#u.UpVotes,<=,14,u.CreationDate,>=,1280188096#177511
comments c,votes v,users u#u.Id=c.UserId,c.PostId=v.PostId#v.BountyAmount,>=,0,v.CreationDate,<=,1410566400#5632
comments c,votes v,users u#u.Id=c.UserId,c.PostId=v.PostId#c.CreationDate,=,1289459819,u.Reputation,<=,708#4
comments c,votes v,users u#u.Id=c.UserId,c.PostId=v.PostId#u.Reputation,>=,1,u.Views,>=,0#847168
comments c,votes v,users u#u.Id=c.UserId,c.PostId=v.PostId#v.BountyAmount,<=,50,u.CreationDate,<=,1410379225#3950
comments c,votes v,users u#u.Id=c.UserId,c.PostId=v.PostId#v.VoteTypeId,=,2,u.UpVotes,<=,1607#481158
comments c,votes v,users u#u.Id=c.UserId,c.PostId=v.PostId#c.Score,=,0,u.Reputation,<=,131#103840
comments c,votes v,users u#u.Id=c.UserId,c.PostId=v.PostId#c.Score,=,0,v.CreationDate,=,1328140800#417
comments c,votes v,users u#u.Id=c.UserId,c.PostId=v.PostId#v.BountyAmount,<=,100,u.Reputation,>=,1#5179
comments c,votes v,users u#u.Id=c.UserId,c.PostId=v.PostId#u.Reputation,<=,3679,u.DownVotes,<=,3#339319
comments c,votes v,users u#u.Id=c.UserId,c.PostId=v.PostId#c.CreationDate,<=,1409942194,u.CreationDate,<=,1410329457#841627
comments c,votes v,users u#u.Id=c.UserId,c.PostId=v.PostId#u.DownVotes,<=,0,u.UpVotes,<=,4#121274
comments c,votes v,users u#u.Id=c.UserId,c.PostId=v.PostId#u.Reputation,>=,1,u.Views,<=,80#260292
comments c,votes v,users u#u.Id=c.UserId,c.PostId=v.PostId#c.Score,=,0,u.DownVotes,<=,0#213403
comments c,votes v,users u#u.Id=c.UserId,c.PostId=v.PostId#c.CreationDate,<=,1410245845,v.VoteTypeId,=,2#667150
comments c,votes v,users u#u.Id=c.UserId,c.PostId=v.PostId#u.DownVotes,<=,5,u.CreationDate,>=,1279567707#375100
comments c,votes v,users u#u.Id=c.UserId,c.PostId=v.PostId#c.CreationDate,<=,1410387876,u.Views,=,3#10057
comments c,votes v,users u#u.Id=c.UserId,c.PostId=v.PostId#u.Views,=,2,u.UpVotes,<=,105#13675
comments c,votes v,users u#u.Id=c.UserId,c.PostId=v.PostId#u.DownVotes,>=,0,u.DownVotes,<=,0#258525
comments c,votes v,users u#u.Id=c.UserId,c.PostId=v.PostId#c.Score,=,2,u.UpVotes,=,0#1468
comments c,votes v,users u#u.Id=c.UserId,c.PostId=v.PostId#u.UpVotes,>=,0,u.CreationDate,<=,1409895718#846841
comments c,votes v,users u#u.Id=c.UserId,c.PostId=v.PostId#v.BountyAmount,>=,0,v.BountyAmount,<=,50#3950
comments c,votes v,users u#u.Id=c.UserId,c.PostId=v.PostId#v.CreationDate,=,1349913600,u.CreationDate,>=,1281537092#714
comments c,votes v,users u#u.Id=c.UserId,c.PostId=v.PostId#c.CreationDate,>=,1279891968,c.CreationDate,<=,1409678159#831343
comments c,votes v,users u#u.Id=c.UserId,c.PostId=v.PostId#v.VoteTypeId,=,2,u.Views,>=,0#669626
comments c,votes v,users u#u.Id=c.UserId,c.PostId=v.PostId#v.CreationDate,>=,1233532800,u.UpVotes,<=,8#152187
comments c,votes v,users u#u.Id=c.UserId,c.PostId=v.PostId#v.VoteTypeId,=,2,u.UpVotes,>=,0#669626
comments c,votes v,users u#u.Id=c.UserId,c.PostId=v.PostId#c.CreationDate,=,1371732238,v.VoteTypeId,=,2#2
comments c,votes v,users u#u.Id=c.UserId,c.PostId=v.PostId#u.DownVotes,>=,0,u.CreationDate,>=,1284577946#586069
comments c,votes v,users u#u.Id=c.UserId,c.PostId=v.PostId#c.Score,=,0,u.UpVotes,>=,0#579603
comments c,votes v,users u#u.Id=c.UserId,c.PostId=v.PostId#c.Score,=,0,u.CreationDate,<=,1410354279#579419
comments c,votes v,users u#u.Id=c.UserId,c.PostId=v.PostId#v.BountyAmount,>=,0,u.DownVotes,>=,0#5632
comments c,votes v,users u#u.Id=c.UserId,c.PostId=v.PostId#u.Views,=,6,u.CreationDate,<=,1410175807#8770
comments c,votes v,users u#u.Id=c.UserId,c.PostId=v.PostId#c.Score,=,0,c.CreationDate,=,1381189301#2
comments c,votes v,users u#u.Id=c.UserId,c.PostId=v.PostId#u.Views,<=,44,u.CreationDate,>=,1279566698#205076
comments c,votes v,users u#u.Id=c.UserId,c.PostId=v.PostId#c.Score,=,0,u.Reputation,<=,1274#265569
comments c,votes v,users u#u.Id=c.UserId,c.PostId=v.PostId#v.VoteTypeId,=,2,u.UpVotes,>=,0#669626
comments c,votes v,users u#u.Id=c.UserId,c.PostId=v.PostId#c.CreationDate,>=,1279905002,c.CreationDate,<=,1409842531#832304
comments c,votes v,users u#u.Id=c.UserId,c.PostId=v.PostId#v.VoteTypeId,=,1,u.Views,>=,0#33276
comments c,votes v,users u#u.Id=c.UserId,c.PostId=v.PostId#c.CreationDate,<=,1410276556,v.BountyAmount,>=,0#5582
comments c,votes v,users u#u.Id=c.UserId,c.PostId=v.PostId#c.Score,=,1,v.VoteTypeId,=,2#107253
comments c,votes v,users u#u.Id=c.UserId,c.PostId=v.PostId#u.Reputation,<=,592,u.UpVotes,>=,0#254068
comments c,votes v,users u#u.Id=c.UserId,c.PostId=v.PostId#c.Score,=,0,u.CreationDate,<=,1404280655#573896
comments c,votes v,users u#u.Id=c.UserId,c.PostId=v.PostId#v.BountyAmount,>=,0,u.DownVotes,>=,0#5632
comments c,votes v,users u#u.Id=c.UserId,c.PostId=v.PostId#c.Score,=,0,u.UpVotes,<=,108#263934
comments c,votes v,users u#u.Id=c.UserId,c.PostId=v.PostId#c.Score,=,0,u.DownVotes,>=,0#579603
comments c,votes v,users u#u.Id=c.UserId,c.PostId=v.PostId#u.Views,>=,0,u.UpVotes,>=,0#847168
comments c,votes v,users u#u.Id=c.UserId,c.PostId=v.PostId#c.CreationDate,<=,1409692893,u.UpVotes,>=,0#839523
comments c,votes v,users u#u.Id=c.UserId,c.PostId=v.PostId#v.VoteTypeId,=,2,u.Reputation,<=,162#112244
comments c,votes v,users u#u.Id=c.UserId,c.PostId=v.PostId#u.Views,>=,0,u.CreationDate,<=,1408931174#845766
comments c,votes v,users u#u.Id=c.UserId,c.PostId=v.PostId#u.CreationDate,>=,1279898967,u.CreationDate,<=,1408790200#781070
comments c,votes v,users u#u.Id=c.UserId,c.PostId=v.PostId#v.VoteTypeId,=,2,u.Views,=,42#1465
comments c,votes v,users u#u.Id=c.UserId,c.PostId=v.PostId#u.Reputation,<=,2653,u.Views,<=,11#112310
comments c,votes v,users u#u.Id=c.UserId,c.PostId=v.PostId#v.VoteTypeId,=,2,u.Views,<=,67#189807
comments c,votes v,users u#u.Id=c.UserId,c.PostId=v.PostId#v.VoteTypeId,=,2,u.CreationDate,>=,1302551057#341820
comments c,votes v,users u#u.Id=c.UserId,c.PostId=v.PostId#c.Score,=,0,c.CreationDate,<=,1409684842#574019
comments c,votes v,users u#u.Id=c.UserId,c.PostId=v.PostId#u.UpVotes,<=,33,u.CreationDate,>=,1280907380#224290
comments c,votes v,users u#u.Id=c.UserId,c.PostId=v.PostId#c.Score,=,0,u.DownVotes,<=,6#314034
comments c,votes v,users u#u.Id=c.UserId,c.PostId=v.PostId#c.CreationDate,>=,1282203151,u.UpVotes,>=,0#819784
comments c,votes v,users u#u.Id=c.UserId,c.PostId=v.PostId#c.Score,=,0,u.Reputation,=,1#3756
comments c,votes v,users u#u.Id=c.UserId,c.PostId=v.PostId#c.Score,=,0,u.CreationDate,>=,1289896092#405049
comments c,votes v,users u#u.Id=c.UserId,c.PostId=v.PostId#v.BountyAmount,>=,0,u.DownVotes,>=,0#5632
comments c,votes v,users u#u.Id=c.UserId,c.PostId=v.PostId#u.DownVotes,>=,0,u.UpVotes,<=,69#295891
comments c,votes v,users u#u.Id=c.UserId,c.PostId=v.PostId#c.CreationDate,>=,1287094843,c.CreationDate,<=,1410374004#792562
comments c,votes v,users u#u.Id=c.UserId,c.PostId=v.PostId#v.BountyAmount,>=,0,u.Reputation,>=,1#5632
comments c,votes v,users u#u.Id=c.UserId,c.PostId=v.PostId#u.UpVotes,>=,0,u.UpVotes,<=,36#241654
comments c,votes v,users u#u.Id=c.UserId,c.PostId=v.PostId#v.VoteTypeId,=,2,u.Views,<=,24#125030
comments c,votes v,users u#u.Id=c.UserId,c.PostId=v.PostId#c.CreationDate,=,1404984199,v.CreationDate,<=,1410220800#1
comments c,votes v,users u#u.Id=c.UserId,c.PostId=v.PostId#c.Score,=,0,u.Views,<=,24#135563
comments c,votes v,users u#u.Id=c.UserId,c.PostId=v.PostId#u.Reputation,>=,1,u.DownVotes,>=,0#847168
comments c,votes v,users u#u.Id=c.UserId,c.PostId=v.PostId#u.Views,>=,0,u.UpVotes,>=,0#847168
comments c,votes v,users u#u.Id=c.UserId,c.PostId=v.PostId#u.CreationDate,>=,1288645305,u.CreationDate,<=,1409382995#558169
comments c,votes v,users u#u.Id=c.UserId,c.PostId=v.PostId#v.VoteTypeId,=,2,u.DownVotes,=,0#203080
comments c,votes v,users u#u.Id=c.UserId,c.PostId=v.PostId#u.UpVotes,>=,0,u.CreationDate,>=,1285146387#574629
comments c,votes v,users u#u.Id=c.UserId,c.PostId=v.PostId#v.CreationDate,>=,1279843200,u.Views,<=,22#153953
comments c,votes v,users u#u.Id=c.UserId,c.PostId=v.PostId#u.Reputation,>=,1,u.Views,>=,0#847168
comments c,votes v,users u#u.Id=c.UserId,c.PostId=v.PostId#v.CreationDate,<=,1410566400,u.Views,>=,0#847139
comments c,votes v,users u#u.Id=c.UserId,c.PostId=v.PostId#c.CreationDate,<=,1410455869,u.CreationDate,=,1301867609#17
comments c,votes v,users u#u.Id=c.UserId,c.PostId=v.PostId#u.Views,<=,1040,u.CreationDate,=,1282486021#65
comments c,votes v,users u#u.Id=c.UserId,c.PostId=v.PostId#v.BountyAmount,<=,100,v.CreationDate,>=,1280016000#5176
comments c,votes v,users u#u.Id=c.UserId,c.PostId=v.PostId#u.Views,>=,0,u.UpVotes,=,0#60177
comments c,votes v,users u#u.Id=c.UserId,c.PostId=v.PostId#v.CreationDate,>=,1279843200,v.CreationDate,<=,1410480000#843928
comments c,votes v,users u#u.Id=c.UserId,c.PostId=v.PostId#u.Reputation,<=,1416,u.DownVotes,>=,0#348465
comments c,votes v,users u#u.Id=c.UserId,c.PostId=v.PostId#c.CreationDate,<=,1409235958,v.CreationDate,<=,1410220800#835636
comments c,votes v,users u#u.Id=c.UserId,c.PostId=v.PostId#v.VoteTypeId,=,2,u.UpVotes,>=,0#669626
comments c,votes v,users u#u.Id=c.UserId,c.PostId=v.PostId#u.Reputation,>=,1,u.CreationDate,>=,1283515570#588427
comments c,votes v,users u#u.Id=c.UserId,c.PostId=v.PostId#c.CreationDate,<=,1409798464,v.VoteTypeId,=,2#664036
comments c,votes v,users u#u.Id=c.UserId,c.PostId=v.PostId#c.Score,=,1,u.UpVotes,<=,66#30573
comments c,votes v,users u#u.Id=c.UserId,c.PostId=v.PostId#c.CreationDate,<=,1410574126,u.Reputation,=,101#17478
comments c,votes v,users u#u.Id=c.UserId,c.PostId=v.PostId#v.CreationDate,>=,1279584000,u.DownVotes,<=,2#330959
comments c,votes v,users u#u.Id=c.UserId,c.PostId=v.PostId#c.CreationDate,<=,1410597062,u.Reputation,<=,136#125749
comments c,votes v,users u#u.Id=c.UserId,c.PostId=v.PostId#v.VoteTypeId,=,2,v.CreationDate,=,1393632000#533
comments c,votes v,users u#u.Id=c.UserId,c.PostId=v.PostId#v.VoteTypeId,=,2,u.Reputation,=,425#658
comments c,votes v,users u#u.Id=c.UserId,c.PostId=v.PostId#u.Views,>=,0,u.Views,<=,13#121299
comments c,votes v,users u#u.Id=c.UserId,c.PostId=v.PostId#u.Reputation,<=,160,u.Views,>=,0#144202
comments c,votes v,users u#u.Id=c.UserId,c.PostId=v.PostId#c.Score,=,1,u.UpVotes,>=,0#136602
comments c,votes v,users u#u.Id=c.UserId,c.PostId=v.PostId#v.VoteTypeId,=,9,u.UpVotes,<=,53#1263
comments c,votes v,users u#u.Id=c.UserId,c.PostId=v.PostId#v.CreationDate,>=,1280016000,u.Views,>=,0#843726
comments c,votes v,users u#u.Id=c.UserId,c.PostId=v.PostId#c.Score,=,0,u.UpVotes,>=,0#579603
comments c,votes v,users u#u.Id=c.UserId,c.PostId=v.PostId#c.CreationDate,>=,1279570273,u.Views,>=,0#846058
comments c,votes v,users u#u.Id=c.UserId,c.PostId=v.PostId#c.CreationDate,>=,1281997788,u.Views,>=,0#821332
comments c,votes v,users u#u.Id=c.UserId,c.PostId=v.PostId#u.Views,>=,0,u.Views,<=,89#269066
comments c,votes v,users u#u.Id=c.UserId,c.PostId=v.PostId#c.CreationDate,>=,1282716151,v.VoteTypeId,=,2#648090
comments c,votes v,users u#u.Id=c.UserId,c.PostId=v.PostId#v.CreationDate,=,1387065600,u.DownVotes,<=,1#170
comments c,votes v,users u#u.Id=c.UserId,c.PostId=v.PostId#c.CreationDate,<=,1410177099,v.BountyAmount,>=,0#5561
comments c,votes v,users u#u.Id=c.UserId,c.PostId=v.PostId#u.Views,<=,120,u.CreationDate,>=,1280191513#280386
comments c,votes v,users u#u.Id=c.UserId,c.PostId=v.PostId#u.CreationDate,>=,1293000609,u.CreationDate,<=,1408041477#518111
comments c,votes v,users u#u.Id=c.UserId,c.PostId=v.PostId#v.BountyAmount,>=,0,v.CreationDate,>=,1279843200#5632
comments c,votes v,users u#u.Id=c.UserId,c.PostId=v.PostId#c.Score,=,0,u.UpVotes,<=,608#386617
comments c,votes v,users u#u.Id=c.UserId,c.PostId=v.PostId#u.DownVotes,=,0,u.CreationDate,<=,1409967326#258228
comments c,votes v,users u#u.Id=c.UserId,c.PostId=v.PostId#c.Score,=,0,v.VoteTypeId,=,2#459878
comments c,votes v,users u#u.Id=c.UserId,c.PostId=v.PostId#v.BountyAmount,<=,50,v.CreationDate,<=,1410134400#3938
comments c,votes v,users u#u.Id=c.UserId,c.PostId=v.PostId#c.Score,=,0,u.Views,>=,0#579603
comments c,votes v,users u#u.Id=c.UserId,c.PostId=v.PostId#v.CreationDate,<=,1410566400,u.Reputation,<=,720#272567
comments c,votes v,users u#u.Id=c.UserId,c.PostId=v.PostId#v.CreationDate,>=,1280448000,u.Views,<=,14#125622
comments c,votes v,users u#u.Id=c.UserId,c.PostId=v.PostId#v.BountyAmount,=,0,v.CreationDate,<=,1410220800#7
comments c,votes v,users u#u.Id=c.UserId,c.PostId=v.PostId#v.BountyAmount,>=,0,u.Views,=,4#66
comments c,votes v,users u#u.Id=c.UserId,c.PostId=v.PostId#c.Score,=,0,v.VoteTypeId,=,2#459878
comments c,votes v,users u#u.Id=c.UserId,c.PostId=v.PostId#c.CreationDate,>=,1279575507,u.UpVotes,=,6#8680
comments c,votes v,users u#u.Id=c.UserId,c.PostId=v.PostId#v.VoteTypeId,=,2,u.Reputation,>=,1#669626
comments c,votes v,users u#u.Id=c.UserId,c.PostId=v.PostId#c.Score,=,2,v.VoteTypeId,=,2#44370
comments c,votes v,users u#u.Id=c.UserId,c.PostId=v.PostId#c.Score,=,0,u.Views,<=,84#219026
comments c,votes v,users u#u.Id=c.UserId,c.PostId=v.PostId#u.DownVotes,<=,0,u.CreationDate,<=,1409418557#257930
comments c,votes v,users u#u.Id=c.UserId,c.PostId=v.PostId#v.VoteTypeId,=,2,u.Views,=,0#10646
comments c,votes v,users u#u.Id=c.UserId,c.PostId=v.PostId#c.Score,=,0,c.CreationDate,>=,1280362870#573039
comments c,votes v,users u#u.Id=c.UserId,c.PostId=v.PostId#u.Views,<=,140,u.DownVotes,=,0#236753
comments c,votes v,users u#u.Id=c.UserId,c.PostId=v.PostId#v.BountyAmount,>=,0,v.BountyAmount,<=,100#5179
comments c,votes v,users u#u.Id=c.UserId,c.PostId=v.PostId#c.CreationDate,>=,1279932050,c.CreationDate,<=,1410034817#833075
comments c,votes v,users u#u.Id=c.UserId,c.PostId=v.PostId#v.VoteTypeId,=,5,u.Views,<=,63#24202
comments c,votes v,users u#u.Id=c.UserId,c.PostId=v.PostId#v.VoteTypeId,=,2,u.UpVotes,>=,0#669626
comments c,votes v,users u#u.Id=c.UserId,c.PostId=v.PostId#v.VoteTypeId,=,2,u.DownVotes,>=,0#669626
comments c,votes v,users u#u.Id=c.UserId,c.PostId=v.PostId#v.VoteTypeId,=,2,v.CreationDate,>=,1279756800#667518
comments c,votes v,users u#u.Id=c.UserId,c.PostId=v.PostId#c.Score,=,0,u.DownVotes,=,0#213403
comments c,votes v,users u#u.Id=c.UserId,c.PostId=v.PostId#c.Score,=,1,c.CreationDate,<=,1410558772#136582
comments c,votes v,users u#u.Id=c.UserId,c.PostId=v.PostId#u.UpVotes,>=,0,u.CreationDate,<=,1405639077#842010
comments c,votes v,users u#u.Id=c.UserId,c.PostId=v.PostId#c.Score,=,0,u.DownVotes,>=,0#579603
comments c,votes v,users u#u.Id=c.UserId,c.PostId=v.PostId#u.DownVotes,<=,59,u.UpVotes,>=,0#615934
comments c,votes v,users u#u.Id=c.UserId,c.PostId=v.PostId#u.Reputation,=,1,u.UpVotes,>=,0#4810
comments c,votes v,users u#u.Id=c.UserId,c.PostId=v.PostId#v.CreationDate,>=,1279670400,u.CreationDate,<=,1409500611#844687
comments c,votes v,users u#u.Id=c.UserId,c.PostId=v.PostId#v.CreationDate,<=,1410393600,u.DownVotes,>=,0#845999
comments c,votes v,users u#u.Id=c.UserId,c.PostId=v.PostId#u.DownVotes,=,0,u.CreationDate,>=,1299197173#205263
comments c,votes v,users u#u.Id=c.UserId,c.PostId=v.PostId#v.VoteTypeId,=,2,u.Views,=,2#10765
comments c,votes v,users u#u.Id=c.UserId,c.PostId=v.PostId#c.Score,=,0,u.CreationDate,<=,1410433729#579502
comments c,votes v,users u#u.Id=c.UserId,c.PostId=v.PostId#v.VoteTypeId,=,2,u.CreationDate,<=,1410501770#669601
comments c,badges b,users u#u.Id=c.UserId,c.UserId=b.UserId#c.Score,=,0,c.CreationDate,<=,1410602075#10232918
comments c,badges b,users u#u.Id=c.UserId,c.UserId=b.UserId#u.Reputation,=,6,u.UpVotes,>=,0#4277
comments c,badges b,users u#u.Id=c.UserId,c.UserId=b.UserId#b.Date,<=,1409218752,u.Views,>=,0#15608518
comments c,badges b,users u#u.Id=c.UserId,c.UserId=b.UserId#c.Score,=,0,u.Views,>=,0#10238947
comments c,badges b,users u#u.Id=c.UserId,c.UserId=b.UserId#c.CreationDate,<=,1409949112,u.Views,>=,0#15755937
comments c,badges b,users u#u.Id=c.UserId,c.UserId=b.UserId#b.Date,<=,1409608457,u.DownVotes,=,0#492049
comments c,badges b,users u#u.Id=c.UserId,c.UserId=b.UserId#u.Reputation,=,101,u.Views,>=,0#1761
comments c,badges b,users u#u.Id=c.UserId,c.UserId=b.UserId#b.Date,>=,1281414891,u.Views,<=,31#234544
comments c,badges b,users u#u.Id=c.UserId,c.UserId=b.UserId#c.Score,=,0,b.Date,>=,1279571646#10234535
comments c,badges b,users u#u.Id=c.UserId,c.UserId=b.UserId#c.Score,=,0,u.Views,<=,22#167425
comments c,badges b,users u#u.Id=c.UserId,c.UserId=b.UserId#c.Score,=,0,c.CreationDate,<=,1409731585#10106855
comments c,badges b,users u#u.Id=c.UserId,c.UserId=b.UserId#b.Date,<=,1409795923,u.UpVotes,<=,48#485340
comments c,badges b,users u#u.Id=c.UserId,c.UserId=b.UserId#c.CreationDate,<=,1410460434,u.Reputation,<=,510#401273
comments c,badges b,users u#u.Id=c.UserId,c.UserId=b.UserId#b.Date,>=,1279585747,u.DownVotes,<=,49#3201626
comments c,badges b,users u#u.Id=c.UserId,c.UserId=b.UserId#c.CreationDate,>=,1279616688,u.Views,>=,0#15893809
comments c,badges b,users u#u.Id=c.UserId,c.UserId=b.UserId#u.Reputation,>=,1,u.CreationDate,>=,1292109724#4390338
comments c,badges b,users u#u.Id=c.UserId,c.UserId=b.UserId#b.Date,>=,1280222324,u.DownVotes,>=,0#15855553
comments c,badges b,users u#u.Id=c.UserId,c.UserId=b.UserId#b.Date,>=,1283913140,u.CreationDate,>=,1293681172#4298197
comments c,badges b,users u#u.Id=c.UserId,c.UserId=b.UserId#c.CreationDate,<=,1410028525,u.CreationDate,<=,1410191560#15766568
comments c,badges b,users u#u.Id=c.UserId,c.UserId=b.UserId#c.Score,=,0,u.CreationDate,<=,1409668033#10238564
comments c,badges b,users u#u.Id=c.UserId,c.UserId=b.UserId#u.DownVotes,>=,0,u.DownVotes,<=,0#496512
comments c,badges b,users u#u.Id=c.UserId,c.UserId=b.UserId#u.Reputation,>=,1,u.Views,<=,99#523648
comments c,badges b,users u#u.Id=c.UserId,c.UserId=b.UserId#c.CreationDate,>=,1281197658,u.DownVotes,>=,0#15832211
comments c,badges b,users u#u.Id=c.UserId,c.UserId=b.UserId#u.Reputation,<=,126,u.CreationDate,>=,1294139947#125945
comments c,badges b,users u#u.Id=c.UserId,c.UserId=b.UserId#c.Score,=,0,u.DownVotes,>=,0#10238947
comments c,badges b,users u#u.Id=c.UserId,c.UserId=b.UserId#c.CreationDate,<=,1410390484,u.DownVotes,<=,1#651069
comments c,badges b,users u#u.Id=c.UserId,c.UserId=b.UserId#c.Score,=,0,u.Reputation,<=,10647#1929770
comments c,badges b,users u#u.Id=c.UserId,c.UserId=b.UserId#c.Score,=,0,u.UpVotes,<=,81#623597
comments c,badges b,users u#u.Id=c.UserId,c.UserId=b.UserId#u.Reputation,>=,1,u.CreationDate,=,1279743680#16
comments c,badges b,users u#u.Id=c.UserId,c.UserId=b.UserId#u.Views,>=,0,u.UpVotes,=,0#52399
comments c,badges b,users u#u.Id=c.UserId,c.UserId=b.UserId#u.DownVotes,>=,0,u.CreationDate,<=,1410096966#15899800
comments c,badges b,users u#u.Id=c.UserId,c.UserId=b.UserId#u.Reputation,<=,228,u.UpVotes,>=,0#221537
comments c,badges b,users u#u.Id=c.UserId,c.UserId=b.UserId#c.Score,=,2,c.CreationDate,>=,1233585964#1331833
comments c,badges b,users u#u.Id=c.UserId,c.UserId=b.UserId#c.Score,=,0,b.Date,<=,1408417236#9926352
comments c,badges b,users u#u.Id=c.UserId,c.UserId=b.UserId#u.Reputation,>=,1,u.UpVotes,>=,0#15900001
comments c,badges b,users u#u.Id=c.UserId,c.UserId=b.UserId#b.Date,>=,1280665795,u.CreationDate,<=,1408946531#15843579
comments c,badges b,users u#u.Id=c.UserId,c.UserId=b.UserId#c.Score,=,5,u.Views,=,0#8
comments c,badges b,users u#u.Id=c.UserId,c.UserId=b.UserId#u.DownVotes,=,0,u.CreationDate,<=,1410270461#496378
comments c,badges b,users u#u.Id=c.UserId,c.UserId=b.UserId#b.Date,>=,1279748593,b.Date,<=,1409936553#15723383
comments c,badges b,users u#u.Id=c.UserId,c.UserId=b.UserId#u.Views,<=,2342,u.UpVotes,=,0#52399
comments c,badges b,users u#u.Id=c.UserId,c.UserId=b.UserId#c.Score,=,0,u.CreationDate,<=,1409776593#10238669
comments c,badges b,users u#u.Id=c.UserId,c.UserId=b.UserId#c.Score,=,0,u.UpVotes,<=,34#367343
comments c,badges b,users u#u.Id=c.UserId,c.UserId=b.UserId#u.Reputation,>=,1,u.UpVotes,<=,20#305746
comments c,badges b,users u#u.Id=c.UserId,c.UserId=b.UserId#c.CreationDate,>=,1279567824,c.CreationDate,<=,1409693624#15696866
comments c,badges b,users u#u.Id=c.UserId,c.UserId=b.UserId#c.CreationDate,<=,1409964886,b.Date,=,1382391279#23
comments c,badges b,users u#u.Id=c.UserId,c.UserId=b.UserId#c.Score,=,0,u.Views,<=,42#262410
comments c,badges b,users u#u.Id=c.UserId,c.UserId=b.UserId#c.Score,=,0,u.Reputation,<=,171#167940
comments c,badges b,users u#u.Id=c.UserId,c.UserId=b.UserId#u.Views,<=,58,u.DownVotes,<=,1#314113
comments c,badges b,users u#u.Id=c.UserId,c.UserId=b.UserId#b.Date,>=,1284585995,b.Date,<=,1410518870#15587642
comments c,badges b,users u#u.Id=c.UserId,c.UserId=b.UserId#c.Score,=,2,u.CreationDate,>=,1279580356#1316742
comments c,badges b,users u#u.Id=c.UserId,c.UserId=b.UserId#u.Reputation,>=,1,u.Reputation,<=,821#565993
comments c,badges b,users u#u.Id=c.UserId,c.UserId=b.UserId#u.Reputation,=,116,u.DownVotes,>=,0#2425
comments c,badges b,users u#u.Id=c.UserId,c.UserId=b.UserId#u.Views,>=,0,u.DownVotes,<=,0#496512
comments c,badges b,users u#u.Id=c.UserId,c.UserId=b.UserId#c.CreationDate,=,1313079804,u.CreationDate,>=,1284600602#93
comments c,badges b,users u#u.Id=c.UserId,c.UserId=b.UserId#b.Date,=,1341562663,u.CreationDate,<=,1409418557#223
comments c,badges b,users u#u.Id=c.UserId,c.UserId=b.UserId#u.DownVotes,>=,0,u.DownVotes,<=,2#770294
comments c,badges b,users u#u.Id=c.UserId,c.UserId=b.UserId#u.Reputation,<=,279,u.UpVotes,<=,28#217751
comments c,badges b,users u#u.Id=c.UserId,c.UserId=b.UserId#c.Score,=,2,b.Date,>=,1279792098#1329916
comments c,badges b,users u#u.Id=c.UserId,c.UserId=b.UserId#u.Reputation,=,6,u.CreationDate,<=,1409270766#4187
comments c,badges b,users u#u.Id=c.UserId,c.UserId=b.UserId#c.CreationDate,>=,1280925583,u.DownVotes,>=,0#15843964
comments c,badges b,users u#u.Id=c.UserId,c.UserId=b.UserId#u.DownVotes,<=,11,u.UpVotes,>=,0#1742444
comments c,badges b,users u#u.Id=c.UserId,c.UserId=b.UserId#b.Date,<=,1410524382,u.DownVotes,<=,6#1282411
comments c,badges b,users u#u.Id=c.UserId,c.UserId=b.UserId#b.Date,>=,1280508572,u.CreationDate,<=,1408001878#15844393
comments c,badges b,users u#u.Id=c.UserId,c.UserId=b.UserId#u.Reputation,<=,701,u.DownVotes,<=,1#405845
comments c,badges b,users u#u.Id=c.UserId,c.UserId=b.UserId#u.Reputation,<=,759,u.CreationDate,>=,1288146571#474872
comments c,badges b,users u#u.Id=c.UserId,c.UserId=b.UserId#u.UpVotes,>=,0,u.CreationDate,>=,1280230280#15253280
comments c,badges b,users u#u.Id=c.UserId,c.UserId=b.UserId#u.UpVotes,>=,0,u.CreationDate,>=,1280385498#15198541
comments c,badges b,users u#u.Id=c.UserId,c.UserId=b.UserId#c.CreationDate,<=,1409158961,u.DownVotes,>=,0#15610219
comments c,badges b,users u#u.Id=c.UserId,c.UserId=b.UserId#c.Score,=,0,b.Date,>=,1279595648#10230909
comments c,badges b,users u#u.Id=c.UserId,c.UserId=b.UserId#u.DownVotes,>=,0,u.DownVotes,<=,5#1123862
comments c,badges b,users u#u.Id=c.UserId,c.UserId=b.UserId#c.Score,=,1,b.Date,<=,1409419006#3272555
comments c,badges b,users u#u.Id=c.UserId,c.UserId=b.UserId#c.Score,=,0,u.CreationDate,<=,1410476345#10238921
comments c,badges b,users u#u.Id=c.UserId,c.UserId=b.UserId#b.Date,<=,1410512524,u.CreationDate,>=,1294420993#4251434
comments c,badges b,users u#u.Id=c.UserId,c.UserId=b.UserId#u.CreationDate,>=,1292356917,u.CreationDate,<=,1410488403#4389915
comments c,badges b,users u#u.Id=c.UserId,c.UserId=b.UserId#c.Score,=,0,c.CreationDate,<=,1409543290#10081367
comments c,badges b,users u#u.Id=c.UserId,c.UserId=b.UserId#u.Reputation,>=,1,u.UpVotes,<=,21#309093
comments c,badges b,users u#u.Id=c.UserId,c.UserId=b.UserId#c.Score,=,2,u.DownVotes,<=,0#9025
comments c,badges b,users u#u.Id=c.UserId,c.UserId=b.UserId#u.Reputation,>=,1,u.DownVotes,>=,0#15900001
comments c,badges b,users u#u.Id=c.UserId,c.UserId=b.UserId#c.Score,=,0,u.Reputation,>=,1#10238947
comments c,badges b,users u#u.Id=c.UserId,c.UserId=b.UserId#u.Reputation,<=,296,u.UpVotes,>=,0#263751
comments c,badges b,users u#u.Id=c.UserId,c.UserId=b.UserId#c.Score,=,0,u.UpVotes,=,0#48582
comments c,badges b,users u#u.Id=c.UserId,c.UserId=b.UserId#c.CreationDate,=,1383590634,u.CreationDate,<=,1410654581#18
comments c,badges b,users u#u.Id=c.UserId,c.UserId=b.UserId#b.Date,=,1357716362,u.Reputation,>=,1#6
comments c,badges b,users u#u.Id=c.UserId,c.UserId=b.UserId#u.Views,>=,0,u.Views,<=,11#113663
comments c,badges b,users u#u.Id=c.UserId,c.UserId=b.UserId#c.CreationDate,>=,1286483134,c.CreationDate,<=,1409934544#15393753
comments c,badges b,users u#u.Id=c.UserId,c.UserId=b.UserId#u.Views,<=,40,u.UpVotes,<=,41#247368
comments c,badges b,users u#u.Id=c.UserId,c.UserId=b.UserId#b.Date,>=,1281341971,u.Reputation,>=,1#15811794
comments c,badges b,users u#u.Id=c.UserId,c.UserId=b.UserId#c.CreationDate,<=,1410463571,b.Date,>=,1279574046#15862384
comments c,badges b,users u#u.Id=c.UserId,c.UserId=b.UserId#c.CreationDate,>=,1279583805,b.Date,<=,1410056914#15776256
comments c,badges b,users u#u.Id=c.UserId,c.UserId=b.UserId#u.Reputation,>=,1,u.CreationDate,<=,1408635350#15898768
comments c,badges b,users u#u.Id=c.UserId,c.UserId=b.UserId#u.DownVotes,<=,0,u.CreationDate,<=,1409086380#495757
comments c,badges b,users u#u.Id=c.UserId,c.UserId=b.UserId#c.CreationDate,>=,1281730067,b.Date,>=,1288965453#15227700
comments c,badges b,users u#u.Id=c.UserId,c.UserId=b.UserId#u.Views,<=,1305,u.CreationDate,>=,1280701850#2147654
comments c,badges b,users u#u.Id=c.UserId,c.UserId=b.UserId#c.CreationDate,<=,1410162093,u.CreationDate,<=,1409626337#15792243
comments c,badges b,users u#u.Id=c.UserId,c.UserId=b.UserId#c.Score,=,0,u.Reputation,>=,1#10238947
comments c,badges b,users u#u.Id=c.UserId,c.UserId=b.UserId#c.CreationDate,<=,1410530202,u.Views,>=,0#15880596
comments c,badges b,users u#u.Id=c.UserId,c.UserId=b.UserId#c.Score,=,0,u.DownVotes,>=,0#10238947
comments c,badges b,users u#u.Id=c.UserId,c.UserId=b.UserId#u.Views,>=,0,u.Views,<=,80#456665
comments c,badges b,users u#u.Id=c.UserId,c.UserId=b.UserId#u.Reputation,>=,1,u.DownVotes,<=,779#15900001
comments c,badges b,users u#u.Id=c.UserId,c.UserId=b.UserId#c.Score,=,0,b.Date,>=,1281987822#10148242
comments c,badges b,users u#u.Id=c.UserId,c.UserId=b.UserId#b.Date,<=,1410458853,u.Reputation,=,60#1784
comments c,badges b,users u#u.Id=c.UserId,c.UserId=b.UserId#c.CreationDate,=,1366388506,u.DownVotes,>=,0#12
comments c,badges b,users u#u.Id=c.UserId,c.UserId=b.UserId#u.Views,>=,0,u.Views,<=,175#694163
comments c,badges b,users u#u.Id=c.UserId,c.UserId=b.UserId#c.Score,=,1,b.Date,>=,1280480068#3313946
comments c,badges b,users u#u.Id=c.UserId,c.UserId=b.UserId#b.Date,<=,1410293312,u.Views,>=,0#15834530
comments c,badges b,users u#u.Id=c.UserId,c.UserId=b.UserId#u.UpVotes,>=,0,u.UpVotes,<=,17#279857
comments c,badges b,users u#u.Id=c.UserId,c.UserId=b.UserId#c.Score,=,0,u.Reputation,<=,236#210980
comments c,badges b,users u#u.Id=c.UserId,c.UserId=b.UserId#u.DownVotes,>=,0,u.UpVotes,>=,0#15900001
comments c,badges b,users u#u.Id=c.UserId,c.UserId=b.UserId#c.CreationDate,<=,1410560662,u.Views,<=,29#221612
comments c,badges b,users u#u.Id=c.UserId,c.UserId=b.UserId#u.Views,<=,31,u.UpVotes,>=,0#235450
comments c,badges b,users u#u.Id=c.UserId,c.UserId=b.UserId#u.Reputation,=,1,u.DownVotes,=,0#1805
comments c,badges b,users u#u.Id=c.UserId,c.UserId=b.UserId#b.Date,>=,1280183022,u.CreationDate,<=,1410242725#15863177
comments c,badges b,users u#u.Id=c.UserId,c.UserId=b.UserId#c.CreationDate,>=,1281042306,u.DownVotes,>=,0#15835981
comments c,badges b,users u#u.Id=c.UserId,c.UserId=b.UserId#u.Reputation,>=,1,u.Views,>=,0#15900001
comments c,badges b,users u#u.Id=c.UserId,c.UserId=b.UserId#u.UpVotes,>=,0,u.CreationDate,<=,1409243100#15899387
comments c,badges b,users u#u.Id=c.UserId,c.UserId=b.UserId#c.Score,=,0,u.CreationDate,<=,1408693658#10237858
comments c,badges b,users u#u.Id=c.UserId,c.UserId=b.UserId#c.CreationDate,>=,1279923236,u.Reputation,>=,1#15882336
comments c,badges b,users u#u.Id=c.UserId,c.UserId=b.UserId#u.Views,>=,0,u.Views,<=,28#217373
comments c,badges b,users u#u.Id=c.UserId,c.UserId=b.UserId#c.Score,=,2,u.CreationDate,>=,1279642104#1299702
comments c,badges b,users u#u.Id=c.UserId,c.UserId=b.UserId#c.CreationDate,<=,1410518091,u.UpVotes,<=,12#235333
comments c,badges b,users u#u.Id=c.UserId,c.UserId=b.UserId#c.Score,=,0,b.Date,>=,1279653147#10223205
comments c,badges b,users u#u.Id=c.UserId,c.UserId=b.UserId#c.CreationDate,<=,1410403409,u.Views,>=,0#15862373
comments c,badges b,users u#u.Id=c.UserId,c.UserId=b.UserId#u.Views,>=,0,u.Views,<=,23#187035
comments c,badges b,users u#u.Id=c.UserId,c.UserId=b.UserId#b.Date,>=,1280169521,u.DownVotes,=,0#494476
comments c,badges b,users u#u.Id=c.UserId,c.UserId=b.UserId#c.Score,=,0,u.Reputation,<=,118#115106
comments c,badges b,users u#u.Id=c.UserId,c.UserId=b.UserId#c.CreationDate,<=,1410655717,b.Date,>=,1280917534#15840422
comments c,badges b,users u#u.Id=c.UserId,c.UserId=b.UserId#c.Score,=,0,u.CreationDate,>=,1280171337#9823374
comments c,badges b,users u#u.Id=c.UserId,c.UserId=b.UserId#u.Reputation,>=,1,u.UpVotes,<=,1160#3025213
comments c,badges b,users u#u.Id=c.UserId,c.UserId=b.UserId#c.CreationDate,<=,1409790679,u.Reputation,=,1#1778
comments c,badges b,users u#u.Id=c.UserId,c.UserId=b.UserId#u.Reputation,>=,1,u.CreationDate,<=,1409760902#15899686
comments c,badges b,users u#u.Id=c.UserId,c.UserId=b.UserId#u.Views,>=,0,u.Views,<=,238#833609
comments c,badges b,users u#u.Id=c.UserId,c.UserId=b.UserId#c.Score,=,0,u.DownVotes,<=,145#5760700
comments c,badges b,users u#u.Id=c.UserId,c.UserId=b.UserId#b.Date,>=,1282145646,u.UpVotes,<=,60#552181
comments c,badges b,users u#u.Id=c.UserId,c.UserId=b.UserId#u.UpVotes,=,0,u.CreationDate,>=,1279615619#52377
comments c,badges b,users u#u.Id=c.UserId,c.UserId=b.UserId#c.CreationDate,>=,1279683071,c.CreationDate,<=,1409067239#15579360
comments c,badges b,users u#u.Id=c.UserId,c.UserId=b.UserId#u.Reputation,<=,2694,u.Views,<=,10#104642
comments c,badges b,users u#u.Id=c.UserId,c.UserId=b.UserId#c.Score,=,1,b.Date,<=,1409600359#3274326
comments c,badges b,users u#u.Id=c.UserId,c.UserId=b.UserId#u.CreationDate,>=,1279993459,u.CreationDate,<=,1409982949#15322238
comments c,badges b,users u#u.Id=c.UserId,c.UserId=b.UserId#u.Reputation,<=,421,u.Views,=,10#5825
comments c,badges b,users u#u.Id=c.UserId,c.UserId=b.UserId#u.Reputation,<=,1271,u.DownVotes,<=,2#554261
comments c,badges b,users u#u.Id=c.UserId,c.UserId=b.UserId#c.Score,=,1,b.Date,>=,1279571346#3321730
comments c,badges b,users u#u.Id=c.UserId,c.UserId=b.UserId#b.Date,<=,1409688587,u.CreationDate,>=,1280954936#14356885
comments c,badges b,users u#u.Id=c.UserId,c.UserId=b.UserId#c.Score,=,0,u.Views,<=,19#153929
comments c,badges b,users u#u.Id=c.UserId,c.UserId=b.UserId#u.DownVotes,=,0,u.UpVotes,>=,0#496512
comments c,badges b,users u#u.Id=c.UserId,c.UserId=b.UserId#c.Score,=,1,u.DownVotes,>=,0#3322860
comments c,badges b,users u#u.Id=c.UserId,c.UserId=b.UserId#c.Score,=,0,u.DownVotes,<=,0#443408
comments c,badges b,users u#u.Id=c.UserId,c.UserId=b.UserId#c.Score,=,0,b.Date,<=,1409313031#10058711
comments c,badges b,users u#u.Id=c.UserId,c.UserId=b.UserId#b.Date,<=,1409935959,u.Reputation,=,116#2410
comments c,badges b,users u#u.Id=c.UserId,c.UserId=b.UserId#u.Reputation,>=,1,u.Reputation,<=,883#592075
comments c,badges b,users u#u.Id=c.UserId,c.UserId=b.UserId#u.DownVotes,<=,0,u.CreationDate,<=,1409238242#495930
comments c,badges b,users u#u.Id=c.UserId,c.UserId=b.UserId#b.Date,>=,1280237024,u.DownVotes,<=,0#493713
comments c,badges b,users u#u.Id=c.UserId,c.UserId=b.UserId#c.CreationDate,<=,1410353484,u.Views,<=,105#542484
comments c,badges b,users u#u.Id=c.UserId,c.UserId=b.UserId#b.Date,>=,1292558507,u.UpVotes,>=,0#15095189
comments c,badges b,users u#u.Id=c.UserId,c.UserId=b.UserId#c.CreationDate,<=,1410387942,u.DownVotes,=,0#495196
comments c,badges b,users u#u.Id=c.UserId,c.UserId=b.UserId#c.Score,=,0,u.UpVotes,<=,26#319642
comments c,badges b,users u#u.Id=c.UserId,c.UserId=b.UserId#c.Score,=,0,u.Views,>=,0#10238947
comments c,badges b,users u#u.Id=c.UserId,c.UserId=b.UserId#c.CreationDate,>=,1282831735,u.UpVotes,>=,0#15765335
comments c,badges b,users u#u.Id=c.UserId,c.UserId=b.UserId#u.Reputation,>=,1,u.CreationDate,>=,1281184685#11730924
comments c,badges b,users u#u.Id=c.UserId,c.UserId=b.UserId#u.Views,>=,0,u.Views,<=,68#402063
comments c,badges b,users u#u.Id=c.UserId,c.UserId=b.UserId#u.UpVotes,<=,154,u.CreationDate,<=,1408636439#975696
comments c,badges b,users u#u.Id=c.UserId,c.UserId=b.UserId#u.DownVotes,<=,0,u.UpVotes,<=,21#263327
comments c,badges b,users u#u.Id=c.UserId,c.UserId=b.UserId#c.Score,=,0,u.DownVotes,>=,0#10238947
comments c,badges b,users u#u.Id=c.UserId,c.UserId=b.UserId#c.CreationDate,>=,1279572349,c.CreationDate,<=,1409513068#15658752
comments c,badges b,users u#u.Id=c.UserId,c.UserId=b.UserId#u.DownVotes,>=,0,u.DownVotes,<=,2#770294
comments c,badges b,users u#u.Id=c.UserId,c.UserId=b.UserId#c.CreationDate,>=,1282203300,u.DownVotes,>=,0#15798078
comments c,badges b,users u#u.Id=c.UserId,c.UserId=b.UserId#u.Views,<=,88,u.CreationDate,<=,1410444647#480844
comments c,badges b,users u#u.Id=c.UserId,c.UserId=b.UserId#c.Score,=,1,b.Date,>=,1279892606#3317259
comments c,badges b,users u#u.Id=c.UserId,c.UserId=b.UserId#u.DownVotes,=,0,u.CreationDate,>=,1280172571#477839
comments c,badges b,users u#u.Id=c.UserId,c.UserId=b.UserId#u.DownVotes,=,0,u.CreationDate,>=,1283462766#424420
comments c,badges b,users u#u.Id=c.UserId,c.UserId=b.UserId#b.Date,>=,1279568350,u.Reputation,>=,1#15897456
comments c,badges b,users u#u.Id=c.UserId,c.UserId=b.UserId#c.CreationDate,=,1397666198,b.Date,<=,1410507269#18
comments c,badges b,users u#u.Id=c.UserId,c.UserId=b.UserId#u.Reputation,<=,106,u.UpVotes,>=,0#105858
comments c,badges b,users u#u.Id=c.UserId,c.UserId=b.UserId#b.Date,>=,1279619348,u.DownVotes,>=,0#15880520
comments c,badges b,users u#u.Id=c.UserId,c.UserId=b.UserId#u.Reputation,>=,1,u.CreationDate,>=,1297116570#3708117
comments c,badges b,users u#u.Id=c.UserId,c.UserId=b.UserId#u.DownVotes,>=,0,u.UpVotes,=,0#52399
comments c,badges b,users u#u.Id=c.UserId,c.UserId=b.UserId#u.Reputation,>=,1,u.CreationDate,<=,1410378060#15899928
comments c,badges b,users u#u.Id=c.UserId,c.UserId=b.UserId#b.Date,<=,1409741403,u.CreationDate,=,1366884060#1
comments c,badges b,users u#u.Id=c.UserId,c.UserId=b.UserId#b.Date,<=,1410189505,u.CreationDate,>=,1311896400#2881739
comments c,badges b,users u#u.Id=c.UserId,c.UserId=b.UserId#u.DownVotes,<=,214,u.CreationDate,<=,1409147002#9544474
comments c,badges b,users u#u.Id=c.UserId,c.UserId=b.UserId#u.DownVotes,>=,0,u.CreationDate,>=,1285668173#4698539
comments c,badges b,users u#u.Id=c.UserId,c.UserId=b.UserId#c.Score,=,2,u.CreationDate,>=,1280391213#1287703
comments c,badges b,users u#u.Id=c.UserId,c.UserId=b.UserId#u.CreationDate,>=,1280250901,u.CreationDate,<=,1407948938#15207117
comments c,badges b,users u#u.Id=c.UserId,c.UserId=b.UserId#u.Views,<=,207,u.UpVotes,<=,17#273260
comments c,badges b,users u#u.Id=c.UserId,c.UserId=b.UserId#c.Score,=,0,u.DownVotes,>=,0#10238947
comments c,badges b,users u#u.Id=c.UserId,c.UserId=b.UserId#c.CreationDate,>=,1279921212,u.CreationDate,>=,1287498471#4683562
comments c,badges b,users u#u.Id=c.UserId,c.UserId=b.UserId#c.CreationDate,<=,1410463137,u.Views,>=,0#15869394
comments c,badges b,users u#u.Id=c.UserId,c.UserId=b.UserId#c.CreationDate,<=,1409865686,u.Reputation,<=,1460#819911
comments c,badges b,users u#u.Id=c.UserId,c.UserId=b.UserId#c.Score,=,0,u.DownVotes,>=,0#10238947
comments c,badges b,users u#u.Id=c.UserId,c.UserId=b.UserId#c.CreationDate,<=,1410384149,u.Reputation,<=,2538#1060605
comments c,badges b,users u#u.Id=c.UserId,c.UserId=b.UserId#c.Score,=,0,u.Views,>=,0#10238947
comments c,badges b,users u#u.Id=c.UserId,c.UserId=b.UserId#c.CreationDate,>=,1282524232,u.Reputation,<=,370#314951
comments c,badges b,users u#u.Id=c.UserId,c.UserId=b.UserId#c.Score,=,0,u.UpVotes,>=,0#10238947
comments c,badges b,users u#u.Id=c.UserId,c.UserId=b.UserId#u.UpVotes,>=,0,u.CreationDate,>=,1279642104#15412069
comments c,badges b,users u#u.Id=c.UserId,c.UserId=b.UserId#c.CreationDate,<=,1410463137,b.Date,=,1317232275#1
comments c,badges b,users u#u.Id=c.UserId,c.UserId=b.UserId#c.Score,=,0,u.DownVotes,<=,2#664385
comments c,badges b,users u#u.Id=c.UserId,c.UserId=b.UserId#c.Score,=,0,u.Views,>=,0#10238947
comments c,badges b,users u#u.Id=c.UserId,c.UserId=b.UserId#c.Score,=,0,u.Reputation,<=,131#131513
comments c,badges b,users u#u.Id=c.UserId,c.UserId=b.UserId#u.Views,=,1,u.CreationDate,<=,1410373024#11342
comments c,badges b,users u#u.Id=c.UserId,c.UserId=b.UserId#c.Score,=,0,u.UpVotes,=,1#21469
comments c,badges b,users u#u.Id=c.UserId,c.UserId=b.UserId#c.Score,=,3,u.CreationDate,>=,1281352499#436118
comments c,badges b,users u#u.Id=c.UserId,c.UserId=b.UserId#u.UpVotes,=,0,u.CreationDate,<=,1407358982#51280
comments c,badges b,users u#u.Id=c.UserId,c.UserId=b.UserId#u.DownVotes,>=,0,u.CreationDate,<=,1410373024#15899905
comments c,badges b,users u#u.Id=c.UserId,c.UserId=b.UserId#b.Date,<=,1409310695,u.Views,<=,18#156857
comments c,badges b,users u#u.Id=c.UserId,c.UserId=b.UserId#u.DownVotes,<=,1,u.UpVotes,>=,0#652587
comments c,badges b,users u#u.Id=c.UserId,c.UserId=b.UserId#u.CreationDate,>=,1279588490,u.CreationDate,<=,1408648238#15625523
comments c,badges b,users u#u.Id=c.UserId,c.UserId=b.UserId#u.DownVotes,>=,0,u.DownVotes,<=,103#4087122
comments c,badges b,users u#u.Id=c.UserId,c.UserId=b.UserId#b.Date,>=,1279819999,b.Date,<=,1409802558#15693572
comments c,badges b,users u#u.Id=c.UserId,c.UserId=b.UserId#c.Score,=,1,c.CreationDate,>=,1280085503#3318590
comments c,badges b,users u#u.Id=c.UserId,c.UserId=b.UserId#u.Views,<=,18,u.UpVotes,>=,0#159567
comments c,badges b,users u#u.Id=c.UserId,c.UserId=b.UserId#u.Reputation,<=,197,u.DownVotes,>=,0#199440
comments c,badges b,users u#u.Id=c.UserId,c.UserId=b.UserId#c.Score,=,0,u.CreationDate,<=,1408644928#10237847
comments c,badges b,users u#u.Id=c.UserId,c.UserId=b.UserId#u.Views,>=,0,u.Views,<=,68#402063
comments c,badges b,users u#u.Id=c.UserId,c.UserId=b.UserId#c.Score,=,0,c.CreationDate,=,1354185216#16
comments c,badges b,users u#u.Id=c.UserId,c.UserId=b.UserId#u.UpVotes,>=,0,u.UpVotes,<=,497#2112777
comments c,badges b,users u#u.Id=c.UserId,c.UserId=b.UserId#b.Date,>=,1283119671,u.DownVotes,<=,0#489014
comments c,badges b,users u#u.Id=c.UserId,c.UserId=b.UserId#c.Score,=,0,u.UpVotes,>=,0#10238947
comments c,badges b,users u#u.Id=c.UserId,c.UserId=b.UserId#b.Date,>=,1279572846,u.Reputation,<=,361#309075
comments c,badges b,users u#u.Id=c.UserId,c.UserId=b.UserId#b.Date,>=,1281816043,u.DownVotes,>=,0#15775921
comments c,badges b,users u#u.Id=c.UserId,c.UserId=b.UserId#b.Date,>=,1279610948,u.CreationDate,>=,1299697829#3503251
comments c,badges b,users u#u.Id=c.UserId,c.UserId=b.UserId#c.CreationDate,<=,1410525363,u.UpVotes,<=,5#144601
comments c,badges b,users u#u.Id=c.UserId,c.UserId=b.UserId#u.Reputation,>=,1,u.Reputation,<=,709#494263
comments c,badges b,users u#u.Id=c.UserId,c.UserId=b.UserId#u.Views,>=,0,u.Views,<=,137#626373
comments c,badges b,users u#u.Id=c.UserId,c.UserId=b.UserId#b.Date,=,1331248399,u.Reputation,>=,1#22
comments c,badges b,users u#u.Id=c.UserId,c.UserId=b.UserId#c.Score,=,2,u.DownVotes,=,0#9025
comments c,badges b,users u#u.Id=c.UserId,c.UserId=b.UserId#c.Score,=,1,u.UpVotes,<=,61#48900
comments c,badges b,users u#u.Id=c.UserId,c.UserId=b.UserId#u.CreationDate,>=,1279575230,u.CreationDate,<=,1407388743#15689980
comments c,badges b,users u#u.Id=c.UserId,c.UserId=b.UserId#u.Views,>=,0,u.Views,<=,309#1024202
comments c,badges b,users u#u.Id=c.UserId,c.UserId=b.UserId#b.Date,>=,1279568348,u.DownVotes,<=,3#845204
comments c,badges b,users u#u.Id=c.UserId,c.UserId=b.UserId#c.Score,=,0,u.Reputation,>=,1#10238947
comments c,badges b,users u#u.Id=c.UserId,c.UserId=b.UserId#b.Date,<=,1406811247,u.CreationDate,>=,1314738557#2599539
comments c,badges b,users u#u.Id=c.UserId,c.UserId=b.UserId#c.CreationDate,=,1391299374,u.Reputation,>=,1#318
comments c,badges b,users u#u.Id=c.UserId,c.UserId=b.UserId#c.Score,=,0,c.CreationDate,>=,1279602428#10236789
comments c,badges b,users u#u.Id=c.UserId,c.UserId=b.UserId#u.Views,>=,0,u.UpVotes,<=,37#421690
comments c,badges b,users u#u.Id=c.UserId,c.UserId=b.UserId#u.Reputation,<=,121,u.DownVotes,>=,0#126028
comments c,badges b,users u#u.Id=c.UserId,c.UserId=b.UserId#c.Score,=,0,u.DownVotes,>=,0#10238947
comments c,badges b,users u#u.Id=c.UserId,c.UserId=b.UserId#c.Score,=,0,u.CreationDate,>=,1294414669#2923772
comments c,badges b,users u#u.Id=c.UserId,c.UserId=b.UserId#u.Reputation,=,3,u.Views,>=,0#1042
comments c,badges b,users u#u.Id=c.UserId,c.UserId=b.UserId#u.UpVotes,>=,0,u.CreationDate,<=,1410066808#15899760
comments c,badges b,users u#u.Id=c.UserId,c.UserId=b.UserId#c.Score,=,1,u.Reputation,<=,826#42540
comments c,badges b,users u#u.Id=c.UserId,c.UserId=b.UserId#c.CreationDate,=,1378802517,u.Reputation,<=,18088#76
comments c,badges b,users u#u.Id=c.UserId,c.UserId=b.UserId#b.Date,<=,1410452303,u.DownVotes,>=,0#15874206
comments c,badges b,users u#u.Id=c.UserId,c.UserId=b.UserId#c.CreationDate,=,1408379719,u.DownVotes,<=,1#8
comments c,badges b,users u#u.Id=c.UserId,c.UserId=b.UserId#u.Reputation,<=,181,u.DownVotes,<=,2#185801
comments c,badges b,users u#u.Id=c.UserId,c.UserId=b.UserId#c.Score,=,0,u.UpVotes,>=,0#10238947
comments c,badges b,users u#u.Id=c.UserId,c.UserId=b.UserId#u.UpVotes,=,0,u.CreationDate,<=,1410014305#52245
comments c,badges b,users u#u.Id=c.UserId,c.UserId=b.UserId#u.Views,<=,318,u.CreationDate,>=,1279566698#1026990
comments c,badges b,users u#u.Id=c.UserId,c.UserId=b.UserId#c.Score,=,0,c.CreationDate,<=,1410642637#10237013
comments c,badges b,users u#u.Id=c.UserId,c.UserId=b.UserId#u.Reputation,<=,628,u.Views,>=,0#463979
comments c,badges b,users u#u.Id=c.UserId,c.UserId=b.UserId#u.Views,>=,0,u.UpVotes,<=,92#752954
comments c,badges b,users u#u.Id=c.UserId,c.UserId=b.UserId#u.Reputation,<=,549,u.UpVotes,<=,51#356351
comments c,badges b,users u#u.Id=c.UserId,c.UserId=b.UserId#c.Score,=,0,u.Views,<=,31#215226
comments c,badges b,users u#u.Id=c.UserId,c.UserId=b.UserId#u.Reputation,>=,1,u.UpVotes,=,0#52399
comments c,badges b,users u#u.Id=c.UserId,c.UserId=b.UserId#c.Score,=,0,u.Reputation,=,241#256
comments c,badges b,users u#u.Id=c.UserId,c.UserId=b.UserId#c.Score,=,1,u.UpVotes,<=,8#12169
comments c,badges b,users u#u.Id=c.UserId,c.UserId=b.UserId#b.Date,>=,1297657047,u.DownVotes,<=,5#1036773
comments c,badges b,users u#u.Id=c.UserId,c.UserId=b.UserId#b.Date,<=,1409462963,u.UpVotes,<=,46#475753
comments c,badges b,users u#u.Id=c.UserId,c.UserId=b.UserId#u.Reputation,<=,1912,u.Views,>=,0#910839
comments c,badges b,users u#u.Id=c.UserId,c.UserId=b.UserId#u.Reputation,<=,315,u.DownVotes,<=,8#282968
comments c,badges b,users u#u.Id=c.UserId,c.UserId=b.UserId#u.UpVotes,>=,0,u.UpVotes,<=,48#489006
comments c,badges b,users u#u.Id=c.UserId,c.UserId=b.UserId#c.Score,=,0,u.Reputation,<=,133#133134
comments c,badges b,users u#u.Id=c.UserId,c.UserId=b.UserId#c.CreationDate,>=,1279576487,u.DownVotes,<=,0#496264
comments c,badges b,users u#u.Id=c.UserId,c.UserId=b.UserId#c.Score,=,0,u.Reputation,<=,219#200728
comments c,badges b,users u#u.Id=c.UserId,c.UserId=b.UserId#u.Views,<=,44,u.CreationDate,<=,1407954109#296267
posts p,tags t,votes v#p.Id=t.ExcerptPostId,p.OwnerUserId=v.UserId#p.Score,>=,0,p.Score,<=,16#70752
posts p,tags t,votes v#p.Id=t.ExcerptPostId,p.OwnerUserId=v.UserId#t.Count,<=,514,v.CreationDate,<=,1410220800#67778
posts p,tags t,votes v#p.Id=t.ExcerptPostId,p.OwnerUserId=v.UserId#t.Count,>=,1,v.CreationDate,<=,1410307200#70631
posts p,tags t,votes v#p.Id=t.ExcerptPostId,p.OwnerUserId=v.UserId#p.CommentCount,<=,16,t.Count,<=,520#67965
posts p,tags t,votes v#p.Id=t.ExcerptPostId,p.OwnerUserId=v.UserId#p.CreationDate,>=,1279611034,p.CreationDate,<=,1409521393#70748
posts p,tags t,votes v#p.Id=t.ExcerptPostId,p.OwnerUserId=v.UserId#p.Score,>=,-3,p.CommentCount,>=,0#70752
posts p,tags t,votes v#p.Id=t.ExcerptPostId,p.OwnerUserId=v.UserId#p.Score,>=,-1,p.Score,<=,17#70752
posts p,tags t,votes v#p.Id=t.ExcerptPostId,p.OwnerUserId=v.UserId#p.Score,>=,-2,t.Count,>=,1#70752
posts p,tags t,votes v#p.Id=t.ExcerptPostId,p.OwnerUserId=v.UserId#v.BountyAmount,>=,0,v.CreationDate,<=,1410566400#2642
posts p,tags t,votes v#p.Id=t.ExcerptPostId,p.OwnerUserId=v.UserId#p.Score,>=,-2,v.CreationDate,<=,1410393600#70683
posts p,tags t,votes v#p.Id=t.ExcerptPostId,p.OwnerUserId=v.UserId#t.Count,>=,2,v.CreationDate,>=,1279584000#69316
posts p,tags t,votes v#p.Id=t.ExcerptPostId,p.OwnerUserId=v.UserId#p.CommentCount,<=,9,v.CreationDate,<=,1410393600#70683
posts p,tags t,votes v#p.Id=t.ExcerptPostId,p.OwnerUserId=v.UserId#t.Count,>=,6,v.CreationDate,<=,1410566400#63702
posts p,tags t,votes v#p.Id=t.ExcerptPostId,p.OwnerUserId=v.UserId#p.Score,>=,-2,p.CommentCount,>=,0#70752
posts p,tags t,votes v#p.Id=t.ExcerptPostId,p.OwnerUserId=v.UserId#p.Score,<=,30,v.CreationDate,>=,1279670400#70752
posts p,tags t,votes v#p.Id=t.ExcerptPostId,p.OwnerUserId=v.UserId#p.CommentCount,>=,0,p.CommentCount,<=,18#70752
posts p,tags t,votes v#p.Id=t.ExcerptPostId,p.OwnerUserId=v.UserId#t.Count,<=,489,v.BountyAmount,>=,0#2447
posts p,tags t,votes v#p.Id=t.ExcerptPostId,p.OwnerUserId=v.UserId#p.CommentCount,>=,0,v.BountyAmount,<=,50#1993
posts p,tags t,votes v#p.Id=t.ExcerptPostId,p.OwnerUserId=v.UserId#p.Score,>=,-4,v.CreationDate,>=,1280188800#70712
posts p,tags t,votes v#p.Id=t.ExcerptPostId,p.OwnerUserId=v.UserId#v.BountyAmount,<=,100,v.CreationDate,=,1343260800#5
posts p,tags t,votes v#p.Id=t.ExcerptPostId,p.OwnerUserId=v.UserId#p.CreationDate,<=,1410480212,t.Count,<=,104#45440
posts p,tags t,votes v#p.Id=t.ExcerptPostId,p.OwnerUserId=v.UserId#p.Score,>=,0,p.Score,<=,32#70752
posts p,tags t,votes v#p.Id=t.ExcerptPostId,p.OwnerUserId=v.UserId#p.Score,>=,-1,p.Score,<=,20#70752
posts p,tags t,votes v#p.Id=t.ExcerptPostId,p.OwnerUserId=v.UserId#p.CreationDate,>=,1281749503,t.Count,<=,92#42805
posts p,tags t,votes v#p.Id=t.ExcerptPostId,p.OwnerUserId=v.UserId#v.CreationDate,>=,1279497600,v.CreationDate,<=,1410393600#70683
posts p,tags t,votes v#p.Id=t.ExcerptPostId,p.OwnerUserId=v.UserId#p.Score,>=,-1,v.BountyAmount,<=,50#1993
posts p,tags t,votes v#p.Id=t.ExcerptPostId,p.OwnerUserId=v.UserId#v.CreationDate,>=,1279497600,v.CreationDate,<=,1410393600#70683
posts p,tags t,votes v#p.Id=t.ExcerptPostId,p.OwnerUserId=v.UserId#t.Count,<=,153,v.CreationDate,<=,1410393600#56269
posts p,tags t,votes v#p.Id=t.ExcerptPostId,p.OwnerUserId=v.UserId#v.BountyAmount,>=,0,v.BountyAmount,<=,50#1993
posts p,tags t,votes v#p.Id=t.ExcerptPostId,p.OwnerUserId=v.UserId#p.Score,>=,-2,p.Score,<=,18#70752
posts p,tags t,votes v#p.Id=t.ExcerptPostId,p.OwnerUserId=v.UserId#p.Score,>=,0,t.Count,<=,667#68672
posts p,postLinks pl,postHistory ph#p.Id=pl.PostId,pl.PostId=ph.PostId#p.PostTypeId,=,1,p.FavoriteCount,>=,0#29239
posts p,postLinks pl,postHistory ph#p.Id=pl.PostId,pl.PostId=ph.PostId#p.FavoriteCount,=,0,pl.CreationDate,>=,1297965283#2423
posts p,postLinks pl,postHistory ph#p.Id=pl.PostId,pl.PostId=ph.PostId#pl.LinkTypeId,=,1,ph.CreationDate,>=,1289220981#56708
posts p,postLinks pl,postHistory ph#p.Id=pl.PostId,pl.PostId=ph.PostId#ph.PostHistoryTypeId,=,2,ph.CreationDate,>=,1283355557#10934
posts p,postLinks pl,postHistory ph#p.Id=pl.PostId,pl.PostId=ph.PostId#p.CommentCount,=,0,p.FavoriteCount,<=,3#4424
posts p,postLinks pl,postHistory ph#p.Id=pl.PostId,pl.PostId=ph.PostId#pl.CreationDate,>=,1324128445,pl.CreationDate,<=,1398887391#45448
posts p,postLinks pl,postHistory ph#p.Id=pl.PostId,pl.PostId=ph.PostId#p.Score,>=,0,p.CreationDate,<=,1409201190#62008
posts p,postLinks pl,postHistory ph#p.Id=pl.PostId,pl.PostId=ph.PostId#p.Score,<=,14,ph.CreationDate,<=,1409808067#59324
posts p,postLinks pl,postHistory ph#p.Id=pl.PostId,pl.PostId=ph.PostId#p.FavoriteCount,<=,11,ph.PostHistoryTypeId,=,5#5819
posts p,postLinks pl,postHistory ph#p.Id=pl.PostId,pl.PostId=ph.PostId#p.CommentCount,<=,15,p.FavoriteCount,>=,0#28558
posts p,postLinks pl,postHistory ph#p.Id=pl.PostId,pl.PostId=ph.PostId#p.PostTypeId,=,1,pl.LinkTypeId,=,1#58277
posts p,postLinks pl,postHistory ph#p.Id=pl.PostId,pl.PostId=ph.PostId#p.ViewCount,>=,0,ph.PostHistoryTypeId,=,3#11102
posts p,postLinks pl,postHistory ph#p.Id=pl.PostId,pl.PostId=ph.PostId#p.AnswerCount,<=,3,p.CreationDate,<=,1410540875#58221
posts p,postLinks pl,postHistory ph#p.Id=pl.PostId,pl.PostId=ph.PostId#p.Score,<=,26,ph.CreationDate,<=,1408617757#60786
posts p,postLinks pl,postHistory ph#p.Id=pl.PostId,pl.PostId=ph.PostId#p.Score,>=,-3,ph.PostHistoryTypeId,=,2#11077
posts p,postLinks pl,postHistory ph#p.Id=pl.PostId,pl.PostId=ph.PostId#p.CreationDate,<=,1409311874,ph.PostHistoryTypeId,=,5#12616
posts p,postLinks pl,postHistory ph#p.Id=pl.PostId,pl.PostId=ph.PostId#p.CreationDate,<=,1410437156,ph.CreationDate,<=,1410542803#63489
posts p,postLinks pl,postHistory ph#p.Id=pl.PostId,pl.PostId=ph.PostId#pl.LinkTypeId,=,1,ph.PostHistoryTypeId,=,5#11943
posts p,postLinks pl,postHistory ph#p.Id=pl.PostId,pl.PostId=ph.PostId#p.PostTypeId,=,1,p.FavoriteCount,<=,5#23937
posts p,postLinks pl,postHistory ph#p.Id=pl.PostId,pl.PostId=ph.PostId#p.CommentCount,<=,8,ph.CreationDate,>=,1280364491#58075
posts p,postLinks pl,postHistory ph#p.Id=pl.PostId,pl.PostId=ph.PostId#p.Score,>=,-2,p.FavoriteCount,<=,3#20897
posts p,postLinks pl,postHistory ph#p.Id=pl.PostId,pl.PostId=ph.PostId#p.ViewCount,>=,0,p.ViewCount,<=,4217#60257
posts p,postLinks pl,postHistory ph#p.Id=pl.PostId,pl.PostId=ph.PostId#p.Score,>=,-3,p.AnswerCount,<=,6#62168
posts p,postLinks pl,postHistory ph#p.Id=pl.PostId,pl.PostId=ph.PostId#ph.CreationDate,>=,1279588637,ph.CreationDate,<=,1408472926#61999
posts p,postLinks pl,postHistory ph#p.Id=pl.PostId,pl.PostId=ph.PostId#p.ViewCount,>=,0,ph.PostHistoryTypeId,=,3#11102
posts p,postLinks pl,postHistory ph#p.Id=pl.PostId,pl.PostId=ph.PostId#pl.CreationDate,<=,1404626026,ph.CreationDate,<=,1406484011#58816
posts p,postLinks pl,postHistory ph#p.Id=pl.PostId,pl.PostId=ph.PostId#p.AnswerCount,<=,3,p.CreationDate,>=,1281383610#58062
posts p,postLinks pl,postHistory ph#p.Id=pl.PostId,pl.PostId=ph.PostId#p.ViewCount,>=,0,p.FavoriteCount,<=,17#27786
posts p,postLinks pl,postHistory ph#p.Id=pl.PostId,pl.PostId=ph.PostId#p.AnswerCount,>=,0,pl.LinkTypeId,=,1#58277
posts p,postLinks pl,postHistory ph#p.Id=pl.PostId,pl.PostId=ph.PostId#p.ViewCount,<=,11269,p.CommentCount,<=,9#58910
posts p,postLinks pl,postHistory ph#p.Id=pl.PostId,pl.PostId=ph.PostId#p.AnswerCount,<=,4,ph.CreationDate,>=,1284552359#60157
posts p,postLinks pl,postHistory ph#p.Id=pl.PostId,pl.PostId=ph.PostId#p.CommentCount,>=,0,ph.CreationDate,>=,1306840035#59190
posts p,postLinks pl,postHistory ph#p.Id=pl.PostId,pl.PostId=ph.PostId#p.CreationDate,>=,1282026419,pl.LinkTypeId,=,1#57515
posts p,postLinks pl,postHistory ph#p.Id=pl.PostId,pl.PostId=ph.PostId#p.ViewCount,<=,27274,p.FavoriteCount,<=,4#22920
posts p,postLinks pl,postHistory ph#p.Id=pl.PostId,pl.PostId=ph.PostId#p.ViewCount,>=,0,ph.CreationDate,<=,1406951103#61073
posts p,postLinks pl,postHistory ph#p.Id=pl.PostId,pl.PostId=ph.PostId#p.PostTypeId,=,1,p.Score,<=,10#57246
posts p,postLinks pl,postHistory ph#p.Id=pl.PostId,pl.PostId=ph.PostId#p.Score,=,13,p.ViewCount,>=,0#604
posts p,postLinks pl,postHistory ph#p.Id=pl.PostId,pl.PostId=ph.PostId#pl.LinkTypeId,=,1,ph.CreationDate,<=,1410274867#58060
posts p,postLinks pl,postHistory ph#p.Id=pl.PostId,pl.PostId=ph.PostId#p.CreationDate,>=,1279568346,pl.CreationDate,<=,1410224682#63267
posts p,postLinks pl,postHistory ph#p.Id=pl.PostId,pl.PostId=ph.PostId#p.CreationDate,<=,1409458997,pl.LinkTypeId,=,3#5238
posts p,postLinks pl,postHistory ph#p.Id=pl.PostId,pl.PostId=ph.PostId#p.Score,<=,40,p.CommentCount,>=,0#62919
posts p,postLinks pl,postHistory ph#p.Id=pl.PostId,pl.PostId=ph.PostId#p.AnswerCount,>=,0,pl.CreationDate,=,1400527031#8
posts p,postLinks pl,postHistory ph#p.Id=pl.PostId,pl.PostId=ph.PostId#p.ViewCount,>=,0,p.FavoriteCount,>=,0#29239
posts p,postLinks pl,postHistory ph#p.Id=pl.PostId,pl.PostId=ph.PostId#p.Score,=,2,ph.PostHistoryTypeId,=,3#1650
posts p,postLinks pl,postHistory ph#p.Id=pl.PostId,pl.PostId=ph.PostId#pl.LinkTypeId,=,1,ph.CreationDate,<=,1403619019#53593
posts p,postLinks pl,postHistory ph#p.Id=pl.PostId,pl.PostId=ph.PostId#pl.CreationDate,<=,1407699855,ph.PostHistoryTypeId,=,25#3091
posts p,postLinks pl,postHistory ph#p.Id=pl.PostId,pl.PostId=ph.PostId#p.Score,>=,-1,p.FavoriteCount,=,0#2402
posts p,postLinks pl,postHistory ph#p.Id=pl.PostId,pl.PostId=ph.PostId#p.Score,>=,-3,p.Score,<=,50#62936
posts p,postLinks pl,postHistory ph#p.Id=pl.PostId,pl.PostId=ph.PostId#p.PostTypeId,=,1,p.AnswerCount,>=,0#63615
posts p,postLinks pl,postHistory ph#p.Id=pl.PostId,pl.PostId=ph.PostId#p.CommentCount,<=,8,pl.LinkTypeId,=,1#53194
posts p,postLinks pl,postHistory ph#p.Id=pl.PostId,pl.PostId=ph.PostId#p.PostTypeId,=,1,ph.PostHistoryTypeId,=,2#11102
posts p,postLinks pl,postHistory ph#p.Id=pl.PostId,pl.PostId=ph.PostId#p.AnswerCount,>=,0,p.AnswerCount,<=,3#58259
posts p,postLinks pl,postHistory ph#p.Id=pl.PostId,pl.PostId=ph.PostId#p.Score,<=,22,p.CommentCount,<=,11#59775
posts p,postLinks pl,postHistory ph#p.Id=pl.PostId,pl.PostId=ph.PostId#p.FavoriteCount,<=,19,pl.CreationDate,<=,1403506976#26231
posts p,postLinks pl,postHistory ph#p.Id=pl.PostId,pl.PostId=ph.PostId#p.CreationDate,<=,1410189977,pl.CreationDate,>=,1282905703#63129
posts p,postLinks pl,postHistory ph#p.Id=pl.PostId,pl.PostId=ph.PostId#p.AnswerCount,>=,0,p.AnswerCount,<=,4#60577
posts p,postLinks pl,postHistory ph#p.Id=pl.PostId,pl.PostId=ph.PostId#pl.LinkTypeId,=,1,ph.CreationDate,<=,1405910677#55275
posts p,postLinks pl,postHistory ph#p.Id=pl.PostId,pl.PostId=ph.PostId#p.CreationDate,>=,1279766238,pl.LinkTypeId,=,1#58020
posts p,postLinks pl,postHistory ph#p.Id=pl.PostId,pl.PostId=ph.PostId#p.ViewCount,>=,0,pl.LinkTypeId,=,1#58277
posts p,postLinks pl,postHistory ph#p.Id=pl.PostId,pl.PostId=ph.PostId#p.AnswerCount,>=,0,p.AnswerCount,<=,3#58259
posts p,postLinks pl,postHistory ph#p.Id=pl.PostId,pl.PostId=ph.PostId#ph.PostHistoryTypeId,=,2,ph.CreationDate,<=,1409780797#11012
posts p,postLinks pl,postHistory ph#p.Id=pl.PostId,pl.PostId=ph.PostId#p.PostTypeId,=,1,p.AnswerCount,>=,0#63615
posts p,postLinks pl,postHistory ph#p.Id=pl.PostId,pl.PostId=ph.PostId#p.AnswerCount,<=,4,p.CommentCount,>=,0#60577
posts p,postLinks pl,postHistory ph#p.Id=pl.PostId,pl.PostId=ph.PostId#pl.LinkTypeId,=,3,ph.CreationDate,>=,1279899355#5322
posts p,postLinks pl,postHistory ph#p.Id=pl.PostId,pl.PostId=ph.PostId#p.AnswerCount,<=,7,pl.CreationDate,>=,1342040052#48664
posts p,postLinks pl,postHistory ph#p.Id=pl.PostId,pl.PostId=ph.PostId#p.ViewCount,>=,0,pl.LinkTypeId,=,1#58277
posts p,postLinks pl,postHistory ph#p.Id=pl.PostId,pl.PostId=ph.PostId#p.FavoriteCount,>=,0,ph.PostHistoryTypeId,=,2#4643
posts p,postLinks pl,postHistory ph#p.Id=pl.PostId,pl.PostId=ph.PostId#p.Score,>=,-3,pl.LinkTypeId,=,1#58153
posts p,postLinks pl,postHistory ph#p.Id=pl.PostId,pl.PostId=ph.PostId#p.CreationDate,>=,1282707124,ph.PostHistoryTypeId,=,6#3825
posts p,postLinks pl,postHistory ph#p.Id=pl.PostId,pl.PostId=ph.PostId#p.PostTypeId,=,1,p.CreationDate,>=,1280240739#63185
posts p,postLinks pl,postHistory ph#p.Id=pl.PostId,pl.PostId=ph.PostId#p.PostTypeId,=,1,ph.PostHistoryTypeId,=,5#12763
posts p,postLinks pl,postHistory ph#p.Id=pl.PostId,pl.PostId=ph.PostId#p.ViewCount,>=,0,pl.CreationDate,<=,1397692522#52163
posts p,postLinks pl,postHistory ph#p.Id=pl.PostId,pl.PostId=ph.PostId#p.Score,=,14,p.CreationDate,<=,1409847822#530
posts p,postLinks pl,postHistory ph#p.Id=pl.PostId,pl.PostId=ph.PostId#p.PostTypeId,=,1,p.Score,>=,-1#63258
posts p,postLinks pl,postHistory ph#p.Id=pl.PostId,pl.PostId=ph.PostId#p.ViewCount,<=,7913,p.FavoriteCount,<=,10#25906
posts p,postLinks pl,postHistory ph#p.Id=pl.PostId,pl.PostId=ph.PostId#p.Score,>=,-1,pl.CreationDate,<=,1407183793#60512
posts p,postLinks pl,postHistory ph#p.Id=pl.PostId,pl.PostId=ph.PostId#p.Score,>=,-2,p.AnswerCount,<=,4#60385
posts p,postLinks pl,postHistory ph#p.Id=pl.PostId,pl.PostId=ph.PostId#pl.LinkTypeId,=,1,ph.PostHistoryTypeId,=,3#10186
posts p,postLinks pl,postHistory ph#p.Id=pl.PostId,pl.PostId=ph.PostId#p.AnswerCount,<=,4,p.CommentCount,>=,0#60577
posts p,postLinks pl,postHistory ph#p.Id=pl.PostId,pl.PostId=ph.PostId#p.AnswerCount,>=,0,p.CommentCount,<=,24#63554
posts p,postLinks pl,postHistory ph#p.Id=pl.PostId,pl.PostId=ph.PostId#p.Score,<=,32,ph.PostHistoryTypeId,=,2#10983
posts p,postLinks pl,postHistory ph#p.Id=pl.PostId,pl.PostId=ph.PostId#pl.CreationDate,>=,1306253815,ph.PostHistoryTypeId,=,5#12155
posts p,postLinks pl,postHistory ph#p.Id=pl.PostId,pl.PostId=ph.PostId#p.CommentCount,>=,0,ph.PostHistoryTypeId,=,1#11102
posts p,postLinks pl,postHistory ph#p.Id=pl.PostId,pl.PostId=ph.PostId#p.ViewCount,<=,7593,ph.PostHistoryTypeId,=,2#10846
posts p,postLinks pl,postHistory ph#p.Id=pl.PostId,pl.PostId=ph.PostId#pl.CreationDate,<=,1409500130,ph.CreationDate,<=,1394685716#50297
posts p,postLinks pl,postHistory ph#p.Id=pl.PostId,pl.PostId=ph.PostId#p.Score,>=,-1,ph.CreationDate,>=,1293746260#61258
posts p,postLinks pl,postHistory ph#p.Id=pl.PostId,pl.PostId=ph.PostId#p.CommentCount,<=,14,ph.CreationDate,>=,1288714166#61060
posts p,postLinks pl,postHistory ph#p.Id=pl.PostId,pl.PostId=ph.PostId#pl.CreationDate,<=,1409348218,ph.PostHistoryTypeId,=,2#10936
posts p,postLinks pl,postHistory ph#p.Id=pl.PostId,pl.PostId=ph.PostId#p.Score,>=,-1,ph.PostHistoryTypeId,=,1#11043
posts p,postLinks pl,postHistory ph#p.Id=pl.PostId,pl.PostId=ph.PostId#ph.PostHistoryTypeId,=,2,ph.CreationDate,<=,1408541367#10832
posts p,postLinks pl,users u#p.Id=pl.PostId,p.OwnerUserId=u.Id#p.Score,<=,52,p.CommentCount,>=,0#10897
posts p,postLinks pl,users u#p.Id=pl.PostId,p.OwnerUserId=u.Id#p.AnswerCount,>=,0,p.CommentCount,>=,0#10954
posts p,postLinks pl,users u#p.Id=pl.PostId,p.OwnerUserId=u.Id#p.PostTypeId,=,1,u.Reputation,>=,1#10954
posts p,postLinks pl,users u#p.Id=pl.PostId,p.OwnerUserId=u.Id#pl.LinkTypeId,=,1,pl.CreationDate,>=,1313416838#9278
posts p,postLinks pl,users u#p.Id=pl.PostId,p.OwnerUserId=u.Id#p.Score,<=,14,p.AnswerCount,>=,0#10436
posts p,postLinks pl,users u#p.Id=pl.PostId,p.OwnerUserId=u.Id#p.AnswerCount,>=,0,p.FavoriteCount,=,1#1853
posts p,postLinks pl,users u#p.Id=pl.PostId,p.OwnerUserId=u.Id#p.CommentCount,<=,37,u.CreationDate,<=,1408567105#10853
posts p,postLinks pl,users u#p.Id=pl.PostId,p.OwnerUserId=u.Id#u.CreationDate,>=,1279588147,u.CreationDate,<=,1410078046#10822
posts p,postLinks pl,users u#p.Id=pl.PostId,p.OwnerUserId=u.Id#pl.CreationDate,>=,1299922047,u.DownVotes,=,0#8860
posts p,postLinks pl,users u#p.Id=pl.PostId,p.OwnerUserId=u.Id#u.DownVotes,>=,0,u.CreationDate,>=,1287677723#10091
posts p,postLinks pl,users u#p.Id=pl.PostId,p.OwnerUserId=u.Id#p.CommentCount,>=,0,u.Views,>=,0#10954
posts p,postLinks pl,users u#p.Id=pl.PostId,p.OwnerUserId=u.Id#p.CreationDate,>=,1279906190,u.Reputation,<=,4957#10544
posts p,postLinks pl,users u#p.Id=pl.PostId,p.OwnerUserId=u.Id#u.Views,>=,0,u.Views,<=,217#9927
posts p,postLinks pl,users u#p.Id=pl.PostId,p.OwnerUserId=u.Id#pl.CreationDate,>=,1317475487,u.UpVotes,=,6#235
posts p,postLinks pl,users u#p.Id=pl.PostId,p.OwnerUserId=u.Id#p.CreationDate,>=,1280391359,u.Views,<=,350#10274
posts p,postLinks pl,users u#p.Id=pl.PostId,p.OwnerUserId=u.Id#p.Score,>=,-1,p.Score,<=,23#10647
posts p,postLinks pl,users u#p.Id=pl.PostId,p.OwnerUserId=u.Id#p.Score,>=,-1,u.Views,=,2#690
posts p,postLinks pl,users u#p.Id=pl.PostId,p.OwnerUserId=u.Id#p.ViewCount,>=,0,u.DownVotes,>=,0#10954
posts p,postLinks pl,users u#p.Id=pl.PostId,p.OwnerUserId=u.Id#pl.LinkTypeId,=,1,u.Reputation,<=,197#6515
posts p,postLinks pl,users u#p.Id=pl.PostId,p.OwnerUserId=u.Id#p.PostTypeId,=,1,u.Views,>=,0#10954
posts p,postLinks pl,users u#p.Id=pl.PostId,p.OwnerUserId=u.Id#u.UpVotes,>=,0,u.CreationDate,>=,1289606760#10052
posts p,postLinks pl,users u#p.Id=pl.PostId,p.OwnerUserId=u.Id#p.AnswerCount,<=,11,pl.LinkTypeId,=,1#9996
posts p,postLinks pl,users u#p.Id=pl.PostId,p.OwnerUserId=u.Id#p.CommentCount,>=,0,u.DownVotes,<=,1#9595
posts p,postLinks pl,users u#p.Id=pl.PostId,p.OwnerUserId=u.Id#p.PostTypeId,=,1,p.CreationDate,>=,1279720906#10920
posts p,postLinks pl,users u#p.Id=pl.PostId,p.OwnerUserId=u.Id#u.Reputation,>=,1,u.DownVotes,>=,0#10954
posts p,postLinks pl,users u#p.Id=pl.PostId,p.OwnerUserId=u.Id#p.Score,>=,-1,p.CommentCount,=,4#1111
posts p,postLinks pl,users u#p.Id=pl.PostId,p.OwnerUserId=u.Id#u.DownVotes,<=,0,u.CreationDate,>=,1283298529#8765
posts p,postLinks pl,users u#p.Id=pl.PostId,p.OwnerUserId=u.Id#p.FavoriteCount,>=,0,u.Reputation,=,3#15
posts p,postLinks pl,users u#p.Id=pl.PostId,p.OwnerUserId=u.Id#p.CreationDate,<=,1409672055,u.CreationDate,>=,1279566277#10834
posts p,postLinks pl,users u#p.Id=pl.PostId,p.OwnerUserId=u.Id#u.DownVotes,>=,0,u.UpVotes,<=,12#7276
posts p,postLinks pl,users u#p.Id=pl.PostId,p.OwnerUserId=u.Id#p.ViewCount,>=,0,u.UpVotes,>=,0#10954
posts p,postLinks pl,users u#p.Id=pl.PostId,p.OwnerUserId=u.Id#p.CommentCount,<=,12,u.CreationDate,>=,1326878838#7728
posts p,postLinks pl,users u#p.Id=pl.PostId,p.OwnerUserId=u.Id#p.CommentCount,>=,0,p.CreationDate,>=,1279674248#10923
posts p,postLinks pl,users u#p.Id=pl.PostId,p.OwnerUserId=u.Id#p.AnswerCount,<=,5,u.Reputation,<=,9800#10562
posts p,postLinks pl,users u#p.Id=pl.PostId,p.OwnerUserId=u.Id#pl.LinkTypeId,=,1,u.DownVotes,=,0#8240
posts p,postLinks pl,users u#p.Id=pl.PostId,p.OwnerUserId=u.Id#p.PostTypeId,=,1,u.Reputation,>=,1#10954
postHistory ph,posts p,users u#ph.UserId=p.OwnerUserId,ph.UserId=u.Id#p.PostTypeId,=,1,p.Score,>=,-3#3050772
postHistory ph,posts p,users u#ph.UserId=p.OwnerUserId,ph.UserId=u.Id#p.CommentCount,>=,0,u.UpVotes,<=,21#890648
postHistory ph,posts p,users u#ph.UserId=p.OwnerUserId,ph.UserId=u.Id#ph.CreationDate,<=,1409329357,p.CommentCount,<=,10#52793443
postHistory ph,posts p,users u#ph.UserId=p.OwnerUserId,ph.UserId=u.Id#ph.PostHistoryTypeId,=,5,u.UpVotes,<=,4#41302
postHistory ph,posts p,users u#ph.UserId=p.OwnerUserId,ph.UserId=u.Id#p.CreationDate,>=,1279569092,p.CreationDate,<=,1407454665#53087961
postHistory ph,posts p,users u#ph.UserId=p.OwnerUserId,ph.UserId=u.Id#p.FavoriteCount,<=,10,u.Reputation,>=,1#1342045
postHistory ph,posts p,users u#ph.UserId=p.OwnerUserId,ph.UserId=u.Id#p.ViewCount,<=,14706,p.FavoriteCount,=,0#61806
postHistory ph,posts p,users u#ph.UserId=p.OwnerUserId,ph.UserId=u.Id#p.PostTypeId,=,1,p.AnswerCount,>=,0#3053355
postHistory ph,posts p,users u#ph.UserId=p.OwnerUserId,ph.UserId=u.Id#ph.CreationDate,>=,1281350279,ph.CreationDate,<=,1408461934#53177300
postHistory ph,posts p,users u#ph.UserId=p.OwnerUserId,ph.UserId=u.Id#p.CreationDate,<=,1409590910,u.UpVotes,=,0#161873
postHistory ph,posts p,users u#ph.UserId=p.OwnerUserId,ph.UserId=u.Id#u.Views,>=,0,u.Views,<=,10#1199296
postHistory ph,posts p,users u#ph.UserId=p.OwnerUserId,ph.UserId=u.Id#p.PostTypeId,=,1,p.AnswerCount,<=,5#2953605
postHistory ph,posts p,users u#ph.UserId=p.OwnerUserId,ph.UserId=u.Id#ph.PostHistoryTypeId,=,5,ph.CreationDate,<=,1408460935#21818032
postHistory ph,posts p,users u#ph.UserId=p.OwnerUserId,ph.UserId=u.Id#u.Views,>=,0,u.UpVotes,<=,1146#10752196
postHistory ph,posts p,users u#ph.UserId=p.OwnerUserId,ph.UserId=u.Id#u.Reputation,<=,611,u.Views,<=,39#1619285
postHistory ph,posts p,users u#ph.UserId=p.OwnerUserId,ph.UserId=u.Id#p.PostTypeId,=,1,u.Views,>=,0#3053355
postHistory ph,posts p,users u#ph.UserId=p.OwnerUserId,ph.UserId=u.Id#p.AnswerCount,>=,0,p.FavoriteCount,=,0#61806
postHistory ph,posts p,users u#ph.UserId=p.OwnerUserId,ph.UserId=u.Id#p.ViewCount,>=,0,u.DownVotes,<=,6#1851255
postHistory ph,posts p,users u#ph.UserId=p.OwnerUserId,ph.UserId=u.Id#p.CommentCount,<=,12,u.DownVotes,<=,6#4709290
postHistory ph,posts p,users u#ph.UserId=p.OwnerUserId,ph.UserId=u.Id#p.AnswerCount,<=,42,u.UpVotes,=,1#40158
postHistory ph,posts p,users u#ph.UserId=p.OwnerUserId,ph.UserId=u.Id#ph.PostHistoryTypeId,=,1,p.PostTypeId,=,1#497966
postHistory ph,posts p,users u#ph.UserId=p.OwnerUserId,ph.UserId=u.Id#p.CommentCount,=,1,p.CreationDate,>=,1280145718#7726183
postHistory ph,posts p,users u#ph.UserId=p.OwnerUserId,ph.UserId=u.Id#ph.CreationDate,>=,1282001780,u.Views,<=,137#2614360
postHistory ph,posts p,users u#ph.UserId=p.OwnerUserId,ph.UserId=u.Id#ph.PostHistoryTypeId,=,1,p.PostTypeId,=,2#408688
postHistory ph,posts p,users u#ph.UserId=p.OwnerUserId,ph.UserId=u.Id#p.PostTypeId,=,1,p.AnswerCount,>=,0#3053355
postHistory ph,posts p,users u#ph.UserId=p.OwnerUserId,ph.UserId=u.Id#p.PostTypeId,=,1,u.DownVotes,>=,0#3053355
postHistory ph,posts p,users u#ph.UserId=p.OwnerUserId,ph.UserId=u.Id#p.PostTypeId,=,2,u.DownVotes,>=,0#47615985
postHistory ph,posts p,users u#ph.UserId=p.OwnerUserId,ph.UserId=u.Id#p.PostTypeId,=,1,p.ViewCount,<=,3730#2925630
postHistory ph,posts p,users u#ph.UserId=p.OwnerUserId,ph.UserId=u.Id#u.UpVotes,=,0,u.CreationDate,>=,1303944023#155577
postHistory ph,posts p,users u#ph.PostId=p.Id,p.OwnerUserId=u.Id#p.FavoriteCount,>=,0,p.CreationDate,<=,1409852231#73615
postHistory ph,posts p,users u#ph.PostId=p.Id,p.OwnerUserId=u.Id#p.Score,>=,-1,p.ViewCount,<=,4021#206987
postHistory ph,posts p,users u#ph.PostId=p.Id,p.OwnerUserId=u.Id#p.ViewCount,>=,0,u.UpVotes,=,0#88222
postHistory ph,posts p,users u#ph.PostId=p.Id,p.OwnerUserId=u.Id#p.AnswerCount,<=,3,u.Reputation,>=,1#204726
postHistory ph,posts p,users u#ph.PostId=p.Id,p.OwnerUserId=u.Id#ph.CreationDate,<=,1410172342,p.PostTypeId,=,1#212132
postHistory ph,posts p,users u#ph.PostId=p.Id,p.OwnerUserId=u.Id#ph.CreationDate,<=,1408552478,p.CommentCount,<=,13#287181
postHistory ph,posts p,users u#ph.PostId=p.Id,p.OwnerUserId=u.Id#p.ViewCount,>=,0,p.AnswerCount,>=,0#213721
postHistory ph,posts p,users u#ph.PostId=p.Id,p.OwnerUserId=u.Id#p.ViewCount,<=,4810,u.DownVotes,<=,4#196767
postHistory ph,posts p,users u#ph.PostId=p.Id,p.OwnerUserId=u.Id#p.PostTypeId,=,1,u.CreationDate,>=,1280937776#205565
postHistory ph,posts p,users u#ph.PostId=p.Id,p.OwnerUserId=u.Id#u.Reputation,>=,1,u.Reputation,<=,1233#226693
postHistory ph,posts p,users u#ph.PostId=p.Id,p.OwnerUserId=u.Id#p.FavoriteCount,>=,0,u.DownVotes,>=,0#73896
postHistory ph,posts p,users u#ph.PostId=p.Id,p.OwnerUserId=u.Id#u.Reputation,>=,1,u.CreationDate,>=,1313800588#214308
postHistory ph,posts p,users u#ph.PostId=p.Id,p.OwnerUserId=u.Id#p.FavoriteCount,>=,0,u.Reputation,>=,1#73896
postHistory ph,posts p,users u#ph.PostId=p.Id,p.OwnerUserId=u.Id#p.PostTypeId,=,1,p.Score,<=,26#212260
postHistory ph,posts p,users u#ph.PostId=p.Id,p.OwnerUserId=u.Id#p.ViewCount,<=,6538,u.CreationDate,>=,1279568137#209594
postHistory ph,posts p,users u#ph.PostId=p.Id,p.OwnerUserId=u.Id#ph.PostHistoryTypeId,=,5,u.Views,>=,0#68481
postHistory ph,posts p,users u#ph.PostId=p.Id,p.OwnerUserId=u.Id#p.CreationDate,>=,1282238079,p.CreationDate,<=,1409666243#289235
postHistory ph,posts p,users u#ph.PostId=p.Id,p.OwnerUserId=u.Id#p.PostTypeId,=,1,p.FavoriteCount,=,0#4953
postHistory ph,posts p,users u#ph.PostId=p.Id,p.OwnerUserId=u.Id#p.FavoriteCount,>=,0,p.FavoriteCount,<=,7#69444
postHistory ph,posts p,users u#ph.PostId=p.Id,p.OwnerUserId=u.Id#p.AnswerCount,<=,6,u.CreationDate,<=,1410255509#211645
postHistory ph,posts p,users u#ph.PostId=p.Id,p.OwnerUserId=u.Id#p.ViewCount,<=,3325,p.AnswerCount,=,0#62788
postHistory ph,posts p,users u#ph.PostId=p.Id,p.OwnerUserId=u.Id#p.ViewCount,>=,0,p.CreationDate,<=,1408733774#208450
postHistory ph,posts p,users u#ph.PostId=p.Id,p.OwnerUserId=u.Id#u.Views,<=,45,u.CreationDate,>=,1281643577#181127
postHistory ph,posts p,users u#ph.PostId=p.Id,p.OwnerUserId=u.Id#p.CommentCount,=,2,u.DownVotes,>=,0#42827
postHistory ph,posts p,users u#ph.PostId=p.Id,p.OwnerUserId=u.Id#p.FavoriteCount,<=,75,u.Views,>=,0#73748
postHistory ph,posts p,users u#ph.PostId=p.Id,p.OwnerUserId=u.Id#p.AnswerCount,>=,0,p.AnswerCount,<=,10#213247
postHistory ph,posts p,users u#ph.PostId=p.Id,p.OwnerUserId=u.Id#p.FavoriteCount,>=,0,p.CreationDate,<=,1410202766#73739
postHistory ph,posts p,users u#ph.PostId=p.Id,p.OwnerUserId=u.Id#p.PostTypeId,=,1,p.AnswerCount,>=,0#213721
postHistory ph,posts p,users u#ph.PostId=p.Id,p.OwnerUserId=u.Id#p.ViewCount,<=,13526,u.DownVotes,=,0#180562
postHistory ph,posts p,users u#ph.PostId=p.Id,p.OwnerUserId=u.Id#p.Score,<=,14,u.DownVotes,<=,2#222255
postHistory ph,posts p,users u#ph.PostId=p.Id,p.OwnerUserId=u.Id#p.CommentCount,>=,0,u.DownVotes,>=,0#297822
postHistory ph,posts p,users u#ph.PostId=p.Id,p.OwnerUserId=u.Id#ph.PostHistoryTypeId,=,2,p.CreationDate,<=,1410514908#90442
postHistory ph,posts p,users u#ph.PostId=p.Id,p.OwnerUserId=u.Id#p.CreationDate,=,1313679314,u.Views,<=,5441#8
postHistory ph,posts p,users u#ph.PostId=p.Id,p.OwnerUserId=u.Id#p.PostTypeId,=,1,p.Score,>=,0#211081
postHistory ph,posts p,users u#ph.PostId=p.Id,p.OwnerUserId=u.Id#p.AnswerCount,>=,0,p.AnswerCount,<=,5#211233
postHistory ph,posts p,users u#ph.PostId=p.Id,p.OwnerUserId=u.Id#ph.PostHistoryTypeId,=,25,p.FavoriteCount,<=,29#5270
postHistory ph,posts p,users u#ph.PostId=p.Id,p.OwnerUserId=u.Id#p.FavoriteCount,=,0,u.DownVotes,=,0#4247
votes v,posts p,users u#v.PostId=p.Id,v.UserId=u.Id#p.PostTypeId,=,1,u.UpVotes,>=,0#34789
votes v,posts p,users u#v.PostId=p.Id,v.UserId=u.Id#p.ViewCount,>=,0,p.CreationDate,>=,1279736762#32972
votes v,posts p,users u#v.PostId=p.Id,v.UserId=u.Id#p.AnswerCount,>=,0,u.Reputation,<=,266#17614
votes v,posts p,users u#v.PostId=p.Id,v.UserId=u.Id#v.CreationDate,<=,1410480000,p.PostTypeId,=,1#34772
votes v,posts p,users u#v.PostId=p.Id,v.UserId=u.Id#p.CommentCount,<=,12,p.FavoriteCount,=,0#25
votes v,posts p,users u#v.PostId=p.Id,v.UserId=u.Id#p.CreationDate,>=,1279631510,u.CreationDate,>=,1301672851#24341
votes v,posts p,users u#v.PostId=p.Id,v.UserId=u.Id#p.PostTypeId,=,1,u.DownVotes,<=,0#20334
votes v,posts p,users u#v.PostId=p.Id,v.UserId=u.Id#u.UpVotes,>=,0,u.UpVotes,<=,80#20552
votes v,posts p,users u#v.PostId=p.Id,v.UserId=u.Id#p.ViewCount,>=,0,u.Reputation,<=,881#24398
votes v,posts p,users u#v.PostId=p.Id,v.UserId=u.Id#v.CreationDate,>=,1279843200,v.CreationDate,<=,1410393600#34618
votes v,posts p,users u#v.PostId=p.Id,v.UserId=u.Id#p.Score,<=,83,u.Reputation,<=,553#20656
votes v,posts p,users u#v.PostId=p.Id,v.UserId=u.Id#u.Views,<=,73,u.CreationDate,>=,1279583156#21476
votes v,posts p,users u#v.PostId=p.Id,v.UserId=u.Id#p.FavoriteCount,<=,4,u.Reputation,>=,1#17726
votes v,posts p,users u#v.PostId=p.Id,v.UserId=u.Id#u.Views,>=,0,u.DownVotes,<=,2#24812
votes v,posts p,users u#v.PostId=p.Id,v.UserId=u.Id#v.BountyAmount,>=,0,v.BountyAmount,<=,50#810
votes v,posts p,users u#v.PostId=p.Id,v.UserId=u.Id#v.BountyAmount,>=,0,p.CommentCount,>=,0#1098
votes v,posts p,users u#v.PostId=p.Id,v.UserId=u.Id#p.CommentCount,=,0,u.Reputation,=,50#3
votes v,posts p,users u#v.PostId=p.Id,v.UserId=u.Id#p.CreationDate,<=,1409422813,u.DownVotes,<=,0#20251
votes v,posts p,users u#v.PostId=p.Id,v.UserId=u.Id#v.CreationDate,=,1287014400,u.UpVotes,<=,363#10
votes v,posts p,users u#v.UserId=p.OwnerUserId,p.OwnerUserId=u.Id#p.PostTypeId,=,2,u.UpVotes,>=,0#2210866
votes v,posts p,users u#v.UserId=p.OwnerUserId,p.OwnerUserId=u.Id#v.BountyAmount,<=,50,p.Score,<=,26#83992
votes v,posts p,users u#v.UserId=p.OwnerUserId,p.OwnerUserId=u.Id#p.CommentCount,>=,0,u.DownVotes,<=,0#179552
votes v,posts p,users u#v.UserId=p.OwnerUserId,p.OwnerUserId=u.Id#u.Views,<=,50,u.CreationDate,>=,1279585618#100620
votes v,posts p,users u#v.UserId=p.OwnerUserId,p.OwnerUserId=u.Id#p.Score,<=,14,u.DownVotes,>=,0#2631486
votes v,posts p,users u#v.UserId=p.OwnerUserId,p.OwnerUserId=u.Id#p.AnswerCount,>=,0,p.CreationDate,<=,1410362969#373344
votes v,posts p,users u#v.UserId=p.OwnerUserId,p.OwnerUserId=u.Id#p.FavoriteCount,>=,0,u.UpVotes,>=,0#196820
votes v,posts p,users u#v.UserId=p.OwnerUserId,p.OwnerUserId=u.Id#p.FavoriteCount,<=,4,u.DownVotes,=,0#41983
votes v,posts p,users u#v.UserId=p.OwnerUserId,p.OwnerUserId=u.Id#p.FavoriteCount,<=,6,p.CreationDate,>=,1279635230#171564
votes v,posts p,users u#v.UserId=p.OwnerUserId,p.OwnerUserId=u.Id#p.CommentCount,>=,0,u.CreationDate,<=,1409558055#2737058
votes v,posts p,users u#v.UserId=p.OwnerUserId,p.OwnerUserId=u.Id#u.Reputation,<=,764,u.Views,>=,0#201251
votes v,posts p,users u#v.UserId=p.OwnerUserId,p.OwnerUserId=u.Id#p.Score,=,1,u.DownVotes,<=,63#240402
votes v,posts p,users u#v.UserId=p.OwnerUserId,p.OwnerUserId=u.Id#u.Reputation,=,26,u.CreationDate,<=,1407996367#246
votes v,posts p,users u#v.UserId=p.OwnerUserId,p.OwnerUserId=u.Id#p.ViewCount,>=,0,p.AnswerCount,>=,0#373777
votes v,posts p,users u#v.UserId=p.OwnerUserId,p.OwnerUserId=u.Id#v.BountyAmount,<=,100,u.Views,>=,0#110304
votes v,posts p,users u#v.UserId=p.OwnerUserId,p.OwnerUserId=u.Id#p.PostTypeId,=,2,u.Views,=,0#259
votes v,posts p,users u#v.UserId=p.OwnerUserId,p.OwnerUserId=u.Id#p.CommentCount,>=,0,u.Views,<=,1101#871834
votes v,posts p,users u#v.UserId=p.OwnerUserId,p.OwnerUserId=u.Id#p.ViewCount,>=,0,u.Views,<=,73#79485
votes v,posts p,users u#v.UserId=p.OwnerUserId,p.OwnerUserId=u.Id#v.BountyAmount,<=,50,p.CreationDate,>=,1279567746#84696
votes v,posts p,users u#v.UserId=p.OwnerUserId,p.OwnerUserId=u.Id#u.DownVotes,<=,0,u.CreationDate,<=,1407142805#179441
votes v,posts p,users u#v.UserId=p.OwnerUserId,p.OwnerUserId=u.Id#v.CreationDate,=,1280188800,p.Score,>=,-2#2975
votes v,posts p,users u#v.UserId=p.OwnerUserId,p.OwnerUserId=u.Id#v.CreationDate,>=,1279929600,u.CreationDate,>=,1304462394#970998
votes v,posts p,users u#v.UserId=p.OwnerUserId,p.OwnerUserId=u.Id#v.CreationDate,>=,1279843200,p.AnswerCount,<=,2#313047
votes v,posts p,users u#v.UserId=p.OwnerUserId,p.OwnerUserId=u.Id#p.FavoriteCount,>=,0,p.CreationDate,<=,1407080523#194220
votes v,posts p,users u#v.UserId=p.OwnerUserId,p.OwnerUserId=u.Id#p.CommentCount,>=,0,p.CreationDate,>=,1279566732#2736976
votes v,posts p,users u#v.UserId=p.OwnerUserId,p.OwnerUserId=u.Id#p.PostTypeId,=,1,p.FavoriteCount,>=,0#196820
votes v,badges b,users u#u.Id=v.UserId,v.UserId=b.UserId#v.BountyAmount,<=,50,b.Date,>=,1279817299#28951
votes v,badges b,users u#u.Id=v.UserId,v.UserId=b.UserId#u.DownVotes,>=,0,u.DownVotes,<=,0#144017
votes v,badges b,users u#u.Id=v.UserId,v.UserId=b.UserId#v.CreationDate,=,1392940800,u.Reputation,>=,1#771
votes v,badges b,users u#u.Id=v.UserId,v.UserId=b.UserId#u.DownVotes,>=,0,u.DownVotes,<=,3#265089
votes v,badges b,users u#u.Id=v.UserId,v.UserId=b.UserId#u.Views,>=,0,u.Views,<=,180#222908
votes v,badges b,users u#u.Id=v.UserId,v.UserId=b.UserId#u.DownVotes,>=,0,u.CreationDate,<=,1410507787#1056686
votes v,badges b,users u#u.Id=v.UserId,v.UserId=b.UserId#v.BountyAmount,<=,100,u.UpVotes,=,0#171
votes v,badges b,users u#u.Id=v.UserId,v.UserId=b.UserId#u.CreationDate,>=,1280220817,u.CreationDate,<=,1410454658#891350
votes v,badges b,users u#u.Id=v.UserId,v.UserId=b.UserId#b.Date,>=,1290948981,u.Views,=,1#3334
votes v,badges b,users u#u.Id=v.UserId,v.UserId=b.UserId#u.Reputation,<=,459,u.UpVotes,>=,0#124263
votes v,badges b,users u#u.Id=v.UserId,v.UserId=b.UserId#u.DownVotes,<=,0,u.UpVotes,<=,46#72087
votes v,badges b,users u#u.Id=v.UserId,v.UserId=b.UserId#u.Views,>=,0,u.Views,<=,212#241929
votes v,badges b,users u#u.Id=v.UserId,v.UserId=b.UserId#v.BountyAmount,>=,0,v.BountyAmount,<=,50#29072
votes v,badges b,users u#u.Id=v.UserId,v.UserId=b.UserId#v.VoteTypeId,=,5,v.CreationDate,<=,1410566400#1014896
votes v,badges b,users u#u.Id=v.UserId,v.UserId=b.UserId#u.UpVotes,<=,123,u.CreationDate,>=,1287568432#144252
votes v,badges b,users u#u.Id=v.UserId,v.UserId=b.UserId#v.CreationDate,=,1298246400,u.Reputation,>=,1#497
votes v,badges b,users u#u.Id=v.UserId,v.UserId=b.UserId#u.DownVotes,<=,2,u.UpVotes,<=,475#226656
votes v,badges b,users u#u.Id=v.UserId,v.UserId=b.UserId#u.Views,=,5,u.CreationDate,<=,1409685927#2315
votes v,badges b,users u#u.Id=v.UserId,v.UserId=b.UserId#v.BountyAmount,>=,0,u.CreationDate,<=,1408914722#41782
votes v,badges b,users u#u.Id=v.UserId,v.UserId=b.UserId#v.BountyAmount,>=,0,u.Reputation,<=,312#4943
votes v,badges b,users u#u.Id=v.UserId,v.UserId=b.UserId#v.CreationDate,=,1318377600,u.DownVotes,>=,0#872
votes v,badges b,users u#u.Id=v.UserId,v.UserId=b.UserId#b.Date,>=,1289518150,u.DownVotes,=,0#136531
votes v,badges b,users u#u.Id=v.UserId,v.UserId=b.UserId#v.BountyAmount,>=,0,v.BountyAmount,<=,50#29072
votes v,badges b,users u#u.Id=v.UserId,v.UserId=b.UserId#b.Date,=,1334077971,u.UpVotes,>=,0#28
votes v,badges b,users u#u.Id=v.UserId,v.UserId=b.UserId#b.Date,>=,1280481268,u.DownVotes,>=,0#1045001
votes v,badges b,users u#u.Id=v.UserId,v.UserId=b.UserId#v.CreationDate,>=,1279497600,b.Date,<=,1409097874#1039415
votes v,badges b,users u#u.Id=v.UserId,v.UserId=b.UserId#v.CreationDate,>=,1279497600,u.Views,=,1#3436
votes v,badges b,users u#u.Id=v.UserId,v.UserId=b.UserId#u.Views,>=,0,u.Views,<=,27#72862
votes v,badges b,users u#u.Id=v.UserId,v.UserId=b.UserId#v.CreationDate,>=,1279497600,v.CreationDate,<=,1410393600#1056258
votes v,badges b,users u#u.Id=v.UserId,v.UserId=b.UserId#b.Date,>=,1280781011,u.DownVotes,>=,0#1044663
votes v,badges b,users u#u.Id=v.UserId,v.UserId=b.UserId#v.BountyAmount,>=,0,u.Views,>=,0#41784
votes v,badges b,users u#u.Id=v.UserId,v.UserId=b.UserId#u.DownVotes,<=,0,u.UpVotes,<=,366#126456
votes v,badges b,users u#u.Id=v.UserId,v.UserId=b.UserId#u.DownVotes,=,0,u.CreationDate,>=,1291295820#107772
votes v,badges b,users u#u.Id=v.UserId,v.UserId=b.UserId#u.UpVotes,>=,0,u.CreationDate,>=,1284766967#504613
votes v,badges b,users u#u.Id=v.UserId,v.UserId=b.UserId#b.Date,>=,1281722101,u.DownVotes,=,0#140822
votes v,badges b,users u#u.Id=v.UserId,v.UserId=b.UserId#u.Views,>=,0,u.UpVotes,>=,0#1056687
votes v,badges b,users u#u.Id=v.UserId,v.UserId=b.UserId#u.Views,>=,0,u.CreationDate,>=,1304528476#401119
votes v,badges b,users u#u.Id=v.UserId,v.UserId=b.UserId#v.VoteTypeId,=,5,u.Views,>=,0#1014903
votes v,badges b,users u#u.Id=v.UserId,v.UserId=b.UserId#u.CreationDate,>=,1281133153,u.CreationDate,<=,1410005118#856111
votes v,badges b,users u#u.Id=v.UserId,v.UserId=b.UserId#b.Date,>=,1281036995,u.Views,<=,19#53172
votes v,badges b,users u#u.Id=v.UserId,v.UserId=b.UserId#u.Reputation,<=,119,u.Views,>=,0#34253
votes v,badges b,users u#u.Id=v.UserId,v.UserId=b.UserId#v.VoteTypeId,=,5,u.DownVotes,<=,4#264778
votes v,badges b,users u#u.Id=v.UserId,v.UserId=b.UserId#u.Reputation,<=,425,u.CreationDate,<=,1409426855#117629
votes v,badges b,users u#u.Id=v.UserId,v.UserId=b.UserId#v.CreationDate,>=,1279843200,u.Views,>=,0#1053435
votes v,badges b,users u#u.Id=v.UserId,v.UserId=b.UserId#v.CreationDate,<=,1410393600,u.CreationDate,>=,1280214174#891295
votes v,badges b,users u#u.Id=v.UserId,v.UserId=b.UserId#u.Views,=,2,u.UpVotes,>=,0#3091
votes v,badges b,users u#u.Id=v.UserId,v.UserId=b.UserId#v.CreationDate,>=,1279584000,v.CreationDate,<=,1410566400#1056125
votes v,badges b,users u#u.Id=v.UserId,v.UserId=b.UserId#v.BountyAmount,>=,0,u.DownVotes,>=,0#41784
votes v,badges b,users u#u.Id=v.UserId,v.UserId=b.UserId#v.BountyAmount,<=,100,u.DownVotes,<=,0#5617
votes v,badges b,users u#u.Id=v.UserId,v.UserId=b.UserId#v.BountyAmount,<=,100,b.Date,>=,1288589444#36644
votes v,badges b,users u#u.Id=v.UserId,v.UserId=b.UserId#u.DownVotes,<=,43,u.CreationDate,>=,1297497007#302353
votes v,badges b,users u#u.Id=v.UserId,v.UserId=b.UserId#b.Date,>=,1281043296,u.UpVotes,>=,0#1042443
votes v,badges b,users u#u.Id=v.UserId,v.UserId=b.UserId#u.CreationDate,>=,1305325564,u.CreationDate,<=,1410523046#397263
votes v,badges b,users u#u.Id=v.UserId,v.UserId=b.UserId#v.BountyAmount,>=,0,u.Views,<=,17#1695
votes v,badges b,users u#u.Id=v.UserId,v.UserId=b.UserId#u.UpVotes,>=,0,u.CreationDate,<=,1398854527#1053069
votes v,badges b,users u#u.Id=v.UserId,v.UserId=b.UserId#u.DownVotes,>=,0,u.CreationDate,<=,1402776157#1055007
votes v,badges b,users u#u.Id=v.UserId,v.UserId=b.UserId#v.CreationDate,<=,1410566400,b.Date,>=,1279570448#1055153
votes v,badges b,users u#u.Id=v.UserId,v.UserId=b.UserId#v.BountyAmount,>=,0,v.BountyAmount,<=,50#29072
votes v,badges b,users u#u.Id=v.UserId,v.UserId=b.UserId#u.Reputation,<=,611,u.Views,=,1#3436
votes v,badges b,users u#u.Id=v.UserId,v.UserId=b.UserId#u.Reputation,<=,213,u.CreationDate,<=,1410242038#65665
votes v,badges b,users u#u.Id=v.UserId,v.UserId=b.UserId#u.Reputation,>=,1,u.Views,=,1#3436
votes v,badges b,users u#u.Id=v.UserId,v.UserId=b.UserId#v.BountyAmount,>=,0,v.BountyAmount,<=,50#29072
votes v,badges b,users u#u.Id=v.UserId,v.UserId=b.UserId#b.Date,<=,1408533880,u.CreationDate,>=,1280869783#841919
votes v,badges b,users u#u.Id=v.UserId,v.UserId=b.UserId#v.CreationDate,>=,1279497600,b.Date,<=,1410271121#1052872
votes v,badges b,users u#u.Id=v.UserId,v.UserId=b.UserId#v.CreationDate,<=,1410480000,u.CreationDate,<=,1409382995#1056505
votes v,badges b,users u#u.Id=v.UserId,v.UserId=b.UserId#u.Reputation,<=,3375,u.UpVotes,>=,0#374205
votes v,badges b,users u#u.Id=v.UserId,v.UserId=b.UserId#u.CreationDate,>=,1292045791,u.CreationDate,<=,1408694126#465929
votes v,badges b,users u#u.Id=v.UserId,v.UserId=b.UserId#v.BountyAmount,<=,50,u.CreationDate,<=,1410631610#29072
votes v,badges b,users u#u.Id=v.UserId,v.UserId=b.UserId#v.BountyAmount,<=,50,u.Reputation,>=,1#29072
votes v,badges b,users u#u.Id=v.UserId,v.UserId=b.UserId#v.BountyAmount,>=,0,u.UpVotes,<=,94#9051
votes v,badges b,users u#u.Id=v.UserId,v.UserId=b.UserId#b.Date,>=,1279571646,u.UpVotes,>=,0#1054879
votes v,badges b,users u#u.Id=v.UserId,v.UserId=b.UserId#u.DownVotes,>=,0,u.DownVotes,<=,0#144017
votes v,badges b,users u#u.Id=v.UserId,v.UserId=b.UserId#u.Reputation,<=,245,u.Views,<=,43#70450
votes v,badges b,users u#u.Id=v.UserId,v.UserId=b.UserId#v.BountyAmount,<=,100,u.CreationDate,>=,1296662492#15126
votes v,badges b,users u#u.Id=v.UserId,v.UserId=b.UserId#u.Reputation,>=,1,u.Reputation,<=,742#182168
votes v,badges b,users u#u.Id=v.UserId,v.UserId=b.UserId#v.BountyAmount,>=,0,u.DownVotes,<=,1#8003
votes v,badges b,users u#u.Id=v.UserId,v.UserId=b.UserId#v.CreationDate,>=,1279843200,v.CreationDate,<=,1409184000#1044592
votes v,badges b,users u#u.Id=v.UserId,v.UserId=b.UserId#u.CreationDate,>=,1279566698,u.CreationDate,<=,1409548089#1043741
votes v,badges b,users u#u.Id=v.UserId,v.UserId=b.UserId#u.DownVotes,<=,14,u.UpVotes,>=,0#437425
votes v,badges b,users u#u.Id=v.UserId,v.UserId=b.UserId#u.Reputation,<=,966,u.Views,>=,0#214571
votes v,badges b,users u#u.Id=v.UserId,v.UserId=b.UserId#b.Date,>=,1279819999,u.DownVotes,>=,0#1049686
votes v,badges b,users u#u.Id=v.UserId,v.UserId=b.UserId#v.CreationDate,<=,1410307200,u.UpVotes,<=,105#157131
votes v,badges b,users u#u.Id=v.UserId,v.UserId=b.UserId#v.BountyAmount,>=,0,v.BountyAmount,<=,50#29072
votes v,badges b,users u#u.Id=v.UserId,v.UserId=b.UserId#v.BountyAmount,<=,50,b.Date,<=,1409281245#28537
votes v,badges b,users u#u.Id=v.UserId,v.UserId=b.UserId#v.CreationDate,>=,1279497600,u.DownVotes,>=,0#1056687
votes v,badges b,users u#u.Id=v.UserId,v.UserId=b.UserId#v.BountyAmount,>=,0,b.Date,<=,1408470766#40565
votes v,badges b,users u#u.Id=v.UserId,v.UserId=b.UserId#u.Reputation,>=,1,u.UpVotes,>=,0#1056687
votes v,badges b,users u#u.Id=v.UserId,v.UserId=b.UserId#b.Date,<=,1408556918,u.UpVotes,<=,244#236970
votes v,badges b,users u#u.Id=v.UserId,v.UserId=b.UserId#b.Date,>=,1281609897,u.Reputation,=,6#377
votes v,badges b,users u#u.Id=v.UserId,v.UserId=b.UserId#u.Views,=,2,u.UpVotes,<=,22#2657
votes v,badges b,users u#u.Id=v.UserId,v.UserId=b.UserId#v.CreationDate,<=,1410220800,u.Views,<=,32#78979
votes v,badges b,users u#u.Id=v.UserId,v.UserId=b.UserId#u.UpVotes,>=,0,u.UpVotes,<=,11#34926
votes v,badges b,users u#u.Id=v.UserId,v.UserId=b.UserId#u.Views,<=,217,u.DownVotes,<=,103#247549
votes v,badges b,users u#u.Id=v.UserId,v.UserId=b.UserId#v.BountyAmount,>=,0,u.DownVotes,<=,0#5853
votes v,badges b,users u#u.Id=v.UserId,v.UserId=b.UserId#v.CreationDate,>=,1279584000,v.CreationDate,<=,1410480000#1056003
votes v,badges b,users u#u.Id=v.UserId,v.UserId=b.UserId#v.CreationDate,>=,1279584000,v.CreationDate,<=,1409875200#1051632
votes v,badges b,users u#u.Id=v.UserId,v.UserId=b.UserId#u.CreationDate,>=,1282753596,u.CreationDate,<=,1407747459#507583
votes v,badges b,users u#u.Id=v.UserId,v.UserId=b.UserId#b.Date,>=,1279573746,b.Date,<=,1410379525#1052402
votes v,badges b,users u#u.Id=v.UserId,v.UserId=b.UserId#u.Reputation,>=,1,u.Reputation,<=,673#174385
votes v,badges b,users u#u.Id=v.UserId,v.UserId=b.UserId#u.Views,>=,0,u.DownVotes,>=,0#1056687
votes v,badges b,users u#u.Id=v.UserId,v.UserId=b.UserId#u.UpVotes,>=,0,u.CreationDate,<=,1410193213#1056673
votes v,badges b,users u#u.Id=v.UserId,v.UserId=b.UserId#b.Date,<=,1409595725,u.Views,>=,0#1043451
votes v,badges b,users u#u.Id=v.UserId,v.UserId=b.UserId#u.Views,>=,0,u.CreationDate,<=,1407773811#1056443
votes v,badges b,users u#u.Id=v.UserId,v.UserId=b.UserId#u.Reputation,>=,1,u.CreationDate,<=,1408879639#1056584
votes v,badges b,users u#u.Id=v.UserId,v.UserId=b.UserId#u.Reputation,<=,249,u.CreationDate,>=,1281390517#75137
votes v,badges b,users u#u.Id=v.UserId,v.UserId=b.UserId#u.Views,<=,199,u.UpVotes,>=,0#239631
votes v,badges b,users u#u.Id=v.UserId,v.UserId=b.UserId#u.Reputation,>=,1,u.CreationDate,<=,1410424324#1056681
votes v,badges b,users u#u.Id=v.UserId,v.UserId=b.UserId#v.CreationDate,>=,1280361600,u.UpVotes,>=,0#1046430
votes v,badges b,users u#u.Id=v.UserId,v.UserId=b.UserId#u.CreationDate,>=,1280172443,u.CreationDate,<=,1408735940#900815
votes v,badges b,users u#u.Id=v.UserId,v.UserId=b.UserId#v.CreationDate,<=,1410566400,u.DownVotes,<=,54#562609
votes v,badges b,users u#u.Id=v.UserId,v.UserId=b.UserId#u.Views,=,0,u.UpVotes,>=,0#3405
votes v,badges b,users u#u.Id=v.UserId,v.UserId=b.UserId#u.Reputation,>=,1,u.Views,<=,134#202765
votes v,badges b,users u#u.Id=v.UserId,v.UserId=b.UserId#u.CreationDate,>=,1285022603,u.CreationDate,<=,1408707401#500422
votes v,badges b,users u#u.Id=v.UserId,v.UserId=b.UserId#v.BountyAmount,<=,50,u.Views,<=,456#11979
votes v,badges b,users u#u.Id=v.UserId,v.UserId=b.UserId#v.VoteTypeId,=,5,u.UpVotes,<=,187#198314
votes v,badges b,users u#u.Id=v.UserId,v.UserId=b.UserId#v.CreationDate,>=,1279584000,v.CreationDate,<=,1410566400#1056125
votes v,badges b,users u#u.Id=v.UserId,v.UserId=b.UserId#v.BountyAmount,>=,0,u.UpVotes,>=,0#41784
votes v,badges b,users u#u.Id=v.UserId,v.UserId=b.UserId#v.CreationDate,>=,1281052800,u.CreationDate,>=,1283032134#507606
votes v,badges b,users u#u.Id=v.UserId,v.UserId=b.UserId#u.Reputation,>=,1,u.Reputation,<=,898#203916
votes v,badges b,users u#u.Id=v.UserId,v.UserId=b.UserId#u.Reputation,<=,303,u.Views,<=,30#68026
votes v,badges b,users u#u.Id=v.UserId,v.UserId=b.UserId#b.Date,>=,1280060316,u.UpVotes,>=,0#1049115
votes v,badges b,users u#u.Id=v.UserId,v.UserId=b.UserId#v.CreationDate,>=,1279670400,u.UpVotes,<=,21#54727
votes v,badges b,users u#u.Id=v.UserId,v.UserId=b.UserId#u.Views,=,2,u.CreationDate,<=,1409305755#3089
votes v,badges b,users u#u.Id=v.UserId,v.UserId=b.UserId#v.BountyAmount,>=,0,u.DownVotes,>=,0#41784
votes v,badges b,users u#u.Id=v.UserId,v.UserId=b.UserId#b.Date,>=,1283943751,u.Reputation,<=,231#73015
votes v,badges b,users u#u.Id=v.UserId,v.UserId=b.UserId#v.CreationDate,>=,1279670400,u.Views,>=,0#1055478
votes v,badges b,users u#u.Id=v.UserId,v.UserId=b.UserId#b.Date,>=,1279753394,b.Date,<=,1410321196#1046738
votes v,badges b,users u#u.Id=v.UserId,v.UserId=b.UserId#v.BountyAmount,>=,0,v.BountyAmount,<=,100#38174
votes v,badges b,users u#u.Id=v.UserId,v.UserId=b.UserId#u.Reputation,>=,1,u.Reputation,<=,872#199838
votes v,badges b,users u#u.Id=v.UserId,v.UserId=b.UserId#v.BountyAmount,<=,100,u.UpVotes,>=,0#38174
votes v,badges b,users u#u.Id=v.UserId,v.UserId=b.UserId#v.CreationDate,=,1386806400,u.CreationDate,>=,1279566615#1013
votes v,badges b,users u#u.Id=v.UserId,v.UserId=b.UserId#b.Date,>=,1279611248,b.Date,<=,1410464506#1051489
votes v,badges b,users u#u.Id=v.UserId,v.UserId=b.UserId#u.Reputation,>=,1,u.UpVotes,<=,355#278846
votes v,badges b,users u#u.Id=v.UserId,v.UserId=b.UserId#u.UpVotes,>=,0,u.CreationDate,<=,1408640493#1056579
votes v,badges b,users u#u.Id=v.UserId,v.UserId=b.UserId#v.CreationDate,<=,1410220800,u.UpVotes,<=,23#60503
votes v,badges b,users u#u.Id=v.UserId,v.UserId=b.UserId#u.Views,>=,0,u.UpVotes,<=,10#32202
votes v,badges b,users u#u.Id=v.UserId,v.UserId=b.UserId#u.Views,>=,0,u.DownVotes,<=,0#144017
votes v,badges b,users u#u.Id=v.UserId,v.UserId=b.UserId#u.Views,>=,0,u.Views,<=,20#56146
comments c,postHistory ph,votes v#ph.PostId=c.PostId,ph.PostId=v.PostId#c.CreationDate,<=,1410590242,ph.PostHistoryTypeId,=,24#119718
comments c,postHistory ph,votes v#ph.PostId=c.PostId,ph.PostId=v.PostId#ph.CreationDate,>=,1281438406,ph.CreationDate,<=,1410147111#4071397
comments c,postHistory ph,votes v#ph.PostId=c.PostId,ph.PostId=v.PostId#v.BountyAmount,>=,0,v.BountyAmount,<=,100#37651
comments c,postHistory ph,votes v#ph.PostId=c.PostId,ph.PostId=v.PostId#c.Score,=,0,c.CreationDate,>=,1281405691#2739487
comments c,postHistory ph,votes v#ph.PostId=c.PostId,ph.PostId=v.PostId#c.CreationDate,>=,1280021823,v.VoteTypeId,=,2#3107377
comments c,postHistory ph,votes v#ph.PostId=c.PostId,ph.PostId=v.PostId#ph.CreationDate,>=,1281400406,v.VoteTypeId,=,2#3029274
comments c,postHistory ph,votes v#ph.PostId=c.PostId,ph.PostId=v.PostId#c.Score,=,0,ph.PostHistoryTypeId,=,3#277836
comments c,postHistory ph,votes v#ph.PostId=c.PostId,ph.PostId=v.PostId#ph.CreationDate,<=,1409936643,v.VoteTypeId,=,2#3123693
comments c,postHistory ph,votes v#ph.PostId=c.PostId,ph.PostId=v.PostId#c.Score,=,0,ph.CreationDate,<=,1410377965#2789597
comments c,postHistory ph,votes v#ph.PostId=c.PostId,ph.PostId=v.PostId#c.Score,=,0,ph.PostHistoryTypeId,=,3#277836
comments c,postHistory ph,votes v#ph.PostId=c.PostId,ph.PostId=v.PostId#ph.CreationDate,>=,1281114004,ph.CreationDate,<=,1406228526#3976382
comments c,postHistory ph,votes v#ph.PostId=c.PostId,ph.PostId=v.PostId#c.Score,=,1,c.CreationDate,>=,1280215309#722590
comments c,postHistory ph,votes v#ph.PostId=c.PostId,ph.PostId=v.PostId#c.CreationDate,<=,1410250291,v.CreationDate,<=,1410220800#4234945
comments c,postHistory ph,votes v#ph.PostId=c.PostId,ph.PostId=v.PostId#ph.PostHistoryTypeId,=,1,ph.CreationDate,>=,1282592859#398739
comments c,postHistory ph,votes v#ph.PostId=c.PostId,ph.PostId=v.PostId#c.CreationDate,>=,1279991443,c.CreationDate,<=,1410444284#4196416
comments c,postHistory ph,votes v#ph.PostId=c.PostId,ph.PostId=v.PostId#v.BountyAmount,<=,200,v.CreationDate,>=,1279584000#40956
comments c,postHistory ph,votes v#ph.PostId=c.PostId,ph.PostId=v.PostId#ph.CreationDate,>=,1279823627,v.BountyAmount,<=,100#37642
comments c,postHistory ph,votes v#ph.PostId=c.PostId,ph.PostId=v.PostId#c.CreationDate,>=,1282745646,ph.CreationDate,<=,1406551179#3978984
comments c,postHistory ph,votes v#ph.PostId=c.PostId,ph.PostId=v.PostId#v.CreationDate,>=,1279584000,v.CreationDate,<=,1410566400#4250167
comments c,postHistory ph,votes v#ph.PostId=c.PostId,ph.PostId=v.PostId#ph.CreationDate,>=,1287472730,v.VoteTypeId,=,2#2890410
comments c,postHistory ph,votes v#ph.PostId=c.PostId,ph.PostId=v.PostId#v.BountyAmount,<=,0,v.CreationDate,<=,1409356800#9
comments c,postHistory ph,votes v#ph.PostId=c.PostId,ph.PostId=v.PostId#c.Score,=,0,v.BountyAmount,>=,0#32381
comments c,postHistory ph,votes v#ph.PostId=c.PostId,ph.PostId=v.PostId#c.CreationDate,>=,1280103900,ph.CreationDate,>=,1283942795#4007502
comments c,postHistory ph,votes v#ph.PostId=c.PostId,ph.PostId=v.PostId#c.CreationDate,>=,1280174474,ph.PostHistoryTypeId,=,1#419877
comments c,postHistory ph,votes v#ph.PostId=c.PostId,ph.PostId=v.PostId#ph.CreationDate,<=,1406663374,v.BountyAmount,<=,50#27469
comments c,postHistory ph,votes v#ph.PostId=c.PostId,ph.PostId=v.PostId#c.Score,=,0,ph.PostHistoryTypeId,=,5#967341
comments c,postHistory ph,votes v#ph.PostId=c.PostId,ph.PostId=v.PostId#c.Score,=,0,ph.CreationDate,<=,1410527576#2791600
comments c,postHistory ph,votes v#ph.PostId=c.PostId,ph.PostId=v.PostId#ph.PostHistoryTypeId,=,24,ph.CreationDate,<=,1396883497#108573
comments c,postHistory ph,votes v#ph.PostId=c.PostId,ph.PostId=v.PostId#c.CreationDate,>=,1280130375,v.CreationDate,<=,1409961600#4164604
comments c,postHistory ph,votes v#ph.PostId=c.PostId,ph.PostId=v.PostId#c.Score,=,0,c.CreationDate,>=,1282743132#2712597
comments c,postHistory ph,votes v#ph.PostId=c.PostId,ph.PostId=v.PostId#c.Score,=,0,ph.PostHistoryTypeId,=,25#150946
comments c,postHistory ph,votes v#ph.PostId=c.PostId,ph.PostId=v.PostId#ph.PostHistoryTypeId,=,1,v.CreationDate,<=,1410134400#425752
comments c,postHistory ph,votes v#ph.PostId=c.PostId,ph.PostId=v.PostId#ph.CreationDate,>=,1299788600,v.CreationDate,>=,1233532800#3601600
comments c,postHistory ph,votes v#ph.PostId=c.PostId,ph.PostId=v.PostId#ph.CreationDate,>=,1304612760,v.VoteTypeId,=,2#2578834
comments c,postHistory ph,votes v#ph.PostId=c.PostId,ph.PostId=v.PostId#c.Score,=,0,v.CreationDate,>=,1279584000#2790957
comments c,postHistory ph,votes v#ph.PostId=c.PostId,ph.PostId=v.PostId#v.VoteTypeId,=,2,v.CreationDate,=,1329609600#1294
comments c,postHistory ph,votes v#ph.PostId=c.PostId,ph.PostId=v.PostId#c.Score,=,0,ph.CreationDate,>=,1281483032#2710597
comments c,postHistory ph,votes v#ph.PostId=c.PostId,ph.PostId=v.PostId#c.Score,=,0,v.VoteTypeId,=,5#415651
comments c,postHistory ph,votes v#ph.PostId=c.PostId,ph.PostId=v.PostId#v.VoteTypeId,=,2,v.CreationDate,<=,1410652800#3142108
comments c,postHistory ph,votes v#ph.PostId=c.PostId,ph.PostId=v.PostId#c.CreationDate,>=,1280245142,ph.PostHistoryTypeId,=,2#851908
comments c,postHistory ph,votes v#ph.PostId=c.PostId,ph.PostId=v.PostId#c.CreationDate,>=,1280057884,v.VoteTypeId,=,2#3106322
comments c,postHistory ph,votes v#ph.PostId=c.PostId,ph.PostId=v.PostId#c.Score,=,0,v.VoteTypeId,=,2#2082832
comments c,postHistory ph,votes v#ph.PostId=c.PostId,ph.PostId=v.PostId#ph.CreationDate,=,1373980981,v.CreationDate,>=,1233532800#9
comments c,postHistory ph,votes v#ph.PostId=c.PostId,ph.PostId=v.PostId#c.CreationDate,<=,1410232001,v.CreationDate,>=,1280361600#4213253
comments c,postHistory ph,votes v#ph.PostId=c.PostId,ph.PostId=v.PostId#c.CreationDate,<=,1410320762,ph.PostHistoryTypeId,=,2#862875
comments c,postHistory ph,votes v#ph.PostId=c.PostId,ph.PostId=v.PostId#c.Score,=,0,c.CreationDate,>=,1281357274#2740792
comments c,postHistory ph,votes v#ph.PostId=c.PostId,ph.PostId=v.PostId#ph.PostHistoryTypeId,=,5,v.VoteTypeId,=,5#153283
comments c,postHistory ph,votes v#ph.PostId=c.PostId,ph.PostId=v.PostId#ph.CreationDate,<=,1405006409,v.VoteTypeId,=,2#3020534
comments c,postHistory ph,votes v#ph.PostId=c.PostId,ph.PostId=v.PostId#c.Score,=,1,v.CreationDate,<=,1409875200#723919
comments c,postHistory ph,votes v#ph.PostId=c.PostId,ph.PostId=v.PostId#ph.PostHistoryTypeId,=,3,v.VoteTypeId,=,2#296127
comments c,postHistory ph,votes v#ph.PostId=c.PostId,ph.PostId=v.PostId#v.BountyAmount,<=,0,v.CreationDate,<=,1410566400#9
comments c,postHistory ph,votes v#ph.PostId=c.PostId,ph.PostId=v.PostId#c.Score,=,5,ph.PostHistoryTypeId,=,2#6683
comments c,postHistory ph,votes v#ph.PostId=c.PostId,ph.PostId=v.PostId#c.CreationDate,<=,1410576446,ph.PostHistoryTypeId,=,2#864779
comments c,postHistory ph,votes v#ph.PostId=c.PostId,ph.PostId=v.PostId#c.CreationDate,>=,1279593325,c.CreationDate,<=,1410484122#4232343
comments c,postHistory ph,votes v#ph.PostId=c.PostId,ph.PostId=v.PostId#c.Score,=,0,v.CreationDate,<=,1410566400#2793058
comments c,postHistory ph,votes v#ph.PostId=c.PostId,ph.PostId=v.PostId#c.CreationDate,<=,1410488487,v.VoteTypeId,=,2#3139930
comments c,postHistory ph,votes v#ph.PostId=c.PostId,ph.PostId=v.PostId#v.BountyAmount,<=,50,v.CreationDate,>=,1279756800#28377
comments c,postHistory ph,votes v#ph.PostId=c.PostId,ph.PostId=v.PostId#ph.PostHistoryTypeId,=,2,ph.CreationDate,<=,1410266079#863773
comments c,postHistory ph,votes v#ph.PostId=c.PostId,ph.PostId=v.PostId#c.CreationDate,>=,1279569810,v.CreationDate,>=,1280188800#4230245
comments c,postHistory ph,votes v#ph.PostId=c.PostId,ph.PostId=v.PostId#ph.CreationDate,<=,1407684844,v.VoteTypeId,=,2#3071735
comments c,postHistory ph,votes v#ph.PostId=c.PostId,ph.PostId=v.PostId#ph.PostHistoryTypeId,=,4,v.CreationDate,>=,1280188800#248237
comments c,postHistory ph,votes v#ph.PostId=c.PostId,ph.PostId=v.PostId#ph.CreationDate,>=,1281397724,v.VoteTypeId,=,2#3029289
comments c,postHistory ph,votes v#ph.PostId=c.PostId,ph.PostId=v.PostId#c.Score,=,0,ph.PostHistoryTypeId,=,5#967341
comments c,postHistory ph,votes v#ph.PostId=c.PostId,ph.PostId=v.PostId#c.CreationDate,<=,1410442293,ph.PostHistoryTypeId,=,3#427430
comments c,postHistory ph,votes v#ph.PostId=c.PostId,ph.PostId=v.PostId#v.BountyAmount,>=,0,v.CreationDate,>=,1280275200#41997
comments c,postHistory ph,votes v#ph.PostId=c.PostId,ph.PostId=v.PostId#v.CreationDate,>=,1260057600,v.CreationDate,<=,1409875200#4221246
comments c,postHistory ph,votes v#ph.PostId=c.PostId,ph.PostId=v.PostId#v.VoteTypeId,=,2,v.CreationDate,<=,1410480000#3140956
comments c,postHistory ph,votes v#ph.PostId=c.PostId,ph.PostId=v.PostId#c.CreationDate,<=,1410597062,v.CreationDate,<=,1410307200#4245878
comments c,postHistory ph,votes v#ph.PostId=c.PostId,ph.PostId=v.PostId#ph.CreationDate,>=,1289531461,ph.CreationDate,<=,1410604723#3847918
comments c,postHistory ph,votes v#ph.PostId=c.PostId,ph.PostId=v.PostId#ph.PostHistoryTypeId,=,5,v.VoteTypeId,=,2#1113682
comments c,postHistory ph,votes v#ph.PostId=c.PostId,ph.PostId=v.PostId#c.Score,=,0,ph.CreationDate,<=,1410436244#2790595
comments c,postHistory ph,votes v#ph.PostId=c.PostId,ph.PostId=v.PostId#ph.PostHistoryTypeId,=,1,ph.CreationDate,<=,1406358399#416906
comments c,postHistory ph,votes v#ph.PostId=c.PostId,ph.PostId=v.PostId#c.CreationDate,<=,1409602002,v.BountyAmount,>=,0#41242
comments c,postHistory ph,votes v#ph.PostId=c.PostId,ph.PostId=v.PostId#c.Score,=,0,ph.PostHistoryTypeId,=,5#967341
comments c,postHistory ph,votes v#ph.PostId=c.PostId,ph.PostId=v.PostId#v.CreationDate,>=,1279497600,v.CreationDate,<=,1409788800#4216830
comments c,postHistory ph,votes v#ph.PostId=c.PostId,ph.PostId=v.PostId#c.CreationDate,>=,1279792463,v.VoteTypeId,=,2#3118370
comments c,postHistory ph,votes v#ph.PostId=c.PostId,ph.PostId=v.PostId#c.Score,=,1,c.CreationDate,<=,1410450601#730458
comments c,postHistory ph,votes v#ph.PostId=c.PostId,ph.PostId=v.PostId#c.Score,=,0,v.BountyAmount,=,0#8
comments c,postHistory ph,votes v#ph.PostId=c.PostId,ph.PostId=v.PostId#ph.CreationDate,>=,1298822923,ph.CreationDate,<=,1407614220#3547329
comments c,postHistory ph,votes v#ph.PostId=c.PostId,ph.PostId=v.PostId#c.CreationDate,<=,1409180846,v.VoteTypeId,=,5#699169
comments c,postHistory ph,votes v#ph.PostId=c.PostId,ph.PostId=v.PostId#ph.PostHistoryTypeId,=,5,v.CreationDate,<=,1410480000#1413248
comments c,postHistory ph,votes v#ph.PostId=c.PostId,ph.PostId=v.PostId#c.CreationDate,=,1375433391,v.VoteTypeId,=,2#24
comments c,postHistory ph,votes v#ph.PostId=c.PostId,ph.PostId=v.PostId#c.Score,=,2,c.CreationDate,<=,1410518091#307449
comments c,postHistory ph,votes v#ph.PostId=c.PostId,ph.PostId=v.PostId#v.VoteTypeId,=,2,v.CreationDate,>=,1279497600#3141610
comments c,postHistory ph,votes v#ph.PostId=c.PostId,ph.PostId=v.PostId#ph.PostHistoryTypeId,=,2,v.CreationDate,=,1399680000#448
comments c,postHistory ph,votes v#ph.PostId=c.PostId,ph.PostId=v.PostId#c.CreationDate,>=,1282983453,v.VoteTypeId,=,2#3036762
comments c,postHistory ph,votes v#ph.PostId=c.PostId,ph.PostId=v.PostId#c.Score,=,8,ph.CreationDate,<=,1407257731#17121
comments c,postHistory ph,votes v#ph.PostId=c.PostId,ph.PostId=v.PostId#c.CreationDate,>=,1282951687,v.BountyAmount,<=,100#37475
comments c,postHistory ph,votes v#ph.PostId=c.PostId,ph.PostId=v.PostId#c.Score,=,0,v.VoteTypeId,=,2#2082832
comments c,postHistory ph,votes v#ph.PostId=c.PostId,ph.PostId=v.PostId#v.BountyAmount,<=,50,v.CreationDate,>=,1279584000#28377
comments c,postHistory ph,votes v#ph.PostId=c.PostId,ph.PostId=v.PostId#ph.CreationDate,>=,1289410620,ph.CreationDate,<=,1403282733#3648865
comments c,postHistory ph,votes v#ph.PostId=c.PostId,ph.PostId=v.PostId#c.Score,=,4,ph.PostHistoryTypeId,=,2#14304
comments c,postHistory ph,votes v#ph.PostId=c.PostId,ph.PostId=v.PostId#v.VoteTypeId,=,2,v.CreationDate,>=,1279584000#3137611
comments c,postHistory ph,votes v#ph.PostId=c.PostId,ph.PostId=v.PostId#ph.CreationDate,>=,1284713049,ph.CreationDate,<=,1404501961#3777307
comments c,postHistory ph,votes v#ph.PostId=c.PostId,ph.PostId=v.PostId#ph.PostHistoryTypeId,=,2,v.VoteTypeId,=,2#683288
comments c,postHistory ph,votes v#ph.PostId=c.PostId,ph.PostId=v.PostId#ph.CreationDate,>=,1279816377,ph.CreationDate,<=,1407512771#4084947
comments c,postHistory ph,votes v#ph.PostId=c.PostId,ph.PostId=v.PostId#ph.PostHistoryTypeId,=,2,ph.CreationDate,<=,1402597860#822201
comments c,postHistory ph,votes v#ph.PostId=c.PostId,ph.PostId=v.PostId#ph.PostHistoryTypeId,=,5,v.VoteTypeId,=,2#1113682
comments c,postHistory ph,votes v#ph.PostId=c.PostId,ph.PostId=v.PostId#ph.CreationDate,>=,1281383610,ph.CreationDate,<=,1408528963#4017514
comments c,postHistory ph,votes v#ph.PostId=c.PostId,ph.PostId=v.PostId#c.Score,=,2,ph.CreationDate,>=,1288205693#273733
comments c,postHistory ph,votes v#ph.PostId=c.PostId,ph.PostId=v.PostId#c.CreationDate,>=,1280255791,c.CreationDate,<=,1410316955#4171413
comments c,postHistory ph,votes v#ph.PostId=c.PostId,ph.PostId=v.PostId#ph.CreationDate,>=,1283829414,v.CreationDate,<=,1410393600#4017243
comments c,postHistory ph,votes v#ph.PostId=c.PostId,ph.PostId=v.PostId#v.VoteTypeId,=,2,v.CreationDate,>=,1279756800#3131791
comments c,postHistory ph,votes v#ph.PostId=c.PostId,ph.PostId=v.PostId#ph.CreationDate,=,1319908484,v.CreationDate,<=,1410134400#18
comments c,postHistory ph,votes v#ph.PostId=c.PostId,ph.PostId=v.PostId#c.Score,=,0,ph.PostHistoryTypeId,=,1#277836
comments c,postHistory ph,votes v#ph.PostId=c.PostId,ph.PostId=v.PostId#c.CreationDate,=,1388845968,v.VoteTypeId,=,2#1
comments c,postHistory ph,votes v#ph.PostId=c.PostId,ph.PostId=v.PostId#c.CreationDate,>=,1233594342,v.VoteTypeId,=,2#3141796
comments c,postHistory ph,votes v#ph.PostId=c.PostId,ph.PostId=v.PostId#c.Score,=,1,ph.CreationDate,>=,1283552681#698023
comments c,postHistory ph,votes v#ph.PostId=c.PostId,ph.PostId=v.PostId#ph.PostHistoryTypeId,=,1,v.BountyAmount,>=,0#3760
comments c,postHistory ph,votes v#ph.PostId=c.PostId,ph.PostId=v.PostId#c.CreationDate,>=,1233596841,c.CreationDate,<=,1410545253#4254042
comments c,postHistory ph,votes v#ph.PostId=c.PostId,ph.PostId=v.PostId#c.CreationDate,>=,1280461621,ph.PostHistoryTypeId,=,2#849264
comments c,postHistory ph,votes v#ph.PostId=c.PostId,ph.PostId=v.PostId#c.Score,=,0,v.VoteTypeId,=,1#65608
comments c,postHistory ph,votes v#ph.PostId=c.PostId,ph.PostId=v.PostId#ph.PostHistoryTypeId,=,2,v.CreationDate,>=,1279670400#863038
comments c,postHistory ph,votes v#ph.PostId=c.PostId,ph.PostId=v.PostId#c.Score,=,1,ph.PostHistoryTypeId,=,2#139636
comments c,postHistory ph,votes v#ph.PostId=c.PostId,ph.PostId=v.PostId#ph.CreationDate,>=,1288137556,v.VoteTypeId,=,8#35002
comments c,postHistory ph,votes v#ph.PostId=c.PostId,ph.PostId=v.PostId#c.Score,=,1,v.CreationDate,<=,1410048000#725119
comments c,postHistory ph,votes v#ph.PostId=c.PostId,ph.PostId=v.PostId#c.Score,=,0,v.BountyAmount,=,0#8
comments c,postHistory ph,votes v#ph.PostId=c.PostId,ph.PostId=v.PostId#ph.PostHistoryTypeId,=,3,v.VoteTypeId,=,2#296127
comments c,postHistory ph,votes v#ph.PostId=c.PostId,ph.PostId=v.PostId#c.CreationDate,<=,1410041498,v.BountyAmount,<=,100#37293
comments c,postHistory ph,votes v#ph.PostId=c.PostId,ph.PostId=v.PostId#ph.CreationDate,>=,1315323592,ph.CreationDate,<=,1401939760#2949333
comments c,postHistory ph,votes v#ph.PostId=c.PostId,ph.PostId=v.PostId#c.Score,=,0,ph.PostHistoryTypeId,=,4#155963
comments c,postHistory ph,votes v#ph.PostId=c.PostId,ph.PostId=v.PostId#v.VoteTypeId,=,1,v.CreationDate,<=,1409788800#80053
comments c,postHistory ph,votes v#ph.PostId=c.PostId,ph.PostId=v.PostId#c.CreationDate,<=,1410545940,ph.CreationDate,>=,1294163444#3753899
comments c,postHistory ph,votes v#ph.PostId=c.PostId,ph.PostId=v.PostId#c.CreationDate,<=,1409766484,v.VoteTypeId,=,2#3114234
comments c,postHistory ph,votes v#ph.PostId=c.PostId,ph.PostId=v.PostId#ph.PostHistoryTypeId,=,3,ph.CreationDate,<=,1409233847#423994
comments c,postHistory ph,votes v#ph.PostId=c.PostId,ph.PostId=v.PostId#ph.CreationDate,>=,1282121663,v.CreationDate,>=,1233532800#4058673
comments c,postHistory ph,votes v#ph.PostId=c.PostId,ph.PostId=v.PostId#c.CreationDate,<=,1410197665,ph.PostHistoryTypeId,=,1#426352
comments c,postHistory ph,votes v#ph.PostId=c.PostId,ph.PostId=v.PostId#ph.PostHistoryTypeId,=,5,v.CreationDate,>=,1279497600#1413906
comments c,postHistory ph,votes v#ph.PostId=c.PostId,ph.PostId=v.PostId#c.CreationDate,<=,1410102715,v.CreationDate,<=,1410480000#4233244
comments c,postHistory ph,votes v#ph.PostId=c.PostId,ph.PostId=v.PostId#c.Score,=,0,v.VoteTypeId,=,2#2082832
comments c,postHistory ph,votes v#ph.PostId=c.PostId,ph.PostId=v.PostId#c.CreationDate,<=,1410236983,v.CreationDate,>=,1279756800#4228856
comments c,postHistory ph,votes v#ph.PostId=c.PostId,ph.PostId=v.PostId#ph.CreationDate,>=,1291354863,v.BountyAmount,<=,150#38245
comments c,postHistory ph,votes v#ph.PostId=c.PostId,ph.PostId=v.PostId#ph.PostHistoryTypeId,=,2,v.CreationDate,>=,1279584000#864063
comments c,postHistory ph,votes v#ph.PostId=c.PostId,ph.PostId=v.PostId#c.Score,=,0,v.CreationDate,<=,1410480000#2791911
comments c,postHistory ph,votes v#ph.PostId=c.PostId,ph.PostId=v.PostId#c.CreationDate,<=,1410462427,ph.PostHistoryTypeId,=,5#1412820
comments c,postHistory ph,votes v#ph.PostId=c.PostId,ph.PostId=v.PostId#c.Score,=,0,ph.PostHistoryTypeId,=,5#967341
comments c,postHistory ph,votes v#ph.PostId=c.PostId,ph.PostId=v.PostId#c.Score,=,3,c.CreationDate,<=,1410211159#156351
comments c,postHistory ph,votes v#ph.PostId=c.PostId,ph.PostId=v.PostId#v.VoteTypeId,=,2,v.CreationDate,<=,1410220800#3132043
comments c,postHistory ph,votes v#ph.PostId=c.PostId,ph.PostId=v.PostId#ph.PostHistoryTypeId,=,3,ph.CreationDate,>=,1292191804#370226
comments c,postHistory ph,votes v#ph.PostId=c.PostId,ph.PostId=v.PostId#ph.CreationDate,>=,1285834148,v.VoteTypeId,=,2#2921343
comments c,postHistory ph,votes v#ph.PostId=c.PostId,ph.PostId=v.PostId#ph.PostHistoryTypeId,=,1,v.BountyAmount,>=,0#3760
comments c,postHistory ph,votes v#ph.PostId=c.PostId,ph.PostId=v.PostId#c.CreationDate,<=,1410363428,ph.PostHistoryTypeId,=,4#249145
comments c,postHistory ph,votes v#ph.PostId=c.PostId,ph.PostId=v.PostId#v.BountyAmount,<=,100,v.CreationDate,>=,1279584000#37651
comments c,postHistory ph,votes v#ph.PostId=c.PostId,ph.PostId=v.PostId#c.Score,=,0,ph.PostHistoryTypeId,=,1#277836
comments c,postHistory ph,votes v#ph.PostId=c.PostId,ph.PostId=v.PostId#v.BountyAmount,>=,0,v.CreationDate,<=,1410652800#42033
comments c,postHistory ph,votes v#ph.PostId=c.PostId,ph.PostId=v.PostId#c.CreationDate,>=,1281350985,v.CreationDate,>=,1279584000#4138779
comments c,postHistory ph,votes v#ph.PostId=c.PostId,ph.PostId=v.PostId#c.CreationDate,<=,1409907828,ph.CreationDate,<=,1409397841#4209287
comments c,postHistory ph,votes v#ph.PostId=c.PostId,ph.PostId=v.PostId#ph.PostHistoryTypeId,=,5,ph.CreationDate,<=,1410543666#1413115
comments c,postHistory ph,votes v#ph.PostId=c.PostId,ph.PostId=v.PostId#ph.CreationDate,>=,1280946597,v.CreationDate,>=,1279584000#4108543
comments c,postHistory ph,votes v#ph.PostId=c.PostId,ph.PostId=v.PostId#c.CreationDate,<=,1410007280,v.BountyAmount,=,0#9
comments c,postHistory ph,votes v#ph.PostId=c.PostId,ph.PostId=v.PostId#c.Score,=,0,c.CreationDate,<=,1409859586#2771370
comments c,postHistory ph,votes v#ph.PostId=c.PostId,ph.PostId=v.PostId#ph.PostHistoryTypeId,=,5,v.CreationDate,<=,1410134400#1405963
comments c,postHistory ph,votes v#ph.PostId=c.PostId,ph.PostId=v.PostId#ph.PostHistoryTypeId,=,2,ph.CreationDate,<=,1406775265#844572
comments c,postHistory ph,votes v#ph.PostId=c.PostId,ph.PostId=v.PostId#c.Score,=,0,v.BountyAmount,>=,0#32381
comments c,postHistory ph,votes v#ph.PostId=c.PostId,ph.PostId=v.PostId#v.BountyAmount,<=,0,v.CreationDate,>=,1279584000#9
comments c,postHistory ph,votes v#ph.PostId=c.PostId,ph.PostId=v.PostId#c.Score,=,0,ph.PostHistoryTypeId,=,3#277836
comments c,postHistory ph,votes v#ph.PostId=c.PostId,ph.PostId=v.PostId#v.VoteTypeId,=,5,v.CreationDate,<=,1410393600#703564
comments c,postHistory ph,votes v#ph.PostId=c.PostId,ph.PostId=v.PostId#ph.CreationDate,<=,1409088178,v.VoteTypeId,=,2#3099366
comments c,postHistory ph,votes v#ph.PostId=c.PostId,ph.PostId=v.PostId#c.CreationDate,>=,1280429283,c.CreationDate,<=,1409680022#4133825
comments c,postHistory ph,votes v#ph.PostId=c.PostId,ph.PostId=v.PostId#c.CreationDate,>=,1280374212,v.BountyAmount,<=,50#28314
comments c,postHistory ph,votes v#ph.PostId=c.PostId,ph.PostId=v.PostId#ph.PostHistoryTypeId,=,2,v.VoteTypeId,=,2#683288
comments c,postHistory ph,votes v#ph.PostId=c.PostId,ph.PostId=v.PostId#c.CreationDate,>=,1281597593,v.BountyAmount,<=,50#28275
comments c,postHistory ph,votes v#ph.PostId=c.PostId,ph.PostId=v.PostId#c.Score,=,0,v.BountyAmount,<=,200#31831
comments c,postHistory ph,votes v#ph.PostId=c.PostId,ph.PostId=v.PostId#ph.PostHistoryTypeId,=,6,v.VoteTypeId,=,2#164893
comments c,postHistory ph,votes v#ph.PostId=c.PostId,ph.PostId=v.PostId#ph.PostHistoryTypeId,=,2,v.BountyAmount,=,0#7
comments c,postHistory ph,votes v#ph.PostId=c.PostId,ph.PostId=v.PostId#c.CreationDate,=,1365187434,ph.PostHistoryTypeId,=,2#2
comments c,postHistory ph,votes v#ph.PostId=c.PostId,ph.PostId=v.PostId#c.Score,=,0,v.VoteTypeId,=,2#2082832
comments c,postHistory ph,votes v#ph.PostId=c.PostId,ph.PostId=v.PostId#ph.PostHistoryTypeId,=,4,v.CreationDate,>=,1280707200#247802
comments c,postHistory ph,votes v#ph.PostId=c.PostId,ph.PostId=v.PostId#ph.CreationDate,>=,1282060599,ph.CreationDate,<=,1405383133#3911555
comments c,postHistory ph,votes v#ph.PostId=c.PostId,ph.PostId=v.PostId#v.BountyAmount,=,0,v.CreationDate,<=,1410307200#9
comments c,postHistory ph,votes v#ph.PostId=c.PostId,ph.PostId=v.PostId#c.Score,=,0,ph.PostHistoryTypeId,=,2#591108
comments c,postHistory ph,votes v#ph.PostId=c.PostId,ph.PostId=v.PostId#c.Score,=,0,v.CreationDate,=,1400198400#2510
comments c,postHistory ph,votes v#ph.PostId=c.PostId,ph.PostId=v.PostId#c.Score,=,0,ph.PostHistoryTypeId,=,5#967341
comments c,postHistory ph,votes v#ph.PostId=c.PostId,ph.PostId=v.PostId#c.Score,=,0,c.CreationDate,<=,1410301991#2784425
comments c,postHistory ph,votes v#ph.PostId=c.PostId,ph.PostId=v.PostId#ph.CreationDate,>=,1289336378,ph.CreationDate,<=,1409996063#3831454
comments c,postHistory ph,votes v#ph.PostId=c.PostId,ph.PostId=v.PostId#ph.PostHistoryTypeId,=,2,v.BountyAmount,<=,50#4010
comments c,postHistory ph,votes v#ph.PostId=c.PostId,ph.PostId=v.PostId#ph.PostHistoryTypeId,=,6,v.BountyAmount,<=,50#1067
comments c,postHistory ph,votes v#ph.PostId=c.PostId,ph.PostId=v.PostId#c.Score,=,1,c.CreationDate,<=,1409833846#725402
comments c,postHistory ph,votes v#ph.PostId=c.PostId,ph.PostId=v.PostId#c.Score,=,0,ph.CreationDate,=,1329362652#8
comments c,postHistory ph,votes v#ph.PostId=c.PostId,ph.PostId=v.PostId#c.Score,=,0,v.BountyAmount,<=,50#22293
comments c,postHistory ph,votes v#ph.PostId=c.PostId,ph.PostId=v.PostId#c.CreationDate,=,1364395491,ph.CreationDate,<=,1407161879#6
comments c,postHistory ph,votes v#ph.PostId=c.PostId,ph.PostId=v.PostId#ph.CreationDate,<=,1410111897,v.BountyAmount,>=,0#41506
comments c,postHistory ph,votes v#ph.PostId=c.PostId,ph.PostId=v.PostId#c.Score,=,0,v.CreationDate,>=,1279584000#2790957
comments c,postHistory ph,votes v#ph.PostId=c.PostId,ph.PostId=v.PostId#c.CreationDate,<=,1410348112,v.VoteTypeId,=,2#3135072
comments c,postHistory ph,votes v#ph.PostId=c.PostId,ph.PostId=v.PostId#c.Score,=,1,v.CreationDate,>=,1279497600#730652
comments c,postHistory ph,votes v#ph.PostId=c.PostId,ph.PostId=v.PostId#ph.CreationDate,<=,1408732212,v.CreationDate,<=,1409961600#4185365
comments c,postHistory ph,votes v#ph.PostId=c.PostId,ph.PostId=v.PostId#ph.PostHistoryTypeId,=,38,ph.CreationDate,>=,1280174518#18232
comments c,postHistory ph,votes v#ph.PostId=c.PostId,ph.PostId=v.PostId#c.Score,=,0,ph.PostHistoryTypeId,=,1#277836
comments c,postHistory ph,votes v#ph.PostId=c.PostId,ph.PostId=v.PostId#c.CreationDate,<=,1410597062,v.VoteTypeId,=,2#3141400
comments c,postHistory ph,votes v#ph.PostId=c.PostId,ph.PostId=v.PostId#c.Score,=,0,v.CreationDate,<=,1410134400#2779521
comments c,postHistory ph,votes v#ph.PostId=c.PostId,ph.PostId=v.PostId#v.CreationDate,>=,1279756800,v.CreationDate,<=,1409702400#4197437
comments c,postHistory ph,votes v#ph.PostId=c.PostId,ph.PostId=v.PostId#c.CreationDate,>=,1279840541,v.VoteTypeId,=,2#3112988
comments c,postHistory ph,votes v#ph.PostId=c.PostId,ph.PostId=v.PostId#c.Score,=,0,v.CreationDate,>=,1281484800#2768841
comments c,postHistory ph,votes v#ph.PostId=c.PostId,ph.PostId=v.PostId#c.Score,=,0,ph.CreationDate,<=,1408966079#2755574
comments c,postHistory ph,votes v#ph.PostId=c.PostId,ph.PostId=v.PostId#ph.PostHistoryTypeId,=,6,v.VoteTypeId,=,2#164893
comments c,postHistory ph,votes v#ph.PostId=c.PostId,ph.PostId=v.PostId#ph.CreationDate,>=,1281004964,ph.CreationDate,<=,1409986313#4084991
comments c,postHistory ph,votes v#ph.PostId=c.PostId,ph.PostId=v.PostId#c.Score,=,1,c.CreationDate,>=,1280530035#720706
comments c,postHistory ph,votes v#ph.PostId=c.PostId,ph.PostId=v.PostId#c.Score,=,0,c.CreationDate,>=,1280489764#2754415
comments c,postHistory ph,votes v#ph.PostId=c.PostId,ph.PostId=v.PostId#c.Score,=,0,v.CreationDate,>=,1279584000#2790957
comments c,postHistory ph,votes v#ph.PostId=c.PostId,ph.PostId=v.PostId#ph.CreationDate,>=,1285273728,ph.CreationDate,<=,1408396145#3864308
comments c,postHistory ph,votes v#ph.PostId=c.PostId,ph.PostId=v.PostId#c.CreationDate,<=,1410444643,v.CreationDate,>=,1279756800#4239566
comments c,postHistory ph,votes v#ph.PostId=c.PostId,ph.PostId=v.PostId#v.BountyAmount,>=,0,v.CreationDate,<=,1410307200#41681
comments c,postHistory ph,votes v#ph.PostId=c.PostId,ph.PostId=v.PostId#v.CreationDate,>=,1280880000,v.CreationDate,<=,1410134400#4198028
comments c,postHistory ph,votes v#ph.PostId=c.PostId,ph.PostId=v.PostId#ph.CreationDate,<=,1407116579,v.BountyAmount,>=,0#40357
comments c,postHistory ph,votes v#ph.PostId=c.PostId,ph.PostId=v.PostId#v.BountyAmount,>=,0,v.CreationDate,>=,1233619200#42033
comments c,postHistory ph,votes v#ph.PostId=c.PostId,ph.PostId=v.PostId#ph.PostHistoryTypeId,=,5,v.BountyAmount,=,0#2
comments c,postHistory ph,votes v#ph.PostId=c.PostId,ph.PostId=v.PostId#c.CreationDate,<=,1410532222,v.VoteTypeId,=,2#3140427
comments c,postHistory ph,votes v#ph.PostId=c.PostId,ph.PostId=v.PostId#v.BountyAmount,>=,0,v.CreationDate,<=,1410566400#42033
comments c,postHistory ph,votes v#ph.PostId=c.PostId,ph.PostId=v.PostId#ph.CreationDate,>=,1279702931,ph.CreationDate,<=,1410196885#4183162
comments c,postHistory ph,votes v#ph.PostId=c.PostId,ph.PostId=v.PostId#c.Score,=,0,v.VoteTypeId,=,5#415651
comments c,postHistory ph,votes v#ph.PostId=c.PostId,ph.PostId=v.PostId#c.Score,=,0,ph.CreationDate,>=,1283991307#2661171
comments c,postHistory ph,votes v#ph.PostId=c.PostId,ph.PostId=v.PostId#c.Score,=,0,v.BountyAmount,>=,0#32381
comments c,postHistory ph,votes v#ph.PostId=c.PostId,ph.PostId=v.PostId#ph.PostHistoryTypeId,=,4,ph.CreationDate,<=,1409245288#247251
comments c,postHistory ph,votes v#ph.PostId=c.PostId,ph.PostId=v.PostId#ph.PostHistoryTypeId,=,5,ph.CreationDate,>=,1294776191#1293353
comments c,postHistory ph,votes v#ph.PostId=c.PostId,ph.PostId=v.PostId#ph.PostHistoryTypeId,=,2,v.VoteTypeId,=,2#683288
comments c,postHistory ph,votes v#ph.PostId=c.PostId,ph.PostId=v.PostId#ph.CreationDate,>=,1292001104,ph.CreationDate,<=,1408893517#3723351
comments c,postHistory ph,votes v#ph.PostId=c.PostId,ph.PostId=v.PostId#ph.CreationDate,>=,1285351367,v.CreationDate,<=,1409529600#3880823
comments c,postHistory ph,votes v#ph.PostId=c.PostId,ph.PostId=v.PostId#ph.CreationDate,>=,1304078597,ph.CreationDate,<=,1409891504#3467289
comments c,postHistory ph,votes v#ph.PostId=c.PostId,ph.PostId=v.PostId#c.CreationDate,>=,1280428394,v.CreationDate,>=,1279670400#4170438
comments c,postHistory ph,votes v#ph.PostId=c.PostId,ph.PostId=v.PostId#c.Score,=,0,v.BountyAmount,>=,0#32381
comments c,postHistory ph,votes v#ph.PostId=c.PostId,ph.PostId=v.PostId#ph.CreationDate,>=,1282271132,v.CreationDate,<=,1410480000#4051982
comments c,postHistory ph,votes v#ph.PostId=c.PostId,ph.PostId=v.PostId#c.CreationDate,<=,1409801266,ph.PostHistoryTypeId,=,5#1399714
comments c,postHistory ph,votes v#ph.PostId=c.PostId,ph.PostId=v.PostId#ph.PostHistoryTypeId,=,3,ph.CreationDate,<=,1410591955#427758
comments c,postHistory ph,votes v#ph.PostId=c.PostId,ph.PostId=v.PostId#v.BountyAmount,>=,0,v.BountyAmount,<=,300#41911
comments c,postHistory ph,votes v#ph.PostId=c.PostId,ph.PostId=v.PostId#c.CreationDate,>=,1280873843,ph.CreationDate,>=,1290065302#3813794
comments c,postHistory ph,votes v#ph.PostId=c.PostId,ph.PostId=v.PostId#c.Score,=,0,v.VoteTypeId,=,2#2082832
comments c,postHistory ph,votes v#ph.PostId=c.PostId,ph.PostId=v.PostId#c.CreationDate,>=,1282603015,ph.PostHistoryTypeId,=,3#410180
comments c,postHistory ph,votes v#ph.PostId=c.PostId,ph.PostId=v.PostId#c.CreationDate,<=,1410273124,v.CreationDate,>=,1279584000#4237590
comments c,postHistory ph,votes v#ph.PostId=c.PostId,ph.PostId=v.PostId#c.CreationDate,=,1301661946,v.VoteTypeId,=,2#21
comments c,postHistory ph,votes v#ph.PostId=c.PostId,ph.PostId=v.PostId#c.Score,=,0,v.VoteTypeId,=,2#2082832
comments c,postHistory ph,votes v#ph.PostId=c.PostId,ph.PostId=v.PostId#ph.CreationDate,>=,1296058062,v.VoteTypeId,=,2#2762372
comments c,postHistory ph,votes v#ph.PostId=c.PostId,ph.PostId=v.PostId#c.Score,=,2,ph.PostHistoryTypeId,=,1#32834
comments c,postHistory ph,votes v#ph.PostId=c.PostId,ph.PostId=v.PostId#v.BountyAmount,<=,100,v.CreationDate,<=,1410134400#37352
comments c,postHistory ph,votes v#ph.PostId=c.PostId,ph.PostId=v.PostId#c.Score,=,0,ph.CreationDate,<=,1408039157#2739980
comments c,postHistory ph,votes v#ph.PostId=c.PostId,ph.PostId=v.PostId#c.Score,=,0,c.CreationDate,<=,1410337869#2785091
comments c,postHistory ph,votes v#ph.PostId=c.PostId,ph.PostId=v.PostId#c.Score,=,0,ph.PostHistoryTypeId,=,5#967341
comments c,postHistory ph,votes v#ph.PostId=c.PostId,ph.PostId=v.PostId#c.CreationDate,>=,1279732216,ph.PostHistoryTypeId,=,5#1407458
comments c,postHistory ph,votes v#ph.PostId=c.PostId,ph.PostId=v.PostId#ph.PostHistoryTypeId,=,2,v.VoteTypeId,=,16#13964
comments c,postHistory ph,votes v#ph.PostId=c.PostId,ph.PostId=v.PostId#ph.PostHistoryTypeId,=,24,v.CreationDate,<=,1410307200#119433
comments c,postHistory ph,votes v#ph.PostId=c.PostId,ph.PostId=v.PostId#c.Score,=,0,v.BountyAmount,>=,0#32381
comments c,postHistory ph,votes v#ph.PostId=c.PostId,ph.PostId=v.PostId#c.Score,=,0,v.VoteTypeId,=,2#2082832
comments c,postHistory ph,votes v#ph.PostId=c.PostId,ph.PostId=v.PostId#ph.PostHistoryTypeId,=,2,v.CreationDate,>=,1279670400#863038
comments c,postHistory ph,votes v#ph.PostId=c.PostId,ph.PostId=v.PostId#c.Score,=,0,c.CreationDate,>=,1279567347#2791968
comments c,postHistory ph,votes v#ph.PostId=c.PostId,ph.PostId=v.PostId#c.CreationDate,>=,1283345838,ph.CreationDate,<=,1408211336#4012216
comments c,postHistory ph,votes v#ph.PostId=c.PostId,ph.PostId=v.PostId#ph.PostHistoryTypeId,=,1,ph.CreationDate,>=,1283401438#397002
comments c,postHistory ph,votes v#ph.PostId=c.PostId,ph.PostId=v.PostId#c.Score,=,0,ph.CreationDate,<=,1404222172#2669886
comments c,postHistory ph,votes v#ph.PostId=c.PostId,ph.PostId=v.PostId#c.Score,=,0,v.VoteTypeId,=,2#2082832
comments c,postHistory ph,votes v#ph.PostId=c.PostId,ph.PostId=v.PostId#c.Score,=,0,v.VoteTypeId,=,2#2082832
comments c,postHistory ph,votes v#ph.PostId=c.PostId,ph.PostId=v.PostId#ph.PostHistoryTypeId,=,2,v.BountyAmount,>=,0#5721
comments c,postHistory ph,votes v#ph.PostId=c.PostId,ph.PostId=v.PostId#c.Score,=,0,ph.PostHistoryTypeId,=,1#277836
comments c,postHistory ph,votes v#ph.PostId=c.PostId,ph.PostId=v.PostId#ph.PostHistoryTypeId,=,3,v.CreationDate,<=,1410393600#427239
comments c,postHistory ph,votes v#ph.PostId=c.PostId,ph.PostId=v.PostId#c.Score,=,0,ph.PostHistoryTypeId,=,5#967341
comments c,postHistory ph,votes v#ph.PostId=c.PostId,ph.PostId=v.PostId#c.Score,=,0,v.CreationDate,<=,1409788800#2768204
comments c,postHistory ph,votes v#ph.PostId=c.PostId,ph.PostId=v.PostId#c.Score,=,1,c.CreationDate,>=,1279605170#729061
comments c,postHistory ph,votes v#ph.PostId=c.PostId,ph.PostId=v.PostId#v.BountyAmount,>=,0,v.CreationDate,<=,1410480000#41747
comments c,postHistory ph,votes v#ph.PostId=c.PostId,ph.PostId=v.PostId#v.CreationDate,>=,1280361600,v.CreationDate,<=,1410134400#4205916
comments c,postHistory ph,votes v#ph.PostId=c.PostId,ph.PostId=v.PostId#c.CreationDate,<=,1409199575,ph.PostHistoryTypeId,=,1#423197
comments c,postHistory ph,votes v#ph.PostId=c.PostId,ph.PostId=v.PostId#ph.PostHistoryTypeId,=,1,v.BountyAmount,>=,0#3760
comments c,postHistory ph,votes v#ph.PostId=c.PostId,ph.PostId=v.PostId#v.BountyAmount,>=,0,v.CreationDate,=,1318896000#2
comments c,postHistory ph,votes v#ph.PostId=c.PostId,ph.PostId=v.PostId#v.VoteTypeId,=,2,v.CreationDate,>=,1279584000#3137611
comments c,postHistory ph,votes v#ph.PostId=c.PostId,ph.PostId=v.PostId#ph.CreationDate,>=,1280203102,v.VoteTypeId,=,2#3078456
comments c,postHistory ph,votes v#ph.PostId=c.PostId,ph.PostId=v.PostId#ph.PostHistoryTypeId,=,3,v.BountyAmount,>=,0#3760
comments c,postHistory ph,votes v#ph.PostId=c.PostId,ph.PostId=v.PostId#ph.PostHistoryTypeId,=,5,v.VoteTypeId,=,2#1113682
comments c,postHistory ph,votes v#ph.PostId=c.PostId,ph.PostId=v.PostId#c.Score,=,0,v.VoteTypeId,=,2#2082832
comments c,postHistory ph,votes v#ph.PostId=c.PostId,ph.PostId=v.PostId#ph.CreationDate,<=,1408130448,v.CreationDate,>=,1280188800#4155907
comments c,postHistory ph,votes v#ph.PostId=c.PostId,ph.PostId=v.PostId#ph.CreationDate,>=,1281203263,v.BountyAmount,>=,0#41890
comments c,postHistory ph,votes v#ph.PostId=c.PostId,ph.PostId=v.PostId#c.CreationDate,<=,1410517062,v.BountyAmount,>=,0#41901
comments c,postHistory ph,votes v#ph.PostId=c.PostId,ph.PostId=v.PostId#ph.PostHistoryTypeId,=,2,v.BountyAmount,<=,150#5442
comments c,postHistory ph,votes v#ph.PostId=c.PostId,ph.PostId=v.PostId#c.Score,=,0,ph.CreationDate,<=,1409747690#2771941
comments c,postHistory ph,votes v#ph.PostId=c.PostId,ph.PostId=v.PostId#c.CreationDate,<=,1410284376,ph.CreationDate,>=,1288001657#3864437
comments c,postHistory ph,votes v#ph.PostId=c.PostId,ph.PostId=v.PostId#ph.PostHistoryTypeId,=,3,v.VoteTypeId,=,5#97054
comments c,postHistory ph,votes v#ph.PostId=c.PostId,ph.PostId=v.PostId#ph.CreationDate,<=,1404885490,v.BountyAmount,>=,0#39415
comments c,postHistory ph,votes v#ph.PostId=c.PostId,ph.PostId=v.PostId#v.CreationDate,>=,1280102400,v.CreationDate,<=,1410220800#4222177
comments c,postHistory ph,votes v#ph.PostId=c.PostId,ph.PostId=v.PostId#ph.CreationDate,>=,1287066108,v.BountyAmount,>=,0#41376
comments c,postHistory ph,votes v#ph.PostId=c.PostId,ph.PostId=v.PostId#c.Score,=,0,ph.PostHistoryTypeId,=,2#591108
comments c,postHistory ph,votes v#ph.PostId=c.PostId,ph.PostId=v.PostId#c.Score,=,0,ph.CreationDate,>=,1300085647#2399218
comments c,postHistory ph,votes v#ph.PostId=c.PostId,ph.PostId=v.PostId#ph.PostHistoryTypeId,=,2,v.BountyAmount,>=,0#5721
comments c,postHistory ph,votes v#ph.PostId=c.PostId,ph.PostId=v.PostId#ph.CreationDate,>=,1282177904,ph.CreationDate,<=,1410302503#4049375
comments c,postHistory ph,votes v#ph.PostId=c.PostId,ph.PostId=v.PostId#ph.CreationDate,>=,1320775923,ph.CreationDate,<=,1406072685#2923862
comments c,postHistory ph,votes v#ph.PostId=c.PostId,ph.PostId=v.PostId#c.Score,=,0,c.CreationDate,<=,1410199190#2782399
comments c,postHistory ph,votes v#ph.PostId=c.PostId,ph.PostId=v.PostId#c.Score,=,0,ph.PostHistoryTypeId,=,4#155963
comments c,postHistory ph,votes v#ph.PostId=c.PostId,ph.PostId=v.PostId#ph.PostHistoryTypeId,=,5,v.BountyAmount,<=,50#8632
comments c,postHistory ph,votes v#ph.PostId=c.PostId,ph.PostId=v.PostId#ph.CreationDate,>=,1286641704,v.VoteTypeId,=,1#78399
comments c,postHistory ph,votes v#ph.PostId=c.PostId,ph.PostId=v.PostId#c.CreationDate,>=,1279616206,v.CreationDate,<=,1410220800#4216989
comments c,postHistory ph,votes v#ph.PostId=c.PostId,ph.PostId=v.PostId#c.Score,=,0,v.BountyAmount,<=,100#29491
comments c,postHistory ph,votes v#ph.PostId=c.PostId,ph.PostId=v.PostId#c.Score,=,0,v.BountyAmount,<=,150#30590
comments c,postHistory ph,votes v#ph.PostId=c.PostId,ph.PostId=v.PostId#ph.CreationDate,>=,1280310854,ph.CreationDate,<=,1407861110#4047862
comments c,postHistory ph,votes v#ph.PostId=c.PostId,ph.PostId=v.PostId#c.Score,=,0,ph.PostHistoryTypeId,=,3#277836
comments c,postHistory ph,votes v#ph.PostId=c.PostId,ph.PostId=v.PostId#c.Score,=,0,v.CreationDate,>=,1280275200#2779667
comments c,postHistory ph,votes v#ph.PostId=c.PostId,ph.PostId=v.PostId#ph.PostHistoryTypeId,=,5,v.VoteTypeId,=,2#1113682
comments c,postHistory ph,votes v#ph.PostId=c.PostId,ph.PostId=v.PostId#c.Score,=,0,v.VoteTypeId,=,2#2082832
comments c,postHistory ph,votes v#ph.PostId=c.PostId,ph.PostId=v.PostId#ph.CreationDate,>=,1301776922,v.CreationDate,>=,1279497600#3546372
comments c,postHistory ph,votes v#ph.PostId=c.PostId,ph.PostId=v.PostId#c.CreationDate,=,1290174920,v.CreationDate,<=,1410480000#3
comments c,postHistory ph,votes v#ph.PostId=c.PostId,ph.PostId=v.PostId#ph.CreationDate,>=,1284522706,ph.CreationDate,<=,1403660657#3806647
comments c,postHistory ph,votes v#ph.PostId=c.PostId,ph.PostId=v.PostId#c.Score,=,0,v.VoteTypeId,=,5#415651
comments c,postHistory ph,votes v#ph.PostId=c.PostId,ph.PostId=v.PostId#c.Score,=,0,v.BountyAmount,>=,0#32381
comments c,postHistory ph,votes v#ph.PostId=c.PostId,ph.PostId=v.PostId#ph.CreationDate,>=,1284022778,ph.CreationDate,<=,1406188799#3880056
comments c,postHistory ph,votes v#ph.PostId=c.PostId,ph.PostId=v.PostId#ph.PostHistoryTypeId,=,3,ph.CreationDate,<=,1410368535#427446
comments c,postHistory ph,votes v#ph.PostId=c.PostId,ph.PostId=v.PostId#c.CreationDate,>=,1280941378,v.VoteTypeId,=,2#3077582
comments c,postHistory ph,votes v#ph.PostId=c.PostId,ph.PostId=v.PostId#c.Score,=,1,v.VoteTypeId,=,2#533462
comments c,postHistory ph,votes v#ph.PostId=c.PostId,ph.PostId=v.PostId#ph.PostHistoryTypeId,=,2,ph.CreationDate,<=,1410442714#864687
comments c,postHistory ph,votes v#ph.PostId=c.PostId,ph.PostId=v.PostId#ph.PostHistoryTypeId,=,5,ph.CreationDate,>=,1284618865#1354710
comments c,postHistory ph,votes v#ph.PostId=c.PostId,ph.PostId=v.PostId#ph.PostHistoryTypeId,=,33,ph.CreationDate,>=,1282812335#45525
comments c,postHistory ph,votes v#ph.PostId=c.PostId,ph.PostId=v.PostId#ph.CreationDate,=,1279793728,v.CreationDate,>=,1279497600#18
comments c,postHistory ph,votes v#ph.PostId=c.PostId,ph.PostId=v.PostId#c.CreationDate,<=,1410578488,ph.CreationDate,>=,1295018006#3739456
comments c,postHistory ph,votes v#ph.PostId=c.PostId,ph.PostId=v.PostId#c.CreationDate,>=,1282571981,v.BountyAmount,<=,50#28243
comments c,postHistory ph,votes v#ph.PostId=c.PostId,ph.PostId=v.PostId#c.Score,=,0,v.VoteTypeId,=,2#2082832
comments c,postHistory ph,votes v#ph.PostId=c.PostId,ph.PostId=v.PostId#v.BountyAmount,>=,0,v.BountyAmount,<=,50#28377
comments c,postHistory ph,votes v#ph.PostId=c.PostId,ph.PostId=v.PostId#ph.CreationDate,>=,1285978965,v.BountyAmount,<=,50#27835
comments c,postHistory ph,votes v#ph.PostId=c.PostId,ph.PostId=v.PostId#c.Score,=,0,ph.CreationDate,<=,1407672701#2733521
comments c,postHistory ph,votes v#ph.PostId=c.PostId,ph.PostId=v.PostId#ph.PostHistoryTypeId,=,2,v.BountyAmount,>=,0#5721
comments c,postHistory ph,votes v#ph.PostId=c.PostId,ph.PostId=v.PostId#c.CreationDate,<=,1410160196,ph.CreationDate,<=,1410083757#4233421
comments c,postHistory ph,votes v#ph.PostId=c.PostId,ph.PostId=v.PostId#ph.CreationDate,<=,1410540875,v.VoteTypeId,=,2#3140537
comments c,postHistory ph,votes v#ph.PostId=c.PostId,ph.PostId=v.PostId#c.Score,=,0,c.CreationDate,>=,1280215110#2762247
comments c,postHistory ph,votes v#ph.PostId=c.PostId,ph.PostId=v.PostId#c.Score,=,0,v.VoteTypeId,=,2#2082832
comments c,postHistory ph,votes v#ph.PostId=c.PostId,ph.PostId=v.PostId#c.Score,=,0,ph.CreationDate,>=,1296012877#2488699
comments c,postHistory ph,votes v#ph.PostId=c.PostId,ph.PostId=v.PostId#ph.CreationDate,<=,1406820634,v.BountyAmount,<=,50#27543
comments c,postHistory ph,votes v#ph.PostId=c.PostId,ph.PostId=v.PostId#v.BountyAmount,>=,0,v.CreationDate,<=,1409788800#41290
comments c,postHistory ph,votes v#ph.PostId=c.PostId,ph.PostId=v.PostId#c.Score,=,1,v.VoteTypeId,=,5#131905
comments c,postHistory ph,votes v#ph.PostId=c.PostId,ph.PostId=v.PostId#c.CreationDate,<=,1410463137,v.VoteTypeId,=,2#3139622
comments c,postHistory ph,votes v#ph.PostId=c.PostId,ph.PostId=v.PostId#ph.PostHistoryTypeId,=,3,v.BountyAmount,>=,0#3760
comments c,postHistory ph,votes v#ph.PostId=c.PostId,ph.PostId=v.PostId#c.Score,=,0,v.CreationDate,<=,1409529600#2756367
comments c,postHistory ph,votes v#ph.PostId=c.PostId,ph.PostId=v.PostId#c.Score,=,0,c.CreationDate,>=,1281008628#2744888
comments c,postHistory ph,votes v#ph.PostId=c.PostId,ph.PostId=v.PostId#v.VoteTypeId,=,2,v.CreationDate,>=,1233532800#3142108
comments c,postHistory ph,votes v#ph.PostId=c.PostId,ph.PostId=v.PostId#ph.CreationDate,>=,1284444267,v.VoteTypeId,=,2#2963810
comments c,postHistory ph,votes v#ph.PostId=c.PostId,ph.PostId=v.PostId#ph.PostHistoryTypeId,=,2,v.BountyAmount,<=,50#4010
comments c,postHistory ph,votes v#ph.PostId=c.PostId,ph.PostId=v.PostId#c.Score,=,0,v.CreationDate,>=,1279497600#2792760
comments c,postHistory ph,votes v#ph.PostId=c.PostId,ph.PostId=v.PostId#ph.PostHistoryTypeId,=,2,v.BountyAmount,<=,0#7
comments c,postHistory ph,votes v#ph.PostId=c.PostId,ph.PostId=v.PostId#c.CreationDate,=,1364263135,ph.PostHistoryTypeId,=,2#24
comments c,postHistory ph,votes v#ph.PostId=c.PostId,ph.PostId=v.PostId#c.CreationDate,>=,1285836799,v.VoteTypeId,=,5#628441
comments c,postHistory ph,votes v#ph.PostId=c.PostId,ph.PostId=v.PostId#c.Score,=,1,v.VoteTypeId,=,5#131905
comments c,postHistory ph,votes v#ph.PostId=c.PostId,ph.PostId=v.PostId#c.Score,=,1,v.CreationDate,=,1383696000#391
comments c,postHistory ph,votes v#ph.PostId=c.PostId,ph.PostId=v.PostId#v.CreationDate,>=,1279497600,v.CreationDate,<=,1410480000#4253651
comments c,postHistory ph,votes v#ph.PostId=c.PostId,ph.PostId=v.PostId#ph.CreationDate,>=,1279649777,v.VoteTypeId,=,2#3106349
comments c,postHistory ph,votes v#ph.PostId=c.PostId,ph.PostId=v.PostId#ph.CreationDate,<=,1409961344,v.BountyAmount,=,0#9
comments c,postHistory ph,votes v#ph.PostId=c.PostId,ph.PostId=v.PostId#v.VoteTypeId,=,5,v.CreationDate,>=,1279584000#703674
comments c,postHistory ph,votes v#ph.PostId=c.PostId,ph.PostId=v.PostId#c.CreationDate,<=,1409687670,v.VoteTypeId,=,5#700394
comments c,postHistory ph,votes v#ph.PostId=c.PostId,ph.PostId=v.PostId#c.CreationDate,>=,1279587672,v.BountyAmount,<=,50#28377
comments c,postHistory ph,votes v#ph.PostId=c.PostId,ph.PostId=v.PostId#c.Score,=,4,c.CreationDate,>=,1281056248#75058
comments c,postHistory ph,votes v#ph.PostId=c.PostId,ph.PostId=v.PostId#ph.CreationDate,>=,1306899720,ph.CreationDate,<=,1401079643#3155989
comments c,postHistory ph,votes v#ph.PostId=c.PostId,ph.PostId=v.PostId#c.Score,=,0,ph.PostHistoryTypeId,=,1#277836
comments c,postHistory ph,votes v#ph.PostId=c.PostId,ph.PostId=v.PostId#c.Score,=,0,v.VoteTypeId,=,5#415651
comments c,postHistory ph,votes v#ph.PostId=c.PostId,ph.PostId=v.PostId#ph.CreationDate,>=,1281203318,v.CreationDate,>=,1279756800#4097083
comments c,postHistory ph,votes v#ph.PostId=c.PostId,ph.PostId=v.PostId#v.VoteTypeId,=,5,v.CreationDate,<=,1410566400#704487
comments c,posts p,postLinks pl,votes v#p.Id=c.PostId,c.PostId=pl.PostId,pl.PostId=v.PostId#p.ViewCount,>=,0,pl.LinkTypeId,=,1#277439
comments c,posts p,postLinks pl,votes v#p.Id=c.PostId,c.PostId=pl.PostId,pl.PostId=v.PostId#p.CommentCount,>=,0,p.FavoriteCount,>=,0#242031
comments c,posts p,postLinks pl,votes v#p.Id=c.PostId,c.PostId=pl.PostId,pl.PostId=v.PostId#c.CreationDate,<=,1410457867,p.CommentCount,<=,11#234035
comments c,posts p,postLinks pl,votes v#p.Id=c.PostId,c.PostId=pl.PostId,pl.PostId=v.PostId#pl.LinkTypeId,=,1,v.BountyAmount,>=,0#1741
comments c,posts p,postLinks pl,votes v#p.Id=c.PostId,c.PostId=pl.PostId,pl.PostId=v.PostId#p.CreationDate,>=,1279724481,pl.LinkTypeId,=,3#4659
comments c,posts p,postLinks pl,votes v#p.Id=c.PostId,c.PostId=pl.PostId,pl.PostId=v.PostId#p.CreationDate,<=,1410344636,pl.CreationDate,>=,1334583197#202115
comments c,posts p,postLinks pl,votes v#p.Id=c.PostId,c.PostId=pl.PostId,pl.PostId=v.PostId#c.Score,=,0,v.CreationDate,=,1398384000#191
comments c,posts p,postLinks pl,votes v#p.Id=c.PostId,c.PostId=pl.PostId,pl.PostId=v.PostId#c.Score,=,1,v.VoteTypeId,=,2#33854
comments c,posts p,postLinks pl,votes v#p.Id=c.PostId,c.PostId=pl.PostId,pl.PostId=v.PostId#p.PostTypeId,=,1,p.CreationDate,>=,1282749757#253627
comments c,posts p,postLinks pl,votes v#p.Id=c.PostId,c.PostId=pl.PostId,pl.PostId=v.PostId#p.PostTypeId,=,1,v.VoteTypeId,=,2#180941
comments c,posts p,postLinks pl,votes v#p.Id=c.PostId,c.PostId=pl.PostId,pl.PostId=v.PostId#c.Score,=,1,pl.CreationDate,>=,1305030059#47412
comments c,posts p,postLinks pl,votes v#p.Id=c.PostId,c.PostId=pl.PostId,pl.PostId=v.PostId#p.FavoriteCount,=,0,v.VoteTypeId,=,2#2345
comments c,posts p,postLinks pl,votes v#p.Id=c.PostId,c.PostId=pl.PostId,pl.PostId=v.PostId#p.ViewCount,>=,0,v.VoteTypeId,=,3#5204
comments c,posts p,postLinks pl,votes v#p.Id=c.PostId,c.PostId=pl.PostId,pl.PostId=v.PostId#p.AnswerCount,>=,0,v.BountyAmount,<=,50#1222
comments c,posts p,postLinks pl,votes v#p.Id=c.PostId,c.PostId=pl.PostId,pl.PostId=v.PostId#p.FavoriteCount,<=,2,pl.LinkTypeId,=,1#53218
comments c,posts p,postLinks pl,votes v#p.Id=c.PostId,c.PostId=pl.PostId,pl.PostId=v.PostId#c.CreationDate,>=,1279570768,v.BountyAmount,>=,0#1741
comments c,posts p,postLinks pl,votes v#p.Id=c.PostId,c.PostId=pl.PostId,pl.PostId=v.PostId#c.Score,=,0,p.ViewCount,>=,0#167172
comments c,posts p,postLinks pl,votes v#p.Id=c.PostId,c.PostId=pl.PostId,pl.PostId=v.PostId#pl.CreationDate,=,1399719428,v.CreationDate,>=,1279497600#18
comments c,posts p,postLinks pl,votes v#p.Id=c.PostId,c.PostId=pl.PostId,pl.PostId=v.PostId#c.CreationDate,>=,1280631279,v.CreationDate,>=,1280275200#273460
comments c,posts p,postLinks pl,votes v#p.Id=c.PostId,c.PostId=pl.PostId,pl.PostId=v.PostId#p.Score,<=,23,p.FavoriteCount,>=,0#138157
comments c,posts p,postLinks pl,votes v#p.Id=c.PostId,c.PostId=pl.PostId,pl.PostId=v.PostId#p.AnswerCount,>=,0,pl.CreationDate,>=,1285250453#278508
comments c,posts p,postLinks pl,votes v#p.Id=c.PostId,c.PostId=pl.PostId,pl.PostId=v.PostId#p.ViewCount,<=,3040,p.CommentCount,<=,8#115885
comments c,posts p,postLinks pl,votes v#p.Id=c.PostId,c.PostId=pl.PostId,pl.PostId=v.PostId#p.ViewCount,<=,4266,pl.CreationDate,<=,1406586503#174851
comments c,posts p,postLinks pl,votes v#p.Id=c.PostId,c.PostId=pl.PostId,pl.PostId=v.PostId#p.CreationDate,<=,1410304579,pl.LinkTypeId,=,1#277373
comments c,posts p,postLinks pl,votes v#p.Id=c.PostId,c.PostId=pl.PostId,pl.PostId=v.PostId#p.FavoriteCount,>=,0,v.CreationDate,<=,1410566400#242019
comments c,posts p,postLinks pl,votes v#p.Id=c.PostId,c.PostId=pl.PostId,pl.PostId=v.PostId#pl.CreationDate,>=,1321130011,pl.CreationDate,<=,1406755942#215519
comments c,posts p,postLinks pl,users u#p.Id=c.PostId,p.Id=pl.RelatedPostId,p.OwnerUserId=u.Id#p.ViewCount,<=,4949,pl.LinkTypeId,=,1#21947
comments c,posts p,postLinks pl,users u#p.Id=c.PostId,p.Id=pl.RelatedPostId,p.OwnerUserId=u.Id#p.Score,<=,20,pl.CreationDate,>=,1288111938#23492
comments c,posts p,postLinks pl,users u#p.Id=c.PostId,p.Id=pl.RelatedPostId,p.OwnerUserId=u.Id#p.PostTypeId,=,2,u.UpVotes,=,0#1
comments c,posts p,postLinks pl,users u#p.Id=c.PostId,p.Id=pl.RelatedPostId,p.OwnerUserId=u.Id#u.CreationDate,>=,1280173568,u.CreationDate,<=,1408404725#28862
comments c,posts p,postLinks pl,users u#p.Id=c.PostId,p.Id=pl.RelatedPostId,p.OwnerUserId=u.Id#pl.LinkTypeId,=,3,u.Views,>=,0#2847
comments c,posts p,postLinks pl,users u#p.Id=c.PostId,p.Id=pl.RelatedPostId,p.OwnerUserId=u.Id#p.Score,=,4,pl.LinkTypeId,=,1#1871
comments c,posts p,postLinks pl,users u#p.Id=c.PostId,p.Id=pl.RelatedPostId,p.OwnerUserId=u.Id#p.PostTypeId,=,2,u.CreationDate,>=,1280409627#13
comments c,posts p,postLinks pl,users u#p.Id=c.PostId,p.Id=pl.RelatedPostId,p.OwnerUserId=u.Id#p.PostTypeId,=,2,u.UpVotes,<=,17#1
comments c,posts p,postLinks pl,users u#p.Id=c.PostId,p.Id=pl.RelatedPostId,p.OwnerUserId=u.Id#u.Views,<=,111,u.DownVotes,<=,2#22014
comments c,posts p,postLinks pl,users u#p.Id=c.PostId,p.Id=pl.RelatedPostId,p.OwnerUserId=u.Id#c.Score,=,0,pl.CreationDate,>=,1323957390#18048
comments c,posts p,postLinks pl,users u#p.Id=c.PostId,p.Id=pl.RelatedPostId,p.OwnerUserId=u.Id#p.Score,<=,28,u.Reputation,<=,2594#23021
comments c,posts p,postLinks pl,users u#p.Id=c.PostId,p.Id=pl.RelatedPostId,p.OwnerUserId=u.Id#c.Score,=,7,pl.LinkTypeId,=,1#212
comments c,posts p,postLinks pl,users u#p.Id=c.PostId,p.Id=pl.RelatedPostId,p.OwnerUserId=u.Id#c.Score,=,1,p.CreationDate,>=,1279725201#5741
comments c,posts p,postLinks pl,users u#p.Id=c.PostId,p.Id=pl.RelatedPostId,p.OwnerUserId=u.Id#p.FavoriteCount,>=,0,u.Reputation,=,56#84
comments c,posts p,postLinks pl,users u#p.Id=c.PostId,p.Id=pl.RelatedPostId,p.OwnerUserId=u.Id#p.CommentCount,<=,10,pl.LinkTypeId,=,1#25703
comments c,posts p,postLinks pl,users u#p.Id=c.PostId,p.Id=pl.RelatedPostId,p.OwnerUserId=u.Id#u.Views,<=,6,u.UpVotes,>=,0#5642
comments c,posts p,postLinks pl,users u#p.Id=c.PostId,p.Id=pl.RelatedPostId,p.OwnerUserId=u.Id#p.ViewCount,<=,2799,u.DownVotes,>=,0#20153
comments c,posts p,postLinks pl,users u#p.Id=c.PostId,p.Id=pl.RelatedPostId,p.OwnerUserId=u.Id#p.Score,>=,-1,p.CreationDate,>=,1280002520#31149
comments c,posts p,votes v,users u#u.Id=c.UserId,u.Id=p.OwnerUserId,u.Id=v.UserId#p.AnswerCount,>=,0,p.FavoriteCount,<=,10#79571034
comments c,posts p,votes v,users u#u.Id=c.UserId,u.Id=p.OwnerUserId,u.Id=v.UserId#p.ViewCount,<=,4937,v.BountyAmount,>=,0#6811967
comments c,posts p,votes v,users u#u.Id=c.UserId,u.Id=p.OwnerUserId,u.Id=v.UserId#p.CreationDate,<=,1410542697,u.Reputation,=,1#297
comments c,posts p,votes v,users u#u.Id=c.UserId,u.Id=p.OwnerUserId,u.Id=v.UserId#p.ViewCount,<=,3119,u.UpVotes,<=,13#309810
comments c,posts p,votes v,users u#u.Id=c.UserId,u.Id=p.OwnerUserId,u.Id=v.UserId#p.ViewCount,<=,91848,u.Views,<=,222#10043396
comments c,posts p,votes v,users u#u.Id=c.UserId,u.Id=p.OwnerUserId,u.Id=v.UserId#v.BountyAmount,>=,0,v.BountyAmount,<=,100#527638651
comments c,posts p,votes v,users u#u.Id=c.UserId,u.Id=p.OwnerUserId,u.Id=v.UserId#p.Score,<=,27,v.BountyAmount,<=,100#522827528
comments c,posts p,votes v,users u#u.Id=c.UserId,u.Id=p.OwnerUserId,u.Id=v.UserId#p.PostTypeId,=,2,u.Reputation,<=,661#1925265
comments c,posts p,votes v,users u#u.Id=c.UserId,u.Id=p.OwnerUserId,u.Id=v.UserId#p.Score,<=,47,v.CreationDate,=,1340236800#179916
comments c,posts p,votes v,users u#u.Id=c.UserId,u.Id=p.OwnerUserId,u.Id=v.UserId#p.FavoriteCount,<=,6,p.CreationDate,<=,1410554692#71589593
comments c,posts p,votes v,users u#u.Id=c.UserId,u.Id=p.OwnerUserId,u.Id=v.UserId#c.CreationDate,>=,1282344456,v.CreationDate,<=,1410393600#11381832707
comments c,posts p,votes v,users u#u.Id=c.UserId,u.Id=p.OwnerUserId,u.Id=v.UserId#p.CommentCount,<=,16,v.CreationDate,<=,1410307200#11324471120
comments c,posts p,votes v,users u#p.Id=c.PostId,p.Id=v.PostId,u.Id=p.OwnerUserId#c.Score,=,2,p.Score,<=,28#43690
comments c,posts p,votes v,users u#p.Id=c.PostId,p.Id=v.PostId,u.Id=p.OwnerUserId#v.BountyAmount,>=,0,u.Reputation,>=,1#5649
comments c,posts p,votes v,users u#p.Id=c.PostId,p.Id=v.PostId,u.Id=p.OwnerUserId#p.ViewCount,>=,0,v.VoteTypeId,=,2#291048
comments c,posts p,votes v,users u#p.Id=c.PostId,p.Id=v.PostId,u.Id=p.OwnerUserId#p.ViewCount,>=,0,v.BountyAmount,<=,100#3378
comments c,posts p,votes v,users u#p.Id=c.PostId,p.Id=v.PostId,u.Id=p.OwnerUserId#p.CreationDate,>=,1281715880,u.CreationDate,<=,1410209681#801151
comments c,posts p,votes v,users u#p.Id=c.PostId,p.Id=v.PostId,u.Id=p.OwnerUserId#p.ViewCount,>=,0,p.ViewCount,<=,6692#354432
comments c,posts p,votes v,users u#p.Id=c.PostId,p.Id=v.PostId,u.Id=p.OwnerUserId#p.CreationDate,>=,1280874211,u.CreationDate,>=,1281721817#635757
comments c,posts p,votes v,users u#p.Id=c.PostId,p.Id=v.PostId,u.Id=p.OwnerUserId#p.PostTypeId,=,1,p.CreationDate,<=,1410467395#420303
comments c,posts p,votes v,users u#p.Id=c.PostId,p.Id=v.PostId,u.Id=p.OwnerUserId#p.ViewCount,<=,3536,u.CreationDate,>=,1280217944#307634
votes v,posts p,badges b,users u#p.Id=v.PostId,u.Id=p.OwnerUserId,u.Id=b.UserId#p.PostTypeId,=,2,u.UpVotes,<=,3#58422
votes v,posts p,badges b,users u#p.Id=v.PostId,u.Id=p.OwnerUserId,u.Id=b.UserId#v.VoteTypeId,=,5,p.CommentCount,<=,10#949118
votes v,posts p,badges b,users u#p.Id=v.PostId,u.Id=p.OwnerUserId,u.Id=b.UserId#v.VoteTypeId,=,2,p.CreationDate,>=,1279571108#16510611
votes v,posts p,badges b,users u#p.Id=v.PostId,u.Id=p.OwnerUserId,u.Id=b.UserId#u.Reputation,>=,1,u.Views,=,2#22098
votes v,posts p,badges b,users u#p.Id=v.PostId,u.Id=p.OwnerUserId,u.Id=b.UserId#v.CreationDate,<=,1410566400,u.CreationDate,>=,1283516641#6928278
votes v,posts p,badges b,users u#p.Id=v.PostId,u.Id=p.OwnerUserId,u.Id=b.UserId#p.PostTypeId,=,1,u.Views,=,0#14944
votes v,posts p,badges b,users u#p.Id=v.PostId,u.Id=p.OwnerUserId,u.Id=b.UserId#p.ViewCount,>=,0,u.UpVotes,<=,15#540163
votes v,posts p,badges b,users u#p.Id=v.PostId,u.Id=p.OwnerUserId,u.Id=b.UserId#p.Score,<=,25,u.UpVotes,=,0#119845
votes v,posts p,badges b,users u#p.Id=v.PostId,u.Id=p.OwnerUserId,u.Id=b.UserId#p.CreationDate,>=,1282739139,p.CreationDate,<=,1410207369#17816745
votes v,posts p,badges b,users u#p.Id=v.PostId,u.Id=p.OwnerUserId,u.Id=b.UserId#v.BountyAmount,<=,0,u.Views,<=,2722#185
votes v,posts p,badges b,users u#p.Id=v.PostId,u.Id=p.OwnerUserId,u.Id=b.UserId#v.BountyAmount,>=,0,u.DownVotes,=,0#8146
votes v,posts p,badges b,users u#p.Id=v.PostId,u.Id=p.OwnerUserId,u.Id=b.UserId#p.Score,<=,35,u.Reputation,<=,6524#4053644
votes v,posts p,badges b,users u#p.Id=v.PostId,u.Id=p.OwnerUserId,u.Id=b.UserId#u.DownVotes,>=,0,u.DownVotes,<=,5#3702616
votes v,posts p,badges b,users u#p.Id=v.PostId,u.Id=p.OwnerUserId,u.Id=b.UserId#v.BountyAmount,=,0,p.Score,<=,55#185
votes v,posts p,badges b,users u#p.Id=v.PostId,u.Id=p.OwnerUserId,u.Id=b.UserId#p.PostTypeId,=,2,u.Reputation,=,101#1351
votes v,posts p,badges b,users u#p.Id=v.PostId,u.Id=p.OwnerUserId,u.Id=b.UserId#v.VoteTypeId,=,2,p.PostTypeId,=,2#14273005
votes v,posts p,badges b,users u#p.Id=v.PostId,u.Id=p.OwnerUserId,u.Id=b.UserId#v.CreationDate,<=,1410480000,b.Date,<=,1409224641#18947644
votes v,posts p,badges b,users u#u.Id=v.UserId,u.Id=p.OwnerUserId,u.Id=b.UserId#p.PostTypeId,=,2,u.Views,>=,0#477607543
votes v,posts p,badges b,users u#u.Id=v.UserId,u.Id=p.OwnerUserId,u.Id=b.UserId#p.Score,>=,0,p.Score,<=,11#496239388
votes v,posts p,badges b,users u#u.Id=v.UserId,u.Id=p.OwnerUserId,u.Id=b.UserId#p.Score,=,3,u.Reputation,>=,1#73726183
votes v,posts p,badges b,users u#u.Id=v.UserId,u.Id=p.OwnerUserId,u.Id=b.UserId#v.BountyAmount,>=,0,p.FavoriteCount,=,0#14828
votes v,posts p,badges b,users u#u.Id=v.UserId,u.Id=p.OwnerUserId,u.Id=b.UserId#p.Score,>=,-6,u.UpVotes,>=,0#534999376
votes v,posts p,badges b,users u#u.Id=v.UserId,u.Id=p.OwnerUserId,u.Id=b.UserId#u.Reputation,>=,1,u.UpVotes,<=,26#670631
votes v,posts p,badges b,users u#u.Id=v.UserId,u.Id=p.OwnerUserId,u.Id=b.UserId#p.PostTypeId,=,1,p.CreationDate,>=,1280061383#22506394
votes v,posts p,badges b,users u#u.Id=v.UserId,u.Id=p.OwnerUserId,u.Id=b.UserId#u.Reputation,<=,1775,u.CreationDate,<=,1409601218#9144921
votes v,posts p,badges b,users u#u.Id=v.UserId,u.Id=p.OwnerUserId,u.Id=b.UserId#p.ViewCount,<=,23465,p.CommentCount,<=,11#22357501
votes v,posts p,badges b,users u#u.Id=v.UserId,u.Id=p.OwnerUserId,u.Id=b.UserId#p.Score,=,1,p.CommentCount,<=,12#90385959
votes v,posts p,badges b,users u#u.Id=v.UserId,u.Id=p.OwnerUserId,u.Id=b.UserId#p.PostTypeId,=,1,u.UpVotes,<=,296#3912700
votes v,posts p,badges b,users u#u.Id=v.UserId,u.Id=p.OwnerUserId,u.Id=b.UserId#p.PostTypeId,=,1,u.Views,>=,0#22674653
votes v,posts p,badges b,users u#u.Id=v.UserId,u.Id=p.OwnerUserId,u.Id=b.UserId#p.CommentCount,=,1,u.Views,<=,336#1735316
comments c,postHistory ph,votes v,users u#u.Id=v.UserId,v.UserId=ph.UserId,ph.UserId=c.UserId#u.Reputation,<=,909,u.CreationDate,>=,1305821959#25385287
comments c,postHistory ph,votes v,users u#u.Id=v.UserId,v.UserId=ph.UserId,ph.UserId=c.UserId#c.Score,=,0,c.CreationDate,>=,1285007106#37673523998
comments c,postHistory ph,votes v,users u#u.Id=v.UserId,v.UserId=ph.UserId,ph.UserId=c.UserId#c.CreationDate,>=,1286573494,u.Reputation,>=,1#57024700403
comments c,postHistory ph,votes v,users u#u.Id=v.UserId,v.UserId=ph.UserId,ph.UserId=c.UserId#c.CreationDate,<=,1409840882,ph.PostHistoryTypeId,=,5#29698031264
comments c,postHistory ph,votes v,users u#u.Id=v.UserId,v.UserId=ph.UserId,ph.UserId=c.UserId#c.Score,=,0,v.BountyAmount,>=,0#1791181719
comments c,postHistory ph,votes v,users u#u.Id=v.UserId,v.UserId=ph.UserId,ph.UserId=c.UserId#v.BountyAmount,<=,50,u.UpVotes,<=,81#2360257
comments c,postHistory ph,votes v,users u#u.Id=v.UserId,v.UserId=ph.UserId,ph.UserId=c.UserId#ph.PostHistoryTypeId,=,2,v.BountyAmount,>=,0#556103167
comments c,postHistory ph,votes v,users u#u.Id=v.UserId,v.UserId=ph.UserId,ph.UserId=c.UserId#ph.PostHistoryTypeId,=,3,u.DownVotes,=,0#14416382
comments c,postHistory ph,votes v,users u#u.Id=v.UserId,v.UserId=ph.UserId,ph.UserId=c.UserId#u.Views,<=,14,u.UpVotes,<=,128#806457
comments c,postHistory ph,votes v,users u#u.Id=v.UserId,v.UserId=ph.UserId,ph.UserId=c.UserId#v.CreationDate,>=,1279929600,v.CreationDate,<=,1410480000#58034181069
comments c,postHistory ph,votes v,users u#u.Id=v.UserId,v.UserId=ph.UserId,ph.UserId=c.UserId#c.Score,=,0,v.BountyAmount,<=,100#1634739049
comments c,postHistory ph,votes v,users u#u.Id=v.UserId,v.UserId=ph.UserId,ph.UserId=c.UserId#c.Score,=,0,u.DownVotes,>=,0#38094623013
comments c,postHistory ph,votes v,users u#u.Id=v.UserId,v.UserId=ph.UserId,ph.UserId=c.UserId#v.BountyAmount,>=,0,u.UpVotes,<=,2156#63984325
comments c,postHistory ph,votes v,users u#u.Id=v.UserId,v.UserId=ph.UserId,ph.UserId=c.UserId#c.CreationDate,>=,1280247117,u.UpVotes,<=,8#890759
comments c,postHistory ph,votes v,users u#u.Id=v.UserId,v.UserId=ph.UserId,ph.UserId=c.UserId#v.BountyAmount,>=,0,u.CreationDate,>=,1294206736#178883400
comments c,postHistory ph,votes v,users u#u.Id=v.UserId,v.UserId=ph.UserId,ph.UserId=c.UserId#c.CreationDate,>=,1280323205,c.CreationDate,<=,1410124773#57480749946
comments c,postHistory ph,votes v,users u#u.Id=v.UserId,v.UserId=ph.UserId,ph.UserId=c.UserId#c.Score,=,0,u.Reputation,>=,1#38094623013
comments c,postHistory ph,votes v,users u#u.Id=v.UserId,v.UserId=ph.UserId,ph.UserId=c.UserId#v.CreationDate,>=,1279497600,u.Reputation,=,1#1092
comments c,postHistory ph,votes v,users u#u.Id=v.UserId,v.UserId=ph.UserId,ph.UserId=c.UserId#v.CreationDate,>=,1279843200,v.CreationDate,<=,1409961600#57780469611
comments c,postHistory ph,votes v,users u#u.Id=v.UserId,v.UserId=ph.UserId,ph.UserId=c.UserId#c.Score,=,0,v.BountyAmount,>=,0#1791181719
comments c,postHistory ph,votes v,users u#u.Id=v.UserId,v.UserId=ph.UserId,ph.UserId=c.UserId#ph.PostHistoryTypeId,=,5,u.UpVotes,=,1#4346
comments c,postHistory ph,votes v,users u#u.Id=v.UserId,v.UserId=ph.UserId,ph.UserId=c.UserId#c.CreationDate,>=,1281057420,u.DownVotes,>=,0#57950250416
comments c,postHistory ph,votes v,users u#u.Id=v.UserId,v.UserId=ph.UserId,ph.UserId=c.UserId#c.Score,=,0,ph.PostHistoryTypeId,=,5#20031161869
comments c,postHistory ph,votes v,users u#u.Id=v.UserId,v.UserId=ph.UserId,ph.UserId=c.UserId#ph.CreationDate,<=,1406209870,u.DownVotes,<=,3#106274930
comments c,postHistory ph,votes v,users u#u.Id=v.UserId,v.UserId=ph.UserId,ph.UserId=c.UserId#ph.CreationDate,<=,1410301963,u.UpVotes,>=,0#57748594194
comments c,postHistory ph,votes v,users u#u.Id=v.UserId,v.UserId=ph.UserId,ph.UserId=c.UserId#c.CreationDate,>=,1280970889,c.CreationDate,<=,1408548466#55925794975
comments c,postHistory ph,votes v,users u#u.Id=v.UserId,v.UserId=ph.UserId,ph.UserId=c.UserId#ph.CreationDate,>=,1279588637,u.CreationDate,<=,1408936270#58055229541
comments c,postHistory ph,votes v,users u#u.Id=v.UserId,v.UserId=ph.UserId,ph.UserId=c.UserId#ph.CreationDate,>=,1280153679,ph.CreationDate,<=,1402931107#51015870115
comments c,postHistory ph,votes v,users u#u.Id=v.UserId,v.UserId=ph.UserId,ph.UserId=c.UserId#ph.CreationDate,<=,1410012856,u.Views,>=,0#57489760339
comments c,postHistory ph,votes v,users u#u.Id=v.UserId,v.UserId=ph.UserId,ph.UserId=c.UserId#c.Score,=,0,c.CreationDate,>=,1280290946#38059297696
comments c,postHistory ph,votes v,users u#u.Id=v.UserId,v.UserId=ph.UserId,ph.UserId=c.UserId#ph.PostHistoryTypeId,=,2,u.UpVotes,>=,0#10857914413
comments c,postHistory ph,votes v,users u#u.Id=v.UserId,v.UserId=ph.UserId,ph.UserId=c.UserId#u.Reputation,<=,327,u.Views,=,0#9594
comments c,postHistory ph,votes v,users u#u.Id=v.UserId,v.UserId=ph.UserId,ph.UserId=c.UserId#v.CreationDate,<=,1410566400,u.CreationDate,>=,1282059173#10662790444
comments c,postHistory ph,votes v,users u#u.Id=v.UserId,v.UserId=ph.UserId,ph.UserId=c.UserId#c.Score,=,0,u.DownVotes,=,0#60098890
comments c,postHistory ph,votes v,users u#u.Id=v.UserId,v.UserId=ph.UserId,ph.UserId=c.UserId#c.CreationDate,>=,1280175774,ph.PostHistoryTypeId,=,2#10855056382
comments c,postHistory ph,votes v,users u#u.Id=v.UserId,v.UserId=ph.UserId,ph.UserId=c.UserId#c.Score,=,0,v.BountyAmount,<=,100#1634739049
comments c,postHistory ph,votes v,users u#u.Id=v.UserId,v.UserId=ph.UserId,ph.UserId=c.UserId#u.Views,=,0,u.DownVotes,>=,0#9594
comments c,postHistory ph,votes v,users u#u.Id=v.UserId,v.UserId=ph.UserId,ph.UserId=c.UserId#ph.PostHistoryTypeId,=,3,u.DownVotes,>=,0#131308723
comments c,postHistory ph,votes v,users u#u.Id=v.UserId,v.UserId=ph.UserId,ph.UserId=c.UserId#c.Score,=,0,v.BountyAmount,<=,50#1281485852
comments c,postHistory ph,votes v,users u#u.Id=v.UserId,v.UserId=ph.UserId,ph.UserId=c.UserId#u.UpVotes,>=,0,u.UpVotes,<=,123#40709941
comments c,postHistory ph,votes v,users u#u.Id=v.UserId,v.UserId=ph.UserId,ph.UserId=c.UserId#c.Score,=,0,v.CreationDate,>=,1279497600#38094623013
comments c,postHistory ph,votes v,users u#u.Id=v.UserId,v.UserId=ph.UserId,ph.UserId=c.UserId#c.Score,=,1,v.BountyAmount,>=,0#589371720
comments c,postHistory ph,votes v,users u#u.Id=v.UserId,v.UserId=ph.UserId,ph.UserId=c.UserId#v.BountyAmount,<=,50,u.UpVotes,<=,26#920512
comments c,postHistory ph,votes v,users u#u.Id=v.UserId,v.UserId=ph.UserId,ph.UserId=c.UserId#v.BountyAmount,<=,100,u.Reputation,<=,226#489608
comments c,postHistory ph,votes v,users u#u.Id=v.UserId,v.UserId=ph.UserId,ph.UserId=c.UserId#v.CreationDate,<=,1410393600,u.CreationDate,<=,1408693666#58056365257
comments c,postHistory ph,votes v,users u#u.Id=v.UserId,v.UserId=ph.UserId,ph.UserId=c.UserId#v.BountyAmount,>=,0,u.Reputation,=,44#104
comments c,postHistory ph,votes v,users u#u.Id=v.UserId,v.UserId=ph.UserId,ph.UserId=c.UserId#u.DownVotes,>=,0,u.UpVotes,>=,0#58056617928
comments c,postHistory ph,votes v,users u#u.Id=v.UserId,v.UserId=ph.UserId,ph.UserId=c.UserId#ph.PostHistoryTypeId,=,6,u.Views,>=,0#7171180176
comments c,postHistory ph,votes v,users u#u.Id=v.UserId,v.UserId=ph.UserId,ph.UserId=c.UserId#c.CreationDate,<=,1410438636,ph.CreationDate,>=,1301713520#55314817957
comments c,postHistory ph,votes v,users u#u.Id=v.UserId,v.UserId=ph.UserId,ph.UserId=c.UserId#ph.PostHistoryTypeId,=,2,u.Views,<=,44#1970868
comments c,postHistory ph,votes v,users u#u.Id=v.UserId,v.UserId=ph.UserId,ph.UserId=c.UserId#ph.CreationDate,>=,1280925132,u.CreationDate,>=,1281392082#26041988621
comments c,postHistory ph,votes v,users u#u.Id=v.UserId,v.UserId=ph.UserId,ph.UserId=c.UserId#c.CreationDate,>=,1233609046,v.CreationDate,<=,1410048000#57802889426
comments c,postHistory ph,votes v,users u#u.Id=v.UserId,v.UserId=ph.UserId,ph.UserId=c.UserId#v.CreationDate,>=,1279584000,u.Views,>=,0#58056546091
comments c,postHistory ph,votes v,users u#u.Id=v.UserId,v.UserId=ph.UserId,ph.UserId=c.UserId#ph.PostHistoryTypeId,=,2,ph.CreationDate,>=,1292477107#10281455821
comments c,postHistory ph,votes v,users u#u.Id=v.UserId,v.UserId=ph.UserId,ph.UserId=c.UserId#u.Views,>=,0,u.Views,<=,15#916272
comments c,postHistory ph,votes v,users u#u.Id=v.UserId,v.UserId=ph.UserId,ph.UserId=c.UserId#v.CreationDate,>=,1279670400,u.Views,<=,92#24498804
comments c,postHistory ph,votes v,users u#u.Id=v.UserId,v.UserId=ph.UserId,ph.UserId=c.UserId#u.Reputation,>=,1,u.CreationDate,>=,1288997490#10558699251
comments c,postHistory ph,votes v,users u#u.Id=v.UserId,v.UserId=ph.UserId,ph.UserId=c.UserId#u.UpVotes,>=,0,u.UpVotes,<=,56#14478937
comments c,postHistory ph,votes v,users u#u.Id=v.UserId,v.UserId=ph.UserId,ph.UserId=c.UserId#c.Score,=,0,u.Views,>=,0#38094623013
comments c,postHistory ph,votes v,users u#u.Id=v.UserId,v.UserId=ph.UserId,ph.UserId=c.UserId#ph.PostHistoryTypeId,=,2,u.UpVotes,<=,11#436943
comments c,postHistory ph,votes v,users u#u.Id=v.UserId,v.UserId=ph.UserId,ph.UserId=c.UserId#c.Score,=,1,ph.CreationDate,>=,1290604451#12072781803
comments c,postHistory ph,votes v,users u#u.Id=v.UserId,v.UserId=ph.UserId,ph.UserId=c.UserId#v.VoteTypeId,=,5,u.Views,>=,0#55317719093
comments c,postHistory ph,votes v,users u#u.Id=v.UserId,v.UserId=ph.UserId,ph.UserId=c.UserId#ph.PostHistoryTypeId,=,1,u.UpVotes,<=,88#4556588
comments c,postHistory ph,votes v,users u#u.Id=v.UserId,v.UserId=ph.UserId,ph.UserId=c.UserId#v.BountyAmount,>=,0,u.Views,>=,0#2738898835
comments c,postHistory ph,votes v,users u#u.Id=v.UserId,v.UserId=ph.UserId,ph.UserId=c.UserId#u.Reputation,<=,1460,u.Views,<=,49#7024673
comments c,postHistory ph,votes v,users u#u.Id=v.UserId,v.UserId=ph.UserId,ph.UserId=c.UserId#c.Score,=,0,c.CreationDate,>=,1279566952#38094622831
comments c,postHistory ph,votes v,users u#u.Id=v.UserId,v.UserId=ph.UserId,ph.UserId=c.UserId#u.Views,<=,39,u.UpVotes,<=,326#5408670
comments c,postHistory ph,votes v,users u#u.Id=v.UserId,v.UserId=ph.UserId,ph.UserId=c.UserId#ph.CreationDate,<=,1406545183,u.DownVotes,<=,19#364510294
comments c,postHistory ph,votes v,users u#u.Id=v.UserId,v.UserId=ph.UserId,ph.UserId=c.UserId#u.UpVotes,>=,0,u.UpVotes,<=,34#6688078
comments c,postHistory ph,votes v,users u#u.Id=v.UserId,v.UserId=ph.UserId,ph.UserId=c.UserId#u.Reputation,>=,1,u.Reputation,<=,362#11767542
comments c,postHistory ph,votes v,users u#u.Id=v.UserId,v.UserId=ph.UserId,ph.UserId=c.UserId#c.Score,=,0,v.BountyAmount,>=,0#1791181719
comments c,postHistory ph,votes v,users u#u.Id=v.UserId,v.UserId=ph.UserId,ph.UserId=c.UserId#ph.PostHistoryTypeId,=,1,u.DownVotes,=,0#14416382
comments c,postHistory ph,votes v,users u#u.Id=v.UserId,v.UserId=ph.UserId,ph.UserId=c.UserId#v.VoteTypeId,=,5,u.UpVotes,>=,0#55317719093
comments c,postHistory ph,votes v,users u#u.Id=v.UserId,v.UserId=ph.UserId,ph.UserId=c.UserId#c.Score,=,3,u.Views,>=,0#1708602000
comments c,postHistory ph,votes v,users u#u.Id=v.UserId,v.UserId=ph.UserId,ph.UserId=c.UserId#u.Reputation,=,21,u.Views,>=,0#2632
comments c,postHistory ph,votes v,users u#u.Id=v.UserId,v.UserId=ph.UserId,ph.UserId=c.UserId#c.Score,=,1,c.CreationDate,<=,1410457867#12318502128
comments c,postHistory ph,votes v,users u#u.Id=v.UserId,v.UserId=ph.UserId,ph.UserId=c.UserId#c.CreationDate,>=,1280552073,ph.CreationDate,>=,1279622626#57978872034
comments c,postHistory ph,votes v,users u#u.Id=v.UserId,v.UserId=ph.UserId,ph.UserId=c.UserId#c.CreationDate,>=,1279905222,ph.CreationDate,<=,1408059282#55562050149
comments c,postHistory ph,votes v,users u#u.Id=v.UserId,v.UserId=ph.UserId,ph.UserId=c.UserId#u.Reputation,<=,549,u.Views,>=,0#20231713
comments c,postHistory ph,votes v,users u#u.Id=v.UserId,v.UserId=ph.UserId,ph.UserId=c.UserId#ph.PostHistoryTypeId,=,5,v.BountyAmount,>=,0#1402798819
comments c,postHistory ph,votes v,users u#u.Id=v.UserId,v.UserId=ph.UserId,ph.UserId=c.UserId#ph.PostHistoryTypeId,=,3,u.Reputation,<=,611#4675215
comments c,postHistory ph,votes v,users u#u.Id=v.UserId,v.UserId=ph.UserId,ph.UserId=c.UserId#v.BountyAmount,>=,0,u.DownVotes,>=,0#2738898835
comments c,postHistory ph,votes v,users u#u.Id=v.UserId,v.UserId=ph.UserId,ph.UserId=c.UserId#ph.CreationDate,<=,1410547280,u.DownVotes,=,0#64307226
comments c,votes v,badges b,users u#u.Id=c.UserId,u.Id=v.UserId,u.Id=b.UserId#c.Score,=,0,c.CreationDate,>=,1279727424#1841326736
comments c,votes v,badges b,users u#u.Id=c.UserId,u.Id=v.UserId,u.Id=b.UserId#u.UpVotes,<=,34,u.CreationDate,<=,1409061147#1276352
comments c,votes v,badges b,users u#u.Id=c.UserId,u.Id=v.UserId,u.Id=b.UserId#c.Score,=,0,u.Views,=,1#7710
comments c,votes v,badges b,users u#u.Id=c.UserId,u.Id=v.UserId,u.Id=b.UserId#c.CreationDate,>=,1239522559,v.CreationDate,=,1406505600#23854
comments c,votes v,badges b,users u#u.Id=c.UserId,u.Id=v.UserId,u.Id=b.UserId#v.CreationDate,<=,1410480000,u.Reputation,<=,186#670069
comments c,votes v,badges b,users u#u.Id=c.UserId,u.Id=v.UserId,u.Id=b.UserId#c.Score,=,0,v.BountyAmount,<=,100#82968051
comments c,votes v,badges b,users u#u.Id=c.UserId,u.Id=v.UserId,u.Id=b.UserId#u.Reputation,<=,10476,u.DownVotes,>=,0#97405664
comments c,votes v,badges b,users u#u.Id=c.UserId,u.Id=v.UserId,u.Id=b.UserId#v.BountyAmount,<=,50,u.UpVotes,<=,2#14168
comments c,votes v,badges b,users u#u.Id=c.UserId,u.Id=v.UserId,u.Id=b.UserId#v.CreationDate,<=,1410220800,u.UpVotes,<=,13#397966
comments c,votes v,badges b,users u#u.Id=c.UserId,u.Id=v.UserId,u.Id=b.UserId#c.Score,=,0,b.Date,<=,1409541417#1789879983
comments c,votes v,badges b,users u#u.Id=c.UserId,u.Id=v.UserId,u.Id=b.UserId#u.CreationDate,>=,1281036258,u.CreationDate,<=,1410294375#2743028573
comments c,votes v,badges b,users u#u.Id=c.UserId,u.Id=v.UserId,u.Id=b.UserId#v.CreationDate,>=,1279584000,u.Reputation,>=,1#2810008853
comments c,votes v,badges b,users u#u.Id=c.UserId,u.Id=v.UserId,u.Id=b.UserId#c.CreationDate,>=,1284235591,u.UpVotes,>=,0#2786242353
comments c,votes v,badges b,users u#u.Id=c.UserId,u.Id=v.UserId,u.Id=b.UserId#u.DownVotes,>=,0,u.DownVotes,<=,0#6793760
comments c,votes v,badges b,users u#u.Id=c.UserId,u.Id=v.UserId,u.Id=b.UserId#u.Views,>=,0,u.UpVotes,>=,0#2810041173
comments c,votes v,badges b,users u#u.Id=c.UserId,u.Id=v.UserId,u.Id=b.UserId#c.CreationDate,>=,1283914312,u.DownVotes,>=,0#2789615442
comments c,votes v,badges b,users u#u.Id=c.UserId,u.Id=v.UserId,u.Id=b.UserId#b.Date,<=,1409863337,u.Reputation,<=,176#623926
comments c,votes v,badges b,users u#u.Id=c.UserId,u.Id=v.UserId,u.Id=b.UserId#u.Reputation,>=,1,u.CreationDate,<=,1408551972#2810040565
comments c,votes v,badges b,users u#u.Id=c.UserId,u.Id=v.UserId,u.Id=b.UserId#c.CreationDate,<=,1410293625,u.DownVotes,>=,0#2793476606
comments c,votes v,badges b,users u#u.Id=c.UserId,u.Id=v.UserId,u.Id=b.UserId#u.UpVotes,<=,14,u.CreationDate,>=,1280199725#417596
comments c,votes v,badges b,users u#u.Id=c.UserId,u.Id=v.UserId,u.Id=b.UserId#c.CreationDate,>=,1283357817,v.CreationDate,>=,1279584000#2794288546
comments c,votes v,badges b,users u#u.Id=c.UserId,u.Id=v.UserId,u.Id=b.UserId#c.Score,=,0,c.CreationDate,>=,1279807083#1841189440
comments c,votes v,badges b,users u#u.Id=c.UserId,u.Id=v.UserId,u.Id=b.UserId#v.CreationDate,>=,1279584000,u.DownVotes,<=,0#6793024
comments c,votes v,badges b,users u#u.Id=c.UserId,u.Id=v.UserId,u.Id=b.UserId#b.Date,<=,1410478750,u.Views,<=,48#1667491
comments c,votes v,badges b,users u#u.Id=c.UserId,u.Id=v.UserId,u.Id=b.UserId#v.BountyAmount,>=,0,u.Views,<=,103#287334
comments c,votes v,badges b,users u#u.Id=c.UserId,u.Id=v.UserId,u.Id=b.UserId#c.Score,=,0,u.UpVotes,>=,0#1841552315
comments c,votes v,badges b,users u#u.Id=c.UserId,u.Id=v.UserId,u.Id=b.UserId#c.Score,=,2,u.Reputation,>=,1#219291335
comments c,votes v,badges b,users u#u.Id=c.UserId,u.Id=v.UserId,u.Id=b.UserId#v.BountyAmount,>=,0,v.BountyAmount,<=,50#100050191
comments c,votes v,badges b,users u#u.Id=c.UserId,u.Id=v.UserId,u.Id=b.UserId#u.Reputation,>=,1,u.Reputation,<=,1796#19148030
comments c,votes v,badges b,users u#u.Id=c.UserId,u.Id=v.UserId,u.Id=b.UserId#u.Views,<=,43,u.CreationDate,<=,1410377629#1484927
comments c,votes v,badges b,users u#u.Id=c.UserId,u.Id=v.UserId,u.Id=b.UserId#v.BountyAmount,>=,0,v.BountyAmount,<=,50#100050191
comments c,votes v,badges b,users u#u.Id=c.UserId,u.Id=v.UserId,u.Id=b.UserId#u.Reputation,>=,1,u.Reputation,<=,221#740686
comments c,votes v,badges b,users u#u.Id=c.UserId,u.Id=v.UserId,u.Id=b.UserId#u.Views,<=,68,u.DownVotes,>=,0#2767535
comments c,votes v,badges b,users u#u.Id=c.UserId,u.Id=v.UserId,u.Id=b.UserId#c.CreationDate,>=,1279645572,c.CreationDate,<=,1410383427#2798936217
comments c,votes v,badges b,users u#u.Id=c.UserId,u.Id=v.UserId,u.Id=b.UserId#b.Date,>=,1280258025,b.Date,<=,1410061361#2778022612
comments c,votes v,badges b,users u#u.Id=c.UserId,u.Id=v.UserId,u.Id=b.UserId#c.CreationDate,<=,1409540529,u.Reputation,<=,1863#19515072
comments c,votes v,badges b,users u#u.Id=c.UserId,u.Id=v.UserId,u.Id=b.UserId#b.Date,>=,1280251125,u.CreationDate,<=,1409065837#2807061984
comments c,votes v,badges b,users u#u.Id=c.UserId,u.Id=v.UserId,u.Id=b.UserId#u.CreationDate,>=,1280921577,u.CreationDate,<=,1410196733#2743030179
comments c,votes v,badges b,users u#u.Id=c.UserId,u.Id=v.UserId,u.Id=b.UserId#b.Date,>=,1281040296,u.Reputation,<=,295#1269883
comments c,votes v,badges b,users u#u.Id=c.UserId,u.Id=v.UserId,u.Id=b.UserId#u.DownVotes,>=,0,u.DownVotes,<=,2#14951911
comments c,votes v,badges b,users u#u.Id=c.UserId,u.Id=v.UserId,u.Id=b.UserId#u.Reputation,=,1,u.UpVotes,<=,333#316
comments c,votes v,badges b,users u#u.Id=c.UserId,u.Id=v.UserId,u.Id=b.UserId#v.BountyAmount,<=,200,u.Views,<=,21#21418
comments c,votes v,badges b,users u#u.Id=c.UserId,u.Id=v.UserId,u.Id=b.UserId#c.CreationDate,>=,1279922448,c.CreationDate,<=,1410250027#2790468152
comments c,votes v,badges b,users u#u.Id=c.UserId,u.Id=v.UserId,u.Id=b.UserId#b.Date,>=,1281543894,b.Date,<=,1410389406#2785143859
comments c,votes v,badges b,users u#u.Id=c.UserId,u.Id=v.UserId,u.Id=b.UserId#v.VoteTypeId,=,5,b.Date,<=,1409911183#2631871187
comments c,votes v,badges b,users u#u.Id=c.UserId,u.Id=v.UserId,u.Id=b.UserId#u.UpVotes,>=,0,u.UpVotes,<=,71#3485627
comments c,votes v,badges b,users u#u.Id=c.UserId,u.Id=v.UserId,u.Id=b.UserId#c.Score,=,1,u.CreationDate,<=,1408365150#596329036
comments c,votes v,badges b,users u#u.Id=c.UserId,u.Id=v.UserId,u.Id=b.UserId#c.Score,=,0,u.Reputation,=,155#11092
comments c,votes v,badges b,users u#u.Id=c.UserId,u.Id=v.UserId,u.Id=b.UserId#b.Date,<=,1410079967,u.Reputation,>=,1#2785498288
comments c,votes v,badges b,users u#u.Id=c.UserId,u.Id=v.UserId,u.Id=b.UserId#c.Score,=,0,u.Views,>=,0#1841552315
comments c,votes v,badges b,users u#u.Id=c.UserId,u.Id=v.UserId,u.Id=b.UserId#c.Score,=,0,u.Views,<=,27#645866
comments c,votes v,badges b,users u#u.Id=c.UserId,u.Id=v.UserId,u.Id=b.UserId#v.VoteTypeId,=,5,b.Date,<=,1409776523#2619054048
comments c,votes v,badges b,users u#u.Id=c.UserId,u.Id=v.UserId,u.Id=b.UserId#b.Date,>=,1279616948,u.DownVotes,<=,0#6790002
comments c,votes v,badges b,users u#u.Id=c.UserId,u.Id=v.UserId,u.Id=b.UserId#u.Reputation,>=,1,u.Reputation,<=,108#320571
comments c,votes v,badges b,users u#u.Id=c.UserId,u.Id=v.UserId,u.Id=b.UserId#u.Views,>=,0,u.DownVotes,<=,0#6793760
comments c,votes v,badges b,users u#u.Id=c.UserId,u.Id=v.UserId,u.Id=b.UserId#c.CreationDate,>=,1283955445,u.CreationDate,>=,1301064625#396136334
comments c,votes v,badges b,users u#u.Id=c.UserId,u.Id=v.UserId,u.Id=b.UserId#c.CreationDate,=,1384101987,v.BountyAmount,>=,0#304
comments c,votes v,badges b,users u#u.Id=c.UserId,u.Id=v.UserId,u.Id=b.UserId#v.CreationDate,<=,1410393600,u.DownVotes,<=,114#144616771
comments c,votes v,badges b,users u#u.Id=c.UserId,u.Id=v.UserId,u.Id=b.UserId#b.Date,<=,1410465951,u.DownVotes,>=,0#2799761985
comments c,votes v,badges b,users u#u.Id=c.UserId,u.Id=v.UserId,u.Id=b.UserId#u.Views,=,0,u.UpVotes,>=,0#3968
comments c,votes v,badges b,users u#u.Id=c.UserId,u.Id=v.UserId,u.Id=b.UserId#v.BountyAmount,>=,0,u.Views,<=,86#230124
comments c,votes v,badges b,users u#u.Id=c.UserId,u.Id=v.UserId,u.Id=b.UserId#c.Score,=,0,v.BountyAmount,>=,0#91539608
comments c,votes v,badges b,users u#u.Id=c.UserId,u.Id=v.UserId,u.Id=b.UserId#u.DownVotes,=,0,u.CreationDate,>=,1306628127#2643967
comments c,votes v,badges b,users u#u.Id=c.UserId,u.Id=v.UserId,u.Id=b.UserId#u.Reputation,>=,1,u.Reputation,<=,613#4436873
comments c,votes v,badges b,users u#u.Id=c.UserId,u.Id=v.UserId,u.Id=b.UserId#u.Views,<=,64,u.CreationDate,<=,1410114585#2640062
comments c,votes v,badges b,users u#u.Id=c.UserId,u.Id=v.UserId,u.Id=b.UserId#c.CreationDate,<=,1410361271,v.CreationDate,<=,1410566400#2797383278
comments c,votes v,badges b,users u#u.Id=c.UserId,u.Id=v.UserId,u.Id=b.UserId#u.DownVotes,<=,0,u.CreationDate,<=,1403511656#6786281
comments c,votes v,badges b,users u#u.Id=c.UserId,u.Id=v.UserId,u.Id=b.UserId#c.Score,=,1,u.UpVotes,<=,213#1478673
comments c,votes v,badges b,users u#u.Id=c.UserId,u.Id=v.UserId,u.Id=b.UserId#v.VoteTypeId,=,5,u.CreationDate,<=,1409843027#2669165856
comments c,votes v,badges b,users u#u.Id=c.UserId,u.Id=v.UserId,u.Id=b.UserId#c.CreationDate,>=,1279734722,c.CreationDate,<=,1410354039#2796563617
comments c,votes v,badges b,users u#u.Id=c.UserId,u.Id=v.UserId,u.Id=b.UserId#v.CreationDate,>=,1233532800,u.UpVotes,>=,0#2810041173
comments c,votes v,badges b,users u#u.Id=c.UserId,u.Id=v.UserId,u.Id=b.UserId#b.Date,<=,1410436436,u.UpVotes,>=,0#2799680853
comments c,votes v,badges b,users u#u.Id=c.UserId,u.Id=v.UserId,u.Id=b.UserId#u.Views,>=,0,u.Views,<=,17#322463
comments c,votes v,badges b,users u#u.Id=c.UserId,u.Id=v.UserId,u.Id=b.UserId#c.Score,=,0,u.CreationDate,>=,1279575806#1831289544
comments c,votes v,badges b,users u#u.Id=c.UserId,u.Id=v.UserId,u.Id=b.UserId#u.DownVotes,>=,0,u.DownVotes,<=,163#1917713389
comments c,votes v,badges b,users u#u.Id=c.UserId,u.Id=v.UserId,u.Id=b.UserId#u.Views,<=,62,u.UpVotes,=,0#11591
comments c,votes v,badges b,users u#u.Id=c.UserId,u.Id=v.UserId,u.Id=b.UserId#c.CreationDate,>=,1280242740,u.Reputation,<=,240#946866
comments c,votes v,badges b,users u#u.Id=c.UserId,u.Id=v.UserId,u.Id=b.UserId#v.CreationDate,<=,1410393600,u.Views,>=,0#2810014116
comments c,votes v,badges b,users u#u.Id=c.UserId,u.Id=v.UserId,u.Id=b.UserId#v.CreationDate,>=,1281139200,u.Views,>=,0#2804919011
comments c,votes v,badges b,users u#u.Id=c.UserId,u.Id=v.UserId,u.Id=b.UserId#u.Reputation,>=,1,u.CreationDate,>=,1280171795#2753552392
comments c,votes v,badges b,users u#u.Id=c.UserId,u.Id=v.UserId,u.Id=b.UserId#c.CreationDate,>=,1280958184,u.CreationDate,>=,1293730901#413699744
comments c,votes v,badges b,users u#u.Id=c.UserId,u.Id=v.UserId,u.Id=b.UserId#c.Score,=,0,u.UpVotes,>=,0#1841552315
comments c,votes v,badges b,users u#u.Id=c.UserId,u.Id=v.UserId,u.Id=b.UserId#c.Score,=,0,u.Reputation,=,1#304
comments c,votes v,badges b,users u#u.Id=c.UserId,u.Id=v.UserId,u.Id=b.UserId#v.BountyAmount,<=,100,v.CreationDate,=,1391385600#912
comments c,votes v,badges b,users u#u.Id=c.UserId,u.Id=v.UserId,u.Id=b.UserId#c.Score,=,0,u.Reputation,<=,800#7325403
comments c,votes v,badges b,users u#u.Id=c.UserId,u.Id=v.UserId,u.Id=b.UserId#c.Score,=,0,u.Reputation,<=,141#442863
comments c,votes v,badges b,users u#u.Id=c.UserId,u.Id=v.UserId,u.Id=b.UserId#c.Score,=,0,u.CreationDate,<=,1409548089#1841552284
comments c,votes v,badges b,users u#u.Id=c.UserId,u.Id=v.UserId,u.Id=b.UserId#u.DownVotes,<=,0,u.CreationDate,<=,1407446241#6793066
comments c,votes v,badges b,users u#u.Id=c.UserId,u.Id=v.UserId,u.Id=b.UserId#c.Score,=,2,u.DownVotes,<=,0#137883
comments c,votes v,badges b,users u#u.Id=c.UserId,u.Id=v.UserId,u.Id=b.UserId#v.BountyAmount,>=,0,u.DownVotes,<=,0#251263
comments c,votes v,badges b,users u#u.Id=c.UserId,u.Id=v.UserId,u.Id=b.UserId#u.UpVotes,<=,4,u.CreationDate,>=,1280925078#88493
comments c,votes v,badges b,users u#u.Id=c.UserId,u.Id=v.UserId,u.Id=b.UserId#v.BountyAmount,>=,0,u.Views,<=,89#243219
comments c,votes v,badges b,users u#u.Id=c.UserId,u.Id=v.UserId,u.Id=b.UserId#c.Score,=,0,u.UpVotes,>=,0#1841552315
comments c,votes v,badges b,users u#u.Id=c.UserId,u.Id=v.UserId,u.Id=b.UserId#v.BountyAmount,>=,0,b.Date,<=,1409532773#136891491
comments c,postLinks pl,postHistory ph,votes v#pl.PostId=c.PostId,c.PostId=ph.PostId,ph.PostId=v.PostId#c.CreationDate,>=,1280321050,pl.LinkTypeId,=,1#2062125
comments c,postLinks pl,postHistory ph,votes v#pl.PostId=c.PostId,c.PostId=ph.PostId,ph.PostId=v.PostId#ph.PostHistoryTypeId,=,12,v.BountyAmount,<=,100#16
comments c,postLinks pl,postHistory ph,votes v#pl.PostId=c.PostId,c.PostId=ph.PostId,ph.PostId=v.PostId#c.CreationDate,>=,1283327125,v.CreationDate,=,1404259200#1955
comments c,postLinks pl,postHistory ph,votes v#pl.PostId=c.PostId,c.PostId=ph.PostId,ph.PostId=v.PostId#c.CreationDate,>=,1285863931,v.VoteTypeId,=,5#566487
comments c,postLinks pl,postHistory ph,votes v#pl.PostId=c.PostId,c.PostId=ph.PostId,ph.PostId=v.PostId#pl.LinkTypeId,=,1,v.VoteTypeId,=,2#1320257
comments c,postLinks pl,postHistory ph,votes v#pl.PostId=c.PostId,c.PostId=ph.PostId,ph.PostId=v.PostId#c.CreationDate,<=,1410451380,v.BountyAmount,<=,200#17023
comments c,postLinks pl,postHistory ph,votes v#pl.PostId=c.PostId,c.PostId=ph.PostId,ph.PostId=v.PostId#pl.LinkTypeId,=,1,ph.PostHistoryTypeId,=,5#472283
comments c,postLinks pl,postHistory ph,votes v#pl.PostId=c.PostId,c.PostId=ph.PostId,ph.PostId=v.PostId#pl.LinkTypeId,=,1,ph.CreationDate,>=,1282446350#1974307
comments c,postLinks pl,postHistory ph,votes v#pl.PostId=c.PostId,c.PostId=ph.PostId,ph.PostId=v.PostId#c.Score,=,1,ph.CreationDate,>=,1280933247#413010
comments c,postLinks pl,postHistory ph,votes v#pl.PostId=c.PostId,c.PostId=ph.PostId,ph.PostId=v.PostId#pl.LinkTypeId,=,3,ph.PostHistoryTypeId,=,4#3512
comments c,postLinks pl,postHistory ph,votes v#pl.PostId=c.PostId,c.PostId=ph.PostId,ph.PostId=v.PostId#v.CreationDate,>=,1280188800,v.CreationDate,<=,1410480000#2146257
comments c,postLinks pl,postHistory ph,votes v#pl.PostId=c.PostId,c.PostId=ph.PostId,ph.PostId=v.PostId#pl.LinkTypeId,=,1,v.VoteTypeId,=,2#1320257
comments c,postLinks pl,postHistory ph,votes v#pl.PostId=c.PostId,c.PostId=ph.PostId,ph.PostId=v.PostId#v.VoteTypeId,=,2,v.CreationDate,<=,1410220800#1335974
comments c,postLinks pl,postHistory ph,votes v#pl.PostId=c.PostId,c.PostId=ph.PostId,ph.PostId=v.PostId#c.Score,=,0,v.CreationDate,>=,1280016000#1227897
comments c,postLinks pl,postHistory ph,votes v#pl.PostId=c.PostId,c.PostId=ph.PostId,ph.PostId=v.PostId#ph.PostHistoryTypeId,=,3,v.VoteTypeId,=,16#4751
comments c,postLinks pl,postHistory ph,votes v#pl.PostId=c.PostId,c.PostId=ph.PostId,ph.PostId=v.PostId#c.CreationDate,<=,1409751478,pl.CreationDate,<=,1408538281#2112241
comments c,postLinks pl,postHistory ph,votes v#pl.PostId=c.PostId,c.PostId=ph.PostId,ph.PostId=v.PostId#v.VoteTypeId,=,2,v.CreationDate,>=,1280966400#1326317
comments c,postLinks pl,postHistory ph,votes v#pl.PostId=c.PostId,c.PostId=ph.PostId,ph.PostId=v.PostId#pl.CreationDate,<=,1404674343,v.CreationDate,>=,1233532800#2079778
comments c,postLinks pl,postHistory ph,votes v#pl.PostId=c.PostId,c.PostId=ph.PostId,ph.PostId=v.PostId#ph.PostHistoryTypeId,=,2,ph.CreationDate,<=,1408585549#278190
comments c,postLinks pl,postHistory ph,votes v#pl.PostId=c.PostId,c.PostId=ph.PostId,ph.PostId=v.PostId#c.CreationDate,<=,1409778503,ph.CreationDate,<=,1408038802#2117476
comments c,postLinks pl,postHistory ph,votes v#pl.PostId=c.PostId,c.PostId=ph.PostId,ph.PostId=v.PostId#c.Score,=,0,v.BountyAmount,>=,0#12387
comments c,postLinks pl,postHistory ph,votes v#pl.PostId=c.PostId,c.PostId=ph.PostId,ph.PostId=v.PostId#c.CreationDate,<=,1410381496,v.BountyAmount,>=,0#17415
comments c,postLinks pl,postHistory ph,votes v#pl.PostId=c.PostId,c.PostId=ph.PostId,ph.PostId=v.PostId#ph.PostHistoryTypeId,=,2,v.BountyAmount,<=,50#1222
comments c,postLinks pl,postHistory ph,votes v#pl.PostId=c.PostId,c.PostId=ph.PostId,ph.PostId=v.PostId#c.Score,=,0,pl.LinkTypeId,=,1#1211676
comments c,postLinks pl,postHistory ph,votes v#pl.PostId=c.PostId,c.PostId=ph.PostId,ph.PostId=v.PostId#ph.PostHistoryTypeId,=,3,v.BountyAmount,<=,50#1222
comments c,postLinks pl,postHistory ph,votes v#pl.PostId=c.PostId,c.PostId=ph.PostId,ph.PostId=v.PostId#ph.PostHistoryTypeId,=,3,v.BountyAmount,>=,0#1741
comments c,postLinks pl,postHistory ph,votes v#pl.PostId=c.PostId,c.PostId=ph.PostId,ph.PostId=v.PostId#pl.CreationDate,>=,1304522126,pl.CreationDate,<=,1405462779#1863876
comments c,postLinks pl,postHistory ph,votes v#pl.PostId=c.PostId,c.PostId=ph.PostId,ph.PostId=v.PostId#c.Score,=,1,pl.LinkTypeId,=,3#8475
comments c,postLinks pl,postHistory ph,votes v#pl.PostId=c.PostId,c.PostId=ph.PostId,ph.PostId=v.PostId#pl.CreationDate,>=,1309952016,pl.CreationDate,<=,1409764317#1855592
comments c,postLinks pl,postHistory ph,votes v#pl.PostId=c.PostId,c.PostId=ph.PostId,ph.PostId=v.PostId#ph.CreationDate,<=,1410276830,v.BountyAmount,>=,0#17249
comments c,postLinks pl,postHistory ph,votes v#pl.PostId=c.PostId,c.PostId=ph.PostId,ph.PostId=v.PostId#ph.CreationDate,>=,1282060599,v.VoteTypeId,=,2#1260594
comments c,postLinks pl,postHistory ph,votes v#pl.PostId=c.PostId,c.PostId=ph.PostId,ph.PostId=v.PostId#ph.PostHistoryTypeId,=,2,v.CreationDate,<=,1410393600#282492
comments c,postLinks pl,postHistory ph,votes v#pl.PostId=c.PostId,c.PostId=ph.PostId,ph.PostId=v.PostId#c.Score,=,0,pl.LinkTypeId,=,1#1211676
comments c,postLinks pl,postHistory ph,votes v#pl.PostId=c.PostId,c.PostId=ph.PostId,ph.PostId=v.PostId#c.Score,=,0,v.VoteTypeId,=,2#787463
comments c,postLinks pl,postHistory ph,votes v#pl.PostId=c.PostId,c.PostId=ph.PostId,ph.PostId=v.PostId#pl.CreationDate,>=,1314967733,pl.CreationDate,<=,1407871942#1766797
comments c,postLinks pl,postHistory ph,votes v#pl.PostId=c.PostId,c.PostId=ph.PostId,ph.PostId=v.PostId#c.Score,=,0,ph.CreationDate,<=,1410445772#1231586
comments c,postLinks pl,postHistory ph,votes v#pl.PostId=c.PostId,c.PostId=ph.PostId,ph.PostId=v.PostId#ph.PostHistoryTypeId,=,2,v.VoteTypeId,=,2#180941
comments c,postLinks pl,postHistory ph,votes v#pl.PostId=c.PostId,c.PostId=ph.PostId,ph.PostId=v.PostId#c.Score,=,0,v.VoteTypeId,=,2#787463
comments c,postLinks pl,postHistory ph,votes v#pl.PostId=c.PostId,c.PostId=ph.PostId,ph.PostId=v.PostId#ph.CreationDate,<=,1407495301,v.BountyAmount,>=,0#16544
comments c,postLinks pl,postHistory ph,votes v#pl.PostId=c.PostId,c.PostId=ph.PostId,ph.PostId=v.PostId#ph.PostHistoryTypeId,=,3,v.VoteTypeId,=,2#180941
comments c,postLinks pl,postHistory ph,votes v#pl.PostId=c.PostId,c.PostId=ph.PostId,ph.PostId=v.PostId#c.Score,=,0,c.CreationDate,<=,1410470499#1232120
comments c,postLinks pl,postHistory ph,votes v#pl.PostId=c.PostId,c.PostId=ph.PostId,ph.PostId=v.PostId#ph.CreationDate,>=,1288870385,v.CreationDate,>=,1279670400#1798154
comments c,postLinks pl,postHistory ph,votes v#pl.PostId=c.PostId,c.PostId=ph.PostId,ph.PostId=v.PostId#c.Score,=,3,ph.PostHistoryTypeId,=,5#19241
comments c,postLinks pl,postHistory ph,votes v#pl.PostId=c.PostId,c.PostId=ph.PostId,ph.PostId=v.PostId#c.Score,=,0,pl.LinkTypeId,=,1#1211676
comments c,postLinks pl,postHistory ph,votes v#pl.PostId=c.PostId,c.PostId=ph.PostId,ph.PostId=v.PostId#pl.CreationDate,>=,1313093410,pl.CreationDate,<=,1410594444#1843385
comments c,postLinks pl,postHistory ph,votes v#pl.PostId=c.PostId,c.PostId=ph.PostId,ph.PostId=v.PostId#c.Score,=,0,pl.CreationDate,<=,1400361699#1112996
comments c,postLinks pl,postHistory ph,votes v#pl.PostId=c.PostId,c.PostId=ph.PostId,ph.PostId=v.PostId#c.Score,=,0,v.CreationDate,<=,1410393600#1230761
comments c,postLinks pl,postHistory ph,votes v#pl.PostId=c.PostId,c.PostId=ph.PostId,ph.PostId=v.PostId#c.CreationDate,>=,1279569381,ph.PostHistoryTypeId,=,3#282841
comments c,postLinks pl,postHistory ph,votes v#pl.PostId=c.PostId,c.PostId=ph.PostId,ph.PostId=v.PostId#c.Score,=,0,v.VoteTypeId,=,5#350387
comments c,postLinks pl,postHistory ph,votes v#pl.PostId=c.PostId,c.PostId=ph.PostId,ph.PostId=v.PostId#c.Score,=,0,ph.PostHistoryTypeId,=,4#108840
comments c,postLinks pl,postHistory ph,votes v#pl.PostId=c.PostId,c.PostId=ph.PostId,ph.PostId=v.PostId#ph.PostHistoryTypeId,=,4,v.VoteTypeId,=,2#121205
comments c,postLinks pl,postHistory ph,votes v#pl.PostId=c.PostId,c.PostId=ph.PostId,ph.PostId=v.PostId#v.BountyAmount,>=,0,v.BountyAmount,<=,50#12190
comments c,postLinks pl,postHistory ph,votes v#pl.PostId=c.PostId,c.PostId=ph.PostId,ph.PostId=v.PostId#c.CreationDate,>=,1279620125,v.CreationDate,=,1396569600#1388
comments c,postLinks pl,postHistory ph,votes v#pl.PostId=c.PostId,c.PostId=ph.PostId,ph.PostId=v.PostId#ph.PostHistoryTypeId,=,5,v.CreationDate,<=,1410480000#480328
comments c,postLinks pl,postHistory ph,votes v#pl.PostId=c.PostId,c.PostId=ph.PostId,ph.PostId=v.PostId#pl.LinkTypeId,=,1,v.VoteTypeId,=,2#1320257
comments c,postLinks pl,postHistory ph,votes v#pl.PostId=c.PostId,c.PostId=ph.PostId,ph.PostId=v.PostId#ph.PostHistoryTypeId,=,25,v.CreationDate,<=,1410307200#164971
comments c,postLinks pl,postHistory ph,votes v#pl.PostId=c.PostId,c.PostId=ph.PostId,ph.PostId=v.PostId#ph.CreationDate,<=,1408284511,v.BountyAmount,<=,100#15521
comments c,postLinks pl,postHistory ph,votes v#pl.PostId=c.PostId,c.PostId=ph.PostId,ph.PostId=v.PostId#c.Score,=,0,pl.LinkTypeId,=,1#1211676
comments c,postLinks pl,postHistory ph,votes v#pl.PostId=c.PostId,c.PostId=ph.PostId,ph.PostId=v.PostId#pl.CreationDate,<=,1406468839,v.VoteTypeId,=,2#1298962
comments c,postLinks pl,postHistory ph,votes v#pl.PostId=c.PostId,c.PostId=ph.PostId,ph.PostId=v.PostId#c.Score,=,0,pl.LinkTypeId,=,1#1211676
comments c,postLinks pl,postHistory ph,votes v#pl.PostId=c.PostId,c.PostId=ph.PostId,ph.PostId=v.PostId#v.VoteTypeId,=,2,v.CreationDate,>=,1283472000#1320755
comments c,postLinks pl,postHistory ph,votes v#pl.PostId=c.PostId,c.PostId=ph.PostId,ph.PostId=v.PostId#pl.LinkTypeId,=,1,v.BountyAmount,<=,50#12190
comments c,postLinks pl,postHistory ph,votes v#pl.PostId=c.PostId,c.PostId=ph.PostId,ph.PostId=v.PostId#c.CreationDate,>=,1280961312,pl.CreationDate,<=,1407990561#2027466
comments c,postLinks pl,postHistory ph,votes v#pl.PostId=c.PostId,c.PostId=ph.PostId,ph.PostId=v.PostId#c.Score,=,0,v.VoteTypeId,=,2#787463
comments c,postLinks pl,postHistory ph,votes v#pl.PostId=c.PostId,c.PostId=ph.PostId,ph.PostId=v.PostId#c.CreationDate,>=,1279623104,c.CreationDate,<=,1408050614#2098448
comments c,postLinks pl,postHistory ph,votes v#pl.PostId=c.PostId,c.PostId=ph.PostId,ph.PostId=v.PostId#c.Score,=,0,pl.CreationDate,<=,1406047880#1187256
comments c,postLinks pl,postHistory ph,votes v#pl.PostId=c.PostId,c.PostId=ph.PostId,ph.PostId=v.PostId#pl.CreationDate,<=,1400539356,v.VoteTypeId,=,2#1213529
comments c,postLinks pl,postHistory ph,votes v#pl.PostId=c.PostId,c.PostId=ph.PostId,ph.PostId=v.PostId#c.Score,=,0,v.VoteTypeId,=,2#787463
comments c,postLinks pl,postHistory ph,votes v#pl.PostId=c.PostId,c.PostId=ph.PostId,ph.PostId=v.PostId#ph.PostHistoryTypeId,=,2,ph.CreationDate,>=,1296671412#215701
comments c,postLinks pl,postHistory ph,votes v#pl.PostId=c.PostId,c.PostId=ph.PostId,ph.PostId=v.PostId#c.Score,=,0,ph.PostHistoryTypeId,=,5#299412
comments c,postLinks pl,postHistory ph,votes v#pl.PostId=c.PostId,c.PostId=ph.PostId,ph.PostId=v.PostId#c.Score,=,0,pl.LinkTypeId,=,3#20591
comments c,postLinks pl,postHistory ph,votes v#pl.PostId=c.PostId,c.PostId=ph.PostId,ph.PostId=v.PostId#c.CreationDate,>=,1280173823,pl.LinkTypeId,=,1#2069695
comments c,postLinks pl,postHistory ph,votes v#pl.PostId=c.PostId,c.PostId=ph.PostId,ph.PostId=v.PostId#ph.CreationDate,<=,1409659577,v.VoteTypeId,=,2#1330885
comments c,postLinks pl,postHistory ph,votes v#pl.PostId=c.PostId,c.PostId=ph.PostId,ph.PostId=v.PostId#pl.LinkTypeId,=,1,v.VoteTypeId,=,2#1320257
comments c,postLinks pl,postHistory ph,votes v#pl.PostId=c.PostId,c.PostId=ph.PostId,ph.PostId=v.PostId#ph.CreationDate,<=,1408358721,v.VoteTypeId,=,5#667765
comments c,postLinks pl,postHistory ph,votes v#pl.PostId=c.PostId,c.PostId=ph.PostId,ph.PostId=v.PostId#pl.CreationDate,=,1363691650,ph.PostHistoryTypeId,=,3#3
comments c,postLinks pl,postHistory ph,votes v#pl.PostId=c.PostId,c.PostId=ph.PostId,ph.PostId=v.PostId#c.CreationDate,>=,1280242417,pl.LinkTypeId,=,1#2066277
comments c,postLinks pl,postHistory ph,votes v#pl.PostId=c.PostId,c.PostId=ph.PostId,ph.PostId=v.PostId#pl.LinkTypeId,=,1,ph.PostHistoryTypeId,=,24#42630
comments c,postLinks pl,postHistory ph,votes v#pl.PostId=c.PostId,c.PostId=ph.PostId,ph.PostId=v.PostId#ph.PostHistoryTypeId,=,2,ph.CreationDate,>=,1289403893#227323
comments c,postLinks pl,postHistory ph,votes v#pl.PostId=c.PostId,c.PostId=ph.PostId,ph.PostId=v.PostId#c.Score,=,0,ph.CreationDate,>=,1285343163#1096976
comments c,postLinks pl,postHistory ph,votes v#pl.PostId=c.PostId,c.PostId=ph.PostId,ph.PostId=v.PostId#c.Score,=,1,v.CreationDate,<=,1410566400#431417
comments c,postLinks pl,postHistory ph,votes v#pl.PostId=c.PostId,c.PostId=ph.PostId,ph.PostId=v.PostId#v.CreationDate,>=,1279584000,v.CreationDate,<=,1410220800#2145254
comments c,postLinks pl,postHistory ph,votes v#pl.PostId=c.PostId,c.PostId=ph.PostId,ph.PostId=v.PostId#c.Score,=,0,ph.CreationDate,<=,1409891306#1224809
comments c,postLinks pl,postHistory ph,votes v#pl.PostId=c.PostId,c.PostId=ph.PostId,ph.PostId=v.PostId#c.Score,=,0,ph.CreationDate,>=,1280204853#1187638
comments c,postLinks pl,postHistory ph,votes v#pl.PostId=c.PostId,c.PostId=ph.PostId,ph.PostId=v.PostId#c.Score,=,0,v.BountyAmount,<=,50#8819
comments c,postLinks pl,postHistory ph,votes v#pl.PostId=c.PostId,c.PostId=ph.PostId,ph.PostId=v.PostId#ph.PostHistoryTypeId,=,3,v.VoteTypeId,=,2#180941
comments c,postLinks pl,postHistory ph,votes v#pl.PostId=c.PostId,c.PostId=ph.PostId,ph.PostId=v.PostId#c.CreationDate,<=,1407864539,v.CreationDate,=,1386892800#2859
comments c,postLinks pl,postHistory ph,votes v#pl.PostId=c.PostId,c.PostId=ph.PostId,ph.PostId=v.PostId#c.CreationDate,<=,1410572524,pl.LinkTypeId,=,1#2117288
comments c,postLinks pl,postHistory ph,votes v#pl.PostId=c.PostId,c.PostId=ph.PostId,ph.PostId=v.PostId#pl.CreationDate,<=,1409684572,v.VoteTypeId,=,2#1329785
comments c,postLinks pl,postHistory ph,votes v#pl.PostId=c.PostId,c.PostId=ph.PostId,ph.PostId=v.PostId#ph.CreationDate,>=,1291263655,v.VoteTypeId,=,2#1125824
comments c,postLinks pl,postHistory ph,votes v#pl.PostId=c.PostId,c.PostId=ph.PostId,ph.PostId=v.PostId#pl.CreationDate,<=,1406673983,v.BountyAmount,>=,0#15907
comments c,postLinks pl,postHistory ph,votes v#pl.PostId=c.PostId,c.PostId=ph.PostId,ph.PostId=v.PostId#c.CreationDate,>=,1278849154,pl.CreationDate,=,1320819088#672
comments c,postLinks pl,postHistory ph,votes v#pl.PostId=c.PostId,c.PostId=ph.PostId,ph.PostId=v.PostId#c.CreationDate,>=,1281173520,c.CreationDate,<=,1410382103#2066790
comments c,postLinks pl,postHistory ph,votes v#pl.PostId=c.PostId,c.PostId=ph.PostId,ph.PostId=v.PostId#ph.CreationDate,>=,1290926591,v.CreationDate,>=,1281052800#1763390
comments c,postLinks pl,postHistory ph,votes v#pl.PostId=c.PostId,c.PostId=ph.PostId,ph.PostId=v.PostId#c.Score,=,0,ph.PostHistoryTypeId,=,3#167172
comments c,postLinks pl,postHistory ph,votes v#pl.PostId=c.PostId,c.PostId=ph.PostId,ph.PostId=v.PostId#v.BountyAmount,<=,50,v.CreationDate,<=,1410480000#12190
comments c,postLinks pl,postHistory ph,votes v#pl.PostId=c.PostId,c.PostId=ph.PostId,ph.PostId=v.PostId#pl.LinkTypeId,=,1,ph.CreationDate,<=,1409259642#2097504
comments c,postLinks pl,postHistory ph,votes v#pl.PostId=c.PostId,c.PostId=ph.PostId,ph.PostId=v.PostId#c.Score,=,0,pl.LinkTypeId,=,1#1211676
comments c,postLinks pl,postHistory ph,votes v#pl.PostId=c.PostId,c.PostId=ph.PostId,ph.PostId=v.PostId#c.CreationDate,>=,1281021670,v.BountyAmount,>=,0#17378
comments c,postLinks pl,postHistory ph,votes v#pl.PostId=c.PostId,c.PostId=ph.PostId,ph.PostId=v.PostId#c.Score,=,0,ph.CreationDate,<=,1408537846#1209550
comments c,postLinks pl,postHistory ph,votes v#pl.PostId=c.PostId,c.PostId=ph.PostId,ph.PostId=v.PostId#pl.LinkTypeId,=,1,v.BountyAmount,>=,0#17455
comments c,postLinks pl,postHistory ph,votes v#pl.PostId=c.PostId,c.PostId=ph.PostId,ph.PostId=v.PostId#c.Score,=,0,pl.LinkTypeId,=,1#1211676
comments c,postLinks pl,postHistory ph,votes v#pl.PostId=c.PostId,c.PostId=ph.PostId,ph.PostId=v.PostId#ph.CreationDate,>=,1287539974,v.CreationDate,<=,1410134400#1791723
comments c,postLinks pl,postHistory ph,votes v#pl.PostId=c.PostId,c.PostId=ph.PostId,ph.PostId=v.PostId#pl.CreationDate,>=,1284888860,ph.CreationDate,<=,1407782061#2090506
comments c,postLinks pl,postHistory ph,votes v#pl.PostId=c.PostId,c.PostId=ph.PostId,ph.PostId=v.PostId#c.CreationDate,<=,1410425574,ph.PostHistoryTypeId,=,3#282713
comments c,postLinks pl,postHistory ph,votes v#pl.PostId=c.PostId,c.PostId=ph.PostId,ph.PostId=v.PostId#ph.PostHistoryTypeId,=,2,ph.CreationDate,<=,1409142401#279998
comments c,postLinks pl,postHistory ph,votes v#pl.PostId=c.PostId,c.PostId=ph.PostId,ph.PostId=v.PostId#ph.CreationDate,>=,1282375848,v.BountyAmount,>=,0#17338
comments c,postLinks pl,postHistory ph,votes v#pl.PostId=c.PostId,c.PostId=ph.PostId,ph.PostId=v.PostId#c.CreationDate,>=,1279607574,v.CreationDate,<=,1410393600#2143743
comments c,postLinks pl,postHistory ph,votes v#pl.PostId=c.PostId,c.PostId=ph.PostId,ph.PostId=v.PostId#c.Score,=,1,v.CreationDate,>=,1279756800#430461
comments c,postLinks pl,postHistory ph,votes v#pl.PostId=c.PostId,c.PostId=ph.PostId,ph.PostId=v.PostId#pl.CreationDate,<=,1402588159,ph.CreationDate,<=,1405537235#1976434
comments c,postLinks pl,postHistory ph,votes v#pl.PostId=c.PostId,c.PostId=ph.PostId,ph.PostId=v.PostId#c.Score,=,0,pl.LinkTypeId,=,1#1211676
comments c,postLinks pl,postHistory ph,votes v#pl.PostId=c.PostId,c.PostId=ph.PostId,ph.PostId=v.PostId#pl.CreationDate,<=,1410389499,v.CreationDate,>=,1279584000#2155673
comments c,postLinks pl,postHistory ph,votes v#pl.PostId=c.PostId,c.PostId=ph.PostId,ph.PostId=v.PostId#pl.LinkTypeId,=,1,v.CreationDate,=,1373414400#3868
comments c,postLinks pl,postHistory ph,votes v#pl.PostId=c.PostId,c.PostId=ph.PostId,ph.PostId=v.PostId#c.Score,=,0,v.CreationDate,<=,1410220800#1227175
comments c,postLinks pl,postHistory ph,votes v#pl.PostId=c.PostId,c.PostId=ph.PostId,ph.PostId=v.PostId#pl.CreationDate,>=,1280251167,ph.PostHistoryTypeId,=,1#282804
comments c,postLinks pl,postHistory ph,votes v#pl.PostId=c.PostId,c.PostId=ph.PostId,ph.PostId=v.PostId#c.Score,=,0,v.VoteTypeId,=,2#787463
comments c,postLinks pl,postHistory ph,votes v#pl.PostId=c.PostId,c.PostId=ph.PostId,ph.PostId=v.PostId#c.Score,=,1,v.BountyAmount,<=,50#2141
comments c,postLinks pl,postHistory ph,votes v#pl.PostId=c.PostId,c.PostId=ph.PostId,ph.PostId=v.PostId#ph.CreationDate,<=,1399148825,v.CreationDate,>=,1280102400#2001909
comments c,postLinks pl,postHistory ph,votes v#pl.PostId=c.PostId,c.PostId=ph.PostId,ph.PostId=v.PostId#ph.PostHistoryTypeId,=,1,v.CreationDate,<=,1409702400#280067
comments c,postLinks pl,postHistory ph,votes v#pl.PostId=c.PostId,c.PostId=ph.PostId,ph.PostId=v.PostId#pl.LinkTypeId,=,1,v.BountyAmount,>=,0#17455
comments c,postLinks pl,postHistory ph,votes v#pl.PostId=c.PostId,c.PostId=ph.PostId,ph.PostId=v.PostId#c.CreationDate,=,1356042403,pl.LinkTypeId,=,1#432
comments c,postLinks pl,postHistory ph,votes v#pl.PostId=c.PostId,c.PostId=ph.PostId,ph.PostId=v.PostId#pl.LinkTypeId,=,1,v.BountyAmount,<=,50#12190
comments c,postLinks pl,postHistory ph,votes v#pl.PostId=c.PostId,c.PostId=ph.PostId,ph.PostId=v.PostId#c.Score,=,3,c.CreationDate,>=,1280335430#115638
comments c,postLinks pl,postHistory ph,votes v#pl.PostId=c.PostId,c.PostId=ph.PostId,ph.PostId=v.PostId#c.Score,=,0,ph.PostHistoryTypeId,=,2#167172
comments c,postLinks pl,postHistory ph,votes v#pl.PostId=c.PostId,c.PostId=ph.PostId,ph.PostId=v.PostId#pl.LinkTypeId,=,1,ph.PostHistoryTypeId,=,3#277439
comments c,postLinks pl,postHistory ph,votes v#pl.PostId=c.PostId,c.PostId=ph.PostId,ph.PostId=v.PostId#v.BountyAmount,>=,0,v.BountyAmount,<=,50#12190
comments c,postLinks pl,postHistory ph,votes v#pl.PostId=c.PostId,c.PostId=ph.PostId,ph.PostId=v.PostId#c.CreationDate,<=,1410380291,pl.CreationDate,<=,1406561047#2096734
comments c,postLinks pl,postHistory ph,votes v#pl.PostId=c.PostId,c.PostId=ph.PostId,ph.PostId=v.PostId#pl.LinkTypeId,=,1,v.VoteTypeId,=,2#1320257
comments c,postLinks pl,postHistory ph,votes v#pl.PostId=c.PostId,c.PostId=ph.PostId,ph.PostId=v.PostId#c.Score,=,0,v.VoteTypeId,=,2#787463
comments c,postLinks pl,postHistory ph,votes v#pl.PostId=c.PostId,c.PostId=ph.PostId,ph.PostId=v.PostId#ph.CreationDate,>=,1287760530,v.BountyAmount,<=,100#15188
comments c,postLinks pl,postHistory ph,votes v#pl.PostId=c.PostId,c.PostId=ph.PostId,ph.PostId=v.PostId#pl.CreationDate,>=,1302594534,ph.CreationDate,>=,1310629406#1523414
comments c,postLinks pl,postHistory ph,votes v#pl.PostId=c.PostId,c.PostId=ph.PostId,ph.PostId=v.PostId#pl.LinkTypeId,=,3,v.CreationDate,<=,1410480000#41758
comments c,postLinks pl,postHistory ph,votes v#pl.PostId=c.PostId,c.PostId=ph.PostId,ph.PostId=v.PostId#c.Score,=,1,v.CreationDate,>=,1279497600#431417
comments c,postLinks pl,postHistory ph,votes v#pl.PostId=c.PostId,c.PostId=ph.PostId,ph.PostId=v.PostId#c.Score,=,0,pl.CreationDate,=,1380121599#60
comments c,postLinks pl,postHistory ph,votes v#pl.PostId=c.PostId,c.PostId=ph.PostId,ph.PostId=v.PostId#c.Score,=,0,ph.CreationDate,<=,1410216483#1229074
comments c,postLinks pl,postHistory ph,votes v#pl.PostId=c.PostId,c.PostId=ph.PostId,ph.PostId=v.PostId#c.Score,=,0,c.CreationDate,>=,1284915584#1156208
comments c,postLinks pl,postHistory ph,votes v#pl.PostId=c.PostId,c.PostId=ph.PostId,ph.PostId=v.PostId#pl.LinkTypeId,=,1,v.BountyAmount,<=,50#12190
comments c,postLinks pl,postHistory ph,votes v#pl.PostId=c.PostId,c.PostId=ph.PostId,ph.PostId=v.PostId#c.Score,=,0,ph.PostHistoryTypeId,=,2#167172
comments c,postLinks pl,postHistory ph,votes v#pl.PostId=c.PostId,c.PostId=ph.PostId,ph.PostId=v.PostId#c.Score,=,0,ph.CreationDate,>=,1293787918#1052033
comments c,postLinks pl,postHistory ph,votes v#pl.PostId=c.PostId,c.PostId=ph.PostId,ph.PostId=v.PostId#c.Score,=,0,v.VoteTypeId,=,2#787463
comments c,postLinks pl,postHistory ph,votes v#pl.PostId=c.PostId,c.PostId=ph.PostId,ph.PostId=v.PostId#pl.LinkTypeId,=,1,ph.PostHistoryTypeId,=,2#277439
comments c,postLinks pl,postHistory ph,votes v#pl.PostId=c.PostId,c.PostId=ph.PostId,ph.PostId=v.PostId#ph.PostHistoryTypeId,=,2,v.CreationDate,>=,1279497600#282841
comments c,postLinks pl,postHistory ph,votes v#pl.PostId=c.PostId,c.PostId=ph.PostId,ph.PostId=v.PostId#v.BountyAmount,>=,0,v.CreationDate,>=,1280275200#17431
comments c,postLinks pl,postHistory ph,votes v#pl.PostId=c.PostId,c.PostId=ph.PostId,ph.PostId=v.PostId#pl.CreationDate,>=,1309509634,ph.CreationDate,>=,1292014422#1598238
comments c,postLinks pl,postHistory ph,votes v#pl.PostId=c.PostId,c.PostId=ph.PostId,ph.PostId=v.PostId#c.Score,=,0,v.CreationDate,>=,1279497600#1232267
comments c,postLinks pl,postHistory ph,votes v#pl.PostId=c.PostId,c.PostId=ph.PostId,ph.PostId=v.PostId#pl.LinkTypeId,=,1,v.VoteTypeId,=,2#1320257
comments c,postLinks pl,postHistory ph,votes v#pl.PostId=c.PostId,c.PostId=ph.PostId,ph.PostId=v.PostId#c.Score,=,0,ph.PostHistoryTypeId,=,1#167172
comments c,postLinks pl,postHistory ph,votes v#pl.PostId=c.PostId,c.PostId=ph.PostId,ph.PostId=v.PostId#c.Score,=,0,ph.CreationDate,<=,1408532509#1209532
comments c,postLinks pl,postHistory ph,votes v#pl.PostId=c.PostId,c.PostId=ph.PostId,ph.PostId=v.PostId#pl.LinkTypeId,=,1,pl.CreationDate,<=,1399680522#1901964
comments c,postLinks pl,postHistory ph,votes v#pl.PostId=c.PostId,c.PostId=ph.PostId,ph.PostId=v.PostId#c.Score,=,0,v.VoteTypeId,=,2#787463
comments c,postLinks pl,postHistory ph,votes v#pl.PostId=c.PostId,c.PostId=ph.PostId,ph.PostId=v.PostId#c.CreationDate,>=,1281317986,v.VoteTypeId,=,2#1292833
comments c,postLinks pl,postHistory ph,votes v#pl.PostId=c.PostId,c.PostId=ph.PostId,ph.PostId=v.PostId#c.CreationDate,<=,1410298804,ph.PostHistoryTypeId,=,5#479398
comments c,postLinks pl,postHistory ph,votes v#pl.PostId=c.PostId,c.PostId=ph.PostId,ph.PostId=v.PostId#pl.CreationDate,=,1375688853,v.CreationDate,<=,1410480000#60
comments c,postLinks pl,postHistory ph,votes v#pl.PostId=c.PostId,c.PostId=ph.PostId,ph.PostId=v.PostId#ph.PostHistoryTypeId,=,5,ph.CreationDate,>=,1279641685#480127
comments c,postLinks pl,postHistory ph,votes v#pl.PostId=c.PostId,c.PostId=ph.PostId,ph.PostId=v.PostId#pl.CreationDate,<=,1407777991,v.VoteTypeId,=,2#1307591
comments c,postLinks pl,postHistory ph,votes v#pl.PostId=c.PostId,c.PostId=ph.PostId,ph.PostId=v.PostId#c.CreationDate,>=,1285960107,v.VoteTypeId,=,2#1217742
comments c,postLinks pl,postHistory ph,votes v#pl.PostId=c.PostId,c.PostId=ph.PostId,ph.PostId=v.PostId#ph.PostHistoryTypeId,=,2,v.BountyAmount,>=,0#1741
comments c,postLinks pl,postHistory ph,votes v#pl.PostId=c.PostId,c.PostId=ph.PostId,ph.PostId=v.PostId#v.BountyAmount,>=,0,v.BountyAmount,<=,50#12190
comments c,postLinks pl,postHistory ph,votes v#pl.PostId=c.PostId,c.PostId=ph.PostId,ph.PostId=v.PostId#c.Score,=,0,pl.LinkTypeId,=,1#1211676
comments c,postLinks pl,postHistory ph,votes v#pl.PostId=c.PostId,c.PostId=ph.PostId,ph.PostId=v.PostId#c.Score,=,0,v.VoteTypeId,=,2#787463
comments c,postLinks pl,postHistory ph,votes v#pl.PostId=c.PostId,c.PostId=ph.PostId,ph.PostId=v.PostId#ph.PostHistoryTypeId,=,2,v.VoteTypeId,=,2#180941
comments c,postLinks pl,postHistory ph,votes v#pl.PostId=c.PostId,c.PostId=ph.PostId,ph.PostId=v.PostId#pl.LinkTypeId,=,1,ph.PostHistoryTypeId,=,2#277439
comments c,postLinks pl,postHistory ph,votes v#pl.PostId=c.PostId,c.PostId=ph.PostId,ph.PostId=v.PostId#pl.CreationDate,=,1400705055,v.VoteTypeId,=,2#105
comments c,postLinks pl,postHistory ph,votes v#pl.PostId=c.PostId,c.PostId=ph.PostId,ph.PostId=v.PostId#ph.PostHistoryTypeId,=,1,ph.CreationDate,>=,1300681819#208347
comments c,postLinks pl,postHistory ph,votes v#pl.PostId=c.PostId,c.PostId=ph.PostId,ph.PostId=v.PostId#c.Score,=,0,v.CreationDate,>=,1280102400#1227337
comments c,postLinks pl,postHistory ph,votes v#pl.PostId=c.PostId,c.PostId=ph.PostId,ph.PostId=v.PostId#v.CreationDate,>=,1279497600,v.CreationDate,<=,1409875200#2137802
comments c,postLinks pl,postHistory ph,votes v#pl.PostId=c.PostId,c.PostId=ph.PostId,ph.PostId=v.PostId#pl.LinkTypeId,=,1,v.BountyAmount,>=,0#17455
comments c,postLinks pl,postHistory ph,votes v#pl.PostId=c.PostId,c.PostId=ph.PostId,ph.PostId=v.PostId#v.BountyAmount,>=,0,v.CreationDate,<=,1410220800#17261
comments c,postLinks pl,postHistory ph,votes v#pl.PostId=c.PostId,c.PostId=ph.PostId,ph.PostId=v.PostId#pl.LinkTypeId,=,1,v.BountyAmount,>=,0#17455
comments c,postLinks pl,postHistory ph,votes v#pl.PostId=c.PostId,c.PostId=ph.PostId,ph.PostId=v.PostId#c.CreationDate,<=,1410269854,pl.LinkTypeId,=,1#2106399
comments c,postLinks pl,postHistory ph,votes v#pl.PostId=c.PostId,c.PostId=ph.PostId,ph.PostId=v.PostId#pl.LinkTypeId,=,1,ph.PostHistoryTypeId,=,25#164254
comments c,postLinks pl,postHistory ph,votes v#pl.PostId=c.PostId,c.PostId=ph.PostId,ph.PostId=v.PostId#ph.CreationDate,<=,1408732799,v.BountyAmount,>=,0#16640
comments c,postLinks pl,postHistory ph,votes v#pl.PostId=c.PostId,c.PostId=ph.PostId,ph.PostId=v.PostId#pl.CreationDate,>=,1300029927,v.CreationDate,>=,1279497600#1966802
comments c,postLinks pl,postHistory ph,votes v#pl.PostId=c.PostId,c.PostId=ph.PostId,ph.PostId=v.PostId#pl.LinkTypeId,=,1,ph.CreationDate,<=,1408551159#2083488
comments c,postLinks pl,postHistory ph,votes v#pl.PostId=c.PostId,c.PostId=ph.PostId,ph.PostId=v.PostId#pl.LinkTypeId,=,1,v.VoteTypeId,=,2#1320257
comments c,postLinks pl,postHistory ph,votes v#pl.PostId=c.PostId,c.PostId=ph.PostId,ph.PostId=v.PostId#c.CreationDate,<=,1410400652,v.VoteTypeId,=,2#1340338
comments c,postLinks pl,postHistory ph,votes v#pl.PostId=c.PostId,c.PostId=ph.PostId,ph.PostId=v.PostId#pl.LinkTypeId,=,1,v.VoteTypeId,=,2#1320257
comments c,postLinks pl,postHistory ph,votes v#pl.PostId=c.PostId,c.PostId=ph.PostId,ph.PostId=v.PostId#c.Score,=,0,v.CreationDate,=,1368662400#547
comments c,postLinks pl,postHistory ph,votes v#pl.PostId=c.PostId,c.PostId=ph.PostId,ph.PostId=v.PostId#pl.LinkTypeId,=,1,ph.PostHistoryTypeId,=,1#277439
comments c,postLinks pl,postHistory ph,votes v#pl.PostId=c.PostId,c.PostId=ph.PostId,ph.PostId=v.PostId#c.Score,=,0,ph.CreationDate,<=,1407985703#1207340
comments c,postLinks pl,postHistory ph,votes v#pl.PostId=c.PostId,c.PostId=ph.PostId,ph.PostId=v.PostId#ph.CreationDate,<=,1409808737,v.VoteTypeId,=,5#671688
comments c,postLinks pl,postHistory ph,votes v#pl.PostId=c.PostId,c.PostId=ph.PostId,ph.PostId=v.PostId#ph.PostHistoryTypeId,=,6,v.CreationDate,<=,1410393600#221442
comments c,postLinks pl,postHistory ph,votes v#pl.PostId=c.PostId,c.PostId=ph.PostId,ph.PostId=v.PostId#c.Score,=,0,ph.CreationDate,>=,1283366783#1155257
comments c,postLinks pl,postHistory ph,votes v#pl.PostId=c.PostId,c.PostId=ph.PostId,ph.PostId=v.PostId#c.CreationDate,<=,1410177486,v.VoteTypeId,=,2#1333997
comments c,postLinks pl,postHistory ph,votes v#pl.PostId=c.PostId,c.PostId=ph.PostId,ph.PostId=v.PostId#pl.LinkTypeId,=,1,v.BountyAmount,<=,100#15849
comments c,postLinks pl,postHistory ph,votes v#pl.PostId=c.PostId,c.PostId=ph.PostId,ph.PostId=v.PostId#c.CreationDate,>=,1280514919,pl.LinkTypeId,=,1#2059315
comments c,postLinks pl,postHistory ph,votes v#pl.PostId=c.PostId,c.PostId=ph.PostId,ph.PostId=v.PostId#ph.PostHistoryTypeId,=,3,v.VoteTypeId,=,2#180941
comments c,postLinks pl,postHistory ph,votes v#pl.PostId=c.PostId,c.PostId=ph.PostId,ph.PostId=v.PostId#c.Score,=,0,pl.LinkTypeId,=,1#1211676
comments c,postLinks pl,postHistory ph,votes v#pl.PostId=c.PostId,c.PostId=ph.PostId,ph.PostId=v.PostId#c.CreationDate,<=,1410284595,v.CreationDate,=,1351296000#1580
comments c,postLinks pl,postHistory ph,votes v#pl.PostId=c.PostId,c.PostId=ph.PostId,ph.PostId=v.PostId#pl.LinkTypeId,=,1,ph.PostHistoryTypeId,=,25#164254
comments c,postLinks pl,postHistory ph,votes v#pl.PostId=c.PostId,c.PostId=ph.PostId,ph.PostId=v.PostId#c.CreationDate,<=,1410401770,ph.PostHistoryTypeId,=,6#221636
comments c,postLinks pl,postHistory ph,votes v#pl.PostId=c.PostId,c.PostId=ph.PostId,ph.PostId=v.PostId#pl.CreationDate,>=,1297035835,ph.CreationDate,<=,1405498594#1944928
comments c,postLinks pl,postHistory ph,votes v#pl.PostId=c.PostId,c.PostId=ph.PostId,ph.PostId=v.PostId#c.CreationDate,<=,1410484122,ph.CreationDate,<=,1409617173#2141248
comments c,postLinks pl,postHistory ph,votes v#pl.PostId=c.PostId,c.PostId=ph.PostId,ph.PostId=v.PostId#ph.CreationDate,>=,1282076900,ph.CreationDate,<=,1410531195#2009086
comments c,postLinks pl,postHistory ph,votes v#pl.PostId=c.PostId,c.PostId=ph.PostId,ph.PostId=v.PostId#v.VoteTypeId,=,2,v.CreationDate,>=,1279497600#1340968
comments c,postLinks pl,postHistory ph,votes v#pl.PostId=c.PostId,c.PostId=ph.PostId,ph.PostId=v.PostId#ph.CreationDate,>=,1283181675,v.VoteTypeId,=,2#1256891
comments c,postLinks pl,postHistory ph,votes v#pl.PostId=c.PostId,c.PostId=ph.PostId,ph.PostId=v.PostId#pl.LinkTypeId,=,1,v.BountyAmount,<=,50#12190
comments c,postLinks pl,postHistory ph,votes v#pl.PostId=c.PostId,c.PostId=ph.PostId,ph.PostId=v.PostId#c.Score,=,2,v.CreationDate,<=,1410480000#160997
comments c,postLinks pl,postHistory ph,votes v#pl.PostId=c.PostId,c.PostId=ph.PostId,ph.PostId=v.PostId#pl.LinkTypeId,=,1,pl.CreationDate,>=,1285844486#2083400
comments c,postLinks pl,postHistory ph,votes v#pl.PostId=c.PostId,c.PostId=ph.PostId,ph.PostId=v.PostId#c.Score,=,0,c.CreationDate,>=,1280330515#1208391
comments c,postLinks pl,postHistory ph,votes v#pl.PostId=c.PostId,c.PostId=ph.PostId,ph.PostId=v.PostId#pl.CreationDate,>=,1298239961,v.VoteTypeId,=,2#1240138
comments c,postLinks pl,postHistory ph,votes v#pl.PostId=c.PostId,c.PostId=ph.PostId,ph.PostId=v.PostId#pl.CreationDate,<=,1409019368,v.VoteTypeId,=,3#33323
comments c,postLinks pl,postHistory ph,votes v#pl.PostId=c.PostId,c.PostId=ph.PostId,ph.PostId=v.PostId#ph.PostHistoryTypeId,=,2,v.VoteTypeId,=,2#180941
comments c,postLinks pl,postHistory ph,votes v#pl.PostId=c.PostId,c.PostId=ph.PostId,ph.PostId=v.PostId#v.BountyAmount,>=,0,v.BountyAmount,<=,50#12190
comments c,postLinks pl,postHistory ph,votes v#pl.PostId=c.PostId,c.PostId=ph.PostId,ph.PostId=v.PostId#ph.PostHistoryTypeId,=,2,v.CreationDate,<=,1410134400#281087
comments c,postLinks pl,postHistory ph,votes v#pl.PostId=c.PostId,c.PostId=ph.PostId,ph.PostId=v.PostId#ph.PostHistoryTypeId,=,3,v.CreationDate,<=,1410480000#282722
comments c,postLinks pl,postHistory ph,votes v#pl.PostId=c.PostId,c.PostId=ph.PostId,ph.PostId=v.PostId#c.Score,=,0,pl.CreationDate,<=,1408539577#1203420
comments c,postLinks pl,postHistory ph,votes v#pl.PostId=c.PostId,c.PostId=ph.PostId,ph.PostId=v.PostId#pl.LinkTypeId,=,3,v.VoteTypeId,=,2#20711
comments c,postLinks pl,postHistory ph,votes v#pl.PostId=c.PostId,c.PostId=ph.PostId,ph.PostId=v.PostId#c.Score,=,1,ph.PostHistoryTypeId,=,5#90968
comments c,postLinks pl,postHistory ph,votes v#pl.PostId=c.PostId,c.PostId=ph.PostId,ph.PostId=v.PostId#c.Score,=,0,ph.PostHistoryTypeId,=,4#108840
comments c,postLinks pl,postHistory ph,votes v#pl.PostId=c.PostId,c.PostId=ph.PostId,ph.PostId=v.PostId#c.Score,=,0,ph.PostHistoryTypeId,=,5#299412
comments c,postLinks pl,postHistory ph,votes v#pl.PostId=c.PostId,c.PostId=ph.PostId,ph.PostId=v.PostId#pl.LinkTypeId,=,1,ph.CreationDate,>=,1280234207#2034630
comments c,postLinks pl,postHistory ph,votes v#pl.PostId=c.PostId,c.PostId=ph.PostId,ph.PostId=v.PostId#pl.CreationDate,>=,1317847570,v.CreationDate,<=,1410566400#1805104
comments c,postLinks pl,postHistory ph,votes v#pl.PostId=c.PostId,c.PostId=ph.PostId,ph.PostId=v.PostId#c.Score,=,1,ph.PostHistoryTypeId,=,2#53835
comments c,postLinks pl,postHistory ph,votes v#pl.PostId=c.PostId,c.PostId=ph.PostId,ph.PostId=v.PostId#v.VoteTypeId,=,2,v.CreationDate,>=,1279497600#1340968
comments c,postLinks pl,postHistory ph,votes v#pl.PostId=c.PostId,c.PostId=ph.PostId,ph.PostId=v.PostId#ph.PostHistoryTypeId,=,2,v.BountyAmount,>=,0#1741
comments c,postHistory ph,badges b,users u#u.Id=c.UserId,u.Id=ph.UserId,u.Id=b.UserId#ph.PostHistoryTypeId,=,1,b.Date,>=,1279613649#153139889
comments c,postHistory ph,badges b,users u#u.Id=c.UserId,u.Id=ph.UserId,u.Id=b.UserId#c.Score,=,1,u.DownVotes,>=,0#17769863892
comments c,postHistory ph,badges b,users u#u.Id=c.UserId,u.Id=ph.UserId,u.Id=b.UserId#b.Date,>=,1280244524,b.Date,<=,1410243348#79077615677
comments c,postHistory ph,badges b,users u#u.Id=c.UserId,u.Id=ph.UserId,u.Id=b.UserId#c.Score,=,0,u.Reputation,<=,153#3968703
comments c,postHistory ph,badges b,users u#u.Id=c.UserId,u.Id=ph.UserId,u.Id=b.UserId#b.Date,>=,1282199062,b.Date,<=,1408979500#76613800748
comments c,postHistory ph,badges b,users u#u.Id=c.UserId,u.Id=ph.UserId,u.Id=b.UserId#u.Views,>=,0,u.Views,<=,36#7108193
comments c,postHistory ph,badges b,users u#u.Id=c.UserId,u.Id=ph.UserId,u.Id=b.UserId#c.Score,=,1,ph.PostHistoryTypeId,=,2#3227256456
comments c,postHistory ph,badges b,users u#u.Id=c.UserId,u.Id=ph.UserId,u.Id=b.UserId#b.Date,>=,1284470113,u.DownVotes,<=,0#62750066
comments c,postHistory ph,badges b,users u#u.Id=c.UserId,u.Id=ph.UserId,u.Id=b.UserId#ph.PostHistoryTypeId,=,2,u.DownVotes,<=,2#33564486
comments c,postHistory ph,badges b,users u#u.Id=c.UserId,u.Id=ph.UserId,u.Id=b.UserId#ph.CreationDate,>=,1293643639,ph.CreationDate,<=,1398607283#64838544196
comments c,postHistory ph,badges b,users u#u.Id=c.UserId,u.Id=ph.UserId,u.Id=b.UserId#u.CreationDate,>=,1299517253,u.CreationDate,<=,1408717439#9310990700
comments c,postHistory ph,badges b,users u#u.Id=c.UserId,u.Id=ph.UserId,u.Id=b.UserId#c.CreationDate,<=,1410283463,ph.CreationDate,=,1310675860#18
comments c,postHistory ph,badges b,users u#u.Id=c.UserId,u.Id=ph.UserId,u.Id=b.UserId#c.Score,=,0,u.Reputation,<=,364#11184558
comments c,postHistory ph,badges b,users u#u.Id=c.UserId,u.Id=ph.UserId,u.Id=b.UserId#c.Score,=,0,u.DownVotes,<=,114#2585211508
comments c,postHistory ph,badges b,users u#u.Id=c.UserId,u.Id=ph.UserId,u.Id=b.UserId#c.CreationDate,>=,1285048960,ph.CreationDate,>=,1280767788#78665514134
comments c,postHistory ph,badges b,users u#u.Id=c.UserId,u.Id=ph.UserId,u.Id=b.UserId#c.CreationDate,<=,1410468818,ph.PostHistoryTypeId,=,1#153344026
comments c,postHistory ph,badges b,users u#u.Id=c.UserId,u.Id=ph.UserId,u.Id=b.UserId#ph.CreationDate,>=,1281704678,u.Reputation,<=,356#11613692
comments c,postHistory ph,badges b,users u#u.Id=c.UserId,u.Id=ph.UserId,u.Id=b.UserId#ph.CreationDate,<=,1409872835,u.Views,>=,0#78754808714
comments c,postHistory ph,badges b,users u#u.Id=c.UserId,u.Id=ph.UserId,u.Id=b.UserId#u.Views,<=,61,u.DownVotes,<=,1#11353610
comments c,postHistory ph,badges b,users u#u.Id=c.UserId,u.Id=ph.UserId,u.Id=b.UserId#ph.PostHistoryTypeId,=,2,u.DownVotes,<=,6#145693481
comments c,postHistory ph,badges b,users u#u.Id=c.UserId,u.Id=ph.UserId,u.Id=b.UserId#u.Views,<=,230,u.DownVotes,>=,0#68205587
comments c,postHistory ph,badges b,users u#u.Id=c.UserId,u.Id=ph.UserId,u.Id=b.UserId#c.Score,=,0,c.CreationDate,<=,1409852003#48350406536
comments c,postHistory ph,badges b,users u#u.Id=c.UserId,u.Id=ph.UserId,u.Id=b.UserId#u.DownVotes,>=,0,u.UpVotes,<=,51#40940870
comments c,postHistory ph,badges b,users u#u.Id=c.UserId,u.Id=ph.UserId,u.Id=b.UserId#c.Score,=,0,c.CreationDate,<=,1409404745#48014664508
comments c,postHistory ph,badges b,users u#u.Id=c.UserId,u.Id=ph.UserId,u.Id=b.UserId#ph.PostHistoryTypeId,=,1,ph.CreationDate,>=,1287565479#127490107
comments c,postHistory ph,badges b,users u#u.Id=c.UserId,u.Id=ph.UserId,u.Id=b.UserId#ph.PostHistoryTypeId,=,5,u.DownVotes,>=,0#32282835129
comments c,postHistory ph,badges b,users u#u.Id=c.UserId,u.Id=ph.UserId,u.Id=b.UserId#b.Date,>=,1284990271,u.Reputation,>=,1#78222884392
comments c,postHistory ph,badges b,users u#u.Id=c.UserId,u.Id=ph.UserId,u.Id=b.UserId#u.UpVotes,=,0,u.CreationDate,<=,1406659774#806720
comments c,postHistory ph,badges b,users u#u.Id=c.UserId,u.Id=ph.UserId,u.Id=b.UserId#u.UpVotes,<=,13,u.CreationDate,<=,1410397662#7752725
comments c,postHistory ph,badges b,users u#u.Id=c.UserId,u.Id=ph.UserId,u.Id=b.UserId#c.Score,=,2,u.DownVotes,<=,0#639378
comments c,postHistory ph,badges b,users u#u.Id=c.UserId,u.Id=ph.UserId,u.Id=b.UserId#b.Date,<=,1409614912,u.UpVotes,<=,355#469468959
comments c,postHistory ph,badges b,users u#u.Id=c.UserId,u.Id=ph.UserId,u.Id=b.UserId#ph.CreationDate,<=,1409680943,u.Views,>=,0#78444431837
comments c,postHistory ph,badges b,users u#u.Id=c.UserId,u.Id=ph.UserId,u.Id=b.UserId#c.CreationDate,>=,1280416315,c.CreationDate,<=,1409676976#78304782584
comments c,postHistory ph,badges b,users u#u.Id=c.UserId,u.Id=ph.UserId,u.Id=b.UserId#ph.PostHistoryTypeId,=,2,u.UpVotes,>=,0#14618665811
comments c,postHistory ph,badges b,users u#u.Id=c.UserId,u.Id=ph.UserId,u.Id=b.UserId#u.Reputation,>=,1,u.Reputation,<=,164#4536210
comments c,postHistory ph,badges b,users u#u.Id=c.UserId,u.Id=ph.UserId,u.Id=b.UserId#c.Score,=,0,c.CreationDate,<=,1410265074#48668347172
comments c,postHistory ph,badges b,users u#u.Id=c.UserId,u.Id=ph.UserId,u.Id=b.UserId#u.Reputation,>=,1,u.UpVotes,>=,0#79631215618
comments c,postHistory ph,badges b,users u#u.Id=c.UserId,u.Id=ph.UserId,u.Id=b.UserId#u.Views,<=,77,u.CreationDate,<=,1408124269#19575981
comments c,postHistory ph,badges b,users u#u.Id=c.UserId,u.Id=ph.UserId,u.Id=b.UserId#b.Date,>=,1280222024,u.CreationDate,>=,1291388660#10119253218
comments c,postHistory ph,badges b,users u#u.Id=c.UserId,u.Id=ph.UserId,u.Id=b.UserId#c.CreationDate,>=,1279867642,u.DownVotes,>=,0#79605534095
comments c,postHistory ph,badges b,users u#u.Id=c.UserId,u.Id=ph.UserId,u.Id=b.UserId#ph.CreationDate,>=,1283598948,u.Views,<=,63#13720771
comments c,postHistory ph,badges b,users u#u.Id=c.UserId,u.Id=ph.UserId,u.Id=b.UserId#b.Date,>=,1280171621,u.Reputation,>=,1#79553677682
comments c,postHistory ph,badges b,users u#u.Id=c.UserId,u.Id=ph.UserId,u.Id=b.UserId#c.CreationDate,>=,1284244717,u.UpVotes,>=,0#78953541481
comments c,postHistory ph,badges b,users u#u.Id=c.UserId,u.Id=ph.UserId,u.Id=b.UserId#u.DownVotes,<=,0,u.UpVotes,<=,11#5357917
comments c,postHistory ph,badges b,users u#u.Id=c.UserId,u.Id=ph.UserId,u.Id=b.UserId#b.Date,>=,1279598048,u.Views,>=,0#79590173127
comments c,postHistory ph,badges b,users u#u.Id=c.UserId,u.Id=ph.UserId,u.Id=b.UserId#c.Score,=,0,u.DownVotes,>=,0#49002548446
comments c,postHistory ph,badges b,users u#u.Id=c.UserId,u.Id=ph.UserId,u.Id=b.UserId#c.CreationDate,<=,1410311934,b.Date,>=,1280223524#79154712137
comments c,postHistory ph,badges b,users u#u.Id=c.UserId,u.Id=ph.UserId,u.Id=b.UserId#c.CreationDate,<=,1410574126,ph.CreationDate,=,1355866108#60
comments c,postHistory ph,badges b,users u#u.Id=c.UserId,u.Id=ph.UserId,u.Id=b.UserId#u.Reputation,>=,1,u.CreationDate,>=,1280413752#78266982202
comments c,postHistory ph,badges b,users u#u.Id=c.UserId,u.Id=ph.UserId,u.Id=b.UserId#ph.CreationDate,>=,1288474277,u.DownVotes,>=,0#77858840715
comments c,postHistory ph,badges b,users u#u.Id=c.UserId,u.Id=ph.UserId,u.Id=b.UserId#c.CreationDate,<=,1410185815,u.UpVotes,<=,8#4935469
comments c,postHistory ph,badges b,users u#u.Id=c.UserId,u.Id=ph.UserId,u.Id=b.UserId#b.Date,>=,1283514855,u.CreationDate,<=,1409010331#78427947935
comments c,postHistory ph,badges b,users u#u.Id=c.UserId,u.Id=ph.UserId,u.Id=b.UserId#c.CreationDate,>=,1281472537,u.CreationDate,>=,1281499474#57462287572
comments c,postHistory ph,badges b,users u#u.Id=c.UserId,u.Id=ph.UserId,u.Id=b.UserId#u.Views,<=,28,u.UpVotes,<=,85#4865178
comments c,postHistory ph,badges b,users u#u.Id=c.UserId,u.Id=ph.UserId,u.Id=b.UserId#b.Date,>=,1286377268,u.DownVotes,>=,0#78090184193
comments c,postHistory ph,badges b,users u#u.Id=c.UserId,u.Id=ph.UserId,u.Id=b.UserId#b.Date,<=,1408372249,u.CreationDate,>=,1289755177#10074712813
comments c,postHistory ph,badges b,users u#u.Id=c.UserId,u.Id=ph.UserId,u.Id=b.UserId#ph.PostHistoryTypeId,=,5,b.Date,>=,1280222024#32262072682
comments c,postHistory ph,badges b,users u#u.Id=c.UserId,u.Id=ph.UserId,u.Id=b.UserId#u.Reputation,<=,3680,u.UpVotes,<=,6#3856154
comments c,postHistory ph,badges b,users u#u.Id=c.UserId,u.Id=ph.UserId,u.Id=b.UserId#c.CreationDate,<=,1409420035,u.Views,<=,16#2465739
comments c,postHistory ph,badges b,users u#u.Id=c.UserId,u.Id=ph.UserId,u.Id=b.UserId#c.Score,=,5,c.CreationDate,>=,1279720892#596396964
comments c,postHistory ph,badges b,users u#u.Id=c.UserId,u.Id=ph.UserId,u.Id=b.UserId#u.Reputation,>=,1,u.DownVotes,<=,0#63383377
comments c,postHistory ph,badges b,users u#u.Id=c.UserId,u.Id=ph.UserId,u.Id=b.UserId#ph.PostHistoryTypeId,=,4,u.Reputation,>=,1#6624150423
comments c,postHistory ph,badges b,users u#u.Id=c.UserId,u.Id=ph.UserId,u.Id=b.UserId#u.UpVotes,>=,0,u.UpVotes,<=,110#149282303
comments c,postHistory ph,badges b,users u#u.Id=c.UserId,u.Id=ph.UserId,u.Id=b.UserId#c.CreationDate,<=,1409910971,ph.PostHistoryTypeId,=,4#6564857885
comments c,postHistory ph,badges b,users u#u.Id=c.UserId,u.Id=ph.UserId,u.Id=b.UserId#ph.CreationDate,>=,1282207844,ph.CreationDate,<=,1410277096#78995014355
comments c,postHistory ph,badges b,users u#u.Id=c.UserId,u.Id=ph.UserId,u.Id=b.UserId#u.Views,<=,385,u.UpVotes,<=,12#7016958
comments c,postHistory ph,badges b,users u#u.Id=c.UserId,u.Id=ph.UserId,u.Id=b.UserId#b.Date,>=,1279589047,b.Date,<=,1408587631#77272335212
comments c,postHistory ph,badges b,users u#u.Id=c.UserId,u.Id=ph.UserId,u.Id=b.UserId#u.UpVotes,<=,6,u.CreationDate,>=,1291075254#3639036
comments c,postHistory ph,badges b,users u#u.Id=c.UserId,u.Id=ph.UserId,u.Id=b.UserId#u.DownVotes,>=,0,u.CreationDate,<=,1406271024#79631020557
comments c,postHistory ph,badges b,users u#u.Id=c.UserId,u.Id=ph.UserId,u.Id=b.UserId#ph.CreationDate,>=,1280923204,ph.CreationDate,<=,1410190084#79018296107
comments c,postHistory ph,badges b,users u#u.Id=c.UserId,u.Id=ph.UserId,u.Id=b.UserId#c.CreationDate,<=,1410441681,b.Date,<=,1410149489#78874206101
comments c,postHistory ph,badges b,users u#u.Id=c.UserId,u.Id=ph.UserId,u.Id=b.UserId#u.Reputation,<=,15236,u.DownVotes,>=,0#3193285896
comments c,postHistory ph,badges b,users u#u.Id=c.UserId,u.Id=ph.UserId,u.Id=b.UserId#ph.CreationDate,<=,1405722040,u.Views,=,2#78770
comments c,postHistory ph,badges b,users u#u.Id=c.UserId,u.Id=ph.UserId,u.Id=b.UserId#u.Reputation,=,6,u.DownVotes,<=,0#27670
comments c,postHistory ph,badges b,users u#u.Id=c.UserId,u.Id=ph.UserId,u.Id=b.UserId#c.CreationDate,<=,1409470945,u.CreationDate,>=,1280194360#76871140828
comments c,postHistory ph,badges b,users u#u.Id=c.UserId,u.Id=ph.UserId,u.Id=b.UserId#c.Score,=,0,u.CreationDate,>=,1283975270#6647313162
comments c,postHistory ph,badges b,users u#u.Id=c.UserId,u.Id=ph.UserId,u.Id=b.UserId#b.Date,>=,1281535794,u.CreationDate,>=,1280173604#78173791748
comments c,postHistory ph,badges b,users u#u.Id=c.UserId,u.Id=ph.UserId,u.Id=b.UserId#b.Date,<=,1410318593,u.DownVotes,<=,26#856185211
comments c,postHistory ph,badges b,users u#u.Id=c.UserId,u.Id=ph.UserId,u.Id=b.UserId#b.Date,>=,1292026949,u.CreationDate,<=,1409565146#76136299332
comments c,postHistory ph,badges b,users u#u.Id=c.UserId,u.Id=ph.UserId,u.Id=b.UserId#u.DownVotes,<=,0,u.UpVotes,>=,0#63383377
comments c,postHistory ph,badges b,users u#u.Id=c.UserId,u.Id=ph.UserId,u.Id=b.UserId#c.Score,=,1,ph.PostHistoryTypeId,=,2#3227256456
comments c,postHistory ph,badges b,users u#u.Id=c.UserId,u.Id=ph.UserId,u.Id=b.UserId#c.CreationDate,>=,1239522970,u.UpVotes,>=,0#79631210839
comments c,postHistory ph,badges b,users u#u.Id=c.UserId,u.Id=ph.UserId,u.Id=b.UserId#b.Date,>=,1279707492,u.CreationDate,<=,1410433729#79570938587
comments c,postHistory ph,badges b,users u#u.Id=c.UserId,u.Id=ph.UserId,u.Id=b.UserId#ph.CreationDate,<=,1407699157,u.Views,>=,0#76485190719
comments c,postHistory ph,badges b,users u#u.Id=c.UserId,u.Id=ph.UserId,u.Id=b.UserId#c.CreationDate,>=,1280170512,b.Date,<=,1409581104#78242565730
comments c,postHistory ph,badges b,users u#u.Id=c.UserId,u.Id=ph.UserId,u.Id=b.UserId#ph.CreationDate,<=,1410247599,u.Views,<=,189#57545656
comments c,postHistory ph,badges b,users u#u.Id=c.UserId,u.Id=ph.UserId,u.Id=b.UserId#c.Score,=,0,u.Reputation,<=,161#4195588
comments c,postHistory ph,badges b,users u#u.Id=c.UserId,u.Id=ph.UserId,u.Id=b.UserId#ph.PostHistoryTypeId,=,2,u.Views,>=,0#14618665811
comments c,postHistory ph,badges b,users u#u.Id=c.UserId,u.Id=ph.UserId,u.Id=b.UserId#ph.CreationDate,>=,1295279085,ph.CreationDate,<=,1401643650#66992103207
comments c,postHistory ph,badges b,users u#u.Id=c.UserId,u.Id=ph.UserId,u.Id=b.UserId#ph.PostHistoryTypeId,=,5,b.Date,<=,1408533880#31016885462
comments c,postHistory ph,badges b,users u#u.Id=c.UserId,u.Id=ph.UserId,u.Id=b.UserId#ph.PostHistoryTypeId,=,4,u.UpVotes,>=,0#6624150423
comments c,postHistory ph,badges b,users u#u.Id=c.UserId,u.Id=ph.UserId,u.Id=b.UserId#c.CreationDate,<=,1410317273,u.CreationDate,<=,1410527576#79281136712
comments c,postHistory ph,badges b,users u#u.Id=c.UserId,u.Id=ph.UserId,u.Id=b.UserId#ph.CreationDate,<=,1408386896,u.DownVotes,<=,55#2143622330
comments c,postHistory ph,badges b,users u#u.Id=c.UserId,u.Id=ph.UserId,u.Id=b.UserId#c.Score,=,0,ph.PostHistoryTypeId,=,1#110588986
comments c,postHistory ph,badges b,users u#u.Id=c.UserId,u.Id=ph.UserId,u.Id=b.UserId#u.Views,>=,0,u.Views,<=,98#27719767
comments c,postHistory ph,badges b,users u#u.Id=c.UserId,u.Id=ph.UserId,u.Id=b.UserId#b.Date,>=,1291358504,b.Date,<=,1409895680#75444409386
comments c,postHistory ph,badges b,users u#u.Id=c.UserId,u.Id=ph.UserId,u.Id=b.UserId#u.Views,>=,0,u.CreationDate,>=,1290896861#10119262291
comments c,postHistory ph,badges b,users u#u.Id=c.UserId,u.Id=ph.UserId,u.Id=b.UserId#ph.CreationDate,>=,1280537165,u.Views,>=,0#79602223035
comments c,postHistory ph,badges b,users u#u.Id=c.UserId,u.Id=ph.UserId,u.Id=b.UserId#ph.CreationDate,>=,1282410787,ph.CreationDate,<=,1407529555#76120263698
comments c,postHistory ph,badges b,users u#u.Id=c.UserId,u.Id=ph.UserId,u.Id=b.UserId#u.Views,>=,0,u.Views,<=,17#2747409
comments c,postHistory ph,badges b,users u#u.Id=c.UserId,u.Id=ph.UserId,u.Id=b.UserId#c.Score,=,0,c.CreationDate,>=,1280863785#48929537206
comments c,postHistory ph,badges b,users u#u.Id=c.UserId,u.Id=ph.UserId,u.Id=b.UserId#ph.PostHistoryTypeId,=,2,u.CreationDate,=,1400155279#84
comments c,postHistory ph,badges b,users u#u.Id=c.UserId,u.Id=ph.UserId,u.Id=b.UserId#u.Reputation,<=,211,u.UpVotes,<=,47#5110852
comments c,postHistory ph,badges b,users u#u.Id=c.UserId,u.Id=ph.UserId,u.Id=b.UserId#c.CreationDate,>=,1280783024,c.CreationDate,<=,1410364290#79238108314
comments c,postHistory ph,badges b,users u#u.Id=c.UserId,u.Id=ph.UserId,u.Id=b.UserId#c.Score,=,0,b.Date,=,1309940311#12
comments c,postHistory ph,badges b,users u#u.Id=c.UserId,u.Id=ph.UserId,u.Id=b.UserId#u.DownVotes,>=,0,u.DownVotes,<=,0#63383377
comments c,postHistory ph,badges b,users u#u.Id=c.UserId,u.Id=ph.UserId,u.Id=b.UserId#b.Date,<=,1409233490,u.DownVotes,<=,3#109639977
comments c,postHistory ph,badges b,users u#u.Id=c.UserId,u.Id=ph.UserId,u.Id=b.UserId#u.UpVotes,<=,518,u.CreationDate,<=,1409639189#993829963
comments c,postHistory ph,badges b,users u#u.Id=c.UserId,u.Id=ph.UserId,u.Id=b.UserId#ph.CreationDate,=,1328468351,u.UpVotes,>=,0#408
comments c,postHistory ph,badges b,users u#u.Id=c.UserId,u.Id=ph.UserId,u.Id=b.UserId#ph.CreationDate,>=,1307898197,ph.CreationDate,<=,1409136811#69915127031
comments c,postHistory ph,badges b,users u#u.Id=c.UserId,u.Id=ph.UserId,u.Id=b.UserId#u.UpVotes,<=,45,u.CreationDate,<=,1409441722#29250607
comments c,postHistory ph,badges b,users u#u.Id=c.UserId,u.Id=ph.UserId,u.Id=b.UserId#b.Date,>=,1288774343,b.Date,<=,1410256682#76325190397
comments c,postHistory ph,badges b,users u#u.Id=c.UserId,u.Id=ph.UserId,u.Id=b.UserId#u.UpVotes,>=,0,u.UpVotes,<=,61#45422478
comments c,postHistory ph,badges b,users u#u.Id=c.UserId,u.Id=ph.UserId,u.Id=b.UserId#c.CreationDate,>=,1283522490,u.Reputation,>=,1#79162591623
comments c,postHistory ph,badges b,users u#u.Id=c.UserId,u.Id=ph.UserId,u.Id=b.UserId#ph.CreationDate,<=,1403358396,u.CreationDate,>=,1284625798#9727908761
comments c,postHistory ph,badges b,users u#u.Id=c.UserId,u.Id=ph.UserId,u.Id=b.UserId#u.Views,<=,62,u.CreationDate,>=,1279567578#13727506
comments c,postHistory ph,badges b,users u#u.Id=c.UserId,u.Id=ph.UserId,u.Id=b.UserId#c.Score,=,1,ph.CreationDate,<=,1408792160#17344860499
comments c,postHistory ph,badges b,users u#u.Id=c.UserId,u.Id=ph.UserId,u.Id=b.UserId#u.Views,<=,15,u.DownVotes,>=,0#2328413
comments c,postHistory ph,badges b,users u#u.Id=c.UserId,u.Id=ph.UserId,u.Id=b.UserId#b.Date,>=,1280175222,u.UpVotes,>=,0#79553674911
comments c,postHistory ph,badges b,users u#u.Id=c.UserId,u.Id=ph.UserId,u.Id=b.UserId#ph.CreationDate,>=,1282729431,ph.CreationDate,<=,1409862282#78370765821
comments c,postHistory ph,badges b,users u#u.Id=c.UserId,u.Id=ph.UserId,u.Id=b.UserId#ph.CreationDate,>=,1290516280,b.Date,>=,1279575547#77210479410
comments c,postHistory ph,badges b,users u#u.Id=c.UserId,u.Id=ph.UserId,u.Id=b.UserId#ph.PostHistoryTypeId,=,6,ph.CreationDate,<=,1408116261#10832147900
comments c,postHistory ph,badges b,users u#u.Id=c.UserId,u.Id=ph.UserId,u.Id=b.UserId#c.Score,=,0,u.Reputation,<=,3000#111809240
comments c,postHistory ph,badges b,users u#u.Id=c.UserId,u.Id=ph.UserId,u.Id=b.UserId#u.Views,>=,0,u.CreationDate,>=,1280865023#76827984007
comments c,postHistory ph,badges b,users u#u.Id=c.UserId,u.Id=ph.UserId,u.Id=b.UserId#c.Score,=,0,ph.PostHistoryTypeId,=,4#4121906613
comments c,postHistory ph,badges b,users u#u.Id=c.UserId,u.Id=ph.UserId,u.Id=b.UserId#ph.PostHistoryTypeId,=,2,ph.CreationDate,<=,1410392008#14577575817
comments c,postHistory ph,badges b,users u#u.Id=c.UserId,u.Id=ph.UserId,u.Id=b.UserId#c.Score,=,2,u.CreationDate,>=,1285950877#929190157
comments c,postHistory ph,badges b,users u#u.Id=c.UserId,u.Id=ph.UserId,u.Id=b.UserId#u.CreationDate,>=,1280921577,u.CreationDate,<=,1408261589#76827593608
comments c,postHistory ph,badges b,users u#u.Id=c.UserId,u.Id=ph.UserId,u.Id=b.UserId#u.DownVotes,<=,14,u.CreationDate,>=,1284494863#544325733
comments c,postHistory ph,badges b,users u#u.Id=c.UserId,u.Id=ph.UserId,u.Id=b.UserId#b.Date,<=,1409858468,u.Reputation,=,6#26969
comments c,postHistory ph,badges b,users u#u.Id=c.UserId,u.Id=ph.UserId,u.Id=b.UserId#c.Score,=,0,u.DownVotes,=,0#58566390
comments c,postHistory ph,badges b,users u#u.Id=c.UserId,u.Id=ph.UserId,u.Id=b.UserId#u.Reputation,>=,1,u.CreationDate,>=,1280223485#78307294194
comments c,postHistory ph,badges b,users u#u.Id=c.UserId,u.Id=ph.UserId,u.Id=b.UserId#u.DownVotes,<=,0,u.UpVotes,<=,51#18870529
comments c,postHistory ph,badges b,users u#u.Id=c.UserId,u.Id=ph.UserId,u.Id=b.UserId#ph.PostHistoryTypeId,=,1,b.Date,<=,1407284226#146951816
comments c,postHistory ph,badges b,users u#u.Id=c.UserId,u.Id=ph.UserId,u.Id=b.UserId#u.Reputation,>=,1,u.Reputation,<=,1422#80113667
comments c,postHistory ph,badges b,users u#u.Id=c.UserId,u.Id=ph.UserId,u.Id=b.UserId#ph.PostHistoryTypeId,=,2,b.Date,>=,1281082005#14601187127
comments c,postHistory ph,badges b,users u#u.Id=c.UserId,u.Id=ph.UserId,u.Id=b.UserId#u.Views,<=,611,u.CreationDate,<=,1406201295#235133933
comments c,postHistory ph,badges b,users u#u.Id=c.UserId,u.Id=ph.UserId,u.Id=b.UserId#c.Score,=,0,ph.CreationDate,<=,1408001138#47230350727
comments c,postHistory ph,badges b,users u#u.Id=c.UserId,u.Id=ph.UserId,u.Id=b.UserId#ph.CreationDate,=,1385487463,u.UpVotes,>=,0#21
comments c,postHistory ph,badges b,users u#u.Id=c.UserId,u.Id=ph.UserId,u.Id=b.UserId#ph.PostHistoryTypeId,=,3,u.DownVotes,<=,4#20931682
comments c,postHistory ph,badges b,users u#u.Id=c.UserId,u.Id=ph.UserId,u.Id=b.UserId#b.Date,=,1281452391,u.DownVotes,>=,0#46475
comments c,postHistory ph,badges b,users u#u.Id=c.UserId,u.Id=ph.UserId,u.Id=b.UserId#c.Score,=,0,c.CreationDate,<=,1410317976#48756397961
comments c,postHistory ph,badges b,users u#u.Id=c.UserId,u.Id=ph.UserId,u.Id=b.UserId#u.Reputation,>=,1,u.UpVotes,>=,0#79631215618
comments c,postHistory ph,badges b,users u#u.Id=c.UserId,u.Id=ph.UserId,u.Id=b.UserId#u.Reputation,>=,1,u.Reputation,<=,891#47260808
comments c,postHistory ph,badges b,users u#u.Id=c.UserId,u.Id=ph.UserId,u.Id=b.UserId#b.Date,<=,1409894045,u.UpVotes,>=,0#78733723313
comments c,postHistory ph,badges b,users u#u.Id=c.UserId,u.Id=ph.UserId,u.Id=b.UserId#b.Date,>=,1286362566,u.Views,<=,12#1772904
comments c,postHistory ph,badges b,users u#u.Id=c.UserId,u.Id=ph.UserId,u.Id=b.UserId#ph.PostHistoryTypeId,=,5,u.Views,>=,0#32282835129
comments c,postHistory ph,badges b,users u#u.Id=c.UserId,u.Id=ph.UserId,u.Id=b.UserId#ph.CreationDate,<=,1410027870,u.UpVotes,>=,0#78909279112
comments c,postHistory ph,badges b,users u#u.Id=c.UserId,u.Id=ph.UserId,u.Id=b.UserId#c.Score,=,0,ph.CreationDate,<=,1409847577#48425631944
comments c,postHistory ph,badges b,users u#u.Id=c.UserId,u.Id=ph.UserId,u.Id=b.UserId#u.DownVotes,>=,0,u.UpVotes,>=,0#79631215618
comments c,postHistory ph,badges b,users u#u.Id=c.UserId,u.Id=ph.UserId,u.Id=b.UserId#b.Date,>=,1279773497,u.UpVotes,>=,0#79563901594
comments c,postHistory ph,badges b,users u#u.Id=c.UserId,u.Id=ph.UserId,u.Id=b.UserId#c.CreationDate,>=,1283843067,ph.PostHistoryTypeId,=,2#14549586587
comments c,postHistory ph,badges b,users u#u.Id=c.UserId,u.Id=ph.UserId,u.Id=b.UserId#ph.PostHistoryTypeId,=,3,b.Date,>=,1279568947#153495167
comments c,postHistory ph,badges b,users u#u.Id=c.UserId,u.Id=ph.UserId,u.Id=b.UserId#u.DownVotes,>=,0,u.CreationDate,<=,1408976772#79631202175
comments c,postHistory ph,badges b,users u#u.Id=c.UserId,u.Id=ph.UserId,u.Id=b.UserId#c.Score,=,4,b.Date,=,1379401413#450
comments c,postHistory ph,badges b,users u#u.Id=c.UserId,u.Id=ph.UserId,u.Id=b.UserId#ph.CreationDate,<=,1405113216,u.UpVotes,>=,0#74125726305
comments c,postHistory ph,badges b,users u#u.Id=c.UserId,u.Id=ph.UserId,u.Id=b.UserId#c.Score,=,2,u.UpVotes,>=,0#7345724366
tags t,posts p,votes v,users u#p.Id=t.ExcerptPostId,p.Id=v.PostId,u.Id=p.OwnerUserId#p.CommentCount,>=,0,p.CommentCount,<=,10#614
tags t,posts p,votes v,users u#p.Id=t.ExcerptPostId,p.Id=v.PostId,u.Id=p.OwnerUserId#t.Count,<=,559,v.CreationDate,<=,1409788800#560
tags t,posts p,votes v,users u#p.Id=t.ExcerptPostId,p.Id=v.PostId,u.Id=p.OwnerUserId#v.CreationDate,>=,1279756800,v.CreationDate,<=,1410048000#614
tags t,posts p,votes v,users u#p.Id=t.ExcerptPostId,p.Id=v.PostId,u.Id=p.OwnerUserId#u.Views,<=,49,u.UpVotes,<=,93#23
tags t,posts p,votes v,users u#p.Id=t.ExcerptPostId,p.Id=v.PostId,u.Id=p.OwnerUserId#u.Views,<=,74,u.DownVotes,>=,0#42
tags t,posts p,votes v,users u#p.Id=t.ExcerptPostId,p.Id=v.PostId,u.Id=p.OwnerUserId#t.Count,>=,4,u.DownVotes,<=,0#28
tags t,posts p,votes v,users u#p.Id=t.ExcerptPostId,p.Id=v.PostId,u.Id=p.OwnerUserId#p.Score,<=,28,p.CreationDate,<=,1410334173#614
tags t,posts p,votes v,users u#p.Id=t.ExcerptPostId,p.Id=v.PostId,u.Id=p.OwnerUserId#u.Reputation,<=,163,u.Views,>=,0#13
postLinks pl,posts p,votes v,users u#p.Id=pl.RelatedPostId,p.Id=v.PostId,u.Id=p.OwnerUserId#pl.LinkTypeId,=,1,p.FavoriteCount,<=,42#144860
postLinks pl,posts p,votes v,users u#p.Id=pl.RelatedPostId,p.Id=v.PostId,u.Id=p.OwnerUserId#p.FavoriteCount,>=,0,u.CreationDate,<=,1410579496#302275
postLinks pl,posts p,votes v,users u#p.Id=pl.RelatedPostId,p.Id=v.PostId,u.Id=p.OwnerUserId#u.DownVotes,<=,0,u.UpVotes,>=,0#148795
postLinks pl,posts p,votes v,users u#p.Id=pl.RelatedPostId,p.Id=v.PostId,u.Id=p.OwnerUserId#p.CommentCount,<=,11,p.FavoriteCount,<=,7#55643
postLinks pl,posts p,votes v,users u#p.Id=pl.RelatedPostId,p.Id=v.PostId,u.Id=p.OwnerUserId#u.Reputation,>=,1,u.UpVotes,<=,73#188369
postLinks pl,posts p,votes v,users u#p.Id=pl.RelatedPostId,p.Id=v.PostId,u.Id=p.OwnerUserId#u.CreationDate,>=,1283471579,u.CreationDate,<=,1409727305#147121
postLinks pl,posts p,votes v,users u#p.Id=pl.RelatedPostId,p.Id=v.PostId,u.Id=p.OwnerUserId#pl.CreationDate,<=,1406938980,p.AnswerCount,>=,0#296581
postLinks pl,posts p,votes v,users u#p.Id=pl.RelatedPostId,p.Id=v.PostId,u.Id=p.OwnerUserId#pl.LinkTypeId,=,1,p.AnswerCount,>=,0#281666
postLinks pl,posts p,votes v,users u#p.Id=pl.RelatedPostId,p.Id=v.PostId,u.Id=p.OwnerUserId#p.PostTypeId,=,2,u.CreationDate,>=,1293348087#47
postLinks pl,posts p,votes v,users u#p.Id=pl.RelatedPostId,p.Id=v.PostId,u.Id=p.OwnerUserId#p.CreationDate,<=,1410560592,u.UpVotes,<=,18#130025
postLinks pl,posts p,votes v,users u#p.Id=pl.RelatedPostId,p.Id=v.PostId,u.Id=p.OwnerUserId#p.Score,>=,-2,v.BountyAmount,>=,0#622
postLinks pl,posts p,votes v,users u#p.Id=pl.RelatedPostId,p.Id=v.PostId,u.Id=p.OwnerUserId#p.Score,=,2,u.UpVotes,<=,30#1685
postLinks pl,posts p,votes v,users u#p.Id=pl.RelatedPostId,p.Id=v.PostId,u.Id=p.OwnerUserId#u.Reputation,>=,1,u.Views,<=,91#150945
postLinks pl,posts p,votes v,users u#p.Id=pl.RelatedPostId,p.Id=v.PostId,u.Id=p.OwnerUserId#p.ViewCount,>=,0,p.AnswerCount,=,2#36657
postLinks pl,posts p,votes v,users u#p.Id=pl.RelatedPostId,p.Id=v.PostId,u.Id=p.OwnerUserId#p.PostTypeId,=,2,u.Views,<=,335#42
postLinks pl,posts p,votes v,users u#p.Id=pl.RelatedPostId,p.Id=v.PostId,u.Id=p.OwnerUserId#p.Score,<=,18,v.VoteTypeId,=,2#53492
postLinks pl,posts p,votes v,users u#p.Id=pl.RelatedPostId,p.Id=v.PostId,u.Id=p.OwnerUserId#p.CommentCount,>=,0,u.Reputation,>=,1#309252
postLinks pl,posts p,votes v,users u#p.Id=pl.RelatedPostId,p.Id=v.PostId,u.Id=p.OwnerUserId#p.CreationDate,>=,1288254254,p.CreationDate,<=,1409793833#185785
postLinks pl,posts p,users u,badges b#p.Id=pl.RelatedPostId,u.Id=p.OwnerUserId,u.Id=b.UserId#p.AnswerCount,<=,3,p.CommentCount,<=,13#167437
postLinks pl,posts p,users u,badges b#p.Id=pl.RelatedPostId,u.Id=p.OwnerUserId,u.Id=b.UserId#p.FavoriteCount,=,0,u.CreationDate,<=,1409610566#2474
postLinks pl,posts p,users u,badges b#p.Id=pl.RelatedPostId,u.Id=p.OwnerUserId,u.Id=b.UserId#pl.LinkTypeId,=,3,p.Score,<=,14#8675
postLinks pl,posts p,users u,badges b#p.Id=pl.RelatedPostId,u.Id=p.OwnerUserId,u.Id=b.UserId#p.ViewCount,<=,2846,u.CreationDate,>=,1281687915#98893
postLinks pl,posts p,users u,badges b#p.Id=pl.RelatedPostId,u.Id=p.OwnerUserId,u.Id=b.UserId#p.AnswerCount,>=,0,p.AnswerCount,<=,6#235633
postLinks pl,posts p,users u,badges b#p.Id=pl.RelatedPostId,u.Id=p.OwnerUserId,u.Id=b.UserId#p.ViewCount,<=,4723,u.Views,>=,0#179743
postLinks pl,posts p,users u,badges b#p.Id=pl.RelatedPostId,u.Id=p.OwnerUserId,u.Id=b.UserId#p.FavoriteCount,>=,0,u.DownVotes,>=,0#261562
postLinks pl,posts p,users u,badges b#p.Id=pl.RelatedPostId,u.Id=p.OwnerUserId,u.Id=b.UserId#pl.CreationDate,>=,1300321378,u.UpVotes,<=,100#93833
postLinks pl,posts p,users u,badges b#p.Id=pl.RelatedPostId,u.Id=p.OwnerUserId,u.Id=b.UserId#p.PostTypeId,=,1,u.DownVotes,>=,0#293006
postLinks pl,posts p,users u,badges b#p.Id=pl.RelatedPostId,u.Id=p.OwnerUserId,u.Id=b.UserId#pl.CreationDate,=,1379938433,p.AnswerCount,>=,0#7
postLinks pl,posts p,users u,badges b#p.Id=pl.RelatedPostId,u.Id=p.OwnerUserId,u.Id=b.UserId#p.Score,>=,-1,u.Reputation,>=,1#293032
postLinks pl,posts p,users u,badges b#p.Id=pl.RelatedPostId,u.Id=p.OwnerUserId,u.Id=b.UserId#p.AnswerCount,>=,0,p.AnswerCount,<=,4#201182
postLinks pl,posts p,users u,badges b#p.Id=pl.RelatedPostId,u.Id=p.OwnerUserId,u.Id=b.UserId#p.CreationDate,<=,1410145269,u.CreationDate,<=,1410551378#293138
postLinks pl,posts p,users u,badges b#p.Id=pl.RelatedPostId,u.Id=p.OwnerUserId,u.Id=b.UserId#p.FavoriteCount,<=,4,b.Date,<=,1409843137#86186
postLinks pl,posts p,users u,badges b#p.Id=pl.RelatedPostId,u.Id=p.OwnerUserId,u.Id=b.UserId#p.ViewCount,>=,0,u.UpVotes,=,0#8292
postLinks pl,posts p,users u,badges b#p.Id=pl.RelatedPostId,u.Id=p.OwnerUserId,u.Id=b.UserId#p.AnswerCount,<=,5,u.Reputation,>=,1#218634
postLinks pl,posts p,users u,badges b#p.Id=pl.RelatedPostId,u.Id=p.OwnerUserId,u.Id=b.UserId#pl.LinkTypeId,=,1,p.PostTypeId,=,2#135
postLinks pl,posts p,users u,badges b#p.Id=pl.RelatedPostId,u.Id=p.OwnerUserId,u.Id=b.UserId#p.PostTypeId,=,2,p.Score,>=,0#135
postLinks pl,posts p,users u,badges b#p.Id=pl.RelatedPostId,u.Id=p.OwnerUserId,u.Id=b.UserId#p.ViewCount,>=,0,u.DownVotes,=,0#80877
postLinks pl,posts p,users u,badges b#p.Id=pl.RelatedPostId,u.Id=p.OwnerUserId,u.Id=b.UserId#pl.CreationDate,>=,1318527456,u.DownVotes,=,0#73420
postLinks pl,posts p,users u,badges b#p.Id=pl.RelatedPostId,u.Id=p.OwnerUserId,u.Id=b.UserId#p.AnswerCount,<=,3,p.CreationDate,<=,1410189651#168733
postLinks pl,posts p,users u,badges b#p.Id=pl.RelatedPostId,u.Id=p.OwnerUserId,u.Id=b.UserId#p.PostTypeId,=,2,u.Reputation,>=,1#135
postLinks pl,posts p,users u,badges b#p.Id=pl.RelatedPostId,u.Id=p.OwnerUserId,u.Id=b.UserId#p.CommentCount,>=,0,b.Date,>=,1281972813#280302
postLinks pl,posts p,users u,badges b#p.Id=pl.RelatedPostId,u.Id=p.OwnerUserId,u.Id=b.UserId#p.CreationDate,>=,1280184531,p.CreationDate,<=,1410481632#267666
postLinks pl,posts p,users u,badges b#p.Id=pl.RelatedPostId,u.Id=p.OwnerUserId,u.Id=b.UserId#pl.CreationDate,>=,1284777821,pl.CreationDate,<=,1409763766#287348
postLinks pl,posts p,users u,badges b#p.Id=pl.RelatedPostId,u.Id=p.OwnerUserId,u.Id=b.UserId#p.AnswerCount,<=,4,u.Reputation,<=,267#26814
postLinks pl,posts p,users u,badges b#p.Id=pl.RelatedPostId,u.Id=p.OwnerUserId,u.Id=b.UserId#p.PostTypeId,=,2,p.CommentCount,<=,12#135
postLinks pl,posts p,users u,badges b#p.Id=pl.RelatedPostId,u.Id=p.OwnerUserId,u.Id=b.UserId#p.AnswerCount,>=,0,u.DownVotes,>=,0#293006
postLinks pl,posts p,users u,badges b#p.Id=pl.RelatedPostId,u.Id=p.OwnerUserId,u.Id=b.UserId#pl.CreationDate,>=,1295982229,p.AnswerCount,>=,0#278055
postLinks pl,posts p,users u,badges b#p.Id=pl.RelatedPostId,u.Id=p.OwnerUserId,u.Id=b.UserId#u.DownVotes,>=,0,b.Date,<=,1410274934#292305
postLinks pl,posts p,users u,badges b#p.Id=pl.RelatedPostId,u.Id=p.OwnerUserId,u.Id=b.UserId#pl.CreationDate,>=,1317836126,u.CreationDate,<=,1409165775#250879
postLinks pl,posts p,users u,badges b#p.Id=pl.RelatedPostId,u.Id=p.OwnerUserId,u.Id=b.UserId#pl.CreationDate,>=,1321995500,p.ViewCount,<=,5523#152104
postLinks pl,posts p,users u,badges b#p.Id=pl.RelatedPostId,u.Id=p.OwnerUserId,u.Id=b.UserId#p.PostTypeId,=,2,u.CreationDate,>=,1303076769#70
postHistory ph,posts p,votes v,users u#p.Id=ph.PostId,u.Id=p.OwnerUserId,p.Id=v.PostId#p.PostTypeId,=,2,v.VoteTypeId,=,2#329214
postHistory ph,posts p,votes v,users u#p.Id=ph.PostId,u.Id=p.OwnerUserId,p.Id=v.PostId#v.BountyAmount,>=,0,u.UpVotes,>=,0#10757
postHistory ph,posts p,votes v,users u#p.Id=ph.PostId,u.Id=p.OwnerUserId,p.Id=v.PostId#v.VoteTypeId,=,2,u.Reputation,>=,1#969445
postHistory ph,posts p,votes v,users u#p.Id=ph.PostId,u.Id=p.OwnerUserId,p.Id=v.PostId#ph.CreationDate,>=,1287026557,u.DownVotes,<=,0#679200
postHistory ph,posts p,votes v,users u#p.Id=ph.PostId,u.Id=p.OwnerUserId,p.Id=v.PostId#p.PostTypeId,=,2,p.CreationDate,>=,1280846356#351439
postHistory ph,posts p,votes v,users u#p.Id=ph.PostId,u.Id=p.OwnerUserId,p.Id=v.PostId#p.FavoriteCount,<=,10,p.CreationDate,<=,1409837991#499632
postHistory ph,posts p,votes v,users u#p.Id=ph.PostId,u.Id=p.OwnerUserId,p.Id=v.PostId#p.FavoriteCount,>=,0,u.Reputation,=,6#4858
postHistory ph,posts p,votes v,users u#p.Id=ph.PostId,u.Id=p.OwnerUserId,p.Id=v.PostId#p.Score,<=,14,p.ViewCount,<=,15328#703499
postHistory ph,posts p,votes v,users u#p.Id=ph.PostId,u.Id=p.OwnerUserId,p.Id=v.PostId#p.FavoriteCount,>=,0,p.FavoriteCount,<=,6#436610
postHistory ph,posts p,votes v,users u#p.Id=ph.PostId,u.Id=p.OwnerUserId,p.Id=v.PostId#ph.CreationDate,<=,1405103634,u.CreationDate,>=,1279586139#1188091
postHistory ph,posts p,votes v,users u#p.Id=ph.PostId,u.Id=p.OwnerUserId,p.Id=v.PostId#v.BountyAmount,<=,0,u.UpVotes,>=,0#3
postHistory ph,posts p,users u,badges b#u.Id=p.OwnerUserId,p.OwnerUserId=ph.UserId,ph.UserId=b.UserId#p.FavoriteCount,<=,21,u.Views,<=,24#684929
postHistory ph,posts p,users u,badges b#u.Id=p.OwnerUserId,p.OwnerUserId=ph.UserId,ph.UserId=b.UserId#ph.PostHistoryTypeId,=,1,p.AnswerCount,<=,5#17473804
postHistory ph,posts p,users u,badges b#u.Id=p.OwnerUserId,p.OwnerUserId=ph.UserId,ph.UserId=b.UserId#ph.PostHistoryTypeId,=,2,u.DownVotes,<=,1#17153725
postHistory ph,posts p,users u,badges b#u.Id=p.OwnerUserId,p.OwnerUserId=ph.UserId,ph.UserId=b.UserId#p.CreationDate,>=,1279973348,p.CreationDate,<=,1410124950#12215828813
postHistory ph,posts p,users u,badges b#u.Id=p.OwnerUserId,p.OwnerUserId=ph.UserId,ph.UserId=b.UserId#p.CommentCount,>=,0,p.FavoriteCount,>=,0#154504854
postHistory ph,posts p,users u,badges b#u.Id=p.OwnerUserId,p.OwnerUserId=ph.UserId,ph.UserId=b.UserId#ph.CreationDate,>=,1280245431,p.AnswerCount,<=,3#186350640
postHistory ph,posts p,users u,badges b#u.Id=p.OwnerUserId,p.OwnerUserId=ph.UserId,ph.UserId=b.UserId#p.CommentCount,>=,0,p.CommentCount,<=,11#12084830387
postHistory ph,posts p,users u,badges b#u.Id=p.OwnerUserId,p.OwnerUserId=ph.UserId,ph.UserId=b.UserId#p.PostTypeId,=,2,p.CommentCount,>=,0#11260994754
postHistory ph,posts p,users u,badges b#u.Id=p.OwnerUserId,p.OwnerUserId=ph.UserId,ph.UserId=b.UserId#p.PostTypeId,=,2,u.DownVotes,>=,0#11260994754
postHistory ph,posts p,users u,badges b#u.Id=p.OwnerUserId,p.OwnerUserId=ph.UserId,ph.UserId=b.UserId#p.Score,<=,24,u.DownVotes,<=,0#41832552
postHistory ph,posts p,users u,badges b#u.Id=p.OwnerUserId,p.OwnerUserId=ph.UserId,ph.UserId=b.UserId#ph.PostHistoryTypeId,=,2,p.PostTypeId,=,1#57885135
postHistory ph,posts p,users u,badges b#u.Id=p.OwnerUserId,p.OwnerUserId=ph.UserId,ph.UserId=b.UserId#ph.PostHistoryTypeId,=,5,p.Score,<=,24#5274406238
postHistory ph,posts p,users u,badges b#u.Id=p.OwnerUserId,p.OwnerUserId=ph.UserId,ph.UserId=b.UserId#u.CreationDate,>=,1304344222,b.Date,>=,1279733292#2168045230
postHistory ph,posts p,users u,badges b#u.Id=p.OwnerUserId,p.OwnerUserId=ph.UserId,ph.UserId=b.UserId#p.AnswerCount,<=,4,p.CommentCount,<=,13#202578091
postHistory ph,posts p,users u,badges b#u.Id=p.OwnerUserId,p.OwnerUserId=ph.UserId,ph.UserId=b.UserId#p.PostTypeId,=,1,p.CreationDate,<=,1410476335#229550286
postHistory ph,posts p,users u,badges b#u.Id=p.OwnerUserId,p.OwnerUserId=ph.UserId,ph.UserId=b.UserId#p.PostTypeId,=,2,u.Views,<=,323#33836227
postHistory ph,posts p,users u,badges b#u.Id=p.OwnerUserId,p.OwnerUserId=ph.UserId,ph.UserId=b.UserId#ph.PostHistoryTypeId,=,1,p.CommentCount,=,1#9027356
postHistory ph,posts p,users u,badges b#u.Id=p.OwnerUserId,p.OwnerUserId=ph.UserId,ph.UserId=b.UserId#ph.PostHistoryTypeId,=,1,u.DownVotes,<=,0#9280748
postHistory ph,posts p,users u,badges b#u.Id=p.OwnerUserId,p.OwnerUserId=ph.UserId,ph.UserId=b.UserId#p.PostTypeId,=,1,p.FavoriteCount,>=,0#154504854
postHistory ph,posts p,users u,badges b#u.Id=p.OwnerUserId,p.OwnerUserId=ph.UserId,ph.UserId=b.UserId#ph.PostHistoryTypeId,=,5,u.CreationDate,>=,1279567094#5350305364
postHistory ph,posts p,users u,badges b#u.Id=p.OwnerUserId,p.OwnerUserId=ph.UserId,ph.UserId=b.UserId#u.CreationDate,>=,1280195545,b.Date,=,1304889760#52
postHistory ph,posts p,users u,badges b#u.Id=p.OwnerUserId,p.OwnerUserId=ph.UserId,ph.UserId=b.UserId#u.Reputation,<=,2320,u.UpVotes,<=,11#4684017
postHistory ph,posts p,users u,badges b#u.Id=p.OwnerUserId,p.OwnerUserId=ph.UserId,ph.UserId=b.UserId#p.ViewCount,>=,0,p.AnswerCount,>=,0#229687074
postHistory ph,posts p,users u,badges b#u.Id=p.OwnerUserId,p.OwnerUserId=ph.UserId,ph.UserId=b.UserId#u.DownVotes,=,0,u.CreationDate,<=,1407942081#42058946
postHistory ph,posts p,users u,badges b#u.Id=p.OwnerUserId,p.OwnerUserId=ph.UserId,ph.UserId=b.UserId#p.FavoriteCount,<=,18,b.Date,>=,1280198924#141636077
postHistory ph,posts p,users u,badges b#u.Id=p.OwnerUserId,p.OwnerUserId=ph.UserId,ph.UserId=b.UserId#p.AnswerCount,=,0,u.Views,<=,22#703792
postHistory ph,votes v,users u,badges b#u.Id=ph.UserId,u.Id=v.UserId,u.Id=b.UserId#ph.PostHistoryTypeId,=,5,v.BountyAmount,>=,0#61791989
postHistory ph,votes v,users u,badges b#u.Id=ph.UserId,u.Id=v.UserId,u.Id=b.UserId#u.Reputation,<=,230,u.Views,>=,0#1740638
postHistory ph,votes v,users u,badges b#u.Id=ph.UserId,u.Id=v.UserId,u.Id=b.UserId#u.Reputation,=,82,u.Views,<=,90#4852
postHistory ph,votes v,users u,badges b#u.Id=ph.UserId,u.Id=v.UserId,u.Id=b.UserId#ph.CreationDate,>=,1289336720,u.Views,<=,36#2061267
postHistory ph,votes v,users u,badges b#u.Id=ph.UserId,u.Id=v.UserId,u.Id=b.UserId#ph.PostHistoryTypeId,=,3,v.BountyAmount,>=,0#901479
postHistory ph,votes v,users u,badges b#u.Id=ph.UserId,u.Id=v.UserId,u.Id=b.UserId#v.BountyAmount,<=,100,u.CreationDate,<=,1410092850#117120542
postHistory ph,votes v,users u,badges b#u.Id=ph.UserId,u.Id=v.UserId,u.Id=b.UserId#u.Reputation,>=,1,u.CreationDate,<=,1407921069#3136337795
postHistory ph,votes v,users u,badges b#u.Id=ph.UserId,u.Id=v.UserId,u.Id=b.UserId#ph.CreationDate,>=,1287174605,u.Views,>=,0#3057648800
postHistory ph,votes v,users u,badges b#u.Id=ph.UserId,u.Id=v.UserId,u.Id=b.UserId#ph.PostHistoryTypeId,=,5,u.Reputation,<=,1118#3856005
postHistory ph,votes v,users u,badges b#u.Id=ph.UserId,u.Id=v.UserId,u.Id=b.UserId#u.Reputation,<=,268,b.Date,<=,1410530981#2279145
postHistory ph,votes v,users u,badges b#u.Id=ph.UserId,u.Id=v.UserId,u.Id=b.UserId#ph.PostHistoryTypeId,=,3,b.Date,<=,1408761063#22456507
postHistory ph,votes v,users u,badges b#u.Id=ph.UserId,u.Id=v.UserId,u.Id=b.UserId#ph.CreationDate,>=,1281203797,v.CreationDate,>=,1233532800#3130039535
postHistory ph,votes v,users u,badges b#u.Id=ph.UserId,u.Id=v.UserId,u.Id=b.UserId#u.UpVotes,<=,733,b.Date,<=,1410362661#67589247
postHistory ph,votes v,users u,badges b#u.Id=ph.UserId,u.Id=v.UserId,u.Id=b.UserId#ph.CreationDate,>=,1298023542,ph.CreationDate,<=,1409265987#2882267283
postHistory ph,votes v,users u,badges b#u.Id=ph.UserId,u.Id=v.UserId,u.Id=b.UserId#u.DownVotes,>=,0,u.CreationDate,>=,1281104545#2946410232
postHistory ph,votes v,users u,badges b#u.Id=ph.UserId,u.Id=v.UserId,u.Id=b.UserId#ph.PostHistoryTypeId,=,5,v.CreationDate,=,1388880000#1676503
postHistory ph,votes v,users u,badges b#u.Id=ph.UserId,u.Id=v.UserId,u.Id=b.UserId#u.Views,<=,87,b.Date,>=,1279568350#6976795
postHistory ph,votes v,users u,badges b#u.Id=ph.UserId,u.Id=v.UserId,u.Id=b.UserId#v.CreationDate,<=,1410480000,u.Views,<=,309#34336732
postHistory ph,votes v,users u,badges b#u.Id=ph.UserId,u.Id=v.UserId,u.Id=b.UserId#v.VoteTypeId,=,5,v.CreationDate,<=,1410134400#3002079892
postHistory ph,votes v,users u,badges b#u.Id=ph.UserId,u.Id=v.UserId,u.Id=b.UserId#ph.PostHistoryTypeId,=,2,ph.CreationDate,=,1329328442#18
postHistory ph,votes v,users u,badges b#u.Id=ph.UserId,u.Id=v.UserId,u.Id=b.UserId#ph.CreationDate,>=,1284394970,u.Reputation,>=,1#3105863216
postHistory ph,votes v,users u,badges b#u.Id=ph.UserId,u.Id=v.UserId,u.Id=b.UserId#v.CreationDate,=,1332547200,u.Reputation,>=,1#22233
postHistory ph,votes v,users u,badges b#u.Id=ph.UserId,u.Id=v.UserId,u.Id=b.UserId#v.CreationDate,>=,1280275200,u.Views,>=,0#3130217246
postHistory ph,votes v,users u,badges b#u.Id=ph.UserId,u.Id=v.UserId,u.Id=b.UserId#u.Views,>=,0,u.Views,<=,238#21160463
postHistory ph,votes v,users u,badges b#u.Id=ph.UserId,u.Id=v.UserId,u.Id=b.UserId#u.DownVotes,>=,0,u.DownVotes,<=,10#80809855
postHistory ph,votes v,users u,badges b#u.Id=ph.UserId,u.Id=v.UserId,u.Id=b.UserId#v.BountyAmount,>=,0,u.Views,<=,4#4054
postHistory ph,votes v,users u,badges b#u.Id=ph.UserId,u.Id=v.UserId,u.Id=b.UserId#v.CreationDate,>=,1279756800,b.Date,>=,1279759094#3128624118
postHistory ph,votes v,users u,badges b#u.Id=ph.UserId,u.Id=v.UserId,u.Id=b.UserId#ph.PostHistoryTypeId,=,2,ph.CreationDate,<=,1409746042#502873956
postHistory ph,votes v,users u,badges b#u.Id=ph.UserId,u.Id=v.UserId,u.Id=b.UserId#ph.PostHistoryTypeId,=,5,ph.CreationDate,<=,1410552701#1502014694
postHistory ph,votes v,users u,badges b#u.Id=ph.UserId,u.Id=v.UserId,u.Id=b.UserId#v.CreationDate,>=,1279756800,v.CreationDate,<=,1410134400#3127710290
postHistory ph,votes v,users u,badges b#u.Id=ph.UserId,u.Id=v.UserId,u.Id=b.UserId#ph.PostHistoryTypeId,=,1,v.BountyAmount,<=,100#813434
postHistory ph,votes v,users u,badges b#u.Id=ph.UserId,u.Id=v.UserId,u.Id=b.UserId#u.CreationDate,>=,1280931123,u.CreationDate,<=,1408303677#2946505325
postHistory ph,votes v,users u,badges b#u.Id=ph.UserId,u.Id=v.UserId,u.Id=b.UserId#ph.PostHistoryTypeId,=,1,v.CreationDate,<=,1409529600#22586618
postHistory ph,votes v,users u,badges b#u.Id=ph.UserId,u.Id=v.UserId,u.Id=b.UserId#ph.PostHistoryTypeId,=,6,b.Date,>=,1284603396#436266128
postHistory ph,votes v,users u,badges b#u.Id=ph.UserId,u.Id=v.UserId,u.Id=b.UserId#u.Reputation,>=,1,u.UpVotes,>=,0#3136348028
postHistory ph,votes v,users u,badges b#u.Id=ph.UserId,u.Id=v.UserId,u.Id=b.UserId#v.BountyAmount,>=,0,u.DownVotes,=,0#477306
postHistory ph,votes v,users u,badges b#u.Id=ph.UserId,u.Id=v.UserId,u.Id=b.UserId#u.CreationDate,>=,1292117668,u.CreationDate,<=,1407449636#720680934
postHistory ph,votes v,users u,badges b#u.Id=ph.UserId,u.Id=v.UserId,u.Id=b.UserId#u.Views,>=,0,u.CreationDate,>=,1293754972#719666810
postHistory ph,votes v,users u,badges b#u.Id=ph.UserId,u.Id=v.UserId,u.Id=b.UserId#u.Views,>=,0,u.DownVotes,>=,0#3136348028
postHistory ph,votes v,users u,badges b#u.Id=ph.UserId,u.Id=v.UserId,u.Id=b.UserId#u.UpVotes,>=,0,u.UpVotes,<=,23#1828898
postHistory ph,votes v,users u,badges b#u.Id=ph.UserId,u.Id=v.UserId,u.Id=b.UserId#v.CreationDate,=,1284422400,b.Date,<=,1409276656#227913
postHistory ph,votes v,users u,badges b#u.Id=ph.UserId,u.Id=v.UserId,u.Id=b.UserId#u.Views,>=,0,u.UpVotes,>=,0#3136348028
postHistory ph,votes v,users u,badges b#u.Id=ph.UserId,u.Id=v.UserId,u.Id=b.UserId#v.BountyAmount,<=,50,u.Views,<=,14#22700
postHistory ph,votes v,users u,badges b#u.Id=ph.UserId,u.Id=v.UserId,u.Id=b.UserId#v.CreationDate,>=,1279497600,u.UpVotes,>=,0#3136348028
postHistory ph,votes v,users u,badges b#u.Id=ph.UserId,u.Id=v.UserId,u.Id=b.UserId#u.DownVotes,<=,0,u.CreationDate,>=,1284947760#6645343
postHistory ph,votes v,users u,badges b#u.Id=ph.UserId,u.Id=v.UserId,u.Id=b.UserId#u.DownVotes,<=,0,b.Date,>=,1281703501#13750541
postHistory ph,votes v,users u,badges b#u.Id=ph.UserId,u.Id=v.UserId,u.Id=b.UserId#u.UpVotes,>=,0,u.UpVotes,<=,244#20926084
postHistory ph,votes v,users u,badges b#u.Id=ph.UserId,u.Id=v.UserId,u.Id=b.UserId#u.CreationDate,>=,1279617673,u.CreationDate,<=,1406842293#2996060187
postHistory ph,votes v,users u,badges b#u.Id=ph.UserId,u.Id=v.UserId,u.Id=b.UserId#u.Reputation,>=,1,u.Reputation,<=,263#2254395
postHistory ph,votes v,users u,badges b#u.Id=ph.UserId,u.Id=v.UserId,u.Id=b.UserId#ph.PostHistoryTypeId,=,6,u.DownVotes,>=,0#445081803
postHistory ph,votes v,users u,badges b#u.Id=ph.UserId,u.Id=v.UserId,u.Id=b.UserId#u.Reputation,=,21,u.Views,<=,16#4177
postHistory ph,votes v,users u,badges b#u.Id=ph.UserId,u.Id=v.UserId,u.Id=b.UserId#ph.PostHistoryTypeId,=,2,v.CreationDate,>=,1279584000#510775350
postHistory ph,votes v,users u,badges b#u.Id=ph.UserId,u.Id=v.UserId,u.Id=b.UserId#u.Views,>=,0,u.UpVotes,>=,0#3136348028
postHistory ph,votes v,users u,badges b#u.Id=ph.UserId,u.Id=v.UserId,u.Id=b.UserId#ph.PostHistoryTypeId,=,16,v.CreationDate,<=,1410480000#38892871
postHistory ph,votes v,users u,badges b#u.Id=ph.UserId,u.Id=v.UserId,u.Id=b.UserId#ph.PostHistoryTypeId,=,3,u.CreationDate,<=,1409785531#22674125
postHistory ph,votes v,users u,badges b#u.Id=ph.UserId,u.Id=v.UserId,u.Id=b.UserId#v.CreationDate,>=,1279497600,u.Views,>=,0#3136348028
postHistory ph,votes v,users u,badges b#u.Id=ph.UserId,u.Id=v.UserId,u.Id=b.UserId#ph.CreationDate,>=,1279576216,u.DownVotes,<=,3#29713813
postHistory ph,votes v,users u,badges b#u.Id=ph.UserId,u.Id=v.UserId,u.Id=b.UserId#u.UpVotes,>=,0,u.UpVotes,<=,123#11413071
postHistory ph,votes v,users u,badges b#u.Id=ph.UserId,u.Id=v.UserId,u.Id=b.UserId#u.UpVotes,>=,0,u.UpVotes,<=,11#719228
postHistory ph,votes v,users u,badges b#u.Id=ph.UserId,u.Id=v.UserId,u.Id=b.UserId#u.DownVotes,>=,0,b.Date,>=,1279571646#3134193737
postHistory ph,votes v,users u,badges b#u.Id=ph.UserId,u.Id=v.UserId,u.Id=b.UserId#u.Reputation,=,1,u.DownVotes,<=,0#1265
postHistory ph,votes v,users u,badges b#u.Id=ph.UserId,u.Id=v.UserId,u.Id=b.UserId#ph.PostHistoryTypeId,=,6,v.BountyAmount,<=,100#14536564
postHistory ph,votes v,users u,badges b#u.Id=ph.UserId,u.Id=v.UserId,u.Id=b.UserId#ph.PostHistoryTypeId,=,5,v.CreationDate,<=,1410566400#1503478854
postHistory ph,votes v,users u,badges b#u.Id=ph.UserId,u.Id=v.UserId,u.Id=b.UserId#v.CreationDate,=,1369612800,u.Reputation,<=,9800#38363
postHistory ph,votes v,users u,badges b#u.Id=ph.UserId,u.Id=v.UserId,u.Id=b.UserId#ph.CreationDate,>=,1289853136,ph.CreationDate,<=,1410531807#3007486583
postHistory ph,votes v,users u,badges b#u.Id=ph.UserId,u.Id=v.UserId,u.Id=b.UserId#ph.CreationDate,>=,1292523408,u.Views,<=,5927#2681616974
postHistory ph,votes v,users u,badges b#u.Id=ph.UserId,u.Id=v.UserId,u.Id=b.UserId#ph.CreationDate,<=,1409301826,u.UpVotes,=,0#33280
postHistory ph,votes v,users u,badges b#u.Id=ph.UserId,u.Id=v.UserId,u.Id=b.UserId#v.BountyAmount,>=,0,v.CreationDate,<=,1410480000#127593767
postHistory ph,votes v,users u,badges b#u.Id=ph.UserId,u.Id=v.UserId,u.Id=b.UserId#u.UpVotes,>=,0,u.UpVotes,<=,218#18356692
postHistory ph,votes v,users u,badges b#u.Id=ph.UserId,u.Id=v.UserId,u.Id=b.UserId#v.VoteTypeId,=,5,u.DownVotes,>=,0#3008754177
postHistory ph,votes v,users u,badges b#u.Id=ph.UserId,u.Id=v.UserId,u.Id=b.UserId#ph.PostHistoryTypeId,=,1,b.Date,>=,1286930860#21423025
postHistory ph,votes v,users u,badges b#u.Id=ph.UserId,u.Id=v.UserId,u.Id=b.UserId#u.Views,<=,221,u.CreationDate,<=,1409610566#20624149
postHistory ph,votes v,users u,badges b#u.Id=ph.UserId,u.Id=v.UserId,u.Id=b.UserId#u.UpVotes,>=,0,u.UpVotes,<=,156#15109150
postHistory ph,votes v,users u,badges b#u.Id=ph.UserId,u.Id=v.UserId,u.Id=b.UserId#u.UpVotes,>=,0,u.UpVotes,<=,7035#1457844953
comments c,posts p,postLinks pl,postHistory ph,votes v#p.Id=c.PostId,p.Id=pl.PostId,p.Id=ph.PostId,p.Id=v.PostId#p.CommentCount,<=,22,p.CreationDate,<=,1410534227#2071386
comments c,posts p,postLinks pl,postHistory ph,votes v#p.Id=c.PostId,p.Id=pl.PostId,p.Id=ph.PostId,p.Id=v.PostId#p.AnswerCount,<=,5,ph.CreationDate,>=,1287440367#1277326
comments c,posts p,postLinks pl,postHistory ph,votes v#p.Id=c.PostId,p.Id=pl.PostId,p.Id=ph.PostId,p.Id=v.PostId#p.AnswerCount,=,0,p.CreationDate,<=,1409154626#102861
comments c,posts p,postLinks pl,postHistory ph,votes v#p.Id=c.PostId,p.Id=pl.PostId,p.Id=ph.PostId,p.Id=v.PostId#p.CreationDate,<=,1409219708,ph.PostHistoryTypeId,=,2#280256
comments c,posts p,postLinks pl,postHistory ph,votes v#p.Id=c.PostId,p.Id=pl.PostId,p.Id=ph.PostId,p.Id=v.PostId#p.ViewCount,>=,0,v.VoteTypeId,=,2#1340968
comments c,posts p,postLinks pl,postHistory ph,votes v#p.Id=c.PostId,p.Id=pl.PostId,p.Id=ph.PostId,p.Id=v.PostId#p.CreationDate,<=,1410123215,v.BountyAmount,>=,0#17261
comments c,posts p,postLinks pl,postHistory ph,votes v#p.Id=c.PostId,p.Id=pl.PostId,p.Id=ph.PostId,p.Id=v.PostId#p.FavoriteCount,>=,0,v.CreationDate,<=,1410134400#1880392
comments c,posts p,postLinks pl,postHistory ph,votes v#p.Id=c.PostId,p.Id=pl.PostId,p.Id=ph.PostId,p.Id=v.PostId#c.Score,=,0,pl.LinkTypeId,=,1#1211676
comments c,posts p,postLinks pl,postHistory ph,votes v#p.Id=c.PostId,p.Id=pl.PostId,p.Id=ph.PostId,p.Id=v.PostId#c.Score,=,0,p.Score,<=,49#995765
comments c,posts p,postLinks pl,postHistory ph,votes v#p.Id=c.PostId,p.Id=pl.PostId,p.Id=ph.PostId,p.Id=v.PostId#p.CommentCount,<=,10,pl.LinkTypeId,=,1#1618103
comments c,posts p,postLinks pl,postHistory ph,votes v#p.Id=c.PostId,p.Id=pl.PostId,p.Id=ph.PostId,p.Id=v.PostId#p.ViewCount,<=,22890,v.VoteTypeId,=,5#457771
comments c,posts p,postLinks pl,postHistory ph,votes v#p.Id=c.PostId,p.Id=pl.PostId,p.Id=ph.PostId,p.Id=v.PostId#p.ViewCount,>=,0,ph.PostHistoryTypeId,=,2#282841
comments c,posts p,postLinks pl,postHistory ph,users u#p.Id=pl.RelatedPostId,pl.RelatedPostId=c.PostId,pl.RelatedPostId=ph.PostId,u.Id=c.UserId#p.ViewCount,>=,0,p.CommentCount,>=,0#225370
comments c,posts p,postLinks pl,postHistory ph,users u#p.Id=pl.RelatedPostId,pl.RelatedPostId=c.PostId,pl.RelatedPostId=ph.PostId,u.Id=c.UserId#pl.LinkTypeId,=,1,ph.CreationDate,<=,1409770828#205744
comments c,posts p,postLinks pl,postHistory ph,users u#p.Id=pl.RelatedPostId,pl.RelatedPostId=c.PostId,pl.RelatedPostId=ph.PostId,u.Id=c.UserId#p.PostTypeId,=,1,ph.PostHistoryTypeId,=,2#32397
comments c,posts p,postLinks pl,postHistory ph,users u#p.Id=pl.RelatedPostId,pl.RelatedPostId=c.PostId,pl.RelatedPostId=ph.PostId,u.Id=c.UserId#p.CommentCount,>=,0,u.UpVotes,<=,21#44082
comments c,posts p,postLinks pl,postHistory ph,users u#p.Id=pl.RelatedPostId,pl.RelatedPostId=c.PostId,pl.RelatedPostId=ph.PostId,u.Id=c.UserId#p.CreationDate,<=,1410529501,u.Reputation,<=,451#50320
comments c,posts p,postLinks pl,postHistory ph,users u#p.Id=pl.RelatedPostId,pl.RelatedPostId=c.PostId,pl.RelatedPostId=ph.PostId,u.Id=c.UserId#c.CreationDate,>=,1279973763,c.CreationDate,<=,1410379238#221619
comments c,posts p,postLinks pl,postHistory ph,users u#p.Id=pl.RelatedPostId,pl.RelatedPostId=c.PostId,pl.RelatedPostId=ph.PostId,u.Id=c.UserId#p.ViewCount,>=,0,p.AnswerCount,=,0#8883
comments c,posts p,postLinks pl,postHistory ph,users u#p.Id=pl.RelatedPostId,pl.RelatedPostId=c.PostId,pl.RelatedPostId=ph.PostId,u.Id=c.UserId#u.DownVotes,<=,0,u.CreationDate,<=,1410233808#57940
comments c,posts p,postHistory ph,votes v,users u#u.Id=c.UserId,c.UserId=p.OwnerUserId,p.OwnerUserId=ph.UserId,ph.UserId=v.UserId#ph.PostHistoryTypeId,=,3,v.CreationDate,=,1369699200#15240583825
comments c,posts p,postHistory ph,votes v,users u#u.Id=c.UserId,c.UserId=p.OwnerUserId,p.OwnerUserId=ph.UserId,ph.UserId=v.UserId#p.Score,<=,42,p.AnswerCount,<=,3#2123713973
comments c,posts p,postHistory ph,votes v,users u#u.Id=c.UserId,c.UserId=p.OwnerUserId,p.OwnerUserId=ph.UserId,ph.UserId=v.UserId#c.CreationDate,<=,1410364421,p.FavoriteCount,<=,10#17024518142973
comments c,posts p,postHistory ph,votes v,users u#u.Id=c.UserId,c.UserId=p.OwnerUserId,p.OwnerUserId=ph.UserId,ph.UserId=v.UserId#p.CommentCount,<=,18,u.CreationDate,>=,1286476969#3932158884
comments c,postHistory ph,badges b,votes v,users u#u.Id=b.UserId,b.UserId=ph.UserId,ph.UserId=v.UserId,v.UserId=c.UserId#u.Views,>=,0,u.CreationDate,<=,1410462674#18207977829534
comments c,postHistory ph,badges b,votes v,users u#u.Id=b.UserId,b.UserId=ph.UserId,ph.UserId=v.UserId,v.UserId=c.UserId#ph.CreationDate,<=,1410595044,v.BountyAmount,<=,50#605314951320
comments c,postHistory ph,badges b,votes v,users u#u.Id=b.UserId,b.UserId=ph.UserId,ph.UserId=v.UserId,v.UserId=c.UserId#ph.PostHistoryTypeId,=,2,u.Reputation,<=,361#1482884
comments c,postHistory ph,badges b,votes v,users u#u.Id=b.UserId,b.UserId=ph.UserId,ph.UserId=v.UserId,v.UserId=c.UserId#v.BountyAmount,>=,0,v.BountyAmount,<=,50#650949902153
comments c,postHistory ph,badges b,votes v,users u#u.Id=b.UserId,b.UserId=ph.UserId,ph.UserId=v.UserId,v.UserId=c.UserId#ph.PostHistoryTypeId,=,2,u.DownVotes,>=,0#634518599
comments c,postHistory ph,badges b,votes v,users u#u.Id=b.UserId,b.UserId=ph.UserId,ph.UserId=v.UserId,v.UserId=c.UserId#u.DownVotes,=,0,u.UpVotes,>=,0#2262042974
comments c,postHistory ph,badges b,votes v,users u#u.Id=b.UserId,b.UserId=ph.UserId,ph.UserId=v.UserId,v.UserId=c.UserId#ph.PostHistoryTypeId,=,4,ph.CreationDate,<=,1408859565#350376917
comments c,postHistory ph,badges b,votes v,users u#u.Id=b.UserId,b.UserId=ph.UserId,ph.UserId=v.UserId,v.UserId=c.UserId#u.Reputation,>=,1,u.Reputation,<=,164#47639859
comments c,postHistory ph,badges b,votes v,users u#u.Id=b.UserId,b.UserId=ph.UserId,ph.UserId=v.UserId,v.UserId=c.UserId#v.BountyAmount,>=,0,v.BountyAmount,<=,50#650949902153
comments c,postHistory ph,badges b,votes v,users u#u.Id=b.UserId,b.UserId=ph.UserId,ph.UserId=v.UserId,v.UserId=c.UserId#u.Reputation,=,1,u.UpVotes,>=,0#279232
comments c,postHistory ph,badges b,votes v,users u#u.Id=b.UserId,b.UserId=ph.UserId,ph.UserId=v.UserId,v.UserId=c.UserId#ph.PostHistoryTypeId,=,1,ph.CreationDate,>=,1300612326#72904880
comments c,postHistory ph,badges b,votes v,users u#u.Id=b.UserId,b.UserId=ph.UserId,ph.UserId=v.UserId,v.UserId=c.UserId#c.Score,=,0,v.BountyAmount,<=,150#560730936441
comments c,postHistory ph,badges b,votes v,users u#u.Id=b.UserId,b.UserId=ph.UserId,ph.UserId=v.UserId,v.UserId=c.UserId#ph.PostHistoryTypeId,=,1,u.Reputation,>=,1#85090803
comments c,postHistory ph,badges b,votes v,users u#u.Id=b.UserId,b.UserId=ph.UserId,ph.UserId=v.UserId,v.UserId=c.UserId#ph.CreationDate,>=,1310006217,ph.CreationDate,<=,1407987121#2329419141
comments c,postHistory ph,badges b,votes v,users u#u.Id=b.UserId,b.UserId=ph.UserId,ph.UserId=v.UserId,v.UserId=c.UserId#v.CreationDate,=,1305244800,u.Reputation,<=,1588#533181
comments c,postHistory ph,badges b,votes v,users u#u.Id=b.UserId,b.UserId=ph.UserId,ph.UserId=v.UserId,v.UserId=c.UserId#v.CreationDate,>=,1279584000,u.DownVotes,<=,7#19096965708
comments c,postHistory ph,badges b,votes v,users u#u.Id=b.UserId,b.UserId=ph.UserId,ph.UserId=v.UserId,v.UserId=c.UserId#ph.PostHistoryTypeId,=,2,v.CreationDate,>=,1280188800#5662763698864
comments c,postHistory ph,badges b,votes v,users u#u.Id=b.UserId,b.UserId=ph.UserId,ph.UserId=v.UserId,v.UserId=c.UserId#u.Reputation,>=,1,u.Views,>=,0#18287095462488
comments c,postHistory ph,badges b,votes v,users u#u.Id=b.UserId,b.UserId=ph.UserId,ph.UserId=v.UserId,v.UserId=c.UserId#c.Score,=,0,u.UpVotes,>=,0#11891243697065
comments c,postHistory ph,badges b,votes v,users u#u.Id=b.UserId,b.UserId=ph.UserId,ph.UserId=v.UserId,v.UserId=c.UserId#u.DownVotes,<=,3,u.CreationDate,>=,1292673225#2733931364
comments c,postHistory ph,badges b,votes v,users u#u.Id=b.UserId,b.UserId=ph.UserId,ph.UserId=v.UserId,v.UserId=c.UserId#v.CreationDate,>=,1279497600,u.UpVotes,>=,0#18283351894442
comments c,postHistory ph,badges b,votes v,users u#u.Id=b.UserId,b.UserId=ph.UserId,ph.UserId=v.UserId,v.UserId=c.UserId#ph.PostHistoryTypeId,=,5,v.VoteTypeId,=,5#4112503991116
comments c,postHistory ph,badges b,votes v,users u#u.Id=b.UserId,b.UserId=ph.UserId,ph.UserId=v.UserId,v.UserId=c.UserId#ph.CreationDate,<=,1408738390,v.CreationDate,<=,1410134400#16704708697025
comments c,postHistory ph,badges b,votes v,users u#u.Id=b.UserId,b.UserId=ph.UserId,ph.UserId=v.UserId,v.UserId=c.UserId#ph.PostHistoryTypeId,=,6,u.Reputation,=,101#216
comments c,postHistory ph,badges b,votes v,users u#u.Id=b.UserId,b.UserId=ph.UserId,ph.UserId=v.UserId,v.UserId=c.UserId#u.Views,<=,139,u.UpVotes,<=,10#87111969
comments c,postHistory ph,badges b,votes v,users u#u.Id=b.UserId,b.UserId=ph.UserId,ph.UserId=v.UserId,v.UserId=c.UserId#c.Score,=,0,ph.PostHistoryTypeId,=,2#3686470191252
comments c,postHistory ph,badges b,votes v,users u#u.Id=b.UserId,b.UserId=ph.UserId,ph.UserId=v.UserId,v.UserId=c.UserId#ph.PostHistoryTypeId,=,2,u.DownVotes,>=,0#634518599
comments c,postHistory ph,badges b,votes v,users u#u.Id=b.UserId,b.UserId=ph.UserId,ph.UserId=v.UserId,v.UserId=c.UserId#c.Score,=,0,u.Views,>=,0#11891245023099
comments c,postHistory ph,badges b,votes v,users u#u.Id=b.UserId,b.UserId=ph.UserId,ph.UserId=v.UserId,v.UserId=c.UserId#c.Score,=,0,c.CreationDate,<=,1410167039#11712356520364
comments c,postHistory ph,badges b,votes v,users u#u.Id=b.UserId,b.UserId=ph.UserId,ph.UserId=v.UserId,v.UserId=c.UserId#v.BountyAmount,>=,0,u.UpVotes,>=,0#927308571649
comments c,postHistory ph,badges b,votes v,users u#u.Id=b.UserId,b.UserId=ph.UserId,ph.UserId=v.UserId,v.UserId=c.UserId#v.BountyAmount,<=,50,u.CreationDate,<=,1407702977#649655191578
comments c,postHistory ph,badges b,votes v,users u#u.Id=b.UserId,b.UserId=ph.UserId,ph.UserId=v.UserId,v.UserId=c.UserId#u.Reputation,<=,292,u.UpVotes,>=,0#92026853
comments c,postHistory ph,badges b,votes v,users u#u.Id=b.UserId,b.UserId=ph.UserId,ph.UserId=v.UserId,v.UserId=c.UserId#u.UpVotes,>=,0,u.UpVotes,<=,19#405350383
comments c,postHistory ph,badges b,votes v,users u#u.Id=b.UserId,b.UserId=ph.UserId,ph.UserId=v.UserId,v.UserId=c.UserId#c.Score,=,0,c.CreationDate,=,1326998645#37575
comments c,postHistory ph,badges b,votes v,users u#u.Id=b.UserId,b.UserId=ph.UserId,ph.UserId=v.UserId,v.UserId=c.UserId#c.Score,=,0,u.CreationDate,=,1361042251#136
comments c,postHistory ph,badges b,votes v,users u#u.Id=b.UserId,b.UserId=ph.UserId,ph.UserId=v.UserId,v.UserId=c.UserId#u.DownVotes,=,0,u.UpVotes,>=,0#2262042974
comments c,postHistory ph,badges b,votes v,users u#u.Id=b.UserId,b.UserId=ph.UserId,ph.UserId=v.UserId,v.UserId=c.UserId#c.Score,=,3,ph.PostHistoryTypeId,=,5#130545631657
comments c,postHistory ph,badges b,votes v,users u#u.Id=b.UserId,b.UserId=ph.UserId,ph.UserId=v.UserId,v.UserId=c.UserId#b.Date,<=,1407504305,u.UpVotes,<=,62#1329968158
comments c,postHistory ph,badges b,votes v,users u#u.Id=b.UserId,b.UserId=ph.UserId,ph.UserId=v.UserId,v.UserId=c.UserId#ph.CreationDate,>=,1283660189,v.BountyAmount,>=,0#857717646752
comments c,postHistory ph,badges b,votes v,users u#u.Id=b.UserId,b.UserId=ph.UserId,ph.UserId=v.UserId,v.UserId=c.UserId#ph.CreationDate,<=,1410426425,u.DownVotes,<=,0#18824632
comments c,postHistory ph,badges b,votes v,users u#u.Id=b.UserId,b.UserId=ph.UserId,ph.UserId=v.UserId,v.UserId=c.UserId#ph.CreationDate,<=,1404481357,u.CreationDate,>=,1280200791#2410613347
comments c,postHistory ph,badges b,votes v,users u#u.Id=b.UserId,b.UserId=ph.UserId,ph.UserId=v.UserId,v.UserId=c.UserId#u.CreationDate,>=,1279567166,u.CreationDate,<=,1410472725#18207978072989
comments c,postHistory ph,badges b,votes v,users u#u.Id=b.UserId,b.UserId=ph.UserId,ph.UserId=v.UserId,v.UserId=c.UserId#c.Score,=,0,u.Views,>=,0#11891245023099
comments c,postHistory ph,badges b,votes v,users u#u.Id=b.UserId,b.UserId=ph.UserId,ph.UserId=v.UserId,v.UserId=c.UserId#c.Score,=,0,u.CreationDate,>=,1279566509#11839175176685
comments c,postHistory ph,badges b,votes v,users u#u.Id=b.UserId,b.UserId=ph.UserId,ph.UserId=v.UserId,v.UserId=c.UserId#b.Date,>=,1280396945,u.UpVotes,>=,0#18191528225728
comments c,postHistory ph,badges b,votes v,users u#u.Id=b.UserId,b.UserId=ph.UserId,ph.UserId=v.UserId,v.UserId=c.UserId#c.CreationDate,>=,1280412484,v.CreationDate,<=,1409875200#18189933037340
comments c,postHistory ph,badges b,votes v,users u#u.Id=b.UserId,b.UserId=ph.UserId,ph.UserId=v.UserId,v.UserId=c.UserId#b.Date,=,1402336507,v.BountyAmount,>=,0#12698
comments c,postHistory ph,badges b,votes v,users u#u.Id=b.UserId,b.UserId=ph.UserId,ph.UserId=v.UserId,v.UserId=c.UserId#ph.PostHistoryTypeId,=,6,v.BountyAmount,<=,50#28205092672
comments c,postHistory ph,badges b,votes v,users u#u.Id=b.UserId,b.UserId=ph.UserId,ph.UserId=v.UserId,v.UserId=c.UserId#c.CreationDate,<=,1410260620,u.CreationDate,<=,1410165312#17976734937907
comments c,posts p,votes v,badges b,users u#u.Id=c.UserId,c.UserId=p.OwnerUserId,p.OwnerUserId=v.UserId,v.UserId=b.UserId#p.CommentCount,<=,11,p.FavoriteCount,>=,0#10329587
comments c,posts p,votes v,badges b,users u#u.Id=c.UserId,c.UserId=p.OwnerUserId,p.OwnerUserId=v.UserId,v.UserId=b.UserId#c.Score,=,1,p.ViewCount,>=,0#4182023
comments c,posts p,votes v,badges b,users u#u.Id=c.UserId,c.UserId=p.OwnerUserId,p.OwnerUserId=v.UserId,v.UserId=b.UserId#p.CommentCount,<=,13,p.CreationDate,>=,1280176485#526043341
comments c,posts p,votes v,badges b,users u#u.Id=c.UserId,c.UserId=p.OwnerUserId,p.OwnerUserId=v.UserId,v.UserId=b.UserId#c.CreationDate,>=,1279959838,v.CreationDate,<=,1410480000#11356393788
comments c,posts p,votes v,badges b,users u#u.Id=c.UserId,c.UserId=p.OwnerUserId,p.OwnerUserId=v.UserId,v.UserId=b.UserId#p.CreationDate,>=,1279568600,p.CreationDate,<=,1409899107#523943656
comments c,posts p,votes v,badges b,users u#u.Id=c.UserId,c.UserId=p.OwnerUserId,p.OwnerUserId=v.UserId,v.UserId=b.UserId#c.CreationDate,=,1404177755,u.Views,>=,0#68878
comments c,posts p,votes v,badges b,users u#u.Id=c.UserId,c.UserId=p.OwnerUserId,p.OwnerUserId=v.UserId,v.UserId=b.UserId#b.Date,>=,1280000013,b.Date,<=,1410465351#526616246
comments c,posts p,votes v,badges b,users u#u.Id=c.UserId,c.UserId=p.OwnerUserId,p.OwnerUserId=v.UserId,v.UserId=b.UserId#c.Score,=,0,u.CreationDate,>=,1279570583#2372782728655
comments c,posts p,votes v,badges b,users u#u.Id=c.UserId,c.UserId=p.OwnerUserId,p.OwnerUserId=v.UserId,v.UserId=b.UserId#c.Score,=,0,u.CreationDate,<=,1407932393#2372804949647
comments c,posts p,votes v,badges b,users u#u.Id=c.UserId,c.UserId=p.OwnerUserId,p.OwnerUserId=v.UserId,v.UserId=b.UserId#c.Score,=,0,p.CommentCount,>=,0#362401667
comments c,posts p,postHistory ph,badges b,users u#u.Id=c.UserId,u.Id=p.OwnerUserId,u.Id=ph.UserId,u.Id=b.UserId#p.CreationDate,<=,1409862892,u.UpVotes,>=,0#95254935279008
comments c,posts p,postHistory ph,badges b,users u#u.Id=c.UserId,u.Id=p.OwnerUserId,u.Id=ph.UserId,u.Id=b.UserId#p.PostTypeId,=,2,p.CommentCount,>=,0#89439787284348
comments c,posts p,postHistory ph,badges b,users u#u.Id=c.UserId,u.Id=p.OwnerUserId,u.Id=ph.UserId,u.Id=b.UserId#p.CommentCount,=,0,ph.PostHistoryTypeId,=,2#12220183614057
comments c,posts p,postHistory ph,badges b,users u#u.Id=c.UserId,u.Id=p.OwnerUserId,u.Id=ph.UserId,u.Id=b.UserId#u.DownVotes,>=,0,u.DownVotes,<=,18#260412342103
comments c,posts p,postHistory ph,badges b,users u#u.Id=c.UserId,u.Id=p.OwnerUserId,u.Id=ph.UserId,u.Id=b.UserId#p.CreationDate,>=,1279605839,u.Views,>=,0#96292627578741
comments c,posts p,postHistory ph,badges b,users u#u.Id=c.UserId,u.Id=p.OwnerUserId,u.Id=ph.UserId,u.Id=b.UserId#p.FavoriteCount,<=,4,u.Views,>=,0#228813351261
comments c,posts p,postHistory ph,badges b,users u#u.Id=c.UserId,u.Id=p.OwnerUserId,u.Id=ph.UserId,u.Id=b.UserId#p.CommentCount,=,1,p.FavoriteCount,<=,5#36551379280
comments c,posts p,postHistory ph,badges b,users u#u.Id=c.UserId,u.Id=p.OwnerUserId,u.Id=ph.UserId,u.Id=b.UserId#p.PostTypeId,=,1,p.FavoriteCount,=,0#10248864508
comments c,posts p,postHistory ph,badges b,users u#u.Id=c.UserId,u.Id=p.OwnerUserId,u.Id=ph.UserId,u.Id=b.UserId#ph.CreationDate,>=,1279568577,b.Date,>=,1279568349#89349360979887
comments c,posts p,postHistory ph,badges b,users u#u.Id=c.UserId,u.Id=p.OwnerUserId,u.Id=ph.UserId,u.Id=b.UserId#p.ViewCount,<=,5419,u.Views,<=,7#43671186
comments c,posts p,postHistory ph,badges b,users u#u.Id=c.UserId,u.Id=p.OwnerUserId,u.Id=ph.UserId,u.Id=b.UserId#c.CreationDate,<=,1409470514,u.Views,<=,68#361733246
comments c,posts p,postHistory ph,badges b,users u#u.Id=c.UserId,u.Id=p.OwnerUserId,u.Id=ph.UserId,u.Id=b.UserId#c.Score,=,0,c.CreationDate,=,1388069368#513048
comments c,posts p,postHistory ph,badges b,users u#u.Id=c.UserId,u.Id=p.OwnerUserId,u.Id=ph.UserId,u.Id=b.UserId#p.PostTypeId,=,2,u.UpVotes,=,0#113533806
comments c,posts p,postHistory ph,badges b,users u#u.Id=c.UserId,u.Id=p.OwnerUserId,u.Id=ph.UserId,u.Id=b.UserId#u.Reputation,>=,1,u.DownVotes,<=,25#281994191572
tags t,posts p,postHistory ph,votes v,users u#p.Id=t.ExcerptPostId,p.Id=ph.PostId,p.Id=v.PostId,p.OwnerUserId=u.Id#v.CreationDate,<=,1410480000,u.DownVotes,<=,1#389
tags t,posts p,postHistory ph,votes v,users u#p.Id=t.ExcerptPostId,p.Id=ph.PostId,p.Id=v.PostId,p.OwnerUserId=u.Id#v.BountyAmount,>=,0,u.Reputation,<=,439#2
tags t,posts p,postHistory ph,votes v,users u#p.Id=t.ExcerptPostId,p.Id=ph.PostId,p.Id=v.PostId,p.OwnerUserId=u.Id#ph.CreationDate,<=,1404411907,u.Reputation,>=,1#2373
tags t,posts p,postHistory ph,votes v,users u#p.Id=t.ExcerptPostId,p.Id=ph.PostId,p.Id=v.PostId,p.OwnerUserId=u.Id#p.Score,>=,-1,p.FavoriteCount,<=,9#3
comments c,postLinks pl,posts p,users u,badges b#p.Id=pl.RelatedPostId,p.Id=c.PostId,u.Id=b.UserId,u.Id=p.OwnerUserId#p.Score,<=,16,u.DownVotes,<=,0#107116
comments c,postLinks pl,posts p,users u,badges b#p.Id=pl.RelatedPostId,p.Id=c.PostId,u.Id=b.UserId,u.Id=p.OwnerUserId#p.ViewCount,<=,2783,p.CommentCount,>=,0#15180
comments c,postLinks pl,posts p,users u,badges b#p.Id=pl.RelatedPostId,p.Id=c.PostId,u.Id=b.UserId,u.Id=p.OwnerUserId#p.PostTypeId,=,1,b.Date,>=,1279568349#232098
comments c,postLinks pl,posts p,users u,badges b#p.Id=pl.RelatedPostId,p.Id=c.PostId,u.Id=b.UserId,u.Id=p.OwnerUserId#p.FavoriteCount,>=,0,p.FavoriteCount,<=,46#18023
comments c,postLinks pl,posts p,users u,badges b#p.Id=pl.RelatedPostId,p.Id=c.PostId,u.Id=b.UserId,u.Id=p.OwnerUserId#pl.CreationDate,>=,1289523962,pl.CreationDate,<=,1408263596#27964
comments c,postLinks pl,posts p,users u,badges b#p.Id=pl.RelatedPostId,p.Id=c.PostId,u.Id=b.UserId,u.Id=p.OwnerUserId#c.Score,=,0,u.Views,>=,0#22541
comments c,postLinks pl,posts p,users u,badges b#p.Id=pl.RelatedPostId,p.Id=c.PostId,u.Id=b.UserId,u.Id=p.OwnerUserId#p.CommentCount,>=,0,u.CreationDate,<=,1408810522#229539
comments c,postLinks pl,posts p,users u,badges b#p.Id=pl.RelatedPostId,p.Id=c.PostId,u.Id=b.UserId,u.Id=p.OwnerUserId#p.CreationDate,>=,1282677914,p.CreationDate,<=,1408731710#27980
comments c,postLinks pl,posts p,users u,badges b#p.Id=pl.RelatedPostId,p.Id=c.PostId,u.Id=b.UserId,u.Id=p.OwnerUserId#p.PostTypeId,=,2,u.UpVotes,>=,0#267
tags t,posts p,users u,postHistory ph,badges b#p.Id=t.ExcerptPostId,u.Id=ph.UserId,u.Id=b.UserId,u.Id=p.OwnerUserId#p.ViewCount,=,0,u.Views,<=,181#2
tags t,posts p,users u,postHistory ph,badges b#p.Id=t.ExcerptPostId,u.Id=ph.UserId,u.Id=b.UserId,u.Id=p.OwnerUserId#t.Count,>=,2,t.Count,<=,2564#1896297
tags t,posts p,users u,postHistory ph,badges b#p.Id=t.ExcerptPostId,u.Id=ph.UserId,u.Id=b.UserId,u.Id=p.OwnerUserId#p.CreationDate,=,1336945640,ph.PostHistoryTypeId,=,2#1
tags t,posts p,users u,postHistory ph,badges b#p.Id=t.ExcerptPostId,u.Id=ph.UserId,u.Id=b.UserId,u.Id=p.OwnerUserId#u.CreationDate,>=,1287719310,u.CreationDate,<=,1407613720#136349373
tags t,posts p,users u,postHistory ph,badges b#p.Id=t.ExcerptPostId,u.Id=ph.UserId,u.Id=b.UserId,u.Id=p.OwnerUserId#u.Reputation,>=,1,b.Date,=,1378926431#2
tags t,posts p,users u,postHistory ph,badges b#p.Id=t.ExcerptPostId,u.Id=ph.UserId,u.Id=b.UserId,u.Id=p.OwnerUserId#p.CreationDate,<=,1409509952,ph.CreationDate,>=,1288722173#339049591
tags t,posts p,users u,postHistory ph,badges b#p.Id=t.ExcerptPostId,u.Id=ph.UserId,u.Id=b.UserId,u.Id=p.OwnerUserId#u.DownVotes,>=,0,u.DownVotes,<=,6#1439849
tags t,posts p,users u,postHistory ph,badges b#p.Id=t.ExcerptPostId,u.Id=ph.UserId,u.Id=b.UserId,u.Id=p.OwnerUserId#u.Views,<=,22,ph.PostHistoryTypeId,=,2#408
tags t,posts p,users u,postHistory ph,badges b#p.Id=t.ExcerptPostId,u.Id=ph.UserId,u.Id=b.UserId,u.Id=p.OwnerUserId#p.CommentCount,>=,0,u.UpVotes,<=,92#677728
tags t,posts p,users u,postHistory ph,badges b#p.Id=t.ExcerptPostId,u.Id=ph.UserId,u.Id=b.UserId,u.Id=p.OwnerUserId#u.Reputation,>=,1,u.DownVotes,<=,1#573844
tags t,posts p,users u,postHistory ph,badges b#p.Id=t.ExcerptPostId,u.Id=ph.UserId,u.Id=b.UserId,u.Id=p.OwnerUserId#u.Views,<=,33,u.UpVotes,>=,0#6783
tags t,posts p,users u,postHistory ph,badges b#p.Id=t.ExcerptPostId,u.Id=ph.UserId,u.Id=b.UserId,u.Id=p.OwnerUserId#p.Score,>=,-1,p.CreationDate,=,1383802044#3
tags t,posts p,users u,postHistory ph,badges b#p.Id=t.ExcerptPostId,u.Id=ph.UserId,u.Id=b.UserId,u.Id=p.OwnerUserId#p.CommentCount,<=,12,u.UpVotes,<=,18#58915
tags t,posts p,users u,postHistory ph,badges b#p.Id=t.ExcerptPostId,u.Id=ph.UserId,u.Id=b.UserId,u.Id=p.OwnerUserId#u.DownVotes,>=,0,ph.PostHistoryTypeId,=,24#6
tags t,posts p,users u,votes v,badges b#p.Id=t.ExcerptPostId,u.Id=v.UserId,u.Id=b.UserId,u.Id=p.OwnerUserId#u.UpVotes,<=,82,v.VoteTypeId,=,5#1681
tags t,posts p,users u,votes v,badges b#p.Id=t.ExcerptPostId,u.Id=v.UserId,u.Id=b.UserId,u.Id=p.OwnerUserId#v.CreationDate,>=,1279497600,b.Date,<=,1408903270#12830074
tags t,posts p,users u,votes v,badges b#p.Id=t.ExcerptPostId,u.Id=v.UserId,u.Id=b.UserId,u.Id=p.OwnerUserId#p.ViewCount,<=,2405,u.Reputation,>=,1#1553067
tags t,posts p,users u,votes v,badges b#p.Id=t.ExcerptPostId,u.Id=v.UserId,u.Id=b.UserId,u.Id=p.OwnerUserId#p.Score,>=,-1,p.CreationDate,>=,1281504710#15505801
tags t,posts p,users u,votes v,badges b#p.Id=t.ExcerptPostId,u.Id=v.UserId,u.Id=b.UserId,u.Id=p.OwnerUserId#p.CreationDate,>=,1279793475,u.CreationDate,<=,1407416984#15457225
tags t,posts p,users u,votes v,badges b#p.Id=t.ExcerptPostId,u.Id=v.UserId,u.Id=b.UserId,u.Id=p.OwnerUserId#p.ViewCount,<=,2867,u.CreationDate,<=,1409237996#1541962
tags t,posts p,users u,votes v,badges b#p.Id=t.ExcerptPostId,u.Id=v.UserId,u.Id=b.UserId,u.Id=p.OwnerUserId#p.CommentCount,=,7,b.Date,>=,1281677100#317655
tags t,posts p,users u,votes v,badges b#p.Id=t.ExcerptPostId,u.Id=v.UserId,u.Id=b.UserId,u.Id=p.OwnerUserId#p.FavoriteCount,>=,0,b.Date,<=,1409083986#5132
tags t,posts p,users u,votes v,badges b#p.Id=t.ExcerptPostId,u.Id=v.UserId,u.Id=b.UserId,u.Id=p.OwnerUserId#p.FavoriteCount,<=,28,u.CreationDate,>=,1279567559#5274
posts p,postLinks pl,postHistory ph,votes v,badges b,users u#p.Id=pl.RelatedPostId,u.Id=p.OwnerUserId,u.Id=b.UserId,u.Id=ph.UserId,u.Id=v.UserId#p.CommentCount,>=,0,v.BountyAmount,>=,0#1333292692
posts p,postLinks pl,postHistory ph,votes v,badges b,users u#p.Id=pl.RelatedPostId,u.Id=p.OwnerUserId,u.Id=b.UserId,u.Id=ph.UserId,u.Id=v.UserId#pl.LinkTypeId,=,1,ph.PostHistoryTypeId,=,1#801541306
comments c,posts p,postLinks pl,votes v,badges b,users u#p.Id=c.PostId,p.Id=pl.RelatedPostId,p.Id=v.PostId,u.Id=p.OwnerUserId,u.Id=b.UserId#c.CreationDate,>=,1281948136,u.Reputation,<=,278#41288
comments c,posts p,postLinks pl,votes v,badges b,users u#p.Id=c.PostId,p.Id=pl.RelatedPostId,p.Id=v.PostId,u.Id=p.OwnerUserId,u.Id=b.UserId#pl.LinkTypeId,=,1,pl.CreationDate,>=,1308932817#845167
comments c,posts p,postLinks pl,votes v,badges b,users u#p.Id=c.PostId,p.Id=pl.RelatedPostId,p.Id=v.PostId,u.Id=p.OwnerUserId,u.Id=b.UserId#c.CreationDate,>=,1280918775,p.PostTypeId,=,2#18525
comments c,posts p,postLinks pl,votes v,badges b,users u#p.Id=c.PostId,p.Id=pl.RelatedPostId,p.Id=v.PostId,u.Id=p.OwnerUserId,u.Id=b.UserId#v.CreationDate,>=,1279497600,u.DownVotes,>=,0#1098846
comments c,posts p,postLinks pl,votes v,badges b,users u#p.Id=c.PostId,p.Id=pl.RelatedPostId,p.Id=v.PostId,u.Id=p.OwnerUserId,u.Id=b.UserId#c.Score,=,0,p.AnswerCount,>=,0#729130
comments c,posts p,postLinks pl,votes v,badges b,users u#p.Id=c.PostId,p.Id=pl.RelatedPostId,p.Id=v.PostId,u.Id=p.OwnerUserId,u.Id=b.UserId#c.Score,=,0,pl.LinkTypeId,=,1#677701
comments c,posts p,postLinks pl,postHistory ph,votes v,users u#p.Id=pl.PostId,p.Id=ph.PostId,p.Id=c.PostId,u.Id=c.UserId,u.Id=v.UserId#p.PostTypeId,=,1,p.Score,<=,38#94463
comments c,posts p,postLinks pl,postHistory ph,votes v,users u#p.Id=pl.PostId,p.Id=ph.PostId,p.Id=c.PostId,u.Id=c.UserId,u.Id=v.UserId#p.PostTypeId,=,2,p.Score,<=,28#28469
comments c,posts p,postLinks pl,postHistory ph,votes v,users u#p.Id=pl.PostId,p.Id=ph.PostId,p.Id=c.PostId,u.Id=c.UserId,u.Id=v.UserId#c.Score,=,0,p.AnswerCount,<=,6#72309
comments c,posts p,postLinks pl,postHistory ph,votes v,badges b#p.Id=c.PostId,p.Id=pl.RelatedPostId,p.Id=ph.PostId,p.Id=v.PostId,b.UserId=c.UserId#c.Score,=,0,v.BountyAmount,>=,0#11259
comments c,posts p,postLinks pl,postHistory ph,votes v,badges b#p.Id=c.PostId,p.Id=pl.RelatedPostId,p.Id=ph.PostId,p.Id=v.PostId,b.UserId=c.UserId#p.AnswerCount,<=,6,v.VoteTypeId,=,2#3238362
comments c,posts p,postLinks pl,postHistory ph,votes v,badges b#p.Id=c.PostId,p.Id=pl.RelatedPostId,p.Id=ph.PostId,p.Id=v.PostId,b.UserId=c.UserId#p.ViewCount,<=,2765,ph.PostHistoryTypeId,=,5#293253
comments c,posts p,postLinks pl,postHistory ph,votes v,badges b#p.Id=c.PostId,p.Id=pl.RelatedPostId,p.Id=ph.PostId,p.Id=v.PostId,b.UserId=c.UserId#c.Score,=,1,p.AnswerCount,=,0#15933
comments c,posts p,postLinks pl,postHistory ph,votes v,badges b#p.Id=c.PostId,p.Id=pl.RelatedPostId,p.Id=ph.PostId,p.Id=v.PostId,b.UserId=c.UserId#p.PostTypeId,=,1,p.FavoriteCount,<=,5#536220
comments c,posts p,postLinks pl,postHistory ph,votes v,badges b#p.Id=c.PostId,p.Id=pl.RelatedPostId,p.Id=ph.PostId,p.Id=v.PostId,b.UserId=c.UserId#v.CreationDate,>=,1279756800,v.CreationDate,<=,1410134400#9021672
comments c,posts p,postLinks pl,postHistory ph,votes v,badges b#p.Id=c.PostId,p.Id=pl.RelatedPostId,p.Id=ph.PostId,p.Id=v.PostId,b.UserId=c.UserId#pl.LinkTypeId,=,1,ph.PostHistoryTypeId,=,3#870949
comments c,posts p,postLinks pl,postHistory ph,votes v,badges b#p.Id=c.PostId,p.Id=pl.RelatedPostId,p.Id=ph.PostId,p.Id=v.PostId,b.UserId=c.UserId#p.AnswerCount,<=,4,v.CreationDate,=,1281571200#2570
comments c,posts p,postLinks pl,postHistory ph,votes v,badges b#p.Id=c.PostId,p.Id=pl.RelatedPostId,p.Id=ph.PostId,p.Id=v.PostId,b.UserId=c.UserId#p.FavoriteCount,<=,19,pl.CreationDate,<=,1406838568#1670176
comments c,posts p,postLinks pl,postHistory ph,votes v,badges b#p.Id=c.PostId,p.Id=pl.RelatedPostId,p.Id=ph.PostId,p.Id=v.PostId,b.UserId=c.UserId#p.Score,<=,12,p.AnswerCount,<=,3#470979
comments c,posts p,postLinks pl,postHistory ph,votes v,badges b#p.Id=c.PostId,p.Id=pl.RelatedPostId,p.Id=ph.PostId,p.Id=v.PostId,b.UserId=c.UserId#pl.CreationDate,<=,1408897242,v.VoteTypeId,=,2#5366447
comments c,posts p,tags t,postHistory ph,badges b,users u#u.Id=p.OwnerUserId,p.OwnerUserId=b.UserId,p.OwnerUserId=c.UserId,p.OwnerUserId=ph.UserId,p.Id=t.ExcerptPostId#u.DownVotes,>=,0,u.UpVotes,<=,189#786464992
comments c,posts p,tags t,postHistory ph,badges b,users u#u.Id=p.OwnerUserId,p.OwnerUserId=b.UserId,p.OwnerUserId=c.UserId,p.OwnerUserId=ph.UserId,p.Id=t.ExcerptPostId#p.FavoriteCount,>=,0,u.CreationDate,<=,1410066808#940401043
comments c,posts p,tags t,postHistory ph,badges b,users u#u.Id=p.OwnerUserId,p.OwnerUserId=b.UserId,p.OwnerUserId=c.UserId,p.OwnerUserId=ph.UserId,p.Id=t.ExcerptPostId#p.CommentCount,<=,9,ph.CreationDate,>=,1292110171#2424919519598
comments c,posts p,postHistory ph,votes v,badges b,users u#u.Id=p.OwnerUserId,u.Id=b.UserId,p.Id=c.PostId,p.Id=ph.PostId,p.Id=v.PostId#p.Score,<=,24,ph.CreationDate,<=,1404786739#139799722
comments c,posts p,postHistory ph,votes v,badges b,users u#u.Id=p.OwnerUserId,u.Id=b.UserId,p.Id=c.PostId,p.Id=ph.PostId,p.Id=v.PostId#c.CreationDate,<=,1409826819,u.Views,<=,122#22763110
comments c,posts p,postHistory ph,votes v,badges b,users u#u.Id=p.OwnerUserId,u.Id=b.UserId,p.Id=c.PostId,p.Id=ph.PostId,p.Id=v.PostId#v.BountyAmount,>=,0,u.CreationDate,>=,1279566712#1484199
comments c,posts p,postHistory ph,votes v,badges b,users u#u.Id=p.OwnerUserId,u.Id=b.UserId,p.Id=c.PostId,p.Id=ph.PostId,p.Id=v.PostId#u.Reputation,>=,1,u.UpVotes,>=,0#217753255
comments c,posts p,postHistory ph,votes v,badges b,users u#u.Id=p.OwnerUserId,u.Id=b.UserId,p.Id=c.PostId,p.Id=ph.PostId,p.Id=v.PostId#v.BountyAmount,=,0,u.DownVotes,<=,1#0
comments c,posts p,postLinks pl,postHistory ph,votes v,users u#p.Id=pl.PostId,p.Id=c.PostId,p.Id=ph.PostId,p.Id=v.PostId,u.Id=p.OwnerUserId#v.BountyAmount,<=,50,v.CreationDate,>=,1233532800#12081
