comments c,posts p#c.PostId=p.Id#p.CommentCount,>=,0,p.FavoriteCount,>=,0,p.FavoriteCount,<=,4#27554
comments c,posts p#c.PostId=p.Id#c.CreationDate,<=,1410522161,p.ViewCount,>=,0,p.AnswerCount,>=,0#90539
comments c,posts p#c.PostId=p.Id#c.Score,=,1,p.AnswerCount,>=,0,p.AnswerCount,<=,10#14459
comments c,posts p#c.PostId=p.Id#c.Score,=,1,p.PostTypeId,=,2,p.CommentCount,>=,0#10475
comments c,posts p#c.PostId=p.Id#c.CreationDate,>=,1279576448,p.PostTypeId,=,1,p.ViewCount,=,181#163
comments c,posts p#c.PostId=p.Id#c.Score,=,0,c.CreationDate,>=,1279907946,p.CommentCount,>=,0#134671
comments c,posts p#c.PostId=p.Id#c.CreationDate,<=,1410426190,p.FavoriteCount,<=,3,p.CreationDate,<=,1406744318#25290
comments c,posts p#c.PostId=p.Id#c.Score,=,0,c.CreationDate,<=,1410639304,p.FavoriteCount,>=,0#22415
comments c,posts p#c.PostId=p.Id#p.ViewCount,>=,0,p.CreationDate,>=,1279843488,p.CreationDate,<=,1409779239#89468
comments c,posts p#c.PostId=p.Id#c.Score,=,1,p.PostTypeId,=,1,p.AnswerCount,>=,0#14523
comments c,posts p#c.PostId=p.Id#p.Score,>=,-3,p.Score,<=,102,p.AnswerCount,<=,4#88176
comments c,posts p#c.PostId=p.Id#p.FavoriteCount,>=,0,p.FavoriteCount,<=,4,p.CreationDate,>=,1279570895#27527
comments c,posts p#c.PostId=p.Id#p.PostTypeId,=,1,p.Score,=,2,p.CommentCount,=,2#2040
comments c,posts p#c.PostId=p.Id#p.AnswerCount,>=,0,p.CommentCount,>=,0,p.CommentCount,<=,8#74535
comments c,posts p#c.PostId=p.Id#c.Score,=,0,p.AnswerCount,<=,6,p.CreationDate,>=,1280238581#66377
comments c,posts p#c.PostId=p.Id#c.CreationDate,<=,1410383269,p.CommentCount,<=,10,p.CreationDate,>=,1279566959#155737
comments c,posts p#c.PostId=p.Id#p.ViewCount,>=,0,p.ViewCount,<=,17019,p.AnswerCount,>=,0#90272
comments c,posts p#c.PostId=p.Id#p.Score,>=,-1,p.CommentCount,<=,9,p.FavoriteCount,<=,18#25860
comments c,posts p#c.PostId=p.Id#p.Score,<=,14,p.ViewCount,>=,0,p.FavoriteCount,>=,0#28994
comments c,posts p#c.PostId=p.Id#c.Score,=,0,p.Score,=,5,p.AnswerCount,>=,0#2965
comments c,posts p#c.PostId=p.Id#c.CreationDate,>=,1279606472,p.AnswerCount,>=,0,p.AnswerCount,<=,7#89890
comments c,posts p#c.PostId=p.Id#c.CreationDate,<=,1410427226,p.PostTypeId,=,2,p.CreationDate,<=,1410385455#83390
comments c,posts p#c.PostId=p.Id#p.PostTypeId,=,1,p.Score,<=,23,p.FavoriteCount,=,0#2133
comments c,posts p#c.PostId=p.Id#c.Score,=,0,p.CommentCount,>=,0,p.CommentCount,<=,12#126246
comments c,posts p#c.PostId=p.Id#p.PostTypeId,=,2,p.CreationDate,>=,1279571423,p.CreationDate,<=,1407667879#81003
comments c,posts p#c.PostId=p.Id#c.Score,=,0,c.CreationDate,<=,1410315560,p.Score,<=,84#134103
comments c,posts p#c.PostId=p.Id#p.ViewCount,<=,23738,p.AnswerCount,>=,0,p.CommentCount,<=,11#83728
comments c,posts p#c.PostId=p.Id#c.Score,=,0,p.Score,<=,27,p.CommentCount,<=,15#129663
comments c,posts p#c.PostId=p.Id#p.PostTypeId,=,2,p.CommentCount,<=,8,p.CreationDate,>=,1281036394#67339
comments c,posts p#c.PostId=p.Id#c.Score,=,0,p.PostTypeId,=,1,p.FavoriteCount,=,0#1563
comments c,posts p#c.PostId=p.Id#c.Score,=,0,p.PostTypeId,=,1,p.AnswerCount,<=,3#64344
comments c,posts p#c.PostId=p.Id#p.PostTypeId,=,1,p.AnswerCount,>=,0,p.AnswerCount,<=,3#86335
comments c,posts p#c.PostId=p.Id#c.Score,=,0,c.CreationDate,>=,1285521080,p.FavoriteCount,=,0#1556
comments c,posts p#c.PostId=p.Id#p.PostTypeId,=,1,p.FavoriteCount,>=,0,p.FavoriteCount,<=,7#29469
comments c,posts p#c.PostId=p.Id#c.CreationDate,>=,1280501095,c.CreationDate,<=,1409450163,p.CreationDate,=,1327139005#1
comments c,posts p#c.PostId=p.Id#p.PostTypeId,=,1,p.Score,>=,-3,p.Score,<=,16#88483
comments c,posts p#c.PostId=p.Id#c.Score,=,4,c.CreationDate,<=,1410529377,p.CommentCount,>=,0#1311
comments c,posts p#c.PostId=p.Id#c.Score,=,1,c.CreationDate,<=,1410384022,p.CreationDate,<=,1409243967#24622
comments c,posts p#c.PostId=p.Id#c.CreationDate,>=,1280228667,p.ViewCount,>=,0,p.ViewCount,<=,25066#90207
comments c,posts p#c.PostId=p.Id#p.Score,=,1,p.ViewCount,<=,6412,p.FavoriteCount,<=,7#3761
comments c,posts p#c.PostId=p.Id#p.ViewCount,<=,2472,p.CreationDate,>=,1284336810,p.CreationDate,<=,1410462607#85292
comments c,posts p#c.PostId=p.Id#p.PostTypeId,=,1,p.AnswerCount,<=,5,p.FavoriteCount,>=,0#30213
comments c,posts p#c.PostId=p.Id#c.CreationDate,>=,1280342651,p.CommentCount,>=,0,p.CommentCount,<=,17#170446
comments c,posts p#c.PostId=p.Id#p.ViewCount,>=,0,p.ViewCount,<=,2352,p.FavoriteCount,>=,0#27668
comments c,posts p#c.PostId=p.Id#c.Score,=,0,p.AnswerCount,>=,0,p.AnswerCount,<=,5#66260
comments c,posts p#c.PostId=p.Id#c.Score,=,0,p.Score,=,0,p.FavoriteCount,>=,0#1729
comments c,posts p#c.PostId=p.Id#p.PostTypeId,=,1,p.FavoriteCount,=,0,p.CreationDate,<=,1409749455#2107
comments c,posts p#c.PostId=p.Id#p.Score,<=,55,p.CommentCount,<=,17,p.FavoriteCount,>=,0#30722
comments c,posts p#c.PostId=p.Id#c.CreationDate,>=,1280770365,p.AnswerCount,<=,4,p.CommentCount,>=,0#88157
comments c,posts p#c.PostId=p.Id#p.Score,>=,0,p.Score,<=,18,p.ViewCount,=,85#344
comments c,posts p#c.PostId=p.Id#c.CreationDate,>=,1282923048,c.CreationDate,<=,1409602666,p.ViewCount,>=,0#88535
comments c,posts p#c.PostId=p.Id#c.CreationDate,<=,1409821645,p.AnswerCount,>=,0,p.AnswerCount,<=,6#88664
comments c,posts p#c.PostId=p.Id#c.Score,=,0,p.ViewCount,<=,55237,p.AnswerCount,<=,42#67035
comments c,posts p#c.PostId=p.Id#c.CreationDate,>=,1279953674,c.CreationDate,<=,1409254827,p.PostTypeId,=,2#82061
comments c,posts p#c.PostId=p.Id#p.CommentCount,>=,0,p.FavoriteCount,>=,0,p.FavoriteCount,<=,5#28390
comments c,posts p#c.PostId=p.Id#c.CreationDate,>=,1281611301,c.CreationDate,<=,1410529636,p.FavoriteCount,>=,0#31145
comments c,posts p#c.PostId=p.Id#p.ViewCount,>=,0,p.FavoriteCount,>=,0,p.FavoriteCount,<=,21#31056
comments c,posts p#c.PostId=p.Id#c.CreationDate,>=,1279633331,c.CreationDate,<=,1410318198,p.AnswerCount,<=,6#89224
comments c,posts p#c.PostId=p.Id#p.PostTypeId,=,1,p.ViewCount,>=,0,p.ViewCount,<=,7990#89679
comments c,posts p#c.PostId=p.Id#p.AnswerCount,=,0,p.FavoriteCount,>=,0,p.CreationDate,>=,1284402923#4977
comments c,posts p#c.PostId=p.Id#c.CreationDate,<=,1409583937,p.Score,>=,-3,p.Score,<=,26#169307
comments c,posts p#c.PostId=p.Id#p.CommentCount,<=,12,p.CreationDate,>=,1279568104,p.CreationDate,<=,1408033027#158552
comments c,posts p#c.PostId=p.Id#c.CreationDate,>=,1280251353,c.CreationDate,<=,1410537870,p.PostTypeId,=,1#90319
comments c,posts p#c.PostId=p.Id#p.Score,<=,85,p.FavoriteCount,>=,0,p.FavoriteCount,<=,9#30057
comments c,posts p#c.PostId=p.Id#p.Score,<=,26,p.AnswerCount,=,0,p.CommentCount,>=,0#29880
comments c,posts p#c.PostId=p.Id#c.Score,=,0,c.CreationDate,<=,1410595681,p.Score,<=,13#130340
comments c,posts p#c.PostId=p.Id#p.Score,<=,22,p.AnswerCount,>=,0,p.AnswerCount,<=,3#86049
comments c,posts p#c.PostId=p.Id#p.Score,>=,-6,p.FavoriteCount,>=,0,p.CreationDate,<=,1408717809#31246
comments c,posts p#c.PostId=p.Id#p.Score,>=,-3,p.AnswerCount,>=,0,p.CommentCount,<=,17#88985
comments c,posts p#c.PostId=p.Id#c.Score,=,0,p.AnswerCount,>=,0,p.AnswerCount,<=,3#64344
comments c,posts p#c.PostId=p.Id#c.CreationDate,<=,1410392566,p.CommentCount,=,1,p.FavoriteCount,<=,6#1860
comments c,posts p#c.PostId=p.Id#p.PostTypeId,=,1,p.ViewCount,<=,8341,p.CreationDate,<=,1410622338#89706
comments c,posts p#c.PostId=p.Id#p.Score,>=,0,p.FavoriteCount,>=,0,p.FavoriteCount,<=,7#29312
comments c,posts p#c.PostId=p.Id#p.Score,<=,31,p.AnswerCount,>=,0,p.CreationDate,<=,1409496400#88689
comments c,posts p#c.PostId=p.Id#p.Score,<=,65,p.AnswerCount,>=,0,p.CommentCount,>=,0#90473
comments c,posts p#c.PostId=p.Id#p.Score,=,6,p.CreationDate,>=,1279572747,p.CreationDate,<=,1410002827#7232
comments c,posts p#c.PostId=p.Id#c.Score,=,0,p.AnswerCount,<=,4,p.CreationDate,<=,1410368913#65494
comments c,posts p#c.PostId=p.Id#p.PostTypeId,=,1,p.CommentCount,>=,0,p.CreationDate,>=,1279573456#90565
comments c,posts p#c.PostId=p.Id#c.Score,=,0,p.PostTypeId,=,1,p.CommentCount,<=,9#57627
comments c,posts p#c.PostId=p.Id#p.PostTypeId,=,1,p.ViewCount,>=,0,p.AnswerCount,>=,0#90677
comments c,posts p#c.PostId=p.Id#c.Score,=,0,p.CreationDate,>=,1280208974,p.CreationDate,<=,1410123514#133424
comments c,posts p#c.PostId=p.Id#p.PostTypeId,=,2,p.Score,>=,-1,p.Score,<=,48#82523
comments c,posts p#c.PostId=p.Id#c.CreationDate,>=,1280960795,p.PostTypeId,=,1,p.ViewCount,>=,0#90270
comments c,posts p#c.PostId=p.Id#c.Score,=,0,p.CommentCount,>=,0,p.CreationDate,>=,1280910054#133724
comments c,posts p#c.PostId=p.Id#p.Score,>=,0,p.Score,<=,30,p.FavoriteCount,>=,0#30784
comments c,posts p#c.PostId=p.Id#c.Score,=,0,c.CreationDate,>=,1282660082,c.CreationDate,<=,1409789639#131904
comments c,posts p#c.PostId=p.Id#c.CreationDate,<=,1410404011,p.CommentCount,>=,0,p.CommentCount,<=,21#172208
comments c,posts p#c.PostId=p.Id#p.ViewCount,>=,0,p.ViewCount,<=,34780,p.FavoriteCount,>=,0#31492
comments c,posts p#c.PostId=p.Id#p.ViewCount,>=,0,p.AnswerCount,<=,3,p.CreationDate,<=,1410553433#86287
comments c,posts p#c.PostId=p.Id#c.CreationDate,>=,1281013424,c.CreationDate,<=,1410096157,p.ViewCount,>=,0#89557
comments c,posts p#c.PostId=p.Id#c.CreationDate,<=,1410631930,p.AnswerCount,=,0,p.FavoriteCount,=,0#606
comments c,posts p#c.PostId=p.Id#c.Score,=,0,p.PostTypeId,=,1,p.Score,>=,0#66182
comments c,posts p#c.PostId=p.Id#c.Score,=,0,p.PostTypeId,=,1,p.FavoriteCount,<=,6#20951
comments c,posts p#c.PostId=p.Id#c.CreationDate,=,1374276716,p.Score,>=,0,p.Score,<=,14#1
comments c,posts p#c.PostId=p.Id#p.ViewCount,<=,1724,p.CommentCount,>=,0,p.CreationDate,>=,1279897360#83681
comments c,posts p#c.PostId=p.Id#c.CreationDate,<=,1410355157,p.PostTypeId,=,2,p.CreationDate,<=,1409664226#82758
comments c,posts p#c.PostId=p.Id#c.Score,=,0,p.ViewCount,>=,0,p.AnswerCount,<=,4#65716
comments c,posts p#c.PostId=p.Id#p.AnswerCount,>=,0,p.CommentCount,>=,0,p.CommentCount,<=,9#78702
comments c,posts p#c.PostId=p.Id#p.PostTypeId,=,1,p.ViewCount,>=,0,p.AnswerCount,>=,0#90677
comments c,posts p#c.PostId=p.Id#c.CreationDate,=,1381936578,p.Score,>=,-6,p.Score,<=,47#1
comments c,posts p#c.PostId=p.Id#c.Score,=,1,c.CreationDate,<=,1410643872,p.ViewCount,=,19#29
comments c,posts p#c.PostId=p.Id#c.CreationDate,>=,1281026347,c.CreationDate,<=,1410114532,p.PostTypeId,=,1#89584
comments c,posts p#c.PostId=p.Id#p.Score,<=,17,p.CreationDate,>=,1279566987,p.CreationDate,<=,1410526743#169433
comments c,posts p#c.PostId=p.Id#c.CreationDate,<=,1409752542,p.Score,<=,52,p.AnswerCount,<=,3#85198
comments c,posts p#c.PostId=p.Id#p.ViewCount,>=,0,p.FavoriteCount,>=,0,p.FavoriteCount,<=,9#30057
comments c,posts p#c.PostId=p.Id#p.PostTypeId,=,1,p.AnswerCount,>=,0,p.CreationDate,<=,1410594444#90649
comments c,posts p#c.PostId=p.Id#p.Score,>=,-1,p.Score,<=,16,p.FavoriteCount,<=,11#29307
comments c,posts p#c.PostId=p.Id#c.Score,=,1,p.PostTypeId,=,1,p.CommentCount,<=,10#13346
comments c,posts p#c.PostId=p.Id#p.PostTypeId,=,1,p.CreationDate,>=,1281533899,p.CreationDate,<=,1409154204#88162
comments c,posts p#c.PostId=p.Id#c.CreationDate,>=,1285944885,p.AnswerCount,<=,8,p.FavoriteCount,<=,9#29224
comments c,posts p#c.PostId=p.Id#c.Score,=,0,p.FavoriteCount,>=,0,p.FavoriteCount,<=,23#22188
comments c,posts p#c.PostId=p.Id#p.AnswerCount,=,0,p.CommentCount,>=,0,p.CommentCount,<=,17#29594
comments c,posts p#c.PostId=p.Id#c.CreationDate,>=,1279714854,p.AnswerCount,>=,0,p.AnswerCount,<=,6#89615
comments c,posts p#c.PostId=p.Id#c.Score,=,0,c.CreationDate,>=,1280972023,p.PostTypeId,=,1#66803
comments c,posts p#c.PostId=p.Id#p.PostTypeId,=,1,p.Score,>=,-2,p.AnswerCount,<=,5#88919
comments c,posts p#c.PostId=p.Id#c.CreationDate,<=,1408450301,p.AnswerCount,>=,0,p.CommentCount,<=,11#81318
comments c,posts p#c.PostId=p.Id#c.Score,=,0,c.CreationDate,<=,1410645337,p.FavoriteCount,>=,0#22415
comments c,posts p#c.PostId=p.Id#p.ViewCount,>=,0,p.CreationDate,>=,1281072786,p.CreationDate,<=,1410450452#89861
comments c,posts p#c.PostId=p.Id#c.CreationDate,<=,1410404011,p.PostTypeId,=,2,p.CreationDate,<=,1410484245#83389
comments c,posts p#c.PostId=p.Id#p.Score,<=,16,p.ViewCount,>=,0,p.ViewCount,<=,8989#88271
comments c,posts p#c.PostId=p.Id#c.Score,=,0,p.CommentCount,<=,13,p.FavoriteCount,<=,30#20884
comments c,posts p#c.PostId=p.Id#c.Score,=,0,p.PostTypeId,=,1,p.CreationDate,>=,1281537426#66585
comments c,posts p#c.PostId=p.Id#p.Score,=,4,p.AnswerCount,<=,21,p.FavoriteCount,>=,0#3330
comments c,posts p#c.PostId=p.Id#c.CreationDate,>=,1280177267,c.CreationDate,<=,1410653963,p.PostTypeId,=,2#83263
comments c,posts p#c.PostId=p.Id#p.Score,>=,-4,p.Score,<=,19,p.AnswerCount,<=,5#88432
comments c,posts p#c.PostId=p.Id#c.CreationDate,>=,1280088150,p.PostTypeId,=,1,p.AnswerCount,>=,0#90504
comments c,posts p#c.PostId=p.Id#c.Score,=,1,p.FavoriteCount,<=,10,p.CreationDate,>=,1279619445#5044
comments c,posts p#c.PostId=p.Id#p.Score,=,3,p.ViewCount,>=,0,p.CreationDate,<=,1410234641#9453
comments c,posts p#c.PostId=p.Id#p.Score,>=,-2,p.Score,<=,26,p.CreationDate,>=,1279915671#170797
comments c,posts p#c.PostId=p.Id#p.ViewCount,<=,4018,p.FavoriteCount,>=,0,p.FavoriteCount,<=,4#26766
comments c,posts p#c.PostId=p.Id#c.Score,=,1,p.Score,>=,-1,p.AnswerCount,<=,5#14144
comments c,posts p#c.PostId=p.Id#c.CreationDate,<=,1410628154,p.ViewCount,>=,0,p.ViewCount,<=,2905#86865
comments c,posts p#c.PostId=p.Id#p.Score,>=,-1,p.ViewCount,<=,1765,p.AnswerCount,<=,12#83360
comments c,posts p#c.PostId=p.Id#c.CreationDate,>=,1279671326,p.AnswerCount,<=,5,p.CommentCount,<=,8#73492
comments c,posts p#c.PostId=p.Id#p.PostTypeId,=,1,p.CommentCount,>=,0,p.FavoriteCount,<=,5#28390
comments c,posts p#c.PostId=p.Id#c.Score,=,1,p.Score,>=,-1,p.Score,<=,51#24669
comments c,posts p#c.PostId=p.Id#p.PostTypeId,=,1,p.Score,=,1,p.AnswerCount,>=,0#20343
comments c,posts p#c.PostId=p.Id#p.Score,<=,20,p.FavoriteCount,>=,0,p.CreationDate,<=,1410519462#30225
comments c,posts p#c.PostId=p.Id#c.Score,=,0,p.ViewCount,>=,0,p.ViewCount,<=,10228#66665
comments c,posts p#c.PostId=p.Id#c.CreationDate,>=,1285018119,p.CreationDate,>=,1286271559,p.CreationDate,<=,1407965441#163836
comments c,posts p#c.PostId=p.Id#c.CreationDate,>=,1280322812,c.CreationDate,<=,1410538053,p.CommentCount,=,16#1232
comments c,posts p#c.PostId=p.Id#c.Score,=,0,p.AnswerCount,<=,3,p.FavoriteCount,<=,24#20173
comments c,posts p#c.PostId=p.Id#c.Score,=,0,p.AnswerCount,>=,0,p.AnswerCount,<=,3#64344
comments c,posts p#c.PostId=p.Id#c.Score,=,0,p.Score,<=,28,p.AnswerCount,>=,0#66693
comments c,posts p#c.PostId=p.Id#p.ViewCount,<=,6283,p.CommentCount,<=,19,p.CreationDate,<=,1410524967#88275
comments c,posts p#c.PostId=p.Id#c.Score,=,1,p.ViewCount,<=,3730,p.CommentCount,<=,14#13620
comments c,posts p#c.PostId=p.Id#p.Score,<=,17,p.CommentCount,>=,0,p.FavoriteCount,>=,0#29777
comments c,posts p#c.PostId=p.Id#c.Score,=,0,p.AnswerCount,<=,7,p.CreationDate,=,1342616845#12
comments c,posts p#c.PostId=p.Id#p.ViewCount,>=,0,p.ViewCount,<=,9271,p.FavoriteCount,<=,3#25904
comments c,posts p#c.PostId=p.Id#c.Score,=,0,p.ViewCount,>=,0,p.CommentCount,<=,10#59992
comments c,posts p#c.PostId=p.Id#c.CreationDate,>=,1279589382,p.AnswerCount,>=,0,p.FavoriteCount,>=,0#31552
comments c,posts p#c.PostId=p.Id#p.AnswerCount,>=,0,p.CommentCount,<=,12,p.FavoriteCount,>=,0#29284
comments c,posts p#c.PostId=p.Id#c.Score,=,0,p.ViewCount,<=,963,p.CommentCount,>=,0#59172
comments c,posts p#c.PostId=p.Id#c.CreationDate,<=,1410378124,p.AnswerCount,<=,4,p.CommentCount,>=,0#88014
comments c,posts p#c.PostId=p.Id#p.Score,<=,14,p.FavoriteCount,>=,0,p.FavoriteCount,<=,4#27056
comments c,posts p#c.PostId=p.Id#c.CreationDate,>=,1280342707,c.CreationDate,<=,1410555381,p.ViewCount,>=,0#90326
comments c,posts p#c.PostId=p.Id#p.AnswerCount,>=,0,p.AnswerCount,<=,3,p.FavoriteCount,<=,7#27071
comments c,posts p#c.PostId=p.Id#p.Score,<=,16,p.CommentCount,>=,0,p.CommentCount,<=,15#164279
comments c,posts p#c.PostId=p.Id#c.CreationDate,<=,1410628605,p.AnswerCount,>=,0,p.AnswerCount,<=,3#86300
comments c,posts p#c.PostId=p.Id#p.ViewCount,<=,5546,p.CommentCount,>=,0,p.FavoriteCount,>=,0#30120
comments c,posts p#c.PostId=p.Id#c.Score,=,0,p.CreationDate,>=,1280509122,p.CreationDate,<=,1410316017#133453
comments c,posts p#c.PostId=p.Id#p.PostTypeId,=,1,p.CommentCount,>=,0,p.CreationDate,<=,1409447919#89268
comments c,posts p#c.PostId=p.Id#c.CreationDate,<=,1410360760,p.AnswerCount,>=,0,p.CreationDate,>=,1279573295#90186
comments c,posts p#c.PostId=p.Id#p.CommentCount,>=,0,p.CommentCount,<=,10,p.FavoriteCount,>=,0#27722
comments c,posts p#c.PostId=p.Id#p.Score,>=,-1,p.ViewCount,<=,4699,p.CreationDate,>=,1279903010#88001
comments c,posts p#c.PostId=p.Id#c.CreationDate,>=,1279802281,c.CreationDate,<=,1410098573,p.PostTypeId,=,1#89880
comments c,posts p#c.PostId=p.Id#c.CreationDate,>=,1281351386,p.ViewCount,>=,0,p.CreationDate,<=,1410651965#90200
comments c,posts p#c.PostId=p.Id#c.CreationDate,<=,1409913536,p.Score,=,1,p.AnswerCount,<=,4#20104
comments c,posts p#c.PostId=p.Id#p.ViewCount,>=,0,p.ViewCount,<=,15823,p.AnswerCount,<=,3#86199
comments c,posts p#c.PostId=p.Id#p.AnswerCount,=,0,p.CommentCount,>=,0,p.CommentCount,<=,12#28632
comments c,posts p#c.PostId=p.Id#p.AnswerCount,>=,0,p.CommentCount,<=,10,p.FavoriteCount,<=,8#26206
comments c,posts p#c.PostId=p.Id#p.Score,<=,34,p.ViewCount,<=,3981,p.FavoriteCount,=,0#2115
comments c,posts p#c.PostId=p.Id#c.CreationDate,>=,1279620710,p.AnswerCount,<=,7,p.FavoriteCount,<=,17#30537
comments c,posts p#c.PostId=p.Id#c.Score,=,0,p.Score,>=,-3,p.Score,<=,50#134402
comments c,posts p#c.PostId=p.Id#c.CreationDate,<=,1410635129,p.Score,>=,-3,p.CreationDate,>=,1280324947#172657
comments c,posts p#c.PostId=p.Id#c.CreationDate,>=,1281995747,p.Score,<=,8,p.CommentCount,<=,14#151628
comments c,posts p#c.PostId=p.Id#c.Score,=,2,p.ViewCount,>=,0,p.FavoriteCount,=,0#111
comments c,posts p#c.PostId=p.Id#c.Score,=,0,p.CommentCount,>=,0,p.CreationDate,<=,1409542384#133134
comments c,posts p#c.PostId=p.Id#c.CreationDate,>=,1280045288,c.CreationDate,<=,1410574651,p.PostTypeId,=,1#90455
comments c,posts p#c.PostId=p.Id#p.PostTypeId,=,1,p.FavoriteCount,<=,16,p.CreationDate,<=,1410251933#30775
comments c,posts p#c.PostId=p.Id#p.Score,<=,27,p.ViewCount,>=,0,p.AnswerCount,>=,0#89852
comments c,posts p#c.PostId=p.Id#p.AnswerCount,>=,0,p.FavoriteCount,>=,0,p.FavoriteCount,<=,7#29469
comments c,posts p#c.PostId=p.Id#c.CreationDate,<=,1410230220,p.Score,=,5,p.CommentCount,<=,11#8581
comments c,posts p#c.PostId=p.Id#c.CreationDate,>=,1280248539,c.CreationDate,<=,1410252216,p.Score,<=,18#168732
comments c,posts p#c.PostId=p.Id#c.CreationDate,>=,1279840541,p.ViewCount,<=,5287,p.CreationDate,<=,1409968915#88242
comments c,posts p#c.PostId=p.Id#c.Score,=,1,p.PostTypeId,=,2,p.CommentCount,<=,8#8715
comments c,posts p#c.PostId=p.Id#c.Score,=,3,p.ViewCount,<=,5812,p.CommentCount,>=,0#2030
comments c,posts p#c.PostId=p.Id#p.AnswerCount,<=,3,p.CreationDate,>=,1280946922,p.CreationDate,<=,1410320945#85772
comments c,posts p#c.PostId=p.Id#c.Score,=,0,p.PostTypeId,=,1,p.AnswerCount,<=,4#65716
comments c,posts p#c.PostId=p.Id#p.Score,>=,0,p.FavoriteCount,<=,1,p.CreationDate,<=,1410493140#17271
comments c,posts p#c.PostId=p.Id#c.CreationDate,>=,1280891812,c.CreationDate,<=,1410529205,p.ViewCount,<=,6956#89032
comments c,posts p#c.PostId=p.Id#c.Score,=,0,p.FavoriteCount,<=,8,p.CreationDate,>=,1280865630#21273
comments c,posts p#c.PostId=p.Id#p.ViewCount,<=,3418,p.CommentCount,>=,0,p.CommentCount,<=,11#81229
comments c,posts p#c.PostId=p.Id#c.Score,=,0,p.PostTypeId,=,1,p.FavoriteCount,>=,0#22415
comments c,posts p#c.PostId=p.Id#p.ViewCount,>=,0,p.ViewCount,<=,8460,p.CommentCount,<=,11#83106
comments c,posts p#c.PostId=p.Id#c.Score,=,0,p.FavoriteCount,>=,0,p.FavoriteCount,<=,2#17141
comments c,posts p#c.PostId=p.Id#p.Score,<=,20,p.FavoriteCount,>=,0,p.CreationDate,<=,1408378708#29767
comments c,posts p#c.PostId=p.Id#c.CreationDate,>=,1280631537,p.PostTypeId,=,1,p.CommentCount,<=,25#89973
comments c,posts p#c.PostId=p.Id#c.Score,=,0,p.ViewCount,>=,0,p.ViewCount,<=,7902#66508
comments c,posts p#c.PostId=p.Id#c.Score,=,0,c.CreationDate,<=,1410635950,p.Score,=,-1#1032
comments c,posts p#c.PostId=p.Id#c.Score,=,0,p.AnswerCount,>=,0,p.CreationDate,>=,1279702931#66943
comments c,posts p#c.PostId=p.Id#p.Score,=,6,p.FavoriteCount,<=,4,p.CreationDate,>=,1280188104#2043
comments c,posts p#c.PostId=p.Id#c.Score,=,0,p.FavoriteCount,<=,4,p.CreationDate,<=,1409173047#19816
comments c,posts p#c.PostId=p.Id#p.Score,>=,-1,p.CommentCount,<=,10,p.FavoriteCount,<=,21#27237
comments c,posts p#c.PostId=p.Id#p.Score,<=,16,p.ViewCount,<=,25962,p.FavoriteCount,<=,6#28511
comments c,posts p#c.PostId=p.Id#c.CreationDate,<=,1408676734,p.FavoriteCount,>=,0,p.FavoriteCount,<=,10#29882
comments c,posts p#c.PostId=p.Id#c.CreationDate,>=,1280189371,c.CreationDate,<=,1410518405,p.AnswerCount,<=,2#80397
comments c,posts p#c.PostId=p.Id#p.Score,<=,13,p.CreationDate,>=,1281103801,p.CreationDate,<=,1410233456#164639
comments c,posts p#c.PostId=p.Id#c.Score,=,0,p.PostTypeId,=,2,p.Score,>=,-1#67502
comments c,posts p#c.PostId=p.Id#c.Score,=,0,c.CreationDate,>=,1279638378,p.ViewCount,>=,0#67015
comments c,posts p#c.PostId=p.Id#p.PostTypeId,=,1,p.CommentCount,<=,12,p.CreationDate,<=,1409477821#84155
comments c,posts p#c.PostId=p.Id#p.AnswerCount,>=,0,p.FavoriteCount,<=,11,p.CreationDate,<=,1410621961#30422
comments c,posts p#c.PostId=p.Id#p.ViewCount,>=,0,p.AnswerCount,<=,4,p.CreationDate,>=,1279568925#88318
comments c,posts p#c.PostId=p.Id#p.Score,<=,110,p.CommentCount,>=,0,p.CreationDate,<=,1409634804#172157
comments c,posts p#c.PostId=p.Id#c.Score,=,1,p.Score,>=,0,p.ViewCount,>=,0#14261
comments c,posts p#c.PostId=p.Id#p.FavoriteCount,>=,0,p.CreationDate,>=,1283276515,p.CreationDate,<=,1409521070#30567
comments c,posts p#c.PostId=p.Id#c.CreationDate,>=,1284472266,p.FavoriteCount,>=,0,p.FavoriteCount,<=,11#29804
comments c,posts p#c.PostId=p.Id#p.PostTypeId,=,2,p.CreationDate,>=,1233584671,p.CreationDate,<=,1410145269#83200
comments c,posts p#c.PostId=p.Id#c.CreationDate,>=,1281730067,p.PostTypeId,=,2,p.Score,<=,28#81372
comments c,posts p#c.PostId=p.Id#c.CreationDate,<=,1410505723,p.AnswerCount,>=,0,p.CommentCount,>=,0#90520
comments c,posts p#c.PostId=p.Id#c.Score,=,0,p.AnswerCount,=,0,p.FavoriteCount,>=,0#3824
comments c,posts p#c.PostId=p.Id#p.ViewCount,>=,0,p.CommentCount,<=,14,p.CreationDate,>=,1279607327#87284
comments c,posts p#c.PostId=p.Id#c.Score,=,3,p.FavoriteCount,>=,0,p.CreationDate,<=,1410471059#889
comments c,posts p#c.PostId=p.Id#p.Score,<=,10,p.CommentCount,>=,0,p.FavoriteCount,<=,6#26818
comments c,posts p#c.PostId=p.Id#c.Score,=,0,c.CreationDate,>=,1280251353,p.ViewCount,>=,0#66917
comments c,posts p#c.PostId=p.Id#p.PostTypeId,=,1,p.AnswerCount,>=,0,p.CommentCount,<=,12#85480
comments c,posts p#c.PostId=p.Id#c.CreationDate,<=,1410659372,p.Score,>=,-4,p.ViewCount,>=,0#90599
comments c,posts p#c.PostId=p.Id#p.Score,<=,30,p.CreationDate,>=,1287471040,p.CreationDate,<=,1409795835#165557
comments c,posts p#c.PostId=p.Id#p.AnswerCount,<=,3,p.CreationDate,>=,1279569033,p.CreationDate,<=,1409267738#84752
comments c,posts p#c.PostId=p.Id#p.Score,=,1,p.AnswerCount,>=,0,p.FavoriteCount,<=,3#3750
comments c,posts p#c.PostId=p.Id#p.PostTypeId,=,1,p.FavoriteCount,=,0,p.CreationDate,>=,1291691247#2079
comments c,posts p#c.PostId=p.Id#p.Score,<=,36,p.CreationDate,>=,1280336472,p.CreationDate,<=,1410626098#171767
comments c,posts p#c.PostId=p.Id#c.CreationDate,>=,1279572205,c.CreationDate,<=,1410384286,p.PostTypeId,=,2#83298
comments c,posts p#c.PostId=p.Id#c.CreationDate,<=,1408885441,p.Score,>=,0,p.CreationDate,<=,1410293425#167761
comments c,posts p#c.PostId=p.Id#c.CreationDate,=,1383406874,p.PostTypeId,=,1,p.CommentCount,>=,0#1
comments c,posts p#c.PostId=p.Id#p.ViewCount,>=,0,p.ViewCount,<=,16229,p.CommentCount,<=,10#81448
comments c,posts p#c.PostId=p.Id#c.Score,=,2,p.Score,<=,22,p.AnswerCount,=,0#1308
comments c,posts p#c.PostId=p.Id#p.PostTypeId,=,1,p.FavoriteCount,>=,0,p.CreationDate,<=,1410557917#31599
comments c,posts p#c.PostId=p.Id#c.CreationDate,<=,1410201064,p.Score,<=,16,p.AnswerCount,>=,0#88065
comments c,posts p#c.PostId=p.Id#c.Score,=,0,c.CreationDate,>=,1281403653,p.CommentCount,<=,7#101367
comments c,posts p#c.PostId=p.Id#c.Score,=,0,p.CommentCount,<=,9,p.FavoriteCount,>=,0#18487
comments c,posts p#c.PostId=p.Id#p.CommentCount,>=,0,p.FavoriteCount,>=,0,p.FavoriteCount,<=,4#27554
comments c,posts p#c.PostId=p.Id#c.CreationDate,>=,1280315717,p.PostTypeId,=,2,p.CommentCount,>=,0#83173
comments c,posts p#c.PostId=p.Id#c.Score,=,0,p.Score,>=,-1,p.AnswerCount,<=,4#65391
comments c,posts p#c.PostId=p.Id#c.CreationDate,>=,1280354290,c.CreationDate,<=,1410474447,p.ViewCount,>=,0#90212
comments c,posts p#c.PostId=p.Id#c.Score,=,0,p.PostTypeId,=,1,p.FavoriteCount,>=,0#22415
comments c,posts p#c.PostId=p.Id#p.PostTypeId,=,1,p.Score,>=,-3,p.ViewCount,>=,0#90517
comments c,posts p#c.PostId=p.Id#c.CreationDate,>=,1279914607,c.CreationDate,<=,1410281488,p.AnswerCount,<=,7#89353
comments c,posts p#c.PostId=p.Id#p.ViewCount,<=,2770,p.CommentCount,>=,0,p.CommentCount,<=,13#82873
comments c,posts p#c.PostId=p.Id#p.FavoriteCount,>=,0,p.FavoriteCount,<=,2,p.CreationDate,>=,1280208974#23333
comments c,posts p#c.PostId=p.Id#p.AnswerCount,=,1,p.FavoriteCount,>=,0,p.FavoriteCount,<=,9#11399
comments c,posts p#c.PostId=p.Id#p.Score,<=,50,p.FavoriteCount,>=,0,p.CreationDate,<=,1409682532#31151
comments c,posts p#c.PostId=p.Id#p.CommentCount,>=,0,p.CommentCount,<=,16,p.FavoriteCount,<=,6#28155
comments c,posts p#c.PostId=p.Id#c.Score,=,1,c.CreationDate,<=,1410446786,p.CommentCount,>=,0#24970
comments c,posts p#c.PostId=p.Id#p.ViewCount,>=,0,p.AnswerCount,>=,0,p.AnswerCount,<=,3#86335
comments c,posts p#c.PostId=p.Id#p.PostTypeId,=,1,p.Score,=,2,p.ViewCount,<=,7545#14567
comments c,posts p#c.PostId=p.Id#p.CommentCount,>=,0,p.CommentCount,<=,11,p.FavoriteCount,>=,0#28756
comments c,posts p#c.PostId=p.Id#c.Score,=,0,p.AnswerCount,=,2,p.FavoriteCount,>=,0#5447
comments c,posts p#c.PostId=p.Id#p.ViewCount,<=,3707,p.FavoriteCount,>=,0,p.FavoriteCount,<=,4#26636
comments c,posts p#c.PostId=p.Id#c.CreationDate,>=,1280088604,p.PostTypeId,=,2,p.CommentCount,<=,29#82892
comments c,posts p#c.PostId=p.Id#p.PostTypeId,=,2,p.CommentCount,>=,0,p.CreationDate,>=,1279585251#83395
comments c,posts p#c.PostId=p.Id#c.CreationDate,>=,1281377155,c.CreationDate,<=,1410124425,p.AnswerCount,>=,0#89547
comments c,posts p#c.PostId=p.Id#c.Score,=,0,p.CommentCount,=,6,p.FavoriteCount,>=,0#2280
comments c,posts p#c.PostId=p.Id#p.Score,<=,20,p.AnswerCount,<=,5,p.CreationDate,<=,1409848005#87808
comments c,posts p#c.PostId=p.Id#c.CreationDate,<=,1409311295,p.ViewCount,<=,1382,p.AnswerCount,>=,0#80513
comments c,posts p#c.PostId=p.Id#p.ViewCount,<=,2051,p.AnswerCount,>=,0,p.CreationDate,>=,1280919331#84687
comments c,posts p#c.PostId=p.Id#p.ViewCount,>=,0,p.ViewCount,<=,3673,p.AnswerCount,>=,0#87949
comments c,posts p#c.PostId=p.Id#c.Score,=,1,p.AnswerCount,<=,4,p.CommentCount,<=,24#14046
comments c,posts p#c.PostId=p.Id#c.Score,=,1,c.CreationDate,>=,1279902600,p.CommentCount,<=,17#24576
comments c,posts p#c.PostId=p.Id#p.FavoriteCount,>=,0,p.FavoriteCount,<=,5,p.CreationDate,<=,1408999869#28100
comments c,posts p#c.PostId=p.Id#p.Score,<=,88,p.AnswerCount,>=,0,p.AnswerCount,<=,6#89670
comments c,posts p#c.PostId=p.Id#c.Score,=,0,p.PostTypeId,=,2,p.CommentCount,>=,0#67822
comments c,posts p#c.PostId=p.Id#p.Score,<=,65,p.FavoriteCount,<=,2,p.CreationDate,>=,1279903010#23347
comments c,posts p#c.PostId=p.Id#p.Score,<=,12,p.CommentCount,>=,0,p.CommentCount,<=,11#153087
comments c,posts p#c.PostId=p.Id#p.Score,>=,-2,p.Score,<=,23,p.ViewCount,<=,5011#88043
comments c,posts p#c.PostId=p.Id#c.CreationDate,>=,1284410817,c.CreationDate,<=,1410572495,p.AnswerCount,=,0#29828
comments c,posts p#c.PostId=p.Id#c.Score,=,0,p.ViewCount,>=,0,p.ViewCount,<=,5352#66141
comments c,posts p#c.PostId=p.Id#c.Score,=,0,p.PostTypeId,=,1,p.Score,>=,0#66182
comments c,posts p#c.PostId=p.Id#c.Score,=,0,p.FavoriteCount,>=,0,p.CreationDate,>=,1279615118#22322
comments c,posts p#c.PostId=p.Id#p.Score,>=,-4,p.AnswerCount,>=,0,p.AnswerCount,<=,3#86258
comments c,posts p#c.PostId=p.Id#c.Score,=,1,c.CreationDate,>=,1279701938,c.CreationDate,<=,1410380762#24913
comments c,posts p#c.PostId=p.Id#p.Score,>=,0,p.CommentCount,>=,0,p.CommentCount,<=,10#153970
comments c,posts p#c.PostId=p.Id#p.PostTypeId,=,2,p.Score,<=,18,p.CreationDate,<=,1409265095#80012
comments c,posts p#c.PostId=p.Id#p.PostTypeId,=,1,p.FavoriteCount,>=,0,p.FavoriteCount,<=,15#30772
comments c,posts p#c.PostId=p.Id#c.Score,=,0,p.Score,<=,26,p.ViewCount,<=,8460#66296
comments c,posts p#c.PostId=p.Id#c.Score,=,0,p.AnswerCount,>=,0,p.FavoriteCount,>=,0#22415
comments c,posts p#c.PostId=p.Id#c.Score,=,0,c.CreationDate,<=,1409858140,p.PostTypeId,=,1#66316
comments c,posts p#c.PostId=p.Id#p.Score,>=,-1,p.Score,<=,48,p.CommentCount,>=,0#172363
comments c,posts p#c.PostId=p.Id#c.Score,=,2,p.PostTypeId,=,1,p.AnswerCount,<=,6#5116
comments c,posts p#c.PostId=p.Id#c.Score,=,1,p.ViewCount,>=,0,p.FavoriteCount,<=,6#4840
comments c,posts p#c.PostId=p.Id#c.Score,=,0,p.AnswerCount,>=,0,p.FavoriteCount,<=,13#21914
comments c,posts p#c.PostId=p.Id#c.Score,=,0,c.CreationDate,>=,1279671065,p.FavoriteCount,<=,5#20555
comments c,posts p#c.PostId=p.Id#p.PostTypeId,=,1,p.CreationDate,>=,1281165835,p.CreationDate,<=,1410581065#89984
comments c,posts p#c.PostId=p.Id#c.Score,=,0,p.CommentCount,>=,0,p.FavoriteCount,=,0#1563
comments c,posts p#c.PostId=p.Id#c.Score,=,0,p.ViewCount,<=,2263,p.CommentCount,>=,0#63927
comments c,posts p#c.PostId=p.Id#c.Score,=,0,p.ViewCount,>=,0,p.AnswerCount,>=,0#67056
comments c,posts p#c.PostId=p.Id#c.CreationDate,>=,1279578502,c.CreationDate,<=,1410499988,p.CommentCount,<=,13#165486
comments c,posts p#c.PostId=p.Id#c.CreationDate,<=,1410396532,p.AnswerCount,<=,19,p.CommentCount,<=,17#88768
comments c,posts p#c.PostId=p.Id#p.PostTypeId,=,1,p.ViewCount,>=,0,p.AnswerCount,>=,0#90677
comments c,posts p#c.PostId=p.Id#c.Score,=,1,p.Score,<=,20,p.CreationDate,<=,1409420875#24057
badges b,users u#b.UserId=u.Id#b.Date,<=,1410025707,u.Views,>=,0,u.DownVotes,<=,2#67553
badges b,users u#b.UserId=u.Id#b.Date,>=,1282204469,u.Views,>=,0,u.Views,<=,29#55157
badges b,users u#b.UserId=u.Id#b.Date,>=,1279650742,b.Date,<=,1410397478,u.Views,>=,0#79178
badges b,users u#b.UserId=u.Id#u.DownVotes,=,0,u.UpVotes,=,0,u.CreationDate,>=,1279615009#26853
badges b,users u#b.UserId=u.Id#b.Date,<=,1408194585,u.Views,>=,0,u.Views,<=,126#64989
badges b,users u#b.UserId=u.Id#b.Date,>=,1279568947,u.Reputation,<=,243,u.DownVotes,<=,0#53974
badges b,users u#b.UserId=u.Id#b.Date,>=,1279580947,u.UpVotes,>=,0,u.UpVotes,<=,45#63188
badges b,users u#b.UserId=u.Id#u.Views,>=,0,u.Views,<=,783,u.DownVotes,<=,1#66047
badges b,users u#b.UserId=u.Id#u.Views,<=,12,u.DownVotes,>=,0,u.DownVotes,<=,113#46398
badges b,users u#b.UserId=u.Id#b.Date,<=,1407404396,u.Reputation,>=,1,u.Reputation,<=,861#63601
badges b,users u#b.UserId=u.Id#u.Views,>=,0,u.Views,<=,589,u.UpVotes,<=,24#59369
badges b,users u#b.UserId=u.Id#u.Views,>=,0,u.Views,<=,30,u.UpVotes,>=,0#56207
badges b,users u#b.UserId=u.Id#u.Views,=,0,u.DownVotes,>=,0,u.DownVotes,<=,1#11599
badges b,users u#b.UserId=u.Id#b.Date,<=,1408625712,u.DownVotes,>=,0,u.CreationDate,=,1279567247#4
badges b,users u#b.UserId=u.Id#u.DownVotes,>=,0,u.DownVotes,<=,1,u.UpVotes,>=,0#66192
badges b,users u#b.UserId=u.Id#b.Date,>=,1279616050,u.DownVotes,<=,0,u.UpVotes,>=,0#62116
badges b,users u#b.UserId=u.Id#u.Reputation,=,101,u.DownVotes,<=,13,u.CreationDate,>=,1294341884#5354
badges b,users u#b.UserId=u.Id#b.Date,<=,1410639352,u.Reputation,<=,451,u.DownVotes,>=,0#61805
badges b,users u#b.UserId=u.Id#u.Views,>=,0,u.Views,<=,13,u.DownVotes,<=,0#46735
badges b,users u#b.UserId=u.Id#u.Reputation,>=,1,u.UpVotes,>=,0,u.UpVotes,<=,8#51107
badges b,users u#b.UserId=u.Id#u.DownVotes,>=,0,u.DownVotes,<=,5,u.UpVotes,>=,0#71063
badges b,users u#b.UserId=u.Id#u.Reputation,>=,1,u.Reputation,<=,872,u.Views,<=,51#60582
badges b,users u#b.UserId=u.Id#b.Date,<=,1410391898,u.Reputation,<=,276,u.DownVotes,>=,0#56495
badges b,users u#b.UserId=u.Id#b.Date,<=,1409323926,u.Reputation,>=,1,u.Views,<=,43#58166
badges b,users u#b.UserId=u.Id#u.DownVotes,=,0,u.UpVotes,>=,0,u.UpVotes,<=,2468#62294
badges b,users u#b.UserId=u.Id#b.Date,>=,1279569246,u.Views,<=,58,u.DownVotes,<=,1#60222
badges b,users u#b.UserId=u.Id#u.Views,<=,222,u.DownVotes,>=,0,u.DownVotes,<=,56#69846
badges b,users u#b.UserId=u.Id#b.Date,>=,1284955155,b.Date,<=,1410398923,u.Reputation,=,414#48
badges b,users u#b.UserId=u.Id#b.Date,<=,1409738600,u.Views,>=,0,u.DownVotes,=,0#61452
badges b,users u#b.UserId=u.Id#u.Reputation,<=,192,u.Views,=,1,u.DownVotes,>=,0#7766
badges b,users u#b.UserId=u.Id#u.Reputation,>=,1,u.Reputation,<=,507,u.DownVotes,>=,0#62726
badges b,users u#b.UserId=u.Id#u.Reputation,>=,1,u.Reputation,<=,441,u.Views,<=,39#57630
badges b,users u#b.UserId=u.Id#b.Date,>=,1279568349,b.Date,<=,1410408770,u.CreationDate,<=,1409748462#79351
badges b,users u#b.UserId=u.Id#b.Date,>=,1280336034,u.Reputation,<=,194,u.CreationDate,=,1395654023#2
badges b,users u#b.UserId=u.Id#u.DownVotes,<=,1,u.UpVotes,>=,0,u.CreationDate,>=,1281187515#63054
badges b,users u#b.UserId=u.Id#u.Views,>=,0,u.DownVotes,<=,0,u.CreationDate,<=,1406513467#60383
badges b,users u#b.UserId=u.Id#u.Reputation,=,101,u.Views,<=,51,u.CreationDate,<=,1409064458#6056
badges b,users u#b.UserId=u.Id#u.Reputation,<=,326,u.CreationDate,>=,1279590467,u.CreationDate,<=,1409642678#57687
badges b,users u#b.UserId=u.Id#u.Reputation,<=,383,u.UpVotes,>=,0,u.UpVotes,<=,121#59708
badges b,users u#b.UserId=u.Id#u.Reputation,>=,1,u.Reputation,<=,123,u.Views,=,2#5258
badges b,users u#b.UserId=u.Id#u.Reputation,<=,1053,u.Views,>=,0,u.CreationDate,=,1307149133#1
badges b,users u#b.UserId=u.Id#u.Reputation,>=,1,u.Reputation,<=,255,u.UpVotes,>=,0#55896
badges b,users u#b.UserId=u.Id#b.Date,>=,1281039395,u.DownVotes,>=,0,u.UpVotes,<=,19#57072
badges b,users u#b.UserId=u.Id#b.Date,<=,1409187592,u.Reputation,<=,262,u.DownVotes,>=,0#55035
badges b,users u#b.UserId=u.Id#b.Date,>=,1286183447,b.Date,<=,1409877905,u.DownVotes,<=,6#69010
badges b,users u#b.UserId=u.Id#u.Reputation,>=,1,u.Views,>=,0,u.Views,<=,51#60793
badges b,users u#b.UserId=u.Id#u.Views,<=,77,u.DownVotes,<=,2,u.UpVotes,>=,0#62966
badges b,users u#b.UserId=u.Id#u.Views,>=,0,u.DownVotes,<=,4,u.UpVotes,>=,0#70137
badges b,users u#b.UserId=u.Id#u.Views,>=,0,u.DownVotes,>=,0,u.CreationDate,<=,1410539070#79835
badges b,users u#b.UserId=u.Id#u.Reputation,<=,379,u.DownVotes,>=,0,u.DownVotes,<=,4#59732
badges b,users u#b.UserId=u.Id#b.Date,>=,1280370239,b.Date,<=,1410427861,u.UpVotes,=,2#5094
badges b,users u#b.UserId=u.Id#u.Reputation,>=,1,u.Views,>=,0,u.DownVotes,<=,0#62294
badges b,users u#b.UserId=u.Id#b.Date,>=,1297333920,b.Date,<=,1410184124,u.UpVotes,>=,0#74594
badges b,users u#b.UserId=u.Id#b.Date,<=,1410475342,u.Reputation,<=,305,u.DownVotes,<=,0#55562
badges b,users u#b.UserId=u.Id#b.Date,>=,1280234324,b.Date,<=,1410482618,u.Reputation,>=,1#78937
badges b,users u#b.UserId=u.Id#b.Date,<=,1409541417,u.DownVotes,<=,35,u.CreationDate,<=,1410560060#74321
badges b,users u#b.UserId=u.Id#u.Reputation,=,42,u.CreationDate,>=,1294418883,u.CreationDate,<=,1409754065#51
badges b,users u#b.UserId=u.Id#u.Views,>=,0,u.Views,<=,29,u.UpVotes,>=,0#55873
badges b,users u#b.UserId=u.Id#b.Date,>=,1280173422,b.Date,<=,1410631710,u.DownVotes,<=,1#65734
badges b,users u#b.UserId=u.Id#b.Date,>=,1279568348,u.Reputation,=,101,u.DownVotes,>=,0#6174
badges b,users u#b.UserId=u.Id#u.UpVotes,>=,0,u.UpVotes,<=,454,u.CreationDate,=,1332780126#1
badges b,users u#b.UserId=u.Id#u.Reputation,<=,740,u.Views,>=,0,u.DownVotes,>=,0#65594
badges b,users u#b.UserId=u.Id#b.Date,>=,1279648943,b.Date,<=,1410467148,u.Views,<=,59#61535
badges b,users u#b.UserId=u.Id#b.Date,>=,1280228324,u.Reputation,>=,1,u.Reputation,<=,346#58650
badges b,users u#b.UserId=u.Id#u.Reputation,<=,175,u.DownVotes,=,0,u.CreationDate,>=,1280937113#49686
badges b,users u#b.UserId=u.Id#u.Reputation,>=,1,u.Reputation,<=,31170,u.DownVotes,>=,0#78669
badges b,users u#b.UserId=u.Id#u.Views,>=,0,u.Views,<=,17,u.UpVotes,>=,0#50349
badges b,users u#b.UserId=u.Id#b.Date,<=,1408629307,u.DownVotes,=,0,u.UpVotes,>=,0#60535
badges b,users u#b.UserId=u.Id#b.Date,<=,1408467395,u.Views,=,3,u.DownVotes,>=,0#4158
badges b,users u#b.UserId=u.Id#b.Date,>=,1279723692,b.Date,<=,1410368999,u.CreationDate,=,1396461245#1
badges b,users u#b.UserId=u.Id#u.Views,=,1,u.DownVotes,>=,0,u.CreationDate,<=,1410209681#7764
badges b,users u#b.UserId=u.Id#b.Date,<=,1408631404,u.UpVotes,>=,0,u.UpVotes,<=,683#73202
badges b,users u#b.UserId=u.Id#u.DownVotes,>=,0,u.DownVotes,<=,9,u.CreationDate,=,1399129260#3
badges b,users u#b.UserId=u.Id#u.UpVotes,>=,0,u.UpVotes,<=,4,u.CreationDate,>=,1281987118#44246
badges b,users u#b.UserId=u.Id#b.Date,=,1407440721,u.Reputation,<=,407,u.DownVotes,<=,0#2
badges b,users u#b.UserId=u.Id#u.Reputation,>=,1,u.Views,=,3,u.CreationDate,>=,1280191513#4224
badges b,users u#b.UserId=u.Id#b.Date,>=,1285062928,b.Date,<=,1409843137,u.DownVotes,<=,0#60274
badges b,users u#b.UserId=u.Id#u.Views,>=,0,u.Views,<=,95,u.CreationDate,>=,1289673326#60648
badges b,users u#b.UserId=u.Id#u.Views,<=,173,u.DownVotes,>=,0,u.DownVotes,<=,0#61290
badges b,users u#b.UserId=u.Id#b.Date,>=,1279568350,b.Date,<=,1409854524,u.CreationDate,>=,1298712651#63528
badges b,users u#b.UserId=u.Id#b.Date,<=,1410554418,u.Reputation,>=,1,u.DownVotes,>=,0#79786
badges b,users u#b.UserId=u.Id#u.Views,=,0,u.UpVotes,<=,460,u.CreationDate,>=,1294145638#11260
badges b,users u#b.UserId=u.Id#u.Views,>=,0,u.UpVotes,>=,0,u.UpVotes,<=,12#54418
badges b,users u#b.UserId=u.Id#u.Views,>=,0,u.UpVotes,>=,0,u.CreationDate,>=,1295973070#65919
badges b,users u#b.UserId=u.Id#b.Date,>=,1291857743,u.CreationDate,>=,1294145638,u.CreationDate,<=,1410025736#66707
badges b,users u#b.UserId=u.Id#u.DownVotes,>=,0,u.DownVotes,<=,2,u.UpVotes,>=,0#68130
badges b,users u#b.UserId=u.Id#u.Views,<=,44,u.CreationDate,>=,1280188096,u.CreationDate,<=,1410206934#58522
badges b,users u#b.UserId=u.Id#u.Views,>=,0,u.Views,<=,15,u.DownVotes,>=,0#48862
badges b,users u#b.UserId=u.Id#b.Date,<=,1409417199,u.DownVotes,>=,0,u.DownVotes,<=,1#65074
badges b,users u#b.UserId=u.Id#b.Date,>=,1279598048,u.Reputation,<=,13806,u.Views,=,1#7782
badges b,users u#b.UserId=u.Id#b.Date,<=,1407060907,u.Views,>=,0,u.Views,<=,7395#75540
badges b,users u#b.UserId=u.Id#b.Date,<=,1409218752,u.Reputation,<=,1178,u.DownVotes,<=,0#60087
badges b,users u#b.UserId=u.Id#u.DownVotes,>=,0,u.UpVotes,>=,0,u.UpVotes,<=,9#52054
badges b,users u#b.UserId=u.Id#u.Reputation,=,1,u.Views,>=,0,u.UpVotes,<=,347#3470
badges b,users u#b.UserId=u.Id#b.Date,>=,1279568350,u.DownVotes,>=,0,u.DownVotes,<=,1#66145
badges b,users u#b.UserId=u.Id#u.Reputation,=,108,u.UpVotes,=,0,u.CreationDate,>=,1281009564#155
badges b,users u#b.UserId=u.Id#u.Reputation,>=,1,u.CreationDate,>=,1287787235,u.CreationDate,<=,1406645968#67586
badges b,users u#b.UserId=u.Id#u.Reputation,<=,129,u.Views,>=,0,u.Views,<=,37#44425
badges b,users u#b.UserId=u.Id#b.Date,>=,1280330934,u.Reputation,>=,1,u.UpVotes,<=,20#57669
badges b,users u#b.UserId=u.Id#b.Date,>=,1281888786,u.Reputation,=,1,u.DownVotes,>=,0#3465
badges b,users u#b.UserId=u.Id#u.Reputation,>=,1,u.Views,>=,0,u.Views,<=,16#49658
badges b,users u#b.UserId=u.Id#u.Reputation,>=,1,u.Reputation,<=,201,u.Views,<=,33#51637
badges b,users u#b.UserId=u.Id#u.DownVotes,>=,0,u.DownVotes,<=,0,u.CreationDate,>=,1280230088#60751
badges b,users u#b.UserId=u.Id#u.DownVotes,<=,0,u.CreationDate,>=,1279792875,u.CreationDate,<=,1405885469#58867
badges b,users u#b.UserId=u.Id#b.Date,<=,1407339231,u.UpVotes,>=,0,u.UpVotes,<=,38#59223
badges b,users u#b.UserId=u.Id#u.Views,=,0,u.UpVotes,>=,0,u.UpVotes,<=,106#11599
badges b,users u#b.UserId=u.Id#b.Date,>=,1280248724,b.Date,<=,1410612548,u.DownVotes,<=,8#71991
badges b,users u#b.UserId=u.Id#u.UpVotes,<=,24,u.CreationDate,>=,1280219757,u.CreationDate,<=,1409737125#57833
badges b,users u#b.UserId=u.Id#u.Reputation,>=,1,u.Views,<=,197,u.UpVotes,>=,0#69415
badges b,users u#b.UserId=u.Id#b.Date,>=,1280263426,u.Reputation,=,1,u.UpVotes,<=,9#3460
badges b,users u#b.UserId=u.Id#u.DownVotes,>=,0,u.UpVotes,>=,0,u.UpVotes,<=,34#61656
badges b,users u#b.UserId=u.Id#b.Date,<=,1409915545,u.UpVotes,>=,0,u.CreationDate,>=,1281538951#72417
badges b,users u#b.UserId=u.Id#b.Date,=,1362742026,u.Views,<=,74,u.DownVotes,>=,0#1
badges b,users u#b.UserId=u.Id#u.UpVotes,>=,0,u.CreationDate,>=,1279630374,u.CreationDate,<=,1409574954#76674
badges b,users u#b.UserId=u.Id#u.Reputation,>=,1,u.Reputation,<=,551,u.DownVotes,=,0#59124
badges b,users u#b.UserId=u.Id#b.Date,>=,1280010814,u.Views,>=,0,u.Views,<=,666#73359
badges b,users u#b.UserId=u.Id#b.Date,>=,1283225614,b.Date,<=,1406840805,u.Reputation,=,11#2897
badges b,users u#b.UserId=u.Id#u.Views,>=,0,u.UpVotes,>=,0,u.UpVotes,<=,37#62103
badges b,users u#b.UserId=u.Id#b.Date,<=,1408574806,u.Reputation,=,1,u.Views,>=,0#3246
badges b,users u#b.UserId=u.Id#b.Date,>=,1281655199,u.UpVotes,>=,0,u.UpVotes,<=,204#69968
badges b,users u#b.UserId=u.Id#u.Reputation,>=,1,u.Views,>=,0,u.DownVotes,<=,11#73366
badges b,users u#b.UserId=u.Id#u.Reputation,>=,1,u.DownVotes,>=,0,u.DownVotes,<=,0#62294
badges b,users u#b.UserId=u.Id#b.Date,>=,1279568350,u.CreationDate,>=,1280199725,u.CreationDate,<=,1409250234#75298
badges b,users u#b.UserId=u.Id#b.Date,>=,1279925309,u.Reputation,>=,1,u.UpVotes,<=,37#61758
badges b,users u#b.UserId=u.Id#u.Reputation,>=,1,u.Reputation,<=,196,u.Views,<=,2866#52885
badges b,users u#b.UserId=u.Id#u.Reputation,>=,1,u.Reputation,<=,651,u.DownVotes,<=,1#62543
badges b,users u#b.UserId=u.Id#b.Date,>=,1288041944,u.Views,=,2,u.CreationDate,>=,1306882383#5254
badges b,users u#b.UserId=u.Id#u.Reputation,>=,1,u.DownVotes,>=,0,u.UpVotes,<=,883#75822
badges b,users u#b.UserId=u.Id#u.Reputation,>=,1,u.Reputation,<=,13898,u.UpVotes,>=,0#77048
badges b,users u#b.UserId=u.Id#u.Reputation,<=,7663,u.DownVotes,>=,0,u.DownVotes,<=,0#62241
badges b,users u#b.UserId=u.Id#u.Reputation,>=,1,u.Reputation,<=,817,u.UpVotes,<=,21#57807
badges b,users u#b.UserId=u.Id#b.Date,>=,1281828949,b.Date,<=,1410006244,u.UpVotes,=,0#26449
badges b,users u#b.UserId=u.Id#u.Reputation,=,21,u.CreationDate,>=,1279567266,u.CreationDate,<=,1410315841#1385
badges b,users u#b.UserId=u.Id#u.Views,>=,0,u.Views,<=,27,u.UpVotes,>=,0#55188
badges b,users u#b.UserId=u.Id#u.Reputation,<=,1272,u.Views,>=,0,u.Views,<=,64#62641
badges b,users u#b.UserId=u.Id#b.Date,>=,1279611248,u.CreationDate,>=,1280364227,u.CreationDate,<=,1410154753#74726
badges b,users u#b.UserId=u.Id#u.UpVotes,=,2,u.CreationDate,>=,1300776928,u.CreationDate,<=,1408645183#4372
badges b,users u#b.UserId=u.Id#u.Reputation,<=,384,u.Views,=,0,u.UpVotes,>=,0#11599
badges b,users u#b.UserId=u.Id#b.Date,>=,1279629253,b.Date,<=,1410635873,u.Views,=,0#11588
badges b,users u#b.UserId=u.Id#u.Reputation,>=,1,u.Reputation,<=,233,u.DownVotes,<=,0#53667
badges b,users u#b.UserId=u.Id#b.Date,<=,1409915545,u.Views,<=,61,u.UpVotes,>=,0#61592
badges b,users u#b.UserId=u.Id#b.Date,>=,1280789711,u.Views,>=,0,u.DownVotes,<=,2#67347
badges b,users u#b.UserId=u.Id#b.Date,>=,1285589032,b.Date,<=,1409481143,u.Views,>=,0#76466
badges b,users u#b.UserId=u.Id#b.Date,<=,1410403928,u.UpVotes,>=,0,u.UpVotes,<=,26#59710
badges b,users u#b.UserId=u.Id#b.Date,<=,1410401956,u.Reputation,>=,1,u.UpVotes,<=,1316#76291
badges b,users u#b.UserId=u.Id#u.Reputation,>=,1,u.DownVotes,>=,0,u.DownVotes,<=,0#62294
badges b,users u#b.UserId=u.Id#b.Date,>=,1281653698,b.Date,<=,1409074946,u.CreationDate,>=,1290732362#66439
badges b,users u#b.UserId=u.Id#b.Date,>=,1279568349,u.DownVotes,>=,0,u.UpVotes,<=,59#64887
badges b,users u#b.UserId=u.Id#b.Date,>=,1279572846,u.Reputation,>=,1,u.CreationDate,<=,1410480354#79652
badges b,users u#b.UserId=u.Id#u.DownVotes,<=,1,u.CreationDate,>=,1280173060,u.CreationDate,<=,1409587509#64050
badges b,users u#b.UserId=u.Id#b.Date,>=,1282452308,u.Reputation,>=,1,u.CreationDate,>=,1279568137#77448
badges b,users u#b.UserId=u.Id#u.Views,>=,0,u.Views,<=,27,u.CreationDate,<=,1410186362#55022
badges b,users u#b.UserId=u.Id#u.Views,>=,0,u.Views,<=,28,u.DownVotes,=,0#53934
badges b,users u#b.UserId=u.Id#b.Date,>=,1279569547,b.Date,<=,1409770138,u.UpVotes,>=,0#78833
badges b,users u#b.UserId=u.Id#u.Reputation,<=,1895,u.Views,=,7,u.CreationDate,<=,1409330604#1936
badges b,users u#b.UserId=u.Id#u.Views,>=,0,u.DownVotes,<=,1,u.UpVotes,<=,10#52610
badges b,users u#b.UserId=u.Id#u.Reputation,<=,176,u.UpVotes,=,1,u.CreationDate,<=,1407213330#6975
badges b,users u#b.UserId=u.Id#u.Views,>=,0,u.Views,<=,32,u.UpVotes,>=,0#56806
badges b,users u#b.UserId=u.Id#u.Reputation,<=,148,u.CreationDate,>=,1293481346,u.CreationDate,<=,1407724212#44692
badges b,users u#b.UserId=u.Id#b.Date,>=,1279612148,u.Reputation,=,6,u.DownVotes,=,0#3769
badges b,users u#b.UserId=u.Id#u.Reputation,<=,166,u.Views,>=,0,u.DownVotes,<=,0#49826
badges b,users u#b.UserId=u.Id#u.Reputation,>=,1,u.Reputation,<=,3963,u.UpVotes,<=,25#59605
badges b,users u#b.UserId=u.Id#u.Reputation,<=,170,u.UpVotes,>=,0,u.UpVotes,<=,21#49045
badges b,users u#b.UserId=u.Id#u.Views,>=,0,u.Views,<=,73,u.UpVotes,<=,31#59065
badges b,users u#b.UserId=u.Id#b.Date,<=,1410420456,u.DownVotes,>=,0,u.DownVotes,<=,0#62062
badges b,users u#b.UserId=u.Id#u.DownVotes,>=,0,u.UpVotes,>=,0,u.CreationDate,=,1408434822#4
badges b,users u#b.UserId=u.Id#u.UpVotes,>=,0,u.CreationDate,>=,1285117630,u.CreationDate,<=,1410494818#70217
badges b,users u#b.UserId=u.Id#u.DownVotes,>=,0,u.UpVotes,<=,204,u.CreationDate,<=,1408542834#70238
badges b,users u#b.UserId=u.Id#u.Reputation,>=,1,u.DownVotes,>=,0,u.UpVotes,>=,0#79851
badges b,users u#b.UserId=u.Id#u.Views,<=,75,u.DownVotes,<=,1,u.UpVotes,>=,0#61952
badges b,users u#b.UserId=u.Id#b.Date,>=,1279568350,u.UpVotes,>=,0,u.UpVotes,<=,24#59368
badges b,users u#b.UserId=u.Id#b.Date,>=,1279571646,b.Date,<=,1409176722,u.Reputation,>=,1#78186
badges b,users u#b.UserId=u.Id#u.Reputation,>=,1,u.Views,<=,30,u.DownVotes,<=,0#54416
badges b,users u#b.UserId=u.Id#u.Views,>=,0,u.DownVotes,<=,0,u.UpVotes,>=,0#62294
badges b,users u#b.UserId=u.Id#b.Date,>=,1280781011,u.Views,<=,133,u.UpVotes,<=,24#58311
badges b,users u#b.UserId=u.Id#u.DownVotes,>=,0,u.DownVotes,<=,0,u.UpVotes,<=,57#59794
badges b,users u#b.UserId=u.Id#u.Reputation,>=,1,u.Reputation,<=,231,u.UpVotes,>=,0#54893
badges b,users u#b.UserId=u.Id#u.Views,>=,0,u.UpVotes,>=,0,u.UpVotes,<=,21#58428
badges b,users u#b.UserId=u.Id#b.Date,>=,1281530094,b.Date,<=,1408195918,u.Reputation,<=,217#51601
badges b,users u#b.UserId=u.Id#b.Date,<=,1410614991,u.Views,>=,0,u.UpVotes,<=,11#53670
badges b,users u#b.UserId=u.Id#u.Views,>=,0,u.Views,<=,946,u.UpVotes,>=,0#74574
badges b,users u#b.UserId=u.Id#b.Date,>=,1279691292,b.Date,<=,1410419914,u.Reputation,<=,468#61632
badges b,users u#b.UserId=u.Id#u.Views,>=,0,u.Views,<=,55,u.UpVotes,<=,20#55777
badges b,users u#b.UserId=u.Id#b.Date,>=,1279723692,b.Date,<=,1409761683,u.CreationDate,>=,1279566721#77878
badges b,users u#b.UserId=u.Id#u.Reputation,>=,1,u.Reputation,<=,451,u.DownVotes,>=,0#61816
badges b,users u#b.UserId=u.Id#u.Reputation,>=,1,u.UpVotes,>=,0,u.UpVotes,<=,9#52054
badges b,users u#b.UserId=u.Id#u.Reputation,<=,3518,u.CreationDate,>=,1299459148,u.CreationDate,<=,1410441187#61278
badges b,users u#b.UserId=u.Id#b.Date,=,1365412003,u.Reputation,<=,916,u.Views,<=,14#1
badges b,users u#b.UserId=u.Id#b.Date,>=,1279581847,u.Reputation,<=,163,u.DownVotes,<=,1#49854
badges b,users u#b.UserId=u.Id#b.Date,<=,1409865226,u.CreationDate,>=,1280921577,u.CreationDate,<=,1409763943#73279
badges b,users u#b.UserId=u.Id#u.Reputation,=,111,u.UpVotes,>=,0,u.UpVotes,<=,32#885
badges b,users u#b.UserId=u.Id#b.Date,=,1381275990,u.Views,<=,1244,u.UpVotes,<=,17#1
badges b,users u#b.UserId=u.Id#u.Views,>=,0,u.Views,<=,121,u.CreationDate,<=,1409317951#66478
badges b,users u#b.UserId=u.Id#u.Views,>=,0,u.Views,<=,148,u.UpVotes,<=,27#59533
badges b,users u#b.UserId=u.Id#u.Views,<=,50,u.UpVotes,=,13,u.CreationDate,>=,1289613970#401
badges b,users u#b.UserId=u.Id#b.Date,<=,1410428154,u.DownVotes,>=,0,u.DownVotes,<=,0#62071
badges b,users u#b.UserId=u.Id#u.Views,<=,43,u.UpVotes,>=,0,u.CreationDate,>=,1281721817#57488
badges b,users u#b.UserId=u.Id#u.Views,>=,0,u.Views,<=,10,u.DownVotes,>=,0#44191
badges b,users u#b.UserId=u.Id#u.Views,=,6,u.UpVotes,>=,0,u.UpVotes,<=,55#2343
badges b,users u#b.UserId=u.Id#b.Date,>=,1279900408,u.Views,<=,39,u.DownVotes,>=,0#58369
badges b,users u#b.UserId=u.Id#u.Reputation,<=,672,u.DownVotes,>=,0,u.DownVotes,<=,1#62724
badges b,users u#b.UserId=u.Id#u.Reputation,=,1,u.DownVotes,<=,0,u.CreationDate,>=,1290896861#3459
badges b,users u#b.UserId=u.Id#u.Reputation,>=,1,u.Reputation,<=,376,u.Views,>=,0#59916
badges b,users u#b.UserId=u.Id#u.Views,>=,0,u.Views,<=,653,u.UpVotes,>=,0#73694
badges b,users u#b.UserId=u.Id#b.Date,>=,1293564799,u.Reputation,>=,1,u.CreationDate,<=,1407750227#74698
badges b,users u#b.UserId=u.Id#b.Date,=,1404774675,u.UpVotes,>=,0,u.UpVotes,<=,35#2
badges b,users u#b.UserId=u.Id#b.Date,=,1387463501,u.Reputation,>=,1,u.CreationDate,<=,1407682644#1
badges b,users u#b.UserId=u.Id#u.Views,>=,0,u.Views,<=,40,u.UpVotes,<=,20#54408
badges b,users u#b.UserId=u.Id#u.Reputation,<=,140,u.UpVotes,>=,0,u.UpVotes,<=,10#44165
badges b,users u#b.UserId=u.Id#b.Date,=,1289453343,u.DownVotes,<=,1,u.UpVotes,<=,65#1
badges b,users u#b.UserId=u.Id#b.Date,>=,1279658847,u.DownVotes,>=,0,u.DownVotes,<=,1#65890
badges b,users u#b.UserId=u.Id#b.Date,<=,1410017553,u.Reputation,<=,407,u.Views,<=,25#53438
badges b,users u#b.UserId=u.Id#b.Date,>=,1279577347,u.UpVotes,>=,0,u.UpVotes,<=,11#53620
badges b,users u#b.UserId=u.Id#b.Date,>=,1281352173,u.Reputation,>=,1,u.CreationDate,>=,1281523758#73149
badges b,users u#b.UserId=u.Id#u.Views,=,0,u.UpVotes,>=,0,u.UpVotes,<=,86#11596
badges b,users u#b.UserId=u.Id#u.Reputation,>=,1,u.Reputation,<=,504,u.Views,>=,0#62680
badges b,users u#b.UserId=u.Id#u.Views,=,2,u.DownVotes,>=,0,u.DownVotes,<=,0#5691
badges b,users u#b.UserId=u.Id#u.Reputation,<=,218,u.Views,>=,0,u.CreationDate,<=,1409761668#53990
badges b,users u#b.UserId=u.Id#u.Reputation,>=,1,u.Reputation,<=,185,u.Views,<=,33#50804
badges b,users u#b.UserId=u.Id#u.Views,<=,140,u.CreationDate,>=,1292413799,u.CreationDate,<=,1410087880#61182
badges b,users u#b.UserId=u.Id#b.Date,>=,1290093932,b.Date,<=,1409006234,u.DownVotes,>=,0#74993
badges b,users u#b.UserId=u.Id#b.Date,>=,1282064030,u.Reputation,<=,485,u.DownVotes,<=,1#60095
badges b,users u#b.UserId=u.Id#u.Reputation,<=,338,u.DownVotes,>=,0,u.CreationDate,>=,1284992271#56233
badges b,users u#b.UserId=u.Id#u.Reputation,>=,1,u.Reputation,<=,8635,u.CreationDate,>=,1295287474#64505
badges b,users u#b.UserId=u.Id#u.Views,<=,49,u.CreationDate,>=,1280954936,u.CreationDate,<=,1409642620#58423
badges b,users u#b.UserId=u.Id#b.Date,=,1391759175,u.Views,>=,0,u.UpVotes,>=,0#1
badges b,users u#b.UserId=u.Id#u.Views,=,0,u.DownVotes,>=,0,u.CreationDate,<=,1407336980#10823
badges b,users u#b.UserId=u.Id#b.Date,>=,1280231024,b.Date,<=,1409723123,u.Views,>=,0#78109
badges b,users u#b.UserId=u.Id#b.Date,<=,1410469859,u.Views,<=,39,u.UpVotes,=,0#26611
badges b,users u#b.UserId=u.Id#u.Reputation,>=,1,u.Reputation,<=,245,u.CreationDate,>=,1280172287#54867
badges b,users u#b.UserId=u.Id#b.Date,>=,1279576146,u.Reputation,<=,890,u.DownVotes,<=,1#63638
badges b,users u#b.UserId=u.Id#u.Reputation,>=,1,u.Views,>=,0,u.DownVotes,=,0#62294
badges b,users u#b.UserId=u.Id#b.Date,>=,1280796311,u.Views,>=,0,u.Views,<=,83#64122
badges b,users u#b.UserId=u.Id#u.Views,>=,0,u.Views,<=,151,u.CreationDate,<=,1410053400#67959
badges b,users u#b.UserId=u.Id#u.Views,>=,0,u.Views,<=,31,u.DownVotes,>=,0#56531
badges b,users u#b.UserId=u.Id#u.UpVotes,>=,0,u.UpVotes,<=,270,u.CreationDate,>=,1282436551#67330
badges b,users u#b.UserId=u.Id#u.Reputation,<=,4096,u.Views,>=,0,u.Views,<=,209#69672
badges b,users u#b.UserId=u.Id#u.DownVotes,<=,15,u.UpVotes,>=,0,u.CreationDate,>=,1297750915#62341
badges b,users u#b.UserId=u.Id#u.Views,=,0,u.DownVotes,>=,0,u.DownVotes,<=,1#11599
badges b,users u#b.UserId=u.Id#u.Reputation,<=,258,u.Views,>=,0,u.Views,<=,25#52323
badges b,users u#b.UserId=u.Id#b.Date,=,1374973285,u.Reputation,>=,1,u.Views,<=,635#1
badges b,users u#b.UserId=u.Id#u.Reputation,>=,1,u.Reputation,<=,211,u.Views,>=,0#53819
badges b,users u#b.UserId=u.Id#u.Reputation,<=,1994,u.DownVotes,>=,0,u.DownVotes,<=,18#70386
badges b,users u#b.UserId=u.Id#u.Reputation,<=,248,u.Views,>=,0,u.UpVotes,<=,9#49285
badges b,users u#b.UserId=u.Id#u.Reputation,<=,457,u.UpVotes,<=,23,u.CreationDate,<=,1410488734#56871
badges b,users u#b.UserId=u.Id#u.Views,>=,0,u.DownVotes,=,0,u.UpVotes,<=,32#57979
badges b,users u#b.UserId=u.Id#u.UpVotes,>=,0,u.CreationDate,>=,1283334395,u.CreationDate,<=,1409661051#70850
badges b,users u#b.UserId=u.Id#b.Date,>=,1279590547,u.Reputation,<=,473,u.Views,>=,0#62021
badges b,users u#b.UserId=u.Id#u.UpVotes,>=,0,u.UpVotes,<=,33,u.CreationDate,>=,1284682518#58058
badges b,users u#b.UserId=u.Id#u.Reputation,<=,138,u.Views,>=,0,u.UpVotes,<=,910#46784
badges b,users u#b.UserId=u.Id#u.Views,<=,585,u.DownVotes,<=,4,u.CreationDate,<=,1409843718#69317
badges b,users u#b.UserId=u.Id#u.DownVotes,>=,0,u.DownVotes,<=,4,u.UpVotes,>=,0#70137
badges b,users u#b.UserId=u.Id#u.UpVotes,>=,0,u.CreationDate,>=,1280768759,u.CreationDate,<=,1408023718#73345
badges b,users u#b.UserId=u.Id#b.Date,<=,1409938163,u.Reputation,>=,1,u.Views,<=,49#59926
badges b,users u#b.UserId=u.Id#u.UpVotes,<=,61,u.CreationDate,>=,1298655957,u.CreationDate,<=,1410191094#56687
badges b,users u#b.UserId=u.Id#u.Views,<=,137,u.CreationDate,>=,1281043287,u.CreationDate,<=,1408458839#64002
badges b,users u#b.UserId=u.Id#b.Date,>=,1279609448,u.CreationDate,>=,1279568155,u.CreationDate,<=,1406801400#76661
badges b,users u#b.UserId=u.Id#b.Date,<=,1410558462,u.UpVotes,<=,15,u.CreationDate,<=,1410596138#55991
badges b,users u#b.UserId=u.Id#b.Date,<=,1410538664,u.UpVotes,>=,0,u.UpVotes,<=,40#62533
badges b,users u#b.UserId=u.Id#b.Date,<=,1409740334,u.Reputation,<=,312,u.DownVotes,<=,0#55179
badges b,users u#b.UserId=u.Id#b.Date,>=,1279726092,b.Date,<=,1409554954,u.DownVotes,<=,0#61020
badges b,users u#b.UserId=u.Id#u.Views,>=,0,u.DownVotes,<=,1,u.UpVotes,<=,63#62789
badges b,users u#b.UserId=u.Id#u.Views,<=,70,u.DownVotes,>=,0,u.CreationDate,>=,1282035855#60913
badges b,users u#b.UserId=u.Id#u.Reputation,>=,1,u.Reputation,<=,2250,u.UpVotes,<=,600#71035
badges b,users u#b.UserId=u.Id#b.Date,<=,1410631710,u.CreationDate,>=,1280274792,u.CreationDate,<=,1408975581#74502
badges b,users u#b.UserId=u.Id#u.DownVotes,<=,2,u.CreationDate,>=,1280874387,u.CreationDate,<=,1410116316#64919
badges b,users u#b.UserId=u.Id#b.Date,>=,1283846179,b.Date,<=,1409353857,u.Reputation,<=,620#62105
badges b,users u#b.UserId=u.Id#u.Reputation,>=,1,u.Reputation,<=,2241,u.DownVotes,=,0#61989
badges b,users u#b.UserId=u.Id#u.DownVotes,<=,43,u.UpVotes,>=,0,u.CreationDate,=,1383781403#1
badges b,users u#b.UserId=u.Id#u.Views,=,12,u.DownVotes,>=,0,u.CreationDate,>=,1281021769#921
badges b,users u#b.UserId=u.Id#u.Views,>=,0,u.Views,<=,99,u.CreationDate,<=,1409804164#65638
badges b,users u#b.UserId=u.Id#u.Reputation,>=,1,u.Reputation,<=,148,u.CreationDate,=,1365713845#4
badges b,users u#b.UserId=u.Id#u.UpVotes,>=,0,u.UpVotes,<=,4235,u.CreationDate,<=,1410449168#78324
badges b,users u#b.UserId=u.Id#u.Reputation,>=,1,u.UpVotes,>=,0,u.UpVotes,<=,61#65150
badges b,users u#b.UserId=u.Id#b.Date,<=,1409602877,u.Views,<=,37,u.CreationDate,<=,1407335232#56207
badges b,users u#b.UserId=u.Id#b.Date,>=,1279616050,u.Reputation,>=,1,u.UpVotes,>=,0#79531
badges b,users u#b.UserId=u.Id#u.Reputation,>=,1,u.Views,>=,0,u.CreationDate,<=,1410124697#79666
badges b,users u#b.UserId=u.Id#u.Reputation,<=,2182,u.DownVotes,>=,0,u.UpVotes,<=,27#60080
badges b,users u#b.UserId=u.Id#b.Date,>=,1283730892,u.Reputation,<=,131,u.DownVotes,<=,1#44868
badges b,users u#b.UserId=u.Id#u.Reputation,>=,1,u.Views,>=,0,u.DownVotes,<=,2#68130
badges b,users u#b.UserId=u.Id#u.DownVotes,>=,0,u.UpVotes,>=,0,u.UpVotes,<=,15#56042
badges b,users u#b.UserId=u.Id#u.Reputation,>=,1,u.Reputation,<=,790,u.Views,>=,0#66047
badges b,users u#b.UserId=u.Id#u.Reputation,<=,576,u.Views,<=,17,u.UpVotes,>=,0#50328
badges b,users u#b.UserId=u.Id#u.Views,<=,273,u.DownVotes,>=,0,u.DownVotes,<=,0#61829
badges b,users u#b.UserId=u.Id#u.UpVotes,>=,0,u.CreationDate,>=,1292397864,u.CreationDate,<=,1410265311#67309
badges b,users u#b.UserId=u.Id#u.Reputation,>=,1,u.Reputation,<=,1713,u.UpVotes,<=,869#70053
badges b,users u#b.UserId=u.Id#b.Date,>=,1279574646,u.Reputation,>=,1,u.CreationDate,>=,1280219271#75714
badges b,users u#b.UserId=u.Id#u.Reputation,>=,1,u.Reputation,<=,44152,u.UpVotes,<=,69#66114
badges b,users u#b.UserId=u.Id#u.Reputation,>=,1,u.UpVotes,>=,0,u.UpVotes,<=,48#63773
badges b,users u#b.UserId=u.Id#b.Date,<=,1409878732,u.DownVotes,<=,3,u.UpVotes,<=,69#64270
badges b,users u#b.UserId=u.Id#u.Reputation,<=,1285,u.CreationDate,>=,1279617500,u.CreationDate,<=,1408464305#66650
badges b,users u#b.UserId=u.Id#u.Views,<=,294,u.UpVotes,>=,0,u.UpVotes,<=,15#55943
badges b,users u#b.UserId=u.Id#u.Views,>=,0,u.UpVotes,>=,0,u.UpVotes,<=,11#53696
badges b,users u#b.UserId=u.Id#u.DownVotes,<=,0,u.UpVotes,>=,0,u.UpVotes,<=,78#60872
badges b,users u#b.UserId=u.Id#u.Reputation,>=,1,u.Reputation,<=,565,u.Views,<=,13#47306
badges b,users u#b.UserId=u.Id#u.UpVotes,>=,0,u.UpVotes,<=,12,u.CreationDate,>=,1280370064#53268
badges b,users u#b.UserId=u.Id#u.Reputation,>=,1,u.Reputation,<=,210,u.UpVotes,<=,2319#53678
badges b,users u#b.UserId=u.Id#b.Date,>=,1280172221,b.Date,<=,1410377794,u.DownVotes,>=,0#78953
badges b,users u#b.UserId=u.Id#b.Date,>=,1283402045,b.Date,<=,1409206680,u.CreationDate,>=,1306297801#59504
badges b,users u#b.UserId=u.Id#b.Date,>=,1289148473,u.DownVotes,<=,1,u.CreationDate,=,1408108864#1
badges b,users u#b.UserId=u.Id#u.Reputation,>=,1,u.Reputation,<=,1156,u.CreationDate,<=,1410268166#68019
badges b,users u#b.UserId=u.Id#u.Reputation,<=,141,u.UpVotes,>=,0,u.UpVotes,<=,608#47268
badges b,users u#b.UserId=u.Id#u.Views,>=,0,u.DownVotes,>=,0,u.DownVotes,<=,11#73366
badges b,users u#b.UserId=u.Id#u.Views,>=,0,u.Views,<=,171,u.DownVotes,>=,0#68501
badges b,users u#b.UserId=u.Id#b.Date,>=,1279708692,b.Date,<=,1410216349,u.UpVotes,<=,30#60110
badges b,users u#b.UserId=u.Id#b.Date,<=,1410451403,u.Reputation,>=,1,u.UpVotes,<=,45#63157
badges b,users u#b.UserId=u.Id#b.Date,>=,1279699392,b.Date,<=,1410449597,u.UpVotes,>=,0#79199
badges b,users u#b.UserId=u.Id#b.Date,<=,1409533674,u.Views,<=,99,u.CreationDate,=,1407897909#1
badges b,users u#b.UserId=u.Id#b.Date,>=,1280335434,u.Views,>=,0,u.DownVotes,<=,0#61766
badges b,users u#b.UserId=u.Id#u.Views,>=,0,u.Views,<=,54,u.UpVotes,>=,0#61226
badges b,users u#b.UserId=u.Id#b.Date,<=,1410358785,u.Views,>=,0,u.Views,<=,13#47049
badges b,users u#b.UserId=u.Id#b.Date,<=,1410522210,u.Views,>=,0,u.CreationDate,<=,1410172027#79599
badges b,users u#b.UserId=u.Id#u.DownVotes,>=,0,u.DownVotes,<=,2,u.UpVotes,>=,0#68130
badges b,users u#b.UserId=u.Id#u.Reputation,>=,1,u.Views,>=,0,u.DownVotes,<=,0#62294
badges b,users u#b.UserId=u.Id#u.Reputation,>=,1,u.UpVotes,=,0,u.CreationDate,>=,1289578911#26266
badges b,users u#b.UserId=u.Id#u.Reputation,>=,1,u.Reputation,<=,12813,u.Views,>=,0#76710
badges b,users u#b.UserId=u.Id#u.Views,=,0,u.DownVotes,>=,0,u.DownVotes,<=,2#11599
badges b,users u#b.UserId=u.Id#u.DownVotes,>=,0,u.DownVotes,<=,2,u.UpVotes,<=,14#55238
badges b,users u#b.UserId=u.Id#u.Reputation,>=,1,u.Reputation,<=,2108,u.CreationDate,<=,1410385356#71130
badges b,users u#b.UserId=u.Id#b.Date,<=,1410542473,u.Reputation,<=,471,u.Views,>=,0#62060
badges b,users u#b.UserId=u.Id#u.Reputation,>=,1,u.CreationDate,>=,1280194912,u.CreationDate,<=,1407752228#74604
badges b,users u#b.UserId=u.Id#u.Views,>=,0,u.Views,<=,64,u.UpVotes,>=,0#62734
badges b,users u#b.UserId=u.Id#b.Date,>=,1279571947,b.Date,<=,1409771328,u.DownVotes,<=,0#61431
badges b,users u#b.UserId=u.Id#b.Date,<=,1407138391,u.Views,<=,54,u.DownVotes,=,0#54719
badges b,users u#b.UserId=u.Id#u.Reputation,<=,501,u.DownVotes,>=,0,u.DownVotes,<=,57#62638
badges b,users u#b.UserId=u.Id#b.Date,<=,1410269068,u.Reputation,<=,1376,u.CreationDate,>=,1279617500#67441
badges b,users u#b.UserId=u.Id#u.Reputation,>=,1,u.UpVotes,>=,0,u.CreationDate,<=,1407583289#78533
badges b,users u#b.UserId=u.Id#u.Views,>=,0,u.DownVotes,=,0,u.CreationDate,>=,1280221748#60765
badges b,users u#b.UserId=u.Id#u.Views,<=,137,u.CreationDate,>=,1288998056,u.CreationDate,<=,1409807609#62096
badges b,users u#b.UserId=u.Id#u.Views,>=,0,u.Views,<=,64,u.CreationDate,>=,1279621041#61852
badges b,users u#b.UserId=u.Id#u.Reputation,>=,1,u.DownVotes,>=,0,u.CreationDate,>=,1279566668#79264
badges b,users u#b.UserId=u.Id#u.UpVotes,>=,0,u.UpVotes,<=,497,u.CreationDate,<=,1408798081#73330
badges b,users u#b.UserId=u.Id#b.Date,>=,1279900408,b.Date,<=,1410606964,u.DownVotes,<=,12#73127
badges b,users u#b.UserId=u.Id#u.Reputation,<=,315,u.UpVotes,>=,0,u.UpVotes,<=,10#50853
badges b,users u#b.UserId=u.Id#u.Reputation,>=,1,u.Reputation,<=,751,u.UpVotes,=,0#26878
badges b,users u#b.UserId=u.Id#u.Reputation,<=,299,u.Views,<=,142,u.UpVotes,>=,0#57361
badges b,users u#b.UserId=u.Id#u.DownVotes,=,0,u.CreationDate,>=,1282450044,u.CreationDate,<=,1409928133#59033
badges b,users u#b.UserId=u.Id#u.Views,>=,0,u.CreationDate,>=,1302884834,u.CreationDate,<=,1410441187#62449
badges b,users u#b.UserId=u.Id#u.Views,<=,146,u.DownVotes,>=,0,u.DownVotes,<=,8#67357
badges b,users u#b.UserId=u.Id#b.Date,=,1314591074,u.DownVotes,<=,2,u.CreationDate,>=,1279566237#1
badges b,users u#b.UserId=u.Id#u.Reputation,>=,1,u.Reputation,<=,87393,u.Views,<=,124#67155
badges b,users u#b.UserId=u.Id#u.Reputation,<=,276,u.Views,=,8,u.DownVotes,<=,0#1724
badges b,users u#b.UserId=u.Id#u.Views,=,34,u.CreationDate,>=,1280243989,u.CreationDate,<=,1408270013#338
badges b,users u#b.UserId=u.Id#u.UpVotes,>=,0,u.UpVotes,<=,120,u.CreationDate,>=,1280236167#66367
badges b,users u#b.UserId=u.Id#u.Reputation,>=,1,u.Reputation,<=,2768,u.Views,>=,0#72183
badges b,users u#b.UserId=u.Id#b.Date,>=,1281678300,u.UpVotes,>=,0,u.CreationDate,=,1349333949#1
badges b,users u#b.UserId=u.Id#u.Views,>=,0,u.Views,<=,31,u.UpVotes,<=,38#55022
badges b,users u#b.UserId=u.Id#u.Reputation,<=,346,u.DownVotes,=,0,u.CreationDate,<=,1408393269#55753
badges b,users u#b.UserId=u.Id#b.Date,>=,1279569547,u.Reputation,>=,1,u.Reputation,<=,1775#70177
badges b,users u#b.UserId=u.Id#u.Views,<=,49,u.CreationDate,>=,1289323427,u.CreationDate,<=,1408983093#56140
badges b,users u#b.UserId=u.Id#b.Date,<=,1409328039,u.CreationDate,>=,1281713387,u.CreationDate,<=,1410447013#71629
badges b,users u#b.UserId=u.Id#u.Views,>=,0,u.Views,<=,262,u.CreationDate,<=,1408383241#69542
badges b,users u#b.UserId=u.Id#u.Reputation,>=,1,u.Reputation,<=,1034,u.UpVotes,<=,37#61445
badges b,users u#b.UserId=u.Id#b.Date,>=,1279611248,u.Views,<=,25,u.DownVotes,>=,0#54322
badges b,users u#b.UserId=u.Id#u.DownVotes,>=,0,u.DownVotes,<=,0,u.UpVotes,>=,0#62294
badges b,users u#b.UserId=u.Id#u.Views,>=,0,u.Views,<=,39,u.CreationDate,<=,1409064669#58007
badges b,users u#b.UserId=u.Id#u.Reputation,>=,1,u.Views,>=,0,u.Views,<=,44#59525
badges b,users u#b.UserId=u.Id#u.Reputation,>=,1,u.DownVotes,=,0,u.UpVotes,>=,0#62294
badges b,users u#b.UserId=u.Id#b.Date,>=,1284013084,u.UpVotes,=,0,u.CreationDate,<=,1409236130#26323
badges b,users u#b.UserId=u.Id#u.Reputation,>=,1,u.Reputation,<=,442,u.Views,=,1#7787
badges b,users u#b.UserId=u.Id#b.Date,>=,1280275127,b.Date,<=,1408661796,u.UpVotes,>=,0#77003
badges b,users u#b.UserId=u.Id#u.Reputation,=,26,u.UpVotes,>=,0,u.CreationDate,=,1308359634#2
badges b,users u#b.UserId=u.Id#b.Date,>=,1280222026,u.UpVotes,>=,0,u.CreationDate,<=,1410268940#78999
badges b,users u#b.UserId=u.Id#b.Date,>=,1280158421,b.Date,<=,1410510199,u.CreationDate,<=,1408217448#78211
badges b,users u#b.UserId=u.Id#u.Reputation,>=,1,u.Reputation,<=,151,u.Views,<=,44#48117
badges b,users u#b.UserId=u.Id#u.Reputation,<=,239,u.Views,<=,99,u.UpVotes,<=,9#49029
badges b,users u#b.UserId=u.Id#u.Reputation,>=,1,u.Reputation,<=,511,u.UpVotes,<=,40#59798
badges b,users u#b.UserId=u.Id#u.UpVotes,>=,0,u.CreationDate,>=,1300847919,u.CreationDate,<=,1408200486#62229
badges b,users u#b.UserId=u.Id#u.Reputation,>=,1,u.DownVotes,<=,2,u.CreationDate,>=,1301748615#57284
badges b,users u#b.UserId=u.Id#b.Date,>=,1280222024,u.UpVotes,<=,204,u.CreationDate,>=,1280241277#68411
badges b,users u#b.UserId=u.Id#u.Reputation,<=,217,u.CreationDate,>=,1280268034,u.CreationDate,<=,1406417323#51464
badges b,users u#b.UserId=u.Id#u.Reputation,=,81,u.DownVotes,<=,1,u.UpVotes,>=,0#169
badges b,users u#b.UserId=u.Id#u.DownVotes,>=,0,u.DownVotes,<=,2,u.UpVotes,>=,0#68130
badges b,users u#b.UserId=u.Id#b.Date,<=,1409246386,u.Reputation,=,101,u.DownVotes,<=,0#6038
badges b,users u#b.UserId=u.Id#b.Date,<=,1410381417,u.Reputation,=,6,u.UpVotes,<=,13#3735
badges b,users u#b.UserId=u.Id#u.UpVotes,>=,0,u.UpVotes,<=,115,u.CreationDate,<=,1409805682#68381
badges b,users u#b.UserId=u.Id#u.Reputation,<=,2002,u.Views,>=,0,u.Views,<=,121#66880
badges b,users u#b.UserId=u.Id#b.Date,=,1351632121,u.Reputation,>=,1,u.Views,>=,0#1
badges b,users u#b.UserId=u.Id#u.Views,>=,0,u.Views,<=,35,u.CreationDate,<=,1408707401#56818
badges b,users u#b.UserId=u.Id#b.Date,>=,1281085005,u.DownVotes,>=,0,u.DownVotes,<=,1#65308
badges b,users u#b.UserId=u.Id#b.Date,>=,1285311262,u.UpVotes,>=,0,u.UpVotes,<=,111#66798
badges b,users u#b.UserId=u.Id#u.UpVotes,>=,0,u.UpVotes,<=,238,u.CreationDate,>=,1282231869#67125
badges b,users u#b.UserId=u.Id#b.Date,>=,1279575246,u.Reputation,<=,116,u.UpVotes,<=,18#40595
badges b,users u#b.UserId=u.Id#u.DownVotes,>=,0,u.UpVotes,>=,0,u.UpVotes,<=,4#45213
badges b,users u#b.UserId=u.Id#u.Views,>=,0,u.UpVotes,>=,0,u.UpVotes,<=,164#70207
badges b,users u#b.UserId=u.Id#u.Reputation,>=,1,u.Views,>=,0,u.Views,<=,25#54463
badges b,users u#b.UserId=u.Id#u.DownVotes,>=,0,u.DownVotes,<=,4,u.UpVotes,=,0#26948
badges b,users u#b.UserId=u.Id#u.UpVotes,>=,0,u.UpVotes,<=,692,u.CreationDate,>=,1279566493#74942
badges b,users u#b.UserId=u.Id#b.Date,>=,1279609448,u.Views,>=,0,u.CreationDate,<=,1408322282#78606
badges b,users u#b.UserId=u.Id#u.UpVotes,>=,0,u.CreationDate,>=,1280253677,u.CreationDate,<=,1408384888#74328
badges b,users u#b.UserId=u.Id#b.Date,>=,1281284059,b.Date,<=,1410357287,u.Views,>=,0#78289
badges b,users u#b.UserId=u.Id#u.Reputation,=,1,u.CreationDate,>=,1280912252,u.CreationDate,<=,1409379574#3386
badges b,users u#b.UserId=u.Id#u.Reputation,>=,1,u.Reputation,<=,170,u.CreationDate,>=,1290592354#48424
badges b,users u#b.UserId=u.Id#u.Reputation,<=,3015,u.DownVotes,<=,0,u.CreationDate,>=,1279566529#62001
badges b,users u#b.UserId=u.Id#b.Date,>=,1279574046,u.DownVotes,<=,0,u.UpVotes,=,0#26900
badges b,users u#b.UserId=u.Id#u.DownVotes,>=,0,u.DownVotes,<=,2,u.UpVotes,>=,0#68130
badges b,users u#b.UserId=u.Id#u.Views,>=,0,u.Views,<=,67,u.CreationDate,<=,1408072059#62067
badges b,users u#b.UserId=u.Id#u.Reputation,=,101,u.DownVotes,=,0,u.UpVotes,<=,41#6110
badges b,users u#b.UserId=u.Id#b.Date,>=,1279571947,u.DownVotes,=,0,u.CreationDate,<=,1409964259#62008
badges b,users u#b.UserId=u.Id#u.Reputation,>=,1,u.Reputation,<=,128,u.CreationDate,<=,1408962871#44211
badges b,users u#b.UserId=u.Id#b.Date,<=,1408742532,u.Reputation,<=,477,u.CreationDate,>=,1280175081#59537
badges b,users u#b.UserId=u.Id#u.Reputation,>=,1,u.Views,<=,27,u.CreationDate,<=,1407724212#53955
badges b,users u#b.UserId=u.Id#b.Date,>=,1286559870,u.UpVotes,<=,7,u.CreationDate,<=,1410457532#48992
badges b,users u#b.UserId=u.Id#u.Views,>=,0,u.DownVotes,>=,0,u.CreationDate,<=,1409668033#79495
badges b,users u#b.UserId=u.Id#u.DownVotes,>=,0,u.UpVotes,>=,0,u.UpVotes,<=,374#73049
badges b,users u#b.UserId=u.Id#b.Date,>=,1279694292,b.Date,<=,1410444383,u.Reputation,=,116#531
badges b,users u#b.UserId=u.Id#u.Views,>=,0,u.Views,<=,15,u.CreationDate,>=,1283349151#47583
badges b,users u#b.UserId=u.Id#u.Views,>=,0,u.Views,<=,60,u.UpVotes,<=,77#60829
badges b,users u#b.UserId=u.Id#b.Date,<=,1409582719,u.Reputation,<=,1200,u.CreationDate,<=,1410013780#67390
badges b,users u#b.UserId=u.Id#u.Reputation,>=,1,u.Views,<=,26,u.CreationDate,<=,1408848661#54083
badges b,users u#b.UserId=u.Id#u.Reputation,>=,1,u.Views,<=,17,u.DownVotes,>=,0#50349
badges b,users u#b.UserId=u.Id#b.Date,>=,1280251724,b.Date,<=,1408555458,u.Views,>=,0#76885
badges b,users u#b.UserId=u.Id#u.Reputation,=,1,u.Views,<=,126,u.UpVotes,<=,42#3466
badges b,users u#b.UserId=u.Id#b.Date,>=,1279627153,b.Date,<=,1408909104,u.Reputation,<=,3555#70843
posts p,users u#p.OwnerUserId=u.Id#p.PostTypeId,=,1,p.AnswerCount,<=,6,p.CommentCount,<=,15#41831
posts p,users u#p.OwnerUserId=u.Id#p.CommentCount,>=,0,p.CommentCount,<=,14,p.CreationDate,<=,1410307408#89808
posts p,users u#p.OwnerUserId=u.Id#p.ViewCount,>=,0,u.Reputation,>=,1,u.Reputation,<=,111#23372
posts p,users u#p.OwnerUserId=u.Id#p.Score,>=,0,p.Score,<=,11,p.FavoriteCount,=,0#852
posts p,users u#p.OwnerUserId=u.Id#p.ViewCount,=,138,p.FavoriteCount,>=,0,u.Views,>=,0#18
posts p,users u#p.OwnerUserId=u.Id#p.AnswerCount,<=,3,p.FavoriteCount,>=,0,u.DownVotes,<=,0#9258
posts p,users u#p.OwnerUserId=u.Id#p.CommentCount,>=,0,p.CommentCount,<=,8,u.UpVotes,<=,4#31609
posts p,users u#p.OwnerUserId=u.Id#p.Score,=,4,u.DownVotes,>=,0,u.DownVotes,<=,1#3118
posts p,users u#p.OwnerUserId=u.Id#p.Score,>=,-1,p.ViewCount,>=,0,p.CommentCount,<=,22#41987
posts p,users u#p.OwnerUserId=u.Id#p.PostTypeId,=,2,p.CreationDate,>=,1280308191,u.Reputation,=,6#60
posts p,users u#p.OwnerUserId=u.Id#p.ViewCount,<=,1997,p.FavoriteCount,<=,4,u.UpVotes,<=,48#8467
posts p,users u#p.OwnerUserId=u.Id#p.Score,>=,-1,p.CommentCount,<=,9,u.UpVotes,=,3#1896
posts p,users u#p.OwnerUserId=u.Id#p.ViewCount,>=,0,p.AnswerCount,>=,0,u.Views,<=,7395#42184
posts p,users u#p.OwnerUserId=u.Id#p.CommentCount,>=,0,p.CreationDate,<=,1410624930,u.Views,<=,49#46185
posts p,users u#p.OwnerUserId=u.Id#p.ViewCount,>=,0,p.ViewCount,<=,9210,p.CreationDate,>=,1279626890#41850
posts p,users u#p.OwnerUserId=u.Id#p.ViewCount,>=,0,p.ViewCount,<=,6147,p.AnswerCount,>=,0#41684
posts p,users u#p.OwnerUserId=u.Id#p.ViewCount,>=,0,p.ViewCount,<=,8479,u.UpVotes,=,2#2042
posts p,users u#p.OwnerUserId=u.Id#u.Reputation,<=,233,u.DownVotes,>=,0,u.UpVotes,<=,183#39267
posts p,users u#p.OwnerUserId=u.Id#u.Reputation,<=,2205,u.Views,>=,0,u.UpVotes,<=,105#56676
posts p,users u#p.OwnerUserId=u.Id#p.FavoriteCount,>=,0,p.FavoriteCount,<=,16,u.CreationDate,>=,1300289779#9841
posts p,users u#p.OwnerUserId=u.Id#p.CommentCount,<=,9,p.CreationDate,>=,1289420547,u.Views,>=,0#85054
posts p,users u#p.OwnerUserId=u.Id#p.ViewCount,>=,0,p.AnswerCount,<=,6,p.CommentCount,<=,12#41651
posts p,users u#p.OwnerUserId=u.Id#p.CommentCount,>=,0,p.CommentCount,<=,11,u.CreationDate,>=,1287513578#74117
posts p,users u#p.OwnerUserId=u.Id#p.Score,>=,-1,p.AnswerCount,>=,0,u.DownVotes,>=,0#42007
posts p,users u#p.OwnerUserId=u.Id#p.Score,>=,-1,p.AnswerCount,<=,7,u.UpVotes,>=,0#41849
posts p,users u#p.OwnerUserId=u.Id#p.Score,>=,-2,p.FavoriteCount,>=,0,u.DownVotes,>=,0#12969
posts p,users u#p.OwnerUserId=u.Id#p.ViewCount,>=,0,p.AnswerCount,>=,0,p.AnswerCount,<=,5#41814
posts p,users u#p.OwnerUserId=u.Id#p.AnswerCount,<=,2,u.Reputation,<=,2336,u.CreationDate,>=,1286452616#35732
posts p,users u#p.OwnerUserId=u.Id#p.CommentCount,<=,12,u.Views,>=,0,u.DownVotes,>=,0#89936
posts p,users u#p.OwnerUserId=u.Id#p.ViewCount,>=,0,p.CreationDate,=,1349708455,u.UpVotes,<=,106#1
posts p,users u#p.OwnerUserId=u.Id#p.ViewCount,>=,0,p.AnswerCount,>=,0,u.UpVotes,<=,2619#42126
posts p,users u#p.OwnerUserId=u.Id#p.Score,<=,146,p.CommentCount,>=,0,u.UpVotes,<=,8#37527
posts p,users u#p.OwnerUserId=u.Id#p.Score,=,1,p.ViewCount,>=,0,p.AnswerCount,<=,6#10459
posts p,users u#p.OwnerUserId=u.Id#p.ViewCount,>=,0,p.ViewCount,<=,11646,u.Reputation,=,101#399
posts p,users u#p.OwnerUserId=u.Id#p.ViewCount,>=,0,p.ViewCount,<=,5152,u.CreationDate,<=,1410386356#41463
posts p,users u#p.OwnerUserId=u.Id#p.CreationDate,<=,1410318828,u.Reputation,>=,1,u.Views,>=,0#90166
posts p,users u#p.OwnerUserId=u.Id#p.FavoriteCount,>=,0,u.DownVotes,>=,0,u.DownVotes,<=,3#11529
posts p,users u#p.OwnerUserId=u.Id#u.Views,=,0,u.CreationDate,>=,1279708394,u.CreationDate,<=,1409876429#6693
posts p,users u#p.OwnerUserId=u.Id#p.ViewCount,>=,0,p.AnswerCount,>=,0,u.CreationDate,<=,1410600578#42179
posts p,users u#p.OwnerUserId=u.Id#p.PostTypeId,=,1,p.Score,=,1,u.Reputation,>=,1#10459
posts p,users u#p.OwnerUserId=u.Id#p.CreationDate,<=,1410542697,u.UpVotes,<=,595,u.CreationDate,>=,1301967422#60819
posts p,users u#p.OwnerUserId=u.Id#p.Score,<=,26,p.CommentCount,>=,0,p.FavoriteCount,>=,0#12776
posts p,users u#p.OwnerUserId=u.Id#p.PostTypeId,=,1,p.Score,<=,18,u.DownVotes,>=,0#41763
posts p,users u#p.OwnerUserId=u.Id#p.ViewCount,>=,0,p.AnswerCount,>=,0,u.DownVotes,<=,0#36138
posts p,users u#p.OwnerUserId=u.Id#p.FavoriteCount,<=,31,u.Views,>=,0,u.DownVotes,>=,0#12907
posts p,users u#p.OwnerUserId=u.Id#p.ViewCount,>=,0,p.CommentCount,>=,0,u.DownVotes,>=,0#42188
posts p,users u#p.OwnerUserId=u.Id#p.FavoriteCount,>=,0,u.Reputation,>=,1,u.DownVotes,>=,0#12979
posts p,users u#p.OwnerUserId=u.Id#u.Reputation,<=,326,u.Views,>=,0,u.UpVotes,=,0#21737
posts p,users u#p.OwnerUserId=u.Id#p.PostTypeId,=,1,u.Views,>=,0,u.DownVotes,>=,0#42188
posts p,users u#p.OwnerUserId=u.Id#p.ViewCount,>=,0,p.ViewCount,<=,2710,u.Views,>=,0#40632
posts p,users u#p.OwnerUserId=u.Id#p.FavoriteCount,=,0,p.CreationDate,>=,1279711245,u.Reputation,>=,1#871
posts p,users u#p.OwnerUserId=u.Id#p.ViewCount,<=,33813,u.Views,>=,0,u.UpVotes,>=,0#42152
posts p,users u#p.OwnerUserId=u.Id#u.Views,>=,0,u.Views,<=,147,u.CreationDate,<=,1409626337#56916
posts p,users u#p.OwnerUserId=u.Id#p.Score,>=,-3,p.CreationDate,>=,1281088371,u.Views,<=,61#48052
posts p,users u#p.OwnerUserId=u.Id#p.PostTypeId,=,1,p.ViewCount,<=,4932,u.UpVotes,>=,0#41501
posts p,users u#p.OwnerUserId=u.Id#u.Views,<=,1165,u.CreationDate,>=,1279567301,u.CreationDate,<=,1407773716#73842
posts p,users u#p.OwnerUserId=u.Id#p.ViewCount,>=,0,u.Reputation,>=,1,u.UpVotes,>=,0#42188
posts p,users u#p.OwnerUserId=u.Id#p.FavoriteCount,>=,0,p.FavoriteCount,<=,5,u.DownVotes,>=,0#11949
posts p,users u#p.OwnerUserId=u.Id#p.PostTypeId,=,1,p.Score,=,5,p.AnswerCount,<=,4#1651
posts p,users u#p.OwnerUserId=u.Id#p.Score,>=,-2,p.ViewCount,<=,1569,u.UpVotes,>=,0#39203
posts p,users u#p.OwnerUserId=u.Id#p.PostTypeId,=,2,u.Reputation,>=,1,u.CreationDate,<=,1409353449#47017
posts p,users u#p.OwnerUserId=u.Id#p.ViewCount,>=,0,p.CommentCount,>=,0,u.Reputation,>=,1#42188
posts p,users u#p.OwnerUserId=u.Id#p.AnswerCount,>=,0,p.FavoriteCount,>=,0,p.CreationDate,>=,1279602801#12913
posts p,users u#p.OwnerUserId=u.Id#p.Score,=,3,p.ViewCount,>=,0,p.AnswerCount,<=,5#4301
posts p,users u#p.OwnerUserId=u.Id#p.PostTypeId,=,1,p.ViewCount,<=,1980,u.CreationDate,<=,1408749854#39407
posts p,users u#p.OwnerUserId=u.Id#p.Score,>=,-3,p.Score,<=,12,u.Reputation,<=,387#44503
posts p,users u#p.OwnerUserId=u.Id#p.AnswerCount,>=,0,p.AnswerCount,<=,5,u.CreationDate,<=,1409015795#41383
posts p,users u#p.OwnerUserId=u.Id#p.Score,>=,0,u.Views,>=,0,u.CreationDate,<=,1407289856#88307
posts p,users u#p.OwnerUserId=u.Id#p.Score,<=,61,u.Views,>=,0,u.Views,<=,35#42688
posts p,users u#p.OwnerUserId=u.Id#p.Score,<=,123,p.CreationDate,<=,1408917945,u.Reputation,>=,1#88512
posts p,users u#p.OwnerUserId=u.Id#p.ViewCount,=,1060,u.Views,>=,0,u.DownVotes,<=,0#3
posts p,users u#p.OwnerUserId=u.Id#p.PostTypeId,=,2,p.CreationDate,<=,1410544080,u.DownVotes,>=,0#47061
posts p,users u#p.OwnerUserId=u.Id#p.Score,>=,-2,p.AnswerCount,<=,4,u.Views,=,0#5758
posts p,users u#p.OwnerUserId=u.Id#p.Score,>=,-3,p.CommentCount,=,1,u.Reputation,>=,1#14776
posts p,users u#p.OwnerUserId=u.Id#p.FavoriteCount,>=,0,p.FavoriteCount,<=,13,u.CreationDate,<=,1409843718#12681
posts p,users u#p.OwnerUserId=u.Id#p.FavoriteCount,>=,0,p.FavoriteCount,<=,4,p.CreationDate,>=,1281007374#11503
posts p,users u#p.OwnerUserId=u.Id#p.Score,<=,23,p.ViewCount,>=,0,p.FavoriteCount,<=,17#12689
posts p,users u#p.OwnerUserId=u.Id#p.Score,<=,49,p.AnswerCount,<=,5,p.FavoriteCount,=,0#871
posts p,users u#p.OwnerUserId=u.Id#p.Score,>=,0,p.AnswerCount,<=,4,p.CreationDate,>=,1280000604#40961
posts p,users u#p.OwnerUserId=u.Id#p.PostTypeId,=,1,u.Views,>=,0,u.UpVotes,=,0#17798
posts p,users u#p.OwnerUserId=u.Id#p.AnswerCount,<=,7,p.CreationDate,>=,1279644222,u.UpVotes,>=,0#41961
posts p,users u#p.OwnerUserId=u.Id#p.ViewCount,<=,1190,p.AnswerCount,=,0,u.Views,<=,75#12403
posts p,users u#p.OwnerUserId=u.Id#p.CreationDate,>=,1279598414,u.DownVotes,<=,8,u.UpVotes,<=,12#40601
posts p,users u#p.OwnerUserId=u.Id#p.ViewCount,<=,2232,p.FavoriteCount,<=,3,u.CreationDate,<=,1408809887#10283
posts p,users u#p.OwnerUserId=u.Id#p.Score,>=,-1,u.UpVotes,>=,0,u.UpVotes,<=,65#55138
posts p,users u#p.OwnerUserId=u.Id#p.ViewCount,>=,0,p.FavoriteCount,>=,0,u.UpVotes,=,0#3646
posts p,users u#p.OwnerUserId=u.Id#p.ViewCount,<=,24270,u.Reputation,>=,1,u.Reputation,<=,519#35976
posts p,users u#p.OwnerUserId=u.Id#p.CommentCount,>=,0,u.Views,>=,0,u.Views,<=,8#27787
posts p,users u#p.OwnerUserId=u.Id#p.FavoriteCount,=,0,u.Reputation,<=,169,u.Views,>=,0#606
posts p,users u#p.OwnerUserId=u.Id#p.ViewCount,>=,0,p.ViewCount,<=,16587,p.FavoriteCount,<=,9#12467
posts p,users u#p.OwnerUserId=u.Id#p.AnswerCount,<=,2,u.UpVotes,>=,0,u.CreationDate,<=,1408533075#37874
posts p,users u#p.OwnerUserId=u.Id#p.Score,<=,12,p.AnswerCount,<=,7,u.Reputation,>=,1#41193
posts p,users u#p.OwnerUserId=u.Id#u.DownVotes,>=,0,u.UpVotes,>=,0,u.CreationDate,>=,1281654090#79242
posts p,users u#p.OwnerUserId=u.Id#p.AnswerCount,>=,0,p.AnswerCount,<=,4,u.DownVotes,=,0#35742
posts p,users u#p.OwnerUserId=u.Id#p.CommentCount,>=,0,p.CommentCount,<=,14,p.CreationDate,>=,1280784217#89235
posts p,users u#p.OwnerUserId=u.Id#p.AnswerCount,>=,0,u.DownVotes,>=,0,u.DownVotes,<=,1#37907
posts p,users u#p.OwnerUserId=u.Id#p.AnswerCount,<=,3,u.Views,<=,31,u.DownVotes,<=,1#30271
posts p,users u#p.OwnerUserId=u.Id#p.ViewCount,>=,0,u.Views,>=,0,u.Views,<=,655#40908
posts p,users u#p.OwnerUserId=u.Id#p.Score,<=,27,p.ViewCount,>=,0,u.Reputation,<=,316#33124
posts p,users u#p.OwnerUserId=u.Id#p.PostTypeId,=,1,p.CommentCount,<=,10,p.CreationDate,>=,1279619106#41471
posts p,users u#p.OwnerUserId=u.Id#p.CommentCount,<=,14,u.Reputation,>=,1,u.DownVotes,<=,1#54663
posts p,users u#p.OwnerUserId=u.Id#p.Score,<=,21,p.CreationDate,>=,1281148415,p.CreationDate,<=,1410052348#87990
posts p,users u#p.OwnerUserId=u.Id#u.Reputation,<=,909,u.CreationDate,>=,1291456276,u.CreationDate,<=,1408275592#49759
posts p,users u#p.OwnerUserId=u.Id#p.Score,>=,0,u.Reputation,<=,316,u.DownVotes,>=,0#42030
posts p,users u#p.OwnerUserId=u.Id#p.AnswerCount,=,2,p.FavoriteCount,>=,0,u.CreationDate,<=,1409754935#3173
posts p,users u#p.OwnerUserId=u.Id#p.PostTypeId,=,1,p.Score,<=,26,p.FavoriteCount,>=,0#12776
posts p,users u#p.OwnerUserId=u.Id#p.Score,>=,-5,p.CreationDate,>=,1280217402,u.Views,<=,18#35684
posts p,users u#p.OwnerUserId=u.Id#p.CommentCount,>=,0,p.CommentCount,<=,9,p.FavoriteCount,>=,0#12571
posts p,users u#p.OwnerUserId=u.Id#p.Score,<=,16,p.FavoriteCount,<=,6,u.CreationDate,<=,1410479830#12038
posts p,users u#p.OwnerUserId=u.Id#p.ViewCount,>=,0,p.FavoriteCount,>=,0,u.Views,>=,0#12979
posts p,users u#p.OwnerUserId=u.Id#p.Score,=,0,p.AnswerCount,>=,0,p.AnswerCount,<=,10#11297
posts p,users u#p.OwnerUserId=u.Id#p.PostTypeId,=,1,p.ViewCount,>=,0,u.Views,<=,591#40796
posts p,users u#p.OwnerUserId=u.Id#p.CommentCount,>=,0,u.Reputation,>=,1,u.Reputation,<=,5134#69264
posts p,users u#p.OwnerUserId=u.Id#p.PostTypeId,=,1,p.Score,>=,-6,u.UpVotes,>=,0#42180
posts p,users u#p.OwnerUserId=u.Id#p.Score,>=,0,p.ViewCount,>=,0,p.FavoriteCount,>=,0#12927
posts p,users u#p.OwnerUserId=u.Id#p.PostTypeId,=,2,p.Score,<=,25,u.DownVotes,<=,0#13955
posts p,users u#p.OwnerUserId=u.Id#p.ViewCount,<=,1537,p.CreationDate,>=,1279567186,u.CreationDate,=,1396278101#1
posts p,users u#p.OwnerUserId=u.Id#p.Score,>=,-4,p.ViewCount,>=,0,u.Reputation,<=,6235#41582
posts p,users u#p.OwnerUserId=u.Id#p.Score,<=,12,p.CreationDate,<=,1409653291,u.CreationDate,>=,1297071987#67121
posts p,users u#p.OwnerUserId=u.Id#p.CommentCount,>=,0,p.CommentCount,<=,12,u.UpVotes,>=,0#89936
posts p,users u#p.OwnerUserId=u.Id#u.Reputation,>=,1,u.Reputation,<=,146,u.DownVotes,<=,0#33481
posts p,users u#p.OwnerUserId=u.Id#p.CommentCount,>=,0,p.CreationDate,>=,1280145191,p.CreationDate,<=,1408389818#87306
posts p,users u#p.OwnerUserId=u.Id#p.CommentCount,>=,0,u.DownVotes,>=,0,u.CreationDate,<=,1409761798#90296
posts p,users u#p.OwnerUserId=u.Id#p.PostTypeId,=,2,p.CommentCount,=,2,u.UpVotes,<=,25#1526
posts p,users u#p.OwnerUserId=u.Id#p.FavoriteCount,<=,5,u.Views,>=,0,u.CreationDate,>=,1291224526#10234
posts p,users u#p.OwnerUserId=u.Id#p.ViewCount,>=,0,p.AnswerCount,>=,0,p.AnswerCount,<=,8#42091
posts p,users u#p.OwnerUserId=u.Id#p.AnswerCount,>=,0,u.Reputation,>=,1,u.DownVotes,<=,0#36138
posts p,users u#p.OwnerUserId=u.Id#p.Score,<=,65,p.ViewCount,<=,6080,u.CreationDate,<=,1409685927#41429
posts p,users u#p.OwnerUserId=u.Id#p.FavoriteCount,>=,0,p.FavoriteCount,<=,3,u.CreationDate,>=,1280409578#10493
posts p,users u#p.OwnerUserId=u.Id#p.ViewCount,>=,0,u.Views,>=,0,u.UpVotes,=,1#2786
posts p,users u#p.OwnerUserId=u.Id#p.PostTypeId,=,2,u.UpVotes,>=,0,u.UpVotes,<=,6#8057
posts p,users u#p.OwnerUserId=u.Id#p.AnswerCount,>=,0,p.AnswerCount,<=,4,u.UpVotes,<=,355#40146
posts p,users u#p.OwnerUserId=u.Id#p.PostTypeId,=,2,p.CreationDate,<=,1410454626,u.DownVotes,=,0#13983
posts p,users u#p.OwnerUserId=u.Id#p.Score,=,1,p.ViewCount,>=,0,p.AnswerCount,<=,9#10459
posts p,users u#p.OwnerUserId=u.Id#u.Reputation,=,1,u.Views,<=,101,u.DownVotes,>=,0#4544
posts p,users u#p.OwnerUserId=u.Id#p.CommentCount,<=,12,p.FavoriteCount,>=,0,u.Views,>=,0#12841
posts p,users u#p.OwnerUserId=u.Id#p.AnswerCount,>=,0,u.DownVotes,>=,0,u.UpVotes,>=,0#42188
posts p,users u#p.OwnerUserId=u.Id#p.PostTypeId,=,1,u.Views,>=,0,u.Views,<=,19#28037
comments c,postLinks pl#c.PostId=pl.PostId#c.Score,=,0,c.CreationDate,>=,1283526598,pl.LinkTypeId,=,1#22950
comments c,postLinks pl#c.PostId=pl.PostId#c.Score,=,1,c.CreationDate,>=,1279598968,c.CreationDate,<=,1409231819#6193
comments c,postLinks pl#c.PostId=pl.PostId#pl.LinkTypeId,=,1,pl.CreationDate,>=,1314090101,pl.CreationDate,<=,1408014600#29402
comments c,postLinks pl#c.PostId=pl.PostId#c.Score,=,0,c.CreationDate,>=,1279576792,pl.CreationDate,>=,1325611326#22034
comments c,postLinks pl#c.PostId=pl.PostId#c.CreationDate,>=,1279726400,c.CreationDate,<=,1410645337,pl.CreationDate,>=,1336337374#29447
comments c,postLinks pl#c.PostId=pl.PostId#c.CreationDate,>=,1279715750,pl.LinkTypeId,=,1,pl.CreationDate,=,1382098288#1
comments c,postLinks pl#c.PostId=pl.PostId#c.CreationDate,>=,1279969295,c.CreationDate,<=,1410265503,pl.CreationDate,<=,1405381304#32601
comments c,postLinks pl#c.PostId=pl.PostId#c.CreationDate,<=,1409551400,pl.LinkTypeId,=,1,pl.CreationDate,>=,1317475487#29753
comments c,postLinks pl#c.PostId=pl.PostId#pl.LinkTypeId,=,1,pl.CreationDate,>=,1299253966,pl.CreationDate,<=,1408934581#31403
comments c,postLinks pl#c.PostId=pl.PostId#pl.LinkTypeId,=,1,pl.CreationDate,>=,1287868845,pl.CreationDate,<=,1397905820#26830
comments c,postLinks pl#c.PostId=pl.PostId#c.Score,=,0,c.CreationDate,>=,1280515411,pl.LinkTypeId,=,1#23108
comments c,postLinks pl#c.PostId=pl.PostId#c.CreationDate,>=,1281064119,c.CreationDate,<=,1410480872,pl.CreationDate,<=,1404260208#31985
comments c,postLinks pl#c.PostId=pl.PostId#c.CreationDate,<=,1410572495,pl.LinkTypeId,=,1,pl.CreationDate,<=,1404455607#30339
comments c,postLinks pl#c.PostId=pl.PostId#c.CreationDate,>=,1280556889,c.CreationDate,<=,1410345188,pl.LinkTypeId,=,3#2242
comments c,postLinks pl#c.PostId=pl.PostId#c.CreationDate,>=,1279615552,c.CreationDate,<=,1410423631,pl.CreationDate,>=,1314227960#32708
comments c,postLinks pl#c.PostId=pl.PostId#c.Score,=,0,pl.LinkTypeId,=,1,pl.CreationDate,=,1406639586#2
comments c,postLinks pl#c.PostId=pl.PostId#c.CreationDate,>=,1279575612,c.CreationDate,<=,1409231014,pl.LinkTypeId,=,1#32493
comments c,postLinks pl#c.PostId=pl.PostId#c.Score,=,0,c.CreationDate,<=,1410646050,pl.CreationDate,>=,1312436960#23098
comments c,postLinks pl#c.PostId=pl.PostId#c.Score,=,0,c.CreationDate,>=,1286386007,pl.CreationDate,>=,1300618372#23852
comments c,postLinks pl#c.PostId=pl.PostId#c.CreationDate,>=,1280005874,pl.LinkTypeId,=,1,pl.CreationDate,>=,1335966060#27296
comments c,postLinks pl#c.PostId=pl.PostId#c.CreationDate,>=,1280319592,c.CreationDate,<=,1410297091,pl.LinkTypeId,=,1#32800
comments c,postLinks pl#c.PostId=pl.PostId#c.CreationDate,<=,1410523231,pl.CreationDate,>=,1328409594,pl.CreationDate,<=,1400526978#26054
comments c,postLinks pl#c.PostId=pl.PostId#pl.LinkTypeId,=,1,pl.CreationDate,>=,1287435709,pl.CreationDate,<=,1408099430#31540
comments c,postLinks pl#c.PostId=pl.PostId#c.Score,=,0,c.CreationDate,>=,1280416626,c.CreationDate,<=,1410629594#24662
comments c,postLinks pl#c.PostId=pl.PostId#c.Score,=,0,c.CreationDate,<=,1410597062,pl.LinkTypeId,=,1#23162
comments c,postLinks pl#c.PostId=pl.PostId#c.Score,=,1,c.CreationDate,>=,1287069306,pl.LinkTypeId,=,1#5751
comments c,postLinks pl#c.PostId=pl.PostId#c.Score,=,1,pl.CreationDate,>=,1294069189,pl.CreationDate,<=,1408384851#5984
comments c,postLinks pl#c.PostId=pl.PostId#pl.LinkTypeId,=,3,pl.CreationDate,>=,1309819925,pl.CreationDate,<=,1407192668#2047
comments c,postLinks pl#c.PostId=pl.PostId#c.CreationDate,>=,1281206602,pl.LinkTypeId,=,1,pl.CreationDate,>=,1287046832#32613
comments c,postLinks pl#c.PostId=pl.PostId#c.Score,=,0,pl.CreationDate,>=,1297415376,pl.CreationDate,<=,1406418749#22511
comments c,postLinks pl#c.PostId=pl.PostId#c.CreationDate,>=,1282230869,c.CreationDate,<=,1410391142,pl.CreationDate,<=,1409219597#34369
comments c,postLinks pl#c.PostId=pl.PostId#c.Score,=,0,c.CreationDate,>=,1282917284,c.CreationDate,<=,1408711315#23884
comments c,postLinks pl#c.PostId=pl.PostId#c.Score,=,0,c.CreationDate,<=,1410389316,pl.CreationDate,=,1349084842#8
comments c,postLinks pl#c.PostId=pl.PostId#c.Score,=,1,pl.CreationDate,>=,1296723275,pl.CreationDate,<=,1410017048#6111
comments c,postLinks pl#c.PostId=pl.PostId#c.CreationDate,>=,1283447256,c.CreationDate,<=,1410028515,pl.LinkTypeId,=,1#32451
comments c,postLinks pl#c.PostId=pl.PostId#pl.LinkTypeId,=,1,pl.CreationDate,>=,1300785426,pl.CreationDate,<=,1394316032#24498
comments c,postLinks pl#c.PostId=pl.PostId#c.Score,=,0,c.CreationDate,>=,1280057392,pl.CreationDate,>=,1297625444#24138
comments c,postLinks pl#c.PostId=pl.PostId#pl.LinkTypeId,=,1,pl.CreationDate,>=,1299888279,pl.CreationDate,<=,1410618285#32014
comments c,postLinks pl#c.PostId=pl.PostId#c.CreationDate,>=,1279714063,c.CreationDate,<=,1409868310,pl.LinkTypeId,=,1#32755
comments c,postLinks pl#c.PostId=pl.PostId#pl.LinkTypeId,=,1,pl.CreationDate,>=,1283264610,pl.CreationDate,<=,1404558502#30268
comments c,postLinks pl#c.PostId=pl.PostId#c.Score,=,0,c.CreationDate,<=,1408543028,pl.CreationDate,>=,1322970069#21463
comments c,postLinks pl#c.PostId=pl.PostId#pl.LinkTypeId,=,1,pl.CreationDate,>=,1302596467,pl.CreationDate,<=,1410618285#31720
comments c,postLinks pl#c.PostId=pl.PostId#c.Score,=,0,c.CreationDate,>=,1279593564,pl.LinkTypeId,=,1#23159
comments c,postLinks pl#c.PostId=pl.PostId#pl.LinkTypeId,=,1,pl.CreationDate,>=,1310205463,pl.CreationDate,<=,1404996122#28527
comments c,postLinks pl#c.PostId=pl.PostId#pl.LinkTypeId,=,1,pl.CreationDate,>=,1335507468,pl.CreationDate,<=,1403043390#23875
comments c,postLinks pl#c.PostId=pl.PostId#c.Score,=,1,c.CreationDate,<=,1410547584,pl.LinkTypeId,=,1#5854
comments c,postLinks pl#c.PostId=pl.PostId#c.CreationDate,>=,1239524536,c.CreationDate,<=,1410380181,pl.LinkTypeId,=,1#32954
comments c,postLinks pl#c.PostId=pl.PostId#c.Score,=,0,pl.LinkTypeId,=,1,pl.CreationDate,>=,1279902641#23167
comments c,postLinks pl#c.PostId=pl.PostId#c.Score,=,1,pl.CreationDate,>=,1321561828,pl.CreationDate,<=,1409873420#5684
comments c,postLinks pl#c.PostId=pl.PostId#pl.LinkTypeId,=,1,pl.CreationDate,>=,1286038936,pl.CreationDate,<=,1408386953#31721
comments c,postLinks pl#c.PostId=pl.PostId#c.Score,=,0,pl.LinkTypeId,=,1,pl.CreationDate,=,1379280380#2
comments c,postLinks pl#c.PostId=pl.PostId#c.Score,=,1,c.CreationDate,>=,1280130087,pl.CreationDate,<=,1407248263#5987
comments c,postLinks pl#c.PostId=pl.PostId#c.CreationDate,<=,1410334790,pl.CreationDate,>=,1296723275,pl.CreationDate,<=,1407244259#32714
comments c,postLinks pl#c.PostId=pl.PostId#c.CreationDate,<=,1410308306,pl.CreationDate,>=,1317475487,pl.CreationDate,<=,1407298265#30662
comments c,postLinks pl#c.PostId=pl.PostId#c.Score,=,0,c.CreationDate,>=,1283798799,pl.CreationDate,=,1370710553#80
comments c,postLinks pl#c.PostId=pl.PostId#c.Score,=,0,pl.CreationDate,>=,1307275228,pl.CreationDate,<=,1406503131#21910
comments c,postLinks pl#c.PostId=pl.PostId#c.CreationDate,>=,1279900105,c.CreationDate,<=,1410341406,pl.LinkTypeId,=,1#32882
comments c,postLinks pl#c.PostId=pl.PostId#c.Score,=,0,c.CreationDate,>=,1279648844,c.CreationDate,<=,1410396326#24649
comments c,postLinks pl#c.PostId=pl.PostId#c.CreationDate,<=,1410548976,pl.LinkTypeId,=,1,pl.CreationDate,>=,1289236043#32526
comments c,postLinks pl#c.PostId=pl.PostId#c.CreationDate,>=,1280229602,c.CreationDate,<=,1410285172,pl.CreationDate,=,1354000857#3
comments c,postLinks pl#c.PostId=pl.PostId#pl.LinkTypeId,=,1,pl.CreationDate,>=,1293123578,pl.CreationDate,<=,1400856721#28058
comments c,postLinks pl#c.PostId=pl.PostId#pl.LinkTypeId,=,3,pl.CreationDate,>=,1287502766,pl.CreationDate,<=,1409570729#2219
comments c,postLinks pl#c.PostId=pl.PostId#c.Score,=,0,c.CreationDate,>=,1233609046,pl.LinkTypeId,=,1#23167
comments c,postLinks pl#c.PostId=pl.PostId#pl.LinkTypeId,=,1,pl.CreationDate,>=,1281721352,pl.CreationDate,<=,1410297025#32863
comments c,postLinks pl#c.PostId=pl.PostId#c.Score,=,0,pl.CreationDate,>=,1287502718,pl.CreationDate,<=,1408737865#23844
comments c,postLinks pl#c.PostId=pl.PostId#c.Score,=,0,pl.CreationDate,>=,1344464940,pl.CreationDate,<=,1410179717#18795
comments c,postLinks pl#c.PostId=pl.PostId#c.Score,=,0,c.CreationDate,>=,1236111074,c.CreationDate,<=,1410556663#24721
comments c,postLinks pl#c.PostId=pl.PostId#c.Score,=,1,c.CreationDate,>=,1279906927,pl.CreationDate,<=,1402493895#5546
comments c,postLinks pl#c.PostId=pl.PostId#c.Score,=,1,c.CreationDate,>=,1233609046,pl.LinkTypeId,=,1#5854
comments c,postLinks pl#c.PostId=pl.PostId#c.Score,=,0,pl.LinkTypeId,=,1,pl.CreationDate,>=,1300292244#22449
comments c,postLinks pl#c.PostId=pl.PostId#c.CreationDate,>=,1279621154,pl.CreationDate,>=,1296251925,pl.CreationDate,<=,1408053965#33270
comments c,postLinks pl#c.PostId=pl.PostId#c.Score,=,0,c.CreationDate,<=,1410372470,pl.CreationDate,=,1403120668#4
comments c,postLinks pl#c.PostId=pl.PostId#c.Score,=,0,pl.CreationDate,>=,1301740074,pl.CreationDate,<=,1409019368#23294
comments c,postLinks pl#c.PostId=pl.PostId#c.Score,=,0,c.CreationDate,>=,1280251353,c.CreationDate,<=,1410375675#24599
comments c,postLinks pl#c.PostId=pl.PostId#c.CreationDate,>=,1281624599,c.CreationDate,<=,1410474468,pl.CreationDate,>=,1306331071#33511
comments c,postLinks pl#c.PostId=pl.PostId#c.CreationDate,>=,1279723653,pl.LinkTypeId,=,1,pl.CreationDate,<=,1409981129#32773
comments c,postLinks pl#c.PostId=pl.PostId#c.CreationDate,>=,1279636802,c.CreationDate,<=,1410031189,pl.LinkTypeId,=,1#32794
comments c,postLinks pl#c.PostId=pl.PostId#c.Score,=,0,c.CreationDate,>=,1280930462,pl.LinkTypeId,=,1#23080
comments c,postLinks pl#c.PostId=pl.PostId#c.Score,=,0,pl.LinkTypeId,=,1,pl.CreationDate,=,1408392593#2
comments c,postLinks pl#c.PostId=pl.PostId#pl.LinkTypeId,=,1,pl.CreationDate,>=,1315226073,pl.CreationDate,<=,1407187811#28798
comments c,postLinks pl#c.PostId=pl.PostId#c.CreationDate,>=,1285340461,pl.CreationDate,>=,1310231465,pl.CreationDate,<=,1410328793#33019
comments c,postLinks pl#c.PostId=pl.PostId#pl.LinkTypeId,=,1,pl.CreationDate,>=,1280345769,pl.CreationDate,<=,1395045947#25976
comments c,postLinks pl#c.PostId=pl.PostId#c.Score,=,0,pl.LinkTypeId,=,1,pl.CreationDate,=,1349463212#9
comments c,postLinks pl#c.PostId=pl.PostId#c.CreationDate,>=,1279575436,c.CreationDate,<=,1410034944,pl.CreationDate,<=,1406473398#33123
comments c,postLinks pl#c.PostId=pl.PostId#c.CreationDate,>=,1280057082,c.CreationDate,<=,1409578279,pl.LinkTypeId,=,1#32597
comments c,postLinks pl#c.PostId=pl.PostId#c.CreationDate,>=,1279642014,pl.LinkTypeId,=,1,pl.CreationDate,<=,1405158379#30612
comments c,postLinks pl#c.PostId=pl.PostId#c.CreationDate,>=,1280441391,c.CreationDate,<=,1409311508,pl.LinkTypeId,=,1#32437
comments c,postLinks pl#c.PostId=pl.PostId#c.Score,=,0,pl.CreationDate,>=,1283109536,pl.CreationDate,<=,1407244036#23261
comments c,postLinks pl#c.PostId=pl.PostId#c.Score,=,1,c.CreationDate,>=,1282251044,c.CreationDate,<=,1410220198#6210
comments c,postLinks pl#c.PostId=pl.PostId#c.Score,=,0,pl.LinkTypeId,=,1,pl.CreationDate,<=,1407840566#22151
comments c,postLinks pl#c.PostId=pl.PostId#c.Score,=,1,c.CreationDate,>=,1280274077,pl.LinkTypeId,=,1#5843
comments c,postLinks pl#c.PostId=pl.PostId#pl.LinkTypeId,=,3,pl.CreationDate,>=,1307538171,pl.CreationDate,<=,1409330995#2196
comments c,postLinks pl#c.PostId=pl.PostId#c.CreationDate,>=,1279612129,pl.LinkTypeId,=,1,pl.CreationDate,<=,1409784038#32708
comments c,postLinks pl#c.PostId=pl.PostId#c.Score,=,0,c.CreationDate,>=,1279947600,pl.LinkTypeId,=,1#23148
comments c,postLinks pl#c.PostId=pl.PostId#c.Score,=,0,pl.LinkTypeId,=,1,pl.CreationDate,<=,1408019794#22296
comments c,postLinks pl#c.PostId=pl.PostId#c.Score,=,0,pl.CreationDate,>=,1279723653,pl.CreationDate,<=,1408099430#23775
comments c,postLinks pl#c.PostId=pl.PostId#pl.LinkTypeId,=,1,pl.CreationDate,>=,1309070696,pl.CreationDate,<=,1409172086#30517
comments c,postLinks pl#c.PostId=pl.PostId#c.Score,=,0,c.CreationDate,>=,1279822932,c.CreationDate,<=,1409965476#24506
comments c,postLinks pl#c.PostId=pl.PostId#c.Score,=,0,pl.LinkTypeId,=,1,pl.CreationDate,<=,1410435668#23145
comments c,postLinks pl#c.PostId=pl.PostId#c.CreationDate,>=,1279723653,c.CreationDate,<=,1409842795,pl.CreationDate,>=,1280430082#34971
comments c,postLinks pl#c.PostId=pl.PostId#c.Score,=,0,c.CreationDate,<=,1410569220,pl.LinkTypeId,=,1#23162
comments c,postLinks pl#c.PostId=pl.PostId#c.Score,=,0,pl.LinkTypeId,=,3,pl.CreationDate,<=,1405116867#1349
comments c,postLinks pl#c.PostId=pl.PostId#c.CreationDate,>=,1280436277,pl.LinkTypeId,=,1,pl.CreationDate,>=,1302391571#31694
comments c,postLinks pl#c.PostId=pl.PostId#c.CreationDate,>=,1280919275,c.CreationDate,<=,1410453271,pl.CreationDate,>=,1309351763#33225
comments c,postLinks pl#c.PostId=pl.PostId#c.Score,=,0,c.CreationDate,>=,1280350503,pl.LinkTypeId,=,1#23110
comments c,postLinks pl#c.PostId=pl.PostId#c.Score,=,0,c.CreationDate,<=,1410364103,pl.CreationDate,<=,1403939611#22321
comments c,postLinks pl#c.PostId=pl.PostId#c.Score,=,0,c.CreationDate,>=,1280419848,pl.LinkTypeId,=,1#23110
comments c,postLinks pl#c.PostId=pl.PostId#c.Score,=,0,c.CreationDate,>=,1280343196,c.CreationDate,<=,1410046557#24490
comments c,postLinks pl#c.PostId=pl.PostId#c.Score,=,0,c.CreationDate,>=,1279612794,c.CreationDate,<=,1410155640#24556
comments c,postLinks pl#c.PostId=pl.PostId#c.Score,=,0,c.CreationDate,<=,1409077657,pl.CreationDate,<=,1400174981#20978
comments c,postLinks pl#c.PostId=pl.PostId#c.CreationDate,<=,1410029979,pl.LinkTypeId,=,3,pl.CreationDate,<=,1406115539#2006
comments c,postLinks pl#c.PostId=pl.PostId#c.CreationDate,>=,1280501095,c.CreationDate,<=,1410425846,pl.CreationDate,<=,1406105794#32839
comments c,postLinks pl#c.PostId=pl.PostId#c.Score,=,0,pl.LinkTypeId,=,1,pl.CreationDate,<=,1410389867#23133
comments c,postLinks pl#c.PostId=pl.PostId#c.Score,=,0,c.CreationDate,<=,1410568452,pl.LinkTypeId,=,1#23162
comments c,postLinks pl#c.PostId=pl.PostId#c.Score,=,0,c.CreationDate,<=,1410450810,pl.CreationDate,>=,1297948795#24096
comments c,postLinks pl#c.PostId=pl.PostId#c.CreationDate,>=,1281600688,c.CreationDate,<=,1410558500,pl.CreationDate,>=,1305836842#33565
comments c,postLinks pl#c.PostId=pl.PostId#c.Score,=,1,pl.CreationDate,>=,1300102552,pl.CreationDate,<=,1410026868#6065
comments c,postLinks pl#c.PostId=pl.PostId#c.Score,=,1,c.CreationDate,<=,1410382410,pl.LinkTypeId,=,1#5843
comments c,postLinks pl#c.PostId=pl.PostId#c.Score,=,0,pl.CreationDate,>=,1296222596,pl.CreationDate,<=,1406295464#22547
comments c,postLinks pl#c.PostId=pl.PostId#c.Score,=,0,c.CreationDate,>=,1279625776,pl.LinkTypeId,=,1#23157
comments c,postLinks pl#c.PostId=pl.PostId#c.CreationDate,>=,1281462945,c.CreationDate,<=,1410299150,pl.LinkTypeId,=,1#32686
comments c,postLinks pl#c.PostId=pl.PostId#c.Score,=,0,pl.CreationDate,>=,1290894799,pl.CreationDate,<=,1406938919#22878
comments c,postLinks pl#c.PostId=pl.PostId#c.Score,=,1,pl.LinkTypeId,=,1,pl.CreationDate,<=,1407696989#5623
comments c,postLinks pl#c.PostId=pl.PostId#pl.LinkTypeId,=,1,pl.CreationDate,>=,1325621983,pl.CreationDate,<=,1408425993#28197
comments c,postLinks pl#c.PostId=pl.PostId#c.Score,=,0,c.CreationDate,<=,1410539054,pl.LinkTypeId,=,1#23155
comments c,postLinks pl#c.PostId=pl.PostId#c.Score,=,2,c.CreationDate,<=,1409686209,pl.LinkTypeId,=,1#2136
comments c,postLinks pl#c.PostId=pl.PostId#c.Score,=,0,c.CreationDate,>=,1279884691,pl.CreationDate,>=,1287558884#24457
comments c,postLinks pl#c.PostId=pl.PostId#c.Score,=,0,pl.LinkTypeId,=,1,pl.CreationDate,<=,1407748175#22136
comments c,postLinks pl#c.PostId=pl.PostId#c.CreationDate,>=,1279701020,pl.LinkTypeId,=,1,pl.CreationDate,<=,1401959217#28993
comments c,postLinks pl#c.PostId=pl.PostId#c.CreationDate,<=,1409097118,pl.CreationDate,>=,1284589218,pl.CreationDate,<=,1409957256#34411
comments c,postLinks pl#c.PostId=pl.PostId#c.Score,=,0,c.CreationDate,<=,1410389608,pl.CreationDate,>=,1303145778#23738
comments c,postLinks pl#c.PostId=pl.PostId#c.Score,=,0,pl.LinkTypeId,=,1,pl.CreationDate,<=,1404333219#21111
comments c,postLinks pl#c.PostId=pl.PostId#c.CreationDate,>=,1280151571,c.CreationDate,<=,1410292332,pl.LinkTypeId,=,1#32840
comments c,postLinks pl#c.PostId=pl.PostId#c.CreationDate,>=,1282139545,pl.CreationDate,>=,1311956790,pl.CreationDate,<=,1408125670#31715
comments c,postLinks pl#c.PostId=pl.PostId#c.Score,=,1,c.CreationDate,<=,1409812120,pl.CreationDate,>=,1282922150#6226
comments c,postLinks pl#c.PostId=pl.PostId#c.Score,=,0,c.CreationDate,>=,1282128297,pl.LinkTypeId,=,1#23026
comments c,postLinks pl#c.PostId=pl.PostId#c.CreationDate,>=,1282149679,pl.CreationDate,>=,1328721609,pl.CreationDate,<=,1409849454#30607
comments c,postLinks pl#c.PostId=pl.PostId#c.Score,=,0,c.CreationDate,>=,1279745770,c.CreationDate,<=,1410556688#24706
comments c,postLinks pl#c.PostId=pl.PostId#c.CreationDate,>=,1280332993,c.CreationDate,<=,1410197138,pl.LinkTypeId,=,1#32756
comments c,postLinks pl#c.PostId=pl.PostId#c.Score,=,0,pl.CreationDate,>=,1308179130,pl.CreationDate,<=,1401978987#20216
comments c,postLinks pl#c.PostId=pl.PostId#pl.LinkTypeId,=,1,pl.CreationDate,>=,1319912094,pl.CreationDate,<=,1409153407#29241
comments c,postLinks pl#c.PostId=pl.PostId#c.Score,=,0,c.CreationDate,>=,1280168068,c.CreationDate,<=,1410642123#24689
comments c,postLinks pl#c.PostId=pl.PostId#c.Score,=,0,c.CreationDate,<=,1410181026,pl.LinkTypeId,=,1#23023
comments c,postLinks pl#c.PostId=pl.PostId#c.Score,=,0,c.CreationDate,>=,1279620710,pl.CreationDate,>=,1293123578#24307
comments c,postLinks pl#c.PostId=pl.PostId#c.Score,=,0,pl.CreationDate,>=,1283109536,pl.CreationDate,<=,1397211261#19950
comments c,postLinks pl#c.PostId=pl.PostId#c.CreationDate,>=,1281587390,c.CreationDate,<=,1410271249,pl.LinkTypeId,=,1#32652
comments c,postLinks pl#c.PostId=pl.PostId#c.Score,=,0,c.CreationDate,>=,1279800358,pl.CreationDate,<=,1410426186#24678
comments c,postLinks pl#c.PostId=pl.PostId#c.Score,=,0,c.CreationDate,>=,1279575213,pl.CreationDate,<=,1409758502#24467
comments c,postLinks pl#c.PostId=pl.PostId#c.Score,=,0,c.CreationDate,>=,1280102630,pl.CreationDate,<=,1406762364#23171
comments c,postLinks pl#c.PostId=pl.PostId#c.CreationDate,>=,1283946742,c.CreationDate,<=,1410042547,pl.CreationDate,>=,1307604720#33157
comments c,postLinks pl#c.PostId=pl.PostId#pl.LinkTypeId,=,1,pl.CreationDate,>=,1294534344,pl.CreationDate,<=,1403822145#29405
comments c,postLinks pl#c.PostId=pl.PostId#c.CreationDate,>=,1282651769,c.CreationDate,<=,1410646831,pl.LinkTypeId,=,1#32749
comments c,postLinks pl#c.PostId=pl.PostId#c.Score,=,0,pl.LinkTypeId,=,1,pl.CreationDate,>=,1284942597#23027
comments c,postLinks pl#c.PostId=pl.PostId#c.Score,=,1,pl.LinkTypeId,=,1,pl.CreationDate,>=,1290738514#5764
comments c,postLinks pl#c.PostId=pl.PostId#c.Score,=,0,pl.LinkTypeId,=,1,pl.CreationDate,<=,1408565056#22481
comments c,postLinks pl#c.PostId=pl.PostId#pl.LinkTypeId,=,1,pl.CreationDate,>=,1316801873,pl.CreationDate,<=,1403670142#27120
comments c,postLinks pl#c.PostId=pl.PostId#c.Score,=,3,pl.LinkTypeId,=,1,pl.CreationDate,<=,1405601469#926
comments c,postLinks pl#c.PostId=pl.PostId#c.Score,=,0,pl.CreationDate,>=,1301528982,pl.CreationDate,<=,1406555071#22271
comments c,postLinks pl#c.PostId=pl.PostId#c.Score,=,0,c.CreationDate,>=,1233585964,pl.LinkTypeId,=,1#23167
comments c,postLinks pl#c.PostId=pl.PostId#c.Score,=,0,c.CreationDate,>=,1282619642,c.CreationDate,<=,1410380860#24491
comments c,postLinks pl#c.PostId=pl.PostId#c.CreationDate,>=,1280627675,pl.CreationDate,>=,1280430082,pl.CreationDate,<=,1408620216#34180
comments c,postLinks pl#c.PostId=pl.PostId#c.Score,=,7,c.CreationDate,>=,1280242740,pl.LinkTypeId,=,1#70
comments c,postLinks pl#c.PostId=pl.PostId#c.CreationDate,>=,1283798749,c.CreationDate,<=,1410318198,pl.CreationDate,>=,1301794361#33766
comments c,postLinks pl#c.PostId=pl.PostId#c.CreationDate,>=,1280839196,c.CreationDate,<=,1410285527,pl.CreationDate,>=,1287435709#34703
comments c,postLinks pl#c.PostId=pl.PostId#pl.LinkTypeId,=,1,pl.CreationDate,>=,1322036553,pl.CreationDate,<=,1395168092#22550
comments c,postLinks pl#c.PostId=pl.PostId#c.Score,=,0,c.CreationDate,>=,1280322812,c.CreationDate,<=,1410379794#24597
comments c,postLinks pl#c.PostId=pl.PostId#c.Score,=,0,c.CreationDate,<=,1408482236,pl.LinkTypeId,=,1#22452
comments c,postLinks pl#c.PostId=pl.PostId#c.CreationDate,<=,1410047714,pl.LinkTypeId,=,1,pl.CreationDate,<=,1409019368#32373
comments c,postLinks pl#c.PostId=pl.PostId#c.Score,=,3,c.CreationDate,<=,1408494803,pl.LinkTypeId,=,1#947
comments c,postLinks pl#c.PostId=pl.PostId#c.Score,=,0,c.CreationDate,<=,1410386445,pl.LinkTypeId,=,1#23102
comments c,postLinks pl#c.PostId=pl.PostId#c.Score,=,0,pl.LinkTypeId,=,1,pl.CreationDate,>=,1294947293#22731
comments c,postLinks pl#c.PostId=pl.PostId#c.Score,=,0,pl.CreationDate,>=,1331487052,pl.CreationDate,<=,1408570181#20538
comments c,postLinks pl#c.PostId=pl.PostId#c.CreationDate,>=,1280049325,c.CreationDate,<=,1410569220,pl.LinkTypeId,=,1#32983
comments c,postLinks pl#c.PostId=pl.PostId#c.Score,=,0,c.CreationDate,>=,1281402350,c.CreationDate,<=,1410315278#24519
comments c,postLinks pl#c.PostId=pl.PostId#c.Score,=,0,c.CreationDate,<=,1410212330,pl.CreationDate,=,1341677237#1
comments c,postLinks pl#c.PostId=pl.PostId#c.Score,=,0,c.CreationDate,<=,1410551234,pl.LinkTypeId,=,1#23160
comments c,postLinks pl#c.PostId=pl.PostId#c.Score,=,0,pl.CreationDate,>=,1280664514,pl.CreationDate,<=,1409758502#24461
comments c,postLinks pl#c.PostId=pl.PostId#c.CreationDate,>=,1281351386,c.CreationDate,<=,1409552654,pl.LinkTypeId,=,1#32439
comments c,postLinks pl#c.PostId=pl.PostId#c.CreationDate,>=,1281268167,pl.LinkTypeId,=,1,pl.CreationDate,<=,1408627565#32017
comments c,postLinks pl#c.PostId=pl.PostId#c.CreationDate,<=,1410311751,pl.CreationDate,>=,1302213107,pl.CreationDate,<=,1409661849#33616
comments c,postLinks pl#c.PostId=pl.PostId#c.Score,=,0,c.CreationDate,>=,1284586463,c.CreationDate,<=,1408618225#23750
comments c,postLinks pl#c.PostId=pl.PostId#c.CreationDate,>=,1280296771,pl.LinkTypeId,=,1,pl.CreationDate,<=,1407339647#31403
comments c,postLinks pl#c.PostId=pl.PostId#c.CreationDate,>=,1280216792,c.CreationDate,<=,1410317063,pl.LinkTypeId,=,1#32835
comments c,postLinks pl#c.PostId=pl.PostId#pl.LinkTypeId,=,1,pl.CreationDate,>=,1299362527,pl.CreationDate,<=,1410377310#32011
comments c,postLinks pl#c.PostId=pl.PostId#c.Score,=,2,c.CreationDate,>=,1233586309,c.CreationDate,<=,1410280533#2306
comments c,postLinks pl#c.PostId=pl.PostId#c.CreationDate,<=,1409531504,pl.LinkTypeId,=,1,pl.CreationDate,<=,1407337654#31493
comments c,postLinks pl#c.PostId=pl.PostId#c.Score,=,5,c.CreationDate,>=,1282065676,pl.CreationDate,<=,1404919586#201
comments c,postLinks pl#c.PostId=pl.PostId#c.Score,=,0,c.CreationDate,>=,1279951302,pl.LinkTypeId,=,1#23148
comments c,postLinks pl#c.PostId=pl.PostId#c.CreationDate,<=,1409837595,pl.CreationDate,>=,1328422200,pl.CreationDate,<=,1406110081#28659
comments c,postLinks pl#c.PostId=pl.PostId#c.CreationDate,>=,1280235406,c.CreationDate,<=,1410199812,pl.LinkTypeId,=,1#32781
comments c,postLinks pl#c.PostId=pl.PostId#c.Score,=,0,pl.CreationDate,>=,1293722898,pl.CreationDate,<=,1405945865#22471
comments c,postLinks pl#c.PostId=pl.PostId#c.CreationDate,>=,1280676841,pl.CreationDate,>=,1283180521,pl.CreationDate,<=,1407609029#33460
comments c,postLinks pl#c.PostId=pl.PostId#pl.LinkTypeId,=,3,pl.CreationDate,>=,1297966722,pl.CreationDate,<=,1409157863#2156
comments c,postLinks pl#c.PostId=pl.PostId#c.CreationDate,>=,1280126788,pl.LinkTypeId,=,1,pl.CreationDate,>=,1296703285#32221
comments c,postLinks pl#c.PostId=pl.PostId#c.Score,=,1,c.CreationDate,>=,1282047552,c.CreationDate,<=,1409724862#6186
comments c,postLinks pl#c.PostId=pl.PostId#c.CreationDate,>=,1280238107,c.CreationDate,<=,1410362174,pl.LinkTypeId,=,1#32829
comments c,postLinks pl#c.PostId=pl.PostId#c.CreationDate,>=,1279744955,c.CreationDate,<=,1409290505,pl.LinkTypeId,=,1#32522
comments c,postLinks pl#c.PostId=pl.PostId#c.CreationDate,<=,1410313506,pl.CreationDate,>=,1322970069,pl.CreationDate,<=,1408018294#30440
comments c,postLinks pl#c.PostId=pl.PostId#c.CreationDate,>=,1281778898,c.CreationDate,<=,1410654350,pl.LinkTypeId,=,1#32782
comments c,postLinks pl#c.PostId=pl.PostId#c.Score,=,0,pl.LinkTypeId,=,1,pl.CreationDate,<=,1410261585#23075
comments c,postLinks pl#c.PostId=pl.PostId#c.Score,=,0,pl.CreationDate,>=,1283264610,pl.CreationDate,<=,1409136290#24113
comments c,postLinks pl#c.PostId=pl.PostId#c.Score,=,0,c.CreationDate,>=,1279615552,pl.CreationDate,=,1375410767#1
comments c,postLinks pl#c.PostId=pl.PostId#c.CreationDate,<=,1409751478,pl.CreationDate,>=,1279902641,pl.CreationDate,<=,1406469397#33122
comments c,postLinks pl#c.PostId=pl.PostId#c.Score,=,0,c.CreationDate,>=,1280173023,c.CreationDate,<=,1410639320#24688
comments c,postLinks pl#c.PostId=pl.PostId#c.Score,=,0,c.CreationDate,>=,1283357006,c.CreationDate,<=,1410197866#24386
comments c,postLinks pl#c.PostId=pl.PostId#c.CreationDate,>=,1281038237,pl.LinkTypeId,=,1,pl.CreationDate,=,1300582060#15
comments c,postLinks pl#c.PostId=pl.PostId#c.Score,=,0,pl.CreationDate,>=,1321740592,pl.CreationDate,<=,1405584413#20424
comments c,postLinks pl#c.PostId=pl.PostId#c.CreationDate,>=,1279727938,c.CreationDate,<=,1410497842,pl.LinkTypeId,=,1#32996
comments c,postLinks pl#c.PostId=pl.PostId#c.CreationDate,<=,1410479855,pl.CreationDate,>=,1300321378,pl.CreationDate,<=,1404721907#31310
comments c,postLinks pl#c.PostId=pl.PostId#c.CreationDate,>=,1280247106,c.CreationDate,<=,1409911285,pl.LinkTypeId,=,1#32686
comments c,postLinks pl#c.PostId=pl.PostId#c.CreationDate,>=,1284156393,c.CreationDate,<=,1410548351,pl.LinkTypeId,=,1#32631
comments c,postLinks pl#c.PostId=pl.PostId#c.CreationDate,>=,1280248992,c.CreationDate,<=,1410537304,pl.CreationDate,>=,1284705634#35010
comments c,postLinks pl#c.PostId=pl.PostId#c.Score,=,4,c.CreationDate,<=,1410364421,pl.LinkTypeId,=,1#392
comments c,postLinks pl#c.PostId=pl.PostId#c.CreationDate,>=,1279636851,pl.LinkTypeId,=,1,pl.CreationDate,>=,1301191919#31807
comments c,postLinks pl#c.PostId=pl.PostId#c.CreationDate,>=,1284842541,c.CreationDate,<=,1410636177,pl.LinkTypeId,=,1#32602
comments c,postLinks pl#c.PostId=pl.PostId#c.CreationDate,>=,1281559156,c.CreationDate,<=,1409774531,pl.LinkTypeId,=,1#32517
comments c,postLinks pl#c.PostId=pl.PostId#c.Score,=,0,pl.CreationDate,>=,1326910521,pl.CreationDate,<=,1409219597#21408
comments c,postLinks pl#c.PostId=pl.PostId#c.Score,=,0,pl.CreationDate,>=,1297399583,pl.CreationDate,<=,1409837860#23966
comments c,postLinks pl#c.PostId=pl.PostId#c.Score,=,0,c.CreationDate,<=,1409226511,pl.LinkTypeId,=,1#22748
comments c,postLinks pl#c.PostId=pl.PostId#pl.LinkTypeId,=,1,pl.CreationDate,>=,1308179130,pl.CreationDate,<=,1410261585#31052
comments c,postLinks pl#c.PostId=pl.PostId#c.Score,=,0,c.CreationDate,<=,1410284335,pl.LinkTypeId,=,1#23050
comments c,postLinks pl#c.PostId=pl.PostId#c.Score,=,1,c.CreationDate,<=,1410643872,pl.CreationDate,>=,1288075240#6200
comments c,postLinks pl#c.PostId=pl.PostId#c.CreationDate,>=,1279641274,c.CreationDate,<=,1410633018,pl.CreationDate,<=,1410328793#35178
comments c,postLinks pl#c.PostId=pl.PostId#c.CreationDate,>=,1279572349,pl.LinkTypeId,=,1,pl.CreationDate,<=,1404456703#30339
comments c,postLinks pl#c.PostId=pl.PostId#c.Score,=,4,c.CreationDate,>=,1280046130,pl.CreationDate,>=,1317962721#373
comments c,postLinks pl#c.PostId=pl.PostId#c.Score,=,0,pl.CreationDate,>=,1298815762,pl.CreationDate,<=,1410620829#24100
comments c,postLinks pl#c.PostId=pl.PostId#c.CreationDate,>=,1279612794,c.CreationDate,<=,1410522639,pl.LinkTypeId,=,1#33009
comments c,postLinks pl#c.PostId=pl.PostId#c.Score,=,0,c.CreationDate,>=,1281317986,c.CreationDate,<=,1410529691#24609
comments c,postLinks pl#c.PostId=pl.PostId#c.CreationDate,>=,1281579024,c.CreationDate,<=,1409716389,pl.LinkTypeId,=,1#32482
comments c,postLinks pl#c.PostId=pl.PostId#c.CreationDate,>=,1281057420,pl.CreationDate,>=,1312358950,pl.CreationDate,<=,1405359262#30301
comments c,postLinks pl#c.PostId=pl.PostId#c.Score,=,0,c.CreationDate,>=,1280175499,c.CreationDate,<=,1409844765#24469
comments c,postLinks pl#c.PostId=pl.PostId#c.Score,=,0,c.CreationDate,>=,1280331430,pl.LinkTypeId,=,1#23112
comments c,postLinks pl#c.PostId=pl.PostId#c.CreationDate,>=,1280874125,c.CreationDate,<=,1410529205,pl.LinkTypeId,=,1#32859
comments c,postLinks pl#c.PostId=pl.PostId#c.CreationDate,<=,1410136459,pl.LinkTypeId,=,1,pl.CreationDate,=,1393112671#36
comments c,postLinks pl#c.PostId=pl.PostId#c.Score,=,0,c.CreationDate,<=,1409586209,pl.LinkTypeId,=,1#22872
comments c,postLinks pl#c.PostId=pl.PostId#c.Score,=,1,pl.CreationDate,>=,1316333179,pl.CreationDate,<=,1407611032#5576
comments c,postLinks pl#c.PostId=pl.PostId#c.Score,=,1,c.CreationDate,>=,1280296466,c.CreationDate,<=,1410516065#6268
comments c,postLinks pl#c.PostId=pl.PostId#c.Score,=,0,c.CreationDate,>=,1280275861,c.CreationDate,<=,1410489253#24656
comments c,postLinks pl#c.PostId=pl.PostId#c.Score,=,3,pl.CreationDate,>=,1284888860,pl.CreationDate,<=,1402364944#939
comments c,postLinks pl#c.PostId=pl.PostId#c.Score,=,0,c.CreationDate,>=,1280552073,c.CreationDate,<=,1410448773#24628
comments c,postLinks pl#c.PostId=pl.PostId#c.CreationDate,>=,1280654988,pl.LinkTypeId,=,1,pl.CreationDate,>=,1319063730#29931
comments c,postLinks pl#c.PostId=pl.PostId#c.Score,=,0,c.CreationDate,>=,1280341232,c.CreationDate,<=,1410317247#24565
comments c,postLinks pl#c.PostId=pl.PostId#c.Score,=,0,pl.LinkTypeId,=,1,pl.CreationDate,<=,1404574643#21202
comments c,postLinks pl#c.PostId=pl.PostId#c.Score,=,0,pl.LinkTypeId,=,1,pl.CreationDate,>=,1292429929#22764
comments c,postLinks pl#c.PostId=pl.PostId#pl.LinkTypeId,=,1,pl.CreationDate,>=,1311086061,pl.CreationDate,<=,1404783219#28348
comments c,postLinks pl#c.PostId=pl.PostId#c.Score,=,1,pl.CreationDate,>=,1303940884,pl.CreationDate,<=,1404895042#5566
comments c,postLinks pl#c.PostId=pl.PostId#c.CreationDate,>=,1279947600,pl.CreationDate,>=,1312366952,pl.CreationDate,<=,1403541409#29510
comments c,postLinks pl#c.PostId=pl.PostId#c.CreationDate,>=,1279631209,pl.CreationDate,>=,1303310107,pl.CreationDate,<=,1408485153#32839
comments c,postLinks pl#c.PostId=pl.PostId#c.CreationDate,>=,1233607778,c.CreationDate,<=,1410299150,pl.LinkTypeId,=,1#32909
comments c,postLinks pl#c.PostId=pl.PostId#c.CreationDate,>=,1280711681,c.CreationDate,<=,1409907828,pl.CreationDate,<=,1410181890#34886
comments c,postLinks pl#c.PostId=pl.PostId#pl.LinkTypeId,=,1,pl.CreationDate,>=,1308673115,pl.CreationDate,<=,1409248146#30589
comments c,postLinks pl#c.PostId=pl.PostId#c.Score,=,1,pl.LinkTypeId,=,1,pl.CreationDate,<=,1407742848#5635
comments c,postLinks pl#c.PostId=pl.PostId#c.Score,=,0,pl.CreationDate,>=,1302534274,pl.CreationDate,<=,1403703582#21337
comments c,postLinks pl#c.PostId=pl.PostId#c.Score,=,0,pl.CreationDate,>=,1295982229,pl.CreationDate,<=,1408627565#23539
comments c,postLinks pl#c.PostId=pl.PostId#pl.LinkTypeId,=,1,pl.CreationDate,>=,1314972813,pl.CreationDate,<=,1408541764#29497
comments c,postLinks pl#c.PostId=pl.PostId#c.Score,=,0,c.CreationDate,>=,1284025042,pl.LinkTypeId,=,1#22937
comments c,postLinks pl#c.PostId=pl.PostId#c.Score,=,0,c.CreationDate,<=,1410209417,pl.CreationDate,<=,1402582022#21746
comments c,postLinks pl#c.PostId=pl.PostId#pl.LinkTypeId,=,1,pl.CreationDate,>=,1307527212,pl.CreationDate,<=,1408934581#30591
comments c,postLinks pl#c.PostId=pl.PostId#c.CreationDate,>=,1280167471,c.CreationDate,<=,1409581574,pl.LinkTypeId,=,1#32584
comments c,postLinks pl#c.PostId=pl.PostId#c.CreationDate,<=,1410597693,pl.LinkTypeId,=,1,pl.CreationDate,<=,1409837204#32779
comments c,postLinks pl#c.PostId=pl.PostId#c.Score,=,0,c.CreationDate,>=,1279569745,pl.LinkTypeId,=,1#23166
comments c,postLinks pl#c.PostId=pl.PostId#c.Score,=,0,pl.LinkTypeId,=,1,pl.CreationDate,>=,1285915847#22986
comments c,postLinks pl#c.PostId=pl.PostId#c.CreationDate,>=,1279572484,c.CreationDate,<=,1410536832,pl.CreationDate,<=,1405185837#32597
comments c,postLinks pl#c.PostId=pl.PostId#c.CreationDate,>=,1280235564,pl.LinkTypeId,=,1,pl.CreationDate,<=,1410330990#32864
comments c,postLinks pl#c.PostId=pl.PostId#c.CreationDate,>=,1282646450,c.CreationDate,<=,1410098650,pl.CreationDate,>=,1306181962#33325
comments c,postLinks pl#c.PostId=pl.PostId#c.Score,=,0,pl.CreationDate,>=,1311624189,pl.CreationDate,<=,1408993845#22603
comments c,postLinks pl#c.PostId=pl.PostId#c.Score,=,0,c.CreationDate,>=,1280920940,c.CreationDate,<=,1410205078#24503
comments c,postLinks pl#c.PostId=pl.PostId#c.CreationDate,=,1401799179,pl.CreationDate,>=,1304111862,pl.CreationDate,<=,1404679730#1
comments c,postLinks pl#c.PostId=pl.PostId#c.Score,=,0,c.CreationDate,<=,1410290285,pl.LinkTypeId,=,1#23060
comments c,postLinks pl#c.PostId=pl.PostId#c.CreationDate,>=,1280220521,c.CreationDate,<=,1410574126,pl.CreationDate,>=,1289523962#34721
comments c,postLinks pl#c.PostId=pl.PostId#c.Score,=,0,pl.LinkTypeId,=,1,pl.CreationDate,<=,1409311253#22790
comments c,postLinks pl#c.PostId=pl.PostId#c.CreationDate,>=,1280709809,c.CreationDate,<=,1410335990,pl.CreationDate,<=,1410436533#35039
comments c,postLinks pl#c.PostId=pl.PostId#c.CreationDate,>=,1233594342,pl.LinkTypeId,=,1,pl.CreationDate,<=,1409157863#32446
comments c,postLinks pl#c.PostId=pl.PostId#c.Score,=,1,pl.LinkTypeId,=,1,pl.CreationDate,>=,1300291288#5674
comments c,postLinks pl#c.PostId=pl.PostId#c.Score,=,0,c.CreationDate,>=,1279962600,pl.LinkTypeId,=,1#23146
comments c,postLinks pl#c.PostId=pl.PostId#c.Score,=,0,pl.LinkTypeId,=,1,pl.CreationDate,<=,1407050095#21859
comments c,postLinks pl#c.PostId=pl.PostId#c.Score,=,2,c.CreationDate,>=,1283526322,pl.LinkTypeId,=,1#2115
comments c,postLinks pl#c.PostId=pl.PostId#c.Score,=,1,c.CreationDate,<=,1409798960,pl.CreationDate,<=,1407411300#5999
comments c,postLinks pl#c.PostId=pl.PostId#c.Score,=,2,c.CreationDate,>=,1280331430,pl.LinkTypeId,=,1#2137
comments c,postLinks pl#c.PostId=pl.PostId#c.CreationDate,>=,1280438359,pl.LinkTypeId,=,1,pl.CreationDate,>=,1323015809#29438
comments c,postLinks pl#c.PostId=pl.PostId#c.CreationDate,<=,1410457806,pl.LinkTypeId,=,1,pl.CreationDate,>=,1301074923#31796
comments c,postLinks pl#c.PostId=pl.PostId#c.CreationDate,<=,1410494802,pl.LinkTypeId,=,1,pl.CreationDate,=,1349952393#8
comments c,postLinks pl#c.PostId=pl.PostId#c.CreationDate,>=,1279727588,c.CreationDate,<=,1409784126,pl.LinkTypeId,=,1#32734
comments c,postLinks pl#c.PostId=pl.PostId#c.CreationDate,>=,1280446362,c.CreationDate,<=,1410032315,pl.LinkTypeId,=,1#32696
comments c,postLinks pl#c.PostId=pl.PostId#pl.LinkTypeId,=,1,pl.CreationDate,>=,1311180647,pl.CreationDate,<=,1405530527#28591
comments c,postLinks pl#c.PostId=pl.PostId#c.Score,=,0,c.CreationDate,>=,1279633331,pl.CreationDate,>=,1286415203#24522
comments c,postLinks pl#c.PostId=pl.PostId#c.Score,=,0,pl.LinkTypeId,=,1,pl.CreationDate,>=,1289523910#22827
comments c,postLinks pl#c.PostId=pl.PostId#c.Score,=,0,c.CreationDate,>=,1280014188,c.CreationDate,<=,1409718682#24433
comments c,postLinks pl#c.PostId=pl.PostId#c.Score,=,0,c.CreationDate,<=,1410209702,pl.CreationDate,>=,1316563973#22610
comments c,postLinks pl#c.PostId=pl.PostId#c.Score,=,0,c.CreationDate,>=,1279714063,pl.LinkTypeId,=,1#23155
comments c,postLinks pl#c.PostId=pl.PostId#c.CreationDate,>=,1281982384,pl.CreationDate,>=,1291631450,pl.CreationDate,<=,1404486315#31643
comments c,postLinks pl#c.PostId=pl.PostId#c.Score,=,0,c.CreationDate,<=,1410523231,pl.CreationDate,>=,1281721352#24669
comments c,postLinks pl#c.PostId=pl.PostId#c.Score,=,0,pl.LinkTypeId,=,1,pl.CreationDate,=,1358386129#4
comments c,postLinks pl#c.PostId=pl.PostId#c.Score,=,0,c.CreationDate,<=,1410267061,pl.LinkTypeId,=,1#23041
comments c,postLinks pl#c.PostId=pl.PostId#c.Score,=,1,c.CreationDate,>=,1279570273,pl.LinkTypeId,=,1#5854
comments c,postLinks pl#c.PostId=pl.PostId#c.CreationDate,>=,1285533743,c.CreationDate,<=,1410645693,pl.CreationDate,<=,1407894189#33425
comments c,postLinks pl#c.PostId=pl.PostId#c.CreationDate,>=,1280441638,c.CreationDate,<=,1409408362,pl.LinkTypeId,=,1#32473
comments c,postLinks pl#c.PostId=pl.PostId#c.Score,=,0,pl.LinkTypeId,=,1,pl.CreationDate,<=,1406571300#21724
comments c,postLinks pl#c.PostId=pl.PostId#c.Score,=,0,c.CreationDate,>=,1279643930,c.CreationDate,<=,1410365961#24629
comments c,postLinks pl#c.PostId=pl.PostId#c.Score,=,0,pl.LinkTypeId,=,1,pl.CreationDate,=,1397758868#3
comments c,postLinks pl#c.PostId=pl.PostId#c.Score,=,0,c.CreationDate,>=,1278791046,pl.LinkTypeId,=,1#23167
comments c,postLinks pl#c.PostId=pl.PostId#c.Score,=,0,c.CreationDate,>=,1280250856,pl.CreationDate,>=,1282135274#24643
comments c,postLinks pl#c.PostId=pl.PostId#pl.LinkTypeId,=,1,pl.CreationDate,>=,1310299673,pl.CreationDate,<=,1403754213#28004
comments c,postLinks pl#c.PostId=pl.PostId#c.Score,=,0,pl.LinkTypeId,=,1,pl.CreationDate,<=,1408385036#22378
comments c,postLinks pl#c.PostId=pl.PostId#c.Score,=,1,pl.LinkTypeId,=,3,pl.CreationDate,>=,1338125599#427
comments c,postLinks pl#c.PostId=pl.PostId#c.CreationDate,<=,1409066488,pl.LinkTypeId,=,1,pl.CreationDate,<=,1409410434#32432
comments c,postLinks pl#c.PostId=pl.PostId#c.CreationDate,<=,1410546993,pl.LinkTypeId,=,1,pl.CreationDate,=,1377887354#4
comments c,postLinks pl#c.PostId=pl.PostId#c.CreationDate,<=,1410425529,pl.LinkTypeId,=,1,pl.CreationDate,<=,1408448855#32063
comments c,postLinks pl#c.PostId=pl.PostId#c.Score,=,0,pl.LinkTypeId,=,1,pl.CreationDate,<=,1410490462#23150
comments c,postLinks pl#c.PostId=pl.PostId#c.Score,=,1,c.CreationDate,>=,1287672831,pl.LinkTypeId,=,1#5738
comments c,postLinks pl#c.PostId=pl.PostId#c.Score,=,0,c.CreationDate,=,1338484037,pl.CreationDate,>=,1330461062#1
comments c,postLinks pl#c.PostId=pl.PostId#c.Score,=,0,pl.LinkTypeId,=,1,pl.CreationDate,>=,1309070696#21804
comments c,postLinks pl#c.PostId=pl.PostId#c.CreationDate,<=,1410266735,pl.LinkTypeId,=,1,pl.CreationDate,>=,1317766036#29970
comments c,postLinks pl#c.PostId=pl.PostId#c.Score,=,0,c.CreationDate,>=,1279676343,c.CreationDate,<=,1409179349#24240
comments c,postLinks pl#c.PostId=pl.PostId#c.Score,=,0,pl.CreationDate,>=,1288170818,pl.CreationDate,<=,1405368556#22416
comments c,postLinks pl#c.PostId=pl.PostId#pl.LinkTypeId,=,1,pl.CreationDate,>=,1310629630,pl.CreationDate,<=,1410162882#30782
comments c,postLinks pl#c.PostId=pl.PostId#c.CreationDate,>=,1281111377,c.CreationDate,<=,1410294497,pl.CreationDate,>=,1308071879#33204
comments c,postLinks pl#c.PostId=pl.PostId#c.Score,=,0,c.CreationDate,<=,1410575583,pl.CreationDate,>=,1316794669#22721
comments c,postLinks pl#c.PostId=pl.PostId#c.Score,=,0,c.CreationDate,>=,1236111136,c.CreationDate,<=,1410440124#24687
comments c,postLinks pl#c.PostId=pl.PostId#c.CreationDate,<=,1409872209,pl.CreationDate,>=,1321908179,pl.CreationDate,<=,1408134440#30617
comments c,postLinks pl#c.PostId=pl.PostId#c.CreationDate,>=,1280550428,c.CreationDate,<=,1410435509,pl.CreationDate,<=,1404927948#32366
comments c,postLinks pl#c.PostId=pl.PostId#c.CreationDate,>=,1280950809,pl.LinkTypeId,=,1,pl.CreationDate,<=,1405872926#30674
comments c,postLinks pl#c.PostId=pl.PostId#c.CreationDate,<=,1410285808,pl.LinkTypeId,=,1,pl.CreationDate,<=,1407249062#31474
comments c,postLinks pl#c.PostId=pl.PostId#pl.LinkTypeId,=,1,pl.CreationDate,>=,1316158503,pl.CreationDate,<=,1404345866#27536
comments c,postLinks pl#c.PostId=pl.PostId#c.CreationDate,>=,1283496188,c.CreationDate,<=,1409953249,pl.CreationDate,<=,1400289672#29868
comments c,postLinks pl#c.PostId=pl.PostId#pl.LinkTypeId,=,1,pl.CreationDate,>=,1311560895,pl.CreationDate,<=,1404316984#28079
comments c,postLinks pl#c.PostId=pl.PostId#c.CreationDate,>=,1280234975,c.CreationDate,<=,1410473522,pl.LinkTypeId,=,1#32924
comments c,postLinks pl#c.PostId=pl.PostId#c.Score,=,1,c.CreationDate,>=,1280297701,pl.LinkTypeId,=,1#5842
comments c,postLinks pl#c.PostId=pl.PostId#pl.LinkTypeId,=,1,pl.CreationDate,>=,1311612644,pl.CreationDate,<=,1405612415#28605
comments c,postLinks pl#c.PostId=pl.PostId#c.Score,=,3,pl.LinkTypeId,=,1,pl.CreationDate,>=,1286461278#944
comments c,postLinks pl#c.PostId=pl.PostId#c.Score,=,0,c.CreationDate,<=,1410442166,pl.LinkTypeId,=,3#1555
comments c,postLinks pl#c.PostId=pl.PostId#c.CreationDate,>=,1279954009,pl.LinkTypeId,=,1,pl.CreationDate,<=,1410147754#32808
comments c,postLinks pl#c.PostId=pl.PostId#c.Score,=,0,pl.CreationDate,>=,1290612219,pl.CreationDate,<=,1410224682#24280
comments c,postLinks pl#c.PostId=pl.PostId#c.Score,=,1,c.CreationDate,>=,1281453179,c.CreationDate,<=,1409849454#6203
comments c,postLinks pl#c.PostId=pl.PostId#c.Score,=,0,c.CreationDate,>=,1285093822,c.CreationDate,<=,1410138914#24304
comments c,postLinks pl#c.PostId=pl.PostId#c.Score,=,3,c.CreationDate,<=,1410423576,pl.LinkTypeId,=,1#959
comments c,postLinks pl#c.PostId=pl.PostId#c.Score,=,0,c.CreationDate,>=,1279593564,pl.LinkTypeId,=,1#23159
comments c,postLinks pl#c.PostId=pl.PostId#c.Score,=,0,c.CreationDate,>=,1279768981,pl.CreationDate,>=,1288117776#24405
comments c,postLinks pl#c.PostId=pl.PostId#c.Score,=,0,c.CreationDate,>=,1281854914,c.CreationDate,<=,1410403409#24528
comments c,postLinks pl#c.PostId=pl.PostId#c.Score,=,0,c.CreationDate,<=,1410499988,pl.CreationDate,<=,1408384851#23837
comments c,postLinks pl#c.PostId=pl.PostId#c.CreationDate,>=,1282494018,c.CreationDate,<=,1410378632,pl.CreationDate,>=,1294363385#34455
comments c,postLinks pl#c.PostId=pl.PostId#pl.LinkTypeId,=,1,pl.CreationDate,>=,1299878718,pl.CreationDate,<=,1408655302#31283
comments c,postLinks pl#c.PostId=pl.PostId#c.CreationDate,>=,1282918327,pl.CreationDate,>=,1284956094,pl.CreationDate,<=,1405381304#32273
comments c,postLinks pl#c.PostId=pl.PostId#c.CreationDate,>=,1280123433,pl.LinkTypeId,=,1,pl.CreationDate,>=,1287160465#32655
comments c,postLinks pl#c.PostId=pl.PostId#pl.LinkTypeId,=,1,pl.CreationDate,>=,1290612219,pl.CreationDate,<=,1409313504#32008
comments c,postLinks pl#c.PostId=pl.PostId#c.CreationDate,>=,1280538424,c.CreationDate,<=,1410380860,pl.LinkTypeId,=,1#32837
comments c,postLinks pl#c.PostId=pl.PostId#c.Score,=,5,c.CreationDate,>=,1290672924,pl.CreationDate,>=,1296840147#209
comments c,postLinks pl#c.PostId=pl.PostId#c.CreationDate,>=,1279567878,c.CreationDate,<=,1410298804,pl.LinkTypeId,=,1#32909
comments c,postLinks pl#c.PostId=pl.PostId#c.Score,=,0,c.CreationDate,<=,1410421016,pl.CreationDate,<=,1405954168#22890
comments c,postLinks pl#c.PostId=pl.PostId#c.Score,=,0,pl.LinkTypeId,=,1,pl.CreationDate,=,1311774226#8
comments c,postLinks pl#c.PostId=pl.PostId#c.Score,=,1,pl.CreationDate,>=,1312524427,pl.CreationDate,<=,1410330990#5909
comments c,postLinks pl#c.PostId=pl.PostId#c.CreationDate,>=,1279699544,c.CreationDate,<=,1410297399,pl.CreationDate,>=,1297063260#34336
comments c,postLinks pl#c.PostId=pl.PostId#c.Score,=,2,c.CreationDate,<=,1410444643,pl.LinkTypeId,=,1#2158
comments c,postLinks pl#c.PostId=pl.PostId#c.CreationDate,>=,1280847542,c.CreationDate,<=,1410043760,pl.LinkTypeId,=,1#32688
comments c,postLinks pl#c.PostId=pl.PostId#c.CreationDate,>=,1288119161,c.CreationDate,<=,1409936418,pl.LinkTypeId,=,1#32138
comments c,postLinks pl#c.PostId=pl.PostId#c.CreationDate,>=,1281033236,c.CreationDate,<=,1410609616,pl.LinkTypeId,=,1#32840
comments c,postLinks pl#c.PostId=pl.PostId#pl.LinkTypeId,=,1,pl.CreationDate,>=,1320158887,pl.CreationDate,<=,1410330990#29734
comments c,postLinks pl#c.PostId=pl.PostId#c.Score,=,0,pl.CreationDate,>=,1288775397,pl.CreationDate,<=,1407999120#23414
comments c,postLinks pl#c.PostId=pl.PostId#c.Score,=,3,pl.CreationDate,>=,1286979645,pl.CreationDate,<=,1406077286#973
comments c,postLinks pl#c.PostId=pl.PostId#c.Score,=,1,c.CreationDate,>=,1279569810,c.CreationDate,<=,1408917603#6161
comments c,postLinks pl#c.PostId=pl.PostId#c.Score,=,0,pl.CreationDate,>=,1306946644,pl.CreationDate,<=,1404395138#21317
comments c,postLinks pl#c.PostId=pl.PostId#c.Score,=,1,c.CreationDate,>=,1286641372,c.CreationDate,<=,1410148004#6154
comments c,postLinks pl#c.PostId=pl.PostId#c.Score,=,1,pl.CreationDate,>=,1317937229,pl.CreationDate,<=,1407410004#5537
comments c,postLinks pl#c.PostId=pl.PostId#c.Score,=,0,c.CreationDate,>=,1280436277,c.CreationDate,<=,1408985152#24115
comments c,postLinks pl#c.PostId=pl.PostId#c.Score,=,0,c.CreationDate,>=,1280413144,c.CreationDate,<=,1410253725#24534
comments c,postLinks pl#c.PostId=pl.PostId#c.CreationDate,<=,1410299983,pl.CreationDate,>=,1325191692,pl.CreationDate,<=,1403204832#27732
comments c,postLinks pl#c.PostId=pl.PostId#pl.LinkTypeId,=,1,pl.CreationDate,>=,1304575188,pl.CreationDate,<=,1408125670#30397
comments c,postLinks pl#c.PostId=pl.PostId#c.CreationDate,>=,1280340070,c.CreationDate,<=,1410304717,pl.LinkTypeId,=,1#32798
comments c,postLinks pl#c.PostId=pl.PostId#pl.LinkTypeId,=,1,pl.CreationDate,>=,1287596046,pl.CreationDate,<=,1407320809#31089
comments c,postLinks pl#c.PostId=pl.PostId#c.Score,=,0,c.CreationDate,<=,1410236800,pl.CreationDate,=,1392082404#32
comments c,postLinks pl#c.PostId=pl.PostId#c.Score,=,3,c.CreationDate,>=,1279775393,pl.LinkTypeId,=,1#957
comments c,postLinks pl#c.PostId=pl.PostId#c.Score,=,2,c.CreationDate,>=,1288271593,c.CreationDate,<=,1410658912#2246
comments c,postLinks pl#c.PostId=pl.PostId#c.Score,=,0,pl.LinkTypeId,=,1,pl.CreationDate,>=,1309351763#21792
comments c,postLinks pl#c.PostId=pl.PostId#c.Score,=,0,c.CreationDate,<=,1410383596,pl.LinkTypeId,=,1#23099
comments c,postLinks pl#c.PostId=pl.PostId#c.CreationDate,>=,1280362870,c.CreationDate,<=,1409801697,pl.CreationDate,=,1409393288#1
comments c,postLinks pl#c.PostId=pl.PostId#c.Score,=,0,pl.LinkTypeId,=,1,pl.CreationDate,>=,1304731795#22098
comments c,postLinks pl#c.PostId=pl.PostId#c.CreationDate,>=,1278848008,c.CreationDate,<=,1410418745,pl.CreationDate,>=,1314823980#32638
comments c,postLinks pl#c.PostId=pl.PostId#c.Score,=,0,pl.LinkTypeId,=,1,pl.CreationDate,>=,1287500562#22912
comments c,postLinks pl#c.PostId=pl.PostId#c.CreationDate,<=,1409862057,pl.LinkTypeId,=,1,pl.CreationDate,=,1392980471#14
comments c,postLinks pl#c.PostId=pl.PostId#c.Score,=,0,c.CreationDate,>=,1280431026,pl.CreationDate,>=,1301155316#23886
comments c,postLinks pl#c.PostId=pl.PostId#c.Score,=,0,c.CreationDate,>=,1287266174,c.CreationDate,<=,1409837595#24160
comments c,badges b#c.UserId=b.UserId#c.Score,=,1,c.CreationDate,<=,1410285527,b.Date,>=,1284004056#3255651
comments c,badges b#c.UserId=b.UserId#c.Score,=,0,c.CreationDate,>=,1282679579,c.CreationDate,<=,1410366365#10118136
comments c,badges b#c.UserId=b.UserId#c.Score,=,5,c.CreationDate,<=,1409646858,b.Date,<=,1408026054#103828
comments c,badges b#c.UserId=b.UserId#c.CreationDate,<=,1410340785,b.Date,>=,1279666651,b.Date,<=,1409155154#15527659
comments c,badges b#c.UserId=b.UserId#c.CreationDate,>=,1279723653,c.CreationDate,<=,1409910086,b.Date,>=,1279665752#15710876
comments c,badges b#c.UserId=b.UserId#c.Score,=,0,b.Date,>=,1279568349,b.Date,<=,1410535892#10236928
comments c,badges b#c.UserId=b.UserId#c.CreationDate,>=,1279646449,c.CreationDate,<=,1409945618,b.Date,<=,1410639658#15744898
comments c,badges b#c.UserId=b.UserId#c.Score,=,1,c.CreationDate,>=,1279590211,b.Date,<=,1409480841#3272303
comments c,badges b#c.UserId=b.UserId#c.Score,=,0,c.CreationDate,>=,1280021823,c.CreationDate,<=,1410039570#10141245
comments c,badges b#c.UserId=b.UserId#c.CreationDate,>=,1283692117,c.CreationDate,<=,1410527562,b.Date,>=,1279819999#15682825
comments c,badges b#c.UserId=b.UserId#c.Score,=,1,c.CreationDate,<=,1410397911,b.Date,<=,1410271718#3302498
comments c,badges b#c.UserId=b.UserId#c.Score,=,1,c.CreationDate,>=,1286187232,c.CreationDate,<=,1410525042#3266036
comments c,badges b#c.UserId=b.UserId#c.CreationDate,>=,1279744955,b.Date,>=,1280251724,b.Date,<=,1410425752#15812668
comments c,badges b#c.UserId=b.UserId#c.Score,=,5,b.Date,>=,1279663647,b.Date,<=,1410551099#106938
comments c,badges b#c.UserId=b.UserId#c.Score,=,2,c.CreationDate,>=,1280436893,c.CreationDate,<=,1410313506#1325118
comments c,badges b#c.UserId=b.UserId#c.Score,=,0,b.Date,>=,1279587547,b.Date,<=,1409191310#10035722
comments c,badges b#c.UserId=b.UserId#c.Score,=,0,c.CreationDate,>=,1282241286,c.CreationDate,<=,1410601884#10161004
comments c,badges b#c.UserId=b.UserId#c.Score,=,0,c.CreationDate,>=,1281018806,c.CreationDate,<=,1409152788#10000065
comments c,badges b#c.UserId=b.UserId#c.CreationDate,>=,1281643641,c.CreationDate,<=,1410470499,b.Date,<=,1410093301#15688643
comments c,badges b#c.UserId=b.UserId#c.CreationDate,>=,1280609057,c.CreationDate,<=,1409796265,b.Date,<=,1410530781#15658469
comments c,badges b#c.UserId=b.UserId#c.Score,=,0,c.CreationDate,>=,1279705214,c.CreationDate,<=,1410405323#10206563
comments c,badges b#c.UserId=b.UserId#c.Score,=,0,c.CreationDate,<=,1410383596,b.Date,>=,1279573746#10201628
comments c,badges b#c.UserId=b.UserId#c.Score,=,0,b.Date,>=,1279570448,b.Date,<=,1408750743#9967793
comments c,badges b#c.UserId=b.UserId#c.Score,=,0,c.CreationDate,>=,1281630110,b.Date,=,1330773325#14
comments c,badges b#c.UserId=b.UserId#c.Score,=,1,b.Date,>=,1279610648,b.Date,<=,1410243938#3302901
comments c,badges b#c.UserId=b.UserId#c.Score,=,0,c.CreationDate,>=,1279676343,c.CreationDate,<=,1408860030#10000541
comments c,badges b#c.UserId=b.UserId#c.Score,=,0,c.CreationDate,>=,1280061076,b.Date,<=,1409938163#10131278
comments c,badges b#c.UserId=b.UserId#c.Score,=,0,c.CreationDate,>=,1282477942,c.CreationDate,<=,1410480840#10138959
comments c,badges b#c.UserId=b.UserId#c.CreationDate,>=,1280248963,c.CreationDate,<=,1409911785,b.Date,<=,1410490914#15690815
comments c,badges b#c.UserId=b.UserId#c.Score,=,0,c.CreationDate,<=,1410138081,b.Date,<=,1407948451#9777778
comments c,badges b#c.UserId=b.UserId#c.CreationDate,<=,1410644364,b.Date,>=,1282584054,b.Date,<=,1410196126#15593775
comments c,badges b#c.UserId=b.UserId#c.Score,=,0,c.CreationDate,>=,1279713490,b.Date,>=,1279568347#10233445
comments c,badges b#c.UserId=b.UserId#c.Score,=,0,c.CreationDate,>=,1282660082,c.CreationDate,<=,1409777101#10029049
comments c,badges b#c.UserId=b.UserId#c.CreationDate,<=,1409910150,b.Date,>=,1295018478,b.Date,<=,1408971893#14434192
comments c,badges b#c.UserId=b.UserId#c.Score,=,0,c.CreationDate,>=,1279623104,c.CreationDate,<=,1410528633#10219272
comments c,badges b#c.UserId=b.UserId#c.Score,=,0,b.Date,>=,1285852330,b.Date,<=,1409588777#9863850
comments c,badges b#c.UserId=b.UserId#c.Score,=,2,c.CreationDate,>=,1280867625,c.CreationDate,<=,1410529691#1327882
comments c,badges b#c.UserId=b.UserId#c.Score,=,0,c.CreationDate,>=,1279575724,b.Date,>=,1279609448#10226883
comments c,badges b#c.UserId=b.UserId#c.Score,=,0,c.CreationDate,>=,1283749554,b.Date,>=,1279597448#10111331
comments c,badges b#c.UserId=b.UserId#c.CreationDate,>=,1279878630,c.CreationDate,<=,1410592332,b.Date,>=,1281341671#15790983
comments c,badges b#c.UserId=b.UserId#c.CreationDate,>=,1280168812,c.CreationDate,<=,1410525042,b.Date,=,1368277002#1
comments c,badges b#c.UserId=b.UserId#c.Score,=,0,c.CreationDate,>=,1283889422,c.CreationDate,<=,1410375675#10079359
comments c,badges b#c.UserId=b.UserId#c.Score,=,4,c.CreationDate,>=,1280986401,c.CreationDate,<=,1409711452#221791
comments c,badges b#c.UserId=b.UserId#c.CreationDate,>=,1278794273,b.Date,>=,1279570147,b.Date,<=,1409344114#15631965
comments c,badges b#c.UserId=b.UserId#c.Score,=,0,b.Date,>=,1292857944,b.Date,<=,1410579014#9714293
comments c,badges b#c.UserId=b.UserId#c.Score,=,0,c.CreationDate,<=,1410544057,b.Date,>=,1279609448#10216305
comments c,badges b#c.UserId=b.UserId#c.Score,=,1,c.CreationDate,>=,1279789460,c.CreationDate,<=,1410464872#3315216
comments c,badges b#c.UserId=b.UserId#c.Score,=,0,b.Date,>=,1281560696,b.Date,<=,1410459310#10157126
comments c,badges b#c.UserId=b.UserId#c.Score,=,0,c.CreationDate,>=,1280807106,b.Date,<=,1408966036#9960420
comments c,badges b#c.UserId=b.UserId#c.CreationDate,>=,1279932050,c.CreationDate,<=,1410284950,b.Date,<=,1410279087#15745157
comments c,badges b#c.UserId=b.UserId#c.Score,=,4,b.Date,>=,1279609448,b.Date,<=,1410383314#224509
comments c,badges b#c.UserId=b.UserId#c.CreationDate,<=,1410043005,b.Date,>=,1279583347,b.Date,<=,1410631710#15761387
comments c,badges b#c.UserId=b.UserId#c.Score,=,2,c.CreationDate,<=,1410635191,b.Date,>=,1288591844#1287190
comments c,badges b#c.UserId=b.UserId#c.Score,=,0,c.CreationDate,<=,1409157048,b.Date,<=,1410379525#10016779
comments c,badges b#c.UserId=b.UserId#c.Score,=,1,c.CreationDate,<=,1410471173,b.Date,<=,1409069045#3248800
comments c,badges b#c.UserId=b.UserId#c.Score,=,0,c.CreationDate,>=,1280174061,c.CreationDate,<=,1408637345#9962143
comments c,badges b#c.UserId=b.UserId#c.CreationDate,>=,1286187768,c.CreationDate,<=,1410403716,b.Date,>=,1279635552#15505600
comments c,badges b#c.UserId=b.UserId#c.Score,=,0,c.CreationDate,>=,1279620125,b.Date,<=,1410596450#10235377
comments c,badges b#c.UserId=b.UserId#c.Score,=,0,b.Date,>=,1279726092,b.Date,<=,1409111906#10021387
comments c,badges b#c.UserId=b.UserId#c.CreationDate,>=,1279701020,c.CreationDate,<=,1410513198,b.Date,>=,1280690395#15813051
comments c,badges b#c.UserId=b.UserId#c.Score,=,0,c.CreationDate,<=,1409874358,b.Date,>=,1280280532#10097713
comments c,badges b#c.UserId=b.UserId#c.CreationDate,>=,1281438651,c.CreationDate,<=,1410543314,b.Date,<=,1407714672#15174187
comments c,badges b#c.UserId=b.UserId#c.Score,=,0,c.CreationDate,>=,1283101213,b.Date,>=,1279572846#10135134
comments c,badges b#c.UserId=b.UserId#c.CreationDate,>=,1280175474,c.CreationDate,<=,1410538612,b.Date,<=,1410451706#15829621
comments c,badges b#c.UserId=b.UserId#c.CreationDate,>=,1282391047,b.Date,>=,1280222024,b.Date,<=,1409231668#15481272
comments c,badges b#c.UserId=b.UserId#c.Score,=,0,c.CreationDate,<=,1409848725,b.Date,<=,1407631425#9707436
comments c,badges b#c.UserId=b.UserId#c.Score,=,0,b.Date,>=,1279726092,b.Date,<=,1409779999#10102232
comments c,badges b#c.UserId=b.UserId#c.CreationDate,>=,1283264469,c.CreationDate,<=,1410615160,b.Date,>=,1279575246#15740875
comments c,badges b#c.UserId=b.UserId#c.Score,=,3,c.CreationDate,>=,1282319929,c.CreationDate,<=,1410442166#530208
comments c,badges b#c.UserId=b.UserId#c.Score,=,0,b.Date,>=,1280632793,b.Date,<=,1409303138#10020988
comments c,badges b#c.UserId=b.UserId#c.Score,=,0,c.CreationDate,<=,1410535910,b.Date,<=,1408234242#9865122
comments c,badges b#c.UserId=b.UserId#c.Score,=,2,b.Date,>=,1282013024,b.Date,<=,1410490914#1320671
comments c,badges b#c.UserId=b.UserId#c.Score,=,0,c.CreationDate,>=,1279568281,c.CreationDate,<=,1410114985#10162312
comments c,badges b#c.UserId=b.UserId#c.Score,=,5,b.Date,>=,1282152546,b.Date,<=,1409820896#104936
comments c,badges b#c.UserId=b.UserId#c.Score,=,0,c.CreationDate,>=,1280203246,b.Date,<=,1409153962#10025308
comments c,badges b#c.UserId=b.UserId#c.CreationDate,<=,1410361642,b.Date,>=,1279814899,b.Date,<=,1409649785#15587719
comments c,badges b#c.UserId=b.UserId#c.Score,=,0,b.Date,>=,1279629252,b.Date,<=,1408353956#9875584
comments c,badges b#c.UserId=b.UserId#c.CreationDate,>=,1239521894,c.CreationDate,<=,1410054583,b.Date,<=,1409586984#15545432
comments c,badges b#c.UserId=b.UserId#c.Score,=,0,c.CreationDate,>=,1281037415,b.Date,<=,1410487836#10183379
comments c,badges b#c.UserId=b.UserId#c.Score,=,1,c.CreationDate,>=,1280175774,c.CreationDate,<=,1410545960#3315362
comments c,badges b#c.UserId=b.UserId#c.CreationDate,>=,1279630177,c.CreationDate,<=,1410280944,b.Date,<=,1410311590#15759188
comments c,badges b#c.UserId=b.UserId#c.Score,=,0,c.CreationDate,>=,1279638378,c.CreationDate,<=,1410360760#10194474
comments c,badges b#c.UserId=b.UserId#c.Score,=,0,c.CreationDate,>=,1281554638,c.CreationDate,<=,1410614291#10182547
comments c,badges b#c.UserId=b.UserId#c.CreationDate,>=,1280715294,c.CreationDate,<=,1410361839,b.Date,<=,1409079100#15481134
comments c,badges b#c.UserId=b.UserId#c.Score,=,3,c.CreationDate,>=,1284216980,c.CreationDate,<=,1410337869#527618
comments c,badges b#c.UserId=b.UserId#c.Score,=,0,c.CreationDate,>=,1283874066,c.CreationDate,<=,1410287485#10063289
comments c,badges b#c.UserId=b.UserId#c.CreationDate,>=,1280275861,c.CreationDate,<=,1409876279,b.Date,>=,1280195623#15671976
comments c,badges b#c.UserId=b.UserId#c.Score,=,1,c.CreationDate,>=,1281021670,c.CreationDate,<=,1410364049#3303208
comments c,badges b#c.UserId=b.UserId#c.CreationDate,=,1287591780,b.Date,>=,1279609448,b.Date,<=,1407178471#438
comments c,badges b#c.UserId=b.UserId#c.Score,=,1,c.CreationDate,>=,1286275606,b.Date,>=,1280183022#3264049
comments c,badges b#c.UserId=b.UserId#c.Score,=,0,b.Date,>=,1279636452,b.Date,<=,1409094640#10011457
comments c,badges b#c.UserId=b.UserId#c.CreationDate,>=,1280341580,b.Date,>=,1292026949,b.Date,<=,1410606964#15147884
comments c,badges b#c.UserId=b.UserId#c.Score,=,0,c.CreationDate,>=,1279740245,b.Date,<=,1409231069#10047975
comments c,badges b#c.UserId=b.UserId#c.Score,=,0,c.CreationDate,>=,1280101552,b.Date,<=,1409303138#10045831
comments c,badges b#c.UserId=b.UserId#c.CreationDate,<=,1410645693,b.Date,>=,1283402045,b.Date,<=,1408798611#15249888
comments c,badges b#c.UserId=b.UserId#c.Score,=,0,c.CreationDate,>=,1279570016,b.Date,=,1356185963#5
comments c,badges b#c.UserId=b.UserId#c.Score,=,0,b.Date,>=,1280300034,b.Date,<=,1408659604#9934729
comments c,badges b#c.UserId=b.UserId#c.CreationDate,>=,1280168675,b.Date,>=,1279568348,b.Date,<=,1410506375#15853681
comments c,badges b#c.UserId=b.UserId#c.Score,=,1,b.Date,>=,1290033325,b.Date,<=,1409674124#3142627
comments c,badges b#c.UserId=b.UserId#c.CreationDate,>=,1279583805,b.Date,>=,1279694292,b.Date,<=,1408889887#15487555
comments c,badges b#c.UserId=b.UserId#c.Score,=,0,c.CreationDate,>=,1281359348,c.CreationDate,<=,1410383323#10159958
comments c,badges b#c.UserId=b.UserId#c.Score,=,0,c.CreationDate,<=,1409314873,b.Date,>=,1281629397#9995149
comments c,badges b#c.UserId=b.UserId#c.Score,=,1,c.CreationDate,<=,1410588054,b.Date,<=,1410029425#3292832
comments c,badges b#c.UserId=b.UserId#c.Score,=,0,c.CreationDate,>=,1281044807,c.CreationDate,<=,1409990135#10107496
comments c,badges b#c.UserId=b.UserId#c.Score,=,0,c.CreationDate,>=,1284215120,c.CreationDate,<=,1410287426#10044098
comments c,badges b#c.UserId=b.UserId#c.Score,=,1,c.CreationDate,>=,1280032161,c.CreationDate,<=,1410488597#3315406
comments c,badges b#c.UserId=b.UserId#c.Score,=,1,c.CreationDate,>=,1280925040,c.CreationDate,<=,1410632617#3312035
comments c,badges b#c.UserId=b.UserId#c.CreationDate,=,1286049867,b.Date,>=,1281675000,b.Date,<=,1410419914#46
comments c,badges b#c.UserId=b.UserId#c.CreationDate,>=,1282630845,c.CreationDate,<=,1410535422,b.Date,<=,1409163769#15468511
comments c,badges b#c.UserId=b.UserId#c.Score,=,0,c.CreationDate,>=,1281599890,c.CreationDate,<=,1410363539#10149652
comments c,badges b#c.UserId=b.UserId#c.Score,=,0,b.Date,>=,1280244524,b.Date,<=,1410368999#10181946
comments c,badges b#c.UserId=b.UserId#c.Score,=,0,c.CreationDate,>=,1280098610,c.CreationDate,<=,1410639304#10223374
comments c,badges b#c.UserId=b.UserId#c.Score,=,1,c.CreationDate,>=,1280174589,b.Date,>=,1279691292#3313905
comments c,badges b#c.UserId=b.UserId#c.Score,=,0,c.CreationDate,>=,1283552531,c.CreationDate,<=,1410464769#10096639
comments c,badges b#c.UserId=b.UserId#c.Score,=,0,b.Date,>=,1279568349,b.Date,<=,1410644107#10238179
comments c,badges b#c.UserId=b.UserId#c.Score,=,0,b.Date,>=,1282630857,b.Date,<=,1409894045#9993179
comments c,badges b#c.UserId=b.UserId#c.Score,=,1,c.CreationDate,>=,1280962219,b.Date,>=,1283953651#3260252
comments c,badges b#c.UserId=b.UserId#c.CreationDate,<=,1410351741,b.Date,>=,1279609150,b.Date,<=,1407288340#15087055
comments c,badges b#c.UserId=b.UserId#c.CreationDate,=,1394833480,b.Date,>=,1280195323,b.Date,<=,1410247540#5
comments c,badges b#c.UserId=b.UserId#c.Score,=,0,b.Date,>=,1279568647,b.Date,<=,1410106640#10171299
comments c,badges b#c.UserId=b.UserId#c.Score,=,4,c.CreationDate,>=,1281335882,c.CreationDate,<=,1410659119#223644
comments c,badges b#c.UserId=b.UserId#c.Score,=,0,c.CreationDate,<=,1409851795,b.Date,<=,1409059948#9901053
comments c,badges b#c.UserId=b.UserId#c.Score,=,0,b.Date,>=,1279568348,b.Date,<=,1410304312#10195490
comments c,badges b#c.UserId=b.UserId#c.CreationDate,>=,1239521894,b.Date,>=,1281688200,b.Date,<=,1410547899#15804983
comments c,badges b#c.UserId=b.UserId#c.Score,=,0,c.CreationDate,>=,1279745770,b.Date,>=,1280222025#10206244
comments c,badges b#c.UserId=b.UserId#c.Score,=,0,c.CreationDate,>=,1280244843,c.CreationDate,<=,1410333585#10178625
comments c,badges b#c.UserId=b.UserId#c.CreationDate,>=,1281457235,c.CreationDate,<=,1407764304,b.Date,<=,1410233062#15213666
comments c,badges b#c.UserId=b.UserId#c.Score,=,0,b.Date,>=,1281133347,b.Date,<=,1408901614#9939036
comments c,badges b#c.UserId=b.UserId#c.Score,=,2,c.CreationDate,>=,1279709065,c.CreationDate,<=,1410374618#1328072
comments c,badges b#c.UserId=b.UserId#c.CreationDate,>=,1280929111,b.Date,>=,1282752067,b.Date,<=,1410176531#15518741
comments c,badges b#c.UserId=b.UserId#c.Score,=,0,c.CreationDate,>=,1280438501,c.CreationDate,<=,1410639135#10210079
comments c,badges b#c.UserId=b.UserId#c.Score,=,0,c.CreationDate,>=,1282066320,c.CreationDate,<=,1410128717#10102548
comments c,badges b#c.UserId=b.UserId#c.Score,=,0,c.CreationDate,>=,1279884729,c.CreationDate,<=,1410516065#10213558
comments c,badges b#c.UserId=b.UserId#c.Score,=,0,c.CreationDate,=,1359451791,b.Date,<=,1410329792#51
comments c,badges b#c.UserId=b.UserId#c.Score,=,0,c.CreationDate,>=,1279573890,c.CreationDate,<=,1410527209#10221596
comments c,badges b#c.UserId=b.UserId#c.Score,=,1,c.CreationDate,<=,1410526387,b.Date,>=,1281723901#3299897
comments c,badges b#c.UserId=b.UserId#c.Score,=,0,c.CreationDate,>=,1287608918,c.CreationDate,<=,1410602075#9926090
comments c,badges b#c.UserId=b.UserId#c.Score,=,0,b.Date,>=,1279568347,b.Date,<=,1410459005#10221152
comments c,badges b#c.UserId=b.UserId#c.CreationDate,>=,1280968562,c.CreationDate,<=,1409932687,b.Date,<=,1410482618#15668866
comments c,badges b#c.UserId=b.UserId#c.Score,=,0,c.CreationDate,>=,1280340653,c.CreationDate,<=,1410633806#10211972
comments c,badges b#c.UserId=b.UserId#c.Score,=,0,c.CreationDate,>=,1280942716,c.CreationDate,<=,1410111278#10125821
comments c,badges b#c.UserId=b.UserId#c.Score,=,0,b.Date,>=,1287567826,b.Date,<=,1409864918#9816815
comments c,badges b#c.UserId=b.UserId#c.Score,=,1,c.CreationDate,>=,1281305203,b.Date,<=,1410179364#3290125
comments c,badges b#c.UserId=b.UserId#c.Score,=,0,c.CreationDate,>=,1282224511,c.CreationDate,<=,1410317976#10125492
comments c,badges b#c.UserId=b.UserId#c.Score,=,1,b.Date,>=,1283995055,b.Date,<=,1409128236#3208196
comments c,badges b#c.UserId=b.UserId#c.Score,=,0,b.Date,>=,1280264626,b.Date,<=,1410377494#10181823
comments c,badges b#c.UserId=b.UserId#c.Score,=,0,c.CreationDate,<=,1410362787,b.Date,=,1396224249#9
comments c,badges b#c.UserId=b.UserId#c.Score,=,1,b.Date,>=,1279708092,b.Date,<=,1410110808#3297253
comments c,badges b#c.UserId=b.UserId#c.Score,=,0,c.CreationDate,=,1382576794,b.Date,>=,1279725792#13
comments c,badges b#c.UserId=b.UserId#c.Score,=,0,c.CreationDate,>=,1279572205,c.CreationDate,<=,1410212330#10176229
comments c,badges b#c.UserId=b.UserId#c.Score,=,0,c.CreationDate,>=,1279622885,c.CreationDate,<=,1410509889#10218058
comments c,badges b#c.UserId=b.UserId#c.Score,=,0,b.Date,>=,1284184768,b.Date,<=,1410546094#10061601
comments c,badges b#c.UserId=b.UserId#c.Score,=,0,c.CreationDate,>=,1280089576,c.CreationDate,<=,1409923589#10122582
comments c,badges b#c.UserId=b.UserId#c.CreationDate,>=,1282817221,c.CreationDate,<=,1410474468,b.Date,>=,1280301234#15700017
comments c,badges b#c.UserId=b.UserId#c.Score,=,0,c.CreationDate,>=,1280940846,b.Date,>=,1280396945#10172016
comments c,badges b#c.UserId=b.UserId#c.Score,=,0,c.CreationDate,>=,1279569040,b.Date,>=,1279603149#10229626
comments c,badges b#c.UserId=b.UserId#c.Score,=,0,c.CreationDate,<=,1410044115,b.Date,>=,1282341879#10025710
comments c,badges b#c.UserId=b.UserId#c.CreationDate,>=,1279800726,c.CreationDate,<=,1410468348,b.Date,<=,1410646514#15856659
comments c,badges b#c.UserId=b.UserId#c.Score,=,0,b.Date,>=,1282879887,b.Date,<=,1410445986#10064715
comments c,badges b#c.UserId=b.UserId#c.Score,=,0,c.CreationDate,<=,1410252216,b.Date,<=,1409475339#10021705
comments c,badges b#c.UserId=b.UserId#c.Score,=,0,c.CreationDate,>=,1282144978,c.CreationDate,<=,1410380749#10140850
comments c,badges b#c.UserId=b.UserId#c.Score,=,1,b.Date,>=,1280781011,b.Date,<=,1409975958#3282463
comments c,badges b#c.UserId=b.UserId#c.Score,=,0,c.CreationDate,>=,1281019287,c.CreationDate,<=,1409446954#10029015
comments c,badges b#c.UserId=b.UserId#c.Score,=,0,c.CreationDate,>=,1233585964,c.CreationDate,<=,1407455715#9835098
comments c,badges b#c.UserId=b.UserId#c.Score,=,0,c.CreationDate,>=,1280345032,b.Date,<=,1410200554#10161811
comments c,badges b#c.UserId=b.UserId#c.CreationDate,>=,1279576487,c.CreationDate,<=,1410450810,b.Date,<=,1407783771#15240230
comments c,badges b#c.UserId=b.UserId#c.Score,=,0,b.Date,>=,1284732246,b.Date,<=,1410336822#10010729
comments c,badges b#c.UserId=b.UserId#c.Score,=,0,c.CreationDate,>=,1286810328,c.CreationDate,<=,1410636177#9981006
comments c,badges b#c.UserId=b.UserId#c.Score,=,0,c.CreationDate,>=,1281610138,c.CreationDate,<=,1409323442#10007437
comments c,badges b#c.UserId=b.UserId#c.CreationDate,>=,1280746874,c.CreationDate,<=,1410380420,b.Date,<=,1409867322#15631968
comments c,badges b#c.UserId=b.UserId#c.Score,=,1,b.Date,>=,1279689492,b.Date,<=,1408851149#3237959
comments c,badges b#c.UserId=b.UserId#c.Score,=,0,c.CreationDate,>=,1281353689,c.CreationDate,<=,1410456781#10169568
comments c,badges b#c.UserId=b.UserId#c.CreationDate,>=,1279641609,c.CreationDate,<=,1410285527,b.Date,<=,1410333074#15762604
comments c,badges b#c.UserId=b.UserId#c.Score,=,0,b.Date,>=,1279900108,b.Date,<=,1409771705#10099329
comments c,badges b#c.UserId=b.UserId#c.Score,=,0,b.Date,>=,1285873335,b.Date,<=,1408116388#9650822
comments c,badges b#c.UserId=b.UserId#c.Score,=,0,c.CreationDate,>=,1279904603,c.CreationDate,<=,1409930762#10127780
comments c,badges b#c.UserId=b.UserId#c.Score,=,0,c.CreationDate,>=,1282164913,c.CreationDate,<=,1410529636#10157235
comments c,badges b#c.UserId=b.UserId#c.CreationDate,>=,1280103900,b.Date,>=,1279909408,b.Date,<=,1410491214#15824621
comments c,badges b#c.UserId=b.UserId#c.Score,=,0,b.Date,>=,1279609448,b.Date,<=,1410599655#10227530
comments c,badges b#c.UserId=b.UserId#c.CreationDate,>=,1283822078,c.CreationDate,<=,1410391373,b.Date,=,1281950612#8
comments c,badges b#c.UserId=b.UserId#c.Score,=,0,c.CreationDate,>=,1281298662,c.CreationDate,<=,1410378566#10161395
comments c,badges b#c.UserId=b.UserId#c.Score,=,0,b.Date,>=,1286656725,b.Date,<=,1410036125#9909826
comments c,badges b#c.UserId=b.UserId#c.Score,=,0,b.Date,>=,1287737913,b.Date,<=,1410389706#9899820
comments c,badges b#c.UserId=b.UserId#c.Score,=,0,c.CreationDate,>=,1279820172,b.Date,>=,1292098960#9745653
comments c,badges b#c.UserId=b.UserId#c.Score,=,2,c.CreationDate,>=,1280327389,c.CreationDate,<=,1410132527#1321062
comments c,badges b#c.UserId=b.UserId#c.Score,=,1,b.Date,>=,1284172167,b.Date,<=,1409844247#3230719
comments c,badges b#c.UserId=b.UserId#c.Score,=,4,b.Date,>=,1279636452,b.Date,<=,1410593523#224792
comments c,badges b#c.UserId=b.UserId#c.Score,=,0,c.CreationDate,>=,1280412665,c.CreationDate,<=,1410344013#10172784
comments c,badges b#c.UserId=b.UserId#c.CreationDate,>=,1279574287,c.CreationDate,<=,1410195550,b.Date,<=,1410078769#15702467
comments c,badges b#c.UserId=b.UserId#c.Score,=,0,c.CreationDate,>=,1278791046,b.Date,>=,1283576073#10072399
comments c,badges b#c.UserId=b.UserId#c.CreationDate,<=,1410635758,b.Date,>=,1279589347,b.Date,<=,1410363929#15834236
comments c,badges b#c.UserId=b.UserId#c.Score,=,1,c.CreationDate,>=,1279643025,c.CreationDate,<=,1409285897#3265365
comments c,badges b#c.UserId=b.UserId#c.CreationDate,>=,1279575528,b.Date,>=,1279569547,b.Date,<=,1410443404#15866203
comments c,badges b#c.UserId=b.UserId#c.Score,=,3,b.Date,>=,1285298358,b.Date,<=,1406289852#496249
comments c,badges b#c.UserId=b.UserId#c.Score,=,0,c.CreationDate,>=,1280168166,b.Date,>=,1279568349#10224304
comments c,badges b#c.UserId=b.UserId#c.Score,=,0,b.Date,>=,1280840116,b.Date,<=,1409323033#10018219
comments c,badges b#c.UserId=b.UserId#c.Score,=,1,c.CreationDate,>=,1280868069,c.CreationDate,<=,1410527930#3310702
comments c,badges b#c.UserId=b.UserId#c.Score,=,0,c.CreationDate,>=,1279715998,c.CreationDate,<=,1410527993#10216952
comments c,badges b#c.UserId=b.UserId#c.Score,=,0,b.Date,>=,1280345035,b.Date,<=,1410446893#10186584
comments c,badges b#c.UserId=b.UserId#c.Score,=,0,b.Date,>=,1301072699,b.Date,<=,1410343995#9341396
comments c,badges b#c.UserId=b.UserId#c.CreationDate,>=,1280222079,b.Date,>=,1284024784,b.Date,<=,1410268769#15544390
comments c,badges b#c.UserId=b.UserId#c.Score,=,0,b.Date,>=,1279568947,b.Date,<=,1410019748#10147220
comments c,badges b#c.UserId=b.UserId#c.CreationDate,>=,1279569066,b.Date,>=,1288011017,b.Date,<=,1409893456#15243293
comments c,badges b#c.UserId=b.UserId#c.Score,=,0,c.CreationDate,=,1353616759,b.Date,>=,1280458163#7
comments c,badges b#c.UserId=b.UserId#c.Score,=,0,b.Date,>=,1294420854,b.Date,<=,1410179364#9600917
comments c,badges b#c.UserId=b.UserId#c.Score,=,0,c.CreationDate,>=,1279683071,c.CreationDate,<=,1410636177#10230260
comments c,badges b#c.UserId=b.UserId#c.CreationDate,>=,1279701020,b.Date,>=,1297435929,b.Date,<=,1410083732#14694124
comments c,badges b#c.UserId=b.UserId#c.Score,=,0,c.CreationDate,>=,1288515971,b.Date,<=,1406746454#9300127
comments c,badges b#c.UserId=b.UserId#c.CreationDate,>=,1279892489,b.Date,>=,1290031525,b.Date,<=,1410481431#15223910
comments c,badges b#c.UserId=b.UserId#c.Score,=,1,c.CreationDate,>=,1282010428,c.CreationDate,<=,1410450601#3303145
comments c,badges b#c.UserId=b.UserId#c.Score,=,0,b.Date,>=,1279586947,b.Date,<=,1409352411#10054599
comments c,badges b#c.UserId=b.UserId#c.CreationDate,>=,1283171848,c.CreationDate,<=,1410193722,b.Date,>=,1287835488#15191983
comments c,badges b#c.UserId=b.UserId#c.Score,=,1,c.CreationDate,>=,1280389381,c.CreationDate,<=,1410602542#3314687
comments c,badges b#c.UserId=b.UserId#c.Score,=,0,c.CreationDate,>=,1233596841,c.CreationDate,<=,1410402267#10210660
comments c,badges b#c.UserId=b.UserId#c.CreationDate,>=,1282135274,b.Date,>=,1280338134,b.Date,<=,1410234845#15685888
comments c,badges b#c.UserId=b.UserId#c.Score,=,5,c.CreationDate,>=,1280420038,c.CreationDate,<=,1410597484#106610
comments c,badges b#c.UserId=b.UserId#c.CreationDate,>=,1283534745,c.CreationDate,<=,1410191888,b.Date,<=,1409266987#15367272
comments c,badges b#c.UserId=b.UserId#c.Score,=,0,c.CreationDate,>=,1286433603,b.Date,=,1354635837#38
comments c,badges b#c.UserId=b.UserId#c.Score,=,0,c.CreationDate,>=,1284358570,c.CreationDate,<=,1410363944#10055097
comments c,badges b#c.UserId=b.UserId#c.Score,=,0,b.Date,>=,1283959052,b.Date,<=,1407800666#9657683
comments c,badges b#c.UserId=b.UserId#c.Score,=,0,b.Date,>=,1288407626,b.Date,<=,1409785862#9788276
comments c,badges b#c.UserId=b.UserId#c.Score,=,0,c.CreationDate,>=,1282220328,c.CreationDate,<=,1410209403#10104977
comments c,badges b#c.UserId=b.UserId#c.Score,=,4,c.CreationDate,>=,1279571979,c.CreationDate,<=,1409408051#222465
comments c,badges b#c.UserId=b.UserId#c.CreationDate,>=,1279569810,c.CreationDate,<=,1410397280,b.Date,=,1376597182#76
comments c,badges b#c.UserId=b.UserId#c.Score,=,1,c.CreationDate,<=,1410615056,b.Date,>=,1279571047#3320826
comments c,badges b#c.UserId=b.UserId#c.Score,=,1,c.CreationDate,<=,1410522519,b.Date,>=,1279604349#3316946
comments c,badges b#c.UserId=b.UserId#c.Score,=,0,c.CreationDate,<=,1410386515,b.Date,>=,1279568947#10203838
comments c,badges b#c.UserId=b.UserId#c.Score,=,1,c.CreationDate,>=,1280279173,c.CreationDate,<=,1410552507#3313989
comments c,badges b#c.UserId=b.UserId#c.Score,=,0,c.CreationDate,>=,1280173823,b.Date,=,1367512958#1
comments c,badges b#c.UserId=b.UserId#c.CreationDate,<=,1410285358,b.Date,>=,1280174622,b.Date,<=,1409889242#15628295
comments c,badges b#c.UserId=b.UserId#c.Score,=,1,b.Date,>=,1279574646,b.Date,<=,1407888830#3192102
comments c,badges b#c.UserId=b.UserId#c.Score,=,1,c.CreationDate,>=,1279814917,c.CreationDate,<=,1409940819#3287210
comments c,badges b#c.UserId=b.UserId#c.Score,=,0,b.Date,>=,1279575847,b.Date,<=,1410033200#10145386
comments c,badges b#c.UserId=b.UserId#c.CreationDate,>=,1280012942,c.CreationDate,<=,1410597062,b.Date,<=,1410372448#15837037
comments c,badges b#c.UserId=b.UserId#c.Score,=,0,c.CreationDate,=,1301414501,b.Date,>=,1280163522#456
comments c,badges b#c.UserId=b.UserId#c.CreationDate,=,1402416965,b.Date,>=,1280175822,b.Date,<=,1410235146#9
comments c,badges b#c.UserId=b.UserId#c.Score,=,0,c.CreationDate,>=,1279584760,c.CreationDate,<=,1409908837#10131564
comments c,badges b#c.UserId=b.UserId#c.CreationDate,>=,1281080845,b.Date,>=,1279568946,b.Date,<=,1409559192#15597699
comments c,badges b#c.UserId=b.UserId#c.CreationDate,>=,1279579979,b.Date,>=,1287861955,b.Date,<=,1410477253#15380548
comments c,badges b#c.UserId=b.UserId#c.Score,=,0,c.CreationDate,>=,1279624495,c.CreationDate,<=,1410642637#10233652
comments c,badges b#c.UserId=b.UserId#c.Score,=,0,c.CreationDate,<=,1410389195,b.Date,<=,1410184503#10145241
comments c,badges b#c.UserId=b.UserId#c.CreationDate,>=,1279798700,b.Date,>=,1279573146,b.Date,<=,1409924576#15732317
comments c,badges b#c.UserId=b.UserId#c.CreationDate,>=,1280788725,c.CreationDate,<=,1410300991,b.Date,>=,1280344435#15738719
comments c,badges b#c.UserId=b.UserId#c.Score,=,2,c.CreationDate,>=,1280982892,c.CreationDate,<=,1410376489#1325779
comments c,badges b#c.UserId=b.UserId#c.Score,=,0,c.CreationDate,>=,1283355962,c.CreationDate,<=,1409577682#9976526
comments c,badges b#c.UserId=b.UserId#c.Score,=,1,b.Date,>=,1279819999,b.Date,<=,1410446887#3312390
comments c,badges b#c.UserId=b.UserId#c.Score,=,0,c.CreationDate,<=,1410628154,b.Date,=,1288591844#1471
comments c,badges b#c.UserId=b.UserId#c.CreationDate,>=,1280043693,c.CreationDate,<=,1409067099,b.Date,<=,1410646514#15568684
comments c,badges b#c.UserId=b.UserId#c.Score,=,1,c.CreationDate,>=,1281006822,c.CreationDate,<=,1410528488#3308282
comments c,badges b#c.UserId=b.UserId#c.CreationDate,=,1347085645,b.Date,>=,1280214224,b.Date,<=,1408027624#73
comments c,badges b#c.UserId=b.UserId#c.Score,=,0,b.Date,>=,1280213624,b.Date,<=,1410017245#10123686
comments c,badges b#c.UserId=b.UserId#c.CreationDate,>=,1279793091,c.CreationDate,<=,1410546781,b.Date,>=,1282239268#15677189
comments c,badges b#c.UserId=b.UserId#c.CreationDate,>=,1280881263,b.Date,>=,1280173122,b.Date,<=,1409990641#15679753
comments c,badges b#c.UserId=b.UserId#c.Score,=,0,c.CreationDate,<=,1410646831,b.Date,>=,1279607950#10227434
comments c,badges b#c.UserId=b.UserId#c.CreationDate,<=,1410174412,b.Date,>=,1279572846,b.Date,<=,1408901614#15407673
comments c,badges b#c.UserId=b.UserId#c.Score,=,1,b.Date,>=,1279737492,b.Date,<=,1410379226#3310887
comments c,badges b#c.UserId=b.UserId#c.Score,=,0,b.Date,>=,1279609150,b.Date,<=,1408713894#9960176
comments c,badges b#c.UserId=b.UserId#c.CreationDate,>=,1280256328,c.CreationDate,<=,1410442971,b.Date,<=,1410355833#15781860
comments c,badges b#c.UserId=b.UserId#c.Score,=,0,c.CreationDate,<=,1410609616,b.Date,>=,1279609150#10222819
comments c,badges b#c.UserId=b.UserId#c.CreationDate,>=,1287074464,b.Date,>=,1280222025,b.Date,<=,1410505750#15449001
comments c,badges b#c.UserId=b.UserId#c.Score,=,0,c.CreationDate,=,1405873532,b.Date,<=,1410445700#1
comments c,badges b#c.UserId=b.UserId#c.Score,=,0,c.CreationDate,>=,1280342504,c.CreationDate,<=,1410536586#10201303
comments c,badges b#c.UserId=b.UserId#c.CreationDate,>=,1236111074,b.Date,>=,1280174322,b.Date,<=,1407783087#15237491
comments c,postHistory ph#c.UserId=ph.UserId#c.Score,=,0,c.CreationDate,>=,1279567824,ph.PostHistoryTypeId,=,5#71769244
comments c,postHistory ph#c.UserId=ph.UserId#ph.PostHistoryTypeId,=,5,ph.CreationDate,>=,1308145636,ph.CreationDate,<=,1407322321#98692811
comments c,postHistory ph#c.UserId=ph.UserId#c.CreationDate,<=,1410629594,ph.PostHistoryTypeId,=,3,ph.CreationDate,<=,1404332604#1710080
comments c,postHistory ph#c.UserId=ph.UserId#c.Score,=,0,c.CreationDate,>=,1279569500,c.CreationDate,<=,1410427226#166853857
comments c,postHistory ph#c.UserId=ph.UserId#c.CreationDate,=,1408571634,ph.PostHistoryTypeId,=,1,ph.CreationDate,<=,1408899876#1
comments c,postHistory ph#c.UserId=ph.UserId#c.Score,=,0,c.CreationDate,<=,1410606273,ph.PostHistoryTypeId,=,1#1457512
comments c,postHistory ph#c.UserId=ph.UserId#c.CreationDate,<=,1410428153,ph.CreationDate,>=,1287563086,ph.CreationDate,<=,1410355194#256631298
comments c,postHistory ph#c.UserId=ph.UserId#c.Score,=,0,c.CreationDate,>=,1282224723,ph.CreationDate,<=,1409853591#164541307
comments c,postHistory ph#c.UserId=ph.UserId#c.Score,=,0,c.CreationDate,>=,1283525321,ph.PostHistoryTypeId,=,2#35660442
comments c,postHistory ph#c.UserId=ph.UserId#c.Score,=,0,ph.PostHistoryTypeId,=,2,ph.CreationDate,>=,1298499545#32464321
comments c,postHistory ph#c.UserId=ph.UserId#c.Score,=,0,c.CreationDate,<=,1410098249,ph.PostHistoryTypeId,=,3#1449998
comments c,postHistory ph#c.UserId=ph.UserId#c.Score,=,1,ph.CreationDate,>=,1296010402,ph.CreationDate,<=,1408458898#52336260
comments c,postHistory ph#c.UserId=ph.UserId#c.Score,=,0,c.CreationDate,>=,1281401788,ph.CreationDate,=,1372704609#304
comments c,postHistory ph#c.UserId=ph.UserId#c.Score,=,0,ph.PostHistoryTypeId,=,4,ph.CreationDate,<=,1406042519#16185516
comments c,postHistory ph#c.UserId=ph.UserId#c.CreationDate,>=,1279720892,c.CreationDate,<=,1410071089,ph.PostHistoryTypeId,=,2#54162091
comments c,postHistory ph#c.UserId=ph.UserId#c.Score,=,0,c.CreationDate,<=,1410546476,ph.CreationDate,>=,1280782081#166929584
comments c,postHistory ph#c.UserId=ph.UserId#c.Score,=,0,c.CreationDate,<=,1409424682,ph.PostHistoryTypeId,=,2#35242885
comments c,postHistory ph#c.UserId=ph.UserId#c.CreationDate,>=,1281385287,c.CreationDate,<=,1410211621,ph.CreationDate,<=,1407873496#251184721
comments c,postHistory ph#c.UserId=ph.UserId#c.CreationDate,>=,1282305457,c.CreationDate,<=,1410430127,ph.PostHistoryTypeId,=,1#1767830
comments c,postHistory ph#c.UserId=ph.UserId#c.Score,=,3,c.CreationDate,>=,1280245594,c.CreationDate,<=,1410284950#8902825
comments c,postHistory ph#c.UserId=ph.UserId#c.Score,=,1,c.CreationDate,>=,1280952887,c.CreationDate,<=,1409958571#55715585
comments c,postHistory ph#c.UserId=ph.UserId#c.CreationDate,>=,1279579353,c.CreationDate,<=,1410507843,ph.PostHistoryTypeId,=,4#26276862
comments c,postHistory ph#c.UserId=ph.UserId#c.CreationDate,<=,1410644749,ph.PostHistoryTypeId,=,6,ph.CreationDate,>=,1234516939#32770427
comments c,postHistory ph#c.UserId=ph.UserId#c.CreationDate,>=,1281342762,c.CreationDate,<=,1410473786,ph.PostHistoryTypeId,=,2#54387510
comments c,postHistory ph#c.UserId=ph.UserId#c.CreationDate,>=,1281625405,ph.PostHistoryTypeId,=,2,ph.CreationDate,<=,1408894514#53359015
comments c,postHistory ph#c.UserId=ph.UserId#c.CreationDate,<=,1410386757,ph.CreationDate,>=,1296237675,ph.CreationDate,<=,1407108303#238954989
comments c,postHistory ph#c.UserId=ph.UserId#c.CreationDate,>=,1239522423,c.CreationDate,<=,1409685046,ph.PostHistoryTypeId,=,3#1776848
comments c,postHistory ph#c.UserId=ph.UserId#c.Score,=,0,c.CreationDate,<=,1410360760,ph.PostHistoryTypeId,=,16#3824561
comments c,postHistory ph#c.UserId=ph.UserId#c.Score,=,0,c.CreationDate,>=,1280420686,ph.PostHistoryTypeId,=,1#1453783
comments c,postHistory ph#c.UserId=ph.UserId#c.CreationDate,=,1282143108,ph.CreationDate,>=,1279569045,ph.CreationDate,<=,1410436119#7073
comments c,postHistory ph#c.UserId=ph.UserId#c.Score,=,2,c.CreationDate,<=,1410318366,ph.PostHistoryTypeId,=,5#9257023
comments c,postHistory ph#c.UserId=ph.UserId#c.CreationDate,>=,1283343346,c.CreationDate,<=,1410312519,ph.PostHistoryTypeId,=,2#54093369
comments c,postHistory ph#c.UserId=ph.UserId#c.CreationDate,>=,1281381821,ph.CreationDate,>=,1287193495,ph.CreationDate,<=,1408007309#248854520
comments c,postHistory ph#c.UserId=ph.UserId#c.Score,=,1,c.CreationDate,<=,1410537053,ph.PostHistoryTypeId,=,5#23790323
comments c,postHistory ph#c.UserId=ph.UserId#c.CreationDate,<=,1410436533,ph.PostHistoryTypeId,=,2,ph.CreationDate,>=,1292591720#50474059
comments c,postHistory ph#c.UserId=ph.UserId#c.Score,=,0,ph.PostHistoryTypeId,=,1,ph.CreationDate,<=,1405334819#1396794
comments c,postHistory ph#c.UserId=ph.UserId#c.CreationDate,<=,1410368736,ph.PostHistoryTypeId,=,2,ph.CreationDate,>=,1279574722#54435608
comments c,postHistory ph#c.UserId=ph.UserId#c.Score,=,0,c.CreationDate,>=,1279822489,c.CreationDate,<=,1410451321#166803029
comments c,postHistory ph#c.UserId=ph.UserId#c.Score,=,1,ph.PostHistoryTypeId,=,5,ph.CreationDate,<=,1410633871#23807030
comments c,postHistory ph#c.UserId=ph.UserId#c.Score,=,0,c.CreationDate,>=,1281630110,ph.PostHistoryTypeId,=,2#35791695
comments c,postHistory ph#c.UserId=ph.UserId#c.CreationDate,>=,1279606128,c.CreationDate,<=,1410290885,ph.PostHistoryTypeId,=,1#1788469
comments c,postHistory ph#c.UserId=ph.UserId#c.Score,=,0,ph.PostHistoryTypeId,=,5,ph.CreationDate,>=,1280607423#71734275
comments c,postHistory ph#c.UserId=ph.UserId#ph.PostHistoryTypeId,=,2,ph.CreationDate,>=,1288477490,ph.CreationDate,<=,1408991291#50877123
comments c,postHistory ph#c.UserId=ph.UserId#c.Score,=,0,ph.PostHistoryTypeId,=,2,ph.CreationDate,>=,1279627196#35868183
comments c,postHistory ph#c.UserId=ph.UserId#c.CreationDate,<=,1410239736,ph.CreationDate,>=,1280398957,ph.CreationDate,<=,1404920294#243490364
comments c,postHistory ph#c.UserId=ph.UserId#c.Score,=,0,c.CreationDate,>=,1280172981,ph.PostHistoryTypeId,=,2#35863323
comments c,postHistory ph#c.UserId=ph.UserId#c.Score,=,0,ph.PostHistoryTypeId,=,2,ph.CreationDate,>=,1285584317#34863611
comments c,postHistory ph#c.UserId=ph.UserId#c.Score,=,0,c.CreationDate,>=,1280274077,ph.PostHistoryTypeId,=,10#8761467
comments c,postHistory ph#c.UserId=ph.UserId#c.Score,=,0,ph.CreationDate,>=,1297866158,ph.CreationDate,<=,1408052903#153604766
comments c,postHistory ph#c.UserId=ph.UserId#c.Score,=,0,ph.PostHistoryTypeId,=,2,ph.CreationDate,>=,1305882362#31093630
comments c,postHistory ph#c.UserId=ph.UserId#c.CreationDate,>=,1236118484,ph.PostHistoryTypeId,=,2,ph.CreationDate,>=,1280922493#54441778
comments c,postHistory ph#c.UserId=ph.UserId#c.Score,=,0,c.CreationDate,<=,1410518405,ph.PostHistoryTypeId,=,5#71639733
comments c,postHistory ph#c.UserId=ph.UserId#c.CreationDate,>=,1281063661,c.CreationDate,<=,1409801868,ph.PostHistoryTypeId,=,1#1766517
comments c,postHistory ph#c.UserId=ph.UserId#c.Score,=,0,ph.PostHistoryTypeId,=,2,ph.CreationDate,<=,1409144238#35245135
comments c,postHistory ph#c.UserId=ph.UserId#ph.PostHistoryTypeId,=,2,ph.CreationDate,>=,1285834091,ph.CreationDate,<=,1408448111#51546326
comments c,postHistory ph#c.UserId=ph.UserId#c.Score,=,0,c.CreationDate,<=,1410522491,ph.CreationDate,>=,1291945452#161431859
comments c,postHistory ph#c.UserId=ph.UserId#c.CreationDate,>=,1280242740,c.CreationDate,<=,1409161071,ph.PostHistoryTypeId,=,1#1763106
comments c,postHistory ph#c.UserId=ph.UserId#c.Score,=,0,c.CreationDate,<=,1409672872,ph.CreationDate,=,1351017662#6
comments c,postHistory ph#c.UserId=ph.UserId#c.Score,=,0,c.CreationDate,>=,1280088455,ph.CreationDate,>=,1281597729#166728468
comments c,postHistory ph#c.UserId=ph.UserId#c.CreationDate,>=,1280704634,c.CreationDate,<=,1410376489,ph.CreationDate,<=,1408299909#253608133
comments c,postHistory ph#c.UserId=ph.UserId#c.CreationDate,<=,1410383323,ph.PostHistoryTypeId,=,1,ph.CreationDate,>=,1282559394#1724615
comments c,postHistory ph#c.UserId=ph.UserId#c.CreationDate,>=,1286373617,c.CreationDate,<=,1410243593,ph.PostHistoryTypeId,=,1#1727730
comments c,postHistory ph#c.UserId=ph.UserId#ph.PostHistoryTypeId,=,1,ph.CreationDate,>=,1279736293,ph.CreationDate,<=,1406534867#1734107
comments c,postHistory ph#c.UserId=ph.UserId#ph.PostHistoryTypeId,=,2,ph.CreationDate,>=,1289462395,ph.CreationDate,<=,1405786482#48617794
comments c,postHistory ph#c.UserId=ph.UserId#c.CreationDate,>=,1280606257,c.CreationDate,<=,1409710721,ph.PostHistoryTypeId,=,5#109618934
comments c,postHistory ph#c.UserId=ph.UserId#c.Score,=,0,ph.PostHistoryTypeId,=,3,ph.CreationDate,<=,1409706576#1447391
comments c,postHistory ph#c.UserId=ph.UserId#c.Score,=,0,ph.PostHistoryTypeId,=,3,ph.CreationDate,<=,1409262016#1443791
comments c,postHistory ph#c.UserId=ph.UserId#c.CreationDate,>=,1281141373,ph.PostHistoryTypeId,=,1,ph.CreationDate,<=,1407435695#1739137
comments c,postHistory ph#c.UserId=ph.UserId#c.CreationDate,>=,1280228090,ph.CreationDate,>=,1279642216,ph.CreationDate,<=,1406032992#247798675
comments c,postHistory ph#c.UserId=ph.UserId#ph.PostHistoryTypeId,=,2,ph.CreationDate,>=,1291064050,ph.CreationDate,<=,1408638803#49930614
comments c,postHistory ph#c.UserId=ph.UserId#c.Score,=,0,ph.PostHistoryTypeId,=,2,ph.CreationDate,>=,1280607423#35789741
comments c,postHistory ph#c.UserId=ph.UserId#c.Score,=,0,c.CreationDate,<=,1410554947,ph.CreationDate,<=,1402859816#151525304
comments c,postHistory ph#c.UserId=ph.UserId#c.Score,=,0,c.CreationDate,<=,1410628154,ph.PostHistoryTypeId,=,1#1457640
comments c,postHistory ph#c.UserId=ph.UserId#c.Score,=,0,c.CreationDate,>=,1284465258,ph.PostHistoryTypeId,=,5#71114093
comments c,postHistory ph#c.UserId=ph.UserId#c.Score,=,0,c.CreationDate,>=,1279645203,c.CreationDate,<=,1410488084#166928801
comments c,postHistory ph#c.UserId=ph.UserId#ph.PostHistoryTypeId,=,16,ph.CreationDate,>=,1290967619,ph.CreationDate,<=,1409682532#6376106
comments c,postHistory ph#c.UserId=ph.UserId#ph.PostHistoryTypeId,=,3,ph.CreationDate,>=,1281591068,ph.CreationDate,<=,1409055522#1747368
comments c,postHistory ph#c.UserId=ph.UserId#c.Score,=,1,c.CreationDate,<=,1409069752,ph.PostHistoryTypeId,=,3#218243
comments c,postHistory ph#c.UserId=ph.UserId#c.CreationDate,<=,1410296472,ph.PostHistoryTypeId,=,3,ph.CreationDate,>=,1293503722#1603677
comments c,postHistory ph#c.UserId=ph.UserId#c.CreationDate,>=,1279991443,ph.PostHistoryTypeId,=,5,ph.CreationDate,>=,1298489119#106539575
comments c,postHistory ph#c.UserId=ph.UserId#c.Score,=,0,ph.CreationDate,>=,1322354160,ph.CreationDate,<=,1409995984#137959455
comments c,postHistory ph#c.UserId=ph.UserId#c.CreationDate,>=,1279878630,ph.PostHistoryTypeId,=,4,ph.CreationDate,>=,1296940737#25195087
comments c,postHistory ph#c.UserId=ph.UserId#c.CreationDate,>=,1280381737,ph.PostHistoryTypeId,=,5,ph.CreationDate,<=,1409681059#109863367
comments c,postHistory ph#c.UserId=ph.UserId#c.CreationDate,>=,1283886727,c.CreationDate,<=,1410533029,ph.CreationDate,>=,1279717140#259948758
comments c,postHistory ph#c.UserId=ph.UserId#c.Score,=,0,c.CreationDate,>=,1280088604,c.CreationDate,<=,1410538053#166841943
comments c,postHistory ph#c.UserId=ph.UserId#c.Score,=,3,ph.PostHistoryTypeId,=,2,ph.CreationDate,<=,1404377313#1568276
comments c,postHistory ph#c.UserId=ph.UserId#ph.PostHistoryTypeId,=,3,ph.CreationDate,>=,1289494868,ph.CreationDate,<=,1409318182#1624527
comments c,postHistory ph#c.UserId=ph.UserId#c.CreationDate,>=,1279768981,c.CreationDate,<=,1410355808,ph.CreationDate,>=,1290769249#253936472
comments c,postHistory ph#c.UserId=ph.UserId#c.CreationDate,>=,1281722727,c.CreationDate,<=,1410474883,ph.PostHistoryTypeId,=,2#54361940
comments c,postHistory ph#c.UserId=ph.UserId#c.CreationDate,<=,1409843812,ph.CreationDate,>=,1281610005,ph.CreationDate,<=,1409755485#256352749
comments c,postHistory ph#c.UserId=ph.UserId#c.Score,=,0,c.CreationDate,>=,1279579353,c.CreationDate,<=,1410628718#167224725
comments c,postHistory ph#c.UserId=ph.UserId#c.CreationDate,>=,1279568310,c.CreationDate,<=,1409042938,ph.PostHistoryTypeId,=,1#1765731
comments c,postHistory ph#c.UserId=ph.UserId#c.CreationDate,>=,1279659073,ph.PostHistoryTypeId,=,5,ph.CreationDate,>=,1279582004#111451173
comments c,postHistory ph#c.UserId=ph.UserId#c.CreationDate,>=,1281644174,c.CreationDate,<=,1410633660,ph.CreationDate,>=,1291503754#253443582
comments c,postHistory ph#c.UserId=ph.UserId#c.CreationDate,>=,1283274775,c.CreationDate,<=,1410423576,ph.PostHistoryTypeId,=,1#1761579
comments c,postHistory ph#c.UserId=ph.UserId#c.CreationDate,<=,1410270891,ph.PostHistoryTypeId,=,5,ph.CreationDate,>=,1279626855#110838255
comments c,postHistory ph#c.UserId=ph.UserId#c.Score,=,0,ph.PostHistoryTypeId,=,3,ph.CreationDate,<=,1408214494#1431862
comments c,postHistory ph#c.UserId=ph.UserId#c.Score,=,0,ph.CreationDate,>=,1295546788,ph.CreationDate,<=,1409676100#157776567
comments c,postHistory ph#c.UserId=ph.UserId#c.Score,=,0,c.CreationDate,>=,1280729601,ph.PostHistoryTypeId,=,3#1452744
comments c,postHistory ph#c.UserId=ph.UserId#c.CreationDate,>=,1278851105,ph.CreationDate,>=,1298361454,ph.CreationDate,<=,1406058733#234897195
comments c,postHistory ph#c.UserId=ph.UserId#c.CreationDate,<=,1409176588,ph.PostHistoryTypeId,=,3,ph.CreationDate,<=,1408470871#1744655
comments c,postHistory ph#c.UserId=ph.UserId#c.Score,=,0,ph.CreationDate,>=,1279588058,ph.CreationDate,<=,1407215101#160234486
comments c,postHistory ph#c.UserId=ph.UserId#c.CreationDate,=,1393341659,ph.CreationDate,>=,1285948598,ph.CreationDate,<=,1407464815#39
comments c,postHistory ph#c.UserId=ph.UserId#c.CreationDate,>=,1239522970,c.CreationDate,<=,1409313658,ph.CreationDate,<=,1409538614#254395080
comments c,postHistory ph#c.UserId=ph.UserId#c.CreationDate,>=,1282144991,c.CreationDate,<=,1410084662,ph.PostHistoryTypeId,=,1#1763078
comments c,postHistory ph#c.UserId=ph.UserId#c.Score,=,0,c.CreationDate,>=,1233586309,c.CreationDate,<=,1410657021#167304572
comments c,postHistory ph#c.UserId=ph.UserId#c.Score,=,0,c.CreationDate,<=,1409664312,ph.PostHistoryTypeId,=,2#35359651
comments c,postHistory ph#c.UserId=ph.UserId#c.Score,=,0,c.CreationDate,>=,1287152923,ph.PostHistoryTypeId,=,5#70437771
comments c,postHistory ph#c.UserId=ph.UserId#c.CreationDate,>=,1279661463,c.CreationDate,<=,1410533318,ph.PostHistoryTypeId,=,3#1791753
comments c,postHistory ph#c.UserId=ph.UserId#c.Score,=,0,ph.PostHistoryTypeId,=,5,ph.CreationDate,<=,1406211369#67751872
comments c,postHistory ph#c.UserId=ph.UserId#c.Score,=,0,c.CreationDate,<=,1410557013,ph.CreationDate,=,1373484419#6
comments c,postHistory ph#c.UserId=ph.UserId#c.CreationDate,<=,1410191934,ph.CreationDate,>=,1283912276,ph.CreationDate,<=,1410526499#259045011
comments c,postHistory ph#c.UserId=ph.UserId#c.CreationDate,>=,1282025420,c.CreationDate,<=,1410597062,ph.CreationDate,<=,1407949387#252780543
comments c,postHistory ph#c.UserId=ph.UserId#c.Score,=,0,c.CreationDate,>=,1281291479,ph.PostHistoryTypeId,=,5#71584884
comments c,postHistory ph#c.UserId=ph.UserId#c.Score,=,0,c.CreationDate,<=,1410525042,ph.CreationDate,<=,1407145214#159815708
comments c,postHistory ph#c.UserId=ph.UserId#ph.PostHistoryTypeId,=,3,ph.CreationDate,>=,1283537394,ph.CreationDate,<=,1409845511#1709874
comments c,postHistory ph#c.UserId=ph.UserId#c.CreationDate,>=,1282238907,ph.PostHistoryTypeId,=,3,ph.CreationDate,>=,1279570895#1770877
comments c,postHistory ph#c.UserId=ph.UserId#c.CreationDate,<=,1410338152,ph.CreationDate,>=,1279623666,ph.CreationDate,<=,1410543666#261709284
comments c,postHistory ph#c.UserId=ph.UserId#ph.PostHistoryTypeId,=,2,ph.CreationDate,>=,1279753234,ph.CreationDate,<=,1407934261#52820888
comments c,postHistory ph#c.UserId=ph.UserId#c.CreationDate,>=,1288740434,c.CreationDate,<=,1410385865,ph.PostHistoryTypeId,=,5#108513504
comments c,postHistory ph#c.UserId=ph.UserId#c.Score,=,0,c.CreationDate,>=,1279659073,c.CreationDate,<=,1410574520#167139222
comments c,postHistory ph#c.UserId=ph.UserId#c.Score,=,0,ph.CreationDate,>=,1297249817,ph.CreationDate,<=,1408125223#153967194
comments c,postHistory ph#c.UserId=ph.UserId#c.Score,=,0,c.CreationDate,>=,1279723653,ph.CreationDate,>=,1280407130#167096524
comments c,postHistory ph#c.UserId=ph.UserId#c.CreationDate,>=,1280243033,c.CreationDate,<=,1409565049,ph.PostHistoryTypeId,=,5#109378468
comments c,postHistory ph#c.UserId=ph.UserId#c.Score,=,1,ph.PostHistoryTypeId,=,5,ph.CreationDate,<=,1407859305#23011328
comments c,postHistory ph#c.UserId=ph.UserId#c.Score,=,1,ph.PostHistoryTypeId,=,3,ph.CreationDate,<=,1401824108#209561
comments c,postHistory ph#c.UserId=ph.UserId#c.Score,=,0,c.CreationDate,>=,1279569957,c.CreationDate,<=,1410364290#166672968
comments c,postHistory ph#c.UserId=ph.UserId#c.Score,=,0,c.CreationDate,<=,1410248946,ph.CreationDate,=,1297050354#69
comments c,postHistory ph#c.UserId=ph.UserId#c.Score,=,0,c.CreationDate,=,1346179418,ph.PostHistoryTypeId,=,2#13
comments c,postHistory ph#c.UserId=ph.UserId#c.CreationDate,>=,1280601920,c.CreationDate,<=,1410527993,ph.CreationDate,>=,1279806577#261777411
comments c,postHistory ph#c.UserId=ph.UserId#c.CreationDate,>=,1279757258,c.CreationDate,<=,1410364049,ph.CreationDate,>=,1279567476#262058629
comments c,postHistory ph#c.UserId=ph.UserId#c.CreationDate,>=,1280339377,c.CreationDate,<=,1410366186,ph.CreationDate,<=,1409269135#256875096
comments c,postHistory ph#c.UserId=ph.UserId#c.Score,=,1,ph.PostHistoryTypeId,=,5,ph.CreationDate,<=,1408649890#23279562
comments c,postHistory ph#c.UserId=ph.UserId#c.Score,=,0,c.CreationDate,>=,1279637089,ph.CreationDate,>=,1299467697#158029255
comments c,postHistory ph#c.UserId=ph.UserId#ph.PostHistoryTypeId,=,33,ph.CreationDate,>=,1296847946,ph.CreationDate,<=,1410391793#2409952
comments c,postHistory ph#c.UserId=ph.UserId#c.CreationDate,>=,1280224350,c.CreationDate,<=,1407927227,ph.CreationDate,<=,1409652591#250094064
comments c,postHistory ph#c.UserId=ph.UserId#ph.PostHistoryTypeId,=,3,ph.CreationDate,>=,1281098817,ph.CreationDate,<=,1409583139#1760101
comments c,postHistory ph#c.UserId=ph.UserId#c.Score,=,0,ph.CreationDate,>=,1285852468,ph.CreationDate,<=,1410562592#165009599
comments c,postHistory ph#c.UserId=ph.UserId#c.CreationDate,>=,1279957443,c.CreationDate,<=,1410450334,ph.PostHistoryTypeId,=,2#54474871
comments c,postHistory ph#c.UserId=ph.UserId#ph.PostHistoryTypeId,=,1,ph.CreationDate,>=,1280339029,ph.CreationDate,<=,1403901982#1689389
comments c,postHistory ph#c.UserId=ph.UserId#c.Score,=,0,ph.PostHistoryTypeId,=,38,ph.CreationDate,<=,1408417026#1524637
comments c,postHistory ph#c.UserId=ph.UserId#c.CreationDate,<=,1409587635,ph.CreationDate,>=,1311869839,ph.CreationDate,<=,1407357532#219857721
comments c,postHistory ph#c.UserId=ph.UserId#c.Score,=,0,ph.CreationDate,>=,1279574637,ph.CreationDate,<=,1407941422#161579078
comments c,postHistory ph#c.UserId=ph.UserId#c.Score,=,0,ph.CreationDate,>=,1293660712,ph.CreationDate,<=,1410337363#160338596
comments c,postHistory ph#c.UserId=ph.UserId#c.Score,=,0,c.CreationDate,<=,1409995476,ph.PostHistoryTypeId,=,2#35559424
comments c,postHistory ph#c.UserId=ph.UserId#c.CreationDate,<=,1410516065,ph.PostHistoryTypeId,=,2,ph.CreationDate,<=,1410515135#54438602
comments c,postHistory ph#c.UserId=ph.UserId#c.CreationDate,>=,1283172990,c.CreationDate,<=,1410102905,ph.CreationDate,>=,1280512806#258626470
comments c,postHistory ph#c.UserId=ph.UserId#c.Score,=,0,c.CreationDate,>=,1283279583,ph.PostHistoryTypeId,=,5#71349605
comments c,postHistory ph#c.UserId=ph.UserId#c.CreationDate,>=,1279615552,c.CreationDate,<=,1410557013,ph.CreationDate,<=,1407441588#252490772
comments c,postHistory ph#c.UserId=ph.UserId#c.CreationDate,<=,1410096157,ph.PostHistoryTypeId,=,3,ph.CreationDate,<=,1410040963#1778262
comments c,postHistory ph#c.UserId=ph.UserId#c.Score,=,0,ph.CreationDate,>=,1281103317,ph.CreationDate,<=,1410619942#166963186
comments c,postHistory ph#c.UserId=ph.UserId#c.CreationDate,>=,1280251353,ph.CreationDate,>=,1291196365,ph.CreationDate,<=,1408482728#247126121
comments c,postHistory ph#c.UserId=ph.UserId#c.CreationDate,>=,1279570981,ph.PostHistoryTypeId,=,3,ph.CreationDate,<=,1407890990#1760018
comments c,postHistory ph#c.UserId=ph.UserId#c.CreationDate,>=,1281777301,c.CreationDate,<=,1410363762,ph.PostHistoryTypeId,=,6#32530335
comments c,postHistory ph#c.UserId=ph.UserId#c.CreationDate,>=,1283425444,c.CreationDate,<=,1410364290,ph.CreationDate,=,1361693336#831
comments c,postHistory ph#c.UserId=ph.UserId#c.CreationDate,>=,1279670693,ph.PostHistoryTypeId,=,5,ph.CreationDate,>=,1298974623#106392282
comments c,postHistory ph#c.UserId=ph.UserId#c.CreationDate,<=,1409952794,ph.PostHistoryTypeId,=,5,ph.CreationDate,>=,1280404948#110292873
comments c,postHistory ph#c.UserId=ph.UserId#c.Score,=,1,ph.PostHistoryTypeId,=,1,ph.CreationDate,<=,1405051126#213357
comments c,postHistory ph#c.UserId=ph.UserId#c.CreationDate,>=,1283531043,c.CreationDate,<=,1410468934,ph.PostHistoryTypeId,=,1#1759668
comments c,postHistory ph#c.UserId=ph.UserId#c.CreationDate,<=,1409755774,ph.CreationDate,>=,1281750417,ph.CreationDate,<=,1406083672#244850439
comments c,postHistory ph#c.UserId=ph.UserId#c.CreationDate,<=,1409836146,ph.PostHistoryTypeId,=,5,ph.CreationDate,>=,1288140363#108508078
comments c,postHistory ph#c.UserId=ph.UserId#ph.PostHistoryTypeId,=,5,ph.CreationDate,>=,1298389660,ph.CreationDate,<=,1406562998#101164628
comments c,postHistory ph#c.UserId=ph.UserId#c.Score,=,0,c.CreationDate,<=,1410553336,ph.CreationDate,>=,1284652411#165515250
comments c,postHistory ph#c.UserId=ph.UserId#c.Score,=,0,ph.PostHistoryTypeId,=,2,ph.CreationDate,>=,1282046165#35650277
comments c,postHistory ph#c.UserId=ph.UserId#c.CreationDate,=,1401749803,ph.CreationDate,>=,1285339291,ph.CreationDate,<=,1408555988#7170
comments c,postHistory ph#c.UserId=ph.UserId#c.Score,=,0,c.CreationDate,>=,1279713490,c.CreationDate,<=,1410362538#166592764
comments c,postHistory ph#c.UserId=ph.UserId#c.Score,=,1,c.CreationDate,>=,1279569811,ph.PostHistoryTypeId,=,2#11362566
comments c,postHistory ph#c.UserId=ph.UserId#c.CreationDate,>=,1281107440,ph.PostHistoryTypeId,=,2,ph.CreationDate,>=,1291698175#50959142
comments c,postHistory ph#c.UserId=ph.UserId#c.CreationDate,<=,1410124166,ph.PostHistoryTypeId,=,1,ph.CreationDate,=,1383805588#17
comments c,postHistory ph#c.UserId=ph.UserId#c.CreationDate,>=,1280762808,ph.CreationDate,>=,1287428995,ph.CreationDate,<=,1409043020#252131618
comments c,postHistory ph#c.UserId=ph.UserId#c.Score,=,2,c.CreationDate,<=,1410212488,ph.PostHistoryTypeId,=,5#9245285
comments c,postHistory ph#c.UserId=ph.UserId#c.CreationDate,>=,1279569040,c.CreationDate,<=,1410469564,ph.PostHistoryTypeId,=,2#54509482
comments c,postHistory ph#c.UserId=ph.UserId#c.CreationDate,>=,1279575436,ph.PostHistoryTypeId,=,2,ph.CreationDate,<=,1406800849#52254833
comments c,postHistory ph#c.UserId=ph.UserId#c.CreationDate,>=,1283369578,c.CreationDate,<=,1410229066,ph.CreationDate,=,1318471354#1521
comments c,postHistory ph#c.UserId=ph.UserId#c.Score,=,0,c.CreationDate,>=,1281075496,ph.CreationDate,<=,1409000321#162958491
comments c,postHistory ph#c.UserId=ph.UserId#c.Score,=,0,c.CreationDate,>=,1280632653,ph.PostHistoryTypeId,=,5#71636995
comments c,postHistory ph#c.UserId=ph.UserId#c.CreationDate,=,1336419453,ph.PostHistoryTypeId,=,3,ph.CreationDate,<=,1407684979#1
comments c,postHistory ph#c.UserId=ph.UserId#c.CreationDate,>=,1280327820,c.CreationDate,<=,1410447223,ph.CreationDate,>=,1298385420#248409756
comments c,postHistory ph#c.UserId=ph.UserId#c.Score,=,0,c.CreationDate,>=,1282690801,ph.PostHistoryTypeId,=,4#16190744
comments c,postHistory ph#c.UserId=ph.UserId#c.Score,=,0,ph.PostHistoryTypeId,=,4,ph.CreationDate,<=,1410424864#16655116
comments c,postHistory ph#c.UserId=ph.UserId#c.CreationDate,>=,1279820172,c.CreationDate,<=,1410124773,ph.PostHistoryTypeId,=,2#54187634
comments c,postHistory ph#c.UserId=ph.UserId#c.Score,=,2,c.CreationDate,>=,1283461207,c.CreationDate,<=,1410120118#22335616
comments c,postHistory ph#c.UserId=ph.UserId#c.CreationDate,=,1302213401,ph.PostHistoryTypeId,=,2,ph.CreationDate,>=,1286993344#13
comments c,postHistory ph#c.UserId=ph.UserId#c.Score,=,2,c.CreationDate,<=,1410602075,ph.PostHistoryTypeId,=,2#4303625
comments c,postHistory ph#c.UserId=ph.UserId#c.CreationDate,>=,1281120365,ph.CreationDate,>=,1302706658,ph.CreationDate,<=,1410098784#240762035
comments c,postHistory ph#c.UserId=ph.UserId#c.Score,=,0,c.CreationDate,<=,1410372350,ph.CreationDate,>=,1282725194#165830290
comments c,postHistory ph#c.UserId=ph.UserId#c.Score,=,0,ph.PostHistoryTypeId,=,2,ph.CreationDate,<=,1403747567#32983865
comments c,postHistory ph#c.UserId=ph.UserId#c.Score,=,0,ph.CreationDate,>=,1279566884,ph.CreationDate,<=,1409761211#165238217
comments c,postHistory ph#c.UserId=ph.UserId#c.Score,=,0,c.CreationDate,<=,1410546781,ph.PostHistoryTypeId,=,1#1457126
comments c,postHistory ph#c.UserId=ph.UserId#c.Score,=,0,c.CreationDate,>=,1282054074,ph.PostHistoryTypeId,=,3#1443666
comments c,postHistory ph#c.UserId=ph.UserId#c.CreationDate,>=,1279607148,ph.PostHistoryTypeId,=,6,ph.CreationDate,>=,1282728742#32669219
comments c,postHistory ph#c.UserId=ph.UserId#c.CreationDate,>=,1279742866,c.CreationDate,<=,1408672802,ph.CreationDate,<=,1407962020#247913094
comments c,postHistory ph#c.UserId=ph.UserId#c.Score,=,0,c.CreationDate,>=,1280103900,ph.PostHistoryTypeId,=,2#35866039
comments c,postHistory ph#c.UserId=ph.UserId#c.Score,=,0,c.CreationDate,>=,1279884691,c.CreationDate,<=,1407306653#159632716
comments c,postHistory ph#c.UserId=ph.UserId#c.Score,=,2,ph.CreationDate,>=,1290925755,ph.CreationDate,<=,1405778855#20649900
comments c,postHistory ph#c.UserId=ph.UserId#c.CreationDate,<=,1410128586,ph.CreationDate,>=,1280158645,ph.CreationDate,<=,1408523858#254125748
comments c,postHistory ph#c.UserId=ph.UserId#c.Score,=,0,c.CreationDate,>=,1281099512,c.CreationDate,<=,1410261917#165526327
comments c,postHistory ph#c.UserId=ph.UserId#c.Score,=,0,ph.CreationDate,>=,1279567476,ph.CreationDate,<=,1408541464#162944356
comments c,postHistory ph#c.UserId=ph.UserId#c.Score,=,0,ph.CreationDate,>=,1279581695,ph.CreationDate,<=,1406066630#157864492
comments c,postHistory ph#c.UserId=ph.UserId#c.Score,=,0,c.CreationDate,>=,1281453595,ph.CreationDate,<=,1408680527#162431494
comments c,postHistory ph#c.UserId=ph.UserId#c.CreationDate,>=,1282214664,c.CreationDate,<=,1410159413,ph.PostHistoryTypeId,=,5#110232271
comments c,postHistory ph#c.UserId=ph.UserId#ph.PostHistoryTypeId,=,5,ph.CreationDate,>=,1280218406,ph.CreationDate,<=,1410542975#111348803
comments c,postHistory ph#c.UserId=ph.UserId#ph.PostHistoryTypeId,=,5,ph.CreationDate,>=,1287916139,ph.CreationDate,<=,1409260623#107886398
comments c,postHistory ph#c.UserId=ph.UserId#c.CreationDate,>=,1279886721,c.CreationDate,<=,1409936436,ph.PostHistoryTypeId,=,5#110251661
comments c,postHistory ph#c.UserId=ph.UserId#c.Score,=,0,c.CreationDate,<=,1409880646,ph.PostHistoryTypeId,=,3#1447805
comments c,postHistory ph#c.UserId=ph.UserId#ph.PostHistoryTypeId,=,5,ph.CreationDate,>=,1282486039,ph.CreationDate,<=,1407163591#106644430
comments c,postHistory ph#c.UserId=ph.UserId#c.Score,=,0,ph.CreationDate,>=,1294653980,ph.CreationDate,<=,1408198326#155272490
comments c,postHistory ph#c.UserId=ph.UserId#c.CreationDate,>=,1280179752,c.CreationDate,<=,1409851795,ph.PostHistoryTypeId,=,4#25889643
comments c,postHistory ph#c.UserId=ph.UserId#c.Score,=,0,c.CreationDate,>=,1281886031,ph.PostHistoryTypeId,=,1#1444602
comments c,postHistory ph#c.UserId=ph.UserId#c.Score,=,0,c.CreationDate,>=,1279637646,c.CreationDate,<=,1410145991#165998434
comments c,postHistory ph#c.UserId=ph.UserId#c.Score,=,0,ph.CreationDate,>=,1282180527,ph.CreationDate,<=,1407981753#161068623
comments c,postHistory ph#c.UserId=ph.UserId#c.CreationDate,>=,1282237983,c.CreationDate,<=,1410481243,ph.CreationDate,>=,1284638887#258661628
comments c,postHistory ph#c.UserId=ph.UserId#c.Score,=,0,ph.CreationDate,>=,1309503294,ph.CreationDate,<=,1410189571#150093717
comments c,postHistory ph#c.UserId=ph.UserId#c.Score,=,0,ph.PostHistoryTypeId,=,5,ph.CreationDate,>=,1280387256#71742275
comments c,postHistory ph#c.UserId=ph.UserId#c.Score,=,2,ph.PostHistoryTypeId,=,3,ph.CreationDate,<=,1410560592#68635
comments c,postHistory ph#c.UserId=ph.UserId#c.Score,=,1,ph.PostHistoryTypeId,=,4,ph.CreationDate,>=,1279903871#5584357
comments c,postHistory ph#c.UserId=ph.UserId#ph.PostHistoryTypeId,=,14,ph.CreationDate,>=,1289903163,ph.CreationDate,<=,1405042130#1088457
comments c,postHistory ph#c.UserId=ph.UserId#c.CreationDate,>=,1279719669,c.CreationDate,<=,1410473522,ph.CreationDate,>=,1297656574#249312793
comments c,postHistory ph#c.UserId=ph.UserId#c.Score,=,0,c.CreationDate,>=,1280707459,ph.CreationDate,>=,1282533133#165966320
comments c,postHistory ph#c.UserId=ph.UserId#ph.PostHistoryTypeId,=,2,ph.CreationDate,>=,1308561779,ph.CreationDate,<=,1408727630#44981168
comments c,postHistory ph#c.UserId=ph.UserId#c.Score,=,1,c.CreationDate,<=,1410286075,ph.CreationDate,<=,1409245083#55163721
comments c,postHistory ph#c.UserId=ph.UserId#c.CreationDate,>=,1281377319,ph.CreationDate,>=,1330627305,ph.CreationDate,<=,1408888739#200400669
comments c,postHistory ph#c.UserId=ph.UserId#c.Score,=,2,c.CreationDate,>=,1281174473,ph.PostHistoryTypeId,=,34#62729
comments c,postHistory ph#c.UserId=ph.UserId#c.Score,=,0,c.CreationDate,>=,1280941378,ph.PostHistoryTypeId,=,1#1451444
comments c,postHistory ph#c.UserId=ph.UserId#c.CreationDate,<=,1410545253,ph.PostHistoryTypeId,=,1,ph.CreationDate,>=,1285787803#1690454
comments c,postHistory ph#c.UserId=ph.UserId#c.Score,=,0,ph.CreationDate,>=,1292588136,ph.CreationDate,<=,1406705279#153107336
comments c,postHistory ph#c.UserId=ph.UserId#c.Score,=,0,c.CreationDate,<=,1410441862,ph.PostHistoryTypeId,=,3#1455727
comments c,postHistory ph#c.UserId=ph.UserId#c.CreationDate,>=,1284235591,c.CreationDate,<=,1410243593,ph.PostHistoryTypeId,=,1#1748612
comments c,postHistory ph#c.UserId=ph.UserId#c.Score,=,0,ph.PostHistoryTypeId,=,5,ph.CreationDate,<=,1408992878#70216892
comments c,postHistory ph#c.UserId=ph.UserId#c.Score,=,2,ph.PostHistoryTypeId,=,2,ph.CreationDate,>=,1279576108#4302791
comments c,postHistory ph#c.UserId=ph.UserId#c.Score,=,0,c.CreationDate,<=,1410530300,ph.PostHistoryTypeId,=,1#1456716
comments c,postHistory ph#c.UserId=ph.UserId#ph.PostHistoryTypeId,=,2,ph.CreationDate,>=,1280923530,ph.CreationDate,<=,1407273660#52398145
comments c,postHistory ph#c.UserId=ph.UserId#c.Score,=,0,c.CreationDate,<=,1410192602,ph.PostHistoryTypeId,=,5#71220266
comments c,postHistory ph#c.UserId=ph.UserId#c.CreationDate,>=,1279670693,c.CreationDate,<=,1410548351,ph.PostHistoryTypeId,=,3#1792022
comments c,postHistory ph#c.UserId=ph.UserId#c.Score,=,0,ph.PostHistoryTypeId,=,2,ph.CreationDate,=,1319915624#2
comments c,postHistory ph#c.UserId=ph.UserId#ph.PostHistoryTypeId,=,2,ph.CreationDate,>=,1286421983,ph.CreationDate,<=,1408381539#51261181
comments c,postHistory ph#c.UserId=ph.UserId#ph.PostHistoryTypeId,=,5,ph.CreationDate,>=,1281168729,ph.CreationDate,<=,1408142805#107995272
comments c,postHistory ph#c.UserId=ph.UserId#c.Score,=,1,c.CreationDate,>=,1282760067,ph.CreationDate,<=,1409838336#55545695
comments c,postHistory ph#c.UserId=ph.UserId#c.Score,=,0,c.CreationDate,=,1394744163,ph.PostHistoryTypeId,=,2#83
comments c,postHistory ph#c.UserId=ph.UserId#c.CreationDate,<=,1410374331,ph.CreationDate,>=,1299274811,ph.CreationDate,<=,1410553932#247280310
comments c,postHistory ph#c.UserId=ph.UserId#c.CreationDate,>=,1282436494,ph.PostHistoryTypeId,=,3,ph.CreationDate,>=,1288164249#1650353
comments c,postHistory ph#c.UserId=ph.UserId#c.Score,=,0,c.CreationDate,>=,1280290946,ph.PostHistoryTypeId,=,1#1454587
comments c,postHistory ph#c.UserId=ph.UserId#c.CreationDate,>=,1280709513,c.CreationDate,<=,1409942194,ph.CreationDate,>=,1287723806#254650241
comments c,postHistory ph#c.UserId=ph.UserId#c.Score,=,1,ph.CreationDate,>=,1282426482,ph.CreationDate,<=,1409606678#55393067
comments c,postHistory ph#c.UserId=ph.UserId#c.Score,=,0,c.CreationDate,<=,1410468839,ph.PostHistoryTypeId,=,3#1456085
comments c,postHistory ph#c.UserId=ph.UserId#c.CreationDate,>=,1279693012,c.CreationDate,<=,1410592332,ph.PostHistoryTypeId,=,2#54574855
comments c,postHistory ph#c.UserId=ph.UserId#c.CreationDate,<=,1410443533,ph.CreationDate,>=,1279624786,ph.CreationDate,<=,1408449257#255299328
comments c,postHistory ph#c.UserId=ph.UserId#c.CreationDate,>=,1279667848,c.CreationDate,<=,1410558772,ph.PostHistoryTypeId,=,3#1792153
comments c,postHistory ph#c.UserId=ph.UserId#c.CreationDate,>=,1279631646,c.CreationDate,<=,1409970239,ph.PostHistoryTypeId,=,5#110350817
comments c,postHistory ph#c.UserId=ph.UserId#c.CreationDate,>=,1279578254,c.CreationDate,<=,1410464566,ph.PostHistoryTypeId,=,5#111218223
comments c,postHistory ph#c.UserId=ph.UserId#c.CreationDate,>=,1280637265,c.CreationDate,<=,1410550743,ph.PostHistoryTypeId,=,3#1785379
comments c,postHistory ph#c.UserId=ph.UserId#c.Score,=,0,c.CreationDate,>=,1279918320,ph.PostHistoryTypeId,=,2#35875151
comments c,postHistory ph#c.UserId=ph.UserId#c.Score,=,0,c.CreationDate,>=,1280250771,c.CreationDate,<=,1409941669#165243419
comments c,postHistory ph#c.UserId=ph.UserId#c.CreationDate,>=,1283941338,ph.CreationDate,>=,1284590402,ph.CreationDate,<=,1408374883#250453431
comments c,postHistory ph#c.UserId=ph.UserId#c.CreationDate,>=,1279672008,c.CreationDate,<=,1410622218,ph.CreationDate,<=,1410476335#262344564
comments c,postHistory ph#c.UserId=ph.UserId#c.CreationDate,>=,1280371520,c.CreationDate,<=,1410495881,ph.CreationDate,<=,1410457452#261322738
comments c,postHistory ph#c.UserId=ph.UserId#c.Score,=,0,ph.PostHistoryTypeId,=,2,ph.CreationDate,>=,1282201253#35567854
comments c,postHistory ph#c.UserId=ph.UserId#c.CreationDate,=,1325634363,ph.PostHistoryTypeId,=,2,ph.CreationDate,>=,1283353320#277
comments c,postHistory ph#c.UserId=ph.UserId#c.CreationDate,>=,1280943818,c.CreationDate,<=,1409771613,ph.PostHistoryTypeId,=,2#53842741
comments c,postHistory ph#c.UserId=ph.UserId#c.Score,=,0,c.CreationDate,>=,1281595353,ph.PostHistoryTypeId,=,3#1446592
comments c,postHistory ph#c.UserId=ph.UserId#c.Score,=,0,c.CreationDate,>=,1281715911,c.CreationDate,<=,1410127376#165109590
comments c,postHistory ph#c.UserId=ph.UserId#c.Score,=,0,c.CreationDate,<=,1410558772,ph.CreationDate,<=,1403007712#151965711
comments c,postHistory ph#c.UserId=ph.UserId#c.Score,=,0,c.CreationDate,<=,1410423478,ph.PostHistoryTypeId,=,1#1455500
comments c,postHistory ph#c.UserId=ph.UserId#ph.PostHistoryTypeId,=,5,ph.CreationDate,>=,1281013467,ph.CreationDate,<=,1406504030#105782920
comments c,postHistory ph#c.UserId=ph.UserId#c.CreationDate,>=,1284788344,c.CreationDate,<=,1410451321,ph.CreationDate,=,1404945778#7714
comments c,postHistory ph#c.UserId=ph.UserId#c.Score,=,3,c.CreationDate,<=,1409947000,ph.PostHistoryTypeId,=,1#24820
comments c,postHistory ph#c.UserId=ph.UserId#c.Score,=,0,c.CreationDate,<=,1410488084,ph.CreationDate,>=,1282010504#166480785
comments c,postHistory ph#c.UserId=ph.UserId#c.CreationDate,<=,1409235062,ph.PostHistoryTypeId,=,5,ph.CreationDate,>=,1284279141#108575541
comments c,postHistory ph#c.UserId=ph.UserId#c.CreationDate,<=,1409953444,ph.CreationDate,>=,1294705206,ph.CreationDate,<=,1408985932#243930493
comments c,postHistory ph#c.UserId=ph.UserId#c.Score,=,0,c.CreationDate,>=,1279637085,ph.PostHistoryTypeId,=,5#71762783
comments c,postHistory ph#c.UserId=ph.UserId#c.Score,=,0,ph.CreationDate,>=,1289201178,ph.CreationDate,<=,1410246412#162275353
comments c,postHistory ph#c.UserId=ph.UserId#c.Score,=,0,ph.CreationDate,>=,1284576149,ph.CreationDate,<=,1408536279#161409129
comments c,postHistory ph#c.UserId=ph.UserId#c.Score,=,0,ph.PostHistoryTypeId,=,1,ph.CreationDate,>=,1284589199#1399861
comments c,postHistory ph#c.UserId=ph.UserId#c.CreationDate,>=,1280349634,ph.CreationDate,>=,1306591895,ph.CreationDate,<=,1410105206#237418517
comments c,postHistory ph#c.UserId=ph.UserId#c.Score,=,4,c.CreationDate,>=,1280229381,c.CreationDate,<=,1410652828#3757760
comments c,postHistory ph#c.UserId=ph.UserId#c.CreationDate,>=,1279642415,c.CreationDate,<=,1410634259,ph.PostHistoryTypeId,=,5#111420735
comments c,postHistory ph#c.UserId=ph.UserId#c.CreationDate,<=,1410235158,ph.PostHistoryTypeId,=,2,ph.CreationDate,<=,1403895119#50118644
comments c,postHistory ph#c.UserId=ph.UserId#c.Score,=,1,c.CreationDate,>=,1281012768,ph.PostHistoryTypeId,=,5#23769362
comments c,postHistory ph#c.UserId=ph.UserId#c.CreationDate,>=,1281628415,ph.PostHistoryTypeId,=,5,ph.CreationDate,>=,1281076326#111104117
comments c,postHistory ph#c.UserId=ph.UserId#c.Score,=,0,ph.PostHistoryTypeId,=,1,ph.CreationDate,<=,1410548300#1457872
comments c,postHistory ph#c.UserId=ph.UserId#c.Score,=,0,c.CreationDate,>=,1280175150,ph.PostHistoryTypeId,=,2#35861425
comments c,postHistory ph#c.UserId=ph.UserId#ph.PostHistoryTypeId,=,4,ph.CreationDate,>=,1296492368,ph.CreationDate,<=,1406658932#24689366
comments c,postHistory ph#c.UserId=ph.UserId#c.Score,=,0,ph.CreationDate,>=,1279574637,ph.CreationDate,<=,1406687659#159080784
comments c,postHistory ph#c.UserId=ph.UserId#c.Score,=,1,c.CreationDate,>=,1279881809,c.CreationDate,<=,1410300991#56154237
comments c,postHistory ph#c.UserId=ph.UserId#c.Score,=,0,c.CreationDate,=,1407468104,ph.CreationDate,<=,1402918003#5709
comments c,postHistory ph#c.UserId=ph.UserId#c.Score,=,0,ph.CreationDate,>=,1299106107,ph.CreationDate,<=,1405444648#147619505
comments c,postHistory ph#c.UserId=ph.UserId#c.Score,=,0,c.CreationDate,>=,1280174792,ph.CreationDate,<=,1408356467#162064137
comments c,postHistory ph#c.UserId=ph.UserId#c.CreationDate,>=,1280942409,ph.CreationDate,>=,1280874314,ph.CreationDate,<=,1410281471#260543746
comments c,postHistory ph#c.UserId=ph.UserId#ph.PostHistoryTypeId,=,2,ph.CreationDate,>=,1281589402,ph.CreationDate,<=,1406999795#52151241
comments c,postHistory ph#c.UserId=ph.UserId#c.CreationDate,>=,1287411388,c.CreationDate,<=,1410188055,ph.PostHistoryTypeId,=,2#53382671
comments c,postHistory ph#c.UserId=ph.UserId#c.Score,=,0,c.CreationDate,>=,1283875803,c.CreationDate,<=,1409164966#161891956
comments c,postHistory ph#c.UserId=ph.UserId#ph.PostHistoryTypeId,=,3,ph.CreationDate,>=,1280916155,ph.CreationDate,<=,1405068575#1699316
comments c,postHistory ph#c.UserId=ph.UserId#c.Score,=,1,ph.PostHistoryTypeId,=,2,ph.CreationDate,<=,1410363883#11329245
comments c,postHistory ph#c.UserId=ph.UserId#c.Score,=,0,ph.PostHistoryTypeId,=,1,ph.CreationDate,<=,1407370288#1422019
comments c,postHistory ph#c.UserId=ph.UserId#c.Score,=,0,c.CreationDate,<=,1409850966,ph.CreationDate,<=,1408830612#161550121
comments c,postHistory ph#c.UserId=ph.UserId#c.CreationDate,<=,1410651713,ph.PostHistoryTypeId,=,2,ph.CreationDate,>=,1279574331#54601803
comments c,postHistory ph#c.UserId=ph.UserId#c.Score,=,0,ph.PostHistoryTypeId,=,1,ph.CreationDate,<=,1404663963#1389323
comments c,postHistory ph#c.UserId=ph.UserId#c.Score,=,4,ph.PostHistoryTypeId,=,2,ph.CreationDate,>=,1285857014#653671
comments c,postHistory ph#c.UserId=ph.UserId#c.CreationDate,<=,1410187033,ph.PostHistoryTypeId,=,2,ph.CreationDate,<=,1407550077#52341391
comments c,postHistory ph#c.UserId=ph.UserId#c.Score,=,0,c.CreationDate,>=,1280591304,ph.CreationDate,>=,1280925128#166562538
comments c,postHistory ph#c.UserId=ph.UserId#c.CreationDate,>=,1280005874,ph.PostHistoryTypeId,=,5,ph.CreationDate,>=,1290507166#108883235
comments c,postHistory ph#c.UserId=ph.UserId#c.Score,=,0,ph.PostHistoryTypeId,=,2,ph.CreationDate,>=,1289896122#34005202
comments c,postHistory ph#c.UserId=ph.UserId#c.CreationDate,=,1370436644,ph.PostHistoryTypeId,=,2,ph.CreationDate,>=,1282193266#1168
comments c,postHistory ph#c.UserId=ph.UserId#c.Score,=,1,c.CreationDate,>=,1279582340,c.CreationDate,<=,1410444059#56289570
comments c,postHistory ph#c.UserId=ph.UserId#c.CreationDate,<=,1410535910,ph.CreationDate,>=,1282221955,ph.CreationDate,<=,1406938919#250104316
comments c,postHistory ph#c.UserId=ph.UserId#c.Score,=,0,ph.PostHistoryTypeId,=,4,ph.CreationDate,<=,1408631000#16506950
comments c,postHistory ph#c.UserId=ph.UserId#c.Score,=,0,c.CreationDate,>=,1280323205,ph.PostHistoryTypeId,=,1#1454439
comments c,postHistory ph#c.UserId=ph.UserId#c.Score,=,0,c.CreationDate,<=,1410536958,ph.PostHistoryTypeId,=,4#16651446
comments c,postHistory ph#c.UserId=ph.UserId#c.Score,=,0,c.CreationDate,>=,1279569500,ph.CreationDate,>=,1315367096#146502006
comments c,postHistory ph#c.UserId=ph.UserId#c.CreationDate,>=,1280358517,c.CreationDate,<=,1409955268,ph.PostHistoryTypeId,=,3#1776333
comments c,postHistory ph#c.UserId=ph.UserId#c.Score,=,0,ph.CreationDate,>=,1280209244,ph.CreationDate,<=,1408472926#162599554
comments c,postHistory ph#c.UserId=ph.UserId#c.Score,=,1,ph.PostHistoryTypeId,=,5,ph.CreationDate,>=,1279605839#23813203
comments c,postHistory ph#c.UserId=ph.UserId#c.Score,=,1,c.CreationDate,>=,1279593564,c.CreationDate,<=,1410197665#56065621
comments c,postHistory ph#c.UserId=ph.UserId#c.CreationDate,>=,1279919064,c.CreationDate,<=,1410644749,ph.PostHistoryTypeId,=,1#1791541
comments c,postHistory ph#c.UserId=ph.UserId#ph.PostHistoryTypeId,=,5,ph.CreationDate,>=,1280432342,ph.CreationDate,<=,1409640472#109917292
comments c,postHistory ph#c.UserId=ph.UserId#c.CreationDate,>=,1280627862,c.CreationDate,<=,1410114532,ph.PostHistoryTypeId,=,2#54127358
comments c,postHistory ph#c.UserId=ph.UserId#c.Score,=,0,c.CreationDate,<=,1409531890,ph.PostHistoryTypeId,=,6#19796071
comments c,postHistory ph#c.UserId=ph.UserId#c.CreationDate,>=,1279575612,c.CreationDate,<=,1410138248,ph.PostHistoryTypeId,=,2#54220320
comments c,postHistory ph#c.UserId=ph.UserId#c.Score,=,0,c.CreationDate,>=,1239522824,c.CreationDate,<=,1409875028#165407756
comments c,postHistory ph#c.UserId=ph.UserId#c.Score,=,1,c.CreationDate,>=,1280251126,ph.PostHistoryTypeId,=,6#7241636
comments c,postHistory ph#c.UserId=ph.UserId#c.Score,=,0,c.CreationDate,<=,1410539422,ph.PostHistoryTypeId,=,3#1456936
comments c,postHistory ph#c.UserId=ph.UserId#c.Score,=,0,c.CreationDate,<=,1409944152,ph.CreationDate,<=,1409596735#163239229
comments c,postHistory ph#c.UserId=ph.UserId#c.Score,=,0,ph.PostHistoryTypeId,=,3,ph.CreationDate,<=,1410152750#1452981
comments c,postHistory ph#c.UserId=ph.UserId#c.Score,=,2,ph.CreationDate,>=,1281976254,ph.CreationDate,<=,1410385661#22523912
comments c,postHistory ph#c.UserId=ph.UserId#c.Score,=,0,ph.CreationDate,>=,1290633022,ph.CreationDate,<=,1408329814#157380198
comments c,postHistory ph#c.UserId=ph.UserId#c.Score,=,0,c.CreationDate,<=,1410442971,ph.PostHistoryTypeId,=,5#71574477
comments c,postHistory ph#c.UserId=ph.UserId#c.Score,=,0,c.CreationDate,>=,1279636732,c.CreationDate,<=,1409949112#165594571
comments c,postHistory ph#c.UserId=ph.UserId#c.CreationDate,<=,1410484904,ph.PostHistoryTypeId,=,2,ph.CreationDate,>=,1280331421#54403666
comments c,postHistory ph#c.UserId=ph.UserId#c.Score,=,0,ph.PostHistoryTypeId,=,2,ph.CreationDate,<=,1404248080#33148813
comments c,postHistory ph#c.UserId=ph.UserId#c.Score,=,0,c.CreationDate,>=,1279576487,c.CreationDate,<=,1410455869#166900962
comments c,postHistory ph#c.UserId=ph.UserId#c.Score,=,0,c.CreationDate,=,1282074022,ph.PostHistoryTypeId,=,5#10
comments c,postHistory ph#c.UserId=ph.UserId#c.Score,=,0,ph.CreationDate,>=,1296126218,ph.CreationDate,<=,1406635871#151470060
comments c,votes v#c.UserId=v.UserId#c.Score,=,0,v.BountyAmount,>=,0,v.BountyAmount,<=,50#243008
comments c,votes v#c.UserId=v.UserId#c.CreationDate,=,1372699907,v.CreationDate,>=,1279670400,v.CreationDate,<=,1410307200#49
comments c,votes v#c.UserId=v.UserId#c.Score,=,1,v.CreationDate,>=,1280188800,v.CreationDate,<=,1410134400#2193914
comments c,votes v#c.UserId=v.UserId#c.CreationDate,>=,1280802571,c.CreationDate,<=,1410101262,v.BountyAmount,<=,100#455016
comments c,votes v#c.UserId=v.UserId#c.Score,=,0,c.CreationDate,>=,1280251669,v.CreationDate,>=,1280188800#7470821
comments c,votes v#c.UserId=v.UserId#c.Score,=,0,v.CreationDate,>=,1279584000,v.CreationDate,<=,1409529600#7443003
comments c,votes v#c.UserId=v.UserId#c.Score,=,0,v.CreationDate,>=,1279584000,v.CreationDate,<=,1410480000#7490783
comments c,votes v#c.UserId=v.UserId#c.CreationDate,>=,1285047639,c.CreationDate,<=,1410568452,v.CreationDate,>=,1279497600#10843580
comments c,votes v#c.UserId=v.UserId#c.Score,=,0,c.CreationDate,>=,1279962284,v.CreationDate,<=,1410480000#7485526
comments c,votes v#c.UserId=v.UserId#v.BountyAmount,>=,0,v.CreationDate,>=,1279497600,v.CreationDate,<=,1410566400#508124
comments c,votes v#c.UserId=v.UserId#c.Score,=,0,v.CreationDate,>=,1279670400,v.CreationDate,<=,1409184000#7423906
comments c,votes v#c.UserId=v.UserId#c.Score,=,0,v.BountyAmount,>=,0,v.CreationDate,>=,1279756800#347005
comments c,votes v#c.UserId=v.UserId#c.Score,=,0,c.CreationDate,>=,1279905002,v.CreationDate,>=,1280188800#7475737
comments c,votes v#c.UserId=v.UserId#c.Score,=,0,c.CreationDate,>=,1280773944,c.CreationDate,<=,1410267422#7427767
comments c,votes v#c.UserId=v.UserId#c.Score,=,0,c.CreationDate,>=,1280925314,c.CreationDate,<=,1410188178#7415270
comments c,votes v#c.UserId=v.UserId#c.CreationDate,>=,1280220521,c.CreationDate,<=,1410294497,v.CreationDate,>=,1260748800#10957866
comments c,votes v#c.UserId=v.UserId#c.CreationDate,=,1330346986,v.CreationDate,>=,1280102400,v.CreationDate,<=,1410566400#1
comments c,votes v#c.UserId=v.UserId#c.Score,=,0,v.VoteTypeId,=,8,v.CreationDate,<=,1410307200#346990
comments c,votes v#c.UserId=v.UserId#c.Score,=,0,v.BountyAmount,<=,150,v.CreationDate,=,1370131200#5
comments c,votes v#c.UserId=v.UserId#c.CreationDate,<=,1410360760,v.BountyAmount,>=,0,v.CreationDate,>=,1233532800#505846
comments c,votes v#c.UserId=v.UserId#c.Score,=,0,v.BountyAmount,<=,50,v.CreationDate,<=,1410480000#243008
comments c,votes v#c.UserId=v.UserId#c.Score,=,1,c.CreationDate,>=,1280085503,v.BountyAmount,<=,50#70991
comments c,votes v#c.UserId=v.UserId#c.Score,=,0,c.CreationDate,>=,1280363164,c.CreationDate,<=,1410127472#7416723
comments c,votes v#c.UserId=v.UserId#c.CreationDate,>=,1284404842,c.CreationDate,<=,1408635726,v.VoteTypeId,=,5#10069164
comments c,votes v#c.UserId=v.UserId#c.CreationDate,<=,1409875340,v.BountyAmount,>=,0,v.BountyAmount,<=,100#453848
comments c,votes v#c.UserId=v.UserId#c.CreationDate,>=,1236111136,v.CreationDate,>=,1279584000,v.CreationDate,<=,1410220800#11025240
comments c,votes v#c.UserId=v.UserId#c.Score,=,1,c.CreationDate,>=,1279572877,v.BountyAmount,<=,50#71019
comments c,votes v#c.UserId=v.UserId#c.Score,=,0,v.BountyAmount,>=,0,v.BountyAmount,<=,100#314106
comments c,votes v#c.UserId=v.UserId#c.Score,=,1,c.CreationDate,>=,1280147456,c.CreationDate,<=,1409741875#2168647
comments c,votes v#c.UserId=v.UserId#c.CreationDate,>=,1281689133,c.CreationDate,<=,1410285313,v.CreationDate,<=,1410566400#10921339
comments c,votes v#c.UserId=v.UserId#c.Score,=,5,v.BountyAmount,<=,50,v.CreationDate,>=,1280188800#1800
comments c,votes v#c.UserId=v.UserId#c.Score,=,0,v.CreationDate,>=,1279497600,v.CreationDate,<=,1410393600#7490735
comments c,votes v#c.UserId=v.UserId#v.BountyAmount,>=,0,v.BountyAmount,<=,200,v.CreationDate,<=,1410307200#505045
comments c,votes v#c.UserId=v.UserId#v.VoteTypeId,=,5,v.CreationDate,>=,1279670400,v.CreationDate,<=,1410393600#10519981
comments c,votes v#c.UserId=v.UserId#c.CreationDate,<=,1410471043,v.BountyAmount,>=,0,v.BountyAmount,<=,100#458391
comments c,votes v#c.UserId=v.UserId#c.Score,=,1,c.CreationDate,>=,1284048861,v.CreationDate,>=,1280188800#2178828
comments c,votes v#c.UserId=v.UserId#c.Score,=,0,c.CreationDate,>=,1279670840,v.BountyAmount,<=,200#344683
comments c,votes v#c.UserId=v.UserId#c.Score,=,0,v.BountyAmount,>=,0,v.BountyAmount,<=,50#243008
comments c,votes v#c.UserId=v.UserId#c.CreationDate,>=,1279572205,c.CreationDate,<=,1409602334,v.CreationDate,<=,1410480000#10846673
comments c,votes v#c.UserId=v.UserId#c.Score,=,0,c.CreationDate,>=,1280941378,c.CreationDate,<=,1410016214#7398815
comments c,votes v#c.UserId=v.UserId#c.Score,=,0,c.CreationDate,=,1326430771,v.CreationDate,<=,1410393600#5
comments c,votes v#c.UserId=v.UserId#c.Score,=,0,c.CreationDate,<=,1410105149,v.BountyAmount,<=,50#240638
comments c,votes v#c.UserId=v.UserId#c.CreationDate,>=,1279578673,v.VoteTypeId,=,5,v.CreationDate,<=,1409270400#10441790
comments c,votes v#c.UserId=v.UserId#c.Score,=,0,v.BountyAmount,>=,0,v.BountyAmount,<=,50#243008
comments c,votes v#c.UserId=v.UserId#c.Score,=,0,c.CreationDate,>=,1280250997,c.CreationDate,<=,1410211789#7428984
comments c,votes v#c.UserId=v.UserId#c.CreationDate,>=,1280170547,c.CreationDate,<=,1409496170,v.CreationDate,>=,1279584000#10816178
comments c,votes v#c.UserId=v.UserId#c.Score,=,0,c.CreationDate,>=,1280376957,v.CreationDate,<=,1409616000#7431605
comments c,votes v#c.UserId=v.UserId#c.Score,=,0,v.BountyAmount,>=,0,v.BountyAmount,<=,150#324543
comments c,votes v#c.UserId=v.UserId#v.BountyAmount,<=,50,v.CreationDate,>=,1279670400,v.CreationDate,<=,1410220800#356536
comments c,votes v#c.UserId=v.UserId#c.Score,=,0,v.BountyAmount,>=,0,v.CreationDate,>=,1233619200#347005
comments c,votes v#c.UserId=v.UserId#c.Score,=,0,c.CreationDate,>=,1279569544,c.CreationDate,<=,1410371955#7461585
comments c,votes v#c.UserId=v.UserId#c.CreationDate,>=,1281013424,c.CreationDate,<=,1410047530,v.BountyAmount,>=,0#502848
comments c,votes v#c.UserId=v.UserId#c.Score,=,0,c.CreationDate,>=,1281004803,c.CreationDate,<=,1408993242#7271341
comments c,votes v#c.UserId=v.UserId#c.Score,=,0,c.CreationDate,<=,1410630807,v.CreationDate,<=,1410480000#7489040
comments c,votes v#c.UserId=v.UserId#c.Score,=,0,v.BountyAmount,>=,0,v.BountyAmount,<=,100#314106
comments c,votes v#c.UserId=v.UserId#c.CreationDate,>=,1282983453,c.CreationDate,<=,1410345188,v.CreationDate,<=,1410134400#10862418
comments c,votes v#c.UserId=v.UserId#c.Score,=,0,v.CreationDate,>=,1279670400,v.CreationDate,<=,1410480000#7490034
comments c,votes v#c.UserId=v.UserId#c.CreationDate,>=,1279568281,v.BountyAmount,>=,0,v.BountyAmount,<=,50#356541
comments c,votes v#c.UserId=v.UserId#c.CreationDate,>=,1280654988,v.BountyAmount,>=,0,v.BountyAmount,<=,50#356269
comments c,votes v#c.UserId=v.UserId#c.CreationDate,>=,1279616660,c.CreationDate,<=,1410428153,v.CreationDate,>=,1280188800#10984438
comments c,votes v#c.UserId=v.UserId#c.Score,=,0,c.CreationDate,<=,1409853482,v.CreationDate,>=,1280188800#7389156
comments c,votes v#c.UserId=v.UserId#c.CreationDate,<=,1410288209,v.BountyAmount,>=,0,v.BountyAmount,<=,100#456790
comments c,votes v#c.UserId=v.UserId#c.CreationDate,>=,1281529005,v.BountyAmount,>=,0,v.CreationDate,>=,1279497600#507403
comments c,votes v#c.UserId=v.UserId#c.Score,=,0,c.CreationDate,>=,1280984159,v.BountyAmount,>=,0#346722
comments c,votes v#c.UserId=v.UserId#c.Score,=,0,c.CreationDate,>=,1279637085,v.CreationDate,>=,1280188800#7479541
comments c,votes v#c.UserId=v.UserId#c.Score,=,0,c.CreationDate,>=,1239522824,v.CreationDate,<=,1410048000#7459300
comments c,votes v#c.UserId=v.UserId#c.Score,=,0,v.VoteTypeId,=,5,v.CreationDate,>=,1279497600#7144898
comments c,votes v#c.UserId=v.UserId#c.CreationDate,<=,1410442971,v.BountyAmount,>=,0,v.BountyAmount,<=,100#458258
comments c,votes v#c.UserId=v.UserId#c.CreationDate,>=,1280247340,c.CreationDate,<=,1409910086,v.BountyAmount,<=,50#352076
comments c,votes v#c.UserId=v.UserId#c.Score,=,0,v.BountyAmount,>=,0,v.CreationDate,>=,1279584000#347005
comments c,votes v#c.UserId=v.UserId#c.Score,=,0,v.CreationDate,>=,1279584000,v.CreationDate,<=,1410134400#7469744
comments c,votes v#c.UserId=v.UserId#c.Score,=,0,c.CreationDate,=,1385077971,v.CreationDate,>=,1279584000#1
comments c,votes v#c.UserId=v.UserId#c.Score,=,0,c.CreationDate,>=,1279811172,c.CreationDate,<=,1410134202#7425873
comments c,votes v#c.UserId=v.UserId#c.Score,=,2,v.BountyAmount,<=,50,v.CreationDate,<=,1410220800#25269
comments c,votes v#c.UserId=v.UserId#c.CreationDate,>=,1280631279,v.BountyAmount,>=,0,v.CreationDate,<=,1409961600#504846
comments c,votes v#c.UserId=v.UserId#c.Score,=,0,v.CreationDate,>=,1280016000,v.CreationDate,<=,1410393600#7483819
comments c,votes v#c.UserId=v.UserId#c.CreationDate,<=,1410464594,v.CreationDate,>=,1279756800,v.CreationDate,<=,1410566400#11003083
comments c,votes v#c.UserId=v.UserId#c.CreationDate,<=,1410404011,v.BountyAmount,>=,0,v.CreationDate,>=,1280707200#506025
comments c,votes v#c.UserId=v.UserId#c.Score,=,1,v.BountyAmount,>=,0,v.CreationDate,>=,1279497600#100873
comments c,votes v#c.UserId=v.UserId#c.CreationDate,>=,1279598968,c.CreationDate,<=,1410523884,v.CreationDate,>=,1279497600#11012852
comments c,votes v#c.UserId=v.UserId#c.Score,=,0,v.BountyAmount,>=,0,v.BountyAmount,<=,50#243008
comments c,votes v#c.UserId=v.UserId#v.BountyAmount,>=,0,v.CreationDate,>=,1279497600,v.CreationDate,<=,1410480000#508114
comments c,votes v#c.UserId=v.UserId#c.CreationDate,>=,1279667848,c.CreationDate,<=,1410470617,v.CreationDate,<=,1410566400#11001973
comments c,votes v#c.UserId=v.UserId#c.Score,=,0,v.BountyAmount,>=,0,v.CreationDate,>=,1279670400#347005
comments c,votes v#c.UserId=v.UserId#c.CreationDate,>=,1279850050,v.BountyAmount,>=,0,v.BountyAmount,<=,50#356421
comments c,votes v#c.UserId=v.UserId#c.Score,=,0,v.CreationDate,>=,1279497600,v.CreationDate,<=,1409961600#7458140
comments c,votes v#c.UserId=v.UserId#v.BountyAmount,>=,0,v.BountyAmount,<=,50,v.CreationDate,<=,1410480000#356545
comments c,votes v#c.UserId=v.UserId#c.CreationDate,<=,1410428045,v.BountyAmount,>=,0,v.BountyAmount,<=,50#355521
comments c,votes v#c.UserId=v.UserId#c.CreationDate,<=,1410363638,v.CreationDate,>=,1233532800,v.CreationDate,<=,1410048000#10939331
comments c,votes v#c.UserId=v.UserId#c.CreationDate,>=,1281597340,c.CreationDate,<=,1409610865,v.CreationDate,<=,1410393600#10800774
comments c,votes v#c.UserId=v.UserId#c.Score,=,1,c.CreationDate,>=,1281417081,v.BountyAmount,<=,100#91095
comments c,votes v#c.UserId=v.UserId#c.Score,=,1,c.CreationDate,<=,1410017048,v.BountyAmount,<=,50#70364
comments c,votes v#c.UserId=v.UserId#c.CreationDate,<=,1410007966,v.CreationDate,>=,1279584000,v.CreationDate,<=,1410307200#10929877
comments c,votes v#c.UserId=v.UserId#c.CreationDate,>=,1282201112,c.CreationDate,<=,1410108912,v.CreationDate,<=,1410566400#10881700
comments c,votes v#c.UserId=v.UserId#c.Score,=,0,v.VoteTypeId,=,5,v.CreationDate,>=,1279584000#7144384
comments c,votes v#c.UserId=v.UserId#v.BountyAmount,>=,0,v.BountyAmount,<=,100,v.CreationDate,<=,1410480000#459497
comments c,votes v#c.UserId=v.UserId#c.Score,=,0,v.VoteTypeId,=,5,v.CreationDate,>=,1279670400#7143635
comments c,votes v#c.UserId=v.UserId#c.CreationDate,>=,1279579353,c.CreationDate,<=,1410362521,v.CreationDate,<=,1410307200#10983089
comments c,votes v#c.UserId=v.UserId#c.CreationDate,<=,1409650877,v.BountyAmount,<=,100,v.CreationDate,>=,1279670400#451673
comments c,votes v#c.UserId=v.UserId#c.CreationDate,=,1357822759,v.CreationDate,>=,1233532800,v.CreationDate,<=,1410566400#183
comments c,votes v#c.UserId=v.UserId#c.Score,=,0,c.CreationDate,>=,1281694341,c.CreationDate,<=,1410163531#7399136
comments c,votes v#c.UserId=v.UserId#v.BountyAmount,>=,0,v.BountyAmount,<=,50,v.CreationDate,>=,1233532800#356545
comments c,votes v#c.UserId=v.UserId#v.BountyAmount,<=,50,v.CreationDate,>=,1279670400,v.CreationDate,<=,1410480000#356545
comments c,votes v#c.UserId=v.UserId#c.Score,=,0,v.BountyAmount,>=,0,v.CreationDate,=,1361664000#25
comments c,votes v#c.UserId=v.UserId#v.BountyAmount,>=,0,v.CreationDate,>=,1279497600,v.CreationDate,<=,1410307200#508105
comments c,votes v#c.UserId=v.UserId#c.CreationDate,>=,1279759186,c.CreationDate,<=,1410296127,v.CreationDate,<=,1410393600#10964818
comments c,votes v#c.UserId=v.UserId#c.CreationDate,<=,1410524117,v.BountyAmount,>=,0,v.BountyAmount,<=,100#458789
comments c,votes v#c.UserId=v.UserId#c.Score,=,0,c.CreationDate,<=,1410529669,v.VoteTypeId,=,5#7133548
comments c,votes v#c.UserId=v.UserId#v.BountyAmount,>=,0,v.BountyAmount,<=,50,v.CreationDate,>=,1279497600#356545
comments c,votes v#c.UserId=v.UserId#c.CreationDate,>=,1285686665,c.CreationDate,<=,1410461210,v.BountyAmount,>=,0#500767
comments c,votes v#c.UserId=v.UserId#c.CreationDate,>=,1282701681,c.CreationDate,<=,1409423031,v.CreationDate,<=,1410480000#10742609
comments c,votes v#c.UserId=v.UserId#c.Score,=,0,v.CreationDate,>=,1279497600,v.CreationDate,<=,1410480000#7491297
comments c,votes v#c.UserId=v.UserId#c.CreationDate,<=,1410189243,v.CreationDate,>=,1279670400,v.CreationDate,<=,1410480000#10953394
comments c,votes v#c.UserId=v.UserId#c.Score,=,0,c.CreationDate,<=,1410190055,v.VoteTypeId,=,5#7092837
comments c,votes v#c.UserId=v.UserId#v.BountyAmount,>=,0,v.CreationDate,>=,1279584000,v.CreationDate,<=,1409356800#502320
comments c,votes v#c.UserId=v.UserId#c.Score,=,1,v.BountyAmount,>=,0,v.BountyAmount,<=,50#71021
comments c,votes v#c.UserId=v.UserId#v.BountyAmount,>=,0,v.CreationDate,>=,1279497600,v.CreationDate,<=,1410134400#505611
comments c,votes v#c.UserId=v.UserId#c.Score,=,1,c.CreationDate,>=,1285921720,v.BountyAmount,<=,150#93799
comments c,votes v#c.UserId=v.UserId#c.CreationDate,>=,1233586032,v.CreationDate,>=,1279670400,v.CreationDate,<=,1410480000#11028753
comments c,votes v#c.UserId=v.UserId#c.Score,=,0,v.BountyAmount,>=,0,v.BountyAmount,<=,100#314106
comments c,votes v#c.UserId=v.UserId#c.Score,=,1,c.CreationDate,>=,1280099944,c.CreationDate,<=,1409816439#2173467
comments c,votes v#c.UserId=v.UserId#c.Score,=,1,c.CreationDate,<=,1410602542,v.BountyAmount,>=,0#100837
comments c,votes v#c.UserId=v.UserId#c.Score,=,0,v.CreationDate,>=,1279497600,v.CreationDate,<=,1410307200#7489678
comments c,votes v#c.UserId=v.UserId#c.Score,=,0,v.BountyAmount,>=,0,v.BountyAmount,<=,50#243008
comments c,votes v#c.UserId=v.UserId#c.Score,=,0,v.CreationDate,>=,1279929600,v.CreationDate,<=,1409961600#7451330
comments c,votes v#c.UserId=v.UserId#c.Score,=,0,c.CreationDate,<=,1410245597,v.BountyAmount,<=,50#241155
comments c,votes v#c.UserId=v.UserId#c.Score,=,0,c.CreationDate,>=,1280251353,c.CreationDate,<=,1410463137#7462941
comments c,votes v#c.UserId=v.UserId#v.BountyAmount,>=,0,v.BountyAmount,<=,50,v.CreationDate,>=,1279584000#356545
comments c,votes v#c.UserId=v.UserId#c.CreationDate,>=,1279879775,v.BountyAmount,>=,0,v.BountyAmount,<=,50#356420
comments c,votes v#c.UserId=v.UserId#c.Score,=,0,c.CreationDate,<=,1409513012,v.CreationDate,=,1372291200#19179
comments c,votes v#c.UserId=v.UserId#c.Score,=,0,v.CreationDate,>=,1279756800,v.CreationDate,<=,1410220800#7485530
comments c,votes v#c.UserId=v.UserId#c.Score,=,0,v.BountyAmount,<=,100,v.CreationDate,>=,1279497600#314106
comments c,votes v#c.UserId=v.UserId#c.Score,=,0,c.CreationDate,<=,1410603650,v.CreationDate,>=,1279843200#7481309
comments c,votes v#c.UserId=v.UserId#c.Score,=,1,c.CreationDate,>=,1279701938,v.CreationDate,<=,1410566400#2200266
comments c,votes v#c.UserId=v.UserId#c.Score,=,0,c.CreationDate,<=,1409888547,v.VoteTypeId,=,5#7061752
comments c,votes v#c.UserId=v.UserId#c.CreationDate,>=,1279621154,c.CreationDate,<=,1410457806,v.BountyAmount,>=,0#506765
comments c,votes v#c.UserId=v.UserId#v.BountyAmount,<=,300,v.CreationDate,>=,1233532800,v.CreationDate,<=,1410480000#507000
comments c,votes v#c.UserId=v.UserId#c.CreationDate,>=,1279567347,v.BountyAmount,>=,0,v.BountyAmount,<=,100#459504
comments c,votes v#c.UserId=v.UserId#c.CreationDate,>=,1279639287,c.CreationDate,<=,1409298935,v.BountyAmount,<=,300#495670
comments c,votes v#c.UserId=v.UserId#c.Score,=,0,v.CreationDate,>=,1279670400,v.CreationDate,<=,1410307200#7488415
comments c,votes v#c.UserId=v.UserId#c.Score,=,0,v.CreationDate,>=,1280102400,v.CreationDate,<=,1410393600#7480600
comments c,votes v#c.UserId=v.UserId#c.Score,=,1,v.VoteTypeId,=,5,v.CreationDate,=,1397260800#575
comments c,votes v#c.UserId=v.UserId#c.Score,=,0,c.CreationDate,>=,1281023153,c.CreationDate,<=,1410491417#7451637
comments c,votes v#c.UserId=v.UserId#c.CreationDate,<=,1410561219,v.BountyAmount,>=,0,v.BountyAmount,<=,100#459071
comments c,votes v#c.UserId=v.UserId#v.BountyAmount,>=,0,v.BountyAmount,<=,50,v.CreationDate,<=,1410048000#356529
comments c,votes v#c.UserId=v.UserId#c.CreationDate,<=,1409150498,v.BountyAmount,>=,0,v.BountyAmount,<=,50#347432
comments c,votes v#c.UserId=v.UserId#c.Score,=,0,c.CreationDate,>=,1279921212,v.BountyAmount,<=,50#242934
comments c,votes v#c.UserId=v.UserId#c.Score,=,0,c.CreationDate,<=,1409800659,v.BountyAmount,>=,0#341910
comments c,votes v#c.UserId=v.UserId#c.Score,=,0,c.CreationDate,>=,1279606128,c.CreationDate,<=,1410259846#7443635
comments c,votes v#c.UserId=v.UserId#c.CreationDate,=,1388514311,v.CreationDate,>=,1279497600,v.CreationDate,<=,1410307200#8
comments c,votes v#c.UserId=v.UserId#v.BountyAmount,>=,0,v.CreationDate,>=,1279584000,v.CreationDate,<=,1410393600#508105
comments c,votes v#c.UserId=v.UserId#c.Score,=,0,v.BountyAmount,>=,0,v.BountyAmount,<=,100#314106
comments c,votes v#c.UserId=v.UserId#c.CreationDate,<=,1410292709,v.BountyAmount,>=,0,v.CreationDate,<=,1409616000#499688
comments c,votes v#c.UserId=v.UserId#c.CreationDate,>=,1282213304,c.CreationDate,<=,1409872209,v.CreationDate,>=,1279497600#10846716
comments c,votes v#c.UserId=v.UserId#c.Score,=,1,c.CreationDate,<=,1410545940,v.CreationDate,>=,1233619200#2199772
comments c,votes v#c.UserId=v.UserId#c.CreationDate,>=,1285109187,c.CreationDate,<=,1410403716,v.CreationDate,<=,1410220800#10812827
comments c,votes v#c.UserId=v.UserId#c.Score,=,0,v.VoteTypeId,=,5,v.CreationDate,=,1359417600#918
comments c,votes v#c.UserId=v.UserId#c.CreationDate,>=,1279620077,c.CreationDate,<=,1410443924,v.BountyAmount,>=,0#506696
comments c,votes v#c.UserId=v.UserId#c.CreationDate,>=,1280714876,v.BountyAmount,>=,0,v.BountyAmount,<=,50#356268
comments c,votes v#c.UserId=v.UserId#c.CreationDate,>=,1285103373,c.CreationDate,<=,1410124697,v.BountyAmount,<=,50#349721
comments c,votes v#c.UserId=v.UserId#c.CreationDate,<=,1409235103,v.BountyAmount,>=,0,v.BountyAmount,<=,50#348056
comments c,votes v#c.UserId=v.UserId#c.Score,=,0,v.BountyAmount,>=,0,v.CreationDate,<=,1410220800#346954
comments c,votes v#c.UserId=v.UserId#c.CreationDate,<=,1410468934,v.CreationDate,>=,1280534400,v.CreationDate,<=,1410220800#10971827
comments c,votes v#c.UserId=v.UserId#c.CreationDate,<=,1410388030,v.CreationDate,>=,1279497600,v.CreationDate,<=,1410393600#10992208
comments c,votes v#c.UserId=v.UserId#c.CreationDate,>=,1280788816,c.CreationDate,<=,1410245173,v.CreationDate,=,1397088000#18305
comments c,votes v#c.UserId=v.UserId#v.BountyAmount,>=,0,v.BountyAmount,<=,50,v.CreationDate,<=,1410307200#356536
comments c,votes v#c.UserId=v.UserId#c.Score,=,0,v.BountyAmount,>=,0,v.BountyAmount,<=,50#243008
comments c,votes v#c.UserId=v.UserId#c.CreationDate,>=,1279815215,v.BountyAmount,>=,0,v.BountyAmount,<=,100#459361
comments c,votes v#c.UserId=v.UserId#c.Score,=,0,v.BountyAmount,>=,0,v.CreationDate,>=,1279497600#347005
comments c,votes v#c.UserId=v.UserId#c.CreationDate,<=,1410522519,v.VoteTypeId,=,5,v.CreationDate,>=,1279497600#10507671
comments c,votes v#c.UserId=v.UserId#c.Score,=,0,c.CreationDate,>=,1282696951,v.CreationDate,<=,1409616000#7389117
comments c,votes v#c.UserId=v.UserId#c.Score,=,0,c.CreationDate,<=,1409674082,v.CreationDate,>=,1279584000#7371995
comments c,votes v#c.UserId=v.UserId#c.CreationDate,>=,1281381821,c.CreationDate,<=,1410463137,v.BountyAmount,>=,0#506203
comments c,votes v#c.UserId=v.UserId#c.CreationDate,>=,1280297486,v.BountyAmount,<=,50,v.CreationDate,>=,1279497600#356306
comments c,votes v#c.UserId=v.UserId#c.Score,=,0,c.CreationDate,>=,1279582523,c.CreationDate,<=,1409531019#7352210
comments c,votes v#c.UserId=v.UserId#c.Score,=,0,c.CreationDate,>=,1287534772,c.CreationDate,<=,1410209847#7207738
comments c,votes v#c.UserId=v.UserId#c.Score,=,0,c.CreationDate,<=,1409147699,v.CreationDate,>=,1280275200#7291966
comments c,votes v#c.UserId=v.UserId#c.Score,=,0,c.CreationDate,<=,1410312261,v.CreationDate,<=,1410566400#7452084
comments c,votes v#c.UserId=v.UserId#c.Score,=,0,c.CreationDate,<=,1409423031,v.CreationDate,>=,1279584000#7340771
comments c,votes v#c.UserId=v.UserId#c.Score,=,0,v.CreationDate,>=,1279497600,v.CreationDate,<=,1410652800#7491903
comments c,votes v#c.UserId=v.UserId#c.CreationDate,>=,1279840541,c.CreationDate,<=,1410561219,v.CreationDate,<=,1410134400#10981598
comments c,votes v#c.UserId=v.UserId#c.Score,=,0,c.CreationDate,>=,1280960634,c.CreationDate,<=,1410137338#7408061
comments c,votes v#c.UserId=v.UserId#v.BountyAmount,<=,50,v.CreationDate,>=,1279670400,v.CreationDate,<=,1410220800#356536
comments c,votes v#c.UserId=v.UserId#v.BountyAmount,>=,0,v.CreationDate,>=,1279584000,v.CreationDate,<=,1410480000#508114
comments c,votes v#c.UserId=v.UserId#c.Score,=,1,v.CreationDate,>=,1279497600,v.CreationDate,<=,1410307200#2201845
comments c,votes v#c.UserId=v.UserId#c.Score,=,0,v.BountyAmount,>=,0,v.BountyAmount,<=,200#344741
comments c,votes v#c.UserId=v.UserId#c.Score,=,0,c.CreationDate,>=,1279608160,v.CreationDate,>=,1279843200#7484737
comments c,votes v#c.UserId=v.UserId#c.CreationDate,>=,1279724541,v.CreationDate,>=,1279584000,v.CreationDate,<=,1410480000#11023329
comments c,votes v#c.UserId=v.UserId#c.Score,=,0,c.CreationDate,>=,1284561587,c.CreationDate,<=,1410520630#7376479
badges b,posts p#b.UserId=p.OwnerUserId#b.Date,>=,1282857985,p.Score,=,3,p.CommentCount,>=,0#480225
badges b,posts p#b.UserId=p.OwnerUserId#b.Date,=,1403103564,p.CommentCount,=,0,p.FavoriteCount,<=,13#2
badges b,posts p#b.UserId=p.OwnerUserId#p.Score,<=,22,p.FavoriteCount,>=,0,p.CreationDate,<=,1409301826#202431
badges b,posts p#b.UserId=p.OwnerUserId#b.Date,<=,1409990641,p.AnswerCount,>=,0,p.CreationDate,>=,1280538488#442567
badges b,posts p#b.UserId=p.OwnerUserId#p.CommentCount,>=,0,p.CommentCount,<=,11,p.CreationDate,>=,1285684229#3473338
badges b,posts p#b.UserId=p.OwnerUserId#p.Score,<=,12,p.AnswerCount,<=,4,p.CreationDate,>=,1280175526#405080
badges b,posts p#b.UserId=p.OwnerUserId#p.AnswerCount,=,0,p.FavoriteCount,>=,0,p.FavoriteCount,<=,4#19642
badges b,posts p#b.UserId=p.OwnerUserId#p.Score,>=,-3,p.FavoriteCount,>=,0,p.FavoriteCount,<=,14#205020
badges b,posts p#b.UserId=p.OwnerUserId#b.Date,<=,1408056651,p.Score,<=,12,p.ViewCount,>=,0#403152
badges b,posts p#b.UserId=p.OwnerUserId#b.Date,>=,1279695193,b.Date,<=,1410216057,p.AnswerCount,<=,4#426795
badges b,posts p#b.UserId=p.OwnerUserId#b.Date,>=,1279710792,b.Date,<=,1410526582,p.Score,>=,-1#3705437
badges b,posts p#b.UserId=p.OwnerUserId#p.PostTypeId,=,2,p.CommentCount,>=,0,p.CreationDate,>=,1279623666#3105835
badges b,posts p#b.UserId=p.OwnerUserId#p.ViewCount,>=,0,p.ViewCount,<=,2289,p.FavoriteCount,<=,4#153151
badges b,posts p#b.UserId=p.OwnerUserId#b.Date,<=,1410358490,p.AnswerCount,>=,0,p.FavoriteCount,=,0#8941
badges b,posts p#b.UserId=p.OwnerUserId#b.Date,>=,1280222025,p.Score,<=,26,p.FavoriteCount,<=,3#155973
badges b,posts p#b.UserId=p.OwnerUserId#p.CommentCount,>=,0,p.CommentCount,<=,10,p.FavoriteCount,>=,0#212358
badges b,posts p#b.UserId=p.OwnerUserId#b.Date,<=,1409843137,p.AnswerCount,>=,0,p.AnswerCount,<=,3#409388
badges b,posts p#b.UserId=p.OwnerUserId#p.ViewCount,<=,9102,p.CommentCount,>=,0,p.FavoriteCount,<=,3#156277
badges b,posts p#b.UserId=p.OwnerUserId#b.Date,=,1353276716,p.Score,<=,27,p.CreationDate,>=,1287046771#47
badges b,posts p#b.UserId=p.OwnerUserId#p.ViewCount,<=,4711,p.CommentCount,>=,0,p.CommentCount,<=,14#431258
badges b,posts p#b.UserId=p.OwnerUserId#p.AnswerCount,>=,0,p.FavoriteCount,>=,0,p.FavoriteCount,<=,5#178501
badges b,posts p#b.UserId=p.OwnerUserId#b.Date,>=,1280222027,b.Date,<=,1409874360,p.ViewCount,>=,0#445883
badges b,posts p#b.UserId=p.OwnerUserId#p.AnswerCount,<=,3,p.FavoriteCount,>=,0,p.CreationDate,>=,1280252675#178723
badges b,posts p#b.UserId=p.OwnerUserId#p.PostTypeId,=,1,p.AnswerCount,>=,0,p.FavoriteCount,<=,5#178501
badges b,posts p#b.UserId=p.OwnerUserId#b.Date,>=,1281035795,p.Score,>=,-2,p.Score,<=,87#3687583
badges b,posts p#b.UserId=p.OwnerUserId#b.Date,<=,1410270823,p.Score,>=,-1,p.FavoriteCount,>=,0#216561
badges b,posts p#b.UserId=p.OwnerUserId#p.AnswerCount,>=,0,p.FavoriteCount,>=,0,p.CreationDate,>=,1279687730#214132
badges b,posts p#b.UserId=p.OwnerUserId#b.Date,<=,1410426946,p.PostTypeId,=,1,p.CreationDate,>=,1283520115#431746
badges b,posts p#b.UserId=p.OwnerUserId#p.Score,>=,-1,p.Score,<=,14,p.CommentCount,>=,0#3566380
badges b,posts p#b.UserId=p.OwnerUserId#p.PostTypeId,=,2,p.CommentCount,=,3,p.CreationDate,>=,1280922493#280709
badges b,posts p#b.UserId=p.OwnerUserId#p.AnswerCount,=,0,p.FavoriteCount,>=,0,p.FavoriteCount,<=,34#19873
badges b,posts p#b.UserId=p.OwnerUserId#b.Date,>=,1279568348,b.Date,<=,1410432739,p.ViewCount,>=,0#451587
badges b,posts p#b.UserId=p.OwnerUserId#p.Score,<=,15,p.ViewCount,<=,976,p.FavoriteCount,>=,0#132093
badges b,posts p#b.UserId=p.OwnerUserId#p.CommentCount,>=,0,p.CreationDate,>=,1283265058,p.CreationDate,<=,1408772014#3539287
badges b,posts p#b.UserId=p.OwnerUserId#p.PostTypeId,=,2,p.Score,>=,-4,p.Score,<=,13#2965876
badges b,posts p#b.UserId=p.OwnerUserId#p.PostTypeId,=,1,p.AnswerCount,=,1,p.FavoriteCount,>=,0#75067
badges b,posts p#b.UserId=p.OwnerUserId#b.Date,>=,1280779511,b.Date,<=,1409486841,p.CommentCount,>=,0#3638821
badges b,posts p#b.UserId=p.OwnerUserId#b.Date,<=,1410295150,p.Score,>=,-1,p.FavoriteCount,>=,0#216616
badges b,posts p#b.UserId=p.OwnerUserId#p.ViewCount,>=,0,p.AnswerCount,>=,0,p.CommentCount,<=,12#448995
badges b,posts p#b.UserId=p.OwnerUserId#p.PostTypeId,=,1,p.ViewCount,>=,0,p.FavoriteCount,<=,8#194632
badges b,posts p#b.UserId=p.OwnerUserId#p.PostTypeId,=,2,p.Score,>=,0,p.Score,<=,36#3087102
badges b,posts p#b.UserId=p.OwnerUserId#b.Date,>=,1279580347,b.Date,<=,1407442983,p.PostTypeId,=,1#438233
badges b,posts p#b.UserId=p.OwnerUserId#p.PostTypeId,=,1,p.ViewCount,>=,0,p.ViewCount,<=,75058#452550
badges b,posts p#b.UserId=p.OwnerUserId#p.Score,<=,22,p.FavoriteCount,<=,8,p.CreationDate,>=,1279639433#191791
badges b,posts p#b.UserId=p.OwnerUserId#p.PostTypeId,=,2,p.CreationDate,>=,1288650127,p.CreationDate,<=,1410264050#2862895
badges b,posts p#b.UserId=p.OwnerUserId#p.Score,>=,-1,p.Score,<=,17,p.CommentCount,<=,12#3577649
badges b,posts p#b.UserId=p.OwnerUserId#p.PostTypeId,=,2,p.Score,>=,-1,p.Score,<=,19#3041664
badges b,posts p#b.UserId=p.OwnerUserId#p.Score,<=,58,p.AnswerCount,>=,0,p.CreationDate,<=,1410457151#449933
badges b,posts p#b.UserId=p.OwnerUserId#p.Score,<=,11,p.CommentCount,<=,11,p.FavoriteCount,<=,6#165530
badges b,posts p#b.UserId=p.OwnerUserId#p.AnswerCount,<=,4,p.CommentCount,>=,0,p.FavoriteCount,>=,0#195774
badges b,posts p#b.UserId=p.OwnerUserId#p.AnswerCount,<=,3,p.CommentCount,<=,24,p.FavoriteCount,>=,0#180582
badges b,posts p#b.UserId=p.OwnerUserId#b.Date,>=,1279568347,b.Date,<=,1410631710,p.Score,<=,26#3679342
badges b,posts p#b.UserId=p.OwnerUserId#b.Date,<=,1410293953,p.AnswerCount,>=,0,p.CommentCount,=,6#17850
badges b,posts p#b.UserId=p.OwnerUserId#p.ViewCount,<=,6191,p.AnswerCount,>=,0,p.AnswerCount,<=,7#433491
badges b,posts p#b.UserId=p.OwnerUserId#b.Date,>=,1279665751,b.Date,<=,1410531682,p.CommentCount,<=,30#3710420
badges b,posts p#b.UserId=p.OwnerUserId#p.Score,<=,41,p.AnswerCount,>=,0,p.CreationDate,>=,1288126621#415898
badges b,posts p#b.UserId=p.OwnerUserId#b.Date,>=,1280657394,p.PostTypeId,=,1,p.Score,>=,0#443898
badges b,posts p#b.UserId=p.OwnerUserId#p.PostTypeId,=,1,p.ViewCount,<=,7210,p.AnswerCount,=,3#34663
badges b,posts p#b.UserId=p.OwnerUserId#p.Score,<=,35,p.ViewCount,<=,1158,p.CommentCount,<=,12#363732
badges b,posts p#b.UserId=p.OwnerUserId#b.Date,<=,1410491987,p.Score,>=,-5,p.Score,<=,16#3599311
badges b,posts p#b.UserId=p.OwnerUserId#b.Date,>=,1279611248,p.PostTypeId,=,1,p.CommentCount,<=,24#450949
badges b,posts p#b.UserId=p.OwnerUserId#b.Date,<=,1410450799,p.ViewCount,<=,5220,p.AnswerCount,<=,3#403152
badges b,posts p#b.UserId=p.OwnerUserId#p.Score,>=,-4,p.Score,<=,18,p.ViewCount,<=,2872#408411
badges b,posts p#b.UserId=p.OwnerUserId#b.Date,<=,1409177621,p.CreationDate,>=,1280249205,p.CreationDate,<=,1408491571#3552271
badges b,posts p#b.UserId=p.OwnerUserId#p.Score,>=,-1,p.AnswerCount,=,3,p.CommentCount,>=,0#36381
badges b,posts p#b.UserId=p.OwnerUserId#b.Date,<=,1410366444,p.ViewCount,<=,2148,p.CommentCount,<=,9#391473
badges b,posts p#b.UserId=p.OwnerUserId#b.Date,<=,1409318439,p.PostTypeId,=,1,p.Score,>=,-3#447351
badges b,posts p#b.UserId=p.OwnerUserId#b.Date,<=,1410425752,p.Score,>=,-3,p.CreationDate,>=,1279568104#3716548
badges b,posts p#b.UserId=p.OwnerUserId#b.Date,=,1352905469,p.FavoriteCount,>=,0,p.CreationDate,>=,1280188104#1
badges b,posts p#b.UserId=p.OwnerUserId#b.Date,>=,1287662107,b.Date,<=,1407885058,p.PostTypeId,=,1#422361
badges b,posts p#b.UserId=p.OwnerUserId#b.Date,>=,1284487813,p.AnswerCount,>=,0,p.FavoriteCount,>=,0#208729
badges b,posts p#b.UserId=p.OwnerUserId#b.Date,>=,1280003613,p.AnswerCount,>=,0,p.AnswerCount,<=,5#435215
badges b,posts p#b.UserId=p.OwnerUserId#b.Date,<=,1409586984,p.PostTypeId,=,1,p.AnswerCount,>=,0#448460
badges b,posts p#b.UserId=p.OwnerUserId#p.Score,>=,0,p.CommentCount,>=,0,p.CommentCount,<=,11#3659498
badges b,posts p#b.UserId=p.OwnerUserId#p.AnswerCount,>=,0,p.AnswerCount,<=,4,p.FavoriteCount,=,0#8891
badges b,posts p#b.UserId=p.OwnerUserId#b.Date,>=,1284438259,p.ViewCount,>=,0,p.ViewCount,<=,2657#404036
badges b,posts p#b.UserId=p.OwnerUserId#p.PostTypeId,=,2,p.CreationDate,>=,1279568082,p.CreationDate,<=,1410295253#3103707
badges b,posts p#b.UserId=p.OwnerUserId#p.PostTypeId,=,1,p.Score,=,2,p.FavoriteCount,<=,18#22114
badges b,posts p#b.UserId=p.OwnerUserId#p.CommentCount,>=,0,p.CommentCount,<=,9,p.CreationDate,<=,1410387975#3613936
badges b,posts p#b.UserId=p.OwnerUserId#p.PostTypeId,=,1,p.AnswerCount,=,0,p.FavoriteCount,<=,10#19873
badges b,posts p#b.UserId=p.OwnerUserId#p.PostTypeId,=,1,p.FavoriteCount,>=,0,p.FavoriteCount,<=,7#191341
badges b,posts p#b.UserId=p.OwnerUserId#p.AnswerCount,>=,0,p.AnswerCount,<=,3,p.FavoriteCount,>=,0#180613
badges b,posts p#b.UserId=p.OwnerUserId#p.AnswerCount,>=,0,p.CommentCount,>=,0,p.FavoriteCount,<=,11#201983
badges b,posts p#b.UserId=p.OwnerUserId#p.PostTypeId,=,2,p.Score,>=,-1,p.Score,<=,50#3103614
badges b,posts p#b.UserId=p.OwnerUserId#p.PostTypeId,=,1,p.Score,<=,29,p.ViewCount,>=,0#444058
badges b,posts p#b.UserId=p.OwnerUserId#p.ViewCount,>=,0,p.FavoriteCount,<=,4,p.CreationDate,<=,1410457151#169353
badges b,posts p#b.UserId=p.OwnerUserId#p.Score,>=,0,p.CommentCount,>=,0,p.CommentCount,<=,12#3675077
badges b,posts p#b.UserId=p.OwnerUserId#p.PostTypeId,=,2,p.Score,>=,0,p.Score,<=,30#3079150
badges b,posts p#b.UserId=p.OwnerUserId#p.ViewCount,>=,0,p.ViewCount,<=,2503,p.FavoriteCount,<=,17#178448
badges b,posts p#b.UserId=p.OwnerUserId#p.Score,=,5,p.AnswerCount,>=,0,p.CommentCount,<=,9#25695
badges b,posts p#b.UserId=p.OwnerUserId#b.Date,>=,1279568350,b.Date,<=,1410530192,p.PostTypeId,=,2#3110643
badges b,posts p#b.UserId=p.OwnerUserId#p.Score,>=,0,p.ViewCount,<=,21588,p.CommentCount,=,0#172273
badges b,posts p#b.UserId=p.OwnerUserId#p.PostTypeId,=,1,p.FavoriteCount,>=,0,p.FavoriteCount,<=,8#194632
badges b,posts p#b.UserId=p.OwnerUserId#p.AnswerCount,=,2,p.CommentCount,>=,0,p.CommentCount,<=,10#96479
badges b,posts p#b.UserId=p.OwnerUserId#p.Score,>=,-1,p.Score,<=,15,p.CreationDate,>=,1279603384#3576311
badges b,posts p#b.UserId=p.OwnerUserId#b.Date,>=,1290999988,p.ViewCount,<=,1913,p.FavoriteCount,>=,0#158377
badges b,posts p#b.UserId=p.OwnerUserId#b.Date,>=,1280222024,p.ViewCount,<=,45297,p.CommentCount,<=,10#439481
badges b,posts p#b.UserId=p.OwnerUserId#p.PostTypeId,=,2,p.CommentCount,>=,0,p.CommentCount,<=,11#3063446
badges b,posts p#b.UserId=p.OwnerUserId#b.Date,<=,1410599655,p.ViewCount,=,10871,p.AnswerCount,>=,0#54
badges b,posts p#b.UserId=p.OwnerUserId#p.PostTypeId,=,2,p.CommentCount,>=,0,p.CreationDate,<=,1410103220#3099477
badges b,posts p#b.UserId=p.OwnerUserId#p.PostTypeId,=,1,p.CommentCount,>=,0,p.CreationDate,>=,1281981703#440350
badges b,posts p#b.UserId=p.OwnerUserId#b.Date,<=,1409260168,p.Score,=,2,p.FavoriteCount,>=,0#21836
badges b,posts p#b.UserId=p.OwnerUserId#p.PostTypeId,=,1,p.AnswerCount,>=,0,p.FavoriteCount,>=,0#217519
badges b,posts p#b.UserId=p.OwnerUserId#p.CommentCount,>=,0,p.FavoriteCount,>=,0,p.FavoriteCount,<=,10#200559
badges b,posts p#b.UserId=p.OwnerUserId#b.Date,>=,1285956314,b.Date,<=,1408707957,p.ViewCount,<=,4712#411876
badges b,posts p#b.UserId=p.OwnerUserId#p.PostTypeId,=,1,p.Score,>=,-3,p.Score,<=,11#407936
badges b,posts p#b.UserId=p.OwnerUserId#p.ViewCount,<=,3128,p.AnswerCount,>=,0,p.AnswerCount,<=,4#408018
badges b,posts p#b.UserId=p.OwnerUserId#p.PostTypeId,=,1,p.CommentCount,>=,0,p.FavoriteCount,<=,6#185469
badges b,posts p#b.UserId=p.OwnerUserId#p.PostTypeId,=,1,p.Score,<=,16,p.AnswerCount,<=,5#424657
badges b,posts p#b.UserId=p.OwnerUserId#b.Date,<=,1409155154,p.PostTypeId,=,2,p.CommentCount,>=,0#3052302
badges b,posts p#b.UserId=p.OwnerUserId#b.Date,>=,1279792698,b.Date,<=,1409271733,p.FavoriteCount,<=,6#181996
badges b,posts p#b.UserId=p.OwnerUserId#p.PostTypeId,=,1,p.Score,>=,0,p.CommentCount,<=,10#440728
badges b,posts p#b.UserId=p.OwnerUserId#p.PostTypeId,=,2,p.CreationDate,>=,1279567948,p.CreationDate,<=,1409153215#3070310
badges b,posts p#b.UserId=p.OwnerUserId#b.Date,>=,1279636752,p.ViewCount,<=,5271,p.CreationDate,>=,1279569403#433201
badges b,posts p#b.UserId=p.OwnerUserId#b.Date,<=,1410362061,p.AnswerCount,>=,0,p.AnswerCount,<=,3#410757
badges b,posts p#b.UserId=p.OwnerUserId#p.CommentCount,<=,12,p.FavoriteCount,<=,74,p.CreationDate,>=,1280176485#209490
badges b,posts p#b.UserId=p.OwnerUserId#b.Date,=,1323718684,p.CreationDate,>=,1279631322,p.CreationDate,<=,1408249083#234
badges b,posts p#b.UserId=p.OwnerUserId#b.Date,>=,1280172822,p.FavoriteCount,>=,0,p.FavoriteCount,<=,4#167872
badges b,posts p#b.UserId=p.OwnerUserId#p.PostTypeId,=,2,p.Score,>=,0,p.Score,<=,96#3105568
badges b,posts p#b.UserId=p.OwnerUserId#b.Date,>=,1279687992,p.AnswerCount,>=,0,p.AnswerCount,<=,5#436021
badges b,posts p#b.UserId=p.OwnerUserId#p.ViewCount,>=,0,p.FavoriteCount,<=,135,p.CreationDate,>=,1280843943#209884
badges b,posts p#b.UserId=p.OwnerUserId#p.ViewCount,>=,0,p.AnswerCount,>=,0,p.AnswerCount,<=,4#430319
badges b,posts p#b.UserId=p.OwnerUserId#p.PostTypeId,=,1,p.CommentCount,>=,0,p.CommentCount,<=,11#446837
badges b,posts p#b.UserId=p.OwnerUserId#p.Score,<=,23,p.ViewCount,>=,0,p.AnswerCount,>=,0#439525
badges b,posts p#b.UserId=p.OwnerUserId#p.Score,>=,-4,p.AnswerCount,>=,0,p.CommentCount,>=,0#452544
badges b,posts p#b.UserId=p.OwnerUserId#b.Date,<=,1405527085,p.PostTypeId,=,1,p.CreationDate,>=,1280209244#421939
badges b,posts p#b.UserId=p.OwnerUserId#p.ViewCount,>=,0,p.ViewCount,<=,1505,p.AnswerCount,>=,0#385133
badges b,posts p#b.UserId=p.OwnerUserId#b.Date,<=,1409177621,p.FavoriteCount,>=,0,p.CreationDate,>=,1287822148#185703
badges b,posts p#b.UserId=p.OwnerUserId#p.AnswerCount,=,0,p.CommentCount,<=,12,p.CreationDate,<=,1409762833#89862
badges b,posts p#b.UserId=p.OwnerUserId#p.ViewCount,>=,0,p.ViewCount,<=,13526,p.CreationDate,<=,1410637817#447151
badges b,posts p#b.UserId=p.OwnerUserId#b.Date,=,1396160490,p.AnswerCount,>=,0,p.CommentCount,>=,0#2
badges b,posts p#b.UserId=p.OwnerUserId#b.Date,>=,1279724892,p.CommentCount,>=,0,p.FavoriteCount,>=,0#215349
badges b,posts p#b.UserId=p.OwnerUserId#p.PostTypeId,=,1,p.Score,=,3,p.CommentCount,<=,15#52188
badges b,posts p#b.UserId=p.OwnerUserId#b.Date,>=,1279627153,b.Date,<=,1409929867,p.CommentCount,<=,10#3607883
badges b,posts p#b.UserId=p.OwnerUserId#p.ViewCount,>=,0,p.ViewCount,<=,5016,p.CreationDate,<=,1410368913#433785
badges b,posts p#b.UserId=p.OwnerUserId#b.Date,<=,1410629929,p.PostTypeId,=,1,p.CommentCount,=,4#34310
badges b,posts p#b.UserId=p.OwnerUserId#b.Date,<=,1409829146,p.PostTypeId,=,1,p.FavoriteCount,>=,0#216246
badges b,posts p#b.UserId=p.OwnerUserId#b.Date,>=,1279573446,b.Date,<=,1407850651,p.PostTypeId,=,2#2993226
badges b,posts p#b.UserId=p.OwnerUserId#b.Date,<=,1409515597,p.FavoriteCount,>=,0,p.FavoriteCount,<=,43#212681
badges b,posts p#b.UserId=p.OwnerUserId#p.AnswerCount,>=,0,p.AnswerCount,<=,5,p.FavoriteCount,<=,4#167106
badges b,posts p#b.UserId=p.OwnerUserId#b.Date,>=,1280238824,b.Date,<=,1409601690,p.FavoriteCount,<=,10#196111
badges b,posts p#b.UserId=p.OwnerUserId#b.Date,>=,1279769896,b.Date,<=,1410379226,p.Score,>=,-1#3698194
badges b,posts p#b.UserId=p.OwnerUserId#b.Date,<=,1410344299,p.CommentCount,<=,11,p.CreationDate,>=,1239522807#3656587
badges b,posts p#b.UserId=p.OwnerUserId#b.Date,<=,1409865834,p.CommentCount,<=,8,p.CreationDate,>=,1282806298#3427917
badges b,posts p#b.UserId=p.OwnerUserId#p.AnswerCount,<=,4,p.CommentCount,>=,0,p.CreationDate,<=,1408521177#423168
badges b,posts p#b.UserId=p.OwnerUserId#p.Score,<=,17,p.CommentCount,<=,11,p.FavoriteCount,<=,5#174093
badges b,posts p#b.UserId=p.OwnerUserId#b.Date,<=,1410490914,p.AnswerCount,<=,5,p.CreationDate,>=,1288365837#409457
badges b,posts p#b.UserId=p.OwnerUserId#p.PostTypeId,=,1,p.Score,>=,-1,p.AnswerCount,<=,4#429192
badges b,posts p#b.UserId=p.OwnerUserId#p.Score,<=,10,p.CommentCount,>=,0,p.CreationDate,=,1410528076#104
badges b,posts p#b.UserId=p.OwnerUserId#p.Score,>=,0,p.Score,<=,19,p.AnswerCount,>=,0#431433
badges b,posts p#b.UserId=p.OwnerUserId#b.Date,>=,1280219324,b.Date,<=,1408239726,p.Score,>=,0#3574146
badges b,posts p#b.UserId=p.OwnerUserId#b.Date,<=,1409157635,p.ViewCount,<=,4463,p.FavoriteCount,<=,14#189391
badges b,posts p#b.UserId=p.OwnerUserId#b.Date,<=,1409241682,p.CommentCount,<=,15,p.FavoriteCount,<=,20#206769
badges b,posts p#b.UserId=p.OwnerUserId#p.PostTypeId,=,2,p.Score,<=,20,p.CreationDate,>=,1280252255#3024541
badges b,posts p#b.UserId=p.OwnerUserId#b.Date,>=,1279568647,b.Date,<=,1408696316,p.PostTypeId,=,1#445059
badges b,posts p#b.UserId=p.OwnerUserId#b.Date,>=,1279619348,p.PostTypeId,=,1,p.ViewCount,>=,0#450833
badges b,posts p#b.UserId=p.OwnerUserId#p.PostTypeId,=,2,p.Score,<=,22,p.CreationDate,>=,1282051207#2996643
badges b,posts p#b.UserId=p.OwnerUserId#b.Date,>=,1287640664,p.CommentCount,>=,0,p.CommentCount,<=,11#3539319
badges b,posts p#b.UserId=p.OwnerUserId#p.Score,>=,-1,p.Score,<=,9,p.CreationDate,>=,1280411467#3331558
badges b,posts p#b.UserId=p.OwnerUserId#p.AnswerCount,>=,0,p.CommentCount,=,5,p.FavoriteCount,<=,12#10125
badges b,posts p#b.UserId=p.OwnerUserId#b.Date,<=,1410486556,p.AnswerCount,=,0,p.FavoriteCount,=,0#2761
badges b,posts p#b.UserId=p.OwnerUserId#p.AnswerCount,>=,0,p.CreationDate,>=,1280001048,p.CreationDate,<=,1410241382#445885
badges b,posts p#b.UserId=p.OwnerUserId#p.Score,=,1,p.AnswerCount,<=,5,p.CommentCount,=,0#36212
badges b,posts p#b.UserId=p.OwnerUserId#p.ViewCount,>=,0,p.AnswerCount,<=,4,p.FavoriteCount,>=,0#195774
badges b,posts p#b.UserId=p.OwnerUserId#p.CommentCount,<=,19,p.FavoriteCount,>=,0,p.FavoriteCount,<=,11#201824
badges b,posts p#b.UserId=p.OwnerUserId#b.Date,=,1309840646,p.ViewCount,>=,0,p.ViewCount,<=,10785#3
badges b,posts p#b.UserId=p.OwnerUserId#b.Date,>=,1280176422,b.Date,<=,1409320811,p.PostTypeId,=,2#3041040
badges b,posts p#b.UserId=p.OwnerUserId#b.Date,>=,1281872875,b.Date,<=,1405527085,p.CommentCount,<=,14#3393936
badges b,posts p#b.UserId=p.OwnerUserId#p.Score,>=,0,p.CommentCount,>=,0,p.CreationDate,=,1377896961#1
badges b,posts p#b.UserId=p.OwnerUserId#p.Score,<=,68,p.ViewCount,<=,4157,p.AnswerCount,>=,0#429354
badges b,posts p#b.UserId=p.OwnerUserId#b.Date,=,1389257438,p.ViewCount,>=,0,p.FavoriteCount,<=,3#1
badges b,posts p#b.UserId=p.OwnerUserId#p.Score,>=,-1,p.AnswerCount,<=,8,p.CommentCount,<=,15#444378
badges b,posts p#b.UserId=p.OwnerUserId#b.Date,>=,1288128432,b.Date,<=,1410368999,p.CreationDate,<=,1409836457#3551275
badges b,posts p#b.UserId=p.OwnerUserId#b.Date,<=,1410333074,p.FavoriteCount,=,0,p.CreationDate,<=,1410527660#8939
badges b,posts p#b.UserId=p.OwnerUserId#p.AnswerCount,<=,14,p.CommentCount,=,2,p.FavoriteCount,>=,0#30974
badges b,posts p#b.UserId=p.OwnerUserId#p.Score,<=,21,p.FavoriteCount,<=,5,p.CreationDate,>=,1279570704#177454
badges b,posts p#b.UserId=p.OwnerUserId#p.PostTypeId,=,1,p.ViewCount,>=,0,p.CreationDate,>=,1282148937#438966
badges b,posts p#b.UserId=p.OwnerUserId#p.ViewCount,>=,0,p.ViewCount,<=,3292,p.FavoriteCount,<=,6#173403
badges b,posts p#b.UserId=p.OwnerUserId#p.CommentCount,>=,0,p.CommentCount,<=,10,p.CreationDate,<=,1410179743#3637538
badges b,posts p#b.UserId=p.OwnerUserId#p.Score,>=,0,p.Score,<=,69,p.FavoriteCount,<=,21#209793
badges b,posts p#b.UserId=p.OwnerUserId#b.Date,>=,1283471047,b.Date,<=,1407406123,p.CommentCount,>=,0#3491176
badges b,posts p#b.UserId=p.OwnerUserId#p.AnswerCount,>=,0,p.AnswerCount,<=,5,p.FavoriteCount,<=,12#196812
badges b,posts p#b.UserId=p.OwnerUserId#b.Date,>=,1279568349,b.Date,<=,1409874360,p.PostTypeId,=,2#3080051
badges b,posts p#b.UserId=p.OwnerUserId#p.PostTypeId,=,1,p.Score,>=,-1,p.Score,<=,33#444230
badges b,posts p#b.UserId=p.OwnerUserId#p.Score,=,1,p.ViewCount,<=,27274,p.CreationDate,<=,1409523997#80894
badges b,posts p#b.UserId=p.OwnerUserId#b.Date,>=,1289334223,p.CreationDate,>=,1284399860,p.CreationDate,<=,1410236883#3420839
badges b,posts p#b.UserId=p.OwnerUserId#b.Date,<=,1410267548,p.ViewCount,<=,6550,p.CommentCount,>=,0#437222
badges b,posts p#b.UserId=p.OwnerUserId#p.PostTypeId,=,1,p.ViewCount,<=,7960,p.CreationDate,<=,1409952056#440231
badges b,posts p#b.UserId=p.OwnerUserId#b.Date,>=,1280964337,p.CreationDate,>=,1279615995,p.CreationDate,<=,1409774664#3653433
badges b,posts p#b.UserId=p.OwnerUserId#p.CommentCount,>=,0,p.CommentCount,<=,13,p.FavoriteCount,>=,0#216055
badges b,posts p#b.UserId=p.OwnerUserId#p.Score,>=,0,p.CommentCount,>=,0,p.CommentCount,<=,9#3611970
badges b,posts p#b.UserId=p.OwnerUserId#p.Score,<=,32,p.FavoriteCount,>=,0,p.FavoriteCount,<=,11#201935
badges b,posts p#b.UserId=p.OwnerUserId#p.AnswerCount,<=,3,p.CommentCount,<=,12,p.FavoriteCount,>=,0#179099
badges b,posts p#b.UserId=p.OwnerUserId#p.Score,<=,24,p.AnswerCount,>=,0,p.CreationDate,<=,1410209809#438808
badges b,posts p#b.UserId=p.OwnerUserId#p.FavoriteCount,>=,0,p.FavoriteCount,<=,8,p.CreationDate,<=,1410402255#194552
badges b,posts p#b.UserId=p.OwnerUserId#p.PostTypeId,=,1,p.CommentCount,>=,0,p.CommentCount,<=,9#440220
badges b,posts p#b.UserId=p.OwnerUserId#b.Date,<=,1409421496,p.ViewCount,>=,0,p.FavoriteCount,>=,0#215469
badges b,posts p#b.UserId=p.OwnerUserId#p.AnswerCount,<=,6,p.FavoriteCount,>=,0,p.FavoriteCount,<=,56#207298
badges b,posts p#b.UserId=p.OwnerUserId#p.PostTypeId,=,1,p.CommentCount,>=,0,p.CommentCount,<=,16#451471
badges b,posts p#b.UserId=p.OwnerUserId#p.ViewCount,>=,0,p.ViewCount,<=,11062,p.FavoriteCount,<=,7#189380
badges b,posts p#b.UserId=p.OwnerUserId#b.Date,>=,1279708692,p.PostTypeId,=,1,p.CreationDate,>=,1279867778#445599
badges b,posts p#b.UserId=p.OwnerUserId#b.Date,>=,1279568349,p.Score,=,1,p.CreationDate,<=,1410283243#685693
badges b,posts p#b.UserId=p.OwnerUserId#p.PostTypeId,=,1,p.Score,<=,29,p.CommentCount,>=,0#444058
badges b,posts p#b.UserId=p.OwnerUserId#b.Date,>=,1279571947,b.Date,<=,1410547899,p.AnswerCount,<=,4#429594
badges b,posts p#b.UserId=p.OwnerUserId#p.CommentCount,>=,0,p.FavoriteCount,>=,0,p.FavoriteCount,<=,5#178501
badges b,posts p#b.UserId=p.OwnerUserId#p.Score,<=,19,p.CommentCount,>=,0,p.CreationDate,<=,1410271498#3626357
badges b,posts p#b.UserId=p.OwnerUserId#p.Score,>=,-1,p.Score,<=,17,p.CommentCount,<=,16#3603981
badges b,posts p#b.UserId=p.OwnerUserId#p.Score,<=,25,p.FavoriteCount,>=,0,p.FavoriteCount,<=,9#196400
badges b,posts p#b.UserId=p.OwnerUserId#p.Score,>=,-3,p.Score,<=,23,p.CommentCount,>=,0#3665682
badges b,posts p#b.UserId=p.OwnerUserId#b.Date,=,1402310293,p.ViewCount,>=,0,p.AnswerCount,<=,5#13
badges b,posts p#b.UserId=p.OwnerUserId#p.AnswerCount,>=,0,p.CommentCount,>=,0,p.FavoriteCount,<=,4#169431
badges b,posts p#b.UserId=p.OwnerUserId#p.ViewCount,>=,0,p.FavoriteCount,<=,15,p.CreationDate,>=,1280353546#202146
badges b,posts p#b.UserId=p.OwnerUserId#p.ViewCount,=,165,p.AnswerCount,<=,7,p.CreationDate,>=,1283423142#624
badges b,posts p#b.UserId=p.OwnerUserId#p.PostTypeId,=,1,p.FavoriteCount,<=,5,p.CreationDate,<=,1410474475#178425
badges b,posts p#b.UserId=p.OwnerUserId#b.Date,>=,1279936110,p.Score,<=,15,p.AnswerCount,>=,0#423833
badges b,posts p#b.UserId=p.OwnerUserId#b.Date,>=,1281376489,p.Score,<=,23,p.AnswerCount,<=,5#426724
badges b,posts p#b.UserId=p.OwnerUserId#b.Date,<=,1410288885,p.Score,>=,-4,p.Score,<=,50#3699573
badges b,posts p#b.UserId=p.OwnerUserId#p.PostTypeId,=,1,p.ViewCount,>=,0,p.AnswerCount,=,1#185214
badges b,posts p#b.UserId=p.OwnerUserId#b.Date,=,1374461405,p.AnswerCount,>=,0,p.AnswerCount,<=,3#5
badges b,posts p#b.UserId=p.OwnerUserId#p.ViewCount,>=,0,p.AnswerCount,>=,0,p.CommentCount,<=,15#450917
badges b,posts p#b.UserId=p.OwnerUserId#p.AnswerCount,>=,0,p.AnswerCount,<=,6,p.CommentCount,>=,0#442875
badges b,posts p#b.UserId=p.OwnerUserId#p.PostTypeId,=,1,p.FavoriteCount,>=,0,p.CreationDate,<=,1408490629#216025
badges b,posts p#b.UserId=p.OwnerUserId#p.AnswerCount,>=,0,p.AnswerCount,<=,3,p.FavoriteCount,<=,6#167082
badges b,posts p#b.UserId=p.OwnerUserId#p.Score,<=,17,p.CommentCount,<=,14,p.FavoriteCount,>=,0#195760
badges b,posts p#b.UserId=p.OwnerUserId#b.Date,>=,1287028159,b.Date,<=,1410288885,p.AnswerCount,<=,7#427291
badges b,posts p#b.UserId=p.OwnerUserId#p.ViewCount,>=,0,p.ViewCount,<=,35854,p.CommentCount,=,0#173060
badges b,posts p#b.UserId=p.OwnerUserId#p.Score,>=,0,p.Score,<=,14,p.CommentCount,>=,0#3558428
badges b,posts p#b.UserId=p.OwnerUserId#p.Score,>=,-1,p.Score,<=,12,p.AnswerCount,<=,3#392830
badges b,posts p#b.UserId=p.OwnerUserId#b.Date,>=,1280175522,b.Date,<=,1408876920,p.FavoriteCount,<=,25#206220
badges b,posts p#b.UserId=p.OwnerUserId#p.Score,>=,-1,p.AnswerCount,=,0,p.FavoriteCount,>=,0#19864
badges b,posts p#b.UserId=p.OwnerUserId#p.Score,>=,-1,p.ViewCount,>=,0,p.CreationDate,=,1393840089#9
badges b,posts p#b.UserId=p.OwnerUserId#b.Date,>=,1280176422,p.ViewCount,<=,33939,p.AnswerCount,>=,0#447572
badges b,posts p#b.UserId=p.OwnerUserId#b.Date,<=,1409158227,p.Score,=,0,p.CommentCount,<=,10#416867
badges b,posts p#b.UserId=p.OwnerUserId#b.Date,>=,1279864706,b.Date,<=,1407586928,p.CreationDate,<=,1409008916#3510517
badges b,posts p#b.UserId=p.OwnerUserId#b.Date,>=,1280458163,p.PostTypeId,=,2,p.CommentCount,<=,29#3090022
badges b,posts p#b.UserId=p.OwnerUserId#p.Score,=,7,p.ViewCount,>=,0,p.ViewCount,<=,6058#15311
badges b,posts p#b.UserId=p.OwnerUserId#p.ViewCount,<=,3251,p.CommentCount,=,0,p.FavoriteCount,>=,0#67788
badges b,posts p#b.UserId=p.OwnerUserId#p.PostTypeId,=,1,p.Score,<=,28,p.AnswerCount,>=,0#443675
badges b,posts p#b.UserId=p.OwnerUserId#b.Date,>=,1282709167,p.ViewCount,>=,0,p.ViewCount,<=,10357#436540
badges b,posts p#b.UserId=p.OwnerUserId#p.PostTypeId,=,1,p.ViewCount,>=,0,p.AnswerCount,<=,4#430319
badges b,posts p#b.UserId=p.OwnerUserId#p.Score,>=,0,p.CommentCount,=,0,p.CreationDate,>=,1279745108#1508874
badges b,posts p#b.UserId=p.OwnerUserId#p.Score,>=,-2,p.CommentCount,>=,0,p.CommentCount,<=,6#3441012
badges b,posts p#b.UserId=p.OwnerUserId#p.Score,<=,11,p.ViewCount,>=,0,p.AnswerCount,=,0#91983
badges b,posts p#b.UserId=p.OwnerUserId#p.PostTypeId,=,1,p.ViewCount,>=,0,p.CreationDate,<=,1409961344#450573
badges b,posts p#b.UserId=p.OwnerUserId#p.PostTypeId,=,1,p.FavoriteCount,>=,0,p.CreationDate,>=,1279583969#215583
badges b,posts p#b.UserId=p.OwnerUserId#p.AnswerCount,>=,0,p.FavoriteCount,<=,4,p.CreationDate,>=,1282158577#164250
badges b,posts p#b.UserId=p.OwnerUserId#p.AnswerCount,>=,0,p.CommentCount,<=,12,p.CreationDate,>=,1281064637#439919
badges b,posts p#b.UserId=p.OwnerUserId#p.Score,>=,-1,p.Score,<=,95,p.ViewCount,<=,1948#397947
badges b,posts p#b.UserId=p.OwnerUserId#p.CommentCount,>=,0,p.CommentCount,<=,17,p.FavoriteCount,>=,0#217164
badges b,posts p#b.UserId=p.OwnerUserId#p.AnswerCount,=,0,p.CommentCount,<=,9,p.CreationDate,>=,1279720393#89228
badges b,posts p#b.UserId=p.OwnerUserId#p.FavoriteCount,>=,0,p.FavoriteCount,<=,9,p.CreationDate,>=,1284682486#182713
badges b,posts p#b.UserId=p.OwnerUserId#b.Date,<=,1408053569,p.FavoriteCount,>=,0,p.CreationDate,>=,1279632160#210015
badges b,posts p#b.UserId=p.OwnerUserId#p.AnswerCount,>=,0,p.AnswerCount,<=,3,p.FavoriteCount,>=,0#180613
badges b,posts p#b.UserId=p.OwnerUserId#p.PostTypeId,=,1,p.FavoriteCount,>=,0,p.FavoriteCount,<=,6#185469
badges b,posts p#b.UserId=p.OwnerUserId#b.Date,>=,1283522655,b.Date,<=,1410458286,p.PostTypeId,=,2#3043862
badges b,posts p#b.UserId=p.OwnerUserId#b.Date,=,1402573676,p.PostTypeId,=,1,p.CreationDate,>=,1280524543#2
badges b,posts p#b.UserId=p.OwnerUserId#p.Score,<=,12,p.FavoriteCount,>=,0,p.CreationDate,<=,1410208867#178015
badges b,posts p#b.UserId=p.OwnerUserId#p.PostTypeId,=,1,p.ViewCount,<=,8585,p.AnswerCount,<=,4#425270
badges b,posts p#b.UserId=p.OwnerUserId#p.Score,=,7,p.ViewCount,<=,4282,p.CreationDate,<=,1409298826#14922
badges b,posts p#b.UserId=p.OwnerUserId#p.PostTypeId,=,1,p.AnswerCount,>=,0,p.AnswerCount,<=,5#437919
badges b,posts p#b.UserId=p.OwnerUserId#p.PostTypeId,=,2,p.Score,>=,-1,p.CreationDate,<=,1407671295#3022451
badges b,posts p#b.UserId=p.OwnerUserId#b.Date,>=,1281123446,p.PostTypeId,=,1,p.AnswerCount,<=,5#431816
badges b,posts p#b.UserId=p.OwnerUserId#b.Date,>=,1280600383,b.Date,<=,1408717263,p.ViewCount,<=,27619#437782
badges b,posts p#b.UserId=p.OwnerUserId#p.Score,<=,17,p.AnswerCount,>=,0,p.AnswerCount,<=,4#421318
badges b,posts p#b.UserId=p.OwnerUserId#p.ViewCount,>=,0,p.ViewCount,<=,3007,p.CommentCount,>=,0#418715
badges b,posts p#b.UserId=p.OwnerUserId#p.Score,>=,0,p.ViewCount,>=,0,p.AnswerCount,<=,6#439665
badges b,posts p#b.UserId=p.OwnerUserId#p.PostTypeId,=,1,p.Score,<=,19,p.AnswerCount,<=,8#433679
badges b,posts p#b.UserId=p.OwnerUserId#p.PostTypeId,=,1,p.AnswerCount,<=,4,p.CreationDate,>=,1279590312#429575
badges b,posts p#b.UserId=p.OwnerUserId#b.Date,<=,1410551799,p.AnswerCount,<=,3,p.FavoriteCount,=,2#37660
badges b,posts p#b.UserId=p.OwnerUserId#p.Score,>=,-3,p.Score,<=,12,p.CreationDate,<=,1409748516#3482893
badges b,posts p#b.UserId=p.OwnerUserId#p.Score,>=,0,p.ViewCount,=,33,p.AnswerCount,<=,3#1337
badges b,posts p#b.UserId=p.OwnerUserId#b.Date,<=,1410475949,p.CommentCount,>=,0,p.CreationDate,<=,1410359364#3712271
badges b,posts p#b.UserId=p.OwnerUserId#p.PostTypeId,=,2,p.CommentCount,>=,0,p.CommentCount,<=,21#3112154
badges b,posts p#b.UserId=p.OwnerUserId#p.ViewCount,<=,3811,p.FavoriteCount,>=,0,p.FavoriteCount,<=,14#188496
badges b,posts p#b.UserId=p.OwnerUserId#b.Date,>=,1281125246,b.Date,<=,1410432739,p.PostTypeId,=,1#444595
badges b,posts p#b.UserId=p.OwnerUserId#b.Date,<=,1410388807,p.CreationDate,>=,1281773561,p.CreationDate,<=,1410365761#3630985
badges b,posts p#b.UserId=p.OwnerUserId#p.CommentCount,>=,0,p.FavoriteCount,<=,4,p.CreationDate,<=,1410471059#169353
badges b,posts p#b.UserId=p.OwnerUserId#p.Score,>=,0,p.AnswerCount,>=,0,p.FavoriteCount,>=,0#216951
badges b,posts p#b.UserId=p.OwnerUserId#p.Score,>=,-3,p.ViewCount,>=,0,p.ViewCount,<=,2983#417944
badges b,posts p#b.UserId=p.OwnerUserId#p.Score,>=,-1,p.Score,<=,12,p.CommentCount,<=,8#3390450
badges b,posts p#b.UserId=p.OwnerUserId#p.CommentCount,<=,9,p.FavoriteCount,>=,0,p.FavoriteCount,<=,5#173199
badges b,posts p#b.UserId=p.OwnerUserId#b.Date,<=,1409936250,p.Score,>=,-5,p.CreationDate,=,1354900199#9
badges b,posts p#b.UserId=p.OwnerUserId#p.ViewCount,>=,0,p.CreationDate,>=,1239521741,p.CreationDate,<=,1410598227#452583
badges b,posts p#b.UserId=p.OwnerUserId#p.ViewCount,>=,0,p.ViewCount,<=,3368,p.AnswerCount,<=,4#410082
badges b,posts p#b.UserId=p.OwnerUserId#b.Date,<=,1408380698,p.CommentCount,>=,0,p.FavoriteCount,>=,0#213571
badges b,posts p#b.UserId=p.OwnerUserId#p.CommentCount,>=,0,p.CreationDate,>=,1280173793,p.CreationDate,<=,1409992000#3676288
badges b,posts p#b.UserId=p.OwnerUserId#b.Date,>=,1280263126,p.PostTypeId,=,1,p.CommentCount,>=,0#448024
badges b,posts p#b.UserId=p.OwnerUserId#b.Date,<=,1410380131,p.PostTypeId,=,1,p.FavoriteCount,<=,4#169008
badges b,posts p#b.UserId=p.OwnerUserId#p.AnswerCount,>=,0,p.AnswerCount,<=,3,p.CommentCount,>=,0#411961
badges b,posts p#b.UserId=p.OwnerUserId#p.AnswerCount,>=,0,p.CommentCount,>=,0,p.CreationDate,<=,1410524248#452296
badges b,posts p#b.UserId=p.OwnerUserId#p.Score,>=,-2,p.AnswerCount,>=,0,p.CreationDate,>=,1279624681#449121
badges b,posts p#b.UserId=p.OwnerUserId#b.Date,>=,1280419750,p.FavoriteCount,>=,0,p.FavoriteCount,<=,15#202920
badges b,posts p#b.UserId=p.OwnerUserId#p.AnswerCount,>=,0,p.AnswerCount,<=,8,p.CommentCount,>=,0#447148
badges b,posts p#b.UserId=p.OwnerUserId#p.PostTypeId,=,1,p.ViewCount,=,143,p.AnswerCount,>=,0#851
badges b,posts p#b.UserId=p.OwnerUserId#p.PostTypeId,=,1,p.ViewCount,>=,0,p.CreationDate,>=,1282271132#437536
badges b,posts p#b.UserId=p.OwnerUserId#b.Date,<=,1408259480,p.Score,>=,-3,p.ViewCount,<=,2146#394229
badges b,posts p#b.UserId=p.OwnerUserId#b.Date,>=,1287105928,p.Score,>=,-1,p.ViewCount,<=,4873#417244
badges b,posts p#b.UserId=p.OwnerUserId#b.Date,>=,1280222026,b.Date,<=,1410360213,p.FavoriteCount,=,0#8892
badges b,posts p#b.UserId=p.OwnerUserId#p.Score,>=,0,p.Score,<=,16,p.AnswerCount,>=,0#426422
badges b,posts p#b.UserId=p.OwnerUserId#p.Score,<=,44,p.FavoriteCount,=,0,p.CreationDate,>=,1281600697#8943
badges b,posts p#b.UserId=p.OwnerUserId#b.Date,>=,1280254125,b.Date,<=,1410443106,p.FavoriteCount,>=,0#213645
badges b,posts p#b.UserId=p.OwnerUserId#p.PostTypeId,=,1,p.FavoriteCount,>=,0,p.CreationDate,<=,1410512321#217477
badges b,posts p#b.UserId=p.OwnerUserId#p.Score,>=,-1,p.ViewCount,>=,0,p.CreationDate,>=,1279569092#450694
badges b,posts p#b.UserId=p.OwnerUserId#p.Score,>=,-3,p.Score,<=,37,p.CommentCount,<=,19#3697881
badges b,posts p#b.UserId=p.OwnerUserId#b.Date,>=,1279638551,p.ViewCount,>=,0,p.FavoriteCount,=,0#8939
badges b,posts p#b.UserId=p.OwnerUserId#p.Score,=,2,p.ViewCount,>=,0,p.CommentCount,<=,14#67679
badges b,votes v#b.UserId=v.UserId#b.Date,<=,1410415365,v.BountyAmount,>=,0,v.CreationDate,<=,1410393600#41639
badges b,votes v#b.UserId=v.UserId#v.BountyAmount,>=,0,v.BountyAmount,<=,100,v.CreationDate,>=,1279584000#38174
badges b,votes v#b.UserId=v.UserId#b.Date,>=,1292026949,b.Date,<=,1410429358,v.CreationDate,<=,1410134400#977903
badges b,votes v#b.UserId=v.UserId#b.Date,>=,1280322834,b.Date,<=,1410188497,v.BountyAmount,>=,0#41271
badges b,votes v#b.UserId=v.UserId#b.Date,>=,1279763894,b.Date,<=,1410503529,v.VoteTypeId,=,5#1006898
badges b,votes v#b.UserId=v.UserId#v.BountyAmount,>=,0,v.BountyAmount,<=,50,v.CreationDate,>=,1279584000#29072
badges b,votes v#b.UserId=v.UserId#b.Date,>=,1280407745,b.Date,<=,1409951434,v.CreationDate,>=,1279497600#1037964
badges b,votes v#b.UserId=v.UserId#b.Date,<=,1410283347,v.BountyAmount,>=,0,v.BountyAmount,<=,100#37991
badges b,votes v#b.UserId=v.UserId#b.Date,<=,1408691775,v.BountyAmount,>=,0,v.BountyAmount,<=,100#37228
badges b,votes v#b.UserId=v.UserId#b.Date,>=,1280172221,v.CreationDate,>=,1279497600,v.CreationDate,<=,1410393600#1048314
badges b,votes v#b.UserId=v.UserId#b.Date,<=,1410372448,v.CreationDate,>=,1279756800,v.CreationDate,<=,1410134400#1049466
badges b,votes v#b.UserId=v.UserId#b.Date,<=,1408458717,v.BountyAmount,>=,0,v.CreationDate,<=,1409875200#40100
badges b,votes v#b.UserId=v.UserId#b.Date,>=,1280371739,b.Date,<=,1410109192,v.BountyAmount,>=,0#41248
badges b,votes v#b.UserId=v.UserId#v.BountyAmount,>=,0,v.BountyAmount,<=,100,v.CreationDate,>=,1279497600#38174
badges b,votes v#b.UserId=v.UserId#b.Date,>=,1279590547,b.Date,<=,1410188497,v.BountyAmount,<=,100#37888
badges b,votes v#b.UserId=v.UserId#b.Date,>=,1279648942,b.Date,<=,1410352439,v.CreationDate,<=,1410307200#1048949
badges b,votes v#b.UserId=v.UserId#b.Date,>=,1283306319,b.Date,<=,1410391898,v.BountyAmount,<=,50#28481
badges b,votes v#b.UserId=v.UserId#b.Date,>=,1291477608,b.Date,<=,1409829146,v.BountyAmount,>=,0#39007
badges b,votes v#b.UserId=v.UserId#v.BountyAmount,>=,0,v.CreationDate,>=,1280361600,v.CreationDate,<=,1410480000#41655
badges b,votes v#b.UserId=v.UserId#b.Date,<=,1409034625,v.BountyAmount,>=,0,v.BountyAmount,<=,50#28443
badges b,votes v#b.UserId=v.UserId#b.Date,>=,1281385189,v.BountyAmount,<=,50,v.CreationDate,>=,1279670400#28785
badges b,votes v#b.UserId=v.UserId#b.Date,>=,1283400245,b.Date,<=,1410051234,v.BountyAmount,>=,0#40703
badges b,votes v#b.UserId=v.UserId#b.Date,>=,1279568349,v.CreationDate,>=,1279670400,v.CreationDate,<=,1410220800#1054127
badges b,votes v#b.UserId=v.UserId#v.BountyAmount,>=,0,v.BountyAmount,<=,50,v.CreationDate,>=,1280188800#29050
badges b,votes v#b.UserId=v.UserId#b.Date,>=,1284565295,v.CreationDate,>=,1279843200,v.CreationDate,<=,1410393600#1022860
badges b,votes v#b.UserId=v.UserId#v.BountyAmount,>=,0,v.BountyAmount,<=,100,v.CreationDate,>=,1279584000#38174
badges b,votes v#b.UserId=v.UserId#b.Date,<=,1409734774,v.CreationDate,>=,1279584000,v.CreationDate,<=,1410480000#1046206
badges b,votes v#b.UserId=v.UserId#b.Date,<=,1409497039,v.CreationDate,>=,1279497600,v.CreationDate,<=,1410393600#1042740
badges b,votes v#b.UserId=v.UserId#b.Date,>=,1280913632,b.Date,<=,1408479144,v.VoteTypeId,=,5#979551
badges b,votes v#b.UserId=v.UserId#v.VoteTypeId,=,5,v.CreationDate,>=,1280102400,v.CreationDate,<=,1410220800#1008649
badges b,votes v#b.UserId=v.UserId#v.BountyAmount,>=,0,v.BountyAmount,<=,50,v.CreationDate,>=,1233532800#29072
badges b,votes v#b.UserId=v.UserId#v.VoteTypeId,=,5,v.CreationDate,>=,1279670400,v.CreationDate,<=,1410480000#1013571
badges b,votes v#b.UserId=v.UserId#b.Date,>=,1280917534,b.Date,<=,1409153962,v.CreationDate,<=,1409875200#1022660
badges b,votes v#b.UserId=v.UserId#b.Date,>=,1283590473,v.BountyAmount,<=,50,v.CreationDate,<=,1410566400#28546
badges b,votes v#b.UserId=v.UserId#b.Date,>=,1280222024,v.BountyAmount,>=,0,v.CreationDate,>=,1233532800#41575
badges b,votes v#b.UserId=v.UserId#b.Date,<=,1409612321,v.CreationDate,>=,1280016000,v.CreationDate,<=,1410220800#1038810
badges b,votes v#b.UserId=v.UserId#v.BountyAmount,>=,0,v.BountyAmount,<=,100,v.CreationDate,<=,1410220800#38144
badges b,votes v#b.UserId=v.UserId#b.Date,>=,1279590547,b.Date,<=,1408851149,v.BountyAmount,>=,0#40732
badges b,votes v#b.UserId=v.UserId#b.Date,>=,1279604349,b.Date,<=,1410298032,v.BountyAmount,>=,0#41495
badges b,votes v#b.UserId=v.UserId#v.VoteTypeId,=,5,v.CreationDate,>=,1279670400,v.CreationDate,<=,1410393600#1013277
badges b,votes v#b.UserId=v.UserId#b.Date,>=,1279568350,b.Date,<=,1409784803,v.CreationDate,=,1357171200#672
badges b,votes v#b.UserId=v.UserId#b.Date,>=,1280581477,b.Date,<=,1408557223,v.CreationDate,<=,1410220800#1020877
badges b,votes v#b.UserId=v.UserId#v.BountyAmount,>=,0,v.CreationDate,>=,1279584000,v.CreationDate,<=,1410307200#41770
badges b,votes v#b.UserId=v.UserId#b.Date,<=,1406995956,v.BountyAmount,<=,100,v.CreationDate,>=,1280275200#35972
badges b,votes v#b.UserId=v.UserId#b.Date,>=,1284731346,v.BountyAmount,>=,0,v.BountyAmount,<=,50#28443
badges b,votes v#b.UserId=v.UserId#b.Date,>=,1280907331,b.Date,<=,1410558232,v.CreationDate,=,1344211200#822
badges b,votes v#b.UserId=v.UserId#b.Date,>=,1283533456,b.Date,<=,1409835556,v.BountyAmount,>=,0#40542
badges b,votes v#b.UserId=v.UserId#b.Date,>=,1279579746,b.Date,<=,1408444038,v.CreationDate,<=,1410307200#1029230
badges b,votes v#b.UserId=v.UserId#b.Date,<=,1410354409,v.VoteTypeId,=,5,v.CreationDate,>=,1280793600#999679
badges b,votes v#b.UserId=v.UserId#v.BountyAmount,>=,0,v.CreationDate,>=,1279670400,v.CreationDate,<=,1410134400#41448
badges b,votes v#b.UserId=v.UserId#b.Date,>=,1282239268,v.BountyAmount,>=,0,v.CreationDate,<=,1409097600#40362
badges b,votes v#b.UserId=v.UserId#v.BountyAmount,>=,0,v.BountyAmount,<=,50,v.CreationDate,<=,1410480000#29072
badges b,votes v#b.UserId=v.UserId#b.Date,=,1333689749,v.CreationDate,>=,1279843200,v.CreationDate,<=,1410307200#6
badges b,votes v#b.UserId=v.UserId#b.Date,>=,1280299434,v.CreationDate,>=,1281312000,v.CreationDate,<=,1410566400#1028415
badges b,votes v#b.UserId=v.UserId#b.Date,>=,1280233124,v.CreationDate,>=,1279497600,v.CreationDate,<=,1410566400#1046529
badges b,votes v#b.UserId=v.UserId#b.Date,>=,1279576746,b.Date,<=,1410192389,v.CreationDate,>=,1279670400#1048771
badges b,votes v#b.UserId=v.UserId#b.Date,<=,1408537972,v.BountyAmount,>=,0,v.BountyAmount,<=,150#38390
badges b,votes v#b.UserId=v.UserId#b.Date,>=,1282814477,b.Date,<=,1409233490,v.CreationDate,<=,1410393600#1016182
badges b,votes v#b.UserId=v.UserId#b.Date,>=,1280404445,v.BountyAmount,>=,0,v.BountyAmount,<=,100#37926
badges b,votes v#b.UserId=v.UserId#b.Date,>=,1279627152,v.CreationDate,>=,1279584000,v.CreationDate,<=,1410048000#1048281
badges b,votes v#b.UserId=v.UserId#v.BountyAmount,<=,50,v.CreationDate,>=,1279670400,v.CreationDate,<=,1410220800#29064
badges b,votes v#b.UserId=v.UserId#b.Date,>=,1279570448,v.BountyAmount,>=,0,v.BountyAmount,<=,50#29042
badges b,votes v#b.UserId=v.UserId#b.Date,>=,1286913760,v.BountyAmount,<=,100,v.CreationDate,>=,1280188800#36979
badges b,votes v#b.UserId=v.UserId#b.Date,=,1391129250,v.CreationDate,>=,1279584000,v.CreationDate,<=,1410480000#93
badges b,votes v#b.UserId=v.UserId#b.Date,>=,1279572846,v.BountyAmount,>=,0,v.BountyAmount,<=,50#29034
badges b,votes v#b.UserId=v.UserId#b.Date,<=,1410579014,v.VoteTypeId,=,5,v.CreationDate,=,1369267200#1282
badges b,votes v#b.UserId=v.UserId#b.Date,>=,1286616316,b.Date,<=,1410547899,v.CreationDate,=,1379894400#1043
badges b,votes v#b.UserId=v.UserId#b.Date,>=,1279747993,v.BountyAmount,>=,0,v.CreationDate,<=,1410480000#41615
badges b,votes v#b.UserId=v.UserId#b.Date,>=,1279590247,b.Date,<=,1409862440,v.CreationDate,>=,1279584000#1044887
badges b,votes v#b.UserId=v.UserId#b.Date,>=,1283424846,b.Date,<=,1409679440,v.CreationDate,<=,1409788800#1013919
badges b,votes v#b.UserId=v.UserId#v.BountyAmount,>=,0,v.BountyAmount,<=,100,v.CreationDate,=,1406160000#36
badges b,votes v#b.UserId=v.UserId#b.Date,>=,1279568349,v.BountyAmount,>=,0,v.BountyAmount,<=,50#29067
badges b,votes v#b.UserId=v.UserId#b.Date,<=,1410275234,v.CreationDate,>=,1279497600,v.CreationDate,<=,1410566400#1052879
badges b,votes v#b.UserId=v.UserId#b.Date,<=,1410104452,v.CreationDate,>=,1279497600,v.CreationDate,<=,1410480000#1051417
badges b,votes v#b.UserId=v.UserId#b.Date,>=,1279569547,b.Date,<=,1410378924,v.CreationDate,<=,1410393600#1052532
badges b,votes v#b.UserId=v.UserId#b.Date,>=,1280919634,b.Date,<=,1407491344,v.BountyAmount,<=,200#39133
badges b,votes v#b.UserId=v.UserId#b.Date,>=,1279568947,v.BountyAmount,>=,0,v.BountyAmount,<=,100#38144
badges b,votes v#b.UserId=v.UserId#b.Date,>=,1279571947,b.Date,<=,1409161586,v.BountyAmount,>=,0#40886
badges b,votes v#b.UserId=v.UserId#b.Date,<=,1410313989,v.BountyAmount,>=,0,v.BountyAmount,<=,50#28950
badges b,votes v#b.UserId=v.UserId#b.Date,>=,1280173122,v.CreationDate,>=,1279497600,v.CreationDate,<=,1410393600#1048255
badges b,votes v#b.UserId=v.UserId#b.Date,>=,1287984847,b.Date,<=,1408259480,v.CreationDate,>=,1280275200#971944
badges b,votes v#b.UserId=v.UserId#v.BountyAmount,<=,50,v.CreationDate,>=,1279584000,v.CreationDate,<=,1410134400#29064
badges b,votes v#b.UserId=v.UserId#v.BountyAmount,>=,0,v.BountyAmount,<=,50,v.CreationDate,<=,1410134400#29064
badges b,votes v#b.UserId=v.UserId#v.BountyAmount,>=,0,v.BountyAmount,<=,50,v.CreationDate,>=,1245801600#29072
badges b,votes v#b.UserId=v.UserId#b.Date,>=,1280917834,b.Date,<=,1410547899,v.CreationDate,<=,1409702400#1037873
badges b,votes v#b.UserId=v.UserId#b.Date,>=,1282200562,b.Date,<=,1410452607,v.VoteTypeId,=,5#993340
badges b,votes v#b.UserId=v.UserId#b.Date,<=,1409264191,v.CreationDate,>=,1233532800,v.CreationDate,<=,1410652800#1040720
badges b,votes v#b.UserId=v.UserId#v.BountyAmount,>=,0,v.CreationDate,>=,1279584000,v.CreationDate,<=,1410307200#41770
badges b,votes v#b.UserId=v.UserId#b.Date,>=,1284173067,v.BountyAmount,>=,0,v.BountyAmount,<=,50#28492
badges b,votes v#b.UserId=v.UserId#b.Date,>=,1279636751,b.Date,<=,1409336449,v.CreationDate,>=,1279843200#1034542
badges b,votes v#b.UserId=v.UserId#b.Date,>=,1279568350,b.Date,<=,1407827928,v.CreationDate,>=,1279670400#1022468
badges b,votes v#b.UserId=v.UserId#b.Date,>=,1280222027,v.CreationDate,>=,1233532800,v.CreationDate,<=,1410480000#1047170
badges b,votes v#b.UserId=v.UserId#b.Date,>=,1279635552,v.BountyAmount,>=,0,v.BountyAmount,<=,50#28975
badges b,votes v#b.UserId=v.UserId#b.Date,>=,1280370239,v.CreationDate,>=,1279584000,v.CreationDate,<=,1410480000#1044832
badges b,votes v#b.UserId=v.UserId#b.Date,>=,1279773497,v.CreationDate,>=,1282089600,v.CreationDate,<=,1409529600#1020343
badges b,votes v#b.UserId=v.UserId#b.Date,>=,1285298358,b.Date,<=,1410450203,v.CreationDate,>=,1233532800#1019792
badges b,votes v#b.UserId=v.UserId#v.BountyAmount,>=,0,v.BountyAmount,<=,100,v.CreationDate,<=,1410566400#38174
badges b,votes v#b.UserId=v.UserId#v.VoteTypeId,=,5,v.CreationDate,>=,1279584000,v.CreationDate,<=,1410480000#1014225
badges b,votes v#b.UserId=v.UserId#b.Date,<=,1409257864,v.VoteTypeId,=,8,v.CreationDate,>=,1279497600#40978
badges b,votes v#b.UserId=v.UserId#b.Date,>=,1279619949,b.Date,<=,1409575976,v.BountyAmount,<=,50#28515
badges b,votes v#b.UserId=v.UserId#v.BountyAmount,<=,100,v.CreationDate,>=,1279497600,v.CreationDate,<=,1410307200#38160
badges b,votes v#b.UserId=v.UserId#b.Date,>=,1279624451,b.Date,<=,1410354509,v.BountyAmount,>=,0#41491
badges b,votes v#b.UserId=v.UserId#b.Date,>=,1285856832,b.Date,<=,1410293953,v.CreationDate,<=,1410220800#1013063
badges b,votes v#b.UserId=v.UserId#b.Date,>=,1279572846,b.Date,<=,1409602877,v.CreationDate,<=,1410566400#1041648
badges b,votes v#b.UserId=v.UserId#b.Date,>=,1279580347,v.BountyAmount,<=,100,v.CreationDate,<=,1410220800#38083
badges b,votes v#b.UserId=v.UserId#v.BountyAmount,>=,0,v.CreationDate,>=,1279497600,v.CreationDate,<=,1410480000#41778
badges b,votes v#b.UserId=v.UserId#b.Date,>=,1289160473,v.BountyAmount,<=,100,v.CreationDate,<=,1410652800#36460
badges b,votes v#b.UserId=v.UserId#v.BountyAmount,>=,0,v.BountyAmount,<=,50,v.CreationDate,>=,1279584000#29072
badges b,votes v#b.UserId=v.UserId#b.Date,>=,1279580947,v.BountyAmount,>=,0,v.BountyAmount,<=,50#29028
badges b,votes v#b.UserId=v.UserId#b.Date,<=,1410403928,v.BountyAmount,>=,0,v.BountyAmount,<=,50#28984
badges b,votes v#b.UserId=v.UserId#b.Date,<=,1409932363,v.CreationDate,>=,1279584000,v.CreationDate,<=,1410480000#1048857
badges b,votes v#b.UserId=v.UserId#b.Date,>=,1279603149,b.Date,<=,1409931768,v.VoteTypeId,=,5#1005292
badges b,votes v#b.UserId=v.UserId#b.Date,>=,1281646798,b.Date,<=,1410081545,v.VoteTypeId,=,5#993066
badges b,votes v#b.UserId=v.UserId#v.BountyAmount,>=,0,v.CreationDate,>=,1279670400,v.CreationDate,<=,1410393600#41772
badges b,votes v#b.UserId=v.UserId#v.BountyAmount,>=,0,v.BountyAmount,<=,50,v.CreationDate,>=,1279497600#29072
badges b,votes v#b.UserId=v.UserId#v.BountyAmount,>=,0,v.CreationDate,>=,1279584000,v.CreationDate,<=,1410393600#41772
badges b,votes v#b.UserId=v.UserId#b.Date,>=,1280419750,b.Date,<=,1410526285,v.CreationDate,=,1345420800#679
badges b,votes v#b.UserId=v.UserId#b.Date,>=,1279573746,b.Date,<=,1410113061,v.CreationDate,<=,1410393600#1049213
badges b,votes v#b.UserId=v.UserId#b.Date,>=,1279577346,b.Date,<=,1410247540,v.BountyAmount,>=,0#41470
badges b,votes v#b.UserId=v.UserId#b.Date,>=,1282577454,v.CreationDate,>=,1279584000,v.CreationDate,<=,1410480000#1033802
badges b,votes v#b.UserId=v.UserId#b.Date,>=,1281043296,b.Date,<=,1409740334,v.CreationDate,<=,1410393600#1032265
badges b,votes v#b.UserId=v.UserId#v.BountyAmount,>=,0,v.BountyAmount,<=,50,v.CreationDate,>=,1279584000#29072
badges b,votes v#b.UserId=v.UserId#v.BountyAmount,<=,100,v.CreationDate,>=,1279670400,v.CreationDate,<=,1409270400#37771
badges b,votes v#b.UserId=v.UserId#b.Date,>=,1279640352,v.BountyAmount,>=,0,v.BountyAmount,<=,100#38050
badges b,votes v#b.UserId=v.UserId#b.Date,>=,1280260426,b.Date,<=,1409654156,v.BountyAmount,>=,0#40867
badges b,votes v#b.UserId=v.UserId#b.Date,<=,1410373358,v.CreationDate,>=,1279756800,v.CreationDate,<=,1410307200#1051658
badges b,votes v#b.UserId=v.UserId#b.Date,<=,1410383314,v.CreationDate,>=,1279497600,v.CreationDate,<=,1410480000#1054194
badges b,votes v#b.UserId=v.UserId#b.Date,>=,1280516972,b.Date,<=,1410333074,v.CreationDate,=,1306281600#657
badges b,votes v#b.UserId=v.UserId#v.BountyAmount,>=,0,v.BountyAmount,<=,50,v.CreationDate,<=,1410480000#29072
badges b,votes v#b.UserId=v.UserId#b.Date,>=,1279649242,b.Date,<=,1408646735,v.CreationDate,=,1301961600#494
badges b,votes v#b.UserId=v.UserId#v.BountyAmount,>=,0,v.BountyAmount,<=,50,v.CreationDate,>=,1279497600#29072
badges b,votes v#b.UserId=v.UserId#b.Date,>=,1285628357,v.BountyAmount,>=,0,v.BountyAmount,<=,50#28322
badges b,votes v#b.UserId=v.UserId#b.Date,>=,1287479345,b.Date,<=,1410285941,v.CreationDate,<=,1410307200#1006281
badges b,votes v#b.UserId=v.UserId#b.Date,<=,1410631710,v.BountyAmount,>=,0,v.BountyAmount,<=,50#29071
badges b,votes v#b.UserId=v.UserId#b.Date,>=,1279804099,v.CreationDate,>=,1279497600,v.CreationDate,<=,1410393600#1049294
badges b,votes v#b.UserId=v.UserId#v.VoteTypeId,=,5,v.CreationDate,>=,1279929600,v.CreationDate,<=,1410480000#1011284
badges b,votes v#b.UserId=v.UserId#b.Date,<=,1410293312,v.CreationDate,>=,1279584000,v.CreationDate,<=,1410134400#1049733
badges b,votes v#b.UserId=v.UserId#b.Date,>=,1279568349,v.CreationDate,>=,1279497600,v.CreationDate,<=,1410566400#1056513
badges b,votes v#b.UserId=v.UserId#b.Date,>=,1280181822,v.CreationDate,>=,1279497600,v.CreationDate,<=,1410566400#1048343
badges b,votes v#b.UserId=v.UserId#v.BountyAmount,>=,0,v.CreationDate,>=,1279584000,v.CreationDate,<=,1410393600#41772
badges b,votes v#b.UserId=v.UserId#b.Date,>=,1280175822,b.Date,<=,1410371850,v.BountyAmount,>=,0#41437
badges b,votes v#b.UserId=v.UserId#b.Date,>=,1296525745,b.Date,<=,1409008407,v.BountyAmount,>=,0#37695
badges b,votes v#b.UserId=v.UserId#b.Date,>=,1279708692,v.BountyAmount,>=,0,v.BountyAmount,<=,50#28955
badges b,votes v#b.UserId=v.UserId#v.BountyAmount,>=,0,v.BountyAmount,<=,50,v.CreationDate,>=,1279497600#29072
badges b,votes v#b.UserId=v.UserId#b.Date,>=,1280327034,v.VoteTypeId,=,5,v.CreationDate,<=,1410393600#1003633
badges b,votes v#b.UserId=v.UserId#b.Date,>=,1282247669,v.VoteTypeId,=,5,v.CreationDate,>=,1283212800#957501
badges b,votes v#b.UserId=v.UserId#b.Date,>=,1283692458,v.BountyAmount,<=,50,v.CreationDate,<=,1410220800#28538
comments c,posts p,postLinks pl#p.Id=c.PostId,p.Id=pl.PostId#p.PostTypeId,=,1,p.CommentCount,>=,0,pl.LinkTypeId,=,1#33040
comments c,posts p,postLinks pl#p.Id=c.PostId,p.Id=pl.PostId#c.Score,=,1,p.Score,<=,12,pl.CreationDate,>=,1319142491#5370
comments c,posts p,postLinks pl#p.Id=c.PostId,p.Id=pl.PostId#p.ViewCount,<=,17023,p.FavoriteCount,<=,3,pl.LinkTypeId,=,1#10968
comments c,posts p,postLinks pl#p.Id=c.PostId,p.Id=pl.PostId#p.Score,>=,-1,pl.CreationDate,>=,1313699422,pl.CreationDate,<=,1407901324#31230
comments c,posts p,postLinks pl#p.Id=c.PostId,p.Id=pl.PostId#c.Score,=,2,p.Score,<=,184,p.AnswerCount,=,0#501
comments c,posts p,postLinks pl#p.Id=c.PostId,p.Id=pl.PostId#p.Score,>=,-1,p.CreationDate,>=,1279569033,p.CreationDate,<=,1410196733#34885
comments c,posts p,postLinks pl#p.Id=c.PostId,p.Id=pl.PostId#c.Score,=,1,p.PostTypeId,=,1,p.FavoriteCount,>=,0#2850
comments c,posts p,postLinks pl#p.Id=c.PostId,p.Id=pl.PostId#p.Score,>=,0,p.CommentCount,=,1,p.CreationDate,>=,1279602280#1819
comments c,posts p,postLinks pl#p.Id=c.PostId,p.Id=pl.PostId#p.Score,>=,-1,p.Score,<=,17,p.CommentCount,>=,0#33244
comments c,posts p,postLinks pl#p.Id=c.PostId,p.Id=pl.PostId#p.ViewCount,>=,0,p.AnswerCount,<=,6,pl.LinkTypeId,=,1#32063
comments c,posts p,postLinks pl#p.Id=c.PostId,p.Id=pl.PostId#c.CreationDate,<=,1409562452,pl.LinkTypeId,=,1,pl.CreationDate,=,1393648337#1
comments c,posts p,postLinks pl#p.Id=c.PostId,p.Id=pl.PostId#p.ViewCount,>=,0,p.FavoriteCount,<=,5,pl.LinkTypeId,=,1#12493
comments c,posts p,postLinks pl#p.Id=c.PostId,p.Id=pl.PostId#c.CreationDate,<=,1408367473,p.CommentCount,<=,9,p.CreationDate,<=,1407871228#27652
comments c,posts p,postLinks pl#p.Id=c.PostId,p.Id=pl.PostId#p.PostTypeId,=,1,p.FavoriteCount,>=,0,p.FavoriteCount,<=,5#12858
comments c,posts p,postLinks pl#p.Id=c.PostId,p.Id=pl.PostId#c.CreationDate,<=,1410468839,p.CommentCount,>=,0,p.CommentCount,<=,11#30991
comments c,posts p,postLinks pl#p.Id=c.PostId,p.Id=pl.PostId#c.Score,=,1,p.FavoriteCount,>=,0,pl.CreationDate,<=,1408386953#2768
comments c,posts p,postLinks pl#p.Id=c.PostId,p.Id=pl.PostId#p.PostTypeId,=,1,p.Score,>=,-1,p.Score,<=,94#34917
comments c,posts p,postLinks pl#p.Id=c.PostId,p.Id=pl.PostId#c.CreationDate,<=,1409564255,p.Score,<=,21,p.ViewCount,<=,2240#30533
comments c,posts p,postLinks pl#p.Id=c.PostId,p.Id=pl.PostId#c.Score,=,0,p.FavoriteCount,=,0,pl.LinkTypeId,=,1#646
comments c,posts p,postLinks pl#p.Id=c.PostId,p.Id=pl.PostId#p.Score,>=,-1,p.Score,<=,36,pl.CreationDate,>=,1301074923#33488
comments c,posts p,postLinks pl#p.Id=c.PostId,p.Id=pl.PostId#p.AnswerCount,>=,0,p.AnswerCount,<=,3,p.CommentCount,>=,0#32053
comments c,posts p,postLinks pl#p.Id=c.PostId,p.Id=pl.PostId#p.AnswerCount,>=,0,p.CommentCount,>=,0,p.CommentCount,<=,12#31779
comments c,posts p,postLinks pl#p.Id=c.PostId,p.Id=pl.PostId#p.ViewCount,>=,0,p.CreationDate,<=,1410568304,pl.CreationDate,<=,1404089914#32093
comments c,posts p,postLinks pl#p.Id=c.PostId,p.Id=pl.PostId#c.CreationDate,<=,1409410434,p.Score,=,2,p.CreationDate,<=,1410555337#4928
comments c,posts p,postLinks pl#p.Id=c.PostId,p.Id=pl.PostId#c.Score,=,0,p.Score,>=,-1,p.FavoriteCount,<=,14#10163
comments c,posts p,postLinks pl#p.Id=c.PostId,p.Id=pl.PostId#p.FavoriteCount,>=,0,p.CreationDate,>=,1280220145,p.CreationDate,<=,1409635551#15642
comments c,posts p,postLinks pl#p.Id=c.PostId,p.Id=pl.PostId#p.CommentCount,>=,0,p.FavoriteCount,=,0,pl.CreationDate,>=,1283340691#940
comments c,posts p,postLinks pl#p.Id=c.PostId,p.Id=pl.PostId#p.Score,>=,-9,p.Score,<=,36,p.FavoriteCount,<=,6#13292
comments c,posts p,postLinks pl#p.Id=c.PostId,p.Id=pl.PostId#c.Score,=,0,p.Score,>=,-4,p.ViewCount,<=,9426#24216
comments c,posts p,postLinks pl#p.Id=c.PostId,p.Id=pl.PostId#p.Score,<=,66,p.CreationDate,>=,1281107686,pl.CreationDate,>=,1305991699#33385
comments c,posts p,postLinks pl#p.Id=c.PostId,p.Id=pl.PostId#c.Score,=,0,p.PostTypeId,=,1,p.AnswerCount,>=,0#24726
comments c,posts p,postLinks pl#p.Id=c.PostId,p.Id=pl.PostId#p.PostTypeId,=,1,p.Score,<=,40,p.ViewCount,>=,0#34830
comments c,posts p,postLinks pl#p.Id=c.PostId,p.Id=pl.PostId#pl.LinkTypeId,=,1,pl.CreationDate,>=,1284940637,pl.CreationDate,<=,1406040260#30671
comments c,posts p,postLinks pl#p.Id=c.PostId,p.Id=pl.PostId#c.CreationDate,>=,1284481914,p.ViewCount,<=,5257,pl.LinkTypeId,=,1#31310
comments c,posts p,postLinks pl#p.Id=c.PostId,p.Id=pl.PostId#c.Score,=,0,p.AnswerCount,=,1,pl.LinkTypeId,=,1#8542
comments c,posts p,postLinks pl#p.Id=c.PostId,p.Id=pl.PostId#c.Score,=,1,p.PostTypeId,=,1,p.ViewCount,<=,22968#6225
comments c,posts p,postLinks pl#p.Id=c.PostId,p.Id=pl.PostId#c.Score,=,1,p.PostTypeId,=,1,p.CommentCount,>=,0#6281
comments c,posts p,postLinks pl#p.Id=c.PostId,p.Id=pl.PostId#p.FavoriteCount,=,0,p.CreationDate,>=,1279631789,pl.CreationDate,<=,1406458287#911
comments c,posts p,postLinks pl#p.Id=c.PostId,p.Id=pl.PostId#p.ViewCount,>=,0,p.CreationDate,<=,1409940736,pl.CreationDate,<=,1406175458#33029
comments c,posts p,postLinks pl#p.Id=c.PostId,p.Id=pl.PostId#c.CreationDate,>=,1279600425,p.CommentCount,>=,0,p.CommentCount,<=,16#33784
comments c,posts p,postLinks pl#p.Id=c.PostId,p.Id=pl.PostId#c.CreationDate,<=,1410203031,p.ViewCount,<=,4404,p.CommentCount,>=,0#33268
comments c,posts p,postLinks pl#p.Id=c.PostId,p.Id=pl.PostId#c.Score,=,0,c.CreationDate,>=,1280906199,p.ViewCount,<=,2884#22796
comments c,posts p,postLinks pl#p.Id=c.PostId,p.Id=pl.PostId#p.Score,>=,-1,p.Score,<=,63,p.FavoriteCount,<=,28#15391
comments c,posts p,postLinks pl#p.Id=c.PostId,p.Id=pl.PostId#c.Score,=,0,p.CreationDate,>=,1281291275,p.CreationDate,<=,1410116163#24448
comments c,posts p,postLinks pl#p.Id=c.PostId,p.Id=pl.PostId#p.AnswerCount,>=,0,p.AnswerCount,<=,6,pl.LinkTypeId,=,1#32063
comments c,posts p,postLinks pl#p.Id=c.PostId,p.Id=pl.PostId#p.AnswerCount,>=,0,p.AnswerCount,<=,5,p.CommentCount,>=,0#33977
comments c,posts p,postLinks pl#p.Id=c.PostId,p.Id=pl.PostId#p.ViewCount,<=,2052,p.CommentCount,<=,9,pl.LinkTypeId,=,1#23221
comments c,posts p,postLinks pl#p.Id=c.PostId,p.Id=pl.PostId#p.CommentCount,>=,0,p.CreationDate,<=,1410286490,pl.LinkTypeId,=,3#2249
comments c,posts p,postLinks pl#p.Id=c.PostId,p.Id=pl.PostId#c.CreationDate,<=,1410353480,p.Score,>=,-1,p.Score,<=,40#34471
comments c,posts p,postLinks pl#p.Id=c.PostId,p.Id=pl.PostId#c.Score,=,0,pl.CreationDate,>=,1292470319,pl.CreationDate,<=,1408099430#23371
comments c,posts p,postLinks pl#p.Id=c.PostId,p.Id=pl.PostId#p.Score,>=,-1,p.Score,<=,18,pl.LinkTypeId,=,1#31200
comments c,posts p,postLinks pl#p.Id=c.PostId,p.Id=pl.PostId#p.PostTypeId,=,1,p.AnswerCount,<=,5,p.CommentCount,>=,0#33977
comments c,posts p,postLinks pl#p.Id=c.PostId,p.Id=pl.PostId#c.Score,=,0,c.CreationDate,>=,1279698417,pl.CreationDate,=,1361156597#395
comments c,posts p,postLinks pl#p.Id=c.PostId,p.Id=pl.PostId#c.CreationDate,<=,1409944152,p.PostTypeId,=,1,p.Score,>=,-2#34885
comments c,posts p,postLinks pl#p.Id=c.PostId,p.Id=pl.PostId#c.Score,=,0,p.AnswerCount,>=,0,p.AnswerCount,<=,5#23997
comments c,posts p,postLinks pl#p.Id=c.PostId,p.Id=pl.PostId#c.CreationDate,>=,1279745770,p.Score,>=,-3,p.AnswerCount,<=,3#31927
comments c,posts p,postLinks pl#p.Id=c.PostId,p.Id=pl.PostId#p.Score,>=,0,p.ViewCount,>=,0,pl.CreationDate,>=,1316668295#32061
comments c,posts p,postLinks pl#p.Id=c.PostId,p.Id=pl.PostId#p.PostTypeId,=,1,p.Score,<=,23,p.AnswerCount,<=,5#33606
comments c,posts p,postLinks pl#p.Id=c.PostId,p.Id=pl.PostId#p.ViewCount,<=,3809,p.AnswerCount,<=,4,pl.CreationDate,>=,1308283000#30730
comments c,posts p,postLinks pl#p.Id=c.PostId,p.Id=pl.PostId#c.Score,=,2,c.CreationDate,<=,1410192043,p.AnswerCount,>=,0#2305
comments c,posts p,postLinks pl#p.Id=c.PostId,p.Id=pl.PostId#c.Score,=,0,p.AnswerCount,<=,3,pl.LinkTypeId,=,1#21202
comments c,posts p,postLinks pl#p.Id=c.PostId,p.Id=pl.PostId#p.Score,<=,27,p.FavoriteCount,>=,0,pl.LinkTypeId,=,1#14573
comments c,posts p,postLinks pl#p.Id=c.PostId,p.Id=pl.PostId#c.Score,=,0,c.CreationDate,<=,1410384022,p.FavoriteCount,<=,15#10199
comments c,posts p,postLinks pl#p.Id=c.PostId,p.Id=pl.PostId#p.PostTypeId,=,1,p.Score,>=,0,p.Score,<=,14#32589
comments c,posts p,postLinks pl#p.Id=c.PostId,p.Id=pl.PostId#p.CommentCount,<=,8,p.CreationDate,<=,1410171174,pl.LinkTypeId,=,1#24505
comments c,posts p,postLinks pl#p.Id=c.PostId,p.Id=pl.PostId#p.PostTypeId,=,1,p.Score,>=,-1,pl.LinkTypeId,=,1#32837
comments c,posts p,postLinks pl#p.Id=c.PostId,p.Id=pl.PostId#p.ViewCount,<=,6033,p.AnswerCount,>=,0,pl.LinkTypeId,=,1#31786
comments c,posts p,postLinks pl#p.Id=c.PostId,p.Id=pl.PostId#c.Score,=,0,p.PostTypeId,=,1,p.ViewCount,>=,0#24726
comments c,posts p,postLinks pl#p.Id=c.PostId,p.Id=pl.PostId#c.CreationDate,>=,1280333902,c.CreationDate,<=,1410261917,p.ViewCount,<=,2985#32084
comments c,posts p,postLinks pl#p.Id=c.PostId,p.Id=pl.PostId#p.Score,>=,0,pl.LinkTypeId,=,1,pl.CreationDate,<=,1399173228#27669
comments c,posts p,postLinks pl#p.Id=c.PostId,p.Id=pl.PostId#c.CreationDate,>=,1279612794,p.ViewCount,<=,8236,p.FavoriteCount,>=,0#14932
comments c,posts p,postLinks pl#p.Id=c.PostId,p.Id=pl.PostId#p.ViewCount,>=,0,p.CommentCount,>=,0,pl.LinkTypeId,=,1#33040
comments c,posts p,postLinks pl#p.Id=c.PostId,p.Id=pl.PostId#p.Score,=,0,p.CommentCount,>=,0,pl.LinkTypeId,=,1#5816
comments c,posts p,postLinks pl#p.Id=c.PostId,p.Id=pl.PostId#p.CommentCount,>=,0,p.CreationDate,<=,1409310866,pl.CreationDate,>=,1294778386#34174
comments c,posts p,postLinks pl#p.Id=c.PostId,p.Id=pl.PostId#p.Score,>=,-2,pl.CreationDate,>=,1286292467,pl.CreationDate,<=,1410594444#34840
comments c,posts p,postLinks pl#p.Id=c.PostId,p.Id=pl.PostId#c.Score,=,0,c.CreationDate,<=,1410243632,p.Score,<=,74#24507
comments c,posts p,postLinks pl#p.Id=c.PostId,p.Id=pl.PostId#p.AnswerCount,<=,12,p.FavoriteCount,>=,0,pl.LinkTypeId,=,1#15224
comments c,posts p,postLinks pl#p.Id=c.PostId,p.Id=pl.PostId#p.PostTypeId,=,1,p.AnswerCount,<=,5,p.CommentCount,<=,11#29983
comments c,posts p,postLinks pl#p.Id=c.PostId,p.Id=pl.PostId#p.PostTypeId,=,1,p.AnswerCount,>=,0,pl.LinkTypeId,=,1#33040
comments c,posts p,postLinks pl#p.Id=c.PostId,p.Id=pl.PostId#c.Score,=,1,p.FavoriteCount,>=,0,p.FavoriteCount,<=,4#2142
comments c,posts p,postLinks pl#p.Id=c.PostId,p.Id=pl.PostId#p.PostTypeId,=,1,p.Score,<=,21,p.FavoriteCount,>=,0#14584
comments c,posts p,postLinks pl#p.Id=c.PostId,p.Id=pl.PostId#c.CreationDate,<=,1410571576,p.PostTypeId,=,1,p.CommentCount,>=,0#35290
comments c,posts p,postLinks pl#p.Id=c.PostId,p.Id=pl.PostId#c.CreationDate,>=,1280420038,c.CreationDate,<=,1410609702,p.ViewCount,<=,2608#31764
comments c,posts p,postLinks pl#p.Id=c.PostId,p.Id=pl.PostId#c.CreationDate,>=,1279921212,p.CommentCount,<=,11,pl.LinkTypeId,=,1#28792
comments c,posts p,postLinks pl#p.Id=c.PostId,p.Id=pl.PostId#p.CreationDate,>=,1279716180,pl.CreationDate,>=,1338260686,pl.CreationDate,<=,1404387608#25927
comments c,posts p,postLinks pl#p.Id=c.PostId,p.Id=pl.PostId#c.Score,=,3,p.CommentCount,>=,0,pl.LinkTypeId,=,1#959
comments c,posts p,postLinks pl#p.Id=c.PostId,p.Id=pl.PostId#p.PostTypeId,=,1,pl.CreationDate,>=,1298553624,pl.CreationDate,<=,1403262825#30658
comments c,posts p,postLinks pl#p.Id=c.PostId,p.Id=pl.PostId#c.Score,=,0,p.PostTypeId,=,1,p.CommentCount,<=,11#21535
comments c,posts p,postLinks pl#p.Id=c.PostId,p.Id=pl.PostId#c.Score,=,0,p.AnswerCount,>=,0,pl.LinkTypeId,=,1#23167
comments c,posts p,postLinks pl#p.Id=c.PostId,p.Id=pl.PostId#p.Score,>=,-1,p.CreationDate,>=,1279582458,pl.LinkTypeId,=,1#32750
comments c,posts p,postLinks pl#p.Id=c.PostId,p.Id=pl.PostId#p.Score,<=,14,p.CreationDate,<=,1410179838,pl.CreationDate,>=,1284777821#32711
comments c,posts p,postLinks pl#p.Id=c.PostId,p.Id=pl.PostId#c.CreationDate,>=,1281482143,p.AnswerCount,<=,12,pl.CreationDate,<=,1406558084#32704
comments c,posts p,postLinks pl#p.Id=c.PostId,p.Id=pl.PostId#c.Score,=,0,p.PostTypeId,=,1,pl.CreationDate,<=,1408970284#24134
comments c,posts p,postLinks pl#p.Id=c.PostId,p.Id=pl.PostId#c.Score,=,0,p.ViewCount,<=,10355,p.FavoriteCount,>=,0#10343
comments c,posts p,postLinks pl#p.Id=c.PostId,p.Id=pl.PostId#p.ViewCount,>=,0,p.CreationDate,>=,1283270159,pl.LinkTypeId,=,1#32553
comments c,posts p,postLinks pl#p.Id=c.PostId,p.Id=pl.PostId#p.PostTypeId,=,1,p.Score,<=,22,pl.LinkTypeId,=,1#31790
comments c,posts p,postLinks pl#p.Id=c.PostId,p.Id=pl.PostId#p.Score,>=,0,p.ViewCount,>=,0,p.CommentCount,>=,0#34887
comments c,posts p,postLinks pl#p.Id=c.PostId,p.Id=pl.PostId#p.PostTypeId,=,1,p.ViewCount,<=,10214,p.CommentCount,=,3#3912
comments c,posts p,postLinks pl#p.Id=c.PostId,p.Id=pl.PostId#p.CommentCount,=,2,p.FavoriteCount,>=,0,pl.CreationDate,<=,1409590741#1374
comments c,posts p,postLinks pl#p.Id=c.PostId,p.Id=pl.PostId#p.FavoriteCount,>=,0,pl.CreationDate,>=,1313955923,pl.CreationDate,<=,1406072936#13392
comments c,posts p,postLinks pl#p.Id=c.PostId,p.Id=pl.PostId#c.CreationDate,>=,1287172878,p.FavoriteCount,>=,0,p.FavoriteCount,<=,16#14649
comments c,posts p,postLinks pl#p.Id=c.PostId,p.Id=pl.PostId#c.CreationDate,>=,1280413267,p.Score,>=,-1,p.AnswerCount,>=,0#34930
comments c,posts p,postLinks pl#p.Id=c.PostId,p.Id=pl.PostId#p.Score,>=,0,p.AnswerCount,>=,0,pl.CreationDate,>=,1299618500#33885
comments c,posts p,postLinks pl#p.Id=c.PostId,p.Id=pl.PostId#c.CreationDate,>=,1281090978,c.CreationDate,<=,1410433779,pl.LinkTypeId,=,3#2241
comments c,posts p,postLinks pl#p.Id=c.PostId,p.Id=pl.PostId#p.ViewCount,>=,0,p.ViewCount,<=,3241,p.FavoriteCount,>=,0#13441
comments c,posts p,postLinks pl#p.Id=c.PostId,p.Id=pl.PostId#p.AnswerCount,>=,0,p.FavoriteCount,>=,0,p.FavoriteCount,<=,4#12322
comments c,posts p,postLinks pl#p.Id=c.PostId,p.Id=pl.PostId#p.AnswerCount,>=,0,p.CreationDate,>=,1279903010,pl.LinkTypeId,=,1#32895
comments c,posts p,postLinks pl#p.Id=c.PostId,p.Id=pl.PostId#p.CommentCount,<=,9,p.CreationDate,>=,1282410787,p.CreationDate,<=,1410350856#28215
comments c,posts p,postLinks pl#p.Id=c.PostId,p.Id=pl.PostId#c.Score,=,0,p.Score,>=,-3,pl.LinkTypeId,=,1#23117
comments c,posts p,postLinks pl#p.Id=c.PostId,p.Id=pl.PostId#p.ViewCount,>=,0,p.ViewCount,<=,2686,pl.CreationDate,>=,1305810042#30772
comments c,posts p,postLinks pl#p.Id=c.PostId,p.Id=pl.PostId#p.ViewCount,>=,0,p.ViewCount,<=,5671,p.FavoriteCount,>=,0#14555
comments c,posts p,postLinks pl#p.Id=c.PostId,p.Id=pl.PostId#c.Score,=,1,p.ViewCount,>=,0,p.CreationDate,<=,1409257897#6205
comments c,posts p,postLinks pl#p.Id=c.PostId,p.Id=pl.PostId#p.ViewCount,<=,15328,p.CommentCount,<=,13,p.FavoriteCount,<=,3#10029
comments c,posts p,postLinks pl#p.Id=c.PostId,p.Id=pl.PostId#c.Score,=,0,c.CreationDate,<=,1410428635,p.PostTypeId,=,1#24681
comments c,posts p,postLinks pl#p.Id=c.PostId,p.Id=pl.PostId#p.AnswerCount,=,0,p.CommentCount,>=,0,p.CommentCount,<=,18#9147
comments c,posts p,postLinks pl#p.Id=c.PostId,p.Id=pl.PostId#p.ViewCount,<=,3881,p.FavoriteCount,<=,8,p.CreationDate,<=,1409080582#12833
comments c,posts p,postLinks pl#p.Id=c.PostId,p.Id=pl.PostId#p.ViewCount,>=,0,p.ViewCount,<=,4619,p.FavoriteCount,<=,5#12378
comments c,posts p,postLinks pl#p.Id=c.PostId,p.Id=pl.PostId#p.Score,>=,-3,p.FavoriteCount,<=,10,pl.CreationDate,<=,1407754525#13948
comments c,posts p,postLinks pl#p.Id=c.PostId,p.Id=pl.PostId#c.CreationDate,<=,1410290885,p.AnswerCount,>=,0,p.FavoriteCount,<=,4#12302
comments c,posts p,postLinks pl#p.Id=c.PostId,p.Id=pl.PostId#c.CreationDate,>=,1279734722,p.Score,<=,31,p.CommentCount,>=,0#34591
comments c,posts p,postLinks pl#p.Id=c.PostId,p.Id=pl.PostId#c.CreationDate,<=,1409737972,p.CreationDate,>=,1280537512,p.CreationDate,<=,1410569491#34732
comments c,posts p,postLinks pl#p.Id=c.PostId,p.Id=pl.PostId#p.ViewCount,>=,0,p.AnswerCount,<=,5,pl.LinkTypeId,=,1#31731
comments c,posts p,postLinks pl#p.Id=c.PostId,p.Id=pl.PostId#c.CreationDate,>=,1281377590,p.CommentCount,>=,0,p.FavoriteCount,>=,0#15704
comments c,posts p,postLinks pl#p.Id=c.PostId,p.Id=pl.PostId#p.Score,>=,0,p.ViewCount,>=,0,pl.CreationDate,>=,1280920867#34863
comments c,posts p,postLinks pl#p.Id=c.PostId,p.Id=pl.PostId#c.CreationDate,<=,1409700875,p.CommentCount,>=,0,pl.CreationDate,>=,1337197065#28910
comments c,posts p,postLinks pl#p.Id=c.PostId,p.Id=pl.PostId#p.Score,=,0,p.CreationDate,>=,1279775597,pl.LinkTypeId,=,1#5816
comments c,posts p,postLinks pl#p.Id=c.PostId,p.Id=pl.PostId#c.Score,=,0,pl.LinkTypeId,=,1,pl.CreationDate,>=,1286415203#22971
comments c,posts p,postLinks pl#p.Id=c.PostId,p.Id=pl.PostId#p.CreationDate,>=,1280291177,p.CreationDate,<=,1408635459,pl.LinkTypeId,=,1#32200
comments c,posts p,postLinks pl#p.Id=c.PostId,p.Id=pl.PostId#p.ViewCount,>=,0,p.CreationDate,>=,1285934591,p.CreationDate,<=,1410378764#34539
comments c,posts p,postLinks pl#p.Id=c.PostId,p.Id=pl.PostId#c.Score,=,2,c.CreationDate,<=,1410525363,p.PostTypeId,=,1#2312
comments c,posts p,postLinks pl#p.Id=c.PostId,p.Id=pl.PostId#p.ViewCount,>=,0,p.CreationDate,>=,1280222427,pl.CreationDate,<=,1405608096#32599
comments c,posts p,postLinks pl#p.Id=c.PostId,p.Id=pl.PostId#c.CreationDate,<=,1410491626,p.FavoriteCount,<=,8,pl.LinkTypeId,=,1#13668
comments c,posts p,postLinks pl#p.Id=c.PostId,p.Id=pl.PostId#p.PostTypeId,=,1,p.CommentCount,<=,17,pl.LinkTypeId,=,1#31957
comments c,posts p,postLinks pl#p.Id=c.PostId,p.Id=pl.PostId#p.AnswerCount,>=,0,pl.LinkTypeId,=,1,pl.CreationDate,=,1408454231#6
comments c,posts p,postLinks pl#p.Id=c.PostId,p.Id=pl.PostId#p.ViewCount,<=,1489,p.CreationDate,>=,1279567458,pl.CreationDate,<=,1398457314#24015
comments c,posts p,postLinks pl#p.Id=c.PostId,p.Id=pl.PostId#p.Score,<=,10,p.AnswerCount,>=,0,p.CommentCount,<=,15#30139
comments c,posts p,postLinks pl#p.Id=c.PostId,p.Id=pl.PostId#c.CreationDate,>=,1282837829,p.Score,>=,0,p.AnswerCount,<=,7#33884
comments c,posts p,postLinks pl#p.Id=c.PostId,p.Id=pl.PostId#c.Score,=,0,p.Score,<=,24,pl.LinkTypeId,=,1#22613
comments c,posts p,postLinks pl#p.Id=c.PostId,p.Id=pl.PostId#p.ViewCount,>=,0,p.FavoriteCount,>=,0,pl.LinkTypeId,=,1#15545
comments c,posts p,postLinks pl#p.Id=c.PostId,p.Id=pl.PostId#p.Score,<=,26,p.ViewCount,>=,0,p.ViewCount,<=,8624#33763
comments c,posts p,postLinks pl#p.Id=c.PostId,p.Id=pl.PostId#p.Score,>=,0,p.Score,<=,19,p.AnswerCount,<=,5#32934
comments c,posts p,postLinks pl#p.Id=c.PostId,p.Id=pl.PostId#p.Score,<=,22,p.CommentCount,<=,12,pl.LinkTypeId,=,1#28547
comments c,posts p,postLinks pl#p.Id=c.PostId,p.Id=pl.PostId#c.Score,=,0,p.ViewCount,<=,1155,p.AnswerCount,<=,8#20407
comments c,posts p,postLinks pl#p.Id=c.PostId,p.Id=pl.PostId#p.ViewCount,=,40,p.CreationDate,<=,1410443262,pl.CreationDate,=,1402685915#2
comments c,posts p,postLinks pl#p.Id=c.PostId,p.Id=pl.PostId#p.ViewCount,>=,0,p.CommentCount,<=,11,pl.CreationDate,=,1389024155#8
comments c,posts p,postLinks pl#p.Id=c.PostId,p.Id=pl.PostId#p.ViewCount,>=,0,p.ViewCount,<=,7749,pl.CreationDate,<=,1410395560#34232
comments c,posts p,postLinks pl#p.Id=c.PostId,p.Id=pl.PostId#c.Score,=,0,p.AnswerCount,<=,5,pl.LinkTypeId,=,1#22440
comments c,posts p,postLinks pl#p.Id=c.PostId,p.Id=pl.PostId#c.CreationDate,>=,1284055488,p.Score,>=,-2,pl.CreationDate,<=,1403123923#30960
comments c,posts p,postLinks pl#p.Id=c.PostId,p.Id=pl.PostId#c.Score,=,0,p.AnswerCount,<=,4,pl.LinkTypeId,=,1#22095
comments c,posts p,postLinks pl#p.Id=c.PostId,p.Id=pl.PostId#c.Score,=,0,p.PostTypeId,=,1,pl.CreationDate,>=,1283175891#24647
comments c,posts p,postLinks pl#p.Id=c.PostId,p.Id=pl.PostId#p.PostTypeId,=,1,p.FavoriteCount,>=,0,pl.LinkTypeId,=,1#15545
comments c,posts p,postLinks pl#p.Id=c.PostId,p.Id=pl.PostId#p.AnswerCount,<=,7,p.CommentCount,>=,0,p.CommentCount,<=,14#32265
comments c,posts p,postLinks pl#p.Id=c.PostId,p.Id=pl.PostId#p.CommentCount,>=,0,p.CreationDate,>=,1280267503,pl.LinkTypeId,=,1#32842
comments c,posts p,postLinks pl#p.Id=c.PostId,p.Id=pl.PostId#p.AnswerCount,>=,0,pl.LinkTypeId,=,1,pl.CreationDate,<=,1407248194#31464
comments c,posts p,postLinks pl#p.Id=c.PostId,p.Id=pl.PostId#p.PostTypeId,=,1,p.CreationDate,>=,1281376824,pl.CreationDate,<=,1404175115#31816
comments c,posts p,postLinks pl#p.Id=c.PostId,p.Id=pl.PostId#c.Score,=,0,p.CommentCount,>=,0,p.FavoriteCount,>=,0#10718
comments c,posts p,postLinks pl#p.Id=c.PostId,p.Id=pl.PostId#p.CommentCount,<=,12,p.FavoriteCount,<=,7,p.CreationDate,>=,1280213706#11722
comments c,posts p,postLinks pl#p.Id=c.PostId,p.Id=pl.PostId#c.Score,=,1,p.AnswerCount,>=,0,p.AnswerCount,<=,6#6114
comments c,posts p,postLinks pl#p.Id=c.PostId,p.Id=pl.PostId#c.CreationDate,<=,1410124425,p.FavoriteCount,>=,0,p.CreationDate,<=,1410193213#15857
comments c,posts p,postLinks pl#p.Id=c.PostId,p.Id=pl.PostId#p.AnswerCount,<=,3,p.CommentCount,>=,0,p.FavoriteCount,=,0#895
comments c,posts p,postLinks pl#p.Id=c.PostId,p.Id=pl.PostId#c.Score,=,0,p.ViewCount,<=,1780,p.CommentCount,<=,14#20278
comments c,posts p,postLinks pl#p.Id=c.PostId,p.Id=pl.PostId#c.Score,=,1,pl.LinkTypeId,=,3,pl.CreationDate,>=,1331670389#427
comments c,posts p,postLinks pl#p.Id=c.PostId,p.Id=pl.PostId#c.Score,=,0,p.Score,>=,0,p.ViewCount,=,250#11
comments c,posts p,postLinks pl#p.Id=c.PostId,p.Id=pl.PostId#p.ViewCount,<=,11458,p.CreationDate,>=,1279619940,p.CreationDate,<=,1409297250#34147
comments c,posts p,postLinks pl#p.Id=c.PostId,p.Id=pl.PostId#p.Score,>=,-4,p.ViewCount,<=,2167,pl.LinkTypeId,=,1#28847
comments c,posts p,postLinks pl#p.Id=c.PostId,p.Id=pl.PostId#c.Score,=,0,p.CommentCount,>=,0,pl.LinkTypeId,=,1#23167
comments c,posts p,postLinks pl#p.Id=c.PostId,p.Id=pl.PostId#c.Score,=,0,p.Score,>=,0,p.Score,<=,20#23766
comments c,posts p,postLinks pl#p.Id=c.PostId,p.Id=pl.PostId#p.ViewCount,<=,4410,p.CommentCount,>=,0,p.CommentCount,<=,16#32234
comments c,posts p,postLinks pl#p.Id=c.PostId,p.Id=pl.PostId#c.CreationDate,<=,1409771101,p.ViewCount,>=,0,p.CreationDate,<=,1410374493#34984
comments c,posts p,postLinks pl#p.Id=c.PostId,p.Id=pl.PostId#c.Score,=,1,p.Score,<=,14,pl.LinkTypeId,=,1#5411
comments c,posts p,postLinks pl#p.Id=c.PostId,p.Id=pl.PostId#p.Score,=,1,p.ViewCount,<=,8861,p.FavoriteCount,=,1#988
comments c,posts p,postLinks pl#p.Id=c.PostId,p.Id=pl.PostId#c.Score,=,0,c.CreationDate,<=,1410109870,p.Score,<=,16#23541
comments c,posts p,postLinks pl#p.Id=c.PostId,p.Id=pl.PostId#c.Score,=,0,p.AnswerCount,<=,6,p.CommentCount,<=,24#24095
comments c,posts p,postLinks pl#p.Id=c.PostId,p.Id=pl.PostId#c.Score,=,0,p.Score,<=,19,pl.CreationDate,>=,1294778386#23598
comments c,posts p,postLinks pl#p.Id=c.PostId,p.Id=pl.PostId#p.PostTypeId,=,1,p.AnswerCount,<=,5,p.CreationDate,<=,1409821015#33774
comments c,posts p,postLinks pl#p.Id=c.PostId,p.Id=pl.PostId#c.Score,=,0,c.CreationDate,>=,1282173473,c.CreationDate,<=,1410191695#24426
comments c,posts p,postLinks pl#p.Id=c.PostId,p.Id=pl.PostId#p.Score,>=,-1,p.ViewCount,>=,0,pl.CreationDate,<=,1406561047#32953
comments c,posts p,postLinks pl#p.Id=c.PostId,p.Id=pl.PostId#p.FavoriteCount,<=,4,p.CreationDate,>=,1279567067,pl.LinkTypeId,=,1#11955
comments c,posts p,postLinks pl#p.Id=c.PostId,p.Id=pl.PostId#c.Score,=,0,p.CommentCount,>=,0,pl.LinkTypeId,=,1#23167
comments c,posts p,postLinks pl#p.Id=c.PostId,p.Id=pl.PostId#p.Score,<=,15,p.ViewCount,<=,49948,p.CommentCount,>=,0#33165
comments c,posts p,postLinks pl#p.Id=c.PostId,p.Id=pl.PostId#p.Score,<=,61,p.ViewCount,<=,33939,pl.CreationDate,<=,1410330990#34884
comments c,posts p,postLinks pl#p.Id=c.PostId,p.Id=pl.PostId#p.Score,>=,-4,p.CommentCount,<=,15,pl.CreationDate,>=,1303411981#32001
comments c,posts p,postLinks pl#p.Id=c.PostId,p.Id=pl.PostId#p.PostTypeId,=,1,p.AnswerCount,>=,0,p.AnswerCount,<=,4#33393
comments c,posts p,postLinks pl#p.Id=c.PostId,p.Id=pl.PostId#p.ViewCount,>=,0,p.ViewCount,<=,3386,p.CreationDate,<=,1409194833#32153
comments c,posts p,postLinks pl#c.UserId=p.OwnerUserId,p.Id=pl.PostId#c.Score,=,0,p.Score,>=,0,p.CreationDate,<=,1408324340#542967
comments c,posts p,postLinks pl#c.UserId=p.OwnerUserId,p.Id=pl.PostId#c.Score,=,2,p.PostTypeId,=,1,p.AnswerCount,>=,0#30974
comments c,posts p,postLinks pl#c.UserId=p.OwnerUserId,p.Id=pl.PostId#p.Score,>=,-3,p.AnswerCount,>=,0,p.CreationDate,>=,1281599105#689070
comments c,posts p,postLinks pl#c.UserId=p.OwnerUserId,p.Id=pl.PostId#p.Score,>=,-1,p.Score,<=,36,p.FavoriteCount,<=,3#246477
comments c,posts p,postLinks pl#c.UserId=p.OwnerUserId,p.Id=pl.PostId#p.Score,>=,-1,p.AnswerCount,<=,4,p.CommentCount,<=,12#604614
comments c,posts p,postLinks pl#c.UserId=p.OwnerUserId,p.Id=pl.PostId#c.Score,=,0,p.AnswerCount,<=,5,pl.CreationDate,>=,1307604720#486698
comments c,posts p,postLinks pl#c.UserId=p.OwnerUserId,p.Id=pl.PostId#p.CreationDate,>=,1283702383,p.CreationDate,<=,1410423451,pl.CreationDate,=,1399401561#60
comments c,posts p,postLinks pl#c.UserId=p.OwnerUserId,p.Id=pl.PostId#p.PostTypeId,=,1,p.AnswerCount,>=,0,p.CreationDate,<=,1409325173#700568
comments c,posts p,postLinks pl#c.UserId=p.OwnerUserId,p.Id=pl.PostId#p.Score,>=,0,p.AnswerCount,>=,0,pl.LinkTypeId,=,1#683897
comments c,posts p,postLinks pl#c.UserId=p.OwnerUserId,p.Id=pl.PostId#c.CreationDate,=,1400509596,p.AnswerCount,>=,0,p.FavoriteCount,>=,0#10
comments c,posts p,postLinks pl#c.UserId=p.OwnerUserId,p.Id=pl.PostId#c.Score,=,0,p.Score,>=,0,p.Score,<=,20#477233
comments c,posts p,postLinks pl#c.UserId=p.OwnerUserId,p.Id=pl.PostId#p.Score,>=,-2,p.CommentCount,<=,15,p.CreationDate,<=,1410131660#695178
comments c,posts p,postLinks pl#c.UserId=p.OwnerUserId,p.Id=pl.PostId#c.Score,=,0,p.CommentCount,>=,0,p.FavoriteCount,<=,190#363838
comments c,posts p,postLinks pl#c.UserId=p.OwnerUserId,p.Id=pl.PostId#p.AnswerCount,>=,0,p.FavoriteCount,>=,0,p.CreationDate,<=,1410309479#482116
comments c,posts p,postLinks pl#c.UserId=p.OwnerUserId,p.Id=pl.PostId#c.Score,=,0,p.Score,>=,-1,p.FavoriteCount,>=,0#363225
comments c,posts p,postLinks pl#c.UserId=p.OwnerUserId,p.Id=pl.PostId#c.CreationDate,=,1375867464,p.CreationDate,<=,1409498290,pl.LinkTypeId,=,1#1
comments c,posts p,postLinks pl#c.UserId=p.OwnerUserId,p.Id=pl.PostId#c.CreationDate,<=,1410391736,p.Score,<=,15,p.CommentCount,<=,10#547074
comments c,posts p,postLinks pl#c.UserId=p.OwnerUserId,p.Id=pl.PostId#c.Score,=,0,p.CommentCount,<=,15,pl.LinkTypeId,=,1#531077
comments c,posts p,postLinks pl#c.UserId=p.OwnerUserId,p.Id=pl.PostId#c.CreationDate,<=,1410505723,p.Score,<=,35,p.FavoriteCount,=,0#19176
comments c,posts p,postLinks pl#c.UserId=p.OwnerUserId,p.Id=pl.PostId#p.FavoriteCount,>=,0,p.FavoriteCount,<=,9,pl.CreationDate,>=,1318591728#328148
comments c,posts p,postLinks pl#c.UserId=p.OwnerUserId,p.Id=pl.PostId#p.Score,>=,0,p.ViewCount,>=,0,p.ViewCount,<=,12291#691734
comments c,posts p,postLinks pl#c.UserId=p.OwnerUserId,p.Id=pl.PostId#p.ViewCount,<=,3567,p.CommentCount,<=,11,pl.LinkTypeId,=,1#608594
comments c,posts p,postLinks pl#c.UserId=p.OwnerUserId,p.Id=pl.PostId#c.CreationDate,<=,1410644749,p.CommentCount,<=,13,p.CreationDate,<=,1410382350#690185
comments c,posts p,postLinks pl#c.UserId=p.OwnerUserId,p.Id=pl.PostId#c.CreationDate,>=,1280788725,c.CreationDate,<=,1409944152,p.AnswerCount,=,0#96794
comments c,posts p,postLinks pl#c.UserId=p.OwnerUserId,p.Id=pl.PostId#c.Score,=,0,p.CommentCount,>=,0,p.CommentCount,<=,13#543368
comments c,posts p,postLinks pl#c.UserId=p.OwnerUserId,p.Id=pl.PostId#p.ViewCount,>=,0,p.ViewCount,<=,7045,pl.LinkTypeId,=,1#663604
comments c,posts p,postLinks pl#c.UserId=p.OwnerUserId,p.Id=pl.PostId#p.Score,>=,0,p.ViewCount,>=,0,pl.CreationDate,<=,1408735966#692478
comments c,posts p,postLinks pl#c.UserId=p.OwnerUserId,p.Id=pl.PostId#c.CreationDate,>=,1281356557,p.FavoriteCount,>=,0,p.FavoriteCount,<=,10#386913
comments c,posts p,postLinks pl#c.UserId=p.OwnerUserId,p.Id=pl.PostId#c.CreationDate,<=,1408892416,p.FavoriteCount,>=,0,p.FavoriteCount,<=,15#414676
comments c,posts p,postLinks pl#c.UserId=p.OwnerUserId,p.Id=pl.PostId#p.PostTypeId,=,1,pl.CreationDate,>=,1287767093,pl.CreationDate,<=,1404370296#651139
comments c,posts p,postLinks pl#c.UserId=p.OwnerUserId,p.Id=pl.PostId#p.Score,<=,18,p.CommentCount,<=,20,p.CreationDate,<=,1407934257#578220
comments c,posts p,postLinks pl#c.UserId=p.OwnerUserId,p.Id=pl.PostId#p.PostTypeId,=,1,p.ViewCount,<=,3621,p.CommentCount,>=,0#649697
comments c,posts p,postLinks pl#c.UserId=p.OwnerUserId,p.Id=pl.PostId#p.AnswerCount,<=,3,p.CreationDate,>=,1280726200,pl.CreationDate,<=,1409043762#573729
comments c,posts p,postLinks pl#c.UserId=p.OwnerUserId,p.Id=pl.PostId#c.Score,=,0,c.CreationDate,<=,1409976220,p.FavoriteCount,=,0#15717
comments c,posts p,postLinks pl#c.UserId=p.OwnerUserId,p.Id=pl.PostId#p.Score,<=,37,p.CreationDate,>=,1280262828,pl.LinkTypeId,=,1#650284
comments c,posts p,postLinks pl#c.UserId=p.OwnerUserId,p.Id=pl.PostId#c.CreationDate,<=,1410646831,p.FavoriteCount,>=,0,p.FavoriteCount,<=,4#272158
comments c,posts p,postLinks pl#c.UserId=p.OwnerUserId,p.Id=pl.PostId#p.PostTypeId,=,1,p.Score,>=,-1,p.CommentCount,>=,0#704460
comments c,posts p,postLinks pl#c.UserId=p.OwnerUserId,p.Id=pl.PostId#p.AnswerCount,>=,0,pl.LinkTypeId,=,1,pl.CreationDate,<=,1403899401#646837
comments c,posts p,postLinks pl#c.UserId=p.OwnerUserId,p.Id=pl.PostId#p.Score,>=,0,p.ViewCount,>=,0,p.CommentCount,=,3#61271
comments c,posts p,postLinks pl#c.UserId=p.OwnerUserId,p.Id=pl.PostId#c.CreationDate,<=,1410391736,p.CommentCount,>=,0,p.CreationDate,>=,1282970084#672415
comments c,posts p,postLinks pl#c.UserId=p.OwnerUserId,p.Id=pl.PostId#p.AnswerCount,>=,0,p.AnswerCount,<=,6,pl.LinkTypeId,=,1#631922
comments c,posts p,postLinks pl#c.UserId=p.OwnerUserId,p.Id=pl.PostId#c.Score,=,0,p.CommentCount,=,0,p.CreationDate,>=,1280222427#140450
comments c,posts p,postLinks pl#c.UserId=p.OwnerUserId,p.Id=pl.PostId#c.Score,=,2,c.CreationDate,>=,1282143688,p.AnswerCount,<=,8#26908
comments c,posts p,postLinks pl#c.UserId=p.OwnerUserId,p.Id=pl.PostId#p.Score,<=,12,p.ViewCount,<=,2608,p.AnswerCount,>=,0#459993
comments c,posts p,postLinks pl#c.UserId=p.OwnerUserId,p.Id=pl.PostId#p.Score,>=,-3,p.AnswerCount,>=,0,p.AnswerCount,<=,4#622002
comments c,posts p,postLinks pl#c.UserId=p.OwnerUserId,p.Id=pl.PostId#p.FavoriteCount,>=,0,p.FavoriteCount,<=,6,pl.LinkTypeId,=,1#340594
comments c,posts p,postLinks pl#c.UserId=p.OwnerUserId,p.Id=pl.PostId#c.Score,=,0,c.CreationDate,<=,1409907408,pl.LinkTypeId,=,1#534687
comments c,posts p,postLinks pl#c.UserId=p.OwnerUserId,p.Id=pl.PostId#c.Score,=,0,p.Score,=,1,pl.LinkTypeId,=,1#51391
comments c,posts p,postLinks pl#c.UserId=p.OwnerUserId,p.Id=pl.PostId#p.ViewCount,>=,0,p.ViewCount,<=,6230,p.CreationDate,>=,1279582642#680511
comments c,posts p,postLinks pl#c.UserId=p.OwnerUserId,p.Id=pl.PostId#p.ViewCount,>=,0,p.CommentCount,<=,14,pl.LinkTypeId,=,1#676970
comments c,posts p,postLinks pl#c.UserId=p.OwnerUserId,p.Id=pl.PostId#p.PostTypeId,=,1,p.AnswerCount,>=,0,p.FavoriteCount,>=,0#482123
comments c,posts p,postLinks pl#c.UserId=p.OwnerUserId,p.Id=pl.PostId#c.Score,=,0,p.ViewCount,<=,9750,p.CreationDate,<=,1409669615#542330
comments c,posts p,postLinks pl#c.UserId=p.OwnerUserId,p.Id=pl.PostId#c.Score,=,0,p.Score,>=,-1,p.AnswerCount,=,0#81968
comments c,posts p,postLinks pl#c.UserId=p.OwnerUserId,p.Id=pl.PostId#c.Score,=,0,p.CommentCount,>=,0,p.FavoriteCount,<=,11#302827
comments c,posts p,postLinks pl#c.UserId=p.OwnerUserId,p.Id=pl.PostId#c.CreationDate,>=,1279892489,c.CreationDate,<=,1409595756,p.AnswerCount,<=,4#614817
comments c,posts p,postLinks pl#c.UserId=p.OwnerUserId,p.Id=pl.PostId#c.CreationDate,>=,1280323205,p.AnswerCount,=,0,p.CreationDate,<=,1409961344#97206
comments c,posts p,postLinks pl#c.UserId=p.OwnerUserId,p.Id=pl.PostId#p.Score,=,-2,p.CommentCount,>=,0,p.FavoriteCount,=,0#84
comments c,posts p,postLinks pl#c.UserId=p.OwnerUserId,p.Id=pl.PostId#p.AnswerCount,>=,0,p.CommentCount,>=,0,pl.LinkTypeId,=,1#686718
comments c,posts p,postLinks pl#c.UserId=p.OwnerUserId,p.Id=pl.PostId#p.AnswerCount,>=,0,p.FavoriteCount,>=,0,p.FavoriteCount,<=,5#310314
comments c,posts p,postLinks pl#c.UserId=p.OwnerUserId,p.Id=pl.PostId#pl.LinkTypeId,=,1,pl.CreationDate,>=,1300018529,pl.CreationDate,<=,1401382930#582767
comments c,posts p,postLinks pl#c.UserId=p.OwnerUserId,p.Id=pl.PostId#p.ViewCount,<=,7485,p.CreationDate,<=,1410413813,pl.LinkTypeId,=,1#665173
comments c,posts p,postLinks pl#c.UserId=p.OwnerUserId,p.Id=pl.PostId#c.CreationDate,>=,1281117216,c.CreationDate,<=,1410380762,p.CommentCount,<=,14#689555
comments c,posts p,postLinks pl#c.UserId=p.OwnerUserId,p.Id=pl.PostId#c.CreationDate,>=,1281357274,c.CreationDate,<=,1409942678,p.FavoriteCount,>=,0#473493
comments c,posts p,postLinks pl#c.UserId=p.OwnerUserId,p.Id=pl.PostId#p.AnswerCount,>=,0,p.CommentCount,>=,0,p.CreationDate,>=,1281989523#689444
comments c,posts p,postLinks pl#c.UserId=p.OwnerUserId,p.Id=pl.PostId#c.Score,=,1,p.FavoriteCount,<=,26,p.CreationDate,<=,1409520519#72419
comments c,posts p,postLinks pl#c.UserId=p.OwnerUserId,p.Id=pl.PostId#p.ViewCount,>=,0,p.ViewCount,<=,6880,pl.LinkTypeId,=,1#662961
comments c,posts p,postLinks pl#c.UserId=p.OwnerUserId,p.Id=pl.PostId#c.Score,=,0,pl.LinkTypeId,=,1,pl.CreationDate,=,1392273652#6073
comments c,posts p,postLinks pl#c.UserId=p.OwnerUserId,p.Id=pl.PostId#c.CreationDate,>=,1279642963,c.CreationDate,<=,1410463137,pl.LinkTypeId,=,1#685180
comments c,posts p,postLinks pl#c.UserId=p.OwnerUserId,p.Id=pl.PostId#c.Score,=,0,p.AnswerCount,<=,3,pl.LinkTypeId,=,1#452777
comments c,posts p,postLinks pl#c.UserId=p.OwnerUserId,p.Id=pl.PostId#c.Score,=,0,p.AnswerCount,>=,0,p.AnswerCount,<=,8#528301
comments c,posts p,postLinks pl#c.UserId=p.OwnerUserId,p.Id=pl.PostId#c.Score,=,0,p.ViewCount,>=,0,p.ViewCount,<=,5869#535641
comments c,posts p,postLinks pl#c.UserId=p.OwnerUserId,p.Id=pl.PostId#c.Score,=,3,p.CreationDate,<=,1409925181,pl.CreationDate,<=,1409323244#10925
comments c,posts p,postLinks pl#c.UserId=p.OwnerUserId,p.Id=pl.PostId#c.CreationDate,<=,1410388030,p.PostTypeId,=,1,p.AnswerCount,=,3#58470
comments c,posts p,postLinks pl#c.UserId=p.OwnerUserId,p.Id=pl.PostId#p.CreationDate,>=,1281808760,p.CreationDate,<=,1410533438,pl.LinkTypeId,=,1#670701
comments c,posts p,postLinks pl#c.UserId=p.OwnerUserId,p.Id=pl.PostId#c.CreationDate,<=,1409907199,p.CreationDate,>=,1280856296,p.CreationDate,<=,1410445096#689667
comments c,posts p,postLinks pl#c.UserId=p.OwnerUserId,p.Id=pl.PostId#p.PostTypeId,=,1,p.CommentCount,<=,14,p.FavoriteCount,>=,0#474712
comments c,posts p,postLinks pl#c.UserId=p.OwnerUserId,p.Id=pl.PostId#c.CreationDate,>=,1280602680,c.CreationDate,<=,1409944160,p.Score,>=,-1#695996
comments c,posts p,postLinks pl#c.UserId=p.OwnerUserId,p.Id=pl.PostId#p.Score,>=,0,p.AnswerCount,=,2,p.FavoriteCount,<=,12#120676
comments c,posts p,postLinks pl#c.UserId=p.OwnerUserId,p.Id=pl.PostId#c.Score,=,0,p.FavoriteCount,<=,20,p.CreationDate,<=,1409835775#338545
comments c,posts p,postLinks pl#c.UserId=p.OwnerUserId,p.Id=pl.PostId#c.Score,=,0,p.Score,<=,14,p.FavoriteCount,<=,19#269928
comments c,posts p,postLinks pl#c.UserId=p.OwnerUserId,p.Id=pl.PostId#p.CreationDate,>=,1281056885,pl.CreationDate,>=,1288084583,pl.CreationDate,<=,1407022828#661975
comments c,posts p,postLinks pl#c.UserId=p.OwnerUserId,p.Id=pl.PostId#p.Score,<=,13,p.CreationDate,>=,1281556349,p.CreationDate,<=,1409323120#543113
comments c,posts p,postLinks pl#c.UserId=p.OwnerUserId,p.Id=pl.PostId#c.CreationDate,>=,1279722301,c.CreationDate,<=,1410129389,pl.CreationDate,<=,1406738273#680881
comments c,posts p,postLinks pl#c.UserId=p.OwnerUserId,p.Id=pl.PostId#c.CreationDate,>=,1279820172,p.Score,>=,-2,pl.CreationDate,<=,1406554189#682573
comments c,posts p,postLinks pl#c.UserId=p.OwnerUserId,p.Id=pl.PostId#c.Score,=,0,c.CreationDate,>=,1284493429,c.CreationDate,<=,1410556688#545670
comments c,posts p,postLinks pl#c.UserId=p.OwnerUserId,p.Id=pl.PostId#p.PostTypeId,=,1,p.CommentCount,<=,10,pl.LinkTypeId,=,1#646590
comments c,posts p,postLinks pl#c.UserId=p.OwnerUserId,p.Id=pl.PostId#p.ViewCount,>=,0,p.CreationDate,<=,1408950127,pl.LinkTypeId,=,1#679770
comments c,posts p,postLinks pl#c.UserId=p.OwnerUserId,p.Id=pl.PostId#p.AnswerCount,<=,4,pl.CreationDate,>=,1302596467,pl.CreationDate,<=,1408485153#585326
comments c,posts p,postLinks pl#c.UserId=p.OwnerUserId,p.Id=pl.PostId#p.PostTypeId,=,1,pl.CreationDate,>=,1287767093,pl.CreationDate,<=,1401894257#625583
comments c,posts p,postLinks pl#c.UserId=p.OwnerUserId,p.Id=pl.PostId#p.CommentCount,<=,12,pl.LinkTypeId,=,1,pl.CreationDate,>=,1289334010#649198
comments c,posts p,postLinks pl#c.UserId=p.OwnerUserId,p.Id=pl.PostId#p.Score,>=,0,p.CreationDate,<=,1410293944,pl.CreationDate,<=,1408723448#692474
comments c,posts p,postLinks pl#c.UserId=p.OwnerUserId,p.Id=pl.PostId#p.PostTypeId,=,1,p.Score,>=,0,p.Score,<=,10#449914
comments c,posts p,postLinks pl#c.UserId=p.OwnerUserId,p.Id=pl.PostId#c.Score,=,0,p.CommentCount,>=,0,pl.CreationDate,>=,1289334010#541788
comments c,posts p,postLinks pl#c.UserId=p.OwnerUserId,p.Id=pl.PostId#p.FavoriteCount,>=,0,p.CreationDate,>=,1279567746,p.CreationDate,<=,1408838258#479952
comments c,posts p,postLinks pl#c.UserId=p.OwnerUserId,p.Id=pl.PostId#c.Score,=,0,p.AnswerCount,>=,0,p.CreationDate,<=,1410212616#556436
comments c,posts p,postLinks pl#c.UserId=p.OwnerUserId,p.Id=pl.PostId#p.Score,<=,17,p.AnswerCount,<=,4,pl.LinkTypeId,=,1#557077
comments c,posts p,postLinks pl#c.UserId=p.OwnerUserId,p.Id=pl.PostId#p.ViewCount,>=,0,p.CommentCount,<=,7,pl.CreationDate,<=,1410601884#589397
comments c,posts p,postLinks pl#c.UserId=p.OwnerUserId,p.Id=pl.PostId#p.ViewCount,>=,0,p.CreationDate,>=,1280339982,pl.CreationDate,>=,1307611859#647620
comments c,posts p,postLinks pl#c.UserId=p.OwnerUserId,p.Id=pl.PostId#p.AnswerCount,<=,2,p.CommentCount,<=,14,p.FavoriteCount,<=,12#283815
comments c,posts p,postLinks pl#c.UserId=p.OwnerUserId,p.Id=pl.PostId#p.FavoriteCount,>=,0,p.FavoriteCount,<=,5,pl.LinkTypeId,=,1#305959
comments c,posts p,postLinks pl#c.UserId=p.OwnerUserId,p.Id=pl.PostId#p.Score,=,3,p.CommentCount,>=,0,p.CommentCount,<=,12#63944
comments c,posts p,postLinks pl#c.UserId=p.OwnerUserId,p.Id=pl.PostId#c.CreationDate,>=,1283762963,p.FavoriteCount,=,0,p.CreationDate,<=,1409038373#18855
comments c,posts p,postLinks pl#c.UserId=p.OwnerUserId,p.Id=pl.PostId#p.ViewCount,>=,0,p.CommentCount,>=,0,p.CommentCount,<=,13#690412
comments c,posts p,postLinks pl#c.UserId=p.OwnerUserId,p.Id=pl.PostId#c.CreationDate,>=,1279722301,p.Score,>=,-1,p.Score,<=,24#629700
comments c,posts p,postLinks pl#c.UserId=p.OwnerUserId,p.Id=pl.PostId#c.Score,=,0,p.ViewCount,>=,0,p.ViewCount,<=,15362#549422
comments c,posts p,postLinks pl#c.UserId=p.OwnerUserId,p.Id=pl.PostId#c.Score,=,0,p.FavoriteCount,<=,4,p.CreationDate,<=,1410460683#213972
comments c,posts p,postLinks pl#c.UserId=p.OwnerUserId,p.Id=pl.PostId#c.Score,=,0,p.PostTypeId,=,1,p.CommentCount,=,1#44200
comments c,posts p,postLinks pl#c.UserId=p.OwnerUserId,p.Id=pl.PostId#c.Score,=,0,p.ViewCount,<=,4026,pl.LinkTypeId,=,1#501532
comments c,posts p,postLinks pl#c.UserId=p.OwnerUserId,p.Id=pl.PostId#p.Score,>=,-3,p.CreationDate,>=,1287581631,p.CreationDate,<=,1410491199#651203
comments c,posts p,postLinks pl#c.UserId=p.OwnerUserId,p.Id=pl.PostId#c.CreationDate,>=,1283621168,p.FavoriteCount,>=,0,p.FavoriteCount,<=,4#267930
comments c,posts p,postLinks pl#c.UserId=p.OwnerUserId,p.Id=pl.PostId#p.Score,>=,-1,p.Score,<=,38,pl.LinkTypeId,=,1#656959
comments c,posts p,postLinks pl#c.UserId=p.OwnerUserId,p.Id=pl.PostId#c.Score,=,0,p.Score,=,0,p.ViewCount,>=,0#50240
comments c,posts p,postLinks pl#c.UserId=p.OwnerUserId,p.Id=pl.PostId#p.Score,<=,24,p.AnswerCount,>=,0,p.AnswerCount,<=,16#631888
comments c,posts p,postLinks pl#c.UserId=p.OwnerUserId,p.Id=pl.PostId#p.ViewCount,=,14,pl.LinkTypeId,=,1,pl.CreationDate,>=,1313066828#299
comments c,posts p,postLinks pl#c.UserId=p.OwnerUserId,p.Id=pl.PostId#c.Score,=,0,c.CreationDate,>=,1280932838,p.CommentCount,>=,0#554287
comments c,posts p,postLinks pl#c.UserId=p.OwnerUserId,p.Id=pl.PostId#c.CreationDate,=,1393520534,p.FavoriteCount,<=,6,p.CreationDate,<=,1410275542#1
comments c,posts p,postLinks pl#c.UserId=p.OwnerUserId,p.Id=pl.PostId#p.Score,<=,18,p.ViewCount,>=,0,p.ViewCount,<=,1919#520007
comments c,posts p,postLinks pl#c.UserId=p.OwnerUserId,p.Id=pl.PostId#p.ViewCount,>=,0,p.AnswerCount,=,0,p.FavoriteCount,>=,0#31519
comments c,posts p,postLinks pl#c.UserId=p.OwnerUserId,p.Id=pl.PostId#p.FavoriteCount,>=,0,pl.LinkTypeId,=,1,pl.CreationDate,>=,1328838269#373491
comments c,posts p,postLinks pl#c.UserId=p.OwnerUserId,p.Id=pl.PostId#p.FavoriteCount,>=,0,p.CreationDate,>=,1286615771,p.CreationDate,<=,1410467306#434018
comments c,posts p,postLinks pl#c.UserId=p.OwnerUserId,p.Id=pl.PostId#c.CreationDate,>=,1280632653,p.AnswerCount,>=,0,pl.CreationDate,<=,1408572788#689446
comments c,posts p,postLinks pl#c.UserId=p.OwnerUserId,p.Id=pl.PostId#c.Score,=,0,p.PostTypeId,=,1,pl.CreationDate,<=,1407860424#542745
comments c,posts p,postLinks pl#c.UserId=p.OwnerUserId,p.Id=pl.PostId#c.Score,=,0,p.Score,<=,32,p.CommentCount,>=,0#524918
comments c,posts p,postLinks pl#c.UserId=p.OwnerUserId,p.Id=pl.PostId#c.Score,=,0,p.ViewCount,>=,0,pl.CreationDate,<=,1401911279#505504
comments c,posts p,postLinks pl#c.UserId=p.OwnerUserId,p.Id=pl.PostId#c.CreationDate,>=,1287732968,p.Score,>=,0,p.Score,<=,15#556631
comments c,posts p,postLinks pl#c.UserId=p.OwnerUserId,p.Id=pl.PostId#p.CommentCount,<=,10,p.CreationDate,>=,1233584472,pl.CreationDate,>=,1322970178#576724
comments c,posts p,postLinks pl#c.UserId=p.OwnerUserId,p.Id=pl.PostId#p.FavoriteCount,=,0,pl.LinkTypeId,=,1,pl.CreationDate,>=,1308774196#16785
comments c,posts p,postLinks pl#c.UserId=p.OwnerUserId,p.Id=pl.PostId#c.Score,=,0,p.FavoriteCount,<=,24,p.CreationDate,<=,1410277096#349958
comments c,posts p,postLinks pl#c.UserId=p.OwnerUserId,p.Id=pl.PostId#p.ViewCount,>=,0,p.CreationDate,<=,1409769214,pl.CreationDate,<=,1403814342#664694
comments c,posts p,postLinks pl#c.UserId=p.OwnerUserId,p.Id=pl.PostId#c.CreationDate,<=,1410646831,p.ViewCount,>=,0,p.AnswerCount,<=,3#583631
comments c,posts p,postLinks pl#c.UserId=p.OwnerUserId,p.Id=pl.PostId#c.Score,=,1,p.CommentCount,>=,0,p.CommentCount,<=,11#95412
comments c,posts p,postLinks pl#c.UserId=p.OwnerUserId,p.Id=pl.PostId#p.ViewCount,<=,3382,p.CreationDate,>=,1281715880,p.CreationDate,<=,1408540760#632354
comments c,posts p,postLinks pl#c.UserId=p.OwnerUserId,p.Id=pl.PostId#c.Score,=,0,p.FavoriteCount,<=,23,pl.LinkTypeId,=,1#335346
comments c,posts p,postLinks pl#c.UserId=p.OwnerUserId,p.Id=pl.PostId#p.CreationDate,>=,1282223390,p.CreationDate,<=,1410096090,pl.LinkTypeId,=,1#668433
comments c,posts p,postLinks pl#c.UserId=p.OwnerUserId,p.Id=pl.PostId#p.PostTypeId,=,1,p.CommentCount,>=,0,pl.CreationDate,>=,1287596046#689237
comments c,posts p,postLinks pl#c.UserId=p.OwnerUserId,p.Id=pl.PostId#c.Score,=,0,p.CommentCount,>=,0,pl.CreationDate,<=,1409283324#550870
comments c,posts p,postLinks pl#c.UserId=p.OwnerUserId,p.Id=pl.PostId#p.ViewCount,>=,0,p.ViewCount,<=,4251,pl.LinkTypeId,=,1#638221
comments c,posts p,postLinks pl#c.UserId=p.OwnerUserId,p.Id=pl.PostId#c.CreationDate,>=,1279607574,p.PostTypeId,=,1,p.FavoriteCount,=,0#19162
comments c,posts p,postLinks pl#c.UserId=p.OwnerUserId,p.Id=pl.PostId#p.PostTypeId,=,1,p.CreationDate,>=,1280359724,p.CreationDate,<=,1409666721#691678
comments c,posts p,postLinks pl#c.UserId=p.OwnerUserId,p.Id=pl.PostId#p.ViewCount,>=,0,p.CommentCount,>=,0,p.FavoriteCount,>=,0#482123
comments c,posts p,postLinks pl#c.UserId=p.OwnerUserId,p.Id=pl.PostId#p.FavoriteCount,>=,0,p.FavoriteCount,<=,3,p.CreationDate,<=,1409151004#245410
comments c,posts p,postLinks pl#c.UserId=p.OwnerUserId,p.Id=pl.PostId#p.CreationDate,<=,1410492595,pl.LinkTypeId,=,1,pl.CreationDate,>=,1315337581#616266
comments c,posts p,postLinks pl#c.UserId=p.OwnerUserId,p.Id=pl.PostId#p.Score,>=,0,p.Score,<=,14,p.ViewCount,>=,0#566460
comments c,posts p,postLinks pl#c.UserId=p.OwnerUserId,p.Id=pl.PostId#c.CreationDate,>=,1279805913,p.PostTypeId,=,1,p.CommentCount,=,0#185236
comments c,posts p,postLinks pl#c.UserId=p.OwnerUserId,p.Id=pl.PostId#p.AnswerCount,>=,0,p.AnswerCount,<=,5,p.CreationDate,>=,1279592244#641456
comments c,posts p,postLinks pl#c.UserId=p.OwnerUserId,p.Id=pl.PostId#p.PostTypeId,=,1,p.CommentCount,>=,0,p.FavoriteCount,<=,7#354620
comments c,posts p,postLinks pl#c.UserId=p.OwnerUserId,p.Id=pl.PostId#c.Score,=,0,p.CommentCount,<=,19,pl.CreationDate,>=,1304462155#518639
comments c,posts p,postLinks pl#c.UserId=p.OwnerUserId,p.Id=pl.PostId#c.CreationDate,<=,1410292063,p.CreationDate,>=,1233584698,p.CreationDate,<=,1410168907#703233
comments c,posts p,postLinks pl#c.UserId=p.OwnerUserId,p.Id=pl.PostId#c.Score,=,0,c.CreationDate,>=,1280850001,p.FavoriteCount,<=,20#337267
comments c,posts p,postLinks pl#c.UserId=p.OwnerUserId,p.Id=pl.PostId#p.PostTypeId,=,1,p.AnswerCount,>=,0,p.AnswerCount,<=,6#651284
comments c,posts p,postLinks pl#c.UserId=p.OwnerUserId,p.Id=pl.PostId#p.ViewCount,<=,4560,p.AnswerCount,=,2,p.CreationDate,>=,1279601660#152662
comments c,posts p,postLinks pl#c.UserId=p.OwnerUserId,p.Id=pl.PostId#c.CreationDate,<=,1409936869,p.ViewCount,>=,0,p.AnswerCount,>=,0#700767
comments c,posts p,postLinks pl#c.UserId=p.OwnerUserId,p.Id=pl.PostId#p.Score,>=,-1,p.Score,<=,63,pl.CreationDate,<=,1410122727#696865
comments c,posts p,postLinks pl#c.UserId=p.OwnerUserId,p.Id=pl.PostId#p.Score,<=,22,p.FavoriteCount,>=,0,p.FavoriteCount,<=,6#340036
comments c,posts p,postLinks pl#c.UserId=p.OwnerUserId,p.Id=pl.PostId#c.CreationDate,=,1364644767,p.AnswerCount,>=,0,p.FavoriteCount,>=,0#6
comments c,posts p,postLinks pl#c.UserId=p.OwnerUserId,p.Id=pl.PostId#c.CreationDate,>=,1279683071,c.CreationDate,<=,1410269854,pl.CreationDate,<=,1409059298#694877
comments c,posts p,postLinks pl#c.UserId=p.OwnerUserId,p.Id=pl.PostId#p.PostTypeId,=,1,p.CommentCount,<=,17,pl.CreationDate,>=,1296833618#669037
comments c,posts p,postLinks pl#c.UserId=p.OwnerUserId,p.Id=pl.PostId#c.Score,=,0,p.Score,<=,12,p.ViewCount,<=,3007#390073
comments c,posts p,postLinks pl#c.UserId=p.OwnerUserId,p.Id=pl.PostId#c.Score,=,0,p.Score,>=,0,pl.CreationDate,>=,1285733673#546690
comments c,posts p,postLinks pl#c.UserId=p.OwnerUserId,p.Id=pl.PostId#c.CreationDate,<=,1409873006,p.Score,>=,-4,p.FavoriteCount,<=,4#269875
comments c,posts p,postLinks pl#c.UserId=p.OwnerUserId,p.Id=pl.PostId#p.ViewCount,>=,0,p.FavoriteCount,>=,0,pl.LinkTypeId,=,1#477765
comments c,posts p,postLinks pl#c.UserId=p.OwnerUserId,p.Id=pl.PostId#c.Score,=,0,p.FavoriteCount,>=,0,pl.LinkTypeId,=,1#359812
comments c,posts p,postLinks pl#c.UserId=p.OwnerUserId,p.Id=pl.PostId#c.Score,=,0,p.CommentCount,<=,12,pl.CreationDate,<=,1408573468#530720
comments c,posts p,postLinks pl#c.UserId=p.OwnerUserId,p.Id=pl.PostId#p.Score,>=,0,p.CommentCount,<=,9,pl.LinkTypeId,=,1#630178
comments c,posts p,postLinks pl#c.UserId=p.OwnerUserId,p.Id=pl.PostId#p.PostTypeId,=,1,p.Score,<=,23,p.CommentCount,<=,7#540000
comments c,posts p,postLinks pl#c.UserId=p.OwnerUserId,p.Id=pl.PostId#c.CreationDate,>=,1280942409,p.CommentCount,>=,0,p.FavoriteCount,>=,0#478378
comments c,posts p,postLinks pl#c.UserId=p.OwnerUserId,p.Id=pl.PostId#c.CreationDate,>=,1280158679,p.ViewCount,<=,6654,pl.CreationDate,>=,1297415376#651835
comments c,posts p,postLinks pl#c.UserId=p.OwnerUserId,p.Id=pl.PostId#p.Score,>=,-2,p.FavoriteCount,<=,3,pl.CreationDate,<=,1407146455#242705
comments c,posts p,postLinks pl#c.UserId=p.OwnerUserId,p.Id=pl.PostId#p.ViewCount,>=,0,p.ViewCount,<=,2441,p.AnswerCount,>=,0#606386
comments c,posts p,postLinks pl#c.UserId=p.OwnerUserId,p.Id=pl.PostId#c.Score,=,0,p.ViewCount,<=,6897,p.FavoriteCount,>=,0#345296
comments c,posts p,postLinks pl#c.UserId=p.OwnerUserId,p.Id=pl.PostId#p.Score,>=,-1,p.Score,<=,10,pl.LinkTypeId,=,1#433647
comments c,posts p,postLinks pl#c.UserId=p.OwnerUserId,p.Id=pl.PostId#c.CreationDate,<=,1410555943,p.PostTypeId,=,1,p.AnswerCount,>=,0#705646
comments c,posts p,postLinks pl#c.UserId=p.OwnerUserId,p.Id=pl.PostId#p.AnswerCount,<=,9,p.CreationDate,>=,1279902641,pl.LinkTypeId,=,1#646238
comments c,posts p,postLinks pl#c.UserId=p.OwnerUserId,p.Id=pl.PostId#p.Score,=,1,p.ViewCount,<=,24738,p.CommentCount,=,0#15540
comments c,posts p,postLinks pl#c.UserId=p.OwnerUserId,p.Id=pl.PostId#c.CreationDate,<=,1409768753,p.ViewCount,>=,0,p.FavoriteCount,=,0#19102
comments c,posts p,postLinks pl#c.UserId=p.OwnerUserId,p.Id=pl.PostId#p.ViewCount,>=,0,p.CreationDate,<=,1410192977,pl.CreationDate,>=,1281983252#703610
comments c,posts p,postLinks pl#c.UserId=p.OwnerUserId,p.Id=pl.PostId#p.Score,<=,12,p.AnswerCount,>=,0,p.FavoriteCount,<=,31#263162
comments c,posts p,postLinks pl#c.UserId=p.OwnerUserId,p.Id=pl.PostId#p.ViewCount,>=,0,p.FavoriteCount,>=,0,p.FavoriteCount,<=,4#272173
comments c,posts p,postLinks pl#c.UserId=p.OwnerUserId,p.Id=pl.PostId#p.Score,<=,184,p.FavoriteCount,<=,16,p.CreationDate,>=,1280305307#418180
comments c,posts p,postLinks pl#c.UserId=p.OwnerUserId,p.Id=pl.PostId#c.Score,=,0,c.CreationDate,>=,1279572877,pl.LinkTypeId,=,1#539009
comments c,posts p,postLinks pl#c.UserId=p.OwnerUserId,p.Id=pl.PostId#p.AnswerCount,>=,0,p.CommentCount,<=,28,pl.LinkTypeId,=,1#686573
comments c,posts p,postLinks pl#c.UserId=p.OwnerUserId,p.Id=pl.PostId#p.Score,=,2,pl.LinkTypeId,=,1,pl.CreationDate,<=,1408639364#72807
comments c,posts p,postHistory ph#p.Id=c.PostId,p.Id=ph.PostId#p.Score,>=,-1,p.Score,<=,34,p.CreationDate,>=,1280248660#687678
comments c,posts p,postHistory ph#p.Id=c.PostId,p.Id=ph.PostId#p.FavoriteCount,>=,0,p.CreationDate,>=,1286546032,ph.PostHistoryTypeId,=,2#30283
comments c,posts p,postHistory ph#p.Id=c.PostId,p.Id=ph.PostId#c.Score,=,1,p.PostTypeId,=,1,p.AnswerCount,<=,3#78736
comments c,posts p,postHistory ph#p.Id=c.PostId,p.Id=ph.PostId#c.Score,=,0,p.FavoriteCount,<=,37,ph.PostHistoryTypeId,=,3#22294
comments c,posts p,postHistory ph#p.Id=c.PostId,p.Id=ph.PostId#p.FavoriteCount,<=,12,ph.PostHistoryTypeId,=,5,ph.CreationDate,>=,1287675810#45752
comments c,posts p,postHistory ph#p.Id=c.PostId,p.Id=ph.PostId#c.CreationDate,>=,1279591193,c.CreationDate,<=,1410236150,p.AnswerCount,<=,3#487767
comments c,posts p,postHistory ph#p.Id=c.PostId,p.Id=ph.PostId#p.FavoriteCount,<=,16,ph.PostHistoryTypeId,=,34,ph.CreationDate,<=,1409749690#2265
comments c,posts p,postHistory ph#p.Id=c.PostId,p.Id=ph.PostId#p.ViewCount,>=,0,p.ViewCount,<=,939,p.CommentCount,<=,16#427639
comments c,posts p,postHistory ph#p.Id=c.PostId,p.Id=ph.PostId#p.CommentCount,<=,13,p.FavoriteCount,<=,6,ph.PostHistoryTypeId,=,4#14117
comments c,posts p,postHistory ph#p.Id=c.PostId,p.Id=ph.PostId#c.Score,=,0,p.Score,>=,-1,p.FavoriteCount,>=,0#143448
comments c,posts p,postHistory ph#p.Id=c.PostId,p.Id=ph.PostId#p.AnswerCount,>=,0,p.CommentCount,<=,11,ph.CreationDate,<=,1407423695#452819
comments c,posts p,postHistory ph#p.Id=c.PostId,p.Id=ph.PostId#c.Score,=,0,p.AnswerCount,>=,0,p.AnswerCount,<=,5#376556
comments c,posts p,postHistory ph#p.Id=c.PostId,p.Id=ph.PostId#c.CreationDate,>=,1279881422,p.AnswerCount,>=,0,ph.PostHistoryTypeId,=,5#118038
comments c,posts p,postHistory ph#p.Id=c.PostId,p.Id=ph.PostId#c.Score,=,0,p.PostTypeId,=,2,p.Score,>=,-3#147080
comments c,posts p,postHistory ph#p.Id=c.PostId,p.Id=ph.PostId#p.CreationDate,>=,1280230160,ph.PostHistoryTypeId,=,38,ph.CreationDate,<=,1410491961#885
comments c,posts p,postHistory ph#p.Id=c.PostId,p.Id=ph.PostId#c.CreationDate,>=,1282742417,p.AnswerCount,>=,0,p.FavoriteCount,>=,0#199009
comments c,posts p,postHistory ph#p.Id=c.PostId,p.Id=ph.PostId#p.Score,>=,-1,p.Score,<=,31,p.ViewCount,<=,8688#508103
comments c,posts p,postHistory ph#p.Id=c.PostId,p.Id=ph.PostId#c.CreationDate,<=,1409842795,p.PostTypeId,=,2,ph.CreationDate,<=,1409539359#181030
comments c,posts p,postHistory ph#p.Id=c.PostId,p.Id=ph.PostId#c.Score,=,0,p.CreationDate,<=,1410232087,ph.PostHistoryTypeId,=,2#134267
comments c,posts p,postHistory ph#p.Id=c.PostId,p.Id=ph.PostId#p.Score,<=,113,p.ViewCount,<=,2706,p.FavoriteCount,=,0#12946
comments c,posts p,postHistory ph#p.Id=c.PostId,p.Id=ph.PostId#c.CreationDate,>=,1279962575,c.CreationDate,<=,1410481871,p.Score,<=,17#677797
comments c,posts p,postHistory ph#p.Id=c.PostId,p.Id=ph.PostId#p.Score,>=,-1,p.CreationDate,<=,1410346795,ph.PostHistoryTypeId,=,2#172669
comments c,posts p,postHistory ph#p.Id=c.PostId,p.Id=ph.PostId#c.Score,=,0,p.AnswerCount,>=,0,p.AnswerCount,<=,7#379390
comments c,posts p,postHistory ph#p.Id=c.PostId,p.Id=ph.PostId#p.PostTypeId,=,1,p.Score,>=,0,ph.PostHistoryTypeId,=,33#3436
comments c,posts p,postHistory ph#p.Id=c.PostId,p.Id=ph.PostId#p.CommentCount,>=,0,p.CommentCount,<=,14,ph.PostHistoryTypeId,=,2#167683
comments c,posts p,postHistory ph#p.Id=c.PostId,p.Id=ph.PostId#c.Score,=,0,p.AnswerCount,>=,0,ph.PostHistoryTypeId,=,5#88513
comments c,posts p,postHistory ph#p.Id=c.PostId,p.Id=ph.PostId#p.Score,>=,-2,p.CommentCount,>=,0,ph.PostHistoryTypeId,=,5#209588
comments c,posts p,postHistory ph#p.Id=c.PostId,p.Id=ph.PostId#p.AnswerCount,>=,0,p.CommentCount,>=,0,ph.PostHistoryTypeId,=,2#90677
comments c,posts p,postHistory ph#p.Id=c.PostId,p.Id=ph.PostId#c.CreationDate,>=,1279570288,p.Score,<=,13,p.AnswerCount,>=,0#498575
comments c,posts p,postHistory ph#p.Id=c.PostId,p.Id=ph.PostId#c.Score,=,1,p.Score,<=,33,p.FavoriteCount,>=,0#33211
comments c,posts p,postHistory ph#p.Id=c.PostId,p.Id=ph.PostId#c.Score,=,0,p.CommentCount,>=,0,ph.CreationDate,<=,1406884018#506117
comments c,posts p,postHistory ph#p.Id=c.PostId,p.Id=ph.PostId#c.CreationDate,<=,1410285313,p.PostTypeId,=,2,p.CreationDate,>=,1279575575#182533
comments c,posts p,postHistory ph#p.Id=c.PostId,p.Id=ph.PostId#c.Score,=,2,p.ViewCount,>=,0,p.ViewCount,<=,4171#28894
comments c,posts p,postHistory ph#p.Id=c.PostId,p.Id=ph.PostId#c.CreationDate,>=,1279571979,p.CommentCount,>=,0,p.CommentCount,<=,15#672715
comments c,posts p,postHistory ph#p.Id=c.PostId,p.Id=ph.PostId#p.FavoriteCount,>=,0,p.FavoriteCount,<=,4,p.CreationDate,<=,1409743991#173037
comments c,posts p,postHistory ph#p.Id=c.PostId,p.Id=ph.PostId#p.PostTypeId,=,2,p.Score,<=,18,p.CommentCount,=,1#13023
comments c,posts p,postHistory ph#p.Id=c.PostId,p.Id=ph.PostId#c.CreationDate,>=,1282493403,c.CreationDate,<=,1410520630,p.CommentCount,>=,0#696266
comments c,posts p,postHistory ph#p.Id=c.PostId,p.Id=ph.PostId#c.Score,=,0,p.Score,>=,0,p.CommentCount,>=,0#522807
comments c,posts p,postHistory ph#p.Id=c.PostId,p.Id=ph.PostId#c.Score,=,2,c.CreationDate,>=,1279607188,ph.PostHistoryTypeId,=,2#8347
comments c,posts p,postHistory ph#p.Id=c.PostId,p.Id=ph.PostId#c.CreationDate,>=,1280243300,c.CreationDate,<=,1410370859,p.FavoriteCount,<=,6#182794
comments c,posts p,postHistory ph#p.Id=c.PostId,p.Id=ph.PostId#c.Score,=,0,p.Score,=,1,p.ViewCount,<=,5896#82408
comments c,posts p,postHistory ph#p.Id=c.PostId,p.Id=ph.PostId#c.Score,=,0,p.CommentCount,<=,12,ph.PostHistoryTypeId,=,3#62946
comments c,posts p,postHistory ph#p.Id=c.PostId,p.Id=ph.PostId#p.PostTypeId,=,1,p.ViewCount,<=,4051,ph.PostHistoryTypeId,=,2#88345
comments c,posts p,postHistory ph#p.Id=c.PostId,p.Id=ph.PostId#p.FavoriteCount,>=,0,p.FavoriteCount,<=,17,ph.PostHistoryTypeId,=,5#47353
comments c,posts p,postHistory ph#p.Id=c.PostId,p.Id=ph.PostId#p.Score,<=,14,ph.CreationDate,>=,1280279216,ph.CreationDate,<=,1409057084#654863
comments c,posts p,postHistory ph#p.Id=c.PostId,p.Id=ph.PostId#p.PostTypeId,=,1,p.AnswerCount,<=,4,p.FavoriteCount,>=,0#186780
comments c,posts p,postHistory ph#p.Id=c.PostId,p.Id=ph.PostId#c.Score,=,0,p.Score,>=,0,p.ViewCount,>=,0#377161
comments c,posts p,postHistory ph#p.Id=c.PostId,p.Id=ph.PostId#c.Score,=,0,c.CreationDate,<=,1410637094,p.FavoriteCount,<=,4#126688
comments c,posts p,postHistory ph#p.Id=c.PostId,p.Id=ph.PostId#c.Score,=,1,p.ViewCount,>=,0,p.ViewCount,<=,6787#82128
comments c,posts p,postHistory ph#p.Id=c.PostId,p.Id=ph.PostId#c.CreationDate,>=,1284663196,c.CreationDate,<=,1409936869,p.Score,<=,22#673968
comments c,posts p,postHistory ph#p.Id=c.PostId,p.Id=ph.PostId#c.CreationDate,>=,1280950809,c.CreationDate,<=,1409602002,ph.PostHistoryTypeId,=,5#206092
comments c,posts p,postHistory ph#p.Id=c.PostId,p.Id=ph.PostId#c.CreationDate,<=,1410401770,p.AnswerCount,>=,0,p.AnswerCount,<=,4#502030
comments c,posts p,postHistory ph#p.Id=c.PostId,p.Id=ph.PostId#p.AnswerCount,>=,0,p.CreationDate,>=,1280168675,ph.CreationDate,>=,1289621335#508703
comments c,posts p,postHistory ph#p.Id=c.PostId,p.Id=ph.PostId#p.PostTypeId,=,1,p.AnswerCount,>=,0,p.CommentCount,<=,10#456442
comments c,posts p,postHistory ph#p.Id=c.PostId,p.Id=ph.PostId#p.AnswerCount,>=,0,p.AnswerCount,<=,3,p.CreationDate,>=,1279744152#490139
comments c,posts p,postHistory ph#p.Id=c.PostId,p.Id=ph.PostId#p.ViewCount,>=,0,p.AnswerCount,>=,0,p.AnswerCount,<=,8#516622
comments c,posts p,postHistory ph#p.Id=c.PostId,p.Id=ph.PostId#p.PostTypeId,=,1,p.CreationDate,<=,1410158591,ph.PostHistoryTypeId,=,1#90132
comments c,posts p,postHistory ph#p.Id=c.PostId,p.Id=ph.PostId#p.Score,>=,-4,p.Score,<=,26,p.ViewCount,>=,0#512801
comments c,posts p,postHistory ph#p.Id=c.PostId,p.Id=ph.PostId#p.Score,<=,13,p.AnswerCount,=,0,ph.CreationDate,<=,1410252297#152278
comments c,posts p,postHistory ph#p.Id=c.PostId,p.Id=ph.PostId#p.PostTypeId,=,1,p.ViewCount,<=,25197,ph.CreationDate,>=,1284000602#512786
comments c,posts p,postHistory ph#p.Id=c.PostId,p.Id=ph.PostId#c.Score,=,0,p.Score,<=,192,p.AnswerCount,<=,4#372874
comments c,posts p,postHistory ph#p.Id=c.PostId,p.Id=ph.PostId#c.CreationDate,>=,1280631279,p.Score,<=,25,p.AnswerCount,>=,0#511185
comments c,posts p,postHistory ph#p.Id=c.PostId,p.Id=ph.PostId#p.FavoriteCount,>=,0,p.FavoriteCount,<=,5,ph.PostHistoryTypeId,=,4#14566
comments c,posts p,postHistory ph#p.Id=c.PostId,p.Id=ph.PostId#p.CommentCount,>=,0,ph.CreationDate,>=,1284191548,ph.CreationDate,<=,1409606270#684238
comments c,posts p,postHistory ph#p.Id=c.PostId,p.Id=ph.PostId#c.CreationDate,<=,1410642540,p.PostTypeId,=,2,ph.CreationDate,>=,1300797804#164068
comments c,posts p,postHistory ph#p.Id=c.PostId,p.Id=ph.PostId#c.Score,=,1,p.FavoriteCount,>=,0,p.FavoriteCount,<=,45#33788
comments c,posts p,postHistory ph#p.Id=c.PostId,p.Id=ph.PostId#c.Score,=,0,c.CreationDate,=,1369971443,p.FavoriteCount,<=,10#7
comments c,posts p,postHistory ph#p.Id=c.PostId,p.Id=ph.PostId#c.Score,=,0,c.CreationDate,<=,1410290291,ph.CreationDate,=,1332621099#1
comments c,posts p,postHistory ph#p.Id=c.PostId,p.Id=ph.PostId#p.PostTypeId,=,1,p.FavoriteCount,>=,0,p.FavoriteCount,<=,4#173877
comments c,posts p,postHistory ph#p.Id=c.PostId,p.Id=ph.PostId#c.CreationDate,>=,1279815936,p.ViewCount,<=,3598,p.CommentCount,>=,0#500576
comments c,posts p,postHistory ph#p.Id=c.PostId,p.Id=ph.PostId#p.Score,<=,45,p.ViewCount,<=,3157,p.FavoriteCount,<=,7#175840
comments c,posts p,postHistory ph#p.Id=c.PostId,p.Id=ph.PostId#p.AnswerCount,>=,0,p.FavoriteCount,>=,0,p.FavoriteCount,<=,4#173877
comments c,posts p,postHistory ph#p.Id=c.PostId,p.Id=ph.PostId#c.CreationDate,>=,1281670718,p.CreationDate,>=,1280290866,p.CreationDate,<=,1409972210#691923
comments c,posts p,postHistory ph#p.Id=c.PostId,p.Id=ph.PostId#p.PostTypeId,=,1,p.Score,>=,0,p.AnswerCount,=,0#153175
comments c,posts p,postHistory ph#p.Id=c.PostId,p.Id=ph.PostId#c.Score,=,0,p.PostTypeId,=,2,ph.PostHistoryTypeId,=,2#67822
comments c,posts p,postHistory ph#p.Id=c.PostId,p.Id=ph.PostId#c.CreationDate,<=,1409241542,p.PostTypeId,=,1,ph.CreationDate,<=,1409792945#510704
comments c,posts p,postHistory ph#p.Id=c.PostId,p.Id=ph.PostId#p.ViewCount,<=,1194,p.CreationDate,<=,1409419219,ph.CreationDate,>=,1279619118#449488
comments c,posts p,postHistory ph#p.Id=c.PostId,p.Id=ph.PostId#p.Score,<=,18,p.ViewCount,>=,0,ph.CreationDate,>=,1297628129#490897
comments c,posts p,postHistory ph#p.Id=c.PostId,p.Id=ph.PostId#p.ViewCount,<=,6451,p.AnswerCount,>=,0,p.CommentCount,<=,15#490923
comments c,posts p,postHistory ph#p.Id=c.PostId,p.Id=ph.PostId#p.Score,<=,48,ph.PostHistoryTypeId,=,2,ph.CreationDate,>=,1280726200#172037
comments c,posts p,postHistory ph#p.Id=c.PostId,p.Id=ph.PostId#p.AnswerCount,>=,0,p.CommentCount,>=,0,p.CommentCount,<=,7#377523
comments c,posts p,postHistory ph#p.Id=c.PostId,p.Id=ph.PostId#p.AnswerCount,<=,4,p.CreationDate,<=,1408529977,ph.PostHistoryTypeId,=,2#85873
comments c,posts p,postHistory ph#p.Id=c.PostId,p.Id=ph.PostId#p.CreationDate,<=,1410502562,ph.PostHistoryTypeId,=,2,ph.CreationDate,<=,1408001138#169015
comments c,posts p,postHistory ph#p.Id=c.PostId,p.Id=ph.PostId#c.Score,=,0,p.ViewCount,>=,0,p.FavoriteCount,<=,8#136529
comments c,posts p,postHistory ph#p.Id=c.PostId,p.Id=ph.PostId#p.PostTypeId,=,1,p.CommentCount,>=,0,ph.PostHistoryTypeId,=,4#40536
comments c,posts p,postHistory ph#p.Id=c.PostId,p.Id=ph.PostId#c.CreationDate,>=,1280174474,c.CreationDate,<=,1410129852,p.CommentCount,>=,0#697429
comments c,posts p,postHistory ph#p.Id=c.PostId,p.Id=ph.PostId#c.Score,=,0,p.CommentCount,<=,14,p.FavoriteCount,>=,0#134279
comments c,posts p,postHistory ph#p.Id=c.PostId,p.Id=ph.PostId#c.CreationDate,<=,1410102086,p.CommentCount,>=,0,p.CommentCount,<=,37#698523
comments c,posts p,postHistory ph#p.Id=c.PostId,p.Id=ph.PostId#p.ViewCount,>=,0,ph.PostHistoryTypeId,=,5,ph.CreationDate,<=,1408548951#114954
comments c,posts p,postHistory ph#p.Id=c.PostId,p.Id=ph.PostId#c.Score,=,0,c.CreationDate,>=,1282173561,p.CommentCount,<=,14#495666
comments c,posts p,postHistory ph#p.Id=c.PostId,p.Id=ph.PostId#c.Score,=,0,p.CommentCount,<=,10,p.FavoriteCount,<=,8#115012
comments c,posts p,postHistory ph#p.Id=c.PostId,p.Id=ph.PostId#c.Score,=,0,p.FavoriteCount,>=,0,p.FavoriteCount,<=,11#139079
comments c,posts p,postHistory ph#p.Id=c.PostId,p.Id=ph.PostId#c.Score,=,1,c.CreationDate,>=,1280174897,p.CommentCount,<=,9#91481
comments c,posts p,postHistory ph#p.Id=c.PostId,p.Id=ph.PostId#c.Score,=,0,p.CommentCount,>=,0,ph.CreationDate,<=,1407135523#507451
comments c,posts p,postHistory ph#p.Id=c.PostId,p.Id=ph.PostId#p.ViewCount,>=,0,p.FavoriteCount,=,0,ph.PostHistoryTypeId,=,2#2133
comments c,posts p,postHistory ph#p.Id=c.PostId,p.Id=ph.PostId#c.Score,=,1,p.PostTypeId,=,2,p.CommentCount,>=,0#23928
comments c,posts p,postHistory ph#p.Id=c.PostId,p.Id=ph.PostId#c.CreationDate,>=,1279608160,p.ViewCount,>=,0,p.ViewCount,<=,4122#504061
comments c,posts p,postHistory ph#p.Id=c.PostId,p.Id=ph.PostId#c.CreationDate,>=,1288749374,p.CommentCount,>=,0,p.FavoriteCount,=,0#12964
comments c,posts p,postHistory ph#p.Id=c.PostId,p.Id=ph.PostId#p.PostTypeId,=,1,p.AnswerCount,<=,3,ph.CreationDate,>=,1283641204#487999
comments c,posts p,postHistory ph#p.Id=c.PostId,p.Id=ph.PostId#p.PostTypeId,=,1,p.Score,>=,0,p.Score,<=,45#508726
comments c,posts p,postHistory ph#p.Id=c.PostId,p.Id=ph.PostId#c.Score,=,0,p.PostTypeId,=,2,p.CommentCount,=,1#10320
comments c,posts p,postHistory ph#p.Id=c.PostId,p.Id=ph.PostId#c.CreationDate,>=,1280420038,p.PostTypeId,=,2,p.Score,<=,17#172552
comments c,posts p,postHistory ph#p.Id=c.PostId,p.Id=ph.PostId#p.Score,>=,-4,p.Score,<=,33,p.FavoriteCount,>=,0#198089
comments c,posts p,postHistory ph#p.Id=c.PostId,p.Id=ph.PostId#c.Score,=,0,c.CreationDate,<=,1410308306,p.ViewCount,<=,4090#371362
comments c,posts p,postHistory ph#p.Id=c.PostId,p.Id=ph.PostId#c.CreationDate,<=,1410652828,p.CreationDate,>=,1283541750,p.CreationDate,<=,1408396249#674132
comments c,posts p,postHistory ph#p.Id=c.PostId,p.Id=ph.PostId#c.Score,=,0,c.CreationDate,>=,1233586032,p.AnswerCount,<=,5#376556
comments c,posts p,postHistory ph#p.Id=c.PostId,p.Id=ph.PostId#p.AnswerCount,>=,0,p.AnswerCount,<=,4,p.CreationDate,>=,1279630059#503102
comments c,posts p,postHistory ph#p.Id=c.PostId,p.Id=ph.PostId#c.Score,=,0,p.FavoriteCount,>=,0,ph.PostHistoryTypeId,=,2#22415
comments c,posts p,postHistory ph#p.Id=c.PostId,p.Id=ph.PostId#p.AnswerCount,<=,6,p.CreationDate,<=,1406889362,ph.PostHistoryTypeId,=,5#111646
comments c,posts p,postHistory ph#p.Id=c.PostId,p.Id=ph.PostId#p.AnswerCount,<=,3,p.CommentCount,>=,0,p.CommentCount,<=,12#455260
comments c,posts p,postHistory ph#p.Id=c.PostId,p.Id=ph.PostId#c.Score,=,1,c.CreationDate,<=,1409875539,p.AnswerCount,<=,4#80266
comments c,posts p,postHistory ph#p.Id=c.PostId,p.Id=ph.PostId#p.FavoriteCount,<=,10,p.CreationDate,>=,1281040721,ph.CreationDate,<=,1406716514#185746
comments c,posts p,postHistory ph#p.Id=c.PostId,p.Id=ph.PostId#c.Score,=,0,p.CreationDate,=,1334344779,ph.PostHistoryTypeId,=,5#1
comments c,posts p,postHistory ph#p.Id=c.PostId,p.Id=ph.PostId#p.CreationDate,>=,1279569403,p.CreationDate,<=,1410309717,ph.PostHistoryTypeId,=,1#90244
comments c,posts p,postHistory ph#p.Id=c.PostId,p.Id=ph.PostId#p.ViewCount,>=,0,p.FavoriteCount,>=,0,ph.PostHistoryTypeId,=,3#31599
comments c,posts p,postHistory ph#p.Id=c.PostId,p.Id=ph.PostId#c.Score,=,0,p.PostTypeId,=,1,ph.CreationDate,>=,1299250978#366395
comments c,posts p,postHistory ph#p.Id=c.PostId,p.Id=ph.PostId#c.CreationDate,>=,1280349634,c.CreationDate,<=,1410474883,p.PostTypeId,=,1#517553
comments c,posts p,postHistory ph#p.Id=c.PostId,p.Id=ph.PostId#c.Score,=,0,p.ViewCount,>=,0,p.FavoriteCount,<=,5#130527
comments c,posts p,postHistory ph#p.Id=c.PostId,p.Id=ph.PostId#c.CreationDate,>=,1280445952,p.PostTypeId,=,1,ph.PostHistoryTypeId,=,2#90369
comments c,posts p,postHistory ph#p.Id=c.PostId,p.Id=ph.PostId#c.Score,=,0,c.CreationDate,<=,1410371955,p.Score,<=,60#526195
comments c,posts p,postHistory ph#p.Id=c.PostId,p.Id=ph.PostId#p.PostTypeId,=,1,p.CreationDate,<=,1410336071,ph.PostHistoryTypeId,=,5#117889
comments c,posts p,postHistory ph#p.Id=c.PostId,p.Id=ph.PostId#c.Score,=,0,p.CommentCount,>=,0,p.CommentCount,<=,10#454331
comments c,posts p,postHistory ph#p.Id=c.PostId,p.Id=ph.PostId#p.CommentCount,<=,15,p.FavoriteCount,=,0,ph.PostHistoryTypeId,=,24#369
comments c,posts p,postHistory ph#p.Id=c.PostId,p.Id=ph.PostId#c.Score,=,0,p.ViewCount,>=,0,p.ViewCount,<=,1229#342504
comments c,posts p,postHistory ph#p.Id=c.PostId,p.Id=ph.PostId#p.ViewCount,<=,7702,p.AnswerCount,<=,10,p.CommentCount,>=,0#511638
comments c,posts p,postHistory ph#p.Id=c.PostId,p.Id=ph.PostId#c.Score,=,0,p.Score,<=,15,p.CreationDate,<=,1409821536#507991
comments c,posts p,postHistory ph#p.Id=c.PostId,p.Id=ph.PostId#c.Score,=,0,p.Score,<=,20,p.CommentCount,>=,0#520298
comments c,posts p,postHistory ph#p.Id=c.PostId,p.Id=ph.PostId#p.Score,>=,0,p.CommentCount,<=,10,p.CreationDate,=,1296664619#1
comments c,posts p,postHistory ph#p.Id=c.PostId,p.Id=ph.PostId#p.CommentCount,>=,0,p.CommentCount,<=,9,ph.PostHistoryTypeId,=,2#150707
comments c,posts p,postHistory ph#p.Id=c.PostId,p.Id=ph.PostId#c.Score,=,0,p.FavoriteCount,>=,0,p.FavoriteCount,<=,11#139079
comments c,posts p,postHistory ph#p.Id=c.PostId,p.Id=ph.PostId#c.CreationDate,>=,1281401697,c.CreationDate,<=,1409322477,p.Score,>=,-1#682487
comments c,posts p,postHistory ph#p.Id=c.PostId,p.Id=ph.PostId#c.CreationDate,<=,1410447302,p.PostTypeId,=,1,p.FavoriteCount,>=,0#202531
comments c,posts p,postHistory ph#p.Id=c.PostId,p.Id=ph.PostId#p.PostTypeId,=,1,p.FavoriteCount,<=,10,ph.CreationDate,>=,1281341999#190896
comments c,posts p,postHistory ph#p.Id=c.PostId,p.Id=ph.PostId#c.Score,=,0,p.PostTypeId,=,1,p.CommentCount,<=,11#343817
comments c,posts p,postHistory ph#p.Id=c.PostId,p.Id=ph.PostId#c.CreationDate,>=,1280601920,c.CreationDate,<=,1410536008,p.AnswerCount,<=,5#507619
comments c,posts p,postHistory ph#p.Id=c.PostId,p.Id=ph.PostId#c.Score,=,0,p.Score,<=,49,p.CreationDate,<=,1409589642#521229
comments c,posts p,postHistory ph#p.Id=c.PostId,p.Id=ph.PostId#c.Score,=,0,p.PostTypeId,=,2,p.CommentCount,<=,11#126768
comments c,posts p,postHistory ph#p.Id=c.PostId,p.Id=ph.PostId#p.FavoriteCount,>=,0,p.FavoriteCount,<=,7,ph.PostHistoryTypeId,=,2#29469
comments c,posts p,postHistory ph#p.Id=c.PostId,p.Id=ph.PostId#p.ViewCount,>=,0,p.CommentCount,<=,16,p.CreationDate,<=,1410009144#499746
comments c,posts p,postHistory ph#p.Id=c.PostId,p.Id=ph.PostId#p.ViewCount,>=,0,p.AnswerCount,>=,0,ph.CreationDate,<=,1408545914#506973
comments c,posts p,postHistory ph#p.Id=c.PostId,p.Id=ph.PostId#p.ViewCount,>=,0,ph.CreationDate,>=,1288073300,ph.CreationDate,<=,1406888837#487851
comments c,posts p,postHistory ph#p.Id=c.PostId,p.Id=ph.PostId#p.CreationDate,<=,1410391099,ph.CreationDate,>=,1282139428,ph.CreationDate,<=,1403763143#641331
comments c,posts p,postHistory ph#p.Id=c.PostId,p.Id=ph.PostId#p.PostTypeId,=,1,p.ViewCount,<=,16587,p.FavoriteCount,>=,0#199270
comments c,posts p,postHistory ph#p.Id=c.PostId,p.Id=ph.PostId#c.Score,=,1,p.PostTypeId,=,1,ph.CreationDate,>=,1282328170#83446
comments c,posts p,postHistory ph#p.Id=c.PostId,p.Id=ph.PostId#p.ViewCount,<=,5096,p.AnswerCount,<=,3,ph.CreationDate,<=,1408008566#467745
comments c,posts p,postHistory ph#p.Id=c.PostId,p.Id=ph.PostId#p.PostTypeId,=,1,ph.CreationDate,>=,1289374668,ph.CreationDate,<=,1409878250#505068
comments c,posts p,postHistory ph#p.Id=c.PostId,p.Id=ph.PostId#c.Score,=,0,p.PostTypeId,=,1,p.FavoriteCount,<=,60#143161
comments c,posts p,postHistory ph#p.Id=c.PostId,p.Id=ph.PostId#c.Score,=,0,p.ViewCount,<=,5706,p.CommentCount,>=,0#376615
comments c,posts p,postHistory ph#p.Id=c.PostId,p.Id=ph.PostId#c.Score,=,0,p.AnswerCount,>=,0,p.CommentCount,<=,12#352052
comments c,posts p,postHistory ph#p.Id=c.PostId,p.Id=ph.PostId#p.ViewCount,<=,3353,p.CreationDate,>=,1279574047,p.CreationDate,<=,1409867176#494627
comments c,posts p,postHistory ph#p.Id=c.PostId,p.Id=ph.PostId#p.PostTypeId,=,1,p.ViewCount,>=,0,p.FavoriteCount,>=,0#202696
comments c,posts p,postHistory ph#p.Id=c.PostId,p.Id=ph.PostId#c.CreationDate,>=,1282783283,p.FavoriteCount,>=,0,ph.PostHistoryTypeId,=,5#47849
comments c,posts p,postHistory ph#p.Id=c.PostId,p.Id=ph.PostId#p.CommentCount,>=,0,p.CommentCount,<=,11,ph.CreationDate,>=,1280486697#625782
comments c,posts p,postHistory ph#p.Id=c.PostId,p.Id=ph.PostId#c.Score,=,0,p.ViewCount,<=,1994,p.CreationDate,<=,1410643669#357433
comments c,posts p,postHistory ph#p.Id=c.PostId,p.Id=ph.PostId#c.CreationDate,>=,1281090978,p.AnswerCount,<=,4,p.CommentCount,<=,13#473277
comments c,posts p,postHistory ph#p.Id=c.PostId,p.Id=ph.PostId#p.CreationDate,<=,1407314078,ph.CreationDate,>=,1281570461,ph.CreationDate,<=,1408507059#671201
comments c,posts p,postHistory ph#p.Id=c.PostId,p.Id=ph.PostId#c.Score,=,0,p.Score,<=,15,ph.PostHistoryTypeId,=,25#17249
comments c,posts p,postHistory ph#p.Id=c.PostId,p.Id=ph.PostId#c.Score,=,0,ph.PostHistoryTypeId,=,5,ph.CreationDate,<=,1407226110#155422
comments c,posts p,postHistory ph#p.Id=c.PostId,p.Id=ph.PostId#p.PostTypeId,=,2,p.CommentCount,>=,0,p.CreationDate,>=,1285342602#176242
comments c,posts p,postHistory ph#p.Id=c.PostId,p.Id=ph.PostId#c.Score,=,0,ph.CreationDate,>=,1283193750,ph.CreationDate,<=,1409586732#516731
comments c,posts p,postHistory ph#p.Id=c.PostId,p.Id=ph.PostId#c.Score,=,0,p.CommentCount,<=,18,p.FavoriteCount,<=,5#126901
comments c,posts p,postHistory ph#p.Id=c.PostId,p.Id=ph.PostId#c.Score,=,0,p.Score,<=,17,ph.CreationDate,>=,1307639959#470284
comments c,posts p,postHistory ph#p.Id=c.PostId,p.Id=ph.PostId#p.Score,>=,-4,p.Score,<=,14,p.CreationDate,<=,1409776370#662969
comments c,posts p,postHistory ph#p.Id=c.PostId,p.Id=ph.PostId#c.CreationDate,>=,1279727424,c.CreationDate,<=,1410356142,ph.PostHistoryTypeId,=,25#25579
comments c,posts p,postHistory ph#p.Id=c.PostId,p.Id=ph.PostId#c.Score,=,4,p.PostTypeId,=,2,ph.CreationDate,>=,1284874863#1043
comments c,posts p,postHistory ph#p.Id=c.PostId,p.Id=ph.PostId#p.PostTypeId,=,1,p.FavoriteCount,>=,0,p.FavoriteCount,<=,6#183613
comments c,posts p,postHistory ph#p.Id=c.PostId,p.Id=ph.PostId#c.Score,=,0,p.Score,<=,27,ph.CreationDate,<=,1409397841#515670
comments c,posts p,postHistory ph#p.Id=c.PostId,p.Id=ph.PostId#p.ViewCount,>=,0,p.AnswerCount,>=,0,p.AnswerCount,<=,4#503459
comments c,posts p,postHistory ph#p.Id=c.PostId,p.Id=ph.PostId#p.PostTypeId,=,1,p.ViewCount,>=,0,p.CreationDate,>=,1279823154#518508
comments c,posts p,postHistory ph#p.Id=c.PostId,p.Id=ph.PostId#p.PostTypeId,=,1,p.ViewCount,>=,0,p.ViewCount,<=,8974#513797
comments c,posts p,postHistory ph#p.Id=c.PostId,p.Id=ph.PostId#p.CommentCount,<=,16,p.CreationDate,>=,1290086098,p.CreationDate,<=,1410595044#653908
comments c,posts p,postHistory ph#p.Id=c.PostId,p.Id=ph.PostId#c.Score,=,0,p.FavoriteCount,>=,0,ph.CreationDate,>=,1280781447#142360
comments c,posts p,postHistory ph#p.Id=c.PostId,p.Id=ph.PostId#p.PostTypeId,=,2,p.CreationDate,>=,1279569364,ph.PostHistoryTypeId,=,5#91944
comments c,posts p,postHistory ph#p.Id=c.PostId,p.Id=ph.PostId#p.ViewCount,>=,0,p.ViewCount,<=,1866,p.FavoriteCount,>=,0#167913
comments c,posts p,postHistory ph#p.Id=c.PostId,p.Id=ph.PostId#p.CreationDate,>=,1282254244,ph.PostHistoryTypeId,=,3,ph.CreationDate,>=,1286522527#89104
comments c,posts p,postHistory ph#p.Id=c.PostId,p.Id=ph.PostId#p.Score,>=,-1,p.Score,<=,14,p.CreationDate,>=,1279581665#664617
comments c,posts p,postHistory ph#p.Id=c.PostId,p.Id=ph.PostId#p.ViewCount,>=,0,p.ViewCount,<=,3981,p.FavoriteCount,<=,10#183565
comments c,posts p,postHistory ph#p.Id=c.PostId,p.Id=ph.PostId#c.Score,=,0,p.ViewCount,<=,5994,ph.PostHistoryTypeId,=,5#87367
comments c,posts p,postHistory ph#p.Id=c.PostId,p.Id=ph.PostId#c.CreationDate,>=,1281107333,c.CreationDate,<=,1410304717,p.AnswerCount,>=,0#515318
comments c,posts p,postHistory ph#p.Id=c.PostId,p.Id=ph.PostId#p.Score,<=,28,p.ViewCount,>=,0,ph.CreationDate,<=,1406016558#485120
comments c,posts p,postHistory ph#p.Id=c.PostId,p.Id=ph.PostId#p.Score,=,2,p.CreationDate,<=,1408474128,ph.CreationDate,>=,1289945501#104857
comments c,posts p,postHistory ph#p.Id=c.PostId,p.Id=ph.PostId#p.PostTypeId,=,1,p.FavoriteCount,<=,82,ph.CreationDate,<=,1410369268#201972
comments c,posts p,postHistory ph#p.Id=c.PostId,p.Id=ph.PostId#p.Score,>=,0,p.Score,<=,61,p.CreationDate,>=,1280255882#685337
comments c,posts p,postHistory ph#p.Id=c.PostId,p.Id=ph.PostId#p.AnswerCount,>=,0,ph.CreationDate,>=,1283836335,ph.CreationDate,<=,1407621813#495750
comments c,posts p,postHistory ph#p.Id=c.PostId,p.Id=ph.PostId#c.Score,=,0,p.PostTypeId,=,1,p.CommentCount,>=,0#382495
comments c,posts p,postHistory ph#p.Id=c.PostId,p.Id=ph.PostId#p.Score,<=,61,p.ViewCount,=,498,ph.CreationDate,>=,1284400510#73
comments c,posts p,postHistory ph#p.Id=c.PostId,p.Id=ph.PostId#p.Score,<=,12,p.ViewCount,>=,0,p.FavoriteCount,>=,0#178345
comments c,posts p,users u#c.PostId=p.Id,c.UserId=u.Id#c.Score,=,2,u.Reputation,>=,1,u.CreationDate,<=,1408887110#8200
comments c,posts p,users u#c.PostId=p.Id,c.UserId=u.Id#c.Score,=,0,p.PostTypeId,=,2,u.CreationDate,>=,1303328493#43129
comments c,posts p,users u#c.PostId=p.Id,c.UserId=u.Id#p.PostTypeId,=,1,p.AnswerCount,<=,15,u.CreationDate,=,1342726206#1
comments c,posts p,users u#c.PostId=p.Id,c.UserId=u.Id#c.Score,=,0,p.Score,<=,16,p.CommentCount,<=,14#125035
comments c,posts p,users u#c.PostId=p.Id,c.UserId=u.Id#c.CreationDate,>=,1279641839,p.Score,>=,-2,u.CreationDate,>=,1304253947#102023
comments c,posts p,users u#c.PostId=p.Id,c.UserId=u.Id#p.Score,<=,28,p.CommentCount,=,4,u.Reputation,>=,1#22091
comments c,posts p,users u#c.PostId=p.Id,c.UserId=u.Id#p.ViewCount,<=,1359,p.AnswerCount,<=,3,u.DownVotes,<=,0#26831
comments c,posts p,users u#c.PostId=p.Id,c.UserId=u.Id#u.Views,>=,0,u.Views,<=,582,u.DownVotes,<=,0#60850
comments c,posts p,users u#c.PostId=p.Id,c.UserId=u.Id#p.AnswerCount,<=,4,p.FavoriteCount,<=,5,u.Views,>=,0#26834
comments c,posts p,users u#c.PostId=p.Id,c.UserId=u.Id#u.Reputation,>=,1,u.UpVotes,>=,0,u.UpVotes,<=,64#69920
comments c,posts p,users u#c.PostId=p.Id,c.UserId=u.Id#p.PostTypeId,=,1,p.CommentCount,>=,0,p.FavoriteCount,>=,0#30847
comments c,posts p,users u#c.PostId=p.Id,c.UserId=u.Id#p.ViewCount,<=,4571,p.AnswerCount,<=,3,u.CreationDate,=,1340140360#1
comments c,posts p,users u#c.PostId=p.Id,c.UserId=u.Id#c.CreationDate,<=,1410287426,p.AnswerCount,<=,5,u.Views,=,1#2651
comments c,posts p,users u#c.PostId=p.Id,c.UserId=u.Id#c.Score,=,0,c.CreationDate,>=,1284430736,p.Score,<=,15#127741
comments c,posts p,users u#c.PostId=p.Id,c.UserId=u.Id#c.Score,=,0,p.AnswerCount,>=,0,u.CreationDate,<=,1408054549#65299
comments c,posts p,users u#c.PostId=p.Id,c.UserId=u.Id#p.FavoriteCount,<=,20,u.Views,>=,0,u.CreationDate,>=,1283473888#21581
comments c,posts p,users u#c.PostId=p.Id,c.UserId=u.Id#c.Score,=,0,c.CreationDate,>=,1279923236,p.Score,<=,18#130312
comments c,posts p,users u#c.PostId=p.Id,c.UserId=u.Id#p.PostTypeId,=,1,u.Reputation,<=,6078,u.DownVotes,>=,0#50856
comments c,posts p,users u#c.PostId=p.Id,c.UserId=u.Id#p.CommentCount,>=,0,p.CommentCount,<=,11,p.CreationDate,>=,1280780223#156291
comments c,posts p,users u#c.PostId=p.Id,c.UserId=u.Id#c.CreationDate,<=,1410200885,p.Score,<=,16,p.ViewCount,>=,0#86370
comments c,posts p,users u#c.PostId=p.Id,c.UserId=u.Id#c.CreationDate,>=,1281377590,p.AnswerCount,>=,0,p.AnswerCount,<=,3#84504
comments c,posts p,users u#c.PostId=p.Id,c.UserId=u.Id#c.Score,=,0,u.Reputation,=,4,u.CreationDate,<=,1410292695#126
comments c,posts p,users u#c.PostId=p.Id,c.UserId=u.Id#p.Score,=,1,u.Reputation,>=,1,u.UpVotes,=,0#5908
comments c,posts p,users u#c.PostId=p.Id,c.UserId=u.Id#c.Score,=,0,p.PostTypeId,=,2,u.Views,<=,74#29246
comments c,posts p,users u#c.PostId=p.Id,c.UserId=u.Id#c.Score,=,0,u.DownVotes,<=,17,u.CreationDate,<=,1408749854#87841
comments c,posts p,users u#c.PostId=p.Id,c.UserId=u.Id#p.PostTypeId,=,1,p.CommentCount,=,10,u.DownVotes,<=,3#1392
comments c,posts p,users u#c.PostId=p.Id,c.UserId=u.Id#p.ViewCount,>=,0,u.Reputation,<=,2090,u.CreationDate,>=,1280178757#40732
comments c,posts p,users u#c.PostId=p.Id,c.UserId=u.Id#c.Score,=,0,p.FavoriteCount,>=,0,p.CreationDate,<=,1409873053#21810
comments c,posts p,users u#c.PostId=p.Id,c.UserId=u.Id#p.ViewCount,<=,6358,p.AnswerCount,>=,0,u.CreationDate,<=,1409658735#87477
comments c,posts p,users u#c.PostId=p.Id,c.UserId=u.Id#p.PostTypeId,=,2,u.Reputation,<=,302,u.DownVotes,>=,0#25515
comments c,posts p,users u#c.PostId=p.Id,c.UserId=u.Id#c.Score,=,0,p.AnswerCount,<=,6,u.CreationDate,<=,1408953565#64973
comments c,posts p,users u#c.PostId=p.Id,c.UserId=u.Id#p.PostTypeId,=,1,p.CommentCount,<=,14,u.CreationDate,<=,1410505451#85793
comments c,posts p,users u#c.PostId=p.Id,c.UserId=u.Id#p.ViewCount,<=,6785,p.FavoriteCount,>=,0,p.FavoriteCount,<=,6#27909
comments c,posts p,users u#c.PostId=p.Id,c.UserId=u.Id#p.Score,=,2,u.Views,>=,0,u.DownVotes,>=,0#28348
comments c,posts p,users u#c.PostId=p.Id,c.UserId=u.Id#p.PostTypeId,=,1,p.CommentCount,=,1,u.UpVotes,<=,4#517
comments c,posts p,users u#c.PostId=p.Id,c.UserId=u.Id#c.CreationDate,<=,1410442046,p.PostTypeId,=,1,p.CommentCount,<=,7#67818
comments c,posts p,users u#c.PostId=p.Id,c.UserId=u.Id#p.CommentCount,>=,0,u.UpVotes,>=,0,u.CreationDate,>=,1284518890#127768
comments c,posts p,users u#c.PostId=p.Id,c.UserId=u.Id#c.CreationDate,<=,1409925034,p.CreationDate,<=,1409209079,u.Reputation,=,6#2493
comments c,posts p,users u#c.PostId=p.Id,c.UserId=u.Id#c.CreationDate,>=,1280573899,p.Score,<=,41,u.UpVotes,>=,0#169704
comments c,posts p,users u#c.PostId=p.Id,c.UserId=u.Id#p.PostTypeId,=,1,u.Views,<=,1089,u.UpVotes,<=,29#27975
comments c,posts p,users u#c.PostId=p.Id,c.UserId=u.Id#p.Score,<=,11,p.AnswerCount,<=,3,u.Reputation,<=,549#28101
comments c,posts p,users u#c.PostId=p.Id,c.UserId=u.Id#c.Score,=,0,c.CreationDate,=,1400986276,u.CreationDate,>=,1279569152#1
comments c,posts p,users u#c.PostId=p.Id,c.UserId=u.Id#u.Reputation,>=,1,u.Views,<=,25,u.UpVotes,=,0#19316
comments c,posts p,users u#c.PostId=p.Id,c.UserId=u.Id#c.Score,=,1,c.CreationDate,<=,1410543514,p.CreationDate,>=,1266439152#24604
comments c,posts p,users u#c.PostId=p.Id,c.UserId=u.Id#p.AnswerCount,<=,18,u.Reputation,>=,1,u.CreationDate,>=,1296490723#56736
comments c,posts p,users u#c.PostId=p.Id,c.UserId=u.Id#p.CommentCount,>=,0,p.CreationDate,<=,1410410416,u.UpVotes,<=,38#60911
comments c,posts p,users u#c.PostId=p.Id,c.UserId=u.Id#p.Score,<=,40,u.Views,<=,96,u.DownVotes,>=,0#66673
comments c,posts p,users u#c.PostId=p.Id,c.UserId=u.Id#c.Score,=,1,p.ViewCount,>=,0,p.CreationDate,<=,1410372852#14225
comments c,posts p,users u#c.PostId=p.Id,c.UserId=u.Id#p.ViewCount,>=,0,u.Views,>=,0,u.Views,<=,78#30945
comments c,posts p,users u#c.PostId=p.Id,c.UserId=u.Id#c.Score,=,0,p.ViewCount,>=,0,u.CreationDate,>=,1288997070#48911
comments c,posts p,users u#c.PostId=p.Id,c.UserId=u.Id#p.PostTypeId,=,1,p.AnswerCount,<=,4,u.Views,>=,0#86648
comments c,posts p,users u#c.PostId=p.Id,c.UserId=u.Id#c.Score,=,0,u.Reputation,>=,1,u.Reputation,<=,2951#78863
comments c,posts p,users u#c.PostId=p.Id,c.UserId=u.Id#c.Score,=,0,p.CreationDate,>=,1280821774,u.Reputation,>=,1#131702
comments c,posts p,users u#c.PostId=p.Id,c.UserId=u.Id#c.Score,=,0,u.DownVotes,>=,0,u.DownVotes,<=,0#56141
comments c,posts p,users u#c.PostId=p.Id,c.UserId=u.Id#c.CreationDate,>=,1281037512,c.CreationDate,<=,1410366365,u.DownVotes,>=,0#169788
comments c,posts p,users u#c.PostId=p.Id,c.UserId=u.Id#p.Score,>=,-1,p.CommentCount,=,1,u.Views,<=,21#3810
comments c,posts p,users u#c.PostId=p.Id,c.UserId=u.Id#c.CreationDate,>=,1281469251,p.PostTypeId,=,2,u.Views,>=,0#81732
comments c,posts p,users u#c.PostId=p.Id,c.UserId=u.Id#c.CreationDate,=,1338940962,u.Views,>=,0,u.CreationDate,<=,1409651058#1
comments c,posts p,users u#c.PostId=p.Id,c.UserId=u.Id#c.CreationDate,>=,1281508424,c.CreationDate,<=,1409802573,p.PostTypeId,=,2#80902
comments c,posts p,users u#c.PostId=p.Id,c.UserId=u.Id#p.AnswerCount,=,0,p.CreationDate,<=,1410547584,u.Reputation,>=,1#29409
comments c,posts p,users u#c.PostId=p.Id,c.UserId=u.Id#p.AnswerCount,<=,5,u.Reputation,>=,1,u.Views,<=,13#17280
comments c,posts p,users u#c.PostId=p.Id,c.UserId=u.Id#c.Score,=,0,c.CreationDate,>=,1280424711,u.UpVotes,<=,16#45492
comments c,posts p,users u#c.PostId=p.Id,c.UserId=u.Id#c.Score,=,0,c.CreationDate,>=,1280950679,p.AnswerCount,>=,0#65553
comments c,posts p,users u#c.PostId=p.Id,c.UserId=u.Id#c.Score,=,0,c.CreationDate,<=,1409584488,u.Views,>=,0#130749
comments c,posts p,users u#c.PostId=p.Id,c.UserId=u.Id#p.PostTypeId,=,1,u.Reputation,>=,1,u.UpVotes,=,0#11054
comments c,posts p,users u#c.PostId=p.Id,c.UserId=u.Id#p.PostTypeId,=,1,u.Views,>=,0,u.CreationDate,>=,1293348087#60106
comments c,posts p,users u#c.PostId=p.Id,c.UserId=u.Id#p.PostTypeId,=,1,p.ViewCount,>=,0,u.UpVotes,>=,0#88892
comments c,posts p,users u#c.PostId=p.Id,c.UserId=u.Id#p.PostTypeId,=,2,p.Score,>=,-1,p.Score,<=,45#81448
comments c,posts p,users u#c.PostId=p.Id,c.UserId=u.Id#p.ViewCount,<=,3567,u.UpVotes,>=,0,u.UpVotes,<=,6#18821
comments c,posts p,users u#c.PostId=p.Id,c.UserId=u.Id#c.CreationDate,=,1342554699,u.CreationDate,>=,1279567311,u.CreationDate,<=,1410412946#1
comments c,posts p,users u#c.PostId=p.Id,c.UserId=u.Id#p.ViewCount,<=,7167,p.AnswerCount,<=,3,p.CommentCount,>=,0#84179
comments c,posts p,users u#c.PostId=p.Id,c.UserId=u.Id#c.CreationDate,<=,1409946868,u.Reputation,>=,1,u.Views,<=,10#30598
comments c,posts p,users u#c.PostId=p.Id,c.UserId=u.Id#c.Score,=,0,u.DownVotes,>=,0,u.CreationDate,>=,1280235207#126809
comments c,posts p,users u#c.PostId=p.Id,c.UserId=u.Id#p.Score,<=,29,p.AnswerCount,>=,0,u.Views,>=,0#88213
comments c,posts p,users u#c.PostId=p.Id,c.UserId=u.Id#p.Score,<=,14,u.DownVotes,<=,0,u.CreationDate,<=,1409764025#59989
comments c,posts p,users u#c.PostId=p.Id,c.UserId=u.Id#p.Score,<=,15,u.Reputation,>=,1,u.UpVotes,<=,333#94488
comments c,posts p,users u#c.PostId=p.Id,c.UserId=u.Id#p.ViewCount,>=,0,p.AnswerCount,=,0,u.UpVotes,<=,21#9840
comments c,posts p,users u#c.PostId=p.Id,c.UserId=u.Id#p.Score,=,2,u.Reputation,=,1,u.DownVotes,=,0#153
comments c,posts p,users u#c.PostId=p.Id,c.UserId=u.Id#c.CreationDate,<=,1409296889,u.DownVotes,>=,0,u.DownVotes,<=,0#60535
comments c,posts p,users u#c.PostId=p.Id,c.UserId=u.Id#c.CreationDate,>=,1281902875,p.AnswerCount,>=,0,p.CommentCount,>=,0#88387
comments c,posts p,users u#c.PostId=p.Id,c.UserId=u.Id#c.CreationDate,>=,1279641839,p.FavoriteCount,>=,0,p.FavoriteCount,<=,16#30071
comments c,posts p,users u#c.PostId=p.Id,c.UserId=u.Id#p.CommentCount,>=,0,u.DownVotes,>=,0,u.CreationDate,<=,1410512645#171450
comments c,posts p,users u#c.PostId=p.Id,c.UserId=u.Id#p.ViewCount,<=,10004,p.CreationDate,<=,1410450030,u.DownVotes,>=,0#87978
comments c,posts p,users u#c.PostId=p.Id,c.UserId=u.Id#p.PostTypeId,=,1,p.Score,>=,0,p.Score,<=,29#86818
comments c,posts p,users u#c.PostId=p.Id,c.UserId=u.Id#u.UpVotes,>=,0,u.CreationDate,>=,1280424620,u.CreationDate,<=,1410209681#160466
comments c,posts p,users u#c.PostId=p.Id,c.UserId=u.Id#p.FavoriteCount,>=,0,u.DownVotes,<=,12,u.CreationDate,>=,1280907380#15775
comments c,posts p,users u#c.PostId=p.Id,c.UserId=u.Id#p.ViewCount,>=,0,u.UpVotes,>=,0,u.UpVotes,<=,67#34116
comments c,posts p,users u#c.PostId=p.Id,c.UserId=u.Id#p.PostTypeId,=,1,u.Views,>=,0,u.CreationDate,>=,1294219973#59506
comments c,posts p,users u#c.PostId=p.Id,c.UserId=u.Id#p.PostTypeId,=,2,p.CommentCount,>=,0,u.Views,<=,433#47840
comments c,posts p,users u#c.PostId=p.Id,c.UserId=u.Id#c.CreationDate,>=,1284473284,p.FavoriteCount,=,0,u.CreationDate,<=,1409656264#2074
comments c,posts p,users u#c.PostId=p.Id,c.UserId=u.Id#c.Score,=,1,p.Score,<=,26,u.Views,=,1#225
comments c,posts p,users u#c.PostId=p.Id,c.UserId=u.Id#p.FavoriteCount,>=,0,p.FavoriteCount,<=,7,u.Reputation,>=,1#28783
comments c,posts p,users u#c.PostId=p.Id,c.UserId=u.Id#c.Score,=,0,c.CreationDate,>=,1280376957,p.CommentCount,<=,11#121268
comments c,posts p,users u#c.PostId=p.Id,c.UserId=u.Id#c.Score,=,0,u.Views,>=,0,u.Views,<=,64#54004
comments c,posts p,users u#c.PostId=p.Id,c.UserId=u.Id#c.Score,=,0,p.CommentCount,>=,0,u.DownVotes,>=,0#132712
comments c,posts p,users u#c.PostId=p.Id,c.UserId=u.Id#p.ViewCount,>=,0,p.CreationDate,<=,1410650100,u.DownVotes,<=,6#41946
comments c,posts p,users u#c.PostId=p.Id,c.UserId=u.Id#p.PostTypeId,=,1,p.ViewCount,<=,19571,u.DownVotes,<=,0#29684
comments c,posts p,users u#c.PostId=p.Id,c.UserId=u.Id#p.ViewCount,>=,0,p.ViewCount,<=,1417,u.UpVotes,>=,0#80851
comments c,posts p,users u#c.UserId=u.Id,u.Id=p.OwnerUserId#p.AnswerCount,>=,0,p.CommentCount,>=,0,u.UpVotes,>=,0#1794742
comments c,posts p,users u#c.UserId=u.Id,u.Id=p.OwnerUserId#c.Score,=,0,u.Reputation,=,11,u.CreationDate,>=,1283267929#3280
comments c,posts p,users u#c.UserId=u.Id,u.Id=p.OwnerUserId#p.Score,>=,-1,u.Views,>=,0,u.UpVotes,=,0#65034
comments c,posts p,users u#c.UserId=u.Id,u.Id=p.OwnerUserId#c.CreationDate,>=,1282754178,p.PostTypeId,=,1,u.UpVotes,<=,20#228206
comments c,posts p,users u#c.UserId=u.Id,u.Id=p.OwnerUserId#c.Score,=,0,p.ViewCount,>=,0,u.CreationDate,<=,1409418472#1457844
comments c,posts p,users u#c.UserId=u.Id,u.Id=p.OwnerUserId#c.CreationDate,>=,1280321050,p.FavoriteCount,=,0,u.UpVotes,>=,0#34413
comments c,posts p,users u#c.UserId=u.Id,u.Id=p.OwnerUserId#c.Score,=,1,c.CreationDate,>=,1279705214,p.CreationDate,>=,1283349187#11540379
comments c,posts p,users u#c.UserId=u.Id,u.Id=p.OwnerUserId#p.CommentCount,>=,0,p.CommentCount,<=,15,u.Views,<=,32#252088
comments c,posts p,users u#c.UserId=u.Id,u.Id=p.OwnerUserId#c.Score,=,0,p.Score,>=,-4,p.CommentCount,<=,20#36987164
comments c,posts p,users u#c.UserId=u.Id,u.Id=p.OwnerUserId#p.Score,>=,-2,p.Score,<=,51,u.Reputation,=,101#830
comments c,posts p,users u#c.UserId=u.Id,u.Id=p.OwnerUserId#p.CommentCount,=,1,p.FavoriteCount,<=,27,u.Reputation,>=,1#77592
comments c,posts p,users u#c.UserId=u.Id,u.Id=p.OwnerUserId#c.Score,=,0,p.ViewCount,<=,9010,u.Views,>=,0#1444963
comments c,posts p,users u#c.UserId=u.Id,u.Id=p.OwnerUserId#c.Score,=,1,c.CreationDate,>=,1281063661,p.CreationDate,>=,1280768253#11698380
comments c,posts p,users u#c.UserId=u.Id,u.Id=p.OwnerUserId#c.Score,=,0,p.PostTypeId,=,1,p.AnswerCount,=,0#311565
comments c,posts p,users u#c.UserId=u.Id,u.Id=p.OwnerUserId#c.CreationDate,>=,1279583805,p.Score,>=,0,u.Views,<=,1244#6715518
comments c,posts p,users u#c.UserId=u.Id,u.Id=p.OwnerUserId#u.Reputation,>=,1,u.Reputation,<=,221,u.Views,<=,142#221519
comments c,posts p,users u#c.UserId=u.Id,u.Id=p.OwnerUserId#p.CreationDate,>=,1283922212,u.UpVotes,>=,0,u.UpVotes,<=,29#565944
comments c,posts p,users u#c.UserId=u.Id,u.Id=p.OwnerUserId#p.CommentCount,>=,0,p.CreationDate,>=,1284955638,u.UpVotes,>=,0#54908587
comments c,posts p,users u#c.UserId=u.Id,u.Id=p.OwnerUserId#c.Score,=,1,c.CreationDate,>=,1281090978,u.CreationDate,<=,1409815626#11720746
comments c,posts p,users u#c.UserId=u.Id,u.Id=p.OwnerUserId#u.Views,>=,0,u.CreationDate,>=,1302975459,u.CreationDate,<=,1410497785#13270298
comments c,posts p,users u#c.UserId=u.Id,u.Id=p.OwnerUserId#c.Score,=,1,p.FavoriteCount,<=,15,u.Reputation,>=,1#121040
comments c,posts p,users u#c.UserId=u.Id,u.Id=p.OwnerUserId#c.CreationDate,>=,1281787891,c.CreationDate,<=,1410528488,p.CreationDate,>=,1279576216#56161106
comments c,posts p,users u#c.UserId=u.Id,u.Id=p.OwnerUserId#c.Score,=,1,p.AnswerCount,<=,3,u.DownVotes,<=,0#26857
comments c,posts p,users u#c.UserId=u.Id,u.Id=p.OwnerUserId#c.CreationDate,<=,1410355027,p.FavoriteCount,>=,0,u.CreationDate,>=,1292686753#439427
comments c,posts p,users u#c.UserId=u.Id,u.Id=p.OwnerUserId#c.Score,=,2,p.AnswerCount,>=,0,p.CommentCount,>=,0#68647
comments c,posts p,users u#c.UserId=u.Id,u.Id=p.OwnerUserId#p.PostTypeId,=,1,u.Reputation,<=,353,u.CreationDate,<=,1410385838#269645
comments c,posts p,users u#c.UserId=u.Id,u.Id=p.OwnerUserId#p.Score,<=,16,p.CreationDate,<=,1409240365,u.Reputation,>=,1#53837384
comments c,posts p,users u#c.UserId=u.Id,u.Id=p.OwnerUserId#p.CreationDate,>=,1280221242,p.CreationDate,<=,1410396790,u.CreationDate,>=,1279629090#55286914
comments c,posts p,users u#c.UserId=u.Id,u.Id=p.OwnerUserId#p.PostTypeId,=,1,p.Score,=,11,p.ViewCount,>=,0#24390
comments c,posts p,users u#c.UserId=u.Id,u.Id=p.OwnerUserId#p.FavoriteCount,>=,0,u.Reputation,>=,1,u.UpVotes,>=,0#917345
comments c,posts p,users u#c.UserId=u.Id,u.Id=p.OwnerUserId#p.FavoriteCount,>=,0,p.FavoriteCount,<=,5,u.UpVotes,<=,29#89594
comments c,posts p,users u#c.UserId=u.Id,u.Id=p.OwnerUserId#p.PostTypeId,=,1,p.FavoriteCount,>=,0,u.UpVotes,<=,111#208546
comments c,posts p,users u#c.UserId=u.Id,u.Id=p.OwnerUserId#c.CreationDate,<=,1410186339,p.AnswerCount,>=,0,p.FavoriteCount,<=,13#855753
comments c,posts p,users u#c.UserId=u.Id,u.Id=p.OwnerUserId#p.AnswerCount,>=,0,p.AnswerCount,<=,3,p.CommentCount,>=,0#1633165
comments c,posts p,users u#c.UserId=u.Id,u.Id=p.OwnerUserId#p.ViewCount,=,197,p.FavoriteCount,>=,0,u.Views,>=,0#483
comments c,posts p,users u#c.UserId=u.Id,u.Id=p.OwnerUserId#p.Score,>=,-4,p.ViewCount,<=,3708,u.CreationDate,>=,1303169750#858803
comments c,posts p,users u#c.UserId=u.Id,u.Id=p.OwnerUserId#p.Score,<=,26,u.Reputation,<=,234,u.UpVotes,>=,0#232740
comments c,posts p,users u#c.UserId=u.Id,u.Id=p.OwnerUserId#c.Score,=,3,c.CreationDate,<=,1408887162,p.PostTypeId,=,2#1568896
comments c,posts p,users u#c.UserId=u.Id,u.Id=p.OwnerUserId#c.Score,=,0,p.ViewCount,>=,0,u.Reputation,<=,768#421131
comments c,posts p,users u#c.UserId=u.Id,u.Id=p.OwnerUserId#p.ViewCount,>=,0,p.CommentCount,<=,12,p.FavoriteCount,>=,0#907054
comments c,posts p,users u#c.UserId=u.Id,u.Id=p.OwnerUserId#c.Score,=,0,p.Score,=,6,p.CreationDate,<=,1410086180#1992297
comments c,posts p,users u#c.UserId=u.Id,u.Id=p.OwnerUserId#p.Score,=,3,p.CommentCount,=,0,u.DownVotes,<=,0#36141
comments c,posts p,users u#c.UserId=u.Id,u.Id=p.OwnerUserId#c.Score,=,0,c.CreationDate,<=,1410193111,p.PostTypeId,=,1#1451592
comments c,posts p,users u#c.UserId=u.Id,u.Id=p.OwnerUserId#p.Score,<=,18,p.ViewCount,>=,0,u.Reputation,<=,1067#579461
comments c,posts p,users u#c.UserId=u.Id,u.Id=p.OwnerUserId#p.PostTypeId,=,1,p.CreationDate,>=,1280333707,p.CreationDate,<=,1410175543#1772326
comments c,posts p,users u#c.UserId=u.Id,u.Id=p.OwnerUserId#p.FavoriteCount,<=,9,p.CreationDate,>=,1280430111,u.UpVotes,<=,1273#547792
comments c,posts p,users u#c.UserId=u.Id,u.Id=p.OwnerUserId#c.CreationDate,>=,1279954009,c.CreationDate,<=,1410428153,p.AnswerCount,>=,0#1788702
comments c,posts p,users u#c.UserId=u.Id,u.Id=p.OwnerUserId#c.CreationDate,>=,1280782669,c.CreationDate,<=,1410292087,p.ViewCount,>=,0#1780376
comments c,posts p,users u#c.UserId=u.Id,u.Id=p.OwnerUserId#c.Score,=,0,p.CreationDate,>=,1280179049,p.CreationDate,<=,1410000792#36743078
comments c,posts p,users u#c.UserId=u.Id,u.Id=p.OwnerUserId#p.Score,>=,-1,u.DownVotes,>=,0,u.DownVotes,<=,0#862929
comments c,posts p,users u#c.UserId=u.Id,u.Id=p.OwnerUserId#p.ViewCount,<=,14326,p.AnswerCount,>=,0,p.CreationDate,>=,1279567803#1783043
comments c,posts p,users u#c.UserId=u.Id,u.Id=p.OwnerUserId#c.Score,=,0,p.AnswerCount,<=,4,u.CreationDate,<=,1408304153#1392626
comments c,posts p,users u#c.UserId=u.Id,u.Id=p.OwnerUserId#c.Score,=,0,p.PostTypeId,=,2,p.CreationDate,>=,1279585800#33705142
comments c,posts p,users u#c.UserId=u.Id,u.Id=p.OwnerUserId#p.AnswerCount,>=,0,p.AnswerCount,<=,6,u.DownVotes,<=,3#741471
comments c,posts p,users u#c.UserId=u.Id,u.Id=p.OwnerUserId#p.AnswerCount,<=,3,u.UpVotes,<=,224,u.CreationDate,>=,1292283566#596838
comments c,posts p,users u#c.UserId=u.Id,u.Id=p.OwnerUserId#c.Score,=,0,c.CreationDate,<=,1410538666,p.Score,<=,18#36189362
comments c,posts p,users u#c.UserId=u.Id,u.Id=p.OwnerUserId#c.Score,=,0,p.ViewCount,<=,1124,u.Reputation,=,101#493
comments c,posts p,users u#c.UserId=u.Id,u.Id=p.OwnerUserId#c.CreationDate,>=,1280271976,p.AnswerCount,<=,5,u.Reputation,>=,1#1730028
comments c,posts p,users u#c.UserId=u.Id,u.Id=p.OwnerUserId#p.Score,>=,-1,p.Score,<=,14,u.Views,>=,0#54161330
comments c,posts p,users u#c.UserId=u.Id,u.Id=p.OwnerUserId#p.CreationDate,>=,1284845399,p.CreationDate,<=,1408702789,u.UpVotes,<=,14#306281
comments c,posts p,users u#c.UserId=u.Id,u.Id=p.OwnerUserId#p.AnswerCount,<=,3,p.FavoriteCount,>=,0,p.FavoriteCount,<=,4#629273
comments c,posts p,users u#c.UserId=u.Id,u.Id=p.OwnerUserId#c.Score,=,0,p.CommentCount,<=,7,p.FavoriteCount,<=,6#559077
comments c,posts p,users u#c.UserId=u.Id,u.Id=p.OwnerUserId#c.CreationDate,=,1371232829,p.CommentCount,>=,0,p.CommentCount,<=,11#47
comments c,posts p,users u#c.UserId=u.Id,u.Id=p.OwnerUserId#p.CommentCount,>=,0,p.CreationDate,<=,1409061662,u.Reputation,<=,2320#1757596
comments c,posts p,users u#c.UserId=u.Id,u.Id=p.OwnerUserId#c.Score,=,0,p.ViewCount,>=,0,u.CreationDate,<=,1407722657#1456389
comments c,posts p,users u#c.UserId=u.Id,u.Id=p.OwnerUserId#c.Score,=,1,u.Views,>=,0,u.UpVotes,>=,0#11741502
comments c,posts p,users u#c.UserId=u.Id,u.Id=p.OwnerUserId#c.CreationDate,>=,1279732216,p.CreationDate,>=,1279897360,p.CreationDate,<=,1410508054#56215002
comments c,posts p,users u#c.UserId=u.Id,u.Id=p.OwnerUserId#p.PostTypeId,=,2,u.DownVotes,<=,0,u.UpVotes,=,0#24259
comments c,posts p,users u#c.UserId=u.Id,u.Id=p.OwnerUserId#p.ViewCount,=,60,p.AnswerCount,=,0,u.Views,>=,0#11279
comments c,posts p,users u#c.UserId=u.Id,u.Id=p.OwnerUserId#c.Score,=,0,p.CommentCount,<=,12,u.CreationDate,>=,1285667068#11353919
comments c,posts p,users u#c.UserId=u.Id,u.Id=p.OwnerUserId#c.CreationDate,>=,1282830892,c.CreationDate,<=,1410424168,u.UpVotes,<=,93#1722438
comments c,posts p,users u#c.UserId=u.Id,u.Id=p.OwnerUserId#p.PostTypeId,=,1,u.Views,>=,0,u.Views,<=,29#166731
comments c,posts p,users u#c.UserId=u.Id,u.Id=p.OwnerUserId#c.Score,=,0,p.AnswerCount,<=,3,p.CreationDate,<=,1409502298#1329148
comments c,posts p,users u#c.UserId=u.Id,u.Id=p.OwnerUserId#p.PostTypeId,=,1,p.FavoriteCount,<=,30,u.UpVotes,<=,17#63011
comments c,posts p,users u#c.UserId=u.Id,u.Id=p.OwnerUserId#p.ViewCount,>=,0,u.DownVotes,=,0,u.UpVotes,>=,0#539468
comments c,posts p,users u#c.UserId=u.Id,u.Id=p.OwnerUserId#p.ViewCount,<=,2462,p.AnswerCount,>=,0,u.CreationDate,<=,1409340533#1680976
comments c,posts p,users u#c.UserId=u.Id,u.Id=p.OwnerUserId#c.Score,=,0,p.ViewCount,>=,0,p.ViewCount,<=,8974#1444885
comments c,posts p,users u#c.UserId=u.Id,u.Id=p.OwnerUserId#p.FavoriteCount,>=,0,u.Views,>=,0,u.CreationDate,>=,1282741995#520838
comments c,posts p,users u#c.UserId=u.Id,u.Id=p.OwnerUserId#p.ViewCount,<=,12859,p.CommentCount,>=,0,u.UpVotes,<=,74#496505
comments c,posts p,users u#c.UserId=u.Id,u.Id=p.OwnerUserId#p.PostTypeId,=,1,p.AnswerCount,>=,0,u.Views,>=,0#1794742
comments c,posts p,users u#c.UserId=u.Id,u.Id=p.OwnerUserId#c.Score,=,0,c.CreationDate,>=,1279579979,p.AnswerCount,<=,4#1393593
comments c,posts p,users u#c.UserId=u.Id,u.Id=p.OwnerUserId#p.CommentCount,>=,0,u.Reputation,<=,386,u.DownVotes,=,0#288558
comments c,posts p,users u#c.UserId=u.Id,u.Id=p.OwnerUserId#p.Score,<=,13,u.Reputation,<=,1293,u.Views,>=,0#1135863
comments c,posts p,users u#c.UserId=u.Id,u.Id=p.OwnerUserId#p.Score,>=,0,p.CommentCount,<=,14,u.CreationDate,>=,1279635305#54784500
comments c,postHistory ph,users u#u.Id=c.UserId,c.UserId=ph.UserId#c.Score,=,0,u.Reputation,>=,1,u.Reputation,<=,276#871126
comments c,postHistory ph,users u#u.Id=c.UserId,c.UserId=ph.UserId#ph.CreationDate,<=,1408262433,u.DownVotes,>=,0,u.DownVotes,<=,1#3137558
comments c,postHistory ph,users u#u.Id=c.UserId,c.UserId=ph.UserId#c.Score,=,1,u.Reputation,>=,1,u.Reputation,<=,323#56242
comments c,postHistory ph,users u#u.Id=c.UserId,c.UserId=ph.UserId#c.Score,=,0,ph.PostHistoryTypeId,=,6,u.DownVotes,<=,11#168645
comments c,postHistory ph,users u#u.Id=c.UserId,c.UserId=ph.UserId#c.Score,=,1,ph.PostHistoryTypeId,=,1,u.Reputation,<=,244#8348
comments c,postHistory ph,users u#u.Id=c.UserId,c.UserId=ph.UserId#ph.PostHistoryTypeId,=,1,u.Reputation,>=,1,u.Reputation,<=,152#139246
comments c,postHistory ph,users u#u.Id=c.UserId,c.UserId=ph.UserId#ph.PostHistoryTypeId,=,2,u.Reputation,=,101,u.DownVotes,<=,0#831
comments c,postHistory ph,users u#u.Id=c.UserId,c.UserId=ph.UserId#c.Score,=,0,c.CreationDate,<=,1410644950,u.UpVotes,<=,61#2363752
comments c,postHistory ph,users u#u.Id=c.UserId,c.UserId=ph.UserId#c.Score,=,0,ph.CreationDate,>=,1280447111,u.DownVotes,>=,0#167137842
comments c,postHistory ph,users u#u.Id=c.UserId,c.UserId=ph.UserId#c.Score,=,1,ph.CreationDate,>=,1279883776,u.UpVotes,=,0#11303
comments c,postHistory ph,users u#u.Id=c.UserId,c.UserId=ph.UserId#c.CreationDate,>=,1281537544,u.Reputation,>=,1,u.Views,=,0#23057
comments c,postHistory ph,users u#u.Id=c.UserId,c.UserId=ph.UserId#u.Reputation,>=,1,u.Views,<=,3,u.DownVotes,>=,0#103596
comments c,postHistory ph,users u#u.Id=c.UserId,c.UserId=ph.UserId#u.DownVotes,>=,0,u.DownVotes,<=,0,u.CreationDate,<=,1410274209#2574356
comments c,postHistory ph,users u#u.Id=c.UserId,c.UserId=ph.UserId#c.Score,=,0,ph.PostHistoryTypeId,=,1,u.DownVotes,=,0#505957
comments c,postHistory ph,users u#u.Id=c.UserId,c.UserId=ph.UserId#c.CreationDate,>=,1279804760,u.Reputation,>=,1,u.CreationDate,>=,1304891253#57954000
comments c,postHistory ph,users u#u.Id=c.UserId,c.UserId=ph.UserId#u.Reputation,=,1,u.DownVotes,>=,0,u.UpVotes,<=,3#11082
comments c,postHistory ph,users u#u.Id=c.UserId,c.UserId=ph.UserId#c.CreationDate,>=,1280137512,ph.CreationDate,=,1377080788,u.CreationDate,>=,1307571049#213
comments c,postHistory ph,users u#u.Id=c.UserId,c.UserId=ph.UserId#c.Score,=,0,ph.CreationDate,<=,1409056382,u.CreationDate,>=,1279743680#157325090
comments c,postHistory ph,users u#u.Id=c.UserId,c.UserId=ph.UserId#c.CreationDate,<=,1410025215,u.UpVotes,>=,0,u.CreationDate,<=,1409245320#260759841
comments c,postHistory ph,users u#u.Id=c.UserId,c.UserId=ph.UserId#c.Score,=,0,u.Views,>=,0,u.CreationDate,>=,1294431089#43649719
comments c,postHistory ph,users u#u.Id=c.UserId,c.UserId=ph.UserId#c.Score,=,0,c.CreationDate,<=,1410639135,u.Views,>=,0#167258885
comments c,postHistory ph,users u#u.Id=c.UserId,c.UserId=ph.UserId#c.CreationDate,<=,1410096997,u.Reputation,>=,1,u.UpVotes,>=,0#260960259
comments c,postHistory ph,users u#u.Id=c.UserId,c.UserId=ph.UserId#u.Reputation,>=,1,u.Views,>=,0,u.Views,<=,15#410790
comments c,postHistory ph,users u#u.Id=c.UserId,c.UserId=ph.UserId#c.CreationDate,>=,1280863249,u.Reputation,<=,622,u.UpVotes,<=,12#700976
comments c,postHistory ph,users u#u.Id=c.UserId,c.UserId=ph.UserId#ph.PostHistoryTypeId,=,5,ph.CreationDate,>=,1280392116,u.Reputation,=,6#1517
comments c,postHistory ph,users u#u.Id=c.UserId,c.UserId=ph.UserId#u.Reputation,>=,1,u.Views,>=,0,u.DownVotes,<=,7#8060370
comments c,postHistory ph,users u#u.Id=c.UserId,c.UserId=ph.UserId#c.CreationDate,<=,1410400801,ph.CreationDate,<=,1404861355,u.UpVotes,<=,79#3391997
comments c,postHistory ph,users u#u.Id=c.UserId,c.UserId=ph.UserId#u.Reputation,>=,1,u.Reputation,<=,252,u.UpVotes,>=,0#836520
comments c,postHistory ph,users u#u.Id=c.UserId,c.UserId=ph.UserId#c.Score,=,1,u.DownVotes,>=,0,u.UpVotes,>=,0#56435232
comments c,postHistory ph,users u#u.Id=c.UserId,c.UserId=ph.UserId#u.Reputation,>=,1,u.Views,=,1,u.DownVotes,>=,0#28821
comments c,postHistory ph,users u#u.Id=c.UserId,c.UserId=ph.UserId#ph.CreationDate,=,1410446736,u.CreationDate,>=,1280175620,u.CreationDate,<=,1407981974#10
comments c,postHistory ph,users u#u.Id=c.UserId,c.UserId=ph.UserId#ph.CreationDate,>=,1316177492,u.Reputation,>=,1,u.Reputation,<=,480#1436332
comments c,postHistory ph,users u#u.Id=c.UserId,c.UserId=ph.UserId#u.Reputation,<=,360,u.DownVotes,>=,0,u.UpVotes,<=,11#597158
comments c,postHistory ph,users u#u.Id=c.UserId,c.UserId=ph.UserId#ph.CreationDate,<=,1396832193,u.Reputation,<=,1239,u.UpVotes,>=,0#2682895
comments c,postHistory ph,users u#u.Id=c.UserId,c.UserId=ph.UserId#c.Score,=,0,c.CreationDate,=,1378900063,ph.PostHistoryTypeId,=,3#11
comments c,postHistory ph,users u#u.Id=c.UserId,c.UserId=ph.UserId#c.Score,=,3,ph.CreationDate,<=,1407709985,u.Reputation,=,11#6
comments c,postHistory ph,users u#u.Id=c.UserId,c.UserId=ph.UserId#c.CreationDate,>=,1279570981,u.Reputation,>=,1,u.Views,=,0#23061
comments c,postHistory ph,users u#u.Id=c.UserId,c.UserId=ph.UserId#u.DownVotes,<=,2,u.UpVotes,>=,0,u.UpVotes,<=,9#668396
comments c,postHistory ph,users u#u.Id=c.UserId,c.UserId=ph.UserId#c.CreationDate,<=,1409835330,ph.PostHistoryTypeId,=,2,u.Reputation,=,1#3652
comments c,postHistory ph,users u#u.Id=c.UserId,c.UserId=ph.UserId#c.Score,=,0,u.CreationDate,>=,1282844389,u.CreationDate,<=,1409805301#47135408
comments c,postHistory ph,users u#u.Id=c.UserId,c.UserId=ph.UserId#u.Views,=,0,u.UpVotes,>=,0,u.UpVotes,<=,37#23061
comments c,postHistory ph,users u#u.Id=c.UserId,c.UserId=ph.UserId#c.Score,=,1,ph.PostHistoryTypeId,=,2,u.Reputation,>=,1#11363557
comments c,postHistory ph,users u#u.Id=c.UserId,c.UserId=ph.UserId#u.DownVotes,<=,1,u.UpVotes,>=,0,u.CreationDate,>=,1300887708#2199833
comments c,postHistory ph,users u#u.Id=c.UserId,c.UserId=ph.UserId#c.CreationDate,>=,1285262012,u.Reputation,>=,1,u.CreationDate,>=,1310985386#54899651
comments c,postHistory ph,users u#u.Id=c.UserId,c.UserId=ph.UserId#c.Score,=,0,ph.CreationDate,>=,1285516842,ph.CreationDate,<=,1409323162#162381342
comments c,postHistory ph,users u#u.Id=c.UserId,c.UserId=ph.UserId#u.DownVotes,>=,0,u.CreationDate,>=,1280340471,u.CreationDate,<=,1406488357#252633167
comments c,postHistory ph,users u#u.Id=c.UserId,c.UserId=ph.UserId#c.Score,=,0,ph.PostHistoryTypeId,=,1,u.DownVotes,>=,0#1458075
comments c,postHistory ph,users u#u.Id=c.UserId,c.UserId=ph.UserId#c.CreationDate,<=,1410562384,u.Views,>=,0,u.Views,<=,140#2747907
comments c,postHistory ph,users u#u.Id=c.UserId,c.UserId=ph.UserId#ph.CreationDate,>=,1295604307,u.UpVotes,>=,0,u.UpVotes,<=,31#1581454
comments c,postHistory ph,users u#u.Id=c.UserId,c.UserId=ph.UserId#c.CreationDate,>=,1293740465,ph.PostHistoryTypeId,=,5,u.UpVotes,<=,869#10877480
comments c,postHistory ph,users u#u.Id=c.UserId,c.UserId=ph.UserId#c.CreationDate,<=,1410261890,ph.CreationDate,<=,1409109701,u.Views,<=,12#323623
comments c,postHistory ph,users u#u.Id=c.UserId,c.UserId=ph.UserId#ph.PostHistoryTypeId,=,5,ph.CreationDate,>=,1281430922,u.Reputation,<=,2052#1149390
comments c,postHistory ph,users u#u.Id=c.UserId,c.UserId=ph.UserId#c.CreationDate,>=,1280867625,ph.PostHistoryTypeId,=,5,u.Reputation,<=,258#156216
comments c,postHistory ph,users u#u.Id=c.UserId,c.UserId=ph.UserId#u.DownVotes,>=,0,u.UpVotes,>=,0,u.UpVotes,<=,31#1614042
comments c,postHistory ph,users u#u.Id=c.UserId,c.UserId=ph.UserId#c.Score,=,0,c.CreationDate,>=,1283726468,u.DownVotes,=,0#2327090
comments c,postHistory ph,users u#u.Id=c.UserId,c.UserId=ph.UserId#c.CreationDate,>=,1280363164,ph.CreationDate,>=,1283259826,u.Views,>=,0#260803299
comments c,postHistory ph,users u#u.Id=c.UserId,c.UserId=ph.UserId#c.Score,=,1,c.CreationDate,>=,1279892489,u.Views,>=,0#56377035
comments c,postHistory ph,users u#u.Id=c.UserId,c.UserId=ph.UserId#ph.CreationDate,>=,1282044198,ph.CreationDate,<=,1406323504,u.DownVotes,=,0#2439380
comments c,postHistory ph,users u#u.Id=c.UserId,c.UserId=ph.UserId#c.Score,=,0,c.CreationDate,>=,1280192840,u.DownVotes,<=,0#2346099
comments c,postHistory ph,users u#u.Id=c.UserId,c.UserId=ph.UserId#u.Reputation,>=,1,u.Reputation,<=,161,u.CreationDate,>=,1280396834#601415
comments c,postHistory ph,users u#u.Id=c.UserId,c.UserId=ph.UserId#c.Score,=,1,ph.PostHistoryTypeId,=,2,u.DownVotes,>=,0#11363557
comments c,postHistory ph,users u#u.Id=c.UserId,c.UserId=ph.UserId#u.Reputation,>=,1,u.Reputation,<=,4096,u.CreationDate,<=,1407504946#7325579
comments c,postHistory ph,users u#u.Id=c.UserId,c.UserId=ph.UserId#u.Reputation,>=,1,u.Reputation,<=,2091,u.Views,>=,0#4760355
comments c,postHistory ph,users u#u.Id=c.UserId,c.UserId=ph.UserId#ph.PostHistoryTypeId,=,3,ph.CreationDate,>=,1288750956,u.DownVotes,>=,0#1659843
comments c,postHistory ph,users u#u.Id=c.UserId,c.UserId=ph.UserId#c.Score,=,0,u.Reputation,<=,11520,u.Views,<=,55#1119766
comments c,postHistory ph,users u#u.Id=c.UserId,c.UserId=ph.UserId#c.Score,=,0,c.CreationDate,>=,1236111136,ph.CreationDate,<=,1404075527#153882100
comments c,postHistory ph,users u#u.Id=c.UserId,c.UserId=ph.UserId#c.Score,=,1,u.DownVotes,>=,0,u.DownVotes,<=,0#177548
comments c,postHistory ph,users u#u.Id=c.UserId,c.UserId=ph.UserId#c.Score,=,1,u.Views,=,0,u.UpVotes,<=,54#1182
comments c,postHistory ph,users u#u.Id=c.UserId,c.UserId=ph.UserId#c.CreationDate,>=,1288167869,ph.CreationDate,>=,1302964134,ph.CreationDate,<=,1410438719#236634949
comments c,postHistory ph,users u#u.Id=c.UserId,c.UserId=ph.UserId#u.Reputation,>=,1,u.Reputation,<=,1969,u.DownVotes,<=,10#3600044
comments c,postHistory ph,users u#u.Id=c.UserId,c.UserId=ph.UserId#c.Score,=,0,ph.CreationDate,<=,1409696475,u.DownVotes,>=,0#165083473
comments c,postHistory ph,users u#u.Id=c.UserId,c.UserId=ph.UserId#c.CreationDate,>=,1279568253,ph.PostHistoryTypeId,=,5,u.UpVotes,=,0#25589
comments c,postHistory ph,users u#u.Id=c.UserId,c.UserId=ph.UserId#ph.PostHistoryTypeId,=,2,ph.CreationDate,>=,1281137037,u.UpVotes,>=,0#54416710
comments c,postHistory ph,users u#u.Id=c.UserId,c.UserId=ph.UserId#c.CreationDate,<=,1410640459,u.Reputation,>=,1,u.CreationDate,<=,1408019851#263019014
comments c,postHistory ph,users u#u.Id=c.UserId,c.UserId=ph.UserId#ph.CreationDate,>=,1291693670,ph.CreationDate,<=,1409475499,u.UpVotes,>=,0#250262960
comments c,postHistory ph,users u#u.Id=c.UserId,c.UserId=ph.UserId#c.CreationDate,>=,1284637588,c.CreationDate,<=,1410463477,u.UpVotes,>=,0#258971571
comments c,postHistory ph,users u#u.Id=c.UserId,c.UserId=ph.UserId#ph.PostHistoryTypeId,=,3,u.DownVotes,>=,0,u.CreationDate,>=,1284378447#1127099
comments c,postHistory ph,users u#u.Id=c.UserId,c.UserId=ph.UserId#ph.PostHistoryTypeId,=,3,u.Views,<=,16,u.CreationDate,>=,1315941308#96401
comments c,postHistory ph,users u#u.Id=c.UserId,c.UserId=ph.UserId#u.Reputation,>=,1,u.UpVotes,>=,0,u.UpVotes,<=,6#530858
comments c,postHistory ph,users u#u.Id=c.UserId,c.UserId=ph.UserId#c.Score,=,0,u.DownVotes,>=,0,u.CreationDate,>=,1281078185#153162486
comments c,postHistory ph,users u#u.Id=c.UserId,c.UserId=ph.UserId#c.CreationDate,<=,1408370414,ph.CreationDate,>=,1303836853,u.UpVotes,>=,0#235082373
comments c,postHistory ph,users u#u.Id=c.UserId,c.UserId=ph.UserId#c.Score,=,0,u.Reputation,>=,1,u.Reputation,<=,511#1504987
comments c,postHistory ph,users u#u.Id=c.UserId,c.UserId=ph.UserId#u.Views,>=,0,u.UpVotes,>=,0,u.UpVotes,<=,10#739574
comments c,postHistory ph,users u#u.Id=c.UserId,c.UserId=ph.UserId#ph.PostHistoryTypeId,=,3,u.Reputation,>=,1,u.Views,>=,0#1794583
comments c,postHistory ph,users u#u.Id=c.UserId,c.UserId=ph.UserId#ph.CreationDate,>=,1286578186,ph.CreationDate,<=,1409168759,u.Views,>=,0#254169730
comments c,postHistory ph,users u#u.Id=c.UserId,c.UserId=ph.UserId#ph.CreationDate,>=,1281091732,u.UpVotes,>=,0,u.UpVotes,<=,345#10847198
comments c,postHistory ph,users u#u.Id=c.UserId,c.UserId=ph.UserId#c.CreationDate,>=,1280574082,c.CreationDate,<=,1410444013,ph.CreationDate,=,1400851746#53
comments c,postHistory ph,users u#u.Id=c.UserId,c.UserId=ph.UserId#c.Score,=,2,ph.PostHistoryTypeId,=,2,ph.CreationDate,>=,1283041955#4224727
comments c,postHistory ph,users u#u.Id=c.UserId,c.UserId=ph.UserId#ph.CreationDate,>=,1306276486,ph.CreationDate,<=,1407001311,u.Reputation,<=,422#1261879
comments c,postHistory ph,users u#u.Id=c.UserId,c.UserId=ph.UserId#u.Views,>=,0,u.DownVotes,>=,0,u.DownVotes,<=,0#2574785
comments c,postHistory ph,users u#u.Id=c.UserId,c.UserId=ph.UserId#c.Score,=,0,c.CreationDate,=,1404745413,ph.CreationDate,<=,1403551402#6590
comments c,postHistory ph,users u#u.Id=c.UserId,c.UserId=ph.UserId#c.Score,=,0,c.CreationDate,>=,1280318804,u.CreationDate,<=,1407366017#166886628
comments c,postHistory ph,users u#u.Id=c.UserId,c.UserId=ph.UserId#c.CreationDate,>=,1281597136,c.CreationDate,<=,1410282385,u.Reputation,>=,1#260503453
comments c,postHistory ph,users u#u.Id=c.UserId,c.UserId=ph.UserId#ph.PostHistoryTypeId,=,5,u.DownVotes,=,3,u.UpVotes,>=,0#139581
comments c,postHistory ph,users u#u.Id=c.UserId,c.UserId=ph.UserId#ph.PostHistoryTypeId,=,3,ph.CreationDate,>=,1290764602,ph.CreationDate,<=,1403542990#1535440
comments c,postHistory ph,users u#u.Id=c.UserId,c.UserId=ph.UserId#ph.CreationDate,<=,1409404376,u.Views,>=,0,u.DownVotes,>=,0#258797475
comments c,postHistory ph,users u#u.Id=c.UserId,c.UserId=ph.UserId#c.Score,=,0,u.DownVotes,>=,0,u.CreationDate,<=,1410639588#167312463
comments c,postHistory ph,users u#u.Id=c.UserId,c.UserId=ph.UserId#c.Score,=,1,u.Reputation,=,101,u.UpVotes,=,1#31
comments c,postHistory ph,users u#u.Id=c.UserId,c.UserId=ph.UserId#u.Reputation,>=,1,u.Views,>=,0,u.Views,<=,266#4287596
comments c,postHistory ph,users u#u.Id=c.UserId,c.UserId=ph.UserId#ph.CreationDate,>=,1302744835,u.Views,<=,21,u.CreationDate,<=,1409608276#526368
comments c,postHistory ph,users u#u.Id=c.UserId,c.UserId=ph.UserId#ph.CreationDate,>=,1299578792,u.UpVotes,>=,0,u.CreationDate,<=,1410466649#247902071
comments c,postHistory ph,users u#u.Id=c.UserId,c.UserId=ph.UserId#u.Views,<=,124,u.UpVotes,<=,44,u.CreationDate,>=,1280396834#1488037
comments c,postHistory ph,users u#u.Id=c.UserId,c.UserId=ph.UserId#ph.CreationDate,>=,1285358053,ph.CreationDate,<=,1409832413,u.CreationDate,>=,1286120889#70203419
comments c,postHistory ph,users u#u.Id=c.UserId,c.UserId=ph.UserId#c.CreationDate,<=,1410654350,ph.CreationDate,<=,1408614112,u.CreationDate,>=,1298890394#57911912
comments c,postHistory ph,users u#u.Id=c.UserId,c.UserId=ph.UserId#ph.PostHistoryTypeId,=,2,u.UpVotes,>=,0,u.UpVotes,<=,63#1514379
comments c,postHistory ph,users u#u.Id=c.UserId,c.UserId=ph.UserId#c.Score,=,0,u.CreationDate,>=,1279566719,u.CreationDate,<=,1409678147#167174422
comments c,postHistory ph,users u#u.Id=c.UserId,c.UserId=ph.UserId#u.Reputation,>=,1,u.DownVotes,>=,0,u.DownVotes,<=,13#12699291
comments c,postHistory ph,users u#u.Id=c.UserId,c.UserId=ph.UserId#c.Score,=,0,ph.PostHistoryTypeId,=,2,u.Reputation,>=,1#35887821
comments c,postHistory ph,users u#u.Id=c.UserId,c.UserId=ph.UserId#c.Score,=,3,ph.PostHistoryTypeId,=,2,u.DownVotes,<=,0#4780
comments c,postHistory ph,users u#u.Id=c.UserId,c.UserId=ph.UserId#ph.PostHistoryTypeId,=,2,u.CreationDate,>=,1280243291,u.CreationDate,<=,1408074360#53213112
comments c,postHistory ph,users u#u.Id=c.UserId,c.UserId=ph.UserId#c.Score,=,0,ph.CreationDate,<=,1406734553,u.UpVotes,=,0#152980
comments c,postHistory ph,users u#u.Id=c.UserId,c.UserId=ph.UserId#u.Reputation,>=,1,u.Reputation,<=,177,u.DownVotes,=,0#627491
comments c,postHistory ph,users u#u.Id=c.UserId,c.UserId=ph.UserId#ph.CreationDate,>=,1299075490,ph.CreationDate,<=,1404540013,u.DownVotes,>=,0#229460742
comments c,postHistory ph,users u#u.Id=c.UserId,c.UserId=ph.UserId#u.Reputation,=,21,u.UpVotes,>=,0,u.UpVotes,<=,16#7742
comments c,postHistory ph,users u#u.Id=c.UserId,c.UserId=ph.UserId#ph.PostHistoryTypeId,=,5,u.Views,<=,65,u.CreationDate,>=,1295436436#267791
comments c,postHistory ph,users u#u.Id=c.UserId,c.UserId=ph.UserId#c.CreationDate,<=,1410622979,ph.CreationDate,=,1370603479,u.CreationDate,<=,1409761668#1
comments c,postHistory ph,users u#u.Id=c.UserId,c.UserId=ph.UserId#ph.PostHistoryTypeId,=,3,u.CreationDate,>=,1283503005,u.CreationDate,<=,1407517395#1125922
comments c,postHistory ph,users u#u.Id=c.UserId,c.UserId=ph.UserId#c.Score,=,0,u.CreationDate,>=,1313062708,u.CreationDate,<=,1410377103#35778824
comments c,postHistory ph,users u#u.Id=c.UserId,c.UserId=ph.UserId#c.Score,=,0,u.Reputation,<=,565,u.CreationDate,>=,1296106298#1494750
comments c,postHistory ph,users u#u.Id=c.UserId,c.UserId=ph.UserId#ph.PostHistoryTypeId,=,6,ph.CreationDate,>=,1283387448,ph.CreationDate,<=,1409326692#32052695
comments c,postHistory ph,users u#u.Id=c.UserId,c.UserId=ph.UserId#c.Score,=,0,u.UpVotes,>=,0,u.UpVotes,<=,68#3126018
comments c,postHistory ph,users u#u.Id=c.UserId,c.UserId=ph.UserId#ph.CreationDate,<=,1408101340,u.Views,<=,53,u.CreationDate,>=,1288963133#1086686
comments c,postHistory ph,users u#u.Id=c.UserId,c.UserId=ph.UserId#u.Reputation,>=,1,u.DownVotes,>=,0,u.DownVotes,<=,0#2574785
comments c,postHistory ph,users u#u.Id=c.UserId,c.UserId=ph.UserId#u.Reputation,>=,1,u.Views,>=,0,u.DownVotes,<=,1#3211132
comments c,postHistory ph,users u#u.Id=c.UserId,c.UserId=ph.UserId#c.Score,=,0,u.DownVotes,<=,1,u.CreationDate,<=,1409817636#2869185
comments c,postHistory ph,users u#u.Id=c.UserId,c.UserId=ph.UserId#c.Score,=,0,u.DownVotes,>=,0,u.UpVotes,>=,0#167312466
comments c,postHistory ph,users u#u.Id=c.UserId,c.UserId=ph.UserId#c.Score,=,0,c.CreationDate,<=,1410341235,u.DownVotes,>=,0#166597525
comments c,postHistory ph,users u#u.Id=c.UserId,c.UserId=ph.UserId#ph.PostHistoryTypeId,=,3,ph.CreationDate,<=,1408969270,u.CreationDate,>=,1280279040#1594450
comments c,postHistory ph,users u#u.Id=c.UserId,c.UserId=ph.UserId#ph.CreationDate,>=,1290011369,u.Reputation,=,6,u.CreationDate,<=,1408962570#13032
comments c,postHistory ph,users u#u.Id=c.UserId,c.UserId=ph.UserId#ph.PostHistoryTypeId,=,5,u.Views,>=,0,u.CreationDate,>=,1300017918#28990592
comments c,postHistory ph,users u#u.Id=c.UserId,c.UserId=ph.UserId#ph.CreationDate,<=,1408858839,u.Reputation,>=,1,u.CreationDate,<=,1409056876#257207397
comments c,postHistory ph,users u#u.Id=c.UserId,c.UserId=ph.UserId#c.Score,=,0,ph.CreationDate,>=,1281076326,u.UpVotes,>=,0#167057297
comments c,postHistory ph,users u#u.Id=c.UserId,c.UserId=ph.UserId#c.Score,=,1,c.CreationDate,>=,1283437294,u.DownVotes,>=,0#56059203
comments c,postHistory ph,users u#u.Id=c.UserId,c.UserId=ph.UserId#c.Score,=,0,u.Views,<=,146,u.CreationDate,<=,1409402636#2443749
comments c,postHistory ph,users u#u.Id=c.UserId,c.UserId=ph.UserId#c.Score,=,1,ph.PostHistoryTypeId,=,5,u.Views,>=,0#23813684
comments c,postHistory ph,users u#u.Id=c.UserId,c.UserId=ph.UserId#c.CreationDate,>=,1282571981,ph.CreationDate,>=,1280950230,ph.CreationDate,<=,1408811091#255170746
comments c,postHistory ph,users u#u.Id=c.UserId,c.UserId=ph.UserId#u.Views,>=,0,u.Views,<=,216,u.UpVotes,<=,1243#3664685
comments c,postHistory ph,users u#u.Id=c.UserId,c.UserId=ph.UserId#ph.PostHistoryTypeId,=,5,ph.CreationDate,<=,1410206584,u.Views,<=,38#167678
comments c,postHistory ph,users u#u.Id=c.UserId,c.UserId=ph.UserId#c.CreationDate,=,1361131003,u.Reputation,>=,1,u.Reputation,<=,548#84
comments c,postHistory ph,users u#u.Id=c.UserId,c.UserId=ph.UserId#ph.PostHistoryTypeId,=,2,u.Views,>=,0,u.CreationDate,>=,1296478632#13758349
comments c,postHistory ph,users u#u.Id=c.UserId,c.UserId=ph.UserId#c.CreationDate,<=,1410123806,ph.PostHistoryTypeId,=,2,u.DownVotes,<=,1#1092633
comments c,postHistory ph,users u#u.Id=c.UserId,c.UserId=ph.UserId#c.Score,=,0,c.CreationDate,>=,1280609057,u.CreationDate,>=,1279607478#161041365
comments c,postHistory ph,users u#u.Id=c.UserId,c.UserId=ph.UserId#c.Score,=,0,u.Reputation,>=,1,u.Views,>=,0#167312466
comments c,postHistory ph,users u#u.Id=c.UserId,c.UserId=ph.UserId#u.Reputation,=,1,u.Views,>=,0,u.Views,<=,260#13428
comments c,postHistory ph,users u#u.Id=c.UserId,c.UserId=ph.UserId#u.DownVotes,>=,0,u.DownVotes,<=,0,u.UpVotes,=,0#178567
comments c,postHistory ph,users u#u.Id=c.UserId,c.UserId=ph.UserId#c.Score,=,1,ph.CreationDate,<=,1406645126,u.CreationDate,<=,1409470210#53649986
comments c,postHistory ph,users u#u.Id=c.UserId,c.UserId=ph.UserId#u.Views,=,2,u.UpVotes,>=,0,u.CreationDate,>=,1287390648#26106
comments c,postHistory ph,users u#u.Id=c.UserId,c.UserId=ph.UserId#u.UpVotes,>=,0,u.CreationDate,>=,1279567798,u.CreationDate,<=,1409593454#262861405
comments c,postHistory ph,users u#u.Id=c.UserId,c.UserId=ph.UserId#c.Score,=,0,ph.CreationDate,>=,1283506715,u.DownVotes,=,0#2322501
comments c,postHistory ph,users u#u.Id=c.UserId,c.UserId=ph.UserId#u.Reputation,>=,1,u.Reputation,<=,218,u.UpVotes,>=,0#766577
comments c,postHistory ph,users u#u.Id=c.UserId,c.UserId=ph.UserId#c.CreationDate,>=,1280327820,u.DownVotes,>=,0,u.DownVotes,<=,0#2570882
comments c,postHistory ph,users u#u.Id=c.UserId,c.UserId=ph.UserId#c.Score,=,1,ph.CreationDate,>=,1286952054,ph.CreationDate,<=,1409580986#54740175
comments c,postHistory ph,users u#u.Id=c.UserId,c.UserId=ph.UserId#c.CreationDate,>=,1282504244,u.Reputation,>=,1,u.UpVotes,<=,18#1111962
comments c,postHistory ph,users u#u.Id=c.UserId,c.UserId=ph.UserId#ph.PostHistoryTypeId,=,6,u.Reputation,>=,1,u.Views,>=,0#32775907
comments c,postHistory ph,users u#u.Id=c.UserId,c.UserId=ph.UserId#ph.PostHistoryTypeId,=,3,u.Views,>=,0,u.CreationDate,>=,1280173571#1636688
comments c,postHistory ph,users u#u.Id=c.UserId,c.UserId=ph.UserId#c.CreationDate,>=,1281098752,c.CreationDate,<=,1410362536,ph.CreationDate,<=,1408557656#254304226
comments c,postHistory ph,users u#u.Id=c.UserId,c.UserId=ph.UserId#u.Reputation,>=,1,u.Reputation,<=,160,u.CreationDate,<=,1410625751#601299
comments c,postHistory ph,users u#u.Id=c.UserId,c.UserId=ph.UserId#c.Score,=,2,u.DownVotes,=,0,u.CreationDate,<=,1410551759#32057
comments c,postHistory ph,users u#u.Id=c.UserId,c.UserId=ph.UserId#c.CreationDate,>=,1279902600,c.CreationDate,<=,1410444236,ph.CreationDate,>=,1313578442#230637368
comments c,postHistory ph,users u#u.Id=c.UserId,c.UserId=ph.UserId#ph.PostHistoryTypeId,=,5,ph.CreationDate,<=,1409685017,u.UpVotes,>=,0#110033416
comments c,postHistory ph,users u#u.Id=c.UserId,c.UserId=ph.UserId#c.Score,=,0,u.Views,=,2,u.UpVotes,<=,403#24540
comments c,postHistory ph,users u#u.Id=c.UserId,c.UserId=ph.UserId#c.Score,=,1,u.Views,>=,0,u.UpVotes,>=,0#56435232
comments c,postHistory ph,users u#u.Id=c.UserId,c.UserId=ph.UserId#ph.PostHistoryTypeId,=,2,u.DownVotes,>=,0,u.CreationDate,<=,1410635539#54616743
comments c,postHistory ph,users u#u.Id=c.UserId,c.UserId=ph.UserId#u.Reputation,<=,240,u.Views,<=,78,u.DownVotes,<=,0#722895
comments c,postHistory ph,users u#u.Id=c.UserId,c.UserId=ph.UserId#ph.PostHistoryTypeId,=,6,u.Reputation,>=,1,u.DownVotes,>=,0#32775907
comments c,postHistory ph,users u#u.Id=c.UserId,c.UserId=ph.UserId#c.Score,=,0,c.CreationDate,>=,1280916659,u.CreationDate,>=,1280176199#160607363
comments c,postHistory ph,users u#u.Id=c.UserId,c.UserId=ph.UserId#c.Score,=,2,u.Views,=,10,u.UpVotes,>=,0#99
comments c,postHistory ph,users u#u.Id=c.UserId,c.UserId=ph.UserId#c.CreationDate,>=,1280269079,c.CreationDate,<=,1409145601,u.CreationDate,<=,1409266491#257138992
comments c,postHistory ph,users u#u.Id=c.UserId,c.UserId=ph.UserId#c.Score,=,0,u.DownVotes,<=,0,u.CreationDate,>=,1279743680#2307375
comments c,postHistory ph,users u#u.Id=c.UserId,c.UserId=ph.UserId#ph.PostHistoryTypeId,=,2,u.DownVotes,<=,0,u.UpVotes,>=,0#866474
comments c,postHistory ph,users u#u.Id=c.UserId,c.UserId=ph.UserId#c.Score,=,1,ph.PostHistoryTypeId,=,6,u.UpVotes,<=,80#4825
comments c,postHistory ph,users u#u.Id=c.UserId,c.UserId=ph.UserId#c.CreationDate,<=,1410511241,ph.CreationDate,>=,1311697362,u.UpVotes,<=,109#4389284
comments c,postHistory ph,users u#u.Id=c.UserId,c.UserId=ph.UserId#c.Score,=,0,u.Views,<=,241,u.CreationDate,=,1316706316#55
comments c,postHistory ph,users u#u.Id=c.UserId,c.UserId=ph.UserId#c.Score,=,0,ph.PostHistoryTypeId,=,2,u.DownVotes,<=,1#957293
comments c,postHistory ph,users u#u.Id=c.UserId,c.UserId=ph.UserId#c.Score,=,0,ph.CreationDate,>=,1293787131,u.DownVotes,<=,0#2266795
comments c,postHistory ph,users u#u.Id=c.UserId,c.UserId=ph.UserId#ph.CreationDate,>=,1301135049,ph.CreationDate,<=,1404575074,u.DownVotes,<=,0#2267060
comments c,postHistory ph,users u#u.Id=c.UserId,c.UserId=ph.UserId#c.Score,=,0,u.Reputation,>=,1,u.DownVotes,>=,0#167312466
comments c,postHistory ph,users u#u.Id=c.UserId,c.UserId=ph.UserId#ph.PostHistoryTypeId,=,2,u.Reputation,>=,1,u.Reputation,<=,116#125179
comments c,postHistory ph,users u#u.Id=c.UserId,c.UserId=ph.UserId#c.Score,=,0,u.Views,>=,0,u.Views,<=,33#749177
comments c,postHistory ph,users u#u.Id=c.UserId,c.UserId=ph.UserId#ph.CreationDate,>=,1280174960,u.Reputation,=,11,u.Views,>=,0#11930
comments c,postHistory ph,users u#u.Id=c.UserId,c.UserId=ph.UserId#c.Score,=,0,ph.CreationDate,>=,1282179020,u.DownVotes,=,0#2327082
comments c,postHistory ph,users u#u.Id=c.UserId,c.UserId=ph.UserId#c.Score,=,0,u.Views,<=,16,u.CreationDate,>=,1282119216#406832
comments c,postHistory ph,users u#u.Id=c.UserId,c.UserId=ph.UserId#c.Score,=,0,ph.CreationDate,>=,1281165787,u.Reputation,<=,152#545464
comments c,postHistory ph,users u#u.Id=c.UserId,c.UserId=ph.UserId#ph.PostHistoryTypeId,=,2,u.UpVotes,>=,0,u.UpVotes,<=,215#3742579
comments c,postHistory ph,users u#u.Id=c.UserId,c.UserId=ph.UserId#ph.CreationDate,>=,1299582474,u.Reputation,>=,1,u.Reputation,<=,1293#3225662
comments c,postHistory ph,users u#u.Id=c.UserId,c.UserId=ph.UserId#ph.CreationDate,>=,1280441072,u.Views,>=,0,u.CreationDate,<=,1410438521#262858288
comments c,postHistory ph,users u#u.Id=c.UserId,c.UserId=ph.UserId#c.Score,=,0,u.Reputation,>=,1,u.Views,<=,131#2310262
comments c,postHistory ph,users u#u.Id=c.UserId,c.UserId=ph.UserId#ph.PostHistoryTypeId,=,5,u.Reputation,>=,1,u.CreationDate,>=,1281279138#67677930
comments c,postHistory ph,users u#u.Id=c.UserId,c.UserId=ph.UserId#c.Score,=,1,ph.CreationDate,<=,1409203197,u.CreationDate,<=,1409796419#55377640
comments c,postHistory ph,users u#u.Id=c.UserId,c.UserId=ph.UserId#ph.CreationDate,>=,1284620985,u.UpVotes,>=,0,u.CreationDate,<=,1410320475#260609864
comments c,postHistory ph,users u#u.Id=c.UserId,c.UserId=ph.UserId#ph.PostHistoryTypeId,=,1,u.Reputation,>=,1,u.Reputation,<=,451#341163
comments c,postHistory ph,users u#u.Id=c.UserId,c.UserId=ph.UserId#ph.CreationDate,<=,1409653291,u.Reputation,>=,1,u.CreationDate,<=,1410439349#259448341
comments c,postHistory ph,users u#u.Id=c.UserId,c.UserId=ph.UserId#ph.PostHistoryTypeId,=,3,u.DownVotes,<=,2,u.UpVotes,<=,26#275268
comments c,postHistory ph,users u#u.Id=c.UserId,c.UserId=ph.UserId#c.Score,=,0,ph.PostHistoryTypeId,=,2,u.UpVotes,>=,0#35887821
comments c,postHistory ph,users u#u.Id=c.UserId,c.UserId=ph.UserId#c.CreationDate,<=,1410520704,ph.CreationDate,>=,1280137871,ph.CreationDate,<=,1410272896#261228888
comments c,postHistory ph,users u#u.Id=c.UserId,c.UserId=ph.UserId#c.Score,=,0,c.CreationDate,>=,1280777361,ph.PostHistoryTypeId,=,5#71629974
comments c,postHistory ph,users u#u.Id=c.UserId,c.UserId=ph.UserId#c.Score,=,0,ph.PostHistoryTypeId,=,2,ph.CreationDate,>=,1279673048#35859882
comments c,postHistory ph,users u#u.Id=c.UserId,c.UserId=ph.UserId#u.Reputation,>=,1,u.UpVotes,>=,0,u.UpVotes,<=,81#3854444
comments c,postHistory ph,users u#u.Id=c.UserId,c.UserId=ph.UserId#ph.PostHistoryTypeId,=,5,u.UpVotes,<=,10,u.CreationDate,<=,1410602067#124188
comments c,postHistory ph,users u#u.Id=c.UserId,c.UserId=ph.UserId#c.CreationDate,<=,1410447223,u.Reputation,<=,364,u.CreationDate,>=,1299523848#1096280
comments c,postHistory ph,users u#u.Id=c.UserId,c.UserId=ph.UserId#c.Score,=,0,ph.CreationDate,<=,1410475332,u.Views,>=,0#166969659
comments c,postHistory ph,users u#u.Id=c.UserId,c.UserId=ph.UserId#c.CreationDate,>=,1280603605,c.CreationDate,<=,1410575583,u.UpVotes,>=,0#262073471
comments c,postHistory ph,users u#u.Id=c.UserId,c.UserId=ph.UserId#ph.CreationDate,>=,1291857285,u.Views,<=,38,u.CreationDate,<=,1406949552#905003
comments c,postHistory ph,users u#u.Id=c.UserId,c.UserId=ph.UserId#ph.PostHistoryTypeId,=,6,u.CreationDate,>=,1297768355,u.CreationDate,<=,1404265589#8225522
comments c,postHistory ph,users u#u.Id=c.UserId,c.UserId=ph.UserId#c.Score,=,1,ph.CreationDate,>=,1289069980,u.UpVotes,<=,374#1661655
comments c,postHistory ph,users u#u.Id=c.UserId,c.UserId=ph.UserId#u.Reputation,>=,1,u.DownVotes,=,0,u.CreationDate,<=,1410373294#2574498
comments c,postHistory ph,users u#u.Id=c.UserId,c.UserId=ph.UserId#ph.PostHistoryTypeId,=,1,ph.CreationDate,<=,1406640041,u.DownVotes,<=,0#519520
comments c,postHistory ph,users u#u.Id=c.UserId,c.UserId=ph.UserId#u.Views,>=,0,u.Views,<=,53,u.UpVotes,<=,29#902490
comments c,postHistory ph,users u#u.Id=c.UserId,c.UserId=ph.UserId#ph.CreationDate,>=,1280163116,u.UpVotes,>=,0,u.UpVotes,<=,63#3505075
comments c,postHistory ph,users u#u.Id=c.UserId,c.UserId=ph.UserId#c.CreationDate,>=,1281537544,c.CreationDate,<=,1410630988,u.Views,<=,20#523084
comments c,postHistory ph,users u#u.Id=c.UserId,c.UserId=ph.UserId#c.CreationDate,<=,1410301991,u.Reputation,>=,1,u.DownVotes,<=,1#3200493
comments c,postHistory ph,users u#u.Id=c.UserId,c.UserId=ph.UserId#u.Reputation,<=,2908,u.DownVotes,<=,0,u.UpVotes,>=,0#1971247
comments c,postHistory ph,users u#u.Id=c.UserId,c.UserId=ph.UserId#c.Score,=,0,ph.PostHistoryTypeId,=,4,u.DownVotes,<=,49#1740535
comments c,postHistory ph,users u#u.Id=c.UserId,c.UserId=ph.UserId#u.Reputation,>=,1,u.UpVotes,>=,0,u.UpVotes,<=,21#1201876
comments c,postHistory ph,users u#u.Id=c.UserId,c.UserId=ph.UserId#c.Score,=,0,u.Reputation,>=,1,u.CreationDate,>=,1302364798#38804957
comments c,postHistory ph,users u#u.Id=c.UserId,c.UserId=ph.UserId#ph.CreationDate,>=,1280188918,u.UpVotes,<=,406,u.CreationDate,>=,1281758151#17241229
comments c,postHistory ph,users u#u.Id=c.UserId,c.UserId=ph.UserId#c.Score,=,0,ph.PostHistoryTypeId,=,3,u.Views,<=,72#290398
comments c,postHistory ph,users u#u.Id=c.UserId,c.UserId=ph.UserId#c.Score,=,0,u.Reputation,=,1,u.UpVotes,<=,14#10719
comments c,postHistory ph,users u#u.Id=c.UserId,c.UserId=ph.UserId#c.Score,=,0,ph.PostHistoryTypeId,=,2,u.DownVotes,=,0#768899
comments c,postHistory ph,users u#u.Id=c.UserId,c.UserId=ph.UserId#c.Score,=,0,ph.PostHistoryTypeId,=,1,u.CreationDate,<=,1410209681#1457948
comments c,postHistory ph,users u#u.Id=c.UserId,c.UserId=ph.UserId#c.Score,=,0,c.CreationDate,>=,1282237983,ph.CreationDate,<=,1408035653#160699480
comments c,postHistory ph,users u#u.Id=c.UserId,c.UserId=ph.UserId#u.Views,>=,0,u.Views,<=,73,u.CreationDate,<=,1409262380#1588868
comments c,postHistory ph,users u#u.Id=c.UserId,c.UserId=ph.UserId#c.CreationDate,<=,1410633660,u.Views,>=,0,u.CreationDate,<=,1410292695#263013629
comments c,postHistory ph,users u#u.Id=c.UserId,c.UserId=ph.UserId#ph.PostHistoryTypeId,=,2,ph.CreationDate,<=,1408850616,u.UpVotes,>=,0#53501015
comments c,postHistory ph,users u#u.Id=c.UserId,c.UserId=ph.UserId#c.CreationDate,>=,1279636732,ph.PostHistoryTypeId,=,3,u.Views,=,0#6126
comments c,postHistory ph,users u#u.Id=c.UserId,c.UserId=ph.UserId#c.Score,=,0,u.Reputation,>=,1,u.Reputation,<=,1159#2737958
comments c,postHistory ph,users u#u.Id=c.UserId,c.UserId=ph.UserId#ph.CreationDate,<=,1406384973,u.CreationDate,>=,1303823292,u.CreationDate,<=,1410106878#55722973
comments c,postHistory ph,users u#u.Id=c.UserId,c.UserId=ph.UserId#u.Reputation,>=,1,u.Reputation,<=,3016,u.CreationDate,>=,1289003616#5271339
comments c,postHistory ph,users u#u.Id=c.UserId,c.UserId=ph.UserId#ph.CreationDate,>=,1282815381,u.UpVotes,=,19,u.CreationDate,>=,1296027737#25805
comments c,postHistory ph,users u#u.Id=c.UserId,c.UserId=ph.UserId#ph.PostHistoryTypeId,=,4,u.CreationDate,>=,1297027800,u.CreationDate,<=,1410269816#7391365
comments c,postHistory ph,users u#u.Id=c.UserId,c.UserId=ph.UserId#c.CreationDate,>=,1279645885,ph.PostHistoryTypeId,=,5,u.CreationDate,>=,1291393981#32740916
comments c,postHistory ph,users u#u.Id=c.UserId,c.UserId=ph.UserId#u.Views,>=,0,u.CreationDate,>=,1280195879,u.CreationDate,<=,1410206619#253192552
comments c,postHistory ph,users u#u.Id=c.UserId,c.UserId=ph.UserId#ph.PostHistoryTypeId,=,1,ph.CreationDate,>=,1290997975,u.Reputation,>=,1#1627263
comments c,postHistory ph,users u#u.Id=c.UserId,c.UserId=ph.UserId#u.Reputation,<=,321,u.UpVotes,>=,0,u.CreationDate,>=,1279741873#1106613
comments c,postHistory ph,users u#u.Id=c.UserId,c.UserId=ph.UserId#c.Score,=,0,u.Reputation,>=,1,u.Reputation,<=,436#1338903
comments c,postHistory ph,users u#u.Id=c.UserId,c.UserId=ph.UserId#ph.PostHistoryTypeId,=,1,ph.CreationDate,<=,1410460337,u.Reputation,<=,1815#711292
comments c,postHistory ph,users u#u.Id=c.UserId,c.UserId=ph.UserId#ph.CreationDate,>=,1301864673,ph.CreationDate,<=,1407892934,u.CreationDate,>=,1281646133#161107154
comments c,postHistory ph,users u#u.Id=c.UserId,c.UserId=ph.UserId#c.Score,=,0,ph.PostHistoryTypeId,=,5,u.DownVotes,<=,6#1499108
comments c,postHistory ph,users u#u.Id=c.UserId,c.UserId=ph.UserId#u.Views,<=,11,u.DownVotes,<=,30,u.UpVotes,>=,0#320610
comments c,postHistory ph,users u#u.Id=c.UserId,c.UserId=ph.UserId#c.CreationDate,>=,1279584626,c.CreationDate,<=,1409924099,u.DownVotes,>=,0#260347436
comments c,postHistory ph,users u#u.Id=c.UserId,c.UserId=ph.UserId#ph.PostHistoryTypeId,=,2,u.Reputation,>=,1,u.CreationDate,>=,1279566740#54541179
comments c,postHistory ph,users u#u.Id=c.UserId,c.UserId=ph.UserId#ph.CreationDate,<=,1410450030,u.Views,<=,41,u.DownVotes,<=,2#936527
comments c,postHistory ph,users u#u.Id=c.UserId,c.UserId=ph.UserId#ph.CreationDate,>=,1307394851,ph.CreationDate,<=,1406724822,u.Reputation,<=,402#1160636
comments c,postHistory ph,users u#u.Id=c.UserId,c.UserId=ph.UserId#c.Score,=,2,ph.PostHistoryTypeId,=,1,u.Reputation,>=,1#68646
comments c,postHistory ph,users u#u.Id=c.UserId,c.UserId=ph.UserId#c.Score,=,0,ph.CreationDate,=,1331679225,u.CreationDate,<=,1410338299#57
comments c,postHistory ph,users u#u.Id=c.UserId,c.UserId=ph.UserId#c.Score,=,1,ph.CreationDate,<=,1408508978,u.UpVotes,>=,0#54933941
comments c,postHistory ph,users u#u.Id=c.UserId,c.UserId=ph.UserId#ph.CreationDate,=,1394186744,u.Reputation,>=,1,u.UpVotes,>=,0#4
comments c,postHistory ph,users u#u.Id=c.UserId,c.UserId=ph.UserId#c.Score,=,1,u.DownVotes,=,0,u.UpVotes,<=,42#80827
comments c,postHistory ph,users u#u.Id=c.UserId,c.UserId=ph.UserId#u.Reputation,>=,1,u.DownVotes,>=,0,u.UpVotes,=,0#178983
comments c,postHistory ph,users u#u.Id=c.UserId,c.UserId=ph.UserId#ph.CreationDate,>=,1297758155,u.CreationDate,>=,1301633132,u.CreationDate,<=,1410243186#58937715
comments c,postHistory ph,users u#u.Id=c.UserId,c.UserId=ph.UserId#c.Score,=,0,u.Views,>=,0,u.Views,<=,68#1355682
comments c,postHistory ph,users u#u.Id=c.UserId,c.UserId=ph.UserId#c.Score,=,0,u.CreationDate,>=,1279574943,u.CreationDate,<=,1409066675#162673185
comments c,postHistory ph,users u#u.Id=c.UserId,c.UserId=ph.UserId#u.Views,<=,1319,u.DownVotes,>=,0,u.DownVotes,<=,0#2574785
comments c,postHistory ph,users u#u.Id=c.UserId,c.UserId=ph.UserId#c.CreationDate,<=,1409771101,u.UpVotes,=,0,u.CreationDate,>=,1288078099#174553
comments c,postHistory ph,users u#u.Id=c.UserId,c.UserId=ph.UserId#ph.PostHistoryTypeId,=,4,ph.CreationDate,<=,1409520770,u.Views,>=,0#26190078
comments c,postHistory ph,users u#u.Id=c.UserId,c.UserId=ph.UserId#ph.CreationDate,=,1389379031,u.Reputation,<=,212,u.Views,<=,69#3
comments c,postHistory ph,users u#u.Id=c.UserId,c.UserId=ph.UserId#c.Score,=,2,u.Reputation,>=,1,u.CreationDate,<=,1410519561#22644429
comments c,postHistory ph,users u#u.Id=c.UserId,c.UserId=ph.UserId#c.Score,=,1,u.CreationDate,>=,1303118096,u.CreationDate,<=,1407960315#11828900
comments c,postHistory ph,users u#u.Id=c.UserId,c.UserId=ph.UserId#u.Reputation,>=,1,u.Reputation,<=,197,u.Views,<=,43#564858
comments c,postHistory ph,users u#u.Id=c.UserId,c.UserId=ph.UserId#c.Score,=,0,u.Reputation,>=,1,u.CreationDate,>=,1280761292#158769540
comments c,postHistory ph,users u#u.Id=c.UserId,c.UserId=ph.UserId#c.CreationDate,<=,1410372673,u.Reputation,>=,1,u.Reputation,<=,138#529171
comments c,postHistory ph,users u#u.Id=c.UserId,c.UserId=ph.UserId#c.Score,=,0,u.Views,<=,98,u.DownVotes,<=,0#1339808
comments c,postHistory ph,users u#u.Id=c.UserId,c.UserId=ph.UserId#ph.PostHistoryTypeId,=,2,u.UpVotes,>=,0,u.UpVotes,<=,326#4960565
comments c,postHistory ph,users u#u.Id=c.UserId,c.UserId=ph.UserId#u.Views,=,1,u.UpVotes,>=,0,u.CreationDate,<=,1408903982#28289
comments c,postHistory ph,users u#u.Id=c.UserId,c.UserId=ph.UserId#ph.CreationDate,<=,1403268489,u.DownVotes,>=,0,u.UpVotes,<=,183#6426913
comments c,postHistory ph,users u#u.Id=c.UserId,c.UserId=ph.UserId#c.Score,=,0,ph.PostHistoryTypeId,=,3,u.UpVotes,<=,105#498500
comments c,postHistory ph,users u#u.Id=c.UserId,c.UserId=ph.UserId#c.CreationDate,>=,1279799984,c.CreationDate,<=,1410526387,u.CreationDate,<=,1410024606#262527879
comments c,postHistory ph,users u#u.Id=c.UserId,c.UserId=ph.UserId#c.CreationDate,=,1404328202,ph.CreationDate,>=,1284640543,u.DownVotes,>=,0#3
comments c,postHistory ph,users u#u.Id=c.UserId,c.UserId=ph.UserId#c.CreationDate,>=,1280431796,u.Views,>=,0,u.UpVotes,>=,0#262303136
comments c,postHistory ph,users u#u.Id=c.UserId,c.UserId=ph.UserId#u.DownVotes,>=,0,u.DownVotes,<=,1,u.UpVotes,=,1#61048
comments c,postHistory ph,users u#u.Id=c.UserId,c.UserId=ph.UserId#c.Score,=,1,ph.PostHistoryTypeId,=,5,ph.CreationDate,>=,1285657494#23654157
comments c,postHistory ph,users u#u.Id=c.UserId,c.UserId=ph.UserId#c.CreationDate,>=,1282029038,c.CreationDate,<=,1410639135,u.UpVotes,>=,0#261661727
comments c,postHistory ph,users u#u.Id=c.UserId,c.UserId=ph.UserId#ph.PostHistoryTypeId,=,2,u.UpVotes,>=,0,u.UpVotes,<=,2156#15651498
comments c,postHistory ph,users u#u.Id=c.UserId,c.UserId=ph.UserId#ph.PostHistoryTypeId,=,5,u.Reputation,<=,649,u.CreationDate,<=,1410066808#365734
comments c,postHistory ph,users u#u.Id=c.UserId,c.UserId=ph.UserId#c.CreationDate,>=,1280253561,ph.PostHistoryTypeId,=,1,ph.CreationDate,<=,1410250381#1783971
comments c,postHistory ph,users u#u.Id=c.UserId,c.UserId=ph.UserId#c.Score,=,2,ph.CreationDate,>=,1300654343,u.CreationDate,>=,1281384540#15867415
comments c,postHistory ph,users u#u.Id=c.UserId,c.UserId=ph.UserId#u.Reputation,<=,11860,u.Views,<=,29,u.UpVotes,=,0#141047
comments c,postHistory ph,users u#u.Id=c.UserId,c.UserId=ph.UserId#c.Score,=,1,u.DownVotes,<=,1,u.UpVotes,<=,111#172863
comments c,postHistory ph,users u#u.Id=c.UserId,c.UserId=ph.UserId#ph.CreationDate,>=,1281076326,ph.CreationDate,<=,1409777189,u.Views,<=,10#283732
comments c,postHistory ph,users u#u.Id=c.UserId,c.UserId=ph.UserId#c.CreationDate,>=,1280943020,ph.PostHistoryTypeId,=,5,u.UpVotes,<=,94#1060152
comments c,postHistory ph,users u#u.Id=c.UserId,c.UserId=ph.UserId#c.Score,=,0,u.Reputation,>=,1,u.DownVotes,>=,0#167312466
comments c,postHistory ph,users u#u.Id=c.UserId,c.UserId=ph.UserId#ph.PostHistoryTypeId,=,5,u.UpVotes,<=,3481,u.CreationDate,<=,1409224993#23482264
comments c,postHistory ph,users u#u.Id=c.UserId,c.UserId=ph.UserId#u.Reputation,=,1,u.DownVotes,=,0,u.UpVotes,>=,0#13428
comments c,postHistory ph,users u#u.Id=c.UserId,c.UserId=ph.UserId#c.Score,=,0,c.CreationDate,<=,1410473522,ph.PostHistoryTypeId,=,2#35808780
comments c,postHistory ph,users u#u.Id=c.UserId,c.UserId=ph.UserId#c.CreationDate,>=,1233586250,ph.PostHistoryTypeId,=,5,u.CreationDate,>=,1287081032#33969824
comments c,postHistory ph,users u#u.Id=c.UserId,c.UserId=ph.UserId#c.Score,=,0,u.Views,<=,47,u.DownVotes,>=,0#1008789
comments c,postHistory ph,users u#u.Id=c.UserId,c.UserId=ph.UserId#c.CreationDate,>=,1280773710,c.CreationDate,<=,1410625765,ph.CreationDate,>=,1289134448#255684920
comments c,postHistory ph,users u#u.Id=c.UserId,c.UserId=ph.UserId#ph.PostHistoryTypeId,=,5,u.Views,<=,1089,u.UpVotes,>=,0#6820599
comments c,postHistory ph,users u#u.Id=c.UserId,c.UserId=ph.UserId#c.CreationDate,>=,1283783002,c.CreationDate,<=,1410533318,u.Views,<=,59#1298434
comments c,postHistory ph,users u#u.Id=c.UserId,c.UserId=ph.UserId#u.Reputation,>=,1,u.Reputation,<=,926,u.DownVotes,>=,0#2662514
comments c,postHistory ph,users u#u.Id=c.UserId,c.UserId=ph.UserId#c.CreationDate,<=,1410325043,u.Views,<=,25,u.UpVotes,>=,0#630218
comments c,postHistory ph,users u#u.Id=c.UserId,c.UserId=ph.UserId#c.Score,=,0,ph.CreationDate,<=,1410426186,u.CreationDate,<=,1409820436#166832720
comments c,postHistory ph,users u#u.Id=c.UserId,c.UserId=ph.UserId#c.CreationDate,<=,1410546025,u.UpVotes,>=,0,u.UpVotes,<=,1230#28238177
comments c,postHistory ph,users u#u.Id=c.UserId,c.UserId=ph.UserId#c.Score,=,0,ph.PostHistoryTypeId,=,2,u.Reputation,>=,1#35887821
comments c,postHistory ph,users u#u.Id=c.UserId,c.UserId=ph.UserId#c.CreationDate,>=,1239523985,ph.CreationDate,>=,1287753777,u.DownVotes,<=,0#2509255
comments c,postHistory ph,users u#u.Id=c.UserId,c.UserId=ph.UserId#c.Score,=,1,ph.PostHistoryTypeId,=,2,u.CreationDate,<=,1408527001#11363490
comments c,postHistory ph,users u#u.Id=c.UserId,c.UserId=ph.UserId#ph.CreationDate,<=,1403022008,u.DownVotes,>=,0,u.CreationDate,>=,1286047610#65620198
comments c,postHistory ph,users u#u.Id=c.UserId,c.UserId=ph.UserId#u.Reputation,>=,1,u.Views,<=,32,u.CreationDate,>=,1286821256#780668
comments c,postHistory ph,users u#u.Id=c.UserId,c.UserId=ph.UserId#c.Score,=,0,c.CreationDate,<=,1410381943,u.Reputation,>=,1#166724572
comments c,postHistory ph,users u#u.Id=c.UserId,c.UserId=ph.UserId#ph.CreationDate,>=,1279617209,u.DownVotes,>=,0,u.DownVotes,<=,0#2573642
comments c,postHistory ph,users u#u.Id=c.UserId,c.UserId=ph.UserId#ph.PostHistoryTypeId,=,2,u.DownVotes,<=,0,u.UpVotes,=,0#65243
comments c,postHistory ph,users u#u.Id=c.UserId,c.UserId=ph.UserId#ph.CreationDate,>=,1291783869,u.CreationDate,>=,1280780821,u.CreationDate,<=,1408630515#244031131
comments c,postHistory ph,users u#u.Id=c.UserId,c.UserId=ph.UserId#c.Score,=,0,u.DownVotes,>=,0,u.UpVotes,>=,0#167312466
comments c,postHistory ph,users u#u.Id=c.UserId,c.UserId=ph.UserId#u.Reputation,>=,1,u.DownVotes,>=,0,u.UpVotes,=,35#14076
comments c,postHistory ph,users u#u.Id=c.UserId,c.UserId=ph.UserId#c.Score,=,0,u.DownVotes,>=,0,u.UpVotes,>=,0#167312466
comments c,postHistory ph,users u#u.Id=c.UserId,c.UserId=ph.UserId#c.CreationDate,<=,1410310768,u.Reputation,<=,566,u.UpVotes,=,2#72114
comments c,postHistory ph,users u#u.Id=c.UserId,c.UserId=ph.UserId#ph.PostHistoryTypeId,=,1,u.Reputation,<=,136,u.Views,<=,25#90200
comments c,postHistory ph,users u#u.Id=c.UserId,c.UserId=ph.UserId#ph.PostHistoryTypeId,=,6,ph.CreationDate,>=,1309993424,u.DownVotes,<=,0#34442
comments c,postHistory ph,users u#u.Id=c.UserId,c.UserId=ph.UserId#ph.PostHistoryTypeId,=,13,ph.CreationDate,>=,1305143031,ph.CreationDate,<=,1404742741#606036
comments c,postHistory ph,users u#u.Id=c.UserId,c.UserId=ph.UserId#ph.PostHistoryTypeId,=,5,ph.CreationDate,>=,1279583881,u.Reputation,=,1#1869
comments c,postHistory ph,users u#u.Id=c.UserId,c.UserId=ph.UserId#ph.PostHistoryTypeId,=,2,u.Views,>=,0,u.DownVotes,>=,0#54616744
comments c,postHistory ph,users u#u.Id=c.UserId,c.UserId=ph.UserId#c.CreationDate,<=,1410154439,u.Views,=,0,u.UpVotes,<=,460#22373
comments c,postHistory ph,users u#u.Id=c.UserId,c.UserId=ph.UserId#ph.PostHistoryTypeId,=,2,ph.CreationDate,>=,1281966124,ph.CreationDate,<=,1410101448#53944151
comments c,postHistory ph,users u#u.Id=c.UserId,c.UserId=ph.UserId#ph.PostHistoryTypeId,=,2,ph.CreationDate,<=,1408613730,u.Views,>=,0#53361454
comments c,postHistory ph,users u#u.Id=c.UserId,c.UserId=ph.UserId#c.Score,=,0,u.Views,>=,0,u.DownVotes,<=,1#2870054
comments c,postHistory ph,users u#u.Id=c.UserId,c.UserId=ph.UserId#c.Score,=,0,u.Views,>=,0,u.Views,<=,80#1633633
comments c,postHistory ph,users u#u.Id=c.UserId,c.UserId=ph.UserId#u.Reputation,>=,1,u.Reputation,<=,852,u.CreationDate,<=,1407830572#2464547
comments c,postHistory ph,users u#u.Id=c.UserId,c.UserId=ph.UserId#ph.CreationDate,>=,1294638659,ph.CreationDate,<=,1409946340,u.UpVotes,>=,0#249777366
comments c,postHistory ph,users u#u.Id=c.UserId,c.UserId=ph.UserId#c.Score,=,0,u.CreationDate,>=,1279615619,u.CreationDate,<=,1407359909#161045253
comments c,postHistory ph,users u#u.Id=c.UserId,c.UserId=ph.UserId#c.CreationDate,>=,1233586250,u.Views,=,0,u.CreationDate,<=,1409940268#22669
comments c,postHistory ph,users u#u.Id=c.UserId,c.UserId=ph.UserId#u.Reputation,<=,311,u.UpVotes,<=,72,u.CreationDate,<=,1410414406#1004557
comments c,postHistory ph,users u#u.Id=c.UserId,c.UserId=ph.UserId#c.CreationDate,>=,1280240250,ph.PostHistoryTypeId,=,1,u.Reputation,>=,1#1789339
comments c,postHistory ph,users u#u.Id=c.UserId,c.UserId=ph.UserId#c.CreationDate,>=,1280318804,c.CreationDate,<=,1410441199,u.Reputation,<=,596#1771141
comments c,postHistory ph,users u#u.Id=c.UserId,c.UserId=ph.UserId#c.CreationDate,<=,1409587570,ph.PostHistoryTypeId,=,3,u.DownVotes,<=,0#531983
comments c,votes v,users u#u.Id=c.UserId,u.Id=v.UserId#u.DownVotes,>=,0,u.DownVotes,<=,0,u.CreationDate,<=,1408459840#291254
comments c,votes v,users u#u.Id=c.UserId,u.Id=v.UserId#c.CreationDate,>=,1279714854,u.Reputation,=,152,u.CreationDate,<=,1410315980#1186
comments c,votes v,users u#u.Id=c.UserId,u.Id=v.UserId#v.BountyAmount,>=,0,v.BountyAmount,<=,50,u.UpVotes,=,11#187
comments c,votes v,users u#u.Id=c.UserId,u.Id=v.UserId#v.VoteTypeId,=,5,v.CreationDate,=,1376697600,u.CreationDate,<=,1408046544#9868
comments c,votes v,users u#u.Id=c.UserId,u.Id=v.UserId#c.Score,=,0,u.Reputation,<=,312,u.CreationDate,<=,1409322968#125694
comments c,votes v,users u#u.Id=c.UserId,u.Id=v.UserId#c.Score,=,1,u.DownVotes,>=,0,u.DownVotes,<=,4#68081
comments c,votes v,users u#u.Id=c.UserId,u.Id=v.UserId#v.BountyAmount,>=,0,v.BountyAmount,<=,100,u.UpVotes,<=,22#6670
comments c,votes v,users u#u.Id=c.UserId,u.Id=v.UserId#v.BountyAmount,<=,100,v.CreationDate,>=,1233532800,v.CreationDate,<=,1410220800#459452
comments c,votes v,users u#u.Id=c.UserId,u.Id=v.UserId#u.Views,>=,0,u.UpVotes,<=,80,u.CreationDate,>=,1287989011#233364
comments c,votes v,users u#u.Id=c.UserId,u.Id=v.UserId#v.BountyAmount,>=,0,v.BountyAmount,<=,100,u.UpVotes,=,0#200
comments c,votes v,users u#u.Id=c.UserId,u.Id=v.UserId#c.CreationDate,<=,1410543514,u.UpVotes,>=,0,u.UpVotes,<=,11#40855
comments c,votes v,users u#u.Id=c.UserId,u.Id=v.UserId#c.Score,=,3,u.Reputation,>=,1,u.Reputation,<=,497#1328
comments c,votes v,users u#u.Id=c.UserId,u.Id=v.UserId#c.Score,=,2,c.CreationDate,>=,1280375232,u.CreationDate,=,1337627787#20
comments c,votes v,users u#u.Id=c.UserId,u.Id=v.UserId#c.Score,=,1,u.Views,>=,0,u.UpVotes,>=,0#2202146
comments c,votes v,users u#u.Id=c.UserId,u.Id=v.UserId#u.Views,<=,37,u.UpVotes,>=,0,u.UpVotes,<=,28#54404
comments c,votes v,users u#u.Id=c.UserId,u.Id=v.UserId#v.CreationDate,>=,1279584000,v.CreationDate,<=,1410220800,u.DownVotes,<=,1#446428
comments c,votes v,users u#u.Id=c.UserId,u.Id=v.UserId#c.Score,=,0,v.BountyAmount,<=,50,v.CreationDate,=,1402012800#21
comments c,votes v,users u#u.Id=c.UserId,u.Id=v.UserId#v.CreationDate,>=,1279497600,u.DownVotes,=,0,u.CreationDate,<=,1410466649#291350
comments c,votes v,users u#u.Id=c.UserId,u.Id=v.UserId#c.CreationDate,>=,1279909850,u.Reputation,>=,1,u.Reputation,<=,6524#1838011
comments c,votes v,users u#u.Id=c.UserId,u.Id=v.UserId#u.DownVotes,>=,0,u.UpVotes,<=,225,u.CreationDate,<=,1408947297#611651
comments c,votes v,users u#u.Id=c.UserId,u.Id=v.UserId#c.Score,=,0,u.UpVotes,>=,0,u.UpVotes,<=,17#61891
comments c,votes v,users u#u.Id=c.UserId,u.Id=v.UserId#u.Views,<=,222,u.DownVotes,>=,0,u.CreationDate,>=,1291723153#563295
comments c,votes v,users u#u.Id=c.UserId,u.Id=v.UserId#v.BountyAmount,<=,50,u.DownVotes,>=,0,u.DownVotes,<=,0#12154
comments c,votes v,users u#u.Id=c.UserId,u.Id=v.UserId#c.CreationDate,>=,1280968562,v.BountyAmount,<=,200,v.CreationDate,<=,1409875200#501666
comments c,votes v,users u#u.Id=c.UserId,u.Id=v.UserId#v.BountyAmount,<=,100,v.CreationDate,>=,1279584000,u.UpVotes,=,0#200
comments c,votes v,users u#u.Id=c.UserId,u.Id=v.UserId#c.CreationDate,<=,1410209549,u.Views,>=,0,u.Views,<=,19#53843
comments c,votes v,users u#u.Id=c.UserId,u.Id=v.UserId#u.Reputation,<=,351,u.DownVotes,>=,0,u.CreationDate,<=,1410158113#156454
comments c,votes v,users u#u.Id=c.UserId,u.Id=v.UserId#c.Score,=,1,u.DownVotes,<=,2,u.UpVotes,>=,0#52915
comments c,votes v,users u#u.Id=c.UserId,u.Id=v.UserId#c.Score,=,0,v.BountyAmount,>=,0,u.Views,>=,0#347005
comments c,votes v,users u#u.Id=c.UserId,u.Id=v.UserId#c.CreationDate,<=,1410283417,v.CreationDate,>=,1280102400,u.CreationDate,<=,1409696686#10957932
comments c,votes v,users u#u.Id=c.UserId,u.Id=v.UserId#v.BountyAmount,>=,0,u.DownVotes,=,0,u.CreationDate,>=,1285852317#14114
comments c,votes v,users u#u.Id=c.UserId,u.Id=v.UserId#u.Reputation,>=,1,u.DownVotes,>=,0,u.DownVotes,<=,0#291353
comments c,votes v,users u#u.Id=c.UserId,u.Id=v.UserId#u.Reputation,>=,1,u.Reputation,<=,1058,u.Views,=,16#2352
comments c,votes v,users u#u.Id=c.UserId,u.Id=v.UserId#v.CreationDate,>=,1279670400,v.CreationDate,<=,1410220800,u.Views,>=,0#11024188
comments c,votes v,users u#u.Id=c.UserId,u.Id=v.UserId#c.Score,=,0,v.CreationDate,>=,1279584000,u.DownVotes,<=,0#258828
comments c,votes v,users u#u.Id=c.UserId,u.Id=v.UserId#u.Views,>=,0,u.CreationDate,>=,1281958402,u.CreationDate,<=,1410442158#3575042
comments c,votes v,users u#u.Id=c.UserId,u.Id=v.UserId#c.Score,=,1,c.CreationDate,>=,1280786962,u.DownVotes,=,0#22842
comments c,votes v,users u#u.Id=c.UserId,u.Id=v.UserId#c.Score,=,1,v.BountyAmount,>=,0,v.CreationDate,<=,1410480000#100871
comments c,votes v,users u#u.Id=c.UserId,u.Id=v.UserId#v.CreationDate,>=,1280102400,v.CreationDate,<=,1409702400,u.DownVotes,<=,0#287433
comments c,votes v,users u#u.Id=c.UserId,u.Id=v.UserId#v.BountyAmount,<=,50,u.Views,>=,0,u.DownVotes,>=,0#356545
comments c,votes v,users u#u.Id=c.UserId,u.Id=v.UserId#u.Views,=,5,u.UpVotes,<=,125,u.CreationDate,<=,1408165991#1878
comments c,votes v,users u#u.Id=c.UserId,u.Id=v.UserId#v.VoteTypeId,=,5,v.CreationDate,>=,1279670400,u.DownVotes,<=,8#1068372
comments c,votes v,users u#u.Id=c.UserId,u.Id=v.UserId#u.Reputation,<=,1589,u.DownVotes,<=,1,u.CreationDate,>=,1279748304#292092
comments c,votes v,users u#u.Id=c.UserId,u.Id=v.UserId#u.Reputation,>=,1,u.Reputation,<=,7972,u.UpVotes,>=,0#1907485
comments c,votes v,users u#u.Id=c.UserId,u.Id=v.UserId#c.Score,=,2,u.DownVotes,>=,0,u.UpVotes,<=,100#6383
comments c,votes v,users u#u.Id=c.UserId,u.Id=v.UserId#u.Reputation,<=,233,u.CreationDate,>=,1279580629,u.CreationDate,<=,1409732771#95107
comments c,votes v,users u#u.Id=c.UserId,u.Id=v.UserId#c.CreationDate,<=,1410179717,u.Views,>=,0,u.Views,<=,24#66943
comments c,votes v,users u#u.Id=c.UserId,u.Id=v.UserId#u.Views,>=,0,u.DownVotes,=,0,u.CreationDate,<=,1407943038#291240
comments c,votes v,users u#u.Id=c.UserId,u.Id=v.UserId#u.Reputation,<=,428,u.DownVotes,<=,0,u.CreationDate,<=,1410487400#124010
comments c,votes v,users u#u.Id=c.UserId,u.Id=v.UserId#c.CreationDate,>=,1280275689,c.CreationDate,<=,1410539952,u.Reputation,<=,248#99110
comments c,votes v,users u#u.Id=c.UserId,u.Id=v.UserId#c.Score,=,0,c.CreationDate,>=,1281402350,c.CreationDate,<=,1409493670#7318537
comments c,votes v,users u#u.Id=c.UserId,u.Id=v.UserId#v.CreationDate,<=,1409184000,u.UpVotes,>=,0,u.UpVotes,<=,204#552818
comments c,votes v,users u#u.Id=c.UserId,u.Id=v.UserId#v.BountyAmount,<=,200,u.Reputation,>=,1,u.Reputation,<=,881#35005
comments c,votes v,users u#u.Id=c.UserId,u.Id=v.UserId#c.CreationDate,>=,1280956743,v.BountyAmount,>=,0,u.Reputation,<=,792#33787
comments c,votes v,users u#u.Id=c.UserId,u.Id=v.UserId#u.Views,<=,48,u.UpVotes,<=,323,u.CreationDate,<=,1410483190#151364
comments c,votes v,users u#u.Id=c.UserId,u.Id=v.UserId#u.Reputation,<=,644,u.DownVotes,<=,0,u.UpVotes,=,2#2624
comments c,votes v,users u#u.Id=c.UserId,u.Id=v.UserId#v.BountyAmount,>=,0,v.BountyAmount,<=,150,u.UpVotes,<=,75#21112
comments c,votes v,users u#u.Id=c.UserId,u.Id=v.UserId#c.Score,=,0,u.DownVotes,>=,0,u.DownVotes,<=,104#1853065
comments c,votes v,users u#u.Id=c.UserId,u.Id=v.UserId#u.Reputation,>=,1,u.Views,>=,0,u.Views,<=,194#567969
comments c,votes v,users u#u.Id=c.UserId,u.Id=v.UserId#u.Views,=,0,u.UpVotes,>=,0,u.CreationDate,<=,1409485767#1313
comments c,votes v,users u#u.Id=c.UserId,u.Id=v.UserId#u.Views,=,0,u.DownVotes,>=,0,u.DownVotes,<=,5#1313
comments c,votes v,users u#u.Id=c.UserId,u.Id=v.UserId#c.CreationDate,>=,1280182856,c.CreationDate,<=,1410085178,v.BountyAmount,<=,50#353048
comments c,votes v,users u#u.Id=c.UserId,u.Id=v.UserId#c.Score,=,2,c.CreationDate,<=,1410280364,u.CreationDate,<=,1409366370#785633
comments c,votes v,users u#u.Id=c.UserId,u.Id=v.UserId#v.BountyAmount,>=,0,u.Views,>=,0,u.UpVotes,>=,0#508124
comments c,votes v,users u#u.Id=c.UserId,u.Id=v.UserId#v.CreationDate,<=,1410480000,u.Views,>=,0,u.UpVotes,>=,0#11030585
comments c,votes v,users u#u.Id=c.UserId,u.Id=v.UserId#v.CreationDate,<=,1410480000,u.CreationDate,>=,1290437711,u.CreationDate,<=,1408545106#3348198
comments c,votes v,users u#u.Id=c.UserId,u.Id=v.UserId#c.CreationDate,>=,1280043464,v.CreationDate,<=,1410220800,u.Views,<=,276#692027
comments c,votes v,users u#u.Id=c.UserId,u.Id=v.UserId#v.BountyAmount,>=,0,v.CreationDate,=,1375747200,u.Views,<=,1088#349
comments c,votes v,users u#u.Id=c.UserId,u.Id=v.UserId#u.Reputation,>=,1,u.Reputation,<=,1293,u.CreationDate,<=,1409585815#522273
comments c,votes v,users u#u.Id=c.UserId,u.Id=v.UserId#u.Views,<=,35,u.CreationDate,>=,1279567798,u.CreationDate,<=,1410374107#105609
comments c,votes v,users u#u.Id=c.UserId,u.Id=v.UserId#v.BountyAmount,>=,0,v.BountyAmount,<=,50,u.UpVotes,>=,0#356545
comments c,votes v,users u#u.Id=c.UserId,u.Id=v.UserId#c.Score,=,0,u.UpVotes,=,0,u.CreationDate,>=,1290129753#3382
comments c,votes v,users u#u.Id=c.UserId,u.Id=v.UserId#c.CreationDate,<=,1409879741,u.Reputation,>=,1,u.DownVotes,>=,0#10910578
comments c,votes v,users u#u.Id=c.UserId,u.Id=v.UserId#c.Score,=,0,v.CreationDate,>=,1281052800,u.DownVotes,<=,0#257929
comments c,votes v,users u#u.Id=c.UserId,u.Id=v.UserId#c.CreationDate,=,1408540055,u.Reputation,>=,1,u.DownVotes,<=,0#3
comments c,votes v,users u#u.Id=c.UserId,u.Id=v.UserId#c.Score,=,0,u.Views,>=,0,u.Views,<=,23#57449
comments c,votes v,users u#u.Id=c.UserId,u.Id=v.UserId#c.Score,=,2,u.Reputation,<=,1097,u.CreationDate,<=,1408894182#10727
comments c,votes v,users u#u.Id=c.UserId,u.Id=v.UserId#c.Score,=,0,c.CreationDate,<=,1410328759,u.Reputation,<=,221#76028
comments c,votes v,users u#u.Id=c.UserId,u.Id=v.UserId#c.CreationDate,>=,1280951376,c.CreationDate,<=,1409955195,v.BountyAmount,>=,0#502152
comments c,votes v,users u#u.Id=c.UserId,u.Id=v.UserId#c.Score,=,2,u.UpVotes,>=,0,u.UpVotes,<=,35#1927
comments c,votes v,users u#u.Id=c.UserId,u.Id=v.UserId#c.CreationDate,>=,1279693012,v.CreationDate,>=,1279584000,v.CreationDate,<=,1410220800#11019962
comments c,votes v,users u#u.Id=c.UserId,u.Id=v.UserId#v.CreationDate,>=,1279497600,u.Views,<=,140,u.CreationDate,<=,1409106455#453663
comments c,votes v,users u#u.Id=c.UserId,u.Id=v.UserId#u.Reputation,>=,1,u.UpVotes,>=,0,u.CreationDate,<=,1410488403#11031325
comments c,votes v,users u#u.Id=c.UserId,u.Id=v.UserId#c.Score,=,0,u.CreationDate,>=,1279566536,u.CreationDate,<=,1410205617#7484097
comments c,votes v,users u#u.Id=c.UserId,u.Id=v.UserId#c.CreationDate,<=,1410505723,u.DownVotes,>=,0,u.DownVotes,<=,1#448116
comments c,votes v,users u#u.Id=c.UserId,u.Id=v.UserId#u.Reputation,>=,1,u.Reputation,<=,1969,u.UpVotes,>=,0#879452
comments c,votes v,users u#u.Id=c.UserId,u.Id=v.UserId#v.CreationDate,<=,1410393600,u.DownVotes,>=,0,u.DownVotes,<=,10#1135162
comments c,votes v,users u#u.Id=c.UserId,u.Id=v.UserId#c.Score,=,4,v.VoteTypeId,=,5,u.UpVotes,>=,0#119805
comments c,votes v,users u#u.Id=c.UserId,u.Id=v.UserId#c.CreationDate,<=,1408983082,u.Views,<=,137,u.UpVotes,>=,0#435116
comments c,votes v,users u#u.Id=c.UserId,u.Id=v.UserId#c.CreationDate,>=,1281366347,u.Reputation,<=,118,u.DownVotes,=,0#45560
comments c,votes v,users u#u.Id=c.UserId,u.Id=v.UserId#u.Reputation,>=,1,u.Views,<=,22,u.UpVotes,>=,0#62112
comments c,votes v,users u#u.Id=c.UserId,u.Id=v.UserId#v.BountyAmount,<=,150,u.DownVotes,>=,0,u.DownVotes,<=,1#20532
comments c,votes v,users u#u.Id=c.UserId,u.Id=v.UserId#v.CreationDate,<=,1410220800,u.Views,>=,0,u.Views,<=,21#59530
comments c,votes v,users u#u.Id=c.UserId,u.Id=v.UserId#v.CreationDate,>=,1279497600,u.DownVotes,>=,0,u.UpVotes,<=,46#152874
comments c,votes v,users u#u.Id=c.UserId,u.Id=v.UserId#v.CreationDate,<=,1410134400,u.CreationDate,>=,1291295820,u.CreationDate,<=,1410595208#3252157
comments c,votes v,users u#u.Id=c.UserId,u.Id=v.UserId#c.CreationDate,>=,1280242417,v.BountyAmount,>=,0,u.Views,=,0#14
comments c,votes v,users u#u.Id=c.UserId,u.Id=v.UserId#u.UpVotes,>=,0,u.UpVotes,<=,36,u.CreationDate,<=,1410265311#123028
comments c,votes v,users u#u.Id=c.UserId,u.Id=v.UserId#v.CreationDate,>=,1279497600,u.Views,<=,31,u.DownVotes,>=,0#93224
comments c,votes v,users u#u.Id=c.UserId,u.Id=v.UserId#c.Score,=,0,v.BountyAmount,<=,100,u.Views,>=,0#314106
comments c,votes v,users u#u.Id=c.UserId,u.Id=v.UserId#v.CreationDate,<=,1410393600,u.Views,<=,39,u.DownVotes,<=,0#88678
comments c,votes v,users u#u.Id=c.UserId,u.Id=v.UserId#v.BountyAmount,<=,50,u.UpVotes,<=,16,u.CreationDate,<=,1410273672#3293
comments c,votes v,users u#u.Id=c.UserId,u.Id=v.UserId#u.Reputation,>=,1,u.Reputation,<=,301,u.UpVotes,<=,43#66241
comments c,votes v,users u#u.Id=c.UserId,u.Id=v.UserId#c.Score,=,0,v.CreationDate,>=,1279584000,u.Reputation,<=,1209#435831
comments c,votes v,users u#u.Id=c.UserId,u.Id=v.UserId#c.Score,=,0,v.BountyAmount,>=,0,u.CreationDate,>=,1283253772#92415
comments c,votes v,users u#u.Id=c.UserId,u.Id=v.UserId#c.CreationDate,<=,1410110717,v.CreationDate,<=,1410393600,u.CreationDate,<=,1407241574#10942031
comments c,votes v,users u#u.Id=c.UserId,u.Id=v.UserId#v.CreationDate,>=,1279843200,u.Reputation,>=,1,u.UpVotes,>=,0#11022336
comments c,votes v,users u#u.Id=c.UserId,u.Id=v.UserId#v.BountyAmount,>=,0,v.BountyAmount,<=,50,u.Views,>=,0#356545
comments c,votes v,users u#u.Id=c.UserId,u.Id=v.UserId#v.CreationDate,>=,1279584000,u.Reputation,>=,1,u.UpVotes,<=,37#124662
comments c,votes v,users u#u.Id=c.UserId,u.Id=v.UserId#v.CreationDate,>=,1233532800,v.CreationDate,<=,1410480000,u.Views,<=,76#241813
comments c,votes v,users u#u.Id=c.UserId,u.Id=v.UserId#u.DownVotes,>=,0,u.DownVotes,<=,0,u.UpVotes,>=,0#291353
comments c,votes v,users u#u.Id=c.UserId,u.Id=v.UserId#v.CreationDate,>=,1233619200,u.Reputation,=,63,u.CreationDate,<=,1409932042#21
comments c,votes v,users u#u.Id=c.UserId,u.Id=v.UserId#c.Score,=,0,v.BountyAmount,<=,50,u.UpVotes,<=,6#1332
comments c,votes v,users u#u.Id=c.UserId,u.Id=v.UserId#v.BountyAmount,<=,300,u.UpVotes,>=,0,u.UpVotes,<=,29#8772
comments c,votes v,users u#u.Id=c.UserId,u.Id=v.UserId#c.Score,=,0,v.CreationDate,>=,1280102400,v.CreationDate,<=,1409270400#7422479
comments c,votes v,users u#u.Id=c.UserId,u.Id=v.UserId#u.DownVotes,>=,0,u.DownVotes,<=,5,u.UpVotes,>=,0#913995
comments c,votes v,users u#u.Id=c.UserId,u.Id=v.UserId#v.CreationDate,=,1348358400,u.DownVotes,>=,0,u.UpVotes,>=,0#497
comments c,votes v,users u#u.Id=c.UserId,u.Id=v.UserId#c.Score,=,0,u.Views,>=,0,u.UpVotes,<=,8#26402
comments c,votes v,users u#u.Id=c.UserId,u.Id=v.UserId#c.Score,=,2,c.CreationDate,<=,1409859729,u.Views,>=,0#781649
comments c,votes v,users u#u.Id=c.UserId,u.Id=v.UserId#v.VoteTypeId,=,5,u.UpVotes,>=,0,u.CreationDate,>=,1287114090#3295277
comments c,votes v,users u#u.Id=c.UserId,u.Id=v.UserId#c.Score,=,0,u.DownVotes,>=,0,u.CreationDate,>=,1279567628#7450294
comments c,votes v,users u#u.Id=c.UserId,u.Id=v.UserId#v.CreationDate,>=,1279584000,v.CreationDate,<=,1410307200,u.DownVotes,<=,15#1280672
comments c,votes v,users u#u.Id=c.UserId,u.Id=v.UserId#c.Score,=,1,v.BountyAmount,<=,100,u.Views,>=,0#91188
comments c,votes v,users u#u.Id=c.UserId,u.Id=v.UserId#c.CreationDate,>=,1279698968,v.CreationDate,=,1398124800,u.UpVotes,<=,36#72
comments c,votes v,users u#u.Id=c.UserId,u.Id=v.UserId#v.CreationDate,<=,1410480000,u.DownVotes,>=,0,u.DownVotes,<=,4#659472
comments c,votes v,users u#u.Id=c.UserId,u.Id=v.UserId#v.BountyAmount,>=,0,v.CreationDate,<=,1410480000,u.DownVotes,>=,0#508114
comments c,votes v,users u#u.Id=c.UserId,u.Id=v.UserId#c.Score,=,4,v.BountyAmount,>=,0,u.Reputation,>=,1#5495
comments c,votes v,users u#u.Id=c.UserId,u.Id=v.UserId#c.Score,=,0,u.UpVotes,>=,0,u.UpVotes,<=,6#20598
comments c,votes v,users u#u.Id=c.UserId,u.Id=v.UserId#c.Score,=,0,c.CreationDate,<=,1410440124,u.Views,<=,798#1142208
comments c,votes v,users u#u.Id=c.UserId,u.Id=v.UserId#c.CreationDate,<=,1409820690,u.Reputation,=,1,u.CreationDate,<=,1407700606#240
comments c,votes v,users u#u.Id=c.UserId,u.Id=v.UserId#c.Score,=,0,v.CreationDate,>=,1279584000,u.DownVotes,>=,0#7491389
comments c,votes v,users u#u.Id=c.UserId,u.Id=v.UserId#v.CreationDate,<=,1410566400,u.Views,>=,0,u.Views,<=,48#153007
comments c,votes v,users u#u.Id=c.UserId,u.Id=v.UserId#u.Reputation,>=,1,u.CreationDate,>=,1279573446,u.CreationDate,<=,1409791277#10865864
comments c,votes v,users u#u.Id=c.UserId,u.Id=v.UserId#v.CreationDate,>=,1279670400,u.Reputation,<=,261,u.DownVotes,>=,0#110024
comments c,votes v,users u#u.Id=c.UserId,u.Id=v.UserId#c.CreationDate,>=,1281117184,c.CreationDate,<=,1409107609,v.BountyAmount,<=,100#447183
comments c,votes v,users u#u.Id=c.UserId,u.Id=v.UserId#c.Score,=,0,c.CreationDate,<=,1409779784,u.DownVotes,<=,1#378913
comments c,votes v,users u#u.Id=c.UserId,u.Id=v.UserId#v.BountyAmount,>=,0,u.DownVotes,>=,0,u.DownVotes,<=,4#31909
comments c,votes v,users u#u.Id=c.UserId,u.Id=v.UserId#v.BountyAmount,<=,50,u.Reputation,=,101,u.Views,>=,0#7
comments c,votes v,users u#u.Id=c.UserId,u.Id=v.UserId#v.CreationDate,>=,1279843200,v.CreationDate,<=,1410220800,u.Reputation,>=,1#11017031
comments c,votes v,users u#u.Id=c.UserId,u.Id=v.UserId#v.BountyAmount,>=,0,v.CreationDate,>=,1279584000,u.Views,<=,50#7129
comments c,votes v,users u#u.Id=c.UserId,u.Id=v.UserId#v.BountyAmount,>=,0,u.UpVotes,>=,0,u.CreationDate,<=,1409754415#508124
comments c,votes v,users u#u.Id=c.UserId,u.Id=v.UserId#u.Reputation,<=,1001,u.UpVotes,>=,0,u.UpVotes,<=,8#28443
comments c,votes v,users u#u.Id=c.UserId,u.Id=v.UserId#c.Score,=,0,c.CreationDate,>=,1279603700,v.CreationDate,>=,1280361600#7470653
comments c,votes v,users u#u.Id=c.UserId,u.Id=v.UserId#v.CreationDate,<=,1410220800,u.Reputation,>=,1,u.Views,>=,0#11026020
comments c,votes v,users u#u.Id=c.UserId,u.Id=v.UserId#u.DownVotes,<=,0,u.CreationDate,>=,1282265507,u.CreationDate,<=,1410435087#230225
comments c,votes v,users u#u.Id=c.UserId,u.Id=v.UserId#c.Score,=,0,u.Views,<=,13,u.CreationDate,>=,1300384344#30119
comments c,votes v,users u#u.Id=c.UserId,u.Id=v.UserId#c.Score,=,0,u.UpVotes,>=,0,u.CreationDate,<=,1410601981#7491903
comments c,votes v,users u#u.Id=c.UserId,u.Id=v.UserId#c.CreationDate,>=,1280495435,u.Views,>=,0,u.UpVotes,<=,5#16069
comments c,votes v,users u#u.Id=c.UserId,u.Id=v.UserId#c.Score,=,0,u.DownVotes,>=,0,u.DownVotes,<=,3#517325
comments c,votes v,users u#u.Id=c.UserId,u.Id=v.UserId#u.DownVotes,>=,0,u.DownVotes,<=,2,u.CreationDate,<=,1406934250#565774
comments c,votes v,users u#u.Id=c.UserId,u.Id=v.UserId#c.CreationDate,=,1410380749,u.DownVotes,<=,212,u.CreationDate,<=,1410053271#1
comments c,votes v,users u#u.Id=c.UserId,u.Id=v.UserId#c.Score,=,0,u.Views,>=,0,u.UpVotes,<=,44#129995
comments c,votes v,users u#u.Id=c.UserId,u.Id=v.UserId#v.BountyAmount,>=,0,v.BountyAmount,<=,50,u.CreationDate,>=,1279566891#356033
comments c,votes v,users u#u.Id=c.UserId,u.Id=v.UserId#c.CreationDate,>=,1280158604,v.CreationDate,<=,1409529600,u.Reputation,<=,2046#891500
comments c,votes v,users u#u.Id=c.UserId,u.Id=v.UserId#u.Views,>=,0,u.Views,<=,269,u.DownVotes,>=,0#685775
comments c,votes v,users u#u.Id=c.UserId,u.Id=v.UserId#v.VoteTypeId,=,5,u.DownVotes,>=,0,u.DownVotes,<=,0#276212
comments c,votes v,users u#u.Id=c.UserId,u.Id=v.UserId#v.BountyAmount,>=,0,v.BountyAmount,<=,50,u.Reputation,<=,329#8528
comments c,votes v,users u#u.Id=c.UserId,u.Id=v.UserId#c.CreationDate,<=,1410137772,v.BountyAmount,>=,0,u.Reputation,>=,1#503795
comments c,votes v,users u#u.Id=c.UserId,u.Id=v.UserId#v.BountyAmount,<=,50,u.Views,>=,0,u.Views,<=,68#8121
comments c,votes v,users u#u.Id=c.UserId,u.Id=v.UserId#u.Reputation,>=,1,u.DownVotes,>=,0,u.CreationDate,>=,1280163729#10567128
comments c,votes v,users u#u.Id=c.UserId,u.Id=v.UserId#c.Score,=,0,u.Views,>=,0,u.CreationDate,<=,1408019974#7491219
comments c,votes v,users u#u.Id=c.UserId,u.Id=v.UserId#c.Score,=,0,u.Reputation,<=,639,u.DownVotes,>=,0#269793
comments c,votes v,users u#u.Id=c.UserId,u.Id=v.UserId#v.BountyAmount,<=,50,v.CreationDate,<=,1410220800,u.DownVotes,>=,0#356536
comments c,votes v,users u#u.Id=c.UserId,u.Id=v.UserId#v.BountyAmount,<=,100,u.DownVotes,>=,0,u.CreationDate,<=,1410625751#459507
comments c,votes v,users u#u.Id=c.UserId,u.Id=v.UserId#c.Score,=,0,u.Views,>=,0,u.UpVotes,=,0#3446
comments c,votes v,users u#u.Id=c.UserId,u.Id=v.UserId#v.CreationDate,=,1302739200,u.Reputation,>=,1,u.Reputation,<=,161#8
comments c,votes v,users u#u.Id=c.UserId,u.Id=v.UserId#c.Score,=,0,u.Views,<=,67,u.UpVotes,>=,0#187118
comments c,votes v,users u#u.Id=c.UserId,u.Id=v.UserId#u.DownVotes,>=,0,u.DownVotes,<=,17,u.UpVotes,<=,4#14410
comments c,votes v,users u#u.Id=c.UserId,u.Id=v.UserId#c.CreationDate,<=,1410392690,v.CreationDate,>=,1279584000,u.Reputation,>=,1#10994043
comments c,votes v,users u#u.Id=c.UserId,u.Id=v.UserId#c.Score,=,0,v.BountyAmount,<=,200,u.CreationDate,<=,1406060485#344217
comments c,votes v,users u#u.Id=c.UserId,u.Id=v.UserId#v.BountyAmount,<=,100,u.UpVotes,>=,0,u.UpVotes,<=,1146#82437
comments c,votes v,users u#u.Id=c.UserId,u.Id=v.UserId#v.CreationDate,>=,1279497600,u.CreationDate,>=,1289215754,u.CreationDate,<=,1410497785#3402316
comments c,votes v,users u#u.Id=c.UserId,u.Id=v.UserId#v.CreationDate,>=,1279411200,v.CreationDate,<=,1410566400,u.Reputation,<=,477#242035
comments c,votes v,users u#u.Id=c.UserId,u.Id=v.UserId#c.Score,=,0,u.Views,>=,0,u.Views,<=,44#127626
comments c,votes v,users u#u.Id=c.UserId,u.Id=v.UserId#c.CreationDate,>=,1279573106,v.CreationDate,>=,1280102400,v.CreationDate,<=,1410393600#11015691
comments c,votes v,users u#u.Id=c.UserId,c.PostId=v.PostId#c.Score,=,3,u.Reputation,<=,198,u.Views,<=,611#1960
comments c,votes v,users u#u.Id=c.UserId,c.PostId=v.PostId#u.Reputation,=,101,u.UpVotes,<=,33,u.CreationDate,>=,1291269755#15961
comments c,votes v,users u#u.Id=c.UserId,c.PostId=v.PostId#c.Score,=,1,u.Reputation,>=,1,u.UpVotes,=,0#5120
comments c,votes v,users u#u.Id=c.UserId,c.PostId=v.PostId#u.Reputation,>=,1,u.Reputation,<=,188,u.UpVotes,>=,0#159046
comments c,votes v,users u#u.Id=c.UserId,c.PostId=v.PostId#v.BountyAmount,>=,0,v.BountyAmount,<=,50,u.CreationDate,<=,1410049230#3950
comments c,votes v,users u#u.Id=c.UserId,c.PostId=v.PostId#c.Score,=,0,u.DownVotes,>=,0,u.DownVotes,<=,1#246220
comments c,votes v,users u#u.Id=c.UserId,c.PostId=v.PostId#v.BountyAmount,>=,0,u.Views,>=,0,u.CreationDate,<=,1406564855#5602
comments c,votes v,users u#u.Id=c.UserId,c.PostId=v.PostId#v.CreationDate,=,1395792000,u.Reputation,>=,1,u.Reputation,<=,152#233
comments c,votes v,users u#u.Id=c.UserId,c.PostId=v.PostId#c.CreationDate,<=,1410382410,u.DownVotes,<=,0,u.CreationDate,<=,1408864050#256451
comments c,votes v,users u#u.Id=c.UserId,c.PostId=v.PostId#c.Score,=,0,v.CreationDate,>=,1279497600,u.CreationDate,<=,1410467423#579486
comments c,votes v,users u#u.Id=c.UserId,c.PostId=v.PostId#c.CreationDate,=,1325698274,u.Views,>=,0,u.UpVotes,>=,0#2
comments c,votes v,users u#u.Id=c.UserId,c.PostId=v.PostId#c.Score,=,0,v.BountyAmount,>=,0,u.UpVotes,>=,0#4454
comments c,votes v,users u#u.Id=c.UserId,c.PostId=v.PostId#v.VoteTypeId,=,2,u.Views,<=,49,u.DownVotes,=,0#150593
comments c,votes v,users u#u.Id=c.UserId,c.PostId=v.PostId#c.CreationDate,<=,1410030174,u.UpVotes,<=,358,u.CreationDate,>=,1285869801#375505
comments c,votes v,users u#u.Id=c.UserId,c.PostId=v.PostId#u.UpVotes,>=,0,u.CreationDate,>=,1282138103,u.CreationDate,<=,1408425794#604620
comments c,votes v,users u#u.Id=c.UserId,c.PostId=v.PostId#c.CreationDate,<=,1409844765,u.Reputation,>=,1,u.Reputation,<=,176#151457
comments c,votes v,users u#u.Id=c.UserId,c.PostId=v.PostId#c.CreationDate,>=,1280572652,v.VoteTypeId,=,15,u.CreationDate,>=,1279637340#7703
comments c,votes v,users u#u.Id=c.UserId,c.PostId=v.PostId#v.CreationDate,<=,1410393600,u.UpVotes,>=,0,u.UpVotes,<=,53#269756
comments c,votes v,users u#u.Id=c.UserId,c.PostId=v.PostId#v.CreationDate,<=,1410393600,u.DownVotes,<=,0,u.CreationDate,>=,1279570632#254864
comments c,votes v,users u#u.Id=c.UserId,c.PostId=v.PostId#c.Score,=,0,u.Reputation,>=,1,u.UpVotes,=,0#51871
comments c,votes v,users u#u.Id=c.UserId,c.PostId=v.PostId#v.VoteTypeId,=,5,u.Reputation,>=,1,u.CreationDate,<=,1407731267#93929
comments c,votes v,users u#u.Id=c.UserId,c.PostId=v.PostId#c.Score,=,0,u.Views,>=,0,u.DownVotes,<=,0#213403
comments c,votes v,users u#u.Id=c.UserId,c.PostId=v.PostId#u.Reputation,>=,1,u.Reputation,<=,1416,u.Views,<=,36#190275
comments c,votes v,users u#u.Id=c.UserId,c.PostId=v.PostId#u.Reputation,>=,1,u.Reputation,<=,821,u.CreationDate,<=,1410019856#285857
comments c,votes v,users u#u.Id=c.UserId,c.PostId=v.PostId#u.Reputation,=,30,u.Views,>=,0,u.CreationDate,>=,1280417889#495
comments c,votes v,users u#u.Id=c.UserId,c.PostId=v.PostId#c.Score,=,1,c.CreationDate,>=,1282076467,u.Reputation,>=,1#132870
comments c,votes v,users u#u.Id=c.UserId,c.PostId=v.PostId#c.CreationDate,>=,1279688984,u.Reputation,=,181,u.Views,>=,0#412
comments c,votes v,users u#u.Id=c.UserId,c.PostId=v.PostId#v.CreationDate,=,1410220800,u.Views,<=,20,u.DownVotes,<=,3#321
comments c,votes v,users u#u.Id=c.UserId,c.PostId=v.PostId#v.VoteTypeId,=,2,u.Reputation,>=,1,u.Reputation,<=,442#179481
comments c,votes v,users u#u.Id=c.UserId,c.PostId=v.PostId#c.Score,=,0,v.VoteTypeId,=,2,u.Reputation,<=,123#74736
comments c,votes v,users u#u.Id=c.UserId,c.PostId=v.PostId#c.Score,=,0,v.VoteTypeId,=,3,u.DownVotes,>=,0#11691
comments c,votes v,users u#u.Id=c.UserId,c.PostId=v.PostId#c.CreationDate,<=,1409689431,u.CreationDate,>=,1279566671,u.CreationDate,<=,1408211264#826087
comments c,votes v,users u#u.Id=c.UserId,c.PostId=v.PostId#v.VoteTypeId,=,2,u.Reputation,<=,6235,u.DownVotes,>=,0#390865
comments c,votes v,users u#u.Id=c.UserId,c.PostId=v.PostId#c.Score,=,2,u.Views,>=,0,u.Views,<=,86#8681
comments c,votes v,users u#u.Id=c.UserId,c.PostId=v.PostId#u.Reputation,<=,537,u.Views,>=,0,u.Views,<=,5441#244251
comments c,votes v,users u#u.Id=c.UserId,c.PostId=v.PostId#v.BountyAmount,>=,0,v.BountyAmount,<=,50,u.Reputation,<=,383#1157
comments c,votes v,users u#u.Id=c.UserId,c.PostId=v.PostId#v.CreationDate,>=,1280880000,u.DownVotes,>=,0,u.DownVotes,<=,0#256814
comments c,votes v,users u#u.Id=c.UserId,c.PostId=v.PostId#v.BountyAmount,>=,0,v.CreationDate,<=,1410393600,u.Reputation,>=,1#5603
comments c,votes v,users u#u.Id=c.UserId,c.PostId=v.PostId#c.CreationDate,>=,1279583805,c.CreationDate,<=,1410235158,u.Reputation,=,101#17234
comments c,votes v,users u#u.Id=c.UserId,c.PostId=v.PostId#c.Score,=,1,v.VoteTypeId,=,2,v.CreationDate,<=,1410480000#107226
comments c,votes v,users u#u.Id=c.UserId,c.PostId=v.PostId#c.CreationDate,=,1390356873,v.VoteTypeId,=,2,v.CreationDate,>=,1279584000#9
comments c,votes v,users u#u.Id=c.UserId,c.PostId=v.PostId#c.Score,=,0,u.Views,<=,183,u.UpVotes,<=,1547#265352
comments c,votes v,users u#u.Id=c.UserId,c.PostId=v.PostId#v.VoteTypeId,=,2,u.DownVotes,<=,0,u.UpVotes,<=,408#199340
comments c,votes v,users u#u.Id=c.UserId,c.PostId=v.PostId#c.Score,=,0,u.DownVotes,<=,1,u.CreationDate,<=,1409739842#245878
comments c,votes v,users u#u.Id=c.UserId,c.PostId=v.PostId#v.VoteTypeId,=,2,v.CreationDate,>=,1279670400,u.Reputation,=,101#13575
comments c,votes v,users u#u.Id=c.UserId,c.PostId=v.PostId#v.VoteTypeId,=,2,u.Reputation,>=,1,u.UpVotes,>=,0#669626
comments c,votes v,users u#u.Id=c.UserId,c.PostId=v.PostId#c.CreationDate,>=,1280168068,v.VoteTypeId,=,2,u.UpVotes,<=,46#200291
comments c,votes v,users u#u.Id=c.UserId,c.PostId=v.PostId#c.Score,=,0,c.CreationDate,<=,1410642637,v.VoteTypeId,=,2#459807
comments c,votes v,users u#u.Id=c.UserId,c.PostId=v.PostId#v.BountyAmount,>=,0,v.CreationDate,<=,1410480000,u.UpVotes,>=,0#5606
comments c,votes v,users u#u.Id=c.UserId,c.PostId=v.PostId#v.BountyAmount,>=,0,v.BountyAmount,<=,50,u.Views,<=,124#1718
comments c,votes v,users u#u.Id=c.UserId,c.PostId=v.PostId#u.Views,>=,0,u.Views,<=,35,u.DownVotes,<=,18#187477
comments c,votes v,users u#u.Id=c.UserId,c.PostId=v.PostId#v.BountyAmount,<=,50,u.Reputation,>=,1,u.Reputation,<=,615#1459
comments c,votes v,users u#u.Id=c.UserId,c.PostId=v.PostId#v.BountyAmount,>=,0,v.CreationDate,>=,1281052800,u.Reputation,>=,1#5613
comments c,votes v,users u#u.Id=c.UserId,c.PostId=v.PostId#c.CreationDate,<=,1410341432,v.CreationDate,>=,1279670400,u.DownVotes,<=,4#362504
comments c,votes v,users u#u.Id=c.UserId,c.PostId=v.PostId#v.VoteTypeId,=,2,u.DownVotes,>=,0,u.DownVotes,<=,0#203080
comments c,votes v,users u#u.Id=c.UserId,c.PostId=v.PostId#v.CreationDate,>=,1280534400,u.Reputation,<=,451,u.UpVotes,>=,0#231139
comments c,votes v,users u#u.Id=c.UserId,c.PostId=v.PostId#c.CreationDate,<=,1410271522,u.DownVotes,<=,0,u.UpVotes,>=,0#257440
comments c,votes v,users u#u.Id=c.UserId,c.PostId=v.PostId#v.VoteTypeId,=,2,v.CreationDate,<=,1410220800,u.UpVotes,=,0#45844
comments c,votes v,users u#u.Id=c.UserId,c.PostId=v.PostId#c.CreationDate,>=,1279641824,c.CreationDate,<=,1410418745,u.DownVotes,=,0#256791
comments c,votes v,users u#u.Id=c.UserId,c.PostId=v.PostId#v.BountyAmount,>=,0,v.CreationDate,>=,1279584000,u.CreationDate,<=,1410172342#5632
comments c,votes v,users u#u.Id=c.UserId,c.PostId=v.PostId#v.BountyAmount,>=,0,u.DownVotes,<=,0,u.UpVotes,>=,0#1840
comments c,votes v,users u#u.Id=c.UserId,c.PostId=v.PostId#c.Score,=,0,v.BountyAmount,<=,50,u.Views,=,0#9
comments c,votes v,users u#u.Id=c.UserId,c.PostId=v.PostId#v.BountyAmount,<=,100,u.Views,<=,67,u.CreationDate,>=,1280391213#1674
comments c,votes v,users u#u.Id=c.UserId,c.PostId=v.PostId#c.Score,=,0,v.VoteTypeId,=,2,u.CreationDate,<=,1410533572#459865
comments c,votes v,users u#u.Id=c.UserId,c.PostId=v.PostId#c.Score,=,3,u.Reputation,>=,1,u.Reputation,<=,402#2722
comments c,votes v,users u#u.Id=c.UserId,c.PostId=v.PostId#c.Score,=,0,v.VoteTypeId,=,2,u.CreationDate,>=,1308548823#235648
comments c,votes v,users u#u.Id=c.UserId,c.PostId=v.PostId#v.VoteTypeId,=,5,u.DownVotes,<=,0,u.UpVotes,=,0#6531
comments c,votes v,users u#u.Id=c.UserId,c.PostId=v.PostId#c.Score,=,1,v.BountyAmount,>=,0,v.BountyAmount,<=,50#552
comments c,votes v,users u#u.Id=c.UserId,c.PostId=v.PostId#c.CreationDate,>=,1280170364,v.BountyAmount,>=,0,u.Views,<=,361#3315
comments c,votes v,users u#u.Id=c.UserId,c.PostId=v.PostId#u.Reputation,>=,1,u.Reputation,<=,802,u.CreationDate,<=,1408365982#281282
comments c,votes v,users u#u.Id=c.UserId,c.PostId=v.PostId#v.VoteTypeId,=,2,u.Views,>=,0,u.CreationDate,>=,1280864366#593189
comments c,votes v,users u#u.Id=c.UserId,c.PostId=v.PostId#v.BountyAmount,>=,0,v.CreationDate,>=,1279670400,v.CreationDate,<=,1410480000#5606
comments c,votes v,users u#u.Id=c.UserId,c.PostId=v.PostId#c.Score,=,0,u.CreationDate,>=,1279603827,u.CreationDate,<=,1410644370#556753
comments c,votes v,users u#u.Id=c.UserId,c.PostId=v.PostId#c.Score,=,0,v.VoteTypeId,=,2,v.CreationDate,<=,1410393600#459213
comments c,votes v,users u#u.Id=c.UserId,c.PostId=v.PostId#v.VoteTypeId,=,2,v.CreationDate,>=,1279670400,u.Views,>=,0#667995
comments c,votes v,users u#u.Id=c.UserId,c.PostId=v.PostId#c.CreationDate,<=,1410518091,v.VoteTypeId,=,2,u.Views,<=,11#87706
comments c,votes v,users u#u.Id=c.UserId,c.PostId=v.PostId#v.CreationDate,=,1372118400,u.Views,>=,0,u.Views,<=,44#312
comments c,votes v,users u#u.Id=c.UserId,c.PostId=v.PostId#c.Score,=,0,v.CreationDate,>=,1279584000,u.Views,<=,38#163291
comments c,votes v,users u#u.Id=c.UserId,c.PostId=v.PostId#v.VoteTypeId,=,2,u.DownVotes,>=,0,u.DownVotes,<=,351#608311
comments c,votes v,users u#u.Id=c.UserId,c.PostId=v.PostId#v.CreationDate,>=,1279584000,v.CreationDate,<=,1410566400,u.Views,<=,500#437237
comments c,votes v,users u#u.Id=c.UserId,c.PostId=v.PostId#c.CreationDate,>=,1279582340,u.Reputation,<=,1307,u.Views,>=,0#329471
comments c,votes v,users u#u.Id=c.UserId,c.PostId=v.PostId#c.CreationDate,>=,1279720651,v.VoteTypeId,=,2,u.Views,<=,51#166956
comments c,votes v,users u#u.Id=c.UserId,c.PostId=v.PostId#v.BountyAmount,>=,0,v.BountyAmount,<=,50,u.DownVotes,<=,0#1352
comments c,votes v,users u#u.Id=c.UserId,c.PostId=v.PostId#u.Reputation,>=,1,u.Reputation,<=,1597,u.CreationDate,>=,1289690824#309790
comments c,votes v,users u#u.Id=c.UserId,c.PostId=v.PostId#u.Views,<=,16,u.UpVotes,<=,13,u.CreationDate,>=,1295100736#114744
comments c,votes v,users u#u.Id=c.UserId,c.PostId=v.PostId#v.BountyAmount,>=,0,u.Reputation,>=,1,u.DownVotes,=,0#1840
comments c,votes v,users u#u.Id=c.UserId,c.PostId=v.PostId#c.CreationDate,<=,1410023787,v.VoteTypeId,=,2,u.UpVotes,<=,32#179150
comments c,votes v,users u#u.Id=c.UserId,c.PostId=v.PostId#v.CreationDate,>=,1279497600,u.Reputation,=,6,u.CreationDate,>=,1280926636#3538
comments c,votes v,users u#u.Id=c.UserId,c.PostId=v.PostId#c.CreationDate,<=,1410452630,u.Reputation,>=,1,u.Reputation,<=,206#164210
comments c,votes v,users u#u.Id=c.UserId,c.PostId=v.PostId#c.Score,=,0,v.VoteTypeId,=,2,u.UpVotes,<=,26#142618
comments c,votes v,users u#u.Id=c.UserId,c.PostId=v.PostId#u.Views,>=,0,u.Views,<=,23,u.DownVotes,>=,0#157133
comments c,votes v,users u#u.Id=c.UserId,c.PostId=v.PostId#c.Score,=,2,v.BountyAmount,=,0,u.Views,>=,0#1
comments c,votes v,users u#u.Id=c.UserId,c.PostId=v.PostId#c.CreationDate,<=,1410441199,u.Views,>=,0,u.Views,<=,14#125690
comments c,votes v,users u#u.Id=c.UserId,c.PostId=v.PostId#v.CreationDate,=,1305849600,u.Views,<=,19,u.UpVotes,<=,489#39
comments c,votes v,users u#u.Id=c.UserId,c.PostId=v.PostId#c.CreationDate,<=,1410401919,v.BountyAmount,>=,0,u.DownVotes,>=,0#5607
comments c,votes v,users u#u.Id=c.UserId,c.PostId=v.PostId#c.Score,=,0,u.DownVotes,<=,0,u.CreationDate,=,1332436845#6
comments c,votes v,users u#u.Id=c.UserId,c.PostId=v.PostId#u.Reputation,>=,1,u.Views,<=,137,u.UpVotes,<=,81#262602
comments c,votes v,users u#u.Id=c.UserId,c.PostId=v.PostId#c.CreationDate,<=,1410605910,v.CreationDate,>=,1279497600,u.CreationDate,>=,1280174512#779549
comments c,votes v,users u#u.Id=c.UserId,c.PostId=v.PostId#c.Score,=,0,v.BountyAmount,=,0,u.UpVotes,<=,5007#5
comments c,votes v,users u#u.Id=c.UserId,c.PostId=v.PostId#v.BountyAmount,<=,100,u.Views,=,1,u.DownVotes,=,0#33
comments c,votes v,users u#u.Id=c.UserId,c.PostId=v.PostId#c.CreationDate,>=,1280238046,c.CreationDate,<=,1410635758,u.UpVotes,<=,36#238922
comments c,votes v,users u#u.Id=c.UserId,c.PostId=v.PostId#v.VoteTypeId,=,2,v.CreationDate,>=,1279497600,v.CreationDate,<=,1410307200#667910
comments c,votes v,users u#u.Id=c.UserId,c.PostId=v.PostId#c.Score,=,0,u.Views,>=,0,u.Views,<=,95#226876
comments c,votes v,users u#u.Id=c.UserId,c.PostId=v.PostId#v.VoteTypeId,=,2,v.CreationDate,<=,1410566400,u.Views,>=,0#669608
comments c,votes v,users u#u.Id=c.UserId,c.PostId=v.PostId#c.CreationDate,=,1369242236,v.VoteTypeId,=,2,u.DownVotes,<=,351#5
comments c,votes v,users u#u.Id=c.UserId,c.PostId=v.PostId#c.Score,=,0,c.CreationDate,>=,1286647620,u.CreationDate,>=,1281985249#437717
comments c,votes v,users u#u.Id=c.UserId,c.PostId=v.PostId#c.CreationDate,>=,1280102630,c.CreationDate,<=,1410185933,v.CreationDate,<=,1410307200#832232
comments c,votes v,users u#u.Id=c.UserId,c.PostId=v.PostId#c.CreationDate,=,1395425184,v.CreationDate,<=,1410307200,u.Reputation,>=,1#3
comments c,votes v,users u#u.Id=c.UserId,c.PostId=v.PostId#c.Score,=,0,v.CreationDate,>=,1279756800,u.Reputation,<=,642#218085
comments c,votes v,users u#u.Id=c.UserId,c.PostId=v.PostId#c.Score,=,0,v.CreationDate,<=,1410393600,u.Views,<=,31#150777
comments c,votes v,users u#u.Id=c.UserId,c.PostId=v.PostId#c.CreationDate,>=,1281119469,c.CreationDate,<=,1410224303,u.CreationDate,>=,1279566394#819846
comments c,votes v,users u#u.Id=c.UserId,c.PostId=v.PostId#v.VoteTypeId,=,2,v.CreationDate,<=,1410393600,u.Views,<=,39#153448
comments c,votes v,users u#u.Id=c.UserId,c.PostId=v.PostId#c.CreationDate,<=,1410571576,v.VoteTypeId,=,2,u.Views,<=,75#197945
comments c,votes v,users u#u.Id=c.UserId,c.PostId=v.PostId#c.Score,=,0,v.VoteTypeId,=,2,v.CreationDate,=,1348012800#360
comments c,votes v,users u#u.Id=c.UserId,c.PostId=v.PostId#c.Score,=,0,u.Views,>=,0,u.UpVotes,<=,73#243621
comments c,votes v,users u#u.Id=c.UserId,c.PostId=v.PostId#u.Views,>=,0,u.DownVotes,=,0,u.CreationDate,>=,1283730764#234739
comments c,votes v,users u#u.Id=c.UserId,c.PostId=v.PostId#c.CreationDate,>=,1280377242,c.CreationDate,<=,1409731009,v.CreationDate,>=,1279584000#825030
comments c,votes v,users u#u.Id=c.UserId,c.PostId=v.PostId#v.BountyAmount,>=,0,v.CreationDate,>=,1279584000,u.Views,>=,0#5632
comments c,votes v,users u#u.Id=c.UserId,c.PostId=v.PostId#c.Score,=,0,v.CreationDate,>=,1279670400,u.DownVotes,<=,8#341494
comments c,votes v,users u#u.Id=c.UserId,c.PostId=v.PostId#v.CreationDate,>=,1279497600,u.Reputation,<=,130,u.DownVotes,<=,3#119365
comments c,votes v,users u#u.Id=c.UserId,c.PostId=v.PostId#v.VoteTypeId,=,2,u.Reputation,>=,1,u.Reputation,<=,5115#364121
comments c,votes v,users u#u.Id=c.UserId,c.PostId=v.PostId#v.BountyAmount,>=,0,v.BountyAmount,<=,50,u.Reputation,>=,1#3950
comments c,votes v,users u#u.Id=c.UserId,c.PostId=v.PostId#c.Score,=,1,v.CreationDate,>=,1279756800,v.CreationDate,<=,1410393600#136092
comments c,votes v,users u#u.Id=c.UserId,c.PostId=v.PostId#v.CreationDate,>=,1279756800,v.CreationDate,<=,1410480000,u.DownVotes,>=,0#844380
comments c,votes v,users u#u.Id=c.UserId,c.PostId=v.PostId#c.CreationDate,>=,1279633331,c.CreationDate,<=,1409862724,u.Views,<=,1147#529267
comments c,votes v,users u#u.Id=c.UserId,c.PostId=v.PostId#c.Score,=,0,c.CreationDate,<=,1410637094,u.Views,>=,0#579434
comments c,votes v,users u#u.Id=c.UserId,c.PostId=v.PostId#c.Score,=,0,v.CreationDate,>=,1279584000,u.Views,>=,0#579197
comments c,votes v,users u#u.Id=c.UserId,c.PostId=v.PostId#c.CreationDate,>=,1281336677,c.CreationDate,<=,1410365498,u.CreationDate,>=,1279650165#786010
comments c,votes v,users u#u.Id=c.UserId,c.PostId=v.PostId#c.Score,=,0,v.CreationDate,<=,1410566400,u.DownVotes,>=,0#579583
comments c,votes v,users u#u.Id=c.UserId,c.PostId=v.PostId#u.UpVotes,>=,0,u.UpVotes,<=,3,u.CreationDate,>=,1284485420#108494
comments c,votes v,users u#u.Id=c.UserId,c.PostId=v.PostId#c.CreationDate,>=,1279667848,v.VoteTypeId,=,2,u.CreationDate,>=,1280237971#609436
comments c,votes v,users u#u.Id=c.UserId,c.PostId=v.PostId#c.CreationDate,>=,1280960634,v.BountyAmount,>=,0,u.Reputation,>=,1#5621
comments c,votes v,users u#u.Id=c.UserId,c.PostId=v.PostId#c.CreationDate,>=,1279567134,c.CreationDate,<=,1410181890,u.Reputation,>=,1#842983
comments c,votes v,users u#u.Id=c.UserId,c.PostId=v.PostId#v.VoteTypeId,=,2,u.DownVotes,>=,0,u.DownVotes,<=,0#203080
comments c,votes v,users u#u.Id=c.UserId,c.PostId=v.PostId#c.Score,=,2,c.CreationDate,>=,1279757258,u.CreationDate,<=,1409746215#55781
comments c,votes v,users u#u.Id=c.UserId,c.PostId=v.PostId#v.VoteTypeId,=,2,u.Reputation,<=,2725,u.Views,>=,0#319006
comments c,votes v,users u#u.Id=c.UserId,c.PostId=v.PostId#v.CreationDate,<=,1410307200,u.Views,=,1,u.UpVotes,=,0#8911
comments c,votes v,users u#u.Id=c.UserId,c.PostId=v.PostId#c.Score,=,0,v.VoteTypeId,=,2,u.CreationDate,>=,1279581874#445550
comments c,votes v,users u#u.Id=c.UserId,c.PostId=v.PostId#c.Score,=,3,c.CreationDate,>=,1279818407,u.DownVotes,=,0#3677
comments c,votes v,users u#u.Id=c.UserId,c.PostId=v.PostId#c.CreationDate,<=,1409471743,u.Reputation,<=,1177,u.Views,<=,28#168568
comments c,votes v,users u#u.Id=c.UserId,c.PostId=v.PostId#c.CreationDate,<=,1410544694,v.BountyAmount,=,0,u.Reputation,>=,1#7
comments c,votes v,users u#u.Id=c.UserId,c.PostId=v.PostId#v.BountyAmount,>=,0,v.BountyAmount,<=,100,u.DownVotes,<=,17#3543
comments c,votes v,users u#u.Id=c.UserId,c.PostId=v.PostId#v.CreationDate,>=,1279497600,u.Views,<=,22,u.DownVotes,<=,1#152419
comments c,votes v,users u#u.Id=c.UserId,c.PostId=v.PostId#c.Score,=,0,v.VoteTypeId,=,2,u.Views,<=,26#108961
comments c,votes v,users u#u.Id=c.UserId,c.PostId=v.PostId#c.CreationDate,>=,1279570273,c.CreationDate,<=,1410451321,u.UpVotes,<=,578#502732
comments c,votes v,users u#u.Id=c.UserId,c.PostId=v.PostId#v.VoteTypeId,=,2,u.Views,>=,0,u.CreationDate,<=,1409537980#669186
comments c,votes v,users u#u.Id=c.UserId,c.PostId=v.PostId#v.CreationDate,<=,1409702400,u.Reputation,<=,170,u.Views,<=,19#122701
comments c,votes v,users u#u.Id=c.UserId,c.PostId=v.PostId#v.BountyAmount,>=,0,u.Views,>=,0,u.Views,<=,91#2129
comments c,votes v,users u#u.Id=c.UserId,c.PostId=v.PostId#v.VoteTypeId,=,2,u.DownVotes,=,0,u.UpVotes,=,1#16314
comments c,votes v,users u#u.Id=c.UserId,c.PostId=v.PostId#c.CreationDate,<=,1410537053,v.BountyAmount,<=,100,u.Reputation,<=,553#1816
comments c,votes v,users u#u.Id=c.UserId,c.PostId=v.PostId#v.BountyAmount,>=,0,u.Views,<=,2722,u.CreationDate,>=,1280201703#4392
comments c,votes v,users u#u.Id=c.UserId,c.PostId=v.PostId#u.Views,=,0,u.DownVotes,>=,0,u.UpVotes,<=,213#13617
comments c,votes v,users u#u.Id=c.UserId,c.PostId=v.PostId#v.BountyAmount,<=,100,v.CreationDate,>=,1279497600,v.CreationDate,<=,1410307200#5149
comments c,votes v,users u#u.Id=c.UserId,c.PostId=v.PostId#v.VoteTypeId,=,2,u.DownVotes,<=,1,u.CreationDate,>=,1281758151#215966
comments c,votes v,users u#u.Id=c.UserId,c.PostId=v.PostId#u.DownVotes,>=,0,u.DownVotes,<=,0,u.UpVotes,<=,22#189920
comments c,votes v,users u#u.Id=c.UserId,c.PostId=v.PostId#v.VoteTypeId,=,2,u.UpVotes,>=,0,u.CreationDate,<=,1408133800#667982
comments c,votes v,users u#u.Id=c.UserId,c.PostId=v.PostId#c.Score,=,0,c.CreationDate,>=,1280254746,v.CreationDate,=,1286841600#348
comments c,votes v,users u#u.Id=c.UserId,c.PostId=v.PostId#c.CreationDate,>=,1279569500,c.CreationDate,<=,1410474447,u.Reputation,=,101#17423
comments c,votes v,users u#u.Id=c.UserId,c.PostId=v.PostId#v.CreationDate,>=,1279584000,v.CreationDate,<=,1410566400,u.UpVotes,=,1#20926
comments c,votes v,users u#u.Id=c.UserId,c.PostId=v.PostId#c.Score,=,0,v.CreationDate,<=,1408406400,u.UpVotes,>=,0#564867
comments c,votes v,users u#u.Id=c.UserId,c.PostId=v.PostId#v.VoteTypeId,=,2,u.DownVotes,>=,0,u.CreationDate,<=,1409059199#668702
comments c,votes v,users u#u.Id=c.UserId,c.PostId=v.PostId#c.CreationDate,>=,1280605004,v.BountyAmount,>=,0,v.BountyAmount,<=,150#5355
comments c,votes v,users u#u.Id=c.UserId,c.PostId=v.PostId#c.CreationDate,>=,1281037233,u.Views,=,55,u.DownVotes,>=,0#2977
comments c,votes v,users u#u.Id=c.UserId,c.PostId=v.PostId#c.Score,=,0,u.Views,>=,0,u.Views,<=,182#264911
comments c,votes v,users u#u.Id=c.UserId,c.PostId=v.PostId#c.CreationDate,>=,1279684360,c.CreationDate,<=,1410599694,u.CreationDate,>=,1280908870#735892
comments c,votes v,users u#u.Id=c.UserId,c.PostId=v.PostId#c.Score,=,0,u.DownVotes,>=,0,u.DownVotes,<=,0#213403
comments c,votes v,users u#u.Id=c.UserId,c.PostId=v.PostId#c.CreationDate,>=,1278798229,v.VoteTypeId,=,2,u.UpVotes,<=,79#237970
comments c,votes v,users u#u.Id=c.UserId,c.PostId=v.PostId#v.VoteTypeId,=,2,u.Reputation,<=,583,u.CreationDate,>=,1279567568#194559
comments c,votes v,users u#u.Id=c.UserId,c.PostId=v.PostId#v.VoteTypeId,=,5,u.DownVotes,=,0,u.UpVotes,>=,0#26960
comments c,votes v,users u#u.Id=c.UserId,c.PostId=v.PostId#c.CreationDate,>=,1285706054,v.BountyAmount,<=,100,v.CreationDate,<=,1410220800#5072
comments c,votes v,users u#u.Id=c.UserId,c.PostId=v.PostId#c.CreationDate,=,1397427960,u.Views,>=,0,u.UpVotes,<=,17#3
comments c,votes v,users u#u.Id=c.UserId,c.PostId=v.PostId#v.VoteTypeId,=,2,v.CreationDate,>=,1279843200,v.CreationDate,<=,1410652800#667154
comments c,votes v,users u#u.Id=c.UserId,c.PostId=v.PostId#c.Score,=,0,c.CreationDate,>=,1281062674,u.CreationDate,<=,1410433729#570137
comments c,votes v,users u#u.Id=c.UserId,c.PostId=v.PostId#u.DownVotes,<=,0,u.CreationDate,>=,1279567189,u.CreationDate,<=,1410191702#256426
comments c,votes v,users u#u.Id=c.UserId,c.PostId=v.PostId#v.CreationDate,>=,1280102400,u.DownVotes,>=,0,u.UpVotes,<=,34#236874
comments c,votes v,users u#u.Id=c.UserId,c.PostId=v.PostId#u.Views,<=,286,u.DownVotes,>=,0,u.CreationDate,<=,1409687143#374526
comments c,votes v,users u#u.Id=c.UserId,c.PostId=v.PostId#u.UpVotes,<=,139,u.CreationDate,>=,1294785748,u.CreationDate,<=,1410432245#282967
comments c,votes v,users u#u.Id=c.UserId,c.PostId=v.PostId#c.Score,=,0,v.BountyAmount,>=,0,u.Views,<=,32#1091
comments c,votes v,users u#u.Id=c.UserId,c.PostId=v.PostId#c.Score,=,3,u.Reputation,>=,1,u.Reputation,<=,275#2241
comments c,votes v,users u#u.Id=c.UserId,c.PostId=v.PostId#c.Score,=,0,v.VoteTypeId,=,2,u.Reputation,=,1#2362
comments c,votes v,users u#u.Id=c.UserId,c.PostId=v.PostId#c.CreationDate,>=,1279720651,v.VoteTypeId,=,2,v.CreationDate,<=,1410393600#665045
comments c,votes v,users u#u.Id=c.UserId,c.PostId=v.PostId#c.CreationDate,>=,1279815215,v.CreationDate,<=,1410134400,u.DownVotes,>=,0#835057
comments c,votes v,users u#u.Id=c.UserId,c.PostId=v.PostId#c.CreationDate,>=,1281623494,u.UpVotes,>=,0,u.UpVotes,<=,104#313459
comments c,votes v,users u#u.Id=c.UserId,c.PostId=v.PostId#v.VoteTypeId,=,2,u.Reputation,>=,1,u.UpVotes,>=,0#669626
comments c,votes v,users u#u.Id=c.UserId,c.PostId=v.PostId#u.Reputation,>=,1,u.Views,>=,0,u.Views,<=,114#289830
comments c,votes v,users u#u.Id=c.UserId,c.PostId=v.PostId#v.VoteTypeId,=,2,v.CreationDate,>=,1279584000,v.CreationDate,<=,1410480000#668616
comments c,votes v,users u#u.Id=c.UserId,c.PostId=v.PostId#v.VoteTypeId,=,2,v.CreationDate,<=,1410566400,u.Reputation,=,111#1918
comments c,votes v,users u#u.Id=c.UserId,c.PostId=v.PostId#v.CreationDate,>=,1279584000,u.Reputation,=,3,u.DownVotes,>=,0#663
comments c,votes v,users u#u.Id=c.UserId,c.PostId=v.PostId#v.BountyAmount,<=,50,v.CreationDate,>=,1279670400,u.UpVotes,<=,108#1936
comments c,votes v,users u#u.Id=c.UserId,c.PostId=v.PostId#c.Score,=,0,u.DownVotes,=,0,u.UpVotes,<=,62#190198
comments c,votes v,users u#u.Id=c.UserId,c.PostId=v.PostId#v.VoteTypeId,=,2,v.CreationDate,>=,1279497600,u.Views,<=,203#266784
comments c,votes v,users u#u.Id=c.UserId,c.PostId=v.PostId#c.Score,=,0,c.CreationDate,<=,1410574520,v.BountyAmount,<=,50#3156
comments c,votes v,users u#u.Id=c.UserId,c.PostId=v.PostId#v.CreationDate,>=,1279497600,u.UpVotes,=,0,u.CreationDate,<=,1409041649#59562
comments c,votes v,users u#u.Id=c.UserId,c.PostId=v.PostId#u.Reputation,>=,1,u.Reputation,<=,352,u.Views,>=,0#206965
comments c,votes v,users u#u.Id=c.UserId,c.PostId=v.PostId#u.Reputation,>=,1,u.Reputation,<=,157,u.DownVotes,<=,2#140651
comments c,votes v,users u#u.Id=c.UserId,c.PostId=v.PostId#v.CreationDate,>=,1279584000,v.CreationDate,<=,1410220800,u.Views,<=,272#368287
comments c,votes v,users u#u.Id=c.UserId,c.PostId=v.PostId#v.VoteTypeId,=,2,u.Reputation,>=,1,u.CreationDate,>=,1280605985#594729
comments c,votes v,users u#u.Id=c.UserId,c.PostId=v.PostId#c.Score,=,0,c.CreationDate,>=,1279589382,c.CreationDate,<=,1410526387#577810
comments c,votes v,users u#u.Id=c.UserId,c.PostId=v.PostId#c.Score,=,0,u.Reputation,>=,1,u.DownVotes,>=,0#579603
comments c,votes v,users u#u.Id=c.UserId,c.PostId=v.PostId#v.VoteTypeId,=,2,u.Reputation,>=,1,u.CreationDate,>=,1280865023#584840
comments c,votes v,users u#u.Id=c.UserId,c.PostId=v.PostId#v.BountyAmount,<=,0,u.UpVotes,>=,0,u.CreationDate,<=,1409948857#7
comments c,votes v,users u#u.Id=c.UserId,c.PostId=v.PostId#c.CreationDate,>=,1282210429,c.CreationDate,<=,1410128717,u.Reputation,>=,1#815321
comments c,votes v,users u#u.Id=c.UserId,c.PostId=v.PostId#v.BountyAmount,>=,0,v.BountyAmount,<=,50,v.CreationDate,>=,1279756800#3950
comments c,votes v,users u#u.Id=c.UserId,c.PostId=v.PostId#u.Views,>=,0,u.Views,<=,60,u.UpVotes,>=,0#228641
comments c,votes v,users u#u.Id=c.UserId,c.PostId=v.PostId#u.Views,>=,0,u.Views,<=,102,u.UpVotes,<=,55#237510
comments c,votes v,users u#u.Id=c.UserId,c.PostId=v.PostId#c.CreationDate,>=,1281376002,u.Reputation,>=,1,u.UpVotes,<=,428#461898
comments c,votes v,users u#u.Id=c.UserId,c.PostId=v.PostId#u.Views,>=,0,u.CreationDate,>=,1281880000,u.CreationDate,<=,1409262380#606793
comments c,votes v,users u#u.Id=c.UserId,c.PostId=v.PostId#v.VoteTypeId,=,2,v.CreationDate,=,1331251200,u.UpVotes,<=,36#62
comments c,votes v,users u#u.Id=c.UserId,c.PostId=v.PostId#u.Reputation,>=,1,u.Reputation,<=,253,u.Views,=,4#11160
comments c,votes v,users u#u.Id=c.UserId,c.PostId=v.PostId#c.Score,=,1,v.CreationDate,<=,1410307200,u.DownVotes,<=,1#32109
comments c,votes v,users u#u.Id=c.UserId,c.PostId=v.PostId#c.CreationDate,>=,1279589382,v.VoteTypeId,=,2,u.Views,=,0#10615
comments c,votes v,users u#u.Id=c.UserId,c.PostId=v.PostId#v.CreationDate,<=,1410393600,u.DownVotes,<=,7,u.CreationDate,<=,1410139470#425957
comments c,votes v,users u#u.Id=c.UserId,c.PostId=v.PostId#c.Score,=,0,u.DownVotes,<=,0,u.CreationDate,>=,1279567559#212231
comments c,votes v,users u#u.Id=c.UserId,c.PostId=v.PostId#v.VoteTypeId,=,2,v.CreationDate,=,1388275200,u.Reputation,>=,1#369
comments c,votes v,users u#u.Id=c.UserId,c.PostId=v.PostId#c.Score,=,0,v.BountyAmount,>=,0,u.Views,>=,0#4454
comments c,votes v,users u#u.Id=c.UserId,c.PostId=v.PostId#c.CreationDate,<=,1410528633,v.VoteTypeId,=,2,u.Reputation,=,1#3060
comments c,votes v,users u#u.Id=c.UserId,c.PostId=v.PostId#v.VoteTypeId,=,2,v.CreationDate,<=,1409184000,u.Reputation,<=,281#142984
comments c,votes v,users u#u.Id=c.UserId,c.PostId=v.PostId#v.BountyAmount,>=,0,u.UpVotes,>=,0,u.UpVotes,<=,61#2234
comments c,votes v,users u#u.Id=c.UserId,c.PostId=v.PostId#v.CreationDate,<=,1410480000,u.Reputation,<=,493,u.UpVotes,>=,0#238761
comments c,votes v,users u#u.Id=c.UserId,c.PostId=v.PostId#c.Score,=,1,u.CreationDate,>=,1280612039,u.CreationDate,<=,1409755428#119074
comments c,votes v,users u#u.Id=c.UserId,c.PostId=v.PostId#c.Score,=,0,v.BountyAmount,=,0,v.CreationDate,>=,1279584000#6
comments c,votes v,users u#u.Id=c.UserId,c.PostId=v.PostId#v.VoteTypeId,=,2,v.CreationDate,<=,1409875200,u.CreationDate,<=,1407342903#662172
comments c,votes v,users u#u.Id=c.UserId,c.PostId=v.PostId#v.CreationDate,<=,1410393600,u.DownVotes,<=,35,u.UpVotes,>=,0#539871
comments c,votes v,users u#u.Id=c.UserId,c.PostId=v.PostId#c.Score,=,0,u.Reputation,>=,1,u.DownVotes,>=,0#579603
comments c,votes v,users u#u.Id=c.UserId,c.PostId=v.PostId#c.Score,=,0,v.CreationDate,<=,1410393600,u.Reputation,<=,444#194333
comments c,votes v,users u#u.Id=c.UserId,c.PostId=v.PostId#v.CreationDate,>=,1279584000,v.CreationDate,<=,1410566400,u.UpVotes,>=,0#846229
comments c,votes v,users u#u.Id=c.UserId,c.PostId=v.PostId#v.BountyAmount,>=,0,u.DownVotes,>=,0,u.UpVotes,>=,0#5632
comments c,votes v,users u#u.Id=c.UserId,c.PostId=v.PostId#c.Score,=,1,u.CreationDate,>=,1279578129,u.CreationDate,<=,1410244504#131328
comments c,votes v,users u#u.Id=c.UserId,c.PostId=v.PostId#v.VoteTypeId,=,2,u.Reputation,>=,1,u.Reputation,<=,152#106541
comments c,votes v,users u#u.Id=c.UserId,c.PostId=v.PostId#c.Score,=,0,v.CreationDate,<=,1410480000,u.DownVotes,>=,0#579355
comments c,votes v,users u#u.Id=c.UserId,c.PostId=v.PostId#v.BountyAmount,>=,0,v.BountyAmount,<=,50,u.Reputation,<=,185#798
comments c,votes v,users u#u.Id=c.UserId,c.PostId=v.PostId#v.VoteTypeId,=,2,u.DownVotes,>=,0,u.CreationDate,>=,1285315772#454098
comments c,votes v,users u#u.Id=c.UserId,c.PostId=v.PostId#u.Reputation,>=,1,u.Reputation,<=,225,u.DownVotes,>=,0#171459
comments c,votes v,users u#u.Id=c.UserId,c.PostId=v.PostId#c.Score,=,0,v.CreationDate,>=,1279497600,u.Reputation,<=,168#126624
comments c,votes v,users u#u.Id=c.UserId,c.PostId=v.PostId#c.CreationDate,<=,1410420953,v.BountyAmount,=,0,u.CreationDate,<=,1409160144#7
comments c,votes v,users u#u.Id=c.UserId,c.PostId=v.PostId#v.CreationDate,>=,1279497600,u.CreationDate,>=,1289408531,u.CreationDate,<=,1408484007#552290
comments c,votes v,users u#u.Id=c.UserId,c.PostId=v.PostId#c.Score,=,0,v.BountyAmount,=,0,u.CreationDate,>=,1281537092#1
comments c,votes v,users u#u.Id=c.UserId,c.PostId=v.PostId#c.Score,=,1,u.Reputation,>=,1,u.DownVotes,<=,1#32177
comments c,votes v,users u#u.Id=c.UserId,c.PostId=v.PostId#v.VoteTypeId,=,2,u.UpVotes,<=,238,u.CreationDate,>=,1281995832#290853
comments c,votes v,users u#u.Id=c.UserId,c.PostId=v.PostId#u.Views,<=,666,u.CreationDate,>=,1280940696,u.CreationDate,<=,1409710062#424132
comments c,votes v,users u#u.Id=c.UserId,c.PostId=v.PostId#c.Score,=,3,v.VoteTypeId,=,2,u.CreationDate,>=,1293642562#11079
comments c,votes v,users u#u.Id=c.UserId,c.PostId=v.PostId#c.Score,=,0,u.Reputation,<=,378,u.DownVotes,<=,4#177764
comments c,votes v,users u#u.Id=c.UserId,c.PostId=v.PostId#v.BountyAmount,>=,0,v.BountyAmount,<=,0,u.UpVotes,>=,0#7
comments c,votes v,users u#u.Id=c.UserId,c.PostId=v.PostId#v.BountyAmount,>=,0,v.BountyAmount,<=,100,u.CreationDate,<=,1409288193#5178
comments c,votes v,users u#u.Id=c.UserId,c.PostId=v.PostId#v.BountyAmount,=,0,u.Views,>=,0,u.DownVotes,>=,0#7
comments c,votes v,users u#u.Id=c.UserId,c.PostId=v.PostId#c.CreationDate,=,1367255924,v.CreationDate,>=,1279584000,v.CreationDate,<=,1410480000#3
comments c,votes v,users u#u.Id=c.UserId,c.PostId=v.PostId#c.CreationDate,=,1373592230,v.VoteTypeId,=,2,u.Views,<=,813#3
comments c,badges b,users u#u.Id=c.UserId,c.UserId=b.UserId#u.Views,>=,0,u.Views,<=,47,u.DownVotes,=,0#259656
comments c,badges b,users u#u.Id=c.UserId,c.UserId=b.UserId#u.Reputation,>=,1,u.Reputation,<=,315,u.UpVotes,=,0#47881
comments c,badges b,users u#u.Id=c.UserId,c.UserId=b.UserId#u.UpVotes,<=,233,u.CreationDate,>=,1292558317,u.CreationDate,<=,1408830059#1113602
comments c,badges b,users u#u.Id=c.UserId,c.UserId=b.UserId#c.Score,=,1,u.CreationDate,>=,1284494863,u.CreationDate,<=,1410623815#881240
comments c,badges b,users u#u.Id=c.UserId,c.UserId=b.UserId#b.Date,>=,1290910876,u.Reputation,>=,1,u.Reputation,<=,644#459394
comments c,badges b,users u#u.Id=c.UserId,c.UserId=b.UserId#u.Reputation,>=,1,u.Reputation,<=,443,u.CreationDate,>=,1293988082#340228
comments c,badges b,users u#u.Id=c.UserId,c.UserId=b.UserId#u.Reputation,>=,1,u.UpVotes,<=,62,u.CreationDate,=,1362515032#78
comments c,badges b,users u#u.Id=c.UserId,c.UserId=b.UserId#c.Score,=,0,u.DownVotes,>=,0,u.DownVotes,<=,0#443408
comments c,badges b,users u#u.Id=c.UserId,c.UserId=b.UserId#c.CreationDate,<=,1410338152,u.Reputation,>=,1,u.Reputation,<=,260#242795
comments c,badges b,users u#u.Id=c.UserId,c.UserId=b.UserId#c.CreationDate,>=,1279921212,b.Date,>=,1279694292,b.Date,<=,1407505940#15172688
comments c,badges b,users u#u.Id=c.UserId,c.UserId=b.UserId#c.Score,=,0,c.CreationDate,>=,1285945070,b.Date,>=,1279591747#10010629
comments c,badges b,users u#u.Id=c.UserId,c.UserId=b.UserId#c.CreationDate,>=,1280654988,c.CreationDate,<=,1409773400,u.Reputation,=,21#2299
comments c,badges b,users u#u.Id=c.UserId,c.UserId=b.UserId#b.Date,<=,1410398081,u.UpVotes,>=,0,u.CreationDate,<=,1409249864#15864316
comments c,badges b,users u#u.Id=c.UserId,c.UserId=b.UserId#u.Reputation,<=,276,u.UpVotes,>=,0,u.UpVotes,<=,3#102965
comments c,badges b,users u#u.Id=c.UserId,c.UserId=b.UserId#c.CreationDate,<=,1410102715,u.Views,>=,0,u.Views,<=,23#185269
comments c,badges b,users u#u.Id=c.UserId,c.UserId=b.UserId#c.CreationDate,>=,1281391957,c.CreationDate,<=,1409990135,u.Views,>=,0#15690245
comments c,badges b,users u#u.Id=c.UserId,c.UserId=b.UserId#c.CreationDate,>=,1282294186,c.CreationDate,<=,1410651862,u.CreationDate,<=,1410442158#15789245
comments c,badges b,users u#u.Id=c.UserId,c.UserId=b.UserId#c.Score,=,1,b.Date,>=,1280237324,u.Views,<=,67#30971
comments c,badges b,users u#u.Id=c.UserId,c.UserId=b.UserId#b.Date,>=,1280234324,u.Views,=,0,u.DownVotes,<=,1#8443
comments c,badges b,users u#u.Id=c.UserId,c.UserId=b.UserId#c.CreationDate,<=,1410515728,u.Views,>=,0,u.Views,<=,61#370208
comments c,badges b,users u#u.Id=c.UserId,c.UserId=b.UserId#c.CreationDate,<=,1410275213,b.Date,>=,1280217224,b.Date,<=,1410189812#15703122
comments c,badges b,users u#u.Id=c.UserId,c.UserId=b.UserId#c.Score,=,0,u.UpVotes,>=,0,u.CreationDate,>=,1294929177#2917670
comments c,badges b,users u#u.Id=c.UserId,c.UserId=b.UserId#b.Date,<=,1410167823,u.UpVotes,>=,0,u.UpVotes,<=,21#307059
comments c,badges b,users u#u.Id=c.UserId,c.UserId=b.UserId#c.Score,=,1,b.Date,>=,1279929509,u.CreationDate,<=,1406196710#3316619
comments c,badges b,users u#u.Id=c.UserId,c.UserId=b.UserId#u.Reputation,<=,1033,u.DownVotes,>=,0,u.DownVotes,<=,0#396231
comments c,badges b,users u#u.Id=c.UserId,c.UserId=b.UserId#c.CreationDate,>=,1280126788,c.CreationDate,<=,1410644749,u.DownVotes,<=,0#495123
comments c,badges b,users u#u.Id=c.UserId,c.UserId=b.UserId#c.CreationDate,>=,1280177267,u.Views,>=,0,u.CreationDate,>=,1280219757#15280670
comments c,badges b,users u#u.Id=c.UserId,c.UserId=b.UserId#u.Reputation,<=,1726,u.DownVotes,>=,0,u.DownVotes,<=,57#856151
comments c,badges b,users u#u.Id=c.UserId,c.UserId=b.UserId#b.Date,>=,1294301426,u.Views,>=,0,u.DownVotes,>=,0#15008743
comments c,badges b,users u#u.Id=c.UserId,c.UserId=b.UserId#u.DownVotes,>=,0,u.DownVotes,<=,0,u.CreationDate,>=,1279567503#493548
comments c,badges b,users u#u.Id=c.UserId,c.UserId=b.UserId#c.Score,=,0,u.Reputation,>=,1,u.CreationDate,<=,1409058986#10238110
comments c,badges b,users u#u.Id=c.UserId,c.UserId=b.UserId#c.CreationDate,>=,1280223601,c.CreationDate,<=,1410296127,u.Views,<=,240#826981
comments c,badges b,users u#u.Id=c.UserId,c.UserId=b.UserId#u.Reputation,<=,396,u.DownVotes,>=,0,u.UpVotes,>=,0#332176
comments c,badges b,users u#u.Id=c.UserId,c.UserId=b.UserId#c.Score,=,4,u.Views,>=,0,u.DownVotes,<=,0#895
comments c,badges b,users u#u.Id=c.UserId,c.UserId=b.UserId#c.Score,=,0,c.CreationDate,<=,1409781213,u.Reputation,=,43#2142
comments c,badges b,users u#u.Id=c.UserId,c.UserId=b.UserId#c.Score,=,0,u.UpVotes,>=,0,u.UpVotes,<=,9#185539
comments c,badges b,users u#u.Id=c.UserId,c.UserId=b.UserId#u.Reputation,>=,1,u.UpVotes,>=,0,u.UpVotes,<=,20#305746
comments c,badges b,users u#u.Id=c.UserId,c.UserId=b.UserId#b.Date,<=,1409539542,u.Reputation,<=,143,u.Views,<=,176#149175
comments c,badges b,users u#u.Id=c.UserId,c.UserId=b.UserId#c.CreationDate,>=,1279568912,c.CreationDate,<=,1410443461,u.DownVotes,<=,2#768574
comments c,badges b,users u#u.Id=c.UserId,c.UserId=b.UserId#c.Score,=,0,b.Date,>=,1280270927,u.Views,=,9#8364
comments c,badges b,users u#u.Id=c.UserId,c.UserId=b.UserId#c.Score,=,0,u.Views,<=,17,u.DownVotes,>=,0#142616
comments c,badges b,users u#u.Id=c.UserId,c.UserId=b.UserId#c.Score,=,0,u.UpVotes,>=,0,u.CreationDate,>=,1302099232#2429281
comments c,badges b,users u#u.Id=c.UserId,c.UserId=b.UserId#c.Score,=,0,u.Reputation,>=,1,u.UpVotes,=,0#48582
comments c,badges b,users u#u.Id=c.UserId,c.UserId=b.UserId#u.Views,<=,124,u.DownVotes,>=,0,u.UpVotes,<=,630#588511
comments c,badges b,users u#u.Id=c.UserId,c.UserId=b.UserId#u.Reputation,>=,1,u.Reputation,<=,1159,u.DownVotes,<=,0#400437
comments c,badges b,users u#u.Id=c.UserId,c.UserId=b.UserId#u.Reputation,=,101,u.DownVotes,>=,0,u.DownVotes,<=,0#1758
comments c,badges b,users u#u.Id=c.UserId,c.UserId=b.UserId#b.Date,>=,1280779511,u.DownVotes,>=,0,u.UpVotes,>=,0#15843975
comments c,badges b,users u#u.Id=c.UserId,c.UserId=b.UserId#b.Date,>=,1279572546,b.Date,<=,1410434479,u.UpVotes,<=,22#318651
comments c,badges b,users u#u.Id=c.UserId,c.UserId=b.UserId#b.Date,>=,1280220824,u.DownVotes,>=,0,u.DownVotes,<=,0#494191
comments c,badges b,users u#u.Id=c.UserId,c.UserId=b.UserId#c.Score,=,0,c.CreationDate,<=,1410450749,u.DownVotes,<=,1#567837
comments c,badges b,users u#u.Id=c.UserId,c.UserId=b.UserId#c.Score,=,0,u.Reputation,>=,1,u.Views,<=,1673#2223505
comments c,badges b,users u#u.Id=c.UserId,c.UserId=b.UserId#b.Date,>=,1283402045,u.CreationDate,>=,1299466527,u.CreationDate,<=,1408449583#3510525
comments c,badges b,users u#u.Id=c.UserId,c.UserId=b.UserId#b.Date,=,1401355207,u.Views,>=,0,u.Views,<=,34#6
comments c,badges b,users u#u.Id=c.UserId,c.UserId=b.UserId#u.Views,>=,0,u.Views,<=,12,u.DownVotes,>=,0#120003
comments c,badges b,users u#u.Id=c.UserId,c.UserId=b.UserId#c.CreationDate,<=,1410267137,u.DownVotes,<=,3,u.UpVotes,<=,51#459706
comments c,badges b,users u#u.Id=c.UserId,c.UserId=b.UserId#c.CreationDate,=,1384784554,u.Views,>=,0,u.Views,<=,147#10
comments c,badges b,users u#u.Id=c.UserId,c.UserId=b.UserId#b.Date,<=,1408444038,u.DownVotes,>=,0,u.DownVotes,<=,0#486067
comments c,badges b,users u#u.Id=c.UserId,c.UserId=b.UserId#u.DownVotes,>=,0,u.DownVotes,<=,0,u.CreationDate,>=,1284024553#423460
comments c,badges b,users u#u.Id=c.UserId,c.UserId=b.UserId#c.Score,=,2,b.Date,<=,1409919508,u.UpVotes,=,1#197
comments c,badges b,users u#u.Id=c.UserId,c.UserId=b.UserId#c.CreationDate,>=,1279606472,b.Date,>=,1279568350,u.UpVotes,<=,155#1100439
comments c,badges b,users u#u.Id=c.UserId,c.UserId=b.UserId#c.CreationDate,<=,1409955442,b.Date,>=,1284308741,u.CreationDate,>=,1298389606#3510077
comments c,badges b,users u#u.Id=c.UserId,c.UserId=b.UserId#c.CreationDate,>=,1236111136,c.CreationDate,<=,1409527615,b.Date,>=,1280825715#15605017
comments c,badges b,users u#u.Id=c.UserId,c.UserId=b.UserId#c.CreationDate,>=,1283621168,c.CreationDate,<=,1410365363,u.Views,>=,0#15679033
comments c,badges b,users u#u.Id=c.UserId,c.UserId=b.UserId#u.Views,<=,80,u.UpVotes,<=,41,u.CreationDate,>=,1284603032#327652
comments c,badges b,users u#u.Id=c.UserId,c.UserId=b.UserId#c.Score,=,1,b.Date,>=,1281291263,b.Date,<=,1407655776#3175980
comments c,badges b,users u#u.Id=c.UserId,c.UserId=b.UserId#c.Score,=,0,u.Views,>=,0,u.Views,<=,29#203151
comments c,badges b,users u#u.Id=c.UserId,c.UserId=b.UserId#b.Date,>=,1280190523,u.Reputation,<=,178,u.CreationDate,>=,1280183884#184365
comments c,badges b,users u#u.Id=c.UserId,c.UserId=b.UserId#b.Date,=,1311946739,u.DownVotes,>=,0,u.CreationDate,<=,1410340505#5532
comments c,badges b,users u#u.Id=c.UserId,c.UserId=b.UserId#u.Views,<=,48,u.UpVotes,>=,0,u.CreationDate,<=,1408946933#314167
comments c,badges b,users u#u.Id=c.UserId,c.UserId=b.UserId#u.Views,=,2,u.CreationDate,>=,1298452950,u.CreationDate,<=,1408992486#10433
comments c,badges b,users u#u.Id=c.UserId,c.UserId=b.UserId#c.Score,=,0,b.Date,>=,1280200424,u.UpVotes,=,0#48572
comments c,badges b,users u#u.Id=c.UserId,c.UserId=b.UserId#c.CreationDate,>=,1279653165,c.CreationDate,<=,1409843668,u.CreationDate,<=,1410387551#15720980
comments c,badges b,users u#u.Id=c.UserId,c.UserId=b.UserId#b.Date,<=,1409513073,u.DownVotes,>=,0,u.UpVotes,<=,360#1665294
comments c,badges b,users u#u.Id=c.UserId,c.UserId=b.UserId#c.Score,=,0,u.Views,<=,80,u.CreationDate,>=,1279566508#407268
comments c,badges b,users u#u.Id=c.UserId,c.UserId=b.UserId#c.Score,=,0,b.Date,>=,1280919934,u.UpVotes,<=,33#358618
comments c,badges b,users u#u.Id=c.UserId,c.UserId=b.UserId#c.CreationDate,>=,1280162707,u.CreationDate,>=,1287157891,u.CreationDate,<=,1408747237#4682802
comments c,badges b,users u#u.Id=c.UserId,c.UserId=b.UserId#b.Date,<=,1409445862,u.CreationDate,>=,1280219757,u.CreationDate,<=,1410651927#15044483
comments c,badges b,users u#u.Id=c.UserId,c.UserId=b.UserId#c.Score,=,1,b.Date,>=,1280180322,b.Date,<=,1410596450#3316446
comments c,badges b,users u#u.Id=c.UserId,c.UserId=b.UserId#b.Date,<=,1408971893,u.Reputation,<=,4128,u.DownVotes,<=,10#992677
comments c,badges b,users u#u.Id=c.UserId,c.UserId=b.UserId#c.Score,=,1,u.UpVotes,>=,0,u.UpVotes,<=,22#22791
comments c,badges b,users u#u.Id=c.UserId,c.UserId=b.UserId#u.Reputation,<=,175,u.UpVotes,>=,0,u.CreationDate,>=,1281037285#179825
comments c,badges b,users u#u.Id=c.UserId,c.UserId=b.UserId#u.Views,=,2,u.CreationDate,>=,1279631353,u.CreationDate,<=,1410436235#10824
comments c,badges b,users u#u.Id=c.UserId,c.UserId=b.UserId#c.Score,=,0,u.Views,>=,0,u.UpVotes,<=,10#196256
comments c,badges b,users u#u.Id=c.UserId,c.UserId=b.UserId#c.Score,=,0,u.DownVotes,=,0,u.UpVotes,>=,0#443408
comments c,badges b,users u#u.Id=c.UserId,c.UserId=b.UserId#u.Reputation,>=,1,u.DownVotes,>=,0,u.CreationDate,<=,1409228156#15899360
comments c,badges b,users u#u.Id=c.UserId,c.UserId=b.UserId#c.Score,=,0,b.Date,>=,1283489355,u.UpVotes,>=,0#10075392
comments c,badges b,users u#u.Id=c.UserId,c.UserId=b.UserId#u.Reputation,>=,1,u.DownVotes,>=,0,u.UpVotes,<=,6#161244
comments c,badges b,users u#u.Id=c.UserId,c.UserId=b.UserId#b.Date,>=,1281460491,b.Date,<=,1408444038,u.Reputation,=,1#1724
comments c,badges b,users u#u.Id=c.UserId,c.UserId=b.UserId#c.CreationDate,>=,1284965150,b.Date,>=,1280179122,u.Views,>=,0#15615728
comments c,badges b,users u#u.Id=c.UserId,c.UserId=b.UserId#c.CreationDate,>=,1280164188,u.UpVotes,=,0,u.CreationDate,<=,1410448410#52315
comments c,badges b,users u#u.Id=c.UserId,c.UserId=b.UserId#u.Reputation,=,1,u.UpVotes,<=,44,u.CreationDate,<=,1406638860#1700
comments c,badges b,users u#u.Id=c.UserId,c.UserId=b.UserId#c.CreationDate,>=,1280940846,b.Date,<=,1409947133,u.CreationDate,<=,1410180287#15697367
comments c,badges b,users u#u.Id=c.UserId,c.UserId=b.UserId#c.Score,=,0,c.CreationDate,=,1397059622,b.Date,<=,1410546094#6
comments c,badges b,users u#u.Id=c.UserId,c.UserId=b.UserId#u.Views,<=,73,u.UpVotes,>=,0,u.UpVotes,<=,61#359391
comments c,badges b,users u#u.Id=c.UserId,c.UserId=b.UserId#u.Reputation,>=,1,u.Views,<=,57,u.DownVotes,=,0#280898
comments c,badges b,users u#u.Id=c.UserId,c.UserId=b.UserId#c.Score,=,0,c.CreationDate,>=,1280450545,u.Views,>=,0#10212684
comments c,badges b,users u#u.Id=c.UserId,c.UserId=b.UserId#c.CreationDate,>=,1280234116,u.UpVotes,>=,0,u.UpVotes,<=,37#419814
comments c,badges b,users u#u.Id=c.UserId,c.UserId=b.UserId#c.Score,=,0,u.UpVotes,>=,0,u.UpVotes,<=,13#225349
comments c,badges b,users u#u.Id=c.UserId,c.UserId=b.UserId#b.Date,<=,1410446893,u.Reputation,<=,315,u.UpVotes,<=,7#150330
comments c,badges b,users u#u.Id=c.UserId,c.UserId=b.UserId#c.Score,=,0,b.Date,<=,1409228568,u.DownVotes,=,0#437929
comments c,badges b,users u#u.Id=c.UserId,c.UserId=b.UserId#c.Score,=,0,u.Reputation,>=,1,u.Reputation,<=,553#385607
comments c,badges b,users u#u.Id=c.UserId,c.UserId=b.UserId#c.CreationDate,>=,1279818684,u.DownVotes,<=,1,u.UpVotes,=,0#52366
comments c,badges b,users u#u.Id=c.UserId,c.UserId=b.UserId#b.Date,>=,1279569547,b.Date,<=,1410578716,u.Reputation,<=,301#269018
comments c,badges b,users u#u.Id=c.UserId,c.UserId=b.UserId#c.Score,=,0,c.CreationDate,<=,1410293625,u.CreationDate,>=,1315987214#1921417
comments c,badges b,users u#u.Id=c.UserId,c.UserId=b.UserId#c.Score,=,0,c.CreationDate,>=,1280333902,u.Reputation,<=,312#263986
comments c,badges b,users u#u.Id=c.UserId,c.UserId=b.UserId#c.Score,=,0,u.Reputation,>=,1,u.Reputation,<=,246#217656
comments c,badges b,users u#u.Id=c.UserId,c.UserId=b.UserId#c.Score,=,0,c.CreationDate,<=,1410524117,u.DownVotes,<=,1#568122
comments c,badges b,users u#u.Id=c.UserId,c.UserId=b.UserId#c.Score,=,0,b.Date,<=,1409843349,u.Reputation,>=,1#10122887
comments c,badges b,users u#u.Id=c.UserId,c.UserId=b.UserId#u.Reputation,<=,346,u.DownVotes,>=,0,u.DownVotes,<=,23#301647
comments c,badges b,users u#u.Id=c.UserId,c.UserId=b.UserId#u.Reputation,>=,1,u.Views,<=,842,u.UpVotes,<=,55#535535
comments c,badges b,users u#u.Id=c.UserId,c.UserId=b.UserId#b.Date,>=,1281460491,u.Reputation,>=,1,u.UpVotes,=,22#10509
comments c,badges b,users u#u.Id=c.UserId,c.UserId=b.UserId#u.Reputation,<=,517,u.Views,<=,9,u.CreationDate,<=,1410270461#98683
comments c,badges b,users u#u.Id=c.UserId,c.UserId=b.UserId#u.Reputation,>=,1,u.Reputation,<=,105,u.CreationDate,>=,1285060695#103410
comments c,badges b,users u#u.Id=c.UserId,c.UserId=b.UserId#b.Date,>=,1281121046,b.Date,<=,1410332472,u.UpVotes,>=,0#15775235
comments c,badges b,users u#u.Id=c.UserId,c.UserId=b.UserId#c.CreationDate,>=,1282164310,u.CreationDate,>=,1280447873,u.CreationDate,<=,1410362043#15047211
comments c,badges b,users u#u.Id=c.UserId,c.UserId=b.UserId#c.CreationDate,>=,1279733032,u.Reputation,<=,526,u.Views,<=,44#275420
comments c,badges b,users u#u.Id=c.UserId,c.UserId=b.UserId#u.Reputation,<=,302,u.UpVotes,>=,0,u.UpVotes,<=,24#220551
comments c,badges b,users u#u.Id=c.UserId,c.UserId=b.UserId#u.UpVotes,<=,7,u.CreationDate,>=,1289487032,u.CreationDate,<=,1406233444#164196
comments c,badges b,users u#u.Id=c.UserId,c.UserId=b.UserId#b.Date,<=,1409748894,u.Views,=,12,u.DownVotes,<=,6#6284
comments c,badges b,users u#u.Id=c.UserId,c.UserId=b.UserId#u.Reputation,>=,1,u.Reputation,<=,185,u.DownVotes,<=,0#180933
comments c,badges b,users u#u.Id=c.UserId,c.UserId=b.UserId#c.Score,=,1,u.Reputation,>=,1,u.Views,=,0#500
comments c,badges b,users u#u.Id=c.UserId,c.UserId=b.UserId#c.Score,=,0,b.Date,<=,1409254156,u.CreationDate,<=,1408696070#10055052
comments c,badges b,users u#u.Id=c.UserId,c.UserId=b.UserId#c.Score,=,1,u.UpVotes,>=,0,u.UpVotes,<=,204#169739
comments c,badges b,users u#u.Id=c.UserId,c.UserId=b.UserId#u.DownVotes,<=,2,u.UpVotes,>=,0,u.UpVotes,<=,163#612092
comments c,badges b,users u#u.Id=c.UserId,c.UserId=b.UserId#c.CreationDate,>=,1280174061,u.Reputation,>=,1,u.Reputation,<=,140#149498
comments c,badges b,users u#u.Id=c.UserId,c.UserId=b.UserId#c.Score,=,0,b.Date,<=,1409319945,u.Reputation,>=,1#10058761
comments c,badges b,users u#u.Id=c.UserId,c.UserId=b.UserId#c.Score,=,0,c.CreationDate,>=,1279571847,c.CreationDate,<=,1409753255#10107927
comments c,badges b,users u#u.Id=c.UserId,c.UserId=b.UserId#u.Reputation,>=,1,u.Reputation,<=,3536,u.Views,>=,0#1197872
comments c,badges b,users u#u.Id=c.UserId,c.UserId=b.UserId#c.CreationDate,<=,1410543592,b.Date,>=,1287670220,u.Reputation,<=,163#170595
comments c,badges b,users u#u.Id=c.UserId,c.UserId=b.UserId#u.Views,>=,0,u.DownVotes,<=,0,u.UpVotes,<=,58#365036
comments c,badges b,users u#u.Id=c.UserId,c.UserId=b.UserId#b.Date,>=,1280222024,u.CreationDate,>=,1279634506,u.CreationDate,<=,1409608101#15411125
comments c,badges b,users u#u.Id=c.UserId,c.UserId=b.UserId#c.CreationDate,<=,1409845158,u.DownVotes,>=,0,u.CreationDate,>=,1289073824#4576411
comments c,badges b,users u#u.Id=c.UserId,c.UserId=b.UserId#u.Reputation,<=,286,u.Views,>=,0,u.DownVotes,>=,0#260103
comments c,badges b,users u#u.Id=c.UserId,c.UserId=b.UserId#c.Score,=,0,b.Date,>=,1281651599,u.UpVotes,=,0#48537
comments c,badges b,users u#u.Id=c.UserId,c.UserId=b.UserId#u.Views,>=,0,u.UpVotes,<=,2319,u.CreationDate,>=,1280172803#3757414
comments c,badges b,users u#u.Id=c.UserId,c.UserId=b.UserId#c.Score,=,1,c.CreationDate,>=,1280412479,b.Date,<=,1409693911#3268354
comments c,badges b,users u#u.Id=c.UserId,c.UserId=b.UserId#c.Score,=,0,u.UpVotes,<=,11,u.CreationDate,>=,1279810530#201734
comments c,badges b,users u#u.Id=c.UserId,c.UserId=b.UserId#c.CreationDate,=,1320803171,u.Views,>=,0,u.Views,<=,973#8
comments c,badges b,users u#u.Id=c.UserId,c.UserId=b.UserId#c.CreationDate,<=,1409856777,u.Reputation,>=,1,u.CreationDate,<=,1410265311#15735567
comments c,badges b,users u#u.Id=c.UserId,c.UserId=b.UserId#c.Score,=,0,u.DownVotes,>=,0,u.UpVotes,>=,0#10238947
comments c,badges b,users u#u.Id=c.UserId,c.UserId=b.UserId#c.Score,=,0,u.Reputation,>=,1,u.CreationDate,<=,1409527920#10238510
comments c,badges b,users u#u.Id=c.UserId,c.UserId=b.UserId#u.DownVotes,=,0,u.UpVotes,>=,0,u.UpVotes,<=,25#281908
comments c,badges b,users u#u.Id=c.UserId,c.UserId=b.UserId#b.Date,>=,1279568350,b.Date,<=,1407368696,u.CreationDate,<=,1410635177#15187000
comments c,badges b,users u#u.Id=c.UserId,c.UserId=b.UserId#c.CreationDate,<=,1410436533,u.UpVotes,<=,51,u.CreationDate,>=,1280180843#508019
comments c,badges b,users u#u.Id=c.UserId,c.UserId=b.UserId#u.DownVotes,<=,6,u.CreationDate,>=,1279597631,u.CreationDate,<=,1409058757#1226646
comments c,badges b,users u#u.Id=c.UserId,c.UserId=b.UserId#c.CreationDate,>=,1279713490,u.DownVotes,>=,0,u.UpVotes,>=,0#15888808
comments c,badges b,users u#u.Id=c.UserId,c.UserId=b.UserId#c.CreationDate,>=,1280151090,b.Date,>=,1279568947,u.CreationDate,>=,1279566525#15835445
comments c,badges b,users u#u.Id=c.UserId,c.UserId=b.UserId#c.Score,=,1,c.CreationDate,>=,1280049325,c.CreationDate,<=,1410545940#3316405
comments c,badges b,users u#u.Id=c.UserId,c.UserId=b.UserId#c.CreationDate,<=,1410645693,b.Date,>=,1279598348,u.CreationDate,>=,1301411166#3481920
comments c,badges b,users u#u.Id=c.UserId,c.UserId=b.UserId#c.Score,=,0,u.Reputation,<=,615,u.CreationDate,>=,1282252800#397363
comments c,badges b,users u#u.Id=c.UserId,c.UserId=b.UserId#c.CreationDate,<=,1409922148,b.Date,=,1394292183,u.Views,<=,238#17
comments c,badges b,users u#u.Id=c.UserId,c.UserId=b.UserId#c.CreationDate,>=,1279699544,b.Date,>=,1281366573,u.UpVotes,<=,3#117068
comments c,badges b,users u#u.Id=c.UserId,c.UserId=b.UserId#c.Score,=,0,c.CreationDate,<=,1410313712,b.Date,<=,1407453753#9744118
comments c,badges b,users u#u.Id=c.UserId,c.UserId=b.UserId#u.DownVotes,>=,0,u.UpVotes,>=,0,u.CreationDate,<=,1409419413#15899481
comments c,badges b,users u#u.Id=c.UserId,c.UserId=b.UserId#c.CreationDate,>=,1280714876,u.Reputation,>=,1,u.CreationDate,=,1362957568#21
comments c,badges b,users u#u.Id=c.UserId,c.UserId=b.UserId#c.Score,=,0,u.Reputation,<=,325,u.Views,>=,0#271007
comments c,badges b,users u#u.Id=c.UserId,c.UserId=b.UserId#u.Reputation,<=,197,u.Views,<=,1660,u.UpVotes,<=,31#181558
comments c,badges b,users u#u.Id=c.UserId,c.UserId=b.UserId#u.Views,<=,178,u.UpVotes,>=,0,u.UpVotes,<=,34#380182
comments c,badges b,users u#u.Id=c.UserId,c.UserId=b.UserId#u.Views,<=,10,u.DownVotes,<=,0,u.UpVotes,>=,0#102223
comments c,badges b,users u#u.Id=c.UserId,c.UserId=b.UserId#c.Score,=,1,u.DownVotes,>=,0,u.UpVotes,>=,0#3322860
comments c,badges b,users u#u.Id=c.UserId,c.UserId=b.UserId#u.DownVotes,>=,0,u.DownVotes,<=,0,u.UpVotes,<=,26#284845
comments c,badges b,users u#u.Id=c.UserId,c.UserId=b.UserId#u.Reputation,>=,1,u.Reputation,<=,153,u.Views,<=,73#155552
comments c,badges b,users u#u.Id=c.UserId,c.UserId=b.UserId#u.DownVotes,>=,0,u.CreationDate,>=,1284622036,u.CreationDate,<=,1410601981#4776782
comments c,badges b,users u#u.Id=c.UserId,c.UserId=b.UserId#b.Date,<=,1409245784,u.Views,>=,0,u.UpVotes,>=,0#15627093
comments c,badges b,users u#u.Id=c.UserId,c.UserId=b.UserId#b.Date,=,1293224850,u.DownVotes,<=,0,u.UpVotes,>=,0#9
comments c,badges b,users u#u.Id=c.UserId,c.UserId=b.UserId#b.Date,>=,1280251724,b.Date,<=,1410606964,u.UpVotes,>=,0#15852719
comments c,badges b,users u#u.Id=c.UserId,c.UserId=b.UserId#u.Reputation,<=,331,u.DownVotes,>=,0,u.CreationDate,<=,1410216793#297302
comments c,badges b,users u#u.Id=c.UserId,c.UserId=b.UserId#u.Reputation,>=,1,u.Views,>=,0,u.DownVotes,<=,0#496512
comments c,badges b,users u#u.Id=c.UserId,c.UserId=b.UserId#c.CreationDate,>=,1279900247,c.CreationDate,<=,1410345970,u.DownVotes,<=,57#3441943
comments c,badges b,users u#u.Id=c.UserId,c.UserId=b.UserId#u.Views,>=,0,u.Views,<=,124,u.CreationDate,>=,1285703418#548286
comments c,badges b,users u#u.Id=c.UserId,c.UserId=b.UserId#u.Views,=,0,u.CreationDate,>=,1287755447,u.CreationDate,<=,1408536439#8049
comments c,badges b,users u#u.Id=c.UserId,c.UserId=b.UserId#c.Score,=,0,c.CreationDate,>=,1280088604,b.Date,>=,1288663548#9882851
comments c,badges b,users u#u.Id=c.UserId,c.UserId=b.UserId#c.CreationDate,=,1394557158,u.DownVotes,>=,0,u.CreationDate,<=,1409470210#57
comments c,badges b,users u#u.Id=c.UserId,c.UserId=b.UserId#c.Score,=,0,c.CreationDate,>=,1278798609,u.DownVotes,>=,0#10238874
comments c,badges b,users u#u.Id=c.UserId,c.UserId=b.UserId#c.Score,=,0,u.UpVotes,>=,0,u.UpVotes,<=,2219#2951557
comments c,badges b,users u#u.Id=c.UserId,c.UserId=b.UserId#c.Score,=,0,c.CreationDate,>=,1280220751,u.DownVotes,>=,0#10221819
comments c,badges b,users u#u.Id=c.UserId,c.UserId=b.UserId#c.Score,=,1,b.Date,<=,1409821504,u.CreationDate,>=,1291892903#808405
comments c,badges b,users u#u.Id=c.UserId,c.UserId=b.UserId#b.Date,>=,1284362772,b.Date,<=,1409540489,u.Reputation,>=,1#15374452
comments c,badges b,users u#u.Id=c.UserId,c.UserId=b.UserId#c.Score,=,0,b.Date,<=,1409957356,u.Views,<=,81#406835
comments c,badges b,users u#u.Id=c.UserId,c.UserId=b.UserId#u.Views,>=,0,u.DownVotes,>=,0,u.DownVotes,<=,44#2967937
comments c,badges b,users u#u.Id=c.UserId,c.UserId=b.UserId#u.Reputation,>=,1,u.Reputation,<=,522,u.DownVotes,<=,0#309151
comments c,badges b,users u#u.Id=c.UserId,c.UserId=b.UserId#u.Views,<=,12,u.CreationDate,>=,1280215687,u.CreationDate,<=,1406567452#116917
comments c,badges b,users u#u.Id=c.UserId,c.UserId=b.UserId#c.Score,=,2,u.Views,>=,0,u.DownVotes,>=,0#1331833
comments c,badges b,users u#u.Id=c.UserId,c.UserId=b.UserId#c.Score,=,0,b.Date,>=,1285844818,u.UpVotes,<=,88#626272
comments c,badges b,users u#u.Id=c.UserId,c.UserId=b.UserId#u.Reputation,<=,668,u.Views,>=,0,u.Views,<=,16#147543
comments c,badges b,users u#u.Id=c.UserId,c.UserId=b.UserId#c.Score,=,0,c.CreationDate,>=,1281356557,u.Reputation,<=,173#168421
comments c,badges b,users u#u.Id=c.UserId,c.UserId=b.UserId#b.Date,<=,1410546094,u.Reputation,>=,1,u.DownVotes,<=,0#495964
comments c,badges b,users u#u.Id=c.UserId,c.UserId=b.UserId#c.Score,=,0,u.Reputation,<=,6140,u.UpVotes,<=,68#515508
comments c,badges b,users u#u.Id=c.UserId,c.UserId=b.UserId#u.Views,=,7,u.DownVotes,=,0,u.UpVotes,>=,0#9216
comments c,badges b,users u#u.Id=c.UserId,c.UserId=b.UserId#c.Score,=,0,b.Date,>=,1279568350,u.DownVotes,<=,54#2471995
comments c,badges b,users u#u.Id=c.UserId,c.UserId=b.UserId#c.Score,=,0,u.Reputation,>=,1,u.UpVotes,<=,18#261931
comments c,badges b,users u#u.Id=c.UserId,c.UserId=b.UserId#u.Views,>=,0,u.Views,<=,77,u.CreationDate,>=,1279574571#439870
comments c,badges b,users u#u.Id=c.UserId,c.UserId=b.UserId#c.Score,=,0,u.Reputation,>=,1,u.Views,>=,0#10238947
comments c,badges b,users u#u.Id=c.UserId,c.UserId=b.UserId#c.CreationDate,>=,1279906329,u.Reputation,=,1,u.DownVotes,=,0#1805
comments c,badges b,users u#u.Id=c.UserId,c.UserId=b.UserId#c.CreationDate,>=,1282932699,c.CreationDate,<=,1409755249,u.CreationDate,<=,1410360218#15567234
comments c,badges b,users u#u.Id=c.UserId,c.UserId=b.UserId#c.CreationDate,>=,1279645885,b.Date,>=,1282001023,u.UpVotes,>=,0#15757214
comments c,badges b,users u#u.Id=c.UserId,c.UserId=b.UserId#c.Score,=,0,c.CreationDate,<=,1408691298,b.Date,<=,1410428154#9970902
comments c,badges b,users u#u.Id=c.UserId,c.UserId=b.UserId#c.Score,=,0,u.Reputation,<=,416,u.DownVotes,=,0#265168
comments c,badges b,users u#u.Id=c.UserId,c.UserId=b.UserId#b.Date,<=,1409649785,u.DownVotes,=,0,u.CreationDate,>=,1287473936#410366
comments c,badges b,users u#u.Id=c.UserId,c.UserId=b.UserId#u.Views,>=,0,u.DownVotes,<=,0,u.UpVotes,=,0#52217
comments c,badges b,users u#u.Id=c.UserId,c.UserId=b.UserId#u.Reputation,>=,1,u.DownVotes,<=,15,u.CreationDate,>=,1281102963#1739565
comments c,badges b,users u#u.Id=c.UserId,c.UserId=b.UserId#u.Reputation,>=,1,u.Views,<=,125,u.UpVotes,<=,49#408025
comments c,badges b,users u#u.Id=c.UserId,c.UserId=b.UserId#b.Date,>=,1298051886,u.Reputation,>=,1,u.DownVotes,<=,1#607438
comments c,badges b,users u#u.Id=c.UserId,c.UserId=b.UserId#b.Date,<=,1409889242,u.Reputation,<=,931,u.UpVotes,<=,62#448532
comments c,badges b,users u#u.Id=c.UserId,c.UserId=b.UserId#u.Reputation,<=,141,u.DownVotes,=,0,u.CreationDate,>=,1283480916#142247
comments c,badges b,users u#u.Id=c.UserId,c.UserId=b.UserId#c.CreationDate,<=,1410290605,u.Views,<=,17,u.CreationDate,<=,1409592461#152933
comments c,badges b,users u#u.Id=c.UserId,c.UserId=b.UserId#c.Score,=,0,u.Views,>=,0,u.Views,<=,182#619051
comments c,badges b,users u#u.Id=c.UserId,c.UserId=b.UserId#c.Score,=,1,b.Date,<=,1410052735,u.Reputation,=,1#58
comments c,badges b,users u#u.Id=c.UserId,c.UserId=b.UserId#u.Views,<=,24,u.DownVotes,>=,0,u.DownVotes,<=,0#179838
comments c,badges b,users u#u.Id=c.UserId,c.UserId=b.UserId#c.CreationDate,>=,1285533297,c.CreationDate,<=,1410509889,u.Views,>=,0#15585441
comments c,badges b,users u#u.Id=c.UserId,c.UserId=b.UserId#b.Date,<=,1410270823,u.CreationDate,>=,1284628205,u.CreationDate,<=,1408349183#4753210
comments c,badges b,users u#u.Id=c.UserId,c.UserId=b.UserId#u.Reputation,>=,1,u.DownVotes,>=,0,u.DownVotes,<=,0#496512
comments c,badges b,users u#u.Id=c.UserId,c.UserId=b.UserId#b.Date,<=,1409688587,u.Reputation,<=,302,u.UpVotes,>=,0#266983
comments c,badges b,users u#u.Id=c.UserId,c.UserId=b.UserId#b.Date,>=,1279577046,b.Date,<=,1410612548,u.DownVotes,>=,0#15892107
comments c,badges b,users u#u.Id=c.UserId,c.UserId=b.UserId#c.Score,=,0,u.Reputation,>=,1,u.Reputation,<=,101#93330
comments c,badges b,users u#u.Id=c.UserId,c.UserId=b.UserId#u.Views,>=,0,u.Views,<=,216,u.DownVotes,>=,0#798536
comments c,badges b,users u#u.Id=c.UserId,c.UserId=b.UserId#c.CreationDate,<=,1410288209,u.Reputation,>=,1,u.Views,<=,32#238161
comments c,badges b,users u#u.Id=c.UserId,c.UserId=b.UserId#c.Score,=,0,u.Views,>=,0,u.Views,<=,76#395100
comments c,badges b,users u#u.Id=c.UserId,c.UserId=b.UserId#u.UpVotes,<=,20,u.CreationDate,>=,1300557324,u.CreationDate,<=,1410270461#255973
comments c,badges b,users u#u.Id=c.UserId,c.UserId=b.UserId#c.Score,=,0,u.Views,=,1,u.UpVotes,<=,48#10551
comments c,badges b,users u#u.Id=c.UserId,c.UserId=b.UserId#c.Score,=,0,u.UpVotes,>=,0,u.UpVotes,<=,3079#3538185
comments c,badges b,users u#u.Id=c.UserId,c.UserId=b.UserId#c.Score,=,0,c.CreationDate,>=,1282215436,c.CreationDate,<=,1410170213#10097893
comments c,badges b,users u#u.Id=c.UserId,c.UserId=b.UserId#c.CreationDate,<=,1410311934,u.Views,>=,0,u.Views,<=,29#220670
comments c,badges b,users u#u.Id=c.UserId,c.UserId=b.UserId#c.Score,=,0,c.CreationDate,>=,1279801999,c.CreationDate,<=,1410643872#10230016
comments c,badges b,users u#u.Id=c.UserId,c.UserId=b.UserId#u.Reputation,>=,1,u.Reputation,<=,316,u.DownVotes,<=,0#244146
comments c,badges b,users u#u.Id=c.UserId,c.UserId=b.UserId#b.Date,>=,1279648342,u.Reputation,=,133,u.UpVotes,>=,0#1278
comments c,badges b,users u#u.Id=c.UserId,c.UserId=b.UserId#u.Views,>=,0,u.Views,<=,76,u.DownVotes,>=,0#442179
comments c,badges b,users u#u.Id=c.UserId,c.UserId=b.UserId#c.Score,=,0,u.Reputation,>=,1,u.Reputation,<=,208#193116
comments c,badges b,users u#u.Id=c.UserId,c.UserId=b.UserId#c.Score,=,0,c.CreationDate,>=,1281599746,u.CreationDate,<=,1410180287#10186344
comments c,badges b,users u#u.Id=c.UserId,c.UserId=b.UserId#c.Score,=,0,b.Date,>=,1280275127,b.Date,<=,1410216057#10152572
comments c,badges b,users u#u.Id=c.UserId,c.UserId=b.UserId#c.Score,=,3,b.Date,>=,1280166521,u.Reputation,>=,1#534002
comments c,badges b,users u#u.Id=c.UserId,c.UserId=b.UserId#c.Score,=,0,u.Reputation,=,102,u.Views,>=,0#421
comments c,badges b,users u#u.Id=c.UserId,c.UserId=b.UserId#u.Views,>=,0,u.DownVotes,>=,0,u.DownVotes,<=,1#652587
comments c,badges b,users u#u.Id=c.UserId,c.UserId=b.UserId#c.Score,=,0,b.Date,>=,1279631952,u.CreationDate,<=,1408117764#10221664
comments c,badges b,users u#u.Id=c.UserId,c.UserId=b.UserId#u.Views,<=,25,u.CreationDate,>=,1280185079,u.CreationDate,<=,1408449869#198269
comments c,badges b,users u#u.Id=c.UserId,c.UserId=b.UserId#b.Date,>=,1283221700,b.Date,<=,1410371549,u.CreationDate,>=,1279591902#15375775
comments c,badges b,users u#u.Id=c.UserId,c.UserId=b.UserId#c.CreationDate,>=,1279695451,u.DownVotes,<=,0,u.UpVotes,<=,34#308335
comments c,badges b,users u#u.Id=c.UserId,c.UserId=b.UserId#c.Score,=,0,u.Reputation,>=,1,u.Views,<=,28#199124
comments c,badges b,users u#u.Id=c.UserId,c.UserId=b.UserId#u.Reputation,>=,1,u.Views,<=,24,u.UpVotes,<=,155#193114
comments c,badges b,users u#u.Id=c.UserId,c.UserId=b.UserId#c.CreationDate,<=,1409490173,b.Date,<=,1410353907,u.Views,>=,0#15608790
comments c,badges b,users u#u.Id=c.UserId,c.UserId=b.UserId#c.CreationDate,>=,1279570273,b.Date,<=,1406662411,u.UpVotes,>=,0#14976453
comments c,badges b,users u#u.Id=c.UserId,c.UserId=b.UserId#c.Score,=,1,b.Date,<=,1409779999,u.UpVotes,<=,160#142617
comments c,badges b,users u#u.Id=c.UserId,c.UserId=b.UserId#c.Score,=,0,u.Views,>=,0,u.UpVotes,<=,363#1343010
comments c,badges b,users u#u.Id=c.UserId,c.UserId=b.UserId#c.Score,=,0,u.Reputation,=,113,u.CreationDate,<=,1406280093#1764
comments c,badges b,users u#u.Id=c.UserId,c.UserId=b.UserId#b.Date,>=,1280189623,u.Reputation,<=,1506,u.DownVotes,>=,0#829407
comments c,badges b,users u#u.Id=c.UserId,c.UserId=b.UserId#c.Score,=,0,u.UpVotes,=,0,u.CreationDate,>=,1282142499#48197
comments c,badges b,users u#u.Id=c.UserId,c.UserId=b.UserId#u.Views,<=,134,u.DownVotes,<=,0,u.CreationDate,<=,1409521966#385464
comments c,badges b,users u#u.Id=c.UserId,c.UserId=b.UserId#u.Views,>=,0,u.Views,<=,39,u.DownVotes,>=,0#276786
comments c,badges b,users u#u.Id=c.UserId,c.UserId=b.UserId#c.CreationDate,>=,1279761583,u.Reputation,>=,1,u.DownVotes,<=,2#767514
comments c,badges b,users u#u.Id=c.UserId,c.UserId=b.UserId#c.CreationDate,>=,1280223601,u.Reputation,>=,1,u.DownVotes,<=,5#1113064
comments c,badges b,users u#u.Id=c.UserId,c.UserId=b.UserId#c.CreationDate,>=,1279822391,c.CreationDate,<=,1409831025,u.DownVotes,<=,0#490959
comments c,badges b,users u#u.Id=c.UserId,c.UserId=b.UserId#u.Views,>=,0,u.Views,<=,15,u.CreationDate,>=,1290057432#136750
comments c,badges b,users u#u.Id=c.UserId,c.UserId=b.UserId#u.DownVotes,<=,2,u.UpVotes,>=,0,u.UpVotes,<=,71#503334
comments c,badges b,users u#u.Id=c.UserId,c.UserId=b.UserId#c.CreationDate,>=,1280978146,b.Date,<=,1409507257,u.CreationDate,>=,1299011313#3473506
comments c,badges b,users u#u.Id=c.UserId,c.UserId=b.UserId#u.Reputation,<=,1178,u.DownVotes,>=,0,u.DownVotes,<=,6#622775
comments c,badges b,users u#u.Id=c.UserId,c.UserId=b.UserId#u.Reputation,>=,1,u.Reputation,<=,163,u.Views,<=,460#172824
comments c,badges b,users u#u.Id=c.UserId,c.UserId=b.UserId#c.CreationDate,<=,1410380203,u.DownVotes,<=,3,u.UpVotes,>=,0#843192
comments c,badges b,users u#u.Id=c.UserId,c.UserId=b.UserId#c.CreationDate,<=,1410403716,b.Date,=,1403764720,u.DownVotes,=,0#7
comments c,badges b,users u#u.Id=c.UserId,c.UserId=b.UserId#c.Score,=,0,u.DownVotes,>=,0,u.CreationDate,>=,1297974125#2480189
comments c,badges b,users u#u.Id=c.UserId,c.UserId=b.UserId#c.Score,=,0,b.Date,=,1388798136,u.DownVotes,>=,0#28
comments c,badges b,users u#u.Id=c.UserId,c.UserId=b.UserId#c.Score,=,2,u.UpVotes,<=,6,u.CreationDate,>=,1283296505#1527
comments c,badges b,users u#u.Id=c.UserId,c.UserId=b.UserId#u.Views,<=,176,u.DownVotes,>=,0,u.DownVotes,<=,0#411271
comments c,badges b,users u#u.Id=c.UserId,c.UserId=b.UserId#u.Views,>=,0,u.Views,<=,47,u.DownVotes,<=,1#285034
comments c,badges b,users u#u.Id=c.UserId,c.UserId=b.UserId#c.Score,=,0,b.Date,>=,1280839516,u.DownVotes,=,0#440390
comments c,badges b,users u#u.Id=c.UserId,c.UserId=b.UserId#c.Score,=,0,c.CreationDate,>=,1279648844,u.UpVotes,=,0#48554
comments c,badges b,users u#u.Id=c.UserId,c.UserId=b.UserId#b.Date,=,1316390537,u.DownVotes,>=,0,u.DownVotes,<=,0#52
comments c,badges b,users u#u.Id=c.UserId,c.UserId=b.UserId#b.Date,<=,1410597655,u.Reputation,<=,500,u.CreationDate,<=,1410269816#399105
comments c,badges b,users u#u.Id=c.UserId,c.UserId=b.UserId#c.Score,=,0,u.DownVotes,<=,0,u.UpVotes,<=,16#216526
comments c,badges b,users u#u.Id=c.UserId,c.UserId=b.UserId#b.Date,>=,1279570447,b.Date,<=,1410258275,u.CreationDate,<=,1407122786#15810503
comments c,badges b,users u#u.Id=c.UserId,c.UserId=b.UserId#c.Score,=,0,u.UpVotes,>=,0,u.UpVotes,<=,32#354209
comments c,badges b,users u#u.Id=c.UserId,c.UserId=b.UserId#c.Score,=,0,u.Views,>=,0,u.UpVotes,>=,0#10238947
comments c,badges b,users u#u.Id=c.UserId,c.UserId=b.UserId#c.CreationDate,>=,1281337785,b.Date,>=,1280321633,b.Date,<=,1410480572#15767343
comments c,badges b,users u#u.Id=c.UserId,c.UserId=b.UserId#c.CreationDate,>=,1282149608,u.Views,>=,0,u.DownVotes,<=,7#1402264
comments c,badges b,users u#u.Id=c.UserId,c.UserId=b.UserId#c.CreationDate,>=,1282672341,b.Date,>=,1279652542,u.UpVotes,>=,0#15757247
comments c,badges b,users u#u.Id=c.UserId,c.UserId=b.UserId#u.Views,>=,0,u.UpVotes,>=,0,u.UpVotes,<=,608#2282804
comments c,badges b,users u#u.Id=c.UserId,c.UserId=b.UserId#c.Score,=,0,u.Reputation,>=,1,u.UpVotes,>=,0#10238947
comments c,badges b,users u#u.Id=c.UserId,c.UserId=b.UserId#u.Views,<=,8,u.DownVotes,>=,0,u.DownVotes,<=,3#89711
comments c,badges b,users u#u.Id=c.UserId,c.UserId=b.UserId#c.CreationDate,>=,1279921009,u.Views,<=,16,u.DownVotes,<=,1#145562
comments c,badges b,users u#u.Id=c.UserId,c.UserId=b.UserId#c.CreationDate,>=,1279571152,u.DownVotes,<=,0,u.UpVotes,<=,198#437752
comments c,badges b,users u#u.Id=c.UserId,c.UserId=b.UserId#c.CreationDate,=,1318836764,u.DownVotes,>=,0,u.UpVotes,>=,0#119
comments c,badges b,users u#u.Id=c.UserId,c.UserId=b.UserId#c.Score,=,0,b.Date,>=,1279747993,b.Date,<=,1410441301#10198777
comments c,badges b,users u#u.Id=c.UserId,c.UserId=b.UserId#u.Reputation,<=,214,u.UpVotes,>=,0,u.CreationDate,>=,1280176199#211287
comments c,badges b,users u#u.Id=c.UserId,c.UserId=b.UserId#c.Score,=,1,u.DownVotes,<=,1,u.CreationDate,<=,1409624623#57151
comments c,badges b,users u#u.Id=c.UserId,c.UserId=b.UserId#c.CreationDate,>=,1283893119,u.DownVotes,>=,0,u.UpVotes,<=,191#1207107
comments c,badges b,users u#u.Id=c.UserId,c.UserId=b.UserId#u.Reputation,<=,804,u.Views,=,3,u.UpVotes,>=,0#10329
comments c,badges b,users u#u.Id=c.UserId,c.UserId=b.UserId#c.Score,=,0,u.CreationDate,>=,1279652726,u.CreationDate,<=,1408636439#9900800
comments c,badges b,users u#u.Id=c.UserId,c.UserId=b.UserId#c.CreationDate,>=,1284407222,c.CreationDate,<=,1409656248,u.Reputation,=,11#3919
comments c,badges b,users u#u.Id=c.UserId,c.UserId=b.UserId#c.Score,=,0,b.Date,>=,1279907908,u.Reputation,<=,2241#839380
comments c,badges b,users u#u.Id=c.UserId,c.UserId=b.UserId#c.Score,=,0,u.DownVotes,<=,0,u.UpVotes,<=,131#384391
comments c,badges b,users u#u.Id=c.UserId,c.UserId=b.UserId#c.CreationDate,<=,1410279789,u.Reputation,<=,2182,u.Views,>=,0#977886
comments c,badges b,users u#u.Id=c.UserId,c.UserId=b.UserId#c.CreationDate,<=,1410480872,u.Reputation,>=,1,u.CreationDate,=,1337364099#3
comments c,badges b,users u#u.Id=c.UserId,c.UserId=b.UserId#c.CreationDate,>=,1280350503,c.CreationDate,<=,1410265074,b.Date,<=,1410456329#15753065
comments c,badges b,users u#u.Id=c.UserId,c.UserId=b.UserId#c.CreationDate,<=,1410341235,u.UpVotes,>=,0,u.CreationDate,>=,1306484590#3248263
comments c,badges b,users u#u.Id=c.UserId,c.UserId=b.UserId#c.Score,=,0,c.CreationDate,<=,1409261015,b.Date,>=,1280194423#10029420
comments c,badges b,users u#u.Id=c.UserId,c.UserId=b.UserId#u.Reputation,<=,326,u.Views,>=,0,u.Views,<=,55#251052
comments c,badges b,users u#u.Id=c.UserId,c.UserId=b.UserId#c.Score,=,0,u.Reputation,<=,163,u.DownVotes,=,0#153613
comments c,badges b,users u#u.Id=c.UserId,c.UserId=b.UserId#u.Reputation,>=,1,u.DownVotes,<=,1,u.UpVotes,<=,11#210845
comments c,badges b,users u#u.Id=c.UserId,c.UserId=b.UserId#c.Score,=,0,u.DownVotes,>=,0,u.DownVotes,<=,0#443408
comments c,badges b,users u#u.Id=c.UserId,c.UserId=b.UserId#c.CreationDate,<=,1409930762,u.UpVotes,>=,0,u.UpVotes,<=,69#678748
comments c,badges b,users u#u.Id=c.UserId,c.UserId=b.UserId#c.Score,=,1,u.DownVotes,>=,0,u.UpVotes,>=,0#3322860
comments c,badges b,users u#u.Id=c.UserId,c.UserId=b.UserId#u.Reputation,>=,1,u.UpVotes,<=,14,u.CreationDate,<=,1407210255#250895
comments c,badges b,users u#u.Id=c.UserId,c.UserId=b.UserId#c.Score,=,0,b.Date,>=,1280956237,u.Views,=,2#10029
comments c,badges b,users u#u.Id=c.UserId,c.UserId=b.UserId#c.CreationDate,>=,1279728552,c.CreationDate,<=,1409620843,u.DownVotes,>=,0#15669418
comments c,badges b,users u#u.Id=c.UserId,c.UserId=b.UserId#c.CreationDate,>=,1279732216,c.CreationDate,<=,1410186339,u.Views,=,0#8194
comments c,badges b,users u#u.Id=c.UserId,c.UserId=b.UserId#c.Score,=,1,u.Views,<=,13,u.DownVotes,<=,1#7065
comments c,badges b,users u#u.Id=c.UserId,c.UserId=b.UserId#c.CreationDate,<=,1410386975,u.Reputation,<=,473,u.DownVotes,<=,49#385575
comments c,badges b,users u#u.Id=c.UserId,c.UserId=b.UserId#b.Date,>=,1279610948,u.DownVotes,>=,0,u.UpVotes,<=,15#266104
comments c,badges b,users u#u.Id=c.UserId,c.UserId=b.UserId#u.UpVotes,>=,0,u.UpVotes,<=,38,u.CreationDate,<=,1408024265#422039
comments c,badges b,users u#u.Id=c.UserId,c.UserId=b.UserId#b.Date,>=,1280175222,u.Reputation,>=,1,u.Reputation,<=,1570#844610
comments c,badges b,users u#u.Id=c.UserId,c.UserId=b.UserId#c.CreationDate,<=,1410361271,u.Reputation,=,101,u.CreationDate,>=,1284622036#1657
comments c,badges b,users u#u.Id=c.UserId,c.UserId=b.UserId#u.Reputation,>=,1,u.Reputation,<=,495,u.Views,<=,315#394331
comments c,badges b,users u#u.Id=c.UserId,c.UserId=b.UserId#u.DownVotes,<=,0,u.CreationDate,>=,1280905306,u.CreationDate,<=,1408298889#463159
comments c,badges b,users u#u.Id=c.UserId,c.UserId=b.UserId#c.Score,=,0,c.CreationDate,>=,1282081140,u.DownVotes,>=,0#10177345
comments c,badges b,users u#u.Id=c.UserId,c.UserId=b.UserId#c.Score,=,0,b.Date,<=,1410083732,u.Reputation,>=,1#10173006
comments c,badges b,users u#u.Id=c.UserId,c.UserId=b.UserId#c.CreationDate,>=,1282072158,c.CreationDate,<=,1410557397,u.DownVotes,>=,0#15794713
comments c,badges b,users u#u.Id=c.UserId,c.UserId=b.UserId#u.Reputation,<=,310,u.Views,>=,0,u.UpVotes,>=,0#277217
comments c,badges b,users u#u.Id=c.UserId,c.UserId=b.UserId#c.Score,=,0,u.UpVotes,>=,0,u.UpVotes,<=,30#344490
comments c,badges b,users u#u.Id=c.UserId,c.UserId=b.UserId#u.DownVotes,=,0,u.CreationDate,>=,1279570587,u.CreationDate,<=,1409909762#491452
comments c,badges b,users u#u.Id=c.UserId,c.UserId=b.UserId#c.CreationDate,<=,1410260040,u.CreationDate,>=,1298712651,u.CreationDate,<=,1410019856#3503322
comments c,badges b,users u#u.Id=c.UserId,c.UserId=b.UserId#c.Score,=,0,u.DownVotes,<=,0,u.CreationDate,<=,1409228429#442844
comments c,badges b,users u#u.Id=c.UserId,c.UserId=b.UserId#b.Date,>=,1279568947,u.Reputation,>=,1,u.CreationDate,<=,1405150838#15884560
comments c,badges b,users u#u.Id=c.UserId,c.UserId=b.UserId#c.CreationDate,>=,1280432380,u.Reputation,>=,1,u.CreationDate,<=,1410315841#15857426
comments c,badges b,users u#u.Id=c.UserId,c.UserId=b.UserId#c.CreationDate,>=,1282344500,c.CreationDate,<=,1410401904,u.DownVotes,<=,0#486881
comments c,badges b,users u#u.Id=c.UserId,c.UserId=b.UserId#c.Score,=,2,b.Date,>=,1279568946,u.CreationDate,<=,1409305487#1331530
comments c,badges b,users u#u.Id=c.UserId,c.UserId=b.UserId#u.Reputation,>=,1,u.Views,>=,0,u.UpVotes,<=,12#235732
comments c,badges b,users u#u.Id=c.UserId,c.UserId=b.UserId#u.Views,>=,0,u.Views,<=,312,u.DownVotes,<=,0#445643
comments c,badges b,users u#u.Id=c.UserId,c.UserId=b.UserId#c.CreationDate,<=,1410273488,u.Reputation,<=,186,u.DownVotes,<=,5#190551
comments c,badges b,users u#u.Id=c.UserId,c.UserId=b.UserId#c.Score,=,0,u.Reputation,>=,1,u.Views,>=,0#10238947
comments c,badges b,users u#u.Id=c.UserId,c.UserId=b.UserId#c.Score,=,1,c.CreationDate,>=,1281231447,c.CreationDate,<=,1410635758#3309655
comments c,badges b,users u#u.Id=c.UserId,c.UserId=b.UserId#u.Reputation,>=,1,u.UpVotes,>=,0,u.UpVotes,<=,26#354379
comments c,badges b,users u#u.Id=c.UserId,c.UserId=b.UserId#u.Views,>=,0,u.Views,<=,27,u.CreationDate,<=,1409661184#209268
comments c,badges b,users u#u.Id=c.UserId,c.UserId=b.UserId#u.Views,>=,0,u.Views,<=,63,u.UpVotes,<=,62#331026
comments c,badges b,users u#u.Id=c.UserId,c.UserId=b.UserId#c.CreationDate,>=,1279568060,c.CreationDate,<=,1409910516,b.Date,<=,1410206008#15664254
comments c,badges b,users u#u.Id=c.UserId,c.UserId=b.UserId#u.Reputation,<=,3150,u.Views,>=,0,u.Views,<=,1471#1151022
comments c,badges b,users u#u.Id=c.UserId,c.UserId=b.UserId#b.Date,>=,1279568349,u.UpVotes,<=,43,u.CreationDate,<=,1410300927#459102
comments c,badges b,users u#u.Id=c.UserId,c.UserId=b.UserId#b.Date,>=,1282989153,u.Reputation,<=,18088,u.Views,>=,0#4245970
comments c,badges b,users u#u.Id=c.UserId,c.UserId=b.UserId#u.Reputation,>=,1,u.Views,>=,0,u.Views,<=,168#685372
comments c,badges b,users u#u.Id=c.UserId,c.UserId=b.UserId#c.Score,=,0,b.Date,<=,1408414775,u.CreationDate,<=,1410404726#9918799
comments c,badges b,users u#u.Id=c.UserId,c.UserId=b.UserId#u.Views,<=,20,u.UpVotes,=,0,u.CreationDate,<=,1410216793#42252
comments c,badges b,users u#u.Id=c.UserId,c.UserId=b.UserId#u.DownVotes,>=,0,u.DownVotes,<=,0,u.CreationDate,<=,1410534270#496504
comments c,badges b,users u#u.Id=c.UserId,c.UserId=b.UserId#b.Date,>=,1285171625,b.Date,<=,1410372448,u.CreationDate,<=,1409162413#15547529
comments c,badges b,users u#u.Id=c.UserId,c.UserId=b.UserId#b.Date,<=,1409697029,u.DownVotes,>=,0,u.DownVotes,<=,1#648058
comments c,badges b,users u#u.Id=c.UserId,c.UserId=b.UserId#c.Score,=,0,b.Date,>=,1280437750,b.Date,<=,1409753149#10079047
comments c,badges b,users u#u.Id=c.UserId,c.UserId=b.UserId#u.Views,<=,50,u.DownVotes,>=,0,u.DownVotes,<=,0#265139
comments c,badges b,users u#u.Id=c.UserId,c.UserId=b.UserId#c.Score,=,3,b.Date,<=,1409079100,u.DownVotes,>=,0#526398
comments c,badges b,users u#u.Id=c.UserId,c.UserId=b.UserId#u.DownVotes,>=,0,u.DownVotes,<=,0,u.CreationDate,>=,1303340141#353167
comments c,badges b,users u#u.Id=c.UserId,c.UserId=b.UserId#c.Score,=,0,u.DownVotes,>=,0,u.DownVotes,<=,0#443408
comments c,badges b,users u#u.Id=c.UserId,c.UserId=b.UserId#u.Views,>=,0,u.DownVotes,>=,0,u.DownVotes,<=,200#8435101
comments c,badges b,users u#u.Id=c.UserId,c.UserId=b.UserId#c.Score,=,2,b.Date,>=,1279570447,u.CreationDate,<=,1409932091#1331492
comments c,badges b,users u#u.Id=c.UserId,c.UserId=b.UserId#c.Score,=,2,u.Views,>=,0,u.UpVotes,>=,0#1331833
comments c,badges b,users u#u.Id=c.UserId,c.UserId=b.UserId#b.Date,>=,1286525343,b.Date,<=,1410449298,u.UpVotes,<=,10#211969
comments c,badges b,users u#u.Id=c.UserId,c.UserId=b.UserId#u.DownVotes,>=,0,u.CreationDate,>=,1309285824,u.CreationDate,<=,1410188859#2948437
comments c,badges b,users u#u.Id=c.UserId,c.UserId=b.UserId#u.Views,>=,0,u.Views,<=,34,u.CreationDate,<=,1410518552#250422
comments c,badges b,users u#u.Id=c.UserId,c.UserId=b.UserId#b.Date,<=,1410405134,u.Views,<=,90,u.DownVotes,=,0#345625
comments c,badges b,users u#u.Id=c.UserId,c.UserId=b.UserId#c.Score,=,0,c.CreationDate,>=,1280579774,u.DownVotes,<=,0#441591
comments c,badges b,users u#u.Id=c.UserId,c.UserId=b.UserId#b.Date,=,1381290990,u.DownVotes,<=,44,u.CreationDate,>=,1296566698#1
comments c,badges b,users u#u.Id=c.UserId,c.UserId=b.UserId#u.UpVotes,>=,0,u.UpVotes,<=,11,u.CreationDate,<=,1409910232#222698
comments c,badges b,users u#u.Id=c.UserId,c.UserId=b.UserId#c.Score,=,0,b.Date,<=,1410274635,u.Views,=,0#7693
comments c,badges b,users u#u.Id=c.UserId,c.UserId=b.UserId#b.Date,<=,1410094018,u.Views,>=,0,u.UpVotes,>=,0#15799369
comments c,badges b,users u#u.Id=c.UserId,c.UserId=b.UserId#c.Score,=,0,u.UpVotes,=,0,u.CreationDate,>=,1281078185#48240
comments c,badges b,users u#u.Id=c.UserId,c.UserId=b.UserId#c.Score,=,1,u.UpVotes,>=,0,u.CreationDate,<=,1410387551#3322860
comments c,badges b,users u#u.Id=c.UserId,c.UserId=b.UserId#u.Reputation,>=,1,u.Reputation,<=,1423,u.UpVotes,<=,24#320301
comments c,badges b,users u#u.Id=c.UserId,c.UserId=b.UserId#c.CreationDate,>=,1280324621,u.Reputation,>=,1,u.DownVotes,>=,0#15862604
comments c,badges b,users u#u.Id=c.UserId,c.UserId=b.UserId#b.Date,<=,1409839219,u.Reputation,>=,1,u.UpVotes,=,0#51789
comments c,badges b,users u#u.Id=c.UserId,c.UserId=b.UserId#b.Date,>=,1280260426,b.Date,<=,1409648885,u.Reputation,>=,1#15623912
comments c,badges b,users u#u.Id=c.UserId,c.UserId=b.UserId#c.CreationDate,<=,1409476996,u.CreationDate,>=,1279566340,u.CreationDate,<=,1410186362#15614425
comments c,badges b,users u#u.Id=c.UserId,c.UserId=b.UserId#u.Reputation,<=,178,u.Views,<=,55,u.UpVotes,<=,93#168053
comments c,badges b,users u#u.Id=c.UserId,c.UserId=b.UserId#c.CreationDate,>=,1282526572,c.CreationDate,<=,1410614291,b.Date,<=,1409698935#15549944
comments c,badges b,users u#u.Id=c.UserId,c.UserId=b.UserId#c.Score,=,0,u.Views,>=,0,u.Views,<=,991#1537188
comments c,badges b,users u#u.Id=c.UserId,c.UserId=b.UserId#c.CreationDate,>=,1279892895,u.Reputation,>=,1,u.Views,>=,0#15883990
comments c,badges b,users u#u.Id=c.UserId,c.UserId=b.UserId#c.Score,=,0,u.Views,>=,0,u.Views,<=,60#325256
comments c,badges b,users u#u.Id=c.UserId,c.UserId=b.UserId#c.Score,=,0,u.DownVotes,>=,0,u.DownVotes,<=,1#568801
posts p,tags t,votes v#p.Id=t.ExcerptPostId,p.OwnerUserId=v.UserId#p.CommentCount,>=,0,p.CreationDate,>=,1279694016,v.VoteTypeId,=,5#68110
posts p,tags t,votes v#p.Id=t.ExcerptPostId,p.OwnerUserId=v.UserId#p.Score,<=,13,p.CommentCount,>=,0,t.Count,<=,786#68927
posts p,tags t,votes v#p.Id=t.ExcerptPostId,p.OwnerUserId=v.UserId#t.Count,>=,4,t.Count,<=,138,v.BountyAmount,<=,100#1702
posts p,tags t,votes v#p.Id=t.ExcerptPostId,p.OwnerUserId=v.UserId#t.Count,>=,1,t.Count,<=,1342,v.CreationDate,=,1402963200#8
posts p,tags t,votes v#p.Id=t.ExcerptPostId,p.OwnerUserId=v.UserId#p.Score,<=,60,p.CreationDate,>=,1282766966,p.CreationDate,<=,1410283243#70752
posts p,tags t,votes v#p.Id=t.ExcerptPostId,p.OwnerUserId=v.UserId#p.Score,>=,0,p.Score,<=,18,p.CommentCount,<=,15#70752
posts p,tags t,votes v#p.Id=t.ExcerptPostId,p.OwnerUserId=v.UserId#p.Score,>=,-1,p.CreationDate,<=,1410271498,v.CreationDate,<=,1410307200#70631
posts p,tags t,votes v#p.Id=t.ExcerptPostId,p.OwnerUserId=v.UserId#p.Score,<=,21,p.CreationDate,>=,1279711136,v.CreationDate,>=,1279497600#70752
posts p,tags t,votes v#p.Id=t.ExcerptPostId,p.OwnerUserId=v.UserId#p.Score,<=,19,p.CommentCount,<=,12,t.Count,>=,1#70752
posts p,tags t,votes v#p.Id=t.ExcerptPostId,p.OwnerUserId=v.UserId#p.Score,>=,-1,v.BountyAmount,<=,50,v.CreationDate,>=,1279497600#1993
posts p,tags t,votes v#p.Id=t.ExcerptPostId,p.OwnerUserId=v.UserId#p.Score,<=,15,p.CreationDate,>=,1279917763,p.CreationDate,<=,1410358852#70752
posts p,tags t,votes v#p.Id=t.ExcerptPostId,p.OwnerUserId=v.UserId#p.CommentCount,>=,0,p.CreationDate,<=,1410027888,v.CreationDate,<=,1410480000#70689
posts p,tags t,votes v#p.Id=t.ExcerptPostId,p.OwnerUserId=v.UserId#p.CommentCount,>=,0,p.CommentCount,<=,10,v.BountyAmount,<=,50#1993
posts p,tags t,votes v#p.Id=t.ExcerptPostId,p.OwnerUserId=v.UserId#p.Score,<=,27,p.CommentCount,>=,0,p.CommentCount,<=,20#70752
posts p,tags t,votes v#p.Id=t.ExcerptPostId,p.OwnerUserId=v.UserId#p.CommentCount,<=,19,t.Count,>=,1,v.CreationDate,>=,1279670400#70752
posts p,tags t,votes v#p.Id=t.ExcerptPostId,p.OwnerUserId=v.UserId#p.Score,>=,-1,p.Score,<=,12,p.CreationDate,>=,1279639261#70752
posts p,tags t,votes v#p.Id=t.ExcerptPostId,p.OwnerUserId=v.UserId#p.Score,<=,15,v.CreationDate,>=,1279670400,v.CreationDate,<=,1409702400#70394
posts p,tags t,votes v#p.Id=t.ExcerptPostId,p.OwnerUserId=v.UserId#p.Score,>=,-1,p.Score,<=,16,p.CreationDate,>=,1289781277#69695
posts p,tags t,votes v#p.Id=t.ExcerptPostId,p.OwnerUserId=v.UserId#p.CreationDate,>=,1284561269,p.CreationDate,<=,1409059411,v.CreationDate,<=,1410134400#69803
posts p,tags t,votes v#p.Id=t.ExcerptPostId,p.OwnerUserId=v.UserId#p.Score,>=,0,v.CreationDate,>=,1279497600,v.CreationDate,<=,1410134400#70466
posts p,tags t,votes v#p.Id=t.ExcerptPostId,p.OwnerUserId=v.UserId#p.Score,>=,-1,p.Score,<=,18,v.CreationDate,<=,1409875200#70415
posts p,tags t,votes v#p.Id=t.ExcerptPostId,p.OwnerUserId=v.UserId#p.Score,<=,41,p.CreationDate,>=,1280736876,t.Count,>=,1#70752
posts p,tags t,votes v#p.Id=t.ExcerptPostId,p.OwnerUserId=v.UserId#p.Score,<=,21,t.Count,>=,2,v.CreationDate,<=,1410566400#69316
posts p,tags t,votes v#p.Id=t.ExcerptPostId,p.OwnerUserId=v.UserId#p.Score,>=,-5,p.Score,<=,12,t.Count,>=,2#69316
posts p,tags t,votes v#p.Id=t.ExcerptPostId,p.OwnerUserId=v.UserId#p.CommentCount,<=,12,v.CreationDate,>=,1279497600,v.CreationDate,<=,1410480000#70689
posts p,tags t,votes v#p.Id=t.ExcerptPostId,p.OwnerUserId=v.UserId#p.CommentCount,>=,0,t.Count,>=,5,t.Count,<=,1362#63616
posts p,tags t,votes v#p.Id=t.ExcerptPostId,p.OwnerUserId=v.UserId#p.CommentCount,<=,9,p.CreationDate,>=,1280228648,t.Count,=,35#3
posts p,tags t,votes v#p.Id=t.ExcerptPostId,p.OwnerUserId=v.UserId#p.Score,>=,-2,t.Count,>=,1,t.Count,<=,408#66602
posts p,tags t,votes v#p.Id=t.ExcerptPostId,p.OwnerUserId=v.UserId#p.CreationDate,<=,1410440019,v.CreationDate,>=,1279670400,v.CreationDate,<=,1410566400#70752
posts p,postLinks pl,postHistory ph#p.Id=pl.PostId,pl.PostId=ph.PostId#p.CommentCount,<=,16,p.FavoriteCount,<=,3,pl.CreationDate,<=,1405535684#19702
posts p,postLinks pl,postHistory ph#p.Id=pl.PostId,pl.PostId=ph.PostId#p.PostTypeId,=,1,p.FavoriteCount,<=,5,p.CreationDate,<=,1409821268#23871
posts p,postLinks pl,postHistory ph#p.Id=pl.PostId,pl.PostId=ph.PostId#p.FavoriteCount,>=,0,ph.PostHistoryTypeId,=,6,ph.CreationDate,<=,1409755433#2066
posts p,postLinks pl,postHistory ph#p.Id=pl.PostId,pl.PostId=ph.PostId#p.FavoriteCount,<=,8,pl.CreationDate,>=,1313162713,ph.PostHistoryTypeId,=,6#1414
posts p,postLinks pl,postHistory ph#p.Id=pl.PostId,pl.PostId=ph.PostId#p.Score,>=,-5,pl.CreationDate,>=,1290739742,ph.PostHistoryTypeId,=,5#12532
posts p,postLinks pl,postHistory ph#p.Id=pl.PostId,pl.PostId=ph.PostId#p.AnswerCount,>=,0,p.AnswerCount,<=,8,pl.CreationDate,<=,1409267738#61928
posts p,postLinks pl,postHistory ph#p.Id=pl.PostId,pl.PostId=ph.PostId#p.Score,>=,-1,p.ViewCount,<=,1745,p.CommentCount,>=,0#54398
posts p,postLinks pl,postHistory ph#p.Id=pl.PostId,pl.PostId=ph.PostId#p.PostTypeId,=,1,p.Score,>=,0,p.AnswerCount,>=,0#62897
posts p,postLinks pl,postHistory ph#p.Id=pl.PostId,pl.PostId=ph.PostId#p.PostTypeId,=,1,p.ViewCount,<=,7137,ph.PostHistoryTypeId,=,5#12373
posts p,postLinks pl,postHistory ph#p.Id=pl.PostId,pl.PostId=ph.PostId#p.ViewCount,<=,1638,p.AnswerCount,<=,14,pl.CreationDate,<=,1403074688#48069
posts p,postLinks pl,postHistory ph#p.Id=pl.PostId,pl.PostId=ph.PostId#p.ViewCount,>=,0,p.ViewCount,<=,5263,p.CommentCount,<=,13#59773
posts p,postLinks pl,postHistory ph#p.Id=pl.PostId,pl.PostId=ph.PostId#p.FavoriteCount,>=,0,pl.LinkTypeId,=,1,pl.CreationDate,<=,1405075150#26703
posts p,postLinks pl,postHistory ph#p.Id=pl.PostId,pl.PostId=ph.PostId#p.ViewCount,>=,0,p.ViewCount,<=,4171,ph.PostHistoryTypeId,=,4#4599
posts p,postLinks pl,postHistory ph#p.Id=pl.PostId,pl.PostId=ph.PostId#pl.LinkTypeId,=,1,ph.CreationDate,>=,1279567830,ph.CreationDate,<=,1410391793#58132
posts p,postLinks pl,postHistory ph#p.Id=pl.PostId,pl.PostId=ph.PostId#p.FavoriteCount,<=,2,p.CreationDate,>=,1279849736,p.CreationDate,<=,1410446523#18339
posts p,postLinks pl,postHistory ph#p.Id=pl.PostId,pl.PostId=ph.PostId#p.AnswerCount,<=,4,p.CommentCount,=,2,ph.PostHistoryTypeId,=,2#1660
posts p,postLinks pl,postHistory ph#p.Id=pl.PostId,pl.PostId=ph.PostId#p.AnswerCount,<=,3,p.CommentCount,=,5,ph.CreationDate,<=,1407974823#3638
posts p,postLinks pl,postHistory ph#p.Id=pl.PostId,pl.PostId=ph.PostId#p.CreationDate,>=,1281538956,p.CreationDate,<=,1410505451,ph.PostHistoryTypeId,=,1#10981
posts p,postLinks pl,postHistory ph#p.Id=pl.PostId,pl.PostId=ph.PostId#p.CommentCount,<=,12,p.FavoriteCount,>=,0,p.FavoriteCount,<=,23#27311
posts p,postLinks pl,postHistory ph#p.Id=pl.PostId,pl.PostId=ph.PostId#p.PostTypeId,=,1,p.FavoriteCount,=,0,ph.CreationDate,<=,1403591872#2364
posts p,postLinks pl,postHistory ph#p.Id=pl.PostId,pl.PostId=ph.PostId#p.CreationDate,<=,1410465074,ph.CreationDate,>=,1294920438,ph.CreationDate,<=,1410364537#61357
posts p,postLinks pl,postHistory ph#p.Id=pl.PostId,pl.PostId=ph.PostId#p.ViewCount,<=,13725,p.FavoriteCount,>=,0,pl.LinkTypeId,=,1#27079
posts p,postLinks pl,postHistory ph#p.Id=pl.PostId,pl.PostId=ph.PostId#p.AnswerCount,<=,4,ph.PostHistoryTypeId,=,5,ph.CreationDate,<=,1409087926#12000
posts p,postLinks pl,postHistory ph#p.Id=pl.PostId,pl.PostId=ph.PostId#p.PostTypeId,=,1,p.Score,>=,-1,p.Score,<=,13#58917
posts p,postLinks pl,postHistory ph#p.Id=pl.PostId,pl.PostId=ph.PostId#p.AnswerCount,=,0,p.CommentCount,>=,0,pl.LinkTypeId,=,1#11451
posts p,postLinks pl,postHistory ph#p.Id=pl.PostId,pl.PostId=ph.PostId#p.CommentCount,=,0,p.CreationDate,>=,1280203102,ph.CreationDate,>=,1290157082#11460
posts p,postLinks pl,postHistory ph#p.Id=pl.PostId,pl.PostId=ph.PostId#ph.PostHistoryTypeId,=,24,ph.CreationDate,>=,1279641377,ph.CreationDate,<=,1409830131#1386
posts p,postLinks pl,postHistory ph#p.Id=pl.PostId,pl.PostId=ph.PostId#p.ViewCount,<=,3284,pl.CreationDate,>=,1279723653,pl.CreationDate,<=,1405756248#55070
posts p,postLinks pl,postHistory ph#p.Id=pl.PostId,pl.PostId=ph.PostId#p.Score,>=,-2,p.ViewCount,<=,9369,pl.LinkTypeId,=,1#56767
posts p,postLinks pl,postHistory ph#p.Id=pl.PostId,pl.PostId=ph.PostId#p.AnswerCount,<=,9,p.CommentCount,<=,10,pl.LinkTypeId,=,1#55014
posts p,postLinks pl,postHistory ph#p.Id=pl.PostId,pl.PostId=ph.PostId#p.CommentCount,>=,0,p.CreationDate,>=,1287090873,p.CreationDate,<=,1409902340#61570
posts p,postLinks pl,postHistory ph#p.Id=pl.PostId,pl.PostId=ph.PostId#p.ViewCount,>=,0,p.ViewCount,<=,7415,ph.CreationDate,>=,1285508448#60849
posts p,postLinks pl,postHistory ph#p.Id=pl.PostId,pl.PostId=ph.PostId#p.AnswerCount,<=,5,p.CreationDate,>=,1287354644,p.CreationDate,<=,1410255576#60427
posts p,postLinks pl,postHistory ph#p.Id=pl.PostId,pl.PostId=ph.PostId#p.PostTypeId,=,1,p.ViewCount,<=,4507,p.FavoriteCount,<=,5#22862
posts p,postLinks pl,postHistory ph#p.Id=pl.PostId,pl.PostId=ph.PostId#p.FavoriteCount,<=,4,pl.CreationDate,>=,1298762715,pl.CreationDate,<=,1410211675#22059
posts p,postLinks pl,postHistory ph#p.Id=pl.PostId,pl.PostId=ph.PostId#p.Score,>=,0,p.Score,<=,16,pl.CreationDate,>=,1319822473#54036
posts p,postLinks pl,postHistory ph#p.Id=pl.PostId,pl.PostId=ph.PostId#p.Score,<=,43,p.FavoriteCount,=,0,p.CreationDate,<=,1410100993#2458
posts p,postLinks pl,postHistory ph#p.Id=pl.PostId,pl.PostId=ph.PostId#p.FavoriteCount,>=,0,p.FavoriteCount,<=,9,p.CreationDate,<=,1410133157#26193
posts p,postLinks pl,postHistory ph#p.Id=pl.PostId,pl.PostId=ph.PostId#p.ViewCount,>=,0,p.CommentCount,<=,10,pl.CreationDate,<=,1407840566#58706
posts p,postLinks pl,postHistory ph#p.Id=pl.PostId,pl.PostId=ph.PostId#p.AnswerCount,>=,0,p.FavoriteCount,>=,0,p.FavoriteCount,<=,15#27562
posts p,postLinks pl,postHistory ph#p.Id=pl.PostId,pl.PostId=ph.PostId#p.PostTypeId,=,1,p.CommentCount,>=,0,ph.CreationDate,>=,1302526681#60114
posts p,postLinks pl,postHistory ph#p.Id=pl.PostId,pl.PostId=ph.PostId#p.AnswerCount,<=,5,p.FavoriteCount,>=,0,p.CreationDate,<=,1410606294#27348
posts p,postLinks pl,postHistory ph#p.Id=pl.PostId,pl.PostId=ph.PostId#p.Score,>=,0,p.Score,<=,17,p.ViewCount,<=,4469#58148
posts p,postLinks pl,postHistory ph#p.Id=pl.PostId,pl.PostId=ph.PostId#p.ViewCount,<=,5372,p.CreationDate,>=,1279903010,pl.LinkTypeId,=,1#55552
posts p,postLinks pl,postHistory ph#p.Id=pl.PostId,pl.PostId=ph.PostId#p.PostTypeId,=,1,pl.CreationDate,>=,1284967191,pl.CreationDate,<=,1408661932#61729
posts p,postLinks pl,postHistory ph#p.Id=pl.PostId,pl.PostId=ph.PostId#p.Score,>=,-1,p.Score,<=,16,p.AnswerCount,>=,0#60221
posts p,postLinks pl,postHistory ph#p.Id=pl.PostId,pl.PostId=ph.PostId#pl.LinkTypeId,=,1,ph.CreationDate,>=,1311554910,ph.CreationDate,<=,1409936643#52322
posts p,postLinks pl,postHistory ph#p.Id=pl.PostId,pl.PostId=ph.PostId#p.ViewCount,<=,5048,pl.CreationDate,>=,1281538778,ph.PostHistoryTypeId,=,2#10687
posts p,postLinks pl,postHistory ph#p.Id=pl.PostId,pl.PostId=ph.PostId#p.ViewCount,<=,2646,p.CommentCount,>=,0,p.CommentCount,<=,13#56580
posts p,postLinks pl,postHistory ph#p.Id=pl.PostId,pl.PostId=ph.PostId#p.ViewCount,<=,14631,p.AnswerCount,>=,0,p.CreationDate,>=,1280255636#62394
posts p,postLinks pl,postHistory ph#p.Id=pl.PostId,pl.PostId=ph.PostId#p.CommentCount,=,4,pl.LinkTypeId,=,1,ph.PostHistoryTypeId,=,5#1256
posts p,postLinks pl,postHistory ph#p.Id=pl.PostId,pl.PostId=ph.PostId#p.Score,>=,0,p.Score,<=,29,p.FavoriteCount,<=,2#18139
posts p,postLinks pl,postHistory ph#p.Id=pl.PostId,pl.PostId=ph.PostId#p.FavoriteCount,>=,0,p.CreationDate,>=,1279636687,ph.PostHistoryTypeId,=,1#4617
posts p,postLinks pl,postHistory ph#p.Id=pl.PostId,pl.PostId=ph.PostId#p.Score,>=,-1,p.Score,<=,30,pl.CreationDate,>=,1282148344#62030
posts p,postLinks pl,postHistory ph#p.Id=pl.PostId,pl.PostId=ph.PostId#p.Score,>=,-1,p.AnswerCount,>=,0,p.CommentCount,<=,19#63071
posts p,postLinks pl,postHistory ph#p.Id=pl.PostId,pl.PostId=ph.PostId#p.ViewCount,>=,0,pl.LinkTypeId,=,1,ph.PostHistoryTypeId,=,2#10186
posts p,postLinks pl,postHistory ph#p.Id=pl.PostId,pl.PostId=ph.PostId#p.AnswerCount,>=,0,p.AnswerCount,<=,4,p.CreationDate,>=,1280393194#60430
posts p,postLinks pl,postHistory ph#p.Id=pl.PostId,pl.PostId=ph.PostId#p.Score,<=,27,p.AnswerCount,>=,0,pl.LinkTypeId,=,1#56914
posts p,postLinks pl,postHistory ph#p.Id=pl.PostId,pl.PostId=ph.PostId#p.Score,<=,39,p.ViewCount,<=,67396,pl.LinkTypeId,=,1#57523
posts p,postLinks pl,postHistory ph#p.Id=pl.PostId,pl.PostId=ph.PostId#p.Score,<=,60,p.CommentCount,>=,0,p.CommentCount,<=,9#59576
posts p,postLinks pl,postHistory ph#p.Id=pl.PostId,pl.PostId=ph.PostId#p.CreationDate,>=,1279909781,pl.LinkTypeId,=,1,ph.PostHistoryTypeId,=,4#4678
posts p,postLinks pl,postHistory ph#p.Id=pl.PostId,pl.PostId=ph.PostId#p.CommentCount,<=,8,pl.LinkTypeId,=,1,pl.CreationDate,<=,1404472627#49291
posts p,postLinks pl,postHistory ph#p.Id=pl.PostId,pl.PostId=ph.PostId#p.AnswerCount,>=,0,ph.CreationDate,>=,1282769357,ph.CreationDate,<=,1408648238#61592
posts p,postLinks pl,postHistory ph#p.Id=pl.PostId,pl.PostId=ph.PostId#p.ViewCount,<=,14706,p.AnswerCount,<=,5,p.CommentCount,>=,0#61207
posts p,postLinks pl,postHistory ph#p.Id=pl.PostId,pl.PostId=ph.PostId#p.CommentCount,>=,0,pl.LinkTypeId,=,1,pl.CreationDate,>=,1289523910#57115
posts p,postLinks pl,postHistory ph#p.Id=pl.PostId,pl.PostId=ph.PostId#p.PostTypeId,=,1,p.CreationDate,<=,1409528123,ph.PostHistoryTypeId,=,2#10973
posts p,postLinks pl,postHistory ph#p.Id=pl.PostId,pl.PostId=ph.PostId#p.ViewCount,>=,0,pl.LinkTypeId,=,1,pl.CreationDate,>=,1284942597#57824
posts p,postLinks pl,postHistory ph#p.Id=pl.PostId,pl.PostId=ph.PostId#p.AnswerCount,>=,0,p.AnswerCount,<=,4,ph.CreationDate,<=,1408959163#59492
posts p,postLinks pl,postHistory ph#p.Id=pl.PostId,pl.PostId=ph.PostId#p.FavoriteCount,<=,3,pl.LinkTypeId,=,1,ph.PostHistoryTypeId,=,5#4362
posts p,postLinks pl,postHistory ph#p.Id=pl.PostId,pl.PostId=ph.PostId#p.PostTypeId,=,1,p.CreationDate,<=,1410145269,ph.PostHistoryTypeId,=,5#12711
posts p,postLinks pl,postHistory ph#p.Id=pl.PostId,pl.PostId=ph.PostId#p.ViewCount,>=,0,p.ViewCount,<=,2055,p.CommentCount,<=,12#54429
posts p,postLinks pl,postHistory ph#p.Id=pl.PostId,pl.PostId=ph.PostId#p.Score,>=,0,p.FavoriteCount,>=,0,p.FavoriteCount,<=,16#27439
posts p,postLinks pl,postHistory ph#p.Id=pl.PostId,pl.PostId=ph.PostId#p.AnswerCount,>=,0,p.CommentCount,>=,0,ph.CreationDate,<=,1410517119#63537
posts p,postLinks pl,postHistory ph#p.Id=pl.PostId,pl.PostId=ph.PostId#p.Score,=,5,p.AnswerCount,>=,0,p.CreationDate,>=,1279569151#3448
posts p,postLinks pl,postHistory ph#p.Id=pl.PostId,pl.PostId=ph.PostId#p.CommentCount,<=,9,pl.LinkTypeId,=,1,ph.CreationDate,<=,1406480642#52261
posts p,postLinks pl,postHistory ph#p.Id=pl.PostId,pl.PostId=ph.PostId#p.Score,>=,-6,p.CommentCount,>=,0,p.CommentCount,<=,16#63000
posts p,postLinks pl,postHistory ph#p.Id=pl.PostId,pl.PostId=ph.PostId#pl.LinkTypeId,=,1,pl.CreationDate,>=,1284369499,pl.CreationDate,<=,1409247145#57043
posts p,postLinks pl,postHistory ph#p.Id=pl.PostId,pl.PostId=ph.PostId#p.CommentCount,<=,12,pl.CreationDate,=,1401270805,ph.CreationDate,>=,1305071424#5
posts p,postLinks pl,postHistory ph#p.Id=pl.PostId,pl.PostId=ph.PostId#p.Score,>=,-1,p.CommentCount,>=,0,p.FavoriteCount,>=,0#29122
posts p,postLinks pl,postHistory ph#p.Id=pl.PostId,pl.PostId=ph.PostId#p.ViewCount,>=,0,p.ViewCount,<=,3432,ph.PostHistoryTypeId,=,1#10455
posts p,postLinks pl,postHistory ph#p.Id=pl.PostId,pl.PostId=ph.PostId#p.AnswerCount,>=,0,p.CommentCount,>=,0,p.CommentCount,<=,9#59854
posts p,postLinks pl,postHistory ph#p.Id=pl.PostId,pl.PostId=ph.PostId#p.AnswerCount,>=,0,p.CreationDate,>=,1279686762,pl.LinkTypeId,=,1#58081
posts p,postLinks pl,postHistory ph#p.Id=pl.PostId,pl.PostId=ph.PostId#pl.CreationDate,>=,1314298593,pl.CreationDate,<=,1406898898,ph.PostHistoryTypeId,=,5#11212
posts p,postLinks pl,postHistory ph#p.Id=pl.PostId,pl.PostId=ph.PostId#p.FavoriteCount,<=,4,pl.CreationDate,>=,1300167871,ph.PostHistoryTypeId,=,5#4866
posts p,postLinks pl,postHistory ph#p.Id=pl.PostId,pl.PostId=ph.PostId#p.Score,>=,-2,p.CommentCount,>=,0,p.FavoriteCount,<=,1#13427
posts p,postLinks pl,postHistory ph#p.Id=pl.PostId,pl.PostId=ph.PostId#p.CreationDate,>=,1280210470,p.CreationDate,<=,1408627011,ph.PostHistoryTypeId,=,5#12487
posts p,postLinks pl,postHistory ph#p.Id=pl.PostId,pl.PostId=ph.PostId#p.Score,>=,0,p.Score,<=,17,p.CreationDate,<=,1410312643#59854
posts p,postLinks pl,postHistory ph#p.Id=pl.PostId,pl.PostId=ph.PostId#p.CommentCount,<=,12,p.CreationDate,>=,1282575182,p.CreationDate,<=,1409084740#60227
posts p,postLinks pl,postHistory ph#p.Id=pl.PostId,pl.PostId=ph.PostId#p.ViewCount,>=,0,p.AnswerCount,>=,0,p.CommentCount,>=,0#63615
posts p,postLinks pl,postHistory ph#p.Id=pl.PostId,pl.PostId=ph.PostId#p.AnswerCount,=,0,p.CommentCount,>=,0,p.CommentCount,<=,13#14604
posts p,postLinks pl,postHistory ph#p.Id=pl.PostId,pl.PostId=ph.PostId#p.CommentCount,<=,18,pl.LinkTypeId,=,1,ph.PostHistoryTypeId,=,5#11849
posts p,postLinks pl,postHistory ph#p.Id=pl.PostId,pl.PostId=ph.PostId#p.Score,<=,21,p.CreationDate,<=,1409598748,ph.PostHistoryTypeId,=,24#1350
posts p,postLinks pl,postHistory ph#p.Id=pl.PostId,pl.PostId=ph.PostId#p.FavoriteCount,<=,7,p.CreationDate,<=,1410268418,pl.CreationDate,<=,1402416449#23448
posts p,postLinks pl,postHistory ph#p.Id=pl.PostId,pl.PostId=ph.PostId#p.CommentCount,>=,0,pl.LinkTypeId,=,1,ph.PostHistoryTypeId,=,2#10186
posts p,postLinks pl,postHistory ph#p.Id=pl.PostId,pl.PostId=ph.PostId#p.AnswerCount,>=,0,p.FavoriteCount,<=,6,p.CreationDate,<=,1409339917#24639
posts p,postLinks pl,postHistory ph#p.Id=pl.PostId,pl.PostId=ph.PostId#p.PostTypeId,=,1,p.AnswerCount,>=,0,ph.CreationDate,>=,1292351449#61701
posts p,postLinks pl,postHistory ph#p.Id=pl.PostId,pl.PostId=ph.PostId#p.PostTypeId,=,1,p.CommentCount,>=,0,ph.PostHistoryTypeId,=,1#11102
posts p,postLinks pl,postHistory ph#p.Id=pl.PostId,pl.PostId=ph.PostId#p.FavoriteCount,>=,0,ph.CreationDate,>=,1282263369,ph.CreationDate,<=,1409558777#28452
posts p,postLinks pl,postHistory ph#p.Id=pl.PostId,pl.PostId=ph.PostId#p.FavoriteCount,>=,0,p.FavoriteCount,<=,8,pl.CreationDate,>=,1308932817#23523
posts p,postLinks pl,postHistory ph#p.Id=pl.PostId,pl.PostId=ph.PostId#p.AnswerCount,<=,8,p.FavoriteCount,=,0,pl.LinkTypeId,=,1#1854
posts p,postLinks pl,postHistory ph#p.Id=pl.PostId,pl.PostId=ph.PostId#p.Score,<=,39,p.AnswerCount,<=,2,p.FavoriteCount,<=,7#19183
posts p,postLinks pl,postHistory ph#p.Id=pl.PostId,pl.PostId=ph.PostId#p.PostTypeId,=,1,p.Score,>=,0,pl.CreationDate,<=,1410302117#62671
posts p,postLinks pl,postHistory ph#p.Id=pl.PostId,pl.PostId=ph.PostId#p.CreationDate,>=,1279629782,p.CreationDate,<=,1410277096,ph.CreationDate,<=,1410362988#63192
posts p,postLinks pl,postHistory ph#p.Id=pl.PostId,pl.PostId=ph.PostId#p.Score,>=,-1,p.Score,<=,14,p.FavoriteCount,>=,0#25316
posts p,postLinks pl,postHistory ph#p.Id=pl.PostId,pl.PostId=ph.PostId#p.AnswerCount,=,0,p.CommentCount,<=,25,pl.LinkTypeId,=,1#11451
posts p,postLinks pl,postHistory ph#p.Id=pl.PostId,pl.PostId=ph.PostId#p.CreationDate,>=,1279692936,p.CreationDate,<=,1409912678,ph.PostHistoryTypeId,=,5#12665
posts p,postLinks pl,postHistory ph#p.Id=pl.PostId,pl.PostId=ph.PostId#p.CommentCount,<=,13,ph.PostHistoryTypeId,=,25,ph.CreationDate,<=,1407249465#3022
posts p,postLinks pl,postHistory ph#p.Id=pl.PostId,pl.PostId=ph.PostId#p.Score,=,2,pl.LinkTypeId,=,1,pl.CreationDate,>=,1302621839#8357
posts p,postLinks pl,postHistory ph#p.Id=pl.PostId,pl.PostId=ph.PostId#p.PostTypeId,=,1,p.AnswerCount,<=,4,pl.CreationDate,<=,1407337654#58073
posts p,postLinks pl,postHistory ph#p.Id=pl.PostId,pl.PostId=ph.PostId#p.FavoriteCount,<=,2,ph.PostHistoryTypeId,=,5,ph.CreationDate,>=,1281915825#3983
posts p,postLinks pl,postHistory ph#p.Id=pl.PostId,pl.PostId=ph.PostId#p.ViewCount,>=,0,p.CommentCount,>=,0,ph.PostHistoryTypeId,=,3#11102
posts p,postLinks pl,postHistory ph#p.Id=pl.PostId,pl.PostId=ph.PostId#p.PostTypeId,=,1,ph.PostHistoryTypeId,=,2,ph.CreationDate,<=,1408015929#10767
posts p,postLinks pl,postHistory ph#p.Id=pl.PostId,pl.PostId=ph.PostId#p.ViewCount,>=,0,p.CreationDate,>=,1279575602,ph.PostHistoryTypeId,=,4#4939
posts p,postLinks pl,postHistory ph#p.Id=pl.PostId,pl.PostId=ph.PostId#p.Score,>=,0,pl.CreationDate,>=,1323202851,ph.PostHistoryTypeId,=,2#9759
posts p,postLinks pl,postHistory ph#p.Id=pl.PostId,pl.PostId=ph.PostId#p.PostTypeId,=,1,p.ViewCount,=,36,pl.LinkTypeId,=,1#210
posts p,postLinks pl,postHistory ph#p.Id=pl.PostId,pl.PostId=ph.PostId#p.AnswerCount,>=,0,p.AnswerCount,<=,5,pl.LinkTypeId,=,1#56323
posts p,postLinks pl,postHistory ph#p.Id=pl.PostId,pl.PostId=ph.PostId#p.CommentCount,<=,10,pl.CreationDate,>=,1286473342,pl.CreationDate,<=,1406456277#56995
posts p,postLinks pl,postHistory ph#p.Id=pl.PostId,pl.PostId=ph.PostId#p.Score,<=,24,pl.LinkTypeId,=,1,ph.CreationDate,<=,1409151768#55715
posts p,postLinks pl,postHistory ph#p.Id=pl.PostId,pl.PostId=ph.PostId#p.CommentCount,>=,0,p.CommentCount,<=,19,ph.PostHistoryTypeId,=,1#11076
posts p,postLinks pl,postHistory ph#p.Id=pl.PostId,pl.PostId=ph.PostId#p.CommentCount,>=,0,p.CreationDate,>=,1283392845,pl.CreationDate,<=,1406072936#58966
posts p,postLinks pl,postHistory ph#p.Id=pl.PostId,pl.PostId=ph.PostId#p.CommentCount,>=,0,p.CommentCount,<=,12,ph.CreationDate,>=,1280803553#61633
posts p,postLinks pl,postHistory ph#p.Id=pl.PostId,pl.PostId=ph.PostId#p.Score,>=,0,p.AnswerCount,>=,0,ph.PostHistoryTypeId,=,3#10978
posts p,postLinks pl,postHistory ph#p.Id=pl.PostId,pl.PostId=ph.PostId#pl.LinkTypeId,=,1,ph.PostHistoryTypeId,=,3,ph.CreationDate,<=,1408369109#9925
posts p,postLinks pl,postHistory ph#p.Id=pl.PostId,pl.PostId=ph.PostId#p.PostTypeId,=,1,p.ViewCount,>=,0,ph.PostHistoryTypeId,=,5#12763
posts p,postLinks pl,postHistory ph#p.Id=pl.PostId,pl.PostId=ph.PostId#p.FavoriteCount,>=,0,p.FavoriteCount,<=,6,pl.LinkTypeId,=,1#23504
posts p,postLinks pl,postHistory ph#p.Id=pl.PostId,pl.PostId=ph.PostId#p.PostTypeId,=,1,pl.LinkTypeId,=,1,pl.CreationDate,>=,1333041579#47727
posts p,postLinks pl,postHistory ph#p.Id=pl.PostId,pl.PostId=ph.PostId#p.Score,>=,-1,p.CreationDate,<=,1410358852,pl.CreationDate,=,1367506931#4
posts p,postLinks pl,postHistory ph#p.Id=pl.PostId,pl.PostId=ph.PostId#p.FavoriteCount,>=,0,p.FavoriteCount,<=,4,pl.LinkTypeId,=,1#21686
posts p,postLinks pl,postHistory ph#p.Id=pl.PostId,pl.PostId=ph.PostId#p.CreationDate,>=,1279656746,p.CreationDate,<=,1410208867,ph.PostHistoryTypeId,=,2#11023
posts p,postLinks pl,postHistory ph#p.Id=pl.PostId,pl.PostId=ph.PostId#p.AnswerCount,>=,0,p.CommentCount,=,8,ph.CreationDate,>=,1245845787#1924
posts p,postLinks pl,postHistory ph#p.Id=pl.PostId,pl.PostId=ph.PostId#p.CommentCount,<=,13,p.FavoriteCount,<=,4,ph.PostHistoryTypeId,=,5#4759
posts p,postLinks pl,postHistory ph#p.Id=pl.PostId,pl.PostId=ph.PostId#p.FavoriteCount,>=,0,pl.LinkTypeId,=,1,ph.CreationDate,>=,1284618957#27117
posts p,postLinks pl,postHistory ph#p.Id=pl.PostId,pl.PostId=ph.PostId#p.Score,>=,-1,pl.CreationDate,>=,1286568714,ph.CreationDate,<=,1406697974#59822
posts p,postLinks pl,postHistory ph#p.Id=pl.PostId,pl.PostId=ph.PostId#p.PostTypeId,=,1,p.FavoriteCount,>=,0,ph.CreationDate,>=,1285024955#28297
posts p,postLinks pl,postHistory ph#p.Id=pl.PostId,pl.PostId=ph.PostId#p.ViewCount,>=,0,p.CreationDate,<=,1410528531,pl.LinkTypeId,=,1#58239
posts p,postLinks pl,postHistory ph#p.Id=pl.PostId,pl.PostId=ph.PostId#p.ViewCount,>=,0,p.AnswerCount,>=,0,pl.CreationDate,=,1294419717#7
posts p,postLinks pl,postHistory ph#p.Id=pl.PostId,pl.PostId=ph.PostId#p.PostTypeId,=,1,p.ViewCount,>=,0,pl.LinkTypeId,=,1#58277
posts p,postLinks pl,postHistory ph#p.Id=pl.PostId,pl.PostId=ph.PostId#p.PostTypeId,=,1,pl.LinkTypeId,=,1,pl.CreationDate,>=,1282168176#58078
posts p,postLinks pl,postHistory ph#p.Id=pl.PostId,pl.PostId=ph.PostId#p.AnswerCount,<=,8,p.CommentCount,>=,0,ph.PostHistoryTypeId,=,3#11006
posts p,postLinks pl,postHistory ph#p.Id=pl.PostId,pl.PostId=ph.PostId#p.PostTypeId,=,1,p.FavoriteCount,=,0,p.CreationDate,<=,1410621423#2458
posts p,postLinks pl,postHistory ph#p.Id=pl.PostId,pl.PostId=ph.PostId#p.ViewCount,>=,0,p.AnswerCount,>=,0,p.CommentCount,>=,0#63615
posts p,postLinks pl,postHistory ph#p.Id=pl.PostId,pl.PostId=ph.PostId#p.ViewCount,<=,2298,pl.CreationDate,>=,1284115727,ph.PostHistoryTypeId,=,5#11282
posts p,postLinks pl,postHistory ph#p.Id=pl.PostId,pl.PostId=ph.PostId#p.Score,>=,-1,p.AnswerCount,>=,0,p.FavoriteCount,>=,0#29122
posts p,postLinks pl,postHistory ph#p.Id=pl.PostId,pl.PostId=ph.PostId#pl.LinkTypeId,=,1,ph.PostHistoryTypeId,=,3,ph.CreationDate,<=,1409151768#10027
posts p,postLinks pl,postHistory ph#p.Id=pl.PostId,pl.PostId=ph.PostId#p.AnswerCount,=,1,p.CommentCount,<=,13,ph.PostHistoryTypeId,=,3#4181
posts p,postLinks pl,postHistory ph#p.Id=pl.PostId,pl.PostId=ph.PostId#p.FavoriteCount,>=,0,p.FavoriteCount,<=,5,p.CreationDate,<=,1408534171#23702
posts p,postLinks pl,postHistory ph#p.Id=pl.PostId,pl.PostId=ph.PostId#p.PostTypeId,=,1,ph.CreationDate,>=,1295454263,ph.CreationDate,<=,1410146458#61104
posts p,postLinks pl,postHistory ph#p.Id=pl.PostId,pl.PostId=ph.PostId#p.CreationDate,>=,1284304322,pl.CreationDate,>=,1297138163,ph.CreationDate,<=,1407971379#59459
posts p,postLinks pl,postHistory ph#p.Id=pl.PostId,pl.PostId=ph.PostId#p.ViewCount,>=,0,p.ViewCount,<=,2260,pl.LinkTypeId,=,1#51318
posts p,postLinks pl,postHistory ph#p.Id=pl.PostId,pl.PostId=ph.PostId#p.Score,>=,0,p.Score,<=,72,p.FavoriteCount,>=,0#28777
posts p,postLinks pl,postHistory ph#p.Id=pl.PostId,pl.PostId=ph.PostId#p.CommentCount,<=,15,pl.LinkTypeId,=,1,ph.PostHistoryTypeId,=,3#10085
posts p,postLinks pl,postHistory ph#p.Id=pl.PostId,pl.PostId=ph.PostId#p.CommentCount,>=,0,p.CommentCount,<=,10,ph.CreationDate,<=,1408550144#59365
posts p,postLinks pl,postHistory ph#p.Id=pl.PostId,pl.PostId=ph.PostId#p.AnswerCount,>=,0,p.FavoriteCount,>=,0,pl.LinkTypeId,=,1#27963
posts p,postLinks pl,postHistory ph#p.Id=pl.PostId,pl.PostId=ph.PostId#p.CreationDate,>=,1282323159,pl.LinkTypeId,=,1,pl.CreationDate,<=,1410297025#57258
posts p,postLinks pl,postHistory ph#p.Id=pl.PostId,pl.PostId=ph.PostId#pl.CreationDate,>=,1323162302,ph.PostHistoryTypeId,=,5,ph.CreationDate,<=,1407755226#10889
posts p,postLinks pl,postHistory ph#p.Id=pl.PostId,pl.PostId=ph.PostId#p.PostTypeId,=,1,p.FavoriteCount,>=,0,p.FavoriteCount,<=,5#23937
posts p,postLinks pl,postHistory ph#p.Id=pl.PostId,pl.PostId=ph.PostId#p.ViewCount,<=,3981,p.CreationDate,<=,1408897185,pl.LinkTypeId,=,1#53739
posts p,postLinks pl,postHistory ph#p.Id=pl.PostId,pl.PostId=ph.PostId#p.ViewCount,>=,0,p.AnswerCount,>=,0,pl.LinkTypeId,=,1#58277
posts p,postLinks pl,postHistory ph#p.Id=pl.PostId,pl.PostId=ph.PostId#p.CommentCount,<=,12,pl.LinkTypeId,=,1,ph.PostHistoryTypeId,=,5#11346
posts p,postLinks pl,postHistory ph#p.Id=pl.PostId,pl.PostId=ph.PostId#p.CommentCount,>=,0,p.CommentCount,<=,19,p.FavoriteCount,=,0#2458
posts p,postLinks pl,postHistory ph#p.Id=pl.PostId,pl.PostId=ph.PostId#p.CommentCount,>=,0,p.CreationDate,<=,1410424014,ph.CreationDate,>=,1281341999#62983
posts p,postLinks pl,postHistory ph#p.Id=pl.PostId,pl.PostId=ph.PostId#p.PostTypeId,=,1,p.AnswerCount,>=,0,p.CreationDate,>=,1279619003#63423
posts p,postLinks pl,postHistory ph#p.Id=pl.PostId,pl.PostId=ph.PostId#p.FavoriteCount,>=,0,p.CreationDate,>=,1279652930,p.CreationDate,<=,1410569615#29043
posts p,postLinks pl,postHistory ph#p.Id=pl.PostId,pl.PostId=ph.PostId#p.FavoriteCount,>=,0,ph.PostHistoryTypeId,=,5,ph.CreationDate,<=,1408976693#6229
posts p,postLinks pl,postHistory ph#p.Id=pl.PostId,pl.PostId=ph.PostId#p.ViewCount,>=,0,p.AnswerCount,>=,0,pl.CreationDate,>=,1299956495#61425
posts p,postLinks pl,postHistory ph#p.Id=pl.PostId,pl.PostId=ph.PostId#p.Score,<=,47,p.AnswerCount,>=,0,pl.CreationDate,>=,1318246315#56985
posts p,postLinks pl,postHistory ph#p.Id=pl.PostId,pl.PostId=ph.PostId#p.Score,>=,-1,p.CommentCount,=,2,p.CreationDate,>=,1280247508#9593
posts p,postLinks pl,postHistory ph#p.Id=pl.PostId,pl.PostId=ph.PostId#p.CommentCount,>=,0,p.CommentCount,<=,9,ph.CreationDate,>=,1281378479#59376
posts p,postLinks pl,postHistory ph#p.Id=pl.PostId,pl.PostId=ph.PostId#p.PostTypeId,=,1,pl.LinkTypeId,=,1,pl.CreationDate,=,1311059114#8
posts p,postLinks pl,postHistory ph#p.Id=pl.PostId,pl.PostId=ph.PostId#p.Score,=,5,p.AnswerCount,<=,4,pl.LinkTypeId,=,1#3280
posts p,postLinks pl,postHistory ph#p.Id=pl.PostId,pl.PostId=ph.PostId#p.Score,>=,-1,p.AnswerCount,<=,9,p.CommentCount,<=,18#62406
posts p,postLinks pl,postHistory ph#p.Id=pl.PostId,pl.PostId=ph.PostId#p.CreationDate,<=,1409553283,ph.PostHistoryTypeId,=,3,ph.CreationDate,<=,1409410489#10960
posts p,postLinks pl,postHistory ph#p.Id=pl.PostId,pl.PostId=ph.PostId#p.ViewCount,<=,3189,p.FavoriteCount,<=,8,ph.PostHistoryTypeId,=,2#3818
posts p,postLinks pl,postHistory ph#p.Id=pl.PostId,pl.PostId=ph.PostId#p.ViewCount,>=,0,p.ViewCount,<=,6149,ph.CreationDate,<=,1410534227#61282
posts p,postLinks pl,postHistory ph#p.Id=pl.PostId,pl.PostId=ph.PostId#p.Score,<=,32,pl.LinkTypeId,=,1,pl.CreationDate,>=,1311743594#53072
posts p,postLinks pl,postHistory ph#p.Id=pl.PostId,pl.PostId=ph.PostId#p.Score,<=,13,p.CreationDate,>=,1281979648,pl.LinkTypeId,=,1#53701
posts p,postLinks pl,postHistory ph#p.Id=pl.PostId,pl.PostId=ph.PostId#p.PostTypeId,=,1,p.Score,<=,50,ph.PostHistoryTypeId,=,5#12697
posts p,postLinks pl,postHistory ph#p.Id=pl.PostId,pl.PostId=ph.PostId#p.Score,<=,21,p.FavoriteCount,>=,0,pl.CreationDate,>=,1288111938#26360
posts p,postLinks pl,postHistory ph#p.Id=pl.PostId,pl.PostId=ph.PostId#p.ViewCount,>=,0,p.ViewCount,<=,2160,p.AnswerCount,>=,0#56042
posts p,postLinks pl,postHistory ph#p.Id=pl.PostId,pl.PostId=ph.PostId#p.AnswerCount,<=,7,p.CommentCount,>=,0,ph.CreationDate,<=,1410279867#62336
posts p,postLinks pl,postHistory ph#p.Id=pl.PostId,pl.PostId=ph.PostId#ph.PostHistoryTypeId,=,2,ph.CreationDate,>=,1281523390,ph.CreationDate,<=,1400967246#9540
posts p,postLinks pl,postHistory ph#p.Id=pl.PostId,pl.PostId=ph.PostId#p.ViewCount,<=,3889,p.CommentCount,<=,10,pl.LinkTypeId,=,1#52040
posts p,postLinks pl,postHistory ph#p.Id=pl.PostId,pl.PostId=ph.PostId#p.FavoriteCount,<=,15,pl.LinkTypeId,=,1,ph.CreationDate,>=,1282043289#25980
posts p,postLinks pl,postHistory ph#p.Id=pl.PostId,pl.PostId=ph.PostId#p.FavoriteCount,>=,0,p.FavoriteCount,<=,17,p.CreationDate,<=,1409784833#27687
posts p,postLinks pl,postHistory ph#p.Id=pl.PostId,pl.PostId=ph.PostId#p.Score,>=,-2,ph.PostHistoryTypeId,=,1,ph.CreationDate,<=,1409518315#10939
posts p,postLinks pl,postHistory ph#p.Id=pl.PostId,pl.PostId=ph.PostId#p.PostTypeId,=,1,pl.CreationDate,>=,1279723653,ph.PostHistoryTypeId,=,2#11102
posts p,postLinks pl,postHistory ph#p.Id=pl.PostId,pl.PostId=ph.PostId#p.Score,>=,-1,p.CreationDate,<=,1410608964,pl.CreationDate,<=,1410067821#62814
posts p,postLinks pl,postHistory ph#p.Id=pl.PostId,pl.PostId=ph.PostId#p.PostTypeId,=,1,p.CommentCount,=,0,ph.CreationDate,<=,1407939916#11462
posts p,postLinks pl,postHistory ph#p.Id=pl.PostId,pl.PostId=ph.PostId#p.PostTypeId,=,1,pl.CreationDate,<=,1405363646,ph.CreationDate,>=,1289409488#57783
posts p,postLinks pl,users u#p.Id=pl.PostId,p.OwnerUserId=u.Id#p.CommentCount,>=,0,u.Views,>=,0,u.Views,<=,26#7222
posts p,postLinks pl,users u#p.Id=pl.PostId,p.OwnerUserId=u.Id#p.Score,=,0,pl.LinkTypeId,=,1,u.Reputation,<=,216#1532
posts p,postLinks pl,users u#p.Id=pl.PostId,p.OwnerUserId=u.Id#pl.CreationDate,>=,1309403775,u.Reputation,>=,1,u.Reputation,<=,154#6470
posts p,postLinks pl,users u#p.Id=pl.PostId,p.OwnerUserId=u.Id#p.CreationDate,<=,1410528531,u.Views,>=,0,u.UpVotes,>=,0#10944
posts p,postLinks pl,users u#p.Id=pl.PostId,p.OwnerUserId=u.Id#p.CommentCount,=,3,u.Views,<=,39,u.DownVotes,<=,0#915
posts p,postLinks pl,users u#p.Id=pl.PostId,p.OwnerUserId=u.Id#p.AnswerCount,<=,5,u.Reputation,=,1,u.DownVotes,<=,103#678
posts p,postLinks pl,users u#p.Id=pl.PostId,p.OwnerUserId=u.Id#p.CreationDate,>=,1279567807,u.Views,>=,0,u.UpVotes,>=,0#10950
posts p,postLinks pl,users u#p.Id=pl.PostId,p.OwnerUserId=u.Id#u.Reputation,>=,1,u.Views,>=,0,u.Views,<=,666#10514
posts p,postLinks pl,users u#p.Id=pl.PostId,p.OwnerUserId=u.Id#p.FavoriteCount,>=,0,p.FavoriteCount,<=,12,u.DownVotes,>=,0#4308
posts p,postLinks pl,users u#p.Id=pl.PostId,p.OwnerUserId=u.Id#p.Score,<=,15,p.FavoriteCount,<=,4,pl.LinkTypeId,=,1#3471
posts p,postLinks pl,users u#p.Id=pl.PostId,p.OwnerUserId=u.Id#p.ViewCount,>=,0,p.ViewCount,<=,2918,pl.CreationDate,>=,1285250453#10116
posts p,postLinks pl,users u#p.Id=pl.PostId,p.OwnerUserId=u.Id#p.CommentCount,>=,0,u.DownVotes,>=,0,u.DownVotes,<=,1#9595
posts p,postLinks pl,users u#p.Id=pl.PostId,p.OwnerUserId=u.Id#p.CreationDate,<=,1407645304,u.Reputation,=,1,u.CreationDate,<=,1410024606#647
posts p,postLinks pl,users u#p.Id=pl.PostId,p.OwnerUserId=u.Id#p.Score,>=,-1,pl.LinkTypeId,=,1,u.UpVotes,>=,0#10011
posts p,postLinks pl,users u#p.Id=pl.PostId,p.OwnerUserId=u.Id#p.FavoriteCount,<=,25,pl.LinkTypeId,=,1,u.Views,=,0#184
posts p,postLinks pl,users u#p.Id=pl.PostId,p.OwnerUserId=u.Id#p.ViewCount,<=,2016,p.AnswerCount,=,1,u.DownVotes,<=,1#3520
posts p,postLinks pl,users u#p.Id=pl.PostId,p.OwnerUserId=u.Id#p.CreationDate,<=,1410533438,pl.LinkTypeId,=,1,u.Reputation,>=,1#10047
posts p,postLinks pl,users u#p.Id=pl.PostId,p.OwnerUserId=u.Id#p.ViewCount,<=,3704,p.AnswerCount,<=,3,u.Views,>=,0#9827
posts p,postLinks pl,users u#p.Id=pl.PostId,p.OwnerUserId=u.Id#u.DownVotes,<=,0,u.UpVotes,>=,0,u.UpVotes,<=,17#7546
posts p,postLinks pl,users u#p.Id=pl.PostId,p.OwnerUserId=u.Id#p.ViewCount,>=,0,u.UpVotes,>=,0,u.UpVotes,<=,25#8290
posts p,postLinks pl,users u#p.Id=pl.PostId,p.OwnerUserId=u.Id#p.Score,<=,12,p.AnswerCount,<=,4,u.Reputation,<=,336#7954
posts p,postLinks pl,users u#p.Id=pl.PostId,p.OwnerUserId=u.Id#p.PostTypeId,=,1,u.Reputation,>=,1,u.Reputation,<=,576#9097
posts p,postLinks pl,users u#p.Id=pl.PostId,p.OwnerUserId=u.Id#p.ViewCount,>=,0,u.DownVotes,>=,0,u.CreationDate,>=,1281775352#10389
posts p,postLinks pl,users u#p.Id=pl.PostId,p.OwnerUserId=u.Id#p.Score,>=,-2,u.Reputation,<=,148,u.DownVotes,>=,0#6555
posts p,postLinks pl,users u#p.Id=pl.PostId,p.OwnerUserId=u.Id#p.CreationDate,<=,1409952056,pl.CreationDate,<=,1403673940,u.DownVotes,<=,0#8138
posts p,postLinks pl,users u#p.Id=pl.PostId,p.OwnerUserId=u.Id#p.PostTypeId,=,1,p.AnswerCount,=,0,p.CreationDate,<=,1410104570#2721
posts p,postLinks pl,users u#p.Id=pl.PostId,p.OwnerUserId=u.Id#u.DownVotes,<=,44,u.UpVotes,>=,0,u.UpVotes,<=,92#9604
posts p,postLinks pl,users u#p.Id=pl.PostId,p.OwnerUserId=u.Id#p.PostTypeId,=,1,p.Score,=,2,u.CreationDate,>=,1279566889#1631
posts p,postLinks pl,users u#p.Id=pl.PostId,p.OwnerUserId=u.Id#p.PostTypeId,=,1,p.CommentCount,>=,0,u.Views,>=,0#10954
posts p,postLinks pl,users u#p.Id=pl.PostId,p.OwnerUserId=u.Id#p.Score,>=,-1,p.ViewCount,<=,2358,p.CommentCount,>=,0#9906
posts p,postLinks pl,users u#p.Id=pl.PostId,p.OwnerUserId=u.Id#p.ViewCount,>=,0,pl.CreationDate,<=,1409217944,u.DownVotes,<=,0#8904
posts p,postLinks pl,users u#p.Id=pl.PostId,p.OwnerUserId=u.Id#p.PostTypeId,=,1,p.CommentCount,<=,13,u.CreationDate,<=,1407102006#10597
posts p,postLinks pl,users u#p.Id=pl.PostId,p.OwnerUserId=u.Id#p.PostTypeId,=,1,p.CommentCount,>=,0,p.CreationDate,>=,1279773272#10916
posts p,postLinks pl,users u#p.Id=pl.PostId,p.OwnerUserId=u.Id#p.CommentCount,>=,0,p.CreationDate,>=,1279576132,u.Views,<=,102#9290
posts p,postLinks pl,users u#p.Id=pl.PostId,p.OwnerUserId=u.Id#p.CreationDate,<=,1409316693,u.Views,=,1,u.DownVotes,<=,0#896
posts p,postLinks pl,users u#p.Id=pl.PostId,p.OwnerUserId=u.Id#p.ViewCount,>=,0,pl.CreationDate,>=,1314190781,pl.CreationDate,<=,1408863076#9908
posts p,postLinks pl,users u#p.Id=pl.PostId,p.OwnerUserId=u.Id#p.PostTypeId,=,1,p.ViewCount,>=,0,p.AnswerCount,<=,21#10938
posts p,postLinks pl,users u#p.Id=pl.PostId,p.OwnerUserId=u.Id#p.Score,>=,-2,u.Reputation,<=,583,u.Views,=,1#922
posts p,postLinks pl,users u#p.Id=pl.PostId,p.OwnerUserId=u.Id#p.Score,>=,0,p.CreationDate,>=,1280172397,u.DownVotes,=,0#8958
posts p,postLinks pl,users u#p.Id=pl.PostId,p.OwnerUserId=u.Id#p.FavoriteCount,>=,0,p.FavoriteCount,<=,10,p.CreationDate,>=,1279816423#4219
posts p,postLinks pl,users u#p.Id=pl.PostId,p.OwnerUserId=u.Id#p.CreationDate,<=,1410058823,pl.LinkTypeId,=,1,u.Reputation,>=,1#9994
posts p,postLinks pl,users u#p.Id=pl.PostId,p.OwnerUserId=u.Id#p.CommentCount,<=,14,u.Views,<=,363,u.CreationDate,<=,1410035006#10182
posts p,postLinks pl,users u#p.Id=pl.PostId,p.OwnerUserId=u.Id#p.Score,=,-1,p.AnswerCount,<=,6,p.CommentCount,<=,26#64
posts p,postLinks pl,users u#p.Id=pl.PostId,p.OwnerUserId=u.Id#p.CommentCount,<=,11,pl.LinkTypeId,=,1,pl.CreationDate,>=,1295017672#9538
posts p,postLinks pl,users u#p.Id=pl.PostId,p.OwnerUserId=u.Id#p.Score,>=,0,p.ViewCount,>=,0,pl.CreationDate,>=,1306776817#10278
posts p,postLinks pl,users u#p.Id=pl.PostId,p.OwnerUserId=u.Id#p.Score,<=,12,pl.CreationDate,>=,1316993942,u.UpVotes,<=,19#7208
posts p,postLinks pl,users u#p.Id=pl.PostId,p.OwnerUserId=u.Id#p.Score,<=,27,p.ViewCount,>=,0,p.ViewCount,<=,1858#9684
posts p,postLinks pl,users u#p.Id=pl.PostId,p.OwnerUserId=u.Id#p.Score,<=,27,u.Reputation,<=,426,u.CreationDate,<=,1409817636#8611
posts p,postLinks pl,users u#p.Id=pl.PostId,p.OwnerUserId=u.Id#u.Reputation,>=,1,u.Reputation,<=,342,u.DownVotes,>=,0#8307
posts p,postLinks pl,users u#p.Id=pl.PostId,p.OwnerUserId=u.Id#p.PostTypeId,=,1,p.Score,<=,23,pl.CreationDate,=,1346209987#1
posts p,postLinks pl,users u#p.Id=pl.PostId,p.OwnerUserId=u.Id#p.Score,<=,39,u.DownVotes,>=,0,u.CreationDate,<=,1408593507#10760
posts p,postLinks pl,users u#p.Id=pl.PostId,p.OwnerUserId=u.Id#p.ViewCount,<=,3284,u.Views,>=,0,u.UpVotes,>=,0#10273
posts p,postLinks pl,users u#p.Id=pl.PostId,p.OwnerUserId=u.Id#p.PostTypeId,=,1,pl.LinkTypeId,=,1,u.UpVotes,<=,1273#9906
posts p,postLinks pl,users u#p.Id=pl.PostId,p.OwnerUserId=u.Id#p.PostTypeId,=,1,p.ViewCount,<=,12291,u.UpVotes,=,0#3992
posts p,postLinks pl,users u#p.Id=pl.PostId,p.OwnerUserId=u.Id#p.Score,<=,13,p.AnswerCount,>=,0,pl.CreationDate,<=,1410297025#10311
posts p,postLinks pl,users u#p.Id=pl.PostId,p.OwnerUserId=u.Id#p.CommentCount,=,3,p.FavoriteCount,>=,0,u.Views,>=,0#486
posts p,postLinks pl,users u#p.Id=pl.PostId,p.OwnerUserId=u.Id#pl.LinkTypeId,=,1,u.Views,>=,0,u.Views,<=,45#7418
posts p,postLinks pl,users u#p.Id=pl.PostId,p.OwnerUserId=u.Id#p.Score,=,1,pl.LinkTypeId,=,1,u.DownVotes,>=,0#2028
posts p,postLinks pl,users u#p.Id=pl.PostId,p.OwnerUserId=u.Id#p.Score,<=,26,p.FavoriteCount,<=,9,pl.CreationDate,<=,1407146179#4054
posts p,postLinks pl,users u#p.Id=pl.PostId,p.OwnerUserId=u.Id#p.ViewCount,>=,0,p.ViewCount,<=,1988,u.UpVotes,>=,0#9773
posts p,postLinks pl,users u#p.Id=pl.PostId,p.OwnerUserId=u.Id#p.AnswerCount,>=,0,p.AnswerCount,<=,6,u.Reputation,>=,1#10777
posts p,postLinks pl,users u#p.Id=pl.PostId,p.OwnerUserId=u.Id#p.CommentCount,<=,24,p.CreationDate,<=,1410187327,u.Reputation,>=,1#10896
posts p,postLinks pl,users u#p.Id=pl.PostId,p.OwnerUserId=u.Id#p.FavoriteCount,=,0,pl.CreationDate,>=,1279723653,pl.CreationDate,<=,1409248146#353
posts p,postLinks pl,users u#p.Id=pl.PostId,p.OwnerUserId=u.Id#p.FavoriteCount,>=,0,p.FavoriteCount,<=,5,pl.CreationDate,>=,1287935853#3774
posts p,postLinks pl,users u#p.Id=pl.PostId,p.OwnerUserId=u.Id#p.ViewCount,>=,0,p.FavoriteCount,=,0,pl.LinkTypeId,=,1#281
posts p,postLinks pl,users u#p.Id=pl.PostId,p.OwnerUserId=u.Id#p.FavoriteCount,<=,36,u.Views,=,2,u.CreationDate,>=,1279748304#238
posts p,postLinks pl,users u#p.Id=pl.PostId,p.OwnerUserId=u.Id#p.CommentCount,>=,0,pl.LinkTypeId,=,1,u.UpVotes,=,0#3533
posts p,postLinks pl,users u#p.Id=pl.PostId,p.OwnerUserId=u.Id#p.ViewCount,>=,0,p.ViewCount,<=,3031,p.CreationDate,>=,1280232634#10177
posts p,postLinks pl,users u#p.Id=pl.PostId,p.OwnerUserId=u.Id#pl.LinkTypeId,=,1,u.Reputation,>=,1,u.Reputation,<=,408#7824
posts p,postLinks pl,users u#p.Id=pl.PostId,p.OwnerUserId=u.Id#p.Score,<=,23,pl.LinkTypeId,=,3,u.DownVotes,<=,0#833
posts p,postLinks pl,users u#p.Id=pl.PostId,p.OwnerUserId=u.Id#pl.CreationDate,>=,1284705634,u.Reputation,>=,1,u.Views,<=,46#8192
posts p,postLinks pl,users u#p.Id=pl.PostId,p.OwnerUserId=u.Id#p.Score,<=,42,p.CommentCount,>=,0,p.CommentCount,<=,7#9877
posts p,postLinks pl,users u#p.Id=pl.PostId,p.OwnerUserId=u.Id#p.FavoriteCount,>=,0,u.Views,<=,58,u.CreationDate,<=,1410497785#3171
posts p,postLinks pl,users u#p.Id=pl.PostId,p.OwnerUserId=u.Id#p.CommentCount,>=,0,p.CommentCount,<=,10,u.UpVotes,>=,0#10573
posts p,postLinks pl,users u#p.Id=pl.PostId,p.OwnerUserId=u.Id#p.Score,>=,0,p.CreationDate,<=,1408545914,u.Reputation,>=,1#10575
posts p,postLinks pl,users u#p.Id=pl.PostId,p.OwnerUserId=u.Id#p.FavoriteCount,<=,5,u.Views,=,0,u.DownVotes,>=,0#193
posts p,postLinks pl,users u#p.Id=pl.PostId,p.OwnerUserId=u.Id#p.PostTypeId,=,1,p.Score,>=,-3,p.ViewCount,>=,0#10929
posts p,postLinks pl,users u#p.Id=pl.PostId,p.OwnerUserId=u.Id#p.ViewCount,<=,6209,p.AnswerCount,>=,0,u.Views,<=,155#9443
posts p,postLinks pl,users u#p.Id=pl.PostId,p.OwnerUserId=u.Id#p.CommentCount,>=,0,p.FavoriteCount,>=,0,u.Reputation,<=,735#3620
posts p,postLinks pl,users u#p.Id=pl.PostId,p.OwnerUserId=u.Id#p.Score,>=,0,p.ViewCount,<=,2558,p.AnswerCount,>=,0#9921
posts p,postLinks pl,users u#p.Id=pl.PostId,p.OwnerUserId=u.Id#pl.LinkTypeId,=,1,u.Views,>=,0,u.Views,<=,88#8275
posts p,postLinks pl,users u#p.Id=pl.PostId,p.OwnerUserId=u.Id#p.ViewCount,<=,8833,pl.CreationDate,=,1350682130,u.Views,>=,0#1
posts p,postLinks pl,users u#p.Id=pl.PostId,p.OwnerUserId=u.Id#p.Score,>=,-1,p.ViewCount,<=,11200,u.Reputation,<=,4767#10387
posts p,postLinks pl,users u#p.Id=pl.PostId,p.OwnerUserId=u.Id#p.AnswerCount,=,1,p.CreationDate,<=,1408929576,u.CreationDate,>=,1279621041#4061
posts p,postLinks pl,users u#p.Id=pl.PostId,p.OwnerUserId=u.Id#p.FavoriteCount,<=,3,p.CreationDate,>=,1280354056,pl.LinkTypeId,=,1#3226
posts p,postLinks pl,users u#p.Id=pl.PostId,p.OwnerUserId=u.Id#p.AnswerCount,<=,9,p.CreationDate,>=,1281956411,p.CreationDate,<=,1410350856#10755
posts p,postLinks pl,users u#p.Id=pl.PostId,p.OwnerUserId=u.Id#p.AnswerCount,<=,3,pl.LinkTypeId,=,1,u.DownVotes,=,0#7727
posts p,postLinks pl,users u#p.Id=pl.PostId,p.OwnerUserId=u.Id#p.PostTypeId,=,1,u.Reputation,=,101,u.CreationDate,<=,1409639765#75
posts p,postLinks pl,users u#p.Id=pl.PostId,p.OwnerUserId=u.Id#p.FavoriteCount,<=,22,pl.CreationDate,<=,1407702501,u.Reputation,<=,180#2286
posts p,postLinks pl,users u#p.Id=pl.PostId,p.OwnerUserId=u.Id#u.Reputation,<=,857,u.Views,>=,0,u.UpVotes,>=,0#9613
posts p,postLinks pl,users u#p.Id=pl.PostId,p.OwnerUserId=u.Id#p.AnswerCount,>=,0,p.CreationDate,<=,1410250381,u.DownVotes,>=,0#10908
postHistory ph,posts p,users u#ph.UserId=p.OwnerUserId,ph.UserId=u.Id#ph.PostHistoryTypeId,=,2,u.Reputation,>=,1,u.CreationDate,>=,1301350408#4957554
postHistory ph,posts p,users u#ph.UserId=p.OwnerUserId,ph.UserId=u.Id#p.CreationDate,=,1282797931,u.DownVotes,>=,0,u.UpVotes,<=,30#9
postHistory ph,posts p,users u#ph.UserId=p.OwnerUserId,ph.UserId=u.Id#p.PostTypeId,=,2,u.DownVotes,>=,0,u.CreationDate,>=,1292528232#15325394
postHistory ph,posts p,users u#ph.UserId=p.OwnerUserId,ph.UserId=u.Id#p.ViewCount,>=,0,p.ViewCount,<=,2770,u.CreationDate,=,1331724054#3
postHistory ph,posts p,users u#ph.UserId=p.OwnerUserId,ph.UserId=u.Id#ph.CreationDate,>=,1300350210,ph.CreationDate,<=,1407375300,p.Score,<=,41#49199285
postHistory ph,posts p,users u#ph.UserId=p.OwnerUserId,ph.UserId=u.Id#ph.CreationDate,>=,1294624973,p.ViewCount,>=,0,p.CommentCount,<=,33#2857247
postHistory ph,posts p,users u#ph.UserId=p.OwnerUserId,ph.UserId=u.Id#ph.PostHistoryTypeId,=,3,p.PostTypeId,=,1,u.CreationDate,>=,1304317350#297369
postHistory ph,posts p,users u#ph.UserId=p.OwnerUserId,ph.UserId=u.Id#p.CommentCount,>=,0,p.CommentCount,<=,9,u.CreationDate,<=,1410595208#53148921
postHistory ph,posts p,users u#ph.UserId=p.OwnerUserId,ph.UserId=u.Id#ph.PostHistoryTypeId,=,5,ph.CreationDate,<=,1410537379,p.Score,=,0#2729576
postHistory ph,posts p,users u#ph.UserId=p.OwnerUserId,ph.UserId=u.Id#ph.CreationDate,<=,1407934631,u.DownVotes,>=,0,u.CreationDate,<=,1409834519#53095866
postHistory ph,posts p,users u#ph.UserId=p.OwnerUserId,ph.UserId=u.Id#ph.CreationDate,<=,1409391069,p.Score,>=,-2,u.Reputation,<=,511#1943283
postHistory ph,posts p,users u#ph.UserId=p.OwnerUserId,ph.UserId=u.Id#p.CommentCount,>=,0,p.CreationDate,=,1347105826,u.Views,>=,0#302
postHistory ph,posts p,users u#ph.UserId=p.OwnerUserId,ph.UserId=u.Id#ph.CreationDate,>=,1279793290,ph.CreationDate,<=,1410528733,u.CreationDate,<=,1408121518#54665694
postHistory ph,posts p,users u#ph.UserId=p.OwnerUserId,ph.UserId=u.Id#p.CommentCount,<=,11,p.CreationDate,<=,1410611732,u.UpVotes,<=,16#777670
postHistory ph,posts p,users u#ph.UserId=p.OwnerUserId,ph.UserId=u.Id#ph.PostHistoryTypeId,=,5,p.CommentCount,<=,11,u.UpVotes,>=,0#21998117
postHistory ph,posts p,users u#ph.UserId=p.OwnerUserId,ph.UserId=u.Id#p.ViewCount,>=,0,p.AnswerCount,>=,0,u.DownVotes,>=,0#3053355
postHistory ph,posts p,users u#ph.UserId=p.OwnerUserId,ph.UserId=u.Id#u.Views,<=,9,u.UpVotes,<=,59,u.CreationDate,<=,1407239585#224439
postHistory ph,posts p,users u#ph.UserId=p.OwnerUserId,ph.UserId=u.Id#ph.CreationDate,>=,1282234163,p.ViewCount,>=,0,p.CommentCount,>=,0#3009522
postHistory ph,posts p,users u#ph.UserId=p.OwnerUserId,ph.UserId=u.Id#ph.PostHistoryTypeId,=,5,p.ViewCount,>=,0,u.Views,>=,0#751231
postHistory ph,posts p,users u#ph.UserId=p.OwnerUserId,ph.UserId=u.Id#ph.PostHistoryTypeId,=,5,p.CommentCount,<=,8,p.CreationDate,<=,1410361383#21328084
postHistory ph,posts p,users u#ph.UserId=p.OwnerUserId,ph.UserId=u.Id#p.ViewCount,>=,0,p.FavoriteCount,<=,4,u.Reputation,<=,599#255113
postHistory ph,posts p,users u#ph.UserId=p.OwnerUserId,ph.UserId=u.Id#p.Score,>=,-1,u.Reputation,<=,2653,u.Views,>=,0#4171702
postHistory ph,posts p,users u#ph.UserId=p.OwnerUserId,ph.UserId=u.Id#ph.CreationDate,>=,1281706695,p.AnswerCount,<=,4,u.Views,<=,50#588913
postHistory ph,posts p,users u#ph.UserId=p.OwnerUserId,ph.UserId=u.Id#ph.CreationDate,>=,1306016136,ph.CreationDate,<=,1410183242,p.PostTypeId,=,1#2689618
postHistory ph,posts p,users u#ph.UserId=p.OwnerUserId,ph.UserId=u.Id#ph.PostHistoryTypeId,=,5,ph.CreationDate,<=,1409163437,p.FavoriteCount,=,0#13518
postHistory ph,posts p,users u#ph.UserId=p.OwnerUserId,ph.UserId=u.Id#p.FavoriteCount,>=,0,p.FavoriteCount,<=,14,u.UpVotes,>=,0#1361647
postHistory ph,posts p,users u#ph.UserId=p.OwnerUserId,ph.UserId=u.Id#ph.CreationDate,>=,1281517783,p.AnswerCount,<=,3,p.CreationDate,<=,1410542697#2770500
postHistory ph,posts p,users u#ph.UserId=p.OwnerUserId,ph.UserId=u.Id#ph.CreationDate,>=,1282266492,p.FavoriteCount,<=,8,u.CreationDate,=,1370835672#3
postHistory ph,posts p,users u#ph.UserId=p.OwnerUserId,ph.UserId=u.Id#ph.CreationDate,>=,1305995796,ph.CreationDate,<=,1397162975,u.CreationDate,=,1328477704#1
postHistory ph,posts p,users u#ph.UserId=p.OwnerUserId,ph.UserId=u.Id#ph.PostHistoryTypeId,=,2,ph.CreationDate,>=,1280585953,p.PostTypeId,=,2#12886278
postHistory ph,posts p,users u#ph.UserId=p.OwnerUserId,ph.UserId=u.Id#p.Score,<=,25,p.CommentCount,=,0,u.DownVotes,<=,0#783007
postHistory ph,posts p,users u#ph.UserId=p.OwnerUserId,ph.UserId=u.Id#ph.CreationDate,<=,1409067520,u.Views,>=,0,u.CreationDate,<=,1409334398#53793523
postHistory ph,posts p,users u#ph.UserId=p.OwnerUserId,ph.UserId=u.Id#ph.PostHistoryTypeId,=,2,p.PostTypeId,=,1,u.DownVotes,>=,0#908895
postHistory ph,posts p,users u#ph.UserId=p.OwnerUserId,ph.UserId=u.Id#ph.PostHistoryTypeId,=,2,p.PostTypeId,=,2,p.Score,<=,14#12601224
postHistory ph,posts p,users u#ph.UserId=p.OwnerUserId,ph.UserId=u.Id#ph.PostHistoryTypeId,=,3,p.AnswerCount,<=,3,p.CreationDate,<=,1410500563#476039
postHistory ph,posts p,users u#ph.UserId=p.OwnerUserId,ph.UserId=u.Id#ph.PostHistoryTypeId,=,5,ph.CreationDate,>=,1297732460,u.Reputation,>=,1#21567636
postHistory ph,posts p,users u#ph.UserId=p.OwnerUserId,ph.UserId=u.Id#p.FavoriteCount,>=,0,u.Reputation,>=,1,u.Views,<=,37#138819
postHistory ph,posts p,users u#ph.UserId=p.OwnerUserId,ph.UserId=u.Id#ph.CreationDate,<=,1409765574,p.ViewCount,<=,37435,u.Views,>=,0#3020131
postHistory ph,posts p,users u#ph.UserId=p.OwnerUserId,ph.UserId=u.Id#u.DownVotes,>=,0,u.UpVotes,<=,41,u.CreationDate,<=,1410410058#1304285
postHistory ph,posts p,users u#ph.UserId=p.OwnerUserId,ph.UserId=u.Id#p.PostTypeId,=,1,u.DownVotes,<=,8,u.CreationDate,>=,1280684166#1838227
postHistory ph,posts p,users u#ph.UserId=p.OwnerUserId,ph.UserId=u.Id#p.CommentCount,>=,0,p.CommentCount,<=,14,u.CreationDate,<=,1409688495#54428489
postHistory ph,posts p,users u#ph.UserId=p.OwnerUserId,ph.UserId=u.Id#p.FavoriteCount,<=,7,p.CreationDate,>=,1279628912,u.Views,=,2#4395
postHistory ph,posts p,users u#ph.UserId=p.OwnerUserId,ph.UserId=u.Id#ph.PostHistoryTypeId,=,6,p.PostTypeId,=,1,p.AnswerCount,<=,4#103604
postHistory ph,posts p,users u#ph.UserId=p.OwnerUserId,ph.UserId=u.Id#ph.CreationDate,>=,1279571528,ph.CreationDate,<=,1410272465,p.ViewCount,<=,8102#3003262
postHistory ph,posts p,users u#ph.UserId=p.OwnerUserId,ph.UserId=u.Id#p.FavoriteCount,>=,0,u.Reputation,>=,1,u.Reputation,<=,176#106527
postHistory ph,posts p,users u#ph.UserId=p.OwnerUserId,ph.UserId=u.Id#p.AnswerCount,<=,3,p.CreationDate,>=,1280803553,u.DownVotes,>=,0#2766482
postHistory ph,posts p,users u#ph.UserId=p.OwnerUserId,ph.UserId=u.Id#p.ViewCount,>=,0,u.DownVotes,<=,0,u.CreationDate,<=,1409814565#1284289
postHistory ph,posts p,users u#ph.UserId=p.OwnerUserId,ph.UserId=u.Id#ph.PostHistoryTypeId,=,6,p.ViewCount,>=,0,p.ViewCount,<=,9957#115519
postHistory ph,posts p,users u#ph.UserId=p.OwnerUserId,ph.UserId=u.Id#p.FavoriteCount,<=,19,u.Reputation,<=,3015,u.UpVotes,>=,0#573900
postHistory ph,posts p,users u#ph.UserId=p.OwnerUserId,ph.UserId=u.Id#ph.PostHistoryTypeId,=,5,p.CommentCount,>=,0,u.Reputation,>=,1#22411775
postHistory ph,posts p,users u#ph.UserId=p.OwnerUserId,ph.UserId=u.Id#p.PostTypeId,=,2,u.UpVotes,>=,0,u.UpVotes,<=,26#344559
postHistory ph,posts p,users u#ph.UserId=p.OwnerUserId,ph.UserId=u.Id#ph.CreationDate,<=,1410502562,p.PostTypeId,=,2,u.Views,=,0#2601
postHistory ph,posts p,users u#ph.UserId=p.OwnerUserId,ph.UserId=u.Id#p.CreationDate,>=,1280340311,p.CreationDate,<=,1409520168,u.DownVotes,<=,1#2079016
postHistory ph,posts p,users u#ph.UserId=p.OwnerUserId,ph.UserId=u.Id#ph.PostHistoryTypeId,=,5,p.ViewCount,>=,0,u.DownVotes,>=,0#751231
postHistory ph,posts p,users u#ph.UserId=p.OwnerUserId,ph.UserId=u.Id#ph.CreationDate,>=,1301320498,u.CreationDate,>=,1282119216,u.CreationDate,<=,1410551759#19940005
postHistory ph,posts p,users u#ph.UserId=p.OwnerUserId,ph.UserId=u.Id#ph.PostHistoryTypeId,=,2,p.CreationDate,>=,1280240050,u.Views,>=,0#14611839
postHistory ph,posts p,users u#ph.UserId=p.OwnerUserId,ph.UserId=u.Id#ph.PostHistoryTypeId,=,2,p.FavoriteCount,>=,0,p.CreationDate,>=,1280984086#406274
postHistory ph,posts p,users u#ph.UserId=p.OwnerUserId,ph.UserId=u.Id#ph.CreationDate,<=,1409944166,p.CreationDate,<=,1410293425,u.CreationDate,>=,1305866158#15827438
postHistory ph,posts p,users u#ph.UserId=p.OwnerUserId,ph.UserId=u.Id#u.Reputation,>=,1,u.UpVotes,=,0,u.CreationDate,>=,1281608464#163481
postHistory ph,posts p,users u#ph.UserId=p.OwnerUserId,ph.UserId=u.Id#p.CreationDate,<=,1409655356,u.Reputation,<=,126,u.DownVotes,<=,1#336309
postHistory ph,posts p,users u#ph.UserId=p.OwnerUserId,ph.UserId=u.Id#p.FavoriteCount,>=,0,p.FavoriteCount,<=,14,u.UpVotes,<=,10#114041
postHistory ph,posts p,users u#ph.UserId=p.OwnerUserId,ph.UserId=u.Id#p.Score,>=,0,p.Score,<=,23,p.FavoriteCount,<=,9#1305536
postHistory ph,posts p,users u#ph.UserId=p.OwnerUserId,ph.UserId=u.Id#p.PostTypeId,=,1,u.Views,>=,0,u.DownVotes,>=,0#3053355
postHistory ph,posts p,users u#ph.UserId=p.OwnerUserId,ph.UserId=u.Id#p.Score,>=,-3,p.ViewCount,>=,0,u.Reputation,<=,5309#2048131
postHistory ph,posts p,users u#ph.UserId=p.OwnerUserId,ph.UserId=u.Id#p.Score,>=,-2,p.Score,<=,19,p.ViewCount,>=,0#2906083
postHistory ph,posts p,users u#ph.UserId=p.OwnerUserId,ph.UserId=u.Id#p.Score,>=,-1,u.DownVotes,>=,0,u.DownVotes,<=,0#1750874
postHistory ph,posts p,users u#ph.UserId=p.OwnerUserId,ph.UserId=u.Id#ph.PostHistoryTypeId,=,2,p.AnswerCount,>=,0,u.Views,>=,0#908895
postHistory ph,posts p,users u#ph.UserId=p.OwnerUserId,ph.UserId=u.Id#p.FavoriteCount,<=,9,p.CreationDate,>=,1279587133,u.UpVotes,<=,14#132634
postHistory ph,posts p,users u#ph.UserId=p.OwnerUserId,ph.UserId=u.Id#ph.PostHistoryTypeId,=,5,p.PostTypeId,=,1,u.Views,>=,0#751231
postHistory ph,posts p,users u#ph.UserId=p.OwnerUserId,ph.UserId=u.Id#ph.PostHistoryTypeId,=,2,ph.CreationDate,>=,1283541188,u.DownVotes,>=,0#14393167
postHistory ph,posts p,users u#ph.UserId=p.OwnerUserId,ph.UserId=u.Id#ph.CreationDate,<=,1408259855,p.PostTypeId,=,2,u.DownVotes,>=,0#46301752
postHistory ph,posts p,users u#ph.UserId=p.OwnerUserId,ph.UserId=u.Id#ph.PostHistoryTypeId,=,2,ph.CreationDate,<=,1405380609,u.CreationDate,<=,1410158113#13880509
postHistory ph,posts p,users u#ph.UserId=p.OwnerUserId,ph.UserId=u.Id#ph.PostHistoryTypeId,=,2,p.PostTypeId,=,2,u.UpVotes,>=,0#12951289
postHistory ph,posts p,users u#ph.UserId=p.OwnerUserId,ph.UserId=u.Id#p.ViewCount,<=,9010,p.CommentCount,<=,8,u.UpVotes,>=,0#2884508
postHistory ph,posts p,users u#ph.UserId=p.OwnerUserId,ph.UserId=u.Id#p.CreationDate,>=,1279567351,p.CreationDate,<=,1410316356,u.CreationDate,>=,1284918478#19765232
postHistory ph,posts p,users u#ph.UserId=p.OwnerUserId,ph.UserId=u.Id#p.CommentCount,<=,13,p.CreationDate,<=,1410528076,u.UpVotes,<=,38#1243537
postHistory ph,posts p,users u#ph.UserId=p.OwnerUserId,ph.UserId=u.Id#p.ViewCount,>=,0,p.AnswerCount,>=,0,u.DownVotes,=,0#1285252
postHistory ph,posts p,users u#ph.UserId=p.OwnerUserId,ph.UserId=u.Id#ph.PostHistoryTypeId,=,2,p.FavoriteCount,>=,0,u.Views,>=,0#416123
postHistory ph,posts p,users u#ph.UserId=p.OwnerUserId,ph.UserId=u.Id#ph.CreationDate,>=,1289331812,p.Score,<=,16,u.Views,>=,0#51647325
postHistory ph,posts p,users u#ph.UserId=p.OwnerUserId,ph.UserId=u.Id#p.ViewCount,<=,3486,p.CommentCount,<=,12,p.FavoriteCount,>=,0#1322147
postHistory ph,posts p,users u#ph.UserId=p.OwnerUserId,ph.UserId=u.Id#ph.PostHistoryTypeId,=,3,p.CommentCount,<=,16,u.Views,<=,42#164968
postHistory ph,posts p,users u#ph.UserId=p.OwnerUserId,ph.UserId=u.Id#p.CommentCount,<=,14,p.CreationDate,<=,1407961560,u.Views,<=,16#1269575
postHistory ph,posts p,users u#ph.UserId=p.OwnerUserId,ph.UserId=u.Id#ph.CreationDate,>=,1279617209,p.Score,>=,-2,p.CommentCount,<=,13#54245047
postHistory ph,posts p,users u#ph.UserId=p.OwnerUserId,ph.UserId=u.Id#p.Score,<=,22,p.ViewCount,>=,0,u.Reputation,<=,126#299928
postHistory ph,posts p,users u#ph.UserId=p.OwnerUserId,ph.UserId=u.Id#u.Reputation,>=,1,u.Reputation,<=,857,u.Views,>=,0#2509442
postHistory ph,posts p,users u#ph.UserId=p.OwnerUserId,ph.UserId=u.Id#ph.PostHistoryTypeId,=,3,u.Views,>=,0,u.Views,<=,9#58276
postHistory ph,posts p,users u#ph.PostId=p.Id,p.OwnerUserId=u.Id#p.CommentCount,>=,0,p.CommentCount,<=,7,p.FavoriteCount,<=,4#60099
postHistory ph,posts p,users u#ph.PostId=p.Id,p.OwnerUserId=u.Id#p.PostTypeId,=,1,p.AnswerCount,<=,4,p.CommentCount,<=,12#207287
postHistory ph,posts p,users u#ph.PostId=p.Id,p.OwnerUserId=u.Id#p.CommentCount,>=,0,p.CommentCount,<=,9,u.Reputation,<=,371#181554
postHistory ph,posts p,users u#ph.PostId=p.Id,p.OwnerUserId=u.Id#p.PostTypeId,=,1,p.ViewCount,<=,2478,p.FavoriteCount,=,0#4875
postHistory ph,posts p,users u#ph.PostId=p.Id,p.OwnerUserId=u.Id#ph.PostHistoryTypeId,=,2,p.Score,<=,19,p.CreationDate,>=,1279575158#89525
postHistory ph,posts p,users u#ph.PostId=p.Id,p.OwnerUserId=u.Id#p.CommentCount,>=,0,p.FavoriteCount,>=,0,p.FavoriteCount,<=,5#67139
postHistory ph,posts p,users u#ph.PostId=p.Id,p.OwnerUserId=u.Id#ph.PostHistoryTypeId,=,5,p.CommentCount,>=,0,p.CommentCount,<=,13#67287
postHistory ph,posts p,users u#ph.PostId=p.Id,p.OwnerUserId=u.Id#ph.PostHistoryTypeId,=,6,ph.CreationDate,<=,1409109701,u.DownVotes,<=,0#10436
postHistory ph,posts p,users u#ph.PostId=p.Id,p.OwnerUserId=u.Id#p.Score,<=,36,p.CommentCount,<=,19,u.CreationDate,<=,1406018599#288433
postHistory ph,posts p,users u#ph.PostId=p.Id,p.OwnerUserId=u.Id#p.AnswerCount,>=,0,p.CreationDate,>=,1279569814,p.CreationDate,<=,1410315980#212519
postHistory ph,posts p,users u#ph.PostId=p.Id,p.OwnerUserId=u.Id#ph.PostHistoryTypeId,=,3,u.UpVotes,>=,0,u.CreationDate,<=,1409366370#41868
postHistory ph,posts p,users u#ph.PostId=p.Id,p.OwnerUserId=u.Id#ph.CreationDate,>=,1280688985,ph.CreationDate,<=,1409931050,u.Reputation,<=,159#148422
postHistory ph,posts p,users u#ph.PostId=p.Id,p.OwnerUserId=u.Id#ph.PostHistoryTypeId,=,4,p.AnswerCount,<=,7,u.UpVotes,<=,127#14342
postHistory ph,posts p,users u#ph.PostId=p.Id,p.OwnerUserId=u.Id#p.AnswerCount,=,0,p.CommentCount,<=,12,p.FavoriteCount,=,1#7336
postHistory ph,posts p,users u#ph.PostId=p.Id,p.OwnerUserId=u.Id#p.FavoriteCount,<=,4,p.CreationDate,>=,1280291045,u.Reputation,>=,1#64728
postHistory ph,posts p,users u#ph.PostId=p.Id,p.OwnerUserId=u.Id#ph.CreationDate,>=,1281713487,p.PostTypeId,=,2,u.DownVotes,<=,1#25473
postHistory ph,posts p,users u#ph.PostId=p.Id,p.OwnerUserId=u.Id#p.AnswerCount,=,0,p.CommentCount,>=,0,u.UpVotes,>=,0#62797
postHistory ph,posts p,users u#ph.PostId=p.Id,p.OwnerUserId=u.Id#ph.CreationDate,<=,1410517719,p.ViewCount,>=,0,p.CreationDate,>=,1279607721#212870
postHistory ph,posts p,users u#ph.PostId=p.Id,p.OwnerUserId=u.Id#ph.CreationDate,>=,1295279950,ph.CreationDate,<=,1410090297,p.FavoriteCount,>=,0#68378
postHistory ph,posts p,users u#ph.PostId=p.Id,p.OwnerUserId=u.Id#p.FavoriteCount,>=,0,p.FavoriteCount,<=,4,u.CreationDate,>=,1312049854#46099
postHistory ph,posts p,users u#ph.PostId=p.Id,p.OwnerUserId=u.Id#p.FavoriteCount,>=,0,u.DownVotes,>=,0,u.UpVotes,<=,460#70165
postHistory ph,posts p,users u#ph.PostId=p.Id,p.OwnerUserId=u.Id#ph.PostHistoryTypeId,=,1,p.CommentCount,>=,0,u.CreationDate,>=,1280782437#40714
postHistory ph,posts p,users u#ph.PostId=p.Id,p.OwnerUserId=u.Id#ph.CreationDate,<=,1407192904,u.UpVotes,=,0,u.CreationDate,<=,1409957165#88467
postHistory ph,posts p,users u#ph.PostId=p.Id,p.OwnerUserId=u.Id#p.Score,<=,16,p.ViewCount,>=,0,p.CreationDate,<=,1409843090#207837
postHistory ph,posts p,users u#ph.PostId=p.Id,p.OwnerUserId=u.Id#p.FavoriteCount,<=,4,u.DownVotes,>=,0,u.DownVotes,<=,7#61220
postHistory ph,posts p,users u#ph.PostId=p.Id,p.OwnerUserId=u.Id#u.Reputation,<=,169,u.UpVotes,=,0,u.CreationDate,<=,1410472725#92083
postHistory ph,posts p,users u#ph.PostId=p.Id,p.OwnerUserId=u.Id#p.AnswerCount,>=,0,p.FavoriteCount,>=,0,u.DownVotes,>=,0#73896
postHistory ph,posts p,users u#ph.PostId=p.Id,p.OwnerUserId=u.Id#p.AnswerCount,<=,3,u.Reputation,<=,162,u.DownVotes,>=,0#138070
postHistory ph,posts p,users u#ph.PostId=p.Id,p.OwnerUserId=u.Id#p.Score,>=,-1,p.CreationDate,>=,1279742852,p.CreationDate,<=,1409985378#292797
postHistory ph,posts p,users u#ph.PostId=p.Id,p.OwnerUserId=u.Id#ph.CreationDate,>=,1280438425,u.Views,>=,0,u.Views,<=,22#156257
postHistory ph,posts p,users u#ph.PostId=p.Id,p.OwnerUserId=u.Id#ph.CreationDate,>=,1287490821,p.AnswerCount,>=,0,p.CommentCount,<=,12#207629
postHistory ph,posts p,users u#ph.PostId=p.Id,p.OwnerUserId=u.Id#p.PostTypeId,=,2,p.Score,>=,-1,p.CommentCount,>=,0#79974
postHistory ph,posts p,users u#ph.PostId=p.Id,p.OwnerUserId=u.Id#p.ViewCount,>=,0,p.AnswerCount,>=,0,u.UpVotes,<=,11#149681
postHistory ph,posts p,users u#ph.PostId=p.Id,p.OwnerUserId=u.Id#u.Reputation,<=,173,u.UpVotes,>=,0,u.UpVotes,<=,31#152051
postHistory ph,posts p,users u#ph.PostId=p.Id,p.OwnerUserId=u.Id#ph.PostHistoryTypeId,=,1,ph.CreationDate,>=,1302981895,p.AnswerCount,=,0#13659
postHistory ph,posts p,users u#ph.PostId=p.Id,p.OwnerUserId=u.Id#p.ViewCount,<=,3751,u.Views,>=,0,u.Views,<=,35#155249
postHistory ph,posts p,users u#ph.PostId=p.Id,p.OwnerUserId=u.Id#u.DownVotes,<=,3,u.UpVotes,>=,0,u.CreationDate,>=,1299517253#203337
postHistory ph,posts p,users u#ph.PostId=p.Id,p.OwnerUserId=u.Id#ph.PostHistoryTypeId,=,2,p.CommentCount,<=,15,p.FavoriteCount,<=,4#11569
postHistory ph,posts p,users u#ph.PostId=p.Id,p.OwnerUserId=u.Id#p.Score,=,1,p.CommentCount,>=,0,u.UpVotes,>=,0#67654
postHistory ph,posts p,users u#ph.PostId=p.Id,p.OwnerUserId=u.Id#p.CommentCount,<=,8,p.CreationDate,<=,1409164495,u.Views,<=,20#144543
postHistory ph,posts p,users u#ph.PostId=p.Id,p.OwnerUserId=u.Id#ph.PostHistoryTypeId,=,5,p.CreationDate,>=,1280080926,u.UpVotes,=,0#16810
postHistory ph,posts p,users u#ph.PostId=p.Id,p.OwnerUserId=u.Id#ph.PostHistoryTypeId,=,4,p.Score,>=,-2,p.AnswerCount,<=,4#15294
postHistory ph,posts p,users u#ph.PostId=p.Id,p.OwnerUserId=u.Id#ph.PostHistoryTypeId,=,4,p.AnswerCount,<=,6,p.FavoriteCount,<=,23#5851
postHistory ph,posts p,users u#ph.PostId=p.Id,p.OwnerUserId=u.Id#p.PostTypeId,=,1,p.CommentCount,<=,10,p.CreationDate,>=,1282240618#206985
postHistory ph,posts p,users u#ph.PostId=p.Id,p.OwnerUserId=u.Id#p.Score,<=,28,p.CreationDate,<=,1409175053,u.Reputation,<=,1077#217797
postHistory ph,posts p,users u#ph.PostId=p.Id,p.OwnerUserId=u.Id#p.CommentCount,<=,14,u.CreationDate,>=,1287174122,u.CreationDate,<=,1410203885#256112
postHistory ph,posts p,users u#ph.PostId=p.Id,p.OwnerUserId=u.Id#p.ViewCount,>=,0,p.CommentCount,>=,0,p.CommentCount,<=,15#212682
postHistory ph,posts p,users u#ph.PostId=p.Id,p.OwnerUserId=u.Id#p.CommentCount,>=,0,u.Views,>=,0,u.Views,<=,16#144377
postHistory ph,posts p,users u#ph.PostId=p.Id,p.OwnerUserId=u.Id#p.PostTypeId,=,1,p.Score,=,3,u.UpVotes,=,1#2013
postHistory ph,posts p,users u#ph.PostId=p.Id,p.OwnerUserId=u.Id#u.DownVotes,>=,0,u.DownVotes,<=,1,u.CreationDate,>=,1290115384#201917
postHistory ph,posts p,users u#ph.PostId=p.Id,p.OwnerUserId=u.Id#p.ViewCount,>=,0,u.UpVotes,=,0,u.CreationDate,>=,1286200367#87715
postHistory ph,posts p,users u#ph.PostId=p.Id,p.OwnerUserId=u.Id#p.PostTypeId,=,2,u.Views,>=,0,u.Views,<=,109#26356
postHistory ph,posts p,users u#ph.PostId=p.Id,p.OwnerUserId=u.Id#p.ViewCount,<=,10873,p.FavoriteCount,>=,0,u.Views,<=,25#41838
postHistory ph,posts p,users u#ph.PostId=p.Id,p.OwnerUserId=u.Id#u.Reputation,<=,143,u.UpVotes,=,0,u.CreationDate,<=,1409642678#90166
postHistory ph,posts p,users u#ph.PostId=p.Id,p.OwnerUserId=u.Id#p.PostTypeId,=,1,p.ViewCount,>=,0,p.CreationDate,>=,1285892428#210045
postHistory ph,posts p,users u#ph.PostId=p.Id,p.OwnerUserId=u.Id#p.CommentCount,<=,14,p.FavoriteCount,<=,8,u.Views,>=,0#69551
postHistory ph,posts p,users u#ph.PostId=p.Id,p.OwnerUserId=u.Id#p.PostTypeId,=,1,p.ViewCount,>=,0,p.AnswerCount,>=,0#213721
postHistory ph,posts p,users u#ph.PostId=p.Id,p.OwnerUserId=u.Id#ph.PostHistoryTypeId,=,3,p.CommentCount,>=,0,u.Reputation,<=,435#35094
postHistory ph,posts p,users u#ph.PostId=p.Id,p.OwnerUserId=u.Id#u.Reputation,<=,555,u.DownVotes,>=,0,u.CreationDate,>=,1281279138#197662
postHistory ph,posts p,users u#ph.PostId=p.Id,p.OwnerUserId=u.Id#u.DownVotes,>=,0,u.CreationDate,>=,1284643673,u.CreationDate,<=,1407827895#257556
postHistory ph,posts p,users u#ph.PostId=p.Id,p.OwnerUserId=u.Id#p.CreationDate,>=,1279568771,u.Reputation,>=,1,u.DownVotes,=,0#202993
postHistory ph,posts p,users u#ph.PostId=p.Id,p.OwnerUserId=u.Id#p.ViewCount,>=,0,p.ViewCount,<=,3475,u.DownVotes,>=,0#206693
postHistory ph,posts p,users u#ph.PostId=p.Id,p.OwnerUserId=u.Id#ph.PostHistoryTypeId,=,5,p.CommentCount,<=,10,p.CreationDate,<=,1410626098#65621
postHistory ph,posts p,users u#ph.PostId=p.Id,p.OwnerUserId=u.Id#ph.PostHistoryTypeId,=,2,p.PostTypeId,=,4,p.Score,<=,18#637
postHistory ph,posts p,users u#ph.PostId=p.Id,p.OwnerUserId=u.Id#p.ViewCount,>=,0,u.DownVotes,<=,88,u.UpVotes,<=,137#196137
postHistory ph,posts p,users u#ph.PostId=p.Id,p.OwnerUserId=u.Id#p.AnswerCount,>=,0,u.UpVotes,<=,4,u.CreationDate,<=,1410454574#125948
postHistory ph,posts p,users u#ph.PostId=p.Id,p.OwnerUserId=u.Id#p.ViewCount,>=,0,p.CommentCount,<=,12,u.Views,>=,0#211407
postHistory ph,posts p,users u#ph.PostId=p.Id,p.OwnerUserId=u.Id#p.Score,<=,32,p.FavoriteCount,<=,75,u.DownVotes,<=,45#71753
postHistory ph,posts p,users u#ph.PostId=p.Id,p.OwnerUserId=u.Id#ph.CreationDate,>=,1284671521,ph.CreationDate,<=,1407290547,p.Score,>=,-2#278328
postHistory ph,posts p,users u#ph.PostId=p.Id,p.OwnerUserId=u.Id#p.ViewCount,>=,0,p.FavoriteCount,>=,0,u.CreationDate,<=,1410524221#73893
postHistory ph,posts p,users u#ph.PostId=p.Id,p.OwnerUserId=u.Id#ph.CreationDate,<=,1410475793,u.Reputation,<=,216,u.DownVotes,<=,10#164913
postHistory ph,posts p,users u#ph.PostId=p.Id,p.OwnerUserId=u.Id#p.AnswerCount,>=,0,p.AnswerCount,<=,5,p.CommentCount,>=,0#211233
postHistory ph,posts p,users u#ph.PostId=p.Id,p.OwnerUserId=u.Id#ph.PostHistoryTypeId,=,2,p.PostTypeId,=,1,u.UpVotes,<=,128#38954
postHistory ph,posts p,users u#ph.PostId=p.Id,p.OwnerUserId=u.Id#ph.CreationDate,=,1333150735,u.Reputation,>=,1,u.Reputation,<=,790#1
postHistory ph,posts p,users u#ph.PostId=p.Id,p.OwnerUserId=u.Id#p.PostTypeId,=,2,u.Views,<=,65,u.DownVotes,>=,0#21623
postHistory ph,posts p,users u#ph.PostId=p.Id,p.OwnerUserId=u.Id#p.Score,<=,17,u.Views,<=,49,u.CreationDate,>=,1288997098#179548
postHistory ph,posts p,users u#ph.PostId=p.Id,p.OwnerUserId=u.Id#p.PostTypeId,=,1,p.CreationDate,=,1299178115,u.UpVotes,<=,12#6
postHistory ph,posts p,users u#ph.PostId=p.Id,p.OwnerUserId=u.Id#u.Reputation,<=,1589,u.DownVotes,>=,0,u.DownVotes,<=,0#199616
postHistory ph,posts p,users u#ph.PostId=p.Id,p.OwnerUserId=u.Id#u.DownVotes,>=,0,u.UpVotes,>=,0,u.UpVotes,<=,22#185656
postHistory ph,posts p,users u#ph.PostId=p.Id,p.OwnerUserId=u.Id#ph.CreationDate,>=,1281589402,p.PostTypeId,=,2,p.Score,<=,18#76795
postHistory ph,posts p,users u#ph.PostId=p.Id,p.OwnerUserId=u.Id#p.Score,>=,0,p.AnswerCount,<=,7,p.CreationDate,<=,1409749455#207467
postHistory ph,posts p,users u#ph.PostId=p.Id,p.OwnerUserId=u.Id#p.ViewCount,=,59,u.Views,<=,7,u.DownVotes,<=,2#586
postHistory ph,posts p,users u#ph.PostId=p.Id,p.OwnerUserId=u.Id#p.AnswerCount,>=,0,p.CommentCount,<=,12,u.DownVotes,<=,0#179384
postHistory ph,posts p,users u#ph.PostId=p.Id,p.OwnerUserId=u.Id#ph.PostHistoryTypeId,=,3,p.Score,>=,-1,u.UpVotes,>=,0#42007
postHistory ph,posts p,users u#ph.PostId=p.Id,p.OwnerUserId=u.Id#p.AnswerCount,<=,3,u.Views,>=,0,u.UpVotes,<=,9#141810
postHistory ph,posts p,users u#ph.PostId=p.Id,p.OwnerUserId=u.Id#p.FavoriteCount,<=,5,p.CreationDate,>=,1283724254,p.CreationDate,<=,1410193213#65626
postHistory ph,posts p,users u#ph.PostId=p.Id,p.OwnerUserId=u.Id#ph.PostHistoryTypeId,=,4,p.CommentCount,>=,0,u.DownVotes,<=,0#13363
postHistory ph,posts p,users u#ph.PostId=p.Id,p.OwnerUserId=u.Id#ph.CreationDate,<=,1410539988,u.Reputation,>=,1,u.Reputation,<=,517#199537
postHistory ph,posts p,users u#ph.PostId=p.Id,p.OwnerUserId=u.Id#p.Score,<=,28,p.AnswerCount,<=,4,u.DownVotes,>=,0#209113
postHistory ph,posts p,users u#ph.PostId=p.Id,p.OwnerUserId=u.Id#p.AnswerCount,>=,0,u.Views,>=,0,u.Views,<=,176#193829
postHistory ph,posts p,users u#ph.PostId=p.Id,p.OwnerUserId=u.Id#ph.PostHistoryTypeId,=,2,u.DownVotes,>=,0,u.DownVotes,<=,2#58083
postHistory ph,posts p,users u#ph.PostId=p.Id,p.OwnerUserId=u.Id#u.Reputation,>=,1,u.Reputation,<=,138,u.DownVotes,>=,0#141835
postHistory ph,posts p,users u#ph.PostId=p.Id,p.OwnerUserId=u.Id#u.Views,<=,15,u.DownVotes,<=,2,u.CreationDate,<=,1409755959#140204
postHistory ph,posts p,users u#ph.PostId=p.Id,p.OwnerUserId=u.Id#ph.PostHistoryTypeId,=,6,p.FavoriteCount,<=,5,u.DownVotes,>=,0#4353
postHistory ph,posts p,users u#ph.PostId=p.Id,p.OwnerUserId=u.Id#p.FavoriteCount,<=,4,u.Reputation,<=,567,u.Views,<=,60#47434
postHistory ph,posts p,users u#ph.PostId=p.Id,p.OwnerUserId=u.Id#ph.PostHistoryTypeId,=,2,ph.CreationDate,<=,1408718763,p.ViewCount,<=,6654#40527
postHistory ph,posts p,users u#ph.PostId=p.Id,p.OwnerUserId=u.Id#ph.PostHistoryTypeId,=,6,p.CommentCount,>=,0,u.Views,<=,120#10897
postHistory ph,posts p,users u#ph.PostId=p.Id,p.OwnerUserId=u.Id#p.CommentCount,<=,25,p.CreationDate,<=,1408841556,u.Views,=,0#26685
postHistory ph,posts p,users u#ph.PostId=p.Id,p.OwnerUserId=u.Id#p.Score,>=,-1,p.Score,<=,19,u.CreationDate,<=,1409843027#291059
postHistory ph,posts p,users u#ph.PostId=p.Id,p.OwnerUserId=u.Id#ph.PostHistoryTypeId,=,16,u.Views,<=,48,u.UpVotes,<=,32#604
postHistory ph,posts p,users u#ph.PostId=p.Id,p.OwnerUserId=u.Id#ph.PostHistoryTypeId,=,1,ph.CreationDate,<=,1406625471,p.CommentCount,<=,7#37555
postHistory ph,posts p,users u#ph.PostId=p.Id,p.OwnerUserId=u.Id#ph.PostHistoryTypeId,=,3,p.ViewCount,>=,0,p.ViewCount,<=,1611#39375
postHistory ph,posts p,users u#ph.PostId=p.Id,p.OwnerUserId=u.Id#ph.CreationDate,=,1398366116,p.CreationDate,<=,1409527677,u.CreationDate,>=,1279566789#3
postHistory ph,posts p,users u#ph.PostId=p.Id,p.OwnerUserId=u.Id#ph.CreationDate,<=,1406487047,p.PostTypeId,=,1,p.CommentCount,>=,0#200951
postHistory ph,posts p,users u#ph.PostId=p.Id,p.OwnerUserId=u.Id#p.Score,>=,-1,p.FavoriteCount,>=,0,u.UpVotes,>=,0#73760
postHistory ph,posts p,users u#ph.PostId=p.Id,p.OwnerUserId=u.Id#p.PostTypeId,=,1,u.Views,>=,0,u.CreationDate,<=,1410532540#213633
postHistory ph,posts p,users u#ph.PostId=p.Id,p.OwnerUserId=u.Id#p.CreationDate,<=,1410309479,u.Views,>=,0,u.DownVotes,>=,0#296528
votes v,posts p,users u#v.PostId=p.Id,v.UserId=u.Id#p.Score,>=,-1,p.CommentCount,>=,0,u.UpVotes,=,0#5317
votes v,posts p,users u#v.PostId=p.Id,v.UserId=u.Id#p.Score,<=,24,p.FavoriteCount,<=,15,u.DownVotes,>=,0#25809
votes v,posts p,users u#v.PostId=p.Id,v.UserId=u.Id#v.CreationDate,>=,1279584000,u.Views,=,1,u.DownVotes,>=,0#1720
votes v,posts p,users u#v.PostId=p.Id,v.UserId=u.Id#v.BountyAmount,>=,0,v.CreationDate,>=,1280793600,p.AnswerCount,>=,0#1096
votes v,posts p,users u#v.PostId=p.Id,v.UserId=u.Id#v.BountyAmount,<=,200,p.CreationDate,>=,1279569065,p.CreationDate,<=,1410266608#1085
votes v,posts p,users u#v.PostId=p.Id,v.UserId=u.Id#v.BountyAmount,>=,0,v.CreationDate,>=,1279670400,u.CreationDate,<=,1409410844#1097
votes v,posts p,users u#v.PostId=p.Id,v.UserId=u.Id#p.Score,<=,17,p.CommentCount,>=,0,p.CommentCount,<=,14#24747
votes v,posts p,users u#v.PostId=p.Id,v.UserId=u.Id#p.Score,>=,0,p.FavoriteCount,>=,0,u.UpVotes,<=,90#20842
votes v,posts p,users u#v.PostId=p.Id,v.UserId=u.Id#v.BountyAmount,>=,0,v.BountyAmount,<=,50,p.AnswerCount,>=,0#810
votes v,posts p,users u#v.PostId=p.Id,v.UserId=u.Id#v.BountyAmount,<=,150,p.CommentCount,<=,12,u.Reputation,<=,356#535
votes v,posts p,users u#v.PostId=p.Id,v.UserId=u.Id#p.ViewCount,>=,0,u.Reputation,<=,1104,u.CreationDate,<=,1408749854#25013
votes v,posts p,users u#v.PostId=p.Id,v.UserId=u.Id#p.CreationDate,<=,1409573898,u.CreationDate,>=,1305860426,u.CreationDate,<=,1408126284#24201
votes v,posts p,users u#v.PostId=p.Id,v.UserId=u.Id#v.BountyAmount,<=,100,p.CreationDate,>=,1280160645,p.CreationDate,<=,1410335432#1034
votes v,posts p,users u#v.PostId=p.Id,v.UserId=u.Id#v.VoteTypeId,=,5,p.CommentCount,<=,12,u.DownVotes,=,0#19443
votes v,posts p,users u#v.PostId=p.Id,v.UserId=u.Id#p.Score,>=,-4,p.Score,<=,59,p.ViewCount,<=,2232#21382
votes v,posts p,users u#v.PostId=p.Id,v.UserId=u.Id#p.FavoriteCount,>=,0,u.Views,>=,0,u.UpVotes,>=,0#34393
votes v,posts p,users u#v.PostId=p.Id,v.UserId=u.Id#v.CreationDate,>=,1233532800,p.PostTypeId,=,1,u.Reputation,>=,1#34789
votes v,posts p,users u#v.PostId=p.Id,v.UserId=u.Id#p.Score,=,1,p.ViewCount,<=,4410,u.Views,<=,19#977
votes v,posts p,users u#v.PostId=p.Id,v.UserId=u.Id#v.VoteTypeId,=,5,p.PostTypeId,=,1,u.Views,>=,0#33691
votes v,posts p,users u#v.PostId=p.Id,v.UserId=u.Id#v.VoteTypeId,=,5,p.PostTypeId,=,1,u.Reputation,<=,1320#25131
votes v,posts p,users u#v.PostId=p.Id,v.UserId=u.Id#p.ViewCount,>=,0,u.Views,>=,0,u.Views,<=,39#18807
votes v,posts p,users u#v.PostId=p.Id,v.UserId=u.Id#p.AnswerCount,>=,0,u.UpVotes,<=,43,u.CreationDate,<=,1408362242#16928
votes v,posts p,users u#v.PostId=p.Id,v.UserId=u.Id#p.ViewCount,>=,0,p.CommentCount,<=,11,u.DownVotes,<=,1#22640
votes v,posts p,users u#v.PostId=p.Id,v.UserId=u.Id#p.Score,>=,-2,p.Score,<=,23,p.CommentCount,>=,0#27130
votes v,posts p,users u#v.PostId=p.Id,v.UserId=u.Id#p.Score,>=,0,p.FavoriteCount,>=,0,u.DownVotes,>=,0#34352
votes v,posts p,users u#v.PostId=p.Id,v.UserId=u.Id#p.PostTypeId,=,1,p.ViewCount,>=,0,p.CommentCount,<=,12#34234
votes v,posts p,users u#v.PostId=p.Id,v.UserId=u.Id#p.FavoriteCount,<=,16,u.UpVotes,>=,0,u.UpVotes,<=,24#10770
votes v,posts p,users u#v.PostId=p.Id,v.UserId=u.Id#v.CreationDate,>=,1280793600,u.DownVotes,>=,0,u.DownVotes,<=,5#27222
votes v,posts p,users u#v.PostId=p.Id,v.UserId=u.Id#v.BountyAmount,<=,100,u.Reputation,<=,196,u.UpVotes,>=,0#428
votes v,posts p,users u#v.PostId=p.Id,v.UserId=u.Id#p.ViewCount,=,833,p.AnswerCount,<=,4,p.CreationDate,<=,1410600425#2
votes v,posts p,users u#v.PostId=p.Id,v.UserId=u.Id#v.CreationDate,<=,1410652800,p.Score,>=,-1,p.ViewCount,=,195#27
votes v,posts p,users u#v.PostId=p.Id,v.UserId=u.Id#v.CreationDate,>=,1280188800,p.ViewCount,<=,2910,p.CommentCount,<=,23#23179
votes v,posts p,users u#v.PostId=p.Id,v.UserId=u.Id#p.AnswerCount,<=,4,p.FavoriteCount,<=,2,u.DownVotes,<=,5#9257
votes v,posts p,users u#v.PostId=p.Id,v.UserId=u.Id#p.ViewCount,>=,0,p.ViewCount,<=,12640,p.CreationDate,>=,1280540513#29506
votes v,posts p,users u#v.PostId=p.Id,v.UserId=u.Id#p.AnswerCount,>=,0,u.Views,>=,0,u.Views,<=,40#18887
votes v,posts p,users u#v.PostId=p.Id,v.UserId=u.Id#v.CreationDate,>=,1279584000,p.Score,>=,-1,p.Score,<=,24#27435
votes v,posts p,users u#v.PostId=p.Id,v.UserId=u.Id#p.Score,<=,22,u.Reputation,<=,321,u.DownVotes,=,0#12499
votes v,posts p,users u#v.PostId=p.Id,v.UserId=u.Id#p.ViewCount,<=,8198,p.FavoriteCount,<=,13,u.Reputation,>=,1#24671
votes v,posts p,users u#v.PostId=p.Id,v.UserId=u.Id#p.CommentCount,<=,12,p.CreationDate,>=,1279731405,u.DownVotes,>=,0#32426
votes v,posts p,users u#v.PostId=p.Id,v.UserId=u.Id#v.CreationDate,>=,1279497600,p.CommentCount,<=,17,u.DownVotes,>=,0#34618
votes v,posts p,users u#v.PostId=p.Id,v.UserId=u.Id#p.ViewCount,>=,0,p.ViewCount,<=,7716,p.FavoriteCount,>=,0#28597
votes v,posts p,users u#v.PostId=p.Id,v.UserId=u.Id#v.BountyAmount,<=,50,p.AnswerCount,<=,4,u.DownVotes,>=,0#786
votes v,posts p,users u#v.PostId=p.Id,v.UserId=u.Id#p.Score,<=,26,p.CommentCount,>=,0,p.FavoriteCount,=,0#26
votes v,posts p,users u#v.PostId=p.Id,v.UserId=u.Id#v.BountyAmount,>=,0,v.CreationDate,<=,1410307200,u.UpVotes,<=,2923#1020
votes v,posts p,users u#v.PostId=p.Id,v.UserId=u.Id#v.CreationDate,>=,1233532800,p.CommentCount,>=,0,u.UpVotes,<=,4#8335
votes v,posts p,users u#v.PostId=p.Id,v.UserId=u.Id#p.ViewCount,<=,8460,p.CommentCount,>=,0,p.FavoriteCount,<=,31#27748
votes v,posts p,users u#v.PostId=p.Id,v.UserId=u.Id#p.CommentCount,=,1,u.Reputation,>=,1,u.Views,>=,0#5171
votes v,posts p,users u#v.PostId=p.Id,v.UserId=u.Id#p.ViewCount,>=,0,p.CommentCount,>=,0,p.CommentCount,<=,14#34411
votes v,posts p,users u#v.UserId=p.OwnerUserId,p.OwnerUserId=u.Id#v.CreationDate,>=,1279497600,v.CreationDate,<=,1410566400,p.CreationDate,<=,1410356896#2726354
votes v,posts p,users u#v.UserId=p.OwnerUserId,p.OwnerUserId=u.Id#p.PostTypeId,=,2,u.Views,<=,61,u.UpVotes,<=,652#50182
votes v,posts p,users u#v.UserId=p.OwnerUserId,p.OwnerUserId=u.Id#v.BountyAmount,>=,0,p.FavoriteCount,<=,16,u.Reputation,=,6#1
votes v,posts p,users u#v.UserId=p.OwnerUserId,p.OwnerUserId=u.Id#v.BountyAmount,>=,0,u.Reputation,>=,1,u.Reputation,<=,1969#29061
votes v,posts p,users u#v.UserId=p.OwnerUserId,p.OwnerUserId=u.Id#p.ViewCount,>=,0,u.Views,>=,0,u.CreationDate,>=,1280937988#289580
votes v,posts p,users u#v.UserId=p.OwnerUserId,p.OwnerUserId=u.Id#p.PostTypeId,=,1,p.CommentCount,>=,0,u.UpVotes,>=,0#373777
votes v,posts p,users u#v.UserId=p.OwnerUserId,p.OwnerUserId=u.Id#v.CreationDate,>=,1279497600,u.DownVotes,<=,1,u.UpVotes,<=,19#48672
votes v,posts p,users u#v.UserId=p.OwnerUserId,p.OwnerUserId=u.Id#v.VoteTypeId,=,5,p.AnswerCount,>=,0,u.DownVotes,>=,0#353655
votes v,posts p,users u#v.UserId=p.OwnerUserId,p.OwnerUserId=u.Id#p.PostTypeId,=,2,u.UpVotes,<=,41,u.CreationDate,>=,1282059173#26089
votes v,posts p,users u#v.UserId=p.OwnerUserId,p.OwnerUserId=u.Id#p.Score,<=,20,p.FavoriteCount,<=,3,u.DownVotes,>=,0#149136
votes v,posts p,users u#v.UserId=p.OwnerUserId,p.OwnerUserId=u.Id#p.PostTypeId,=,2,p.CreationDate,>=,1279620348,p.CreationDate,<=,1410452304#2200193
votes v,posts p,users u#v.UserId=p.OwnerUserId,p.OwnerUserId=u.Id#v.CreationDate,<=,1410393600,p.FavoriteCount,>=,0,u.DownVotes,>=,0#196699
votes v,posts p,users u#v.UserId=p.OwnerUserId,p.OwnerUserId=u.Id#p.PostTypeId,=,1,u.Views,>=,0,u.Views,<=,34#42788
votes v,posts p,users u#v.UserId=p.OwnerUserId,p.OwnerUserId=u.Id#v.CreationDate,>=,1279497600,v.CreationDate,<=,1410393600,p.Score,<=,32#2718022
votes v,posts p,users u#v.UserId=p.OwnerUserId,p.OwnerUserId=u.Id#p.Score,>=,-2,p.FavoriteCount,>=,0,p.FavoriteCount,<=,5#165990
votes v,posts p,users u#v.UserId=p.OwnerUserId,p.OwnerUserId=u.Id#p.Score,>=,-1,p.CommentCount,>=,0,p.CreationDate,>=,1279574698#2732985
votes v,posts p,users u#v.UserId=p.OwnerUserId,p.OwnerUserId=u.Id#v.CreationDate,<=,1410480000,p.AnswerCount,>=,0,u.CreationDate,<=,1405609192#373364
votes v,posts p,users u#v.UserId=p.OwnerUserId,p.OwnerUserId=u.Id#p.FavoriteCount,>=,0,u.Views,=,1,u.UpVotes,=,2#20
votes v,posts p,users u#v.UserId=p.OwnerUserId,p.OwnerUserId=u.Id#p.CommentCount,>=,0,u.DownVotes,>=,0,u.UpVotes,<=,64#140733
votes v,posts p,users u#v.UserId=p.OwnerUserId,p.OwnerUserId=u.Id#p.ViewCount,>=,0,p.CreationDate,>=,1284511511,p.CreationDate,<=,1407415124#351637
votes v,posts p,users u#v.UserId=p.OwnerUserId,p.OwnerUserId=u.Id#v.CreationDate,>=,1279497600,p.AnswerCount,<=,4,p.CommentCount,>=,0#358696
votes v,posts p,users u#v.UserId=p.OwnerUserId,p.OwnerUserId=u.Id#p.AnswerCount,>=,0,u.Reputation,<=,179,u.CreationDate,>=,1290718892#31481
votes v,posts p,users u#v.UserId=p.OwnerUserId,p.OwnerUserId=u.Id#p.Score,<=,34,p.CreationDate,>=,1279566808,u.CreationDate,<=,1410076265#2720430
votes v,posts p,users u#v.UserId=p.OwnerUserId,p.OwnerUserId=u.Id#v.CreationDate,>=,1279497600,u.Reputation,>=,1,u.DownVotes,<=,143#2338834
votes v,posts p,users u#v.UserId=p.OwnerUserId,p.OwnerUserId=u.Id#u.Views,>=,0,u.DownVotes,>=,0,u.UpVotes,>=,0#2737086
votes v,posts p,users u#v.UserId=p.OwnerUserId,p.OwnerUserId=u.Id#p.Score,>=,-6,p.Score,<=,17,p.AnswerCount,>=,0#358939
votes v,posts p,users u#v.UserId=p.OwnerUserId,p.OwnerUserId=u.Id#p.CommentCount,>=,0,p.CreationDate,<=,1409866118,u.DownVotes,<=,0#178495
votes v,posts p,users u#v.UserId=p.OwnerUserId,p.OwnerUserId=u.Id#v.CreationDate,>=,1279756800,p.CommentCount,<=,9,u.DownVotes,>=,0#2657793
votes v,posts p,users u#v.UserId=p.OwnerUserId,p.OwnerUserId=u.Id#v.CreationDate,<=,1409529600,p.PostTypeId,=,1,p.CommentCount,>=,0#370189
votes v,posts p,users u#v.UserId=p.OwnerUserId,p.OwnerUserId=u.Id#v.CreationDate,<=,1410393600,p.PostTypeId,=,1,p.ViewCount,=,222#115
votes v,posts p,users u#v.UserId=p.OwnerUserId,p.OwnerUserId=u.Id#p.ViewCount,>=,0,u.CreationDate,>=,1288985255,u.CreationDate,<=,1410566473#241794
votes v,posts p,users u#v.UserId=p.OwnerUserId,p.OwnerUserId=u.Id#v.CreationDate,<=,1410480000,p.PostTypeId,=,1,p.AnswerCount,>=,0#373663
votes v,posts p,users u#v.UserId=p.OwnerUserId,p.OwnerUserId=u.Id#p.Score,>=,0,p.CreationDate,>=,1279726637,u.UpVotes,=,0#3643
votes v,posts p,users u#v.UserId=p.OwnerUserId,p.OwnerUserId=u.Id#v.CreationDate,=,1408752000,p.FavoriteCount,<=,10,u.CreationDate,>=,1280193804#38
votes v,posts p,users u#v.UserId=p.OwnerUserId,p.OwnerUserId=u.Id#p.PostTypeId,=,1,p.AnswerCount,<=,3,u.UpVotes,=,0#2676
votes v,posts p,users u#v.UserId=p.OwnerUserId,p.OwnerUserId=u.Id#v.CreationDate,<=,1410480000,p.Score,>=,0,u.Reputation,>=,1#2730480
votes v,posts p,users u#v.UserId=p.OwnerUserId,p.OwnerUserId=u.Id#v.CreationDate,>=,1280275200,p.CommentCount,<=,13,p.FavoriteCount,=,0#7167
votes v,badges b,users u#u.Id=v.UserId,v.UserId=b.UserId#v.BountyAmount,>=,0,v.BountyAmount,<=,100,u.Reputation,<=,790#10045
votes v,badges b,users u#u.Id=v.UserId,v.UserId=b.UserId#v.BountyAmount,>=,0,v.CreationDate,>=,1279497600,u.UpVotes,<=,76#8539
votes v,badges b,users u#u.Id=v.UserId,v.UserId=b.UserId#v.CreationDate,=,1289865600,b.Date,<=,1408058587,u.UpVotes,=,0#4
votes v,badges b,users u#u.Id=v.UserId,v.UserId=b.UserId#v.BountyAmount,>=,0,v.BountyAmount,<=,50,u.UpVotes,<=,21#2977
votes v,badges b,users u#u.Id=v.UserId,v.UserId=b.UserId#v.CreationDate,>=,1279584000,b.Date,>=,1286895048,u.DownVotes,>=,0#1013648
votes v,badges b,users u#u.Id=v.UserId,v.UserId=b.UserId#v.BountyAmount,>=,0,u.Views,>=,0,u.Views,<=,156#9149
votes v,badges b,users u#u.Id=v.UserId,v.UserId=b.UserId#v.CreationDate,>=,1279584000,b.Date,>=,1281597298,u.CreationDate,<=,1410469350#1039025
votes v,badges b,users u#u.Id=v.UserId,v.UserId=b.UserId#v.CreationDate,=,1369094400,u.Views,>=,0,u.Views,<=,582#488
votes v,badges b,users u#u.Id=v.UserId,v.UserId=b.UserId#v.BountyAmount,>=,0,b.Date,<=,1410558462,u.Views,<=,176#9362
votes v,badges b,users u#u.Id=v.UserId,v.UserId=b.UserId#u.Reputation,>=,1,u.Reputation,<=,141,u.UpVotes,<=,7035#42381
votes v,badges b,users u#u.Id=v.UserId,v.UserId=b.UserId#v.CreationDate,>=,1279497600,u.Reputation,>=,1,u.Reputation,<=,121#35050
votes v,badges b,users u#u.Id=v.UserId,v.UserId=b.UserId#u.Reputation,=,26,u.UpVotes,>=,0,u.UpVotes,<=,147#211
votes v,badges b,users u#u.Id=v.UserId,v.UserId=b.UserId#v.CreationDate,<=,1410307200,u.UpVotes,>=,0,u.UpVotes,<=,550#359259
votes v,badges b,users u#u.Id=v.UserId,v.UserId=b.UserId#v.BountyAmount,>=,0,v.BountyAmount,<=,50,u.Reputation,<=,135#1893
votes v,badges b,users u#u.Id=v.UserId,v.UserId=b.UserId#u.Reputation,>=,1,u.DownVotes,>=,0,u.UpVotes,<=,16#43257
votes v,badges b,users u#u.Id=v.UserId,v.UserId=b.UserId#u.Reputation,<=,4800,u.UpVotes,>=,0,u.CreationDate,<=,1408527001#413901
votes v,badges b,users u#u.Id=v.UserId,v.UserId=b.UserId#v.CreationDate,>=,1279497600,v.CreationDate,<=,1410566400,u.Reputation,>=,1#1056680
votes v,badges b,users u#u.Id=v.UserId,v.UserId=b.UserId#v.CreationDate,<=,1410566400,b.Date,<=,1408540844,u.UpVotes,>=,0#1033601
votes v,badges b,users u#u.Id=v.UserId,v.UserId=b.UserId#v.BountyAmount,>=,0,v.BountyAmount,<=,50,b.Date,>=,1287474845#28124
votes v,badges b,users u#u.Id=v.UserId,v.UserId=b.UserId#v.BountyAmount,>=,0,v.BountyAmount,<=,100,u.Views,=,0#28
votes v,badges b,users u#u.Id=v.UserId,v.UserId=b.UserId#v.BountyAmount,>=,0,v.CreationDate,>=,1233532800,v.CreationDate,<=,1410566400#41784
votes v,badges b,users u#u.Id=v.UserId,v.UserId=b.UserId#v.BountyAmount,>=,0,u.UpVotes,=,0,u.CreationDate,>=,1285353264#169
votes v,badges b,users u#u.Id=v.UserId,v.UserId=b.UserId#u.Reputation,>=,1,u.CreationDate,>=,1298801980,u.CreationDate,<=,1410105986#427080
votes v,badges b,users u#u.Id=v.UserId,v.UserId=b.UserId#v.BountyAmount,<=,200,u.DownVotes,<=,8,u.UpVotes,<=,51#6691
votes v,badges b,users u#u.Id=v.UserId,v.UserId=b.UserId#v.BountyAmount,<=,400,u.Reputation,>=,1,u.Reputation,<=,553#7032
votes v,badges b,users u#u.Id=v.UserId,v.UserId=b.UserId#v.CreationDate,=,1387756800,u.Views,<=,62,u.CreationDate,>=,1281170407#103
votes v,badges b,users u#u.Id=v.UserId,v.UserId=b.UserId#b.Date,>=,1280338134,u.Views,>=,0,u.CreationDate,<=,1409175041#1045406
votes v,badges b,users u#u.Id=v.UserId,v.UserId=b.UserId#u.Reputation,<=,216,u.CreationDate,>=,1280249567,u.CreationDate,<=,1410223355#64740
votes v,badges b,users u#u.Id=v.UserId,v.UserId=b.UserId#b.Date,<=,1410520836,u.DownVotes,<=,0,u.UpVotes,>=,0#143921
votes v,badges b,users u#u.Id=v.UserId,v.UserId=b.UserId#b.Date,=,1379765287,u.Reputation,>=,1,u.CreationDate,>=,1284361380#5
votes v,badges b,users u#u.Id=v.UserId,v.UserId=b.UserId#v.BountyAmount,>=,0,v.CreationDate,<=,1410480000,u.Reputation,<=,356#5111
votes v,badges b,users u#u.Id=v.UserId,v.UserId=b.UserId#v.BountyAmount,>=,0,u.DownVotes,<=,3,u.CreationDate,>=,1286130322#9281
votes v,badges b,users u#u.Id=v.UserId,v.UserId=b.UserId#v.BountyAmount,>=,0,v.BountyAmount,<=,100,b.Date,>=,1279691292#38030
votes v,badges b,users u#u.Id=v.UserId,v.UserId=b.UserId#v.CreationDate,>=,1279843200,v.CreationDate,<=,1410480000,u.CreationDate,>=,1279748304#907625
votes v,badges b,users u#u.Id=v.UserId,v.UserId=b.UserId#v.BountyAmount,>=,0,v.BountyAmount,<=,50,u.CreationDate,>=,1279567301#28670
votes v,badges b,users u#u.Id=v.UserId,v.UserId=b.UserId#v.CreationDate,<=,1410220800,b.Date,<=,1408761967,u.Reputation,>=,1#1034776
votes v,badges b,users u#u.Id=v.UserId,v.UserId=b.UserId#v.BountyAmount,>=,0,v.CreationDate,=,1328400000,u.Reputation,>=,1#18
votes v,badges b,users u#u.Id=v.UserId,v.UserId=b.UserId#u.UpVotes,=,61,u.CreationDate,>=,1279572548,u.CreationDate,<=,1408895211#2224
votes v,badges b,users u#u.Id=v.UserId,v.UserId=b.UserId#v.CreationDate,>=,1279584000,v.CreationDate,<=,1410480000,u.Views,>=,0#1056003
votes v,badges b,users u#u.Id=v.UserId,v.UserId=b.UserId#u.Reputation,<=,2768,u.CreationDate,>=,1293681172,u.CreationDate,<=,1408425794#283782
votes v,badges b,users u#u.Id=v.UserId,v.UserId=b.UserId#b.Date,>=,1279568647,b.Date,<=,1408966036,u.Reputation,>=,1#1036822
votes v,badges b,users u#u.Id=v.UserId,v.UserId=b.UserId#b.Date,>=,1282146246,b.Date,<=,1408783345,u.UpVotes,>=,0#1016757
votes v,badges b,users u#u.Id=v.UserId,v.UserId=b.UserId#v.BountyAmount,<=,50,b.Date,<=,1409843349,u.UpVotes,>=,0#28764
votes v,badges b,users u#u.Id=v.UserId,v.UserId=b.UserId#v.CreationDate,<=,1410652800,u.UpVotes,<=,66,u.CreationDate,>=,1281473289#111350
votes v,badges b,users u#u.Id=v.UserId,v.UserId=b.UserId#b.Date,>=,1280172521,b.Date,<=,1410441301,u.DownVotes,=,0#142506
votes v,badges b,users u#u.Id=v.UserId,v.UserId=b.UserId#v.BountyAmount,>=,0,v.BountyAmount,<=,150,u.Reputation,<=,3518#15222
votes v,badges b,users u#u.Id=v.UserId,v.UserId=b.UserId#v.BountyAmount,<=,50,u.Reputation,<=,1148,u.CreationDate,<=,1407871664#8841
votes v,badges b,users u#u.Id=v.UserId,v.UserId=b.UserId#u.Views,<=,70,u.DownVotes,=,0,u.UpVotes,>=,0#90155
votes v,badges b,users u#u.Id=v.UserId,v.UserId=b.UserId#b.Date,>=,1279708092,u.Reputation,=,1,u.DownVotes,<=,0#739
votes v,badges b,users u#u.Id=v.UserId,v.UserId=b.UserId#b.Date,>=,1280251124,b.Date,<=,1410258275,u.UpVotes,<=,7035#783740
votes v,badges b,users u#u.Id=v.UserId,v.UserId=b.UserId#u.Reputation,<=,1006,u.Views,<=,87,u.DownVotes,<=,2#129783
votes v,badges b,users u#u.Id=v.UserId,v.UserId=b.UserId#v.BountyAmount,>=,0,b.Date,>=,1279609748,b.Date,<=,1410371850#41521
votes v,badges b,users u#u.Id=v.UserId,v.UserId=b.UserId#v.CreationDate,>=,1279929600,u.DownVotes,>=,0,u.UpVotes,<=,61#113929
votes v,badges b,users u#u.Id=v.UserId,v.UserId=b.UserId#u.DownVotes,>=,0,u.CreationDate,>=,1289408531,u.CreationDate,<=,1410268166#484433
votes v,badges b,users u#u.Id=v.UserId,v.UserId=b.UserId#v.CreationDate,<=,1410566400,b.Date,>=,1284146359,u.Reputation,<=,2526#350934
votes v,badges b,users u#u.Id=v.UserId,v.UserId=b.UserId#v.CreationDate,>=,1279497600,v.CreationDate,<=,1410393600,u.CreationDate,>=,1286993155#488006
votes v,badges b,users u#u.Id=v.UserId,v.UserId=b.UserId#v.CreationDate,>=,1279497600,u.UpVotes,>=,0,u.UpVotes,<=,1014#425163
votes v,badges b,users u#u.Id=v.UserId,v.UserId=b.UserId#v.BountyAmount,>=,0,b.Date,>=,1279583047,u.CreationDate,<=,1410367096#41711
votes v,badges b,users u#u.Id=v.UserId,v.UserId=b.UserId#u.Views,>=,0,u.Views,<=,655,u.CreationDate,<=,1410165204#400433
votes v,badges b,users u#u.Id=v.UserId,v.UserId=b.UserId#u.Reputation,>=,1,u.CreationDate,>=,1280317140,u.CreationDate,<=,1410519561#873970
votes v,badges b,users u#u.Id=v.UserId,v.UserId=b.UserId#u.DownVotes,>=,0,u.UpVotes,<=,40,u.CreationDate,<=,1409553519#85712
votes v,badges b,users u#u.Id=v.UserId,v.UserId=b.UserId#v.CreationDate,<=,1410134400,b.Date,<=,1410491987,u.Views,<=,32#78841
votes v,badges b,users u#u.Id=v.UserId,v.UserId=b.UserId#u.Views,<=,115,u.DownVotes,>=,0,u.DownVotes,<=,18#189874
votes v,badges b,users u#u.Id=v.UserId,v.UserId=b.UserId#v.BountyAmount,<=,50,b.Date,>=,1279570446,u.Views,<=,57#3859
votes v,badges b,users u#u.Id=v.UserId,v.UserId=b.UserId#v.CreationDate,>=,1279584000,b.Date,<=,1409723123,u.UpVotes,<=,213#225291
votes v,badges b,users u#u.Id=v.UserId,v.UserId=b.UserId#v.CreationDate,>=,1279497600,v.CreationDate,<=,1410480000,u.DownVotes,>=,0#1056558
votes v,badges b,users u#u.Id=v.UserId,v.UserId=b.UserId#b.Date,>=,1279653147,b.Date,<=,1409669166,u.CreationDate,>=,1280177982#882575
votes v,badges b,users u#u.Id=v.UserId,v.UserId=b.UserId#v.CreationDate,>=,1280102400,u.UpVotes,>=,0,u.UpVotes,<=,1146#423980
votes v,badges b,users u#u.Id=v.UserId,v.UserId=b.UserId#v.CreationDate,>=,1279497600,u.Reputation,>=,1,u.Reputation,<=,25123#640407
votes v,badges b,users u#u.Id=v.UserId,v.UserId=b.UserId#u.Views,>=,0,u.DownVotes,>=,0,u.CreationDate,<=,1410380399#1056681
votes v,badges b,users u#u.Id=v.UserId,v.UserId=b.UserId#u.Reputation,<=,631,u.Views,>=,0,u.DownVotes,=,0#111091
votes v,badges b,users u#u.Id=v.UserId,v.UserId=b.UserId#v.BountyAmount,<=,50,b.Date,>=,1280344435,b.Date,<=,1410507565#28826
votes v,badges b,users u#u.Id=v.UserId,v.UserId=b.UserId#u.DownVotes,<=,2,u.UpVotes,>=,0,u.UpVotes,<=,14#40030
votes v,badges b,users u#u.Id=v.UserId,v.UserId=b.UserId#b.Date,<=,1410531986,u.Reputation,>=,1,u.UpVotes,=,0#4919
votes v,badges b,users u#u.Id=v.UserId,v.UserId=b.UserId#u.Reputation,>=,1,u.UpVotes,<=,59,u.CreationDate,>=,1279743680#109291
votes v,badges b,users u#u.Id=v.UserId,v.UserId=b.UserId#u.DownVotes,>=,0,u.DownVotes,<=,1,u.CreationDate,>=,1279567466#191479
votes v,badges b,users u#u.Id=v.UserId,v.UserId=b.UserId#v.CreationDate,<=,1410566400,u.DownVotes,>=,0,u.DownVotes,<=,0#144010
votes v,badges b,users u#u.Id=v.UserId,v.UserId=b.UserId#v.CreationDate,=,1340496000,b.Date,<=,1409283457,u.Reputation,>=,1#1255
votes v,badges b,users u#u.Id=v.UserId,v.UserId=b.UserId#u.Views,>=,0,u.Views,<=,50,u.UpVotes,>=,0#111138
votes v,badges b,users u#u.Id=v.UserId,v.UserId=b.UserId#v.CreationDate,<=,1410220800,u.CreationDate,>=,1291000312,u.CreationDate,<=,1408519186#466239
votes v,badges b,users u#u.Id=v.UserId,v.UserId=b.UserId#b.Date,<=,1410580532,u.Views,<=,19,u.UpVotes,>=,0#53775
votes v,badges b,users u#u.Id=v.UserId,v.UserId=b.UserId#u.DownVotes,>=,0,u.CreationDate,>=,1280243291,u.CreationDate,<=,1409175041#874946
votes v,badges b,users u#u.Id=v.UserId,v.UserId=b.UserId#v.BountyAmount,<=,50,v.CreationDate,>=,1279497600,u.Views,=,2#66
votes v,badges b,users u#u.Id=v.UserId,v.UserId=b.UserId#v.BountyAmount,>=,0,u.Reputation,<=,345,u.Views,<=,79#4514
votes v,badges b,users u#u.Id=v.UserId,v.UserId=b.UserId#v.BountyAmount,>=,0,u.Views,<=,27,u.CreationDate,>=,1298336127#2377
votes v,badges b,users u#u.Id=v.UserId,v.UserId=b.UserId#v.BountyAmount,>=,0,u.Reputation,>=,1,u.Reputation,<=,13898#22189
votes v,badges b,users u#u.Id=v.UserId,v.UserId=b.UserId#u.Views,>=,0,u.Views,<=,57,u.CreationDate,>=,1279548096#123321
votes v,badges b,users u#u.Id=v.UserId,v.UserId=b.UserId#v.BountyAmount,<=,200,b.Date,>=,1282720267,u.Reputation,<=,614#7652
votes v,badges b,users u#u.Id=v.UserId,v.UserId=b.UserId#u.UpVotes,<=,13,u.CreationDate,>=,1280172938,u.CreationDate,<=,1406234812#37317
votes v,badges b,users u#u.Id=v.UserId,v.UserId=b.UserId#v.BountyAmount,<=,50,u.Reputation,>=,1,u.UpVotes,<=,662#12502
votes v,badges b,users u#u.Id=v.UserId,v.UserId=b.UserId#b.Date,<=,1410459005,u.Reputation,>=,1,u.UpVotes,<=,6#22702
votes v,badges b,users u#u.Id=v.UserId,v.UserId=b.UserId#v.BountyAmount,>=,0,u.CreationDate,>=,1284511510,u.CreationDate,<=,1410441187#20848
votes v,badges b,users u#u.Id=v.UserId,v.UserId=b.UserId#v.CreationDate,<=,1410480000,u.Views,>=,0,u.DownVotes,>=,0#1056558
votes v,badges b,users u#u.Id=v.UserId,v.UserId=b.UserId#v.CreationDate,<=,1410566400,u.DownVotes,<=,0,u.CreationDate,<=,1410356365#144004
votes v,badges b,users u#u.Id=v.UserId,v.UserId=b.UserId#v.CreationDate,>=,1279756800,v.CreationDate,<=,1410480000,u.CreationDate,>=,1279566292#1051524
votes v,badges b,users u#u.Id=v.UserId,v.UserId=b.UserId#v.BountyAmount,<=,50,u.Reputation,<=,141,u.DownVotes,<=,0#1809
votes v,badges b,users u#u.Id=v.UserId,v.UserId=b.UserId#v.BountyAmount,<=,100,b.Date,<=,1410181864,u.CreationDate,<=,1410520858#37942
votes v,badges b,users u#u.Id=v.UserId,v.UserId=b.UserId#b.Date,>=,1279830200,u.Reputation,>=,1,u.UpVotes,=,0#4929
votes v,badges b,users u#u.Id=v.UserId,v.UserId=b.UserId#v.CreationDate,>=,1279670400,u.Views,<=,22,u.UpVotes,>=,0#59131
votes v,badges b,users u#u.Id=v.UserId,v.UserId=b.UserId#v.VoteTypeId,=,5,b.Date,<=,1410574904,u.UpVotes,>=,0#1014824
votes v,badges b,users u#u.Id=v.UserId,v.UserId=b.UserId#b.Date,<=,1410268166,u.Reputation,<=,950,u.DownVotes,>=,0#211588
votes v,badges b,users u#u.Id=v.UserId,v.UserId=b.UserId#b.Date,<=,1410467148,u.Reputation,<=,1293,u.DownVotes,>=,0#230882
votes v,badges b,users u#u.Id=v.UserId,v.UserId=b.UserId#u.DownVotes,>=,0,u.DownVotes,<=,16,u.UpVotes,>=,0#442831
votes v,badges b,users u#u.Id=v.UserId,v.UserId=b.UserId#u.Views,=,0,u.UpVotes,>=,0,u.UpVotes,<=,6#2503
votes v,badges b,users u#u.Id=v.UserId,v.UserId=b.UserId#v.CreationDate,>=,1279497600,v.CreationDate,<=,1410220800,b.Date,>=,1279570448#1053960
votes v,badges b,users u#u.Id=v.UserId,v.UserId=b.UserId#u.Reputation,>=,1,u.Reputation,<=,2205,u.DownVotes,<=,1#189799
votes v,badges b,users u#u.Id=v.UserId,v.UserId=b.UserId#b.Date,>=,1279573146,b.Date,<=,1410401055,u.Views,<=,54#117311
votes v,badges b,users u#u.Id=v.UserId,v.UserId=b.UserId#u.Views,>=,0,u.Views,<=,207,u.UpVotes,<=,3079#241880
votes v,badges b,users u#u.Id=v.UserId,v.UserId=b.UserId#v.BountyAmount,>=,0,u.CreationDate,>=,1280200123,u.CreationDate,<=,1409487089#38953
votes v,badges b,users u#u.Id=v.UserId,v.UserId=b.UserId#u.Reputation,>=,1,u.DownVotes,>=,0,u.UpVotes,>=,0#1056687
votes v,badges b,users u#u.Id=v.UserId,v.UserId=b.UserId#u.Views,>=,0,u.CreationDate,>=,1281528120,u.CreationDate,<=,1408522403#692247
votes v,badges b,users u#u.Id=v.UserId,v.UserId=b.UserId#u.Views,>=,0,u.DownVotes,>=,0,u.DownVotes,<=,8#409369
votes v,badges b,users u#u.Id=v.UserId,v.UserId=b.UserId#v.BountyAmount,<=,50,u.Views,=,1,u.DownVotes,>=,0#76
votes v,badges b,users u#u.Id=v.UserId,v.UserId=b.UserId#b.Date,>=,1281653698,u.Views,<=,36,u.DownVotes,<=,0#68731
votes v,badges b,users u#u.Id=v.UserId,v.UserId=b.UserId#b.Date,<=,1410047656,u.Views,>=,0,u.UpVotes,=,0#4875
votes v,badges b,users u#u.Id=v.UserId,v.UserId=b.UserId#v.BountyAmount,<=,50,u.Views,>=,0,u.Views,<=,20932#29072
votes v,badges b,users u#u.Id=v.UserId,v.UserId=b.UserId#v.CreationDate,>=,1279670400,u.DownVotes,<=,3,u.UpVotes,<=,339#196281
votes v,badges b,users u#u.Id=v.UserId,v.UserId=b.UserId#u.Views,<=,3559,u.DownVotes,>=,0,u.DownVotes,<=,0#144017
votes v,badges b,users u#u.Id=v.UserId,v.UserId=b.UserId#b.Date,<=,1410520540,u.Views,>=,0,u.CreationDate,<=,1410377629#1055488
votes v,badges b,users u#u.Id=v.UserId,v.UserId=b.UserId#u.Reputation,<=,13806,u.Views,<=,182,u.CreationDate,<=,1408001878#226670
votes v,badges b,users u#u.Id=v.UserId,v.UserId=b.UserId#u.Reputation,>=,1,u.UpVotes,>=,0,u.UpVotes,<=,37#80694
votes v,badges b,users u#u.Id=v.UserId,v.UserId=b.UserId#u.Reputation,>=,1,u.Views,=,6,u.DownVotes,=,0#3065
votes v,badges b,users u#u.Id=v.UserId,v.UserId=b.UserId#u.DownVotes,>=,0,u.CreationDate,>=,1279572438,u.CreationDate,<=,1410106878#1017102
votes v,badges b,users u#u.Id=v.UserId,v.UserId=b.UserId#u.Reputation,<=,856,u.Views,>=,0,u.Views,<=,45#103567
votes v,badges b,users u#u.Id=v.UserId,v.UserId=b.UserId#u.DownVotes,<=,0,u.CreationDate,>=,1280949850,u.CreationDate,<=,1408563848#126742
votes v,badges b,users u#u.Id=v.UserId,v.UserId=b.UserId#v.BountyAmount,>=,0,v.CreationDate,>=,1279670400,u.CreationDate,>=,1280244572#38611
votes v,badges b,users u#u.Id=v.UserId,v.UserId=b.UserId#v.CreationDate,>=,1279584000,u.UpVotes,>=,0,u.UpVotes,<=,68#124286
votes v,badges b,users u#u.Id=v.UserId,v.UserId=b.UserId#v.BountyAmount,>=,0,b.Date,>=,1279568348,u.UpVotes,>=,0#41780
votes v,badges b,users u#u.Id=v.UserId,v.UserId=b.UserId#v.BountyAmount,>=,0,v.BountyAmount,<=,100,u.Views,>=,0#38174
votes v,badges b,users u#u.Id=v.UserId,v.UserId=b.UserId#b.Date,<=,1410347021,u.Reputation,=,174,u.CreationDate,<=,1410031325#46
votes v,badges b,users u#u.Id=v.UserId,v.UserId=b.UserId#v.BountyAmount,>=,0,v.BountyAmount,<=,100,u.UpVotes,=,0#171
votes v,badges b,users u#u.Id=v.UserId,v.UserId=b.UserId#v.CreationDate,<=,1410480000,b.Date,<=,1410260976,u.UpVotes,>=,0#1052086
votes v,badges b,users u#u.Id=v.UserId,v.UserId=b.UserId#u.Views,>=,0,u.Views,<=,16,u.CreationDate,<=,1410014305#46583
votes v,badges b,users u#u.Id=v.UserId,v.UserId=b.UserId#b.Date,>=,1279569547,b.Date,<=,1410184124,u.Views,=,24#1592
votes v,badges b,users u#u.Id=v.UserId,v.UserId=b.UserId#u.Reputation,<=,311,u.CreationDate,>=,1287079027,u.CreationDate,<=,1407752228#82271
votes v,badges b,users u#u.Id=v.UserId,v.UserId=b.UserId#b.Date,>=,1279568349,b.Date,<=,1410476541,u.Views,>=,0#1054817
votes v,badges b,users u#u.Id=v.UserId,v.UserId=b.UserId#v.BountyAmount,>=,0,b.Date,>=,1280761810,u.DownVotes,<=,65#22318
votes v,badges b,users u#u.Id=v.UserId,v.UserId=b.UserId#b.Date,>=,1279575547,u.Views,<=,62,u.CreationDate,<=,1409910232#130154
votes v,badges b,users u#u.Id=v.UserId,v.UserId=b.UserId#u.DownVotes,<=,1,u.UpVotes,>=,0,u.UpVotes,<=,14#39171
votes v,badges b,users u#u.Id=v.UserId,v.UserId=b.UserId#b.Date,<=,1408117277,u.Reputation,>=,1,u.Views,>=,0#1028171
votes v,badges b,users u#u.Id=v.UserId,v.UserId=b.UserId#u.UpVotes,>=,0,u.UpVotes,<=,34,u.CreationDate,<=,1410065166#75977
votes v,badges b,users u#u.Id=v.UserId,v.UserId=b.UserId#b.Date,>=,1281588001,b.Date,<=,1408701300,u.Views,>=,0#1018612
votes v,badges b,users u#u.Id=v.UserId,v.UserId=b.UserId#v.BountyAmount,>=,0,b.Date,>=,1279634352,u.CreationDate,>=,1284385924#20850
votes v,badges b,users u#u.Id=v.UserId,v.UserId=b.UserId#u.UpVotes,>=,0,u.UpVotes,<=,38,u.CreationDate,<=,1408652879#83954
votes v,badges b,users u#u.Id=v.UserId,v.UserId=b.UserId#b.Date,>=,1279692193,u.Reputation,>=,1,u.Reputation,<=,1207#224099
votes v,badges b,users u#u.Id=v.UserId,v.UserId=b.UserId#b.Date,<=,1408568421,u.CreationDate,>=,1280237971,u.CreationDate,<=,1409534451#853889
votes v,badges b,users u#u.Id=v.UserId,v.UserId=b.UserId#v.CreationDate,>=,1279670400,v.CreationDate,<=,1410480000,u.Reputation,<=,1084#218111
votes v,badges b,users u#u.Id=v.UserId,v.UserId=b.UserId#v.BountyAmount,>=,0,b.Date,<=,1409626099,u.Reputation,=,1#7
votes v,badges b,users u#u.Id=v.UserId,v.UserId=b.UserId#v.CreationDate,>=,1260057600,u.Reputation,>=,1,u.CreationDate,>=,1291293778#467441
votes v,badges b,users u#u.Id=v.UserId,v.UserId=b.UserId#b.Date,>=,1280270927,u.CreationDate,>=,1281766879,u.CreationDate,<=,1410244504#520723
votes v,badges b,users u#u.Id=v.UserId,v.UserId=b.UserId#u.Reputation,>=,1,u.Reputation,<=,586,u.Views,>=,0#154324
votes v,badges b,users u#u.Id=v.UserId,v.UserId=b.UserId#b.Date,>=,1279611248,u.Reputation,>=,1,u.DownVotes,<=,0#143492
votes v,badges b,users u#u.Id=v.UserId,v.UserId=b.UserId#v.CreationDate,<=,1410134400,u.DownVotes,=,0,u.UpVotes,>=,0#143505
votes v,badges b,users u#u.Id=v.UserId,v.UserId=b.UserId#u.UpVotes,>=,0,u.UpVotes,<=,13,u.CreationDate,>=,1280404022#37308
votes v,badges b,users u#u.Id=v.UserId,v.UserId=b.UserId#u.DownVotes,>=,0,u.DownVotes,<=,1,u.UpVotes,<=,12#35437
votes v,badges b,users u#u.Id=v.UserId,v.UserId=b.UserId#v.BountyAmount,<=,50,u.Reputation,>=,1,u.Reputation,<=,145#1981
votes v,badges b,users u#u.Id=v.UserId,v.UserId=b.UserId#v.CreationDate,>=,1279584000,v.CreationDate,<=,1410480000,u.DownVotes,<=,0#143771
votes v,badges b,users u#u.Id=v.UserId,v.UserId=b.UserId#v.CreationDate,>=,1245801600,v.CreationDate,<=,1409875200,u.Views,<=,65#132972
votes v,badges b,users u#u.Id=v.UserId,v.UserId=b.UserId#v.BountyAmount,<=,50,v.CreationDate,>=,1279843200,v.CreationDate,<=,1410480000#29072
votes v,badges b,users u#u.Id=v.UserId,v.UserId=b.UserId#v.CreationDate,>=,1279756800,u.DownVotes,>=,0,u.DownVotes,<=,0#143412
votes v,badges b,users u#u.Id=v.UserId,v.UserId=b.UserId#v.CreationDate,>=,1280188800,v.CreationDate,<=,1410393600,b.Date,>=,1291934558#978433
votes v,badges b,users u#u.Id=v.UserId,v.UserId=b.UserId#v.VoteTypeId,=,8,u.Reputation,<=,2091,u.DownVotes,>=,0#15279
votes v,badges b,users u#u.Id=v.UserId,v.UserId=b.UserId#v.BountyAmount,>=,0,v.CreationDate,<=,1410480000,u.Reputation,>=,1#41778
votes v,badges b,users u#u.Id=v.UserId,v.UserId=b.UserId#v.CreationDate,>=,1279584000,b.Date,>=,1279805299,u.Reputation,<=,136#41230
votes v,badges b,users u#u.Id=v.UserId,v.UserId=b.UserId#v.CreationDate,<=,1410048000,u.DownVotes,<=,0,u.UpVotes,<=,189#111896
votes v,badges b,users u#u.Id=v.UserId,v.UserId=b.UserId#v.BountyAmount,>=,0,b.Date,>=,1280214224,u.CreationDate,<=,1406204947#41463
votes v,badges b,users u#u.Id=v.UserId,v.UserId=b.UserId#v.CreationDate,<=,1410480000,b.Date,<=,1409193684,u.Reputation,>=,1#1040195
votes v,badges b,users u#u.Id=v.UserId,v.UserId=b.UserId#u.Reputation,=,158,u.Views,>=,0,u.CreationDate,<=,1408445410#193
votes v,badges b,users u#u.Id=v.UserId,v.UserId=b.UserId#v.BountyAmount,<=,100,v.CreationDate,<=,1410480000,u.CreationDate,<=,1409562167#38166
votes v,badges b,users u#u.Id=v.UserId,v.UserId=b.UserId#v.CreationDate,>=,1279670400,u.CreationDate,>=,1297813770,u.CreationDate,<=,1409753075#433654
votes v,badges b,users u#u.Id=v.UserId,v.UserId=b.UserId#v.CreationDate,>=,1279670400,u.DownVotes,>=,0,u.DownVotes,<=,31#505130
votes v,badges b,users u#u.Id=v.UserId,v.UserId=b.UserId#u.DownVotes,=,0,u.UpVotes,>=,0,u.UpVotes,<=,56#79546
votes v,badges b,users u#u.Id=v.UserId,v.UserId=b.UserId#u.Reputation,>=,1,u.UpVotes,=,0,u.CreationDate,<=,1408707401#4902
votes v,badges b,users u#u.Id=v.UserId,v.UserId=b.UserId#u.DownVotes,<=,1,u.CreationDate,>=,1280241277,u.CreationDate,<=,1409092538#170364
votes v,badges b,users u#u.Id=v.UserId,v.UserId=b.UserId#v.CreationDate,>=,1279584000,u.DownVotes,>=,0,u.DownVotes,<=,1#203966
votes v,badges b,users u#u.Id=v.UserId,v.UserId=b.UserId#v.BountyAmount,>=,0,b.Date,>=,1279619949,u.UpVotes,>=,0#41654
votes v,badges b,users u#u.Id=v.UserId,v.UserId=b.UserId#u.Views,>=,0,u.Views,<=,74,u.UpVotes,>=,0#141933
votes v,badges b,users u#u.Id=v.UserId,v.UserId=b.UserId#v.CreationDate,>=,1280188800,u.Reputation,<=,191,u.DownVotes,>=,0#61166
votes v,badges b,users u#u.Id=v.UserId,v.UserId=b.UserId#v.BountyAmount,>=,0,v.CreationDate,>=,1279670400,b.Date,>=,1283855780#40995
votes v,badges b,users u#u.Id=v.UserId,v.UserId=b.UserId#u.Views,<=,56,u.UpVotes,>=,0,u.UpVotes,<=,157#104725
votes v,badges b,users u#u.Id=v.UserId,v.UserId=b.UserId#v.CreationDate,>=,1279843200,v.CreationDate,<=,1409097600,u.Reputation,>=,1#1043451
votes v,badges b,users u#u.Id=v.UserId,v.UserId=b.UserId#u.Views,>=,0,u.Views,<=,23,u.DownVotes,<=,1#56273
votes v,badges b,users u#u.Id=v.UserId,v.UserId=b.UserId#v.CreationDate,>=,1279756800,b.Date,>=,1279723692,b.Date,<=,1410293953#1044913
votes v,badges b,users u#u.Id=v.UserId,v.UserId=b.UserId#u.DownVotes,>=,0,u.DownVotes,<=,1,u.UpVotes,<=,43#81562
votes v,badges b,users u#u.Id=v.UserId,v.UserId=b.UserId#u.Reputation,>=,1,u.Reputation,<=,328,u.DownVotes,=,0#74692
votes v,badges b,users u#u.Id=v.UserId,v.UserId=b.UserId#u.Views,<=,178,u.DownVotes,>=,0,u.DownVotes,<=,1#151484
votes v,badges b,users u#u.Id=v.UserId,v.UserId=b.UserId#v.CreationDate,<=,1410393600,u.Reputation,=,1,u.UpVotes,<=,406#738
votes v,badges b,users u#u.Id=v.UserId,v.UserId=b.UserId#b.Date,<=,1408139048,u.UpVotes,<=,155,u.CreationDate,>=,1280223485#180183
votes v,badges b,users u#u.Id=v.UserId,v.UserId=b.UserId#u.Reputation,<=,128,u.UpVotes,>=,0,u.UpVotes,<=,6#16135
votes v,badges b,users u#u.Id=v.UserId,v.UserId=b.UserId#u.Views,<=,37,u.UpVotes,=,0,u.CreationDate,<=,1406519749#4824
votes v,badges b,users u#u.Id=v.UserId,v.UserId=b.UserId#u.Views,>=,0,u.Views,<=,60,u.UpVotes,<=,1346#125421
votes v,badges b,users u#u.Id=v.UserId,v.UserId=b.UserId#v.CreationDate,>=,1280102400,u.Views,>=,0,u.Views,<=,338#339924
votes v,badges b,users u#u.Id=v.UserId,v.UserId=b.UserId#u.Reputation,>=,1,u.Reputation,<=,420,u.UpVotes,>=,0#116107
comments c,postHistory ph,votes v#ph.PostId=c.PostId,ph.PostId=v.PostId#ph.CreationDate,>=,1282136831,ph.CreationDate,<=,1410602990,v.VoteTypeId,=,2#3008367
comments c,postHistory ph,votes v#ph.PostId=c.PostId,ph.PostId=v.PostId#c.Score,=,1,v.VoteTypeId,=,2,v.CreationDate,>=,1233532800#533462
comments c,postHistory ph,votes v#ph.PostId=c.PostId,ph.PostId=v.PostId#c.CreationDate,>=,1279607148,c.CreationDate,<=,1410547584,v.VoteTypeId,=,2#3127302
comments c,postHistory ph,votes v#ph.PostId=c.PostId,ph.PostId=v.PostId#c.CreationDate,>=,1281571731,ph.PostHistoryTypeId,=,3,v.VoteTypeId,=,2#288037
comments c,postHistory ph,votes v#ph.PostId=c.PostId,ph.PostId=v.PostId#ph.PostHistoryTypeId,=,2,v.BountyAmount,>=,0,v.BountyAmount,<=,100#5259
comments c,postHistory ph,votes v#ph.PostId=c.PostId,ph.PostId=v.PostId#ph.PostHistoryTypeId,=,1,ph.CreationDate,>=,1287064717,ph.CreationDate,<=,1403817689#365825
comments c,postHistory ph,votes v#ph.PostId=c.PostId,ph.PostId=v.PostId#ph.PostHistoryTypeId,=,6,ph.CreationDate,>=,1279615753,v.CreationDate,>=,1279497600#251136
comments c,postHistory ph,votes v#ph.PostId=c.PostId,ph.PostId=v.PostId#c.Score,=,1,c.CreationDate,<=,1410532222,v.CreationDate,<=,1410307200#728825
comments c,postHistory ph,votes v#ph.PostId=c.PostId,ph.PostId=v.PostId#c.Score,=,0,ph.CreationDate,<=,1409159482,v.VoteTypeId,=,2#2056808
comments c,postHistory ph,votes v#ph.PostId=c.PostId,ph.PostId=v.PostId#ph.PostHistoryTypeId,=,1,v.CreationDate,>=,1279497600,v.CreationDate,<=,1410134400#425718
comments c,postHistory ph,votes v#ph.PostId=c.PostId,ph.PostId=v.PostId#v.VoteTypeId,=,2,v.CreationDate,>=,1279756800,v.CreationDate,<=,1410393600#3128119
comments c,postHistory ph,votes v#ph.PostId=c.PostId,ph.PostId=v.PostId#c.Score,=,1,c.CreationDate,>=,1280239194,ph.PostHistoryTypeId,=,24#22406
comments c,postHistory ph,votes v#ph.PostId=c.PostId,ph.PostId=v.PostId#ph.PostHistoryTypeId,=,6,v.CreationDate,>=,1280102400,v.CreationDate,<=,1410307200#251211
comments c,postHistory ph,votes v#ph.PostId=c.PostId,ph.PostId=v.PostId#ph.PostHistoryTypeId,=,1,v.BountyAmount,<=,50,v.CreationDate,<=,1410307200#2590
comments c,postHistory ph,votes v#ph.PostId=c.PostId,ph.PostId=v.PostId#ph.PostHistoryTypeId,=,1,v.BountyAmount,>=,0,v.BountyAmount,<=,50#2595
comments c,postHistory ph,votes v#ph.PostId=c.PostId,ph.PostId=v.PostId#ph.CreationDate,>=,1296470380,ph.CreationDate,<=,1409227811,v.VoteTypeId,=,2#2714121
comments c,postHistory ph,votes v#ph.PostId=c.PostId,ph.PostId=v.PostId#ph.PostHistoryTypeId,=,2,v.BountyAmount,=,0,v.CreationDate,>=,1279584000#7
comments c,postHistory ph,votes v#ph.PostId=c.PostId,ph.PostId=v.PostId#c.CreationDate,>=,1280472177,c.CreationDate,<=,1410017048,v.VoteTypeId,=,2#3069503
comments c,postHistory ph,votes v#ph.PostId=c.PostId,ph.PostId=v.PostId#v.BountyAmount,>=,0,v.CreationDate,>=,1279584000,v.CreationDate,<=,1410393600#41720
comments c,postHistory ph,votes v#ph.PostId=c.PostId,ph.PostId=v.PostId#c.CreationDate,<=,1409841718,v.VoteTypeId,=,3,v.CreationDate,=,1409616000#134
comments c,postHistory ph,votes v#ph.PostId=c.PostId,ph.PostId=v.PostId#c.CreationDate,<=,1409858491,ph.PostHistoryTypeId,=,2,v.VoteTypeId,=,2#678048
comments c,postHistory ph,votes v#ph.PostId=c.PostId,ph.PostId=v.PostId#c.Score,=,3,ph.CreationDate,>=,1282664599,ph.CreationDate,<=,1408475930#142376
comments c,postHistory ph,votes v#ph.PostId=c.PostId,ph.PostId=v.PostId#c.CreationDate,<=,1410188963,ph.PostHistoryTypeId,=,2,v.BountyAmount,<=,100#5208
comments c,postHistory ph,votes v#ph.PostId=c.PostId,ph.PostId=v.PostId#c.CreationDate,>=,1286806203,c.CreationDate,<=,1410380749,v.BountyAmount,>=,0#41414
comments c,postHistory ph,votes v#ph.PostId=c.PostId,ph.PostId=v.PostId#ph.PostHistoryTypeId,=,2,ph.CreationDate,<=,1409303497,v.VoteTypeId,=,2#676648
comments c,postHistory ph,votes v#ph.PostId=c.PostId,ph.PostId=v.PostId#c.Score,=,0,c.CreationDate,>=,1283957748,ph.PostHistoryTypeId,=,2#570911
comments c,postHistory ph,votes v#ph.PostId=c.PostId,ph.PostId=v.PostId#ph.PostHistoryTypeId,=,1,v.VoteTypeId,=,2,v.CreationDate,=,1394150400#393
comments c,postHistory ph,votes v#ph.PostId=c.PostId,ph.PostId=v.PostId#ph.PostHistoryTypeId,=,5,v.BountyAmount,>=,0,v.BountyAmount,<=,50#8632
comments c,postHistory ph,votes v#ph.PostId=c.PostId,ph.PostId=v.PostId#ph.PostHistoryTypeId,=,3,v.VoteTypeId,=,2,v.CreationDate,>=,1279670400#295343
comments c,postHistory ph,votes v#ph.PostId=c.PostId,ph.PostId=v.PostId#c.Score,=,1,ph.PostHistoryTypeId,=,2,ph.CreationDate,>=,1280939366#133326
comments c,postHistory ph,votes v#ph.PostId=c.PostId,ph.PostId=v.PostId#c.Score,=,0,ph.CreationDate,<=,1407949636,v.VoteTypeId,=,2#2040541
comments c,postHistory ph,votes v#ph.PostId=c.PostId,ph.PostId=v.PostId#c.Score,=,0,ph.CreationDate,<=,1409669037,v.VoteTypeId,=,2#2063753
comments c,postHistory ph,votes v#ph.PostId=c.PostId,ph.PostId=v.PostId#c.CreationDate,>=,1280428394,c.CreationDate,<=,1410569220,ph.CreationDate,<=,1409531903#4132864
comments c,postHistory ph,votes v#ph.PostId=c.PostId,ph.PostId=v.PostId#ph.PostHistoryTypeId,=,24,ph.CreationDate,<=,1409793662,v.BountyAmount,>=,0#638
comments c,postHistory ph,votes v#ph.PostId=c.PostId,ph.PostId=v.PostId#c.CreationDate,>=,1279624446,ph.PostHistoryTypeId,=,2,v.VoteTypeId,=,2#680340
comments c,postHistory ph,votes v#ph.PostId=c.PostId,ph.PostId=v.PostId#c.CreationDate,>=,1281019287,c.CreationDate,<=,1410271249,ph.PostHistoryTypeId,=,2#842220
comments c,postHistory ph,votes v#ph.PostId=c.PostId,ph.PostId=v.PostId#ph.PostHistoryTypeId,=,3,ph.CreationDate,>=,1291890987,v.CreationDate,>=,1279497600#371141
comments c,postHistory ph,votes v#ph.PostId=c.PostId,ph.PostId=v.PostId#c.Score,=,7,ph.CreationDate,>=,1280836874,ph.CreationDate,<=,1408701118#19198
comments c,postHistory ph,votes v#ph.PostId=c.PostId,ph.PostId=v.PostId#c.Score,=,0,c.CreationDate,>=,1279584626,ph.CreationDate,=,1352112502#12
comments c,postHistory ph,votes v#ph.PostId=c.PostId,ph.PostId=v.PostId#c.Score,=,0,ph.CreationDate,<=,1408277778,v.CreationDate,=,1342742400#2191
comments c,postHistory ph,votes v#ph.PostId=c.PostId,ph.PostId=v.PostId#ph.PostHistoryTypeId,=,1,v.VoteTypeId,=,5,v.CreationDate,>=,1280188800#96614
comments c,postHistory ph,votes v#ph.PostId=c.PostId,ph.PostId=v.PostId#ph.CreationDate,>=,1283423132,ph.CreationDate,<=,1409085610,v.CreationDate,<=,1410307200#3974480
comments c,postHistory ph,votes v#ph.PostId=c.PostId,ph.PostId=v.PostId#c.CreationDate,>=,1280211167,ph.CreationDate,<=,1410513266,v.CreationDate,>=,1279497600#4182534
comments c,postHistory ph,votes v#ph.PostId=c.PostId,ph.PostId=v.PostId#c.Score,=,0,ph.PostHistoryTypeId,=,2,v.VoteTypeId,=,2#468748
comments c,postHistory ph,votes v#ph.PostId=c.PostId,ph.PostId=v.PostId#c.Score,=,1,v.BountyAmount,>=,0,v.BountyAmount,<=,100#5378
comments c,postHistory ph,votes v#ph.PostId=c.PostId,ph.PostId=v.PostId#c.CreationDate,=,1390840888,v.VoteTypeId,=,2,v.CreationDate,>=,1279670400#24
comments c,postHistory ph,votes v#ph.PostId=c.PostId,ph.PostId=v.PostId#c.CreationDate,=,1374908991,ph.PostHistoryTypeId,=,2,v.VoteTypeId,=,2#2
comments c,postHistory ph,votes v#ph.PostId=c.PostId,ph.PostId=v.PostId#c.Score,=,0,ph.PostHistoryTypeId,=,5,v.VoteTypeId,=,2#764159
comments c,postHistory ph,votes v#ph.PostId=c.PostId,ph.PostId=v.PostId#ph.PostHistoryTypeId,=,5,ph.CreationDate,>=,1284978368,ph.CreationDate,<=,1410334521#1349242
comments c,postHistory ph,votes v#ph.PostId=c.PostId,ph.PostId=v.PostId#c.CreationDate,>=,1280786962,ph.PostHistoryTypeId,=,4,v.CreationDate,>=,1279584000#242958
comments c,postHistory ph,votes v#ph.PostId=c.PostId,ph.PostId=v.PostId#c.CreationDate,>=,1280664761,c.CreationDate,<=,1409083734,v.BountyAmount,<=,50#28028
comments c,postHistory ph,votes v#ph.PostId=c.PostId,ph.PostId=v.PostId#ph.PostHistoryTypeId,=,3,v.CreationDate,>=,1233532800,v.CreationDate,<=,1410480000#427610
comments c,postHistory ph,votes v#ph.PostId=c.PostId,ph.PostId=v.PostId#c.CreationDate,>=,1282038880,c.CreationDate,<=,1410415402,ph.PostHistoryTypeId,=,2#836183
comments c,postHistory ph,votes v#ph.PostId=c.PostId,ph.PostId=v.PostId#c.Score,=,0,c.CreationDate,=,1324378210,ph.PostHistoryTypeId,=,2#6
comments c,postHistory ph,votes v#ph.PostId=c.PostId,ph.PostId=v.PostId#c.Score,=,1,v.CreationDate,>=,1279584000,v.CreationDate,<=,1410048000#724378
comments c,postHistory ph,votes v#ph.PostId=c.PostId,ph.PostId=v.PostId#ph.PostHistoryTypeId,=,5,ph.CreationDate,<=,1406090732,v.VoteTypeId,=,2#1066400
comments c,postHistory ph,votes v#ph.PostId=c.PostId,ph.PostId=v.PostId#c.Score,=,0,c.CreationDate,<=,1409923139,ph.PostHistoryTypeId,=,6#147540
comments c,postHistory ph,votes v#ph.PostId=c.PostId,ph.PostId=v.PostId#ph.PostHistoryTypeId,=,1,v.BountyAmount,>=,0,v.BountyAmount,<=,50#2595
comments c,postHistory ph,votes v#ph.PostId=c.PostId,ph.PostId=v.PostId#c.Score,=,0,ph.CreationDate,>=,1291963676,v.VoteTypeId,=,2#1896643
comments c,postHistory ph,votes v#ph.PostId=c.PostId,ph.PostId=v.PostId#ph.CreationDate,>=,1298041548,ph.CreationDate,<=,1409127345,v.VoteTypeId,=,2#2674005
comments c,postHistory ph,votes v#ph.PostId=c.PostId,ph.PostId=v.PostId#ph.CreationDate,>=,1287760323,v.BountyAmount,<=,100,v.CreationDate,<=,1410393600#36800
comments c,postHistory ph,votes v#ph.PostId=c.PostId,ph.PostId=v.PostId#c.Score,=,0,ph.CreationDate,>=,1286579493,v.CreationDate,>=,1280102400#2607724
comments c,postHistory ph,votes v#ph.PostId=c.PostId,ph.PostId=v.PostId#c.Score,=,1,ph.PostHistoryTypeId,=,3,v.BountyAmount,>=,0#564
comments c,postHistory ph,votes v#ph.PostId=c.PostId,ph.PostId=v.PostId#c.Score,=,0,ph.CreationDate,<=,1409699398,v.CreationDate,<=,1410480000#2769127
comments c,postHistory ph,votes v#ph.PostId=c.PostId,ph.PostId=v.PostId#ph.CreationDate,>=,1290945330,v.BountyAmount,>=,0,v.CreationDate,<=,1410480000#40844
comments c,postHistory ph,votes v#ph.PostId=c.PostId,ph.PostId=v.PostId#ph.PostHistoryTypeId,=,1,ph.CreationDate,>=,1300799801,ph.CreationDate,<=,1408357607#339740
comments c,postHistory ph,votes v#ph.PostId=c.PostId,ph.PostId=v.PostId#c.Score,=,0,c.CreationDate,>=,1279962600,c.CreationDate,<=,1410536562#2770608
comments c,postHistory ph,votes v#ph.PostId=c.PostId,ph.PostId=v.PostId#c.CreationDate,>=,1280389850,c.CreationDate,<=,1410116789,ph.PostHistoryTypeId,=,2#845617
comments c,postHistory ph,votes v#ph.PostId=c.PostId,ph.PostId=v.PostId#c.CreationDate,>=,1239522530,c.CreationDate,<=,1410086366,v.CreationDate,=,1366070400#1909
comments c,postHistory ph,votes v#ph.PostId=c.PostId,ph.PostId=v.PostId#c.Score,=,0,v.BountyAmount,>=,0,v.BountyAmount,<=,50#22293
comments c,postHistory ph,votes v#ph.PostId=c.PostId,ph.PostId=v.PostId#c.CreationDate,>=,1280960634,ph.PostHistoryTypeId,=,2,v.CreationDate,>=,1279497600#845591
comments c,postHistory ph,votes v#ph.PostId=c.PostId,ph.PostId=v.PostId#c.CreationDate,>=,1281403631,c.CreationDate,<=,1410400801,ph.PostHistoryTypeId,=,3#413649
comments c,postHistory ph,votes v#ph.PostId=c.PostId,ph.PostId=v.PostId#c.Score,=,0,ph.PostHistoryTypeId,=,25,v.CreationDate,>=,1279670400#150936
comments c,postHistory ph,votes v#ph.PostId=c.PostId,ph.PostId=v.PostId#c.Score,=,0,c.CreationDate,<=,1410562384,v.VoteTypeId,=,2#2081919
comments c,postHistory ph,votes v#ph.PostId=c.PostId,ph.PostId=v.PostId#ph.PostHistoryTypeId,=,25,v.CreationDate,>=,1279497600,v.CreationDate,<=,1410566400#239094
comments c,postHistory ph,votes v#ph.PostId=c.PostId,ph.PostId=v.PostId#c.CreationDate,<=,1409886311,ph.PostHistoryTypeId,=,2,ph.CreationDate,<=,1409972531#859344
comments c,postHistory ph,votes v#ph.PostId=c.PostId,ph.PostId=v.PostId#v.BountyAmount,>=,0,v.BountyAmount,<=,100,v.CreationDate,<=,1410480000#37534
comments c,postHistory ph,votes v#ph.PostId=c.PostId,ph.PostId=v.PostId#c.Score,=,0,v.VoteTypeId,=,2,v.CreationDate,>=,1279411200#2082492
comments c,postHistory ph,votes v#ph.PostId=c.PostId,ph.PostId=v.PostId#c.Score,=,0,c.CreationDate,>=,1280931630,c.CreationDate,<=,1410248450#2736730
comments c,postHistory ph,votes v#ph.PostId=c.PostId,ph.PostId=v.PostId#ph.PostHistoryTypeId,=,2,ph.CreationDate,>=,1282929364,ph.CreationDate,<=,1409201084#798277
comments c,postHistory ph,votes v#ph.PostId=c.PostId,ph.PostId=v.PostId#ph.PostHistoryTypeId,=,3,v.VoteTypeId,=,2,v.CreationDate,>=,1279584000#295694
comments c,postHistory ph,votes v#ph.PostId=c.PostId,ph.PostId=v.PostId#c.CreationDate,>=,1282783737,c.CreationDate,<=,1410575583,ph.CreationDate,<=,1403679322#3907540
comments c,postHistory ph,votes v#ph.PostId=c.PostId,ph.PostId=v.PostId#c.Score,=,0,ph.CreationDate,>=,1282180527,v.CreationDate,>=,1279497600#2688219
comments c,postHistory ph,votes v#ph.PostId=c.PostId,ph.PostId=v.PostId#ph.PostHistoryTypeId,=,2,v.BountyAmount,>=,0,v.BountyAmount,<=,50#4010
comments c,postHistory ph,votes v#ph.PostId=c.PostId,ph.PostId=v.PostId#c.CreationDate,>=,1280850001,c.CreationDate,<=,1409602452,ph.PostHistoryTypeId,=,1#413976
comments c,postHistory ph,votes v#ph.PostId=c.PostId,ph.PostId=v.PostId#c.CreationDate,>=,1287421843,c.CreationDate,<=,1410391736,ph.PostHistoryTypeId,=,4#232983
comments c,postHistory ph,votes v#ph.PostId=c.PostId,ph.PostId=v.PostId#c.Score,=,0,v.VoteTypeId,=,2,v.CreationDate,<=,1409961600#2067788
comments c,postHistory ph,votes v#ph.PostId=c.PostId,ph.PostId=v.PostId#c.Score,=,1,c.CreationDate,>=,1281986424,c.CreationDate,<=,1410111127#706731
comments c,postHistory ph,votes v#ph.PostId=c.PostId,ph.PostId=v.PostId#c.Score,=,2,ph.PostHistoryTypeId,=,2,ph.CreationDate,<=,1406833485#57099
comments c,postHistory ph,votes v#ph.PostId=c.PostId,ph.PostId=v.PostId#ph.CreationDate,>=,1281377034,ph.CreationDate,<=,1410335162,v.CreationDate,>=,1280793600#4072445
comments c,postHistory ph,votes v#ph.PostId=c.PostId,ph.PostId=v.PostId#ph.PostHistoryTypeId,=,33,ph.CreationDate,>=,1279904371,v.VoteTypeId,=,2#27796
comments c,postHistory ph,votes v#ph.PostId=c.PostId,ph.PostId=v.PostId#c.CreationDate,>=,1279605954,ph.CreationDate,<=,1410531195,v.BountyAmount,>=,0#41941
comments c,postHistory ph,votes v#ph.PostId=c.PostId,ph.PostId=v.PostId#c.Score,=,0,ph.PostHistoryTypeId,=,24,v.VoteTypeId,=,2#46926
comments c,postHistory ph,votes v#ph.PostId=c.PostId,ph.PostId=v.PostId#c.Score,=,0,c.CreationDate,>=,1281630110,ph.PostHistoryTypeId,=,25#149205
comments c,postHistory ph,votes v#ph.PostId=c.PostId,ph.PostId=v.PostId#ph.PostHistoryTypeId,=,3,ph.CreationDate,>=,1280341270,v.VoteTypeId,=,5#89174
comments c,postHistory ph,votes v#ph.PostId=c.PostId,ph.PostId=v.PostId#c.CreationDate,<=,1410529073,ph.PostHistoryTypeId,=,2,v.VoteTypeId,=,2#682737
comments c,postHistory ph,votes v#ph.PostId=c.PostId,ph.PostId=v.PostId#c.CreationDate,=,1372371492,ph.CreationDate,>=,1290161143,v.CreationDate,>=,1233532800#1
comments c,postHistory ph,votes v#ph.PostId=c.PostId,ph.PostId=v.PostId#ph.PostHistoryTypeId,=,3,ph.CreationDate,<=,1409143253,v.VoteTypeId,=,2#293085
comments c,postHistory ph,votes v#ph.PostId=c.PostId,ph.PostId=v.PostId#ph.CreationDate,>=,1295623950,ph.CreationDate,<=,1410335002,v.BountyAmount,<=,200#39464
comments c,postHistory ph,votes v#ph.PostId=c.PostId,ph.PostId=v.PostId#c.Score,=,0,ph.PostHistoryTypeId,=,1,v.VoteTypeId,=,2#194573
comments c,postHistory ph,votes v#ph.PostId=c.PostId,ph.PostId=v.PostId#c.CreationDate,>=,1281750377,c.CreationDate,<=,1410442484,ph.CreationDate,<=,1409233804#4062594
comments c,postHistory ph,votes v#ph.PostId=c.PostId,ph.PostId=v.PostId#ph.PostHistoryTypeId,=,5,ph.CreationDate,<=,1409494759,v.BountyAmount,=,0#2
comments c,postHistory ph,votes v#ph.PostId=c.PostId,ph.PostId=v.PostId#ph.CreationDate,>=,1282293926,v.VoteTypeId,=,5,v.CreationDate,>=,1279584000#643433
comments c,postHistory ph,votes v#ph.PostId=c.PostId,ph.PostId=v.PostId#ph.CreationDate,>=,1306013882,v.BountyAmount,<=,50,v.CreationDate,>=,1279670400#26622
comments c,postHistory ph,votes v#ph.PostId=c.PostId,ph.PostId=v.PostId#c.Score,=,2,ph.PostHistoryTypeId,=,2,v.CreationDate,=,1381104000#59
comments c,postHistory ph,votes v#ph.PostId=c.PostId,ph.PostId=v.PostId#c.Score,=,0,c.CreationDate,<=,1409870677,ph.PostHistoryTypeId,=,6#147525
comments c,postHistory ph,votes v#ph.PostId=c.PostId,ph.PostId=v.PostId#c.CreationDate,<=,1410428153,ph.PostHistoryTypeId,=,2,ph.CreationDate,<=,1403121684#824578
comments c,postHistory ph,votes v#ph.PostId=c.PostId,ph.PostId=v.PostId#c.CreationDate,<=,1410518091,v.VoteTypeId,=,2,v.CreationDate,>=,1279756800#3129925
comments c,postHistory ph,votes v#ph.PostId=c.PostId,ph.PostId=v.PostId#c.CreationDate,<=,1410506772,v.CreationDate,>=,1239580800,v.CreationDate,<=,1410134400#4233287
comments c,postHistory ph,votes v#ph.PostId=c.PostId,ph.PostId=v.PostId#c.Score,=,0,c.CreationDate,>=,1284125861,v.CreationDate,=,1370995200#2340
comments c,postHistory ph,votes v#ph.PostId=c.PostId,ph.PostId=v.PostId#ph.PostHistoryTypeId,=,2,v.BountyAmount,<=,50,v.CreationDate,>=,1279497600#4010
comments c,postHistory ph,votes v#ph.PostId=c.PostId,ph.PostId=v.PostId#ph.PostHistoryTypeId,=,5,v.VoteTypeId,=,8,v.BountyAmount,>=,0#9059
comments c,postHistory ph,votes v#ph.PostId=c.PostId,ph.PostId=v.PostId#ph.PostHistoryTypeId,=,24,v.VoteTypeId,=,2,v.CreationDate,=,1386892800#19
comments c,postHistory ph,votes v#ph.PostId=c.PostId,ph.PostId=v.PostId#ph.CreationDate,<=,1406575034,v.BountyAmount,>=,0,v.CreationDate,>=,1279670400#40168
comments c,postHistory ph,votes v#ph.PostId=c.PostId,ph.PostId=v.PostId#c.Score,=,0,ph.PostHistoryTypeId,=,2,ph.CreationDate,>=,1295431642#509255
comments c,postHistory ph,votes v#ph.PostId=c.PostId,ph.PostId=v.PostId#c.Score,=,0,ph.CreationDate,>=,1279567067,v.BountyAmount,<=,50#22293
comments c,postHistory ph,votes v#ph.PostId=c.PostId,ph.PostId=v.PostId#ph.PostHistoryTypeId,=,3,ph.CreationDate,<=,1410377965,v.BountyAmount,<=,50#2595
comments c,postHistory ph,votes v#ph.PostId=c.PostId,ph.PostId=v.PostId#c.Score,=,0,c.CreationDate,<=,1410652828,v.BountyAmount,>=,0#32381
comments c,postHistory ph,votes v#ph.PostId=c.PostId,ph.PostId=v.PostId#ph.CreationDate,<=,1408716479,v.VoteTypeId,=,2,v.CreationDate,>=,1279584000#3090056
comments c,postHistory ph,votes v#ph.PostId=c.PostId,ph.PostId=v.PostId#c.Score,=,0,c.CreationDate,>=,1280088800,v.BountyAmount,<=,100#29480
comments c,postHistory ph,votes v#ph.PostId=c.PostId,ph.PostId=v.PostId#c.Score,=,0,ph.PostHistoryTypeId,=,2,v.CreationDate,>=,1280448000#587548
comments c,postHistory ph,votes v#ph.PostId=c.PostId,ph.PostId=v.PostId#c.CreationDate,>=,1284384052,c.CreationDate,<=,1410226268,v.VoteTypeId,=,2#3002949
comments c,postHistory ph,votes v#ph.PostId=c.PostId,ph.PostId=v.PostId#c.Score,=,1,c.CreationDate,<=,1410304142,v.CreationDate,<=,1410480000#728725
comments c,postHistory ph,votes v#ph.PostId=c.PostId,ph.PostId=v.PostId#c.Score,=,0,ph.PostHistoryTypeId,=,2,v.BountyAmount,<=,200#4467
comments c,postHistory ph,votes v#ph.PostId=c.PostId,ph.PostId=v.PostId#c.Score,=,0,ph.CreationDate,>=,1284676578,ph.CreationDate,<=,1410515135#2634726
comments c,postHistory ph,votes v#ph.PostId=c.PostId,ph.PostId=v.PostId#c.CreationDate,>=,1279641609,ph.CreationDate,>=,1303378742,v.VoteTypeId,=,2#2601908
comments c,postHistory ph,votes v#ph.PostId=c.PostId,ph.PostId=v.PostId#c.Score,=,2,c.CreationDate,>=,1280533316,v.VoteTypeId,=,15#3869
comments c,postHistory ph,votes v#ph.PostId=c.PostId,ph.PostId=v.PostId#ph.CreationDate,>=,1280586555,ph.CreationDate,<=,1409080916,v.CreationDate,<=,1409875200#4060994
comments c,postHistory ph,votes v#ph.PostId=c.PostId,ph.PostId=v.PostId#c.Score,=,0,c.CreationDate,<=,1410532494,v.CreationDate,>=,1280966400#2770796
comments c,postHistory ph,votes v#ph.PostId=c.PostId,ph.PostId=v.PostId#ph.PostHistoryTypeId,=,1,v.BountyAmount,<=,150,v.CreationDate,>=,1279497600#3566
comments c,postHistory ph,votes v#ph.PostId=c.PostId,ph.PostId=v.PostId#c.Score,=,0,c.CreationDate,>=,1280519521,v.BountyAmount,>=,0#32322
comments c,postHistory ph,votes v#ph.PostId=c.PostId,ph.PostId=v.PostId#c.Score,=,0,ph.CreationDate,<=,1407266086,v.VoteTypeId,=,2#2031710
comments c,postHistory ph,votes v#ph.PostId=c.PostId,ph.PostId=v.PostId#ph.PostHistoryTypeId,=,25,v.CreationDate,>=,1279670400,v.CreationDate,<=,1410220800#238307
comments c,postHistory ph,votes v#ph.PostId=c.PostId,ph.PostId=v.PostId#ph.PostHistoryTypeId,=,3,ph.CreationDate,<=,1408030152,v.VoteTypeId,=,5#95990
comments c,postHistory ph,votes v#ph.PostId=c.PostId,ph.PostId=v.PostId#ph.CreationDate,>=,1283398350,v.BountyAmount,>=,0,v.BountyAmount,<=,50#28154
comments c,postHistory ph,votes v#ph.PostId=c.PostId,ph.PostId=v.PostId#c.CreationDate,>=,1281677530,c.CreationDate,<=,1410365005,ph.PostHistoryTypeId,=,2#836799
comments c,postHistory ph,votes v#ph.PostId=c.PostId,ph.PostId=v.PostId#c.CreationDate,>=,1280844430,c.CreationDate,<=,1410560662,ph.PostHistoryTypeId,=,2#847056
comments c,postHistory ph,votes v#ph.PostId=c.PostId,ph.PostId=v.PostId#ph.CreationDate,<=,1410414788,v.VoteTypeId,=,5,v.CreationDate,<=,1410220800#701389
comments c,postHistory ph,votes v#ph.PostId=c.PostId,ph.PostId=v.PostId#c.Score,=,0,ph.PostHistoryTypeId,=,5,ph.CreationDate,<=,1408200920#945509
comments c,postHistory ph,votes v#ph.PostId=c.PostId,ph.PostId=v.PostId#ph.PostHistoryTypeId,=,2,ph.CreationDate,<=,1408638028,v.BountyAmount,<=,50#3953
comments c,postHistory ph,votes v#ph.PostId=c.PostId,ph.PostId=v.PostId#c.Score,=,0,ph.PostHistoryTypeId,=,2,v.VoteTypeId,=,2#468748
comments c,postHistory ph,votes v#ph.PostId=c.PostId,ph.PostId=v.PostId#c.CreationDate,>=,1280949829,ph.PostHistoryTypeId,=,2,v.CreationDate,>=,1279497600#845684
comments c,postHistory ph,votes v#ph.PostId=c.PostId,ph.PostId=v.PostId#c.CreationDate,>=,1280920867,c.CreationDate,<=,1409749227,v.VoteTypeId,=,16#109601
comments c,postHistory ph,votes v#ph.PostId=c.PostId,ph.PostId=v.PostId#c.Score,=,0,ph.PostHistoryTypeId,=,6,ph.CreationDate,<=,1407753965#146454
comments c,postHistory ph,votes v#ph.PostId=c.PostId,ph.PostId=v.PostId#ph.CreationDate,>=,1299042430,v.CreationDate,>=,1279584000,v.CreationDate,<=,1410220800#3616168
comments c,postHistory ph,votes v#ph.PostId=c.PostId,ph.PostId=v.PostId#ph.PostHistoryTypeId,=,1,ph.CreationDate,<=,1403625075,v.CreationDate,=,1310688000#121
comments c,postHistory ph,votes v#ph.PostId=c.PostId,ph.PostId=v.PostId#c.Score,=,0,c.CreationDate,<=,1410645693,v.BountyAmount,>=,0#32372
comments c,postHistory ph,votes v#ph.PostId=c.PostId,ph.PostId=v.PostId#c.Score,=,0,ph.CreationDate,>=,1281967544,v.BountyAmount,<=,50#22157
comments c,postHistory ph,votes v#ph.PostId=c.PostId,ph.PostId=v.PostId#ph.PostHistoryTypeId,=,1,ph.CreationDate,>=,1280323952,v.CreationDate,>=,1281139200#407669
comments c,postHistory ph,votes v#ph.PostId=c.PostId,ph.PostId=v.PostId#c.Score,=,0,c.CreationDate,>=,1280842575,ph.PostHistoryTypeId,=,1#273054
comments c,postHistory ph,votes v#ph.PostId=c.PostId,ph.PostId=v.PostId#c.Score,=,0,ph.CreationDate,>=,1281037862,v.BountyAmount,>=,0#32257
comments c,postHistory ph,votes v#ph.PostId=c.PostId,ph.PostId=v.PostId#c.CreationDate,<=,1410596558,ph.CreationDate,<=,1401137756,v.VoteTypeId,=,2#2939648
comments c,postHistory ph,votes v#ph.PostId=c.PostId,ph.PostId=v.PostId#c.Score,=,0,c.CreationDate,>=,1285706693,ph.PostHistoryTypeId,=,2#565263
comments c,postHistory ph,votes v#ph.PostId=c.PostId,ph.PostId=v.PostId#ph.PostHistoryTypeId,=,5,ph.CreationDate,>=,1286057571,ph.CreationDate,<=,1409930201#1333626
comments c,postHistory ph,votes v#ph.PostId=c.PostId,ph.PostId=v.PostId#ph.CreationDate,>=,1282163819,ph.CreationDate,<=,1405589409,v.BountyAmount,>=,0#39561
comments c,postHistory ph,votes v#ph.PostId=c.PostId,ph.PostId=v.PostId#ph.PostHistoryTypeId,=,1,v.VoteTypeId,=,2,v.CreationDate,<=,1409356800#292347
comments c,postHistory ph,votes v#ph.PostId=c.PostId,ph.PostId=v.PostId#c.Score,=,0,c.CreationDate,<=,1410591163,v.VoteTypeId,=,5#415651
comments c,postHistory ph,votes v#ph.PostId=c.PostId,ph.PostId=v.PostId#c.Score,=,0,ph.PostHistoryTypeId,=,24,v.VoteTypeId,=,2#46926
comments c,postHistory ph,votes v#ph.PostId=c.PostId,ph.PostId=v.PostId#c.CreationDate,>=,1279947042,c.CreationDate,<=,1410303937,v.BountyAmount,<=,50#28343
comments c,postHistory ph,votes v#ph.PostId=c.PostId,ph.PostId=v.PostId#c.Score,=,1,c.CreationDate,<=,1410646050,v.VoteTypeId,=,2#533455
comments c,postHistory ph,votes v#ph.PostId=c.PostId,ph.PostId=v.PostId#c.Score,=,0,c.CreationDate,<=,1409789639,v.CreationDate,<=,1410480000#2768407
comments c,postHistory ph,votes v#ph.PostId=c.PostId,ph.PostId=v.PostId#c.CreationDate,>=,1280222079,v.CreationDate,>=,1279497600,v.CreationDate,<=,1410566400#4184275
comments c,postHistory ph,votes v#ph.PostId=c.PostId,ph.PostId=v.PostId#c.Score,=,1,v.BountyAmount,>=,0,v.BountyAmount,<=,200#5910
comments c,postHistory ph,votes v#ph.PostId=c.PostId,ph.PostId=v.PostId#c.Score,=,0,c.CreationDate,<=,1410384694,ph.PostHistoryTypeId,=,3#277404
comments c,postHistory ph,votes v#ph.PostId=c.PostId,ph.PostId=v.PostId#ph.PostHistoryTypeId,=,2,v.VoteTypeId,=,1,v.CreationDate,>=,1279497600#33566
comments c,postHistory ph,votes v#ph.PostId=c.PostId,ph.PostId=v.PostId#c.CreationDate,>=,1281948507,v.BountyAmount,>=,0,v.BountyAmount,<=,50#28271
comments c,postHistory ph,votes v#ph.PostId=c.PostId,ph.PostId=v.PostId#ph.CreationDate,>=,1283814556,v.CreationDate,>=,1279584000,v.CreationDate,<=,1410566400#4020800
comments c,postHistory ph,votes v#ph.PostId=c.PostId,ph.PostId=v.PostId#c.Score,=,0,ph.PostHistoryTypeId,=,3,ph.CreationDate,>=,1286808907#254331
comments c,postHistory ph,votes v#ph.PostId=c.PostId,ph.PostId=v.PostId#c.Score,=,0,c.CreationDate,<=,1410440938,ph.PostHistoryTypeId,=,4#155825
comments c,postHistory ph,votes v#ph.PostId=c.PostId,ph.PostId=v.PostId#c.CreationDate,>=,1280445952,v.BountyAmount,<=,150,v.CreationDate,>=,1279497600#39168
comments c,postHistory ph,votes v#ph.PostId=c.PostId,ph.PostId=v.PostId#ph.CreationDate,>=,1279805170,v.BountyAmount,<=,100,v.CreationDate,<=,1410393600#37499
comments c,postHistory ph,votes v#ph.PostId=c.PostId,ph.PostId=v.PostId#ph.CreationDate,=,1344878665,v.CreationDate,>=,1279584000,v.CreationDate,<=,1410480000#14
comments c,postHistory ph,votes v#ph.PostId=c.PostId,ph.PostId=v.PostId#c.Score,=,0,ph.PostHistoryTypeId,=,3,ph.CreationDate,<=,1408947128#274547
comments c,postHistory ph,votes v#ph.PostId=c.PostId,ph.PostId=v.PostId#c.Score,=,0,c.CreationDate,>=,1282384108,v.CreationDate,>=,1279584000#2714492
comments c,postHistory ph,votes v#ph.PostId=c.PostId,ph.PostId=v.PostId#ph.CreationDate,>=,1292522648,ph.CreationDate,<=,1409743531,v.CreationDate,>=,1279497600#3738474
comments c,postHistory ph,votes v#ph.PostId=c.PostId,ph.PostId=v.PostId#v.VoteTypeId,=,2,v.CreationDate,>=,1279670400,v.CreationDate,<=,1410652800#3133662
comments c,postHistory ph,votes v#ph.PostId=c.PostId,ph.PostId=v.PostId#c.CreationDate,>=,1279570551,ph.PostHistoryTypeId,=,4,v.VoteTypeId,=,2#166092
comments c,postHistory ph,votes v#ph.PostId=c.PostId,ph.PostId=v.PostId#ph.PostHistoryTypeId,=,1,v.BountyAmount,>=,0,v.BountyAmount,<=,50#2595
comments c,postHistory ph,votes v#ph.PostId=c.PostId,ph.PostId=v.PostId#ph.PostHistoryTypeId,=,2,v.CreationDate,>=,1279584000,v.CreationDate,<=,1410566400#864034
comments c,postHistory ph,votes v#ph.PostId=c.PostId,ph.PostId=v.PostId#c.Score,=,0,c.CreationDate,<=,1410377208,v.VoteTypeId,=,2#2078302
comments c,postHistory ph,votes v#ph.PostId=c.PostId,ph.PostId=v.PostId#c.CreationDate,>=,1280344776,ph.PostHistoryTypeId,=,2,v.CreationDate,>=,1233532800#850325
comments c,postHistory ph,votes v#ph.PostId=c.PostId,ph.PostId=v.PostId#c.Score,=,0,c.CreationDate,=,1385134965,ph.PostHistoryTypeId,=,5#10
comments c,postHistory ph,votes v#ph.PostId=c.PostId,ph.PostId=v.PostId#ph.PostHistoryTypeId,=,1,v.CreationDate,>=,1279497600,v.CreationDate,<=,1410480000#427576
comments c,postHistory ph,votes v#ph.PostId=c.PostId,ph.PostId=v.PostId#ph.PostHistoryTypeId,=,4,ph.CreationDate,<=,1408317480,v.BountyAmount,<=,100#1893
comments c,postHistory ph,votes v#ph.PostId=c.PostId,ph.PostId=v.PostId#c.CreationDate,>=,1279613661,ph.PostHistoryTypeId,=,5,v.VoteTypeId,=,2#1110844
comments c,postHistory ph,votes v#ph.PostId=c.PostId,ph.PostId=v.PostId#c.Score,=,0,v.CreationDate,>=,1279584000,v.CreationDate,<=,1410134400#2777356
comments c,postHistory ph,votes v#ph.PostId=c.PostId,ph.PostId=v.PostId#c.Score,=,0,ph.PostHistoryTypeId,=,1,ph.CreationDate,>=,1281461368#265671
comments c,postHistory ph,votes v#ph.PostId=c.PostId,ph.PostId=v.PostId#c.Score,=,0,ph.CreationDate,>=,1288614289,v.VoteTypeId,=,2#1930947
comments c,postHistory ph,votes v#ph.PostId=c.PostId,ph.PostId=v.PostId#c.Score,=,0,c.CreationDate,<=,1410646831,ph.PostHistoryTypeId,=,3#277830
comments c,postHistory ph,votes v#ph.PostId=c.PostId,ph.PostId=v.PostId#c.Score,=,0,ph.PostHistoryTypeId,=,6,v.CreationDate,<=,1410480000#148000
comments c,postHistory ph,votes v#ph.PostId=c.PostId,ph.PostId=v.PostId#c.Score,=,0,ph.CreationDate,>=,1288342967,ph.CreationDate,<=,1409118008#2549707
comments c,postHistory ph,votes v#ph.PostId=c.PostId,ph.PostId=v.PostId#v.VoteTypeId,=,16,v.CreationDate,>=,1279497600,v.CreationDate,<=,1410220800#110747
comments c,postHistory ph,votes v#ph.PostId=c.PostId,ph.PostId=v.PostId#c.Score,=,0,c.CreationDate,>=,1280378214,v.CreationDate,>=,1279670400#2754351
comments c,postHistory ph,votes v#ph.PostId=c.PostId,ph.PostId=v.PostId#c.CreationDate,<=,1410389316,ph.CreationDate,=,1374163650,v.VoteTypeId,=,2#1
comments c,postHistory ph,votes v#ph.PostId=c.PostId,ph.PostId=v.PostId#ph.CreationDate,>=,1305107990,v.VoteTypeId,=,2,v.CreationDate,<=,1410566400#2563094
comments c,postHistory ph,votes v#ph.PostId=c.PostId,ph.PostId=v.PostId#c.Score,=,0,v.BountyAmount,>=,0,v.BountyAmount,<=,200#31831
comments c,postHistory ph,votes v#ph.PostId=c.PostId,ph.PostId=v.PostId#ph.PostHistoryTypeId,=,5,v.VoteTypeId,=,6,v.CreationDate,<=,1409961600#1570
comments c,postHistory ph,votes v#ph.PostId=c.PostId,ph.PostId=v.PostId#c.Score,=,0,ph.CreationDate,<=,1405361206,v.VoteTypeId,=,2#2003961
comments c,postHistory ph,votes v#ph.PostId=c.PostId,ph.PostId=v.PostId#ph.PostHistoryTypeId,=,2,v.CreationDate,>=,1281139200,v.CreationDate,<=,1410220800#853139
comments c,postHistory ph,votes v#ph.PostId=c.PostId,ph.PostId=v.PostId#c.CreationDate,<=,1409884655,ph.CreationDate,>=,1286501966,v.VoteTypeId,=,2#2885415
comments c,postHistory ph,votes v#ph.PostId=c.PostId,ph.PostId=v.PostId#c.CreationDate,>=,1281898023,c.CreationDate,<=,1409879767,v.BountyAmount,<=,50#28156
comments c,postHistory ph,votes v#ph.PostId=c.PostId,ph.PostId=v.PostId#c.CreationDate,>=,1279569388,ph.CreationDate,>=,1280412260,v.BountyAmount,>=,0#41908
comments c,postHistory ph,votes v#ph.PostId=c.PostId,ph.PostId=v.PostId#c.CreationDate,>=,1282055657,ph.PostHistoryTypeId,=,2,ph.CreationDate,<=,1410292700#836268
comments c,postHistory ph,votes v#ph.PostId=c.PostId,ph.PostId=v.PostId#c.Score,=,0,c.CreationDate,>=,1280254949,v.VoteTypeId,=,2#2062174
comments c,postHistory ph,votes v#ph.PostId=c.PostId,ph.PostId=v.PostId#c.Score,=,0,ph.PostHistoryTypeId,=,5,v.VoteTypeId,=,2#764159
comments c,postHistory ph,votes v#ph.PostId=c.PostId,ph.PostId=v.PostId#c.CreationDate,>=,1279682252,ph.PostHistoryTypeId,=,24,v.CreationDate,>=,1281484800#118945
comments c,postHistory ph,votes v#ph.PostId=c.PostId,ph.PostId=v.PostId#ph.PostHistoryTypeId,=,1,ph.CreationDate,>=,1284216894,v.VoteTypeId,=,5#83441
comments c,postHistory ph,votes v#ph.PostId=c.PostId,ph.PostId=v.PostId#c.CreationDate,<=,1410537841,ph.CreationDate,>=,1282315026,ph.CreationDate,<=,1409536252#4011655
comments c,postHistory ph,votes v#ph.PostId=c.PostId,ph.PostId=v.PostId#c.Score,=,0,c.CreationDate,<=,1410456467,v.VoteTypeId,=,5#415451
comments c,postHistory ph,votes v#ph.PostId=c.PostId,ph.PostId=v.PostId#c.CreationDate,>=,1284644494,c.CreationDate,<=,1410630807,v.BountyAmount,=,50#27699
comments c,postHistory ph,votes v#ph.PostId=c.PostId,ph.PostId=v.PostId#c.Score,=,0,v.CreationDate,>=,1279584000,v.CreationDate,<=,1409875200#2769089
comments c,postHistory ph,votes v#ph.PostId=c.PostId,ph.PostId=v.PostId#ph.PostHistoryTypeId,=,2,ph.CreationDate,<=,1410293437,v.CreationDate,=,1340928000#554
comments c,postHistory ph,votes v#ph.PostId=c.PostId,ph.PostId=v.PostId#c.Score,=,0,ph.PostHistoryTypeId,=,3,v.VoteTypeId,=,2#194573
comments c,postHistory ph,votes v#ph.PostId=c.PostId,ph.PostId=v.PostId#c.Score,=,1,ph.CreationDate,>=,1302233178,v.CreationDate,<=,1410566400#611180
comments c,postHistory ph,votes v#ph.PostId=c.PostId,ph.PostId=v.PostId#c.CreationDate,<=,1410147864,ph.PostHistoryTypeId,=,10,v.VoteTypeId,=,2#8716
comments c,postHistory ph,votes v#ph.PostId=c.PostId,ph.PostId=v.PostId#ph.CreationDate,<=,1405669479,v.BountyAmount,>=,0,v.CreationDate,>=,1280188800#39797
comments c,postHistory ph,votes v#ph.PostId=c.PostId,ph.PostId=v.PostId#c.Score,=,0,ph.PostHistoryTypeId,=,5,v.VoteTypeId,=,2#764159
comments c,postHistory ph,votes v#ph.PostId=c.PostId,ph.PostId=v.PostId#ph.CreationDate,>=,1297703417,v.CreationDate,>=,1279670400,v.CreationDate,<=,1410307200#3665323
comments c,postHistory ph,votes v#ph.PostId=c.PostId,ph.PostId=v.PostId#c.Score,=,0,ph.PostHistoryTypeId,=,5,ph.CreationDate,>=,1288473823#915004
comments c,postHistory ph,votes v#ph.PostId=c.PostId,ph.PostId=v.PostId#ph.PostHistoryTypeId,=,5,v.BountyAmount,>=,0,v.CreationDate,<=,1409961600#13060
comments c,postHistory ph,votes v#ph.PostId=c.PostId,ph.PostId=v.PostId#v.VoteTypeId,=,2,v.CreationDate,>=,1279843200,v.CreationDate,<=,1410134400#3114217
comments c,postHistory ph,votes v#ph.PostId=c.PostId,ph.PostId=v.PostId#c.CreationDate,>=,1283468142,ph.PostHistoryTypeId,=,2,ph.CreationDate,<=,1408030658#816565
comments c,postHistory ph,votes v#ph.PostId=c.PostId,ph.PostId=v.PostId#c.Score,=,0,c.CreationDate,<=,1410382103,v.VoteTypeId,=,2#2078421
comments c,postHistory ph,votes v#ph.PostId=c.PostId,ph.PostId=v.PostId#ph.PostHistoryTypeId,=,1,ph.CreationDate,>=,1304699824,ph.CreationDate,<=,1409655751#331458
comments c,postHistory ph,votes v#ph.PostId=c.PostId,ph.PostId=v.PostId#c.CreationDate,<=,1409313658,ph.PostHistoryTypeId,=,2,v.CreationDate,<=,1410393600#855067
comments c,postHistory ph,votes v#ph.PostId=c.PostId,ph.PostId=v.PostId#c.CreationDate,>=,1280174897,v.BountyAmount,=,0,v.CreationDate,>=,1281139200#9
comments c,postHistory ph,votes v#ph.PostId=c.PostId,ph.PostId=v.PostId#c.CreationDate,=,1396506379,ph.PostHistoryTypeId,=,2,ph.CreationDate,>=,1281117274#12
comments c,postHistory ph,votes v#ph.PostId=c.PostId,ph.PostId=v.PostId#v.VoteTypeId,=,5,v.CreationDate,>=,1279670400,v.CreationDate,<=,1410307200#701081
comments c,postHistory ph,votes v#ph.PostId=c.PostId,ph.PostId=v.PostId#ph.PostHistoryTypeId,=,3,ph.CreationDate,>=,1304548856,ph.CreationDate,<=,1409626604#332495
comments c,postHistory ph,votes v#ph.PostId=c.PostId,ph.PostId=v.PostId#c.CreationDate,=,1401451578,v.CreationDate,>=,1279584000,v.CreationDate,<=,1410480000#16
comments c,postHistory ph,votes v#ph.PostId=c.PostId,ph.PostId=v.PostId#ph.CreationDate,>=,1279576371,v.VoteTypeId,=,2,v.CreationDate,>=,1279497600#3117964
comments c,postHistory ph,votes v#ph.PostId=c.PostId,ph.PostId=v.PostId#c.Score,=,0,ph.PostHistoryTypeId,=,3,v.CreationDate,<=,1410393600#277454
comments c,postHistory ph,votes v#ph.PostId=c.PostId,ph.PostId=v.PostId#ph.CreationDate,>=,1299185659,ph.CreationDate,<=,1410547751,v.BountyAmount,>=,0#40133
comments c,postHistory ph,votes v#ph.PostId=c.PostId,ph.PostId=v.PostId#c.Score,=,0,c.CreationDate,<=,1410591752,v.BountyAmount,=,0#8
comments c,postHistory ph,votes v#ph.PostId=c.PostId,ph.PostId=v.PostId#ph.CreationDate,<=,1409163437,v.BountyAmount,>=,0,v.BountyAmount,<=,0#9
comments c,postHistory ph,votes v#ph.PostId=c.PostId,ph.PostId=v.PostId#ph.CreationDate,<=,1410636573,v.BountyAmount,>=,0,v.BountyAmount,<=,50#28377
comments c,postHistory ph,votes v#ph.PostId=c.PostId,ph.PostId=v.PostId#c.Score,=,0,ph.CreationDate,>=,1280885219,ph.CreationDate,<=,1410456676#2720604
comments c,postHistory ph,votes v#ph.PostId=c.PostId,ph.PostId=v.PostId#c.Score,=,0,ph.PostHistoryTypeId,=,24,ph.CreationDate,<=,1403109631#68252
comments c,postHistory ph,votes v#ph.PostId=c.PostId,ph.PostId=v.PostId#ph.PostHistoryTypeId,=,5,ph.CreationDate,<=,1404286155,v.BountyAmount,<=,50#8023
comments c,postHistory ph,votes v#ph.PostId=c.PostId,ph.PostId=v.PostId#c.Score,=,1,ph.PostHistoryTypeId,=,5,v.CreationDate,>=,1279584000#235305
comments c,postHistory ph,votes v#ph.PostId=c.PostId,ph.PostId=v.PostId#c.Score,=,0,v.CreationDate,>=,1279497600,v.CreationDate,<=,1410220800#2783567
comments c,postHistory ph,votes v#ph.PostId=c.PostId,ph.PostId=v.PostId#ph.PostHistoryTypeId,=,5,v.CreationDate,>=,1280016000,v.CreationDate,<=,1410307200#1406655
comments c,postHistory ph,votes v#ph.PostId=c.PostId,ph.PostId=v.PostId#c.Score,=,0,v.VoteTypeId,=,2,v.CreationDate,>=,1279584000#2080985
comments c,postHistory ph,votes v#ph.PostId=c.PostId,ph.PostId=v.PostId#ph.PostHistoryTypeId,=,2,ph.CreationDate,>=,1281598368,v.BountyAmount,<=,100#5233
comments c,postHistory ph,votes v#ph.PostId=c.PostId,ph.PostId=v.PostId#c.CreationDate,<=,1410536008,ph.CreationDate,>=,1282201253,v.VoteTypeId,=,2#3005707
comments c,postHistory ph,votes v#ph.PostId=c.PostId,ph.PostId=v.PostId#c.Score,=,1,ph.PostHistoryTypeId,=,2,v.BountyAmount,>=,0#803
comments c,postHistory ph,votes v#ph.PostId=c.PostId,ph.PostId=v.PostId#ph.CreationDate,<=,1409163059,v.BountyAmount,<=,50,v.CreationDate,>=,1279843200#28130
comments c,postHistory ph,votes v#ph.PostId=c.PostId,ph.PostId=v.PostId#c.CreationDate,>=,1279709826,ph.PostHistoryTypeId,=,2,v.VoteTypeId,=,16#13948
comments c,postHistory ph,votes v#ph.PostId=c.PostId,ph.PostId=v.PostId#c.Score,=,0,c.CreationDate,>=,1280168166,c.CreationDate,<=,1410315450#2759420
comments c,postHistory ph,votes v#ph.PostId=c.PostId,ph.PostId=v.PostId#c.CreationDate,>=,1281295656,ph.CreationDate,<=,1408608836,v.BountyAmount,>=,0#40717
comments c,postHistory ph,votes v#ph.PostId=c.PostId,ph.PostId=v.PostId#ph.PostHistoryTypeId,=,3,v.BountyAmount,>=,0,v.BountyAmount,<=,100#3416
comments c,postHistory ph,votes v#ph.PostId=c.PostId,ph.PostId=v.PostId#ph.PostHistoryTypeId,=,2,v.VoteTypeId,=,5,v.CreationDate,>=,1279584000#96948
comments c,postHistory ph,votes v#ph.PostId=c.PostId,ph.PostId=v.PostId#c.Score,=,0,ph.CreationDate,<=,1409151181,v.VoteTypeId,=,2#2056416
comments c,postHistory ph,votes v#ph.PostId=c.PostId,ph.PostId=v.PostId#c.Score,=,1,c.CreationDate,<=,1410529409,v.CreationDate,<=,1410220800#727853
comments c,postHistory ph,votes v#ph.PostId=c.PostId,ph.PostId=v.PostId#c.Score,=,0,ph.CreationDate,>=,1285112439,ph.CreationDate,<=,1408358028#2581461
comments c,postHistory ph,votes v#ph.PostId=c.PostId,ph.PostId=v.PostId#ph.PostHistoryTypeId,=,4,ph.CreationDate,>=,1288135036,v.BountyAmount,>=,0#2063
comments c,postHistory ph,votes v#ph.PostId=c.PostId,ph.PostId=v.PostId#ph.PostHistoryTypeId,=,5,ph.CreationDate,>=,1280326598,ph.CreationDate,<=,1404083789#1323623
comments c,postHistory ph,votes v#ph.PostId=c.PostId,ph.PostId=v.PostId#c.Score,=,0,v.BountyAmount,=,0,v.CreationDate,>=,1233532800#8
comments c,postHistory ph,votes v#ph.PostId=c.PostId,ph.PostId=v.PostId#c.Score,=,0,ph.CreationDate,>=,1285040285,ph.CreationDate,<=,1401585966#2456089
comments c,postHistory ph,votes v#ph.PostId=c.PostId,ph.PostId=v.PostId#c.Score,=,0,v.BountyAmount,>=,0,v.CreationDate,>=,1279584000#32381
comments c,postHistory ph,votes v#ph.PostId=c.PostId,ph.PostId=v.PostId#c.Score,=,1,ph.PostHistoryTypeId,=,1,v.CreationDate,<=,1409961600#74559
comments c,postHistory ph,votes v#ph.PostId=c.PostId,ph.PostId=v.PostId#c.Score,=,0,ph.PostHistoryTypeId,=,2,v.VoteTypeId,=,2#468748
comments c,postHistory ph,votes v#ph.PostId=c.PostId,ph.PostId=v.PostId#c.Score,=,1,v.CreationDate,>=,1279497600,v.CreationDate,<=,1410480000#730427
comments c,postHistory ph,votes v#ph.PostId=c.PostId,ph.PostId=v.PostId#c.Score,=,0,ph.PostHistoryTypeId,=,5,ph.CreationDate,<=,1409195852#952775
comments c,postHistory ph,votes v#ph.PostId=c.PostId,ph.PostId=v.PostId#c.CreationDate,>=,1280441759,c.CreationDate,<=,1410544057,ph.CreationDate,<=,1409548201#4129206
comments c,postHistory ph,votes v#ph.PostId=c.PostId,ph.PostId=v.PostId#ph.PostHistoryTypeId,=,2,v.VoteTypeId,=,2,v.CreationDate,>=,1279584000#682383
comments c,postHistory ph,votes v#ph.PostId=c.PostId,ph.PostId=v.PostId#ph.PostHistoryTypeId,=,1,v.BountyAmount,>=,0,v.BountyAmount,<=,50#2595
comments c,postHistory ph,votes v#ph.PostId=c.PostId,ph.PostId=v.PostId#ph.PostHistoryTypeId,=,5,v.BountyAmount,>=,0,v.BountyAmount,<=,100#11725
comments c,postHistory ph,votes v#ph.PostId=c.PostId,ph.PostId=v.PostId#c.Score,=,1,c.CreationDate,>=,1283590873,v.VoteTypeId,=,2#518271
comments c,postHistory ph,votes v#ph.PostId=c.PostId,ph.PostId=v.PostId#c.Score,=,0,c.CreationDate,<=,1410041005,v.BountyAmount,<=,50#22195
comments c,postHistory ph,votes v#ph.PostId=c.PostId,ph.PostId=v.PostId#c.CreationDate,>=,1279688984,c.CreationDate,<=,1410371955,ph.PostHistoryTypeId,=,6#247739
comments c,postHistory ph,votes v#ph.PostId=c.PostId,ph.PostId=v.PostId#c.Score,=,0,ph.PostHistoryTypeId,=,2,v.VoteTypeId,=,2#468748
comments c,postHistory ph,votes v#ph.PostId=c.PostId,ph.PostId=v.PostId#c.CreationDate,<=,1410418745,ph.PostHistoryTypeId,=,24,v.VoteTypeId,=,2#80113
comments c,postHistory ph,votes v#ph.PostId=c.PostId,ph.PostId=v.PostId#c.Score,=,2,v.CreationDate,>=,1279584000,v.CreationDate,<=,1410134400#304612
comments c,postHistory ph,votes v#ph.PostId=c.PostId,ph.PostId=v.PostId#c.CreationDate,>=,1281453880,v.VoteTypeId,=,2,v.CreationDate,>=,1279756800#3059884
comments c,postHistory ph,votes v#ph.PostId=c.PostId,ph.PostId=v.PostId#c.CreationDate,>=,1280968390,v.VoteTypeId,=,2,v.CreationDate,>=,1279670400#3073677
comments c,postHistory ph,votes v#ph.PostId=c.PostId,ph.PostId=v.PostId#c.CreationDate,<=,1410270891,v.BountyAmount,>=,0,v.BountyAmount,<=,100#37395
comments c,postHistory ph,votes v#ph.PostId=c.PostId,ph.PostId=v.PostId#ph.CreationDate,>=,1284888748,ph.CreationDate,<=,1409880031,v.BountyAmount,<=,50#27811
comments c,postHistory ph,votes v#ph.PostId=c.PostId,ph.PostId=v.PostId#ph.CreationDate,<=,1408377191,v.CreationDate,>=,1279497600,v.CreationDate,<=,1409702400#4166643
comments c,postHistory ph,votes v#ph.PostId=c.PostId,ph.PostId=v.PostId#ph.PostHistoryTypeId,=,3,v.BountyAmount,>=,0,v.BountyAmount,<=,100#3416
comments c,postHistory ph,votes v#ph.PostId=c.PostId,ph.PostId=v.PostId#c.CreationDate,<=,1409976651,ph.PostHistoryTypeId,=,2,ph.CreationDate,>=,1292305534#735321
comments c,postHistory ph,votes v#ph.PostId=c.PostId,ph.PostId=v.PostId#c.Score,=,0,ph.PostHistoryTypeId,=,10,v.VoteTypeId,=,2#5145
comments c,postHistory ph,votes v#ph.PostId=c.PostId,ph.PostId=v.PostId#c.Score,=,0,ph.PostHistoryTypeId,=,2,v.CreationDate,<=,1410134400#587995
comments c,postHistory ph,votes v#ph.PostId=c.PostId,ph.PostId=v.PostId#ph.CreationDate,>=,1279822283,ph.CreationDate,<=,1406259445,v.VoteTypeId,=,2#2994414
comments c,postHistory ph,votes v#ph.PostId=c.PostId,ph.PostId=v.PostId#c.Score,=,0,ph.CreationDate,>=,1284730268,ph.CreationDate,<=,1409753970#2615015
comments c,postHistory ph,votes v#ph.PostId=c.PostId,ph.PostId=v.PostId#c.Score,=,1,c.CreationDate,<=,1410543514,v.VoteTypeId,=,2#533368
comments c,postHistory ph,votes v#ph.PostId=c.PostId,ph.PostId=v.PostId#c.Score,=,0,v.CreationDate,>=,1279843200,v.CreationDate,<=,1410393600#2782112
comments c,postHistory ph,votes v#ph.PostId=c.PostId,ph.PostId=v.PostId#ph.PostHistoryTypeId,=,2,ph.CreationDate,>=,1298256268,v.CreationDate,>=,1279929600#707894
comments c,postHistory ph,votes v#ph.PostId=c.PostId,ph.PostId=v.PostId#c.Score,=,0,v.VoteTypeId,=,2,v.CreationDate,<=,1409961600#2067788
comments c,postHistory ph,votes v#ph.PostId=c.PostId,ph.PostId=v.PostId#c.Score,=,0,ph.PostHistoryTypeId,=,5,v.VoteTypeId,=,2#764159
comments c,postHistory ph,votes v#ph.PostId=c.PostId,ph.PostId=v.PostId#ph.PostHistoryTypeId,=,5,ph.CreationDate,>=,1292012359,ph.CreationDate,<=,1408377044#1268702
comments c,postHistory ph,votes v#ph.PostId=c.PostId,ph.PostId=v.PostId#c.CreationDate,>=,1279646449,c.CreationDate,<=,1410372470,ph.CreationDate,>=,1282266492#4039600
comments c,postHistory ph,votes v#ph.PostId=c.PostId,ph.PostId=v.PostId#c.CreationDate,<=,1410363539,ph.PostHistoryTypeId,=,1,v.VoteTypeId,=,5#96949
comments c,postHistory ph,votes v#ph.PostId=c.PostId,ph.PostId=v.PostId#c.CreationDate,>=,1283227020,c.CreationDate,<=,1410204372,v.BountyAmount,=,0#3
comments c,postHistory ph,votes v#ph.PostId=c.PostId,ph.PostId=v.PostId#c.Score,=,0,c.CreationDate,<=,1409562452,v.CreationDate,=,1405036800#2324
comments c,postHistory ph,votes v#ph.PostId=c.PostId,ph.PostId=v.PostId#ph.CreationDate,>=,1283495261,ph.CreationDate,<=,1409640472,v.CreationDate,<=,1410220800#3987729
comments c,postHistory ph,votes v#ph.PostId=c.PostId,ph.PostId=v.PostId#v.VoteTypeId,=,2,v.CreationDate,>=,1279670400,v.CreationDate,<=,1410480000#3132510
comments c,postHistory ph,votes v#ph.PostId=c.PostId,ph.PostId=v.PostId#ph.CreationDate,<=,1410431181,v.BountyAmount,>=,0,v.CreationDate,<=,1410220800#41535
comments c,postHistory ph,votes v#ph.PostId=c.PostId,ph.PostId=v.PostId#c.Score,=,0,c.CreationDate,>=,1283087377,v.CreationDate,=,1392595200#5506
comments c,postHistory ph,votes v#ph.PostId=c.PostId,ph.PostId=v.PostId#c.CreationDate,>=,1279715724,c.CreationDate,<=,1410538053,v.VoteTypeId,=,2#3120225
comments c,postHistory ph,votes v#ph.PostId=c.PostId,ph.PostId=v.PostId#c.Score,=,0,ph.PostHistoryTypeId,=,5,v.BountyAmount,>=,0#10398
comments c,postHistory ph,votes v#ph.PostId=c.PostId,ph.PostId=v.PostId#c.Score,=,0,c.CreationDate,>=,1280170512,v.VoteTypeId,=,2#2066170
comments c,postHistory ph,votes v#ph.PostId=c.PostId,ph.PostId=v.PostId#ph.PostHistoryTypeId,=,2,ph.CreationDate,>=,1287574269,v.BountyAmount,<=,100#5110
comments c,postHistory ph,votes v#ph.PostId=c.PostId,ph.PostId=v.PostId#c.CreationDate,<=,1410450749,ph.PostHistoryTypeId,=,1,ph.CreationDate,<=,1406902938#418519
comments c,postHistory ph,votes v#ph.PostId=c.PostId,ph.PostId=v.PostId#c.CreationDate,=,1398415995,v.CreationDate,>=,1280188800,v.CreationDate,<=,1409875200#4
comments c,postHistory ph,votes v#ph.PostId=c.PostId,ph.PostId=v.PostId#c.CreationDate,>=,1279575436,v.CreationDate,>=,1272326400,v.CreationDate,<=,1410220800#4227941
comments c,postHistory ph,votes v#ph.PostId=c.PostId,ph.PostId=v.PostId#c.Score,=,0,ph.CreationDate,<=,1410336205,v.CreationDate,=,1337731200#2111
comments c,postHistory ph,votes v#ph.PostId=c.PostId,ph.PostId=v.PostId#c.Score,=,0,ph.CreationDate,>=,1285693944,ph.CreationDate,<=,1407352713#2560745
comments c,postHistory ph,votes v#ph.PostId=c.PostId,ph.PostId=v.PostId#ph.CreationDate,<=,1405682773,v.BountyAmount,>=,0,v.BountyAmount,<=,50#27215
comments c,postHistory ph,votes v#ph.PostId=c.PostId,ph.PostId=v.PostId#ph.PostHistoryTypeId,=,3,v.BountyAmount,>=,0,v.BountyAmount,<=,150#3566
comments c,postHistory ph,votes v#ph.PostId=c.PostId,ph.PostId=v.PostId#c.Score,=,1,c.CreationDate,<=,1409231014,ph.CreationDate,>=,1281882623#694180
comments c,postHistory ph,votes v#ph.PostId=c.PostId,ph.PostId=v.PostId#c.CreationDate,>=,1280342707,c.CreationDate,<=,1410539422,v.VoteTypeId,=,2#3090641
comments c,postHistory ph,votes v#ph.PostId=c.PostId,ph.PostId=v.PostId#ph.CreationDate,>=,1281749503,v.VoteTypeId,=,2,v.CreationDate,>=,1279843200#3011409
comments c,postHistory ph,votes v#ph.PostId=c.PostId,ph.PostId=v.PostId#c.Score,=,0,ph.PostHistoryTypeId,=,1,ph.CreationDate,>=,1290048702#249535
comments c,postHistory ph,votes v#ph.PostId=c.PostId,ph.PostId=v.PostId#c.CreationDate,>=,1280609057,c.CreationDate,<=,1410544981,v.CreationDate,>=,1279584000#4163607
comments c,postHistory ph,votes v#ph.PostId=c.PostId,ph.PostId=v.PostId#c.Score,=,0,c.CreationDate,>=,1283531043,c.CreationDate,<=,1410502662#2701914
comments c,postHistory ph,votes v#ph.PostId=c.PostId,ph.PostId=v.PostId#c.CreationDate,>=,1279714063,ph.PostHistoryTypeId,=,5,v.CreationDate,<=,1410566400#1407994
comments c,postHistory ph,votes v#ph.PostId=c.PostId,ph.PostId=v.PostId#v.BountyAmount,>=,0,v.BountyAmount,<=,100,v.CreationDate,<=,1410393600#37508
comments c,postHistory ph,votes v#ph.PostId=c.PostId,ph.PostId=v.PostId#ph.CreationDate,>=,1283960977,ph.CreationDate,<=,1407708369,v.BountyAmount,>=,0#40181
comments c,postHistory ph,votes v#ph.PostId=c.PostId,ph.PostId=v.PostId#c.CreationDate,>=,1281107333,c.CreationDate,<=,1410174762,v.VoteTypeId,=,2#3058597
comments c,postHistory ph,votes v#ph.PostId=c.PostId,ph.PostId=v.PostId#c.CreationDate,<=,1410642540,ph.PostHistoryTypeId,=,1,v.CreationDate,<=,1410393600#427231
comments c,postHistory ph,votes v#ph.PostId=c.PostId,ph.PostId=v.PostId#c.CreationDate,>=,1279973763,ph.CreationDate,>=,1282436553,v.VoteTypeId,=,2#2996866
comments c,postHistory ph,votes v#ph.PostId=c.PostId,ph.PostId=v.PostId#v.BountyAmount,>=,0,v.BountyAmount,<=,50,v.CreationDate,<=,1410480000#28377
comments c,postHistory ph,votes v#ph.PostId=c.PostId,ph.PostId=v.PostId#c.Score,=,1,ph.PostHistoryTypeId,=,5,v.BountyAmount,>=,0#1922
comments c,postHistory ph,votes v#ph.PostId=c.PostId,ph.PostId=v.PostId#c.Score,=,0,ph.CreationDate,>=,1280499857,v.CreationDate,<=,1410566400#2729833
comments c,postHistory ph,votes v#ph.PostId=c.PostId,ph.PostId=v.PostId#c.CreationDate,>=,1280257764,ph.CreationDate,<=,1408479396,v.VoteTypeId,=,2#3040051
comments c,postHistory ph,votes v#ph.PostId=c.PostId,ph.PostId=v.PostId#ph.PostHistoryTypeId,=,5,ph.CreationDate,<=,1410527576,v.CreationDate,<=,1410480000#1412438
comments c,postHistory ph,votes v#ph.PostId=c.PostId,ph.PostId=v.PostId#c.CreationDate,>=,1279575261,c.CreationDate,<=,1410592332,v.BountyAmount,<=,50#28377
comments c,postHistory ph,votes v#ph.PostId=c.PostId,ph.PostId=v.PostId#c.Score,=,0,c.CreationDate,>=,1280174981,c.CreationDate,<=,1410391736#2760587
comments c,postHistory ph,votes v#ph.PostId=c.PostId,ph.PostId=v.PostId#ph.PostHistoryTypeId,=,5,v.BountyAmount,<=,50,v.CreationDate,>=,1279584000#8632
comments c,postHistory ph,votes v#ph.PostId=c.PostId,ph.PostId=v.PostId#c.Score,=,4,ph.PostHistoryTypeId,=,3,v.VoteTypeId,=,2#5222
comments c,postHistory ph,votes v#ph.PostId=c.PostId,ph.PostId=v.PostId#c.Score,=,0,v.BountyAmount,>=,0,v.BountyAmount,<=,25#353
comments c,postHistory ph,votes v#ph.PostId=c.PostId,ph.PostId=v.PostId#c.Score,=,0,ph.PostHistoryTypeId,=,5,v.VoteTypeId,=,2#764159
comments c,postHistory ph,votes v#ph.PostId=c.PostId,ph.PostId=v.PostId#c.CreationDate,<=,1410495673,v.VoteTypeId,=,2,v.CreationDate,>=,1279670400#3131502
comments c,postHistory ph,votes v#ph.PostId=c.PostId,ph.PostId=v.PostId#c.Score,=,2,c.CreationDate,>=,1288864556,ph.PostHistoryTypeId,=,3#29470
comments c,postHistory ph,votes v#ph.PostId=c.PostId,ph.PostId=v.PostId#c.Score,=,0,ph.PostHistoryTypeId,=,2,ph.CreationDate,>=,1290604808#526462
comments c,postHistory ph,votes v#ph.PostId=c.PostId,ph.PostId=v.PostId#c.Score,=,1,v.BountyAmount,<=,100,v.CreationDate,>=,1279497600#5378
comments c,postHistory ph,votes v#ph.PostId=c.PostId,ph.PostId=v.PostId#c.CreationDate,<=,1410400940,v.CreationDate,>=,1279584000,v.CreationDate,<=,1410566400#4245490
comments c,postHistory ph,votes v#ph.PostId=c.PostId,ph.PostId=v.PostId#ph.PostHistoryTypeId,=,3,ph.CreationDate,<=,1407448814,v.BountyAmount,>=,0#3641
comments c,postHistory ph,votes v#ph.PostId=c.PostId,ph.PostId=v.PostId#c.Score,=,0,ph.PostHistoryTypeId,=,1,v.VoteTypeId,=,2#194573
comments c,postHistory ph,votes v#ph.PostId=c.PostId,ph.PostId=v.PostId#c.Score,=,10,ph.CreationDate,>=,1279725833,v.BountyAmount,<=,50#13
comments c,postHistory ph,votes v#ph.PostId=c.PostId,ph.PostId=v.PostId#c.Score,=,0,ph.PostHistoryTypeId,=,1,v.VoteTypeId,=,2#194573
comments c,postHistory ph,votes v#ph.PostId=c.PostId,ph.PostId=v.PostId#c.Score,=,1,c.CreationDate,>=,1280247106,c.CreationDate,<=,1409320979#713598
comments c,postHistory ph,votes v#ph.PostId=c.PostId,ph.PostId=v.PostId#v.VoteTypeId,=,2,v.CreationDate,>=,1279584000,v.CreationDate,<=,1410566400#3137554
comments c,postHistory ph,votes v#ph.PostId=c.PostId,ph.PostId=v.PostId#ph.PostHistoryTypeId,=,2,v.VoteTypeId,=,2,v.CreationDate,>=,1279584000#682383
comments c,postHistory ph,votes v#ph.PostId=c.PostId,ph.PostId=v.PostId#c.CreationDate,<=,1410506772,ph.PostHistoryTypeId,=,1,v.VoteTypeId,=,5#97023
comments c,postHistory ph,votes v#ph.PostId=c.PostId,ph.PostId=v.PostId#c.CreationDate,=,1372347120,ph.CreationDate,>=,1279733337,ph.CreationDate,<=,1408946531#7
comments c,postHistory ph,votes v#ph.PostId=c.PostId,ph.PostId=v.PostId#c.CreationDate,>=,1280172981,c.CreationDate,<=,1410539952,ph.CreationDate,<=,1406435383#4070879
comments c,postHistory ph,votes v#ph.PostId=c.PostId,ph.PostId=v.PostId#c.Score,=,1,ph.PostHistoryTypeId,=,5,v.VoteTypeId,=,2#184024
comments c,postHistory ph,votes v#ph.PostId=c.PostId,ph.PostId=v.PostId#c.CreationDate,>=,1279900105,v.VoteTypeId,=,3,v.CreationDate,<=,1409788800#89747
comments c,postHistory ph,votes v#ph.PostId=c.PostId,ph.PostId=v.PostId#c.Score,=,0,ph.CreationDate,<=,1407399887,v.VoteTypeId,=,2#2033733
comments c,postHistory ph,votes v#ph.PostId=c.PostId,ph.PostId=v.PostId#c.CreationDate,<=,1410364421,ph.PostHistoryTypeId,=,1,v.CreationDate,<=,1409961600#424972
comments c,postHistory ph,votes v#ph.PostId=c.PostId,ph.PostId=v.PostId#ph.CreationDate,>=,1280211638,ph.CreationDate,<=,1402996059,v.BountyAmount,<=,50#25714
comments c,postHistory ph,votes v#ph.PostId=c.PostId,ph.PostId=v.PostId#c.CreationDate,<=,1410380420,ph.PostHistoryTypeId,=,5,ph.CreationDate,<=,1405109335#1349129
comments c,postHistory ph,votes v#ph.PostId=c.PostId,ph.PostId=v.PostId#c.Score,=,1,ph.PostHistoryTypeId,=,5,ph.CreationDate,>=,1303304427#207888
comments c,postHistory ph,votes v#ph.PostId=c.PostId,ph.PostId=v.PostId#ph.CreationDate,>=,1298882846,v.VoteTypeId,=,2,v.CreationDate,<=,1410480000#2698356
comments c,postHistory ph,votes v#ph.PostId=c.PostId,ph.PostId=v.PostId#c.Score,=,0,ph.PostHistoryTypeId,=,2,v.BountyAmount,>=,0#4521
comments c,postHistory ph,votes v#ph.PostId=c.PostId,ph.PostId=v.PostId#v.VoteTypeId,=,2,v.CreationDate,>=,1279497600,v.CreationDate,<=,1410566400#3141553
comments c,postHistory ph,votes v#ph.PostId=c.PostId,ph.PostId=v.PostId#c.CreationDate,<=,1410642537,v.CreationDate,>=,1279497600,v.CreationDate,<=,1410220800#4240672
comments c,postHistory ph,votes v#ph.PostId=c.PostId,ph.PostId=v.PostId#c.Score,=,2,c.CreationDate,>=,1279810234,v.CreationDate,<=,1410048000#296413
comments c,postHistory ph,votes v#ph.PostId=c.PostId,ph.PostId=v.PostId#c.CreationDate,>=,1280374212,c.CreationDate,<=,1409774531,ph.CreationDate,<=,1408817762#4113343
comments c,postHistory ph,votes v#ph.PostId=c.PostId,ph.PostId=v.PostId#ph.PostHistoryTypeId,=,3,ph.CreationDate,>=,1283464592,ph.CreationDate,<=,1407400268#388658
comments c,postHistory ph,votes v#ph.PostId=c.PostId,ph.PostId=v.PostId#c.Score,=,0,ph.PostHistoryTypeId,=,24,v.BountyAmount,<=,50#285
comments c,postHistory ph,votes v#ph.PostId=c.PostId,ph.PostId=v.PostId#v.VoteTypeId,=,2,v.CreationDate,>=,1279584000,v.CreationDate,<=,1409184000#3086244
comments c,postHistory ph,votes v#ph.PostId=c.PostId,ph.PostId=v.PostId#c.CreationDate,>=,1282234209,ph.PostHistoryTypeId,=,5,v.CreationDate,=,1286582400#425
comments c,postHistory ph,votes v#ph.PostId=c.PostId,ph.PostId=v.PostId#c.Score,=,1,v.VoteTypeId,=,5,v.CreationDate,<=,1410393600#131703
comments c,postHistory ph,votes v#ph.PostId=c.PostId,ph.PostId=v.PostId#v.VoteTypeId,=,2,v.CreationDate,>=,1279584000,v.CreationDate,<=,1410220800#3127546
comments c,postHistory ph,votes v#ph.PostId=c.PostId,ph.PostId=v.PostId#ph.PostHistoryTypeId,=,2,ph.CreationDate,<=,1407265304,v.CreationDate,<=,1410393600#846494
comments c,postHistory ph,votes v#ph.PostId=c.PostId,ph.PostId=v.PostId#ph.PostHistoryTypeId,=,3,v.CreationDate,>=,1280188800,v.CreationDate,<=,1410134400#423577
comments c,postHistory ph,votes v#ph.PostId=c.PostId,ph.PostId=v.PostId#c.CreationDate,>=,1282750461,c.CreationDate,<=,1409658678,v.VoteTypeId,=,1#78881
comments c,postHistory ph,votes v#ph.PostId=c.PostId,ph.PostId=v.PostId#c.Score,=,0,ph.CreationDate,=,1310649155,v.VoteTypeId,=,1#1
comments c,postHistory ph,votes v#ph.PostId=c.PostId,ph.PostId=v.PostId#c.CreationDate,>=,1279625776,ph.CreationDate,>=,1282136831,v.CreationDate,=,1401494400#1790
comments c,postHistory ph,votes v#ph.PostId=c.PostId,ph.PostId=v.PostId#ph.CreationDate,>=,1302088406,ph.CreationDate,<=,1410202333,v.VoteTypeId,=,2#2616557
comments c,postHistory ph,votes v#ph.PostId=c.PostId,ph.PostId=v.PostId#c.CreationDate,<=,1409758005,ph.PostHistoryTypeId,=,3,v.BountyAmount,>=,0#3696
comments c,postHistory ph,votes v#ph.PostId=c.PostId,ph.PostId=v.PostId#c.CreationDate,>=,1280708867,ph.PostHistoryTypeId,=,2,v.BountyAmount,>=,0#5714
comments c,postHistory ph,votes v#ph.PostId=c.PostId,ph.PostId=v.PostId#ph.PostHistoryTypeId,=,2,v.BountyAmount,>=,0,v.BountyAmount,<=,50#4010
comments c,postHistory ph,votes v#ph.PostId=c.PostId,ph.PostId=v.PostId#c.CreationDate,>=,1280239353,ph.PostHistoryTypeId,=,5,v.CreationDate,>=,1279584000#1399671
comments c,posts p,postLinks pl,votes v#p.Id=c.PostId,c.PostId=pl.PostId,pl.PostId=v.PostId#p.Score,>=,-1,pl.LinkTypeId,=,1,v.BountyAmount,<=,50#1222
comments c,posts p,postLinks pl,votes v#p.Id=c.PostId,c.PostId=pl.PostId,pl.PostId=v.PostId#p.Score,<=,41,p.ViewCount,>=,0,p.ViewCount,<=,3839#174420
comments c,posts p,postLinks pl,votes v#p.Id=c.PostId,c.PostId=pl.PostId,pl.PostId=v.PostId#c.Score,=,0,p.Score,<=,24,p.AnswerCount,<=,5#111830
comments c,posts p,postLinks pl,votes v#p.Id=c.PostId,c.PostId=pl.PostId,pl.PostId=v.PostId#p.ViewCount,<=,1928,p.CommentCount,=,4,p.CreationDate,<=,1408353796#14852
comments c,posts p,postLinks pl,votes v#p.Id=c.PostId,c.PostId=pl.PostId,pl.PostId=v.PostId#p.AnswerCount,>=,0,p.FavoriteCount,<=,5,v.VoteTypeId,=,2#62979
comments c,posts p,postLinks pl,votes v#p.Id=c.PostId,c.PostId=pl.PostId,pl.PostId=v.PostId#c.Score,=,0,c.CreationDate,>=,1279705214,v.VoteTypeId,=,2#109116
comments c,posts p,postLinks pl,votes v#p.Id=c.PostId,c.PostId=pl.PostId,pl.PostId=v.PostId#p.FavoriteCount,<=,9,pl.CreationDate,>=,1286473342,v.VoteTypeId,=,2#79683
comments c,posts p,postLinks pl,votes v#p.Id=c.PostId,c.PostId=pl.PostId,pl.PostId=v.PostId#c.Score,=,0,p.Score,<=,15,pl.CreationDate,>=,1280664514#101613
comments c,posts p,postLinks pl,votes v#p.Id=c.PostId,c.PostId=pl.PostId,pl.PostId=v.PostId#p.AnswerCount,<=,7,pl.CreationDate,>=,1298631767,v.CreationDate,<=,1410566400#193663
comments c,posts p,postLinks pl,votes v#p.Id=c.PostId,c.PostId=pl.PostId,pl.PostId=v.PostId#c.CreationDate,=,1342634724,p.PostTypeId,=,1,v.CreationDate,>=,1280188800#7
comments c,posts p,postLinks pl,votes v#p.Id=c.PostId,c.PostId=pl.PostId,pl.PostId=v.PostId#p.CommentCount,<=,17,p.FavoriteCount,>=,0,pl.LinkTypeId,=,1#225275
comments c,posts p,postLinks pl,votes v#p.Id=c.PostId,c.PostId=pl.PostId,pl.PostId=v.PostId#p.Score,>=,0,p.FavoriteCount,=,0,pl.LinkTypeId,=,1#2731
comments c,posts p,postLinks pl,votes v#p.Id=c.PostId,c.PostId=pl.PostId,pl.PostId=v.PostId#p.AnswerCount,>=,0,v.CreationDate,>=,1279584000,v.CreationDate,<=,1409961600#280218
comments c,posts p,postLinks pl,votes v#p.Id=c.PostId,c.PostId=pl.PostId,pl.PostId=v.PostId#p.CommentCount,>=,0,p.CommentCount,<=,15,v.CreationDate,<=,1410566400#253344
comments c,posts p,postLinks pl,votes v#p.Id=c.PostId,c.PostId=pl.PostId,pl.PostId=v.PostId#p.CreationDate,>=,1287504057,p.CreationDate,<=,1410553932,pl.CreationDate,<=,1408459688#221948
comments c,posts p,postLinks pl,votes v#p.Id=c.PostId,c.PostId=pl.PostId,pl.PostId=v.PostId#p.CommentCount,>=,0,p.CommentCount,<=,8,pl.LinkTypeId,=,1#179082
comments c,posts p,postLinks pl,votes v#p.Id=c.PostId,c.PostId=pl.PostId,pl.PostId=v.PostId#p.CreationDate,>=,1281608379,p.CreationDate,<=,1410610932,v.VoteTypeId,=,2#165566
comments c,posts p,postLinks pl,votes v#p.Id=c.PostId,c.PostId=pl.PostId,pl.PostId=v.PostId#p.AnswerCount,>=,0,p.CommentCount,=,6,v.VoteTypeId,=,2#18612
comments c,posts p,postLinks pl,votes v#p.Id=c.PostId,c.PostId=pl.PostId,pl.PostId=v.PostId#p.PostTypeId,=,1,p.CreationDate,>=,1279733337,pl.CreationDate,<=,1408635261#262885
comments c,posts p,postLinks pl,votes v#p.Id=c.PostId,c.PostId=pl.PostId,pl.PostId=v.PostId#c.Score,=,0,p.AnswerCount,<=,4,p.FavoriteCount,<=,2#35533
comments c,posts p,postLinks pl,votes v#p.Id=c.PostId,c.PostId=pl.PostId,pl.PostId=v.PostId#c.Score,=,0,p.FavoriteCount,>=,0,p.FavoriteCount,<=,7#70733
comments c,posts p,postLinks pl,votes v#p.Id=c.PostId,c.PostId=pl.PostId,pl.PostId=v.PostId#p.AnswerCount,>=,0,p.AnswerCount,<=,2,p.FavoriteCount,<=,12#79102
comments c,posts p,postLinks pl,votes v#p.Id=c.PostId,c.PostId=pl.PostId,pl.PostId=v.PostId#c.Score,=,0,v.VoteTypeId,=,5,v.CreationDate,>=,1279584000#46259
comments c,posts p,postLinks pl,votes v#p.Id=c.PostId,c.PostId=pl.PostId,pl.PostId=v.PostId#p.AnswerCount,>=,0,pl.LinkTypeId,=,1,v.VoteTypeId,=,2#178201
comments c,posts p,postLinks pl,votes v#p.Id=c.PostId,c.PostId=pl.PostId,pl.PostId=v.PostId#c.CreationDate,<=,1410659111,p.ViewCount,>=,0,p.FavoriteCount,=,0#3057
comments c,posts p,postLinks pl,votes v#p.Id=c.PostId,c.PostId=pl.PostId,pl.PostId=v.PostId#p.PostTypeId,=,1,p.Score,>=,-1,pl.CreationDate,>=,1296493780#256376
comments c,posts p,postLinks pl,votes v#p.Id=c.PostId,c.PostId=pl.PostId,pl.PostId=v.PostId#p.Score,>=,-1,p.Score,<=,33,pl.LinkTypeId,=,1#200615
comments c,posts p,postLinks pl,votes v#p.Id=c.PostId,c.PostId=pl.PostId,pl.PostId=v.PostId#c.CreationDate,>=,1284164490,c.CreationDate,<=,1410639062,p.FavoriteCount,>=,0#222533
comments c,posts p,postLinks pl,votes v#p.Id=c.PostId,c.PostId=pl.PostId,pl.PostId=v.PostId#c.CreationDate,>=,1280497397,p.PostTypeId,=,1,p.ViewCount,<=,2276#146377
comments c,posts p,postLinks pl,votes v#p.Id=c.PostId,c.PostId=pl.PostId,pl.PostId=v.PostId#p.CreationDate,>=,1280202405,pl.LinkTypeId,=,1,v.VoteTypeId,=,2#168424
comments c,posts p,postLinks pl,votes v#p.Id=c.PostId,c.PostId=pl.PostId,pl.PostId=v.PostId#c.Score,=,0,pl.LinkTypeId,=,1,v.BountyAmount,>=,0#1226
comments c,posts p,postLinks pl,votes v#p.Id=c.PostId,c.PostId=pl.PostId,pl.PostId=v.PostId#p.CommentCount,>=,0,p.CommentCount,<=,11,v.CreationDate,<=,1410480000#233953
comments c,posts p,postLinks pl,votes v#p.Id=c.PostId,c.PostId=pl.PostId,pl.PostId=v.PostId#c.CreationDate,>=,1280929166,pl.LinkTypeId,=,1,pl.CreationDate,>=,1301216940#237984
comments c,posts p,postLinks pl,votes v#p.Id=c.PostId,c.PostId=pl.PostId,pl.PostId=v.PostId#c.CreationDate,>=,1280174094,c.CreationDate,<=,1410366186,v.BountyAmount,>=,0#1724
comments c,posts p,postLinks pl,votes v#p.Id=c.PostId,c.PostId=pl.PostId,pl.PostId=v.PostId#p.Score,>=,-1,p.CommentCount,>=,0,pl.CreationDate,<=,1405556118#270130
comments c,posts p,postLinks pl,votes v#p.Id=c.PostId,c.PostId=pl.PostId,pl.PostId=v.PostId#c.CreationDate,>=,1282742777,c.CreationDate,<=,1410528488,p.ViewCount,<=,4609#184006
comments c,posts p,postLinks pl,votes v#p.Id=c.PostId,c.PostId=pl.PostId,pl.PostId=v.PostId#p.AnswerCount,<=,6,p.FavoriteCount,<=,4,v.BountyAmount,<=,50#491
comments c,posts p,postLinks pl,votes v#p.Id=c.PostId,c.PostId=pl.PostId,pl.PostId=v.PostId#p.ViewCount,>=,0,pl.LinkTypeId,=,1,v.CreationDate,>=,1279497600#277439
comments c,posts p,postLinks pl,votes v#p.Id=c.PostId,c.PostId=pl.PostId,pl.PostId=v.PostId#c.Score,=,1,p.AnswerCount,>=,0,v.BountyAmount,<=,500#315
comments c,posts p,postLinks pl,votes v#p.Id=c.PostId,c.PostId=pl.PostId,pl.PostId=v.PostId#p.CommentCount,>=,0,p.CommentCount,<=,11,v.VoteTypeId,=,2#148921
comments c,posts p,postLinks pl,votes v#p.Id=c.PostId,c.PostId=pl.PostId,pl.PostId=v.PostId#p.ViewCount,>=,0,p.ViewCount,<=,2641,p.FavoriteCount,<=,4#74646
comments c,posts p,postLinks pl,votes v#p.Id=c.PostId,c.PostId=pl.PostId,pl.PostId=v.PostId#p.Score,=,9,pl.CreationDate,<=,1405624317,v.BountyAmount,<=,50#61
comments c,posts p,postLinks pl,votes v#p.Id=c.PostId,c.PostId=pl.PostId,pl.PostId=v.PostId#c.Score,=,0,c.CreationDate,>=,1280046130,pl.LinkTypeId,=,1#162084
comments c,posts p,postLinks pl,votes v#p.Id=c.PostId,c.PostId=pl.PostId,pl.PostId=v.PostId#p.FavoriteCount,>=,0,v.BountyAmount,>=,0,v.BountyAmount,<=,50#950
comments c,posts p,postLinks pl,votes v#p.Id=c.PostId,c.PostId=pl.PostId,pl.PostId=v.PostId#p.CreationDate,<=,1410263759,pl.CreationDate,>=,1327457820,pl.CreationDate,<=,1407248263#208130
comments c,posts p,postLinks pl,votes v#p.Id=c.PostId,c.PostId=pl.PostId,pl.PostId=v.PostId#c.Score,=,1,p.FavoriteCount,<=,5,p.CreationDate,<=,1409402167#16990
comments c,posts p,postLinks pl,votes v#p.Id=c.PostId,c.PostId=pl.PostId,pl.PostId=v.PostId#p.AnswerCount,>=,0,p.CommentCount,>=,0,pl.LinkTypeId,=,1#277439
comments c,posts p,postLinks pl,votes v#p.Id=c.PostId,c.PostId=pl.PostId,pl.PostId=v.PostId#p.AnswerCount,<=,5,pl.CreationDate,<=,1409694506,v.VoteTypeId,=,2#125367
comments c,posts p,postLinks pl,votes v#p.Id=c.PostId,c.PostId=pl.PostId,pl.PostId=v.PostId#p.ViewCount,>=,0,p.FavoriteCount,=,1,pl.LinkTypeId,=,1#30198
comments c,posts p,postLinks pl,votes v#p.Id=c.PostId,c.PostId=pl.PostId,pl.PostId=v.PostId#p.AnswerCount,=,0,p.CreationDate,<=,1410327011,v.VoteTypeId,=,2#10610
comments c,posts p,postLinks pl,votes v#p.Id=c.PostId,c.PostId=pl.PostId,pl.PostId=v.PostId#p.ViewCount,<=,2251,pl.CreationDate,>=,1329992635,v.BountyAmount,>=,0#1298
comments c,posts p,postLinks pl,votes v#p.Id=c.PostId,c.PostId=pl.PostId,pl.PostId=v.PostId#p.AnswerCount,>=,0,v.BountyAmount,>=,0,v.BountyAmount,<=,50#1222
comments c,posts p,postLinks pl,votes v#p.Id=c.PostId,c.PostId=pl.PostId,pl.PostId=v.PostId#p.PostTypeId,=,1,p.Score,>=,-1,p.Score,<=,15#148684
comments c,posts p,postLinks pl,votes v#p.Id=c.PostId,c.PostId=pl.PostId,pl.PostId=v.PostId#p.CreationDate,<=,1408953920,pl.LinkTypeId,=,1,v.VoteTypeId,=,2#176396
comments c,posts p,postLinks pl,votes v#p.Id=c.PostId,c.PostId=pl.PostId,pl.PostId=v.PostId#pl.LinkTypeId,=,1,pl.CreationDate,>=,1317995774,pl.CreationDate,<=,1407341207#216960
comments c,posts p,postLinks pl,votes v#p.Id=c.PostId,c.PostId=pl.PostId,pl.PostId=v.PostId#c.Score,=,1,p.ViewCount,>=,0,pl.CreationDate,<=,1409637749#53358
comments c,posts p,postLinks pl,votes v#p.Id=c.PostId,c.PostId=pl.PostId,pl.PostId=v.PostId#p.ViewCount,>=,0,p.ViewCount,<=,1063,pl.CreationDate,>=,1325567535#102940
comments c,posts p,postLinks pl,votes v#p.Id=c.PostId,c.PostId=pl.PostId,pl.PostId=v.PostId#c.Score,=,0,p.AnswerCount,>=,0,p.FavoriteCount,<=,13#87437
comments c,posts p,postLinks pl,votes v#p.Id=c.PostId,c.PostId=pl.PostId,pl.PostId=v.PostId#p.PostTypeId,=,1,v.BountyAmount,>=,0,v.BountyAmount,<=,100#1588
comments c,posts p,postLinks pl,votes v#p.Id=c.PostId,c.PostId=pl.PostId,pl.PostId=v.PostId#p.ViewCount,>=,0,pl.CreationDate,>=,1303863390,v.BountyAmount,<=,400#1629
comments c,posts p,postLinks pl,votes v#p.Id=c.PostId,c.PostId=pl.PostId,pl.PostId=v.PostId#p.CommentCount,<=,8,pl.LinkTypeId,=,1,v.VoteTypeId,=,2#115897
comments c,posts p,postLinks pl,votes v#p.Id=c.PostId,c.PostId=pl.PostId,pl.PostId=v.PostId#p.AnswerCount,<=,4,p.FavoriteCount,<=,14,pl.LinkTypeId,=,1#117594
comments c,posts p,postLinks pl,votes v#p.Id=c.PostId,c.PostId=pl.PostId,pl.PostId=v.PostId#p.Score,>=,-1,p.ViewCount,>=,0,v.VoteTypeId,=,5#84172
comments c,posts p,postLinks pl,votes v#p.Id=c.PostId,c.PostId=pl.PostId,pl.PostId=v.PostId#c.Score,=,0,p.ViewCount,=,1197,v.VoteTypeId,=,2#12
comments c,posts p,postLinks pl,votes v#p.Id=c.PostId,c.PostId=pl.PostId,pl.PostId=v.PostId#p.FavoriteCount,=,0,v.CreationDate,>=,1279497600,v.CreationDate,<=,1410566400#3057
comments c,posts p,postLinks pl,votes v#p.Id=c.PostId,c.PostId=pl.PostId,pl.PostId=v.PostId#p.ViewCount,>=,0,p.ViewCount,<=,2606,p.CommentCount,>=,0#154943
comments c,posts p,postLinks pl,votes v#p.Id=c.PostId,c.PostId=pl.PostId,pl.PostId=v.PostId#p.ViewCount,<=,9075,p.FavoriteCount,=,0,pl.LinkTypeId,=,1#2896
comments c,posts p,postLinks pl,votes v#p.Id=c.PostId,c.PostId=pl.PostId,pl.PostId=v.PostId#c.Score,=,0,p.AnswerCount,>=,0,p.CommentCount,>=,0#167172
comments c,posts p,postLinks pl,votes v#p.Id=c.PostId,c.PostId=pl.PostId,pl.PostId=v.PostId#c.Score,=,0,p.CommentCount,>=,0,v.VoteTypeId,=,2#109322
comments c,posts p,postLinks pl,votes v#p.Id=c.PostId,c.PostId=pl.PostId,pl.PostId=v.PostId#p.Score,=,3,p.CommentCount,>=,0,p.CommentCount,<=,13#14542
comments c,posts p,postLinks pl,votes v#p.Id=c.PostId,c.PostId=pl.PostId,pl.PostId=v.PostId#c.CreationDate,<=,1410302237,p.Score,=,0,pl.LinkTypeId,=,1#3951
comments c,posts p,postLinks pl,votes v#p.Id=c.PostId,c.PostId=pl.PostId,pl.PostId=v.PostId#c.CreationDate,<=,1410444369,p.Score,<=,14,pl.CreationDate,<=,1409063494#144437
comments c,posts p,postLinks pl,votes v#p.Id=c.PostId,c.PostId=pl.PostId,pl.PostId=v.PostId#p.CommentCount,>=,0,p.CommentCount,<=,12,p.FavoriteCount,<=,4#69655
comments c,posts p,postLinks pl,votes v#p.Id=c.PostId,c.PostId=pl.PostId,pl.PostId=v.PostId#c.CreationDate,>=,1279693025,p.PostTypeId,=,1,p.ViewCount,>=,0#280583
comments c,posts p,postLinks pl,votes v#p.Id=c.PostId,c.PostId=pl.PostId,pl.PostId=v.PostId#c.CreationDate,<=,1410380291,p.ViewCount,>=,0,v.CreationDate,>=,1279497600#282648
comments c,posts p,postLinks pl,users u#p.Id=c.PostId,p.Id=pl.RelatedPostId,p.OwnerUserId=u.Id#p.Score,>=,0,p.FavoriteCount,=,0,u.DownVotes,>=,0#579
comments c,posts p,postLinks pl,users u#p.Id=c.PostId,p.Id=pl.RelatedPostId,p.OwnerUserId=u.Id#p.CreationDate,>=,1281887256,p.CreationDate,<=,1410450842,u.Reputation,>=,1#30278
comments c,posts p,postLinks pl,users u#p.Id=c.PostId,p.Id=pl.RelatedPostId,p.OwnerUserId=u.Id#p.CreationDate,>=,1279793475,pl.LinkTypeId,=,1,u.CreationDate,<=,1409639765#28748
comments c,posts p,postLinks pl,users u#p.Id=c.PostId,p.Id=pl.RelatedPostId,p.OwnerUserId=u.Id#c.Score,=,0,p.Score,>=,-1,u.CreationDate,<=,1407819483#20074
comments c,posts p,postLinks pl,users u#p.Id=c.PostId,p.Id=pl.RelatedPostId,p.OwnerUserId=u.Id#p.ViewCount,<=,14423,p.CommentCount,<=,14,pl.CreationDate,<=,1408544967#25836
comments c,posts p,postLinks pl,users u#p.Id=c.PostId,p.Id=pl.RelatedPostId,p.OwnerUserId=u.Id#p.ViewCount,=,105,p.CreationDate,>=,1279694016,u.DownVotes,>=,0#19
comments c,posts p,postLinks pl,users u#p.Id=c.PostId,p.Id=pl.RelatedPostId,p.OwnerUserId=u.Id#c.Score,=,0,p.CommentCount,<=,15,pl.CreationDate,<=,1402322111#16447
comments c,posts p,postLinks pl,users u#p.Id=c.PostId,p.Id=pl.RelatedPostId,p.OwnerUserId=u.Id#c.Score,=,0,p.Score,>=,-2,u.UpVotes,>=,0#20169
comments c,posts p,postLinks pl,users u#p.Id=c.PostId,p.Id=pl.RelatedPostId,p.OwnerUserId=u.Id#p.CommentCount,>=,0,pl.CreationDate,<=,1410268819,u.DownVotes,>=,0#32547
comments c,posts p,postLinks pl,users u#p.Id=c.PostId,p.Id=pl.RelatedPostId,p.OwnerUserId=u.Id#c.Score,=,0,pl.CreationDate,>=,1296251925,u.DownVotes,<=,0#13510
comments c,posts p,postLinks pl,users u#p.Id=c.PostId,p.Id=pl.RelatedPostId,p.OwnerUserId=u.Id#p.ViewCount,>=,0,p.CommentCount,>=,0,p.CreationDate,<=,1410131660#32694
comments c,posts p,postLinks pl,users u#p.Id=c.PostId,p.Id=pl.RelatedPostId,p.OwnerUserId=u.Id#p.FavoriteCount,=,0,u.UpVotes,>=,0,u.CreationDate,>=,1279741873#596
comments c,posts p,postLinks pl,users u#p.Id=c.PostId,p.Id=pl.RelatedPostId,p.OwnerUserId=u.Id#p.AnswerCount,>=,0,p.AnswerCount,<=,9,pl.CreationDate,<=,1407410004#28029
comments c,posts p,postLinks pl,users u#p.Id=c.PostId,p.Id=pl.RelatedPostId,p.OwnerUserId=u.Id#p.CreationDate,>=,1280068405,u.Reputation,<=,393,u.Views,>=,0#17499
comments c,posts p,postLinks pl,users u#p.Id=c.PostId,p.Id=pl.RelatedPostId,p.OwnerUserId=u.Id#c.CreationDate,<=,1409910529,pl.CreationDate,<=,1410423576,u.Reputation,<=,372#17350
comments c,posts p,postLinks pl,users u#p.Id=c.PostId,p.Id=pl.RelatedPostId,p.OwnerUserId=u.Id#p.PostTypeId,=,1,pl.CreationDate,<=,1404114666,u.Views,>=,0#29606
comments c,posts p,postLinks pl,users u#p.Id=c.PostId,p.Id=pl.RelatedPostId,p.OwnerUserId=u.Id#p.FavoriteCount,<=,3,p.CreationDate,>=,1280843659,p.CreationDate,<=,1410259853#9445
comments c,posts p,postLinks pl,users u#p.Id=c.PostId,p.Id=pl.RelatedPostId,p.OwnerUserId=u.Id#c.Score,=,0,pl.LinkTypeId,=,1,u.Views,<=,25#7747
comments c,posts p,postLinks pl,users u#p.Id=c.PostId,p.Id=pl.RelatedPostId,p.OwnerUserId=u.Id#c.Score,=,0,c.CreationDate,>=,1280938244,p.CreationDate,>=,1281673635#18998
comments c,posts p,postLinks pl,users u#p.Id=c.PostId,p.Id=pl.RelatedPostId,p.OwnerUserId=u.Id#p.Score,>=,-1,p.Score,<=,23,pl.CreationDate,<=,1403386419#21841
comments c,posts p,postLinks pl,users u#p.Id=c.PostId,p.Id=pl.RelatedPostId,p.OwnerUserId=u.Id#p.Score,>=,-4,u.Reputation,>=,1,u.UpVotes,=,0#5942
comments c,posts p,postLinks pl,users u#p.Id=c.PostId,p.Id=pl.RelatedPostId,p.OwnerUserId=u.Id#c.Score,=,0,u.Reputation,=,108,u.CreationDate,<=,1405937589#109
comments c,posts p,postLinks pl,users u#p.Id=c.PostId,p.Id=pl.RelatedPostId,p.OwnerUserId=u.Id#c.CreationDate,<=,1409873431,p.FavoriteCount,<=,15,u.Reputation,<=,3680#16792
comments c,posts p,postLinks pl,users u#p.Id=c.PostId,p.Id=pl.RelatedPostId,p.OwnerUserId=u.Id#c.CreationDate,<=,1410428153,u.Reputation,=,1,u.UpVotes,>=,0#215
comments c,posts p,postLinks pl,users u#p.Id=c.PostId,p.Id=pl.RelatedPostId,p.OwnerUserId=u.Id#pl.LinkTypeId,=,1,u.Views,=,0,u.UpVotes,<=,32#427
comments c,posts p,postLinks pl,users u#p.Id=c.PostId,p.Id=pl.RelatedPostId,p.OwnerUserId=u.Id#p.PostTypeId,=,1,p.FavoriteCount,>=,0,pl.CreationDate,>=,1334599884#22157
comments c,posts p,postLinks pl,users u#p.Id=c.PostId,p.Id=pl.RelatedPostId,p.OwnerUserId=u.Id#p.FavoriteCount,<=,12,u.Reputation,>=,1,u.UpVotes,=,0#3102
comments c,posts p,postLinks pl,users u#p.Id=c.PostId,p.Id=pl.RelatedPostId,p.OwnerUserId=u.Id#c.CreationDate,>=,1280553539,p.CommentCount,<=,11,u.DownVotes,<=,2#22743
comments c,posts p,postLinks pl,users u#p.Id=c.PostId,p.Id=pl.RelatedPostId,p.OwnerUserId=u.Id#pl.LinkTypeId,=,1,u.Reputation,=,1,u.CreationDate,>=,1284303749#183
comments c,posts p,postLinks pl,users u#p.Id=c.PostId,p.Id=pl.RelatedPostId,p.OwnerUserId=u.Id#p.ViewCount,>=,0,p.CreationDate,>=,1286454623,p.CreationDate,<=,1410356485#28383
comments c,posts p,postLinks pl,users u#p.Id=c.PostId,p.Id=pl.RelatedPostId,p.OwnerUserId=u.Id#c.Score,=,0,p.Score,>=,-2,pl.LinkTypeId,=,1#18538
comments c,posts p,postLinks pl,users u#p.Id=c.PostId,p.Id=pl.RelatedPostId,p.OwnerUserId=u.Id#p.PostTypeId,=,1,p.AnswerCount,<=,5,pl.CreationDate,<=,1409802573#25687
comments c,posts p,postLinks pl,users u#p.Id=c.PostId,p.Id=pl.RelatedPostId,p.OwnerUserId=u.Id#p.Score,>=,-1,p.AnswerCount,>=,0,p.AnswerCount,<=,4#24110
comments c,posts p,postLinks pl,users u#p.Id=c.PostId,p.Id=pl.RelatedPostId,p.OwnerUserId=u.Id#c.CreationDate,<=,1410316443,pl.LinkTypeId,=,1,u.DownVotes,<=,0#18747
comments c,posts p,postLinks pl,users u#p.Id=c.PostId,p.Id=pl.RelatedPostId,p.OwnerUserId=u.Id#p.ViewCount,<=,2794,p.FavoriteCount,>=,0,u.DownVotes,>=,0#14168
comments c,posts p,postLinks pl,users u#p.Id=c.PostId,p.Id=pl.RelatedPostId,p.OwnerUserId=u.Id#c.CreationDate,<=,1410450810,p.ViewCount,>=,0,pl.LinkTypeId,=,1#29838
comments c,posts p,postLinks pl,users u#p.Id=c.PostId,p.Id=pl.RelatedPostId,p.OwnerUserId=u.Id#pl.LinkTypeId,=,3,u.CreationDate,>=,1323197538,u.CreationDate,<=,1406818517#1219
comments c,posts p,postLinks pl,users u#p.Id=c.PostId,p.Id=pl.RelatedPostId,p.OwnerUserId=u.Id#p.CommentCount,<=,9,p.CreationDate,<=,1410184706,u.UpVotes,>=,0#26598
comments c,posts p,postLinks pl,users u#p.Id=c.PostId,p.Id=pl.RelatedPostId,p.OwnerUserId=u.Id#p.ViewCount,=,67,p.AnswerCount,>=,0,u.Views,>=,0#42
comments c,posts p,postLinks pl,users u#p.Id=c.PostId,p.Id=pl.RelatedPostId,p.OwnerUserId=u.Id#pl.LinkTypeId,=,1,pl.CreationDate,>=,1329950631,u.Views,<=,90#17259
comments c,posts p,postLinks pl,users u#p.Id=c.PostId,p.Id=pl.RelatedPostId,p.OwnerUserId=u.Id#p.PostTypeId,=,1,p.CommentCount,>=,0,u.DownVotes,>=,0#32699
comments c,posts p,postLinks pl,users u#p.Id=c.PostId,p.Id=pl.RelatedPostId,p.OwnerUserId=u.Id#p.Score,>=,-3,p.CommentCount,>=,0,u.Reputation,<=,233#13749
comments c,posts p,postLinks pl,users u#p.Id=c.PostId,p.Id=pl.RelatedPostId,p.OwnerUserId=u.Id#p.FavoriteCount,>=,0,p.FavoriteCount,<=,3,u.Reputation,=,16#125
comments c,posts p,postLinks pl,users u#p.Id=c.PostId,p.Id=pl.RelatedPostId,p.OwnerUserId=u.Id#p.AnswerCount,>=,0,p.FavoriteCount,<=,12,pl.LinkTypeId,=,1#16212
comments c,posts p,postLinks pl,users u#p.Id=c.PostId,p.Id=pl.RelatedPostId,p.OwnerUserId=u.Id#c.CreationDate,<=,1410170213,p.AnswerCount,<=,6,p.FavoriteCount,<=,4#10923
comments c,posts p,postLinks pl,users u#p.Id=c.PostId,p.Id=pl.RelatedPostId,p.OwnerUserId=u.Id#p.Score,>=,-2,p.FavoriteCount,<=,9,p.CreationDate,<=,1409785558#16386
comments c,posts p,postLinks pl,users u#p.Id=c.PostId,p.Id=pl.RelatedPostId,p.OwnerUserId=u.Id#p.PostTypeId,=,2,p.Score,>=,-2,p.CommentCount,<=,13#14
comments c,posts p,postLinks pl,users u#p.Id=c.PostId,p.Id=pl.RelatedPostId,p.OwnerUserId=u.Id#p.Score,>=,0,p.Score,<=,33,u.Reputation,=,1#181
comments c,posts p,postLinks pl,users u#p.Id=c.PostId,p.Id=pl.RelatedPostId,p.OwnerUserId=u.Id#c.CreationDate,>=,1279569378,p.Score,>=,-2,p.Score,<=,50#29131
comments c,posts p,postLinks pl,users u#p.Id=c.PostId,p.Id=pl.RelatedPostId,p.OwnerUserId=u.Id#c.Score,=,0,p.FavoriteCount,>=,0,p.FavoriteCount,<=,21#13268
comments c,posts p,postLinks pl,users u#p.Id=c.PostId,p.Id=pl.RelatedPostId,p.OwnerUserId=u.Id#c.Score,=,0,p.CommentCount,<=,12,u.Reputation,>=,1#18120
comments c,posts p,postLinks pl,users u#p.Id=c.PostId,p.Id=pl.RelatedPostId,p.OwnerUserId=u.Id#c.CreationDate,>=,1280941378,c.CreationDate,<=,1410284389,pl.LinkTypeId,=,1#29029
comments c,posts p,votes v,users u#u.Id=c.UserId,u.Id=p.OwnerUserId,u.Id=v.UserId#c.CreationDate,<=,1410384694,p.ViewCount,<=,45297,p.FavoriteCount,>=,0#88998603
comments c,posts p,votes v,users u#u.Id=c.UserId,u.Id=p.OwnerUserId,u.Id=v.UserId#p.ViewCount,>=,0,p.FavoriteCount,>=,0,p.FavoriteCount,<=,2#38015125
comments c,posts p,votes v,users u#u.Id=c.UserId,u.Id=p.OwnerUserId,u.Id=v.UserId#p.ViewCount,>=,0,p.FavoriteCount,>=,0,p.FavoriteCount,<=,3#50264381
comments c,posts p,votes v,users u#u.Id=c.UserId,u.Id=p.OwnerUserId,u.Id=v.UserId#p.FavoriteCount,>=,0,u.Views,>=,0,u.DownVotes,=,0#4532304
comments c,posts p,votes v,users u#u.Id=c.UserId,u.Id=p.OwnerUserId,u.Id=v.UserId#v.BountyAmount,>=,0,v.BountyAmount,<=,50,v.CreationDate,>=,1279584000#411730602
comments c,posts p,votes v,users u#u.Id=c.UserId,u.Id=p.OwnerUserId,u.Id=v.UserId#c.CreationDate,<=,1410592332,p.PostTypeId,=,1,p.FavoriteCount,>=,0#89241440
comments c,posts p,votes v,users u#u.Id=c.UserId,u.Id=p.OwnerUserId,u.Id=v.UserId#c.Score,=,2,v.VoteTypeId,=,5,u.Views,>=,0#791050190
comments c,posts p,votes v,users u#u.Id=c.UserId,u.Id=p.OwnerUserId,u.Id=v.UserId#p.FavoriteCount,<=,5,v.BountyAmount,>=,0,u.Views,<=,11#2470
comments c,posts p,votes v,users u#u.Id=c.UserId,u.Id=p.OwnerUserId,u.Id=v.UserId#c.CreationDate,<=,1410377128,p.PostTypeId,=,1,u.Reputation,=,101#353
comments c,posts p,votes v,users u#u.Id=c.UserId,u.Id=p.OwnerUserId,u.Id=v.UserId#u.Reputation,>=,1,u.CreationDate,>=,1285486105,u.CreationDate,<=,1409249864#1499781698
comments c,posts p,votes v,users u#u.Id=c.UserId,u.Id=p.OwnerUserId,u.Id=v.UserId#p.FavoriteCount,=,0,p.CreationDate,>=,1282845763,u.DownVotes,<=,2#369801
comments c,posts p,votes v,users u#u.Id=c.UserId,u.Id=p.OwnerUserId,u.Id=v.UserId#p.PostTypeId,=,1,p.Score,>=,-2,u.Views,<=,94#4513826
comments c,posts p,votes v,users u#u.Id=c.UserId,u.Id=p.OwnerUserId,u.Id=v.UserId#c.Score,=,3,p.CreationDate,<=,1410298944,u.Views,<=,1225#5421906
comments c,posts p,votes v,users u#u.Id=c.UserId,u.Id=p.OwnerUserId,u.Id=v.UserId#p.FavoriteCount,<=,31,u.Views,<=,78,u.UpVotes,>=,0#1507034
comments c,posts p,votes v,users u#u.Id=c.UserId,u.Id=p.OwnerUserId,u.Id=v.UserId#c.Score,=,0,p.Score,>=,-1,u.UpVotes,<=,119#12210068
comments c,posts p,votes v,users u#u.Id=c.UserId,u.Id=p.OwnerUserId,u.Id=v.UserId#p.ViewCount,<=,3593,p.AnswerCount,<=,3,v.CreationDate,>=,1279497600#108830325
comments c,posts p,votes v,users u#u.Id=c.UserId,u.Id=p.OwnerUserId,u.Id=v.UserId#p.CommentCount,<=,11,p.FavoriteCount,<=,6,u.UpVotes,>=,0#70884831
comments c,posts p,votes v,users u#u.Id=c.UserId,u.Id=p.OwnerUserId,u.Id=v.UserId#c.Score,=,1,p.CommentCount,<=,12,p.FavoriteCount,=,0#173092
comments c,posts p,votes v,users u#u.Id=c.UserId,u.Id=p.OwnerUserId,u.Id=v.UserId#p.CommentCount,>=,0,p.CommentCount,<=,19,p.FavoriteCount,<=,9#74409893
comments c,posts p,votes v,users u#u.Id=c.UserId,u.Id=p.OwnerUserId,u.Id=v.UserId#p.AnswerCount,>=,0,p.FavoriteCount,>=,0,p.CreationDate,>=,1279568600#89248021
comments c,posts p,votes v,users u#u.Id=c.UserId,u.Id=p.OwnerUserId,u.Id=v.UserId#p.ViewCount,>=,0,p.FavoriteCount,>=,0,p.FavoriteCount,<=,11#79973493
comments c,posts p,votes v,users u#u.Id=c.UserId,u.Id=p.OwnerUserId,u.Id=v.UserId#c.Score,=,0,p.PostTypeId,=,2,v.CreationDate,>=,1279584000#7040078697
comments c,posts p,votes v,users u#u.Id=c.UserId,u.Id=p.OwnerUserId,u.Id=v.UserId#p.AnswerCount,>=,0,v.BountyAmount,>=,0,v.CreationDate,=,1409702400#4442
comments c,posts p,votes v,users u#u.Id=c.UserId,u.Id=p.OwnerUserId,u.Id=v.UserId#c.Score,=,2,u.Views,<=,171,u.CreationDate,<=,1410474402#529917
comments c,posts p,votes v,users u#p.Id=c.PostId,p.Id=v.PostId,u.Id=p.OwnerUserId#p.CreationDate,>=,1279684037,v.VoteTypeId,=,2,u.Reputation,<=,6792#445857
comments c,posts p,votes v,users u#p.Id=c.PostId,p.Id=v.PostId,u.Id=p.OwnerUserId#c.Score,=,0,p.AnswerCount,>=,0,v.VoteTypeId,=,2#191340
comments c,posts p,votes v,users u#p.Id=c.PostId,p.Id=v.PostId,u.Id=p.OwnerUserId#p.AnswerCount,>=,0,v.VoteTypeId,=,2,u.Views,<=,48#172155
comments c,posts p,votes v,users u#p.Id=c.PostId,p.Id=v.PostId,u.Id=p.OwnerUserId#c.CreationDate,>=,1279714854,p.FavoriteCount,>=,0,u.Views,>=,0#308681
comments c,posts p,votes v,users u#p.Id=c.PostId,p.Id=v.PostId,u.Id=p.OwnerUserId#p.PostTypeId,=,1,p.AnswerCount,>=,0,p.AnswerCount,<=,6#355473
comments c,posts p,votes v,users u#p.Id=c.PostId,p.Id=v.PostId,u.Id=p.OwnerUserId#c.CreationDate,<=,1409678196,p.PostTypeId,=,2,v.BountyAmount,>=,0#1905
comments c,posts p,votes v,users u#p.Id=c.PostId,p.Id=v.PostId,u.Id=p.OwnerUserId#c.Score,=,0,c.CreationDate,<=,1409322440,p.AnswerCount,<=,3#209244
comments c,posts p,votes v,users u#p.Id=c.PostId,p.Id=v.PostId,u.Id=p.OwnerUserId#c.CreationDate,<=,1410565415,p.ViewCount,=,47,u.Views,>=,0#603
comments c,posts p,votes v,users u#p.Id=c.PostId,p.Id=v.PostId,u.Id=p.OwnerUserId#c.Score,=,0,v.VoteTypeId,=,2,u.Reputation,<=,1525#221089
comments c,posts p,votes v,users u#p.Id=c.PostId,p.Id=v.PostId,u.Id=p.OwnerUserId#p.ViewCount,>=,0,p.AnswerCount,<=,10,u.DownVotes,<=,0#269595
comments c,posts p,votes v,users u#p.Id=c.PostId,p.Id=v.PostId,u.Id=p.OwnerUserId#p.CommentCount,=,2,u.DownVotes,>=,0,u.DownVotes,<=,2#50604
comments c,posts p,votes v,users u#p.Id=c.PostId,p.Id=v.PostId,u.Id=p.OwnerUserId#p.ViewCount,>=,0,p.ViewCount,<=,3331,u.DownVotes,<=,0#232606
comments c,posts p,votes v,users u#p.Id=c.PostId,p.Id=v.PostId,u.Id=p.OwnerUserId#c.Score,=,0,p.FavoriteCount,<=,10,u.UpVotes,<=,5#62352
comments c,posts p,votes v,users u#p.Id=c.PostId,p.Id=v.PostId,u.Id=p.OwnerUserId#p.PostTypeId,=,1,u.Reputation,>=,1,u.CreationDate,>=,1288953671#324452
comments c,posts p,votes v,users u#p.Id=c.PostId,p.Id=v.PostId,u.Id=p.OwnerUserId#p.PostTypeId,=,1,p.AnswerCount,<=,4,v.VoteTypeId,=,2#233823
comments c,posts p,votes v,users u#p.Id=c.PostId,p.Id=v.PostId,u.Id=p.OwnerUserId#c.Score,=,6,u.Views,=,8,u.CreationDate,>=,1279792875#28
comments c,posts p,votes v,users u#p.Id=c.PostId,p.Id=v.PostId,u.Id=p.OwnerUserId#v.BountyAmount,<=,200,u.DownVotes,=,0,u.CreationDate,<=,1409760077#2613
comments c,posts p,votes v,users u#p.Id=c.PostId,p.Id=v.PostId,u.Id=p.OwnerUserId#p.ViewCount,<=,39667,p.FavoriteCount,<=,11,u.Views,<=,171#176069
comments c,posts p,votes v,users u#p.Id=c.PostId,p.Id=v.PostId,u.Id=p.OwnerUserId#p.FavoriteCount,>=,0,v.VoteTypeId,=,2,u.CreationDate,<=,1409137847#201583
comments c,posts p,votes v,users u#p.Id=c.PostId,p.Id=v.PostId,u.Id=p.OwnerUserId#p.Score,>=,-1,p.ViewCount,<=,4127,p.AnswerCount,=,0#46319
comments c,posts p,votes v,users u#p.Id=c.PostId,p.Id=v.PostId,u.Id=p.OwnerUserId#c.Score,=,0,v.VoteTypeId,=,2,u.Reputation,>=,1#461411
comments c,posts p,votes v,users u#p.Id=c.PostId,p.Id=v.PostId,u.Id=p.OwnerUserId#c.CreationDate,<=,1410631930,v.CreationDate,>=,1279584000,u.Reputation,>=,1#849148
comments c,posts p,votes v,users u#p.Id=c.PostId,p.Id=v.PostId,u.Id=p.OwnerUserId#u.DownVotes,<=,1,u.UpVotes,>=,0,u.CreationDate,<=,1410116316#405976
comments c,posts p,votes v,users u#p.Id=c.PostId,p.Id=v.PostId,u.Id=p.OwnerUserId#c.Score,=,0,p.CreationDate,>=,1298397968,v.VoteTypeId,=,2#386707
comments c,posts p,votes v,users u#p.Id=c.PostId,p.Id=v.PostId,u.Id=p.OwnerUserId#p.CreationDate,>=,1279568675,v.CreationDate,>=,1280361600,v.CreationDate,<=,1410480000#839856
comments c,posts p,votes v,users u#p.Id=c.PostId,p.Id=v.PostId,u.Id=p.OwnerUserId#c.CreationDate,>=,1279566952,p.CreationDate,<=,1407937512,u.UpVotes,<=,14#271658
comments c,posts p,votes v,users u#p.Id=c.PostId,p.Id=v.PostId,u.Id=p.OwnerUserId#p.PostTypeId,=,1,p.CommentCount,>=,0,v.BountyAmount,>=,0#3708
comments c,posts p,votes v,users u#p.Id=c.PostId,p.Id=v.PostId,u.Id=p.OwnerUserId#c.Score,=,0,u.Reputation,=,1,u.Views,<=,17#2131
comments c,posts p,votes v,users u#p.Id=c.PostId,p.Id=v.PostId,u.Id=p.OwnerUserId#p.Score,>=,-1,v.VoteTypeId,=,2,u.Reputation,>=,1#670803
comments c,posts p,votes v,users u#p.Id=c.PostId,p.Id=v.PostId,u.Id=p.OwnerUserId#p.PostTypeId,=,1,p.ViewCount,>=,0,p.CreationDate,>=,1280239831#402243
comments c,posts p,votes v,users u#p.Id=c.PostId,p.Id=v.PostId,u.Id=p.OwnerUserId#p.FavoriteCount,=,0,u.UpVotes,>=,0,u.UpVotes,<=,75#5076
comments c,posts p,votes v,users u#p.Id=c.PostId,p.Id=v.PostId,u.Id=p.OwnerUserId#p.AnswerCount,<=,4,v.VoteTypeId,=,5,u.DownVotes,>=,0#61357
votes v,posts p,badges b,users u#p.Id=v.PostId,u.Id=p.OwnerUserId,u.Id=b.UserId#v.BountyAmount,>=,0,p.ViewCount,>=,0,b.Date,>=,1280317134#27061
votes v,posts p,badges b,users u#p.Id=v.PostId,u.Id=p.OwnerUserId,u.Id=b.UserId#p.FavoriteCount,<=,31,b.Date,>=,1279654046,u.DownVotes,=,0#613038
votes v,posts p,badges b,users u#p.Id=v.PostId,u.Id=p.OwnerUserId,u.Id=b.UserId#p.ViewCount,<=,3690,u.DownVotes,<=,0,u.UpVotes,<=,7#282729
votes v,posts p,badges b,users u#p.Id=v.PostId,u.Id=p.OwnerUserId,u.Id=b.UserId#v.VoteTypeId,=,2,p.CommentCount,<=,8,p.FavoriteCount,<=,2#555626
votes v,posts p,badges b,users u#p.Id=v.PostId,u.Id=p.OwnerUserId,u.Id=b.UserId#v.BountyAmount,<=,100,p.ViewCount,<=,1606,b.Date,>=,1280839516#22020
votes v,posts p,badges b,users u#p.Id=v.PostId,u.Id=p.OwnerUserId,u.Id=b.UserId#v.CreationDate,<=,1410566400,p.ViewCount,<=,6618,p.FavoriteCount,>=,0#2225656
votes v,posts p,badges b,users u#p.Id=v.PostId,u.Id=p.OwnerUserId,u.Id=b.UserId#v.VoteTypeId,=,2,p.CommentCount,<=,12,u.UpVotes,<=,226#2552142
votes v,posts p,badges b,users u#p.Id=v.PostId,u.Id=p.OwnerUserId,u.Id=b.UserId#v.VoteTypeId,=,2,p.FavoriteCount,<=,26,p.CreationDate,>=,1279585800#1505106
votes v,posts p,badges b,users u#p.Id=v.PostId,u.Id=p.OwnerUserId,u.Id=b.UserId#v.CreationDate,=,1389052800,p.CreationDate,>=,1279907967,p.CreationDate,<=,1410291457#19738
votes v,posts p,badges b,users u#p.Id=v.PostId,u.Id=p.OwnerUserId,u.Id=b.UserId#v.VoteTypeId,=,2,u.DownVotes,<=,0,u.UpVotes,=,0#97094
votes v,posts p,badges b,users u#p.Id=v.PostId,u.Id=p.OwnerUserId,u.Id=b.UserId#p.PostTypeId,=,1,p.Score,>=,0,p.CommentCount,<=,12#3363064
votes v,posts p,badges b,users u#p.Id=v.PostId,u.Id=p.OwnerUserId,u.Id=b.UserId#p.AnswerCount,>=,0,p.FavoriteCount,<=,4,p.CreationDate,<=,1410534227#1181137
votes v,posts p,badges b,users u#p.Id=v.PostId,u.Id=p.OwnerUserId,u.Id=b.UserId#v.VoteTypeId,=,2,p.AnswerCount,>=,0,p.CreationDate,<=,1410216134#2305146
votes v,posts p,badges b,users u#p.Id=v.PostId,u.Id=p.OwnerUserId,u.Id=b.UserId#p.AnswerCount,>=,0,p.CreationDate,>=,1279707205,u.DownVotes,>=,0#3211130
votes v,posts p,badges b,users u#p.Id=v.PostId,u.Id=p.OwnerUserId,u.Id=b.UserId#v.VoteTypeId,=,2,v.CreationDate,<=,1409875200,p.CommentCount,=,6#820458
votes v,posts p,badges b,users u#p.Id=v.PostId,u.Id=p.OwnerUserId,u.Id=b.UserId#v.VoteTypeId,=,2,v.CreationDate,<=,1410134400,u.Views,>=,0#16500190
votes v,posts p,badges b,users u#p.Id=v.PostId,u.Id=p.OwnerUserId,u.Id=b.UserId#v.VoteTypeId,=,2,p.CreationDate,=,1398754178,u.Views,>=,0#65
votes v,posts p,badges b,users u#p.Id=v.PostId,u.Id=p.OwnerUserId,u.Id=b.UserId#v.VoteTypeId,=,5,p.ViewCount,<=,7421,p.AnswerCount,=,0#23041
votes v,posts p,badges b,users u#p.Id=v.PostId,u.Id=p.OwnerUserId,u.Id=b.UserId#p.CommentCount,>=,0,p.CommentCount,<=,16,u.UpVotes,>=,0#19098987
votes v,posts p,badges b,users u#p.Id=v.PostId,u.Id=p.OwnerUserId,u.Id=b.UserId#p.Score,>=,-1,p.FavoriteCount,=,0,b.Date,<=,1408085167#32363
votes v,posts p,badges b,users u#p.Id=v.PostId,u.Id=p.OwnerUserId,u.Id=b.UserId#v.CreationDate,>=,1279497600,p.FavoriteCount,<=,2,u.Views,<=,36#154278
votes v,posts p,badges b,users u#p.Id=v.PostId,u.Id=p.OwnerUserId,u.Id=b.UserId#u.DownVotes,>=,0,u.DownVotes,<=,1,u.CreationDate,<=,1408522890#1819319
votes v,posts p,badges b,users u#p.Id=v.PostId,u.Id=p.OwnerUserId,u.Id=b.UserId#v.CreationDate,<=,1410220800,p.Score,>=,0,p.ViewCount,<=,5645#2643751
votes v,posts p,badges b,users u#p.Id=v.PostId,u.Id=p.OwnerUserId,u.Id=b.UserId#p.CreationDate,<=,1410346795,u.CreationDate,>=,1279572720,u.CreationDate,<=,1410396790#18313773
votes v,posts p,badges b,users u#p.Id=v.PostId,u.Id=p.OwnerUserId,u.Id=b.UserId#v.VoteTypeId,=,2,p.CommentCount,<=,13,p.FavoriteCount,<=,5#932708
votes v,posts p,badges b,users u#p.Id=v.PostId,u.Id=p.OwnerUserId,u.Id=b.UserId#p.Score,=,2,b.Date,<=,1409938163,u.UpVotes,<=,1316#669768
votes v,posts p,badges b,users u#p.Id=v.PostId,u.Id=p.OwnerUserId,u.Id=b.UserId#v.VoteTypeId,=,2,b.Date,>=,1294093219,u.Views,<=,16#233528
votes v,posts p,badges b,users u#p.Id=v.PostId,u.Id=p.OwnerUserId,u.Id=b.UserId#v.CreationDate,<=,1410393600,u.Reputation,<=,3359,u.DownVotes,<=,2#1947471
votes v,posts p,badges b,users u#p.Id=v.PostId,u.Id=p.OwnerUserId,u.Id=b.UserId#v.VoteTypeId,=,2,v.CreationDate,<=,1409443200,u.Reputation,>=,1#16383805
votes v,posts p,badges b,users u#p.Id=v.PostId,u.Id=p.OwnerUserId,u.Id=b.UserId#v.BountyAmount,<=,50,u.UpVotes,<=,47,u.CreationDate,<=,1410443524#6893
votes v,posts p,badges b,users u#p.Id=v.PostId,u.Id=p.OwnerUserId,u.Id=b.UserId#p.ViewCount,<=,1838,p.AnswerCount,<=,7,p.CommentCount,<=,11#1843630
votes v,posts p,badges b,users u#p.Id=v.PostId,u.Id=p.OwnerUserId,u.Id=b.UserId#p.PostTypeId,=,2,u.UpVotes,>=,0,u.UpVotes,<=,38#306159
votes v,posts p,badges b,users u#p.Id=v.PostId,u.Id=p.OwnerUserId,u.Id=b.UserId#v.CreationDate,>=,1279497600,b.Date,<=,1409731392,u.Views,=,0#16805
votes v,posts p,badges b,users u#p.Id=v.PostId,u.Id=p.OwnerUserId,u.Id=b.UserId#p.PostTypeId,=,1,u.Reputation,<=,316,u.CreationDate,<=,1407768642#505554
votes v,posts p,badges b,users u#p.Id=v.PostId,u.Id=p.OwnerUserId,u.Id=b.UserId#v.CreationDate,=,1389398400,p.FavoriteCount,<=,8,u.Reputation,<=,218#212
votes v,posts p,badges b,users u#p.Id=v.PostId,u.Id=p.OwnerUserId,u.Id=b.UserId#v.VoteTypeId,=,2,p.ViewCount,>=,0,b.Date,<=,1410449597#2306011
votes v,posts p,badges b,users u#p.Id=v.PostId,u.Id=p.OwnerUserId,u.Id=b.UserId#p.Score,>=,-2,p.Score,<=,81,p.CreationDate,>=,1293118306#15070200
votes v,posts p,badges b,users u#p.Id=v.PostId,u.Id=p.OwnerUserId,u.Id=b.UserId#v.VoteTypeId,=,2,p.CreationDate,>=,1279746243,u.DownVotes,<=,0#1012120
votes v,posts p,badges b,users u#p.Id=v.PostId,u.Id=p.OwnerUserId,u.Id=b.UserId#p.PostTypeId,=,1,u.DownVotes,<=,0,u.UpVotes,<=,683#947585
votes v,posts p,badges b,users u#p.Id=v.PostId,u.Id=p.OwnerUserId,u.Id=b.UserId#v.VoteTypeId,=,2,p.CommentCount,>=,0,b.Date,>=,1280078915#16435168
votes v,posts p,badges b,users u#p.Id=v.PostId,u.Id=p.OwnerUserId,u.Id=b.UserId#p.PostTypeId,=,2,p.CreationDate,<=,1409687777,u.Reputation,>=,1#15589327
votes v,posts p,badges b,users u#u.Id=v.UserId,u.Id=p.OwnerUserId,u.Id=b.UserId#p.Score,>=,0,u.DownVotes,>=,0,u.DownVotes,<=,1#6604623
votes v,posts p,badges b,users u#u.Id=v.UserId,u.Id=p.OwnerUserId,u.Id=b.UserId#v.CreationDate,<=,1410048000,b.Date,<=,1408444038,u.Reputation,>=,1#507768682
votes v,posts p,badges b,users u#u.Id=v.UserId,u.Id=p.OwnerUserId,u.Id=b.UserId#p.PostTypeId,=,2,u.UpVotes,>=,0,u.UpVotes,<=,23#167385
votes v,posts p,badges b,users u#u.Id=v.UserId,u.Id=p.OwnerUserId,u.Id=b.UserId#p.Score,=,2,p.ViewCount,>=,0,p.ViewCount,<=,6892#2544706
votes v,posts p,badges b,users u#u.Id=v.UserId,u.Id=p.OwnerUserId,u.Id=b.UserId#p.ViewCount,>=,0,p.ViewCount,<=,7796,u.UpVotes,=,19#9455
votes v,posts p,badges b,users u#u.Id=v.UserId,u.Id=p.OwnerUserId,u.Id=b.UserId#p.Score,<=,18,p.AnswerCount,<=,3,p.FavoriteCount,>=,0#11097472
votes v,posts p,badges b,users u#u.Id=v.UserId,u.Id=p.OwnerUserId,u.Id=b.UserId#p.PostTypeId,=,1,p.AnswerCount,=,0,p.CommentCount,<=,15#3327016
votes v,posts p,badges b,users u#u.Id=v.UserId,u.Id=p.OwnerUserId,u.Id=b.UserId#v.BountyAmount,>=,0,v.CreationDate,>=,1280188800,p.FavoriteCount,<=,2#296327
votes v,posts p,badges b,users u#u.Id=v.UserId,u.Id=p.OwnerUserId,u.Id=b.UserId#v.BountyAmount,<=,50,p.Score,>=,-1,p.CommentCount,<=,11#17191417
votes v,posts p,badges b,users u#u.Id=v.UserId,u.Id=p.OwnerUserId,u.Id=b.UserId#p.ViewCount,>=,0,u.UpVotes,>=,0,u.UpVotes,<=,34#603117
votes v,posts p,badges b,users u#u.Id=v.UserId,u.Id=p.OwnerUserId,u.Id=b.UserId#v.CreationDate,>=,1281312000,v.CreationDate,<=,1410566400,p.FavoriteCount,>=,0#13923714
votes v,posts p,badges b,users u#u.Id=v.UserId,u.Id=p.OwnerUserId,u.Id=b.UserId#p.AnswerCount,>=,0,u.DownVotes,>=,0,u.DownVotes,<=,2#5366733
votes v,posts p,badges b,users u#u.Id=v.UserId,u.Id=p.OwnerUserId,u.Id=b.UserId#v.CreationDate,>=,1279756800,p.CreationDate,<=,1410651965,u.CreationDate,>=,1279575806#529104323
votes v,posts p,badges b,users u#u.Id=v.UserId,u.Id=p.OwnerUserId,u.Id=b.UserId#p.AnswerCount,>=,0,p.CommentCount,<=,13,u.DownVotes,=,0#2896685
votes v,posts p,badges b,users u#u.Id=v.UserId,u.Id=p.OwnerUserId,u.Id=b.UserId#p.PostTypeId,=,1,p.AnswerCount,>=,0,u.UpVotes,<=,4#59744
votes v,posts p,badges b,users u#u.Id=v.UserId,u.Id=p.OwnerUserId,u.Id=b.UserId#p.ViewCount,>=,0,b.Date,<=,1407816905,u.DownVotes,>=,0#22203257
votes v,posts p,badges b,users u#u.Id=v.UserId,u.Id=p.OwnerUserId,u.Id=b.UserId#p.Score,>=,-2,p.FavoriteCount,>=,0,u.UpVotes,<=,374#2680236
votes v,posts p,badges b,users u#u.Id=v.UserId,u.Id=p.OwnerUserId,u.Id=b.UserId#v.BountyAmount,<=,100,p.Score,=,2,u.DownVotes,>=,0#3917789
votes v,posts p,badges b,users u#u.Id=v.UserId,u.Id=p.OwnerUserId,u.Id=b.UserId#b.Date,<=,1409406938,u.Reputation,>=,1,u.DownVotes,<=,11#30760725
votes v,posts p,badges b,users u#u.Id=v.UserId,u.Id=p.OwnerUserId,u.Id=b.UserId#b.Date,>=,1280311734,u.UpVotes,=,0,u.CreationDate,>=,1284825788#10866
votes v,posts p,badges b,users u#u.Id=v.UserId,u.Id=p.OwnerUserId,u.Id=b.UserId#p.CommentCount,<=,14,p.FavoriteCount,>=,0,p.FavoriteCount,<=,5#11259161
votes v,posts p,badges b,users u#u.Id=v.UserId,u.Id=p.OwnerUserId,u.Id=b.UserId#p.FavoriteCount,<=,7,p.CreationDate,<=,1408911654,b.Date,>=,1280825715#12341427
votes v,posts p,badges b,users u#u.Id=v.UserId,u.Id=p.OwnerUserId,u.Id=b.UserId#p.AnswerCount,<=,4,p.CommentCount,=,2,u.Views,<=,119#256343
votes v,posts p,badges b,users u#u.Id=v.UserId,u.Id=p.OwnerUserId,u.Id=b.UserId#v.VoteTypeId,=,5,p.PostTypeId,=,2,u.Reputation,>=,1#454947340
votes v,posts p,badges b,users u#u.Id=v.UserId,u.Id=p.OwnerUserId,u.Id=b.UserId#v.CreationDate,>=,1279843200,p.ViewCount,>=,0,p.CommentCount,<=,10#22102576
votes v,posts p,badges b,users u#u.Id=v.UserId,u.Id=p.OwnerUserId,u.Id=b.UserId#v.CreationDate,<=,1410220800,p.AnswerCount,<=,8,p.FavoriteCount,<=,4#10236189
votes v,posts p,badges b,users u#u.Id=v.UserId,u.Id=p.OwnerUserId,u.Id=b.UserId#v.BountyAmount,<=,50,v.CreationDate,<=,1410393600,p.CommentCount,<=,11#17193477
votes v,posts p,badges b,users u#u.Id=v.UserId,u.Id=p.OwnerUserId,u.Id=b.UserId#v.VoteTypeId,=,5,p.FavoriteCount,=,0,u.DownVotes,>=,0#465098
votes v,posts p,badges b,users u#u.Id=v.UserId,u.Id=p.OwnerUserId,u.Id=b.UserId#p.ViewCount,<=,3899,b.Date,>=,1279570746,b.Date,<=,1409927065#20973243
votes v,posts p,badges b,users u#u.Id=v.UserId,u.Id=p.OwnerUserId,u.Id=b.UserId#p.FavoriteCount,<=,6,u.DownVotes,=,0,u.UpVotes,>=,0#976299
votes v,posts p,badges b,users u#u.Id=v.UserId,u.Id=p.OwnerUserId,u.Id=b.UserId#v.CreationDate,>=,1279584000,p.ViewCount,<=,7939,p.FavoriteCount,>=,0#14319260
votes v,posts p,badges b,users u#u.Id=v.UserId,u.Id=p.OwnerUserId,u.Id=b.UserId#p.FavoriteCount,<=,17,u.Views,>=,0,u.DownVotes,>=,0#14200129
votes v,posts p,badges b,users u#u.Id=v.UserId,u.Id=p.OwnerUserId,u.Id=b.UserId#p.ViewCount,<=,2653,p.FavoriteCount,>=,0,u.UpVotes,<=,57#483908
votes v,posts p,badges b,users u#u.Id=v.UserId,u.Id=p.OwnerUserId,u.Id=b.UserId#p.PostTypeId,=,1,p.CommentCount,<=,11,u.UpVotes,<=,128#1989352
votes v,posts p,badges b,users u#u.Id=v.UserId,u.Id=p.OwnerUserId,u.Id=b.UserId#p.AnswerCount,<=,4,b.Date,<=,1410383314,u.CreationDate,<=,1409590192#20637858
votes v,posts p,badges b,users u#u.Id=v.UserId,u.Id=p.OwnerUserId,u.Id=b.UserId#p.PostTypeId,=,1,p.AnswerCount,<=,7,p.CreationDate,>=,1280403701#22006102
votes v,posts p,badges b,users u#u.Id=v.UserId,u.Id=p.OwnerUserId,u.Id=b.UserId#p.Score,<=,28,u.DownVotes,=,0,u.CreationDate,>=,1286449446#1892883
votes v,posts p,badges b,users u#u.Id=v.UserId,u.Id=p.OwnerUserId,u.Id=b.UserId#p.CommentCount,=,0,u.DownVotes,>=,0,u.UpVotes,<=,9#85015
votes v,posts p,badges b,users u#u.Id=v.UserId,u.Id=p.OwnerUserId,u.Id=b.UserId#p.ViewCount,>=,0,u.DownVotes,>=,0,u.CreationDate,>=,1280931123#11627838
votes v,posts p,badges b,users u#u.Id=v.UserId,u.Id=p.OwnerUserId,u.Id=b.UserId#v.CreationDate,>=,1279756800,v.CreationDate,<=,1410393600,u.Reputation,<=,351#928451
votes v,posts p,badges b,users u#u.Id=v.UserId,u.Id=p.OwnerUserId,u.Id=b.UserId#v.CreationDate,<=,1410134400,p.Score,>=,-3,p.CreationDate,>=,1280672478#531331544
votes v,posts p,badges b,users u#u.Id=v.UserId,u.Id=p.OwnerUserId,u.Id=b.UserId#p.FavoriteCount,>=,0,u.CreationDate,>=,1282508473,u.CreationDate,<=,1410335117#3874063
votes v,posts p,badges b,users u#u.Id=v.UserId,u.Id=p.OwnerUserId,u.Id=b.UserId#v.BountyAmount,<=,50,p.CreationDate,>=,1280202891,u.CreationDate,>=,1280178757#17107148
comments c,postHistory ph,votes v,users u#u.Id=v.UserId,v.UserId=ph.UserId,ph.UserId=c.UserId#c.Score,=,0,v.BountyAmount,<=,50,u.UpVotes,>=,0#1281485852
comments c,postHistory ph,votes v,users u#u.Id=v.UserId,v.UserId=ph.UserId,ph.UserId=c.UserId#c.CreationDate,>=,1283895206,c.CreationDate,<=,1410635129,ph.PostHistoryTypeId,=,5#30010031078
comments c,postHistory ph,votes v,users u#u.Id=v.UserId,v.UserId=ph.UserId,ph.UserId=c.UserId#u.Views,>=,0,u.Views,<=,34,u.CreationDate,<=,1410535399#3565897
comments c,postHistory ph,votes v,users u#u.Id=v.UserId,v.UserId=ph.UserId,ph.UserId=c.UserId#v.BountyAmount,<=,50,u.UpVotes,>=,0,u.UpVotes,<=,60#1951159
comments c,postHistory ph,votes v,users u#u.Id=v.UserId,v.UserId=ph.UserId,ph.UserId=c.UserId#c.CreationDate,>=,1280866246,u.DownVotes,>=,0,u.DownVotes,<=,0#63947569
comments c,postHistory ph,votes v,users u#u.Id=v.UserId,v.UserId=ph.UserId,ph.UserId=c.UserId#c.Score,=,0,u.DownVotes,>=,0,u.CreationDate,<=,1409195765#38094622664
comments c,postHistory ph,votes v,users u#u.Id=v.UserId,v.UserId=ph.UserId,ph.UserId=c.UserId#u.UpVotes,<=,43,u.CreationDate,>=,1297713000,u.CreationDate,<=,1406638687#7773837
comments c,postHistory ph,votes v,users u#u.Id=v.UserId,v.UserId=ph.UserId,ph.UserId=c.UserId#u.DownVotes,>=,0,u.UpVotes,<=,1781,u.CreationDate,>=,1299878295#270941710
comments c,postHistory ph,votes v,users u#u.Id=v.UserId,v.UserId=ph.UserId,ph.UserId=c.UserId#c.Score,=,0,c.CreationDate,>=,1283534745,u.DownVotes,>=,0#37871478794
comments c,postHistory ph,votes v,users u#u.Id=v.UserId,v.UserId=ph.UserId,ph.UserId=c.UserId#ph.CreationDate,>=,1280156423,u.Reputation,>=,1,u.CreationDate,<=,1404121425#58046886492
comments c,postHistory ph,votes v,users u#u.Id=v.UserId,v.UserId=ph.UserId,ph.UserId=c.UserId#c.Score,=,1,ph.PostHistoryTypeId,=,2,u.DownVotes,>=,0#2289745715
comments c,postHistory ph,votes v,users u#u.Id=v.UserId,v.UserId=ph.UserId,ph.UserId=c.UserId#c.CreationDate,>=,1281174473,v.CreationDate,>=,1279584000,u.Reputation,<=,519#19881641
comments c,postHistory ph,votes v,users u#u.Id=v.UserId,v.UserId=ph.UserId,ph.UserId=c.UserId#ph.PostHistoryTypeId,=,1,u.UpVotes,>=,0,u.CreationDate,>=,1292283566#34675893
comments c,postHistory ph,votes v,users u#u.Id=v.UserId,v.UserId=ph.UserId,ph.UserId=c.UserId#c.CreationDate,<=,1409870363,ph.PostHistoryTypeId,=,2,u.Views,<=,67#3871271
comments c,postHistory ph,votes v,users u#u.Id=v.UserId,v.UserId=ph.UserId,ph.UserId=c.UserId#v.CreationDate,>=,1279584000,u.Reputation,>=,1,u.Views,>=,0#58056546091
comments c,postHistory ph,votes v,users u#u.Id=v.UserId,v.UserId=ph.UserId,ph.UserId=c.UserId#v.BountyAmount,>=,0,u.Views,>=,0,u.DownVotes,>=,0#2738898835
comments c,postHistory ph,votes v,users u#u.Id=v.UserId,v.UserId=ph.UserId,ph.UserId=c.UserId#c.Score,=,0,v.BountyAmount,<=,100,u.Reputation,<=,321#991777
comments c,postHistory ph,votes v,users u#u.Id=v.UserId,v.UserId=ph.UserId,ph.UserId=c.UserId#ph.PostHistoryTypeId,=,3,u.Views,<=,312,u.DownVotes,>=,0#16355051
comments c,postHistory ph,votes v,users u#u.Id=v.UserId,v.UserId=ph.UserId,ph.UserId=c.UserId#v.BountyAmount,>=,0,v.BountyAmount,<=,50,u.CreationDate,<=,1408444329#1962608240
comments c,postHistory ph,votes v,users u#u.Id=v.UserId,v.UserId=ph.UserId,ph.UserId=c.UserId#c.CreationDate,>=,1279607148,c.CreationDate,<=,1410385503,ph.CreationDate,>=,1303161185#55004721489
comments c,postHistory ph,votes v,users u#u.Id=v.UserId,v.UserId=ph.UserId,ph.UserId=c.UserId#v.CreationDate,>=,1279584000,v.CreationDate,<=,1410566400,u.DownVotes,<=,4#117102598
comments c,postHistory ph,votes v,users u#u.Id=v.UserId,v.UserId=ph.UserId,ph.UserId=c.UserId#c.CreationDate,<=,1410205078,ph.CreationDate,>=,1294626411,u.Reputation,>=,1#55868727649
comments c,postHistory ph,votes v,users u#u.Id=v.UserId,v.UserId=ph.UserId,ph.UserId=c.UserId#c.Score,=,0,c.CreationDate,>=,1279898956,ph.PostHistoryTypeId,=,3#100466346
comments c,postHistory ph,votes v,users u#u.Id=v.UserId,v.UserId=ph.UserId,ph.UserId=c.UserId#c.Score,=,0,ph.CreationDate,>=,1296059110,v.CreationDate,<=,1410480000#36919889954
comments c,postHistory ph,votes v,users u#u.Id=v.UserId,v.UserId=ph.UserId,ph.UserId=c.UserId#u.DownVotes,>=,0,u.UpVotes,<=,93,u.CreationDate,<=,1408926611#27618438
comments c,postHistory ph,votes v,users u#u.Id=v.UserId,v.UserId=ph.UserId,ph.UserId=c.UserId#v.CreationDate,>=,1280707200,u.DownVotes,>=,0,u.DownVotes,<=,0#64166852
comments c,postHistory ph,votes v,users u#u.Id=v.UserId,v.UserId=ph.UserId,ph.UserId=c.UserId#ph.CreationDate,>=,1303255030,v.CreationDate,=,1400716800,u.Reputation,>=,1#13171477
comments c,postHistory ph,votes v,users u#u.Id=v.UserId,v.UserId=ph.UserId,ph.UserId=c.UserId#c.CreationDate,>=,1280357968,ph.PostHistoryTypeId,=,3,u.UpVotes,<=,489#37532732
comments c,postHistory ph,votes v,users u#u.Id=v.UserId,v.UserId=ph.UserId,ph.UserId=c.UserId#u.Reputation,<=,277,u.Views,>=,0,u.DownVotes,>=,0#7274510
comments c,postHistory ph,votes v,users u#u.Id=v.UserId,v.UserId=ph.UserId,ph.UserId=c.UserId#c.Score,=,0,u.Views,>=,0,u.CreationDate,<=,1409041596#38094621254
comments c,postHistory ph,votes v,users u#u.Id=v.UserId,v.UserId=ph.UserId,ph.UserId=c.UserId#u.UpVotes,>=,0,u.CreationDate,>=,1280787263,u.CreationDate,<=,1410390951#57093055826
comments c,postHistory ph,votes v,users u#u.Id=v.UserId,v.UserId=ph.UserId,ph.UserId=c.UserId#v.BountyAmount,>=,0,v.BountyAmount,<=,50,u.CreationDate,>=,1279576538#1962407934
comments c,postHistory ph,votes v,users u#u.Id=v.UserId,v.UserId=ph.UserId,ph.UserId=c.UserId#c.CreationDate,>=,1279740781,c.CreationDate,<=,1410036763,u.UpVotes,>=,0#57467671979
comments c,postHistory ph,votes v,users u#u.Id=v.UserId,v.UserId=ph.UserId,ph.UserId=c.UserId#v.BountyAmount,>=,0,v.CreationDate,<=,1410393600,u.CreationDate,<=,1410206619#2738898533
comments c,postHistory ph,votes v,users u#u.Id=v.UserId,v.UserId=ph.UserId,ph.UserId=c.UserId#c.Score,=,0,ph.PostHistoryTypeId,=,1,u.Reputation,=,123#442
comments c,postHistory ph,votes v,users u#u.Id=v.UserId,v.UserId=ph.UserId,ph.UserId=c.UserId#ph.CreationDate,>=,1303929878,u.Views,>=,0,u.Views,<=,62#10344154
comments c,postHistory ph,votes v,users u#u.Id=v.UserId,v.UserId=ph.UserId,ph.UserId=c.UserId#c.Score,=,0,v.BountyAmount,>=,0,u.UpVotes,>=,0#1791181719
comments c,postHistory ph,votes v,users u#u.Id=v.UserId,v.UserId=ph.UserId,ph.UserId=c.UserId#c.CreationDate,<=,1410639304,u.Views,>=,0,u.Views,<=,78#18039064
comments c,postHistory ph,votes v,users u#u.Id=v.UserId,v.UserId=ph.UserId,ph.UserId=c.UserId#c.Score,=,0,ph.CreationDate,>=,1306265919,u.Views,<=,15#816641
comments c,postHistory ph,votes v,users u#u.Id=v.UserId,v.UserId=ph.UserId,ph.UserId=c.UserId#ph.PostHistoryTypeId,=,5,ph.CreationDate,>=,1284328442,ph.CreationDate,<=,1410195784#29845787425
comments c,postHistory ph,votes v,users u#u.Id=v.UserId,v.UserId=ph.UserId,ph.UserId=c.UserId#c.Score,=,0,ph.CreationDate,>=,1288810888,u.Views,>=,0#37442455387
comments c,postHistory ph,votes v,users u#u.Id=v.UserId,v.UserId=ph.UserId,ph.UserId=c.UserId#c.CreationDate,<=,1409848730,u.CreationDate,>=,1280839325,u.CreationDate,<=,1410379225#56316802428
comments c,postHistory ph,votes v,users u#u.Id=v.UserId,v.UserId=ph.UserId,ph.UserId=c.UserId#c.Score,=,0,c.CreationDate,<=,1410467830,ph.PostHistoryTypeId,=,6#4563858477
comments c,postHistory ph,votes v,users u#u.Id=v.UserId,v.UserId=ph.UserId,ph.UserId=c.UserId#ph.CreationDate,<=,1410106878,u.Views,>=,0,u.Views,<=,58#9081532
comments c,postHistory ph,votes v,users u#u.Id=v.UserId,v.UserId=ph.UserId,ph.UserId=c.UserId#c.CreationDate,>=,1285184357,ph.CreationDate,>=,1283194068,ph.CreationDate,<=,1409766848#56344420181
comments c,postHistory ph,votes v,users u#u.Id=v.UserId,v.UserId=ph.UserId,ph.UserId=c.UserId#v.CreationDate,>=,1279584000,u.CreationDate,>=,1280919393,u.CreationDate,<=,1409325991#57024913278
comments c,postHistory ph,votes v,users u#u.Id=v.UserId,v.UserId=ph.UserId,ph.UserId=c.UserId#ph.PostHistoryTypeId,=,2,u.DownVotes,>=,0,u.DownVotes,<=,0#18664912
comments c,postHistory ph,votes v,users u#u.Id=v.UserId,v.UserId=ph.UserId,ph.UserId=c.UserId#ph.PostHistoryTypeId,=,6,v.VoteTypeId,=,5,v.CreationDate,>=,1280188800#6864448838
comments c,postHistory ph,votes v,users u#u.Id=v.UserId,v.UserId=ph.UserId,ph.UserId=c.UserId#ph.CreationDate,>=,1280213484,u.Views,=,0,u.DownVotes,=,0#9574
comments c,postHistory ph,votes v,users u#u.Id=v.UserId,v.UserId=ph.UserId,ph.UserId=c.UserId#u.UpVotes,>=,0,u.UpVotes,<=,138,u.CreationDate,>=,1280940998#41456302
comments c,postHistory ph,votes v,users u#u.Id=v.UserId,v.UserId=ph.UserId,ph.UserId=c.UserId#c.Score,=,0,ph.PostHistoryTypeId,=,5,u.UpVotes,>=,0#20031161869
comments c,postHistory ph,votes v,users u#u.Id=v.UserId,v.UserId=ph.UserId,ph.UserId=c.UserId#ph.PostHistoryTypeId,=,1,v.BountyAmount,>=,0,v.BountyAmount,<=,50#4581217
comments c,postHistory ph,votes v,users u#u.Id=v.UserId,v.UserId=ph.UserId,ph.UserId=c.UserId#c.CreationDate,>=,1279645203,ph.CreationDate,=,1398361621,v.CreationDate,<=,1410393600#6
comments c,postHistory ph,votes v,users u#u.Id=v.UserId,v.UserId=ph.UserId,ph.UserId=c.UserId#c.CreationDate,<=,1410499988,ph.PostHistoryTypeId,=,4,v.BountyAmount,<=,50#150695616
comments c,postHistory ph,votes v,users u#u.Id=v.UserId,v.UserId=ph.UserId,ph.UserId=c.UserId#ph.PostHistoryTypeId,=,5,u.Reputation,<=,246,u.DownVotes,<=,1#1037624
comments c,postHistory ph,votes v,users u#u.Id=v.UserId,v.UserId=ph.UserId,ph.UserId=c.UserId#u.Reputation,>=,1,u.Views,<=,51,u.CreationDate,>=,1284656068#7138458
comments c,postHistory ph,votes v,users u#u.Id=v.UserId,v.UserId=ph.UserId,ph.UserId=c.UserId#c.Score,=,0,u.Reputation,<=,249,u.CreationDate,>=,1280198777#4505137
comments c,postHistory ph,votes v,users u#u.Id=v.UserId,v.UserId=ph.UserId,ph.UserId=c.UserId#ph.PostHistoryTypeId,=,1,u.Reputation,<=,515,u.Views,>=,0#3935492
comments c,postHistory ph,votes v,users u#u.Id=v.UserId,v.UserId=ph.UserId,ph.UserId=c.UserId#c.CreationDate,>=,1279932050,ph.PostHistoryTypeId,=,1,u.DownVotes,<=,0#14415588
comments c,postHistory ph,votes v,users u#u.Id=v.UserId,v.UserId=ph.UserId,ph.UserId=c.UserId#c.CreationDate,>=,1279723653,ph.CreationDate,>=,1279582642,ph.CreationDate,<=,1407232726#54850817123
comments c,postHistory ph,votes v,users u#u.Id=v.UserId,v.UserId=ph.UserId,ph.UserId=c.UserId#c.Score,=,1,c.CreationDate,>=,1279975351,ph.PostHistoryTypeId,=,5#6374542141
comments c,postHistory ph,votes v,users u#u.Id=v.UserId,v.UserId=ph.UserId,ph.UserId=c.UserId#c.Score,=,0,u.CreationDate,>=,1290761635,u.CreationDate,<=,1408704530#6608723451
comments c,postHistory ph,votes v,users u#u.Id=v.UserId,v.UserId=ph.UserId,ph.UserId=c.UserId#ph.CreationDate,<=,1408185343,u.Reputation,>=,1,u.Reputation,<=,720#26213304
comments c,postHistory ph,votes v,users u#u.Id=v.UserId,v.UserId=ph.UserId,ph.UserId=c.UserId#c.Score,=,0,u.Reputation,>=,1,u.DownVotes,>=,0#38094623013
comments c,postHistory ph,votes v,users u#u.Id=v.UserId,v.UserId=ph.UserId,ph.UserId=c.UserId#ph.CreationDate,>=,1280848755,v.BountyAmount,<=,100,u.CreationDate,>=,1285166764#185780599
comments c,postHistory ph,votes v,users u#u.Id=v.UserId,v.UserId=ph.UserId,ph.UserId=c.UserId#c.Score,=,0,c.CreationDate,>=,1281646447,u.CreationDate,<=,1409917397#38015358000
comments c,postHistory ph,votes v,users u#u.Id=v.UserId,v.UserId=ph.UserId,ph.UserId=c.UserId#c.Score,=,0,c.CreationDate,>=,1279732106,u.CreationDate,>=,1282138103#6814932109
comments c,postHistory ph,votes v,users u#u.Id=v.UserId,v.UserId=ph.UserId,ph.UserId=c.UserId#c.CreationDate,>=,1280930519,c.CreationDate,<=,1409910180,ph.CreationDate,>=,1287667284#56414977745
comments c,postHistory ph,votes v,users u#u.Id=v.UserId,v.UserId=ph.UserId,ph.UserId=c.UserId#ph.CreationDate,<=,1406322185,v.BountyAmount,>=,0,v.BountyAmount,<=,50#1810328004
comments c,postHistory ph,votes v,users u#u.Id=v.UserId,v.UserId=ph.UserId,ph.UserId=c.UserId#ph.CreationDate,>=,1282685229,v.BountyAmount,>=,0,v.CreationDate,<=,1410393600#2731857936
comments c,postHistory ph,votes v,users u#u.Id=v.UserId,v.UserId=ph.UserId,ph.UserId=c.UserId#c.Score,=,0,u.Reputation,>=,1,u.Reputation,<=,169#3615158
comments c,postHistory ph,votes v,users u#u.Id=v.UserId,v.UserId=ph.UserId,ph.UserId=c.UserId#ph.PostHistoryTypeId,=,3,u.UpVotes,>=,0,u.UpVotes,<=,22#943604
comments c,postHistory ph,votes v,users u#u.Id=v.UserId,v.UserId=ph.UserId,ph.UserId=c.UserId#u.Views,>=,0,u.Views,<=,31,u.CreationDate,<=,1409327047#3051196
comments c,postHistory ph,votes v,users u#u.Id=v.UserId,v.UserId=ph.UserId,ph.UserId=c.UserId#v.VoteTypeId,=,5,u.Reputation,>=,1,u.DownVotes,<=,0#62154941
comments c,postHistory ph,votes v,users u#u.Id=v.UserId,v.UserId=ph.UserId,ph.UserId=c.UserId#c.CreationDate,<=,1409155286,ph.PostHistoryTypeId,=,1,ph.CreationDate,>=,1286909973#111560215
comments c,postHistory ph,votes v,users u#u.Id=v.UserId,v.UserId=ph.UserId,ph.UserId=c.UserId#c.Score,=,0,ph.PostHistoryTypeId,=,2,v.CreationDate,>=,1279670400#7254798587
comments c,postHistory ph,votes v,users u#u.Id=v.UserId,v.UserId=ph.UserId,ph.UserId=c.UserId#v.CreationDate,>=,1279756800,v.CreationDate,<=,1410220800,u.CreationDate,>=,1302716401#10203359124
comments c,postHistory ph,votes v,users u#u.Id=v.UserId,v.UserId=ph.UserId,ph.UserId=c.UserId#ph.PostHistoryTypeId,=,2,v.CreationDate,>=,1280016000,u.Views,<=,41#1771760
comments c,postHistory ph,votes v,users u#u.Id=v.UserId,v.UserId=ph.UserId,ph.UserId=c.UserId#c.CreationDate,<=,1410489253,ph.CreationDate,<=,1410460771,v.BountyAmount,>=,0#2724386481
comments c,postHistory ph,votes v,users u#u.Id=v.UserId,v.UserId=ph.UserId,ph.UserId=c.UserId#ph.PostHistoryTypeId,=,2,u.Reputation,>=,1,u.Reputation,<=,2694#54715542
comments c,postHistory ph,votes v,users u#u.Id=v.UserId,v.UserId=ph.UserId,ph.UserId=c.UserId#c.Score,=,0,ph.PostHistoryTypeId,=,1,v.BountyAmount,<=,50#3489483
comments c,postHistory ph,votes v,users u#u.Id=v.UserId,v.UserId=ph.UserId,ph.UserId=c.UserId#c.CreationDate,>=,1284412452,ph.CreationDate,<=,1408525187,u.Reputation,<=,826#52560220
comments c,postHistory ph,votes v,users u#u.Id=v.UserId,v.UserId=ph.UserId,ph.UserId=c.UserId#u.Views,>=,0,u.UpVotes,<=,187,u.CreationDate,>=,1294145638#59293239
comments c,postHistory ph,votes v,users u#u.Id=v.UserId,v.UserId=ph.UserId,ph.UserId=c.UserId#u.Reputation,>=,1,u.UpVotes,>=,0,u.CreationDate,<=,1410579496#58056617928
comments c,postHistory ph,votes v,users u#u.Id=v.UserId,v.UserId=ph.UserId,ph.UserId=c.UserId#c.Score,=,0,v.CreationDate,<=,1409270400,u.UpVotes,>=,0#37838354709
comments c,postHistory ph,votes v,users u#u.Id=v.UserId,v.UserId=ph.UserId,ph.UserId=c.UserId#v.BountyAmount,<=,50,v.CreationDate,<=,1410134400,u.DownVotes,<=,0#1808635
comments c,postHistory ph,votes v,users u#u.Id=v.UserId,v.UserId=ph.UserId,ph.UserId=c.UserId#v.BountyAmount,>=,0,u.Views,>=,0,u.CreationDate,<=,1407343860#2738841348
comments c,postHistory ph,votes v,users u#u.Id=v.UserId,v.UserId=ph.UserId,ph.UserId=c.UserId#c.Score,=,0,v.BountyAmount,>=,0,u.CreationDate,<=,1409078974#1791181719
comments c,postHistory ph,votes v,users u#u.Id=v.UserId,v.UserId=ph.UserId,ph.UserId=c.UserId#c.CreationDate,>=,1279570273,u.Views,>=,0,u.Views,<=,110#31071424
comments c,postHistory ph,votes v,users u#u.Id=v.UserId,v.UserId=ph.UserId,ph.UserId=c.UserId#c.Score,=,0,v.CreationDate,=,1401494400,u.UpVotes,<=,21#142
comments c,postHistory ph,votes v,users u#u.Id=v.UserId,v.UserId=ph.UserId,ph.UserId=c.UserId#c.Score,=,3,ph.PostHistoryTypeId,=,2,u.Reputation,<=,116#257
comments c,postHistory ph,votes v,users u#u.Id=v.UserId,v.UserId=ph.UserId,ph.UserId=c.UserId#ph.CreationDate,>=,1315498240,v.BountyAmount,<=,100,u.DownVotes,>=,0#2298882699
comments c,postHistory ph,votes v,users u#u.Id=v.UserId,v.UserId=ph.UserId,ph.UserId=c.UserId#c.Score,=,1,v.CreationDate,>=,1281225600,v.CreationDate,<=,1410393600#12342044329
comments c,postHistory ph,votes v,users u#u.Id=v.UserId,v.UserId=ph.UserId,ph.UserId=c.UserId#c.CreationDate,>=,1279929563,ph.PostHistoryTypeId,=,2,u.Views,>=,0#10856188615
comments c,postHistory ph,votes v,users u#u.Id=v.UserId,v.UserId=ph.UserId,ph.UserId=c.UserId#v.BountyAmount,>=,0,v.BountyAmount,<=,100,u.CreationDate,>=,1279581463#2494673400
comments c,postHistory ph,votes v,users u#u.Id=v.UserId,v.UserId=ph.UserId,ph.UserId=c.UserId#ph.CreationDate,<=,1410289043,v.CreationDate,<=,1409788800,u.Views,<=,97#25219296
comments c,postHistory ph,votes v,users u#u.Id=v.UserId,v.UserId=ph.UserId,ph.UserId=c.UserId#c.CreationDate,>=,1280689786,u.UpVotes,=,0,u.CreationDate,<=,1407672189#40847
comments c,postHistory ph,votes v,users u#u.Id=v.UserId,v.UserId=ph.UserId,ph.UserId=c.UserId#ph.PostHistoryTypeId,=,5,ph.CreationDate,>=,1285855291,u.CreationDate,<=,1410449006#29993060496
comments c,postHistory ph,votes v,users u#u.Id=v.UserId,v.UserId=ph.UserId,ph.UserId=c.UserId#c.CreationDate,>=,1279567878,ph.PostHistoryTypeId,=,2,u.UpVotes,>=,0#10857845723
comments c,postHistory ph,votes v,users u#u.Id=v.UserId,v.UserId=ph.UserId,ph.UserId=c.UserId#ph.CreationDate,>=,1284640474,v.BountyAmount,<=,50,u.DownVotes,>=,0#1951834933
comments c,postHistory ph,votes v,users u#u.Id=v.UserId,v.UserId=ph.UserId,ph.UserId=c.UserId#u.Views,>=,0,u.CreationDate,>=,1281408098,u.CreationDate,<=,1407934472#26041928588
comments c,postHistory ph,votes v,users u#u.Id=v.UserId,v.UserId=ph.UserId,ph.UserId=c.UserId#c.CreationDate,>=,1280409938,c.CreationDate,<=,1409866657,u.CreationDate,>=,1293041576#10266742062
comments c,postHistory ph,votes v,users u#u.Id=v.UserId,v.UserId=ph.UserId,ph.UserId=c.UserId#c.CreationDate,>=,1279570273,u.Views,>=,0,u.CreationDate,>=,1279584991#57383552704
comments c,postHistory ph,votes v,users u#u.Id=v.UserId,v.UserId=ph.UserId,ph.UserId=c.UserId#v.CreationDate,>=,1279929600,u.DownVotes,<=,0,u.CreationDate,>=,1299035121#17511048
comments c,postHistory ph,votes v,users u#u.Id=v.UserId,v.UserId=ph.UserId,ph.UserId=c.UserId#c.CreationDate,>=,1279603764,ph.CreationDate,<=,1410352469,u.DownVotes,>=,0#57797603702
comments c,postHistory ph,votes v,users u#u.Id=v.UserId,v.UserId=ph.UserId,ph.UserId=c.UserId#v.CreationDate,>=,1279497600,v.CreationDate,<=,1410480000,u.Views,<=,39#5468975
comments c,postHistory ph,votes v,users u#u.Id=v.UserId,v.UserId=ph.UserId,ph.UserId=c.UserId#c.Score,=,1,c.CreationDate,<=,1410510670,ph.PostHistoryTypeId,=,5#6364063864
comments c,postHistory ph,votes v,users u#u.Id=v.UserId,v.UserId=ph.UserId,ph.UserId=c.UserId#u.DownVotes,=,0,u.UpVotes,>=,0,u.UpVotes,<=,100#12725733
comments c,postHistory ph,votes v,users u#u.Id=v.UserId,v.UserId=ph.UserId,ph.UserId=c.UserId#ph.PostHistoryTypeId,=,5,u.UpVotes,>=,0,u.UpVotes,<=,11#284908
comments c,postHistory ph,votes v,users u#u.Id=v.UserId,v.UserId=ph.UserId,ph.UserId=c.UserId#c.Score,=,0,c.CreationDate,>=,1279822932,u.UpVotes,<=,74#18749853
comments c,postHistory ph,votes v,users u#u.Id=v.UserId,v.UserId=ph.UserId,ph.UserId=c.UserId#c.Score,=,0,v.CreationDate,<=,1409961600,u.Views,=,8#211092
comments c,postHistory ph,votes v,users u#u.Id=v.UserId,v.UserId=ph.UserId,ph.UserId=c.UserId#c.CreationDate,<=,1409808421,ph.PostHistoryTypeId,=,6,u.UpVotes,>=,0#7084395582
comments c,postHistory ph,votes v,users u#u.Id=v.UserId,v.UserId=ph.UserId,ph.UserId=c.UserId#c.Score,=,0,u.DownVotes,<=,0,u.UpVotes,<=,4#276271
comments c,postHistory ph,votes v,users u#u.Id=v.UserId,v.UserId=ph.UserId,ph.UserId=c.UserId#v.BountyAmount,>=,0,u.DownVotes,>=,0,u.UpVotes,>=,0#2738898835
comments c,postHistory ph,votes v,users u#u.Id=v.UserId,v.UserId=ph.UserId,ph.UserId=c.UserId#ph.CreationDate,>=,1290599209,u.DownVotes,<=,0,u.CreationDate,<=,1407196459#60814743
comments c,postHistory ph,votes v,users u#u.Id=v.UserId,v.UserId=ph.UserId,ph.UserId=c.UserId#c.Score,=,0,ph.PostHistoryTypeId,=,1,u.UpVotes,>=,0#100570118
comments c,postHistory ph,votes v,users u#u.Id=v.UserId,v.UserId=ph.UserId,ph.UserId=c.UserId#c.Score,=,0,c.CreationDate,>=,1279724492,c.CreationDate,<=,1410320605#37882133612
comments c,postHistory ph,votes v,users u#u.Id=v.UserId,v.UserId=ph.UserId,ph.UserId=c.UserId#ph.CreationDate,>=,1284639323,u.Views,>=,0,u.DownVotes,<=,1#80762019
comments c,postHistory ph,votes v,users u#u.Id=v.UserId,v.UserId=ph.UserId,ph.UserId=c.UserId#v.CreationDate,>=,1279670400,v.CreationDate,<=,1410566400,u.Reputation,=,1#1092
comments c,postHistory ph,votes v,users u#u.Id=v.UserId,v.UserId=ph.UserId,ph.UserId=c.UserId#c.Score,=,0,v.CreationDate,>=,1279497600,v.CreationDate,<=,1410393600#38094430582
comments c,postHistory ph,votes v,users u#u.Id=v.UserId,v.UserId=ph.UserId,ph.UserId=c.UserId#c.Score,=,1,v.BountyAmount,>=,0,v.CreationDate,>=,1280016000#589371691
comments c,postHistory ph,votes v,users u#u.Id=v.UserId,v.UserId=ph.UserId,ph.UserId=c.UserId#ph.PostHistoryTypeId,=,5,v.CreationDate,<=,1410134400,u.DownVotes,<=,0#13392586
comments c,postHistory ph,votes v,users u#u.Id=v.UserId,v.UserId=ph.UserId,ph.UserId=c.UserId#u.DownVotes,<=,0,u.CreationDate,>=,1280601807,u.CreationDate,<=,1408006205#61117105
comments c,postHistory ph,votes v,users u#u.Id=v.UserId,v.UserId=ph.UserId,ph.UserId=c.UserId#v.BountyAmount,>=,0,v.BountyAmount,<=,50,u.DownVotes,>=,0#1962608240
comments c,postHistory ph,votes v,users u#u.Id=v.UserId,v.UserId=ph.UserId,ph.UserId=c.UserId#c.Score,=,1,v.CreationDate,=,1391472000,u.Views,<=,123#1645
comments c,votes v,badges b,users u#u.Id=c.UserId,u.Id=v.UserId,u.Id=b.UserId#c.Score,=,0,v.BountyAmount,>=,0,v.BountyAmount,<=,50#64906162
comments c,votes v,badges b,users u#u.Id=c.UserId,u.Id=v.UserId,u.Id=b.UserId#v.BountyAmount,>=,0,u.Reputation,=,6,u.Views,>=,0#9
comments c,votes v,badges b,users u#u.Id=c.UserId,u.Id=v.UserId,u.Id=b.UserId#c.Score,=,2,v.CreationDate,>=,1279584000,u.CreationDate,>=,1285431066#36567499
comments c,votes v,badges b,users u#u.Id=c.UserId,u.Id=v.UserId,u.Id=b.UserId#b.Date,>=,1281133347,u.Reputation,>=,1,u.DownVotes,<=,2#14459804
comments c,votes v,badges b,users u#u.Id=c.UserId,u.Id=v.UserId,u.Id=b.UserId#b.Date,>=,1280240624,u.Reputation,>=,1,u.DownVotes,>=,0#2807064336
comments c,votes v,badges b,users u#u.Id=c.UserId,u.Id=v.UserId,u.Id=b.UserId#u.DownVotes,>=,0,u.CreationDate,>=,1280217944,u.CreationDate,<=,1407446241#2752672138
comments c,votes v,badges b,users u#u.Id=c.UserId,u.Id=v.UserId,u.Id=b.UserId#v.BountyAmount,<=,50,u.CreationDate,>=,1283656970,u.CreationDate,<=,1409046148#8386689
comments c,votes v,badges b,users u#u.Id=c.UserId,u.Id=v.UserId,u.Id=b.UserId#u.Reputation,<=,1354,u.CreationDate,>=,1280440298,u.CreationDate,<=,1408301036#13491098
comments c,votes v,badges b,users u#u.Id=c.UserId,u.Id=v.UserId,u.Id=b.UserId#c.Score,=,0,b.Date,=,1399486943,u.UpVotes,>=,0#10
comments c,votes v,badges b,users u#u.Id=c.UserId,u.Id=v.UserId,u.Id=b.UserId#v.BountyAmount,<=,50,u.Reputation,>=,1,u.Reputation,<=,108#29631
comments c,votes v,badges b,users u#u.Id=c.UserId,u.Id=v.UserId,u.Id=b.UserId#c.CreationDate,<=,1408659713,u.Reputation,>=,1,u.Views,>=,0#2719683176
comments c,votes v,badges b,users u#u.Id=c.UserId,u.Id=v.UserId,u.Id=b.UserId#c.Score,=,0,u.Reputation,<=,426,u.UpVotes,>=,0#2086114
comments c,votes v,badges b,users u#u.Id=c.UserId,u.Id=v.UserId,u.Id=b.UserId#c.Score,=,0,u.Reputation,>=,1,u.DownVotes,<=,0#6066979
comments c,votes v,badges b,users u#u.Id=c.UserId,u.Id=v.UserId,u.Id=b.UserId#u.Reputation,>=,1,u.Reputation,<=,4800,u.DownVotes,<=,20#27434632
comments c,votes v,badges b,users u#u.Id=c.UserId,u.Id=v.UserId,u.Id=b.UserId#v.BountyAmount,<=,50,u.Views,>=,0,u.DownVotes,<=,0#193282
comments c,votes v,badges b,users u#u.Id=c.UserId,u.Id=v.UserId,u.Id=b.UserId#c.CreationDate,=,1355713315,b.Date,>=,1279568947,u.DownVotes,<=,1#33
comments c,votes v,badges b,users u#u.Id=c.UserId,u.Id=v.UserId,u.Id=b.UserId#b.Date,>=,1279621749,b.Date,<=,1409798138,u.DownVotes,<=,2#14792766
comments c,votes v,badges b,users u#u.Id=c.UserId,u.Id=v.UserId,u.Id=b.UserId#c.Score,=,0,c.CreationDate,>=,1281646447,c.CreationDate,<=,1410370859#1829442049
comments c,votes v,badges b,users u#u.Id=c.UserId,u.Id=v.UserId,u.Id=b.UserId#v.BountyAmount,<=,100,u.Reputation,>=,1,u.Reputation,<=,255#95877
comments c,votes v,badges b,users u#u.Id=c.UserId,u.Id=v.UserId,u.Id=b.UserId#u.Reputation,>=,1,u.Views,>=,0,u.CreationDate,<=,1407748249#2810032069
comments c,votes v,badges b,users u#u.Id=c.UserId,u.Id=v.UserId,u.Id=b.UserId#v.CreationDate,<=,1409875200,u.Reputation,>=,1,u.Views,>=,0#2796407070
comments c,votes v,badges b,users u#u.Id=c.UserId,u.Id=v.UserId,u.Id=b.UserId#v.CreationDate,<=,1410480000,u.Reputation,<=,442,u.DownVotes,<=,0#1268150
comments c,votes v,badges b,users u#u.Id=c.UserId,u.Id=v.UserId,u.Id=b.UserId#v.CreationDate,>=,1280275200,u.Views,>=,0,u.Views,<=,137#7478507
comments c,votes v,badges b,users u#u.Id=c.UserId,u.Id=v.UserId,u.Id=b.UserId#c.Score,=,2,b.Date,<=,1410201747,u.CreationDate,<=,1409600441#217633747
comments c,votes v,badges b,users u#u.Id=c.UserId,u.Id=v.UserId,u.Id=b.UserId#v.BountyAmount,<=,50,v.CreationDate,<=,1410393600,u.Reputation,>=,1#100050137
comments c,votes v,badges b,users u#u.Id=c.UserId,u.Id=v.UserId,u.Id=b.UserId#c.Score,=,0,u.Reputation,<=,741,u.UpVotes,>=,0#4668581
comments c,votes v,badges b,users u#u.Id=c.UserId,u.Id=v.UserId,u.Id=b.UserId#c.Score,=,1,b.Date,>=,1279568947,u.DownVotes,<=,2#1455580
comments c,votes v,badges b,users u#u.Id=c.UserId,u.Id=v.UserId,u.Id=b.UserId#c.CreationDate,>=,1279630177,v.BountyAmount,>=,0,u.Reputation,>=,1#140870673
comments c,votes v,badges b,users u#u.Id=c.UserId,u.Id=v.UserId,u.Id=b.UserId#v.CreationDate,>=,1279497600,v.CreationDate,<=,1410566400,b.Date,>=,1280919634#2806468609
comments c,votes v,badges b,users u#u.Id=c.UserId,u.Id=v.UserId,u.Id=b.UserId#b.Date,>=,1280368139,u.Views,<=,148,u.UpVotes,=,0#11644
comments c,votes v,badges b,users u#u.Id=c.UserId,u.Id=v.UserId,u.Id=b.UserId#c.CreationDate,>=,1279797852,v.CreationDate,>=,1279584000,b.Date,<=,1409559192#2733541112
comments c,votes v,badges b,users u#u.Id=c.UserId,u.Id=v.UserId,u.Id=b.UserId#c.Score,=,0,c.CreationDate,<=,1410374004,v.BountyAmount,>=,0#91102656
comments c,votes v,badges b,users u#u.Id=c.UserId,u.Id=v.UserId,u.Id=b.UserId#c.Score,=,0,c.CreationDate,<=,1410362191,u.DownVotes,<=,0#6059649
comments c,votes v,badges b,users u#u.Id=c.UserId,u.Id=v.UserId,u.Id=b.UserId#c.Score,=,0,c.CreationDate,<=,1410622218,v.BountyAmount,>=,0#91499533
comments c,votes v,badges b,users u#u.Id=c.UserId,u.Id=v.UserId,u.Id=b.UserId#b.Date,>=,1279568348,u.Reputation,>=,1,u.CreationDate,>=,1292067109#415415595
comments c,votes v,badges b,users u#u.Id=c.UserId,u.Id=v.UserId,u.Id=b.UserId#c.CreationDate,>=,1279606472,c.CreationDate,<=,1410310768,u.CreationDate,>=,1279594081#2777985694
comments c,votes v,badges b,users u#u.Id=c.UserId,u.Id=v.UserId,u.Id=b.UserId#c.CreationDate,<=,1410396532,b.Date,>=,1279574046,u.UpVotes,>=,0#2799928391
comments c,votes v,badges b,users u#u.Id=c.UserId,u.Id=v.UserId,u.Id=b.UserId#b.Date,>=,1279590547,u.Reputation,<=,44152,u.CreationDate,<=,1410533572#821403534
comments c,votes v,badges b,users u#u.Id=c.UserId,u.Id=v.UserId,u.Id=b.UserId#v.BountyAmount,<=,50,b.Date,>=,1280251124,u.DownVotes,>=,0#100007211
comments c,votes v,badges b,users u#u.Id=c.UserId,u.Id=v.UserId,u.Id=b.UserId#u.Views,>=,0,u.DownVotes,<=,0,u.UpVotes,<=,72#1808590
comments c,votes v,badges b,users u#u.Id=c.UserId,u.Id=v.UserId,u.Id=b.UserId#u.UpVotes,>=,0,u.CreationDate,>=,1285909492,u.CreationDate,<=,1409736729#428459880
comments c,votes v,badges b,users u#u.Id=c.UserId,u.Id=v.UserId,u.Id=b.UserId#v.VoteTypeId,=,5,u.Views,>=,0,u.UpVotes,=,0#10416
comments c,votes v,badges b,users u#u.Id=c.UserId,u.Id=v.UserId,u.Id=b.UserId#c.CreationDate,>=,1279580490,u.Views,=,1,u.UpVotes,<=,79#6908
comments c,votes v,badges b,users u#u.Id=c.UserId,u.Id=v.UserId,u.Id=b.UserId#u.Reputation,<=,1178,u.Views,>=,0,u.CreationDate,<=,1407308286#10593407
comments c,votes v,badges b,users u#u.Id=c.UserId,u.Id=v.UserId,u.Id=b.UserId#c.Score,=,0,u.Views,<=,839,u.UpVotes,<=,34#1152840
comments c,votes v,badges b,users u#u.Id=c.UserId,u.Id=v.UserId,u.Id=b.UserId#c.Score,=,0,v.BountyAmount,>=,0,b.Date,>=,1280059415#91512936
comments c,votes v,badges b,users u#u.Id=c.UserId,u.Id=v.UserId,u.Id=b.UserId#u.Reputation,>=,1,u.Reputation,<=,216,u.UpVotes,<=,55#503620
comments c,votes v,badges b,users u#u.Id=c.UserId,u.Id=v.UserId,u.Id=b.UserId#c.Score,=,0,v.BountyAmount,>=,0,u.UpVotes,>=,0#91539608
comments c,votes v,badges b,users u#u.Id=c.UserId,u.Id=v.UserId,u.Id=b.UserId#c.CreationDate,>=,1279570288,u.Reputation,>=,1,u.Reputation,<=,1068#10108618
comments c,votes v,badges b,users u#u.Id=c.UserId,u.Id=v.UserId,u.Id=b.UserId#u.Reputation,<=,1274,u.Views,>=,0,u.Views,<=,241#8064192
comments c,votes v,badges b,users u#u.Id=c.UserId,u.Id=v.UserId,u.Id=b.UserId#c.CreationDate,<=,1410184669,u.Reputation,>=,1,u.Reputation,<=,119#395180
comments c,votes v,badges b,users u#u.Id=c.UserId,u.Id=v.UserId,u.Id=b.UserId#v.BountyAmount,>=,0,v.BountyAmount,<=,50,u.CreationDate,>=,1296900783#7639179
comments c,votes v,badges b,users u#u.Id=c.UserId,u.Id=v.UserId,u.Id=b.UserId#c.Score,=,0,v.BountyAmount,>=,0,u.DownVotes,=,0#230097
comments c,votes v,badges b,users u#u.Id=c.UserId,u.Id=v.UserId,u.Id=b.UserId#v.CreationDate,>=,1258588800,u.Reputation,<=,756,u.Views,=,0#3968
comments c,votes v,badges b,users u#u.Id=c.UserId,u.Id=v.UserId,u.Id=b.UserId#c.Score,=,0,c.CreationDate,>=,1280333365,b.Date,=,1332605904#118
comments c,votes v,badges b,users u#u.Id=c.UserId,u.Id=v.UserId,u.Id=b.UserId#c.Score,=,0,b.Date,>=,1280175222,u.Reputation,=,21#839
comments c,votes v,badges b,users u#u.Id=c.UserId,u.Id=v.UserId,u.Id=b.UserId#c.Score,=,0,v.CreationDate,>=,1279670400,u.DownVotes,>=,0#1841477772
comments c,votes v,badges b,users u#u.Id=c.UserId,u.Id=v.UserId,u.Id=b.UserId#v.VoteTypeId,=,5,b.Date,>=,1279568350,b.Date,<=,1409584214#2597242928
comments c,votes v,badges b,users u#u.Id=c.UserId,u.Id=v.UserId,u.Id=b.UserId#c.Score,=,3,u.UpVotes,=,0,u.CreationDate,>=,1281560429#65
comments c,votes v,badges b,users u#u.Id=c.UserId,u.Id=v.UserId,u.Id=b.UserId#v.VoteTypeId,=,5,b.Date,<=,1409221553,u.Reputation,<=,485#3243019
comments c,votes v,badges b,users u#u.Id=c.UserId,u.Id=v.UserId,u.Id=b.UserId#u.Reputation,>=,1,u.Reputation,<=,631,u.Views,=,0#3968
comments c,votes v,badges b,users u#u.Id=c.UserId,u.Id=v.UserId,u.Id=b.UserId#c.Score,=,0,v.CreationDate,<=,1410480000,u.CreationDate,<=,1410249541#1841541342
comments c,votes v,badges b,users u#u.Id=c.UserId,u.Id=v.UserId,u.Id=b.UserId#v.CreationDate,>=,1279584000,v.CreationDate,<=,1410220800,b.Date,<=,1410278481#2791211098
comments c,votes v,badges b,users u#u.Id=c.UserId,u.Id=v.UserId,u.Id=b.UserId#v.BountyAmount,<=,100,v.CreationDate,<=,1410220800,u.Views,=,1#256
comments c,votes v,badges b,users u#u.Id=c.UserId,u.Id=v.UserId,u.Id=b.UserId#v.CreationDate,<=,1410480000,u.Views,<=,17,u.UpVotes,>=,0#321503
comments c,votes v,badges b,users u#u.Id=c.UserId,u.Id=v.UserId,u.Id=b.UserId#b.Date,>=,1280322834,u.Reputation,<=,180,u.Views,>=,0#631934
comments c,votes v,badges b,users u#u.Id=c.UserId,u.Id=v.UserId,u.Id=b.UserId#c.Score,=,0,b.Date,>=,1279705992,u.CreationDate,<=,1408926277#1840192696
comments c,votes v,badges b,users u#u.Id=c.UserId,u.Id=v.UserId,u.Id=b.UserId#c.Score,=,3,c.CreationDate,>=,1280173651,v.BountyAmount,>=,0#4242369
comments c,votes v,badges b,users u#u.Id=c.UserId,u.Id=v.UserId,u.Id=b.UserId#v.BountyAmount,>=,0,v.BountyAmount,<=,100,u.DownVotes,>=,0#127409897
comments c,votes v,badges b,users u#u.Id=c.UserId,u.Id=v.UserId,u.Id=b.UserId#v.BountyAmount,<=,50,u.Views,<=,174,u.DownVotes,=,0#138845
comments c,votes v,badges b,users u#u.Id=c.UserId,u.Id=v.UserId,u.Id=b.UserId#v.BountyAmount,<=,100,u.Views,>=,0,u.UpVotes,>=,0#127409897
comments c,votes v,badges b,users u#u.Id=c.UserId,u.Id=v.UserId,u.Id=b.UserId#c.CreationDate,>=,1282251044,c.CreationDate,<=,1410206013,u.Reputation,>=,1#2781506047
comments c,votes v,badges b,users u#u.Id=c.UserId,u.Id=v.UserId,u.Id=b.UserId#u.DownVotes,>=,0,u.DownVotes,<=,19,u.CreationDate,>=,1290603189#27502411
comments c,votes v,badges b,users u#u.Id=c.UserId,u.Id=v.UserId,u.Id=b.UserId#v.CreationDate,>=,1279584000,u.Reputation,<=,5850,u.DownVotes,<=,0#6144728
comments c,votes v,badges b,users u#u.Id=c.UserId,u.Id=v.UserId,u.Id=b.UserId#c.Score,=,0,u.Views,>=,0,u.DownVotes,<=,3#13298717
comments c,votes v,badges b,users u#u.Id=c.UserId,u.Id=v.UserId,u.Id=b.UserId#c.CreationDate,>=,1282819791,v.BountyAmount,>=,0,u.Views,>=,0#140565804
comments c,votes v,badges b,users u#u.Id=c.UserId,u.Id=v.UserId,u.Id=b.UserId#c.Score,=,0,c.CreationDate,>=,1280275689,u.UpVotes,>=,0#1840502264
comments c,votes v,badges b,users u#u.Id=c.UserId,u.Id=v.UserId,u.Id=b.UserId#c.Score,=,0,b.Date,<=,1410484054,u.DownVotes,=,0#6065166
comments c,votes v,badges b,users u#u.Id=c.UserId,u.Id=v.UserId,u.Id=b.UserId#v.CreationDate,=,1376784000,u.Reputation,<=,136,u.UpVotes,<=,18#24
comments c,votes v,badges b,users u#u.Id=c.UserId,u.Id=v.UserId,u.Id=b.UserId#c.Score,=,0,c.CreationDate,<=,1407941254,u.UpVotes,=,0#10562
comments c,votes v,badges b,users u#u.Id=c.UserId,u.Id=v.UserId,u.Id=b.UserId#c.CreationDate,<=,1410226268,u.CreationDate,>=,1279609444,u.CreationDate,<=,1410605315#2761722646
comments c,votes v,badges b,users u#u.Id=c.UserId,u.Id=v.UserId,u.Id=b.UserId#b.Date,>=,1279580947,u.Reputation,<=,236,u.DownVotes,=,0#679570
comments c,votes v,badges b,users u#u.Id=c.UserId,u.Id=v.UserId,u.Id=b.UserId#c.CreationDate,>=,1281628415,u.DownVotes,>=,0,u.UpVotes,>=,0#2804685993
comments c,votes v,badges b,users u#u.Id=c.UserId,u.Id=v.UserId,u.Id=b.UserId#c.CreationDate,>=,1279623205,b.Date,<=,1409342057,u.Reputation,=,1#316
comments c,votes v,badges b,users u#u.Id=c.UserId,u.Id=v.UserId,u.Id=b.UserId#v.VoteTypeId,=,5,u.DownVotes,>=,0,u.CreationDate,<=,1409940888#2669165856
comments c,votes v,badges b,users u#u.Id=c.UserId,u.Id=v.UserId,u.Id=b.UserId#v.CreationDate,>=,1279497600,u.Reputation,>=,1,u.DownVotes,=,0#6793760
comments c,votes v,badges b,users u#u.Id=c.UserId,u.Id=v.UserId,u.Id=b.UserId#c.Score,=,0,c.CreationDate,>=,1280180671,u.Views,<=,11#194787
comments c,votes v,badges b,users u#u.Id=c.UserId,u.Id=v.UserId,u.Id=b.UserId#c.Score,=,0,u.Reputation,>=,1,u.DownVotes,<=,2#12561358
comments c,votes v,badges b,users u#u.Id=c.UserId,u.Id=v.UserId,u.Id=b.UserId#u.UpVotes,<=,156,u.CreationDate,>=,1281054565,u.CreationDate,<=,1409312307#7457100
comments c,votes v,badges b,users u#u.Id=c.UserId,u.Id=v.UserId,u.Id=b.UserId#c.CreationDate,>=,1280170517,u.DownVotes,<=,3,u.UpVotes,>=,0#15776086
comments c,votes v,badges b,users u#u.Id=c.UserId,u.Id=v.UserId,u.Id=b.UserId#c.Score,=,0,b.Date,>=,1280214224,u.Reputation,>=,1#1839850662
comments c,votes v,badges b,users u#u.Id=c.UserId,u.Id=v.UserId,u.Id=b.UserId#v.VoteTypeId,=,5,u.UpVotes,>=,0,u.CreationDate,<=,1406095954#2669162939
comments c,votes v,badges b,users u#u.Id=c.UserId,u.Id=v.UserId,u.Id=b.UserId#c.CreationDate,>=,1280088455,u.Views,<=,14,u.CreationDate,<=,1409779125#252355
comments c,votes v,badges b,users u#u.Id=c.UserId,u.Id=v.UserId,u.Id=b.UserId#v.CreationDate,>=,1279584000,v.CreationDate,<=,1410480000,u.DownVotes,>=,0#2809994674
comments c,votes v,badges b,users u#u.Id=c.UserId,u.Id=v.UserId,u.Id=b.UserId#v.CreationDate,>=,1279756800,v.CreationDate,<=,1410307200,u.Reputation,<=,315#1605102
comments c,votes v,badges b,users u#u.Id=c.UserId,u.Id=v.UserId,u.Id=b.UserId#c.Score,=,0,v.CreationDate,>=,1279497600,u.Reputation,<=,254#964309
comments c,votes v,badges b,users u#u.Id=c.UserId,u.Id=v.UserId,u.Id=b.UserId#v.CreationDate,>=,1280102400,v.CreationDate,<=,1410393600,u.Views,>=,0#2808555294
comments c,votes v,badges b,users u#u.Id=c.UserId,u.Id=v.UserId,u.Id=b.UserId#c.Score,=,0,u.Views,>=,0,u.DownVotes,=,0#6066979
comments c,votes v,badges b,users u#u.Id=c.UserId,u.Id=v.UserId,u.Id=b.UserId#c.Score,=,0,c.CreationDate,<=,1410187894,u.UpVotes,>=,0#1825924626
comments c,votes v,badges b,users u#u.Id=c.UserId,u.Id=v.UserId,u.Id=b.UserId#c.Score,=,1,c.CreationDate,<=,1410403042,u.CreationDate,<=,1407930813#594694267
comments c,votes v,badges b,users u#u.Id=c.UserId,u.Id=v.UserId,u.Id=b.UserId#u.Reputation,<=,158,u.Views,<=,11,u.DownVotes,<=,0#124010
comments c,votes v,badges b,users u#u.Id=c.UserId,u.Id=v.UserId,u.Id=b.UserId#v.CreationDate,>=,1279670400,u.Reputation,>=,1,u.Reputation,<=,258#1093794
comments c,votes v,badges b,users u#u.Id=c.UserId,u.Id=v.UserId,u.Id=b.UserId#b.Date,>=,1279832900,u.Reputation,<=,128,u.Views,<=,260#410943
comments c,votes v,badges b,users u#u.Id=c.UserId,u.Id=v.UserId,u.Id=b.UserId#c.Score,=,0,v.BountyAmount,<=,50,u.UpVotes,>=,0#64906162
comments c,votes v,badges b,users u#u.Id=c.UserId,u.Id=v.UserId,u.Id=b.UserId#v.CreationDate,>=,1280707200,u.Reputation,>=,1,u.Views,>=,0#2806262234
comments c,votes v,badges b,users u#u.Id=c.UserId,u.Id=v.UserId,u.Id=b.UserId#v.BountyAmount,>=,0,v.BountyAmount,<=,50,u.Views,>=,0#100050191
comments c,votes v,badges b,users u#u.Id=c.UserId,u.Id=v.UserId,u.Id=b.UserId#v.BountyAmount,>=,0,u.Views,>=,0,u.Views,<=,129#362286
comments c,votes v,badges b,users u#u.Id=c.UserId,u.Id=v.UserId,u.Id=b.UserId#v.BountyAmount,>=,0,u.UpVotes,<=,100,u.CreationDate,>=,1296027737#474675
comments c,votes v,badges b,users u#u.Id=c.UserId,u.Id=v.UserId,u.Id=b.UserId#c.Score,=,0,v.BountyAmount,<=,50,u.CreationDate,<=,1410441187#64906162
comments c,votes v,badges b,users u#u.Id=c.UserId,u.Id=v.UserId,u.Id=b.UserId#u.Views,=,0,u.UpVotes,<=,233,u.CreationDate,<=,1409414025#3968
comments c,votes v,badges b,users u#u.Id=c.UserId,u.Id=v.UserId,u.Id=b.UserId#v.BountyAmount,<=,50,u.Views,>=,0,u.DownVotes,>=,0#100050191
comments c,votes v,badges b,users u#u.Id=c.UserId,u.Id=v.UserId,u.Id=b.UserId#c.Score,=,0,v.CreationDate,=,1308700800,u.Views,>=,0#62812
comments c,votes v,badges b,users u#u.Id=c.UserId,u.Id=v.UserId,u.Id=b.UserId#c.CreationDate,<=,1410193111,u.Reputation,>=,1,u.Views,<=,34#953614
comments c,votes v,badges b,users u#u.Id=c.UserId,u.Id=v.UserId,u.Id=b.UserId#b.Date,<=,1409996990,u.Reputation,>=,1,u.DownVotes,<=,5#44052093
comments c,votes v,badges b,users u#u.Id=c.UserId,u.Id=v.UserId,u.Id=b.UserId#c.Score,=,1,b.Date,>=,1279568347,u.DownVotes,>=,0#596329310
comments c,votes v,badges b,users u#u.Id=c.UserId,u.Id=v.UserId,u.Id=b.UserId#b.Date,<=,1410441301,u.Views,=,15,u.CreationDate,>=,1280197684#27370
comments c,votes v,badges b,users u#u.Id=c.UserId,u.Id=v.UserId,u.Id=b.UserId#v.CreationDate,>=,1281571200,u.Views,>=,0,u.UpVotes,<=,300#19779438
comments c,votes v,badges b,users u#u.Id=c.UserId,u.Id=v.UserId,u.Id=b.UserId#c.Score,=,0,b.Date,>=,1279710792,b.Date,<=,1409584214#1788653295
comments c,votes v,badges b,users u#u.Id=c.UserId,u.Id=v.UserId,u.Id=b.UserId#b.Date,>=,1280214224,u.Reputation,<=,436,u.Views,>=,0#2353704
comments c,votes v,badges b,users u#u.Id=c.UserId,u.Id=v.UserId,u.Id=b.UserId#c.Score,=,0,v.CreationDate,<=,1410220800,u.DownVotes,=,0#6050893
comments c,votes v,badges b,users u#u.Id=c.UserId,u.Id=v.UserId,u.Id=b.UserId#v.VoteTypeId,=,5,v.CreationDate,<=,1410048000,b.Date,<=,1409243678#2574570428
comments c,votes v,badges b,users u#u.Id=c.UserId,u.Id=v.UserId,u.Id=b.UserId#v.CreationDate,>=,1279584000,u.Reputation,>=,1,u.CreationDate,<=,1410458861#2810008850
comments c,votes v,badges b,users u#u.Id=c.UserId,u.Id=v.UserId,u.Id=b.UserId#c.Score,=,0,v.VoteTypeId,=,5,u.CreationDate,>=,1280937776#1700049575
comments c,votes v,badges b,users u#u.Id=c.UserId,u.Id=v.UserId,u.Id=b.UserId#v.VoteTypeId,=,5,b.Date,<=,1409565976,u.UpVotes,>=,0#2597375744
comments c,votes v,badges b,users u#u.Id=c.UserId,u.Id=v.UserId,u.Id=b.UserId#v.CreationDate,<=,1410220800,b.Date,<=,1408290466,u.DownVotes,>=,0#2662080989
comments c,votes v,badges b,users u#u.Id=c.UserId,u.Id=v.UserId,u.Id=b.UserId#c.Score,=,0,u.UpVotes,=,0,u.CreationDate,<=,1410506647#10841
comments c,votes v,badges b,users u#u.Id=c.UserId,u.Id=v.UserId,u.Id=b.UserId#c.Score,=,2,u.Views,>=,0,u.Views,<=,43#32669
comments c,votes v,badges b,users u#u.Id=c.UserId,u.Id=v.UserId,u.Id=b.UserId#u.Reputation,<=,1102,u.Views,>=,0,u.Views,<=,176#6485124
comments c,votes v,badges b,users u#u.Id=c.UserId,u.Id=v.UserId,u.Id=b.UserId#u.Views,>=,0,u.CreationDate,>=,1303927768,u.CreationDate,<=,1408434822#394374913
comments c,votes v,badges b,users u#u.Id=c.UserId,u.Id=v.UserId,u.Id=b.UserId#b.Date,>=,1282146546,u.Reputation,>=,1,u.Reputation,<=,591#4123932
comments c,votes v,badges b,users u#u.Id=c.UserId,u.Id=v.UserId,u.Id=b.UserId#c.CreationDate,<=,1410639559,v.CreationDate,<=,1410307200,u.CreationDate,<=,1409553519#2809200870
comments c,votes v,badges b,users u#u.Id=c.UserId,u.Id=v.UserId,u.Id=b.UserId#v.CreationDate,<=,1410566400,u.DownVotes,<=,110,u.UpVotes,>=,0#141583222
comments c,votes v,badges b,users u#u.Id=c.UserId,u.Id=v.UserId,u.Id=b.UserId#c.Score,=,0,c.CreationDate,>=,1281948478,u.DownVotes,=,0#5900733
comments c,votes v,badges b,users u#u.Id=c.UserId,u.Id=v.UserId,u.Id=b.UserId#c.Score,=,0,v.VoteTypeId,=,5,u.Views,<=,50#1419269
comments c,votes v,badges b,users u#u.Id=c.UserId,u.Id=v.UserId,u.Id=b.UserId#v.BountyAmount,>=,0,u.Views,>=,0,u.CreationDate,>=,1290631366#9162407
comments c,votes v,badges b,users u#u.Id=c.UserId,u.Id=v.UserId,u.Id=b.UserId#u.Reputation,>=,1,u.Reputation,<=,101,u.UpVotes,<=,17#100679
comments c,votes v,badges b,users u#u.Id=c.UserId,u.Id=v.UserId,u.Id=b.UserId#c.Score,=,1,c.CreationDate,<=,1410185703,b.Date,>=,1280191723#591539945
comments c,votes v,badges b,users u#u.Id=c.UserId,u.Id=v.UserId,u.Id=b.UserId#v.BountyAmount,<=,100,u.Views,>=,0,u.UpVotes,<=,68#353453
comments c,votes v,badges b,users u#u.Id=c.UserId,u.Id=v.UserId,u.Id=b.UserId#c.Score,=,0,u.Views,=,6,u.CreationDate,>=,1279588147#12504
comments c,votes v,badges b,users u#u.Id=c.UserId,u.Id=v.UserId,u.Id=b.UserId#v.BountyAmount,>=,0,u.CreationDate,>=,1287390648,u.CreationDate,<=,1410354279#10019376
comments c,votes v,badges b,users u#u.Id=c.UserId,u.Id=v.UserId,u.Id=b.UserId#v.BountyAmount,<=,50,u.Reputation,<=,4096,u.Views,>=,0#1433504
comments c,votes v,badges b,users u#u.Id=c.UserId,u.Id=v.UserId,u.Id=b.UserId#c.Score,=,0,u.DownVotes,<=,0,u.CreationDate,<=,1410422134#6066976
comments c,votes v,badges b,users u#u.Id=c.UserId,u.Id=v.UserId,u.Id=b.UserId#c.CreationDate,>=,1282598376,u.Views,>=,0,u.DownVotes,>=,0#2800298838
comments c,votes v,badges b,users u#u.Id=c.UserId,u.Id=v.UserId,u.Id=b.UserId#b.Date,>=,1290650763,u.Reputation,>=,1,u.CreationDate,<=,1410419736#2708509383
comments c,votes v,badges b,users u#u.Id=c.UserId,u.Id=v.UserId,u.Id=b.UserId#c.CreationDate,<=,1410592197,b.Date,>=,1279753394,b.Date,<=,1406529886#2538556350
comments c,votes v,badges b,users u#u.Id=c.UserId,u.Id=v.UserId,u.Id=b.UserId#v.BountyAmount,>=,0,v.BountyAmount,<=,50,u.Reputation,<=,166#46828
comments c,postLinks pl,postHistory ph,votes v#pl.PostId=c.PostId,c.PostId=ph.PostId,ph.PostId=v.PostId#pl.LinkTypeId,=,1,pl.CreationDate,>=,1289523962,v.CreationDate,>=,1282176000#2019059
comments c,postLinks pl,postHistory ph,votes v#pl.PostId=c.PostId,c.PostId=ph.PostId,ph.PostId=v.PostId#pl.LinkTypeId,=,1,v.CreationDate,>=,1279756800,v.CreationDate,<=,1409961600#2090890
comments c,postLinks pl,postHistory ph,votes v#pl.PostId=c.PostId,c.PostId=ph.PostId,ph.PostId=v.PostId#c.Score,=,0,c.CreationDate,>=,1279681094,ph.PostHistoryTypeId,=,5#298630
comments c,postLinks pl,postHistory ph,votes v#pl.PostId=c.PostId,c.PostId=ph.PostId,ph.PostId=v.PostId#ph.PostHistoryTypeId,=,5,v.VoteTypeId,=,2,v.CreationDate,>=,1279584000#305184
comments c,postLinks pl,postHistory ph,votes v#pl.PostId=c.PostId,c.PostId=ph.PostId,ph.PostId=v.PostId#ph.CreationDate,>=,1284116279,v.CreationDate,>=,1279584000,v.CreationDate,<=,1410480000#1985310
comments c,postLinks pl,postHistory ph,votes v#pl.PostId=c.PostId,c.PostId=ph.PostId,ph.PostId=v.PostId#c.CreationDate,>=,1280440242,v.VoteTypeId,=,5,v.CreationDate,<=,1410393600#645304
comments c,postLinks pl,postHistory ph,votes v#pl.PostId=c.PostId,c.PostId=ph.PostId,ph.PostId=v.PostId#pl.CreationDate,>=,1282080496,pl.CreationDate,<=,1404181890,v.VoteTypeId,=,16#40369
comments c,postLinks pl,postHistory ph,votes v#pl.PostId=c.PostId,c.PostId=ph.PostId,ph.PostId=v.PostId#c.Score,=,1,ph.PostHistoryTypeId,=,3,v.CreationDate,=,1359590400#15
comments c,postLinks pl,postHistory ph,votes v#pl.PostId=c.PostId,c.PostId=ph.PostId,ph.PostId=v.PostId#pl.CreationDate,>=,1308840852,pl.CreationDate,<=,1407267474,ph.CreationDate,>=,1279864544#1777497
comments c,postLinks pl,postHistory ph,votes v#pl.PostId=c.PostId,c.PostId=ph.PostId,ph.PostId=v.PostId#pl.CreationDate,<=,1406262947,ph.PostHistoryTypeId,=,2,v.VoteTypeId,=,5#82347
comments c,postLinks pl,postHistory ph,votes v#pl.PostId=c.PostId,c.PostId=ph.PostId,ph.PostId=v.PostId#ph.PostHistoryTypeId,=,1,ph.CreationDate,>=,1307046199,v.VoteTypeId,=,8#1574
comments c,postLinks pl,postHistory ph,votes v#pl.PostId=c.PostId,c.PostId=ph.PostId,ph.PostId=v.PostId#c.Score,=,0,pl.CreationDate,>=,1302428446,pl.CreationDate,<=,1406597053#1077302
comments c,postLinks pl,postHistory ph,votes v#pl.PostId=c.PostId,c.PostId=ph.PostId,ph.PostId=v.PostId#c.Score,=,0,v.CreationDate,>=,1233532800,v.CreationDate,<=,1410134400#1225080
comments c,postLinks pl,postHistory ph,votes v#pl.PostId=c.PostId,c.PostId=ph.PostId,ph.PostId=v.PostId#c.Score,=,0,pl.CreationDate,>=,1287935853,pl.CreationDate,<=,1394573499#1027881
comments c,postLinks pl,postHistory ph,votes v#pl.PostId=c.PostId,c.PostId=ph.PostId,ph.PostId=v.PostId#pl.LinkTypeId,=,1,ph.PostHistoryTypeId,=,2,v.VoteTypeId,=,5#83292
comments c,postLinks pl,postHistory ph,votes v#pl.PostId=c.PostId,c.PostId=ph.PostId,ph.PostId=v.PostId#pl.CreationDate,>=,1280664514,ph.CreationDate,>=,1280612039,v.CreationDate,<=,1410566400#2068833
comments c,postLinks pl,postHistory ph,votes v#pl.PostId=c.PostId,c.PostId=ph.PostId,ph.PostId=v.PostId#c.CreationDate,<=,1409831277,pl.CreationDate,<=,1406468839,v.VoteTypeId,=,2#1298401
comments c,postLinks pl,postHistory ph,votes v#pl.PostId=c.PostId,c.PostId=ph.PostId,ph.PostId=v.PostId#c.CreationDate,>=,1279637405,c.CreationDate,<=,1410142292,pl.CreationDate,>=,1286555156#2089058
comments c,postLinks pl,postHistory ph,votes v#pl.PostId=c.PostId,c.PostId=ph.PostId,ph.PostId=v.PostId#c.CreationDate,<=,1409947469,v.VoteTypeId,=,2,v.CreationDate,>=,1279497600#1331416
comments c,postLinks pl,postHistory ph,votes v#pl.PostId=c.PostId,c.PostId=ph.PostId,ph.PostId=v.PostId#c.Score,=,0,v.CreationDate,>=,1279497600,v.CreationDate,<=,1410652800#1232267
comments c,postLinks pl,postHistory ph,votes v#pl.PostId=c.PostId,c.PostId=ph.PostId,ph.PostId=v.PostId#c.CreationDate,>=,1281625405,v.CreationDate,>=,1282694400,v.CreationDate,<=,1410134400#2027656
comments c,postLinks pl,postHistory ph,votes v#pl.PostId=c.PostId,c.PostId=ph.PostId,ph.PostId=v.PostId#c.Score,=,0,pl.LinkTypeId,=,1,v.VoteTypeId,=,2#776879
comments c,postLinks pl,postHistory ph,votes v#pl.PostId=c.PostId,c.PostId=ph.PostId,ph.PostId=v.PostId#c.Score,=,3,pl.LinkTypeId,=,3,v.VoteTypeId,=,2#1823
comments c,postLinks pl,postHistory ph,votes v#pl.PostId=c.PostId,c.PostId=ph.PostId,ph.PostId=v.PostId#pl.CreationDate,>=,1293123578,ph.PostHistoryTypeId,=,25,v.BountyAmount,<=,50#1114
comments c,postLinks pl,postHistory ph,votes v#pl.PostId=c.PostId,c.PostId=ph.PostId,ph.PostId=v.PostId#v.BountyAmount,>=,0,v.CreationDate,>=,1279584000,v.CreationDate,<=,1410480000#17455
comments c,postLinks pl,postHistory ph,votes v#pl.PostId=c.PostId,c.PostId=ph.PostId,ph.PostId=v.PostId#pl.CreationDate,>=,1297625444,pl.CreationDate,<=,1409981129,ph.CreationDate,<=,1405850071#1927503
comments c,postLinks pl,postHistory ph,votes v#pl.PostId=c.PostId,c.PostId=ph.PostId,ph.PostId=v.PostId#c.CreationDate,>=,1280279173,pl.LinkTypeId,=,1,v.CreationDate,>=,1279584000#2064502
comments c,postLinks pl,postHistory ph,votes v#pl.PostId=c.PostId,c.PostId=ph.PostId,ph.PostId=v.PostId#c.Score,=,0,ph.PostHistoryTypeId,=,4,ph.CreationDate,<=,1408406839#107263
comments c,postLinks pl,postHistory ph,votes v#pl.PostId=c.PostId,c.PostId=ph.PostId,ph.PostId=v.PostId#pl.CreationDate,<=,1409254827,v.VoteTypeId,=,2,v.CreationDate,=,1291852800#80
comments c,postLinks pl,postHistory ph,votes v#pl.PostId=c.PostId,c.PostId=ph.PostId,ph.PostId=v.PostId#ph.PostHistoryTypeId,=,2,ph.CreationDate,>=,1285530388,v.BountyAmount,>=,0#1660
comments c,postLinks pl,postHistory ph,votes v#pl.PostId=c.PostId,c.PostId=ph.PostId,ph.PostId=v.PostId#pl.LinkTypeId,=,1,pl.CreationDate,=,1359423837,v.VoteTypeId,=,2#198
comments c,postLinks pl,postHistory ph,votes v#pl.PostId=c.PostId,c.PostId=ph.PostId,ph.PostId=v.PostId#c.Score,=,0,v.BountyAmount,>=,0,v.BountyAmount,<=,250#12367
comments c,postLinks pl,postHistory ph,votes v#pl.PostId=c.PostId,c.PostId=ph.PostId,ph.PostId=v.PostId#pl.LinkTypeId,=,1,ph.PostHistoryTypeId,=,25,v.CreationDate,<=,1409961600#162500
comments c,postLinks pl,postHistory ph,votes v#pl.PostId=c.PostId,c.PostId=ph.PostId,ph.PostId=v.PostId#c.Score,=,0,v.CreationDate,>=,1281312000,v.CreationDate,<=,1410134400#1214008
comments c,postLinks pl,postHistory ph,votes v#pl.PostId=c.PostId,c.PostId=ph.PostId,ph.PostId=v.PostId#c.Score,=,0,pl.LinkTypeId,=,3,v.CreationDate,>=,1280016000#20543
comments c,postLinks pl,postHistory ph,votes v#pl.PostId=c.PostId,c.PostId=ph.PostId,ph.PostId=v.PostId#pl.LinkTypeId,=,1,pl.CreationDate,>=,1310404477,pl.CreationDate,<=,1408641801#1799925
comments c,postLinks pl,postHistory ph,votes v#pl.PostId=c.PostId,c.PostId=ph.PostId,ph.PostId=v.PostId#pl.CreationDate,<=,1407790310,ph.CreationDate,>=,1281969527,ph.CreationDate,<=,1410353048#1959201
comments c,postLinks pl,postHistory ph,votes v#pl.PostId=c.PostId,c.PostId=ph.PostId,ph.PostId=v.PostId#c.Score,=,0,ph.CreationDate,>=,1303687063,v.CreationDate,=,1342137600#80
comments c,postLinks pl,postHistory ph,votes v#pl.PostId=c.PostId,c.PostId=ph.PostId,ph.PostId=v.PostId#c.Score,=,0,c.CreationDate,>=,1279568310,pl.LinkTypeId,=,1#1211676
comments c,postLinks pl,postHistory ph,votes v#pl.PostId=c.PostId,c.PostId=ph.PostId,ph.PostId=v.PostId#pl.CreationDate,>=,1305551549,pl.CreationDate,<=,1408853174,ph.PostHistoryTypeId,=,5#437057
comments c,postLinks pl,postHistory ph,votes v#pl.PostId=c.PostId,c.PostId=ph.PostId,ph.PostId=v.PostId#pl.LinkTypeId,=,1,ph.CreationDate,<=,1405677853,v.CreationDate,<=,1410307200#2058396
comments c,postLinks pl,postHistory ph,votes v#pl.PostId=c.PostId,c.PostId=ph.PostId,ph.PostId=v.PostId#c.CreationDate,>=,1283343322,c.CreationDate,<=,1409839933,v.VoteTypeId,=,5#617952
comments c,postLinks pl,postHistory ph,votes v#pl.PostId=c.PostId,c.PostId=ph.PostId,ph.PostId=v.PostId#pl.CreationDate,>=,1289333961,ph.PostHistoryTypeId,=,1,v.VoteTypeId,=,2#173530
comments c,postLinks pl,postHistory ph,votes v#pl.PostId=c.PostId,c.PostId=ph.PostId,ph.PostId=v.PostId#c.Score,=,0,pl.LinkTypeId,=,1,pl.CreationDate,>=,1321676800#970490
comments c,postLinks pl,postHistory ph,votes v#pl.PostId=c.PostId,c.PostId=ph.PostId,ph.PostId=v.PostId#c.CreationDate,<=,1410386515,pl.LinkTypeId,=,1,v.BountyAmount,<=,50#12190
comments c,postLinks pl,postHistory ph,votes v#pl.PostId=c.PostId,c.PostId=ph.PostId,ph.PostId=v.PostId#c.Score,=,0,pl.LinkTypeId,=,1,v.CreationDate,=,1321660800#248
comments c,postLinks pl,postHistory ph,votes v#pl.PostId=c.PostId,c.PostId=ph.PostId,ph.PostId=v.PostId#c.Score,=,2,v.CreationDate,>=,1279584000,v.CreationDate,<=,1410566400#160561
comments c,postLinks pl,postHistory ph,votes v#pl.PostId=c.PostId,c.PostId=ph.PostId,ph.PostId=v.PostId#pl.LinkTypeId,=,1,v.VoteTypeId,=,5,v.CreationDate,>=,1279584000#666814
comments c,postLinks pl,postHistory ph,votes v#pl.PostId=c.PostId,c.PostId=ph.PostId,ph.PostId=v.PostId#c.Score,=,0,ph.CreationDate,>=,1280240739,ph.CreationDate,<=,1409353568#1176323
comments c,postLinks pl,postHistory ph,votes v#pl.PostId=c.PostId,c.PostId=ph.PostId,ph.PostId=v.PostId#pl.LinkTypeId,=,1,pl.CreationDate,<=,1409323162,v.VoteTypeId,=,2#1305777
comments c,postLinks pl,postHistory ph,votes v#pl.PostId=c.PostId,c.PostId=ph.PostId,ph.PostId=v.PostId#pl.CreationDate,<=,1403215126,v.BountyAmount,>=,0,v.CreationDate,>=,1280016000#14240
comments c,postLinks pl,postHistory ph,votes v#pl.PostId=c.PostId,c.PostId=ph.PostId,ph.PostId=v.PostId#pl.LinkTypeId,=,1,pl.CreationDate,<=,1409323244,ph.PostHistoryTypeId,=,6#215298
comments c,postLinks pl,postHistory ph,votes v#pl.PostId=c.PostId,c.PostId=ph.PostId,ph.PostId=v.PostId#c.Score,=,0,c.CreationDate,>=,1282173561,pl.CreationDate,<=,1407320809#1154714
comments c,postLinks pl,postHistory ph,votes v#pl.PostId=c.PostId,c.PostId=ph.PostId,ph.PostId=v.PostId#c.CreationDate,<=,1410415402,pl.LinkTypeId,=,1,ph.CreationDate,>=,1280291177#2033699
comments c,postLinks pl,postHistory ph,votes v#pl.PostId=c.PostId,c.PostId=ph.PostId,ph.PostId=v.PostId#c.Score,=,0,pl.LinkTypeId,=,1,ph.PostHistoryTypeId,=,5#294894
comments c,postLinks pl,postHistory ph,votes v#pl.PostId=c.PostId,c.PostId=ph.PostId,ph.PostId=v.PostId#ph.CreationDate,>=,1281589402,ph.CreationDate,<=,1399099295,v.CreationDate,=,1326240000#241
comments c,postLinks pl,postHistory ph,votes v#pl.PostId=c.PostId,c.PostId=ph.PostId,ph.PostId=v.PostId#c.Score,=,0,ph.PostHistoryTypeId,=,5,v.CreationDate,>=,1233532800#299412
comments c,postLinks pl,postHistory ph,votes v#pl.PostId=c.PostId,c.PostId=ph.PostId,ph.PostId=v.PostId#c.Score,=,0,pl.LinkTypeId,=,1,v.VoteTypeId,=,2#776879
comments c,postLinks pl,postHistory ph,votes v#pl.PostId=c.PostId,c.PostId=ph.PostId,ph.PostId=v.PostId#pl.LinkTypeId,=,1,pl.CreationDate,<=,1406468839,v.BountyAmount,>=,0#15907
comments c,postLinks pl,postHistory ph,votes v#pl.PostId=c.PostId,c.PostId=ph.PostId,ph.PostId=v.PostId#pl.CreationDate,<=,1410372986,ph.PostHistoryTypeId,=,3,v.BountyAmount,<=,50#1222
comments c,postLinks pl,postHistory ph,votes v#pl.PostId=c.PostId,c.PostId=ph.PostId,ph.PostId=v.PostId#pl.CreationDate,>=,1305059023,ph.CreationDate,>=,1299257931,v.BountyAmount,<=,100#14572
comments c,postLinks pl,postHistory ph,votes v#pl.PostId=c.PostId,c.PostId=ph.PostId,ph.PostId=v.PostId#pl.LinkTypeId,=,1,ph.CreationDate,>=,1289847379,ph.CreationDate,<=,1408468072#1720494
comments c,postLinks pl,postHistory ph,votes v#pl.PostId=c.PostId,c.PostId=ph.PostId,ph.PostId=v.PostId#c.Score,=,0,pl.LinkTypeId,=,1,ph.PostHistoryTypeId,=,5#294894
comments c,postLinks pl,postHistory ph,votes v#pl.PostId=c.PostId,c.PostId=ph.PostId,ph.PostId=v.PostId#pl.LinkTypeId,=,3,pl.CreationDate,>=,1294534344,ph.PostHistoryTypeId,=,24#837
comments c,postLinks pl,postHistory ph,votes v#pl.PostId=c.PostId,c.PostId=ph.PostId,ph.PostId=v.PostId#c.Score,=,0,pl.CreationDate,>=,1323162302,v.VoteTypeId,=,2#629721
comments c,postLinks pl,postHistory ph,votes v#pl.PostId=c.PostId,c.PostId=ph.PostId,ph.PostId=v.PostId#c.CreationDate,>=,1280445952,c.CreationDate,<=,1410653963,pl.CreationDate,>=,1309705710#1840876
comments c,postLinks pl,postHistory ph,votes v#pl.PostId=c.PostId,c.PostId=ph.PostId,ph.PostId=v.PostId#c.CreationDate,>=,1279670693,pl.CreationDate,>=,1287897192,v.VoteTypeId,=,2#1293083
comments c,postLinks pl,postHistory ph,votes v#pl.PostId=c.PostId,c.PostId=ph.PostId,ph.PostId=v.PostId#c.Score,=,0,ph.PostHistoryTypeId,=,3,ph.CreationDate,>=,1288908869#140939
comments c,postLinks pl,postHistory ph,votes v#pl.PostId=c.PostId,c.PostId=ph.PostId,ph.PostId=v.PostId#c.Score,=,3,ph.PostHistoryTypeId,=,2,v.CreationDate,>=,1280102400#14198
comments c,postLinks pl,postHistory ph,votes v#pl.PostId=c.PostId,c.PostId=ph.PostId,ph.PostId=v.PostId#c.CreationDate,<=,1410595681,pl.CreationDate,<=,1408744932,v.VoteTypeId,=,2#1321825
comments c,postLinks pl,postHistory ph,votes v#pl.PostId=c.PostId,c.PostId=ph.PostId,ph.PostId=v.PostId#ph.PostHistoryTypeId,=,5,v.BountyAmount,>=,0,v.CreationDate,<=,1410220800#4625
comments c,postLinks pl,postHistory ph,votes v#pl.PostId=c.PostId,c.PostId=ph.PostId,ph.PostId=v.PostId#ph.PostHistoryTypeId,=,4,v.VoteTypeId,=,2,v.CreationDate,>=,1279497600#121205
comments c,postLinks pl,postHistory ph,votes v#pl.PostId=c.PostId,c.PostId=ph.PostId,ph.PostId=v.PostId#c.CreationDate,>=,1281010359,pl.LinkTypeId,=,1,ph.CreationDate,<=,1410205785#2034851
comments c,postLinks pl,postHistory ph,votes v#pl.PostId=c.PostId,c.PostId=ph.PostId,ph.PostId=v.PostId#c.Score,=,0,c.CreationDate,>=,1280529906,ph.CreationDate,>=,1281203764#1169004
comments c,postLinks pl,postHistory ph,votes v#pl.PostId=c.PostId,c.PostId=ph.PostId,ph.PostId=v.PostId#c.Score,=,1,pl.CreationDate,>=,1306984382,ph.PostHistoryTypeId,=,5#84865
comments c,postLinks pl,postHistory ph,votes v#pl.PostId=c.PostId,c.PostId=ph.PostId,ph.PostId=v.PostId#pl.CreationDate,>=,1298950296,ph.PostHistoryTypeId,=,33,v.VoteTypeId,=,2#20795
comments c,postLinks pl,postHistory ph,votes v#pl.PostId=c.PostId,c.PostId=ph.PostId,ph.PostId=v.PostId#pl.CreationDate,>=,1317667070,pl.CreationDate,<=,1408661932,v.CreationDate,<=,1410480000#1773362
comments c,postLinks pl,postHistory ph,votes v#pl.PostId=c.PostId,c.PostId=ph.PostId,ph.PostId=v.PostId#c.Score,=,0,ph.PostHistoryTypeId,=,5,v.BountyAmount,>=,0#3477
comments c,postLinks pl,postHistory ph,votes v#pl.PostId=c.PostId,c.PostId=ph.PostId,ph.PostId=v.PostId#pl.CreationDate,<=,1409749227,ph.CreationDate,>=,1296598624,ph.CreationDate,<=,1409083052#1692163
comments c,postLinks pl,postHistory ph,votes v#pl.PostId=c.PostId,c.PostId=ph.PostId,ph.PostId=v.PostId#pl.LinkTypeId,=,1,pl.CreationDate,>=,1284759052,ph.CreationDate,<=,1406398660#2042316
comments c,postLinks pl,postHistory ph,votes v#pl.PostId=c.PostId,c.PostId=ph.PostId,ph.PostId=v.PostId#v.BountyAmount,>=,0,v.CreationDate,>=,1279584000,v.CreationDate,<=,1410480000#17455
comments c,postLinks pl,postHistory ph,votes v#pl.PostId=c.PostId,c.PostId=ph.PostId,ph.PostId=v.PostId#c.CreationDate,>=,1233586250,v.BountyAmount,<=,100,v.CreationDate,<=,1410480000#15849
comments c,postLinks pl,postHistory ph,votes v#pl.PostId=c.PostId,c.PostId=ph.PostId,ph.PostId=v.PostId#ph.PostHistoryTypeId,=,3,v.VoteTypeId,=,3,v.CreationDate,<=,1410480000#5204
comments c,postLinks pl,postHistory ph,votes v#pl.PostId=c.PostId,c.PostId=ph.PostId,ph.PostId=v.PostId#c.Score,=,0,c.CreationDate,>=,1279918320,c.CreationDate,<=,1410310168#1215697
comments c,postLinks pl,postHistory ph,votes v#pl.PostId=c.PostId,c.PostId=ph.PostId,ph.PostId=v.PostId#pl.CreationDate,<=,1407266157,ph.PostHistoryTypeId,=,5,v.BountyAmount,<=,50#3220
comments c,postLinks pl,postHistory ph,votes v#pl.PostId=c.PostId,c.PostId=ph.PostId,ph.PostId=v.PostId#c.Score,=,0,v.VoteTypeId,=,2,v.CreationDate,=,1285977600#224
comments c,postLinks pl,postHistory ph,votes v#pl.PostId=c.PostId,c.PostId=ph.PostId,ph.PostId=v.PostId#ph.PostHistoryTypeId,=,5,ph.CreationDate,<=,1407923074,v.VoteTypeId,=,5#137313
comments c,postLinks pl,postHistory ph,votes v#pl.PostId=c.PostId,c.PostId=ph.PostId,ph.PostId=v.PostId#c.CreationDate,>=,1282935701,ph.PostHistoryTypeId,=,36,v.VoteTypeId,=,2#3334
comments c,postLinks pl,postHistory ph,votes v#pl.PostId=c.PostId,c.PostId=ph.PostId,ph.PostId=v.PostId#c.Score,=,0,pl.LinkTypeId,=,1,v.CreationDate,<=,1410566400#1211608
comments c,postLinks pl,postHistory ph,votes v#pl.PostId=c.PostId,c.PostId=ph.PostId,ph.PostId=v.PostId#pl.LinkTypeId,=,1,v.BountyAmount,<=,50,v.CreationDate,<=,1410480000#12190
comments c,postLinks pl,postHistory ph,votes v#pl.PostId=c.PostId,c.PostId=ph.PostId,ph.PostId=v.PostId#c.Score,=,0,ph.CreationDate,>=,1279736377,ph.CreationDate,<=,1410543666#1199040
comments c,postLinks pl,postHistory ph,votes v#pl.PostId=c.PostId,c.PostId=ph.PostId,ph.PostId=v.PostId#c.Score,=,0,pl.LinkTypeId,=,1,v.CreationDate,<=,1410652800#1211676
comments c,postLinks pl,postHistory ph,votes v#pl.PostId=c.PostId,c.PostId=ph.PostId,ph.PostId=v.PostId#c.CreationDate,<=,1410418745,ph.PostHistoryTypeId,=,2,v.VoteTypeId,=,2#180841
comments c,postLinks pl,postHistory ph,votes v#pl.PostId=c.PostId,c.PostId=ph.PostId,ph.PostId=v.PostId#c.CreationDate,>=,1279800726,pl.LinkTypeId,=,1,v.VoteTypeId,=,2#1307088
comments c,postLinks pl,postHistory ph,votes v#pl.PostId=c.PostId,c.PostId=ph.PostId,ph.PostId=v.PostId#ph.PostHistoryTypeId,=,1,ph.CreationDate,>=,1308150772,v.BountyAmount,>=,0#1505
comments c,postLinks pl,postHistory ph,votes v#pl.PostId=c.PostId,c.PostId=ph.PostId,ph.PostId=v.PostId#c.CreationDate,<=,1410287911,ph.CreationDate,>=,1283194068,v.CreationDate,=,1374019200#5323
comments c,postLinks pl,postHistory ph,votes v#pl.PostId=c.PostId,c.PostId=ph.PostId,ph.PostId=v.PostId#c.CreationDate,>=,1281734720,pl.CreationDate,>=,1288173777,pl.CreationDate,<=,1407507480#1956529
comments c,postLinks pl,postHistory ph,votes v#pl.PostId=c.PostId,c.PostId=ph.PostId,ph.PostId=v.PostId#pl.CreationDate,>=,1326122347,pl.CreationDate,<=,1405444736,v.CreationDate,<=,1410220800#1654000
comments c,postLinks pl,postHistory ph,votes v#pl.PostId=c.PostId,c.PostId=ph.PostId,ph.PostId=v.PostId#pl.CreationDate,>=,1319550853,pl.CreationDate,<=,1406755942,ph.CreationDate,>=,1280263344#1671484
comments c,postLinks pl,postHistory ph,votes v#pl.PostId=c.PostId,c.PostId=ph.PostId,ph.PostId=v.PostId#c.CreationDate,<=,1410197818,ph.CreationDate,>=,1299171322,ph.CreationDate,<=,1410289992#1678311
comments c,postLinks pl,postHistory ph,votes v#pl.PostId=c.PostId,c.PostId=ph.PostId,ph.PostId=v.PostId#c.CreationDate,>=,1282917284,pl.CreationDate,<=,1410459317,ph.CreationDate,<=,1409133224#2018567
comments c,postLinks pl,postHistory ph,votes v#pl.PostId=c.PostId,c.PostId=ph.PostId,ph.PostId=v.PostId#c.CreationDate,<=,1410363702,pl.LinkTypeId,=,1,ph.PostHistoryTypeId,=,4#195644
comments c,postLinks pl,postHistory ph,votes v#pl.PostId=c.PostId,c.PostId=ph.PostId,ph.PostId=v.PostId#c.CreationDate,<=,1409684506,ph.PostHistoryTypeId,=,5,ph.CreationDate,<=,1409826411#477840
comments c,postLinks pl,postHistory ph,votes v#pl.PostId=c.PostId,c.PostId=ph.PostId,ph.PostId=v.PostId#pl.LinkTypeId,=,1,ph.PostHistoryTypeId,=,1,v.CreationDate,>=,1278720000#277439
comments c,postLinks pl,postHistory ph,votes v#pl.PostId=c.PostId,c.PostId=ph.PostId,ph.PostId=v.PostId#pl.LinkTypeId,=,1,ph.CreationDate,<=,1405253562,v.VoteTypeId,=,2#1278635
comments c,postLinks pl,postHistory ph,votes v#pl.PostId=c.PostId,c.PostId=ph.PostId,ph.PostId=v.PostId#ph.PostHistoryTypeId,=,5,ph.CreationDate,>=,1302912636,v.BountyAmount,>=,0#4361
comments c,postLinks pl,postHistory ph,votes v#pl.PostId=c.PostId,c.PostId=ph.PostId,ph.PostId=v.PostId#pl.CreationDate,<=,1409330995,ph.PostHistoryTypeId,=,4,v.BountyAmount,>=,0#1080
comments c,postLinks pl,postHistory ph,votes v#pl.PostId=c.PostId,c.PostId=ph.PostId,ph.PostId=v.PostId#pl.CreationDate,<=,1409153407,ph.CreationDate,>=,1286950785,ph.CreationDate,<=,1409773178#1778969
comments c,postLinks pl,postHistory ph,votes v#pl.PostId=c.PostId,c.PostId=ph.PostId,ph.PostId=v.PostId#c.CreationDate,<=,1410109804,ph.PostHistoryTypeId,=,2,v.VoteTypeId,=,5#83829
comments c,postLinks pl,postHistory ph,votes v#pl.PostId=c.PostId,c.PostId=ph.PostId,ph.PostId=v.PostId#c.Score,=,3,v.CreationDate,>=,1280361600,v.CreationDate,<=,1410393600#115620
comments c,postLinks pl,postHistory ph,votes v#pl.PostId=c.PostId,c.PostId=ph.PostId,ph.PostId=v.PostId#c.CreationDate,<=,1410603650,pl.LinkTypeId,=,1,pl.CreationDate,>=,1298507676#1940793
comments c,postLinks pl,postHistory ph,votes v#pl.PostId=c.PostId,c.PostId=ph.PostId,ph.PostId=v.PostId#c.CreationDate,<=,1410628154,pl.LinkTypeId,=,1,pl.CreationDate,<=,1408971502#2086615
comments c,postLinks pl,postHistory ph,votes v#pl.PostId=c.PostId,c.PostId=ph.PostId,ph.PostId=v.PostId#pl.LinkTypeId,=,1,ph.CreationDate,>=,1292017832,ph.CreationDate,<=,1409055423#1693740
comments c,postLinks pl,postHistory ph,votes v#pl.PostId=c.PostId,c.PostId=ph.PostId,ph.PostId=v.PostId#c.Score,=,0,pl.LinkTypeId,=,1,pl.CreationDate,<=,1406080597#1169534
comments c,postLinks pl,postHistory ph,votes v#pl.PostId=c.PostId,c.PostId=ph.PostId,ph.PostId=v.PostId#c.Score,=,0,c.CreationDate,>=,1285233719,c.CreationDate,<=,1410187993#1148170
comments c,postLinks pl,postHistory ph,votes v#pl.PostId=c.PostId,c.PostId=ph.PostId,ph.PostId=v.PostId#c.CreationDate,>=,1279569811,pl.LinkTypeId,=,1,ph.CreationDate,<=,1400255580#1986392
comments c,postLinks pl,postHistory ph,votes v#pl.PostId=c.PostId,c.PostId=ph.PostId,ph.PostId=v.PostId#c.Score,=,0,pl.LinkTypeId,=,1,v.CreationDate,>=,1233532800#1211676
comments c,postLinks pl,postHistory ph,votes v#pl.PostId=c.PostId,c.PostId=ph.PostId,ph.PostId=v.PostId#c.Score,=,1,pl.CreationDate,>=,1288173777,pl.CreationDate,<=,1400710177#374410
comments c,postLinks pl,postHistory ph,votes v#pl.PostId=c.PostId,c.PostId=ph.PostId,ph.PostId=v.PostId#ph.PostHistoryTypeId,=,1,v.VoteTypeId,=,2,v.CreationDate,=,1390953600#263
comments c,postLinks pl,postHistory ph,votes v#pl.PostId=c.PostId,c.PostId=ph.PostId,ph.PostId=v.PostId#ph.PostHistoryTypeId,=,1,v.BountyAmount,>=,0,v.BountyAmount,<=,50#1222
comments c,postLinks pl,postHistory ph,votes v#pl.PostId=c.PostId,c.PostId=ph.PostId,ph.PostId=v.PostId#c.Score,=,0,pl.LinkTypeId,=,1,v.VoteTypeId,=,2#776879
comments c,postLinks pl,postHistory ph,votes v#pl.PostId=c.PostId,c.PostId=ph.PostId,ph.PostId=v.PostId#c.Score,=,0,pl.LinkTypeId,=,1,v.BountyAmount,<=,50#8819
comments c,postLinks pl,postHistory ph,votes v#pl.PostId=c.PostId,c.PostId=ph.PostId,ph.PostId=v.PostId#pl.LinkTypeId,=,1,ph.PostHistoryTypeId,=,3,v.CreationDate,<=,1410566400#277423
comments c,postLinks pl,postHistory ph,votes v#pl.PostId=c.PostId,c.PostId=ph.PostId,ph.PostId=v.PostId#pl.LinkTypeId,=,1,ph.CreationDate,>=,1280245001,v.VoteTypeId,=,2#1274891
comments c,postLinks pl,postHistory ph,votes v#pl.PostId=c.PostId,c.PostId=ph.PostId,ph.PostId=v.PostId#c.Score,=,0,pl.CreationDate,<=,1406397325,v.CreationDate,<=,1410480000#1190777
comments c,postLinks pl,postHistory ph,votes v#pl.PostId=c.PostId,c.PostId=ph.PostId,ph.PostId=v.PostId#c.Score,=,0,pl.CreationDate,<=,1410330990,ph.PostHistoryTypeId,=,6#102410
comments c,postLinks pl,postHistory ph,votes v#pl.PostId=c.PostId,c.PostId=ph.PostId,ph.PostId=v.PostId#ph.CreationDate,>=,1285874481,v.VoteTypeId,=,5,v.CreationDate,>=,1279929600#520578
comments c,postLinks pl,postHistory ph,votes v#pl.PostId=c.PostId,c.PostId=ph.PostId,ph.PostId=v.PostId#c.CreationDate,>=,1283038777,v.BountyAmount,>=,0,v.BountyAmount,<=,150#16187
comments c,postLinks pl,postHistory ph,votes v#pl.PostId=c.PostId,c.PostId=ph.PostId,ph.PostId=v.PostId#c.CreationDate,>=,1284795774,pl.CreationDate,<=,1400819325,ph.CreationDate,<=,1405427182#1751002
comments c,postLinks pl,postHistory ph,votes v#pl.PostId=c.PostId,c.PostId=ph.PostId,ph.PostId=v.PostId#pl.LinkTypeId,=,1,ph.CreationDate,>=,1289643947,v.CreationDate,=,1376524800#1971
comments c,postLinks pl,postHistory ph,votes v#pl.PostId=c.PostId,c.PostId=ph.PostId,ph.PostId=v.PostId#c.Score,=,0,pl.LinkTypeId,=,1,ph.CreationDate,<=,1405175040#1173928
comments c,postLinks pl,postHistory ph,votes v#pl.PostId=c.PostId,c.PostId=ph.PostId,ph.PostId=v.PostId#c.Score,=,0,pl.LinkTypeId,=,1,v.BountyAmount,<=,100#11259
comments c,postLinks pl,postHistory ph,votes v#pl.PostId=c.PostId,c.PostId=ph.PostId,ph.PostId=v.PostId#pl.LinkTypeId,=,1,pl.CreationDate,>=,1304156473,v.VoteTypeId,=,8#16717
comments c,postLinks pl,postHistory ph,votes v#pl.PostId=c.PostId,c.PostId=ph.PostId,ph.PostId=v.PostId#c.CreationDate,<=,1409831277,pl.LinkTypeId,=,1,ph.PostHistoryTypeId,=,2#275543
comments c,postLinks pl,postHistory ph,votes v#pl.PostId=c.PostId,c.PostId=ph.PostId,ph.PostId=v.PostId#v.BountyAmount,>=,0,v.BountyAmount,<=,100,v.CreationDate,<=,1410048000#15655
comments c,postLinks pl,postHistory ph,votes v#pl.PostId=c.PostId,c.PostId=ph.PostId,ph.PostId=v.PostId#ph.PostHistoryTypeId,=,6,ph.CreationDate,<=,1410660208,v.CreationDate,>=,1279670400#220147
comments c,postLinks pl,postHistory ph,votes v#pl.PostId=c.PostId,c.PostId=ph.PostId,ph.PostId=v.PostId#ph.CreationDate,<=,1402503522,v.CreationDate,>=,1279584000,v.CreationDate,<=,1410220800#2045243
comments c,postLinks pl,postHistory ph,votes v#pl.PostId=c.PostId,c.PostId=ph.PostId,ph.PostId=v.PostId#pl.LinkTypeId,=,1,pl.CreationDate,=,1357451449,v.CreationDate,<=,1410480000#30
comments c,postLinks pl,postHistory ph,votes v#pl.PostId=c.PostId,c.PostId=ph.PostId,ph.PostId=v.PostId#pl.LinkTypeId,=,1,ph.PostHistoryTypeId,=,1,v.CreationDate,<=,1410566400#277423
comments c,postLinks pl,postHistory ph,votes v#pl.PostId=c.PostId,c.PostId=ph.PostId,ph.PostId=v.PostId#c.CreationDate,<=,1410629594,pl.LinkTypeId,=,1,pl.CreationDate,>=,1300334718#1921274
comments c,postLinks pl,postHistory ph,votes v#pl.PostId=c.PostId,c.PostId=ph.PostId,ph.PostId=v.PostId#pl.CreationDate,>=,1311743594,v.CreationDate,>=,1279843200,v.CreationDate,<=,1410134400#1838707
comments c,postLinks pl,postHistory ph,votes v#pl.PostId=c.PostId,c.PostId=ph.PostId,ph.PostId=v.PostId#c.Score,=,0,ph.PostHistoryTypeId,=,5,v.BountyAmount,<=,150#3301
comments c,postLinks pl,postHistory ph,votes v#pl.PostId=c.PostId,c.PostId=ph.PostId,ph.PostId=v.PostId#c.Score,=,0,ph.CreationDate,>=,1281560141,ph.CreationDate,<=,1410228846#1166571
comments c,postLinks pl,postHistory ph,votes v#pl.PostId=c.PostId,c.PostId=ph.PostId,ph.PostId=v.PostId#pl.CreationDate,<=,1403238056,ph.PostHistoryTypeId,=,1,v.VoteTypeId,=,2#167391
comments c,postLinks pl,postHistory ph,votes v#pl.PostId=c.PostId,c.PostId=ph.PostId,ph.PostId=v.PostId#pl.CreationDate,>=,1310579338,pl.CreationDate,<=,1405896168,v.VoteTypeId,=,5#556214
comments c,postLinks pl,postHistory ph,votes v#pl.PostId=c.PostId,c.PostId=ph.PostId,ph.PostId=v.PostId#pl.CreationDate,<=,1409651399,ph.CreationDate,>=,1296505347,ph.CreationDate,<=,1409681068#1697862
comments c,postLinks pl,postHistory ph,votes v#pl.PostId=c.PostId,c.PostId=ph.PostId,ph.PostId=v.PostId#c.Score,=,0,pl.LinkTypeId,=,1,ph.PostHistoryTypeId,=,6#101573
comments c,postLinks pl,postHistory ph,votes v#pl.PostId=c.PostId,c.PostId=ph.PostId,ph.PostId=v.PostId#c.CreationDate,<=,1410382410,ph.PostHistoryTypeId,=,3,v.BountyAmount,<=,50#1222
comments c,postLinks pl,postHistory ph,votes v#pl.PostId=c.PostId,c.PostId=ph.PostId,ph.PostId=v.PostId#c.CreationDate,>=,1279572406,c.CreationDate,<=,1410544347,v.CreationDate,<=,1410480000#2155346
comments c,postLinks pl,postHistory ph,votes v#pl.PostId=c.PostId,c.PostId=ph.PostId,ph.PostId=v.PostId#c.CreationDate,>=,1280882306,pl.LinkTypeId,=,1,v.CreationDate,<=,1410393600#2041124
comments c,postLinks pl,postHistory ph,votes v#pl.PostId=c.PostId,c.PostId=ph.PostId,ph.PostId=v.PostId#pl.LinkTypeId,=,1,pl.CreationDate,>=,1291285928,v.CreationDate,<=,1409097600#1971937
comments c,postLinks pl,postHistory ph,votes v#pl.PostId=c.PostId,c.PostId=ph.PostId,ph.PostId=v.PostId#c.Score,=,0,pl.LinkTypeId,=,3,v.CreationDate,>=,1279497600#20591
comments c,postLinks pl,postHistory ph,votes v#pl.PostId=c.PostId,c.PostId=ph.PostId,ph.PostId=v.PostId#c.CreationDate,<=,1410576056,ph.PostHistoryTypeId,=,2,v.VoteTypeId,=,2#180932
comments c,postLinks pl,postHistory ph,votes v#pl.PostId=c.PostId,c.PostId=ph.PostId,ph.PostId=v.PostId#ph.PostHistoryTypeId,=,5,v.CreationDate,>=,1280534400,v.CreationDate,<=,1410220800#475372
comments c,postLinks pl,postHistory ph,votes v#pl.PostId=c.PostId,c.PostId=ph.PostId,ph.PostId=v.PostId#c.CreationDate,>=,1279629615,ph.PostHistoryTypeId,=,5,v.VoteTypeId,=,2#303651
comments c,postLinks pl,postHistory ph,votes v#pl.PostId=c.PostId,c.PostId=ph.PostId,ph.PostId=v.PostId#c.Score,=,0,pl.CreationDate,<=,1406738273,v.VoteTypeId,=,2#760770
comments c,postLinks pl,postHistory ph,votes v#pl.PostId=c.PostId,c.PostId=ph.PostId,ph.PostId=v.PostId#c.Score,=,1,c.CreationDate,>=,1280930462,v.BountyAmount,>=,0#3057
comments c,postLinks pl,postHistory ph,votes v#pl.PostId=c.PostId,c.PostId=ph.PostId,ph.PostId=v.PostId#pl.CreationDate,>=,1322309097,ph.CreationDate,>=,1287694434,v.VoteTypeId,=,2#963836
comments c,postLinks pl,postHistory ph,votes v#pl.PostId=c.PostId,c.PostId=ph.PostId,ph.PostId=v.PostId#ph.PostHistoryTypeId,=,2,ph.CreationDate,>=,1290380968,v.CreationDate,=,1338336000#85
comments c,postLinks pl,postHistory ph,votes v#pl.PostId=c.PostId,c.PostId=ph.PostId,ph.PostId=v.PostId#c.Score,=,3,ph.PostHistoryTypeId,=,5,v.BountyAmount,>=,0#101
comments c,postLinks pl,postHistory ph,votes v#pl.PostId=c.PostId,c.PostId=ph.PostId,ph.PostId=v.PostId#c.CreationDate,>=,1279637659,c.CreationDate,<=,1409998045,v.CreationDate,>=,1279843200#2119059
comments c,postLinks pl,postHistory ph,votes v#pl.PostId=c.PostId,c.PostId=ph.PostId,ph.PostId=v.PostId#c.Score,=,0,c.CreationDate,>=,1291279560,ph.CreationDate,<=,1409845511#1124271
comments c,postLinks pl,postHistory ph,votes v#pl.PostId=c.PostId,c.PostId=ph.PostId,ph.PostId=v.PostId#c.Score,=,0,pl.CreationDate,>=,1288165664,ph.PostHistoryTypeId,=,5#292905
comments c,postLinks pl,postHistory ph,votes v#pl.PostId=c.PostId,c.PostId=ph.PostId,ph.PostId=v.PostId#pl.CreationDate,>=,1285915847,ph.PostHistoryTypeId,=,3,v.VoteTypeId,=,5#82085
comments c,postLinks pl,postHistory ph,votes v#pl.PostId=c.PostId,c.PostId=ph.PostId,ph.PostId=v.PostId#v.BountyAmount,>=,0,v.CreationDate,>=,1279756800,v.CreationDate,<=,1410566400#17455
comments c,postLinks pl,postHistory ph,votes v#pl.PostId=c.PostId,c.PostId=ph.PostId,ph.PostId=v.PostId#c.Score,=,0,ph.PostHistoryTypeId,=,6,ph.CreationDate,>=,1283952934#94221
comments c,postLinks pl,postHistory ph,votes v#pl.PostId=c.PostId,c.PostId=ph.PostId,ph.PostId=v.PostId#pl.CreationDate,>=,1299152030,pl.CreationDate,<=,1408993909,ph.CreationDate,>=,1282097470#1853266
comments c,postLinks pl,postHistory ph,votes v#pl.PostId=c.PostId,c.PostId=ph.PostId,ph.PostId=v.PostId#c.CreationDate,>=,1280709513,pl.CreationDate,<=,1408017685,ph.CreationDate,<=,1408542539#2042638
comments c,postLinks pl,postHistory ph,votes v#pl.PostId=c.PostId,c.PostId=ph.PostId,ph.PostId=v.PostId#pl.LinkTypeId,=,1,v.VoteTypeId,=,2,v.CreationDate,>=,1279497600#1320257
comments c,postLinks pl,postHistory ph,votes v#pl.PostId=c.PostId,c.PostId=ph.PostId,ph.PostId=v.PostId#pl.LinkTypeId,=,1,ph.PostHistoryTypeId,=,2,ph.CreationDate,>=,1280339029#259486
comments c,postLinks pl,postHistory ph,votes v#pl.PostId=c.PostId,c.PostId=ph.PostId,ph.PostId=v.PostId#pl.LinkTypeId,=,1,pl.CreationDate,>=,1307386341,v.VoteTypeId,=,2#1170048
comments c,postLinks pl,postHistory ph,votes v#pl.PostId=c.PostId,c.PostId=ph.PostId,ph.PostId=v.PostId#c.Score,=,0,pl.LinkTypeId,=,1,v.BountyAmount,<=,50#8819
comments c,postLinks pl,postHistory ph,votes v#pl.PostId=c.PostId,c.PostId=ph.PostId,ph.PostId=v.PostId#pl.CreationDate,>=,1282168176,pl.CreationDate,<=,1409323244,v.CreationDate,<=,1410393600#2118301
comments c,postLinks pl,postHistory ph,votes v#pl.PostId=c.PostId,c.PostId=ph.PostId,ph.PostId=v.PostId#c.Score,=,0,pl.LinkTypeId,=,1,pl.CreationDate,<=,1406984844#1175213
comments c,postLinks pl,postHistory ph,votes v#pl.PostId=c.PostId,c.PostId=ph.PostId,ph.PostId=v.PostId#ph.PostHistoryTypeId,=,3,ph.CreationDate,>=,1280856296,v.CreationDate,<=,1410566400#263444
comments c,postLinks pl,postHistory ph,votes v#pl.PostId=c.PostId,c.PostId=ph.PostId,ph.PostId=v.PostId#c.CreationDate,>=,1282249959,pl.CreationDate,<=,1402404963,ph.CreationDate,<=,1409402636#1861987
comments c,postLinks pl,postHistory ph,votes v#pl.PostId=c.PostId,c.PostId=ph.PostId,ph.PostId=v.PostId#pl.CreationDate,<=,1404486111,ph.CreationDate,>=,1281794416,v.CreationDate,>=,1279670400#1929511
comments c,postLinks pl,postHistory ph,votes v#pl.PostId=c.PostId,c.PostId=ph.PostId,ph.PostId=v.PostId#c.Score,=,0,pl.CreationDate,>=,1297623864,v.VoteTypeId,=,16#29110
comments c,postLinks pl,postHistory ph,votes v#pl.PostId=c.PostId,c.PostId=ph.PostId,ph.PostId=v.PostId#pl.LinkTypeId,=,1,ph.PostHistoryTypeId,=,3,ph.CreationDate,<=,1409617173#275673
comments c,postLinks pl,postHistory ph,votes v#pl.PostId=c.PostId,c.PostId=ph.PostId,ph.PostId=v.PostId#c.CreationDate,<=,1410366640,ph.CreationDate,>=,1280173990,ph.CreationDate,<=,1406509220#2025183
comments c,postLinks pl,postHistory ph,votes v#pl.PostId=c.PostId,c.PostId=ph.PostId,ph.PostId=v.PostId#c.CreationDate,>=,1280205759,pl.LinkTypeId,=,1,ph.PostHistoryTypeId,=,25#164254
comments c,postLinks pl,postHistory ph,votes v#pl.PostId=c.PostId,c.PostId=ph.PostId,ph.PostId=v.PostId#c.Score,=,1,c.CreationDate,<=,1410384694,pl.CreationDate,>=,1285474702#426346
comments c,postLinks pl,postHistory ph,votes v#pl.PostId=c.PostId,c.PostId=ph.PostId,ph.PostId=v.PostId#c.CreationDate,>=,1280061076,ph.CreationDate,<=,1409881453,v.BountyAmount,<=,50#12151
comments c,postLinks pl,postHistory ph,votes v#pl.PostId=c.PostId,c.PostId=ph.PostId,ph.PostId=v.PostId#pl.LinkTypeId,=,1,ph.PostHistoryTypeId,=,5,v.VoteTypeId,=,15#6555
comments c,postLinks pl,postHistory ph,votes v#pl.PostId=c.PostId,c.PostId=ph.PostId,ph.PostId=v.PostId#c.CreationDate,<=,1410524117,pl.CreationDate,>=,1286888585,v.BountyAmount,>=,0#17439
comments c,postLinks pl,postHistory ph,votes v#pl.PostId=c.PostId,c.PostId=ph.PostId,ph.PostId=v.PostId#c.CreationDate,>=,1280863249,c.CreationDate,<=,1410035654,v.CreationDate,<=,1410652800#2075118
comments c,postLinks pl,postHistory ph,votes v#pl.PostId=c.PostId,c.PostId=ph.PostId,ph.PostId=v.PostId#pl.LinkTypeId,=,1,pl.CreationDate,<=,1405453794,v.VoteTypeId,=,2#1273298
comments c,postLinks pl,postHistory ph,votes v#pl.PostId=c.PostId,c.PostId=ph.PostId,ph.PostId=v.PostId#pl.LinkTypeId,=,1,ph.CreationDate,<=,1409077266,v.VoteTypeId,=,2#1306390
comments c,postLinks pl,postHistory ph,votes v#pl.PostId=c.PostId,c.PostId=ph.PostId,ph.PostId=v.PostId#c.CreationDate,>=,1279582119,ph.PostHistoryTypeId,=,2,v.VoteTypeId,=,2#180396
comments c,postLinks pl,postHistory ph,votes v#pl.PostId=c.PostId,c.PostId=ph.PostId,ph.PostId=v.PostId#c.Score,=,3,ph.CreationDate,>=,1286241628,ph.CreationDate,<=,1406810022#89058
comments c,postLinks pl,postHistory ph,votes v#pl.PostId=c.PostId,c.PostId=ph.PostId,ph.PostId=v.PostId#pl.LinkTypeId,=,1,pl.CreationDate,<=,1409410434,ph.CreationDate,<=,1409918092#2097286
comments c,postLinks pl,postHistory ph,votes v#pl.PostId=c.PostId,c.PostId=ph.PostId,ph.PostId=v.PostId#pl.CreationDate,<=,1407022828,ph.CreationDate,>=,1279649550,v.VoteTypeId,=,2#1279426
comments c,postLinks pl,postHistory ph,votes v#pl.PostId=c.PostId,c.PostId=ph.PostId,ph.PostId=v.PostId#pl.LinkTypeId,=,1,ph.CreationDate,<=,1409505880,v.VoteTypeId,=,2#1310235
comments c,postLinks pl,postHistory ph,votes v#pl.PostId=c.PostId,c.PostId=ph.PostId,ph.PostId=v.PostId#c.Score,=,0,c.CreationDate,>=,1282571981,ph.CreationDate,>=,1280206612#1162267
comments c,postLinks pl,postHistory ph,votes v#pl.PostId=c.PostId,c.PostId=ph.PostId,ph.PostId=v.PostId#c.Score,=,0,ph.CreationDate,>=,1279865830,v.VoteTypeId,=,5#335141
comments c,postLinks pl,postHistory ph,votes v#pl.PostId=c.PostId,c.PostId=ph.PostId,ph.PostId=v.PostId#c.Score,=,0,pl.CreationDate,>=,1315345225,v.CreationDate,<=,1410307200#1021087
comments c,postLinks pl,postHistory ph,votes v#pl.PostId=c.PostId,c.PostId=ph.PostId,ph.PostId=v.PostId#c.CreationDate,>=,1283073992,c.CreationDate,<=,1409565206,v.CreationDate,>=,1279584000#2020087
comments c,postLinks pl,postHistory ph,votes v#pl.PostId=c.PostId,c.PostId=ph.PostId,ph.PostId=v.PostId#pl.CreationDate,>=,1298551421,pl.CreationDate,<=,1408130568,v.VoteTypeId,=,2#1208263
comments c,postLinks pl,postHistory ph,votes v#pl.PostId=c.PostId,c.PostId=ph.PostId,ph.PostId=v.PostId#c.Score,=,0,c.CreationDate,<=,1410111988,ph.PostHistoryTypeId,=,3#166358
comments c,postLinks pl,postHistory ph,votes v#pl.PostId=c.PostId,c.PostId=ph.PostId,ph.PostId=v.PostId#c.Score,=,0,c.CreationDate,>=,1279642014,pl.CreationDate,<=,1410641671#1229153
comments c,postLinks pl,postHistory ph,votes v#pl.PostId=c.PostId,c.PostId=ph.PostId,ph.PostId=v.PostId#c.Score,=,1,pl.LinkTypeId,=,1,v.VoteTypeId,=,2#256929
comments c,postLinks pl,postHistory ph,votes v#pl.PostId=c.PostId,c.PostId=ph.PostId,ph.PostId=v.PostId#c.Score,=,1,ph.CreationDate,<=,1409667044,v.VoteTypeId,=,2#258764
comments c,postLinks pl,postHistory ph,votes v#pl.PostId=c.PostId,c.PostId=ph.PostId,ph.PostId=v.PostId#c.Score,=,1,pl.LinkTypeId,=,1,pl.CreationDate,<=,1407187811#412631
comments c,postLinks pl,postHistory ph,votes v#pl.PostId=c.PostId,c.PostId=ph.PostId,ph.PostId=v.PostId#c.Score,=,1,pl.LinkTypeId,=,1,pl.CreationDate,<=,1405068861#408995
comments c,postLinks pl,postHistory ph,votes v#pl.PostId=c.PostId,c.PostId=ph.PostId,ph.PostId=v.PostId#pl.CreationDate,>=,1318365829,pl.CreationDate,<=,1399912793,v.VoteTypeId,=,2#984101
comments c,postLinks pl,postHistory ph,votes v#pl.PostId=c.PostId,c.PostId=ph.PostId,ph.PostId=v.PostId#c.CreationDate,>=,1282181550,ph.CreationDate,<=,1406211340,v.VoteTypeId,=,2#1244562
comments c,postLinks pl,postHistory ph,votes v#pl.PostId=c.PostId,c.PostId=ph.PostId,ph.PostId=v.PostId#c.CreationDate,>=,1279825845,c.CreationDate,<=,1410304717,ph.PostHistoryTypeId,=,2#276736
comments c,postLinks pl,postHistory ph,votes v#pl.PostId=c.PostId,c.PostId=ph.PostId,ph.PostId=v.PostId#c.Score,=,0,pl.LinkTypeId,=,1,ph.PostHistoryTypeId,=,2#164141
comments c,postLinks pl,postHistory ph,votes v#pl.PostId=c.PostId,c.PostId=ph.PostId,ph.PostId=v.PostId#c.CreationDate,>=,1281886305,pl.CreationDate,>=,1287596046,v.VoteTypeId,=,2#1265982
comments c,postLinks pl,postHistory ph,votes v#pl.PostId=c.PostId,c.PostId=ph.PostId,ph.PostId=v.PostId#c.Score,=,0,v.VoteTypeId,=,2,v.CreationDate,<=,1410393600#786535
comments c,postLinks pl,postHistory ph,votes v#pl.PostId=c.PostId,c.PostId=ph.PostId,ph.PostId=v.PostId#c.CreationDate,<=,1410615056,ph.PostHistoryTypeId,=,2,v.VoteTypeId,=,2#180932
comments c,postLinks pl,postHistory ph,votes v#pl.PostId=c.PostId,c.PostId=ph.PostId,ph.PostId=v.PostId#pl.LinkTypeId,=,1,ph.CreationDate,<=,1408654171,v.VoteTypeId,=,2#1305236
comments c,postLinks pl,postHistory ph,votes v#pl.PostId=c.PostId,c.PostId=ph.PostId,ph.PostId=v.PostId#c.CreationDate,<=,1410546476,ph.PostHistoryTypeId,=,24,ph.CreationDate,<=,1409480177#41955
comments c,postLinks pl,postHistory ph,votes v#pl.PostId=c.PostId,c.PostId=ph.PostId,ph.PostId=v.PostId#c.Score,=,0,pl.LinkTypeId,=,1,pl.CreationDate,<=,1410594444#1211460
comments c,postLinks pl,postHistory ph,votes v#pl.PostId=c.PostId,c.PostId=ph.PostId,ph.PostId=v.PostId#c.CreationDate,>=,1279571152,ph.CreationDate,<=,1407835863,v.CreationDate,<=,1410307200#2112217
comments c,postLinks pl,postHistory ph,votes v#pl.PostId=c.PostId,c.PostId=ph.PostId,ph.PostId=v.PostId#c.CreationDate,<=,1410544643,pl.CreationDate,>=,1301598224,pl.CreationDate,<=,1407142329#1898673
comments c,postLinks pl,postHistory ph,votes v#pl.PostId=c.PostId,c.PostId=ph.PostId,ph.PostId=v.PostId#c.Score,=,0,pl.CreationDate,<=,1409423062,v.CreationDate,<=,1410566400#1221055
comments c,postLinks pl,postHistory ph,votes v#pl.PostId=c.PostId,c.PostId=ph.PostId,ph.PostId=v.PostId#c.Score,=,0,pl.CreationDate,<=,1403623865,v.BountyAmount,<=,50#8026
comments c,postLinks pl,postHistory ph,votes v#pl.PostId=c.PostId,c.PostId=ph.PostId,ph.PostId=v.PostId#c.CreationDate,<=,1409486545,ph.CreationDate,>=,1284847165,ph.CreationDate,<=,1408304153#1790128
comments c,postLinks pl,postHistory ph,votes v#pl.PostId=c.PostId,c.PostId=ph.PostId,ph.PostId=v.PostId#pl.CreationDate,>=,1307386341,ph.PostHistoryTypeId,=,1,v.VoteTypeId,=,2#157091
comments c,postLinks pl,postHistory ph,votes v#pl.PostId=c.PostId,c.PostId=ph.PostId,ph.PostId=v.PostId#c.Score,=,1,c.CreationDate,<=,1410310243,v.VoteTypeId,=,2#259668
comments c,postLinks pl,postHistory ph,votes v#pl.PostId=c.PostId,c.PostId=ph.PostId,ph.PostId=v.PostId#c.CreationDate,>=,1281430607,ph.CreationDate,>=,1279717893,v.VoteTypeId,=,2#1276908
comments c,postLinks pl,postHistory ph,votes v#pl.PostId=c.PostId,c.PostId=ph.PostId,ph.PostId=v.PostId#v.VoteTypeId,=,3,v.CreationDate,>=,1279756800,v.CreationDate,<=,1410480000#36292
comments c,postLinks pl,postHistory ph,votes v#pl.PostId=c.PostId,c.PostId=ph.PostId,ph.PostId=v.PostId#c.Score,=,0,pl.LinkTypeId,=,1,ph.PostHistoryTypeId,=,1#164141
comments c,postLinks pl,postHistory ph,votes v#pl.PostId=c.PostId,c.PostId=ph.PostId,ph.PostId=v.PostId#c.CreationDate,>=,1281579141,ph.PostHistoryTypeId,=,5,v.CreationDate,<=,1410480000#461811
comments c,postLinks pl,postHistory ph,votes v#pl.PostId=c.PostId,c.PostId=ph.PostId,ph.PostId=v.PostId#c.Score,=,1,ph.PostHistoryTypeId,=,5,v.VoteTypeId,=,2#57002
comments c,postLinks pl,postHistory ph,votes v#pl.PostId=c.PostId,c.PostId=ph.PostId,ph.PostId=v.PostId#c.CreationDate,>=,1279922448,pl.LinkTypeId,=,1,ph.CreationDate,<=,1409301826#2061148
comments c,postLinks pl,postHistory ph,votes v#pl.PostId=c.PostId,c.PostId=ph.PostId,ph.PostId=v.PostId#c.Score,=,1,c.CreationDate,>=,1280342651,ph.CreationDate,>=,1281318281#408454
comments c,postLinks pl,postHistory ph,votes v#pl.PostId=c.PostId,c.PostId=ph.PostId,ph.PostId=v.PostId#pl.LinkTypeId,=,1,ph.PostHistoryTypeId,=,5,v.BountyAmount,<=,50#3276
comments c,postLinks pl,postHistory ph,votes v#pl.PostId=c.PostId,c.PostId=ph.PostId,ph.PostId=v.PostId#pl.LinkTypeId,=,1,pl.CreationDate,>=,1286292467,pl.CreationDate,<=,1410372986#2079649
comments c,postLinks pl,postHistory ph,votes v#pl.PostId=c.PostId,c.PostId=ph.PostId,ph.PostId=v.PostId#pl.LinkTypeId,=,1,ph.CreationDate,<=,1407438420,v.CreationDate,<=,1410566400#2075596
comments c,postLinks pl,postHistory ph,votes v#pl.PostId=c.PostId,c.PostId=ph.PostId,ph.PostId=v.PostId#pl.LinkTypeId,=,1,ph.PostHistoryTypeId,=,25,v.CreationDate,=,1393286400#296
comments c,postLinks pl,postHistory ph,votes v#pl.PostId=c.PostId,c.PostId=ph.PostId,ph.PostId=v.PostId#c.CreationDate,>=,1280137512,pl.CreationDate,<=,1409837860,v.VoteTypeId,=,2#1304955
comments c,postLinks pl,postHistory ph,votes v#pl.PostId=c.PostId,c.PostId=ph.PostId,ph.PostId=v.PostId#c.Score,=,0,pl.LinkTypeId,=,1,pl.CreationDate,>=,1287176210#1188535
comments c,postLinks pl,postHistory ph,votes v#pl.PostId=c.PostId,c.PostId=ph.PostId,ph.PostId=v.PostId#ph.PostHistoryTypeId,=,3,v.VoteTypeId,=,2,v.CreationDate,<=,1410307200#180492
comments c,postLinks pl,postHistory ph,votes v#pl.PostId=c.PostId,c.PostId=ph.PostId,ph.PostId=v.PostId#c.CreationDate,<=,1410257876,pl.LinkTypeId,=,1,ph.PostHistoryTypeId,=,38#38468
comments c,postLinks pl,postHistory ph,votes v#pl.PostId=c.PostId,c.PostId=ph.PostId,ph.PostId=v.PostId#c.CreationDate,<=,1410656849,v.CreationDate,>=,1279497600,v.CreationDate,<=,1409616000#2131576
comments c,postLinks pl,postHistory ph,votes v#pl.PostId=c.PostId,c.PostId=ph.PostId,ph.PostId=v.PostId#c.Score,=,0,v.BountyAmount,>=,0,v.BountyAmount,<=,100#11259
comments c,postLinks pl,postHistory ph,votes v#pl.PostId=c.PostId,c.PostId=ph.PostId,ph.PostId=v.PostId#c.Score,=,0,ph.PostHistoryTypeId,=,5,v.VoteTypeId,=,2#193664
comments c,postLinks pl,postHistory ph,votes v#pl.PostId=c.PostId,c.PostId=ph.PostId,ph.PostId=v.PostId#pl.LinkTypeId,=,1,v.CreationDate,>=,1279756800,v.CreationDate,<=,1410220800#2099914
comments c,postLinks pl,postHistory ph,votes v#pl.PostId=c.PostId,c.PostId=ph.PostId,ph.PostId=v.PostId#c.CreationDate,>=,1279645572,ph.CreationDate,>=,1281318281,ph.CreationDate,<=,1410471059#2028761
comments c,postLinks pl,postHistory ph,votes v#pl.PostId=c.PostId,c.PostId=ph.PostId,ph.PostId=v.PostId#c.Score,=,0,pl.LinkTypeId,=,1,v.CreationDate,<=,1410480000#1211079
comments c,postLinks pl,postHistory ph,votes v#pl.PostId=c.PostId,c.PostId=ph.PostId,ph.PostId=v.PostId#c.CreationDate,>=,1283843569,c.CreationDate,<=,1410345188,v.BountyAmount,<=,50#12049
comments c,postLinks pl,postHistory ph,votes v#pl.PostId=c.PostId,c.PostId=ph.PostId,ph.PostId=v.PostId#c.CreationDate,>=,1279582119,c.CreationDate,<=,1410446786,ph.PostHistoryTypeId,=,3#281730
comments c,postLinks pl,postHistory ph,votes v#pl.PostId=c.PostId,c.PostId=ph.PostId,ph.PostId=v.PostId#pl.LinkTypeId,=,1,ph.CreationDate,<=,1406209870,v.VoteTypeId,=,2#1284344
comments c,postLinks pl,postHistory ph,votes v#pl.PostId=c.PostId,c.PostId=ph.PostId,ph.PostId=v.PostId#c.CreationDate,>=,1280228667,v.BountyAmount,>=,0,v.BountyAmount,<=,50#12135
comments c,postLinks pl,postHistory ph,votes v#pl.PostId=c.PostId,c.PostId=ph.PostId,ph.PostId=v.PostId#pl.LinkTypeId,=,1,pl.CreationDate,>=,1297891161,ph.PostHistoryTypeId,=,5#448196
comments c,postLinks pl,postHistory ph,votes v#pl.PostId=c.PostId,c.PostId=ph.PostId,ph.PostId=v.PostId#c.Score,=,1,pl.LinkTypeId,=,1,v.VoteTypeId,=,2#256929
comments c,postLinks pl,postHistory ph,votes v#pl.PostId=c.PostId,c.PostId=ph.PostId,ph.PostId=v.PostId#c.CreationDate,>=,1281630110,c.CreationDate,<=,1410386472,v.BountyAmount,<=,100#15721
comments c,postLinks pl,postHistory ph,votes v#pl.PostId=c.PostId,c.PostId=ph.PostId,ph.PostId=v.PostId#ph.PostHistoryTypeId,=,1,ph.CreationDate,>=,1296704699,v.VoteTypeId,=,2#143692
comments c,postLinks pl,postHistory ph,votes v#pl.PostId=c.PostId,c.PostId=ph.PostId,ph.PostId=v.PostId#c.Score,=,0,pl.LinkTypeId,=,1,ph.PostHistoryTypeId,=,2#164141
comments c,postLinks pl,postHistory ph,votes v#pl.PostId=c.PostId,c.PostId=ph.PostId,ph.PostId=v.PostId#c.Score,=,0,ph.CreationDate,<=,1408778820,v.CreationDate,>=,1279497600#1217581
comments c,postLinks pl,postHistory ph,votes v#pl.PostId=c.PostId,c.PostId=ph.PostId,ph.PostId=v.PostId#pl.LinkTypeId,=,1,v.BountyAmount,>=,0,v.BountyAmount,<=,200#17047
comments c,postLinks pl,postHistory ph,votes v#pl.PostId=c.PostId,c.PostId=ph.PostId,ph.PostId=v.PostId#c.Score,=,0,pl.LinkTypeId,=,1,v.VoteTypeId,=,2#776879
comments c,postLinks pl,postHistory ph,votes v#pl.PostId=c.PostId,c.PostId=ph.PostId,ph.PostId=v.PostId#c.Score,=,0,c.CreationDate,>=,1281827231,pl.LinkTypeId,=,1#1171824
comments c,postLinks pl,postHistory ph,votes v#pl.PostId=c.PostId,c.PostId=ph.PostId,ph.PostId=v.PostId#c.Score,=,0,c.CreationDate,>=,1280168743,ph.CreationDate,<=,1407775336#1189760
comments c,postLinks pl,postHistory ph,votes v#pl.PostId=c.PostId,c.PostId=ph.PostId,ph.PostId=v.PostId#c.Score,=,0,ph.CreationDate,>=,1289670432,v.VoteTypeId,=,2#703348
comments c,postLinks pl,postHistory ph,votes v#pl.PostId=c.PostId,c.PostId=ph.PostId,ph.PostId=v.PostId#c.CreationDate,>=,1280173823,ph.PostHistoryTypeId,=,10,v.BountyAmount,>=,0#15
comments c,postLinks pl,postHistory ph,votes v#pl.PostId=c.PostId,c.PostId=ph.PostId,ph.PostId=v.PostId#c.Score,=,0,pl.CreationDate,<=,1407411300,v.BountyAmount,<=,50#8673
comments c,postLinks pl,postHistory ph,votes v#pl.PostId=c.PostId,c.PostId=ph.PostId,ph.PostId=v.PostId#pl.LinkTypeId,=,1,v.CreationDate,>=,1280361600,v.CreationDate,<=,1410566400#2102627
comments c,postLinks pl,postHistory ph,votes v#pl.PostId=c.PostId,c.PostId=ph.PostId,ph.PostId=v.PostId#c.Score,=,0,ph.PostHistoryTypeId,=,3,v.VoteTypeId,=,2#109322
comments c,postLinks pl,postHistory ph,votes v#pl.PostId=c.PostId,c.PostId=ph.PostId,ph.PostId=v.PostId#pl.LinkTypeId,=,1,pl.CreationDate,<=,1407376237,v.CreationDate,<=,1409961600#2060831
comments c,postLinks pl,postHistory ph,votes v#pl.PostId=c.PostId,c.PostId=ph.PostId,ph.PostId=v.PostId#c.Score,=,0,c.CreationDate,<=,1410603650,v.VoteTypeId,=,2#787436
comments c,postLinks pl,postHistory ph,votes v#pl.PostId=c.PostId,c.PostId=ph.PostId,ph.PostId=v.PostId#pl.LinkTypeId,=,1,pl.CreationDate,>=,1314135531,pl.CreationDate,<=,1404486111#1707559
comments c,postLinks pl,postHistory ph,votes v#pl.PostId=c.PostId,c.PostId=ph.PostId,ph.PostId=v.PostId#c.CreationDate,<=,1410387942,ph.PostHistoryTypeId,=,2,ph.CreationDate,>=,1279649888#272607
comments c,postLinks pl,postHistory ph,votes v#pl.PostId=c.PostId,c.PostId=ph.PostId,ph.PostId=v.PostId#pl.CreationDate,<=,1409500130,ph.PostHistoryTypeId,=,5,v.CreationDate,>=,1280275200#474317
comments c,postLinks pl,postHistory ph,votes v#pl.PostId=c.PostId,c.PostId=ph.PostId,ph.PostId=v.PostId#ph.PostHistoryTypeId,=,24,ph.CreationDate,>=,1287710217,v.VoteTypeId,=,2#24953
comments c,postLinks pl,postHistory ph,votes v#pl.PostId=c.PostId,c.PostId=ph.PostId,ph.PostId=v.PostId#pl.CreationDate,<=,1403604329,ph.PostHistoryTypeId,=,1,v.VoteTypeId,=,2#168523
comments c,postLinks pl,postHistory ph,votes v#pl.PostId=c.PostId,c.PostId=ph.PostId,ph.PostId=v.PostId#pl.CreationDate,>=,1281699728,ph.PostHistoryTypeId,=,3,v.BountyAmount,<=,50#1222
comments c,postLinks pl,postHistory ph,votes v#pl.PostId=c.PostId,c.PostId=ph.PostId,ph.PostId=v.PostId#c.Score,=,4,ph.PostHistoryTypeId,=,5,v.CreationDate,<=,1409788800#11731
comments c,postLinks pl,postHistory ph,votes v#pl.PostId=c.PostId,c.PostId=ph.PostId,ph.PostId=v.PostId#c.Score,=,0,pl.LinkTypeId,=,1,v.VoteTypeId,=,2#776879
comments c,postLinks pl,postHistory ph,votes v#pl.PostId=c.PostId,c.PostId=ph.PostId,ph.PostId=v.PostId#ph.PostHistoryTypeId,=,25,v.CreationDate,>=,1279584000,v.CreationDate,<=,1410134400#164143
comments c,postLinks pl,postHistory ph,votes v#pl.PostId=c.PostId,c.PostId=ph.PostId,ph.PostId=v.PostId#c.CreationDate,>=,1280865421,c.CreationDate,<=,1410597693,pl.CreationDate,>=,1312489244#1814908
comments c,postLinks pl,postHistory ph,votes v#pl.PostId=c.PostId,c.PostId=ph.PostId,ph.PostId=v.PostId#c.CreationDate,>=,1279587672,c.CreationDate,<=,1410473576,ph.PostHistoryTypeId,=,5#477807
comments c,postLinks pl,postHistory ph,votes v#pl.PostId=c.PostId,c.PostId=ph.PostId,ph.PostId=v.PostId#ph.PostHistoryTypeId,=,6,ph.CreationDate,<=,1406207740,v.VoteTypeId,=,2#126175
comments c,postLinks pl,postHistory ph,votes v#pl.PostId=c.PostId,c.PostId=ph.PostId,ph.PostId=v.PostId#ph.CreationDate,>=,1281720039,ph.CreationDate,<=,1407754940,v.VoteTypeId,=,2#1231906
comments c,postLinks pl,postHistory ph,votes v#pl.PostId=c.PostId,c.PostId=ph.PostId,ph.PostId=v.PostId#pl.LinkTypeId,=,1,v.BountyAmount,>=,0,v.CreationDate,>=,1280188800#17455
comments c,postLinks pl,postHistory ph,votes v#pl.PostId=c.PostId,c.PostId=ph.PostId,ph.PostId=v.PostId#c.Score,=,0,pl.LinkTypeId,=,1,ph.CreationDate,>=,1282063164#1139428
comments c,postLinks pl,postHistory ph,votes v#pl.PostId=c.PostId,c.PostId=ph.PostId,ph.PostId=v.PostId#pl.CreationDate,>=,1283180521,pl.CreationDate,<=,1409081862,v.VoteTypeId,=,2#1314469
comments c,postLinks pl,postHistory ph,votes v#pl.PostId=c.PostId,c.PostId=ph.PostId,ph.PostId=v.PostId#c.Score,=,0,c.CreationDate,<=,1410044188,pl.LinkTypeId,=,1#1203298
comments c,postLinks pl,postHistory ph,votes v#pl.PostId=c.PostId,c.PostId=ph.PostId,ph.PostId=v.PostId#c.Score,=,0,c.CreationDate,<=,1410148004,pl.LinkTypeId,=,1#1204357
comments c,postLinks pl,postHistory ph,votes v#pl.PostId=c.PostId,c.PostId=ph.PostId,ph.PostId=v.PostId#pl.CreationDate,>=,1297501213,v.CreationDate,>=,1279756800,v.CreationDate,<=,1410566400#1982262
comments c,postLinks pl,postHistory ph,votes v#pl.PostId=c.PostId,c.PostId=ph.PostId,ph.PostId=v.PostId#ph.PostHistoryTypeId,=,2,v.BountyAmount,>=,0,v.CreationDate,>=,1280275200#1738
comments c,postLinks pl,postHistory ph,votes v#pl.PostId=c.PostId,c.PostId=ph.PostId,ph.PostId=v.PostId#ph.PostHistoryTypeId,=,25,v.CreationDate,>=,1279670400,v.CreationDate,<=,1410480000#165382
comments c,postLinks pl,postHistory ph,votes v#pl.PostId=c.PostId,c.PostId=ph.PostId,ph.PostId=v.PostId#c.CreationDate,>=,1279768981,ph.CreationDate,>=,1286573460,ph.CreationDate,<=,1406277179#1756980
comments c,postLinks pl,postHistory ph,votes v#pl.PostId=c.PostId,c.PostId=ph.PostId,ph.PostId=v.PostId#pl.CreationDate,>=,1285733673,ph.CreationDate,>=,1288425310,v.VoteTypeId,=,5#510260
comments c,postLinks pl,postHistory ph,votes v#pl.PostId=c.PostId,c.PostId=ph.PostId,ph.PostId=v.PostId#c.Score,=,0,ph.PostHistoryTypeId,=,4,v.CreationDate,>=,1279497600#108840
comments c,postLinks pl,postHistory ph,votes v#pl.PostId=c.PostId,c.PostId=ph.PostId,ph.PostId=v.PostId#c.Score,=,0,pl.LinkTypeId,=,1,pl.CreationDate,<=,1403804642#1140130
comments c,postLinks pl,postHistory ph,votes v#pl.PostId=c.PostId,c.PostId=ph.PostId,ph.PostId=v.PostId#c.Score,=,1,ph.PostHistoryTypeId,=,6,v.VoteTypeId,=,2#27394
comments c,postLinks pl,postHistory ph,votes v#pl.PostId=c.PostId,c.PostId=ph.PostId,ph.PostId=v.PostId#pl.LinkTypeId,=,3,pl.CreationDate,>=,1283180521,ph.PostHistoryTypeId,=,2#5402
comments c,postLinks pl,postHistory ph,votes v#pl.PostId=c.PostId,c.PostId=ph.PostId,ph.PostId=v.PostId#c.Score,=,0,pl.CreationDate,<=,1409158827,v.VoteTypeId,=,2#776883
comments c,postLinks pl,postHistory ph,votes v#pl.PostId=c.PostId,c.PostId=ph.PostId,ph.PostId=v.PostId#pl.LinkTypeId,=,1,ph.PostHistoryTypeId,=,2,v.VoteTypeId,=,2#178201
comments c,postLinks pl,postHistory ph,votes v#pl.PostId=c.PostId,c.PostId=ph.PostId,ph.PostId=v.PostId#c.CreationDate,<=,1410541293,pl.LinkTypeId,=,1,v.BountyAmount,>=,0#17451
comments c,postLinks pl,postHistory ph,votes v#pl.PostId=c.PostId,c.PostId=ph.PostId,ph.PostId=v.PostId#c.Score,=,0,pl.LinkTypeId,=,1,ph.PostHistoryTypeId,=,1#164141
comments c,postLinks pl,postHistory ph,votes v#pl.PostId=c.PostId,c.PostId=ph.PostId,ph.PostId=v.PostId#ph.PostHistoryTypeId,=,2,ph.CreationDate,<=,1406525399,v.VoteTypeId,=,5#82688
comments c,postLinks pl,postHistory ph,votes v#pl.PostId=c.PostId,c.PostId=ph.PostId,ph.PostId=v.PostId#pl.LinkTypeId,=,1,pl.CreationDate,<=,1406675490,ph.PostHistoryTypeId,=,2#268801
comments c,postLinks pl,postHistory ph,votes v#pl.PostId=c.PostId,c.PostId=ph.PostId,ph.PostId=v.PostId#pl.CreationDate,>=,1290739137,ph.CreationDate,>=,1282505075,ph.CreationDate,<=,1404749343#1904788
comments c,postLinks pl,postHistory ph,votes v#pl.PostId=c.PostId,c.PostId=ph.PostId,ph.PostId=v.PostId#c.CreationDate,>=,1280333902,c.CreationDate,<=,1410456781,pl.LinkTypeId,=,1#2061778
comments c,postLinks pl,postHistory ph,votes v#pl.PostId=c.PostId,c.PostId=ph.PostId,ph.PostId=v.PostId#pl.LinkTypeId,=,1,v.CreationDate,>=,1279584000,v.CreationDate,<=,1410480000#2113520
comments c,postLinks pl,postHistory ph,votes v#pl.PostId=c.PostId,c.PostId=ph.PostId,ph.PostId=v.PostId#pl.LinkTypeId,=,1,v.CreationDate,>=,1279670400,v.CreationDate,<=,1410566400#2112121
comments c,postLinks pl,postHistory ph,votes v#pl.PostId=c.PostId,c.PostId=ph.PostId,ph.PostId=v.PostId#pl.LinkTypeId,=,1,ph.CreationDate,>=,1297148116,v.VoteTypeId,=,2#1081228
comments c,postLinks pl,postHistory ph,votes v#pl.PostId=c.PostId,c.PostId=ph.PostId,ph.PostId=v.PostId#c.Score,=,0,pl.CreationDate,<=,1400545484,ph.PostHistoryTypeId,=,2#152203
comments c,postLinks pl,postHistory ph,votes v#pl.PostId=c.PostId,c.PostId=ph.PostId,ph.PostId=v.PostId#pl.LinkTypeId,=,1,pl.CreationDate,>=,1304462112,ph.PostHistoryTypeId,=,25#154662
comments c,postLinks pl,postHistory ph,votes v#pl.PostId=c.PostId,c.PostId=ph.PostId,ph.PostId=v.PostId#c.CreationDate,>=,1281013424,pl.LinkTypeId,=,3,v.CreationDate,>=,1279497600#34027
comments c,postLinks pl,postHistory ph,votes v#pl.PostId=c.PostId,c.PostId=ph.PostId,ph.PostId=v.PostId#c.CreationDate,>=,1280168812,ph.PostHistoryTypeId,=,3,v.CreationDate,>=,1233532800#276028
comments c,postLinks pl,postHistory ph,votes v#pl.PostId=c.PostId,c.PostId=ph.PostId,ph.PostId=v.PostId#c.CreationDate,<=,1410365005,pl.LinkTypeId,=,1,ph.CreationDate,<=,1408198216#2079487
comments c,postLinks pl,postHistory ph,votes v#pl.PostId=c.PostId,c.PostId=ph.PostId,ph.PostId=v.PostId#c.Score,=,0,c.CreationDate,>=,1281448590,ph.PostHistoryTypeId,=,5#292274
comments c,postLinks pl,postHistory ph,votes v#pl.PostId=c.PostId,c.PostId=ph.PostId,ph.PostId=v.PostId#c.Score,=,0,pl.LinkTypeId,=,1,pl.CreationDate,<=,1405353927#1165890
comments c,postLinks pl,postHistory ph,votes v#pl.PostId=c.PostId,c.PostId=ph.PostId,ph.PostId=v.PostId#c.Score,=,0,ph.PostHistoryTypeId,=,1,v.VoteTypeId,=,2#109322
comments c,postLinks pl,postHistory ph,votes v#pl.PostId=c.PostId,c.PostId=ph.PostId,ph.PostId=v.PostId#pl.CreationDate,>=,1305047245,pl.CreationDate,<=,1408380839,ph.CreationDate,>=,1281989149#1790199
comments c,postLinks pl,postHistory ph,votes v#pl.PostId=c.PostId,c.PostId=ph.PostId,ph.PostId=v.PostId#c.Score,=,0,ph.CreationDate,>=,1280843659,v.BountyAmount,<=,50#8721
comments c,postLinks pl,postHistory ph,votes v#pl.PostId=c.PostId,c.PostId=ph.PostId,ph.PostId=v.PostId#c.Score,=,0,ph.PostHistoryTypeId,=,5,v.VoteTypeId,=,2#193664
comments c,postLinks pl,postHistory ph,votes v#pl.PostId=c.PostId,c.PostId=ph.PostId,ph.PostId=v.PostId#pl.CreationDate,>=,1307478056,ph.CreationDate,<=,1409173336,v.BountyAmount,>=,0#15684
comments c,postLinks pl,postHistory ph,votes v#pl.PostId=c.PostId,c.PostId=ph.PostId,ph.PostId=v.PostId#c.Score,=,0,ph.PostHistoryTypeId,=,2,v.VoteTypeId,=,5#46274
comments c,postLinks pl,postHistory ph,votes v#pl.PostId=c.PostId,c.PostId=ph.PostId,ph.PostId=v.PostId#c.CreationDate,<=,1410261150,pl.LinkTypeId,=,1,pl.CreationDate,>=,1287046832#2052445
comments c,postLinks pl,postHistory ph,votes v#pl.PostId=c.PostId,c.PostId=ph.PostId,ph.PostId=v.PostId#c.Score,=,0,ph.CreationDate,<=,1410517169,v.VoteTypeId,=,2#787080
comments c,postLinks pl,postHistory ph,votes v#pl.PostId=c.PostId,c.PostId=ph.PostId,ph.PostId=v.PostId#c.Score,=,0,pl.LinkTypeId,=,1,pl.CreationDate,<=,1409837204#1203090
comments c,postLinks pl,postHistory ph,votes v#pl.PostId=c.PostId,c.PostId=ph.PostId,ph.PostId=v.PostId#pl.LinkTypeId,=,1,ph.PostHistoryTypeId,=,2,v.CreationDate,>=,1279584000#277103
comments c,postHistory ph,badges b,users u#u.Id=c.UserId,u.Id=ph.UserId,u.Id=b.UserId#b.Date,>=,1279747393,u.Reputation,>=,1,u.Reputation,<=,764#31510239
comments c,postHistory ph,badges b,users u#u.Id=c.UserId,u.Id=ph.UserId,u.Id=b.UserId#c.CreationDate,>=,1280846486,u.Views,>=,0,u.Views,<=,80#21090602
comments c,postHistory ph,badges b,users u#u.Id=c.UserId,u.Id=ph.UserId,u.Id=b.UserId#ph.CreationDate,<=,1408549232,u.Views,=,1,u.DownVotes,<=,0#80067
comments c,postHistory ph,badges b,users u#u.Id=c.UserId,u.Id=ph.UserId,u.Id=b.UserId#c.CreationDate,<=,1409702605,ph.PostHistoryTypeId,=,2,ph.CreationDate,>=,1280413613#14383224656
comments c,postHistory ph,badges b,users u#u.Id=c.UserId,u.Id=ph.UserId,u.Id=b.UserId#c.Score,=,0,ph.CreationDate,>=,1280702329,u.UpVotes,<=,10#5472240
comments c,postHistory ph,badges b,users u#u.Id=c.UserId,u.Id=ph.UserId,u.Id=b.UserId#u.Reputation,<=,425,u.DownVotes,=,0,u.UpVotes,>=,0#11006442
comments c,postHistory ph,badges b,users u#u.Id=c.UserId,u.Id=ph.UserId,u.Id=b.UserId#c.CreationDate,=,1350253204,u.UpVotes,>=,0,u.CreationDate,<=,1409144076#21607
comments c,postHistory ph,badges b,users u#u.Id=c.UserId,u.Id=ph.UserId,u.Id=b.UserId#c.CreationDate,<=,1409938276,u.Reputation,>=,1,u.Reputation,<=,408#15282275
comments c,postHistory ph,badges b,users u#u.Id=c.UserId,u.Id=ph.UserId,u.Id=b.UserId#c.Score,=,1,ph.CreationDate,>=,1282618088,u.DownVotes,<=,0#3641665
comments c,postHistory ph,badges b,users u#u.Id=c.UserId,u.Id=ph.UserId,u.Id=b.UserId#c.Score,=,0,ph.PostHistoryTypeId,=,5,ph.CreationDate,>=,1283340691#20311655829
comments c,postHistory ph,badges b,users u#u.Id=c.UserId,u.Id=ph.UserId,u.Id=b.UserId#u.Views,<=,73,u.UpVotes,>=,0,u.UpVotes,<=,18#7229711
comments c,postHistory ph,badges b,users u#u.Id=c.UserId,u.Id=ph.UserId,u.Id=b.UserId#ph.CreationDate,>=,1292522648,u.UpVotes,>=,0,u.CreationDate,<=,1410412946#76485421810
comments c,postHistory ph,badges b,users u#u.Id=c.UserId,u.Id=ph.UserId,u.Id=b.UserId#c.Score,=,0,ph.PostHistoryTypeId,=,3,b.Date,<=,1410526285#110475917
comments c,postHistory ph,badges b,users u#u.Id=c.UserId,u.Id=ph.UserId,u.Id=b.UserId#b.Date,<=,1409083986,u.CreationDate,>=,1280404022,u.CreationDate,<=,1410331303#76514055256
comments c,postHistory ph,badges b,users u#u.Id=c.UserId,u.Id=ph.UserId,u.Id=b.UserId#u.Reputation,<=,157,u.Views,>=,0,u.CreationDate,<=,1408117914#4202227
comments c,postHistory ph,badges b,users u#u.Id=c.UserId,u.Id=ph.UserId,u.Id=b.UserId#ph.PostHistoryTypeId,=,2,b.Date,>=,1279568647,u.UpVotes,=,0#357984
comments c,postHistory ph,badges b,users u#u.Id=c.UserId,u.Id=ph.UserId,u.Id=b.UserId#u.Views,<=,28,u.CreationDate,>=,1280291744,u.CreationDate,<=,1409515508#5011263
comments c,postHistory ph,badges b,users u#u.Id=c.UserId,u.Id=ph.UserId,u.Id=b.UserId#c.CreationDate,>=,1281387691,c.CreationDate,<=,1410204763,u.Reputation,<=,376#12267428
comments c,postHistory ph,badges b,users u#u.Id=c.UserId,u.Id=ph.UserId,u.Id=b.UserId#c.Score,=,1,ph.PostHistoryTypeId,=,5,u.DownVotes,>=,0#7085698556
comments c,postHistory ph,badges b,users u#u.Id=c.UserId,u.Id=ph.UserId,u.Id=b.UserId#ph.PostHistoryTypeId,=,33,b.Date,>=,1279609448,u.UpVotes,<=,27#115436
comments c,postHistory ph,badges b,users u#u.Id=c.UserId,u.Id=ph.UserId,u.Id=b.UserId#b.Date,>=,1292194363,u.Views,<=,26,u.UpVotes,>=,0#4477862
comments c,postHistory ph,badges b,users u#u.Id=c.UserId,u.Id=ph.UserId,u.Id=b.UserId#c.Score,=,3,c.CreationDate,<=,1410201488,u.UpVotes,>=,0#2931215331
comments c,postHistory ph,badges b,users u#u.Id=c.UserId,u.Id=ph.UserId,u.Id=b.UserId#c.CreationDate,>=,1281785383,u.Views,>=,0,u.Views,<=,13#1938774
comments c,postHistory ph,badges b,users u#u.Id=c.UserId,u.Id=ph.UserId,u.Id=b.UserId#u.Reputation,<=,1725,u.DownVotes,<=,2,u.UpVotes,>=,0#44026228
comments c,postHistory ph,badges b,users u#u.Id=c.UserId,u.Id=ph.UserId,u.Id=b.UserId#ph.PostHistoryTypeId,=,5,u.Reputation,<=,231,u.CreationDate,>=,1280340471#1136556
comments c,postHistory ph,badges b,users u#u.Id=c.UserId,u.Id=ph.UserId,u.Id=b.UserId#ph.PostHistoryTypeId,=,2,ph.CreationDate,>=,1298332266,b.Date,>=,1279568350#12725574735
comments c,postHistory ph,badges b,users u#u.Id=c.UserId,u.Id=ph.UserId,u.Id=b.UserId#u.DownVotes,<=,0,u.UpVotes,>=,0,u.UpVotes,<=,165#27228140
comments c,postHistory ph,badges b,users u#u.Id=c.UserId,u.Id=ph.UserId,u.Id=b.UserId#ph.PostHistoryTypeId,=,2,u.Reputation,>=,1,u.UpVotes,<=,13#2806885
comments c,postHistory ph,badges b,users u#u.Id=c.UserId,u.Id=ph.UserId,u.Id=b.UserId#c.CreationDate,<=,1410605910,u.CreationDate,>=,1280934655,u.CreationDate,<=,1408650595#76786715773
comments c,postHistory ph,badges b,users u#u.Id=c.UserId,u.Id=ph.UserId,u.Id=b.UserId#c.Score,=,2,ph.CreationDate,<=,1407241642,u.CreationDate,<=,1410437025#7042479425
comments c,postHistory ph,badges b,users u#u.Id=c.UserId,u.Id=ph.UserId,u.Id=b.UserId#c.Score,=,0,ph.CreationDate,<=,1402989166,u.Reputation,>=,1#44269699466
comments c,postHistory ph,badges b,users u#u.Id=c.UserId,u.Id=ph.UserId,u.Id=b.UserId#ph.CreationDate,>=,1281626472,b.Date,>=,1281452391,u.UpVotes,>=,0#79330368986
comments c,postHistory ph,badges b,users u#u.Id=c.UserId,u.Id=ph.UserId,u.Id=b.UserId#c.CreationDate,<=,1410296127,u.UpVotes,<=,154,u.CreationDate,<=,1409320762#176898939
comments c,postHistory ph,badges b,users u#u.Id=c.UserId,u.Id=ph.UserId,u.Id=b.UserId#c.Score,=,0,u.DownVotes,>=,0,u.DownVotes,<=,0#58566390
comments c,postHistory ph,badges b,users u#u.Id=c.UserId,u.Id=ph.UserId,u.Id=b.UserId#ph.CreationDate,<=,1403124171,u.Views,>=,0,u.UpVotes,=,0#734357
comments c,postHistory ph,badges b,users u#u.Id=c.UserId,u.Id=ph.UserId,u.Id=b.UserId#u.Reputation,<=,299,u.Views,>=,0,u.UpVotes,>=,0#8829024
comments c,postHistory ph,badges b,users u#u.Id=c.UserId,u.Id=ph.UserId,u.Id=b.UserId#c.Score,=,0,u.Reputation,<=,12813,u.UpVotes,>=,0#864597867
comments c,postHistory ph,badges b,users u#u.Id=c.UserId,u.Id=ph.UserId,u.Id=b.UserId#c.Score,=,0,c.CreationDate,<=,1410245845,u.Reputation,>=,1#48656968635
comments c,postHistory ph,badges b,users u#u.Id=c.UserId,u.Id=ph.UserId,u.Id=b.UserId#ph.CreationDate,<=,1407710332,u.Views,>=,0,u.UpVotes,>=,0#76485353822
comments c,postHistory ph,badges b,users u#u.Id=c.UserId,u.Id=ph.UserId,u.Id=b.UserId#c.Score,=,0,u.DownVotes,=,0,u.CreationDate,>=,1280937113#55968734
comments c,postHistory ph,badges b,users u#u.Id=c.UserId,u.Id=ph.UserId,u.Id=b.UserId#c.Score,=,0,ph.PostHistoryTypeId,=,4,u.Views,<=,30#105259
comments c,postHistory ph,badges b,users u#u.Id=c.UserId,u.Id=ph.UserId,u.Id=b.UserId#c.Score,=,2,b.Date,>=,1281655199,u.Reputation,>=,1#7329215852
comments c,postHistory ph,badges b,users u#u.Id=c.UserId,u.Id=ph.UserId,u.Id=b.UserId#c.Score,=,2,u.Reputation,<=,163,u.CreationDate,>=,1284620459#24943
comments c,postHistory ph,badges b,users u#u.Id=c.UserId,u.Id=ph.UserId,u.Id=b.UserId#c.Score,=,1,u.Reputation,<=,148,u.CreationDate,>=,1280940998#167304
comments c,postHistory ph,badges b,users u#u.Id=c.UserId,u.Id=ph.UserId,u.Id=b.UserId#b.Date,>=,1279832900,u.Reputation,>=,1,u.Reputation,<=,526#20009477
comments c,postHistory ph,badges b,users u#u.Id=c.UserId,u.Id=ph.UserId,u.Id=b.UserId#c.Score,=,0,ph.PostHistoryTypeId,=,6,ph.CreationDate,<=,1407865843#6490519032
comments c,postHistory ph,badges b,users u#u.Id=c.UserId,u.Id=ph.UserId,u.Id=b.UserId#c.Score,=,0,u.Views,<=,2252,u.DownVotes,<=,0#58566390
comments c,postHistory ph,badges b,users u#u.Id=c.UserId,u.Id=ph.UserId,u.Id=b.UserId#c.CreationDate,<=,1410200837,ph.CreationDate,<=,1409749455,u.Reputation,<=,1460#81967698
comments c,postHistory ph,badges b,users u#u.Id=c.UserId,u.Id=ph.UserId,u.Id=b.UserId#c.Score,=,2,ph.PostHistoryTypeId,=,5,u.DownVotes,>=,0#2801763315
comments c,postHistory ph,badges b,users u#u.Id=c.UserId,u.Id=ph.UserId,u.Id=b.UserId#ph.PostHistoryTypeId,=,1,ph.CreationDate,>=,1309976806,u.Views,>=,0#106748299
comments c,postHistory ph,badges b,users u#u.Id=c.UserId,u.Id=ph.UserId,u.Id=b.UserId#b.Date,<=,1410475342,u.UpVotes,>=,0,u.UpVotes,<=,401#920816215
comments c,postHistory ph,badges b,users u#u.Id=c.UserId,u.Id=ph.UserId,u.Id=b.UserId#ph.CreationDate,<=,1409038846,u.CreationDate,>=,1303418949,u.CreationDate,<=,1409186615#9113522682
comments c,postHistory ph,badges b,users u#u.Id=c.UserId,u.Id=ph.UserId,u.Id=b.UserId#ph.CreationDate,>=,1309113571,u.Views,>=,0,u.UpVotes,>=,0#71150728223
comments c,postHistory ph,badges b,users u#u.Id=c.UserId,u.Id=ph.UserId,u.Id=b.UserId#c.CreationDate,>=,1281463553,ph.PostHistoryTypeId,=,2,u.CreationDate,>=,1280183120#14461459947
comments c,postHistory ph,badges b,users u#u.Id=c.UserId,u.Id=ph.UserId,u.Id=b.UserId#ph.PostHistoryTypeId,=,5,ph.CreationDate,>=,1289948361,u.DownVotes,>=,0#31549224248
comments c,postHistory ph,badges b,users u#u.Id=c.UserId,u.Id=ph.UserId,u.Id=b.UserId#c.Score,=,0,u.Reputation,>=,1,u.Views,<=,286#73974053
comments c,postHistory ph,badges b,users u#u.Id=c.UserId,u.Id=ph.UserId,u.Id=b.UserId#ph.PostHistoryTypeId,=,1,ph.CreationDate,>=,1281088094,u.CreationDate,>=,1301501785#33412877
comments c,postHistory ph,badges b,users u#u.Id=c.UserId,u.Id=ph.UserId,u.Id=b.UserId#c.Score,=,6,c.CreationDate,>=,1280269079,u.UpVotes,>=,0#261164710
comments c,postHistory ph,badges b,users u#u.Id=c.UserId,u.Id=ph.UserId,u.Id=b.UserId#b.Date,>=,1297855378,u.Views,>=,0,u.UpVotes,>=,0#74291620276
comments c,postHistory ph,badges b,users u#u.Id=c.UserId,u.Id=ph.UserId,u.Id=b.UserId#ph.CreationDate,>=,1302354594,ph.CreationDate,<=,1408646064,b.Date,<=,1409249858#69755566999
comments c,postHistory ph,badges b,users u#u.Id=c.UserId,u.Id=ph.UserId,u.Id=b.UserId#c.Score,=,0,ph.PostHistoryTypeId,=,4,u.Views,<=,1319#49358146
comments c,postHistory ph,badges b,users u#u.Id=c.UserId,u.Id=ph.UserId,u.Id=b.UserId#u.Reputation,<=,148,u.UpVotes,>=,0,u.CreationDate,<=,1409038206#4086193
comments c,postHistory ph,badges b,users u#u.Id=c.UserId,u.Id=ph.UserId,u.Id=b.UserId#c.Score,=,0,u.Views,>=,0,u.CreationDate,>=,1281533358#33772093219
comments c,postHistory ph,badges b,users u#u.Id=c.UserId,u.Id=ph.UserId,u.Id=b.UserId#c.Score,=,0,ph.PostHistoryTypeId,=,6,u.Reputation,<=,1490#1802526
comments c,postHistory ph,badges b,users u#u.Id=c.UserId,u.Id=ph.UserId,u.Id=b.UserId#c.Score,=,0,u.Views,<=,39,u.UpVotes,>=,0#7203104
comments c,postHistory ph,badges b,users u#u.Id=c.UserId,u.Id=ph.UserId,u.Id=b.UserId#c.CreationDate,>=,1280438501,ph.PostHistoryTypeId,=,1,u.CreationDate,>=,1280163729#131649809
comments c,postHistory ph,badges b,users u#u.Id=c.UserId,u.Id=ph.UserId,u.Id=b.UserId#c.CreationDate,<=,1410635758,ph.CreationDate,>=,1284522706,ph.CreationDate,<=,1408592435#76778170129
comments c,postHistory ph,badges b,users u#u.Id=c.UserId,u.Id=ph.UserId,u.Id=b.UserId#c.CreationDate,>=,1280220521,ph.CreationDate,>=,1288965271,u.CreationDate,>=,1297749039#9516249481
comments c,postHistory ph,badges b,users u#u.Id=c.UserId,u.Id=ph.UserId,u.Id=b.UserId#c.Score,=,0,b.Date,>=,1281619497,u.Reputation,<=,422#14709132
comments c,postHistory ph,badges b,users u#u.Id=c.UserId,u.Id=ph.UserId,u.Id=b.UserId#c.CreationDate,<=,1410428153,b.Date,=,1380620422,u.DownVotes,<=,0#574
comments c,postHistory ph,badges b,users u#u.Id=c.UserId,u.Id=ph.UserId,u.Id=b.UserId#c.CreationDate,>=,1279637405,u.Reputation,>=,1,u.Reputation,<=,476#18680808
comments c,postHistory ph,badges b,users u#u.Id=c.UserId,u.Id=ph.UserId,u.Id=b.UserId#c.Score,=,1,u.Reputation,>=,1,u.UpVotes,<=,192#50712888
comments c,postHistory ph,badges b,users u#u.Id=c.UserId,u.Id=ph.UserId,u.Id=b.UserId#u.UpVotes,>=,0,u.UpVotes,<=,6,u.CreationDate,<=,1409614529#3853374
comments c,postHistory ph,badges b,users u#u.Id=c.UserId,u.Id=ph.UserId,u.Id=b.UserId#c.Score,=,0,u.UpVotes,>=,0,u.UpVotes,<=,225#217405823
comments c,postHistory ph,badges b,users u#u.Id=c.UserId,u.Id=ph.UserId,u.Id=b.UserId#u.DownVotes,<=,2,u.UpVotes,>=,0,u.UpVotes,<=,463#95431731
comments c,postHistory ph,badges b,users u#u.Id=c.UserId,u.Id=ph.UserId,u.Id=b.UserId#u.DownVotes,<=,0,u.UpVotes,>=,0,u.CreationDate,>=,1302559538#24154106
comments c,postHistory ph,badges b,users u#u.Id=c.UserId,u.Id=ph.UserId,u.Id=b.UserId#u.Views,>=,0,u.Views,<=,18,u.UpVotes,<=,186#2917538
comments c,postHistory ph,badges b,users u#u.Id=c.UserId,u.Id=ph.UserId,u.Id=b.UserId#c.CreationDate,>=,1280497397,c.CreationDate,<=,1410509714,ph.PostHistoryTypeId,=,4#6565336487
comments c,postHistory ph,badges b,users u#u.Id=c.UserId,u.Id=ph.UserId,u.Id=b.UserId#u.UpVotes,>=,0,u.CreationDate,>=,1283249247,u.CreationDate,<=,1409416009#10449178682
comments c,postHistory ph,badges b,users u#u.Id=c.UserId,u.Id=ph.UserId,u.Id=b.UserId#ph.PostHistoryTypeId,=,2,u.DownVotes,>=,0,u.UpVotes,<=,31#6924983
comments c,postHistory ph,badges b,users u#u.Id=c.UserId,u.Id=ph.UserId,u.Id=b.UserId#ph.CreationDate,<=,1409539359,u.Reputation,>=,1,u.Reputation,<=,211#5633258
comments c,postHistory ph,badges b,users u#u.Id=c.UserId,u.Id=ph.UserId,u.Id=b.UserId#c.Score,=,0,ph.PostHistoryTypeId,=,4,u.Reputation,<=,486#455157
comments c,postHistory ph,badges b,users u#u.Id=c.UserId,u.Id=ph.UserId,u.Id=b.UserId#c.Score,=,0,u.CreationDate,>=,1284494863,u.CreationDate,<=,1407831955#6647116200
comments c,postHistory ph,badges b,users u#u.Id=c.UserId,u.Id=ph.UserId,u.Id=b.UserId#c.Score,=,1,b.Date,<=,1406594475,u.Reputation,>=,1#16595979879
comments c,postHistory ph,badges b,users u#u.Id=c.UserId,u.Id=ph.UserId,u.Id=b.UserId#ph.PostHistoryTypeId,=,1,b.Date,>=,1280955637,u.UpVotes,>=,0#152142755
comments c,postHistory ph,badges b,users u#u.Id=c.UserId,u.Id=ph.UserId,u.Id=b.UserId#c.Score,=,2,ph.CreationDate,<=,1408189726,u.UpVotes,>=,0#7113640885
comments c,postHistory ph,badges b,users u#u.Id=c.UserId,u.Id=ph.UserId,u.Id=b.UserId#ph.PostHistoryTypeId,=,2,u.UpVotes,>=,0,u.UpVotes,<=,401#302273797
comments c,postHistory ph,badges b,users u#u.Id=c.UserId,u.Id=ph.UserId,u.Id=b.UserId#c.Score,=,0,u.DownVotes,>=,0,u.DownVotes,<=,1#71722286
comments c,postHistory ph,badges b,users u#u.Id=c.UserId,u.Id=ph.UserId,u.Id=b.UserId#ph.CreationDate,>=,1281377011,b.Date,>=,1279579147,u.UpVotes,<=,152#168612597
comments c,postHistory ph,badges b,users u#u.Id=c.UserId,u.Id=ph.UserId,u.Id=b.UserId#u.Reputation,>=,1,u.Reputation,<=,294,u.UpVotes,<=,12#3839011
comments c,postHistory ph,badges b,users u#u.Id=c.UserId,u.Id=ph.UserId,u.Id=b.UserId#c.CreationDate,>=,1280005874,u.Reputation,<=,141,u.Views,<=,58#2705506
comments c,postHistory ph,badges b,users u#u.Id=c.UserId,u.Id=ph.UserId,u.Id=b.UserId#c.Score,=,1,ph.PostHistoryTypeId,=,1,u.UpVotes,<=,20#115728
comments c,postHistory ph,badges b,users u#u.Id=c.UserId,u.Id=ph.UserId,u.Id=b.UserId#ph.CreationDate,>=,1303920131,ph.CreationDate,<=,1402783705,u.UpVotes,>=,0#65076714931
comments c,postHistory ph,badges b,users u#u.Id=c.UserId,u.Id=ph.UserId,u.Id=b.UserId#u.Views,=,1,u.DownVotes,<=,0,u.CreationDate,<=,1410560509#84654
comments c,postHistory ph,badges b,users u#u.Id=c.UserId,u.Id=ph.UserId,u.Id=b.UserId#u.Reputation,<=,758,u.CreationDate,>=,1279566917,u.CreationDate,<=,1408605304#31299204
comments c,postHistory ph,badges b,users u#u.Id=c.UserId,u.Id=ph.UserId,u.Id=b.UserId#c.CreationDate,>=,1284434236,u.DownVotes,>=,0,u.UpVotes,=,1#366520
comments c,postHistory ph,badges b,users u#u.Id=c.UserId,u.Id=ph.UserId,u.Id=b.UserId#c.CreationDate,>=,1279740781,b.Date,>=,1280922934,u.DownVotes,>=,0#79511396721
comments c,postHistory ph,badges b,users u#u.Id=c.UserId,u.Id=ph.UserId,u.Id=b.UserId#c.Score,=,0,u.DownVotes,>=,0,u.UpVotes,>=,0#49002548446
comments c,postHistory ph,badges b,users u#u.Id=c.UserId,u.Id=ph.UserId,u.Id=b.UserId#ph.PostHistoryTypeId,=,3,u.UpVotes,>=,0,u.UpVotes,<=,25#3001067
comments c,postHistory ph,badges b,users u#u.Id=c.UserId,u.Id=ph.UserId,u.Id=b.UserId#ph.PostHistoryTypeId,=,4,u.Reputation,<=,1159,u.UpVotes,>=,0#1116680
comments c,postHistory ph,badges b,users u#u.Id=c.UserId,u.Id=ph.UserId,u.Id=b.UserId#ph.PostHistoryTypeId,=,2,u.Reputation,>=,1,u.UpVotes,>=,0#14618665811
comments c,postHistory ph,badges b,users u#u.Id=c.UserId,u.Id=ph.UserId,u.Id=b.UserId#c.Score,=,1,c.CreationDate,>=,1279589382,u.UpVotes,<=,270#65609647
comments c,postHistory ph,badges b,users u#u.Id=c.UserId,u.Id=ph.UserId,u.Id=b.UserId#c.Score,=,0,ph.CreationDate,>=,1279673048,b.Date,>=,1281021995#48921971255
comments c,postHistory ph,badges b,users u#u.Id=c.UserId,u.Id=ph.UserId,u.Id=b.UserId#ph.PostHistoryTypeId,=,3,u.UpVotes,>=,0,u.UpVotes,<=,60#6564660
comments c,postHistory ph,badges b,users u#u.Id=c.UserId,u.Id=ph.UserId,u.Id=b.UserId#c.Score,=,0,c.CreationDate,=,1348948604,u.Views,>=,0#416328
comments c,postHistory ph,badges b,users u#u.Id=c.UserId,u.Id=ph.UserId,u.Id=b.UserId#u.DownVotes,>=,0,u.DownVotes,<=,4,u.CreationDate,<=,1408206178#162227741
comments c,postHistory ph,badges b,users u#u.Id=c.UserId,u.Id=ph.UserId,u.Id=b.UserId#ph.CreationDate,>=,1283962690,ph.CreationDate,<=,1401241351,u.DownVotes,<=,3#100763769
comments c,postHistory ph,badges b,users u#u.Id=c.UserId,u.Id=ph.UserId,u.Id=b.UserId#c.Score,=,0,u.Reputation,>=,1,u.CreationDate,>=,1280268034#48072302127
comments c,postHistory ph,badges b,users u#u.Id=c.UserId,u.Id=ph.UserId,u.Id=b.UserId#c.CreationDate,>=,1282748039,c.CreationDate,<=,1410363702,u.CreationDate,=,1352762909#280
comments c,postHistory ph,badges b,users u#u.Id=c.UserId,u.Id=ph.UserId,u.Id=b.UserId#ph.PostHistoryTypeId,=,4,u.Reputation,<=,211,u.Views,<=,60#101651
comments c,postHistory ph,badges b,users u#u.Id=c.UserId,u.Id=ph.UserId,u.Id=b.UserId#u.Reputation,<=,425,u.UpVotes,>=,0,u.CreationDate,=,1306284380#64
comments c,postHistory ph,badges b,users u#u.Id=c.UserId,u.Id=ph.UserId,u.Id=b.UserId#b.Date,<=,1409731392,u.Reputation,>=,1,u.Views,>=,0#78549612753
comments c,postHistory ph,badges b,users u#u.Id=c.UserId,u.Id=ph.UserId,u.Id=b.UserId#c.CreationDate,<=,1410257876,ph.PostHistoryTypeId,=,3,b.Date,<=,1409112512#150342300
comments c,postHistory ph,badges b,users u#u.Id=c.UserId,u.Id=ph.UserId,u.Id=b.UserId#ph.CreationDate,<=,1409701590,u.Reputation,<=,1236,u.UpVotes,>=,0#61805124
comments c,postHistory ph,badges b,users u#u.Id=c.UserId,u.Id=ph.UserId,u.Id=b.UserId#ph.PostHistoryTypeId,=,2,b.Date,>=,1279598048,b.Date,<=,1409663313#14326160448
comments c,postHistory ph,badges b,users u#u.Id=c.UserId,u.Id=ph.UserId,u.Id=b.UserId#ph.CreationDate,=,1319717068,u.Views,>=,0,u.Views,<=,148#891
comments c,postHistory ph,badges b,users u#u.Id=c.UserId,u.Id=ph.UserId,u.Id=b.UserId#c.CreationDate,<=,1410378632,u.Reputation,<=,17791,u.CreationDate,<=,1409528948#3714956304
comments c,postHistory ph,badges b,users u#u.Id=c.UserId,u.Id=ph.UserId,u.Id=b.UserId#c.CreationDate,>=,1279905222,ph.PostHistoryTypeId,=,3,u.Views,>=,0#153303040
comments c,postHistory ph,badges b,users u#u.Id=c.UserId,u.Id=ph.UserId,u.Id=b.UserId#ph.CreationDate,>=,1281350279,u.DownVotes,>=,0,u.CreationDate,>=,1280863857#78110687884
comments c,postHistory ph,badges b,users u#u.Id=c.UserId,u.Id=ph.UserId,u.Id=b.UserId#c.Score,=,0,c.CreationDate,>=,1281063661,ph.PostHistoryTypeId,=,2#9147363692
comments c,postHistory ph,badges b,users u#u.Id=c.UserId,u.Id=ph.UserId,u.Id=b.UserId#u.DownVotes,<=,0,u.UpVotes,>=,0,u.UpVotes,<=,23#10460733
comments c,postHistory ph,badges b,users u#u.Id=c.UserId,u.Id=ph.UserId,u.Id=b.UserId#ph.CreationDate,<=,1409071425,u.Reputation,>=,1,u.Reputation,<=,9800#799977483
comments c,postHistory ph,badges b,users u#u.Id=c.UserId,u.Id=ph.UserId,u.Id=b.UserId#u.Reputation,>=,1,u.Reputation,<=,13647,u.Views,>=,0#1729448814
comments c,postHistory ph,badges b,users u#u.Id=c.UserId,u.Id=ph.UserId,u.Id=b.UserId#c.Score,=,0,u.UpVotes,>=,0,u.CreationDate,>=,1279571930#48457091769
comments c,postHistory ph,badges b,users u#u.Id=c.UserId,u.Id=ph.UserId,u.Id=b.UserId#u.Reputation,<=,576,u.CreationDate,>=,1299727703,u.CreationDate,<=,1409243100#19835442
comments c,postHistory ph,badges b,users u#u.Id=c.UserId,u.Id=ph.UserId,u.Id=b.UserId#b.Date,>=,1279609448,u.Reputation,>=,1,u.DownVotes,>=,0#79588874678
comments c,postHistory ph,badges b,users u#u.Id=c.UserId,u.Id=ph.UserId,u.Id=b.UserId#c.CreationDate,<=,1410043760,b.Date,=,1403442074,u.Reputation,>=,1#56
comments c,postHistory ph,badges b,users u#u.Id=c.UserId,u.Id=ph.UserId,u.Id=b.UserId#c.CreationDate,>=,1279898967,ph.PostHistoryTypeId,=,6,u.UpVotes,>=,0#11158077586
comments c,postHistory ph,badges b,users u#u.Id=c.UserId,u.Id=ph.UserId,u.Id=b.UserId#ph.CreationDate,>=,1294592151,b.Date,<=,1410293312,u.DownVotes,<=,1#74152144
comments c,postHistory ph,badges b,users u#u.Id=c.UserId,u.Id=ph.UserId,u.Id=b.UserId#c.Score,=,4,u.Reputation,>=,1,u.Views,>=,0#1250445748
comments c,postHistory ph,badges b,users u#u.Id=c.UserId,u.Id=ph.UserId,u.Id=b.UserId#ph.PostHistoryTypeId,=,1,ph.CreationDate,<=,1409919854,u.UpVotes,<=,59#6521005
comments c,postHistory ph,badges b,users u#u.Id=c.UserId,u.Id=ph.UserId,u.Id=b.UserId#c.CreationDate,>=,1281523662,c.CreationDate,<=,1410115092,ph.PostHistoryTypeId,=,6#11054377083
comments c,postHistory ph,badges b,users u#u.Id=c.UserId,u.Id=ph.UserId,u.Id=b.UserId#c.Score,=,0,ph.CreationDate,<=,1410180503,u.DownVotes,<=,0#58316352
comments c,postHistory ph,badges b,users u#u.Id=c.UserId,u.Id=ph.UserId,u.Id=b.UserId#ph.PostHistoryTypeId,=,2,ph.CreationDate,<=,1408381841,b.Date,>=,1281646798#14141448066
comments c,postHistory ph,badges b,users u#u.Id=c.UserId,u.Id=ph.UserId,u.Id=b.UserId#c.Score,=,0,u.Reputation,=,1,u.UpVotes,>=,0#24956
comments c,postHistory ph,badges b,users u#u.Id=c.UserId,u.Id=ph.UserId,u.Id=b.UserId#c.Score,=,0,b.Date,>=,1289161373,b.Date,<=,1410261585#46846316535
comments c,postHistory ph,badges b,users u#u.Id=c.UserId,u.Id=ph.UserId,u.Id=b.UserId#c.Score,=,0,b.Date,>=,1279568349,u.Views,>=,0#49002347831
comments c,postHistory ph,badges b,users u#u.Id=c.UserId,u.Id=ph.UserId,u.Id=b.UserId#ph.PostHistoryTypeId,=,6,ph.CreationDate,<=,1405167401,u.Views,>=,0#10541784562
comments c,postHistory ph,badges b,users u#u.Id=c.UserId,u.Id=ph.UserId,u.Id=b.UserId#c.CreationDate,>=,1279635432,c.CreationDate,<=,1409970573,u.Views,>=,0#78800075149
comments c,postHistory ph,badges b,users u#u.Id=c.UserId,u.Id=ph.UserId,u.Id=b.UserId#c.Score,=,0,c.CreationDate,>=,1282776980,ph.CreationDate,>=,1293656156#46808473222
comments c,postHistory ph,badges b,users u#u.Id=c.UserId,u.Id=ph.UserId,u.Id=b.UserId#ph.PostHistoryTypeId,=,5,u.DownVotes,<=,3,u.CreationDate,<=,1410422134#25681745
comments c,postHistory ph,badges b,users u#u.Id=c.UserId,u.Id=ph.UserId,u.Id=b.UserId#ph.PostHistoryTypeId,=,2,b.Date,<=,1408444038,u.DownVotes,>=,0#14057773857
comments c,postHistory ph,badges b,users u#u.Id=c.UserId,u.Id=ph.UserId,u.Id=b.UserId#u.Reputation,>=,1,u.Reputation,<=,604,u.Views,<=,321#21791921
comments c,postHistory ph,badges b,users u#u.Id=c.UserId,u.Id=ph.UserId,u.Id=b.UserId#b.Date,>=,1280490571,u.CreationDate,>=,1294420016,u.CreationDate,<=,1407667879#10059361845
comments c,postHistory ph,badges b,users u#u.Id=c.UserId,u.Id=ph.UserId,u.Id=b.UserId#b.Date,>=,1279574346,b.Date,<=,1410277642,u.UpVotes,<=,7#4406531
comments c,postHistory ph,badges b,users u#u.Id=c.UserId,u.Id=ph.UserId,u.Id=b.UserId#ph.PostHistoryTypeId,=,3,b.Date,>=,1281921792,b.Date,<=,1410192389#150367566
comments c,postHistory ph,badges b,users u#u.Id=c.UserId,u.Id=ph.UserId,u.Id=b.UserId#c.CreationDate,<=,1410021975,u.CreationDate,>=,1279575806,u.CreationDate,<=,1410597142#78008250640
comments c,postHistory ph,badges b,users u#u.Id=c.UserId,u.Id=ph.UserId,u.Id=b.UserId#u.Reputation,=,1,u.DownVotes,=,0,u.UpVotes,=,0#9683
comments c,postHistory ph,badges b,users u#u.Id=c.UserId,u.Id=ph.UserId,u.Id=b.UserId#ph.CreationDate,<=,1408276457,b.Date,=,1406739494,u.DownVotes,>=,0#15
comments c,postHistory ph,badges b,users u#u.Id=c.UserId,u.Id=ph.UserId,u.Id=b.UserId#ph.PostHistoryTypeId,=,5,b.Date,>=,1279582447,b.Date,<=,1410441301#32181196074
comments c,postHistory ph,badges b,users u#u.Id=c.UserId,u.Id=ph.UserId,u.Id=b.UserId#ph.CreationDate,<=,1410022218,b.Date,<=,1410623132,u.CreationDate,<=,1410184231#78897149305
comments c,postHistory ph,badges b,users u#u.Id=c.UserId,u.Id=ph.UserId,u.Id=b.UserId#c.Score,=,0,u.DownVotes,>=,0,u.DownVotes,<=,0#58566390
comments c,postHistory ph,badges b,users u#u.Id=c.UserId,u.Id=ph.UserId,u.Id=b.UserId#c.CreationDate,<=,1410428045,ph.CreationDate,>=,1280961409,ph.CreationDate,<=,1410034592#78664634221
comments c,postHistory ph,badges b,users u#u.Id=c.UserId,u.Id=ph.UserId,u.Id=b.UserId#c.Score,=,0,c.CreationDate,>=,1284460122,ph.CreationDate,>=,1286057806#47897258914
comments c,postHistory ph,badges b,users u#u.Id=c.UserId,u.Id=ph.UserId,u.Id=b.UserId#u.UpVotes,>=,0,u.UpVotes,<=,20,u.CreationDate,>=,1303995817#9649135
comments c,postHistory ph,badges b,users u#u.Id=c.UserId,u.Id=ph.UserId,u.Id=b.UserId#c.CreationDate,<=,1410651713,u.CreationDate,>=,1280370064,u.CreationDate,<=,1410430426#78262529754
comments c,postHistory ph,badges b,users u#u.Id=c.UserId,u.Id=ph.UserId,u.Id=b.UserId#c.Score,=,0,ph.PostHistoryTypeId,=,5,ph.CreationDate,=,1353102441#9653
comments c,postHistory ph,badges b,users u#u.Id=c.UserId,u.Id=ph.UserId,u.Id=b.UserId#ph.PostHistoryTypeId,=,2,u.Views,<=,40,u.UpVotes,>=,0#2686429
comments c,postHistory ph,badges b,users u#u.Id=c.UserId,u.Id=ph.UserId,u.Id=b.UserId#c.CreationDate,>=,1282786553,ph.CreationDate,<=,1408535939,b.Date,=,1351552220#218040
comments c,postHistory ph,badges b,users u#u.Id=c.UserId,u.Id=ph.UserId,u.Id=b.UserId#c.Score,=,0,ph.PostHistoryTypeId,=,5,ph.CreationDate,>=,1283248927#20312588612
comments c,postHistory ph,badges b,users u#u.Id=c.UserId,u.Id=ph.UserId,u.Id=b.UserId#u.Reputation,>=,1,u.Reputation,<=,1382,u.CreationDate,<=,1408120996#74340396
comments c,postHistory ph,badges b,users u#u.Id=c.UserId,u.Id=ph.UserId,u.Id=b.UserId#c.CreationDate,<=,1409852003,u.DownVotes,<=,0,u.UpVotes,>=,0#62824971
comments c,postHistory ph,badges b,users u#u.Id=c.UserId,u.Id=ph.UserId,u.Id=b.UserId#c.Score,=,0,ph.CreationDate,<=,1406249928,u.DownVotes,>=,0#46135130258
comments c,postHistory ph,badges b,users u#u.Id=c.UserId,u.Id=ph.UserId,u.Id=b.UserId#c.CreationDate,<=,1410385865,u.CreationDate,>=,1300370511,u.CreationDate,<=,1410331303#9277378787
comments c,postHistory ph,badges b,users u#u.Id=c.UserId,u.Id=ph.UserId,u.Id=b.UserId#c.Score,=,1,ph.PostHistoryTypeId,=,1,u.CreationDate,<=,1408025818#26278444
comments c,postHistory ph,badges b,users u#u.Id=c.UserId,u.Id=ph.UserId,u.Id=b.UserId#c.Score,=,0,u.Reputation,<=,3536,u.Views,=,0#51164
comments c,postHistory ph,badges b,users u#u.Id=c.UserId,u.Id=ph.UserId,u.Id=b.UserId#c.CreationDate,>=,1279611167,ph.CreationDate,>=,1287570839,ph.CreationDate,<=,1410444821#77944749358
comments c,postHistory ph,badges b,users u#u.Id=c.UserId,u.Id=ph.UserId,u.Id=b.UserId#ph.CreationDate,<=,1408456292,b.Date,>=,1280321633,u.Views,<=,38#7285552
comments c,postHistory ph,badges b,users u#u.Id=c.UserId,u.Id=ph.UserId,u.Id=b.UserId#c.Score,=,3,u.CreationDate,>=,1285431066,u.CreationDate,<=,1408647363#375502817
comments c,postHistory ph,badges b,users u#u.Id=c.UserId,u.Id=ph.UserId,u.Id=b.UserId#c.Score,=,1,u.Views,>=,0,u.CreationDate,>=,1281477608#13182902525
comments c,postHistory ph,badges b,users u#u.Id=c.UserId,u.Id=ph.UserId,u.Id=b.UserId#u.Views,<=,62,u.UpVotes,<=,111,u.CreationDate,=,1351666849#18
comments c,postHistory ph,badges b,users u#u.Id=c.UserId,u.Id=ph.UserId,u.Id=b.UserId#u.Reputation,>=,1,u.Views,>=,0,u.Views,<=,14#2125948
comments c,postHistory ph,badges b,users u#u.Id=c.UserId,u.Id=ph.UserId,u.Id=b.UserId#c.CreationDate,>=,1280425971,c.CreationDate,<=,1410415402,u.DownVotes,>=,0#79329318363
comments c,postHistory ph,badges b,users u#u.Id=c.UserId,u.Id=ph.UserId,u.Id=b.UserId#u.Reputation,>=,1,u.Views,>=,0,u.UpVotes,=,1#367999
comments c,postHistory ph,badges b,users u#u.Id=c.UserId,u.Id=ph.UserId,u.Id=b.UserId#ph.PostHistoryTypeId,=,2,ph.CreationDate,<=,1408638862,b.Date,>=,1284550861#14041185350
comments c,postHistory ph,badges b,users u#u.Id=c.UserId,u.Id=ph.UserId,u.Id=b.UserId#c.Score,=,0,u.UpVotes,=,0,u.CreationDate,>=,1291148565#696694
comments c,postHistory ph,badges b,users u#u.Id=c.UserId,u.Id=ph.UserId,u.Id=b.UserId#c.Score,=,0,ph.PostHistoryTypeId,=,3,u.DownVotes,>=,0#110588986
comments c,postHistory ph,badges b,users u#u.Id=c.UserId,u.Id=ph.UserId,u.Id=b.UserId#ph.CreationDate,>=,1282919892,u.Reputation,<=,44152,u.DownVotes,>=,0#17400553780
comments c,postHistory ph,badges b,users u#u.Id=c.UserId,u.Id=ph.UserId,u.Id=b.UserId#c.Score,=,0,c.CreationDate,>=,1279645572,ph.CreationDate,>=,1279676113#48993019693
comments c,postHistory ph,badges b,users u#u.Id=c.UserId,u.Id=ph.UserId,u.Id=b.UserId#b.Date,<=,1410142189,u.Reputation,=,6,u.DownVotes,<=,0#27129
comments c,postHistory ph,badges b,users u#u.Id=c.UserId,u.Id=ph.UserId,u.Id=b.UserId#c.Score,=,0,ph.CreationDate,>=,1280255636,u.CreationDate,>=,1318961001#5479493795
comments c,postHistory ph,badges b,users u#u.Id=c.UserId,u.Id=ph.UserId,u.Id=b.UserId#c.Score,=,0,ph.CreationDate,>=,1291272239,b.Date,<=,1410579185#47369132136
comments c,postHistory ph,badges b,users u#u.Id=c.UserId,u.Id=ph.UserId,u.Id=b.UserId#u.Reputation,=,101,u.CreationDate,>=,1311691643,u.CreationDate,<=,1409699929#6892
comments c,postHistory ph,badges b,users u#u.Id=c.UserId,u.Id=ph.UserId,u.Id=b.UserId#ph.CreationDate,>=,1299322085,ph.CreationDate,<=,1409859286,u.DownVotes,>=,0#73912260361
comments c,postHistory ph,badges b,users u#u.Id=c.UserId,u.Id=ph.UserId,u.Id=b.UserId#c.CreationDate,>=,1282305457,c.CreationDate,<=,1410034278,u.Reputation,=,1#25962
comments c,postHistory ph,badges b,users u#u.Id=c.UserId,u.Id=ph.UserId,u.Id=b.UserId#c.Score,=,0,u.Reputation,>=,1,u.Views,=,0#51164
comments c,postHistory ph,badges b,users u#u.Id=c.UserId,u.Id=ph.UserId,u.Id=b.UserId#ph.PostHistoryTypeId,=,5,u.Reputation,>=,1,u.Reputation,<=,10647#387226406
comments c,postHistory ph,badges b,users u#u.Id=c.UserId,u.Id=ph.UserId,u.Id=b.UserId#ph.PostHistoryTypeId,=,4,u.UpVotes,>=,0,u.UpVotes,<=,9#85498
comments c,postHistory ph,badges b,users u#u.Id=c.UserId,u.Id=ph.UserId,u.Id=b.UserId#c.CreationDate,<=,1410286885,u.Reputation,>=,1,u.Views,>=,0#79213609691
comments c,postHistory ph,badges b,users u#u.Id=c.UserId,u.Id=ph.UserId,u.Id=b.UserId#c.Score,=,0,c.CreationDate,>=,1279714063,u.Views,=,6#151821
comments c,postHistory ph,badges b,users u#u.Id=c.UserId,u.Id=ph.UserId,u.Id=b.UserId#b.Date,>=,1279732392,b.Date,<=,1410374250,u.CreationDate,=,1378480123#12
comments c,postHistory ph,badges b,users u#u.Id=c.UserId,u.Id=ph.UserId,u.Id=b.UserId#ph.CreationDate,>=,1289544657,u.DownVotes,<=,5,u.CreationDate,>=,1281643577#133671989
comments c,postHistory ph,badges b,users u#u.Id=c.UserId,u.Id=ph.UserId,u.Id=b.UserId#c.CreationDate,>=,1282220258,u.Views,<=,31,u.DownVotes,=,0#4921163
comments c,postHistory ph,badges b,users u#u.Id=c.UserId,u.Id=ph.UserId,u.Id=b.UserId#c.CreationDate,<=,1409938108,u.DownVotes,>=,0,u.DownVotes,<=,0#62916945
comments c,postHistory ph,badges b,users u#u.Id=c.UserId,u.Id=ph.UserId,u.Id=b.UserId#ph.CreationDate,<=,1410453719,u.Reputation,<=,308,u.DownVotes,>=,0#9229147
comments c,postHistory ph,badges b,users u#u.Id=c.UserId,u.Id=ph.UserId,u.Id=b.UserId#c.Score,=,0,b.Date,<=,1409858468,u.Reputation,>=,1#48340974940
comments c,postHistory ph,badges b,users u#u.Id=c.UserId,u.Id=ph.UserId,u.Id=b.UserId#c.CreationDate,>=,1279569381,c.CreationDate,<=,1409875539,ph.CreationDate,<=,1410369080#78408536889
comments c,postHistory ph,badges b,users u#u.Id=c.UserId,u.Id=ph.UserId,u.Id=b.UserId#c.Score,=,0,u.UpVotes,>=,0,u.UpVotes,<=,260#242900412
comments c,postHistory ph,badges b,users u#u.Id=c.UserId,u.Id=ph.UserId,u.Id=b.UserId#u.Reputation,>=,1,u.Views,<=,10,u.DownVotes,<=,0#1378458
comments c,postHistory ph,badges b,users u#u.Id=c.UserId,u.Id=ph.UserId,u.Id=b.UserId#b.Date,>=,1282828277,u.Views,<=,99,u.UpVotes,=,0#637774
comments c,postHistory ph,badges b,users u#u.Id=c.UserId,u.Id=ph.UserId,u.Id=b.UserId#b.Date,>=,1280905531,b.Date,<=,1410281151,u.Reputation,>=,1#79147183528
comments c,postHistory ph,badges b,users u#u.Id=c.UserId,u.Id=ph.UserId,u.Id=b.UserId#c.Score,=,1,ph.PostHistoryTypeId,=,5,u.Reputation,<=,361#125271
comments c,postHistory ph,badges b,users u#u.Id=c.UserId,u.Id=ph.UserId,u.Id=b.UserId#ph.PostHistoryTypeId,=,2,u.Views,=,0,u.UpVotes,=,0#8085
comments c,postHistory ph,badges b,users u#u.Id=c.UserId,u.Id=ph.UserId,u.Id=b.UserId#u.Reputation,=,1,u.UpVotes,=,0,u.CreationDate,>=,1280364227#9683
comments c,postHistory ph,badges b,users u#u.Id=c.UserId,u.Id=ph.UserId,u.Id=b.UserId#u.Views,<=,112,u.CreationDate,>=,1286180650,u.CreationDate,<=,1407772290#29558741
comments c,postHistory ph,badges b,users u#u.Id=c.UserId,u.Id=ph.UserId,u.Id=b.UserId#c.CreationDate,<=,1410366640,ph.CreationDate,>=,1284434641,u.DownVotes,>=,0#78699920705
comments c,postHistory ph,badges b,users u#u.Id=c.UserId,u.Id=ph.UserId,u.Id=b.UserId#ph.PostHistoryTypeId,=,3,u.Reputation,>=,1,u.Reputation,<=,211#1325743
comments c,postHistory ph,badges b,users u#u.Id=c.UserId,u.Id=ph.UserId,u.Id=b.UserId#ph.CreationDate,>=,1301598649,u.UpVotes,>=,0,u.CreationDate,>=,1280190422#72680979124
comments c,postHistory ph,badges b,users u#u.Id=c.UserId,u.Id=ph.UserId,u.Id=b.UserId#ph.PostHistoryTypeId,=,2,ph.CreationDate,>=,1293967363,u.CreationDate,>=,1290373591#1580062636
comments c,postHistory ph,badges b,users u#u.Id=c.UserId,u.Id=ph.UserId,u.Id=b.UserId#c.CreationDate,>=,1280169421,u.UpVotes,>=,0,u.UpVotes,<=,20#11705353
comments c,postHistory ph,badges b,users u#u.Id=c.UserId,u.Id=ph.UserId,u.Id=b.UserId#c.CreationDate,<=,1410353480,ph.CreationDate,<=,1410283617,u.DownVotes,<=,8#419665662
comments c,postHistory ph,badges b,users u#u.Id=c.UserId,u.Id=ph.UserId,u.Id=b.UserId#ph.CreationDate,=,1398414078,u.Views,>=,0,u.CreationDate,>=,1286984233#24
comments c,postHistory ph,badges b,users u#u.Id=c.UserId,u.Id=ph.UserId,u.Id=b.UserId#ph.PostHistoryTypeId,=,2,u.CreationDate,>=,1283391888,u.CreationDate,<=,1408595006#1616705736
comments c,postHistory ph,badges b,users u#u.Id=c.UserId,u.Id=ph.UserId,u.Id=b.UserId#c.Score,=,0,b.Date,>=,1280174922,b.Date,<=,1410190886#48653453721
comments c,postHistory ph,badges b,users u#u.Id=c.UserId,u.Id=ph.UserId,u.Id=b.UserId#ph.CreationDate,<=,1408110842,b.Date,<=,1409391614,u.CreationDate,<=,1406221201#75644604999
comments c,postHistory ph,badges b,users u#u.Id=c.UserId,u.Id=ph.UserId,u.Id=b.UserId#u.UpVotes,=,0,u.CreationDate,>=,1279573637,u.CreationDate,<=,1409406302#814995
comments c,postHistory ph,badges b,users u#u.Id=c.UserId,u.Id=ph.UserId,u.Id=b.UserId#ph.CreationDate,<=,1410434946,u.DownVotes,<=,0,u.UpVotes,>=,0#63327845
comments c,postHistory ph,badges b,users u#u.Id=c.UserId,u.Id=ph.UserId,u.Id=b.UserId#c.Score,=,0,ph.PostHistoryTypeId,=,1,b.Date,>=,1279595648#110475421
comments c,postHistory ph,badges b,users u#u.Id=c.UserId,u.Id=ph.UserId,u.Id=b.UserId#c.Score,=,0,ph.PostHistoryTypeId,=,34,u.DownVotes,>=,0#158326071
comments c,postHistory ph,badges b,users u#u.Id=c.UserId,u.Id=ph.UserId,u.Id=b.UserId#ph.CreationDate,<=,1407776855,u.DownVotes,>=,0,u.DownVotes,<=,0#62082397
comments c,postHistory ph,badges b,users u#u.Id=c.UserId,u.Id=ph.UserId,u.Id=b.UserId#ph.CreationDate,>=,1299335694,u.CreationDate,>=,1312933666,u.CreationDate,<=,1409040774#8688231508
comments c,postHistory ph,badges b,users u#u.Id=c.UserId,u.Id=ph.UserId,u.Id=b.UserId#c.Score,=,1,ph.PostHistoryTypeId,=,3,u.DownVotes,=,0#621632
comments c,postHistory ph,badges b,users u#u.Id=c.UserId,u.Id=ph.UserId,u.Id=b.UserId#c.Score,=,0,ph.CreationDate,<=,1409729978,b.Date,<=,1409530738#47428968192
comments c,postHistory ph,badges b,users u#u.Id=c.UserId,u.Id=ph.UserId,u.Id=b.UserId#c.Score,=,0,ph.CreationDate,<=,1410374493,u.UpVotes,>=,0#48830144966
comments c,postHistory ph,badges b,users u#u.Id=c.UserId,u.Id=ph.UserId,u.Id=b.UserId#c.Score,=,0,u.Views,>=,0,u.DownVotes,<=,0#58566390
comments c,postHistory ph,badges b,users u#u.Id=c.UserId,u.Id=ph.UserId,u.Id=b.UserId#u.Views,<=,188,u.CreationDate,>=,1298210872,u.CreationDate,<=,1408640399#43503269
comments c,postHistory ph,badges b,users u#u.Id=c.UserId,u.Id=ph.UserId,u.Id=b.UserId#ph.PostHistoryTypeId,=,4,ph.CreationDate,<=,1408360591,u.CreationDate,<=,1408527015#6553001145
comments c,postHistory ph,badges b,users u#u.Id=c.UserId,u.Id=ph.UserId,u.Id=b.UserId#c.CreationDate,>=,1236111136,u.Reputation,<=,155,u.Views,>=,0#4242007
comments c,postHistory ph,badges b,users u#u.Id=c.UserId,u.Id=ph.UserId,u.Id=b.UserId#ph.PostHistoryTypeId,=,3,ph.CreationDate,<=,1408279252,u.DownVotes,>=,0#152572973
comments c,postHistory ph,badges b,users u#u.Id=c.UserId,u.Id=ph.UserId,u.Id=b.UserId#ph.CreationDate,>=,1288037845,ph.CreationDate,<=,1410278011,b.Date,>=,1279591747#77559166055
comments c,postHistory ph,badges b,users u#u.Id=c.UserId,u.Id=ph.UserId,u.Id=b.UserId#ph.PostHistoryTypeId,=,3,u.Views,<=,1145,u.CreationDate,>=,1302551057#14989459
comments c,postHistory ph,badges b,users u#u.Id=c.UserId,u.Id=ph.UserId,u.Id=b.UserId#u.Reputation,<=,1118,u.Views,>=,0,u.Views,<=,32#6029439
comments c,postHistory ph,badges b,users u#u.Id=c.UserId,u.Id=ph.UserId,u.Id=b.UserId#c.Score,=,0,u.DownVotes,>=,0,u.UpVotes,<=,7#4054954
comments c,postHistory ph,badges b,users u#u.Id=c.UserId,u.Id=ph.UserId,u.Id=b.UserId#b.Date,>=,1282674358,u.Reputation,<=,206,u.Views,>=,0#5542440
comments c,postHistory ph,badges b,users u#u.Id=c.UserId,u.Id=ph.UserId,u.Id=b.UserId#c.Score,=,0,ph.CreationDate,>=,1290523577,b.Date,>=,1285171625#46753571023
comments c,postHistory ph,badges b,users u#u.Id=c.UserId,u.Id=ph.UserId,u.Id=b.UserId#c.Score,=,0,u.DownVotes,>=,0,u.DownVotes,<=,0#58566390
comments c,postHistory ph,badges b,users u#u.Id=c.UserId,u.Id=ph.UserId,u.Id=b.UserId#c.CreationDate,>=,1280264077,c.CreationDate,<=,1410473786,u.Reputation,<=,156#4244041
comments c,postHistory ph,badges b,users u#u.Id=c.UserId,u.Id=ph.UserId,u.Id=b.UserId#c.CreationDate,>=,1279633331,u.Reputation,<=,185,u.UpVotes,>=,0#5107999
comments c,postHistory ph,badges b,users u#u.Id=c.UserId,u.Id=ph.UserId,u.Id=b.UserId#c.CreationDate,=,1318253139,ph.CreationDate,>=,1280148802,ph.CreationDate,<=,1409788495#161935
comments c,postHistory ph,badges b,users u#u.Id=c.UserId,u.Id=ph.UserId,u.Id=b.UserId#c.CreationDate,<=,1410638766,b.Date,>=,1290319845,u.DownVotes,<=,0#59625589
comments c,postHistory ph,badges b,users u#u.Id=c.UserId,u.Id=ph.UserId,u.Id=b.UserId#u.Reputation,<=,935,u.Views,=,25,u.UpVotes,=,0#2843
comments c,postHistory ph,badges b,users u#u.Id=c.UserId,u.Id=ph.UserId,u.Id=b.UserId#ph.PostHistoryTypeId,=,1,ph.CreationDate,>=,1304022288,u.Reputation,<=,11631#46565902
tags t,posts p,votes v,users u#p.Id=t.ExcerptPostId,p.Id=v.PostId,u.Id=p.OwnerUserId#u.Reputation,>=,1,u.UpVotes,>=,0,u.UpVotes,<=,96#46
tags t,posts p,votes v,users u#p.Id=t.ExcerptPostId,p.Id=v.PostId,u.Id=p.OwnerUserId#t.Count,>=,1,t.Count,<=,81,u.CreationDate,<=,1410149924#311
tags t,posts p,votes v,users u#p.Id=t.ExcerptPostId,p.Id=v.PostId,u.Id=p.OwnerUserId#p.Score,>=,0,p.Score,<=,8,u.Reputation,<=,2538#238
tags t,posts p,votes v,users u#p.Id=t.ExcerptPostId,p.Id=v.PostId,u.Id=p.OwnerUserId#u.DownVotes,<=,3,u.UpVotes,>=,0,u.CreationDate,>=,1279581463#50
tags t,posts p,votes v,users u#p.Id=t.ExcerptPostId,p.Id=v.PostId,u.Id=p.OwnerUserId#p.CreationDate,>=,1281158338,u.Views,<=,30,u.DownVotes,<=,0#18
tags t,posts p,votes v,users u#p.Id=t.ExcerptPostId,p.Id=v.PostId,u.Id=p.OwnerUserId#p.Score,>=,-1,v.CreationDate,>=,1280793600,v.CreationDate,<=,1410307200#614
tags t,posts p,votes v,users u#p.Id=t.ExcerptPostId,p.Id=v.PostId,u.Id=p.OwnerUserId#p.CommentCount,<=,8,p.CreationDate,<=,1410463727,v.CreationDate,>=,1281312000#614
tags t,posts p,votes v,users u#p.Id=t.ExcerptPostId,p.Id=v.PostId,u.Id=p.OwnerUserId#p.Score,>=,-2,p.Score,<=,17,u.UpVotes,>=,0#614
postLinks pl,posts p,votes v,users u#p.Id=pl.RelatedPostId,p.Id=v.PostId,u.Id=p.OwnerUserId#p.CommentCount,<=,10,p.FavoriteCount,>=,0,p.CreationDate,<=,1410426503#293502
postLinks pl,posts p,votes v,users u#p.Id=pl.RelatedPostId,p.Id=v.PostId,u.Id=p.OwnerUserId#v.VoteTypeId,=,2,u.DownVotes,>=,0,u.DownVotes,<=,12#157221
postLinks pl,posts p,votes v,users u#p.Id=pl.RelatedPostId,p.Id=v.PostId,u.Id=p.OwnerUserId#p.AnswerCount,<=,4,p.CommentCount,>=,0,p.CommentCount,<=,31#117772
postLinks pl,posts p,votes v,users u#p.Id=pl.RelatedPostId,p.Id=v.PostId,u.Id=p.OwnerUserId#p.ViewCount,>=,0,p.FavoriteCount,<=,8,u.Views,>=,0#62753
postLinks pl,posts p,votes v,users u#p.Id=pl.RelatedPostId,p.Id=v.PostId,u.Id=p.OwnerUserId#pl.LinkTypeId,=,3,p.CreationDate,>=,1233585870,v.BountyAmount,>=,0#23
postLinks pl,posts p,votes v,users u#p.Id=pl.RelatedPostId,p.Id=v.PostId,u.Id=p.OwnerUserId#p.AnswerCount,>=,0,v.CreationDate,>=,1280188800,u.Reputation,=,101#812
postLinks pl,posts p,votes v,users u#p.Id=pl.RelatedPostId,p.Id=v.PostId,u.Id=p.OwnerUserId#v.CreationDate,<=,1410480000,u.UpVotes,>=,0,u.UpVotes,<=,196#215243
postLinks pl,posts p,votes v,users u#p.Id=pl.RelatedPostId,p.Id=v.PostId,u.Id=p.OwnerUserId#p.Score,>=,0,p.FavoriteCount,<=,5,v.VoteTypeId,=,2#30900
postLinks pl,posts p,votes v,users u#p.Id=pl.RelatedPostId,p.Id=v.PostId,u.Id=p.OwnerUserId#pl.CreationDate,<=,1403814342,v.BountyAmount,>=,0,v.BountyAmount,<=,250#548
postLinks pl,posts p,votes v,users u#p.Id=pl.RelatedPostId,p.Id=v.PostId,u.Id=p.OwnerUserId#pl.LinkTypeId,=,1,v.VoteTypeId,=,5,v.CreationDate,<=,1410480000#116253
postLinks pl,posts p,votes v,users u#p.Id=pl.RelatedPostId,p.Id=v.PostId,u.Id=p.OwnerUserId#u.Reputation,<=,218,u.UpVotes,>=,0,u.UpVotes,<=,65#61552
postLinks pl,posts p,votes v,users u#p.Id=pl.RelatedPostId,p.Id=v.PostId,u.Id=p.OwnerUserId#p.PostTypeId,=,2,p.CommentCount,>=,0,v.CreationDate,>=,1279756800#55
postLinks pl,posts p,votes v,users u#p.Id=pl.RelatedPostId,p.Id=v.PostId,u.Id=p.OwnerUserId#pl.LinkTypeId,=,1,p.CreationDate,<=,1409860629,u.UpVotes,<=,13#110569
postLinks pl,posts p,votes v,users u#p.Id=pl.RelatedPostId,p.Id=v.PostId,u.Id=p.OwnerUserId#pl.LinkTypeId,=,1,p.FavoriteCount,>=,0,u.Reputation,>=,1#275315
postLinks pl,posts p,votes v,users u#p.Id=pl.RelatedPostId,p.Id=v.PostId,u.Id=p.OwnerUserId#p.Score,<=,31,p.FavoriteCount,<=,41,u.Views,<=,23#41453
postLinks pl,posts p,votes v,users u#p.Id=pl.RelatedPostId,p.Id=v.PostId,u.Id=p.OwnerUserId#v.CreationDate,=,1336435200,u.Views,>=,0,u.Views,<=,87#168
postLinks pl,posts p,votes v,users u#p.Id=pl.RelatedPostId,p.Id=v.PostId,u.Id=p.OwnerUserId#p.AnswerCount,>=,0,p.FavoriteCount,<=,113,u.UpVotes,>=,0#265247
postLinks pl,posts p,votes v,users u#p.Id=pl.RelatedPostId,p.Id=v.PostId,u.Id=p.OwnerUserId#p.ViewCount,<=,8726,p.CommentCount,<=,18,p.FavoriteCount,>=,0#133900
postLinks pl,posts p,votes v,users u#p.Id=pl.RelatedPostId,p.Id=v.PostId,u.Id=p.OwnerUserId#p.CommentCount,>=,0,p.CommentCount,<=,15,u.Reputation,<=,2496#227390
postLinks pl,posts p,votes v,users u#p.Id=pl.RelatedPostId,p.Id=v.PostId,u.Id=p.OwnerUserId#p.PostTypeId,=,1,v.CreationDate,>=,1279756800,u.Views,>=,0#306651
postLinks pl,posts p,votes v,users u#p.Id=pl.RelatedPostId,p.Id=v.PostId,u.Id=p.OwnerUserId#v.BountyAmount,>=,0,v.CreationDate,>=,1279670400,u.Views,<=,149#445
postLinks pl,posts p,votes v,users u#p.Id=pl.RelatedPostId,p.Id=v.PostId,u.Id=p.OwnerUserId#p.Score,=,0,p.ViewCount,>=,0,p.CommentCount,>=,0#353
postLinks pl,posts p,votes v,users u#p.Id=pl.RelatedPostId,p.Id=v.PostId,u.Id=p.OwnerUserId#u.Views,<=,286,u.UpVotes,>=,0,u.UpVotes,<=,3#58052
postLinks pl,posts p,votes v,users u#p.Id=pl.RelatedPostId,p.Id=v.PostId,u.Id=p.OwnerUserId#p.CommentCount,=,0,p.FavoriteCount,>=,0,u.CreationDate,>=,1290120500#20264
postLinks pl,posts p,votes v,users u#p.Id=pl.RelatedPostId,p.Id=v.PostId,u.Id=p.OwnerUserId#p.ViewCount,<=,1905,p.AnswerCount,>=,0,u.CreationDate,>=,1280946109#41662
postLinks pl,posts p,users u,badges b#p.Id=pl.RelatedPostId,u.Id=p.OwnerUserId,u.Id=b.UserId#pl.CreationDate,<=,1404187961,p.Score,<=,18,p.ViewCount,<=,4984#137829
postLinks pl,posts p,users u,badges b#p.Id=pl.RelatedPostId,u.Id=p.OwnerUserId,u.Id=b.UserId#p.AnswerCount,<=,5,u.Reputation,<=,6140,u.UpVotes,>=,0#158743
postLinks pl,posts p,users u,badges b#p.Id=pl.RelatedPostId,u.Id=p.OwnerUserId,u.Id=b.UserId#p.ViewCount,>=,0,p.ViewCount,<=,4223,b.Date,<=,1410274934#172833
postLinks pl,posts p,users u,badges b#p.Id=pl.RelatedPostId,u.Id=p.OwnerUserId,u.Id=b.UserId#p.FavoriteCount,>=,0,u.DownVotes,<=,57,b.Date,=,1398535829#23
postLinks pl,posts p,users u,badges b#p.Id=pl.RelatedPostId,u.Id=p.OwnerUserId,u.Id=b.UserId#p.PostTypeId,=,1,u.Reputation,<=,687,b.Date,<=,1407359889#66532
postLinks pl,posts p,users u,badges b#p.Id=pl.RelatedPostId,u.Id=p.OwnerUserId,u.Id=b.UserId#p.PostTypeId,=,1,p.AnswerCount,>=,0,p.FavoriteCount,>=,0#261562
postLinks pl,posts p,users u,badges b#p.Id=pl.RelatedPostId,u.Id=p.OwnerUserId,u.Id=b.UserId#pl.LinkTypeId,=,1,p.AnswerCount,>=,0,p.CreationDate,>=,1279628799#260133
postLinks pl,posts p,users u,badges b#p.Id=pl.RelatedPostId,u.Id=p.OwnerUserId,u.Id=b.UserId#pl.LinkTypeId,=,3,p.ViewCount,>=,0,p.ViewCount,<=,2627#7090
postLinks pl,posts p,users u,badges b#p.Id=pl.RelatedPostId,u.Id=p.OwnerUserId,u.Id=b.UserId#pl.CreationDate,<=,1410641671,p.PostTypeId,=,2,u.UpVotes,<=,246#52
postLinks pl,posts p,users u,badges b#p.Id=pl.RelatedPostId,u.Id=p.OwnerUserId,u.Id=b.UserId#p.Score,=,1,p.CreationDate,>=,1280173145,u.DownVotes,<=,0#5273
postLinks pl,posts p,users u,badges b#p.Id=pl.RelatedPostId,u.Id=p.OwnerUserId,u.Id=b.UserId#u.Reputation,=,8,u.Views,<=,35,u.DownVotes,>=,0#89
postLinks pl,posts p,users u,badges b#p.Id=pl.RelatedPostId,u.Id=p.OwnerUserId,u.Id=b.UserId#p.AnswerCount,>=,0,u.Reputation,>=,1,u.CreationDate,>=,1294143537#107066
postLinks pl,posts p,users u,badges b#p.Id=pl.RelatedPostId,u.Id=p.OwnerUserId,u.Id=b.UserId#u.CreationDate,<=,1408114509,b.Date,>=,1287103228,b.Date,<=,1410377794#268522
postLinks pl,posts p,users u,badges b#p.Id=pl.RelatedPostId,u.Id=p.OwnerUserId,u.Id=b.UserId#p.Score,<=,30,p.AnswerCount,>=,0,u.DownVotes,<=,0#65796
postLinks pl,posts p,users u,badges b#p.Id=pl.RelatedPostId,u.Id=p.OwnerUserId,u.Id=b.UserId#pl.CreationDate,<=,1408140389,u.DownVotes,<=,0,b.Date,>=,1296390142#71541
postLinks pl,posts p,users u,badges b#p.Id=pl.RelatedPostId,u.Id=p.OwnerUserId,u.Id=b.UserId#u.DownVotes,<=,0,u.CreationDate,>=,1280955588,u.CreationDate,<=,1405419547#70418
postLinks pl,posts p,users u,badges b#p.Id=pl.RelatedPostId,u.Id=p.OwnerUserId,u.Id=b.UserId#u.Reputation,>=,1,u.Reputation,<=,530,u.UpVotes,>=,0#57056
postLinks pl,posts p,users u,badges b#p.Id=pl.RelatedPostId,u.Id=p.OwnerUserId,u.Id=b.UserId#pl.LinkTypeId,=,1,p.FavoriteCount,>=,0,u.UpVotes,<=,205#99553
postLinks pl,posts p,users u,badges b#p.Id=pl.RelatedPostId,u.Id=p.OwnerUserId,u.Id=b.UserId#pl.LinkTypeId,=,1,p.CommentCount,<=,10,p.FavoriteCount,>=,0#237616
postLinks pl,posts p,users u,badges b#p.Id=pl.RelatedPostId,u.Id=p.OwnerUserId,u.Id=b.UserId#p.PostTypeId,=,2,u.Reputation,>=,1,b.Date,>=,1280172221#135
postLinks pl,posts p,users u,badges b#p.Id=pl.RelatedPostId,u.Id=p.OwnerUserId,u.Id=b.UserId#p.CommentCount,<=,13,u.Reputation,>=,1,u.UpVotes,=,0#8126
postLinks pl,posts p,users u,badges b#p.Id=pl.RelatedPostId,u.Id=p.OwnerUserId,u.Id=b.UserId#u.Reputation,>=,1,u.Reputation,<=,231,b.Date,>=,1279572846#27437
postLinks pl,posts p,users u,badges b#p.Id=pl.RelatedPostId,u.Id=p.OwnerUserId,u.Id=b.UserId#pl.LinkTypeId,=,1,u.UpVotes,>=,0,u.UpVotes,<=,14#39306
postLinks pl,posts p,users u,badges b#p.Id=pl.RelatedPostId,u.Id=p.OwnerUserId,u.Id=b.UserId#p.ViewCount,>=,0,u.UpVotes,<=,61,b.Date,>=,1281903487#78311
postLinks pl,posts p,users u,badges b#p.Id=pl.RelatedPostId,u.Id=p.OwnerUserId,u.Id=b.UserId#p.ViewCount,>=,0,u.Reputation,>=,1,u.UpVotes,=,0#8292
postLinks pl,posts p,users u,badges b#p.Id=pl.RelatedPostId,u.Id=p.OwnerUserId,u.Id=b.UserId#p.AnswerCount,<=,5,b.Date,>=,1279568349,b.Date,<=,1410247160#217763
postLinks pl,posts p,users u,badges b#p.Id=pl.RelatedPostId,u.Id=p.OwnerUserId,u.Id=b.UserId#p.FavoriteCount,>=,0,u.DownVotes,>=,0,u.UpVotes,<=,74#75293
postLinks pl,posts p,users u,badges b#p.Id=pl.RelatedPostId,u.Id=p.OwnerUserId,u.Id=b.UserId#p.PostTypeId,=,2,p.Score,>=,-3,u.DownVotes,>=,0#135
postLinks pl,posts p,users u,badges b#p.Id=pl.RelatedPostId,u.Id=p.OwnerUserId,u.Id=b.UserId#pl.LinkTypeId,=,1,pl.CreationDate,>=,1303154961,p.CommentCount,<=,16#249467
postLinks pl,posts p,users u,badges b#p.Id=pl.RelatedPostId,u.Id=p.OwnerUserId,u.Id=b.UserId#u.Views,>=,0,u.UpVotes,>=,0,u.UpVotes,<=,105#97667
postLinks pl,posts p,users u,badges b#p.Id=pl.RelatedPostId,u.Id=p.OwnerUserId,u.Id=b.UserId#pl.LinkTypeId,=,1,p.ViewCount,>=,0,p.CreationDate,>=,1281166558#245835
postLinks pl,posts p,users u,badges b#p.Id=pl.RelatedPostId,u.Id=p.OwnerUserId,u.Id=b.UserId#pl.LinkTypeId,=,1,p.ViewCount,<=,3944,p.AnswerCount,>=,0#160781
postLinks pl,posts p,users u,badges b#p.Id=pl.RelatedPostId,u.Id=p.OwnerUserId,u.Id=b.UserId#pl.CreationDate,<=,1405172437,p.Score,<=,15,b.Date,>=,1279609448#149026
postLinks pl,posts p,users u,badges b#p.Id=pl.RelatedPostId,u.Id=p.OwnerUserId,u.Id=b.UserId#p.PostTypeId,=,1,p.ViewCount,>=,0,p.AnswerCount,<=,10#263974
postLinks pl,posts p,users u,badges b#p.Id=pl.RelatedPostId,u.Id=p.OwnerUserId,u.Id=b.UserId#pl.LinkTypeId,=,1,pl.CreationDate,=,1382167525,u.UpVotes,>=,0#26
postLinks pl,posts p,users u,badges b#p.Id=pl.RelatedPostId,u.Id=p.OwnerUserId,u.Id=b.UserId#u.Views,>=,0,u.Views,<=,26,b.Date,>=,1282183460#26262
postLinks pl,posts p,users u,badges b#p.Id=pl.RelatedPostId,u.Id=p.OwnerUserId,u.Id=b.UserId#pl.LinkTypeId,=,3,u.Views,<=,30,u.DownVotes,>=,0#2714
postLinks pl,posts p,users u,badges b#p.Id=pl.RelatedPostId,u.Id=p.OwnerUserId,u.Id=b.UserId#p.CommentCount,>=,0,p.CommentCount,<=,19,u.UpVotes,>=,0#292886
postLinks pl,posts p,users u,badges b#p.Id=pl.RelatedPostId,u.Id=p.OwnerUserId,u.Id=b.UserId#pl.CreationDate,<=,1410432985,p.CommentCount,>=,0,b.Date,<=,1410336504#291976
postLinks pl,posts p,users u,badges b#p.Id=pl.RelatedPostId,u.Id=p.OwnerUserId,u.Id=b.UserId#p.CommentCount,<=,9,u.Reputation,=,1,u.DownVotes,<=,0#99
postLinks pl,posts p,users u,badges b#p.Id=pl.RelatedPostId,u.Id=p.OwnerUserId,u.Id=b.UserId#pl.CreationDate,=,1286979645,p.ViewCount,>=,0,u.UpVotes,<=,110#20
postLinks pl,posts p,users u,badges b#p.Id=pl.RelatedPostId,u.Id=p.OwnerUserId,u.Id=b.UserId#p.PostTypeId,=,1,p.Score,<=,36,u.CreationDate,>=,1279682928#177293
postLinks pl,posts p,users u,badges b#p.Id=pl.RelatedPostId,u.Id=p.OwnerUserId,u.Id=b.UserId#pl.LinkTypeId,=,1,p.CreationDate,>=,1279570895,u.CreationDate,>=,1289397987#110033
postLinks pl,posts p,users u,badges b#p.Id=pl.RelatedPostId,u.Id=p.OwnerUserId,u.Id=b.UserId#pl.LinkTypeId,=,1,p.CommentCount,<=,9,u.UpVotes,<=,31#50777
postLinks pl,posts p,users u,badges b#p.Id=pl.RelatedPostId,u.Id=p.OwnerUserId,u.Id=b.UserId#p.CommentCount,<=,12,u.UpVotes,>=,0,u.CreationDate,>=,1279615342#218110
postLinks pl,posts p,users u,badges b#p.Id=pl.RelatedPostId,u.Id=p.OwnerUserId,u.Id=b.UserId#pl.LinkTypeId,=,1,p.PostTypeId,=,1,p.Score,>=,-1#273791
postLinks pl,posts p,users u,badges b#p.Id=pl.RelatedPostId,u.Id=p.OwnerUserId,u.Id=b.UserId#p.AnswerCount,<=,5,p.CommentCount,>=,0,b.Date,>=,1283505855#210768
postLinks pl,posts p,users u,badges b#p.Id=pl.RelatedPostId,u.Id=p.OwnerUserId,u.Id=b.UserId#p.ViewCount,=,117,p.CreationDate,>=,1280602256,p.CreationDate,<=,1409664056#34
postLinks pl,posts p,users u,badges b#p.Id=pl.RelatedPostId,u.Id=p.OwnerUserId,u.Id=b.UserId#p.CommentCount,>=,0,u.DownVotes,<=,8,b.Date,<=,1410235146#185587
postHistory ph,posts p,votes v,users u#p.Id=ph.PostId,u.Id=p.OwnerUserId,p.Id=v.PostId#v.BountyAmount,<=,100,u.Reputation,>=,1,u.Views,>=,0#10089
postHistory ph,posts p,votes v,users u#p.Id=ph.PostId,u.Id=p.OwnerUserId,p.Id=v.PostId#p.AnswerCount,>=,0,p.CommentCount,>=,0,u.Views,<=,63#595619
postHistory ph,posts p,votes v,users u#p.Id=ph.PostId,u.Id=p.OwnerUserId,p.Id=v.PostId#p.CreationDate,<=,1409082348,v.CreationDate,<=,1410566400,u.Reputation,<=,565#683900
postHistory ph,posts p,votes v,users u#p.Id=ph.PostId,u.Id=p.OwnerUserId,p.Id=v.PostId#ph.CreationDate,>=,1281203764,p.CreationDate,>=,1283706420,v.BountyAmount,>=,0#10646
postHistory ph,posts p,votes v,users u#p.Id=ph.PostId,u.Id=p.OwnerUserId,p.Id=v.PostId#ph.PostHistoryTypeId,=,3,p.Score,=,1,u.DownVotes,>=,0#15136
postHistory ph,posts p,votes v,users u#p.Id=ph.PostId,u.Id=p.OwnerUserId,p.Id=v.PostId#p.ViewCount,<=,9210,p.CreationDate,<=,1410052452,u.UpVotes,<=,165#709263
postHistory ph,posts p,votes v,users u#p.Id=ph.PostId,u.Id=p.OwnerUserId,p.Id=v.PostId#ph.PostHistoryTypeId,=,5,v.CreationDate,>=,1279584000,u.Reputation,>=,1#351498
postHistory ph,posts p,votes v,users u#p.Id=ph.PostId,u.Id=p.OwnerUserId,p.Id=v.PostId#p.PostTypeId,=,2,v.VoteTypeId,=,2,u.Views,>=,0#329214
postHistory ph,posts p,votes v,users u#p.Id=ph.PostId,u.Id=p.OwnerUserId,p.Id=v.PostId#p.AnswerCount,>=,0,p.AnswerCount,<=,6,u.Reputation,>=,1#832958
postHistory ph,posts p,votes v,users u#p.Id=ph.PostId,u.Id=p.OwnerUserId,p.Id=v.PostId#p.ViewCount,>=,0,u.Views,>=,0,u.DownVotes,<=,0#651333
postHistory ph,posts p,votes v,users u#p.Id=ph.PostId,u.Id=p.OwnerUserId,p.Id=v.PostId#p.Score,>=,-1,p.AnswerCount,<=,7,p.FavoriteCount,=,0#14577
postHistory ph,posts p,votes v,users u#p.Id=ph.PostId,u.Id=p.OwnerUserId,p.Id=v.PostId#p.Score,>=,-4,p.Score,<=,15,u.DownVotes,<=,1#665727
postHistory ph,posts p,votes v,users u#p.Id=ph.PostId,u.Id=p.OwnerUserId,p.Id=v.PostId#p.CommentCount,<=,9,u.DownVotes,>=,0,u.DownVotes,<=,0#685156
postHistory ph,posts p,votes v,users u#p.Id=ph.PostId,u.Id=p.OwnerUserId,p.Id=v.PostId#p.PostTypeId,=,1,p.AnswerCount,>=,0,v.BountyAmount,>=,0#9233
postHistory ph,posts p,votes v,users u#p.Id=ph.PostId,u.Id=p.OwnerUserId,p.Id=v.PostId#p.PostTypeId,=,1,p.FavoriteCount,>=,0,p.FavoriteCount,<=,4#383533
postHistory ph,posts p,votes v,users u#p.Id=ph.PostId,u.Id=p.OwnerUserId,p.Id=v.PostId#p.ViewCount,>=,0,v.VoteTypeId,=,2,u.UpVotes,<=,74#499716
postHistory ph,posts p,votes v,users u#p.Id=ph.PostId,u.Id=p.OwnerUserId,p.Id=v.PostId#p.PostTypeId,=,1,v.CreationDate,<=,1410134400,u.UpVotes,<=,33#614254
postHistory ph,posts p,votes v,users u#p.Id=ph.PostId,u.Id=p.OwnerUserId,p.Id=v.PostId#p.CreationDate,<=,1409153557,v.BountyAmount,>=,0,v.BountyAmount,<=,50#7807
postHistory ph,posts p,votes v,users u#p.Id=ph.PostId,u.Id=p.OwnerUserId,p.Id=v.PostId#p.FavoriteCount,<=,7,v.VoteTypeId,=,2,u.Views,>=,0#306429
postHistory ph,posts p,votes v,users u#p.Id=ph.PostId,u.Id=p.OwnerUserId,p.Id=v.PostId#p.Score,>=,-1,p.Score,<=,17,u.Views,=,1#48663
postHistory ph,posts p,votes v,users u#p.Id=ph.PostId,u.Id=p.OwnerUserId,p.Id=v.PostId#ph.PostHistoryTypeId,=,2,p.FavoriteCount,<=,16,u.DownVotes,>=,0#88499
postHistory ph,posts p,users u,badges b#u.Id=p.OwnerUserId,p.OwnerUserId=ph.UserId,ph.UserId=b.UserId#p.PostTypeId,=,1,p.AnswerCount,<=,5,u.DownVotes,<=,0#33121978
postHistory ph,posts p,users u,badges b#u.Id=p.OwnerUserId,p.OwnerUserId=ph.UserId,ph.UserId=b.UserId#p.ViewCount,>=,0,p.ViewCount,<=,15480,u.CreationDate,>=,1287161891#62926983
postHistory ph,posts p,users u,badges b#u.Id=p.OwnerUserId,p.OwnerUserId=ph.UserId,ph.UserId=b.UserId#p.PostTypeId,=,2,u.DownVotes,=,0,b.Date,>=,1279568349#8757500
postHistory ph,posts p,users u,badges b#u.Id=p.OwnerUserId,p.OwnerUserId=ph.UserId,ph.UserId=b.UserId#ph.CreationDate,>=,1289136072,u.UpVotes,>=,0,u.UpVotes,<=,2317#1382112488
postHistory ph,posts p,users u,badges b#u.Id=p.OwnerUserId,p.OwnerUserId=ph.UserId,ph.UserId=b.UserId#ph.PostHistoryTypeId,=,2,p.ViewCount,>=,0,p.ViewCount,<=,1774#49493418
postHistory ph,posts p,users u,badges b#u.Id=p.OwnerUserId,p.OwnerUserId=ph.UserId,ph.UserId=b.UserId#p.CommentCount,=,2,p.FavoriteCount,<=,14,u.UpVotes,>=,0#18977057
postHistory ph,posts p,users u,badges b#u.Id=p.OwnerUserId,p.OwnerUserId=ph.UserId,ph.UserId=b.UserId#p.ViewCount,<=,3214,p.CreationDate,<=,1409955004,u.Reputation,>=,1#212466115
postHistory ph,posts p,users u,badges b#u.Id=p.OwnerUserId,p.OwnerUserId=ph.UserId,ph.UserId=b.UserId#u.UpVotes,>=,0,u.UpVotes,<=,18,u.CreationDate,=,1312988294#12
postHistory ph,posts p,users u,badges b#u.Id=p.OwnerUserId,p.OwnerUserId=ph.UserId,ph.UserId=b.UserId#ph.PostHistoryTypeId,=,6,ph.CreationDate,>=,1280071934,p.PostTypeId,=,1#18165455
postHistory ph,posts p,users u,badges b#u.Id=p.OwnerUserId,p.OwnerUserId=ph.UserId,ph.UserId=b.UserId#p.ViewCount,<=,22968,p.AnswerCount,<=,4,u.Views,>=,0#202281807
postHistory ph,posts p,users u,badges b#u.Id=p.OwnerUserId,p.OwnerUserId=ph.UserId,ph.UserId=b.UserId#ph.CreationDate,<=,1410010050,p.CreationDate,<=,1408464720,b.Date,<=,1409942268#11779563677
postHistory ph,posts p,users u,badges b#u.Id=p.OwnerUserId,p.OwnerUserId=ph.UserId,ph.UserId=b.UserId#p.Score,<=,28,u.Views,=,10,u.CreationDate,<=,1409930499#89976
postHistory ph,posts p,users u,badges b#u.Id=p.OwnerUserId,p.OwnerUserId=ph.UserId,ph.UserId=b.UserId#p.Score,<=,52,p.ViewCount,<=,5681,p.CreationDate,<=,1410497500#218496761
postHistory ph,posts p,users u,badges b#u.Id=p.OwnerUserId,p.OwnerUserId=ph.UserId,ph.UserId=b.UserId#ph.CreationDate,<=,1400914920,p.CommentCount,<=,11,u.Reputation,=,101#6548
postHistory ph,posts p,users u,badges b#u.Id=p.OwnerUserId,p.OwnerUserId=ph.UserId,ph.UserId=b.UserId#ph.CreationDate,<=,1403682477,p.FavoriteCount,<=,3,u.Views,>=,0#84026118
postHistory ph,posts p,users u,badges b#u.Id=p.OwnerUserId,p.OwnerUserId=ph.UserId,ph.UserId=b.UserId#ph.PostHistoryTypeId,=,2,u.DownVotes,<=,0,b.Date,=,1350763404#1
postHistory ph,posts p,users u,badges b#u.Id=p.OwnerUserId,p.OwnerUserId=ph.UserId,ph.UserId=b.UserId#p.CommentCount,<=,11,p.FavoriteCount,>=,0,u.DownVotes,=,0#9930686
postHistory ph,posts p,users u,badges b#u.Id=p.OwnerUserId,p.OwnerUserId=ph.UserId,ph.UserId=b.UserId#ph.CreationDate,>=,1291064050,p.PostTypeId,=,1,u.DownVotes,=,0#32537019
postHistory ph,posts p,users u,badges b#u.Id=p.OwnerUserId,p.OwnerUserId=ph.UserId,ph.UserId=b.UserId#ph.CreationDate,>=,1315004949,p.AnswerCount,=,0,u.Views,<=,82#2213408
postHistory ph,posts p,users u,badges b#u.Id=p.OwnerUserId,p.OwnerUserId=ph.UserId,ph.UserId=b.UserId#p.CreationDate,<=,1409761633,u.DownVotes,<=,0,u.UpVotes,>=,0#41672523
postHistory ph,posts p,users u,badges b#u.Id=p.OwnerUserId,p.OwnerUserId=ph.UserId,ph.UserId=b.UserId#ph.PostHistoryTypeId,=,6,p.Score,<=,17,u.CreationDate,<=,1410187144#1498642011
postHistory ph,posts p,users u,badges b#u.Id=p.OwnerUserId,p.OwnerUserId=ph.UserId,ph.UserId=b.UserId#p.ViewCount,=,53,p.FavoriteCount,<=,2,b.Date,<=,1409345936#32610
postHistory ph,posts p,users u,badges b#u.Id=p.OwnerUserId,p.OwnerUserId=ph.UserId,ph.UserId=b.UserId#p.CommentCount,>=,0,p.CommentCount,<=,18,u.Views,>=,0#12294358946
postHistory ph,posts p,users u,badges b#u.Id=p.OwnerUserId,p.OwnerUserId=ph.UserId,ph.UserId=b.UserId#p.PostTypeId,=,1,p.ViewCount,>=,0,u.Views,>=,0#229687074
postHistory ph,posts p,users u,badges b#u.Id=p.OwnerUserId,p.OwnerUserId=ph.UserId,ph.UserId=b.UserId#u.Views,>=,0,u.DownVotes,>=,0,u.CreationDate,<=,1409537664#12327990175
postHistory ph,posts p,users u,badges b#u.Id=p.OwnerUserId,p.OwnerUserId=ph.UserId,ph.UserId=b.UserId#p.AnswerCount,>=,0,p.CommentCount,>=,0,u.Views,>=,0#229687074
postHistory ph,posts p,users u,badges b#u.Id=p.OwnerUserId,p.OwnerUserId=ph.UserId,ph.UserId=b.UserId#ph.PostHistoryTypeId,=,5,p.CommentCount,>=,0,p.CommentCount,<=,16#5325633708
postHistory ph,posts p,users u,badges b#u.Id=p.OwnerUserId,p.OwnerUserId=ph.UserId,ph.UserId=b.UserId#ph.PostHistoryTypeId,=,4,ph.CreationDate,>=,1282137334,p.PostTypeId,=,2#1101219044
postHistory ph,posts p,users u,badges b#u.Id=p.OwnerUserId,p.OwnerUserId=ph.UserId,ph.UserId=b.UserId#p.PostTypeId,=,1,u.Reputation,=,51,u.CreationDate,<=,1409831795#9370
postHistory ph,posts p,users u,badges b#u.Id=p.OwnerUserId,p.OwnerUserId=ph.UserId,ph.UserId=b.UserId#u.Reputation,>=,1,u.Reputation,<=,171,b.Date,>=,1288964853#2782803
postHistory ph,posts p,users u,badges b#u.Id=p.OwnerUserId,p.OwnerUserId=ph.UserId,ph.UserId=b.UserId#p.CommentCount,>=,0,p.CreationDate,<=,1410043595,u.DownVotes,>=,0#12245727946
postHistory ph,posts p,users u,badges b#u.Id=p.OwnerUserId,p.OwnerUserId=ph.UserId,ph.UserId=b.UserId#p.AnswerCount,>=,0,u.DownVotes,>=,0,b.Date,>=,1280980273#225904927
postHistory ph,posts p,users u,badges b#u.Id=p.OwnerUserId,p.OwnerUserId=ph.UserId,ph.UserId=b.UserId#ph.PostHistoryTypeId,=,1,p.ViewCount,>=,0,p.ViewCount,<=,21916#17835477
postHistory ph,posts p,users u,badges b#u.Id=p.OwnerUserId,p.OwnerUserId=ph.UserId,ph.UserId=b.UserId#p.FavoriteCount,>=,0,u.Views,>=,0,u.Views,<=,29#862259
postHistory ph,posts p,users u,badges b#u.Id=p.OwnerUserId,p.OwnerUserId=ph.UserId,ph.UserId=b.UserId#ph.PostHistoryTypeId,=,6,ph.CreationDate,<=,1409870867,p.AnswerCount,>=,0#18147861
postHistory ph,posts p,users u,badges b#u.Id=p.OwnerUserId,p.OwnerUserId=ph.UserId,ph.UserId=b.UserId#p.Score,>=,-4,p.AnswerCount,=,1,b.Date,>=,1279572846#76839335
postHistory ph,posts p,users u,badges b#u.Id=p.OwnerUserId,p.OwnerUserId=ph.UserId,ph.UserId=b.UserId#ph.CreationDate,>=,1284902499,u.CreationDate,>=,1283946565,b.Date,=,1319636337#19320
postHistory ph,posts p,users u,badges b#u.Id=p.OwnerUserId,p.OwnerUserId=ph.UserId,ph.UserId=b.UserId#p.Score,>=,-2,p.CommentCount,>=,0,p.CommentCount,<=,10#12022903738
postHistory ph,posts p,users u,badges b#u.Id=p.OwnerUserId,p.OwnerUserId=ph.UserId,ph.UserId=b.UserId#ph.CreationDate,<=,1408735102,p.PostTypeId,=,2,u.CreationDate,>=,1280368470#10375727592
postHistory ph,posts p,users u,badges b#u.Id=p.OwnerUserId,p.OwnerUserId=ph.UserId,ph.UserId=b.UserId#p.CommentCount,<=,30,p.CreationDate,=,1342800460,u.Views,>=,0#312
postHistory ph,posts p,users u,badges b#u.Id=p.OwnerUserId,p.OwnerUserId=ph.UserId,ph.UserId=b.UserId#p.PostTypeId,=,1,p.CreationDate,>=,1281062889,u.DownVotes,<=,0#33188869
postHistory ph,posts p,users u,badges b#u.Id=p.OwnerUserId,p.OwnerUserId=ph.UserId,ph.UserId=b.UserId#p.PostTypeId,=,2,p.CommentCount,<=,13,u.CreationDate,<=,1409692700#11118612690
postHistory ph,posts p,users u,badges b#u.Id=p.OwnerUserId,p.OwnerUserId=ph.UserId,ph.UserId=b.UserId#p.Score,<=,17,p.CreationDate,>=,1282815381,u.Views,>=,0#11660644673
postHistory ph,posts p,users u,badges b#u.Id=p.OwnerUserId,p.OwnerUserId=ph.UserId,ph.UserId=b.UserId#ph.PostHistoryTypeId,=,2,p.PostTypeId,=,2,p.CommentCount,<=,14#2388448072
postHistory ph,posts p,users u,badges b#u.Id=p.OwnerUserId,p.OwnerUserId=ph.UserId,ph.UserId=b.UserId#p.Score,<=,42,p.FavoriteCount,=,0,u.Reputation,<=,1230#502106
postHistory ph,posts p,users u,badges b#u.Id=p.OwnerUserId,p.OwnerUserId=ph.UserId,ph.UserId=b.UserId#ph.PostHistoryTypeId,=,1,p.PostTypeId,=,1,b.Date,<=,1409215355#17842451
postHistory ph,posts p,users u,badges b#u.Id=p.OwnerUserId,p.OwnerUserId=ph.UserId,ph.UserId=b.UserId#ph.CreationDate,<=,1410126592,p.AnswerCount,=,0,u.UpVotes,<=,30#2506997
postHistory ph,posts p,users u,badges b#u.Id=p.OwnerUserId,p.OwnerUserId=ph.UserId,ph.UserId=b.UserId#p.ViewCount,>=,0,p.ViewCount,<=,1930,u.Reputation,>=,1#194028786
postHistory ph,posts p,users u,badges b#u.Id=p.OwnerUserId,p.OwnerUserId=ph.UserId,ph.UserId=b.UserId#p.CommentCount,>=,0,u.DownVotes,<=,0,b.Date,<=,1410286242#42018865
postHistory ph,posts p,users u,badges b#u.Id=p.OwnerUserId,p.OwnerUserId=ph.UserId,ph.UserId=b.UserId#ph.CreationDate,>=,1280344964,ph.CreationDate,<=,1406488357,p.AnswerCount,<=,3#180740041
postHistory ph,posts p,users u,badges b#u.Id=p.OwnerUserId,p.OwnerUserId=ph.UserId,ph.UserId=b.UserId#p.PostTypeId,=,1,p.ViewCount,>=,0,u.Views,>=,0#229687074
postHistory ph,posts p,users u,badges b#u.Id=p.OwnerUserId,p.OwnerUserId=ph.UserId,ph.UserId=b.UserId#p.AnswerCount,>=,0,u.DownVotes,=,0,b.Date,>=,1288892246#31379314
postHistory ph,posts p,users u,badges b#u.Id=p.OwnerUserId,p.OwnerUserId=ph.UserId,ph.UserId=b.UserId#ph.PostHistoryTypeId,=,5,p.ViewCount,>=,0,u.Views,=,0#5552
postHistory ph,posts p,users u,badges b#u.Id=p.OwnerUserId,p.OwnerUserId=ph.UserId,ph.UserId=b.UserId#p.PostTypeId,=,1,p.CreationDate,<=,1408262097,u.Reputation,<=,3101#32606657
postHistory ph,posts p,users u,badges b#u.Id=p.OwnerUserId,p.OwnerUserId=ph.UserId,ph.UserId=b.UserId#p.PostTypeId,=,1,u.Views,=,0,u.UpVotes,>=,0#44896
postHistory ph,posts p,users u,badges b#u.Id=p.OwnerUserId,p.OwnerUserId=ph.UserId,ph.UserId=b.UserId#p.CommentCount,<=,13,p.CreationDate,>=,1280404948,u.UpVotes,>=,0#12121003176
postHistory ph,posts p,users u,badges b#u.Id=p.OwnerUserId,p.OwnerUserId=ph.UserId,ph.UserId=b.UserId#p.CommentCount,>=,0,u.Reputation,>=,1,u.Reputation,<=,323#5952939
postHistory ph,posts p,users u,badges b#u.Id=p.OwnerUserId,p.OwnerUserId=ph.UserId,ph.UserId=b.UserId#p.CommentCount,>=,0,p.CommentCount,<=,11,u.Reputation,>=,1#12084830387
postHistory ph,posts p,users u,badges b#u.Id=p.OwnerUserId,p.OwnerUserId=ph.UserId,ph.UserId=b.UserId#ph.PostHistoryTypeId,=,2,p.ViewCount,>=,0,b.Date,<=,1409421496#57220063
postHistory ph,posts p,users u,badges b#u.Id=p.OwnerUserId,p.OwnerUserId=ph.UserId,ph.UserId=b.UserId#p.Score,<=,18,u.Views,<=,37,b.Date,=,1374066948#24
postHistory ph,posts p,users u,badges b#u.Id=p.OwnerUserId,p.OwnerUserId=ph.UserId,ph.UserId=b.UserId#ph.PostHistoryTypeId,=,3,u.CreationDate,<=,1405111587,b.Date,=,1363700150#1
postHistory ph,posts p,users u,badges b#u.Id=p.OwnerUserId,p.OwnerUserId=ph.UserId,ph.UserId=b.UserId#u.CreationDate,<=,1407199226,b.Date,>=,1286266483,b.Date,<=,1409764202#11872695458
postHistory ph,posts p,users u,badges b#u.Id=p.OwnerUserId,p.OwnerUserId=ph.UserId,ph.UserId=b.UserId#p.FavoriteCount,>=,0,p.CreationDate,<=,1410042862,u.CreationDate,<=,1408748391#154422977
postHistory ph,posts p,users u,badges b#u.Id=p.OwnerUserId,p.OwnerUserId=ph.UserId,ph.UserId=b.UserId#ph.PostHistoryTypeId,=,5,p.PostTypeId,=,1,p.AnswerCount,<=,4#66523216
postHistory ph,posts p,users u,badges b#u.Id=p.OwnerUserId,p.OwnerUserId=ph.UserId,ph.UserId=b.UserId#ph.CreationDate,<=,1409675291,b.Date,>=,1279569246,b.Date,<=,1410343995#12086654168
postHistory ph,posts p,users u,badges b#u.Id=p.OwnerUserId,p.OwnerUserId=ph.UserId,ph.UserId=b.UserId#p.ViewCount,>=,0,u.DownVotes,>=,0,u.UpVotes,<=,88#18377825
postHistory ph,posts p,users u,badges b#u.Id=p.OwnerUserId,p.OwnerUserId=ph.UserId,ph.UserId=b.UserId#u.Views,<=,111,u.UpVotes,<=,7,b.Date,>=,1297601842#2804710
postHistory ph,posts p,users u,badges b#u.Id=p.OwnerUserId,p.OwnerUserId=ph.UserId,ph.UserId=b.UserId#ph.CreationDate,<=,1405942484,p.PostTypeId,=,1,p.CreationDate,>=,1279624127#221022896
postHistory ph,posts p,users u,badges b#u.Id=p.OwnerUserId,p.OwnerUserId=ph.UserId,ph.UserId=b.UserId#p.ViewCount,>=,0,p.FavoriteCount,>=,0,p.FavoriteCount,<=,11#132609303
postHistory ph,votes v,users u,badges b#u.Id=ph.UserId,u.Id=v.UserId,u.Id=b.UserId#ph.PostHistoryTypeId,=,4,u.CreationDate,<=,1410168584,b.Date,<=,1408524178#428534320
postHistory ph,votes v,users u,badges b#u.Id=ph.UserId,u.Id=v.UserId,u.Id=b.UserId#ph.CreationDate,<=,1407391024,v.CreationDate,=,1374883200,u.DownVotes,<=,114#73464
postHistory ph,votes v,users u,badges b#u.Id=ph.UserId,u.Id=v.UserId,u.Id=b.UserId#ph.PostHistoryTypeId,=,5,v.CreationDate,>=,1279584000,v.CreationDate,<=,1410307200#1503386496
postHistory ph,votes v,users u,badges b#u.Id=ph.UserId,u.Id=v.UserId,u.Id=b.UserId#v.CreationDate,<=,1410134400,u.Views,>=,0,u.UpVotes,<=,12#757500
postHistory ph,votes v,users u,badges b#u.Id=ph.UserId,u.Id=v.UserId,u.Id=b.UserId#u.Views,>=,0,u.Views,<=,94,u.DownVotes,<=,0#5061523
postHistory ph,votes v,users u,badges b#u.Id=ph.UserId,u.Id=v.UserId,u.Id=b.UserId#v.CreationDate,>=,1279497600,u.Reputation,<=,1223,u.CreationDate,>=,1282605733#17263398
postHistory ph,votes v,users u,badges b#u.Id=ph.UserId,u.Id=v.UserId,u.Id=b.UserId#u.Views,>=,0,u.Views,<=,23,u.CreationDate,>=,1301176273#1016341
postHistory ph,votes v,users u,badges b#u.Id=ph.UserId,u.Id=v.UserId,u.Id=b.UserId#u.Reputation,>=,1,u.Reputation,<=,304,u.DownVotes,<=,0#1741576
postHistory ph,votes v,users u,badges b#u.Id=ph.UserId,u.Id=v.UserId,u.Id=b.UserId#v.CreationDate,=,1338854400,u.CreationDate,>=,1299104378,b.Date,>=,1280368139#37223
postHistory ph,votes v,users u,badges b#u.Id=ph.UserId,u.Id=v.UserId,u.Id=b.UserId#v.BountyAmount,<=,50,u.Views,<=,60,u.CreationDate,>=,1279570583#170988
postHistory ph,votes v,users u,badges b#u.Id=ph.UserId,u.Id=v.UserId,u.Id=b.UserId#ph.PostHistoryTypeId,=,3,ph.CreationDate,<=,1409275227,u.Views,>=,0#22571616
postHistory ph,votes v,users u,badges b#u.Id=ph.UserId,u.Id=v.UserId,u.Id=b.UserId#v.VoteTypeId,=,5,v.CreationDate,<=,1410480000,u.UpVotes,=,0#31384
postHistory ph,votes v,users u,badges b#u.Id=ph.UserId,u.Id=v.UserId,u.Id=b.UserId#u.UpVotes,>=,0,u.UpVotes,<=,13,b.Date,<=,1410104452#835970
postHistory ph,votes v,users u,badges b#u.Id=ph.UserId,u.Id=v.UserId,u.Id=b.UserId#u.Reputation,>=,1,u.DownVotes,>=,0,u.DownVotes,<=,0#13980013
postHistory ph,votes v,users u,badges b#u.Id=ph.UserId,u.Id=v.UserId,u.Id=b.UserId#v.VoteTypeId,=,5,u.Views,<=,123,b.Date,>=,1284705540#10194741
postHistory ph,votes v,users u,badges b#u.Id=ph.UserId,u.Id=v.UserId,u.Id=b.UserId#ph.PostHistoryTypeId,=,2,u.Reputation,>=,1,b.Date,=,1299514634#20
postHistory ph,votes v,users u,badges b#u.Id=ph.UserId,u.Id=v.UserId,u.Id=b.UserId#v.VoteTypeId,=,5,v.CreationDate,>=,1279497600,u.DownVotes,>=,0#3008754177
postHistory ph,votes v,users u,badges b#u.Id=ph.UserId,u.Id=v.UserId,u.Id=b.UserId#v.BountyAmount,>=,0,v.BountyAmount,<=,50,b.Date,>=,1279568647#91386623
postHistory ph,votes v,users u,badges b#u.Id=ph.UserId,u.Id=v.UserId,u.Id=b.UserId#ph.CreationDate,<=,1410505451,v.CreationDate,>=,1279584000,b.Date,>=,1279569547#3129375072
postHistory ph,votes v,users u,badges b#u.Id=ph.UserId,u.Id=v.UserId,u.Id=b.UserId#v.BountyAmount,<=,100,u.CreationDate,>=,1290031462,u.CreationDate,<=,1410462674#14590456
postHistory ph,votes v,users u,badges b#u.Id=ph.UserId,u.Id=v.UserId,u.Id=b.UserId#ph.CreationDate,<=,1405536012,v.BountyAmount,<=,50,u.Reputation,=,195#864
postHistory ph,votes v,users u,badges b#u.Id=ph.UserId,u.Id=v.UserId,u.Id=b.UserId#ph.CreationDate,>=,1305037154,ph.CreationDate,<=,1408655455,u.UpVotes,=,4#35813
postHistory ph,votes v,users u,badges b#u.Id=ph.UserId,u.Id=v.UserId,u.Id=b.UserId#u.UpVotes,>=,0,u.CreationDate,>=,1281653691,u.CreationDate,<=,1410379225#1826514225
postHistory ph,votes v,users u,badges b#u.Id=ph.UserId,u.Id=v.UserId,u.Id=b.UserId#ph.PostHistoryTypeId,=,6,v.BountyAmount,>=,0,b.Date,<=,1408724166#15346968
postHistory ph,votes v,users u,badges b#u.Id=ph.UserId,u.Id=v.UserId,u.Id=b.UserId#ph.CreationDate,<=,1403552749,v.BountyAmount,>=,0,v.BountyAmount,<=,50#82143839
postHistory ph,votes v,users u,badges b#u.Id=ph.UserId,u.Id=v.UserId,u.Id=b.UserId#ph.PostHistoryTypeId,=,4,u.DownVotes,<=,0,u.CreationDate,<=,1409729311#390702
postHistory ph,votes v,users u,badges b#u.Id=ph.UserId,u.Id=v.UserId,u.Id=b.UserId#v.BountyAmount,<=,200,u.CreationDate,>=,1279575287,b.Date,<=,1410104452#126207962
postHistory ph,votes v,users u,badges b#u.Id=ph.UserId,u.Id=v.UserId,u.Id=b.UserId#ph.PostHistoryTypeId,=,2,u.UpVotes,=,3,u.CreationDate,>=,1300797471#14463
postHistory ph,votes v,users u,badges b#u.Id=ph.UserId,u.Id=v.UserId,u.Id=b.UserId#v.VoteTypeId,=,8,v.CreationDate,<=,1410566400,u.Views,<=,21#47074
postHistory ph,votes v,users u,badges b#u.Id=ph.UserId,u.Id=v.UserId,u.Id=b.UserId#v.BountyAmount,<=,100,u.Reputation,>=,1,u.CreationDate,<=,1408299175#117119952
postHistory ph,votes v,users u,badges b#u.Id=ph.UserId,u.Id=v.UserId,u.Id=b.UserId#u.DownVotes,>=,0,u.UpVotes,=,0,b.Date,<=,1410443106#33912
postHistory ph,votes v,users u,badges b#u.Id=ph.UserId,u.Id=v.UserId,u.Id=b.UserId#ph.PostHistoryTypeId,=,5,ph.CreationDate,<=,1408393958,u.UpVotes,>=,0#1459002419
postHistory ph,votes v,users u,badges b#u.Id=ph.UserId,u.Id=v.UserId,u.Id=b.UserId#u.Reputation,<=,844,u.UpVotes,>=,0,u.UpVotes,<=,41#2649677
postHistory ph,votes v,users u,badges b#u.Id=ph.UserId,u.Id=v.UserId,u.Id=b.UserId#u.Reputation,>=,1,u.UpVotes,>=,0,u.UpVotes,<=,16#1053866
postHistory ph,votes v,users u,badges b#u.Id=ph.UserId,u.Id=v.UserId,u.Id=b.UserId#u.Reputation,>=,1,u.UpVotes,>=,0,u.UpVotes,<=,88#8808986
postHistory ph,votes v,users u,badges b#u.Id=ph.UserId,u.Id=v.UserId,u.Id=b.UserId#ph.CreationDate,>=,1302088406,v.BountyAmount,<=,200,u.DownVotes,<=,1#684186
postHistory ph,votes v,users u,badges b#u.Id=ph.UserId,u.Id=v.UserId,u.Id=b.UserId#u.UpVotes,>=,0,u.UpVotes,<=,5,u.CreationDate,<=,1410435087#274994
postHistory ph,votes v,users u,badges b#u.Id=ph.UserId,u.Id=v.UserId,u.Id=b.UserId#ph.CreationDate,>=,1317121095,u.Views,=,2,b.Date,<=,1410084032#19501
postHistory ph,votes v,users u,badges b#u.Id=ph.UserId,u.Id=v.UserId,u.Id=b.UserId#ph.PostHistoryTypeId,=,5,u.Views,<=,15,b.Date,<=,1410398081#149681
postHistory ph,votes v,users u,badges b#u.Id=ph.UserId,u.Id=v.UserId,u.Id=b.UserId#v.BountyAmount,>=,0,u.Reputation,>=,1,u.Reputation,<=,821#1718517
postHistory ph,votes v,users u,badges b#u.Id=ph.UserId,u.Id=v.UserId,u.Id=b.UserId#v.CreationDate,<=,1410220800,u.Reputation,>=,1,u.CreationDate,<=,1409652739#3135944108
postHistory ph,votes v,users u,badges b#u.Id=ph.UserId,u.Id=v.UserId,u.Id=b.UserId#ph.CreationDate,>=,1282187019,u.Reputation,>=,1,u.Views,>=,0#3124073408
postHistory ph,votes v,users u,badges b#u.Id=ph.UserId,u.Id=v.UserId,u.Id=b.UserId#ph.CreationDate,>=,1299045566,ph.CreationDate,<=,1404397086,u.UpVotes,>=,0#2684190837
postHistory ph,votes v,users u,badges b#u.Id=ph.UserId,u.Id=v.UserId,u.Id=b.UserId#v.BountyAmount,>=,0,u.Reputation,>=,1,u.Reputation,<=,406#306834
postHistory ph,votes v,users u,badges b#u.Id=ph.UserId,u.Id=v.UserId,u.Id=b.UserId#ph.PostHistoryTypeId,=,2,u.UpVotes,>=,0,u.UpVotes,<=,17#460777
postHistory ph,votes v,users u,badges b#u.Id=ph.UserId,u.Id=v.UserId,u.Id=b.UserId#ph.PostHistoryTypeId,=,34,u.Reputation,<=,268,u.CreationDate,<=,1409910109#21943
postHistory ph,votes v,users u,badges b#u.Id=ph.UserId,u.Id=v.UserId,u.Id=b.UserId#ph.PostHistoryTypeId,=,1,u.DownVotes,<=,0,u.UpVotes,>=,0#2909003
postHistory ph,votes v,users u,badges b#u.Id=ph.UserId,u.Id=v.UserId,u.Id=b.UserId#u.CreationDate,>=,1283656970,u.CreationDate,<=,1410053400,b.Date,<=,1410370948#737321431
postHistory ph,votes v,users u,badges b#u.Id=ph.UserId,u.Id=v.UserId,u.Id=b.UserId#u.Reputation,<=,129,u.Views,<=,73,u.UpVotes,<=,34#453025
postHistory ph,votes v,users u,badges b#u.Id=ph.UserId,u.Id=v.UserId,u.Id=b.UserId#u.Views,<=,25,u.CreationDate,>=,1279566949,u.CreationDate,<=,1409624623#1257056
postHistory ph,votes v,users u,badges b#u.Id=ph.UserId,u.Id=v.UserId,u.Id=b.UserId#ph.PostHistoryTypeId,=,4,v.CreationDate,>=,1279497600,u.Reputation,<=,511#278141
postHistory ph,votes v,users u,badges b#u.Id=ph.UserId,u.Id=v.UserId,u.Id=b.UserId#u.Views,>=,0,u.UpVotes,>=,0,u.UpVotes,<=,33#2576709
postHistory ph,votes v,users u,badges b#u.Id=ph.UserId,u.Id=v.UserId,u.Id=b.UserId#u.DownVotes,<=,5,u.UpVotes,>=,0,u.CreationDate,>=,1280195879#29783128
postHistory ph,votes v,users u,badges b#u.Id=ph.UserId,u.Id=v.UserId,u.Id=b.UserId#ph.PostHistoryTypeId,=,2,v.CreationDate,>=,1279670400,v.CreationDate,<=,1410307200#510725591
postHistory ph,votes v,users u,badges b#u.Id=ph.UserId,u.Id=v.UserId,u.Id=b.UserId#v.BountyAmount,<=,100,u.DownVotes,=,0,b.Date,>=,1282217068#443660
postHistory ph,votes v,users u,badges b#u.Id=ph.UserId,u.Id=v.UserId,u.Id=b.UserId#u.DownVotes,>=,0,u.CreationDate,>=,1280257791,u.CreationDate,<=,1408717439#2953128064
postHistory ph,votes v,users u,badges b#u.Id=ph.UserId,u.Id=v.UserId,u.Id=b.UserId#ph.PostHistoryTypeId,=,5,v.VoteTypeId,=,5,u.Reputation,>=,1#1441686886
postHistory ph,votes v,users u,badges b#u.Id=ph.UserId,u.Id=v.UserId,u.Id=b.UserId#ph.CreationDate,>=,1282051287,u.Views,<=,18,u.UpVotes,=,0#30155
postHistory ph,votes v,users u,badges b#u.Id=ph.UserId,u.Id=v.UserId,u.Id=b.UserId#u.Reputation,>=,1,u.CreationDate,>=,1289589843,u.CreationDate,<=,1409502298#736998183
postHistory ph,votes v,users u,badges b#u.Id=ph.UserId,u.Id=v.UserId,u.Id=b.UserId#v.BountyAmount,>=,0,u.Reputation,>=,1,b.Date,<=,1410267548#126828769
postHistory ph,votes v,users u,badges b#u.Id=ph.UserId,u.Id=v.UserId,u.Id=b.UserId#ph.CreationDate,<=,1409155226,u.Reputation,>=,1,u.Reputation,<=,3680#66898171
postHistory ph,votes v,users u,badges b#u.Id=ph.UserId,u.Id=v.UserId,u.Id=b.UserId#v.CreationDate,<=,1410393600,u.Reputation,>=,1,b.Date,>=,1280172822#3127735083
postHistory ph,votes v,users u,badges b#u.Id=ph.UserId,u.Id=v.UserId,u.Id=b.UserId#u.Reputation,<=,814,u.CreationDate,<=,1410251379,b.Date,<=,1410373358#14461218
postHistory ph,votes v,users u,badges b#u.Id=ph.UserId,u.Id=v.UserId,u.Id=b.UserId#u.Reputation,=,16,u.CreationDate,>=,1280198718,u.CreationDate,<=,1409035137#2218
postHistory ph,votes v,users u,badges b#u.Id=ph.UserId,u.Id=v.UserId,u.Id=b.UserId#u.DownVotes,=,0,u.UpVotes,>=,0,u.UpVotes,<=,34#1655695
postHistory ph,votes v,users u,badges b#u.Id=ph.UserId,u.Id=v.UserId,u.Id=b.UserId#u.Views,=,0,u.DownVotes,>=,0,u.DownVotes,<=,0#11333
postHistory ph,votes v,users u,badges b#u.Id=ph.UserId,u.Id=v.UserId,u.Id=b.UserId#ph.CreationDate,<=,1406843731,v.CreationDate,>=,1279756800,u.DownVotes,>=,0#2986493334
postHistory ph,votes v,users u,badges b#u.Id=ph.UserId,u.Id=v.UserId,u.Id=b.UserId#ph.PostHistoryTypeId,=,1,u.Reputation,<=,450,u.DownVotes,<=,0#532920
postHistory ph,votes v,users u,badges b#u.Id=ph.UserId,u.Id=v.UserId,u.Id=b.UserId#ph.CreationDate,>=,1279789116,ph.CreationDate,<=,1410392477,v.CreationDate,<=,1410220800#3125108521
postHistory ph,votes v,users u,badges b#u.Id=ph.UserId,u.Id=v.UserId,u.Id=b.UserId#v.BountyAmount,>=,0,v.BountyAmount,<=,50,u.DownVotes,=,0#388944
postHistory ph,votes v,users u,badges b#u.Id=ph.UserId,u.Id=v.UserId,u.Id=b.UserId#v.BountyAmount,<=,100,u.Reputation,<=,301,u.CreationDate,>=,1279792875#195737
postHistory ph,votes v,users u,badges b#u.Id=ph.UserId,u.Id=v.UserId,u.Id=b.UserId#ph.PostHistoryTypeId,=,1,u.UpVotes,<=,150,b.Date,<=,1409806372#2220254
postHistory ph,votes v,users u,badges b#u.Id=ph.UserId,u.Id=v.UserId,u.Id=b.UserId#ph.CreationDate,<=,1403007111,v.CreationDate,>=,1279584000,b.Date,>=,1281433191#2828887167
postHistory ph,votes v,users u,badges b#u.Id=ph.UserId,u.Id=v.UserId,u.Id=b.UserId#u.CreationDate,>=,1299470307,u.CreationDate,<=,1408504115,b.Date,=,1363164637#215
postHistory ph,votes v,users u,badges b#u.Id=ph.UserId,u.Id=v.UserId,u.Id=b.UserId#v.CreationDate,>=,1279756800,u.DownVotes,<=,0,b.Date,>=,1280924734#13773089
postHistory ph,votes v,users u,badges b#u.Id=ph.UserId,u.Id=v.UserId,u.Id=b.UserId#u.Reputation,>=,1,u.Views,>=,0,u.Views,<=,22#1072855
postHistory ph,votes v,users u,badges b#u.Id=ph.UserId,u.Id=v.UserId,u.Id=b.UserId#ph.CreationDate,>=,1279882312,u.Reputation,<=,164,u.UpVotes,>=,0#1214813
postHistory ph,votes v,users u,badges b#u.Id=ph.UserId,u.Id=v.UserId,u.Id=b.UserId#u.DownVotes,<=,0,u.CreationDate,>=,1285966436,u.CreationDate,<=,1410259667#6452205
postHistory ph,votes v,users u,badges b#u.Id=ph.UserId,u.Id=v.UserId,u.Id=b.UserId#ph.PostHistoryTypeId,=,2,v.CreationDate,<=,1410480000,u.Views,<=,13#159149
postHistory ph,votes v,users u,badges b#u.Id=ph.UserId,u.Id=v.UserId,u.Id=b.UserId#v.BountyAmount,<=,100,b.Date,>=,1279568350,b.Date,<=,1410458853#116721203
postHistory ph,votes v,users u,badges b#u.Id=ph.UserId,u.Id=v.UserId,u.Id=b.UserId#ph.CreationDate,>=,1279865876,u.Reputation,>=,1,u.CreationDate,<=,1407335128#3134714079
postHistory ph,votes v,users u,badges b#u.Id=ph.UserId,u.Id=v.UserId,u.Id=b.UserId#ph.PostHistoryTypeId,=,2,v.BountyAmount,<=,50,u.DownVotes,<=,0#115360
postHistory ph,votes v,users u,badges b#u.Id=ph.UserId,u.Id=v.UserId,u.Id=b.UserId#ph.CreationDate,<=,1409652591,v.BountyAmount,<=,300,u.UpVotes,<=,14#106131
postHistory ph,votes v,users u,badges b#u.Id=ph.UserId,u.Id=v.UserId,u.Id=b.UserId#ph.CreationDate,<=,1406082512,v.CreationDate,>=,1279670400,v.CreationDate,<=,1410307200#2957364955
postHistory ph,votes v,users u,badges b#u.Id=ph.UserId,u.Id=v.UserId,u.Id=b.UserId#ph.CreationDate,<=,1409852147,u.Views,<=,74,u.DownVotes,<=,0#2590368
postHistory ph,votes v,users u,badges b#u.Id=ph.UserId,u.Id=v.UserId,u.Id=b.UserId#u.Reputation,>=,1,u.Views,>=,0,b.Date,>=,1279572246#3134188862
postHistory ph,votes v,users u,badges b#u.Id=ph.UserId,u.Id=v.UserId,u.Id=b.UserId#ph.CreationDate,>=,1279933778,u.Reputation,=,1,b.Date,>=,1287767026#1258
postHistory ph,votes v,users u,badges b#u.Id=ph.UserId,u.Id=v.UserId,u.Id=b.UserId#ph.PostHistoryTypeId,=,5,u.Reputation,>=,1,u.UpVotes,=,0#5584
postHistory ph,votes v,users u,badges b#u.Id=ph.UserId,u.Id=v.UserId,u.Id=b.UserId#v.BountyAmount,<=,100,v.CreationDate,>=,1280102400,u.Views,>=,0#117119906
postHistory ph,votes v,users u,badges b#u.Id=ph.UserId,u.Id=v.UserId,u.Id=b.UserId#ph.CreationDate,=,1380987053,u.Reputation,>=,1,u.CreationDate,>=,1280199725#1216
postHistory ph,votes v,users u,badges b#u.Id=ph.UserId,u.Id=v.UserId,u.Id=b.UserId#ph.PostHistoryTypeId,=,3,u.DownVotes,>=,0,u.DownVotes,<=,0#2909003
postHistory ph,votes v,users u,badges b#u.Id=ph.UserId,u.Id=v.UserId,u.Id=b.UserId#ph.PostHistoryTypeId,=,2,ph.CreationDate,=,1401807119,u.Views,<=,266#30
postHistory ph,votes v,users u,badges b#u.Id=ph.UserId,u.Id=v.UserId,u.Id=b.UserId#ph.CreationDate,>=,1297793279,v.CreationDate,>=,1262649600,v.CreationDate,<=,1410480000#2941496279
postHistory ph,votes v,users u,badges b#u.Id=ph.UserId,u.Id=v.UserId,u.Id=b.UserId#ph.PostHistoryTypeId,=,3,v.BountyAmount,<=,100,u.CreationDate,<=,1408045377#813404
postHistory ph,votes v,users u,badges b#u.Id=ph.UserId,u.Id=v.UserId,u.Id=b.UserId#v.CreationDate,>=,1279670400,u.DownVotes,<=,0,b.Date,<=,1410450203#13967557
postHistory ph,votes v,users u,badges b#u.Id=ph.UserId,u.Id=v.UserId,u.Id=b.UserId#v.CreationDate,>=,1279497600,u.Views,>=,0,u.CreationDate,<=,1408903593#3136346409
postHistory ph,votes v,users u,badges b#u.Id=ph.UserId,u.Id=v.UserId,u.Id=b.UserId#u.DownVotes,>=,0,u.DownVotes,<=,0,u.CreationDate,<=,1406100098#13974228
postHistory ph,votes v,users u,badges b#u.Id=ph.UserId,u.Id=v.UserId,u.Id=b.UserId#v.CreationDate,>=,1279756800,u.Views,>=,0,u.Views,<=,16#715847
postHistory ph,votes v,users u,badges b#u.Id=ph.UserId,u.Id=v.UserId,u.Id=b.UserId#ph.PostHistoryTypeId,=,4,u.Views,>=,0,u.UpVotes,>=,0#436815719
postHistory ph,votes v,users u,badges b#u.Id=ph.UserId,u.Id=v.UserId,u.Id=b.UserId#v.BountyAmount,<=,100,u.Reputation,<=,1233,u.UpVotes,>=,0#1791633
postHistory ph,votes v,users u,badges b#u.Id=ph.UserId,u.Id=v.UserId,u.Id=b.UserId#u.CreationDate,>=,1280405758,u.CreationDate,<=,1408524401,b.Date,>=,1280911831#2952234663
postHistory ph,votes v,users u,badges b#u.Id=ph.UserId,u.Id=v.UserId,u.Id=b.UserId#ph.PostHistoryTypeId,=,5,u.DownVotes,<=,0,u.CreationDate,>=,1279574237#3021631
postHistory ph,votes v,users u,badges b#u.Id=ph.UserId,u.Id=v.UserId,u.Id=b.UserId#v.CreationDate,<=,1410307200,u.DownVotes,<=,12,b.Date,>=,1280186922#86054829
postHistory ph,votes v,users u,badges b#u.Id=ph.UserId,u.Id=v.UserId,u.Id=b.UserId#ph.PostHistoryTypeId,=,2,u.UpVotes,>=,0,u.UpVotes,<=,71#2453607
postHistory ph,votes v,users u,badges b#u.Id=ph.UserId,u.Id=v.UserId,u.Id=b.UserId#u.Views,=,0,u.DownVotes,<=,0,u.UpVotes,<=,456#11333
postHistory ph,votes v,users u,badges b#u.Id=ph.UserId,u.Id=v.UserId,u.Id=b.UserId#v.BountyAmount,>=,0,u.Views,=,0,u.DownVotes,=,0#171
postHistory ph,votes v,users u,badges b#u.Id=ph.UserId,u.Id=v.UserId,u.Id=b.UserId#v.CreationDate,>=,1279497600,v.CreationDate,<=,1410393600,u.Views,<=,37#2186287
postHistory ph,votes v,users u,badges b#u.Id=ph.UserId,u.Id=v.UserId,u.Id=b.UserId#v.BountyAmount,<=,100,u.CreationDate,>=,1297689854,b.Date,>=,1279573146#13311022
postHistory ph,votes v,users u,badges b#u.Id=ph.UserId,u.Id=v.UserId,u.Id=b.UserId#ph.CreationDate,>=,1291233896,ph.CreationDate,<=,1409203447,v.BountyAmount,>=,0#119930704
postHistory ph,votes v,users u,badges b#u.Id=ph.UserId,u.Id=v.UserId,u.Id=b.UserId#v.CreationDate,<=,1410566400,u.DownVotes,<=,11,u.UpVotes,=,0#33983
comments c,posts p,postLinks pl,postHistory ph,votes v#p.Id=c.PostId,p.Id=pl.PostId,p.Id=ph.PostId,p.Id=v.PostId#p.CommentCount,>=,0,pl.CreationDate,>=,1315493848,ph.CreationDate,<=,1407335955#1772556
comments c,posts p,postLinks pl,postHistory ph,votes v#p.Id=c.PostId,p.Id=pl.PostId,p.Id=ph.PostId,p.Id=v.PostId#p.ViewCount,>=,0,p.FavoriteCount,>=,0,v.VoteTypeId,=,5#676812
comments c,posts p,postLinks pl,postHistory ph,votes v#p.Id=c.PostId,p.Id=pl.PostId,p.Id=ph.PostId,p.Id=v.PostId#p.Score,>=,-1,p.Score,<=,16,ph.PostHistoryTypeId,=,1#153727
comments c,posts p,postLinks pl,postHistory ph,votes v#p.Id=c.PostId,p.Id=pl.PostId,p.Id=ph.PostId,p.Id=v.PostId#p.Score,=,1,pl.CreationDate,>=,1301611660,v.VoteTypeId,=,2#42730
comments c,posts p,postLinks pl,postHistory ph,votes v#p.Id=c.PostId,p.Id=pl.PostId,p.Id=ph.PostId,p.Id=v.PostId#c.CreationDate,<=,1410507843,p.FavoriteCount,<=,21,v.VoteTypeId,=,2#752365
comments c,posts p,postLinks pl,postHistory ph,votes v#p.Id=c.PostId,p.Id=pl.PostId,p.Id=ph.PostId,p.Id=v.PostId#p.PostTypeId,=,1,v.CreationDate,>=,1279584000,v.CreationDate,<=,1410393600#2153367
comments c,posts p,postLinks pl,postHistory ph,votes v#p.Id=c.PostId,p.Id=pl.PostId,p.Id=ph.PostId,p.Id=v.PostId#c.CreationDate,>=,1280631279,p.Score,>=,-3,pl.CreationDate,>=,1311112022#1823489
comments c,posts p,postLinks pl,postHistory ph,votes v#p.Id=c.PostId,p.Id=pl.PostId,p.Id=ph.PostId,p.Id=v.PostId#p.CreationDate,<=,1410379447,pl.LinkTypeId,=,1,ph.CreationDate,>=,1279726691#2056798
comments c,posts p,postLinks pl,postHistory ph,votes v#p.Id=c.PostId,p.Id=pl.PostId,p.Id=ph.PostId,p.Id=v.PostId#p.FavoriteCount,<=,10,p.CreationDate,>=,1283198068,pl.LinkTypeId,=,1#872532
comments c,posts p,postLinks pl,postHistory ph,votes v#p.Id=c.PostId,p.Id=pl.PostId,p.Id=ph.PostId,p.Id=v.PostId#c.Score,=,0,p.PostTypeId,=,1,v.BountyAmount,=,0#0
comments c,posts p,postLinks pl,postHistory ph,votes v#p.Id=c.PostId,p.Id=pl.PostId,p.Id=ph.PostId,p.Id=v.PostId#p.PostTypeId,=,1,p.CreationDate,<=,1410283243,v.VoteTypeId,=,5#676803
comments c,posts p,postLinks pl,postHistory ph,votes v#p.Id=c.PostId,p.Id=pl.PostId,p.Id=ph.PostId,p.Id=v.PostId#pl.CreationDate,<=,1405282508,ph.CreationDate,>=,1279620348,ph.CreationDate,<=,1410035693#2047266
comments c,posts p,postLinks pl,postHistory ph,votes v#p.Id=c.PostId,p.Id=pl.PostId,p.Id=ph.PostId,p.Id=v.PostId#p.Score,<=,39,p.ViewCount,>=,0,p.CommentCount,<=,9#1071448
comments c,posts p,postLinks pl,postHistory ph,votes v#p.Id=c.PostId,p.Id=pl.PostId,p.Id=ph.PostId,p.Id=v.PostId#c.Score,=,0,pl.CreationDate,>=,1321564348,v.VoteTypeId,=,2#634355
comments c,posts p,postLinks pl,postHistory ph,votes v#p.Id=c.PostId,p.Id=pl.PostId,p.Id=ph.PostId,p.Id=v.PostId#p.CommentCount,<=,15,ph.PostHistoryTypeId,=,2,ph.CreationDate,<=,1410286597#253294
comments c,posts p,postLinks pl,postHistory ph,votes v#p.Id=c.PostId,p.Id=pl.PostId,p.Id=ph.PostId,p.Id=v.PostId#p.CreationDate,>=,1239523056,p.CreationDate,<=,1408566991,pl.LinkTypeId,=,1#2085565
comments c,posts p,postLinks pl,postHistory ph,votes v#p.Id=c.PostId,p.Id=pl.PostId,p.Id=ph.PostId,p.Id=v.PostId#p.ViewCount,<=,4682,p.FavoriteCount,>=,0,v.CreationDate,>=,1281225600#1054628
comments c,posts p,postLinks pl,postHistory ph,votes v#p.Id=c.PostId,p.Id=pl.PostId,p.Id=ph.PostId,p.Id=v.PostId#c.Score,=,1,p.AnswerCount,=,0,v.BountyAmount,>=,0#129
comments c,posts p,postLinks pl,postHistory ph,votes v#p.Id=c.PostId,p.Id=pl.PostId,p.Id=ph.PostId,p.Id=v.PostId#c.CreationDate,<=,1409965913,p.PostTypeId,=,1,v.VoteTypeId,=,2#1331458
comments c,posts p,postLinks pl,postHistory ph,votes v#p.Id=c.PostId,p.Id=pl.PostId,p.Id=ph.PostId,p.Id=v.PostId#p.CommentCount,<=,9,p.CreationDate,>=,1284962715,pl.LinkTypeId,=,1#1166469
comments c,posts p,postLinks pl,postHistory ph,votes v#p.Id=c.PostId,p.Id=pl.PostId,p.Id=ph.PostId,p.Id=v.PostId#p.CommentCount,>=,0,pl.LinkTypeId,=,1,v.VoteTypeId,=,2#1320257
comments c,posts p,postLinks pl,postHistory ph,votes v#p.Id=c.PostId,p.Id=pl.PostId,p.Id=ph.PostId,p.Id=v.PostId#c.Score,=,1,p.FavoriteCount,=,0,v.VoteTypeId,=,5#0
comments c,posts p,postLinks pl,postHistory ph,votes v#p.Id=c.PostId,p.Id=pl.PostId,p.Id=ph.PostId,p.Id=v.PostId#p.ViewCount,>=,0,p.CommentCount,<=,10,pl.CreationDate,<=,1407997996#1621334
comments c,posts p,postLinks pl,postHistory ph,votes v#p.Id=c.PostId,p.Id=pl.PostId,p.Id=ph.PostId,p.Id=v.PostId#c.Score,=,3,p.AnswerCount,=,0,pl.LinkTypeId,=,3#457
comments c,posts p,postLinks pl,postHistory ph,votes v#p.Id=c.PostId,p.Id=pl.PostId,p.Id=ph.PostId,p.Id=v.PostId#pl.LinkTypeId,=,1,ph.PostHistoryTypeId,=,4,ph.CreationDate,<=,1408379253#193118
comments c,posts p,postLinks pl,postHistory ph,votes v#p.Id=c.PostId,p.Id=pl.PostId,p.Id=ph.PostId,p.Id=v.PostId#pl.CreationDate,<=,1407696989,ph.CreationDate,>=,1287427013,ph.CreationDate,<=,1408554366#1755444
comments c,posts p,postLinks pl,postHistory ph,votes v#p.Id=c.PostId,p.Id=pl.PostId,p.Id=ph.PostId,p.Id=v.PostId#p.ViewCount,=,5261,p.CommentCount,>=,0,pl.CreationDate,>=,1298685107#112
comments c,posts p,postLinks pl,postHistory ph,votes v#p.Id=c.PostId,p.Id=pl.PostId,p.Id=ph.PostId,p.Id=v.PostId#c.Score,=,0,pl.CreationDate,<=,1408998427,v.VoteTypeId,=,2#775889
comments c,posts p,postLinks pl,postHistory ph,votes v#p.Id=c.PostId,p.Id=pl.PostId,p.Id=ph.PostId,p.Id=v.PostId#p.Score,>=,-1,p.CommentCount,<=,10,pl.LinkTypeId,=,1#1611608
comments c,posts p,postLinks pl,postHistory ph,votes v#p.Id=c.PostId,p.Id=pl.PostId,p.Id=ph.PostId,p.Id=v.PostId#pl.LinkTypeId,=,3,pl.CreationDate,<=,1410368411,ph.CreationDate,>=,1313303803#30974
comments c,posts p,postLinks pl,postHistory ph,votes v#p.Id=c.PostId,p.Id=pl.PostId,p.Id=ph.PostId,p.Id=v.PostId#c.Score,=,0,p.FavoriteCount,>=,0,ph.PostHistoryTypeId,=,2#138367
comments c,posts p,postLinks pl,postHistory ph,votes v#p.Id=c.PostId,p.Id=pl.PostId,p.Id=ph.PostId,p.Id=v.PostId#p.CreationDate,<=,1410206619,v.CreationDate,>=,1279497600,v.CreationDate,<=,1410566400#2157012
comments c,posts p,postLinks pl,postHistory ph,votes v#p.Id=c.PostId,p.Id=pl.PostId,p.Id=ph.PostId,p.Id=v.PostId#p.Score,>=,-5,p.AnswerCount,<=,3,ph.CreationDate,>=,1284975473#1079136
comments c,posts p,postLinks pl,postHistory ph,votes v#p.Id=c.PostId,p.Id=pl.PostId,p.Id=ph.PostId,p.Id=v.PostId#p.PostTypeId,=,1,p.AnswerCount,>=,0,pl.LinkTypeId,=,1#2117315
comments c,posts p,postLinks pl,postHistory ph,votes v#p.Id=c.PostId,p.Id=pl.PostId,p.Id=ph.PostId,p.Id=v.PostId#c.Score,=,0,p.ViewCount,>=,0,ph.PostHistoryTypeId,=,2#167172
comments c,posts p,postLinks pl,postHistory ph,votes v#p.Id=c.PostId,p.Id=pl.PostId,p.Id=ph.PostId,p.Id=v.PostId#c.CreationDate,<=,1410650790,p.Score,<=,21,p.CreationDate,<=,1407249062#1183479
comments c,posts p,postLinks pl,postHistory ph,votes v#p.Id=c.PostId,p.Id=pl.PostId,p.Id=ph.PostId,p.Id=v.PostId#c.Score,=,0,p.CommentCount,<=,11,v.VoteTypeId,=,2#607303
comments c,posts p,postLinks pl,postHistory ph,votes v#p.Id=c.PostId,p.Id=pl.PostId,p.Id=ph.PostId,p.Id=v.PostId#c.Score,=,0,p.PostTypeId,=,2,p.FavoriteCount,>=,0#0
comments c,posts p,postLinks pl,postHistory ph,votes v#p.Id=c.PostId,p.Id=pl.PostId,p.Id=ph.PostId,p.Id=v.PostId#ph.PostHistoryTypeId,=,1,ph.CreationDate,>=,1284056490,v.VoteTypeId,=,2#161779
comments c,posts p,postLinks pl,postHistory ph,votes v#p.Id=c.PostId,p.Id=pl.PostId,p.Id=ph.PostId,p.Id=v.PostId#p.AnswerCount,>=,0,pl.CreationDate,>=,1287797701,v.VoteTypeId,=,5#647441
comments c,posts p,postLinks pl,postHistory ph,votes v#p.Id=c.PostId,p.Id=pl.PostId,p.Id=ph.PostId,p.Id=v.PostId#p.ViewCount,<=,25744,p.CreationDate,>=,1284426163,v.CreationDate,>=,1279584000#1549041
comments c,posts p,postLinks pl,postHistory ph,votes v#p.Id=c.PostId,p.Id=pl.PostId,p.Id=ph.PostId,p.Id=v.PostId#c.Score,=,1,pl.LinkTypeId,=,3,ph.PostHistoryTypeId,=,2#1063
comments c,posts p,postLinks pl,postHistory ph,votes v#p.Id=c.PostId,p.Id=pl.PostId,p.Id=ph.PostId,p.Id=v.PostId#pl.LinkTypeId,=,1,v.CreationDate,>=,1279497600,v.CreationDate,<=,1410566400#2117219
comments c,posts p,postLinks pl,postHistory ph,votes v#p.Id=c.PostId,p.Id=pl.PostId,p.Id=ph.PostId,p.Id=v.PostId#c.Score,=,0,p.PostTypeId,=,1,p.CreationDate,<=,1410392477#1232208
comments c,posts p,postLinks pl,postHistory ph,votes v#p.Id=c.PostId,p.Id=pl.PostId,p.Id=ph.PostId,p.Id=v.PostId#p.Score,<=,74,p.ViewCount,>=,0,v.VoteTypeId,=,2#1112338
comments c,posts p,postLinks pl,postHistory ph,votes v#p.Id=c.PostId,p.Id=pl.PostId,p.Id=ph.PostId,p.Id=v.PostId#c.CreationDate,<=,1410574651,p.Score,<=,42,p.CreationDate,>=,1281629030#1476162
comments c,posts p,postLinks pl,postHistory ph,votes v#p.Id=c.PostId,p.Id=pl.PostId,p.Id=ph.PostId,p.Id=v.PostId#c.Score,=,0,p.Score,>=,-4,pl.LinkTypeId,=,1#1210752
comments c,posts p,postLinks pl,postHistory ph,votes v#p.Id=c.PostId,p.Id=pl.PostId,p.Id=ph.PostId,p.Id=v.PostId#p.ViewCount,>=,0,p.FavoriteCount,>=,0,pl.CreationDate,<=,1408461589#1858263
comments c,posts p,postLinks pl,postHistory ph,votes v#p.Id=c.PostId,p.Id=pl.PostId,p.Id=ph.PostId,p.Id=v.PostId#pl.LinkTypeId,=,1,pl.CreationDate,>=,1300029927,v.VoteTypeId,=,2#1209050
comments c,posts p,postLinks pl,postHistory ph,votes v#p.Id=c.PostId,p.Id=pl.PostId,p.Id=ph.PostId,p.Id=v.PostId#p.Score,>=,-1,v.BountyAmount,>=,0,v.BountyAmount,<=,50#12190
comments c,posts p,postLinks pl,postHistory ph,votes v#p.Id=c.PostId,p.Id=pl.PostId,p.Id=ph.PostId,p.Id=v.PostId#p.PostTypeId,=,1,p.FavoriteCount,=,0,ph.PostHistoryTypeId,=,1#3057
comments c,posts p,postLinks pl,postHistory ph,users u#p.Id=pl.RelatedPostId,pl.RelatedPostId=c.PostId,pl.RelatedPostId=ph.PostId,u.Id=c.UserId#p.PostTypeId,=,2,p.FavoriteCount,<=,8,pl.LinkTypeId,=,1#0
comments c,posts p,postLinks pl,postHistory ph,users u#p.Id=pl.RelatedPostId,pl.RelatedPostId=c.PostId,pl.RelatedPostId=ph.PostId,u.Id=c.UserId#p.ViewCount,>=,0,u.Reputation,>=,1,u.Reputation,<=,393#47494
comments c,posts p,postLinks pl,postHistory ph,users u#p.Id=pl.RelatedPostId,pl.RelatedPostId=c.PostId,pl.RelatedPostId=ph.PostId,u.Id=c.UserId#c.CreationDate,<=,1409697385,ph.PostHistoryTypeId,=,5,u.CreationDate,>=,1280230280#46204
comments c,posts p,postLinks pl,postHistory ph,users u#p.Id=pl.RelatedPostId,pl.RelatedPostId=c.PostId,pl.RelatedPostId=ph.PostId,u.Id=c.UserId#c.Score,=,0,p.CommentCount,<=,10,p.CreationDate,<=,1408470262#109921
comments c,posts p,postLinks pl,postHistory ph,users u#p.Id=pl.RelatedPostId,pl.RelatedPostId=c.PostId,pl.RelatedPostId=ph.PostId,u.Id=c.UserId#c.Score,=,0,u.DownVotes,<=,3,u.UpVotes,<=,345#58802
comments c,posts p,postLinks pl,postHistory ph,users u#p.Id=pl.RelatedPostId,pl.RelatedPostId=c.PostId,pl.RelatedPostId=ph.PostId,u.Id=c.UserId#pl.LinkTypeId,=,1,u.CreationDate,>=,1303304347,u.CreationDate,<=,1408374485#96423
comments c,posts p,postLinks pl,postHistory ph,users u#p.Id=pl.RelatedPostId,pl.RelatedPostId=c.PostId,pl.RelatedPostId=ph.PostId,u.Id=c.UserId#pl.CreationDate,>=,1281699728,u.Reputation,<=,915,u.DownVotes,>=,0#66192
comments c,posts p,postLinks pl,postHistory ph,users u#p.Id=pl.RelatedPostId,pl.RelatedPostId=c.PostId,pl.RelatedPostId=ph.PostId,u.Id=c.UserId#p.PostTypeId,=,2,u.Reputation,>=,1,u.CreationDate,<=,1410202333#26
comments c,posts p,postLinks pl,postHistory ph,users u#p.Id=pl.RelatedPostId,pl.RelatedPostId=c.PostId,pl.RelatedPostId=ph.PostId,u.Id=c.UserId#p.Score,>=,-1,pl.CreationDate,>=,1301762638,ph.PostHistoryTypeId,=,5#49074
comments c,posts p,postLinks pl,postHistory ph,users u#p.Id=pl.RelatedPostId,pl.RelatedPostId=c.PostId,pl.RelatedPostId=ph.PostId,u.Id=c.UserId#pl.CreationDate,<=,1407154373,ph.CreationDate,>=,1292013285,u.DownVotes,>=,0#185065
comments c,posts p,postLinks pl,postHistory ph,users u#p.Id=pl.RelatedPostId,pl.RelatedPostId=c.PostId,pl.RelatedPostId=ph.PostId,u.Id=c.UserId#p.Score,>=,0,p.FavoriteCount,<=,4,ph.PostHistoryTypeId,=,5#19624
comments c,posts p,postLinks pl,postHistory ph,users u#p.Id=pl.RelatedPostId,pl.RelatedPostId=c.PostId,pl.RelatedPostId=ph.PostId,u.Id=c.UserId#ph.PostHistoryTypeId,=,2,u.Reputation,<=,276,u.Views,=,0#182
comments c,posts p,postLinks pl,postHistory ph,users u#p.Id=pl.RelatedPostId,pl.RelatedPostId=c.PostId,pl.RelatedPostId=ph.PostId,u.Id=c.UserId#c.Score,=,0,p.FavoriteCount,<=,40,u.CreationDate,<=,1408029936#97986
comments c,posts p,postLinks pl,postHistory ph,users u#p.Id=pl.RelatedPostId,pl.RelatedPostId=c.PostId,pl.RelatedPostId=ph.PostId,u.Id=c.UserId#c.CreationDate,<=,1410597172,p.CommentCount,>=,0,p.CommentCount,<=,14#206592
comments c,posts p,postLinks pl,postHistory ph,users u#p.Id=pl.RelatedPostId,pl.RelatedPostId=c.PostId,pl.RelatedPostId=ph.PostId,u.Id=c.UserId#p.PostTypeId,=,2,u.DownVotes,>=,0,u.UpVotes,>=,0#26
comments c,posts p,postLinks pl,postHistory ph,users u#p.Id=pl.RelatedPostId,pl.RelatedPostId=c.PostId,pl.RelatedPostId=ph.PostId,u.Id=c.UserId#p.ViewCount,<=,4209,u.Views,>=,0,u.Views,<=,37#30190
comments c,posts p,postLinks pl,postHistory ph,users u#p.Id=pl.RelatedPostId,pl.RelatedPostId=c.PostId,pl.RelatedPostId=ph.PostId,u.Id=c.UserId#p.AnswerCount,>=,0,p.CreationDate,<=,1408974039,u.Views,=,34#456
comments c,posts p,postLinks pl,postHistory ph,users u#p.Id=pl.RelatedPostId,pl.RelatedPostId=c.PostId,pl.RelatedPostId=ph.PostId,u.Id=c.UserId#p.PostTypeId,=,1,p.FavoriteCount,>=,0,p.FavoriteCount,<=,22#144509
comments c,posts p,postLinks pl,postHistory ph,users u#p.Id=pl.RelatedPostId,pl.RelatedPostId=c.PostId,pl.RelatedPostId=ph.PostId,u.Id=c.UserId#p.FavoriteCount,=,0,pl.CreationDate,<=,1410459317,u.Views,=,0#0
comments c,posts p,postLinks pl,postHistory ph,users u#p.Id=pl.RelatedPostId,pl.RelatedPostId=c.PostId,pl.RelatedPostId=ph.PostId,u.Id=c.UserId#p.Score,<=,21,u.Views,<=,39,u.DownVotes,=,0#28621
comments c,posts p,postLinks pl,postHistory ph,users u#p.Id=pl.RelatedPostId,pl.RelatedPostId=c.PostId,pl.RelatedPostId=ph.PostId,u.Id=c.UserId#p.AnswerCount,<=,8,pl.CreationDate,>=,1300334718,ph.CreationDate,>=,1288477490#183621
comments c,posts p,postLinks pl,postHistory ph,users u#p.Id=pl.RelatedPostId,pl.RelatedPostId=c.PostId,pl.RelatedPostId=ph.PostId,u.Id=c.UserId#p.PostTypeId,=,2,u.DownVotes,>=,0,u.CreationDate,>=,1281384540#24
comments c,posts p,postLinks pl,postHistory ph,users u#p.Id=pl.RelatedPostId,pl.RelatedPostId=c.PostId,pl.RelatedPostId=ph.PostId,u.Id=c.UserId#pl.CreationDate,>=,1281721352,ph.PostHistoryTypeId,=,2,u.Reputation,>=,1#32339
comments c,posts p,postLinks pl,postHistory ph,users u#p.Id=pl.RelatedPostId,pl.RelatedPostId=c.PostId,pl.RelatedPostId=ph.PostId,u.Id=c.UserId#u.Reputation,<=,722,u.Views,>=,0,u.UpVotes,>=,0#59808
comments c,posts p,postLinks pl,postHistory ph,users u#p.Id=pl.RelatedPostId,pl.RelatedPostId=c.PostId,pl.RelatedPostId=ph.PostId,u.Id=c.UserId#p.CommentCount,>=,0,p.CommentCount,<=,14,u.DownVotes,>=,0#206592
comments c,posts p,postLinks pl,postHistory ph,users u#p.Id=pl.RelatedPostId,pl.RelatedPostId=c.PostId,pl.RelatedPostId=ph.PostId,u.Id=c.UserId#c.Score,=,0,c.CreationDate,>=,1282046341,p.ViewCount,<=,1413#70178
comments c,posts p,postLinks pl,postHistory ph,users u#p.Id=pl.RelatedPostId,pl.RelatedPostId=c.PostId,pl.RelatedPostId=ph.PostId,u.Id=c.UserId#c.CreationDate,<=,1410380749,p.FavoriteCount,>=,0,pl.LinkTypeId,=,1#169807
comments c,posts p,postLinks pl,postHistory ph,users u#p.Id=pl.RelatedPostId,pl.RelatedPostId=c.PostId,pl.RelatedPostId=ph.PostId,u.Id=c.UserId#p.Score,>=,0,pl.CreationDate,>=,1318527456,pl.CreationDate,<=,1407048907#194021
comments c,posts p,postLinks pl,postHistory ph,users u#p.Id=pl.RelatedPostId,pl.RelatedPostId=c.PostId,pl.RelatedPostId=ph.PostId,u.Id=c.UserId#p.AnswerCount,<=,3,pl.CreationDate,<=,1409503853,ph.PostHistoryTypeId,=,25#10522
comments c,posts p,postLinks pl,postHistory ph,users u#p.Id=pl.RelatedPostId,pl.RelatedPostId=c.PostId,pl.RelatedPostId=ph.PostId,u.Id=c.UserId#p.PostTypeId,=,2,pl.LinkTypeId,=,1,u.Views,>=,0#26
comments c,posts p,postLinks pl,postHistory ph,users u#p.Id=pl.RelatedPostId,pl.RelatedPostId=c.PostId,pl.RelatedPostId=ph.PostId,u.Id=c.UserId#p.CreationDate,<=,1408989636,pl.CreationDate,>=,1313957084,u.Reputation,>=,1#209390
comments c,posts p,postLinks pl,postHistory ph,users u#p.Id=pl.RelatedPostId,pl.RelatedPostId=c.PostId,pl.RelatedPostId=ph.PostId,u.Id=c.UserId#p.Score,<=,33,ph.CreationDate,>=,1311904870,ph.CreationDate,<=,1407486311#140962
comments c,posts p,postLinks pl,postHistory ph,users u#p.Id=pl.RelatedPostId,pl.RelatedPostId=c.PostId,pl.RelatedPostId=ph.PostId,u.Id=c.UserId#c.Score,=,0,p.AnswerCount,<=,4,ph.PostHistoryTypeId,=,1#16171
comments c,posts p,postLinks pl,postHistory ph,users u#p.Id=pl.RelatedPostId,pl.RelatedPostId=c.PostId,pl.RelatedPostId=ph.PostId,u.Id=c.UserId#u.DownVotes,>=,0,u.UpVotes,<=,46,u.CreationDate,>=,1324161682#33582
comments c,posts p,postLinks pl,postHistory ph,users u#p.Id=pl.RelatedPostId,pl.RelatedPostId=c.PostId,pl.RelatedPostId=ph.PostId,u.Id=c.UserId#c.Score,=,0,p.AnswerCount,<=,12,u.Reputation,>=,1#131494
comments c,posts p,postLinks pl,postHistory ph,users u#p.Id=pl.RelatedPostId,pl.RelatedPostId=c.PostId,pl.RelatedPostId=ph.PostId,u.Id=c.UserId#p.PostTypeId,=,1,u.Reputation,>=,1,u.CreationDate,>=,1279615619#209033
comments c,posts p,postLinks pl,postHistory ph,users u#p.Id=pl.RelatedPostId,pl.RelatedPostId=c.PostId,pl.RelatedPostId=ph.PostId,u.Id=c.UserId#ph.CreationDate,>=,1285193430,u.DownVotes,>=,0,u.UpVotes,>=,0#203443
comments c,posts p,postLinks pl,postHistory ph,users u#p.Id=pl.RelatedPostId,pl.RelatedPostId=c.PostId,pl.RelatedPostId=ph.PostId,u.Id=c.UserId#p.ViewCount,>=,0,p.CommentCount,>=,0,p.CommentCount,<=,13#204180
comments c,posts p,postHistory ph,votes v,users u#u.Id=c.UserId,c.UserId=p.OwnerUserId,p.OwnerUserId=ph.UserId,ph.UserId=v.UserId#p.Score,>=,-2,ph.PostHistoryTypeId,=,2,u.Reputation,>=,1#2093381244
comments c,posts p,postHistory ph,votes v,users u#u.Id=c.UserId,c.UserId=p.OwnerUserId,p.OwnerUserId=ph.UserId,ph.UserId=v.UserId#p.PostTypeId,=,1,p.ViewCount,>=,0,ph.PostHistoryTypeId,=,25#277
comments c,posts p,postHistory ph,votes v,users u#u.Id=c.UserId,c.UserId=p.OwnerUserId,p.OwnerUserId=ph.UserId,ph.UserId=v.UserId#c.Score,=,1,c.CreationDate,<=,1410127376,v.CreationDate,>=,1279497600#15882059705611
comments c,posts p,postHistory ph,votes v,users u#u.Id=c.UserId,c.UserId=p.OwnerUserId,p.OwnerUserId=ph.UserId,ph.UserId=v.UserId#p.AnswerCount,>=,0,ph.PostHistoryTypeId,=,5,ph.CreationDate,>=,1303578202#2918737818
comments c,posts p,postHistory ph,votes v,users u#u.Id=c.UserId,c.UserId=p.OwnerUserId,p.OwnerUserId=ph.UserId,ph.UserId=v.UserId#c.CreationDate,<=,1410404162,p.CommentCount,>=,0,p.CreationDate,<=,1410465195#71956164971368
comments c,posts p,postHistory ph,votes v,users u#u.Id=c.UserId,c.UserId=p.OwnerUserId,p.OwnerUserId=ph.UserId,ph.UserId=v.UserId#c.Score,=,0,p.PostTypeId,=,2,ph.PostHistoryTypeId,=,1#3416678629260
comments c,posts p,postHistory ph,votes v,users u#u.Id=c.UserId,c.UserId=p.OwnerUserId,p.OwnerUserId=ph.UserId,ph.UserId=v.UserId#p.AnswerCount,<=,3,v.CreationDate,>=,1279584000,u.Reputation,<=,2250#8167320816
comments c,posts p,postHistory ph,votes v,users u#u.Id=c.UserId,c.UserId=p.OwnerUserId,p.OwnerUserId=ph.UserId,ph.UserId=v.UserId#c.Score,=,0,p.FavoriteCount,<=,10,p.CreationDate,>=,1281400861#10802327374601
comments c,postHistory ph,badges b,votes v,users u#u.Id=b.UserId,b.UserId=ph.UserId,ph.UserId=v.UserId,v.UserId=c.UserId#c.CreationDate,<=,1410328663,ph.CreationDate,<=,1395481444,v.BountyAmount,>=,0#688121047566
comments c,postHistory ph,badges b,votes v,users u#u.Id=b.UserId,b.UserId=ph.UserId,ph.UserId=v.UserId,v.UserId=c.UserId#c.Score,=,0,c.CreationDate,<=,1409416895,ph.PostHistoryTypeId,=,2#3600113725422
comments c,postHistory ph,badges b,votes v,users u#u.Id=b.UserId,b.UserId=ph.UserId,ph.UserId=v.UserId,v.UserId=c.UserId#u.Views,>=,0,u.CreationDate,>=,1282038596,u.CreationDate,<=,1405429460#2436333047958
comments c,postHistory ph,badges b,votes v,users u#u.Id=b.UserId,b.UserId=ph.UserId,ph.UserId=v.UserId,v.UserId=c.UserId#v.CreationDate,<=,1410393600,u.CreationDate,>=,1281414785,u.CreationDate,<=,1406818517#6506356554542
comments c,postHistory ph,badges b,votes v,users u#u.Id=b.UserId,b.UserId=ph.UserId,ph.UserId=v.UserId,v.UserId=c.UserId#v.BountyAmount,>=,0,v.CreationDate,>=,1279497600,v.CreationDate,<=,1410566400#927293302479
comments c,postHistory ph,badges b,votes v,users u#u.Id=b.UserId,b.UserId=ph.UserId,ph.UserId=v.UserId,v.UserId=c.UserId#c.Score,=,1,ph.CreationDate,<=,1406560608,u.Reputation,<=,3561#833150574
comments c,postHistory ph,badges b,votes v,users u#u.Id=b.UserId,b.UserId=ph.UserId,ph.UserId=v.UserId,v.UserId=c.UserId#c.Score,=,0,u.Reputation,<=,218,u.DownVotes,>=,0#54391208
comments c,postHistory ph,badges b,votes v,users u#u.Id=b.UserId,b.UserId=ph.UserId,ph.UserId=v.UserId,v.UserId=c.UserId#c.Score,=,0,b.Date,>=,1280195623,b.Date,<=,1409283746#11421428895428
comments c,postHistory ph,badges b,votes v,users u#u.Id=b.UserId,b.UserId=ph.UserId,ph.UserId=v.UserId,v.UserId=c.UserId#c.CreationDate,>=,1279705214,u.CreationDate,>=,1279568155,u.CreationDate,<=,1409807609#18096962884254
comments c,postHistory ph,badges b,votes v,users u#u.Id=b.UserId,b.UserId=ph.UserId,ph.UserId=v.UserId,v.UserId=c.UserId#u.Views,>=,0,u.UpVotes,<=,9,u.CreationDate,<=,1409490675#192231318
comments c,postHistory ph,badges b,votes v,users u#u.Id=b.UserId,b.UserId=ph.UserId,ph.UserId=v.UserId,v.UserId=c.UserId#c.Score,=,0,ph.PostHistoryTypeId,=,5,b.Date,=,1405507650#37299
comments c,postHistory ph,badges b,votes v,users u#u.Id=b.UserId,b.UserId=ph.UserId,ph.UserId=v.UserId,v.UserId=c.UserId#c.Score,=,0,u.DownVotes,>=,0,u.DownVotes,<=,0#1737695653
comments c,postHistory ph,badges b,votes v,users u#u.Id=b.UserId,b.UserId=ph.UserId,ph.UserId=v.UserId,v.UserId=c.UserId#ph.PostHistoryTypeId,=,24,v.BountyAmount,>=,0,u.DownVotes,>=,0#10921515606
comments c,postHistory ph,badges b,votes v,users u#u.Id=b.UserId,b.UserId=ph.UserId,ph.UserId=v.UserId,v.UserId=c.UserId#c.CreationDate,<=,1409692840,ph.PostHistoryTypeId,=,2,v.BountyAmount,<=,50#198223106304
comments c,postHistory ph,badges b,votes v,users u#u.Id=b.UserId,b.UserId=ph.UserId,ph.UserId=v.UserId,v.UserId=c.UserId#v.CreationDate,<=,1410480000,u.Views,<=,10,u.UpVotes,=,0#121415
comments c,postHistory ph,badges b,votes v,users u#u.Id=b.UserId,b.UserId=ph.UserId,ph.UserId=v.UserId,v.UserId=c.UserId#v.CreationDate,<=,1410220800,u.DownVotes,>=,0,u.DownVotes,<=,0#3138552186
comments c,postHistory ph,badges b,votes v,users u#u.Id=b.UserId,b.UserId=ph.UserId,ph.UserId=v.UserId,v.UserId=c.UserId#c.CreationDate,=,1357704284,ph.CreationDate,>=,1291136932,v.BountyAmount,>=,0#5050
comments c,postHistory ph,badges b,votes v,users u#u.Id=b.UserId,b.UserId=ph.UserId,ph.UserId=v.UserId,v.UserId=c.UserId#c.CreationDate,<=,1410187976,b.Date,>=,1279606749,u.Reputation,>=,1#17923925719846
comments c,postHistory ph,badges b,votes v,users u#u.Id=b.UserId,b.UserId=ph.UserId,ph.UserId=v.UserId,v.UserId=c.UserId#v.CreationDate,>=,1279497600,u.DownVotes,>=,0,u.DownVotes,<=,0#3139474647
comments c,postHistory ph,badges b,votes v,users u#u.Id=b.UserId,b.UserId=ph.UserId,ph.UserId=v.UserId,v.UserId=c.UserId#c.CreationDate,>=,1281088124,c.CreationDate,<=,1410174762,u.Reputation,<=,135#32897865
comments c,postHistory ph,badges b,votes v,users u#u.Id=b.UserId,b.UserId=ph.UserId,ph.UserId=v.UserId,v.UserId=c.UserId#ph.CreationDate,=,1371038036,v.BountyAmount,<=,50,u.DownVotes,>=,0#6337
comments c,postHistory ph,badges b,votes v,users u#u.Id=b.UserId,b.UserId=ph.UserId,ph.UserId=v.UserId,v.UserId=c.UserId#ph.PostHistoryTypeId,=,2,u.UpVotes,>=,0,u.CreationDate,>=,1279566717#635044448
comments c,postHistory ph,badges b,votes v,users u#u.Id=b.UserId,b.UserId=ph.UserId,ph.UserId=v.UserId,v.UserId=c.UserId#c.Score,=,1,ph.PostHistoryTypeId,=,5,u.DownVotes,>=,0#932287782609
comments c,postHistory ph,badges b,votes v,users u#u.Id=b.UserId,b.UserId=ph.UserId,ph.UserId=v.UserId,v.UserId=c.UserId#c.CreationDate,>=,1283172159,c.CreationDate,<=,1410597062,u.UpVotes,=,0#30028864
comments c,postHistory ph,badges b,votes v,users u#u.Id=b.UserId,b.UserId=ph.UserId,ph.UserId=v.UserId,v.UserId=c.UserId#v.CreationDate,<=,1409788800,u.Views,>=,0,u.Views,<=,37#82650111
comments c,postHistory ph,badges b,votes v,users u#u.Id=b.UserId,b.UserId=ph.UserId,ph.UserId=v.UserId,v.UserId=c.UserId#c.CreationDate,>=,1281536182,v.BountyAmount,>=,0,u.CreationDate,>=,1280921577#574248155440
comments c,postHistory ph,badges b,votes v,users u#u.Id=b.UserId,b.UserId=ph.UserId,ph.UserId=v.UserId,v.UserId=c.UserId#c.Score,=,0,v.CreationDate,<=,1410480000,u.UpVotes,>=,0#11886910791220
comments c,postHistory ph,badges b,votes v,users u#u.Id=b.UserId,b.UserId=ph.UserId,ph.UserId=v.UserId,v.UserId=c.UserId#b.Date,>=,1282760469,u.DownVotes,<=,0,u.CreationDate,<=,1409840746#2232847015
comments c,postHistory ph,badges b,votes v,users u#u.Id=b.UserId,b.UserId=ph.UserId,ph.UserId=v.UserId,v.UserId=c.UserId#ph.CreationDate,=,1337789087,v.CreationDate,<=,1410566400,u.Views,<=,151#5
comments c,postHistory ph,badges b,votes v,users u#u.Id=b.UserId,b.UserId=ph.UserId,ph.UserId=v.UserId,v.UserId=c.UserId#ph.PostHistoryTypeId,=,6,u.Reputation,>=,1,u.Views,<=,151#361852
comments c,postHistory ph,badges b,votes v,users u#u.Id=b.UserId,b.UserId=ph.UserId,ph.UserId=v.UserId,v.UserId=c.UserId#c.Score,=,0,c.CreationDate,=,1314643720,b.Date,<=,1409308328#22023
comments c,postHistory ph,badges b,votes v,users u#u.Id=b.UserId,b.UserId=ph.UserId,ph.UserId=v.UserId,v.UserId=c.UserId#c.CreationDate,>=,1279659073,u.CreationDate,>=,1280236655,u.CreationDate,<=,1409834429#18055636240069
comments c,postHistory ph,badges b,votes v,users u#u.Id=b.UserId,b.UserId=ph.UserId,ph.UserId=v.UserId,v.UserId=c.UserId#b.Date,>=,1279568347,b.Date,<=,1410401956,v.CreationDate,<=,1410393600#18046262502249
comments c,postHistory ph,badges b,votes v,users u#u.Id=b.UserId,b.UserId=ph.UserId,ph.UserId=v.UserId,v.UserId=c.UserId#v.CreationDate,>=,1279497600,v.CreationDate,<=,1410566400,u.UpVotes,=,0#261939
comments c,postHistory ph,badges b,votes v,users u#u.Id=b.UserId,b.UserId=ph.UserId,ph.UserId=v.UserId,v.UserId=c.UserId#u.Views,<=,74,u.UpVotes,>=,0,u.CreationDate,=,1328050066#2
comments c,postHistory ph,badges b,votes v,users u#u.Id=b.UserId,b.UserId=ph.UserId,ph.UserId=v.UserId,v.UserId=c.UserId#b.Date,>=,1279965513,b.Date,<=,1410184800,u.DownVotes,<=,0#2245441561
comments c,postHistory ph,badges b,votes v,users u#u.Id=b.UserId,b.UserId=ph.UserId,ph.UserId=v.UserId,v.UserId=c.UserId#b.Date,>=,1280839516,u.Reputation,>=,1,u.UpVotes,<=,64#1549837071
comments c,postHistory ph,badges b,votes v,users u#u.Id=b.UserId,b.UserId=ph.UserId,ph.UserId=v.UserId,v.UserId=c.UserId#b.Date,=,1328583640,u.Views,>=,0,u.Views,<=,102#2
comments c,postHistory ph,badges b,votes v,users u#u.Id=b.UserId,b.UserId=ph.UserId,ph.UserId=v.UserId,v.UserId=c.UserId#ph.PostHistoryTypeId,=,2,ph.CreationDate,<=,1408371085,v.CreationDate,<=,1410307200#5146844495631
comments c,postHistory ph,badges b,votes v,users u#u.Id=b.UserId,b.UserId=ph.UserId,ph.UserId=v.UserId,v.UserId=c.UserId#c.Score,=,0,ph.PostHistoryTypeId,=,2,b.Date,<=,1410079662#3620410570890
comments c,postHistory ph,badges b,votes v,users u#u.Id=b.UserId,b.UserId=ph.UserId,ph.UserId=v.UserId,v.UserId=c.UserId#u.Views,<=,91,u.DownVotes,>=,0,u.CreationDate,<=,1406233444#349211358
comments c,postHistory ph,badges b,votes v,users u#u.Id=b.UserId,b.UserId=ph.UserId,ph.UserId=v.UserId,v.UserId=c.UserId#ph.PostHistoryTypeId,=,2,v.BountyAmount,>=,0,u.UpVotes,<=,17#1106169
comments c,postHistory ph,badges b,votes v,users u#u.Id=b.UserId,b.UserId=ph.UserId,ph.UserId=v.UserId,v.UserId=c.UserId#b.Date,<=,1409838680,v.BountyAmount,>=,0,u.CreationDate,<=,1409753075#825189232139
comments c,postHistory ph,badges b,votes v,users u#u.Id=b.UserId,b.UserId=ph.UserId,ph.UserId=v.UserId,v.UserId=c.UserId#ph.PostHistoryTypeId,=,2,u.CreationDate,>=,1285095514,u.CreationDate,<=,1410542803#154302441
comments c,postHistory ph,badges b,votes v,users u#u.Id=b.UserId,b.UserId=ph.UserId,ph.UserId=v.UserId,v.UserId=c.UserId#v.BountyAmount,>=,0,u.Views,<=,10,u.CreationDate,<=,1409868170#1024550
comments c,postHistory ph,badges b,votes v,users u#u.Id=b.UserId,b.UserId=ph.UserId,ph.UserId=v.UserId,v.UserId=c.UserId#c.Score,=,0,u.Reputation,=,1,u.DownVotes,>=,0#236652
comments c,postHistory ph,badges b,votes v,users u#u.Id=b.UserId,b.UserId=ph.UserId,ph.UserId=v.UserId,v.UserId=c.UserId#b.Date,>=,1279568947,b.Date,<=,1409874959,u.Reputation,>=,1#17873944609761
comments c,postHistory ph,badges b,votes v,users u#u.Id=b.UserId,b.UserId=ph.UserId,ph.UserId=v.UserId,v.UserId=c.UserId#ph.CreationDate,<=,1406198925,b.Date,<=,1408226586,u.CreationDate,<=,1404984287#15497052253725
comments c,postHistory ph,badges b,votes v,users u#u.Id=b.UserId,b.UserId=ph.UserId,ph.UserId=v.UserId,v.UserId=c.UserId#ph.CreationDate,>=,1292310515,u.Views,=,0,u.UpVotes,>=,0#7477
comments c,postHistory ph,badges b,votes v,users u#u.Id=b.UserId,b.UserId=ph.UserId,ph.UserId=v.UserId,v.UserId=c.UserId#ph.CreationDate,>=,1302912636,ph.CreationDate,<=,1407246011,u.UpVotes,>=,0#2423695547
comments c,postHistory ph,badges b,votes v,users u#u.Id=b.UserId,b.UserId=ph.UserId,ph.UserId=v.UserId,v.UserId=c.UserId#u.Reputation,>=,1,u.Reputation,<=,121,u.DownVotes,<=,0#28625849
comments c,postHistory ph,badges b,votes v,users u#u.Id=b.UserId,b.UserId=ph.UserId,ph.UserId=v.UserId,v.UserId=c.UserId#ph.PostHistoryTypeId,=,2,v.BountyAmount,>=,0,u.UpVotes,<=,4#155622
comments c,postHistory ph,badges b,votes v,users u#u.Id=b.UserId,b.UserId=ph.UserId,ph.UserId=v.UserId,v.UserId=c.UserId#c.Score,=,0,c.CreationDate,>=,1282201693,ph.CreationDate,<=,1409760309#10961885228727
comments c,postHistory ph,badges b,votes v,users u#u.Id=b.UserId,b.UserId=ph.UserId,ph.UserId=v.UserId,v.UserId=c.UserId#ph.PostHistoryTypeId,=,1,b.Date,<=,1410436436,u.UpVotes,<=,260#1365963547
comments c,postHistory ph,badges b,votes v,users u#u.Id=b.UserId,b.UserId=ph.UserId,ph.UserId=v.UserId,v.UserId=c.UserId#c.Score,=,0,u.Views,>=,0,u.DownVotes,=,0#1737693926
comments c,postHistory ph,badges b,votes v,users u#u.Id=b.UserId,b.UserId=ph.UserId,ph.UserId=v.UserId,v.UserId=c.UserId#ph.PostHistoryTypeId,=,2,b.Date,>=,1287641265,u.UpVotes,>=,0#5534899868354
comments c,postHistory ph,badges b,votes v,users u#u.Id=b.UserId,b.UserId=ph.UserId,ph.UserId=v.UserId,v.UserId=c.UserId#c.Score,=,0,b.Date,<=,1409250746,u.DownVotes,>=,0#11415473304710
comments c,postHistory ph,badges b,votes v,users u#u.Id=b.UserId,b.UserId=ph.UserId,ph.UserId=v.UserId,v.UserId=c.UserId#c.Score,=,0,u.DownVotes,<=,0,u.CreationDate,>=,1280209079#1690349173
comments c,postHistory ph,badges b,votes v,users u#u.Id=b.UserId,b.UserId=ph.UserId,ph.UserId=v.UserId,v.UserId=c.UserId#ph.PostHistoryTypeId,=,3,v.CreationDate,<=,1409788800,u.DownVotes,<=,0#652664685
comments c,postHistory ph,badges b,votes v,users u#u.Id=b.UserId,b.UserId=ph.UserId,ph.UserId=v.UserId,v.UserId=c.UserId#ph.CreationDate,<=,1410477523,b.Date,>=,1280929534,u.DownVotes,>=,0#16891443376273
comments c,postHistory ph,badges b,votes v,users u#u.Id=b.UserId,b.UserId=ph.UserId,ph.UserId=v.UserId,v.UserId=c.UserId#ph.PostHistoryTypeId,=,5,u.Reputation,<=,210,u.DownVotes,<=,4#303897
comments c,postHistory ph,badges b,votes v,users u#u.Id=b.UserId,b.UserId=ph.UserId,ph.UserId=v.UserId,v.UserId=c.UserId#ph.PostHistoryTypeId,=,1,u.CreationDate,>=,1280409578,u.CreationDate,<=,1409975387#76861706
comments c,postHistory ph,badges b,votes v,users u#u.Id=b.UserId,b.UserId=ph.UserId,ph.UserId=v.UserId,v.UserId=c.UserId#b.Date,=,1366761699,v.CreationDate,=,1329350400,u.CreationDate,>=,1280197684#252
comments c,postHistory ph,badges b,votes v,users u#u.Id=b.UserId,b.UserId=ph.UserId,ph.UserId=v.UserId,v.UserId=c.UserId#c.Score,=,0,v.BountyAmount,>=,0,v.CreationDate,>=,1279497600#598102953346
comments c,postHistory ph,badges b,votes v,users u#u.Id=b.UserId,b.UserId=ph.UserId,ph.UserId=v.UserId,v.UserId=c.UserId#c.Score,=,0,v.VoteTypeId,=,5,u.DownVotes,>=,0#11289829646541
comments c,postHistory ph,badges b,votes v,users u#u.Id=b.UserId,b.UserId=ph.UserId,ph.UserId=v.UserId,v.UserId=c.UserId#c.CreationDate,>=,1280170547,ph.PostHistoryTypeId,=,5,u.DownVotes,<=,0#327935054
comments c,postHistory ph,badges b,votes v,users u#u.Id=b.UserId,b.UserId=ph.UserId,ph.UserId=v.UserId,v.UserId=c.UserId#c.Score,=,0,u.DownVotes,>=,0,u.DownVotes,<=,0#1737695653
comments c,postHistory ph,badges b,votes v,users u#u.Id=b.UserId,b.UserId=ph.UserId,ph.UserId=v.UserId,v.UserId=c.UserId#ph.PostHistoryTypeId,=,1,u.Reputation,>=,1,u.Reputation,<=,198#451019
comments c,postHistory ph,badges b,votes v,users u#u.Id=b.UserId,b.UserId=ph.UserId,ph.UserId=v.UserId,v.UserId=c.UserId#ph.PostHistoryTypeId,=,5,u.Views,<=,83,u.CreationDate,<=,1409614529#1427564
comments c,postHistory ph,badges b,votes v,users u#u.Id=b.UserId,b.UserId=ph.UserId,ph.UserId=v.UserId,v.UserId=c.UserId#ph.CreationDate,<=,1405605172,v.CreationDate,>=,1279497600,u.UpVotes,=,0#201751
comments c,postHistory ph,badges b,votes v,users u#u.Id=b.UserId,b.UserId=ph.UserId,ph.UserId=v.UserId,v.UserId=c.UserId#c.CreationDate,>=,1280788725,c.CreationDate,<=,1410517547,ph.PostHistoryTypeId,=,3#2645004813629
comments c,postHistory ph,badges b,votes v,users u#u.Id=b.UserId,b.UserId=ph.UserId,ph.UserId=v.UserId,v.UserId=c.UserId#c.Score,=,0,v.BountyAmount,<=,100,u.UpVotes,<=,9#1119106
comments c,postHistory ph,badges b,votes v,users u#u.Id=b.UserId,b.UserId=ph.UserId,ph.UserId=v.UserId,v.UserId=c.UserId#ph.PostHistoryTypeId,=,3,b.Date,>=,1283375020,v.CreationDate,=,1379894400#1541654182
comments c,postHistory ph,badges b,votes v,users u#u.Id=b.UserId,b.UserId=ph.UserId,ph.UserId=v.UserId,v.UserId=c.UserId#c.CreationDate,>=,1280399599,b.Date,>=,1280222025,b.Date,<=,1410179364#17881572457175
comments c,postHistory ph,badges b,votes v,users u#u.Id=b.UserId,b.UserId=ph.UserId,ph.UserId=v.UserId,v.UserId=c.UserId#v.CreationDate,<=,1410220800,u.UpVotes,>=,0,u.UpVotes,<=,19#54563500
comments c,postHistory ph,badges b,votes v,users u#u.Id=b.UserId,b.UserId=ph.UserId,ph.UserId=v.UserId,v.UserId=c.UserId#v.BountyAmount,>=,0,u.Reputation,>=,1,u.DownVotes,>=,0#927308571649
comments c,postHistory ph,badges b,votes v,users u#u.Id=b.UserId,b.UserId=ph.UserId,ph.UserId=v.UserId,v.UserId=c.UserId#c.CreationDate,>=,1279744955,ph.PostHistoryTypeId,=,2,ph.CreationDate,<=,1409136811#5166493612857
comments c,postHistory ph,badges b,votes v,users u#u.Id=b.UserId,b.UserId=ph.UserId,ph.UserId=v.UserId,v.UserId=c.UserId#c.Score,=,0,v.BountyAmount,>=,0,v.CreationDate,<=,1410480000#598053442465
comments c,postHistory ph,badges b,votes v,users u#u.Id=b.UserId,b.UserId=ph.UserId,ph.UserId=v.UserId,v.UserId=c.UserId#ph.PostHistoryTypeId,=,5,b.Date,>=,1279718592,u.UpVotes,>=,0#4310404599595
comments c,postHistory ph,badges b,votes v,users u#u.Id=b.UserId,b.UserId=ph.UserId,ph.UserId=v.UserId,v.UserId=c.UserId#ph.PostHistoryTypeId,=,4,ph.CreationDate,>=,1289342281,v.BountyAmount,<=,50#32138995042
comments c,postHistory ph,badges b,votes v,users u#u.Id=b.UserId,b.UserId=ph.UserId,ph.UserId=v.UserId,v.UserId=c.UserId#c.CreationDate,>=,1280848839,v.CreationDate,>=,1279584000,u.UpVotes,<=,9#15437089
comments c,postHistory ph,badges b,votes v,users u#u.Id=b.UserId,b.UserId=ph.UserId,ph.UserId=v.UserId,v.UserId=c.UserId#ph.PostHistoryTypeId,=,2,v.BountyAmount,>=,0,u.Views,<=,14#453435
comments c,postHistory ph,badges b,votes v,users u#u.Id=b.UserId,b.UserId=ph.UserId,ph.UserId=v.UserId,v.UserId=c.UserId#ph.PostHistoryTypeId,=,1,u.Reputation,<=,146,u.Views,>=,0#325282
comments c,postHistory ph,badges b,votes v,users u#u.Id=b.UserId,b.UserId=ph.UserId,ph.UserId=v.UserId,v.UserId=c.UserId#u.UpVotes,>=,0,u.CreationDate,>=,1281814642,u.CreationDate,<=,1409090075#2437934130650
comments c,postHistory ph,badges b,votes v,users u#u.Id=b.UserId,b.UserId=ph.UserId,ph.UserId=v.UserId,v.UserId=c.UserId#ph.CreationDate,<=,1409834505,v.CreationDate,<=,1410393600,u.CreationDate,>=,1279619031#16830287057238
comments c,postHistory ph,badges b,votes v,users u#u.Id=b.UserId,b.UserId=ph.UserId,ph.UserId=v.UserId,v.UserId=c.UserId#ph.PostHistoryTypeId,=,3,b.Date,>=,1283478855,u.Reputation,>=,1#2636256227120
comments c,postHistory ph,badges b,votes v,users u#u.Id=b.UserId,b.UserId=ph.UserId,ph.UserId=v.UserId,v.UserId=c.UserId#c.Score,=,0,b.Date,<=,1409420903,v.BountyAmount,<=,100#477397956164
comments c,postHistory ph,badges b,votes v,users u#u.Id=b.UserId,b.UserId=ph.UserId,ph.UserId=v.UserId,v.UserId=c.UserId#c.Score,=,0,v.CreationDate,>=,1279497600,u.Views,>=,0#11887753354415
comments c,postHistory ph,badges b,votes v,users u#u.Id=b.UserId,b.UserId=ph.UserId,ph.UserId=v.UserId,v.UserId=c.UserId#c.Score,=,0,v.BountyAmount,<=,100,v.CreationDate,>=,1280188800#540508137668
comments c,postHistory ph,badges b,votes v,users u#u.Id=b.UserId,b.UserId=ph.UserId,ph.UserId=v.UserId,v.UserId=c.UserId#v.CreationDate,>=,1233532800,u.Reputation,>=,1,u.Reputation,<=,141#12097287
comments c,postHistory ph,badges b,votes v,users u#u.Id=b.UserId,b.UserId=ph.UserId,ph.UserId=v.UserId,v.UserId=c.UserId#c.Score,=,0,u.CreationDate,>=,1281939383,u.CreationDate,<=,1409816780#1535811824411
comments c,postHistory ph,badges b,votes v,users u#u.Id=b.UserId,b.UserId=ph.UserId,ph.UserId=v.UserId,v.UserId=c.UserId#ph.PostHistoryTypeId,=,6,u.DownVotes,>=,0,u.UpVotes,>=,0#337590337
comments c,posts p,votes v,badges b,users u#u.Id=c.UserId,c.UserId=p.OwnerUserId,p.OwnerUserId=v.UserId,v.UserId=b.UserId#p.CommentCount,>=,0,p.FavoriteCount,<=,3,u.UpVotes,<=,20#349180
comments c,posts p,votes v,badges b,users u#u.Id=c.UserId,c.UserId=p.OwnerUserId,p.OwnerUserId=v.UserId,v.UserId=b.UserId#p.PostTypeId,=,2,u.Views,>=,0,u.Views,<=,77#1308083
comments c,posts p,votes v,badges b,users u#u.Id=c.UserId,c.UserId=p.OwnerUserId,p.OwnerUserId=v.UserId,v.UserId=b.UserId#u.Reputation,>=,1,u.Views,=,0,u.DownVotes,<=,0#10001
comments c,posts p,votes v,badges b,users u#u.Id=c.UserId,c.UserId=p.OwnerUserId,p.OwnerUserId=v.UserId,v.UserId=b.UserId#v.CreationDate,=,1392595200,b.Date,<=,1410258275,u.Reputation,<=,151#114
comments c,posts p,votes v,badges b,users u#u.Id=c.UserId,c.UserId=p.OwnerUserId,p.OwnerUserId=v.UserId,v.UserId=b.UserId#p.PostTypeId,=,1,p.FavoriteCount,<=,9,v.CreationDate,>=,1279584000#9402341
comments c,posts p,votes v,badges b,users u#u.Id=c.UserId,c.UserId=p.OwnerUserId,p.OwnerUserId=v.UserId,v.UserId=b.UserId#p.Score,=,0,p.AnswerCount,<=,6,b.Date,>=,1279619949#1902380
comments c,posts p,votes v,badges b,users u#u.Id=c.UserId,c.UserId=p.OwnerUserId,p.OwnerUserId=v.UserId,v.UserId=b.UserId#p.CommentCount,>=,0,p.CommentCount,<=,12,p.FavoriteCount,<=,9#9443618
comments c,posts p,votes v,badges b,users u#u.Id=c.UserId,c.UserId=p.OwnerUserId,p.OwnerUserId=v.UserId,v.UserId=b.UserId#p.PostTypeId,=,1,p.Score,<=,12,p.FavoriteCount,>=,0#9455459
comments c,posts p,votes v,badges b,users u#u.Id=c.UserId,c.UserId=p.OwnerUserId,p.OwnerUserId=v.UserId,v.UserId=b.UserId#c.Score,=,0,p.PostTypeId,=,2,p.ViewCount,=,0#3230
comments c,posts p,votes v,badges b,users u#u.Id=c.UserId,c.UserId=p.OwnerUserId,p.OwnerUserId=v.UserId,v.UserId=b.UserId#c.CreationDate,<=,1409589540,p.CommentCount,<=,14,v.BountyAmount,<=,100#504465486
comments c,posts p,votes v,badges b,users u#u.Id=c.UserId,c.UserId=p.OwnerUserId,p.OwnerUserId=v.UserId,v.UserId=b.UserId#p.AnswerCount,<=,5,u.Reputation,>=,1,u.DownVotes,=,0#3139960
comments c,posts p,votes v,badges b,users u#u.Id=c.UserId,c.UserId=p.OwnerUserId,p.OwnerUserId=v.UserId,v.UserId=b.UserId#p.CommentCount,>=,0,v.CreationDate,<=,1410566400,b.Date,<=,1410261273#522672105
comments c,posts p,votes v,badges b,users u#u.Id=c.UserId,c.UserId=p.OwnerUserId,p.OwnerUserId=v.UserId,v.UserId=b.UserId#p.PostTypeId,=,1,p.AnswerCount,>=,0,u.Reputation,>=,1#21799444
comments c,posts p,votes v,badges b,users u#u.Id=c.UserId,c.UserId=p.OwnerUserId,p.OwnerUserId=v.UserId,v.UserId=b.UserId#c.CreationDate,<=,1410464566,p.AnswerCount,<=,5,p.CreationDate,<=,1409265626#20628606
comments c,posts p,votes v,badges b,users u#u.Id=c.UserId,c.UserId=p.OwnerUserId,p.OwnerUserId=v.UserId,v.UserId=b.UserId#p.AnswerCount,<=,8,u.Reputation,<=,231,u.Views,>=,0#294244
comments c,posts p,votes v,badges b,users u#u.Id=c.UserId,c.UserId=p.OwnerUserId,p.OwnerUserId=v.UserId,v.UserId=b.UserId#p.CreationDate,<=,1410486782,u.DownVotes,<=,0,u.UpVotes,>=,0#5947005
comments c,posts p,votes v,badges b,users u#u.Id=c.UserId,c.UserId=p.OwnerUserId,p.OwnerUserId=v.UserId,v.UserId=b.UserId#u.DownVotes,>=,0,u.UpVotes,<=,121,u.CreationDate,<=,1409009612#8800892
comments c,posts p,votes v,badges b,users u#u.Id=c.UserId,c.UserId=p.OwnerUserId,p.OwnerUserId=v.UserId,v.UserId=b.UserId#p.AnswerCount,=,0,v.VoteTypeId,=,5,u.Reputation,>=,1#4260856
comments c,posts p,votes v,badges b,users u#u.Id=c.UserId,c.UserId=p.OwnerUserId,p.OwnerUserId=v.UserId,v.UserId=b.UserId#p.Score,<=,8,p.FavoriteCount,=,0,u.DownVotes,>=,0#377073
comments c,posts p,votes v,badges b,users u#u.Id=c.UserId,c.UserId=p.OwnerUserId,p.OwnerUserId=v.UserId,v.UserId=b.UserId#p.AnswerCount,=,1,p.CommentCount,>=,0,p.FavoriteCount,<=,5#3479198
comments c,posts p,votes v,badges b,users u#u.Id=c.UserId,c.UserId=p.OwnerUserId,p.OwnerUserId=v.UserId,v.UserId=b.UserId#v.VoteTypeId,=,5,u.Reputation,<=,529,u.DownVotes,<=,1#3029038
comments c,posts p,postHistory ph,badges b,users u#u.Id=c.UserId,u.Id=p.OwnerUserId,u.Id=ph.UserId,u.Id=b.UserId#p.ViewCount,>=,0,p.CommentCount,<=,10,u.UpVotes,<=,64#4319323722
comments c,posts p,postHistory ph,badges b,users u#u.Id=c.UserId,u.Id=p.OwnerUserId,u.Id=ph.UserId,u.Id=b.UserId#p.CreationDate,>=,1280197196,ph.CreationDate,<=,1409072252,u.Views,=,1#793542
comments c,posts p,postHistory ph,badges b,users u#u.Id=c.UserId,u.Id=p.OwnerUserId,u.Id=ph.UserId,u.Id=b.UserId#ph.PostHistoryTypeId,=,5,u.DownVotes,>=,0,u.UpVotes,<=,37#21656733
comments c,posts p,postHistory ph,badges b,users u#u.Id=c.UserId,u.Id=p.OwnerUserId,u.Id=ph.UserId,u.Id=b.UserId#c.CreationDate,=,1318453813,p.AnswerCount,<=,5,ph.PostHistoryTypeId,=,2#1050
comments c,posts p,postHistory ph,badges b,users u#u.Id=c.UserId,u.Id=p.OwnerUserId,u.Id=ph.UserId,u.Id=b.UserId#p.AnswerCount,>=,0,p.AnswerCount,<=,3,u.DownVotes,<=,1#8752358319
comments c,posts p,postHistory ph,badges b,users u#u.Id=c.UserId,u.Id=p.OwnerUserId,u.Id=ph.UserId,u.Id=b.UserId#p.Score,<=,16,ph.CreationDate,>=,1285519010,u.Views,>=,0#85841678851507
comments c,posts p,postHistory ph,badges b,users u#u.Id=c.UserId,u.Id=p.OwnerUserId,u.Id=ph.UserId,u.Id=b.UserId#c.CreationDate,<=,1410544981,p.Score,>=,-1,p.AnswerCount,=,1#212319711389
comments c,posts p,postHistory ph,badges b,users u#u.Id=c.UserId,u.Id=p.OwnerUserId,u.Id=ph.UserId,u.Id=b.UserId#p.ViewCount,<=,6550,ph.CreationDate,>=,1291991440,ph.CreationDate,<=,1408079963#412022931561
comments c,posts p,postHistory ph,badges b,users u#u.Id=c.UserId,u.Id=p.OwnerUserId,u.Id=ph.UserId,u.Id=b.UserId#c.CreationDate,>=,1279929563,ph.PostHistoryTypeId,=,5,b.Date,<=,1410404439#22481621336257
comments c,posts p,postHistory ph,badges b,users u#u.Id=c.UserId,u.Id=p.OwnerUserId,u.Id=ph.UserId,u.Id=b.UserId#p.ViewCount,<=,2382,u.CreationDate,>=,1280326434,u.CreationDate,<=,1409834519#9920015579222
comments c,posts p,postHistory ph,badges b,users u#u.Id=c.UserId,u.Id=p.OwnerUserId,u.Id=ph.UserId,u.Id=b.UserId#p.PostTypeId,=,1,p.CreationDate,=,1375135401,u.UpVotes,<=,152#106
comments c,posts p,postHistory ph,badges b,users u#u.Id=c.UserId,u.Id=p.OwnerUserId,u.Id=ph.UserId,u.Id=b.UserId#ph.CreationDate,>=,1283420708,u.Views,<=,641,u.UpVotes,>=,0#834730131
comments c,posts p,postHistory ph,badges b,users u#u.Id=c.UserId,u.Id=p.OwnerUserId,u.Id=ph.UserId,u.Id=b.UserId#p.PostTypeId,=,2,p.Score,>=,-1,p.CreationDate,>=,1281152846#89235719980617
comments c,posts p,postHistory ph,badges b,users u#u.Id=c.UserId,u.Id=p.OwnerUserId,u.Id=ph.UserId,u.Id=b.UserId#p.CommentCount,>=,0,ph.CreationDate,>=,1282292744,u.Reputation,<=,1162#8138532322
comments c,posts p,postHistory ph,badges b,users u#u.Id=c.UserId,u.Id=p.OwnerUserId,u.Id=ph.UserId,u.Id=b.UserId#p.AnswerCount,>=,0,ph.CreationDate,>=,1306743688,b.Date,>=,1279571947#446564296159
comments c,posts p,postHistory ph,badges b,users u#u.Id=c.UserId,u.Id=p.OwnerUserId,u.Id=ph.UserId,u.Id=b.UserId#c.Score,=,0,b.Date,>=,1280222024,u.Views,>=,0#59460850666047
comments c,posts p,postHistory ph,badges b,users u#u.Id=c.UserId,u.Id=p.OwnerUserId,u.Id=ph.UserId,u.Id=b.UserId#c.CreationDate,<=,1410520225,ph.CreationDate,>=,1279725201,u.Reputation,>=,1#88918006568930
comments c,posts p,postHistory ph,badges b,users u#u.Id=c.UserId,u.Id=p.OwnerUserId,u.Id=ph.UserId,u.Id=b.UserId#c.CreationDate,>=,1279568060,p.CommentCount,>=,0,ph.CreationDate,<=,1406476672#84053420131117
comments c,posts p,postHistory ph,badges b,users u#u.Id=c.UserId,u.Id=p.OwnerUserId,u.Id=ph.UserId,u.Id=b.UserId#p.PostTypeId,=,1,p.AnswerCount,>=,0,p.CommentCount,>=,0#528805578308
comments c,posts p,postHistory ph,badges b,users u#u.Id=c.UserId,u.Id=p.OwnerUserId,u.Id=ph.UserId,u.Id=b.UserId#p.AnswerCount,>=,0,p.CommentCount,<=,32,p.CreationDate,<=,1410419696#523983480696
comments c,posts p,postHistory ph,badges b,users u#u.Id=c.UserId,u.Id=p.OwnerUserId,u.Id=ph.UserId,u.Id=b.UserId#ph.CreationDate,<=,1409885652,b.Date,>=,1280333034,u.UpVotes,>=,0#89257748711801
comments c,posts p,postHistory ph,badges b,users u#u.Id=c.UserId,u.Id=p.OwnerUserId,u.Id=ph.UserId,u.Id=b.UserId#p.ViewCount,<=,18140,u.DownVotes,<=,24,u.UpVotes,<=,151#6926491387
comments c,posts p,postHistory ph,badges b,users u#u.Id=c.UserId,u.Id=p.OwnerUserId,u.Id=ph.UserId,u.Id=b.UserId#p.Score,>=,-1,p.CreationDate,<=,1409866118,u.Reputation,>=,1#95179109744455
comments c,posts p,postHistory ph,badges b,users u#u.Id=c.UserId,u.Id=p.OwnerUserId,u.Id=ph.UserId,u.Id=b.UserId#c.Score,=,0,p.CreationDate,>=,1279577609,ph.PostHistoryTypeId,=,5#14689281788168
comments c,posts p,postHistory ph,badges b,users u#u.Id=c.UserId,u.Id=p.OwnerUserId,u.Id=ph.UserId,u.Id=b.UserId#c.CreationDate,>=,1280962219,c.CreationDate,<=,1410651862,p.CommentCount,=,0#38789700830763
comments c,posts p,postHistory ph,badges b,users u#u.Id=c.UserId,u.Id=p.OwnerUserId,u.Id=ph.UserId,u.Id=b.UserId#p.ViewCount,=,51,p.CreationDate,<=,1409907900,u.Reputation,>=,1#1688964552
comments c,posts p,postHistory ph,badges b,users u#u.Id=c.UserId,u.Id=p.OwnerUserId,u.Id=ph.UserId,u.Id=b.UserId#p.FavoriteCount,>=,0,p.FavoriteCount,<=,16,u.DownVotes,>=,0#272857954086
comments c,posts p,postHistory ph,badges b,users u#u.Id=c.UserId,u.Id=p.OwnerUserId,u.Id=ph.UserId,u.Id=b.UserId#p.Score,>=,0,ph.PostHistoryTypeId,=,3,b.Date,<=,1409724853#13804048720352
comments c,posts p,postHistory ph,badges b,users u#u.Id=c.UserId,u.Id=p.OwnerUserId,u.Id=ph.UserId,u.Id=b.UserId#p.AnswerCount,>=,0,p.CreationDate,>=,1281513004,u.CreationDate,>=,1279579097#515072402519
comments c,posts p,postHistory ph,badges b,users u#u.Id=c.UserId,u.Id=p.OwnerUserId,u.Id=ph.UserId,u.Id=b.UserId#p.PostTypeId,=,1,p.Score,<=,18,u.DownVotes,=,0#7978493001
comments c,posts p,postHistory ph,badges b,users u#u.Id=c.UserId,u.Id=p.OwnerUserId,u.Id=ph.UserId,u.Id=b.UserId#p.PostTypeId,=,1,u.Views,>=,0,u.Views,<=,14#87560953
comments c,posts p,postHistory ph,badges b,users u#u.Id=c.UserId,u.Id=p.OwnerUserId,u.Id=ph.UserId,u.Id=b.UserId#p.FavoriteCount,>=,0,b.Date,>=,1281123747,b.Date,<=,1410520540#281685009966
comments c,posts p,postHistory ph,badges b,users u#u.Id=c.UserId,u.Id=p.OwnerUserId,u.Id=ph.UserId,u.Id=b.UserId#u.Reputation,=,3,u.UpVotes,>=,0,u.UpVotes,<=,24#444269
comments c,posts p,postHistory ph,badges b,users u#u.Id=c.UserId,u.Id=p.OwnerUserId,u.Id=ph.UserId,u.Id=b.UserId#p.ViewCount,>=,0,ph.PostHistoryTypeId,=,5,u.Views,>=,0#120591407999
comments c,posts p,postHistory ph,badges b,users u#u.Id=c.UserId,u.Id=p.OwnerUserId,u.Id=ph.UserId,u.Id=b.UserId#p.CommentCount,>=,0,ph.CreationDate,=,1309854752,u.Views,<=,90#4
tags t,posts p,postHistory ph,votes v,users u#p.Id=t.ExcerptPostId,p.Id=ph.PostId,p.Id=v.PostId,p.OwnerUserId=u.Id#ph.CreationDate,<=,1409302462,v.VoteTypeId,=,2,u.UpVotes,>=,0#464
tags t,posts p,postHistory ph,votes v,users u#p.Id=t.ExcerptPostId,p.Id=ph.PostId,p.Id=v.PostId,p.OwnerUserId=u.Id#t.Count,<=,386,ph.PostHistoryTypeId,=,3,u.DownVotes,>=,0#640
tags t,posts p,postHistory ph,votes v,users u#p.Id=t.ExcerptPostId,p.Id=ph.PostId,p.Id=v.PostId,p.OwnerUserId=u.Id#v.VoteTypeId,=,2,u.Views,>=,0,u.UpVotes,<=,57#281
tags t,posts p,postHistory ph,votes v,users u#p.Id=t.ExcerptPostId,p.Id=ph.PostId,p.Id=v.PostId,p.OwnerUserId=u.Id#u.Views,>=,0,u.DownVotes,>=,0,u.DownVotes,<=,12#3808
tags t,posts p,postHistory ph,votes v,users u#p.Id=t.ExcerptPostId,p.Id=ph.PostId,p.Id=v.PostId,p.OwnerUserId=u.Id#t.Count,<=,535,p.FavoriteCount,>=,0,u.CreationDate,>=,1281061355#2
tags t,posts p,postHistory ph,votes v,users u#p.Id=t.ExcerptPostId,p.Id=ph.PostId,p.Id=v.PostId,p.OwnerUserId=u.Id#v.VoteTypeId,=,2,u.Reputation,>=,1,u.DownVotes,>=,0#477
tags t,posts p,postHistory ph,votes v,users u#p.Id=t.ExcerptPostId,p.Id=ph.PostId,p.Id=v.PostId,p.OwnerUserId=u.Id#ph.PostHistoryTypeId,=,5,v.VoteTypeId,=,2,u.Views,>=,0#135
tags t,posts p,postHistory ph,votes v,users u#p.Id=t.ExcerptPostId,p.Id=ph.PostId,p.Id=v.PostId,p.OwnerUserId=u.Id#p.CommentCount,<=,14,v.VoteTypeId,=,2,u.Reputation,>=,1#473
tags t,posts p,postHistory ph,votes v,users u#p.Id=t.ExcerptPostId,p.Id=ph.PostId,p.Id=v.PostId,p.OwnerUserId=u.Id#t.Count,>=,2,ph.PostHistoryTypeId,=,5,v.VoteTypeId,=,9#5
tags t,posts p,postHistory ph,votes v,users u#p.Id=t.ExcerptPostId,p.Id=ph.PostId,p.Id=v.PostId,p.OwnerUserId=u.Id#p.Score,>=,0,p.Score,<=,23,v.CreationDate,>=,1279584000#564
tags t,posts p,postHistory ph,votes v,users u#p.Id=t.ExcerptPostId,p.Id=ph.PostId,p.Id=v.PostId,p.OwnerUserId=u.Id#t.Count,<=,581,v.CreationDate,>=,1279497600,u.CreationDate,<=,1407239585#4886
tags t,posts p,postHistory ph,votes v,users u#p.Id=t.ExcerptPostId,p.Id=ph.PostId,p.Id=v.PostId,p.OwnerUserId=u.Id#t.Count,>=,2,t.Count,<=,83,ph.PostHistoryTypeId,=,6#131
tags t,posts p,postHistory ph,votes v,users u#p.Id=t.ExcerptPostId,p.Id=ph.PostId,p.Id=v.PostId,p.OwnerUserId=u.Id#ph.CreationDate,>=,1281103317,v.BountyAmount,>=,0,v.CreationDate,<=,1410480000#4
tags t,posts p,postHistory ph,votes v,users u#p.Id=t.ExcerptPostId,p.Id=ph.PostId,p.Id=v.PostId,p.OwnerUserId=u.Id#p.Score,>=,-2,v.VoteTypeId,=,2,u.UpVotes,>=,0#479
tags t,posts p,postHistory ph,votes v,users u#p.Id=t.ExcerptPostId,p.Id=ph.PostId,p.Id=v.PostId,p.OwnerUserId=u.Id#ph.CreationDate,>=,1279668529,u.Views,>=,0,u.UpVotes,>=,0#2547
tags t,posts p,postHistory ph,votes v,users u#p.Id=t.ExcerptPostId,p.Id=ph.PostId,p.Id=v.PostId,p.OwnerUserId=u.Id#p.CreationDate,>=,1280145191,ph.PostHistoryTypeId,=,3,u.Views,<=,215#154
tags t,posts p,postHistory ph,votes v,users u#p.Id=t.ExcerptPostId,p.Id=ph.PostId,p.Id=v.PostId,p.OwnerUserId=u.Id#p.Score,>=,-1,v.VoteTypeId,=,16,u.Reputation,>=,1#13
tags t,posts p,postHistory ph,votes v,users u#p.Id=t.ExcerptPostId,p.Id=ph.PostId,p.Id=v.PostId,p.OwnerUserId=u.Id#p.CommentCount,>=,0,p.FavoriteCount,>=,0,u.UpVotes,>=,0#3
tags t,posts p,postHistory ph,votes v,users u#p.Id=t.ExcerptPostId,p.Id=ph.PostId,p.Id=v.PostId,p.OwnerUserId=u.Id#p.Score,<=,21,v.VoteTypeId,=,2,u.CreationDate,>=,1289098857#337
comments c,postLinks pl,posts p,users u,badges b#p.Id=pl.RelatedPostId,p.Id=c.PostId,u.Id=b.UserId,u.Id=p.OwnerUserId#u.DownVotes,<=,4,u.CreationDate,<=,1403981182,b.Date,>=,1280222025#147513
comments c,postLinks pl,posts p,users u,badges b#p.Id=pl.RelatedPostId,p.Id=c.PostId,u.Id=b.UserId,u.Id=p.OwnerUserId#c.Score,=,0,pl.CreationDate,>=,1310587147,p.PostTypeId,=,1#17084
comments c,postLinks pl,posts p,users u,badges b#p.Id=pl.RelatedPostId,p.Id=c.PostId,u.Id=b.UserId,u.Id=p.OwnerUserId#c.CreationDate,>=,1280534998,c.CreationDate,<=,1410444831,pl.LinkTypeId,=,1#26597
comments c,postLinks pl,posts p,users u,badges b#p.Id=pl.RelatedPostId,p.Id=c.PostId,u.Id=b.UserId,u.Id=p.OwnerUserId#c.CreationDate,<=,1410546781,p.AnswerCount,<=,5,p.FavoriteCount,>=,0#15763
comments c,postLinks pl,posts p,users u,badges b#p.Id=pl.RelatedPostId,p.Id=c.PostId,u.Id=b.UserId,u.Id=p.OwnerUserId#p.AnswerCount,<=,3,u.Views,<=,15,b.Date,<=,1410661888#30403
comments c,postLinks pl,posts p,users u,badges b#p.Id=pl.RelatedPostId,p.Id=c.PostId,u.Id=b.UserId,u.Id=p.OwnerUserId#u.Reputation,=,1,u.Views,>=,0,u.Views,<=,113#2085
comments c,postLinks pl,posts p,users u,badges b#p.Id=pl.RelatedPostId,p.Id=c.PostId,u.Id=b.UserId,u.Id=p.OwnerUserId#p.PostTypeId,=,1,p.FavoriteCount,<=,5,b.Date,>=,1282146546#103440
comments c,postLinks pl,posts p,users u,badges b#p.Id=pl.RelatedPostId,p.Id=c.PostId,u.Id=b.UserId,u.Id=p.OwnerUserId#p.ViewCount,>=,0,p.CommentCount,=,7,p.CreationDate,>=,1280173905#1620
comments c,postLinks pl,posts p,users u,badges b#p.Id=pl.RelatedPostId,p.Id=c.PostId,u.Id=b.UserId,u.Id=p.OwnerUserId#p.ViewCount,<=,13526,u.Reputation,>=,1,u.Reputation,<=,3000#92653
comments c,postLinks pl,posts p,users u,badges b#p.Id=pl.RelatedPostId,p.Id=c.PostId,u.Id=b.UserId,u.Id=p.OwnerUserId#p.ViewCount,<=,5607,p.AnswerCount,<=,11,p.FavoriteCount,>=,0#13869
comments c,postLinks pl,posts p,users u,badges b#p.Id=pl.RelatedPostId,p.Id=c.PostId,u.Id=b.UserId,u.Id=p.OwnerUserId#c.Score,=,0,p.PostTypeId,=,2,u.DownVotes,>=,0#4037
comments c,postLinks pl,posts p,users u,badges b#p.Id=pl.RelatedPostId,p.Id=c.PostId,u.Id=b.UserId,u.Id=p.OwnerUserId#c.Score,=,0,p.AnswerCount,>=,0,p.CreationDate,<=,1410285605#17469
comments c,postLinks pl,posts p,users u,badges b#p.Id=pl.RelatedPostId,p.Id=c.PostId,u.Id=b.UserId,u.Id=p.OwnerUserId#c.Score,=,0,u.Views,=,0,u.DownVotes,=,0#71
comments c,postLinks pl,posts p,users u,badges b#p.Id=pl.RelatedPostId,p.Id=c.PostId,u.Id=b.UserId,u.Id=p.OwnerUserId#pl.LinkTypeId,=,1,p.PostTypeId,=,1,u.Reputation,=,1#194
comments c,postLinks pl,posts p,users u,badges b#p.Id=pl.RelatedPostId,p.Id=c.PostId,u.Id=b.UserId,u.Id=p.OwnerUserId#u.DownVotes,<=,1,b.Date,>=,1281016895,b.Date,<=,1409233788#125402
comments c,postLinks pl,posts p,users u,badges b#p.Id=pl.RelatedPostId,p.Id=c.PostId,u.Id=b.UserId,u.Id=p.OwnerUserId#p.PostTypeId,=,2,u.Views,>=,0,u.UpVotes,<=,60#12
comments c,postLinks pl,posts p,users u,badges b#p.Id=pl.RelatedPostId,p.Id=c.PostId,u.Id=b.UserId,u.Id=p.OwnerUserId#c.Score,=,0,c.CreationDate,>=,1281066157,p.Score,=,2#1720
comments c,postLinks pl,posts p,users u,badges b#p.Id=pl.RelatedPostId,p.Id=c.PostId,u.Id=b.UserId,u.Id=p.OwnerUserId#pl.CreationDate,<=,1404547389,u.CreationDate,<=,1410395417,b.Date,<=,1409851540#201097
comments c,postLinks pl,posts p,users u,badges b#p.Id=pl.RelatedPostId,p.Id=c.PostId,u.Id=b.UserId,u.Id=p.OwnerUserId#c.Score,=,0,p.ViewCount,<=,5394,p.CreationDate,>=,1279567907#13398
comments c,postLinks pl,posts p,users u,badges b#p.Id=pl.RelatedPostId,p.Id=c.PostId,u.Id=b.UserId,u.Id=p.OwnerUserId#pl.LinkTypeId,=,1,p.Score,>=,-1,p.AnswerCount,=,0#2639
comments c,postLinks pl,posts p,users u,badges b#p.Id=pl.RelatedPostId,p.Id=c.PostId,u.Id=b.UserId,u.Id=p.OwnerUserId#c.Score,=,1,u.CreationDate,>=,1287850678,u.CreationDate,<=,1409755284#1907
comments c,postLinks pl,posts p,users u,badges b#p.Id=pl.RelatedPostId,p.Id=c.PostId,u.Id=b.UserId,u.Id=p.OwnerUserId#u.Reputation,<=,425,u.DownVotes,>=,0,u.DownVotes,<=,2#84945
comments c,postLinks pl,posts p,users u,badges b#p.Id=pl.RelatedPostId,p.Id=c.PostId,u.Id=b.UserId,u.Id=p.OwnerUserId#c.Score,=,0,c.CreationDate,>=,1279578673,pl.CreationDate,<=,1407089969#20105
comments c,postLinks pl,posts p,users u,badges b#p.Id=pl.RelatedPostId,p.Id=c.PostId,u.Id=b.UserId,u.Id=p.OwnerUserId#c.Score,=,2,u.CreationDate,<=,1409580375,b.Date,>=,1279568350#12053
comments c,postLinks pl,posts p,users u,badges b#p.Id=pl.RelatedPostId,p.Id=c.PostId,u.Id=b.UserId,u.Id=p.OwnerUserId#p.FavoriteCount,>=,0,p.CreationDate,>=,1279567692,u.DownVotes,<=,0#86106
comments c,postLinks pl,posts p,users u,badges b#p.Id=pl.RelatedPostId,p.Id=c.PostId,u.Id=b.UserId,u.Id=p.OwnerUserId#c.Score,=,0,c.CreationDate,>=,1279818684,p.Score,<=,10#12266
comments c,postLinks pl,posts p,users u,badges b#p.Id=pl.RelatedPostId,p.Id=c.PostId,u.Id=b.UserId,u.Id=p.OwnerUserId#c.Score,=,0,c.CreationDate,<=,1410492240,u.DownVotes,>=,0#21903
comments c,postLinks pl,posts p,users u,badges b#p.Id=pl.RelatedPostId,p.Id=c.PostId,u.Id=b.UserId,u.Id=p.OwnerUserId#p.Score,<=,17,u.Reputation,<=,231,u.DownVotes,<=,1#56825
comments c,postLinks pl,posts p,users u,badges b#p.Id=pl.RelatedPostId,p.Id=c.PostId,u.Id=b.UserId,u.Id=p.OwnerUserId#p.AnswerCount,>=,0,p.CommentCount,>=,0,u.CreationDate,<=,1409753075#229715
comments c,postLinks pl,posts p,users u,badges b#p.Id=pl.RelatedPostId,p.Id=c.PostId,u.Id=b.UserId,u.Id=p.OwnerUserId#pl.CreationDate,>=,1294485967,p.AnswerCount,=,0,p.CreationDate,>=,1281716141#2756
comments c,postLinks pl,posts p,users u,badges b#p.Id=pl.RelatedPostId,p.Id=c.PostId,u.Id=b.UserId,u.Id=p.OwnerUserId#p.AnswerCount,<=,5,u.DownVotes,>=,0,u.DownVotes,<=,21#176603
comments c,postLinks pl,posts p,users u,badges b#p.Id=pl.RelatedPostId,p.Id=c.PostId,u.Id=b.UserId,u.Id=p.OwnerUserId#p.Score,>=,0,p.ViewCount,<=,4803,p.CommentCount,>=,0#17428
comments c,postLinks pl,posts p,users u,badges b#p.Id=pl.RelatedPostId,p.Id=c.PostId,u.Id=b.UserId,u.Id=p.OwnerUserId#c.Score,=,0,p.ViewCount,<=,9957,p.AnswerCount,<=,5#13547
tags t,posts p,users u,postHistory ph,badges b#p.Id=t.ExcerptPostId,u.Id=ph.UserId,u.Id=b.UserId,u.Id=p.OwnerUserId#p.CommentCount,<=,12,u.DownVotes,>=,0,u.DownVotes,<=,0#352538
tags t,posts p,users u,postHistory ph,badges b#p.Id=t.ExcerptPostId,u.Id=ph.UserId,u.Id=b.UserId,u.Id=p.OwnerUserId#p.CommentCount,<=,14,u.Reputation,>=,1,u.CreationDate,>=,1279650165#367469431
tags t,posts p,users u,postHistory ph,badges b#p.Id=t.ExcerptPostId,u.Id=ph.UserId,u.Id=b.UserId,u.Id=p.OwnerUserId#t.Count,=,143,p.Score,>=,0,u.Views,<=,27#13
tags t,posts p,users u,postHistory ph,badges b#p.Id=t.ExcerptPostId,u.Id=ph.UserId,u.Id=b.UserId,u.Id=p.OwnerUserId#ph.PostHistoryTypeId,=,1,b.Date,>=,1284856499,b.Date,<=,1410387590#54122635
tags t,posts p,users u,postHistory ph,badges b#p.Id=t.ExcerptPostId,u.Id=ph.UserId,u.Id=b.UserId,u.Id=p.OwnerUserId#u.Reputation,<=,108,u.UpVotes,>=,0,u.CreationDate,<=,1410651927#1174
tags t,posts p,users u,postHistory ph,badges b#p.Id=t.ExcerptPostId,u.Id=ph.UserId,u.Id=b.UserId,u.Id=p.OwnerUserId#u.CreationDate,>=,1280925078,b.Date,>=,1280368139,b.Date,<=,1410477253#323349061
tags t,posts p,users u,postHistory ph,badges b#p.Id=t.ExcerptPostId,u.Id=ph.UserId,u.Id=b.UserId,u.Id=p.OwnerUserId#u.Views,<=,1319,ph.CreationDate,>=,1313859000,ph.CreationDate,<=,1409595730#69340
tags t,posts p,users u,postHistory ph,badges b#p.Id=t.ExcerptPostId,u.Id=ph.UserId,u.Id=b.UserId,u.Id=p.OwnerUserId#p.FavoriteCount,>=,0,p.CreationDate,>=,1282227207,ph.CreationDate,>=,1289446224#115616
tags t,posts p,users u,postHistory ph,badges b#p.Id=t.ExcerptPostId,u.Id=ph.UserId,u.Id=b.UserId,u.Id=p.OwnerUserId#p.Score,>=,-1,u.Reputation,<=,231,b.Date,<=,1410427861#3596
tags t,posts p,users u,postHistory ph,badges b#p.Id=t.ExcerptPostId,u.Id=ph.UserId,u.Id=b.UserId,u.Id=p.OwnerUserId#p.CommentCount,>=,0,u.Reputation,<=,276,ph.CreationDate,>=,1299917338#5523
tags t,posts p,users u,postHistory ph,badges b#p.Id=t.ExcerptPostId,u.Id=ph.UserId,u.Id=b.UserId,u.Id=p.OwnerUserId#t.Count,<=,120,p.CommentCount,=,2,ph.CreationDate,>=,1280876208#165524
tags t,posts p,users u,postHistory ph,badges b#p.Id=t.ExcerptPostId,u.Id=ph.UserId,u.Id=b.UserId,u.Id=p.OwnerUserId#u.Reputation,<=,3680,u.Views,>=,0,u.DownVotes,>=,0#1781661
tags t,posts p,users u,postHistory ph,badges b#p.Id=t.ExcerptPostId,u.Id=ph.UserId,u.Id=b.UserId,u.Id=p.OwnerUserId#p.CreationDate,<=,1410123215,u.UpVotes,>=,0,ph.CreationDate,<=,1409173099#344268021
tags t,posts p,users u,postHistory ph,badges b#p.Id=t.ExcerptPostId,u.Id=ph.UserId,u.Id=b.UserId,u.Id=p.OwnerUserId#p.ViewCount,<=,2634,u.DownVotes,>=,0,u.DownVotes,<=,2#70174
tags t,posts p,users u,postHistory ph,badges b#p.Id=t.ExcerptPostId,u.Id=ph.UserId,u.Id=b.UserId,u.Id=p.OwnerUserId#p.CommentCount,>=,0,p.CommentCount,<=,24,p.FavoriteCount,<=,6#128619
tags t,posts p,users u,postHistory ph,badges b#p.Id=t.ExcerptPostId,u.Id=ph.UserId,u.Id=b.UserId,u.Id=p.OwnerUserId#p.Score,>=,-1,u.Reputation,=,1,u.DownVotes,>=,0#71
tags t,posts p,users u,postHistory ph,badges b#p.Id=t.ExcerptPostId,u.Id=ph.UserId,u.Id=b.UserId,u.Id=p.OwnerUserId#u.Views,=,0,u.UpVotes,<=,165,b.Date,>=,1280207924#59
tags t,posts p,users u,postHistory ph,badges b#p.Id=t.ExcerptPostId,u.Id=ph.UserId,u.Id=b.UserId,u.Id=p.OwnerUserId#p.Score,>=,0,p.CommentCount,<=,13,u.Views,>=,0#373229779
tags t,posts p,users u,postHistory ph,badges b#p.Id=t.ExcerptPostId,u.Id=ph.UserId,u.Id=b.UserId,u.Id=p.OwnerUserId#p.Score,>=,-2,p.Score,<=,28,p.CommentCount,>=,0#373817484
tags t,posts p,users u,postHistory ph,badges b#p.Id=t.ExcerptPostId,u.Id=ph.UserId,u.Id=b.UserId,u.Id=p.OwnerUserId#p.ViewCount,>=,0,p.ViewCount,<=,2414,ph.PostHistoryTypeId,=,24#1106
tags t,posts p,users u,postHistory ph,badges b#p.Id=t.ExcerptPostId,u.Id=ph.UserId,u.Id=b.UserId,u.Id=p.OwnerUserId#t.Count,>=,1,u.DownVotes,<=,56,ph.PostHistoryTypeId,=,3#6433
tags t,posts p,users u,postHistory ph,badges b#p.Id=t.ExcerptPostId,u.Id=ph.UserId,u.Id=b.UserId,u.Id=p.OwnerUserId#u.UpVotes,>=,0,u.UpVotes,<=,67,ph.PostHistoryTypeId,=,1#1538
tags t,posts p,users u,postHistory ph,badges b#p.Id=t.ExcerptPostId,u.Id=ph.UserId,u.Id=b.UserId,u.Id=p.OwnerUserId#p.Score,=,8,ph.PostHistoryTypeId,=,2,b.Date,<=,1410527777#2793771
tags t,posts p,users u,postHistory ph,badges b#p.Id=t.ExcerptPostId,u.Id=ph.UserId,u.Id=b.UserId,u.Id=p.OwnerUserId#u.Reputation,<=,156,ph.PostHistoryTypeId,=,25,b.Date,>=,1282908689#77
tags t,posts p,users u,postHistory ph,badges b#p.Id=t.ExcerptPostId,u.Id=ph.UserId,u.Id=b.UserId,u.Id=p.OwnerUserId#p.CommentCount,<=,10,p.FavoriteCount,>=,0,ph.CreationDate,<=,1409008599#115993
tags t,posts p,users u,votes v,badges b#p.Id=t.ExcerptPostId,u.Id=v.UserId,u.Id=b.UserId,u.Id=p.OwnerUserId#u.UpVotes,>=,0,v.CreationDate,=,1400284800,b.Date,<=,1409936553#5172
tags t,posts p,users u,votes v,badges b#p.Id=t.ExcerptPostId,u.Id=v.UserId,u.Id=b.UserId,u.Id=p.OwnerUserId#u.UpVotes,>=,0,u.UpVotes,<=,73,u.CreationDate,<=,1409161990#158393
tags t,posts p,users u,votes v,badges b#p.Id=t.ExcerptPostId,u.Id=v.UserId,u.Id=b.UserId,u.Id=p.OwnerUserId#u.UpVotes,>=,0,u.CreationDate,>=,1279566237,u.CreationDate,<=,1405921998#15470992
tags t,posts p,users u,votes v,badges b#p.Id=t.ExcerptPostId,u.Id=v.UserId,u.Id=b.UserId,u.Id=p.OwnerUserId#u.CreationDate,<=,1410369268,v.CreationDate,>=,1279584000,v.CreationDate,<=,1410480000#63108
tags t,posts p,users u,votes v,badges b#p.Id=t.ExcerptPostId,u.Id=v.UserId,u.Id=b.UserId,u.Id=p.OwnerUserId#p.Score,<=,24,p.CommentCount,<=,10,p.FavoriteCount,<=,6#5156
tags t,posts p,users u,votes v,badges b#p.Id=t.ExcerptPostId,u.Id=v.UserId,u.Id=b.UserId,u.Id=p.OwnerUserId#p.Score,>=,0,p.FavoriteCount,>=,0,u.UpVotes,>=,0#5292
tags t,posts p,users u,votes v,badges b#p.Id=t.ExcerptPostId,u.Id=v.UserId,u.Id=b.UserId,u.Id=p.OwnerUserId#p.Score,>=,-1,u.UpVotes,<=,34,u.CreationDate,<=,1410432245#38495
tags t,posts p,users u,votes v,badges b#p.Id=t.ExcerptPostId,u.Id=v.UserId,u.Id=b.UserId,u.Id=p.OwnerUserId#t.Count,>=,1,p.FavoriteCount,<=,4,u.UpVotes,>=,0#5312
tags t,posts p,users u,votes v,badges b#p.Id=t.ExcerptPostId,u.Id=v.UserId,u.Id=b.UserId,u.Id=p.OwnerUserId#u.Views,>=,0,u.UpVotes,>=,0,u.UpVotes,<=,20#17054
tags t,posts p,users u,votes v,badges b#p.Id=t.ExcerptPostId,u.Id=v.UserId,u.Id=b.UserId,u.Id=p.OwnerUserId#u.CreationDate,>=,1291084744,u.CreationDate,<=,1406027316,b.Date,>=,1280336334#5843488
tags t,posts p,users u,votes v,badges b#p.Id=t.ExcerptPostId,u.Id=v.UserId,u.Id=b.UserId,u.Id=p.OwnerUserId#t.Count,<=,838,p.FavoriteCount,<=,8,v.VoteTypeId,=,5#9
tags t,posts p,users u,votes v,badges b#p.Id=t.ExcerptPostId,u.Id=v.UserId,u.Id=b.UserId,u.Id=p.OwnerUserId#t.Count,>=,2,u.DownVotes,<=,0,u.CreationDate,>=,1279548096#84947
tags t,posts p,users u,votes v,badges b#p.Id=t.ExcerptPostId,u.Id=v.UserId,u.Id=b.UserId,u.Id=p.OwnerUserId#u.Views,>=,0,u.Views,<=,151,v.VoteTypeId,=,5#2003
tags t,posts p,users u,votes v,badges b#p.Id=t.ExcerptPostId,u.Id=v.UserId,u.Id=b.UserId,u.Id=p.OwnerUserId#u.Views,<=,95,u.UpVotes,<=,32,u.CreationDate,<=,1406744211#3939
posts p,postLinks pl,postHistory ph,votes v,badges b,users u#p.Id=pl.RelatedPostId,u.Id=p.OwnerUserId,u.Id=b.UserId,u.Id=ph.UserId,u.Id=v.UserId#p.Score,<=,84,p.CommentCount,<=,22,u.Views,=,0#66517
posts p,postLinks pl,postHistory ph,votes v,badges b,users u#p.Id=pl.RelatedPostId,u.Id=p.OwnerUserId,u.Id=b.UserId,u.Id=ph.UserId,u.Id=v.UserId#ph.PostHistoryTypeId,=,2,u.CreationDate,>=,1304699569,u.CreationDate,<=,1410651927#10061603
posts p,postLinks pl,postHistory ph,votes v,badges b,users u#p.Id=pl.RelatedPostId,u.Id=p.OwnerUserId,u.Id=b.UserId,u.Id=ph.UserId,u.Id=v.UserId#u.Reputation,>=,1,u.Reputation,<=,870,u.DownVotes,<=,2#138359149
posts p,postLinks pl,postHistory ph,votes v,badges b,users u#p.Id=pl.RelatedPostId,u.Id=p.OwnerUserId,u.Id=b.UserId,u.Id=ph.UserId,u.Id=v.UserId#p.Score,>=,-1,p.ViewCount,>=,0,u.Reputation,<=,202#5545311
posts p,postLinks pl,postHistory ph,votes v,badges b,users u#p.Id=pl.RelatedPostId,u.Id=p.OwnerUserId,u.Id=b.UserId,u.Id=ph.UserId,u.Id=v.UserId#p.FavoriteCount,<=,13,u.Views,<=,34,u.UpVotes,<=,352#8797351
posts p,postLinks pl,postHistory ph,votes v,badges b,users u#p.Id=pl.RelatedPostId,u.Id=p.OwnerUserId,u.Id=b.UserId,u.Id=ph.UserId,u.Id=v.UserId#p.Score,>=,0,pl.LinkTypeId,=,1,b.Date,=,1399986781#183
posts p,postLinks pl,postHistory ph,votes v,badges b,users u#p.Id=pl.RelatedPostId,u.Id=p.OwnerUserId,u.Id=b.UserId,u.Id=ph.UserId,u.Id=v.UserId#p.AnswerCount,>=,0,p.AnswerCount,<=,6,v.BountyAmount,>=,0#1193517426
comments c,posts p,postLinks pl,votes v,badges b,users u#p.Id=c.PostId,p.Id=pl.RelatedPostId,p.Id=v.PostId,u.Id=p.OwnerUserId,u.Id=b.UserId#c.CreationDate,<=,1410543514,p.PostTypeId,=,1,p.CreationDate,<=,1409848014#833619
comments c,posts p,postLinks pl,votes v,badges b,users u#p.Id=c.PostId,p.Id=pl.RelatedPostId,p.Id=v.PostId,u.Id=p.OwnerUserId,u.Id=b.UserId#p.AnswerCount,>=,0,p.AnswerCount,<=,4,v.CreationDate,>=,1279497600#428455
comments c,posts p,postLinks pl,votes v,badges b,users u#p.Id=c.PostId,p.Id=pl.RelatedPostId,p.Id=v.PostId,u.Id=p.OwnerUserId,u.Id=b.UserId#p.Score,>=,0,p.ViewCount,<=,34458,pl.LinkTypeId,=,1#643630
comments c,posts p,postLinks pl,votes v,badges b,users u#p.Id=c.PostId,p.Id=pl.RelatedPostId,p.Id=v.PostId,u.Id=p.OwnerUserId,u.Id=b.UserId#c.Score,=,0,p.CommentCount,>=,0,v.CreationDate,<=,1410480000#710772
comments c,posts p,postLinks pl,votes v,badges b,users u#p.Id=c.PostId,p.Id=pl.RelatedPostId,p.Id=v.PostId,u.Id=p.OwnerUserId,u.Id=b.UserId#c.Score,=,0,v.CreationDate,<=,1410480000,u.UpVotes,>=,0#710457
comments c,posts p,postLinks pl,votes v,badges b,users u#p.Id=c.PostId,p.Id=pl.RelatedPostId,p.Id=v.PostId,u.Id=p.OwnerUserId,u.Id=b.UserId#p.AnswerCount,>=,0,pl.CreationDate,<=,1403600815,v.CreationDate,<=,1410480000#844248
comments c,posts p,postLinks pl,votes v,badges b,users u#p.Id=c.PostId,p.Id=pl.RelatedPostId,p.Id=v.PostId,u.Id=p.OwnerUserId,u.Id=b.UserId#c.CreationDate,<=,1410597845,p.CommentCount,<=,8,u.Views,>=,0#767384
comments c,posts p,postLinks pl,votes v,badges b,users u#p.Id=c.PostId,p.Id=pl.RelatedPostId,p.Id=v.PostId,u.Id=p.OwnerUserId,u.Id=b.UserId#p.ViewCount,<=,5193,pl.LinkTypeId,=,1,u.CreationDate,<=,1410584652#242280
comments c,posts p,postLinks pl,votes v,badges b,users u#p.Id=c.PostId,p.Id=pl.RelatedPostId,p.Id=v.PostId,u.Id=p.OwnerUserId,u.Id=b.UserId#p.PostTypeId,=,1,pl.LinkTypeId,=,1,pl.CreationDate,>=,1281596999#839695
comments c,posts p,postLinks pl,votes v,badges b,users u#p.Id=c.PostId,p.Id=pl.RelatedPostId,p.Id=v.PostId,u.Id=p.OwnerUserId,u.Id=b.UserId#p.PostTypeId,=,1,p.ViewCount,>=,0,v.CreationDate,>=,1280188800#1048420
comments c,posts p,postLinks pl,postHistory ph,votes v,users u#p.Id=pl.PostId,p.Id=ph.PostId,p.Id=c.PostId,u.Id=c.UserId,u.Id=v.UserId#p.Score,<=,49,ph.CreationDate,>=,1290745493,u.CreationDate,>=,1280177312#182677
comments c,posts p,postLinks pl,postHistory ph,votes v,users u#p.Id=pl.PostId,p.Id=ph.PostId,p.Id=c.PostId,u.Id=c.UserId,u.Id=v.UserId#p.ViewCount,<=,2863,p.AnswerCount,>=,0,v.CreationDate,<=,1410393600#90481
comments c,posts p,postLinks pl,postHistory ph,votes v,users u#p.Id=pl.PostId,p.Id=ph.PostId,p.Id=c.PostId,u.Id=c.UserId,u.Id=v.UserId#c.CreationDate,>=,1282921457,c.CreationDate,<=,1410525042,pl.CreationDate,<=,1408461589#108313
comments c,posts p,postLinks pl,postHistory ph,votes v,users u#p.Id=pl.PostId,p.Id=ph.PostId,p.Id=c.PostId,u.Id=c.UserId,u.Id=v.UserId#pl.CreationDate,>=,1282837223,pl.CreationDate,<=,1406072936,ph.CreationDate,<=,1410214984#110886
comments c,posts p,postLinks pl,postHistory ph,votes v,users u#p.Id=pl.PostId,p.Id=ph.PostId,p.Id=c.PostId,u.Id=c.UserId,u.Id=v.UserId#p.CommentCount,<=,15,p.CreationDate,>=,1280249795,u.UpVotes,<=,205#6012
comments c,posts p,postLinks pl,postHistory ph,votes v,users u#p.Id=pl.PostId,p.Id=ph.PostId,p.Id=c.PostId,u.Id=c.UserId,u.Id=v.UserId#p.CreationDate,<=,1410272437,ph.PostHistoryTypeId,=,6,u.DownVotes,>=,0#11013
comments c,posts p,postLinks pl,postHistory ph,votes v,users u#p.Id=pl.PostId,p.Id=ph.PostId,p.Id=c.PostId,u.Id=c.UserId,u.Id=v.UserId#pl.CreationDate,>=,1285579666,v.CreationDate,>=,1279670400,v.CreationDate,<=,1410566400#111896
comments c,posts p,postLinks pl,postHistory ph,votes v,users u#p.Id=pl.PostId,p.Id=ph.PostId,p.Id=c.PostId,u.Id=c.UserId,u.Id=v.UserId#p.AnswerCount,>=,0,p.AnswerCount,<=,4,u.UpVotes,>=,0#92757
comments c,posts p,postLinks pl,postHistory ph,votes v,users u#p.Id=pl.PostId,p.Id=ph.PostId,p.Id=c.PostId,u.Id=c.UserId,u.Id=v.UserId#p.CommentCount,<=,9,u.Views,>=,0,u.CreationDate,<=,1406304222#103924
comments c,posts p,postLinks pl,postHistory ph,votes v,users u#p.Id=pl.PostId,p.Id=ph.PostId,p.Id=c.PostId,u.Id=c.UserId,u.Id=v.UserId#c.Score,=,3,p.Score,=,0,p.ViewCount,<=,10503#277
comments c,posts p,postLinks pl,postHistory ph,votes v,users u#p.Id=pl.PostId,p.Id=ph.PostId,p.Id=c.PostId,u.Id=c.UserId,u.Id=v.UserId#p.CommentCount,<=,12,pl.CreationDate,>=,1280175135,u.Reputation,<=,146#485
comments c,posts p,postLinks pl,postHistory ph,votes v,badges b#p.Id=c.PostId,p.Id=pl.RelatedPostId,p.Id=ph.PostId,p.Id=v.PostId,b.UserId=c.UserId#pl.LinkTypeId,=,1,v.BountyAmount,>=,0,v.BountyAmount,<=,150#39071
comments c,posts p,postLinks pl,postHistory ph,votes v,badges b#p.Id=c.PostId,p.Id=pl.RelatedPostId,p.Id=ph.PostId,p.Id=v.PostId,b.UserId=c.UserId#p.PostTypeId,=,1,ph.PostHistoryTypeId,=,5,b.Date,>=,1279699392#1509415
comments c,posts p,postLinks pl,postHistory ph,votes v,badges b#p.Id=c.PostId,p.Id=pl.RelatedPostId,p.Id=ph.PostId,p.Id=v.PostId,b.UserId=c.UserId#c.Score,=,0,p.Score,=,1,b.Date,>=,1279568350#13939
comments c,posts p,postLinks pl,postHistory ph,votes v,badges b#p.Id=c.PostId,p.Id=pl.RelatedPostId,p.Id=ph.PostId,p.Id=v.PostId,b.UserId=c.UserId#c.CreationDate,>=,1279569922,pl.CreationDate,>=,1310999345,pl.CreationDate,<=,1399901397#5337884
comments c,posts p,postLinks pl,postHistory ph,votes v,badges b#p.Id=c.PostId,p.Id=pl.RelatedPostId,p.Id=ph.PostId,p.Id=v.PostId,b.UserId=c.UserId#p.CreationDate,>=,1279635581,pl.CreationDate,<=,1403302622,b.Date,>=,1279636751#5618814
comments c,posts p,postLinks pl,postHistory ph,votes v,badges b#p.Id=c.PostId,p.Id=pl.RelatedPostId,p.Id=ph.PostId,p.Id=v.PostId,b.UserId=c.UserId#c.Score,=,0,p.Score,>=,0,p.CommentCount,<=,20#5500286
comments c,posts p,postLinks pl,postHistory ph,votes v,badges b#p.Id=c.PostId,p.Id=pl.RelatedPostId,p.Id=ph.PostId,p.Id=v.PostId,b.UserId=c.UserId#p.PostTypeId,=,2,p.Score,>=,-2,p.FavoriteCount,>=,0#81
comments c,posts p,postLinks pl,postHistory ph,votes v,badges b#p.Id=c.PostId,p.Id=pl.RelatedPostId,p.Id=ph.PostId,p.Id=v.PostId,b.UserId=c.UserId#p.ViewCount,=,57,v.BountyAmount,<=,50,b.Date,>=,1280912131#2
comments c,posts p,postLinks pl,postHistory ph,votes v,badges b#p.Id=c.PostId,p.Id=pl.RelatedPostId,p.Id=ph.PostId,p.Id=v.PostId,b.UserId=c.UserId#p.PostTypeId,=,1,p.FavoriteCount,>=,0,v.VoteTypeId,=,2#6692670
comments c,posts p,postLinks pl,postHistory ph,votes v,badges b#p.Id=c.PostId,p.Id=pl.RelatedPostId,p.Id=ph.PostId,p.Id=v.PostId,b.UserId=c.UserId#p.Score,>=,-4,p.AnswerCount,=,0,pl.CreationDate,<=,1402749179#92049
comments c,posts p,postLinks pl,postHistory ph,votes v,badges b#p.Id=c.PostId,p.Id=pl.RelatedPostId,p.Id=ph.PostId,p.Id=v.PostId,b.UserId=c.UserId#c.Score,=,0,c.CreationDate,>=,1281390644,p.FavoriteCount,=,1#55495
comments c,posts p,postLinks pl,postHistory ph,votes v,badges b#p.Id=c.PostId,p.Id=pl.RelatedPostId,p.Id=ph.PostId,p.Id=v.PostId,b.UserId=c.UserId#pl.LinkTypeId,=,1,pl.CreationDate,<=,1410487882,v.BountyAmount,>=,0#39468
comments c,posts p,postLinks pl,postHistory ph,votes v,badges b#p.Id=c.PostId,p.Id=pl.RelatedPostId,p.Id=ph.PostId,p.Id=v.PostId,b.UserId=c.UserId#p.ViewCount,>=,0,p.CommentCount,<=,12,ph.PostHistoryTypeId,=,2#605667
comments c,posts p,postLinks pl,postHistory ph,votes v,badges b#p.Id=c.PostId,p.Id=pl.RelatedPostId,p.Id=ph.PostId,p.Id=v.PostId,b.UserId=c.UserId#p.Score,<=,21,p.AnswerCount,<=,4,ph.CreationDate,>=,1288641657#1088692
comments c,posts p,postLinks pl,postHistory ph,votes v,badges b#p.Id=c.PostId,p.Id=pl.RelatedPostId,p.Id=ph.PostId,p.Id=v.PostId,b.UserId=c.UserId#ph.PostHistoryTypeId,=,6,ph.CreationDate,>=,1287352675,v.BountyAmount,>=,0#740
comments c,posts p,postLinks pl,postHistory ph,votes v,badges b#p.Id=c.PostId,p.Id=pl.RelatedPostId,p.Id=ph.PostId,p.Id=v.PostId,b.UserId=c.UserId#p.CreationDate,>=,1280213484,v.VoteTypeId,=,2,b.Date,>=,1286727088#5499218
comments c,posts p,postLinks pl,postHistory ph,votes v,badges b#p.Id=c.PostId,p.Id=pl.RelatedPostId,p.Id=ph.PostId,p.Id=v.PostId,b.UserId=c.UserId#p.PostTypeId,=,1,p.AnswerCount,>=,0,v.BountyAmount,>=,0#16691
comments c,posts p,postLinks pl,postHistory ph,votes v,badges b#p.Id=c.PostId,p.Id=pl.RelatedPostId,p.Id=ph.PostId,p.Id=v.PostId,b.UserId=c.UserId#c.CreationDate,<=,1410375511,p.Score,>=,-3,v.VoteTypeId,=,2#6670377
comments c,posts p,postLinks pl,postHistory ph,votes v,badges b#p.Id=c.PostId,p.Id=pl.RelatedPostId,p.Id=ph.PostId,p.Id=v.PostId,b.UserId=c.UserId#p.Score,=,1,p.CommentCount,<=,17,v.VoteTypeId,=,2#14736
comments c,posts p,postLinks pl,postHistory ph,votes v,badges b#p.Id=c.PostId,p.Id=pl.RelatedPostId,p.Id=ph.PostId,p.Id=v.PostId,b.UserId=c.UserId#v.VoteTypeId,=,2,b.Date,>=,1280344135,b.Date,<=,1410592624#6684225
comments c,posts p,postLinks pl,postHistory ph,votes v,badges b#p.Id=c.PostId,p.Id=pl.RelatedPostId,p.Id=ph.PostId,p.Id=v.PostId,b.UserId=c.UserId#pl.CreationDate,>=,1300509495,b.Date,>=,1279604048,b.Date,<=,1409269233#6973084
comments c,posts p,postLinks pl,postHistory ph,votes v,badges b#p.Id=c.PostId,p.Id=pl.RelatedPostId,p.Id=ph.PostId,p.Id=v.PostId,b.UserId=c.UserId#v.BountyAmount,>=,0,v.CreationDate,>=,1279497600,b.Date,<=,1409980406#16691
comments c,posts p,postLinks pl,postHistory ph,votes v,badges b#p.Id=c.PostId,p.Id=pl.RelatedPostId,p.Id=ph.PostId,p.Id=v.PostId,b.UserId=c.UserId#p.AnswerCount,<=,4,pl.LinkTypeId,=,1,v.VoteTypeId,=,2#2146211
comments c,posts p,postLinks pl,postHistory ph,votes v,badges b#p.Id=c.PostId,p.Id=pl.RelatedPostId,p.Id=ph.PostId,p.Id=v.PostId,b.UserId=c.UserId#p.CommentCount,<=,13,ph.PostHistoryTypeId,=,5,v.VoteTypeId,=,2#1755262
comments c,posts p,postLinks pl,postHistory ph,votes v,badges b#p.Id=c.PostId,p.Id=pl.RelatedPostId,p.Id=ph.PostId,p.Id=v.PostId,b.UserId=c.UserId#p.FavoriteCount,>=,0,ph.PostHistoryTypeId,=,1,ph.CreationDate,>=,1298635291#437415
comments c,posts p,postLinks pl,postHistory ph,votes v,badges b#p.Id=c.PostId,p.Id=pl.RelatedPostId,p.Id=ph.PostId,p.Id=v.PostId,b.UserId=c.UserId#c.Score,=,0,pl.CreationDate,<=,1408263596,b.Date,>=,1279572846#5140357
comments c,posts p,postLinks pl,postHistory ph,votes v,badges b#p.Id=c.PostId,p.Id=pl.RelatedPostId,p.Id=ph.PostId,p.Id=v.PostId,b.UserId=c.UserId#p.CommentCount,>=,0,p.CreationDate,>=,1287724586,v.BountyAmount,>=,0#11025
comments c,posts p,postLinks pl,postHistory ph,votes v,badges b#p.Id=c.PostId,p.Id=pl.RelatedPostId,p.Id=ph.PostId,p.Id=v.PostId,b.UserId=c.UserId#p.CommentCount,>=,0,p.FavoriteCount,>=,0,pl.CreationDate,>=,1280345769#7051341
comments c,posts p,postLinks pl,postHistory ph,votes v,badges b#p.Id=c.PostId,p.Id=pl.RelatedPostId,p.Id=ph.PostId,p.Id=v.PostId,b.UserId=c.UserId#pl.CreationDate,<=,1406458287,v.VoteTypeId,=,5,v.CreationDate,<=,1410480000#725178
comments c,posts p,tags t,postHistory ph,badges b,users u#u.Id=p.OwnerUserId,p.OwnerUserId=b.UserId,p.OwnerUserId=c.UserId,p.OwnerUserId=ph.UserId,p.Id=t.ExcerptPostId#p.CreationDate,>=,1279569033,t.Count,<=,872,ph.CreationDate,<=,1409881453#13664420893
comments c,posts p,tags t,postHistory ph,badges b,users u#u.Id=p.OwnerUserId,p.OwnerUserId=b.UserId,p.OwnerUserId=c.UserId,p.OwnerUserId=ph.UserId,p.Id=t.ExcerptPostId#c.Score,=,0,u.Views,=,0,u.DownVotes,=,0#69
comments c,posts p,tags t,postHistory ph,badges b,users u#u.Id=p.OwnerUserId,p.OwnerUserId=b.UserId,p.OwnerUserId=c.UserId,p.OwnerUserId=ph.UserId,p.Id=t.ExcerptPostId#c.Score,=,0,p.CreationDate,=,1392224005,ph.PostHistoryTypeId,=,5#5913
comments c,posts p,tags t,postHistory ph,badges b,users u#u.Id=p.OwnerUserId,p.OwnerUserId=b.UserId,p.OwnerUserId=c.UserId,p.OwnerUserId=ph.UserId,p.Id=t.ExcerptPostId#c.Score,=,0,p.FavoriteCount,=,0,b.Date,<=,1409220957#92736852
comments c,posts p,tags t,postHistory ph,badges b,users u#u.Id=p.OwnerUserId,p.OwnerUserId=b.UserId,p.OwnerUserId=c.UserId,p.OwnerUserId=ph.UserId,p.Id=t.ExcerptPostId#p.CreationDate,<=,1410344454,b.Date,=,1355503008,u.CreationDate,<=,1408618850#15851
comments c,posts p,tags t,postHistory ph,badges b,users u#u.Id=p.OwnerUserId,p.OwnerUserId=b.UserId,p.OwnerUserId=c.UserId,p.OwnerUserId=ph.UserId,p.Id=t.ExcerptPostId#p.Score,>=,-1,u.DownVotes,>=,0,u.DownVotes,<=,16#3384555547
comments c,posts p,tags t,postHistory ph,badges b,users u#u.Id=p.OwnerUserId,p.OwnerUserId=b.UserId,p.OwnerUserId=c.UserId,p.OwnerUserId=ph.UserId,p.Id=t.ExcerptPostId#p.ViewCount,=,0,p.FavoriteCount,>=,0,p.FavoriteCount,<=,26#9374
comments c,posts p,tags t,postHistory ph,badges b,users u#u.Id=p.OwnerUserId,p.OwnerUserId=b.UserId,p.OwnerUserId=c.UserId,p.OwnerUserId=ph.UserId,p.Id=t.ExcerptPostId#p.CommentCount,=,0,u.Views,>=,0,u.UpVotes,<=,6#2103564
comments c,posts p,tags t,postHistory ph,badges b,users u#u.Id=p.OwnerUserId,p.OwnerUserId=b.UserId,p.OwnerUserId=c.UserId,p.OwnerUserId=ph.UserId,p.Id=t.ExcerptPostId#p.Score,<=,76,u.Reputation,>=,1,u.CreationDate,=,1396995672#1
comments c,posts p,tags t,postHistory ph,badges b,users u#u.Id=p.OwnerUserId,p.OwnerUserId=b.UserId,p.OwnerUserId=c.UserId,p.OwnerUserId=ph.UserId,p.Id=t.ExcerptPostId#c.CreationDate,<=,1410571576,ph.CreationDate,>=,1283117900,u.UpVotes,>=,0#1880384787163
comments c,posts p,tags t,postHistory ph,badges b,users u#u.Id=p.OwnerUserId,p.OwnerUserId=b.UserId,p.OwnerUserId=c.UserId,p.OwnerUserId=ph.UserId,p.Id=t.ExcerptPostId#p.CommentCount,>=,0,p.CommentCount,<=,15,p.FavoriteCount,>=,0#938350430
comments c,posts p,tags t,postHistory ph,badges b,users u#u.Id=p.OwnerUserId,p.OwnerUserId=b.UserId,p.OwnerUserId=c.UserId,p.OwnerUserId=ph.UserId,p.Id=t.ExcerptPostId#p.CreationDate,<=,1410457151,u.UpVotes,<=,16,u.CreationDate,<=,1408455934#26750105
comments c,posts p,tags t,postHistory ph,badges b,users u#u.Id=p.OwnerUserId,p.OwnerUserId=b.UserId,p.OwnerUserId=c.UserId,p.OwnerUserId=ph.UserId,p.Id=t.ExcerptPostId#c.CreationDate,<=,1409942194,u.Views,<=,53,u.DownVotes,<=,0#180763
comments c,posts p,tags t,postHistory ph,badges b,users u#u.Id=p.OwnerUserId,p.OwnerUserId=b.UserId,p.OwnerUserId=c.UserId,p.OwnerUserId=ph.UserId,p.Id=t.ExcerptPostId#p.CreationDate,>=,1282193425,u.DownVotes,<=,0,u.CreationDate,<=,1410195732#217908983
comments c,posts p,tags t,postHistory ph,badges b,users u#u.Id=p.OwnerUserId,p.OwnerUserId=b.UserId,p.OwnerUserId=c.UserId,p.OwnerUserId=ph.UserId,p.Id=t.ExcerptPostId#p.ViewCount,<=,2770,u.Reputation,<=,2250,u.UpVotes,>=,0#102572131
comments c,posts p,tags t,postHistory ph,badges b,users u#u.Id=p.OwnerUserId,p.OwnerUserId=b.UserId,p.OwnerUserId=c.UserId,p.OwnerUserId=ph.UserId,p.Id=t.ExcerptPostId#ph.CreationDate,>=,1280290103,ph.CreationDate,<=,1409576498,u.DownVotes,>=,0#6051148751
comments c,posts p,tags t,postHistory ph,badges b,users u#u.Id=p.OwnerUserId,p.OwnerUserId=b.UserId,p.OwnerUserId=c.UserId,p.OwnerUserId=ph.UserId,p.Id=t.ExcerptPostId#p.Score,>=,0,p.Score,<=,13,u.Views,>=,0#2634911000933
comments c,posts p,postHistory ph,votes v,badges b,users u#u.Id=p.OwnerUserId,u.Id=b.UserId,p.Id=c.PostId,p.Id=ph.PostId,p.Id=v.PostId#c.Score,=,0,ph.CreationDate,<=,1406067597,v.CreationDate,>=,1279670400#139971335
comments c,posts p,postHistory ph,votes v,badges b,users u#u.Id=p.OwnerUserId,u.Id=b.UserId,p.Id=c.PostId,p.Id=ph.PostId,p.Id=v.PostId#c.CreationDate,<=,1410268201,p.FavoriteCount,>=,0,p.FavoriteCount,<=,10#34857211
comments c,posts p,postHistory ph,votes v,badges b,users u#u.Id=p.OwnerUserId,u.Id=b.UserId,p.Id=c.PostId,p.Id=ph.PostId,p.Id=v.PostId#b.Date,>=,1281375289,u.Reputation,>=,1,u.Reputation,<=,467#14870883
comments c,posts p,postHistory ph,votes v,badges b,users u#u.Id=p.OwnerUserId,u.Id=b.UserId,p.Id=c.PostId,p.Id=ph.PostId,p.Id=v.PostId#c.Score,=,0,p.Score,<=,68,p.FavoriteCount,>=,0#32574533
comments c,posts p,postHistory ph,votes v,badges b,users u#u.Id=p.OwnerUserId,u.Id=b.UserId,p.Id=c.PostId,p.Id=ph.PostId,p.Id=v.PostId#p.ViewCount,<=,1685,p.AnswerCount,<=,4,p.FavoriteCount,=,5#2179671
comments c,posts p,postHistory ph,votes v,badges b,users u#u.Id=p.OwnerUserId,u.Id=b.UserId,p.Id=c.PostId,p.Id=ph.PostId,p.Id=v.PostId#p.FavoriteCount,<=,7,p.CreationDate,>=,1282263649,u.Reputation,=,148#53984
comments c,posts p,postHistory ph,votes v,badges b,users u#u.Id=p.OwnerUserId,u.Id=b.UserId,p.Id=c.PostId,p.Id=ph.PostId,p.Id=v.PostId#p.PostTypeId,=,1,p.CommentCount,<=,12,v.BountyAmount,>=,0#897321
comments c,posts p,postHistory ph,votes v,badges b,users u#u.Id=p.OwnerUserId,u.Id=b.UserId,p.Id=c.PostId,p.Id=ph.PostId,p.Id=v.PostId#p.Score,>=,0,v.VoteTypeId,=,5,u.Reputation,>=,1#20658354
comments c,posts p,postHistory ph,votes v,badges b,users u#u.Id=p.OwnerUserId,u.Id=b.UserId,p.Id=c.PostId,p.Id=ph.PostId,p.Id=v.PostId#ph.PostHistoryTypeId,=,1,u.Views,<=,45,u.CreationDate,>=,1280332499#1460300
comments c,posts p,postHistory ph,votes v,badges b,users u#u.Id=p.OwnerUserId,u.Id=b.UserId,p.Id=c.PostId,p.Id=ph.PostId,p.Id=v.PostId#c.CreationDate,>=,1279574453,b.Date,<=,1409154559,u.DownVotes,<=,0#20176113
comments c,posts p,postHistory ph,votes v,badges b,users u#u.Id=p.OwnerUserId,u.Id=b.UserId,p.Id=c.PostId,p.Id=ph.PostId,p.Id=v.PostId#c.Score,=,1,p.AnswerCount,>=,0,p.AnswerCount,<=,8#10352535
comments c,posts p,postHistory ph,votes v,badges b,users u#u.Id=p.OwnerUserId,u.Id=b.UserId,p.Id=c.PostId,p.Id=ph.PostId,p.Id=v.PostId#p.FavoriteCount,=,7,v.VoteTypeId,=,2,u.Reputation,=,1#0
comments c,posts p,postHistory ph,votes v,badges b,users u#u.Id=p.OwnerUserId,u.Id=b.UserId,p.Id=c.PostId,p.Id=ph.PostId,p.Id=v.PostId#ph.PostHistoryTypeId,=,1,v.VoteTypeId,=,5,u.Views,<=,20#189793
comments c,posts p,postHistory ph,votes v,badges b,users u#u.Id=p.OwnerUserId,u.Id=b.UserId,p.Id=c.PostId,p.Id=ph.PostId,p.Id=v.PostId#c.Score,=,0,p.CommentCount,>=,0,ph.PostHistoryTypeId,=,1#6112954
comments c,posts p,postHistory ph,votes v,badges b,users u#u.Id=p.OwnerUserId,u.Id=b.UserId,p.Id=c.PostId,p.Id=ph.PostId,p.Id=v.PostId#p.CreationDate,>=,1280239432,v.CreationDate,<=,1409788800,u.DownVotes,<=,0#19128868
comments c,posts p,postHistory ph,votes v,badges b,users u#u.Id=p.OwnerUserId,u.Id=b.UserId,p.Id=c.PostId,p.Id=ph.PostId,p.Id=v.PostId#p.PostTypeId,=,2,p.FavoriteCount,<=,3,v.VoteTypeId,=,5#0
comments c,posts p,postHistory ph,votes v,badges b,users u#u.Id=p.OwnerUserId,u.Id=b.UserId,p.Id=c.PostId,p.Id=ph.PostId,p.Id=v.PostId#ph.CreationDate,<=,1410344888,b.Date,>=,1279568350,b.Date,<=,1410401055#216786272
comments c,posts p,postHistory ph,votes v,badges b,users u#u.Id=p.OwnerUserId,u.Id=b.UserId,p.Id=c.PostId,p.Id=ph.PostId,p.Id=v.PostId#p.Score,<=,18,v.VoteTypeId,=,2,u.Views,>=,0#111675090
comments c,posts p,postLinks pl,postHistory ph,votes v,users u#p.Id=pl.PostId,p.Id=c.PostId,p.Id=ph.PostId,p.Id=v.PostId,u.Id=p.OwnerUserId#p.Score,<=,10,u.Reputation,>=,1,u.UpVotes,<=,17#549182
comments c,posts p,postLinks pl,postHistory ph,votes v,users u#p.Id=pl.PostId,p.Id=c.PostId,p.Id=ph.PostId,p.Id=v.PostId,u.Id=p.OwnerUserId#p.CommentCount,>=,0,ph.CreationDate,>=,1280341270,u.DownVotes,<=,2#1716075
comments c,posts p,postLinks pl,postHistory ph,votes v,users u#p.Id=pl.PostId,p.Id=c.PostId,p.Id=ph.PostId,p.Id=v.PostId,u.Id=p.OwnerUserId#ph.PostHistoryTypeId,=,3,u.DownVotes,>=,0,u.CreationDate,>=,1293000609#184970
comments c,posts p,postLinks pl,postHistory ph,votes v,users u#p.Id=pl.PostId,p.Id=c.PostId,p.Id=ph.PostId,p.Id=v.PostId,u.Id=p.OwnerUserId#c.Score,=,0,ph.PostHistoryTypeId,=,4,u.Reputation,<=,1646#96803
comments c,posts p,postLinks pl,postHistory ph,votes v,users u#p.Id=pl.PostId,p.Id=c.PostId,p.Id=ph.PostId,p.Id=v.PostId,u.Id=p.OwnerUserId#pl.LinkTypeId,=,1,ph.PostHistoryTypeId,=,5,u.DownVotes,<=,1#358493
comments c,posts p,postLinks pl,postHistory ph,votes v,users u#p.Id=pl.PostId,p.Id=c.PostId,p.Id=ph.PostId,p.Id=v.PostId,u.Id=p.OwnerUserId#p.ViewCount,<=,4585,ph.CreationDate,>=,1289523910,u.Reputation,<=,397#802556
comments c,posts p,postLinks pl,postHistory ph,votes v,users u#p.Id=pl.PostId,p.Id=c.PostId,p.Id=ph.PostId,p.Id=v.PostId,u.Id=p.OwnerUserId#c.Score,=,1,v.BountyAmount,>=,0,u.UpVotes,>=,0#3009
comments c,posts p,postLinks pl,postHistory ph,votes v,users u#p.Id=pl.PostId,p.Id=c.PostId,p.Id=ph.PostId,p.Id=v.PostId,u.Id=p.OwnerUserId#c.Score,=,0,p.Score,>=,-1,p.Score,<=,19#761890
comments c,posts p,postLinks pl,postHistory ph,votes v,users u#p.Id=pl.PostId,p.Id=c.PostId,p.Id=ph.PostId,p.Id=v.PostId,u.Id=p.OwnerUserId#p.AnswerCount,>=,0,ph.CreationDate,>=,1296333028,v.VoteTypeId,=,2#1093468
comments c,posts p,postLinks pl,postHistory ph,votes v,users u#p.Id=pl.PostId,p.Id=c.PostId,p.Id=ph.PostId,p.Id=v.PostId,u.Id=p.OwnerUserId#v.BountyAmount,=,0,u.UpVotes,<=,14,u.CreationDate,>=,1279617673#0
comments c,posts p,postLinks pl,postHistory ph,votes v,users u#p.Id=pl.PostId,p.Id=c.PostId,p.Id=ph.PostId,p.Id=v.PostId,u.Id=p.OwnerUserId#p.FavoriteCount,<=,6,v.VoteTypeId,=,2,v.CreationDate,<=,1410566400#484308
comments c,posts p,postLinks pl,postHistory ph,votes v,users u#p.Id=pl.PostId,p.Id=c.PostId,p.Id=ph.PostId,p.Id=v.PostId,u.Id=p.OwnerUserId#c.Score,=,0,p.PostTypeId,=,1,u.UpVotes,<=,92#924690
comments c,posts p,postLinks pl,postHistory ph,votes v,users u#p.Id=pl.PostId,p.Id=c.PostId,p.Id=ph.PostId,p.Id=v.PostId,u.Id=p.OwnerUserId#p.AnswerCount,>=,0,v.CreationDate,>=,1279497600,v.CreationDate,<=,1410220800#2129462
