8.101743750000000000e+04
1.828860312500000000e+05
4.578918437500000000e+05
1.262355957031250000e+04
2.231268593750000000e+05
2.572552000000000000e+07
1.047300875000000000e+06
3.474014000000000000e+06
2.572552000000000000e+07
1.941050000000000000e+04
8.839583129882812500e+02
2.757859191894531250e+02
1.111766953125000000e+05
5.652189062500000000e+04
2.129102050781250000e+03
7.484646875000000000e+04
2.161243750000000000e+04
8.394089843750000000e+04
1.460605937500000000e+05
2.287412343750000000e+05
7.875843261718750000e+03
1.172619921875000000e+05
2.784538125000000000e+05
1.053490917968750000e+04
6.488486718750000000e+04
2.437096289062500000e+04
4.372322265625000000e+04
8.110951875000000000e+05
7.723747656250000000e+04
1.848629843750000000e+05
7.009703750000000000e+05
1.452431700000000000e+07
1.009541171875000000e+05
6.078308984375000000e+04
2.815489375000000000e+05
1.640853593750000000e+05
5.612063000000000000e+06
8.545446250000000000e+05
9.928574218750000000e+03
5.612063000000000000e+06
4.209058203125000000e+04
4.174430468750000000e+04
3.129851875000000000e+05
4.458440000000000000e+05
3.009957812500000000e+04
3.246434687500000000e+05
2.734560625000000000e+05
6.035351250000000000e+05
7.133615625000000000e+05
1.688855625000000000e+05
7.878711875000000000e+05
2.528488500000000000e+06
1.106966200000000000e+07
2.662191210937500000e+04
1.202711125000000000e+06
3.554166250000000000e+05
3.954494140625000000e+03
6.557281500000000000e+06
1.578951125000000000e+06
3.766892187500000000e+04
6.429802500000000000e+05
3.598728000000000000e+06
2.039777500000000000e+06
4.698377343750000000e+04
8.707000781250000000e+04
1.095717400000000000e+07
4.287351171875000000e+04
1.296219726562500000e+04
1.488546406250000000e+05
2.868566080000000000e+08
1.081597700000000000e+07
6.089866796875000000e+04
3.411908400000000000e+07
2.322095703125000000e+04
6.725776367187500000e+03
3.124421632000000000e+10
6.836693750000000000e+05
2.065369062500000000e+05
1.160433375000000000e+06
6.968130400000000000e+07
8.656342773437500000e+03
7.145778125000000000e+04
9.575364257812500000e+03
1.697640156250000000e+05
3.086660156250000000e+04
4.517018066406250000e+03
3.036428906250000000e+04
6.095340000000000000e+05
2.293046800000000000e+07
8.311396875000000000e+04
1.114258125000000000e+05
8.865779296875000000e+03
4.905053125000000000e+04
1.082541600000000000e+08
3.119255937500000000e+05
2.115534000000000000e+06
2.112362695312500000e+04
7.464408500000000000e+06
2.978119140625000000e+03
3.961931250000000000e+04
8.397405273437500000e+03
1.683785000000000000e+05
3.233822265625000000e+04
5.295116250000000000e+05
1.148786425781250000e+04
1.153315312500000000e+05
3.522749375000000000e+05
5.667329687500000000e+04
2.421612304687500000e+04
5.367746800000000000e+07
1.396808593750000000e+03
3.944249218750000000e+04
3.649400000000000000e+04
6.251161621093750000e+03
2.942843000000000000e+06
2.403120000000000000e+06
5.402823242187500000e+03
1.899508125000000000e+05
4.009808203125000000e+04
4.007135937500000000e+05
4.609750937500000000e+05
4.893386718750000000e+04
7.025269531250000000e+04
3.442205000000000000e+05
3.953779375000000000e+05
7.751993750000000000e+05
1.443183281250000000e+05
6.640485156250000000e+04
9.160325000000000000e+04
2.155576562500000000e+04
2.961188160000000000e+08
4.639397187500000000e+05
6.302682031250000000e+04
9.340246875000000000e+05
2.350730859375000000e+04
3.202497802734375000e+03
2.121766560000000000e+08
7.182493125000000000e+05
8.276774218750000000e+04
4.942924375000000000e+05
1.565963500000000000e+07
3.008708740234375000e+03
4.743017578125000000e+03
7.015101318359375000e+02
1.369696875000000000e+05
4.300641875000000000e+05
3.012140000000000000e+05
1.685766093750000000e+05
9.003770507812500000e+03
1.040945117187500000e+04
2.203482187500000000e+05
1.106966200000000000e+07
6.238807031250000000e+04
7.972335449218750000e+03
1.348011562500000000e+05
1.536557187500000000e+05
7.096280273437500000e+03
1.283604248046875000e+03
1.619018750000000000e+05
1.002553515625000000e+05
6.747310937500000000e+04
5.368775625000000000e+05
5.767364375000000000e+05
2.012092500000000000e+05
3.528764687500000000e+05
1.513113875000000000e+06
2.045623281250000000e+05
1.774271093750000000e+05
1.758123125000000000e+05
1.800540625000000000e+04
2.376056640625000000e+04
4.782460937500000000e+05
5.406282500000000000e+05
1.130639062500000000e+05
5.086564687500000000e+05
1.134277500000000000e+06
3.364788437500000000e+05
7.122738750000000000e+05
3.862668750000000000e+05
2.554482343750000000e+05
4.684886718750000000e+04
4.851625625000000000e+05
6.863335000000000000e+05
2.978853437500000000e+05
1.330998593750000000e+05
1.308176800000000000e+07
6.587186718750000000e+04
3.405230078125000000e+04
4.662551757812500000e+03
4.907355468750000000e+04
7.146021000000000000e+06
7.334231250000000000e+04
7.087443125000000000e+05
1.696534570312500000e+04
6.826029375000000000e+05
2.033028710937500000e+04
4.313879687500000000e+04
1.219069750000000000e+06
3.444556250000000000e+05
6.165086059570312500e+02
3.190959179687500000e+04
3.717942187500000000e+04
6.526468750000000000e+04
3.757593505859375000e+03
8.484057500000000000e+05
1.901314453125000000e+03
3.588504687500000000e+04
3.947154687500000000e+04
3.760150312500000000e+05
2.222851562500000000e+04
3.162650312500000000e+05
9.525874023437500000e+03
6.396559570312500000e+03
1.401720156250000000e+05
2.136385351562500000e+04
1.396213671875000000e+04
4.885307128906250000e+03
8.207094531250000000e+04
7.149213281250000000e+04
3.864021093750000000e+04
2.613403320312500000e+04
5.568240500000000000e+06
4.239450390625000000e+04
3.955358154296875000e+03
1.102687968750000000e+05
1.457073900000000000e+07
3.552752812500000000e+05
3.426156640625000000e+04
1.488618906250000000e+05
3.695571875000000000e+04
2.163679843750000000e+05
1.998825312500000000e+05
1.082473203125000000e+05
6.062537597656250000e+03
1.115760750000000000e+06
7.064344375000000000e+05
1.126329589843750000e+04
1.551608125000000000e+05
3.261882031250000000e+04
5.980899609375000000e+04
3.570466406250000000e+04
1.913367968750000000e+04
1.106128400000000000e+07
1.010530546875000000e+05
7.037446875000000000e+04
7.601730000000000000e+05
6.810780625000000000e+05
1.505450439453125000e+03
2.503855273437500000e+04
1.560815625000000000e+04
6.602809375000000000e+04
4.615509062500000000e+05
8.896273437500000000e+03
1.394070468750000000e+05
1.505172000000000000e+08
1.283270385742187500e+03
1.607850952148437500e+03
7.388292480468750000e+03
2.260734570312500000e+04
5.508604049682617188e+01
1.960034484863281250e+02
4.904894140625000000e+04
1.059870971679687500e+03
2.761874755859375000e+03
1.102333496093750000e+04
1.276396562500000000e+05
1.651361450195312500e+03
7.678936250000000000e+05
1.803664750000000000e+06
1.130445875000000000e+06
1.232061750000000000e+06
6.629268000000000000e+07
5.322087000000000000e+06
2.114505500000000000e+06
6.516838400000000000e+07
4.213511000000000000e+06
1.389682714843750000e+04
3.769459968000000000e+09
6.629268000000000000e+07
5.322087000000000000e+06
6.516838400000000000e+07
3.769459968000000000e+09
1.301214800000000000e+08
2.280128400000000000e+07
1.740492750000000000e+06
5.409495703125000000e+04
9.956614400000000000e+08
3.388082400000000000e+07
2.347645898437500000e+04
9.206073750000000000e+05
2.728951562500000000e+04
7.096591308593750000e+03
1.931557068800000000e+10
4.161047296000000000e+09
4.439534062500000000e+05
1.385498624000000000e+09
4.105258437500000000e+05
1.244245156250000000e+05
2.791640320000000000e+09
4.671512500000000000e+06
1.233262125000000000e+06
9.401681250000000000e+04
7.200489472000000000e+10
4.536644800000000000e+07
2.848006000000000000e+07
8.204807000000000000e+06
4.436103600000000000e+07
1.949328640000000000e+09
1.151668777465820312e+02
1.211141125000000000e+06
2.090319062500000000e+05
1.275632910156250000e+04
1.575129687500000000e+04
2.365837187500000000e+05
4.877675390625000000e+04
1.344933200000000000e+07
4.272865500000000000e+06
6.436544140625000000e+04
7.299338125000000000e+05
2.318970400000000000e+07
2.613821500000000000e+06
9.620361718750000000e+04
9.956614400000000000e+08
7.129985156250000000e+04
1.679634375000000000e+05
8.219149218750000000e+04
1.782649625000000000e+06
1.555417600000000000e+08
7.083510000000000000e+05
2.102071875000000000e+05
4.093236000000000000e+07
8.114046875000000000e+05
4.965792500000000000e+05
2.972448750000000000e+05
2.367114531250000000e+05
7.303585000000000000e+05
7.486066406250000000e+04
1.029774687500000000e+06
4.112513671875000000e+04
1.754138625000000000e+06
3.593511230468750000e+03
2.616010937500000000e+05
4.137929500000000000e+06
8.783212500000000000e+04
2.930121582031250000e+03
2.185963250000000000e+06
4.177059000000000000e+06
7.415770507812500000e+03
4.447832421875000000e+04
4.130458000000000000e+06
1.615832885742187500e+03
4.797217773437500000e+03
4.172185500000000000e+06
4.450955859375000000e+04
4.793549804687500000e+03
1.072404453125000000e+05
7.781357812500000000e+04
1.377337500000000000e+05
5.649127343750000000e+04
1.476620996093750000e+04
5.367746800000000000e+07
8.855039062500000000e+03
1.590568437500000000e+05
1.271841503906250000e+04
4.901999218750000000e+04
7.095415500000000000e+06
1.033528359375000000e+05
1.538173144531250000e+04
1.403074000000000000e+06
1.570801093750000000e+05
7.686723632812500000e+03
3.308489062500000000e+04
4.734164375000000000e+05
2.470254375000000000e+05
7.601585000000000000e+05
9.633898125000000000e+05
4.392056562500000000e+05
1.008675937500000000e+06
2.932211875000000000e+05
7.557996250000000000e+05
1.109164875000000000e+06
2.030920776367187500e+03
2.341784570312500000e+04
3.796341857910156250e+02
2.302892578125000000e+03
6.307403200000000000e+07
1.555043437500000000e+05
4.000187840000000000e+08
7.190728027343750000e+03
7.888922500000000000e+05
2.605022265625000000e+04
4.207106500000000000e+06
7.302373760000000000e+08
5.957988000000000000e+06
8.688950781250000000e+04
5.084077600000000000e+07
3.236089843750000000e+04
4.111978437500000000e+05
1.727898750000000000e+05
1.027247187500000000e+05
6.557370312500000000e+04
4.905053125000000000e+04
7.372725000000000000e+04
8.542321093750000000e+04
7.254752343750000000e+04
5.385302343750000000e+04
6.430175390625000000e+04
8.859483750000000000e+05
1.101558886718750000e+04
2.339235546875000000e+04
4.103798125000000000e+05
2.121992031250000000e+05
3.307908593750000000e+04
1.729707226562500000e+04
1.073177968750000000e+05
4.614606640625000000e+04
4.471510156250000000e+04
1.981543945312500000e+04
8.261664843750000000e+04
5.324774609375000000e+04
5.781187109375000000e+04
7.266243652343750000e+03
8.774814843750000000e+04
1.597168281250000000e+05
8.610124023437500000e+03
1.447662109375000000e+04
1.510807226562500000e+04
4.777600000000000000e+04
4.108313437500000000e+05
1.576376250000000000e+05
4.956722812500000000e+05
1.520857031250000000e+05
4.309621582031250000e+03
1.216048375000000000e+06
6.816932128906250000e+03
3.583634062500000000e+05
2.178184687500000000e+05
3.751754062500000000e+05
3.491100937500000000e+05
5.824480859375000000e+04
1.456727656250000000e+05
1.775562812500000000e+05
3.162314648437500000e+04
2.388730781250000000e+05
3.307927812500000000e+05
1.041552100000000000e+07
2.385752734375000000e+04
3.083309375000000000e+05
8.282043457031250000e+02
2.147781500000000000e+06
3.143073125000000000e+05
2.952285000000000000e+06
3.192304687500000000e+05
5.740838125000000000e+05
8.062505625000000000e+05
3.120982910156250000e+03
1.337731718750000000e+05
3.098883125000000000e+05
3.724404375000000000e+05
3.070596500000000000e+06
2.920086875000000000e+05
4.056719062500000000e+05
1.434893554687500000e+04
3.846795000000000000e+05
1.673437031250000000e+05
4.315252929687500000e+03
7.857001562500000000e+04
9.624926757812500000e+03
9.018021875000000000e+04
1.009039687500000000e+05
8.575424375000000000e+05
2.888123750000000000e+05
8.773855000000000000e+05
1.446900000000000000e+06
1.130834375000000000e+04
5.917000000000000000e+04
9.956614400000000000e+08
7.689518066406250000e+03
1.010290527343750000e+04
3.127958398437500000e+04
9.201799804687500000e+03
1.336377343750000000e+04
1.011986100000000000e+07
8.268028320312500000e+03
1.090453515625000000e+04
2.017667187500000000e+05
7.526010937500000000e+04
1.823565250000000000e+06
1.325255375000000000e+06
1.931929062500000000e+05
8.840146875000000000e+04
4.540130468750000000e+04
1.902147500000000000e+05
8.873925000000000000e+04
4.896242812500000000e+05
8.617398750000000000e+05
1.382521250000000000e+05
1.467016406250000000e+05
3.215268750000000000e+05
3.620622000000000000e+06
1.503625625000000000e+06
1.022026875000000000e+06
9.226341250000000000e+05
3.401514687500000000e+05
8.840146875000000000e+04
2.581416500000000000e+06
2.849319062500000000e+05
1.513043593750000000e+05
1.797235875000000000e+06
8.377126250000000000e+05
1.382521250000000000e+05
4.039261250000000000e+06
3.657847500000000000e+06
1.503625625000000000e+06
9.226341250000000000e+05
1.847548750000000000e+06
1.841866250000000000e+06
2.849319062500000000e+05
1.797235875000000000e+06
4.039261250000000000e+06
1.847548750000000000e+06
8.888088867187500000e+03
1.212820500000000000e+06
1.643102343750000000e+05
7.859439941406250000e+03
4.708609375000000000e+03
1.680460937500000000e+05
6.671894531250000000e+04
1.266078125000000000e+04
1.722830781250000000e+05
1.904291015625000000e+04
7.954153125000000000e+04
1.253039500000000000e+07
8.988300781250000000e+03
9.640090240000000000e+08
2.804579345703125000e+03
7.797036250000000000e+05
1.323062402343750000e+04
6.628195625000000000e+05
1.473348480000000000e+09
2.940318250000000000e+06
4.618301171875000000e+04
3.567800800000000000e+07
2.886903125000000000e+04
3.524644687500000000e+05
1.247491171875000000e+05
1.111381640625000000e+04
1.982071093750000000e+04
9.206073750000000000e+05
1.936699218750000000e+04
1.371000781250000000e+04
7.550982421875000000e+03
3.286867187500000000e+04
8.130499218750000000e+04
1.331540625000000000e+05
2.928216601562500000e+04
4.353025000000000000e+04
3.108802500000000000e+05
5.386722500000000000e+06
1.207380600000000000e+07
1.467415156250000000e+05
9.132845000000000000e+05
3.949794531250000000e+04
6.863234375000000000e+04
1.223262848000000000e+09
7.507107500000000000e+05
6.549932500000000000e+05
7.850821093750000000e+04
4.643941500000000000e+06
2.655395750000000000e+06
6.843934000000000000e+06
1.516102900000000000e+07
1.192647812500000000e+05
8.389333750000000000e+05
1.447093125000000000e+06
1.426138281250000000e+05
2.765536000000000000e+07
1.238720996093750000e+04
3.044133007812500000e+04
5.879232500000000000e+06
5.160090000000000000e+06
7.481221250000000000e+05
9.514541440000000000e+08
4.083890937500000000e+05
2.439182343750000000e+05
3.463593250000000000e+06
2.830158437500000000e+05
5.052075625000000000e+05
1.412100937500000000e+05
2.625748800000000000e+07
3.452170500000000000e+06
1.280598125000000000e+06
1.151168200000000000e+07
1.483092125000000000e+06
1.631686500000000000e+07
3.764464453125000000e+04
2.016435937500000000e+05
3.776534375000000000e+05
1.188168066406250000e+04
1.406086425781250000e+04
3.243819375000000000e+05
3.236089843750000000e+04
4.135132812500000000e+05
2.582184326171875000e+03
2.416083906250000000e+05
4.145070500000000000e+06
2.369024843750000000e+05
2.418306250000000000e+05
6.382994531250000000e+04
3.187708984375000000e+03
5.603365625000000000e+05
2.013563500000000000e+06
3.309136250000000000e+05
5.274060625000000000e+05
1.038774121093750000e+04
2.084256054687500000e+04
2.246250000000000000e+03
5.288043000000000000e+06
4.789015000000000000e+05
3.668485500000000000e+06
4.685164062500000000e+04
3.685662109375000000e+03
7.378225097656250000e+02
2.646284750000000000e+06
5.538591875000000000e+05
1.629941500000000000e+06
1.631142382812500000e+04
9.951431640625000000e+03
1.953556445312500000e+04
3.486799500000000000e+06
3.476380468750000000e+04
1.648932812500000000e+04
3.009148193359375000e+03
2.028740750000000000e+06
1.291255664062500000e+04
2.642125781250000000e+04
7.815531250000000000e+04
4.066228906250000000e+04
1.142001250000000000e+06
1.710431406250000000e+05
6.776423125000000000e+05
1.770559125000000000e+06
7.280521875000000000e+04
4.479837500000000000e+04
1.406081125000000000e+06
3.582336500000000000e+06
1.754788125000000000e+05
6.453793125000000000e+05
1.770559125000000000e+06
3.308325000000000000e+04
8.100422656250000000e+04
3.582336500000000000e+06
6.453793125000000000e+05
8.100422656250000000e+04
5.588089000000000000e+06
4.335912890625000000e+04
1.017987011718750000e+04
1.672508437500000000e+05
7.564659375000000000e+04
5.704458125000000000e+05
1.496420400000000000e+07
1.216398625000000000e+06
3.210544531250000000e+04
2.241919531250000000e+04
8.185107910156250000e+03
1.658409062500000000e+05
7.724846679687500000e+03
8.873925000000000000e+04
4.455384375000000000e+05
2.392469687500000000e+05
7.564659375000000000e+04
3.913414400000000000e+07
5.704458125000000000e+05
1.496420400000000000e+07
2.432232343750000000e+05
3.210544531250000000e+04
2.241919531250000000e+04
1.658409062500000000e+05
1.990602250000000000e+06
4.455384375000000000e+05
2.392469687500000000e+05
3.913414400000000000e+07
2.432232343750000000e+05
1.990602250000000000e+06
1.291293847656250000e+04
5.275300903320312500e+02
1.166653906250000000e+04
1.052213906250000000e+05
1.614813671875000000e+04
3.776534375000000000e+05
1.132783625000000000e+06
3.087437500000000000e+04
4.495347265625000000e+04
2.147781500000000000e+06
7.640243750000000000e+04
8.424452343750000000e+04
1.215140625000000000e+06
1.999665937500000000e+05
5.661890000000000000e+05
1.112630375000000000e+06
3.807951562500000000e+05
2.310965250000000000e+06
8.953944531250000000e+04
1.083600700000000000e+07
3.292875781250000000e+04
8.787510742187500000e+03
4.867482910156250000e+03
6.150949375000000000e+05
2.976740000000000000e+06
1.304266250000000000e+06
9.206073750000000000e+05
1.389682714843750000e+04
8.873925000000000000e+04
2.693960250000000000e+06
6.278265625000000000e+04
8.435571875000000000e+04
3.441939062500000000e+04
3.372181750000000000e+06
5.432180000000000000e+07
1.083600700000000000e+07
6.511163125000000000e+05
3.292875781250000000e+04
8.787510742187500000e+03
2.295035500000000000e+06
6.150949375000000000e+05
2.976740000000000000e+06
9.206073750000000000e+05
1.302528500000000000e+06
1.010948200000000000e+07
2.693960250000000000e+06
1.837773593750000000e+05
6.278265625000000000e+04
8.435571875000000000e+04
1.964765200000000000e+07
3.372181750000000000e+06
5.432180000000000000e+07
6.511163125000000000e+05
2.295035500000000000e+06
7.502268000000000000e+06
1.302528500000000000e+06
1.010948200000000000e+07
1.837773593750000000e+05
1.964765200000000000e+07
7.502268000000000000e+06
4.238209375000000000e+04
8.909349609375000000e+03
1.190275875000000000e+06
4.922132500000000000e+05
1.738490478515625000e+03
8.070604687500000000e+04
1.028452734375000000e+04
6.101505859375000000e+04
1.371003750000000000e+05
3.092320625000000000e+05
8.766106445312500000e+03
1.506963593750000000e+05
9.741518750000000000e+04
4.232060937500000000e+05
1.642041718750000000e+05
2.578328437500000000e+05
6.389347265625000000e+04
8.187176757812500000e+03
7.017535937500000000e+04
2.156181718750000000e+05
9.837342968750000000e+04
3.693482812500000000e+04
1.834805156250000000e+05
7.900780625000000000e+05
6.649090625000000000e+04
2.552502500000000000e+05
1.420860000000000000e+05
4.430123750000000000e+05
3.083835625000000000e+05
1.723129843750000000e+05
3.146585000000000000e+05
4.244551562500000000e+04
1.280275390625000000e+04
1.875472343750000000e+05
1.045130687500000000e+06
4.273585937500000000e+04
3.127829687500000000e+04
4.027756250000000000e+04
5.263638750000000000e+05
8.042415039062500000e+03
2.042707617187500000e+04
1.053573437500000000e+05
4.160020937500000000e+05
5.101442500000000000e+06
1.754452640000000000e+08
1.496420400000000000e+07
3.836953750000000000e+05
1.541382600000000000e+07
2.506603437500000000e+05
6.006257812500000000e+03
5.400107520000000000e+08
2.274061875000000000e+05
3.649264062500000000e+04
1.078872960000000000e+09
6.680825000000000000e+06
1.524260250000000000e+06
3.034641817600000000e+10
2.999019750000000000e+06
1.700367343750000000e+05
1.527663232000000000e+09
6.117656875000000000e+05
8.057568750000000000e+04
1.705332000000000000e+07
1.406413414400000000e+10
3.860974000000000000e+07
4.053987750000000000e+06
1.617341440000000000e+08
5.511824000000000000e+07
9.149957760000000000e+08
5.589740000000000000e+05
1.429705468750000000e+04
3.267011250000000000e+05
2.454965312500000000e+05
6.862776562500000000e+04
4.789542500000000000e+06
2.961188160000000000e+08
1.496420400000000000e+07
9.477688281250000000e+04
8.724924804687500000e+03
2.338103750000000000e+06
7.386838125000000000e+05
1.187301562500000000e+05
9.956614400000000000e+08
6.089692968750000000e+04
2.753386718750000000e+04
7.547307500000000000e+05
5.036148800000000000e+07
6.670969500000000000e+06
1.217746250000000000e+06
7.200489472000000000e+10
6.647332500000000000e+05
7.514571093750000000e+04
3.779203750000000000e+05
1.197702968750000000e+05
1.332095092773437500e+03
4.731791600000000000e+07
1.457719843750000000e+05
1.622190312500000000e+05
3.188344500000000000e+06
2.325144400000000000e+07
2.995878000000000000e+06
3.792673437500000000e+04
7.526204800000000000e+08
6.730283000000000000e+06
2.363578500000000000e+06
3.856786000000000000e+07
9.891621000000000000e+06
8.341271484375000000e+03
7.477962890625000000e+03
2.806926250000000000e+06
3.257431360000000000e+08
6.824766250000000000e+05
1.911430937500000000e+05
1.057218480000000000e+08
2.226810781250000000e+05
9.713482000000000000e+06
1.307359750000000000e+06
3.492619375000000000e+05
4.733787109375000000e+04
1.415029500000000000e+07
3.159679250000000000e+06
3.648968359375000000e+04
8.273307000000000000e+06
1.309364750000000000e+06
9.680690625000000000e+04
1.047453100000000000e+07
9.920472000000000000e+06
1.458607125000000000e+06
4.940958496093750000e+03
1.456519775390625000e+03
2.523417031250000000e+05
2.961188160000000000e+08
1.106774200000000000e+07
3.893502500000000000e+05
3.389433600000000000e+07
5.903432421875000000e+04
1.269595703125000000e+04
3.176167424000000000e+10
2.121168500000000000e+06
3.993699375000000000e+05
5.249281875000000000e+05
2.504838000000000000e+07
1.177526000000000000e+07
1.317321760000000000e+08
2.315306400000000000e+07
1.756324750000000000e+06
1.070837500000000000e+07
2.516510000000000000e+05
1.071915703125000000e+05
9.956614400000000000e+08
6.758262500000000000e+05
6.475091796875000000e+04
8.179393920000000000e+08
1.441642900000000000e+07
1.188337800000000000e+07
1.948017664000000000e+10
1.414369440000000000e+08
2.180628800000000000e+07
7.521684480000000000e+08
1.113356700000000000e+07
2.149332812500000000e+05
9.960147840000000000e+08
1.428645683200000000e+10
8.112290560000000000e+08
1.480793000000000000e+07
2.002881945600000000e+10
7.726714240000000000e+08
1.450592870400000000e+10
8.920145600000000000e+07
1.189400546875000000e+05
1.390791875000000000e+05
6.819912000000000000e+06
6.812852500000000000e+05
7.538828125000000000e+03
4.711495625000000000e+05
2.633140039062500000e+04
8.545446250000000000e+05
8.653235156250000000e+04
9.966779520000000000e+08
8.833490625000000000e+05
6.157799000000000000e+06
3.229042750000000000e+06
4.711495625000000000e+05
2.633140039062500000e+04
9.210132800000000000e+07
9.966779520000000000e+08
6.157799000000000000e+06
3.229042750000000000e+06
4.893246400000000000e+07
9.210132800000000000e+07
4.893246400000000000e+07
5.370339000000000000e+06
1.220993300000000000e+07
4.589029687500000000e+05
9.051529375000000000e+05
1.089090820312500000e+04
2.420868750000000000e+04
1.231444480000000000e+09
5.739151875000000000e+05
8.154151875000000000e+05
1.377566113281250000e+04
2.549707750000000000e+06
1.816958750000000000e+05
8.943139648437500000e+02
3.572564843750000000e+04
5.917010742187500000e+03
5.588089000000000000e+06
9.244093000000000000e+06
2.114505500000000000e+06
3.265616000000000000e+07
1.536428320312500000e+04
5.327212500000000000e+04
7.709239680000000000e+08
5.588089000000000000e+06
9.244093000000000000e+06
3.265616000000000000e+07
7.709239680000000000e+08
3.862385546875000000e+04
6.198348437500000000e+04
4.048386535644531250e+02
9.066065429687500000e+03
1.106037700000000000e+07
1.496420400000000000e+07
4.250498437500000000e+04
9.107031875000000000e+05
1.215825195312500000e+04
1.210203613281250000e+04
2.828196608000000000e+09
1.230363828125000000e+05
6.844259375000000000e+04
3.106064648437500000e+04
3.816455000000000000e+05
4.602462890625000000e+04
5.855921484375000000e+04
3.421751562500000000e+04
4.273585937500000000e+04
6.117755625000000000e+05
1.155262656250000000e+05
2.079611718750000000e+05
3.855836914062500000e+03
9.756403906250000000e+04
1.380457250000000000e+06
6.989853027343750000e+03
2.313298242187500000e+04
7.492641113281250000e+03
3.214934960937500000e+04
4.330046562500000000e+05
8.471422656250000000e+04
3.680725000000000000e+04
7.595659667968750000e+03
2.965910625000000000e+05
2.901120000000000000e+05
1.352304531250000000e+05
4.472330000000000000e+06
1.426426875000000000e+06
8.620814843750000000e+04
4.472330000000000000e+06
6.592711181640625000e+02
6.961695861816406250e+01
4.068541015625000000e+04
6.837342529296875000e+02
1.020791015625000000e+05
2.150091250000000000e+06
2.370891875000000000e+05
1.085953593750000000e+05
2.169142500000000000e+05
1.273872109375000000e+05
1.618080312500000000e+05
3.686058125000000000e+05
6.564169921875000000e+03
1.348419875000000000e+06
2.961188160000000000e+08
1.475036900000000000e+07
3.850325937500000000e+05
9.966950400000000000e+08
5.879295312500000000e+04
3.625743750000000000e+04
7.200489472000000000e+10
2.070115875000000000e+06
1.719037968750000000e+05
1.050474100000000000e+07
1.965943360000000000e+08
4.617600625000000000e+05
2.163679843750000000e+05
3.113998125000000000e+05
2.476011406250000000e+05
6.023734765625000000e+04
1.078950625000000000e+06
6.018594921875000000e+04
5.933197265625000000e+03
7.704965625000000000e+04
1.350717285156250000e+04
3.302830468750000000e+04
3.626234765625000000e+04
2.128877812500000000e+05
9.113113750000000000e+05
4.308215625000000000e+05
4.693349609375000000e+03
1.140262500000000000e+05
2.481321875000000000e+04
2.298453281250000000e+05
2.708311500000000000e+06
2.304871562500000000e+05
4.447595312500000000e+04
1.593192089843750000e+04
1.825422070312500000e+04
6.803652000000000000e+06
2.890292480000000000e+08
8.278390000000000000e+06
1.053554875000000000e+06
7.732455000000000000e+06
1.639782500000000000e+06
2.578315937500000000e+05
1.740038000000000000e+07
8.175503125000000000e+05
2.807215625000000000e+05
3.200385280000000000e+08
5.903868800000000000e+07
6.756225500000000000e+06
1.626117632000000000e+09
3.000422720000000000e+08
7.406602000000000000e+06
3.469123600000000000e+07
7.111586000000000000e+06
1.582315750000000000e+06
1.609020600000000000e+07
2.213383168000000000e+09
2.996453760000000000e+08
5.687970400000000000e+07
1.497412736000000000e+09
3.295789200000000000e+07
2.154157312000000000e+09
1.723443750000000000e+05
3.820930078125000000e+04
1.291451015625000000e+05
1.802762343750000000e+05
2.984156800000000000e+08
1.496420400000000000e+07
4.505412500000000000e+04
9.355301120000000000e+08
2.338495117187500000e+04
1.415999511718750000e+04
7.200489472000000000e+10
3.643072500000000000e+05
8.859921875000000000e+04
2.563519375000000000e+05
6.077567000000000000e+06
1.907842968750000000e+05
2.961188160000000000e+08
1.497188400000000000e+07
4.348941796875000000e+04
4.538551562500000000e+05
2.394610937500000000e+04
1.814343994140625000e+03
9.947123840000000000e+08
1.498994218750000000e+05
3.075802148437500000e+04
4.406402800000000000e+07
4.387953750000000000e+05
1.371167187500000000e+05
7.200489472000000000e+10
4.887556400000000000e+07
1.418403125000000000e+06
8.976126400000000000e+07
1.742098750000000000e+05
4.429644042968750000e+03
1.279917920000000000e+08
1.415411840000000000e+09
1.807335600000000000e+07
1.457462656250000000e+05
1.624676864000000000e+10
3.881671200000000000e+07
7.436295040000000000e+08
1.153755390625000000e+05
6.201139062500000000e+04
2.353954062500000000e+05
2.086873125000000000e+05
7.526010937500000000e+04
2.488006640625000000e+04
8.519668945312500000e+03
1.768645703125000000e+04
4.441677734375000000e+04
4.534072656250000000e+04
1.099571875000000000e+04
2.688765312500000000e+05
1.978750122070312500e+03
1.207639500000000000e+06
1.216042968750000000e+03
2.101955468750000000e+05
4.145070500000000000e+06
2.594049218750000000e+05
8.390183593750000000e+03
7.344219531250000000e+04
2.189609069824218750e+02
8.435101875000000000e+05
1.227442250000000000e+06
3.526557812500000000e+05
2.200472265625000000e+04
1.368057861328125000e+03
3.778697021484375000e+03
7.062803955078125000e+02
6.491972500000000000e+06
7.313684375000000000e+05
3.914934000000000000e+06
9.448311767578125000e+02
3.853424377441406250e+02
1.039195098876953125e+02
3.357920000000000000e+06
1.453772875000000000e+06
1.150984500000000000e+06
1.772744750976562500e+03
1.665275878906250000e+03
3.594690917968750000e+03
6.428171500000000000e+06
7.479736938476562500e+02
5.332634277343750000e+02
3.708846740722656250e+02
3.382972250000000000e+06
1.812824584960937500e+03
7.478250732421875000e+02
1.322059040000000000e+08
1.496420400000000000e+07
1.106966200000000000e+07
1.352303281250000000e+05
4.632675840000000000e+08
6.465692800000000000e+07
2.075379687500000000e+05
9.206073750000000000e+05
2.679931445312500000e+04
9.304011718750000000e+03
2.243647692800000000e+10
7.471301120000000000e+09
1.523472500000000000e+06
2.839282176000000000e+09
7.953310937500000000e+04
7.311694531250000000e+04
8.682409600000000000e+08
9.483023000000000000e+06
1.714986875000000000e+06
3.591603515625000000e+04
7.200489472000000000e+10
6.308655200000000000e+07
3.668159600000000000e+07
2.581337343750000000e+05
1.526051100000000000e+07
4.292213760000000000e+08
9.123670625000000000e+05
8.545446250000000000e+05
4.224420410156250000e+03
9.123670625000000000e+05
1.753295937500000000e+05
1.308772558593750000e+04
1.408507187500000000e+05
2.063160312500000000e+05
7.444552343750000000e+04
9.814180000000000000e+05
2.097828250000000000e+06
1.425178900000000000e+07
1.419098281250000000e+05
4.031169140625000000e+04
4.840971484375000000e+04
4.447958750000000000e+05
2.615374687500000000e+05
2.929632187500000000e+05
1.120176074218750000e+04
5.259742187500000000e+04
1.634640625000000000e+05
4.987320937500000000e+05
3.000368125000000000e+05
6.246454375000000000e+05
7.273158593750000000e+04
5.759565625000000000e+05
2.770726400000000000e+07
6.146235500000000000e+06
1.660821093750000000e+05
1.773582656250000000e+05
4.703384375000000000e+04
5.219151562500000000e+05
4.591104687500000000e+04
3.856915312500000000e+05
1.171246191406250000e+04
6.403419921875000000e+04
2.037587812500000000e+05
7.388148750000000000e+05
1.251915125000000000e+06
3.680072812500000000e+05
9.087745625000000000e+05
4.402144500000000000e+06
1.709707187500000000e+05
9.735909375000000000e+04
5.916689453125000000e+04
6.680276875000000000e+05
3.920198437500000000e+05
1.634854625000000000e+06
1.609819531250000000e+05
3.014062890625000000e+04
3.737975625000000000e+05
3.835391406250000000e+04
8.056838281250000000e+04
1.483665500000000000e+07
9.380839843750000000e+04
7.261826562500000000e+04
3.032538125000000000e+05
2.527711250000000000e+05
4.066228906250000000e+04
3.776534375000000000e+05
1.460605937500000000e+05
1.207380600000000000e+07
6.348514375000000000e+05
6.388301250000000000e+05
5.601007812500000000e+04
4.447958750000000000e+05
4.520072500000000000e+05
1.680460937500000000e+05
1.170305000000000000e+05
2.641473750000000000e+05
7.580367187500000000e+04
1.914703000000000000e+06
2.651969375000000000e+05
6.352402500000000000e+05
4.306607812500000000e+04
1.022102187500000000e+05
5.066079000000000000e+06
4.038622500000000000e+05
3.360709062500000000e+05
1.112262265625000000e+05
6.435869140625000000e+04
5.986076875000000000e+05
1.878846875000000000e+05
2.572198281250000000e+05
1.527800312500000000e+05
6.424744140625000000e+04
3.871874750000000000e+06
3.862937500000000000e+05
1.042984000000000000e+06
3.189121875000000000e+05
9.273935000000000000e+05
4.583431250000000000e+05
3.058183125000000000e+05
9.276712500000000000e+05
1.729051093750000000e+05
4.167180000000000000e+05
5.085347500000000000e+05
1.508032875000000000e+06
1.234343500000000000e+06
3.123204750000000000e+06
1.538323040000000000e+08
2.028150800000000000e+07
1.266743750000000000e+06
7.434690500000000000e+06
8.744035156250000000e+03
4.867482910156250000e+03
9.884936960000000000e+08
8.545446250000000000e+05
8.582472656250000000e+04
1.481071488000000000e+09
4.107125750000000000e+06
3.123204750000000000e+06
5.085723852800000000e+10
1.538323040000000000e+08
2.028150800000000000e+07
9.796494080000000000e+08
7.434690500000000000e+06
8.744035156250000000e+03
9.884936960000000000e+08
4.751414886400000000e+10
1.481071488000000000e+09
4.107125750000000000e+06
5.085723852800000000e+10
9.796494080000000000e+08
4.751414886400000000e+10
5.612880625000000000e+05
2.706097656250000000e+04
3.987030517578125000e+03
3.333430859375000000e+04
2.780279000000000000e+06
2.005290000000000000e+05
4.622790625000000000e+05
2.205881250000000000e+05
5.322087000000000000e+06
1.207380600000000000e+07
1.259429453125000000e+05
9.206073750000000000e+05
6.733515625000000000e+04
7.960967968750000000e+04
1.220335872000000000e+09
9.332730625000000000e+05
5.000437187500000000e+05
1.037239140625000000e+05
4.734731000000000000e+06
2.145913440000000000e+08
1.274990400000000000e+07
3.504303437500000000e+05
6.833918080000000000e+08
7.089709375000000000e+04
3.642181640625000000e+04
4.725701427200000000e+10
1.719561000000000000e+06
1.544601093750000000e+05
9.932799000000000000e+06
1.497680480000000000e+08
3.243819375000000000e+05
2.249817656250000000e+05
2.613133281250000000e+05
2.510589218750000000e+05
4.923110156250000000e+04
4.145070500000000000e+06
3.850596008300781250e+02
4.425676875000000000e+05
7.507105468750000000e+03
2.037912343750000000e+05
4.993091406250000000e+04
2.013563500000000000e+06
3.763723144531250000e+02
3.022542187500000000e+05
1.065954062500000000e+05
5.256628000000000000e+06
1.201475781250000000e+04
1.104353984375000000e+05
1.109628710937500000e+04
5.235077148437500000e+03
4.975963671875000000e+04
1.073611250000000000e+06
9.417441406250000000e+03
1.165733437500000000e+05
1.501597851562500000e+04
2.891692871093750000e+03
1.781932656250000000e+05
2.649789648437500000e+04
7.255139062500000000e+04
3.275333203125000000e+04
8.207329687500000000e+04
1.570496191406250000e+04
3.543032031250000000e+04
4.429418750000000000e+04
8.074838281250000000e+04
4.637208203125000000e+04
4.224616000000000000e+06
8.830441250000000000e+05
9.988392578125000000e+03
2.233893906250000000e+05
1.374153281250000000e+05
6.530073437500000000e+04
1.384671040000000000e+08
4.097360750000000000e+06
7.417460625000000000e+05
1.865648281250000000e+05
1.344754560000000000e+08
1.227845859375000000e+05
4.231661250000000000e+05
1.528248160000000000e+08
3.624004687500000000e+04
1.100114531250000000e+05
1.466129750000000000e+06
2.164629218750000000e+05
1.069753500000000000e+07
9.110619140625000000e+03
2.197570250000000000e+06
3.367409375000000000e+04
8.250854492187500000e+03
6.102146000000000000e+06
6.318751562500000000e+04
8.769921093750000000e+04
8.059583750000000000e+05
2.181333750000000000e+06
9.909038085937500000e+03
6.540556875000000000e+05
8.910963867187500000e+03
6.744801562500000000e+04
3.952865625000000000e+04
2.542117773437500000e+04
7.266243652343750000e+03
5.872840234375000000e+04
9.968560937500000000e+04
8.360491210937500000e+03
2.496550781250000000e+03
4.915479980468750000e+03
2.186096875000000000e+05
4.273585937500000000e+04
9.983107500000000000e+05
2.150091250000000000e+06
7.235087500000000000e+04
2.959871875000000000e+05
4.647558750000000000e+05
6.526468750000000000e+04
6.377841015625000000e+04
2.942981250000000000e+05
5.665389062500000000e+04
1.949162343750000000e+05
7.134840000000000000e+05
3.418676250000000000e+05
2.699497187500000000e+05
5.923806250000000000e+05
1.107118906250000000e+05
1.466215000000000000e+05
8.842736875000000000e+05
1.598702968750000000e+05
1.102007812500000000e+05
1.314395937500000000e+05
8.641940625000000000e+05
1.141700750000000000e+06
3.187476875000000000e+05
2.836765625000000000e+05
3.702348828125000000e+04
1.075388476562500000e+04
2.650807128906250000e+03
4.693269531250000000e+03
1.072404453125000000e+05
3.236089843750000000e+04
7.303585000000000000e+05
1.072686718750000000e+05
1.992206406250000000e+05
2.516510000000000000e+05
1.065844296875000000e+05
2.657680937500000000e+05
8.079900000000000000e+04
2.800447070312500000e+04
6.443417500000000000e+05
3.904925937500000000e+05
1.220244140625000000e+05
5.025640937500000000e+05
2.660013750000000000e+05
1.182400937500000000e+05
3.459446875000000000e+04
3.406281000000000000e+06
4.878716875000000000e+05
2.529517656250000000e+05
4.830075000000000000e+05
1.194589160156250000e+04
5.367749511718750000e+03
4.576559000000000000e+06
4.793620312500000000e+05
3.642488750000000000e+05
1.937953906250000000e+05
1.752506875000000000e+05
1.196737031250000000e+05
2.979665250000000000e+06
3.017372812500000000e+05
2.205248281250000000e+05
1.152225390625000000e+04
4.111589500000000000e+06
1.869978593750000000e+05
2.907041250000000000e+05
2.477175781250000000e+03
2.011600781250000000e+04
3.909750366210937500e+02
1.012776000976562500e+03
9.836817968750000000e+04
2.163679843750000000e+05
1.071361796875000000e+05
8.937113281250000000e+04
8.234918945312500000e+03
4.273585937500000000e+04
2.142246250000000000e+06
1.624763061523437500e+03
1.432626269531250000e+04
6.441333984375000000e+04
2.077169921875000000e+04
1.022840234375000000e+05
2.725518437500000000e+05
2.386912597656250000e+03
4.137747265625000000e+04
5.503007031250000000e+04
1.372993652343750000e+04
2.728746337890625000e+03
4.569334375000000000e+05
6.760869140625000000e+03
7.281270507812500000e+03
2.261703437500000000e+05
8.032763183593750000e+03
6.592166015625000000e+03
2.342946484375000000e+04
2.633174560546875000e+03
5.829413085937500000e+03
1.515305273437500000e+04
2.484541503906250000e+03
1.514327880859375000e+03
1.585646625000000000e+06
3.188300390625000000e+04
1.052801855468750000e+04
2.331413750000000000e+05
1.114258125000000000e+05
2.556027526855468750e+02
3.089219140625000000e+04
1.086189331054687500e+03
2.384364000000000000e+07
1.179944625000000000e+06
4.659630312500000000e+05
3.409617187500000000e+04
9.956614400000000000e+08
1.592531625000000000e+06
2.880981250000000000e+04
1.658409062500000000e+05
3.765599218750000000e+04
4.122427246093750000e+03
4.930050048000000000e+09
1.825024160000000000e+08
1.892620468750000000e+05
2.590360800000000000e+07
4.651460937500000000e+04
5.362670312500000000e+04
1.462557120000000000e+08
9.119660000000000000e+05
8.584756250000000000e+04
1.174493554687500000e+04
3.964180224000000000e+09
3.434693250000000000e+06
9.636351875000000000e+05
2.499592343750000000e+05
2.121646000000000000e+06
1.514487200000000000e+07
1.344753600000000000e+07
4.604970000000000000e+05
1.463122600000000000e+07
1.216398625000000000e+06
9.221864375000000000e+05
1.093591406250000000e+05
8.196638671875000000e+03
1.994934375000000000e+05
4.851884277343750000e+03
8.603041406250000000e+04
6.456068000000000000e+07
4.746715200000000000e+07
1.344753600000000000e+07
4.992803600000000000e+07
4.604970000000000000e+05
1.463122600000000000e+07
3.036779200000000000e+07
9.221864375000000000e+05
1.093591406250000000e+05
1.994934375000000000e+05
8.901454720000000000e+08
6.456068000000000000e+07
4.746715200000000000e+07
4.992803600000000000e+07
3.036779200000000000e+07
8.901454720000000000e+08
3.210966250000000000e+05
8.312894531250000000e+03
2.590600468750000000e+05
2.666541562500000000e+05
1.106966200000000000e+07
3.840677187500000000e+05
1.140043906250000000e+05
3.816971923828125000e+03
1.268378125000000000e+04
6.919361000000000000e+06
2.105914375000000000e+05
3.895095625000000000e+05
5.377450781250000000e+04
5.017281500000000000e+06
4.012194921875000000e+04
1.005742578125000000e+05
2.279786132812500000e+04
3.830997812500000000e+05
9.892333007812500000e+03
1.757866375000000000e+06
5.374994531250000000e+04
1.082367125000000000e+06
6.206568750000000000e+05
8.359306250000000000e+04
1.711554125000000000e+06
6.238435625000000000e+05
1.645176875000000000e+05
3.323729375000000000e+05
8.458307000000000000e+06
1.496420400000000000e+07
6.221344531250000000e+04
4.753906000000000000e+06
3.165000937500000000e+05
2.746926562500000000e+04
6.392745600000000000e+08
1.763853125000000000e+06
4.290142500000000000e+05
3.333021500000000000e+06
3.456798400000000000e+07
3.597883125000000000e+05
4.826542812500000000e+05
2.019621375000000000e+06
7.580800000000000000e+05
1.529379680000000000e+08
3.727584687500000000e+05
1.259534000000000000e+06
1.801395600000000000e+07
8.545446250000000000e+05
1.002036010742187500e+03
5.361967680000000000e+08
1.529379680000000000e+08
3.727584687500000000e+05
1.801395600000000000e+07
5.361967680000000000e+08
9.602198125000000000e+05
3.840958984375000000e+04
1.517404375000000000e+06
1.284164355468750000e+04
3.236089843750000000e+04
9.983107500000000000e+05
1.216398625000000000e+06
4.140323791503906250e+02
9.345260742187500000e+03
5.089020312500000000e+05
1.752454589843750000e+03
3.636940234375000000e+04
2.282350976562500000e+04
2.811100312500000000e+05
2.921413281250000000e+04
2.249894500000000000e+06
8.002122070312500000e+03
3.586205859375000000e+04
1.860708862304687500e+03
7.764552343750000000e+04
2.752399062500000000e+05
3.607346484375000000e+04
1.778993200000000000e+07
2.024905875000000000e+06
2.694913750000000000e+06
1.694069600000000000e+07
7.319623125000000000e+05
1.736389687500000000e+05
1.372343281250000000e+05
2.897489257812500000e+04
8.876888671875000000e+03
1.498476875000000000e+05
1.990070500000000000e+06
1.268846250000000000e+06
9.391206054687500000e+03
8.703531250000000000e+04
7.045962500000000000e+04
1.389682714843750000e+04
3.316693603515625000e+03
9.983268750000000000e+04
4.965264843750000000e+04
1.667421484375000000e+04
4.453910000000000000e+05
2.689201562500000000e+05
2.187369531250000000e+04
5.050171875000000000e+04
4.071687812500000000e+05
1.990070500000000000e+06
1.823751367187500000e+04
1.640018164062500000e+04
1.119421972656250000e+04
2.476672607421875000e+03
7.347336718750000000e+04
4.015717187500000000e+04
4.965264843750000000e+04
1.553858906250000000e+05
6.052677500000000000e+05
2.689201562500000000e+05
5.050171875000000000e+04
1.820750000000000000e+04
1.039343945312500000e+04
1.119421972656250000e+04
7.347336718750000000e+04
1.553858906250000000e+05
1.820750000000000000e+04
3.021991875000000000e+05
2.973890750000000000e+06
2.748740800000000000e+08
1.207380600000000000e+07
6.070164375000000000e+05
3.262024750000000000e+06
2.669579750000000000e+06
6.998314843750000000e+04
9.956614400000000000e+08
5.907031250000000000e+04
3.648046093750000000e+04
5.287966000000000000e+07
1.446192600000000000e+07
9.094568125000000000e+05
2.677913804800000000e+10
2.714418750000000000e+06
2.073292656250000000e+05
5.290275600000000000e+07
3.977291250000000000e+05
3.534156875000000000e+05
1.096762900000000000e+07
4.815806080000000000e+08
8.140025000000000000e+06
3.111776000000000000e+06
1.501942880000000000e+08
5.863934500000000000e+06
1.018522160000000000e+08
2.961188160000000000e+08
3.810221093750000000e+04
1.965417773437500000e+04
2.421992343750000000e+05
6.959212402343750000e+03
4.273585937500000000e+04
3.489973449707031250e+01
1.536585998535156250e+02
2.694493164062500000e+04
2.130078320312500000e+04
1.828854843750000000e+05
1.004893264770507812e+02
1.882448828125000000e+04
1.482716308593750000e+03
1.843125585937500000e+04
5.127799987792968750e+01
2.043336914062500000e+04
5.199938964843750000e+02
7.993338281250000000e+04
7.443496704101562500e+02
1.317705444335937500e+03
9.872511718750000000e+03
3.620773925781250000e+02
2.484043945312500000e+03
3.975648437500000000e+03
3.138255750000000000e+06
4.023898046875000000e+04
4.261652343750000000e+04
3.933230000000000000e+05
8.994890625000000000e+04
1.821861718750000000e+04
1.106966171264648438e+02
1.671110156250000000e+05
2.471712951660156250e+02
6.185988671875000000e+04
4.546391406250000000e+04
1.295607910156250000e+04
4.530670500000000000e+06
3.490704687500000000e+05
3.542241015625000000e+04
1.897342812500000000e+05
1.688767031250000000e+05
2.976722900390625000e+03
3.830475097656250000e+03
2.934562890625000000e+04
1.787356875000000000e+05
5.431019531250000000e+03
2.766325312500000000e+05
1.165404980468750000e+04
3.242894687500000000e+05
3.732824462890625000e+03
1.622467675781250000e+04
2.896680000000000000e+05
2.644541015625000000e+04
2.239820703125000000e+04
3.652150390625000000e+04
2.182707500000000000e+05
7.035460937500000000e+04
1.947829843750000000e+05
2.961188160000000000e+08
6.773686718750000000e+04
1.279954394531250000e+04
1.054326625000000000e+06
3.768435937500000000e+05
1.653218593750000000e+05
7.300904375000000000e+05
2.462351757812500000e+04
2.891712187500000000e+05
5.308576250000000000e+05
8.058946250000000000e+05
7.781116875000000000e+05
1.470553600000000000e+07
7.427022656250000000e+04
3.561433984375000000e+04
1.244100390625000000e+05
5.253611328125000000e+04
1.131815136718750000e+04
8.613178710937500000e+02
5.500215332031250000e+03
3.788885937500000000e+05
2.150091250000000000e+06
2.206640937500000000e+05
6.907755468750000000e+04
2.844160937500000000e+05
5.870015625000000000e+05
2.869799687500000000e+05
7.538373125000000000e+05
1.216314765625000000e+05
1.050616000000000000e+06
2.266486093750000000e+05
2.019067968750000000e+04
3.776534375000000000e+05
8.472995625000000000e+05
4.714737890625000000e+04
2.261034687500000000e+05
1.423996625000000000e+06
5.578719531250000000e+04
5.761696875000000000e+04
9.578756250000000000e+05
3.525812000000000000e+06
4.693276171875000000e+04
2.046320000000000000e+05
1.749300750000000000e+06
1.168462656250000000e+05
2.407727500000000000e+05
5.607043750000000000e+05
1.107653250000000000e+06
3.905109765625000000e+04
4.588163437500000000e+05
7.696334960937500000e+03
1.670563875000000000e+06
1.051119609375000000e+05
1.596678500000000000e+06
7.778468125000000000e+05
1.271668906250000000e+05
3.526850312500000000e+05
1.475089550781250000e+04
1.885349125000000000e+06
1.844496718750000000e+05
1.311140375000000000e+06
1.203590000000000000e+06
4.047008125000000000e+05
1.300309570312500000e+04
1.128069375000000000e+05
1.817228625000000000e+06
4.747293750000000000e+05
5.480888671875000000e+04
1.208091796875000000e+05
1.878004250000000000e+06
1.534347500000000000e+05
2.394202031250000000e+05
2.476194140625000000e+04
4.628678500000000000e+06
1.434774843750000000e+05
1.536127832031250000e+04
4.081862500000000000e+05
2.148715750000000000e+06
4.527348828125000000e+04
8.698087500000000000e+04
1.891067187500000000e+05
4.740896484375000000e+03
7.012109375000000000e+04
1.891067187500000000e+05
4.485496250000000000e+05
8.865779296875000000e+03
1.669121125000000000e+06
2.543582500000000000e+06
3.374099218750000000e+04
1.753295937500000000e+05
3.465465937500000000e+05
6.417830468750000000e+04
1.056646406250000000e+05
4.611473632812500000e+03
3.372206787109375000e+03
5.194755859375000000e+03
1.469388769531250000e+04
2.282907812500000000e+05
5.022277812500000000e+05
4.588959375000000000e+04
1.072404453125000000e+05
9.704125976562500000e+03
9.219138750000000000e+05
2.766325312500000000e+05
9.348613281250000000e+03
3.620736718750000000e+04
2.908966250000000000e+05
5.909223046875000000e+04
1.744165820312500000e+04
8.258757500000000000e+05
2.390633398437500000e+04
9.585259375000000000e+04
5.326259375000000000e+05
3.905950000000000000e+05
5.036272265625000000e+04
2.877217812500000000e+05
1.891587890625000000e+04
1.543241015625000000e+04
1.696431093750000000e+05
5.087030468750000000e+04
6.531200390625000000e+04
5.912503906250000000e+04
2.615988281250000000e+05
1.261380390625000000e+05
3.653355859375000000e+04
7.244830468750000000e+04
1.428624062500000000e+05
5.758680859375000000e+04
4.451681640625000000e+04
5.432661743164062500e+02
4.696526953125000000e+04
1.152487988281250000e+04
3.364098750000000000e+05
3.347760000000000000e+05
1.500629062500000000e+05
1.477294843750000000e+05
7.526010937500000000e+04
4.255136875000000000e+05
7.076926250000000000e+05
3.721354062500000000e+05
1.570703000000000000e+06
5.945566015625000000e+04
3.798991875000000000e+05
5.413763750000000000e+05
1.172685375000000000e+06
2.961058125000000000e+05
7.284407500000000000e+05
1.418539625000000000e+06
9.689317968750000000e+04
2.207049218750000000e+05
1.141659375000000000e+06
6.819938750000000000e+05
2.100398437500000000e+05
1.310078281250000000e+05
1.634430786132812500e+03
2.060607421875000000e+04
4.737504500000000000e+06
5.792716406250000000e+04
1.496420400000000000e+07
6.180604296875000000e+04
2.384820156250000000e+05
7.360461250000000000e+05
1.921052500000000000e+05
4.111821562500000000e+05
5.968722265625000000e+04
2.720186914062500000e+04
3.964937000000000000e+06
6.633141000000000000e+06
3.981814750000000000e+06
2.797991500000000000e+06
3.202602500000000000e+05
4.267645937500000000e+05
4.124730500000000000e+06
3.235471875000000000e+05
7.466895000000000000e+05
8.857405625000000000e+05
3.746983600000000000e+07
4.010094750000000000e+06
8.378545500000000000e+06
4.579929500000000000e+06
2.661511000000000000e+06
3.320752000000000000e+07
1.230793359375000000e+05
3.698781250000000000e+06
1.291713515625000000e+05
5.195163000000000000e+06
6.277876171875000000e+04
3.388082400000000000e+07
9.956614400000000000e+08
2.348832617187500000e+04
9.206073750000000000e+05
7.096957031250000000e+03
2.725894921875000000e+04
5.669590000000000000e+05
1.304433281250000000e+05
1.986217187500000000e+05
8.930723437500000000e+04
5.267115000000000000e+06
4.139282400000000000e+07
9.644718750000000000e+05
8.479872000000000000e+06
8.900385937500000000e+04
6.339088750000000000e+05
2.791640320000000000e+09
1.237403250000000000e+06
4.691675000000000000e+06
9.422955468750000000e+04
7.924028000000000000e+06
1.223273000000000000e+07
7.018191250000000000e+05
1.301596000000000000e+06
1.722594218750000000e+05
1.857627031250000000e+05
1.855625120000000000e+08
5.350305500000000000e+06
5.864426500000000000e+06
2.047491375000000000e+06
4.454893200000000000e+07
1.256117520000000000e+08
1.083501500000000000e+07
5.143194000000000000e+06
6.492629375000000000e+05
1.023158160000000000e+08
5.330273200000000000e+07
1.663671630859375000e+03
3.149062988281250000e+03
6.744573242187500000e+03
1.184540283203125000e+03
8.140814208984375000e+02
8.893978271484375000e+02
4.493999511718750000e+03
3.198120727539062500e+02
3.581946875000000000e+04
1.216398625000000000e+06
4.889188281250000000e+04
4.196348000000000000e+06
1.387955566406250000e+04
1.774542358398437500e+03
1.815753906250000000e+04
1.453762100000000000e+07
1.106128400000000000e+07
1.243101718750000000e+05
1.347007250000000000e+06
2.083987890625000000e+04
1.936715625000000000e+04
6.046887680000000000e+08
6.597256875000000000e+05
2.086966875000000000e+05
2.576148281250000000e+05
2.860402000000000000e+07
1.281107324218750000e+04
2.982454687500000000e+04
7.037121093750000000e+03
1.317353393554687500e+03
3.391618896484375000e+03
8.873925000000000000e+04
3.083422119140625000e+03
1.475973242187500000e+04
1.717919335937500000e+04
1.431192993164062500e+03
3.335276855468750000e+03
3.391618896484375000e+03
6.005329589843750000e+02
1.585294189453125000e+03
1.717919335937500000e+04
3.335276855468750000e+03
1.585294189453125000e+03
2.903320625000000000e+05
1.446558105468750000e+04
3.866793125000000000e+05
6.477631250000000000e+05
3.096466796875000000e+04
6.803640000000000000e+05
7.703906250000000000e+04
6.526468750000000000e+04
6.377841015625000000e+04
2.942981250000000000e+05
2.338093554687500000e+04
2.082378281250000000e+05
7.947609375000000000e+04
1.512554531250000000e+05
9.246303906250000000e+04
2.105472500000000000e+05
1.229590429687500000e+04
1.210655078125000000e+04
5.996451953125000000e+04
1.598702968750000000e+05
1.535420410156250000e+04
1.127986328125000000e+04
7.047489062500000000e+04
7.608069375000000000e+05
7.411174316406250000e+03
1.175573828125000000e+04
1.059609218750000000e+05
1.594074843750000000e+05
3.458845937500000000e+05
3.463662187500000000e+05
1.736056835937500000e+04
3.458845937500000000e+05
1.428605000000000000e+05
3.075726250000000000e+05
8.788451875000000000e+05
2.801249267578125000e+03
1.513175097656250000e+04
5.675577343750000000e+04
1.830259375000000000e+04
4.299996643066406250e+02
1.055964300000000000e+07
3.653916796875000000e+04
2.211973242187500000e+04
2.151510781250000000e+05
1.163143800000000000e+07
2.020424499511718750e+02
2.273391265869140625e+02
4.421343383789062500e+02
4.468947656250000000e+04
7.448586718750000000e+04
6.649696777343750000e+03
8.397669531250000000e+04
3.545590937500000000e+05
5.027787109375000000e+04
7.448586718750000000e+04
3.545590937500000000e+05
2.916094726562500000e+03
1.781225937500000000e+05
2.681370312500000000e+05
5.903596093750000000e+04
9.043627929687500000e+03
8.844337500000000000e+04
1.017496000000000000e+06
2.235600937500000000e+05
5.903596093750000000e+04
1.017496000000000000e+06
1.319284700000000000e+07
5.801611250000000000e+05
4.589594140625000000e+04
9.502107000000000000e+06
8.923513750000000000e+05
3.672603906250000000e+04
3.572445312500000000e+04
8.532997656250000000e+04
6.236272949218750000e+03
2.349367500000000000e+05
1.040945117187500000e+04
2.150091250000000000e+06
1.959094140625000000e+04
2.093662968750000000e+05
9.585624218750000000e+04
2.542020898437500000e+04
4.256435937500000000e+05
4.518572812500000000e+05
3.365075781250000000e+04
5.686537890625000000e+04
1.301974902343750000e+04
2.147781500000000000e+06
1.093028359375000000e+05
2.462957421875000000e+04
6.214287500000000000e+04
3.456650390625000000e+04
1.668191406250000000e+05
1.982423125000000000e+05
4.949165312500000000e+05
1.106966200000000000e+07
5.962692187500000000e+04
6.355733203125000000e+04
6.335487304687500000e+03
6.916087890625000000e+03
1.723859625000000000e+06
3.675856875000000000e+05
2.063904062500000000e+05
2.499856250000000000e+04
1.810321500000000000e+06
8.711663125000000000e+05
4.028271250000000000e+05
3.423511328125000000e+04
2.458409375000000000e+05
3.695741406250000000e+04
1.333785937500000000e+04
4.273585937500000000e+04
1.385234843750000000e+05
7.318513125000000000e+05
3.081631103515625000e+03
3.492848388671875000e+03
4.639605957031250000e+03
1.024869375000000000e+05
1.804095156250000000e+05
2.250173750000000000e+05
1.159410546875000000e+04
1.507619042968750000e+04
1.028464453125000000e+04
6.825449375000000000e+05
1.937989062500000000e+05
2.951714375000000000e+05
3.554857666015625000e+03
3.016572509765625000e+03
7.515631347656250000e+03
1.281238281250000000e+05
1.706189257812500000e+04
6.748337890625000000e+03
1.079782226562500000e+04
8.886485625000000000e+05
2.155767578125000000e+03
1.353205957031250000e+04
1.721560742187500000e+04
1.744668457031250000e+03
1.115089257812500000e+04
8.086328735351562500e+02
2.704782750000000000e+06
3.605230312500000000e+05
1.754081875000000000e+06
3.692841875000000000e+05
3.244225097656250000e+03
2.314179531250000000e+05
7.507578613281250000e+03
1.650463671875000000e+04
2.333319843750000000e+05
5.981573046875000000e+04
9.826925000000000000e+04
2.614546630859375000e+03
1.330367736816406250e+02
3.965470886230468750e+02
2.650246826171875000e+03
1.397924707031250000e+04
2.074671600000000000e+07
4.750430468750000000e+04
3.239557421875000000e+04
3.132241796875000000e+04
9.753687040000000000e+08
3.064323242187500000e+03
1.682067875000000000e+06
2.137649023437500000e+04
2.012995125000000000e+06
1.272123828125000000e+05
6.493441280000000000e+08
8.497223750000000000e+05
4.050467500000000000e+05
1.420192187500000000e+04
6.003455600000000000e+07
7.937540800000000000e+07
1.226642200000000000e+07
4.428463437500000000e+05
1.004396796875000000e+05
1.044918906250000000e+05
1.079983906250000000e+05
6.976910400390625000e+02
5.767050781250000000e+03
1.361464599609375000e+03
2.028198750000000000e+05
2.899244500000000000e+06
4.176154500000000000e+06
2.513480625000000000e+05
1.372200625000000000e+05
2.420752187500000000e+05
1.404321500000000000e+06
4.039125600000000000e+07
1.531949414062500000e+04
9.157256875000000000e+05
1.362905957031250000e+04
8.873925000000000000e+04
1.856355312500000000e+05
3.918927187500000000e+05
1.289791953125000000e+05
4.176107031250000000e+04
1.187328000000000000e+08
5.928177280000000000e+08
2.899244500000000000e+06
1.375565600000000000e+08
4.176154500000000000e+06
2.513480625000000000e+05
1.169636250000000000e+06
2.817235000000000000e+06
1.994065312500000000e+05
2.336023200000000000e+08
1.404321500000000000e+06
4.039125600000000000e+07
9.157256875000000000e+05
8.490400000000000000e+06
7.807250000000000000e+06
1.856355312500000000e+05
1.683220000000000000e+06
3.918927187500000000e+05
1.289791953125000000e+05
1.293910220800000000e+10
1.187328000000000000e+08
5.928177280000000000e+08
1.375565600000000000e+08
3.929127600000000000e+07
1.169636250000000000e+06
2.817235000000000000e+06
2.336023200000000000e+08
1.525007200000000000e+08
8.490400000000000000e+06
7.807250000000000000e+06
1.683220000000000000e+06
1.293910220800000000e+10
3.929127600000000000e+07
1.525007200000000000e+08
5.644711328125000000e+04
2.073978906250000000e+05
2.219428515625000000e+04
3.387431152343750000e+03
1.268657714843750000e+04
8.678241210937500000e+03
3.458442871093750000e+03
9.082344726562500000e+03
1.894809920000000000e+08
2.843455200195312500e+02
1.217180750000000000e+06
1.349592500000000000e+05
4.178652500000000000e+06
1.576614952087402344e+01
7.831926500000000000e+06
1.895373760000000000e+08
2.844446105957031250e+02
1.350118906250000000e+05
7.831097500000000000e+06
9.180448437500000000e+04
8.101027832031250000e+02
3.737538281250000000e+04
9.093725585937500000e+03
1.550211132812500000e+04
1.984229375000000000e+05
8.268430664062500000e+03
4.536633203125000000e+04
6.131046386718750000e+03
1.017291406250000000e+05
3.462721484375000000e+04
2.961188160000000000e+08
1.496420400000000000e+07
1.106421600000000000e+07
2.376703125000000000e+05
9.956614400000000000e+08
3.391451200000000000e+07
2.639475976562500000e+04
9.177908125000000000e+05
6.104730078125000000e+04
3.630871875000000000e+04
7.200489472000000000e+10
3.180750848000000000e+10
3.399348437500000000e+05
2.835785984000000000e+09
1.766400312500000000e+05
4.667502187500000000e+05
2.779659008000000000e+09
3.316143125000000000e+05
2.217332031250000000e+05
6.266242578125000000e+04
7.200489472000000000e+10
3.082805250000000000e+06
2.380499500000000000e+06
5.367915625000000000e+05
3.922610500000000000e+06
3.201806000000000000e+07
1.356236800000000000e+07
2.926990820312500000e+04
9.956614400000000000e+08
8.704817382812500000e+03
7.792686875000000000e+05
2.393983007812500000e+04
2.884094062500000000e+05
1.522325632000000000e+09
2.868568125000000000e+05
1.650621289062500000e+04
3.153258500000000000e+06
8.173659667968750000e+02
4.061387187500000000e+05
2.961188160000000000e+08
1.496420400000000000e+07
1.216398625000000000e+06
4.778041000000000000e+06
1.061683828125000000e+05
3.351808984375000000e+04
9.956614400000000000e+08
8.545446250000000000e+05
8.873925000000000000e+04
1.559856320000000000e+08
8.151158750000000000e+05
4.061387187500000000e+05
7.200489472000000000e+10
2.961188160000000000e+08
1.496420400000000000e+07
9.434967200000000000e+07
4.778041000000000000e+06
1.061683828125000000e+05
9.956614400000000000e+08
1.423536768000000000e+09
1.559856320000000000e+08
8.151158750000000000e+05
7.200489472000000000e+10
9.434967200000000000e+07
1.423536768000000000e+09
6.047174000000000000e+06
1.496420400000000000e+07
3.916020625000000000e+05
7.709541875000000000e+05
1.076468164062500000e+04
3.646769531250000000e+04
9.881128960000000000e+08
3.255462812500000000e+05
1.747613437500000000e+05
5.539138281250000000e+04
1.554061375000000000e+06
7.110338867187500000e+03
1.479428125000000000e+05
2.036259218750000000e+05
5.726828515625000000e+04
2.124026953125000000e+04
1.116521875000000000e+06
3.555590312500000000e+05
2.246172070312500000e+04
1.739661406250000000e+05
5.974930468750000000e+04
7.919508593750000000e+04
1.654748593750000000e+05
6.973244531250000000e+04
2.281841250000000000e+05
1.041116093750000000e+05
1.496420400000000000e+07
7.501375000000000000e+05
8.359035000000000000e+05
1.865432812500000000e+04
3.022649062500000000e+05
1.785831875000000000e+05
1.251812500000000000e+05
2.972062500000000000e+04
4.224717812500000000e+05
2.989619726562500000e+04
2.650705000000000000e+05
2.124583906250000000e+05
4.807322812500000000e+05
7.030424218750000000e+04
3.805927734375000000e+04
6.686676500000000000e+06
2.403164843750000000e+05
9.405214062500000000e+04
2.822097187500000000e+05
1.726884062500000000e+05
2.421017968750000000e+05
3.840731640625000000e+04
3.248779687500000000e+05
2.756642187500000000e+04
8.304210937500000000e+04
1.551529000000000000e+06
6.340869531250000000e+04
5.212098125000000000e+05
2.624084062500000000e+05
7.833705625000000000e+05
2.072290312500000000e+05
2.807421875000000000e+05
3.260123437500000000e+05
5.994484375000000000e+04
4.295010000000000000e+05
1.478842656250000000e+05
7.482113125000000000e+05
4.510323750000000000e+05
3.299062109375000000e+04
3.549762109375000000e+04
1.111584082031250000e+04
3.691028125000000000e+04
2.114505500000000000e+06
1.009341875000000000e+05
2.842471250000000000e+05
1.120341328125000000e+05
3.328469500000000000e+06
1.266307656250000000e+05
1.090537734375000000e+05
8.726369531250000000e+04
1.889582800000000000e+07
9.629054687500000000e+04
5.394133593750000000e+04
1.024632812500000000e+05
1.540731875000000000e+05
4.905441406250000000e+04
4.024116796875000000e+04
5.119033593750000000e+04
6.458379375000000000e+05
9.044385156250000000e+04
7.262391875000000000e+05
5.880691796875000000e+04
2.002006000000000000e+06
8.365015625000000000e+05
1.403303000000000000e+07
1.342408900000000000e+07
7.506355625000000000e+05
1.108303125000000000e+06
7.132272800000000000e+07
8.511603125000000000e+05
7.998531250000000000e+04
1.025039375000000000e+05
6.855207031250000000e+04
9.642410278320312500e+02
1.571065984000000000e+09
1.004714880000000000e+08
1.360257600000000000e+07
5.759135600000000000e+07
1.291720900000000000e+07
6.111172500000000000e+05
1.095580080000000000e+08
6.859588800000000000e+07
8.221108750000000000e+05
9.580471093750000000e+04
5.141207552000000000e+09
1.564728960000000000e+09
9.775379200000000000e+07
5.185697600000000000e+07
1.038733600000000000e+08
4.911110656000000000e+09
2.961188160000000000e+08
1.496420400000000000e+07
5.922519000000000000e+06
3.840343750000000000e+05
9.956614400000000000e+08
1.367079900000000000e+07
5.873892968750000000e+04
7.459363750000000000e+05
3.649358203125000000e+04
1.053201562500000000e+04
7.200489472000000000e+10
3.980249856000000000e+09
2.058302500000000000e+06
9.559634560000000000e+08
1.702401875000000000e+05
3.115221562500000000e+05
1.485142144000000000e+09
1.041391300000000000e+07
3.423090312500000000e+05
5.294559375000000000e+04
7.200489472000000000e+10
1.928451840000000000e+08
1.738594800000000000e+07
1.414674500000000000e+06
8.796523000000000000e+06
4.925216320000000000e+08
4.208295312500000000e+05
1.040945117187500000e+04
3.248364375000000000e+05
1.823565250000000000e+06
3.462559375000000000e+04
1.513774062500000000e+05
1.205950000000000000e+06
1.603211562500000000e+05
6.206568750000000000e+05
8.098176250000000000e+05
6.524471093750000000e+04
1.078480234375000000e+05
1.714332750000000000e+06
7.084726250000000000e+05
6.445280000000000000e+05
9.233206875000000000e+05
6.040630468750000000e+04
1.833168125000000000e+05
5.085182500000000000e+05
6.087817500000000000e+05
8.510656250000000000e+04
3.011249687500000000e+05
6.055380000000000000e+05
1.423357125000000000e+06
1.211449218750000000e+05
1.426345000000000000e+05
8.147588867187500000e+03
9.944935156250000000e+04
1.927073750000000000e+06
5.819483984375000000e+04
6.649526250000000000e+05
1.776040125000000000e+06
3.210611562500000000e+05
5.502213125000000000e+05
1.688522500000000000e+06
5.248831250000000000e+05
1.985197125000000000e+06
8.459775000000000000e+06
1.191703046875000000e+05
2.656423828125000000e+04
6.681469375000000000e+05
4.143015500000000000e+06
1.921724000000000000e+07
9.691612548828125000e+02
3.178895600000000000e+07
2.446661376953125000e+02
5.159197387695312500e+02
5.278868800000000000e+08
1.547575561523437500e+03
1.815454833984375000e+03
3.232467041015625000e+03
2.354807812500000000e+04
4.503449218750000000e+03
4.273585937500000000e+04
2.150091250000000000e+06
2.377310302734375000e+03
1.226733398437500000e+04
6.377841015625000000e+04
3.562886718750000000e+03
3.012554101562500000e+04
2.699497187500000000e+05
7.737523437500000000e+03
1.076365429687500000e+04
2.843236800000000000e+08
1.463463100000000000e+07
3.754948437500000000e+04
8.617471360000000000e+08
2.217469140625000000e+04
1.264520117187500000e+04
7.200489472000000000e+10
3.323323750000000000e+05
7.514420312500000000e+04
2.351306562500000000e+05
5.606173500000000000e+06
2.186484400000000000e+07
1.534281640625000000e+04
1.352885000000000000e+05
6.559712890625000000e+03
3.233745117187500000e+04
5.467929375000000000e+05
2.917754882812500000e+03
2.768831250000000000e+04
4.887336875000000000e+05
5.322087000000000000e+06
1.207380600000000000e+07
2.221618164062500000e+04
3.155331250000000000e+06
2.356965039062500000e+04
1.234592163085937500e+03
9.206073750000000000e+05
8.545763549804687500e+02
1.181435644531250000e+04
6.606246000000000000e+07
7.876000000000000000e+05
1.597852343750000000e+05
1.220335872000000000e+09
1.148978222656250000e+04
2.092766562500000000e+05
3.192269200000000000e+07
5.830515000000000000e+05
2.816716796875000000e+03
1.328238671875000000e+04
3.049713600000000000e+08
1.327784600000000000e+07
1.492643281250000000e+05
8.363156250000000000e+05
4.649516500000000000e+06
6.365002000000000000e+07
4.440655937500000000e+05
1.666673217773437500e+03
1.988482750000000000e+06
1.747044335937500000e+04
1.144705500000000000e+06
2.720066406250000000e+03
1.405908203125000000e+04
2.845115250000000000e+06
6.519617675781250000e+03
4.304513671875000000e+04
4.935017968750000000e+04
1.645281875000000000e+05
1.919402560000000000e+08
1.106966200000000000e+07
1.216398625000000000e+06
4.492366875000000000e+05
2.920208750000000000e+06
3.046546484375000000e+04
6.787189600000000000e+07
4.231551500000000000e+06
1.389682714843750000e+04
9.796988000000000000e+06
1.187177800000000000e+07
1.645281875000000000e+05
1.069188096000000000e+10
1.919402560000000000e+08
1.106966200000000000e+07
3.706015600000000000e+07
4.492366875000000000e+05
2.920208750000000000e+06
6.787189600000000000e+07
5.546195200000000000e+08
9.796988000000000000e+06
1.187177800000000000e+07
1.069188096000000000e+10
3.706015600000000000e+07
5.546195200000000000e+08
4.271868000000000000e+06
1.688272875000000000e+06
6.610898437500000000e+03
4.271868000000000000e+06
3.746119687500000000e+05
8.394743750000000000e+05
3.525970250000000000e+06
1.098327375000000000e+06
1.832521289062500000e+04
8.003403808593750000e+03
3.666598876953125000e+03
9.422302734375000000e+03
1.113624707031250000e+04
9.240956054687500000e+03
8.739208007812500000e+03
1.058830761718750000e+04
5.322087000000000000e+06
1.233492900000000000e+07
4.323562890625000000e+04
9.007062500000000000e+05
1.129934179687500000e+04
1.278122070312500000e+04
1.235580544000000000e+09
2.749088437500000000e+05
7.473390625000000000e+04
2.498228515625000000e+04
9.111219375000000000e+05
2.353357031250000000e+05
2.848457500000000000e+06
4.731517187500000000e+04
9.956614400000000000e+08
2.915495898437500000e+04
1.677982031250000000e+05
2.700822265625000000e+04
9.238527500000000000e+05
6.069037440000000000e+08
5.386958500000000000e+06
5.972885546875000000e+04
6.909118400000000000e+07
1.925952031250000000e+05
4.066228906250000000e+04
9.602198125000000000e+05
1.137778125000000000e+05
1.474080625000000000e+05
4.970858437500000000e+05
1.083522578125000000e+05
2.606462812500000000e+05
8.873925000000000000e+04
3.971740722656250000e+03
2.561315156250000000e+05
3.451115937500000000e+05
8.969996875000000000e+04
4.335521562500000000e+05
4.638021484375000000e+04
2.071675937500000000e+05
5.928573828125000000e+04
4.107463437500000000e+05
9.969406250000000000e+04
4.970858437500000000e+05
4.816780078125000000e+04
6.032737792968750000e+03
2.384105224609375000e+03
6.555331875000000000e+05
1.646682187500000000e+05
3.451115937500000000e+05
7.234107812500000000e+04
5.087321484375000000e+04
2.071675937500000000e+05
4.107463437500000000e+05
5.119614453125000000e+04
3.501953125000000000e+04
6.032737792968750000e+03
6.555331875000000000e+05
7.234107812500000000e+04
5.119614453125000000e+04
2.973338000000000000e+06
1.403303000000000000e+07
5.704458125000000000e+05
7.086511718750000000e+04
2.291503500000000000e+06
5.771337500000000000e+05
5.448825000000000000e+05
1.058396328125000000e+05
3.470110156250000000e+04
1.244969921875000000e+04
3.799774400000000000e+07
7.935908500000000000e+06
5.154964500000000000e+06
2.225377200000000000e+07
6.601807500000000000e+05
1.497135468750000000e+05
6.640451000000000000e+06
3.946320250000000000e+06
7.865146875000000000e+05
7.790074218750000000e+04
1.410931200000000000e+08
3.109494400000000000e+07
2.240984000000000000e+07
2.085745250000000000e+06
5.181205000000000000e+06
1.154308560000000000e+08
5.416449609375000000e+04
1.012250244140625000e+03
1.734207031250000000e+04
5.630060937500000000e+04
9.228831176757812500e+02
4.221745910644531250e+02
1.167262750000000000e+06
7.018050625000000000e+05
2.232595312500000000e+04
1.167262750000000000e+06
1.352193000000000000e+06
5.873135000000000000e+05
1.772661093750000000e+05
7.526010937500000000e+04
7.287367500000000000e+05
2.465542500000000000e+05
3.888392812500000000e+05
4.042164062500000000e+04
2.448264453125000000e+04
3.180305000000000000e+05
8.873925000000000000e+04
9.365795312500000000e+04
8.991803750000000000e+05
5.770132812500000000e+04
3.684567578125000000e+04
6.470388750000000000e+05
1.124906500000000000e+06
7.806532812500000000e+04
5.061787500000000000e+04
2.880152500000000000e+05
1.156174218750000000e+05
4.042164062500000000e+04
3.077720250000000000e+06
1.934544921875000000e+04
1.683881835937500000e+04
5.485003125000000000e+05
2.801139687500000000e+05
5.770132812500000000e+04
7.598808750000000000e+05
5.858444375000000000e+05
7.806532812500000000e+04
2.880152500000000000e+05
1.819869875000000000e+06
1.473187875000000000e+06
1.934544921875000000e+04
5.485003125000000000e+05
7.598808750000000000e+05
1.819869875000000000e+06
4.206076000000000000e+06
9.375443125000000000e+05
2.035485000000000000e+06
1.525762625000000000e+06
1.237785625000000000e+06
1.903359531250000000e+05
7.079654687500000000e+04
1.033691687500000000e+06
5.888905625000000000e+05
9.983107500000000000e+05
4.260537812500000000e+05
5.640628750000000000e+05
2.534204101562500000e+03
8.665041015625000000e+03
4.576910000000000000e+05
3.404525781250000000e+04
7.015247070312500000e+03
8.787510742187500000e+03
3.649295312500000000e+04
5.789631835937500000e+03
2.289992968750000000e+04
4.831102343750000000e+04
1.659856323242187500e+03
3.879422656250000000e+04
2.486979296875000000e+04
5.184999389648437500e+02
3.581225830078125000e+03
4.589038671875000000e+04
4.908845214843750000e+03
1.876186645507812500e+03
5.720395507812500000e+03
4.790902000000000000e+07
2.989187200000000000e+08
3.116718750000000000e+02
6.267287890625000000e+04
1.943424000000000000e+07
6.124224090576171875e+01
1.751804492187500000e+04
3.714019140625000000e+04
2.527875585937500000e+04
7.607217407226562500e+01
2.574027008000000000e+09
3.691918457031250000e+03
7.130241000000000000e+06
2.891647750000000000e+06
7.690756875000000000e+05
6.635053710937500000e+02
3.446928750000000000e+05
3.179205500000000000e+06
8.688103485107421875e+01
3.006357421875000000e+04
5.808735200000000000e+07
2.996671040000000000e+08
7.110434082031250000e+03
4.579097187500000000e+05
1.755178125000000000e+05
2.643915600000000000e+07
1.458463750000000000e+05
5.130715000000000000e+05
2.341065820312500000e+04
9.687350400000000000e+08
2.274796386718750000e+03
5.769086425781250000e+03
2.656717578125000000e+04
8.117050625000000000e+05
2.117156800000000000e+07
4.538905000000000000e+06
5.600494628906250000e+03
1.127697500000000000e+07
6.439454296875000000e+04
9.018408125000000000e+05
1.389682714843750000e+04
9.626919921875000000e+03
1.252399780273437500e+03
8.625337500000000000e+04
3.143118125000000000e+05
6.439454296875000000e+04
9.018408125000000000e+05
9.626919921875000000e+03
3.143118125000000000e+05
4.620106875000000000e+05
7.307811718750000000e+04
6.755288281250000000e+04
2.491554296875000000e+04
1.831673828125000000e+04
4.881360937500000000e+04
2.331689257812500000e+04
1.255928808593750000e+04
1.335553027343750000e+04
2.800247070312500000e+04
7.972296093750000000e+04
3.265729296875000000e+04
8.780072265625000000e+03
1.454134082031250000e+04
1.466399687500000000e+05
2.203908203125000000e+04
1.475260375000000000e+06
1.641455125000000000e+06
4.108593750000000000e+04
1.475260375000000000e+06
1.740576367187500000e+04
3.380145874023437500e+02
4.835722167968750000e+03
4.527860000000000000e+05
1.070571900000000000e+07
3.746623500000000000e+06
1.097834921875000000e+05
3.021612109375000000e+04
1.326076200000000000e+07
9.956614400000000000e+08
7.716325781250000000e+04
7.750810625000000000e+05
3.714132421875000000e+04
4.905254687500000000e+04
7.787531250000000000e+05
1.176108125000000000e+06
1.750787968750000000e+05
8.955764062500000000e+04
1.656368320000000000e+08
8.353311360000000000e+08
2.904948500000000000e+06
5.632705200000000000e+07
2.097768250000000000e+06
3.340903125000000000e+05
1.498998784000000000e+09
4.349518500000000000e+06
6.831290000000000000e+06
1.273658203125000000e+05
2.716954000000000000e+07
2.358600000000000000e+07
1.869853000000000000e+06
7.338815500000000000e+06
1.486208625000000000e+06
3.652325937500000000e+05
4.091335680000000000e+09
1.197069600000000000e+08
1.353787680000000000e+08
2.129964000000000000e+07
6.495444800000000000e+07
4.639378880000000000e+08
2.315412800000000000e+07
2.183550400000000000e+07
7.429545000000000000e+06
1.895746816000000000e+09
2.433141760000000000e+08
1.173369018554687500e+03
1.676897343750000000e+05
1.693609960937500000e+04
3.347760000000000000e+05
2.150091250000000000e+06
1.496420400000000000e+07
4.492414062500000000e+05
2.756917812500000000e+05
1.061182734375000000e+05
5.311093125000000000e+05
7.547789843750000000e+04
2.381983437500000000e+05
1.435486328125000000e+04
3.684522187500000000e+05
2.488002968750000000e+05
2.681674687500000000e+05
1.814856406250000000e+05
1.715705000000000000e+05
3.255824414062500000e+04
6.088880000000000000e+05
5.129170500000000000e+06
6.375252500000000000e+06
1.050339062500000000e+05
1.678383750000000000e+05
2.694307187500000000e+05
3.304323750000000000e+05
3.446689062500000000e+04
1.335106250000000000e+05
1.885702929687500000e+04
3.745169062500000000e+05
1.622251000000000000e+06
2.482340937500000000e+05
6.789716250000000000e+05
2.902188437500000000e+05
3.082127500000000000e+05
2.965440250000000000e+06
2.424379531250000000e+05
3.239785000000000000e+05
6.792596093750000000e+04
1.626558750000000000e+05
8.526901875000000000e+05
1.145502625000000000e+06
5.806764375000000000e+05
7.526010937500000000e+04
1.603359843750000000e+05
1.996665234375000000e+04
2.023170043945312500e+03
1.807792812500000000e+05
2.743402734375000000e+04
1.511512109375000000e+04
1.021408496093750000e+04
9.410948437500000000e+04
6.016940429687500000e+03
8.289398437500000000e+04
7.306015625000000000e+03
4.097774414062500000e+03
1.366245410156250000e+04
1.871081250000000000e+04
1.584051367187500000e+04
1.413221484375000000e+04
1.950062187500000000e+05
2.748740800000000000e+08
1.207380600000000000e+07
2.114505500000000000e+06
5.223468750000000000e+05
4.770879296875000000e+04
1.899509570312500000e+04
9.956614400000000000e+08
8.545446250000000000e+05
8.873925000000000000e+04
6.055097000000000000e+06
5.017150625000000000e+05
1.950062187500000000e+05
2.677913804800000000e+10
2.748740800000000000e+08
1.207380600000000000e+07
1.269039000000000000e+07
5.223468750000000000e+05
4.770879296875000000e+04
9.956614400000000000e+08
6.568627200000000000e+07
6.055097000000000000e+06
5.017150625000000000e+05
2.677913804800000000e+10
1.269039000000000000e+07
6.568627200000000000e+07
2.672376250000000000e+05
3.312919062500000000e+05
3.813045937500000000e+05
2.655365625000000000e+05
2.336397705078125000e+03
4.417630937500000000e+05
2.346875156250000000e+05
8.427142500000000000e+05
3.698562187500000000e+05
3.322127441406250000e+03
1.553375488281250000e+04
3.903419140625000000e+04
1.677903906250000000e+04
2.914120117187500000e+03
1.826888281250000000e+04
9.838693750000000000e+04
1.803655078125000000e+04
2.436659179687500000e+04
2.161243750000000000e+04
2.851539794921875000e+03
8.988411132812500000e+03
4.124696777343750000e+03
1.498073906250000000e+05
8.594760742187500000e+02
2.660353027343750000e+03
7.281270507812500000e+03
1.642259570312500000e+04
3.335051875000000000e+05
4.467443359375000000e+04
1.798436562500000000e+05
5.499904375000000000e+05
3.060977343750000000e+04
7.002580468750000000e+04
1.073787968750000000e+05
2.139451093750000000e+05
2.030855937500000000e+05
4.896697500000000000e+06
1.095418600000000000e+07
1.460173000000000000e+07
1.171677343750000000e+04
9.206073750000000000e+05
6.746046386718750000e+03
3.253226562500000000e+04
2.799921408000000000e+09
2.911056054687500000e+04
1.624549687500000000e+05
2.512773437500000000e+04
4.993631562500000000e+05
3.319989250000000000e+06
1.106966200000000000e+07
6.823546875000000000e+04
1.880092000000000000e+07
7.071179687500000000e+04
7.663057617187500000e+03
9.487388800000000000e+07
2.803189375000000000e+05
2.350143125000000000e+05
4.884622500000000000e+06
1.392940100000000000e+07
1.075902812500000000e+05
2.781953125000000000e+05
1.986116875000000000e+05
5.929724375000000000e+05
1.977949218750000000e+05
3.297344665527343750e+02
6.312041503906250000e+03
3.403400802612304688e+01
3.263258056640625000e+02
4.346955500000000000e+06
1.230474140625000000e+05
4.987457600000000000e+08
9.459953125000000000e+04
1.010355078125000000e+05
3.264421484375000000e+04
4.767535500000000000e+06
1.381962112000000000e+09
8.997713750000000000e+05
1.354366375000000000e+06
9.994629760000000000e+08
4.811343000000000000e+06
1.732013250000000000e+06
1.297173242187500000e+04
4.899075000000000000e+06
2.971179520000000000e+08
5.322087000000000000e+06
6.795771093750000000e+04
2.517660400000000000e+07
3.126109179687500000e+04
4.227233203125000000e+04
1.946840268800000000e+10
4.185616875000000000e+05
2.858513125000000000e+05
4.811450937500000000e+05
7.976616500000000000e+06
4.388784179687500000e+03
1.040945117187500000e+04
4.602726440429687500e+02
1.252044311523437500e+03
1.824617773437500000e+04
3.752514062500000000e+04
1.027295875000000000e+06
1.663277968750000000e+05
6.206568750000000000e+05
6.741911250000000000e+05
3.187345937500000000e+05
4.575230000000000000e+05
3.069924062500000000e+05
5.755891875000000000e+05
6.953468125000000000e+05
9.328599609375000000e+03
7.094154785156250000e+03
3.225394775390625000e+03
2.188024062500000000e+05
2.695356000000000000e+06
1.547991406250000000e+05
3.153515625000000000e+05
3.423364062500000000e+04
1.238053710937500000e+04
3.620322021484375000e+03
1.367760131835937500e+03
8.133268125000000000e+05
2.886363750000000000e+05
1.456577625000000000e+06
9.740949218750000000e+03
1.059426757812500000e+04
2.359893554687500000e+04
1.403648000000000000e+06
1.116649511718750000e+04
1.374727875000000000e+06
1.658551406250000000e+05
3.094872500000000000e+05
2.252119062500000000e+05
2.281723750000000000e+05
6.216354492187500000e+03
4.580813281250000000e+04
1.589331900000000000e+07
4.681574000000000000e+06
7.373241250000000000e+05
1.474039625000000000e+06
1.117151700000000000e+07
8.172664843750000000e+04
1.686423750000000000e+05
2.095780312500000000e+05
8.873925000000000000e+04
8.295128906250000000e+03
6.314782400000000000e+07
2.792984800000000000e+07
1.589331900000000000e+07
6.172773200000000000e+07
4.681574000000000000e+06
7.373241250000000000e+05
5.347214000000000000e+06
1.117151700000000000e+07
8.172664843750000000e+04
2.095780312500000000e+05
4.781155520000000000e+08
6.314782400000000000e+07
2.792984800000000000e+07
6.172773200000000000e+07
5.347214000000000000e+06
4.781155520000000000e+08
1.252441992187500000e+04
8.643201875000000000e+05
1.582715156250000000e+05
8.996383125000000000e+05
7.252908750000000000e+05
3.603178125000000000e+05
8.873925000000000000e+04
8.218234400000000000e+07
8.596426250000000000e+05
8.747959000000000000e+06
2.215968250000000000e+06
8.996383125000000000e+05
7.252908750000000000e+05
1.515761700000000000e+07
8.218234400000000000e+07
8.747959000000000000e+06
2.215968250000000000e+06
2.395184800000000000e+07
1.515761700000000000e+07
2.395184800000000000e+07
1.183924750000000000e+06
9.206073750000000000e+05
1.389682714843750000e+04
8.148780468750000000e+04
1.159285546875000000e+05
8.873925000000000000e+04
3.682625500000000000e+06
1.183924750000000000e+06
9.206073750000000000e+05
8.148780468750000000e+04
3.682625500000000000e+06
9.789781250000000000e+04
1.040945117187500000e+04
1.337507187500000000e+05
4.428463437500000000e+05
1.031652099609375000e+03
1.881976757812500000e+04
1.103444238281250000e+04
1.877900937500000000e+05
1.962325390625000000e+04
3.180462500000000000e+05
2.872751708984375000e+03
7.713603906250000000e+04
1.518563476562500000e+04
5.766236875000000000e+05
5.256021875000000000e+04
3.082453750000000000e+05
4.069563964843750000e+03
1.037642211914062500e+03
5.791658691406250000e+03
1.470606718750000000e+05
1.755671484375000000e+04
1.002355529785156250e+03
8.739891601562500000e+03
5.889826875000000000e+05
1.775057983398437500e+03
3.407479980468750000e+03
9.790938281250000000e+04
2.530603710937500000e+04
1.864734741210937500e+03
9.358049774169921875e+01
6.708170410156250000e+03
1.440852661132812500e+02
4.822888565063476562e+01
9.666129302978515625e+01
7.966708000000000000e+07
5.588089000000000000e+06
1.207380600000000000e+07
7.147079687500000000e+04
2.908435500000000000e+06
2.513480625000000000e+05
3.538918750000000000e+04
4.177145600000000000e+07
1.450868945312500000e+04
4.905053125000000000e+04
5.041120320000000000e+08
7.891213600000000000e+07
8.293838500000000000e+06
7.267137280000000000e+08
3.618788437500000000e+05
1.102964625000000000e+06
5.956910080000000000e+08
1.310930375000000000e+06
3.321194687500000000e+05
1.204141125000000000e+06
1.221172121600000000e+10
4.377043200000000000e+07
2.760729600000000000e+07
2.463516800000000000e+07
5.440579200000000000e+07
6.962606720000000000e+08
2.730203515625000000e+04
1.998794687500000000e+05
1.791231040000000000e+08
1.496420400000000000e+07
6.203836328125000000e+04
3.132337500000000000e+04
1.281911718750000000e+05
7.949625781250000000e+04
1.132866015625000000e+04
5.451780480000000000e+08
1.153075546875000000e+05
2.752617773437500000e+04
7.777670312500000000e+04
1.057767000000000000e+06
2.103391406250000000e+05
4.906625781250000000e+04
3.101088972800000000e+10
1.836364375000000000e+06
4.268879375000000000e+05
6.129202343750000000e+04
4.340294921875000000e+04
6.441038574218750000e+03
5.151169375000000000e+05
2.184886718750000000e+04
1.476194238281250000e+04
5.597412500000000000e+06
3.133137187500000000e+05
8.724531250000000000e+04
1.713138476562500000e+04
2.892867000000000000e+06
2.050345937500000000e+05
4.958658203125000000e+04
6.631380800000000000e+07
2.126688281250000000e+05
1.312220996093750000e+04
9.940389648437500000e+03
1.029724921875000000e+05
7.408553125000000000e+05
7.128740625000000000e+04
1.973503710937500000e+04
5.549626875000000000e+05
4.304965234375000000e+04
1.696754843750000000e+05
7.480573730468750000e+03
3.582835156250000000e+04
3.702934765625000000e+04
3.641267968750000000e+04
2.915301171875000000e+04
3.299600000000000000e+04
6.077653515625000000e+04
8.597800781250000000e+04
9.052772500000000000e+05
1.254320019531250000e+04
1.375490527343750000e+04
2.656826757812500000e+04
2.923256800000000000e+07
1.496420400000000000e+07
7.876853125000000000e+04
8.299073600000000000e+07
7.517646875000000000e+04
3.787645312500000000e+04
1.240451968000000000e+09
9.505228750000000000e+05
1.324865468750000000e+05
4.761544375000000000e+05
7.559985000000000000e+06
5.704458125000000000e+05
2.555204882812500000e+04
1.073800878906250000e+04
5.899414453125000000e+04
1.384430468750000000e+05
1.477802300000000000e+07
1.216398625000000000e+06
3.421275390625000000e+04
9.452078857421875000e+02
8.673708593750000000e+04
7.535274500000000000e+06
1.384430468750000000e+05
1.477802300000000000e+07
3.421275390625000000e+04
7.535274500000000000e+06
4.295692187500000000e+04
4.831180625000000000e+05
1.302903750000000000e+06
2.265042656250000000e+05
6.377841015625000000e+04
2.788247812500000000e+05
1.125286250000000000e+06
1.718298593750000000e+05
8.309921875000000000e+05
1.051069531250000000e+05
8.445421875000000000e+05
2.961188160000000000e+08
1.710429687500000000e+05
8.915355834960937500e+02
4.274740500000000000e+06
6.590243530273437500e+02
3.807379531860351562e+01
4.042280000000000000e+08
3.487671142578125000e+03
1.335962829589843750e+02
1.273517456054687500e+03
6.576615722656250000e+03
4.114540405273437500e+02
3.909395507812500000e+03
1.136232968750000000e+05
1.818618286132812500e+03
4.391118774414062500e+02
7.616981445312500000e+03
1.790128295898437500e+03
3.824437866210937500e+02
9.206073750000000000e+05
2.488434814453125000e+03
7.507685546875000000e+03
5.454838867187500000e+03
1.997139453125000000e+04
2.662641920000000000e+08
1.164480100000000000e+07
2.134474250000000000e+06
9.973530240000000000e+08
7.139141875000000000e+05
6.945071093750000000e+04
2.621559193600000000e+10
2.750597440000000000e+08
1.141586800000000000e+07
1.000695296000000000e+09
2.770339430400000000e+10
1.636489600000000000e+07
9.206073750000000000e+05
1.389682714843750000e+04
1.723240000000000000e+06
8.113165000000000000e+05
8.873925000000000000e+04
5.177968400000000000e+07
1.636489600000000000e+07
9.206073750000000000e+05
1.723240000000000000e+06
5.177968400000000000e+07
8.177208000000000000e+06
8.507748125000000000e+05
9.956614400000000000e+08
1.551665781250000000e+05
1.496862625000000000e+06
8.722609375000000000e+04
8.196048000000000000e+06
2.693730560000000000e+08
9.947731200000000000e+08
1.498290750000000000e+06
2.697468160000000000e+08
1.426247187500000000e+05
8.701171200000000000e+07
4.681574000000000000e+06
1.474039625000000000e+06
4.748511562500000000e+05
1.400922187500000000e+05
6.606009375000000000e+04
2.179032617187500000e+04
9.956614400000000000e+08
8.545446250000000000e+05
8.873925000000000000e+04
3.698407250000000000e+06
1.356002500000000000e+06
2.387794687500000000e+05
1.426247187500000000e+05
1.589655756800000000e+10
8.701171200000000000e+07
4.681574000000000000e+06
2.440931250000000000e+06
1.429083375000000000e+06
6.098823125000000000e+05
8.648000000000000000e+05
1.400922187500000000e+05
6.606009375000000000e+04
9.956614400000000000e+08
1.541900000000000000e+07
8.769343000000000000e+06
3.698407250000000000e+06
1.143055300000000000e+07
1.356002500000000000e+06
2.387794687500000000e+05
1.589655756800000000e+10
8.018451000000000000e+06
2.440931250000000000e+06
1.429083375000000000e+06
8.648000000000000000e+05
4.879546000000000000e+07
1.541900000000000000e+07
8.769343000000000000e+06
1.143055300000000000e+07
8.018451000000000000e+06
4.879546000000000000e+07
1.443889280000000000e+08
1.893764400000000000e+07
1.800571000000000000e+06
1.182731328125000000e+05
9.956614400000000000e+08
3.388082400000000000e+07
7.709080468750000000e+04
9.206073750000000000e+05
4.905053125000000000e+04
2.695035546875000000e+04
4.807808204800000000e+10
5.444789248000000000e+09
3.313157500000000000e+06
2.415976960000000000e+09
1.523186375000000000e+06
6.040136250000000000e+05
2.791640320000000000e+09
6.812482000000000000e+06
5.371409500000000000e+06
7.102648437500000000e+04
7.200489472000000000e+10
3.165991040000000000e+08
1.881624960000000000e+08
1.375160900000000000e+07
6.702220400000000000e+07
5.481311232000000000e+09
1.178458400000000000e+07
7.510100625000000000e+05
4.489632031250000000e+04
5.291054500000000000e+06
9.602198125000000000e+05
2.851537187500000000e+05
6.143393125000000000e+05
1.934654907226562500e+03
3.264255000000000000e+05
9.078478125000000000e+04
5.256979980468750000e+02
3.775020312500000000e+04
4.109327697753906250e+02
2.044186718750000000e+04
1.258102246093750000e+04
5.333763183593750000e+03
9.387068750000000000e+04
2.829206445312500000e+04
1.407353906250000000e+05
1.712404687500000000e+05
2.962613085937500000e+04
4.247002929687500000e+03
3.796958984375000000e+04
4.708522187500000000e+05
1.134645019531250000e+03
1.837900000000000000e+04
3.744108154296875000e+03
2.112876718750000000e+05
7.512248535156250000e+03
1.447678710937500000e+04
1.973819375000000000e+06
1.948535937500000000e+04
3.462001220703125000e+03
9.442202148437500000e+03
1.560991455078125000e+03
3.197796386718750000e+03
1.290357543945312500e+03
1.794834960937500000e+04
4.834739062500000000e+05
6.214519531250000000e+04
8.945599375000000000e+05
6.057979375000000000e+05
1.145762750000000000e+06
1.940107812500000000e+04
1.158178281250000000e+05
6.815371875000000000e+04
3.485277343750000000e+04
6.604761718750000000e+04
1.568429375000000000e+06
1.355582600000000000e+07
5.322087000000000000e+06
5.010812890625000000e+04
6.498346250000000000e+05
3.233118125000000000e+05
2.234015820312500000e+04
1.359598375000000000e+06
1.090744726562500000e+04
3.586435156250000000e+04
2.198071200000000000e+07
3.089910750000000000e+06
5.187512187500000000e+05
3.573374080000000000e+08
1.198888046875000000e+05
2.273049375000000000e+05
7.407330000000000000e+06
3.975542812500000000e+05
9.667913281250000000e+04
3.885101250000000000e+05
2.751027840000000000e+08
6.979724500000000000e+06
1.448099750000000000e+06
5.347617000000000000e+06
1.213471000000000000e+07
1.695279360000000000e+08
7.920400000000000000e+04
7.635435625000000000e+05
1.095085253906250000e+04
6.765248535156250000e+03
4.859164062500000000e+04
1.037950546875000000e+05
1.348756738281250000e+04
1.108899453125000000e+05
2.965086400000000000e+07
1.106966200000000000e+07
3.839809062500000000e+05
1.030433300000000000e+07
7.933841406250000000e+04
1.268312890625000000e+04
7.054777600000000000e+08
1.119010750000000000e+06
3.893528437500000000e+05
7.032663750000000000e+05
1.472374900000000000e+07
1.005305187500000000e+06
5.410373046875000000e+03
6.634922800000000000e+07
4.960812011718750000e+03
7.782245000000000000e+05
2.721330859375000000e+04
1.470770625000000000e+05
2.402021280000000000e+08
5.655117500000000000e+05
9.292580468750000000e+04
8.588213000000000000e+06
9.415216875000000000e+05
3.198496679687500000e+04
4.296566875000000000e+05
1.317832000000000000e+06
3.075148750000000000e+05
8.378684570312500000e+03
1.433721289062500000e+04
2.447347187500000000e+05
1.167188085937500000e+04
1.496906250000000000e+04
1.733477625000000000e+06
2.011600781250000000e+04
3.654547265625000000e+04
5.322087000000000000e+06
2.114505500000000000e+06
3.712751171875000000e+04
2.534105156250000000e+05
2.079807968750000000e+05
1.389682714843750000e+04
3.476857187500000000e+05
2.972298437500000000e+05
2.965963200000000000e+07
6.765864500000000000e+06
3.519945312500000000e+05
5.282526875000000000e+05
5.121621875000000000e+04
1.192381718750000000e+05
8.956891406250000000e+04
5.322087000000000000e+06
1.720112031250000000e+05
4.596580937500000000e+05
3.362736500000000000e+06
8.811211250000000000e+05
1.532939875000000000e+06
8.921539375000000000e+05
2.965963200000000000e+07
3.994415625000000000e+05
4.544623437500000000e+05
5.282526875000000000e+05
1.192381718750000000e+05
9.035936250000000000e+05
9.050899375000000000e+05
3.362736500000000000e+06
1.532939875000000000e+06
3.994415625000000000e+05
9.035936250000000000e+05
7.043765625000000000e+05
1.106680703125000000e+05
6.600668750000000000e+04
6.057243164062500000e+03
2.327720898437500000e+04
6.526468750000000000e+04
1.859134765625000000e+04
4.012669531250000000e+04
3.724646972656250000e+03
7.005524902343750000e+03
7.474328800000000000e+07
1.496420400000000000e+07
1.026147312500000000e+06
6.934612800000000000e+07
1.289877875000000000e+06
5.898626953125000000e+04
1.114214016000000000e+09
6.844585600000000000e+07
1.388817700000000000e+07
6.491617600000000000e+07
1.039568576000000000e+09
1.390472187500000000e+05
2.011600781250000000e+04
3.879559375000000000e+04
7.113121093750000000e+04
6.568936250000000000e+05
2.799230000000000000e+06
5.830903750000000000e+05
5.728477500000000000e+05
2.122044800000000000e+07
1.496420400000000000e+07
3.506101875000000000e+05
7.805915200000000000e+07
4.329446484375000000e+04
3.131241406250000000e+04
1.438886400000000000e+09
1.122091750000000000e+06
1.373700000000000000e+05
2.446792500000000000e+06
3.288662400000000000e+07
9.870213867187500000e+03
2.051639843750000000e+04
3.201212890625000000e+04
4.250177734375000000e+04
1.144766967773437500e+03
2.753434375000000000e+04
1.219349609375000000e+04
3.180780937500000000e+05
4.278375625000000000e+05
2.250318945312500000e+04
9.602198125000000000e+05
3.737313281250000000e+04
1.734257968750000000e+05
1.091235781250000000e+05
3.766629687500000000e+04
2.963250000000000000e+05
3.936592812500000000e+05
2.794934960937500000e+04
3.682161328125000000e+04
2.086873125000000000e+05
3.236089843750000000e+04
3.206973046875000000e+04
3.557163281250000000e+04
1.317201464843750000e+04
6.378996875000000000e+04
1.445842285156250000e+04
2.287860351562500000e+03
6.648974500000000000e+06
1.696303625000000000e+06
7.244506400000000000e+07
1.320552441406250000e+04
9.206073750000000000e+05
8.552493750000000000e+04
6.553349000000000000e+06
1.561919520000000000e+08
7.213372800000000000e+07
9.133447500000000000e+05
1.546557600000000000e+08
7.385281875000000000e+05
3.656231640625000000e+04
4.596756640625000000e+04
1.162734531250000000e+05
2.268315039062500000e+04
1.299094726562500000e+04
1.619665937500000000e+05
3.001203710937500000e+04
1.561292031250000000e+05
4.438354800000000000e+07
7.794793701171875000e+02
1.216398625000000000e+06
3.131735000000000000e+06
1.146136352539062500e+03
2.579202636718750000e+03
3.283608984375000000e+04
2.816112500000000000e+05
5.468851852416992188e+01
8.315695200000000000e+07
2.404164648437500000e+04
1.561292031250000000e+05
1.117280125000000000e+06
4.438354800000000000e+07
7.794793701171875000e+02
4.901426000000000000e+06
3.131735000000000000e+06
1.146136352539062500e+03
3.283608984375000000e+04
4.577610000000000000e+07
8.315695200000000000e+07
2.404164648437500000e+04
1.117280125000000000e+06
4.901426000000000000e+06
4.577610000000000000e+07
8.371302734375000000e+03
7.076712890625000000e+03
3.550130126953125000e+03
2.201528906250000000e+05
4.708297500000000000e+05
1.609891718750000000e+05
2.800012500000000000e+05
3.213386914062500000e+04
1.244441601562500000e+04
1.660453125000000000e+04
7.182160644531250000e+02
3.648381562500000000e+05
1.555835625000000000e+05
6.185078125000000000e+05
3.021114257812500000e+03
1.487103417968750000e+04
9.072127929687500000e+03
2.941909375000000000e+05
2.815623535156250000e+03
2.096586000000000000e+07
1.580522625000000000e+06
7.653867187500000000e+04
2.096586000000000000e+07
4.107571093750000000e+04
5.624404687500000000e+04
2.374512343750000000e+05
2.763533593750000000e+04
2.858012500000000000e+04
2.808101875000000000e+05
6.184907500000000000e+05
6.101505859375000000e+04
1.975462812500000000e+05
4.053141562500000000e+05
7.526010937500000000e+04
9.983107500000000000e+05
7.082551562500000000e+04
8.564982031250000000e+04
3.979384375000000000e+04
4.447958750000000000e+05
8.647328906250000000e+04
1.107897343750000000e+05
5.963512500000000000e+05
3.021594375000000000e+05
3.425441406250000000e+04
2.269698125000000000e+05
1.904096875000000000e+05
1.777285781250000000e+05
5.010937109375000000e+04
9.054802343750000000e+04
2.447736875000000000e+05
1.932249687500000000e+05
7.699543457031250000e+03
1.161107625000000000e+06
3.442435750000000000e+06
4.766558984375000000e+04
4.852884062500000000e+05
2.687533203125000000e+04
2.771486328125000000e+04
3.891176000000000000e+08
4.055581562500000000e+05
5.815143750000000000e+05
3.909432031250000000e+04
7.060281500000000000e+06
9.602198125000000000e+05
1.272458593750000000e+05
1.614136250000000000e+05
1.223031250000000000e+06
2.376632968750000000e+05
4.498777343750000000e+03
9.019785000000000000e+05
2.037984960937500000e+04
1.460423339843750000e+03
2.914991943359375000e+03
9.956614400000000000e+08
7.701717968750000000e+04
4.904894140625000000e+04
1.045628700000000000e+07
7.076360937500000000e+04
1.864459960937500000e+04
6.793771000000000000e+06
8.387963000000000000e+06
2.145503281250000000e+05
1.572446044921875000e+03
5.465264892578125000e+02
2.667579956054687500e+02
1.095310640000000000e+08
4.756024169921875000e+02
1.533223625000000000e+06
1.332185937500000000e+05
2.418334960937500000e+04
3.388082400000000000e+07
4.190454062500000000e+05
1.522871398925781250e+02
1.032378673553466797e+01
3.230497314453125000e+03
2.067038375000000000e+06
3.715524352000000000e+09
9.958452000000000000e+07
7.489833007812500000e+03
2.529234924316406250e+02
5.435512500000000000e+04
8.970518750000000000e+04
6.607922851562500000e+03
8.007446500000000000e+06
5.190481567382812500e+01
3.218583200000000000e+07
5.173051562500000000e+05
9.434288000000000000e+08
1.499968261718750000e+03
3.523853906250000000e+04
8.840423000000000000e+06
7.506355625000000000e+05
1.703347031250000000e+05
2.680434570312500000e+02
2.376534765625000000e+04
4.339476250000000000e+05
1.352885000000000000e+05
1.390696250000000000e+05
2.951039062500000000e+05
1.165595625000000000e+05
2.961188160000000000e+08
1.496420400000000000e+07
1.106966200000000000e+07
7.673070800781250000e+03
9.956614400000000000e+08
3.388082400000000000e+07
5.569835937500000000e+03
9.206073750000000000e+05
4.519250976562500000e+03
2.693556152343750000e+03
7.200489472000000000e+10
3.172909875200000000e+10
1.356640722656250000e+04
2.839282176000000000e+09
7.072750976562500000e+03
4.125929199218750000e+03
2.791640320000000000e+09
1.214129882812500000e+04
1.893670703125000000e+04
4.555715820312500000e+03
7.200489472000000000e+10
3.768405078125000000e+04
4.559312890625000000e+04
7.322549804687500000e+03
7.515115625000000000e+04
2.541775312500000000e+05
1.418916100000000000e+07
1.190601464843750000e+04
3.457684082031250000e+03
1.621173046875000000e+04
1.544148906250000000e+05
1.216398625000000000e+06
2.659361875000000000e+05
4.393194824218750000e+03
2.161243750000000000e+04
3.776534375000000000e+05
9.602198125000000000e+05
1.034795532226562500e+03
2.388058593750000000e+04
1.816400000000000000e+04
2.570947021484375000e+03
6.526468750000000000e+04
6.377841015625000000e+04
2.942981250000000000e+05
4.717654724121093750e+02
8.094151367187500000e+03
1.865368750000000000e+04
1.104150878906250000e+03
1.396811875000000000e+05
1.746866875000000000e+05
2.817197812500000000e+05
1.059319726562500000e+04
8.337573242187500000e+03
2.878893737792968750e+02
1.508910937500000000e+05
9.439050781250000000e+03
1.109071191406250000e+04
1.598702968750000000e+05
4.230514160156250000e+03
1.880260131835937500e+03
1.744038238525390625e+02
5.148060937500000000e+04
3.510057373046875000e+03
5.257555664062500000e+03
6.768530625000000000e+05
6.788548437500000000e+04
2.656654052734375000e+03
5.425421875000000000e+03
8.513205468750000000e+04
4.128279687500000000e+04
1.398075683593750000e+03
9.941795043945312500e+02
3.398877343750000000e+04
4.327477343750000000e+04
2.663105468750000000e+04
6.424250976562500000e+03
3.663760253906250000e+03
1.966520385742187500e+03
9.570115000000000000e+06
5.287906494140625000e+02
9.042358593750000000e+04
4.263834062500000000e+05
4.273585937500000000e+04
4.229446875000000000e+04
7.884346093750000000e+04
1.403303000000000000e+07
1.496420400000000000e+07
8.146961718750000000e+04
6.634922800000000000e+07
2.713253320312500000e+04
2.714089257812500000e+04
1.572777984000000000e+09
3.056515312500000000e+05
7.244560937500000000e+04
6.089483750000000000e+05
7.552007500000000000e+06
5.357779312133789062e+01
1.240918334960937500e+03
4.176846191406250000e+03
1.247491171875000000e+05
1.709464375000000000e+05
2.408146750000000000e+06
1.566968017578125000e+03
1.608163940429687500e+03
2.678541406250000000e+04
3.026220000000000000e+05
1.411990136718750000e+04
1.348616900000000000e+07
3.162085546875000000e+04
9.956614400000000000e+08
2.515919335937500000e+04
7.784190000000000000e+05
3.634052343750000000e+04
1.601926750000000000e+06
1.516546944000000000e+09
1.054658625000000000e+06
5.718336328125000000e+04
9.618608000000000000e+06
1.072771640625000000e+05
4.383033370971679688e+01
1.151889190673828125e+02
3.084847812500000000e+05
2.961188160000000000e+08
2.584492773437500000e+04
5.904914062500000000e+04
4.597940312500000000e+05
9.164943359375000000e+03
4.089546250000000000e+05
5.652490234375000000e+04
1.122976000000000000e+06
3.129981640625000000e+04
2.961188160000000000e+08
1.496420400000000000e+07
6.278810937500000000e+04
6.694265625000000000e+04
1.609314575195312500e+03
1.235489746093750000e+03
9.956614400000000000e+08
2.347789062500000000e+04
2.728625976562500000e+04
6.575442500000000000e+06
3.821010156250000000e+04
3.788183984375000000e+04
7.200489472000000000e+10
7.131452500000000000e+05
4.362589062500000000e+05
3.058053200000000000e+07
3.641566406250000000e+04
4.497511718750000000e+03
4.673544500000000000e+06
3.612042560000000000e+08
4.677290000000000000e+06
9.654146875000000000e+04
5.455355600000000000e+07
1.528148300000000000e+07
2.768783680000000000e+08
1.625636250000000000e+05
4.040351875000000000e+05
1.792999218750000000e+05
1.537725683593750000e+04
6.146909500000000000e+06
8.773294375000000000e+05
1.561057006835937500e+03
8.402720642089843750e+01
8.808562500000000000e+04
6.094898750000000000e+05
1.537725683593750000e+04
6.146909500000000000e+06
1.561057006835937500e+03
6.094898750000000000e+05
7.591637573242187500e+02
7.980933837890625000e+02
7.357953491210937500e+02
4.742034606933593750e+02
6.037451562500000000e+04
3.402167200000000000e+07
2.229594921875000000e+04
9.956614400000000000e+08
1.192743847656250000e+04
9.052772500000000000e+05
1.336786621093750000e+04
6.830808750000000000e+05
2.743426048000000000e+09
2.686358750000000000e+05
2.572742382812500000e+04
7.655434000000000000e+06
2.697779052734375000e+03
1.372200625000000000e+05
1.561245781250000000e+05
2.248159843750000000e+05
9.964241333007812500e+02
8.200365625000000000e+04
1.047266250000000000e+05
6.537994140625000000e+03
3.794101806640625000e+03
5.112657031250000000e+04
1.561245781250000000e+05
2.248159843750000000e+05
9.252631000000000000e+06
1.047266250000000000e+05
3.794101806640625000e+03
5.112657031250000000e+04
1.303646015625000000e+05
9.252631000000000000e+06
1.303646015625000000e+05
2.231624414062500000e+04
2.144402587890625000e+03
1.305237031250000000e+05
3.571145019531250000e+03
1.276957324218750000e+04
5.062768066406250000e+03
1.091721000000000000e+06
1.873653375000000000e+06
2.118499804687500000e+04
3.673522812500000000e+05
2.147781500000000000e+06
1.444370000000000000e+05
3.498259687500000000e+05
2.064583625000000000e+06
3.842058125000000000e+05
1.508996875000000000e+06
9.737581250000000000e+04
1.668811914062500000e+04
4.730673828125000000e+03
3.561699218750000000e+04
6.147554296875000000e+04
5.307836875000000000e+05
2.828296203613281250e+02
1.669622802734375000e+03
2.769262400000000000e+07
1.311028076171875000e+03
5.621759360000000000e+08
1.260245361328125000e+03
7.741768750000000000e+05
1.289097656250000000e+03
1.300652709960937500e+03
8.723975040000000000e+08
1.332038452148437500e+03
1.269065673828125000e+03
1.327581787109375000e+03
8.500582812500000000e+04
1.857640625000000000e+06
1.961055200000000000e+07
1.219858125000000000e+06
2.622668125000000000e+05
4.912281250000000000e+04
6.769483398437500000e+03
9.206073750000000000e+05
1.389682714843750000e+04
8.873925000000000000e+04
8.320433500000000000e+06
2.845349062500000000e+05
8.500582812500000000e+04
2.471883776000000000e+09
1.857640625000000000e+06
1.961055200000000000e+07
1.195367500000000000e+06
2.622668125000000000e+05
4.912281250000000000e+04
9.206073750000000000e+05
2.745087600000000000e+07
8.320433500000000000e+06
2.845349062500000000e+05
2.471883776000000000e+09
1.195367500000000000e+06
2.745087600000000000e+07
8.567642500000000000e+05
2.059520898437500000e+04
3.816526953125000000e+04
3.045241992187500000e+04
1.276358560000000000e+08
8.399471093750000000e+04
7.746859375000000000e+04
3.188396250000000000e+06
1.616792382812500000e+04
7.526010937500000000e+04
3.185522812500000000e+05
2.150091250000000000e+06
1.441302000000000000e+07
6.149378906250000000e+04
4.654816015625000000e+04
1.747842382812500000e+04
6.411133750000000000e+05
2.606462812500000000e+05
3.823052187500000000e+05
3.206489843750000000e+04
5.754053125000000000e+04
1.773287109375000000e+04
4.944864062500000000e+04
3.575983437500000000e+05
6.276951875000000000e+05
7.503321093750000000e+04
5.692035000000000000e+05
3.687113250000000000e+06
6.168156000000000000e+06
1.991989843750000000e+05
1.294043164062500000e+04
1.011049316406250000e+04
8.177749375000000000e+05
1.236219921875000000e+05
6.997013281250000000e+04
2.513878515625000000e+04
1.550718359375000000e+04
1.511047968750000000e+05
3.204028906250000000e+04
1.804127500000000000e+06
4.598106875000000000e+05
9.246654375000000000e+05
2.867323000000000000e+06
7.415274218750000000e+04
3.216695000000000000e+05
9.201801562500000000e+04
8.605814843750000000e+04
2.443500781250000000e+04
2.519627750000000000e+06
2.955235312500000000e+05
2.961188160000000000e+08
1.496420400000000000e+07
2.028268164062500000e+04
9.956614400000000000e+08
1.738893945312500000e+04
2.209253515625000000e+04
7.200489472000000000e+10
1.938865312500000000e+05
3.467109765625000000e+04
3.081148750000000000e+05
3.096545000000000000e+06
7.426994531250000000e+04
1.040945117187500000e+04
2.011678344726562500e+03
7.019169433593750000e+03
1.067524843750000000e+05
4.907684082031250000e+03
9.983107500000000000e+05
5.391458984375000000e+04
2.985488476562500000e+04
7.696328125000000000e+04
9.577190625000000000e+04
3.481360546875000000e+04
3.328339062500000000e+04
9.045420625000000000e+05
5.703304296875000000e+04
1.014222421875000000e+05
7.771938281250000000e+04
1.493524843750000000e+05
1.465405761718750000e+04
5.909962109375000000e+04
7.009816406250000000e+04
1.726006054687500000e+04
3.993112812500000000e+05
8.924363281250000000e+04
3.483421562500000000e+05
1.834019726562500000e+04
8.576564843750000000e+04
2.301246484375000000e+04
7.891469531250000000e+04
3.799987109375000000e+04
6.349680859375000000e+04
3.745672363281250000e+03
1.352219970703125000e+03
2.239154296875000000e+04
1.241795312500000000e+04
1.056343359375000000e+04
2.458831298828125000e+03
1.472913183593750000e+04
2.011600781250000000e+04
2.292995000000000000e+05
5.914438671875000000e+04
5.477909765625000000e+04
1.234356054687500000e+04
2.640264687500000000e+05
1.755581406250000000e+05
9.421539062500000000e+03
6.059983593750000000e+04
4.493311718750000000e+04
8.397076562500000000e+04
1.595845875000000000e+06
5.704458125000000000e+05
1.497274000000000000e+07
1.014993500000000000e+06
6.074831875000000000e+05
1.058312500000000000e+05
1.991048046875000000e+04
1.653811406250000000e+05
5.048604980468750000e+03
5.618753906250000000e+04
2.090903200000000000e+07
3.445171250000000000e+06
1.828610250000000000e+06
3.907216000000000000e+07
4.057438437500000000e+05
1.361015300000000000e+07
1.513589000000000000e+07
5.648994375000000000e+05
8.976817187500000000e+04
1.229120703125000000e+05
1.467371520000000000e+08
2.171174400000000000e+07
3.504705250000000000e+06
3.113203200000000000e+07
1.464434800000000000e+07
1.592756000000000000e+08
1.325841760000000000e+08
1.603247375000000000e+06
3.056525781250000000e+04
3.388082400000000000e+07
2.156407421875000000e+04
1.129985839843750000e+04
4.917709312000000000e+09
3.349066562500000000e+05
1.197383281250000000e+05
6.938577500000000000e+05
7.645620500000000000e+06
1.363667480468750000e+03
3.236089843750000000e+04
9.983107500000000000e+05
1.216398625000000000e+06
1.012787109375000000e+05
5.757449218750000000e+03
5.089020312500000000e+05
2.211217529296875000e+03
6.568096191406250000e+03
2.808164306640625000e+03
2.811100312500000000e+05
2.921413281250000000e+04
2.249894500000000000e+06
1.681265781250000000e+05
1.414246289062500000e+04
2.497135253906250000e+03
1.118758105468750000e+04
2.752399062500000000e+05
1.231899218750000000e+04
2.028198750000000000e+05
3.116298046875000000e+04
2.513480625000000000e+05
6.049964453125000000e+04
1.286710742187500000e+04
1.289791953125000000e+05
1.569537343750000000e+05
8.166588281250000000e+04
1.155644750000000000e+06
1.376734843750000000e+05
1.181298000000000000e+06
2.573891015625000000e+04
1.040945117187500000e+04
9.983107500000000000e+05
6.077758500000000000e+06
1.561289062500000000e+04
1.283169042968750000e+04
7.211204687500000000e+04
6.101505859375000000e+04
9.436255493164062500e+02
3.913384033203125000e+03
6.068207421875000000e+04
3.553620312500000000e+04
7.719330566406250000e+03
4.646330937500000000e+05
1.040333906250000000e+05
9.914880859375000000e+03
1.124585781250000000e+05
4.854800312500000000e+05
2.281545703125000000e+04
1.073428222656250000e+04
9.283757812500000000e+03
1.112683105468750000e+04
1.442001953125000000e+03
3.274127539062500000e+04
1.550604589843750000e+04
1.048056054687500000e+04
5.475293359375000000e+04
9.540470312500000000e+04
2.815803710937500000e+04
4.016805078125000000e+04
7.379137207031250000e+03
2.124829101562500000e+03
2.842206542968750000e+03
1.251579687500000000e+04
2.139615234375000000e+04
2.119355224609375000e+03
6.726936718750000000e+04
6.228272656250000000e+04
4.460916796875000000e+04
3.492341406250000000e+04
1.933082031250000000e+04
5.156217187500000000e+04
3.350162890625000000e+04
8.861302400000000000e+07
3.801190234375000000e+04
1.185282109375000000e+05
7.984670625000000000e+05
4.428463437500000000e+05
4.972230468750000000e+04
2.637390234375000000e+04
1.494981542968750000e+04
2.340717187500000000e+05
4.066228906250000000e+04
8.333866406250000000e+04
7.094598125000000000e+05
6.371313750000000000e+05
1.915932968750000000e+05
4.918984375000000000e+05
2.231715625000000000e+05
1.097551250000000000e+05
8.226748125000000000e+05
2.223714531250000000e+05
6.813097656250000000e+04
5.722455468750000000e+04
2.186989000000000000e+06
2.273506718750000000e+05
2.899903125000000000e+05
2.106695781250000000e+05
2.893317187500000000e+05
2.853670000000000000e+05
1.389026250000000000e+05
4.529281250000000000e+05
5.202476074218750000e+03
4.617741699218750000e+03
9.658958125000000000e+05
2.029131054687500000e+04
5.839062500000000000e+03
1.944809960937500000e+04
1.610167968750000000e+05
2.027920117187500000e+04
5.411719531250000000e+04
3.243819375000000000e+05
3.236089843750000000e+04
9.983107500000000000e+05
7.083868750000000000e+04
2.582184326171875000e+03
9.065707031250000000e+04
5.089020312500000000e+05
3.187708984375000000e+03
8.064226562500000000e+04
2.856210000000000000e+06
2.811100312500000000e+05
1.917167578125000000e+04
2.270531718750000000e+05
4.030492968750000000e+04
6.237723437500000000e+04
8.721006835937500000e+03
4.683023125000000000e+05
2.621547500000000000e+05
7.360711718750000000e+04
8.775015625000000000e+04
1.106966200000000000e+07
7.082551562500000000e+04
2.596704843750000000e+05
6.305874023437500000e+03
2.696935546875000000e+04
5.555235000000000000e+06
1.819936250000000000e+05
4.208319687500000000e+05
2.920847500000000000e+05
7.885919000000000000e+06
2.218838125000000000e+05
3.151077812500000000e+05
6.002489257812500000e+03
1.746478750000000000e+05
9.635567968750000000e+04
6.117755625000000000e+05
2.429384765625000000e+04
5.268181250000000000e+04
4.882939453125000000e+04
2.986989687500000000e+05
3.415053939819335938e+01
9.328265380859375000e+02
4.680367187500000000e+04
5.033167724609375000e+02
8.840919921875000000e+03
1.266403046875000000e+05
4.056150781250000000e+04
4.305071875000000000e+04
5.799620703125000000e+04
2.388074687500000000e+05
8.459775000000000000e+06
1.216398625000000000e+06
2.027175625000000000e+05
1.545670117187500000e+04
3.061404375000000000e+05
2.202442000000000000e+06
2.388074687500000000e+05
8.459775000000000000e+06
2.027175625000000000e+05
2.202442000000000000e+06
1.848777600000000000e+07
2.032981689453125000e+03
5.517067500000000000e+05
2.208269600000000000e+07
2.863947265625000000e+04
9.742205000000000000e+06
3.876603437500000000e+05
2.414873242187500000e+04
6.698644375000000000e+05
8.336703906250000000e+04
1.188621484375000000e+04
2.134639843750000000e+04
2.625143000000000000e+06
5.881406250000000000e+02
8.418742187500000000e+04
1.110516357421875000e+02
4.982697753906250000e+03
1.232295608520507812e+02
6.670743164062500000e+03
1.241005000000000000e+05
1.467735473632812500e+03
1.513609466552734375e+02
4.634333984375000000e+03
1.787032800000000000e+07
9.606575927734375000e+02
4.801031188964843750e+02
1.679731445312500000e+03
7.506355625000000000e+05
1.400351100000000000e+07
6.015966796875000000e+04
1.095663515625000000e+05
6.841497192382812500e+02
2.416935546875000000e+04
5.843696000000000000e+07
3.025297070312500000e+04
4.499669375000000000e+05
5.642372070312500000e+03
2.504744218750000000e+05
5.704458125000000000e+05
1.492489600000000000e+07
2.057375000000000000e+04
1.658913750000000000e+05
4.925829589843750000e+03
1.087710253906250000e+04
3.914578800000000000e+07
3.163895312500000000e+04
4.707818750000000000e+04
3.256610351562500000e+04
1.851036093750000000e+05
1.013106875000000000e+05
7.718392333984375000e+02
4.981381640625000000e+04
4.612268500000000000e+06
1.258251171875000000e+04
4.366372187500000000e+05
6.278436875000000000e+05
6.783987792968750000e+03
1.474698535156250000e+04
6.207417187500000000e+04
2.748740800000000000e+08
1.229668700000000000e+07
2.358373000000000000e+06
9.978382720000000000e+08
6.359961875000000000e+05
5.659767968750000000e+04
2.708648345600000000e+10
2.960126720000000000e+08
1.186537300000000000e+07
9.906698880000000000e+08
2.980047667200000000e+10
8.776965820312500000e+03
3.414998779296875000e+02
1.222203002929687500e+03
1.614873906250000000e+05
1.267750390625000000e+04
1.384842041015625000e+03
2.006553710937500000e+04
2.207148125000000000e+05
3.776534375000000000e+05
1.832472500000000000e+05
1.022916328125000000e+05
1.663393359375000000e+04
1.219439160156250000e+04
6.748990625000000000e+04
1.210139062500000000e+04
3.903028515625000000e+04
9.602198125000000000e+05
8.154414550781250000e+03
1.265414375000000000e+05
3.414644921875000000e+04
4.085394287109375000e+03
3.523790937500000000e+05
8.873925000000000000e+04
5.069950195312500000e+03
1.019899609375000000e+05
3.378665234375000000e+04
8.219600585937500000e+03
1.240673750000000000e+05
6.259283593750000000e+04
1.587548046875000000e+04
2.254570312500000000e+03
3.529235937500000000e+05
1.040388515625000000e+05
3.414644921875000000e+04
4.047448828125000000e+04
1.635210742187500000e+04
2.779482910156250000e+03
3.162587187500000000e+05
8.530232031250000000e+04
3.378665234375000000e+04
9.093875781250000000e+04
2.414009960937500000e+04
1.587548046875000000e+04
3.529235937500000000e+05
1.051421328125000000e+05
2.697910742187500000e+04
1.635210742187500000e+04
3.162587187500000000e+05
9.093875781250000000e+04
1.051421328125000000e+05
4.827864375000000000e+05
2.521506718750000000e+05
4.332653125000000000e+05
6.650414375000000000e+05
1.627280312500000000e+05
1.040945117187500000e+04
9.983107500000000000e+05
6.052470500000000000e+06
1.216398625000000000e+06
3.542491015625000000e+04
8.485201562500000000e+04
6.101505859375000000e+04
6.540782714843750000e+03
1.421726250000000000e+05
1.386321093750000000e+05
1.114240078125000000e+05
2.118295781250000000e+05
4.646330937500000000e+05
1.035159921875000000e+05
2.351836523437500000e+04
1.121743046875000000e+05
2.249894500000000000e+06
6.052470500000000000e+06
7.517589062500000000e+04
3.129807187500000000e+05
8.769921093750000000e+04
1.007057421875000000e+05
8.755947656250000000e+04
2.321910156250000000e+05
1.114240078125000000e+05
5.440585156250000000e+04
4.259680625000000000e+05
1.035159921875000000e+05
1.121743046875000000e+05
1.341711562500000000e+05
3.791991250000000000e+05
8.769921093750000000e+04
8.755947656250000000e+04
5.440585156250000000e+04
1.341711562500000000e+05
2.004802500000000000e+05
3.216121826171875000e+03
2.753213476562500000e+04
3.411894531250000000e+04
7.639085937500000000e+04
4.273585937500000000e+04
2.163679843750000000e+05
1.106966200000000000e+07
3.814431250000000000e+04
1.885713867187500000e+04
8.556001562500000000e+04
1.247491171875000000e+05
1.132006347656250000e+04
3.173992773437500000e+04
1.518379062500000000e+05
2.692714500000000000e+06
9.451782812500000000e+04
8.530529375000000000e+05
2.144811875000000000e+05
4.461163671875000000e+04
6.160325781250000000e+04
1.398391406250000000e+05
1.222031718750000000e+05
9.637230468750000000e+04
6.528615625000000000e+05
1.660920937500000000e+05
4.178971484375000000e+04
4.380310937500000000e+04
1.180386406250000000e+05
4.554055937500000000e+05
1.027362812500000000e+05
1.525264062500000000e+05
9.548872656250000000e+04
9.996073437500000000e+04
7.866514843750000000e+04
1.356947656250000000e+05
8.860462500000000000e+04
8.223123437500000000e+04
9.328435156250000000e+04
8.124182031250000000e+04
1.879330625000000000e+05
8.911092773437500000e+03
4.031322500000000000e+05
4.951573125000000000e+05
3.282053125000000000e+04
2.722717382812500000e+04
2.903876500000000000e+06
1.509506875000000000e+05
1.368298593750000000e+05
5.579317500000000000e+05
8.451894531250000000e+04
5.555135546875000000e+04
1.845310500000000000e+06
5.859790625000000000e+05
1.656613437500000000e+05
3.888993750000000000e+05
5.616681250000000000e+04
4.015368437500000000e+05
7.980651250000000000e+05
3.652259687500000000e+05
1.162635859375000000e+05
9.116225000000000000e+05
1.474443125000000000e+06
9.701608750000000000e+05
4.078617187500000000e+05
1.316241875000000000e+06
1.724885351562500000e+04
3.306871600000000000e+07
5.958866015625000000e+04
9.656577920000000000e+08
1.270290917968750000e+04
8.748529375000000000e+05
3.420032031250000000e+04
5.190243750000000000e+05
2.646259712000000000e+09
1.031630900000000000e+07
7.809779687500000000e+04
1.686419200000000000e+07
9.185465000000000000e+05
4.084562500000000000e+04
9.034902500000000000e+05
2.499028250000000000e+06
1.977438800000000000e+07
2.205544843750000000e+05
6.740734375000000000e+05
1.091942773437500000e+04
2.297597265625000000e+04
8.857960960000000000e+08
1.512534375000000000e+05
1.545470468750000000e+05
4.308373828125000000e+04
9.439330000000000000e+05
5.588089000000000000e+06
6.867661500000000000e+06
4.805010500000000000e+06
1.064738375000000000e+06
7.703957519531250000e+03
4.942679199218750000e+03
3.784969280000000000e+08
6.903060500000000000e+06
7.789639500000000000e+06
4.857921875000000000e+05
2.685712000000000000e+08
9.296126953125000000e+03
1.902147500000000000e+05
1.940391210937500000e+04
4.442855078125000000e+04
5.511496093750000000e+03
1.424257519531250000e+04
1.485743906250000000e+05
1.652029296875000000e+04
3.380972250000000000e+06
5.300257421875000000e+04
3.307678437500000000e+05
2.748740800000000000e+08
4.782068750000000000e+05
1.977853750000000000e+06
1.592531625000000000e+06
8.181649375000000000e+05
7.093126464843750000e+03
2.297977920000000000e+08
2.895396480000000000e+08
4.304909375000000000e+05
1.558365250000000000e+06
2.171970880000000000e+08
1.196819750000000000e+06
7.873447753906250000e+03
5.989046250000000000e+05
8.756643125000000000e+05
6.831199707031250000e+03
2.257350000000000000e+04
8.266905468750000000e+04
9.277421093750000000e+04
2.011600781250000000e+04
4.609750937500000000e+05
1.132783625000000000e+06
1.980256469726562500e+03
1.991205156250000000e+05
3.058190500000000000e+06
1.168471562500000000e+05
1.276396562500000000e+05
6.206568750000000000e+05
1.301644375000000000e+06
1.693750585937500000e+04
3.794878437500000000e+05
9.381060000000000000e+05
3.076541601562500000e+04
7.357071250000000000e+05
4.945371875000000000e+05
8.342175000000000000e+05
1.096092109375000000e+05
5.631732500000000000e+05
2.630709960937500000e+03
1.133317375000000000e+06
2.295220000000000000e+05
1.795122400000000000e+07
4.227301250000000000e+05
6.280017500000000000e+05
4.317301250000000000e+05
4.348720214843750000e+03
7.209710000000000000e+05
3.052026562500000000e+05
1.433757500000000000e+06
9.538828125000000000e+05
3.966722500000000000e+05
5.378414453125000000e+04
3.293670937500000000e+05
1.559473000000000000e+06
8.537480000000000000e+05
1.430813750000000000e+05
1.268126484375000000e+05
6.650756250000000000e+05
2.245061718750000000e+05
3.233935625000000000e+05
1.083007031250000000e+05
5.514673750000000000e+05
2.896638281250000000e+04
4.679822265625000000e+03
5.859085449218750000e+03
3.184146484375000000e+04
4.052206562500000000e+05
6.132265625000000000e+05
3.387851562500000000e+04
1.211646191406250000e+04
8.447797500000000000e+05
1.999365250000000000e+06
1.912835693359375000e+03
4.035057187500000000e+05
3.263279296875000000e+04
9.007089062500000000e+04
1.187854875000000000e+06
2.075341992187500000e+04
2.658142500000000000e+05
9.221729000000000000e+06
6.369344726562500000e+03
7.805915200000000000e+07
1.748652929687500000e+04
2.520208593750000000e+05
2.753489257812500000e+04
7.537366875000000000e+05
8.604840320000000000e+08
5.333146250000000000e+05
3.152855859375000000e+04
2.796129200000000000e+07
7.581935000000000000e+05
7.521913574218750000e+03
2.431132421875000000e+04
2.539801171875000000e+04
5.852291500000000000e+06
1.012792031250000000e+05
2.166380468750000000e+04
3.350468750000000000e+05
1.181922812500000000e+05
1.692107031250000000e+04
2.845059082031250000e+03
2.466551757812500000e+04
7.484831875000000000e+05
1.743563281250000000e+05
8.021363281250000000e+03
3.119670117187500000e+04
1.036183125000000000e+05
1.791686125000000000e+06
4.818061718750000000e+04
5.715721191406250000e+03
2.013718593750000000e+05
4.444458923339843750e+02
2.235668800000000000e+07
1.366469625000000000e+06
1.359463085937500000e+04
5.744278000000000000e+06
3.282870937500000000e+05
1.753993200000000000e+07
3.781798437500000000e+04
1.114258125000000000e+05
9.470720672607421875e+01
7.515516601562500000e+03
3.652813200000000000e+07
2.211031005859375000e+03
4.440415625000000000e+04
4.040649414062500000e+02
7.427649414062500000e+03
6.415708007812500000e+02
1.321674499511718750e+02
9.110292816162109375e+01
1.473372851562500000e+04
7.526010937500000000e+04
1.823565250000000000e+06
1.702119375000000000e+05
1.102713281250000000e+05
3.336605078125000000e+04
7.283958984375000000e+03
1.902147500000000000e+05
2.734239843750000000e+04
1.317517968750000000e+04
1.459074531250000000e+05
2.313283007812500000e+04
6.811160644531250000e+03
3.215268750000000000e+05
3.814122500000000000e+05
1.945212500000000000e+05
9.963075781250000000e+04
5.955833750000000000e+05
1.617776406250000000e+05
2.378995507812500000e+04
9.436210937500000000e+04
1.000681542968750000e+04
4.788709472656250000e+03
5.236371875000000000e+05
1.389045937500000000e+05
1.731323046875000000e+04
4.589012187500000000e+05
3.896028437500000000e+05
1.682147812500000000e+05
5.082976250000000000e+05
1.041903828125000000e+05
9.158961718750000000e+04
9.262548828125000000e+03
4.301638750000000000e+05
4.724327500000000000e+05
1.012797812500000000e+05
1.269297851562500000e+04
3.890504760742187500e+02
1.791048828125000000e+04
1.240838989257812500e+03
2.302937250000000000e+06
3.236213281250000000e+04
5.099139375000000000e+05
2.961188160000000000e+08
2.354077343750000000e+05
2.644169921875000000e+04
3.455173125000000000e+05
3.666463437500000000e+05
7.526010937500000000e+04
9.983107500000000000e+05
1.423760156250000000e+05
1.446308400000000000e+07
9.334538125000000000e+05
1.400465625000000000e+06
1.354852812500000000e+05
4.447958750000000000e+05
1.735684218750000000e+05
3.275371562500000000e+05
9.604675781250000000e+04
1.046552000000000000e+06
1.967025468750000000e+05
9.512347500000000000e+05
3.021594375000000000e+05
4.690947812500000000e+05
7.489994531250000000e+04
8.222951562500000000e+04
2.941456400000000000e+07
4.389494062500000000e+05
6.777638125000000000e+05
9.758332500000000000e+05
2.493911093750000000e+05
3.194013125000000000e+05
1.862361250000000000e+05
8.927599375000000000e+05
7.567517187500000000e+04
2.915910000000000000e+05
2.726477500000000000e+06
5.791041875000000000e+05
7.348727500000000000e+05
3.755878125000000000e+05
7.998168125000000000e+05
4.862236875000000000e+05
6.408571875000000000e+05
7.687655625000000000e+05
2.080893281250000000e+05
1.177645750000000000e+06
9.313383750000000000e+05
1.102127750000000000e+06
1.011432812500000000e+06
2.194058906250000000e+05
1.775570312500000000e+04
2.849166015625000000e+03
2.718135351562500000e+04
1.775570312500000000e+04
8.445505468750000000e+04
1.010264648437500000e+04
4.546547265625000000e+04
6.046229003906250000e+03
4.838299687500000000e+05
1.078485750000000000e+06
6.338849609375000000e+04
9.761749375000000000e+05
2.528707750000000000e+06
6.192740000000000000e+05
8.127058125000000000e+05
1.178314250000000000e+06
8.903698125000000000e+05
2.382579750000000000e+06
1.250532265625000000e+05
2.340805500000000000e+06
8.314389500000000000e+06
6.589664062500000000e+03
2.340805500000000000e+06
3.588063671875000000e+04
8.412528125000000000e+05
4.826255500000000000e+06
2.447020312500000000e+05
2.923256800000000000e+07
1.496420400000000000e+07
3.797871484375000000e+04
2.832237812500000000e+05
1.524479589843750000e+04
1.295115051269531250e+02
8.299073600000000000e+07
3.735232421875000000e+04
1.269216699218750000e+04
1.013844700000000000e+07
5.778606875000000000e+05
3.837735107421875000e+03
1.240451968000000000e+09
4.802671562500000000e+05
7.690759375000000000e+04
5.699494000000000000e+06
2.281500000000000000e+04
3.466677551269531250e+02
1.801614062500000000e+05
1.366924320000000000e+08
5.066299375000000000e+05
6.669145996093750000e+03
1.732923875000000000e+06
7.142608125000000000e+05
8.199870500000000000e+06
3.715472000000000000e+06
1.241531875000000000e+05
1.316521875000000000e+06
3.174258250000000000e+06
6.864702500000000000e+05
1.541700468750000000e+05
2.597727968750000000e+05
1.582209531250000000e+05
8.832727539062500000e+03
1.486628437500000000e+05
5.028584687500000000e+05
2.376454345703125000e+03
1.217712109375000000e+05
1.065683125000000000e+06
7.045962500000000000e+04
1.370551562500000000e+05
2.752934687500000000e+05
8.832727539062500000e+03
1.486628437500000000e+05
5.028584687500000000e+05
4.432714062500000000e+05
1.698749531250000000e+05
4.488054687500000000e+05
7.045962500000000000e+04
1.370551562500000000e+05
2.752934687500000000e+05
1.138039687500000000e+05
4.432714062500000000e+05
1.698749531250000000e+05
4.488054687500000000e+05
1.031771187500000000e+06
1.138039687500000000e+05
1.031771187500000000e+06
3.073872000000000000e+06
3.607111250000000000e+05
2.753016601562500000e+04
3.073872000000000000e+06
1.285457000000000000e+06
2.163015312500000000e+05
4.591026250000000000e+05
3.061146250000000000e+06
1.181629843750000000e+05
1.764203281250000000e+05
6.759203125000000000e+05
2.865456562500000000e+05
2.161243750000000000e+04
3.563250244140625000e+03
3.506170312500000000e+04
6.139580468750000000e+04
4.152343437500000000e+05
9.206073750000000000e+05
1.389682714843750000e+04
3.055952812500000000e+05
4.229923046875000000e+04
8.873925000000000000e+04
2.815704000000000000e+06
4.152343437500000000e+05
9.206073750000000000e+05
3.055952812500000000e+05
2.815704000000000000e+06
1.138191210937500000e+04
1.119352500000000000e+06
2.066218125000000000e+05
4.791921875000000000e+03
2.836024169921875000e+03
3.388082400000000000e+07
9.956614400000000000e+08
9.601516406250000000e+04
9.206073750000000000e+05
7.055039843750000000e+04
8.203792187500000000e+04
1.833780000000000000e+05
7.941350781250000000e+04
1.308604003906250000e+04
1.191621484375000000e+04
2.599810000000000000e+07
3.874866000000000000e+07
3.411234375000000000e+05
1.153354625000000000e+06
1.272799625000000000e+06
8.777208007812500000e+03
2.791640320000000000e+09
2.552452000000000000e+06
7.035320000000000000e+05
1.088521875000000000e+05
7.140196000000000000e+06
6.907216000000000000e+06
3.679669375000000000e+05
3.137649375000000000e+05
5.447489375000000000e+05
5.379137890625000000e+04
3.279844160000000000e+08
1.430983300000000000e+07
7.241103500000000000e+06
1.869587375000000000e+06
1.514721200000000000e+07
4.722153200000000000e+07
6.436741500000000000e+06
3.744716250000000000e+06
9.912780000000000000e+05
1.429241120000000000e+08
4.448448800000000000e+07
3.008305078125000000e+04
6.838044433593750000e+03
2.803277812500000000e+05
2.753360000000000000e+05
1.376772812500000000e+05
1.962325390625000000e+04
4.113241562500000000e+05
4.050579687500000000e+05
3.172391601562500000e+04
3.431889687500000000e+05
1.317382656250000000e+05
4.898153125000000000e+05
4.653435000000000000e+05
1.789858750000000000e+06
4.253063750000000000e+05
4.653435000000000000e+05
1.420492100000000000e+07
8.367129375000000000e+05
3.934841406250000000e+04
1.032930400000000000e+07
1.106966200000000000e+07
1.496420400000000000e+07
9.744399218750000000e+04
9.206073750000000000e+05
3.157562109375000000e+04
2.776983984375000000e+04
2.839282176000000000e+09
2.899087500000000000e+05
2.994976562500000000e+05
6.997639843750000000e+04
1.542457250000000000e+06
2.161243750000000000e+04
2.883694335937500000e+04
9.602198125000000000e+05
1.539527500000000000e+05
6.377841015625000000e+04
4.063851250000000000e+05
1.110599062500000000e+05
1.746866875000000000e+05
1.847484218750000000e+05
1.535380937500000000e+05
4.094275937500000000e+05
1.116199121093750000e+04
1.040945117187500000e+04
9.983107500000000000e+05
1.106966200000000000e+07
1.216398625000000000e+06
4.930087890625000000e+03
2.320953125000000000e+04
6.101505859375000000e+04
1.389682714843750000e+04
7.471275390625000000e+03
2.980683398437500000e+04
4.412641796875000000e+04
2.113178710937500000e+04
4.646330937500000000e+05
5.767364375000000000e+05
2.351836523437500000e+04
3.587652187500000000e+05
2.249894500000000000e+06
1.106966200000000000e+07
1.568301855468750000e+04
2.880038867187500000e+04
2.445746289062500000e+04
1.341348437500000000e+04
1.163667500000000000e+05
6.059145312500000000e+04
4.412641796875000000e+04
1.973323750000000000e+05
4.259680625000000000e+05
5.767364375000000000e+05
3.587652187500000000e+05
5.551751953125000000e+04
4.034253906250000000e+04
2.445746289062500000e+04
1.163667500000000000e+05
1.973323750000000000e+05
5.551751953125000000e+04
2.337665283203125000e+03
4.675727343750000000e+04
1.217872363281250000e+04
3.462585600000000000e+07
7.452117187500000000e+04
2.564945000000000000e+05
7.178910000000000000e+06
3.516704400000000000e+07
3.682006640625000000e+04
7.678300781250000000e+04
8.897289375000000000e+05
3.289094375000000000e+05
2.478117187500000000e+04
1.085087890625000000e+03
6.533269140625000000e+04
9.281332812500000000e+04
9.788363750000000000e+05
1.703652221679687500e+03
9.339954687500000000e+04
4.111978437500000000e+05
2.853787841796875000e+03
1.969817138671875000e+03
6.726418457031250000e+03
3.285406640625000000e+04
1.367223144531250000e+04
1.981466562500000000e+05
2.672374023437500000e+03
5.242315234375000000e+04
1.333189550781250000e+04
8.959796093750000000e+04
2.079611718750000000e+05
2.295180781250000000e+05
3.884828125000000000e+04
9.623962890625000000e+03
3.548888671875000000e+04
3.511809375000000000e+04
2.376454345703125000e+03
1.283765380859375000e+03
1.020848999023437500e+03
2.916263125000000000e+05
2.064073046875000000e+04
1.278683359375000000e+05
4.131616500000000000e+06
1.131857125000000000e+06
1.533560351562500000e+04
4.135822750000000000e+06
5.040524609375000000e+04
1.441554589843750000e+04
2.348675976562500000e+04
4.282459960937500000e+03
6.250917480468750000e+03
9.720735351562500000e+03
2.539578247070312500e+02
7.082551562500000000e+04
4.563487548828125000e+02
1.654671625000000000e+06
4.419468125000000000e+05
2.759108750000000000e+05
9.968522500000000000e+05
5.035475937500000000e+05
1.996922250000000000e+06
3.758099687500000000e+05
3.127927500000000000e+05
8.873925000000000000e+04
1.387838875000000000e+06
2.673768437500000000e+05
3.772758500000000000e+06
6.965826875000000000e+05
1.533158281250000000e+05
2.164649687500000000e+05
2.152859250000000000e+06
4.455571250000000000e+05
5.002325625000000000e+05
2.583292656250000000e+05
1.996922250000000000e+06
1.430644531250000000e+05
4.987461000000000000e+06
8.346026875000000000e+05
3.672612187500000000e+05
1.689561093750000000e+05
3.772758500000000000e+06
2.810274687500000000e+05
1.291523671875000000e+05
2.152859250000000000e+06
5.002325625000000000e+05
2.200235781250000000e+05
1.475192968750000000e+05
4.987461000000000000e+06
3.672612187500000000e+05
2.810274687500000000e+05
2.200235781250000000e+05
1.017465937500000000e+05
7.303797656250000000e+04
9.521669375000000000e+05
6.794302500000000000e+05
1.292704400000000000e+07
6.892196289062500000e+03
6.214436328125000000e+04
3.542751562500000000e+05
4.447958750000000000e+05
3.180765937500000000e+05
3.120848125000000000e+05
1.666178320312500000e+04
6.184861718750000000e+04
2.402245937500000000e+05
3.816513500000000000e+06
2.963213125000000000e+05
6.352141875000000000e+05
7.174922656250000000e+04
2.512337656250000000e+05
2.710308000000000000e+07
1.741445875000000000e+06
7.506147656250000000e+04
4.018666796875000000e+04
7.744547656250000000e+04
7.683918125000000000e+05
1.365820312500000000e+05
2.466897187500000000e+05
3.270575976562500000e+04
4.698655078125000000e+04
7.532644000000000000e+06
1.850218250000000000e+06
1.580138250000000000e+06
3.645213437500000000e+05
8.974250000000000000e+05
2.928857500000000000e+06
8.164843750000000000e+04
6.998741875000000000e+05
2.496240625000000000e+05
4.324788750000000000e+05
1.079862750000000000e+06
2.200388750000000000e+06
1.427857250000000000e+06
2.160380625000000000e+05
7.528321875000000000e+05
1.243176406250000000e+05
2.513971191406250000e+03
9.480134375000000000e+05
1.624649511718750000e+04
1.912404882812500000e+04
1.079976796875000000e+05
3.292390400000000000e+07
6.048956250000000000e+05
9.878905600000000000e+08
5.680962402343750000e+03
8.977587500000000000e+05
4.791548828125000000e+04
1.821062800000000000e+07
2.706870528000000000e+09
8.796508160000000000e+08
4.997080937500000000e+05
1.712687616000000000e+09
2.064486875000000000e+05
3.406770625000000000e+05
2.841937500000000000e+05
6.409910625000000000e+05
9.602198125000000000e+05
6.414483203125000000e+04
6.044723125000000000e+05
1.374806800000000000e+07
6.090146000000000000e+06
1.407785400000000000e+07
7.083868750000000000e+04
7.365173125000000000e+05
3.698773828125000000e+04
4.885799609375000000e+04
9.718181120000000000e+08
3.699003437500000000e+05
7.262501875000000000e+05
1.226083671875000000e+05
1.121160400000000000e+07
3.964286500000000000e+06
3.255610351562500000e+04
8.924087890625000000e+03
8.312505625000000000e+05
1.722096093750000000e+04
3.083494375000000000e+05
4.696825195312500000e+03
2.264494140625000000e+03
9.155346093750000000e+04
4.558296093750000000e+04
1.151532375000000000e+06
1.862895703125000000e+04
9.736281250000000000e+04
9.983107500000000000e+05
2.150091250000000000e+06
3.015359765625000000e+04
7.129358125000000000e+05
7.803462402343750000e+03
2.603109863281250000e+03
2.942981250000000000e+05
8.127358593750000000e+04
1.184413203125000000e+05
1.026080875000000000e+06
3.104619140625000000e+04
5.589570312500000000e+03
5.923806250000000000e+05
1.742220000000000000e+05
2.627588476562500000e+04
7.252713867187500000e+03
9.128267187500000000e+04
7.501940625000000000e+04
7.483635742187500000e+03
6.986518125000000000e+05
6.066448437500000000e+04
1.798004296875000000e+04
2.105813750000000000e+05
9.948453906250000000e+04
2.973205078125000000e+04
8.067810937500000000e+04
4.202628515625000000e+04
2.562648242187500000e+04
8.978152343750000000e+04
1.772215000000000000e+05
1.146056796875000000e+05
5.897321484375000000e+04
2.052492031250000000e+05
8.019276562500000000e+04
1.749431093750000000e+05
4.804628800000000000e+07
1.403303000000000000e+07
1.311102000000000000e+07
3.078319921875000000e+04
6.642453000000000000e+06
1.840609843750000000e+05
1.620810424804687500e+03
7.233184800000000000e+07
4.149812988281250000e+03
3.782761230468750000e+03
7.177678720000000000e+08
4.750709600000000000e+07
8.448853125000000000e+05
1.539462656000000000e+09
1.053980468750000000e+05
2.938312695312500000e+04
8.379864960000000000e+08
1.700211523437500000e+04
3.273275195312500000e+04
7.437116406250000000e+04
1.332721561600000000e+10
4.551089000000000000e+06
1.553464250000000000e+06
1.354653125000000000e+06
1.523523375000000000e+06
6.518194000000000000e+07
2.863114453125000000e+04
5.773498535156250000e+02
1.358936718750000000e+05
1.953955078125000000e+04
1.639922656250000000e+04
1.158579296875000000e+05
8.251389648437500000e+03
2.028506835937500000e+03
7.004963378906250000e+03
3.796344750000000000e+06
8.889147500000000000e+05
3.927635937500000000e+04
1.631075937500000000e+05
5.142766015625000000e+04
3.462239453125000000e+04
1.171739520000000000e+08
4.188384375000000000e+05
8.344292968750000000e+04
7.270135156250000000e+04
3.003229750000000000e+06
2.495404296875000000e+04
8.576190185546875000e+02
4.109220214843750000e+03
1.753295937500000000e+05
2.214884531250000000e+05
3.603048828125000000e+04
2.583689257812500000e+04
9.206073750000000000e+05
2.494266357421875000e+03
1.452184082031250000e+04
1.102492187500000000e+03
7.507449707031250000e+03
1.182822656250000000e+05
3.310389062500000000e+04
5.403240722656250000e+03
6.980604980468750000e+03
1.237157500000000000e+05
5.914658203125000000e+03
1.040945117187500000e+04
2.150091250000000000e+06
3.701079589843750000e+03
3.595033984375000000e+04
9.585624218750000000e+04
3.063168701171875000e+03
7.212704687500000000e+04
4.518572812500000000e+05
1.789677734375000000e+04
1.590289453125000000e+04
8.948814375000000000e+05
2.161243750000000000e+04
4.597453437500000000e+05
4.247052307128906250e+02
7.463355468750000000e+04
1.802076250000000000e+05
1.889445190429687500e+03
1.537452812500000000e+05
1.445901250000000000e+05
8.453834960937500000e+03
8.188293945312500000e+03
3.299667750000000000e+06
2.114505500000000000e+06
3.578508125000000000e+05
3.299667750000000000e+06
1.530032226562500000e+04
1.028304492187500000e+04
1.594588867187500000e+03
2.134751953125000000e+03
3.747007031250000000e+04
2.983974609375000000e+03
5.271570800781250000e+03
3.474825000000000000e+05
1.514335250000000000e+06
3.863321093750000000e+04
4.365647812500000000e+05
1.498518945312500000e+04
1.992090312500000000e+05
2.823096923828125000e+03
1.616141357421875000e+03
2.566880625000000000e+05
2.203213281250000000e+05
1.373672500000000000e+05
1.492623828125000000e+04
2.225114746093750000e+03
2.737712890625000000e+04
1.864716250000000000e+05
7.129230957031250000e+03
1.693920468750000000e+05
9.206073750000000000e+05
7.229783691406250000e+03
6.179066406250000000e+04
5.847701660156250000e+03
2.251825976562500000e+04
5.082821875000000000e+05
8.000789843750000000e+04
1.330186562500000000e+05
3.544153515625000000e+04
2.747610312500000000e+05
6.753493750000000000e+05
1.155541406250000000e+05
3.653399062500000000e+05
3.380542236328125000e+03
5.557674240000000000e+08
6.770704000000000000e+07
6.010742578125000000e+04
9.206073750000000000e+05
3.635282812500000000e+04
3.924730078125000000e+04
2.470716800000000000e+07
6.860740000000000000e+07
4.216466796875000000e+04
3.805072750000000000e+06
8.712310546875000000e+03
2.857908984375000000e+04
1.026464064000000000e+09
1.414388625000000000e+06
2.969101750000000000e+06
8.690923437500000000e+04
1.033134464000000000e+09
4.128135312500000000e+05
3.726209250000000000e+06
1.770930781250000000e+05
8.781754000000000000e+06
1.301698000000000000e+07
3.488794375000000000e+05
3.236089843750000000e+04
9.983107500000000000e+05
1.216398625000000000e+06
7.361907500000000000e+05
1.260704625000000000e+06
5.089020312500000000e+05
5.146387109375000000e+04
1.016762562500000000e+06
4.050842500000000000e+05
2.811100312500000000e+05
2.921413281250000000e+04
2.249894500000000000e+06
7.058188750000000000e+05
1.545617968750000000e+05
4.026431640625000000e+04
7.843454375000000000e+05
2.752399062500000000e+05
1.279093203125000000e+05
1.803496000000000000e+07
1.592010625000000000e+06
4.664833203125000000e+04
1.803496000000000000e+07
2.013812109375000000e+04
2.011600781250000000e+04
2.200979736328125000e+03
1.138043554687500000e+04
8.481654375000000000e+05
2.114505500000000000e+06
2.008653625000000000e+06
3.381607666015625000e+02
2.476459716796875000e+03
4.563758500000000000e+06
8.722253906250000000e+03
8.545446250000000000e+05
8.873925000000000000e+04
9.956614400000000000e+08
4.433567504882812500e+02
2.893439062500000000e+05
2.383506835937500000e+03
4.563758500000000000e+06
8.722253906250000000e+03
2.947630400000000000e+08
9.956614400000000000e+08
2.893439062500000000e+05
2.383506835937500000e+03
8.654490000000000000e+06
2.947630400000000000e+08
8.654490000000000000e+06
2.961188160000000000e+08
1.276589200000000000e+07
1.106966200000000000e+07
1.001548203125000000e+05
9.344048640000000000e+08
3.388082400000000000e+07
9.641532812500000000e+04
7.241684375000000000e+05
7.557881250000000000e+04
7.062768750000000000e+04
7.200489472000000000e+10
3.172909875200000000e+10
1.404876125000000000e+06
2.544392704000000000e+09
3.358870000000000000e+05
7.513947500000000000e+05
2.227443456000000000e+09
6.739828125000000000e+05
2.570585250000000000e+06
9.987392187500000000e+04
7.200489472000000000e+10
1.669068800000000000e+07
3.159842000000000000e+07
2.436126500000000000e+06
1.347074300000000000e+07
2.980385920000000000e+08
6.744963200000000000e+07
2.270330312500000000e+05
5.605944960000000000e+08
1.261400488281250000e+04
9.141961250000000000e+05
3.640091015625000000e+04
2.195400000000000000e+06
9.599247360000000000e+08
1.645296600000000000e+07
8.078751562500000000e+04
3.407310800000000000e+07
9.602198125000000000e+05
1.405886406250000000e+05
1.633035625000000000e+05
5.809839500000000000e+06
4.072520141601562500e+02
6.194630859375000000e+04
2.649056091308593750e+02
4.818625976562500000e+03
7.488317871093750000e+01
1.209045507812500000e+04
1.820868593750000000e+05
6.460505981445312500e+02
2.877614440917968750e+02
7.316748046875000000e+03
3.564331542968750000e+03
3.150467500000000000e+05
1.078674000000000000e+06
6.563482812500000000e+04
1.044937250000000000e+06
1.685411000000000000e+06
1.850328281250000000e+05
1.165339625000000000e+06
7.614812500000000000e+05
8.582910625000000000e+05
1.263926000000000000e+06
1.908121679687500000e+04
5.970677500000000000e+05
2.257018400000000000e+07
4.145857812500000000e+05
1.114258125000000000e+05
2.540328521728515625e+02
3.266959765625000000e+04
1.069405280000000000e+08
7.699572656250000000e+04
8.203823750000000000e+05
1.117583374023437500e+03
7.411147500000000000e+05
2.265137304687500000e+04
2.312588593750000000e+05
3.089413671875000000e+04
1.773064062500000000e+04
1.222837421875000000e+05
4.037617968750000000e+04
7.389027343750000000e+04
8.220755468750000000e+04
4.198389160156250000e+03
3.054510312500000000e+05
2.942981250000000000e+05
2.033623750000000000e+05
9.847311718750000000e+04
1.673652500000000000e+05
1.845749531250000000e+05
2.139985625000000000e+05
2.037195312500000000e+05
4.346644500000000000e+06
1.403303000000000000e+07
1.496420400000000000e+07
5.472540625000000000e+05
3.303131000000000000e+06
8.787510742187500000e+03
4.489924316406250000e+03
6.634922800000000000e+07
6.022016796875000000e+04
3.448198046875000000e+04
6.808560640000000000e+08
6.879749500000000000e+06
3.762966500000000000e+06
1.572777984000000000e+09
1.145936800000000000e+07
9.330022000000000000e+06
9.753979200000000000e+07
2.112634750000000000e+06
4.704169921875000000e+03
4.696956800000000000e+07
6.778954240000000000e+09
5.035440960000000000e+08
5.984153500000000000e+06
1.427620864000000000e+09
7.975252000000000000e+07
6.464120832000000000e+09
1.601460937500000000e+03
4.275290234375000000e+04
1.636272031250000000e+05
1.152920117187500000e+04
2.085407226562500000e+04
3.673248828125000000e+04
4.199903906250000000e+04
1.191361015625000000e+05
2.624362792968750000e+03
7.038031250000000000e+05
2.252770538330078125e+02
1.065683125000000000e+06
5.615625781250000000e+04
2.624362792968750000e+03
7.038031250000000000e+05
1.179526640625000000e+05
5.615625781250000000e+04
1.179526640625000000e+05
1.338493554687500000e+04
2.683979687500000000e+05
2.196531406250000000e+05
7.956861718750000000e+04
8.967803000000000000e+06
1.220097000000000000e+07
3.307987500000000000e+05
5.424528800000000000e+07
1.496135546875000000e+04
3.101736523437500000e+04
7.575966080000000000e+08
8.722612500000000000e+05
4.835476562500000000e+05
1.614813750000000000e+05
2.618416800000000000e+07
2.961188160000000000e+08
1.496420400000000000e+07
1.121560449218750000e+04
9.956614400000000000e+08
4.371937011718750000e+03
3.346505126953125000e+03
7.200489472000000000e+10
4.962788281250000000e+04
1.349544335937500000e+04
1.165625781250000000e+05
1.346146875000000000e+06
2.396874843750000000e+05
8.042415039062500000e+03
7.462922973632812500e+02
2.326025585937500000e+04
3.743915625000000000e+05
2.020456835937500000e+04
2.513480625000000000e+05
2.127041406250000000e+04
2.402603906250000000e+04
2.364763281250000000e+05
2.198938671875000000e+04
4.565304687500000000e+04
1.779050000000000000e+04
1.999037500000000000e+04
5.882576660156250000e+03
4.961834472656250000e+03
2.144907750000000000e+06
1.095924843750000000e+05
3.017717000000000000e+06
1.374466552734375000e+03
4.318608886718750000e+03
1.055895263671875000e+03
9.206073750000000000e+05
3.331508203125000000e+04
3.165509765625000000e+04
8.838856250000000000e+04
1.848190937500000000e+05
3.347760000000000000e+05
1.254873925781250000e+04
6.047501562500000000e+04
6.537694140625000000e+04
2.161243750000000000e+04
1.236402832031250000e+04
2.026547460937500000e+04
3.171441000000000000e+06
1.941363875000000000e+06
2.264325781250000000e+05
1.266661500000000000e+06
2.392125156250000000e+05
1.269224023437500000e+04
1.031013200000000000e+07
2.121008750000000000e+06
1.799127968750000000e+05
2.161536500000000000e+06
9.989549000000000000e+06
5.651764375000000000e+05
1.324214843750000000e+05
1.759191562500000000e+05
3.607566406250000000e+04
5.063797500000000000e+05
3.973465625000000000e+05
9.102316875000000000e+05
5.917933750000000000e+05
9.065707031250000000e+04
4.805827343750000000e+04
6.584938281250000000e+04
1.395040700000000000e+07
1.269210900000000000e+07
2.129259500000000000e+06
1.463179360000000000e+08
2.081760875000000000e+06
7.565193750000000000e+04
9.722557440000000000e+08
1.371663800000000000e+07
1.273913500000000000e+07
1.427200960000000000e+08
9.841460480000000000e+08
9.602198125000000000e+05
3.677493359375000000e+04
1.112583671875000000e+05
6.267309375000000000e+05
1.726772583007812500e+03
2.107637695312500000e+04
4.877605468750000000e+04
9.173674218750000000e+04
4.403947500000000000e+05
1.162967773437500000e+04
1.946814062500000000e+05
2.748740800000000000e+08
1.333736600000000000e+07
4.445330859375000000e+04
9.906510720000000000e+08
2.491052929687500000e+04
2.432602734375000000e+04
2.848483123200000000e+10
4.210583437500000000e+05
3.453308750000000000e+05
6.817922000000000000e+06
5.812437200000000000e+07
2.579109130859375000e+03
9.398952500000000000e+05
3.179684570312500000e+03
1.109554140625000000e+05
1.002033593750000000e+05
1.326473828125000000e+04
2.095431152343750000e+03
8.931717773437500000e+03
4.181813476562500000e+03
8.205565185546875000e+02
2.616431640625000000e+03
5.128742675781250000e+02
1.578628417968750000e+03
9.597139282226562500e+02
5.262583007812500000e+03
1.458873413085937500e+03
1.469031300000000000e+07
6.268597265625000000e+04
8.461115520000000000e+08
9.254098632812500000e+03
6.273267578125000000e+04
2.112799804687500000e+04
6.145502500000000000e+05
1.102752896000000000e+09
1.315811800000000000e+07
4.200720703125000000e+04
7.003412800000000000e+07
1.188671328125000000e+05
5.125894000000000000e+06
1.125076300000000000e+07
2.004678750000000000e+06
7.951802343750000000e+04
1.004513281250000000e+04
4.407558593750000000e+03
9.206073750000000000e+05
1.389682714843750000e+04
8.873925000000000000e+04
1.081172500000000000e+06
2.998254687500000000e+05
1.188671328125000000e+05
1.174301952000000000e+09
5.125894000000000000e+06
1.125076300000000000e+07
2.096722031250000000e+05
7.951802343750000000e+04
1.004513281250000000e+04
9.206073750000000000e+05
5.320300500000000000e+06
1.081172500000000000e+06
2.998254687500000000e+05
1.174301952000000000e+09
2.096722031250000000e+05
5.320300500000000000e+06
1.219536132812500000e+02
7.702672729492187500e+02
4.931065368652343750e+02
8.813985351562500000e+03
4.298485000000000000e+05
5.069527343750000000e+04
1.093402578125000000e+05
6.859427500000000000e+06
9.875771875000000000e+05
1.204455810546875000e+03
1.101858750000000000e+06
4.279585156250000000e+04
2.410250732421875000e+03
2.177680664062500000e+03
1.498442260742187500e+03
1.231232560000000000e+08
1.560878750000000000e+06
8.545446250000000000e+05
1.231232560000000000e+08
1.903366000000000000e+06
1.986727600000000000e+07
2.655410937500000000e+04
9.206073750000000000e+05
3.967680908203125000e+03
9.412924804687500000e+03
2.499786240000000000e+09
3.006721679687500000e+04
7.681032031250000000e+04
2.141223632812500000e+04
1.862494531250000000e+05
2.755646093750000000e+04
2.463475585937500000e+03
1.462330200000000000e+07
1.236561875000000000e+05
3.636905859375000000e+04
3.703422187500000000e+05
2.693871484375000000e+04
1.658409062500000000e+05
8.070427246093750000e+02
4.175107421875000000e+04
8.194356445312500000e+03
1.431140625000000000e+04
1.111104453125000000e+05
3.040239257812500000e+04
1.634845800781250000e+04
2.051338476562500000e+04
8.409073437500000000e+04
1.496420400000000000e+07
8.114464062500000000e+04
7.406849218750000000e+04
3.095710625000000000e+05
3.381193603515625000e+03
1.135729000000000000e+06
7.011614843750000000e+04
8.118669433593750000e+03
2.528745781250000000e+05
1.325462968750000000e+05
1.216398625000000000e+06
1.816691875000000000e+05
2.899615234375000000e+03
2.207716064453125000e+03
2.150091250000000000e+06
2.227456542968750000e+03
3.101168750000000000e+04
3.320058203125000000e+04
1.579691650390625000e+03
3.526244140625000000e+04
1.607748281250000000e+05
1.513051074218750000e+04
8.602621093750000000e+03
2.254263437500000000e+05
1.069048984375000000e+05
9.498874240000000000e+08
5.953917236328125000e+02
1.184468261718750000e+04
2.130281640625000000e+04
3.830039843750000000e+04
1.471631000000000000e+07
5.759158000000000000e+07
2.666442871093750000e+03
4.116761250000000000e+06
6.964059570312500000e+03
9.814695625000000000e+05
1.960968281250000000e+05
3.499519140625000000e+04
2.142261328125000000e+04
1.768348500000000000e+06
2.524187187500000000e+05
2.662000781250000000e+04
2.280951406250000000e+05
5.842924218750000000e+04
6.817373437500000000e+04
5.285032500000000000e+06
1.260871900000000000e+07
1.052110400000000000e+07
1.065745125000000000e+06
4.268462000000000000e+07
1.413920500000000000e+06
1.536428320312500000e+04
8.676401250000000000e+05
8.213765625000000000e+04
1.383026660156250000e+04
1.286281472000000000e+09
4.122226880000000000e+08
5.285032500000000000e+06
2.611257856000000000e+09
1.260871900000000000e+07
1.052110400000000000e+07
2.288621760000000000e+08
4.268462000000000000e+07
1.413920500000000000e+06
8.676401250000000000e+05
2.074623180800000000e+10
1.286281472000000000e+09
4.122226880000000000e+08
2.611257856000000000e+09
2.288621760000000000e+08
2.074623180800000000e+10
9.624301875000000000e+05
5.723966875000000000e+05
4.768638437500000000e+05
4.529863000000000000e+06
1.431006093750000000e+05
3.366217750000000000e+06
4.890698828125000000e+04
1.939925875000000000e+06
3.878286000000000000e+06
5.448481875000000000e+05
2.718779250000000000e+06
2.826006080000000000e+08
1.060764700000000000e+07
5.550163281250000000e+04
3.388082400000000000e+07
2.223335156250000000e+04
6.880294921875000000e+03
3.031413555200000000e+10
6.870007500000000000e+05
1.979358750000000000e+05
1.185772250000000000e+06
7.254199200000000000e+07
6.377296386718750000e+03
1.194298203125000000e+05
1.355282812500000000e+04
1.238293046875000000e+05
3.628945312500000000e+05
1.300711230468750000e+04
7.395287500000000000e+04
3.630195000000000000e+05
1.015123700000000000e+07
1.273632625000000000e+06
1.604535250000000000e+06
5.825230000000000000e+06
2.062258984375000000e+04
6.547036621093750000e+03
7.123377500000000000e+05
2.847613867187500000e+04
5.991251250000000000e+05
7.266426562500000000e+04
4.318036718750000000e+04
1.382254125000000000e+06
1.638658125000000000e+05
1.614870625000000000e+05
5.596183125000000000e+05
3.066781250000000000e+05
5.585402500000000000e+05
9.935769653320312500e+02
3.066781250000000000e+05
3.123381562500000000e+05
3.868198437500000000e+05
1.351316375000000000e+06
1.327185781250000000e+05
9.788511718750000000e+04
1.986297500000000000e+06
6.916542968750000000e+03
3.495025000000000000e+05
1.043776406250000000e+05
8.834235351562500000e+03
1.926723593750000000e+05
8.873925000000000000e+04
2.226643164062500000e+04
3.854433437500000000e+05
1.196613828125000000e+05
3.073547070312500000e+04
3.107483437500000000e+05
3.555508593750000000e+04
1.727857421875000000e+04
2.354380859375000000e+03
2.501601250000000000e+06
4.398125937500000000e+05
1.043776406250000000e+05
1.281639062500000000e+05
2.729464062500000000e+04
4.626630859375000000e+03
1.925727000000000000e+06
3.949637500000000000e+05
1.196613828125000000e+05
5.647862109375000000e+04
4.461925000000000000e+04
1.727857421875000000e+04
2.501601250000000000e+06
8.625839062500000000e+04
6.725217968750000000e+04
2.729464062500000000e+04
1.925727000000000000e+06
5.647862109375000000e+04
8.625839062500000000e+04
2.689533007812500000e+04
2.161243750000000000e+04
9.602198125000000000e+05
2.097829101562500000e+04
3.923104062500000000e+05
6.377841015625000000e+04
4.900485156250000000e+04
1.792980125000000000e+06
1.746866875000000000e+05
7.125735937500000000e+04
5.665379375000000000e+05
2.586677539062500000e+04
5.384112304687500000e+03
2.200214062500000000e+04
4.693547500000000000e+05
6.119395703125000000e+04
4.642412597656250000e+03
2.621177500000000000e+05
1.276542900000000000e+07
3.753935156250000000e+04
9.723108398437500000e+03
2.841281562500000000e+05
2.819603437500000000e+05
3.399902500000000000e+05
1.867610000000000000e+05
2.275259218750000000e+05
2.230260546875000000e+04
2.011600781250000000e+04
2.709573632812500000e+04
1.422053222656250000e+04
7.498399218750000000e+04
1.040945117187500000e+04
2.142246250000000000e+06
5.105708593750000000e+04
2.817974375000000000e+05
9.650952343750000000e+04
3.969237890625000000e+04
4.248231875000000000e+05
4.532560937500000000e+05
9.199721875000000000e+04
1.025186093750000000e+05
1.165290875000000000e+06
2.961188160000000000e+08
1.468132200000000000e+07
6.211194531250000000e+04
4.958238000000000000e+06
3.543690937500000000e+05
7.456945312500000000e+04
9.978896640000000000e+08
2.338008984375000000e+04
2.745224414062500000e+04
2.740333760000000000e+08
4.877561000000000000e+06
1.862234500000000000e+06
7.200489472000000000e+10
6.988476875000000000e+05
4.339273125000000000e+05
1.051985152000000000e+09
5.043389000000000000e+06
2.990855000000000000e+05
4.553993500000000000e+06
7.041929728000000000e+09
1.410960800000000000e+08
5.751985500000000000e+06
5.272305200000000000e+07
5.658864640000000000e+08
3.245321472000000000e+09
2.585207617187500000e+04
2.515195156250000000e+05
2.389993125000000000e+05
1.097304218750000000e+05
3.942669921875000000e+04
2.163679843750000000e+05
1.413252812500000000e+05
1.043127656250000000e+05
1.403303000000000000e+07
1.496420400000000000e+07
5.004771093750000000e+04
6.634922800000000000e+07
4.698003906250000000e+03
1.490023730468750000e+04
1.572777984000000000e+09
5.590905468750000000e+04
8.542028125000000000e+04
1.785150625000000000e+05
1.543633125000000000e+06
7.512472500000000000e+05
4.564500000000000000e+05
7.182280000000000000e+05
4.108430937500000000e+05
5.352310500000000000e+06
1.870400750000000000e+06
5.700438671875000000e+04
5.724860351562500000e+03
9.943803710937500000e+03
9.979038000000000000e+06
4.096619062500000000e+05
3.387446750000000000e+06
5.397015234375000000e+04
9.565223000000000000e+06
1.506076640000000000e+08
2.015160000000000000e+07
1.906896375000000000e+06
1.184643593750000000e+05
9.244438400000000000e+08
3.388082400000000000e+07
7.701717968750000000e+04
7.973340000000000000e+05
4.332916015625000000e+04
2.696935546875000000e+04
5.040384819200000000e+10
5.718183424000000000e+09
3.314980750000000000e+06
2.200485632000000000e+09
1.351365375000000000e+06
6.081422500000000000e+05
2.432279808000000000e+09
5.981916500000000000e+06
5.359498000000000000e+06
6.149319531250000000e+04
7.200489472000000000e+10
2.812391040000000000e+08
1.900579200000000000e+08
1.196324700000000000e+07
5.961282400000000000e+07
5.026068480000000000e+09
2.261435250000000000e+06
1.216398625000000000e+06
2.644871289062500000e+04
2.261435250000000000e+06
1.066654500000000000e+07
2.833397070312500000e+04
9.956614400000000000e+08
2.165227734375000000e+04
2.533890156250000000e+05
3.146979492187500000e+04
2.836421750000000000e+06
7.500724480000000000e+08
1.023115250000000000e+06
7.172022656250000000e+04
5.624717200000000000e+07
1.220658691406250000e+04
6.117755625000000000e+05
1.811751171875000000e+04
1.410734277343750000e+04
1.040945117187500000e+04
2.734777187500000000e+05
1.083299625000000000e+06
1.714684375000000000e+05
7.864966250000000000e+05
1.574173000000000000e+06
6.957409375000000000e+05
5.139290000000000000e+05
6.821805625000000000e+05
6.213462500000000000e+05
7.194242500000000000e+05
2.339532187500000000e+05
1.132783625000000000e+06
7.795400625000000000e+05
1.154158125000000000e+05
1.868024250000000000e+06
2.639877187500000000e+05
1.088270000000000000e+06
1.236843875000000000e+06
3.412390000000000000e+07
3.613816406250000000e+04
8.830515625000000000e+04
1.066054250000000000e+06
7.406121582031250000e+03
6.117755625000000000e+05
8.608851562500000000e+03
8.460571289062500000e+03
2.013504687500000000e+04
5.954127929687500000e+03
1.944612915039062500e+03
8.896629882812500000e+03
8.873925000000000000e+04
1.316565917968750000e+04
3.917856640625000000e+04
3.669307373046875000e+03
1.138376098632812500e+03
1.170072656250000000e+04
5.263897265625000000e+04
5.456826171875000000e+03
2.419799072265625000e+03
4.160460156250000000e+04
1.056378613281250000e+04
5.954127929687500000e+03
5.887656640625000000e+04
6.055509765625000000e+03
3.098324462890625000e+03
4.041963281250000000e+04
1.535912597656250000e+04
3.669307373046875000e+03
5.939099609375000000e+04
1.914932617187500000e+04
5.456826171875000000e+03
4.160460156250000000e+04
5.308007031250000000e+04
2.015200976562500000e+04
6.055509765625000000e+03
4.041963281250000000e+04
5.939099609375000000e+04
5.308007031250000000e+04
1.312473999023437500e+03
8.881004882812500000e+03
1.050503281250000000e+05
8.873925000000000000e+04
3.644755249023437500e+02
3.709697021484375000e+03
1.050503281250000000e+05
3.709697021484375000e+03
2.777500585937500000e+04
2.011600781250000000e+04
3.915239746093750000e+03
1.397553906250000000e+04
1.548599400000000000e+07
1.177979700000000000e+07
2.212429000000000000e+06
1.433400900000000000e+07
2.417827750000000000e+06
4.806492187500000000e+04
4.010660000000000000e+07
1.558445700000000000e+07
1.147106800000000000e+07
1.301196600000000000e+07
3.924873600000000000e+07
1.488787988281250000e+04
1.323401120000000000e+08
2.153483437500000000e+05
3.782447656250000000e+04
2.184154500000000000e+06
4.559657812500000000e+05
7.526010937500000000e+04
1.889295000000000000e+05
2.150091250000000000e+06
1.496420400000000000e+07
6.612563125000000000e+05
3.319269687500000000e+05
8.422763750000000000e+05
6.529226250000000000e+05
2.606462812500000000e+05
3.854374375000000000e+05
3.099110937500000000e+05
1.321189843750000000e+05
1.644449250000000000e+06
1.358780500000000000e+06
3.533506250000000000e+05
6.276951875000000000e+05
7.355489843750000000e+04
4.946607812500000000e+05
1.429042375000000000e+06
6.375252500000000000e+06
1.082131750000000000e+06
3.689997500000000000e+06
5.247419375000000000e+05
9.402126250000000000e+05
2.727003125000000000e+05
5.183335000000000000e+06
4.009854062500000000e+05
6.381797500000000000e+05
5.665628125000000000e+05
6.094561500000000000e+06
1.898321000000000000e+06
4.498073125000000000e+05
9.132218750000000000e+05
2.086543125000000000e+06
5.674259000000000000e+06
4.939307500000000000e+06
4.156289062500000000e+05
9.242437000000000000e+06
1.684975500000000000e+06
2.614200500000000000e+06
7.064929500000000000e+06
4.051619567871093750e+02
4.015140380859375000e+03
6.700901794433593750e+01
8.574004000000000000e+07
1.496420400000000000e+07
1.384430468750000000e+05
7.082551562500000000e+04
7.435184800000000000e+07
8.333755000000000000e+05
9.708936718750000000e+04
3.405230078125000000e+04
4.904894140625000000e+04
4.710608398437500000e+03
1.244096128000000000e+09
3.229480000000000000e+07
3.017797250000000000e+06
7.505560000000000000e+06
7.448331875000000000e+05
7.567575000000000000e+04
2.500208000000000000e+07
2.533308500000000000e+06
1.547181093750000000e+05
1.679786914062500000e+04
6.179927040000000000e+08
5.500502000000000000e+07
3.372194250000000000e+06
6.887233750000000000e+05
2.032834875000000000e+06
1.845641600000000000e+07
6.285756347656250000e+03
1.838746125000000000e+06
1.166942125000000000e+06
4.243337890625000000e+03
1.838746125000000000e+06
5.174927187500000000e+05
7.707314375000000000e+05
2.802334062500000000e+05
9.206073750000000000e+05
1.935447070312500000e+04
3.263279296875000000e+04
4.585291200000000000e+07
6.211584375000000000e+05
6.506029375000000000e+05
2.918951367187500000e+04
6.609272500000000000e+06
1.573453437500000000e+05
2.676194921875000000e+04
2.952837500000000000e+05
1.356057343750000000e+05
8.497246093750000000e+03
6.458219375000000000e+05
3.419383239746093750e+02
2.481609531250000000e+05
1.316390468750000000e+05
1.298921630859375000e+03
8.946613281250000000e+04
2.474552656250000000e+05
1.374537109375000000e+04
1.071393847656250000e+04
5.565967200000000000e+07
1.207380600000000000e+07
3.755183125000000000e+05
4.284058880000000000e+08
1.420334375000000000e+05
3.521300390625000000e+04
4.588987904000000000e+09
1.145174300000000000e+07
5.229100625000000000e+05
9.744568750000000000e+05
1.578709920000000000e+08
3.423414000000000000e+07
1.496420400000000000e+07
4.089789843750000000e+04
2.008702400000000000e+08
2.492505781250000000e+05
1.345587011718750000e+04
5.362778624000000000e+09
2.557110500000000000e+06
8.557136718750000000e+04
4.680865937500000000e+05
1.567367900000000000e+07
2.796297265625000000e+04
3.716158750000000000e+05
1.157783984375000000e+05
8.647897656250000000e+04
5.157887207031250000e+03
1.827095600000000000e+07
1.207380600000000000e+07
3.832897656250000000e+04
7.805915200000000000e+07
1.067864160156250000e+04
1.997225195312500000e+04
5.903409920000000000e+08
6.478655468750000000e+04
3.457285937500000000e+05
4.722503125000000000e+05
2.133247250000000000e+06
9.005415200000000000e+07
1.053188600000000000e+07
7.539106250000000000e+04
6.144604400000000000e+07
8.565489062500000000e+04
4.222055859375000000e+04
4.935855104000000000e+09
1.329554375000000000e+06
2.889644375000000000e+05
1.043360062500000000e+06
1.218099700000000000e+07
8.766742968750000000e+04
1.164317382812500000e+04
3.385472500000000000e+05
5.213303125000000000e+04
1.200349800000000000e+07
3.327535312500000000e+05
3.303891796875000000e+04
4.984795625000000000e+05
4.021193125000000000e+05
8.545446250000000000e+05
5.020458068847656250e+02
4.021193125000000000e+05
9.602198125000000000e+05
5.281114062500000000e+04
1.235555250000000000e+06
3.220523437500000000e+04
2.748740800000000000e+08
1.207380600000000000e+07
1.627176250000000000e+05
3.675801250000000000e+06
9.956614400000000000e+08
4.273567000000000000e+06
4.128221875000000000e+05
4.235954296875000000e+04
1.788295703125000000e+04
4.676805725097656250e+02
2.677913804800000000e+10
2.800689280000000000e+08
3.347219840000000000e+08
2.039170800000000000e+07
6.133733500000000000e+06
7.031758593750000000e+04
1.899539200000000000e+08
7.175585280000000000e+08
2.569587750000000000e+06
2.383664648437500000e+04
6.534581760000000000e+09
2.994006016000000000e+10
1.859302400000000000e+08
8.614405000000000000e+06
1.624563680000000000e+08
5.705110528000000000e+09
2.256308906250000000e+05
7.130976875000000000e+05
3.743708437500000000e+05
4.207175000000000000e+06
1.507567285156250000e+04
2.356032421875000000e+04
1.675147250000000000e+06
8.278522400000000000e+07
4.303521000000000000e+06
1.926210250000000000e+06
2.491756054687500000e+04
9.956614400000000000e+08
1.801395600000000000e+07
2.337402539062500000e+04
1.114258125000000000e+05
2.751402343750000000e+04
8.003562011718750000e+02
1.510154035200000000e+10
2.650048000000000000e+09
2.175083437500000000e+05
7.567311200000000000e+07
1.341262500000000000e+05
3.525699218750000000e+04
1.223902336000000000e+09
4.520403000000000000e+06
1.851797031250000000e+05
6.229982910156250000e+03
5.407172608000000000e+10
1.826893200000000000e+07
7.981753000000000000e+06
2.276500781250000000e+05
6.351548500000000000e+06
4.117912640000000000e+08
5.550094531250000000e+04
3.776534375000000000e+05
3.249093554687500000e+04
1.077638203125000000e+05
1.437028800000000000e+08
1.854686400000000000e+07
1.660110156250000000e+05
9.956614400000000000e+08
5.468790625000000000e+04
2.882863867187500000e+04
4.814323302400000000e+10
7.868935625000000000e+05
1.171118906250000000e+05
7.760587000000000000e+06
1.229216880000000000e+08
2.718519687500000000e+05
1.103131875000000000e+05
4.134884277343750000e+03
4.419726171875000000e+04
2.189838125000000000e+05
1.171713875000000000e+06
5.257036875000000000e+05
1.979017187500000000e+05
5.931198046875000000e+04
1.815058593750000000e+02
1.098146582031250000e+04
1.333302124023437500e+03
1.711930541992187500e+03
8.256152343750000000e+03
1.247491171875000000e+05
5.820422851562500000e+03
6.756542968750000000e+01
3.725719531250000000e+04
2.345627685546875000e+03
2.408104882812500000e+04
7.903980468750000000e+04
1.395722363281250000e+04
6.133862890625000000e+04
2.318497656250000000e+04
6.005700000000000000e+04
7.634445000000000000e+05
3.332707031250000000e+03
1.303891015625000000e+05
7.648110156250000000e+04
3.735723437500000000e+05
2.034984179687500000e+04
7.646796875000000000e+04
6.780604492187500000e+03
6.745393750000000000e+04
5.549353515625000000e+04
1.297613750000000000e+06
5.997288000000000000e+06
1.484364600000000000e+07
3.817580000000000000e+05
3.758476000000000000e+06
1.090436875000000000e+05
9.209368164062500000e+03
7.706476875000000000e+05
1.093153613281250000e+04
3.641695312500000000e+04
3.388683600000000000e+07
2.983196750000000000e+06
2.992024375000000000e+05
9.670088960000000000e+08
3.137137812500000000e+05
1.695926562500000000e+05
5.640800000000000000e+07
1.475249125000000000e+06
4.894258984375000000e+04
5.351481250000000000e+04
2.267388160000000000e+08
1.369460000000000000e+07
6.593136875000000000e+05
1.416859125000000000e+06
1.533874600000000000e+07
8.049002400000000000e+07
1.114258125000000000e+05
5.389943847656250000e+02
1.769357812500000000e+04
1.859058471679687500e+03
1.567044062500000000e+05
2.625166406250000000e+04
5.131042578125000000e+04
7.413563281250000000e+04
2.086707968750000000e+05
4.892158437500000000e+05
5.131042578125000000e+04
4.892158437500000000e+05
1.126588800000000000e+08
3.929719140625000000e+04
3.666969531250000000e+04
1.059682500000000000e+06
1.210424687500000000e+05
1.484088378906250000e+04
1.991707250000000000e+06
5.396885937500000000e+04
1.207380600000000000e+07
2.512354218750000000e+05
1.578674375000000000e+06
1.503875468750000000e+05
5.893558125000000000e+05
9.322716406250000000e+04
1.182549765625000000e+05
1.484088378906250000e+04
1.991707250000000000e+06
5.396885937500000000e+04
5.533266000000000000e+06
2.344627031250000000e+05
1.980138437500000000e+05
2.559619335937500000e+04
4.649744531250000000e+04
9.670078000000000000e+06
2.126574687500000000e+05
5.893558125000000000e+05
9.322716406250000000e+04
1.182549765625000000e+05
4.410461875000000000e+05
2.344627031250000000e+05
1.980138437500000000e+05
2.559619335937500000e+04
4.649744531250000000e+04
9.670078000000000000e+06
2.126574687500000000e+05
4.468226250000000000e+05
2.626497500000000000e+05
3.754689062500000000e+05
1.148626171875000000e+05
4.410461875000000000e+05
4.468226250000000000e+05
2.626497500000000000e+05
3.754689062500000000e+05
1.148626171875000000e+05
6.081341250000000000e+05
6.081341250000000000e+05
1.602641250000000000e+05
4.273585937500000000e+04
2.519615039062500000e+04
3.332537500000000000e+04
5.619866500000000000e+06
5.750252500000000000e+06
4.051584062500000000e+05
7.111188281250000000e+04
8.187729687500000000e+04
3.310844062500000000e+05
9.220380859375000000e+03
3.579587109375000000e+04
3.063141210937500000e+04
9.551274414062500000e+03
2.011600781250000000e+04
4.524185058593750000e+03
7.134550292968750000e+03
2.854608400000000000e+07
9.466739843750000000e+04
1.572317812500000000e+05
5.472312500000000000e+06
3.712188125000000000e+05
1.063001953125000000e+05
3.283948125000000000e+05
8.873925000000000000e+04
3.899968750000000000e+05
5.144154062500000000e+05
3.283948125000000000e+05
5.144154062500000000e+05
1.061356796875000000e+05
1.040945117187500000e+04
6.117755625000000000e+05
2.202982031250000000e+05
9.685382812500000000e+03
3.503205859375000000e+04
3.596195312500000000e+05
1.276396562500000000e+05
1.394798925781250000e+04
5.207807031250000000e+04
1.044837304687500000e+04
7.647607031250000000e+04
2.098294218750000000e+05
1.533982625000000000e+06
4.463052734375000000e+04
4.881425781250000000e+04
8.644948242187500000e+03
5.068284765625000000e+04
4.634395703125000000e+04
2.311434960937500000e+04
2.769655273437500000e+04
2.760075195312500000e+04
2.448724414062500000e+04
1.366174531250000000e+05
1.463475390625000000e+04
1.220748339843750000e+04
3.235940625000000000e+05
2.872827812500000000e+05
8.275925781250000000e+03
2.291981445312500000e+04
2.872827812500000000e+05
6.979910937500000000e+04
1.802922460937500000e+04
1.462463906250000000e+05
4.280415500000000000e+06
1.869106835937500000e+04
1.568820898437500000e+04
1.875085937500000000e+05
4.322830312500000000e+05
4.683549687500000000e+05
2.527743500000000000e+06
5.675448750000000000e+05
1.196968125000000000e+06
1.112019375000000000e+06
3.525825250000000000e+06
1.527365500000000000e+06
3.585818750000000000e+05
7.614333125000000000e+05
2.362432640000000000e+08
1.084505078125000000e+04
6.159467968750000000e+04
8.873925000000000000e+04
3.585818750000000000e+05
9.402893000000000000e+06
2.362432640000000000e+08
6.159467968750000000e+04
9.402893000000000000e+06
1.221413378906250000e+04
3.911469726562500000e+02
5.922208251953125000e+02
8.873925000000000000e+04
4.827150390625000000e+03
6.359074707031250000e+03
5.922208251953125000e+02
6.359074707031250000e+03
3.708454687500000000e+05
5.359117187500000000e+04
6.848477343750000000e+04
1.865561093750000000e+05
4.066228906250000000e+04
4.608599062500000000e+05
3.332912500000000000e+05
1.652900156250000000e+05
3.774111250000000000e+05
1.075775292968750000e+04
3.179367812500000000e+05
8.873925000000000000e+04
5.783889843750000000e+04
6.539265625000000000e+05
6.991963125000000000e+05
9.500875000000000000e+04
4.955791250000000000e+05
7.892225000000000000e+05
4.582701562500000000e+05
1.028873750000000000e+05
9.653110625000000000e+05
9.356305468750000000e+04
3.774111250000000000e+05
1.046347437500000000e+06
4.284694140625000000e+04
2.081616210937500000e+04
1.725392625000000000e+06
4.110327812500000000e+05
6.991963125000000000e+05
1.195145250000000000e+06
7.782697500000000000e+05
4.582701562500000000e+05
9.653110625000000000e+05
8.648520000000000000e+05
5.940915000000000000e+05
4.284694140625000000e+04
1.725392625000000000e+06
1.195145250000000000e+06
8.648520000000000000e+05
1.195691280000000000e+08
3.804023046875000000e+04
2.297194140625000000e+04
3.513157500000000000e+05
6.615807495117187500e+02
2.009418457031250000e+03
8.369204101562500000e+03
6.198961500000000000e+06
6.972273437500000000e+04
3.777346875000000000e+04
9.084115625000000000e+04
8.257953906250000000e+04
1.745931640625000000e+03
3.755550000000000000e+04
1.488958125000000000e+05
4.995067968750000000e+04
7.082551562500000000e+04
5.016342285156250000e+03
1.755677490234375000e+03
6.479427246093750000e+03
2.042870625000000000e+05
8.371584375000000000e+04
8.608499218750000000e+04
6.715667968750000000e+03
1.558465625000000000e+05
4.290461875000000000e+05
9.805291406250000000e+04
8.953944531250000000e+04
7.029359375000000000e+03
6.307552343750000000e+04
1.681518164062500000e+04
1.163574609375000000e+04
5.848493652343750000e+03
1.737174625000000000e+06
1.438372750000000000e+06
4.957796250000000000e+05
1.982201757812500000e+04
6.899178500000000000e+06
1.323756125000000000e+06
1.253937000000000000e+06
3.543134250000000000e+06
3.315947187500000000e+05
2.961188160000000000e+08
1.488353400000000000e+07
1.216398625000000000e+06
2.541817000000000000e+06
1.608701855468750000e+04
4.685410156250000000e+03
9.882750720000000000e+08
8.545446250000000000e+05
8.493053906250000000e+04
1.786737120000000000e+08
6.565830000000000000e+05
3.315947187500000000e+05
7.200489472000000000e+10
2.961188160000000000e+08
1.488353400000000000e+07
1.061749696000000000e+09
2.541817000000000000e+06
1.608701855468750000e+04
9.882750720000000000e+08
5.312405504000000000e+09
1.786737120000000000e+08
6.565830000000000000e+05
7.200489472000000000e+10
1.061749696000000000e+09
5.312405504000000000e+09
3.552386474609375000e+03
2.374239843750000000e+04
1.297407125000000000e+06
1.070956171875000000e+05
1.167821679687500000e+04
8.072182031250000000e+04
9.206073750000000000e+05
2.319029785156250000e+03
7.125783593750000000e+04
1.986637890625000000e+04
1.297683250000000000e+06
9.956950000000000000e+04
1.079444100000000000e+07
7.988402500000000000e+05
6.807862500000000000e+04
1.871470312500000000e+04
6.911394375000000000e+05
1.043108800000000000e+07
6.436336875000000000e+05
1.675572187500000000e+05
2.728768554687500000e+03
3.683555468750000000e+04
1.098760400000000000e+07
6.737883593750000000e+04
7.668183105468750000e+03
2.353994375000000000e+05
1.355608691406250000e+04
1.993230438232421875e+01
1.438812011718750000e+03
3.679216064453125000e+03
1.355079101562500000e+03
9.490258789062500000e+02
8.873925000000000000e+04
1.170644140625000000e+04
5.799746093750000000e+03
1.355079101562500000e+03
1.170644140625000000e+04
4.289175000000000000e+04
5.527400000000000000e+05
5.235233125000000000e+05
3.897097412109375000e+03
1.115005468750000000e+05
2.752935156250000000e+04
1.518668593750000000e+05
5.578529296875000000e+03
5.981835156250000000e+04
2.249601953125000000e+04
1.963458906250000000e+05
9.768153320312500000e+03
9.746999023437500000e+03
4.750022656250000000e+04
1.591061718750000000e+04
3.140566601562500000e+04
2.741692187500000000e+04
1.377083984375000000e+04
7.526010937500000000e+04
9.983107500000000000e+05
1.216398625000000000e+06
7.851295898437500000e+03
7.860428710937500000e+03
4.447958750000000000e+05
1.145790332031250000e+04
6.343233398437500000e+03
3.518101562500000000e+04
3.021594375000000000e+05
8.145275781250000000e+04
2.249894500000000000e+06
2.881819335937500000e+04
2.158077929687500000e+04
1.216702050781250000e+04
1.519419628906250000e+04
3.144425312500000000e+05
2.187680468750000000e+04
1.496209100000000000e+07
1.000680390625000000e+05
8.212692187500000000e+04
3.735926875000000000e+05
3.237105750000000000e+06
7.506355625000000000e+05
1.216398625000000000e+06
8.572357500000000000e+05
2.767027187500000000e+05
1.002036010742187500e+03
1.368582700000000000e+07
3.237105750000000000e+06
7.506355625000000000e+05
8.572357500000000000e+05
1.368582700000000000e+07
9.637910156250000000e+04
1.822602148437500000e+04
3.913922500000000000e+05
7.902978515625000000e+03
1.105815820312500000e+04
3.324159667968750000e+03
7.954903906250000000e+04
1.218932983398437500e+03
5.924756500000000000e+06
2.748740800000000000e+08
1.207380600000000000e+07
5.204187890625000000e+04
1.327617919921875000e+03
1.378322600000000000e+07
1.038707187500000000e+05
3.592740234375000000e+03
9.956614400000000000e+08
2.133557031250000000e+04
2.010626367187500000e+04
1.301588906250000000e+05
2.073556960000000000e+08
1.132530100000000000e+07
5.330842500000000000e+05
2.677913804800000000e+10
4.228119687500000000e+05
2.655755312500000000e+05
1.144840000000000000e+05
3.889817382812500000e+03
7.950996398925781250e+01
1.256326656000000000e+09
4.866633000000000000e+06
6.465703125000000000e+03
5.687880000000000000e+06
1.438253700000000000e+07
5.641941250000000000e+05
2.253555468750000000e+04
6.263974400000000000e+09
7.837019200000000000e+07
8.155691875000000000e+05
5.495468800000000000e+07
5.929945000000000000e+06
1.828329687500000000e+04
3.463921813964843750e+02
1.169067520000000000e+08
4.234318400000000000e+08
3.328476000000000000e+06
4.870725781250000000e+04
1.501488128000000000e+09
6.090273125000000000e+05
5.113389200000000000e+07
1.155074000000000000e+06
2.011600781250000000e+04
6.448329101562500000e+03
4.191244921875000000e+04
8.616646875000000000e+04
2.606462812500000000e+05
8.572419531250000000e+04
8.482312500000000000e+04
2.016807187500000000e+05
3.528978906250000000e+04
3.967513125000000000e+05
2.166140625000000000e+05
5.458172000000000000e+06
6.509641406250000000e+04
3.636694140625000000e+04
3.470178750000000000e+05
2.150091250000000000e+06
3.329450000000000000e+04
6.201671093750000000e+04
1.057345000000000000e+07
3.036326562500000000e+05
5.184265000000000000e+06
2.191426757812500000e+04
6.146211914062500000e+03
9.983107500000000000e+05
2.150091250000000000e+06
2.863354248046875000e+03
2.195001562500000000e+04
1.320225097656250000e+04
4.207532812500000000e+04
1.408560937500000000e+05
2.942981250000000000e+05
1.199396728515625000e+03
2.050094726562500000e+04
1.674332617187500000e+04
1.960801875000000000e+05
4.707735937500000000e+05
5.923806250000000000e+05
2.427246582031250000e+03
3.170736572265625000e+03
2.393373437500000000e+04
1.934772187500000000e+05
2.071270751953125000e+03
1.878643554687500000e+03
3.121902343750000000e+04
1.807735500000000000e+06
5.065947265625000000e+03
4.805383300781250000e+03
3.277683750000000000e+05
2.142785781250000000e+05
2.979910625000000000e+05
1.296149687500000000e+05
3.388082400000000000e+07
3.098378125000000000e+04
9.959121920000000000e+08
1.937400976562500000e+04
9.122496250000000000e+05
3.260137304687500000e+04
8.454591250000000000e+05
2.765233408000000000e+09
7.862551250000000000e+05
2.903049218750000000e+04
3.576263200000000000e+07
2.934420117187500000e+04
1.655260000000000000e+05
9.381824218750000000e+04
4.296843261718750000e+03
1.968445312500000000e+04
8.845296875000000000e+03
1.437137343750000000e+05
2.078047656250000000e+04
2.556579492187500000e+04
5.396885937500000000e+04
2.052840468750000000e+05
3.773342968750000000e+04
4.343534062500000000e+05
8.193393750000000000e+05
3.506510500000000000e+06
1.119994125000000000e+06
3.243819375000000000e+05
9.685418750000000000e+04
6.735725000000000000e+04
2.437327031250000000e+05
2.076187600000000000e+07
1.542107250000000000e+06
8.873925000000000000e+04
2.076187600000000000e+07
1.055061562500000000e+05
9.557317968750000000e+04
5.586992968750000000e+04
6.537613671875000000e+04
1.794925781250000000e+05
6.853870849609375000e+02
6.093181152343750000e+03
3.082574023437500000e+04
2.527361875000000000e+05
3.446064843750000000e+04
1.460605937500000000e+05
6.113312011718750000e+03
3.624753437500000000e+05
1.042385781250000000e+05
1.344861572265625000e+03
4.066138750000000000e+05
1.889382617187500000e+04
9.349717773437500000e+03
1.973978906250000000e+05
2.341610312500000000e+05
8.475489257812500000e+03
5.640543125000000000e+05
7.780459375000000000e+04
1.414424218750000000e+04
1.603346313476562500e+03
1.187118750000000000e+06
9.384615625000000000e+04
6.304128906250000000e+03
2.431842656250000000e+05
1.008267285156250000e+04
3.077899902343750000e+03
7.436102500000000000e+05
1.599842187500000000e+05
3.749172656250000000e+04
8.159122656250000000e+04
2.469835546875000000e+04
7.046679199218750000e+03
2.130675312500000000e+05
1.663293750000000000e+05
1.121168671875000000e+05
1.282482714843750000e+04
4.438844062500000000e+05
2.569981054687500000e+04
1.484926562500000000e+05
1.257678906250000000e+04
4.203429687500000000e+05
1.040945117187500000e+04
2.146567500000000000e+06
6.025032812500000000e+04
8.759266250000000000e+05
9.608487500000000000e+04
8.202555468750000000e+04
1.635336375000000000e+06
4.523470625000000000e+05
1.093404687500000000e+05
2.272071875000000000e+05
4.576910000000000000e+05
7.526010937500000000e+04
2.150091250000000000e+06
8.953944531250000000e+04
3.911136718750000000e+04
8.776480468750000000e+03
7.539328613281250000e+02
2.606462812500000000e+05
7.704105468750000000e+03
3.871383984375000000e+04
1.701903593750000000e+05
4.798257421875000000e+04
4.771788574218750000e+03
6.276951875000000000e+05
1.107876250000000000e+05
8.475010937500000000e+04
8.648494140625000000e+03
6.529425390625000000e+04
1.662692382812500000e+03
1.254908447265625000e+03
5.074404062500000000e+05
2.801470312500000000e+04
4.560437500000000000e+03
1.134769921875000000e+05
2.334762304687500000e+04
7.243408203125000000e+03
9.230436718750000000e+04
9.492623437500000000e+04
7.788910644531250000e+03
3.267544677734375000e+03
3.288548750000000000e+05
1.734168750000000000e+05
8.420062500000000000e+03
3.000911914062500000e+04
7.618597656250000000e+04
2.092980156250000000e+05
2.739478515625000000e+04
7.852613281250000000e+03
4.112245000000000000e+05
1.788106875000000000e+05
3.632134500000000000e+06
2.513480625000000000e+05
2.023433984375000000e+04
4.712430312500000000e+05
3.260376757812500000e+04
7.852613281250000000e+03
4.112245000000000000e+05
2.812116210937500000e+04
5.481580566406250000e+03
1.039155937500000000e+05
4.712430312500000000e+05
5.241907812500000000e+05
1.244535781250000000e+05
4.298708400000000000e+07
3.065257000000000000e+06
7.242530468750000000e+04
1.039155937500000000e+05
1.844419921875000000e+04
1.072573632812500000e+04
1.211745375000000000e+06
2.710241562500000000e+05
1.491400000000000000e+04
1.978742375000000000e+06
5.266048750000000000e+05
1.052267500000000000e+06
2.884420400000000000e+07
1.024879062500000000e+05
1.134723437500000000e+05
4.673021484375000000e+04
1.636537750000000000e+06
2.710401750000000000e+06
2.626059062500000000e+05
5.644913000000000000e+06
6.076478000000000000e+06
1.169376250000000000e+06
8.972731000000000000e+06
2.214233906250000000e+05
6.133937011718750000e+03
1.477104160000000000e+08
5.843090000000000000e+06
6.178499000000000000e+06
8.834085000000000000e+06
1.492311040000000000e+08
3.755921250000000000e+05
2.444557187500000000e+05
6.350070625000000000e+05
2.029144687500000000e+05
1.660963750000000000e+05
2.279341750000000000e+06
1.660686406250000000e+05
6.124463671875000000e+04
7.328421093750000000e+04
7.389591406250000000e+04
6.946250000000000000e+04
5.377655859375000000e+04
8.315733593750000000e+04
3.428405468750000000e+04
9.860702148437500000e+03
4.529996500000000000e+06
2.540801500000000000e+06
1.206088671875000000e+05
1.037641375000000000e+06
2.206600195312500000e+04
3.698756250000000000e+04
5.954941200000000000e+07
7.814186250000000000e+05
6.329308125000000000e+05
6.455841875000000000e+05
1.394939500000000000e+07
1.461221875000000000e+05
7.509284375000000000e+05
1.072825125000000000e+06
1.735643164062500000e+04
7.509284375000000000e+05
1.128110156250000000e+05
5.918078125000000000e+04
4.374787812500000000e+05
4.294068437500000000e+05
1.040945117187500000e+04
3.347760000000000000e+05
1.279099296875000000e+05
2.226112500000000000e+04
4.102466015625000000e+04
6.606148437500000000e+04
8.337133593750000000e+04
8.105833007812500000e+03
1.041193515625000000e+05
1.670426562500000000e+04
5.306570312500000000e+04
7.044148437500000000e+04
6.786609375000000000e+05
1.458797363281250000e+04
2.681424414062500000e+04
6.950873046875000000e+03
1.017946191406250000e+04
4.038225781250000000e+04
1.677249609375000000e+04
1.136913183593750000e+04
4.944593750000000000e+03
2.168362500000000000e+04
1.132257656250000000e+05
3.640498046875000000e+03
3.330224853515625000e+03
1.328163281250000000e+05
9.844128906250000000e+04
2.179327656250000000e+05
1.296227375000000000e+06
1.938093600000000000e+07
6.962777343750000000e+03
2.171135546875000000e+04
2.084062812500000000e+05
5.315024375000000000e+05
2.606462812500000000e+05
2.381983437500000000e+05
2.264927734375000000e+04
5.975197656250000000e+04
2.001180937500000000e+05
3.679308250000000000e+06
3.320083125000000000e+05
5.966806250000000000e+05
9.089575000000000000e+04
5.522215625000000000e+05
2.167878500000000000e+06
4.998717500000000000e+06
5.925668359375000000e+04
3.675877343750000000e+04
1.963635742187500000e+04
5.564306250000000000e+05
1.570140625000000000e+05
2.646400937500000000e+05
4.403700390625000000e+04
2.515986523437500000e+04
3.330162000000000000e+06
2.501207500000000000e+06
1.195059875000000000e+06
3.947178437500000000e+05
7.684283750000000000e+05
3.162006750000000000e+06
5.648605468750000000e+04
5.932269375000000000e+05
2.816442812500000000e+05
3.851695312500000000e+05
5.017609687500000000e+05
1.494318000000000000e+06
1.036552562500000000e+06
2.748740800000000000e+08
1.207380600000000000e+07
5.352310500000000000e+06
1.155334296875000000e+05
9.956614400000000000e+08
3.391451200000000000e+07
8.443126953125000000e+03
9.177908125000000000e+05
7.507414062500000000e+03
2.485377197265625000e+03
2.677913804800000000e+10
1.584681984000000000e+10
6.212685625000000000e+05
1.222220160000000000e+09
7.458488281250000000e+04
3.070825000000000000e+04
2.779659008000000000e+09
5.153890937500000000e+05
7.831042968750000000e+04
5.380390625000000000e+03
7.200489472000000000e+10
1.287728500000000000e+07
2.945791250000000000e+06
1.324245000000000000e+05
2.258461000000000000e+06
9.090807200000000000e+07
5.502965234375000000e+04
4.981651953125000000e+04
2.011600781250000000e+04
3.776534375000000000e+05
5.322087000000000000e+06
2.114505500000000000e+06
1.946966094970703125e+02
5.562493164062500000e+03
6.101505859375000000e+04
1.389682714843750000e+04
3.646977294921875000e+03
1.087433437500000000e+05
1.157518625000000000e+06
1.446404687500000000e+05
2.515790156250000000e+05
5.282526875000000000e+05
5.121621875000000000e+04
2.884781875000000000e+05
5.875650000000000000e+05
5.322087000000000000e+06
1.513097991943359375e+02
5.427145507812500000e+03
7.030021875000000000e+04
9.874207031250000000e+03
3.390587187500000000e+05
1.510419687500000000e+05
1.157518625000000000e+06
1.666410468750000000e+05
2.669429062500000000e+05
5.282526875000000000e+05
2.884781875000000000e+05
1.506990820312500000e+04
6.233899902343750000e+03
7.030021875000000000e+04
3.390587187500000000e+05
1.666410468750000000e+05
1.506990820312500000e+04
1.723443750000000000e+05
2.218042382812500000e+04
3.753863281250000000e+04
1.949278250000000000e+06
2.014137600000000000e+07
1.590355937500000000e+05
9.206073750000000000e+05
2.008897265625000000e+04
3.630317968750000000e+04
2.528071168000000000e+09
2.122904843750000000e+05
5.531006875000000000e+05
3.083215039062500000e+04
1.965535500000000000e+06
3.194873500000000000e+06
2.540062695312500000e+04
2.795667773437500000e+04
4.491299316406250000e+03
2.964180000000000000e+05
1.911502750000000000e+06
1.288535125000000000e+06
1.422871125000000000e+06
1.653152343750000000e+05
6.117440500000000000e+06
2.761109375000000000e+03
1.912656640625000000e+04
7.314717500000000000e+05
1.465001098632812500e+03
1.088265875000000000e+06
7.869873125000000000e+05
3.973878750000000000e+05
8.873925000000000000e+04
5.733725500000000000e+06
2.087701375000000000e+06
7.869873125000000000e+05
5.733725500000000000e+06
2.525802929687500000e+04
2.355433349609375000e+03
1.702833740234375000e+03
3.865598828125000000e+04
5.684207500000000000e+05
9.963171250000000000e+05
2.079611718750000000e+05
1.691049062500000000e+05
2.500041250000000000e+06
1.292038500000000000e+06
1.516970781250000000e+05
1.088116250000000000e+06
2.947469687500000000e+05
9.380577500000000000e+05
1.222424800000000000e+08
1.340230781250000000e+05
3.331165234375000000e+04
2.088272875000000000e+06
5.968787500000000000e+06
1.450001500000000000e+07
5.664070703125000000e+04
7.805695625000000000e+05
4.518634277343750000e+03
2.456372851562500000e+04
9.762806400000000000e+08
1.790521718750000000e+05
3.926839687500000000e+05
7.810754687500000000e+04
6.470505500000000000e+06
1.066595703125000000e+05
1.322126464843750000e+04
4.511475000000000000e+04
4.355517187500000000e+05
3.236089843750000000e+04
5.048357812500000000e+05
2.444118906250000000e+05
1.628325000000000000e+05
2.938636875000000000e+05
2.477428750000000000e+05
2.913030664062500000e+04
4.381789000000000000e+06
9.723215625000000000e+04
2.116577500000000000e+06
7.644660000000000000e+05
9.615903906250000000e+04
2.182541406250000000e+04
1.666846093750000000e+05
6.833068000000000000e+07
1.496420400000000000e+07
3.711388281250000000e+04
4.685896800000000000e+07
1.030055859375000000e+05
3.805180468750000000e+04
5.519180160000000000e+08
2.518042250000000000e+06
4.860289687500000000e+05
1.695253875000000000e+06
3.004613200000000000e+07
4.845420000000000000e+05
9.819346875000000000e+04
5.074422812500000000e+05
2.239029843750000000e+05
3.499300625000000000e+05
9.982336250000000000e+05
4.644120312500000000e+05
3.190579062500000000e+05
8.873925000000000000e+04
6.119705468750000000e+04
2.363487187500000000e+05
1.616105250000000000e+06
6.751878125000000000e+05
6.248403125000000000e+05
1.760591250000000000e+05
3.985161875000000000e+05
2.061954531250000000e+05
1.529750375000000000e+06
4.022374687500000000e+05
9.982336250000000000e+05
2.695510000000000000e+05
7.330811718750000000e+04
3.321162890625000000e+04
9.934054375000000000e+05
2.851814687500000000e+05
1.616105250000000000e+06
2.293382343750000000e+05
2.304733125000000000e+05
3.985161875000000000e+05
1.529750375000000000e+06
2.206501875000000000e+05
1.739120781250000000e+05
7.330811718750000000e+04
9.934054375000000000e+05
2.293382343750000000e+05
2.206501875000000000e+05
2.588978000000000000e+06
9.177181875000000000e+05
8.711155200000000000e+08
1.182485961914062500e+03
2.760269287109375000e+03
8.804883593750000000e+04
2.588978000000000000e+06
2.525785600000000000e+08
8.711155200000000000e+08
2.760269287109375000e+03
2.525785600000000000e+08
2.481718437500000000e+05
4.273585937500000000e+04
1.823565250000000000e+06
7.725331250000000000e+04
5.379333125000000000e+05
8.073614062500000000e+04
7.814734375000000000e+04
8.268876250000000000e+05
2.004357187500000000e+05
2.318029531250000000e+05
2.025270312500000000e+05
6.765478125000000000e+05
5.445257812500000000e+03
1.291388203125000000e+05
1.497188400000000000e+07
2.698623632812500000e+04
9.414568359375000000e+03
6.526300000000000000e+04
1.260549531250000000e+05
4.906489453125000000e+04
1.385234843750000000e+05
8.388653750000000000e+05
2.758835000000000000e+05
1.043352500000000000e+05
4.439025312500000000e+05
4.905400000000000000e+04
1.396546875000000000e+05
7.778045000000000000e+05
1.964996875000000000e+05
4.413378125000000000e+04
5.709486875000000000e+05
4.446342812500000000e+05
1.967937500000000000e+05
4.412818359375000000e+04
5.756215625000000000e+05
2.468135000000000000e+05
2.472429843750000000e+05
6.830782500000000000e+06
3.658383593750000000e+04
4.905208496093750000e+03
8.526262500000000000e+04
1.932814250000000000e+06
2.961188160000000000e+08
1.482697900000000000e+07
7.082551562500000000e+04
1.583712125000000000e+06
3.169977750000000000e+06
2.910586718750000000e+04
9.963795840000000000e+08
7.701717968750000000e+04
4.901064843750000000e+04
7.500063200000000000e+07
7.078957500000000000e+06
3.128819687500000000e+05
7.200489472000000000e+10
1.616997875000000000e+06
7.409345000000000000e+05
6.379769600000000000e+07
2.222647500000000000e+06
4.469120625000000000e+05
6.791846500000000000e+06
2.147241088000000000e+09
2.284068000000000000e+07
1.850285375000000000e+06
1.742915680000000000e+08
3.157630800000000000e+07
3.064600320000000000e+08
1.525632343750000000e+05
2.701772851562500000e+04
3.484257031250000000e+04
8.873925000000000000e+04
2.909484960937500000e+04
8.707183593750000000e+04
3.484257031250000000e+04
8.707183593750000000e+04
3.079057500000000000e+05
9.223452000000000000e+06
3.228137512207031250e+02
1.216398625000000000e+06
1.559526375000000000e+06
7.789669036865234375e+01
4.731377929687500000e+03
2.183332812500000000e+04
3.389813281250000000e+04
1.918380165100097656e+01
1.192914480000000000e+08
4.758483886718750000e+03
3.079057500000000000e+05
1.226345875000000000e+06
9.223452000000000000e+06
3.228137512207031250e+02
4.747144062500000000e+05
1.559526375000000000e+06
7.789669036865234375e+01
2.183332812500000000e+04
1.490973100000000000e+07
1.192914480000000000e+08
4.758483886718750000e+03
1.226345875000000000e+06
4.747144062500000000e+05
1.490973100000000000e+07
1.794992656250000000e+05
7.526010937500000000e+04
7.714278750000000000e+05
3.042394335937500000e+04
4.009338125000000000e+05
2.075027500000000000e+05
4.111735312500000000e+05
1.204150937500000000e+05
4.998641796875000000e+04
5.522038281250000000e+04
2.859118125000000000e+05
2.136432031250000000e+04
2.090287187500000000e+05
3.045493437500000000e+05
9.504117968750000000e+04
7.043611718750000000e+04
5.602759765625000000e+04
2.584803281250000000e+05
1.308688515625000000e+05
4.126323046875000000e+04
9.755755625000000000e+05
1.098604765625000000e+05
6.526468750000000000e+04
5.146137207031250000e+03
2.902797187500000000e+05
3.357890312500000000e+05
8.141513671875000000e+03
7.040958593750000000e+04
1.856848828125000000e+04
5.891700390625000000e+04
8.970305000000000000e+05
3.261020996093750000e+03
2.961188160000000000e+08
1.162219000000000000e+07
3.809087109375000000e+04
6.838664960000000000e+08
2.159543945312500000e+04
7.008692382812500000e+03
7.200489472000000000e+10
3.307867812500000000e+05
4.409246875000000000e+04
1.939320156250000000e+05
4.037744250000000000e+06
2.359092382812500000e+04
1.843725000000000000e+04
2.746960625000000000e+05
9.602198125000000000e+05
2.401480224609375000e+03
2.047736132812500000e+04
3.339040039062500000e+03
3.124800781250000000e+04
4.431079296875000000e+04
3.019134375000000000e+05
8.277654296875000000e+03
9.197931250000000000e+04
1.102697363281250000e+04
6.697062500000000000e+04
1.162305468750000000e+05
2.746473437500000000e+05
5.918173339843750000e+03
1.405211303710937500e+03
1.362010546875000000e+04
1.123273906250000000e+05
3.309366406250000000e+04
4.140216796875000000e+03
3.114515429687500000e+04
4.499467187500000000e+05
4.398339843750000000e+03
2.136059375000000000e+04
3.016476750000000000e+06
1.261254125000000000e+06
4.577713867187500000e+03
3.016476750000000000e+06
1.470763625000000000e+06
1.390889355468750000e+04
4.416845200000000000e+07
2.823491875000000000e+05
4.602066500000000000e+06
6.533063281250000000e+04
1.327218375000000000e+06
6.346902800000000000e+07
4.283076800000000000e+07
4.321308000000000000e+06
5.982788800000000000e+07
4.344880000000000000e+05
2.259154882812500000e+04
7.926365000000000000e+05
1.056983398437500000e+04
2.657229687500000000e+04
4.976270312500000000e+05
7.166422656250000000e+04
4.185153906250000000e+04
5.667941250000000000e+05
4.166940625000000000e+04
5.185715332031250000e+03
2.050657812500000000e+04
1.406248480000000000e+08
1.724433500000000000e+06
3.772073046875000000e+04
3.388082400000000000e+07
8.450062500000000000e+03
2.492982666015625000e+03
5.234864640000000000e+09
2.034787812500000000e+05
1.943560156250000000e+04
7.966435937500000000e+04
9.888758750000000000e+05
4.066228906250000000e+04
3.295628125000000000e+04
1.652788125000000000e+05
8.859481445312500000e+03
1.918731445312500000e+04
4.721086718750000000e+04
2.157810546875000000e+04
9.303241210937500000e+03
2.647215429687500000e+04
7.478859375000000000e+04
9.103828906250000000e+04
6.120832031250000000e+04
2.691942871093750000e+03
1.246843750000000000e+04
5.443958984375000000e+04
2.510550781250000000e+05
9.890080078125000000e+03
1.507416000000000000e+06
1.307685742187500000e+04
5.065309062500000000e+05
4.125053750000000000e+05
1.040945117187500000e+04
9.983107500000000000e+05
2.150091250000000000e+06
2.147939375000000000e+05
3.943415937500000000e+05
7.940399375000000000e+05
1.671099062500000000e+05
6.101505859375000000e+04
9.585624218750000000e+04
2.942981250000000000e+05
2.136001718750000000e+05
2.642756562500000000e+05
1.409370125000000000e+06
2.733681875000000000e+05
4.646330937500000000e+05
4.518572812500000000e+05
5.923806250000000000e+05
2.056865781250000000e+05
2.524562500000000000e+05
9.196852343750000000e+04
9.447895000000000000e+05
1.946550312500000000e+05
6.869791250000000000e+05
2.100738906250000000e+05
2.023268593750000000e+05
3.342604687500000000e+05
1.096600234375000000e+05
1.233811500000000000e+06
1.782648125000000000e+05
1.220494750000000000e+06
1.592899250000000000e+06
2.842769687500000000e+05
7.650452343750000000e+04
1.082694140625000000e+05
6.688583750000000000e+05
4.732823750000000000e+05
8.441261718750000000e+04
1.541019843750000000e+05
9.400225625000000000e+05
1.358286406250000000e+05
2.443366250000000000e+05
5.800758789062500000e+03
1.072693250000000000e+06
9.912051875000000000e+05
3.969325000000000000e+04
6.574119375000000000e+05
3.537091000000000000e+06
2.678336562500000000e+05
2.904890937500000000e+05
1.429582250000000000e+06
6.095829375000000000e+05
1.126756375000000000e+06
2.832883398437500000e+04
2.851231054687500000e+04
1.906153515625000000e+04
2.214937109375000000e+04
4.540836000000000000e+06
4.627074218750000000e+04
2.482372656250000000e+04
2.848436250000000000e+05
1.040017500000000000e+05
3.408138750000000000e+05
4.484748229980468750e+02
9.346512451171875000e+02
3.890815124511718750e+02
3.388082400000000000e+07
9.673484160000000000e+08
8.545446250000000000e+05
7.337990625000000000e+05
1.389682714843750000e+04
6.606185937500000000e+04
8.488160000000000000e+05
2.599492578125000000e+04
1.292381250000000000e+05
3.746113281250000000e+04
3.291878125000000000e+05
5.649187600000000000e+07
3.408138750000000000e+05
1.553260131835937500e+03
4.484748229980468750e+02
9.346512451171875000e+02
2.246224128000000000e+09
3.388082400000000000e+07
9.673484160000000000e+08
7.337990625000000000e+05
1.367978250000000000e+06
1.227255300000000000e+07
8.488160000000000000e+05
6.291841796875000000e+04
2.599492578125000000e+04
1.292381250000000000e+05
3.550355200000000000e+07
3.291878125000000000e+05
5.649187600000000000e+07
1.553260131835937500e+03
2.246224128000000000e+09
1.240166700000000000e+07
1.367978250000000000e+06
1.227255300000000000e+07
6.291841796875000000e+04
3.550355200000000000e+07
1.240166700000000000e+07
7.231873437500000000e+04
3.243819375000000000e+05
3.556048095703125000e+03
7.265394531250000000e+04
4.145070500000000000e+06
3.780460546875000000e+04
4.919527832031250000e+03
7.129672656250000000e+04
2.013563500000000000e+06
8.526497070312500000e+03
4.400437890625000000e+04
4.684197500000000000e+05
2.405360107421875000e+03
5.957439941406250000e+03
3.969394062500000000e+05
7.525328906250000000e+04
7.110609863281250000e+03
1.962315673828125000e+02
1.822602148437500000e+04
1.051674062500000000e+05
5.656816875000000000e+05
2.398455566406250000e+03
1.659723906250000000e+05
2.756305859375000000e+04
1.933642578125000000e+04
3.776935937500000000e+04
2.626209687500000000e+05
8.908529687500000000e+04
4.928290625000000000e+05
1.640791015625000000e+04
1.383576855468750000e+04
2.969283398437500000e+04
7.665642968750000000e+04
7.289192187500000000e+04
2.957808203125000000e+04
4.202925390625000000e+04
7.534498750000000000e+05
4.180032187500000000e+05
2.322262187500000000e+05
9.327605625000000000e+05
3.637068359375000000e+04
8.196568800000000000e+07
8.688933593750000000e+03
8.402505000000000000e+05
3.545563671875000000e+04
1.986097968750000000e+05
1.894090880000000000e+08
7.485288750000000000e+05
2.919062890625000000e+04
4.530195500000000000e+06
4.570958500000000000e+06
1.102643652343750000e+04
9.262967187500000000e+04
1.307716894531250000e+04
9.996246093750000000e+03
3.909599000000000000e+06
2.732475312500000000e+05
8.770073750000000000e+05
1.290386000000000000e+06
4.593277187500000000e+05
3.934117578125000000e+04
6.554687500000000000e+05
1.718608520507812500e+03
9.977651367187500000e+03
2.079756500000000000e+06
1.756186035156250000e+03
4.147806152343750000e+03
9.585624218750000000e+04
2.179534912109375000e+03
1.014453125000000000e+04
4.418119687500000000e+05
3.065800048828125000e+03
4.804906738281250000e+03
1.027347753906250000e+04
1.023134277343750000e+03
6.959514770507812500e+02
3.607652343750000000e+04
7.590858459472656250e+01
5.288265380859375000e+02
2.340247154235839844e+01
4.402721484375000000e+04
1.061748339843750000e+04
2.638713476562500000e+04
1.517091750000000000e+06
1.680460937500000000e+05
4.161151875000000000e+05
1.454138875000000000e+06
6.047445000000000000e+05
2.147533750000000000e+06
8.198130000000000000e+05
9.264696250000000000e+05
8.701171200000000000e+07
4.681574000000000000e+06
4.280415500000000000e+06
3.595067187500000000e+05
9.956614400000000000e+08
3.388082400000000000e+07
5.999626171875000000e+04
9.206073750000000000e+05
2.881566601562500000e+04
1.132831445312500000e+04
1.589655756800000000e+10
1.082575769600000000e+10
2.112689500000000000e+06
7.055316480000000000e+08
1.744902187500000000e+05
5.742508125000000000e+05
2.791640320000000000e+09
9.906745000000000000e+06
5.018806875000000000e+05
6.959504687500000000e+04
7.200489472000000000e+10
8.935266400000000000e+07
2.899562000000000000e+07
3.513034250000000000e+06
1.715788800000000000e+07
8.425782400000000000e+08
5.645073600000000000e+07
3.851210937500000000e+04
6.735378125000000000e+04
9.378225000000000000e+05
4.534118800000000000e+07
1.676360156250000000e+05
4.242321875000000000e+04
3.452848250000000000e+06
6.083562890625000000e+04
2.437164062500000000e+05
6.101505859375000000e+04
2.808575781250000000e+04
2.102934000000000000e+07
1.158037000000000000e+07
2.024763000000000000e+06
2.229912000000000000e+08
2.719803500000000000e+06
8.694239843750000000e+04
1.690875520000000000e+09
2.102934000000000000e+07
1.158037000000000000e+07
2.229912000000000000e+08
1.690875520000000000e+09
6.169530273437500000e+03
9.456324218750000000e+03
6.733682812500000000e+04
8.873925000000000000e+04
8.634306640625000000e+02
2.310380371093750000e+03
6.733682812500000000e+04
2.310380371093750000e+03
4.548554500000000000e+06
3.401753906250000000e+04
3.767855468750000000e+04
3.868873750000000000e+05
5.535365625000000000e+05
2.696935546875000000e+04
3.957720312500000000e+04
5.594015234375000000e+04
1.333029394531250000e+04
7.792207031250000000e+04
2.287037343750000000e+05
5.228325000000000000e+04
8.042951660156250000e+03
4.040105859375000000e+04
3.776534375000000000e+05
7.145260156250000000e+04
1.619870019531250000e+04
2.499064648437500000e+04
4.434160000000000000e+05
1.853075390625000000e+04
8.831345703125000000e+03
7.173301562500000000e+04
2.642247187500000000e+05
2.029711914062500000e+04
9.521020312500000000e+04
3.240685156250000000e+04
8.259498437500000000e+04
3.410924609375000000e+04
6.245682812500000000e+04
2.154751093750000000e+05
9.491745312500000000e+04
6.052771000000000000e+06
4.196020312500000000e+05
3.261253710937500000e+04
7.882988125000000000e+05
4.350223500000000000e+06
4.968295703125000000e+04
1.839860742187500000e+04
1.091655500000000000e+06
9.223452000000000000e+06
1.496420400000000000e+07
2.010928281250000000e+05
5.367746800000000000e+07
2.497663671875000000e+04
2.805079687500000000e+04
1.586029696000000000e+09
4.499394375000000000e+05
1.056728046875000000e+05
1.331504750000000000e+06
1.966024800000000000e+07
1.329251700000000000e+07
7.861617968750000000e+04
9.846305280000000000e+08
3.638324609375000000e+04
7.746553750000000000e+05
4.870470312500000000e+04
4.417928500000000000e+06
1.502273152000000000e+09
6.820712000000000000e+06
1.240863125000000000e+05
6.555048000000000000e+07
8.164610156250000000e+04
1.389682714843750000e+04
7.278119531250000000e+04
2.932754687500000000e+05
9.675668000000000000e+06
1.634368400000000000e+07
1.432665156250000000e+05
3.920175750000000000e+06
8.799597656250000000e+03
1.315270703125000000e+04
8.299073600000000000e+07
3.108553710937500000e+04
3.267894726562500000e+04
1.224198080000000000e+08
4.593614062500000000e+05
4.876730625000000000e+05
7.028748160000000000e+08
1.132871000000000000e+06
5.953823750000000000e+05
1.528000480000000000e+08
3.117223500000000000e+06
7.269206250000000000e+04
2.359449218750000000e+05
1.521275008000000000e+09
1.220649360000000000e+08
1.115620250000000000e+06
1.296277100000000000e+07
1.125980880000000000e+08
1.431276928000000000e+09
2.748740800000000000e+08
5.322087000000000000e+06
6.337339062500000000e+04
3.388082400000000000e+07
2.876706445312500000e+04
4.175955468750000000e+04
1.575180492800000000e+10
3.412740937500000000e+05
2.717532187500000000e+05
3.853680000000000000e+05
6.103862500000000000e+06
4.399812500000000000e+05
7.541126000000000000e+06
4.358075500000000000e+06
7.331865722656250000e+03
4.583967500000000000e+06
5.666638125000000000e+05
8.793750000000000000e+05
5.144209500000000000e+06
1.640681445312500000e+04
7.789120625000000000e+05
5.080595214843750000e+03
5.458354296875000000e+04
1.595183789062500000e+04
2.398853320312500000e+04
1.391610312500000000e+05
4.247815625000000000e+04
1.224323984375000000e+05
4.178621093750000000e+04
1.497463906250000000e+05
1.223743066406250000e+04
1.022839453125000000e+04
9.869595000000000000e+05
7.183425000000000000e+05
7.311612792968750000e+03
3.188522460937500000e+04
2.184552656250000000e+05
6.101505859375000000e+04
1.368929062500000000e+05
3.117989062500000000e+05
9.910219726562500000e+03
1.252414453125000000e+04
1.368080937500000000e+05
4.581613437500000000e+05
2.823895625000000000e+05
2.605406875000000000e+05
1.470142773437500000e+04
6.065898437500000000e+04
1.751222031250000000e+05
2.170034218750000000e+05
1.449882714843750000e+04
6.670571093750000000e+04
7.290547656250000000e+04
9.948493125000000000e+05
3.975306640625000000e+04
3.581236328125000000e+04
2.886572400000000000e+07
7.201926562500000000e+04
7.954804687500000000e+03
1.799448906250000000e+05
2.961188160000000000e+08
2.565164257812500000e+04
5.819428125000000000e+04
4.355575625000000000e+05
4.269323125000000000e+05
2.444720468750000000e+05
8.284447500000000000e+06
7.648591406250000000e+04
4.307771000000000000e+06
1.114809936523437500e+03
2.942981250000000000e+05
2.540423281250000000e+05
5.304164500000000000e+06
3.784852187500000000e+05
4.232262812500000000e+05
8.312132500000000000e+05
1.506813842773437500e+03
6.490058984375000000e+04
3.130446250000000000e+05
3.499180312500000000e+05
4.969987500000000000e+06
5.384341796875000000e+04
5.133680312500000000e+05
1.352069238281250000e+04
1.685102929687500000e+04
3.825458800000000000e+07
5.469117431640625000e+02
2.012609375000000000e+03
3.265598632812500000e+04
2.679616992187500000e+04
8.058331250000000000e+05
1.678948750000000000e+05
4.077626953125000000e+03
8.270730000000000000e+05
5.736291500000000000e+06
4.022251953125000000e+04
1.989749375000000000e+05
1.557248000000000000e+06
1.237355781250000000e+05
9.340359375000000000e+03
4.177145600000000000e+07
4.104237304687500000e+03
1.658409062500000000e+05
3.776629687500000000e+04
2.408352734375000000e+04
1.498451200000000000e+07
1.911952343750000000e+05
1.172023828125000000e+04
3.963791562500000000e+05
3.982470800000000000e+07
1.496420400000000000e+07
1.106966200000000000e+07
7.082551562500000000e+04
6.905851200000000000e+07
1.075180400000000000e+07
4.768391015625000000e+04
9.206073750000000000e+05
4.904894140625000000e+04
2.696935546875000000e+04
1.663305600000000000e+09
6.508792320000000000e+08
1.412258875000000000e+06
2.839282176000000000e+09
7.448331875000000000e+05
4.208319687500000000e+05
3.081281280000000000e+08
1.833541750000000000e+06
1.602984375000000000e+06
7.101354687500000000e+04
1.426807500800000000e+10
4.483628800000000000e+07
4.178062000000000000e+07
8.580682000000000000e+06
2.015467600000000000e+07
3.015546240000000000e+08
2.000480625000000000e+05
4.657467187500000000e+04
2.320576953125000000e+04
9.474747500000000000e+05
2.147781500000000000e+06
1.013423750000000000e+06
6.233787109375000000e+04
8.350564375000000000e+05
7.441124218750000000e+04
6.910866875000000000e+05
4.673715625000000000e+05
5.137591000000000000e+06
1.120328500000000000e+06
2.844736523437500000e+04
5.142145000000000000e+06
1.228428046875000000e+05
1.499352480000000000e+08
1.496420400000000000e+07
3.800795312500000000e+04
5.273011840000000000e+08
1.083175468750000000e+05
1.273231054687500000e+04
2.677454438400000000e+10
1.501963250000000000e+06
7.745810937500000000e+04
3.366666562500000000e+05
1.162349800000000000e+07
3.366775312500000000e+05
9.178213750000000000e+05
1.925778515625000000e+04
3.168257750000000000e+06
8.694893554687500000e+03
3.254595312500000000e+04
1.807218400000000000e+07
3.665823750000000000e+05
2.901034179687500000e+04
1.593354375000000000e+05
5.733857000000000000e+06
1.002165375000000000e+06
2.578899902343750000e+03
1.472431445312500000e+04
1.057338623046875000e+03
5.568240500000000000e+06
1.496420400000000000e+07
4.008251953125000000e+04
4.177145600000000000e+07
1.027333984375000000e+04
1.322055957031250000e+04
1.344945024000000000e+09
1.959093437500000000e+05
8.188979687500000000e+04
8.897576562500000000e+04
1.167902000000000000e+06
4.082859062500000000e+05
2.073978906250000000e+05
7.191632031250000000e+04
2.584615820312500000e+04
4.517433203125000000e+04
2.550916992187500000e+04
8.563855468750000000e+04
9.509621875000000000e+04
3.062222187500000000e+05
2.591252734375000000e+04
2.928210625000000000e+05
1.595662656250000000e+05
1.250042125000000000e+06
9.454060625000000000e+05
2.961188160000000000e+08
1.106966200000000000e+07
2.542488867187500000e+04
3.388082400000000000e+07
5.812444921875000000e+04
4.976566406250000000e+04
3.172909875200000000e+10
4.454181875000000000e+05
2.544142187500000000e+05
1.567554375000000000e+06
2.256015600000000000e+07
1.151016640625000000e+05
1.944689257812500000e+04
4.451085937500000000e+05
9.296062500000000000e+05
2.376454345703125000e+03
2.472736406250000000e+05
1.072825125000000000e+06
3.343853271484375000e+03
1.276396562500000000e+05
9.585624218750000000e+04
2.509660156250000000e+05
1.944689257812500000e+04
4.451085937500000000e+05
9.296062500000000000e+05
3.823305175781250000e+03
7.156237500000000000e+05
3.633866875000000000e+05
3.300645312500000000e+05
1.276396562500000000e+05
9.585624218750000000e+04
1.095499877929687500e+03
2.509660156250000000e+05
3.672730468750000000e+04
2.382073828125000000e+04
1.037192656250000000e+05
7.156237500000000000e+05
3.633866875000000000e+05
1.122705932617187500e+03
3.300645312500000000e+05
3.665630468750000000e+04
3.861037500000000000e+04
7.813403750000000000e+05
1.037192656250000000e+05
1.289364257812500000e+04
1.618386132812500000e+04
1.513675781250000000e+05
7.813403750000000000e+05
2.908170312500000000e+04
2.622246289062500000e+04
1.630687187500000000e+05
1.335387656250000000e+05
2.030507500000000000e+05
2.161243750000000000e+04
8.333866406250000000e+04
8.454229375000000000e+05
1.024869375000000000e+05
1.698752812500000000e+05
2.388467500000000000e+06
2.666096250000000000e+05
1.075964296875000000e+05
8.909006250000000000e+05
3.060917187500000000e+05
6.882073125000000000e+05
1.218109375000000000e+04
1.389682714843750000e+04
8.552307617187500000e+03
1.260549531250000000e+05
9.428451171875000000e+03
2.150091250000000000e+06
1.019130468750000000e+05
1.077163875000000000e+06
2.520208593750000000e+05
8.044302978515625000e+02
7.698421093750000000e+04
4.968275451660156250e+02
9.432669921875000000e+03
2.157703750000000000e+06
8.859938281250000000e+04
1.319453369140625000e+03
1.627480468750000000e+05
7.690817968750000000e+04
7.028023437500000000e+04
1.121545944213867188e+02
1.010747700000000000e+07
3.837102050781250000e+03
8.763063476562500000e+03
1.626752656250000000e+05
4.981039550781250000e+03
1.531674194335937500e+02
3.991265750000000000e+06
8.308803710937500000e+03
1.346141601562500000e+04
7.341018750000000000e+04
9.669618164062500000e+03
4.547958679199218750e+02
1.408147851562500000e+04
8.257568750000000000e+04
1.893965234375000000e+04
3.563867797851562500e+02
4.454123828125000000e+04
1.905350195312500000e+04
3.553318750000000000e+04
5.419400634765625000e+02
4.886546875000000000e+03
1.422243000000000000e+06
4.769276367187500000e+03
3.607111250000000000e+05
8.873925000000000000e+04
8.299073600000000000e+07
1.548187866210937500e+03
1.578617656250000000e+05
5.950193359375000000e+03
1.422243000000000000e+06
4.769276367187500000e+03
3.736642400000000000e+07
8.299073600000000000e+07
1.578617656250000000e+05
5.950193359375000000e+03
6.138561500000000000e+06
3.736642400000000000e+07
6.138561500000000000e+06
1.909753600000000000e+07
2.097016093750000000e+05
7.516492187500000000e+04
7.292651250000000000e+05
2.694805937500000000e+05
6.458219375000000000e+05
7.048731250000000000e+04
7.796978906250000000e+04
5.660459375000000000e+05
1.510161875000000000e+05
2.851091250000000000e+05
4.852222187500000000e+05
1.444229687500000000e+04
1.065600390625000000e+05
4.104569824218750000e+03
7.187488125000000000e+05
1.858748046875000000e+03
9.784443750000000000e+05
1.083727109375000000e+05
3.689221923828125000e+03
6.536883125000000000e+05
2.294786875000000000e+05
1.017302968750000000e+05
2.121496250000000000e+05
1.550919700000000000e+07
1.496420400000000000e+07
3.827331250000000000e+05
3.944107600000000000e+07
2.819251250000000000e+05
3.648940625000000000e+04
4.914612480000000000e+08
2.429143500000000000e+06
1.694736406250000000e+05
6.758345000000000000e+06
4.852676800000000000e+07
2.529318000000000000e+06
1.106966200000000000e+07
6.205664843750000000e+04
3.263994750000000000e+06
1.242992656250000000e+05
7.096835449218750000e+03
2.779804400000000000e+07
1.463006625000000000e+06
2.025428906250000000e+05
4.698160312500000000e+05
1.436800500000000000e+07
4.840150000000000000e+04
1.004944765625000000e+05
4.795800781250000000e+04
4.826160644531250000e+03
1.560879589843750000e+04
7.076712890625000000e+03
5.271570800781250000e+03
7.037534375000000000e+05
8.283463281250000000e+04
8.403036718750000000e+04
2.942981250000000000e+05
1.810768920898437500e+03
5.365236328125000000e+03
4.254114257812500000e+03
1.795158203125000000e+03
6.671410937500000000e+04
3.633194687500000000e+05
1.229352656250000000e+05
1.415524902343750000e+03
1.706170410156250000e+03
1.309062207031250000e+04
2.271389375000000000e+05
3.973714843750000000e+03
7.169046386718750000e+03
1.889678125000000000e+04
7.637751250000000000e+05
3.035539843750000000e+04
5.793323125000000000e+05
7.219796875000000000e+05
5.956865625000000000e+04
3.397825000000000000e+05
2.516567656250000000e+05
4.754629375000000000e+05
5.398111875000000000e+05
4.816133437500000000e+05
4.187441562500000000e+05
1.973203369140625000e+03
1.522549375000000000e+05
4.235311250000000000e+05
8.749817382812500000e+03
2.265524375000000000e+05
4.168582421875000000e+04
3.926853125000000000e+04
2.124555664062500000e+04
1.094333496093750000e+04
1.182177148437500000e+04
7.655902500000000000e+05
5.003181640625000000e+03
7.608987304687500000e+03
1.819959960937500000e+04
4.219128906250000000e+03
6.819119375000000000e+05
7.504285156250000000e+03
8.748949218750000000e+03
1.854468554687500000e+04
4.316562500000000000e+03
5.322601562500000000e+04
2.516510000000000000e+05
3.638543359375000000e+04
3.140890136718750000e+03
7.447028808593750000e+03
1.869229687500000000e+05
7.529916992187500000e+03
1.534373730468750000e+04
2.612991250000000000e+05
1.142880781250000000e+05
5.195163000000000000e+06
4.799606933593750000e+03
8.873925000000000000e+04
2.000965156250000000e+05
1.448971875000000000e+04
7.352903320312500000e+03
1.786579687500000000e+05
1.142880781250000000e+05
5.195163000000000000e+06
3.561383750000000000e+06
2.000965156250000000e+05
7.352903320312500000e+03
1.786579687500000000e+05
4.413938125000000000e+05
3.561383750000000000e+06
4.413938125000000000e+05
1.076316328125000000e+05
2.879398080000000000e+08
1.496420400000000000e+07
2.649359765625000000e+04
8.625249280000000000e+08
4.597327636718750000e+03
9.411587890625000000e+03
7.200489472000000000e+10
9.027452343750000000e+04
6.345787890625000000e+04
6.289811875000000000e+05
4.814005000000000000e+06
1.382545500000000000e+06
2.961188160000000000e+08
1.106966200000000000e+07
1.113356375000000000e+06
1.437735125000000000e+06
3.089573437500000000e+05
6.452191015625000000e+04
3.388082400000000000e+07
8.197386875000000000e+05
1.185258105468750000e+04
9.287894400000000000e+07
4.231680500000000000e+06
1.385728125000000000e+06
3.172909875200000000e+10
3.067864000000000000e+08
7.835311000000000000e+06
2.129626800000000000e+07
1.406197750000000000e+06
3.127077500000000000e+05
3.060352400000000000e+07
4.306055040000000000e+08
8.999182400000000000e+07
4.159302000000000000e+06
2.927708364800000000e+10
2.091948400000000000e+07
4.269645120000000000e+08
2.256406738281250000e+03
4.549479687500000000e+04
7.724846679687500000e+03
1.173114257812500000e+04
1.075683625000000000e+06
7.699344726562500000e+03
1.459273193359375000e+03
1.619171718750000000e+05
7.468146875000000000e+04
3.117989062500000000e+05
2.913299000000000000e+06
6.813259277343750000e+03
7.582911250000000000e+05
8.016773925781250000e+03
5.463190625000000000e+05
2.622620312500000000e+05
1.334669125000000000e+06
1.057101015625000000e+05
5.628604800000000000e+08
7.875087500000000000e+04
7.464366875000000000e+05
3.263279296875000000e+04
9.170182500000000000e+05
4.143516400000000000e+07
8.347673750000000000e+05
5.656795625000000000e+05
2.649489200000000000e+07
1.421341210937500000e+04
1.790004000000000000e+07
1.005210839843750000e+04
1.207380600000000000e+07
2.012979875000000000e+06
1.519386962890625000e+03
7.672497558593750000e+01
5.650518359375000000e+04
3.269367500000000000e+05
8.878744140625000000e+03
1.236034100000000000e+07
1.390025146484375000e+03
2.815089687500000000e+05
6.775606933593750000e+03
9.206653125000000000e+05
1.389163281250000000e+04
3.126651123046875000e+03
1.436804565429687500e+03
8.873925000000000000e+04
1.723006054687500000e+04
6.775606933593750000e+03
9.206653125000000000e+05
3.126651123046875000e+03
1.723006054687500000e+04
3.553277734375000000e+04
1.040945117187500000e+04
2.024192812500000000e+05
2.150091250000000000e+06
2.860845214843750000e+03
1.053170625000000000e+05
3.578285400390625000e+03
2.208291250000000000e+05
9.585624218750000000e+04
3.367703437500000000e+05
5.428181152343750000e+03
9.661977343750000000e+04
7.077765625000000000e+03
8.251631875000000000e+05
4.518572812500000000e+05
4.475561250000000000e+05
7.821017578125000000e+03
1.295564453125000000e+03
3.726110156250000000e+04
3.288115937500000000e+05
1.572563085937500000e+04
2.258541259765625000e+03
4.238184765625000000e+04
1.582506000000000000e+06
6.185863281250000000e+03
1.520958007812500000e+04
4.607144531250000000e+04
5.371130859375000000e+04
1.038383281250000000e+05
6.601580625000000000e+05
3.636094140625000000e+04
2.565363281250000000e+05
4.544618359375000000e+04
6.560653750000000000e+05
4.059977500000000000e+05
2.073652539062500000e+04
3.126442187500000000e+05
4.551693359375000000e+04
3.207053222656250000e+03
2.552749414062500000e+04
1.560659301757812500e+03
7.285633300781250000e+03
1.022999609375000000e+04
4.930222500000000000e+05
2.188265039062500000e+04
5.777291015625000000e+04
4.184910546875000000e+04
6.147958984375000000e+04
2.367841406250000000e+05
4.170876562500000000e+04
9.879783593750000000e+04
2.961188160000000000e+08
3.766439514160156250e+02
1.697640156250000000e+05
9.164866875000000000e+05
7.103223437500000000e+04
4.273567000000000000e+06
5.716155625000000000e+05
2.810647277832031250e+02
2.215397834777832031e+01
6.202343139648437500e+02
4.330553000000000000e+06
4.012781440000000000e+08
3.203316480000000000e+08
6.711416015625000000e+03
3.393781433105468750e+02
1.209390937500000000e+05
7.683478906250000000e+04
6.016878906250000000e+04
3.520103750000000000e+06
2.478419494628906250e+02
5.055085000000000000e+06
4.073260250000000000e+06
3.136347840000000000e+08
5.901319824218750000e+03
6.354593750000000000e+04
4.763127500000000000e+06
6.476209375000000000e+04
2.171170625000000000e+05
6.343688671875000000e+04
6.071107421875000000e+04
7.678740692138671875e+01
1.416934375000000000e+04
1.572816162109375000e+02
4.162328338623046875e+01
1.026702246093750000e+04
7.530383593750000000e+04
2.152461000000000000e+06
9.385663085937500000e+03
4.010244140625000000e+04
1.698643945312500000e+04
4.519590820312500000e+03
2.606462812500000000e+05
8.844910937500000000e+04
2.805960449218750000e+03
4.270656250000000000e+04
1.304586425781250000e+04
4.767603027343750000e+03
6.279041250000000000e+05
8.221868750000000000e+04
4.733335546875000000e+04
8.923168945312500000e+03
8.921035937500000000e+04
3.216394531250000000e+04
1.698643945312500000e+04
2.128632031250000000e+05
2.332472167968750000e+03
7.314772338867187500e+02
6.731897656250000000e+04
2.759627734375000000e+04
1.304586425781250000e+04
9.134510937500000000e+04
7.514685937500000000e+04
4.733335546875000000e+04
8.921035937500000000e+04
1.322821250000000000e+05
9.837990625000000000e+04
2.332472167968750000e+03
6.731897656250000000e+04
9.134510937500000000e+04
1.322821250000000000e+05
8.948814375000000000e+05
5.278234765625000000e+04
2.312313125000000000e+05
6.231100000000000000e+04
3.056578320312500000e+04
2.986602187500000000e+05
4.448900312500000000e+05
7.083868750000000000e+04
4.680403125000000000e+04
2.281268400000000000e+07
4.004323242187500000e+03
9.394385156250000000e+04
1.178394000000000000e+06
2.452335156250000000e+04
1.594537402343750000e+04
8.003403808593750000e+03
1.148560742187500000e+04
2.606462812500000000e+05
3.298844921875000000e+04
3.329910644531250000e+03
2.111055664062500000e+04
3.648508300781250000e+03
5.633219238281250000e+03
5.831187500000000000e+05
4.986215234375000000e+04
2.711822851562500000e+04
9.105311523437500000e+03
1.249016015625000000e+04
2.331382226562500000e+04
6.102704687500000000e+04
1.219033281250000000e+05
3.376703857421875000e+03
3.251307617187500000e+03
1.534842187500000000e+04
1.057319042968750000e+04
3.900468359375000000e+04
5.845292578125000000e+04
3.371789453125000000e+04
2.539837500000000000e+04
5.168841406250000000e+04
7.337148437500000000e+04
6.362027734375000000e+04
9.457994140625000000e+03
2.928476367187500000e+04
4.742838671875000000e+04
7.116628906250000000e+04
1.927741210937500000e+04
1.951824414062500000e+04
3.688227812500000000e+05
9.329883125000000000e+05
1.231067675781250000e+04
7.052888281250000000e+04
2.011717773437500000e+04
6.101505859375000000e+04
9.585624218750000000e+04
2.942981250000000000e+05
3.710592773437500000e+03
4.037224609375000000e+04
2.016662109375000000e+04
2.438247500000000000e+05
3.645101875000000000e+05
2.760350937500000000e+05
1.147601562500000000e+04
8.391416015625000000e+03
7.725603906250000000e+04
2.100738906250000000e+05
9.486904296875000000e+03
5.208240722656250000e+03
3.997898437500000000e+04
8.237055625000000000e+05
2.497616210937500000e+04
1.489462597656250000e+04
2.961188160000000000e+08
1.496420400000000000e+07
4.655601562500000000e+05
1.216398625000000000e+06
9.956614400000000000e+08
9.355009375000000000e+05
8.545446250000000000e+05
1.990237187500000000e+05
8.873925000000000000e+04
4.701262695312500000e+03
7.200489472000000000e+10
2.132383840000000000e+08
2.961188160000000000e+08
5.096621600000000000e+07
1.496420400000000000e+07
4.655601562500000000e+05
7.544985600000000000e+07
9.956614400000000000e+08
9.355009375000000000e+05
1.990237187500000000e+05
1.541252710400000000e+10
7.200489472000000000e+10
2.132383840000000000e+08
5.096621600000000000e+07
7.544985600000000000e+07
1.541252710400000000e+10
7.202034375000000000e+05
4.066228906250000000e+04
9.602198125000000000e+05
3.520763281250000000e+04
9.882158203125000000e+03
1.456317382812500000e+04
3.075686767578125000e+03
2.606462812500000000e+05
8.073175781250000000e+04
2.656008593750000000e+04
1.622419218750000000e+05
2.148064531250000000e+05
8.588539843750000000e+04
4.335521562500000000e+05
8.052421875000000000e+04
3.672628906250000000e+04
1.303469531250000000e+04
5.963208984375000000e+04
1.265271777343750000e+04
1.445618945312500000e+04
3.559450937500000000e+05
1.684857226562500000e+04
6.285360839843750000e+03
2.572539375000000000e+05
8.944770312500000000e+04
2.090626093750000000e+05
6.023050781250000000e+04
4.404959765625000000e+04
3.697500390625000000e+04
5.558956640625000000e+04
2.380380312500000000e+05
1.678772656250000000e+05
1.680796484375000000e+04
2.407722968750000000e+05
5.857212109375000000e+04
2.278210000000000000e+05
3.229543437500000000e+05
1.352885000000000000e+05
1.389242065429687500e+03
5.488345214843750000e+03
4.342635000000000000e+05
2.011600781250000000e+04
7.439555468750000000e+04
4.671729296875000000e+04
8.666936718750000000e+04
2.898208007812500000e+04
3.776534375000000000e+05
1.132783625000000000e+06
1.301974902343750000e+04
1.093028359375000000e+05
4.920388281250000000e+04
3.641462500000000000e+04
2.147781500000000000e+06
3.641657421875000000e+04
7.530533593750000000e+04
4.631408750000000000e+05
7.137672656250000000e+04
2.055645312500000000e+04
1.215140625000000000e+06
6.214287500000000000e+04
4.702859765625000000e+04
8.927257812500000000e+04
7.503879375000000000e+05
7.187851875000000000e+05
2.981442187500000000e+04
3.323739062500000000e+05
1.938656250000000000e+05
8.093635156250000000e+04
9.171179375000000000e+05
6.625478750000000000e+05
3.618168359375000000e+04
3.006621250000000000e+05
1.056252000000000000e+06
1.118914843750000000e+05
7.895200000000000000e+05
6.515081875000000000e+05
8.804869375000000000e+05
6.035516796875000000e+04
5.755139375000000000e+05
1.075170750000000000e+06
7.313643750000000000e+05
1.021666562500000000e+05
1.163162988281250000e+04
1.162453222656250000e+04
1.278562656250000000e+05
6.331615000000000000e+05
1.461306875000000000e+05
2.757215625000000000e+04
3.294337187500000000e+05
9.631837500000000000e+04
4.755993750000000000e+05
2.944367812500000000e+05
2.354482226562500000e+04
1.040945117187500000e+04
9.983107500000000000e+05
4.434726562500000000e+05
6.728606445312500000e+03
2.027194921875000000e+04
3.542308203125000000e+04
6.101505859375000000e+04
1.968362695312500000e+04
4.525515937500000000e+05
4.340158203125000000e+03
3.772684375000000000e+04
2.685099218750000000e+04
4.646330937500000000e+05
5.257871484375000000e+04
1.916275000000000000e+05
2.497024658203125000e+03
5.893354003906250000e+03
1.922776171875000000e+04
9.714354687500000000e+04
5.556803222656250000e+03
2.742662353515625000e+03
1.421303417968750000e+04
5.569482500000000000e+05
3.295578125000000000e+03
3.201725097656250000e+03
2.232179531250000000e+05
1.822602148437500000e+04
3.776534375000000000e+05
2.114505500000000000e+06
4.709891562500000000e+05
1.787982250000000000e+06
5.089020312500000000e+05
1.281812500000000000e+04
5.200123125000000000e+05
2.306927812500000000e+05
2.570565000000000000e+05
1.817295898437500000e+04
5.875650000000000000e+05
5.045739375000000000e+05
8.091396875000000000e+04
1.000347460937500000e+04
3.271300937500000000e+05
2.461797343750000000e+05
6.232039453125000000e+04
3.935166562500000000e+05
6.189470312500000000e+04
2.078572812500000000e+05
6.976358398437500000e+03
6.327018750000000000e+04
5.755362304687500000e+03
6.984745312500000000e+04
2.159471875000000000e+04
8.640858000000000000e+06
2.578070156250000000e+05
5.857767600000000000e+07
1.901737500000000000e+04
9.157256875000000000e+05
3.268013085937500000e+04
1.978674375000000000e+06
1.582577920000000000e+08
5.172705937500000000e+05
2.887930078125000000e+04
1.124677300000000000e+07
2.661203710937500000e+04
1.343202800000000000e+07
2.153850390625000000e+04
1.671988671875000000e+04
3.721453437500000000e+05
8.531808593750000000e+03
2.339909375000000000e+04
1.685194702148437500e+03
2.716669189453125000e+03
1.785397250000000000e+06
3.608091875000000000e+05
4.626317000000000000e+06
9.206073750000000000e+05
2.223288476562500000e+04
3.902440234375000000e+04
6.246873828125000000e+04
2.748740800000000000e+08
1.207380600000000000e+07
5.322087000000000000e+06
2.839802500000000000e+05
9.956614400000000000e+08
3.388082400000000000e+07
2.632115820312500000e+04
9.206073750000000000e+05
6.073000781250000000e+04
3.649132031250000000e+04
2.677913804800000000e+10
1.575180492800000000e+10
4.347035312500000000e+05
1.220335872000000000e+09
1.900642656250000000e+05
6.425793750000000000e+05
2.791640320000000000e+09
3.307561875000000000e+05
2.181357031250000000e+05
6.251027734375000000e+04
7.200489472000000000e+10
4.107615750000000000e+06
3.655012750000000000e+06
8.476535625000000000e+05
3.862908250000000000e+06
3.805097600000000000e+07
9.333382812500000000e+04
2.527890625000000000e+03
2.294754882812500000e+04
4.531513281250000000e+04
2.445270625000000000e+05
2.160796484375000000e+04
5.402676010131835938e+01
1.287621459960937500e+03
9.652208125000000000e+05
3.625338000000000000e+06
1.856535500000000000e+06
3.682507934570312500e+02
4.273585937500000000e+04
2.150091250000000000e+06
1.779073638916015625e+02
5.664034423828125000e+02
6.377841015625000000e+04
2.264020538330078125e+02
1.574413696289062500e+03
2.699497187500000000e+05
5.283981933593750000e+02
7.358219604492187500e+02
1.403303000000000000e+07
1.496420400000000000e+07
2.316283593750000000e+05
6.634922800000000000e+07
1.077265039062500000e+04
6.400245312500000000e+04
1.572777984000000000e+09
2.188896562500000000e+05
1.888050468750000000e+05
1.182651328125000000e+05
1.112249500000000000e+06
3.991707763671875000e+03
8.720898437500000000e+03
4.300726074218750000e+03
1.339438842773437500e+03
7.441054375000000000e+05
1.496420400000000000e+07
5.578208203125000000e+04
1.104335937500000000e+05
7.229155761718750000e+03
6.899473437500000000e+04
5.527637200000000000e+07
5.341757812500000000e+04
2.101566718750000000e+05
9.667192382812500000e+03
2.043400625000000000e+05
2.443585156250000000e+05
8.545446250000000000e+05
6.447615722656250000e+03
2.443585156250000000e+05
6.524427734375000000e+04
8.968655273437500000e+03
2.606462812500000000e+05
3.450435156250000000e+04
6.322543945312500000e+03
2.151772656250000000e+04
4.336611816406250000e+03
2.009750195312500000e+04
4.579708203125000000e+04
2.549041992187500000e+04
1.945837695312500000e+04
4.700999218750000000e+04
6.526468750000000000e+04
8.308020312500000000e+04
1.384430468750000000e+05
1.477273046875000000e+04
1.072012329101562500e+03
7.687435058593750000e+03
2.660178800000000000e+07
2.240466800000000000e+07
5.900269531250000000e+04
4.984271680000000000e+08
1.332001718750000000e+05
2.622794140625000000e+04
4.038860288000000000e+09
9.471567500000000000e+05
4.567425937500000000e+05
5.957459500000000000e+06
3.998400800000000000e+07
4.001870000000000000e+05
9.602198125000000000e+05
1.999109960937500000e+04
1.001477734375000000e+04
1.526239062500000000e+05
6.667746875000000000e+04
1.750927539062500000e+04
8.427949218750000000e+04
1.976029296875000000e+04
3.370072656250000000e+04
1.774286406250000000e+05
2.254887031250000000e+05
1.994014257812500000e+04
3.616404375000000000e+05
3.069924062500000000e+05
4.338084375000000000e+04
6.377561328125000000e+04
1.607050625000000000e+05
2.767385937500000000e+05
4.804628800000000000e+07
1.002409218750000000e+05
1.198536718750000000e+04
4.789516875000000000e+05
1.704208398437500000e+04
7.526010937500000000e+04
1.155473125000000000e+05
1.253482714843750000e+04
1.127749609375000000e+04
7.454170898437500000e+03
1.730179101562500000e+04
6.369387695312500000e+03
5.588089000000000000e+06
1.207380600000000000e+07
3.344435000000000000e+05
4.177145600000000000e+07
1.183797363281250000e+04
3.271552539062500000e+04
7.267137280000000000e+08
6.979632500000000000e+05
4.980642812500000000e+05
1.520834062500000000e+05
2.638651200000000000e+07
1.568413593750000000e+05
9.132969600000000000e+07
1.207380600000000000e+07
6.167925625000000000e+05
2.808974609375000000e+02
1.843920875000000000e+06
8.003403808593750000e+03
8.134434570312500000e+03
5.562351360000000000e+08
2.307345781250000000e+05
3.642612109375000000e+04
3.623832031250000000e+04
4.805838800000000000e+07
2.720825625000000000e+05
1.692028281250000000e+05
7.698136064000000000e+09
3.079678750000000000e+06
2.103128437500000000e+05
7.202264062500000000e+04
1.954903564453125000e+03
6.376071777343750000e+02
1.368252000000000000e+08
5.549975625000000000e+05
1.496575097656250000e+04
1.855864400000000000e+07
4.520610000000000000e+06
6.293840625000000000e+04
2.317491601562500000e+04
7.339516800000000000e+08
1.275824800000000000e+07
1.857405468750000000e+05
1.181416320000000000e+08
3.586619750000000000e+06
3.590103125000000000e+04
1.974434204101562500e+03
2.664027600000000000e+07
7.430194400000000000e+07
1.497437875000000000e+06
4.058503515625000000e+04
1.839288960000000000e+08
1.407297750000000000e+06
2.396231200000000000e+07
4.808225937500000000e+05
2.826409375000000000e+05
7.326373437500000000e+04
9.603114375000000000e+05
1.341379101562500000e+04
7.810271093750000000e+04
4.589240000000000000e+05
1.815211093750000000e+05
1.676962968750000000e+05
5.837586425781250000e+03
7.698456054687500000e+03
3.459871826171875000e+03
2.949459838867187500e+02
3.953108437500000000e+05
1.040945117187500000e+04
2.206110625000000000e+05
2.655785351562500000e+04
7.723121093750000000e+04
1.391020800781250000e+04
1.796478906250000000e+04
9.119939843750000000e+04
4.442838671875000000e+04
1.079581347656250000e+04
9.574422851562500000e+03
2.490694580078125000e+03
1.796264500000000000e+06
1.048000097656250000e+04
2.163625781250000000e+04
3.709757324218750000e+03
4.066228906250000000e+04
1.529472343750000000e+05
5.977114257812500000e+02
3.264911865234375000e+03
5.516808471679687500e+02
4.391730078125000000e+04
1.048160034179687500e+03
3.909641845703125000e+03
1.710170500000000000e+06
1.270690722656250000e+04
2.634443359375000000e+03
1.691411523437500000e+04
1.037158569335937500e+03
1.841614648437500000e+04
1.065992675781250000e+04
4.795635986328125000e+02
3.021580810546875000e+02
4.426864013671875000e+02
6.669820312500000000e+04
3.925684765625000000e+04
8.765633544921875000e+02
1.765206250000000000e+04
6.263024000000000000e+07
2.264895250000000000e+06
3.849658880000000000e+08
1.362905957031250000e+04
9.157256875000000000e+05
8.873925000000000000e+04
6.263024000000000000e+07
7.397123840000000000e+08
3.849658880000000000e+08
9.157256875000000000e+05
7.397123840000000000e+08
5.386722500000000000e+06
1.206301200000000000e+07
2.397269250000000000e+06
9.117825000000000000e+05
8.146010742187500000e+03
5.913744921875000000e+04
1.221963904000000000e+09
5.060396000000000000e+06
1.155512700000000000e+07
8.495733125000000000e+05
9.878830080000000000e+08
1.106966200000000000e+07
1.496420400000000000e+07
4.535280761718750000e+03
9.206073750000000000e+05
7.512141723632812500e+02
7.807658691406250000e+02
2.839282176000000000e+09
5.099039062500000000e+03
3.565899169921875000e+03
1.323575195312500000e+03
8.925475585937500000e+03
2.884916000000000000e+06
2.158399218750000000e+04
2.351239218750000000e+05
9.045540625000000000e+05
1.643066250000000000e+05
8.978221093750000000e+04
3.227693750000000000e+04
3.263413085937500000e+04
5.754629375000000000e+05
7.643115625000000000e+04
1.477748593750000000e+05
4.364407187500000000e+05
2.534661093750000000e+05
4.954621484375000000e+04
1.633456625000000000e+06
1.958501093750000000e+05
9.913670898437500000e+03
1.334096718750000000e+05
4.315964843750000000e+03
9.206073750000000000e+05
1.389682714843750000e+04
2.771524902343750000e+03
1.183514038085937500e+03
8.873925000000000000e+04
1.584788769531250000e+04
4.315964843750000000e+03
9.206073750000000000e+05
2.771524902343750000e+03
1.584788769531250000e+04
6.874179200000000000e+07
1.739364531250000000e+05
9.932916406250000000e+04
8.888025000000000000e+06
3.815846923828125000e+03
1.439839746093750000e+04
7.281270507812500000e+03
2.761694062500000000e+05
2.867584960937500000e+04
4.320239868164062500e+02
1.301974902343750000e+04
9.139878906250000000e+04
6.526468750000000000e+04
6.788820312500000000e+04
7.639770312500000000e+04
4.102758483886718750e+02
5.216734765625000000e+04
4.110102734375000000e+04
6.568635937500000000e+04
4.600133203125000000e+04
1.939756445312500000e+04
3.821270996093750000e+03
3.195956640625000000e+04
1.378027343750000000e+05
6.624039062500000000e+04
5.658853515625000000e+03
1.913618164062500000e+04
8.612728906250000000e+04
6.147847656250000000e+04
2.484222460937500000e+04
5.753521093750000000e+04
1.688218000000000000e+06
1.283701562500000000e+05
2.835261875000000000e+05
2.472736406250000000e+05
2.048958984375000000e+04
3.938907812500000000e+04
6.855320000000000000e+06
4.241430500000000000e+06
5.541098880000000000e+08
1.714380249023437500e+03
1.818943906250000000e+05
8.873925000000000000e+04
6.855320000000000000e+06
2.880606400000000000e+08
5.541098880000000000e+08
1.818943906250000000e+05
2.880606400000000000e+08
9.120257000000000000e+06
7.147557812500000000e+04
2.263433398437500000e+04
4.720247187500000000e+05
6.909989062500000000e+04
1.058387187500000000e+05
7.807545312500000000e+04
8.679430625000000000e+05
1.234919062500000000e+05
1.247288574218750000e+04
2.671413125000000000e+05
7.702133000000000000e+06
1.275480250000000000e+06
7.147557812500000000e+04
7.726344500000000000e+06
3.009888750000000000e+05
8.870769531250000000e+03
7.398376000000000000e+07
1.429339500000000000e+06
2.384797343750000000e+05
2.059215375000000000e+06
2.961474800000000000e+07
5.807685156250000000e+04
8.876948242187500000e+03
3.513957031250000000e+03
3.063839453125000000e+04
5.084474218750000000e+04
1.136521777343750000e+04
6.274322509765625000e+02
4.482841796875000000e+03
7.756096000000000000e+06
1.237266015625000000e+05
2.734401757812500000e+04
3.100559375000000000e+05
1.623060449218750000e+04
4.002843125000000000e+05
7.176987500000000000e+05
5.902261718750000000e+04
1.065155312500000000e+05
3.002660937500000000e+05
2.342760625000000000e+05
2.032615468750000000e+05
2.272199531250000000e+05
2.123631875000000000e+05
8.275423750000000000e+05
1.922174804687500000e+04
3.562167968750000000e+04
1.749930000000000000e+05
1.712254375000000000e+05
1.962325390625000000e+04
3.750974062500000000e+05
3.021504687500000000e+05
4.064239843750000000e+04
7.614377343750000000e+04
1.470350000000000000e+05
2.968253437500000000e+05
2.003264218750000000e+05
1.032156347656250000e+04
3.721383203125000000e+04
9.085133789062500000e+03
4.273585937500000000e+04
1.213959106445312500e+03
4.933476562500000000e+02
4.617966015625000000e+04
9.602198125000000000e+05
1.269644140625000000e+04
5.121989257812500000e+03
4.559591406250000000e+04
3.299128125000000000e+04
1.127410839843750000e+04
4.838737890625000000e+04
6.019658500000000000e+06
1.496420400000000000e+07
1.202453750000000000e+05
7.665824375000000000e+05
1.345628027343750000e+04
3.146259375000000000e+04
9.800755840000000000e+08
2.160415781250000000e+05
2.588158125000000000e+05
5.821415234375000000e+04
1.141456875000000000e+06
8.207326500000000000e+06
1.039170900000000000e+07
2.736180937500000000e+05
5.567549200000000000e+07
1.522971191406250000e+04
3.308546093750000000e+04
6.826049920000000000e+08
8.233238125000000000e+05
4.055685937500000000e+05
1.734995781250000000e+05
2.527046400000000000e+07
1.873948375000000000e+06
1.917092800000000000e+07
1.158712890625000000e+05
9.188626875000000000e+05
2.696935546875000000e+04
4.896925000000000000e+04
2.445817600000000000e+09
6.001458750000000000e+05
1.489737750000000000e+06
7.086903125000000000e+04
1.356022200000000000e+07
8.707874023437500000e+03
3.003397187500000000e+05
2.257807031250000000e+05
1.100538437500000000e+05
6.857071093750000000e+04
2.011600781250000000e+04
1.132783625000000000e+06
7.253973144531250000e+03
6.822825000000000000e+04
6.206568750000000000e+05
6.575160644531250000e+03
7.639223437500000000e+04
4.945371875000000000e+05
2.694197656250000000e+04
1.432955761718750000e+04
1.166554296875000000e+05
2.024513085937500000e+04
1.134317578125000000e+05
2.240747851562500000e+04
1.767143359375000000e+04
7.280243750000000000e+04
4.826455078125000000e+04
4.180386328125000000e+04
5.029520312500000000e+05
1.062440795898437500e+03
5.375609375000000000e+04
1.250532265625000000e+05
3.236089843750000000e+04
1.385234843750000000e+05
5.340585937500000000e+04
2.028198750000000000e+05
1.035558828125000000e+05
5.137775000000000000e+05
3.236089843750000000e+04
1.385234843750000000e+05
2.601223828125000000e+04
2.092068125000000000e+05
6.519768359375000000e+04
3.376655468750000000e+04
5.137775000000000000e+05
2.092068125000000000e+05
6.519768359375000000e+04
3.376655468750000000e+04
1.422968750000000000e+05
1.422968750000000000e+05
6.646750781250000000e+04
2.801887500000000000e+06
8.337323125000000000e+05
6.268917500000000000e+05
6.008698125000000000e+05
2.252220480000000000e+08
8.187134000000000000e+06
5.909866015625000000e+04
9.956614400000000000e+08
1.861854882812500000e+04
2.300114257812500000e+04
6.326208921600000000e+10
5.265385625000000000e+05
4.038252187500000000e+05
4.362287500000000000e+06
4.861764800000000000e+07
9.791255468750000000e+04
1.040945117187500000e+04
9.983107500000000000e+05
1.823565250000000000e+06
1.015103332519531250e+03
4.643686718750000000e+04
1.271286953125000000e+05
6.101505859375000000e+04
6.206568750000000000e+05
2.147781500000000000e+06
2.853589111328125000e+03
2.089163125000000000e+05
2.347790781250000000e+05
4.646330937500000000e+05
6.445280000000000000e+05
1.948349000000000000e+06
2.740942626953125000e+03
1.167532128906250000e+04
5.018598437500000000e+04
6.462205625000000000e+05
1.672143164062500000e+04
2.340435937500000000e+04
8.337102343750000000e+04
1.992014875000000000e+06
8.339116210937500000e+03
2.145686328125000000e+04
2.936375937500000000e+05
2.478144687500000000e+05
8.073606250000000000e+04
1.106162656250000000e+05
7.144946875000000000e+04
3.070450937500000000e+05
1.247491171875000000e+05
2.889128710937500000e+04
2.961369280000000000e+08
1.404931200000000000e+07
7.504337500000000000e+05
1.217811250000000000e+06
9.778909440000000000e+08
1.801395600000000000e+07
8.545446250000000000e+05
1.035217187500000000e+05
7.635567968750000000e+04
1.002036010742187500e+03
7.200489472000000000e+10
2.190276608000000000e+09
2.961369280000000000e+08
5.633037600000000000e+07
1.404931200000000000e+07
7.504337500000000000e+05
1.134481408000000000e+09
9.778909440000000000e+08
1.801395600000000000e+07
1.035217187500000000e+05
7.200489472000000000e+10
7.200489472000000000e+10
2.190276608000000000e+09
5.633037600000000000e+07
1.134481408000000000e+09
7.200489472000000000e+10
3.009291875000000000e+05
9.126591000000000000e+06
1.095418600000000000e+07
1.183502625000000000e+06
2.351507250000000000e+06
5.647932031250000000e+04
6.298450195312500000e+03
1.407864375000000000e+06
3.389813281250000000e+04
1.389682714843750000e+04
1.013454720000000000e+08
7.160415000000000000e+06
3.009291875000000000e+05
5.242475840000000000e+08
9.126591000000000000e+06
1.095418600000000000e+07
1.508821600000000000e+07
2.351507250000000000e+06
5.647932031250000000e+04
1.407864375000000000e+06
1.066674112000000000e+09
1.013454720000000000e+08
7.160415000000000000e+06
5.242475840000000000e+08
1.508821600000000000e+07
1.066674112000000000e+09
1.140075468750000000e+05
6.203836328125000000e+04
3.353998125000000000e+05
8.033278750000000000e+05
3.343326562500000000e+04
6.192503750000000000e+05
1.217623925781250000e+04
1.508726718750000000e+05
1.510136035156250000e+04
3.018524609375000000e+04
5.333569824218750000e+03
4.177126953125000000e+04
5.579200000000000000e+05
4.479726074218750000e+03
4.177126953125000000e+04
1.210424687500000000e+05
4.931654785156250000e+03
3.776534375000000000e+05
1.272434375000000000e+05
8.648969531250000000e+04
1.723443750000000000e+05
6.037648125000000000e+05
4.931654785156250000e+03
3.776534375000000000e+05
5.306534375000000000e+04
1.661093593750000000e+05
1.915875195312500000e+04
1.675215781250000000e+05
6.037648125000000000e+05
1.661093593750000000e+05
1.915875195312500000e+04
1.675215781250000000e+05
1.607786562500000000e+05
1.607786562500000000e+05
7.506355625000000000e+05
3.849470312500000000e+04
4.065904846191406250e+02
3.880911132812500000e+03
2.684960500000000000e+06
5.703371000000000000e+06
8.077528750000000000e+05
7.805695625000000000e+05
6.610898437500000000e+03
8.873925000000000000e+04
5.387792000000000000e+08
2.684960500000000000e+06
5.703371000000000000e+06
7.805695625000000000e+05
5.387792000000000000e+08
9.868350781250000000e+04
2.978675200000000000e+08
1.467244600000000000e+07
6.267287890625000000e+04
9.372946560000000000e+08
2.572104492187500000e+04
2.726102929687500000e+04
7.200489472000000000e+10
7.796463125000000000e+05
4.411972187500000000e+05
4.466963500000000000e+06
5.146352400000000000e+07
2.650246826171875000e+03
5.679039550781250000e+03
4.047162890625000000e+04
4.901116015625000000e+04
5.044147949218750000e+03
2.707860937500000000e+04
1.648228125000000000e+05
2.995931640625000000e+03
3.086797851562500000e+03
2.208364453125000000e+04
3.153385156250000000e+04
2.032520507812500000e+04
7.404838125000000000e+05
6.206759765625000000e+04
6.299339355468750000e+03
6.872562011718750000e+03
1.242302890625000000e+05
3.907455000000000000e+05
8.631961718750000000e+04
3.388082400000000000e+07
4.382107421875000000e+03
9.967673600000000000e+08
3.840162841796875000e+03
9.152158750000000000e+05
9.220600585937500000e+03
2.871005468750000000e+04
2.774361856000000000e+09
6.542228125000000000e+05
1.983103515625000000e+04
1.807746000000000000e+06
3.051728500000000000e+06
4.218770500000000000e+06
4.893379840000000000e+08
1.000293164062500000e+04
3.533074218750000000e+04
8.873925000000000000e+04
3.051728500000000000e+06
6.166716160000000000e+08
4.893379840000000000e+08
3.533074218750000000e+04
6.166716160000000000e+08
9.626907958984375000e+02
3.200208593750000000e+04
6.490487304687500000e+03
2.405262812500000000e+05
4.478445312500000000e+04
3.474617614746093750e+02
1.579374804687500000e+04
1.962622800000000000e+07
5.877456640625000000e+04
4.292866796875000000e+04
6.445618125000000000e+05
1.274568000000000000e+08
8.426566406250000000e+04
2.338320898437500000e+04
7.837390000000000000e+05
1.138676562500000000e+04
5.271570800781250000e+03
7.703906250000000000e+04
2.882809179687500000e+04
5.479133789062500000e+03
1.056494628906250000e+03
5.384162500000000000e+04
6.005289062500000000e+03
5.707483750000000000e+05
1.134744875000000000e+06
3.588165312500000000e+05
3.361674062500000000e+05
9.870543945312500000e+03
6.724114843750000000e+04
1.187783984375000000e+05
8.421351562500000000e+04
1.250532265625000000e+05
9.983107500000000000e+05
2.766325312500000000e+05
1.723443750000000000e+05
3.463662187500000000e+05
2.500474687500000000e+05
6.618462890625000000e+03
8.484057500000000000e+05
9.408787109375000000e+03
9.983107500000000000e+05
2.766325312500000000e+05
8.814302343750000000e+04
3.590391015625000000e+04
2.976070625000000000e+05
8.484057500000000000e+05
1.958120750000000000e+06
1.515636425781250000e+04
5.497132500000000000e+06
1.545221406250000000e+05
2.642856640625000000e+04
2.976070625000000000e+05
4.122631250000000000e+05
2.945708789062500000e+04
1.275811125000000000e+06
1.348728625000000000e+06
1.679771875000000000e+05
4.631513500000000000e+06
1.899732812500000000e+05
4.953440625000000000e+04
6.600761875000000000e+05
7.182054375000000000e+05
1.349781000000000000e+06
9.624582031250000000e+04
2.442817250000000000e+06
7.834520000000000000e+05
2.167084750000000000e+06
1.823565250000000000e+06
1.237533984375000000e+05
9.445836000000000000e+06
5.588089000000000000e+06
1.207380600000000000e+07
6.491235546875000000e+04
4.177145600000000000e+07
1.207155761718750000e+04
4.133913671875000000e+04
7.267137280000000000e+08
3.332877500000000000e+05
9.545280625000000000e+05
1.101034125000000000e+06
2.382940800000000000e+07
6.867661500000000000e+06
1.207380600000000000e+07
1.172829062500000000e+05
7.805695625000000000e+05
5.200308105468750000e+03
7.509096191406250000e+03
1.187249408000000000e+09
3.841512109375000000e+04
7.592304687500000000e+04
1.498950683593750000e+04
2.069746562500000000e+05
1.472117968750000000e+05
1.399970000000000000e+05
1.720917812500000000e+05
1.030934500000000000e+07
2.294941200000000000e+07
1.208852875000000000e+06
1.235488085937500000e+04
8.299073600000000000e+07
1.016693812500000000e+06
1.448229882812500000e+04
4.763600000000000000e+06
1.068889160156250000e+04
6.325922363281250000e+03
3.887096320000000000e+08
2.776333600000000000e+07
8.914913125000000000e+05
6.601345600000000000e+07
3.310701875000000000e+05
1.624124218750000000e+04
3.227386000000000000e+07
1.080831250000000000e+06
1.660314375000000000e+05
5.670037890625000000e+04
2.858376192000000000e+09
5.790527600000000000e+07
4.642422500000000000e+06
5.531048750000000000e+05
3.074945250000000000e+06
1.991695040000000000e+08
3.764600585937500000e+03
1.135225500000000000e+06
6.464118164062500000e+03
2.066630156250000000e+05
1.500166875000000000e+05
9.429838125000000000e+05
1.000000156250000000e+05
8.838183750000000000e+05
9.646116875000000000e+05
2.336787109375000000e+04
9.956614400000000000e+08
4.324974822998046875e+01
1.173666870117187500e+03
2.752617773437500000e+04
7.791077343750000000e+04
4.675290800000000000e+07
4.512529500000000000e+06
1.367424926757812500e+02
3.070432250000000000e+06
7.283868652343750000e+03
1.653385625000000000e+05
5.309055468750000000e+04
3.357260156250000000e+04
4.681574000000000000e+06
9.886523437500000000e+04
8.259845312500000000e+04
3.716293125000000000e+05
2.858224062500000000e+05
2.641758007812500000e+04
1.237355590820312500e+03
1.994054296875000000e+04
9.520902343750000000e+04
2.952232177734375000e+03
9.417828125000000000e+03
4.988671386718750000e+03
6.769859500000000000e+06
1.207380600000000000e+07
2.114505500000000000e+06
7.512156875000000000e+05
5.930067871093750000e+03
8.873925000000000000e+04
1.152283264000000000e+09
6.769859500000000000e+06
1.207380600000000000e+07
7.512156875000000000e+05
1.152283264000000000e+09
1.921352000000000000e+06
1.907995937500000000e+05
8.014299000000000000e+06
4.633370312500000000e+05
7.440223437500000000e+04
1.372415468750000000e+05
8.873925000000000000e+04
9.153914062500000000e+04
1.987674375000000000e+05
1.372415468750000000e+05
1.987674375000000000e+05
1.106421600000000000e+07
1.512030900000000000e+07
2.660282421875000000e+04
8.826459375000000000e+05
3.969577636718750000e+03
9.087829101562500000e+03
2.752047360000000000e+09
3.750928906250000000e+04
6.258084375000000000e+04
2.091398632812500000e+04
1.690006093750000000e+05
1.313650878906250000e+04
1.352885000000000000e+05
9.624301875000000000e+05
9.448754687500000000e+04
5.784954296875000000e+04
2.173631875000000000e+05
2.776138437500000000e+05
1.836899062500000000e+05
2.703988750000000000e+05
8.765689843750000000e+04
8.722803750000000000e+05
1.108529785156250000e+04
7.750648437500000000e+03
2.087488867187500000e+04
1.023927832031250000e+04
1.652584843750000000e+05
8.424959375000000000e+04
2.101595898437500000e+04
4.905400000000000000e+04
4.204685000000000000e+05
4.410685312500000000e+05
2.352243750000000000e+05
1.462086000000000000e+06
2.278472400000000000e+07
1.207380600000000000e+07
1.913493437500000000e+05
8.299073600000000000e+07
5.685475781250000000e+04
2.793735546875000000e+04
4.846158400000000000e+08
7.756215625000000000e+05
8.778239062500000000e+04
1.616546125000000000e+06
1.697634000000000000e+07
4.784075927734375000e+02
3.206606054687500000e+04
1.616366718750000000e+05
2.283607031250000000e+04
7.287089375000000000e+05
3.834385546875000000e+04
5.047375937500000000e+05
1.523680375000000000e+06
1.640788574218750000e+03
4.290953063964843750e+02
4.022858154296875000e+03
2.881056960000000000e+08
4.499842578125000000e+04
9.970593750000000000e+03
2.629304375000000000e+05
4.197019500000000000e+06
5.932742187500000000e+04
9.956614400000000000e+08
6.402150878906250000e+03
1.368188281250000000e+04
3.644328906250000000e+04
9.606751250000000000e+05
7.784505600000000000e+07
1.136000200000000000e+07
1.574537988281250000e+04
1.803038800000000000e+07
5.191582500000000000e+06
4.681574000000000000e+06
1.989404625000000000e+06
1.742527500000000000e+06
5.367746800000000000e+07
7.627335000000000000e+05
2.903187500000000000e+04
1.114258125000000000e+05
7.240216406250000000e+04
8.004410400390625000e+02
3.848880320000000000e+08
9.759748800000000000e+07
5.242649500000000000e+06
8.035120000000000000e+07
4.309640500000000000e+06
1.760794250000000000e+06
8.533412000000000000e+07
5.079347600000000000e+07
6.523600000000000000e+05
1.056674687500000000e+05
2.926590208000000000e+09
3.924246400000000000e+08
9.019545600000000000e+07
7.350916800000000000e+07
8.095576800000000000e+07
2.802951168000000000e+09
2.732394250000000000e+06
4.572154296875000000e+04
6.982581250000000000e+04
8.630193359375000000e+03
3.055174687500000000e+05
1.919593625000000000e+06
1.874054531250000000e+05
6.206568750000000000e+05
4.865103437500000000e+05
6.421168750000000000e+05
5.155542812500000000e+05
6.235949375000000000e+05
5.127100000000000000e+05
1.241285750000000000e+06
1.186372000000000000e+07
3.840464062500000000e+04
2.813449609375000000e+04
6.409348125000000000e+05
6.795964843750000000e+04
4.273585937500000000e+04
2.148680750000000000e+06
3.078284960937500000e+04
1.382169375000000000e+05
6.382392187500000000e+04
4.990154296875000000e+04
9.192106875000000000e+05
2.699183437500000000e+05
3.122828515625000000e+04
1.137971406250000000e+05
7.046668125000000000e+05
3.411797500000000000e+05
1.096593400000000000e+07
2.161552929687500000e+04
1.639561523437500000e+04
2.637321533203125000e+03
3.028110937500000000e+05
3.334855000000000000e+05
3.660339000000000000e+06
9.375990000000000000e+05
5.940818750000000000e+05
1.539520000000000000e+05
9.338845703125000000e+03
1.021407519531250000e+04
3.123688750000000000e+05
4.250030937500000000e+05
4.697016000000000000e+06
8.702809375000000000e+04
4.289647812500000000e+05
3.183970312500000000e+04
1.496420400000000000e+07
7.141874218750000000e+04
3.654927343750000000e+04
1.248184921875000000e+05
6.090842578125000000e+04
3.386738437500000000e+05
2.923256800000000000e+07
1.106966200000000000e+07
6.999656250000000000e+04
1.092599125000000000e+06
7.174739062500000000e+04
3.813361328125000000e+04
5.474193280000000000e+08
9.196754375000000000e+05
2.562292343750000000e+05
1.679514218750000000e+05
2.898824250000000000e+06
8.394421000000000000e+06
1.335398900000000000e+07
3.601749500000000000e+06
9.574884375000000000e+05
8.094064000000000000e+07
1.153581250000000000e+06
1.851105000000000000e+05
4.560404000000000000e+06
7.154260937500000000e+04
3.061404375000000000e+05
8.541460480000000000e+08
5.519704000000000000e+07
8.394421000000000000e+06
1.713918720000000000e+08
1.335398900000000000e+07
3.601749500000000000e+06
3.855285600000000000e+07
8.094064000000000000e+07
1.153581250000000000e+06
4.560404000000000000e+06
3.723853568000000000e+09
8.541460480000000000e+08
5.519704000000000000e+07
1.713918720000000000e+08
3.855285600000000000e+07
3.723853568000000000e+09
4.618118500000000000e+06
4.246264062500000000e+04
3.684409375000000000e+04
5.030780468750000000e+04
6.748974375000000000e+05
4.271181640625000000e+04
3.363936523437500000e+03
2.411432421875000000e+04
1.504670312500000000e+05
2.883038125000000000e+05
7.045962500000000000e+04
6.359928515625000000e+04
3.274404400000000000e+07
4.580497500000000000e+06
3.171391250000000000e+05
5.607441920000000000e+08
1.071991250000000000e+05
3.288871093750000000e+04
3.858982656000000000e+09
1.090517500000000000e+07
5.272636875000000000e+05
8.981218125000000000e+05
1.426626560000000000e+08
1.072825125000000000e+06
1.590140820312500000e+04
3.487434062500000000e+05
9.027181000000000000e+06
3.780718125000000000e+05
2.418157421875000000e+04
6.616916250000000000e+05
1.508050292968750000e+03
1.782862343750000000e+05
2.485826660156250000e+03
2.359890625000000000e+03
1.479760875000000000e+06
1.347361250000000000e+05
5.376996000000000000e+06
2.513480625000000000e+05
3.798213000000000000e+06
7.924192968750000000e+04
4.584488640000000000e+08
2.064195875000000000e+06
1.579064500000000000e+07
5.645942000000000000e+06
5.351387000000000000e+06
2.295848437500000000e+05
6.168777728000000000e+09
4.493844800000000000e+08
1.576283900000000000e+07
5.629919000000000000e+06
7.550197600000000000e+07
6.145923584000000000e+09
7.567311200000000000e+07
3.201002343750000000e+04
1.223503784179687500e+03
6.056259155273437500e+02
1.607095750000000000e+06
4.066228906250000000e+04
3.776534375000000000e+05
9.602198125000000000e+05
1.218311100000000000e+07
2.812194062500000000e+05
1.741092250000000000e+06
2.559351875000000000e+05
4.447958750000000000e+05
2.606462812500000000e+05
2.942981250000000000e+05
4.848692187500000000e+04
2.454107250000000000e+06
1.775964218750000000e+05
1.678515600000000000e+07
2.651969375000000000e+05
4.335521562500000000e+05
4.321909375000000000e+04
2.817197812500000000e+05
5.137689000000000000e+06
2.544977500000000000e+06
6.131885546875000000e+04
1.772605312500000000e+05
4.849284687500000000e+05
5.221327187500000000e+05
6.820457031250000000e+04
1.981765312500000000e+05
7.229797656250000000e+04
1.732826250000000000e+05
3.314380000000000000e+07
8.147630625000000000e+05
1.104190750000000000e+06
3.199595312500000000e+05
6.491019375000000000e+05
1.153235875000000000e+06
1.261132578125000000e+05
4.357266562500000000e+05
1.575624687500000000e+05
2.885029375000000000e+05
8.155917500000000000e+05
1.458498500000000000e+06
6.531786250000000000e+05
3.450474375000000000e+05
3.808015625000000000e+04
5.301885546875000000e+04
5.952180859375000000e+04
3.300103515625000000e+04
9.371063125000000000e+05
1.471445800000000000e+07
7.016124218750000000e+04
2.106020625000000000e+05
1.292163671875000000e+04
4.904894140625000000e+04
6.526342400000000000e+07
1.698514531250000000e+05
7.380571250000000000e+05
6.504248437500000000e+04
2.572292000000000000e+06
5.998340625000000000e+05
5.044595214843750000e+03
7.471025390625000000e+03
6.195911875000000000e+05
4.375659375000000000e+05
1.201321328125000000e+05
6.404825000000000000e+04
4.531605625000000000e+05
2.489877343750000000e+04
2.526272656250000000e+04
1.278110473632812500e+03
1.549181718750000000e+05
1.799910625000000000e+05
9.998535766601562500e+02
3.324931250000000000e+04
5.211258437500000000e+05
9.467995312500000000e+04
1.292825000000000000e+05
3.388082400000000000e+07
7.762678906250000000e+04
9.902089600000000000e+08
2.681894921875000000e+04
8.329296875000000000e+05
4.844814453125000000e+04
5.455460500000000000e+06
2.522916864000000000e+09
6.907163000000000000e+06
6.912790625000000000e+04
6.646297200000000000e+07
3.343224853515625000e+03
6.542270400000000000e+07
1.739650000000000000e+07
1.298075703125000000e+05
5.470300160000000000e+08
1.096562578125000000e+05
3.260376757812500000e+04
2.184136908800000000e+10
6.295068000000000000e+06
4.936093750000000000e+05
8.451746875000000000e+05
5.876041600000000000e+07
7.810904000000000000e+07
1.336866800000000000e+07
6.647029687500000000e+04
3.850224000000000000e+08
2.195559531250000000e+05
4.905053125000000000e+04
1.414394982400000000e+10
5.066727000000000000e+06
7.006996250000000000e+05
5.000524500000000000e+06
1.400937120000000000e+08
4.746690673828125000e+02
1.509373413085937500e+03
3.871701965332031250e+02
4.790902000000000000e+07
7.251639843750000000e+04
2.478528515625000000e+04
2.394975000000000000e+06
5.101406800000000000e+07
1.207380600000000000e+07
1.383378808593750000e+04
4.067601280000000000e+08
2.226581640625000000e+04
9.413885742187500000e+03
4.224752384000000000e+09
1.098121875000000000e+05
2.670621289062500000e+04
1.096581500000000000e+06
4.154041250000000000e+06
1.496420400000000000e+07
2.650830859375000000e+04
9.419454101562500000e+03
6.380012890625000000e+04
1.194385351562500000e+04
1.987884960937500000e+04
1.944203857421875000e+03
4.334225585937500000e+03
6.515110839843750000e+03
1.337643593750000000e+05
6.258912277221679688e+01
2.813990478515625000e+02
4.647615966796875000e+02
3.489075317382812500e+02
1.223379898071289062e+02
1.921224687500000000e+05
7.942717500000000000e+05
6.127916406250000000e+04
5.178644375000000000e+05
4.362209375000000000e+04
8.745278320312500000e+03
2.317692773437500000e+04
2.028813906250000000e+05
5.437576171875000000e+04
2.425367187500000000e+05
4.761179687500000000e+04
7.023461718750000000e+04
3.841153125000000000e+04
1.527355937500000000e+05
6.769625000000000000e+04
6.381601171875000000e+04
7.988181152343750000e+02
1.948894726562500000e+04
4.673875488281250000e+03
8.122415625000000000e+04
4.233033750000000000e+05
1.118844531250000000e+04
6.291098437500000000e+04
5.227183105468750000e+03
7.507714355468750000e+03
3.679605468750000000e+04
3.236089843750000000e+04
1.118093554687500000e+04
5.812123046875000000e+03
7.707324218750000000e+03
1.185293164062500000e+04
4.819518066406250000e+03
1.663817626953125000e+03
2.278472400000000000e+07
2.628144000000000000e+06
3.302509062500000000e+05
1.016693812500000000e+06
3.089458203125000000e+04
2.639171679687500000e+04
1.005640880000000000e+08
2.393351750000000000e+06
7.232270000000000000e+05
9.959200000000000000e+04
1.061598700000000000e+07
5.922024902343750000e+03
1.677473125000000000e+05
4.947046875000000000e+03
2.695448437500000000e+05
1.106726171875000000e+05
1.106749453125000000e+05
1.936536718750000000e+05
5.214994000000000000e+06
1.179944625000000000e+06
2.536644500000000000e+06
1.175712250000000000e+06
4.078438720000000000e+08
1.060706000000000000e+07
2.596484750000000000e+06
4.763600000000000000e+06
5.843508593750000000e+04
2.286601250000000000e+05
6.567465600000000000e+08
3.158692480000000000e+08
4.986181500000000000e+06
1.234880240000000000e+08
1.083255125000000000e+06
2.236061000000000000e+06
1.467528160000000000e+08
3.662442560000000000e+08
8.339420000000000000e+06
3.897577750000000000e+06
1.031191961600000000e+10
6.315713280000000000e+08
2.815042240000000000e+08
1.073736240000000000e+08
1.273311920000000000e+08
9.460763648000000000e+09
2.838934326171875000e+03
2.961322400000000000e+07
3.166873125000000000e+05
1.131970468750000000e+05
1.132977400000000000e+07
7.281270507812500000e+03
1.305237031250000000e+05
7.644812500000000000e+05
1.247491171875000000e+05
8.079714062500000000e+04
1.725810500000000000e+06
2.114699062500000000e+05
4.766876953125000000e+04
8.210790000000000000e+05
2.263084375000000000e+05
4.842730937500000000e+05
8.146084375000000000e+05
1.256482324218750000e+04
3.002137109375000000e+04
7.418485156250000000e+04
1.989367968750000000e+04
1.544812304687500000e+04
1.049148144531250000e+04
6.554823200000000000e+07
1.239398906250000000e+05
4.931984960000000000e+08
1.935155468750000000e+04
9.206073750000000000e+05
3.262915234375000000e+04
4.006990750000000000e+06
9.056026880000000000e+08
9.098203750000000000e+05
2.918589453125000000e+04
2.475844800000000000e+07
1.166153222656250000e+04
1.669495250000000000e+06
2.198826250000000000e+05
1.835675520000000000e+08
6.427753906250000000e+04
1.371394843750000000e+05
3.655040500000000000e+06
1.498083906250000000e+05
6.821717968750000000e+04
1.485988403320312500e+03
1.227461425781250000e+04
2.628144000000000000e+06
1.324842400000000000e+07
9.297711875000000000e+05
4.627513000000000000e+06
1.037985234375000000e+05
3.920857812500000000e+04
1.655042080000000000e+08
6.949212500000000000e+05
9.010427000000000000e+06
1.891111500000000000e+06
4.735538400000000000e+07
7.020588281250000000e+04
1.486153515625000000e+04
8.183133300781250000e+03
6.526468750000000000e+04
2.324912109375000000e+04
4.036530400000000000e+07
1.496420400000000000e+07
1.102277968750000000e+05
7.030702400000000000e+07
9.043635156250000000e+04
1.879598242187500000e+04
1.719843584000000000e+09
7.631918750000000000e+05
6.770845312500000000e+04
2.175091500000000000e+06
2.101097600000000000e+07
4.851384765625000000e+03
1.143998250000000000e+06
1.201835125000000000e+06
3.898189062500000000e+04
1.381548750000000000e+05
2.934492187500000000e+05
1.966787343750000000e+05
2.737579687500000000e+05
4.316663125000000000e+05
1.882660156250000000e+05
1.953374125000000000e+06
8.636523437500000000e+04
8.425087500000000000e+04
4.541449707031250000e+03
1.207804921875000000e+05
3.248312988281250000e+03
1.334719062500000000e+05
3.370839687500000000e+05
1.247491171875000000e+05
6.592307812500000000e+04
2.168805312500000000e+05
1.411986562500000000e+05
4.704968359375000000e+04
2.962738750000000000e+05
1.158414609375000000e+05
4.348042812500000000e+05
1.460869218750000000e+05
2.676613476562500000e+04
4.403888437500000000e+05
2.745750625000000000e+05
2.245767600000000000e+07
2.028198750000000000e+05
1.723443750000000000e+05
1.069489875000000000e+06
5.089020312500000000e+05
2.658669687500000000e+05
3.119395937500000000e+05
2.676613476562500000e+04
4.403888437500000000e+05
2.745750625000000000e+05
3.197174750000000000e+06
3.031107187500000000e+05
3.969159375000000000e+05
3.761571875000000000e+04
1.540615781250000000e+05
7.767325000000000000e+06
1.471699500000000000e+06
5.089020312500000000e+05
2.658669687500000000e+05
3.119395937500000000e+05
8.393326875000000000e+05
3.031107187500000000e+05
3.969159375000000000e+05
3.761571875000000000e+04
1.540615781250000000e+05
7.767325000000000000e+06
1.471699500000000000e+06
1.266225625000000000e+06
3.641891250000000000e+05
5.836495625000000000e+05
2.115669500000000000e+06
8.393326875000000000e+05
1.266225625000000000e+06
3.641891250000000000e+05
5.836495625000000000e+05
2.115669500000000000e+06
1.720781375000000000e+06
1.720781375000000000e+06
1.158063378906250000e+04
4.273585937500000000e+04
5.025895996093750000e+02
1.508994628906250000e+03
7.876161718750000000e+04
2.161243750000000000e+04
3.570344140625000000e+04
1.132783625000000000e+06
1.469981250000000000e+05
8.073614062500000000e+04
7.975477500000000000e+05
1.456762187500000000e+05
9.652977343750000000e+04
4.452686875000000000e+05
1.881671093750000000e+05
3.749650937500000000e+05
2.748740800000000000e+08
1.354822700000000000e+07
1.389092500000000000e+05
9.864934400000000000e+08
7.514026562500000000e+04
7.392284375000000000e+04
2.871207321600000000e+10
1.671102375000000000e+06
6.036882500000000000e+05
4.912200625000000000e+05
2.696586800000000000e+07
2.961188160000000000e+08
9.359434375000000000e+05
4.968997265625000000e+04
2.131159000000000000e+06
8.428916992187500000e+03
6.962327270507812500e+02
6.840125440000000000e+08
2.412144843750000000e+05
4.205282714843750000e+03
3.424549218750000000e+04
2.784907500000000000e+05
9.291733000000000000e+06
3.087131054687500000e+04
2.282182968750000000e+05
4.633360000000000000e+06
2.811480859375000000e+04
1.289816796875000000e+04
7.534400390625000000e+03
2.978177148437500000e+04
3.589961914062500000e+03
7.961574218750000000e+03
6.110665234375000000e+04
3.676999218750000000e+04
1.254466875000000000e+05
9.694862000000000000e+06
9.027457000000000000e+06
1.207380600000000000e+07
2.114505500000000000e+06
4.179114500000000000e+06
8.787510742187500000e+03
4.867482910156250000e+03
5.269218800000000000e+07
1.190998000000000000e+06
8.873925000000000000e+04
5.626447360000000000e+08
2.214677200000000000e+07
9.694862000000000000e+06
2.017260640000000000e+08
9.027457000000000000e+06
1.207380600000000000e+07
2.933317120000000000e+08
4.179114500000000000e+06
8.787510742187500000e+03
5.269218800000000000e+07
4.907280896000000000e+09
5.626447360000000000e+08
2.214677200000000000e+07
2.017260640000000000e+08
2.933317120000000000e+08
4.907280896000000000e+09
1.878923250000000000e+06
2.002236406250000000e+05
1.166689453125000000e+04
1.245889687500000000e+05
3.905225000000000000e+04
1.211811250000000000e+06
3.018665283203125000e+03
9.389943359375000000e+03
1.531823200000000000e+08
2.025363600000000000e+07
1.945547968750000000e+05
9.956614400000000000e+08
3.159441796875000000e+04
3.643369531250000000e+04
5.048380620800000000e+10
7.280136875000000000e+05
7.041898125000000000e+05
1.048239062500000000e+06
2.197090400000000000e+07
5.627830810546875000e+02
1.002036010742187500e+03
1.879570770263671875e+02
5.627830810546875000e+02
1.884914000000000000e+07
7.723525781250000000e+04
2.492238671875000000e+04
5.761395000000000000e+05
6.028768750000000000e+04
4.066228906250000000e+04
6.547240625000000000e+05
9.602198125000000000e+05
1.207380600000000000e+07
2.391329062500000000e+05
3.333971484375000000e+04
1.378037812500000000e+05
5.677527500000000000e+05
2.606462812500000000e+05
2.388737343750000000e+05
1.690887812500000000e+05
6.780156250000000000e+04
4.662003750000000000e+05
3.003866875000000000e+05
2.882130625000000000e+05
4.335521562500000000e+05
4.306607812500000000e+04
3.660618125000000000e+05
3.934899750000000000e+06
2.562398000000000000e+06
4.320097812500000000e+05
2.836402750000000000e+06
6.545941796875000000e+04
6.899145625000000000e+05
7.358648437500000000e+04
4.863890500000000000e+06
2.735218125000000000e+05
1.737854062500000000e+05
2.846850000000000000e+05
2.317056000000000000e+06
9.588334375000000000e+05
3.616431875000000000e+05
6.466021250000000000e+05
1.048130187500000000e+06
3.102516250000000000e+06
1.867262000000000000e+06
1.148248281250000000e+05
1.087669700000000000e+07
1.005455625000000000e+06
1.380775875000000000e+06
2.871545750000000000e+06
6.729757500000000000e+05
1.489046300000000000e+07
7.428908125000000000e+05
6.989056250000000000e+04
3.104407250000000000e+06
1.488976250000000000e+06
3.749608125000000000e+05
9.884703125000000000e+04
4.556170703125000000e+04
8.870769531250000000e+03
1.421866300000000000e+07
8.103629000000000000e+06
2.162648250000000000e+06
5.047814400000000000e+07
6.811963125000000000e+05
1.593013906250000000e+05
9.304432000000000000e+06
2.266126500000000000e+06
2.097454250000000000e+06
1.929871289062500000e+04
9.836106400000000000e+07
1.583132700000000000e+07
2.275250000000000000e+07
1.684630000000000000e+06
6.774620000000000000e+06
7.032244800000000000e+07
2.748740800000000000e+08
6.402003906250000000e+04
2.883441406250000000e+04
3.297574687500000000e+05
1.980258000000000000e+07
2.267417812500000000e+05
3.649378906250000000e+04
1.888408906250000000e+05
7.705527500000000000e+06
5.322087000000000000e+06
5.933933750000000000e+05
1.160829900000000000e+07
1.537184375000000000e+05
1.267745605468750000e+04
2.003418560000000000e+08
1.770444375000000000e+06
6.120247500000000000e+05
9.599405625000000000e+05
2.253358000000000000e+07
7.277255625000000000e+05
7.130427734375000000e+03
1.001566328125000000e+05
1.186288378906250000e+04
8.312894531250000000e+03
5.840003906250000000e+03
3.344052500000000000e+05
1.174936767578125000e+03
4.844805468750000000e+04
1.426233437500000000e+05
2.659481250000000000e+05
9.944148750000000000e+05
1.667173875000000000e+06
3.596299218750000000e+04
3.879921875000000000e+04
3.798429296875000000e+04
2.417859960937500000e+04
2.585679250000000000e+06
3.612123437500000000e+05
1.757740625000000000e+06
4.428161315917968750e+02
7.193352050781250000e+02
2.030495898437500000e+04
1.903149566650390625e+02
1.154261700000000000e+07
5.248302734375000000e+04
3.638889843750000000e+04
1.971830000000000000e+05
1.990077656250000000e+05
7.299725000000000000e+04
9.498827343750000000e+04
2.046346679687500000e+03
8.116195068359375000e+02
1.359598375000000000e+06
6.634922800000000000e+07
7.880482031250000000e+04
9.206073750000000000e+05
1.389682714843750000e+04
8.873925000000000000e+04
2.320497812500000000e+05
3.849238750000000000e+05
1.023552656250000000e+05
4.429701562500000000e+04
7.817673500000000000e+06
2.153152800000000000e+07
7.299725000000000000e+04
4.084249375000000000e+05
9.498827343750000000e+04
2.046346679687500000e+03
2.366906880000000000e+08
1.359598375000000000e+06
6.634922800000000000e+07
9.206073750000000000e+05
5.213243500000000000e+06
6.215970000000000000e+06
2.320497812500000000e+05
4.477120000000000000e+05
3.849238750000000000e+05
1.023552656250000000e+05
2.515981600000000000e+08
7.817673500000000000e+06
2.153152800000000000e+07
4.084249375000000000e+05
2.366906880000000000e+08
2.432658000000000000e+07
5.213243500000000000e+06
6.215970000000000000e+06
4.477120000000000000e+05
2.515981600000000000e+08
2.432658000000000000e+07
5.247046500000000000e+06
5.518869140625000000e+04
4.247772460937500000e+03
1.087735390625000000e+05
2.530113867187500000e+04
3.236089843750000000e+04
9.983107500000000000e+05
1.200774921875000000e+05
6.588985351562500000e+03
6.190975585937500000e+03
5.089020312500000000e+05
7.877489257812500000e+03
9.359739257812500000e+03
4.617759765625000000e+03
2.811100312500000000e+05
1.081366093750000000e+05
1.907357187500000000e+05
3.513410937500000000e+04
7.069729687500000000e+04
1.048158007812500000e+04
7.473456054687500000e+03
1.395833125000000000e+05
3.043140234375000000e+04
1.431931054687500000e+04
3.021785351562500000e+04
1.889589062500000000e+05
8.845389648437500000e+03
7.004871875000000000e+04
8.082604687500000000e+04
4.049642187500000000e+04
9.961128906250000000e+04
6.537046093750000000e+04
9.585277343750000000e+04
1.033054500000000000e+07
4.393433593750000000e+03
3.287480224609375000e+03
1.692894531250000000e+04
9.613840625000000000e+04
3.801495312500000000e+04
1.173061621093750000e+04
4.804628800000000000e+07
1.744496093750000000e+05
3.884008125000000000e+05
3.908064453125000000e+04
4.313139062500000000e+04
7.777243652343750000e+02
1.138909600000000000e+07
5.150729000000000000e+06
3.057158398437500000e+04
6.389134375000000000e+04
8.815007000000000000e+06
1.931840468750000000e+05
1.040945117187500000e+04
9.983107500000000000e+05
2.150091250000000000e+06
4.052353906250000000e+04
1.328989531250000000e+05
1.255418203125000000e+05
6.101505859375000000e+04
9.585624218750000000e+04
2.942981250000000000e+05
8.409393750000000000e+04
1.418644843750000000e+05
4.901049687500000000e+05
4.646330937500000000e+05
4.518572812500000000e+05
5.923806250000000000e+05
3.348387109375000000e+04
4.020350000000000000e+04
1.726200625000000000e+05
2.100738906250000000e+05
8.254293750000000000e+04
1.492014375000000000e+05
6.440628125000000000e+05
1.592899250000000000e+06
3.842805468750000000e+04
1.442734687500000000e+05
1.370651500000000000e+06
9.065707031250000000e+04
3.525812000000000000e+06
4.409806250000000000e+05
1.486657958984375000e+03
3.508446250000000000e+05
9.605159912109375000e+02
1.937316406250000000e+05
1.727668125000000000e+05
8.825084000000000000e+06
4.445017187500000000e+04
4.783171875000000000e+03
7.224821093750000000e+04
2.362589257812500000e+04
4.804628800000000000e+07
2.961188160000000000e+08
1.496420400000000000e+07
9.167089062500000000e+04
1.969267200000000000e+07
2.513480625000000000e+05
2.984244335937500000e+04
9.956614400000000000e+08
2.278266601562500000e+04
1.982006835937500000e+04
2.556851968000000000e+09
4.279116400000000000e+07
4.422987500000000000e+06
7.200489472000000000e+10
3.765206250000000000e+05
5.510615000000000000e+05
1.074501529600000000e+10
1.262909000000000000e+06
9.303807812500000000e+04
2.945589000000000000e+06
7.200489472000000000e+10
1.360956480000000000e+08
5.306158000000000000e+06
3.794277200000000000e+07
1.162217520000000000e+08
4.198748928000000000e+09
1.734715576171875000e+02
8.926386718750000000e+03
3.690503906250000000e+04
5.290332641601562500e+02
2.805333600000000000e+07
1.207392200000000000e+07
4.242175312500000000e+05
5.828723600000000000e+07
1.219921796875000000e+05
3.286052734375000000e+04
1.327340288000000000e+09
1.612750375000000000e+06
2.110701718750000000e+05
6.346716000000000000e+06
7.387306400000000000e+07
3.254548828125000000e+04
3.660426330566406250e+02
8.146664062500000000e+03
2.877576171875000000e+04
1.306870800000000000e+08
1.630862000000000000e+07
8.710871875000000000e+04
9.990437120000000000e+08
2.162592187500000000e+04
2.544589648437500000e+04
4.464111616000000000e+10
8.158368750000000000e+05
7.421642500000000000e+05
4.722897500000000000e+06
8.345599200000000000e+07
4.428463437500000000e+05
3.918067812500000000e+05
2.209858906250000000e+05
5.939309375000000000e+04
3.236089843750000000e+04
1.792144531250000000e+05
2.933146875000000000e+04
2.954903906250000000e+04
8.127161132812500000e+03
1.024025585937500000e+04
1.912675048828125000e+03
4.960392500000000000e+05
7.769319375000000000e+05
1.436609375000000000e+04
1.007277421875000000e+05
3.716371875000000000e+04
3.265729296875000000e+04
6.632211000000000000e+06
4.244966500000000000e+06
6.557570312500000000e+04
4.506436875000000000e+05
4.811011200000000000e+07
1.594109531250000000e+05
3.805691796875000000e+04
2.839461914062500000e+04
9.824207812500000000e+04
1.596815000000000000e+05
3.743915625000000000e+05
1.734405273437500000e+04
2.199392656250000000e+05
2.634554296875000000e+04
9.824207812500000000e+04
1.448067812500000000e+05
6.177994140625000000e+04
6.280067578125000000e+04
2.264211406250000000e+05
2.964345507812500000e+04
2.461710742187500000e+04
4.393900000000000000e+04
1.482194375000000000e+05
4.632372656250000000e+04
3.884090625000000000e+04
2.081254687500000000e+04
3.625700625000000000e+05
5.164380859375000000e+03
5.799758984375000000e+04
9.295752500000000000e+05
2.873352929687500000e+04
9.956614400000000000e+08
1.071341328125000000e+05
1.508296250000000000e+06
3.654530078125000000e+04
1.538944687500000000e+05
6.059724000000000000e+06
9.249600000000000000e+05
3.453107812500000000e+05
2.554794750000000000e+06
2.961188160000000000e+08
7.465420625000000000e+05
1.187628906250000000e+05
1.792046800000000000e+07
3.086230664062500000e+04
2.528441009521484375e+02
2.195148800000000000e+09
2.011492500000000000e+06
2.514753710937500000e+04
1.055676484375000000e+05
1.119218200000000000e+07
2.921383600000000000e+07
1.524805800000000000e+07
9.629149375000000000e+05
8.394082400000000000e+07
2.601540781250000000e+05
4.754278515625000000e+04
1.325844992000000000e+09
2.578392400000000000e+07
1.400289700000000000e+07
7.628465600000000000e+07
1.291690240000000000e+09
1.644613600000000000e+08
1.587877968750000000e+05
2.013129062500000000e+05
1.618999250000000000e+06
1.884824400000000000e+07
3.921725781250000000e+04
2.425644531250000000e+05
1.045911800000000000e+07
1.657918164062500000e+04
1.002036010742187500e+03
1.828760546875000000e+04
1.697640156250000000e+05
1.427302968750000000e+05
1.351110687255859375e+02
7.918929199218750000e+03
2.458278125000000000e+05
1.961385937500000000e+04
8.067575683593750000e+02
7.073965820312500000e+03
5.211007000000000000e+06
1.697078625000000000e+06
8.692505859375000000e+03
2.516246750000000000e+06
6.350587890625000000e+03
2.507889843750000000e+05
7.303585000000000000e+05
2.038120468750000000e+05
1.995766093750000000e+05
6.269509375000000000e+05
4.645940937500000000e+05
3.240557812500000000e+05
6.780321250000000000e+05
2.500841718750000000e+05
1.783979625000000000e+06
2.961188160000000000e+08
1.449882600000000000e+07
2.098614375000000000e+05
1.216398625000000000e+06
9.979734400000000000e+08
5.582778000000000000e+06
8.545446250000000000e+05
5.207732421875000000e+04
8.480314843750000000e+04
9.269020996093750000e+02
7.200489472000000000e+10
5.705260160000000000e+08
2.961188160000000000e+08
1.660270600000000000e+07
1.449882600000000000e+07
2.098614375000000000e+05
2.888082880000000000e+08
9.979734400000000000e+08
5.582778000000000000e+06
5.207732421875000000e+04
1.437581209600000000e+10
7.200489472000000000e+10
5.705260160000000000e+08
1.660270600000000000e+07
2.888082880000000000e+08
1.437581209600000000e+10
2.808974609375000000e+02
2.654200439453125000e+03
1.669603500000000000e+06
8.003403808593750000e+03
7.880482031250000000e+04
8.873925000000000000e+04
6.634922800000000000e+07
3.747691650390625000e+02
1.017515468750000000e+05
1.954903564453125000e+03
1.669603500000000000e+06
8.003403808593750000e+03
8.726051200000000000e+07
6.634922800000000000e+07
1.017515468750000000e+05
1.954903564453125000e+03
2.062851750000000000e+06
8.726051200000000000e+07
2.062851750000000000e+06
1.610703300000000000e+07
3.868637187500000000e+05
1.790446899414062500e+03
2.537505468750000000e+05
4.110876562500000000e+05
2.961188160000000000e+08
1.512045300000000000e+07
2.082996337890625000e+03
9.736586880000000000e+08
2.341815185546875000e+03
2.775247314453125000e+03
7.200489472000000000e+10
4.767875488281250000e+03
3.786805419921875000e+03
6.193083984375000000e+03
1.405211035156250000e+04
3.342388125000000000e+05
7.142517089843750000e+03
2.262354843750000000e+05
1.601485700000000000e+07
1.179022890625000000e+05
1.950165250000000000e+06
9.149406000000000000e+06
2.222612109375000000e+04
5.021543359375000000e+04
5.032713867187500000e+03
1.218051328125000000e+05
4.066228906250000000e+04
8.467075000000000000e+05
3.735723437500000000e+05
3.441322750000000000e+06
2.520208593750000000e+05
1.761351757812500000e+04
2.545819375000000000e+05
2.687568945312500000e+04
4.065527343750000000e+04
8.507059375000000000e+05
1.213059531250000000e+05
1.567792968750000000e+05
2.606147187500000000e+05
2.545431093750000000e+05
2.365173906250000000e+05
6.347688671875000000e+04
5.348013200000000000e+07
2.269491750000000000e+06
3.269312890625000000e+04
2.605043906250000000e+05
2.331929492187500000e+04
1.171628222656250000e+04
4.641820500000000000e+06
1.579710250000000000e+06
2.351705781250000000e+05
2.643883125000000000e+05
1.356963125000000000e+05
4.841521484375000000e+04
1.018622600000000000e+07
1.851142031250000000e+05
1.308405234375000000e+05
1.902608203125000000e+04
6.461089500000000000e+06
1.336782812500000000e+05
1.395520312500000000e+05
2.435330566406250000e+03
3.776534375000000000e+05
7.289352539062500000e+03
6.549179199218750000e+03
4.756594000000000000e+07
1.495685120000000000e+08
1.927610500000000000e+06
1.085464843750000000e+05
1.969267200000000000e+07
4.224616000000000000e+06
3.345482421875000000e+04
3.388082400000000000e+07
7.449879687500000000e+04
2.405451171875000000e+04
2.067133312000000000e+09
2.876790400000000000e+08
9.272842000000000000e+06
5.803160064000000000e+09
3.231029500000000000e+06
5.195126250000000000e+05
2.332123040000000000e+08
8.762062000000000000e+06
3.525647500000000000e+06
4.968201500000000000e+06
2.810205798400000000e+10
2.643196320000000000e+08
1.648539360000000000e+08
1.778142720000000000e+08
1.671519680000000000e+08
7.762865664000000000e+09
8.586013125000000000e+05
8.194762695312500000e+03
1.734484531250000000e+05
2.697779052734375000e+03
7.076712890625000000e+03
2.198224121093750000e+03
1.723443750000000000e+05
9.211650625000000000e+05
4.276459765625000000e+04
7.621838125000000000e+05
7.076712890625000000e+03
2.198224121093750000e+03
1.280000854492187500e+03
8.622439575195312500e+02
7.621838125000000000e+05
2.799958593750000000e+04
9.344204687500000000e+04
8.622439575195312500e+02
3.409596923828125000e+03
8.905598144531250000e+02
2.582602968750000000e+05
8.837453002929687500e+02
5.783470000000000000e+05
1.106051074218750000e+04
2.387188671875000000e+04
1.512880625000000000e+05
2.591497460937500000e+04
2.789784375000000000e+04
4.814654687500000000e+05
4.976554375000000000e+05
1.320315250000000000e+06
1.147373515625000000e+05
2.757215625000000000e+04
5.457814400000000000e+08
9.300099218750000000e+04
1.701564375000000000e+05
2.684255937500000000e+05
5.605386250000000000e+05
1.370963875000000000e+06
7.030020500000000000e+06
5.561877500000000000e+06
2.315159531250000000e+05
2.880814375000000000e+05
3.123058750000000000e+06
4.679159500000000000e+06
2.510973000000000000e+06
4.022401562500000000e+05
4.829983398437500000e+03
9.132803125000000000e+04
4.466996093750000000e+04
6.144008984375000000e+04
1.385408398437500000e+04
4.337278125000000000e+04
4.418001875000000000e+05
6.065279296875000000e+03
8.683125976562500000e+03
2.354945117187500000e+04
1.519976900000000000e+07
2.287886523437500000e+04
1.564811718750000000e+04
6.262087500000000000e+05
1.033768828125000000e+05
7.721522216796875000e+02
5.066660937500000000e+04
7.452962890625000000e+03
3.448040000000000000e+05
8.424385625000000000e+05
7.364540527343750000e+03
1.423359497070312500e+03
4.781329101562500000e+03
7.692982031250000000e+04
7.452962890625000000e+03
3.448040000000000000e+05
7.364540527343750000e+03
7.692982031250000000e+04
2.406674750000000000e+06
7.879662500000000000e+04
3.090592578125000000e+04
8.467986875000000000e+05
9.357882500000000000e+05
2.364037343750000000e+05
1.517883375000000000e+06
6.479602500000000000e+05
3.525618750000000000e+04
8.990259375000000000e+05
2.387521406250000000e+05
7.147557812500000000e+04
1.167166328125000000e+05
4.512531250000000000e+05
3.675664500000000000e+06
3.842286400000000000e+08
3.928772812500000000e+05
1.453398625000000000e+06
8.873925000000000000e+04
4.512531250000000000e+05
7.513940000000000000e+06
3.842286400000000000e+08
1.453398625000000000e+06
7.513940000000000000e+06
6.376163330078125000e+02
1.763599375000000000e+05
2.114505500000000000e+06
3.377548750000000000e+05
3.810294500000000000e+06
1.106966200000000000e+07
1.496420400000000000e+07
5.899419921875000000e+04
4.149560312500000000e+05
3.924870500000000000e+06
5.826149902343750000e+03
9.206073750000000000e+05
6.144910644531250000e+03
1.427127734375000000e+04
9.841694000000000000e+06
1.341280200000000000e+07
2.344374375000000000e+05
2.839282176000000000e+09
7.774443750000000000e+04
8.466052343750000000e+04
2.609372800000000000e+07
1.250125546875000000e+05
3.261617578125000000e+04
9.068201171875000000e+03
1.046710800000000000e+08
3.948165000000000000e+06
7.171883750000000000e+05
2.447601562500000000e+05
6.965123125000000000e+05
1.907038000000000000e+07
1.106966200000000000e+07
1.496420400000000000e+07
5.491300000000000000e+04
9.206073750000000000e+05
1.948383789062500000e+04
4.168602343750000000e+04
2.839282176000000000e+09
2.428454687500000000e+05
6.414582500000000000e+05
5.382771093750000000e+04
5.635446500000000000e+06
4.275583203125000000e+04
2.568562812500000000e+05
6.526468750000000000e+04
4.003839062500000000e+04
1.757154400000000000e+07
1.156460839843750000e+04
2.366330871582031250e+02
4.465629394531250000e+03
4.669027709960937500e+01
5.813875000000000000e+06
3.785838000000000000e+06
5.074537280000000000e+08
2.609331445312500000e+04
5.716226562500000000e+04
8.873925000000000000e+04
5.813875000000000000e+06
3.587216320000000000e+08
5.074537280000000000e+08
5.716226562500000000e+04
3.587216320000000000e+08
1.895984800000000000e+08
1.384430468750000000e+05
1.205993359375000000e+05
8.524110000000000000e+06
1.084218281250000000e+05
1.311896057128906250e+02
4.607078080000000000e+08
6.017971500000000000e+06
6.768301757812500000e+03
1.338492187500000000e+05
7.097134500000000000e+06
4.405548046875000000e+04
2.598942031250000000e+05
1.079848375000000000e+06
1.501204250000000000e+06
1.539184082031250000e+04
3.651857812500000000e+04
8.299073600000000000e+07
3.575615625000000000e+04
2.152783281250000000e+05
3.147287500000000000e+05
3.333433750000000000e+05
7.300082500000000000e+05
3.463801750000000000e+06
3.541390625000000000e+05
1.141203515625000000e+05
1.349982500000000000e+05
1.866081750000000000e+06
1.245932500000000000e+06
7.394091250000000000e+05
9.223452000000000000e+06
1.498316800000000000e+07
1.106421600000000000e+07
3.834733437500000000e+05
5.356282400000000000e+07
1.402346125000000000e+06
2.407932421875000000e+04
9.139031875000000000e+05
3.569260937500000000e+04
1.253982617187500000e+04
1.588851584000000000e+09
5.302704640000000000e+08
6.595074375000000000e+05
2.826632704000000000e+09
1.675035312500000000e+05
3.890217500000000000e+05
2.439489280000000000e+08
2.374989000000000000e+06
1.255663750000000000e+05
7.912578125000000000e+04
2.348059648000000000e+10
3.218644400000000000e+07
4.556913000000000000e+06
1.953750500000000000e+06
2.215355250000000000e+06
7.891815200000000000e+07
1.961840625000000000e+04
1.195746718750000000e+05
4.970574218750000000e+03
8.916167968750000000e+03
1.012541113281250000e+04
2.170361000000000000e+06
1.269841406250000000e+05
1.918532250000000000e+06
5.120342187500000000e+05
4.227850000000000000e+04
1.323965039062500000e+04
6.591188750000000000e+05
6.438215000000000000e+06
6.689215625000000000e+05
1.216398625000000000e+06
4.672557500000000000e+05
1.499747167968750000e+04
1.721356201171875000e+03
6.452202800000000000e+07
6.438215000000000000e+06
6.689215625000000000e+05
4.672557500000000000e+05
6.452202800000000000e+07
3.675976250000000000e+06
1.299123046875000000e+03
5.187402812500000000e+05
9.653622000000000000e+06
1.268784900000000000e+07
1.216693046875000000e+05
3.295687500000000000e+04
2.599326406250000000e+05
2.746738281250000000e+04
2.711271875000000000e+04
5.190238769531250000e+03
6.239991699218750000e+03
1.524479589843750000e+04
8.873925000000000000e+04
6.642407226562500000e+03
1.231497460937500000e+04
3.352186328125000000e+04
1.605201049804687500e+03
6.675516601562500000e+03
1.524479589843750000e+04
1.325005981445312500e+03
5.649281250000000000e+03
3.352186328125000000e+04
6.675516601562500000e+03
5.649281250000000000e+03
2.161176000000000000e+07
1.607779500000000000e+06
8.873925000000000000e+04
2.161176000000000000e+07
1.081654101562500000e+04
4.632372656250000000e+04
2.666452539062500000e+04
1.497248925781250000e+04
1.631129600000000000e+07
5.352310500000000000e+06
1.207380600000000000e+07
3.603398125000000000e+05
4.451989000000000000e+06
4.145070500000000000e+06
1.673278564453125000e+03
9.177908125000000000e+05
1.975501757812500000e+04
3.342780859375000000e+04
6.877605760000000000e+08
5.388806800000000000e+07
2.295419218750000000e+05
1.222220160000000000e+09
9.872174375000000000e+05
5.369359375000000000e+05
3.058554800000000000e+07
6.205687500000000000e+05
1.762077734375000000e+04
2.977339257812500000e+04
1.726113664000000000e+09
6.605112000000000000e+07
5.277642500000000000e+05
5.685781000000000000e+06
3.277991750000000000e+06
1.021432640000000000e+08
1.576107055664062500e+03
3.298096562500000000e+05
5.051733750000000000e+05
8.528355712890625000e+02
2.766150390625000000e+03
3.851372500000000000e+05
1.543739868164062500e+03
3.074149414062500000e+03
5.856405625000000000e+05
9.052193603515625000e+02
2.697889648437500000e+03
1.354010625000000000e+05
4.273585937500000000e+04
5.215556250000000000e+04
5.768999218750000000e+04
3.113664250000000000e+06
1.239120250000000000e+06
2.060190820312500000e+04
3.113664250000000000e+06
3.238016400000000000e+07
6.138743359375000000e+04
9.747066240000000000e+08
1.267537695312500000e+04
9.157256875000000000e+05
3.630190234375000000e+04
5.855366875000000000e+05
2.758090496000000000e+09
1.253347900000000000e+07
8.787737500000000000e+04
2.074366800000000000e+07
3.851714375000000000e+05
2.301732000000000000e+06
3.209094500000000000e+06
7.360461250000000000e+05
2.069892656250000000e+05
3.388082400000000000e+07
9.956614400000000000e+08
2.079556250000000000e+04
9.206073750000000000e+05
7.795926269531250000e+03
2.467104687500000000e+04
6.016289375000000000e+05
2.501228750000000000e+06
5.304628750000000000e+05
1.646459218750000000e+05
1.157964720000000000e+08
4.591645200000000000e+07
4.987563437500000000e+05
2.357736400000000000e+07
1.785906500000000000e+06
7.259060625000000000e+05
2.791640320000000000e+09
1.233471375000000000e+06
4.562948500000000000e+06
8.067788281250000000e+04
1.708076000000000000e+07
7.872611000000000000e+06
4.343720000000000000e+05
7.741257500000000000e+06
1.152652000000000000e+06
1.625682656250000000e+05
2.004264064000000000e+09
9.598491200000000000e+07
2.038381200000000000e+07
8.120516500000000000e+06
4.289805200000000000e+07
1.213719440000000000e+08
1.553880800000000000e+07
3.063953250000000000e+06
2.201079250000000000e+06
2.247381248000000000e+09
7.774533600000000000e+07
8.952562500000000000e+03
4.876289600000000000e+07
1.496420400000000000e+07
1.009755859375000000e+05
5.542321600000000000e+07
1.414656562500000000e+05
8.203479687500000000e+04
7.961971840000000000e+08
2.766631250000000000e+06
3.742191562500000000e+05
4.173050312500000000e+05
1.129531400000000000e+07
3.043912500000000000e+06
1.120038046875000000e+05
9.676343750000000000e+04
7.997488750000000000e+05
2.004052148437500000e+04
2.384260625000000000e+05
9.637987500000000000e+05
6.396651171875000000e+04
1.167175234375000000e+05
2.836102812500000000e+05
3.063028437500000000e+05
4.043990937500000000e+05
2.966266875000000000e+05
1.008366328125000000e+05
1.001833937500000000e+06
3.188193945312500000e+04
1.106966200000000000e+07
1.496420400000000000e+07
3.920336562500000000e+05
2.744979003906250000e+03
1.151265380859375000e+03
4.875857238769531250e+02
9.206073750000000000e+05
1.272613085937500000e+04
3.646421875000000000e+04
3.189024375000000000e+05
1.314750625000000000e+05
1.682875390625000000e+04
2.839282176000000000e+09
4.041812812500000000e+05
1.750111875000000000e+05
4.145337890625000000e+03
7.288114746093750000e+03
2.458580078125000000e+03
8.310936718750000000e+04
7.103446250000000000e+05
2.345698281250000000e+05
5.229481640625000000e+04
2.159328000000000000e+06
1.080265332031250000e+04
3.598675937500000000e+05
1.384430468750000000e+05
1.496420400000000000e+07
4.338441875000000000e+05
3.405230078125000000e+04
1.211857299804687500e+03
3.598038281250000000e+04
7.505560000000000000e+06
4.525851171875000000e+04
2.021380312500000000e+05
1.521172558593750000e+04
4.209322812500000000e+05
1.209656328125000000e+05
7.825470000000000000e+05
5.957485156250000000e+04
6.756699218750000000e+04
1.431294500000000000e+07
1.207380600000000000e+07
2.114505500000000000e+06
5.736552000000000000e+07
7.981592968750000000e+04
8.873925000000000000e+04
6.229002880000000000e+08
1.431294500000000000e+07
1.207380600000000000e+07
5.736552000000000000e+07
6.229002880000000000e+08
1.222268652343750000e+04
3.624954062500000000e+05
2.582174414062500000e+04
1.378091796875000000e+04
1.904015039062500000e+04
6.279470800000000000e+07
1.303085449218750000e+04
1.442723593750000000e+05
1.864216406250000000e+05
1.192414765625000000e+05
1.216717529296875000e+03
1.439261875000000000e+06
7.260319000000000000e+06
1.963066796875000000e+04
2.795242187500000000e+05
2.711934750000000000e+06
1.314894433593750000e+04
2.088127500000000000e+05
4.654057031250000000e+04
1.388303125000000000e+05
2.788051757812500000e+03
5.105419921875000000e+03
9.576368164062500000e+03
3.518313720703125000e+03
3.903656250000000000e+05
1.869618554687500000e+04
4.066228906250000000e+04
1.883902968750000000e+05
7.098155273437500000e+03
8.002339062500000000e+04
9.947199218750000000e+03
6.215716015625000000e+04
2.173229687500000000e+04
3.097131445312500000e+04
2.369962656250000000e+05
6.526468750000000000e+04
2.606568164062500000e+04
7.998886230468750000e+03
2.403045654296875000e+03
3.276417382812500000e+04
1.355430175781250000e+04
3.546219140625000000e+04
1.524817300000000000e+07
6.705933593750000000e+04
4.299344140625000000e+04
6.642376875000000000e+05
6.615364990234375000e+02
3.221710937500000000e+03
5.114721500000000000e+06
7.984463281250000000e+04
2.696225781250000000e+04
2.596670750000000000e+06
2.017721375000000000e+06
2.254670257568359375e+02
6.233691894531250000e+03
1.124824609375000000e+04
7.526010937500000000e+04
4.712978750000000000e+05
5.364708984375000000e+03
2.054708203125000000e+04
9.135923828125000000e+03
4.991633984375000000e+04
2.205540039062500000e+04
2.808974609375000000e+02
2.397445556640625000e+03
3.119715500000000000e+06
8.145917968750000000e+03
2.689515234375000000e+04
1.968263281250000000e+04
9.977354880000000000e+08
4.104098510742187500e+02
2.053586562500000000e+05
1.976638549804687500e+03
2.693821750000000000e+06
6.159539550781250000e+03
2.131229280000000000e+08
1.283909900000000000e+07
8.202657812500000000e+04
1.439136840820312500e+03
5.795595500000000000e+06
8.505852800000000000e+07
1.974975375000000000e+06
5.323218500000000000e+06
1.207901200000000000e+07
4.056905468750000000e+04
9.206073750000000000e+05
6.853094726562500000e+03
2.421168945312500000e+04
1.220598784000000000e+09
1.346739531250000000e+05
2.374075468750000000e+05
8.700443750000000000e+04
6.016330000000000000e+06
5.409980859375000000e+04
7.459192500000000000e+06
1.668532250000000000e+06
7.267113281250000000e+04
7.585601500000000000e+06
9.128702343750000000e+04
3.803447187500000000e+05
2.173631875000000000e+05
2.772997187500000000e+05
4.599510000000000000e+05
4.759090500000000000e+06
1.851265781250000000e+05
4.909246484375000000e+04
4.327495605468750000e+03
4.169894531250000000e+04
2.708636750000000000e+06
3.772865937500000000e+05
3.341656000000000000e+06
2.962706445312500000e+04
2.331092500000000000e+06
2.022660937500000000e+05
2.528693164062500000e+04
7.715529375000000000e+05
2.610924414062500000e+04
8.032038574218750000e+02
1.031029843750000000e+05
3.214665039062500000e+03
4.121224121093750000e+03
2.090591015625000000e+04
4.402687812500000000e+05
2.150091250000000000e+06
1.425080750000000000e+06
4.308651250000000000e+05
3.594505750000000000e+06
5.963893750000000000e+05
1.599522250000000000e+06
3.553665000000000000e+06
4.258621875000000000e+04
6.950215454101562500e+02
4.511221093750000000e+04
3.406380078125000000e+04
2.491773280000000000e+08
1.496420400000000000e+07
5.841156500000000000e+06
3.974859375000000000e+04
7.262509440000000000e+08
7.433435500000000000e+06
2.336747070312500000e+04
7.676958750000000000e+05
1.296124511718750000e+04
1.146341308593750000e+04
5.682166988800000000e+10
3.614904320000000000e+09
3.829010312500000000e+05
9.170346240000000000e+08
8.248777343750000000e+04
1.452312343750000000e+05
1.060921664000000000e+09
2.459551562500000000e+05
6.064511250000000000e+05
3.019650390625000000e+04
7.200489472000000000e+10
6.631604000000000000e+06
1.085949000000000000e+07
5.870351250000000000e+05
9.380931000000000000e+06
3.753530880000000000e+08
2.661389500000000000e+06
8.449387500000000000e+04
5.763316894531250000e+03
9.718110000000000000e+05
1.016098750000000000e+05
1.257138875000000000e+06
1.242944250000000000e+06
3.009223125000000000e+05
1.009018437500000000e+06
1.431062187500000000e+05
2.847580000000000000e+06
1.318834000000000000e+06
2.009089843750000000e+05
4.509377500000000000e+05
5.285379375000000000e+05
4.015157812500000000e+05
3.017692187500000000e+05
2.120327187500000000e+05
6.260343750000000000e+05
3.527405625000000000e+05
5.191582500000000000e+06
2.268421406250000000e+05
2.465128417968750000e+03
3.375758437500000000e+05
2.959948437500000000e+05
5.149515625000000000e+03
1.444592089843750000e+04
4.144069921875000000e+04
1.040945117187500000e+04
4.926556250000000000e+05
7.312638750000000000e+05
4.452228125000000000e+05
1.378178593750000000e+05
5.561271250000000000e+05
1.551894500000000000e+06
2.880366562500000000e+05
9.432742500000000000e+05
2.882922500000000000e+05
1.090646125000000000e+06
1.250532265625000000e+05
1.151837402343750000e+04
1.190942890625000000e+05
1.372200625000000000e+05
1.151837402343750000e+04
1.206770117187500000e+04
2.417869140625000000e+04
1.337269287109375000e+03
9.797308593750000000e+04
1.120759250000000000e+06
3.480134375000000000e+05
1.086871750000000000e+06
1.241426513671875000e+03
7.409371582031250000e+03
2.078116943359375000e+03
8.620979492187500000e+03
1.550770625000000000e+05
7.063050781250000000e+03
6.427141875000000000e+05
5.049927187500000000e+05
4.818131875000000000e+05
1.444954218750000000e+05
9.835243750000000000e+05
3.417445000000000000e+06
4.459904687500000000e+04
5.609771875000000000e+05
8.873925000000000000e+04
3.765313750000000000e+05
2.497582000000000000e+06
1.407280375000000000e+06
1.011295937500000000e+05
3.768514687500000000e+05
2.723897187500000000e+05
5.417194000000000000e+06
2.598612343750000000e+05
3.964819750000000000e+06
5.396058125000000000e+05
3.417445000000000000e+06
1.031181875000000000e+06
2.703914000000000000e+06
2.430910625000000000e+05
7.089098000000000000e+06
1.414601500000000000e+06
1.407280375000000000e+06
3.474292000000000000e+06
4.294571875000000000e+05
5.417194000000000000e+06
3.964819750000000000e+06
3.213504500000000000e+06
1.157755000000000000e+06
2.703914000000000000e+06
7.089098000000000000e+06
3.474292000000000000e+06
3.213504500000000000e+06
9.317730468750000000e+04
5.791831875000000000e+05
6.526468750000000000e+04
4.179346562500000000e+05
2.180057617187500000e+04
1.349693280000000000e+08
1.494306900000000000e+07
7.796102343750000000e+04
9.954108160000000000e+08
2.334452929687500000e+04
2.721245507812500000e+04
4.628547174400000000e+10
7.759952500000000000e+05
6.328819375000000000e+05
4.591594000000000000e+06
7.278855200000000000e+07
5.067277500000000000e+06
2.961188160000000000e+08
1.496420400000000000e+07
1.003513046875000000e+05
2.584557200000000000e+07
1.431825375000000000e+06
1.675824875000000000e+06
9.956614400000000000e+08
9.724968750000000000e+04
8.319739062500000000e+04
6.158958080000000000e+08
4.933525600000000000e+07
1.161600700000000000e+07
7.200489472000000000e+10
1.433767000000000000e+06
3.815410625000000000e+05
1.425294592000000000e+09
4.871678400000000000e+07
1.201000200000000000e+07
7.339740625000000000e+05
2.294795878400000000e+10
4.700274880000000000e+08
8.375420000000000000e+07
1.831264800000000000e+07
7.138046720000000000e+08
5.870479360000000000e+09
2.977737600000000000e+08
1.221529100000000000e+07
5.997288000000000000e+06
7.995155625000000000e+05
9.344689280000000000e+08
1.143415200000000000e+07
4.415874687500000000e+05
6.601996250000000000e+05
2.045668945312500000e+04
4.227416015625000000e+03
7.200489472000000000e+10
3.978155264000000000e+09
3.000777600000000000e+08
8.970584960000000000e+08
6.349797500000000000e+06
6.157359000000000000e+06
1.159987968000000000e+09
7.718539520000000000e+08
7.540112000000000000e+06
6.020858125000000000e+05
7.200489472000000000e+10
7.200489472000000000e+10
3.151424256000000000e+09
5.788311040000000000e+08
8.758203520000000000e+08
7.200489472000000000e+10
3.665219250000000000e+06
2.520208593750000000e+05
2.299618554687500000e+04
1.212486621093750000e+04
4.330185200000000000e+07
1.065140500000000000e+06
6.449176562500000000e+04
3.263664500000000000e+06
1.250532265625000000e+05
9.983107500000000000e+05
7.212426875000000000e+05
1.723443750000000000e+05
1.057538125000000000e+06
2.513480625000000000e+05
3.537615625000000000e+04
3.118300937500000000e+05
4.904894140625000000e+04
9.983107500000000000e+05
7.212426875000000000e+05
8.834205468750000000e+04
1.447350195312500000e+04
2.609012187500000000e+05
3.118300937500000000e+05
1.959056625000000000e+06
1.248864765625000000e+05
5.929555000000000000e+06
7.049148750000000000e+05
3.318953125000000000e+05
2.609012187500000000e+05
4.127037187500000000e+05
9.909177343750000000e+04
1.999460750000000000e+06
1.957993125000000000e+05
1.558372031250000000e+05
1.638266375000000000e+06
1.260755000000000000e+06
7.925873750000000000e+05
3.267327250000000000e+06
2.208238750000000000e+05
5.711632500000000000e+05
2.244380781250000000e+05
9.992803125000000000e+05
4.785214500000000000e+06
1.479660750000000000e+06
2.384364000000000000e+07
1.929214000000000000e+06
2.933110000000000000e+05
1.801395600000000000e+07
3.182084960937500000e+04
2.511264038085937500e+02
2.279317760000000000e+09
5.097129000000000000e+06
2.845853750000000000e+05
1.104240156250000000e+05
2.360557600000000000e+07
1.824676757812500000e+04
1.818095250000000000e+06
6.076478000000000000e+06
7.085139062500000000e+04
7.083760625000000000e+05
2.405914218750000000e+05
3.698756250000000000e+04
3.859324800000000000e+07
7.902775500000000000e+06
3.701304062500000000e+05
1.079823000000000000e+07
1.627898080000000000e+08
1.437090781250000000e+05
3.294526750000000000e+06
1.133527125000000000e+06
3.294526750000000000e+06
1.484027600000000000e+07
4.851038400000000000e+07
1.732766750000000000e+06
7.843629687500000000e+04
4.216582500000000000e+06
2.626104500000000000e+06
1.562722656250000000e+03
6.481484400000000000e+07
1.377097187500000000e+05
7.097464355468750000e+03
8.800099200000000000e+08
1.460485920000000000e+08
2.991830625000000000e+05
1.999132928000000000e+09
1.717507375000000000e+06
1.747128437500000000e+05
3.143966400000000000e+08
5.828691250000000000e+05
2.372793250000000000e+06
3.881786500000000000e+06
2.881851392000000000e+10
7.239796000000000000e+07
4.159979200000000000e+07
5.597725600000000000e+07
3.005686720000000000e+08
1.030816358400000000e+10
1.114258125000000000e+05
3.341793518066406250e+02
9.541450195312500000e+03
1.815286865234375000e+03
1.242840960000000000e+08
3.500343750000000000e+04
6.806985351562500000e+03
8.645810937500000000e+04
3.105328250000000000e+06
6.771581250000000000e+04
3.648461562500000000e+05
6.655465000000000000e+05
3.964203750000000000e+05
4.966839375000000000e+05
1.623135781250000000e+05
2.658221000000000000e+06
2.971043520000000000e+08
1.106421600000000000e+07
1.216398625000000000e+06
2.637388750000000000e+06
2.059639500000000000e+06
2.131494375000000000e+05
3.209130800000000000e+07
8.639698750000000000e+05
1.372831250000000000e+04
3.940588000000000000e+07
1.695417200000000000e+07
2.658221000000000000e+06
3.365288550400000000e+10
2.971043520000000000e+08
1.106421600000000000e+07
9.250396000000000000e+07
2.637388750000000000e+06
2.059639500000000000e+06
3.209130800000000000e+07
1.185552256000000000e+09
3.940588000000000000e+07
1.695417200000000000e+07
3.365288550400000000e+10
9.250396000000000000e+07
1.185552256000000000e+09
7.715396875000000000e+05
1.084758593750000000e+04
3.649410156250000000e+04
5.388246093750000000e+04
1.199844042968750000e+04
4.066228906250000000e+04
1.236874511718750000e+04
1.413022070312500000e+04
3.398403808593750000e+03
2.726974023437500000e+04
5.449262109375000000e+04
2.109665283203125000e+03
7.966708000000000000e+07
1.755144140625000000e+04
1.207380600000000000e+07
2.114505500000000000e+06
5.247114746093750000e+03
2.513480625000000000e+05
1.372200625000000000e+05
2.545471679687500000e+03
1.647213439941406250e+02
8.873925000000000000e+04
1.170520000000000000e+06
7.891213600000000000e+07
7.966708000000000000e+07
4.666376250000000000e+05
1.755144140625000000e+04
1.207380600000000000e+07
1.424136250000000000e+05
5.247114746093750000e+03
2.513480625000000000e+05
2.545471679687500000e+03
1.305315600000000000e+07
1.170520000000000000e+06
7.891213600000000000e+07
4.666376250000000000e+05
1.424136250000000000e+05
1.305315600000000000e+07
3.151430859375000000e+04
9.585479492187500000e+03
5.803902343750000000e+03
1.034965722656250000e+04
1.029894765625000000e+05
8.873925000000000000e+04
1.414633398437500000e+04
1.606846484375000000e+04
9.129720312500000000e+04
3.907989990234375000e+03
2.540402148437500000e+04
1.029894765625000000e+05
3.162356933593750000e+03
1.716301367187500000e+04
9.129720312500000000e+04
2.540402148437500000e+04
1.716301367187500000e+04
1.372922949218750000e+04
7.526010937500000000e+04
7.792506347656250000e+03
4.532909375000000000e+04
1.111210058593750000e+04
2.412783007812500000e+04
7.693545410156250000e+03
1.900067626953125000e+03
1.299553222656250000e+04
1.512864700000000000e+07
4.408906250000000000e+05
2.661378906250000000e+04
1.762116562500000000e+05
2.748740800000000000e+08
9.857476562500000000e+03
1.275480250000000000e+06
6.206930000000000000e+05
8.265873437500000000e+04
1.801395600000000000e+07
5.953231250000000000e+04
1.915345214843750000e+03
8.126694946289062500e+02
4.077084045410156250e+02
4.699324000000000000e+06
1.769337344000000000e+09
2.847099500000000000e+06
8.684759375000000000e+04
1.024470117187500000e+04
3.033441601562500000e+04
1.390240156250000000e+05
4.880792968750000000e+04
7.856799218750000000e+04
8.679844970703125000e+02
1.351910900000000000e+07
1.678078375000000000e+06
4.736903500000000000e+06
2.222177734375000000e+04
8.184474218750000000e+04
1.912460125000000000e+06
5.982419000000000000e+06
1.496420400000000000e+07
3.164919375000000000e+05
7.710593125000000000e+05
8.126400390625000000e+03
3.140216210937500000e+04
9.662657920000000000e+08
1.984155625000000000e+05
1.328748593750000000e+05
3.969870312500000000e+04
9.900601875000000000e+05
3.581243250000000000e+06
6.221783593750000000e+04
4.910088125000000000e+05
1.114258125000000000e+05
1.082330957031250000e+04
3.640695312500000000e+04
2.326684765625000000e+04
7.016853027343750000e+03
2.722603125000000000e+04
6.947104687500000000e+04
2.151408250000000000e+06
1.844340156250000000e+05
1.158135253906250000e+04
3.196987304687500000e+04
6.750765136718750000e+03
2.476351718750000000e+05
8.873925000000000000e+04
1.527007324218750000e+04
7.729841406250000000e+04
4.821757812500000000e+04
2.224747656250000000e+04
5.931240000000000000e+05
2.138825000000000000e+05
1.223878046875000000e+05
1.047192343750000000e+05
7.639347656250000000e+04
1.897979492187500000e+04
3.196987304687500000e+04
2.086990625000000000e+05
1.209380957031250000e+04
5.782937011718750000e+03
1.106066640625000000e+05
5.415070703125000000e+04
4.821757812500000000e+04
1.979545781250000000e+05
2.740565312500000000e+05
1.223878046875000000e+05
7.639347656250000000e+04
1.752602187500000000e+05
1.661115781250000000e+05
1.209380957031250000e+04
1.106066640625000000e+05
1.979545781250000000e+05
1.752602187500000000e+05
1.069017421875000000e+05
2.207333281250000000e+05
3.587190312500000000e+05
6.531405625000000000e+05
2.089790781250000000e+05
8.565714375000000000e+05
1.487527125000000000e+06
1.570975750000000000e+06
3.258446250000000000e+06
9.206073750000000000e+05
1.389682714843750000e+04
9.852611875000000000e+05
2.607092031250000000e+05
8.873925000000000000e+04
1.476478000000000000e+07
3.258446250000000000e+06
9.206073750000000000e+05
9.852611875000000000e+05
1.476478000000000000e+07
2.041869750000000000e+06
2.923948974609375000e+03
1.305126406250000000e+05
1.800543500000000000e+06
2.748740800000000000e+08
1.325384960937500000e+04
4.366610839843750000e+03
3.883827734375000000e+04
2.961188160000000000e+08
1.457896600000000000e+07
2.646852148437500000e+04
9.985065600000000000e+08
4.527090332031250000e+03
9.421646484375000000e+03
7.200489472000000000e+10
8.647707812500000000e+04
6.353042187500000000e+04
6.690236250000000000e+05
5.102727000000000000e+06
1.197560750000000000e+06
2.922151794433593750e+02
1.256649609375000000e+05
2.329064843750000000e+05
1.268974707031250000e+04
1.908967407226562500e+03
1.164745019531250000e+04
8.727069531250000000e+04
9.874453125000000000e+05
1.801441875000000000e+06
5.379163671875000000e+04
3.278965937500000000e+05
8.752315625000000000e+04
2.108777734375000000e+04
2.147781500000000000e+06
2.458543359375000000e+04
5.367668750000000000e+04
3.494038437500000000e+05
7.556504687500000000e+04
4.011953906250000000e+04
1.931119500000000000e+06
8.695491406250000000e+04
1.231509531250000000e+05
2.240959765625000000e+04
2.240793750000000000e+06
3.242134375000000000e+05
1.833607031250000000e+05
7.394060156250000000e+04
2.558287968750000000e+05
6.202505078125000000e+04
1.393395625000000000e+06
1.983832031250000000e+05
8.464914062500000000e+04
2.120054218750000000e+05
9.584153906250000000e+04
2.220048906250000000e+05
1.649927000000000000e+06
2.510120000000000000e+05
6.664949218750000000e+04
3.899734375000000000e+05
9.375658750000000000e+05
3.313819687500000000e+05
2.183592343750000000e+05
1.279249121093750000e+04
6.117755625000000000e+05
7.303585000000000000e+05
8.910191406250000000e+03
7.968837500000000000e+04
7.923576171875000000e+03
5.686372680664062500e+02
4.141700625000000000e+05
8.780164062500000000e+04
6.253866406250000000e+04
1.883119843750000000e+05
2.828480468750000000e+04
1.971280029296875000e+03
5.211780312500000000e+05
4.540757812500000000e+04
1.073773339843750000e+04
2.204882812500000000e+03
7.575821875000000000e+04
3.198545507812500000e+04
7.923576171875000000e+03
1.821690156250000000e+05
1.002897890625000000e+05
1.824588281250000000e+04
2.244716875000000000e+05
1.139409140625000000e+05
2.828480468750000000e+04
5.386746484375000000e+04
2.293308593750000000e+04
1.073773339843750000e+04
7.575821875000000000e+04
1.610552031250000000e+05
1.176387890625000000e+05
1.002897890625000000e+05
2.244716875000000000e+05
5.386746484375000000e+04
1.610552031250000000e+05
5.897611328125000000e+03
9.821116406250000000e+04
9.415939843750000000e+04
4.905254687500000000e+04
2.037246289062500000e+04
2.508607031250000000e+04
7.721513750000000000e+05
1.057753515625000000e+05
4.382513125000000000e+05
1.264380126953125000e+03
2.163679843750000000e+05
1.823565250000000000e+06
1.496420400000000000e+07
1.983396875000000000e+04
2.723167187500000000e+05
9.617595000000000000e+05
5.666469726562500000e+03
7.543524902343750000e+03
1.725991625000000000e+06
5.856794433593750000e+03
2.202060156250000000e+05
2.522428500000000000e+06
1.424136500000000000e+06
8.915113281250000000e+03
1.180241699218750000e+04
1.326147705078125000e+03
1.667784500000000000e+06
3.691712000000000000e+06
1.986788000000000000e+07
2.235691210937500000e+04
1.271833828125000000e+05
7.261110000000000000e+05
2.109946484375000000e+04
1.965035156250000000e+04
6.293419921875000000e+04
7.860773925781250000e+03
1.087059500000000000e+06
1.982763750000000000e+06
1.255867700000000000e+07
3.900814453125000000e+04
9.723164062500000000e+03
1.338543261718750000e+04
1.013009700000000000e+07
9.458761718750000000e+04
1.316482187500000000e+05
2.079943164062500000e+04
8.662259375000000000e+04
8.139326500000000000e+06
4.967130468750000000e+04
1.655721093750000000e+05
1.299325195312500000e+04
1.184182812500000000e+05
2.041638000000000000e+07
2.278354800000000000e+07
1.743489875000000000e+06
1.700461375000000000e+06
4.189866560000000000e+08
6.394876400000000000e+07
2.871154000000000000e+06
9.206073750000000000e+05
8.873925000000000000e+04
1.389682714843750000e+04
3.313472768000000000e+09
1.288801152000000000e+09
2.041638000000000000e+07
1.386114560000000000e+09
2.278354800000000000e+07
1.743489875000000000e+06
7.787656960000000000e+08
4.189866560000000000e+08
6.394876400000000000e+07
9.206073750000000000e+05
3.318401638400000000e+10
3.313472768000000000e+09
1.288801152000000000e+09
1.386114560000000000e+09
7.787656960000000000e+08
3.318401638400000000e+10
1.359763906250000000e+05
3.014240625000000000e+05
1.072825125000000000e+06
4.283746093750000000e+04
3.014240625000000000e+05
2.259764648437500000e+04
1.710447500000000000e+05
2.638193437500000000e+05
1.597099687500000000e+05
2.684484570312500000e+04
1.091100625000000000e+05
5.111754687500000000e+05
1.355582600000000000e+07
1.207380600000000000e+07
3.313029687500000000e+05
6.787919311523437500e+02
5.153311562500000000e+05
2.706618750000000000e+04
2.113664794921875000e+03
6.634922800000000000e+07
1.980769140625000000e+04
3.263279296875000000e+04
1.048366562500000000e+05
2.773898800000000000e+07
7.985006250000000000e+05
1.624746562500000000e+05
7.030893440000000000e+08
1.190178250000000000e+06
4.934583437500000000e+05
4.898186328125000000e+04
1.367667773437500000e+04
1.218628784179687500e+03
5.173634800000000000e+07
1.009426640625000000e+05
1.611109472656250000e+04
1.837512343750000000e+05
6.445033500000000000e+06
3.535619687500000000e+05
5.558400390625000000e+04
4.852355520000000000e+08
4.469000000000000000e+06
3.466738750000000000e+05
2.499473600000000000e+07
2.249233500000000000e+06
3.366744921875000000e+04
7.739316894531250000e+03
2.930771500000000000e+06
1.038713760000000000e+08
4.838232500000000000e+06
1.288351093750000000e+05
5.305088800000000000e+07
9.248153125000000000e+05
5.287188800000000000e+07
2.748740800000000000e+08
1.207380600000000000e+07
3.749558984375000000e+04
9.956614400000000000e+08
2.306849804687500000e+04
2.694904492187500000e+04
2.677913804800000000e+10
3.285326250000000000e+05
2.525682343750000000e+05
4.584125000000000000e+06
3.297656800000000000e+07
1.064278046875000000e+05
3.848192968750000000e+04
9.786178750000000000e+05
8.459775000000000000e+06
1.216398625000000000e+06
1.002873718261718750e+03
6.143897656250000000e+04
5.469260156250000000e+04
3.061404375000000000e+05
1.329580200195312500e+03
6.133734375000000000e+04
9.939754000000000000e+06
3.723832187500000000e+05
2.871124375000000000e+05
4.865669921875000000e+04
4.416553125000000000e+04
3.392450312500000000e+05
2.221812750000000000e+06
8.459775000000000000e+06
2.949077392578125000e+03
3.402828125000000000e+03
2.803310000000000000e+05
4.221024902343750000e+03
1.347736000000000000e+06
4.376415000000000000e+05
9.939754000000000000e+06
4.080318750000000000e+04
3.637139687500000000e+05
4.865669921875000000e+04
3.392450312500000000e+05
7.219510937500000000e+04
2.141317773437500000e+04
2.803310000000000000e+05
1.347736000000000000e+06
4.080318750000000000e+04
7.219510937500000000e+04
5.162190625000000000e+04
3.224546093750000000e+04
7.945053222656250000e+03
1.565972812500000000e+05
1.642143593750000000e+05
3.185431250000000000e+04
6.634922800000000000e+07
2.018981250000000000e+04
3.289589453125000000e+04
1.181305200000000000e+07
2.679588125000000000e+05
2.018269375000000000e+05
1.938626875000000000e+05
3.255045250000000000e+06
1.969701757812500000e+04
1.152561816406250000e+04
1.385234843750000000e+05
2.562952343750000000e+05
1.496420400000000000e+07
7.381477343750000000e+04
1.681557656250000000e+05
4.866435546875000000e+04
6.166685000000000000e+05
1.257510468750000000e+05
9.308946875000000000e+04
3.438179443359375000e+03
4.764118359375000000e+04
4.578633984375000000e+04
1.932457421875000000e+04
1.694387500000000000e+05
2.162918437500000000e+05
2.240239453125000000e+04
7.039313281250000000e+04
2.493764250000000000e+06
5.622121875000000000e+05
3.599698750000000000e+05
1.230657109375000000e+05
3.974807500000000000e+05
4.066103750000000000e+05
6.157288671875000000e+04
1.140011328125000000e+05
3.724017822265625000e+03
1.063410468750000000e+05
1.126997265625000000e+05
7.403960937500000000e+04
6.695648750000000000e+05
2.543373125000000000e+05
3.678970937500000000e+05
3.328128750000000000e+05
3.355073125000000000e+05
2.799105000000000000e+05
8.382058593750000000e+04
1.455848437500000000e+05
2.155834375000000000e+05
9.236536250000000000e+05
3.890314062500000000e+05
3.968130000000000000e+06
9.780310156250000000e+04
1.198900195312500000e+04
6.800052500000000000e+05
6.888658500000000000e+06
1.695573760000000000e+08
7.506355625000000000e+05
3.840343750000000000e+05
1.491906200000000000e+07
4.485496250000000000e+05
2.618705078125000000e+04
1.526662400000000000e+07
2.304511093750000000e+05
4.347330017089843750e+02
6.685880960000000000e+08
1.430239360000000000e+08
1.221333125000000000e+06
1.383655296000000000e+09
3.027258000000000000e+06
3.929565234375000000e+04
7.030904000000000000e+07
6.907058750000000000e+05
6.734992968750000000e+04
2.287597968750000000e+05
8.856411136000000000e+09
3.441358400000000000e+07
1.643370900000000000e+07
7.347169500000000000e+06
7.397334000000000000e+06
9.805280640000000000e+08
1.295284400000000000e+08
2.285449200000000000e+07
1.511237750000000000e+06
9.946649600000000000e+08
8.277926875000000000e+05
8.178278906250000000e+04
1.925895372800000000e+10
1.376752160000000000e+08
2.246457200000000000e+07
9.878283520000000000e+08
2.031123251200000000e+10
2.161243750000000000e+04
3.776534375000000000e+05
5.410295312500000000e+04
6.526468750000000000e+04
3.838577148437500000e+03
2.462605000000000000e+05
1.396811875000000000e+05
4.398969238281250000e+03
4.233805859375000000e+04
1.484586718750000000e+04
3.373114843750000000e+04
1.191193984375000000e+05
2.712033250000000000e+06
1.264244375000000000e+05
1.456079980468750000e+04
9.997923828125000000e+03
3.388082400000000000e+07
9.956614400000000000e+08
5.899189453125000000e+04
9.206073750000000000e+05
1.271102832031250000e+04
3.649107812500000000e+04
4.570014687500000000e+05
2.414582343750000000e+05
1.049485937500000000e+05
1.325276269531250000e+04
6.313169200000000000e+07
1.277282176000000000e+09
2.461398125000000000e+05
1.006282562500000000e+06
2.604559531250000000e+05
1.977250976562500000e+04
2.791640320000000000e+09
5.218862812500000000e+05
1.083460200000000000e+07
8.190978906250000000e+04
7.785198000000000000e+06
1.505599000000000000e+07
1.045295625000000000e+05
5.171290312500000000e+05
1.746052343750000000e+05
6.564434375000000000e+04
3.703680256000000000e+09
1.728016000000000000e+07
5.951364800000000000e+07
1.124531000000000000e+06
1.788911600000000000e+07
5.664519600000000000e+07
3.758379500000000000e+06
5.802680000000000000e+06
4.025099375000000000e+05
6.398686080000000000e+08
5.224665200000000000e+07
2.150091250000000000e+06
4.975252343750000000e+04
9.158611718750000000e+04
2.617669440000000000e+08
1.356996679687500000e+04
4.835513281250000000e+04
7.797266250000000000e+05
1.279747125000000000e+06
2.082789218750000000e+05
3.562718125000000000e+05
1.114258125000000000e+05
9.496257934570312500e+02
8.284908593750000000e+04
1.095336562500000000e+05
2.419618880000000000e+08
1.137496300000000000e+07
9.916900781250000000e+04
8.417863680000000000e+08
3.233137500000000000e+04
3.300119531250000000e+04
5.982398054400000000e+10
1.974075375000000000e+06
2.091050781250000000e+05
7.526484375000000000e+05
5.190100400000000000e+07
1.555846750000000000e+06
1.068984500000000000e+07
1.072825125000000000e+06
1.372200625000000000e+05
1.068984500000000000e+07
2.122965750000000000e+06
5.591330000000000000e+06
1.500224200000000000e+07
5.810832031250000000e+04
7.434690500000000000e+06
3.292875781250000000e+04
8.787510742187500000e+03
5.473174316406250000e+03
3.388082400000000000e+07
9.956614400000000000e+08
5.347890625000000000e+05
9.206073750000000000e+05
5.927070800781250000e+03
3.798208203125000000e+04
1.082960875000000000e+06
2.065886718750000000e+04
5.496340234375000000e+04
1.218779785156250000e+04
2.259055600000000000e+07
9.844784640000000000e+08
6.398086500000000000e+06
6.511163125000000000e+05
3.473785937500000000e+04
5.240647460937500000e+03
2.791640320000000000e+09
2.320160400000000000e+07
9.431230080000000000e+08
8.129569375000000000e+05
2.335070750000000000e+06
1.464834400000000000e+07
8.571017500000000000e+05
6.551412500000000000e+04
1.792171484375000000e+04
3.804614062500000000e+04
1.731874944000000000e+09
1.879955600000000000e+07
7.870789120000000000e+08
6.969302500000000000e+05
2.405997824000000000e+09
3.213448800000000000e+07
1.946088875000000000e+06
1.183926300000000000e+07
5.607046875000000000e+04
1.536057344000000000e+09
2.548192800000000000e+07
1.232452734375000000e+04
6.102111000000000000e+06
8.671123750000000000e+05
8.873925000000000000e+04
6.102111000000000000e+06
5.302262207031250000e+03
1.593512343750000000e+05
1.823565250000000000e+06
9.591267578125000000e+03
9.304571093750000000e+04
5.274955000000000000e+05
3.027054882812500000e+04
3.792990000000000000e+05
6.257545000000000000e+05
9.886711718750000000e+04
3.478770937500000000e+05
4.107732031250000000e+04
8.247770000000000000e+05
2.535549023437500000e+04
2.980222851562500000e+04
1.255096582031250000e+04
1.008024937500000000e+06
3.400299072265625000e+02
4.620896972656250000e+03
2.155429375000000000e+05
4.949875000000000000e+04
1.255293945312500000e+04
1.122197734375000000e+05
1.122966406250000000e+05
1.106966200000000000e+07
6.197420312500000000e+04
4.426917812500000000e+05
2.616767578125000000e+04
7.097153320312500000e+03
8.974788125000000000e+05
3.790297656250000000e+04
2.020437812500000000e+05
1.288697578125000000e+05
2.651463125000000000e+05
1.019817871093750000e+04
6.117755625000000000e+05
2.438061132812500000e+04
1.547021093750000000e+04
2.948017812500000000e+05
6.222845703125000000e+04
4.727331054687500000e+03
9.956614400000000000e+08
6.533367309570312500e+02
3.382764892578125000e+03
3.864269287109375000e+03
4.094851806640625000e+03
1.731356125000000000e+06
1.463809082031250000e+04
7.339951782226562500e+02
1.069247070312500000e+04
3.006906400000000000e+07
4.223307000000000000e+06
1.992981835937500000e+04
2.256706445312500000e+04
6.467710500000000000e+06
9.472683000000000000e+06
4.039436340332031250e+02
6.240912890625000000e+04
4.359585156250000000e+04
1.628395800781250000e+04
3.650891250000000000e+05
9.216650000000000000e+05
4.628671484375000000e+04
5.579294140625000000e+04
2.942981250000000000e+05
1.022210390625000000e+05
1.504006093750000000e+05
2.737138437500000000e+05
1.306364140625000000e+05
6.162193125000000000e+05
8.185114062500000000e+04
7.902181875000000000e+05
3.154224023437500000e+04
1.600950312500000000e+05
5.199284687500000000e+05
7.319623125000000000e+05
7.086511718750000000e+04
1.162271875000000000e+06
2.140042656250000000e+05
9.919809570312500000e+03
1.826507187500000000e+05
7.732455000000000000e+06
1.168718652343750000e+04
9.956614400000000000e+08
4.516492614746093750e+02
4.145070500000000000e+06
1.113478222656250000e+04
6.694850097656250000e+03
6.131951360000000000e+08
5.663153750000000000e+05
4.228831542968750000e+03
7.753221250000000000e+05
1.724326625000000000e+06
1.750366406250000000e+04
2.175496406250000000e+05
7.882806500000000000e+06
5.568240500000000000e+06
1.496420400000000000e+07
7.082551562500000000e+04
8.197989375000000000e+05
6.362956250000000000e+04
2.510177500000000000e+05
4.177145600000000000e+07
1.451077929687500000e+04
4.904894140625000000e+04
3.667077120000000000e+08
2.941052400000000000e+07
1.264906700000000000e+07
1.344945024000000000e+09
3.725341875000000000e+05
7.448331875000000000e+05
1.945498080000000000e+08
2.139947000000000000e+06
1.201812250000000000e+06
1.202075875000000000e+06
1.566243840000000000e+10
1.068196320000000000e+08
5.337639200000000000e+07
2.578805600000000000e+07
8.851860000000000000e+07
2.059380480000000000e+09
6.134891875000000000e+05
1.189672734375000000e+05
8.485389648437500000e+03
2.799449062500000000e+05
5.523028515625000000e+04
4.576910000000000000e+05
9.983107500000000000e+05
2.150091250000000000e+06
4.204071875000000000e+04
3.911136718750000000e+04
8.787510742187500000e+03
2.547717382812500000e+04
2.942981250000000000e+05
6.138134765625000000e+04
3.102550000000000000e+05
1.701903593750000000e+05
4.831102343750000000e+04
2.776679687500000000e+04
5.923806250000000000e+05
2.915420703125000000e+04
1.999444843750000000e+05
7.056721875000000000e+04
6.595660156250000000e+04
8.719489843750000000e+04
7.013046875000000000e+04
9.843781250000000000e+04
2.963309687500000000e+05
7.406821093750000000e+04
1.145180703125000000e+05
1.275448750000000000e+05
5.636357812500000000e+04
6.471887500000000000e+04
1.397478125000000000e+05
2.409211406250000000e+05
2.208685312500000000e+05
1.174207812500000000e+05
3.036193125000000000e+05
1.884700937500000000e+05
3.054073437500000000e+05
4.439389687500000000e+05
9.999944375000000000e+05
2.034089453125000000e+04
2.382074218750000000e+05
2.118997070312500000e+04
3.672453906250000000e+04
9.602198125000000000e+05
4.708950390625000000e+04
1.448954687500000000e+05
1.546398750000000000e+06
1.907606562500000000e+05
9.129416406250000000e+04
3.440307812500000000e+05
5.203363281250000000e+04
5.255691015625000000e+04
1.760666500000000000e+06
3.458436875000000000e+05
3.574851562500000000e+05
1.146142187500000000e+05
7.919720312500000000e+04
1.521610156250000000e+05
5.053131250000000000e+05
3.084332812500000000e+05
5.521843750000000000e+04
2.265736093750000000e+05
5.095012187500000000e+05
6.521783125000000000e+05
9.221866406250000000e+04
1.120849062500000000e+05
5.227530000000000000e+05
3.667453125000000000e+05
8.620559375000000000e+04
5.214430312500000000e+05
2.743598750000000000e+06
1.656131562500000000e+05
1.539259500000000000e+06
2.828029750000000000e+06
1.398574707031250000e+03
7.783167266845703125e+01
8.397764843750000000e+04
1.399493286132812500e+03
1.811429882812500000e+04
3.405230078125000000e+04
4.710608398437500000e+03
1.742652539062500000e+04
4.995308593750000000e+03
4.904894140625000000e+04
1.863848437500000000e+05
2.537646484375000000e+04
1.679786914062500000e+04
1.765409960937500000e+04
9.646397656250000000e+04
9.252769531250000000e+04
9.206073750000000000e+05
2.917671093750000000e+04
4.920388281250000000e+04
3.161006054687500000e+04
2.423137109375000000e+04
8.550688750000000000e+05
1.376674375000000000e+05
6.315528125000000000e+04
2.551705273437500000e+04
4.531981250000000000e+05
3.427587890625000000e+04
1.691622000000000000e+07
5.481018125000000000e+05
9.956614400000000000e+08
1.817229062500000000e+05
4.644473000000000000e+06
4.123490625000000000e+04
9.754309000000000000e+06
2.759757120000000000e+08
9.552016640000000000e+08
3.231445500000000000e+06
1.876002080000000000e+08
2.390407812500000000e+04
2.040201782226562500e+03
3.608278808593750000e+03
3.649037890625000000e+04
6.342035156250000000e+03
2.216589648437500000e+04
5.716735351562500000e+03
2.122898828125000000e+04
9.351523437500000000e+04
5.109712890625000000e+04
1.403838085937500000e+04
5.083015312500000000e+05
1.416001220703125000e+03
2.779864501953125000e+03
2.867500195312500000e+04
1.812938671875000000e+04
4.610299804687500000e+03
9.439770507812500000e+03
3.443580859375000000e+04
3.125998125000000000e+05
4.401097167968750000e+03
2.551820068359375000e+03
2.258241406250000000e+04
9.185779296875000000e+03
7.842904687500000000e+04
7.571543945312500000e+03
8.557459375000000000e+05
2.696935546875000000e+04
4.743400000000000000e+04
6.760128125000000000e+04
3.222055625000000000e+05
7.526010937500000000e+04
8.948935000000000000e+05
1.216398625000000000e+06
2.197229062500000000e+05
1.850363750000000000e+05
4.304675625000000000e+05
6.009453125000000000e+04
1.944057031250000000e+05
2.650240000000000000e+05
2.955953750000000000e+05
8.145275781250000000e+04
2.099805750000000000e+06
6.352645000000000000e+05
2.028378437500000000e+05
3.795144921875000000e+04
8.838730468750000000e+04
3.072827187500000000e+05
1.519012031250000000e+05
2.859874560000000000e+08
1.363881600000000000e+07
4.827651953125000000e+04
9.979715200000000000e+08
8.431401367187500000e+03
7.516921875000000000e+03
7.200489472000000000e+10
2.338322968750000000e+05
3.371686718750000000e+04
5.240808125000000000e+05
8.332599000000000000e+06
1.844795781250000000e+05
1.175238000000000000e+06
1.532737343750000000e+05
1.727905468750000000e+05
1.340600195312500000e+04
3.179367812500000000e+05
2.013841562500000000e+05
8.472991210937500000e+03
4.933817578125000000e+04
1.015578027343750000e+04
1.387866250000000000e+05
7.382765625000000000e+04
1.419868554687500000e+04
1.524156933593750000e+04
7.526010937500000000e+04
9.983107500000000000e+05
2.150091250000000000e+06
1.496420400000000000e+07
1.927042578125000000e+04
2.141235937500000000e+04
9.998628906250000000e+03
4.447958750000000000e+05
2.606462812500000000e+05
2.942981250000000000e+05
6.368251953125000000e+03
3.110371679687500000e+04
1.864193164062500000e+04
1.154095312500000000e+05
3.021594375000000000e+05
6.276951875000000000e+05
7.355489843750000000e+04
5.923806250000000000e+05
2.826532800000000000e+07
6.375252500000000000e+06
8.434871093750000000e+04
4.020096484375000000e+04
1.217362597656250000e+04
5.221327187500000000e+05
3.345198046875000000e+04
1.824736406250000000e+05
1.400516210937500000e+04
1.987790234375000000e+04
3.102393125000000000e+05
1.535235937500000000e+05
1.258091000000000000e+06
3.708861562500000000e+05
9.132218750000000000e+05
4.487287500000000000e+06
7.209678906250000000e+04
1.662535937500000000e+05
5.200342578125000000e+04
2.665283125000000000e+05
1.562486562500000000e+05
1.644428875000000000e+06
3.102520312500000000e+05
3.151654687500000000e+05
8.479028906250000000e+04
1.235488046875000000e+05
3.643699609375000000e+04
5.922207500000000000e+05
8.674581250000000000e+05
2.084559843750000000e+05
1.217019500000000000e+06
4.827196777343750000e+03
1.651419062500000000e+05
5.570510546875000000e+04
1.237355781250000000e+05
4.066723144531250000e+03
4.173068000000000000e+07
4.051421142578125000e+03
1.654016406250000000e+05
2.384735742187500000e+04
6.934137500000000000e+04
1.497151200000000000e+07
5.558916875000000000e+05
4.702797265625000000e+04
4.428888000000000000e+06
1.243954375000000000e+05
5.322087000000000000e+06
1.207380600000000000e+07
5.976078125000000000e+05
7.960458007812500000e+03
1.396282836914062500e+03
3.069499023437500000e+03
9.206073750000000000e+05
1.268979492187500000e+04
3.649410156250000000e+04
5.265837500000000000e+05
1.226254453125000000e+05
5.144939062500000000e+04
1.220335872000000000e+09
6.160066250000000000e+05
2.046833281250000000e+05
3.027958789062500000e+04
4.529016015625000000e+04
5.485194335937500000e+03
8.066449218750000000e+04
9.710615625000000000e+05
8.064143125000000000e+05
5.867689453125000000e+04
3.370966250000000000e+06
1.075798125000000000e+05
1.245231625000000000e+06
1.236362640000000000e+08
1.363668400000000000e+07
1.919759531250000000e+05
9.953406080000000000e+08
5.861022656250000000e+04
3.314584375000000000e+04
4.307521536000000000e+10
9.897976250000000000e+05
1.719501875000000000e+05
1.023631900000000000e+07
1.342122960000000000e+08
4.808643125000000000e+05
1.243478828125000000e+05
4.148684765625000000e+04
1.196163625000000000e+06
1.274155000000000000e+06
1.917239200000000000e+07
3.913295312500000000e+05
2.191356875000000000e+05
4.410141000000000000e+06
4.361607187500000000e+05
1.263930859375000000e+05
2.942981250000000000e+05
5.803631640625000000e+04
6.771833593750000000e+04
2.946212500000000000e+06
8.108029375000000000e+05
3.095462500000000000e+05
3.021481875000000000e+05
7.758645312500000000e+04
4.467428750000000000e+05
2.470537600000000000e+07
5.473440000000000000e+06
3.081921875000000000e+05
6.376213750000000000e+05
1.128149875000000000e+06
3.641061250000000000e+05
9.699857812500000000e+04
1.342159125000000000e+06
8.412032031250000000e+04
5.122246562500000000e+05
4.421339687500000000e+05
7.533736000000000000e+06
9.484746250000000000e+05
3.913829062500000000e+05
4.840958125000000000e+05
4.425768500000000000e+06
8.752285000000000000e+05
8.931431250000000000e+05
1.446778593750000000e+05
2.285172500000000000e+06
2.821666250000000000e+06
1.320008125000000000e+06
1.531453875000000000e+06
1.789743125000000000e+05
3.793672265625000000e+04
3.544379272460937500e+02
2.031553515625000000e+04
4.020802187500000000e+05
7.042338378906250000e+03
1.743836425781250000e+03
1.947209570312500000e+04
4.519551250000000000e+05
4.273585937500000000e+04
9.983107500000000000e+05
2.530405625000000000e+05
6.729644531250000000e+04
2.261034687500000000e+05
1.636365468750000000e+05
6.526468750000000000e+04
2.742798437500000000e+04
7.613549375000000000e+05
5.348348437500000000e+04
4.005917187500000000e+05
5.278336875000000000e+05
3.418676250000000000e+05
4.167998437500000000e+04
1.984399531250000000e+05
6.454776562500000000e+04
3.989850000000000000e+04
2.221374531250000000e+05
9.955810156250000000e+04
1.791595937500000000e+05
3.309634765625000000e+04
3.730774375000000000e+05
3.330796250000000000e+05
6.220027343750000000e+04
1.315470625000000000e+05
9.792357812500000000e+04
3.236089843750000000e+04
9.983107500000000000e+05
2.150091250000000000e+06
1.496420400000000000e+07
6.038614843750000000e+04
9.938222656250000000e+04
1.999969921875000000e+04
5.089020312500000000e+05
2.073978906250000000e+05
2.942981250000000000e+05
1.567461425781250000e+04
1.420236875000000000e+05
3.051187109375000000e+04
1.191035500000000000e+06
2.811100312500000000e+05
4.671434375000000000e+05
3.554030468750000000e+04
5.923806250000000000e+05
2.826532800000000000e+07
6.375252500000000000e+06
2.374962304687500000e+04
8.610846875000000000e+04
4.344908203125000000e+04
5.251019375000000000e+05
1.784173046875000000e+04
1.598434687500000000e+05
3.465750781250000000e+04
4.399846484375000000e+04
4.674120000000000000e+06
2.051376875000000000e+05
9.424515000000000000e+05
3.175080312500000000e+05
6.936632500000000000e+05
4.487287500000000000e+06
5.045641796875000000e+04
1.406284531250000000e+05
3.117817187500000000e+04
2.501161250000000000e+05
2.631835625000000000e+05
1.251302875000000000e+06
2.302281562500000000e+05
1.371580078125000000e+04
3.380534057617187500e+02
3.904203857421875000e+03
2.028198750000000000e+05
1.734355859375000000e+04
2.513480625000000000e+05
2.755383398437500000e+04
2.438449218750000000e+04
1.289791953125000000e+05
3.121226562500000000e+04
2.463239453125000000e+04
1.987299062500000000e+05
2.420720000000000000e+05
3.354385000000000000e+05
3.494751875000000000e+05
1.819045043945312500e+03
1.163759531250000000e+05
3.312814843750000000e+04
6.422419433593750000e+03
2.427755000000000000e+05
3.970911600000000000e+07
1.496420400000000000e+07
1.106966200000000000e+07
1.346400468750000000e+05
6.468246000000000000e+07
1.067450300000000000e+07
1.272917421875000000e+05
9.206073750000000000e+05
3.399451171875000000e+04
2.046349804687500000e+04
1.525857536000000000e+09
6.505379200000000000e+08
2.243430250000000000e+06
2.839282176000000000e+09
2.940955312500000000e+05
2.300040781250000000e+05
2.972120320000000000e+08
4.159247187500000000e+05
1.951445125000000000e+06
3.051169921875000000e+04
1.397221068800000000e+10
2.336935600000000000e+07
6.439244400000000000e+07
1.656094000000000000e+06
1.768583200000000000e+07
1.699372160000000000e+09
5.715506400000000000e+07
1.077890700000000000e+07
6.718960156250000000e+04
4.806143680000000000e+08
2.032173593750000000e+05
4.904894140625000000e+04
4.537791488000000000e+09
1.866427000000000000e+06
1.021376000000000000e+06
4.887106000000000000e+06
8.952377600000000000e+07
7.065510937500000000e+04
6.497414800000000000e+07
7.141500000000000000e+04
1.679040156250000000e+05
1.813220875000000000e+06
5.047625937500000000e+05
1.588387011718750000e+04
3.754291562500000000e+05
1.467072343750000000e+05
1.537408000000000000e+08
2.032968800000000000e+07
1.000457968750000000e+05
9.956614400000000000e+08
2.504299414062500000e+04
3.486643750000000000e+04
5.063462912000000000e+10
5.528934375000000000e+05
1.375961718750000000e+05
8.395328750000000000e+05
1.591892400000000000e+07
1.403303000000000000e+07
1.496420400000000000e+07
2.479151875000000000e+05
6.634922800000000000e+07
3.587533203125000000e+04
2.842526367187500000e+04
1.572777984000000000e+09
6.581050625000000000e+05
1.118820937500000000e+05
1.821670625000000000e+06
2.523395600000000000e+07
2.803125000000000000e+05
8.844712066650390625e+01
7.713640747070312500e+02
2.582558398437500000e+04
5.406458007812500000e+03
7.236972656250000000e+03
1.571762573242187500e+03
1.545692382812500000e+03
7.308162597656250000e+03
6.899421093750000000e+04
2.150091250000000000e+06
2.420744140625000000e+04
6.056099121093750000e+03
2.567755371093750000e+03
1.145601318359375000e+03
2.172657968750000000e+05
4.904894140625000000e+04
3.760203613281250000e+03
1.190050683593750000e+04
1.669891479492187500e+03
7.625611572265625000e+02
5.556898125000000000e+05
3.857783593750000000e+04
1.167016601562500000e+04
6.125528808593750000e+03
1.801204711914062500e+03
1.665579467773437500e+03
1.737102661132812500e+03
1.426372343750000000e+05
9.318179931640625000e+02
4.253028564453125000e+02
2.687295898437500000e+03
2.737551757812500000e+03
1.051571044921875000e+03
3.131444335937500000e+04
1.941061132812500000e+04
1.209060351562500000e+04
2.022804199218750000e+03
6.972619531250000000e+04
5.556534375000000000e+04
8.696390991210937500e+02
2.981135009765625000e+03
2.482237890625000000e+04
5.707542968750000000e+04
1.827194750000000000e+06
1.591832617187500000e+04
5.220914062500000000e+05
6.672000732421875000e+02
9.983107500000000000e+05
2.393701660156250000e+03
3.125213623046875000e+03
1.311166308593750000e+04
2.799248437500000000e+04
4.782947265625000000e+04
1.192680078125000000e+04
2.214035351562500000e+04
5.712040625000000000e+04
3.868983154296875000e+03
2.687389648437500000e+04
6.050392500000000000e+05
2.150091250000000000e+06
7.832481250000000000e+05
8.182188281250000000e+04
1.853766500000000000e+06
9.251764062500000000e+04
2.135628750000000000e+05
4.604636250000000000e+05
1.595081250000000000e+05
1.813799062500000000e+05
1.072825125000000000e+06
3.537615625000000000e+04
1.813799062500000000e+05
2.864500625000000000e+05
8.430149375000000000e+05
3.654471875000000000e+05
6.081712500000000000e+04
3.052604492187500000e+04
2.670995703125000000e+04
1.233304296875000000e+05
5.361719140625000000e+04
1.038669600000000000e+07
1.296655300000000000e+07
5.920267968750000000e+04
9.206073750000000000e+05
7.096720214843750000e+03
2.750798828125000000e+04
2.601925888000000000e+09
2.015986093750000000e+05
4.072220000000000000e+05
9.247812500000000000e+04
4.900739000000000000e+06
4.065009200000000000e+07
1.496420400000000000e+07
1.217846953125000000e+05
6.647843600000000000e+07
1.002775390625000000e+05
3.288215625000000000e+04
1.607537664000000000e+09
1.649035000000000000e+06
2.633558125000000000e+05
3.336677812500000000e+05
1.771925600000000000e+07
1.987277125000000000e+06
8.165461425781250000e+02
3.722533264160156250e+02
1.532908935546875000e+03
1.901853750000000000e+05
8.870769531250000000e+03
1.097383750000000000e+05
3.764211875000000000e+05
2.121132250000000000e+06
3.103842041015625000e+03
3.764211875000000000e+05
2.037428593750000000e+05
1.548867675781250000e+03
6.871506250000000000e+04
3.393482800000000000e+07
5.903432421875000000e+04
9.177608320000000000e+08
1.263964355468750000e+04
7.893821250000000000e+05
2.901723242187500000e+04
5.269178750000000000e+05
2.410922496000000000e+09
9.491999000000000000e+06
7.209286718750000000e+04
1.568034700000000000e+07
1.243136352539062500e+03
9.341268554687500000e+03
2.003138125000000000e+05
3.088064453125000000e+04
1.301540125000000000e+06
8.382178125000000000e+04
1.500225250000000000e+06
4.940931250000000000e+05
5.559729980468750000e+03
1.093084609375000000e+05
1.160070996093750000e+04
8.627879882812500000e+03
1.863811250000000000e+05
7.920538085937500000e+03
3.083919189453125000e+03
9.983107500000000000e+05
2.150091250000000000e+06
2.835201416015625000e+02
5.133646484375000000e+04
3.927897656250000000e+04
3.352137939453125000e+03
3.312442187500000000e+04
2.942981250000000000e+05
1.225062637329101562e+02
6.423800781250000000e+04
5.423251562500000000e+04
1.914459570312500000e+04
1.998323906250000000e+05
5.923806250000000000e+05
1.416417480468750000e+03
8.209070312500000000e+03
8.005057031250000000e+04
2.718431250000000000e+04
3.570126708984375000e+03
1.432549902343750000e+04
1.280981718750000000e+05
4.224097500000000000e+05
8.865483398437500000e+03
8.264903125000000000e+04
1.181085250000000000e+06
5.882374609375000000e+04
2.867039062500000000e+05
6.671054687500000000e+04
6.749631250000000000e+05
5.172367187500000000e+03
2.199668554687500000e+04
2.473897460937500000e+04
8.882165039062500000e+03
8.800878906250000000e+04
4.770586425781250000e+03
6.307198046875000000e+04
3.466656640625000000e+04
1.591397949218750000e+03
1.295947265625000000e+03
9.206073750000000000e+05
3.326920312500000000e+04
5.669178125000000000e+04
5.375353125000000000e+04
7.526010937500000000e+04
1.806564062500000000e+05
3.972726562500000000e+05
3.493800390625000000e+04
7.437698125000000000e+05
1.263626757812500000e+04
1.203617031250000000e+05
7.763123437500000000e+04
2.913613750000000000e+05
3.533852734375000000e+04
5.273899375000000000e+05
1.158273203125000000e+05
4.638715625000000000e+04
8.808764062500000000e+04
1.851196875000000000e+05
5.455294140625000000e+04
1.009858984375000000e+05
4.154811523437500000e+03
7.526010937500000000e+04
2.150091250000000000e+06
2.442799804687500000e+04
1.639561523437500000e+04
8.015811035156250000e+03
2.637321533203125000e+03
2.606462812500000000e+05
7.687225000000000000e+04
2.008636352539062500e+03
2.713618359375000000e+04
3.661237548828125000e+03
1.080163085937500000e+03
6.276951875000000000e+05
4.957258593750000000e+04
2.689741015625000000e+04
6.852395507812500000e+03
1.261295703125000000e+04
1.021407519531250000e+04
8.015811035156250000e+03
1.112647343750000000e+05
2.040647583007812500e+03
7.002393798828125000e+02
1.458044824218750000e+04
8.501072265625000000e+03
3.661237548828125000e+03
5.745647265625000000e+04
4.279916015625000000e+04
2.689741015625000000e+04
1.261295703125000000e+04
6.734735937500000000e+04
5.603364062500000000e+04
2.040647583007812500e+03
1.458044824218750000e+04
5.745647265625000000e+04
6.734735937500000000e+04
1.496420400000000000e+07
1.152538574218750000e+04
3.420080078125000000e+03
1.532265136718750000e+04
1.722165039062500000e+03
3.200492500000000000e+05
1.080153250000000000e+06
1.506378710937500000e+04
7.883552500000000000e+05
1.709443250000000000e+06
1.008943515625000000e+05
9.551016875000000000e+05
7.712108125000000000e+05
5.445396250000000000e+05
1.142284500000000000e+06
9.825456250000000000e+05
9.246911718750000000e+04
3.225745000000000000e+05
7.328560156250000000e+04
2.655699687500000000e+05
4.943260937500000000e+04
1.862762812500000000e+05
3.792167578125000000e+04
1.542875000000000000e+06
2.114505500000000000e+06
1.481674375000000000e+05
1.542875000000000000e+06
5.654470625000000000e+05
5.805128173828125000e+02
1.027805786132812500e+03
1.073345312500000000e+04
1.000280273437500000e+03
1.130574414062500000e+04
2.956431835937500000e+04
4.481024902343750000e+03
3.229399609375000000e+04
3.185716601562500000e+04
2.331742773437500000e+04
3.285272265625000000e+04
4.755085156250000000e+04
4.187597265625000000e+04
2.625431835937500000e+04
5.401489453125000000e+04
5.568240500000000000e+06
1.526391700000000000e+07
5.151445312500000000e+04
3.927030000000000000e+07
8.807699218750000000e+03
2.802288085937500000e+04
1.365017856000000000e+09
2.787731875000000000e+05
4.807300312500000000e+05
8.739565000000000000e+05
2.073322400000000000e+07
6.095763183593750000e+03
9.051936718750000000e+04
2.646045000000000000e+05
1.193506953125000000e+05
1.384430468750000000e+05
1.496420400000000000e+07
1.987897968750000000e+05
3.405230078125000000e+04
1.406227722167968750e+02
4.755402734375000000e+04
7.505560000000000000e+06
6.302235839843750000e+03
3.417521875000000000e+05
9.015648803710937500e+02
8.377550781250000000e+04
7.526010937500000000e+04
9.580360156250000000e+04
1.660773593750000000e+05
1.251678750000000000e+05
5.404076171875000000e+04
4.904894140625000000e+04
3.530147656250000000e+04
2.369965156250000000e+05
1.579426562500000000e+05
4.972550625000000000e+05
4.292156250000000000e+05
2.156944843750000000e+05
2.801769531250000000e+04
4.199867578125000000e+04
1.862633125000000000e+05
1.102188750000000000e+06
5.400160937500000000e+04
1.203862890625000000e+04
1.189816992187500000e+04
2.513480625000000000e+05
8.228960937500000000e+04
5.851618164062500000e+03
5.767875976562500000e+03
1.002236171875000000e+05
1.589362890625000000e+04
6.303110800000000000e+07
2.598647500000000000e+06
2.433015250000000000e+06
5.799956000000000000e+07
2.927852250000000000e+06
3.570762329101562500e+02
1.073742578125000000e+04
1.275480250000000000e+06
3.998630937500000000e+05
2.580734863281250000e+02
7.127115625000000000e+04
6.725201875000000000e+05
2.937749609375000000e+04
2.751594560000000000e+08
5.441160000000000000e+05
1.185706093750000000e+05
1.599392750000000000e+06
3.208111132812500000e+04
1.440081542968750000e+04
4.028394880000000000e+08
3.939920312500000000e+05
1.343506718750000000e+05
5.771689375000000000e+05
1.047125500000000000e+07
1.793226500000000000e+06
1.859088800000000000e+07
1.166292812500000000e+05
9.107031875000000000e+05
2.650876562500000000e+04
4.905712890625000000e+04
2.380931072000000000e+09
6.011747500000000000e+05
1.505193750000000000e+06
7.011588281250000000e+04
1.378398800000000000e+07
2.359092382812500000e+04
2.011600781250000000e+04
2.161922343750000000e+05
1.753295937500000000e+05
1.684230957031250000e+03
2.579072265625000000e+03
1.125657958984375000e+03
8.199388281250000000e+04
1.962325390625000000e+04
3.067398437500000000e+05
8.287822265625000000e+03
1.589132617187500000e+04
5.361916015625000000e+03
3.482774062500000000e+05
4.308509765625000000e+04
9.297625000000000000e+04
2.098135742187500000e+03
3.281584777832031250e+02
2.340052001953125000e+03
4.916228125000000000e+04
1.660282031250000000e+04
1.126766235351562500e+03
5.838293457031250000e+03
3.948794062500000000e+05
6.079450073242187500e+02
4.613040039062500000e+03
7.526010937500000000e+04
1.987310546875000000e+04
5.892994628906250000e+03
1.960627075195312500e+03
1.486635449218750000e+04
7.546734375000000000e+03
8.436895507812500000e+03
3.073879882812500000e+03
1.473028515625000000e+04
4.562774414062500000e+03
2.100065234375000000e+04
6.221959960937500000e+03
3.037024902343750000e+03
6.600508300781250000e+03
9.652293945312500000e+03
2.011500976562500000e+04
7.796275390625000000e+03
1.496420400000000000e+07
7.040038281250000000e+04
2.242312890625000000e+04
4.565727812500000000e+05
7.719786400000000000e+07
1.310094500000000000e+07
5.322087000000000000e+06
5.126292812500000000e+05
5.188588800000000000e+08
6.646665200000000000e+07
9.516925000000000000e+04
8.361561875000000000e+05
2.303035742187500000e+04
4.446523437500000000e+03
6.610600448000000000e+09
4.405138432000000000e+09
1.838355200000000000e+07
1.264495488000000000e+09
9.924679375000000000e+05
2.537694218750000000e+05
9.062142720000000000e+08
8.581650000000000000e+05
1.955040375000000000e+06
5.955468750000000000e+03
4.372518912000000000e+10
2.564210560000000000e+08
7.703489600000000000e+07
1.087514750000000000e+06
1.452600800000000000e+07
1.719577728000000000e+09
1.108032578125000000e+05
2.524210357666015625e+02
3.265240625000000000e+04
1.106550659179687500e+03
4.085323974609375000e+03
7.082551562500000000e+04
5.149766601562500000e+03
5.588089000000000000e+06
6.354121484375000000e+04
1.160501269531250000e+04
3.274010312500000000e+05
3.468102000000000000e+06
2.736804062500000000e+05
2.580808125000000000e+05
1.833572187500000000e+05
1.194103515625000000e+05
2.961188160000000000e+08
1.496420400000000000e+07
1.216398625000000000e+06
2.348321406250000000e+05
1.974654101562500000e+04
6.453165039062500000e+03
9.956614400000000000e+08
8.545446250000000000e+05
8.873925000000000000e+04
1.707665600000000000e+07
2.503617031250000000e+05
1.194103515625000000e+05
7.200489472000000000e+10
2.961188160000000000e+08
1.496420400000000000e+07
1.614985500000000000e+07
2.348321406250000000e+05
1.974654101562500000e+04
9.956614400000000000e+08
2.189298240000000000e+08
1.707665600000000000e+07
2.503617031250000000e+05
7.200489472000000000e+10
1.614985500000000000e+07
2.189298240000000000e+08
2.385738867187500000e+04
5.985060625000000000e+05
3.264637695312500000e+03
3.049101367187500000e+04
1.673489379882812500e+03
1.969267200000000000e+07
5.068710156250000000e+04
1.419595019531250000e+04
8.431008125000000000e+05
2.278472400000000000e+07
1.207380600000000000e+07
1.395964648437500000e+04
8.299073600000000000e+07
2.176011962890625000e+03
1.194981347656250000e+04
4.846158400000000000e+08
1.024008984375000000e+04
2.745926171875000000e+04
1.553155156250000000e+05
4.888996250000000000e+05
7.494945500000000000e+06
1.163681953125000000e+05
1.327686875000000000e+06
2.380486328125000000e+04
1.402364501953125000e+03
2.150182151794433594e+01
7.089714813232421875e+01
1.961788281250000000e+04
2.011600781250000000e+04
2.010874328613281250e+02
1.648594970703125000e+03
1.327434750000000000e+06
1.185580932617187500e+03
3.547880468750000000e+04
3.710164306640625000e+03
2.710468994140625000e+03
9.288859375000000000e+04
4.066228906250000000e+04
3.089034062500000000e+05
4.546054687500000000e+05
1.207380600000000000e+07
7.866098750000000000e+05
6.085599609375000000e+04
2.932770500000000000e+06
4.080180937500000000e+05
3.193395000000000000e+05
3.039284062500000000e+05
2.070869726562500000e+04
5.851321484375000000e+04
1.625920375000000000e+06
7.754502343750000000e+04
2.506130156250000000e+05
4.948641250000000000e+05
4.306607812500000000e+04
1.628311093750000000e+05
4.278064500000000000e+06
1.281254125000000000e+06
4.469704687500000000e+05
3.706955625000000000e+05
7.541285625000000000e+05
7.334423125000000000e+05
1.489747968750000000e+05
6.246931250000000000e+05
1.517127343750000000e+04
6.339965000000000000e+05
6.209986718750000000e+04
3.328974500000000000e+06
1.422365125000000000e+06
3.020081562500000000e+05
6.586086250000000000e+05
1.564913625000000000e+06
4.795989375000000000e+05
1.125575000000000000e+06
1.606869843750000000e+05
7.862844375000000000e+05
1.522172875000000000e+06
1.970644625000000000e+06
1.661922750000000000e+06
4.804628800000000000e+07
1.337168560000000000e+08
4.504201000000000000e+06
3.842266875000000000e+05
5.499880000000000000e+06
2.126294800000000000e+07
4.286361718750000000e+04
6.872589000000000000e+06
2.501688750000000000e+05
1.249291328125000000e+05
1.295247872000000000e+09
1.984486560000000000e+08
5.045953000000000000e+06
6.055947520000000000e+08
3.200124500000000000e+06
1.769689750000000000e+06
1.353710080000000000e+08
3.127805312500000000e+05
1.167631700000000000e+07
1.714414625000000000e+06
4.625950208000000000e+09
3.933574400000000000e+07
9.244928000000000000e+07
5.168476400000000000e+07
6.694605600000000000e+07
1.433063424000000000e+09
1.163909000000000000e+06
3.726679687500000000e+03
8.400048828125000000e+03
9.237792358398437500e+02
2.163110046386718750e+02
1.014299921875000000e+05
6.968380126953125000e+02
6.509501464843750000e+03
4.668049687500000000e+05
2.084116750000000000e+06
7.701717968750000000e+04
9.956614400000000000e+08
2.662574687500000000e+05
3.734990250000000000e+06
4.904894140625000000e+04
3.662570500000000000e+06
1.597696300000000000e+07
6.793771000000000000e+06
2.036042125000000000e+06
3.218411200000000000e+07
1.921477500000000000e+05
8.924320312500000000e+04
9.603369140625000000e+03
1.229142890625000000e+05
2.748740800000000000e+08
1.207380600000000000e+07
6.904521875000000000e+04
9.956614400000000000e+08
7.385413281250000000e+04
4.665002343750000000e+04
2.677913804800000000e+10
1.857583750000000000e+06
1.057241625000000000e+06
6.661757500000000000e+06
1.771899680000000000e+08
1.044038452148437500e+03
6.598752441406250000e+03
4.244740937500000000e+05
1.405888061523437500e+03
3.214257421875000000e+04
3.192416748046875000e+03
1.170309277343750000e+04
3.655185156250000000e+04
1.993764526367187500e+03
4.379888671875000000e+03
2.720483125000000000e+05
3.443765250000000000e+06
7.518062500000000000e+05
5.519898125000000000e+05
8.476203750000000000e+05
5.922623046875000000e+04
9.088312377929687500e+02
3.077151123046875000e+03
3.572189843750000000e+04
2.885400195312500000e+04
2.802569000000000000e+06
1.216398625000000000e+06
3.264841992187500000e+04
2.802569000000000000e+06
8.857126250000000000e+05
2.013908203125000000e+04
2.598260468750000000e+05
1.455512500000000000e+05
7.526010937500000000e+04
1.411071250000000000e+05
5.100566406250000000e+03
3.585343750000000000e+04
5.923046875000000000e+03
1.671912231445312500e+03
3.963110046386718750e+02
1.207380600000000000e+07
7.147557812500000000e+04
4.904894140625000000e+04
1.101801875000000000e+06
5.261179375000000000e+05
1.357643906250000000e+05
1.376654100000000000e+07
1.127499125000000000e+06
3.435482031250000000e+04
9.452078857421875000e+02
8.677027343750000000e+04
7.369147500000000000e+06
1.357643906250000000e+05
1.376654100000000000e+07
3.435482031250000000e+04
7.369147500000000000e+06
2.420036562500000000e+05
1.160693500000000000e+06
3.144794062500000000e+05
1.653178125000000000e+04
4.371034375000000000e+05
1.361278125000000000e+05
6.101505859375000000e+04
2.205325390625000000e+04
7.760470625000000000e+05
2.546193437500000000e+05
2.345508398437500000e+04
1.764215156250000000e+05
1.320396250000000000e+05
3.124635937500000000e+05
3.375491562500000000e+05
2.635665234375000000e+04
1.216375375000000000e+06
3.223981000000000000e+06
1.334101440429687500e+03
6.230927734375000000e+04
1.205298300000000000e+07
3.330611875000000000e+05
3.253983789062500000e+04
4.944716250000000000e+05
1.106966200000000000e+07
1.496420400000000000e+07
2.522817968750000000e+04
9.206073750000000000e+05
3.790083007812500000e+03
8.527904296875000000e+03
2.839282176000000000e+09
3.662083593750000000e+04
5.735928906250000000e+04
1.973082031250000000e+04
1.535540625000000000e+05
1.083004250000000000e+06
2.513480625000000000e+05
3.346383789062500000e+03
7.506998535156250000e+03
9.764230000000000000e+06
2.334904882812500000e+04
6.150141015625000000e+04
3.916188750000000000e+05
1.226829843750000000e+05
3.776534375000000000e+05
3.948337109375000000e+04
4.639667187500000000e+04
2.961188160000000000e+08
1.515192300000000000e+07
1.342643437500000000e+05
9.688088960000000000e+08
3.992289843750000000e+04
2.786391601562500000e+04
7.200489472000000000e+10
6.223152500000000000e+05
2.660770000000000000e+05
3.585585937500000000e+05
7.804391500000000000e+06
1.264901367187500000e+04
2.317041503906250000e+03
2.032031616210937500e+03
5.322087000000000000e+06
3.743437750000000000e+06
4.858372558593750000e+03
4.524431000000000000e+06
7.548004500000000000e+06
3.579067812500000000e+05
1.019959960937500000e+04
1.983471250000000000e+06
1.952900585937500000e+04
7.469243750000000000e+04
7.273315000000000000e+05
1.127932734375000000e+05
1.353034531250000000e+05
3.383619687500000000e+05
1.873518281250000000e+05
2.566378906250000000e+05
1.232367187500000000e+05
3.032813125000000000e+05
6.848570625000000000e+05
6.732299375000000000e+05
5.935812500000000000e+03
1.788993554687500000e+04
2.259309960937500000e+04
1.758268750000000000e+04
6.458219375000000000e+05
6.571989062500000000e+04
5.728820800781250000e+03
2.414045781250000000e+05
1.472819091796875000e+03
4.965847265625000000e+04
2.432479687500000000e+04
5.839630500000000000e+06
1.498556900000000000e+07
1.519410839843750000e+04
7.629291250000000000e+05
9.326074218750000000e+02
1.911394531250000000e+04
9.183019520000000000e+08
2.280701562500000000e+04
5.567629375000000000e+05
4.492853125000000000e+04
5.023645000000000000e+06
2.286764687500000000e+05
6.175238647460937500e+02
5.923340820312500000e+03
1.185762000000000000e+06
2.349549609375000000e+04
6.544656372070312500e+02
8.610551562500000000e+04
4.622279375000000000e+05
1.282640429687500000e+04
2.042730859375000000e+04
9.169858750000000000e+05
6.131593750000000000e+04
1.378885839843750000e+04
3.776534375000000000e+05
9.602198125000000000e+05
4.457233984375000000e+04
6.361906640625000000e+04
3.454439000000000000e+06
1.643113476562500000e+04
2.571297460937500000e+04
2.942981250000000000e+05
3.263512500000000000e+04
1.364514746093750000e+04
1.850232375000000000e+06
5.486028906250000000e+04
6.943514062500000000e+04
2.817197812500000000e+05
8.934650781250000000e+04
1.025649437500000000e+06
1.151361000000000000e+06
6.195428906250000000e+04
4.461780468750000000e+04
1.292527750000000000e+06
3.070129062500000000e+05
3.393023125000000000e+05
6.985065625000000000e+05
9.940479375000000000e+05
9.597186718750000000e+04
6.498670410156250000e+03
6.062197656250000000e+04
4.066228906250000000e+04
1.380584531250000000e+05
1.193072558593750000e+04
1.483140332031250000e+04
2.459249023437500000e+04
7.393200781250000000e+04
6.133421875000000000e+03
3.824980468750000000e+04
4.536602734375000000e+04
1.300566250000000000e+06
2.013149414062500000e+04
2.103386523437500000e+04
2.493175195312500000e+04
6.441561035156250000e+03
2.073978906250000000e+05
8.873925000000000000e+04
5.940677734375000000e+03
3.989812109375000000e+04
2.692181640625000000e+04
9.851865234375000000e+03
4.540746250000000000e+05
1.720190039062500000e+04
2.821187695312500000e+04
5.200045410156250000e+03
3.027776953125000000e+04
9.270626953125000000e+03
2.493175195312500000e+04
5.950302343750000000e+04
5.311302734375000000e+03
1.581439697265625000e+03
3.157402539062500000e+04
1.368762695312500000e+04
2.692181640625000000e+04
2.544252343750000000e+04
1.292314062500000000e+04
2.821187695312500000e+04
3.027776953125000000e+04
6.894323437500000000e+04
3.883957421875000000e+04
5.311302734375000000e+03
3.157402539062500000e+04
2.544252343750000000e+04
6.894323437500000000e+04
1.897561875000000000e+05
2.179090468750000000e+05
2.857782500000000000e+05
9.602198125000000000e+05
6.395937890625000000e+04
6.054958750000000000e+05
2.388058593750000000e+04
2.939048750000000000e+05
1.823866210937500000e+04
3.246503662109375000e+03
1.514784843750000000e+05
9.403440429687500000e+03
3.780236328125000000e+03
3.621206250000000000e+04
5.191582500000000000e+06
4.675194000000000000e+06
1.474039625000000000e+06
5.363397600000000000e+07
3.389813281250000000e+04
8.847577343750000000e+04
3.850025920000000000e+08
5.191582500000000000e+06
4.675194000000000000e+06
5.363397600000000000e+07
3.850025920000000000e+08
1.977151611328125000e+03
1.095377265625000000e+05
5.973955859375000000e+04
2.444575683593750000e+03
7.040749500000000000e+06
1.669915312500000000e+05
5.605902080000000000e+08
3.538918750000000000e+04
2.513480625000000000e+05
4.905053125000000000e+04
2.172357250000000000e+06
7.816441856000000000e+09
4.720029500000000000e+06
3.321194687500000000e+05
1.493521440000000000e+08
1.708335156250000000e+04
3.323121200000000000e+07
1.496420400000000000e+07
1.216398625000000000e+06
2.599939062500000000e+04
1.673576171875000000e+04
6.798115234375000000e+03
6.591658000000000000e+07
3.594655937500000000e+05
8.873925000000000000e+04
9.761215625000000000e+04
4.609878125000000000e+04
1.708335156250000000e+04
9.572809600000000000e+08
3.323121200000000000e+07
1.496420400000000000e+07
1.981088750000000000e+05
2.599939062500000000e+04
1.673576171875000000e+04
6.591658000000000000e+07
8.373747500000000000e+05
9.761215625000000000e+04
4.609878125000000000e+04
9.572809600000000000e+08
1.981088750000000000e+05
8.373747500000000000e+05
2.650246826171875000e+03
3.137770312500000000e+04
2.074671600000000000e+07
4.920388281250000000e+04
2.395145312500000000e+04
1.438593359375000000e+04
9.956614400000000000e+08
4.908227050781250000e+03
1.682067875000000000e+06
2.217340234375000000e+04
4.723539375000000000e+05
3.912774609375000000e+04
6.689273600000000000e+08
2.906295937500000000e+05
7.806242968750000000e+04
9.633375976562500000e+03
6.183827200000000000e+07
1.010040500000000000e+07
2.190600250000000000e+06
1.013760062500000000e+06
1.052141562500000000e+05
3.948654687500000000e+05
1.336591718750000000e+05
1.268181015625000000e+05
1.220469207763671875e+02
7.114137207031250000e+03
1.798733281250000000e+05
2.738201171875000000e+04
6.642461718750000000e+04
4.876149902343750000e+03
7.350631347656250000e+03
9.416340942382812500e+02
7.930757446289062500e+02
2.507573632812500000e+04
1.521846125000000000e+06
1.865094400000000000e+07
7.922167968750000000e+04
7.851985625000000000e+05
2.696935546875000000e+04
4.886964453125000000e+04
1.243242368000000000e+09
5.978551875000000000e+05
1.915408000000000000e+06
6.933231250000000000e+04
2.188144800000000000e+07
2.923256800000000000e+07
1.234746015625000000e+05
1.536995410156250000e+04
2.342680000000000000e+05
4.233470703125000000e+04
1.175816625000000000e+06
4.692972265625000000e+04
1.602862304687500000e+04
4.483556152343750000e+03
6.348070526123046875e+01
8.112689819335937500e+02
9.892266406250000000e+04
9.563644531250000000e+03
3.893024609375000000e+04
7.435318847656250000e+03
2.034209765625000000e+04
3.631630468750000000e+04
1.588787500000000000e+06
3.582162109375000000e+03
2.617256093750000000e+05
3.254471000000000000e+06
6.376807421875000000e+04
3.136877441406250000e+03
2.607843250000000000e+06
5.421670500000000000e+06
7.174367675781250000e+03
4.052829687500000000e+04
3.254471000000000000e+06
1.713085205078125000e+03
4.728476562500000000e+03
5.421670500000000000e+06
4.052829687500000000e+04
4.728476562500000000e+03
2.803147200000000000e+08
1.214677600000000000e+07
5.322087000000000000e+06
7.147557812500000000e+04
9.739335680000000000e+08
3.245435600000000000e+07
8.049182031250000000e+04
9.017256250000000000e+05
4.869760156250000000e+04
2.696935546875000000e+04
2.609456742400000000e+10
1.642853273600000000e+10
1.966675625000000000e+06
1.222390528000000000e+09
1.089884000000000000e+06
5.534299375000000000e+05
2.721261568000000000e+09
6.872523000000000000e+06
5.628738000000000000e+06
7.018492968750000000e+04
7.200489472000000000e+10
1.790609440000000000e+08
2.017483840000000000e+08
1.241411600000000000e+07
6.659836800000000000e+07
3.005424640000000000e+09
5.392235625000000000e+05
9.206073750000000000e+05
3.976099609375000000e+03
1.875494140625000000e+04
4.176439453125000000e+03
9.420316406250000000e+03
1.948291375000000000e+06
8.113078906250000000e+04
2.141703710937500000e+04
1.524591601562500000e+04
3.488807500000000000e+05
1.154275859375000000e+05
1.603042773437500000e+04
4.253226250000000000e+05
7.191855625000000000e+05
7.974852539062500000e+03
3.176342382812500000e+04
7.699402500000000000e+05
6.101505859375000000e+04
9.585624218750000000e+04
2.942981250000000000e+05
3.698315234375000000e+04
9.142092968750000000e+04
6.864447500000000000e+05
2.487376562500000000e+05
1.778121406250000000e+05
2.235413125000000000e+05
9.485302734375000000e+03
4.980701953125000000e+04
1.914320625000000000e+05
2.100738906250000000e+05
8.069226562500000000e+04
1.561429062500000000e+05
4.105410937500000000e+05
7.449375625000000000e+05
3.346184375000000000e+04
2.224919375000000000e+05
2.455536718750000000e+05
5.322087000000000000e+06
1.145823200000000000e+07
5.911571250000000000e+05
2.238152000000000000e+06
8.704086718750000000e+04
3.520236328125000000e+04
8.520820625000000000e+05
1.267164160156250000e+04
3.212636328125000000e+04
1.419330300000000000e+07
4.793241562500000000e+05
1.793047031250000000e+05
1.144854400000000000e+09
6.099666875000000000e+05
1.863647656250000000e+05
9.806280000000000000e+06
2.343459250000000000e+06
6.091673828125000000e+04
7.391875000000000000e+04
8.063077600000000000e+07
1.028222700000000000e+07
2.233401718750000000e+05
3.127004500000000000e+06
4.987950500000000000e+06
3.296656800000000000e+07
4.865498125000000000e+05
2.463222560000000000e+08
1.022420200000000000e+07
1.886906750000000000e+06
2.872723500000000000e+06
3.177926953125000000e+04
6.765248535156250000e+03
9.887124480000000000e+08
8.545446250000000000e+05
8.676902343750000000e+04
5.478984400000000000e+07
4.446457500000000000e+05
4.865498125000000000e+05
2.446611865600000000e+10
2.463222560000000000e+08
1.022420200000000000e+07
1.605165440000000000e+08
2.872723500000000000e+06
3.177926953125000000e+04
9.887124480000000000e+08
8.184933760000000000e+08
5.478984400000000000e+07
4.446457500000000000e+05
2.446611865600000000e+10
1.605165440000000000e+08
8.184933760000000000e+08
2.576516875000000000e+05
7.874696875000000000e+04
3.952863437500000000e+05
6.852594000000000000e+06
7.147079687500000000e+04
3.672726953125000000e+04
6.011775625000000000e+05
4.294478515625000000e+03
7.526010937500000000e+04
9.983107500000000000e+05
1.079457000000000000e+06
1.496420400000000000e+07
2.420847851562500000e+04
2.293437500000000000e+04
1.146099609375000000e+04
4.447958750000000000e+05
2.544751250000000000e+05
3.525812000000000000e+06
2.056762451171875000e+03
1.116086230468750000e+04
1.075989746093750000e+04
5.979956054687500000e+03
3.021594375000000000e+05
3.170157500000000000e+05
7.355489843750000000e+04
1.340998500000000000e+06
2.826532800000000000e+07
1.037137400000000000e+07
9.993881250000000000e+04
3.976083984375000000e+04
7.359882812500000000e+04
5.255221875000000000e+05
2.857911718750000000e+04
8.012242968750000000e+04
1.476694213867187500e+03
8.492178906250000000e+04
1.416631640625000000e+04
1.919200000000000000e+04
1.259397250000000000e+06
3.708861562500000000e+05
5.086962812500000000e+05
1.164033700000000000e+07
1.529622656250000000e+05
1.776967031250000000e+05
2.778449218750000000e+04
8.537206250000000000e+04
1.542672656250000000e+05
1.606810625000000000e+06
1.607648437500000000e+05
3.139922656250000000e+04
7.076712890625000000e+03
3.224730224609375000e+03
1.935379218750000000e+05
1.547584750000000000e+06
4.066487500000000000e+05
3.108574062500000000e+05
7.363913281250000000e+04
9.791013281250000000e+04
5.608881640625000000e+04
1.358066528320312500e+03
6.342112500000000000e+05
2.272351250000000000e+05
1.548879750000000000e+06
2.612259570312500000e+04
5.423174609375000000e+04
6.625613281250000000e+04
7.020220000000000000e+05
2.685260546875000000e+04
2.086177148437500000e+04
2.450965039062500000e+04
9.602198125000000000e+05
2.140676574707031250e+02
6.001771875000000000e+04
7.900611718750000000e+04
2.116415283203125000e+03
1.887445625000000000e+05
3.160476562500000000e+05
9.123227539062500000e+03
1.970872265625000000e+04
9.231993600000000000e+07
1.207380600000000000e+07
5.970267500000000000e+05
5.587349120000000000e+08
2.214141093750000000e+05
3.649420703125000000e+04
7.778991616000000000e+09
2.883502000000000000e+06
2.045266406250000000e+05
1.692228800000000000e+07
1.090264480000000000e+08
1.096044921875000000e+05
1.465609863281250000e+04
4.235130468750000000e+04
3.649023828125000000e+04
1.621477734375000000e+04
2.086666406250000000e+05
5.804545312500000000e+04
6.689173437500000000e+04
1.446808640000000000e+08
1.092032265625000000e+05
2.795630664062500000e+04
6.042400625000000000e+05
7.790289843750000000e+04
8.575067968750000000e+04
5.167732421875000000e+04
4.038930859375000000e+04
6.755967000000000000e+06
3.509770312500000000e+04
3.989082187500000000e+05
9.033799218750000000e+04
3.309483437500000000e+05
4.066228906250000000e+04
3.776534375000000000e+05
7.147557812500000000e+04
3.142813671875000000e+04
2.469272343750000000e+05
4.447958750000000000e+05
1.562772949218750000e+04
2.361939218750000000e+05
4.542344687500000000e+05
2.651969375000000000e+05
2.029680859375000000e+04
9.546278125000000000e+04
1.034195937500000000e+05
1.120580781250000000e+05
2.545145312500000000e+04
3.960311562500000000e+05
2.150522031250000000e+05
7.796845312500000000e+04
3.396732031250000000e+04
1.310732299804687500e+03
1.279955566406250000e+04
2.225825976562500000e+04
1.637794062500000000e+05
3.569904400000000000e+07
1.142238100000000000e+07
5.322087000000000000e+06
3.768600937500000000e+05
3.050376960000000000e+08
6.004578400000000000e+07
1.815082625000000000e+06
8.482010000000000000e+05
4.155325390625000000e+04
2.903997314453125000e+03
2.948981504000000000e+09
2.019086464000000000e+09
1.525678600000000000e+07
1.139801856000000000e+09
4.137077000000000000e+06
1.529994531250000000e+05
6.466842880000000000e+08
1.600228480000000000e+08
2.346744400000000000e+07
1.319047031250000000e+05
1.897242009600000000e+10
2.453704704000000000e+09
7.670035840000000000e+08
7.543533600000000000e+07
2.976363840000000000e+08
1.146511564800000000e+10
6.542765000000000000e+05
2.381210937500000000e+04
1.176364135742187500e+03
5.696314375000000000e+05
2.948264000000000000e+07
1.365413906250000000e+05
1.152903750000000000e+06
1.551591875000000000e+05
3.598892187500000000e+05
9.452078857421875000e+02
2.154368800000000000e+07
2.948264000000000000e+07
1.365413906250000000e+05
1.551591875000000000e+05
2.154368800000000000e+07
3.388082400000000000e+07
2.732961425781250000e+02
5.812052480000000000e+08
1.161802597045898438e+02
3.552790312500000000e+05
1.263447036743164062e+02
8.784094238281250000e+02
1.271863424000000000e+09
9.613893432617187500e+02
8.227745056152343750e+01
1.906440795898437500e+03
4.561683203125000000e+04
2.202580078125000000e+04
6.751460937500000000e+03
5.693934765625000000e+04
2.942981250000000000e+05
1.967183125000000000e+05
9.175765625000000000e+04
5.567057812500000000e+04
6.859295312500000000e+04
1.268768828125000000e+05
5.321571093750000000e+04
4.304353515625000000e+04
1.187909765625000000e+05
2.876004296875000000e+04
7.944063110351562500e+02
7.679911718750000000e+04
1.809099023437500000e+04
5.581679687500000000e+03
2.697779052734375000e+03
5.725243164062500000e+03
5.271570800781250000e+03
2.249609531250000000e+05
1.072825125000000000e+06
1.734514453125000000e+04
3.521137187500000000e+05
5.725243164062500000e+03
5.271570800781250000e+03
2.000253784179687500e+03
3.140260986328125000e+03
3.521137187500000000e+05
2.588066875000000000e+05
5.879564453125000000e+04
3.140260986328125000e+03
3.320331054687500000e+03
1.086345800781250000e+04
2.810095000000000000e+05
3.440607666015625000e+03
4.618340000000000000e+05
1.253077500000000000e+06
2.903660937500000000e+05
8.773972500000000000e+05
1.094033671875000000e+05
9.612075805664062500e+02
2.653113037109375000e+03
2.124958984375000000e+04
9.399953002929687500e+02
7.286466796875000000e+03
9.608961181640625000e+02
6.364535522460937500e+02
2.149413867187500000e+04
1.642026171875000000e+04
2.487802343750000000e+04
4.066228906250000000e+04
7.164158691406250000e+03
5.540343261718750000e+03
7.133590820312500000e+03
2.681941015625000000e+04
2.885803222656250000e+03
2.096293945312500000e+03
2.261034687500000000e+05
2.942981250000000000e+05
4.968308125000000000e+05
3.139853515625000000e+04
1.569661562500000000e+05
4.228160937500000000e+04
6.817010937500000000e+04
1.311206875000000000e+05
1.402591200000000000e+07
1.150417343750000000e+05
3.265184375000000000e+04
2.471783750000000000e+05
2.961188160000000000e+08
1.496420400000000000e+07
2.263770781250000000e+05
9.956614400000000000e+08
2.570182031250000000e+04
5.313071875000000000e+04
7.200489472000000000e+10
3.369258750000000000e+05
1.741130468750000000e+05
2.413769531250000000e+05
2.430754250000000000e+06
1.916129625000000000e+06
1.919709200000000000e+07
7.940457031250000000e+04
9.206073750000000000e+05
7.061413085937500000e+03
2.731753320312500000e+04
2.462641152000000000e+09
1.763446250000000000e+05
6.292079375000000000e+05
9.186912500000000000e+04
5.565745500000000000e+06
1.962280375000000000e+06
1.417069687500000000e+05
4.093088250000000000e+06
5.556651171875000000e+04
8.779992800000000000e+07
1.496420400000000000e+07
8.202963125000000000e+05
6.246240000000000000e+05
1.167154687500000000e+04
3.581800292968750000e+03
3.273594240000000000e+08
3.454989500000000000e+06
7.680109375000000000e+04
9.653161000000000000e+06
9.486967187500000000e+04
5.707069531250000000e+04
1.207120076800000000e+10
8.324232800000000000e+07
1.254713600000000000e+07
1.083778500000000000e+07
5.886396250000000000e+05
1.133387988281250000e+04
3.306299840000000000e+08
1.109666480000000000e+08
9.148394000000000000e+06
9.415193750000000000e+04
1.200516608000000000e+10
1.043355500000000000e+07
1.073490560000000000e+08
2.198059960937500000e+04
7.276654052734375000e+02
4.589936218261718750e+02
1.794617656250000000e+05
4.224842000000000000e+06
1.033224121093750000e+03
1.794617656250000000e+05
1.605757812500000000e+05
7.147421264648437500e+02
1.015452148437500000e+04
6.526468750000000000e+04
1.292145751953125000e+03
2.896420000000000000e+06
1.651265039062500000e+04
2.573773046875000000e+04
5.753885742187500000e+03
1.690812031250000000e+05
1.822602148437500000e+04
3.776534375000000000e+05
1.753295937500000000e+05
1.207380600000000000e+07
6.984040000000000000e+05
1.564104218750000000e+05
9.943949218750000000e+04
5.089020312500000000e+05
7.307811718750000000e+04
4.509377500000000000e+05
5.708152734375000000e+04
1.320370937500000000e+05
1.744063593750000000e+05
9.655007500000000000e+05
2.570565000000000000e+05
2.237896250000000000e+05
2.142502539062500000e+04
9.152316406250000000e+04
5.066079000000000000e+06
4.625882500000000000e+05
7.963940000000000000e+05
2.549181875000000000e+05
6.240883203125000000e+04
2.615447031250000000e+05
2.304913437500000000e+05
4.912008750000000000e+05
8.163652343750000000e+04
7.706860156250000000e+04
3.090172750000000000e+06
7.196232500000000000e+05
6.724784375000000000e+05
3.085112500000000000e+05
4.248061875000000000e+05
3.994457500000000000e+05
6.039698125000000000e+05
1.095356500000000000e+06
3.143645625000000000e+05
7.918703750000000000e+05
4.786978125000000000e+05
9.181706875000000000e+05
1.570160875000000000e+06
9.462584375000000000e+05
1.050602000000000000e+06
3.484316250000000000e+06
1.285810125000000000e+06
5.027830468750000000e+04
1.040945117187500000e+04
1.823565250000000000e+06
2.834367431640625000e+03
7.024860937500000000e+04
6.206568750000000000e+05
2.686175000000000000e+04
2.096405937500000000e+05
6.445280000000000000e+05
1.572733886718750000e+04
7.012892968750000000e+04
2.961188160000000000e+08
1.222370400000000000e+07
2.538314453125000000e+04
7.053230720000000000e+08
4.395751953125000000e+03
5.327981445312500000e+03
7.200489472000000000e+10
8.814210156250000000e+04
3.780741796875000000e+04
4.897933125000000000e+05
3.739819500000000000e+06
5.952200000000000000e+06
1.514438100000000000e+07
3.936964375000000000e+05
7.368770000000000000e+05
1.061420312500000000e+04
3.384218359375000000e+04
9.365941120000000000e+08
3.242597812500000000e+05
1.693389218750000000e+05
5.331304296875000000e+04
1.522847875000000000e+06
6.263260937500000000e+04
1.029689250000000000e+06
3.454901367187500000e+03
6.263260937500000000e+04
1.269044824218750000e+04
2.748740800000000000e+08
1.301261200000000000e+07
6.875663500000000000e+06
4.865966406250000000e+04
9.968928640000000000e+08
1.363749000000000000e+07
1.972190429687500000e+04
7.220086250000000000e+05
1.941807421875000000e+04
3.940565185546875000e+03
2.807987814400000000e+10
4.219453696000000000e+09
3.789244062500000000e+05
1.228872960000000000e+09
2.468660156250000000e+05
1.062004921875000000e+05
1.379310336000000000e+09
4.573152000000000000e+06
9.075507500000000000e+05
6.160055468750000000e+04
7.200489472000000000e+10
4.317797600000000000e+07
3.207607200000000000e+07
3.765271500000000000e+06
4.567180000000000000e+07
3.797604352000000000e+09
5.928762817382812500e+02
7.441374511718750000e+02
2.079611718750000000e+05
3.439552612304687500e+02
3.465182400000000000e+07
3.792905468750000000e+04
2.011402031250000000e+05
2.016432500000000000e+06
3.703712109375000000e+04
2.412257656250000000e+05
1.511948750000000000e+05
2.134301953125000000e+04
6.683134375000000000e+04
8.336237304687500000e+03
2.707915234375000000e+04
2.159947656250000000e+04
1.384430468750000000e+05
1.307917400000000000e+07
4.413778515625000000e+04
3.623196093750000000e+04
3.103229003906250000e+03
2.582386132812500000e+04
7.889387000000000000e+06
4.722144921875000000e+04
4.153610312500000000e+05
1.274041406250000000e+04
4.992569375000000000e+05
2.872787840000000000e+08
1.331797000000000000e+07
1.077679000000000000e+07
4.837016406250000000e+04
9.998787200000000000e+08
3.388082400000000000e+07
8.439028320312500000e+03
8.746928125000000000e+05
7.517968261718750000e+03
2.497373535156250000e+03
7.200489472000000000e+10
3.082912768000000000e+10
2.310071406250000000e+05
2.717288704000000000e+09
3.348428906250000000e+04
1.460747851562500000e+04
2.644473600000000000e+09
5.252421250000000000e+05
7.788469531250000000e+04
5.358827636718750000e+03
7.200489472000000000e+10
8.244244000000000000e+06
1.215586875000000000e+06
3.512141406250000000e+04
2.229517500000000000e+06
4.065024400000000000e+07
1.293404174804687500e+03
4.066228906250000000e+04
3.776534375000000000e+05
4.592046562500000000e+05
1.207380600000000000e+07
1.029586406250000000e+05
8.611716796875000000e+03
6.410106933593750000e+03
4.447958750000000000e+05
3.180305000000000000e+05
3.119395937500000000e+05
2.985398437500000000e+03
6.303768554687500000e+03
8.248587890625000000e+03
3.711530761718750000e+03
2.651969375000000000e+05
4.958954375000000000e+05
4.306607812500000000e+04
1.639380312500000000e+05
5.066079000000000000e+06
1.280358750000000000e+06
1.654347812500000000e+05
4.409802187500000000e+05
1.115512812500000000e+05
7.678453125000000000e+05
1.668374414062500000e+04
1.521190937500000000e+05
2.971233154296875000e+03
5.714634375000000000e+04
2.262973632812500000e+04
1.971558593750000000e+04
1.477757000000000000e+06
3.189121875000000000e+05
6.550469375000000000e+05
1.650358125000000000e+06
7.492866875000000000e+05
2.772801562500000000e+05
1.740743945312500000e+04
1.593816406250000000e+05
1.454225000000000000e+05
2.050733375000000000e+06
4.003572187500000000e+05
1.096995760000000000e+08
1.511122700000000000e+07
5.237159667968750000e+03
3.890255680000000000e+08
8.309477539062500000e+03
4.653079589843750000e+03
1.714489344000000000e+10
1.771725000000000000e+04
8.440203125000000000e+03
2.656368359375000000e+04
6.848934375000000000e+04
2.050528400000000000e+07
2.010853437500000000e+05
1.346874720000000000e+08
1.496420400000000000e+07
9.217792500000000000e+05
4.677931250000000000e+04
3.047289062500000000e+05
1.839932343750000000e+05
1.603087656250000000e+05
4.710416640000000000e+08
2.081365875000000000e+06
4.489028515625000000e+04
7.116901562500000000e+04
5.094458437500000000e+05
2.087293281250000000e+05
2.042249062500000000e+05
2.302802329600000000e+10
1.139092720000000000e+08
1.178525800000000000e+07
9.326212500000000000e+04
6.304353515625000000e+04
5.270588281250000000e+04
4.573833750000000000e+05
3.080202812500000000e+05
1.894319687500000000e+05
3.960368960000000000e+08
1.706810625000000000e+05
7.338100781250000000e+04
7.204337500000000000e+04
6.629062500000000000e+05
5.117866875000000000e+05
2.137350625000000000e+05
2.127015936000000000e+10
1.419253906250000000e+05
9.333214843750000000e+04
6.427146875000000000e+04
4.700128125000000000e+05
2.269304375000000000e+05
1.707989531250000000e+05
7.397263281250000000e+04
6.726600000000000000e+05
1.434639531250000000e+05
2.269849687500000000e+05
4.292644042968750000e+03
1.330099853515625000e+03
8.325189819335937500e+02
1.149922375000000000e+06
1.196101562500000000e+05
7.805915200000000000e+07
6.115463867187500000e+03
8.817423125000000000e+05
4.766822265625000000e+04
7.210398125000000000e+05
2.258031360000000000e+08
6.450800000000000000e+07
8.123416250000000000e+05
1.745234400000000000e+08
1.250532265625000000e+05
4.273585937500000000e+04
3.347760000000000000e+05
8.963882031250000000e+04
2.540062695312500000e+04
1.436775468750000000e+05
2.597676093750000000e+05
1.550770625000000000e+05
6.678370117187500000e+03
1.211007890625000000e+05
4.273585937500000000e+04
3.347760000000000000e+05
8.963882031250000000e+04
1.004321062500000000e+06
6.014719726562500000e+03
2.847714257812500000e+04
1.550770625000000000e+05
6.678370117187500000e+03
1.211007890625000000e+05
8.445583007812500000e+03
1.004321062500000000e+06
6.014719726562500000e+03
2.847714257812500000e+04
2.505527539062500000e+04
8.445583007812500000e+03
2.505527539062500000e+04
3.193467812500000000e+05
3.236089843750000000e+04
2.207333281250000000e+05
3.886676562500000000e+05
4.628627734375000000e+04
1.038707187500000000e+05
9.628692382812500000e+03
2.667385625000000000e+05
3.648870703125000000e+04
9.166826562500000000e+04
8.833370312500000000e+04
3.230810351562500000e+04
7.589185546875000000e+03
5.231165937500000000e+05
7.698192968750000000e+04
1.557486406250000000e+05
1.149424218750000000e+04
8.145414843750000000e+04
1.538208300781250000e+04
5.488766406250000000e+04
3.193897187500000000e+05
2.234755468750000000e+04
7.062706542968750000e+03
8.328304687500000000e+04
3.510419921875000000e+04
3.274449218750000000e+04
8.070528125000000000e+04
6.174471093750000000e+04
5.865362109375000000e+04
7.784318750000000000e+04
1.408616093750000000e+05
1.198780546875000000e+05
2.687020507812500000e+04
1.517820312500000000e+05
1.025028671875000000e+05
1.592043437500000000e+05
2.898454375000000000e+05
1.106966200000000000e+07
7.083868750000000000e+04
1.026627062500000000e+06
1.102782578125000000e+05
2.695035546875000000e+04
2.877974500000000000e+06
2.316895468750000000e+05
4.210414687500000000e+05
6.056980000000000000e+05
2.206712000000000000e+06
1.698237991333007812e+01
1.301009643554687500e+03
5.496261978149414062e+01
3.639103750000000000e+06
3.537615625000000000e+04
1.301009643554687500e+03
2.357824134826660156e+01
1.386629687500000000e+04
9.531204000000000000e+06
4.282811523437500000e+03
4.623848750000000000e+05
1.216137750000000000e+06
1.650636750000000000e+06
9.732198750000000000e+05
2.159958281250000000e+05
7.451457031250000000e+04
1.374492812500000000e+05
1.487209765625000000e+04
1.126151367187500000e+04
2.643872656250000000e+04
3.722189062500000000e+04
1.069558105468750000e+04
2.350107910156250000e+03
5.946948242187500000e+02
2.961188160000000000e+08
4.599628750000000000e+05
1.117866375000000000e+06
9.289902500000000000e+05
7.229553750000000000e+05
3.987239990234375000e+03
2.091139840000000000e+08
3.120219840000000000e+08
4.181068750000000000e+05
8.681955000000000000e+05
2.013950720000000000e+08
2.031189218750000000e+05
2.730749023437500000e+03
3.825999375000000000e+05
2.010234062500000000e+05
3.460182812500000000e+04
7.695367187500000000e+04
5.170817187500000000e+05
2.907704101562500000e+04
1.755074218750000000e+05
8.289560546875000000e+03
3.500804296875000000e+04
4.273585937500000000e+04
9.983107500000000000e+05
8.969303906250000000e+04
6.526468750000000000e+04
6.712580566406250000e+03
2.871288750000000000e+05
3.418676250000000000e+05
6.034930664062500000e+03
6.500626953125000000e+04
1.705484765625000000e+04
3.383008593750000000e+04
1.900037187500000000e+05
1.185645078125000000e+05
1.105196875000000000e+04
8.873925000000000000e+04
1.025287500000000000e+06
2.981949062500000000e+05
1.185645078125000000e+05
1.025287500000000000e+06
1.191533400000000000e+07
1.222985468750000000e+05
7.521410937500000000e+04
4.760277812500000000e+05
2.161243750000000000e+04
3.298470312500000000e+04
1.132783625000000000e+06
5.326171484375000000e+04
8.073614062500000000e+04
4.585022500000000000e+05
6.443428906250000000e+04
9.652977343750000000e+04
2.367816562500000000e+05
1.406610625000000000e+05
1.980956406250000000e+05
1.108410766601562500e+03
3.077659179687500000e+03
5.274925000000000000e+05
1.167154687500000000e+04
9.170760000000000000e+05
2.976569726562500000e+04
7.082804000000000000e+07
6.801234741210937500e+02
6.662210156250000000e+04
3.422739990234375000e+03
4.270524375000000000e+05
1.096440722656250000e+04
7.370062000000000000e+06
5.662273200000000000e+07
5.498914453125000000e+04
2.932737792968750000e+03
9.723858125000000000e+05
5.960892000000000000e+06
7.554170000000000000e+05
1.969267200000000000e+07
1.675732226562500000e+04
9.956614400000000000e+08
4.207709765625000000e+04
2.513480625000000000e+05
2.088625781250000000e+04
3.093608000000000000e+06
1.074501529600000000e+10
4.744766000000000000e+06
4.785776562500000000e+04
2.787935360000000000e+08
3.395509200000000000e+07
9.397387500000000000e+04
9.956614400000000000e+08
6.395467968750000000e+04
9.132845000000000000e+05
7.982269531250000000e+04
2.317975250000000000e+06
2.765122304000000000e+09
6.957521250000000000e+05
1.000893203125000000e+05
1.435129800000000000e+07
1.089501464843750000e+03
5.950078500000000000e+06
1.666091500000000000e+06
1.106966200000000000e+07
1.216398625000000000e+06
2.716324750000000000e+06
5.577439375000000000e+05
1.389682714843750000e+04
6.313363500000000000e+06
1.666091500000000000e+06
1.106966200000000000e+07
2.716324750000000000e+06
6.313363500000000000e+06
3.997638400000000000e+07
1.478636718750000000e+05
1.217273600000000000e+08
2.070763281250000000e+04
4.628411250000000000e+05
1.707240820312500000e+04
3.989744000000000000e+06
3.571145920000000000e+08
8.444712500000000000e+05
1.176067285156250000e+04
1.846617200000000000e+07
3.989218750000000000e+05
6.658854370117187500e+02
8.923807617187500000e+03
2.744399500000000000e+06
9.522136718750000000e+04
1.507873375000000000e+06
8.049849218750000000e+04
2.319573120000000000e+08
7.575640869140625000e+02
1.707867343750000000e+05
1.892112890625000000e+04
2.744399500000000000e+06
9.522136718750000000e+04
8.613625600000000000e+08
2.319573120000000000e+08
1.707867343750000000e+05
1.892112890625000000e+04
3.565617600000000000e+07
8.613625600000000000e+08
3.565617600000000000e+07
6.539166015625000000e+04
2.693763671875000000e+04
9.052395200000000000e+07
1.496420400000000000e+07
1.106966200000000000e+07
1.232541093750000000e+05
3.360480960000000000e+08
6.067645600000000000e+07
9.096564062500000000e+04
9.206073750000000000e+05
3.568103906250000000e+04
3.913599218750000000e+04
1.264344371200000000e+10
4.776801280000000000e+09
1.914091375000000000e+06
2.839282176000000000e+09
3.758837812500000000e+05
3.887584375000000000e+05
7.138999680000000000e+08
1.575195625000000000e+06
3.485805250000000000e+06
8.625921093750000000e+04
7.200489472000000000e+10
2.393828400000000000e+07
8.166124000000000000e+07
2.066218500000000000e+06
9.753025000000000000e+06
2.508071040000000000e+08
9.223452000000000000e+06
1.490873600000000000e+07
7.082551562500000000e+04
5.383136000000000000e+07
2.205683007812500000e+04
4.906471093750000000e+04
1.585591168000000000e+09
4.931440625000000000e+05
7.437805000000000000e+05
1.576086750000000000e+06
3.131235600000000000e+07
6.824512500000000000e+05
2.082030781250000000e+05
2.027407656250000000e+05
3.065771289062500000e+04
3.553735937500000000e+05
1.087850468750000000e+05
3.749866796875000000e+04
2.505554062500000000e+05
1.132783625000000000e+06
5.000043750000000000e+04
4.328431000000000000e+06
3.003924375000000000e+05
1.226533000000000000e+06
4.120223828125000000e+04
3.649378906250000000e+04
2.438413500000000000e+06
2.412209375000000000e+05
3.628554375000000000e+05
7.396869375000000000e+05
5.030384062500000000e+05
5.823745625000000000e+05
9.391967187500000000e+04
5.030384062500000000e+05
1.283518200000000000e+07
1.884398906250000000e+05
3.548807421875000000e+04
6.823165000000000000e+05
8.467075000000000000e+05
4.021009375000000000e+04
2.768991000000000000e+06
1.382832489013671875e+02
3.479747656250000000e+04
1.028911499023437500e+03
7.841849218750000000e+04
3.414931640625000000e+04
4.382513125000000000e+05
5.372452734375000000e+04
3.638931640625000000e+04
1.047428046875000000e+05
1.661681406250000000e+05
1.781989648437500000e+04
1.485231054687500000e+04
6.220862500000000000e+05
8.590079687500000000e+04
6.329094531250000000e+04
1.662114062500000000e+05
1.314525878906250000e+04
4.333016875000000000e+05
7.354854375000000000e+05
4.263969921875000000e+04
5.756732421875000000e+04
2.942981250000000000e+05
1.426516562500000000e+05
9.006487500000000000e+04
2.264662500000000000e+05
1.259029609375000000e+05
8.041879375000000000e+05
4.412983703613281250e+01
3.081944921875000000e+04
4.435582421875000000e+04
3.004423828125000000e+03
2.898208007812500000e+04
9.288315429687500000e+02
1.924323593750000000e+05
9.602198125000000000e+05
4.371582031250000000e+02
1.157379882812500000e+04
4.209058203125000000e+04
4.792796020507812500e+02
2.800601074218750000e+03
2.900367812500000000e+05
2.270044403076171875e+02
7.698178125000000000e+04
1.489601562500000000e+05
3.111368103027343750e+02
2.785354736328125000e+03
2.544540312500000000e+05
3.812633361816406250e+02
3.880170654296875000e+03
3.875232421875000000e+04
3.851542358398437500e+02
8.367697906494140625e+01
1.907774780273437500e+03
1.359337187500000000e+05
1.287796020507812500e+03
5.484136962890625000e+02
8.548777465820312500e+02
1.075356093750000000e+05
6.173617578125000000e+04
9.983107500000000000e+05
1.530143437500000000e+05
1.293055625000000000e+05
1.267310351562500000e+04
1.999527343750000000e+04
1.493608700000000000e+07
1.516430625000000000e+06
3.101026560000000000e+08
6.055151855468750000e+03
7.359850625000000000e+05
7.112307031250000000e+04
1.436038800000000000e+07
4.037186560000000000e+08
3.032648320000000000e+08
7.222958750000000000e+05
3.860077760000000000e+08
9.206073750000000000e+05
2.464218261718750000e+03
3.334344970703125000e+03
3.722970458984375000e+03
3.203097070312500000e+04
4.297732910156250000e+03
3.496466796875000000e+04
1.695444875000000000e+06
1.745138375000000000e+06
1.208195898437500000e+04
3.528851806640625000e+03
7.101914000000000000e+06
8.287097656250000000e+04
7.361595312500000000e+04
3.862742500000000000e+05
1.040309960937500000e+04
2.343176250000000000e+05
5.812921875000000000e+03
5.406850000000000000e+04
5.634581500000000000e+06
1.207380600000000000e+07
3.675512500000000000e+04
3.896165200000000000e+07
4.508409179687500000e+03
2.748431054687500000e+04
6.744040320000000000e+08
6.100318359375000000e+04
2.551976718750000000e+05
5.560131250000000000e+05
2.429873250000000000e+06
1.233922080000000000e+08
2.123052800000000000e+07
1.578201500000000000e+06
9.956614400000000000e+08
8.545446250000000000e+05
8.873925000000000000e+04
1.863038771200000000e+10
1.233922080000000000e+08
2.123052800000000000e+07
9.956614400000000000e+08
1.863038771200000000e+10
1.328461680000000000e+08
1.413343800000000000e+07
7.083868750000000000e+04
5.069207360000000000e+08
1.672808437500000000e+05
4.910201562500000000e+04
2.412681011200000000e+10
4.058010750000000000e+06
7.313413125000000000e+05
4.644986500000000000e+06
1.429652800000000000e+08
7.526010937500000000e+04
9.643197656250000000e+04
8.552324218750000000e+03
8.082741699218750000e+03
1.164800000000000000e+05
6.833647656250000000e+04
2.214248632812500000e+04
1.752740234375000000e+04
8.825564843750000000e+04
3.472711669921875000e+03
2.271248242187500000e+04
1.164800000000000000e+05
3.677752929687500000e+03
2.379558007812500000e+04
8.825564843750000000e+04
2.271248242187500000e+04
2.379558007812500000e+04
1.403303000000000000e+07
1.106966200000000000e+07
1.001202578125000000e+05
1.359598375000000000e+06
3.159619531250000000e+04
7.060741406250000000e+04
5.962912000000000000e+08
4.355833125000000000e+05
7.504373125000000000e+05
7.003101250000000000e+05
1.120876100000000000e+07
5.858342285156250000e+03
1.216398625000000000e+06
3.531751220703125000e+03
1.822602148437500000e+04
6.281134765625000000e+04
1.794133281250000000e+05
2.596469921875000000e+04
1.104418203125000000e+05
4.912080078125000000e+04
1.681447656250000000e+04
2.851611718750000000e+04
8.287824218750000000e+04
3.482562500000000000e+04
1.194809843750000000e+05
2.485482187500000000e+05
2.136939453125000000e+03
8.629920898437500000e+03
2.341335468750000000e+05
1.608027187500000000e+05
9.576368164062500000e+03
6.759125625000000000e+05
2.833137500000000000e+04
1.040945117187500000e+04
1.153755390625000000e+05
1.946966094970703125e+02
6.233032226562500000e+03
7.266243652343750000e+03
2.388557373046875000e+03
1.213522070312500000e+04
1.236123339843750000e+04
3.878663940429687500e+02
9.432764892578125000e+02
1.120019765625000000e+05
7.488125976562500000e+03
7.457136718750000000e+04
8.249878906250000000e+04
7.495132031250000000e+04
8.392608593750000000e+04
1.138918945312500000e+03
3.223620703125000000e+04
2.961188160000000000e+08
3.775520935058593750e+02
8.145097656250000000e+04
7.107730468750000000e+04
1.904685351562500000e+04
7.924864959716796875e+01
4.328633000000000000e+06
4.971834687500000000e+05
8.055220947265625000e+02
1.419758789062500000e+04
3.100130625000000000e+05
8.903080078125000000e+03
4.913236250000000000e+05
1.124127875000000000e+06
1.729522656250000000e+05
7.971066250000000000e+05
1.599200750000000000e+06
7.676395000000000000e+05
3.678171250000000000e+05
8.920398750000000000e+05
6.354632500000000000e+05
9.446236875000000000e+05
1.297625920000000000e+08
2.260654800000000000e+07
5.322617187500000000e+04
9.956614400000000000e+08
2.340476367187500000e+04
2.745174804687500000e+04
1.927780761600000000e+10
4.336290625000000000e+05
4.027637187500000000e+05
4.561739500000000000e+06
4.396555600000000000e+07
1.557377250000000000e+06
1.961808875000000000e+06
2.279494531250000000e+05
1.350624500000000000e+06
2.066716406250000000e+04
1.945800390625000000e+04
4.414402800000000000e+07
2.820665500000000000e+06
6.480170000000000000e+05
2.682462187500000000e+05
8.285774500000000000e+06
3.266224609375000000e+04
2.067576400000000000e+07
1.198062400000000000e+07
5.755865500000000000e+06
1.127385250000000000e+06
8.064523200000000000e+07
1.023548562500000000e+06
1.851105000000000000e+05
6.832313750000000000e+05
7.486166406250000000e+04
6.198627441406250000e+03
1.366997888000000000e+09
2.660114080000000000e+08
2.067576400000000000e+07
8.850344320000000000e+08
1.198062400000000000e+07
5.755865500000000000e+06
2.172840960000000000e+08
8.064523200000000000e+07
1.023548562500000000e+06
6.832313750000000000e+05
2.947970457600000000e+10
1.366997888000000000e+09
2.660114080000000000e+08
8.850344320000000000e+08
2.172840960000000000e+08
2.947970457600000000e+10
7.405373046875000000e+03
4.471130078125000000e+04
1.080343437500000000e+05
7.517731933593750000e+03
1.309135937500000000e+04
1.924016015625000000e+04
1.117539125000000000e+06
8.026108593750000000e+04
2.560459179687500000e+04
1.201753784179687500e+03
7.177750854492187500e+02
3.556804296875000000e+04
7.640585000000000000e+05
9.447931640625000000e+03
2.460067773437500000e+04
4.600220703125000000e+04
1.592417285156250000e+04
7.526010937500000000e+04
1.561086562500000000e+05
1.216398625000000000e+06
8.486077148437500000e+03
2.910095703125000000e+04
6.584126875000000000e+05
1.199436718750000000e+04
2.618417968750000000e+04
4.152690625000000000e+04
3.510401250000000000e+05
8.145275781250000000e+04
4.341773750000000000e+05
6.196469140625000000e+04
4.229487109375000000e+04
1.274016992187500000e+04
5.136217968750000000e+04
3.837136875000000000e+05
3.875195703125000000e+04
3.388082400000000000e+07
3.436025781250000000e+04
9.693893120000000000e+08
1.597600097656250000e+04
7.421466250000000000e+05
2.211597851562500000e+04
2.295613250000000000e+06
2.268877312000000000e+09
4.857322000000000000e+06
5.419187890625000000e+04
4.504724400000000000e+07
1.275480250000000000e+06
1.276287200000000000e+07
3.753609375000000000e+04
1.095171484375000000e+05
7.623155517578125000e+02
2.657247265625000000e+04
1.292411840000000000e+08
2.449252148437500000e+04
2.625523437500000000e+05
5.971418457031250000e+03
1.984655156250000000e+05
1.525096700000000000e+07
2.190612968750000000e+05
6.023687500000000000e+03
6.041956875000000000e+05
4.744353200000000000e+07
5.612880625000000000e+05
4.681574000000000000e+06
7.938367968750000000e+04
3.802471562500000000e+05
2.513480625000000000e+05
3.371141845703125000e+03
1.658409062500000000e+05
7.092158203125000000e+02
7.575228515625000000e+03
4.096125600000000000e+07
5.101883600000000000e+07
1.984180750000000000e+06
3.720690400000000000e+07
6.002621093750000000e+03
7.475129687500000000e+04
1.150419700000000000e+07
2.695970000000000000e+05
6.727841406250000000e+04
2.010398437500000000e+03
2.488994560000000000e+08
2.919106000000000000e+07
3.129662750000000000e+06
3.694232812500000000e+04
2.898771500000000000e+06
1.485532320000000000e+08
5.290550000000000000e+06
1.164631100000000000e+07
7.101605468750000000e+04
8.858664375000000000e+05
2.689430468750000000e+04
4.730050390625000000e+04
1.178969984000000000e+09
5.520619375000000000e+05
1.059334875000000000e+06
6.801009375000000000e+04
1.211433700000000000e+07
2.509356054687500000e+04
2.878820312500000000e+03
7.833440551757812500e+02
3.631956250000000000e+04
2.533327343750000000e+04
1.222231347656250000e+04
2.120601074218750000e+03
1.094100683593750000e+04
2.407803710937500000e+04
2.011600781250000000e+04
1.239581909179687500e+03
5.851126953125000000e+03
5.322087000000000000e+06
1.206282800000000000e+07
3.673248828125000000e+04
9.190598750000000000e+05
7.096578125000000000e+03
2.746211718750000000e+04
1.219040000000000000e+09
1.308701015625000000e+05
2.546579375000000000e+05
9.245660937500000000e+04
5.740537500000000000e+06
8.743635742187500000e+03
1.040945117187500000e+04
1.042887011718750000e+04
7.528983398437500000e+03
6.204388671875000000e+03
8.367322656250000000e+04
1.478815360000000000e+08
1.939879600000000000e+07
1.877160750000000000e+06
5.803488281250000000e+04
9.956614400000000000e+08
3.388082400000000000e+07
2.685311718750000000e+04
9.206073750000000000e+05
1.778714257812500000e+04
1.310857519531250000e+04
4.905775923200000000e+10
5.655392768000000000e+09
4.017755000000000000e+05
2.465094400000000000e+09
2.566968593750000000e+05
1.515161875000000000e+05
2.791640320000000000e+09
3.285834062500000000e+05
7.299045625000000000e+05
2.352686718750000000e+04
7.200489472000000000e+10
6.089972000000000000e+06
8.277978500000000000e+06
7.746465625000000000e+05
7.555912500000000000e+06
2.352755680000000000e+08
3.243819375000000000e+05
3.236089843750000000e+04
2.582184326171875000e+03
2.524572343750000000e+05
3.187708984375000000e+03
4.332735937500000000e+05
2.293026367187500000e+03
8.175131835937500000e+02
4.332008437500000000e+05
1.080974218750000000e+05
5.014051250000000000e+05
1.330805625000000000e+05
4.462312500000000000e+04
3.907616943359375000e+03
2.104825927734375000e+03
4.572751953125000000e+03
2.021934936523437500e+03
4.330346875000000000e+04
2.684345937500000000e+05
2.367123437500000000e+05
1.536428320312500000e+04
8.873925000000000000e+04
4.177145600000000000e+07
2.456011962890625000e+03
2.231747851562500000e+04
4.265352734375000000e+04
2.684345937500000000e+05
2.367123437500000000e+05
1.286137800000000000e+07
4.177145600000000000e+07
2.231747851562500000e+04
4.265352734375000000e+04
2.400845500000000000e+06
1.286137800000000000e+07
2.400845500000000000e+06
4.671600390625000000e+04
3.339642089843750000e+03
6.606567871093750000e+03
4.314126000000000000e+07
2.017467200000000000e+07
1.257131500000000000e+06
4.528563840000000000e+08
2.654446500000000000e+06
8.552493750000000000e+04
1.371158425600000000e+10
4.243581600000000000e+07
1.990908000000000000e+07
4.492919360000000000e+08
1.358607974400000000e+10
1.985867600000000000e+07
1.495224121093750000e+04
8.805020507812500000e+03
1.610771386718750000e+04
3.751750312500000000e+05
4.761967187500000000e+05
1.322412656250000000e+05
1.484113906250000000e+05
1.210424687500000000e+05
4.066228906250000000e+04
3.743915625000000000e+05
2.546257421875000000e+04
4.066228906250000000e+04
1.867775585937500000e+04
6.649217187500000000e+04
3.387812890625000000e+04
4.381468359375000000e+04
4.813752500000000000e+06
1.927525875000000000e+06
1.068339000000000000e+06
8.073614062500000000e+04
2.606639531250000000e+05
5.556692500000000000e+06
1.848728593750000000e+05
5.841267500000000000e+05
1.869427656250000000e+05
3.336776562500000000e+05
4.231006347656250000e+03
1.207380600000000000e+07
5.352310500000000000e+06
2.114505500000000000e+06
2.477143066406250000e+03
1.859871093750000000e+03
9.956260375976562500e+02
9.177908125000000000e+05
8.873925000000000000e+04
1.372831250000000000e+04
1.107943066406250000e+04
1.641886914062500000e+04
4.231006347656250000e+03
1.222220160000000000e+09
1.207380600000000000e+07
5.352310500000000000e+06
5.347731933593750000e+03
2.477143066406250000e+03
1.859871093750000000e+03
9.177908125000000000e+05
4.116995312500000000e+04
1.107943066406250000e+04
1.641886914062500000e+04
1.222220160000000000e+09
5.347731933593750000e+03
4.116995312500000000e+04
3.930241455078125000e+03
2.406249375000000000e+05
1.577392285156250000e+04
4.905053125000000000e+04
3.187509765625000000e+04
1.034939160156250000e+04
7.347255625000000000e+05
2.047614218750000000e+05
2.583066250000000000e+05
2.886278320312500000e+04
9.008314453125000000e+03
3.743747070312500000e+03
9.526822509765625000e+02
3.388082400000000000e+07
9.956614400000000000e+08
8.545446250000000000e+05
9.206073750000000000e+05
1.389682714843750000e+04
8.873925000000000000e+04
2.253999062500000000e+05
4.587721093750000000e+04
1.211230781250000000e+05
5.308584765625000000e+04
3.179870937500000000e+05
9.269716875000000000e+05
2.886278320312500000e+04
5.980152734375000000e+04
9.008314453125000000e+03
3.743747070312500000e+03
2.791640320000000000e+09
3.388082400000000000e+07
9.956614400000000000e+08
9.206073750000000000e+05
3.102416875000000000e+05
1.822292500000000000e+06
2.253999062500000000e+05
2.078223750000000000e+05
4.587721093750000000e+04
1.211230781250000000e+05
1.021574200000000000e+07
3.179870937500000000e+05
9.269716875000000000e+05
5.980152734375000000e+04
2.791640320000000000e+09
2.658854750000000000e+06
3.102416875000000000e+05
1.822292500000000000e+06
2.078223750000000000e+05
1.021574200000000000e+07
2.658854750000000000e+06
1.837894726562500000e+04
1.114258125000000000e+05
3.001263916015625000e+03
1.215739355468750000e+04
6.890881835937500000e+03
1.496420400000000000e+07
7.553233593750000000e+04
3.442664843750000000e+04
1.401567656250000000e+05
2.521689531250000000e+05
2.573979687500000000e+05
8.044556875000000000e+05
4.088454062500000000e+05
3.388082400000000000e+07
3.447865478515625000e+03
8.190571520000000000e+08
1.883159912109375000e+03
5.951416875000000000e+05
1.898012817382812500e+03
2.120444531250000000e+04
1.907291136000000000e+09
7.718857812500000000e+04
2.296729003906250000e+03
4.095025625000000000e+05
8.494884375000000000e+04
6.093091250000000000e+05
2.291502734375000000e+04
3.771184375000000000e+04
1.355582600000000000e+07
1.190277400000000000e+07
1.074311406250000000e+05
6.651522400000000000e+07
9.441842773437500000e+03
1.119177539062500000e+04
7.118576000000000000e+08
2.702789687500000000e+05
5.624260156250000000e+04
5.707091875000000000e+05
9.337535000000000000e+06
9.600833750000000000e+05
4.327027734375000000e+04
3.009538750000000000e+05
5.660430175781250000e+03
9.980492553710937500e+02
1.844428466796875000e+03
1.253512597656250000e+04
1.763599375000000000e+05
1.160530000000000000e+05
5.487128125000000000e+04
2.146035200000000000e+07
1.640278375000000000e+06
6.832344531250000000e+04
2.080826000000000000e+07
1.768186718750000000e+05
2.114505500000000000e+06
3.570364375000000000e+05
1.675685625000000000e+05
4.621591875000000000e+05
1.523882968750000000e+05
1.281136720000000000e+08
1.496420400000000000e+07
1.030935390625000000e+05
4.522823680000000000e+08
1.919687968750000000e+05
2.739198828125000000e+04
2.158554931200000000e+10
1.246461500000000000e+06
7.559020312500000000e+04
7.225278500000000000e+06
4.585929600000000000e+07
4.203464000000000000e+07
1.442352500000000000e+07
2.237631562500000000e+05
4.827317600000000000e+07
2.028750000000000000e+05
2.535778710937500000e+04
3.362776640000000000e+08
1.008142600000000000e+07
3.907615500000000000e+06
1.291432700000000000e+07
1.757048000000000000e+08
2.805261875000000000e+05
1.162257500000000000e+06
1.761319875000000000e+06
1.492008600000000000e+07
2.291110229492187500e+02
2.076681976318359375e+02
5.131225585937500000e+02
7.457465000000000000e+05
1.641806030273437500e+03
1.372200625000000000e+05
6.629903000000000000e+06
2.134260625000000000e+05
4.119003250000000000e+06
8.254143750000000000e+04
5.419164800000000000e+08
3.676321533203125000e+03
1.602896718750000000e+05
3.144243945312500000e+04
6.629903000000000000e+06
2.134260625000000000e+05
7.608624128000000000e+09
5.419164800000000000e+08
1.602896718750000000e+05
3.144243945312500000e+04
2.198008400000000000e+07
7.608624128000000000e+09
2.198008400000000000e+07
2.716920750000000000e+06
3.538918750000000000e+04
1.245396750000000000e+06
6.848838125000000000e+05
2.942981250000000000e+05
7.872271093750000000e+04
5.387631347656250000e+03
6.220365625000000000e+04
3.865683593750000000e+04
2.179779101562500000e+04
9.179170312500000000e+04
1.145081000000000000e+06
5.007548000000000000e+07
5.322087000000000000e+06
2.114505500000000000e+06
1.135807400000000000e+07
6.767752343750000000e+04
4.011281738281250000e+03
5.392724800000000000e+07
1.502598000000000000e+06
1.389682714843750000e+04
6.536847360000000000e+08
9.079971000000000000e+06
1.145081000000000000e+06
4.444432896000000000e+09
5.007548000000000000e+07
5.322087000000000000e+06
3.930192400000000000e+07
1.135807400000000000e+07
6.767752343750000000e+04
5.392724800000000000e+07
5.893737472000000000e+09
6.536847360000000000e+08
9.079971000000000000e+06
4.444432896000000000e+09
3.930192400000000000e+07
5.893737472000000000e+09
1.263077680000000000e+08
2.244260400000000000e+07
3.152721875000000000e+05
9.956614400000000000e+08
5.878107031250000000e+04
3.659936328125000000e+04
1.893720473600000000e+10
1.573828000000000000e+06
2.207038750000000000e+05
1.048422500000000000e+07
1.169109760000000000e+08
2.961188160000000000e+08
1.406770156250000000e+05
5.845017500000000000e+05
3.252376750000000000e+06
6.180585625000000000e+05
8.766634521484375000e+02
2.736771520000000000e+08
3.130586560000000000e+08
9.313812500000000000e+04
2.658005750000000000e+06
1.731174080000000000e+08
4.860475312500000000e+05
2.581216406250000000e+04
1.371740156250000000e+05
3.872099687500000000e+05
1.187652578125000000e+05
5.113929687500000000e+05
1.315035312500000000e+05
9.250960937500000000e+04
1.969701757812500000e+04
1.232207343750000000e+05
1.008616406250000000e+05
2.521232617187500000e+04
4.350556562500000000e+05
2.665303125000000000e+04
8.677890625000000000e+05
3.588931152343750000e+03
2.606462812500000000e+05
2.097294062500000000e+05
2.406666875000000000e+05
1.324401953125000000e+04
7.366304199218750000e+03
7.494475000000000000e+05
2.203195703125000000e+04
1.314678808593750000e+04
9.839764062500000000e+04
1.489637187500000000e+05
1.296723125000000000e+06
1.964566800000000000e+07
1.110708789062500000e+04
1.812534667968750000e+03
8.219224609375000000e+03
5.129471875000000000e+05
2.606910312500000000e+05
2.178228281250000000e+05
1.473496386718750000e+04
2.962669726562500000e+04
6.334583203125000000e+04
3.589377734375000000e+04
3.111397500000000000e+05
5.967341250000000000e+05
1.097493671875000000e+05
4.989889687500000000e+05
2.786240750000000000e+06
5.595176000000000000e+06
3.120679101562500000e+04
1.316774316406250000e+04
4.964660156250000000e+03
5.263388125000000000e+05
5.186390234375000000e+04
1.956871406250000000e+05
1.402174902343750000e+04
2.582602929687500000e+04
8.136828125000000000e+04
1.390351562500000000e+05
1.218052875000000000e+06
4.305303750000000000e+05
8.853934375000000000e+05
3.154958250000000000e+06
7.455757031250000000e+04
1.340912031250000000e+05
4.832590234375000000e+04
2.733105937500000000e+05
7.333126562500000000e+04
1.684196375000000000e+06
1.559344062500000000e+05
7.966489746093750000e+03
6.679054000000000000e+06
8.396195312500000000e+03
9.956614400000000000e+08
4.527357812500000000e+04
1.103310703125000000e+05
7.504285156250000000e+03
6.172816250000000000e+05
1.552137728000000000e+09
5.323877500000000000e+05
1.204578750000000000e+06
1.268393680000000000e+08
1.289371040000000000e+08
2.276256800000000000e+07
8.376919531250000000e+04
9.921392000000000000e+08
7.785744531250000000e+04
4.905254687500000000e+04
1.905786675200000000e+10
3.194039000000000000e+06
2.136223500000000000e+06
6.858734000000000000e+06
2.892222720000000000e+08
2.697779052734375000e+03
1.201685644531250000e+04
2.976714250000000000e+06
2.493706406250000000e+05
1.098101875000000000e+05
8.390768750000000000e+04
2.463100160000000000e+08
1.089912841796875000e+03
1.673638125000000000e+05
5.320221093750000000e+04
5.332520625000000000e+05
1.042955546875000000e+05
3.107582208000000000e+09
5.657183750000000000e+05
2.401075976562500000e+04
8.793019531250000000e+03
2.165521200000000000e+07
2.725741600000000000e+07
5.151925312500000000e+05
1.003327343750000000e+05
3.389813281250000000e+04
4.149761230468750000e+03
1.003327343750000000e+05
3.841369062500000000e+05
6.190998828125000000e+04
1.466350952148437500e+03
1.283957500000000000e+05
3.821623125000000000e+05
8.305642578125000000e+03
2.761694062500000000e+05
8.058921093750000000e+04
1.181793945312500000e+04
3.848273828125000000e+04
1.404985625000000000e+05
6.101505859375000000e+04
2.113353906250000000e+04
1.832622812500000000e+05
3.952582812500000000e+04
1.255145312500000000e+05
2.045426406250000000e+05
8.829117187500000000e+04
1.857033007812500000e+04
8.195268750000000000e+04
2.044565039062500000e+04
1.662184960937500000e+04
1.092734453125000000e+05
4.950252343750000000e+04
5.408861328125000000e+04
3.448980859375000000e+04
9.976453906250000000e+04
6.591459375000000000e+04
1.774212500000000000e+04
6.566914062500000000e+04
1.921360937500000000e+04
4.273585937500000000e+04
9.983107500000000000e+05
1.073190500000000000e+06
1.567933593750000000e+03
2.408924316406250000e+03
5.157111875000000000e+05
6.526468750000000000e+04
1.709464375000000000e+05
3.539236750000000000e+06
1.228152343750000000e+04
3.135526562500000000e+04
9.187883125000000000e+05
3.418676250000000000e+05
1.616260468750000000e+05
1.333548125000000000e+06
3.321392089843750000e+03
5.934077734375000000e+04
2.250798437500000000e+05
3.458057500000000000e+05
4.858385546875000000e+04
1.341586093750000000e+05
1.742916250000000000e+06
7.011227500000000000e+05
6.220157812500000000e+04
4.935444375000000000e+05
5.133847187500000000e+05
1.158110500000000000e+06
6.820254687500000000e+04
5.069160625000000000e+05
9.981269531250000000e+03
4.273585937500000000e+04
1.624962890625000000e+03
1.105094116210937500e+03
4.509534765625000000e+04
5.529558593750000000e+04
1.117373925781250000e+04
5.701770996093750000e+03
4.920388281250000000e+04
2.757215625000000000e+04
1.290915917968750000e+04
1.310173828125000000e+04
5.458608984375000000e+04
4.813219238281250000e+03
7.331362304687500000e+03
2.037990625000000000e+04
2.813237792968750000e+03
6.103332031250000000e+03
3.170619140625000000e+04
4.353767089843750000e+03
4.246245117187500000e+03
9.116535000000000000e+06
1.207380600000000000e+07
5.933910000000000000e+05
5.140554800000000000e+07
2.403742578125000000e+04
3.562578515625000000e+04
7.240434560000000000e+08
6.314351250000000000e+05
2.002973593750000000e+05
2.493360250000000000e+06
2.963915600000000000e+07
8.301669600000000000e+07
6.282560156250000000e+04
1.162751250000000000e+05
1.984663250000000000e+06
1.908128710937500000e+04
8.245323242187500000e+03
1.434852539062500000e+04
2.930923840000000000e+08
1.107071900000000000e+07
1.234804687500000000e+05
2.813178000000000000e+07
3.389493359375000000e+04
3.929808593750000000e+04
3.717355520000000000e+10
4.179537812500000000e+05
3.891219375000000000e+05
1.904557375000000000e+06
4.079782800000000000e+07
2.070903600000000000e+07
1.708894000000000000e+07
1.229691750000000000e+06
6.245047600000000000e+07
8.941256875000000000e+05
7.624187500000000000e+04
9.921846400000000000e+08
2.070903600000000000e+07
1.708894000000000000e+07
6.245047600000000000e+07
9.921846400000000000e+08
5.143978125000000000e+04
1.681669843750000000e+05
3.646764375000000000e+05
1.436150781250000000e+05
5.825306875000000000e+05
1.040945117187500000e+04
9.983107500000000000e+05
1.078950625000000000e+06
1.229652890625000000e+05
9.631565625000000000e+05
7.155445000000000000e+06
6.101505859375000000e+04
7.970025625000000000e+05
3.527810000000000000e+06
1.949935781250000000e+05
1.018261875000000000e+06
7.784819500000000000e+06
4.646330937500000000e+05
5.161091875000000000e+05
1.337163625000000000e+06
4.227083750000000000e+05
1.859476875000000000e+06
4.088929250000000000e+06
7.730650000000000000e+05
3.741220937500000000e+05
2.159700750000000000e+06
3.632945250000000000e+06
1.273522125000000000e+06
1.507522500000000000e+06
1.257619625000000000e+06
2.655130000000000000e+06
9.206073750000000000e+05
3.807343750000000000e+04
3.038789843750000000e+04
2.050561523437500000e+03
6.200873437500000000e+04
2.189468400000000000e+07
3.436314062500000000e+05
6.596836718750000000e+04
4.506409667968750000e+03
1.266832000000000000e+06
1.279099296875000000e+05
1.060534218750000000e+05
5.793700000000000000e+04
4.661875976562500000e+03
1.113381640625000000e+04
3.842233200000000000e+07
1.496420400000000000e+07
2.649026367187500000e+04
6.689959200000000000e+07
8.348625976562500000e+03
9.410716796875000000e+03
1.565188608000000000e+09
9.350088281250000000e+04
6.341528515625000000e+04
4.409070000000000000e+05
2.636720000000000000e+06
4.750890800000000000e+07
1.718398800000000000e+07
1.743667625000000000e+06
1.103506484375000000e+05
4.608115200000000000e+08
6.497452000000000000e+07
1.671998125000000000e+05
9.157256875000000000e+05
4.904894140625000000e+04
2.678612695312500000e+04
1.542743961600000000e+10
1.985263488000000000e+09
5.221956000000000000e+06
2.286083840000000000e+09
1.395819000000000000e+06
5.816103125000000000e+05
8.639721600000000000e+08
4.396883500000000000e+06
7.902550000000000000e+06
7.046782031250000000e+04
7.200489472000000000e+10
1.843106400000000000e+08
2.241485120000000000e+08
1.314073600000000000e+07
6.643344000000000000e+07
2.349815040000000000e+09
1.219866015625000000e+05
9.884515625000000000e+03
3.909874687500000000e+05
6.558883125000000000e+05
9.226345703125000000e+03
1.723443750000000000e+05
1.072825125000000000e+06
2.511474804687500000e+04
5.711746484375000000e+04
2.942981250000000000e+05
9.884515625000000000e+03
3.909874687500000000e+05
6.558883125000000000e+05
1.084875937500000000e+05
9.616234375000000000e+04
2.118041406250000000e+05
2.511474804687500000e+04
5.711746484375000000e+04
2.942981250000000000e+05
9.942582812500000000e+04
1.084875937500000000e+05
9.616234375000000000e+04
2.118041406250000000e+05
7.696370625000000000e+05
9.942582812500000000e+04
7.696370625000000000e+05
1.932121625000000000e+06
1.919685156250000000e+04
8.732047656250000000e+04
6.207588671875000000e+04
4.876735351562500000e+03
7.663182128906250000e+03
6.798431250000000000e+05
2.720197265625000000e+04
5.073208203125000000e+04
3.916651875000000000e+05
6.116852000000000000e+06
1.072686718750000000e+05
1.724318281250000000e+05
8.780129687500000000e+04
6.885316250000000000e+05
2.073978906250000000e+05
3.836170937500000000e+05
2.867366015625000000e+04
8.836117187500000000e+04
1.027386125000000000e+06
3.637487000000000000e+06
2.458432812500000000e+05
3.057538437500000000e+05
3.697242968750000000e+04
1.104945000000000000e+05
2.145102187500000000e+05
1.306528250000000000e+06
5.150019687500000000e+05
1.778801562500000000e+05
1.087990546875000000e+05
7.491573125000000000e+05
2.550923125000000000e+05
2.701030000000000000e+05
3.560191015625000000e+04
1.626853593750000000e+05
3.696428437500000000e+05
2.298275000000000000e+06
9.797160625000000000e+05
3.006583750000000000e+05
4.961295625000000000e+05
3.777953125000000000e+05
6.103926250000000000e+05
6.650991875000000000e+05
3.190904375000000000e+05
4.794246875000000000e+05
5.156182187500000000e+05
1.229954500000000000e+06
1.093747000000000000e+06
2.785401562500000000e+05
6.959916406250000000e+04
3.593511230468750000e+03
1.669495250000000000e+06
4.589199707031250000e+03
1.218944125000000000e+06
5.552794531250000000e+04
2.915303466796875000e+03
4.023467812500000000e+05
2.074026406250000000e+05
2.090244140625000000e+03
1.069720000000000000e+05
1.202544375000000000e+05
4.360912780761718750e+02
1.967682343750000000e+05
1.840090156250000000e+05
3.021467187500000000e+05
2.114505500000000000e+06
2.120119062500000000e+05
2.278472400000000000e+07
1.285895000000000000e+07
2.114505500000000000e+06
8.287020800000000000e+07
3.607111250000000000e+05
8.058507031250000000e+04
4.946624960000000000e+08
2.278472400000000000e+07
1.285895000000000000e+07
8.287020800000000000e+07
4.946624960000000000e+08
2.504383750000000000e+05
1.424041406250000000e+04
3.741870312500000000e+05
1.244792968750000000e+04
9.217813476562500000e+03
4.401969687500000000e+05
2.748740800000000000e+08
1.207380600000000000e+07
2.726592187500000000e+05
3.860631875000000000e+05
2.985767382812500000e+04
2.389554687500000000e+03
9.956614400000000000e+08
2.699828320312500000e+04
6.396785937500000000e+04
3.028219200000000000e+07
6.754795000000000000e+05
4.269031640625000000e+04
2.677913804800000000e+10
4.580411875000000000e+05
2.048766562500000000e+05
7.118518400000000000e+07
6.467275390625000000e+03
4.972637207031250000e+03
3.372820625000000000e+05
9.483468160000000000e+08
1.826982812500000000e+05
6.049145703125000000e+04
4.572240500000000000e+06
2.053780625000000000e+05
2.455423000000000000e+06
2.242242382812500000e+04
3.431578515625000000e+04
1.762079531250000000e+05
2.304538818359375000e+03
1.228945507812500000e+04
2.894425048828125000e+03
7.489556884765625000e+02
6.134243164062500000e+02
2.005895200000000000e+07
3.380580937500000000e+05
1.634234765625000000e+04
2.727947187500000000e+05
2.338452539062500000e+04
2.074206406250000000e+05
1.268430000000000000e+06
1.331264550781250000e+04
9.983107500000000000e+05
7.082551562500000000e+04
3.780658593750000000e+04
9.643688125000000000e+05
5.615188125000000000e+05
7.186784375000000000e+04
1.749395625000000000e+06
4.608870000000000000e+06
2.259722031250000000e+05
1.202442187500000000e+04
2.269698125000000000e+05
6.067519140625000000e+04
1.679820000000000000e+05
9.005928906250000000e+04
3.558328000000000000e+06
2.502576250000000000e+05
1.472916875000000000e+05
9.523113281250000000e+03
4.066228906250000000e+04
3.776534375000000000e+05
2.114505500000000000e+06
1.746960156250000000e+05
1.231710058593750000e+04
4.447958750000000000e+05
6.052714843750000000e+03
1.375521972656250000e+04
5.556395507812500000e+03
2.651969375000000000e+05
4.636442578125000000e+04
5.875650000000000000e+05
1.596125312500000000e+05
3.234257031250000000e+04
4.699222656250000000e+03
6.333010253906250000e+03
2.817106562500000000e+05
2.491245312500000000e+04
4.235954296875000000e+04
4.751471679687500000e+03
4.905400000000000000e+04
1.723740820312500000e+04
7.311341875000000000e+05
1.114258125000000000e+05
4.294875793457031250e+02
1.042407656250000000e+05
9.517855468750000000e+03
3.649386328125000000e+04
1.368955900000000000e+07
2.860683750000000000e+05
5.866276367187500000e+03
5.294619531250000000e+04
3.437311250000000000e+06
2.228187744140625000e+03
1.535600683593750000e+04
2.116159667968750000e+02
1.184502319335937500e+03
2.748740800000000000e+08
5.982053750000000000e+05
5.920894921875000000e+04
2.630945250000000000e+06
3.064143554687500000e+04
1.106966200000000000e+07
1.459387900000000000e+07
1.216398625000000000e+06
2.644984130859375000e+03
1.199421875000000000e+03
2.069537353515625000e+02
8.978016250000000000e+05
1.389682714843750000e+04
8.577685156250000000e+04
2.973367187500000000e+05
1.283372343750000000e+05
3.064143554687500000e+04
2.830781696000000000e+09
1.106966200000000000e+07
1.459387900000000000e+07
3.970948730468750000e+03
2.644984130859375000e+03
1.199421875000000000e+03
8.978016250000000000e+05
6.673985625000000000e+05
2.973367187500000000e+05
1.283372343750000000e+05
2.830781696000000000e+09
3.970948730468750000e+03
6.673985625000000000e+05
1.250532265625000000e+05
7.526010937500000000e+04
9.983107500000000000e+05
5.024067578125000000e+04
3.743915625000000000e+05
1.723443750000000000e+05
4.447958750000000000e+05
7.526010937500000000e+04
9.983107500000000000e+05
2.207541210937500000e+04
3.021594375000000000e+05
1.570889531250000000e+05
6.118071093750000000e+04
4.447958750000000000e+05
3.021594375000000000e+05
1.570889531250000000e+05
6.118071093750000000e+04
1.453620312500000000e+05
1.453620312500000000e+05
1.718115156250000000e+05
7.805695625000000000e+05
4.966318359375000000e+03
1.888381054687500000e+04
7.840501708984375000e+02
2.733426562500000000e+04
1.678689750000000000e+06
3.976649218750000000e+04
9.114349218750000000e+04
1.567536376953125000e+03
3.200675625000000000e+05
3.437097500000000000e+05
1.106966200000000000e+07
1.078818875000000000e+06
7.317033750000000000e+05
6.502418750000000000e+04
1.120348046875000000e+04
3.039993250000000000e+06
3.394391875000000000e+05
6.898315500000000000e+06
7.189236250000000000e+05
2.968747750000000000e+06
2.322190820312500000e+04
2.742659600000000000e+07
2.683672400000000000e+07
1.207380600000000000e+07
2.114505500000000000e+06
1.778094400000000000e+07
1.309051640625000000e+05
3.709296875000000000e+04
8.328267200000000000e+07
5.585402500000000000e+05
8.873925000000000000e+04
5.665105920000000000e+08
3.955536000000000000e+07
2.742659600000000000e+07
3.705550720000000000e+08
2.683672400000000000e+07
1.207380600000000000e+07
1.033615424000000000e+09
1.778094400000000000e+07
1.309051640625000000e+05
8.328267200000000000e+07
7.364411392000000000e+09
5.665105920000000000e+08
3.955536000000000000e+07
3.705550720000000000e+08
1.033615424000000000e+09
7.364411392000000000e+09
3.305547187500000000e+05
3.486715625000000000e+05
2.520208593750000000e+05
1.200816015625000000e+04
8.200835156250000000e+04
5.539110500000000000e+06
7.862844375000000000e+05
1.004978359375000000e+05
4.348796500000000000e+06
3.505804375000000000e+05
8.016713256835937500e+02
8.669086718750000000e+04
3.304597656250000000e+04
1.595151250000000000e+05
1.775662656250000000e+05
4.276998437500000000e+04
2.513480625000000000e+05
3.648947656250000000e+04
3.304597656250000000e+04
1.903110937500000000e+04
6.688554687500000000e+04
9.958362304687500000e+03
1.079264296875000000e+05
3.527960312500000000e+05
3.037955078125000000e+03
1.672050781250000000e+04
1.477913437500000000e+05
4.432169531250000000e+04
1.987791992187500000e+04
2.682582519531250000e+03
1.569904492187500000e+04
6.526468750000000000e+04
3.671618408203125000e+03
2.762745898437500000e+04
3.693200781250000000e+04
8.782433593750000000e+04
1.149872343750000000e+05
2.602144042968750000e+03
4.421732187500000000e+05
1.975169500000000000e+06
1.586548950195312500e+03
4.434112792968750000e+03
1.290006875000000000e+06
3.222556152343750000e+03
1.317384863281250000e+04
1.495602500000000000e+06
6.211038085937500000e+03
2.603268945312500000e+04
1.689725000000000000e+04
1.449340600000000000e+07
3.856062109375000000e+04
1.102827734375000000e+04
3.549671250000000000e+05
5.977738281250000000e+03
1.448398200000000000e+07
6.355890625000000000e+04
3.791189453125000000e+03
2.083858154296875000e+03
2.684305468750000000e+04
6.890628906250000000e+04
1.917553320312500000e+04
4.495705625000000000e+05
8.886122070312500000e+03
1.373533593750000000e+05
1.211309453125000000e+05
4.570426500000000000e+06
1.932855200000000000e+07
2.498961500000000000e+06
1.194147375000000000e+06
5.367746800000000000e+07
1.040313812500000000e+06
3.389813281250000000e+04
7.626898125000000000e+05
8.873925000000000000e+04
6.192404785156250000e+03
8.999804800000000000e+08
6.041627200000000000e+07
4.570426500000000000e+06
1.007336448000000000e+09
1.932855200000000000e+07
2.498961500000000000e+06
2.243666560000000000e+08
5.367746800000000000e+07
1.040313812500000000e+06
7.626898125000000000e+05
1.662298009600000000e+10
8.999804800000000000e+08
6.041627200000000000e+07
1.007336448000000000e+09
2.243666560000000000e+08
1.662298009600000000e+10
4.634910400000000000e+07
1.845815875000000000e+06
1.071650375000000000e+06
4.224616000000000000e+06
1.337100312500000000e+05
1.164929394531250000e+04
2.830299840000000000e+08
4.552446800000000000e+07
1.653742375000000000e+06
4.157029750000000000e+06
2.791910080000000000e+08
1.641273500000000000e+06
2.961188160000000000e+08
1.496420400000000000e+07
1.243412343750000000e+05
4.115441750000000000e+06
1.456317382812500000e+04
1.255841186523437500e+03
9.956614400000000000e+08
3.092391210937500000e+04
3.076597265625000000e+04
7.717493760000000000e+08
5.586452500000000000e+06
1.860934062500000000e+05
7.200489472000000000e+10
2.254325250000000000e+06
2.669207812500000000e+05
3.094491840000000000e+08
2.031650312500000000e+05
5.987450195312500000e+03
8.676582500000000000e+05
7.275434496000000000e+09
3.869253200000000000e+07
4.708701562500000000e+05
6.746481600000000000e+07
1.366988700000000000e+07
6.127169280000000000e+08
1.486032910156250000e+04
8.506840000000000000e+05
3.188298828125000000e+03
1.479627832031250000e+04
1.810089648437500000e+04
3.655029600000000000e+07
1.106966200000000000e+07
5.512314843750000000e+04
9.327605625000000000e+05
4.864676953125000000e+04
2.929132080078125000e+03
4.738314240000000000e+08
1.197697750000000000e+06
1.543541308593750000e+04
8.064934375000000000e+04
1.351010875000000000e+06
1.067705078125000000e+05
1.711033281250000000e+05
2.645317138671875000e+03
2.341786914062500000e+04
2.838797812500000000e+05
2.490480273437500000e+04
1.625536035156250000e+04
7.872235156250000000e+04
1.129906093750000000e+05
2.216712304687500000e+04
3.037694531250000000e+04
2.983656000000000000e+08
1.496420400000000000e+07
2.413422656250000000e+04
9.350038400000000000e+08
3.382030859375000000e+04
1.501066601562500000e+04
7.200489472000000000e+10
1.024130500000000000e+06
2.733650625000000000e+05
5.969004000000000000e+06
2.080890560000000000e+08
2.518944335937500000e+04
3.176006875000000000e+05
5.897743750000000000e+04
1.550222031250000000e+05
4.916473632812500000e+03
2.374512343750000000e+05
1.517752031250000000e+05
3.947742187500000000e+04
1.836657617187500000e+04
7.635435625000000000e+05
3.012309960937500000e+04
1.360080371093750000e+04
1.690236406250000000e+05
1.060328046875000000e+05
2.199090468750000000e+05
2.053715039062500000e+04
2.161243750000000000e+04
2.663409423828125000e+02
2.769113037109375000e+03
1.822602148437500000e+04
1.210424687500000000e+05
2.028198750000000000e+05
9.467114868164062500e+02
2.513480625000000000e+05
6.174033691406250000e+03
1.822602148437500000e+04
1.992633056640625000e+03
1.207222187500000000e+05
1.685987109375000000e+04
1.289791953125000000e+05
2.281618652343750000e+03
5.651803222656250000e+03
9.502779296875000000e+03
2.465609375000000000e+03
2.620668750000000000e+04
1.231900585937500000e+04
4.224616000000000000e+06
7.056789843750000000e+04
1.199231933593750000e+04
9.563289000000000000e+06
3.609097656250000000e+04
5.472714843750000000e+03
9.206073750000000000e+05
2.131415234375000000e+04
4.530308593750000000e+03
2.533284912109375000e+02
4.349933593750000000e+04
1.777425390625000000e+04
1.947267187500000000e+04
3.472970703125000000e+04
1.093134277343750000e+03
4.560617578125000000e+04
1.513752807617187500e+03
1.873365039062500000e+04
7.931054199218750000e+03
7.561144531250000000e+03
4.598081542968750000e+03
3.649329833984375000e+03
1.470836562500000000e+05
2.056700195312500000e+04
5.511834375000000000e+05
3.615336718750000000e+04
5.443107812500000000e+04
6.179154687500000000e+04
2.114505500000000000e+06
1.683028442382812500e+03
6.179154687500000000e+04
1.197658007812500000e+04
9.206073750000000000e+05
1.131610058593750000e+04
6.433056640625000000e+03
1.260968457031250000e+04
1.266626367187500000e+04
6.714457812500000000e+04
2.799182187500000000e+05
2.502795117187500000e+04
6.891483593750000000e+04
7.831069375000000000e+05
1.506327187500000000e+05
4.987842187500000000e+04
1.835113281250000000e+04
2.620315468750000000e+05
7.966708000000000000e+07
2.748740800000000000e+08
1.229453000000000000e+07
5.825206250000000000e+05
1.969267200000000000e+07
2.386369531250000000e+05
4.366821484375000000e+04
9.978362880000000000e+08
6.064817187500000000e+04
2.662107617187500000e+04
2.181824768000000000e+09
7.975907200000000000e+07
7.269915500000000000e+06
2.708318003200000000e+10
2.635334500000000000e+06
1.660205156250000000e+05
1.078873600000000000e+10
6.241625625000000000e+05
2.814437187500000000e+05
9.686563000000000000e+06
7.200489472000000000e+10
7.785916000000000000e+07
9.323261000000000000e+06
1.304248720000000000e+08
1.486524480000000000e+08
4.413127680000000000e+09
1.194624480000000000e+08
5.310925625000000000e+05
3.095217578125000000e+04
6.643935000000000000e+06
2.974605750000000000e+06
1.268465234375000000e+04
1.770635156250000000e+05
2.612911406250000000e+05
3.776534375000000000e+05
2.345079101562500000e+04
2.639423437500000000e+04
1.258856750000000000e+06
3.064523437500000000e+04
7.154369531250000000e+04
9.321020312500000000e+04
2.671630078125000000e+04
2.147340576171875000e+03
4.266337109375000000e+04
1.438140937500000000e+05
4.884634062500000000e+05
6.526468750000000000e+04
2.027937656250000000e+05
9.683294531250000000e+04
3.776534375000000000e+05
7.696841406250000000e+04
1.304706953125000000e+05
2.340701562500000000e+04
1.908068945312500000e+04
6.458219375000000000e+05
6.746705932617187500e+02
2.520840820312500000e+04
1.582325488281250000e+04
4.787911071777343750e+02
2.073978906250000000e+05
2.750211328125000000e+04
1.867532104492187500e+03
4.940687890625000000e+04
3.588494531250000000e+04
8.126916503906250000e+02
3.168658437500000000e+05
1.525625683593750000e+04
2.503781494140625000e+03
2.162321777343750000e+02
6.389901562500000000e+04
3.309275878906250000e+03
1.717428222656250000e+03
6.436985546875000000e+04
1.322520263671875000e+03
4.687777709960937500e+02
1.299177890625000000e+05
7.742225585937500000e+03
3.004859375000000000e+03
1.645570898437500000e+04
5.174662109375000000e+03
1.036674072265625000e+03
6.815774902343750000e+03
5.187389843750000000e+04
1.495383789062500000e+04
1.306254516601562500e+03
1.473538574218750000e+04
3.272014404296875000e+03
2.173733593750000000e+04
8.417134375000000000e+05
5.931647500000000000e+05
1.912326093750000000e+05
8.184396250000000000e+05
4.949528750000000000e+05
1.184479250000000000e+06
1.916371718750000000e+05
2.199803750000000000e+05
2.011600781250000000e+04
3.471642968750000000e+04
7.070633593750000000e+04
1.889201562500000000e+05
2.203048828125000000e+04
2.335641875000000000e+05
3.109629687500000000e+05
2.063291601562500000e+04
7.860440625000000000e+04
1.207308593750000000e+05
1.075654453125000000e+05
2.098614375000000000e+05
1.354909531250000000e+05
1.382801971435546875e+02
9.848087890625000000e+03
5.112805500000000000e+06
2.923256800000000000e+07
1.106966200000000000e+07
5.090033984375000000e+04
1.034849100000000000e+07
1.001032625000000000e+06
2.925078750000000000e+05
1.092599125000000000e+06
4.358998828125000000e+04
2.013642968750000000e+04
4.183805440000000000e+08
1.595464960000000000e+08
5.512640000000000000e+06
5.474193280000000000e+08
9.839062500000000000e+05
3.250558125000000000e+05
1.956266720000000000e+08
9.751091000000000000e+06
2.828048500000000000e+06
3.603772500000000000e+05
1.062933504000000000e+10
1.579652800000000000e+08
2.319701760000000000e+08
1.550558800000000000e+07
1.235231200000000000e+08
6.454979072000000000e+09
8.679430625000000000e+05
6.029208000000000000e+06
6.804290527343750000e+03
3.812243000000000000e+06
5.241551513671875000e+02
5.388811645507812500e+02
2.899904800000000000e+07
1.607789355468750000e+04
5.769400390625000000e+03
8.488187500000000000e+04
1.032327187500000000e+06
2.329064843750000000e+05
6.183015625000000000e+04
1.483413593750000000e+05
2.377285156250000000e+04
3.751052812500000000e+05
6.186407031250000000e+04
3.247284179687500000e+03
1.407118261718750000e+04
8.009459472656250000e+03
5.654377734375000000e+04
2.640508203125000000e+04
4.544125312500000000e+05
3.236089843750000000e+04
6.117755625000000000e+05
2.150091250000000000e+06
1.496420400000000000e+07
4.991122500000000000e+05
9.171826875000000000e+05
8.294276562500000000e+04
5.955851250000000000e+05
2.073978906250000000e+05
2.509660156250000000e+05
1.137060078125000000e+05
4.011870000000000000e+05
1.247073593750000000e+05
2.398833750000000000e+06
2.509217656250000000e+05
4.671434375000000000e+05
3.554030468750000000e+04
6.653783125000000000e+05
8.132150000000000000e+06
6.375252500000000000e+06
3.883786562500000000e+05
3.558093359375000000e+04
6.326524218750000000e+04
6.317748125000000000e+05
1.911879375000000000e+05
2.618019843750000000e+05
1.424748906250000000e+05
1.287313281250000000e+05
2.778129750000000000e+06
5.941634375000000000e+05
8.998476875000000000e+05
3.348415000000000000e+05
6.936632500000000000e+05
3.070578750000000000e+06
2.694171250000000000e+05
8.048324375000000000e+05
1.959707968750000000e+05
4.248061875000000000e+05
5.760169375000000000e+05
1.179489000000000000e+06
1.123620875000000000e+06
2.480789257812500000e+04
6.797793750000000000e+04
6.101505859375000000e+04
1.707954296875000000e+04
1.237707421875000000e+05
1.450889218750000000e+05
1.366312656250000000e+05
7.526010937500000000e+04
9.953151562500000000e+04
8.597792187500000000e+04
4.530420532226562500e+02
2.436650625000000000e+05
3.295389062500000000e+04
5.821598437500000000e+04
5.272854003906250000e+02
3.723910312500000000e+05
8.449208984375000000e+03
1.281408125000000000e+05
2.916484130859375000e+03
2.272945117187500000e+04
2.305631445312500000e+04
3.476400634765625000e+03
2.355726562500000000e+04
3.643195703125000000e+04
2.234247000000000000e+06
1.663265156250000000e+05
3.247080250000000000e+06
9.949470625000000000e+05
1.850258593750000000e+04
4.369670703125000000e+04
9.206073750000000000e+05
3.954526000000000000e+06
5.960874500000000000e+06
6.809987500000000000e+06
3.461473250000000000e+06
1.002191250000000000e+06
1.482041900000000000e+07
4.573070312500000000e+04
8.425195000000000000e+06
1.026468800000000000e+07
1.800822000000000000e+07
1.727370000000000000e+07
2.445950000000000000e+07
1.631037187500000000e+05
1.948778125000000000e+06
6.525143125000000000e+05
9.604909375000000000e+05
2.734425000000000000e+05
3.418310546875000000e+04
4.255406250000000000e+04
1.523791406250000000e+05
3.638644287109375000e+03
1.797591210937500000e+04
1.898881250000000000e+04
9.590287500000000000e+04
7.299460156250000000e+04
9.967610156250000000e+04
2.512128710937500000e+04
1.403367200000000000e+07
2.216532812500000000e+05
5.106398925781250000e+03
5.400552500000000000e+05
1.121530468750000000e+04
3.776534375000000000e+05
1.439912597656250000e+04
1.604569335937500000e+04
5.521395703125000000e+04
2.171363037109375000e+03
3.645207031250000000e+03
1.307254296875000000e+04
6.876063750000000000e+05
1.332678613281250000e+04
2.904281250000000000e+05
6.876063750000000000e+05
1.318976562500000000e+05
1.236020546875000000e+05
1.887773281250000000e+05
6.846146093750000000e+04
2.593111718750000000e+05
3.051885546875000000e+04
2.867807812500000000e+05
5.427545703125000000e+04
4.388018066406250000e+03
2.914221435546875000e+03
9.268653564453125000e+02
8.613803710937500000e+03
1.962622800000000000e+07
1.577803593750000000e+05
2.520208593750000000e+05
1.011011484375000000e+05
1.801395600000000000e+07
9.956614400000000000e+08
5.526066875000000000e+05
1.114258125000000000e+05
4.815022583007812500e+02
4.227035937500000000e+04
2.088508398437500000e+04
1.001932519531250000e+04
1.420324902343750000e+04
2.800861572265625000e+03
6.295264800000000000e+07
1.073090355200000000e+10
2.022668800000000000e+07
9.571703000000000000e+06
1.465771875000000000e+05
1.424148437500000000e+05
1.223902336000000000e+09
1.488069600000000000e+07
9.579548800000000000e+08
9.098455468750000000e+04
1.100534296875000000e+05
2.673855000000000000e+05
2.035849804687500000e+04
1.040329921875000000e+05
1.008756835937500000e+04
1.396560058593750000e+04
7.390329856000000000e+09
5.344179200000000000e+07
8.956383232000000000e+09
9.676074000000000000e+06
1.159937152000000000e+09
2.395384000000000000e+06
1.094847734375000000e+05
2.602027343750000000e+05
1.052091484375000000e+05
6.766114816000000000e+09
2.391583250000000000e+06
6.277658750000000000e+05
2.656603750000000000e+05
3.331740234375000000e+04
1.016731201171875000e+03
2.888020898437500000e+04
1.801395600000000000e+07
7.817134375000000000e+04
8.545446250000000000e+05
1.474902099609375000e+03
1.002036010742187500e+03
4.654906311035156250e+02
1.537415625000000000e+06
5.149897187500000000e+05
1.051345156250000000e+05
3.477012812500000000e+05
4.327766500000000000e+06
3.144504750000000000e+06
2.656603750000000000e+05
1.406920996093750000e+04
3.331749609375000000e+04
1.016725891113281250e+03
1.314356875000000000e+05
1.801416400000000000e+07
7.817164062500000000e+04
1.474919799804687500e+03
1.210701400000000000e+07
1.451924800000000000e+07
1.537411125000000000e+06
3.427287500000000000e+05
5.149931250000000000e+05
1.051354140625000000e+05
8.404860000000000000e+06
4.327721500000000000e+06
3.144507750000000000e+06
1.406920996093750000e+04
1.314356875000000000e+05
3.639342800000000000e+07
1.210701400000000000e+07
1.451924800000000000e+07
3.427287500000000000e+05
8.404860000000000000e+06
3.639342800000000000e+07
2.961160000000000000e+08
1.525428400000000000e+07
7.828452343750000000e+04
9.451884800000000000e+08
2.878473632812500000e+04
3.402860546875000000e+04
7.200489472000000000e+10
4.866286875000000000e+05
1.218248750000000000e+05
8.618065000000000000e+05
1.016293800000000000e+07
7.516713867187500000e+03
2.149744843750000000e+05
1.833486406250000000e+05
1.005985717773437500e+03
4.679327734375000000e+04
1.513391418457031250e+02
5.352176269531250000e+03
5.003421093750000000e+04
5.933553466796875000e+02
6.364954101562500000e+03
1.775904687500000000e+05
1.793101875000000000e+05
1.916030664062500000e+04
4.896201562500000000e+04
1.482164550781250000e+04
2.377145000000000000e+05
1.085807656250000000e+05
2.883372656250000000e+04
1.432785900000000000e+07
1.207392200000000000e+07
7.144633593750000000e+04
5.663872000000000000e+07
3.610650390625000000e+04
4.905820312500000000e+04
6.162823680000000000e+08
5.886681875000000000e+05
1.111193500000000000e+06
2.012874125000000000e+06
3.018352800000000000e+07
4.090994921875000000e+04
4.287799375000000000e+05
4.083908203125000000e+04
8.330307617187500000e+03
3.524475390625000000e+04
8.802333007812500000e+03
1.715826953125000000e+04
4.338701171875000000e+04
1.305273437500000000e+04
4.657076171875000000e+04
1.207838574218750000e+04
1.113001464843750000e+04
1.131789257812500000e+04
2.515566875000000000e+05
9.642347656250000000e+03
1.595593872070312500e+02
6.047682495117187500e+02
1.465312100000000000e+07
1.079270546875000000e+05
2.233340625000000000e+04
2.843954687500000000e+05
1.583208750000000000e+05
2.217947265625000000e+04
1.831181406250000000e+05
6.360708000000000000e+06
1.883854000000000000e+07
4.936909765625000000e+04
6.077745600000000000e+07
4.392135937500000000e+04
4.899864062500000000e+04
8.181016960000000000e+08
3.994632500000000000e+06
8.128947000000000000e+06
1.994290400000000000e+07
4.909347520000000000e+08
9.386680000000000000e+05
8.545430000000000000e+05
9.956652800000000000e+08
7.176784375000000000e+04
1.558840000000000000e+05
8.873975781250000000e+04
9.386680000000000000e+05
4.771334000000000000e+06
9.956652800000000000e+08
1.558840000000000000e+05
4.771334000000000000e+06
1.936673437500000000e+05
3.236102148437500000e+04
4.428459062500000000e+05
1.914165312500000000e+05
1.332076171875000000e+04
6.183587890625000000e+04
5.855437011718750000e+03
7.307846093750000000e+04
7.393637500000000000e+04
5.537839062500000000e+04
7.682900000000000000e+04
9.859104687500000000e+04
4.231751171875000000e+04
2.810716875000000000e+05
1.347489843750000000e+05
1.647945156250000000e+05
5.332254687500000000e+04
3.527407812500000000e+04
7.288316406250000000e+03
6.183587890625000000e+04
4.147408125000000000e+05
4.311913281250000000e+04
9.998791992187500000e+03
1.436734375000000000e+05
3.653045703125000000e+04
9.859104687500000000e+04
1.257615937500000000e+05
7.759378125000000000e+04
1.647945156250000000e+05
3.527407812500000000e+04
2.944508437500000000e+05
1.572977812500000000e+05
4.311913281250000000e+04
1.436734375000000000e+05
1.257615937500000000e+05
2.944508437500000000e+05
4.382495937500000000e+05
2.195084375000000000e+05
5.187320312500000000e+04
7.136359375000000000e+04
3.242279375000000000e+05
7.043154687500000000e+04
2.800068164062500000e+04
7.128979687500000000e+04
2.887856562500000000e+05
7.343988281250000000e+03
9.746518750000000000e+04
1.196032375000000000e+06
5.322031000000000000e+06
1.207392200000000000e+07
1.508765468750000000e+05
1.969901562500000000e+05
6.036623750000000000e+05
1.388435211181640625e+02
9.205986250000000000e+05
1.457167602539062500e+03
7.719220703125000000e+03
2.869653600000000000e+07
7.758767000000000000e+06
1.276243945312500000e+04
1.220326528000000000e+09
2.122801718750000000e+05
4.558000937500000000e+05
3.928139500000000000e+06
1.482038769531250000e+04
1.305351074218750000e+03
3.330530273437500000e+03
1.566251040000000000e+08
1.150335875000000000e+06
8.789052343750000000e+04
1.954943125000000000e+06
2.355602343750000000e+05
4.808334000000000000e+06
5.341121600000000000e+07
2.502461718750000000e+05
2.400537280000000000e+08
6.548179199218750000e+03
9.052713125000000000e+05
1.989430664062500000e+04
5.903121000000000000e+06
5.711008640000000000e+08
5.994618000000000000e+06
8.012128906250000000e+04
6.373846400000000000e+07
8.085563476562500000e+03
2.761722812500000000e+05
5.697221484375000000e+04
4.210780468750000000e+04
1.029241601562500000e+04
3.223026562500000000e+05
6.807485156250000000e+04
6.734564941406250000e+03
7.812684375000000000e+04
3.478722265625000000e+04
5.218655859375000000e+04
3.899024062500000000e+05
8.555754375000000000e+05
7.951642968750000000e+04
3.899024062500000000e+05
2.973515200000000000e+08
1.106974700000000000e+07
2.539796289062500000e+04
2.936680000000000000e+07
6.510982031250000000e+04
4.973245312500000000e+04
3.612893593600000000e+10
4.594074062500000000e+05
2.540265468750000000e+05
1.778703000000000000e+06
2.645363600000000000e+07
1.753304375000000000e+05
1.156924218750000000e+05
2.575008007812500000e+04
4.796541015625000000e+03
7.453873437500000000e+04
2.767229980468750000e+03
7.885682617187500000e+03
1.505426147460937500e+03
8.604466796875000000e+03
3.861899658203125000e+03
9.004642333984375000e+02
3.435275625000000000e+05
6.062591000000000000e+06
1.496414700000000000e+07
1.216404500000000000e+06
5.345528515625000000e+04
1.376436621093750000e+04
6.214060058593750000e+03
7.746584375000000000e+05
6.461350585937500000e+03
8.873975781250000000e+04
7.226106000000000000e+06
5.593265000000000000e+05
3.435275625000000000e+05
9.924099200000000000e+08
6.062591000000000000e+06
1.496414700000000000e+07
1.133728125000000000e+06
5.345528515625000000e+04
1.376436621093750000e+04
7.746584375000000000e+05
2.621320000000000000e+07
7.226106000000000000e+06
5.593265000000000000e+05
9.924099200000000000e+08
1.133728125000000000e+06
2.621320000000000000e+07
5.031625937500000000e+05
5.322031000000000000e+06
1.207392200000000000e+07
3.655432812500000000e+04
2.629490000000000000e+05
9.804415039062500000e+03
2.452268524169921875e+02
9.205986250000000000e+05
7.097396972656250000e+03
2.756592578125000000e+04
1.492014300000000000e+07
1.317945125000000000e+06
1.983693750000000000e+04
1.220326528000000000e+09
1.302280390625000000e+05
2.536269062500000000e+05
9.059924375000000000e+05
1.832716992187500000e+04
1.061175781250000000e+03
9.208542968750000000e+04
4.350467200000000000e+07
9.749338125000000000e+05
4.114467578125000000e+04
5.673209000000000000e+06
6.571875781250000000e+04
5.609698000000000000e+06
7.315153906250000000e+04
9.983097500000000000e+05
2.150085250000000000e+06
2.061285546875000000e+04
1.486889375000000000e+05
7.181550000000000000e+04
7.275141113281250000e+03
2.942989687500000000e+05
2.746245703125000000e+04
4.743400000000000000e+04
7.694110000000000000e+05
1.135815937500000000e+05
6.786166406250000000e+04
5.923771875000000000e+05
4.830207812500000000e+04
9.233429687500000000e+04
1.108593066406250000e+04
5.447043125000000000e+05
4.205956250000000000e+04
2.248042773437500000e+04
1.995655781250000000e+05
5.932295312500000000e+04
4.975080859375000000e+04
1.950698875000000000e+06
5.641112500000000000e+05
1.343189062500000000e+05
2.785332500000000000e+05
3.755510937500000000e+04
5.089437109375000000e+04
1.428198906250000000e+05
4.878354062500000000e+05
2.217446093750000000e+05
9.634417968750000000e+04
1.213399000000000000e+06
1.208619609375000000e+05
4.186204062500000000e+05
6.891004000000000000e+06
2.047629843750000000e+05
1.071007446289062500e+03
2.424726250000000000e+05
1.464744750000000000e+06
3.269590820312500000e+04
8.274878720000000000e+08
1.535773437500000000e+04
2.485774804687500000e+04
3.276823828125000000e+04
9.421819375000000000e+05
1.007084320000000000e+08
7.765393750000000000e+05
3.419001562500000000e+04
5.066314400000000000e+07
1.874749298095703125e+02
1.335430240000000000e+08
2.671525585937500000e+04
1.881160156250000000e+04
2.275257187500000000e+05
3.105990000000000000e+05
2.122048800000000000e+07
1.106974700000000000e+07
4.964128125000000000e+04
2.231887500000000000e+06
1.111507187500000000e+05
1.349214746093750000e+04
1.192174125000000000e+06
1.682217382812500000e+04
2.496848388671875000e+03
1.559011520000000000e+08
3.488865250000000000e+06
3.097190312500000000e+05
6.055590400000000000e+08
4.496906250000000000e+05
1.498210351562500000e+04
3.345424800000000000e+07
2.813999687500000000e+05
8.026646875000000000e+05
5.517384765625000000e+04
1.341054080000000000e+09
2.189222000000000000e+07
7.444304000000000000e+06
8.968011875000000000e+05
1.690922000000000000e+07
4.149766720000000000e+08
1.176837360000000000e+08
2.934534062500000000e+05
8.754588750000000000e+05
2.133937000000000000e+06
7.199535000000000000e+05
6.644700683593750000e+03
1.611367840000000000e+08
1.173853520000000000e+08
2.462703750000000000e+05
1.926085375000000000e+06
1.496181600000000000e+08
7.397023437500000000e+04
2.147789750000000000e+06
2.389036093750000000e+05
3.688719531250000000e+04
1.302687812500000000e+05
5.548691796875000000e+04
3.127817187500000000e+05
4.505826875000000000e+05
9.908298437500000000e+04
1.346730957031250000e+04
6.511330078125000000e+04
3.838907812500000000e+04
1.878698437500000000e+04
8.526466406250000000e+04
5.513092578125000000e+04
3.964183593750000000e+04
7.344852500000000000e+05
5.356614746093750000e+03
5.975027343750000000e+04
7.111160000000000000e+05
7.410771000000000000e+06
7.071421051025390625e+01
5.474803222656250000e+03
5.825484375000000000e+05
2.287705000000000000e+05
2.161260351562500000e+04
3.776501875000000000e+05
1.753304375000000000e+05
8.869781494140625000e+02
5.637378906250000000e+04
6.242187500000000000e+04
6.526418750000000000e+04
1.626914843750000000e+04
4.509407812500000000e+05
3.265033447265625000e+03
1.046138281250000000e+05
4.478701171875000000e+04
1.396818593750000000e+05
3.727083984375000000e+04
9.152246875000000000e+04
2.847068359375000000e+03
1.382820068359375000e+03
2.343634765625000000e+04
6.989596875000000000e+04
4.956739746093750000e+03
1.910032592773437500e+03
1.489583300781250000e+04
3.464061562500000000e+05
3.157452636718750000e+03
1.592195556640625000e+03
2.769322265625000000e+04
1.539189687500000000e+05
6.101476562500000000e+04
9.758944531250000000e+04
3.055378437500000000e+05
2.021632080078125000e+03
3.821844921875000000e+04
4.361901562500000000e+04
1.423536375000000000e+06
9.585678906250000000e+04
7.247878125000000000e+04
1.888428000000000000e+06
9.264996093750000000e+03
1.437762343750000000e+05
2.003705312500000000e+05
7.076973500000000000e+06
1.917913476562500000e+04
8.849111328125000000e+03
4.099050000000000000e+05
1.634501875000000000e+05
2.124582031250000000e+04
1.323717343750000000e+05
3.974605468750000000e+04
7.506726074218750000e+03
4.421006875000000000e+05
1.286581900000000000e+07
1.393828437500000000e+05
1.876400781250000000e+05
3.403926750000000000e+06
1.526883700000000000e+07
2.535551500000000000e+06
2.854041210937500000e+04
1.010837890625000000e+05
8.419738006591796875e+01
2.763324737548828125e+01
1.595047200000000000e+07
3.152840625000000000e+04
2.453462695312500000e+04
7.569548034667968750e+01
2.613166406250000000e+04
3.259629062500000000e+05
1.503605280000000000e+08
1.975241200000000000e+07
2.304306718750000000e+05
9.956652800000000000e+08
6.188796484375000000e+04
3.596134375000000000e+04
4.976628940800000000e+10
1.465974500000000000e+06
2.126619218750000000e+05
1.632651600000000000e+07
2.467873280000000000e+08
8.491973750000000000e+05
2.955978125000000000e+04
2.942989687500000000e+05
2.565396875000000000e+04
7.877158203125000000e+03
1.082000683593750000e+04
5.562084472656250000e+03
4.596310058593750000e+03
5.047579101562500000e+03
2.542907500000000000e+05
9.203791250000000000e+05
4.390365000000000000e+05
8.844134375000000000e+04
1.355087250000000000e+06
4.620763125000000000e+05
9.203791250000000000e+05
1.355087250000000000e+06
2.144054687500000000e+03
1.040938183593750000e+04
3.377751875000000000e+05
2.207335312500000000e+05
4.114870910644531250e+02
9.540339843750000000e+03
3.214327392578125000e+03
8.241024218750000000e+04
1.388826757812500000e+04
6.032162109375000000e+04
8.733634643554687500e+02
8.313957031250000000e+03
6.260261230468750000e+03
6.629423125000000000e+05
4.431839453125000000e+04
5.393942968750000000e+04
2.185578320312500000e+04
1.819019165039062500e+03
4.818232031250000000e+04
2.924111523437500000e+04
1.243508007812500000e+04
1.880885498046875000e+03
3.029726562500000000e+04
1.592755625000000000e+05
4.174323437500000000e+04
3.838901171875000000e+04
5.432656860351562500e+02
1.681253320312500000e+04
1.004061035156250000e+04
8.282017187500000000e+04
8.473036875000000000e+05
2.343857000000000000e+06
8.803366875000000000e+05
2.247446289062500000e+03
3.366501464843750000e+03
1.228208984375000000e+05
1.912815234375000000e+04
2.738303125000000000e+04
4.164116015625000000e+04
1.182287625000000000e+06
2.874948632812500000e+04
2.546883984375000000e+04
1.039570234375000000e+05
3.577255126953125000e+03
7.386545898437500000e+03
7.525982031250000000e+04
2.150085250000000000e+06
6.316395996093750000e+03
8.220432617187500000e+03
9.669950195312500000e+03
2.777796875000000000e+03
2.606465312500000000e+05
8.873975781250000000e+04
1.545356689453125000e+03
8.862702148437500000e+03
7.338246582031250000e+03
2.670937744140625000e+03
6.277048125000000000e+05
4.623647949218750000e+03
1.028880371093750000e+04
2.656830322265625000e+03
7.599210937500000000e+03
2.373842773437500000e+03
9.669950195312500000e+03
9.535583007812500000e+03
1.054605834960937500e+03
5.096723937988281250e+02
6.940373535156250000e+03
3.020428466796875000e+03
7.338246582031250000e+03
9.116530273437500000e+03
5.257536132812500000e+03
1.028880371093750000e+04
7.599210937500000000e+03
1.067744921875000000e+04
6.940697265625000000e+03
1.054605834960937500e+03
6.940373535156250000e+03
9.116530273437500000e+03
1.067744921875000000e+04
7.061023559570312500e+02
9.913622070312500000e+03
1.693715057373046875e+02
7.061023559570312500e+02
1.709255781250000000e+05
8.701253600000000000e+07
4.681565500000000000e+06
1.474036875000000000e+06
1.414365800000000000e+07
3.124200195312500000e+03
1.161762817382812500e+03
9.956652800000000000e+08
8.545430000000000000e+05
8.873975781250000000e+04
7.399548000000000000e+07
2.772336250000000000e+05
1.709255781250000000e+05
1.589658726400000000e+10
8.701253600000000000e+07
4.681565500000000000e+06
2.672660640000000000e+08
1.414365800000000000e+07
3.124200195312500000e+03
9.956652800000000000e+08
1.245086080000000000e+09
7.399548000000000000e+07
2.772336250000000000e+05
1.589658726400000000e+10
2.672660640000000000e+08
1.245086080000000000e+09
1.094631200000000000e+07
8.304804687500000000e+04
8.225132031250000000e+04
3.050589062500000000e+05
8.762797656250000000e+04
3.927907500000000000e+05
8.144079687500000000e+04
3.126183125000000000e+05
2.824418125000000000e+05
5.008539062500000000e+04
1.981453437500000000e+05
1.029993984375000000e+05
3.984548828125000000e+04
5.888276875000000000e+05
6.786790527343750000e+03
5.102077734375000000e+04
1.528389062500000000e+05
2.634957500000000000e+06
2.797607116699218750e+02
3.622842187500000000e+05
8.243759375000000000e+04
6.213955859375000000e+04
1.264563110351562500e+03
7.113629687500000000e+04
5.179200683593750000e+03
2.507433105468750000e+03
2.168879687500000000e+04
6.355471801757812500e+02
6.697215625000000000e+04
5.112737000000000000e+06
3.486266562500000000e+05
5.619277343750000000e+03
1.757843000000000000e+06
2.697811035156250000e+03
1.075141406250000000e+04
4.152802246093750000e+03
2.150833750000000000e+05
7.399303750000000000e+05
1.323686875000000000e+05
4.565823125000000000e+05
1.075141406250000000e+04
4.152802246093750000e+03
4.969090332031250000e+03
2.187000488281250000e+03
4.565823125000000000e+05
3.695406875000000000e+05
8.345859375000000000e+05
2.187000488281250000e+03
4.921978027343750000e+03
1.737157348632812500e+03
6.766316875000000000e+05
1.782448852539062500e+03
