2.263766015625000000e+04
3.727916992187500000e+03
1.138687402343750000e+04
3.169086523437500000e+04
5.500635253906250000e+03
9.483481600000000000e+07
1.583311250000000000e+05
8.063179500000000000e+06
9.483481600000000000e+07
3.226185546875000000e+04
1.349854492187500000e+04
6.830861816406250000e+02
3.659925781250000000e+04
4.753403125000000000e+04
8.260128021240234375e+01
1.532750976562500000e+03
1.892293359375000000e+04
9.578396093750000000e+04
1.009074316406250000e+04
6.973591796875000000e+03
1.703779296875000000e+02
2.121113867187500000e+04
1.404482055664062500e+03
3.515066650390625000e+03
3.163741406250000000e+04
4.110360839843750000e+03
3.420409179687500000e+03
2.528276000000000000e+07
1.385810937500000000e+05
2.651819335937500000e+04
4.889408500000000000e+06
1.128099800000000000e+07
1.567114218750000000e+05
6.477370703125000000e+04
2.950940000000000000e+05
4.392454687500000000e+04
3.850821562500000000e+05
3.776412000000000000e+06
5.747605468750000000e+03
3.850821562500000000e+05
4.404816562500000000e+05
9.864116210937500000e+03
7.937872070312500000e+03
9.914129687500000000e+04
1.550637817382812500e+03
3.070594482421875000e+02
1.202189941406250000e+04
5.039746704101562500e+02
4.952821484375000000e+04
2.253026580810546875e+01
8.769984436035156250e+01
1.031603937500000000e+06
9.334009000000000000e+06
7.937625781250000000e+04
1.055780750000000000e+06
5.343397460937500000e+03
1.289974316406250000e+04
1.987324672000000000e+09
1.130874218750000000e+04
2.580197460937500000e+04
1.306456640625000000e+04
8.559046093750000000e+04
5.611961000000000000e+06
3.380315625000000000e+04
1.590287656250000000e+05
9.451153000000000000e+06
6.857123437500000000e+04
3.401526953125000000e+04
2.313203515625000000e+04
6.869346560000000000e+08
8.619787000000000000e+06
6.066089453125000000e+04
1.991192800000000000e+07
9.259228750000000000e+05
2.264158984375000000e+04
6.493968384000000000e+10
3.460820000000000000e+06
1.656096718750000000e+05
9.905059375000000000e+05
2.451442800000000000e+07
1.203169531250000000e+04
1.270178222656250000e+04
1.228401757812500000e+04
1.856367656250000000e+05
3.071604492187500000e+04
5.645132446289062500e+02
1.482327758789062500e+03
1.783639687500000000e+05
1.395304100000000000e+07
2.184905273437500000e+04
5.149671875000000000e+04
4.100652343750000000e+03
4.699000000000000000e+04
3.688090400000000000e+07
1.192972460937500000e+04
1.043063562500000000e+06
6.697129882812500000e+03
7.682986875000000000e+05
4.357378125000000000e+04
4.233037185668945312e+01
4.368814941406250000e+03
9.910995117187500000e+03
7.225957519531250000e+03
6.776110229492187500e+02
9.558767700195312500e+01
1.229251464843750000e+04
1.160021484375000000e+03
5.101291000000000000e+06
1.719094531250000000e+04
2.076617250000000000e+06
1.561189355468750000e+04
7.775544000000000000e+06
5.734539453125000000e+04
5.891214375000000000e+05
2.185151360000000000e+08
3.745998828125000000e+04
2.650138750000000000e+05
3.001394500000000000e+06
4.721239843750000000e+04
5.421824609375000000e+04
5.902796875000000000e+04
1.483631250000000000e+04
9.418256250000000000e+04
1.127974414062500000e+04
9.485221099853515625e+01
5.035366516113281250e+02
5.374963281250000000e+04
8.334307098388671875e+01
3.729578369140625000e+03
3.201590576171875000e+03
7.260141440000000000e+08
2.362207187500000000e+05
6.379538281250000000e+04
4.929879687500000000e+05
9.737824375000000000e+05
1.026003051757812500e+03
3.364401152000000000e+09
3.770445500000000000e+06
1.344662011718750000e+04
3.419530078125000000e+04
8.450253000000000000e+06
1.732870898437500000e+04
3.131883593750000000e+04
1.116314160156250000e+04
8.633986718750000000e+04
8.845593750000000000e+04
5.204357421875000000e+03
2.897403710937500000e+04
3.763287500000000000e+04
3.004577343750000000e+04
1.114015875000000000e+06
9.334009000000000000e+06
6.311566406250000000e+04
1.004861035156250000e+04
1.273822187500000000e+05
8.040650000000000000e+04
2.829875585937500000e+04
1.132520312500000000e+04
1.321999062500000000e+05
4.573305078125000000e+04
8.268864257812500000e+03
3.753637890625000000e+04
4.095237890625000000e+04
2.375426757812500000e+04
2.897558750000000000e+05
7.720596093750000000e+04
1.906306250000000000e+05
2.147817578125000000e+04
1.264311621093750000e+04
5.054170703125000000e+04
1.304114941406250000e+04
7.808371875000000000e+04
1.029199316406250000e+04
1.587448046875000000e+04
1.004645859375000000e+05
2.653615820312500000e+04
1.797430078125000000e+04
2.047823828125000000e+04
3.381117968750000000e+04
7.698097167968750000e+03
3.404782421875000000e+04
7.899715332031250000e+03
4.782103515625000000e+04
1.840127539062500000e+04
1.155955937500000000e+05
1.383556000000000000e+07
2.211764257812500000e+04
1.336432128906250000e+04
1.463672943115234375e+02
4.756953906250000000e+04
1.710328800000000000e+07
2.809815429687500000e+03
6.732812500000000000e+05
1.023138793945312500e+03
6.992317187500000000e+04
1.213899687500000000e+05
3.678605468750000000e+04
6.805645000000000000e+05
5.324780625000000000e+05
1.793842187500000000e+04
8.253514062500000000e+04
5.003005468750000000e+04
6.197597265625000000e+04
4.559193359375000000e+03
5.818417500000000000e+06
1.827459960937500000e+04
1.444720000000000000e+05
4.983961328125000000e+04
5.792175000000000000e+04
7.926989062500000000e+04
8.279889500000000000e+06
2.959342968750000000e+04
7.850344238281250000e+03
6.685223125000000000e+05
1.437967968750000000e+05
3.870992578125000000e+04
3.628037500000000000e+04
7.577605625000000000e+05
7.888802500000000000e+05
1.135184609375000000e+05
4.220908125000000000e+05
4.577479200000000000e+07
3.122715429687500000e+04
8.214640625000000000e+03
7.365668750000000000e+04
1.481586900000000000e+07
3.264147656250000000e+04
5.133406640625000000e+04
5.977354375000000000e+05
4.140648828125000000e+04
8.390248437500000000e+04
8.281581875000000000e+05
3.751719726562500000e+03
1.306800048828125000e+03
2.592409531250000000e+05
7.438914550781250000e+03
4.579227734375000000e+04
1.506289500000000000e+06
1.722409765625000000e+04
1.449094218750000000e+05
5.299347656250000000e+04
6.885553710937500000e+03
9.125894000000000000e+06
1.586915156250000000e+05
7.397446093750000000e+04
1.340565625000000000e+05
2.382495422363281250e+02
1.347663769531250000e+04
1.164742300000000000e+07
2.494507226562500000e+04
2.145352294921875000e+03
3.714840312500000000e+05
3.745176562500000000e+05
6.272346875000000000e+04
4.519184640000000000e+08
6.083580322265625000e+02
2.065914062500000000e+03
1.777320434570312500e+03
4.955741406250000000e+04
6.435240936279296875e+01
2.388400793075561523e+00
4.696186718750000000e+04
9.147646903991699219e+00
6.597323730468750000e+03
8.016140136718750000e+03
1.033508789062500000e+04
3.263059082031250000e+03
9.735325000000000000e+04
1.859554875000000000e+06
4.241928437500000000e+05
1.982037875000000000e+06
1.978330080000000000e+08
5.943646500000000000e+06
1.097304218750000000e+05
7.285605600000000000e+07
1.764230000000000000e+07
1.890565937500000000e+05
4.063697305600000000e+10
1.978330080000000000e+08
5.943646500000000000e+06
7.285605600000000000e+07
4.063697305600000000e+10
2.037239680000000000e+08
1.393057000000000000e+07
3.734024750000000000e+06
3.922814062500000000e+04
2.072436800000000000e+07
1.988941600000000000e+07
9.667621250000000000e+05
1.071675875000000000e+06
7.224539062500000000e+04
2.847100781250000000e+04
7.200489472000000000e+10
6.070734028800000000e+10
1.564976500000000000e+06
1.096682496000000000e+09
1.370724062500000000e+05
4.464747656250000000e+04
3.798473728000000000e+09
4.535456500000000000e+06
1.094533750000000000e+06
9.822615625000000000e+04
7.200489472000000000e+10
6.043402000000000000e+07
1.654050100000000000e+07
2.201925500000000000e+06
7.911681500000000000e+06
1.090402304000000000e+09
1.183944034576416016e+01
1.327570781250000000e+05
4.210499218750000000e+04
7.393523559570312500e+02
1.221421500000000000e+06
1.628450195312500000e+04
4.685521484375000000e+04
1.522345500000000000e+06
1.799788671875000000e+04
3.529750488281250000e+03
1.160829921875000000e+05
9.370172656250000000e+04
3.010950000000000000e+06
4.670619921875000000e+04
2.072436800000000000e+07
1.590562500000000000e+04
1.943301500000000000e+06
5.122164062500000000e+04
6.804013281250000000e+04
3.082409920000000000e+08
1.130453671875000000e+05
1.880029687500000000e+05
8.141649375000000000e+05
4.786498437500000000e+05
9.616128125000000000e+05
9.651380000000000000e+05
2.053634000000000000e+06
3.531192500000000000e+06
2.736418164062500000e+04
1.221519062500000000e+05
1.491331787109375000e+02
2.327250390625000000e+04
2.199629211425781250e+01
9.372853906250000000e+04
8.077318000000000000e+06
1.187303828125000000e+05
1.216889381408691406e+01
1.960970703125000000e+04
1.558201093750000000e+05
1.518453521728515625e+02
2.152303466796875000e+03
8.081818000000000000e+06
5.889155197143554688e+01
6.121731567382812500e+01
1.559262343750000000e+05
2.150061035156250000e+03
6.118214035034179688e+01
2.691051953125000000e+04
2.472835937500000000e+04
3.201408398437500000e+04
1.593355781250000000e+05
2.974713867187500000e+04
2.076617250000000000e+06
6.002722778320312500e+02
3.974017968750000000e+04
4.863071875000000000e+04
1.336743408203125000e+03
5.481824500000000000e+06
7.620360839843750000e+03
8.924724731445312500e+02
1.166726806640625000e+03
3.729253125000000000e+04
3.377357666015625000e+03
2.717181640625000000e+04
1.400386718750000000e+04
7.780445800781250000e+03
1.685312656250000000e+05
7.014658593750000000e+04
4.456651953125000000e+04
3.966755468750000000e+04
5.744366210937500000e+03
9.919899218750000000e+04
2.143275000000000000e+04
2.968948745727539062e+01
9.545590000000000000e+05
1.186324596405029297e+00
1.145165348052978516e+01
5.802235600000000000e+07
9.180017500000000000e+05
4.463493760000000000e+08
2.776902148437500000e+04
8.496850625000000000e+05
5.028784765625000000e+04
4.646556875000000000e+05
5.517309440000000000e+09
5.089376000000000000e+06
5.303589453125000000e+04
7.625697500000000000e+06
1.237794311523437500e+03
5.115027343750000000e+04
2.334250946044921875e+02
6.550450390625000000e+04
8.123741250000000000e+05
4.699000000000000000e+04
4.656098632812500000e+03
1.074528671875000000e+05
8.833970625000000000e+05
1.735811914062500000e+04
7.056089843750000000e+04
1.775359687500000000e+05
1.128733203125000000e+05
1.482938281250000000e+05
5.349170625000000000e+05
3.770414843750000000e+04
4.982155859375000000e+04
1.608367309570312500e+03
1.480617812500000000e+05
3.426450781250000000e+04
2.055552929687500000e+04
1.179287597656250000e+04
5.729521484375000000e+04
8.527127075195312500e+02
1.101639843750000000e+04
3.357607269287109375e+01
3.655604736328125000e+03
5.872614257812500000e+03
1.159445266723632812e+02
5.823749023437500000e+03
1.523149902343750000e+03
1.014474182128906250e+03
4.896209687500000000e+05
8.215587890625000000e+03
2.988376953125000000e+04
3.174207617187500000e+04
6.600486718750000000e+04
1.880682500000000000e+05
9.063303125000000000e+04
2.374908007812500000e+04
3.188166875000000000e+05
3.766696875000000000e+05
2.418134179687500000e+04
1.148547187500000000e+05
4.089551562500000000e+04
7.281688281250000000e+04
1.166696640625000000e+05
3.501011474609375000e+03
4.276819152832031250e+02
1.050990112304687500e+03
9.946899218750000000e+04
8.625502343750000000e+04
6.890661718750000000e+04
1.993398375000000000e+06
8.044046783447265625e+01
8.934289550781250000e+02
2.786672851562500000e+03
1.690969604492187500e+03
4.213893750000000000e+05
1.511367812500000000e+05
1.788091562500000000e+05
5.302606811523437500e+02
4.742894363403320312e+01
6.837176513671875000e+02
4.349664375000000000e+05
3.073179626464843750e+02
2.064571562500000000e+05
1.293388500000000000e+06
1.256584921875000000e+05
1.555519531250000000e+05
1.666526562500000000e+05
2.225320625000000000e+05
8.964873437500000000e+04
7.314812500000000000e+04
2.489119726562500000e+04
1.527112125000000000e+06
6.136530468750000000e+04
4.840053125000000000e+04
0.000000000000000000e+00
1.727921875000000000e+05
2.072436800000000000e+07
0.000000000000000000e+00
0.000000000000000000e+00
4.863317578125000000e+04
0.000000000000000000e+00
0.000000000000000000e+00
5.749330625000000000e+05
0.000000000000000000e+00
0.000000000000000000e+00
3.527791406250000000e+04
8.522467651367187500e+02
1.859918500000000000e+06
1.254964523315429688e+02
5.646679199218750000e+03
3.942637812500000000e+05
1.010265527343750000e+04
5.546914062500000000e+04
1.198222812500000000e+05
2.643523254394531250e+02
2.231960742187500000e+04
2.553421000000000000e+06
1.203285468750000000e+05
2.961905312500000000e+05
4.579674804687500000e+03
2.006819726562500000e+04
5.226728515625000000e+02
1.580339531250000000e+05
8.269771484375000000e+03
3.942637812500000000e+05
1.821661718750000000e+04
1.131631738281250000e+04
2.966057617187500000e+03
9.014546875000000000e+04
4.816183203125000000e+04
2.553421000000000000e+06
4.608125000000000000e+04
6.423498046875000000e+03
2.006819726562500000e+04
1.580339531250000000e+05
1.161935312500000000e+05
4.073137500000000000e+04
1.131631738281250000e+04
9.014546875000000000e+04
4.608125000000000000e+04
1.161935312500000000e+05
8.359176757812500000e+03
6.783871875000000000e+05
8.859862060546875000e+02
2.157874218750000000e+04
3.374552612304687500e+02
7.116343750000000000e+04
2.330986718750000000e+04
2.004194946289062500e+03
7.151027343750000000e+04
1.306160058593750000e+04
1.551782128906250000e+04
5.522907000000000000e+06
2.155532031250000000e+05
2.664393200000000000e+07
8.457433593750000000e+03
1.021656625000000000e+06
2.244929882812500000e+04
5.193329687500000000e+04
1.163260416000000000e+09
1.654270875000000000e+06
2.037147070312500000e+04
9.039047500000000000e+05
4.650746875000000000e+04
2.073084960937500000e+04
4.361922851562500000e+03
4.820166015625000000e+03
8.279861718750000000e+04
1.071675875000000000e+06
7.276467187500000000e+04
1.621910312500000000e+05
4.837378906250000000e+03
4.999099609375000000e+04
1.669525375000000000e+06
1.346049121093750000e+04
7.254246875000000000e+04
2.702935351562500000e+04
3.719133593750000000e+04
5.791849000000000000e+06
1.133215100000000000e+07
9.693405273437500000e+03
1.030213625000000000e+06
1.495212695312500000e+04
1.060081738281250000e+04
1.173462400000000000e+09
2.268347851562500000e+04
3.007955273437500000e+04
9.020291015625000000e+03
1.507495410156250000e+04
1.284481500000000000e+06
2.852398800000000000e+07
1.449246600000000000e+07
1.002772500000000000e+05
2.430640500000000000e+06
2.225842250000000000e+06
8.104209472656250000e+03
2.435462250000000000e+06
8.969168945312500000e+03
5.153150390625000000e+04
2.739468032000000000e+09
8.815970400000000000e+07
6.343560937500000000e+04
1.927801984000000000e+09
1.226157343750000000e+05
3.936119375000000000e+05
1.040808000000000000e+08
1.915400000000000000e+04
2.756113125000000000e+05
3.636711718750000000e+04
7.200489472000000000e+10
3.523610500000000000e+06
1.922004625000000000e+06
6.673655000000000000e+05
6.568510625000000000e+05
2.773824800000000000e+07
4.878554687500000000e+04
3.651526953125000000e+04
8.310508125000000000e+05
1.849104062500000000e+05
1.011141562500000000e+06
5.579256640625000000e+04
1.237794311523437500e+03
3.017321484375000000e+04
9.283763170242309570e-01
1.025181640625000000e+04
8.076756000000000000e+06
9.080885156250000000e+04
6.567332031250000000e+03
8.078412500000000000e+04
3.387483119964599609e+00
1.530344482421875000e+03
1.756480750000000000e+06
7.054407812500000000e+04
2.680110546875000000e+04
1.239740295410156250e+02
9.752647094726562500e+02
3.080142402648925781e+01
9.628745000000000000e+05
1.398032617187500000e+04
6.510889500000000000e+06
2.118135375976562500e+02
2.133192901611328125e+02
5.515631484985351562e+01
2.015624023437500000e+04
2.149067382812500000e+03
1.235778125000000000e+06
9.204642333984375000e+02
1.528734436035156250e+02
5.389609375000000000e+02
1.099236750000000000e+06
9.777812500000000000e+02
3.588723449707031250e+02
1.293314056396484375e+02
2.357992382812500000e+04
5.676556396484375000e+02
7.306753540039062500e+02
5.347843359375000000e+04
3.941174926757812500e+02
8.130401367187500000e+03
1.777733520507812500e+03
1.419194335937500000e+04
2.553730859375000000e+04
1.180293046875000000e+05
5.357671508789062500e+02
8.171480468750000000e+03
1.070518457031250000e+04
1.747789428710937500e+03
2.531576171875000000e+03
2.553730859375000000e+04
6.667095947265625000e+02
6.694757080078125000e+02
1.070518457031250000e+04
2.531576171875000000e+03
6.694757080078125000e+02
4.886997600000000000e+07
1.254768652343750000e+04
3.292373046875000000e+04
1.771689648437500000e+04
7.962375000000000000e+05
1.157501406250000000e+05
1.500556100000000000e+07
1.341500468750000000e+05
5.906815429687500000e+03
4.739996250000000000e+05
1.545325195312500000e+04
3.218818945312500000e+04
6.461072753906250000e+03
1.198222812500000000e+05
3.886946750000000000e+06
1.615573900000000000e+07
7.962375000000000000e+05
2.141561600000000000e+07
1.157501406250000000e+05
1.500556100000000000e+07
2.522098437500000000e+05
5.906815429687500000e+03
4.739996250000000000e+05
3.218818945312500000e+04
5.743494500000000000e+06
3.886946750000000000e+06
1.615573900000000000e+07
2.141561600000000000e+07
2.522098437500000000e+05
5.743494500000000000e+06
1.837076049804687500e+03
2.071812255859375000e+03
7.191681640625000000e+03
6.390717163085937500e+02
1.654130859375000000e+04
8.310508125000000000e+05
2.531960500000000000e+06
3.969957421875000000e+04
9.256702148437500000e+03
1.993398375000000000e+06
1.666163867187500000e+04
1.313055156250000000e+05
2.502688800000000000e+07
2.151034843750000000e+05
7.729094375000000000e+05
1.101671625000000000e+06
3.315751171875000000e+04
7.213399218750000000e+04
6.636042785644531250e+01
1.153823593750000000e+05
3.832243750000000000e+05
3.550311500000000000e+06
1.506263906250000000e+05
5.138098750000000000e+05
6.948761250000000000e+05
1.051722187500000000e+05
1.071675875000000000e+06
1.890565937500000000e+05
1.198222812500000000e+05
9.048233593750000000e+04
1.713723125000000000e+05
2.955204375000000000e+05
1.373171020507812500e+03
1.019621312500000000e+06
9.674316875000000000e+05
1.153823593750000000e+05
1.643352100000000000e+07
3.832243750000000000e+05
3.550311500000000000e+06
3.800963250000000000e+06
5.138098750000000000e+05
6.948761250000000000e+05
1.071675875000000000e+06
4.780062187500000000e+05
4.586536250000000000e+05
9.048233593750000000e+04
3.873085500000000000e+06
1.713723125000000000e+05
2.955204375000000000e+05
7.169298000000000000e+06
1.019621312500000000e+06
9.674316875000000000e+05
1.643352100000000000e+07
3.800963250000000000e+06
2.699345500000000000e+06
4.780062187500000000e+05
4.586536250000000000e+05
3.873085500000000000e+06
7.169298000000000000e+06
2.699345500000000000e+06
1.623848125000000000e+05
3.291820703125000000e+04
6.712066875000000000e+05
8.463837500000000000e+05
2.193567968750000000e+04
3.118188125000000000e+05
2.393793437500000000e+05
9.983706250000000000e+04
1.694789453125000000e+04
1.671915500000000000e+06
4.922288671875000000e+04
3.555590312500000000e+05
1.996203906250000000e+05
6.634129687500000000e+04
1.551313750000000000e+05
2.711627000000000000e+06
7.253105468750000000e+04
6.151367187500000000e+03
1.784255468750000000e+05
3.105652500000000000e+05
7.338085937500000000e+04
6.817750781250000000e+04
8.259056875000000000e+05
6.160747500000000000e+05
1.067506484375000000e+05
4.635314687500000000e+05
9.662630468750000000e+04
8.542199218750000000e+04
5.901983398437500000e+03
3.041428320312500000e+04
1.384624531250000000e+05
2.395915069580078125e+02
4.883684765625000000e+04
9.581859741210937500e+02
7.127612500000000000e+04
4.405741406250000000e+04
9.661828125000000000e+03
1.015135546875000000e+04
1.350236750000000000e+06
6.282328125000000000e+03
7.430852539062500000e+03
1.306111250000000000e+05
8.002507031250000000e+04
6.419852000000000000e+06
5.040399040000000000e+08
1.500556100000000000e+07
4.369841796875000000e+04
2.399396000000000000e+07
3.937647500000000000e+06
4.463776953125000000e+04
4.813565440000000000e+08
5.330970000000000000e+05
5.723688671875000000e+04
2.198266368000000000e+09
2.008760000000000000e+08
3.056171250000000000e+05
7.200489472000000000e+10
3.710815000000000000e+06
6.568441875000000000e+05
3.979017920000000000e+08
1.431383000000000000e+06
1.375248500000000000e+06
1.466143625000000000e+06
7.200489472000000000e+10
1.053699000000000000e+07
3.650027500000000000e+05
7.263503200000000000e+07
2.318970500000000000e+06
6.979941600000000000e+07
6.447356250000000000e+04
3.022555419921875000e+03
6.481758750000000000e+05
1.706812500000000000e+04
1.235867480468750000e+04
1.263235800000000000e+07
7.260141440000000000e+08
1.500556100000000000e+07
4.882395507812500000e+03
4.361035461425781250e+02
7.679342400000000000e+07
4.737730500000000000e+06
4.637708007812500000e+03
2.072436800000000000e+07
3.084011914062500000e+04
1.858009179687500000e+04
1.244613769531250000e+04
7.200489472000000000e+10
6.276960000000000000e+08
1.054919687500000000e+05
7.200489472000000000e+10
7.907286250000000000e+05
2.023870625000000000e+05
1.560625097656250000e+04
1.933041601562500000e+04
5.058216476440429688e+01
3.388461312000000000e+09
1.234456625000000000e+06
2.951773437500000000e+05
6.345191875000000000e+05
8.500917000000000000e+06
4.020288437500000000e+05
6.088218994140625000e+02
7.200489472000000000e+10
1.725204480000000000e+08
1.215468625000000000e+06
2.189885600000000000e+07
4.975123500000000000e+06
1.614906616210937500e+03
1.112952026367187500e+03
2.943656400000000000e+07
5.370663321600000000e+10
2.568658593750000000e+05
7.238643066406250000e+03
1.381904691200000000e+10
1.228569765625000000e+05
1.199769200000000000e+08
2.861989453125000000e+04
2.094467656250000000e+05
5.485166549682617188e+01
1.037580500000000000e+07
4.388853906250000000e+04
5.715566796875000000e+04
7.151333125000000000e+05
5.565946044921875000e+02
1.056004150390625000e+03
2.199591875000000000e+05
9.923537109375000000e+03
6.133131500000000000e+06
7.885601562500000000e+04
3.055336523437500000e+04
3.333799062500000000e+05
7.260141440000000000e+08
9.282133000000000000e+06
4.466501953125000000e+04
1.990243600000000000e+07
1.978428437500000000e+05
1.531603027343750000e+04
6.112853606400000000e+10
2.201345750000000000e+06
1.482888750000000000e+05
3.177561250000000000e+05
4.130717200000000000e+07
4.870797500000000000e+06
2.078605600000000000e+08
1.400265600000000000e+07
1.164661171875000000e+05
2.748372400000000000e+07
3.937617500000000000e+06
3.024636718750000000e+04
2.072436800000000000e+07
3.479627750000000000e+06
8.300038281250000000e+04
3.687791616000000000e+09
1.420268160000000000e+08
4.056052750000000000e+06
7.200489472000000000e+10
1.731738560000000000e+08
1.281512200000000000e+07
8.461213440000000000e+08
2.553880800000000000e+07
3.487138750000000000e+06
1.948638800000000000e+07
7.200489472000000000e+10
3.921831680000000000e+09
1.382159040000000000e+08
7.200489472000000000e+10
7.979227520000000000e+08
7.200489472000000000e+10
3.988203840000000000e+08
1.000864531250000000e+05
1.694542500000000000e+05
1.256157375000000000e+06
7.889166015625000000e+03
8.137201562500000000e+04
2.978094000000000000e+07
5.055104500000000000e+06
3.776412000000000000e+06
1.219711328125000000e+05
2.082588800000000000e+07
6.299645019531250000e+03
2.753720312500000000e+04
6.355648046875000000e+04
2.978094000000000000e+07
5.055104500000000000e+06
4.453478912000000000e+09
2.082588800000000000e+07
2.753720312500000000e+04
6.355648046875000000e+04
6.516275625000000000e+05
4.453478912000000000e+09
6.516275625000000000e+05
5.833752500000000000e+06
1.148194700000000000e+07
1.026612578125000000e+05
1.015111562500000000e+06
5.570212890625000000e+04
4.618758984375000000e+04
1.184955520000000000e+09
1.292153359375000000e+05
2.350817656250000000e+05
6.684224218750000000e+04
8.583032500000000000e+05
4.380030468750000000e+04
3.160431823730468750e+02
5.585666406250000000e+04
2.280616210937500000e+03
4.886997600000000000e+07
1.464468400000000000e+07
1.097304218750000000e+05
1.605248375000000000e+06
3.284978750000000000e+05
1.214184609375000000e+05
2.843666944000000000e+09
4.886997600000000000e+07
1.464468400000000000e+07
1.605248375000000000e+06
2.843666944000000000e+09
8.466056875000000000e+05
6.267431250000000000e+04
6.751898437500000000e+03
2.761245937500000000e+05
8.962811000000000000e+06
1.500556100000000000e+07
8.563814062500000000e+04
1.019534812500000000e+06
1.795245703125000000e+04
4.250843359375000000e+04
2.440169984000000000e+09
4.301005078125000000e+04
3.640690000000000000e+05
2.200132421875000000e+04
4.850075781250000000e+04
3.496896875000000000e+04
2.271246289062500000e+04
2.027370898437500000e+04
4.405741406250000000e+04
1.013052734375000000e+05
4.047049865722656250e+02
4.836469238281250000e+03
1.537860107421875000e+01
3.448595703125000000e+03
5.764834472656250000e+03
2.639914550781250000e+02
4.374928222656250000e+03
4.350439453125000000e+02
6.635076293945312500e+02
8.788642187500000000e+04
3.672718505859375000e+03
7.717810058593750000e+02
3.483569140625000000e+04
5.806155625000000000e+05
8.760087890625000000e+03
4.790895703125000000e+04
3.787318750000000000e+06
5.563443750000000000e+04
1.188728046875000000e+05
3.787318750000000000e+06
5.088672485351562500e+02
6.054890060424804688e+01
1.032821875000000000e+05
4.905746154785156250e+02
6.052059765625000000e+04
5.280468500000000000e+06
2.545855781250000000e+05
2.430900390625000000e+04
1.149975125000000000e+06
1.866837109375000000e+04
1.084996582031250000e+04
4.059858593750000000e+04
3.659352294921875000e+03
7.072756875000000000e+05
7.260141440000000000e+08
1.551251200000000000e+07
4.392458984375000000e+04
2.082354400000000000e+07
1.927142656250000000e+05
5.393423437500000000e+04
7.200489472000000000e+10
2.099767750000000000e+06
6.492709375000000000e+05
5.645779375000000000e+05
3.421109600000000000e+07
7.375144531250000000e+04
8.390248437500000000e+04
9.091713867187500000e+03
5.262476953125000000e+04
2.572958203125000000e+04
8.213468125000000000e+05
1.280566210937500000e+04
2.750678320312500000e+04
4.090772656250000000e+04
5.570749218750000000e+04
9.193518554687500000e+03
5.285286718750000000e+04
3.840774658203125000e+03
1.110870234375000000e+05
2.478740966796875000e+03
1.967801562500000000e+04
4.792120312500000000e+04
3.135993359375000000e+04
1.118758105468750000e+04
4.196116015625000000e+04
1.020946777343750000e+04
3.750943359375000000e+04
3.218382812500000000e+05
3.402165625000000000e+04
2.352592800000000000e+07
6.969701760000000000e+08
9.707407000000000000e+06
1.266583125000000000e+05
5.806808400000000000e+07
2.737023500000000000e+06
9.145162500000000000e+04
1.768302800000000000e+07
3.493289750000000000e+06
2.333261875000000000e+05
7.200489472000000000e+10
1.290069680000000000e+08
2.345889600000000000e+07
1.168879206400000000e+10
7.164179840000000000e+08
9.599987000000000000e+06
3.423232960000000000e+08
5.752526800000000000e+07
2.707366250000000000e+06
1.654163700000000000e+07
7.200489472000000000e+10
7.200489472000000000e+10
1.274385680000000000e+08
1.137864908800000000e+10
3.405928320000000000e+08
7.200489472000000000e+10
4.003370000000000000e+05
1.268426562500000000e+04
2.199220468750000000e+05
1.017475402832031250e+03
8.151500160000000000e+08
1.500556100000000000e+07
6.965042968750000000e+04
3.230268400000000000e+07
2.290057968750000000e+05
4.680921093750000000e+04
7.200489472000000000e+10
8.087147500000000000e+05
2.032367343750000000e+05
6.425939062500000000e+04
1.641373750000000000e+06
2.446342000000000000e+07
7.260141440000000000e+08
1.498637000000000000e+07
3.051836328125000000e+04
2.859572800000000000e+07
4.907721500000000000e+06
2.094602343750000000e+04
2.072092800000000000e+07
6.416571250000000000e+05
5.761428125000000000e+04
7.200489472000000000e+10
8.992718720000000000e+08
8.471932000000000000e+07
7.200489472000000000e+10
1.904850880000000000e+08
6.960235500000000000e+06
4.528125952000000000e+09
5.801545500000000000e+06
2.612117250000000000e+06
9.793401000000000000e+06
7.200489472000000000e+10
7.200489472000000000e+10
9.470887680000000000e+08
1.687486976000000000e+10
1.222129408000000000e+09
7.200489472000000000e+10
4.043506774902343750e+02
6.270444921875000000e+04
7.184047698974609375e+01
1.035488750000000000e+05
8.522467651367187500e+02
1.897231597900390625e+02
5.124969140625000000e+04
1.528453369140625000e+02
1.304248046875000000e+04
4.455869140625000000e+02
3.592533264160156250e+02
8.972366406250000000e+04
3.738450012207031250e+02
1.424328125000000000e+06
3.566781311035156250e+02
7.235542968750000000e+04
8.076756000000000000e+06
9.893285937500000000e+04
4.410472656250000000e+03
9.498700781250000000e+04
4.746495971679687500e+02
1.371981835937500000e+04
2.806139500000000000e+06
1.288910312500000000e+05
2.719669433593750000e+03
2.609933349609375000e+03
2.656470458984375000e+03
4.509698486328125000e+02
5.098543000000000000e+06
6.110333593750000000e+04
8.236401000000000000e+06
9.501291503906250000e+02
1.981267578125000000e+03
5.316979370117187500e+02
2.397115000000000000e+05
1.365616113281250000e+04
2.823507750000000000e+06
1.854433203125000000e+04
3.276931396484375000e+03
2.544105712890625000e+03
4.869492000000000000e+06
3.428429199218750000e+03
1.205617553710937500e+03
1.848257812500000000e+03
2.195009062500000000e+05
1.727055078125000000e+04
3.207582519531250000e+03
4.017299840000000000e+08
1.500556100000000000e+07
9.334009000000000000e+06
4.698393554687500000e+03
4.685783040000000000e+08
6.968648000000000000e+07
3.228657226562500000e+04
1.071675875000000000e+06
2.046828125000000000e+04
4.288027343750000000e+03
7.200489472000000000e+10
3.576766464000000000e+10
9.112296875000000000e+05
2.531569664000000000e+09
2.152647968750000000e+05
5.964779296875000000e+04
8.273825280000000000e+09
4.904355625000000000e+05
6.995171093750000000e+04
4.247710156250000000e+04
7.200489472000000000e+10
3.623384800000000000e+07
1.090020600000000000e+07
6.867040625000000000e+05
8.654193000000000000e+06
4.099895360000000000e+08
2.599778000000000000e+06
3.776412000000000000e+06
4.709866796875000000e+04
2.599778000000000000e+06
7.607358593750000000e+04
1.531778417968750000e+04
5.240842773437500000e+03
1.766840039062500000e+04
8.173668212890625000e+02
6.568423125000000000e+05
5.440109000000000000e+06
1.465038300000000000e+07
1.810373992919921875e+02
8.394217968750000000e+04
4.083105859375000000e+04
1.285449687500000000e+05
5.182761328125000000e+04
2.056134500000000000e+06
5.723616333007812500e+02
1.726080468750000000e+05
9.666215625000000000e+04
7.527539062500000000e+04
9.386281250000000000e+04
2.562368125000000000e+05
6.131379882812500000e+03
7.782147000000000000e+06
4.798345000000000000e+05
5.576430000000000000e+06
2.855693945312500000e+04
2.728834375000000000e+04
1.192585312500000000e+05
2.344453750000000000e+06
1.480456542968750000e+04
9.481367968750000000e+04
1.842439086914062500e+03
6.599516250000000000e+05
2.002291875000000000e+05
9.453675781250000000e+04
4.265541500000000000e+06
3.695163437500000000e+05
2.234015312500000000e+05
9.376102000000000000e+06
2.872685625000000000e+05
9.507132500000000000e+05
4.614039453125000000e+04
7.934136718750000000e+04
8.408926875000000000e+05
2.631908750000000000e+06
3.941273437500000000e+05
6.412776562500000000e+04
8.085513125000000000e+05
1.002346093750000000e+05
3.677704687500000000e+05
1.530838000000000000e+07
1.243948515625000000e+05
3.307107812500000000e+04
1.898189843750000000e+05
1.013654843750000000e+05
3.941174926757812500e+02
8.310508125000000000e+05
1.009074316406250000e+04
1.133215100000000000e+07
5.583823852539062500e+02
5.280028750000000000e+05
6.928392968750000000e+04
1.285449687500000000e+05
1.173052612304687500e+03
7.116343750000000000e+04
2.331684570312500000e+03
7.707255625000000000e+05
7.598961718750000000e+04
1.092304375000000000e+06
7.851121093750000000e+04
4.333886230468750000e+03
2.475185546875000000e+03
2.247010781250000000e+05
2.014112625000000000e+06
2.219475156250000000e+05
2.107491250000000000e+05
1.583658496093750000e+04
3.133217812500000000e+05
6.283482812500000000e+04
1.378809531250000000e+05
4.069514843750000000e+04
3.356134765625000000e+03
5.550960625000000000e+05
9.784546250000000000e+05
2.448731562500000000e+05
2.800049218750000000e+04
2.448133750000000000e+05
7.233570312500000000e+03
1.737923593750000000e+05
2.554209375000000000e+05
1.305717734375000000e+05
4.579533750000000000e+05
2.451060742187500000e+04
3.765626250000000000e+05
2.281763281250000000e+04
6.365135546875000000e+04
1.856339000000000000e+06
5.525267840000000000e+08
1.645792500000000000e+07
1.972875781250000000e+05
4.361239500000000000e+06
3.465602250000000000e+06
1.506263906250000000e+05
2.073445200000000000e+07
3.776412000000000000e+06
1.196858046875000000e+05
3.739542732800000000e+10
9.810064800000000000e+07
1.856339000000000000e+06
7.200489472000000000e+10
5.525267840000000000e+08
1.645792500000000000e+07
4.837560320000000000e+08
4.361239500000000000e+06
3.465602250000000000e+06
2.073445200000000000e+07
7.200489472000000000e+10
3.739542732800000000e+10
9.810064800000000000e+07
7.200489472000000000e+10
4.837560320000000000e+08
7.200489472000000000e+10
2.816630937500000000e+05
7.032772949218750000e+03
8.284763793945312500e+02
7.091198730468750000e+03
5.044203125000000000e+04
6.816437988281250000e+03
2.110990966796875000e+03
3.106389404296875000e+03
5.943646500000000000e+06
1.133215100000000000e+07
4.921246875000000000e+04
1.071675875000000000e+06
7.068941406250000000e+04
4.367929296875000000e+04
1.223449472000000000e+09
1.033864531250000000e+05
1.778072343750000000e+05
5.822480859375000000e+04
2.161495468750000000e+05
5.444984320000000000e+08
1.355784300000000000e+07
3.211753906250000000e+04
8.951181600000000000e+07
3.532791875000000000e+05
5.665124218750000000e+04
7.200489472000000000e+10
1.151823375000000000e+06
5.650206875000000000e+05
1.011982812500000000e+06
3.403790000000000000e+07
5.579256640625000000e+04
1.446904250000000000e+06
8.148497558593750000e+03
4.003729062500000000e+05
1.763410937500000000e+04
8.076756000000000000e+06
8.028244628906250000e+03
1.610562500000000000e+04
4.321406640625000000e+04
2.916280000000000000e+05
1.196314257812500000e+04
1.756480750000000000e+06
7.918514160156250000e+03
2.561577929687500000e+04
2.291249023437500000e+04
1.146232750000000000e+06
2.164302734375000000e+04
1.016444433593750000e+04
1.094842285156250000e+03
1.479672031250000000e+05
2.151641210937500000e+04
3.580389500000000000e+06
2.430958398437500000e+04
6.993334472656250000e+03
9.070871582031250000e+02
4.052910937500000000e+04
1.315085058593750000e+04
2.317671630859375000e+03
6.043840625000000000e+04
6.638001708984375000e+02
1.546021093750000000e+04
3.016146484375000000e+03
9.418947656250000000e+04
6.222631835937500000e+02
1.800923828125000000e+03
2.600684570312500000e+03
9.604296250000000000e+05
9.786413125000000000e+05
1.526013437500000000e+05
7.223859500000000000e+06
2.324467031250000000e+05
9.698654687500000000e+04
7.370263200000000000e+07
8.601929375000000000e+05
8.670197500000000000e+05
6.406885500000000000e+06
6.976774400000000000e+07
9.304101562500000000e+03
1.432411250000000000e+06
4.258267200000000000e+08
6.469141406250000000e+04
1.367514687500000000e+05
2.059189687500000000e+05
3.853517812500000000e+05
1.062208300000000000e+07
2.426142968750000000e+04
3.603494062500000000e+05
5.733101074218750000e+03
5.799781250000000000e+04
1.285183900000000000e+07
7.777655468750000000e+04
2.827670750000000000e+06
7.934128906250000000e+04
2.360807750000000000e+06
6.586765625000000000e+04
1.874780312500000000e+05
3.320710156250000000e+04
8.384612274169921875e+01
7.879204687500000000e+04
7.080707397460937500e+02
3.357607269287109375e+01
3.848501171875000000e+04
1.256355056762695312e+02
1.055607223510742188e+02
8.612158203125000000e+01
2.164670104980468750e+02
1.190140332031250000e+04
4.405741406250000000e+04
6.727741875000000000e+05
5.280468500000000000e+06
2.906128417968750000e+03
3.662796093750000000e+04
3.559148828125000000e+04
6.197597265625000000e+04
8.577312500000000000e+03
2.144989500000000000e+06
6.422640136718750000e+03
4.491829296875000000e+04
2.580303320312500000e+04
4.221435937500000000e+04
2.626267187500000000e+05
7.751630000000000000e+06
1.537278417968750000e+04
4.633343750000000000e+03
1.303253125000000000e+05
2.167200625000000000e+05
1.336340332031250000e+04
1.406883398437500000e+04
2.990304375000000000e+05
1.141325250000000000e+06
5.627157031250000000e+04
1.666231093750000000e+05
5.917112500000000000e+04
1.037968945312500000e+04
7.686342773437500000e+03
7.652926757812500000e+03
2.691051953125000000e+04
1.237794311523437500e+03
3.531192500000000000e+06
7.903453826904296875e+01
5.028129687500000000e+05
3.937617500000000000e+06
3.292392187500000000e+04
9.783891406250000000e+04
1.078219062500000000e+05
2.722725097656250000e+03
4.768815312500000000e+05
8.475927000000000000e+06
1.526145937500000000e+05
2.795807187500000000e+05
6.252589843750000000e+04
2.453202968750000000e+05
7.154905761718750000e+03
4.392759500000000000e+06
1.385023593750000000e+05
4.003598500000000000e+06
1.858339218750000000e+05
1.334812187500000000e+05
4.302990625000000000e+04
9.297019375000000000e+05
3.289838125000000000e+05
8.736645000000000000e+06
3.587655625000000000e+05
8.097457031250000000e+04
2.279166093750000000e+05
4.355881500000000000e+06
5.623864375000000000e+05
2.246927187500000000e+05
1.289090937500000000e+05
9.537810000000000000e+05
3.408938437500000000e+05
5.497382500000000000e+05
2.099214062500000000e+04
1.168725292968750000e+04
2.976051513671875000e+03
2.676730712890625000e+03
1.155737656250000000e+05
8.390248437500000000e+04
2.200912890625000000e+04
7.153455468750000000e+04
2.122269335937500000e+04
4.405741406250000000e+04
5.303244500000000000e+06
4.279136047363281250e+02
1.627528593750000000e+05
8.466641601562500000e+03
1.104690039062500000e+04
3.037925000000000000e+05
2.610171875000000000e+05
2.098339111328125000e+03
9.922029687500000000e+04
1.848433007812500000e+04
4.597147460937500000e+03
2.007125732421875000e+03
5.321450625000000000e+05
8.209133789062500000e+03
5.092739746093750000e+03
8.537555664062500000e+03
8.482638549804687500e+02
4.035768066406250000e+03
4.787194824218750000e+02
8.967600708007812500e+02
4.317958007812500000e+03
1.562439208984375000e+03
2.727279968261718750e+02
5.818539428710937500e+02
3.601872000000000000e+07
8.863927343750000000e+04
9.183810937500000000e+04
1.561659125000000000e+06
5.149671875000000000e+04
1.614180053710937500e+03
5.015560546875000000e+04
4.353260742187500000e+03
1.369428700000000000e+07
9.831211250000000000e+05
1.049319765625000000e+05
3.772351074218750000e+01
2.072436800000000000e+07
3.212810312500000000e+05
7.041979687500000000e+04
3.218818945312500000e+04
5.073662500000000000e+04
5.369101333618164062e+01
2.873775616000000000e+09
1.789694400000000000e+08
2.946163085937500000e+03
6.513094000000000000e+06
9.444636840820312500e+02
3.509718322753906250e+02
1.235106400000000000e+08
3.116817500000000000e+05
2.030454956054687500e+03
4.217604980468750000e+02
1.912537907200000000e+10
7.638692187500000000e+04
2.431399023437500000e+04
1.852545654296875000e+03
3.625360156250000000e+04
9.597864062500000000e+04
2.304407000000000000e+06
2.383790000000000000e+05
1.577312700000000000e+07
1.341500468750000000e+05
2.326975000000000000e+04
3.214377750000000000e+06
8.694256250000000000e+04
5.557085546875000000e+04
7.373621093750000000e+03
1.233373593750000000e+05
2.773724000000000000e+07
1.066876880000000000e+08
2.304407000000000000e+06
3.121575200000000000e+07
2.383790000000000000e+05
1.577312700000000000e+07
7.019095000000000000e+05
2.326975000000000000e+04
3.214377750000000000e+06
5.557085546875000000e+04
3.860355200000000000e+07
2.773724000000000000e+07
1.066876880000000000e+08
3.121575200000000000e+07
7.019095000000000000e+05
3.860355200000000000e+07
2.301841308593750000e+03
9.690963867187500000e+03
3.940199951171875000e+03
1.520925100000000000e+07
9.334009000000000000e+06
4.376035156250000000e+04
6.341550000000000000e+05
2.868443945312500000e+04
1.516072851562500000e+04
1.361997760000000000e+08
6.189533750000000000e+05
1.433470156250000000e+05
3.079107031250000000e+04
1.345962000000000000e+06
1.097813574218750000e+04
3.924853759765625000e+03
1.505724853515625000e+03
3.895078125000000000e+04
3.049296289062500000e+04
1.908415500000000000e+06
4.877498535156250000e+03
9.519232031250000000e+04
1.332902246093750000e+04
1.201019824218750000e+04
8.212261718750000000e+04
2.198438437500000000e+05
6.421023437500000000e+03
3.205807812500000000e+04
1.020479800000000000e+07
1.500556100000000000e+07
6.292376171875000000e+04
1.222050750000000000e+06
9.910465820312500000e+03
7.197258593750000000e+04
5.856028160000000000e+08
2.664995625000000000e+05
5.639112500000000000e+05
5.441581640625000000e+04
7.657500000000000000e+06
2.423671093750000000e+04
1.225884843750000000e+05
3.383106562500000000e+05
5.853669375000000000e+05
5.468672640000000000e+08
6.956785000000000000e+05
1.957776562500000000e+05
5.977804375000000000e+05
3.776412000000000000e+06
3.769811279296875000e+03
6.987888128000000000e+09
5.468672640000000000e+08
6.956785000000000000e+05
5.977804375000000000e+05
6.987888128000000000e+09
6.100545500000000000e+06
4.419553125000000000e+04
7.558976875000000000e+05
3.241244921875000000e+04
1.237794311523437500e+03
6.727741875000000000e+05
1.341500468750000000e+05
6.129390335083007812e+01
4.873690234375000000e+04
4.191712890625000000e+04
1.751220092773437500e+03
7.998753125000000000e+04
1.992898437500000000e+04
7.179118750000000000e+04
1.974657812500000000e+04
2.323525156250000000e+05
2.636032031250000000e+04
4.894931640625000000e+04
1.000788476562500000e+04
1.642779687500000000e+04
1.262133750000000000e+05
4.627939062500000000e+04
4.182176000000000000e+07
3.478512890625000000e+04
1.166173900000000000e+07
3.697296000000000000e+07
3.540439000000000000e+06
7.410205468750000000e+04
1.315110468750000000e+05
5.450010546875000000e+04
3.385325781250000000e+04
5.784887890625000000e+04
1.405086700000000000e+07
1.976778125000000000e+05
3.304181640625000000e+04
3.496482177734375000e+03
1.070707421875000000e+04
1.890565937500000000e+05
6.919466308593750000e+03
1.943000390625000000e+04
1.526579101562500000e+04
2.424116992187500000e+04
9.225042968750000000e+03
1.353233437500000000e+05
1.177365820312500000e+04
7.335785156250000000e+04
4.063356640625000000e+04
1.405086700000000000e+07
3.650207275390625000e+03
4.735572265625000000e+03
8.195677734375000000e+03
1.362378417968750000e+03
7.256437011718750000e+03
3.724813720703125000e+03
1.526579101562500000e+04
1.166553710937500000e+04
2.372601806640625000e+03
1.353233437500000000e+05
7.335785156250000000e+04
4.012670898437500000e+03
1.009801574707031250e+03
8.195677734375000000e+03
7.256437011718750000e+03
1.166553710937500000e+04
4.012670898437500000e+03
2.545333750000000000e+05
2.578088800000000000e+08
2.391908480000000000e+08
1.133215100000000000e+07
2.251883984375000000e+04
9.769936800000000000e+07
1.443626900000000000e+07
2.327035156250000000e+04
2.072436800000000000e+07
1.986141406250000000e+05
5.792351562500000000e+04
7.200489472000000000e+10
1.454365568000000000e+09
6.645785500000000000e+06
7.200489472000000000e+10
2.664779750000000000e+06
5.884111875000000000e+05
7.708626432000000000e+09
7.420785500000000000e+06
5.897662500000000000e+05
6.125812500000000000e+05
7.200489472000000000e+10
2.966764032000000000e+09
1.498494100000000000e+07
4.712984400000000000e+07
1.233839600000000000e+08
4.820654489600000000e+10
7.260141440000000000e+08
3.880606640625000000e+04
5.050740234375000000e+04
1.099167750000000000e+06
2.951997265625000000e+04
4.405741406250000000e+04
3.326595947265625000e+03
9.457705078125000000e+03
4.845439758300781250e+02
8.176664843750000000e+04
5.817703628540039062e+01
3.311188659667968750e+02
1.783158000000000000e+06
2.374408111572265625e+02
6.339510498046875000e+02
2.085995605468750000e+03
2.134944500000000000e+06
1.961522483825683594e+01
4.526386328125000000e+04
1.742552978515625000e+03
1.506505432128906250e+02
4.081883593750000000e+04
5.254267089843750000e+03
1.546684722900390625e+02
1.130223388671875000e+03
5.691016000000000000e+06
1.161197387695312500e+03
2.643615234375000000e+04
1.083873906250000000e+05
5.307713671875000000e+04
3.473377441406250000e+03
1.321644531250000000e+03
3.768958593750000000e+04
6.080321777343750000e+03
1.803290429687500000e+04
6.661440429687500000e+03
3.967828613281250000e+03
3.684480250000000000e+06
1.915243774414062500e+03
5.486478906250000000e+04
5.589199218750000000e+04
1.309119140625000000e+05
1.019948242187500000e+04
3.049363281250000000e+04
7.720714355468750000e+03
7.860321093750000000e+04
1.660180664062500000e+04
1.296206375000000000e+06
6.900295312500000000e+04
2.053482812500000000e+05
1.872798632812500000e+04
3.065599218750000000e+04
2.904677812500000000e+05
9.516282031250000000e+04
1.520105078125000000e+04
8.770539062500000000e+04
8.147339843750000000e+03
2.637513476562500000e+04
5.856940429687500000e+03
7.260141440000000000e+08
3.921684375000000000e+04
3.233442968750000000e+04
2.576772500000000000e+05
3.857376480102539062e+01
3.236784179687500000e+04
4.578580500000000000e+06
5.414579687500000000e+04
1.073748730468750000e+04
6.338508750000000000e+05
1.890679375000000000e+05
2.802183984375000000e+04
1.561421100000000000e+07
2.257819335937500000e+04
4.666786718750000000e+04
3.861780937500000000e+05
4.870558593750000000e+04
2.651791601562500000e+04
6.885560546875000000e+03
2.701956054687500000e+04
1.545180000000000000e+05
5.280468500000000000e+06
1.033739453125000000e+04
2.049678320312500000e+04
1.140675781250000000e+05
3.215609619140625000e+03
2.949843125000000000e+05
5.191357500000000000e+05
5.790043750000000000e+04
1.401935312500000000e+05
2.054037187500000000e+05
9.216161132812500000e+03
8.310508125000000000e+05
1.881085375000000000e+06
5.384085546875000000e+04
2.082114062500000000e+05
2.470105937500000000e+05
3.176149375000000000e+05
8.147086718750000000e+04
1.455641210937500000e+04
1.732125750000000000e+06
2.123050781250000000e+04
4.828214062500000000e+05
9.943399375000000000e+05
3.721986250000000000e+05
3.302905859375000000e+04
4.991819921875000000e+04
2.217403200000000000e+07
6.797436718750000000e+04
2.737678710937500000e+04
4.081747265625000000e+04
1.158392250000000000e+06
4.267747500000000000e+05
4.134446875000000000e+05
2.610761718750000000e+05
2.877310156250000000e+04
4.261640234375000000e+04
1.797717968750000000e+04
1.041564000000000000e+07
1.355376750000000000e+06
9.388560625000000000e+05
5.832233125000000000e+05
2.309120156250000000e+05
4.109291406250000000e+04
6.538262695312500000e+03
1.706833625000000000e+06
4.725769687500000000e+05
1.110126269531250000e+04
3.502801562500000000e+04
1.563167300000000000e+07
1.585821406250000000e+05
2.572362656250000000e+05
1.092719000000000000e+06
3.222748000000000000e+07
7.258523437500000000e+04
1.882960742187500000e+04
7.798428906250000000e+04
5.283506000000000000e+06
2.360003906250000000e+04
1.147008203125000000e+05
6.011373437500000000e+04
7.175114257812500000e+03
1.538774375000000000e+05
6.011373437500000000e+04
4.320500390625000000e+04
4.100652343750000000e+03
6.452733203125000000e+04
1.499249511718750000e+04
5.700253906250000000e+04
7.607358593750000000e+04
5.449222167968750000e+03
2.416068750000000000e+04
4.230891406250000000e+04
1.494087988281250000e+04
6.084841796875000000e+03
5.409269042968750000e+03
5.690545410156250000e+03
5.708376953125000000e+03
5.050771972656250000e+03
2.030513061523437500e+03
2.691051953125000000e+04
2.869116992187500000e+04
6.054744375000000000e+05
1.296206375000000000e+06
2.475691210937500000e+04
3.099184687500000000e+05
3.143525937500000000e+05
9.135460937500000000e+04
9.465736328125000000e+03
6.058759500000000000e+06
5.163707031250000000e+04
5.697890000000000000e+05
6.608270625000000000e+05
5.544587109375000000e+04
9.466279687500000000e+04
1.983119200000000000e+07
6.796094531250000000e+04
1.539050488281250000e+04
2.019898875000000000e+06
1.925671093750000000e+05
8.653458593750000000e+04
1.618764062500000000e+05
8.966983000000000000e+06
1.021596187500000000e+06
1.507659375000000000e+05
1.126559750000000000e+06
3.656700250000000000e+06
3.089764453125000000e+04
6.375361875000000000e+05
4.849376953125000000e+03
1.434381933593750000e+04
1.613765014648437500e+03
6.016999609375000000e+04
9.095210937500000000e+04
3.966123828125000000e+04
1.017107968750000000e+05
8.522467651367187500e+02
9.083508593750000000e+04
7.794738769531250000e+01
4.479837500000000000e+04
5.275672000000000000e+06
7.536015625000000000e+04
1.113667236328125000e+03
4.264045625000000000e+05
1.850244800000000000e+07
8.396069335937500000e+02
1.197977187500000000e+05
4.198906000000000000e+06
2.513847265625000000e+04
4.922354687500000000e+04
1.759210000000000000e+07
1.093591406250000000e+05
4.511432031250000000e+04
8.873182500000000000e+05
8.512796875000000000e+03
1.728528281250000000e+05
1.258651800000000000e+07
6.545267578125000000e+04
1.500556100000000000e+07
6.210620703125000000e+04
1.394953222656250000e+04
4.681413500000000000e+06
1.708180468750000000e+04
1.698658789062500000e+04
1.665038208007812500e+03
7.008647656250000000e+04
9.917658750000000000e+05
6.214015360000000000e+08
5.039237812500000000e+05
5.636192500000000000e+05
1.496729199218750000e+04
5.632441875000000000e+05
4.420986718750000000e+04
6.688314453125000000e+03
4.809161875000000000e+05
4.506594238281250000e+03
5.869798000000000000e+06
1.588305156250000000e+05
3.948989750000000000e+06
8.268025781250000000e+04
9.774649414062500000e+03
5.733938750000000000e+05
1.735541076660156250e+02
4.150505500000000000e+06
5.379636250000000000e+05
1.243898875000000000e+06
2.338225390625000000e+04
1.988941600000000000e+07
2.072436800000000000e+07
9.694607500000000000e+05
1.071675875000000000e+06
2.851231054687500000e+04
7.228950000000000000e+04
1.241031375000000000e+06
3.750988750000000000e+05
1.532442031250000000e+05
8.178068359375000000e+03
4.029468800000000000e+07
4.157308480000000000e+08
6.147178750000000000e+05
6.881040000000000000e+07
2.644339687500000000e+05
1.918792968750000000e+05
3.798473728000000000e+09
1.098042500000000000e+06
4.553807000000000000e+06
9.841970312500000000e+04
3.352700400000000000e+07
4.341838000000000000e+07
2.340121093750000000e+05
7.792566500000000000e+06
2.590182656250000000e+05
1.920096406250000000e+05
3.392127488000000000e+09
2.158903750000000000e+06
5.954318000000000000e+06
2.305196000000000000e+06
7.949111500000000000e+06
2.255402496000000000e+09
1.877470500000000000e+06
1.699770625000000000e+06
1.354632375000000000e+06
4.675816800000000000e+07
3.796651600000000000e+07
2.156798095703125000e+02
1.452631759643554688e+01
2.457761573791503906e+01
8.489985156250000000e+04
2.222450256347656250e+00
7.804615020751953125e+01
5.146280670166015625e+01
1.025765657424926758e+00
3.188829296875000000e+04
1.341500468750000000e+05
8.650506835937500000e+03
2.009211200000000000e+07
2.706536328125000000e+04
1.326190156250000000e+05
1.787909062500000000e+05
5.711528800000000000e+07
9.125894000000000000e+06
1.029360546875000000e+05
6.991743000000000000e+06
2.163747460937500000e+04
7.349767968750000000e+04
2.973777664000000000e+09
3.716243750000000000e+05
1.600454218750000000e+05
4.385230468750000000e+04
3.165136875000000000e+05
5.596555786132812500e+02
4.212885546875000000e+04
6.652324676513671875e+01
8.955680664062500000e+03
2.591625937500000000e+05
1.198222812500000000e+05
3.134193725585937500e+02
5.264383984375000000e+04
1.430302250000000000e+06
7.269607543945312500e+02
1.885938671875000000e+04
2.591625937500000000e+05
1.791868164062500000e+03
3.354834960937500000e+03
1.430302250000000000e+06
1.885938671875000000e+04
3.354834960937500000e+03
9.830646875000000000e+04
1.478579687500000000e+04
4.621688750000000000e+05
1.341680375000000000e+06
4.632593359375000000e+04
5.360635625000000000e+05
5.756853500000000000e+06
6.197597265625000000e+04
8.577312500000000000e+03
2.144989500000000000e+06
7.560726074218750000e+03
4.286740000000000000e+05
4.248717500000000000e+06
2.405364257812500000e+04
1.381120468750000000e+05
3.809189750000000000e+06
6.796353906250000000e+04
2.717840234375000000e+04
3.026862250000000000e+06
2.167200625000000000e+05
3.624412890625000000e+04
1.426426718750000000e+05
3.264673500000000000e+06
8.653915625000000000e+05
1.698464531250000000e+05
7.258831875000000000e+05
3.763129296875000000e+04
1.046674140625000000e+05
4.979844687500000000e+05
4.660034375000000000e+05
1.593728125000000000e+05
4.979844687500000000e+05
1.192770781250000000e+05
2.079272851562500000e+04
4.063716406250000000e+04
6.537426757812500000e+03
9.606617968750000000e+04
5.861648828125000000e+04
2.825474414062500000e+04
4.368448242187500000e+03
1.366277100000000000e+07
4.543803515625000000e+04
5.809291406250000000e+04
1.981498750000000000e+05
1.109661500000000000e+07
1.296033935546875000e+02
2.495950012207031250e+02
3.524248962402343750e+02
3.093954687500000000e+05
9.094964000000000000e+06
1.348621093750000000e+05
1.272128671875000000e+05
6.211116500000000000e+06
5.769625625000000000e+05
9.094964000000000000e+06
6.211116500000000000e+06
8.290496250000000000e+05
8.768630859375000000e+03
7.264015625000000000e+04
4.913697500000000000e+06
2.187257031250000000e+04
1.196846640625000000e+05
2.810033000000000000e+06
2.097797070312500000e+04
4.913697500000000000e+06
2.810033000000000000e+06
1.730298400000000000e+07
8.479538281250000000e+04
7.088835937500000000e+04
1.301541700000000000e+07
9.582503125000000000e+05
4.083164062500000000e+04
5.364997656250000000e+04
6.693780468750000000e+04
8.755318359375000000e+03
2.195125000000000000e+04
3.004577343750000000e+04
5.280468500000000000e+06
2.602068359375000000e+03
2.584147656250000000e+04
1.068102343750000000e+04
4.051088867187500000e+03
2.468067187500000000e+04
2.177740312500000000e+05
3.260513916015625000e+03
1.106345410156250000e+04
1.217052812500000000e+05
1.993398375000000000e+06
4.580460000000000000e+05
6.765094238281250000e+03
1.286995125000000000e+06
4.997421875000000000e+04
1.397122265625000000e+04
1.056996250000000000e+05
4.160198500000000000e+06
9.334009000000000000e+06
5.800998046875000000e+04
1.223196875000000000e+06
4.469416796875000000e+04
2.638280859375000000e+04
3.718372800000000000e+08
2.197514062500000000e+05
1.786060156250000000e+05
2.919602500000000000e+05
3.754847000000000000e+06
2.256407226562500000e+04
4.936447500000000000e+05
1.895839080810546875e+02
7.510062988281250000e+03
9.133858398437500000e+03
7.457883593750000000e+04
4.405741406250000000e+04
7.534103906250000000e+04
3.501748250000000000e+06
3.317668359375000000e+04
5.780830566406250000e+03
5.634874609375000000e+04
4.411849121093750000e+03
7.242586425781250000e+03
2.700499062500000000e+05
1.501258398437500000e+04
9.950210156250000000e+04
1.318513906250000000e+05
8.981340820312500000e+03
9.620608593750000000e+04
6.245829375000000000e+05
3.697078369140625000e+03
3.158030761718750000e+03
2.578416601562500000e+04
4.256420703125000000e+04
5.269329101562500000e+03
2.281978710937500000e+04
2.782836562500000000e+05
1.407806250000000000e+05
1.452245214843750000e+04
1.129512890625000000e+05
3.162727929687500000e+04
9.094653320312500000e+03
1.300832910156250000e+04
1.234483154296875000e+03
3.803926000000000000e+06
1.763819531250000000e+04
8.717589375000000000e+05
5.452491760253906250e+01
5.566915234375000000e+04
7.242166500000000000e+06
4.226310546875000000e+04
2.443246582031250000e+03
7.557455625000000000e+05
3.449809687500000000e+05
2.036618945312500000e+04
3.304670104980468750e+02
1.444902648925781250e+02
1.476140308380126953e+01
3.915995788574218750e+02
7.112007324218750000e+03
4.736076500000000000e+06
2.700027812500000000e+05
1.364096718750000000e+05
5.240405468750000000e+04
2.070599600000000000e+07
6.074977111816406250e+01
1.027220410156250000e+04
4.845446777343750000e+03
2.070733593750000000e+05
9.769085156250000000e+04
4.730286720000000000e+08
3.834634375000000000e+05
9.283483276367187500e+02
7.727559814453125000e+02
2.097508250000000000e+06
4.293068000000000000e+06
9.765461718750000000e+04
8.577407031250000000e+04
1.575411250000000000e+05
1.344682519531250000e+04
2.199018359375000000e+04
1.096903457641601562e+02
4.702887109375000000e+04
3.909972839355468750e+02
8.540168762207031250e+01
6.396604000000000000e+06
9.473581875000000000e+05
7.315163000000000000e+06
2.843200937500000000e+05
6.397351837158203125e+01
2.232843250000000000e+06
1.594368750000000000e+06
3.497575625000000000e+05
1.041177312500000000e+06
1.821948906250000000e+05
1.198222812500000000e+05
3.301333000000000000e+06
1.998712812500000000e+05
2.910087187500000000e+05
1.076704199218750000e+04
9.973640000000000000e+07
2.476365440000000000e+08
6.396604000000000000e+06
7.115926400000000000e+07
9.473581875000000000e+05
7.315163000000000000e+06
2.330976074218750000e+03
1.845354101562500000e+04
2.768188720703125000e+03
3.307232960000000000e+08
2.232843250000000000e+06
1.594368750000000000e+06
1.041177312500000000e+06
2.814246000000000000e+07
5.895046400000000000e+07
3.301333000000000000e+06
2.692524750000000000e+06
1.998712812500000000e+05
2.910087187500000000e+05
3.050424832000000000e+09
9.973640000000000000e+07
2.476365440000000000e+08
7.115926400000000000e+07
6.633211250000000000e+05
2.330976074218750000e+03
1.845354101562500000e+04
3.307232960000000000e+08
4.969491840000000000e+08
2.814246000000000000e+07
5.895046400000000000e+07
2.692524750000000000e+06
3.050424832000000000e+09
6.633211250000000000e+05
4.969491840000000000e+08
2.339028930664062500e+02
1.157611718750000000e+05
2.174220500000000000e+06
3.095681250000000000e+04
1.816196562500000000e+05
3.692915283203125000e+03
5.449692500000000000e+05
2.053345781250000000e+05
5.431406080000000000e+08
3.235130615234375000e+02
1.342863750000000000e+05
3.629576416015625000e+02
2.458794800000000000e+07
2.055522766113281250e+02
2.839118408203125000e+03
5.430473600000000000e+08
3.236257019042968750e+02
3.630451049804687500e+02
2.839577636718750000e+03
3.192388250000000000e+06
3.366662109375000000e+03
2.155320500000000000e+06
6.750558471679687500e+01
6.147687988281250000e+02
2.063353125000000000e+05
7.024144531250000000e+04
6.010462646484375000e+02
3.162276077270507812e+01
8.119402343750000000e+04
2.560477905273437500e+02
7.260141440000000000e+08
1.500556100000000000e+07
9.205332000000000000e+06
9.986782031250000000e+04
2.072436800000000000e+07
1.991785200000000000e+07
4.882199218750000000e+04
1.052310750000000000e+06
3.449319531250000000e+04
1.775273828125000000e+04
7.200489472000000000e+10
6.145598259200000000e+10
4.518624687500000000e+05
2.499242752000000000e+09
1.018487343750000000e+05
1.064583593750000000e+05
3.816461824000000000e+09
3.454224609375000000e+04
3.211716992187500000e+04
2.308412304687500000e+04
7.200489472000000000e+10
2.167463281250000000e+05
2.373330625000000000e+05
5.683632031250000000e+04
9.223124218750000000e+04
1.544493750000000000e+05
4.484006000000000000e+06
3.982205078125000000e+04
2.072436800000000000e+07
1.377002441406250000e+04
1.019179875000000000e+06
6.739092187500000000e+04
8.436436523437500000e+03
9.495342080000000000e+08
5.624952343750000000e+04
9.462360351562500000e+03
2.940628125000000000e+04
1.990854062500000000e+05
2.700465500000000000e+06
7.260141440000000000e+08
1.500556100000000000e+07
1.341500468750000000e+05
2.954344000000000000e+06
1.081497031250000000e+05
2.127753515625000000e+04
2.072436800000000000e+07
3.776412000000000000e+06
1.198222812500000000e+05
1.540124262400000000e+10
1.233904700000000000e+07
2.700465500000000000e+06
7.200489472000000000e+10
7.260141440000000000e+08
1.500556100000000000e+07
9.844008800000000000e+07
2.954344000000000000e+06
1.081497031250000000e+05
2.072436800000000000e+07
7.200489472000000000e+10
1.540124262400000000e+10
1.233904700000000000e+07
7.200489472000000000e+10
9.844008800000000000e+07
7.200489472000000000e+10
7.759654500000000000e+06
1.500556100000000000e+07
4.502916796875000000e+04
9.839886875000000000e+05
1.401867285156250000e+04
5.807790234375000000e+04
1.322069632000000000e+09
1.527345625000000000e+05
6.975785625000000000e+05
4.894427343750000000e+04
1.147917375000000000e+06
2.627944531250000000e+04
5.575570312500000000e+04
3.260020937500000000e+05
9.543871093750000000e+03
6.323056640625000000e+03
2.586472656250000000e+05
7.434694335937500000e+03
4.502938281250000000e+04
1.164629750000000000e+06
3.327300781250000000e+04
6.714502343750000000e+04
1.944719062500000000e+05
7.883383789062500000e+02
1.640205937500000000e+05
2.713465270996093750e+02
1.500556100000000000e+07
3.024373474121093750e+02
3.958305468750000000e+04
3.610486145019531250e+02
4.223396562500000000e+05
2.225984039306640625e+02
2.100936279296875000e+03
5.840505371093750000e+03
6.692970312500000000e+04
4.628349304199218750e+02
4.044789375000000000e+05
1.326101562500000000e+05
5.450869750976562500e+02
7.825606445312500000e+03
2.638461425781250000e+03
5.833301250000000000e+05
8.164531250000000000e+03
2.099847656250000000e+05
4.876160430908203125e+01
4.137364196777343750e+02
1.433268652343750000e+04
6.997600000000000000e+04
2.071012268066406250e+02
1.263661914062500000e+04
1.762501586914062500e+03
8.145384375000000000e+04
6.219598632812500000e+03
6.262907226562500000e+03
9.958004375000000000e+05
8.661575317382812500e+02
4.452741699218750000e+03
7.747581542968750000e+03
3.829265625000000000e+03
2.559571406250000000e+05
1.007496582031250000e+03
3.581806884765625000e+03
4.333973632812500000e+03
2.629089111328125000e+03
1.120587500000000000e+04
3.568955078125000000e+04
1.508286987304687500e+03
2.955255737304687500e+02
1.097304218750000000e+05
4.386324157714843750e+02
2.994158363342285156e+01
6.063614062500000000e+04
5.587890625000000000e+05
2.770200937500000000e+05
6.023183203125000000e+04
1.661895385742187500e+03
8.313140000000000000e+05
9.114888281250000000e+04
6.962605285644531250e+01
1.466152832031250000e+03
5.779489375000000000e+05
4.707235156250000000e+04
6.441500244140625000e+02
4.503071484375000000e+04
3.701155468750000000e+04
1.786645507812500000e+04
6.806748000000000000e+06
1.930168437500000000e+05
1.251213281250000000e+04
3.663282812500000000e+05
5.604338400000000000e+07
1.774438400000000000e+07
5.505430625000000000e+05
1.253073750000000000e+05
3.039405000000000000e+06
1.694734843750000000e+05
7.300862500000000000e+05
3.820977343750000000e+04
1.227679687500000000e+05
3.389635742187500000e+03
5.813906944000000000e+09
1.557736320000000000e+08
5.591899200000000000e+07
9.323516800000000000e+07
1.677840000000000000e+07
5.208346562500000000e+05
2.261206800000000000e+07
2.898882000000000000e+06
1.436616406250000000e+05
3.775956250000000000e+04
7.200489472000000000e+10
5.690938880000000000e+09
1.391233760000000000e+08
9.089124800000000000e+07
2.143302800000000000e+07
7.200489472000000000e+10
7.260141440000000000e+08
1.500556100000000000e+07
6.990129500000000000e+06
4.375442187500000000e+04
2.072436800000000000e+07
4.222413000000000000e+06
1.915118437500000000e+05
8.805439375000000000e+05
5.727346875000000000e+04
1.234644628906250000e+04
7.200489472000000000e+10
7.200489472000000000e+10
2.076633125000000000e+06
1.216526848000000000e+09
6.585539375000000000e+05
1.320803125000000000e+05
9.386936960000000000e+08
5.931800000000000000e+05
3.334407031250000000e+04
4.434617968750000000e+04
7.200489472000000000e+10
3.392764400000000000e+07
2.949861200000000000e+07
9.998542500000000000e+05
3.418680500000000000e+06
3.777375360000000000e+08
1.364424687500000000e+05
3.004577343750000000e+04
1.481359125000000000e+06
1.859918500000000000e+06
2.237875390625000000e+04
1.359164843750000000e+05
1.517512031250000000e+05
9.603870312500000000e+04
1.332902246093750000e+04
1.605303625000000000e+06
2.564538281250000000e+04
5.745849375000000000e+05
3.238181875000000000e+05
4.207898437500000000e+04
2.127495625000000000e+05
9.875560000000000000e+06
3.908742578125000000e+04
9.216662109375000000e+03
6.062944375000000000e+05
2.709923437500000000e+05
3.236910546875000000e+04
6.105749218750000000e+04
5.149820000000000000e+06
1.136300000000000000e+06
1.036766328125000000e+05
4.882882812500000000e+05
3.269702929687500000e+04
4.998708593750000000e+04
8.611090000000000000e+05
1.071312109375000000e+04
1.527026171875000000e+04
2.746373750000000000e+05
9.254856445312500000e+03
1.073645781250000000e+05
1.417902625000000000e+06
6.131172265625000000e+04
1.944405468750000000e+05
1.026132200000000000e+07
1.002217109375000000e+05
1.843051757812500000e+04
1.298625546875000000e+05
2.111366000000000000e+07
1.655299900000000000e+07
4.164030456542968750e+02
2.241315250000000000e+06
1.927674560546875000e+02
8.629213867187500000e+02
2.396773632000000000e+09
3.811175231933593750e+02
2.459301513671875000e+03
1.795973510742187500e+02
3.254174804687500000e+03
1.665247265625000000e+04
4.405741406250000000e+04
5.280468500000000000e+06
8.477318725585937500e+02
1.134254921875000000e+05
8.577312500000000000e+03
7.735139648437500000e+03
1.128636406250000000e+05
2.626267187500000000e+05
2.828905273437500000e+03
3.636638671875000000e+04
8.717687680000000000e+08
1.484752500000000000e+07
6.790510156250000000e+04
4.776558800000000000e+07
1.966095312500000000e+05
4.882706640625000000e+04
7.200489472000000000e+10
6.131634375000000000e+05
2.072804375000000000e+05
6.698634375000000000e+04
1.476397500000000000e+06
1.344035700000000000e+07
3.388300781250000000e+04
6.145421484375000000e+04
6.158459472656250000e+03
2.947251562500000000e+04
7.386091250000000000e+05
5.362434765625000000e+04
1.487889375000000000e+05
1.054867400000000000e+07
5.943646500000000000e+06
1.133215100000000000e+07
1.329661914062500000e+04
4.668094062500000000e+05
5.048769000000000000e+06
2.244555078125000000e+04
1.071675875000000000e+06
4.074450390625000000e+04
4.291707812500000000e+04
5.999189120000000000e+08
6.201653760000000000e+08
2.372496400000000000e+07
1.223449472000000000e+09
6.488128750000000000e+05
2.661706750000000000e+06
3.425373200000000000e+07
5.805668125000000000e+05
1.078344750000000000e+06
2.693577500000000000e+05
4.520632960000000000e+08
2.518660800000000000e+08
2.143095200000000000e+08
1.004308640000000000e+08
2.148193200000000000e+07
5.937297920000000000e+08
2.129170507812500000e+04
2.416787841796875000e+03
5.742536000000000000e+06
1.523790405273437500e+03
3.720353906250000000e+04
5.733079589843750000e+03
1.289885375976562500e+03
5.967874609375000000e+04
2.827286376953125000e+03
4.468309570312500000e+03
1.541956909179687500e+03
5.404242500000000000e+06
5.345894400000000000e+08
9.334009000000000000e+06
1.341500468750000000e+05
8.005103000000000000e+06
1.195658375000000000e+06
1.094348906250000000e+05
9.290623200000000000e+07
2.375349200000000000e+07
1.890565937500000000e+05
1.917270400000000000e+09
1.170147712000000000e+09
5.404242500000000000e+06
6.120786739200000000e+10
5.345894400000000000e+08
9.334009000000000000e+06
2.943197760000000000e+08
8.005103000000000000e+06
1.195658375000000000e+06
9.290623200000000000e+07
7.200489472000000000e+10
1.917270400000000000e+09
1.170147712000000000e+09
6.120786739200000000e+10
2.943197760000000000e+08
7.200489472000000000e+10
5.965253500000000000e+06
2.253966718750000000e+05
1.488279531250000000e+05
5.965253500000000000e+06
8.133601250000000000e+05
1.878075750000000000e+06
1.726811500000000000e+06
2.211861200000000000e+07
3.479774658203125000e+03
1.991360937500000000e+05
1.766596435546875000e+03
5.811762890625000000e+04
2.198573632812500000e+04
1.083368301391601562e+02
1.566476562500000000e+04
2.838919677734375000e+02
5.943646500000000000e+06
1.164526700000000000e+07
1.251775585937500000e+04
1.019709750000000000e+06
3.573119921875000000e+04
4.669969531250000000e+04
1.220503424000000000e+09
1.584543945312500000e+04
4.341954687500000000e+04
3.547437109375000000e+04
2.417972851562500000e+04
5.696418125000000000e+05
6.014356000000000000e+06
1.175355078125000000e+05
2.072436800000000000e+07
1.049355371093750000e+04
3.445930750000000000e+06
3.295684375000000000e+04
7.529040625000000000e+05
3.848608960000000000e+08
3.983444250000000000e+06
2.460461718750000000e+05
3.229547200000000000e+07
2.188563281250000000e+04
3.941174926757812500e+02
6.100545500000000000e+06
2.578840446472167969e+01
3.070936718750000000e+04
1.967309062500000000e+05
3.132391406250000000e+04
5.345024218750000000e+04
1.198222812500000000e+05
4.903417587280273438e+01
1.053119335937500000e+04
9.715521875000000000e+04
2.576307421875000000e+04
1.043773515625000000e+05
6.467671508789062500e+02
3.490910949707031250e+02
5.610367584228515625e+01
9.081342968750000000e+04
1.680737304687500000e+04
1.967309062500000000e+05
8.728082275390625000e+02
1.790211181640625000e+02
1.717227325439453125e+02
1.817945898437500000e+04
1.154496875000000000e+04
9.715521875000000000e+04
1.391940795898437500e+03
3.345113220214843750e+02
3.490910949707031250e+02
9.081342968750000000e+04
9.061471557617187500e+02
7.271641845703125000e+02
1.790211181640625000e+02
1.817945898437500000e+04
1.391940795898437500e+03
9.061471557617187500e+02
1.995003750000000000e+06
5.604338400000000000e+07
1.157501406250000000e+05
2.670852929687500000e+04
9.972340000000000000e+06
1.094734277343750000e+04
7.261878417968750000e+03
2.016570625000000000e+05
2.636504882812500000e+04
6.134287109375000000e+02
3.271880908800000000e+10
2.351722400000000000e+07
1.211617125000000000e+06
7.012662400000000000e+07
1.038905812500000000e+06
4.881035644531250000e+03
1.005245200000000000e+07
1.644068250000000000e+06
4.896331054687500000e+03
1.466756445312500000e+04
4.083167641600000000e+10
1.500254336000000000e+09
4.644667500000000000e+06
1.860010750000000000e+06
1.451067750000000000e+06
2.516227584000000000e+09
9.108369375000000000e+05
4.534868359375000000e+04
2.680707812500000000e+05
7.960428906250000000e+04
1.080357968750000000e+05
1.162520996093750000e+03
5.654735000000000000e+05
1.994476367187500000e+04
2.911025312500000000e+05
5.654735000000000000e+05
6.433673125000000000e+05
1.039065781250000000e+05
2.920625000000000000e+04
8.522467651367187500e+02
3.521947250000000000e+06
8.309108886718750000e+02
2.340697343750000000e+05
1.043239562500000000e+06
4.323789453125000000e+04
8.261846093750000000e+04
1.198222812500000000e+05
1.370959350585937500e+03
8.652558593750000000e+04
6.305053750000000000e+05
3.359265234375000000e+04
2.857510000000000000e+05
2.155930468750000000e+04
7.635647656250000000e+04
1.141288696289062500e+03
1.201924500000000000e+06
1.370433906250000000e+05
1.043239562500000000e+06
5.153685546875000000e+04
5.806477343750000000e+04
6.728734863281250000e+03
2.199996718750000000e+05
8.672310937500000000e+04
6.305053750000000000e+05
7.330336718750000000e+04
2.433373242187500000e+04
7.635647656250000000e+04
1.201924500000000000e+06
1.256335781250000000e+05
5.822414062500000000e+04
5.806477343750000000e+04
2.199996718750000000e+05
7.330336718750000000e+04
1.256335781250000000e+05
5.814429500000000000e+06
6.373908500000000000e+06
1.054408671875000000e+05
4.859833500000000000e+06
1.098850500000000000e+07
3.235139453125000000e+04
7.477054687500000000e+04
9.883721875000000000e+04
6.573581250000000000e+04
6.727741875000000000e+05
9.142921875000000000e+04
2.052136093750000000e+05
2.610005664062500000e+04
9.096215820312500000e+02
1.061032968750000000e+05
1.258277816772460938e+02
3.360236328125000000e+04
3.550311500000000000e+06
5.725992968750000000e+04
5.680527954101562500e+02
3.196362187500000000e+05
1.204997200000000000e+07
2.250097045898437500e+02
5.149402832031250000e+03
1.164496500000000000e+06
9.935358276367187500e+02
4.827422363281250000e+03
2.495037000000000000e+06
1.059199340820312500e+03
1.474732543945312500e+03
5.127777343750000000e+03
1.609628300000000000e+07
8.069896320000000000e+08
6.892906494140625000e+02
6.342641796875000000e+04
2.275562400000000000e+07
8.221669921875000000e+02
1.553740468750000000e+05
1.203859375000000000e+03
9.457720625000000000e+05
1.404746246337890625e+02
7.200489472000000000e+10
1.028326074218750000e+04
6.925791250000000000e+05
6.412112304687500000e+03
3.300026250000000000e+06
2.252064819335937500e+02
7.158401367187500000e+03
7.755054375000000000e+05
2.593648986816406250e+02
4.951516113281250000e+02
2.971709062500000000e+05
2.272865600000000000e+08
3.029507080078125000e+03
2.899791015625000000e+03
2.195641601562500000e+03
1.027320625000000000e+05
6.166815234375000000e+04
1.727249500000000000e+06
9.532826250000000000e+05
2.069213600000000000e+07
1.258628662109375000e+03
1.499021406250000000e+05
7.065840625000000000e+04
6.129839062500000000e+04
6.659227200000000000e+07
4.528338000000000000e+06
7.613103515625000000e+03
8.733141250000000000e+05
2.180388085937500000e+04
1.022577687500000000e+06
1.890565937500000000e+05
6.169262109375000000e+04
3.776700683593750000e+03
1.229420703125000000e+05
7.765646250000000000e+05
2.180388085937500000e+04
1.022577687500000000e+06
6.169262109375000000e+04
7.765646250000000000e+05
4.805897216796875000e+02
1.060691601562500000e+04
1.194440625000000000e+05
3.173824062500000000e+05
1.522457031250000000e+04
8.559586914062500000e+03
3.735646093750000000e+04
2.748761328125000000e+04
9.258728790283203125e+01
4.224553710937500000e+03
1.840402000000000000e+06
5.090602343750000000e+04
3.219708862304687500e+02
1.241406982421875000e+03
2.291908593750000000e+05
2.397681152343750000e+03
3.446343750000000000e+05
2.247778281250000000e+05
1.254144042968750000e+04
3.446343750000000000e+05
1.129950390625000000e+05
1.371268750000000000e+04
3.711162109375000000e+04
4.508873291015625000e+02
1.299973600000000000e+07
1.897693000000000000e+06
5.472307500000000000e+06
5.680034375000000000e+04
4.327688000000000000e+06
2.072436800000000000e+07
1.383514531250000000e+05
9.999667500000000000e+05
3.288457421875000000e+04
4.701766015625000000e+04
8.689871000000000000e+06
3.475445000000000000e+05
1.225215234375000000e+05
2.693632421875000000e+04
5.284167360000000000e+08
4.038390272000000000e+09
2.012033500000000000e+06
1.056472720000000000e+08
7.187145625000000000e+05
5.350318750000000000e+05
9.119397760000000000e+08
4.834070000000000000e+05
4.218545000000000000e+06
9.636623437500000000e+04
1.105066240000000000e+08
3.227437120000000000e+08
3.923119250000000000e+06
4.609472000000000000e+06
1.308945625000000000e+05
3.239288867187500000e+04
2.540558131200000000e+10
5.121568800000000000e+07
6.694286800000000000e+07
3.596748000000000000e+06
9.887980000000000000e+06
5.137070592000000000e+09
1.702358400000000000e+07
2.439804400000000000e+07
5.815460000000000000e+05
4.599036160000000000e+08
1.687073440000000000e+08
1.538754101562500000e+04
1.956481250000000000e+05
3.716872253417968750e+02
9.095210937500000000e+04
5.280468500000000000e+06
1.500556100000000000e+07
2.264839477539062500e+02
5.086612890625000000e+04
3.977476875000000000e+05
9.921578125000000000e+03
7.199646875000000000e+04
3.248965312500000000e+05
1.569277832031250000e+03
1.306880078125000000e+05
1.587825625000000000e+06
4.059683437500000000e+05
8.231330078125000000e+03
1.863578281250000000e+05
4.807451171875000000e+03
1.220350375000000000e+06
1.474226718750000000e+05
5.482478000000000000e+06
8.596617187500000000e+03
1.497006250000000000e+04
2.421167968750000000e+05
3.487294375000000000e+05
4.561729492187500000e+03
7.151689062500000000e+04
6.631454589843750000e+03
1.670197375000000000e+06
9.566208593750000000e+04
1.405878625000000000e+06
5.173594375000000000e+05
3.294412109375000000e+04
2.286753593750000000e+05
1.500192375000000000e+06
1.748258437500000000e+05
2.074841406250000000e+05
1.420185449218750000e+04
9.114140625000000000e+04
2.260204250000000000e+06
4.206032500000000000e+05
2.283909687500000000e+05
8.522467651367187500e+02
1.502664218750000000e+05
1.465237274169921875e+02
2.099594531250000000e+04
1.643507000000000000e+06
7.202600000000000000e+04
2.409634765625000000e+03
2.255566015625000000e+04
6.121059375000000000e+05
1.933069091796875000e+03
1.097686250000000000e+05
2.184637968750000000e+05
6.003754394531250000e+03
1.284557500000000000e+05
1.623333906250000000e+05
4.274339843750000000e+04
2.047894335937500000e+04
2.847142750000000000e+06
2.391908480000000000e+08
1.133215100000000000e+07
1.097304218750000000e+05
1.778757250000000000e+06
8.781749375000000000e+05
9.223977343750000000e+04
2.072436800000000000e+07
3.776412000000000000e+06
1.198222812500000000e+05
5.468130560000000000e+08
1.051366720000000000e+08
2.847142750000000000e+06
7.200489472000000000e+10
2.391908480000000000e+08
1.133215100000000000e+07
4.070812400000000000e+07
1.778757250000000000e+06
8.781749375000000000e+05
2.072436800000000000e+07
7.200489472000000000e+10
5.468130560000000000e+08
1.051366720000000000e+08
7.200489472000000000e+10
4.070812400000000000e+07
7.200489472000000000e+10
9.301306250000000000e+04
1.686405273437500000e+04
6.134802246093750000e+03
2.280268750000000000e+04
5.207396484375000000e+03
7.348415625000000000e+04
1.445714062500000000e+04
9.773092773437500000e+03
2.404054687500000000e+04
1.378168029785156250e+02
6.100957641601562500e+02
1.237353625000000000e+06
2.791700781250000000e+04
3.087483825683593750e+02
1.479116250000000000e+05
8.375896875000000000e+04
4.039130859375000000e+03
4.567926562500000000e+04
1.892293359375000000e+04
3.323694531250000000e+04
8.739475585937500000e+03
6.674835156250000000e+04
5.779941796875000000e+04
6.223183105468750000e+03
3.926718359375000000e+04
5.092739746093750000e+03
2.283341250000000000e+05
4.690988125000000000e+05
3.672502734375000000e+04
7.318653320312500000e+03
8.499720000000000000e+05
1.148183984375000000e+04
1.580372363281250000e+04
5.437700000000000000e+05
2.538301562500000000e+05
1.930426093750000000e+05
5.065615500000000000e+06
9.454201000000000000e+06
1.483147600000000000e+07
2.116179492187500000e+04
1.071675875000000000e+06
4.763596093750000000e+04
5.795523828125000000e+04
2.599688704000000000e+09
2.695263125000000000e+05
9.857893750000000000e+05
1.013508906250000000e+05
1.834816800000000000e+07
8.428974375000000000e+05
9.334009000000000000e+06
3.632776953125000000e+04
7.551418750000000000e+05
2.199283691406250000e+03
2.631455859375000000e+04
9.634240000000000000e+07
2.678329492187500000e+04
1.689545000000000000e+05
1.628038574218750000e+04
2.210107343750000000e+05
5.593294531250000000e+04
1.490940250000000000e+06
8.105663125000000000e+05
8.488233750000000000e+05
5.248342500000000000e+06
3.138939941406250000e+03
1.390266718750000000e+05
4.401353027343750000e+03
3.133946289062500000e+03
6.727023000000000000e+06
2.867441250000000000e+05
4.753440640000000000e+08
2.294726367187500000e+04
2.476430500000000000e+06
5.087481250000000000e+04
4.178262500000000000e+05
2.954373120000000000e+08
7.845540625000000000e+05
3.327141875000000000e+05
3.756086250000000000e+06
3.378370800000000000e+07
6.197639062500000000e+04
3.274794062500000000e+05
3.195053200000000000e+07
3.085074240000000000e+08
5.943646500000000000e+06
1.106914257812500000e+04
2.980884000000000000e+07
1.268347890625000000e+05
1.059070214843750000e+04
4.741311692800000000e+10
7.301196875000000000e+05
2.952822265625000000e+04
1.821973281250000000e+05
7.470590500000000000e+06
3.638251562500000000e+04
3.004577343750000000e+04
5.179135742187500000e+03
6.310157714843750000e+03
1.240925195312500000e+04
7.255537500000000000e+05
2.606809000000000000e+06
8.533803906250000000e+04
1.332902246093750000e+04
1.721334750000000000e+06
1.630262011718750000e+04
7.435641406250000000e+04
7.705174500000000000e+06
2.893342187500000000e+05
6.296136875000000000e+05
4.361412963867187500e+02
4.226890258789062500e+02
4.822685546875000000e+02
2.564000937500000000e+05
8.932171093750000000e+04
2.861569140625000000e+04
1.590703875000000000e+06
1.383853607177734375e+02
1.882059173583984375e+02
5.068298034667968750e+02
1.282057983398437500e+03
4.817162500000000000e+05
5.472436250000000000e+05
1.044280371093750000e+04
4.384858703613281250e+02
9.324119567871093750e+01
3.195886230468750000e+02
9.406611250000000000e+05
3.675867309570312500e+02
5.020300312500000000e+05
2.839744140625000000e+03
7.145396093750000000e+04
4.608796875000000000e+05
1.561912988281250000e+04
2.958113403320312500e+02
2.442406054687500000e+04
9.186875000000000000e+05
3.701219500000000000e+06
4.522288750000000000e+05
5.469229296875000000e+04
4.589527000000000000e+06
9.253652343750000000e+04
3.005746875000000000e+05
4.153371875000000000e+04
1.198222812500000000e+05
9.682796875000000000e+03
1.163022480000000000e+08
2.256002800000000000e+07
9.186875000000000000e+05
2.786578000000000000e+07
3.701219500000000000e+06
4.522288750000000000e+05
3.195650750000000000e+06
4.589527000000000000e+06
9.253652343750000000e+04
4.153371875000000000e+04
1.674059360000000000e+08
1.163022480000000000e+08
2.256002800000000000e+07
2.786578000000000000e+07
3.195650750000000000e+06
1.674059360000000000e+08
1.014568359375000000e+04
5.827850585937500000e+03
5.012118359375000000e+04
1.941490000000000000e+07
4.487141500000000000e+06
1.775737000000000000e+06
1.198222812500000000e+05
4.307997000000000000e+06
5.581355468750000000e+03
2.459084765625000000e+04
7.665678906250000000e+04
1.941490000000000000e+07
4.487141500000000000e+06
6.113651200000000000e+08
4.307997000000000000e+06
2.459084765625000000e+04
7.665678906250000000e+04
5.823118750000000000e+05
6.113651200000000000e+08
5.823118750000000000e+05
3.068437187500000000e+05
1.071675875000000000e+06
1.890565937500000000e+05
6.809975000000000000e+05
1.282201367187500000e+04
1.198222812500000000e+05
6.833210400000000000e+07
3.068437187500000000e+05
1.071675875000000000e+06
6.809975000000000000e+05
6.833210400000000000e+07
5.702107812500000000e+04
3.004577343750000000e+04
1.071056750000000000e+06
8.577407031250000000e+04
4.691566406250000000e+04
1.501074218750000000e+05
7.461803710937500000e+03
7.466779687500000000e+04
6.429621582031250000e+02
2.250610742187500000e+04
4.365255859375000000e+04
2.080494375000000000e+05
2.778475585937500000e+04
3.194171289062500000e+04
1.505650488281250000e+04
5.263978125000000000e+04
4.955873828125000000e+04
1.184511962890625000e+03
6.597242187500000000e+03
3.399308593750000000e+04
3.130668164062500000e+04
1.132702832031250000e+04
1.527180468750000000e+04
1.230321562500000000e+05
1.258092773437500000e+04
4.835218359375000000e+04
5.689879687500000000e+04
1.250895263671875000e+03
8.306642150878906250e+01
4.351997070312500000e+02
5.309108886718750000e+02
1.208132080078125000e+03
9.610752105712890625e+00
4.227191162109375000e+01
8.210121500000000000e+06
4.886997600000000000e+07
1.133215100000000000e+07
1.267548535156250000e+04
6.040827500000000000e+06
7.315163000000000000e+06
2.755175781250000000e+04
1.485314375000000000e+06
1.284783007812500000e+04
4.699000000000000000e+04
5.212320563200000000e+10
4.959643520000000000e+08
2.813739375000000000e+05
3.741645568000000000e+09
1.378719375000000000e+06
6.618405625000000000e+05
2.397581600000000000e+08
6.508741250000000000e+05
9.438051875000000000e+05
3.782499375000000000e+05
7.200489472000000000e+10
5.650074240000000000e+08
3.617412000000000000e+06
2.986689200000000000e+07
1.925841200000000000e+07
2.766615296000000000e+09
6.892639843750000000e+04
6.293387500000000000e+05
5.111772800000000000e+08
1.500556100000000000e+07
6.273381640625000000e+04
2.915991943359375000e+03
5.745707500000000000e+05
9.379328125000000000e+04
1.464925000000000000e+04
4.816696960000000000e+08
1.708365875000000000e+06
7.189739062500000000e+04
5.479336328125000000e+04
9.164816000000000000e+07
2.549792800000000000e+07
2.208280781250000000e+05
7.200489472000000000e+10
1.629510750000000000e+06
5.601121875000000000e+05
3.020073828125000000e+04
2.764008203125000000e+04
5.001459960937500000e+02
1.001070880000000000e+08
9.906616406250000000e+04
3.776302343750000000e+04
7.440259000000000000e+06
3.143710250000000000e+06
1.053588000000000000e+06
6.033042968750000000e+03
3.352801484800000000e+10
5.076981000000000000e+06
4.066157500000000000e+06
1.128375840000000000e+08
5.901573500000000000e+06
4.123607421875000000e+03
3.686899902343750000e+03
4.522611000000000000e+06
2.335703552000000000e+09
2.182459843750000000e+05
1.722393906250000000e+05
7.683887360000000000e+08
2.723535937500000000e+05
1.047733440000000000e+08
1.537141571044921875e+02
3.626920410156250000e+03
2.281436000000000000e+06
5.211876562500000000e+04
1.255995117187500000e+03
1.322828750000000000e+05
1.465911718750000000e+04
1.462003613281250000e+04
9.986544375000000000e+05
3.138814843750000000e+04
4.722779687500000000e+04
3.089973632812500000e+04
5.484066400000000000e+07
1.500556100000000000e+07
2.443475390625000000e+04
4.192383500000000000e+06
9.745223632812500000e+03
5.055612500000000000e+04
6.636157440000000000e+09
8.887713281250000000e+04
3.988925937500000000e+05
3.096847656250000000e+04
6.216947500000000000e+05
1.157501406250000000e+05
2.417533906250000000e+05
5.976811523437500000e+02
6.683359985351562500e+02
1.199276875000000000e+05
1.545047300000000000e+07
1.341500468750000000e+05
1.313143652343750000e+04
1.075103637695312500e+03
1.215999296875000000e+05
1.699442000000000000e+07
1.199276875000000000e+05
1.545047300000000000e+07
1.313143652343750000e+04
1.699442000000000000e+07
3.703944921875000000e+04
1.190322968750000000e+05
1.373020750000000000e+06
6.744773437500000000e+03
8.577312500000000000e+03
1.460902656250000000e+05
4.933475585937500000e+03
1.833363906250000000e+05
4.822264375000000000e+05
6.285005078125000000e+04
1.615681093750000000e+05
7.260141440000000000e+08
1.827035156250000000e+05
2.916956787109375000e+02
1.073969375000000000e+05
1.136624267578125000e+03
3.852508850097656250e+02
9.432560640000000000e+08
9.253402709960937500e+02
1.468961791992187500e+02
1.629059570312500000e+03
1.635920898437500000e+03
8.993645629882812500e+02
6.837770996093750000e+03
3.932330322265625000e+03
1.626964599609375000e+03
3.606916015625000000e+03
1.268606738281250000e+04
1.460569531250000000e+04
1.384548583984375000e+03
1.071675875000000000e+06
2.395472070312500000e+04
4.273655078125000000e+04
3.922099609375000000e+04
4.168904687500000000e+04
2.303648000000000000e+08
1.115127100000000000e+07
7.402625781250000000e+04
2.079179600000000000e+07
3.538096500000000000e+06
9.194493750000000000e+04
7.200489472000000000e+10
2.068165280000000000e+08
1.083222500000000000e+07
1.986348800000000000e+07
7.200489472000000000e+10
6.209505625000000000e+05
1.071675875000000000e+06
1.890565937500000000e+05
7.389536875000000000e+05
7.000354492187500000e+03
1.198222812500000000e+05
2.026306400000000000e+07
6.209505625000000000e+05
1.071675875000000000e+06
7.389536875000000000e+05
2.026306400000000000e+07
8.988673125000000000e+05
3.745726500000000000e+06
2.072436800000000000e+07
3.918849365234375000e+03
1.046016562500000000e+05
1.184445937500000000e+05
8.969363750000000000e+05
1.264383300000000000e+07
2.067312400000000000e+07
1.042803437500000000e+05
1.265345900000000000e+07
5.112818125000000000e+05
5.884768000000000000e+07
3.701219500000000000e+06
5.469229296875000000e+04
6.038592773437500000e+03
3.596943500000000000e+06
3.075001000000000000e+06
2.701997265625000000e+04
2.072436800000000000e+07
3.776412000000000000e+06
1.198222812500000000e+05
2.821413671875000000e+04
3.303299520000000000e+08
7.896045600000000000e+07
5.112818125000000000e+05
1.491840204800000000e+10
5.884768000000000000e+07
3.701219500000000000e+06
2.228391601562500000e+04
5.048414062500000000e+04
5.775335449218750000e+03
6.435920640000000000e+08
3.596943500000000000e+06
3.075001000000000000e+06
2.072436800000000000e+07
1.064712578125000000e+05
4.638361562500000000e+05
2.821413671875000000e+04
7.200489472000000000e+10
3.303299520000000000e+08
7.896045600000000000e+07
1.491840204800000000e+10
4.185141562500000000e+05
2.228391601562500000e+04
5.048414062500000000e+04
6.435920640000000000e+08
4.278484500000000000e+06
1.064712578125000000e+05
4.638361562500000000e+05
7.200489472000000000e+10
4.185141562500000000e+05
4.278484500000000000e+06
5.017665920000000000e+08
1.621584600000000000e+07
1.349383600000000000e+07
1.957146289062500000e+04
2.072436800000000000e+07
1.988941600000000000e+07
1.381265312500000000e+05
1.071675875000000000e+06
4.699000000000000000e+04
6.576070312500000000e+04
7.200489472000000000e+10
7.200489472000000000e+10
3.645759500000000000e+06
3.252280064000000000e+09
5.697341250000000000e+05
3.528839062500000000e+05
3.798473728000000000e+09
4.210916000000000000e+06
1.207452875000000000e+06
9.835400781250000000e+04
7.200489472000000000e+10
2.914083840000000000e+08
3.962348800000000000e+08
1.377689000000000000e+07
3.580747600000000000e+07
4.150679040000000000e+09
1.152211600000000000e+07
8.782684375000000000e+04
1.216203437500000000e+05
7.067753000000000000e+06
6.100545500000000000e+06
2.110389257812500000e+04
3.800850000000000000e+04
1.782113189697265625e+02
9.495360107421875000e+02
6.496414062500000000e+03
1.400213085937500000e+04
8.709527587890625000e+02
1.712341552734375000e+03
1.423219482421875000e+03
1.415967529296875000e+03
2.483849609375000000e+03
9.086442382812500000e+03
2.589637451171875000e+03
1.154245605468750000e+03
1.616558375000000000e+06
4.996949609375000000e+04
3.651123046875000000e+03
5.091901397705078125e+01
1.255243911743164062e+02
9.870252343750000000e+04
7.669448089599609375e+01
3.100364501953125000e+03
3.587746826171875000e+03
3.472596130371093750e+02
1.652516015625000000e+04
5.773397000000000000e+06
2.430957031250000000e+05
5.807606933593750000e+03
4.788868437500000000e+05
8.641468750000000000e+03
7.815396875000000000e+04
1.371703437500000000e+05
3.792619531250000000e+04
2.341854101562500000e+04
4.361930468750000000e+04
2.111591308593750000e+03
8.177991699218750000e+03
3.188954101562500000e+04
7.355427343750000000e+04
6.155070312500000000e+03
1.319137656250000000e+05
5.942519531250000000e+03
1.599450781250000000e+04
6.534795500000000000e+06
6.362016000000000000e+07
5.943646500000000000e+06
4.937941406250000000e+04
6.384981500000000000e+06
2.829856000000000000e+06
4.023402734375000000e+04
7.165811500000000000e+06
1.243983593750000000e+04
4.947557421875000000e+04
7.341047296000000000e+09
1.548028160000000000e+09
8.006186718750000000e+04
5.049071104000000000e+09
2.299586718750000000e+05
6.007115234375000000e+04
6.834148800000000000e+07
2.040364687500000000e+05
1.777221250000000000e+05
9.875384375000000000e+04
7.200489472000000000e+10
3.746391500000000000e+06
1.276988125000000000e+06
1.694310000000000000e+06
2.475179000000000000e+06
9.481800800000000000e+07
3.173642187500000000e+05
5.631414453125000000e+04
1.262804003906250000e+04
3.333357500000000000e+05
7.223966308593750000e+03
7.897646875000000000e+05
6.130035644531250000e+03
5.225712402343750000e+03
6.709101200000000000e+07
9.334009000000000000e+06
4.374599609375000000e+04
1.448765700000000000e+07
3.394948046875000000e+04
1.515624804687500000e+04
4.208378112000000000e+09
4.293978125000000000e+05
1.432628437500000000e+05
9.990402343750000000e+04
2.398794750000000000e+06
2.004602375000000000e+06
5.892509375000000000e+04
2.718621250000000000e+06
1.119197753906250000e+04
1.015735250000000000e+06
7.235619531250000000e+04
1.290213828125000000e+05
1.830354400000000000e+08
2.140502187500000000e+05
3.515690234375000000e+04
8.275392500000000000e+05
2.083610125000000000e+06
1.307971015625000000e+05
4.538825683593750000e+03
3.533650390625000000e+04
4.421022500000000000e+06
5.253801269531250000e+03
3.133583398437500000e+04
5.111866796875000000e+04
2.130664794921875000e+03
9.457055664062500000e+03
8.051822656250000000e+04
1.168725292968750000e+04
1.005134500000000000e+06
5.943646500000000000e+06
1.097304218750000000e+05
6.911617187500000000e+04
4.029000937500000000e+05
9.034393750000000000e+04
1.890565937500000000e+05
1.661131054687500000e+04
3.631251250000000000e+05
9.963729492187500000e+03
4.893278906250000000e+04
1.828966406250000000e+04
1.358941894531250000e+04
3.186145996093750000e+03
1.884761875000000000e+05
2.177553281250000000e+05
5.943646500000000000e+06
1.395578906250000000e+05
2.418097460937500000e+04
7.215089843750000000e+03
1.194476367187500000e+04
5.181896093750000000e+04
2.489854375000000000e+05
9.963729492187500000e+03
3.033418750000000000e+04
4.394359863281250000e+03
1.358941894531250000e+04
1.884761875000000000e+05
1.006533886718750000e+04
8.511919921875000000e+03
7.215089843750000000e+03
5.181896093750000000e+04
3.033418750000000000e+04
1.006533886718750000e+04
1.301979625000000000e+06
3.198772949218750000e+03
2.257457421875000000e+04
9.738472900390625000e+02
2.213431445312500000e+04
6.197597265625000000e+04
5.495128906250000000e+03
2.984748437500000000e+05
4.972490234375000000e+03
1.559092968750000000e+05
8.113571200000000000e+07
1.500556100000000000e+07
8.836066406250000000e+04
3.287358000000000000e+07
3.168294250000000000e+06
7.577258593750000000e+04
1.379439923200000000e+10
1.030143040000000000e+08
1.453850900000000000e+07
3.599784800000000000e+07
1.764720640000000000e+10
5.370854296875000000e+04
1.168725292968750000e+04
1.073525488281250000e+04
1.295936621093750000e+04
4.877894140625000000e+04
2.550834179687500000e+04
1.860199023437500000e+04
2.565007617187500000e+04
5.571734800000000000e+07
1.500556100000000000e+07
2.511783984375000000e+04
3.388726250000000000e+06
1.879711328125000000e+04
4.563184765625000000e+04
5.368581632000000000e+09
4.341020312500000000e+05
5.602511250000000000e+05
5.689207031250000000e+04
4.423907000000000000e+06
1.099866875000000000e+05
6.022970312500000000e+04
3.681655859375000000e+04
1.576515429687500000e+04
2.647359924316406250e+02
7.091000000000000000e+04
1.153441650390625000e+03
2.629760937500000000e+05
1.154161484375000000e+05
6.469367675781250000e+03
6.100545500000000000e+06
1.677084765625000000e+04
2.676878750000000000e+06
3.859517187500000000e+04
6.017272949218750000e+03
5.236867500000000000e+06
1.098290468750000000e+05
9.264265625000000000e+04
2.457589062500000000e+05
1.035488750000000000e+05
1.237794311523437500e+03
8.237358093261718750e+00
1.971847031250000000e+05
1.568368721008300781e+01
1.841492812500000000e+05
1.971531066894531250e+02
4.845127258300781250e+02
6.932628800000000000e+07
3.397074500000000000e+06
3.144360400000000000e+07
1.821330625000000000e+05
1.071675875000000000e+06
1.146209921875000000e+05
6.821100000000000000e+07
7.686497280000000000e+08
3.185663200000000000e+07
1.052712250000000000e+06
7.662096000000000000e+08
9.273262500000000000e+05
3.191175000000000000e+04
4.889081250000000000e+04
8.933449218750000000e+04
1.510042285156250000e+04
2.134630937500000000e+05
7.055148437500000000e+04
6.423708984375000000e+04
1.108664625000000000e+06
3.962127600000000000e+07
3.967953872680664062e+01
1.341500468750000000e+05
5.551267500000000000e+05
5.897429275512695312e+01
8.524805664062500000e+03
1.461294364929199219e+01
1.767665500000000000e+06
1.534880256652832031e+01
3.530619904000000000e+09
1.047093017578125000e+03
1.108664625000000000e+06
5.969974136352539062e+01
3.962127600000000000e+07
3.967953872680664062e+01
3.039182128906250000e+02
5.551267500000000000e+05
5.897429275512695312e+01
1.461294364929199219e+01
9.960727539062500000e+03
3.530619904000000000e+09
1.047093017578125000e+03
5.969974136352539062e+01
3.039182128906250000e+02
9.960727539062500000e+03
4.364048461914062500e+02
4.278931274414062500e+02
2.226179695129394531e+01
2.405586093750000000e+05
3.291023559570312500e+02
5.698579687500000000e+04
9.315032226562500000e+03
1.467867736816406250e+02
8.896899223327636719e+00
6.295552978515625000e+02
1.877189178466796875e+02
4.976029785156250000e+03
2.766430937500000000e+05
8.447904968261718750e+01
6.784491729736328125e+01
8.109835815429687500e+01
6.712893009185791016e+00
3.682945312500000000e+03
3.489493560791015625e+01
1.223632500000000000e+07
2.209930468750000000e+05
1.151990781250000000e+05
1.223632500000000000e+07
7.182290039062500000e+03
1.530734375000000000e+03
1.433657500000000000e+05
6.793832812500000000e+04
1.644147851562500000e+04
2.565157031250000000e+04
3.214318750000000000e+04
9.983706250000000000e+04
1.648220703125000000e+04
3.870830078125000000e+04
8.522467651367187500e+02
6.727741875000000000e+05
2.669523632812500000e+04
1.122697982788085938e+02
4.020284375000000000e+05
1.285449687500000000e+05
2.170737548828125000e+03
6.725048125000000000e+05
5.246706640625000000e+04
9.489192968750000000e+04
3.313146484375000000e+04
2.227719843750000000e+05
1.008382734375000000e+05
7.687525000000000000e+04
2.675541406250000000e+04
2.747581250000000000e+05
1.160843281250000000e+05
1.191784843750000000e+05
1.279232031250000000e+04
8.392366875000000000e+05
3.339314750000000000e+06
1.722167724609375000e+03
8.360820625000000000e+05
6.605297656250000000e+04
7.098943750000000000e+04
2.030551680000000000e+08
2.057863671875000000e+04
2.215556250000000000e+05
7.241466406250000000e+04
3.047168500000000000e+06
6.100545500000000000e+06
5.038697656250000000e+04
4.416645703125000000e+04
3.113812250000000000e+06
1.820923625000000000e+06
2.204122460937500000e+04
4.447978500000000000e+06
9.703880615234375000e+02
2.727588195800781250e+02
6.973714351654052734e+00
2.072436800000000000e+07
1.379008125000000000e+05
4.696186718750000000e+04
1.176924511718750000e+04
1.833378295898437500e+02
3.368167877197265625e+01
4.203301000000000000e+06
7.401420898437500000e+02
1.327088437500000000e+05
2.493292968750000000e+03
3.738023193359375000e+03
3.932412597656250000e+03
1.505002560000000000e+08
2.827158447265625000e+03
3.244761500000000000e+06
2.882080664062500000e+04
4.653945312500000000e+03
1.988941600000000000e+07
1.209240250000000000e+06
1.075913085937500000e+03
1.429541870117187500e+03
9.920183593750000000e+04
2.268250195312500000e+04
5.525041561600000000e+10
9.873644000000000000e+07
5.303284179687500000e+03
2.770352539062500000e+03
3.084208000000000000e+06
3.617380615234375000e+03
3.759676269531250000e+03
7.469137000000000000e+06
1.053512084960937500e+03
5.207518750000000000e+04
2.337870507812500000e+04
1.670565171200000000e+10
5.010264648437500000e+03
3.202916503906250000e+03
5.633417968750000000e+04
5.505430625000000000e+05
6.179974218750000000e+04
1.162687988281250000e+03
5.758733886718750000e+03
1.304415771484375000e+03
6.145421484375000000e+04
1.269593261718750000e+04
5.562541015625000000e+03
9.318425781250000000e+03
7.260141440000000000e+08
1.500556100000000000e+07
9.334009000000000000e+06
5.236608028411865234e+00
2.072436800000000000e+07
1.988941600000000000e+07
4.797039031982421875e+00
1.071675875000000000e+06
1.010756969451904297e+01
7.345289230346679688e+00
7.200489472000000000e+10
6.089823027200000000e+10
2.873128890991210938e+01
2.531569664000000000e+09
2.698769569396972656e+01
1.217936325073242188e+01
3.798473728000000000e+09
3.001825904846191406e+01
2.462757873535156250e+01
1.994997787475585938e+01
7.200489472000000000e+10
2.416289367675781250e+02
1.557573394775390625e+02
4.794316864013671875e+01
2.042144927978515625e+02
1.971131469726562500e+03
1.671209400000000000e+07
3.238961328125000000e+04
3.589045312500000000e+04
8.900487500000000000e+04
1.168334179687500000e+04
1.341500468750000000e+05
9.318452148437500000e+03
1.719916210937500000e+04
1.892293359375000000e+04
8.310508125000000000e+05
6.100545500000000000e+06
5.535546875000000000e+03
1.324732656250000000e+05
9.465855468750000000e+04
8.581289062500000000e+03
6.197597265625000000e+04
8.577312500000000000e+03
2.144989500000000000e+06
5.156623046875000000e+03
1.645448281250000000e+05
6.832409375000000000e+04
2.761736914062500000e+04
2.550671289062500000e+04
1.579450625000000000e+05
8.403601000000000000e+06
2.177190234375000000e+04
7.853100585937500000e+03
3.453102294921875000e+03
2.433434375000000000e+05
1.024343750000000000e+05
7.616883593750000000e+04
2.167200625000000000e+05
1.763230859375000000e+04
6.245736328125000000e+04
4.682121582031250000e+03
9.934565000000000000e+05
4.993303125000000000e+05
5.576452734375000000e+04
8.119396250000000000e+05
8.105539062500000000e+04
2.214557031250000000e+04
2.915671875000000000e+03
2.385231875000000000e+05
3.900005937500000000e+05
1.263850976562500000e+04
1.943754687500000000e+04
1.036250000000000000e+06
6.175701953125000000e+04
1.604109218750000000e+05
3.052797851562500000e+03
2.371726074218750000e+03
7.821725463867187500e+02
2.425295312500000000e+05
1.932394726562500000e+04
1.816970117187500000e+04
8.874551562500000000e+04
4.405741406250000000e+04
9.091288085937500000e+03
2.296569921875000000e+04
5.604338400000000000e+07
1.500556100000000000e+07
5.473424804687500000e+03
2.718621250000000000e+06
1.061940429687500000e+03
1.838061132812500000e+04
3.816192512000000000e+09
4.168407421875000000e+04
1.927367031250000000e+05
3.611422265625000000e+04
1.506979250000000000e+06
3.476587295532226562e+01
9.364030838012695312e+00
4.408188629150390625e+01
4.361922851562500000e+03
7.122746582031250000e+03
2.964606875000000000e+05
5.031614685058593750e+01
6.247799072265625000e+02
3.623372192382812500e+02
3.174413281250000000e+04
1.238696655273437500e+03
4.444086000000000000e+06
2.683081250000000000e+05
2.072436800000000000e+07
3.886350781250000000e+04
1.014237812500000000e+06
5.217362109375000000e+04
5.240266015625000000e+04
9.400518400000000000e+08
1.487798250000000000e+06
2.601266015625000000e+04
2.551945000000000000e+05
4.097275312500000000e+05
4.753751754760742188e+01
2.247468185424804688e+01
6.316510156250000000e+04
7.260141440000000000e+08
2.446213125000000000e+05
1.951364375000000000e+05
1.911256875000000000e+06
1.665832031250000000e+04
2.178909843750000000e+05
5.757846484375000000e+04
6.279487109375000000e+04
7.053034000000000000e+06
7.260141440000000000e+08
1.500556100000000000e+07
6.354526562500000000e+04
4.228542500000000000e+06
3.797543000000000000e+06
7.645564453125000000e+03
2.072436800000000000e+07
9.670386875000000000e+05
7.225000000000000000e+04
9.224610816000000000e+09
1.299176400000000000e+08
8.916264062500000000e+04
7.200489472000000000e+10
3.732575750000000000e+06
5.765505625000000000e+05
2.310256800000000000e+08
1.737559062500000000e+05
1.390583437500000000e+05
4.537282000000000000e+06
7.200489472000000000e+10
2.454212400000000000e+07
5.073107187500000000e+05
5.176052800000000000e+07
3.424110000000000000e+06
2.608777440000000000e+08
1.619097500000000000e+05
4.718993750000000000e+04
3.748350390625000000e+04
1.205213394165039062e+02
5.185564500000000000e+06
8.570571093750000000e+04
6.928917694091796875e+01
2.561168479919433594e+01
1.195299843750000000e+05
1.824363403320312500e+03
1.205213394165039062e+02
5.185564500000000000e+06
6.928917694091796875e+01
1.824363403320312500e+03
1.697337304687500000e+04
4.564800720214843750e+02
1.776215234375000000e+04
2.579689941406250000e+03
3.358634375000000000e+04
1.995237600000000000e+07
2.778199062500000000e+05
2.072436800000000000e+07
3.166134960937500000e+04
9.986544375000000000e+05
4.782381640625000000e+04
3.853805078125000000e+04
3.869286400000000000e+09
6.457682812500000000e+04
3.219933398437500000e+04
9.346282031250000000e+04
7.741999511718750000e+02
2.843200937500000000e+05
3.690982421875000000e+04
6.554974500000000000e+06
3.639446044921875000e+03
1.188417343750000000e+05
4.821606640625000000e+04
7.469497070312500000e+02
7.079284667968750000e+03
1.194784082031250000e+04
3.690982421875000000e+04
6.554974500000000000e+06
6.880668000000000000e+06
4.821606640625000000e+04
7.079284667968750000e+03
1.194784082031250000e+04
1.028838359375000000e+05
6.880668000000000000e+06
1.028838359375000000e+05
3.532842712402343750e+02
1.958735156250000000e+04
3.090451171875000000e+04
8.637274414062500000e+03
5.131647949218750000e+03
1.108914648437500000e+04
6.269133125000000000e+05
6.624525000000000000e+05
6.110735546875000000e+04
1.116567480468750000e+04
1.993398375000000000e+06
3.593998437500000000e+04
5.916187500000000000e+04
6.802257000000000000e+06
2.603300781250000000e+05
6.964545625000000000e+05
6.894465332031250000e+03
1.163302832031250000e+04
1.604593750000000000e+04
8.637184570312500000e+03
3.466550781250000000e+04
5.987670000000000000e+05
7.802002716064453125e+01
3.546303710937500000e+02
3.691594800000000000e+07
2.308498840332031250e+02
4.852836800000000000e+08
2.178855285644531250e+02
9.968864375000000000e+05
2.224859313964843750e+02
2.293501434326171875e+02
3.556682496000000000e+09
2.311555633544921875e+02
2.174207153320312500e+02
2.287158050537109375e+02
1.781506880000000000e+08
1.366352800000000000e+07
1.637582300000000000e+07
1.887229531250000000e+05
3.316981562500000000e+05
2.533861600000000000e+07
3.433398437500000000e+05
1.071675875000000000e+06
1.890565937500000000e+05
1.198222812500000000e+05
1.947376640000000000e+08
1.013302592000000000e+09
1.781506880000000000e+08
3.245377280000000000e+09
1.366352800000000000e+07
1.637582300000000000e+07
7.596989000000000000e+06
3.316981562500000000e+05
2.533861600000000000e+07
1.071675875000000000e+06
1.817042560000000000e+08
1.947376640000000000e+08
1.013302592000000000e+09
3.245377280000000000e+09
7.596989000000000000e+06
1.817042560000000000e+08
9.355535000000000000e+05
6.167703515625000000e+04
3.620647265625000000e+04
5.104364453125000000e+04
1.996928960000000000e+08
2.224548242187500000e+04
1.392667187500000000e+05
3.916263500000000000e+06
1.570686328125000000e+04
8.522467651367187500e+02
1.492320000000000000e+06
5.280468500000000000e+06
1.627785400000000000e+07
6.042236328125000000e+01
2.326327656250000000e+05
1.227839125000000000e+06
1.832858593750000000e+05
5.345024218750000000e+04
1.396427375000000000e+06
1.323859497070312500e+03
2.366281406250000000e+05
2.356279750000000000e+06
1.974903281250000000e+05
8.578085937500000000e+04
2.630405625000000000e+05
6.443539550781250000e+03
3.788521500000000000e+06
1.195515875000000000e+06
5.779269000000000000e+06
1.483453125000000000e+05
1.492707500000000000e+05
5.052933437500000000e+05
1.913100500000000000e+06
4.844662109375000000e+04
8.405183125000000000e+05
5.400618164062500000e+03
6.265648750000000000e+05
2.758166875000000000e+05
5.145002500000000000e+05
2.013744125000000000e+06
2.311583281250000000e+05
2.381342812500000000e+05
8.498736000000000000e+06
2.248607250000000000e+06
1.367260875000000000e+06
9.299939843750000000e+04
2.359633750000000000e+05
2.220641718750000000e+05
1.984492875000000000e+06
7.742846875000000000e+05
7.260141440000000000e+08
1.500556100000000000e+07
9.582207031250000000e+03
2.072436800000000000e+07
1.078618066406250000e+04
3.836730468750000000e+04
7.200489472000000000e+10
2.053966562500000000e+05
1.727987812500000000e+05
2.325795312500000000e+05
2.026045500000000000e+06
6.682050781250000000e+04
3.004577343750000000e+04
1.173962695312500000e+04
4.116634375000000000e+04
1.219567109375000000e+05
1.617577441406250000e+04
6.727741875000000000e+05
4.759678222656250000e+03
1.179296484375000000e+04
1.796830156250000000e+05
1.379502319335937500e+03
5.242500390625000000e+04
2.332943420410156250e+02
5.513951660156250000e+03
2.016256445312500000e+04
6.525130625000000000e+05
6.904165039062500000e+03
3.085217968750000000e+04
1.967932861328125000e+03
1.276723984375000000e+05
5.433854687500000000e+04
2.412837219238281250e+02
9.457650390625000000e+03
1.563724121093750000e+04
6.838132812500000000e+04
2.588897460937500000e+03
2.281321250000000000e+05
5.163998046875000000e+04
2.508925390625000000e+04
1.514806406250000000e+05
2.599110781250000000e+05
2.079433281250000000e+05
5.405746093750000000e+03
3.096549414062500000e+04
1.467030500000000000e+06
1.357794042968750000e+04
1.398482031250000000e+05
2.912744375000000000e+05
1.168725292968750000e+04
4.192768437500000000e+05
2.142472900390625000e+03
8.676951562500000000e+04
6.822389984130859375e+01
9.863288085937500000e+03
2.727301562500000000e+04
3.218019714355468750e+02
3.915409765625000000e+04
1.100431054687500000e+04
7.539763183593750000e+03
3.242008400000000000e+07
1.157501406250000000e+05
1.498422500000000000e+07
8.185403125000000000e+04
1.085688515625000000e+05
5.940608500000000000e+06
3.103532500000000000e+05
3.210097070312500000e+04
5.185557128906250000e+03
7.091202343750000000e+04
1.115729920000000000e+08
1.573395968000000000e+09
3.111962800000000000e+07
2.137982400000000000e+07
1.123227734375000000e+05
1.447335100000000000e+07
4.359909000000000000e+06
9.173236718750000000e+04
5.709978500000000000e+06
3.059550195312500000e+04
9.684942400000000000e+07
1.034462960000000000e+08
1.882587776000000000e+09
2.153000800000000000e+07
3.720921750000000000e+06
9.571343200000000000e+07
4.488508160000000000e+08
1.284478100000000000e+07
1.533280859375000000e+04
1.988941600000000000e+07
2.919098437500000000e+05
3.585986718750000000e+04
7.200489472000000000e+10
4.343923125000000000e+05
7.048595214843750000e+03
4.399183203125000000e+04
1.457195781250000000e+05
4.779860156250000000e+04
1.237794311523437500e+03
6.727741875000000000e+05
1.341500468750000000e+05
1.774329071044921875e+02
7.302649218750000000e+04
4.191712890625000000e+04
1.577770751953125000e+03
9.972667968750000000e+04
1.538854003906250000e+04
7.179118750000000000e+04
1.974657812500000000e+04
2.323525156250000000e+05
2.505455664062500000e+04
2.372017382812500000e+04
1.750099218750000000e+04
1.908975195312500000e+04
1.262133750000000000e+05
3.482523046875000000e+04
8.540168762207031250e+01
1.551586816406250000e+04
7.315163000000000000e+06
3.464198046875000000e+04
2.137653076171875000e+03
2.910087187500000000e+05
4.003426953125000000e+04
2.574820556640625000e+03
1.115951125000000000e+06
3.175724804687500000e+04
2.012258250000000000e+06
4.278406250000000000e+04
3.004577343750000000e+04
6.727741875000000000e+05
7.988538500000000000e+06
4.469148046875000000e+04
3.145743554687500000e+04
1.086213593750000000e+05
9.983706250000000000e+04
3.507160546875000000e+04
9.481097656250000000e+03
1.225198906250000000e+05
1.764445507812500000e+04
3.657143066406250000e+03
6.031592578125000000e+04
1.203364531250000000e+05
6.695501464843750000e+03
2.649795000000000000e+05
5.262055468750000000e+04
1.183274625000000000e+06
2.631513476562500000e+04
2.010756640625000000e+04
5.597451171875000000e+03
6.477130126953125000e+02
2.877016601562500000e+04
1.536350585937500000e+04
8.743184570312500000e+03
1.027401953125000000e+05
6.588186523437500000e+03
2.585774804687500000e+04
1.026692890625000000e+05
3.032024414062500000e+04
1.392492309570312500e+03
2.235286865234375000e+03
9.738134765625000000e+03
5.342068359375000000e+04
8.979260742187500000e+03
9.490921875000000000e+04
6.303307421875000000e+04
1.155455273437500000e+04
1.616628906250000000e+05
7.318950000000000000e+04
1.096817187500000000e+04
1.656535156250000000e+04
2.207984480000000000e+08
4.717351562500000000e+04
1.909522250000000000e+06
7.364112500000000000e+05
8.577407031250000000e+04
3.903132812500000000e+04
7.977035644531250000e+03
4.478487890625000000e+04
5.292489062500000000e+04
3.941174926757812500e+02
5.886056250000000000e+04
1.581859179687500000e+04
7.927065277099609375e+01
2.084657714843750000e+03
2.559128710937500000e+04
1.821737060546875000e+02
2.505541992187500000e+04
2.514835937500000000e+03
1.340962109375000000e+04
1.457583374023437500e+03
6.189333984375000000e+03
1.331093261718750000e+04
1.047856152343750000e+04
3.011928405761718750e+02
3.401530456542968750e+02
7.399598144531250000e+03
3.274609619140625000e+03
8.267906250000000000e+05
2.934247750000000000e+06
1.275684833526611328e+01
2.983311843872070312e+01
1.560822600000000000e+07
1.012368106842041016e+01
5.725121307373046875e+01
3.595565795898437500e+01
1.745552875000000000e+06
3.806246093750000000e+03
2.236620312500000000e+05
5.579256640625000000e+04
1.237794311523437500e+03
6.727741875000000000e+05
2.669984570312500000e+04
9.283763170242309570e-01
2.135040468750000000e+05
4.191712890625000000e+04
3.387483119964599609e+00
1.841457812500000000e+05
3.485759375000000000e+04
7.179118750000000000e+04
3.279846875000000000e+04
2.228346718750000000e+05
4.409585449218750000e+03
2.489683593750000000e+03
3.014901123046875000e+02
1.027393203125000000e+05
9.095861718750000000e+04
6.688875976562500000e+03
5.263209000000000000e+06
9.334009000000000000e+06
2.669523632812500000e+04
8.008159375000000000e+05
1.521908300781250000e+04
6.568755468750000000e+04
4.529168320000000000e+08
3.879421875000000000e+05
3.460551562500000000e+05
5.299322656250000000e+04
1.377846800000000000e+07
2.428422187500000000e+05
9.918464843750000000e+03
5.141363769531250000e+03
1.185055859375000000e+04
4.035038671875000000e+04
1.013052734375000000e+05
2.393540039062500000e+04
6.251171093750000000e+04
1.430149500000000000e+06
1.111217890625000000e+05
2.774421997070312500e+02
2.704119262695312500e+02
1.738940000000000000e+05
1.883670117187500000e+04
9.377172656250000000e+04
1.452734179687500000e+04
4.593815234375000000e+04
5.782512695312500000e+03
2.653876220703125000e+03
2.074222250000000000e+06
1.026132200000000000e+07
1.341500468750000000e+05
9.611154687500000000e+04
3.420060058593750000e+03
2.512074062500000000e+05
2.753398800000000000e+07
2.074222250000000000e+06
1.026132200000000000e+07
9.611154687500000000e+04
2.753398800000000000e+07
7.815371250000000000e+05
5.521790625000000000e+04
6.130795410156250000e+03
4.698411250000000000e+05
3.523342968750000000e+04
5.408567200000000000e+07
4.438595312500000000e+04
1.730588476562500000e+04
4.917482812500000000e+05
2.746939687500000000e+05
1.809986132812500000e+04
8.923299218750000000e+04
1.066508100000000000e+07
3.317176437377929688e+01
1.259717812500000000e+05
6.470408630371093750e+01
1.118462695312500000e+04
6.800256252288818359e+00
1.099446105957031250e+02
2.274816718750000000e+05
8.151198387145996094e+00
1.822928810119628906e+01
2.131543159484863281e+01
1.477407600000000000e+07
3.668036804199218750e+02
7.589488525390625000e+02
2.217755859375000000e+03
5.505430625000000000e+05
1.707271600000000000e+07
5.543809765625000000e+04
4.317040234375000000e+04
3.989064025878906250e+02
5.066965234375000000e+04
1.001540720000000000e+08
1.258111914062500000e+04
5.900846875000000000e+05
4.193437500000000000e+03
2.716889687500000000e+05
1.157501406250000000e+05
1.510151700000000000e+07
7.886947656250000000e+04
3.215514453125000000e+04
3.261597595214843750e+02
7.138183593750000000e+04
2.142285200000000000e+07
7.409511718750000000e+02
2.885172500000000000e+05
1.222014648437500000e+03
1.252360644531250000e+04
2.716348125000000000e+05
7.975095703125000000e+03
3.376394531250000000e+04
1.910016875000000000e+05
1.485355664062500000e+04
2.330134521484375000e+03
9.103098750000000000e+05
2.141101367187500000e+04
4.226141015625000000e+04
1.394438750000000000e+05
2.391908480000000000e+08
1.159453600000000000e+07
5.609223828125000000e+04
2.084810400000000000e+07
3.338550500000000000e+06
7.637628125000000000e+04
7.200489472000000000e+10
1.955498240000000000e+08
1.085903500000000000e+07
1.910340000000000000e+07
7.200489472000000000e+10
2.120446484375000000e+04
2.799961547851562500e+02
1.499267578125000000e+02
4.477120000000000000e+05
1.510526367187500000e+04
9.295585937500000000e+03
1.711462890625000000e+04
6.513255468750000000e+04
8.310508125000000000e+05
8.288235937500000000e+04
5.313753125000000000e+05
2.275567578125000000e+04
1.376726757812500000e+04
3.479145202636718750e+02
5.747219531250000000e+04
1.033691687500000000e+06
6.100545500000000000e+06
8.553375000000000000e+04
1.211207656250000000e+05
2.008259000000000000e+06
9.262781250000000000e+04
1.077069375000000000e+06
1.198222812500000000e+05
1.706184062500000000e+05
1.494609062500000000e+05
5.580365625000000000e+05
1.185143046875000000e+05
2.293466750000000000e+06
1.595285156250000000e+05
8.226230000000000000e+05
1.108545156250000000e+05
1.576423500000000000e+06
1.359091093750000000e+05
2.008259000000000000e+06
4.090560312500000000e+05
2.137501500000000000e+06
4.954189687500000000e+05
8.026585625000000000e+05
1.431294062500000000e+05
5.580365625000000000e+05
5.952262500000000000e+05
1.444167500000000000e+05
8.226230000000000000e+05
1.576423500000000000e+06
1.639407375000000000e+06
1.015194000000000000e+06
2.137501500000000000e+06
8.026585625000000000e+05
5.952262500000000000e+05
1.639407375000000000e+06
4.185078125000000000e+04
1.409219218750000000e+05
2.870184179687500000e+04
3.974116406250000000e+04
1.647147031250000000e+05
3.004577343750000000e+04
6.727741875000000000e+05
7.948004500000000000e+06
1.341500468750000000e+05
8.888470703125000000e+03
1.114177343750000000e+05
9.983706250000000000e+04
1.461245468750000000e+05
2.646988476562500000e+04
6.371726875000000000e+05
1.818895312500000000e+05
1.702424687500000000e+05
6.031592578125000000e+04
1.205270000000000000e+05
5.317766113281250000e+03
2.652616562500000000e+05
2.323525156250000000e+05
7.948004500000000000e+06
7.330308593750000000e+04
1.082504140625000000e+05
3.970112500000000000e+04
5.888926269531250000e+03
3.216219687500000000e+05
1.896378750000000000e+05
1.818895312500000000e+05
1.028101875000000000e+05
9.721958984375000000e+03
1.205270000000000000e+05
2.652616562500000000e+05
1.276799609375000000e+05
2.183343164062500000e+04
3.970112500000000000e+04
3.216219687500000000e+05
1.028101875000000000e+05
1.276799609375000000e+05
5.409387109375000000e+04
1.049885498046875000e+03
7.188909375000000000e+04
3.615755859375000000e+03
1.149972031250000000e+05
4.405741406250000000e+04
8.390248437500000000e+04
9.334009000000000000e+06
6.869475000000000000e+04
3.464307031250000000e+04
1.785512695312500000e+04
4.361922851562500000e+03
3.599685937500000000e+04
4.101742578125000000e+04
8.345048437500000000e+04
7.011488281250000000e+04
1.147367382812500000e+04
8.254136718750000000e+03
1.424966406250000000e+05
3.937059326171875000e+03
4.177903515625000000e+04
2.563500000000000000e+03
2.355744726562500000e+04
4.413920410156250000e+03
7.938174804687500000e+03
1.369540156250000000e+05
3.575289794921875000e+03
4.130441796875000000e+04
2.640139892578125000e+03
2.410929199218750000e+03
1.868750195312500000e+04
2.521076507568359375e+02
3.029345214843750000e+03
2.530167541503906250e+02
1.868308398437500000e+04
2.481974945068359375e+02
2.817072753906250000e+03
2.675877990722656250e+02
1.034388549804687500e+03
9.580690307617187500e+02
4.912421484375000000e+04
3.318570312500000000e+04
1.155348250000000000e+06
9.136077500000000000e+05
1.803852929687500000e+04
2.105201406250000000e+05
6.309576875000000000e+05
8.293288281250000000e+04
1.736896679687500000e+04
1.074344625000000000e+06
2.755377929687500000e+04
3.683317500000000000e+05
2.173973906250000000e+05
3.307331640625000000e+04
1.593316250000000000e+05
1.521545750000000000e+06
8.360024218750000000e+04
1.217632031250000000e+04
9.594966875000000000e+05
3.939454062500000000e+05
5.120561718750000000e+04
1.268616328125000000e+05
1.380823250000000000e+06
6.995438125000000000e+05
3.109255937500000000e+05
8.519716250000000000e+05
8.298303750000000000e+05
2.072551600000000000e+07
2.085681406250000000e+05
2.258271600000000000e+07
1.531271582031250000e+04
1.019182875000000000e+06
5.510238671875000000e+04
3.071786562500000000e+05
3.646816256000000000e+09
6.338985625000000000e+05
6.913265625000000000e+04
1.172722600000000000e+07
6.594243500000000000e+06
4.326480468750000000e+03
1.539542875000000000e+06
1.068204000000000000e+07
8.464561000000000000e+06
1.389449511718750000e+04
8.044286875000000000e+05
1.423437207031250000e+04
6.732089843750000000e+04
2.118059904000000000e+09
1.836177656250000000e+05
1.263070546875000000e+05
3.869283203125000000e+04
1.491035250000000000e+06
4.886997600000000000e+07
7.922215000000000000e+06
3.166988037109375000e+03
1.115094750000000000e+06
1.686576562500000000e+05
1.897163281250000000e+04
5.226394112000000000e+09
1.027473700000000000e+07
1.167440875000000000e+06
9.170304375000000000e+05
1.305419008000000000e+09
1.208707885742187500e+02
5.546914062500000000e+04
3.929315937500000000e+05
9.927907031250000000e+04
1.772565429687500000e+03
9.824942626953125000e+02
4.873193359375000000e+04
1.694742431640625000e+03
1.646757750000000000e+06
1.191361328125000000e+04
2.600846250000000000e+05
2.391908480000000000e+08
4.326455312500000000e+05
9.588806250000000000e+04
3.212810312500000000e+05
3.501808500000000000e+06
6.415079101562500000e+03
1.194631936000000000e+09
2.314455840000000000e+08
4.391642187500000000e+05
3.174417187500000000e+05
1.183828224000000000e+09
2.433611500000000000e+06
1.452861523437500000e+04
1.707458593750000000e+05
9.676623125000000000e+05
2.260314062500000000e+04
4.168578515625000000e+04
7.942835156250000000e+04
9.059467187500000000e+04
1.168725292968750000e+04
5.902796875000000000e+04
2.531960500000000000e+06
4.024799609375000000e+04
2.949715039062500000e+04
5.659309375000000000e+05
2.693133125000000000e+05
1.033508789062500000e+04
1.332902246093750000e+04
3.921881250000000000e+05
1.225421386718750000e+04
6.186749218750000000e+04
2.659821250000000000e+06
5.136423125000000000e+05
5.035859375000000000e+03
7.018379687500000000e+04
2.268185000000000000e+06
1.038667187500000000e+04
1.289276855468750000e+04
1.012422363281250000e+04
4.002079687500000000e+05
1.190127734375000000e+05
8.147048125000000000e+05
6.359607812500000000e+04
4.986592285156250000e+03
6.952407031250000000e+04
4.450788085937500000e+03
2.332135500000000000e+06
2.435928125000000000e+05
2.004667250000000000e+06
1.219311250000000000e+05
6.295347265625000000e+04
1.067607421875000000e+04
2.905883544921875000e+03
5.698118750000000000e+05
1.263039140625000000e+05
1.764886352539062500e+03
3.608667968750000000e+04
5.111464500000000000e+06
2.568713867187500000e+04
8.159138281250000000e+04
1.299101093750000000e+05
8.857962500000000000e+05
6.615004882812500000e+03
1.416934750000000000e+06
1.640286987304687500e+03
5.191460937500000000e+03
1.567632375000000000e+06
2.148721923828125000e+03
2.612110595703125000e+03
5.855481933593750000e+03
1.816282226562500000e+03
3.499349670410156250e+02
2.281145000000000000e+05
3.486413750000000000e+06
5.085066015625000000e+04
1.828869018554687500e+03
1.396023593750000000e+05
1.205245250000000000e+06
1.618015625000000000e+04
5.506949500000000000e+06
4.189326953125000000e+04
3.388726250000000000e+06
1.543676406250000000e+05
7.049954000000000000e+06
7.188607812500000000e+04
6.108526953125000000e+04
5.038534080000000000e+08
2.241249531250000000e+05
2.083244500000000000e+06
2.650588750000000000e+06
9.337360625000000000e+05
2.697573632812500000e+04
4.847564843750000000e+04
2.670200976562500000e+04
4.585037600000000000e+07
1.626166250000000000e+05
6.259908691406250000e+03
1.875007343750000000e+05
1.295086621093750000e+04
1.460909472656250000e+04
9.876985351562500000e+03
8.232075195312500000e+03
9.696715625000000000e+05
2.974138750000000000e+05
2.494393554687500000e+03
3.728569921875000000e+04
1.843585625000000000e+05
3.018030500000000000e+06
3.046805078125000000e+04
1.054271972656250000e+04
5.421151875000000000e+05
1.332531356811523438e+01
1.373208300000000000e+07
2.774434570312500000e+03
1.877263867187500000e+04
4.533894500000000000e+06
6.124078125000000000e+05
1.486038800000000000e+07
4.621236328125000000e+03
5.149671875000000000e+04
9.412484741210937500e+02
4.361477343750000000e+04
9.595452000000000000e+07
2.044622558593750000e+03
4.646331640625000000e+04
1.926221679687500000e+03
4.786996582031250000e+03
5.249207519531250000e+03
6.186383593750000000e+04
4.888225585937500000e+03
5.565826171875000000e+03
8.522467651367187500e+02
1.859918500000000000e+06
3.660085144042968750e+02
2.118408789062500000e+04
2.957707812500000000e+05
2.096087890625000000e+03
5.546914062500000000e+04
3.953725390625000000e+04
1.618745361328125000e+03
1.026236640625000000e+05
2.702137812500000000e+05
5.088854980468750000e+03
2.961905312500000000e+05
2.368786914062500000e+04
9.680690625000000000e+04
1.039013183593750000e+03
4.506570625000000000e+05
1.873502539062500000e+04
1.438961250000000000e+05
1.276540234375000000e+05
2.482585742187500000e+04
1.002485058593750000e+04
4.109696562500000000e+05
1.098361718750000000e+05
1.442837656250000000e+05
1.168255468750000000e+05
2.972496289062500000e+04
4.407897656250000000e+04
3.047817812500000000e+05
3.731948750000000000e+05
2.413375937500000000e+05
1.667898632812500000e+04
2.986599375000000000e+05
1.097102343750000000e+05
3.568032500000000000e+05
4.871766406250000000e+04
6.151097265625000000e+04
4.074446875000000000e+04
6.768695800781250000e+03
2.819485000000000000e+06
4.631197265625000000e+04
1.980225468750000000e+05
7.260141440000000000e+08
1.088922734375000000e+05
5.110843750000000000e+04
4.856698750000000000e+05
5.311866406250000000e+04
8.522467651367187500e+02
6.727741875000000000e+05
9.545413208007812500e+02
1.616344400000000000e+07
1.959239044189453125e+02
8.333953125000000000e+04
4.678531494140625000e+02
1.285449687500000000e+05
5.307640380859375000e+02
1.206466308593750000e+04
7.673651733398437500e+02
6.881782812500000000e+04
1.652137451171875000e+02
5.123395312500000000e+04
9.489192968750000000e+04
2.227891357421875000e+03
6.432504394531250000e+03
3.004282421875000000e+04
4.900349062500000000e+05
1.460603027343750000e+04
8.633567187500000000e+04
6.287669067382812500e+02
4.664914550781250000e+03
4.479576953125000000e+04
4.018233984375000000e+04
1.169932861328125000e+03
8.561104125976562500e+02
8.843888671875000000e+03
2.992372656250000000e+04
9.491644287109375000e+02
2.447052929687500000e+04
3.598875000000000000e+05
2.130061035156250000e+03
3.300563281250000000e+04
2.701157226562500000e+04
1.364370410156250000e+04
8.005132031250000000e+04
8.872763061523437500e+02
2.290039794921875000e+03
1.420544335937500000e+04
3.854373535156250000e+03
6.608339375000000000e+05
3.331983642578125000e+02
1.452088317871093750e+02
1.613438964843750000e+04
3.331983642578125000e+02
8.712142187500000000e+04
1.574653625488281250e+02
2.071630554199218750e+02
1.941757421875000000e+04
9.543482812500000000e+04
8.294956875000000000e+05
8.558623046875000000e+03
2.228935937500000000e+04
3.193352187500000000e+05
5.745686523437500000e+03
8.842667968750000000e+04
1.753958125000000000e+06
8.647741406250000000e+04
1.392175937500000000e+05
1.213235546875000000e+05
5.469509375000000000e+05
3.119824375000000000e+05
5.054855468750000000e+04
5.469509375000000000e+05
7.905382031250000000e+04
8.706395507812500000e+03
1.730332617187500000e+04
2.372582800000000000e+07
5.484066400000000000e+07
1.500556100000000000e+07
6.829758593750000000e+04
1.598751100000000000e+07
4.960602500000000000e+06
1.531959472656250000e+04
4.192383500000000000e+06
1.568879296875000000e+04
4.868728906250000000e+04
3.436960512000000000e+09
2.834372800000000000e+08
2.991704687500000000e+04
6.636157440000000000e+09
2.206518164062500000e+04
2.064530156250000000e+05
5.242545280000000000e+08
2.666793359375000000e+04
3.735282421875000000e+04
9.571628906250000000e+03
7.200489472000000000e+10
6.030150625000000000e+05
5.250145312500000000e+04
1.634557812500000000e+05
1.048380546875000000e+05
2.030101250000000000e+06
7.142015625000000000e+05
1.652477656250000000e+05
6.216556152343750000e+03
3.450523828125000000e+04
1.831223437500000000e+05
6.189092187500000000e+04
4.307737500000000000e+04
1.082149062500000000e+05
3.379841796875000000e+04
5.684531250000000000e+04
9.998322500000000000e+05
4.106121875000000000e+04
1.703101953125000000e+04
1.546341125000000000e+06
1.070707421875000000e+04
1.713594726562500000e+04
2.638460312500000000e+05
3.379841796875000000e+04
5.684531250000000000e+04
9.998322500000000000e+05
9.165055664062500000e+03
1.600025312500000000e+05
6.857740625000000000e+05
1.070707421875000000e+04
1.713594726562500000e+04
2.638460312500000000e+05
7.391924218750000000e+04
9.165055664062500000e+03
1.600025312500000000e+05
6.857740625000000000e+05
1.110927500000000000e+05
7.391924218750000000e+04
1.110927500000000000e+05
3.981401000000000000e+06
1.731349625000000000e+06
1.407368164062500000e+03
3.981401000000000000e+06
1.198145500000000000e+06
1.288132714843750000e+04
1.053341328125000000e+05
8.399140625000000000e+05
2.065108593750000000e+04
3.050224414062500000e+04
1.951967500000000000e+05
1.632494726562500000e+04
1.892293359375000000e+04
3.743482666015625000e+03
1.985872656250000000e+04
3.506324609375000000e+04
6.623028125000000000e+04
1.071675875000000000e+06
1.890565937500000000e+05
1.607171386718750000e+04
2.594462158203125000e+03
1.198222812500000000e+05
7.921626875000000000e+05
6.623028125000000000e+04
1.071675875000000000e+06
1.607171386718750000e+04
7.921626875000000000e+05
9.038904571533203125e+01
4.251850000000000000e+06
7.750281250000000000e+04
2.773782812500000000e+05
4.463568359375000000e+03
1.988941600000000000e+07
2.072436800000000000e+07
4.649080078125000000e+04
1.071675875000000000e+06
7.421258593750000000e+04
5.112973828125000000e+04
1.253165875000000000e+06
4.914371093750000000e+04
1.405256250000000000e+05
3.040065429687500000e+03
3.983602800000000000e+07
5.954955520000000000e+08
9.481305468750000000e+04
5.893789000000000000e+06
4.120583496093750000e+03
8.161262500000000000e+04
3.798473728000000000e+09
7.718246875000000000e+04
1.123488046875000000e+05
6.365135546875000000e+04
2.830179600000000000e+07
8.717900000000000000e+07
1.234037187500000000e+05
1.738691250000000000e+06
1.379959375000000000e+04
1.566651367187500000e+04
1.259166976000000000e+09
3.878752500000000000e+05
1.219469625000000000e+06
4.805140234375000000e+04
5.250503125000000000e+05
8.269214720000000000e+08
4.021722812500000000e+05
6.601719375000000000e+05
2.723146093750000000e+04
2.034237000000000000e+06
2.350711500000000000e+06
3.044252148437500000e+04
3.759463281250000000e+04
7.173217500000000000e+05
2.391643750000000000e+04
7.343757031250000000e+04
6.429621582031250000e+02
3.018305664062500000e+04
2.478812304687500000e+04
1.656792773437500000e+04
5.319450390625000000e+04
4.676837890625000000e+04
1.483802656250000000e+05
2.600105000000000000e+05
1.249479531250000000e+05
4.980834765625000000e+04
2.600105000000000000e+05
1.462542300000000000e+07
5.707902343750000000e+04
5.258774218750000000e+04
1.295182200000000000e+07
9.334009000000000000e+06
1.500556100000000000e+07
1.160736953125000000e+05
1.071675875000000000e+06
3.403652343750000000e+04
5.004532812500000000e+04
2.531569664000000000e+09
1.066063984375000000e+05
2.849014375000000000e+05
6.831672656250000000e+04
6.413518125000000000e+05
1.892293359375000000e+04
5.791893359375000000e+04
6.100545500000000000e+06
5.211973144531250000e+03
8.577312500000000000e+03
1.131452421875000000e+05
1.375113281250000000e+03
1.579450625000000000e+05
3.299317187500000000e+05
4.685173046875000000e+04
9.256926562500000000e+04
4.377153515625000000e+04
3.004577343750000000e+04
6.727741875000000000e+05
9.334009000000000000e+06
1.341500468750000000e+05
2.133681054687500000e+04
3.253195703125000000e+04
9.983706250000000000e+04
1.890565937500000000e+05
2.462316210937500000e+04
9.850551562500000000e+04
4.003075390625000000e+04
2.134772265625000000e+04
6.031592578125000000e+04
4.095237890625000000e+04
5.317766113281250000e+03
2.136853281250000000e+05
2.323525156250000000e+05
9.334009000000000000e+06
3.345910156250000000e+04
1.753519531250000000e+04
3.418437890625000000e+04
3.341751708984375000e+03
1.043963671875000000e+05
2.996936328125000000e+04
4.003075390625000000e+04
6.651957812500000000e+04
9.721958984375000000e+03
4.095237890625000000e+04
2.136853281250000000e+05
3.996518359375000000e+04
4.180313964843750000e+03
3.418437890625000000e+04
1.043963671875000000e+05
6.651957812500000000e+04
3.996518359375000000e+04
6.188690185546875000e+02
3.158580078125000000e+04
4.604631958007812500e+02
2.031074560000000000e+08
2.813524804687500000e+04
2.231424062500000000e+05
1.008335000000000000e+07
1.510066240000000000e+08
4.077817382812500000e+03
2.352803515625000000e+04
3.574537890625000000e+04
2.354905000000000000e+06
1.179862625000000000e+06
2.780844726562500000e+03
2.913372187500000000e+05
2.415637939453125000e+03
3.627497265625000000e+04
1.076463851928710938e+02
2.201876464843750000e+03
5.115027343750000000e+04
1.609467773437500000e+04
1.542514062500000000e+04
2.642627148437500000e+04
5.497567187500000000e+04
1.112765917968750000e+04
6.345500000000000000e+05
3.417167724609375000e+03
6.319312109375000000e+04
9.348265625000000000e+03
1.010168359375000000e+04
4.836469238281250000e+03
4.359938964843750000e+03
9.067362304687500000e+03
2.139174652099609375e+02
4.608559765625000000e+04
2.304579925537109375e+02
4.106121875000000000e+04
4.802927246093750000e+03
7.982348632812500000e+03
2.908281054687500000e+04
3.976380625000000000e+05
2.667263867187500000e+04
1.938215200000000000e+07
1.778676093750000000e+05
3.925810000000000000e+05
1.931834000000000000e+07
5.484156640625000000e+04
1.978624414062500000e+04
1.006941171875000000e+05
1.891921264648437500e+03
1.360934062500000000e+05
5.895232543945312500e+02
3.214496289062500000e+04
2.669523632812500000e+04
2.034208007812500000e+03
1.108129765625000000e+05
5.811473750000000000e+05
1.344626625000000000e+06
8.728027343750000000e+04
2.077433125000000000e+05
4.243640000000000000e+05
2.689661132812500000e+04
1.725876375000000000e+06
1.198222812500000000e+05
1.529497031250000000e+05
4.636380312500000000e+05
1.643381250000000000e+05
4.310901953125000000e+04
5.053572000000000000e+06
2.326505156250000000e+05
3.459377187500000000e+05
8.281599218750000000e+04
3.798491875000000000e+05
7.072062500000000000e+04
4.243640000000000000e+05
4.029101250000000000e+05
1.822676750000000000e+06
5.431118750000000000e+05
7.855607812500000000e+04
1.334493906250000000e+05
1.643381250000000000e+05
3.114930937500000000e+05
1.848682812500000000e+05
3.459377187500000000e+05
3.798491875000000000e+05
7.762165625000000000e+05
9.079506875000000000e+05
1.822676750000000000e+06
7.855607812500000000e+04
3.114930937500000000e+05
7.762165625000000000e+05
5.186098437500000000e+04
7.581426391601562500e+02
6.289379375000000000e+05
3.678803000000000000e+06
1.427406800000000000e+07
1.086734008789062500e+02
9.843378125000000000e+04
9.706427343750000000e+04
1.285449687500000000e+05
8.262207812500000000e+04
1.744446125000000000e+06
2.332554687500000000e+03
2.009559375000000000e+05
3.371003437500000000e+05
5.469338500000000000e+06
9.196642187500000000e+04
2.772796562500000000e+05
5.904646972656250000e+03
6.654677000000000000e+06
4.634408750000000000e+05
2.940730500000000000e+06
1.225983046875000000e+05
1.105906640625000000e+04
3.062493750000000000e+05
2.860394250000000000e+06
9.971678906250000000e+04
8.386175781250000000e+04
2.513173632812500000e+04
8.703426875000000000e+05
5.644470625000000000e+05
1.212058625000000000e+06
6.155016000000000000e+06
3.664945937500000000e+05
1.416190156250000000e+05
6.450734000000000000e+06
1.216056500000000000e+06
1.896732375000000000e+06
3.288313437500000000e+05
1.451262812500000000e+05
2.399398750000000000e+06
2.857994750000000000e+06
2.053643750000000000e+06
9.522848632812500000e+03
1.166031125000000000e+06
1.067933125000000000e+05
2.834224218750000000e+04
5.090306250000000000e+04
7.827010937500000000e+04
4.306135546875000000e+04
9.863628906250000000e+04
2.087217600000000000e+07
2.574336500000000000e+06
2.303804800000000000e+07
1.027831171875000000e+05
1.012421937500000000e+06
6.512062890625000000e+04
1.123448800000000000e+07
3.801206016000000000e+09
1.921390400000000000e+07
7.281060000000000000e+05
2.944866816000000000e+09
1.674181054687500000e+04
5.914534179687500000e+03
1.546969335937500000e+04
3.430614501953125000e+03
6.100545500000000000e+06
9.711931640625000000e+03
1.900445000000000000e+05
5.881845500000000000e+06
8.063694500000000000e+06
1.690341600000000000e+07
2.669984570312500000e+04
1.046934250000000000e+06
3.334480078125000000e+04
5.224187890625000000e+04
1.466862848000000000e+09
4.754905937500000000e+05
8.265051875000000000e+05
1.003898750000000000e+05
9.541899000000000000e+06
1.532445875000000000e+06
2.958936718750000000e+04
1.835082397460937500e+03
2.214787343750000000e+05
6.011768359375000000e+04
1.509869250000000000e+06
1.348830781250000000e+05
4.235731562500000000e+05
1.556356152343750000e+04
1.523494238281250000e+04
9.906411132812500000e+03
5.509467285156250000e+03
8.508692187500000000e+04
6.727741875000000000e+05
5.280468500000000000e+06
3.480130937500000000e+05
1.774315312500000000e+05
3.735143250000000000e+06
6.213742968750000000e+04
2.144989500000000000e+06
1.071210546875000000e+05
8.251789375000000000e+05
4.854337187500000000e+05
5.803819500000000000e+06
2.890870937500000000e+05
7.751630000000000000e+06
2.077361875000000000e+06
2.291302500000000000e+06
7.723951250000000000e+05
5.336760000000000000e+06
4.398230859375000000e+04
3.487321250000000000e+06
1.026392500000000000e+07
5.784103200000000000e+07
7.766629000000000000e+06
3.610943000000000000e+06
5.632925625000000000e+05
5.286797000000000000e+06
3.664145600000000000e+07
2.305554250000000000e+06
2.272890500000000000e+06
4.976580500000000000e+06
2.159360160000000000e+08
6.374818800000000000e+07
5.668238000000000000e+07
3.295438000000000000e+06
3.442960400000000000e+07
2.080327040000000000e+08
1.663110400000000000e+07
5.604338400000000000e+07
1.887907600000000000e+07
9.664592773437500000e+03
5.895189000000000000e+06
6.602902500000000000e+06
8.630168945312500000e+03
3.002127250000000000e+06
5.709024414062500000e+03
5.236504882812500000e+03
7.200489472000000000e+10
1.640288128000000000e+09
3.712472656250000000e+03
6.118775296000000000e+09
1.283230234375000000e+05
2.286981054687500000e+04
4.185665280000000000e+08
3.237197851562500000e+04
4.462733593750000000e+04
6.328299804687500000e+03
7.200489472000000000e+10
4.306333000000000000e+06
7.972798339843750000e+03
6.736887500000000000e+04
5.487682812500000000e+04
7.820053750000000000e+05
3.447040625000000000e+04
9.709278906250000000e+04
1.354172949218750000e+04
7.427717187500000000e+04
3.754390380859375000e+03
6.295160546875000000e+04
4.116356445312500000e+03
1.856652343750000000e+04
4.141401367187500000e+03
9.024576875000000000e+05
1.056923125000000000e+06
3.967954687500000000e+04
6.263133000000000000e+06
3.547775390625000000e+04
5.171365625000000000e+04
5.573637200000000000e+07
4.073366796875000000e+04
6.851828906250000000e+04
1.885901875000000000e+05
2.603702656250000000e+05
1.038192109375000000e+05
1.672967968750000000e+04
6.591585156250000000e+04
7.607358593750000000e+04
3.602241015625000000e+04
1.975027709960937500e+03
3.834543125000000000e+05
1.071675875000000000e+06
2.415746093750000000e+04
3.769122250000000000e+06
2.561533984375000000e+04
4.254075390625000000e+04
2.251549200000000000e+07
1.332414160156250000e+04
3.917239843750000000e+04
1.486016093750000000e+05
5.309637500000000000e+04
8.446182031250000000e+04
3.004577343750000000e+04
5.280468500000000000e+06
3.369383300781250000e+03
5.146185937500000000e+04
1.068102343750000000e+04
4.248355957031250000e+03
6.872587500000000000e+04
2.177740312500000000e+05
3.689612304687500000e+03
1.797167578125000000e+04
1.230828515625000000e+05
1.892293359375000000e+04
5.998404000000000000e+06
3.247845117187500000e+04
3.878385937500000000e+05
7.286140625000000000e+03
1.298209082031250000e+04
1.049713625000000000e+06
6.746892968750000000e+04
3.621820800781250000e+03
2.218571484375000000e+04
2.192210720000000000e+08
1.097304218750000000e+05
1.516700312500000000e+05
2.192210720000000000e+08
7.147536718750000000e+04
3.018058203125000000e+04
1.119269433593750000e+04
3.156589453125000000e+04
3.587531127929687500e+02
2.553226562500000000e+03
3.351092529296875000e+02
1.458138085937500000e+04
7.643953125000000000e+04
7.053335937500000000e+03
5.540537890625000000e+04
1.064537719726562500e+03
1.056481552124023438e+02
3.093424072265625000e+02
3.531626708984375000e+03
8.568392578125000000e+03
2.516567626953125000e+03
2.952166015625000000e+04
1.806080444335937500e+03
1.841505737304687500e+02
4.055073928833007812e+01
3.162495849609375000e+03
4.243280639648437500e+02
1.107623750000000000e+05
1.071675875000000000e+06
3.477405078125000000e+04
1.279388375000000000e+06
3.711120117187500000e+03
7.914782031250000000e+04
3.933035000000000000e+06
2.497775781250000000e+04
1.346826718750000000e+05
7.391776562500000000e+04
2.067280625000000000e+05
2.768495000000000000e+05
3.214603710937500000e+04
1.114049609375000000e+04
5.308758163452148438e+01
4.839304640000000000e+08
9.130114400000000000e+07
1.681785468750000000e+05
1.071675875000000000e+06
5.216461328125000000e+04
3.993512109375000000e+04
1.164777800000000000e+07
2.464892000000000000e+06
1.515645629882812500e+03
1.620702656250000000e+05
1.911980438232421875e+02
1.464629516601562500e+02
9.997380608000000000e+09
1.904214125000000000e+06
1.924516250000000000e+05
6.724345312500000000e+04
3.980240320000000000e+08
1.589247851562500000e+04
1.005808300781250000e+04
6.888306274414062500e+02
1.129131500000000000e+06
5.478865625000000000e+04
3.732476562500000000e+04
1.237794311523437500e+03
6.727741875000000000e+05
1.341500468750000000e+05
9.243327331542968750e+01
6.636015625000000000e+04
4.191712890625000000e+04
6.538776245117187500e+02
5.215908593750000000e+04
9.621751953125000000e+03
7.179118750000000000e+04
1.974657812500000000e+04
2.323525156250000000e+05
1.777540625000000000e+04
2.771229882812500000e+04
2.934923828125000000e+03
9.434595703125000000e+03
1.262133750000000000e+05
2.738600781250000000e+04
8.903431000000000000e+06
2.218607343750000000e+05
1.263701875000000000e+05
8.903431000000000000e+06
1.053898925781250000e+04
1.168725292968750000e+04
8.422085937500000000e+03
1.096035058593750000e+04
1.858682500000000000e+06
1.097304218750000000e+05
7.916083125000000000e+05
2.186338958740234375e+02
9.133397460937500000e+03
1.648318125000000000e+06
2.394736562500000000e+05
3.776412000000000000e+06
1.198222812500000000e+05
2.072436800000000000e+07
1.932399902343750000e+02
7.620367675781250000e+03
1.968163085937500000e+03
1.648318125000000000e+06
2.394736562500000000e+05
5.904679200000000000e+07
2.072436800000000000e+07
7.620367675781250000e+03
1.968163085937500000e+03
3.646315625000000000e+05
5.904679200000000000e+07
3.646315625000000000e+05
7.260141440000000000e+08
1.801601600000000000e+07
9.334009000000000000e+06
1.569225937500000000e+05
2.025062400000000000e+07
1.988941600000000000e+07
4.679711328125000000e+04
7.848445000000000000e+05
4.874936328125000000e+04
7.433542187500000000e+04
7.200489472000000000e+10
6.089823027200000000e+10
1.383303875000000000e+06
2.524033792000000000e+09
2.557441562500000000e+05
1.340215312500000000e+05
2.478152960000000000e+09
9.980508593750000000e+04
7.791240625000000000e+04
4.583339062500000000e+04
7.200489472000000000e+10
2.705771000000000000e+06
1.825178000000000000e+06
3.961441250000000000e+05
4.858329687500000000e+05
1.840405500000000000e+06
9.653129600000000000e+07
3.768169687500000000e+05
6.054781440000000000e+08
1.479270898437500000e+04
1.040624312500000000e+06
5.748579296875000000e+04
4.468093750000000000e+05
1.084795699200000000e+10
1.368847375000000000e+06
7.234239062500000000e+04
9.310076000000000000e+06
6.100545500000000000e+06
6.651779687500000000e+04
4.910917968750000000e+04
7.016082500000000000e+06
2.782572509765625000e+03
6.263392578125000000e+04
1.459113159179687500e+03
9.843505859375000000e+03
6.945278930664062500e+02
9.340734375000000000e+03
1.361976718750000000e+05
1.078718017578125000e+03
5.187559204101562500e+02
2.389023437500000000e+03
1.069217382812500000e+04
1.498562375000000000e+06
8.261940000000000000e+05
4.588989843750000000e+04
3.595348828125000000e+04
1.281861375000000000e+06
2.520783007812500000e+04
7.380582812500000000e+04
6.504404000000000000e+06
4.119274687500000000e+05
7.496068750000000000e+05
5.533578125000000000e+04
1.714775937500000000e+05
1.380561600000000000e+07
3.793476953125000000e+04
5.149671875000000000e+04
1.719479492187500000e+03
5.093389453125000000e+04
3.578999600000000000e+07
4.112215820312500000e+03
1.407081406250000000e+05
4.570688964843750000e+03
6.631105468750000000e+04
4.019842773437500000e+03
2.957065000000000000e+05
2.936211523437500000e+04
1.278692031250000000e+05
2.724239453125000000e+04
1.086717773437500000e+03
4.633441796875000000e+04
3.568029052734375000e+03
1.796946875000000000e+05
2.888070507812500000e+04
2.144989500000000000e+06
3.789683593750000000e+04
4.135566894531250000e+03
1.093916875000000000e+05
9.346767578125000000e+03
4.408694335937500000e+03
2.975894335937500000e+04
2.240033250000000000e+06
5.604338400000000000e+07
1.500556100000000000e+07
5.700346093750000000e+04
1.948014500000000000e+06
3.550311500000000000e+06
6.421791406250000000e+04
2.718621250000000000e+06
4.018455937500000000e+05
4.861258593750000000e+04
1.832399667200000000e+10
1.183317360000000000e+08
1.102405250000000000e+06
3.816192512000000000e+09
6.113275200000000000e+07
1.066632200000000000e+07
1.410151040000000000e+08
1.519760625000000000e+06
2.212760250000000000e+06
1.968379375000000000e+06
7.200489472000000000e+10
2.382304051200000000e+10
7.777930400000000000e+07
3.295296512000000000e+09
1.038703840000000000e+08
7.200489472000000000e+10
6.232574609375000000e+04
1.456769375000000000e+05
8.100253125000000000e+04
4.299635546875000000e+04
9.301573242187500000e+03
4.567364453125000000e+04
7.966124511718750000e+03
1.170373125000000000e+05
1.432794433593750000e+04
3.564353750000000000e+06
2.043099023437500000e+04
1.546341125000000000e+06
3.614912500000000000e+04
1.432794433593750000e+04
3.564353750000000000e+06
1.308658437500000000e+05
3.614912500000000000e+04
1.308658437500000000e+05
2.375033281250000000e+05
3.022649062500000000e+05
7.315163750000000000e+05
1.423137250000000000e+06
5.761707200000000000e+07
1.211334400000000000e+07
1.015444843750000000e+05
2.307521000000000000e+06
1.798124414062500000e+04
5.203547656250000000e+04
5.592171008000000000e+09
9.572734375000000000e+04
2.031284218750000000e+05
3.382766406250000000e+04
5.087467187500000000e+05
7.260141440000000000e+08
1.500556100000000000e+07
4.872296093750000000e+04
2.072436800000000000e+07
3.921776250000000000e+05
5.100856250000000000e+04
7.200489472000000000e+10
1.985248250000000000e+06
1.297986562500000000e+05
6.539708203125000000e+04
4.732088437500000000e+05
1.203335937500000000e+05
6.282328125000000000e+03
2.985842773437500000e+03
4.048881250000000000e+04
5.753408050537109375e+01
4.250113281250000000e+04
7.315163000000000000e+06
5.352706640625000000e+04
1.833198242187500000e+03
7.625829375000000000e+05
3.013180312500000000e+05
9.791005859375000000e+03
6.583695312500000000e+03
1.172978906250000000e+04
3.150793457031250000e+03
3.278244628906250000e+03
5.293300000000000000e+06
1.308802109375000000e+05
8.693786875000000000e+05
2.620679931640625000e+03
1.339430761718750000e+04
2.040486206054687500e+03
1.071675875000000000e+06
8.275113281250000000e+03
4.608775000000000000e+04
2.301184765625000000e+04
1.150085078125000000e+05
9.095210937500000000e+04
2.639785742187500000e+04
8.691702343750000000e+04
1.140127343750000000e+04
1.892293359375000000e+04
3.056953613281250000e+03
2.627782714843750000e+03
1.000443687500000000e+06
1.392180600000000000e+07
1.530372265625000000e+04
1.309710750000000000e+06
6.953208007812500000e+03
1.523042480468750000e+04
6.096185600000000000e+08
1.199510937500000000e+04
1.554708281250000000e+05
8.539193750000000000e+04
1.778516500000000000e+06
1.025247802734375000e+02
8.898654687500000000e+04
4.108740625000000000e+05
1.511233750000000000e+05
2.316318554687500000e+04
1.353017480468750000e+04
7.619940625000000000e+05
7.164003906250000000e+04
2.135040468750000000e+05
3.385328906250000000e+04
3.636375000000000000e+04
5.303430000000000000e+07
1.209450400000000000e+07
9.693615625000000000e+04
2.386940800000000000e+08
3.911440750000000000e+06
1.174688281250000000e+05
2.591798067200000000e+10
5.273673200000000000e+07
1.203733800000000000e+07
2.406694560000000000e+08
2.709511168000000000e+10
6.100545500000000000e+06
1.224088574218750000e+04
9.477928750000000000e+05
2.391575164794921875e+02
3.076999218750000000e+04
8.219232500000000000e+06
4.685472265625000000e+04
5.092161621093750000e+03
2.882117187500000000e+05
8.242438125000000000e+05
1.208662187500000000e+05
2.391908480000000000e+08
1.305166100000000000e+07
5.326831250000000000e+04
2.114695200000000000e+07
1.197314000000000000e+06
6.335519921875000000e+04
7.200489472000000000e+10
2.108434250000000000e+06
2.272594062500000000e+05
5.182569000000000000e+06
4.342815200000000000e+07
9.762073437500000000e+04
6.726429687500000000e+04
9.732437500000000000e+04
2.404705859375000000e+04
1.563073906250000000e+05
1.499720019531250000e+04
1.099434509277343750e+02
2.227508789062500000e+03
2.702507617187500000e+04
8.110797363281250000e+03
3.844990722656250000e+03
8.983884429931640625e+01
1.017852050781250000e+04
1.902955200195312500e+03
4.140605078125000000e+04
5.747500976562500000e+03
1.447544800000000000e+07
2.553303593750000000e+05
2.025668800000000000e+07
1.966177812500000000e+05
3.742499000000000000e+06
6.147032812500000000e+04
3.001314250000000000e+06
3.307506176000000000e+09
9.952877500000000000e+05
1.063268000000000000e+06
9.555163200000000000e+07
5.299284375000000000e+05
6.113999500000000000e+06
1.087748500000000000e+07
1.039659531250000000e+05
4.320059375000000000e+04
1.180150625000000000e+06
4.529292187500000000e+04
1.071675875000000000e+06
1.890565937500000000e+05
1.198222812500000000e+05
4.446573600000000000e+07
7.336840800000000000e+07
5.299284375000000000e+05
1.359159424000000000e+09
6.113999500000000000e+06
1.087748500000000000e+07
2.505411750000000000e+06
4.320059375000000000e+04
1.180150625000000000e+06
1.071675875000000000e+06
4.114338400000000000e+07
4.446573600000000000e+07
7.336840800000000000e+07
1.359159424000000000e+09
2.505411750000000000e+06
4.114338400000000000e+07
9.089277343750000000e+03
8.716086578369140625e+01
4.763558578491210938e+01
2.853170507812500000e+04
2.632937812500000000e+05
4.076670312500000000e+04
1.959752812500000000e+05
7.629262000000000000e+06
1.471878320312500000e+04
3.548935937500000000e+04
3.346012250000000000e+06
2.302480078125000000e+04
5.301526953125000000e+04
2.335476074218750000e+03
6.370420898437500000e+03
1.850016480000000000e+08
2.137599375000000000e+05
3.776412000000000000e+06
1.850016480000000000e+08
1.379508700000000000e+07
1.657884700000000000e+07
2.679241406250000000e+04
1.071675875000000000e+06
1.291425683593750000e+04
5.816009765625000000e+04
3.293021952000000000e+09
1.136704882812500000e+04
2.439805937500000000e+05
3.509693359375000000e+04
9.723864843750000000e+04
2.668813125000000000e+05
3.453622802734375000e+03
1.579058500000000000e+07
1.640772343750000000e+05
5.134425000000000000e+04
3.152138750000000000e+05
3.018104492187500000e+04
3.218818945312500000e+04
6.962372070312500000e+03
1.000798687500000000e+06
1.016319335937500000e+04
5.510038671875000000e+04
5.320826250000000000e+05
4.873309375000000000e+04
2.587424804687500000e+04
1.190031875000000000e+06
1.048615000000000000e+06
1.500556100000000000e+07
1.039980859375000000e+05
5.368007031250000000e+04
2.145222968750000000e+05
1.421992187500000000e+04
3.688755312500000000e+05
1.226331054687500000e+04
2.655399902343750000e+03
4.224263281250000000e+04
2.185124218750000000e+04
1.341500468750000000e+05
1.211060449218750000e+04
3.238269531250000000e+04
1.034406347656250000e+04
5.280468500000000000e+06
2.378899902343750000e+03
5.000477734375000000e+04
2.492961132812500000e+04
8.205862304687500000e+03
6.575192187500000000e+04
2.488415937500000000e+05
8.619737304687500000e+03
4.827523046875000000e+04
1.897121250000000000e+06
5.670725625000000000e+05
2.060368400000000000e+07
1.249466406250000000e+04
1.365001750000000000e+06
6.260501562500000000e+04
7.609883125000000000e+05
1.260062560000000000e+08
9.079088000000000000e+06
3.085765937500000000e+05
3.601288800000000000e+07
2.700588085937500000e+04
6.568798125000000000e+05
8.236301250000000000e+05
7.636310156250000000e+04
8.387047851562500000e+03
2.860260250000000000e+06
4.470132812500000000e+04
1.084350546875000000e+05
2.326515200000000000e+07
1.780719687500000000e+05
8.848556875000000000e+05
3.950235600000000000e+07
1.552376000000000000e+07
9.830888000000000000e+06
1.376850312500000000e+05
1.643364500000000000e+06
2.372734500000000000e+06
3.284978750000000000e+05
9.519734375000000000e+05
1.277786171875000000e+05
1.873487968750000000e+05
1.741929600000000000e+09
1.284878976000000000e+09
3.950235600000000000e+07
3.053253632000000000e+09
1.552376000000000000e+07
9.830888000000000000e+06
3.148400960000000000e+08
1.643364500000000000e+06
2.372734500000000000e+06
9.519734375000000000e+05
7.200489472000000000e+10
1.741929600000000000e+09
1.284878976000000000e+09
3.053253632000000000e+09
3.148400960000000000e+08
7.200489472000000000e+10
6.089553500000000000e+06
2.022049023437500000e+04
4.700553750000000000e+05
3.351518554687500000e+02
4.260604296875000000e+04
2.225288250000000000e+06
6.058278906250000000e+04
2.460044335937500000e+04
1.487876562500000000e+05
4.173380312500000000e+05
1.817565312500000000e+05
6.669425280000000000e+08
9.794298000000000000e+06
5.332610937500000000e+04
1.988941600000000000e+07
8.866803750000000000e+05
2.500371289062500000e+04
6.252506316800000000e+10
3.683306750000000000e+06
1.659318593750000000e+05
9.130625625000000000e+05
2.508031200000000000e+07
4.369312500000000000e+04
1.540040234375000000e+04
4.408854003906250000e+03
2.572556054687500000e+04
1.423655468750000000e+05
1.802554218750000000e+05
1.424965429687500000e+04
1.384128125000000000e+05
9.019695000000000000e+06
8.579428125000000000e+04
2.174324531250000000e+05
4.683010937500000000e+04
7.827272656250000000e+04
2.522971875000000000e+04
3.418729250000000000e+06
2.535945312500000000e+03
5.504081250000000000e+05
2.481073242187500000e+04
2.789254687500000000e+04
5.998186250000000000e+05
1.513167656250000000e+05
1.317398730468750000e+04
2.816848437500000000e+05
8.113891406250000000e+04
2.099900000000000000e+06
7.229749218750000000e+04
8.113891406250000000e+04
4.773717880249023438e+01
4.424175000000000000e+04
1.514255332946777344e+01
8.025542187500000000e+04
1.078254638671875000e+03
8.531310625000000000e+05
1.108088531494140625e+02
3.766287500000000000e+05
2.513138750000000000e+06
7.431748437500000000e+04
5.316807421875000000e+04
1.198222812500000000e+05
2.063445556640625000e+03
8.508421250000000000e+05
3.683472250000000000e+06
1.369329843750000000e+05
4.132806875000000000e+05
1.482928125000000000e+04
4.994393437500000000e+05
4.106606445312500000e+03
3.586380250000000000e+06
2.803737500000000000e+05
2.513138750000000000e+06
1.042076640625000000e+05
1.153281171875000000e+05
3.471566796875000000e+04
1.039198187500000000e+06
6.669410625000000000e+05
3.683472250000000000e+06
3.388970625000000000e+05
3.926968750000000000e+04
4.994393437500000000e+05
3.586380250000000000e+06
9.299201250000000000e+05
2.688206562500000000e+05
1.153281171875000000e+05
1.039198187500000000e+06
3.388970625000000000e+05
9.299201250000000000e+05
3.471983984375000000e+04
1.892293359375000000e+04
6.100545500000000000e+06
1.307571166992187500e+03
3.019485625000000000e+05
8.577312500000000000e+03
2.157835156250000000e+04
8.506466250000000000e+05
1.579450625000000000e+05
2.616931152343750000e+03
1.143665781250000000e+05
4.013821250000000000e+06
2.906979980468750000e+03
4.358350937500000000e+05
7.735310625000000000e+05
4.961761328125000000e+04
1.635270019531250000e+04
8.191815000000000000e+05
5.222499000000000000e+06
1.569232519531250000e+04
3.764170312500000000e+04
1.590739843750000000e+04
9.003335156250000000e+04
1.117501750000000000e+06
3.546581875000000000e+05
2.624967500000000000e+05
2.598203906250000000e+04
1.168725292968750000e+04
1.381283984375000000e+04
1.080024316406250000e+04
4.087413574218750000e+03
3.004577343750000000e+04
5.303244500000000000e+06
2.980876464843750000e+03
1.492176757812500000e+04
1.051388964843750000e+04
2.481322265625000000e+03
9.026574218750000000e+03
2.151835000000000000e+05
8.009788574218750000e+03
1.184346289062500000e+04
8.072382000000000000e+06
7.260141440000000000e+08
1.566829900000000000e+07
6.281398046875000000e+04
4.985682000000000000e+06
3.936022187500000000e+05
5.721404785156250000e+03
2.085132800000000000e+07
9.479320625000000000e+05
6.886857812500000000e+04
2.158802124800000000e+10
5.933468400000000000e+07
1.827564687500000000e+05
7.200489472000000000e+10
3.624757000000000000e+06
5.591254375000000000e+05
2.177533440000000000e+08
1.848242031250000000e+05
2.253617968750000000e+04
4.306887500000000000e+06
7.200489472000000000e+10
2.818405440000000000e+08
4.220739375000000000e+05
5.252381600000000000e+07
4.991557500000000000e+06
8.625314560000000000e+08
4.462482812500000000e+04
8.178981250000000000e+04
3.450043750000000000e+04
1.007635781250000000e+05
1.245070800781250000e+04
8.390248437500000000e+04
8.350593872070312500e+02
9.172245117187500000e+03
5.604338400000000000e+07
1.500556100000000000e+07
9.861577343750000000e+04
2.718621250000000000e+06
1.286563574218750000e+04
3.927969140625000000e+04
3.816192512000000000e+09
6.908532812500000000e+04
4.446058750000000000e+05
3.385018750000000000e+04
2.420191250000000000e+05
1.144677125000000000e+06
2.630652099609375000e+03
1.440920800781250000e+04
8.509850000000000000e+05
5.875342500000000000e+06
8.372231250000000000e+04
1.882774843750000000e+05
9.354116210937500000e+03
1.571788593750000000e+05
1.234249200000000000e+08
8.795193125000000000e+05
5.539026500000000000e+06
1.770410625000000000e+05
1.154612480000000000e+08
5.322260480000000000e+08
1.296593500000000000e+07
1.380551100000000000e+07
2.059010351562500000e+04
2.044385200000000000e+07
1.988941600000000000e+07
1.379008125000000000e+05
9.602646250000000000e+05
5.144978515625000000e+04
6.568755468750000000e+04
7.200489472000000000e+10
7.200489472000000000e+10
3.774799000000000000e+06
2.998633728000000000e+09
6.182708125000000000e+05
3.625977187500000000e+05
3.033737472000000000e+09
5.841992000000000000e+06
1.205245250000000000e+06
9.642930468750000000e+04
7.200489472000000000e+10
3.000039360000000000e+08
4.070069440000000000e+08
1.370913100000000000e+07
3.576215200000000000e+07
4.371149312000000000e+09
3.728313437500000000e+05
1.341500468750000000e+05
2.057410351562500000e+04
3.728313437500000000e+05
2.688529200000000000e+07
2.532073593750000000e+05
2.072436800000000000e+07
1.346293066406250000e+04
3.793033500000000000e+06
4.349530859375000000e+04
6.719624375000000000e+05
8.262025600000000000e+08
1.454764625000000000e+06
4.443991406250000000e+04
8.490694375000000000e+05
1.182112890625000000e+04
1.013052734375000000e+05
9.841708984375000000e+02
6.090131347656250000e+03
3.004577343750000000e+04
1.476524375000000000e+06
7.831397500000000000e+05
9.130225781250000000e+04
8.265229492187500000e+03
1.118476250000000000e+06
3.940249218750000000e+04
9.813037500000000000e+04
5.638516500000000000e+06
2.545169062500000000e+05
8.564668125000000000e+05
2.282612109375000000e+04
2.531960500000000000e+06
5.436735625000000000e+05
3.437638281250000000e+04
1.339892750000000000e+06
1.600967187500000000e+05
2.966615000000000000e+05
1.676226125000000000e+06
1.154922960000000000e+08
4.599630371093750000e+03
3.028761523437500000e+04
5.911303125000000000e+04
5.074185156250000000e+04
1.013052734375000000e+05
7.099656982421875000e+02
3.464419433593750000e+03
2.254768676757812500e+02
1.877502750000000000e+06
3.085924023437500000e+04
1.101424331665039062e+02
1.198222812500000000e+05
1.126397363281250000e+04
8.150972290039062500e+02
1.369004000000000000e+06
8.503120312500000000e+04
8.127479248046875000e+02
1.258297958374023438e+02
7.949860937500000000e+04
7.985470214843750000e+03
1.677860351562500000e+03
2.976547851562500000e+02
1.877502750000000000e+06
7.118724975585937500e+02
2.609455156250000000e+05
4.027702734375000000e+04
3.219375732421875000e+03
1.295371582031250000e+03
1.369004000000000000e+06
4.833740844726562500e+02
2.004057769775390625e+02
7.949860937500000000e+04
1.677860351562500000e+03
2.276041503906250000e+03
1.414476318359375000e+03
2.609455156250000000e+05
3.219375732421875000e+03
4.833740844726562500e+02
2.276041503906250000e+03
1.262384872436523438e+02
7.159536718750000000e+04
2.438006750000000000e+06
1.198222812500000000e+05
5.318151855468750000e+03
1.301943906250000000e+05
2.438006750000000000e+06
1.301943906250000000e+05
2.017618359375000000e+04
1.168725292968750000e+04
4.546833496093750000e+03
1.660066796875000000e+04
3.102921500000000000e+06
1.152649000000000000e+07
4.869402343750000000e+04
1.046384800000000000e+07
9.016791875000000000e+05
6.902948437500000000e+04
1.070771328000000000e+09
3.308049000000000000e+06
1.049186600000000000e+07
1.041661400000000000e+07
1.124026496000000000e+09
1.854304101562500000e+04
4.560174720000000000e+08
1.276158593750000000e+04
4.823436718750000000e+04
1.926613437500000000e+05
4.091264453125000000e+04
8.522467651367187500e+02
1.318967500000000000e+06
5.280468500000000000e+06
1.500556100000000000e+07
1.057364273071289062e+02
3.490173437500000000e+04
3.427097656250000000e+04
2.554501718750000000e+05
5.345024218750000000e+04
8.159223750000000000e+05
2.033981933593750000e+03
1.243532109375000000e+05
2.698167968750000000e+04
3.247205937500000000e+05
9.157704687500000000e+04
2.630405625000000000e+05
6.300967773437500000e+03
1.899677500000000000e+06
1.810459750000000000e+06
5.482478000000000000e+06
4.262741796875000000e+04
5.085070312500000000e+03
5.683014062500000000e+04
1.561994250000000000e+06
7.533715625000000000e+04
2.023758398437500000e+04
3.310510742187500000e+03
1.191137187500000000e+05
5.482623125000000000e+05
3.131244335937500000e+04
1.500004875000000000e+06
2.945901562500000000e+05
2.297697187500000000e+05
4.333751000000000000e+06
1.864415625000000000e+05
1.808132500000000000e+05
1.940186093750000000e+05
1.518563476562500000e+04
7.298110156250000000e+04
1.580816500000000000e+06
1.754383125000000000e+05
6.331141015625000000e+04
7.323928125000000000e+04
2.193659960937500000e+04
9.830481600000000000e+07
1.500556100000000000e+07
1.199276875000000000e+05
2.669523632812500000e+04
3.002940400000000000e+07
7.861550781250000000e+04
6.906451562500000000e+04
1.336432128906250000e+04
4.696186718750000000e+04
1.445642395019531250e+02
1.551895756800000000e+10
6.352666800000000000e+07
1.220648250000000000e+06
1.694812800000000000e+07
7.412115000000000000e+05
2.839450439453125000e+03
1.838637375000000000e+06
1.527546125000000000e+06
6.349801269531250000e+03
1.000337585449218750e+03
5.434372608000000000e+09
5.937430000000000000e+07
4.474319687500000000e+05
6.532458984375000000e+04
5.058212109375000000e+04
7.912896500000000000e+06
1.317185058593750000e+04
4.353411000000000000e+06
1.353153281250000000e+05
4.758002343750000000e+04
4.353411000000000000e+06
1.178393359375000000e+05
8.216876250000000000e+05
3.074110603332519531e+01
1.071675875000000000e+06
7.331035156250000000e+04
5.085066015625000000e+04
1.194546200000000000e+07
1.212972167968750000e+03
1.232434082031250000e+03
7.323369531250000000e+04
4.133598046875000000e+04
9.383585937500000000e+03
8.008117968750000000e+04
2.895594482421875000e+03
9.364560546875000000e+03
1.441516113281250000e+03
6.964033750000000000e+05
1.923645703125000000e+04
3.026774062500000000e+05
5.944840234375000000e+04
8.896050415039062500e+02
2.870431562500000000e+05
1.875195312500000000e+04
2.030877539062500000e+04
2.155381250000000000e+04
1.713300960000000000e+08
1.133215100000000000e+07
8.212535937500000000e+04
4.610779200000000000e+08
2.741260625000000000e+05
4.209275000000000000e+04
7.200489472000000000e+10
7.122406250000000000e+05
1.846774375000000000e+05
7.985432500000000000e+05
1.985125200000000000e+07
1.837728480000000000e+08
1.500556100000000000e+07
6.508330859375000000e+04
2.859111040000000000e+08
2.658167578125000000e+04
5.017976562500000000e+04
7.200489472000000000e+10
7.570317187500000000e+04
2.064301718750000000e+05
3.061809375000000000e+04
7.888426250000000000e+05
2.945164062500000000e+04
7.922170000000000000e+05
6.053508203125000000e+04
3.957467578125000000e+04
5.519173828125000000e+04
7.070548800000000000e+07
1.133215100000000000e+07
1.414385156250000000e+04
3.388726250000000000e+06
3.645902587890625000e+03
4.339437890625000000e+04
6.458944512000000000e+09
1.665827500000000000e+05
2.343363750000000000e+05
5.881853515625000000e+04
8.999349000000000000e+06
2.321352640000000000e+08
9.871341000000000000e+06
1.964126562500000000e+04
4.767820800000000000e+07
3.371040625000000000e+04
9.573299804687500000e+03
1.970108211200000000e+10
3.151606562500000000e+05
8.212198437500000000e+04
1.426833437500000000e+05
1.377971375000000000e+06
3.748372802734375000e+02
7.077797698974609375e+01
9.905485351562500000e+03
1.266464233398437500e+02
1.146734900000000000e+07
1.049082578125000000e+05
5.217003515625000000e+04
2.073007968750000000e+05
1.987830000000000000e+05
3.776412000000000000e+06
5.935630859375000000e+03
1.987830000000000000e+05
6.100545500000000000e+06
4.405325390625000000e+04
6.026764375000000000e+05
5.241265234375000000e+04
2.391908480000000000e+08
1.133215100000000000e+07
3.856621250000000000e+05
9.147119140625000000e+03
2.072436800000000000e+07
1.057494296875000000e+05
1.534632250000000000e+06
1.588173632812500000e+04
2.757741210937500000e+04
7.590648803710937500e+02
7.200489472000000000e+10
1.034708160000000000e+09
9.629628000000000000e+07
2.735663600000000000e+07
8.234170500000000000e+06
1.780201875000000000e+05
2.665089600000000000e+07
1.365406900000000000e+07
1.039010390625000000e+05
1.166277734375000000e+04
7.200489472000000000e+10
5.452732006400000000e+10
1.002315136000000000e+09
1.918234000000000000e+07
2.564140800000000000e+07
7.200489472000000000e+10
2.555009765625000000e+04
8.771835937500000000e+04
1.810208789062500000e+04
3.947197250000000000e+06
1.822840234375000000e+04
4.391353125000000000e+04
9.035557031250000000e+04
5.649823600000000000e+07
3.670395750000000000e+06
5.753065625000000000e+04
1.097406347656250000e+04
2.072436800000000000e+07
5.977804375000000000e+05
9.469020000000000000e+05
5.149671875000000000e+04
7.191309375000000000e+04
4.559819030761718750e+02
1.386379571200000000e+10
8.347148160000000000e+08
2.143801562500000000e+05
2.649600400000000000e+07
4.813974609375000000e+04
1.230583374023437500e+03
1.499309760000000000e+08
4.400428000000000000e+06
2.102107226562500000e+04
5.911037597656250000e+03
7.200489472000000000e+10
4.512056000000000000e+06
1.736952656250000000e+05
4.768441406250000000e+04
3.145676250000000000e+05
1.670801500000000000e+07
5.220502734375000000e+04
8.310508125000000000e+05
1.490305000000000000e+05
5.416800625000000000e+05
5.076425280000000000e+08
1.678576000000000000e+07
7.424610351562500000e+03
2.072436800000000000e+07
1.115650078125000000e+05
4.161083593750000000e+04
7.200489472000000000e+10
5.245768750000000000e+05
1.606037968750000000e+05
6.001448125000000000e+05
3.108569600000000000e+07
3.151234062500000000e+05
4.054564208984375000e+03
5.359683609008789062e+01
7.414583129882812500e+02
6.472863281250000000e+04
6.433703750000000000e+05
4.108864062500000000e+04
1.391731250000000000e+05
1.896922656250000000e+04
2.917787170410156250e+02
4.508270703125000000e+04
1.551210815429687500e+03
1.659856250000000000e+04
2.232443847656250000e+03
4.361922851562500000e+03
3.853259277343750000e+03
1.265751220703125000e+03
5.390224609375000000e+02
1.475418125000000000e+05
5.341862500000000000e+06
1.032570781250000000e+05
1.098915161132812500e+03
1.110116796875000000e+04
5.386943000000000000e+06
1.088726269531250000e+04
3.002956787109375000e+03
4.625437187500000000e+05
1.112655859375000000e+05
8.578376464843750000e+02
5.606431579589843750e+01
7.367763281250000000e+04
8.400795898437500000e+02
9.117000000000000000e+04
1.343492187500000000e+03
6.188324609375000000e+04
3.061000400000000000e+07
7.902534500000000000e+06
1.529084200000000000e+07
4.336711718750000000e+04
1.899427625000000000e+06
5.361532000000000000e+06
1.357496250000000000e+05
1.010945812500000000e+06
1.388950097656250000e+04
5.512408984375000000e+04
3.850863360000000000e+08
1.504673280000000000e+09
9.950135000000000000e+05
1.336345728000000000e+09
1.443276875000000000e+05
6.396195625000000000e+05
1.075956480000000000e+08
4.445814062500000000e+04
7.150316250000000000e+05
4.611483593750000000e+04
7.446414720000000000e+08
1.438463375000000000e+06
1.033716375000000000e+06
1.036276750000000000e+06
8.274240625000000000e+05
1.648153125000000000e+06
5.149671875000000000e+04
1.689904907226562500e+03
6.045921093750000000e+04
2.470246826171875000e+03
1.304256439208984375e+02
1.942011132812500000e+04
1.177826500000000000e+06
1.147408593750000000e+05
9.457002563476562500e+02
3.227121289062500000e+04
1.177826500000000000e+06
3.227121289062500000e+04
1.410532960000000000e+08
2.570221093750000000e+04
1.917761250000000000e+05
5.889231875000000000e+05
9.130531250000000000e+04
4.954201965332031250e+02
4.991305859375000000e+04
8.621427612304687500e+02
1.133215100000000000e+07
2.504475593566894531e+01
3.415787890625000000e+04
1.085375244140625000e+03
2.597237695312500000e+04
2.465840606689453125e+02
2.805991455078125000e+03
4.954201965332031250e+02
4.991305859375000000e+04
8.621427612304687500e+02
3.912519000000000000e+06
7.356607421875000000e+03
8.524888305664062500e+02
2.495286132812500000e+03
4.047048583984375000e+03
3.102120937500000000e+05
1.566400488281250000e+04
2.597237695312500000e+04
2.465840606689453125e+02
2.805991455078125000e+03
6.132374511718750000e+03
7.356607421875000000e+03
8.524888305664062500e+02
2.495286132812500000e+03
4.047048583984375000e+03
3.102120937500000000e+05
1.566400488281250000e+04
2.687083007812500000e+03
3.577706640625000000e+04
9.727866821289062500e+02
7.444692871093750000e+03
6.132374511718750000e+03
2.687083007812500000e+03
3.577706640625000000e+04
9.727866821289062500e+02
7.444692871093750000e+03
2.187987792968750000e+03
2.187987792968750000e+03
2.414841015625000000e+04
4.405741406250000000e+04
1.352383984375000000e+04
7.661428222656250000e+03
5.267688000000000000e+06
1.784427200000000000e+07
9.917817968750000000e+04
2.678117382812500000e+04
8.133104687500000000e+04
1.091565703125000000e+05
3.079905468750000000e+04
5.402149218750000000e+04
2.819135742187500000e+04
5.730417187500000000e+04
1.168725292968750000e+04
1.649425195312500000e+04
1.192000000000000000e+04
1.043710400000000000e+08
1.607413671875000000e+04
8.192596093750000000e+04
1.806875625000000000e+06
2.078593292236328125e+02
3.622177001953125000e+03
6.609462500000000000e+04
1.198222812500000000e+05
2.424111480712890625e+02
2.480141357421875000e+03
6.609462500000000000e+04
2.480141357421875000e+03
5.517564062500000000e+04
3.004577343750000000e+04
1.013052734375000000e+05
4.152723632812500000e+03
2.084128906250000000e+04
1.960424804687500000e+04
7.358873291015625000e+02
1.033508789062500000e+04
2.070595397949218750e+02
3.264617968750000000e+04
1.370449023437500000e+04
5.386248046875000000e+04
1.141237915039062500e+03
6.372845703125000000e+03
9.601671752929687500e+02
3.770900000000000000e+04
8.223082031250000000e+03
1.727180328369140625e+02
1.412829394531250000e+04
4.915512695312500000e+03
9.468896484375000000e+03
1.687214965820312500e+03
1.660405664062500000e+04
2.915826416015625000e+03
4.405814453125000000e+03
4.410090332031250000e+03
9.122043609619140625e+01
1.375307464599609375e+02
1.493874664306640625e+02
9.402632031250000000e+04
1.375307464599609375e+02
6.733312011718750000e+03
5.040176773071289062e+01
1.144193954467773438e+02
4.717704687500000000e+05
6.078471069335937500e+02
5.153144921875000000e+04
1.884983984375000000e+04
5.284603125000000000e+05
8.025758750000000000e+05
2.544317500000000000e+06
1.183021100000000000e+07
6.632502500000000000e+05
4.290388125000000000e+05
1.710919250000000000e+06
1.045096300000000000e+07
2.934737500000000000e+06
2.581901750000000000e+06
1.627134400000000000e+08
1.679493750000000000e+04
4.245376000000000000e+06
1.198222812500000000e+05
2.934737500000000000e+06
9.137291200000000000e+07
1.627134400000000000e+08
4.245376000000000000e+06
9.137291200000000000e+07
4.121730804443359375e+01
4.317921386718750000e+03
6.693595312500000000e+04
1.198222812500000000e+05
3.068748779296875000e+02
1.133016210937500000e+04
6.693595312500000000e+04
1.133016210937500000e+04
1.266170078125000000e+05
4.478829296875000000e+04
2.465547460937500000e+04
6.675528906250000000e+04
3.941174926757812500e+02
6.016163500000000000e+06
7.712097778320312500e+02
5.006301250000000000e+05
3.596813250000000000e+06
1.537520156250000000e+05
8.260403906250000000e+04
1.198222812500000000e+05
2.234734375000000000e+03
5.501011250000000000e+05
1.073019000000000000e+07
1.592081406250000000e+05
1.740499531250000000e+05
1.031086875000000000e+05
3.130577812500000000e+05
6.172419921875000000e+03
6.382954000000000000e+06
4.613365937500000000e+05
3.596813250000000000e+06
1.260116640625000000e+05
7.520378125000000000e+04
1.950841601562500000e+04
8.924645000000000000e+05
5.747104375000000000e+05
1.073019000000000000e+07
3.592041250000000000e+05
7.938269531250000000e+04
3.130577812500000000e+05
6.382954000000000000e+06
3.291749062500000000e+05
1.505057812500000000e+05
7.520378125000000000e+04
8.924645000000000000e+05
3.592041250000000000e+05
3.291749062500000000e+05
1.836526720000000000e+08
1.959284423828125000e+03
2.696507500000000000e+05
4.146849218750000000e+04
1.218662597656250000e+04
1.521493164062500000e+03
7.967216796875000000e+02
5.206670000000000000e+06
8.550269317626953125e+01
5.069952734375000000e+04
4.334064453125000000e+03
7.097881250000000000e+04
6.476092187500000000e+04
5.748142578125000000e+03
1.104735375000000000e+06
6.765841064453125000e+02
2.669523632812500000e+04
4.901826171875000000e+02
2.203971191406250000e+03
4.844702911376953125e+01
1.669294140625000000e+04
1.120747421875000000e+05
2.262798919677734375e+02
2.363752288818359375e+02
3.087864013671875000e+03
4.759771875000000000e+04
1.077078857421875000e+03
6.636042785644531250e+01
3.256365234375000000e+04
4.323214111328125000e+02
1.156522734375000000e+05
7.603975219726562500e+02
2.206974853515625000e+03
9.901232812500000000e+04
5.128055000000000000e+06
7.645747558593750000e+03
3.366520312500000000e+04
8.201411500000000000e+06
2.036387695312500000e+04
2.118162656250000000e+05
3.647153750000000000e+05
5.564175000000000000e+06
7.260141440000000000e+08
1.519878400000000000e+07
1.341500468750000000e+05
3.278357500000000000e+06
2.700277750000000000e+06
3.355627734375000000e+04
2.074580400000000000e+07
3.776412000000000000e+06
1.203826015625000000e+05
2.854868787200000000e+10
9.701045600000000000e+07
5.564175000000000000e+06
7.200489472000000000e+10
7.260141440000000000e+08
1.519878400000000000e+07
2.456906880000000000e+08
3.278357500000000000e+06
2.700277750000000000e+06
2.074580400000000000e+07
7.200489472000000000e+10
2.854868787200000000e+10
9.701045600000000000e+07
7.200489472000000000e+10
2.456906880000000000e+08
7.200489472000000000e+10
7.743181762695312500e+02
1.101873281250000000e+05
3.559389687500000000e+05
1.042591700000000000e+07
1.726108437500000000e+05
1.075102734375000000e+05
1.071675875000000000e+06
1.093245971679687500e+03
2.399011132812500000e+04
3.817764453125000000e+04
3.601336875000000000e+05
1.072004400000000000e+07
2.607999600000000000e+07
1.007666312500000000e+06
2.401339062500000000e+04
3.714359375000000000e+04
3.478452187500000000e+05
2.774866800000000000e+07
3.463298750000000000e+05
4.103059062500000000e+05
3.456170654296875000e+03
5.835433593750000000e+04
9.418958000000000000e+06
3.349460156250000000e+04
2.567268945312500000e+04
1.660583750000000000e+05
5.500206909179687500e+02
3.716508178710937500e+02
1.433357696533203125e+02
1.043211059570312500e+03
1.337333250000000000e+06
5.865428906250000000e+04
1.198222812500000000e+05
3.896512109375000000e+04
1.643380493164062500e+03
1.337333250000000000e+06
3.896512109375000000e+04
6.455762329101562500e+02
1.020492187500000000e+05
5.529465332031250000e+02
3.982159765625000000e+04
5.009020500000000000e+06
7.189471875000000000e+04
1.191973999023437500e+03
1.921066015625000000e+04
4.812513000000000000e+06
9.654900390625000000e+03
1.668402968750000000e+05
3.426196250000000000e+05
1.236054980468750000e+04
8.269578906250000000e+04
6.869921875000000000e+05
1.167167421875000000e+05
3.124037890625000000e+04
1.711797187500000000e+05
8.522467651367187500e+02
6.727741875000000000e+05
1.341500468750000000e+05
1.450599822998046875e+02
1.172044625000000000e+06
1.285449687500000000e+05
2.650010681152343750e+02
6.269288125000000000e+05
6.323514062500000000e+04
9.489192968750000000e+04
7.261823242187500000e+03
2.323525156250000000e+05
2.372940625000000000e+04
1.203093847656250000e+04
4.105059509277343750e+02
1.202916015625000000e+05
1.363094062500000000e+05
6.608004394531250000e+03
1.500467500000000000e+07
1.563442031250000000e+05
5.116510546875000000e+04
2.390717968750000000e+05
1.945719750000000000e+06
5.505430625000000000e+05
1.341500468750000000e+05
3.617929443359375000e+03
5.700079101562500000e+03
3.769811279296875000e+03
1.502248700000000000e+07
1.945719750000000000e+06
5.505430625000000000e+05
3.617929443359375000e+03
1.502248700000000000e+07
7.253396093750000000e+04
5.175988159179687500e+02
1.358052062988281250e+02
8.056800000000000000e+04
6.238564453125000000e+02
1.740034843750000000e+05
4.891508789062500000e+03
5.163814453125000000e+03
1.340436200000000000e+07
2.391908480000000000e+08
1.133215100000000000e+07
1.785093945312500000e+04
2.573817138671875000e+03
1.420828000000000000e+07
6.446712000000000000e+06
4.104720312500000000e+04
2.072436800000000000e+07
9.187988125000000000e+05
4.118582031250000000e+04
5.205150781250000000e+04
2.461721804800000000e+10
4.237687360000000000e+08
1.925392187500000000e+05
7.200489472000000000e+10
1.859164875000000000e+06
2.138080468750000000e+05
8.834213281250000000e+04
1.497850292968750000e+04
9.899518585205078125e+01
5.014865408000000000e+09
5.580967500000000000e+05
4.464209375000000000e+05
3.904684000000000000e+06
3.780458000000000000e+07
8.831560625000000000e+05
2.352591308593750000e+03
7.200489472000000000e+10
6.942565600000000000e+07
1.968018750000000000e+06
3.099209600000000000e+07
2.198448400000000000e+07
2.315107910156250000e+03
1.088566406250000000e+03
2.142444400000000000e+07
7.200489472000000000e+10
6.450500000000000000e+05
4.523775390625000000e+04
3.295799040000000000e+09
3.718264375000000000e+05
6.998008320000000000e+08
1.930149414062500000e+04
1.168725292968750000e+04
3.667081250000000000e+04
4.344207812500000000e+04
5.829925537109375000e+01
5.345024218750000000e+04
4.854860625000000000e+05
1.927527929687500000e+04
6.686060937500000000e+04
1.233649902343750000e+03
1.891918593750000000e+05
7.568685937500000000e+04
8.016386000000000000e+06
2.153148046875000000e+04
3.148588867187500000e+04
4.265819375000000000e+05
5.280468500000000000e+06
5.056653320312500000e+03
1.453380468750000000e+05
1.484076875000000000e+06
1.591255957031250000e+04
7.351801562500000000e+04
2.310088281250000000e+04
1.911896093750000000e+04
6.727741875000000000e+05
5.280468500000000000e+06
4.794208007812500000e+03
4.500018750000000000e+04
1.016372109375000000e+05
6.160243750000000000e+04
4.432190625000000000e+04
2.144989500000000000e+06
9.659082031250000000e+03
7.068900781250000000e+04
1.279520234375000000e+05
3.354395703125000000e+04
1.811862656250000000e+05
7.751630000000000000e+06
9.678816406250000000e+03
2.384606054687500000e+04
1.883978437500000000e+05
3.319225000000000000e+05
1.769766210937500000e+04
8.061042968750000000e+04
4.226535000000000000e+05
6.761008750000000000e+05
7.697488281250000000e+04
2.734826562500000000e+05
9.313564062500000000e+04
8.233843750000000000e+04
2.213957226562500000e+04
1.359610781250000000e+05
1.988941600000000000e+07
1.287029765625000000e+05
2.076694400000000000e+07
7.341089062500000000e+04
1.052895000000000000e+06
5.109571484375000000e+04
1.845372812500000000e+05
3.738649344000000000e+09
3.446981250000000000e+05
7.166053906250000000e+04
3.324079500000000000e+06
8.605092968750000000e+04
7.046439843750000000e+04
6.850455078125000000e+03
5.004623828125000000e+04
2.496427734375000000e+04
1.512204062500000000e+05
7.106202636718750000e+03
2.197083203125000000e+04
5.863611718750000000e+04
8.621427612304687500e+02
1.967552734375000000e+03
3.805055175781250000e+03
5.407277500000000000e+05
8.417078125000000000e+05
1.743212250000000000e+06
9.833794000000000000e+06
5.579256640625000000e+04
1.452359375000000000e+05
5.646323730468750000e+03
2.230588281250000000e+04
1.345852000000000000e+07
2.128589531250000000e+05
1.198222812500000000e+05
1.345852000000000000e+07
1.235266601562500000e+04
2.264915527343750000e+03
8.252333984375000000e+03
7.198997500000000000e+06
4.553676953125000000e+04
1.886164062500000000e+03
5.367479687500000000e+04
1.328660449218750000e+04
2.408274609375000000e+04
3.864782104492187500e+02
1.009074316406250000e+04
8.826577758789062500e+01
7.855565185546875000e+02
2.493065250000000000e+06
1.385883984375000000e+04
1.099061035156250000e+03
6.069724218750000000e+04
9.699559936523437500e+02
1.974372802734375000e+03
1.422336625000000000e+06
8.761600585937500000e+03
4.540055175781250000e+03
2.926147766113281250e+02
3.814100625000000000e+05
2.054950195312500000e+03
1.542225781250000000e+04
2.641222839355468750e+02
2.093012031250000000e+05
1.926693969726562500e+03
6.030598046875000000e+04
5.340376464843750000e+03
4.581392578125000000e+03
2.704696655273437500e+02
1.104665781250000000e+05
3.937266113281250000e+03
8.294032592773437500e+02
1.056968906250000000e+05
2.479380859375000000e+03
1.104129589843750000e+04
2.149400390625000000e+03
7.837490722656250000e+03
2.810059509277343750e+02
1.614677856445312500e+03
1.814813232421875000e+03
2.078808789062500000e+04
3.665399609375000000e+04
3.004577343750000000e+04
5.289117000000000000e+06
4.348333984375000000e+03
4.421762109375000000e+04
1.062166601562500000e+04
1.194164355468750000e+04
3.285093750000000000e+04
2.168618906250000000e+05
2.814598876953125000e+03
2.192143945312500000e+04
1.061032968750000000e+05
8.522467651367187500e+02
5.280468500000000000e+06
6.636042785644531250e+01
3.253256250000000000e+05
3.551371500000000000e+06
2.202326171875000000e+04
5.345024218750000000e+04
4.179633593750000000e+04
3.932532958984375000e+02
1.963645125000000000e+06
1.213556700000000000e+07
6.305032421875000000e+04
2.630405625000000000e+05
2.916427539062500000e+04
2.980300000000000000e+05
8.974359130859375000e+02
6.278544500000000000e+06
5.172382324218750000e+03
4.313107812500000000e+05
2.002998593750000000e+05
2.399553281250000000e+05
3.363641113281250000e+03
3.471516500000000000e+06
4.681885546875000000e+04
2.306370937500000000e+05
7.615270000000000000e+05
3.791263281250000000e+04
1.976251757812500000e+04
3.921205859375000000e+04
2.179316750000000000e+06
1.314707968750000000e+05
6.440301269531250000e+03
7.335413281250000000e+04
8.447051562500000000e+04
1.888871718750000000e+05
3.793913574218750000e+03
9.298857812500000000e+04
2.370506640625000000e+04
5.961744375000000000e+05
5.517609375000000000e+05
7.315163000000000000e+06
7.547314843750000000e+04
1.423635500000000000e+06
5.078590625000000000e+04
9.298857812500000000e+04
2.370506640625000000e+04
2.490746289062500000e+04
1.771423721313476562e+01
4.969739062500000000e+05
1.423635500000000000e+06
2.031612000000000000e+06
1.081989140625000000e+05
1.172617500000000000e+07
5.025984375000000000e+04
7.827925625000000000e+05
4.969739062500000000e+05
1.314118906250000000e+05
1.835163085937500000e+03
1.019195507812500000e+04
4.746387329101562500e+02
5.606917114257812500e+02
3.275816750000000000e+06
4.472408125000000000e+05
1.293093906250000000e+05
4.901549687500000000e+05
6.354275000000000000e+05
6.926675781250000000e+04
1.696179809570312500e+03
2.545230255126953125e+02
8.512617500000000000e+05
6.015926562500000000e+04
1.354985125000000000e+06
8.043495000000000000e+06
1.222541093750000000e+05
5.492812500000000000e+05
3.089189843750000000e+04
1.349996562500000000e+05
1.028904000000000000e+08
1.346623250000000000e+06
7.811048500000000000e+06
5.318538750000000000e+05
9.940366400000000000e+07
2.451332187500000000e+05
1.137787750000000000e+06
5.362289000000000000e+06
1.323493600000000000e+07
1.629341796875000000e+03
2.662371484375000000e+04
2.078676910400390625e+02
2.011470312500000000e+04
8.240567626953125000e+02
3.743717193603515625e+01
1.977554492187500000e+04
1.134497070312500000e+03
8.355920312500000000e+04
2.232148681640625000e+03
1.882861914062500000e+04
3.099345600000000000e+07
1.072638400000000000e+07
2.016471875000000000e+04
1.527748625000000000e+06
1.844201562500000000e+04
3.333815625000000000e+04
4.550714880000000000e+09
5.464931875000000000e+05
3.864098125000000000e+05
3.192487187500000000e+05
3.667214800000000000e+07
6.372435546875000000e+04
1.140063250000000000e+06
2.528298000000000000e+06
1.592266718750000000e+05
1.140063250000000000e+06
1.026355156250000000e+05
1.008805000000000000e+05
1.052697656250000000e+05
4.559647656250000000e+04
3.004577343750000000e+04
9.095210937500000000e+04
6.254603271484375000e+02
5.443335937500000000e+04
2.731070703125000000e+04
3.398124511718750000e+03
1.036152929687500000e+04
4.350246429443359375e+01
4.518888183593750000e+03
4.474628125000000000e+04
9.372863281250000000e+04
2.162620605468750000e+03
8.121565917968750000e+03
2.135438385009765625e+02
6.335450683593750000e+03
9.569913085937500000e+03
2.059222412109375000e+02
2.001528930664062500e+03
1.850536010742187500e+03
1.137509667968750000e+04
4.596488647460937500e+02
4.977933105468750000e+03
1.545057373046875000e+03
1.168999145507812500e+03
2.156458740234375000e+03
7.940487500000000000e+04
1.074974731445312500e+03
6.170733203125000000e+04
1.273765000000000000e+06
5.720224500000000000e+06
1.104117202758789062e+02
1.758258593750000000e+04
2.166091250000000000e+05
2.600425000000000000e+04
5.345024218750000000e+04
3.248965312500000000e+05
2.055144042968750000e+03
5.530892968750000000e+04
1.938513906250000000e+05
2.377724500000000000e+06
1.841024609375000000e+04
7.670408750000000000e+05
1.119651562500000000e+04
9.026755000000000000e+05
1.738377812500000000e+05
3.218006500000000000e+06
3.794862500000000000e+04
1.478272460937500000e+04
1.455497187500000000e+05
3.733336875000000000e+05
3.069604101562500000e+04
1.973182500000000000e+05
5.353288671875000000e+04
2.596325937500000000e+05
3.549346250000000000e+05
1.288714625000000000e+06
5.255949375000000000e+05
7.539660156250000000e+04
8.872090625000000000e+05
7.138923750000000000e+05
3.019157500000000000e+05
3.272574062500000000e+05
1.256528593750000000e+05
5.261189375000000000e+05
8.396425625000000000e+05
5.726342500000000000e+05
4.943848437500000000e+05
2.391908480000000000e+08
1.133215100000000000e+07
5.875342500000000000e+06
3.755535546875000000e+04
2.072436800000000000e+07
1.991785200000000000e+07
1.372078906250000000e+05
1.052310750000000000e+06
4.232828515625000000e+04
2.367860742187500000e+04
7.200489472000000000e+10
4.740064051200000000e+10
1.058106125000000000e+06
1.200280192000000000e+09
8.239679687500000000e+04
3.731440625000000000e+04
3.816461824000000000e+09
8.033008593750000000e+04
1.560654687500000000e+04
3.842545312500000000e+04
7.200489472000000000e+10
1.639000750000000000e+06
5.900165625000000000e+05
4.153962109375000000e+04
3.378660312500000000e+05
1.378416875000000000e+06
1.519949125000000000e+06
1.181838964843750000e+04
1.168725292968750000e+04
8.310508125000000000e+05
5.943646500000000000e+06
1.097304218750000000e+05
1.127860449218750000e+04
9.523816406250000000e+04
9.983706250000000000e+04
1.890565937500000000e+05
2.294454882812500000e+04
1.414360000000000000e+05
3.239035546875000000e+04
1.919125000000000000e+04
3.693362890625000000e+04
1.358941894531250000e+04
3.186145996093750000e+03
3.709127187500000000e+05
2.012674062500000000e+05
5.943646500000000000e+06
4.535785156250000000e+04
5.646246093750000000e+04
3.207294140625000000e+04
1.035322167968750000e+04
1.571343593750000000e+05
3.801556640625000000e+04
3.239035546875000000e+04
4.322643359375000000e+04
7.864479003906250000e+03
1.358941894531250000e+04
3.709127187500000000e+05
6.778992968750000000e+04
2.278156054687500000e+04
3.207294140625000000e+04
1.571343593750000000e+05
4.322643359375000000e+04
6.778992968750000000e+04
4.003370000000000000e+05
1.001490332031250000e+04
4.656165625000000000e+04
1.393102300000000000e+07
1.678016000000000000e+07
5.421343750000000000e+04
1.071675875000000000e+06
6.479347656250000000e+04
3.874744921875000000e+04
3.338053632000000000e+09
1.122574531250000000e+05
2.151438750000000000e+05
6.485727734375000000e+04
4.709382000000000000e+06
9.839971250000000000e+05
3.835106250000000000e+04
1.123275390625000000e+04
1.419556274414062500e+03
5.097150390625000000e+04
8.047518125000000000e+05
4.055701250000000000e+05
1.088004250000000000e+06
7.332923437500000000e+04
2.634324500000000000e+06
6.668193969726562500e+02
1.025257186889648438e+02
1.005703369140625000e+03
4.047726953125000000e+04
3.488977187500000000e+05
2.240050000000000000e+06
2.191746679687500000e+04
1.198222812500000000e+05
3.095195750000000000e+06
4.018368125000000000e+05
2.240050000000000000e+06
3.095195750000000000e+06
2.263321875000000000e+05
4.115942968750000000e+04
3.772957812500000000e+04
4.762396093750000000e+04
9.077014062500000000e+04
8.042561250000000000e+05
4.836469238281250000e+03
7.195297363281250000e+03
3.185972500000000000e+05
5.694421875000000000e+03
1.205564453125000000e+05
1.707111875000000000e+06
3.454158984375000000e+04
1.217484531250000000e+05
4.273409280000000000e+08
6.898853906250000000e+04
1.244890859375000000e+05
2.961710312500000000e+05
8.146890500000000000e+06
1.477875500000000000e+07
5.393217968750000000e+04
1.026710250000000000e+06
9.947502929687500000e+03
5.386900390625000000e+04
1.409135616000000000e+09
1.479468906250000000e+05
5.384286875000000000e+05
3.337270312500000000e+04
2.463829750000000000e+06
4.118438125000000000e+05
1.722040625000000000e+05
3.099297070312500000e+04
8.520817187500000000e+04
1.237794311523437500e+03
6.927661132812500000e+01
6.627774414062500000e+03
8.170343627929687500e+02
1.295755312500000000e+05
2.591202087402343750e+02
2.416709960937500000e+03
1.296318875000000000e+06
1.003517285156250000e+04
1.324025468750000000e+05
3.374401250000000000e+06
4.660679687500000000e+04
2.388383056640625000e+03
1.674246250000000000e+05
8.219912000000000000e+07
1.500556100000000000e+07
1.825120898437500000e+04
5.683296000000000000e+07
4.288246484375000000e+04
4.993667578125000000e+04
2.034636185600000000e+10
8.904181875000000000e+05
5.190179062500000000e+05
1.834659375000000000e+06
6.889996800000000000e+07
2.935758203125000000e+04
1.076213989257812500e+03
9.444083750000000000e+05
9.625508117675781250e+01
7.050161132812500000e+03
6.742618750000000000e+05
5.478318847656250000e+03
7.849062500000000000e+04
1.198222812500000000e+05
1.960118408203125000e+03
1.159044531250000000e+05
1.405985875000000000e+06
7.200416406250000000e+04
8.329455625000000000e+05
3.681203125000000000e+03
1.153927031250000000e+05
4.601459960937500000e+03
2.045695468750000000e+05
5.341547851562500000e+03
6.742618750000000000e+05
4.895341796875000000e+04
7.329945312500000000e+04
2.054200781250000000e+04
4.733112812500000000e+05
7.785714843750000000e+04
1.405985875000000000e+06
4.364223437500000000e+04
9.959729492187500000e+03
1.153927031250000000e+05
2.045695468750000000e+05
3.746512500000000000e+05
1.012029140625000000e+05
7.329945312500000000e+04
4.733112812500000000e+05
4.364223437500000000e+04
3.746512500000000000e+05
2.397141250000000000e+06
7.110223000000000000e+06
4.537839200000000000e+07
1.039544453125000000e+05
2.725435250000000000e+06
1.195131250000000000e+05
2.397141250000000000e+06
1.217498800000000000e+08
4.537839200000000000e+07
2.725435250000000000e+06
1.217498800000000000e+08
1.047046972656250000e+04
4.405741406250000000e+04
1.859918500000000000e+06
1.739381713867187500e+03
2.985736328125000000e+04
1.372120507812500000e+04
5.698948730468750000e+03
4.104614453125000000e+04
2.812645000000000000e+05
2.669163574218750000e+03
1.648129492187500000e+04
3.436356875000000000e+05
1.972113281250000000e+04
6.861663281250000000e+04
1.498637000000000000e+07
8.087392968750000000e+04
5.806810156250000000e+04
3.169788750000000000e+05
1.159648203125000000e+05
5.613179321289062500e+02
7.534103906250000000e+04
4.626526953125000000e+04
1.245000762939453125e+02
1.371618164062500000e+04
8.789330078125000000e+03
5.527695922851562500e+02
7.404476562500000000e+04
4.138283984375000000e+04
1.010552734375000000e+04
4.412669921875000000e+03
4.355375390625000000e+04
8.690350585937500000e+03
9.951232421875000000e+03
4.324079101562500000e+03
4.280691406250000000e+04
9.347730468750000000e+03
9.233211914062500000e+03
7.688908500000000000e+06
4.549280078125000000e+04
1.078459667968750000e+04
9.414816406250000000e+04
1.060020400000000000e+07
7.260141440000000000e+08
1.533453400000000000e+07
2.669523632812500000e+04
3.673508400000000000e+07
2.690550400000000000e+07
4.615113281250000000e+04
2.078778800000000000e+07
1.379008125000000000e+05
4.784726562500000000e+04
3.891476889600000000e+10
1.077647360000000000e+09
4.310246250000000000e+05
7.200489472000000000e+10
7.016337000000000000e+06
7.587851875000000000e+05
2.611163136000000000e+09
3.798991750000000000e+06
8.696498125000000000e+05
4.261093500000000000e+06
7.200489472000000000e+10
3.222970880000000000e+08
1.467787800000000000e+07
2.355508000000000000e+08
1.304982720000000000e+08
1.861909299200000000e+10
3.366046752929687500e+02
8.138179687500000000e+04
1.033137812500000000e+06
1.198222812500000000e+05
2.640890380859375000e+03
2.026786914062500000e+04
1.033137812500000000e+06
2.026786914062500000e+04
5.267155500000000000e+06
5.253994800000000000e+07
1.158241424560546875e+02
1.341500468750000000e+05
3.237876250000000000e+05
1.067887191772460938e+02
3.024108789062500000e+04
5.403770065307617188e+01
5.367285625000000000e+05
6.021730422973632812e+01
2.696492288000000000e+09
2.060836669921875000e+03
5.267155500000000000e+06
2.233304748535156250e+02
5.253994800000000000e+07
1.158241424560546875e+02
6.516724243164062500e+02
3.237876250000000000e+05
1.067887191772460938e+02
5.403770065307617188e+01
3.045741601562500000e+04
2.696492288000000000e+09
2.060836669921875000e+03
2.233304748535156250e+02
6.516724243164062500e+02
3.045741601562500000e+04
8.084886718750000000e+04
8.522467651367187500e+02
4.712753750000000000e+05
7.018165039062500000e+03
3.668468856811523438e+01
2.922513437500000000e+05
1.787465937500000000e+05
4.773777160644531250e+02
4.475015000000000000e+05
1.275229687500000000e+05
1.129335156250000000e+05
1.642420898437500000e+04
1.587101406250000000e+05
2.623045625000000000e+05
1.781730312500000000e+05
1.828471093750000000e+04
9.589103125000000000e+05
1.050855000000000000e+05
2.524071562500000000e+05
4.535348046875000000e+04
6.512845625000000000e+05
4.340984802246093750e+02
6.197597265625000000e+04
1.556842803955078125e+01
9.295612304687500000e+03
4.199759375000000000e+04
2.914286804199218750e+02
1.821781640625000000e+04
1.573342895507812500e+03
4.048010009765625000e+03
4.683960937500000000e+05
6.044549218750000000e+04
7.260141440000000000e+08
8.242192000000000000e+06
6.853096093750000000e+04
1.960385600000000000e+07
2.937037187500000000e+05
4.557170312500000000e+04
3.389923532800000000e+10
9.803357500000000000e+05
1.088420234375000000e+05
1.022809062500000000e+05
1.546828000000000000e+06
4.587051953125000000e+04
1.762766796875000000e+04
5.254621250000000000e+05
6.100545500000000000e+06
1.819095898437500000e+04
6.865584375000000000e+04
8.900827343750000000e+04
2.396052343750000000e+04
7.162826171875000000e+03
1.363279375000000000e+06
5.901262695312500000e+03
2.764916875000000000e+05
4.232957187500000000e+05
1.142571093750000000e+04
1.457490468750000000e+05
4.532983000000000000e+06
1.069715234375000000e+04
3.772782714843750000e+03
3.561770000000000000e+05
2.138932968750000000e+05
5.174588378906250000e+03
5.900714062500000000e+04
1.794571000000000000e+06
5.948715625000000000e+05
7.341103125000000000e+04
2.765832187500000000e+05
1.785138625000000000e+06
1.962188125000000000e+05
1.448752968750000000e+05
1.785138625000000000e+06
6.780780625000000000e+05
3.280949062500000000e+05
1.801301000000000000e+06
2.349132500000000000e+05
1.115136375000000000e+06
1.243625859375000000e+05
6.374856875000000000e+05
7.424259200000000000e+07
1.797865125000000000e+06
1.075878500000000000e+06
7.398516800000000000e+07
3.039065933227539062e+01
9.578972656250000000e+03
5.300397500000000000e+06
4.744996484375000000e+04
1.137012207031250000e+03
7.352078125000000000e+05
6.523717578125000000e+04
7.855865234375000000e+03
3.302026953125000000e+04
4.498984765625000000e+04
2.026398437500000000e+04
3.970100781250000000e+04
4.830175360000000000e+08
1.325820700000000000e+07
5.089214355468750000e+03
1.988941600000000000e+07
1.391059687500000000e+05
2.425259570312500000e+04
7.200489472000000000e+10
1.462063750000000000e+05
2.686398046875000000e+04
1.585118359375000000e+04
1.423130312500000000e+05
3.941174926757812500e+02
4.332854296875000000e+04
1.337188110351562500e+02
2.227153125000000000e+04
1.746983375000000000e+06
4.577787109375000000e+04
9.111182250976562500e+02
3.255992187500000000e+04
2.619773500000000000e+06
9.786654296875000000e+03
2.487035156250000000e+05
2.942274062500000000e+05
1.321913281250000000e+04
8.988930468750000000e+04
2.645832812500000000e+05
7.206537500000000000e+04
3.017531445312500000e+04
1.508066406250000000e+05
7.015648925781250000e+03
9.364265625000000000e+03
7.546159179687500000e+03
3.004577343750000000e+04
6.727741875000000000e+05
5.280468500000000000e+06
2.524221191406250000e+03
1.124216406250000000e+04
1.994645703125000000e+04
7.274079589843750000e+03
9.983706250000000000e+04
1.068102343750000000e+04
2.144989500000000000e+06
5.561326171875000000e+03
4.098285546875000000e+04
1.234943847656250000e+04
3.096655664062500000e+04
6.031592578125000000e+04
2.177740312500000000e+05
7.751630000000000000e+06
9.522857421875000000e+03
3.553603027343750000e+03
2.366390625000000000e+03
6.351043359375000000e+04
3.262392382812500000e+04
1.668379101562500000e+04
2.114182812500000000e+05
1.283948828125000000e+04
9.783117187500000000e+03
7.942666503906250000e+03
1.401861718750000000e+05
2.633118750000000000e+05
1.549791406250000000e+04
8.441637500000000000e+05
5.321784375000000000e+04
1.136114257812500000e+04
3.134795410156250000e+03
1.350640625000000000e+05
1.302503906250000000e+05
2.070812500000000000e+04
4.930586914062500000e+03
4.201137812500000000e+05
5.848727734375000000e+04
1.028105781250000000e+05
2.549610937500000000e+04
5.538913750000000000e+05
3.880154062500000000e+05
9.406165625000000000e+04
9.021315429687500000e+03
1.716647750000000000e+06
4.899550781250000000e+04
6.470233593750000000e+04
9.900474000000000000e+06
2.093760781250000000e+05
5.477506875000000000e+05
3.932500781250000000e+04
3.256080937500000000e+05
1.710281093750000000e+05
1.708282812500000000e+05
3.112942400000000000e+07
3.752646484375000000e+04
1.933985937500000000e+04
4.572625000000000000e+04
1.083122177124023438e+02
3.147296562500000000e+05
3.122307421875000000e+04
5.284835000000000000e+05
1.638079785156250000e+04
1.988941600000000000e+07
2.181052800000000000e+07
3.776412000000000000e+06
7.953616875000000000e+05
1.890565937500000000e+05
1.648978125000000000e+05
1.589517500000000000e+05
1.193131738281250000e+04
2.837274804687500000e+04
1.505837036132812500e+03
3.216530500000000000e+06
8.149229500000000000e+06
3.147296562500000000e+05
9.896853750000000000e+05
3.122307421875000000e+04
5.284835000000000000e+05
2.435575808000000000e+09
1.988941600000000000e+07
2.181052800000000000e+07
7.953616875000000000e+05
2.101069750000000000e+06
7.302727500000000000e+06
1.589517500000000000e+05
2.604398125000000000e+05
1.193131738281250000e+04
2.837274804687500000e+04
8.090313600000000000e+07
3.216530500000000000e+06
8.149229500000000000e+06
9.896853750000000000e+05
2.435575808000000000e+09
8.489449600000000000e+07
2.101069750000000000e+06
7.302727500000000000e+06
2.604398125000000000e+05
8.090313600000000000e+07
8.489449600000000000e+07
8.107884521484375000e+02
5.579256640625000000e+04
2.061195182800292969e+01
2.883007226562500000e+04
8.076756000000000000e+06
5.067231250000000000e+04
3.975169372558593750e+01
4.467051562500000000e+04
1.756480750000000000e+06
4.384754028320312500e+02
2.354641357421875000e+03
3.011715000000000000e+05
6.393086547851562500e+02
1.031925781250000000e+03
3.664789062500000000e+05
2.479610107421875000e+03
1.166290405273437500e+03
7.275529785156250000e+03
5.175988159179687500e+02
1.839034062500000000e+05
1.045068435668945312e+02
3.653292968750000000e+04
3.423212000000000000e+06
7.185084375000000000e+04
4.927200622558593750e+02
1.124177187500000000e+05
6.277454500000000000e+06
2.978783935546875000e+03
2.372887031250000000e+05
5.478760000000000000e+05
3.180874023437500000e+03
1.107911328125000000e+04
1.596753125000000000e+06
3.449434765625000000e+04
1.911563110351562500e+03
4.376410546875000000e+04
1.174866000000000000e+06
1.396024843750000000e+05
2.474203593750000000e+05
2.321789600000000000e+07
7.698750000000000000e+03
5.227162500000000000e+06
4.972548437500000000e+04
9.093372500000000000e+05
6.099248046875000000e+04
1.157198625000000000e+06
9.017365760000000000e+08
1.860154843750000000e+05
9.981192968750000000e+04
1.479223500000000000e+07
1.009548812500000000e+06
1.129436328125000000e+04
6.850789062500000000e+04
4.951074218750000000e+04
2.871186328125000000e+04
2.419590039062500000e+04
1.328978750000000000e+06
4.910842968750000000e+04
2.721777734375000000e+04
5.985803500000000000e+06
1.398095214843750000e+04
3.036618750000000000e+05
1.212784960937500000e+04
3.044626562500000000e+04
5.495654000000000000e+06
3.134137695312500000e+03
1.084980957031250000e+04
1.068102343750000000e+04
1.073048437500000000e+04
1.498639062500000000e+04
2.291937031250000000e+05
1.893423706054687500e+03
1.111740039062500000e+04
9.775469726562500000e+03
2.355582812500000000e+04
2.658382080078125000e+03
5.510717187500000000e+04
1.030579394531250000e+04
9.023474609375000000e+03
9.332103881835937500e+02
6.084166406250000000e+04
4.187449609375000000e+04
1.736492343750000000e+05
2.934825312500000000e+05
7.116343750000000000e+04
5.417013671875000000e+03
7.799366406250000000e+04
1.176715820312500000e+04
3.421138437500000000e+05
1.148021240234375000e+03
4.515394042968750000e+03
5.884768000000000000e+07
3.701219500000000000e+06
4.717704687500000000e+05
1.341182983398437500e+03
2.072436800000000000e+07
1.988941600000000000e+07
1.626247187500000000e+05
1.071675875000000000e+06
4.566031640625000000e+04
1.038201660156250000e+04
1.491840204800000000e+10
1.292943155200000000e+10
1.504267187500000000e+05
4.177266880000000000e+08
5.635557031250000000e+04
8.719258789062500000e+03
3.798473728000000000e+09
5.642861875000000000e+05
2.600273437500000000e+05
6.463905468750000000e+04
7.200489472000000000e+10
8.621234000000000000e+06
7.517989500000000000e+06
5.046586562500000000e+05
1.190195600000000000e+07
1.385262720000000000e+08
2.113873600000000000e+08
5.838433105468750000e+03
4.344821484375000000e+04
8.950990625000000000e+04
2.352781200000000000e+07
2.329485351562500000e+03
3.484356640625000000e+04
2.345707187500000000e+05
7.253682617187500000e+03
5.317391015625000000e+04
9.983706250000000000e+04
2.486044921875000000e+04
7.451923200000000000e+07
1.115065300000000000e+07
1.049129687500000000e+05
3.320000000000000000e+08
5.830488000000000000e+06
1.218742734375000000e+05
3.948787712000000000e+10
7.451923200000000000e+07
1.115065300000000000e+07
3.320000000000000000e+08
3.948787712000000000e+10
6.249435043334960938e+01
5.042318359375000000e+04
8.314900000000000000e+05
1.198222812500000000e+05
1.161128311157226562e+02
3.354777526855468750e+02
8.314900000000000000e+05
3.354777526855468750e+02
3.996796500000000000e+06
8.521079711914062500e+02
4.132151562500000000e+04
1.305922031250000000e+05
6.394402500000000000e+05
6.568755468750000000e+04
7.464294531250000000e+04
8.269941406250000000e+04
4.024588671875000000e+04
6.325166015625000000e+04
8.541294531250000000e+04
3.354328906250000000e+04
3.487049218750000000e+04
3.943903808593750000e+02
8.310508125000000000e+05
1.271910742187500000e+04
8.686180877685546875e+01
9.080192187500000000e+04
1.242531640625000000e+05
4.303345336914062500e+02
2.098470468750000000e+05
9.989240625000000000e+04
7.712647656250000000e+04
1.461234179687500000e+04
1.202699218750000000e+05
1.390376718750000000e+05
1.068527187500000000e+05
1.597848437500000000e+04
2.155382031250000000e+05
7.495682812500000000e+04
9.160665625000000000e+04
5.228703500000000000e+06
1.525262084960937500e+03
5.080508984375000000e+04
4.686969140625000000e+04
2.169798000000000000e+06
3.906435937500000000e+04
4.855406640625000000e+04
4.323179296875000000e+04
5.253994800000000000e+07
1.500556100000000000e+07
1.070021386718750000e+04
2.076617250000000000e+06
3.963531005859375000e+03
3.252361132812500000e+04
2.480507904000000000e+09
1.561043281250000000e+05
3.522262500000000000e+05
4.573470703125000000e+04
1.920914000000000000e+06
4.827245000000000000e+06
1.393556093750000000e+05
2.263468000000000000e+07
3.239474218750000000e+04
9.996159375000000000e+05
4.683109375000000000e+04
4.928788750000000000e+05
1.038785536000000000e+09
4.413625500000000000e+06
9.618885156250000000e+04
1.074565300000000000e+07
2.049125195312500000e+04
1.890565937500000000e+05
4.192062011718750000e+03
9.946453125000000000e+05
2.707915600000000000e+07
1.399261700000000000e+07
5.408675390625000000e+04
1.951764687500000000e+05
2.521179843750000000e+05
7.576434082031250000e+03
4.192383500000000000e+06
2.974952343750000000e+04
5.095639062500000000e+04
3.233686784000000000e+09
1.602197400000000000e+07
1.140197949218750000e+04
8.608342016000000000e+09
7.820511718750000000e+04
2.300547500000000000e+05
1.234947800000000000e+07
1.017608496093750000e+04
1.811732031250000000e+04
7.800207031250000000e+04
7.200489472000000000e+10
4.115830000000000000e+07
7.415401562500000000e+04
3.170004750000000000e+06
1.551519375000000000e+05
7.559795200000000000e+07
2.391908480000000000e+08
5.943646500000000000e+06
9.838596679687500000e+03
1.988941600000000000e+07
7.233921875000000000e+04
9.844313476562500000e+03
4.693632614400000000e+10
4.056374375000000000e+05
2.423971484375000000e+04
1.936961718750000000e+05
6.999374500000000000e+06
5.350573730468750000e+03
5.036439208984375000e+02
8.687430000000000000e+05
8.200045312500000000e+04
7.363885498046875000e+02
3.749236572265625000e+03
6.477964375000000000e+05
4.601387329101562500e+02
4.678582421875000000e+04
1.020156312500000000e+06
1.189685253906250000e+04
3.370836250000000000e+05
7.966504882812500000e+03
7.804254687500000000e+04
3.563187750000000000e+06
7.906182617187500000e+03
4.514974609375000000e+04
9.729059375000000000e+04
1.689340468750000000e+05
4.977468750000000000e+04
3.023339062500000000e+04
6.620425625000000000e+05
3.571250500000000000e+06
1.574799218750000000e+04
1.047210312500000000e+05
2.060701757812500000e+04
9.983706250000000000e+04
1.737960546875000000e+04
1.751804875000000000e+06
4.456256250000000000e+04
2.430391562500000000e+05
2.791149414062500000e+04
5.950562890625000000e+04
1.534215781250000000e+05
6.560372000000000000e+06
4.154374218750000000e+04
2.893229492187500000e+03
1.429811093750000000e+05
3.190831562500000000e+05
8.451692187500000000e+04
3.847415234375000000e+04
1.780242500000000000e+05
5.867586250000000000e+05
6.868597656250000000e+04
1.092530078125000000e+05
5.389598400000000000e+07
4.530017968750000000e+04
2.956824023437500000e+04
3.976080937500000000e+05
7.260141440000000000e+08
2.391313281250000000e+05
1.803107812500000000e+05
1.850423000000000000e+06
7.514584960937500000e+03
4.159316406250000000e+02
5.955729370117187500e+02
1.753284218750000000e+05
8.125004375000000000e+05
2.266420898437500000e+04
2.144989500000000000e+06
1.872764129638671875e+02
8.679373168945312500e+02
6.914605102539062500e+02
8.213415527343750000e+02
2.478502500000000000e+06
3.059625976562500000e+04
2.869524804687500000e+04
5.705610961914062500e+02
4.525673294067382812e+01
1.880951690673828125e+02
1.526150156250000000e+05
1.344639129638671875e+02
1.041830688476562500e+03
1.301019042968750000e+04
3.368003250000000000e+06
1.797994232177734375e+01
7.044422912597656250e+01
5.090277343750000000e+04
3.595542602539062500e+02
2.394391601562500000e+04
4.783280078125000000e+04
3.978607177734375000e+01
2.537235351562500000e+03
5.134934375000000000e+05
1.163516113281250000e+03
3.453114843750000000e+04
7.214232031250000000e+04
1.243072109375000000e+05
7.715481445312500000e+03
1.485314375000000000e+06
5.352068328857421875e+01
3.218818945312500000e+04
5.043293750000000000e+04
1.182811645507812500e+03
7.024224000000000000e+06
2.111901367187500000e+04
4.197620544433593750e+02
9.766047851562500000e+03
7.381602400000000000e+07
1.500556100000000000e+07
9.334009000000000000e+06
2.669523632812500000e+04
1.013483100000000000e+07
2.391647200000000000e+07
3.406354296875000000e+04
1.071675875000000000e+06
4.696186718750000000e+04
6.568755468750000000e+04
5.761713152000000000e+09
6.097071616000000000e+09
9.396156875000000000e+05
2.531569664000000000e+09
7.412115000000000000e+05
3.460551562500000000e+05
2.616536160000000000e+08
8.206124375000000000e+05
6.727696875000000000e+05
9.825623437500000000e+04
7.200489472000000000e+10
2.346359600000000000e+07
3.645783200000000000e+07
9.158240000000000000e+06
4.422215500000000000e+06
4.732434560000000000e+08
6.142250625000000000e+05
8.263305664062500000e+03
9.078884375000000000e+04
4.939312109375000000e+04
1.993398375000000000e+06
3.681933437500000000e+05
1.221789648437500000e+04
1.185587875000000000e+06
2.061814257812500000e+04
1.583826171875000000e+04
2.387256835937500000e+04
2.456418000000000000e+07
5.333226171875000000e+04
3.450487500000000000e+05
1.822494400000000000e+07
1.922893750000000000e+04
5.024733760000000000e+08
1.500556100000000000e+07
6.816658593750000000e+04
5.303483200000000000e+08
1.214956015625000000e+05
4.868051171875000000e+04
7.200489472000000000e+10
2.046048750000000000e+05
2.060224843750000000e+05
6.764435937500000000e+04
1.620945875000000000e+06
2.831086750000000000e+06
1.063150500000000000e+06
7.285161718750000000e+04
2.673061600000000000e+07
1.327285781250000000e+05
5.087044921875000000e+04
2.337694560000000000e+08
1.928725781250000000e+05
7.274948437500000000e+04
4.132708000000000000e+06
5.681796500000000000e+06
2.966487812500000000e+05
2.052504882812500000e+04
5.544497265625000000e+04
4.014803710937500000e+03
4.577479200000000000e+07
1.500556100000000000e+07
6.911446093750000000e+04
1.485314375000000000e+06
3.391161718750000000e+04
4.834757031250000000e+04
1.458607488000000000e+09
7.434732812500000000e+04
2.071000156250000000e+05
7.365593750000000000e+03
1.265697968750000000e+05
3.695887145996093750e+02
1.157611718750000000e+05
5.982738500000000000e+06
4.074912890625000000e+04
2.014012500000000000e+05
2.335321044921875000e+02
8.597456250000000000e+04
1.598910937500000000e+04
9.433875976562500000e+03
1.123792968750000000e+04
4.198557128906250000e+03
1.092046796875000000e+05
1.457971406250000000e+05
2.012616406250000000e+05
7.260141440000000000e+08
9.334009000000000000e+06
2.426861718750000000e+05
1.988941600000000000e+07
1.933855312500000000e+05
9.002047656250000000e+04
6.089823027200000000e+10
1.902019750000000000e+06
4.492184765625000000e+04
2.525802929687500000e+04
1.389593125000000000e+05
8.546135156250000000e+04
1.193141992187500000e+04
5.602669531250000000e+04
6.471659500000000000e+06
4.106121875000000000e+04
2.797406640625000000e+04
2.528298000000000000e+06
5.697732031250000000e+04
1.033508789062500000e+04
1.068102343750000000e+04
3.466328437500000000e+05
1.193141992187500000e+04
5.602669531250000000e+04
6.471659500000000000e+06
4.383637109375000000e+04
4.956734375000000000e+03
1.834728281250000000e+05
1.151614625000000000e+06
1.033508789062500000e+04
1.068102343750000000e+04
8.238406250000000000e+03
3.466328437500000000e+05
9.060991210937500000e+03
1.989436523437500000e+04
5.182059765625000000e+04
4.956734375000000000e+03
1.834728281250000000e+05
3.326995605468750000e+03
1.151614625000000000e+06
3.955192138671875000e+03
2.294004101562500000e+04
1.011295078125000000e+05
5.182059765625000000e+04
2.288698730468750000e+03
1.354296142578125000e+03
3.778535546875000000e+04
1.011295078125000000e+05
3.285632019042968750e+02
5.925759277343750000e+03
1.308312812500000000e+05
9.090863281250000000e+03
7.835107421875000000e+03
1.892293359375000000e+04
5.886056250000000000e+04
1.872788875000000000e+06
4.411849121093750000e+03
7.163865722656250000e+03
2.863607187500000000e+05
3.768002929687500000e+03
1.262778906250000000e+05
2.164808500000000000e+06
3.049148046875000000e+04
1.121799687500000000e+05
1.093833359375000000e+05
1.890565937500000000e+05
8.795536132812500000e+03
1.159648203125000000e+05
8.819372558593750000e+02
5.280468500000000000e+06
1.004712219238281250e+02
2.443292500000000000e+06
7.049954000000000000e+06
5.037522583007812500e+02
8.248525000000000000e+04
6.997894287109375000e+02
8.658693847656250000e+02
5.098461000000000000e+06
1.498053900000000000e+07
1.108807983398437500e+03
2.918285625000000000e+05
8.049381250000000000e+04
1.401385937500000000e+04
1.972225570678710938e+01
4.539138000000000000e+07
2.676350097656250000e+03
4.376505432128906250e+02
2.865188750000000000e+05
1.479754980468750000e+04
5.170416641235351562e+01
8.363464500000000000e+06
7.188238769531250000e+03
1.318993896484375000e+03
2.407608281250000000e+05
6.399647827148437500e+02
3.779427719116210938e+01
2.013383544921875000e+03
6.913569375000000000e+05
2.109085449218750000e+03
7.407872772216796875e+01
7.559262695312500000e+03
5.693262329101562500e+02
1.570302490234375000e+03
7.115275268554687500e+02
5.405333496093750000e+03
7.472315000000000000e+05
2.794410625000000000e+05
1.731349625000000000e+06
1.198222812500000000e+05
4.192383500000000000e+06
5.603289184570312500e+02
3.778967041015625000e+03
8.606207031250000000e+03
7.472315000000000000e+05
2.794410625000000000e+05
5.175992800000000000e+07
4.192383500000000000e+06
3.778967041015625000e+03
8.606207031250000000e+03
5.923981875000000000e+05
5.175992800000000000e+07
5.923981875000000000e+05
1.683141600000000000e+07
4.013500390625000000e+04
3.610891406250000000e+04
7.653319531250000000e+04
5.226151367187500000e+03
6.964033750000000000e+05
3.983429062500000000e+05
2.265202148437500000e+04
1.135516875000000000e+05
8.689190429687500000e+03
2.250626562500000000e+05
7.100237500000000000e+04
5.581408691406250000e+03
1.195614453125000000e+05
1.164345117187500000e+04
3.351105750000000000e+06
1.650536132812500000e+04
1.412800375000000000e+06
2.004292968750000000e+04
1.155681250000000000e+04
3.343824000000000000e+06
2.870967187500000000e+04
1.916785351562500000e+04
2.743784765625000000e+04
1.720668400000000000e+07
1.500556100000000000e+07
4.353598046875000000e+04
1.310249400000000000e+07
2.020341210937500000e+04
5.713168359375000000e+04
2.414083840000000000e+09
1.822008125000000000e+05
6.520863125000000000e+05
1.233048984375000000e+05
2.617817750000000000e+06
1.803382500000000000e+06
9.334009000000000000e+06
6.275398437500000000e+04
7.973801562500000000e+04
2.806122558593750000e+03
2.815669335937500000e+04
1.648086720000000000e+08
1.245712578125000000e+05
1.878062031250000000e+05
2.412177734375000000e+04
1.299824625000000000e+06
2.253667187500000000e+04
1.594577968750000000e+05
1.113037597656250000e+04
3.261384570312500000e+04
3.027074462890625000e+03
4.278931274414062500e+02
3.351092529296875000e+02
5.011574375000000000e+05
5.245430000000000000e+06
2.694567968750000000e+04
2.144989500000000000e+06
5.431756591796875000e+02
3.428997497558593750e+02
6.268332519531250000e+02
1.082637817382812500e+03
2.804496750000000000e+06
1.067518750000000000e+05
9.199695312500000000e+04
8.848229370117187500e+02
1.294309387207031250e+02
1.896728820800781250e+02
1.039092125000000000e+06
3.773515625000000000e+02
9.764534301757812500e+02
3.488465312500000000e+05
1.685364062500000000e+05
3.028458398437500000e+04
3.634329296875000000e+04
1.556113875000000000e+06
8.315622070312500000e+03
1.019745898437500000e+04
3.130226750000000000e+06
2.909798437500000000e+05
2.426107187500000000e+05
1.058905000000000000e+07
6.637179687500000000e+04
3.295232031250000000e+04
2.612310937500000000e+05
1.048310546875000000e+05
7.587662353515625000e+02
8.740412597656250000e+02
3.261975585937500000e+04
5.983550781250000000e+03
8.137946093750000000e+04
5.201603393554687500e+02
9.302495117187500000e+03
1.008837562500000000e+06
6.220637207031250000e+03
5.348466015625000000e+04
1.240526269531250000e+04
3.210458593750000000e+04
1.761758593750000000e+04
2.757040039062500000e+03
4.076969726562500000e+03
4.791126464843750000e+03
1.275997314453125000e+02
1.929705859375000000e+04
3.937617500000000000e+06
5.203026562500000000e+04
1.306111602783203125e+02
3.375160888671875000e+03
3.855620750000000000e+06
2.136562255859375000e+03
5.591644897460937500e+02
3.241152148437500000e+04
1.005669609375000000e+05
1.243898875000000000e+06
7.265474121093750000e+03
1.198222812500000000e+05
5.373780078125000000e+04
2.346597442626953125e+02
1.212150024414062500e+03
4.002547851562500000e+03
1.005669609375000000e+05
1.243898875000000000e+06
1.293361375000000000e+06
5.373780078125000000e+04
1.212150024414062500e+03
4.002547851562500000e+03
9.170302734375000000e+03
1.293361375000000000e+06
9.170302734375000000e+03
2.208792187500000000e+04
8.853383680000000000e+08
1.500556100000000000e+07
7.900310156250000000e+04
4.761005200000000000e+07
2.697886250000000000e+05
5.816332031250000000e+04
7.200489472000000000e+10
1.753479750000000000e+06
3.052570937500000000e+05
5.559495000000000000e+05
3.469074250000000000e+06
2.964269500000000000e+06
7.260141440000000000e+08
9.334009000000000000e+06
1.259353828125000000e+05
1.078082000000000000e+07
2.809535000000000000e+05
5.353932031250000000e+04
1.988941600000000000e+07
3.504845750000000000e+06
1.739349687500000000e+05
3.926172672000000000e+09
5.053460000000000000e+07
2.862069500000000000e+06
6.089823027200000000e+10
7.435854720000000000e+08
9.288349000000000000e+06
1.497893900000000000e+07
1.048970500000000000e+07
2.841655625000000000e+05
1.818976400000000000e+07
6.977223884800000000e+10
4.193426688000000000e+09
5.040002400000000000e+07
6.331278540800000000e+10
1.488853200000000000e+07
7.035649228800000000e+10
5.621895312500000000e+04
3.836940917968750000e+03
6.461072753906250000e+03
1.102608398437500000e+03
9.460734375000000000e+05
3.164749609375000000e+04
2.331787109375000000e+04
2.579796484375000000e+04
1.863462812500000000e+05
1.751804875000000000e+06
6.683846250000000000e+05
7.574282031250000000e+04
2.878910750000000000e+06
7.248235000000000000e+05
2.739763125000000000e+05
3.640457750000000000e+06
7.918246400000000000e+07
2.953750312500000000e+05
4.854243840000000000e+08
3.633708251953125000e+03
4.903777500000000000e+06
5.085066015625000000e+04
1.679059375000000000e+05
3.219618048000000000e+09
7.550482500000000000e+05
1.946606093750000000e+05
7.500122500000000000e+06
4.583488125000000000e+05
8.808234000000000000e+06
9.125272369384765625e+01
1.133215100000000000e+07
5.463807031250000000e+04
6.966001129150390625e+01
2.399371337890625000e+01
7.433442968750000000e+04
1.815861938476562500e+03
8.605335998535156250e+01
1.034782000000000000e+07
6.315711212158203125e+01
1.698102905273437500e+03
1.211632890625000000e+05
1.072299500000000000e+06
1.891637187500000000e+05
1.042064375000000000e+06
7.402710937500000000e+04
1.198222812500000000e+05
5.059175500000000000e+06
1.211632890625000000e+05
1.072299500000000000e+06
1.042064375000000000e+06
5.059175500000000000e+06
9.032171875000000000e+04
3.004577343750000000e+04
1.352193000000000000e+06
5.280468500000000000e+06
2.564225195312500000e+04
9.886560937500000000e+04
2.059431250000000000e+05
8.701322656250000000e+04
1.068102343750000000e+04
8.595041875000000000e+05
2.468225000000000000e+04
1.210068125000000000e+05
3.664740000000000000e+05
3.416273437500000000e+04
2.177740312500000000e+05
1.822887000000000000e+06
2.380057226562500000e+04
1.011545019531250000e+04
9.540726562500000000e+04
1.987471562500000000e+05
1.268937109375000000e+04
4.757199218750000000e+04
2.004892500000000000e+05
5.316428750000000000e+05
4.694860937500000000e+04
1.636304687500000000e+05
4.867758593750000000e+04
1.435405566406250000e+04
1.670085781250000000e+05
1.699589062500000000e+05
2.346255859375000000e+04
1.978761914062500000e+04
5.891724121093750000e+03
6.065823750000000000e+05
1.390754101562500000e+04
1.892970937500000000e+05
1.729534250000000000e+06
9.080684375000000000e+05
2.885287304687500000e+04
8.551585625000000000e+05
1.442740000000000000e+05
1.960397968750000000e+05
5.636665625000000000e+05
1.677780303955078125e+02
1.695017382812500000e+04
2.141911250000000000e+06
2.704018164062500000e+04
5.290433349609375000e+02
2.210834843750000000e+05
3.736094062500000000e+05
2.793733007812500000e+04
7.260141440000000000e+08
6.917290496826171875e+01
1.856367656250000000e+05
6.629424218750000000e+04
6.049102783203125000e+01
1.057494296875000000e+05
2.982551000000000000e+06
1.716441917419433594e+01
2.160335159301757812e+01
9.544733886718750000e+02
2.321653594970703125e+02
9.258661760000000000e+08
7.146083840000000000e+08
3.332902526855468750e+01
5.291651153564453125e+01
1.695947500000000000e+05
1.696907424926757812e+01
4.736225891113281250e+01
1.157524609375000000e+05
1.331904029846191406e+01
1.264965972900390625e+02
1.998412017822265625e+02
1.224406528000000000e+09
2.745325469970703125e+01
1.395561027526855469e+01
1.214486923217773438e+02
3.100006445312500000e+04
2.058869375000000000e+05
5.697112500000000000e+04
6.976157812500000000e+04
3.729358215332031250e+02
1.747315820312500000e+04
4.138772583007812500e+02
3.347986450195312500e+02
2.125773750000000000e+05
8.541288452148437500e+02
5.272895000000000000e+06
1.710505828857421875e+02
7.995077343750000000e+04
1.382405750000000000e+06
2.429197070312500000e+04
5.345024218750000000e+04
1.196882031250000000e+05
5.018987731933593750e+02
1.908498281250000000e+05
5.768712500000000000e+05
5.045622656250000000e+04
2.631439062500000000e+05
5.941476562500000000e+03
7.019182812500000000e+04
6.753981323242187500e+02
1.248414750000000000e+06
3.928943359375000000e+04
1.382405750000000000e+06
1.083550468750000000e+05
5.823536328125000000e+04
6.989433105468750000e+03
9.646300000000000000e+05
1.920867343750000000e+05
5.768712500000000000e+05
3.505244531250000000e+04
1.578421582031250000e+04
7.019182812500000000e+04
1.248414750000000000e+06
2.766328125000000000e+05
1.008688515625000000e+05
5.823536328125000000e+04
9.646300000000000000e+05
3.505244531250000000e+04
2.766328125000000000e+05
1.230828515625000000e+05
4.405501953125000000e+04
7.304259765625000000e+03
3.526308203125000000e+04
1.443440750000000000e+06
1.649192187500000000e+04
2.788716250000000000e+05
2.669984570312500000e+04
5.527043359375000000e+04
1.358541200000000000e+07
2.651053125000000000e+04
9.186140747070312500e+02
1.548748375000000000e+06
5.413965225219726562e+01
7.995885937500000000e+04
1.991360937500000000e+05
7.277591308593750000e+03
5.345024218750000000e+04
5.166288281250000000e+04
2.027919464111328125e+02
4.645485156250000000e+04
1.499374531250000000e+05
2.668038085937500000e+03
7.199266875000000000e+05
2.198804296875000000e+04
2.015266406250000000e+04
3.703782348632812500e+02
6.619711875000000000e+05
1.676873828125000000e+04
1.507646289062500000e+04
4.470259375000000000e+05
1.326991406250000000e+04
3.752839843750000000e+03
1.576425781250000000e+05
4.600727050781250000e+03
6.912842773437500000e+03
9.919369531250000000e+04
7.725614257812500000e+03
1.906253662109375000e+03
6.172693359375000000e+04
9.161668750000000000e+05
6.749975000000000000e+04
4.292717773437500000e+03
8.753348632812500000e+03
1.154785449218750000e+04
5.371100390625000000e+04
1.851702734375000000e+04
1.190470703125000000e+04
7.813598125000000000e+05
6.432672500000000000e+06
3.953046484375000000e+04
1.257607578125000000e+05
5.841105625000000000e+05
9.983706250000000000e+04
1.068102343750000000e+04
2.144989500000000000e+06
7.116994628906250000e+03
9.027116406250000000e+04
5.942910000000000000e+05
3.573941406250000000e+04
1.824468593750000000e+05
8.454379000000000000e+06
2.782286132812500000e+04
3.119405273437500000e+04
5.673024375000000000e+05
2.114182812500000000e+05
1.332135839843750000e+04
5.619242187500000000e+04
9.662780625000000000e+05
5.439458125000000000e+05
1.711606250000000000e+05
2.187673750000000000e+05
7.260141440000000000e+08
1.500556100000000000e+07
2.346597812500000000e+05
1.341500468750000000e+05
2.072436800000000000e+07
5.008001250000000000e+05
3.776412000000000000e+06
5.211940625000000000e+04
1.198222812500000000e+05
7.123453613281250000e+03
7.200489472000000000e+10
3.477049856000000000e+09
7.260141440000000000e+08
3.024553600000000000e+07
1.500556100000000000e+07
2.346597812500000000e+05
8.224961600000000000e+07
2.072436800000000000e+07
5.008001250000000000e+05
5.211940625000000000e+04
7.200489472000000000e+10
7.200489472000000000e+10
3.477049856000000000e+09
3.024553600000000000e+07
8.224961600000000000e+07
7.200489472000000000e+10
2.251008007812500000e+04
3.941174926757812500e+02
6.100545500000000000e+06
1.237233963012695312e+02
1.079205625000000000e+05
3.663367000000000000e+06
6.426864843750000000e+04
5.345024218750000000e+04
1.075534453125000000e+05
7.786187133789062500e+02
2.580643281250000000e+05
4.474015000000000000e+06
1.575791562500000000e+05
1.043773515625000000e+05
5.501710546875000000e+04
4.019743750000000000e+05
1.121849975585937500e+03
2.007906625000000000e+06
6.798999218750000000e+04
3.473788750000000000e+06
8.435635937500000000e+04
5.055429296875000000e+04
4.602373046875000000e+03
1.153959625000000000e+06
2.393131250000000000e+05
4.211120500000000000e+06
5.640461875000000000e+05
5.390872656250000000e+04
3.794002500000000000e+05
1.941849000000000000e+06
5.787188125000000000e+05
8.235115625000000000e+04
4.987384765625000000e+04
1.131372500000000000e+06
5.552824375000000000e+05
5.652788750000000000e+05
1.679671679687500000e+04
6.145421484375000000e+04
1.194499218750000000e+04
3.966452734375000000e+04
4.028340625000000000e+04
1.168725292968750000e+04
2.217816210937500000e+04
9.535627929687500000e+03
6.780648437500000000e+04
4.125351171875000000e+04
8.310508125000000000e+05
2.531960500000000000e+06
1.217052812500000000e+05
4.580460000000000000e+05
2.822818437500000000e+05
1.391425488281250000e+04
1.993398375000000000e+06
5.211677734375000000e+04
3.132742812500000000e+05
2.943429500000000000e+06
3.065897000000000000e+06
1.047803222656250000e+04
2.502688800000000000e+07
1.286995125000000000e+06
1.786988750000000000e+05
2.212435625000000000e+05
3.973374500000000000e+06
8.542207031250000000e+04
4.657671484375000000e+04
1.474901800000000000e+07
8.535393000000000000e+06
1.183822656250000000e+05
2.390935750000000000e+06
1.435008906250000000e+05
5.198968750000000000e+04
2.806080500000000000e+06
2.925447187500000000e+05
1.528699375000000000e+05
2.420897656250000000e+05
7.019367200000000000e+07
7.850256250000000000e+05
3.759519062500000000e+05
1.625537031250000000e+05
6.682584375000000000e+05
3.771161250000000000e+06
9.910237500000000000e+05
4.353855468750000000e+04
1.823372656250000000e+05
7.973421093750000000e+04
1.026245187500000000e+06
7.584952148437500000e+03
7.183803906250000000e+04
7.561205000000000000e+05
7.044958496093750000e+03
9.549246875000000000e+04
5.415142578125000000e+04
4.628583593750000000e+04
3.004577343750000000e+04
6.727741875000000000e+05
8.440189843750000000e+04
1.251336328125000000e+04
1.949403750000000000e+05
6.142772265625000000e+04
9.983706250000000000e+04
6.336674194335937500e+02
1.113906562500000000e+05
1.379585742187500000e+04
3.079794687500000000e+05
1.157873437500000000e+05
6.031592578125000000e+04
1.491224902343750000e+04
6.333595625000000000e+05
4.049637890625000000e+04
2.527104248046875000e+03
9.992279687500000000e+04
4.395308203125000000e+04
2.537247070312500000e+04
1.221257226562500000e+04
3.108591875000000000e+05
1.832497031250000000e+05
3.345654687500000000e+04
1.185137421875000000e+05
5.084328125000000000e+03
5.175988159179687500e+02
8.310508125000000000e+05
1.097304218750000000e+05
5.228402328491210938e+01
2.956967578125000000e+04
4.191712890625000000e+04
2.116661376953125000e+02
2.795060156250000000e+04
1.871438720703125000e+03
3.677391796875000000e+04
3.063203613281250000e+03
2.012674062500000000e+05
8.042859863281250000e+03
5.398244140625000000e+03
8.577279052734375000e+02
3.544637939453125000e+03
5.409263281250000000e+04
6.010624511718750000e+03
9.714532031250000000e+04
8.067841796875000000e+02
7.727958374023437500e+02
1.207049804687500000e+04
9.000778808593750000e+02
1.545015722656250000e+04
9.446896972656250000e+02
1.256037792968750000e+04
3.275866400000000000e+07
5.740810546875000000e+04
2.788986800000000000e+07
7.173458593750000000e+04
1.041177312500000000e+06
5.095916406250000000e+04
1.427980937500000000e+05
4.044755520000000000e+08
1.907848593750000000e+05
7.175353906250000000e+04
6.381177500000000000e+05
1.144743750000000000e+06
3.232616750000000000e+06
2.912360937500000000e+05
4.237876953125000000e+03
5.533863281250000000e+04
2.752029687500000000e+04
1.288620312500000000e+05
2.451528808593750000e+03
9.550190429687500000e+03
1.889615000000000000e+06
3.524135937500000000e+04
1.747380156250000000e+05
1.071675875000000000e+06
5.441186718750000000e+04
4.115750781250000000e+04
9.038789843750000000e+04
2.391908480000000000e+08
1.133215100000000000e+07
5.943646500000000000e+06
2.071721093750000000e+04
2.072436800000000000e+07
1.988941600000000000e+07
4.838778906250000000e+04
1.071675875000000000e+06
3.415358203125000000e+04
1.775585351562500000e+04
7.200489472000000000e+10
4.693632614400000000e+10
3.327998750000000000e+05
1.223449472000000000e+09
8.560074218750000000e+04
3.872237109375000000e+04
3.798473728000000000e+09
3.433896484375000000e+04
3.173795703125000000e+04
2.327716601562500000e+04
7.200489472000000000e+10
6.156818750000000000e+05
4.049440625000000000e+05
2.337357812500000000e+04
9.111089843750000000e+04
3.066380625000000000e+05
1.205245937500000000e+05
8.622031250000000000e+03
7.563135253906250000e+03
1.008379687500000000e+04
5.624706400000000000e+07
2.921925312500000000e+05
1.180333984375000000e+04
1.738865312500000000e+05
6.070685500000000000e+06
1.932849804687500000e+04
1.111314250000000000e+06
6.923935546875000000e+03
4.405741406250000000e+04
5.280468500000000000e+06
5.389847167968750000e+03
1.238058398437500000e+04
8.577312500000000000e+03
3.096776123046875000e+03
3.422646093750000000e+04
2.626267187500000000e+05
2.435163085937500000e+03
1.526627246093750000e+04
5.604338400000000000e+07
1.500556100000000000e+07
1.190165234375000000e+05
2.718621250000000000e+06
6.439625976562500000e+03
3.701039062500000000e+04
3.816192512000000000e+09
7.278286718750000000e+04
1.102523906250000000e+05
6.381434570312500000e+03
5.101649609375000000e+04
2.953075585937500000e+04
3.412493359375000000e+04
1.112950488281250000e+04
3.813441650390625000e+03
5.387393750000000000e+05
1.500556100000000000e+07
4.936589843750000000e+04
5.015976953125000000e+04
4.125629882812500000e+03
5.551216406250000000e+04
1.028919680000000000e+08
5.437363281250000000e+03
1.672090625000000000e+05
4.053836914062500000e+03
3.640976562500000000e+04
2.120183600000000000e+07
3.776412000000000000e+06
3.373513671875000000e+04
2.120183600000000000e+07
8.005493750000000000e+05
1.605717849731445312e+01
5.345024218750000000e+04
3.967872500000000000e+05
7.676510253906250000e+03
4.142782031250000000e+04
1.387971923828125000e+03
5.689476562500000000e+03
5.454778906250000000e+04
4.635779296875000000e+04
4.054885498046875000e+03
7.269261718750000000e+04
6.197597265625000000e+04
3.040827929687500000e+04
1.199276875000000000e+05
1.363912402343750000e+04
3.084299316406250000e+02
1.219905273437500000e+03
7.793849600000000000e+07
1.374956300000000000e+07
4.065476562500000000e+04
5.718824320000000000e+08
7.392018125000000000e+05
7.388773437500000000e+04
2.534029516800000000e+10
8.399893750000000000e+05
1.565426406250000000e+05
5.555601000000000000e+06
7.265900000000000000e+07
5.529437109375000000e+04
6.100545500000000000e+06
9.944802500000000000e+05
5.138486328125000000e+04
1.294076875000000000e+06
7.029760937500000000e+04
4.533845000000000000e+05
1.218581500000000000e+06
1.181325195312500000e+04
8.785401250000000000e+05
7.110523437500000000e+04
8.597167968750000000e+04
5.941099853515625000e+02
2.872649023437500000e+04
1.723906835937500000e+04
1.182489550781250000e+04
8.090239843750000000e+04
3.372886328125000000e+04
6.154113281250000000e+04
1.663110400000000000e+07
1.566071562500000000e+05
4.446318750000000000e+04
4.190525390625000000e+04
4.210664453125000000e+04
8.522467651367187500e+02
3.781591033935546875e+01
9.885787109375000000e+03
4.942042541503906250e+02
1.554507812500000000e+04
6.334831542968750000e+02
6.840862792968750000e+03
4.886997600000000000e+07
1.133215100000000000e+07
1.022994531250000000e+05
1.485314375000000000e+06
1.626106542968750000e+04
5.104014062500000000e+04
3.741645568000000000e+09
1.067152265625000000e+05
2.053240000000000000e+05
2.704908007812500000e+04
3.834510000000000000e+05
1.431441750000000000e+06
2.451621760000000000e+08
1.133215100000000000e+07
2.324863476562500000e+04
2.002790374755859375e+02
1.875986750000000000e+06
1.991360937500000000e+05
6.621948730468750000e+03
4.833548160000000000e+08
6.090296875000000000e+05
5.843899218750000000e+04
9.447336914062500000e+03
6.602494720000000000e+08
2.330090400000000000e+07
6.891417187500000000e+04
7.200489472000000000e+10
2.651486250000000000e+06
6.115731250000000000e+05
8.922633789062500000e+03
1.806149536132812500e+03
1.797624015808105469e+01
4.417839600000000000e+07
2.338568437500000000e+05
7.847228906250000000e+04
1.610114875000000000e+06
7.903870000000000000e+05
1.283411406250000000e+05
5.547596435546875000e+02
6.006442803200000000e+10
1.038255600000000000e+07
1.450009531250000000e+05
5.719802800000000000e+07
3.982126250000000000e+05
5.881100463867187500e+02
1.969632873535156250e+02
7.855776250000000000e+05
1.328059520000000000e+09
2.810625585937500000e+04
4.980222656250000000e+03
1.348126560000000000e+08
1.100933007812500000e+04
1.018350700000000000e+07
1.445913750000000000e+05
1.793763427734375000e+02
5.175994628906250000e+03
2.137633750000000000e+06
4.948760546875000000e+04
2.622775878906250000e+03
2.860722187500000000e+05
4.188691406250000000e+04
1.699135156250000000e+04
7.214580078125000000e+03
1.937958251953125000e+03
9.918682617187500000e+03
7.316441650390625000e+02
4.360978125000000000e+04
3.004577343750000000e+04
4.121428710937500000e+03
5.044053906250000000e+04
1.708858398437500000e+04
2.109914398193359375e+02
4.179716796875000000e+04
2.323183203125000000e+04
9.665930786132812500e+02
1.225954589843750000e+03
4.214402343750000000e+03
2.156448437500000000e+04
8.174395312500000000e+04
8.883393554687500000e+03
2.309427343750000000e+04
2.066146875000000000e+04
3.941174926757812500e+02
3.345465087890625000e+02
4.639919531250000000e+04
1.419990844726562500e+02
2.069799414062500000e+04
1.380058715820312500e+03
2.994271972656250000e+03
1.873045312500000000e+04
1.941178750000000000e+06
6.180698828125000000e+04
7.115698730468750000e+03
1.247613671875000000e+05
1.962950585937500000e+04
8.520638281250000000e+04
2.782919062500000000e+05
1.335763085937500000e+04
8.552296142578125000e+02
5.522968139648437500e+02
4.630106640625000000e+04
3.973457421875000000e+04
3.762582519531250000e+03
1.069647851562500000e+04
5.813745600000000000e+07
1.238604200000000000e+07
4.742536640000000000e+08
1.821948906250000000e+05
1.041177312500000000e+06
1.198222812500000000e+05
5.813745600000000000e+07
6.666260992000000000e+09
4.742536640000000000e+08
1.041177312500000000e+06
6.666260992000000000e+09
5.791849000000000000e+06
1.133805300000000000e+07
5.655666796875000000e+04
1.029682250000000000e+06
1.203559765625000000e+05
7.515803906250000000e+04
1.171822848000000000e+09
4.258067000000000000e+06
1.068652300000000000e+07
8.719252500000000000e+05
1.269592320000000000e+09
9.334009000000000000e+06
1.500556100000000000e+07
2.780860595703125000e+03
1.071675875000000000e+06
7.850307128906250000e+03
3.277541015625000000e+03
2.531569664000000000e+09
3.988285888671875000e+03
5.664005859375000000e+03
5.279305175781250000e+03
1.581973925781250000e+04
1.036641796875000000e+05
2.963843437500000000e+05
3.727678955078125000e+03
2.109910351562500000e+04
1.804759765625000000e+04
1.334228750000000000e+06
3.594196777343750000e+03
5.085249609375000000e+04
9.453329375000000000e+05
5.049698242187500000e+03
1.851553437500000000e+05
1.040690312500000000e+05
2.391693945312500000e+04
6.602599121093750000e+03
1.601451953125000000e+04
8.927536132812500000e+03
2.110705273437500000e+04
2.358096679687500000e+03
1.155757500000000000e+05
1.071675875000000000e+06
1.890565937500000000e+05
2.662280500000000000e+06
1.007813515625000000e+05
1.198222812500000000e+05
5.628088500000000000e+06
1.155757500000000000e+05
1.071675875000000000e+06
2.662280500000000000e+06
5.628088500000000000e+06
2.373226560000000000e+08
6.728919531250000000e+04
1.102917265625000000e+05
1.888057812500000000e+05
3.110987243652343750e+02
1.135520605468750000e+04
5.092739746093750000e+03
4.146854687500000000e+05
2.052952148437500000e+03
4.280446777343750000e+03
1.217052812500000000e+05
4.200862426757812500e+02
6.197597265625000000e+04
1.004739837646484375e+02
2.413482910156250000e+03
4.127141113281250000e+03
1.753874531250000000e+05
2.488979492187500000e+03
1.472343066406250000e+04
1.079752349853515625e+02
1.311979394531250000e+04
2.236426757812500000e+04
8.848034667968750000e+01
2.132675292968750000e+03
3.519606201171875000e+03
6.447246582031250000e+03
1.144384307861328125e+02
1.102519628906250000e+04
4.719166992187500000e+03
3.119292480468750000e+03
4.589580566406250000e+03
6.236722500000000000e+05
4.165815917968750000e+03
2.092140000000000000e+05
2.797406640625000000e+04
7.648533593750000000e+04
1.169928710937500000e+04
7.869445625000000000e+05
2.321435200000000000e+07
4.835807680000000000e+08
2.916585693359375000e+03
4.477189453125000000e+04
1.198222812500000000e+05
7.869445625000000000e+05
1.743813440000000000e+08
4.835807680000000000e+08
4.477189453125000000e+04
1.743813440000000000e+08
5.623805200000000000e+07
1.266643261718750000e+04
1.955084765625000000e+04
1.624369000000000000e+06
1.037601196289062500e+03
2.947864013671875000e+03
1.261812377929687500e+03
2.690422400000000000e+07
1.631748125000000000e+05
2.844948242187500000e+04
2.591279843750000000e+05
3.105392800000000000e+07
3.178488750000000000e+05
1.266643261718750000e+04
4.553621562500000000e+05
8.904444531250000000e+04
4.099205566406250000e+03
1.277537440000000000e+08
1.127986375000000000e+06
2.589195117187500000e+04
6.798656250000000000e+04
4.199518500000000000e+06
3.304604296875000000e+04
2.599083789062500000e+04
1.493456738281250000e+04
2.007780664062500000e+04
1.439567871093750000e+04
9.106919531250000000e+04
1.013004785156250000e+04
2.797113281250000000e+04
1.014365000000000000e+07
1.646218906250000000e+05
4.730217968750000000e+04
1.291857578125000000e+05
9.623844726562500000e+03
5.366773750000000000e+05
1.229356500000000000e+06
8.914410156250000000e+04
1.279787207031250000e+04
1.973100625000000000e+06
2.823324804687500000e+04
1.538259375000000000e+05
3.511215750000000000e+06
2.321489531250000000e+05
4.558401250000000000e+05
1.232220019531250000e+04
7.883131250000000000e+05
6.539153515625000000e+04
8.132111718750000000e+04
6.429621582031250000e+02
3.139006445312500000e+04
1.750391406250000000e+04
1.269417773437500000e+04
8.284364062500000000e+04
4.201282031250000000e+04
7.042382812500000000e+04
2.114533593750000000e+05
2.053890625000000000e+03
3.167823437500000000e+04
1.849060937500000000e+04
4.405741406250000000e+04
2.455327880859375000e+03
1.110244921875000000e+04
9.620113281250000000e+04
6.100545500000000000e+06
4.293675000000000000e+05
3.195643125000000000e+05
9.440450781250000000e+04
1.987587343750000000e+05
1.515868750000000000e+05
2.809400781250000000e+04
7.626534000000000000e+06
1.500556100000000000e+07
1.021418046875000000e+05
9.661353125000000000e+05
5.785252343750000000e+04
5.054696484375000000e+04
1.301096320000000000e+09
1.255913984375000000e+05
4.008458750000000000e+05
4.090550390625000000e+04
2.643745000000000000e+06
4.641182400000000000e+07
1.077498200000000000e+07
1.088606015625000000e+05
2.299461000000000000e+06
1.855715820312500000e+04
5.298185937500000000e+04
4.967560704000000000e+09
7.501768750000000000e+04
1.966020312500000000e+05
3.472447265625000000e+04
4.092581875000000000e+05
1.372205500000000000e+07
1.652801200000000000e+07
1.944583593750000000e+04
1.070868750000000000e+06
6.568755468750000000e+04
4.699627343750000000e+04
3.368362752000000000e+09
3.538534375000000000e+05
5.645520625000000000e+05
9.824610937500000000e+04
1.387660500000000000e+07
4.184874511718750000e+03
1.551030468750000000e+04
7.019945312500000000e+03
3.972566162109375000e+03
4.241719140625000000e+04
1.168725292968750000e+04
2.531960500000000000e+06
6.227202636718750000e+03
5.654837500000000000e+05
1.332902246093750000e+04
1.022158886718750000e+04
1.551894500000000000e+06
7.018379687500000000e+04
1.681157226562500000e+04
9.358964843750000000e+04
8.836969757080078125e+01
7.551584375000000000e+04
3.295592250000000000e+06
5.489850000000000000e+04
2.583208007812500000e+02
1.169425585937500000e+04
4.920119375000000000e+05
7.586213989257812500e+02
2.472700781250000000e+05
3.687611718750000000e+04
2.240630468750000000e+04
1.213235546875000000e+05
1.237794311523437500e+03
7.534103906250000000e+04
4.801388281250000000e+04
8.540168762207031250e+01
1.393735058593750000e+04
6.537763671875000000e+03
1.237794311523437500e+03
7.534103906250000000e+04
1.622592500000000000e+05
1.019737109375000000e+04
3.119765380859375000e+03
2.119770751953125000e+03
6.537763671875000000e+03
1.019737109375000000e+04
3.119765380859375000e+03
2.119770751953125000e+03
6.570640625000000000e+03
6.570640625000000000e+03
5.871053906250000000e+04
2.435655468750000000e+04
1.811155625000000000e+06
6.048891406250000000e+04
6.933807031250000000e+04
4.081660480000000000e+08
9.339013000000000000e+06
1.511331933593750000e+04
2.072436800000000000e+07
2.826358437500000000e+05
3.440429296875000000e+04
5.592686182400000000e+10
2.755913250000000000e+06
4.410196875000000000e+05
2.828871250000000000e+06
4.122853600000000000e+07
5.545115625000000000e+04
3.004577343750000000e+04
6.727741875000000000e+05
1.859918500000000000e+06
4.613084375000000000e+04
1.268259609375000000e+05
2.059833750000000000e+05
9.983706250000000000e+04
1.332902246093750000e+04
1.993398375000000000e+06
4.271051562500000000e+04
2.009864218750000000e+05
9.656314375000000000e+05
6.031592578125000000e+04
2.127495625000000000e+05
2.962141600000000000e+07
6.887797656250000000e+04
1.500692871093750000e+04
5.794925625000000000e+05
2.299365156250000000e+05
3.890062890625000000e+04
1.561275625000000000e+05
5.374976000000000000e+06
1.032816625000000000e+06
1.435817968750000000e+05
5.577955000000000000e+05
1.346725312500000000e+05
1.140896562500000000e+05
1.430406347656250000e+04
5.644157421875000000e+04
1.961731201171875000e+03
2.092360351562500000e+04
4.361922851562500000e+03
3.060005615234375000e+03
7.275667200000000000e+08
1.670728200000000000e+07
5.514016250000000000e+05
1.344598750000000000e+05
2.065601600000000000e+07
5.977804375000000000e+05
3.776412000000000000e+06
4.148336718750000000e+04
1.296071796875000000e+05
3.769811279296875000e+03
7.200489472000000000e+10
3.763289088000000000e+09
7.275667200000000000e+08
9.674806400000000000e+07
1.670728200000000000e+07
5.514016250000000000e+05
1.110600160000000000e+08
2.065601600000000000e+07
5.977804375000000000e+05
4.148336718750000000e+04
7.200489472000000000e+10
7.200489472000000000e+10
3.763289088000000000e+09
9.674806400000000000e+07
1.110600160000000000e+08
7.200489472000000000e+10
5.910794000000000000e+06
5.125017600000000000e+07
9.454201000000000000e+06
1.349573125000000000e+05
4.923041000000000000e+06
1.298017578125000000e+05
1.732634765625000000e+04
4.158417500000000000e+06
5.367285625000000000e+05
1.890565937500000000e+05
1.821742899200000000e+10
4.928126800000000000e+07
5.910794000000000000e+06
2.032463104000000000e+09
5.125017600000000000e+07
9.454201000000000000e+06
3.201910000000000000e+07
4.923041000000000000e+06
1.298017578125000000e+05
4.158417500000000000e+06
7.200489472000000000e+10
1.821742899200000000e+10
4.928126800000000000e+07
2.032463104000000000e+09
3.201910000000000000e+07
7.200489472000000000e+10
6.788343505859375000e+02
6.273381640625000000e+04
1.471710357666015625e+02
1.753740625000000000e+05
4.777946472167968750e+02
3.623588562011718750e+02
2.587457226562500000e+04
1.316412719726562500e+03
5.459150781250000000e+04
1.187155395507812500e+03
4.885549804687500000e+03
2.115473750000000000e+06
7.968817500000000000e+05
1.586848593750000000e+05
2.115473750000000000e+06
9.130531250000000000e+04
6.825650634765625000e+02
8.310508125000000000e+05
5.023612500000000000e+04
1.170393600463867188e+02
4.003370000000000000e+05
2.464696679687500000e+04
6.825650634765625000e+02
8.310508125000000000e+05
9.711236328125000000e+03
2.543226171875000000e+04
5.149603271484375000e+02
1.189306445312500000e+04
2.464696679687500000e+04
2.543226171875000000e+04
5.149603271484375000e+02
1.189306445312500000e+04
4.034425048828125000e+03
4.034425048828125000e+03
5.505430625000000000e+05
7.087058593750000000e+04
1.709124755859375000e+03
2.444720214843750000e+03
2.154899000000000000e+06
5.225324000000000000e+06
8.532257812500000000e+04
1.026710250000000000e+06
1.488279531250000000e+05
1.198222812500000000e+05
1.917723904000000000e+09
2.154899000000000000e+06
5.225324000000000000e+06
1.026710250000000000e+06
1.917723904000000000e+09
1.217110859375000000e+05
8.202844800000000000e+08
1.568731700000000000e+07
6.342641796875000000e+04
3.353410400000000000e+07
9.329287500000000000e+05
6.900882031250000000e+04
7.200489472000000000e+10
3.238819500000000000e+06
5.718015000000000000e+05
4.761638000000000000e+06
5.375994400000000000e+07
3.915995788574218750e+02
2.939587890625000000e+04
2.163091406250000000e+04
2.807825937500000000e+05
9.921576538085937500e+02
6.972646093750000000e+04
3.199000000000000000e+04
7.097731018066406250e+01
3.655577148437500000e+03
4.974548828125000000e+03
3.643711914062500000e+03
1.812625000000000000e+05
7.778171250000000000e+05
4.452745605468750000e+03
5.929218750000000000e+02
5.510821533203125000e+02
2.262906640625000000e+04
4.771083984375000000e+04
2.443665039062500000e+03
1.988941600000000000e+07
2.760764375000000000e+05
2.076457200000000000e+07
1.217029394531250000e+04
1.057438250000000000e+06
5.492960937500000000e+04
1.006325781250000000e+05
3.758726656000000000e+09
5.322262500000000000e+05
3.084808984375000000e+04
1.245325500000000000e+06
7.896208750000000000e+05
1.827472000000000000e+07
4.726598080000000000e+08
4.936260546875000000e+04
1.999899250000000000e+06
1.198222812500000000e+05
7.896208750000000000e+05
8.166576000000000000e+07
4.726598080000000000e+08
1.999899250000000000e+06
8.166576000000000000e+07
7.776433715820312500e+02
5.325399218750000000e+04
2.499947998046875000e+03
3.334398000000000000e+06
3.806717773437500000e+03
2.010241546630859375e+02
9.443626708984375000e+02
1.637619900000000000e+07
1.923140468750000000e+05
7.785165625000000000e+04
1.528943875000000000e+06
4.267992320000000000e+08
1.132556875000000000e+05
9.484266250000000000e+05
6.957447500000000000e+06
2.838563232421875000e+03
3.351092529296875000e+02
5.756853500000000000e+06
5.216217578125000000e+04
3.407222595214843750e+02
2.012344360351562500e+03
6.976523750000000000e+05
3.852015380859375000e+02
9.985573437500000000e+04
6.030518125000000000e+05
2.313718281250000000e+05
4.507820937500000000e+05
7.414505767822265625e+01
9.070325000000000000e+04
9.998875781250000000e+04
2.457818945312500000e+04
1.213235546875000000e+05
6.727741875000000000e+05
1.296206375000000000e+06
4.003370000000000000e+05
4.660034375000000000e+05
7.314457500000000000e+06
5.067211718750000000e+04
5.818417500000000000e+06
5.767882031250000000e+04
6.727741875000000000e+05
1.296206375000000000e+06
1.552840800000000000e+07
7.951521093750000000e+04
1.992731200000000000e+07
5.818417500000000000e+06
2.225838000000000000e+06
1.384297187500000000e+05
1.724159000000000000e+06
6.747674804687500000e+03
8.816531875000000000e+05
1.992731200000000000e+07
4.174923600000000000e+07
1.892826250000000000e+05
1.278710125000000000e+06
2.524485742187500000e+04
9.451933125000000000e+05
1.421847400000000000e+07
5.857167187500000000e+04
8.231542500000000000e+05
1.773238085937500000e+04
6.790270400000000000e+07
2.710572187500000000e+05
1.868302375000000000e+06
2.478861914062500000e+04
1.826480937500000000e+05
1.061526375000000000e+06
1.859918500000000000e+06
1.657737031250000000e+05
4.497764062500000000e+05
4.886997600000000000e+07
1.133215100000000000e+07
1.077447949218750000e+04
1.485314375000000000e+06
1.315307128906250000e+04
4.216225781250000000e+04
3.741645568000000000e+09
1.470658500000000000e+06
7.019764375000000000e+05
4.010798750000000000e+05
3.257591200000000000e+07
7.922215000000000000e+06
1.133215100000000000e+07
3.861851562500000000e+04
1.026710250000000000e+06
6.588155273437500000e+03
4.272575390625000000e+04
1.121170304000000000e+09
5.594243750000000000e+04
8.432660156250000000e+04
1.094001562500000000e+04
2.368073242187500000e+04
3.021496875000000000e+04
7.145914062500000000e+04
1.398946289062500000e+04
3.235287200000000000e+07
1.393320200000000000e+07
2.152434250000000000e+06
2.147596679687500000e+04
4.192383500000000000e+06
2.084049125000000000e+06
8.465414062500000000e+03
1.231011875000000000e+06
5.546205078125000000e+04
2.320517187500000000e+04
4.254486272000000000e+09
5.426384000000000000e+08
3.638097750000000000e+06
2.587108320000000000e+08
1.332908625000000000e+06
5.201179375000000000e+05
1.515875200000000000e+08
3.001018125000000000e+05
1.321343593750000000e+05
3.650783125000000000e+05
7.200489472000000000e+10
6.372026240000000000e+08
1.614169400000000000e+07
9.317383200000000000e+07
3.164612800000000000e+07
2.991248793600000000e+10
8.379157031250000000e+04
1.125797343750000000e+05
2.397055859375000000e+04
6.762300292968750000e+03
1.955570781250000000e+05
2.069306250000000000e+04
2.426962500000000000e+04
5.678367675781250000e+03
7.657756000000000000e+06
9.458983750000000000e+05
2.072436800000000000e+07
8.878947265625000000e+03
3.186907000000000000e+06
7.189739062500000000e+04
2.698843750000000000e+05
1.175123680000000000e+08
4.393400500000000000e+06
1.615403750000000000e+05
2.818627250000000000e+06
4.358300781250000000e+03
1.862800312500000000e+05
5.885349218750000000e+04
3.631817578125000000e+04
3.701219500000000000e+06
1.742663574218750000e+03
5.138569531250000000e+04
2.291164062500000000e+04
5.258648828125000000e+04
5.123089000000000000e+06
1.537634570312500000e+04
5.764256835937500000e+03
1.937393000000000000e+06
1.406897949218750000e+03
7.296373125000000000e+05
9.860289843750000000e+04
7.228008500000000000e+06
1.133215100000000000e+07
1.097304218750000000e+05
9.046896250000000000e+05
1.264304531250000000e+05
1.198222812500000000e+05
1.046896960000000000e+09
7.228008500000000000e+06
1.133215100000000000e+07
9.046896250000000000e+05
1.046896960000000000e+09
8.603455625000000000e+05
7.462252343750000000e+04
1.540496718750000000e+05
2.225341033935546875e+02
2.591005468750000000e+04
1.074228875000000000e+06
1.198222812500000000e+05
1.062623901367187500e+03
2.770965625000000000e+04
1.074228875000000000e+06
2.770965625000000000e+04
9.205332000000000000e+06
1.460214900000000000e+07
7.950618750000000000e+04
1.038026437500000000e+06
1.269411718750000000e+04
5.732998046875000000e+04
2.421074176000000000e+09
2.533837500000000000e+04
3.082245000000000000e+05
3.554600000000000000e+04
2.024273906250000000e+05
1.397002246093750000e+04
6.145421484375000000e+04
6.089553500000000000e+06
4.385122558593750000e+03
2.038079882812500000e+04
3.148767500000000000e+05
3.875487548828125000e+03
1.461290156250000000e+05
1.193536000000000000e+06
4.588386328125000000e+04
1.430622656250000000e+05
5.709972167968750000e+03
3.017753515625000000e+04
3.784140380859375000e+03
2.356333496093750000e+03
1.757353750000000000e+06
4.915582000000000000e+06
4.504548828125000000e+04
4.704519921875000000e+04
2.148558000000000000e+07
1.096759375000000000e+06
4.613858437500000000e+05
4.615305000000000000e+06
6.812401600000000000e+07
1.133215100000000000e+07
8.287363281250000000e+03
4.192383500000000000e+06
4.235690429687500000e+03
2.805820507812500000e+04
6.817088000000000000e+09
2.673778125000000000e+05
1.439117812500000000e+05
7.386617968750000000e+04
4.200007000000000000e+06
4.047898193359375000e+03
6.652706250000000000e+04
8.249594531250000000e+04
1.724419921875000000e+04
3.483146750000000000e+06
6.932967187500000000e+04
3.287268750000000000e+04
1.058385625000000000e+06
1.451433715820312500e+02
4.123072814941406250e+01
6.243151245117187500e+02
8.848674560000000000e+08
2.179379882812500000e+04
6.635983593750000000e+04
5.386068750000000000e+05
1.603966000000000000e+06
2.035936718750000000e+05
2.072436800000000000e+07
9.471769531250000000e+03
1.610098906250000000e+05
5.832212109375000000e+04
2.497807343750000000e+05
1.760287200000000000e+07
6.260058125000000000e+05
2.567539218750000000e+05
1.463721125000000000e+06
1.397189500000000000e+07
3.701219500000000000e+06
5.494364453125000000e+04
4.386497656250000000e+04
2.076617250000000000e+06
1.399025000000000000e+05
5.309213750000000000e+05
5.149671875000000000e+04
9.345692187500000000e+04
2.945644531250000000e+03
9.564778240000000000e+08
8.022747200000000000e+07
1.313251900000000000e+07
2.429286800000000000e+07
3.809499250000000000e+06
4.831852734375000000e+04
2.521124800000000000e+07
2.098488250000000000e+06
1.429545156250000000e+05
4.888162890625000000e+04
4.290114764800000000e+10
9.671287680000000000e+08
8.212499200000000000e+07
2.537261200000000000e+07
2.345536000000000000e+07
4.323341516800000000e+10
6.373307617187500000e+03
7.264406127929687500e+02
9.766505737304687500e+02
3.390375781250000000e+04
1.034342500000000000e+06
8.260056250000000000e+05
8.390960156250000000e+04
1.332902246093750000e+04
1.548325875000000000e+06
2.839971093750000000e+04
1.055933125000000000e+05
2.911552000000000000e+06
2.808002812500000000e+05
6.896816875000000000e+05
3.404614400000000000e+07
5.530807617187500000e+03
1.227326757812500000e+04
1.749328320312500000e+04
1.721460546875000000e+04
4.405741406250000000e+04
5.281813500000000000e+06
1.515522705078125000e+03
2.503516562500000000e+05
8.575471679687500000e+03
6.143978515625000000e+03
4.662070000000000000e+05
2.625543437500000000e+05
6.354211914062500000e+03
4.691463671875000000e+04
1.975594970703125000e+03
4.028260498046875000e+02
5.780073852539062500e+02
1.272359218750000000e+05
8.363429687500000000e+04
7.924784667968750000e+03
1.611709500000000000e+06
1.395447845458984375e+02
3.297625122070312500e+02
1.696677490234375000e+03
7.334511108398437500e+02
1.866443750000000000e+05
1.176390156250000000e+05
6.953441406250000000e+04
3.707407531738281250e+02
8.473098754882812500e+01
2.158889617919921875e+02
1.970311250000000000e+05
1.855008850097656250e+02
5.626464843750000000e+04
1.500556100000000000e+07
2.158452734375000000e+04
4.812597265625000000e+04
3.529879062500000000e+05
2.013184843750000000e+05
2.512862304687500000e+03
5.484066400000000000e+07
9.334009000000000000e+06
2.081475000000000000e+04
1.708842000000000000e+07
7.961946289062500000e+03
8.550047851562500000e+03
5.337370112000000000e+09
7.997616406250000000e+04
8.083136718750000000e+04
1.095090078125000000e+05
4.591301875000000000e+05
2.909922000000000000e+07
1.512518400000000000e+07
4.167298250000000000e+06
1.649852500000000000e+05
3.573826000000000000e+06
1.687278125000000000e+06
1.258225375000000000e+06
1.095176875000000000e+06
1.510595468750000000e+05
2.512074062500000000e+05
1.050834636800000000e+10
7.051267200000000000e+08
2.909922000000000000e+07
4.753331840000000000e+08
1.512518400000000000e+07
4.167298250000000000e+06
1.023451040000000000e+08
3.573826000000000000e+06
1.687278125000000000e+06
1.095176875000000000e+06
7.200489472000000000e+10
1.050834636800000000e+10
7.051267200000000000e+08
4.753331840000000000e+08
1.023451040000000000e+08
7.200489472000000000e+10
3.692884250000000000e+06
3.120015869140625000e+02
4.783809375000000000e+04
7.493199218750000000e+03
6.410766875000000000e+05
8.635132031250000000e+04
1.293836914062500000e+03
8.114604003906250000e+03
6.407703613281250000e+03
2.066787500000000000e+04
1.070707421875000000e+04
7.643151367187500000e+03
5.713631600000000000e+07
4.978375000000000000e+06
1.709238891601562500e+03
4.995121280000000000e+08
2.980322812500000000e+05
5.396485156250000000e+04
2.616393932800000000e+10
1.506564218750000000e+05
4.566732812500000000e+04
7.008226250000000000e+05
9.598467000000000000e+06
2.528298000000000000e+06
3.110149414062500000e+03
1.297738769531250000e+03
5.001114400000000000e+07
4.063089062500000000e+04
1.737241210937500000e+04
4.644346250000000000e+05
1.774780151367187500e+03
6.861318125000000000e+05
5.827778320312500000e+03
5.641715820312500000e+03
6.180089843750000000e+03
2.560523750000000000e+05
6.229320400000000000e+07
7.315163000000000000e+06
1.522875900000000000e+07
1.052175703125000000e+05
4.674374720000000000e+08
5.500635253906250000e+03
1.821411718750000000e+04
7.382307812500000000e+04
6.068721600000000000e+07
6.862201500000000000e+06
3.542376960000000000e+09
4.703027840000000000e+08
1.784181640625000000e+04
7.231721093750000000e+04
4.174164375000000000e+05
3.571638016000000000e+09
4.098721875000000000e+05
1.575185449218750000e+04
3.855922656250000000e+04
1.143594921875000000e+04
2.555948242187500000e+04
3.941174926757812500e+02
8.310508125000000000e+05
6.100545500000000000e+06
1.145320700000000000e+07
1.805707397460937500e+02
5.383612890625000000e+04
8.701141406250000000e+04
1.285449687500000000e+05
5.345024218750000000e+04
2.144989500000000000e+06
2.233783691406250000e+03
5.097199218750000000e+04
1.240058875000000000e+06
3.635981562500000000e+05
7.851121093750000000e+04
1.043773515625000000e+05
2.461946044921875000e+03
8.403601000000000000e+06
2.008029375000000000e+06
4.802069500000000000e+06
7.663435156250000000e+04
9.309009765625000000e+03
2.069272812500000000e+05
2.342127500000000000e+06
2.821058398437500000e+04
2.865769531250000000e+04
1.160104003906250000e+04
7.302728750000000000e+05
1.168102890625000000e+05
8.852946250000000000e+05
2.335311500000000000e+06
2.451771562500000000e+05
1.056769453125000000e+05
7.717927000000000000e+06
4.787712812500000000e+05
3.907142812500000000e+05
7.002593750000000000e+04
8.212496093750000000e+04
1.022346625000000000e+06
1.750811125000000000e+06
3.382232500000000000e+05
8.050885156250000000e+04
2.366341601562500000e+04
2.811338476562500000e+04
8.116145019531250000e+03
5.101982910156250000e+03
2.034178437500000000e+05
1.488634400000000000e+07
2.605091796875000000e+04
4.054236718750000000e+04
7.405857543945312500e+02
4.696186718750000000e+04
3.673151600000000000e+07
6.796229003906250000e+03
7.297757500000000000e+05
3.462308593750000000e+03
2.045317187500000000e+05
5.476494140625000000e+04
6.235748828125000000e+04
1.003661437988281250e+03
3.107350390625000000e+04
1.027265562500000000e+06
1.007680859375000000e+05
1.579331054687500000e+04
1.199154453125000000e+05
8.217146484375000000e+03
2.424327087402343750e+02
1.011158752441406250e+02
1.026382600000000000e+07
2.868365625000000000e+05
9.657352343750000000e+04
1.694827250000000000e+06
8.807051875000000000e+05
2.726837402343750000e+03
1.652906406250000000e+05
1.988941600000000000e+07
1.397282187500000000e+05
2.090297200000000000e+07
6.627072656250000000e+04
9.047991875000000000e+05
5.514685937500000000e+04
1.223017375000000000e+06
3.113693440000000000e+09
4.728256000000000000e+06
9.913563281250000000e+04
3.436432400000000000e+07
5.653671484375000000e+04
2.200454880000000000e+08
1.612566100000000000e+07
6.580693750000000000e+04
4.819592000000000000e+08
2.901314062500000000e+05
5.078590625000000000e+04
7.200489472000000000e+10
4.844126250000000000e+05
2.327377187500000000e+05
7.597794375000000000e+05
1.222983700000000000e+07
2.500400000000000000e+08
1.405695200000000000e+07
2.271363281250000000e+04
4.041000320000000000e+08
2.261718437500000000e+05
4.699000000000000000e+04
7.200489472000000000e+10
1.345197600000000000e+07
6.639413125000000000e+05
8.366058000000000000e+06
4.129868160000000000e+08
3.356803466796875000e+03
8.485063281250000000e+04
2.442349365234375000e+03
1.609628300000000000e+07
4.576320312500000000e+04
4.127441015625000000e+04
4.306488281250000000e+04
1.609227200000000000e+08
1.133215100000000000e+07
1.589723828125000000e+04
4.558487680000000000e+08
1.597803593750000000e+05
5.814435156250000000e+04
7.200489472000000000e+10
2.401082343750000000e+05
1.243265234375000000e+05
4.464890625000000000e+05
1.879319125000000000e+06
1.500556100000000000e+07
7.913068750000000000e+04
5.811441796875000000e+04
3.057987812500000000e+05
1.977516796875000000e+04
1.176938085937500000e+04
2.093458007812500000e+04
5.487586425781250000e+03
1.693815234375000000e+04
1.019093375000000000e+06
1.328365631103515625e+02
1.682562011718750000e+03
3.064963378906250000e+03
5.582745117187500000e+03
1.291516967773437500e+03
6.291886230468750000e+03
7.716186718750000000e+04
5.079452734375000000e+04
1.097416699218750000e+04
2.293970468750000000e+05
4.394263671875000000e+03
4.117985156250000000e+04
1.307675933837890625e+02
5.225318847656250000e+03
2.405357226562500000e+04
1.299660000000000000e+05
2.006343505859375000e+03
3.215827392578125000e+03
6.684079589843750000e+03
5.566012695312500000e+03
2.183926171875000000e+04
4.563180236816406250e+02
4.249007031250000000e+04
2.238053710937500000e+03
3.601798046875000000e+04
6.792297656250000000e+04
1.806628320312500000e+04
2.690869921875000000e+04
3.086542187500000000e+04
4.285576953125000000e+04
3.759965234375000000e+04
1.237794311523437500e+03
4.648860168457031250e+01
2.928414843750000000e+04
9.390597534179687500e+02
1.436398437500000000e+04
1.093706420898437500e+03
3.266475830078125000e+03
6.812401600000000000e+07
8.171229500000000000e+06
1.014315312500000000e+05
2.084049125000000000e+06
2.934918164062500000e+04
1.835237500000000000e+04
1.351863424000000000e+09
7.813012500000000000e+04
1.573777500000000000e+05
4.974815625000000000e+04
4.638793500000000000e+06
6.218146362304687500e+02
1.046402656250000000e+05
3.973279296875000000e+04
1.022684296875000000e+05
9.936810937500000000e+04
8.921166992187500000e+02
1.805193554687500000e+04
4.958063000000000000e+06
9.831211250000000000e+05
2.153808000000000000e+06
1.384291015625000000e+04
4.561392640000000000e+08
1.613227500000000000e+07
1.072476800000000000e+07
1.231011875000000000e+06
7.387667187500000000e+04
1.991135156250000000e+05
2.477193472000000000e+09
1.685397600000000000e+08
4.037913250000000000e+06
5.139819600000000000e+07
1.105497250000000000e+06
1.856342500000000000e+06
4.936408320000000000e+08
4.959804480000000000e+08
1.332854200000000000e+07
1.104683750000000000e+06
2.987024384000000000e+10
3.026507520000000000e+09
1.731900640000000000e+08
5.210185200000000000e+07
4.933471680000000000e+08
3.479194009600000000e+10
1.659588623046875000e+03
5.734637200000000000e+07
1.707915039062500000e+03
2.624414375000000000e+05
1.417749531250000000e+05
5.092739746093750000e+03
3.090451171875000000e+04
1.683924687500000000e+05
4.361922851562500000e+03
1.365729589843750000e+04
3.023715625000000000e+05
2.089671875000000000e+03
2.484649023437500000e+04
9.776664375000000000e+05
4.310663281250000000e+04
8.016814062500000000e+04
9.766926250000000000e+05
1.478750390625000000e+04
6.015433203125000000e+04
7.452153906250000000e+04
4.977852539062500000e+03
4.786433203125000000e+04
3.630721679687500000e+03
7.643308000000000000e+07
2.740913125000000000e+05
4.924972480000000000e+08
7.329378906250000000e+04
1.071675875000000000e+06
5.084168750000000000e+04
5.059438750000000000e+05
8.947128320000000000e+09
7.657370625000000000e+05
7.321491406250000000e+04
6.709321000000000000e+06
1.537310742187500000e+04
6.450985546875000000e+04
3.050823632812500000e+04
4.833253760000000000e+08
2.185657617187500000e+04
1.219389140625000000e+05
6.223954000000000000e+06
1.685567200000000000e+07
1.553438125000000000e+05
4.243871484375000000e+04
3.079750625000000000e+05
8.171229500000000000e+06
1.289225100000000000e+07
2.638373828125000000e+04
1.128324250000000000e+06
1.081221640625000000e+05
6.531443750000000000e+04
3.212237120000000000e+08
6.162240000000000000e+06
7.400191500000000000e+06
9.096330000000000000e+05
3.274162560000000000e+08
4.112627734375000000e+04
8.511488647460937500e+02
1.602106562500000000e+05
6.197597265625000000e+04
1.032399511718750000e+04
7.710677600000000000e+07
1.500556100000000000e+07
4.574313964843750000e+03
9.808450000000000000e+06
5.351318847656250000e+03
2.201290820312500000e+04
5.892107264000000000e+09
1.017564062500000000e+05
1.603717656250000000e+05
2.695948242187500000e+04
1.742786625000000000e+06
1.166461425781250000e+04
6.135325000000000000e+05
1.409866375000000000e+06
5.834142578125000000e+04
4.935460156250000000e+04
2.088306875000000000e+06
3.625889062500000000e+04
1.114681171875000000e+05
3.447113750000000000e+06
3.335443437500000000e+05
4.558379062500000000e+05
1.402829589843750000e+03
2.424054492187500000e+04
3.830731201171875000e+01
1.717855834960937500e+02
1.313709106445312500e+03
9.171421875000000000e+03
6.306464453125000000e+04
4.361922851562500000e+03
8.428973632812500000e+03
3.128380937500000000e+05
1.209706054687500000e+03
7.058316894531250000e+03
1.845601718750000000e+05
3.989214843750000000e+04
2.625594531250000000e+04
6.291566015625000000e+04
3.348759765625000000e+02
5.665843750000000000e+05
1.273239125000000000e+06
1.376680400000000000e+07
8.540168762207031250e+01
4.003370000000000000e+05
1.586962875000000000e+06
4.191712890625000000e+04
9.771610156250000000e+04
1.748179875000000000e+06
3.348759765625000000e+02
5.665843750000000000e+05
1.273239125000000000e+06
6.925586000000000000e+06
3.014442187500000000e+04
1.357519687500000000e+05
4.380306152343750000e+03
4.947605000000000000e+06
2.782186250000000000e+06
3.953530500000000000e+06
4.191712890625000000e+04
9.771610156250000000e+04
1.748179875000000000e+06
1.469333625000000000e+06
3.014442187500000000e+04
1.357519687500000000e+05
4.380306152343750000e+03
4.947605000000000000e+06
2.782186250000000000e+06
3.953530500000000000e+06
3.042609250000000000e+06
1.685758125000000000e+05
8.807370312500000000e+04
1.068517700000000000e+07
1.469333625000000000e+06
3.042609250000000000e+06
1.685758125000000000e+05
8.807370312500000000e+04
1.068517700000000000e+07
2.876012750000000000e+06
2.876012750000000000e+06
7.354536718750000000e+04
4.405741406250000000e+04
9.630543212890625000e+02
1.089629980468750000e+04
1.570210937500000000e+05
1.892293359375000000e+04
5.947794140625000000e+04
2.531960500000000000e+06
5.261704589843750000e+03
1.372120507812500000e+04
2.193592343750000000e+05
1.675240478515625000e+03
2.101686718750000000e+05
1.119986625000000000e+06
5.215058984375000000e+04
1.512160781250000000e+05
2.391908480000000000e+08
1.337458400000000000e+07
2.478833593750000000e+04
2.119068000000000000e+07
4.231625781250000000e+04
2.269767382812500000e+04
7.200489472000000000e+10
9.079974375000000000e+05
6.770954687500000000e+04
9.422676562500000000e+04
1.607089625000000000e+06
7.260141440000000000e+08
2.054358437500000000e+05
3.910610937500000000e+04
4.959351562500000000e+05
1.381120468750000000e+05
1.820859527587890625e+02
2.123852928000000000e+09
1.171545250000000000e+06
4.093412780761718750e+02
5.336765747070312500e+02
4.541446875000000000e+04
1.142227875000000000e+06
1.280896250000000000e+05
1.424764257812500000e+04
1.054578750000000000e+05
1.350565429687500000e+04
7.031289062500000000e+04
3.696654296875000000e+04
2.347275937500000000e+05
6.264544433593750000e+03
3.289981640625000000e+04
1.265043457031250000e+03
4.571805078125000000e+04
2.278286437988281250e+02
1.057946625000000000e+06
1.993233200000000000e+07
1.133215100000000000e+07
1.097304218750000000e+05
7.812293750000000000e+05
3.550311500000000000e+06
1.506263906250000000e+05
3.432522000000000000e+07
2.607097250000000000e+06
1.198222812500000000e+05
1.221963200000000000e+08
7.312740000000000000e+07
1.057946625000000000e+06
7.954660352000000000e+09
1.993233200000000000e+07
1.133215100000000000e+07
7.616456800000000000e+07
7.812293750000000000e+05
3.550311500000000000e+06
3.432522000000000000e+07
5.292259328000000000e+09
1.221963200000000000e+08
7.312740000000000000e+07
7.954660352000000000e+09
7.616456800000000000e+07
5.292259328000000000e+09
1.377003500000000000e+07
1.023852636718750000e+04
1.177547656250000000e+04
1.376452500000000000e+05
1.885635781250000000e+05
6.730001250000000000e+05
5.423784375000000000e+05
4.772474062500000000e+05
5.485428480000000000e+08
1.687310400000000000e+07
7.937390625000000000e+04
2.072436800000000000e+07
2.653717187500000000e+05
5.210206250000000000e+04
7.200489472000000000e+10
1.034777687500000000e+06
1.938020625000000000e+05
1.484394000000000000e+06
2.547721200000000000e+07
3.500012939453125000e+03
3.769811279296875000e+03
3.376239843750000000e+04
3.500012939453125000e+03
1.582550100000000000e+07
8.974711718750000000e+04
5.465104687500000000e+04
6.304031250000000000e+05
4.196152343750000000e+04
3.941174926757812500e+02
6.110671093750000000e+04
6.100545500000000000e+06
1.133215100000000000e+07
1.157362670898437500e+02
3.707312500000000000e+03
2.436556835937500000e+04
2.553750195312500000e+04
5.345024218750000000e+04
3.589517500000000000e+05
1.235408325195312500e+02
1.571264843750000000e+04
9.159485937500000000e+04
2.020434062500000000e+05
1.007999902343750000e+04
1.043773515625000000e+05
2.475185546875000000e+03
1.098432000000000000e+06
4.876116562500000000e+05
4.697710500000000000e+06
1.176416210937500000e+04
1.224448242187500000e+04
1.066945800781250000e+04
3.854631562500000000e+05
7.383664550781250000e+03
9.115948242187500000e+03
2.598348999023437500e+02
1.089533593750000000e+05
4.571652734375000000e+04
1.091730312500000000e+05
2.634311562500000000e+05
3.925108593750000000e+04
1.049877343750000000e+05
1.623874875000000000e+06
5.966315234375000000e+04
6.046930859375000000e+04
1.493255957031250000e+04
7.410644531250000000e+03
9.396096093750000000e+04
2.227654218750000000e+05
3.428572265625000000e+04
1.470694875000000000e+06
1.391012600000000000e+07
5.621098125000000000e+05
2.580293554687500000e+04
1.062117750000000000e+06
2.647293945312500000e+04
5.762966406250000000e+04
5.013614062500000000e+04
4.912871875000000000e+04
4.099205566406250000e+03
4.451470000000000000e+07
1.534348375000000000e+06
4.426740625000000000e+05
1.023080160000000000e+08
8.754698125000000000e+05
2.920566406250000000e+04
4.668410312500000000e+05
3.982582187500000000e+05
1.392911132812500000e+04
6.284694824218750000e+03
6.118536800000000000e+07
4.504506500000000000e+06
2.773584687500000000e+05
6.111766875000000000e+05
6.857319531250000000e+04
2.151377250000000000e+06
2.391908480000000000e+08
9.699220703125000000e+03
6.999095312500000000e+04
3.795091875000000000e+05
1.688041200000000000e+07
1.525475976562500000e+04
5.729762109375000000e+04
2.298828281250000000e+05
1.773501200000000000e+07
5.943646500000000000e+06
2.157012109375000000e+04
1.954494000000000000e+07
4.157509375000000000e+04
1.510372167968750000e+04
1.949592704000000000e+09
2.396840781250000000e+05
5.495176953125000000e+04
1.597975937500000000e+05
1.609806250000000000e+06
6.146076250000000000e+05
9.639571289062500000e+03
1.502327500000000000e+05
1.006658203125000000e+03
9.690963867187500000e+03
6.462314453125000000e+02
1.019147968750000000e+05
6.159261474609375000e+02
3.383192578125000000e+04
7.757970703125000000e+03
8.927249218750000000e+04
1.689936875000000000e+05
4.366658984375000000e+04
5.105513671875000000e+04
5.709553222656250000e+03
4.868643554687500000e+03
3.677858154296875000e+03
3.576270750000000000e+06
1.653862500000000000e+04
8.094886875000000000e+05
9.536574218750000000e+03
5.692445800781250000e+03
3.841643554687500000e+03
2.978028564453125000e+03
1.106679200000000000e+07
4.203846875000000000e+04
5.213631250000000000e+04
1.491408281250000000e+05
1.007891845703125000e+02
2.076813125000000000e+05
1.799440156250000000e+05
4.478694000000000000e+06
6.885537500000000000e+04
7.165811500000000000e+06
2.718621250000000000e+06
8.718280000000000000e+05
1.071675875000000000e+06
1.890565937500000000e+05
1.198222812500000000e+05
5.721308984375000000e+04
2.853052978515625000e+03
4.161079296875000000e+04
5.929927368164062500e+02
1.094588000000000000e+06
1.160772400000000000e+07
2.076813125000000000e+05
3.775742000000000000e+06
1.799440156250000000e+05
4.478694000000000000e+06
5.785022080000000000e+08
7.165811500000000000e+06
2.718621250000000000e+06
1.071675875000000000e+06
8.512564062500000000e+04
2.338502750000000000e+06
5.721308984375000000e+04
6.437789843750000000e+04
2.853052978515625000e+03
4.161079296875000000e+04
5.626359200000000000e+07
1.094588000000000000e+06
1.160772400000000000e+07
3.775742000000000000e+06
5.785022080000000000e+08
4.928621500000000000e+06
8.512564062500000000e+04
2.338502750000000000e+06
6.437789843750000000e+04
5.626359200000000000e+07
4.928621500000000000e+06
3.867888000000000000e+07
5.362158593750000000e+04
9.866281250000000000e+04
7.386993750000000000e+05
8.675297656250000000e+04
1.237794311523437500e+03
6.727741875000000000e+05
1.007382109375000000e+05
4.098702430725097656e+00
7.232022500000000000e+05
4.191712890625000000e+04
8.324256896972656250e+00
3.250155312500000000e+05
8.332867187500000000e+03
7.179118750000000000e+04
3.667795654296875000e+03
1.860183203125000000e+04
5.828723144531250000e+03
4.785152832031250000e+03
4.769479370117187500e+01
1.090069824218750000e+04
1.925174414062500000e+04
6.367600097656250000e+02
5.057073828125000000e+04
5.671498046875000000e+04
2.906090698242187500e+02
4.981224609375000000e+04
9.018235625000000000e+05
1.079122187500000000e+05
4.407529296875000000e+03
2.580441250000000000e+05
8.867488750000000000e+05
2.392885000000000000e+05
1.334156500000000000e+07
2.170855859375000000e+04
4.606019921875000000e+04
1.223035875000000000e+06
8.380803125000000000e+04
6.811979687500000000e+04
2.294618652343750000e+03
1.663110400000000000e+07
1.069232578125000000e+05
4.450879687500000000e+04
1.088275683593750000e+04
8.066833593750000000e+04
2.356180572509765625e+01
1.319868600000000000e+07
6.578980000000000000e+05
3.430889648437500000e+03
4.453492736816406250e+02
1.595643261718750000e+04
3.922862890625000000e+04
3.004577343750000000e+04
6.727741875000000000e+05
5.280468500000000000e+06
1.765032812500000000e+04
1.365499843750000000e+05
6.275395625000000000e+05
9.983706250000000000e+04
1.068102343750000000e+04
2.144989500000000000e+06
1.178383593750000000e+04
3.099282187500000000e+05
4.393011875000000000e+05
6.031592578125000000e+04
2.177740312500000000e+05
7.751630000000000000e+06
1.108548359375000000e+05
4.011433593750000000e+04
2.008762875000000000e+06
2.114182812500000000e+05
8.641392968750000000e+04
9.292040625000000000e+04
4.892123500000000000e+06
8.441637500000000000e+05
2.516015468750000000e+05
8.433856250000000000e+05
7.114327500000000000e+05
2.135040468750000000e+05
1.732125750000000000e+06
4.057060156250000000e+04
1.702078906250000000e+04
2.493747031250000000e+05
1.932050000000000000e+04
3.116160400390625000e+03
3.625567578125000000e+04
5.555657200000000000e+07
5.348150000000000000e+04
9.837380468750000000e+04
4.144379375000000000e+05
3.876393359375000000e+04
1.663110400000000000e+07
7.260141440000000000e+08
1.500556100000000000e+07
6.159792480468750000e+03
1.688089600000000000e+07
7.315163000000000000e+06
4.112694531250000000e+04
2.072436800000000000e+07
3.845837500000000000e+04
4.647009765625000000e+04
7.200489472000000000e+10
9.409183360000000000e+08
1.172754750000000000e+06
7.200489472000000000e+10
2.842180750000000000e+06
3.313810312500000000e+05
2.512850944000000000e+09
6.138245625000000000e+05
1.580111250000000000e+06
8.015448125000000000e+05
7.200489472000000000e+10
8.917308800000000000e+08
4.895250500000000000e+06
4.803218000000000000e+07
2.045212000000000000e+07
8.373431296000000000e+09
2.883464355468750000e+03
3.897457763671875000e+03
7.160046875000000000e+03
7.950033203125000000e+03
4.996776000000000000e+07
2.111265200000000000e+07
4.697037500000000000e+04
6.958875000000000000e+06
4.119053125000000000e+04
3.322652343750000000e+04
5.426977280000000000e+09
5.865130625000000000e+05
7.821270000000000000e+05
6.317173046875000000e+04
4.868136500000000000e+06
9.609374389648437500e+02
1.476250488281250000e+03
4.569921875000000000e+03
1.005181335449218750e+03
4.410979200000000000e+08
1.445188900000000000e+07
9.600848437500000000e+04
2.095586800000000000e+07
6.963017500000000000e+05
5.230464453125000000e+04
7.200489472000000000e+10
7.046391500000000000e+06
4.955810312500000000e+05
3.820271500000000000e+06
1.762525760000000000e+08
8.577407031250000000e+04
4.228479687500000000e+04
5.962454101562500000e+03
1.056827890625000000e+05
1.237794311523437500e+03
7.270690917968750000e+01
1.588444628906250000e+04
1.333306518554687500e+03
1.872053750000000000e+05
7.195681762695312500e+02
5.665377929687500000e+03
1.304065307617187500e+03
1.007070812500000000e+06
6.597459375000000000e+04
2.843345312500000000e+04
1.156332778930664062e+02
5.090602343750000000e+04
4.696414453125000000e+04
3.580064697265625000e+02
4.405598828125000000e+04
2.565261474609375000e+03
5.787031250000000000e+03
1.047414062500000000e+05
5.185487792968750000e+03
2.876209765625000000e+04
1.075929077148437500e+03
1.082421562500000000e+05
5.753408050537109375e+01
1.589112812500000000e+05
6.083633000000000000e+06
6.982054687500000000e+04
1.075929077148437500e+03
1.173081718750000000e+05
1.369081400000000000e+07
7.102096679687500000e+03
6.899461875000000000e+05
2.141202250000000000e+06
1.698263476562500000e+04
1.025917578125000000e+05
1.172436000000000000e+06
1.989709687500000000e+05
2.063199218750000000e+04
6.577889062500000000e+04
7.859241333007812500e+02
1.013873474121093750e+03
5.834449005126953125e+01
3.170812000000000000e+07
7.347567968750000000e+04
2.072436800000000000e+07
5.257209960937500000e+03
4.357660000000000000e+06
5.181100781250000000e+04
4.430503437500000000e+05
3.351118592000000000e+09
3.339215000000000000e+05
9.069737500000000000e+04
4.735824000000000000e+06
7.260141440000000000e+08
5.434144375000000000e+05
9.998057031250000000e+04
5.972881250000000000e+05
1.280413828125000000e+05
1.689256103515625000e+03
3.759379200000000000e+09
2.856692000000000000e+06
7.749147949218750000e+03
6.149630859375000000e+03
5.520146250000000000e+05
5.479455200000000000e+07
1.317811000000000000e+07
9.510656250000000000e+04
4.924558000000000000e+06
1.444463875000000000e+06
7.799746875000000000e+04
6.650831360000000000e+09
5.990542000000000000e+07
1.180573200000000000e+07
4.349729500000000000e+06
6.935518208000000000e+09
5.080610240000000000e+08
6.322899902343750000e+03
4.619032031250000000e+04
1.141302375000000000e+06
8.837030000000000000e+05
4.010898046875000000e+04
5.715306640625000000e+03
2.689191796875000000e+04
2.433784667968750000e+03
3.769811279296875000e+03
5.018164978027343750e+02
1.856367656250000000e+05
7.831409375000000000e+04
1.278362121582031250e+02
8.703367309570312500e+02
4.389020703125000000e+04
1.186752343750000000e+04
5.038938671875000000e+04
1.282537695312500000e+04
6.050617500000000000e+06
7.200408593750000000e+04
1.477279218750000000e+05
5.468467500000000000e+06
1.944923046875000000e+04
1.410081093750000000e+05
3.531192500000000000e+06
9.327202148437500000e+03
5.227826171875000000e+04
2.263062656250000000e+05
6.242409179687500000e+03
1.408097656250000000e+05
3.983843125000000000e+05
8.895480468750000000e+04
9.987534375000000000e+04
7.260141440000000000e+08
1.607793500000000000e+07
2.886947500000000000e+05
1.341500468750000000e+05
2.085315600000000000e+07
1.337021250000000000e+05
3.776412000000000000e+06
1.736181054687500000e+04
1.249527109375000000e+05
1.503937133789062500e+03
7.200489472000000000e+10
1.654310528000000000e+09
7.260141440000000000e+08
3.433130800000000000e+07
1.607793500000000000e+07
2.886947500000000000e+05
3.457596400000000000e+07
2.085315600000000000e+07
1.337021250000000000e+05
1.736181054687500000e+04
7.200489472000000000e+10
7.200489472000000000e+10
1.654310528000000000e+09
3.433130800000000000e+07
3.457596400000000000e+07
7.200489472000000000e+10
2.002790374755859375e+02
7.729659667968750000e+03
1.415543281250000000e+05
1.991360937500000000e+05
8.718280000000000000e+05
1.198222812500000000e+05
2.718621250000000000e+06
1.794043884277343750e+02
1.625415161132812500e+03
1.806149536132812500e+03
1.415543281250000000e+05
1.991360937500000000e+05
4.611842000000000000e+06
2.718621250000000000e+06
1.625415161132812500e+03
1.806149536132812500e+03
4.394834765625000000e+04
4.611842000000000000e+06
4.394834765625000000e+04
3.052773200000000000e+07
1.117404843750000000e+05
1.846572460937500000e+04
3.418738437500000000e+05
4.765586328125000000e+04
7.260141440000000000e+08
1.460228800000000000e+07
8.783704833984375000e+02
2.070422000000000000e+07
7.152501220703125000e+02
9.361068115234375000e+02
7.200489472000000000e+10
3.747773925781250000e+03
1.667517089843750000e+03
1.364445312500000000e+03
1.780615234375000000e+04
4.722996093750000000e+04
3.015888671875000000e+04
6.491502441406250000e+03
5.946538500000000000e+06
2.069479882812500000e+04
1.069985234375000000e+05
8.708208125000000000e+05
4.359826660156250000e+02
7.410771484375000000e+03
3.378208312988281250e+02
8.794032812500000000e+04
3.941174926757812500e+02
1.878385625000000000e+06
5.606431579589843750e+01
2.075387656250000000e+05
7.049954000000000000e+06
1.573543437500000000e+05
5.850540234375000000e+04
7.291007031250000000e+04
3.868565979003906250e+02
1.800940125000000000e+06
4.476493600000000000e+07
1.569282812500000000e+05
1.144264765625000000e+05
5.735923437500000000e+04
7.386895000000000000e+05
6.919360839843750000e+03
1.771638375000000000e+06
2.708741601562500000e+04
2.170955000000000000e+06
1.124281250000000000e+05
3.644808593750000000e+04
8.060723144531250000e+03
1.246331875000000000e+06
6.732783593750000000e+04
1.908187750000000000e+06
1.110682734375000000e+05
5.275003125000000000e+04
2.041797343750000000e+05
9.449782812500000000e+04
5.496061875000000000e+05
1.002630000000000000e+05
5.941941406250000000e+03
5.948469140625000000e+04
6.220323828125000000e+04
5.937530859375000000e+04
1.496279785156250000e+04
8.310508125000000000e+05
2.934042578125000000e+04
4.251329687500000000e+04
2.342326400000000000e+07
5.324575680000000000e+08
1.387893500000000000e+07
1.866518554687500000e+04
1.688089600000000000e+07
9.604296250000000000e+05
2.688891992187500000e+04
1.988941600000000000e+07
1.219553046875000000e+05
6.406413281250000000e+04
7.200489472000000000e+10
4.728834560000000000e+08
6.158380625000000000e+05
7.200489472000000000e+10
3.688411000000000000e+06
3.828681875000000000e+05
2.066008640000000000e+08
2.607768500000000000e+06
2.086395625000000000e+05
1.201155625000000000e+06
7.200489472000000000e+10
5.371242240000000000e+08
2.921590000000000000e+07
4.289316480000000000e+08
2.569340000000000000e+07
2.055630028800000000e+10
1.624885100000000000e+07
3.454782714843750000e+03
1.460355156250000000e+05
7.741999511718750000e+02
4.278931274414062500e+02
1.121705703735351562e+02
4.003370000000000000e+05
3.695843359375000000e+04
7.945002343750000000e+04
5.689294140625000000e+04
4.278931274414062500e+02
1.121705703735351562e+02
4.982894897460937500e+01
5.171919555664062500e+02
5.689294140625000000e+04
1.401815000000000000e+05
5.233877563476562500e+02
5.171919555664062500e+02
7.620797729492187500e+01
4.688109588623046875e+01
4.201465332031250000e+03
1.599846954345703125e+02
3.250965820312500000e+04
9.091253906250000000e+03
1.123934472656250000e+04
4.333795410156250000e+03
6.229121093750000000e+03
3.700673828125000000e+02
1.309682910156250000e+04
2.593767200000000000e+07
5.067490000000000000e+06
1.706205250000000000e+06
7.183803906250000000e+04
4.817294400000000000e+08
4.397485351562500000e+01
1.832259179687500000e+04
1.001217089843750000e+04
1.937078750000000000e+06
3.168830312500000000e+05
4.965836288000000000e+09
7.395464500000000000e+06
2.631812011718750000e+03
8.120093994140625000e+02
3.788406250000000000e+06
4.526454400000000000e+07
1.428765625000000000e+05
3.772822509765625000e+03
6.621610717773437500e+02
1.599831542968750000e+02
7.611392968750000000e+04
4.215299316406250000e+03
6.975893402099609375e+01
1.660577148437500000e+03
1.448034210205078125e+02
1.535763740539550781e+01
3.646285705566406250e+02
5.359240722656250000e+01
1.290483040000000000e+08
1.226887265625000000e+05
2.088624023437500000e+04
4.206650000000000000e+04
2.746478437500000000e+05
8.044616699218750000e+03
3.448487500000000000e+04
5.781032714843750000e+02
1.574481562500000000e+05
1.851679687500000000e+04
3.585497436523437500e+02
4.063341979980468750e+02
5.549435546875000000e+03
5.550938720703125000e+02
5.781032714843750000e+02
1.574481562500000000e+05
3.585497436523437500e+02
5.550938720703125000e+02
1.136823900000000000e+07
2.442860156250000000e+04
7.821800781250000000e+03
2.570446679687500000e+04
8.290575000000000000e+05
2.609172070312500000e+04
5.139794921875000000e+04
6.885966875000000000e+05
9.055879516601562500e+02
9.025800000000000000e+04
6.628956250000000000e+04
1.266643261718750000e+04
2.137051757812500000e+04
2.579391200000000000e+07
1.250985700000000000e+07
4.769870080000000000e+08
5.543445312500000000e+04
6.520216000000000000e+06
1.198222812500000000e+05
2.579391200000000000e+07
4.200783872000000000e+09
4.769870080000000000e+08
6.520216000000000000e+06
4.200783872000000000e+09
1.435212500000000000e+04
1.907565039062500000e+04
1.097304218750000000e+05
1.449509277343750000e+04
1.277171300000000000e+07
9.334009000000000000e+06
1.500556100000000000e+07
1.719551757812500000e+03
2.778794750000000000e+06
3.241105600000000000e+07
5.052114257812500000e+02
1.071675875000000000e+06
4.470601806640625000e+02
5.454894409179687500e+02
1.554537472000000000e+09
1.310900864000000000e+09
6.622711181640625000e+02
2.531569664000000000e+09
1.498173583984375000e+03
1.593405395507812500e+03
2.212786720000000000e+08
1.177251586914062500e+03
1.533974975585937500e+03
2.650317687988281250e+02
2.518060320000000000e+08
1.501238403320312500e+03
8.132761230468750000e+02
5.856219482421875000e+02
2.948319824218750000e+03
4.652131042480468750e+02
9.334009000000000000e+06
1.500556100000000000e+07
2.001855273437500000e+04
1.071675875000000000e+06
5.804578906250000000e+04
4.702173828125000000e+04
2.531569664000000000e+09
3.416505312500000000e+05
6.395622500000000000e+05
9.968789062500000000e+04
1.132659700000000000e+07
9.423569335937500000e+03
2.715436562500000000e+05
6.197597265625000000e+04
6.215360937500000000e+04
9.299641000000000000e+06
9.792443359375000000e+03
1.030798632812500000e+04
4.564603906250000000e+04
6.626870605468750000e+03
4.454479062500000000e+05
1.991352000000000000e+07
5.371231360000000000e+08
1.832598242187500000e+04
1.254085250000000000e+06
1.198222812500000000e+05
4.454479062500000000e+05
2.415458000000000000e+07
5.371231360000000000e+08
1.254085250000000000e+06
2.415458000000000000e+07
5.376469120000000000e+08
1.199276875000000000e+05
1.010181640625000000e+05
8.971185937500000000e+04
2.975611250000000000e+05
1.273256683349609375e+02
3.437738880000000000e+08
1.851540500000000000e+06
7.083747558593750000e+02
1.866316284179687500e+03
3.454649375000000000e+05
3.421203613281250000e+02
1.891109765625000000e+04
6.230992000000000000e+06
2.323052250000000000e+06
7.339926269531250000e+03
5.215058984375000000e+04
4.192383500000000000e+06
1.556944732666015625e+02
6.147689453125000000e+03
1.039702832031250000e+04
7.385554687500000000e+04
5.959775000000000000e+04
2.655870720000000000e+08
9.338511718750000000e+04
7.559933471679687500e+02
7.876611328125000000e+02
5.197842187500000000e+05
5.482570625000000000e+05
1.312053222656250000e+04
5.253994800000000000e+07
1.495681300000000000e+07
9.205332000000000000e+06
4.183002734375000000e+04
2.083165000000000000e+06
4.212659000000000000e+06
1.722577343750000000e+04
1.050816500000000000e+06
5.613242968750000000e+04
1.443535742187500000e+04
2.482443776000000000e+09
2.018281728000000000e+09
4.735713437500000000e+05
2.491441920000000000e+09
6.542784375000000000e+05
1.389691250000000000e+05
4.354088960000000000e+08
3.786702734375000000e+04
5.853314062500000000e+04
7.141329687500000000e+04
7.200489472000000000e+10
2.686405000000000000e+06
8.616988125000000000e+05
1.236919500000000000e+06
1.346867375000000000e+06
1.491857800000000000e+07
5.349966015625000000e+04
1.428121679687500000e+04
1.749150000000000000e+04
5.342209960937500000e+03
2.089825439453125000e+03
1.407506875000000000e+05
6.782881347656250000e+03
2.403362304687500000e+04
2.245127968750000000e+05
9.531526367187500000e+03
2.097911328125000000e+04
3.235963281250000000e+04
3.572881600000000000e+07
6.144096250000000000e+05
1.341500468750000000e+05
2.401426171875000000e+04
4.058986562500000000e+05
2.909027587890625000e+03
9.116680000000000000e+07
3.572881600000000000e+07
6.144096250000000000e+05
2.401426171875000000e+04
9.116680000000000000e+07
3.398734765625000000e+04
3.683576953125000000e+04
9.797637695312500000e+03
2.556530000000000000e+06
1.988061600000000000e+07
1.015561093750000000e+05
5.499948437500000000e+04
3.992115312500000000e+05
1.248197509765625000e+03
8.408615625000000000e+04
2.470029354095458984e+00
2.781380000000000000e+05
4.960602500000000000e+06
1.198222812500000000e+05
8.222212791442871094e+00
1.496329062500000000e+05
1.131515875000000000e+06
2.326901702880859375e+02
2.205513916015625000e+03
4.960602500000000000e+06
1.360902557373046875e+02
3.538624877929687500e+02
1.131515875000000000e+06
2.205513916015625000e+03
3.538624877929687500e+02
1.367551900000000000e+07
2.187012187500000000e+05
1.198222812500000000e+05
1.367551900000000000e+07
1.085457128906250000e+04
5.006513671875000000e+04
7.658752343750000000e+04
1.448236816406250000e+04
3.086061200000000000e+07
5.875342500000000000e+06
1.133215100000000000e+07
1.069063281250000000e+05
4.063805000000000000e+05
8.076756000000000000e+06
1.787707421875000000e+04
1.052310750000000000e+06
7.548725781250000000e+04
5.261904687500000000e+04
2.127240960000000000e+08
1.717164640000000000e+08
3.172498437500000000e+05
1.200280192000000000e+09
1.670350000000000000e+05
2.290538437500000000e+05
1.721610800000000000e+07
4.379968359375000000e+04
9.140818750000000000e+05
7.633826562500000000e+04
1.111920640000000000e+08
2.549960500000000000e+06
1.123083125000000000e+06
1.360813875000000000e+06
7.985576875000000000e+05
2.566379250000000000e+06
1.085699584960937500e+03
6.719703906250000000e+04
9.947193125000000000e+05
1.897320922851562500e+03
1.123812304687500000e+04
2.686140937500000000e+05
1.056815917968750000e+03
1.460160644531250000e+03
6.523251875000000000e+05
1.911520507812500000e+04
3.649754882812500000e+03
7.055820312500000000e+04
4.405741406250000000e+04
5.148386230468750000e+03
1.836079492187500000e+04
3.365469600000000000e+07
1.925616093750000000e+05
3.753937187500000000e+05
3.365469600000000000e+07
2.151272800000000000e+07
2.484858750000000000e+05
2.448344800000000000e+07
1.571967578125000000e+04
1.041177312500000000e+06
5.943071484375000000e+04
3.411680312500000000e+05
4.170756864000000000e+09
7.145701250000000000e+05
7.765500781250000000e+04
1.518354300000000000e+07
3.795350646972656250e+01
7.714252800000000000e+07
3.177764062500000000e+05
4.681413500000000000e+06
1.586862207031250000e+04
1.988941600000000000e+07
2.072436800000000000e+07
5.542316875000000000e+05
1.071675875000000000e+06
2.734234570312500000e+04
5.283189843750000000e+04
1.331852900000000000e+07
2.127657968750000000e+05
6.395890625000000000e+05
1.170524780273437500e+03
9.278744320000000000e+08
3.379560192000000000e+09
1.757843000000000000e+06
2.622985600000000000e+07
5.960678515625000000e+04
5.365208125000000000e+05
3.798473728000000000e+09
7.048543125000000000e+05
3.929158750000000000e+06
9.350712500000000000e+04
2.771790080000000000e+08
1.785702272000000000e+09
5.398735000000000000e+05
1.763954000000000000e+07
4.369533593750000000e+04
2.568300000000000000e+04
2.739552870400000000e+10
1.952061200000000000e+07
3.341324400000000000e+07
1.237948375000000000e+06
7.861508000000000000e+06
1.614766080000000000e+10
1.109348300000000000e+07
1.323435700000000000e+07
1.012193250000000000e+06
2.525207200000000000e+08
1.488558560000000000e+08
3.125348437500000000e+05
4.732242800000000000e+07
1.500556100000000000e+07
1.569086718750000000e+05
3.490242400000000000e+07
1.011081933593750000e+04
5.130240234375000000e+04
9.571224576000000000e+09
9.704206250000000000e+04
2.413500156250000000e+05
4.751096484375000000e+04
4.761653750000000000e+05
7.942816250000000000e+05
2.031790039062500000e+04
3.403331542968750000e+03
8.955739257812500000e+03
9.297076171875000000e+03
4.078143750000000000e+04
6.081284000000000000e+06
7.739449707031250000e+03
1.561883300781250000e+04
2.790394687500000000e+05
5.157252929687500000e+03
1.461246875000000000e+05
8.524365000000000000e+05
5.525947656250000000e+04
9.799345312500000000e+04
1.806620375000000000e+06
9.334009000000000000e+06
1.500556100000000000e+07
4.509925781250000000e+04
3.072645312500000000e+05
3.229397250000000000e+06
3.870851953125000000e+04
1.071675875000000000e+06
1.556477929687500000e+04
5.811868359375000000e+04
2.694520000000000000e+07
1.607288480000000000e+08
1.494238593750000000e+05
2.531569664000000000e+09
1.513098593750000000e+05
6.998281250000000000e+05
7.743435500000000000e+06
2.587190429687500000e+04
3.694412812500000000e+05
7.521669531250000000e+04
4.007471600000000000e+07
4.227946250000000000e+05
1.862153000000000000e+06
1.365171000000000000e+06
8.778266250000000000e+05
4.016977187500000000e+05
1.199276875000000000e+05
1.500556100000000000e+07
5.250545703125000000e+04
1.336432128906250000e+04
2.500666236877441406e+01
6.249394531250000000e+04
1.694812800000000000e+07
2.555778320312500000e+03
9.455015000000000000e+05
3.794974975585937500e+02
3.737278125000000000e+04
1.806969531250000000e+04
9.341451562500000000e+04
9.989040625000000000e+04
4.431328515625000000e+04
5.767556400000000000e+07
1.133215100000000000e+07
1.097304218750000000e+05
3.627766250000000000e+06
1.240107250000000000e+06
1.198222812500000000e+05
5.587181568000000000e+09
5.767556400000000000e+07
1.133215100000000000e+07
3.627766250000000000e+06
5.587181568000000000e+09
2.581304931640625000e+03
1.242520937500000000e+05
3.857349609375000000e+04
2.973896679687500000e+04
2.079933203125000000e+04
2.299516960000000000e+08
7.943842773437500000e+02
6.686761718750000000e+04
1.785407226562500000e+04
3.002795625000000000e+05
2.474423980712890625e+01
1.448849750000000000e+06
5.679736875000000000e+05
1.893858795166015625e+02
2.265260498046875000e+03
1.000884531250000000e+05
6.228343750000000000e+03
1.791997265625000000e+04
9.764847656250000000e+04
1.055133984375000000e+04
6.495133056640625000e+02
4.033626562500000000e+04
1.925694140625000000e+04
4.830406738281250000e+03
2.981155078125000000e+04
2.749044335937500000e+04
3.941174926757812500e+02
1.864916076660156250e+02
1.039043554687500000e+04
6.956201782226562500e+02
2.963613476562500000e+04
6.535020751953125000e+02
3.398873779296875000e+03
1.897154101562500000e+04
4.390318750000000000e+05
6.197597265625000000e+04
7.395329687500000000e+04
1.015770034790039062e+02
2.982375335693359375e+01
5.244519921875000000e+04
3.557335281372070312e+01
4.680403125000000000e+04
1.399123000000000000e+07
2.443522070312500000e+04
4.873885546875000000e+04
8.782008750000000000e+05
5.876521093750000000e+04
4.127231445312500000e+03
6.413560500000000000e+06
2.490496875000000000e+04
3.818314843750000000e+04
1.069824140625000000e+05
5.670326500000000000e+06
7.485568237304687500e+01
1.371123046875000000e+03
6.672219531250000000e+04
8.522467651367187500e+02
9.343434906005859375e+01
9.815061523437500000e+03
1.531202758789062500e+03
1.125851015625000000e+05
5.405002441406250000e+02
7.308267578125000000e+03
2.002790374755859375e+02
2.593495605468750000e+03
1.346560375000000000e+06
2.035292343750000000e+05
1.284545250000000000e+06
6.451866015625000000e+04
2.085399200000000000e+07
5.582729339599609375e+01
6.883215820312500000e+03
1.917814086914062500e+03
1.329968281250000000e+05
2.713677734375000000e+04
4.413611200000000000e+07
8.710996000000000000e+06
9.358664550781250000e+02
3.238079528808593750e+02
2.893157187500000000e+05
2.127327250000000000e+06
2.274729882812500000e+04
5.942581000000000000e+06
1.133457200000000000e+07
2.618847460937500000e+04
1.071675875000000000e+06
2.408159765625000000e+04
5.116988671875000000e+04
1.222672512000000000e+09
6.385131640625000000e+04
1.726278125000000000e+05
9.739810156250000000e+04
1.599783375000000000e+06
1.239831750000000000e+06
1.458990000000000000e+07
4.676931640625000000e+04
8.558487500000000000e+05
1.395312000000000000e+07
1.936039648437500000e+04
1.636014531250000000e+05
3.148767500000000000e+05
2.434446250000000000e+05
2.822635250000000000e+06
1.234317500000000000e+06
1.686858125000000000e+05
2.814123125000000000e+05
6.539934082031250000e+03
5.476849609375000000e+04
8.736246000000000000e+06
2.162613000000000000e+06
1.005145125000000000e+06
1.728307500000000000e+05
7.221277000000000000e+06
7.615706250000000000e+04
1.055374453125000000e+05
5.232430078125000000e+04
4.913304687500000000e+03
6.906622656250000000e+04
2.288896679687500000e+04
1.577412343750000000e+05
3.255525634765625000e+03
4.701806250000000000e+04
6.614532031250000000e+04
5.280468500000000000e+06
6.166579296875000000e+04
3.230828710937500000e+04
7.175224218750000000e+04
2.513360781250000000e+05
4.888973437500000000e+04
5.835311328125000000e+04
1.562655175781250000e+04
9.758700561523437500e+02
6.186719531250000000e+04
1.384857421875000000e+04
7.221402240000000000e+08
1.500556100000000000e+07
7.608764000000000000e+06
7.164953906250000000e+04
7.991728800000000000e+07
8.761920000000000000e+06
1.331534375000000000e+05
9.717304375000000000e+05
4.961974218750000000e+04
3.900929687500000000e+04
7.200489472000000000e+10
7.200489472000000000e+10
4.280122187500000000e+05
1.239635968000000000e+09
2.197046875000000000e+05
3.353190234375000000e+04
1.802170752000000000e+09
7.666432812500000000e+04
1.407319531250000000e+04
1.794090234375000000e+04
7.200489472000000000e+10
1.319648125000000000e+06
2.077631250000000000e+05
8.604214843750000000e+04
3.302512109375000000e+04
4.994488750000000000e+05
1.774595875000000000e+06
1.214666406250000000e+05
2.992880468750000000e+04
5.088360312500000000e+05
3.328043125000000000e+05
1.010254812500000000e+06
1.268035859375000000e+05
1.824430312500000000e+05
1.135514160156250000e+04
3.135705000000000000e+05
7.020809375000000000e+04
7.421955078125000000e+03
7.541703125000000000e+04
1.135487656250000000e+05
3.257460937500000000e+03
4.518618359375000000e+04
2.346962890625000000e+04
1.970530937500000000e+05
2.680832519531250000e+03
3.647287890625000000e+04
1.397189500000000000e+07
4.668901062011718750e+01
1.500999877929687500e+03
9.667717285156250000e+02
1.272919875000000000e+06
4.904487792968750000e+03
2.290374267578125000e+03
2.490547968750000000e+05
3.004577343750000000e+04
1.690571718750000000e+05
3.157754500000000000e+06
1.812178125000000000e+04
1.591825000000000000e+04
1.171511093750000000e+05
5.079155761718750000e+03
1.358926406250000000e+05
2.825458125000000000e+05
6.192298046875000000e+04
1.208234609375000000e+05
1.213235546875000000e+05
6.923751220703125000e+02
4.800442123413085938e+01
2.843200937500000000e+05
6.923751220703125000e+02
8.349258125000000000e+05
2.397193847656250000e+03
1.759278515625000000e+04
5.513103515625000000e+04
1.074054296875000000e+05
8.155357812500000000e+04
1.285132125000000000e+06
5.116386108398437500e+02
2.034926391601562500e+03
1.288237426757812500e+03
3.070312988281250000e+03
4.448695312500000000e+03
7.186651000976562500e+02
1.793642343750000000e+05
1.184762750000000000e+06
8.332339375000000000e+05
2.432986562500000000e+05
1.345380750000000000e+06
2.875329600000000000e+07
3.859295937500000000e+05
1.213260125000000000e+06
1.198222812500000000e+05
8.245898125000000000e+05
1.615193125000000000e+06
3.217374000000000000e+07
7.737561250000000000e+05
1.682449500000000000e+06
1.461929750000000000e+06
3.121364500000000000e+06
4.567330312500000000e+05
1.351472600000000000e+07
7.098333750000000000e+05
2.875329600000000000e+07
1.458086875000000000e+06
1.375381200000000000e+07
1.267907625000000000e+06
4.184079500000000000e+06
1.503241375000000000e+06
3.217374000000000000e+07
7.095496500000000000e+06
2.572554750000000000e+06
3.121364500000000000e+06
1.351472600000000000e+07
1.198684200000000000e+07
5.286862500000000000e+06
1.375381200000000000e+07
4.184079500000000000e+06
7.095496500000000000e+06
1.198684200000000000e+07
4.284041503906250000e+03
1.572595898437500000e+04
6.197597265625000000e+04
1.161358398437500000e+04
4.923243000000000000e+06
4.697398080000000000e+08
1.565733500000000000e+07
1.181802265625000000e+05
2.108830400000000000e+07
9.421819375000000000e+05
5.899324218750000000e+04
7.200489472000000000e+10
6.448039500000000000e+06
5.615231250000000000e+05
3.813257250000000000e+06
1.651132320000000000e+08
1.295385750000000000e+06
7.260141440000000000e+08
1.500556100000000000e+07
1.583972968750000000e+05
4.260081500000000000e+06
7.925963750000000000e+05
8.332429687500000000e+03
2.072436800000000000e+07
4.744227734375000000e+04
5.157191015625000000e+04
3.922130944000000000e+09
4.073267200000000000e+07
1.918023437500000000e+04
7.200489472000000000e+10
1.413916500000000000e+06
2.417314843750000000e+05
2.949756160000000000e+08
1.007666484375000000e+05
8.393281250000000000e+04
1.161065703125000000e+05
7.200489472000000000e+10
5.656915000000000000e+06
2.904264687500000000e+05
2.858458000000000000e+06
9.524357500000000000e+05
2.385150800000000000e+07
8.210734080000000000e+08
2.082477600000000000e+07
7.902534500000000000e+06
3.893655859375000000e+04
3.481034400000000000e+07
6.237436500000000000e+06
3.169336750000000000e+06
1.057285000000000000e+06
5.152855078125000000e+04
5.344224218750000000e+04
7.200489472000000000e+10
7.200489472000000000e+10
7.391552640000000000e+08
1.485592704000000000e+09
1.646696900000000000e+07
3.983873250000000000e+06
8.957829760000000000e+08
2.432611600000000000e+07
2.933307750000000000e+06
7.046802500000000000e+05
7.200489472000000000e+10
7.200489472000000000e+10
7.012297932800000000e+10
1.144716928000000000e+09
4.186184320000000000e+08
7.200489472000000000e+10
5.294586250000000000e+05
7.049954000000000000e+06
1.665009179687500000e+04
4.245944531250000000e+04
1.133269000000000000e+07
2.954165625000000000e+04
7.124642187500000000e+04
6.515622656250000000e+04
1.213235546875000000e+05
6.727741875000000000e+05
3.436508500000000000e+06
4.003370000000000000e+05
1.538631500000000000e+06
7.315163000000000000e+06
2.752927343750000000e+04
1.699615125000000000e+06
4.696186718750000000e+04
6.727741875000000000e+05
3.436508500000000000e+06
1.545527600000000000e+07
5.522369921875000000e+04
6.436833000000000000e+06
1.699615125000000000e+06
2.235769000000000000e+06
3.643614687500000000e+05
1.065448800000000000e+07
6.089449218750000000e+04
9.422089375000000000e+05
6.436833000000000000e+06
4.182686800000000000e+07
1.108568500000000000e+06
2.647544750000000000e+06
1.763400781250000000e+05
8.100215625000000000e+05
9.305815000000000000e+06
3.120572500000000000e+06
6.593791875000000000e+05
9.965641875000000000e+05
7.607688000000000000e+07
1.039541700000000000e+07
1.048762400000000000e+07
1.656393750000000000e+05
7.249111500000000000e+06
1.541223900000000000e+07
1.369428700000000000e+07
1.381506738281250000e+04
5.807522583007812500e+01
5.977804375000000000e+05
1.333446875000000000e+05
1.717856079101562500e+03
1.408823040000000000e+08
2.172946093750000000e+04
1.938544769287109375e+02
6.367650878906250000e+03
1.313828125000000000e+05
1.660678875000000000e+06
4.399710500000000000e+06
8.043495000000000000e+06
2.670448046875000000e+04
1.264657875000000000e+06
1.644317382812500000e+04
3.333815625000000000e+04
1.029653920000000000e+08
6.960647500000000000e+05
4.758806875000000000e+05
2.914555937500000000e+05
8.326784000000000000e+06
1.044549218750000000e+05
4.701814843750000000e+04
7.445177343750000000e+04
4.701814843750000000e+04
5.429649000000000000e+06
1.625912160000000000e+08
1.330484400000000000e+07
1.176696484375000000e+05
6.694576000000000000e+06
2.738491250000000000e+05
1.175488671875000000e+04
7.074703200000000000e+07
1.246950125000000000e+06
2.808857031250000000e+04
3.002359552000000000e+09
8.527261600000000000e+07
1.750587656250000000e+05
2.215660748800000000e+10
1.575015500000000000e+06
1.171511093750000000e+05
4.441786560000000000e+08
7.487909375000000000e+05
3.655698046875000000e+04
6.022868750000000000e+05
7.200489472000000000e+10
2.744846800000000000e+07
1.845100156250000000e+05
7.777517500000000000e+06
6.920984000000000000e+06
7.576355840000000000e+08
5.149671875000000000e+04
2.706978149414062500e+02
5.621069531250000000e+04
1.846125976562500000e+03
1.931717120000000000e+08
1.894593353271484375e+02
4.453902734375000000e+04
7.717011230468750000e+03
1.520036000000000000e+06
2.887327636718750000e+03
1.458047968750000000e+05
3.077488500000000000e+06
4.582477734375000000e+04
1.008656796875000000e+05
8.189463750000000000e+05
1.199622000000000000e+07
7.764919680000000000e+08
9.205332000000000000e+06
1.341500468750000000e+05
4.471612800000000000e+07
5.166036250000000000e+05
1.869513281250000000e+05
2.173225200000000000e+07
4.669254000000000000e+06
1.847753750000000000e+05
7.200489472000000000e+10
3.390101440000000000e+08
1.199622000000000000e+07
6.151333068800000000e+10
7.764919680000000000e+08
9.205332000000000000e+06
6.428007680000000000e+08
4.471612800000000000e+07
5.166036250000000000e+05
2.173225200000000000e+07
7.200489472000000000e+10
7.200489472000000000e+10
3.390101440000000000e+08
6.151333068800000000e+10
6.428007680000000000e+08
7.200489472000000000e+10
9.842336875000000000e+05
1.371701855468750000e+04
5.730346093750000000e+04
4.717292578125000000e+04
2.073816601562500000e+04
3.941174926757812500e+02
4.753860473632812500e+01
5.653065429687500000e+03
1.326374664306640625e+02
4.894878906250000000e+03
2.933316894531250000e+03
6.224946777343750000e+03
8.210121500000000000e+06
7.531470489501953125e+01
1.133215100000000000e+07
1.097304218750000000e+05
1.435733337402343750e+02
7.315163000000000000e+06
2.843200937500000000e+05
3.020134162902832031e+01
6.952473163604736328e+00
1.198222812500000000e+05
6.111545898437500000e+03
4.959643520000000000e+08
8.210121500000000000e+06
1.748189819335937500e+03
7.531470489501953125e+01
1.133215100000000000e+07
6.202654418945312500e+02
1.435733337402343750e+02
7.315163000000000000e+06
3.020134162902832031e+01
2.486770898437500000e+04
6.111545898437500000e+03
4.959643520000000000e+08
1.748189819335937500e+03
6.202654418945312500e+02
2.486770898437500000e+04
1.190201660156250000e+03
4.433873046875000000e+04
1.556909790039062500e+02
2.770563867187500000e+04
8.742608125000000000e+05
1.198222812500000000e+05
1.268181762695312500e+03
2.784574609375000000e+04
1.210254500000000000e+06
6.752825683593750000e+03
8.821425000000000000e+04
8.742608125000000000e+05
1.298381250000000000e+04
4.117136718750000000e+04
1.210254500000000000e+06
8.821425000000000000e+04
4.117136718750000000e+04
2.269607031250000000e+04
8.522467651367187500e+02
1.060975360870361328e+01
3.496078613281250000e+03
8.058110351562500000e+02
9.706754882812500000e+03
3.302586914062500000e+03
3.566039453125000000e+04
4.280254687500000000e+04
1.457971700000000000e+07
3.156405859375000000e+04
5.525615234375000000e+04
9.917479375000000000e+05
2.391908480000000000e+08
5.013636398315429688e+01
3.178488750000000000e+05
2.353516992187500000e+04
2.715313339233398438e+01
5.977804375000000000e+05
2.077740312500000000e+05
2.156309509277343750e+01
5.923709392547607422e+00
3.296655273437500000e+02
8.791699218750000000e+01
2.111327872000000000e+09
2.828026750000000000e+06
3.635289764404296875e+01
1.002500915527343750e+01
3.192026855468750000e+03
2.328920936584472656e+01
6.116216182708740234e+00
9.865847656250000000e+03
5.076825141906738281e+00
8.876406860351562500e+01
1.188840198516845703e+01
4.484519000000000000e+06
6.877909660339355469e+00
4.284637451171875000e+00
1.008390617370605469e+01
7.735043500000000000e+06
1.500556100000000000e+07
2.631714062500000000e+04
9.818983125000000000e+05
1.020787109375000000e+04
4.792723828125000000e+04
1.299878528000000000e+09
1.011218828125000000e+05
5.699900625000000000e+05
4.216398437500000000e+04
8.744267500000000000e+05
6.472506250000000000e+05
7.177818359375000000e+03
9.706612500000000000e+04
5.149671875000000000e+04
4.099623535156250000e+03
5.212373437500000000e+04
4.195098144531250000e+03
4.237093750000000000e+04
2.084434531250000000e+05
8.342938842773437500e+02
5.276295500000000000e+06
1.317499542236328125e+02
4.057268125000000000e+05
4.461977500000000000e+06
3.428631250000000000e+05
5.477194140625000000e+04
1.198222812500000000e+05
3.032867187500000000e+03
7.548948125000000000e+05
8.325228000000000000e+06
2.059207500000000000e+06
2.683629062500000000e+05
2.333331054687500000e+04
4.033075937500000000e+05
7.741509277343750000e+03
1.136418500000000000e+07
7.479160000000000000e+05
4.461977500000000000e+06
2.143507187500000000e+05
1.180189453125000000e+05
2.533298437500000000e+04
9.516436000000000000e+06
1.646652750000000000e+06
8.325228000000000000e+06
4.759991875000000000e+05
7.535663281250000000e+04
4.033075937500000000e+05
1.136418500000000000e+07
1.888498250000000000e+06
3.725665000000000000e+05
1.180189453125000000e+05
9.516436000000000000e+06
4.759991875000000000e+05
1.888498250000000000e+06
5.429399609375000000e+04
4.102409667968750000e+03
7.382158203125000000e+02
3.088394531250000000e+03
1.133962280273437500e+03
7.751092285156250000e+03
6.916152954101562500e+01
3.037001037597656250e+02
9.323952343750000000e+04
1.071675875000000000e+06
1.890565937500000000e+05
2.784902187500000000e+05
5.143879882812500000e+03
1.198222812500000000e+05
7.725025500000000000e+06
9.323952343750000000e+04
1.071675875000000000e+06
2.784902187500000000e+05
7.725025500000000000e+06
6.002878750000000000e+05
7.426654687500000000e+04
1.535533125000000000e+05
4.821128437500000000e+05
2.391908480000000000e+08
1.088026660156250000e+04
2.817993437500000000e+05
8.830980625000000000e+05
7.260141440000000000e+08
1.589550300000000000e+07
7.891928906250000000e+04
2.086103200000000000e+07
3.078752187500000000e+05
5.109571484375000000e+04
7.200489472000000000e+10
2.504530250000000000e+06
2.644770937500000000e+05
4.856875312500000000e+05
4.285173500000000000e+06
7.159883125000000000e+05
3.323366943359375000e+03
2.483302187500000000e+05
2.343252539062500000e+04
1.479471289062500000e+04
4.482401367187500000e+03
1.390563183593750000e+04
5.699438671875000000e+04
6.625232500000000000e+05
1.877296750000000000e+06
1.084622578125000000e+05
4.033160625000000000e+05
2.391645000000000000e+06
1.391412109375000000e+04
1.993398375000000000e+06
6.085617187500000000e+04
2.131597968750000000e+05
1.532105250000000000e+06
2.034869625000000000e+06
1.235172363281250000e+04
2.958019600000000000e+07
9.607300000000000000e+05
7.829276875000000000e+05
6.071865625000000000e+04
3.594646250000000000e+06
1.243589125000000000e+06
5.036287812500000000e+05
5.991657000000000000e+06
5.450437500000000000e+06
1.495116562500000000e+05
1.349243125000000000e+06
1.587739500000000000e+06
6.790772500000000000e+05
2.794639500000000000e+06
5.533697500000000000e+05
3.030448125000000000e+05
7.021116000000000000e+06
2.046168000000000000e+07
4.366920500000000000e+06
1.583364875000000000e+06
2.570166000000000000e+06
2.085472625000000000e+06
1.146164200000000000e+07
3.311844921875000000e+04
1.013052734375000000e+05
3.531192500000000000e+06
9.628361328125000000e+03
4.560156640625000000e+04
2.205086250000000000e+05
8.725832031250000000e+03
2.715936250000000000e+05
1.194217343750000000e+05
2.620716210937500000e+04
1.957127031250000000e+05
3.111730000000000000e+05
7.734822753906250000e+03
4.626089687500000000e+05
5.820599218750000000e+04
4.533411328125000000e+04
1.794723437500000000e+04
2.224745468750000000e+05
2.175249609375000000e+04
2.205086250000000000e+05
1.622567812500000000e+05
3.182595625000000000e+05
5.518668750000000000e+04
1.799431562500000000e+05
4.516300781250000000e+04
3.111730000000000000e+05
1.512649687500000000e+05
9.906012500000000000e+04
4.533411328125000000e+04
2.224745468750000000e+05
4.327957500000000000e+05
4.102554375000000000e+05
3.182595625000000000e+05
1.799431562500000000e+05
1.512649687500000000e+05
4.327957500000000000e+05
1.599285278320312500e+02
4.335739453125000000e+04
7.382275000000000000e+05
4.701766015625000000e+04
5.083557812500000000e+04
7.741910937500000000e+04
3.469761875000000000e+05
5.543355468750000000e+04
2.624281875000000000e+05
8.115962524414062500e+02
8.390248437500000000e+04
1.859918500000000000e+06
1.500556100000000000e+07
2.617461853027343750e+02
1.072997265625000000e+04
6.233518125000000000e+05
1.790177001953125000e+03
3.272408203125000000e+03
3.035269687500000000e+05
1.066105224609375000e+03
8.250633593750000000e+04
1.288032750000000000e+06
2.412722343750000000e+05
6.365379394531250000e+03
3.910663574218750000e+03
2.597084716796875000e+03
2.542515250000000000e+06
1.261368359375000000e+05
1.044422700000000000e+07
2.117273437500000000e+03
4.600801269531250000e+03
2.834404687500000000e+05
1.653742578125000000e+04
6.618109863281250000e+03
5.892763671875000000e+03
2.346270019531250000e+03
2.191118500000000000e+06
3.874671484375000000e+04
3.358217750000000000e+06
1.345906542968750000e+04
1.547810644531250000e+04
1.748798046875000000e+04
1.481002000000000000e+07
1.919798632812500000e+04
1.461082226562500000e+04
1.126498339843750000e+04
3.654906250000000000e+04
3.926514250000000000e+06
6.231760156250000000e+04
5.997795703125000000e+04
3.461343994140625000e+03
3.777315937500000000e+05
7.134884800000000000e+07
1.394774600000000000e+07
3.753544000000000000e+06
2.266099218750000000e+05
5.086893120000000000e+08
6.305792000000000000e+07
1.447288000000000000e+07
1.071675875000000000e+06
1.198222812500000000e+05
1.890565937500000000e+05
2.632025497600000000e+10
1.236113920000000000e+10
7.134884800000000000e+07
1.105271296000000000e+09
1.394774600000000000e+07
3.753544000000000000e+06
7.834740736000000000e+09
5.086893120000000000e+08
6.305792000000000000e+07
1.071675875000000000e+06
7.200489472000000000e+10
2.632025497600000000e+10
1.236113920000000000e+10
1.105271296000000000e+09
7.834740736000000000e+09
7.200489472000000000e+10
4.287279687500000000e+05
1.311221750000000000e+06
2.528298000000000000e+06
7.930724218750000000e+04
1.311221750000000000e+06
2.851493750000000000e+05
4.182440625000000000e+04
1.570371250000000000e+05
1.087131718750000000e+05
2.758109765625000000e+04
3.973457421875000000e+04
1.103298500000000000e+07
6.362016000000000000e+07
1.133215100000000000e+07
1.016517500000000000e+05
1.187741333007812500e+03
2.584855750000000000e+06
5.162930000000000000e+06
4.611615234375000000e+04
2.718621250000000000e+06
2.045428906250000000e+04
5.085066015625000000e+04
2.053577929687500000e+04
2.158283366400000000e+10
6.587677440000000000e+08
3.326183750000000000e+05
5.878098432000000000e+09
8.541848437500000000e+04
2.025765000000000000e+05
5.927500976562500000e+03
1.981063867187500000e+04
1.644471130371093750e+02
3.158951680000000000e+08
4.135841796875000000e+04
2.235031250000000000e+06
4.827518750000000000e+04
1.014834812500000000e+06
5.711692500000000000e+05
1.099508056640625000e+03
7.200489472000000000e+10
3.450481200000000000e+07
5.761104500000000000e+06
6.323408125000000000e+05
1.093340250000000000e+06
4.301137084960937500e+02
2.771425537109375000e+03
2.529462750000000000e+06
4.201865216000000000e+09
3.479249218750000000e+04
3.855657812500000000e+04
3.511511360000000000e+08
6.697164843750000000e+04
2.784787200000000000e+07
2.391908480000000000e+08
1.133215100000000000e+07
4.173300000000000000e+04
2.072436800000000000e+07
9.363255625000000000e+05
6.787635937500000000e+04
7.200489472000000000e+10
1.471264375000000000e+06
1.840062187500000000e+05
4.307894000000000000e+06
2.033806400000000000e+07
5.584617187500000000e+04
4.181152343750000000e+04
6.542659375000000000e+05
1.026132200000000000e+07
1.341500468750000000e+05
1.574308203125000000e+04
9.996474218750000000e+04
5.657096093750000000e+04
2.512074062500000000e+05
2.015966210937500000e+04
2.092411250000000000e+05
3.341289750000000000e+06
7.841453906250000000e+04
3.892671875000000000e+04
2.296385000000000000e+05
1.703795507812500000e+04
1.199688300000000000e+07
2.344450468750000000e+05
1.026132200000000000e+07
3.083455859375000000e+04
3.618337890625000000e+04
4.456773437500000000e+05
4.924091308593750000e+03
4.109273000000000000e+06
5.633466015625000000e+04
3.341289750000000000e+06
1.489717625000000000e+06
1.093459082031250000e+04
2.296385000000000000e+05
1.199688300000000000e+07
8.079947500000000000e+05
8.138975097656250000e+03
4.456773437500000000e+05
4.109273000000000000e+06
1.489717625000000000e+06
8.079947500000000000e+05
2.607264062500000000e+04
2.930071484375000000e+04
1.703576171875000000e+04
4.306086328125000000e+04
3.748908593750000000e+04
2.005414123535156250e+02
2.718621250000000000e+06
2.134845507812500000e+04
5.146927343750000000e+04
2.266249750000000000e+06
8.526781005859375000e+02
3.001215332031250000e+03
5.060383203125000000e+04
1.468083105468750000e+04
3.680900781250000000e+04
8.369288330078125000e+02
7.534103906250000000e+04
7.399244628906250000e+03
1.500556100000000000e+07
1.705897216796875000e+02
4.707167968750000000e+03
6.136353027343750000e+03
5.510681152343750000e+03
2.582805175781250000e+03
3.909939453125000000e+04
6.775321044921875000e+02
1.127579687500000000e+04
8.089135742187500000e+02
1.875418437500000000e+05
7.341319335937500000e+03
9.202405273437500000e+03
5.796466796875000000e+03
5.552328906250000000e+04
1.019228671875000000e+05
2.285306093750000000e+05
4.529781250000000000e+03
5.924347167968750000e+03
7.275390625000000000e+03
1.007524218750000000e+04
4.129231933593750000e+03
1.576655175781250000e+04
4.149171386718750000e+03
8.853382812500000000e+03
5.095135742187500000e+03
1.964563085937500000e+04
2.214092382812500000e+04
2.891653710937500000e+04
1.580107031250000000e+04
8.641878906250000000e+04
4.120925292968750000e+03
6.046632812500000000e+03
1.152706738281250000e+04
2.254585156250000000e+04
1.179860253906250000e+04
1.944756054687500000e+04
4.738179199218750000e+03
5.553231600000000000e+07
3.847561718750000000e+04
4.445547265625000000e+04
2.622355312500000000e+05
2.385046000000000000e+07
4.934572800000000000e+08
5.505430625000000000e+05
4.375442187500000000e+04
7.681671200000000000e+07
4.320500390625000000e+04
1.344591503906250000e+04
1.594890375000000000e+06
5.266490625000000000e+05
3.255134887695312500e+02
6.239853772800000000e+10
2.620385200000000000e+07
1.063187000000000000e+06
3.865597952000000000e+09
3.689888500000000000e+06
5.614845703125000000e+03
9.001088800000000000e+07
4.665662500000000000e+06
1.990303466796875000e+03
1.606961328125000000e+04
7.200489472000000000e+10
3.277311360000000000e+08
1.285748828125000000e+05
1.928599750000000000e+06
2.062239750000000000e+06
4.206096960000000000e+08
2.033392480000000000e+08
1.389233600000000000e+07
2.012706875000000000e+05
2.072057600000000000e+07
3.570725750000000000e+06
1.110120468750000000e+05
7.200489472000000000e+10
1.980074240000000000e+08
1.304359800000000000e+07
2.037782400000000000e+07
7.200489472000000000e+10
1.892293359375000000e+04
8.310508125000000000e+05
8.626881713867187500e+02
6.197597265625000000e+04
1.546637344360351562e+01
7.438581054687500000e+03
2.550671289062500000e+04
4.099295043945312500e+02
2.004457421875000000e+04
1.135637939453125000e+03
2.844771484375000000e+03
3.832422256469726562e+01
3.513111250000000000e+06
1.466139531250000000e+05
2.912493750000000000e+06
9.522976562500000000e+03
1.988941600000000000e+07
2.072436800000000000e+07
1.969443281250000000e+05
1.071675875000000000e+06
1.539363183593750000e+04
5.777808984375000000e+04
1.405794125000000000e+06
3.722554687500000000e+04
1.902018593750000000e+05
6.771659545898437500e+02
1.867190800000000000e+07
2.836552640000000000e+08
2.328311718750000000e+05
7.580365000000000000e+06
4.163866406250000000e+04
5.201799375000000000e+05
3.798473728000000000e+09
3.161465312500000000e+05
6.080408125000000000e+05
7.429332031250000000e+04
1.153825900000000000e+07
1.305206880000000000e+08
1.518373125000000000e+05
1.571419125000000000e+06
6.338877929687500000e+03
4.426386718750000000e+04
5.332503040000000000e+08
4.298743125000000000e+05
3.630888000000000000e+06
3.460132812500000000e+05
1.300767400000000000e+07
7.044679680000000000e+08
5.482895000000000000e+05
2.726951000000000000e+06
9.195168750000000000e+04
7.229118000000000000e+06
8.451824000000000000e+06
5.280468500000000000e+06
3.917905078125000000e+04
1.611582968750000000e+05
5.732420480000000000e+08
2.265161328125000000e+04
3.101414257812500000e+04
3.836603000000000000e+06
1.245969375000000000e+06
5.798265234375000000e+04
9.369842968750000000e+04
5.149671875000000000e+04
3.514999511718750000e+03
1.117701093750000000e+05
5.069914062500000000e+04
6.918748800000000000e+08
1.227983600000000000e+07
9.714400781250000000e+04
5.208655600000000000e+07
1.299699609375000000e+05
4.969826953125000000e+04
7.200489472000000000e+10
1.417939125000000000e+06
3.348124062500000000e+05
3.730973750000000000e+05
1.968546400000000000e+07
6.531761230468750000e+03
5.692465820312500000e+02
2.528298000000000000e+06
2.843200937500000000e+05
5.692465820312500000e+02
5.999335449218750000e+03
6.463247500000000000e+05
3.453169555664062500e+02
6.613446044921875000e+01
4.361239500000000000e+06
3.832243750000000000e+05
3.550311500000000000e+06
8.316098437500000000e+04
1.988941600000000000e+07
2.072436800000000000e+07
2.747075750000000000e+06
1.071675875000000000e+06
8.527157031250000000e+04
5.137574609375000000e+04
7.337543125000000000e+05
4.268359765625000000e+04
7.411682812500000000e+04
9.886584472656250000e+02
8.757163200000000000e+07
4.929436480000000000e+08
3.777262250000000000e+06
1.643352100000000000e+07
2.257243125000000000e+05
2.377921750000000000e+06
3.798473728000000000e+09
9.840230000000000000e+06
1.762810800000000000e+07
8.013972500000000000e+05
1.621989900000000000e+07
7.135239200000000000e+07
5.362502500000000000e+05
5.185202500000000000e+05
3.416527734375000000e+04
4.672544531250000000e+04
8.647822336000000000e+09
7.361777600000000000e+07
4.176478400000000000e+08
9.910336000000000000e+06
2.637542400000000000e+09
5.710812800000000000e+08
1.321203600000000000e+07
5.343638800000000000e+07
3.993958125000000000e+05
5.732412928000000000e+09
4.646552320000000000e+08
1.741408203125000000e+04
5.222439000000000000e+06
8.533258593750000000e+04
1.198222812500000000e+05
5.222439000000000000e+06
1.621463769531250000e+04
1.010212437500000000e+06
1.859918500000000000e+06
1.620687597656250000e+04
2.954354687500000000e+04
1.710571750000000000e+06
2.269890625000000000e+04
8.894963281250000000e+04
5.734798000000000000e+06
3.350839687500000000e+05
9.795946250000000000e+05
4.729405078125000000e+04
5.129638125000000000e+05
2.411365156250000000e+05
4.063967500000000000e+05
2.121188867187500000e+04
5.834418750000000000e+05
3.219755664062500000e+04
1.309638671875000000e+05
2.891645751953125000e+03
1.244040893554687500e+03
4.883958984375000000e+04
3.938722839355468750e+02
3.347109062500000000e+05
9.334009000000000000e+06
6.266403515625000000e+04
8.922981445312500000e+03
1.775052001953125000e+03
2.812011523437500000e+04
3.667746875000000000e+05
4.974782031250000000e+04
1.871041718750000000e+05
1.839819702148437500e+03
3.537524609375000000e+04
1.147578515625000000e+04
1.013052734375000000e+05
5.482579101562500000e+03
1.460609960937500000e+04
1.023516562500000000e+05
4.572295600000000000e+07
9.923527717590332031e+00
2.072436800000000000e+07
3.027321243286132812e+01
5.415980500000000000e+06
2.716558837890625000e+01
5.687883300781250000e+02
2.914835968000000000e+09
7.162466430664062500e+01
1.378040924072265625e+02
4.516242675781250000e+03
9.873757600000000000e+07
9.183143750000000000e+05
6.377433593750000000e+04
5.621021484375000000e+04
2.876432031250000000e+04
9.936565000000000000e+05
6.209903515625000000e+04
2.778344687500000000e+05
9.640673828125000000e+03
1.893829687500000000e+04
7.613018750000000000e+05
6.560485000000000000e+06
5.483821875000000000e+04
9.221233398437500000e+03
2.144989500000000000e+06
2.463549609375000000e+04
1.621526718750000000e+05
8.472056000000000000e+06
2.218359843750000000e+05
8.413217500000000000e+05
9.165781250000000000e+03
2.347348800000000000e+07
2.656943750000000000e+05
4.586718261718750000e+03
5.861126875000000000e+05
3.540439000000000000e+06
2.670852929687500000e+04
5.718560000000000000e+05
6.725753750000000000e+05
3.739410156250000000e+04
1.959596093750000000e+05
5.806808400000000000e+07
4.726628125000000000e+04
2.072436800000000000e+07
7.230535644531250000e+03
8.076756000000000000e+06
1.666486718750000000e+04
6.534838750000000000e+05
3.510649088000000000e+09
5.961270312500000000e+04
1.292638906250000000e+05
3.774914250000000000e+06
9.094611250000000000e+05
1.989003906250000000e+04
5.162520703125000000e+04
1.242336250000000000e+06
4.577479200000000000e+07
1.500556100000000000e+07
2.669523632812500000e+04
7.133846875000000000e+05
2.058763750000000000e+06
2.117554492187500000e+04
1.485314375000000000e+06
1.282729785156250000e+04
4.696186718750000000e+04
2.430485248000000000e+09
5.000866800000000000e+07
3.034126250000000000e+05
1.458607488000000000e+09
9.857949375000000000e+05
7.412115000000000000e+05
2.182005600000000000e+07
1.137159843750000000e+05
2.810432812500000000e+05
3.778890312500000000e+05
7.200489472000000000e+10
9.926932800000000000e+07
3.445129000000000000e+06
2.109216800000000000e+07
1.058338250000000000e+06
8.318538880000000000e+08
1.224450375000000000e+06
1.001018281250000000e+05
9.559595703125000000e+03
2.975428906250000000e+04
3.099371093750000000e+03
1.061032968750000000e+05
6.727741875000000000e+05
5.280468500000000000e+06
5.011760937500000000e+05
3.253256250000000000e+05
3.550311500000000000e+06
2.350199609375000000e+04
2.144989500000000000e+06
3.466521093750000000e+04
5.229395000000000000e+05
1.963645125000000000e+06
1.204997200000000000e+07
6.009773437500000000e+04
7.751630000000000000e+06
1.014088875000000000e+06
4.159635000000000000e+06
5.501238671875000000e+04
6.094928500000000000e+06
1.854725000000000000e+04
5.912583203125000000e+04
5.158289500000000000e+06
4.721612800000000000e+07
4.452900390625000000e+04
3.367451000000000000e+06
7.343855468750000000e+04
2.372077031250000000e+05
1.839512400000000000e+07
1.116226796875000000e+05
4.577001171875000000e+04
1.361620781250000000e+05
1.882655040000000000e+08
7.197371875000000000e+05
3.839775937500000000e+05
1.097153515625000000e+05
4.945753750000000000e+05
1.573242625000000000e+06
6.288383300781250000e+03
6.156672656250000000e+04
1.190487890625000000e+04
1.008314312500000000e+06
6.100545500000000000e+06
1.207981640625000000e+04
1.040203984375000000e+05
1.011224609375000000e+05
8.812948437500000000e+04
1.135908300781250000e+04
9.666136250000000000e+05
8.891625000000000000e+03
2.528154843750000000e+05
2.073785000000000000e+05
1.719947460937500000e+04
1.757772812500000000e+05
2.022694125000000000e+06
3.254840429687500000e+04
5.912074707031250000e+03
3.489772812500000000e+05
2.071357812500000000e+05
1.177503808593750000e+04
6.302886328125000000e+04
1.109820875000000000e+06
3.987868437500000000e+05
1.018485312500000000e+05
2.276539843750000000e+05
2.788742500000000000e+05
9.359828125000000000e+03
1.205874843750000000e+05
2.795799375000000000e+05
3.300744000000000000e+06
6.462130468750000000e+04
3.356139843750000000e+04
1.165007375000000000e+06
7.104048919677734375e+01
2.628640747070312500e+01
1.122017968750000000e+05
7.022061920166015625e+01
2.019282958984375000e+03
1.336432128906250000e+04
1.445642395019531250e+02
3.358992750000000000e+06
5.351604980468750000e+03
4.696186718750000000e+04
6.244318750000000000e+04
5.289204711914062500e+02
1.000337585449218750e+03
4.646176250000000000e+05
6.100514648437500000e+03
2.796770000000000000e+05
1.071675875000000000e+06
2.869262109375000000e+04
2.822818437500000000e+05
1.060231347656250000e+04
3.472801953125000000e+04
1.696135600000000000e+07
2.714664257812500000e+04
6.003054687500000000e+04
3.124333007812500000e+04
1.012336171875000000e+05
5.597643750000000000e+04
1.731434000000000000e+07
2.850729250000000000e+06
2.072436800000000000e+07
1.538111250000000000e+05
1.124145000000000000e+06
5.420614453125000000e+04
1.173720700000000000e+07
2.496308224000000000e+09
1.795235200000000000e+07
9.291595000000000000e+05
2.221460992000000000e+09
5.739716720581054688e+01
2.182491943359375000e+03
5.983889062500000000e+04
5.716536328125000000e+04
6.318897247314453125e+01
6.457223144531250000e+03
4.219218359375000000e+04
4.595621582031250000e+03
7.044750000000000000e+03
7.186005249023437500e+02
7.632429687500000000e+04
1.129590148925781250e+02
8.655137695312500000e+03
2.699685500000000000e+06
3.348224218750000000e+04
1.131868652343750000e+03
6.602085156250000000e+04
6.081834500000000000e+06
1.665052337646484375e+02
1.116159843750000000e+05
9.874753125000000000e+04
1.188549926757812500e+03
9.820930468750000000e+04
4.473598750000000000e+05
4.563096191406250000e+03
5.374758300781250000e+03
9.646438125000000000e+05
6.568755468750000000e+04
5.076489453125000000e+04
9.698082031250000000e+04
1.037203515625000000e+05
8.522467651367187500e+02
5.799619375000000000e+05
1.341500468750000000e+05
1.018435058593750000e+03
2.381120468750000000e+05
1.471946562500000000e+05
1.219038208007812500e+03
7.135207500000000000e+05
1.274434609375000000e+05
1.031079921875000000e+05
7.261823242187500000e+03
2.423309218750000000e+05
2.789133750000000000e+05
1.278295703125000000e+05
9.626873046875000000e+03
3.376730937500000000e+05
1.593466562500000000e+05
2.087010468750000000e+05
6.828263040000000000e+08
1.517054400000000000e+07
3.635896484375000000e+04
2.085442800000000000e+07
1.382513437500000000e+05
3.923666796875000000e+04
7.200489472000000000e+10
1.093078625000000000e+06
1.391269375000000000e+05
7.509564062500000000e+04
1.451516250000000000e+06
3.892066894531250000e+03
6.674851250000000000e+05
3.152474121093750000e+03
2.234440429687500000e+03
2.347079467773437500e+02
8.260403906250000000e+04
3.763989062500000000e+05
4.228393750000000000e+05
2.088354492187500000e+03
1.258653198242187500e+03
1.565733906250000000e+05
1.261531250000000000e+03
4.663776855468750000e+02
7.082052343750000000e+04
8.522467651367187500e+02
6.727741875000000000e+05
5.280468500000000000e+06
1.500556100000000000e+07
2.396034240722656250e+02
1.002694140625000000e+05
2.472644921875000000e+04
1.285449687500000000e+05
5.345024218750000000e+04
2.144989500000000000e+06
2.371625213623046875e+02
1.770714687500000000e+05
6.795648437500000000e+04
6.554237500000000000e+05
9.489192968750000000e+04
2.630405625000000000e+05
6.300967773437500000e+03
7.751630000000000000e+06
4.901675937500000000e+05
5.482478000000000000e+06
2.392748046875000000e+04
3.557971923828125000e+03
9.260193750000000000e+04
2.342127500000000000e+06
2.163233789062500000e+04
3.568628125000000000e+04
2.189727294921875000e+03
4.509351875000000000e+05
2.927384062500000000e+05
4.508689687500000000e+05
4.334574000000000000e+06
3.692662187500000000e+05
2.297697187500000000e+05
9.370720000000000000e+06
2.611175156250000000e+05
5.171498125000000000e+05
5.422253125000000000e+04
5.980762890625000000e+04
1.298664875000000000e+06
2.720322250000000000e+06
3.224637812500000000e+05
1.040715000000000000e+05
2.354954250000000000e+06
8.748615234375000000e+03
5.210042578125000000e+04
7.910423750000000000e+05
2.537778808593750000e+03
2.341101562500000000e+04
1.220196679687500000e+04
2.902712402343750000e+02
2.166632656250000000e+05
6.141986328125000000e+03
1.243072109375000000e+05
9.668714843750000000e+04
1.486293375000000000e+06
7.719096679687500000e+02
3.210492187500000000e+04
4.951206250000000000e+04
2.414410351562500000e+04
7.022951000000000000e+06
1.704117187500000000e+05
4.115288085937500000e+03
1.120891796875000000e+05
1.696505750000000000e+06
5.943646500000000000e+06
1.133215100000000000e+07
2.185259570312500000e+04
9.390345312500000000e+04
1.454979625000000000e+06
1.596769726562500000e+04
1.071675875000000000e+06
1.521123339843750000e+04
5.738872265625000000e+04
2.830924400000000000e+07
2.029448000000000000e+08
2.146967578125000000e+04
1.223449472000000000e+09
5.569192968750000000e+04
5.672537500000000000e+05
5.304337000000000000e+06
1.359592675781250000e+04
3.289913437500000000e+05
7.334335937500000000e+04
6.040762400000000000e+07
2.684576250000000000e+05
6.548776875000000000e+05
6.122665000000000000e+05
3.233722500000000000e+05
3.189526250000000000e+05
4.164205120000000000e+08
1.477743100000000000e+07
8.545735351562500000e+03
2.109264800000000000e+07
1.825867968750000000e+05
3.673998437500000000e+04
7.200489472000000000e+10
6.711490625000000000e+05
1.138207968750000000e+05
4.119404375000000000e+05
3.807878400000000000e+07
3.690760937500000000e+04
1.391430859375000000e+04
5.002495117187500000e+02
6.593955000000000000e+05
1.395998625000000000e+06
1.671148800000000000e+07
1.226540527343750000e+02
2.429147187500000000e+05
2.401549531250000000e+05
6.059602734375000000e+04
7.017153906250000000e+04
2.144989500000000000e+06
6.509221801757812500e+02
3.984147500000000000e+05
6.637122656250000000e+04
1.948696500000000000e+06
6.840037500000000000e+04
6.824805625000000000e+05
1.266306347656250000e+04
3.528970750000000000e+06
1.069481750000000000e+06
5.047594000000000000e+06
1.337795468750000000e+05
1.535851171875000000e+04
1.106781125000000000e+06
1.829974625000000000e+06
1.264703671875000000e+05
7.101057031250000000e+04
3.438579687500000000e+04
1.509443125000000000e+06
3.189503250000000000e+06
6.567351875000000000e+05
4.064474750000000000e+06
4.071784687500000000e+05
8.080841250000000000e+05
4.850845500000000000e+06
1.107206625000000000e+06
1.623171750000000000e+06
7.248566875000000000e+05
7.991791406250000000e+04
2.616355250000000000e+06
4.483369000000000000e+06
1.656128625000000000e+06
1.316783437500000000e+05
7.712651500000000000e+06
2.897503125000000000e+04
6.458310937500000000e+04
5.447439000000000000e+06
6.496945703125000000e+04
1.732059531250000000e+05
5.877684375000000000e+05
2.953375625000000000e+05
4.405741406250000000e+04
6.727741875000000000e+05
4.652241796875000000e+04
3.251040234375000000e+04
2.082114062500000000e+05
1.213675312500000000e+05
6.197597265625000000e+04
3.237031250000000000e+02
5.370690625000000000e+04
4.226572265625000000e+04
5.535771875000000000e+05
9.250096093750000000e+04
4.221435937500000000e+04
4.501975585937500000e+03
2.768650312500000000e+05
7.787244531250000000e+04
1.700723388671875000e+03
1.387695625000000000e+05
2.674538671875000000e+04
4.561344140625000000e+04
7.167733886718750000e+03
3.608666562500000000e+05
6.309658593750000000e+04
5.574410937500000000e+04
1.294977187500000000e+05
3.954026953125000000e+04
1.237794311523437500e+03
6.727741875000000000e+05
5.280468500000000000e+06
1.500556100000000000e+07
5.152186889648437500e+02
6.355502734375000000e+04
5.347221484375000000e+04
4.191712890625000000e+04
1.157611718750000000e+05
2.144989500000000000e+06
7.055505981445312500e+02
1.166077109375000000e+05
6.016386875000000000e+05
7.304965000000000000e+05
7.179118750000000000e+04
3.961584687500000000e+05
9.166139648437500000e+03
7.751630000000000000e+06
4.901675937500000000e+05
5.482478000000000000e+06
2.123338281250000000e+04
5.348471191406250000e+03
2.048045625000000000e+05
1.469430375000000000e+06
2.663446093750000000e+04
5.170542187500000000e+04
3.448789794921875000e+03
1.348718250000000000e+06
1.589115781250000000e+05
8.250711875000000000e+05
3.498457500000000000e+06
2.319205781250000000e+05
2.550013593750000000e+05
9.370720000000000000e+06
1.745458125000000000e+05
7.592869375000000000e+05
6.031052734375000000e+04
5.491101562500000000e+04
2.097412250000000000e+06
1.716541375000000000e+06
6.135166875000000000e+05
7.522293750000000000e+05
1.650168304443359375e+02
2.016451873779296875e+02
8.540168762207031250e+01
1.588971718750000000e+05
7.315163000000000000e+06
7.186139843750000000e+04
2.578998535156250000e+03
2.910087187500000000e+05
2.161404750000000000e+06
3.387851562500000000e+04
1.089325585937500000e+04
2.722463085937500000e+04
2.256261718750000000e+05
8.228984375000000000e+04
1.614270214843750000e+04
6.688339843750000000e+03
4.351927734375000000e+03
3.468364257812500000e+03
4.923945312500000000e+05
8.109919200000000000e+07
1.500556100000000000e+07
9.334009000000000000e+06
1.086925546875000000e+05
1.132188900000000000e+07
2.462680800000000000e+07
6.500558984375000000e+04
1.071675875000000000e+06
5.395517578125000000e+04
7.910457812500000000e+04
6.103820288000000000e+09
5.703990272000000000e+09
3.549183750000000000e+05
2.531569664000000000e+09
4.432621250000000000e+05
1.899135000000000000e+05
2.536943520000000000e+08
1.285937734375000000e+05
1.391140781250000000e+05
8.086853906250000000e+04
7.200489472000000000e+10
2.495779500000000000e+06
1.779884000000000000e+06
3.889898750000000000e+06
4.820623125000000000e+05
7.597576000000000000e+06
1.179520400000000000e+08
1.065603300000000000e+07
9.652276367187500000e+03
5.559699200000000000e+08
2.387771875000000000e+05
4.696186718750000000e+04
6.831045017600000000e+10
3.799728000000000000e+06
6.129704375000000000e+05
1.004030300000000000e+07
2.228895840000000000e+08
3.423582275390625000e+03
1.943313600000000000e+08
1.281769726562500000e+04
1.358930312500000000e+05
3.420584750000000000e+06
2.701229296875000000e+04
1.174219140625000000e+04
3.330723437500000000e+04
3.406602539062500000e+03
5.519790720000000000e+08
1.692693600000000000e+07
3.602864746093750000e+03
2.072436800000000000e+07
6.560366406250000000e+04
4.777157812500000000e+04
7.200489472000000000e+10
9.213708593750000000e+04
1.182091953125000000e+05
3.117581562500000000e+05
1.455389000000000000e+06
5.604338400000000000e+07
1.500556100000000000e+07
1.559364941406250000e+04
2.718621250000000000e+06
7.046981445312500000e+03
3.853033203125000000e+04
3.816192512000000000e+09
2.387378125000000000e+05
4.320431562500000000e+05
5.309303515625000000e+04
2.861823750000000000e+06
4.153424375000000000e+05
1.123717117309570312e+02
1.803449859619140625e+02
7.063031250000000000e+04
1.202960742187500000e+04
2.671485595703125000e+03
1.978277148437500000e+04
1.383972656250000000e+03
1.062589062500000000e+04
7.846358032226562500e+02
5.280468500000000000e+06
9.591707763671875000e+02
1.279082343750000000e+05
9.669821093750000000e+04
7.808012207031250000e+03
5.218575781250000000e+04
4.696186718750000000e+04
5.301479492187500000e+02
1.872285781250000000e+05
6.182661718750000000e+04
1.218825292968750000e+04
2.155038750000000000e+05
8.721835937500000000e+04
2.387141015625000000e+04
1.416034667968750000e+04
5.139274687500000000e+05
2.234071093750000000e+04
4.178401953125000000e+04
4.202968750000000000e+05
1.125556445312500000e+04
1.346004199218750000e+04
3.176337187500000000e+05
4.657346875000000000e+04
2.545713476562500000e+04
1.153343906250000000e+05
1.229526171875000000e+05
3.014612109375000000e+04
1.361687031250000000e+05
4.066025937500000000e+05
2.800469375000000000e+05
1.168421093750000000e+04
6.190278906250000000e+04
1.557493906250000000e+05
2.537043437500000000e+05
1.837527500000000000e+06
3.895278906250000000e+04
3.521893750000000000e+06
1.278711035156250000e+04
6.727741875000000000e+05
1.245102832031250000e+04
3.795036328125000000e+04
1.981398437500000000e+05
9.160980468750000000e+04
1.479435000000000000e+05
1.376633593750000000e+04
1.961832500000000000e+05
8.049726562500000000e+04
5.316224609375000000e+04
4.367642187500000000e+04
5.258237890625000000e+04
5.280468500000000000e+06
3.806281250000000000e+05
2.201336914062500000e+04
3.728057187500000000e+05
6.541504687500000000e+04
1.237713281250000000e+05
1.900995781250000000e+05
6.513336328125000000e+04
3.475429296875000000e+04
2.528298000000000000e+06
2.752927343750000000e+04
3.475429296875000000e+04
1.668141992187500000e+04
1.871184687500000000e+05
2.525381445312500000e+04
3.422361718750000000e+04
1.711951171875000000e+04
2.245286406250000000e+05
7.677846093750000000e+04
8.165014843750000000e+04
1.001733000000000000e+07
1.374148900000000000e+07
6.033105859375000000e+04
1.071675875000000000e+06
2.817227343750000000e+04
7.192118750000000000e+04
2.930438912000000000e+09
1.922282187500000000e+05
5.399146250000000000e+05
9.681374218750000000e+04
3.065558000000000000e+06
8.769198400000000000e+07
1.500556100000000000e+07
1.016153984375000000e+05
1.090505100000000000e+07
5.768328125000000000e+04
5.143816015625000000e+04
6.338718720000000000e+09
3.106253750000000000e+05
4.026941875000000000e+05
1.049032578125000000e+05
1.888997125000000000e+06
1.404282900000000000e+07
1.380472869873046875e+02
5.806303710937500000e+02
3.697890014648437500e+02
8.583581054687500000e+03
4.099205566406250000e+03
1.645054443359375000e+03
3.540010250000000000e+06
1.100609843750000000e+05
3.233446093750000000e+04
3.540010250000000000e+06
3.087192626953125000e+03
2.193569824218750000e+03
1.009474914550781250e+03
1.992575600000000000e+07
1.978428437500000000e+05
2.049672000000000000e+07
1.496331054687500000e+04
9.469942500000000000e+05
5.859201171875000000e+04
3.176858125000000000e+05
3.067116288000000000e+09
7.420185000000000000e+05
7.176962500000000000e+04
1.129025400000000000e+07
2.407652343750000000e+04
1.058528906250000000e+04
4.677020019531250000e+03
3.904650878906250000e+03
1.313319250000000000e+06
1.074310468750000000e+05
5.903401875000000000e+05
4.794900625000000000e+05
8.194810791015625000e+02
2.800240478515625000e+03
4.024305114746093750e+02
5.078866796875000000e+04
1.762069335937500000e+04
3.534115625000000000e+04
8.029156250000000000e+03
6.727741875000000000e+05
5.280468500000000000e+06
3.203665283203125000e+03
6.371183593750000000e+04
7.722907812500000000e+04
1.555691308593750000e+04
3.553786328125000000e+04
2.144989500000000000e+06
4.390769042968750000e+03
1.231037421875000000e+05
6.405168750000000000e+05
2.057557617187500000e+04
6.536883984375000000e+04
7.751630000000000000e+06
6.337179199218750000e+03
1.314927050781250000e+04
2.828140312500000000e+05
1.835064218750000000e+05
1.148656054687500000e+04
4.850690625000000000e+04
2.323240500000000000e+06
6.850073125000000000e+05
9.561557812500000000e+04
2.684007812500000000e+05
6.519955625000000000e+05
7.015721130371093750e+01
5.771404296875000000e+03
4.078109130859375000e+03
3.074338867187500000e+04
3.670322753906250000e+03
2.909937109375000000e+04
7.228060156250000000e+04
8.479886718750000000e+03
4.005748828125000000e+04
5.528523925781250000e+03
1.253849804687500000e+04
1.925477343750000000e+04
6.673014648437500000e+03
8.373972167968750000e+02
1.071675875000000000e+06
1.473154980468750000e+04
3.325755859375000000e+04
2.366057226562500000e+04
8.522467651367187500e+02
8.050624218750000000e+04
3.699461746215820312e+01
6.900491699218750000e+03
4.849546000000000000e+06
4.889603125000000000e+04
4.769561157226562500e+02
1.033247656250000000e+04
5.270958000000000000e+07
7.364104614257812500e+02
6.485500000000000000e+05
5.330322265625000000e+04
1.546730273437500000e+04
7.854349218750000000e+04
6.047253125000000000e+04
5.494358398437500000e+03
6.356520996093750000e+03
2.317805273437500000e+04
8.522467651367187500e+02
5.280468500000000000e+06
5.131005477905273438e+01
8.363429687500000000e+04
2.045151250000000000e+05
7.924784667968750000e+03
5.345024218750000000e+04
1.263788671875000000e+05
4.697503356933593750e+02
8.211212500000000000e+04
1.538180156250000000e+05
2.615163671875000000e+04
2.630405625000000000e+05
2.236539843750000000e+04
2.213127539062500000e+04
1.303158325195312500e+03
7.514608125000000000e+05
6.953441406250000000e+04
2.045151250000000000e+05
1.457029062500000000e+05
1.349497851562500000e+04
9.745781250000000000e+03
4.753845000000000000e+05
8.915805468750000000e+04
1.538180156250000000e+05
1.152512656250000000e+05
4.892327343750000000e+04
2.213127539062500000e+04
7.514608125000000000e+05
4.288015937500000000e+05
2.452122500000000000e+05
1.349497851562500000e+04
4.753845000000000000e+05
1.152512656250000000e+05
4.288015937500000000e+05
1.500556100000000000e+07
4.067462109375000000e+04
4.611400000000000000e+04
1.224050859375000000e+05
4.285598632812500000e+03
1.489736250000000000e+06
8.188550000000000000e+05
2.189103906250000000e+04
3.859465625000000000e+04
1.278955250000000000e+06
1.841138476562500000e+04
3.812452734375000000e+04
6.633065000000000000e+06
4.020779062500000000e+05
3.994152500000000000e+05
6.578911250000000000e+05
2.689407043457031250e+02
7.138955078125000000e+03
1.492758984375000000e+04
5.032014687500000000e+05
6.328433227539062500e+02
4.063430908203125000e+03
8.383008789062500000e+03
5.113139687500000000e+05
1.097304218750000000e+05
2.997828125000000000e+04
5.113139687500000000e+05
2.351817656250000000e+05
7.792055053710937500e+02
7.910401000976562500e+02
1.250800903320312500e+03
1.918286914062500000e+04
5.276598437500000000e+04
1.058720703125000000e+04
7.280888671875000000e+03
1.755311328125000000e+04
2.028434570312500000e+04
6.179654296875000000e+03
5.136888671875000000e+04
3.043866015625000000e+04
7.196196289062500000e+03
1.234225488281250000e+04
1.752668359375000000e+04
4.577479200000000000e+07
1.380614200000000000e+07
1.623416601562500000e+04
1.544326500000000000e+06
1.387821875000000000e+04
3.711491015625000000e+04
1.416540672000000000e+09
1.263034375000000000e+06
1.044411312500000000e+06
5.084164062500000000e+05
2.699685200000000000e+07
2.646801757812500000e+04
1.042249609375000000e+04
1.132707226562500000e+04
4.305368652343750000e+03
1.199276875000000000e+05
1.500556100000000000e+07
3.907016796875000000e+04
1.336432128906250000e+04
8.765729522705078125e+01
1.918255664062500000e+04
1.694812800000000000e+07
6.755203247070312500e+02
2.290872812500000000e+05
3.601509704589843750e+02
4.934862500000000000e+04
8.522467651367187500e+02
4.195860156250000000e+04
2.470130004882812500e+02
4.587580078125000000e+03
1.526510625000000000e+06
4.696186718750000000e+04
8.861790161132812500e+02
2.234456835937500000e+04
1.961835000000000000e+06
2.938029052734375000e+03
5.479576562500000000e+04
1.190559218750000000e+05
8.456207031250000000e+03
8.087161718750000000e+04
1.352402500000000000e+05
4.368062890625000000e+04
5.371781250000000000e+04
4.945241928100585938e+01
4.496055078125000000e+04
7.315163000000000000e+06
5.158032421875000000e+04
7.359207153320312500e+01
3.657242431640625000e+02
3.376357500000000000e+05
1.351060638427734375e+02
1.888982080000000000e+08
4.644165234375000000e+04
1.255747900000000000e+07
1.646258080000000000e+08
1.745403000000000000e+06
2.817579101562500000e+04
5.115685937500000000e+05
3.178488750000000000e+05
7.546378906250000000e+04
1.501739135742187500e+03
6.130591308593750000e+03
2.688967895507812500e+02
8.607266601562500000e+03
6.763105280000000000e+08
1.126812343750000000e+05
1.451255781250000000e+05
3.322822812500000000e+05
2.805810312500000000e+05
7.482401123046875000e+02
9.702549760000000000e+08
1.841149875000000000e+06
1.558073730468750000e+03
1.270959863281250000e+04
5.020740625000000000e+05
1.291474600000000000e+07
1.631515500000000000e+07
1.906055468750000000e+04
1.019534812500000000e+06
6.278212109375000000e+04
4.715358984375000000e+04
3.174857216000000000e+09
3.388595937500000000e+05
5.633666875000000000e+05
9.567175781250000000e+04
1.324067000000000000e+07
4.587051953125000000e+04
1.168725292968750000e+04
5.918744140625000000e+04
7.607358593750000000e+04
6.279211718750000000e+04
9.966885742187500000e+03
5.384985351562500000e+03
1.017974316406250000e+04
6.429621582031250000e+02
1.516665820312500000e+04
1.345268847656250000e+04
5.516111718750000000e+04
1.235017871093750000e+04
5.571796386718750000e+03
1.277043847656250000e+04
9.553281250000000000e+04
7.712162597656250000e+03
9.138032226562500000e+02
3.851803955078125000e+03
1.095116503906250000e+04
3.638713867187500000e+03
4.418491210937500000e+03
6.335664843750000000e+04
2.065455468750000000e+04
7.427691406250000000e+03
2.062730859375000000e+04
8.522467651367187500e+02
1.122448125000000000e+05
3.177858886718750000e+02
6.524563476562500000e+03
5.421483125000000000e+05
4.623796484375000000e+04
2.354092041015625000e+03
3.068050000000000000e+04
5.517451250000000000e+05
4.974947814941406250e+02
1.176174765625000000e+05
6.379319531250000000e+04
5.568646484375000000e+03
8.744815625000000000e+04
1.268972187500000000e+05
1.492954003906250000e+04
4.606301171875000000e+04
1.500556100000000000e+07
1.507744042968750000e+04
2.815784960937500000e+04
3.948658125000000000e+05
2.222260960000000000e+08
1.266451600000000000e+07
5.943646500000000000e+06
6.896236718750000000e+04
5.058235840000000000e+08
8.184680800000000000e+07
5.525093750000000000e+04
9.032757500000000000e+05
4.846066406250000000e+04
3.686479687500000000e+04
7.200489472000000000e+10
4.953012224000000000e+10
2.782167812500000000e+05
1.168004992000000000e+09
2.346237500000000000e+05
8.180361718750000000e+04
7.664702464000000000e+09
4.893264687500000000e+05
1.421924218750000000e+05
4.284212109375000000e+04
7.200489472000000000e+10
1.069808600000000000e+07
4.283123000000000000e+06
4.731853750000000000e+05
3.992583250000000000e+06
6.117673200000000000e+07
5.065458203125000000e+04
1.689182739257812500e+03
5.089500390625000000e+04
4.496452148437500000e+03
2.249786718750000000e+04
2.669523632812500000e+04
2.508725341796875000e+03
4.886997600000000000e+07
1.036279492187500000e+04
1.323824804687500000e+04
1.492275750000000000e+06
4.603473046875000000e+04
1.287295875000000000e+06
4.669444140625000000e+04
1.528827656250000000e+05
8.667764000000000000e+06
7.260141440000000000e+08
1.500556100000000000e+07
1.341500468750000000e+05
2.078564800000000000e+07
1.654913125000000000e+06
3.357792187500000000e+04
2.072436800000000000e+07
3.776412000000000000e+06
1.198222812500000000e+05
3.879471513600000000e+10
1.047679520000000000e+08
8.667764000000000000e+06
7.200489472000000000e+10
7.260141440000000000e+08
1.500556100000000000e+07
9.358548480000000000e+08
2.078564800000000000e+07
1.654913125000000000e+06
2.072436800000000000e+07
7.200489472000000000e+10
3.879471513600000000e+10
1.047679520000000000e+08
7.200489472000000000e+10
9.358548480000000000e+08
7.200489472000000000e+10
1.973942578125000000e+04
2.191276562500000000e+04
6.569756835937500000e+03
7.169306152343750000e+03
1.169904453125000000e+05
1.688089600000000000e+07
1.592126875000000000e+05
2.910650781250000000e+04
1.713718125000000000e+05
6.812401600000000000e+07
1.133215100000000000e+07
2.442948632812500000e+04
4.192383500000000000e+06
3.794189453125000000e+04
7.679575000000000000e+04
6.817088000000000000e+09
7.570021875000000000e+04
1.017219609375000000e+05
4.793820703125000000e+04
1.428547656250000000e+05
9.984850000000000000e+05
1.291099316406250000e+04
1.003548437500000000e+05
1.813832812500000000e+04
1.275131958007812500e+03
3.535656433105468750e+02
2.258458251953125000e+02
4.597672656250000000e+04
1.168725292968750000e+04
8.081423828125000000e+03
7.282145996093750000e+03
7.210370625000000000e+05
7.121461875000000000e+05
8.951111328125000000e+03
6.251783447265625000e+02
4.017437438964843750e+02
7.325696093750000000e+04
3.941174926757812500e+02
6.127997500000000000e+05
5.796562500000000000e+06
1.133215100000000000e+07
1.604706573486328125e+02
1.851422812500000000e+05
5.836406250000000000e+05
1.857446406250000000e+05
7.727660156250000000e+04
1.152975125000000000e+06
4.870832519531250000e+02
5.928011250000000000e+05
1.447620500000000000e+06
5.498999000000000000e+06
8.449846875000000000e+04
1.633727187500000000e+05
2.475185546875000000e+03
5.144121500000000000e+06
1.994217875000000000e+06
3.639489000000000000e+06
3.157584375000000000e+05
7.380273437500000000e+04
2.191939750000000000e+06
3.143617250000000000e+06
1.148419062500000000e+05
3.338243750000000000e+05
7.109545410156250000e+03
1.032636800000000000e+07
4.161444500000000000e+06
4.857604500000000000e+06
3.851743500000000000e+06
3.346872812500000000e+05
8.677597656250000000e+04
5.104265000000000000e+06
4.498702000000000000e+06
9.288987000000000000e+06
4.592575937500000000e+05
2.629309375000000000e+05
1.098247100000000000e+07
2.408757500000000000e+06
9.627695000000000000e+06
1.663110400000000000e+07
4.064941440000000000e+08
8.073682500000000000e+06
4.378723437500000000e+04
6.260158000000000000e+07
7.310573500000000000e+06
7.976402343750000000e+04
9.895037000000000000e+06
4.590133125000000000e+05
7.597536132812500000e+03
1.425170124800000000e+10
3.383312320000000000e+08
6.436545000000000000e+05
5.864414208000000000e+09
3.408429000000000000e+06
3.243773437500000000e+05
5.636762624000000000e+09
3.605966500000000000e+06
1.450344218750000000e+05
2.670806875000000000e+05
7.200489472000000000e+10
3.192555600000000000e+07
1.774105125000000000e+06
3.180570000000000000e+07
3.564583600000000000e+07
5.434359680000000000e+08
1.787859375000000000e+06
1.568976562500000000e+04
1.433524902343750000e+03
7.262030761718750000e+03
2.897770751953125000e+03
1.945002734375000000e+04
1.824360961914062500e+02
2.716912109375000000e+04
4.159037780761718750e+02
6.862083500000000000e+06
1.379008125000000000e+05
2.072436800000000000e+07
8.381305664062500000e+03
4.656791562500000000e+05
4.696186718750000000e+04
2.682979000000000000e+06
8.733715200000000000e+08
4.203301000000000000e+06
8.999395312500000000e+04
8.291448000000000000e+07
6.550210800000000000e+07
2.213746250000000000e+05
1.602599511718750000e+04
4.246137500000000000e+05
2.391908480000000000e+08
1.133215100000000000e+07
1.191400000000000000e+04
2.072436800000000000e+07
1.363971875000000000e+05
4.549587890625000000e+04
7.200489472000000000e+10
6.397860500000000000e+06
6.688360000000000000e+05
4.204431500000000000e+06
4.379508800000000000e+08
4.653275781250000000e+04
4.024416015625000000e+04
1.835402148437500000e+04
1.545342773437500000e+04
9.438649218750000000e+04
1.732858520507812500e+03
1.417257324218750000e+04
1.465372031250000000e+05
3.413635546875000000e+04
6.195145312500000000e+04
7.556361083984375000e+02
1.620764941406250000e+04
1.124198625000000000e+06
2.443242382812500000e+04
9.635894531250000000e+03
1.806607177734375000e+03
2.546638183593750000e+02
3.542572753906250000e+03
1.254033081054687500e+03
3.417019531250000000e+04
8.756549218750000000e+04
1.341500468750000000e+05
2.672841796875000000e+03
8.756549218750000000e+04
1.063832500000000000e+05
1.397048828125000000e+04
1.764662500000000000e+04
2.515463671875000000e+04
8.522467651367187500e+02
1.239199905395507812e+02
1.536280632019042969e+01
4.893244628906250000e+02
2.262063217163085938e+01
1.591385841369628906e+01
2.568837356567382812e+01
1.133215100000000000e+07
1.266643261718750000e+04
4.696186718750000000e+04
6.608944375000000000e+05
6.245242187500000000e+04
1.175478437500000000e+05
1.505197000000000000e+07
1.361263750000000000e+05
1.312513867187500000e+04
1.075103637695312500e+03
1.221144062500000000e+05
1.721968400000000000e+07
1.175478437500000000e+05
1.505197000000000000e+07
1.312513867187500000e+04
1.721968400000000000e+07
1.217656347656250000e+04
1.193336171875000000e+05
1.323896777343750000e+04
1.104332910156250000e+04
5.454955000000000000e+05
8.390616210937500000e+03
9.983706250000000000e+04
8.075356445312500000e+02
4.968883593750000000e+04
3.267595703125000000e+04
4.640752441406250000e+03
2.294576875000000000e+05
5.242720312500000000e+04
4.178094921875000000e+04
4.932851562500000000e+05
2.355958203125000000e+04
3.875676171875000000e+04
2.175047750000000000e+06
1.443011230468750000e+04
1.479009062500000000e+05
1.134374200000000000e+07
1.020240156250000000e+05
5.100214062500000000e+04
2.047057656250000000e+05
9.334009000000000000e+06
1.500556100000000000e+07
6.090157031250000000e+04
1.071675875000000000e+06
1.152269238281250000e+04
5.090480859375000000e+04
2.531569664000000000e+09
1.939467968750000000e+04
3.130625312500000000e+05
3.407227734375000000e+04
2.064739062500000000e+05
2.391649750000000000e+06
7.315163000000000000e+06
5.652377343750000000e+04
4.236887500000000000e+04
4.554982800000000000e+07
1.912869921875000000e+04
3.518485625000000000e+05
1.428004062500000000e+05
1.916222460937500000e+04
8.310508125000000000e+05
4.297618359375000000e+04
2.866008437500000000e+05
7.260141440000000000e+08
1.451794600000000000e+07
2.598818554687500000e+04
2.069206000000000000e+07
9.613785156250000000e+04
4.178720312500000000e+04
7.200489472000000000e+10
4.698630625000000000e+05
1.592839218750000000e+05
4.155257812500000000e+04
1.302978250000000000e+06
7.806983398437500000e+03
2.272990625000000000e+04
2.161286865234375000e+03
5.943646500000000000e+06
1.613248242187500000e+04
5.850724218750000000e+04
2.019492375000000000e+06
3.072721562500000000e+05
1.356215156250000000e+05
2.080770507812500000e+04
2.498893906250000000e+05
5.155054687500000000e+03
5.795047500000000000e+05
1.171032375000000000e+06
5.498720703125000000e+04
5.446493359375000000e+04
8.963378750000000000e+05
9.602013671875000000e+03
5.477471093750000000e+04
1.041051187500000000e+06
2.510029062500000000e+05
2.224562968750000000e+05
1.022778625000000000e+06
5.923396875000000000e+04
6.743971875000000000e+04
1.568588593750000000e+05
9.630592773437500000e+03
6.964033750000000000e+05
2.382512968750000000e+05
4.119243652343750000e+03
1.571124687500000000e+05
1.734204345703125000e+03
6.042335937500000000e+04
2.878836328125000000e+04
7.464964000000000000e+06
1.501595400000000000e+07
4.438442578125000000e+04
9.496041250000000000e+05
3.283411718750000000e+04
5.785792968750000000e+04
1.225591168000000000e+09
1.083540375000000000e+06
7.792284500000000000e+06
3.065140937500000000e+05
2.162051200000000000e+08
2.462018164062500000e+04
6.369674682617187500e+02
8.148619651794433594e+00
4.405055000000000000e+06
9.710773125000000000e+05
7.412503906250000000e+03
4.345808437500000000e+05
1.004148625000000000e+06
1.326450195312500000e+03
7.623249218750000000e+04
1.808552148437500000e+04
6.371998828125000000e+04
8.642697265625000000e+03
8.310508125000000000e+05
6.100545500000000000e+06
1.921295654296875000e+03
2.799804375000000000e+05
2.658269062500000000e+05
2.104149023437500000e+04
7.241080078125000000e+03
2.144989500000000000e+06
1.317406152343750000e+04
1.052546500000000000e+06
2.597834375000000000e+05
1.096864257812500000e+04
1.398660781250000000e+05
8.403601000000000000e+06
1.208553125000000000e+04
1.120223022460937500e+03
2.370692000000000000e+06
1.888185625000000000e+05
2.278881640625000000e+04
3.725260937500000000e+04
1.074674000000000000e+07
5.433397500000000000e+05
7.708551562500000000e+04
3.737030937500000000e+05
3.073940625000000000e+05
7.027273437500000000e+04
6.595873437500000000e+04
3.941174926757812500e+02
1.343708648681640625e+02
2.247644140625000000e+04
3.137188964843750000e+03
2.844931250000000000e+05
2.230835937500000000e+03
1.172950976562500000e+04
4.949771093750000000e+04
1.037163940429687500e+03
1.306236875000000000e+06
1.927226066589355469e+00
2.227909218750000000e+05
4.566228750000000000e+05
7.666001562500000000e+04
1.157611718750000000e+05
1.198222812500000000e+05
5.552283287048339844e+00
1.573080566406250000e+04
2.220175937500000000e+05
9.255911718750000000e+04
6.355741875000000000e+05
5.094357299804687500e+02
5.590841064453125000e+02
6.737713623046875000e+01
6.435618125000000000e+05
6.069150781250000000e+04
4.566228750000000000e+05
1.473854614257812500e+03
1.427757263183593750e+02
9.343286895751953125e+01
3.183645312500000000e+04
1.096644628906250000e+04
2.220175937500000000e+05
2.142642578125000000e+03
5.406975097656250000e+02
5.590841064453125000e+02
6.435618125000000000e+05
3.186061279296875000e+03
2.464359375000000000e+03
1.427757263183593750e+02
3.183645312500000000e+04
2.142642578125000000e+03
3.186061279296875000e+03
3.770398437500000000e+05
9.605683593750000000e+04
1.973116718750000000e+05
6.100545500000000000e+06
9.709467773437500000e+03
1.912479218750000000e+05
1.324732656250000000e+05
2.119223500000000000e+06
9.350712500000000000e+04
2.803421386718750000e+03
2.401027500000000000e+05
2.910445117187500000e+04
6.990479980468750000e+03
5.424285937500000000e+04
1.397189500000000000e+07
3.712783250000000000e+06
5.469229296875000000e+04
2.079193250000000000e+06
5.367285625000000000e+05
1.197001796875000000e+05
9.553127680000000000e+08
1.397189500000000000e+07
3.712783250000000000e+06
2.079193250000000000e+06
9.553127680000000000e+08
1.680631445312500000e+04
9.858004687500000000e+04
5.324784375000000000e+04
2.339161914062500000e+04
7.789658400000000000e+07
1.860614375000000000e+05
5.976952320000000000e+08
2.755175781250000000e+04
7.315163000000000000e+06
4.699000000000000000e+04
3.695082750000000000e+06
4.454141440000000000e+09
9.347532000000000000e+06
9.438051875000000000e+05
8.362281600000000000e+07
4.505278808593750000e+03
6.169018400000000000e+07
1.500556100000000000e+07
1.341500468750000000e+05
7.323228759765625000e+02
1.359762329101562500e+03
2.576134643554687500e+02
6.949781500000000000e+06
2.574071000000000000e+06
1.198222812500000000e+05
3.132077734375000000e+04
1.488340625000000000e+04
4.505278808593750000e+03
8.801077248000000000e+09
6.169018400000000000e+07
1.500556100000000000e+07
2.045042773437500000e+04
7.323228759765625000e+02
1.359762329101562500e+03
6.949781500000000000e+06
6.711036250000000000e+05
3.132077734375000000e+04
1.488340625000000000e+04
8.801077248000000000e+09
2.045042773437500000e+04
6.711036250000000000e+05
3.915995788574218750e+02
7.173786621093750000e+03
4.736076500000000000e+06
2.822818437500000000e+05
2.551998750000000000e+05
5.204971875000000000e+04
2.072436800000000000e+07
3.038985633850097656e+01
1.027220410156250000e+04
4.994317871093750000e+03
5.907307031250000000e+04
8.767436718750000000e+04
4.829889280000000000e+08
6.263039843750000000e+04
2.431365814208984375e+02
2.206819305419921875e+02
2.175964750000000000e+06
2.082272812500000000e+05
5.641193847656250000e+03
9.991860625000000000e+05
1.518896582031250000e+04
6.696844531250000000e+04
1.159920312500000000e+05
1.117694765625000000e+05
1.437916870117187500e+02
8.890943603515625000e+02
1.996966125000000000e+06
1.322484667968750000e+04
2.556271250000000000e+05
8.897155273437500000e+03
3.644203515625000000e+04
1.916056054687500000e+04
4.583197753906250000e+03
3.663708203125000000e+04
3.124715000000000000e+06
8.779870000000000000e+06
1.799081640625000000e+04
8.436349375000000000e+05
6.568755468750000000e+04
6.166273828125000000e+04
9.257249280000000000e+08
1.234830625000000000e+05
7.877164375000000000e+05
9.941218750000000000e+04
8.995419000000000000e+06
5.484066400000000000e+07
1.631436875000000000e+05
7.251157714843750000e+03
1.305213515625000000e+05
9.995662841796875000e+02
1.246511171875000000e+05
1.666693847656250000e+03
2.502346679687500000e+04
1.492082910156250000e+04
1.527047607421875000e+03
7.586862792968750000e+03
2.631828125000000000e+05
5.249522018432617188e+01
6.623383331298828125e+01
7.926312500000000000e+05
5.112208203125000000e+04
3.362651367187500000e+02
8.270856250000000000e+04
1.970629882812500000e+01
9.355039062500000000e+04
7.674220000000000000e+06
1.174264921875000000e+05
3.208467102050781250e+01
1.023060859375000000e+05
1.294143500000000000e+06
1.747492523193359375e+02
2.583879882812500000e+03
7.674220000000000000e+06
2.081224212646484375e+02
5.548870849609375000e+02
1.294143500000000000e+06
2.583879882812500000e+03
5.548870849609375000e+02
2.572224320000000000e+08
1.153429700000000000e+07
5.943646500000000000e+06
1.266643261718750000e+04
2.418722400000000000e+07
2.133200400000000000e+07
1.439488281250000000e+05
1.038142250000000000e+06
4.811651953125000000e+04
6.568755468750000000e+04
7.200489472000000000e+10
4.822272819200000000e+10
6.839588500000000000e+06
1.210483456000000000e+09
6.721406250000000000e+05
2.220142031250000000e+05
3.943441920000000000e+09
4.764404000000000000e+06
1.256915750000000000e+06
9.786457812500000000e+04
7.200489472000000000e+10
4.438026240000000000e+08
3.937044160000000000e+08
7.621735000000000000e+06
3.723686400000000000e+07
5.043363328000000000e+09
5.458395000000000000e+05
1.071675875000000000e+06
1.293334960937500000e+04
1.004506875000000000e+06
8.538891601562500000e+03
5.810998437500000000e+04
1.787367840000000000e+08
2.630306152343750000e+03
3.508428515625000000e+04
4.270171875000000000e+04
1.598632812500000000e+05
1.099116894531250000e+04
1.086775976562500000e+04
5.173264062500000000e+05
9.909726250000000000e+05
2.379321875000000000e+04
3.281618437500000000e+05
1.667186250000000000e+05
9.983706250000000000e+04
1.068102343750000000e+04
2.144989500000000000e+06
1.188950292968750000e+04
3.618129375000000000e+05
4.774712109375000000e+04
3.146550781250000000e+04
1.668435000000000000e+05
3.419511750000000000e+06
2.000373750000000000e+05
6.536341796875000000e+03
2.055730750000000000e+06
2.114182812500000000e+05
7.508439062500000000e+04
3.636399609375000000e+04
1.484205750000000000e+06
4.606859062500000000e+05
2.423810937500000000e+05
2.768534375000000000e+05
3.225088000000000000e+06
5.943646500000000000e+06
1.186311000000000000e+07
2.142291992187500000e+04
6.249612500000000000e+05
2.259057750000000000e+06
1.565526660156250000e+04
1.034840687500000000e+06
1.504777539062500000e+04
5.816043359375000000e+04
1.067315072000000000e+09
3.865972160000000000e+08
9.706779687500000000e+04
1.131810176000000000e+09
5.456891796875000000e+04
5.515236250000000000e+05
5.583277200000000000e+07
2.218332226562500000e+04
9.030491250000000000e+05
7.381005468750000000e+04
1.149050368000000000e+09
3.568561000000000000e+06
9.836528125000000000e+05
5.923512500000000000e+05
7.632217500000000000e+05
3.641290750000000000e+06
7.843145500000000000e+06
2.090533600000000000e+08
1.051285900000000000e+07
9.709224218750000000e+04
4.008626000000000000e+07
4.469895500000000000e+06
3.333357500000000000e+05
2.071204000000000000e+07
3.776412000000000000e+06
1.190525078125000000e+05
1.108639334400000000e+10
2.468711520000000000e+08
7.843145500000000000e+06
7.200489472000000000e+10
2.090533600000000000e+08
1.051285900000000000e+07
3.373395200000000000e+08
4.008626000000000000e+07
4.469895500000000000e+06
2.071204000000000000e+07
7.200489472000000000e+10
1.108639334400000000e+10
2.468711520000000000e+08
7.200489472000000000e+10
3.373395200000000000e+08
7.200489472000000000e+10
4.995077343750000000e+04
2.443948437500000000e+04
6.262985351562500000e+03
7.761431000000000000e+06
1.267548535156250000e+04
3.240512304687500000e+04
4.623042187500000000e+05
2.363583007812500000e+04
8.522467651367187500e+02
6.727741875000000000e+05
8.317770625000000000e+05
1.500556100000000000e+07
4.657711410522460938e+01
1.270129687500000000e+05
2.506330468750000000e+04
1.285449687500000000e+05
5.857379687500000000e+04
1.732125750000000000e+06
4.671389160156250000e+02
1.737588906250000000e+05
4.397358593750000000e+04
4.392835937500000000e+04
9.489192968750000000e+04
2.214487656250000000e+05
6.300967773437500000e+03
1.810033600000000000e+07
4.901675937500000000e+05
4.481591000000000000e+06
3.332280078125000000e+04
2.697913476562500000e+04
1.442254531250000000e+05
3.602666750000000000e+06
1.427656054687500000e+04
1.809374531250000000e+05
1.177225097656250000e+03
1.494851125000000000e+06
2.509071093750000000e+04
4.690514062500000000e+05
1.162724600000000000e+07
3.692662187500000000e+05
6.514535000000000000e+05
4.601525600000000000e+07
5.572580000000000000e+05
1.125801500000000000e+06
3.236460351562500000e+04
5.787298750000000000e+05
3.075452250000000000e+06
1.332930400000000000e+07
1.661204750000000000e+06
3.825686645507812500e+02
4.278931274414062500e+02
4.810662536621093750e+02
7.742753125000000000e+04
8.762696875000000000e+04
5.442323828125000000e+04
1.724801875000000000e+06
1.294063720703125000e+02
1.719525909423828125e+02
3.419440612792968750e+02
1.292495483398437500e+03
4.224121562500000000e+05
2.093079843750000000e+05
3.307400781250000000e+04
5.379569702148437500e+02
7.608805084228515625e+01
1.229764709472656250e+02
5.929820000000000000e+05
3.792523193359375000e+02
2.285507031250000000e+04
1.179314453125000000e+04
6.100545500000000000e+06
4.874187500000000000e+03
1.049947421875000000e+05
1.388730078125000000e+04
3.046629882812500000e+03
7.020487500000000000e+05
1.769360937500000000e+05
7.033899414062500000e+03
9.317997656250000000e+04
2.468038240000000000e+08
1.133215100000000000e+07
2.181284570312500000e+04
4.845548480000000000e+08
5.594903125000000000e+05
5.735622656250000000e+04
7.200489472000000000e+10
2.409890250000000000e+06
5.660033125000000000e+05
1.431982375000000000e+06
5.013970400000000000e+07
4.112076721191406250e+02
8.803619384765625000e+02
1.184253375000000000e+06
5.716133593750000000e+04
1.568185272216796875e+02
1.139428671875000000e+05
1.466470937500000000e+05
6.259353515625000000e+03
5.001756480000000000e+08
3.654280273437500000e+03
6.891358593750000000e+04
8.637635937500000000e+04
2.188255126953125000e+03
2.073275634765625000e+03
3.378475830078125000e+03
6.047566528320312500e+02
9.344691250000000000e+05
9.755863281250000000e+03
1.234672812500000000e+05
1.369233437500000000e+05
4.234617578125000000e+04
3.941174926757812500e+02
8.310508125000000000e+05
1.266643261718750000e+04
8.552762451171875000e+02
6.655714843750000000e+04
1.285449687500000000e+05
2.835420898437500000e+03
1.121848984375000000e+05
1.243761621093750000e+04
7.851121093750000000e+04
1.439249316406250000e+04
1.200110937500000000e+05
9.187709375000000000e+04
8.224112500000000000e+04
9.438627929687500000e+03
2.398322656250000000e+04
7.559705468750000000e+04
6.340143750000000000e+04
1.333548242187500000e+04
1.916487426757812500e+02
4.789716796875000000e+04
1.044647094726562500e+03
3.208049804687500000e+04
1.247053440000000000e+08
1.190481700000000000e+07
5.943646500000000000e+06
3.714635546875000000e+04
4.229604160000000000e+08
4.230667200000000000e+07
1.141084625000000000e+06
1.032677750000000000e+06
8.129940625000000000e+04
9.361589062500000000e+04
5.928375500800000000e+10
1.807159296000000000e+10
4.946273600000000000e+07
1.125957760000000000e+09
5.821692500000000000e+06
3.151614000000000000e+06
5.700150784000000000e+09
7.262824000000000000e+07
7.200968500000000000e+06
6.242619375000000000e+05
7.200489472000000000e+10
4.138657382400000000e+10
4.203917312000000000e+09
6.307984000000000000e+08
3.457296384000000000e+09
7.200489472000000000e+10
6.209588125000000000e+05
4.894697500000000000e+05
5.667200000000000000e+04
5.541349375000000000e+05
5.563939600000000000e+07
1.181832656250000000e+05
1.356062656250000000e+05
5.059929296875000000e+04
1.944625250000000000e+06
1.075103637695312500e+03
4.508524000000000000e+07
5.563939600000000000e+07
1.181832656250000000e+05
5.059929296875000000e+04
4.508524000000000000e+07
1.988941600000000000e+07
1.203211547851562500e+03
1.978057200000000000e+07
2.274494873046875000e+03
6.571154375000000000e+05
7.515825805664062500e+02
4.346493164062500000e+03
8.943217280000000000e+08
6.145650634765625000e+02
1.727536621093750000e+03
4.243993164062500000e+03
4.811284765625000000e+04
3.375907812500000000e+04
1.093207812500000000e+04
1.037609062500000000e+05
2.144989500000000000e+06
2.110617031250000000e+05
2.256241406250000000e+04
5.907423750000000000e+05
2.075401562500000000e+04
1.096110253906250000e+04
1.685708125000000000e+05
6.532471484375000000e+04
9.999620312500000000e+04
3.574381250000000000e+04
2.014358625000000000e+06
2.244803515625000000e+04
9.372148437500000000e+04
1.402707226562500000e+04
7.741999511718750000e+02
3.013541259765625000e+02
3.351092529296875000e+02
4.781428125000000000e+04
2.528298000000000000e+06
1.589362812500000000e+05
1.149535625000000000e+05
3.013541259765625000e+02
3.351092529296875000e+02
1.152581939697265625e+02
8.483635253906250000e+02
1.149535625000000000e+05
2.552340625000000000e+04
1.006295156250000000e+05
8.483635253906250000e+02
1.873890228271484375e+02
1.218367614746093750e+02
5.962629296875000000e+04
4.857259521484375000e+02
1.008831953125000000e+05
1.147164375000000000e+06
1.269899531250000000e+05
3.926694062500000000e+05
1.198888046875000000e+05
9.026276855468750000e+02
2.207488861083984375e+02
6.670399218750000000e+04
8.834816284179687500e+02
9.985573437500000000e+04
8.423398437500000000e+02
1.741957763671875000e+03
1.000550546875000000e+05
4.161574707031250000e+03
1.870738671875000000e+04
3.941174926757812500e+02
2.763189315795898438e+01
8.911771484375000000e+03
9.585986938476562500e+02
8.151267187500000000e+04
6.143807373046875000e+02
8.516442382812500000e+03
2.082114062500000000e+05
2.144989500000000000e+06
1.514104125000000000e+06
2.240681835937500000e+04
2.207665750000000000e+06
3.095604492187500000e+04
2.523917656250000000e+05
3.944228437500000000e+05
1.514695200000000000e+07
1.000559218750000000e+05
5.128112109375000000e+04
3.882878750000000000e+05
7.260141440000000000e+08
1.500556100000000000e+07
5.518842578125000000e+04
2.072436800000000000e+07
5.034389453125000000e+04
1.857608789062500000e+04
7.200489472000000000e+10
6.889428125000000000e+05
5.439889453125000000e+04
3.347291796875000000e+04
2.079698750000000000e+05
1.387289900000000000e+07
1.683886400000000000e+07
1.174448671875000000e+05
1.071675875000000000e+06
2.768820507812500000e+04
6.962267187500000000e+04
3.463923456000000000e+09
1.203635546875000000e+05
6.662101250000000000e+05
9.651652343750000000e+04
2.507536500000000000e+06
8.183795000000000000e+05
6.787726562500000000e+04
6.639294531250000000e+04
4.407813437500000000e+05
2.481457600000000000e+08
1.500556100000000000e+07
1.099678203125000000e+05
9.009871875000000000e+05
3.187327539062500000e+04
3.532465820312500000e+03
4.184587840000000000e+08
5.100703000000000000e+06
8.682192187500000000e+04
2.438558880000000000e+08
4.090934500000000000e+06
3.849991562500000000e+05
7.200489472000000000e+10
1.862329920000000000e+08
1.203848700000000000e+07
9.666869000000000000e+06
7.847540000000000000e+05
2.776520898437500000e+04
2.746241280000000000e+08
2.069181440000000000e+10
2.686624000000000000e+08
3.972317250000000000e+06
7.200489472000000000e+10
8.540930000000000000e+06
2.007674265600000000e+10
1.159756738281250000e+04
1.662410156250000000e+04
2.904989501953125000e+03
3.379495000000000000e+05
1.912739200000000000e+07
4.958980957031250000e+03
3.379495000000000000e+05
3.866328437500000000e+05
2.861524902343750000e+03
4.668584765625000000e+04
6.197597265625000000e+04
1.890575781250000000e+04
2.403275195312500000e+04
1.065674591064453125e+01
1.449378173828125000e+03
4.417565155029296875e+01
2.113793750000000000e+05
5.175988159179687500e+02
8.310508125000000000e+05
7.607358593750000000e+04
1.133215100000000000e+07
1.651295928955078125e+02
2.408423437500000000e+05
1.765514375000000000e+05
4.191712890625000000e+04
1.060691601562500000e+04
1.135487656250000000e+05
6.014546508789062500e+02
6.720483125000000000e+05
1.544714531250000000e+05
1.908678437500000000e+05
3.677391796875000000e+04
9.221550781250000000e+03
2.610871337890625000e+03
6.650927500000000000e+05
2.014112625000000000e+06
1.055240703125000000e+05
4.032222656250000000e+04
1.287899218750000000e+04
1.814828593750000000e+05
3.567525625000000000e+05
2.671923046875000000e+04
9.778994140625000000e+03
6.855818481445312500e+02
8.562324375000000000e+05
2.746525937500000000e+05
3.467576171875000000e+04
3.314600312500000000e+05
1.088667265625000000e+05
4.661128906250000000e+03
4.940441250000000000e+05
3.738777812500000000e+05
2.581647500000000000e+05
5.468738671875000000e+04
3.815639648437500000e+03
9.355707031250000000e+04
1.302537656250000000e+05
1.028248828125000000e+05
6.252086875000000000e+05
7.990460000000000000e+05
1.725004250000000000e+06
1.786957600000000000e+07
3.155656445312500000e+04
3.004577343750000000e+04
1.859918500000000000e+06
2.014004101562500000e+04
3.993283593750000000e+04
1.332902246093750000e+04
2.599926562500000000e+04
1.512247343750000000e+05
2.127495625000000000e+05
2.587542968750000000e+03
5.197987500000000000e+04
7.260141440000000000e+08
8.596933000000000000e+06
6.301347656250000000e+04
1.970138800000000000e+07
2.884303125000000000e+05
4.761938281250000000e+04
3.641056051200000000e+10
2.589449750000000000e+06
2.674800937500000000e+05
7.374021875000000000e+05
4.313365500000000000e+06
7.347457000000000000e+06
1.453642900000000000e+07
4.536559765625000000e+04
8.952290000000000000e+05
1.335954199218750000e+04
5.899537890625000000e+04
1.249201408000000000e+09
1.475319531250000000e+05
7.046379375000000000e+05
4.665513671875000000e+04
1.122981375000000000e+06
3.731475625000000000e+05
1.386940156250000000e+05
5.750703613281250000e+03
3.731475625000000000e+05
4.865980859375000000e+04
2.391908480000000000e+08
1.255288100000000000e+07
7.907035000000000000e+06
1.049729785156250000e+04
2.103238800000000000e+07
4.525070000000000000e+06
7.115826875000000000e+05
1.056816250000000000e+06
2.881038867187500000e+04
8.231337890625000000e+03
7.200489472000000000e+10
7.200489472000000000e+10
1.461568875000000000e+06
1.203565312000000000e+09
1.408047968750000000e+05
5.984814062500000000e+04
8.100044800000000000e+08
2.214679250000000000e+06
1.094405234375000000e+05
2.440217382812500000e+04
7.200489472000000000e+10
2.297569200000000000e+07
1.466206800000000000e+07
1.642087625000000000e+06
1.048844000000000000e+06
7.333191680000000000e+08
1.195200097656250000e+04
4.106700195312500000e+03
4.836469238281250000e+03
1.503348754882812500e+03
3.626246800000000000e+07
6.812772656250000000e+04
1.041228125000000000e+04
1.326093164062500000e+04
1.322939300537109375e+02
5.282394140625000000e+04
2.486223046875000000e+04
9.524608612060546875e+01
5.475011718750000000e+03
3.866996765136718750e+01
4.882189025878906250e+02
1.701472534179687500e+03
1.199276875000000000e+05
1.894302800000000000e+07
1.240652929687500000e+04
1.162163867187500000e+04
1.056348266601562500e+02
3.917034375000000000e+04
1.754726000000000000e+07
2.983872070312500000e+03
1.350418500000000000e+06
7.920241699218750000e+02
7.797730468750000000e+04
6.888686720000000000e+08
1.614070900000000000e+07
9.626372000000000000e+06
3.639487500000000000e+04
2.092419600000000000e+07
1.988941600000000000e+07
1.365997343750000000e+05
9.620466875000000000e+05
3.497517578125000000e+04
2.402938281250000000e+04
7.200489472000000000e+10
6.203990835200000000e+10
1.082796625000000000e+06
2.931215872000000000e+09
1.300947187500000000e+05
7.081160937500000000e+04
3.433592576000000000e+09
6.713746093750000000e+04
1.554391992187500000e+04
3.145329492187500000e+04
7.200489472000000000e+10
1.353080500000000000e+06
4.315922187500000000e+05
9.754217968750000000e+04
2.728353125000000000e+05
7.195045625000000000e+05
1.473173242187500000e+04
3.941174926757812500e+02
8.310508125000000000e+05
5.996344500000000000e+06
1.133215100000000000e+07
1.627699279785156250e+02
1.019881171875000000e+05
1.880606054687500000e+04
1.285449687500000000e+05
8.261846093750000000e+04
1.748179875000000000e+06
7.134215087890625000e+02
9.852591406250000000e+04
5.704120312500000000e+04
1.080231250000000000e+05
7.851121093750000000e+04
1.743513125000000000e+05
2.475185546875000000e+03
8.430403000000000000e+06
2.014112625000000000e+06
3.659641250000000000e+06
7.179152343750000000e+04
9.570698242187500000e+03
3.475760546875000000e+04
2.861032500000000000e+06
1.174272851562500000e+04
4.605637890625000000e+04
1.477815063476562500e+03
2.189428750000000000e+05
2.816321875000000000e+04
1.547820156250000000e+05
4.586228000000000000e+06
2.448133750000000000e+05
9.598066406250000000e+04
7.189831500000000000e+06
4.054850625000000000e+05
4.190801250000000000e+05
3.379677343750000000e+04
4.482504687500000000e+04
1.579583125000000000e+05
2.531344750000000000e+06
1.919735625000000000e+05
3.247288960000000000e+08
1.462528400000000000e+07
2.898193664550781250e+02
4.574348160000000000e+08
3.334068603515625000e+02
3.165951538085937500e+02
7.200489472000000000e+10
1.900659545898437500e+03
6.061635742187500000e+02
7.736309204101562500e+02
8.863800781250000000e+03
1.190979100000000000e+07
2.092726562500000000e+05
4.119570240000000000e+08
1.500556100000000000e+07
6.369561718750000000e+04
2.214615966796875000e+03
6.751855468750000000e+04
1.838967773437500000e+04
8.389943359375000000e+03
4.710416640000000000e+08
1.160207900000000000e+07
5.727975390625000000e+04
1.355077343750000000e+04
2.740178500000000000e+06
1.276171375000000000e+06
1.862368437500000000e+05
7.200489472000000000e+10
3.995360960000000000e+08
1.365560700000000000e+07
1.216363378906250000e+04
3.609425048828125000e+03
1.415449951171875000e+03
6.720848750000000000e+05
7.069952343750000000e+04
1.726452343750000000e+04
5.564334720000000000e+08
1.487978750000000000e+05
1.085322968750000000e+05
1.267233007812500000e+04
1.353537120000000000e+08
2.491506000000000000e+06
1.100825125000000000e+06
7.200489472000000000e+10
2.524538437500000000e+05
1.212966601562500000e+04
3.382861816406250000e+03
6.605101875000000000e+05
1.759116000000000000e+07
1.555512031250000000e+05
1.001084140625000000e+05
1.348370720000000000e+08
2.568212812500000000e+05
1.854672000000000000e+07
1.579230625000000000e+05
1.539419140625000000e+04
2.684589648437500000e+04
1.260381500000000000e+07
1.065511500000000000e+06
3.388726250000000000e+06
7.940032812500000000e+04
9.190020625000000000e+05
5.977125000000000000e+04
8.938176000000000000e+06
8.276647040000000000e+08
3.224445500000000000e+06
7.208837500000000000e+05
6.245943680000000000e+08
1.213235546875000000e+05
4.405741406250000000e+04
9.095210937500000000e+04
1.776452331542968750e+02
3.835106250000000000e+04
1.977064257812500000e+04
1.146961547851562500e+03
4.448695312500000000e+03
1.080435943603515625e+01
3.066106933593750000e+03
4.405741406250000000e+04
9.095210937500000000e+04
1.776452331542968750e+02
7.391852050781250000e+03
1.037154922485351562e+02
4.209300292968750000e+03
4.448695312500000000e+03
1.080435943603515625e+01
3.066106933593750000e+03
4.414040527343750000e+02
7.391852050781250000e+03
1.037154922485351562e+02
4.209300292968750000e+03
5.582380981445312500e+02
4.414040527343750000e+02
5.582380981445312500e+02
1.490920468750000000e+05
1.237794311523437500e+03
4.102409667968750000e+03
3.594458007812500000e+02
6.413462109375000000e+04
6.446712000000000000e+06
1.577790156250000000e+05
1.418636108398437500e+03
5.711616015625000000e+04
3.567855712890625000e+03
2.912880468750000000e+04
8.290754500000000000e+06
5.284491875000000000e+05
5.244953125000000000e+03
6.875472656250000000e+03
1.515043593750000000e+05
7.748230590820312500e+02
3.027002187500000000e+05
6.212954711914062500e+02
9.188267500000000000e+05
2.426638476562500000e+04
7.472635156250000000e+04
1.072020410156250000e+04
3.993241796875000000e+04
3.428713623046875000e+03
3.862396000000000000e+06
4.029143750000000000e+04
2.746503417968750000e+03
6.571141601562500000e+03
3.808261474609375000e+03
1.392835937500000000e+05
1.853872656250000000e+04
1.215883105468750000e+04
5.018763671875000000e+03
1.837251342773437500e+03
1.439812207031250000e+04
1.447225750000000000e+06
9.334009000000000000e+06
2.669984570312500000e+04
1.775734570312500000e+04
9.278047851562500000e+03
6.576070312500000000e+04
2.327989000000000000e+06
1.909971093750000000e+05
3.467313750000000000e+05
5.841619140625000000e+03
3.550128125000000000e+05
3.972310066223144531e+00
5.214467620849609375e+01
0.000000000000000000e+00
5.469076875000000000e+05
2.752927343750000000e+04
5.214467620849609375e+01
0.000000000000000000e+00
4.946953296661376953e+00
4.959431875000000000e+05
9.212587356567382812e+00
7.499764843750000000e+04
6.796421875000000000e+05
5.050803125000000000e+04
1.108277656250000000e+05
1.814798437500000000e+04
8.202760009765625000e+02
1.810217590332031250e+02
5.397770019531250000e+03
5.965104370117187500e+02
8.122688476562500000e+03
2.511344604492187500e+02
3.184912353515625000e+03
7.479524902343750000e+03
3.659529685974121094e-01
7.260141440000000000e+08
2.374596093750000000e+05
1.064127890625000000e+05
4.811175625000000000e+05
3.549059000000000000e+06
6.549403808593750000e+03
3.198550016000000000e+09
7.560462720000000000e+08
2.281303750000000000e+05
4.816289687500000000e+05
3.331438848000000000e+09
4.488518905639648438e+01
1.581453704833984375e+02
2.033241992187500000e+04
3.052302978515625000e+03
8.373376464843750000e+01
8.656159210205078125e+01
1.561865527343750000e+04
1.115283355712890625e+02
3.714174375000000000e+05
5.606781250000000000e+03
5.242775000000000000e+04
4.405741406250000000e+04
6.727741875000000000e+05
1.770920562744140625e+02
6.197597265625000000e+04
1.073318386077880859e+01
5.690768554687500000e+03
4.221435937500000000e+04
1.024311370849609375e+02
1.018957421875000000e+04
1.228763061523437500e+03
2.212612792968750000e+03
1.998789453125000000e+04
1.008293187500000000e+06
2.857873632812500000e+04
1.198222812500000000e+05
2.562688281250000000e+05
9.566098632812500000e+03
1.008293187500000000e+06
2.562688281250000000e+05
1.124943400000000000e+07
3.882624218750000000e+04
5.209113671875000000e+04
1.876472343750000000e+05
1.892293359375000000e+04
8.238305000000000000e+05
2.531960500000000000e+06
3.946337890625000000e+04
1.372120507812500000e+04
1.542648375000000000e+06
1.458189355468750000e+04
2.101686718750000000e+05
5.464438000000000000e+06
2.139938750000000000e+05
7.134629375000000000e+05
1.553127746582031250e+02
2.952267089843750000e+03
9.060460937500000000e+04
3.187327539062500000e+04
2.680253000000000000e+06
4.318353906250000000e+04
3.236386000000000000e+07
1.025015335083007812e+02
1.756547973632812500e+03
1.158736694335937500e+03
7.517036718750000000e+04
2.212494335937500000e+04
1.743396625000000000e+06
3.356290000000000000e+07
1.595544677734375000e+03
8.288051757812500000e+02
3.990554296875000000e+04
1.730382125000000000e+06
3.542808593750000000e+04
1.688089600000000000e+07
2.481843750000000000e+05
2.072436800000000000e+07
3.946067187500000000e+04
7.315163000000000000e+06
2.157532617187500000e+04
7.467008750000000000e+05
2.512850944000000000e+09
1.871917375000000000e+06
1.137017500000000000e+06
2.008655600000000000e+07
1.993073600000000000e+07
4.458237109375000000e+04
2.072436800000000000e+07
6.923386718750000000e+04
1.030213625000000000e+06
4.930050000000000000e+04
7.178277343750000000e+04
3.837110784000000000e+09
1.117202421875000000e+05
6.007917187500000000e+04
5.226333750000000000e+05
5.880841250000000000e+05
7.017006500000000000e+06
1.736217500000000000e+05
9.334009000000000000e+06
1.341500468750000000e+05
1.050562421875000000e+05
5.660840332031250000e+03
1.890565937500000000e+05
2.551033200000000000e+07
1.736217500000000000e+05
9.334009000000000000e+06
1.050562421875000000e+05
2.551033200000000000e+07
2.557317200000000000e+07
3.443866796875000000e+04
1.000442800000000000e+08
6.265829687500000000e+04
8.202634375000000000e+05
4.034392187500000000e+04
1.342734375000000000e+05
1.117967104000000000e+09
3.755484062500000000e+05
5.463280859375000000e+04
1.297121500000000000e+06
3.640804375000000000e+05
1.949003295898437500e+02
7.281063281250000000e+04
1.047742800000000000e+07
2.477016250000000000e+06
6.331892500000000000e+06
1.162626953125000000e+05
3.152890240000000000e+08
3.649091796875000000e+02
4.259897265625000000e+04
6.207472167968750000e+03
1.047742800000000000e+07
2.477016250000000000e+06
2.196659840000000000e+08
3.152890240000000000e+08
4.259897265625000000e+04
6.207472167968750000e+03
4.041654500000000000e+06
2.196659840000000000e+08
4.041654500000000000e+06
3.873358750000000000e+05
3.162573828125000000e+04
2.568081920000000000e+08
1.500556100000000000e+07
9.334009000000000000e+06
1.643074218750000000e+05
4.239013120000000000e+08
4.463066000000000000e+07
8.886121093750000000e+04
1.071675875000000000e+06
5.282746093750000000e+04
4.027119140625000000e+04
7.200489472000000000e+10
1.797660672000000000e+10
5.046552812500000000e+05
2.531569664000000000e+09
3.182686562500000000e+05
1.112133750000000000e+05
6.150801408000000000e+09
1.346835250000000000e+06
1.545133125000000000e+05
6.787835937500000000e+04
7.200489472000000000e+10
1.806277600000000000e+07
2.889084250000000000e+06
5.941271875000000000e+05
9.215691875000000000e+05
1.800712000000000000e+07
5.253994800000000000e+07
1.513921100000000000e+07
2.669523632812500000e+04
2.092900375000000000e+06
1.836440429687500000e+04
4.729103515625000000e+04
2.527083008000000000e+09
9.982736250000000000e+05
7.471503125000000000e+05
5.074200625000000000e+05
2.687554800000000000e+07
3.595599365234375000e+02
1.148354453125000000e+05
1.834234250000000000e+06
1.779522656250000000e+05
1.617460000000000000e+05
2.813933105468750000e+03
1.164335500000000000e+06
1.679342656250000000e+05
2.531960500000000000e+06
6.885297363281250000e+03
1.462621625000000000e+06
2.127029052734375000e+03
2.431987500000000000e+06
4.287876464843750000e+03
5.746715234375000000e+04
2.229082343750000000e+05
1.044311981201171875e+02
9.545408125000000000e+05
2.907409960937500000e+04
7.014945000000000000e+06
4.800846500000000000e+06
1.871300585937500000e+04
7.014945000000000000e+06
1.454760600000000000e+07
7.189114843750000000e+04
4.608976953125000000e+04
1.468227187500000000e+05
1.878385625000000000e+06
4.972045312500000000e+04
7.531718750000000000e+04
1.574455451965332031e+01
1.422460156250000000e+04
1.290550903320312500e+03
9.905907031250000000e+04
1.291784082031250000e+04
2.624281875000000000e+05
1.867396289062500000e+04
4.343379296875000000e+04
2.963024062500000000e+05
3.426027250000000000e+06
9.567348632812500000e+03
2.309879101562500000e+04
3.394969250000000000e+06
2.250116093750000000e+05
3.234916250000000000e+05
1.283000250000000000e+06
1.064297167968750000e+04
5.314386250000000000e+05
9.418351250000000000e+05
5.280625781250000000e+04
1.143119335937500000e+04
2.144989500000000000e+06
2.558787109375000000e+04
1.050304921875000000e+05
3.359451000000000000e+06
2.138192656250000000e+05
7.331912500000000000e+05
1.080053027343750000e+04
2.937082812500000000e+04
3.931298583984375000e+03
3.203173339843750000e+03
4.125351171875000000e+04
1.462461547851562500e+03
3.315906562500000000e+05
6.100545500000000000e+06
1.521271850585937500e+03
8.227305468750000000e+04
4.404816562500000000e+05
3.033442871093750000e+03
7.074215332031250000e+03
7.457820625000000000e+05
1.583963378906250000e+03
1.426999531250000000e+05
2.311099750000000000e+06
2.578447509765625000e+03
1.377776733398437500e+03
2.500239250000000000e+06
2.690236816406250000e+03
7.749864746093750000e+03
3.167945312500000000e+05
2.144117382812500000e+04
2.488629150390625000e+03
1.694365722656250000e+03
1.336215125000000000e+06
8.093495117187500000e+03
1.933705273437500000e+04
7.819854003906250000e+03
2.704833203125000000e+04
7.818101562500000000e+03
6.727741875000000000e+05
1.082079101562500000e+04
2.504965820312500000e+04
4.824218750000000000e+04
7.735505468750000000e+04
3.740800000000000000e+07
8.384068500000000000e+06
4.102351360000000000e+08
1.308524921875000000e+05
9.231349375000000000e+05
1.036875156250000000e+05
3.668145200000000000e+07
4.765680640000000000e+09
4.119263680000000000e+08
8.937804375000000000e+05
4.823107584000000000e+09
1.071675875000000000e+06
2.116678320312500000e+04
5.087792187500000000e+04
2.685488476562500000e+04
3.837343505859375000e+03
1.348064941406250000e+04
4.481922851562500000e+03
1.388493750000000000e+05
9.292123000000000000e+06
2.029173828125000000e+04
1.818616992187500000e+04
3.166998250000000000e+06
3.594502343750000000e+04
2.030691406250000000e+05
1.159048906250000000e+05
1.657680859375000000e+04
1.041981937500000000e+06
2.232388125000000000e+05
1.608364687500000000e+05
4.566857200000000000e+07
1.133215100000000000e+07
4.570017968750000000e+04
1.706807500000000000e+06
7.489972656250000000e+04
7.195198437500000000e+04
3.570950144000000000e+09
2.890851562500000000e+05
1.865425937500000000e+05
1.624901406250000000e+05
2.382046000000000000e+06
1.867605280000000000e+08
1.357657800000000000e+07
2.161398750000000000e+05
2.072436800000000000e+07
3.776412000000000000e+06
1.198222812500000000e+05
7.200489472000000000e+10
1.867605280000000000e+08
1.357657800000000000e+07
2.072436800000000000e+07
7.200489472000000000e+10
4.802084800000000000e+08
1.681851600000000000e+07
2.669984570312500000e+04
5.665863040000000000e+08
1.593582187500000000e+05
5.176112500000000000e+04
7.200489472000000000e+10
7.460196000000000000e+06
8.112483750000000000e+05
9.064138000000000000e+06
3.085344960000000000e+08
8.522467651367187500e+02
6.832044531250000000e+04
1.011470336914062500e+02
9.758795312500000000e+04
4.415966000000000000e+06
1.477976875000000000e+05
2.361618164062500000e+03
4.334119140625000000e+04
3.892410750000000000e+06
4.544049804687500000e+03
5.672483750000000000e+05
4.415966000000000000e+06
2.955854101562500000e+04
1.297072109375000000e+05
3.892410750000000000e+06
5.672483750000000000e+05
1.297072109375000000e+05
5.604338400000000000e+07
9.334009000000000000e+06
1.566858750000000000e+05
7.165811500000000000e+06
8.005053222656250000e+03
7.429410156250000000e+04
2.996695296000000000e+09
2.272399062500000000e+05
1.337057031250000000e+05
2.688579101562500000e+04
2.302197968750000000e+05
1.519639941406250000e+04
1.341500468750000000e+05
4.033616943359375000e+03
5.175988159179687500e+02
9.045127343750000000e+04
7.441158294677734375e+01
2.663120703125000000e+04
6.349671000000000000e+06
4.951282031250000000e+04
5.586301879882812500e+02
1.569154687500000000e+04
2.961655600000000000e+07
1.500843261718750000e+04
2.880495625000000000e+05
7.583230000000000000e+05
2.425002539062500000e+04
1.406793457031250000e+04
4.252763750000000000e+05
4.661226171875000000e+04
6.000571777343750000e+03
6.997780468750000000e+04
1.237070312500000000e+04
3.004577343750000000e+04
4.043506774902343750e+02
1.127860449218750000e+04
5.166693725585937500e+02
3.357607269287109375e+01
3.665518359375000000e+04
3.334621887207031250e+02
1.190345153808593750e+02
6.274787902832031250e+01
4.775456237792968750e+02
1.210548281250000000e+05
2.829632421875000000e+04
2.053407617187500000e+04
3.624827734375000000e+04
1.305922031250000000e+05
1.184751015625000000e+05
2.332401885986328125e+02
2.622219238281250000e+03
7.260141440000000000e+08
6.875026702880859375e+01
1.293469433593750000e+04
5.996361160278320312e+01
1.596575937500000000e+05
5.714532375335693359e+00
2.304867858886718750e+02
3.696951000000000000e+06
1.225637912750244141e+01
1.365514755249023438e+01
6.417866516113281250e+01
3.352211718750000000e+04
1.262903000000000000e+06
4.286895000000000000e+05
9.464708593750000000e+04
9.138241210937500000e+03
1.212595000000000000e+06
3.433172656250000000e+04
7.394907031250000000e+04
3.329933000000000000e+06
2.611125468750000000e+05
5.676699375000000000e+05
2.022068160000000000e+08
1.391577900000000000e+07
3.878242578125000000e+04
2.072436800000000000e+07
9.522513750000000000e+05
7.199928125000000000e+04
7.200489472000000000e+10
1.520885875000000000e+06
1.339037343750000000e+05
4.437306000000000000e+06
5.765796800000000000e+07
3.620031250000000000e+05
4.609126562500000000e+04
2.815871047973632812e+01
6.062805500000000000e+06
1.961453515625000000e+04
7.385941406250000000e+04
1.348069100000000000e+07
3.148399658203125000e+02
9.042467651367187500e+02
3.690851953125000000e+04
8.003427246093750000e+03
6.457898046875000000e+04
5.343292400000000000e+07
1.859812000000000000e+07
7.708982000000000000e+06
1.361282031250000000e+05
3.563401500000000000e+06
2.400572750000000000e+06
1.258225375000000000e+06
9.974228125000000000e+05
1.445192656250000000e+05
1.351216406250000000e+05
9.071832064000000000e+09
7.359496192000000000e+09
5.343292400000000000e+07
1.543478912000000000e+09
1.859812000000000000e+07
7.708982000000000000e+06
1.594290880000000000e+08
3.563401500000000000e+06
2.400572750000000000e+06
9.974228125000000000e+05
7.200489472000000000e+10
9.071832064000000000e+09
7.359496192000000000e+09
1.543478912000000000e+09
1.594290880000000000e+08
7.200489472000000000e+10
1.073463211059570312e+02
1.031196875000000000e+04
3.068646750000000000e+06
4.025763671875000000e+04
9.271636352539062500e+02
5.666476875000000000e+05
1.350057187500000000e+05
1.195490820312500000e+04
1.539175292968750000e+03
4.934379394531250000e+03
1.101035034179687500e+03
5.815976953125000000e+04
9.559391875000000000e+05
6.597071777343750000e+03
3.993706250000000000e+04
4.121701953125000000e+04
1.422514062500000000e+05
8.522467651367187500e+02
1.174238625000000000e+06
1.341500468750000000e+05
1.213218154907226562e+02
3.858298437500000000e+05
2.859276562500000000e+05
2.138286132812500000e+02
1.976693437500000000e+05
4.836998437500000000e+04
8.776764843750000000e+04
7.261823242187500000e+03
3.589137187500000000e+05
4.322717578125000000e+04
8.687341796875000000e+03
3.156536560058593750e+02
1.080527968750000000e+05
1.082337968750000000e+05
5.939550292968750000e+03
1.988941600000000000e+07
1.657261250000000000e+05
2.165087200000000000e+07
2.446121875000000000e+04
8.007303125000000000e+05
4.000858203125000000e+04
9.450211250000000000e+05
2.488383488000000000e+09
4.039053250000000000e+06
5.313608984375000000e+04
2.742727600000000000e+07
3.178488750000000000e+05
1.220532300000000000e+07
3.967050390625000000e+04
4.301788671875000000e+04
4.359535217285156250e+02
5.784132421875000000e+04
3.579859600000000000e+07
2.812791015625000000e+03
1.648764375000000000e+05
4.201313476562500000e+03
8.091010937500000000e+04
2.511219200000000000e+07
5.577503125000000000e+05
4.463444921875000000e+04
1.566796750000000000e+06
2.380113500000000000e+06
2.816630937500000000e+05
3.701219500000000000e+06
1.092255126953125000e+03
5.949224609375000000e+04
7.315163000000000000e+06
6.218663281250000000e+04
3.218818945312500000e+04
1.159635925292968750e+02
4.680010156250000000e+04
9.138163200000000000e+07
3.619792400000000000e+07
1.517440185546875000e+03
1.663871900000000000e+07
2.192753601074218750e+02
8.441234375000000000e+03
2.346234250000000000e+06
9.472607421875000000e+02
4.339745312500000000e+05
4.453976440429687500e+02
4.137096000000000000e+07
2.455605224609375000e+03
9.900037231445312500e+02
1.257302490234375000e+03
4.104918457031250000e+03
1.167016479492187500e+03
5.974494000000000000e+06
1.145274800000000000e+07
1.236697558593750000e+04
1.055344875000000000e+06
6.597963281250000000e+04
4.805878125000000000e+04
1.196618240000000000e+09
2.218465625000000000e+05
7.173881250000000000e+05
9.855109375000000000e+04
7.985712000000000000e+06
2.371086914062500000e+03
2.082135781250000000e+05
1.131505249023437500e+03
7.138040625000000000e+04
1.226107177734375000e+03
1.454275665283203125e+02
8.436425000000000000e+04
4.336147155761718750e+02
3.349048046875000000e+04
1.168725292968750000e+04
2.189017333984375000e+03
8.128679687500000000e+03
5.943646500000000000e+06
1.133805300000000000e+07
4.567364453125000000e+04
1.070949375000000000e+06
2.819208007812500000e+04
7.190246875000000000e+04
1.221507200000000000e+09
7.637031250000000000e+04
1.866484687500000000e+05
9.711854687500000000e+04
1.588111875000000000e+06
1.808408984375000000e+04
3.004577343750000000e+04
9.792890625000000000e+03
4.324714355468750000e+03
6.275751953125000000e+02
3.187406250000000000e+04
5.209770560000000000e+08
1.654441400000000000e+07
1.372464600000000000e+07
1.411944433593750000e+04
2.072436800000000000e+07
1.988941600000000000e+07
1.810515468750000000e+05
1.071675875000000000e+06
6.046117578125000000e+04
3.306858203125000000e+04
7.200489472000000000e+10
7.200489472000000000e+10
2.305383750000000000e+05
3.328866048000000000e+09
3.976292578125000000e+04
8.396236328125000000e+03
3.798473728000000000e+09
5.857525000000000000e+04
3.352946875000000000e+04
3.877721093750000000e+04
7.200489472000000000e+10
1.158282750000000000e+06
1.356673125000000000e+05
2.767228710937500000e+04
1.083259140625000000e+05
8.123625625000000000e+05
5.579256640625000000e+04
1.237794311523437500e+03
9.283763170242309570e-01
1.027358906250000000e+05
3.387483119964599609e+00
7.897394531250000000e+04
5.310198974609375000e+01
8.457724761962890625e+01
5.519661875000000000e+05
9.157218750000000000e+03
2.616173828125000000e+04
3.453171093750000000e+04
6.603049218750000000e+04
1.630454785156250000e+04
4.218811035156250000e+03
3.016511962890625000e+03
2.595822753906250000e+02
3.001284179687500000e+04
2.256749843750000000e+05
1.076406000000000000e+06
3.284978750000000000e+05
1.198222812500000000e+05
1.485314375000000000e+06
3.555700683593750000e+02
1.273714965820312500e+03
4.202864746093750000e+03
2.256749843750000000e+05
1.076406000000000000e+06
5.209849000000000000e+06
1.485314375000000000e+06
1.273714965820312500e+03
4.202864746093750000e+03
6.156320312500000000e+04
5.209849000000000000e+06
6.156320312500000000e+04
6.399549609375000000e+04
3.525194580078125000e+03
3.781296875000000000e+04
2.165410560000000000e+08
1.681530800000000000e+07
1.814975781250000000e+05
5.303119360000000000e+08
1.555152900000000000e+07
1.146209921875000000e+05
7.200489472000000000e+10
2.161993440000000000e+08
1.659887400000000000e+07
5.312442880000000000e+08
7.200489472000000000e+10
1.689316800000000000e+07
7.486292266845703125e+01
1.673972320556640625e+02
2.054633483886718750e+02
9.521056250000000000e+04
1.689243750000000000e+05
2.045602539062500000e+04
1.097101171875000000e+05
9.130531250000000000e+04
3.941174926757812500e+02
5.753408050537109375e+01
5.118076953125000000e+04
3.941174926757812500e+02
3.660666015625000000e+04
1.088922241210937500e+03
2.031881054687500000e+04
2.895036328125000000e+04
2.347220312500000000e+04
7.131132500000000000e+05
5.718491699218750000e+03
1.372120507812500000e+04
8.866564843750000000e+04
2.803115234375000000e+03
1.715999531250000000e+05
5.972110546875000000e+04
3.238031445312500000e+04
3.625463281250000000e+04
6.682393188476562500e+02
1.133215100000000000e+07
5.875342500000000000e+06
1.097304218750000000e+05
2.846719665527343750e+02
3.359880065917968750e+02
2.378806457519531250e+02
1.052310750000000000e+06
1.198222812500000000e+05
1.847753750000000000e+05
8.346154174804687500e+02
7.990435180664062500e+02
6.682393188476562500e+02
1.200280192000000000e+09
1.133215100000000000e+07
5.875342500000000000e+06
3.964612121582031250e+02
2.846719665527343750e+02
3.359880065917968750e+02
1.052310750000000000e+06
8.690194702148437500e+02
8.346154174804687500e+02
7.990435180664062500e+02
1.200280192000000000e+09
3.964612121582031250e+02
8.690194702148437500e+02
2.471234741210937500e+02
1.643000585937500000e+04
1.238090125000000000e+06
4.699000000000000000e+04
1.205757714843750000e+04
3.636664687500000000e+05
1.177350937500000000e+05
7.903264843750000000e+04
2.290842819213867188e+01
7.416265625000000000e+05
1.397471406250000000e+05
2.085868500000000000e+06
2.913116796875000000e+04
1.988941600000000000e+07
2.072436800000000000e+07
3.776412000000000000e+06
1.071675875000000000e+06
1.890565937500000000e+05
1.198222812500000000e+05
1.092667922973632812e+02
6.464946746826171875e+01
9.114259338378906250e+01
2.971066665649414062e+01
1.276883800000000000e+07
1.949264320000000000e+08
7.416265625000000000e+05
1.775491600000000000e+07
1.397471406250000000e+05
2.085868500000000000e+06
3.798473728000000000e+09
1.988941600000000000e+07
2.072436800000000000e+07
1.071675875000000000e+06
1.024026000976562500e+03
7.604517211914062500e+02
1.092667922973632812e+02
2.407039794921875000e+02
6.464946746826171875e+01
9.114259338378906250e+01
2.237731328000000000e+09
1.276883800000000000e+07
1.949264320000000000e+08
1.775491600000000000e+07
3.798473728000000000e+09
8.536310546875000000e+03
1.024026000976562500e+03
7.604517211914062500e+02
2.407039794921875000e+02
2.237731328000000000e+09
8.536310546875000000e+03
9.666538085937500000e+03
5.149671875000000000e+04
1.744082641601562500e+03
4.238051562500000000e+04
2.610615722656250000e+03
1.500556100000000000e+07
2.619764257812500000e+04
5.372314453125000000e+04
5.038661250000000000e+05
1.437688500000000000e+06
4.744308984375000000e+04
3.093942773437500000e+04
6.739457812500000000e+04
1.988941600000000000e+07
2.183542343750000000e+05
2.000759600000000000e+07
1.861515820312500000e+04
7.444226875000000000e+05
2.886842187500000000e+04
1.077042187500000000e+04
2.003901056000000000e+09
3.200238867187500000e+04
1.519447167968750000e+04
3.445558593750000000e+04
1.746467773437500000e+04
1.007286015625000000e+05
1.438372680664062500e+03
2.415661132812500000e+03
6.362016000000000000e+07
1.167313200000000000e+07
4.319246826171875000e+02
2.874576000000000000e+06
1.158548706054687500e+03
1.149684179687500000e+04
5.913691136000000000e+09
4.131265234375000000e+04
5.148773046875000000e+04
6.878372558593750000e+03
5.866825625000000000e+05
6.098649000000000000e+06
1.256817968750000000e+04
3.197188476562500000e+04
5.111699829101562500e+02
4.990012359619140625e+01
4.107938476562500000e+03
3.818489074707031250e+02
1.907565039062500000e+04
3.785605468750000000e+04
1.662302856445312500e+02
1.347315900000000000e+07
1.248446796875000000e+05
8.785491406250000000e+04
1.244481700000000000e+07
7.438647656250000000e+04
1.097304218750000000e+05
3.302486718750000000e+04
1.158992797851562500e+03
1.211533569335937500e+03
5.855033569335937500e+02
3.883768640000000000e+08
1.500556100000000000e+07
4.849112792968750000e+03
4.659989120000000000e+08
2.797972460937500000e+04
1.899404687500000000e+04
7.200489472000000000e+10
8.545658125000000000e+05
1.961332812500000000e+05
4.085460937500000000e+05
2.837470800000000000e+07
2.470273600000000000e+07
1.103601700000000000e+07
6.484688671875000000e+04
1.092837200000000000e+07
6.604975000000000000e+05
7.288455468750000000e+04
5.045336064000000000e+09
2.828787200000000000e+07
6.681570500000000000e+06
7.928427000000000000e+06
4.357480448000000000e+09
9.029053125000000000e+04
1.832514375000000000e+05
4.641818359375000000e+04
1.511246700000000000e+07
8.502086639404296875e+01
1.074201812744140625e+02
1.435341796875000000e+02
1.423756250000000000e+04
7.902561035156250000e+02
2.843200937500000000e+05
6.597104000000000000e+07
7.136860500000000000e+06
2.279180400000000000e+07
1.300758593750000000e+05
5.302036800000000000e+08
7.442760620117187500e+02
6.680668750000000000e+04
1.340446875000000000e+04
6.597104000000000000e+07
7.136860500000000000e+06
4.402811904000000000e+09
5.302036800000000000e+08
6.680668750000000000e+04
1.340446875000000000e+04
2.240082400000000000e+07
4.402811904000000000e+09
2.240082400000000000e+07
4.104094140625000000e+04
2.755175781250000000e+04
2.307527539062500000e+04
5.250152500000000000e+05
2.144989500000000000e+06
5.630595500000000000e+06
1.556178027343750000e+04
2.950196750000000000e+06
4.910862109375000000e+04
3.998138281250000000e+04
9.288027343750000000e+04
6.978820000000000000e+05
1.032349920000000000e+08
5.943646500000000000e+06
1.097304218750000000e+05
1.715130800000000000e+07
2.226507343750000000e+05
1.016034472656250000e+04
6.260826400000000000e+07
8.865253000000000000e+06
1.890565937500000000e+05
2.669202944000000000e+09
2.111850400000000000e+08
6.978820000000000000e+05
2.374089318400000000e+10
1.032349920000000000e+08
5.943646500000000000e+06
5.492590080000000000e+08
1.715130800000000000e+07
2.226507343750000000e+05
6.260826400000000000e+07
7.200489472000000000e+10
2.669202944000000000e+09
2.111850400000000000e+08
2.374089318400000000e+10
5.492590080000000000e+08
7.200489472000000000e+10
1.971696320000000000e+08
1.376310200000000000e+07
5.548440429687500000e+03
2.072436800000000000e+07
1.927080312500000000e+05
5.759175390625000000e+04
7.200489472000000000e+10
9.880481875000000000e+05
1.812229218750000000e+05
5.961266875000000000e+05
3.500282400000000000e+07
7.260141440000000000e+08
1.174600937500000000e+05
8.525832031250000000e+04
8.367450781250000000e+04
2.198155000000000000e+06
9.012293090820312500e+02
5.247328000000000000e+08
7.063610240000000000e+08
1.097200703125000000e+05
6.760992187500000000e+04
3.907120960000000000e+08
5.142667968750000000e+03
4.110583496093750000e+02
7.183943481445312500e+02
3.102308593750000000e+03
3.692630004882812500e+02
4.857857910156250000e+03
8.884774780273437500e+02
1.065877929687500000e+03
3.680900781250000000e+04
6.930871875000000000e+04
7.373411132812500000e+03
7.927604980468750000e+03
1.384727500000000000e+05
7.938185937500000000e+04
2.000967578125000000e+04
2.202605438232421875e+01
5.345024218750000000e+04
7.232259375000000000e+04
1.098614218750000000e+05
9.387504882812500000e+02
8.957082366943359375e+01
6.138111328125000000e+04
5.847822875976562500e+02
9.869028320312500000e+03
1.075096923828125000e+03
5.681551171875000000e+04
1.281070750000000000e+06
1.640233200000000000e+07
2.544180297851562500e+01
5.669605468750000000e+03
1.007126562500000000e+05
2.562220703125000000e+04
5.348057812500000000e+04
3.188987812500000000e+05
3.526943359375000000e+02
9.765731445312500000e+03
1.593086718750000000e+05
7.746925781250000000e+04
1.903817187500000000e+04
7.665816250000000000e+05
1.122502148437500000e+04
9.348569375000000000e+05
1.556147187500000000e+05
4.822510500000000000e+06
9.346705078125000000e+03
2.652730078125000000e+04
5.166682421875000000e+04
3.648433750000000000e+05
8.158319824218750000e+03
2.891714687500000000e+05
2.149999511718750000e+03
1.996997968750000000e+05
1.324356542968750000e+04
2.502585937500000000e+05
5.417926875000000000e+05
8.202431250000000000e+04
7.446336250000000000e+05
9.601191250000000000e+05
1.980367187500000000e+05
3.862057187500000000e+05
1.626455566406250000e+04
2.986873125000000000e+05
3.841347500000000000e+05
5.655274375000000000e+05
2.375314062500000000e+05
2.186531250000000000e+04
3.211298500000000000e+06
1.422937500000000000e+05
2.072436800000000000e+07
1.125931152343750000e+04
3.206955750000000000e+06
4.333449218750000000e+04
3.953472265625000000e+04
3.761493440000000000e+08
8.337173437500000000e+04
1.506777031250000000e+05
2.856441875000000000e+05
2.049168640000000000e+08
1.386755500000000000e+07
2.207850781250000000e+04
2.139810000000000000e+07
1.397559375000000000e+05
4.701766015625000000e+04
7.200489472000000000e+10
3.932622500000000000e+06
1.051035875000000000e+06
4.301125000000000000e+06
3.487881280000000000e+08
7.741999511718750000e+02
4.368537500000000000e+04
4.444776000000000000e+07
7.242512500000000000e+06
3.606280078125000000e+04
5.218347265625000000e+04
3.481036160000000000e+08
2.137139282226562500e+02
8.969996875000000000e+04
1.212945898437500000e+04
2.405992343750000000e+05
3.433133437500000000e+05
1.596205440000000000e+09
1.483369687500000000e+05
4.396578125000000000e+03
1.496509521484375000e+03
2.452817600000000000e+07
7.932195000000000000e+05
9.975522656250000000e+04
5.860485500000000000e+06
5.367285625000000000e+05
2.783773750000000000e+05
5.860485500000000000e+06
1.207548800000000000e+07
6.262436718750000000e+04
3.089976367187500000e+04
3.935361250000000000e+05
6.048853515625000000e+03
2.585605957031250000e+03
4.146854687500000000e+05
1.356471313476562500e+03
2.480961914062500000e+04
3.200407187500000000e+05
4.815191406250000000e+04
9.983706250000000000e+04
2.602885131835937500e+02
6.569557031250000000e+04
6.022969238281250000e+03
2.588792500000000000e+05
4.605117675781250000e+03
2.650995117187500000e+04
1.321494140625000000e+02
1.073467578125000000e+05
7.093915625000000000e+04
6.207280273437500000e+02
1.516646562500000000e+05
2.230934960937500000e+04
2.299877343750000000e+04
7.984882812500000000e+02
1.299150703125000000e+05
6.473342285156250000e+03
3.981419531250000000e+04
1.136211816406250000e+04
3.459529687500000000e+04
4.405741406250000000e+04
6.727741875000000000e+05
8.163085000000000000e+05
1.631093261718750000e+03
5.303604687500000000e+04
1.338371093750000000e+05
6.197597265625000000e+04
7.122746582031250000e+03
1.714028625000000000e+06
1.161332812500000000e+04
2.217714687500000000e+05
5.490451250000000000e+05
4.221435937500000000e+04
1.128247968750000000e+05
1.790110000000000000e+07
1.855648632812500000e+04
4.096406738281250000e+03
8.740340000000000000e+05
1.349820312500000000e+05
3.515371484375000000e+04
8.221053906250000000e+04
1.574057800000000000e+07
8.417375625000000000e+05
1.768723281250000000e+05
2.188800250000000000e+06
5.089845000000000000e+05
1.185888203125000000e+05
2.615762109375000000e+04
4.835283125000000000e+05
8.675261718750000000e+03
4.405741406250000000e+04
3.230201416015625000e+03
3.328871826171875000e+03
1.046022583007812500e+03
2.219161718750000000e+04
4.757583236694335938e+01
2.993522851562500000e+04
2.822818437500000000e+05
7.183803906250000000e+04
7.180081787109375000e+02
2.475153125000000000e+04
8.556798125000000000e+05
1.107621704101562500e+03
7.490851562500000000e+04
1.851189687500000000e+05
5.531514648437500000e+03
3.840647265625000000e+04
1.387035312500000000e+05
1.160122851562500000e+04
4.819986816406250000e+03
5.629160800000000000e+07
1.133215100000000000e+07
2.175720703125000000e+04
2.340662500000000000e+06
1.578091992187500000e+04
5.551169140625000000e+04
4.874732544000000000e+09
5.237220937500000000e+05
5.906493750000000000e+05
4.455831640625000000e+04
3.507367000000000000e+06
2.997511360000000000e+08
6.358491406250000000e+04
2.880965625000000000e+05
1.056596625000000000e+06
4.197053125000000000e+05
1.872853906250000000e+04
3.609149609375000000e+04
8.549610240000000000e+08
9.359752000000000000e+06
1.631748125000000000e+05
2.617123600000000000e+07
2.883282500000000000e+05
3.981969921875000000e+04
5.299514572800000000e+10
2.368985750000000000e+06
1.081423750000000000e+05
1.856640468750000000e+05
3.823836500000000000e+06
2.372360800000000000e+07
1.560772000000000000e+07
1.903316250000000000e+05
1.909378800000000000e+07
2.138698250000000000e+06
1.404823593750000000e+05
2.807065600000000000e+09
2.372360800000000000e+07
1.560772000000000000e+07
1.909378800000000000e+07
2.807065600000000000e+09
6.733097656250000000e+04
1.319280859375000000e+04
2.587206054687500000e+03
9.992089233398437500e+02
1.029573593750000000e+05
3.004577343750000000e+04
6.727741875000000000e+05
8.213468125000000000e+05
2.870567578125000000e+04
8.858206250000000000e+04
1.827385156250000000e+05
9.983706250000000000e+04
9.064154296875000000e+03
1.716353125000000000e+06
1.731516210937500000e+04
1.693662031250000000e+05
5.090927812500000000e+05
6.031592578125000000e+04
1.066185937500000000e+05
1.795992000000000000e+07
4.228212890625000000e+04
8.083103515625000000e+03
5.477506875000000000e+05
2.024123281250000000e+05
3.580163671875000000e+04
3.451853515625000000e+04
2.136592500000000000e+06
7.151039375000000000e+05
1.191456484375000000e+05
2.627600000000000000e+05
4.455660312500000000e+05
1.071675875000000000e+06
1.816063867187500000e+04
4.299295500000000000e+06
6.934160156250000000e+03
3.573716406250000000e+04
2.988267600000000000e+07
2.737122314453125000e+03
2.403708398437500000e+04
7.201198437500000000e+04
2.017847265625000000e+04
6.254603271484375000e+02
1.778274062500000000e+05
9.018449783325195312e+00
2.904659667968750000e+03
1.146309667968750000e+04
6.750136800000000000e+07
1.500556100000000000e+07
7.898064843750000000e+04
1.086883700000000000e+07
5.452376171875000000e+04
5.816686718750000000e+04
5.556426240000000000e+09
1.640675312500000000e+05
3.051479375000000000e+05
6.264419921875000000e+04
2.408797656250000000e+05
1.604482880000000000e+08
1.639823400000000000e+07
1.299730700000000000e+07
1.662621093750000000e+04
4.680477120000000000e+08
6.823390400000000000e+07
1.309325156250000000e+05
1.041177312500000000e+06
4.696186718750000000e+04
6.372156250000000000e+04
7.200489472000000000e+10
2.125641113600000000e+10
2.554848500000000000e+06
3.417891072000000000e+09
5.087613125000000000e+05
3.213778750000000000e+05
8.412233728000000000e+09
6.990416500000000000e+06
1.827787250000000000e+06
9.637285937500000000e+04
7.200489472000000000e+10
9.657936000000000000e+07
7.232619200000000000e+07
1.323678100000000000e+07
2.375870000000000000e+07
2.798576128000000000e+09
5.432310546875000000e+04
7.339184570312500000e+03
4.686480937500000000e+05
1.261699125000000000e+06
5.038198437500000000e+04
4.003370000000000000e+05
2.528298000000000000e+06
4.226132812500000000e+04
2.202429101562500000e+04
2.144989500000000000e+06
7.339184570312500000e+03
4.686480937500000000e+05
1.261699125000000000e+06
3.036327539062500000e+04
1.097241562500000000e+05
3.729882000000000000e+06
4.226132812500000000e+04
2.202429101562500000e+04
2.144989500000000000e+06
2.202305937500000000e+05
3.036327539062500000e+04
1.097241562500000000e+05
3.729882000000000000e+06
6.780703125000000000e+05
2.202305937500000000e+05
6.780703125000000000e+05
1.148258046875000000e+05
9.717618750000000000e+05
4.618733398437500000e+03
9.860317968750000000e+04
1.121559375000000000e+04
1.268413281250000000e+04
1.790657812500000000e+04
1.195447235107421875e+02
2.954691250000000000e+05
1.668016562500000000e+05
5.220348000000000000e+06
7.903453826904296875e+01
1.842924843750000000e+05
5.088113125000000000e+05
5.570988281250000000e+04
1.157611718750000000e+05
1.357452875000000000e+06
5.247108764648437500e+02
1.659698437500000000e+05
4.322985546875000000e+04
1.276636250000000000e+06
6.641323242187500000e+03
3.817695703125000000e+04
9.976091918945312500e+02
6.326508750000000000e+05
1.070815625000000000e+06
6.465275625000000000e+05
3.649608593750000000e+04
7.849489062500000000e+04
2.667797812500000000e+05
1.411483375000000000e+06
1.422822265625000000e+04
2.276183789062500000e+04
3.404714843750000000e+03
2.019385937500000000e+05
1.871178375000000000e+06
1.699276093750000000e+05
3.741692187500000000e+05
4.569512500000000000e+04
2.884555468750000000e+04
1.031850875000000000e+06
7.047051250000000000e+05
3.706355000000000000e+05
1.176744765625000000e+05
2.493477343750000000e+04
2.223720937500000000e+05
3.853220312500000000e+05
5.956470000000000000e+05
5.645848046875000000e+04
6.161145019531250000e+02
2.199629211425781250e+01
6.450985546875000000e+04
3.088684463500976562e+01
4.168928515625000000e+04
5.148533325195312500e+02
3.961719360351562500e+02
1.468973625000000000e+06
7.837715625000000000e+04
4.579856640625000000e+04
7.071450000000000000e+04
9.844041015625000000e+03
3.252753601074218750e+02
2.568770996093750000e+03
2.722117187500000000e+03
9.946288085937500000e+03
1.097304218750000000e+05
2.019422851562500000e+03
6.812401600000000000e+07
1.238982200000000000e+07
1.097304218750000000e+05
4.380786000000000000e+06
1.731349625000000000e+06
1.333377031250000000e+05
7.770272256000000000e+09
6.812401600000000000e+07
1.238982200000000000e+07
4.380786000000000000e+06
7.770272256000000000e+09
9.095461250000000000e+05
2.985087500000000000e+05
8.108276875000000000e+05
3.774823750000000000e+05
7.239571250000000000e+05
9.982560000000000000e+06
2.391908480000000000e+08
1.133215100000000000e+07
2.357214648437500000e+04
2.805724400000000000e+07
4.705378000000000000e+06
7.038678710937500000e+03
2.072436800000000000e+07
5.123756640625000000e+04
3.697620312500000000e+04
4.059413708800000000e+10
6.027944320000000000e+08
5.375337890625000000e+03
7.200489472000000000e+10
3.786895937500000000e+05
9.629696875000000000e+04
4.054018048000000000e+09
6.952612500000000000e+04
7.067976562500000000e+04
3.634623828125000000e+04
7.200489472000000000e+10
7.175954375000000000e+05
1.122861914062500000e+04
6.697232500000000000e+05
2.418869062500000000e+05
5.695348125000000000e+05
4.568353125000000000e+04
5.318745727539062500e+02
3.649510803222656250e+02
2.434954223632812500e+02
6.230640869140625000e+02
5.462132568359375000e+02
2.933700561523437500e+01
1.174108047485351562e+02
2.089344800000000000e+07
1.875967656250000000e+05
2.614512695312500000e+04
2.527154843750000000e+05
3.839636718750000000e+04
5.676671484375000000e+04
4.342045703125000000e+04
8.357277832031250000e+02
6.727741875000000000e+05
2.669523632812500000e+04
5.031652832031250000e+02
9.702761718750000000e+04
2.858026171875000000e+04
2.697771240234375000e+03
2.313950156250000000e+05
2.560254101562500000e+04
3.674979687500000000e+04
1.468759667968750000e+04
2.227719843750000000e+05
6.515206640625000000e+04
1.020791953125000000e+05
8.786203125000000000e+03
7.597910937500000000e+04
4.282447656250000000e+04
8.072605468750000000e+04
2.769258984375000000e+04
3.941174926757812500e+02
8.310508125000000000e+05
1.097304218750000000e+05
3.938259582519531250e+02
1.937087343750000000e+05
1.285449687500000000e+05
9.227316284179687500e+01
2.825107812500000000e+05
7.015668750000000000e+04
7.851121093750000000e+04
3.027086181640625000e+03
2.012674062500000000e+05
4.525751953125000000e+04
1.124369726562500000e+04
5.333625488281250000e+02
4.332392500000000000e+05
1.177564218750000000e+05
1.170006738281250000e+04
1.588173632812500000e+04
1.579104309082031250e+02
4.704519921875000000e+04
1.071604614257812500e+03
2.974018945312500000e+04
5.149671875000000000e+04
3.263704528808593750e+02
6.207054500000000000e+06
1.559500312500000000e+05
5.755496875000000000e+04
2.225589600000000000e+07
1.504316040039062500e+03
4.219116699218750000e+03
8.856400625000000000e+05
1.206435000000000000e+05
5.865499114990234375e+01
6.564578906250000000e+04
1.681994476318359375e+02
1.297927246093750000e+02
2.391908480000000000e+08
1.137332812500000000e+04
1.704133593750000000e+05
2.314717250000000000e+06
1.772809750000000000e+06
9.334009000000000000e+06
1.586043200000000000e+07
1.341500468750000000e+05
3.044906562500000000e+05
3.125719750000000000e+06
1.341501875000000000e+05
1.012496312500000000e+06
1.890565937500000000e+05
1.237935312500000000e+05
2.602315200000000000e+07
1.702015040000000000e+08
1.772809750000000000e+06
2.663283200000000000e+09
9.334009000000000000e+06
1.586043200000000000e+07
7.354039500000000000e+06
3.044906562500000000e+05
3.125719750000000000e+06
1.012496312500000000e+06
3.825619200000000000e+07
2.602315200000000000e+07
1.702015040000000000e+08
2.663283200000000000e+09
7.354039500000000000e+06
3.825619200000000000e+07
1.213235546875000000e+05
8.522467651367187500e+02
6.727741875000000000e+05
3.989857421875000000e+04
5.753408050537109375e+01
4.003370000000000000e+05
1.285449687500000000e+05
8.522467651367187500e+02
6.727741875000000000e+05
1.332083125000000000e+05
9.489192968750000000e+04
1.054884472656250000e+04
1.400520312500000000e+04
1.285449687500000000e+05
9.489192968750000000e+04
1.054884472656250000e+04
1.400520312500000000e+04
3.789398046875000000e+04
3.789398046875000000e+04
1.641783875000000000e+06
1.026710250000000000e+06
1.127789453125000000e+04
1.776985500000000000e+06
3.966630468750000000e+04
7.136379687500000000e+04
3.444563200000000000e+07
1.130690859375000000e+05
3.461628125000000000e+04
2.490913906250000000e+05
1.019423937500000000e+06
1.503055000000000000e+06
9.334009000000000000e+06
1.226473046875000000e+05
7.516765000000000000e+05
2.283385156250000000e+04
1.695323437500000000e+05
4.306835840000000000e+08
1.355838250000000000e+06
9.234419000000000000e+06
7.251387500000000000e+05
4.204773120000000000e+08
1.681178125000000000e+04
1.093800600000000000e+07
5.854696000000000000e+07
1.133215100000000000e+07
1.097304218750000000e+05
5.117913000000000000e+06
8.896183000000000000e+06
5.884313750000000000e+05
5.102284000000000000e+06
2.099900000000000000e+06
1.198222812500000000e+05
1.443775078400000000e+10
5.494412800000000000e+08
1.093800600000000000e+07
6.384925184000000000e+09
5.854696000000000000e+07
1.133215100000000000e+07
1.150041472000000000e+09
5.117913000000000000e+06
8.896183000000000000e+06
5.102284000000000000e+06
7.200489472000000000e+10
1.443775078400000000e+10
5.494412800000000000e+08
6.384925184000000000e+09
1.150041472000000000e+09
7.200489472000000000e+10
2.354526406250000000e+05
4.575570312500000000e+05
7.049954000000000000e+06
4.383653906250000000e+04
5.115066406250000000e+04
1.684058250000000000e+06
8.281903320312500000e+03
3.195859375000000000e+05
2.838587500000000000e+04
1.123915234375000000e+04
4.557095947265625000e+02
1.248198623657226562e+02
9.628691406250000000e+02
1.058211640625000000e+05
5.716514587402343750e+01
7.946730468750000000e+04
7.315163000000000000e+06
5.713925781250000000e+04
9.628691406250000000e+02
1.214317812500000000e+05
1.716057200000000000e+07
1.243996826171875000e+03
1.549710781250000000e+05
2.313728500000000000e+06
3.317051269531250000e+03
5.715528515625000000e+04
1.251286250000000000e+06
8.986216796875000000e+03
8.323248046875000000e+03
2.136115722656250000e+03
1.435226269531250000e+04
6.197597265625000000e+04
4.805484375000000000e+03
4.713563125000000000e+05
3.348569140625000000e+04
4.439043359375000000e+04
2.167202656250000000e+05
1.211789932250976562e+02
7.033770312500000000e+04
8.664899375000000000e+05
1.127884063720703125e+02
2.346613159179687500e+02
4.017356250000000000e+05
1.906480255126953125e+02
2.630964660644531250e+02
1.136558000000000000e+06
2.633976135253906250e+02
3.737660522460937500e+02
4.305400390625000000e+04
5.702896400000000000e+07
1.005183105468750000e+04
3.654697656250000000e+04
1.933081625000000000e+06
3.789064636230468750e+02
1.477004700000000000e+07
6.463461718750000000e+04
4.712326354980468750e+02
5.606814956665039062e+01
7.296175000000000000e+04
7.496494140625000000e+03
1.685039062500000000e+02
6.022431875000000000e+05
2.079616546630859375e+02
1.916473144531250000e+03
2.751499414062500000e+04
3.136495600000000000e+07
1.646021600000000000e+07
1.025764200000000000e+07
1.876794375000000000e+05
2.076617250000000000e+06
1.514843625000000000e+06
5.367285625000000000e+05
9.511295625000000000e+05
1.198222812500000000e+05
1.348241875000000000e+05
4.159079168000000000e+09
4.603057664000000000e+09
3.136495600000000000e+07
2.695895808000000000e+09
1.646021600000000000e+07
1.025764200000000000e+07
1.432756640000000000e+08
2.076617250000000000e+06
1.514843625000000000e+06
9.511295625000000000e+05
7.200489472000000000e+10
4.159079168000000000e+09
4.603057664000000000e+09
2.695895808000000000e+09
1.432756640000000000e+08
7.200489472000000000e+10
2.348172400000000000e+07
1.369588000000000000e+07
1.422947031250000000e+05
9.604296250000000000e+05
2.525769375000000000e+05
1.673807343750000000e+05
4.692025600000000000e+08
2.257087200000000000e+07
1.235228000000000000e+07
8.433879375000000000e+05
4.315115840000000000e+08
1.759785500000000000e+06
7.260141440000000000e+08
1.500556100000000000e+07
1.056517421875000000e+05
3.364584250000000000e+06
3.663367000000000000e+06
1.482187207031250000e+04
2.072436800000000000e+07
1.235889843750000000e+05
5.034005468750000000e+04
4.901285376000000000e+09
7.637113600000000000e+07
1.986711523437500000e+04
7.200489472000000000e+10
2.645613500000000000e+06
4.126088750000000000e+05
1.600002720000000000e+08
1.118765546875000000e+05
1.860355625000000000e+05
3.418278437500000000e+05
7.200489472000000000e+10
1.466886500000000000e+07
1.957171718750000000e+05
2.889998800000000000e+07
1.015468000000000000e+06
8.198398400000000000e+07
9.496490000000000000e+06
3.744923000000000000e+06
4.257719921875000000e+04
9.465459000000000000e+06
1.981390820312500000e+04
4.683520400000000000e+07
9.334009000000000000e+06
2.550165234375000000e+04
2.321789600000000000e+07
1.003875292968750000e+04
1.660407226562500000e+04
6.413743104000000000e+09
8.330918750000000000e+04
4.816707031250000000e+04
6.288964355468750000e+03
1.451310449218750000e+04
4.032045625000000000e+05
3.474133250000000000e+06
2.395277929687500000e+04
4.799685156250000000e+04
1.205933000000000000e+07
7.694332031250000000e+04
4.476957187500000000e+05
6.628113750000000000e+05
6.971063281250000000e+04
7.049894531250000000e+04
1.217820234375000000e+05
8.158296960000000000e+08
1.500556100000000000e+07
5.071362304687500000e+03
3.240648000000000000e+07
1.596070468750000000e+05
2.565235351562500000e+04
7.200489472000000000e+10
3.813518400000000000e+07
1.626762500000000000e+06
4.344054500000000000e+06
4.844180800000000000e+08
9.909368164062500000e+03
3.603155078125000000e+04
9.946746875000000000e+04
3.045122851562500000e+04
6.402001953125000000e+02
1.433657500000000000e+05
1.314291625976562500e+03
9.392575781250000000e+04
1.007260925292968750e+03
5.631414453125000000e+04
1.169549316406250000e+04
2.102265930175781250e+02
5.337210156250000000e+04
5.903128906250000000e+04
1.484389843750000000e+04
2.026673046875000000e+04
1.892293359375000000e+04
1.943866210937500000e+03
6.831525390625000000e+03
5.175988159179687500e+02
9.130531250000000000e+04
8.540168762207031250e+01
9.396269531250000000e+02
7.315163000000000000e+06
7.804005737304687500e+02
5.175988159179687500e+02
4.697867202758789062e+01
4.573910000000000000e+07
1.776018066406250000e+02
2.910087187500000000e+05
6.007901855468750000e+03
3.846175003051757812e+01
1.369476953125000000e+04
5.136246337890625000e+02
9.661783447265625000e+02
7.872882080078125000e+01
9.604296250000000000e+05
7.423645312500000000e+04
4.444978906250000000e+04
4.329008984375000000e+04
4.787437890625000000e+04
2.219371250000000000e+05
1.071675875000000000e+06
4.770342187500000000e+04
5.154825000000000000e+05
1.141267578125000000e+04
2.419534570312500000e+04
1.064585500000000000e+07
2.120583984375000000e+04
5.285790234375000000e+04
7.202071093750000000e+04
1.420675781250000000e+05
5.310294723510742188e+01
4.382246093750000000e+03
2.202448593750000000e+05
5.681925000000000000e+04
2.541720123291015625e+02
8.206530468750000000e+04
3.670087109375000000e+04
4.033609619140625000e+03
2.007184375000000000e+05
4.642917480468750000e+03
1.032461484375000000e+05
6.275838750000000000e+05
1.097304218750000000e+05
3.732458593750000000e+04
6.275838750000000000e+05
1.141085742187500000e+04
1.071675875000000000e+06
3.629801953125000000e+04
5.122046484375000000e+04
1.202327514648437500e+03
4.888441796875000000e+04
2.930188125000000000e+05
1.051820434570312500e+03
3.835113281250000000e+04
1.062386596679687500e+03
1.939519775390625000e+03
1.105744125000000000e+06
3.925894531250000000e+04
6.445205566406250000e+03
1.518535839843750000e+04
8.210121500000000000e+06
2.391908480000000000e+08
1.159208200000000000e+07
6.950124511718750000e+03
1.688089600000000000e+07
7.283267000000000000e+06
5.001636718750000000e+04
2.084758800000000000e+07
1.516507812500000000e+05
4.034415234375000000e+04
7.200489472000000000e+10
5.593726080000000000e+08
1.780332500000000000e+05
7.200489472000000000e+10
2.161425250000000000e+06
4.287414687500000000e+05
2.528456960000000000e+09
1.481377625000000000e+06
1.635826125000000000e+06
5.135012500000000000e+05
7.200489472000000000e+10
2.997728640000000000e+08
1.895219687500000000e+05
4.500310400000000000e+07
2.427068400000000000e+07
1.775693056000000000e+09
1.808264320000000000e+08
3.424464843750000000e+04
1.259130546875000000e+05
2.291373125000000000e+05
2.214090468750000000e+05
1.572559863281250000e+04
5.417380859375000000e+03
3.744598828125000000e+04
8.310508125000000000e+05
2.010374062500000000e+05
9.827292500000000000e+05
1.383164000000000000e+06
2.459584570312500000e+04
5.151891796875000000e+04
3.081194750000000000e+06
7.965683593750000000e+04
1.416572875976562500e+03
4.239102050781250000e+03
1.209764892578125000e+03
1.991260546875000000e+04
6.197597265625000000e+04
5.317902832031250000e+03
1.313139843750000000e+04
8.310508125000000000e+05
1.699470507812500000e+04
1.472123437500000000e+05
1.867120117187500000e+04
1.545527954101562500e+02
6.964033750000000000e+05
5.461010742187500000e+02
2.046589218750000000e+05
1.337334500000000000e+06
1.461809863281250000e+04
1.157611718750000000e+05
7.192832031250000000e+04
2.027886718750000000e+03
2.071855781250000000e+05
3.161676562500000000e+05
3.027527587890625000e+03
2.727070507812500000e+04
3.896155468750000000e+04
3.001827812500000000e+05
2.485827880859375000e+03
1.899027250000000000e+06
1.878089453125000000e+04
1.235471484375000000e+05
2.112227539062500000e+04
1.338563671875000000e+04
1.307599731445312500e+03
9.694724218750000000e+04
1.876639257812500000e+04
8.679259765625000000e+03
4.897956250000000000e+05
2.257659960937500000e+04
3.343737500000000000e+04
9.707982812500000000e+04
7.686213281250000000e+04
9.408688476562500000e+03
1.354287841796875000e+03
1.356330175781250000e+04
7.754074218750000000e+04
1.028088769531250000e+04
3.224656250000000000e+05
2.155504882812500000e+04
2.489441406250000000e+03
1.384664550781250000e+04
5.834960546875000000e+04
6.530633750000000000e+05
2.840249375000000000e+05
6.037055000000000000e+05
1.168725292968750000e+04
8.902933750000000000e+05
4.203650390625000000e+03
8.461459375000000000e+04
2.733298645019531250e+02
4.191860546875000000e+04
1.733257617187500000e+04
5.175109863281250000e+02
9.651743750000000000e+04
2.370784960937500000e+04
1.449481835937500000e+04
2.886947500000000000e+05
8.688610937500000000e+04
1.618132324218750000e+02
1.135275512695312500e+03
6.217695000000000000e+06
5.484066400000000000e+07
9.334009000000000000e+06
1.592247167968750000e+04
4.453742500000000000e+06
5.676888750000000000e+05
1.452306054687500000e+04
1.708842000000000000e+07
5.790463281250000000e+04
4.155646093750000000e+04
1.749281792000000000e+10
2.419194400000000000e+08
2.275068437500000000e+05
5.337370112000000000e+09
1.502526125000000000e+06
3.324445937500000000e+05
8.613062400000000000e+07
1.143592500000000000e+06
9.244637500000000000e+04
1.866752875000000000e+06
7.200489472000000000e+10
3.479071360000000000e+08
1.609631500000000000e+07
1.147111760000000000e+08
1.195152500000000000e+07
9.328898048000000000e+09
2.690422400000000000e+07
7.962556000000000000e+06
3.620073242187500000e+02
1.892351000000000000e+06
1.381179656982421875e+02
4.640744781494140625e+01
3.452168000000000000e+08
1.882716217041015625e+02
1.822092437744140625e+02
1.065833129882812500e+02
1.031356811523437500e+02
2.343252539062500000e+04
1.033735546875000000e+04
1.859968359375000000e+04
1.159583984375000000e+05
1.262812750000000000e+06
9.697619531250000000e+04
7.151232031250000000e+04
1.198955468750000000e+05
1.112432890625000000e+05
6.327657812500000000e+04
1.226757343750000000e+05
9.092461718750000000e+04
1.237794311523437500e+03
1.013052734375000000e+05
5.280468500000000000e+06
1.500556100000000000e+07
5.530674438476562500e+02
2.362625390625000000e+04
5.118147000000000000e+06
6.791012695312500000e+03
1.157611718750000000e+05
3.466328437500000000e+05
3.871884765625000000e+03
1.524337812500000000e+05
1.166961500000000000e+07
1.433890125000000000e+06
9.496753906250000000e+03
3.961584687500000000e+05
9.166139648437500000e+03
1.099983500000000000e+06
2.146907187500000000e+05
5.482478000000000000e+06
2.069740234375000000e+04
1.925419531250000000e+05
2.440709062500000000e+05
1.949363125000000000e+05
2.101485546875000000e+04
9.440150000000000000e+05
1.752422460937500000e+04
8.268135000000000000e+05
6.141741796875000000e+04
3.346140000000000000e+06
4.805736562500000000e+05
3.013318554687500000e+04
2.550013593750000000e+05
1.578201500000000000e+06
4.121550000000000000e+05
7.085753750000000000e+05
6.514603906250000000e+04
4.290347500000000000e+05
6.394305000000000000e+05
3.235854375000000000e+05
4.100852812500000000e+05
1.128217407226562500e+03
4.031989990234375000e+03
9.983706250000000000e+04
1.850498901367187500e+03
1.158314140625000000e+05
9.233617187500000000e+03
3.384796484375000000e+04
8.522467651367187500e+02
2.616625390625000000e+04
5.859343338012695312e+01
1.280644335937500000e+04
3.027272500000000000e+06
5.324977343750000000e+04
1.160661743164062500e+03
3.362938671875000000e+04
8.617240000000000000e+06
5.305221557617187500e+02
5.027563437500000000e+05
3.762381250000000000e+05
4.405955859375000000e+04
8.134182812500000000e+04
9.308056250000000000e+05
3.277720703125000000e+04
8.621825000000000000e+04
5.563564941406250000e+03
1.459160278320312500e+03
1.029871171875000000e+05
3.013565312500000000e+05
1.260554296875000000e+05
8.247336718750000000e+04
1.071675875000000000e+06
2.359802978515625000e+03
4.320541015625000000e+04
5.415658984375000000e+04
1.051445214843750000e+04
7.427249218750000000e+04
8.487283000000000000e+06
1.706563281250000000e+05
1.596641894531250000e+04
2.388067578125000000e+04
4.118619062500000000e+05
4.358471875000000000e+05
1.325154687500000000e+05
7.550518750000000000e+04
8.521439375000000000e+05
1.874361875000000000e+05
5.283332500000000000e+05
3.177202000000000000e+06
3.277680078125000000e+04
3.739120000000000000e+05
1.870060625000000000e+05
1.999918554687500000e+04
3.553217187500000000e+04
3.429360546875000000e+04
4.667930468750000000e+04
1.284412841796875000e+02
4.486191406250000000e+03
4.473410156250000000e+03
2.317122400000000000e+07
5.469076875000000000e+05
3.716988671875000000e+04
1.444731125000000000e+06
3.213665820312500000e+04
8.310508125000000000e+05
1.941992812500000000e+05
2.916029687500000000e+05
3.016498125000000000e+05
6.658937500000000000e+03
2.142655859375000000e+04
2.303950625000000000e+05
1.101772500000000000e+06
1.745246718750000000e+05
1.211642773437500000e+04
1.101772500000000000e+06
1.311142578125000000e+04
4.423048828125000000e+04
8.772253906250000000e+03
1.967292968750000000e+04
3.585774375000000000e+05
5.760328674316406250e+01
5.765120605468750000e+03
3.605068603515625000e+03
2.278368750000000000e+04
8.828339843750000000e+03
2.743151855468750000e+03
1.246708145141601562e+02
1.637619900000000000e+07
3.602481640625000000e+04
7.049954000000000000e+06
1.212975078125000000e+05
5.977804375000000000e+05
2.072436800000000000e+07
2.881437750000000000e+06
5.149671875000000000e+04
1.682826904296875000e+03
5.506272265625000000e+04
5.191600341796875000e+02
3.124849243164062500e+02
2.823324279785156250e+02
1.776967010498046875e+02
1.348642600000000000e+07
2.450346752000000000e+09
1.519284100000000000e+07
7.467192500000000000e+06
1.732333789062500000e+04
4.662807000000000000e+06
1.499309760000000000e+08
4.249439062500000000e+05
1.804212000000000000e+07
4.437752343750000000e+04
1.657761352539062500e+03
1.704013061523437500e+03
5.239876708984375000e+02
4.842891235351562500e+02
3.005532836914062500e+02
2.716157531738281250e+02
1.163580032000000000e+09
1.339166200000000000e+07
2.039935104000000000e+09
4.653331000000000000e+06
1.126700480000000000e+08
4.302331054687500000e+03
1.629095214843750000e+03
1.697796630859375000e+03
4.672460937500000000e+02
1.044910080000000000e+09
4.281463867187500000e+03
3.760420837402343750e+02
2.516962000000000000e+06
4.694464355468750000e+03
6.502398681640625000e+01
1.839039648437500000e+04
5.977804375000000000e+05
2.410273170471191406e+01
3.776412000000000000e+06
1.897721290588378906e+01
3.769811279296875000e+03
1.933770179748535156e+01
7.948718125000000000e+05
5.661526855468750000e+03
3.317675018310546875e+01
8.251428710937500000e+03
3.040486250000000000e+06
3.262822570800781250e+02
2.516962000000000000e+06
5.429768753051757812e+01
4.694464355468750000e+03
6.502405548095703125e+01
2.026433753967285156e+01
5.977787500000000000e+05
2.410261726379394531e+01
1.897715568542480469e+01
2.685521250000000000e+06
1.881080474853515625e+02
7.948703750000000000e+05
3.135801315307617188e+01
5.661607421875000000e+03
3.317645645141601562e+01
2.655491943359375000e+02
3.040509500000000000e+06
3.262814941406250000e+02
5.429768753051757812e+01
2.026433753967285156e+01
1.591767272949218750e+02
2.685521250000000000e+06
1.881080474853515625e+02
3.135801315307617188e+01
2.655491943359375000e+02
1.591767272949218750e+02
7.260168320000000000e+08
1.393461100000000000e+07
2.459465039062500000e+04
2.055610800000000000e+07
7.089512500000000000e+04
5.331151562500000000e+04
7.200489472000000000e+10
5.020840937500000000e+05
4.578700312500000000e+05
3.890540312500000000e+05
3.428697750000000000e+06
3.983739843750000000e+04
2.797623200000000000e+07
4.387097656250000000e+03
8.850115234375000000e+03
3.059200937500000000e+05
3.347087500000000000e+04
3.962195703125000000e+04
7.144606250000000000e+04
1.898794140625000000e+04
4.235776977539062500e+02
9.397468750000000000e+03
2.460065429687500000e+04
7.623613281250000000e+02
4.210777832031250000e+03
1.868310165405273438e+01
1.425200561523437500e+03
1.780135192871093750e+02
1.528112988281250000e+04
5.690379200000000000e+07
1.133208600000000000e+07
1.273686621093750000e+04
3.705122000000000000e+06
3.000073632812500000e+04
4.717998828125000000e+04
5.559882240000000000e+09
1.949224375000000000e+06
6.683221250000000000e+05
8.510336250000000000e+05
4.427599200000000000e+07
1.710968554687500000e+04
9.475917187500000000e+04
4.570689453125000000e+04
7.500418090820312500e+02
4.366121875000000000e+04
4.548321228027343750e+02
4.125917053222656250e+01
1.928460351562500000e+04
2.267884765625000000e+03
1.813128662109375000e+02
1.100902862548828125e+02
2.520412750244140625e+02
1.166881933593750000e+04
2.450485937500000000e+04
9.066264648437500000e+03
1.219512500000000000e+04
1.459278906250000000e+04
1.578359800000000000e+07
4.292332519531250000e+03
5.090883984375000000e+04
2.252310312500000000e+05
1.369115400000000000e+07
5.840001220703125000e+02
1.050496750000000000e+06
3.172886800000000000e+07
1.596663600000000000e+07
1.255183593750000000e+05
3.301436500000000000e+06
6.540450390625000000e+04
7.961796093750000000e+04
6.141728256000000000e+09
2.331534800000000000e+07
8.453671000000000000e+06
1.125475250000000000e+06
3.960310784000000000e+09
6.533368500000000000e+06
3.776401500000000000e+06
2.072460400000000000e+07
9.825730468750000000e+03
1.510169218750000000e+05
1.198221718750000000e+05
6.533368500000000000e+06
7.443191680000000000e+08
2.072460400000000000e+07
1.510169218750000000e+05
7.443191680000000000e+08
1.678242812500000000e+05
1.237800903320312500e+03
8.577432031250000000e+04
1.772902832031250000e+02
2.802205273437500000e+04
1.025027000000000000e+07
1.590351406250000000e+05
1.060688574218750000e+04
1.463793750000000000e+05
1.677617675781250000e+03
6.646517187500000000e+04
3.186490000000000000e+07
7.544205000000000000e+05
3.264409375000000000e+04
1.600183105468750000e+04
9.816950000000000000e+04
5.042041015625000000e+03
1.551387000000000000e+06
1.438402734375000000e+04
1.025027000000000000e+07
5.591316015625000000e+04
4.742626171875000000e+04
2.270912500000000000e+04
3.869105937500000000e+05
4.054031640625000000e+04
3.186490000000000000e+07
2.675518125000000000e+05
2.892155468750000000e+04
9.816950000000000000e+04
1.551387000000000000e+06
2.428426562500000000e+05
9.246428125000000000e+04
4.742626171875000000e+04
3.869105937500000000e+05
2.675518125000000000e+05
2.428426562500000000e+05
2.624281875000000000e+05
4.231482421875000000e+03
5.026836914062500000e+03
7.224277343750000000e+04
3.223432617187500000e+03
3.219923750000000000e+05
6.843094482421875000e+02
1.200322631835937500e+03
1.155574375000000000e+05
5.003549316406250000e+03
1.161350488281250000e+04
2.368563200000000000e+07
5.943669000000000000e+06
1.133208600000000000e+07
1.521518554687500000e+03
6.490455625000000000e+05
1.103071300000000000e+07
6.910166992187500000e+03
1.071676875000000000e+06
1.146483642578125000e+03
2.193495605468750000e+03
2.702865280000000000e+08
2.855312320000000000e+08
6.461082421875000000e+04
1.223461120000000000e+09
7.306349609375000000e+03
1.190851269531250000e+04
5.211199200000000000e+07
7.352524414062500000e+03
8.313964843750000000e+04
1.904703735351562500e+03
1.807143680000000000e+08
5.512060625000000000e+05
2.302189375000000000e+05
1.651487109375000000e+04
2.253610000000000000e+05
6.593816875000000000e+05
2.661269600000000000e+07
5.582973750000000000e+05
3.410303040000000000e+08
1.839674609375000000e+04
9.986420625000000000e+05
3.572653515625000000e+04
3.639380937500000000e+05
4.316467712000000000e+09
5.491431000000000000e+06
9.079741406250000000e+04
1.012063400000000000e+07
1.527987060546875000e+03
4.146854687500000000e+05
1.906902465820312500e+02
6.163998828125000000e+04
7.219258880615234375e+01
7.238221679687500000e+03
1.929115234375000000e+04
4.015785598754882812e+01
1.105212792968750000e+04
7.234405761718750000e+03
3.049898437500000000e+03
8.039469500000000000e+06
3.961286250000000000e+06
2.349072265625000000e+04
8.039469500000000000e+06
8.247556480000000000e+08
9.334044000000000000e+06
2.421087031250000000e+05
2.463526400000000000e+07
1.841162812500000000e+05
8.996168750000000000e+04
5.627333836800000000e+10
1.632330625000000000e+06
4.481649609375000000e+04
2.183755468750000000e+04
1.096279296875000000e+05
7.607300781250000000e+04
3.765064062500000000e+04
2.592989501953125000e+03
2.344546875000000000e+04
8.213176269531250000e+02
3.963708114624023438e+01
4.723305053710937500e+02
3.156778564453125000e+02
1.337473510742187500e+03
1.295837860107421875e+02
1.830261962890625000e+03
1.059289500000000000e+06
7.874669500000000000e+06
1.500564600000000000e+07
1.341499218750000000e+05
2.678075937500000000e+05
2.648933437500000000e+05
1.036281347656250000e+04
9.996063125000000000e+05
1.437581406250000000e+05
1.198221718750000000e+05
7.805438400000000000e+07
2.188286800000000000e+07
1.059289500000000000e+06
1.337995776000000000e+09
7.874669500000000000e+06
1.500564600000000000e+07
1.122859700000000000e+07
2.678075937500000000e+05
2.648933437500000000e+05
9.996063125000000000e+05
7.049501600000000000e+07
7.805438400000000000e+07
2.188286800000000000e+07
1.337995776000000000e+09
1.122859700000000000e+07
7.049501600000000000e+07
1.980286375000000000e+06
5.943669000000000000e+06
1.133208600000000000e+07
4.545593359375000000e+04
2.153095468750000000e+05
3.464373250000000000e+06
2.883380859375000000e+04
1.071676875000000000e+06
2.809652539062500000e+04
7.184605468750000000e+04
1.041342080000000000e+08
1.990316480000000000e+08
1.816690156250000000e+05
1.223461120000000000e+09
7.572483593750000000e+04
1.844240000000000000e+05
8.353668000000000000e+06
2.055788476562500000e+04
7.218165625000000000e+05
9.647198437500000000e+04
8.144192000000000000e+07
2.817380312500000000e+05
2.895806750000000000e+06
1.568024000000000000e+06
4.556853437500000000e+05
6.392408750000000000e+05
5.319222265625000000e+04
6.727800000000000000e+05
5.280423000000000000e+06
8.491701562500000000e+04
2.758259570312500000e+04
2.860023250000000000e+06
2.563673583984375000e+03
2.144995500000000000e+06
7.176784375000000000e+04
6.340872500000000000e+05
6.944766406250000000e+04
2.051028800000000000e+07
1.643276367187500000e+04
7.751681500000000000e+06
2.584009687500000000e+05
1.083199375000000000e+06
3.179018554687500000e+04
1.804581750000000000e+06
4.735265136718750000e+03
1.133517500000000000e+05
2.090729875000000000e+06
4.970664400000000000e+07
8.693800000000000000e+04
1.380236125000000000e+06
1.438099511718750000e+04
2.264889218750000000e+05
5.719668000000000000e+06
3.612830859375000000e+04
2.014175781250000000e+05
1.031023906250000000e+05
5.153228400000000000e+07
4.801371250000000000e+05
1.020009312500000000e+06
9.858258593750000000e+04
2.015616718750000000e+05
1.431088250000000000e+06
7.550942000000000000e+06
3.064044140625000000e+04
4.193487890625000000e+04
3.089684000000000000e+06
1.843768125000000000e+06
1.343978281250000000e+05
5.576646800000000000e+07
3.999484765625000000e+04
1.354259125000000000e+06
5.116242187500000000e+04
1.779241093750000000e+05
1.123914560000000000e+08
3.906430625000000000e+05
2.235115000000000000e+05
2.520742750000000000e+06
1.426312890625000000e+04
4.402171200000000000e+08
7.990351562500000000e+04
2.015897656250000000e+05
5.804400625000000000e+05
5.308572500000000000e+06
5.571724000000000000e+07
9.334044000000000000e+06
3.890734375000000000e+04
3.132444062500000000e+05
1.369074062500000000e+05
9.346928710937500000e+03
1.157511400000000000e+07
1.217941015625000000e+04
2.409106445312500000e+04
2.706880768000000000e+09
4.433049600000000000e+07
1.334088867187500000e+04
4.242525440000000000e+09
9.728800000000000000e+04
7.256467968750000000e+04
6.531101000000000000e+06
4.285986816406250000e+03
5.758085937500000000e+03
4.775776855468750000e+03
3.419092787200000000e+10
6.937379375000000000e+05
1.745981445312500000e+04
1.606164648437500000e+04
1.992928710937500000e+04
3.995573750000000000e+05
3.889536000000000000e+08
4.935068125000000000e+05
9.203267187500000000e+04
5.036393437500000000e+05
3.545689750000000000e+06
8.458464843750000000e+03
2.233288704000000000e+09
3.593893440000000000e+08
4.390967812500000000e+05
5.102130937500000000e+05
2.254215680000000000e+09
2.271452187500000000e+05
1.993406125000000000e+06
4.045889843750000000e+04
2.934585351562500000e+04
3.597488750000000000e+05
3.343495312500000000e+04
4.562809082031250000e+03
1.249042089843750000e+04
1.043647031250000000e+05
3.152951049804687500e+02
1.380157165527343750e+02
7.998603515625000000e+03
1.775373382568359375e+02
3.850560937500000000e+04
2.515475311279296875e+02
1.588351440429687500e+03
1.053948750000000000e+06
1.123396015625000000e+05
9.332217968750000000e+04
9.480188125000000000e+05
6.394000000000000000e+05
1.123998260498046875e+02
2.788738098144531250e+02
1.771743437500000000e+05
2.492155468750000000e+04
1.892280664062500000e+04
8.310571250000000000e+05
7.607300781250000000e+04
1.851699023437500000e+04
1.069848593750000000e+05
4.093035400390625000e+03
6.197526562500000000e+04
3.151977233886718750e+02
1.135484453125000000e+05
1.019517480468750000e+04
1.366508125000000000e+05
2.322691406250000000e+04
2.550680859375000000e+04
8.621891601562500000e+03
6.650927500000000000e+05
3.549803125000000000e+04
9.278405761718750000e+02
3.761780078125000000e+04
2.472722656250000000e+04
2.476848437500000000e+04
9.540531250000000000e+03
1.029181875000000000e+05
9.810379687500000000e+04
1.612992968750000000e+04
4.164493750000000000e+04
5.066009765625000000e+03
2.724909960937500000e+04
9.983706250000000000e+04
1.746709179687500000e+04
2.116133270263671875e+02
9.511680603027343750e+01
2.351792602539062500e+02
1.219265917968750000e+04
1.000773828125000000e+05
1.068097265625000000e+04
4.390810775756835938e+01
2.153694610595703125e+02
6.619216918945312500e+01
5.468879394531250000e+03
5.272880935668945312e+01
1.624522600000000000e+07
1.493150156250000000e+05
8.518863281250000000e+03
1.199901875000000000e+06
3.538585000000000000e+05
3.970283203125000000e+04
4.824329687500000000e+05
9.409260937500000000e+04
7.696607031250000000e+04
2.309061718750000000e+04
1.492324600000000000e+07
7.287217968750000000e+04
4.903042578125000000e+04
9.801103125000000000e+04
2.499468800000000000e+07
1.844022800000000000e+07
1.232650292968750000e+04
2.657041992187500000e+04
7.287329101562500000e+03
3.918860839843750000e+03
2.143270000000000000e+07
3.583036718750000000e+04
1.166949902343750000e+04
6.979660156250000000e+03
3.731163281250000000e+04
2.514178281250000000e+05
5.357817600000000000e+08
1.679543200000000000e+07
2.166669531250000000e+04
2.072460400000000000e+07
2.597398593750000000e+05
6.281098046875000000e+04
7.200489472000000000e+10
1.656684750000000000e+06
3.406972187500000000e+05
7.789194375000000000e+05
1.136464640000000000e+08
1.949266406250000000e+04
1.828827187500000000e+05
2.144995500000000000e+06
2.238335500000000000e+06
2.686182617187500000e+04
1.538964625000000000e+06
2.992623828125000000e+04
1.028378359375000000e+05
1.133862421875000000e+05
8.326367187500000000e+04
1.956532375000000000e+06
2.194312890625000000e+04
1.196846640625000000e+05
2.488238750000000000e+06
6.742653125000000000e+04
1.956532375000000000e+06
2.488238750000000000e+06
9.319641406250000000e+04
3.004617578125000000e+04
8.839412500000000000e+04
4.102393066406250000e+03
1.149519726562500000e+04
4.146298828125000000e+03
8.575419921875000000e+02
1.022896191406250000e+04
2.132279510498046875e+02
3.199232226562500000e+04
3.690911376953125000e+03
1.906700781250000000e+04
5.407665405273437500e+02
8.105430175781250000e+03
9.699166259765625000e+02
3.790735546875000000e+04
3.087878906250000000e+03
1.834100036621093750e+02
2.548369140625000000e+03
5.177367675781250000e+03
3.642071777343750000e+03
3.052088928222656250e+02
6.499791503906250000e+03
3.507319091796875000e+03
2.054146240234375000e+03
3.510324951171875000e+03
4.849381347656250000e+03
1.861616333007812500e+03
1.291699462890625000e+03
5.592537500000000000e+04
1.881092500000000000e+06
2.890030000000000000e+05
2.156811000000000000e+06
4.280443572998046875e+01
4.853087109375000000e+04
3.758396484375000000e+03
1.914276953125000000e+04
3.508751220703125000e+03
1.298141357421875000e+03
1.035358000000000000e+06
2.895417724609375000e+03
5.609823046875000000e+04
2.261375195312500000e+04
2.270781738281250000e+03
2.229133398437500000e+04
8.522429199218750000e+02
5.280423000000000000e+06
3.288785552978515625e+01
1.185958359375000000e+05
8.876954687500000000e+04
1.775719140625000000e+04
5.345054687500000000e+04
1.198221718750000000e+05
6.756356811523437500e+01
1.221484375000000000e+04
4.648055078125000000e+04
1.806362890625000000e+04
2.630407812500000000e+05
9.286159667968750000e+02
2.031496582031250000e+02
7.027622985839843750e+01
1.360487500000000000e+05
2.221961523437500000e+04
8.876954687500000000e+04
2.708721435546875000e+03
1.484806213378906250e+02
1.203556060791015625e+02
1.196361132812500000e+04
3.834398193359375000e+03
4.648055078125000000e+04
1.655759887695312500e+03
6.300029296875000000e+02
2.031496582031250000e+02
1.360487500000000000e+05
2.889752441406250000e+03
2.349466552734375000e+03
1.484806213378906250e+02
1.196361132812500000e+04
1.655759887695312500e+03
2.889752441406250000e+03
7.226839843750000000e+03
2.110731445312500000e+04
1.311096289062500000e+04
7.226839843750000000e+03
2.037634960937500000e+04
5.884756000000000000e+07
3.701216000000000000e+06
5.469244140625000000e+04
3.750548125000000000e+05
4.108901250000000000e+05
6.817134277343750000e+03
2.072460400000000000e+07
3.776401500000000000e+06
1.198221718750000000e+05
2.624602000000000000e+07
2.504057000000000000e+06
2.037634960937500000e+04
1.491851673600000000e+10
5.884756000000000000e+07
3.701216000000000000e+06
2.453931200000000000e+07
3.750548125000000000e+05
4.108901250000000000e+05
2.072460400000000000e+07
2.570294681600000000e+10
2.624602000000000000e+07
2.504057000000000000e+06
1.491851673600000000e+10
2.453931200000000000e+07
2.570294681600000000e+10
1.189240200000000000e+07
1.205264218750000000e+05
5.063608203125000000e+04
1.936307812500000000e+05
6.318550872802734375e+01
3.852105468750000000e+03
7.939442968750000000e+04
1.723563281250000000e+04
1.171551171875000000e+04
1.134326660156250000e+04
1.114096484375000000e+04
2.057200585937500000e+04
1.156139843750000000e+04
8.626300000000000000e+04
1.385956738281250000e+04
2.552184765625000000e+04
8.332660156250000000e+03
1.718531500000000000e+06
5.591037109375000000e+03
3.539847187500000000e+05
9.090493750000000000e+04
6.284321484375000000e+04
3.238835449218750000e+02
2.746663330078125000e+03
5.001106445312500000e+03
4.331840332031250000e+03
8.955235351562500000e+03
1.686251708984375000e+03
1.539047558593750000e+04
6.217724500000000000e+06
1.278658593750000000e+04
1.686233203125000000e+04
2.007402500000000000e+05
7.741962280273437500e+02
6.184727783203125000e+02
7.158506011962890625e+01
6.518238750000000000e+05
4.881868750000000000e+04
1.941850000000000000e+05
4.973705078125000000e+04
6.184727783203125000e+02
7.158506011962890625e+01
6.583410644531250000e+02
3.503192443847656250e+02
4.973705078125000000e+04
5.937448125000000000e+05
1.034642968750000000e+04
3.503192443847656250e+02
3.451170654296875000e+02
4.198812866210937500e+01
6.338185546875000000e+04
2.096879425048828125e+02
