1.534867187500000000e+05
7.684327148437500000e+03
3.696407421875000000e+04
9.688411718750000000e+04
1.401243066406250000e+04
4.179131520000000000e+08
2.149896500000000000e+06
1.296798800000000000e+07
4.179131520000000000e+08
7.904402343750000000e+04
2.265187109375000000e+04
9.107238159179687500e+02
3.524112500000000000e+04
1.384753906250000000e+05
1.007653259277343750e+03
3.027680664062500000e+03
1.449329375000000000e+05
2.085486562500000000e+05
6.095907714843750000e+03
2.744028125000000000e+04
1.340734570312500000e+04
1.308837158203125000e+03
2.707547119140625000e+03
3.565984130859375000e+03
6.854652343750000000e+04
4.279057922363281250e+02
4.203041503906250000e+03
3.844015500000000000e+06
3.836397750000000000e+06
1.078913359375000000e+05
1.663325875000000000e+06
1.125166400000000000e+07
1.185153281250000000e+05
5.158828906250000000e+04
1.378916093750000000e+05
1.333332343750000000e+05
2.783370312500000000e+05
5.278314000000000000e+06
1.549803320312500000e+04
2.783370312500000000e+05
2.035944687500000000e+05
2.813360742187500000e+04
1.981316992187500000e+04
1.500221250000000000e+05
1.962983886718750000e+03
4.489608154296875000e+02
2.840843359375000000e+04
6.448118286132812500e+02
1.149380371093750000e+04
1.193871002197265625e+02
1.249874877929687500e+02
1.925646375000000000e+06
1.921269600000000000e+07
8.239710937500000000e+04
1.550619250000000000e+06
1.419557031250000000e+04
2.845664648437500000e+04
8.630396000000000000e+07
6.531225781250000000e+04
9.305937500000000000e+04
7.340507812500000000e+03
2.283236718750000000e+05
1.245344500000000000e+06
1.555340000000000000e+05
8.832528125000000000e+04
1.891158400000000000e+07
6.699361718750000000e+04
4.337356640625000000e+04
3.734292187500000000e+04
2.599389760000000000e+08
1.645466000000000000e+07
1.574718906250000000e+05
8.303206400000000000e+07
6.788920625000000000e+05
9.792618750000000000e+04
1.695213158400000000e+10
4.436726000000000000e+06
3.663377187500000000e+05
1.449386000000000000e+06
3.031998800000000000e+07
2.844603515625000000e+04
1.369312968750000000e+05
3.346476562500000000e+03
2.877201250000000000e+05
5.328000390625000000e+04
1.288331298828125000e+02
2.798118652343750000e+03
3.943957812500000000e+05
1.833075200000000000e+07
2.199789062500000000e+05
2.068623750000000000e+05
1.797321289062500000e+03
9.653604687500000000e+04
7.163643200000000000e+07
4.304673828125000000e+04
8.744400625000000000e+05
5.407973828125000000e+04
9.976816875000000000e+05
5.052127734375000000e+04
1.655946289062500000e+03
1.076610742187500000e+04
8.102067968750000000e+04
1.304814062500000000e+04
7.336258789062500000e+03
8.851736450195312500e+02
1.827864531250000000e+05
3.155251464843750000e+03
9.712708750000000000e+05
4.238241406250000000e+04
1.095310000000000000e+07
2.555667968750000000e+04
1.743714375000000000e+06
6.428942968750000000e+04
4.997592968750000000e+04
7.630998400000000000e+07
2.543611250000000000e+05
2.322024804687500000e+04
9.355891875000000000e+05
8.362440625000000000e+04
2.426139531250000000e+05
2.052255312500000000e+05
8.791476562500000000e+03
8.805689843750000000e+04
2.079373593750000000e+05
5.925652343750000000e+03
2.050004687500000000e+04
1.750370625000000000e+05
9.032750854492187500e+02
7.087127685546875000e+01
3.921107910156250000e+03
2.879633920000000000e+08
1.857208250000000000e+06
1.737582343750000000e+05
6.173110000000000000e+05
6.978207500000000000e+05
2.306669189453125000e+03
1.163713152000000000e+09
4.861845000000000000e+06
8.089861718750000000e+04
4.396159375000000000e+04
1.218843300000000000e+07
3.083656562500000000e+05
2.152586250000000000e+05
2.247772851562500000e+04
3.670077187500000000e+05
3.613940625000000000e+04
2.181730651855468750e+02
1.112663281250000000e+05
1.672999687500000000e+05
1.650342031250000000e+05
4.033775750000000000e+06
1.921269600000000000e+07
1.717994062500000000e+05
5.453384765625000000e+04
4.090175390625000000e+04
3.983805312500000000e+05
1.112397968750000000e+05
3.514891796875000000e+04
2.573513437500000000e+05
3.964592187500000000e+04
9.968187500000000000e+03
3.105211328125000000e+04
1.357185000000000000e+06
7.173075781250000000e+04
4.177313750000000000e+06
3.328509687500000000e+05
4.771895625000000000e+05
7.500166406250000000e+04
1.138283496093750000e+04
2.119735000000000000e+05
1.285426464843750000e+04
3.666788437500000000e+05
3.567062890625000000e+04
8.781545898437500000e+03
2.607395312500000000e+05
1.420687988281250000e+04
1.696562187500000000e+05
2.547842656250000000e+05
4.826031640625000000e+04
4.780909179687500000e+03
2.167698828125000000e+04
2.877601171875000000e+04
3.281552343750000000e+04
7.853362792968750000e+03
1.798597812500000000e+05
1.694234400000000000e+07
2.803616875000000000e+05
3.278802343750000000e+04
2.581032714843750000e+02
9.761774218750000000e+04
2.881415750000000000e+06
5.199018750000000000e+04
9.985897500000000000e+05
4.590675292968750000e+03
2.610191718750000000e+05
1.270357343750000000e+05
4.840782812500000000e+04
1.524775000000000000e+06
3.600004375000000000e+05
3.544261718750000000e+04
1.074280781250000000e+05
3.221979296875000000e+04
3.254814062500000000e+05
1.022612109375000000e+05
1.106505546875000000e+05
1.995631445312500000e+04
4.855212812500000000e+05
5.745427734375000000e+04
2.633896289062500000e+04
3.520659375000000000e+04
2.857711250000000000e+06
2.715311328125000000e+04
2.874199804687500000e+04
2.109880273437500000e+04
2.272320898437500000e+04
1.844458593750000000e+04
1.248358496093750000e+04
4.916282500000000000e+05
1.249006484375000000e+05
9.625523437500000000e+03
5.638938671875000000e+04
2.579135200000000000e+07
1.383249218750000000e+05
3.544640625000000000e+04
2.048246875000000000e+05
1.835398000000000000e+07
3.671054062500000000e+05
5.979861328125000000e+04
5.088923437500000000e+05
1.167834296875000000e+05
2.696585000000000000e+05
2.452190312500000000e+05
5.227192578125000000e+04
8.523035156250000000e+04
2.460492675781250000e+03
8.810018554687500000e+03
3.610303125000000000e+04
4.933356640625000000e+04
1.819069580078125000e+03
1.541774316406250000e+04
7.780051562500000000e+04
2.384608203125000000e+04
1.874080400000000000e+07
1.192215703125000000e+05
2.109874023437500000e+04
9.318601562500000000e+04
6.541641875000000000e+05
3.662694921875000000e+04
1.955088625000000000e+06
4.114844726562500000e+03
1.172076562500000000e+05
5.222143750000000000e+05
1.133668828125000000e+05
8.841040625000000000e+04
4.916028480000000000e+08
3.504432373046875000e+02
5.249917221069335938e+01
2.894858398437500000e+03
6.175949609375000000e+04
1.917008590698242188e+01
5.650487899780273438e+01
9.648625781250000000e+04
1.068414306640625000e+01
6.877400000000000000e+04
5.313258789062500000e+03
2.415718554687500000e+04
8.583523437500000000e+03
1.377762031250000000e+05
3.925326875000000000e+05
2.192605859375000000e+04
2.269855750000000000e+06
3.222491520000000000e+08
7.116470500000000000e+06
6.709128750000000000e+05
1.802125120000000000e+08
1.562985500000000000e+07
5.786493125000000000e+05
2.602820608000000000e+10
3.222491520000000000e+08
7.116470500000000000e+06
1.802125120000000000e+08
2.602820608000000000e+10
5.526898800000000000e+07
1.809163600000000000e+07
2.892916750000000000e+06
8.360542187500000000e+04
1.022186880000000000e+08
7.855412000000000000e+07
6.939676250000000000e+05
7.273313500000000000e+06
6.358813281250000000e+04
1.118478515625000000e+05
6.061939916800000000e+10
1.525168844800000000e+10
2.099809750000000000e+06
9.925612800000000000e+08
4.531030937500000000e+05
9.579035156250000000e+04
3.512611840000000000e+09
6.274438125000000000e+05
1.503875250000000000e+06
1.287525546875000000e+05
7.200489472000000000e+10
3.885174400000000000e+07
4.048968000000000000e+07
2.957148750000000000e+06
7.335023000000000000e+06
1.267197312000000000e+09
1.359681797027587891e+01
1.419884687500000000e+05
2.478317343750000000e+05
8.620693969726562500e+02
4.483382812500000000e+05
3.741778906250000000e+04
9.623491406250000000e+04
2.626580500000000000e+06
2.936449951171875000e+03
2.664716015625000000e+04
1.296359765625000000e+05
2.968720312500000000e+05
6.849902500000000000e+06
2.183319531250000000e+05
1.022186880000000000e+08
5.103819921875000000e+04
1.731304875000000000e+06
6.711019531250000000e+04
3.257683750000000000e+05
1.074471680000000000e+08
4.940063750000000000e+05
3.096360312500000000e+05
1.015477625000000000e+06
2.761846500000000000e+06
7.080713750000000000e+05
6.631895000000000000e+05
1.223289400000000000e+07
6.930179375000000000e+05
4.818536562500000000e+05
3.178803320312500000e+04
7.068617187500000000e+04
2.330410937500000000e+04
3.741222265625000000e+04
4.430402187500000000e+05
8.077528750000000000e+05
4.480450937500000000e+05
7.941058959960937500e+02
3.631788574218750000e+03
1.486425488281250000e+04
1.430990332031250000e+04
1.821191015625000000e+04
8.075502500000000000e+05
1.229447326660156250e+02
5.269451141357421875e+01
1.488692871093750000e+04
1.819562500000000000e+04
5.270889663696289062e+01
1.112877625000000000e+06
4.874963750000000000e+05
8.809806250000000000e+04
4.216121093750000000e+04
2.700533984375000000e+04
1.095310000000000000e+07
7.971478271484375000e+02
1.343637500000000000e+05
6.853240625000000000e+04
5.057620544433593750e+02
6.356184000000000000e+06
8.685776367187500000e+03
4.033135986328125000e+03
6.546187500000000000e+03
1.346268875000000000e+06
1.388396362304687500e+03
1.479821562500000000e+05
4.229866406250000000e+04
1.288589746093750000e+04
2.669805937500000000e+05
4.699901171875000000e+04
1.014419843750000000e+05
5.069933203125000000e+04
2.613960449218750000e+03
4.969995312500000000e+05
1.084151015625000000e+05
1.461872253417968750e+02
6.872103750000000000e+05
4.460726165771484375e+01
1.463129119873046875e+02
1.707214080000000000e+08
8.442603125000000000e+05
5.627349120000000000e+08
1.094707890625000000e+05
6.149178500000000000e+06
7.501396093750000000e+04
1.340997375000000000e+06
7.284585472000000000e+09
2.234362000000000000e+06
1.363278750000000000e+05
4.540364000000000000e+06
2.345139062500000000e+05
4.611606250000000000e+05
1.641060625000000000e+06
1.810364062500000000e+04
2.398125625000000000e+05
9.653604687500000000e+04
6.395323750000000000e+05
1.474692773437500000e+04
3.944255000000000000e+05
2.041123593750000000e+05
8.957566875000000000e+05
4.025575000000000000e+04
2.929314453125000000e+04
1.269630625000000000e+05
5.722460546875000000e+04
1.861145312500000000e+05
4.596221093750000000e+04
5.422842968750000000e+04
2.762276250000000000e+05
8.517850781250000000e+04
2.833394531250000000e+04
1.353605156250000000e+05
3.259679062500000000e+05
7.987166748046875000e+02
5.935040234375000000e+04
4.866958618164062500e+02
7.665162658691406250e+01
6.934140136718750000e+03
2.574683837890625000e+02
1.653912353515625000e+03
5.331030654907226562e+01
9.369020996093750000e+02
2.126258500000000000e+06
1.004195214843750000e+04
6.149431640625000000e+03
5.352048828125000000e+03
1.486058593750000000e+05
2.352756750000000000e+06
1.946168125000000000e+05
6.178368652343750000e+03
3.165509765625000000e+04
1.642544531250000000e+05
9.560873437500000000e+04
2.354154492187500000e+04
4.907733984375000000e+04
8.659132500000000000e+05
2.966991250000000000e+05
1.469089843750000000e+05
2.853606054687500000e+04
6.653566894531250000e+03
3.450948125000000000e+05
5.871910156250000000e+04
1.282827734375000000e+05
2.766821250000000000e+05
1.644606054687500000e+04
2.541570800781250000e+03
6.363617968750000000e+04
2.870046630859375000e+03
2.521136523437500000e+04
2.798475000000000000e+05
5.178522265625000000e+04
1.136505004882812500e+03
8.484159179687500000e+03
2.655637939453125000e+03
9.175214062500000000e+04
9.204827270507812500e+02
5.321841250000000000e+05
7.827276250000000000e+05
1.207439125000000000e+06
7.637991250000000000e+05
6.852743750000000000e+04
7.895289375000000000e+05
1.744482875000000000e+06
5.487164843750000000e+04
1.368590937500000000e+05
4.048455500000000000e+06
3.352520937500000000e+05
2.576074531250000000e+05
5.767485141754150391e+00
2.515514375000000000e+05
1.022186880000000000e+08
3.063017368316650391e+00
3.711189270019531250e+00
4.288275390625000000e+04
5.494899272918701172e+00
7.438926696777343750e+00
2.343571000000000000e+06
3.593332767486572266e+00
7.080645561218261719e+00
5.570988281250000000e+04
5.424700000000000000e+05
4.120874375000000000e+05
3.089472851562500000e+04
2.023146484375000000e+04
1.970149687500000000e+05
2.355879492187500000e+04
2.222944843750000000e+05
4.527376875000000000e+05
6.298655859375000000e+04
3.576355468750000000e+04
5.899717968750000000e+04
3.423507812500000000e+04
4.704715625000000000e+05
1.789785351562500000e+04
1.005768359375000000e+05
3.219411523437500000e+04
1.004733812500000000e+06
1.418800625000000000e+05
1.970149687500000000e+05
9.090493750000000000e+04
6.653721093750000000e+04
3.249921289062500000e+04
8.852803125000000000e+05
9.804440625000000000e+04
5.899717968750000000e+04
5.553975781250000000e+04
2.643748828125000000e+04
1.005768359375000000e+05
1.004733812500000000e+06
1.328087343750000000e+05
5.579543750000000000e+04
6.653721093750000000e+04
8.852803125000000000e+05
5.553975781250000000e+04
1.328087343750000000e+05
4.287755859375000000e+04
1.490867625000000000e+06
5.954184570312500000e+03
1.152697343750000000e+05
7.494321289062500000e+03
1.638093750000000000e+04
3.867678906250000000e+04
3.993017578125000000e+03
4.722503125000000000e+05
7.447725585937500000e+03
3.866498437500000000e+04
1.527244900000000000e+07
2.846711875000000000e+05
1.148778000000000000e+08
1.886680078125000000e+04
3.053982000000000000e+06
2.464529687500000000e+04
3.130876250000000000e+05
1.642792832000000000e+09
3.684430937500000000e+05
5.327954687500000000e+04
2.277718500000000000e+06
4.713563125000000000e+05
3.919560937500000000e+04
5.527138671875000000e+04
3.181168750000000000e+04
3.188392187500000000e+05
7.273313500000000000e+06
8.040251562500000000e+04
1.552483886718750000e+04
4.465586914062500000e+03
6.099481250000000000e+04
3.081979250000000000e+06
2.472189843750000000e+04
4.513323125000000000e+05
1.982998901367187500e+03
1.518972656250000000e+05
6.776674500000000000e+06
1.066622100000000000e+07
6.848483593750000000e+04
7.289758000000000000e+06
9.705513671875000000e+03
3.156761132812500000e+04
9.125678080000000000e+08
3.119581054687500000e+04
6.980490625000000000e+04
7.767196093750000000e+04
2.382267343750000000e+05
2.414502750000000000e+06
2.918654800000000000e+07
1.734441600000000000e+07
1.675920468750000000e+05
4.476145937500000000e+05
2.267236406250000000e+05
9.041307617187500000e+03
1.077679000000000000e+07
2.235477929687500000e+04
5.967412890625000000e+04
5.978944000000000000e+07
1.131125440000000000e+08
1.798700625000000000e+05
2.638855680000000000e+09
7.049450625000000000e+05
4.119396875000000000e+05
1.031025600000000000e+08
1.697981640625000000e+04
1.388972558593750000e+04
6.343979296875000000e+04
7.200489472000000000e+10
1.705782250000000000e+06
4.491985625000000000e+05
3.219329250000000000e+06
5.889395000000000000e+05
3.306873600000000000e+08
8.335511718750000000e+04
2.061417812500000000e+05
4.370474500000000000e+06
4.840672187500000000e+05
5.053994062500000000e+05
1.747363437500000000e+05
2.345139062500000000e+05
3.982687500000000000e+04
6.175223144531250000e+03
1.901766718750000000e+05
8.060506875000000000e+05
2.295202656250000000e+05
5.718657812500000000e+04
3.747577187500000000e+05
1.764761596679687500e+03
4.801928125000000000e+04
5.845970625000000000e+05
7.311109375000000000e+04
8.779485937500000000e+04
4.234510742187500000e+03
5.013208984375000000e+03
1.038307617187500000e+03
3.216446562500000000e+05
9.195607031250000000e+04
5.135570625000000000e+05
3.838460205078125000e+03
6.022117919921875000e+02
2.804240417480468750e+02
9.319054687500000000e+04
2.696974218750000000e+04
2.495345468750000000e+05
4.766970703125000000e+03
4.832711181640625000e+02
2.775653808593750000e+03
2.368074062500000000e+05
7.245715942382812500e+02
5.416840820312500000e+02
3.112974548339843750e+02
9.384088281250000000e+04
3.042920654296875000e+03
5.159835815429687500e+02
6.404226562500000000e+04
3.299654062500000000e+05
8.226128125000000000e+04
2.885196484375000000e+04
1.281671015625000000e+05
1.818767031250000000e+05
4.035342500000000000e+05
7.318430175781250000e+03
8.157761718750000000e+04
1.119102578125000000e+05
2.089269531250000000e+04
2.549822265625000000e+04
1.818767031250000000e+05
5.739217773437500000e+03
5.212345703125000000e+03
1.119102578125000000e+05
2.549822265625000000e+04
5.212345703125000000e+03
1.369562000000000000e+07
1.184733984375000000e+05
3.504428906250000000e+04
1.011552500000000000e+05
1.163592750000000000e+06
9.935891875000000000e+05
1.860713200000000000e+07
1.809720875000000000e+06
7.381967285156250000e+03
9.934067382812500000e+03
1.569419628906250000e+04
1.633783281250000000e+05
4.521858886718750000e+03
4.527376875000000000e+05
2.807274250000000000e+06
1.151334625000000000e+06
1.163592750000000000e+06
1.678300800000000000e+07
9.935891875000000000e+05
1.860713200000000000e+07
1.670662343750000000e+05
7.381967285156250000e+03
9.934067382812500000e+03
1.633783281250000000e+05
1.990987625000000000e+06
2.807274250000000000e+06
1.151334625000000000e+06
1.678300800000000000e+07
1.670662343750000000e+05
1.990987625000000000e+06
4.899382421875000000e+04
4.589151367187500000e+03
7.289289062500000000e+03
5.874222167968750000e+03
8.478672656250000000e+04
4.370474500000000000e+06
4.821864375000000000e+05
2.262965468750000000e+05
1.287447109375000000e+05
2.766821250000000000e+05
4.116618359375000000e+04
7.099573437500000000e+04
1.381731200000000000e+07
7.241079687500000000e+04
6.637070625000000000e+05
3.577081875000000000e+05
9.584289843750000000e+04
5.956553515625000000e+04
7.213396875000000000e+05
5.028204296875000000e+04
2.479819500000000000e+06
3.519451875000000000e+05
1.511465937500000000e+05
1.304509140625000000e+05
5.760977343750000000e+04
2.160435937500000000e+04
7.273313500000000000e+06
5.786493125000000000e+05
4.527376875000000000e+05
2.511633007812500000e+04
2.163186500000000000e+06
1.881353437500000000e+05
3.573405937500000000e+05
1.002393812500000000e+06
1.540371875000000000e+05
5.028204296875000000e+04
8.362680800000000000e+07
2.479819500000000000e+06
3.519451875000000000e+05
1.040786062500000000e+06
1.304509140625000000e+05
5.760977343750000000e+04
7.273313500000000000e+06
5.535719375000000000e+05
6.297341015625000000e+04
2.511633007812500000e+04
2.372845200000000000e+07
2.163186500000000000e+06
1.881353437500000000e+05
5.584051000000000000e+06
1.002393812500000000e+06
1.540371875000000000e+05
8.362680800000000000e+07
1.040786062500000000e+06
2.199075500000000000e+06
5.535719375000000000e+05
6.297341015625000000e+04
2.372845200000000000e+07
5.584051000000000000e+06
2.199075500000000000e+06
2.120001562500000000e+05
2.993525585937500000e+04
1.392009000000000000e+06
7.238915625000000000e+05
1.646243906250000000e+05
1.439643500000000000e+06
5.931754375000000000e+05
4.371751250000000000e+05
1.422434375000000000e+06
6.802555625000000000e+05
1.592184960937500000e+04
1.216292000000000000e+06
5.113695312500000000e+05
1.599507324218750000e+04
3.795287500000000000e+05
1.368493900000000000e+07
3.689001875000000000e+05
2.963120000000000000e+05
2.927668000000000000e+06
3.368561250000000000e+05
1.761363671875000000e+04
1.083500781250000000e+05
2.355664400000000000e+07
3.329580750000000000e+06
3.885901562500000000e+05
1.781159250000000000e+06
3.561002812500000000e+05
3.838494531250000000e+04
2.260632476806640625e+02
1.251366015625000000e+05
4.475719062500000000e+05
5.450485839843750000e+03
6.873702343750000000e+04
1.519265917968750000e+04
1.130823515625000000e+05
1.441606718750000000e+05
6.475023828125000000e+04
7.777121093750000000e+04
3.970295312500000000e+05
2.523753906250000000e+05
1.314897343750000000e+05
1.272207500000000000e+05
1.981995781250000000e+05
1.198693300000000000e+07
5.063698880000000000e+08
1.860713200000000000e+07
4.355517187500000000e+05
3.048961600000000000e+07
4.696839062500000000e+05
3.042478710937500000e+04
5.028530880000000000e+08
4.206738437500000000e+05
6.424872656250000000e+04
1.871908044800000000e+10
2.093541200000000000e+07
1.290665250000000000e+06
5.187109273600000000e+10
1.033884300000000000e+07
5.325862500000000000e+05
3.444354560000000000e+08
1.212573125000000000e+06
4.387631640625000000e+04
2.136517000000000000e+06
7.200489472000000000e+10
1.474781760000000000e+08
5.476295000000000000e+05
3.855866400000000000e+07
3.950048250000000000e+06
8.314826880000000000e+08
3.336028437500000000e+05
1.311410253906250000e+04
4.441620000000000000e+06
9.007792968750000000e+04
2.982298750000000000e+05
1.331017400000000000e+07
2.879633920000000000e+08
1.860713200000000000e+07
6.047951171875000000e+04
5.267980078125000000e+04
2.929804000000000000e+07
3.219274250000000000e+06
2.649488671875000000e+04
1.022186880000000000e+08
1.790453281250000000e+05
5.222095703125000000e+04
9.107570625000000000e+05
3.295170560000000000e+09
4.767323200000000000e+08
1.403467031250000000e+05
3.142992076800000000e+10
9.415546000000000000e+06
3.157066250000000000e+05
2.537880312500000000e+05
5.423515625000000000e+04
2.039464965820312500e+03
3.351309824000000000e+09
6.382333125000000000e+05
4.532516015625000000e+04
1.619437875000000000e+06
2.986341600000000000e+07
1.498608300000000000e+07
4.067027734375000000e+04
7.200489472000000000e+10
5.357283200000000000e+07
6.253869375000000000e+05
5.126338000000000000e+07
3.022446500000000000e+06
2.909496093750000000e+04
5.117364746093750000e+03
1.139474600000000000e+07
1.227425792000000000e+10
2.955127000000000000e+06
3.778713750000000000e+05
1.312624768000000000e+09
1.215055703125000000e+05
7.189761600000000000e+07
2.889705000000000000e+05
1.098887304687500000e+04
1.491710937500000000e+03
2.381392968750000000e+05
6.870268066406250000e+03
6.421810156250000000e+04
1.753906125000000000e+06
4.287551562500000000e+04
2.498032470703125000e+03
2.544669531250000000e+04
1.845964375000000000e+05
9.134370625000000000e+05
5.369880859375000000e+04
1.403507421875000000e+04
6.930335937500000000e+04
2.879633920000000000e+08
1.909440400000000000e+07
4.430829062500000000e+05
7.879736800000000000e+07
3.433058125000000000e+05
5.716433203125000000e+04
1.791226265600000000e+10
1.362989700000000000e+07
1.033317062500000000e+06
1.667232625000000000e+06
5.557660400000000000e+07
3.845067500000000000e+06
5.659444400000000000e+07
1.866019600000000000e+07
6.330051250000000000e+05
2.371488000000000000e+07
4.693659687500000000e+05
7.279362500000000000e+04
1.022186880000000000e+08
4.411513000000000000e+06
3.128530000000000000e+05
2.151469056000000000e+10
4.063730000000000000e+07
3.679641500000000000e+06
6.190125465600000000e+10
5.169718400000000000e+07
1.617945300000000000e+07
7.096966400000000000e+08
2.299445600000000000e+07
4.207857500000000000e+05
9.473159200000000000e+07
7.200489472000000000e+10
2.314100531200000000e+10
3.802529200000000000e+07
6.902226944000000000e+10
7.342666880000000000e+08
7.200489472000000000e+10
2.540812480000000000e+08
1.673055625000000000e+05
2.178093125000000000e+05
3.483090250000000000e+06
3.178876562500000000e+05
2.735186562500000000e+05
3.109577600000000000e+07
6.815731000000000000e+06
5.278314000000000000e+06
4.676346250000000000e+05
1.072154240000000000e+08
1.444540937500000000e+05
1.149122125000000000e+06
2.137581093750000000e+05
3.109577600000000000e+07
6.815731000000000000e+06
2.708512768000000000e+09
1.072154240000000000e+08
1.149122125000000000e+06
2.137581093750000000e+05
8.046925000000000000e+06
2.708512768000000000e+09
8.046925000000000000e+06
6.868480500000000000e+06
1.095801000000000000e+07
1.207923515625000000e+05
7.166762000000000000e+06
4.847379687500000000e+04
4.874243750000000000e+04
8.936378880000000000e+08
1.493896718750000000e+05
2.971539062500000000e+05
3.177349062500000000e+05
2.695921250000000000e+06
1.112007656250000000e+05
2.758087158203125000e+03
6.049716406250000000e+04
7.415232910156250000e+03
1.369562000000000000e+07
9.238911000000000000e+06
6.709128750000000000e+05
1.007898500000000000e+07
6.058770625000000000e+05
3.105990000000000000e+05
1.035545280000000000e+09
1.369562000000000000e+07
9.238911000000000000e+06
1.007898500000000000e+07
1.035545280000000000e+09
1.140760375000000000e+06
1.705463437500000000e+05
4.629972656250000000e+03
6.462561718750000000e+04
1.841267600000000000e+07
1.860713200000000000e+07
1.154252734375000000e+05
7.297178500000000000e+06
1.296133203125000000e+04
1.015641484375000000e+05
1.222798464000000000e+09
5.860475000000000000e+04
2.893560312500000000e+05
2.287432617187500000e+04
1.919528750000000000e+05
5.978498828125000000e+04
4.372439062500000000e+04
6.838524218750000000e+04
1.441606718750000000e+05
1.617393906250000000e+05
1.262492431640625000e+03
4.664312500000000000e+04
1.555520629882812500e+03
7.356031036376953125e+01
4.247525390625000000e+03
1.019172180175781250e+03
3.020877685546875000e+03
1.449548645019531250e+02
1.008940185546875000e+03
3.669740625000000000e+04
4.426534375000000000e+04
9.622111816406250000e+02
6.447381250000000000e+04
4.173197187500000000e+05
4.950719238281250000e+03
5.011960156250000000e+04
4.390754375000000000e+05
6.149830078125000000e+04
4.438945625000000000e+05
4.390754375000000000e+05
1.999452392578125000e+03
5.045767822265625000e+02
1.059983203125000000e+05
1.954834594726562500e+03
2.394177031250000000e+05
1.468211625000000000e+06
2.908918750000000000e+05
3.067353710937500000e+04
4.394763437500000000e+05
1.816664843750000000e+04
8.631879687500000000e+04
1.807270468750000000e+05
3.567103759765625000e+03
1.255074750000000000e+06
2.879633920000000000e+08
1.913312000000000000e+07
4.373398437500000000e+05
1.070842160000000000e+08
3.366386875000000000e+05
6.544937109375000000e+04
3.207220428800000000e+10
1.332777900000000000e+07
5.487126875000000000e+05
2.852760750000000000e+06
8.242834400000000000e+07
7.163346250000000000e+05
2.696585000000000000e+05
2.608293750000000000e+04
1.093148281250000000e+05
2.229730625000000000e+05
2.799024687500000000e+05
2.003646875000000000e+04
3.225718164062500000e+04
2.477677734375000000e+04
6.047530468750000000e+04
4.456383984375000000e+04
6.628203906250000000e+04
8.612530273437500000e+03
9.972068750000000000e+05
6.190686523437500000e+03
9.813796093750000000e+04
6.547327734375000000e+04
5.810599609375000000e+03
7.948023925781250000e+03
4.452686875000000000e+05
9.187338867187500000e+03
2.025915429687500000e+04
1.343613125000000000e+05
3.229282421875000000e+04
1.036781300000000000e+07
2.663728960000000000e+08
6.521770500000000000e+06
1.543843625000000000e+06
2.819791200000000000e+07
4.904740000000000000e+07
4.075533437500000000e+05
1.357432500000000000e+07
5.258568000000000000e+06
8.533160937500000000e+04
2.702816665600000000e+10
1.958033408000000000e+09
9.412296000000000000e+06
2.567608320000000000e+09
2.713780800000000000e+08
6.247783000000000000e+06
1.802484531200000000e+10
2.728389200000000000e+07
4.475597200000000000e+07
1.321874100000000000e+07
7.200489472000000000e+10
2.595597312000000000e+10
1.790142464000000000e+09
2.471784704000000000e+09
1.694922137600000000e+10
7.200489472000000000e+10
1.228778625000000000e+06
1.347352343750000000e+05
2.619805625000000000e+05
6.808386718750000000e+03
2.960951040000000000e+08
1.860713200000000000e+07
6.642232812500000000e+04
1.235551760000000000e+08
1.291141875000000000e+05
5.170290625000000000e+04
3.604359168000000000e+10
6.150626875000000000e+05
2.527834375000000000e+05
3.074106835937500000e+04
2.348519750000000000e+06
1.178854000000000000e+07
2.879633920000000000e+08
1.856848800000000000e+07
2.152298750000000000e+05
3.001325600000000000e+07
6.129944500000000000e+06
9.305696875000000000e+04
1.019937520000000000e+08
3.218473000000000000e+06
1.664827031250000000e+05
7.570855424000000000e+09
4.020563200000000000e+07
2.221511750000000000e+06
3.140337459200000000e+10
1.972301920000000000e+08
4.106158750000000000e+06
2.529624320000000000e+09
8.029776500000000000e+06
1.682159250000000000e+06
4.467929600000000000e+07
7.200489472000000000e+10
3.571767808000000000e+09
6.054393000000000000e+06
7.470872576000000000e+09
3.310016320000000000e+08
7.200489472000000000e+10
1.295094726562500000e+03
1.706273593750000000e+05
4.780936279296875000e+02
1.005799062500000000e+05
5.424700000000000000e+05
5.785732421875000000e+04
2.106657031250000000e+04
1.274987011718750000e+04
1.468069238281250000e+04
2.953029052734375000e+03
1.783581054687500000e+03
1.243341171875000000e+05
5.637594726562500000e+03
8.004722500000000000e+05
1.332319183349609375e+02
1.387748875000000000e+06
8.060506875000000000e+05
4.257974375000000000e+05
1.098107812500000000e+04
3.583743750000000000e+05
2.767611083984375000e+02
1.402922343750000000e+05
2.645038437500000000e+05
5.909500000000000000e+04
1.739134375000000000e+04
6.547560424804687500e+02
1.358833160400390625e+02
8.897224426269531250e+01
3.416891000000000000e+06
1.241582875000000000e+06
8.016686875000000000e+05
1.488433105468750000e+03
9.346822357177734375e+01
1.390307464599609375e+02
1.290031625000000000e+06
1.713203437500000000e+05
3.126650937500000000e+05
4.651062011718750000e+02
3.889022827148437500e+02
1.304293518066406250e+02
3.468700500000000000e+06
7.354268798828125000e+02
8.096820678710937500e+02
9.231661987304687500e+01
1.525739375000000000e+06
4.639851379394531250e+02
7.425924072265625000e+02
4.711620160000000000e+08
1.860713200000000000e+07
1.921269600000000000e+07
8.243208593750000000e+04
4.601562880000000000e+08
1.775749920000000000e+08
3.134915937500000000e+05
7.273313500000000000e+06
4.305745312500000000e+04
1.931488085937500000e+04
4.625167564800000000e+10
1.655687782400000000e+10
8.108939500000000000e+06
1.219212160000000000e+09
3.095917187500000000e+05
4.565814687500000000e+05
8.375506944000000000e+09
1.964551750000000000e+06
1.133836375000000000e+06
9.480835937500000000e+04
7.200489472000000000e+10
2.837254400000000000e+07
2.767968800000000000e+07
5.930256500000000000e+06
1.351008700000000000e+07
1.653351808000000000e+09
4.384284000000000000e+06
5.278314000000000000e+06
4.342928125000000000e+04
4.384284000000000000e+06
1.165891894531250000e+04
5.408779296875000000e+04
4.270894531250000000e+03
1.351742343750000000e+05
5.243263125000000000e+05
4.909772000000000000e+06
1.316943875000000000e+06
1.810544400000000000e+07
4.675605625000000000e+05
1.112114765625000000e+05
2.496669218750000000e+05
1.879059250000000000e+06
4.216804375000000000e+05
4.752054375000000000e+05
2.544433593750000000e+05
6.758893125000000000e+05
3.462525625000000000e+05
9.207858398437500000e+03
1.377201500000000000e+06
8.303575625000000000e+05
3.289386250000000000e+05
8.600767200000000000e+07
1.307786000000000000e+06
3.818962800000000000e+07
3.668054687500000000e+05
1.984600312500000000e+05
5.177478750000000000e+05
6.955304687500000000e+04
3.231441250000000000e+05
4.267572812500000000e+05
1.623761816406250000e+04
7.515416500000000000e+06
5.258864843750000000e+04
2.555291093750000000e+05
1.742198250000000000e+06
2.890082500000000000e+05
7.335283750000000000e+05
8.146009600000000000e+07
4.702456640625000000e+04
7.041180000000000000e+05
3.213877343750000000e+04
1.043987500000000000e+05
2.489375500000000000e+06
9.491035000000000000e+05
1.259572421875000000e+05
1.824807968750000000e+05
4.317349500000000000e+06
2.703264062500000000e+05
6.897533750000000000e+05
1.897894000000000000e+07
4.627016406250000000e+04
1.908371093750000000e+04
1.068121562500000000e+05
5.609990625000000000e+05
3.299654062500000000e+05
4.370474500000000000e+06
6.095907714843750000e+03
1.066622100000000000e+07
3.068722750000000000e+06
6.496859375000000000e+05
1.412243359375000000e+04
1.879059250000000000e+06
8.691128906250000000e+03
1.638093750000000000e+04
4.302426562500000000e+05
3.345846500000000000e+06
4.194326171875000000e+03
8.545959375000000000e+05
7.750027500000000000e+05
1.432489746093750000e+04
1.558895156250000000e+05
4.095068750000000000e+05
8.190401250000000000e+05
2.733251367187500000e+04
1.294286750000000000e+06
3.290545410156250000e+03
2.268529296875000000e+04
2.843710449218750000e+03
7.166564375000000000e+05
1.082966113281250000e+04
1.266138671875000000e+05
2.914050312500000000e+05
7.043980625000000000e+05
1.871243554687500000e+04
4.757670703125000000e+04
2.239074531250000000e+05
6.733761718750000000e+03
9.366936250000000000e+05
1.606197021484375000e+03
3.168881054687500000e+04
1.391155156250000000e+05
4.287741210937500000e+03
6.618342500000000000e+05
3.230650195312500000e+04
1.803771875000000000e+04
3.727919000000000000e+06
1.529697600000000000e+08
2.627226400000000000e+07
2.411101750000000000e+06
1.556298000000000000e+07
3.568600937500000000e+05
1.511465937500000000e+05
1.019888800000000000e+08
5.278314000000000000e+06
4.499634687500000000e+05
1.163864064000000000e+09
4.634742000000000000e+07
3.727919000000000000e+06
7.200489472000000000e+10
1.529697600000000000e+08
2.627226400000000000e+07
1.523223040000000000e+09
1.556298000000000000e+07
3.568600937500000000e+05
1.019888800000000000e+08
7.200489472000000000e+10
1.163864064000000000e+09
4.634742000000000000e+07
7.200489472000000000e+10
1.523223040000000000e+09
7.200489472000000000e+10
5.416469921875000000e+04
1.526624218750000000e+04
1.210167480468750000e+03
3.547668945312500000e+03
5.699460156250000000e+04
9.205337890625000000e+03
5.802455444335937500e+02
6.472754516601562500e+02
7.116470500000000000e+06
1.066622100000000000e+07
8.908521093750000000e+04
7.273313500000000000e+06
1.712913281250000000e+04
4.429743750000000000e+04
9.201866880000000000e+08
4.987666015625000000e+04
1.182588125000000000e+05
1.732304218750000000e+05
4.099108750000000000e+05
1.652241120000000000e+08
1.658669000000000000e+07
3.577747500000000000e+05
1.001294240000000000e+08
2.382828593750000000e+05
6.404922656250000000e+04
2.219615641600000000e+10
8.117434500000000000e+06
4.331264687500000000e+05
1.538163625000000000e+06
4.507827600000000000e+07
1.747363437500000000e+05
3.939773750000000000e+06
7.442924316406250000e+03
5.644486875000000000e+05
1.587528222656250000e+04
8.060506875000000000e+05
3.145210937500000000e+03
2.205216308593750000e+03
5.252053515625000000e+04
3.769326875000000000e+05
1.598991894531250000e+04
5.845970625000000000e+05
2.077601318359375000e+03
2.651922607421875000e+03
4.523395507812500000e+03
3.116997250000000000e+06
1.390207714843750000e+04
2.128321679687500000e+04
2.494029296875000000e+03
2.328026855468750000e+03
4.497335937500000000e+03
1.689319625000000000e+06
9.073988281250000000e+03
1.596617578125000000e+04
2.454495117187500000e+03
2.427736328125000000e+03
6.218478027343750000e+03
9.346235961914062500e+02
1.935618945312500000e+04
2.758384521484375000e+03
6.913957519531250000e+03
1.012420715332031250e+03
1.126875585937500000e+04
2.428374755859375000e+03
8.602153930664062500e+02
1.348815429687500000e+03
1.728916000000000000e+07
6.836987000000000000e+06
5.169076875000000000e+05
5.730632000000000000e+06
6.336676875000000000e+05
4.129722187500000000e+05
1.989709280000000000e+08
1.548106300000000000e+07
6.381408000000000000e+06
5.076676000000000000e+06
1.953630560000000000e+08
4.498744140625000000e+04
1.309845937500000000e+05
4.344863680000000000e+08
7.764744531250000000e+04
2.043394843750000000e+05
4.358596250000000000e+05
5.685269531250000000e+04
9.546778000000000000e+06
7.712771875000000000e+04
5.987387890625000000e+04
8.403645312500000000e+04
1.246625234375000000e+05
6.248474375000000000e+05
1.757591875000000000e+05
8.729710625000000000e+05
2.604790468750000000e+05
2.131433000000000000e+06
8.636893750000000000e+04
2.370313281250000000e+05
3.099447851562500000e+04
9.597845458984375000e+02
1.946316406250000000e+05
1.407818847656250000e+03
4.866958618164062500e+02
7.198294531250000000e+04
7.509752807617187500e+02
2.448943328857421875e+02
5.430418090820312500e+02
2.915017395019531250e+02
1.109194531250000000e+05
1.441606718750000000e+05
5.016100000000000000e+06
1.468211625000000000e+06
5.507275390625000000e+04
1.660224218750000000e+05
5.158126171875000000e+04
3.254814062500000000e+05
5.200877187500000000e+05
5.024534062500000000e+05
2.159828125000000000e+04
8.755750000000000000e+05
7.931844531250000000e+04
3.718250781250000000e+04
3.229826875000000000e+05
9.379469600000000000e+07
4.511061718750000000e+04
2.775368945312500000e+04
8.707997656250000000e+04
1.505550312500000000e+05
2.420104492187500000e+04
3.107314648437500000e+04
2.697060500000000000e+06
1.893511625000000000e+06
2.529233203125000000e+04
2.948487187500000000e+05
1.160440312500000000e+05
4.896634765625000000e+03
3.632530859375000000e+04
1.109377929687500000e+04
1.112877625000000000e+06
2.345139062500000000e+05
6.930179375000000000e+05
2.522387750000000000e+06
7.835723750000000000e+05
4.693659687500000000e+05
9.991250000000000000e+04
2.554321406250000000e+05
4.412885625000000000e+05
2.996642187500000000e+05
9.054345000000000000e+05
1.334772125000000000e+06
6.380216250000000000e+05
5.146799062500000000e+05
2.668311875000000000e+05
8.476591875000000000e+05
3.879477187500000000e+05
1.217983400000000000e+07
1.853213250000000000e+06
4.451858750000000000e+05
6.823100000000000000e+05
1.312672187500000000e+05
5.292791796875000000e+04
3.687998800000000000e+07
1.894593625000000000e+06
1.260216500000000000e+06
2.338648593750000000e+05
5.483199218750000000e+04
8.236528750000000000e+05
1.159902600000000000e+07
2.925218437500000000e+05
2.634336875000000000e+05
1.241683437500000000e+05
3.587926000000000000e+07
2.260185468750000000e+05
2.858251250000000000e+05
4.256205859375000000e+04
1.349779062500000000e+05
1.325334472656250000e+04
5.791642089843750000e+03
1.795215156250000000e+05
2.696585000000000000e+05
1.159801953125000000e+04
1.255821796875000000e+05
1.307913671875000000e+05
1.441606718750000000e+05
1.416155250000000000e+06
9.211775781250000000e+04
2.385948437500000000e+05
5.124929375000000000e+05
2.067655078125000000e+04
5.903846875000000000e+05
3.186443437500000000e+05
6.740214375000000000e+05
1.533776875000000000e+05
4.883614453125000000e+04
3.202761132812500000e+04
2.365079345703125000e+03
6.177679199218750000e+03
2.533715576171875000e+03
3.885535156250000000e+04
5.057791992187500000e+03
7.099322656250000000e+04
2.652510986328125000e+03
8.862575195312500000e+03
1.415662109375000000e+03
1.691171997070312500e+03
2.299802001953125000e+03
2.810147705078125000e+03
6.756310424804687500e+02
1.740672400000000000e+07
1.434631250000000000e+05
4.277019140625000000e+04
6.309841875000000000e+05
2.068623750000000000e+05
4.200640136718750000e+03
5.838924218750000000e+04
2.426360546875000000e+04
1.049241250000000000e+06
4.427121484375000000e+04
6.909039550781250000e+03
2.775718750000000000e+03
1.022186880000000000e+08
9.413440000000000000e+05
8.462110000000000000e+05
1.633783281250000000e+05
8.376096875000000000e+04
5.530228881835937500e+02
5.900670800000000000e+07
1.229089600000000000e+07
2.729013867187500000e+04
2.654686875000000000e+05
2.251130859375000000e+03
9.790706787109375000e+02
1.167233760000000000e+08
1.469956000000000000e+06
6.976924804687500000e+03
6.350375976562500000e+03
2.247364096000000000e+09
1.067789609375000000e+05
3.829017187500000000e+04
3.755385986328125000e+03
2.021993437500000000e+05
4.830936875000000000e+05
2.450138500000000000e+06
1.863858625000000000e+06
1.937154400000000000e+07
1.809720875000000000e+06
7.992103906250000000e+04
1.346631000000000000e+06
2.150302500000000000e+05
1.963747187500000000e+05
1.002602734375000000e+04
4.754148437500000000e+05
2.731888800000000000e+07
1.526647900000000000e+07
2.450138500000000000e+06
6.010983600000000000e+07
1.863858625000000000e+06
1.937154400000000000e+07
1.101050875000000000e+06
7.992103906250000000e+04
1.346631000000000000e+06
1.963747187500000000e+05
1.160148200000000000e+07
2.731888800000000000e+07
1.526647900000000000e+07
6.010983600000000000e+07
1.101050875000000000e+06
1.160148200000000000e+07
3.879688671875000000e+04
7.106745605468750000e+03
1.872743359375000000e+04
7.607182000000000000e+06
1.921269600000000000e+07
4.360425937500000000e+05
3.412960000000000000e+06
1.931081054687500000e+04
5.640347656250000000e+04
6.471676400000000000e+07
4.564508437500000000e+05
1.020484125000000000e+06
1.072669375000000000e+05
3.605048250000000000e+06
1.657918164062500000e+04
1.901780859375000000e+04
2.999446533203125000e+03
2.296260156250000000e+05
1.596247031250000000e+05
3.797010625000000000e+05
5.247852734375000000e+04
8.167180468750000000e+04
8.680043125000000000e+05
1.317528281250000000e+05
1.982196250000000000e+05
2.476757968750000000e+05
3.428915625000000000e+04
7.571891406250000000e+04
6.789903500000000000e+06
1.860713200000000000e+07
1.712543437500000000e+05
2.390612000000000000e+06
1.963186523437500000e+04
6.334982421875000000e+04
5.044650560000000000e+08
3.859958437500000000e+05
1.278198125000000000e+06
2.102970000000000000e+05
8.139901000000000000e+06
7.061232812500000000e+04
2.510210937500000000e+05
1.149927636718750000e+04
1.466069531250000000e+05
1.523353120000000000e+08
1.057178125000000000e+06
2.403862750000000000e+06
7.071771500000000000e+06
5.278314000000000000e+06
1.642464648437500000e+04
8.265445760000000000e+08
1.523353120000000000e+08
1.057178125000000000e+06
7.071771500000000000e+06
8.265445760000000000e+08
4.686990625000000000e+05
1.284661640625000000e+05
1.424481250000000000e+05
6.717519531250000000e+04
2.345139062500000000e+05
5.016100000000000000e+06
1.809720875000000000e+06
1.543186093750000000e+05
9.575236718750000000e+04
1.586589000000000000e+06
5.040279296875000000e+04
2.572654531250000000e+05
4.503655078125000000e+04
1.047055187500000000e+06
4.785826562500000000e+04
4.821177000000000000e+06
1.468563125000000000e+05
2.472014687500000000e+05
2.429970898437500000e+04
2.704083750000000000e+05
2.668497812500000000e+05
1.012467500000000000e+05
2.296487200000000000e+07
4.384197656250000000e+04
1.293424500000000000e+07
2.137179200000000000e+07
6.938643750000000000e+05
6.789992968750000000e+04
6.540731250000000000e+04
1.564214687500000000e+05
3.382353515625000000e+04
1.790565937500000000e+05
1.523564500000000000e+07
2.413057000000000000e+06
6.281487500000000000e+04
1.569259277343750000e+04
4.938624218750000000e+04
5.786493125000000000e+05
8.925289062500000000e+03
2.608318750000000000e+04
6.673981250000000000e+04
6.634483593750000000e+04
4.322499511718750000e+03
6.671325625000000000e+05
2.927895507812500000e+04
9.102856250000000000e+04
2.616267812500000000e+05
1.523564500000000000e+07
5.716937011718750000e+03
1.353496459960937500e+03
3.310591406250000000e+04
3.471058837890625000e+03
2.894632080078125000e+03
9.001451171875000000e+03
6.673981250000000000e+04
2.399754882812500000e+04
1.021092968750000000e+04
6.671325625000000000e+05
9.102856250000000000e+04
1.365172119140625000e+03
7.678456420898437500e+02
3.310591406250000000e+04
2.894632080078125000e+03
2.399754882812500000e+04
1.365172119140625000e+03
1.501593906250000000e+05
4.870203000000000000e+06
1.256486640000000000e+08
1.066622100000000000e+07
2.257288281250000000e+05
1.117162200000000000e+07
6.343926875000000000e+05
1.270164941406250000e+04
1.022186880000000000e+08
3.442677500000000000e+05
6.449742968750000000e+04
1.728394444800000000e+10
5.160762400000000000e+07
2.590415000000000000e+05
1.733822464000000000e+10
7.350541000000000000e+06
5.739338125000000000e+05
1.531076096000000000e+09
8.548861875000000000e+05
6.653084472656250000e+03
2.843563750000000000e+06
7.200489472000000000e+10
3.287810880000000000e+08
4.036346875000000000e+05
3.000959200000000000e+07
2.350973600000000000e+07
4.896764313600000000e+10
2.879633920000000000e+08
5.516406250000000000e+04
6.895679375000000000e+05
1.981811250000000000e+06
3.695184375000000000e+04
1.441606718750000000e+05
2.639251953125000000e+04
1.021739746093750000e+04
1.429708906250000000e+05
5.685368125000000000e+05
4.190753437500000000e+05
1.879249511718750000e+03
5.387352500000000000e+05
8.529514648437500000e+03
1.222369765625000000e+05
8.124378662109375000e+02
4.962531250000000000e+05
5.099078125000000000e+03
1.628509843750000000e+05
1.928460693359375000e+03
1.458787231445312500e+03
4.388782421875000000e+04
6.796910400390625000e+02
5.108269531250000000e+03
1.712332519531250000e+03
2.024913500000000000e+06
1.211422070312500000e+04
3.262652187500000000e+05
1.201049843750000000e+05
5.590991015625000000e+04
7.684739843750000000e+04
1.835234179687500000e+04
1.949327656250000000e+05
8.428234375000000000e+03
3.850638281250000000e+04
3.142223046875000000e+04
2.234868896484375000e+03
4.449863437500000000e+05
1.515520703125000000e+04
5.885988671875000000e+04
6.224002734375000000e+04
4.011518125000000000e+05
7.473661718750000000e+04
1.174664941406250000e+04
3.146685546875000000e+04
5.492121250000000000e+05
1.293019843750000000e+05
5.189154687500000000e+05
5.378111718750000000e+04
1.729605000000000000e+05
1.165480078125000000e+05
6.215437500000000000e+04
2.320712500000000000e+05
9.984478125000000000e+04
7.711941406250000000e+04
6.860774218750000000e+04
1.094154980468750000e+04
2.765998125000000000e+05
6.476059570312500000e+03
2.879633920000000000e+08
4.736510546875000000e+04
1.293804453125000000e+05
3.809637000000000000e+06
9.714681875000000000e+05
3.024261718750000000e+04
3.192093000000000000e+06
3.702179296875000000e+04
2.407909570312500000e+04
8.161138125000000000e+05
4.999023046875000000e+04
3.274892773437500000e+04
1.924912000000000000e+07
4.567748437500000000e+05
7.082005468750000000e+04
3.583705937500000000e+05
3.710875000000000000e+05
3.607893359375000000e+04
9.519179687500000000e+03
9.010035156250000000e+04
1.683621250000000000e+05
1.468211625000000000e+06
1.972418164062500000e+04
3.474009687500000000e+05
2.331831640625000000e+04
2.757625244140625000e+03
6.977435625000000000e+05
5.785440000000000000e+06
5.501773925781250000e+03
2.776130312500000000e+05
2.597623593750000000e+05
1.733563593750000000e+05
4.370474500000000000e+06
4.714525000000000000e+05
2.172686718750000000e+05
6.876824375000000000e+05
1.179194843750000000e+05
3.370318750000000000e+05
4.810776250000000000e+05
5.386407500000000000e+05
2.300053906250000000e+05
1.973248281250000000e+05
2.732887000000000000e+06
2.276222812500000000e+05
8.670698437500000000e+04
5.962976171875000000e+04
1.611074375000000000e+05
5.956527000000000000e+06
3.574190312500000000e+05
1.166362890625000000e+05
4.003999609375000000e+04
1.004174453125000000e+05
1.940653250000000000e+06
6.499852500000000000e+05
1.939543906250000000e+05
8.762088281250000000e+04
9.690306250000000000e+04
7.842126562500000000e+04
1.824737750000000000e+06
2.058869875000000000e+06
3.522907500000000000e+05
1.533792375000000000e+06
1.220831875000000000e+05
3.845478437500000000e+05
4.432160312500000000e+05
5.200311250000000000e+05
7.858211250000000000e+05
1.293568828125000000e+05
9.714771093750000000e+04
6.405694000000000000e+06
2.170528750000000000e+05
6.743628125000000000e+05
2.873495507812500000e+04
1.184432300000000000e+07
9.820310937500000000e+04
3.144921679687500000e+04
3.790585000000000000e+05
1.460778625000000000e+06
9.743060937500000000e+04
1.072304218750000000e+05
1.631198750000000000e+05
9.892683593750000000e+03
5.786326875000000000e+05
1.631198750000000000e+05
4.208753125000000000e+05
1.797321289062500000e+03
6.978633593750000000e+04
3.064853515625000000e+04
3.557048437500000000e+05
1.165891894531250000e+04
2.144006958007812500e+02
4.119941015625000000e+04
1.368365312500000000e+05
1.667725468750000000e+05
1.443761523437500000e+04
8.076356250000000000e+04
2.709617578125000000e+04
1.932203369140625000e+03
1.114124121093750000e+04
2.974277587890625000e+03
1.112877625000000000e+06
1.827141250000000000e+05
5.328349000000000000e+06
5.189154687500000000e+05
4.189379062500000000e+05
7.961715000000000000e+05
3.717240000000000000e+05
4.505968437500000000e+05
2.974607187500000000e+05
1.069227421875000000e+05
1.133853750000000000e+05
2.120359500000000000e+06
1.056184500000000000e+06
5.453411328125000000e+04
1.696335781250000000e+05
2.244823500000000000e+06
4.913549687500000000e+05
5.715975625000000000e+05
2.125569062500000000e+05
6.280151562500000000e+04
5.571939453125000000e+04
1.640734843750000000e+05
2.219720000000000000e+06
3.815217187500000000e+05
1.192058828125000000e+05
3.572193125000000000e+05
1.349811100000000000e+07
1.674599375000000000e+05
1.149791875000000000e+06
2.477379218750000000e+05
1.836816992187500000e+04
5.660543945312500000e+03
2.313276875000000000e+05
2.226354375000000000e+05
2.131832421875000000e+04
1.009395781250000000e+05
5.424700000000000000e+05
1.565618906250000000e+05
1.680908281250000000e+05
1.015344062500000000e+05
5.214380312500000000e+05
2.833431562500000000e+05
1.346125625000000000e+05
1.491163593750000000e+05
3.738959687500000000e+05
7.479857812500000000e+04
1.530518437500000000e+05
4.614778437500000000e+05
4.377379296875000000e+04
8.559086718750000000e+04
4.869378437500000000e+05
1.342734375000000000e+05
8.655380468750000000e+04
7.129059375000000000e+05
4.200492968750000000e+04
1.410601718750000000e+05
1.317396300000000000e+07
9.656437500000000000e+03
1.860713200000000000e+07
1.695037187500000000e+05
3.162173095703125000e+03
3.209220000000000000e+06
1.996655312500000000e+05
3.119348876953125000e+03
4.749620056152343750e+02
6.169827343750000000e+04
1.399362500000000000e+05
4.762997120000000000e+08
1.237342875000000000e+06
4.559504687500000000e+04
3.989332275390625000e+03
1.261598250000000000e+06
1.364297460937500000e+04
6.245170898437500000e+02
5.040280937500000000e+05
5.830521850585937500e+02
7.811445625000000000e+05
3.406331640625000000e+04
5.638967500000000000e+06
8.051294921875000000e+03
1.972951049804687500e+03
9.390148437500000000e+04
1.189797500000000000e+05
1.919138125000000000e+06
5.478436875000000000e+05
8.710061250000000000e+05
1.598624316406250000e+04
7.855412000000000000e+07
1.022186880000000000e+08
6.954456875000000000e+05
7.273313500000000000e+06
1.119931171875000000e+05
6.362598046875000000e+04
3.476645500000000000e+06
8.552620625000000000e+05
1.736255468750000000e+05
1.275524609375000000e+04
2.081140480000000000e+08
1.560665760000000000e+08
2.857995000000000000e+05
3.416890400000000000e+07
8.100600781250000000e+04
1.295389687500000000e+05
3.512611840000000000e+09
1.507505125000000000e+06
6.299481875000000000e+05
1.290391093750000000e+05
1.056825280000000000e+08
7.938009600000000000e+07
2.724715312500000000e+05
5.662798500000000000e+06
7.778471093750000000e+04
3.107187304687500000e+04
1.914917888000000000e+10
6.945209500000000000e+06
9.497939000000000000e+06
1.011772437500000000e+06
7.368923500000000000e+06
4.346242048000000000e+09
1.441799375000000000e+06
3.510509250000000000e+06
1.450633281250000000e+05
8.220240800000000000e+07
1.603637500000000000e+07
2.547015380859375000e+03
2.221029357910156250e+02
4.543355957031250000e+03
3.922167187500000000e+04
1.821462707519531250e+02
7.104401245117187500e+02
2.031984008789062500e+03
7.925063323974609375e+01
1.137306250000000000e+05
1.809720875000000000e+06
2.998494531250000000e+04
6.627027000000000000e+06
4.880229687500000000e+04
4.807890234375000000e+04
9.789444531250000000e+04
2.849989600000000000e+07
1.874080400000000000e+07
1.718478906250000000e+05
3.740269000000000000e+06
2.217382421875000000e+04
8.326184375000000000e+04
7.250758400000000000e+08
5.455080000000000000e+05
2.210442656250000000e+05
1.004768437500000000e+05
1.702624375000000000e+06
1.120919531250000000e+05
1.084573984375000000e+05
2.295555156250000000e+05
3.661332812500000000e+04
2.454757031250000000e+05
4.527376875000000000e+05
4.463882812500000000e+04
1.540419140625000000e+04
8.483867187500000000e+03
8.225932031250000000e+04
8.171005468750000000e+04
2.454757031250000000e+05
1.388736718750000000e+04
1.589644921875000000e+04
8.483867187500000000e+03
8.171005468750000000e+04
1.589644921875000000e+04
1.663011562500000000e+05
4.914971484375000000e+04
1.952863750000000000e+06
3.062511250000000000e+05
4.689985937500000000e+05
7.267137500000000000e+05
7.517073125000000000e+05
3.254814062500000000e+05
5.200877187500000000e+05
5.024534062500000000e+05
2.822622070312500000e+04
7.635246250000000000e+05
2.142738750000000000e+05
2.608360742187500000e+04
7.169635156250000000e+04
2.148275200000000000e+07
1.993137500000000000e+05
4.595279062500000000e+05
1.558530250000000000e+06
1.505550312500000000e+05
1.199412792968750000e+04
4.701900390625000000e+04
1.754368000000000000e+07
6.631338750000000000e+05
1.077115234375000000e+05
4.605989375000000000e+05
3.370248437500000000e+05
5.267806250000000000e+05
3.532600000000000000e+05
2.289300312500000000e+05
3.327770312500000000e+05
3.532600000000000000e+05
3.373783593750000000e+04
1.129573281250000000e+05
8.926525781250000000e+04
1.299947656250000000e+05
1.773660468750000000e+05
2.111700312500000000e+05
2.411772851562500000e+04
1.038323437500000000e+04
1.043363500000000000e+07
1.279427578125000000e+05
6.303505859375000000e+04
8.158601250000000000e+05
1.032552200000000000e+07
9.392892456054687500e+02
8.281588745117187500e+02
1.425271972656250000e+03
8.648400781250000000e+04
2.113320156250000000e+05
8.931881250000000000e+04
4.962270625000000000e+05
2.518551500000000000e+06
2.298459531250000000e+05
2.113320156250000000e+05
2.518551500000000000e+06
2.982935937500000000e+05
2.261963867187500000e+04
3.329986250000000000e+05
4.581761875000000000e+05
1.995845937500000000e+05
4.517241250000000000e+05
9.712611000000000000e+06
9.194650000000000000e+05
4.581761875000000000e+05
9.712611000000000000e+06
1.967034000000000000e+07
9.499466250000000000e+05
3.567685625000000000e+05
1.295145200000000000e+07
7.299650000000000000e+06
1.076591406250000000e+04
6.105405468750000000e+04
5.849854296875000000e+04
8.754285937500000000e+04
2.334552929687500000e+04
1.650342031250000000e+05
1.468211625000000000e+06
4.421652832031250000e+03
3.725591406250000000e+04
1.287509625000000000e+06
1.616792382812500000e+04
9.249082031250000000e+04
1.116936000000000000e+06
1.444083789062500000e+04
7.298792187500000000e+04
2.638651250000000000e+05
2.766821250000000000e+05
1.078188203125000000e+05
1.822624609375000000e+04
1.320260312500000000e+05
6.095526562500000000e+04
2.040779687500000000e+04
9.027314843750000000e+04
1.728938800000000000e+07
1.921269600000000000e+07
1.593796406250000000e+05
1.641724375000000000e+06
1.762037304687500000e+04
9.873124218750000000e+04
5.182562800000000000e+07
3.453423750000000000e+05
4.631395937500000000e+05
8.034012500000000000e+04
1.887599625000000000e+06
3.675828125000000000e+04
2.102372750000000000e+06
5.088891296386718750e+02
1.362117065429687500e+03
2.598536132812500000e+04
3.765827187500000000e+05
1.441606718750000000e+05
3.246512187500000000e+05
6.854863125000000000e+05
4.911859375000000000e+04
2.982793359375000000e+04
2.211939687500000000e+05
5.654533984375000000e+04
6.542721250000000000e+05
2.162864648437500000e+04
4.735187109375000000e+04
3.697705312500000000e+05
6.448785000000000000e+05
1.201816210937500000e+04
3.339765625000000000e+05
1.282801875000000000e+06
1.547841406250000000e+04
1.770635156250000000e+05
4.044836718750000000e+04
1.263834082031250000e+04
3.984141357421875000e+03
1.739917031250000000e+05
2.555289250000000000e+06
2.388350312500000000e+05
8.684625000000000000e+03
1.525440156250000000e+05
2.896768750000000000e+05
1.955403515625000000e+04
1.769433593750000000e+04
2.847212402343750000e+03
1.503317375000000000e+06
9.733718750000000000e+04
4.518861250000000000e+05
2.163611500000000000e+06
1.089385000000000000e+05
4.510292000000000000e+06
5.222215625000000000e+04
1.634193125000000000e+05
1.002878687500000000e+06
6.386289062500000000e+04
6.464768750000000000e+04
9.862339477539062500e+02
4.924595336914062500e+02
1.658631744384765625e+02
6.772247070312500000e+03
4.278010156250000000e+04
5.023760000000000000e+06
9.640709375000000000e+05
2.437710468750000000e+05
6.184278125000000000e+04
9.828624800000000000e+07
3.071186523437500000e+02
1.494612304687500000e+04
2.738897216796875000e+03
8.304581875000000000e+05
9.137987500000000000e+04
2.630959040000000000e+08
3.043725312500000000e+05
4.318963378906250000e+03
9.449700927734375000e+02
2.037265468750000000e+05
2.080665125000000000e+06
1.830802539062500000e+04
3.865613671875000000e+04
1.185474296875000000e+05
2.646210937500000000e+03
1.052278046875000000e+05
5.280083618164062500e+02
3.928272656250000000e+04
3.810812744140625000e+03
1.984018125000000000e+06
8.859066000000000000e+06
1.714522800000000000e+07
4.625042500000000000e+06
7.344936250000000000e+05
1.347064531250000000e+05
3.325351000000000000e+06
1.317738200000000000e+07
5.640273750000000000e+05
7.283100000000000000e+06
5.637047500000000000e+05
4.527376875000000000e+05
4.520442000000000000e+06
8.675364000000000000e+06
3.972874375000000000e+05
4.675690625000000000e+05
1.534118400000000000e+08
5.743036160000000000e+08
8.859066000000000000e+06
2.040035360000000000e+08
1.714522800000000000e+07
4.625042500000000000e+06
1.476972125000000000e+06
4.259642500000000000e+06
4.286584687500000000e+05
2.090748960000000000e+08
3.325351000000000000e+06
1.317738200000000000e+07
7.283100000000000000e+06
1.270127040000000000e+08
6.072369200000000000e+07
4.520442000000000000e+06
1.035918160000000000e+08
8.675364000000000000e+06
3.972874375000000000e+05
2.652719308800000000e+10
1.534118400000000000e+08
5.743036160000000000e+08
2.040035360000000000e+08
1.640540800000000000e+08
1.476972125000000000e+06
4.259642500000000000e+06
2.090748960000000000e+08
3.510160640000000000e+09
1.270127040000000000e+08
6.072369200000000000e+07
1.035918160000000000e+08
2.652719308800000000e+10
1.640540800000000000e+08
3.510160640000000000e+09
7.147725625000000000e+05
2.703653125000000000e+05
1.862972500000000000e+05
6.983639843750000000e+04
1.430760625000000000e+05
3.375050312500000000e+05
8.691440625000000000e+05
8.851113281250000000e+04
4.942343360000000000e+08
5.043757247924804688e+01
1.810504625000000000e+06
3.859276199340820312e+01
1.532517800000000000e+07
3.170000076293945312e+01
1.226580581665039062e+02
4.940882240000000000e+08
5.045436477661132812e+01
3.860948181152343750e+01
1.227008743286132812e+02
2.090550375000000000e+06
1.257268203125000000e+05
2.196133437500000000e+05
1.868445587158203125e+02
1.892717132568359375e+02
2.419817343750000000e+05
1.920907656250000000e+05
1.613614044189453125e+02
7.220550537109375000e+01
1.001203437500000000e+06
8.047080230712890625e+01
2.879633920000000000e+08
1.860713200000000000e+07
1.891681600000000000e+07
3.306108125000000000e+05
1.022186880000000000e+08
7.914018400000000000e+07
2.227679687500000000e+05
7.280565500000000000e+06
1.429002656250000000e+05
4.086198828125000000e+04
3.142992076800000000e+10
1.790116249600000000e+10
9.681635000000000000e+05
1.220801408000000000e+09
2.422426718750000000e+05
7.656502343750000000e+04
3.550169088000000000e+09
1.272601796875000000e+05
7.439796875000000000e+04
6.796846875000000000e+04
7.200489472000000000e+10
9.616366250000000000e+05
6.544212500000000000e+05
2.202016093750000000e+05
3.894170625000000000e+05
1.873138875000000000e+06
1.631390900000000000e+07
1.262567109375000000e+05
1.022186880000000000e+08
1.460948535156250000e+04
3.047895250000000000e+06
4.984831640625000000e+04
7.278112500000000000e+04
1.449129344000000000e+09
9.441989843750000000e+04
3.921086328125000000e+04
1.234735312500000000e+05
9.485836718750000000e+04
4.770316562500000000e+05
2.879633920000000000e+08
1.860713200000000000e+07
1.809720875000000000e+06
1.759547125000000000e+06
2.318121679687500000e+04
2.114997265625000000e+04
1.022186880000000000e+08
5.278314000000000000e+06
4.527376875000000000e+05
2.287584256000000000e+09
1.132379500000000000e+06
4.770316562500000000e+05
3.142992076800000000e+10
2.879633920000000000e+08
1.860713200000000000e+07
2.973916000000000000e+07
1.759547125000000000e+06
2.318121679687500000e+04
1.022186880000000000e+08
7.200489472000000000e+10
2.287584256000000000e+09
1.132379500000000000e+06
3.142992076800000000e+10
2.973916000000000000e+07
7.200489472000000000e+10
1.724048800000000000e+07
1.860713200000000000e+07
4.460422187500000000e+05
3.053987750000000000e+06
2.773048828125000000e+04
6.455441015625000000e+04
1.184243712000000000e+09
6.641129375000000000e+05
5.513464375000000000e+05
1.004969765625000000e+05
6.682584000000000000e+06
2.300208398437500000e+04
1.785768750000000000e+05
2.897066875000000000e+05
4.464777343750000000e+04
1.637895781250000000e+05
2.460588867187500000e+03
3.974480468750000000e+03
4.572446093750000000e+04
5.053920312500000000e+04
2.545868652343750000e+03
2.884957226562500000e+04
3.622638437500000000e+05
5.045652500000000000e+05
2.615000750000000000e+06
9.544779052734375000e+02
1.860713200000000000e+07
3.370119687500000000e+05
2.822134687500000000e+05
9.443180541992187500e+02
3.446159687500000000e+05
1.029163085937500000e+03
2.285464843750000000e+03
2.198448750000000000e+05
1.973772250000000000e+06
4.694193420410156250e+02
1.618783000000000000e+06
8.888333125000000000e+05
1.648999389648437500e+03
3.006718750000000000e+05
1.589540332031250000e+04
4.531345937500000000e+05
6.860563964843750000e+03
1.607165625000000000e+05
6.452437133789062500e+02
1.926578247070312500e+03
5.451065063476562500e+02
6.766271875000000000e+05
9.635385131835937500e+02
1.770202968750000000e+05
1.030430078125000000e+04
6.103303750000000000e+05
7.105172851562500000e+03
4.345510253906250000e+03
1.448735000000000000e+05
1.423189086914062500e+03
2.783551953125000000e+04
5.795232543945312500e+02
5.069151855468750000e+03
1.433518125000000000e+05
1.221403076171875000e+03
3.964421875000000000e+04
2.317934814453125000e+03
3.190571777343750000e+03
1.867362500000000000e+04
3.529332812500000000e+04
8.589125976562500000e+03
1.104089721679687500e+03
6.709128750000000000e+05
1.275320678710937500e+03
4.058216250000000000e+05
1.470641718750000000e+05
3.696749687500000000e+05
7.072527500000000000e+05
1.437715781250000000e+05
3.877801562500000000e+05
1.266740125000000000e+06
1.586034687500000000e+05
8.997610156250000000e+04
3.622460156250000000e+04
2.419815156250000000e+05
9.668400781250000000e+04
6.750792187500000000e+04
1.481578281250000000e+05
2.724840000000000000e+05
1.405970781250000000e+05
9.004864375000000000e+05
3.370392812500000000e+05
1.340010937500000000e+04
1.006247109375000000e+05
2.839966800000000000e+07
1.902983200000000000e+07
1.210883625000000000e+06
1.642590375000000000e+06
9.766112000000000000e+06
3.166658125000000000e+05
4.269425000000000000e+05
2.074973906250000000e+05
5.022086250000000000e+05
1.589429687500000000e+04
2.014431872000000000e+09
5.703908400000000000e+07
2.952980000000000000e+07
5.402782800000000000e+07
1.784784800000000000e+07
1.181174125000000000e+06
2.242912400000000000e+07
9.835633000000000000e+06
3.147122500000000000e+05
1.981613750000000000e+05
1.090976972800000000e+10
2.014040064000000000e+09
5.615466400000000000e+07
5.092997200000000000e+07
2.219862000000000000e+07
1.103260364800000000e+10
2.879633920000000000e+08
1.860713200000000000e+07
1.610623300000000000e+07
4.359889062500000000e+05
1.022186880000000000e+08
1.777846800000000000e+07
3.350494375000000000e+05
3.022757750000000000e+06
6.426258203125000000e+04
2.440294335937500000e+04
3.142992076800000000e+10
2.175252480000000000e+10
1.325719600000000000e+07
1.165101184000000000e+09
5.333868750000000000e+05
5.813746250000000000e+05
1.466865792000000000e+09
2.731521750000000000e+06
4.819235000000000000e+05
9.345924218750000000e+04
7.200489472000000000e+10
8.052165600000000000e+07
6.453359600000000000e+07
6.012114000000000000e+06
9.842876000000000000e+06
1.381872384000000000e+09
2.506866250000000000e+05
1.650342031250000000e+05
4.183050500000000000e+06
4.120874375000000000e+05
6.510317968750000000e+04
2.116091093750000000e+05
5.910226171875000000e+04
5.376322500000000000e+05
8.680043125000000000e+05
1.873475625000000000e+05
1.179198281250000000e+05
2.144709250000000000e+06
7.360444531250000000e+04
2.821876562500000000e+04
2.628324062500000000e+05
2.517655600000000000e+07
1.230651171875000000e+05
5.996045703125000000e+04
4.580193359375000000e+04
2.420103593750000000e+05
4.405913671875000000e+04
1.384867500000000000e+05
4.484968000000000000e+06
2.663542500000000000e+06
9.477264062500000000e+04
1.102598625000000000e+06
3.692331250000000000e+04
2.205454218750000000e+05
3.378450937500000000e+05
6.079363671875000000e+04
8.330710625000000000e+05
1.836636718750000000e+04
6.105369628906250000e+03
1.452168281250000000e+05
1.474337625000000000e+06
1.777632226562500000e+04
4.423672500000000000e+05
6.823275500000000000e+06
1.675091406250000000e+05
2.385374804687500000e+04
2.931470937500000000e+05
1.460822200000000000e+07
2.456235200000000000e+07
2.454979736328125000e+03
1.251513300000000000e+07
1.162181472778320312e+02
6.526596679687500000e+02
8.767032320000000000e+09
2.585822998046875000e+03
1.963434326171875000e+03
7.862224121093750000e+02
7.214142187500000000e+04
1.045933906250000000e+05
1.441606718750000000e+05
1.468211625000000000e+06
5.404741406250000000e+04
1.315092968750000000e+05
5.200877187500000000e+05
1.429383593750000000e+04
2.403620781250000000e+05
3.229826875000000000e+05
1.680858437500000000e+05
4.746517187500000000e+04
2.717380800000000000e+08
1.839786400000000000e+07
8.157371875000000000e+04
1.327425680000000000e+08
1.370967187500000000e+05
6.861513281250000000e+04
3.708502835200000000e+10
7.225155625000000000e+05
3.027539375000000000e+05
3.026550000000000000e+04
2.373759500000000000e+06
1.635849700000000000e+07
1.613108281250000000e+05
3.238178750000000000e+05
8.670529296875000000e+03
3.091483007812500000e+04
5.989623125000000000e+05
2.415755664062500000e+04
1.353122500000000000e+05
6.864112000000000000e+06
7.116470500000000000e+06
1.066622100000000000e+07
7.455757031250000000e+04
4.177994750000000000e+06
6.255594000000000000e+06
8.825589843750000000e+04
7.273313500000000000e+06
1.268162734375000000e+05
9.843425000000000000e+04
5.687344000000000000e+08
1.057714000000000000e+07
5.531212500000000000e+05
9.201866880000000000e+08
1.345533500000000000e+06
1.024835937500000000e+06
1.497963360000000000e+08
2.191496750000000000e+06
7.100641875000000000e+05
1.232333375000000000e+06
2.838950400000000000e+08
6.335001600000000000e+07
6.942879375000000000e+05
9.771333600000000000e+07
2.533571600000000000e+07
2.176660400000000000e+07
5.300621875000000000e+04
5.293464355468750000e+03
1.160598375000000000e+06
1.283019409179687500e+03
2.237756054687500000e+04
1.777746337890625000e+03
4.098017089843750000e+03
6.747066406250000000e+04
6.492604492187500000e+03
1.297573486328125000e+03
3.979393066406250000e+03
1.400169500000000000e+07
5.074392640000000000e+08
1.921269600000000000e+07
1.809720875000000000e+06
1.204181700000000000e+07
3.608512250000000000e+06
4.582242812500000000e+05
1.954532480000000000e+08
1.556066600000000000e+07
5.786493125000000000e+05
5.974835200000000000e+09
6.775771520000000000e+08
1.400169500000000000e+07
2.304348774400000000e+10
5.074392640000000000e+08
1.921269600000000000e+07
2.142487424000000000e+09
1.204181700000000000e+07
3.608512250000000000e+06
1.954532480000000000e+08
7.200489472000000000e+10
5.974835200000000000e+09
6.775771520000000000e+08
2.304348774400000000e+10
2.142487424000000000e+09
7.200489472000000000e+10
1.179776300000000000e+07
6.922872500000000000e+05
4.145027812500000000e+05
1.179776300000000000e+07
4.328860500000000000e+06
4.605171875000000000e+05
2.290621406250000000e+05
5.808692500000000000e+06
1.343453613281250000e+03
2.299999062500000000e+05
3.584343017578125000e+03
8.264193750000000000e+04
6.185037597656250000e+03
1.111391906738281250e+02
1.141652929687500000e+04
3.948180236816406250e+02
7.116470500000000000e+06
1.125728900000000000e+07
1.183458046875000000e+05
7.033581500000000000e+06
5.353947265625000000e+04
6.725455468750000000e+04
8.755414400000000000e+08
4.246288671875000000e+04
2.901330312500000000e+05
9.585424218750000000e+04
2.608420000000000000e+05
1.942457656250000000e+05
1.071597600000000000e+07
1.871576375000000000e+06
1.022186880000000000e+08
2.061305273437500000e+04
1.629209250000000000e+06
2.911866601562500000e+04
6.313345625000000000e+05
6.776495360000000000e+08
8.503285000000000000e+06
1.677834843750000000e+05
3.760652000000000000e+07
1.020937988281250000e+04
3.299654062500000000e+05
4.686990625000000000e+05
7.843010742187500000e+03
4.160028125000000000e+04
7.224502929687500000e+03
8.903446289062500000e+03
4.382604687500000000e+05
4.527376875000000000e+05
1.846756713867187500e+03
2.750465820312500000e+04
5.441535156250000000e+03
5.788511230468750000e+03
7.939264375000000000e+05
7.419443359375000000e+03
9.695828857421875000e+02
1.489048339843750000e+03
2.169748593750000000e+05
5.682732421875000000e+04
7.224502929687500000e+03
3.684164550781250000e+03
3.932309265136718750e+02
5.253627929687500000e+02
2.083890156250000000e+05
4.358666406250000000e+04
5.441535156250000000e+03
5.842777832031250000e+03
3.633181396484375000e+03
9.695828857421875000e+02
2.169748593750000000e+05
3.088126220703125000e+03
2.529026855468750000e+03
3.932309265136718750e+02
2.083890156250000000e+05
5.842777832031250000e+03
3.088126220703125000e+03
3.066256500000000000e+06
2.839966800000000000e+07
9.935891875000000000e+05
2.803170937500000000e+05
2.238908125000000000e+05
1.011478203125000000e+05
2.060949218750000000e+04
1.853913750000000000e+05
2.998374375000000000e+05
5.523944702148437500e+02
2.609398000000000000e+07
4.698650400000000000e+07
4.848128750000000000e+05
3.573208800000000000e+07
1.902988625000000000e+06
1.943085781250000000e+05
5.446025000000000000e+05
1.465618125000000000e+05
7.771435058593750000e+03
8.481108398437500000e+03
4.420041600000000000e+08
4.510662500000000000e+06
7.726271000000000000e+06
1.141807375000000000e+06
2.882121679687500000e+04
1.446816200000000000e+07
6.437912500000000000e+04
1.520960156250000000e+05
2.292017968750000000e+05
4.812726250000000000e+05
2.351053281250000000e+05
5.720309448242187500e+02
5.390168750000000000e+04
1.025889746093750000e+04
2.145372343750000000e+05
5.390168750000000000e+04
7.065766250000000000e+05
1.878617500000000000e+05
9.582937500000000000e+04
5.424700000000000000e+05
6.921420625000000000e+05
1.675236562500000000e+05
1.708665625000000000e+05
1.210552250000000000e+06
8.692531250000000000e+04
4.524152187500000000e+05
4.527376875000000000e+05
9.431954687500000000e+04
1.068630000000000000e+05
6.308380625000000000e+05
5.046782421875000000e+04
4.377346250000000000e+05
1.063525078125000000e+05
2.450717500000000000e+05
1.035080000000000000e+05
4.165657000000000000e+06
3.562769062500000000e+05
1.210552250000000000e+06
1.445078281250000000e+05
6.004497265625000000e+04
2.477264257812500000e+04
1.028191750000000000e+06
1.044803281250000000e+05
6.308380625000000000e+05
2.844505312500000000e+05
6.424548437500000000e+04
2.450717500000000000e+05
4.165657000000000000e+06
1.206448906250000000e+05
6.744615625000000000e+04
6.004497265625000000e+04
1.028191750000000000e+06
2.844505312500000000e+05
1.206448906250000000e+05
1.104677900000000000e+07
4.388573125000000000e+05
6.200665000000000000e+05
2.797674375000000000e+05
9.802502000000000000e+06
8.900207812500000000e+04
2.100479882812500000e+04
4.331986718750000000e+04
7.483718750000000000e+04
5.016100000000000000e+06
1.741889375000000000e+05
7.564479375000000000e+05
2.077839218750000000e+05
8.872935156250000000e+04
7.614398125000000000e+05
1.833267812500000000e+05
4.149907421875000000e+04
3.519451875000000000e+05
6.425774218750000000e+04
7.165206250000000000e+04
4.138520703125000000e+04
1.027088437500000000e+05
3.930731250000000000e+04
1.372127500000000000e+05
6.453077734375000000e+04
2.143095117187500000e+04
4.537896875000000000e+04
2.449471679687500000e+04
4.124926562500000000e+04
1.481286914062500000e+04
4.451006640625000000e+04
1.838919600000000000e+07
2.968183360000000000e+08
6.514698028564453125e+01
1.726869218750000000e+05
8.051857600000000000e+07
1.272531280517578125e+02
3.344530937500000000e+05
6.688026428222656250e+01
6.132096250000000000e+05
2.827766227722167969e+01
1.242022297600000000e+10
6.870569458007812500e+02
1.177590750000000000e+06
2.040622558593750000e+02
4.878607500000000000e+06
4.983186721801757812e+01
5.198632202148437500e+02
4.116494000000000000e+06
8.653975677490234375e+01
4.700985336303710938e+01
6.450543457031250000e+03
9.341923200000000000e+07
3.552102661132812500e+02
1.187729492187500000e+02
2.681867980957031250e+02
2.393091064453125000e+03
3.077014375000000000e+05
1.268194125000000000e+06
6.864813750000000000e+05
9.659815200000000000e+07
2.300175048828125000e+03
9.668364062500000000e+04
6.297983203125000000e+04
6.978407031250000000e+04
2.771719600000000000e+07
6.075203125000000000e+05
8.474138671875000000e+03
1.132911125000000000e+06
1.301696796875000000e+05
7.046620000000000000e+06
5.786493125000000000e+05
7.721560156250000000e+04
1.245751269531250000e+04
4.734660937500000000e+05
6.943409000000000000e+06
1.301696796875000000e+05
7.046620000000000000e+06
7.721560156250000000e+04
6.943409000000000000e+06
2.145386500000000000e+06
2.663801562500000000e+04
2.505087695312500000e+04
9.854245625000000000e+05
2.792635351562500000e+04
8.810673750000000000e+05
1.260877656250000000e+05
1.705782421875000000e+04
2.076991943359375000e+03
1.152779394531250000e+04
1.960773593750000000e+05
6.244014843750000000e+04
7.617694091796875000e+02
8.642884521484375000e+02
3.397785156250000000e+04
5.506679687500000000e+02
4.088485625000000000e+05
6.899185000000000000e+05
7.170696093750000000e+04
4.088485625000000000e+05
4.648555937500000000e+05
4.948147656250000000e+04
2.553970625000000000e+05
2.163875500000000000e+06
2.535326400000000000e+07
3.949456500000000000e+06
2.483584750000000000e+06
1.158395781250000000e+05
1.580851400000000000e+07
1.022186880000000000e+08
3.832898000000000000e+06
2.998133250000000000e+06
1.396260449218750000e+04
9.658457812500000000e+04
9.195260000000000000e+06
2.505887000000000000e+06
8.078776250000000000e+05
2.751790312500000000e+05
2.138846412800000000e+10
3.239242496000000000e+09
1.856609875000000000e+06
8.311826400000000000e+07
2.796279375000000000e+05
4.591814375000000000e+05
1.420379776000000000e+09
7.926418125000000000e+05
2.148488400000000000e+07
1.965675312500000000e+05
7.113662720000000000e+08
9.013388800000000000e+07
1.544073125000000000e+06
6.854148000000000000e+07
3.339689375000000000e+05
1.847952968750000000e+05
7.200489472000000000e+10
9.190058400000000000e+07
1.995158720000000000e+08
3.234618500000000000e+06
8.258744800000000000e+07
2.808684134400000000e+10
2.225424000000000000e+07
1.333037200000000000e+07
1.581168100000000000e+07
8.765561856000000000e+09
1.939766912000000000e+09
9.082318359375000000e+03
3.686975937500000000e+05
5.863611718750000000e+04
2.226354375000000000e+05
1.468211625000000000e+06
1.860713200000000000e+07
4.901438671875000000e+04
4.415028906250000000e+04
3.001736250000000000e+05
3.838464843750000000e+04
1.818118437500000000e+05
3.224106250000000000e+04
4.544063671875000000e+04
2.982196250000000000e+05
4.333665312500000000e+05
1.626999875000000000e+06
7.455359375000000000e+04
1.950679687500000000e+05
3.041442773437500000e+04
3.799376500000000000e+06
2.829729687500000000e+05
4.459756000000000000e+07
1.014216113281250000e+04
9.574150000000000000e+04
3.946266406250000000e+04
1.291986230468750000e+04
2.415322265625000000e+04
1.142597421875000000e+05
2.454656445312500000e+04
4.357082500000000000e+06
3.546057500000000000e+05
1.021699000000000000e+07
1.296217578125000000e+05
4.221230859375000000e+04
4.593360000000000000e+05
2.220920800000000000e+07
6.298461425781250000e+03
6.791210156250000000e+04
1.941883398437500000e+04
2.779250937500000000e+05
1.845015200000000000e+07
9.703855468750000000e+04
5.351313281250000000e+04
5.424700000000000000e+05
2.524692656250000000e+05
5.835404375000000000e+05
8.144622656250000000e+04
1.659290500000000000e+06
6.339702343750000000e+04
1.386526093750000000e+05
2.659724609375000000e+04
1.081528250000000000e+06
9.679214062500000000e+04
4.597997500000000000e+05
2.946401562500000000e+05
1.203937500000000000e+04
5.253200000000000000e+04
1.273779609375000000e+05
1.378358593750000000e+05
1.494756347656250000e+04
6.026493750000000000e+05
1.256486640000000000e+08
1.066622100000000000e+07
6.709128750000000000e+05
9.466861875000000000e+05
7.730613125000000000e+05
1.418625937500000000e+05
1.022186880000000000e+08
5.278314000000000000e+06
4.527376875000000000e+05
1.486779520000000000e+08
1.056605100000000000e+07
6.026493750000000000e+05
1.733822464000000000e+10
1.256486640000000000e+08
1.066622100000000000e+07
2.963911680000000000e+08
9.466861875000000000e+05
7.730613125000000000e+05
1.022186880000000000e+08
7.200489472000000000e+10
1.486779520000000000e+08
1.056605100000000000e+07
1.733822464000000000e+10
2.963911680000000000e+08
7.200489472000000000e+10
2.098578437500000000e+05
4.494275781250000000e+04
2.188111877441406250e+02
1.479900781250000000e+05
1.501382812500000000e+04
9.761607031250000000e+04
3.049005468750000000e+04
2.580637207031250000e+02
3.062828710937500000e+04
4.577390000000000000e+05
7.616160644531250000e+03
1.104034843750000000e+05
1.041160644531250000e+04
4.621390625000000000e+03
3.971233593750000000e+04
5.875958984375000000e+03
4.673541503906250000e+03
1.124171875000000000e+05
1.449329375000000000e+05
4.629170312500000000e+04
1.739849218750000000e+04
1.537483593750000000e+05
1.790690625000000000e+05
2.899145312500000000e+04
1.825652187500000000e+05
3.885535156250000000e+04
1.134108875000000000e+06
2.488919062500000000e+05
1.211612109375000000e+05
6.615244375000000000e+05
3.259420625000000000e+05
1.579880957031250000e+04
8.618019531250000000e+04
4.160214250000000000e+06
8.224393750000000000e+04
2.488693593750000000e+05
1.188697343750000000e+05
1.890350800000000000e+07
1.837583600000000000e+07
5.261538281250000000e+04
7.273313500000000000e+06
6.430572753906250000e+03
3.941083593750000000e+04
1.188273536000000000e+09
4.782597812500000000e+05
4.477794062500000000e+05
3.160160000000000000e+05
7.058746500000000000e+06
1.649140500000000000e+06
1.921269600000000000e+07
1.365596250000000000e+05
7.453035625000000000e+05
2.835100195312500000e+04
1.029718906250000000e+05
6.230176000000000000e+07
3.191160312500000000e+05
3.934194687500000000e+05
1.784028515625000000e+04
2.102326500000000000e+06
1.648159062500000000e+05
4.065079750000000000e+06
2.383433281250000000e+05
2.545543750000000000e+04
5.631888750000000000e+05
1.336614532470703125e+02
3.966317812500000000e+05
1.250189666748046875e+02
1.334199066162109375e+02
2.786206000000000000e+07
2.614586406250000000e+05
4.825920960000000000e+08
3.552356640625000000e+04
1.059002500000000000e+06
6.237437890625000000e+04
1.596535375000000000e+06
3.549646080000000000e+08
2.846179375000000000e+05
8.005407812500000000e+04
3.848237000000000000e+06
8.729917000000000000e+06
3.698438750000000000e+05
5.825751250000000000e+05
8.086320000000000000e+06
1.102377920000000000e+08
7.116470500000000000e+06
4.852365625000000000e+05
4.945660000000000000e+07
5.962204375000000000e+05
3.070713867187500000e+04
1.887827763200000000e+10
1.665487875000000000e+06
2.532442812500000000e+05
1.557174375000000000e+05
4.900477500000000000e+06
1.487038125000000000e+05
1.650342031250000000e+05
7.170934082031250000e+03
1.023228906250000000e+04
1.345270937500000000e+05
3.712273500000000000e+06
4.035880937500000000e+05
4.549975000000000000e+05
8.680043125000000000e+05
1.802347968750000000e+05
2.902966015625000000e+04
1.715780312500000000e+05
7.526598500000000000e+06
1.880671718750000000e+05
1.382162000000000000e+06
5.327060156250000000e+04
1.099390527343750000e+04
1.866653137207031250e+02
9.399624375000000000e+05
5.703201250000000000e+05
1.015719062500000000e+05
7.071786250000000000e+05
1.170660937500000000e+04
1.252509536743164062e+02
8.375656250000000000e+03
1.127144409179687500e+03
6.090198750000000000e+05
7.598417500000000000e+05
1.356091093750000000e+05
9.542415771484375000e+02
5.395005859375000000e+03
2.451323890686035156e+01
3.825302187500000000e+05
5.651907958984375000e+02
6.447603750000000000e+05
9.515594726562500000e+03
2.636282187500000000e+05
1.314860625000000000e+06
3.049483750000000000e+05
1.252026977539062500e+03
5.724501953125000000e+04
2.878071250000000000e+05
4.682147500000000000e+05
7.338058593750000000e+04
6.480892968750000000e+04
6.636779375000000000e+05
3.696463671875000000e+04
3.322091015625000000e+04
2.503048750000000000e+05
4.527376875000000000e+05
7.071314453125000000e+03
4.055112400000000000e+07
5.866754000000000000e+06
2.878071250000000000e+05
2.485774500000000000e+06
4.682147500000000000e+05
7.338058593750000000e+04
4.953200000000000000e+06
6.636779375000000000e+05
3.696463671875000000e+04
2.503048750000000000e+05
1.428756736000000000e+09
4.055112400000000000e+07
5.866754000000000000e+06
2.485774500000000000e+06
4.953200000000000000e+06
1.428756736000000000e+09
3.820441796875000000e+04
1.435252500000000000e+05
4.585730937500000000e+05
2.119211500000000000e+06
3.176450750000000000e+06
2.837003437500000000e+05
4.527376875000000000e+05
6.220624500000000000e+06
7.167071875000000000e+04
1.233493593750000000e+05
1.218021250000000000e+05
2.119211500000000000e+06
3.176450750000000000e+06
1.702882240000000000e+08
6.220624500000000000e+06
1.233493593750000000e+05
1.218021250000000000e+05
5.535645000000000000e+05
1.702882240000000000e+08
5.535645000000000000e+05
7.980544375000000000e+05
7.273313500000000000e+06
5.786493125000000000e+05
1.766661250000000000e+06
8.153157031250000000e+04
4.527376875000000000e+05
5.343098400000000000e+07
7.980544375000000000e+05
7.273313500000000000e+06
1.766661250000000000e+06
5.343098400000000000e+07
2.440115468750000000e+05
1.650342031250000000e+05
2.564160500000000000e+06
3.865613671875000000e+04
7.085139062500000000e+04
2.376936562500000000e+05
1.298846972656250000e+04
2.361094687500000000e+05
4.711223046875000000e+04
1.166555957031250000e+04
5.644701171875000000e+04
3.917298125000000000e+05
2.196593164062500000e+04
2.149198828125000000e+04
5.744057812500000000e+04
9.555518125000000000e+05
9.794356250000000000e+04
2.546427343750000000e+04
1.805983984375000000e+04
1.200299511718750000e+04
1.093840820312500000e+04
5.003220703125000000e+04
5.661404375000000000e+05
1.531490937500000000e+05
1.440140527343750000e+04
1.279028593750000000e+05
2.425080000000000000e+05
1.164783359375000000e+05
1.781798437500000000e+05
4.876486511230468750e+02
4.988378906250000000e+04
5.479871215820312500e+02
1.763388061523437500e+03
4.822763671875000000e+02
9.493539000000000000e+06
1.369562000000000000e+07
1.066622100000000000e+07
1.366278906250000000e+05
9.480365000000000000e+06
4.625042500000000000e+06
1.974407812500000000e+05
1.274885800000000000e+07
5.107817812500000000e+05
9.653604687500000000e+04
4.977554560000000000e+08
2.798893200000000000e+07
1.870844875000000000e+06
1.873893120000000000e+09
9.824687500000000000e+05
7.188002500000000000e+05
5.879340160000000000e+08
1.551397250000000000e+06
2.198568000000000000e+06
1.744323000000000000e+06
7.200489472000000000e+10
3.776372000000000000e+07
4.439282500000000000e+06
3.298254800000000000e+07
5.639768000000000000e+07
1.229013504000000000e+09
6.566544531250000000e+04
7.865798750000000000e+05
5.071953600000000000e+08
1.860713200000000000e+07
1.707107031250000000e+05
5.355986328125000000e+03
1.628519625000000000e+06
5.339818125000000000e+05
1.724571289062500000e+04
5.044929280000000000e+08
8.338468750000000000e+05
6.327670703125000000e+04
6.525055468750000000e+04
9.665584000000000000e+07
5.912620000000000000e+06
2.078638281250000000e+05
5.232730521600000000e+10
5.664602000000000000e+06
1.273152875000000000e+06
4.460159765625000000e+04
1.004291894531250000e+04
1.450330078125000000e+03
5.944127200000000000e+07
3.204420000000000000e+05
1.196133437500000000e+05
1.904450125000000000e+06
5.229626500000000000e+06
5.840286875000000000e+05
2.374760742187500000e+04
1.026695680000000000e+10
9.977991000000000000e+06
6.883038125000000000e+05
7.637449600000000000e+07
6.709282500000000000e+05
1.985520117187500000e+04
3.524037597656250000e+03
4.148954250000000000e+06
1.624363136000000000e+09
1.033771562500000000e+06
1.514638906250000000e+05
2.360932800000000000e+08
1.005305156250000000e+05
3.849378000000000000e+07
4.121455625000000000e+05
5.089791406250000000e+04
2.636661562500000000e+05
5.905121875000000000e+04
8.027165625000000000e+04
2.303164375000000000e+05
5.870124218750000000e+04
4.421665625000000000e+04
7.314905000000000000e+06
4.129941406250000000e+04
5.452791796875000000e+04
8.700485156250000000e+04
2.526685200000000000e+07
1.860713200000000000e+07
4.883894062500000000e+05
6.164256000000000000e+06
6.254080468750000000e+04
8.398470312500000000e+04
1.704816640000000000e+09
2.418929062500000000e+05
3.715318750000000000e+05
8.000202343750000000e+04
8.868536875000000000e+05
9.935891875000000000e+05
7.617392187500000000e+04
6.789981079101562500e+02
6.292366699218750000e+03
2.080764218750000000e+05
1.907652800000000000e+07
1.809720875000000000e+06
3.283947265625000000e+04
1.710316406250000000e+03
4.653461562500000000e+05
3.203587500000000000e+06
2.080764218750000000e+05
1.907652800000000000e+07
3.283947265625000000e+04
3.203587500000000000e+06
4.864709375000000000e+04
1.735323437500000000e+05
9.170112500000000000e+05
3.245559765625000000e+04
5.200877187500000000e+05
2.553750195312500000e+04
2.050155761718750000e+03
1.537295937500000000e+05
7.020928500000000000e+06
9.537173828125000000e+03
2.033792500000000000e+05
2.879633920000000000e+08
2.873071875000000000e+05
3.101296142578125000e+03
2.568447968750000000e+05
9.180670166015625000e+02
2.999774360656738281e+01
1.231934880000000000e+08
7.357664843750000000e+04
4.943410644531250000e+02
1.765614013671875000e+02
3.455869140625000000e+04
2.008482656250000000e+05
9.663034179687500000e+03
5.333668750000000000e+04
3.119137500000000000e+04
2.701928466796875000e+03
7.431054687500000000e+04
5.618537597656250000e+03
1.882071289062500000e+03
7.273313500000000000e+06
8.425296875000000000e+04
5.237392968750000000e+04
9.272379687500000000e+04
1.104799609375000000e+05
1.123464480000000000e+08
1.046987700000000000e+07
5.383665000000000000e+05
1.054918160000000000e+08
4.640762500000000000e+06
3.511449375000000000e+05
1.583675699200000000e+10
1.045623280000000000e+08
8.978689000000000000e+06
9.988545600000000000e+07
1.644646502400000000e+10
7.700695000000000000e+05
7.273313500000000000e+06
5.786493125000000000e+05
3.659940937500000000e+05
5.010516796875000000e+04
4.527376875000000000e+05
2.143253600000000000e+07
7.700695000000000000e+05
7.273313500000000000e+06
3.659940937500000000e+05
2.143253600000000000e+07
5.493645625000000000e+05
5.275998500000000000e+06
1.022186880000000000e+08
8.121170898437500000e+03
3.511273437500000000e+04
4.515992500000000000e+05
5.466453750000000000e+05
8.588648000000000000e+06
1.019237360000000000e+08
3.476576171875000000e+04
8.533472000000000000e+06
3.690307187500000000e+05
8.680478000000000000e+06
4.682147500000000000e+05
6.480892968750000000e+04
7.886632812500000000e+04
1.685247000000000000e+06
4.736445000000000000e+05
6.615478906250000000e+04
1.022186880000000000e+08
5.278314000000000000e+06
4.527376875000000000e+05
2.315340625000000000e+05
1.119411120000000000e+08
9.021969375000000000e+05
3.690307187500000000e+05
1.384809088000000000e+09
8.680478000000000000e+06
4.682147500000000000e+05
2.535238750000000000e+05
9.009460156250000000e+04
5.100715234375000000e+04
8.315632000000000000e+07
1.685247000000000000e+06
4.736445000000000000e+05
1.022186880000000000e+08
9.209231000000000000e+06
3.200010312500000000e+05
2.315340625000000000e+05
3.334326272000000000e+10
1.119411120000000000e+08
9.021969375000000000e+05
1.384809088000000000e+09
9.865850000000000000e+05
2.535238750000000000e+05
9.009460156250000000e+04
8.315632000000000000e+07
6.851664800000000000e+07
9.209231000000000000e+06
3.200010312500000000e+05
3.334326272000000000e+10
9.865850000000000000e+05
6.851664800000000000e+07
1.413156000000000000e+08
2.443814400000000000e+07
1.436389600000000000e+07
3.715233750000000000e+05
1.022186880000000000e+08
7.855412000000000000e+07
3.829533000000000000e+06
7.273313500000000000e+06
9.653604687500000000e+04
3.402208203125000000e+04
7.200489472000000000e+10
1.324316569600000000e+10
3.599118400000000000e+07
1.974045440000000000e+09
1.091150750000000000e+06
1.458444250000000000e+06
3.512611840000000000e+09
2.146554800000000000e+07
3.326521250000000000e+06
9.444003125000000000e+05
7.200489472000000000e+10
1.750235392000000000e+09
1.452701280000000000e+08
1.703670800000000000e+07
2.324422880000000000e+08
3.568637132800000000e+10
1.058693000000000000e+07
4.626778125000000000e+05
2.177773437500000000e+05
4.439380000000000000e+06
4.686990625000000000e+05
4.221648437500000000e+05
5.916317187500000000e+04
4.661070312500000000e+05
1.442601171875000000e+04
1.810438281250000000e+04
2.366720507812500000e+04
8.602489257812500000e+03
6.597950000000000000e+04
6.212638183593750000e+03
2.606240966796875000e+03
1.151722070312500000e+04
2.041348242187500000e+04
1.302040625000000000e+04
2.935114257812500000e+03
1.727709250000000000e+06
5.651790234375000000e+04
6.067976074218750000e+03
1.647426953125000000e+04
1.585130468750000000e+05
4.450259765625000000e+04
7.882080566406250000e+03
6.582483520507812500e+02
1.067906640625000000e+05
1.422013916015625000e+03
4.368979296875000000e+04
1.138933125000000000e+06
4.918216015625000000e+04
1.358633496093750000e+04
7.365253906250000000e+04
9.403485351562500000e+03
1.996567656250000000e+05
8.905353125000000000e+04
5.210803125000000000e+04
3.887422265625000000e+04
3.383342187500000000e+05
1.704015039062500000e+04
5.331782031250000000e+04
1.940230078125000000e+04
8.226340625000000000e+04
3.618384765625000000e+03
4.761308750000000000e+05
5.860854687500000000e+04
3.322198750000000000e+05
8.700029000000000000e+06
1.743706000000000000e+07
7.116470500000000000e+06
1.025813984375000000e+05
3.919364500000000000e+06
6.670830000000000000e+06
1.866244218750000000e+05
3.850102000000000000e+06
8.062357031250000000e+04
1.225703027343750000e+04
2.469747520000000000e+08
7.997130240000000000e+08
2.700086875000000000e+05
9.114215040000000000e+08
2.489707187500000000e+05
1.003613515625000000e+05
1.172761360000000000e+08
3.849980625000000000e+05
8.363485156250000000e+04
5.212726953125000000e+04
2.794774118400000000e+10
2.089300875000000000e+06
4.123000000000000000e+06
3.129013750000000000e+05
7.309577500000000000e+05
1.314324300000000000e+07
1.435284250000000000e+06
1.343252148437500000e+04
1.497329003906250000e+04
1.982767187500000000e+05
7.328121093750000000e+04
2.905810250000000000e+06
2.573372851562500000e+04
3.236456250000000000e+05
4.048149600000000000e+07
1.921269600000000000e+07
4.359215937500000000e+05
1.309035500000000000e+07
9.682823437500000000e+04
5.638416796875000000e+04
8.303955200000000000e+08
7.025725000000000000e+05
1.020118312500000000e+06
2.076789375000000000e+05
2.603678250000000000e+06
6.331476250000000000e+05
4.636986718750000000e+04
9.259552000000000000e+06
5.562457031250000000e+04
3.063281250000000000e+06
6.368304687500000000e+04
1.027259921875000000e+05
9.294983200000000000e+07
1.094979296875000000e+05
1.361165000000000000e+05
1.031505562500000000e+06
2.522537000000000000e+06
2.321184062500000000e+05
1.452702148437500000e+04
2.125226562500000000e+05
9.024737000000000000e+06
1.147048828125000000e+04
5.524780625000000000e+05
1.011355703125000000e+05
5.483139160156250000e+03
6.228807031250000000e+04
2.077831406250000000e+05
1.349779062500000000e+05
3.745623500000000000e+06
7.116470500000000000e+06
6.709128750000000000e+05
5.393249375000000000e+05
5.655247500000000000e+05
4.578818125000000000e+05
5.786493125000000000e+05
6.679368750000000000e+04
6.862254375000000000e+05
8.702584375000000000e+04
1.010052578125000000e+05
3.081086914062500000e+04
7.208088125000000000e+05
8.685305468750000000e+04
2.106392500000000000e+06
6.901020500000000000e+06
7.116470500000000000e+06
2.985528750000000000e+05
4.404623828125000000e+04
7.581025000000000000e+04
4.480901953125000000e+04
6.103868125000000000e+05
6.142074375000000000e+05
8.702584375000000000e+04
1.042071718750000000e+05
7.699814843750000000e+04
7.208088125000000000e+05
2.106392500000000000e+06
1.897511093750000000e+05
8.416719531250000000e+04
7.581025000000000000e+04
6.103868125000000000e+05
1.042071718750000000e+05
1.897511093750000000e+05
3.764897500000000000e+05
5.963823828125000000e+04
2.228425585937500000e+04
2.962906835937500000e+04
4.233741015625000000e+04
3.254814062500000000e+05
1.730814453125000000e+04
9.880133125000000000e+05
9.398571289062500000e+03
2.878795937500000000e+05
5.584917200000000000e+07
1.860713200000000000e+07
1.423468375000000000e+06
1.250847500000000000e+07
1.227246750000000000e+06
2.884902812500000000e+05
3.396465152000000000e+09
5.928128800000000000e+07
1.495182200000000000e+07
1.049727100000000000e+07
3.839680256000000000e+09
4.283533984375000000e+04
1.349779062500000000e+05
1.429267187500000000e+05
3.537521484375000000e+04
2.308780781250000000e+05
2.115003515625000000e+04
7.086087890625000000e+03
1.269021875000000000e+04
2.748865200000000000e+07
1.860713200000000000e+07
3.307943437500000000e+05
7.588089500000000000e+06
2.593381445312500000e+04
4.551037109375000000e+04
1.997318784000000000e+09
7.616533750000000000e+05
4.867521562500000000e+05
1.887525000000000000e+05
1.045909900000000000e+07
5.576088750000000000e+05
2.854917773437500000e+04
1.265632714843750000e+04
4.321554687500000000e+04
3.483779907226562500e+02
6.382818359375000000e+04
3.714732910156250000e+03
3.013022187500000000e+05
3.371193437500000000e+05
1.269427265625000000e+05
4.686990625000000000e+05
7.932736718750000000e+04
3.039690000000000000e+05
5.954959375000000000e+05
7.718931250000000000e+04
2.808442187500000000e+05
5.942615000000000000e+05
1.842749062500000000e+05
2.139449062500000000e+05
1.005799062500000000e+05
2.345139062500000000e+05
1.033197363281250000e+04
5.463014843750000000e+04
3.511962890625000000e+03
2.196214062500000000e+04
1.889967895507812500e+03
6.357095947265625000e+02
1.285617800000000000e+07
1.493092875000000000e+06
1.253807000000000000e+07
5.679136250000000000e+05
7.273313500000000000e+06
4.325914687500000000e+05
1.264696800000000000e+07
4.815301120000000000e+08
1.236826500000000000e+07
7.204424000000000000e+06
4.763605760000000000e+08
2.736000500000000000e+06
1.375720019531250000e+04
8.533103906250000000e+04
1.678361250000000000e+05
3.262894687500000000e+05
6.881200625000000000e+05
2.352957500000000000e+05
1.727826250000000000e+05
8.694839375000000000e+05
2.337849200000000000e+07
7.870030975341796875e+01
1.809720875000000000e+06
2.411135156250000000e+05
4.929399871826171875e+01
3.955490234375000000e+04
2.850754165649414062e+01
1.223090390625000000e+05
6.583823394775390625e+01
4.475580000000000000e+07
1.729218444824218750e+02
8.694839375000000000e+05
5.470684432983398438e+01
2.337849200000000000e+07
7.870030975341796875e+01
5.013270950317382812e+01
2.411135156250000000e+05
4.929399871826171875e+01
2.850754165649414062e+01
2.801619262695312500e+02
4.475580000000000000e+07
1.729218444824218750e+02
5.470684432983398438e+01
5.013270950317382812e+01
2.801619262695312500e+02
5.231302343750000000e+04
1.147304980468750000e+04
1.915305709838867188e+01
8.715353750000000000e+05
6.639016113281250000e+02
4.718240000000000000e+05
1.689695434570312500e+03
1.196306250000000000e+04
1.114393615722656250e+01
1.903270703125000000e+04
2.995167236328125000e+02
9.126792602539062500e+02
2.896541250000000000e+06
1.557808227539062500e+03
2.350748748779296875e+02
7.379679687500000000e+03
2.540715694427490234e+00
1.799553833007812500e+03
1.554780120849609375e+02
1.743486400000000000e+07
6.727421875000000000e+05
3.994739375000000000e+05
1.743486400000000000e+07
3.148682031250000000e+04
1.135726806640625000e+03
1.072504609375000000e+05
1.365205625000000000e+05
6.555997070312500000e+03
1.407679296875000000e+04
5.008897265625000000e+04
4.371751250000000000e+05
2.901283203125000000e+04
9.087371875000000000e+05
5.424700000000000000e+05
5.016100000000000000e+06
2.794343750000000000e+05
2.276621750000000000e+06
7.262391875000000000e+05
1.879059250000000000e+06
7.149014375000000000e+05
1.832767125000000000e+06
5.161457421875000000e+04
1.411093000000000000e+06
8.088303125000000000e+04
1.241410125000000000e+06
1.852204500000000000e+06
6.180025625000000000e+05
5.318881640625000000e+04
1.953542968750000000e+05
1.190109687500000000e+05
8.204449218750000000e+04
1.247695605468750000e+04
3.772085312500000000e+05
2.093784531250000000e+05
2.356077148437500000e+04
2.505691000000000000e+06
3.419937890625000000e+04
3.680778125000000000e+04
1.086822160000000000e+08
3.066532031250000000e+04
1.788362109375000000e+04
3.051060312500000000e+05
5.055401250000000000e+05
4.686990625000000000e+05
1.259716562500000000e+05
4.085598828125000000e+04
7.280191000000000000e+06
1.751611250000000000e+05
8.900675000000000000e+04
4.605469000000000000e+06
2.613026855468750000e+03
3.974765777587890625e+01
2.198495941162109375e+02
1.022186880000000000e+08
3.826126750000000000e+06
9.648625781250000000e+04
3.248452148437500000e+03
2.362845214843750000e+03
2.657896423339843750e+01
2.144660000000000000e+07
1.195194702148437500e+03
1.634849875000000000e+06
4.560815917968750000e+03
1.774113769531250000e+03
3.886494628906250000e+03
3.629762400000000000e+07
9.054876708984375000e+01
1.950053750000000000e+06
2.354825000000000000e+05
1.258192749023437500e+02
7.855412000000000000e+07
4.778451000000000000e+06
9.653233337402343750e+01
5.357913589477539062e+01
3.563057812500000000e+05
2.345705261230468750e+02
1.308530790400000000e+10
3.285759200000000000e+07
1.264159545898437500e+02
7.478344726562500000e+01
1.425362000000000000e+06
2.807551574707031250e+02
1.221451263427734375e+02
4.885599200000000000e+07
8.210552215576171875e+01
8.752207641601562500e+02
2.430598754882812500e+02
9.939920896000000000e+09
1.034517822265625000e+02
2.605413208007812500e+02
7.920106201171875000e+02
1.210883625000000000e+06
8.622080468750000000e+04
2.087404296875000000e+03
8.194083007812500000e+03
4.795383300781250000e+03
3.238178750000000000e+05
7.660821777343750000e+03
1.251153686523437500e+03
1.369328125000000000e+03
2.879633920000000000e+08
1.860713200000000000e+07
1.921269600000000000e+07
4.226374626159667969e-01
1.022186880000000000e+08
7.855412000000000000e+07
0.000000000000000000e+00
7.273313500000000000e+06
0.000000000000000000e+00
0.000000000000000000e+00
3.142992076800000000e+10
1.791988121600000000e+10
2.083926916122436523e+00
1.219212160000000000e+09
2.327147960662841797e+00
2.700105428695678711e+00
3.512611840000000000e+09
9.237349033355712891e-02
2.615942955017089844e+00
1.966486454010009766e+00
7.200489472000000000e+10
7.378879547119140625e+00
1.490052509307861328e+01
2.049097061157226562e+01
9.170378684997558594e+00
1.081015243530273438e+02
1.989036400000000000e+07
7.385864062500000000e+04
7.631279687500000000e+04
1.211036796875000000e+05
4.427729296875000000e+04
1.809720875000000000e+06
3.920185156250000000e+04
1.030671875000000000e+05
1.449329375000000000e+05
4.370474500000000000e+06
4.686990625000000000e+05
1.359232187500000000e+05
1.091057890625000000e+05
7.817387500000000000e+04
3.981271093750000000e+04
3.254814062500000000e+05
5.200877187500000000e+05
5.024534062500000000e+05
2.057112109375000000e+04
4.239796875000000000e+05
9.643426562500000000e+04
1.677491015625000000e+04
3.986460937500000000e+04
1.893438437500000000e+05
4.926219200000000000e+07
3.720882812500000000e+04
1.264274453125000000e+05
1.160420605468750000e+04
1.552259375000000000e+05
1.647062187500000000e+05
2.522012031250000000e+05
1.505550312500000000e+05
2.099071875000000000e+04
5.675648437500000000e+04
4.936346679687500000e+03
5.319737500000000000e+06
3.333875312500000000e+05
1.225055156250000000e+05
9.684905000000000000e+05
5.222085546875000000e+04
2.082477734375000000e+04
6.918786718750000000e+04
8.116663125000000000e+05
3.755928125000000000e+05
1.346104394531250000e+04
1.770780859375000000e+04
1.474358900000000000e+07
4.416397656250000000e+04
1.561828125000000000e+05
3.007831640625000000e+04
2.968010498046875000e+03
3.046257019042968750e+02
3.015244062500000000e+05
5.684163281250000000e+04
1.057717480468750000e+04
5.668260000000000000e+05
1.441606718750000000e+05
3.046873437500000000e+05
5.207464453125000000e+04
2.839966800000000000e+07
1.860713200000000000e+07
5.512935156250000000e+04
9.259552000000000000e+06
3.694966015625000000e+04
5.812073046875000000e+04
2.313243136000000000e+09
1.064642875000000000e+06
3.216820625000000000e+05
2.713345000000000000e+05
8.697988000000000000e+06
2.317064094543457031e+01
3.492355728149414062e+01
6.178580474853515625e+01
5.527138671875000000e+04
1.930448281250000000e+05
1.402657714843750000e+04
1.678814888000488281e+01
7.259143829345703125e+01
5.424458312988281250e+01
9.786047851562500000e+03
8.378800964355468750e+01
1.618645900000000000e+07
4.626954062500000000e+05
1.022186880000000000e+08
7.410785644531250000e+03
3.035569500000000000e+06
5.917433984375000000e+04
1.069893515625000000e+05
1.441803904000000000e+09
6.602122500000000000e+05
2.053863867187500000e+04
8.493553125000000000e+05
3.048091250000000000e+05
6.879112548828125000e+02
1.114030151367187500e+02
6.203611328125000000e+04
2.879633920000000000e+08
7.632480468750000000e+04
1.597767031250000000e+05
4.703988750000000000e+05
1.724678320312500000e+04
7.874851250000000000e+05
1.235356015625000000e+05
5.732319921875000000e+04
3.182235750000000000e+06
2.879633920000000000e+08
1.860713200000000000e+07
1.730316250000000000e+05
3.250575250000000000e+06
5.740695625000000000e+05
2.140327343750000000e+04
1.022186880000000000e+08
6.941198750000000000e+05
6.359140625000000000e+04
1.622632064000000000e+09
2.231202250000000000e+06
1.751656406250000000e+05
3.142992076800000000e+10
4.827729000000000000e+06
1.294938500000000000e+06
1.475963680000000000e+08
5.959623750000000000e+05
8.063126562500000000e+04
6.276886250000000000e+05
4.113426432000000000e+10
4.173681600000000000e+07
1.681652187500000000e+05
5.466583600000000000e+07
7.435718500000000000e+06
4.928430080000000000e+08
2.682876562500000000e+05
4.638189375000000000e+05
2.110737500000000000e+04
7.354483032226562500e+02
4.936296562500000000e+05
1.136434531250000000e+05
5.695236816406250000e+03
4.276406250000000000e+02
4.505134687500000000e+05
7.065401855468750000e+03
7.354483032226562500e+02
4.936296562500000000e+05
5.695236816406250000e+03
7.065401855468750000e+03
3.414557031250000000e+04
3.432444335937500000e+03
2.852158398437500000e+04
4.301936523437500000e+03
1.408440000000000000e+05
8.112657600000000000e+07
1.542866875000000000e+05
1.022186880000000000e+08
4.450582031250000000e+04
7.314905000000000000e+06
5.962521484375000000e+04
1.411333750000000000e+05
3.652594176000000000e+09
4.240254687500000000e+04
8.903171093750000000e+04
2.144916093750000000e+05
4.250518750000000000e+04
7.344936250000000000e+05
1.335990875000000000e+06
4.949554000000000000e+06
1.617944628906250000e+04
4.421930625000000000e+05
1.980669218750000000e+05
1.457010644531250000e+04
8.589150390625000000e+03
3.774033984375000000e+04
1.335990875000000000e+06
4.949554000000000000e+06
1.138390500000000000e+07
1.980669218750000000e+05
8.589150390625000000e+03
3.774033984375000000e+04
1.105691250000000000e+05
1.138390500000000000e+07
1.105691250000000000e+05
2.646795043945312500e+02
5.126604003906250000e+03
9.580899218750000000e+04
1.168164843750000000e+04
5.437072753906250000e+03
1.131968457031250000e+04
1.145970250000000000e+06
3.372839687500000000e+05
3.212623750000000000e+05
3.321086875000000000e+05
2.766821250000000000e+05
1.618772167968750000e+04
6.460220703125000000e+04
2.409136400000000000e+07
1.511693750000000000e+05
2.116614000000000000e+06
6.095718359375000000e+04
5.689988671875000000e+04
1.096517578125000000e+05
1.560711328125000000e+04
1.382682187500000000e+05
1.527914875000000000e+06
1.039707031250000000e+02
8.166288452148437500e+02
2.228401600000000000e+07
1.806546020507812500e+01
5.072215040000000000e+08
1.743773841857910156e+01
3.053280000000000000e+06
1.680363464355468750e+01
1.877248573303222656e+01
3.059911424000000000e+09
1.693115234375000000e+01
1.716578292846679688e+01
1.794044685363769531e+01
1.782102375000000000e+06
1.487042400000000000e+07
2.595781600000000000e+07
2.357505000000000000e+06
1.351295875000000000e+06
8.137271875000000000e+05
2.049300156250000000e+05
7.273313500000000000e+06
5.786493125000000000e+05
4.527376875000000000e+05
1.884968000000000000e+07
2.120050000000000000e+07
1.782102375000000000e+06
2.058571520000000000e+09
1.487042400000000000e+07
2.595781600000000000e+07
4.552212400000000000e+07
1.351295875000000000e+06
8.137271875000000000e+05
7.273313500000000000e+06
1.624371680000000000e+08
1.884968000000000000e+07
2.120050000000000000e+07
2.058571520000000000e+09
4.552212400000000000e+07
1.624371680000000000e+08
6.610785000000000000e+06
5.553334765625000000e+04
3.312012109375000000e+04
3.110869687500000000e+05
5.513274800000000000e+07
2.226621875000000000e+05
3.846835500000000000e+06
6.966264500000000000e+06
1.364367343750000000e+05
5.424700000000000000e+05
4.167406000000000000e+06
1.468211625000000000e+06
1.965597600000000000e+07
4.994579062500000000e+05
6.400489062500000000e+04
1.484210156250000000e+05
1.980086375000000000e+06
4.382604687500000000e+05
7.721300000000000000e+05
6.951365625000000000e+04
2.215034531250000000e+05
4.694215000000000000e+05
6.165826250000000000e+05
1.242114750000000000e+06
8.963531250000000000e+05
3.414622812500000000e+05
7.661596000000000000e+07
3.382581750000000000e+06
4.425336800000000000e+07
1.414450312500000000e+05
9.240644531250000000e+04
3.427990625000000000e+05
6.156355468750000000e+04
1.522097812500000000e+05
2.083943750000000000e+05
3.336825000000000000e+04
1.225718300000000000e+07
6.589058125000000000e+05
4.816186500000000000e+06
9.096641250000000000e+05
2.024366562500000000e+05
8.143676250000000000e+05
1.864106880000000000e+08
2.172305859375000000e+04
1.926169062500000000e+05
2.260991210937500000e+04
1.532402500000000000e+05
7.031573600000000000e+07
7.815760000000000000e+05
2.444706406250000000e+05
2.879633920000000000e+08
1.860713200000000000e+07
5.398827343750000000e+04
1.022186880000000000e+08
3.125512187500000000e+05
7.985856250000000000e+04
3.142992076800000000e+10
1.962765125000000000e+06
1.783353906250000000e+05
8.247691250000000000e+05
5.754130500000000000e+06
1.669717968750000000e+05
1.650342031250000000e+05
1.489344628906250000e+04
4.779750781250000000e+04
6.513976250000000000e+05
1.762056093750000000e+05
5.016100000000000000e+06
3.331146484375000000e+03
1.425357812500000000e+05
1.004688875000000000e+06
3.688838378906250000e+03
2.887757187500000000e+05
5.774509277343750000e+03
3.240142089843750000e+03
6.848607812500000000e+04
1.612833500000000000e+06
4.933847167968750000e+03
6.049912500000000000e+04
1.680256347656250000e+03
1.030708203125000000e+04
1.790287656250000000e+05
1.068036230468750000e+04
4.753901855468750000e+03
4.943659667968750000e+03
3.585258593750000000e+04
1.947650756835937500e+03
1.252503906250000000e+04
6.868499511718750000e+03
7.797324707031250000e+03
8.935918945312500000e+03
1.870051875000000000e+05
6.100120625000000000e+05
5.548990722656250000e+03
2.213158984375000000e+04
2.488540250000000000e+06
3.195600195312500000e+04
6.247076171875000000e+04
4.489797187500000000e+05
1.349779062500000000e+05
2.742427000000000000e+06
2.202573242187500000e+03
3.796384062500000000e+05
1.286090454101562500e+03
2.770841308593750000e+03
6.946588281250000000e+04
7.387888183593750000e+02
6.711314062500000000e+04
2.296265625000000000e+03
1.652708398437500000e+04
2.191360800000000000e+07
9.935891875000000000e+05
1.856392000000000000e+07
1.371170500000000000e+06
1.847165312500000000e+05
2.570058250000000000e+06
7.109376250000000000e+05
1.629771406250000000e+05
3.428834960937500000e+03
2.651519062500000000e+05
1.354624480000000000e+08
1.290421440000000000e+08
1.691425200000000000e+07
1.677388800000000000e+07
9.882103125000000000e+05
1.430137500000000000e+07
3.555631500000000000e+06
1.511569687500000000e+05
2.167432000000000000e+06
1.306006640625000000e+05
4.567606400000000000e+07
1.396004960000000000e+08
1.188778400000000000e+08
1.809754000000000000e+07
3.282152250000000000e+06
5.153926000000000000e+07
1.289712800000000000e+08
1.329008300000000000e+07
5.217063671875000000e+04
7.855412000000000000e+07
1.717104531250000000e+05
5.356531250000000000e+04
1.242216550400000000e+10
3.389565625000000000e+05
1.823980859375000000e+04
1.568892187500000000e+05
7.348608125000000000e+05
1.130646718750000000e+05
2.345139062500000000e+05
5.016100000000000000e+06
1.809720875000000000e+06
3.443091562500000000e+05
2.089256875000000000e+05
1.586589000000000000e+06
9.550466406250000000e+04
5.591786875000000000e+05
3.716145312500000000e+04
1.047055187500000000e+06
4.785826562500000000e+04
4.821177000000000000e+06
6.897237500000000000e+05
3.822880937500000000e+05
8.730551757812500000e+03
3.024362187500000000e+05
2.668497812500000000e+05
8.080115625000000000e+04
1.984018125000000000e+06
1.146941484375000000e+05
4.625042500000000000e+06
1.436819375000000000e+05
5.388852734375000000e+04
3.972874375000000000e+05
1.425705781250000000e+05
4.003400390625000000e+04
3.869105937500000000e+05
2.900417187500000000e+05
1.657727500000000000e+05
2.975809687500000000e+05
1.650342031250000000e+05
5.016100000000000000e+06
1.756293200000000000e+07
1.806893125000000000e+05
7.179042968750000000e+04
2.117942500000000000e+05
4.371751250000000000e+05
8.840753125000000000e+04
2.634408398437500000e+04
7.068751250000000000e+05
8.402820312500000000e+04
4.650077734375000000e+04
4.847948046875000000e+04
5.991845625000000000e+05
3.780730859375000000e+04
4.758764000000000000e+06
2.976896000000000000e+06
3.388958750000000000e+06
6.306578906250000000e+04
1.933485937500000000e+04
5.227148437500000000e+04
4.894809082031250000e+03
3.720626875000000000e+05
2.685779687500000000e+05
4.757770703125000000e+04
4.322240625000000000e+05
4.159722265625000000e+04
7.822839843750000000e+04
3.060772750000000000e+06
2.806805468750000000e+04
4.254219726562500000e+03
7.555276855468750000e+03
4.539577500000000000e+05
1.061370078125000000e+05
7.579528320312500000e+03
3.729234375000000000e+05
1.710501562500000000e+05
4.099200390625000000e+04
1.844714843750000000e+05
8.172167187500000000e+04
2.114329687500000000e+04
4.012883984375000000e+04
2.721493760000000000e+08
1.231771484375000000e+05
8.993398750000000000e+05
4.209687500000000000e+06
3.865613671875000000e+04
1.634673281250000000e+05
3.830756591796875000e+03
3.962543359375000000e+04
3.672996484375000000e+04
3.299654062500000000e+05
3.277334062500000000e+05
2.003917656250000000e+05
1.235352500000000000e+05
6.061820312500000000e+03
1.048972578125000000e+05
4.784845312500000000e+04
2.204614453125000000e+04
1.076013378906250000e+04
1.614342656250000000e+05
2.112016210937500000e+04
9.429221093750000000e+04
9.886561523437500000e+03
2.144958007812500000e+04
6.947698242187500000e+03
5.482412109375000000e+03
8.848394531250000000e+03
4.125102539062500000e+03
1.806707031250000000e+05
4.293736562500000000e+05
1.327481269836425781e-01
8.051172256469726562e+00
5.407836000000000000e+06
3.294219493865966797e+00
2.154353857040405273e+00
1.244212532043457031e+01
1.922015375000000000e+06
2.172910742187500000e+04
1.240957812500000000e+05
1.747363437500000000e+05
2.345139062500000000e+05
5.016100000000000000e+06
2.797253125000000000e+05
6.175223144531250000e+03
2.653456562500000000e+05
1.586589000000000000e+06
1.764761596679687500e+03
2.905140000000000000e+05
3.827257812500000000e+04
1.047055187500000000e+06
3.696749218750000000e+04
1.242612375000000000e+06
3.754167968750000000e+04
4.615773437500000000e+04
1.134440185546875000e+03
6.743907031250000000e+04
9.406013281250000000e+04
5.664562011718750000e+03
5.229232500000000000e+06
1.921269600000000000e+07
2.794343750000000000e+05
1.146434875000000000e+06
1.654444726562500000e+04
3.397801562500000000e+04
9.618466400000000000e+07
7.111105625000000000e+05
2.553438000000000000e+06
6.501426953125000000e+04
1.422674800000000000e+07
1.434465875000000000e+06
1.971124218750000000e+04
3.296665234375000000e+04
5.823519531250000000e+04
1.370818281250000000e+05
1.617393906250000000e+05
1.122046289062500000e+04
1.108406718750000000e+05
1.054445859375000000e+05
7.251906250000000000e+05
1.263405517578125000e+03
1.944475976562500000e+04
2.532846406250000000e+05
2.570745703125000000e+04
1.237287265625000000e+05
1.716366796875000000e+04
1.425937031250000000e+05
1.284408813476562500e+03
1.335969970703125000e+03
3.875812500000000000e+05
6.823275500000000000e+06
1.809720875000000000e+06
1.712504218750000000e+05
6.596411621093750000e+03
8.949882031250000000e+04
2.333350000000000000e+07
3.875812500000000000e+05
6.823275500000000000e+06
1.712504218750000000e+05
2.333350000000000000e+07
1.114563250000000000e+06
2.325606718750000000e+05
7.364032812500000000e+04
4.502342812500000000e+05
2.957559960937500000e+04
2.820694400000000000e+07
4.408994687500000000e+05
3.889903515625000000e+04
9.548166250000000000e+05
3.902956250000000000e+05
4.231995117187500000e+03
7.165643750000000000e+04
1.729740400000000000e+07
2.404759216308593750e+01
1.551313750000000000e+05
3.889006042480468750e+01
5.515811328125000000e+04
3.579513931274414062e+01
9.634651184082031250e+00
3.386450937500000000e+05
1.792875099182128906e+01
2.609484672546386719e+01
6.427318096160888672e+00
2.000156800000000000e+07
2.144408935546875000e+03
5.385917968750000000e+02
1.587062133789062500e+03
1.210883625000000000e+06
2.004984800000000000e+07
1.564962187500000000e+05
2.195590937500000000e+05
2.846540283203125000e+03
5.480036718750000000e+04
6.484996800000000000e+07
3.023082031250000000e+04
1.243048500000000000e+06
8.246259765625000000e+03
1.094027500000000000e+06
9.935891875000000000e+05
1.873205200000000000e+07
2.454288867187500000e+04
1.632837656250000000e+05
4.621019744873046875e+01
1.274686816406250000e+04
1.671576100000000000e+07
8.069293823242187500e+02
3.293924609375000000e+04
6.145756225585937500e+02
4.567699218750000000e+03
2.223582968750000000e+05
1.421986621093750000e+04
8.930238281250000000e+04
3.291202812500000000e+05
5.588293359375000000e+04
4.058855859375000000e+04
3.830592250000000000e+06
6.914464843750000000e+04
3.163403710937500000e+04
7.803718750000000000e+04
1.256486640000000000e+08
1.116768200000000000e+07
5.060693125000000000e+05
1.083868000000000000e+08
4.215416000000000000e+06
2.986915625000000000e+05
1.713792819200000000e+10
1.077433040000000000e+08
8.474949000000000000e+06
9.844364800000000000e+07
1.792459776000000000e+10
1.021878125000000000e+04
2.901832031250000000e+03
1.935782348632812500e+03
2.067537125000000000e+06
5.616600390625000000e+04
5.105280078125000000e+04
7.305274218750000000e+04
5.006366015625000000e+04
4.370474500000000000e+06
1.376904218750000000e+05
7.178870000000000000e+05
4.064127343750000000e+04
5.401675000000000000e+04
4.226992675781250000e+03
2.199317187500000000e+05
3.984595250000000000e+06
4.686990625000000000e+05
2.864989375000000000e+05
1.836235468750000000e+05
2.826492750000000000e+06
2.082982031250000000e+05
7.771943125000000000e+05
4.527376875000000000e+05
4.086200937500000000e+05
2.715226875000000000e+05
3.085486250000000000e+05
1.366568125000000000e+05
4.952692800000000000e+07
3.731173125000000000e+05
1.047196875000000000e+06
2.601545937500000000e+05
3.500563500000000000e+06
2.835104687500000000e+05
2.826492750000000000e+06
2.027864500000000000e+06
2.607034687500000000e+05
2.255267656250000000e+05
3.214528000000000000e+06
2.917865312500000000e+05
3.085486250000000000e+05
8.079916875000000000e+05
3.522463750000000000e+05
1.047196875000000000e+06
3.500563500000000000e+06
1.273403400000000000e+07
3.652016250000000000e+06
2.607034687500000000e+05
3.214528000000000000e+06
8.079916875000000000e+05
1.273403400000000000e+07
9.360223437500000000e+04
2.765708125000000000e+05
1.517955273437500000e+04
5.110390234375000000e+04
2.728389687500000000e+05
1.650342031250000000e+05
5.016100000000000000e+06
1.746155600000000000e+07
1.809720875000000000e+06
2.120729687500000000e+05
2.348686562500000000e+05
4.371751250000000000e+05
4.097604062500000000e+05
6.669540625000000000e+04
2.007986718750000000e+05
2.758869062500000000e+05
1.603414843750000000e+05
4.847948046875000000e+04
5.973883750000000000e+05
1.526281406250000000e+05
4.740858000000000000e+06
4.821177000000000000e+06
1.746155600000000000e+07
1.802768906250000000e+05
2.039145507812500000e+04
1.241592343750000000e+05
3.759707031250000000e+04
2.179188000000000000e+06
2.276138125000000000e+05
2.758869062500000000e+05
4.317531875000000000e+05
1.061371015625000000e+05
5.973883750000000000e+05
4.740858000000000000e+06
2.362283750000000000e+05
3.341735546875000000e+04
1.241592343750000000e+05
2.179188000000000000e+06
4.317531875000000000e+05
2.362283750000000000e+05
2.047340781250000000e+05
2.353741943359375000e+03
6.326952343750000000e+04
1.846177929687500000e+04
1.156066875000000000e+06
1.441606718750000000e+05
2.696585000000000000e+05
1.921269600000000000e+07
8.305033593750000000e+04
4.538140312500000000e+05
5.814391015625000000e+04
5.527138671875000000e+04
5.361933984375000000e+04
1.142142031250000000e+05
2.430924375000000000e+05
2.088458250000000000e+06
9.684810156250000000e+04
9.051099609375000000e+03
8.250295312500000000e+04
5.830725097656250000e+03
4.349038125000000000e+05
2.204477929687500000e+04
4.244442187500000000e+04
5.523291796875000000e+04
8.204170898437500000e+03
7.204132031250000000e+04
4.955841308593750000e+03
4.006371875000000000e+05
1.931635546875000000e+04
2.304690234375000000e+04
6.065591796875000000e+03
1.834236816406250000e+03
2.269764648437500000e+03
6.839199707031250000e+03
6.060571289062500000e+03
1.731777587890625000e+03
1.977557250976562500e+03
6.243980957031250000e+03
6.707112426757812500e+02
6.561258544921875000e+02
2.134527343750000000e+05
3.090527734375000000e+04
3.025333000000000000e+06
7.516470625000000000e+05
4.733306562500000000e+05
1.053291625000000000e+06
2.343865750000000000e+06
4.410294062500000000e+05
1.469932125000000000e+06
4.131451250000000000e+05
2.912138867187500000e+04
8.829515000000000000e+05
1.359241875000000000e+06
1.387404980468750000e+04
4.047390312500000000e+05
1.516099800000000000e+07
2.987080625000000000e+05
5.112976000000000000e+06
8.236725625000000000e+05
2.698761250000000000e+05
7.995659667968750000e+03
6.720585625000000000e+05
1.724127600000000000e+07
3.408256750000000000e+06
7.838930000000000000e+05
2.040760000000000000e+06
4.333202500000000000e+05
7.627112800000000000e+07
3.297090312500000000e+05
1.063504320000000000e+08
5.703777734375000000e+04
6.660798000000000000e+06
6.353563671875000000e+04
1.506180250000000000e+06
3.436009728000000000e+09
2.825447000000000000e+06
1.237571718750000000e+05
1.437480400000000000e+07
4.110245312500000000e+05
8.799426562500000000e+04
1.330765000000000000e+05
1.720186000000000000e+07
1.583525300000000000e+07
2.914689375000000000e+05
1.821557750000000000e+06
2.795724023437500000e+04
5.109166796875000000e+04
1.119774720000000000e+09
3.096003125000000000e+05
3.720392500000000000e+05
6.873341406250000000e+04
3.876844000000000000e+06
1.369562000000000000e+07
2.149566400000000000e+07
1.130277968750000000e+05
5.468935625000000000e+05
2.578296250000000000e+05
1.063262578125000000e+05
6.611694720000000000e+08
3.137719750000000000e+06
6.211585000000000000e+06
1.991007812500000000e+05
3.929534400000000000e+08
3.178033398437500000e+04
2.222944843750000000e+05
4.442719062500000000e+05
1.286639648437500000e+04
2.539055273437500000e+04
2.351717285156250000e+03
4.537040234375000000e+04
4.653021484375000000e+03
2.540341500000000000e+06
3.067470507812500000e+04
6.471943750000000000e+05
1.256486640000000000e+08
5.707015625000000000e+05
6.331361875000000000e+05
9.413440000000000000e+05
5.259210000000000000e+06
4.421547363281250000e+03
7.089971840000000000e+08
1.253329440000000000e+08
5.456854375000000000e+05
9.221081250000000000e+05
6.912680960000000000e+08
1.636625125000000000e+06
8.921240625000000000e+04
4.239210625000000000e+05
6.755329500000000000e+06
7.689468750000000000e+04
4.238318359375000000e+04
1.103686328125000000e+05
7.465947500000000000e+05
1.349779062500000000e+05
2.052255312500000000e+05
4.821864375000000000e+05
3.684290312500000000e+05
3.914733984375000000e+04
3.702864062500000000e+05
6.824401875000000000e+05
2.415718554687500000e+04
8.680043125000000000e+05
2.208545703125000000e+04
1.141560468750000000e+05
1.815509062500000000e+05
4.976521562500000000e+05
1.066677187500000000e+05
3.790307373046875000e+03
1.914859062500000000e+05
1.000472250000000000e+06
2.395695898437500000e+04
8.044371875000000000e+05
2.319902812500000000e+05
2.320118750000000000e+04
2.145744687500000000e+05
1.271147500000000000e+06
1.776147656250000000e+04
3.564783691406250000e+03
1.786194687500000000e+05
4.717018359375000000e+04
1.035619750000000000e+06
1.921545468750000000e+05
7.236396250000000000e+05
2.240388281250000000e+05
1.797267187500000000e+04
9.368627343750000000e+04
1.276714125000000000e+06
2.207781718750000000e+05
2.254485000000000000e+05
6.511532226562500000e+03
1.835603437500000000e+05
4.664817000000000000e+06
3.874649218750000000e+04
1.709293125000000000e+05
2.787367500000000000e+06
3.065730000000000000e+06
6.777293945312500000e+03
8.103414375000000000e+05
3.393459960937500000e+03
1.654288476562500000e+04
2.568252000000000000e+07
4.932162597656250000e+03
2.347325390625000000e+04
2.311982666015625000e+03
3.722373828125000000e+04
2.182728281250000000e+05
4.205314453125000000e+04
5.874563125000000000e+05
6.232062890625000000e+04
3.936710937500000000e+04
1.932898281250000000e+05
5.235605078125000000e+04
4.338601953125000000e+04
9.146492000000000000e+06
3.867877734375000000e+04
7.588089500000000000e+06
3.311681250000000000e+05
4.588984500000000000e+06
6.326577734375000000e+04
5.234054687500000000e+05
3.777936960000000000e+08
9.056478125000000000e+04
2.769474687500000000e+05
8.548965000000000000e+06
3.022907500000000000e+06
2.111677734375000000e+04
4.941724609375000000e+04
8.652236718750000000e+04
2.649858000000000000e+07
1.200859609375000000e+05
1.593772031250000000e+05
2.912358125000000000e+05
6.831282812500000000e+04
5.075835546875000000e+04
9.777548437500000000e+04
1.902051367187500000e+04
3.844668125000000000e+05
8.375704375000000000e+05
6.741145507812500000e+03
1.319988437500000000e+05
1.912453750000000000e+05
5.445190500000000000e+06
3.003109500000000000e+06
9.746775390625000000e+03
1.665320781250000000e+05
7.531604766845703125e+01
1.820246800000000000e+07
3.347773125000000000e+05
8.163691406250000000e+04
6.275928000000000000e+06
9.954178125000000000e+05
2.319629600000000000e+07
5.453499609375000000e+04
2.068623750000000000e+05
8.306054687500000000e+03
5.200808984375000000e+04
1.313092400000000000e+08
2.488180419921875000e+03
1.315264843750000000e+05
1.093994238281250000e+04
3.956452343750000000e+04
4.701886718750000000e+04
1.416715429687500000e+04
8.053652832031250000e+03
5.120337109375000000e+04
5.424700000000000000e+05
4.120874375000000000e+05
2.049287109375000000e+04
3.601651611328125000e+03
8.714685156250000000e+04
8.808842773437500000e+03
2.222944843750000000e+05
1.493486250000000000e+05
3.219156640625000000e+04
3.177843994140625000e+03
6.421901953125000000e+04
1.248215722656250000e+04
4.704715625000000000e+05
2.479865722656250000e+03
3.005661132812500000e+04
4.846875000000000000e+03
1.270151406250000000e+05
2.462901171875000000e+04
6.607060937500000000e+04
1.199475585937500000e+04
3.506621875000000000e+04
7.611883300781250000e+03
4.628221484375000000e+04
1.317633691406250000e+04
7.804470312500000000e+04
3.497574218750000000e+04
7.694359863281250000e+03
2.087299609375000000e+04
1.562604375000000000e+05
2.098947851562500000e+04
7.948009277343750000e+03
2.989257812500000000e+04
9.284599218750000000e+04
3.817094531250000000e+04
1.889499804687500000e+04
6.857254687500000000e+04
1.233719453125000000e+05
3.082671093750000000e+04
8.842723632812500000e+03
1.261445500000000000e+06
1.058870781250000000e+05
4.144770937500000000e+05
2.879633920000000000e+08
3.304355625000000000e+05
2.250686718750000000e+05
9.902631875000000000e+05
3.251863750000000000e+05
5.424700000000000000e+05
5.016100000000000000e+06
2.618294433593750000e+03
1.959219600000000000e+07
4.623593437500000000e+05
2.726651875000000000e+05
2.276000366210937500e+02
1.879059250000000000e+06
2.739790771484375000e+03
2.002873901367187500e+03
2.904436562500000000e+05
2.723369750000000000e+06
3.501815795898437500e+02
5.591529296875000000e+04
1.411093000000000000e+06
5.427492675781250000e+03
3.420890625000000000e+05
1.354842343750000000e+05
1.327161375000000000e+06
2.708974218750000000e+04
1.205204875000000000e+06
4.647622375488281250e+02
1.513482208251953125e+02
9.084218139648437500e+02
1.000902687500000000e+06
6.420093383789062500e+02
2.301755664062500000e+04
1.676019921875000000e+04
1.619960937500000000e+05
9.018877563476562500e+02
1.443644531250000000e+04
2.825277812500000000e+05
4.586761718750000000e+03
3.593990937500000000e+05
2.669822998046875000e+02
4.308187011718750000e+03
1.146464687500000000e+05
3.130124206542968750e+02
1.296969042968750000e+04
1.454971972656250000e+04
1.875702392578125000e+03
1.831984500000000000e+06
1.063011962890625000e+03
6.676983032226562500e+02
4.468189062500000000e+04
1.063011962890625000e+03
5.974596250000000000e+05
1.403593750000000000e+02
3.396232910156250000e+02
1.740820000000000000e+05
1.873521875000000000e+05
2.841669375000000000e+05
3.200562695312500000e+04
3.762855000000000000e+05
1.457415039062500000e+04
1.066977246093750000e+04
1.783544218750000000e+05
9.735503125000000000e+05
1.185931054687500000e+04
2.592624531250000000e+05
1.309614500000000000e+06
2.416939062500000000e+05
2.855461562500000000e+05
1.084405312500000000e+05
2.416939062500000000e+05
2.716373242187500000e+04
4.097910546875000000e+04
4.386982812500000000e+04
6.589660500000000000e+06
2.526685200000000000e+07
1.860713200000000000e+07
8.281299218750000000e+04
6.678448750000000000e+05
4.117766875000000000e+05
1.591247558593750000e+03
6.164256000000000000e+06
1.154085156250000000e+04
6.855246875000000000e+04
4.324706560000000000e+08
3.490561600000000000e+07
9.365669531250000000e+04
1.704816640000000000e+09
5.013919921875000000e+04
3.058652500000000000e+05
1.186345680000000000e+08
1.372470825195312500e+03
3.673401611328125000e+03
4.753076660156250000e+03
7.200489472000000000e+10
3.100379062500000000e+05
1.205664375000000000e+05
1.301622343750000000e+05
2.521312109375000000e+04
5.569186000000000000e+06
2.377158906250000000e+05
9.997103125000000000e+04
7.997840820312500000e+03
3.199369531250000000e+04
1.832018125000000000e+05
1.059311171875000000e+05
2.682470507812500000e+04
5.649964375000000000e+05
3.308344140625000000e+04
1.783796093750000000e+05
7.201148125000000000e+05
4.360168125000000000e+05
5.568083203125000000e+04
7.133411250000000000e+05
4.938624218750000000e+04
1.441477625000000000e+06
2.238172070312500000e+04
3.308344140625000000e+04
1.783796093750000000e+05
7.201148125000000000e+05
4.290801757812500000e+03
4.141660937500000000e+05
1.038717687500000000e+06
4.938624218750000000e+04
1.441477625000000000e+06
2.238172070312500000e+04
8.186638183593750000e+03
4.290801757812500000e+03
4.141660937500000000e+05
1.038717687500000000e+06
2.423163593750000000e+05
8.186638183593750000e+03
2.423163593750000000e+05
6.253013671875000000e+04
2.854843437500000000e+05
1.060838378906250000e+04
6.253013671875000000e+04
9.040719375000000000e+05
2.726781875000000000e+05
1.068263203125000000e+05
3.141114750000000000e+06
3.811875312500000000e+05
1.202497343750000000e+05
2.466058250000000000e+06
3.268905937500000000e+05
1.449329375000000000e+05
1.945926718750000000e+05
5.254267578125000000e+04
1.444469375000000000e+05
2.615494384765625000e+03
7.273313500000000000e+06
5.786493125000000000e+05
1.298689648437500000e+04
2.616858642578125000e+03
4.527376875000000000e+05
2.034807187500000000e+05
2.615494384765625000e+03
7.273313500000000000e+06
1.298689648437500000e+04
2.034807187500000000e+05
4.957942187500000000e+05
2.606794000000000000e+06
8.497320625000000000e+05
7.219652500000000000e+05
1.473566601562500000e+04
7.855412000000000000e+07
1.022186880000000000e+08
2.169680156250000000e+05
7.273313500000000000e+06
2.087733593750000000e+04
6.702096875000000000e+04
5.353408500000000000e+06
5.435595625000000000e+05
2.760638125000000000e+05
3.743820703125000000e+04
1.306422912000000000e+09
9.583692800000000000e+07
6.901086250000000000e+05
3.484422000000000000e+07
9.374865625000000000e+04
4.965111250000000000e+05
3.512611840000000000e+09
3.298329375000000000e+05
4.912186562500000000e+05
2.053224531250000000e+05
4.760663040000000000e+08
5.728756000000000000e+07
6.211104375000000000e+05
6.214861000000000000e+06
6.625404687500000000e+04
1.247268671875000000e+05
1.955854540800000000e+10
3.953828250000000000e+06
2.316064250000000000e+06
9.250800000000000000e+05
3.337408000000000000e+06
2.691492352000000000e+09
2.181935000000000000e+06
1.497532125000000000e+06
6.411463125000000000e+05
2.312905600000000000e+07
6.404375000000000000e+06
2.370911523437500000e+04
3.220372656250000000e+04
2.202255000000000000e+06
3.061812109375000000e+04
3.391683437500000000e+05
4.711223046875000000e+04
1.276907324218750000e+04
1.644378515625000000e+04
2.739556640625000000e+04
6.956486875000000000e+05
1.589860253906250000e+04
2.183159375000000000e+05
7.062290625000000000e+04
1.876118359375000000e+04
1.062612734375000000e+05
7.062290625000000000e+04
1.806684400000000000e+07
1.035671125000000000e+06
1.954834531250000000e+05
1.122069600000000000e+07
1.921269600000000000e+07
1.860713200000000000e+07
7.476648437500000000e+04
7.273313500000000000e+06
8.818366210937500000e+03
4.021208593750000000e+04
1.219212160000000000e+09
8.862930468750000000e+04
3.174344687500000000e+05
3.983751562500000000e+04
1.195173875000000000e+06
1.449329375000000000e+05
3.332162187500000000e+05
4.686990625000000000e+05
3.995104296875000000e+04
5.200877187500000000e+05
2.137108789062500000e+04
5.072523437500000000e+03
1.893438437500000000e+05
4.750448000000000000e+06
7.967348144531250000e+03
1.851550000000000000e+05
1.041808359375000000e+05
1.650342031250000000e+05
5.016100000000000000e+06
1.921269600000000000e+07
1.809720875000000000e+06
4.675597167968750000e+03
7.763300781250000000e+04
4.371751250000000000e+05
5.786493125000000000e+05
1.230531347656250000e+04
5.539918125000000000e+05
2.467603710937500000e+04
1.124414296875000000e+05
4.847948046875000000e+04
1.357185000000000000e+06
1.526281406250000000e+05
8.512323000000000000e+06
4.821177000000000000e+06
1.921269600000000000e+07
3.070833984375000000e+04
1.356216406250000000e+04
5.931889648437500000e+03
3.885693603515625000e+03
2.191647500000000000e+05
3.988142500000000000e+05
2.467603710937500000e+04
5.436455625000000000e+05
1.061371015625000000e+05
1.357185000000000000e+06
8.512323000000000000e+06
3.830858203125000000e+04
2.820041992187500000e+04
5.931889648437500000e+03
2.191647500000000000e+05
5.436455625000000000e+05
3.830858203125000000e+04
2.358513183593750000e+03
7.845507812500000000e+04
2.246413085937500000e+03
8.938727200000000000e+07
3.438333437500000000e+05
3.352616875000000000e+05
4.010569250000000000e+06
2.640450080000000000e+08
5.146249218750000000e+04
6.881743750000000000e+04
1.276109296875000000e+05
2.691433750000000000e+06
8.159761250000000000e+05
1.457127246093750000e+04
4.493742187500000000e+05
6.063185058593750000e+03
1.373937625000000000e+06
4.831775512695312500e+02
5.438063964843750000e+03
4.611606250000000000e+05
4.546694921875000000e+04
2.533274414062500000e+04
2.517282812500000000e+04
5.611401562500000000e+04
4.079147265625000000e+04
2.191927500000000000e+05
6.541766796875000000e+04
8.228505468750000000e+04
1.154409062500000000e+05
2.307415234375000000e+04
4.664312500000000000e+04
2.620528906250000000e+04
3.229562500000000000e+04
1.317396392822265625e+02
5.189888281250000000e+04
1.860125000000000000e+03
4.360168125000000000e+05
5.868817749023437500e+02
2.653883361816406250e+02
4.041747656250000000e+04
9.715051875000000000e+05
4.529125625000000000e+05
1.438237300000000000e+07
2.250952500000000000e+06
3.573665000000000000e+05
1.446520900000000000e+07
1.029373000000000000e+06
1.537606875000000000e+05
8.358930000000000000e+05
3.050009033203125000e+03
3.925525625000000000e+05
3.924389404296875000e+03
4.310593750000000000e+04
2.794343750000000000e+05
6.799295898437500000e+03
1.067946406250000000e+05
2.419629250000000000e+06
6.607369375000000000e+05
1.398251406250000000e+05
5.892250781250000000e+04
4.970241562500000000e+05
2.267645000000000000e+05
6.975952500000000000e+05
4.527376875000000000e+05
4.277167812500000000e+05
2.185884375000000000e+05
4.472089843750000000e+04
2.116551171875000000e+04
1.033239800000000000e+07
3.604820937500000000e+05
5.126816562500000000e+05
3.393191250000000000e+05
3.359550250000000000e+06
2.334526250000000000e+05
4.970241562500000000e+05
4.861696500000000000e+06
1.518691875000000000e+05
2.116187968750000000e+05
1.371348250000000000e+06
1.473847187500000000e+05
4.472089843750000000e+04
1.091841875000000000e+06
1.280035250000000000e+06
5.126816562500000000e+05
3.359550250000000000e+06
1.855376400000000000e+07
1.075406000000000000e+07
1.518691875000000000e+05
1.371348250000000000e+06
1.091841875000000000e+06
1.855376400000000000e+07
1.984159218750000000e+05
4.953197500000000000e+05
4.701412500000000000e+06
5.748501875000000000e+05
1.729872400000000000e+07
7.163346250000000000e+05
1.983603125000000000e+05
5.582188671875000000e+04
1.879059250000000000e+06
4.519421562500000000e+05
7.006548750000000000e+05
2.014289062500000000e+05
6.215341250000000000e+05
2.010675156250000000e+05
3.295600312500000000e+05
1.315826500000000000e+06
3.883030937500000000e+05
3.011278437500000000e+05
2.536816000000000000e+07
1.184478125000000000e+06
1.926656800000000000e+07
4.658688125000000000e+05
1.308645937500000000e+05
3.443334375000000000e+05
4.456528125000000000e+04
4.665699687500000000e+05
1.671948593750000000e+05
9.517143750000000000e+04
5.605580000000000000e+06
4.731650000000000000e+05
6.312147500000000000e+06
8.202025000000000000e+05
2.578387343750000000e+05
3.283215000000000000e+05
1.141922880000000000e+08
2.036119726562500000e+04
3.688385937500000000e+05
1.313831875000000000e+05
8.986514062500000000e+04
2.991375600000000000e+07
5.513832500000000000e+05
2.271575625000000000e+05
9.795272656250000000e+04
4.562715937500000000e+05
7.576370000000000000e+05
3.527320312500000000e+04
3.994240000000000000e+05
1.451983300781250000e+04
3.109205625000000000e+05
2.326782500000000000e+05
7.589368800000000000e+07
4.581896000000000000e+06
1.164616320000000000e+08
4.311894062500000000e+05
6.997846000000000000e+06
3.171176562500000000e+05
6.691976000000000000e+07
3.708444672000000000e+09
9.764906400000000000e+07
5.468958000000000000e+06
3.679704064000000000e+09
3.059354492187500000e+04
1.071275292968750000e+04
5.958377343750000000e+04
2.737722900390625000e+03
4.686990625000000000e+05
4.868399062500000000e+05
4.956308984375000000e+04
1.036154700000000000e+07
1.767038800000000000e+07
1.983354000000000000e+07
2.797253125000000000e+05
2.867142750000000000e+06
1.421635449218750000e+04
1.026091796875000000e+05
8.951339520000000000e+08
1.262942875000000000e+06
1.111106625000000000e+06
2.052400156250000000e+05
1.495729800000000000e+07
4.974687500000000000e+06
1.348261625000000000e+06
6.554628417968750000e+03
1.834170156250000000e+05
3.834466562500000000e+05
4.109919750000000000e+06
3.999103437500000000e+05
4.617882500000000000e+05
3.692348437500000000e+04
3.852340820312500000e+03
3.293968994140625000e+03
1.088603759765625000e+03
4.424955312500000000e+05
5.016100000000000000e+06
1.468211625000000000e+06
2.503099062500000000e+05
4.870581562500000000e+05
7.977074375000000000e+05
6.333254687500000000e+04
5.024534062500000000e+05
4.047170625000000000e+05
1.216325625000000000e+06
1.188583500000000000e+06
2.660914375000000000e+05
8.805589062500000000e+04
9.379469600000000000e+07
6.088398125000000000e+05
5.167415937500000000e+05
1.672993437500000000e+05
3.874748500000000000e+06
3.975065000000000000e+05
7.592065625000000000e+05
3.775817200000000000e+07
9.474855625000000000e+05
7.867276875000000000e+05
2.320023200000000000e+07
1.427954000000000000e+06
2.614374531250000000e+05
1.231656625000000000e+06
7.666548125000000000e+05
4.883334375000000000e+05
3.800017500000000000e+06
1.530310400000000000e+08
7.725487200000000000e+07
9.311626250000000000e+05
2.338340000000000000e+07
1.208005750000000000e+06
1.540924960000000000e+08
1.869314800000000000e+07
2.839966800000000000e+07
2.038000400000000000e+07
1.267111093750000000e+05
1.007394900000000000e+07
7.641284000000000000e+06
7.269586718750000000e+04
9.719727000000000000e+06
1.705193750000000000e+04
2.864621875000000000e+04
9.074267520000000000e+08
1.423533440000000000e+08
1.510405312500000000e+05
2.084482688000000000e+09
1.090467031250000000e+05
9.806488281250000000e+04
4.188276480000000000e+08
4.956738671875000000e+04
3.904793359375000000e+04
1.163384960937500000e+04
7.200489472000000000e+10
5.596338125000000000e+05
4.717121484375000000e+04
1.471479375000000000e+05
1.544561250000000000e+05
1.673973625000000000e+06
2.974379101562500000e+04
5.566607031250000000e+04
1.294780703125000000e+05
8.332460156250000000e+04
3.863786376953125000e+03
2.774928437500000000e+05
5.582763671875000000e+04
6.101668359375000000e+04
5.228993359375000000e+04
1.530948800000000000e+07
6.811839000000000000e+06
1.129782226562500000e+04
4.158524500000000000e+06
1.413502343750000000e+05
5.762477343750000000e+04
1.808478240000000000e+08
8.710680468750000000e+04
4.558978515625000000e+04
2.649951562500000000e+05
4.560949375000000000e+05
3.534483437500000000e+05
2.596200000000000000e+04
3.681560546875000000e+04
1.165891894531250000e+04
1.237447734375000000e+05
1.637854736328125000e+03
7.766423125000000000e+05
7.273313500000000000e+06
8.432217187500000000e+04
9.653963281250000000e+04
1.509714062500000000e+04
5.209247656250000000e+04
2.493355200000000000e+07
3.434780859375000000e+04
9.306620312500000000e+04
1.387512109375000000e+04
1.051841562500000000e+05
2.118865781250000000e+05
1.650342031250000000e+05
1.468211625000000000e+06
1.309341894531250000e+04
1.817367656250000000e+05
1.287509625000000000e+06
1.717016992187500000e+04
1.797546562500000000e+05
1.116936000000000000e+06
4.490223046875000000e+04
2.269624414062500000e+04
4.422706250000000000e+05
1.449329375000000000e+05
6.465231875000000000e+05
1.513991875000000000e+05
6.342983125000000000e+05
6.580386250000000000e+05
6.026803125000000000e+04
5.113310312500000000e+05
2.341139218750000000e+05
7.719098750000000000e+05
2.290691406250000000e+05
5.899699000000000000e+06
6.709128750000000000e+05
2.705845625000000000e+05
5.899699000000000000e+06
1.624253750000000000e+05
1.637060156250000000e+05
1.782734179687500000e+04
4.461844140625000000e+04
5.130044531250000000e+04
3.679247131347656250e+02
1.782592773437500000e+02
1.086209082031250000e+04
7.827526562500000000e+04
2.991550781250000000e+03
2.677565625000000000e+04
3.281178588867187500e+02
2.380067901611328125e+02
1.255064697265625000e+03
7.195807647705078125e+01
1.852455078125000000e+04
5.067971496582031250e+02
9.614136718750000000e+03
5.618825531005859375e+01
5.877931213378906250e+01
2.682897949218750000e+01
3.002329345703125000e+03
3.895546436309814453e+00
6.652000000000000000e+05
7.273313500000000000e+06
1.336053906250000000e+05
3.713870312500000000e+04
1.480921093750000000e+04
7.273158593750000000e+04
2.571546400000000000e+07
4.808518359375000000e+04
1.845886875000000000e+05
5.513120605468750000e+03
5.566673125000000000e+05
3.913472265625000000e+04
5.028208007812500000e+03
2.052386962890625000e+03
4.291036987304687500e+02
5.066520000000000000e+08
1.945698400000000000e+08
2.731719687500000000e+05
7.273313500000000000e+06
5.932968750000000000e+04
1.141687695312500000e+04
5.891900625000000000e+05
3.052920312500000000e+05
4.559559082031250000e+03
1.149844843750000000e+05
4.469817810058593750e+02
1.507497100830078125e+02
8.823532544000000000e+09
7.569213125000000000e+05
6.025187890625000000e+04
4.824218750000000000e+04
7.174021600000000000e+07
1.181631640625000000e+04
2.875767822265625000e+03
2.100650634765625000e+03
5.984358750000000000e+05
1.692349375000000000e+05
2.366342500000000000e+05
2.345139062500000000e+05
5.016100000000000000e+06
1.809720875000000000e+06
1.293967125000000000e+06
2.261973125000000000e+05
1.586589000000000000e+06
1.884199531250000000e+05
2.238657750000000000e+06
1.126879062500000000e+05
1.047055187500000000e+06
4.785826562500000000e+04
4.821177000000000000e+06
9.269725625000000000e+05
5.112378750000000000e+05
2.812993554687500000e+04
3.976585937500000000e+05
2.668497812500000000e+05
9.940858593750000000e+04
1.322275000000000000e+07
6.766820000000000000e+05
2.924125000000000000e+05
1.322275000000000000e+07
5.523718750000000000e+04
1.349779062500000000e+05
4.062984375000000000e+04
1.178688183593750000e+04
4.649202812500000000e+05
6.709128750000000000e+05
2.518517187500000000e+05
2.507442626953125000e+03
4.228692968750000000e+04
2.482162000000000000e+06
3.086925312500000000e+05
5.278314000000000000e+06
4.527376875000000000e+05
1.022186880000000000e+08
6.301849365234375000e+02
1.273170312500000000e+04
9.509716186523437500e+02
2.482162000000000000e+06
3.086925312500000000e+05
6.409126800000000000e+07
1.022186880000000000e+08
1.273170312500000000e+04
9.509716186523437500e+02
1.130313515625000000e+05
6.409126800000000000e+07
1.130313515625000000e+05
2.879633920000000000e+08
1.694880800000000000e+07
1.921269600000000000e+07
1.182204765625000000e+05
1.252041760000000000e+08
7.855412000000000000e+07
2.193426875000000000e+05
5.390381000000000000e+06
6.493352734375000000e+04
2.091063476562500000e+04
2.964842086400000000e+10
1.791988121600000000e+10
1.521614125000000000e+06
6.656640000000000000e+08
1.643624218750000000e+05
9.114235937500000000e+04
3.733554176000000000e+09
5.114407812500000000e+05
3.326037812500000000e+05
1.002052656250000000e+05
7.200489472000000000e+10
6.849530500000000000e+06
3.941431000000000000e+06
2.961317812500000000e+05
3.211344500000000000e+06
2.533446000000000000e+07
9.537756000000000000e+07
3.592565312500000000e+05
3.633948160000000000e+08
5.518764062500000000e+04
7.261213000000000000e+06
6.425339062500000000e+04
6.466033125000000000e+05
6.577560576000000000e+09
1.484260875000000000e+06
1.268993828125000000e+05
1.281346100000000000e+07
4.686990625000000000e+05
1.385628593750000000e+05
4.343139062500000000e+04
1.586028000000000000e+07
1.208735198974609375e+02
1.704328593750000000e+05
6.712771606445312500e+01
4.795695703125000000e+04
4.910291671752929688e+01
1.001374816894531250e+02
4.609750937500000000e+05
9.342237854003906250e+01
4.463376617431640625e+01
7.207238769531250000e+01
1.226689531250000000e+05
4.150402500000000000e+06
2.824609687500000000e+05
1.167467968750000000e+05
2.471741250000000000e+05
1.634880625000000000e+05
3.393928125000000000e+04
2.032948906250000000e+05
1.278887300000000000e+07
8.737438281250000000e+04
1.040754312500000000e+06
4.363341015625000000e+04
3.911411250000000000e+05
1.831359200000000000e+07
1.098435000000000000e+05
2.068623750000000000e+05
4.614422363281250000e+03
6.249943359375000000e+04
7.071788800000000000e+07
5.513936035156250000e+03
3.757476250000000000e+05
2.509100000000000000e+04
3.846028437500000000e+05
9.869019531250000000e+03
1.770258750000000000e+05
1.643201093750000000e+05
1.718170117187500000e+04
4.566654296875000000e+04
4.227351074218750000e+03
1.080159140625000000e+05
1.379871289062500000e+04
5.406189375000000000e+05
1.111386328125000000e+05
5.024534062500000000e+05
1.187810078125000000e+05
2.036595507812500000e+04
4.496404687500000000e+05
2.031894531250000000e+05
1.389920625000000000e+05
1.204355875000000000e+06
1.059482800000000000e+07
2.839966800000000000e+07
1.860713200000000000e+07
8.467067500000000000e+05
1.680789875000000000e+06
3.519451875000000000e+05
1.057054687500000000e+05
9.259552000000000000e+06
3.454998750000000000e+05
2.188426718750000000e+05
1.599105600000000000e+08
5.377502800000000000e+07
6.782642500000000000e+06
2.313243136000000000e+09
2.392846800000000000e+07
1.025042600000000000e+07
1.091985680000000000e+08
1.477995000000000000e+06
2.390651875000000000e+05
7.578999500000000000e+06
7.200489472000000000e+10
1.658397760000000000e+08
3.500416000000000000e+07
2.298360320000000000e+09
6.348936000000000000e+07
7.200489472000000000e+10
4.050024218750000000e+04
4.296886250000000000e+05
5.217240625000000000e+05
8.149106250000000000e+04
5.419280859375000000e+04
1.284594296875000000e+05
6.081087402343750000e+03
1.287800500000000000e+06
4.481859375000000000e+04
6.153138125000000000e+05
4.040495312500000000e+04
7.133411250000000000e+05
1.624074218750000000e+05
4.481859375000000000e+04
6.153138125000000000e+05
2.336502031250000000e+05
1.624074218750000000e+05
2.336502031250000000e+05
1.000769125000000000e+06
3.292998750000000000e+05
2.704247656250000000e+04
2.831062812500000000e+05
1.586016000000000000e+07
1.156178600000000000e+07
1.840806406250000000e+05
1.151923700000000000e+07
3.048385937500000000e+04
5.723939843750000000e+04
1.807427456000000000e+09
3.677862812500000000e+05
3.779297812500000000e+05
6.043085156250000000e+04
1.402577500000000000e+06
2.879633920000000000e+08
1.860713200000000000e+07
8.932528906250000000e+04
1.022186880000000000e+08
2.072863593750000000e+05
8.450080468750000000e+04
3.142992076800000000e+10
6.053411250000000000e+05
1.316702968750000000e+05
3.853462890625000000e+04
4.326372812500000000e+05
1.052361132812500000e+04
2.523753906250000000e+05
5.727095703125000000e+04
8.934469726562500000e+03
2.233510000000000000e+06
6.961835156250000000e+04
4.625042500000000000e+06
3.869494140625000000e+04
2.901327539062500000e+04
1.035370875000000000e+06
9.497160156250000000e+04
1.759464648437500000e+04
1.119354609375000000e+05
1.351597968750000000e+05
3.440173437500000000e+04
1.413327929687500000e+04
1.438670500000000000e+06
7.628310937500000000e+04
2.229275468750000000e+05
2.253438964843750000e+03
1.060310781250000000e+05
1.240779296875000000e+03
7.273313500000000000e+06
2.603251367187500000e+04
4.825971875000000000e+04
9.446114843750000000e+04
2.214683906250000000e+05
2.226354375000000000e+05
5.450137207031250000e+03
5.845610156250000000e+04
1.536826757812500000e+04
1.449329375000000000e+05
1.206395996093750000e+04
1.504349902343750000e+04
3.639471750000000000e+06
1.475059400000000000e+07
2.975029375000000000e+05
3.415610500000000000e+06
1.448420410156250000e+04
5.669502734375000000e+04
7.920391200000000000e+07
2.089709218750000000e+05
4.180797500000000000e+05
3.723783593750000000e+04
1.214254500000000000e+06
4.927679687500000000e+05
5.924656640625000000e+04
1.133781171875000000e+05
1.288471484375000000e+05
2.821868359375000000e+04
2.673110625000000000e+05
4.909240937500000000e+05
7.038010937500000000e+04
2.653456562500000000e+05
3.223885156250000000e+04
4.693974609375000000e+04
2.215075360000000000e+08
1.206789000000000000e+07
6.418903125000000000e+05
1.854846560000000000e+08
9.599291000000000000e+06
4.661234375000000000e+05
1.268010393600000000e+10
2.229639840000000000e+08
1.150917800000000000e+07
1.828194560000000000e+08
1.334721024000000000e+10
4.686990625000000000e+05
3.937551953125000000e+04
1.841819531250000000e+05
6.771532500000000000e+05
2.826762500000000000e+05
1.969413750000000000e+06
9.623508593750000000e+04
3.023211250000000000e+05
5.076189687500000000e+05
8.585488750000000000e+05
2.737642500000000000e+05
1.256486640000000000e+08
1.284936300000000000e+07
1.461770937500000000e+05
1.401118880000000000e+08
8.253733750000000000e+05
8.002613281250000000e+04
1.483616768000000000e+10
4.806174500000000000e+06
7.666745000000000000e+05
1.034777687500000000e+06
5.342620000000000000e+07
5.260562500000000000e+05
1.222259375000000000e+06
2.746025625000000000e+05
7.093035000000000000e+05
1.180521406250000000e+05
7.402527343750000000e+03
6.075829101562500000e+03
4.767690625000000000e+04
2.835232617187500000e+04
1.452541503906250000e+04
1.272239355468750000e+04
4.099072265625000000e+03
1.269501015625000000e+05
1.503391796875000000e+04
3.052680273437500000e+04
1.213471923828125000e+03
3.263947600000000000e+07
3.763199687500000000e+05
8.370963200000000000e+07
7.006194531250000000e+04
3.513077750000000000e+06
5.104087109375000000e+04
1.945656625000000000e+06
3.803737344000000000e+09
3.792494250000000000e+06
7.879933593750000000e+04
5.811782800000000000e+07
2.887189500000000000e+06
6.623179000000000000e+06
1.000892600000000000e+07
6.018975625000000000e+05
2.876828125000000000e+05
3.861917500000000000e+05
2.934498632812500000e+04
7.273313500000000000e+06
5.786493125000000000e+05
4.527376875000000000e+05
6.848255200000000000e+07
5.137003000000000000e+06
2.887189500000000000e+06
8.572013440000000000e+08
6.623179000000000000e+06
1.000892600000000000e+07
2.563274800000000000e+07
2.876828125000000000e+05
3.861917500000000000e+05
7.273313500000000000e+06
3.706934400000000000e+07
6.848255200000000000e+07
5.137003000000000000e+06
8.572013440000000000e+08
2.563274800000000000e+07
3.706934400000000000e+07
8.349905468750000000e+04
3.392524414062500000e+03
5.734987182617187500e+02
4.692050000000000000e+04
7.795363125000000000e+05
1.670981093750000000e+05
6.303277343750000000e+04
2.067284800000000000e+07
2.158146406250000000e+05
1.800205781250000000e+05
9.158083000000000000e+06
9.670983593750000000e+04
1.274325234375000000e+05
1.079527832031250000e+04
1.684415039062500000e+04
4.813921200000000000e+07
6.303395000000000000e+05
5.278314000000000000e+06
4.813921200000000000e+07
1.499863500000000000e+07
2.629437600000000000e+07
3.933367187500000000e+04
7.273313500000000000e+06
2.839117968750000000e+04
8.306507031250000000e+04
2.072170368000000000e+09
2.922358007812500000e+04
1.517920000000000000e+05
3.380396093750000000e+04
2.503416562500000000e+05
2.631114453125000000e+04
1.747869140625000000e+04
1.938533200000000000e+07
9.968142187500000000e+04
5.949156250000000000e+04
3.964434375000000000e+05
2.540104248046875000e+03
1.633783281250000000e+05
2.828970214843750000e+03
2.349448437500000000e+05
8.081723632812500000e+03
1.624311093750000000e+05
1.392424218750000000e+05
1.065420532226562500e+03
7.990481250000000000e+04
3.019690820312500000e+04
2.113501171875000000e+04
1.860713200000000000e+07
9.674784375000000000e+04
6.735776562500000000e+04
1.898486718750000000e+05
4.389845703125000000e+04
1.133888125000000000e+06
1.314876093750000000e+05
1.061864379882812500e+03
9.369306250000000000e+04
4.886032421875000000e+04
1.809720875000000000e+06
3.707649218750000000e+04
1.117059531250000000e+05
2.847220117187500000e+04
1.468211625000000000e+06
8.071532592773437500e+02
8.822930468750000000e+04
5.335907812500000000e+04
6.337667236328125000e+02
1.416707500000000000e+05
2.532619218750000000e+05
4.708815917968750000e+03
9.064872070312500000e+03
3.257246750000000000e+06
3.136977750000000000e+06
9.254437600000000000e+07
6.448322265625000000e+04
1.927567187500000000e+05
1.815547187500000000e+05
1.408962875000000000e+06
1.261173360000000000e+08
3.860966800000000000e+07
2.789511562500000000e+05
2.538205200000000000e+07
1.337656406250000000e+05
4.910034500000000000e+06
2.318087031250000000e+05
4.064312500000000000e+05
1.590208906250000000e+05
5.844350781250000000e+04
5.103819921875000000e+04
5.417157031250000000e+04
1.056938125000000000e+06
4.374366015625000000e+04
2.196483125000000000e+05
2.232374800000000000e+07
1.803702800000000000e+07
1.754752800000000000e+07
1.545864875000000000e+06
1.360356200000000000e+07
3.480493750000000000e+06
6.058770625000000000e+05
6.683667000000000000e+06
4.981384062500000000e+05
5.749703125000000000e+05
2.112858752000000000e+09
5.377576960000000000e+08
2.232374800000000000e+07
9.168334720000000000e+08
1.803702800000000000e+07
1.754752800000000000e+07
2.013773920000000000e+08
1.360356200000000000e+07
3.480493750000000000e+06
6.683667000000000000e+06
7.200489472000000000e+10
2.112858752000000000e+09
5.377576960000000000e+08
9.168334720000000000e+08
2.013773920000000000e+08
7.200489472000000000e+10
4.630883437500000000e+05
2.094195937500000000e+05
6.088803906250000000e+04
3.594512890625000000e+04
7.328826562500000000e+04
4.585385312500000000e+05
1.129438593750000000e+05
4.394817968750000000e+04
8.512214843750000000e+04
1.407528281250000000e+05
3.832085937500000000e+04
2.479778080000000000e+08
1.792009200000000000e+07
1.355783437500000000e+05
7.855412000000000000e+07
5.728980625000000000e+05
9.156089062500000000e+04
1.656423936000000000e+10
3.507457250000000000e+06
3.911593750000000000e+05
1.471633500000000000e+06
2.920113600000000000e+07
4.304468359375000000e+04
1.096964233398437500e+03
2.547916748046875000e+03
4.615223388671875000e+02
9.944489062500000000e+04
5.648903125000000000e+05
2.536523632812500000e+04
9.785095312500000000e+04
7.677394400000000000e+07
1.768099218750000000e+05
6.481728125000000000e+05
8.119394531250000000e+04
5.087166562500000000e+05
6.709720312500000000e+04
6.826146250000000000e+05
9.038892187500000000e+04
1.867739500000000000e+06
4.564599687500000000e+05
2.843114648437500000e+04
1.776414375000000000e+06
4.249528437500000000e+05
1.447829000000000000e+06
4.201065312500000000e+05
3.082383437500000000e+05
2.362049531250000000e+05
2.422011914062500000e+04
3.082383437500000000e+05
2.029972686767578125e+02
4.397698125000000000e+05
1.051023178100585938e+02
1.796682812500000000e+05
3.563142812500000000e+05
3.304267187500000000e+05
7.292575000000000000e+05
4.294764062500000000e+05
1.080868250000000000e+06
2.032400312500000000e+05
2.009870000000000000e+05
4.527376875000000000e+05
1.461450312500000000e+05
3.233109062500000000e+05
5.460368750000000000e+05
2.597452968750000000e+05
3.254696250000000000e+05
1.922601093750000000e+05
8.920653750000000000e+05
3.579402187500000000e+05
1.031459700000000000e+07
8.041249375000000000e+05
1.080868250000000000e+06
3.968724062500000000e+05
5.738708203125000000e+04
8.047884375000000000e+04
5.340797500000000000e+06
4.758058437500000000e+05
5.460368750000000000e+05
9.973591250000000000e+05
2.037349062500000000e+05
8.920653750000000000e+05
1.031459700000000000e+07
4.552023750000000000e+05
2.782438750000000000e+05
5.738708203125000000e+04
5.340797500000000000e+06
9.973591250000000000e+05
4.552023750000000000e+05
2.987434062500000000e+05
1.449329375000000000e+05
4.686990625000000000e+05
2.422495937500000000e+05
1.063641375000000000e+06
5.200877187500000000e+05
8.610962500000000000e+04
1.134618375000000000e+06
1.893438437500000000e+05
6.817903125000000000e+05
8.572484375000000000e+04
5.259895000000000000e+05
4.998317578125000000e+04
6.674548437500000000e+04
5.005387000000000000e+06
3.057299687500000000e+05
2.669083203125000000e+04
2.863907000000000000e+06
8.286691500000000000e+06
1.157358984375000000e+04
1.783112343750000000e+05
5.456995703125000000e+04
1.282299296875000000e+05
3.098346750000000000e+06
3.984614687500000000e+05
2.375153281250000000e+05
5.939739843750000000e+04
1.349779062500000000e+05
2.868331640625000000e+04
1.105186328125000000e+04
1.404547949218750000e+04
1.650342031250000000e+05
1.416155250000000000e+06
4.752346679687500000e+03
9.577482421875000000e+03
1.236481875000000000e+06
7.240417968750000000e+03
2.863179687500000000e+04
1.085467250000000000e+06
2.731044726562500000e+04
4.501963281250000000e+04
1.131102875000000000e+06
2.879633920000000000e+08
1.929054000000000000e+07
1.709408906250000000e+05
8.045743000000000000e+06
1.733469218750000000e+05
1.533231250000000000e+04
1.086834480000000000e+08
6.834353750000000000e+05
6.533904687500000000e+04
7.376078848000000000e+09
3.977370250000000000e+06
9.613051562500000000e+04
3.227625062400000000e+10
4.729694500000000000e+06
1.317804375000000000e+06
2.424127360000000000e+08
8.842989375000000000e+05
1.063010839843750000e+04
6.337203125000000000e+05
7.200489472000000000e+10
5.942222800000000000e+07
1.120571093750000000e+05
5.338952400000000000e+07
9.622866000000000000e+06
2.177198080000000000e+09
3.491510312500000000e+05
2.213619335937500000e+04
1.871340454101562500e+03
3.157584375000000000e+05
2.444932421875000000e+04
2.696585000000000000e+05
2.163518310546875000e+03
8.214521484375000000e+03
2.839966800000000000e+07
1.860713200000000000e+07
1.573103906250000000e+05
9.259552000000000000e+06
3.890244921875000000e+04
1.099401250000000000e+05
2.313243136000000000e+09
9.660032812500000000e+04
3.142662500000000000e+05
3.222175976562500000e+04
2.456105937500000000e+05
4.563616250000000000e+05
1.834472812500000000e+05
3.521572265625000000e+04
3.745594062500000000e+05
6.961144500000000000e+06
5.951848125000000000e+05
6.132797500000000000e+05
2.866354687500000000e+04
5.124944062500000000e+05
1.433209600000000000e+07
3.488741250000000000e+05
6.598874000000000000e+06
5.827840625000000000e+05
1.292716600000000000e+07
1.502805440000000000e+08
2.148836800000000000e+07
1.500813700000000000e+07
3.805362812500000000e+05
9.150494400000000000e+07
7.855412000000000000e+07
3.826126750000000000e+06
5.712701500000000000e+06
7.868000781250000000e+04
3.397801562500000000e+04
7.200489472000000000e+10
1.372985139200000000e+10
3.737533600000000000e+07
1.724813824000000000e+09
9.663767500000000000e+05
1.482212750000000000e+06
2.967346688000000000e+09
1.941164000000000000e+07
3.320046250000000000e+06
7.260999375000000000e+05
7.200489472000000000e+10
1.561345408000000000e+09
1.502584640000000000e+08
1.234354300000000000e+07
1.997245440000000000e+08
2.832117145600000000e+10
1.207770875000000000e+06
1.809720875000000000e+06
3.623223828125000000e+04
1.207770875000000000e+06
2.329725600000000000e+07
3.411585937500000000e+05
1.022186880000000000e+08
1.616120410156250000e+04
4.667947500000000000e+05
4.153185546875000000e+04
1.122442750000000000e+06
6.991497600000000000e+08
4.907087500000000000e+05
2.333015039062500000e+04
3.976987500000000000e+06
7.825346875000000000e+04
1.617393906250000000e+05
3.064533447265625000e+03
1.902918554687500000e+04
1.650342031250000000e+05
4.088621000000000000e+06
2.587425156250000000e+05
5.112267187500000000e+05
4.998191562500000000e+05
1.465476875000000000e+05
2.734346679687500000e+04
1.214307421875000000e+05
1.125458400000000000e+07
1.515839843750000000e+05
1.471623750000000000e+06
1.145705875000000000e+06
4.821864375000000000e+05
6.355135000000000000e+05
9.968807812500000000e+04
1.637714875000000000e+06
1.743611406250000000e+05
7.915253125000000000e+05
2.917519750000000000e+06
3.664245440000000000e+08
5.114276171875000000e+04
1.007970234375000000e+05
8.324264062500000000e+04
4.508500312500000000e+05
1.617393906250000000e+05
5.468163452148437500e+02
1.040563964843750000e+04
6.107277832031250000e+02
1.304708203125000000e+05
7.027428125000000000e+04
3.015376892089843750e+02
4.527376875000000000e+05
2.922550195312500000e+04
5.841728515625000000e+02
9.491682031250000000e+04
1.042908828125000000e+05
4.019018554687500000e+02
3.350239868164062500e+02
2.388808007812500000e+04
2.406465429687500000e+04
1.014985717773437500e+03
1.063476806640625000e+03
1.304708203125000000e+05
6.716057739257812500e+02
1.927489257812500000e+04
6.910378906250000000e+04
7.705549316406250000e+02
8.819566040039062500e+02
9.491682031250000000e+04
6.879129028320312500e+02
9.166564941406250000e+02
2.388808007812500000e+04
1.014985717773437500e+03
9.707197265625000000e+02
9.754197998046875000e+02
1.927489257812500000e+04
7.705549316406250000e+02
6.879129028320312500e+02
9.707197265625000000e+02
4.761381250000000000e+05
2.007165312500000000e+05
1.067699250000000000e+06
4.527376875000000000e+05
2.301605312500000000e+05
2.040656718750000000e+05
1.067699250000000000e+06
2.040656718750000000e+05
1.274484375000000000e+05
1.349779062500000000e+05
9.851134375000000000e+04
3.971384765625000000e+04
2.068205750000000000e+06
1.058501200000000000e+07
4.701459687500000000e+05
2.378728125000000000e+05
4.443266406250000000e+04
2.703117187500000000e+05
4.595289600000000000e+07
1.740202375000000000e+06
7.678831500000000000e+06
1.994972656250000000e+05
3.920930400000000000e+07
1.003519140625000000e+04
1.120816880000000000e+08
3.264726562500000000e+04
5.899487500000000000e+04
9.971727500000000000e+05
1.524427968750000000e+05
5.424700000000000000e+05
3.617584500000000000e+06
1.468211625000000000e+06
1.860713200000000000e+07
1.718282343750000000e+05
5.553314062500000000e+04
8.345693750000000000e+04
1.015730437500000000e+06
4.382604687500000000e+05
7.063455000000000000e+05
1.587773593750000000e+05
4.875972500000000000e+05
3.419935000000000000e+05
9.222013750000000000e+05
1.067946750000000000e+06
8.963531250000000000e+05
3.458202812500000000e+05
5.311042000000000000e+07
2.853912000000000000e+06
4.459756000000000000e+07
1.435233437500000000e+05
6.187504687500000000e+04
6.152341015625000000e+04
5.220592187500000000e+04
2.522654218750000000e+05
2.184829843750000000e+05
1.716896562500000000e+05
1.829709250000000000e+06
5.821180625000000000e+05
2.552856000000000000e+06
6.650261875000000000e+05
1.587193750000000000e+05
7.971888125000000000e+05
9.460068000000000000e+07
3.042362695312500000e+04
2.674604687500000000e+05
7.961111718750000000e+04
1.674961718750000000e+05
4.808549000000000000e+06
4.919452812500000000e+05
1.316984375000000000e+05
1.273108046875000000e+05
1.500916718750000000e+05
6.371597265625000000e+04
5.708871600000000000e+07
1.860713200000000000e+07
2.080764218750000000e+05
2.794343750000000000e+05
1.248161600000000000e+07
1.871289843750000000e+04
1.549942812500000000e+05
3.278802343750000000e+04
9.648625781250000000e+04
2.534792633056640625e+02
3.517948928000000000e+09
6.181251500000000000e+06
7.434528750000000000e+05
3.269219000000000000e+06
1.053882500000000000e+06
5.435408984375000000e+04
1.025113500000000000e+06
1.009404375000000000e+06
1.232721191406250000e+03
4.519811035156250000e+03
1.907309440000000000e+09
3.207894400000000000e+07
2.093928593750000000e+05
2.868004687500000000e+05
4.371046484375000000e+04
1.245764100000000000e+07
5.705246484375000000e+04
3.673926250000000000e+06
1.719797250000000000e+06
4.374971093750000000e+04
3.673926250000000000e+06
7.753983398437500000e+03
1.267171484375000000e+04
3.202296630859375000e+03
7.273313500000000000e+06
8.190111718750000000e+04
6.232062890625000000e+04
1.696714625000000000e+06
6.591832885742187500e+02
1.679180908203125000e+03
4.547133750000000000e+05
1.090559687500000000e+05
6.886545410156250000e+03
8.246889062500000000e+04
1.862955444335937500e+03
5.350884765625000000e+04
3.279158984375000000e+04
1.939050156250000000e+05
1.389544375000000000e+05
3.149098125000000000e+05
7.720924375000000000e+05
2.935690820312500000e+04
1.740941093750000000e+05
2.153623125000000000e+05
5.761817500000000000e+05
1.627195000000000000e+05
3.237517440000000000e+08
1.066622100000000000e+07
1.491298750000000000e+05
4.380996160000000000e+08
2.262016250000000000e+05
4.869151562500000000e+04
2.963066675200000000e+10
4.673143500000000000e+06
3.420645937500000000e+05
2.511130468750000000e+05
1.055217400000000000e+07
1.072739200000000000e+08
1.860713200000000000e+07
8.075693750000000000e+04
1.105047280000000000e+08
1.065451015625000000e+05
6.906853906250000000e+04
1.621751091200000000e+10
3.077211250000000000e+05
2.993862812500000000e+05
2.076892578125000000e+04
7.500931875000000000e+05
6.864110937500000000e+04
4.469213000000000000e+06
1.646704218750000000e+05
5.096810625000000000e+05
3.308684765625000000e+04
1.777680400000000000e+07
1.066622100000000000e+07
6.738103125000000000e+04
7.588089500000000000e+06
5.250080078125000000e+04
7.608541406250000000e+04
1.380344448000000000e+09
5.527758125000000000e+05
4.789937500000000000e+05
1.535452656250000000e+05
3.269453000000000000e+06
3.235653440000000000e+08
1.770564400000000000e+07
4.505757812500000000e+05
1.663625280000000000e+08
2.847243750000000000e+05
2.826466210937500000e+04
1.028047769600000000e+10
9.368257500000000000e+05
3.842288750000000000e+05
5.803831250000000000e+04
1.775007375000000000e+06
4.851535034179687500e+02
5.931581420898437500e+02
2.575813867187500000e+04
5.377135620117187500e+02
1.096681300000000000e+07
1.805327343750000000e+05
6.227856640625000000e+04
3.821349687500000000e+05
1.867773125000000000e+06
5.278314000000000000e+06
1.956940820312500000e+04
1.867773125000000000e+06
4.686990625000000000e+05
8.920312500000000000e+04
1.054231718750000000e+05
6.002133203125000000e+04
1.256486640000000000e+08
1.066622100000000000e+07
2.188700468750000000e+05
2.022159218750000000e+05
1.022186880000000000e+08
2.523647968750000000e+05
1.950287875000000000e+06
4.303942968750000000e+04
1.126002500000000000e+05
9.232590332031250000e+02
1.733822464000000000e+10
1.957927680000000000e+08
6.861106400000000000e+07
3.352617750000000000e+06
3.770848250000000000e+06
1.186792109375000000e+05
2.363761200000000000e+07
5.207771200000000000e+07
1.393286250000000000e+05
2.098981835937500000e+04
3.243021107200000000e+10
1.500950630400000000e+10
1.541365760000000000e+08
2.607958000000000000e+06
1.251040700000000000e+07
3.032998297600000000e+10
3.089791015625000000e+04
1.269542265625000000e+05
1.137107734375000000e+05
4.330066000000000000e+06
3.076189453125000000e+04
9.252946093750000000e+04
1.567123281250000000e+05
6.859624000000000000e+06
4.099518750000000000e+05
2.843911718750000000e+04
1.737252734375000000e+04
1.022186880000000000e+08
7.071771500000000000e+06
6.828529375000000000e+05
2.068623750000000000e+05
6.329239453125000000e+04
3.426902099609375000e+03
1.122608256000000000e+09
1.295617840000000000e+08
3.779975312500000000e+05
1.013808000000000000e+07
4.558996093750000000e+04
1.315128051757812500e+03
2.748504960000000000e+08
6.086568750000000000e+05
2.382769687500000000e+05
7.740061523437500000e+03
7.200489472000000000e+10
3.297733000000000000e+06
4.454054062500000000e+05
5.025275390625000000e+04
8.168177500000000000e+05
2.023186000000000000e+07
1.278663906250000000e+05
4.370474500000000000e+06
5.140255312500000000e+05
1.324953250000000000e+06
1.303201760000000000e+08
2.227232800000000000e+07
1.680465781250000000e+05
1.022186880000000000e+08
2.721064375000000000e+05
6.300482031250000000e+04
7.200489472000000000e+10
5.943402500000000000e+06
4.146593125000000000e+05
2.565603750000000000e+06
9.724332000000000000e+07
6.073378125000000000e+05
3.357284687500000000e+05
5.531972656250000000e+02
2.220766601562500000e+04
1.495618593750000000e+05
1.383984875000000000e+06
1.504105000000000000e+05
2.950127187500000000e+05
7.022148437500000000e+04
2.372353210449218750e+02
3.676753515625000000e+04
1.657708496093750000e+03
2.895632812500000000e+04
1.761931640625000000e+04
5.527138671875000000e+04
1.357544140625000000e+04
1.292619726562500000e+04
4.630296484375000000e+04
3.634431875000000000e+05
1.148067375000000000e+06
3.902982187500000000e+05
1.340849511718750000e+04
2.539796289062500000e+04
1.164050000000000000e+06
2.541165429687500000e+04
2.388835156250000000e+04
1.811931718750000000e+05
1.262658500000000000e+06
5.082763125000000000e+05
2.213324000000000000e+06
1.548886406250000000e+05
5.047563750000000000e+05
4.167966406250000000e+04
1.279722890625000000e+05
2.345868750000000000e+04
2.198377200000000000e+07
1.727399600000000000e+07
1.896124800000000000e+07
4.331409062500000000e+05
3.983733000000000000e+06
2.567108750000000000e+06
4.801933593750000000e+04
2.994064250000000000e+06
2.726274609375000000e+04
6.485412500000000000e+04
6.480684800000000000e+08
1.251165680000000000e+08
7.976991250000000000e+05
1.122805248000000000e+09
6.374838750000000000e+05
5.354468750000000000e+05
8.221636800000000000e+07
9.200871093750000000e+04
5.703309765625000000e+04
9.650493750000000000e+04
1.655269440000000000e+08
1.368473100000000000e+07
8.502492500000000000e+05
6.076037000000000000e+06
8.700223125000000000e+05
7.912437500000000000e+05
2.068623750000000000e+05
2.846431396484375000e+03
6.753130468750000000e+04
7.292370117187500000e+03
8.883341406250000000e+04
3.446764843750000000e+04
1.043877031250000000e+05
3.874929062500000000e+05
4.226519921875000000e+04
2.778830664062500000e+04
1.043877031250000000e+05
2.778830664062500000e+04
4.670629600000000000e+07
1.019785781250000000e+05
6.774999218750000000e+04
1.340232750000000000e+06
8.710991250000000000e+05
9.014066406250000000e+04
5.029835156250000000e+04
8.293399047851562500e+02
1.066622100000000000e+07
2.861630625000000000e+05
1.430668457031250000e+04
1.372049072265625000e+03
2.775718359375000000e+04
5.721050292968750000e+03
1.543433990478515625e+02
9.014066406250000000e+04
5.029835156250000000e+04
8.293399047851562500e+02
4.083380000000000000e+06
2.188901367187500000e+04
4.944103027343750000e+03
6.126087109375000000e+04
2.606885009765625000e+03
9.954149218750000000e+04
6.301718750000000000e+03
2.775718359375000000e+04
5.721050292968750000e+03
1.543433990478515625e+02
2.291560211181640625e+02
2.188901367187500000e+04
4.944103027343750000e+03
6.126087109375000000e+04
2.606885009765625000e+03
9.954149218750000000e+04
6.301718750000000000e+03
1.581161376953125000e+03
1.986156640625000000e+04
2.760851318359375000e+03
4.180605859375000000e+04
2.291560211181640625e+02
1.581161376953125000e+03
1.986156640625000000e+04
2.760851318359375000e+03
4.180605859375000000e+04
1.138850585937500000e+03
1.138850585937500000e+03
1.839192187500000000e+04
1.441606718750000000e+05
4.056718994140625000e+03
2.589741210937500000e+03
2.621402656250000000e+05
6.495855500000000000e+06
6.250215000000000000e+05
2.858139687500000000e+05
4.323278125000000000e+04
1.655610875000000000e+06
1.497097031250000000e+05
3.425686562500000000e+05
1.002895000000000000e+05
5.489991796875000000e+04
1.349779062500000000e+05
2.492723437500000000e+04
7.153281738281250000e+03
4.493424960000000000e+08
2.652755937500000000e+05
1.658275000000000000e+06
1.737716400000000000e+07
1.888530664062500000e+04
1.456181250000000000e+04
6.442599609375000000e+04
4.527376875000000000e+05
1.583572558593750000e+04
2.232367187500000000e+04
6.442599609375000000e+04
2.232367187500000000e+04
1.897994375000000000e+05
1.650342031250000000e+05
1.617393906250000000e+05
9.670365234375000000e+03
1.178868750000000000e+05
1.042980371093750000e+04
8.123563964843750000e+03
2.415718554687500000e+04
4.119699218750000000e+03
1.302330200195312500e+03
1.403105625000000000e+05
6.451619531250000000e+04
8.999855468750000000e+03
3.945620361328125000e+03
3.110502685546875000e+03
5.329682421875000000e+04
1.344705664062500000e+04
2.455415527343750000e+03
3.049022949218750000e+03
2.096672363281250000e+02
1.761323120117187500e+03
3.359574707031250000e+03
3.857695703125000000e+04
5.549091308593750000e+03
1.888405303955078125e+02
5.315611328125000000e+03
1.617419000000000000e+06
1.599450073242187500e+02
3.631632080078125000e+02
3.061714062500000000e+05
1.599450073242187500e+02
1.874603125000000000e+05
2.115498809814453125e+02
7.154418945312500000e+01
4.824615000000000000e+05
5.790101562500000000e+03
2.034590234375000000e+04
3.177539257812500000e+04
2.273508250000000000e+06
4.179518125000000000e+05
1.346870312500000000e+05
3.061505250000000000e+06
1.460888875000000000e+06
2.607608906250000000e+05
2.262382812500000000e+05
1.331388100000000000e+07
1.463310750000000000e+06
7.236106250000000000e+05
2.047733600000000000e+07
1.828821718750000000e+05
4.201967187500000000e+05
4.527376875000000000e+05
1.463310750000000000e+06
4.820012400000000000e+07
2.047733600000000000e+07
4.201967187500000000e+05
4.820012400000000000e+07
1.641532968750000000e+05
7.275488281250000000e+03
1.608062656250000000e+05
4.527376875000000000e+05
5.886847265625000000e+04
2.228540156250000000e+05
1.608062656250000000e+05
2.228540156250000000e+05
1.751014750000000000e+06
1.290842734375000000e+05
9.646867187500000000e+04
1.020038500000000000e+06
3.299654062500000000e+05
6.494623125000000000e+05
2.055714875000000000e+06
5.799901875000000000e+05
2.613053593750000000e+05
1.608478281250000000e+05
4.533433750000000000e+05
4.527376875000000000e+05
2.697796250000000000e+05
1.036754187500000000e+06
2.419205937500000000e+05
3.044584687500000000e+05
4.898676250000000000e+05
1.592606718750000000e+05
5.596513750000000000e+05
5.791500625000000000e+05
1.731232400000000000e+07
2.407694250000000000e+06
2.613053593750000000e+05
3.289044375000000000e+05
4.390892578125000000e+04
4.188092578125000000e+04
2.054717200000000000e+07
2.392749250000000000e+06
2.419205937500000000e+05
4.133780625000000000e+05
9.179860937500000000e+04
5.596513750000000000e+05
1.731232400000000000e+07
1.456506718750000000e+05
1.221377031250000000e+05
4.390892578125000000e+04
2.054717200000000000e+07
4.133780625000000000e+05
1.456506718750000000e+05
5.251189600000000000e+07
4.448736718750000000e+04
1.421043125000000000e+05
4.089815000000000000e+05
4.240230468750000000e+04
1.824894335937500000e+04
4.440843261718750000e+03
4.985670312500000000e+05
2.580608398437500000e+04
8.388335937500000000e+04
1.194086914062500000e+04
5.450686718750000000e+04
2.445230937500000000e+05
7.361471679687500000e+03
8.563410625000000000e+05
2.170449707031250000e+03
2.794343750000000000e+05
2.037040039062500000e+03
2.985386132812500000e+04
6.159810256958007812e+01
2.236458984375000000e+04
1.226162109375000000e+05
6.030479736328125000e+02
8.398522949218750000e+02
8.466682617187500000e+03
2.955545312500000000e+05
3.545658750000000000e+05
7.213396875000000000e+05
4.056259375000000000e+04
2.827625000000000000e+05
2.189724218750000000e+04
1.068260156250000000e+05
4.038723046875000000e+04
1.241063203125000000e+05
6.689738750000000000e+05
6.266606640625000000e+04
3.031116601562500000e+04
1.417712300000000000e+07
3.294000937500000000e+05
1.404819375000000000e+05
1.533706125000000000e+06
3.045588000000000000e+06
2.879633920000000000e+08
1.858354800000000000e+07
1.809720875000000000e+06
1.099972400000000000e+07
4.456544375000000000e+05
2.260685625000000000e+05
1.034936640000000000e+08
5.278314000000000000e+06
4.545109062500000000e+05
3.004977408000000000e+09
5.896256500000000000e+06
3.045588000000000000e+06
3.162228326400000000e+10
2.879633920000000000e+08
1.858354800000000000e+07
4.389016960000000000e+08
1.099972400000000000e+07
4.456544375000000000e+05
1.034936640000000000e+08
7.200489472000000000e+10
3.004977408000000000e+09
5.896256500000000000e+06
3.162228326400000000e+10
4.389016960000000000e+08
7.200489472000000000e+10
5.207270703125000000e+04
3.531437812500000000e+05
3.188670000000000000e+06
9.617674000000000000e+06
5.471512500000000000e+05
4.409011250000000000e+05
7.273313500000000000e+06
1.420159667968750000e+04
1.085218515625000000e+05
4.256802343750000000e+04
3.132203750000000000e+06
8.899917000000000000e+06
1.236218880000000000e+08
6.976037500000000000e+06
1.075909843750000000e+05
4.089730859375000000e+04
1.017707437500000000e+06
1.159781600000000000e+08
1.009875187500000000e+06
1.630360625000000000e+05
2.723363867187500000e+04
3.473271875000000000e+04
1.899560000000000000e+07
1.293805625000000000e+05
9.915199218750000000e+04
3.751110000000000000e+05
1.563506469726562500e+03
1.422148437500000000e+02
1.582120704650878906e+01
3.986988769531250000e+03
3.584047812500000000e+05
2.890181250000000000e+04
4.527376875000000000e+05
3.030972265625000000e+04
4.139237304687500000e+03
3.584047812500000000e+05
3.030972265625000000e+04
2.211591718750000000e+05
2.516137968750000000e+05
6.267680000000000000e+05
9.358705468750000000e+04
2.392199250000000000e+06
6.327405078125000000e+04
1.955190468750000000e+05
9.163981445312500000e+03
5.653375625000000000e+05
7.797693750000000000e+04
5.127080625000000000e+05
2.144453906250000000e+05
1.217989746093750000e+04
4.981951171875000000e+04
7.898125000000000000e+04
6.913482812500000000e+04
1.535408691406250000e+04
2.904660937500000000e+04
5.424700000000000000e+05
5.016100000000000000e+06
1.809720875000000000e+06
1.036916210937500000e+04
4.736026953125000000e+04
1.879059250000000000e+06
5.979591308593750000e+03
3.397733203125000000e+04
1.650594335937500000e+04
1.411093000000000000e+06
1.253092968750000000e+05
4.821177000000000000e+06
1.230668652343750000e+04
2.603514453125000000e+04
1.214181518554687500e+03
3.134539843750000000e+04
4.054038750000000000e+05
6.255307128906250000e+03
1.860571600000000000e+07
1.180084687500000000e+05
6.705741406250000000e+04
2.005536718750000000e+05
3.055980500000000000e+06
1.210883625000000000e+06
1.809720875000000000e+06
1.001534843750000000e+05
7.412756250000000000e+04
1.642464648437500000e+04
4.893393000000000000e+06
3.055980500000000000e+06
1.210883625000000000e+06
1.001534843750000000e+05
4.893393000000000000e+06
7.975075000000000000e+05
1.481400312500000000e+05
8.450255625000000000e+05
2.696332812500000000e+05
1.186410781250000000e+05
9.862029687500000000e+04
1.693560312500000000e+05
4.124410937500000000e+04
1.233664700000000000e+07
1.256486640000000000e+08
1.066622100000000000e+07
9.375295312500000000e+04
9.789799804687500000e+03
3.103551200000000000e+07
2.674990000000000000e+06
9.570762500000000000e+04
1.022186880000000000e+08
4.985813437500000000e+05
3.647092968750000000e+04
8.401482031250000000e+04
1.507566899200000000e+10
3.623598800000000000e+07
4.394524375000000000e+05
1.733822464000000000e+10
2.749120000000000000e+06
4.225954687500000000e+05
4.041512500000000000e+04
4.884230957031250000e+03
2.439468750000000000e+03
3.966434048000000000e+09
1.636116250000000000e+06
1.906035312500000000e+05
4.794598750000000000e+05
8.248578000000000000e+06
2.588254375000000000e+05
3.309246484375000000e+04
7.200489472000000000e+10
1.097343120000000000e+08
6.249821250000000000e+05
3.544374000000000000e+07
5.168963750000000000e+05
1.712744921875000000e+04
3.878483886718750000e+03
7.681744800000000000e+07
3.759922240000000000e+08
1.327131125000000000e+06
7.116778906250000000e+04
8.993082368000000000e+09
6.637021093750000000e+04
1.138662000000000000e+07
1.094411406250000000e+05
1.349779062500000000e+05
5.859558203125000000e+04
2.288163476562500000e+04
2.504028500000000000e+06
4.382604687500000000e+05
1.229620375000000000e+06
4.184072265625000000e+04
2.993823125000000000e+05
2.535705468750000000e+05
2.026542125000000000e+06
1.031665156250000000e+05
1.485452200000000000e+07
2.738146250000000000e+05
1.364168652343750000e+04
1.133449250000000000e+06
1.468211625000000000e+06
2.372628320312500000e+04
5.730985937500000000e+04
8.982589375000000000e+05
6.092312500000000000e+04
4.069040312500000000e+05
6.224513671875000000e+04
1.962944062500000000e+05
5.016100000000000000e+06
1.468211625000000000e+06
1.286438281250000000e+04
3.377811718750000000e+04
9.940971875000000000e+04
3.885427187500000000e+05
1.030699125000000000e+06
5.024534062500000000e+05
7.501021484375000000e+03
2.367010625000000000e+05
1.349076562500000000e+05
6.221646875000000000e+04
1.393541875000000000e+06
9.379469600000000000e+07
2.382360156250000000e+04
6.963468750000000000e+04
2.193037812500000000e+05
4.995441562500000000e+05
1.871775585937500000e+04
4.141896875000000000e+04
6.055085000000000000e+06
1.140344200000000000e+07
9.861822656250000000e+04
1.029714750000000000e+06
1.502352875000000000e+06
2.664616875000000000e+05
4.103193750000000000e+04
1.483622812500000000e+05
7.855412000000000000e+07
2.319205781250000000e+05
1.043405840000000000e+08
8.204965625000000000e+04
7.174126500000000000e+06
6.194512890625000000e+04
1.434784750000000000e+06
3.544965632000000000e+09
2.812355312500000000e+05
4.441659687500000000e+05
1.031149000000000000e+07
1.276395390625000000e+05
1.667027148437500000e+04
1.870298046875000000e+04
4.492780468750000000e+04
4.232683593750000000e+04
6.542241250000000000e+05
2.431422265625000000e+04
6.930501562500000000e+04
3.236354375000000000e+05
8.293399047851562500e+02
5.994559478759765625e+01
3.693975830078125000e+03
2.344608000000000000e+06
3.864179375000000000e+05
2.314071406250000000e+05
5.631497500000000000e+06
1.747363437500000000e+05
1.144826953125000000e+05
5.913738769531250000e+03
2.443379882812500000e+04
1.482440500000000000e+07
6.265982500000000000e+05
4.527376875000000000e+05
1.482440500000000000e+07
3.184756835937500000e+04
1.347942773437500000e+04
6.171957812500000000e+04
1.325143100000000000e+07
1.585378281250000000e+05
3.355205468750000000e+04
3.733718125000000000e+05
8.426871093750000000e+04
8.011478906250000000e+04
2.840669375000000000e+05
6.095907714843750000e+03
8.478225000000000000e+05
8.287980468750000000e+03
1.077026125000000000e+06
9.475501562500000000e+04
1.093458007812500000e+04
3.957433593750000000e+04
1.270570625000000000e+05
7.043406250000000000e+03
1.555644218750000000e+05
2.201362304687500000e+04
1.499329589843750000e+04
1.508543945312500000e+04
8.801174375000000000e+05
1.321115468750000000e+05
7.866320312500000000e+04
4.486842285156250000e+03
1.070825546875000000e+05
2.238496679687500000e+04
2.444969531250000000e+04
9.345947265625000000e+03
1.928622070312500000e+04
1.374276977539062500e+03
1.064975488281250000e+04
1.713684375000000000e+04
2.430012207031250000e+03
1.152732421875000000e+05
8.971154296875000000e+03
4.533970214843750000e+03
2.015753662109375000e+03
4.774224121093750000e+03
1.406837768554687500e+03
5.146137207031250000e+03
1.248313110351562500e+03
2.046746289062500000e+04
2.288643125000000000e+05
1.650342031250000000e+05
1.449702500000000000e+06
5.228758984375000000e+04
1.286736406250000000e+05
1.269065250000000000e+06
1.270422812500000000e+05
5.130044687500000000e+05
1.105686125000000000e+06
8.758938281250000000e+04
1.482253906250000000e+05
7.614398125000000000e+05
5.424700000000000000e+05
1.468211625000000000e+06
7.213396875000000000e+05
5.056688750000000000e+05
3.680764375000000000e+05
2.285197656250000000e+04
4.382604687500000000e+05
3.719545312500000000e+04
4.337862500000000000e+05
1.318293500000000000e+06
1.032001718750000000e+05
1.577290039062500000e+04
8.963531250000000000e+05
2.872444375000000000e+05
1.887593125000000000e+05
3.509646484375000000e+04
5.203542500000000000e+06
1.107355468750000000e+05
3.453612109375000000e+04
6.834197500000000000e+05
9.250810937500000000e+04
1.467416894531250000e+04
3.717632800000000000e+07
3.237011875000000000e+05
1.441177929687500000e+04
4.972773437500000000e+05
6.975651562500000000e+04
2.494133593750000000e+04
1.697518750000000000e+05
7.180232500000000000e+05
7.538919531250000000e+04
9.196210937500000000e+03
6.931248750000000000e+05
9.907089843750000000e+04
7.460487500000000000e+04
3.219003320312500000e+04
2.056773593750000000e+05
1.312091406250000000e+05
1.275543500000000000e+06
3.690637812500000000e+05
4.625042500000000000e+06
1.540100000000000000e+05
1.716317031250000000e+05
6.218319531250000000e+04
2.056773593750000000e+05
1.312091406250000000e+05
8.022159179687500000e+03
1.123511474609375000e+03
1.297564375000000000e+06
1.716317031250000000e+05
8.210427000000000000e+06
1.468913375000000000e+06
9.971124000000000000e+06
1.431272343750000000e+05
1.114035078125000000e+05
1.297564375000000000e+06
9.447727343750000000e+04
9.423809375000000000e+04
6.406640625000000000e+05
3.033549023437500000e+04
7.204885253906250000e+02
3.648625750000000000e+06
7.899518750000000000e+04
1.310320375000000000e+06
4.846450312500000000e+05
1.100853900000000000e+07
8.561866875000000000e+05
5.864864062500000000e+04
9.197817187500000000e+04
2.359719218750000000e+05
1.886950000000000000e+06
1.949354500000000000e+06
1.761852800000000000e+07
1.731587250000000000e+06
3.912511875000000000e+05
2.370900781250000000e+05
4.036766250000000000e+05
4.349770000000000000e+07
1.843571125000000000e+06
1.760384800000000000e+07
3.808365000000000000e+05
4.469182400000000000e+07
3.870486000000000000e+06
3.659462812500000000e+05
7.966048437500000000e+04
9.433822500000000000e+05
6.626238281250000000e+03
3.651433203125000000e+04
6.601712646484375000e+02
7.581313750000000000e+05
5.287516875000000000e+05
1.653095875000000000e+06
7.381167187500000000e+04
3.924320000000000000e+05
4.143486250000000000e+05
3.059224375000000000e+05
1.075075078125000000e+05
1.144032500000000000e+07
1.733284400000000000e+07
3.777770000000000000e+05
5.845168125000000000e+05
4.153935312500000000e+05
1.421438964843750000e+04
5.434805120000000000e+08
2.290540000000000000e+06
1.531147250000000000e+06
6.339183203125000000e+04
7.499171500000000000e+06
3.063013750000000000e+05
4.563847187500000000e+05
1.308519625000000000e+06
3.322785000000000000e+05
4.563847187500000000e+05
1.017758789062500000e+04
1.412641375000000000e+06
7.730172656250000000e+04
7.671455625000000000e+05
1.650342031250000000e+05
2.226354375000000000e+05
1.830999877929687500e+03
8.093140625000000000e+04
3.418201171875000000e+03
4.163194885253906250e+02
3.953189843750000000e+04
6.364288940429687500e+02
7.352899169921875000e+01
5.119009375000000000e+04
8.261798437500000000e+04
8.262968139648437500e+02
7.228466796875000000e+03
5.739052124023437500e+02
5.156760742187500000e+03
9.176015625000000000e+03
3.249702453613281250e+02
5.567142486572265625e+01
5.519327926635742188e+01
2.562344482421875000e+03
6.645579223632812500e+02
2.106951660156250000e+03
1.193550781250000000e+03
2.176754570007324219e+01
5.386582031250000000e+02
1.774902656250000000e+05
3.507142187500000000e+05
1.427629687500000000e+05
9.143609375000000000e+05
1.168175200000000000e+07
7.395473750000000000e+05
1.318821679687500000e+04
2.577903125000000000e+05
9.396123437500000000e+04
4.382604687500000000e+05
3.224106250000000000e+04
1.450676093750000000e+05
9.793842968750000000e+04
4.302212812500000000e+05
4.391085000000000000e+05
1.139428671875000000e+05
5.734950000000000000e+05
2.178598125000000000e+05
5.079596000000000000e+06
6.624088750000000000e+05
2.825174400000000000e+07
8.149082812500000000e+04
2.878065625000000000e+05
2.326604492187500000e+04
1.378649121093750000e+04
5.310498828125000000e+04
5.902326875000000000e+05
8.029125781250000000e+04
1.964890875000000000e+06
6.188600625000000000e+05
5.101705000000000000e+06
1.905615468750000000e+05
2.428777734375000000e+04
5.616457500000000000e+05
1.880314400000000000e+07
1.451497460937500000e+04
1.539781406250000000e+05
2.729550195312500000e+04
4.259822500000000000e+05
1.828302000000000000e+07
9.103542968750000000e+04
7.255243750000000000e+04
1.256486640000000000e+08
1.066622100000000000e+07
6.961144500000000000e+06
1.986033437500000000e+05
1.022186880000000000e+08
7.914018400000000000e+07
1.068840000000000000e+05
7.280565500000000000e+06
5.215719921875000000e+04
8.279095312500000000e+04
1.733822464000000000e+10
2.568995840000000000e+10
8.480239375000000000e+05
9.169961600000000000e+08
1.556497500000000000e+05
6.595000000000000000e+04
3.550169088000000000e+09
8.762246093750000000e+04
1.233292421875000000e+05
9.171338281250000000e+04
7.200489472000000000e+10
8.333174375000000000e+05
8.454761250000000000e+05
3.466887500000000000e+05
6.562055625000000000e+05
4.701246500000000000e+06
2.849066250000000000e+05
9.961946093750000000e+04
1.349779062500000000e+05
4.370474500000000000e+06
7.116470500000000000e+06
6.709128750000000000e+05
1.007520468750000000e+05
1.254956171875000000e+05
4.371751250000000000e+05
5.786493125000000000e+05
4.690121484375000000e+04
2.390841093750000000e+05
5.825813671875000000e+04
5.220836328125000000e+04
4.785105468750000000e+04
7.208088125000000000e+05
8.685305468750000000e+04
6.101453500000000000e+06
3.623568250000000000e+06
7.116470500000000000e+06
1.377084062500000000e+05
2.263116210937500000e+04
6.417946484375000000e+04
2.519244921875000000e+04
4.106190312500000000e+05
3.041833125000000000e+05
5.825813671875000000e+04
2.593331718750000000e+05
9.030535156250000000e+04
7.208088125000000000e+05
6.101453500000000000e+06
8.148205468750000000e+04
3.575775781250000000e+04
6.417946484375000000e+04
4.106190312500000000e+05
2.593331718750000000e+05
8.148205468750000000e+04
1.228778625000000000e+06
2.052344335937500000e+04
7.450242187500000000e+04
1.513337900000000000e+07
2.665445200000000000e+07
7.550791406250000000e+04
7.273313500000000000e+06
6.149020703125000000e+04
4.309586718750000000e+04
2.088346752000000000e+09
1.116219453125000000e+05
4.570685625000000000e+05
4.095166250000000000e+05
5.819876500000000000e+06
1.251175250000000000e+06
5.585338750000000000e+05
3.019921093750000000e+04
2.984213867187500000e+03
1.344501406250000000e+05
3.388731562500000000e+05
1.815868359375000000e+04
2.239680750000000000e+06
1.164262500000000000e+05
8.778229000000000000e+06
2.819546875000000000e+04
2.402898925781250000e+03
6.045258984375000000e+04
6.307697265625000000e+04
1.206395859375000000e+05
2.060871406250000000e+05
9.038789843750000000e+04
4.527376875000000000e+05
4.576441500000000000e+06
5.064294687500000000e+05
2.060871406250000000e+05
4.576441500000000000e+06
8.641428750000000000e+05
4.949875000000000000e+04
3.184089062500000000e+05
1.409912968750000000e+05
1.559591093750000000e+05
2.239822187500000000e+05
4.664312500000000000e+04
1.943341562500000000e+05
1.468312792968750000e+04
4.005221435546875000e+03
9.679268750000000000e+04
8.802761250000000000e+05
8.750000976562500000e+03
1.090062578125000000e+05
1.921669920000000000e+08
8.913058593750000000e+04
1.657912343750000000e+05
4.577855500000000000e+06
1.717596000000000000e+07
1.830423200000000000e+07
1.444490000000000000e+05
3.065642500000000000e+06
5.005917187500000000e+04
4.824891015625000000e+04
1.138917376000000000e+09
4.574174062500000000e+05
1.047413750000000000e+06
1.354080156250000000e+05
9.302177000000000000e+06
2.964123437500000000e+05
5.415390000000000000e+05
1.925707812500000000e+05
1.367437656250000000e+05
2.345139062500000000e+05
1.320459218750000000e+05
1.415417480468750000e+04
5.126503125000000000e+04
1.604566113281250000e+04
1.316955273437500000e+04
8.515305664062500000e+03
8.174840625000000000e+05
1.900011523437500000e+04
3.529535625000000000e+05
1.029996562500000000e+06
2.178639531250000000e+05
8.033644531250000000e+03
6.051321093750000000e+04
2.512263600000000000e+07
1.860713200000000000e+07
1.396982500000000000e+05
5.415469000000000000e+06
3.726792578125000000e+04
7.569848437500000000e+04
2.630373120000000000e+09
3.168150625000000000e+05
7.765756250000000000e+05
4.147245937500000000e+05
1.154935600000000000e+07
7.095498437500000000e+04
3.531282812500000000e+05
6.867505000000000000e+05
7.712801562500000000e+04
1.638811132812500000e+04
1.171851875000000000e+05
5.118257812500000000e+04
4.158204062500000000e+05
4.527376875000000000e+05
1.174737656250000000e+05
7.971793750000000000e+04
9.346282031250000000e+04
3.219638671875000000e+04
3.157828437500000000e+05
2.878764843750000000e+04
1.141837109375000000e+05
7.003942968750000000e+04
7.789878125000000000e+05
4.154504687500000000e+04
1.171851875000000000e+05
8.597291406250000000e+04
5.762108984375000000e+04
5.435284765625000000e+04
4.860044062500000000e+05
1.066569218750000000e+05
9.346282031250000000e+04
2.085410781250000000e+05
5.397957031250000000e+04
1.141837109375000000e+05
7.789878125000000000e+05
7.712551562500000000e+04
4.509096093750000000e+04
5.762108984375000000e+04
4.860044062500000000e+05
2.085410781250000000e+05
7.712551562500000000e+04
2.002548375000000000e+06
6.560715500000000000e+06
1.326112400000000000e+08
4.538805468750000000e+04
1.631861718750000000e+05
4.503962187500000000e+05
2.002548375000000000e+06
3.263681600000000000e+08
1.326112400000000000e+08
1.631861718750000000e+05
3.263681600000000000e+08
1.126876796875000000e+05
1.441606718750000000e+05
4.120874375000000000e+05
4.542239453125000000e+04
1.897094531250000000e+04
2.654218437500000000e+05
2.206503710937500000e+04
2.204526171875000000e+04
1.424648437500000000e+05
1.224027832031250000e+04
2.225445898437500000e+04
2.475030500000000000e+06
3.755324609375000000e+04
7.773158125000000000e+05
1.856848800000000000e+07
8.383497656250000000e+04
8.230766406250000000e+04
2.770158750000000000e+05
1.297324250000000000e+06
2.496814531250000000e+05
3.246512187500000000e+05
9.748845000000000000e+05
7.494496250000000000e+05
6.239401953125000000e+04
4.575953515625000000e+04
2.479721562500000000e+05
3.207431562500000000e+05
4.632133437500000000e+05
1.145181796875000000e+05
4.869629687500000000e+04
4.557379687500000000e+05
4.520549609375000000e+04
1.139006093750000000e+05
4.836407812500000000e+04
4.505061875000000000e+05
1.893710546875000000e+04
1.877163671875000000e+04
2.077788000000000000e+07
1.280628750000000000e+05
5.327482031250000000e+04
3.641127500000000000e+05
1.010514400000000000e+07
2.879633920000000000e+08
1.897441600000000000e+07
2.794343750000000000e+05
1.775180000000000000e+07
1.155845250000000000e+06
4.015950625000000000e+05
1.053663360000000000e+08
3.826126750000000000e+06
9.755864062500000000e+04
2.436932608000000000e+09
4.837253600000000000e+07
3.943194500000000000e+06
3.184848281600000000e+10
2.973162000000000000e+07
1.067183250000000000e+06
2.291418368000000000e+09
6.458564000000000000e+06
3.586615625000000000e+05
2.210992400000000000e+07
7.200489472000000000e+10
5.196006720000000000e+08
5.062930000000000000e+06
5.935735040000000000e+08
3.161205760000000000e+08
3.751265894400000000e+10
9.038926250000000000e+05
3.615225312500000000e+05
1.619271125000000000e+06
4.527376875000000000e+05
1.865763750000000000e+05
3.389788437500000000e+05
1.619271125000000000e+06
3.389788437500000000e+05
2.738739000000000000e+06
2.830125600000000000e+07
4.939886474609375000e+01
1.809720875000000000e+06
1.720755250000000000e+06
2.789259910583496094e+01
2.115013750000000000e+05
2.083112525939941406e+01
5.288500000000000000e+05
3.667972946166992188e+01
2.662139200000000000e+08
1.165571746826171875e+02
2.738739000000000000e+06
5.205143356323242188e+01
2.830125600000000000e+07
4.939886474609375000e+01
6.719661712646484375e+01
1.720755250000000000e+06
2.789259910583496094e+01
2.083112525939941406e+01
5.310567016601562500e+02
2.662139200000000000e+08
1.165571746826171875e+02
5.205143356323242188e+01
6.719661712646484375e+01
5.310567016601562500e+02
5.521199375000000000e+05
5.424700000000000000e+05
5.658814500000000000e+06
5.905133593750000000e+04
1.010862000000000000e+06
1.036777937500000000e+06
1.703170250000000000e+06
2.156979687500000000e+05
3.994769250000000000e+06
3.053137304687500000e+04
1.487988375000000000e+06
4.011678515625000000e+04
2.688137187500000000e+05
1.085488000000000000e+06
8.295494375000000000e+05
2.278399414062500000e+04
2.057183593750000000e+05
5.025908593750000000e+04
4.112090234375000000e+04
1.432058750000000000e+05
4.868108500000000000e+06
1.595503417968750000e+03
3.254814062500000000e+05
1.900806518554687500e+03
1.500770141601562500e+03
3.662216406250000000e+04
1.207876220703125000e+03
7.904599218750000000e+04
1.850083984375000000e+03
1.439764257812500000e+04
7.157247070312500000e+03
2.564315429687500000e+04
2.879633920000000000e+08
6.116303500000000000e+06
8.295566406250000000e+04
5.226997200000000000e+07
1.723777343750000000e+05
4.605787500000000000e+04
1.561471180800000000e+10
7.275826250000000000e+05
2.386945468750000000e+05
4.861940625000000000e+04
2.167200500000000000e+06
1.094310156250000000e+05
8.952963281250000000e+04
3.642722000000000000e+06
4.686990625000000000e+05
2.533274414062500000e+04
3.323405937500000000e+05
2.514322031250000000e+05
2.002899218750000000e+05
2.531252656250000000e+05
5.376891875000000000e+05
1.446874023437500000e+04
1.517824125000000000e+06
1.998078125000000000e+05
5.170132812500000000e+04
1.272330078125000000e+05
3.799875600000000000e+07
3.650294140625000000e+04
6.292160156250000000e+04
7.703390625000000000e+05
8.544169531250000000e+04
1.518011718750000000e+04
4.244802734375000000e+04
1.008083100000000000e+07
7.203146875000000000e+05
6.410367968750000000e+04
3.113956562500000000e+05
3.720063500000000000e+06
2.405543750000000000e+06
1.518916250000000000e+05
3.720063500000000000e+06
1.077089875000000000e+06
5.910404375000000000e+05
1.356943300000000000e+07
8.973033593750000000e+04
2.279900250000000000e+06
4.888520937500000000e+05
1.076122625000000000e+06
2.532480960000000000e+08
1.293537900000000000e+07
2.310910250000000000e+06
2.605485440000000000e+08
1.061040500000000000e+06
7.221962500000000000e+04
3.318473000000000000e+06
4.332503125000000000e+04
2.145792773437500000e+04
8.174747500000000000e+05
6.681681250000000000e+04
1.816964843750000000e+04
3.514424062500000000e+05
1.435345625000000000e+05
1.163555390625000000e+05
4.466808984375000000e+04
1.389411840000000000e+08
1.411121500000000000e+07
5.496309375000000000e+04
7.855412000000000000e+07
1.075766406250000000e+05
8.449073437500000000e+04
1.301350092800000000e+10
6.961889375000000000e+05
3.293817968750000000e+04
1.262142109375000000e+05
5.964144375000000000e+05
3.299654062500000000e+05
4.038730312500000000e+05
1.821764375000000000e+06
2.411149609375000000e+04
5.377260625000000000e+05
8.974266406250000000e+04
3.221905000000000000e+05
9.125133789062500000e+03
2.091661093750000000e+05
2.105665000000000000e+05
5.509296250000000000e+05
1.551446875000000000e+05
1.612748242187500000e+04
5.968545703125000000e+04
5.785158593750000000e+04
3.038927812500000000e+05
2.385725195312500000e+04
5.914816406250000000e+04
2.351791601562500000e+04
4.414447656250000000e+04
4.697046484375000000e+04
1.650342031250000000e+05
5.016100000000000000e+06
1.468211625000000000e+06
1.033341308593750000e+04
4.764850000000000000e+04
2.549664453125000000e+04
1.402212207031250000e+04
4.371751250000000000e+05
1.287509625000000000e+06
5.024534062500000000e+05
2.382162500000000000e+04
4.199955625000000000e+05
5.187513281250000000e+04
6.254796875000000000e+04
4.847948046875000000e+04
1.116936000000000000e+06
9.379469600000000000e+07
1.477043554687500000e+04
1.771318164062500000e+04
3.910801757812500000e+03
2.743593750000000000e+04
1.178031484375000000e+05
1.638548593750000000e+05
5.784859375000000000e+05
3.296860156250000000e+04
3.372294531250000000e+04
4.079159375000000000e+04
8.650557500000000000e+05
5.454778125000000000e+05
7.699984375000000000e+04
9.540808000000000000e+06
2.170613671875000000e+04
2.090156445312500000e+04
1.706340429687500000e+04
3.005325312500000000e+05
4.263427500000000000e+05
7.279785937500000000e+04
1.820397265625000000e+04
1.667695500000000000e+06
2.377416796875000000e+04
2.872060937500000000e+05
1.954594335937500000e+04
1.158472875000000000e+06
1.999637500000000000e+05
3.928698125000000000e+05
4.443362812500000000e+05
2.305333125000000000e+05
1.695808203125000000e+04
6.411632812500000000e+04
1.039287800000000000e+07
1.766386875000000000e+05
2.228218750000000000e+06
2.347179687500000000e+05
3.239103500000000000e+06
5.441467187500000000e+04
3.486216875000000000e+05
1.148429100000000000e+07
5.253696484375000000e+04
4.877763671875000000e+04
6.295227343750000000e+04
1.342977812500000000e+05
1.447653625000000000e+06
3.981920937500000000e+05
1.635819238281250000e+04
1.679122070312500000e+04
7.855412000000000000e+07
1.605152960000000000e+08
5.278314000000000000e+06
5.635812500000000000e+06
5.786493125000000000e+05
5.927315625000000000e+05
5.814578125000000000e+05
2.677999375000000000e+05
2.546160351562500000e+04
6.223955859375000000e+04
1.232795776000000000e+09
6.212353200000000000e+07
1.447653625000000000e+06
2.808953500000000000e+06
3.981920937500000000e+05
1.635819238281250000e+04
4.530457600000000000e+09
7.855412000000000000e+07
1.605152960000000000e+08
5.635812500000000000e+06
8.459030400000000000e+07
4.608962500000000000e+06
5.814578125000000000e+05
1.989905625000000000e+06
2.677999375000000000e+05
2.546160351562500000e+04
1.104620544000000000e+10
1.232795776000000000e+09
6.212353200000000000e+07
2.808953500000000000e+06
4.530457600000000000e+09
1.141620736000000000e+09
8.459030400000000000e+07
4.608962500000000000e+06
1.989905625000000000e+06
1.104620544000000000e+10
1.141620736000000000e+09
5.220510625000000000e+05
1.747363437500000000e+05
3.416889453125000000e+04
1.160265625000000000e+04
8.060506875000000000e+05
8.391448437500000000e+04
7.354193359375000000e+03
6.534353027343750000e+03
5.845970625000000000e+05
1.330026245117187500e+03
1.723037304687500000e+04
8.809061523437500000e+03
8.335721435546875000e+02
1.225669067382812500e+03
5.024022949218750000e+03
6.318578491210937500e+02
2.626837463378906250e+02
2.645574804687500000e+04
1.481400312500000000e+05
8.588965625000000000e+04
4.853448750000000000e+05
7.242142968750000000e+04
1.614420000000000000e+06
6.323170312500000000e+04
1.075349843750000000e+05
7.837932617187500000e+03
9.670171875000000000e+04
2.827339648437500000e+04
2.457206875000000000e+05
1.250956796875000000e+05
6.169382812500000000e+03
6.696672656250000000e+04
1.755331445312500000e+04
2.022024023437500000e+04
8.783279296875000000e+03
4.508285312500000000e+05
4.562254062500000000e+05
1.981619335937500000e+04
3.780577750000000000e+06
3.846619000000000000e+06
4.735891796875000000e+04
4.981253000000000000e+06
9.993776367187500000e+03
6.535817500000000000e+06
6.488537109375000000e+04
1.489154218750000000e+05
1.817129120000000000e+08
3.813336875000000000e+05
3.562891250000000000e+05
8.353222500000000000e+06
4.087974250000000000e+06
4.401180859375000000e+04
5.884847500000000000e+05
6.969268750000000000e+04
3.881601953125000000e+04
4.265584375000000000e+04
6.532926250000000000e+05
1.535947753906250000e+04
3.397646875000000000e+05
6.419074375000000000e+05
6.615882812500000000e+04
1.362886093750000000e+05
6.574151562500000000e+04
1.604433593750000000e+05
1.322528125000000000e+06
1.304483203125000000e+04
4.967334765625000000e+04
1.287509625000000000e+06
1.285540429687500000e+04
1.176578671875000000e+05
1.084999375000000000e+06
3.530224609375000000e+04
1.994063671875000000e+04
2.843987695312500000e+04
6.252482421875000000e+04
1.263056835937500000e+04
6.609645312500000000e+04
5.586428515625000000e+04
1.968392773437500000e+04
3.857823974609375000e+03
1.074654687500000000e+05
1.561321875000000000e+05
2.521061914062500000e+04
4.051854687500000000e+05
1.638093750000000000e+04
3.201700439453125000e+03
7.672306250000000000e+04
1.059212597656250000e+04
1.313618500000000000e+06
3.709045898437500000e+03
9.420155273437500000e+03
8.680478000000000000e+06
4.682147500000000000e+05
4.824615000000000000e+05
1.276414257812500000e+04
1.022186880000000000e+08
7.855412000000000000e+07
2.220724375000000000e+05
7.273313500000000000e+06
3.627480078125000000e+04
4.277117187500000000e+04
1.384809088000000000e+09
2.847308288000000000e+09
3.190704062500000000e+05
1.627584640000000000e+08
5.735491406250000000e+04
2.140576562500000000e+04
3.512611840000000000e+09
2.177235250000000000e+06
1.480029000000000000e+06
1.252440625000000000e+05
7.200489472000000000e+10
3.310219750000000000e+06
5.235065500000000000e+06
8.706905000000000000e+05
1.316780800000000000e+07
4.823270720000000000e+08
4.655067840000000000e+08
5.752330078125000000e+04
1.097154531250000000e+05
1.382381562500000000e+05
1.218341300000000000e+07
1.971608281250000000e+05
7.164025000000000000e+04
2.683744062500000000e+05
1.355258203125000000e+04
1.061583593750000000e+05
4.371751250000000000e+05
3.155773828125000000e+04
2.124455520000000000e+08
1.047281300000000000e+07
6.137214375000000000e+05
2.526098720000000000e+08
1.110616500000000000e+07
4.675490000000000000e+05
1.677468262400000000e+10
2.124455520000000000e+08
1.047281300000000000e+07
2.526098720000000000e+08
1.677468262400000000e+10
9.698161621093750000e+02
7.804642187500000000e+04
2.412122031250000000e+05
4.527376875000000000e+05
8.773868408203125000e+02
8.281271972656250000e+02
2.412122031250000000e+05
8.281271972656250000e+02
4.535064062500000000e+05
8.732492187500000000e+03
5.649009375000000000e+04
2.628350781250000000e+04
3.683538750000000000e+06
3.397801562500000000e+04
7.673139843750000000e+04
3.606045312500000000e+05
2.315485742187500000e+04
2.915592812500000000e+05
3.951849062500000000e+05
1.315247343750000000e+05
9.598211718750000000e+04
3.253386562500000000e+05
4.370474500000000000e+06
1.371321562500000000e+05
5.197733437500000000e+05
1.820352968750000000e+05
1.848216750000000000e+06
9.702761718750000000e+04
2.355409062500000000e+05
1.649561914062500000e+04
7.629335000000000000e+05
3.155148046875000000e+04
1.206199625000000000e+06
2.279257656250000000e+05
1.288612812500000000e+05
1.265287597656250000e+04
9.313750781250000000e+04
8.104146875000000000e+04
2.143685937500000000e+04
4.902302187500000000e+05
1.930005859375000000e+04
6.222496093750000000e+04
2.734670117187500000e+04
1.045164000000000000e+07
1.632020468750000000e+05
3.908735546875000000e+04
2.541225156250000000e+05
2.830125600000000000e+07
1.860713200000000000e+07
1.667647500000000000e+05
1.095310000000000000e+07
5.397926171875000000e+04
6.143592578125000000e+04
2.613549824000000000e+09
1.150936250000000000e+06
4.323164375000000000e+05
3.605295312500000000e+05
8.663715000000000000e+06
1.641300300000000000e+07
3.847202250000000000e+06
1.069623520000000000e+08
1.378500585937500000e+04
3.059342750000000000e+06
9.617114062500000000e+04
7.822328750000000000e+05
1.528208000000000000e+09
2.152159200000000000e+07
1.989515937500000000e+05
8.634924000000000000e+07
3.773156982421875000e+03
5.786493125000000000e+05
3.964377929687500000e+03
2.122115468750000000e+05
1.226904300000000000e+07
2.164270000000000000e+07
9.361250781250000000e+04
2.887140312500000000e+05
3.354193437500000000e+05
1.054264941406250000e+04
6.164256000000000000e+06
1.293769140625000000e+04
6.254689453125000000e+04
1.023477800000000000e+07
1.695776250000000000e+06
3.448770312500000000e+04
6.898840576000000000e+09
2.193935312500000000e+05
5.218007187500000000e+05
8.629921000000000000e+06
3.327526171875000000e+04
1.256298925781250000e+04
3.066280273437500000e+04
4.041210368000000000e+09
5.975462500000000000e+05
3.372008593750000000e+04
2.848090750000000000e+06
8.491239843750000000e+04
1.431125200000000000e+07
1.256486640000000000e+08
7.116470500000000000e+06
4.821744375000000000e+05
7.855412000000000000e+07
8.797608750000000000e+05
2.811813085937500000e+04
2.588127436800000000e+10
2.078344875000000000e+06
2.344070312500000000e+05
3.340285000000000000e+05
5.374437500000000000e+06
2.003233437500000000e+05
2.828402099609375000e+03
2.050757000000000000e+06
2.758398437500000000e+05
2.968656250000000000e+03
8.581727343750000000e+04
2.009809000000000000e+06
2.515777832031250000e+03
3.464392187500000000e+05
3.045364500000000000e+06
6.275919140625000000e+04
3.504597812500000000e+05
9.121557617187500000e+03
6.897828906250000000e+04
3.441867750000000000e+06
2.986969140625000000e+04
1.683634062500000000e+05
3.922956250000000000e+04
1.347607968750000000e+05
1.980421718750000000e+05
1.630985781250000000e+05
4.945223000000000000e+06
6.643314375000000000e+05
9.537096093750000000e+04
2.135940625000000000e+05
5.832651171875000000e+04
4.371751250000000000e+05
1.468836250000000000e+06
7.017608750000000000e+05
1.113121718750000000e+05
5.839874375000000000e+05
1.562775625000000000e+05
4.851032812500000000e+04
9.227872500000000000e+05
2.779592000000000000e+07
1.765521093750000000e+05
1.506509687500000000e+05
3.188048437500000000e+05
3.429775937500000000e+05
3.280726171875000000e+04
1.712680468750000000e+05
2.616565000000000000e+06
3.951570250000000000e+06
1.659562343750000000e+05
7.120429375000000000e+05
2.424879600000000000e+07
1.542175468750000000e+05
3.411491015625000000e+04
7.324700000000000000e+05
2.879633920000000000e+08
7.421075000000000000e+04
1.619630468750000000e+05
4.838669062500000000e+05
1.751257031250000000e+05
2.406052343750000000e+04
3.809616699218750000e+03
9.940146875000000000e+05
2.067255250000000000e+06
6.276571484375000000e+04
5.024534062500000000e+05
3.120060156250000000e+04
4.393408691406250000e+03
1.919595312500000000e+04
2.970293701171875000e+03
7.393322500000000000e+05
9.118687500000000000e+04
1.787307343750000000e+05
3.509564941406250000e+03
6.650755859375000000e+03
1.638142456054687500e+03
5.622711875000000000e+05
1.639078247070312500e+03
5.399515625000000000e+03
1.882506250000000000e+04
1.054609800000000000e+07
1.063012771606445312e+02
5.558786132812500000e+03
6.243461718750000000e+04
5.964113159179687500e+02
1.603020312500000000e+05
5.308827734375000000e+04
8.239992675781250000e+02
9.715006835937500000e+03
3.099595937500000000e+05
1.214538671875000000e+04
3.930252441406250000e+03
1.377101074218750000e+04
1.105126171875000000e+05
1.592029687500000000e+05
1.274885800000000000e+07
5.496892089843750000e+02
1.633783281250000000e+05
8.382082812500000000e+04
1.097308715820312500e+03
8.258251000000000000e+06
2.003256250000000000e+05
6.293303710937500000e+03
4.556648437500000000e+04
5.306364400000000000e+07
1.860713200000000000e+07
1.921269600000000000e+07
2.794343750000000000e+05
2.140075200000000000e+07
1.577724800000000000e+07
3.206865937500000000e+05
7.273313500000000000e+06
9.648625781250000000e+04
3.397801562500000000e+04
4.419385856000000000e+09
8.676680960000000000e+08
1.445879250000000000e+06
1.219212160000000000e+09
1.053882500000000000e+06
2.553438000000000000e+06
5.314389120000000000e+08
1.594391500000000000e+06
3.631753437500000000e+05
9.431852500000000000e+05
7.200489472000000000e+10
5.243102800000000000e+07
5.276652500000000000e+06
1.950483200000000000e+07
9.202049000000000000e+06
8.648954880000000000e+08
6.704286875000000000e+05
3.126442187500000000e+05
1.785099687500000000e+05
2.576912343750000000e+05
2.766821250000000000e+05
3.500784375000000000e+04
2.489497265625000000e+04
4.213407812500000000e+04
4.240837500000000000e+04
1.911400000000000000e+04
3.869309375000000000e+04
7.313015000000000000e+06
5.251194375000000000e+05
4.628825937500000000e+05
5.712450500000000000e+06
5.643996093750000000e+04
4.343016320000000000e+08
1.860713200000000000e+07
8.274935937500000000e+04
4.388330560000000000e+08
1.958919531250000000e+05
6.857829687500000000e+04
4.887377510400000000e+10
4.905922187500000000e+05
3.061997187500000000e+05
4.512266796875000000e+04
1.417140125000000000e+06
7.806409000000000000e+06
7.250017000000000000e+06
8.151392187500000000e+04
1.099478000000000000e+06
7.041381250000000000e+04
6.221908203125000000e+04
2.138599360000000000e+08
1.251690703125000000e+05
4.529043437500000000e+05
3.746724218750000000e+04
3.775713500000000000e+06
1.345565500000000000e+06
3.639278906250000000e+04
1.488806250000000000e+05
2.597827343750000000e+04
2.579135200000000000e+07
1.860713200000000000e+07
7.773962500000000000e+04
1.274885800000000000e+07
3.305644531250000000e+04
6.288086328125000000e+04
2.755524608000000000e+09
9.478375000000000000e+04
2.901723125000000000e+05
1.099878222656250000e+04
2.132187656250000000e+05
2.214459750000000000e+06
2.703653125000000000e+05
8.518911875000000000e+05
8.844489843750000000e+04
2.768771875000000000e+05
4.114471484375000000e+04
8.762716875000000000e+05
5.092287109375000000e+04
1.346020468750000000e+05
1.973793554687500000e+04
5.218713867187500000e+03
5.740826875000000000e+05
2.171812500000000000e+06
2.434562343750000000e+05
2.879633920000000000e+08
1.921269600000000000e+07
7.636077343750000000e+04
7.855412000000000000e+07
1.587157500000000000e+05
1.617355371093750000e+04
1.791988121600000000e+10
4.702840625000000000e+05
1.884333203125000000e+04
4.300307812500000000e+04
2.417337812500000000e+05
8.518108125000000000e+05
1.353835000000000000e+05
2.018482968750000000e+05
4.265843125000000000e+05
4.360168125000000000e+05
3.898705859375000000e+04
1.308519625000000000e+06
1.135406562500000000e+05
2.415718554687500000e+04
1.287509625000000000e+06
3.242490820312500000e+04
1.353835000000000000e+05
2.018482968750000000e+05
4.265843125000000000e+05
1.310391210937500000e+04
3.669566162109375000e+03
5.817385000000000000e+05
1.861393000000000000e+06
2.415718554687500000e+04
1.287509625000000000e+06
2.749899218750000000e+04
3.242490820312500000e+04
1.543314648437500000e+04
2.452847343750000000e+05
1.074690332031250000e+04
3.669566162109375000e+03
5.817385000000000000e+05
1.468689819335937500e+03
1.861393000000000000e+06
1.471142968750000000e+04
8.262405468750000000e+04
2.569494062500000000e+05
1.074690332031250000e+04
2.052248437500000000e+04
3.249275000000000000e+05
2.188110351562500000e+04
2.569494062500000000e+05
1.590756591796875000e+03
2.373456445312500000e+04
2.991091875000000000e+05
3.097048632812500000e+04
6.242223046875000000e+04
1.449329375000000000e+05
3.277334062500000000e+05
4.709446875000000000e+05
5.654533984375000000e+04
1.937593593750000000e+05
1.353335058593750000e+04
1.145009375000000000e+04
1.188301796875000000e+05
2.837528750000000000e+05
1.020699511718750000e+04
1.086564843750000000e+05
1.293391093750000000e+05
5.786493125000000000e+05
1.511726855468750000e+04
1.297324250000000000e+06
9.822550000000000000e+04
1.468211625000000000e+06
3.519992187500000000e+05
1.291630625000000000e+06
4.588984500000000000e+06
3.977123718261718750e+02
3.157747187500000000e+05
4.701210632324218750e+02
9.773474218750000000e+04
1.457921375000000000e+06
1.978787625000000000e+06
4.945290527343750000e+02
5.203545625000000000e+05
3.140295937500000000e+05
3.558500937500000000e+05
1.326936401367187500e+03
2.600385200000000000e+07
2.611370605468750000e+03
2.373998718261718750e+02
5.189239062500000000e+05
7.625015625000000000e+04
6.321699829101562500e+02
9.238759200000000000e+07
2.519059814453125000e+03
1.824556884765625000e+02
6.038149375000000000e+05
8.275230468750000000e+03
1.295452026367187500e+03
2.352229980468750000e+03
7.349028125000000000e+05
1.749411914062500000e+04
3.774095153808593750e+02
6.185675292968750000e+03
8.943311523437500000e+03
1.603850097656250000e+04
5.918433105468750000e+03
1.751376757812500000e+04
3.770330000000000000e+05
7.315366250000000000e+05
2.854843437500000000e+05
4.527376875000000000e+05
6.164256000000000000e+06
1.055957763671875000e+03
5.322988281250000000e+03
2.816941162109375000e+03
3.770330000000000000e+05
7.315366250000000000e+05
2.132675600000000000e+07
6.164256000000000000e+06
5.322988281250000000e+03
2.816941162109375000e+03
5.163406640625000000e+04
2.132675600000000000e+07
5.163406640625000000e+04
2.366946000000000000e+07
6.268394140625000000e+04
2.534934765625000000e+04
1.148286484375000000e+05
3.901442968750000000e+04
1.939050156250000000e+05
1.026422437500000000e+06
7.891545312500000000e+04
1.626859687500000000e+05
2.248522949218750000e+03
2.020901000000000000e+06
1.291223203125000000e+05
1.485583691406250000e+04
1.264056250000000000e+06
1.044110000000000000e+05
6.626799375000000000e+05
5.495805859375000000e+04
6.761652500000000000e+05
5.106200312500000000e+05
1.004553750000000000e+05
6.447867500000000000e+05
3.649725000000000000e+05
5.048381875000000000e+05
3.583675312500000000e+05
2.274295200000000000e+07
1.860713200000000000e+07
4.343451250000000000e+05
9.636476000000000000e+06
5.314359375000000000e+04
6.420916015625000000e+04
1.864701696000000000e+09
2.939385000000000000e+05
5.303647500000000000e+05
1.950147656250000000e+05
3.482290000000000000e+06
2.469786500000000000e+06
1.921269600000000000e+07
1.707689843750000000e+05
9.386491875000000000e+05
2.250619335937500000e+04
1.107246718750000000e+05
5.439126800000000000e+07
8.440963281250000000e+04
4.724643437500000000e+05
1.341417343750000000e+05
1.183791500000000000e+06
3.565117578125000000e+04
1.191642812500000000e+05
9.767127929687500000e+03
7.043483593750000000e+04
4.387920312500000000e+04
1.147304980468750000e+04
1.782592773437500000e+02
6.540830625000000000e+05
7.026783750000000000e+05
8.918560937500000000e+04
5.024534062500000000e+05
1.530043847656250000e+04
1.196215362548828125e+02
2.737678222656250000e+03
1.142645751953125000e+03
1.576361875000000000e+06
1.514178125000000000e+05
1.644792500000000000e+05
1.385389892578125000e+03
2.922267578125000000e+03
1.554330062866210938e+01
2.362538437500000000e+05
3.882025451660156250e+02
7.152654296875000000e+03
1.251709875000000000e+06
2.689706250000000000e+05
3.656248828125000000e+04
9.987201562500000000e+04
1.825718281250000000e+05
5.722294433593750000e+03
2.974793359375000000e+04
3.971544750000000000e+06
4.609175000000000000e+04
1.010299218750000000e+05
7.288026000000000000e+06
1.222168203125000000e+05
3.841610937500000000e+04
3.399870312500000000e+05
1.632077000000000000e+06
7.823555468750000000e+04
3.471549062500000000e+05
7.763692968750000000e+04
5.736908203125000000e+04
1.811084179687500000e+04
3.713937890625000000e+04
4.686496582031250000e+03
2.966336500000000000e+06
2.919318750000000000e+04
5.736958203125000000e+04
3.641625781250000000e+04
8.788415625000000000e+04
1.253183789062500000e+04
2.108522265625000000e+04
1.009985062500000000e+06
6.582150878906250000e+03
4.628546386718750000e+03
6.469758984375000000e+04
4.693659687500000000e+05
2.292982187500000000e+05
1.183274536132812500e+03
2.029835083007812500e+03
2.758553750000000000e+05
1.648890869140625000e+03
1.070215234375000000e+04
5.324769140625000000e+04
6.877013281250000000e+04
8.710061250000000000e+05
9.959407226562500000e+03
4.527376875000000000e+05
2.048489375000000000e+05
3.601425048828125000e+03
2.724881591796875000e+03
7.271998046875000000e+03
6.877013281250000000e+04
8.710061250000000000e+05
1.503198375000000000e+06
2.048489375000000000e+05
2.724881591796875000e+03
7.271998046875000000e+03
3.519893750000000000e+04
1.503198375000000000e+06
3.519893750000000000e+04
1.498857031250000000e+05
2.811221760000000000e+08
1.860713200000000000e+07
8.184052343750000000e+04
1.327412960000000000e+08
1.188267812500000000e+05
8.313425781250000000e+04
3.832014848000000000e+10
6.295728750000000000e+05
2.671222187500000000e+05
1.442038437500000000e+05
2.377992000000000000e+06
2.064315875000000000e+06
2.879633920000000000e+08
1.921269600000000000e+07
1.650147375000000000e+06
7.220243500000000000e+06
9.775555000000000000e+05
8.190658593750000000e+04
7.855412000000000000e+07
5.265191500000000000e+06
5.498598750000000000e+05
1.832234368000000000e+09
5.445084400000000000e+07
1.984510000000000000e+06
1.791988121600000000e+10
2.913466880000000000e+08
1.875886800000000000e+07
1.130968576000000000e+09
7.040326500000000000e+06
8.942340625000000000e+05
7.613305600000000000e+07
7.200489472000000000e+10
1.824785024000000000e+09
5.134773200000000000e+07
1.754551500800000000e+10
1.072531264000000000e+09
7.200489472000000000e+10
8.398301562500000000e+04
1.425861230468750000e+04
4.521858886718750000e+03
3.289575683593750000e+03
9.181321875000000000e+05
3.347228125000000000e+04
9.042720312500000000e+04
3.020297812500000000e+05
9.977045000000000000e+05
7.017608750000000000e+05
2.271399500000000000e+06
2.530154375000000000e+05
1.089564000000000000e+06
6.470148125000000000e+05
2.161171750000000000e+06
2.322979000000000000e+06
7.087750400000000000e+07
2.516937187500000000e+05
5.072321920000000000e+08
6.017355468750000000e+04
3.241016500000000000e+06
6.232062890625000000e+04
7.622615000000000000e+05
2.051191296000000000e+09
2.903652812500000000e+05
7.923746875000000000e+04
1.113407800000000000e+07
4.164728750000000000e+05
5.857730000000000000e+06
8.974907226562500000e+02
1.066622100000000000e+07
4.933600000000000000e+05
5.674664062500000000e+03
3.966303405761718750e+02
3.245896250000000000e+05
5.870883789062500000e+03
8.008358154296875000e+02
8.030373500000000000e+06
5.344305175781250000e+03
5.288690429687500000e+03
1.823456250000000000e+05
7.270747500000000000e+06
5.786128750000000000e+05
1.016433125000000000e+05
8.927794531250000000e+04
4.527376875000000000e+05
1.267636000000000000e+07
1.823456250000000000e+05
7.270747500000000000e+06
1.016433125000000000e+05
1.267636000000000000e+07
3.750745312500000000e+05
1.650342031250000000e+05
3.625390000000000000e+06
1.468211625000000000e+06
2.785647656250000000e+04
2.789428750000000000e+05
1.343148125000000000e+05
4.231637187500000000e+05
1.287509625000000000e+06
7.557160000000000000e+05
4.717801562500000000e+04
2.471522031250000000e+05
4.672441562500000000e+05
2.330846679687500000e+04
1.116936000000000000e+06
4.135581200000000000e+07
3.374794140625000000e+04
6.902987500000000000e+04
1.114803500000000000e+06
3.841992187500000000e+05
6.307605957031250000e+03
2.344635937500000000e+05
9.410716000000000000e+06
4.392537000000000000e+06
1.038871562500000000e+05
6.256512500000000000e+05
4.872528125000000000e+04
7.011279785156250000e+03
3.028718359375000000e+04
4.813974609375000000e+04
1.021304062500000000e+05
9.439816406250000000e+03
1.017487109375000000e+04
1.020579765625000000e+05
1.614588964843750000e+04
1.263659765625000000e+05
6.982435000000000000e+05
2.174797031250000000e+05
6.718576562500000000e+04
7.830039375000000000e+05
1.896948437500000000e+05
1.345116375000000000e+06
3.393998000000000000e+06
1.208560000000000000e+06
1.160967382812500000e+04
1.871114250000000000e+06
2.534352148437500000e+04
2.368337109375000000e+04
4.987102187500000000e+05
1.935269921875000000e+04
1.554875585937500000e+04
2.879633920000000000e+08
5.285714721679687500e+01
2.877201250000000000e+05
1.200949500000000000e+06
6.406935119628906250e+01
2.523647968750000000e+05
3.570351250000000000e+06
2.051342582702636719e+01
3.712968444824218750e+01
1.579616333007812500e+03
1.452533111572265625e+02
1.230185600000000000e+08
2.476200320000000000e+08
1.742486763000488281e+01
4.496423721313476562e+01
2.582696562500000000e+05
7.850683593750000000e+01
5.401762771606445312e+01
1.915383437500000000e+05
1.711488151550292969e+01
1.688765106201171875e+02
1.253761138916015625e+02
1.281158560000000000e+08
1.487494277954101562e+01
6.420568084716796875e+01
1.490942382812500000e+02
1.910182500000000000e+05
6.989717500000000000e+05
3.177818750000000000e+05
1.463767187500000000e+05
1.362972778320312500e+03
1.004463378906250000e+04
6.961395263671875000e+02
8.269968872070312500e+02
1.673762500000000000e+05
5.434683125000000000e+05
1.473268000000000000e+06
2.681889375000000000e+05
6.610748437500000000e+04
3.159855937500000000e+05
9.624253125000000000e+04
4.382604687500000000e+05
4.517396562500000000e+05
1.029825937500000000e+05
1.838345000000000000e+05
1.026232734375000000e+05
1.150094843750000000e+05
8.985819375000000000e+05
2.241948593750000000e+05
1.006500468750000000e+05
5.741703125000000000e+04
1.059396500000000000e+06
1.443601718750000000e+05
3.159855937500000000e+05
2.404171093750000000e+05
2.787627539062500000e+04
7.155741406250000000e+04
1.531364875000000000e+06
2.628903125000000000e+05
1.026232734375000000e+05
2.799569062500000000e+05
1.069139687500000000e+05
1.006500468750000000e+05
1.059396500000000000e+06
1.414234531250000000e+05
1.521010937500000000e+05
2.787627539062500000e+04
1.531364875000000000e+06
2.799569062500000000e+05
1.414234531250000000e+05
4.422706250000000000e+05
8.918739062500000000e+04
2.395058593750000000e+04
1.333590625000000000e+05
2.232424375000000000e+05
1.721186328125000000e+04
7.235265000000000000e+05
2.797253125000000000e+05
1.254952656250000000e+05
1.791575200000000000e+07
6.040971093750000000e+04
3.184879062500000000e+05
7.663039375000000000e+05
2.926993125000000000e+05
7.163285937500000000e+04
2.299999062500000000e+05
7.406397460937500000e+03
4.382604687500000000e+05
6.404440234375000000e+04
9.755929687500000000e+04
1.117777890625000000e+05
3.699063281250000000e+04
3.766673095703125000e+03
5.183891875000000000e+05
1.382695312500000000e+05
1.234723437500000000e+05
1.242363867187500000e+04
9.938565000000000000e+05
1.975449023437500000e+04
9.562203125000000000e+03
1.747526718750000000e+05
2.521242578125000000e+04
5.132954589843750000e+03
7.760610625000000000e+05
3.255523437500000000e+04
4.033159423828125000e+03
4.492795312500000000e+05
3.398786718750000000e+04
1.366632519531250000e+04
9.399977343750000000e+04
1.535716093750000000e+05
5.040760156250000000e+04
5.218534667968750000e+03
5.941105078125000000e+04
1.020209843750000000e+05
1.495948125000000000e+05
9.943579687500000000e+04
1.354053281250000000e+05
4.248227000000000000e+06
4.311002500000000000e+05
6.868060156250000000e+04
2.145149062500000000e+05
2.205424687500000000e+05
4.371751250000000000e+05
1.287509625000000000e+06
5.024534062500000000e+05
1.710488867187500000e+04
4.892163125000000000e+05
1.459230468750000000e+05
4.692063671875000000e+04
5.846021250000000000e+05
4.718974800000000000e+07
6.774966406250000000e+04
2.003393906250000000e+05
4.727040937500000000e+05
5.784859375000000000e+05
1.825878125000000000e+04
3.824929687500000000e+04
1.086359200000000000e+07
4.600877000000000000e+06
4.999700390625000000e+04
7.563765000000000000e+05
2.879633920000000000e+08
1.860713200000000000e+07
1.848193875000000000e+06
1.809720875000000000e+06
1.022186880000000000e+08
6.272541250000000000e+05
5.278314000000000000e+06
2.069249062500000000e+05
4.527376875000000000e+05
9.847468750000000000e+03
3.142992076800000000e+10
1.177221888000000000e+09
2.879633920000000000e+08
6.249468400000000000e+07
1.860713200000000000e+07
1.848193875000000000e+06
1.488632480000000000e+08
1.022186880000000000e+08
6.272541250000000000e+05
2.069249062500000000e+05
7.200489472000000000e+10
3.142992076800000000e+10
1.177221888000000000e+09
6.249468400000000000e+07
1.488632480000000000e+08
7.200489472000000000e+10
3.935976875000000000e+05
3.299654062500000000e+05
4.686990625000000000e+05
6.233214375000000000e+05
5.539167500000000000e+05
9.639124218750000000e+04
3.569619140625000000e+04
4.382604687500000000e+05
4.409498750000000000e+05
1.925689375000000000e+05
7.420121250000000000e+05
3.617081640625000000e+04
6.649686718750000000e+04
7.939264375000000000e+05
2.455005156250000000e+05
2.411742343750000000e+05
1.757977343750000000e+05
2.710675750000000000e+06
3.926686250000000000e+05
9.780057812500000000e+04
5.425848125000000000e+05
3.332508984375000000e+04
6.605467187500000000e+04
9.797381000000000000e+06
1.190549500000000000e+06
3.459338281250000000e+04
3.134873750000000000e+05
7.478381250000000000e+04
2.424705468750000000e+05
2.701740750000000000e+06
2.674382812500000000e+05
2.156128281250000000e+05
3.181065820312500000e+04
9.743821000000000000e+06
3.014421875000000000e+05
2.606273906250000000e+05
3.412988437500000000e+05
3.238178750000000000e+05
1.141853222656250000e+04
4.817744921875000000e+04
1.040602812500000000e+05
1.349779062500000000e+05
5.116207812500000000e+04
4.717400390625000000e+04
7.687135000000000000e+05
2.301868593750000000e+05
4.370474500000000000e+06
4.821864375000000000e+05
2.638651250000000000e+05
1.078188203125000000e+05
9.408153125000000000e+05
1.071431640625000000e+04
2.766821250000000000e+05
5.907160937500000000e+04
6.130868125000000000e+05
1.900794687500000000e+05
5.185237890625000000e+04
3.400070312500000000e+03
1.381731200000000000e+07
1.320260312500000000e+05
5.771320625000000000e+05
6.952035937500000000e+04
4.088360250000000000e+06
2.583240625000000000e+04
8.695292187500000000e+04
6.245710000000000000e+06
4.885994687500000000e+05
4.405582031250000000e+04
2.872597500000000000e+06
3.583583203125000000e+04
7.375295410156250000e+03
1.145938625000000000e+06
1.404164531250000000e+05
1.248582500000000000e+05
1.367758437500000000e+05
2.485696000000000000e+07
2.115254000000000000e+06
7.422088281250000000e+04
1.437608750000000000e+05
1.186231953125000000e+05
1.828973000000000000e+06
1.680737000000000000e+06
1.323389355468750000e+04
2.760427500000000000e+05
5.089019531250000000e+04
1.536577832031250000e+04
6.579514160156250000e+03
6.322060546875000000e+04
6.049180625000000000e+05
5.513176562500000000e+04
7.423095214843750000e+03
1.107159062500000000e+05
2.606714062500000000e+05
1.650342031250000000e+05
5.016100000000000000e+06
3.760062109375000000e+04
1.274156250000000000e+05
1.344864218750000000e+05
7.387898925781250000e+03
4.371751250000000000e+05
4.618111328125000000e+04
8.159121582031250000e+03
3.668144531250000000e+04
8.809615000000000000e+05
2.181594726562500000e+04
4.847948046875000000e+04
5.641444921875000000e+04
1.992423625000000000e+06
6.959883593750000000e+04
2.741362695312500000e+04
1.768827929687500000e+04
4.394218750000000000e+04
1.675486132812500000e+04
1.481904492187500000e+04
1.457397500000000000e+06
6.828340625000000000e+05
2.972961132812500000e+04
2.506381093750000000e+05
5.069657812500000000e+04
1.481400312500000000e+05
4.370474500000000000e+06
6.709128750000000000e+05
2.505872031250000000e+05
1.041638437500000000e+05
1.586589000000000000e+06
1.373111523437500000e+04
3.465558750000000000e+05
2.304490234375000000e+04
9.777224375000000000e+05
2.547415820312500000e+04
3.623568250000000000e+06
1.874996406250000000e+05
1.441773125000000000e+05
3.185820800781250000e+03
1.401756093750000000e+05
2.468817656250000000e+05
4.477505859375000000e+04
5.943164375000000000e+05
4.393179687500000000e+05
1.411230375000000000e+06
3.722707421875000000e+04
3.441344687500000000e+05
8.650473632812500000e+03
7.893359375000000000e+04
8.238170898437500000e+03
1.449282600000000000e+07
4.265100390625000000e+04
1.475523700000000000e+07
8.073783593750000000e+04
7.283100000000000000e+06
6.255297656250000000e+04
1.714949218750000000e+05
4.699288960000000000e+08
6.434536718750000000e+04
4.537889687500000000e+05
1.197446500000000000e+06
1.913238125000000000e+05
4.073108750000000000e+06
1.715346718750000000e+05
1.469652148437500000e+04
1.083265234375000000e+05
1.957146289062500000e+04
1.531841562500000000e+05
1.481551971435546875e+02
2.996977844238281250e+02
3.930084375000000000e+05
3.808423125000000000e+05
1.062964375000000000e+05
7.273313500000000000e+06
2.716549414062500000e+04
6.590346875000000000e+04
8.234518750000000000e+05
1.256486640000000000e+08
1.066622100000000000e+07
7.116470500000000000e+06
4.201254062500000000e+05
1.022186880000000000e+08
7.855412000000000000e+07
2.221777187500000000e+05
7.273313500000000000e+06
1.434044531250000000e+05
4.125575781250000000e+04
1.733822464000000000e+10
2.588127436800000000e+10
6.419950000000000000e+05
9.201866880000000000e+08
1.943260000000000000e+05
5.951823828125000000e+04
3.512611840000000000e+09
1.260770625000000000e+05
7.330050000000000000e+04
6.818434375000000000e+04
7.200489472000000000e+10
5.612227500000000000e+05
3.494425312500000000e+05
1.863031093750000000e+05
3.851593125000000000e+05
1.366544000000000000e+06
5.882120000000000000e+05
5.929427343750000000e+04
2.653684179687500000e+04
1.511523535156250000e+04
1.018603200000000000e+07
1.716104375000000000e+05
7.707287597656250000e+03
6.015754687500000000e+04
4.563816562500000000e+05
3.050970312500000000e+05
4.448561250000000000e+05
5.548380078125000000e+04
1.441606718750000000e+05
1.468211625000000000e+06
5.881880859375000000e+03
3.495036718750000000e+04
5.200877187500000000e+05
6.069486328125000000e+03
5.015527343750000000e+04
3.229826875000000000e+05
6.138591406250000000e+04
5.688360937500000000e+04
2.839966800000000000e+07
1.860713200000000000e+07
3.240041562500000000e+05
9.259552000000000000e+06
5.640874609375000000e+04
1.387396406250000000e+05
2.313243136000000000e+09
1.194275468750000000e+05
2.418682187500000000e+05
2.604833398437500000e+04
1.391756250000000000e+05
6.854926562500000000e+04
3.366863671875000000e+04
5.089509765625000000e+04
1.461429296875000000e+04
1.184529000000000000e+06
1.860713200000000000e+07
6.208784765625000000e+04
2.061034531250000000e+05
1.418003417968750000e+03
6.921286718750000000e+04
7.817268000000000000e+07
4.015523437500000000e+03
1.887110937500000000e+05
1.106809765625000000e+04
1.029273203125000000e+05
8.539561000000000000e+06
5.278314000000000000e+06
8.293865625000000000e+04
8.539561000000000000e+06
3.413753437500000000e+05
4.871631562500000000e+05
4.382604687500000000e+05
1.905980781250000000e+05
8.105770507812500000e+03
1.216315937500000000e+05
1.073329980468750000e+04
3.706658984375000000e+04
3.423883203125000000e+04
6.229912109375000000e+04
3.042835546875000000e+04
1.037609062500000000e+05
3.254814062500000000e+05
2.817278515625000000e+04
2.080764218750000000e+05
2.624953710937500000e+04
1.044559402465820312e+02
8.943421020507812500e+02
1.645761920000000000e+08
1.822723600000000000e+07
8.981269531250000000e+04
2.327102240000000000e+08
5.054080312500000000e+05
6.499914453125000000e+04
5.362975948800000000e+10
2.673289000000000000e+06
4.954298125000000000e+05
7.853678750000000000e+05
5.545536400000000000e+07
2.467805468750000000e+05
4.686990625000000000e+05
3.715690937500000000e+05
7.962721875000000000e+04
7.087645625000000000e+05
2.703136328125000000e+04
1.676280375000000000e+06
1.703264375000000000e+06
1.354180937500000000e+05
3.273121750000000000e+06
9.401601562500000000e+03
4.080251250000000000e+05
4.209310546875000000e+04
1.173444335937500000e+04
2.852003320312500000e+04
3.087673046875000000e+04
8.762640625000000000e+05
1.999382421875000000e+04
1.356706875000000000e+05
1.869314800000000000e+07
1.181626484375000000e+05
9.860289843750000000e+04
3.067217187500000000e+05
5.700216250000000000e+05
5.424700000000000000e+05
2.172697000000000000e+06
8.354353515625000000e+03
4.271742500000000000e+05
5.502980957031250000e+03
1.581426269531250000e+04
6.832262207031250000e+03
1.369562000000000000e+07
1.066622100000000000e+07
1.844403593750000000e+05
1.274885800000000000e+07
3.808476953125000000e+04
6.272633984375000000e+04
1.873893120000000000e+09
4.572194062500000000e+05
3.876666250000000000e+05
1.021226250000000000e+05
1.988810875000000000e+06
2.244633593750000000e+05
3.115908480000000000e+08
1.066622100000000000e+07
2.293441250000000000e+05
2.297113525390625000e+03
7.344495000000000000e+05
2.299999062500000000e+05
5.039847656250000000e+03
5.069381760000000000e+08
4.562537500000000000e+05
6.468734765625000000e+04
8.433356445312500000e+03
1.126885360000000000e+08
3.860495937500000000e+05
3.616608984375000000e+04
3.476374732800000000e+10
7.037157500000000000e+06
5.862865625000000000e+05
1.823725195312500000e+04
8.463327636718750000e+02
3.338456420898437500e+02
1.397277500000000000e+07
1.196633203125000000e+05
2.485568554687500000e+04
2.433857500000000000e+06
1.066619900000000000e+07
1.960007812500000000e+04
2.234973388671875000e+03
1.164717465600000000e+10
3.924518500000000000e+06
2.340855859375000000e+04
1.327531300000000000e+07
1.531404687500000000e+05
4.704465820312500000e+03
5.162471923828125000e+02
4.666678750000000000e+05
7.735708800000000000e+08
1.074617125000000000e+06
8.235641601562500000e+03
2.603640800000000000e+07
2.354531835937500000e+04
3.724290000000000000e+07
4.548547812500000000e+05
1.123960703125000000e+05
4.838945703125000000e+04
1.904825156250000000e+05
6.933906250000000000e+04
3.627168750000000000e+04
1.838492343750000000e+05
1.472445507812500000e+04
1.551801367187500000e+04
6.917658203125000000e+03
4.174375000000000000e+04
1.574016894531250000e+04
3.206545654296875000e+03
7.148400000000000000e+05
1.650342031250000000e+05
9.814752929687500000e+03
7.732517968750000000e+04
5.130737304687500000e+03
4.140568359375000000e+03
5.035177343750000000e+04
4.890865234375000000e+03
3.119083740234375000e+03
2.215564697265625000e+03
2.919372070312500000e+03
8.420147656250000000e+04
5.850244531250000000e+04
3.357684570312500000e+03
6.480304687500000000e+03
2.316908906250000000e+05
3.299654062500000000e+05
6.870649375000000000e+05
7.759962500000000000e+04
1.342301562500000000e+05
2.548354296875000000e+04
1.470376718750000000e+05
1.908738671875000000e+04
1.547125156250000000e+05
3.573692812500000000e+05
2.172896093750000000e+04
3.418206250000000000e+04
2.443719921875000000e+04
2.155887304687500000e+04
2.989965039062500000e+04
4.668179687500000000e+04
6.709905273437500000e+03
5.248786621093750000e+03
1.512669799804687500e+03
2.382503750000000000e+05
1.129904003906250000e+04
2.072937255859375000e+03
4.136312500000000000e+03
3.928940400000000000e+07
5.751601500000000000e+06
1.776346240000000000e+08
5.637047500000000000e+05
7.283100000000000000e+06
4.527376875000000000e+05
3.928940400000000000e+07
3.740503808000000000e+09
1.776346240000000000e+08
7.283100000000000000e+06
3.740503808000000000e+09
6.776674500000000000e+06
1.066481600000000000e+07
5.083645312500000000e+05
7.268085000000000000e+06
4.584690312500000000e+05
2.819799687500000000e+05
9.119675520000000000e+08
6.180680000000000000e+06
8.170139000000000000e+06
6.499622500000000000e+06
1.123092224000000000e+09
1.921269600000000000e+07
1.860713200000000000e+07
3.989024609375000000e+04
7.273313500000000000e+06
2.738389257812500000e+04
3.636683984375000000e+04
1.219212160000000000e+09
1.432146875000000000e+04
6.087184375000000000e+04
1.609441503906250000e+04
3.993561718750000000e+04
5.500728125000000000e+05
1.737839218750000000e+05
1.835346093750000000e+04
6.551119531250000000e+04
5.997715234375000000e+04
1.633909531250000000e+05
1.007756640625000000e+04
6.232628125000000000e+04
4.574765500000000000e+06
2.036249804687500000e+04
2.951147265625000000e+04
3.247528125000000000e+05
7.920460937500000000e+04
1.003228828125000000e+05
2.264629492187500000e+04
7.850089843750000000e+03
2.030666210937500000e+04
6.325578613281250000e+03
7.334352500000000000e+05
7.273313500000000000e+06
5.786493125000000000e+05
1.623962500000000000e+05
4.515654687500000000e+04
4.527376875000000000e+05
2.932270000000000000e+07
7.334352500000000000e+05
7.273313500000000000e+06
1.623962500000000000e+05
2.932270000000000000e+07
3.676103680000000000e+08
3.667228515625000000e+04
3.835574375000000000e+05
2.685021750000000000e+06
3.324862976074218750e+02
3.773961718750000000e+04
3.885535156250000000e+04
7.171405000000000000e+05
1.101960327148437500e+03
1.882405156250000000e+05
2.638651250000000000e+05
7.737698364257812500e+02
3.254814062500000000e+05
1.074958862304687500e+03
3.272317626953125000e+03
1.488777929687500000e+04
1.257124296875000000e+05
9.501690673828125000e+02
3.412945703125000000e+04
1.015833251953125000e+03
4.972328613281250000e+03
1.140696406250000000e+05
1.914878295898437500e+03
3.876264160156250000e+03
3.087604980468750000e+03
2.229333203125000000e+04
8.850536499023437500e+02
4.755240234375000000e+03
4.857436523437500000e+03
3.124179199218750000e+03
3.830113769531250000e+03
9.943020625000000000e+05
1.845836523437500000e+04
4.296525937500000000e+05
3.898705859375000000e+04
1.593290312500000000e+05
1.515566894531250000e+04
1.147619500000000000e+06
1.554654500000000000e+07
5.064192000000000000e+08
1.837768554687500000e+04
1.114863046875000000e+05
4.527376875000000000e+05
1.147619500000000000e+06
2.642763040000000000e+08
5.064192000000000000e+08
1.114863046875000000e+05
2.642763040000000000e+08
1.543362400000000000e+07
1.365270625000000000e+05
3.994590625000000000e+05
8.119821875000000000e+05
1.630572021484375000e+03
2.807884521484375000e+03
1.090456542968750000e+03
2.200017200000000000e+07
9.901157031250000000e+04
4.120255859375000000e+04
2.009810468750000000e+05
1.400416000000000000e+08
4.624801875000000000e+05
1.365270625000000000e+05
2.079552375000000000e+06
5.365643125000000000e+05
1.795672241210937500e+03
1.601278720000000000e+08
5.142537000000000000e+06
6.374114062500000000e+04
3.635574218750000000e+04
3.384224250000000000e+06
2.523417031250000000e+05
2.012177187500000000e+05
9.721269531250000000e+04
5.159286718750000000e+04
1.782798828125000000e+04
2.670898437500000000e+05
1.620446044921875000e+03
1.132345410156250000e+04
2.409370800000000000e+07
1.001670546875000000e+05
7.978427734375000000e+03
1.040062109375000000e+05
7.103385937500000000e+04
2.521055500000000000e+06
4.009356875000000000e+05
4.534013125000000000e+05
1.346975250000000000e+06
5.168145625000000000e+05
3.031070703125000000e+04
2.209947343750000000e+05
2.610687200000000000e+07
5.434102500000000000e+05
3.482671500000000000e+06
1.296405546875000000e+05
4.229736000000000000e+06
1.144128417968750000e+04
3.596665312500000000e+05
4.711223046875000000e+04
1.339460253906250000e+04
3.217069921875000000e+04
3.334957421875000000e+04
9.769227500000000000e+05
1.565359472656250000e+04
1.523747656250000000e+05
5.649873125000000000e+05
5.323780761718750000e+03
8.810209375000000000e+04
1.586907617187500000e+04
1.441606718750000000e+05
9.473188476562500000e+03
7.655627441406250000e+03
7.003248437500000000e+04
4.686990625000000000e+05
3.726567812500000000e+05
9.750999218750000000e+04
1.044589062500000000e+05
1.393872070312500000e+04
6.017161875000000000e+05
2.116180000000000000e+05
1.703433600000000000e+07
1.860713200000000000e+07
1.596808906250000000e+05
3.040961750000000000e+06
5.133373046875000000e+04
5.949893750000000000e+04
1.179140864000000000e+09
2.245436250000000000e+05
4.159655625000000000e+05
1.492589218750000000e+05
1.624550250000000000e+06
1.205673200000000000e+07
9.289625000000000000e+06
1.504676093750000000e+05
1.165395500000000000e+07
3.113131445312500000e+04
5.869172656250000000e+04
1.259085440000000000e+09
3.011295625000000000e+05
2.917456562500000000e+05
5.855826953125000000e+04
1.083198375000000000e+06
1.437494000000000000e+07
2.427781600000000000e+07
3.697229062500000000e+05
7.246546500000000000e+06
3.397801562500000000e+04
9.617985156250000000e+04
1.959714688000000000e+09
1.465080000000000000e+06
1.058378625000000000e+06
9.399929375000000000e+05
1.676845000000000000e+07
1.017922000000000000e+06
1.515439746093750000e+04
2.606155468750000000e+04
1.328334960937500000e+04
3.637921875000000000e+04
1.349779062500000000e+05
4.821864375000000000e+05
2.458737890625000000e+04
1.169596406250000000e+05
8.680043125000000000e+05
2.704013281250000000e+04
1.974575625000000000e+05
1.914859062500000000e+05
2.735917187500000000e+05
1.448790156250000000e+05
4.724940625000000000e+05
1.542291562500000000e+05
6.815374000000000000e+06
4.707217187500000000e+04
5.112632421875000000e+04
3.135238750000000000e+05
1.391630312500000000e+05
3.967523437500000000e+04
5.813857500000000000e+05
1.784959375000000000e+04
3.591226250000000000e+05
1.309614500000000000e+06
2.345139062500000000e+05
3.246512187500000000e+05
1.810408593750000000e+05
1.984018125000000000e+06
6.302164843750000000e+04
3.292411562500000000e+05
2.345139062500000000e+05
3.246512187500000000e+05
1.154895781250000000e+05
3.031962812500000000e+05
1.254278027343750000e+04
2.540193750000000000e+04
3.292411562500000000e+05
3.031962812500000000e+05
1.254278027343750000e+04
2.540193750000000000e+04
5.937890625000000000e+03
5.937890625000000000e+03
4.901555468750000000e+04
2.074564453125000000e+04
4.651833125000000000e+05
2.057928515625000000e+04
2.067939218750000000e+05
1.158574400000000000e+08
1.115018600000000000e+07
6.021040625000000000e+04
1.022186880000000000e+08
5.056448125000000000e+05
5.317096484375000000e+04
1.309197414400000000e+10
2.550512500000000000e+06
6.782927500000000000e+05
6.006726875000000000e+05
2.706996800000000000e+07
2.443028281250000000e+05
1.650342031250000000e+05
5.016100000000000000e+06
4.120874375000000000e+05
7.104423437500000000e+04
1.705108906250000000e+05
3.101035625000000000e+05
4.371751250000000000e+05
8.680043125000000000e+05
2.766821250000000000e+05
5.595535156250000000e+04
9.008557500000000000e+05
4.725143437500000000e+05
4.847948046875000000e+04
2.628324062500000000e+05
3.786671600000000000e+07
1.668920312500000000e+05
4.436092812500000000e+05
3.165357500000000000e+05
2.404223750000000000e+05
2.555704492187500000e+04
4.254070312500000000e+05
1.928322000000000000e+07
4.053427750000000000e+06
3.694412812500000000e+05
2.833544750000000000e+06
1.397697000000000000e+06
2.483915625000000000e+05
4.316340625000000000e+04
2.607119375000000000e+05
7.038488281250000000e+04
6.212407226562500000e+03
5.527138671875000000e+04
1.172902734375000000e+04
2.879189120000000000e+08
1.886255600000000000e+07
1.210785375000000000e+06
1.811164375000000000e+06
1.181145920000000000e+08
7.071771500000000000e+06
5.278314000000000000e+06
2.067434375000000000e+05
4.937581562500000000e+05
1.642464648437500000e+04
3.249107558400000000e+10
1.273513984000000000e+09
2.879189120000000000e+08
6.018773600000000000e+07
1.886255600000000000e+07
1.210785375000000000e+06
2.834189440000000000e+08
1.181145920000000000e+08
7.071771500000000000e+06
2.067434375000000000e+05
7.200489472000000000e+10
3.249107558400000000e+10
1.273513984000000000e+09
6.018773600000000000e+07
2.834189440000000000e+08
7.200489472000000000e+10
2.936694500000000000e+06
2.743459600000000000e+07
1.890350800000000000e+07
1.749946375000000000e+06
3.326723125000000000e+05
1.854396000000000000e+06
7.098531250000000000e+04
3.699161750000000000e+06
5.288500000000000000e+05
5.786493125000000000e+05
2.237764640000000000e+08
6.564018400000000000e+07
2.936694500000000000e+06
6.413825920000000000e+08
2.743459600000000000e+07
1.890350800000000000e+07
4.808020800000000000e+07
3.326723125000000000e+05
1.854396000000000000e+06
3.699161750000000000e+06
1.172317491200000000e+10
2.237764640000000000e+08
6.564018400000000000e+07
6.413825920000000000e+08
4.808020800000000000e+07
1.172317491200000000e+10
3.685609619140625000e+03
1.707107031250000000e+05
1.248187500000000000e+03
9.739728750000000000e+05
1.753513281250000000e+05
4.558670625000000000e+05
7.341159375000000000e+04
1.166761250000000000e+05
9.421634375000000000e+04
7.523348437500000000e+04
4.894133203125000000e+04
3.054453750000000000e+06
2.290649000000000000e+06
7.774835000000000000e+05
3.054453750000000000e+06
8.710991250000000000e+05
4.523926562500000000e+04
4.370474500000000000e+06
1.258196562500000000e+05
2.692894375000000000e+05
1.228778625000000000e+06
2.068485468750000000e+05
4.523926562500000000e+04
4.370474500000000000e+06
2.683957421875000000e+04
3.790465625000000000e+05
1.026049218750000000e+04
2.160658906250000000e+05
2.068485468750000000e+05
3.790465625000000000e+05
1.026049218750000000e+04
2.160658906250000000e+05
2.635401367187500000e+04
2.635401367187500000e+04
1.210883625000000000e+06
8.408960937500000000e+04
3.387883544921875000e+03
3.992537841796875000e+03
7.808197500000000000e+05
3.950021875000000000e+05
1.032728281250000000e+05
3.065642500000000000e+06
4.145027812500000000e+05
4.527376875000000000e+05
2.530395200000000000e+08
7.808197500000000000e+05
3.950021875000000000e+05
3.065642500000000000e+06
2.530395200000000000e+08
5.091170703125000000e+04
2.957761920000000000e+08
1.930544800000000000e+07
1.726869218750000000e+05
1.325138880000000000e+08
5.972671250000000000e+05
6.571185937500000000e+04
3.698239488000000000e+10
4.872051500000000000e+06
1.335940000000000000e+06
6.232370000000000000e+05
6.007293200000000000e+07
6.772247070312500000e+03
1.348533007812500000e+04
1.085910078125000000e+05
9.420706250000000000e+05
1.360718994140625000e+03
6.138591406250000000e+04
1.624864218750000000e+05
5.041576843261718750e+02
1.056981811523437500e+03
2.607743164062500000e+03
6.597065917968750000e+03
7.069824218750000000e+04
1.602006250000000000e+06
1.537169921875000000e+04
1.916572875976562500e+02
6.495194702148437500e+02
4.192116406250000000e+04
6.876665625000000000e+04
3.035892333984375000e+03
7.855412000000000000e+07
1.950177343750000000e+05
1.041179280000000000e+08
2.771272265625000000e+04
7.214854500000000000e+06
8.407364843750000000e+04
1.734517812500000000e+05
3.544553472000000000e+09
1.925061562500000000e+05
3.365666015625000000e+04
3.584509062500000000e+05
9.066559000000000000e+06
1.563912800000000000e+07
4.766968640000000000e+08
1.007877812500000000e+05
2.763880625000000000e+05
4.527376875000000000e+05
9.066559000000000000e+06
2.230971200000000000e+08
4.766968640000000000e+08
2.763880625000000000e+05
2.230971200000000000e+08
4.255954296875000000e+04
1.233152500000000000e+05
6.201738281250000000e+03
1.758032500000000000e+06
3.394050781250000000e+04
3.545358398437500000e+03
1.142916601562500000e+04
8.940398400000000000e+07
3.361106875000000000e+05
1.435671406250000000e+05
5.519705000000000000e+06
1.355425600000000000e+08
1.449926562500000000e+05
6.837221875000000000e+05
2.912863000000000000e+06
4.370837890625000000e+04
1.782592773437500000e+02
7.517073125000000000e+05
1.156732265625000000e+05
1.242870941162109375e+02
9.317306640625000000e+03
4.319265625000000000e+05
2.990755653381347656e+01
1.684684531250000000e+05
1.352458625000000000e+06
7.533500625000000000e+05
6.235718125000000000e+05
1.095637435913085938e+02
3.652068125000000000e+05
1.671636250000000000e+05
1.452872558593750000e+04
1.309614500000000000e+06
5.016100000000000000e+06
5.189154687500000000e+05
1.228778625000000000e+06
2.289300312500000000e+05
4.674070500000000000e+06
1.089965859375000000e+05
1.106505546875000000e+05
8.312759375000000000e+04
5.016100000000000000e+06
5.189154687500000000e+05
2.014996500000000000e+06
2.724912500000000000e+04
2.354916250000000000e+06
1.106505546875000000e+05
1.598927625000000000e+06
1.556626562500000000e+05
2.580264750000000000e+06
2.077815820312500000e+04
7.863860156250000000e+04
2.354916250000000000e+06
2.048634250000000000e+06
8.548009375000000000e+04
9.705908000000000000e+06
4.585346093750000000e+04
3.236506640625000000e+04
4.011594687500000000e+05
3.295618750000000000e+04
1.152640156250000000e+05
3.420998046875000000e+04
7.445979500000000000e+06
1.843904062500000000e+05
4.794982031250000000e+04
1.123674453125000000e+05
2.817289257812500000e+04
3.634490625000000000e+05
4.120874375000000000e+05
1.012834453125000000e+05
1.977826718750000000e+05
1.369562000000000000e+07
1.066622100000000000e+07
1.112460546875000000e+05
1.274885800000000000e+07
4.204351562500000000e+05
6.883746093750000000e+04
1.873893120000000000e+09
8.432592500000000000e+05
5.990263125000000000e+05
1.479557750000000000e+06
2.823445200000000000e+07
2.149566400000000000e+07
1.066622100000000000e+07
1.992955000000000000e+05
3.065642500000000000e+06
3.017102734375000000e+04
5.188383984375000000e+04
1.385292544000000000e+09
6.854246093750000000e+04
1.566791562500000000e+05
3.503707421875000000e+04
2.688075625000000000e+05
1.006755664062500000e+04
9.539788281250000000e+04
6.722993164062500000e+03
7.282753000000000000e+06
1.852374000000000000e+07
1.314761625000000000e+06
7.987760156250000000e+04
6.164256000000000000e+06
1.541316125000000000e+06
1.219122812500000000e+05
2.391104250000000000e+06
1.424592656250000000e+05
2.608477929687500000e+04
4.552043008000000000e+09
1.044520960000000000e+08
1.919311875000000000e+06
2.420357280000000000e+08
2.179046500000000000e+06
1.394043906250000000e+05
3.076395520000000000e+08
2.080585875000000000e+06
2.694001250000000000e+05
4.193735937500000000e+05
7.200489472000000000e+10
3.856817600000000000e+08
2.549150400000000000e+07
2.619346000000000000e+07
5.290598800000000000e+07
6.452988313600000000e+10
2.281658593750000000e+05
1.664835250000000000e+06
1.106268281250000000e+05
1.508824414062500000e+04
7.417227500000000000e+05
3.841489746093750000e+03
3.762225000000000000e+04
1.990809692382812500e+03
8.402441250000000000e+05
6.822736250000000000e+05
1.022186880000000000e+08
1.536944238281250000e+04
1.844183593750000000e+05
6.327670703125000000e+04
2.045383281250000000e+05
5.991981600000000000e+07
6.076871875000000000e+05
2.150061914062500000e+04
5.961852500000000000e+06
9.859040625000000000e+05
9.535499375000000000e+05
2.283129843750000000e+05
1.886195000000000000e+05
4.682147500000000000e+05
1.318488476562500000e+04
6.728675781250000000e+04
7.982819824218750000e+03
4.883740234375000000e+04
6.419215000000000000e+06
3.455889062500000000e+04
3.742760156250000000e+04
3.709105625000000000e+05
3.384391845703125000e+03
1.072131328125000000e+05
2.305928125000000000e+04
1.938832800000000000e+07
1.066622100000000000e+07
6.709128750000000000e+05
3.016546000000000000e+06
3.774265937500000000e+05
4.527376875000000000e+05
1.307612032000000000e+09
1.938832800000000000e+07
1.066622100000000000e+07
3.016546000000000000e+06
1.307612032000000000e+09
3.355873125000000000e+05
6.669571875000000000e+04
1.457465468750000000e+05
1.634442500000000000e+05
1.207032265625000000e+05
1.952219375000000000e+06
4.527376875000000000e+05
8.717428125000000000e+04
2.792868125000000000e+05
1.952219375000000000e+06
2.792868125000000000e+05
1.891681600000000000e+07
1.761815600000000000e+07
8.220128906250000000e+04
6.796091000000000000e+06
2.801341992187500000e+04
8.068364843750000000e+04
1.170067328000000000e+09
9.117530468750000000e+04
2.699554062500000000e+05
3.229005078125000000e+04
3.401621875000000000e+05
1.645074843750000000e+05
3.238178750000000000e+05
4.630883437500000000e+05
4.583583984375000000e+04
4.326129687500000000e+05
3.092520898437500000e+04
1.294996386718750000e+04
1.738160625000000000e+05
1.640486375000000000e+06
1.839843164062500000e+04
3.269716562500000000e+05
3.112988671875000000e+04
2.788451562500000000e+04
2.720656250000000000e+04
5.670448730468750000e+03
4.352880312500000000e+05
2.479850250000000000e+06
1.035669453125000000e+05
9.663386718750000000e+04
2.013196800000000000e+07
1.632741406250000000e+05
4.449876562500000000e+05
1.023903875000000000e+06
1.731893200000000000e+07
1.066622100000000000e+07
7.506248437500000000e+04
6.164256000000000000e+06
2.446476367187500000e+04
7.213027343750000000e+04
1.147123328000000000e+09
3.052602812500000000e+05
4.361935625000000000e+05
1.903198125000000000e+05
2.213885250000000000e+06
2.560408203125000000e+04
1.204602343750000000e+05
4.166965625000000000e+05
2.987422265625000000e+04
6.838956875000000000e+05
8.341914062500000000e+04
7.025818750000000000e+04
1.023149375000000000e+06
7.661649322509765625e+01
1.496543407440185547e+01
1.650644073486328125e+02
2.816497600000000000e+08
8.083784375000000000e+04
6.696130468750000000e+04
1.095923000000000000e+06
2.013432875000000000e+06
3.504256562500000000e+05
1.022186880000000000e+08
6.882848144531250000e+03
1.535244726562500000e+04
6.465076953125000000e+04
3.102780937500000000e+05
1.719258000000000000e+07
2.919874500000000000e+06
1.298347753906250000e+04
3.680775000000000000e+05
1.160101375000000000e+06
4.682147500000000000e+05
3.129880078125000000e+04
5.248798437500000000e+04
1.095310000000000000e+07
3.395664375000000000e+05
5.178486562500000000e+05
2.068623750000000000e+05
3.526450312500000000e+05
1.349486328125000000e+04
2.294434880000000000e+08
7.509140000000000000e+06
1.110257125000000000e+06
1.179333000000000000e+07
4.031345625000000000e+05
2.791950781250000000e+04
2.540932000000000000e+07
1.017085000000000000e+07
3.070694062500000000e+05
1.925946562500000000e+05
7.282293248000000000e+09
2.413184640000000000e+08
7.786044000000000000e+06
1.191042600000000000e+07
2.413142000000000000e+07
7.997790208000000000e+09
1.537914941406250000e+04
2.381072070312500000e+04
2.664334960937500000e+04
3.177590820312500000e+04
2.258657250000000000e+06
3.390331875000000000e+05
3.835190312500000000e+05
8.680043125000000000e+05
1.663898281250000000e+05
1.014066210937500000e+04
1.346872968750000000e+05
7.592723000000000000e+06
1.702192500000000000e+05
1.999117500000000000e+06
1.462991500000000000e+07
5.703228125000000000e+04
1.156469531250000000e+04
4.351584375000000000e+04
1.060284453125000000e+05
1.441606718750000000e+05
1.467625125000000000e+06
3.821848437500000000e+04
1.140234296875000000e+05
5.203366875000000000e+05
1.909097070312500000e+04
1.718751093750000000e+05
3.230258125000000000e+05
2.254887031250000000e+05
1.184373593750000000e+05
9.056184375000000000e+04
2.890374218750000000e+04
5.278102050781250000e+03
8.696810937500000000e+04
7.336952343750000000e+04
3.722043359375000000e+04
5.377302500000000000e+05
9.452690429687500000e+03
1.876357543945312500e+03
4.970732031250000000e+04
3.367782958984375000e+03
1.238006093750000000e+05
1.472108125000000000e+05
2.291836406250000000e+05
1.501236206054687500e+03
4.887670410156250000e+03
1.793626586914062500e+03
4.906053125000000000e+05
1.014789978027343750e+03
6.053109765625000000e+04
1.860713200000000000e+07
4.369379687500000000e+05
8.177195312500000000e+04
3.705644687500000000e+05
3.770693437500000000e+05
1.221066308593750000e+04
2.526685200000000000e+07
1.921269600000000000e+07
4.248531875000000000e+05
3.893710500000000000e+06
6.327573437500000000e+04
2.526542773437500000e+04
7.976275200000000000e+08
2.438122031250000000e+05
3.880287500000000000e+05
5.111750390625000000e+04
4.757713750000000000e+05
1.230734000000000000e+07
1.280752200000000000e+07
2.283207750000000000e+06
1.970605000000000000e+06
7.437080000000000000e+06
1.448612000000000000e+06
3.489969062500000000e+05
2.220291750000000000e+06
5.761482500000000000e+05
8.949882031250000000e+04
4.224220672000000000e+09
1.624879680000000000e+08
1.230734000000000000e+07
3.420961280000000000e+08
1.280752200000000000e+07
2.283207750000000000e+06
3.259979840000000000e+08
7.437080000000000000e+06
1.448612000000000000e+06
2.220291750000000000e+06
7.200489472000000000e+10
4.224220672000000000e+09
1.624879680000000000e+08
3.420961280000000000e+08
3.259979840000000000e+08
7.200489472000000000e+10
4.584122187500000000e+05
3.079230273437500000e+04
8.203650781250000000e+04
2.182849609375000000e+04
1.419688625000000000e+06
1.157628359375000000e+05
5.538868408203125000e+02
5.027177246093750000e+03
1.107540234375000000e+05
6.325976562500000000e+03
4.938624218750000000e+04
8.854480468750000000e+03
2.256252400000000000e+07
4.442905625000000000e+05
2.786420703125000000e+04
6.180976640000000000e+08
2.541196093750000000e+05
5.268287109375000000e+04
2.583007488000000000e+09
1.081256000000000000e+06
2.750282031250000000e+04
2.421073281250000000e+05
1.535275000000000000e+06
1.308519625000000000e+06
7.439752441406250000e+03
1.058347167968750000e+04
2.660168400000000000e+07
4.193500000000000000e+05
4.270937500000000000e+04
8.934429375000000000e+05
1.943719726562500000e+03
1.736674375000000000e+06
2.312853759765625000e+03
2.331080566406250000e+03
3.108935937500000000e+05
6.806040625000000000e+05
1.151274320000000000e+08
4.625042500000000000e+06
1.519087100000000000e+07
4.020204062500000000e+05
4.570728640000000000e+08
1.769958281250000000e+05
2.268051000000000000e+06
2.638072812500000000e+05
1.117832240000000000e+08
4.360819500000000000e+06
2.548618752000000000e+09
4.489338560000000000e+08
2.254146750000000000e+06
2.619108750000000000e+05
1.970627600000000000e+07
2.470460416000000000e+09
1.972568000000000000e+07
3.423580000000000000e+05
1.065803671875000000e+05
1.060922265625000000e+04
3.147814257812500000e+04
3.299654062500000000e+05
4.370474500000000000e+06
4.686990625000000000e+05
1.090043400000000000e+07
1.100525859375000000e+05
2.368923281250000000e+05
1.028481328125000000e+05
1.879059250000000000e+06
4.382604687500000000e+05
5.024534062500000000e+05
8.314892187500000000e+04
2.253818281250000000e+05
1.577454531250000000e+05
2.685569687500000000e+05
7.750027500000000000e+05
7.939264375000000000e+05
1.550078750000000000e+05
4.926219200000000000e+07
8.103120625000000000e+05
9.731396000000000000e+06
1.730907187500000000e+05
9.010576562500000000e+04
4.039280937500000000e+05
7.266321875000000000e+04
1.131120156250000000e+05
2.475435312500000000e+05
5.835021875000000000e+04
7.602787000000000000e+06
2.575593125000000000e+05
2.504644500000000000e+06
2.117263750000000000e+06
2.206020156250000000e+05
6.541223750000000000e+05
5.266777200000000000e+07
2.087867187500000000e+04
7.184273750000000000e+05
8.578372656250000000e+04
2.674612500000000000e+05
1.705666800000000000e+07
1.151074500000000000e+06
4.824545937500000000e+05
5.145483984375000000e+04
4.145330859375000000e+04
1.304545234375000000e+05
3.599809375000000000e+04
5.457115625000000000e+04
1.674647375000000000e+06
1.844976400000000000e+07
2.784572812500000000e+05
2.547128281250000000e+05
8.465466308593750000e+02
9.648625781250000000e+04
2.982385600000000000e+07
3.127020937500000000e+05
1.041995750000000000e+06
2.722455078125000000e+04
1.767128000000000000e+06
8.905931250000000000e+05
3.226618750000000000e+05
1.926381250000000000e+04
7.899469375000000000e+05
7.321920625000000000e+05
1.683354687500000000e+05
9.382191772460937500e+02
7.271403906250000000e+04
2.638125312500000000e+05
7.794721679687500000e+03
1.002904418945312500e+03
7.485545500000000000e+06
3.641655000000000000e+05
7.102397656250000000e+04
8.577272500000000000e+05
2.802945750000000000e+06
2.232429101562500000e+04
1.369723125000000000e+05
7.855412000000000000e+07
3.853819500000000000e+06
1.275871760000000000e+08
3.433470703125000000e+04
6.430422000000000000e+06
1.056638359375000000e+05
3.372123750000000000e+06
3.967743488000000000e+09
2.719925200000000000e+07
7.979646250000000000e+05
2.711700800000000000e+08
1.127980000000000000e+05
3.466770560000000000e+08
2.052942800000000000e+07
8.496942968750000000e+04
5.050022400000000000e+08
2.520509062500000000e+05
6.218319531250000000e+04
7.200489472000000000e+10
1.780240500000000000e+06
4.177481562500000000e+05
2.867687500000000000e+05
2.962921200000000000e+07
8.211936000000000000e+07
1.723480000000000000e+07
2.745650937500000000e+05
7.995128000000000000e+07
2.670391875000000000e+05
9.653604687500000000e+04
1.456481587200000000e+10
2.780544500000000000e+06
9.801636875000000000e+05
4.859337500000000000e+06
1.169754480000000000e+08
1.973991406250000000e+04
8.884696875000000000e+04
1.920526000976562500e+03
1.838919600000000000e+07
5.134082421875000000e+04
9.661561718750000000e+04
1.199665859375000000e+05
3.204190720000000000e+08
1.066622100000000000e+07
5.501338281250000000e+04
4.219097600000000000e+08
1.233588906250000000e+05
8.313996093750000000e+04
2.894411161600000000e+10
3.004210312500000000e+05
1.589494687500000000e+05
1.042786484375000000e+05
2.583120312500000000e+05
1.860713200000000000e+07
8.186839843750000000e+04
8.302253906250000000e+04
2.682651562500000000e+05
3.891992578125000000e+04
1.352766250000000000e+05
1.697933007812500000e+04
1.385989843750000000e+04
3.447231250000000000e+04
8.101830625000000000e+05
1.089697418212890625e+02
2.739844360351562500e+02
4.354443847656250000e+03
3.523456054687500000e+03
7.410088500976562500e+02
3.199552539062500000e+04
3.506424609375000000e+04
1.619313750000000000e+05
1.421436132812500000e+04
3.030599609375000000e+04
3.829309814453125000e+03
9.794068359375000000e+03
1.839924625000000000e+06
2.099578515625000000e+04
1.120389843750000000e+04
7.308804375000000000e+05
1.576489941406250000e+04
1.664882750000000000e+06
6.557601562500000000e+04
1.100495214843750000e+04
1.146789375000000000e+05
3.430745605468750000e+03
5.767821875000000000e+04
6.902801757812500000e+03
1.728821875000000000e+05
9.441792187500000000e+04
6.760629882812500000e+03
5.470344921875000000e+04
1.426667871093750000e+04
5.241170703125000000e+04
3.004050312500000000e+05
2.345139062500000000e+05
4.158489687500000000e+05
1.386254199218750000e+04
1.244481250000000000e+05
6.693956054687500000e+03
1.184319140625000000e+04
6.697314941406250000e+03
1.731893200000000000e+07
2.536528500000000000e+06
1.840246406250000000e+05
1.541316125000000000e+06
1.281866308593750000e+04
2.378128515625000000e+04
1.850256640000000000e+08
1.730501093750000000e+05
2.485908750000000000e+05
4.100835156250000000e+04
1.673379875000000000e+06
8.983853912353515625e+01
2.344846250000000000e+05
8.027240722656250000e+03
7.460096093750000000e+04
1.590985468750000000e+05
1.087807006835937500e+03
1.684561523437500000e+04
2.798029000000000000e+06
4.427121484375000000e+04
7.042039843750000000e+04
1.088202050781250000e+04
4.227232960000000000e+08
1.204098900000000000e+07
1.261401200000000000e+07
2.391104250000000000e+06
2.775087187500000000e+05
9.025110156250000000e+04
1.078934320000000000e+08
4.368977600000000000e+07
2.339707500000000000e+06
2.336695000000000000e+06
3.572960156250000000e+04
7.324934375000000000e+04
7.307993088000000000e+09
3.835162560000000000e+08
1.363447400000000000e+07
2.480966750000000000e+06
3.707654144000000000e+10
1.180269840000000000e+08
5.028067600000000000e+07
2.464156500000000000e+06
7.771679744000000000e+09
4.542504960000000000e+10
1.354428710937500000e+04
2.013611600000000000e+07
2.785363281250000000e+04
2.500808281250000000e+05
1.115136375000000000e+06
3.885535156250000000e+04
9.580899218750000000e+04
2.681408437500000000e+05
5.527138671875000000e+04
2.639504687500000000e+05
2.027657031250000000e+04
6.302909179687500000e+03
5.152913671875000000e+04
2.261862812500000000e+05
1.107913574218750000e+04
6.560866406250000000e+04
5.941629500000000000e+06
5.565179296875000000e+04
5.819744531250000000e+04
1.139618750000000000e+05
8.221293945312500000e+03
4.568762890625000000e+04
1.054955810546875000e+03
1.668630400000000000e+08
2.614329687500000000e+05
4.576267840000000000e+08
8.187785156250000000e+04
7.273313500000000000e+06
6.230209375000000000e+04
1.021589375000000000e+06
8.383771136000000000e+09
2.667930312500000000e+05
4.545664375000000000e+05
1.207111300000000000e+07
1.635773925781250000e+04
6.970864062500000000e+04
2.288240039062500000e+04
4.416518720000000000e+08
2.546547812500000000e+05
2.717268000000000000e+06
1.835272000000000000e+07
2.457092800000000000e+07
2.506770781250000000e+05
6.278307421875000000e+04
1.363189625000000000e+06
2.536528500000000000e+06
1.275871100000000000e+07
2.853591250000000000e+05
2.316463750000000000e+06
6.090488671875000000e+04
3.052865312500000000e+05
2.363550240000000000e+08
1.372491750000000000e+06
5.987024500000000000e+06
1.467825250000000000e+06
1.603635360000000000e+08
8.531256250000000000e+04
1.631418281250000000e+05
2.681720625000000000e+05
3.254814062500000000e+05
9.382029687500000000e+04
5.383906400000000000e+07
1.860713200000000000e+07
1.213147500000000000e+05
2.168534000000000000e+07
6.725698437500000000e+04
4.762514453125000000e+04
4.455305216000000000e+09
6.221882500000000000e+05
3.357329687500000000e+05
3.004655000000000000e+05
5.523660000000000000e+06
9.035962500000000000e+04
1.352210875000000000e+06
7.663411875000000000e+05
3.501317187500000000e+05
9.400404375000000000e+05
4.850861875000000000e+05
3.300764843750000000e+04
6.163286250000000000e+05
4.399558400000000000e+07
4.679888750000000000e+05
8.556412000000000000e+06
2.851727539062500000e+03
2.334544062500000000e+05
4.796807479858398438e+01
9.125220336914062500e+02
8.182532226562500000e+03
3.418656250000000000e+04
7.859653906250000000e+04
5.527138671875000000e+04
5.227560000000000000e+05
2.997413671875000000e+04
4.686925781250000000e+03
2.519797851562500000e+04
1.389425000000000000e+05
1.348579296875000000e+04
3.405064453125000000e+04
3.013720625000000000e+05
6.541473828125000000e+04
2.377491000000000000e+06
6.662653750000000000e+05
1.827137600000000000e+07
1.984018125000000000e+06
1.228778625000000000e+06
7.349610000000000000e+05
1.586589000000000000e+06
2.553271875000000000e+05
7.012190000000000000e+05
6.541473828125000000e+04
2.377491000000000000e+06
6.662653750000000000e+05
2.349893250000000000e+06
4.581490937500000000e+05
3.660736875000000000e+05
9.734516406250000000e+04
1.031829600000000000e+07
1.384637000000000000e+06
1.413872200000000000e+07
1.586589000000000000e+06
2.553271875000000000e+05
7.012190000000000000e+05
4.573976953125000000e+04
4.581490937500000000e+05
3.660736875000000000e+05
9.734516406250000000e+04
1.031829600000000000e+07
1.384637000000000000e+06
1.413872200000000000e+07
5.928938125000000000e+05
2.180387656250000000e+05
3.042990937500000000e+05
5.175371200000000000e+07
4.573976953125000000e+04
5.928938125000000000e+05
2.180387656250000000e+05
3.042990937500000000e+05
5.175371200000000000e+07
3.357275312500000000e+05
3.357275312500000000e+05
5.583051562500000000e+04
1.441606718750000000e+05
2.752016406250000000e+04
1.771797851562500000e+04
9.349134375000000000e+04
1.449329375000000000e+05
3.966256875000000000e+05
4.821864375000000000e+05
4.956876171875000000e+04
2.654218437500000000e+05
1.859438085937500000e+04
5.708240722656250000e+03
1.158569375000000000e+05
9.411204375000000000e+05
8.295437500000000000e+03
1.079885078125000000e+05
1.256486640000000000e+08
1.295812300000000000e+07
9.329789062500000000e+04
1.455541440000000000e+08
1.938628750000000000e+05
4.854499218750000000e+04
1.435293593600000000e+10
1.236140000000000000e+06
1.191398437500000000e+05
4.733464375000000000e+05
4.040186250000000000e+06
2.879633920000000000e+08
1.715778625000000000e+06
1.631895937500000000e+05
1.735889500000000000e+06
1.071764453125000000e+05
7.859016113281250000e+02
9.624840960000000000e+08
1.291211875000000000e+06
1.555501464843750000e+04
5.897565917968750000e+03
3.728281562500000000e+05
2.627580250000000000e+06
2.309293906250000000e+05
1.760048828125000000e+04
2.499682968750000000e+05
6.230987109375000000e+04
1.686282187500000000e+05
1.941135156250000000e+04
2.068917625000000000e+06
2.652277343750000000e+04
5.137765625000000000e+05
1.013466613769531250e+03
1.285576015625000000e+05
3.561295166015625000e+02
3.718623000000000000e+06
7.475883200000000000e+07
1.066622100000000000e+07
6.709128750000000000e+05
2.819928500000000000e+06
3.519451875000000000e+05
1.511465937500000000e+05
1.143408600000000000e+07
1.294732500000000000e+06
4.527376875000000000e+05
1.681752960000000000e+08
7.192506500000000000e+06
3.718623000000000000e+06
1.627153792000000000e+09
7.475883200000000000e+07
1.066622100000000000e+07
6.668683600000000000e+07
2.819928500000000000e+06
3.519451875000000000e+05
1.143408600000000000e+07
3.680351846400000000e+10
1.681752960000000000e+08
7.192506500000000000e+06
1.627153792000000000e+09
6.668683600000000000e+07
3.680351846400000000e+10
1.395312000000000000e+07
2.232762968750000000e+05
4.786803125000000000e+04
3.524967187500000000e+05
4.988778906250000000e+04
1.514598125000000000e+06
2.530656406250000000e+05
1.271873906250000000e+05
1.524483840000000000e+08
2.676367600000000000e+07
7.222307031250000000e+04
1.022186880000000000e+08
4.637636875000000000e+05
5.916215625000000000e+04
7.200489472000000000e+10
1.099407750000000000e+06
3.449506875000000000e+05
6.641585000000000000e+05
1.928645600000000000e+07
5.484048828125000000e+03
1.642464648437500000e+04
2.167045703125000000e+04
5.484048828125000000e+03
2.494615600000000000e+07
1.368589687500000000e+05
4.889006250000000000e+04
8.233945625000000000e+05
4.790868359375000000e+04
3.299654062500000000e+05
1.613579062500000000e+05
4.686990625000000000e+05
1.066622100000000000e+07
7.222417187500000000e+04
2.830312988281250000e+03
7.753060156250000000e+04
6.501947656250000000e+04
4.382604687500000000e+05
3.292370312500000000e+04
2.717300976562500000e+04
1.444178906250000000e+04
1.021122890625000000e+05
2.045855468750000000e+05
5.438935546875000000e+04
7.939264375000000000e+05
1.558895156250000000e+05
2.010846125000000000e+06
1.321025937500000000e+05
9.831525000000000000e+06
6.781814453125000000e+03
6.323954296875000000e+04
4.356077148437500000e+03
1.275854296875000000e+04
6.835729003906250000e+03
9.096721093750000000e+04
2.718763085937500000e+04
1.592919531250000000e+05
4.362288671875000000e+04
1.064354500000000000e+06
2.029740781250000000e+05
1.824990234375000000e+04
6.552212500000000000e+05
7.959739000000000000e+06
4.213292968750000000e+03
2.036933593750000000e+04
7.717247070312500000e+03
1.055228515625000000e+05
4.034649000000000000e+06
1.182644453125000000e+05
1.978697851562500000e+04
4.078838750000000000e+05
1.636895300000000000e+07
1.191441125000000000e+06
2.781173125000000000e+05
2.228338281250000000e+05
2.019050585937500000e+04
7.683454589843750000e+03
1.837687656250000000e+05
8.392024218750000000e+04
1.795672241210937500e+03
4.817863000000000000e+06
4.331046250000000000e+05
5.700808593750000000e+04
6.998699200000000000e+07
8.956875625000000000e+05
1.612679218750000000e+05
4.141740000000000000e+05
3.289840234375000000e+04
1.405827026367187500e+03
4.493358984375000000e+04
1.931373600000000000e+07
5.831660000000000000e+05
5.972008203125000000e+04
2.101204000000000000e+06
3.553813671875000000e+04
1.806332750000000000e+06
1.256486640000000000e+08
4.863763125000000000e+05
8.386550625000000000e+05
2.005139750000000000e+06
2.548678800000000000e+07
2.964564375000000000e+05
6.427133984375000000e+04
4.553817187500000000e+05
4.100026000000000000e+07
7.116470500000000000e+06
2.210413125000000000e+05
1.621736200000000000e+07
9.303577343750000000e+04
5.615904296875000000e+04
8.962786560000000000e+08
2.934349375000000000e+05
3.260425000000000000e+05
2.406811406250000000e+05
2.280909500000000000e+06
8.385462500000000000e+05
9.959986328125000000e+03
1.182171953125000000e+05
5.500755859375000000e+03
7.106745605468750000e+03
2.365826416015625000e+03
2.040403593750000000e+05
3.135423583984375000e+03
3.248963476562500000e+04
9.152914062500000000e+03
1.245395468750000000e+05
2.026979000000000000e+06
9.162019531250000000e+04
5.757599218750000000e+04
1.105230664062500000e+04
6.046834960937500000e+03
2.118202880859375000e+03
1.371906875000000000e+06
9.083067187500000000e+04
4.267898437500000000e+05
1.934085351562500000e+04
2.186502148437500000e+04
1.983750585937500000e+04
9.897157226562500000e+03
1.026416000000000000e+07
8.501442187500000000e+04
5.957030859375000000e+04
2.102835625000000000e+05
4.001831562500000000e+05
7.348026250000000000e+05
1.206488375000000000e+06
6.241655000000000000e+05
1.351909843750000000e+05
3.850102000000000000e+06
9.259552000000000000e+06
4.422255312500000000e+05
7.273313500000000000e+06
5.786493125000000000e+05
4.527376875000000000e+05
4.936249687500000000e+05
3.609014062500000000e+05
8.896974218750000000e+04
1.151258125000000000e+05
5.705964400000000000e+07
2.239851200000000000e+07
7.348026250000000000e+05
3.173231600000000000e+07
1.206488375000000000e+06
6.241655000000000000e+05
1.978424320000000000e+08
3.850102000000000000e+06
9.259552000000000000e+06
7.273313500000000000e+06
1.290610200000000000e+07
2.116169750000000000e+06
4.936249687500000000e+05
2.078257750000000000e+06
3.609014062500000000e+05
8.896974218750000000e+04
1.548447360000000000e+09
5.705964400000000000e+07
2.239851200000000000e+07
3.173231600000000000e+07
1.978424320000000000e+08
1.290059760000000000e+08
1.290610200000000000e+07
2.116169750000000000e+06
2.078257750000000000e+06
1.548447360000000000e+09
1.290059760000000000e+08
2.186955600000000000e+07
1.324457343750000000e+05
5.669729296875000000e+04
4.995732187500000000e+05
6.072016406250000000e+04
2.345139062500000000e+05
5.016100000000000000e+06
1.682870000000000000e+05
9.468039062500000000e+03
9.916314843750000000e+04
1.586589000000000000e+06
3.156687500000000000e+03
1.003517734375000000e+05
5.432050292968750000e+03
1.047055187500000000e+06
1.052987597656250000e+04
2.739948750000000000e+05
9.563670898437500000e+03
2.321765625000000000e+04
1.516998748779296875e+02
1.064291015625000000e+04
5.817080859375000000e+04
1.580506591796875000e+03
6.969746875000000000e+04
1.155805937500000000e+05
1.789227250000000000e+06
8.184817968750000000e+04
2.471453750000000000e+05
4.414022187500000000e+05
7.207771250000000000e+05
6.549245000000000000e+05
2.376904843750000000e+05
6.245031250000000000e+05
9.806859000000000000e+06
5.169935546875000000e+04
5.601750000000000000e+04
3.912414687500000000e+05
4.349531875000000000e+05
8.272584375000000000e+04
3.370506640625000000e+04
1.869314800000000000e+07
2.490901875000000000e+05
4.418625312500000000e+05
3.202366992187500000e+04
1.455765000000000000e+05
3.516964721679687500e+02
2.072749200000000000e+07
1.140189375000000000e+06
1.842215429687500000e+04
1.555314331054687500e+03
5.893248750000000000e+05
3.789626875000000000e+05
1.650342031250000000e+05
5.016100000000000000e+06
1.468211625000000000e+06
1.058302421875000000e+05
5.766715625000000000e+05
3.199784375000000000e+05
4.371751250000000000e+05
1.287509625000000000e+06
5.024534062500000000e+05
3.818733593750000000e+04
1.314406875000000000e+06
2.900522500000000000e+05
4.847948046875000000e+04
1.116936000000000000e+06
9.379469600000000000e+07
8.803212500000000000e+04
7.062640625000000000e+05
3.351760000000000000e+05
5.784859375000000000e+05
2.850613867187500000e+04
4.219093125000000000e+05
1.227217900000000000e+07
9.540808000000000000e+06
4.502789687500000000e+05
9.481255000000000000e+05
1.432755625000000000e+06
2.653456562500000000e+05
2.300053906250000000e+05
3.797477500000000000e+05
1.865075195312500000e+04
3.073456445312500000e+04
2.331936328125000000e+04
5.765665625000000000e+04
9.883666992187500000e+03
1.516649400000000000e+07
1.395575000000000000e+05
5.916780078125000000e+04
5.266520625000000000e+05
7.386744531250000000e+04
1.869314800000000000e+07
2.879633920000000000e+08
1.860713200000000000e+07
5.105815625000000000e+04
9.110682400000000000e+07
4.625042500000000000e+06
1.232621171875000000e+05
1.022186880000000000e+08
3.604171250000000000e+05
6.079833593750000000e+04
1.272315289600000000e+10
1.150492800000000000e+08
3.296517812500000000e+05
3.142992076800000000e+10
4.821098500000000000e+06
7.014719375000000000e+05
5.505871872000000000e+09
5.715606000000000000e+06
1.891370156250000000e+05
9.500788750000000000e+05
7.200489472000000000e+10
8.995733600000000000e+07
6.009431875000000000e+05
4.816640000000000000e+07
4.758082000000000000e+07
3.934644224000000000e+09
2.195774218750000000e+04
3.153728515625000000e+03
3.639983593750000000e+04
5.844344726562500000e+03
4.495266000000000000e+07
1.921976800000000000e+07
4.685730000000000000e+05
2.235434000000000000e+07
1.417535937500000000e+05
8.220175781250000000e+04
3.305916672000000000e+09
9.660155625000000000e+05
7.922956875000000000e+05
5.432185000000000000e+05
7.021370500000000000e+06
5.107791503906250000e+03
6.051690063476562500e+02
6.247400878906250000e+03
9.231047973632812500e+02
1.377201280000000000e+08
2.161200800000000000e+07
1.321129375000000000e+05
1.237346400000000000e+08
6.689891250000000000e+05
7.104951562500000000e+04
7.200489472000000000e+10
3.168813750000000000e+06
8.224527500000000000e+05
7.367582500000000000e+05
1.005105840000000000e+08
3.865613671875000000e+04
4.373423750000000000e+05
2.011782812500000000e+04
1.057297125000000000e+06
2.345139062500000000e+05
1.609397875000000000e+06
3.919867187500000000e+04
1.778744062500000000e+05
1.416092675781250000e+04
2.840307031250000000e+04
8.281105468750000000e+03
4.880313671875000000e+04
3.017020500000000000e+06
5.845994531250000000e+04
2.698611875000000000e+05
1.463743457031250000e+04
6.244014843750000000e+04
2.229011500000000000e+06
4.962624511718750000e+03
1.617634375000000000e+05
1.664596289062500000e+04
1.246353125000000000e+05
5.273587500000000000e+05
5.582401953125000000e+04
2.231639453125000000e+04
3.526537500000000000e+05
5.626627500000000000e+05
2.233510000000000000e+06
3.311958750000000000e+05
4.655812500000000000e+06
6.274201562500000000e+04
3.526537500000000000e+05
3.443032421875000000e+04
6.664178750000000000e+05
2.197585156250000000e+05
9.361327500000000000e+05
2.865866562500000000e+05
2.187803710937500000e+04
1.330346406250000000e+05
1.558682500000000000e+05
1.441274062500000000e+05
3.502541015625000000e+04
5.452458984375000000e+04
8.288066406250000000e+03
1.377013061523437500e+03
2.798933105468750000e+03
6.492690000000000000e+06
8.983745625000000000e+05
1.022186880000000000e+08
3.743806250000000000e+04
4.736155937500000000e+05
8.270201562500000000e+04
4.166381562500000000e+05
1.596531200000000000e+09
1.595072875000000000e+06
5.324484765625000000e+04
4.356879000000000000e+06
2.879633920000000000e+08
1.194558500000000000e+06
1.671516562500000000e+05
7.164472000000000000e+06
2.308481406250000000e+05
4.551823730468750000e+03
1.275261824000000000e+09
4.364073000000000000e+06
1.241312109375000000e+04
1.950620156250000000e+05
4.806151500000000000e+06
2.521576800000000000e+07
1.497522500000000000e+07
1.412020625000000000e+06
6.150896500000000000e+06
2.683025312500000000e+05
2.705941250000000000e+05
1.462895360000000000e+09
2.378509200000000000e+07
1.225889000000000000e+07
5.594664000000000000e+06
1.481662080000000000e+09
4.710937600000000000e+08
1.134761250000000000e+05
3.298080625000000000e+05
9.509432000000000000e+06
1.157677625000000000e+06
1.147877343750000000e+04
2.662562109375000000e+04
6.884260253906250000e+03
2.453279052734375000e+03
1.642464648437500000e+04
1.169561157226562500e+03
2.877201250000000000e+05
1.243712343750000000e+05
3.658473510742187500e+02
1.314804199218750000e+04
9.265450000000000000e+04
1.354666718750000000e+05
6.300849218750000000e+04
4.586819921875000000e+04
6.827643000000000000e+06
5.265862500000000000e+05
4.999707500000000000e+05
6.283869500000000000e+06
1.968708906250000000e+05
2.756118437500000000e+05
6.930179375000000000e+05
4.281896093750000000e+04
1.126595250000000000e+06
9.930354492187500000e+03
8.204358398437500000e+03
1.222540375000000000e+06
1.342107750000000000e+06
9.999020507812500000e+03
5.286916875000000000e+05
2.879633920000000000e+08
1.949977600000000000e+07
4.208816875000000000e+05
1.809720875000000000e+06
1.124118240000000000e+08
4.016456250000000000e+05
5.278314000000000000e+06
5.568433203125000000e+04
4.833240937500000000e+05
3.355923095703125000e+03
3.279840870400000000e+10
1.966742080000000000e+08
2.879633920000000000e+08
7.611296500000000000e+06
1.949977600000000000e+07
4.208816875000000000e+05
3.738810000000000000e+07
1.124118240000000000e+08
4.016456250000000000e+05
5.568433203125000000e+04
7.200489472000000000e+10
3.279840870400000000e+10
1.966742080000000000e+08
7.611296500000000000e+06
3.738810000000000000e+07
7.200489472000000000e+10
2.297113525390625000e+03
3.616978515625000000e+04
2.748079062500000000e+05
2.299999062500000000e+05
4.422255312500000000e+05
4.527376875000000000e+05
9.259552000000000000e+06
5.930405883789062500e+02
3.381045410156250000e+03
8.463327636718750000e+02
2.748079062500000000e+05
2.299999062500000000e+05
6.204711000000000000e+06
9.259552000000000000e+06
3.381045410156250000e+03
8.463327636718750000e+02
1.771034179687500000e+04
6.204711000000000000e+06
1.771034179687500000e+04
7.760979500000000000e+06
1.875638593750000000e+05
2.095713476562500000e+04
6.385036875000000000e+05
3.929621484375000000e+04
2.879633920000000000e+08
1.761808800000000000e+07
8.257863616943359375e+01
9.758148000000000000e+07
1.316061553955078125e+02
6.172394943237304688e+01
3.079557120000000000e+10
4.855298461914062500e+02
2.709466857910156250e+02
3.137526855468750000e+02
1.654901489257812500e+03
2.734391015625000000e+04
1.178186562500000000e+05
2.172989453125000000e+04
4.727395000000000000e+06
3.817223125000000000e+05
1.359591503906250000e+04
5.665725000000000000e+05
4.976452734375000000e+04
2.819514453125000000e+04
9.445506591796875000e+02
8.588223750000000000e+05
3.299654062500000000e+05
4.712807812500000000e+05
2.213324000000000000e+06
2.502385312500000000e+05
4.588984500000000000e+06
3.408590625000000000e+05
1.775650781250000000e+05
6.413590234375000000e+04
3.283487812500000000e+05
4.655827812500000000e+05
3.940495312500000000e+05
3.588816406250000000e+04
3.498106250000000000e+05
1.760769375000000000e+05
1.027482062500000000e+06
2.246213750000000000e+05
7.227718500000000000e+06
1.455468125000000000e+05
2.893254062500000000e+05
3.469407812500000000e+05
6.124042968750000000e+04
1.814009179687500000e+04
8.105522000000000000e+06
1.214048046875000000e+05
8.279964843750000000e+04
9.650698125000000000e+05
9.364723437500000000e+04
1.501815937500000000e+05
5.298895000000000000e+05
6.252945625000000000e+05
6.512665234375000000e+04
1.807288281250000000e+04
6.034459375000000000e+05
2.208623906250000000e+05
1.248280234375000000e+05
9.649185937500000000e+04
4.370474500000000000e+06
2.919229375000000000e+05
1.638872187500000000e+05
1.325239100000000000e+07
1.443082560000000000e+08
1.466967700000000000e+07
3.375755312500000000e+05
9.110682400000000000e+07
1.728916000000000000e+07
1.828860312500000000e+05
7.855412000000000000e+07
3.958722000000000000e+06
3.194354101562500000e+04
2.862157056000000000e+09
1.325331712000000000e+09
3.069662000000000000e+06
1.359974400000000000e+10
3.711129200000000000e+07
1.355376750000000000e+06
2.288074137600000000e+10
7.611296500000000000e+06
6.805041250000000000e+05
3.253512250000000000e+06
7.200489472000000000e+10
5.502919040000000000e+08
1.183243040000000000e+08
1.437889760000000000e+08
1.299709280000000000e+08
3.227341824000000000e+10
1.773678750000000000e+06
7.568910156250000000e+04
2.444717968750000000e+05
4.250518750000000000e+04
1.147304980468750000e+04
5.995372772216796875e+01
1.228778625000000000e+06
1.616787890625000000e+04
1.436770000000000000e+05
1.357992285156250000e+04
1.147304980468750000e+04
5.995372772216796875e+01
3.305827392578125000e+03
6.119688110351562500e+02
1.357992285156250000e+04
4.539767812500000000e+05
8.551859375000000000e+03
6.119688110351562500e+02
3.871508544921875000e+03
2.188899803161621094e+01
5.008152343750000000e+04
3.514896545410156250e+02
3.491014062500000000e+05
6.444836875000000000e+05
5.197878515625000000e+04
5.396906640625000000e+04
4.307453906250000000e+04
4.795091796875000000e+04
8.712765625000000000e+04
1.215704200000000000e+07
5.880701250000000000e+05
8.306505625000000000e+05
6.322060546875000000e+04
5.046662080000000000e+08
8.497625976562500000e+03
4.636601562500000000e+05
6.392498828125000000e+04
4.492671250000000000e+05
1.760124687500000000e+05
9.098444160000000000e+08
1.891555125000000000e+06
4.517093359375000000e+04
9.257178710937500000e+03
1.137973800000000000e+07
9.619581000000000000e+06
2.456213593750000000e+05
2.071290429687500000e+04
5.693966308593750000e+03
7.059849243164062500e+02
1.832699687500000000e+05
2.462420654296875000e+03
1.485293701171875000e+03
7.543424316406250000e+03
1.036744873046875000e+03
1.498357543945312500e+02
1.470493286132812500e+03
4.927351379394531250e+02
4.683662800000000000e+07
9.724912500000000000e+04
1.465429375000000000e+05
4.527933437500000000e+05
2.264826718750000000e+05
1.455406542968750000e+04
9.150274218750000000e+04
2.550340576171875000e+03
1.702132421875000000e+04
1.469262597656250000e+04
1.619993896484375000e+03
2.305369140625000000e+03
6.743820800781250000e+03
2.452227050781250000e+03
2.550340576171875000e+03
1.702132421875000000e+04
1.619993896484375000e+03
2.452227050781250000e+03
1.116154900000000000e+07
4.884093750000000000e+05
1.370379062500000000e+05
7.698139375000000000e+05
4.352200000000000000e+05
7.700689062500000000e+04
1.771044335937500000e+04
1.889902500000000000e+05
9.333333984375000000e+03
2.368319335937500000e+04
5.498332812500000000e+04
1.365270625000000000e+05
5.764967578125000000e+04
1.528457200000000000e+07
1.312147700000000000e+07
3.583509440000000000e+08
1.987733125000000000e+05
9.807668125000000000e+05
4.527376875000000000e+05
1.528457200000000000e+07
8.798252800000000000e+08
3.583509440000000000e+08
9.807668125000000000e+05
8.798252800000000000e+08
3.384980468750000000e+04
9.343407226562500000e+03
6.709128750000000000e+05
9.032231445312500000e+03
1.356542100000000000e+07
1.921269600000000000e+07
1.860713200000000000e+07
8.190299218750000000e+04
1.129740500000000000e+07
1.713481250000000000e+06
4.631665625000000000e+04
7.273313500000000000e+06
1.100608496093750000e+04
1.716771484375000000e+04
5.779639680000000000e+08
6.015376400000000000e+07
5.582668359375000000e+04
1.219212160000000000e+09
1.349903515625000000e+04
2.888461718750000000e+04
2.587853760000000000e+08
4.015619140625000000e+03
1.813642578125000000e+04
7.589547363281250000e+03
1.539682080000000000e+08
7.680841406250000000e+04
7.987078125000000000e+03
2.599492578125000000e+04
9.446588867187500000e+03
8.896120117187500000e+03
1.921269600000000000e+07
1.860713200000000000e+07
2.063353125000000000e+05
7.273313500000000000e+06
2.687515234375000000e+04
8.737362500000000000e+04
1.219212160000000000e+09
1.998297750000000000e+06
9.615550000000000000e+05
8.331576875000000000e+05
1.615342900000000000e+07
3.162783125000000000e+05
9.433426250000000000e+05
3.254814062500000000e+05
1.197889140625000000e+05
7.119926000000000000e+06
3.728612890625000000e+04
1.051064453125000000e+05
2.188158398437500000e+04
7.150812500000000000e+03
1.592511750000000000e+06
1.320047400000000000e+07
4.148983040000000000e+08
3.362518750000000000e+04
1.067494296875000000e+05
4.527376875000000000e+05
1.592511750000000000e+06
2.908268800000000000e+07
4.148983040000000000e+08
1.067494296875000000e+05
2.908268800000000000e+07
5.004561920000000000e+08
2.080764218750000000e+05
1.687266718750000000e+05
8.130607031250000000e+04
2.571994531250000000e+05
3.892752075195312500e+02
6.681046400000000000e+07
4.279652000000000000e+06
1.369951171875000000e+04
1.188841064453125000e+03
3.990402500000000000e+05
4.923819921875000000e+04
3.318009765625000000e+04
4.556423437500000000e+05
2.309569218750000000e+05
4.124238281250000000e+04
5.963232031250000000e+04
6.164256000000000000e+06
6.896135253906250000e+03
1.510402500000000000e+05
6.356587890625000000e+04
4.591467968750000000e+04
2.817641015625000000e+04
6.583352400000000000e+07
5.445423437500000000e+04
1.376767480468750000e+04
6.394277832031250000e+03
8.065111875000000000e+05
5.674474375000000000e+05
1.618336816406250000e+04
2.830125600000000000e+07
1.850499200000000000e+07
1.891681600000000000e+07
4.295558750000000000e+05
1.096166800000000000e+07
3.741103500000000000e+06
4.145085937500000000e+04
7.221090500000000000e+06
6.116909765625000000e+04
5.428622656250000000e+04
2.603300864000000000e+09
6.499612800000000000e+08
8.905421875000000000e+05
1.215364864000000000e+09
5.246318125000000000e+05
9.979937500000000000e+05
1.996822400000000000e+08
2.496614375000000000e+05
1.889635781250000000e+05
1.260919765625000000e+05
7.200489472000000000e+10
9.662997000000000000e+06
4.463386500000000000e+06
8.291395000000000000e+06
2.484025500000000000e+06
1.311495360000000000e+08
7.697576562500000000e+04
8.939295312500000000e+04
1.465936718750000000e+05
9.997027343750000000e+03
1.407673925781250000e+04
1.404677500000000000e+05
7.828667968750000000e+03
3.645900000000000000e+04
2.465970468750000000e+05
2.831554687500000000e+04
1.020382226562500000e+04
1.737029101562500000e+04
2.829191600000000000e+07
1.388200375000000000e+06
1.809720875000000000e+06
3.850230468750000000e+04
4.070814062500000000e+05
1.835263671875000000e+04
3.446199600000000000e+07
2.829191600000000000e+07
1.388200375000000000e+06
3.850230468750000000e+04
3.446199600000000000e+07
1.570394238281250000e+04
4.520579296875000000e+04
2.115317968750000000e+04
1.389255750000000000e+06
1.998254000000000000e+07
1.696447343750000000e+05
5.246315625000000000e+04
4.500647500000000000e+05
1.494788750000000000e+05
6.582890625000000000e+04
6.864680664062500000e+03
1.053486953125000000e+05
4.117766875000000000e+05
4.527376875000000000e+05
2.087440185546875000e+03
3.085556640625000000e+04
2.295180781250000000e+05
1.025413940429687500e+03
4.193514160156250000e+03
4.117766875000000000e+05
5.140803222656250000e+02
5.225742187500000000e+02
2.295180781250000000e+05
4.193514160156250000e+03
5.225742187500000000e+02
1.614080100000000000e+07
6.572176250000000000e+05
4.527376875000000000e+05
1.614080100000000000e+07
2.179371484375000000e+04
1.345530000000000000e+05
3.459066875000000000e+05
3.623013281250000000e+04
7.837478500000000000e+06
6.961144500000000000e+06
1.066622100000000000e+07
1.868878593750000000e+05
4.420706500000000000e+06
8.060506875000000000e+05
2.015187500000000000e+04
7.280565500000000000e+06
8.567891406250000000e+04
6.604541406250000000e+04
1.384953600000000000e+08
4.773808400000000000e+07
6.213048125000000000e+05
9.169961600000000000e+08
1.902091250000000000e+05
4.140503750000000000e+05
9.306034400000000000e+07
3.587371562500000000e+05
4.577507421875000000e+04
4.844786875000000000e+05
1.695230880000000000e+08
5.503096500000000000e+06
8.071090625000000000e+05
4.038313500000000000e+06
3.601938000000000000e+06
4.258546000000000000e+06
4.405494628906250000e+03
1.187839531250000000e+05
7.448907500000000000e+05
5.583994140625000000e+02
1.285424804687500000e+03
2.459352343750000000e+04
2.729783935546875000e+03
2.049699951171875000e+03
1.273664125000000000e+06
3.210639953613281250e+02
1.659442993164062500e+03
2.934858750000000000e+05
1.441606718750000000e+05
1.053063125000000000e+05
2.069327929687500000e+04
1.085439600000000000e+07
2.378992500000000000e+06
9.583351875000000000e+05
1.085439600000000000e+07
7.506545600000000000e+07
3.450151875000000000e+05
1.108970320000000000e+08
5.938606640625000000e+04
7.283100000000000000e+06
6.490683984375000000e+04
1.580016375000000000e+06
3.663436288000000000e+09
2.996272250000000000e+06
1.384172968750000000e+05
1.740994400000000000e+07
9.836096875000000000e+05
2.892541200000000000e+07
1.051157700000000000e+07
3.209220000000000000e+06
1.688325781250000000e+05
7.855412000000000000e+07
1.022186880000000000e+08
6.486118125000000000e+05
7.273313500000000000e+06
1.072099687500000000e+05
6.449822656250000000e+04
2.100729200000000000e+07
1.467693750000000000e+06
8.266873750000000000e+05
1.444145625000000000e+05
6.242826240000000000e+09
3.311280640000000000e+09
1.744895375000000000e+06
2.350118400000000000e+08
5.853273125000000000e+05
4.266518750000000000e+05
3.512611840000000000e+09
1.487379625000000000e+06
6.809085625000000000e+05
1.307060781250000000e+05
2.539048960000000000e+08
2.240775520000000000e+08
1.151152375000000000e+06
2.786944800000000000e+07
1.809393593750000000e+05
1.223627109375000000e+05
7.200489472000000000e+10
3.472016400000000000e+07
7.958734400000000000e+07
2.864945000000000000e+06
7.391657000000000000e+06
1.030698291200000000e+10
3.843582500000000000e+06
4.425105500000000000e+06
1.535301250000000000e+06
2.346016000000000000e+08
3.351754000000000000e+07
1.208037578125000000e+05
4.887566000000000000e+07
1.860713200000000000e+07
1.185876796875000000e+05
1.190059500000000000e+07
1.893484960937500000e+04
6.715674218750000000e+04
2.986447360000000000e+09
4.522791796875000000e+04
2.023505937500000000e+05
2.465716796875000000e+04
2.591485000000000000e+05
3.399077250000000000e+06
6.748308593750000000e+04
8.039646484375000000e+03
1.889761875000000000e+05
1.711035000000000000e+05
2.040823906250000000e+05
4.596594375000000000e+05
4.676914062500000000e+04
1.314928375000000000e+06
2.447587109375000000e+04
9.719640625000000000e+03
7.147970625000000000e+05
1.528958500000000000e+06
1.017495898437500000e+04
3.273804062500000000e+05
9.734143000000000000e+06
1.921269600000000000e+07
1.860713200000000000e+07
4.465989062500000000e+05
2.111994218750000000e+05
1.822857968750000000e+05
2.502697460937500000e+04
7.273313500000000000e+06
5.812184375000000000e+04
6.457035937500000000e+04
6.311278800000000000e+07
8.287252500000000000e+06
6.551806250000000000e+05
1.219212160000000000e+09
1.051647500000000000e+06
5.523748125000000000e+05
1.538210700000000000e+07
7.797053906250000000e+04
4.539065234375000000e+04
1.330865312500000000e+05
2.168012800000000000e+07
3.049215000000000000e+06
3.660384375000000000e+05
8.803128000000000000e+06
1.120866125000000000e+06
7.875196250000000000e+05
2.080764218750000000e+05
1.860713200000000000e+07
5.008650625000000000e+05
3.278802343750000000e+04
3.160289916992187500e+02
6.614003125000000000e+04
3.269219000000000000e+06
1.432213769531250000e+04
6.701583125000000000e+05
4.002494384765625000e+03
1.098950546875000000e+05
1.480904687500000000e+05
1.647302500000000000e+05
4.358010312500000000e+05
8.237150781250000000e+04
1.660926100000000000e+07
1.066622100000000000e+07
6.709128750000000000e+05
1.025858100000000000e+07
3.523636562500000000e+05
4.527376875000000000e+05
1.954492416000000000e+09
1.660926100000000000e+07
1.066622100000000000e+07
1.025858100000000000e+07
1.954492416000000000e+09
1.375670214843750000e+04
1.731785625000000000e+06
6.774197656250000000e+04
3.735178437500000000e+05
5.592345312500000000e+04
4.283209600000000000e+08
2.168085205078125000e+03
9.716207031250000000e+04
5.030933984375000000e+04
2.650169062500000000e+05
7.602074432373046875e+01
4.831911000000000000e+06
2.274388500000000000e+06
3.948365478515625000e+02
3.683879638671875000e+03
9.929810156250000000e+04
4.773322265625000000e+03
8.484496875000000000e+04
4.109637812500000000e+05
2.407852343750000000e+04
3.045188720703125000e+03
6.995859375000000000e+04
1.618595781250000000e+05
1.418537988281250000e+04
7.525407812500000000e+04
4.403321875000000000e+04
3.299654062500000000e+05
1.489796093750000000e+05
4.194267968750000000e+04
3.196993164062500000e+04
2.683706445312500000e+04
7.397890625000000000e+04
1.177052441406250000e+04
1.163393437500000000e+05
1.669512500000000000e+05
3.254814062500000000e+05
4.820999218750000000e+04
3.697289550781250000e+03
8.518586730957031250e+01
5.762087109375000000e+04
4.389248962402343750e+02
8.057744531250000000e+04
1.643659300000000000e+07
2.586339687500000000e+05
8.122376562500000000e+04
8.807917500000000000e+05
1.254127109375000000e+05
7.915085937500000000e+03
1.198275100000000000e+07
4.946588750000000000e+05
3.954204296875000000e+04
8.934548750000000000e+05
1.207477125000000000e+06
2.058497070312500000e+03
1.686743164062500000e+03
3.317355000000000000e+05
5.424700000000000000e+05
1.242288750000000000e+05
2.311174609375000000e+04
1.951137343750000000e+05
2.373411328125000000e+04
3.226105664062500000e+04
2.845974023437500000e+04
2.297113525390625000e+03
5.393812011718750000e+03
2.271681000000000000e+06
2.423563437500000000e+05
1.107915375000000000e+06
8.140166406250000000e+04
1.113202400000000000e+08
2.448291473388671875e+02
1.231848730468750000e+04
8.440530395507812500e+02
2.483150781250000000e+05
1.755554296875000000e+04
5.051561200000000000e+07
1.802930375000000000e+06
1.870800537109375000e+03
3.066462402343750000e+02
1.053989453125000000e+05
2.581988000000000000e+06
1.142817480468750000e+04
7.119654500000000000e+06
1.067027000000000000e+07
1.033081953125000000e+05
7.273313500000000000e+06
8.623898437500000000e+04
4.584148046875000000e+04
9.205132160000000000e+08
1.802863593750000000e+05
4.719194375000000000e+05
1.145033281250000000e+05
3.145278500000000000e+06
1.065492734375000000e+05
1.457011000000000000e+06
5.569102734375000000e+04
4.363957500000000000e+05
1.408026750000000000e+06
1.166616484375000000e+05
2.684360937500000000e+05
3.092520898437500000e+04
6.517126250000000000e+05
9.181471250000000000e+05
2.382429750000000000e+06
9.019672656250000000e+04
9.415325000000000000e+05
3.400219531250000000e+04
2.028837031250000000e+05
8.950083000000000000e+06
8.307528750000000000e+05
2.494166250000000000e+06
5.490236250000000000e+05
9.571830000000000000e+06
1.429564375000000000e+05
3.574462812500000000e+05
1.243914746093750000e+04
3.116136718750000000e+03
1.385596718750000000e+05
6.046730957031250000e+03
2.996210625000000000e+05
1.011359765625000000e+04
1.447812792968750000e+04
1.057282500000000000e+05
1.468211625000000000e+06
6.164898046875000000e+04
7.921050000000000000e+04
1.311443281250000000e+05
1.074578906250000000e+05
3.879788125000000000e+05
3.469229062500000000e+05
4.336086718750000000e+04
1.687685180664062500e+03
2.668255937500000000e+05
3.317741015625000000e+04
2.297338080000000000e+08
1.860713200000000000e+07
1.656645400000000000e+07
8.488567187500000000e+04
1.111833760000000000e+08
7.230904000000000000e+06
1.029187734375000000e+05
2.923736500000000000e+06
6.930633593750000000e+04
3.355176562500000000e+04
3.051439104000000000e+10
8.124899840000000000e+09
7.748150000000000000e+05
1.122349184000000000e+09
3.215689062500000000e+05
4.372422265625000000e+04
1.844000256000000000e+09
2.485867187500000000e+04
3.195539453125000000e+04
6.577870312500000000e+04
7.200489472000000000e+10
2.561196250000000000e+06
2.086626625000000000e+06
2.857169375000000000e+05
1.128235000000000000e+05
9.623123000000000000e+06
1.471519750000000000e+06
1.509292343750000000e+05
1.388564648437500000e+04
7.695286718750000000e+04
4.491195312500000000e+04
8.762206875000000000e+05
3.646099687500000000e+05
1.990780000000000000e+05
7.859436718750000000e+04
2.563858203125000000e+04
3.144974062500000000e+05
7.456319531250000000e+04
1.328649843750000000e+05
8.453125976562500000e+03
3.545584960937500000e+03
1.062099140625000000e+05
4.564284667968750000e+03
5.394812500000000000e+05
1.727804492187500000e+04
5.084541796875000000e+04
1.160101375000000000e+06
4.278209472656250000e+03
8.264739257812500000e+03
1.619531835937500000e+04
4.155199062500000000e+05
1.046559375000000000e+05
1.080595859375000000e+05
7.237517187500000000e+04
1.650342031250000000e+05
1.345711093750000000e+05
6.083922500000000000e+05
2.135108007812500000e+04
1.298849375000000000e+06
8.937878906250000000e+03
1.788617309570312500e+03
8.043090625000000000e+05
1.131135125000000000e+06
5.666302246093750000e+03
1.380450156250000000e+05
1.309614500000000000e+06
9.187831250000000000e+04
3.870892187500000000e+05
7.344936250000000000e+05
9.187831250000000000e+04
3.490292187500000000e+05
2.483397031250000000e+05
4.662831250000000000e+04
2.403856875000000000e+05
1.623891875000000000e+06
1.697023437500000000e+05
6.852223125000000000e+05
4.456094741821289062e+01
2.332882308959960938e+01
8.903025781250000000e+04
4.569215820312500000e+03
5.442110937500000000e+04
6.904678222656250000e+03
2.361653125000000000e+05
2.166743750000000000e+06
7.435265625000000000e+05
8.474676875000000000e+05
3.846318125000000000e+05
1.257382250000000000e+06
3.921574375000000000e+05
4.295477187500000000e+05
4.527376875000000000e+05
1.418354375000000000e+06
4.904697187500000000e+05
2.800041875000000000e+05
1.567084375000000000e+05
1.473265600000000000e+07
1.135722812500000000e+05
2.927902500000000000e+06
3.005149750000000000e+06
2.591230400000000000e+07
2.021843500000000000e+06
1.257382250000000000e+06
5.329238000000000000e+06
1.165520875000000000e+06
9.484212500000000000e+05
4.397701500000000000e+06
5.117896250000000000e+05
2.800041875000000000e+05
1.092897125000000000e+06
6.794685000000000000e+05
2.927902500000000000e+06
2.591230400000000000e+07
2.063502800000000000e+07
4.854488000000000000e+06
1.165520875000000000e+06
4.397701500000000000e+06
1.092897125000000000e+06
2.063502800000000000e+07
1.489752343750000000e+04
1.167456875000000000e+05
3.254814062500000000e+05
2.122894921875000000e+04
4.901905312500000000e+05
1.140505840000000000e+08
1.595266300000000000e+07
1.233218359375000000e+05
1.340148160000000000e+08
6.800882500000000000e+05
7.152514062500000000e+04
6.344926822400000000e+10
2.584022500000000000e+06
6.955525000000000000e+05
7.055705625000000000e+05
6.703178800000000000e+07
2.021510000000000000e+06
2.879633920000000000e+08
1.860713200000000000e+07
1.187931406250000000e+05
7.091194000000000000e+06
6.206521250000000000e+05
2.011713867187500000e+04
1.022186880000000000e+08
2.244059687500000000e+05
6.751366406250000000e+04
9.035942400000000000e+08
1.770010400000000000e+07
4.060183593750000000e+04
3.142992076800000000e+10
1.549028875000000000e+06
2.038738437500000000e+05
3.941003520000000000e+08
1.210912109375000000e+05
7.215917968750000000e+04
5.109211250000000000e+05
7.200489472000000000e+10
4.360927500000000000e+06
2.496220703125000000e+04
7.232166500000000000e+06
2.122911000000000000e+06
1.210852240000000000e+08
2.957271360000000000e+08
1.933906000000000000e+07
1.727399600000000000e+07
8.878083125000000000e+05
1.796980160000000000e+08
1.374204000000000000e+07
2.934298250000000000e+06
2.440900750000000000e+06
1.584128437500000000e+05
2.623205937500000000e+05
3.552108134400000000e+10
1.657258188800000000e+10
2.177865600000000000e+08
5.162862400000000000e+08
8.868382000000000000e+06
1.619600300000000000e+07
1.954399360000000000e+09
1.333490720000000000e+08
1.203570800000000000e+07
2.069310500000000000e+06
7.200489472000000000e+10
4.820158054400000000e+10
2.303202099200000000e+10
6.185363840000000000e+08
1.596336384000000000e+09
7.200489472000000000e+10
3.657373125000000000e+05
4.588984500000000000e+06
1.226911875000000000e+05
1.017182656250000000e+05
9.911602000000000000e+06
2.137461328125000000e+04
1.248552812500000000e+05
4.257423828125000000e+04
1.309614500000000000e+06
5.016100000000000000e+06
6.798314375000000000e+05
1.228778625000000000e+06
7.157050000000000000e+05
4.625042500000000000e+06
1.972499531250000000e+05
6.903884375000000000e+05
9.648625781250000000e+04
5.016100000000000000e+06
6.798314375000000000e+05
2.007156125000000000e+06
9.791704687500000000e+04
2.759624000000000000e+07
6.903884375000000000e+05
1.591505125000000000e+06
1.197706875000000000e+06
3.503896000000000000e+07
3.017165625000000000e+05
2.195406250000000000e+06
2.759624000000000000e+07
2.046761375000000000e+06
1.716755750000000000e+06
6.156664800000000000e+07
8.758697500000000000e+05
2.637295500000000000e+06
3.649158000000000000e+06
6.466107500000000000e+05
9.171608125000000000e+05
3.637046500000000000e+06
1.616031040000000000e+08
1.636970300000000000e+07
1.965467875000000000e+06
1.303260700000000000e+07
6.685816250000000000e+05
2.705107600000000000e+07
1.049241250000000000e+06
3.515861572265625000e+03
7.136790039062500000e+03
7.071771500000000000e+06
2.392604218750000000e+05
4.644455078125000000e+03
4.244970500000000000e+06
1.233208906250000000e+05
3.999421997070312500e+02
2.028393906250000000e+05
9.628575781250000000e+04
5.221481562500000000e+05
3.713186750000000000e+06
1.761852800000000000e+07
2.800228750000000000e+05
1.223619062500000000e+05
3.730487109375000000e+04
1.421438964843750000e+04
1.449119500000000000e+07
3.306004062500000000e+05
1.261871375000000000e+06
2.054369140625000000e+04
1.190356500000000000e+06
5.447765000000000000e+05
7.953348437500000000e+04
8.996190429687500000e+03
7.953348437500000000e+04
5.436369500000000000e+06
3.483168000000000000e+08
1.257320200000000000e+07
1.242442734375000000e+05
2.851909200000000000e+07
1.738530375000000000e+06
1.585346562500000000e+05
1.784428320000000000e+08
8.122346875000000000e+05
1.104902734375000000e+05
4.256383360000000000e+08
1.063672720000000000e+08
6.494876875000000000e+05
1.894045696000000000e+10
3.700845500000000000e+06
2.638739375000000000e+05
6.435589120000000000e+08
1.873953750000000000e+06
1.811724687500000000e+05
1.364686750000000000e+06
4.218272972800000000e+10
1.152528100000000000e+07
3.141558500000000000e+06
2.446855200000000000e+07
1.104677900000000000e+07
3.300049920000000000e+08
2.068623750000000000e+05
2.900463378906250000e+03
7.940532812500000000e+04
4.513572753906250000e+03
5.406298000000000000e+07
1.169567187500000000e+04
1.003513046875000000e+05
1.468745312500000000e+05
1.922556250000000000e+06
3.247188476562500000e+04
2.195046562500000000e+05
6.383976875000000000e+05
4.525619687500000000e+05
5.396963671875000000e+04
1.191497421875000000e+05
8.036326000000000000e+06
2.948074240000000000e+08
1.891681600000000000e+07
1.809720875000000000e+06
3.563707500000000000e+06
1.754806562500000000e+05
7.703407031250000000e+04
7.399956800000000000e+07
5.591969500000000000e+06
5.693576875000000000e+05
7.496066048000000000e+09
3.392913600000000000e+07
8.036326000000000000e+06
1.803351040000000000e+10
2.948074240000000000e+08
1.891681600000000000e+07
1.203083264000000000e+09
3.563707500000000000e+06
1.754806562500000000e+05
7.399956800000000000e+07
7.200489472000000000e+10
7.496066048000000000e+09
3.392913600000000000e+07
1.803351040000000000e+10
1.203083264000000000e+09
7.200489472000000000e+10
3.022048500000000000e+06
2.699560742187500000e+04
6.427355468750000000e+04
9.780057812500000000e+04
4.113871093750000000e+04
3.299654062500000000e+05
2.397791718750000000e+05
1.492892871093750000e+04
6.837689062500000000e+04
3.160408691406250000e+03
1.631350781250000000e+04
6.403573730468750000e+03
9.493539000000000000e+06
4.653767395019531250e+02
1.066622100000000000e+07
6.709128750000000000e+05
1.186671142578125000e+03
4.625042500000000000e+06
7.344936250000000000e+05
1.583692993164062500e+03
7.708191680908203125e+01
4.527376875000000000e+05
6.630524902343750000e+03
2.798893200000000000e+07
9.493539000000000000e+06
2.404919677734375000e+03
4.653767395019531250e+02
1.066622100000000000e+07
9.059780273437500000e+03
1.186671142578125000e+03
4.625042500000000000e+06
1.583692993164062500e+03
2.621366210937500000e+04
6.630524902343750000e+03
2.798893200000000000e+07
2.404919677734375000e+03
9.059780273437500000e+03
2.621366210937500000e+04
2.215803750000000000e+05
1.559989687500000000e+05
2.424624687500000000e+05
1.870462031250000000e+05
1.426494750000000000e+06
4.527376875000000000e+05
5.535473437500000000e+04
9.746175000000000000e+04
2.792628125000000000e+05
8.335535937500000000e+04
2.418830156250000000e+05
1.426494750000000000e+06
1.758486718750000000e+04
2.824429101562500000e+04
2.792628125000000000e+05
2.418830156250000000e+05
2.824429101562500000e+04
2.224569375000000000e+05
5.424700000000000000e+05
3.573873125000000000e+05
3.632939453125000000e+04
9.956797656250000000e+04
2.190091796875000000e+04
9.763506250000000000e+04
1.467491015625000000e+04
6.310669140625000000e+04
1.755596400000000000e+07
4.299275937500000000e+05
4.024281640625000000e+04
6.228947500000000000e+05
1.256486640000000000e+08
1.955287933349609375e+02
4.624801875000000000e+05
2.307332343750000000e+05
1.938931427001953125e+02
7.071771500000000000e+06
3.554539062500000000e+05
8.874583435058593750e+01
9.127309417724609375e+01
5.893309570312500000e+03
3.749491271972656250e+02
2.176791296000000000e+09
7.687485500000000000e+06
7.720488739013671875e+01
1.241047134399414062e+02
4.228084375000000000e+04
2.717076416015625000e+02
1.280436553955078125e+02
2.000934531250000000e+05
5.464405441284179688e+01
5.751983642578125000e+02
2.287402343750000000e+02
6.645354500000000000e+06
4.679004669189453125e+01
1.589944305419921875e+02
3.102956848144531250e+02
1.706200400000000000e+07
1.860713200000000000e+07
3.212902500000000000e+05
3.015772000000000000e+06
2.406779882812500000e+04
6.203825000000000000e+04
1.166593280000000000e+09
5.354193125000000000e+05
5.298733125000000000e+05
8.709642187500000000e+04
5.683292500000000000e+06
1.463701625000000000e+06
4.255126171875000000e+04
2.615245000000000000e+05
2.068623750000000000e+05
8.220346679687500000e+02
5.909414843750000000e+04
3.521907226562500000e+03
4.845230468750000000e+04
6.690478125000000000e+05
5.014142187500000000e+05
1.471002125000000000e+06
4.914435625000000000e+05
8.367010000000000000e+05
9.006546875000000000e+05
1.945073125000000000e+05
4.299411250000000000e+05
4.527376875000000000e+05
3.062861875000000000e+05
7.151700625000000000e+05
8.545063125000000000e+05
4.839190625000000000e+05
8.588585000000000000e+05
1.758278906250000000e+05
8.373395625000000000e+05
3.355341875000000000e+05
1.282023200000000000e+07
2.888767750000000000e+06
9.006546875000000000e+05
5.264983750000000000e+05
2.798023750000000000e+05
1.412557656250000000e+05
3.028369600000000000e+07
3.264558000000000000e+06
8.545063125000000000e+05
3.019623750000000000e+05
1.898894062500000000e+05
8.373395625000000000e+05
1.282023200000000000e+07
4.719666562500000000e+05
2.622808125000000000e+05
2.798023750000000000e+05
3.028369600000000000e+07
3.019623750000000000e+05
4.719666562500000000e+05
1.836881562500000000e+05
9.895211914062500000e+03
8.134481445312500000e+03
4.081408593750000000e+04
9.091938476562500000e+03
6.129304687500000000e+03
8.739536743164062500e+02
4.547393493652343750e+02
1.167650250000000000e+06
7.273313500000000000e+06
5.786493125000000000e+05
1.229411625000000000e+06
7.143121093750000000e+04
4.527376875000000000e+05
2.722462800000000000e+07
1.167650250000000000e+06
7.273313500000000000e+06
1.229411625000000000e+06
2.722462800000000000e+07
1.887632125000000000e+06
2.902365312500000000e+05
5.131610000000000000e+05
1.460081000000000000e+06
1.256486640000000000e+08
4.576542968750000000e+04
1.518855468750000000e+05
4.326414375000000000e+05
2.879633920000000000e+08
1.944703200000000000e+07
8.173537500000000000e+04
1.108099120000000000e+08
1.951532031250000000e+05
8.394217968750000000e+04
3.258360627200000000e+10
8.340559375000000000e+05
2.716563125000000000e+05
1.946576406250000000e+05
2.368039000000000000e+06
4.325020000000000000e+05
1.496557343750000000e+05
9.388381250000000000e+05
1.165669750000000000e+06
1.262671875000000000e+05
5.627915000000000000e+05
1.214554062500000000e+05
1.619270468750000000e+05
4.948190000000000000e+06
4.010833125000000000e+05
1.761630937500000000e+05
4.310854062500000000e+05
9.792060000000000000e+05
1.043234062500000000e+05
2.766821250000000000e+05
1.989597500000000000e+05
5.203630625000000000e+05
4.211470937500000000e+05
3.350015312500000000e+05
2.678341992187500000e+04
3.709990000000000000e+07
3.380207500000000000e+05
6.507624375000000000e+05
4.851726875000000000e+05
1.075652100000000000e+07
7.413961250000000000e+05
2.289822187500000000e+05
2.891492800000000000e+07
7.895010625000000000e+05
6.898369375000000000e+05
9.868932000000000000e+06
5.391058125000000000e+05
4.515887109375000000e+04
3.349185750000000000e+06
8.624913125000000000e+05
3.787802500000000000e+05
5.188152000000000000e+06
1.060186880000000000e+08
3.249728400000000000e+07
4.906980000000000000e+05
7.539724000000000000e+06
1.669796250000000000e+06
7.407073600000000000e+07
6.762230468750000000e+04
1.617393906250000000e+05
6.930179375000000000e+05
3.246568603515625000e+03
4.536226562500000000e+04
6.261658125000000000e+05
1.984236718750000000e+04
2.494592773437500000e+04
4.495431250000000000e+05
1.381812304687500000e+04
1.429981562500000000e+05
1.064253593750000000e+05
1.466822167968750000e+04
1.507660500000000000e+06
1.837780859375000000e+04
6.809167968750000000e+04
1.799685742187500000e+04
3.295120500000000000e+06
1.514205781250000000e+05
6.261658125000000000e+05
5.876065000000000000e+05
5.967236718750000000e+04
2.592135156250000000e+04
7.007530000000000000e+06
3.252291562500000000e+05
1.064253593750000000e+05
3.007710937500000000e+05
1.274096718750000000e+05
6.809167968750000000e+04
3.295120500000000000e+06
5.917488500000000000e+06
2.063871000000000000e+06
5.967236718750000000e+04
7.007530000000000000e+06
3.007710937500000000e+05
5.917488500000000000e+06
2.215507656250000000e+05
6.269583203125000000e+04
1.310529125000000000e+06
9.658457812500000000e+04
4.092434765625000000e+04
2.277962343750000000e+05
1.604981562500000000e+05
8.999498437500000000e+04
7.936160625000000000e+05
1.033343164062500000e+04
2.696585000000000000e+05
4.120874375000000000e+05
1.860713200000000000e+07
2.700290771484375000e+03
3.760664453125000000e+04
1.474209843750000000e+05
7.564649047851562500e+02
4.948424804687500000e+03
2.033364062500000000e+04
7.936487304687500000e+03
2.835102187500000000e+05
1.294809218750000000e+05
1.244482500000000000e+06
8.314749023437500000e+03
1.637450292968750000e+04
7.182153320312500000e+03
1.837883500000000000e+06
2.998140000000000000e+05
2.971110000000000000e+07
4.713906860351562500e+02
3.198778808593750000e+03
5.890987792968750000e+03
2.193502685546875000e+03
5.250344238281250000e+03
1.003371777343750000e+04
5.337132324218750000e+03
3.270452500000000000e+05
8.439675781250000000e+04
7.372093000000000000e+06
1.674452343750000000e+04
3.913589111328125000e+03
3.269656054687500000e+04
1.271799000000000000e+07
1.035730346679687500e+03
9.619309570312500000e+03
1.916361694335937500e+03
2.040955078125000000e+04
4.083041500000000000e+06
2.449558203125000000e+04
1.347411914062500000e+04
9.431033203125000000e+03
5.131556250000000000e+05
2.064838560000000000e+08
1.794406800000000000e+07
2.888759250000000000e+06
6.984479375000000000e+05
2.541685120000000000e+08
6.780112000000000000e+07
8.237446500000000000e+06
7.273313500000000000e+06
4.527376875000000000e+05
5.786493125000000000e+05
5.016742707200000000e+10
1.240457318400000000e+10
2.064838560000000000e+08
9.906623360000000000e+08
1.794406800000000000e+07
2.888759250000000000e+06
4.902696960000000000e+09
2.541685120000000000e+08
6.780112000000000000e+07
7.273313500000000000e+06
7.200489472000000000e+10
5.016742707200000000e+10
1.240457318400000000e+10
9.906623360000000000e+08
4.902696960000000000e+09
7.200489472000000000e+10
8.861064375000000000e+05
5.408861250000000000e+05
1.308519625000000000e+06
1.433479687500000000e+05
5.408861250000000000e+05
3.203078750000000000e+05
5.007910625000000000e+05
1.040388250000000000e+06
5.680728125000000000e+05
4.001239453125000000e+04
3.009869335937500000e+04
7.427603500000000000e+06
1.743706000000000000e+07
1.066622100000000000e+07
1.841275156250000000e+05
4.542538671875000000e+04
6.974128500000000000e+06
6.347636500000000000e+06
5.703532812500000000e+04
9.259552000000000000e+06
2.282525195312500000e+04
6.232062890625000000e+04
2.925444375000000000e+05
5.675813120000000000e+08
1.179668200000000000e+07
5.013004062500000000e+05
1.659313152000000000e+09
2.959925625000000000e+05
3.843978750000000000e+05
4.790826562500000000e+04
2.752635937500000000e+04
3.943765136718750000e+03
4.401171840000000000e+08
3.206422500000000000e+05
2.227764531250000000e+05
5.299560546875000000e+04
3.746137500000000000e+06
1.154694000000000000e+06
8.624514843750000000e+04
7.200489472000000000e+10
1.300745100000000000e+07
2.808583750000000000e+05
1.099782125000000000e+06
4.422385937500000000e+05
7.910104980468750000e+03
8.811127929687500000e+03
2.698524500000000000e+06
5.334728400000000000e+07
4.595704687500000000e+05
2.154919531250000000e+05
1.049717760000000000e+08
2.466173046875000000e+04
1.526199125000000000e+06
1.256486640000000000e+08
1.066622100000000000e+07
1.239982968750000000e+05
1.022186880000000000e+08
6.588209375000000000e+05
5.975380859375000000e+04
1.733822464000000000e+10
3.627728000000000000e+06
5.708784375000000000e+05
5.793278750000000000e+05
3.197778000000000000e+07
1.861857031250000000e+05
1.238752500000000000e+05
5.101607500000000000e+06
6.823275500000000000e+06
1.809720875000000000e+06
7.671515625000000000e+04
1.912847500000000000e+05
3.021790312500000000e+05
8.949882031250000000e+04
6.024458593750000000e+04
6.172686250000000000e+05
1.322939375000000000e+06
1.577329531250000000e+05
3.813717968750000000e+04
9.877136718750000000e+04
6.694891406250000000e+04
7.584502500000000000e+05
4.798046000000000000e+06
6.823275500000000000e+06
8.013420312500000000e+04
3.492883984375000000e+04
9.062249218750000000e+04
1.857043554687500000e+04
4.745524062500000000e+05
9.266216250000000000e+05
1.322939375000000000e+06
2.393350585937500000e+04
5.786024609375000000e+04
9.877136718750000000e+04
7.584502500000000000e+05
1.744536718750000000e+04
3.353170703125000000e+04
9.062249218750000000e+04
4.745524062500000000e+05
2.393350585937500000e+04
1.744536718750000000e+04
1.337289062500000000e+05
1.707911250000000000e+05
1.147671328125000000e+05
1.977270312500000000e+05
1.763229375000000000e+05
1.110278808593750000e+04
9.259552000000000000e+06
2.345953710937500000e+04
6.362658984375000000e+04
1.904969600000000000e+07
3.276742578125000000e+04
2.877024609375000000e+04
5.542741796875000000e+04
6.900172500000000000e+05
4.940921250000000000e+05
1.179696562500000000e+05
3.246512187500000000e+05
1.502170800781250000e+04
1.860713200000000000e+07
5.431387500000000000e+05
3.419266015625000000e+04
1.704191162109375000e+03
1.641149531250000000e+05
6.626156250000000000e+04
1.525072631835937500e+03
6.267766406250000000e+04
9.936384375000000000e+04
2.801426757812500000e+03
1.655155781250000000e+05
1.654341406250000000e+05
7.403812500000000000e+04
1.045952734375000000e+05
1.090057343750000000e+05
3.117515937500000000e+05
1.125133984375000000e+05
1.892131562500000000e+05
3.062098632812500000e+04
2.896976013183593750e+02
4.990122558593750000e+03
1.486293750000000000e+05
3.531757031250000000e+04
1.488322167968750000e+04
2.248416015625000000e+04
3.075306445312500000e+04
1.267634375000000000e+04
2.335356835937500000e+04
1.254094765625000000e+05
3.532612890625000000e+04
1.455920625000000000e+06
3.455580078125000000e+03
1.101300488281250000e+04
3.062816992187500000e+04
5.745303222656250000e+03
1.272949062500000000e+05
2.472767578125000000e+04
6.391375488281250000e+03
9.874472000000000000e+07
2.142015312500000000e+05
9.849829687500000000e+04
5.620888750000000000e+05
1.059616200000000000e+07
5.047403200000000000e+08
1.210883625000000000e+06
4.359889062500000000e+05
3.763615600000000000e+07
4.208753125000000000e+05
2.558821289062500000e+04
5.699766000000000000e+06
4.202640312500000000e+05
5.813243652343750000e+03
6.382444953600000000e+10
2.217932400000000000e+07
7.517345625000000000e+05
1.087183360000000000e+09
1.015146900000000000e+07
8.981817968750000000e+04
8.570034560000000000e+08
1.305505750000000000e+06
1.893770117187500000e+04
1.316237343750000000e+05
6.545962188800000000e+10
6.490654720000000000e+08
9.289601875000000000e+05
2.873600250000000000e+06
3.959945250000000000e+06
2.869162560000000000e+08
5.576880800000000000e+07
1.848079200000000000e+07
6.808098750000000000e+05
1.019844080000000000e+08
5.261883500000000000e+06
4.440591875000000000e+05
6.217388851200000000e+10
5.576540000000000000e+07
1.818199200000000000e+07
1.000446720000000000e+08
6.073270272000000000e+10
1.449329375000000000e+05
4.370474500000000000e+06
8.235258789062500000e+02
3.254814062500000000e+05
1.555733032226562500e+03
1.347236206054687500e+03
3.986460937500000000e+04
7.952130126953125000e+02
2.753121484375000000e+04
1.646338256835937500e+03
1.047269726562500000e+04
2.231813000000000000e+06
1.220402000000000000e+07
3.744637500000000000e+06
5.145503437500000000e+05
3.218957226562500000e+04
7.855412000000000000e+07
1.022186880000000000e+08
3.421637812500000000e+05
7.273313500000000000e+06
5.738270703125000000e+04
6.444283203125000000e+04
1.407017600000000000e+07
1.315328500000000000e+06
5.445209375000000000e+05
5.427929296875000000e+04
6.600269312000000000e+09
4.952496960000000000e+08
1.379365125000000000e+06
5.633628400000000000e+07
9.944289843750000000e+04
4.190941406250000000e+04
3.512611840000000000e+09
1.661844875000000000e+06
2.817689250000000000e+06
1.311578437500000000e+05
3.723794880000000000e+08
1.089158720000000000e+08
9.474304375000000000e+05
1.541009200000000000e+07
7.639027343750000000e+04
6.495229687500000000e+04
6.980139417600000000e+10
1.309030600000000000e+07
1.376459900000000000e+07
1.149490500000000000e+06
1.544275300000000000e+07
5.364128768000000000e+09
3.663867000000000000e+06
6.191847500000000000e+06
6.705821875000000000e+05
2.622346560000000000e+08
5.156994000000000000e+07
1.468211625000000000e+06
1.633903281250000000e+05
1.074687578125000000e+05
1.919307360000000000e+08
6.756421875000000000e+04
2.939053500000000000e+06
2.187422800000000000e+07
8.949413125000000000e+05
1.069319218750000000e+05
1.227206718750000000e+05
2.068623750000000000e+05
1.563200683593750000e+04
4.256995625000000000e+05
2.026454843750000000e+05
1.769960960000000000e+08
1.509650600000000000e+07
1.398967500000000000e+05
1.322061520000000000e+08
1.973660468750000000e+05
6.056199218750000000e+04
2.531203686400000000e+10
3.506534000000000000e+06
3.682990312500000000e+05
2.186826718750000000e+05
2.135594000000000000e+07
3.378692500000000000e+05
5.058510742187500000e+03
1.308519625000000000e+06
7.344936250000000000e+05
5.058510742187500000e+03
1.897934687500000000e+05
5.397598500000000000e+06
4.716925781250000000e+03
3.239584375000000000e+05
1.556298000000000000e+07
2.479819500000000000e+06
3.519451875000000000e+05
9.452603906250000000e+04
7.855412000000000000e+07
1.022186880000000000e+08
3.082814250000000000e+06
7.273313500000000000e+06
3.864743437500000000e+05
1.910342812500000000e+05
3.505698000000000000e+06
3.303723500000000000e+06
9.182567187500000000e+04
6.910437500000000000e+04
8.600629248000000000e+09
1.543458304000000000e+09
1.461282000000000000e+07
8.362680800000000000e+07
1.779262875000000000e+06
1.986412343750000000e+05
3.512611840000000000e+09
7.881796800000000000e+07
7.829668800000000000e+07
5.552481000000000000e+06
1.075159040000000000e+09
8.852804800000000000e+07
2.661003500000000000e+06
2.433558000000000000e+07
1.961925000000000000e+06
5.727341406250000000e+04
7.200489472000000000e+10
7.599936512000000000e+09
1.184980352000000000e+09
8.787280800000000000e+07
3.291269632000000000e+09
2.263872921600000000e+10
7.447976960000000000e+08
7.420323200000000000e+07
1.710658400000000000e+07
7.200489472000000000e+10
1.565488025600000000e+10
6.593678906250000000e+04
4.923264062500000000e+05
1.145700625000000000e+05
4.527376875000000000e+05
4.923264062500000000e+05
1.276368515625000000e+05
3.232191500000000000e+06
4.120874375000000000e+05
2.961178125000000000e+04
1.196002265625000000e+05
1.430306250000000000e+05
2.644934179687500000e+04
1.368489218750000000e+05
1.059131200000000000e+07
3.524267187500000000e+04
5.461159375000000000e+05
2.039185937500000000e+05
4.743205000000000000e+06
5.507877500000000000e+05
6.591571875000000000e+05
7.909930468750000000e+04
2.246472750000000000e+06
7.892787500000000000e+04
1.910751093750000000e+05
1.503438281250000000e+05
2.151583740234375000e+03
6.801359375000000000e+04
4.648598632812500000e+03
9.209430468750000000e+04
1.921269600000000000e+07
1.705151093750000000e+05
2.053250781250000000e+04
2.715489013671875000e+03
1.106011796875000000e+05
3.386528437500000000e+05
4.268567187500000000e+04
4.712906562500000000e+05
1.500901855468750000e+04
1.149102734375000000e+05
4.762328515625000000e+04
1.617393906250000000e+05
3.709145263671875000e+03
1.445922265625000000e+04
1.955194375000000000e+05
3.548761250000000000e+06
3.678244113922119141e+00
1.022186880000000000e+08
0.000000000000000000e+00
1.164173250000000000e+06
1.152971506118774414e+00
3.780915260314941406e+00
5.055563840000000000e+08
6.186057090759277344e+00
5.604660511016845703e-02
1.492481327056884766e+01
2.043146560000000000e+08
1.706558800000000000e+07
6.033491406250000000e+04
1.140770468750000000e+05
2.086727812500000000e+05
3.777914250000000000e+06
1.260157578125000000e+05
1.088143375000000000e+06
4.515008593750000000e+04
1.362836718750000000e+05
4.198385000000000000e+06
4.155207500000000000e+05
2.950591250000000000e+05
3.966813125000000000e+05
5.024534062500000000e+05
3.956531250000000000e+04
1.574382500000000000e+05
4.629255600000000000e+07
1.348736875000000000e+05
9.702783750000000000e+05
3.100467578125000000e+04
3.776153000000000000e+06
4.688649062500000000e+05
1.415127343750000000e+04
3.898790000000000000e+05
6.938643750000000000e+05
2.803170937500000000e+05
1.398092656250000000e+05
1.815996875000000000e+06
1.876939375000000000e+05
5.855986875000000000e+05
2.819791200000000000e+07
2.254125000000000000e+04
1.022186880000000000e+08
1.731847656250000000e+03
8.060506875000000000e+05
5.449186035156250000e+03
3.294616015625000000e+04
3.038740992000000000e+09
2.676245898437500000e+04
1.816719970703125000e+03
2.739329375000000000e+05
5.027693125000000000e+05
1.230574921875000000e+05
6.652236718750000000e+04
1.477341125000000000e+06
2.579135200000000000e+07
1.860713200000000000e+07
2.794343750000000000e+05
9.275747500000000000e+05
7.563598750000000000e+05
7.017930468750000000e+04
1.274885800000000000e+07
5.105192500000000000e+05
9.648625781250000000e+04
4.046058000000000000e+07
6.700605500000000000e+06
3.816269062500000000e+05
2.755524608000000000e+09
2.440172500000000000e+06
1.053882500000000000e+06
2.874934400000000000e+07
1.990607187500000000e+05
3.715329375000000000e+05
1.742294625000000000e+06
3.301973606400000000e+10
4.337989500000000000e+06
9.197420625000000000e+05
6.763579200000000000e+07
8.627115000000000000e+06
1.083323008000000000e+09
1.326178250000000000e+06
1.673302968750000000e+05
7.040827636718750000e+03
8.920287500000000000e+04
2.677147216796875000e+03
7.614398125000000000e+05
5.016100000000000000e+06
1.468211625000000000e+06
3.746648125000000000e+05
5.056688750000000000e+05
3.519451875000000000e+05
5.634766796875000000e+04
5.024534062500000000e+05
1.424224531250000000e+05
3.204424250000000000e+06
1.318293500000000000e+06
1.027088437500000000e+05
1.829303125000000000e+04
9.379469600000000000e+07
5.411482500000000000e+05
3.280326250000000000e+05
1.847390781250000000e+05
5.134593500000000000e+06
1.952220468750000000e+05
5.510990234375000000e+04
5.754118400000000000e+07
6.488209375000000000e+05
3.689775000000000000e+04
3.742976400000000000e+07
2.062629062500000000e+05
1.365234570312500000e+04
1.969489000000000000e+06
4.209382812500000000e+05
9.858935156250000000e+04
4.891375000000000000e+05
1.493831840000000000e+08
3.306610750000000000e+06
3.589329687500000000e+04
1.096084875000000000e+06
3.047306250000000000e+05
1.885365250000000000e+06
4.606441406250000000e+04
4.937588281250000000e+04
1.206959687500000000e+05
3.765425750000000000e+06
4.686990625000000000e+05
3.045276953125000000e+04
9.660502343750000000e+04
9.368260937500000000e+04
4.146371875000000000e+05
1.105546875000000000e+06
7.643303125000000000e+05
7.029083593750000000e+04
5.074882812500000000e+05
1.004630468750000000e+05
3.058458984375000000e+04
5.697498750000000000e+05
4.680394400000000000e+07
4.835688281250000000e+04
9.413757812500000000e+04
9.096676562500000000e+04
3.833493437500000000e+05
2.655304492187500000e+04
2.715089375000000000e+05
3.600725750000000000e+06
3.180391250000000000e+06
5.897568750000000000e+04
5.684234375000000000e+05
1.348309179687500000e+04
6.021826171875000000e+03
4.625957500000000000e+05
1.344968652343750000e+04
1.376106500000000000e+06
4.638428125000000000e+05
1.794311132812500000e+04
7.102091250000000000e+05
5.649981445312500000e+03
4.621495971679687500e+02
4.227982500000000000e+05
5.692722656250000000e+03
1.356234472656250000e+04
3.278802343750000000e+04
2.534792633056640625e+02
5.869713125000000000e+05
6.677629687500000000e+04
9.648625781250000000e+04
2.043620937500000000e+05
3.907571411132812500e+02
4.519811035156250000e+03
1.431630000000000000e+05
7.883697753906250000e+03
3.037611250000000000e+06
7.273313500000000000e+06
6.157624511718750000e+03
9.408153125000000000e+05
4.830038085937500000e+03
1.899676562500000000e+04
2.993521600000000000e+07
2.526405468750000000e+04
2.858797851562500000e+04
3.674881640625000000e+04
1.501711406250000000e+05
6.285700390625000000e+04
1.314853300000000000e+07
3.260674750000000000e+06
1.022186880000000000e+08
8.511711718750000000e+04
2.379777750000000000e+06
2.015774531250000000e+05
1.551271900000000000e+07
2.444455424000000000e+09
8.076191200000000000e+07
2.544914500000000000e+06
2.707985664000000000e+09
1.091200390625000000e+05
3.265360107421875000e+03
4.705381250000000000e+04
6.422196484375000000e+04
7.321466796875000000e+03
3.299596875000000000e+04
1.410666992187500000e+04
1.137572656250000000e+04
1.411275195312500000e+04
3.380303750000000000e+05
3.906803437500000000e+05
1.895113125000000000e+05
3.186451953125000000e+04
1.632375468750000000e+05
6.867339843750000000e+04
2.138108906250000000e+05
1.675898437500000000e+04
1.089834921875000000e+05
3.424098828125000000e+04
8.842482031250000000e+04
6.647315625000000000e+04
4.098465625000000000e+04
1.491914687500000000e+05
2.336613281250000000e+04
4.211117968750000000e+04
2.612097460937500000e+04
6.485746500000000000e+06
3.397801562500000000e+04
9.448448437500000000e+04
8.290203125000000000e+05
5.490262500000000000e+05
5.424700000000000000e+05
5.422983500000000000e+06
1.809720875000000000e+06
1.758161500000000000e+06
8.966405000000000000e+05
1.837723875000000000e+06
3.910706250000000000e+05
1.223224875000000000e+06
1.906829843750000000e+05
1.459731500000000000e+06
1.253092968750000000e+05
4.784612000000000000e+06
2.476260500000000000e+06
3.238878250000000000e+06
7.537934375000000000e+04
6.237793125000000000e+05
3.832605312500000000e+05
4.840298125000000000e+05
2.574030720000000000e+08
1.839586400000000000e+07
1.591600156250000000e+05
1.091467200000000000e+08
1.072298046875000000e+05
5.184575390625000000e+04
2.907580006400000000e+10
1.206819750000000000e+06
1.717823593750000000e+05
8.567580468750000000e+04
1.441387000000000000e+06
7.974425781250000000e+03
1.345350000000000000e+06
8.016888183593750000e+03
9.458156250000000000e+03
3.885046484375000000e+04
4.533433750000000000e+05
2.022539375000000000e+05
2.693980937500000000e+05
1.376031054687500000e+04
1.138225878906250000e+04
2.263697187500000000e+05
2.980572021484375000e+03
6.027578613281250000e+03
6.826221875000000000e+04
5.424700000000000000e+05
5.016100000000000000e+06
1.468211625000000000e+06
1.860713200000000000e+07
7.810733593750000000e+04
5.910079687500000000e+04
5.178413281250000000e+04
1.879059250000000000e+06
4.382604687500000000e+05
5.024534062500000000e+05
6.472912500000000000e+04
2.632689062500000000e+05
6.952274218750000000e+04
2.418574804687500000e+04
1.411093000000000000e+06
8.963531250000000000e+05
3.458202812500000000e+05
9.379469600000000000e+07
1.373412250000000000e+06
4.459756000000000000e+07
1.096203906250000000e+05
9.609578125000000000e+04
2.073460625000000000e+05
7.266321875000000000e+04
1.977098750000000000e+05
2.135484218750000000e+05
9.162853515625000000e+03
5.636075500000000000e+06
6.773131250000000000e+04
3.835285312500000000e+05
1.835826750000000000e+06
3.045170937500000000e+05
7.971888125000000000e+05
8.888878400000000000e+07
2.444489453125000000e+04
5.600588125000000000e+05
5.610085546875000000e+04
7.869794531250000000e+04
5.138561000000000000e+06
1.048965125000000000e+06
1.622074375000000000e+05
4.932509765625000000e+04
9.587704375000000000e+05
7.501717968750000000e+04
5.918461328125000000e+04
6.106715500000000000e+06
1.475109179687500000e+04
9.197580468750000000e+04
4.292485546875000000e+04
2.094133007812500000e+04
4.504361562500000000e+05
9.524352343750000000e+04
1.105126171875000000e+05
5.333256640625000000e+04
1.275571800000000000e+07
1.199747558593750000e+03
1.629961093750000000e+05
4.441372656250000000e+04
5.757427246093750000e+03
8.242938500000000000e+06
1.243502500000000000e+05
1.328945703125000000e+04
1.759339218750000000e+05
3.908965000000000000e+05
7.116470500000000000e+06
1.066622100000000000e+07
2.224516406250000000e+05
2.636234250000000000e+06
3.747745625000000000e+05
2.214493554687500000e+04
7.273313500000000000e+06
5.661430078125000000e+04
6.430482031250000000e+04
8.917780800000000000e+07
3.096202750000000000e+06
2.376587109375000000e+04
9.201866880000000000e+08
3.289646875000000000e+05
5.621532500000000000e+05
2.853198400000000000e+07
9.298645312500000000e+04
3.071314453125000000e+04
1.291511406250000000e+05
2.011669200000000000e+07
1.096081750000000000e+06
6.043949609375000000e+04
5.171213500000000000e+06
7.034508125000000000e+05
2.613808750000000000e+05
1.017186560000000000e+08
1.365532000000000000e+07
2.327814687500000000e+05
1.341872080000000000e+08
2.968780000000000000e+05
6.138192968750000000e+04
5.868176588800000000e+10
4.890071000000000000e+06
2.870412812500000000e+05
3.057721000000000000e+06
7.309407200000000000e+07
1.539404062500000000e+05
2.852299062500000000e+05
1.770078125000000000e+05
1.477107375000000000e+06
8.798523125000000000e+05
2.411940800000000000e+07
3.906605937500000000e+05
8.821081875000000000e+05
3.855466250000000000e+05
5.752873125000000000e+05
3.018728437500000000e+05
5.024534062500000000e+05
1.038301093750000000e+05
1.119091000000000000e+06
5.001748750000000000e+05
1.770878400000000000e+07
6.230570000000000000e+05
4.618331562500000000e+05
6.336094531250000000e+04
5.069746400000000000e+07
1.497386625000000000e+06
3.520194000000000000e+07
3.855723437500000000e+05
1.546437656250000000e+05
5.110517187500000000e+05
3.807710546875000000e+04
3.667788750000000000e+05
2.381097812500000000e+05
7.320960156250000000e+04
1.303663400000000000e+07
3.761610250000000000e+06
3.093303600000000000e+07
6.787444375000000000e+05
2.472189218750000000e+05
5.854981875000000000e+05
9.740630400000000000e+07
3.236166992187500000e+04
3.503929375000000000e+05
3.794581562500000000e+05
6.222369375000000000e+05
1.318437840000000000e+08
6.905023750000000000e+05
4.856064375000000000e+05
1.219473250000000000e+06
1.738319875000000000e+06
7.544719238281250000e+03
7.288225781250000000e+04
5.142708500000000000e+06
3.173127148437500000e+04
1.160905371093750000e+04
5.746452734375000000e+04
6.603060625000000000e+05
1.441606718750000000e+05
5.016100000000000000e+06
1.615793652343750000e+04
2.016224375000000000e+05
6.876824375000000000e+05
1.287568847656250000e+04
3.254814062500000000e+05
4.680197265625000000e+04
1.360463085937500000e+04
1.618756406250000000e+05
4.277913500000000000e+06
1.532360058593750000e+04
3.718250781250000000e+04
3.180292187500000000e+04
6.021001875000000000e+05
1.445194062500000000e+05
5.590382812500000000e+04
8.855020507812500000e+03
1.719040625000000000e+04
8.969850781250000000e+04
4.034730859375000000e+04
4.707547812500000000e+05
1.566519531250000000e+05
1.524533398437500000e+04
2.429858437500000000e+05
1.304545234375000000e+05
2.345139062500000000e+05
5.016100000000000000e+06
1.468211625000000000e+06
1.860713200000000000e+07
7.601716406250000000e+04
1.705456875000000000e+05
1.305585703125000000e+05
1.586589000000000000e+06
2.703653125000000000e+05
5.024534062500000000e+05
1.332804843750000000e+05
1.011577500000000000e+06
5.171725000000000000e+05
3.009770937500000000e+05
1.047055187500000000e+06
7.131405000000000000e+05
2.202465312500000000e+05
9.379469600000000000e+07
1.373412250000000000e+06
4.459756000000000000e+07
7.333196875000000000e+04
6.412201953125000000e+04
5.898258750000000000e+05
7.794867968750000000e+04
1.687693125000000000e+05
3.094317500000000000e+05
8.002629687500000000e+04
2.915433600000000000e+07
6.447086875000000000e+05
6.295344000000000000e+06
1.189731125000000000e+06
5.220774062500000000e+05
4.628644687500000000e+05
8.888878400000000000e+07
2.457697070312500000e+04
5.415535625000000000e+05
2.951086875000000000e+05
2.266607031250000000e+05
4.391049200000000000e+07
5.116339687500000000e+05
2.571916250000000000e+05
8.552980000000000000e+05
2.659354736328125000e+03
3.882983203125000000e+04
1.984018125000000000e+06
3.311516562500000000e+05
4.625042500000000000e+06
6.324303906250000000e+04
5.831517187500000000e+04
3.972874375000000000e+05
2.769950000000000000e+05
4.185908203125000000e+04
9.505489257812500000e+03
3.433896484375000000e+04
6.595621250000000000e+05
2.007077187500000000e+05
4.009766015625000000e+04
1.066753417968750000e+04
2.316574609375000000e+04
1.028890234375000000e+04
3.091368125000000000e+05
4.447684800000000000e+07
1.860713200000000000e+07
1.921269600000000000e+07
1.799908750000000000e+05
1.874670400000000000e+07
1.402628600000000000e+07
1.109240078125000000e+05
7.273313500000000000e+06
6.881192187500000000e+04
9.043652343750000000e+04
4.473032704000000000e+09
8.587379200000000000e+08
7.806030625000000000e+05
1.219212160000000000e+09
4.988590937500000000e+05
2.563001250000000000e+05
5.634243840000000000e+08
1.337587500000000000e+05
2.236573437500000000e+05
5.111438125000000000e+05
7.200489472000000000e+10
2.401926250000000000e+06
1.776216375000000000e+06
5.940342500000000000e+06
1.940710375000000000e+06
4.839163600000000000e+07
7.811292000000000000e+07
9.614610000000000000e+06
1.304087500000000000e+05
1.721043520000000000e+08
7.076083125000000000e+05
9.648625781250000000e+04
1.439422361600000000e+10
2.110587000000000000e+06
6.542391250000000000e+05
9.374956000000000000e+06
8.800934400000000000e+07
2.803357031250000000e+04
3.230467200000000000e+08
1.382166718750000000e+05
2.058528250000000000e+06
8.683144000000000000e+06
3.800450781250000000e+04
5.926504687500000000e+04
4.880043750000000000e+04
2.380075781250000000e+04
1.528948000000000000e+08
2.684901200000000000e+07
3.199222812500000000e+05
1.022186880000000000e+08
7.193378125000000000e+05
6.548439843750000000e+04
7.200489472000000000e+10
2.865076250000000000e+06
3.303838750000000000e+05
1.230720750000000000e+06
1.623314500000000000e+07
2.839966800000000000e+07
1.860713200000000000e+07
2.172583125000000000e+05
9.259552000000000000e+06
4.099521093750000000e+04
6.411896093750000000e+04
2.313243136000000000e+09
1.038808812500000000e+06
4.780299375000000000e+05
2.712028125000000000e+05
9.599987000000000000e+06
8.063727500000000000e+05
6.525867462158203125e+01
4.754027099609375000e+02
1.006920000000000000e+05
7.310497558593750000e+03
3.072102539062500000e+04
1.347303906250000000e+04
3.310494873046875000e+03
2.770553125000000000e+04
4.978410625000000000e+05
1.468211625000000000e+06
1.523436875000000000e+05
4.400089843750000000e+04
2.790942187500000000e+04
5.797710937500000000e+03
3.725299062500000000e+05
9.648625781250000000e+04
4.018509765625000000e+04
8.165404687500000000e+04
1.722900976562500000e+04
4.790660156250000000e+03
7.338460000000000000e+05
1.482545156250000000e+05
4.431218750000000000e+04
2.285908203125000000e+04
2.796266250000000000e+05
2.854248242187500000e+04
2.481130078125000000e+04
1.368551875000000000e+05
9.898921875000000000e+03
1.003676171875000000e+04
2.444617812500000000e+05
7.266439843750000000e+04
9.199211914062500000e+03
1.610582656250000000e+05
8.832056250000000000e+04
2.047644140625000000e+04
1.892180156250000000e+05
8.560915625000000000e+04
7.664158593750000000e+04
8.220949218750000000e+03
2.355415937500000000e+05
1.202411328125000000e+05
1.158926250000000000e+05
4.002110000000000000e+05
1.678665468750000000e+05
4.248450312500000000e+05
5.876414062500000000e+04
5.016100000000000000e+06
3.772350000000000000e+04
1.395889062500000000e+05
5.269344375000000000e+05
1.692972500000000000e+05
1.400238281250000000e+05
9.691296093750000000e+04
4.382454687500000000e+05
4.810804062500000000e+05
1.150231953125000000e+05
9.213735156250000000e+04
1.961233906250000000e+05
1.468211625000000000e+06
8.229306250000000000e+04
1.150838750000000000e+05
2.042032968750000000e+05
8.967336718750000000e+04
9.677462500000000000e+05
4.428066562500000000e+05
2.176957617187500000e+04
4.226044531250000000e+04
1.308519625000000000e+06
1.972499531250000000e+05
4.226044531250000000e+04
2.358631445312500000e+04
9.148023125000000000e+05
3.142954492187500000e+04
1.432536718750000000e+05
3.382429062500000000e+05
1.103101500000000000e+06
3.658028750000000000e+05
2.499802031250000000e+05
1.729140000000000000e+07
1.681790400000000000e+07
1.457396093750000000e+05
7.273313500000000000e+06
1.107799062500000000e+05
6.329952343750000000e+04
1.031439168000000000e+09
3.989196562500000000e+05
1.123511500000000000e+06
1.266399531250000000e+05
6.245901000000000000e+06
4.529244000000000000e+07
1.860713200000000000e+07
1.697460468750000000e+05
1.916292400000000000e+07
9.074582031250000000e+04
6.355963281250000000e+04
4.554570240000000000e+09
6.825716875000000000e+05
4.460587500000000000e+05
1.092141640625000000e+05
1.904328500000000000e+06
1.522765600000000000e+07
1.237764770507812500e+03
1.326792144775390625e+02
8.412431640625000000e+02
9.695937500000000000e+03
1.795672241210937500e+03
1.531133422851562500e+03
1.136947250000000000e+06
6.753803750000000000e+05
7.161060156250000000e+04
1.136947250000000000e+06
7.693758300781250000e+03
2.241058349609375000e+02
2.067362403869628906e+01
7.951588000000000000e+07
3.433058125000000000e+05
8.873294400000000000e+07
5.598417968750000000e+04
5.660158000000000000e+06
5.793589062500000000e+04
1.653870125000000000e+06
2.944170496000000000e+09
2.856376000000000000e+06
1.109039062500000000e+05
1.252289300000000000e+07
1.145401328125000000e+05
3.060267968750000000e+04
4.603086328125000000e+04
4.504540039062500000e+03
9.192870000000000000e+05
1.395573593750000000e+05
1.778708437500000000e+05
2.099697500000000000e+05
1.416119506835937500e+03
2.483963378906250000e+03
3.626315002441406250e+02
8.626456250000000000e+04
2.866701757812500000e+04
1.607493750000000000e+05
7.992385937500000000e+04
5.016100000000000000e+06
1.468211625000000000e+06
3.557170898437500000e+03
2.211727031250000000e+05
1.058356875000000000e+05
4.878256640625000000e+04
1.515977187500000000e+05
5.024534062500000000e+05
6.325850097656250000e+03
5.605178125000000000e+05
1.561311250000000000e+05
5.416227343750000000e+04
3.205477812500000000e+05
9.379469600000000000e+07
1.068695410156250000e+04
1.761528320312500000e+04
3.454823750000000000e+05
8.873705468750000000e+04
9.406114257812500000e+03
4.544436328125000000e+04
1.518925000000000000e+07
1.514931750000000000e+06
2.526381250000000000e+04
2.832013437500000000e+05
1.407562250000000000e+06
1.450152221679687500e+03
1.415105590820312500e+03
3.842680859375000000e+04
6.464670312500000000e+04
2.206467285156250000e+03
1.316038671875000000e+04
3.368815000000000000e+05
1.025630566406250000e+04
1.325186523437500000e+04
6.738336425781250000e+03
9.813125000000000000e+03
3.356273125000000000e+05
1.415582128906250000e+04
3.054883544921875000e+03
7.273313500000000000e+06
3.691362500000000000e+04
1.380882031250000000e+05
6.638104687500000000e+04
5.424700000000000000e+05
5.489408750000000000e+05
1.003577062500000000e+06
7.654998437500000000e+04
3.234322250000000000e+06
6.865152343750000000e+04
2.144828125000000000e+05
1.627164550781250000e+04
1.507193375000000000e+06
2.253458789062500000e+04
8.420811250000000000e+05
8.239208593750000000e+04
6.208698242187500000e+03
2.896315625000000000e+05
6.463363281250000000e+04
2.544990039062500000e+04
1.218260449218750000e+04
1.805255156250000000e+05
5.424700000000000000e+05
1.468211625000000000e+06
2.975418125000000000e+05
7.336952343750000000e+04
2.858813125000000000e+05
3.722043359375000000e+04
4.382604687500000000e+05
4.776858437500000000e+05
1.093645625000000000e+05
1.646322500000000000e+05
7.347876562500000000e+04
2.598159375000000000e+04
8.963531250000000000e+05
1.397178281250000000e+05
1.303003437500000000e+05
7.742635156250000000e+04
1.166884250000000000e+06
2.291836406250000000e+05
2.858813125000000000e+05
2.327923281250000000e+05
2.410931445312500000e+04
3.534792968750000000e+04
1.376841625000000000e+06
2.534915000000000000e+05
7.347876562500000000e+04
4.567225625000000000e+05
9.693809375000000000e+04
1.303003437500000000e+05
1.166884250000000000e+06
2.587437343750000000e+05
1.178688828125000000e+05
2.410931445312500000e+04
1.376841625000000000e+06
4.567225625000000000e+05
2.587437343750000000e+05
1.860713200000000000e+07
8.041018750000000000e+04
8.219023437500000000e+04
1.326065000000000000e+05
3.948671875000000000e+04
4.173375750000000000e+06
2.775802187500000000e+05
2.943119921875000000e+04
1.011810156250000000e+05
1.625713750000000000e+05
2.288277148437500000e+04
1.274054218750000000e+05
1.280554500000000000e+07
4.227624218750000000e+04
3.697504062500000000e+05
4.917335000000000000e+06
1.948841674804687500e+03
1.820647094726562500e+03
5.150093750000000000e+04
3.475074000000000000e+06
6.407921142578125000e+02
1.319818725585937500e+03
1.463772851562500000e+04
3.682895625000000000e+05
6.709128750000000000e+05
6.070245312500000000e+04
3.682895625000000000e+05
4.152540937500000000e+05
4.493572998046875000e+01
2.804405403137207031e+01
4.977154159545898438e+01
8.546069531250000000e+04
1.341244531250000000e+05
4.001460937500000000e+04
3.784958984375000000e+04
5.899793945312500000e+03
1.864059960937500000e+04
1.012382080078125000e+03
6.341571093750000000e+04
1.006961406250000000e+05
7.862933593750000000e+03
3.697289550781250000e+03
1.890438867187500000e+04
2.579135200000000000e+07
1.610816800000000000e+07
1.632717968750000000e+05
1.266224700000000000e+07
2.837948125000000000e+05
2.898177343750000000e+04
2.537830400000000000e+09
1.567149375000000000e+06
5.958970625000000000e+05
9.622026250000000000e+05
4.264548000000000000e+07
7.285751562500000000e+04
1.554048144531250000e+04
6.243336328125000000e+04
1.153257714843750000e+04
2.080764218750000000e+05
1.860713200000000000e+07
5.781744140625000000e+04
3.278802343750000000e+04
1.306516418457031250e+02
1.551097167968750000e+04
3.269219000000000000e+06
7.085073730468750000e+03
2.138082656250000000e+05
2.109343261718750000e+03
6.526182421875000000e+04
5.424700000000000000e+05
1.472679531250000000e+05
1.299265859375000000e+05
2.404740234375000000e+04
1.157992734375000000e+05
9.648625781250000000e+04
2.260232812500000000e+05
2.641740234375000000e+04
8.073537500000000000e+04
4.760739062500000000e+04
5.622281250000000000e+04
1.115086250000000000e+05
4.601089453125000000e+04
6.621696875000000000e+04
5.647371484375000000e+04
4.885058593750000000e+04
2.827347851562500000e+04
2.842094238281250000e+03
1.001119453125000000e+05
4.625042500000000000e+06
6.744338281250000000e+04
8.997557373046875000e+02
1.752699584960937500e+03
2.450028125000000000e+05
1.091619262695312500e+03
3.241540160000000000e+08
4.649766250000000000e+05
1.246251300000000000e+07
2.957158080000000000e+08
3.570766500000000000e+06
1.345729062500000000e+05
6.890262500000000000e+05
4.624801875000000000e+05
1.375749062500000000e+05
3.360074707031250000e+03
1.189725000000000000e+04
1.423744042968750000e+04
3.945201171875000000e+04
2.284125760000000000e+08
8.536291250000000000e+05
8.547210937500000000e+04
8.912873125000000000e+05
4.372164062500000000e+05
5.131433715820312500e+02
4.897581760000000000e+08
8.434274375000000000e+05
1.893020898437500000e+04
6.989353027343750000e+03
8.706199375000000000e+05
1.322204300000000000e+07
2.333692800000000000e+07
3.677073437500000000e+05
7.297178500000000000e+06
3.326263281250000000e+04
9.683470312500000000e+04
1.923457024000000000e+09
1.426606375000000000e+06
1.053155000000000000e+06
9.553850000000000000e+05
1.636420900000000000e+07
1.094310156250000000e+05
1.349779062500000000e+05
2.821944062500000000e+05
1.165891894531250000e+04
4.395656250000000000e+04
1.479533300781250000e+04
8.754007812500000000e+03
3.955531640625000000e+04
4.711223046875000000e+04
2.690292358398437500e+02
2.347227148437500000e+04
1.564149062500000000e+05
6.836199218750000000e+03
5.532232421875000000e+03
3.380441015625000000e+04
2.241030078125000000e+04
8.478828125000000000e+03
1.113784082031250000e+04
6.176066894531250000e+02
8.325293579101562500e+02
2.558481445312500000e+03
7.616182617187500000e+03
2.153222070312500000e+04
1.984564257812500000e+04
6.143763427734375000e+02
1.297408300781250000e+04
5.424700000000000000e+05
1.064980625000000000e+05
2.861876250000000000e+05
1.371662500000000000e+04
4.902742187500000000e+05
4.921504687500000000e+04
1.168801484375000000e+05
2.160186279296875000e+03
2.355961875000000000e+05
2.226959765625000000e+04
1.751967187500000000e+05
2.865758789062500000e+04
3.052855957031250000e+03
5.148699218750000000e+04
5.372026855468750000e+03
3.408167578125000000e+04
4.665345703125000000e+03
1.860713200000000000e+07
9.123793750000000000e+04
4.028813281250000000e+04
9.423418750000000000e+05
3.155380800000000000e+08
1.262460200000000000e+07
7.116470500000000000e+06
8.253231250000000000e+04
5.906788480000000000e+08
1.875537120000000000e+08
4.568733125000000000e+05
6.504205500000000000e+06
3.913647656250000000e+04
2.686590039062500000e+04
3.684256972800000000e+10
2.892440985600000000e+10
5.213989000000000000e+06
7.242231040000000000e+08
2.070931093750000000e+05
1.229040859375000000e+05
8.318368768000000000e+09
4.905417187500000000e+05
1.098747375000000000e+06
1.544306718750000000e+05
7.200489472000000000e+10
9.752821000000000000e+06
1.281954800000000000e+07
1.349557125000000000e+06
8.313754500000000000e+06
3.504619520000000000e+08
2.064093125000000000e+05
4.556419921875000000e+03
6.241633593750000000e+04
2.499033984375000000e+04
1.767328593750000000e+05
2.794343750000000000e+05
1.284727929687500000e+04
1.369562000000000000e+07
1.061745703125000000e+05
4.009318750000000000e+05
8.133338125000000000e+05
3.358419531250000000e+04
5.072158437500000000e+05
2.958263671875000000e+03
5.109381640625000000e+04
7.818144000000000000e+06
2.879633920000000000e+08
1.860713200000000000e+07
1.809720875000000000e+06
8.469890000000000000e+06
5.343012500000000000e+05
8.221760156250000000e+04
1.022186880000000000e+08
5.278314000000000000e+06
4.527376875000000000e+05
7.724036096000000000e+09
5.644703500000000000e+06
7.818144000000000000e+06
3.142992076800000000e+10
2.879633920000000000e+08
1.860713200000000000e+07
2.752875520000000000e+08
8.469890000000000000e+06
5.343012500000000000e+05
1.022186880000000000e+08
7.200489472000000000e+10
7.724036096000000000e+09
5.644703500000000000e+06
3.142992076800000000e+10
2.752875520000000000e+08
7.200489472000000000e+10
5.879307031250000000e+04
2.227507343750000000e+05
2.124015380859375000e+03
1.138333398437500000e+04
1.619653437500000000e+05
9.110682400000000000e+07
1.424543750000000000e+05
1.052608359375000000e+05
4.952356562500000000e+05
1.731893200000000000e+07
1.066622100000000000e+07
3.468849218750000000e+04
6.164256000000000000e+06
8.796173828125000000e+03
3.258946484375000000e+04
1.147123328000000000e+09
1.604156250000000000e+04
4.060079296875000000e+04
8.599331054687500000e+03
2.710286914062500000e+04
5.785880625000000000e+05
1.378308593750000000e+05
3.440304687500000000e+05
1.183685937500000000e+05
6.022216796875000000e+03
1.420605957031250000e+03
5.424397460937500000e+03
2.671275781250000000e+04
1.349779062500000000e+05
2.918539453125000000e+04
3.229642968750000000e+04
1.376370250000000000e+06
1.896891796875000000e+04
2.156932343750000000e+05
2.503413476562500000e+04
1.971522705078125000e+03
8.069566875000000000e+05
3.299654062500000000e+05
4.205738500000000000e+06
5.917183750000000000e+05
1.066622100000000000e+07
1.787237250000000000e+06
1.108197500000000000e+06
1.973173875000000000e+06
1.670318500000000000e+06
4.042271250000000000e+05
6.575016250000000000e+05
3.014438750000000000e+05
1.020233125000000000e+06
1.063151375000000000e+06
6.141940625000000000e+05
8.658711875000000000e+05
4.557335937500000000e+05
1.558895156250000000e+05
1.325608300000000000e+07
5.466297500000000000e+05
1.735560400000000000e+07
3.465060250000000000e+06
6.526574375000000000e+05
9.795647500000000000e+05
3.040987500000000000e+04
1.371285500000000000e+06
5.072560000000000000e+05
9.136035156250000000e+04
1.611013600000000000e+07
3.289364062500000000e+05
5.114507000000000000e+06
1.055262250000000000e+06
1.890439687500000000e+05
3.120854062500000000e+05
3.513231200000000000e+07
9.194064062500000000e+04
1.595176375000000000e+06
1.422118125000000000e+05
2.890567500000000000e+05
2.385414800000000000e+07
6.605271250000000000e+05
8.216922500000000000e+05
1.869314800000000000e+07
4.736832320000000000e+08
2.119939000000000000e+06
4.362559687500000000e+05
1.165760880000000000e+08
1.530125375000000000e+06
1.441847500000000000e+05
3.391862500000000000e+06
4.128292812500000000e+05
7.167822753906250000e+03
8.990442496000000000e+09
6.436829440000000000e+08
1.120484500000000000e+06
9.076085120000000000e+08
8.746333000000000000e+06
2.068858593750000000e+05
5.860095360000000000e+08
5.172520500000000000e+06
7.782032812500000000e+04
2.010441250000000000e+05
7.200489472000000000e+10
9.181175200000000000e+07
2.289048400000000000e+07
1.801162000000000000e+07
7.913070500000000000e+06
2.050354304000000000e+09
1.091256875000000000e+06
6.753283203125000000e+03
3.177033203125000000e+04
2.457350000000000000e+04
2.494098388671875000e+03
1.636237656250000000e+05
7.798032226562500000e+02
4.464564453125000000e+04
4.280516662597656250e+02
7.644703125000000000e+05
3.826126750000000000e+06
1.022186880000000000e+08
2.839778906250000000e+04
4.135740625000000000e+05
9.648625781250000000e+04
7.618720000000000000e+05
1.381610720000000000e+08
2.144660000000000000e+07
1.860389218750000000e+05
5.540461600000000000e+07
2.835588400000000000e+07
2.983368750000000000e+05
4.484578125000000000e+04
1.506788000000000000e+06
1.256486640000000000e+08
1.066622100000000000e+07
1.283350234375000000e+05
1.022186880000000000e+08
3.642374500000000000e+06
8.837423437500000000e+04
1.733822464000000000e+10
9.468655000000000000e+06
6.812775000000000000e+05
2.018668400000000000e+07
2.979680960000000000e+08
6.898729687500000000e+04
1.377284960937500000e+04
2.708325781250000000e+04
1.022414355468750000e+04
2.419785156250000000e+05
1.380141015625000000e+04
1.620645468750000000e+05
3.858199062500000000e+05
6.697235156250000000e+04
2.097277812500000000e+05
1.621916625976562500e+03
2.772985351562500000e+04
4.483293125000000000e+05
1.723149218750000000e+04
2.377929843750000000e+05
3.154613281250000000e+03
2.216132324218750000e+03
7.861358398437500000e+03
2.482457763671875000e+03
6.608857031250000000e+04
1.893517812500000000e+05
1.809720875000000000e+06
1.298704394531250000e+04
1.893517812500000000e+05
1.609055000000000000e+05
4.183401367187500000e+03
8.296602343750000000e+04
1.057882656250000000e+05
5.424700000000000000e+05
1.221838359375000000e+05
0.000000000000000000e+00
8.863133593750000000e+04
0.000000000000000000e+00
0.000000000000000000e+00
3.279206752777099609e-01
1.066622100000000000e+07
1.365270625000000000e+05
9.648625781250000000e+04
7.176953125000000000e+05
1.982387031250000000e+05
1.936043906250000000e+05
1.835468000000000000e+07
1.649214375000000000e+06
3.294157421875000000e+04
1.710316406250000000e+03
4.690013125000000000e+05
3.011406750000000000e+06
1.936043906250000000e+05
1.835468000000000000e+07
3.294157421875000000e+04
3.011406750000000000e+06
3.043151953125000000e+04
1.712955125000000000e+06
2.082825585937500000e+04
5.153896875000000000e+04
2.326355500000000000e+06
1.768747070312500000e+04
4.371751250000000000e+05
4.280887500000000000e+04
1.181281152343750000e+04
2.216069531250000000e+04
2.761786523437500000e+04
2.458388281250000000e+05
2.483421875000000000e+04
1.532358750000000000e+05
3.332254375000000000e+05
3.616108984375000000e+04
2.041895117187500000e+04
3.699063500000000000e+06
1.479203593750000000e+05
1.858760625000000000e+06
1.066361600000000000e+07
1.843003750000000000e+05
6.239585937500000000e+04
3.861674375000000000e+05
1.921269600000000000e+07
1.860713200000000000e+07
7.011601562500000000e+04
7.273313500000000000e+06
2.509913671875000000e+04
5.895566796875000000e+04
1.219212160000000000e+09
8.361339843750000000e+04
2.434887656250000000e+05
3.114916406250000000e+04
3.660317812500000000e+05
1.243660375000000000e+06
4.625042500000000000e+06
1.133879687500000000e+05
5.211817187500000000e+04
2.450886400000000000e+07
2.258573593750000000e+05
6.635945312500000000e+04
3.169480312500000000e+05
5.591513281250000000e+04
4.370474500000000000e+06
7.805438281250000000e+04
1.729306718750000000e+05
2.879633920000000000e+08
1.739995200000000000e+07
2.284792187500000000e+04
9.660976800000000000e+07
4.895323437500000000e+04
1.525541406250000000e+04
3.065001164800000000e+10
3.225742187500000000e+05
1.008301015625000000e+05
2.226558398437500000e+04
1.458726750000000000e+06
1.055385546875000000e+05
2.204911562500000000e+05
3.040381445312500000e+04
7.116470500000000000e+06
2.780828437500000000e+05
3.101958437500000000e+05
5.476473500000000000e+06
9.697175781250000000e+04
9.016978515625000000e+03
2.884660625000000000e+05
3.873311718750000000e+04
1.369117031250000000e+05
1.626359250000000000e+06
4.195075937500000000e+05
1.826792812500000000e+05
8.766786875000000000e+05
7.622485000000000000e+05
1.632583398437500000e+04
2.943337812500000000e+05
2.472192000000000000e+07
2.387460000000000000e+05
1.295363625000000000e+06
2.387618000000000000e+06
5.881112304687500000e+03
6.618217187500000000e+04
2.666358593750000000e+04
1.846843750000000000e+04
1.939050156250000000e+05
1.871816250000000000e+05
1.311894433593750000e+04
4.927714062500000000e+04
5.108927917480468750e+02
1.430666250000000000e+05
2.770008984375000000e+04
1.643142100000000000e+07
1.862055600000000000e+07
1.790634375000000000e+05
2.928813000000000000e+06
8.233112500000000000e+04
1.800638281250000000e+05
1.126946048000000000e+09
3.116206750000000000e+06
3.103945500000000000e+06
5.116397812500000000e+05
1.351795680000000000e+08
5.207941406250000000e+04
2.388842285156250000e+03
1.432651758193969727e+00
2.645939250000000000e+06
6.963383125000000000e+05
8.459634765625000000e+03
5.058888437500000000e+05
3.947353906250000000e+04
1.552300659179687500e+03
1.579673437500000000e+05
3.379981201171875000e+03
5.237270937500000000e+05
3.759527734375000000e+04
4.370474500000000000e+06
4.686990625000000000e+05
2.304879492187500000e+04
7.309605625000000000e+05
6.622440000000000000e+05
1.298018750000000000e+05
8.486107031250000000e+04
5.024534062500000000e+05
1.288461914062500000e+04
9.823938125000000000e+05
4.024745937500000000e+05
3.951497656250000000e+04
7.639544531250000000e+04
4.926219200000000000e+07
4.442838671875000000e+04
3.339826953125000000e+04
3.406237812500000000e+05
4.932994140625000000e+04
2.482988476562500000e+04
1.862178320312500000e+04
1.218610800000000000e+07
5.912620000000000000e+05
4.029439453125000000e+04
1.222503828125000000e+05
1.814542968750000000e+05
1.620577929687500000e+04
8.796876562500000000e+04
3.299654062500000000e+05
3.787878437500000000e+05
6.950271875000000000e+04
1.374085156250000000e+05
2.170781250000000000e+04
1.903595625000000000e+05
4.920092578125000000e+04
6.205146484375000000e+03
1.223203593750000000e+05
9.184080625000000000e+05
3.545239990234375000e+03
4.862775000000000000e+04
4.128621875000000000e+04
1.720351171875000000e+04
2.703653125000000000e+05
4.527376875000000000e+05
1.647502929687500000e+03
1.722900976562500000e+04
9.855765625000000000e+03
2.524650146484375000e+03
3.558317500000000000e+05
4.323917968750000000e+03
9.011441040039062500e+02
7.964954223632812500e+02
1.764618906250000000e+05
1.067520781250000000e+05
4.128621875000000000e+04
7.653941406250000000e+03
2.533126068115234375e+02
1.973182678222656250e+02
1.111016484375000000e+05
2.468135546875000000e+04
9.855765625000000000e+03
4.835837890625000000e+03
1.336615966796875000e+03
9.011441040039062500e+02
1.764618906250000000e+05
2.410312988281250000e+03
1.664529052734375000e+03
2.533126068115234375e+02
1.111016484375000000e+05
4.835837890625000000e+03
2.410312988281250000e+03
4.849474062500000000e+05
1.762173593750000000e+05
5.036019062500000000e+05
4.686990625000000000e+05
4.860210937500000000e+05
4.968011718750000000e+04
1.091057890625000000e+05
4.943164687500000000e+05
7.714618750000000000e+04
4.221580566406250000e+03
1.521479531250000000e+05
1.510292968750000000e+04
3.860985937500000000e+04
3.779593437500000000e+05
1.160101375000000000e+06
4.675722500000000000e+05
6.480892968750000000e+04
1.095648500000000000e+07
5.288500000000000000e+05
4.518288750000000000e+05
2.290053920000000000e+08
1.160101375000000000e+06
4.675722500000000000e+05
1.095648500000000000e+07
2.290053920000000000e+08
3.965555859375000000e+04
2.907967500000000000e+05
1.752135937500000000e+05
1.827655078125000000e+04
9.012185600000000000e+07
1.835237000000000000e+06
3.755922560000000000e+08
1.974407812500000000e+05
4.625042500000000000e+06
9.653604687500000000e+04
2.898199250000000000e+06
2.238499840000000000e+09
1.973550000000000000e+07
2.198568000000000000e+06
8.000405600000000000e+07
2.140249804687500000e+04
2.741304800000000000e+07
1.860713200000000000e+07
1.809720875000000000e+06
4.015090820312500000e+03
2.113697998046875000e+03
1.340369750976562500e+03
6.839588500000000000e+06
2.401352812500000000e+05
4.527376875000000000e+05
4.275520312500000000e+05
3.208398632812500000e+04
2.140249804687500000e+04
1.727553024000000000e+09
2.741304800000000000e+07
1.860713200000000000e+07
1.712795703125000000e+04
4.015090820312500000e+03
2.113697998046875000e+03
6.839588500000000000e+06
1.339182500000000000e+06
4.275520312500000000e+05
3.208398632812500000e+04
1.727553024000000000e+09
1.712795703125000000e+04
1.339182500000000000e+06
6.772247070312500000e+03
1.887824609375000000e+04
5.023760000000000000e+06
9.408153125000000000e+05
1.733818125000000000e+05
6.978114062500000000e+04
1.022186880000000000e+08
1.939015045166015625e+02
1.494612304687500000e+04
2.592499755859375000e+03
1.487904843750000000e+05
4.235049609375000000e+04
2.692523200000000000e+08
5.047379296875000000e+04
9.739104614257812500e+02
3.126254882812500000e+02
1.927177812500000000e+05
4.112468437500000000e+05
3.695244384765625000e+03
1.465246250000000000e+06
4.506976171875000000e+04
4.672285000000000000e+05
1.827193593750000000e+05
1.701200937500000000e+05
4.226914367675781250e+02
1.457604199218750000e+04
1.109942625000000000e+06
6.232182031250000000e+04
2.946612187500000000e+05
4.118440625000000000e+04
3.195392968750000000e+04
1.588405273437500000e+04
6.437782714843750000e+03
8.001050000000000000e+04
2.104651500000000000e+06
6.878359000000000000e+06
1.995423750000000000e+05
6.126192500000000000e+06
3.397801562500000000e+04
1.133984531250000000e+05
3.290471040000000000e+08
3.617284062500000000e+05
5.909970000000000000e+05
7.024914375000000000e+05
3.904654250000000000e+06
2.526685200000000000e+07
9.902271875000000000e+04
4.054859375000000000e+04
2.062556250000000000e+05
2.793608154296875000e+03
1.746861625000000000e+06
1.541674438476562500e+03
6.662446093750000000e+04
2.583659570312500000e+04
9.788866210937500000e+03
3.621772705078125000e+03
3.037902187500000000e+05
1.722103834152221680e+00
1.516757011413574219e+00
1.260330703125000000e+05
1.199574296875000000e+05
2.235093593750000000e+05
1.974677343750000000e+05
3.049421289062500000e+04
4.435758750000000000e+05
1.087035625000000000e+06
3.422835937500000000e+05
3.977666748046875000e+03
6.750670312500000000e+04
4.616138750000000000e+05
1.317104687500000000e+04
1.604857128906250000e+04
1.087035625000000000e+06
1.546955444335937500e+03
6.609892578125000000e+02
4.616138750000000000e+05
1.604857128906250000e+04
6.609892578125000000e+02
1.252302000000000000e+08
1.096258900000000000e+07
7.116470500000000000e+06
1.365270625000000000e+05
1.133652480000000000e+08
7.455449600000000000e+07
3.819892500000000000e+06
7.025671000000000000e+06
9.652767187500000000e+04
3.397801562500000000e+04
1.801024102400000000e+10
2.557716275200000000e+10
9.228344000000000000e+06
8.928865280000000000e+08
7.424169375000000000e+05
8.430606875000000000e+05
3.613642752000000000e+09
2.227203200000000000e+07
3.023204250000000000e+06
9.109204375000000000e+05
7.200489472000000000e+10
3.169724800000000000e+08
4.880758720000000000e+08
1.239923200000000000e+07
2.328953760000000000e+08
1.162116812800000000e+10
1.744065250000000000e+06
7.273313500000000000e+06
2.843830468750000000e+04
2.069954125000000000e+06
1.341064453125000000e+04
8.299705468750000000e+04
1.863061760000000000e+08
1.230800097656250000e+04
3.381108593750000000e+04
3.954883203125000000e+04
1.526815625000000000e+05
6.142187109375000000e+04
5.096762109375000000e+04
2.234975750000000000e+06
4.279673437500000000e+05
1.670299218750000000e+05
2.468344531250000000e+05
4.860841562500000000e+05
4.371751250000000000e+05
1.287509625000000000e+06
5.024534062500000000e+05
1.006603906250000000e+04
2.522156093750000000e+05
3.187476875000000000e+05
2.161868554687500000e+04
1.783289218750000000e+05
2.590771200000000000e+07
1.427392812500000000e+05
1.110104750000000000e+06
5.999198750000000000e+05
5.784859375000000000e+05
1.016937011718750000e+04
1.562482187500000000e+05
1.521285000000000000e+07
3.168699000000000000e+06
9.878107500000000000e+05
1.770113250000000000e+06
1.652486200000000000e+07
7.116470500000000000e+06
1.045506900000000000e+07
2.203137656250000000e+05
8.929418000000000000e+06
6.025787000000000000e+06
2.308390429687500000e+04
6.282054000000000000e+06
5.591795703125000000e+04
5.977101953125000000e+04
5.119569280000000000e+08
2.099032160000000000e+08
2.359960000000000000e+05
8.789145600000000000e+08
3.245134687500000000e+05
5.451709375000000000e+05
2.619062880000000000e+08
9.159852343750000000e+04
9.471671093750000000e+04
1.158322968750000000e+05
6.865731200000000000e+08
6.550331500000000000e+06
7.613700625000000000e+05
5.288688500000000000e+06
1.196499000000000000e+06
1.705600125000000000e+06
4.401019500000000000e+06
8.487119200000000000e+07
9.178823000000000000e+06
5.370373750000000000e+05
4.567242000000000000e+06
9.000116250000000000e+05
1.982767187500000000e+05
1.006270160000000000e+08
5.278314000000000000e+06
4.459911562500000000e+05
4.875123200000000000e+09
9.370649000000000000e+06
4.401019500000000000e+06
1.300875980800000000e+10
8.487119200000000000e+07
9.178823000000000000e+06
1.207254800000000000e+08
4.567242000000000000e+06
9.000116250000000000e+05
1.006270160000000000e+08
7.200489472000000000e+10
4.875123200000000000e+09
9.370649000000000000e+06
1.300875980800000000e+10
1.207254800000000000e+08
7.200489472000000000e+10
1.700704492187500000e+04
4.883846875000000000e+05
1.468973632812500000e+03
2.102332400000000000e+07
1.366278906250000000e+05
1.391645703125000000e+04
1.836637500000000000e+06
1.847390781250000000e+05
5.424700000000000000e+05
5.016100000000000000e+06
2.843255000000000000e+05
1.860713200000000000e+07
3.032778437500000000e+05
1.067974921875000000e+05
5.358051269531250000e+03
1.879059250000000000e+06
1.776475781250000000e+05
2.300053906250000000e+05
1.109424062500000000e+05
4.482353125000000000e+05
1.790280468750000000e+04
1.653844531250000000e+05
1.411093000000000000e+06
2.523515468750000000e+05
3.458202812500000000e+05
1.570701800000000000e+07
1.373412250000000000e+06
3.785444000000000000e+07
3.661138125000000000e+05
2.668734570312500000e+04
7.992145019531250000e+03
6.687603125000000000e+04
4.131077187500000000e+05
4.161293750000000000e+04
2.448630859375000000e+04
5.524575625000000000e+05
1.593083750000000000e+05
9.939493750000000000e+05
8.440880000000000000e+05
3.045170937500000000e+05
1.768615000000000000e+06
1.330129920000000000e+08
9.821625976562500000e+03
2.083625781250000000e+05
9.129825781250000000e+04
1.516372031250000000e+05
7.100837500000000000e+06
2.619791000000000000e+06
3.817172187500000000e+05
5.252433593750000000e+04
1.147304980468750000e+04
1.853200836181640625e+02
1.319078593750000000e+05
1.610556562500000000e+05
1.110976250000000000e+05
6.945773750000000000e+05
9.985629882812500000e+03
2.861781616210937500e+02
3.732640234375000000e+04
1.147259887695312500e+03
2.084850000000000000e+05
5.583208750000000000e+05
7.069412500000000000e+05
1.014848144531250000e+03
7.102368164062500000e+03
1.188242416381835938e+02
1.193481250000000000e+06
7.063390502929687500e+02
3.759696484375000000e+04
8.989659375000000000e+04
4.686990625000000000e+05
4.398461718750000000e+04
7.671764843750000000e+04
7.010164375000000000e+05
2.989280664062500000e+04
1.370172500000000000e+05
4.641388750000000000e+05
2.872293750000000000e+05
2.168102031250000000e+05
3.108126720000000000e+08
1.066622100000000000e+07
2.222525000000000000e+05
5.069381760000000000e+08
4.260171875000000000e+05
6.429286328125000000e+04
3.486993612800000000e+10
6.566105000000000000e+06
5.614433125000000000e+05
2.240080000000000000e+06
1.176437200000000000e+07
2.377167968750000000e+05
5.288084960937500000e+03
4.750731250000000000e+05
6.422055078125000000e+04
1.506368554687500000e+04
9.728075781250000000e+04
1.910408593750000000e+04
2.694572851562500000e+04
1.461957440000000000e+08
3.251507187500000000e+05
8.140951250000000000e+05
2.839515000000000000e+06
5.116997070312500000e+02
2.662915527343750000e+03
1.426115429687500000e+04
6.387162475585937500e+02
5.407757500000000000e+05
7.198569531250000000e+04
3.490694687500000000e+05
2.335662187500000000e+05
8.358397656250000000e+04
3.299654062500000000e+05
4.370474500000000000e+06
1.365270625000000000e+05
2.146198906250000000e+05
1.109663203125000000e+05
1.879059250000000000e+06
8.421488281250000000e+04
5.270284375000000000e+05
1.868882031250000000e+04
7.750027500000000000e+05
3.194457617187500000e+04
1.200364375000000000e+06
2.311636250000000000e+05
1.083127890625000000e+05
1.081263183593750000e+04
1.217700625000000000e+05
8.243767187500000000e+04
1.426799804687500000e+04
3.273281640625000000e+04
5.576668167114257812e+01
2.453416015625000000e+04
8.707703247070312500e+02
5.245470703125000000e+04
3.028908160000000000e+08
1.043431200000000000e+07
7.116470500000000000e+06
2.494336875000000000e+05
3.285385280000000000e+08
1.625670240000000000e+08
2.517670000000000000e+07
6.230053000000000000e+06
2.653281875000000000e+05
3.393107187500000000e+05
2.548998758400000000e+10
1.681077964800000000e+10
2.516821440000000000e+08
8.764270080000000000e+08
3.822312000000000000e+06
4.576280000000000000e+06
5.937956864000000000e+09
3.134858880000000000e+08
3.344999040000000000e+08
3.279583250000000000e+06
7.200489472000000000e+10
1.223533977600000000e+10
1.978418995200000000e+10
4.750313920000000000e+08
5.607947264000000000e+09
7.200489472000000000e+10
4.868301250000000000e+05
4.992031250000000000e+05
2.987029101562500000e+04
4.419599062500000000e+05
2.423492800000000000e+07
1.977717187500000000e+05
1.694319750000000000e+06
3.483419921875000000e+04
2.759853437500000000e+05
1.710316406250000000e+03
7.247818500000000000e+06
2.423492800000000000e+07
1.977717187500000000e+05
3.483419921875000000e+04
7.247818500000000000e+06
7.855412000000000000e+07
1.545064392089843750e+02
3.922830400000000000e+07
8.532122039794921875e+01
1.736860000000000000e+06
7.321932220458984375e+01
2.541577606201171875e+02
6.987751040000000000e+08
2.737546691894531250e+02
7.510643005371093750e+01
1.948412841796875000e+03
2.372434531250000000e+05
5.891504882812500000e+03
1.245149121093750000e+04
1.872859218750000000e+05
5.024534062500000000e+05
2.404255781250000000e+05
3.337502734375000000e+04
2.840869687500000000e+05
1.248915937500000000e+05
8.371194531250000000e+04
9.518305468750000000e+04
9.878822656250000000e+04
1.671763593750000000e+05
2.377130859375000000e+04
1.260014687500000000e+05
3.129884687500000000e+05
2.221433750000000000e+05
5.785119531250000000e+04
4.250518750000000000e+04
2.323323730468750000e+03
1.782592773437500000e+02
3.676964062500000000e+04
1.308519625000000000e+06
3.312884375000000000e+05
2.148495703125000000e+04
2.323323730468750000e+03
1.782592773437500000e+02
4.962756835937500000e+03
3.319628906250000000e+02
2.148495703125000000e+04
5.763098828125000000e+04
1.408926750000000000e+06
3.319628906250000000e+02
9.721984863281250000e+02
5.775684738159179688e+01
9.093502343750000000e+04
2.124565429687500000e+02
1.691908750000000000e+05
8.668155625000000000e+05
2.339918359375000000e+04
6.522367500000000000e+06
1.271282125000000000e+06
4.783386230468750000e+03
2.448146484375000000e+03
1.446421250000000000e+05
4.756954589843750000e+03
4.186754296875000000e+04
6.500371093750000000e+02
1.278341064453125000e+03
1.889847656250000000e+04
9.832728906250000000e+04
1.935634062500000000e+05
3.299654062500000000e+05
8.670520000000000000e+05
2.959379687500000000e+04
1.065045703125000000e+05
1.854259765625000000e+04
1.981623437500000000e+05
1.884272070312500000e+04
6.876824375000000000e+05
5.024534062500000000e+05
6.013341250000000000e+05
1.371139257812500000e+04
1.836457656250000000e+05
8.914496093750000000e+04
1.467577500000000000e+05
2.129878906250000000e+05
1.851985600000000000e+07
1.635495000000000000e+05
6.150041015625000000e+04
4.230567812500000000e+05
2.879633920000000000e+08
1.860713200000000000e+07
2.943059687500000000e+05
1.022186880000000000e+08
2.047825156250000000e+05
1.076019687500000000e+05
3.142992076800000000e+10
9.513255000000000000e+05
1.916975000000000000e+05
1.149513671875000000e+05
8.625423125000000000e+05
1.428471900000000000e+07
2.392044000000000000e+07
1.390998750000000000e+05
7.273313500000000000e+06
1.081653750000000000e+05
6.128646484375000000e+04
1.937858944000000000e+09
2.984620625000000000e+05
8.783810000000000000e+05
1.248128906250000000e+05
1.204314800000000000e+07
3.474619687500000000e+05
9.557938281250000000e+04
5.155553515625000000e+04
2.809535000000000000e+05
3.786304960000000000e+08
1.860713200000000000e+07
1.288224375000000000e+06
1.450351093750000000e+05
7.824257812500000000e+04
1.308626464843750000e+04
3.549970880000000000e+08
1.672558400000000000e+07
4.115528750000000000e+05
3.141777000000000000e+06
3.547461250000000000e+05
2.531737812500000000e+05
3.718284083200000000e+10
4.394394880000000000e+08
1.557150400000000000e+07
1.206204250000000000e+06
1.315860781250000000e+05
6.064759765625000000e+04
3.770335360000000000e+08
5.732956160000000000e+08
3.144489750000000000e+06
3.141547812500000000e+05
3.724984729600000000e+10
1.041285437500000000e+06
5.475435520000000000e+08
1.373605625000000000e+05
4.326697265625000000e+04
7.046356445312500000e+03
9.579392187500000000e+04
1.561757600000000000e+07
1.030710156250000000e+04
9.579392187500000000e+04
2.075759687500000000e+05
5.602343750000000000e+04
3.388142578125000000e+04
3.254814062500000000e+05
3.219405468750000000e+04
3.165552148437500000e+04
6.230742645263671875e+01
9.803552343750000000e+04
3.430278015136718750e+01
2.654747500000000000e+05
1.481400312500000000e+05
4.370474500000000000e+06
1.165891894531250000e+04
1.066622100000000000e+07
8.760928750000000000e+05
7.629656250000000000e+05
1.802865429687500000e+04
1.586589000000000000e+06
2.663801562500000000e+04
8.453125976562500000e+03
5.973961718750000000e+04
2.433850750000000000e+06
7.234384765625000000e+03
1.070970875000000000e+06
9.777224375000000000e+05
8.739762500000000000e+04
2.749534375000000000e+05
7.207640625000000000e+05
8.190401250000000000e+05
4.222888750000000000e+05
5.444207500000000000e+05
1.513657226562500000e+04
6.438316894531250000e+03
1.185339550781250000e+04
3.332594375000000000e+05
3.579484375000000000e+04
1.240660703125000000e+05
3.632983437500000000e+05
6.465583750000000000e+05
9.048689843750000000e+04
2.411717187500000000e+05
4.748199375000000000e+05
1.679810468750000000e+05
2.393644000000000000e+06
6.761010253906250000e+03
1.154811015625000000e+05
2.283632968750000000e+05
5.776728515625000000e+04
6.203018125000000000e+05
1.768176718750000000e+05
7.970182812500000000e+04
5.066513500000000000e+06
2.628725000000000000e+05
2.328766875000000000e+05
1.463368300000000000e+07
2.186720468750000000e+05
1.650342031250000000e+05
4.120874375000000000e+05
8.650784375000000000e+04
4.568954687500000000e+04
8.680043125000000000e+05
3.611466796875000000e+04
4.365980468750000000e+04
2.628324062500000000e+05
8.251625000000000000e+04
6.170527734375000000e+04
2.879633920000000000e+08
6.662901000000000000e+06
7.155652343750000000e+04
5.549980000000000000e+07
1.566558437500000000e+05
3.713357031250000000e+04
1.695753113600000000e+10
6.895817500000000000e+05
1.916243906250000000e+05
1.082959453125000000e+05
1.781048750000000000e+06
1.658042600000000000e+07
1.744368400000000000e+07
4.487742187500000000e+05
2.813975250000000000e+06
2.654565039062500000e+04
6.231201562500000000e+04
1.083608192000000000e+09
6.422301250000000000e+05
5.318588750000000000e+05
9.452612500000000000e+04
6.527053000000000000e+06
8.599805000000000000e+05
1.486353125000000000e+06
1.338762792968750000e+04
8.599805000000000000e+05
6.853227343750000000e+04
1.256486640000000000e+08
1.253809400000000000e+07
2.147013600000000000e+07
7.142064843750000000e+04
1.299862880000000000e+08
1.644524800000000000e+07
3.654385000000000000e+05
2.805462500000000000e+06
3.159604492187500000e+04
3.719435546875000000e+04
1.574883123200000000e+10
2.668527206400000000e+10
1.887844500000000000e+06
1.072486144000000000e+09
3.337059375000000000e+05
2.433452968750000000e+05
1.600803200000000000e+09
3.440403437500000000e+05
7.913955000000000000e+05
1.209873203125000000e+05
7.200489472000000000e+10
2.508174800000000000e+07
8.327584000000000000e+07
3.441746250000000000e+06
3.664401000000000000e+06
7.168007040000000000e+08
1.962343945312500000e+04
3.798570312500000000e+03
4.664312500000000000e+04
7.520392578125000000e+03
2.616420000000000000e+07
8.271858593750000000e+04
1.168158105468750000e+04
6.312481640625000000e+04
1.018641796875000000e+05
4.121896250000000000e+05
1.197380468750000000e+04
2.166978759765625000e+03
5.772945312500000000e+04
4.987491210937500000e+03
1.411061230468750000e+04
3.568927734375000000e+04
2.080764218750000000e+05
2.036858000000000000e+07
1.188968359375000000e+05
3.351035546875000000e+04
1.387564697265625000e+02
2.102183398437500000e+04
2.758632250000000000e+06
4.344576562500000000e+04
5.460216875000000000e+05
2.844965332031250000e+03
2.687793750000000000e+05
2.611774400000000000e+08
1.901829600000000000e+07
1.839660000000000000e+07
1.596405468750000000e+05
1.182004560000000000e+08
7.855412000000000000e+07
1.066627343750000000e+05
6.768543500000000000e+06
5.153951171875000000e+04
8.398342187500000000e+04
3.025545011200000000e+10
1.706239180800000000e+10
1.207056875000000000e+06
9.789360000000000000e+08
1.663373281250000000e+05
1.294067265625000000e+05
3.828258048000000000e+09
8.177546093750000000e+04
1.233086718750000000e+05
8.557357031250000000e+04
7.200489472000000000e+10
1.396290125000000000e+06
1.410167500000000000e+06
3.387940000000000000e+05
6.555381875000000000e+05
4.803361500000000000e+06
6.019973046875000000e+04
3.299654062500000000e+05
4.370474500000000000e+06
6.498526250000000000e+05
1.066622100000000000e+07
2.532885000000000000e+05
2.505377500000000000e+05
3.203558398437500000e+04
1.879059250000000000e+06
4.524152187500000000e+05
7.012190000000000000e+05
6.877846093750000000e+04
4.916390625000000000e+05
7.981973437500000000e+04
1.592455273437500000e+04
7.750027500000000000e+05
4.884457187500000000e+05
1.558895156250000000e+05
1.924368800000000000e+07
8.190401250000000000e+05
2.192222000000000000e+07
4.194503750000000000e+05
5.106751171875000000e+04
4.315000625000000000e+05
4.461903906250000000e+04
1.907395625000000000e+05
1.155347578125000000e+05
8.394057617187500000e+03
4.201072500000000000e+06
1.583720625000000000e+05
2.439252343750000000e+05
1.157980250000000000e+06
2.239074531250000000e+05
3.613853437500000000e+05
7.989700800000000000e+07
1.642235937500000000e+04
4.903120625000000000e+05
4.144294921875000000e+04
2.376505273437500000e+04
7.373028500000000000e+06
8.701193750000000000e+05
2.039000937500000000e+05
4.278547200000000000e+08
1.768023200000000000e+07
8.570979309082031250e+01
4.047734720000000000e+08
1.846507720947265625e+02
8.603675842285156250e+01
4.196797644800000000e+10
5.905217895507812500e+02
3.729238586425781250e+02
3.643545837402343750e+02
2.641104736328125000e+03
1.235765400000000000e+07
9.309825781250000000e+04
4.737980160000000000e+08
1.860713200000000000e+07
1.185014750000000000e+06
2.885082031250000000e+03
2.869457500000000000e+05
1.220364062500000000e+04
6.025479980468750000e+03
4.632852800000000000e+08
1.152589600000000000e+07
2.129192500000000000e+05
1.786452929687500000e+04
2.341794500000000000e+06
2.002077812500000000e+05
7.048409375000000000e+04
4.670110924800000000e+10
5.246406720000000000e+08
1.239216200000000000e+07
2.072456445312500000e+04
1.866595092773437500e+03
6.848530883789062500e+02
1.727048625000000000e+06
2.204503750000000000e+05
1.012330566406250000e+04
3.729872640000000000e+08
9.393038125000000000e+05
9.917497656250000000e+04
1.441364746093750000e+04
3.418076400000000000e+07
1.899103375000000000e+06
1.707378750000000000e+05
6.163935232000000000e+10
1.086776250000000000e+05
1.722031835937500000e+04
1.634522094726562500e+03
1.325434875000000000e+06
1.653558100000000000e+07
7.953222500000000000e+05
7.740642187500000000e+04
3.287922400000000000e+07
9.934204687500000000e+04
1.568576200000000000e+07
4.187094062500000000e+05
2.510026171875000000e+04
3.047798828125000000e+04
4.458855500000000000e+06
3.290242812500000000e+05
7.588089500000000000e+06
3.701466250000000000e+05
7.383167500000000000e+06
2.241707031250000000e+05
3.201098500000000000e+06
2.120209120000000000e+08
6.056351000000000000e+06
6.120300500000000000e+06
1.780504800000000000e+08
1.309614500000000000e+06
1.441606718750000000e+05
2.226354375000000000e+05
1.562082153320312500e+03
5.585338750000000000e+05
5.000658593750000000e+04
1.222837158203125000e+03
5.442110937500000000e+04
1.533092651367187500e+03
7.957183074951171875e+01
1.441606718750000000e+05
2.226354375000000000e+05
1.562082153320312500e+03
7.011032714843750000e+03
1.024239013671875000e+03
2.138701660156250000e+03
5.442110937500000000e+04
1.533092651367187500e+03
7.957183074951171875e+01
1.595712432861328125e+02
7.011032714843750000e+03
1.024239013671875000e+03
2.138701660156250000e+03
9.623090209960937500e+02
1.595712432861328125e+02
9.623090209960937500e+02
1.825056125000000000e+06
2.345139062500000000e+05
9.895211914062500000e+03
2.248712500000000000e+06
1.327029296875000000e+04
2.674990000000000000e+06
5.583392578125000000e+04
2.172289062500000000e+04
6.420365234375000000e+04
3.094494687500000000e+05
8.191864257812500000e+03
3.032384000000000000e+06
2.119854101562500000e+04
2.792475585937500000e+04
8.392616210937500000e+03
7.594455000000000000e+05
3.856849218750000000e+04
3.251867968750000000e+04
6.920408935546875000e+02
6.574020312500000000e+04
1.692340820312500000e+04
1.050167656250000000e+05
1.024978222656250000e+04
2.183545117187500000e+04
3.565798950195312500e+02
3.537035546875000000e+04
4.368218750000000000e+03
4.519532470703125000e+02
7.928237500000000000e+04
1.623454223632812500e+03
1.809195678710937500e+03
9.485339355468750000e+02
2.360940234375000000e+04
6.405522460937500000e+02
8.527065429687500000e+02
4.986487426757812500e+02
8.717345312500000000e+04
1.921269600000000000e+07
2.797253125000000000e+05
8.634927734375000000e+03
3.419202392578125000e+03
3.402208203125000000e+04
3.950865625000000000e+05
7.964886718750000000e+04
2.558208250000000000e+06
3.667046875000000000e+03
1.299046640625000000e+05
2.073021316528320312e+01
3.723140335083007812e+01
1.391155624389648438e+01
3.453140625000000000e+05
1.972499531250000000e+05
3.723140335083007812e+01
1.491835975646972656e+01
2.503542518615722656e+01
1.606206406250000000e+05
2.684144401550292969e+01
1.162397578125000000e+05
1.508732125000000000e+06
2.240125468750000000e+05
3.523444687500000000e+05
1.420136718750000000e+05
5.257859375000000000e+05
4.859548437500000000e+05
3.013204345703125000e+03
2.639232812500000000e+05
4.407487304687500000e+03
7.642262695312500000e+03
6.060675781250000000e+03
6.568667187500000000e+04
7.179980278015136719e+00
2.879633920000000000e+08
1.861890250000000000e+06
1.615398125000000000e+06
6.001407500000000000e+05
4.685544500000000000e+06
9.310856445312500000e+03
1.139397504000000000e+09
2.787616320000000000e+08
1.918488375000000000e+06
5.892715000000000000e+05
1.181939840000000000e+09
2.435680541992187500e+02
8.666948242187500000e+02
2.782397265625000000e+04
1.161469042968750000e+04
3.808168334960937500e+02
2.539844512939453125e+02
7.019791406250000000e+04
3.967841491699218750e+02
1.013335750000000000e+06
7.376575683593750000e+03
3.333023437500000000e+05
1.441606718750000000e+05
5.016100000000000000e+06
1.550848144531250000e+03
3.254814062500000000e+05
1.531327026367187500e+03
1.398355834960937500e+03
3.718250781250000000e+04
1.024054687500000000e+03
3.751565625000000000e+04
1.302963623046875000e+03
1.031687890625000000e+04
4.949605468750000000e+04
1.551036375000000000e+06
2.033957343750000000e+05
4.527376875000000000e+05
1.806579250000000000e+06
1.793946718750000000e+05
1.551036375000000000e+06
1.806579250000000000e+06
1.054458900000000000e+07
1.125936953125000000e+05
6.696564062500000000e+04
1.379797500000000000e+05
1.449329375000000000e+05
4.047235250000000000e+06
4.821864375000000000e+05
1.135177968750000000e+05
2.654218437500000000e+05
1.565012968750000000e+05
1.559486816406250000e+04
1.158569375000000000e+05
7.033675500000000000e+06
5.900185546875000000e+04
4.446695000000000000e+05
5.682509155273437500e+02
9.471010742187500000e+03
3.968216015625000000e+04
7.824257812500000000e+04
9.001935625000000000e+05
1.732575156250000000e+05
1.253300100000000000e+07
6.385424804687500000e+01
6.101274414062500000e+02
1.735353851318359375e+02
2.130470312500000000e+04
4.413387109375000000e+04
2.254396875000000000e+05
7.795674000000000000e+06
3.915370483398437500e+02
1.186449661254882812e+02
3.204313232421875000e+03
1.054980000000000000e+05
2.097248046875000000e+03
9.110682400000000000e+07
3.262997187500000000e+05
1.022186880000000000e+08
1.120196015625000000e+05
4.625042500000000000e+06
2.825245507812500000e+04
4.227498000000000000e+06
5.505871872000000000e+09
3.570013750000000000e+05
1.408656406250000000e+05
8.399063200000000000e+07
7.990875200000000000e+07
1.984197187500000000e+05
1.022186880000000000e+08
1.896186328125000000e+04
7.289758000000000000e+06
5.993169921875000000e+04
3.105910000000000000e+05
3.590592512000000000e+09
4.571675312500000000e+05
1.916777500000000000e+05
3.084693250000000000e+06
3.140802929687500000e+04
4.191455600000000000e+07
4.443506875000000000e+05
1.921269600000000000e+07
1.809720875000000000e+06
1.416076718750000000e+05
2.223443359375000000e+04
5.786493125000000000e+05
2.036077200000000000e+07
4.443506875000000000e+05
1.921269600000000000e+07
1.416076718750000000e+05
2.036077200000000000e+07
2.030308375000000000e+06
4.179577734375000000e+04
6.967706500000000000e+06
5.688751171875000000e+04
2.333196500000000000e+06
2.169748632812500000e+04
9.444953125000000000e+04
1.542727680000000000e+08
3.472477343750000000e+04
1.611501406250000000e+05
1.224455000000000000e+06
5.679080859375000000e+04
1.387267382812500000e+04
2.018877656250000000e+05
9.582315000000000000e+06
1.043934312500000000e+06
4.205450000000000000e+06
4.176980000000000000e+05
9.589633600000000000e+07
5.290491210937500000e+03
2.989936132812500000e+04
6.177785156250000000e+03
9.582315000000000000e+06
1.043934312500000000e+06
1.127807840000000000e+08
9.589633600000000000e+07
2.989936132812500000e+04
6.177785156250000000e+03
7.953784375000000000e+05
1.127807840000000000e+08
7.953784375000000000e+05
3.064825312500000000e+05
9.517379687500000000e+04
3.845417280000000000e+08
1.860713200000000000e+07
1.921269600000000000e+07
9.967153906250000000e+04
3.627279360000000000e+08
1.644296800000000000e+08
1.707702968750000000e+05
7.273313500000000000e+06
5.925188281250000000e+04
1.179501269531250000e+04
3.788584550400000000e+10
1.180809216000000000e+10
6.214226875000000000e+05
1.219212160000000000e+09
4.010404687500000000e+05
1.177458671875000000e+05
7.194692608000000000e+09
5.615911250000000000e+05
3.896244921875000000e+04
4.806363671875000000e+04
7.200489472000000000e+10
5.843524500000000000e+06
7.826305625000000000e+05
1.347401750000000000e+06
4.481237187500000000e+05
6.844532800000000000e+07
2.830125600000000000e+07
1.878052800000000000e+07
2.794343750000000000e+05
1.103559500000000000e+07
4.150110625000000000e+05
9.703882031250000000e+04
2.602968320000000000e+09
2.235306250000000000e+06
1.060513500000000000e+06
1.436261875000000000e+06
5.876758800000000000e+07
9.620869375000000000e+05
2.629033750000000000e+05
2.484147812500000000e+05
3.234709687500000000e+05
1.041695078125000000e+05
3.367889687500000000e+05
1.559395500000000000e+06
1.005790468750000000e+05
4.821864375000000000e+05
1.046872812500000000e+05
1.215268984375000000e+05
9.003366210937500000e+03
2.129645312500000000e+05
1.157005664062500000e+04
6.433266796875000000e+04
1.298480703125000000e+05
5.216723144531250000e+03
2.055572656250000000e+04
9.880838867187500000e+03
4.059164000000000000e+06
1.107120000000000000e+06
1.130481640625000000e+05
4.059164000000000000e+06
1.185822400000000000e+07
6.375876953125000000e+04
5.186345703125000000e+04
2.918720000000000000e+05
4.712807812500000000e+05
1.371875000000000000e+05
1.083437890625000000e+05
1.691266441345214844e+01
2.422677343750000000e+04
1.469798706054687500e+03
4.304667187500000000e+05
2.298011328125000000e+04
7.936160625000000000e+05
1.981122812500000000e+05
9.587416406250000000e+04
1.141893671875000000e+05
1.618486750000000000e+06
1.003834179687500000e+04
3.831164843750000000e+04
2.918997500000000000e+06
2.021081406250000000e+05
1.142047187500000000e+05
5.719274375000000000e+05
5.248728515625000000e+04
2.282386750000000000e+06
4.587003750000000000e+05
2.902896562500000000e+05
4.297362187500000000e+05
5.024534062500000000e+05
3.343951171875000000e+04
7.349600781250000000e+04
2.705608000000000000e+07
1.504803750000000000e+05
8.733533125000000000e+05
2.634383593750000000e+04
9.942228515625000000e+03
1.214876953125000000e+04
3.442879150390625000e+03
2.301868593750000000e+05
6.833083007812500000e+03
2.092157875000000000e+06
4.686990625000000000e+05
1.547315063476562500e+03
1.833021093750000000e+05
2.035944687500000000e+05
9.412592773437500000e+03
1.810002807617187500e+03
4.848614375000000000e+05
5.258744628906250000e+03
4.843511875000000000e+05
2.228525156250000000e+05
1.357589531250000000e+05
6.064000488281250000e+03
2.199983600000000000e+07
1.063369726562500000e+04
1.921457885742187500e+03
3.056874062500000000e+05
4.461393066406250000e+03
1.189241718750000000e+05
6.525347656250000000e+03
9.289447000000000000e+06
6.660736718750000000e+04
9.473503906250000000e+03
1.218506718750000000e+05
4.390037890625000000e+04
8.095378906250000000e+03
5.016100000000000000e+06
1.664720117187500000e+04
8.869457812500000000e+04
6.819897656250000000e+04
5.728816796875000000e+04
5.592231500000000000e+06
3.830230750000000000e+06
1.098078080000000000e+08
3.938838125000000000e+05
2.574689750000000000e+06
3.618992187500000000e+05
5.664268000000000000e+06
1.349951488000000000e+09
1.095118480000000000e+08
2.491639250000000000e+06
1.360482304000000000e+09
7.273313500000000000e+06
6.146821875000000000e+04
8.453707812500000000e+04
4.454612109375000000e+04
1.286768457031250000e+04
1.050417187500000000e+05
8.588556250000000000e+04
2.039501093750000000e+05
7.266166875000000000e+05
4.270548339843750000e+03
2.234246337890625000e+03
1.015919700000000000e+07
1.001164550781250000e+04
3.415254394531250000e+03
6.831759765625000000e+03
2.610221718750000000e+05
3.753790750000000000e+06
5.795700781250000000e+04
3.994887500000000000e+05
1.311061900000000000e+07
1.066622100000000000e+07
1.285180000000000000e+05
1.347866000000000000e+07
5.495176953125000000e+04
6.333049609375000000e+04
2.099950080000000000e+09
3.899124375000000000e+05
5.918430625000000000e+05
1.475543281250000000e+05
2.718553750000000000e+06
4.943358800000000000e+07
1.559061200000000000e+07
6.439510625000000000e+05
1.022186880000000000e+08
5.278314000000000000e+06
4.527376875000000000e+05
5.433463193600000000e+10
4.943358800000000000e+07
1.559061200000000000e+07
1.022186880000000000e+08
5.433463193600000000e+10
3.965184000000000000e+08
1.994830400000000000e+07
2.797253125000000000e+05
4.597974720000000000e+08
1.824591625000000000e+06
1.032927343750000000e+05
4.564321075200000000e+10
1.264105900000000000e+07
1.119542375000000000e+06
2.325672400000000000e+07
4.614307200000000000e+08
5.424700000000000000e+05
3.152340000000000000e+05
1.006832625000000000e+06
2.246835156250000000e+05
2.208512250000000000e+06
5.402185625000000000e+05
2.765143750000000000e+05
2.092722656250000000e+05
7.469188125000000000e+05
4.609860625000000000e+05
1.379146750000000000e+06
2.208512250000000000e+06
9.266121093750000000e+04
7.577172656250000000e+04
7.469188125000000000e+05
1.379146750000000000e+06
7.577172656250000000e+04
2.839966800000000000e+07
1.921269600000000000e+07
1.181306484375000000e+05
3.850102000000000000e+06
7.966732812500000000e+04
2.089998828125000000e+04
7.047703680000000000e+08
1.485153125000000000e+05
9.079213281250000000e+04
2.974915234375000000e+04
1.324184531250000000e+05
1.040816113281250000e+04
1.809720875000000000e+06
5.093969238281250000e+03
1.481400312500000000e+05
6.058205000000000000e+05
1.619802250000000000e+06
1.731012656250000000e+05
4.212764000000000000e+06
1.005092421875000000e+05
1.137209687500000000e+05
2.168246875000000000e+04
2.584081406250000000e+05
3.346285625000000000e+05
3.326767500000000000e+05
1.957925000000000000e+06
1.359631640625000000e+04
6.193225781250000000e+04
1.532294531250000000e+05
3.767792500000000000e+05
1.818722656250000000e+04
4.163619921875000000e+04
1.490309218750000000e+05
1.650342031250000000e+05
1.295094726562500000e+03
1.007520468750000000e+05
1.179434692382812500e+03
4.866958618164062500e+02
4.183992187500000000e+04
3.281570556640625000e+03
4.144895629882812500e+02
6.127783203125000000e+02
8.554158935546875000e+02
4.371472187500000000e+05
9.872456250000000000e+04
8.538867187500000000e+04
3.549823046875000000e+04
1.360375937500000000e+05
1.489729375000000000e+05
2.788440856933593750e+02
4.892703613281250000e+03
2.879633920000000000e+08
5.295989990234375000e+01
9.790910156250000000e+04
6.418360137939453125e+01
5.466292500000000000e+05
3.050900268554687500e+01
1.453374328613281250e+02
5.433389000000000000e+06
3.163859939575195312e+01
4.494964218139648438e+01
9.049876403808593750e+01
3.237299609375000000e+04
2.386033750000000000e+06
2.755435000000000000e+05
5.302220625000000000e+05
5.440984375000000000e+05
1.609312968750000000e+05
9.662638671875000000e+03
9.958241406250000000e+04
7.592448000000000000e+06
1.721273906250000000e+05
1.976705125000000000e+06
5.439303200000000000e+07
1.762259200000000000e+07
8.154967968750000000e+04
1.022186880000000000e+08
6.859008750000000000e+05
6.337387890625000000e+04
5.915013120000000000e+10
2.042015875000000000e+06
4.371788750000000000e+05
6.137894375000000000e+05
3.689990000000000000e+07
6.409933203125000000e+04
7.280930175781250000e+03
2.241586914062500000e+03
3.294479750000000000e+06
1.905319140625000000e+04
8.270911718750000000e+04
2.445770750000000000e+06
6.382840332031250000e+03
1.155009277343750000e+03
8.899358593750000000e+04
7.043785937500000000e+04
4.498272656250000000e+04
2.531895200000000000e+07
1.942026800000000000e+07
1.589580500000000000e+07
1.649033500000000000e+06
7.593418000000000000e+06
6.728897500000000000e+05
3.489969062500000000e+05
2.675492750000000000e+06
5.701820000000000000e+05
3.927974687500000000e+05
1.623483392000000000e+09
5.977282560000000000e+08
2.531895200000000000e+07
5.830906240000000000e+08
1.942026800000000000e+07
1.589580500000000000e+07
9.248896000000000000e+07
7.593418000000000000e+06
6.728897500000000000e+05
2.675492750000000000e+06
7.200489472000000000e+10
1.623483392000000000e+09
5.977282560000000000e+08
5.830906240000000000e+08
9.248896000000000000e+07
7.200489472000000000e+10
8.251900000000000000e+05
3.566974609375000000e+04
1.289592500000000000e+06
5.230449218750000000e+04
6.872292187500000000e+04
1.005082687500000000e+06
6.369719531250000000e+04
8.410781250000000000e+04
3.212850312500000000e+05
1.275027148437500000e+04
3.667256835937500000e+03
6.371421093750000000e+04
2.882757000000000000e+06
2.045491406250000000e+04
2.565073828125000000e+04
9.905682031250000000e+04
3.945096093750000000e+04
5.424700000000000000e+05
3.072160500000000000e+06
1.809720875000000000e+06
1.321165917968750000e+04
8.910331250000000000e+04
7.199898125000000000e+05
8.236386718750000000e+03
4.717801562500000000e+04
2.257974218750000000e+04
9.626743125000000000e+05
1.253092968750000000e+05
4.006062250000000000e+06
3.541298437500000000e+04
5.212324218750000000e+04
1.656567382812500000e+03
2.867016406250000000e+04
2.185371406250000000e+05
7.571218750000000000e+03
7.855412000000000000e+07
9.191730000000000000e+05
1.581941280000000000e+08
1.183737500000000000e+04
5.725136000000000000e+06
1.206787402343750000e+04
2.334652250000000000e+06
4.506241024000000000e+09
6.955623000000000000e+06
3.415922187500000000e+05
1.466325280000000000e+08
4.624801875000000000e+05
1.221463900000000000e+07
1.210640703125000000e+05
2.196378281250000000e+05
3.201056152343750000e+03
6.307522656250000000e+04
6.724115200000000000e+07
2.144608203125000000e+04
5.973388125000000000e+05
8.259050781250000000e+03
3.272284062500000000e+05
3.110805600000000000e+07
4.227260625000000000e+05
3.041396484375000000e+04
1.245797125000000000e+06
3.227491250000000000e+06
5.416469921875000000e+04
4.682147500000000000e+05
3.042716601562500000e+04
3.710927812500000000e+05
4.625042500000000000e+06
1.182982890625000000e+05
1.633783281250000000e+05
5.374737548828125000e+02
5.152373437500000000e+04
6.010307200000000000e+07
6.298034000000000000e+06
4.407313281250000000e+04
1.369005250000000000e+06
1.448411010742187500e+03
2.841171289062500000e+04
3.779662250000000000e+06
1.023290161132812500e+03
7.035876562500000000e+04
4.945801269531250000e+03
1.917480400000000000e+07
4.618903906250000000e+04
1.665712695312500000e+04
6.711120605468750000e+03
6.994548339843750000e+03
1.758327539062500000e+04
7.033199000000000000e+06
1.048564400000000000e+07
1.362055781250000000e+05
6.766581000000000000e+06
3.415537109375000000e+04
9.046913281250000000e+04
8.915166720000000000e+08
8.433711250000000000e+05
7.073336875000000000e+05
8.840156250000000000e+05
1.215356600000000000e+07
4.189799316406250000e+03
2.369375312500000000e+05
4.673730078125000000e+04
2.358097343750000000e+05
1.980391601562500000e+04
9.051653320312500000e+03
3.044137187500000000e+05
1.180256347656250000e+04
4.000465234375000000e+04
1.349779062500000000e+05
5.564276562500000000e+04
2.203899804687500000e+04
7.116470500000000000e+06
1.066491700000000000e+07
1.284594296875000000e+05
7.249464500000000000e+06
1.108513515625000000e+05
6.329625781250000000e+04
9.194147200000000000e+08
2.065343593750000000e+05
5.926411250000000000e+05
1.265915234375000000e+05
3.091856000000000000e+06
8.564598437500000000e+04
1.650342031250000000e+05
1.042977441406250000e+04
7.111823730468750000e+03
1.167995361328125000e+03
1.127537890625000000e+05
1.441335840000000000e+08
2.508256000000000000e+07
1.461705700000000000e+07
4.098058984375000000e+04
1.022186880000000000e+08
7.855412000000000000e+07
1.706922968750000000e+05
7.273313500000000000e+06
6.744537500000000000e+04
4.558600390625000000e+04
7.200489472000000000e+10
1.348907110400000000e+10
3.589312187500000000e+05
2.003400448000000000e+09
1.488353281250000000e+05
1.515637792968750000e+04
3.512611840000000000e+09
5.696378515625000000e+04
1.502500781250000000e+05
1.047606875000000000e+05
7.200489472000000000e+10
2.145018000000000000e+06
6.257568750000000000e+05
4.489844062500000000e+05
2.218666718750000000e+05
3.425547000000000000e+06
1.747363437500000000e+05
2.345139062500000000e+05
6.175223144531250000e+03
3.716899375000000000e+05
1.764761596679687500e+03
1.116686796875000000e+05
1.505717773437500000e+03
3.844682006835937500e+02
2.335913000000000000e+06
8.014366210937500000e+03
4.950775878906250000e+03
4.534372558593750000e+03
8.763483593750000000e+04
5.726369531250000000e+04
8.336594726562500000e+03
1.655098046875000000e+04
1.193107910156250000e+04
1.345879062500000000e+05
8.886257500000000000e+05
6.886754375000000000e+05
6.058770625000000000e+05
4.527376875000000000e+05
1.274885800000000000e+07
6.660207519531250000e+03
2.271560546875000000e+04
1.037528515625000000e+04
8.886257500000000000e+05
6.886754375000000000e+05
2.327611600000000000e+07
1.274885800000000000e+07
2.271560546875000000e+04
1.037528515625000000e+04
2.740863437500000000e+05
2.327611600000000000e+07
2.740863437500000000e+05
3.575953125000000000e+04
1.149040625000000000e+04
6.220620703125000000e+04
3.712207360000000000e+08
2.667378000000000000e+07
2.341290000000000000e+06
2.400157440000000000e+08
7.284170000000000000e+06
4.325914687500000000e+05
7.200489472000000000e+10
3.772450560000000000e+08
2.632302400000000000e+07
2.391584480000000000e+08
7.200489472000000000e+10
2.561164000000000000e+07
1.230131912231445312e+01
7.866828918457031250e+00
2.888396072387695312e+01
6.276736875000000000e+05
1.308758359375000000e+05
3.162184765625000000e+04
6.075654296875000000e+04
8.710991250000000000e+05
3.299654062500000000e+05
2.233510000000000000e+06
1.049942343750000000e+05
3.299654062500000000e+05
2.686651757812500000e+04
8.899579687500000000e+04
2.090381640625000000e+04
3.874770703125000000e+04
5.460603515625000000e+04
3.569411250000000000e+05
3.196966796875000000e+03
2.654218437500000000e+05
4.932782421875000000e+04
2.183927978515625000e+03
6.493402343750000000e+04
1.148272125000000000e+06
7.185866699218750000e+03
6.430972656250000000e+04
5.134894531250000000e+03
1.066622100000000000e+07
6.961144500000000000e+06
6.709128750000000000e+05
3.039813232421875000e+03
2.622853515625000000e+03
2.279007568359375000e+03
7.280565500000000000e+06
4.527376875000000000e+05
5.693576875000000000e+05
6.719531250000000000e+03
5.996480468750000000e+03
5.134894531250000000e+03
9.169961600000000000e+08
1.066622100000000000e+07
6.961144500000000000e+06
4.938852539062500000e+03
3.039813232421875000e+03
2.622853515625000000e+03
7.280565500000000000e+06
1.147619042968750000e+04
6.719531250000000000e+03
5.996480468750000000e+03
9.169961600000000000e+08
4.938852539062500000e+03
1.147619042968750000e+04
3.698526875000000000e+05
3.730380468750000000e+04
4.502802812500000000e+05
9.653604687500000000e+04
1.099055312500000000e+05
3.371804062500000000e+05
1.291155390625000000e+05
8.277989843750000000e+04
4.866849365234375000e+02
3.569741500000000000e+06
6.472159375000000000e+05
6.996706250000000000e+05
5.011926562500000000e+04
7.855412000000000000e+07
1.022186880000000000e+08
5.278314000000000000e+06
7.273313500000000000e+06
5.786493125000000000e+05
4.527376875000000000e+05
1.049530273437500000e+03
1.076633789062500000e+03
2.765630187988281250e+02
3.008359375000000000e+02
7.263451520000000000e+08
2.537408160000000000e+08
3.569741500000000000e+06
5.449594000000000000e+07
6.472159375000000000e+05
6.996706250000000000e+05
3.512611840000000000e+09
7.855412000000000000e+07
1.022186880000000000e+08
7.273313500000000000e+06
4.900952636718750000e+03
3.620152587890625000e+03
1.049530273437500000e+03
1.787840698242187500e+03
1.076633789062500000e+03
2.765630187988281250e+02
4.120454348800000000e+10
7.263451520000000000e+08
2.537408160000000000e+08
5.449594000000000000e+07
3.512611840000000000e+09
2.089829492187500000e+04
4.900952636718750000e+03
3.620152587890625000e+03
1.787840698242187500e+03
4.120454348800000000e+10
2.089829492187500000e+04
7.745749023437500000e+03
2.068623750000000000e+05
1.776269165039062500e+03
1.017883359375000000e+05
3.051673828125000000e+03
1.860713200000000000e+07
4.817736562500000000e+05
8.119294531250000000e+04
4.063928750000000000e+05
4.057979500000000000e+06
1.597860546875000000e+04
7.434800292968750000e+03
4.177848125000000000e+05
7.855412000000000000e+07
1.470908281250000000e+05
8.673068800000000000e+07
5.211926171875000000e+04
3.956559250000000000e+06
5.077825781250000000e+04
4.367754687500000000e+04
2.373204992000000000e+09
2.764034375000000000e+04
2.211998632812500000e+04
4.541975390625000000e+04
2.269903515625000000e+04
1.614869218750000000e+05
3.768480712890625000e+03
6.164988281250000000e+03
1.743706000000000000e+07
1.082627700000000000e+07
7.974075781250000000e+04
9.463112000000000000e+06
8.282621093750000000e+03
2.792632812500000000e+04
1.602101376000000000e+09
1.038833046875000000e+05
2.138390468750000000e+05
9.402749218750000000e+04
1.137005750000000000e+06
4.686176875000000000e+05
1.184608593750000000e+05
6.629411718750000000e+04
2.660213623046875000e+03
1.206824111938476562e+02
2.557645751953125000e+03
6.111124267578125000e+02
9.343407226562500000e+03
1.988842343750000000e+05
1.034079589843750000e+03
1.721535200000000000e+07
6.037440625000000000e+05
3.318522500000000000e+05
1.544157400000000000e+07
1.118600195312500000e+04
6.709128750000000000e+05
1.663634570312500000e+04
1.965655517578125000e+03
4.166543457031250000e+03
1.191971191406250000e+03
4.646880000000000000e+08
1.860713200000000000e+07
6.420750390625000000e+04
4.534977280000000000e+08
3.695907187500000000e+05
5.094244140625000000e+04
4.556414976000000000e+10
7.040796000000000000e+06
3.114485312500000000e+05
2.013481000000000000e+06
2.656938400000000000e+07
1.206897200000000000e+07
1.087028700000000000e+07
5.274357500000000000e+05
1.410460750000000000e+06
7.597795312500000000e+04
2.027808125000000000e+05
3.391653440000000000e+08
9.433719000000000000e+06
5.343645500000000000e+06
9.159221875000000000e+05
2.400308480000000000e+08
1.270994843750000000e+05
2.280839750000000000e+06
9.543446875000000000e+04
1.874620400000000000e+07
2.231119140625000000e+03
6.977127075195312500e+02
2.845557373046875000e+03
1.069666015625000000e+05
2.514283593750000000e+04
7.344936250000000000e+05
1.222863120000000000e+08
6.152950500000000000e+06
1.486251400000000000e+07
5.134385625000000000e+05
5.275003520000000000e+08
7.661662109375000000e+03
2.309309375000000000e+05
1.468151660156250000e+04
1.222863120000000000e+08
6.152950500000000000e+06
2.766968832000000000e+09
5.275003520000000000e+08
2.309309375000000000e+05
1.468151660156250000e+04
4.768200000000000000e+06
2.766968832000000000e+09
4.768200000000000000e+06
1.048478027343750000e+04
1.974407812500000000e+05
8.071978515625000000e+03
7.009402500000000000e+05
5.024534062500000000e+05
7.318087500000000000e+05
1.710913085937500000e+04
1.565631750000000000e+06
1.141099062500000000e+05
1.113192812500000000e+05
1.623985781250000000e+05
4.040059375000000000e+05
5.883768400000000000e+07
7.116470500000000000e+06
6.709128750000000000e+05
1.254623625000000000e+06
2.648380500000000000e+06
4.615909765625000000e+04
8.912640000000000000e+06
2.527126500000000000e+06
5.786493125000000000e+05
2.947630400000000000e+08
5.087113600000000000e+07
4.040059375000000000e+05
4.608495616000000000e+09
5.883768400000000000e+07
7.116470500000000000e+06
4.258048320000000000e+08
1.254623625000000000e+06
2.648380500000000000e+06
8.912640000000000000e+06
7.200489472000000000e+10
2.947630400000000000e+08
5.087113600000000000e+07
4.608495616000000000e+09
4.258048320000000000e+08
7.200489472000000000e+10
5.471048800000000000e+07
1.824814400000000000e+07
1.022925156250000000e+05
1.022186880000000000e+08
3.383187500000000000e+05
6.486340625000000000e+04
6.275301785600000000e+10
1.859725250000000000e+06
4.381313437500000000e+05
2.753688250000000000e+06
4.798776000000000000e+07
2.879633920000000000e+08
2.070747500000000000e+05
9.626238750000000000e+05
1.681086250000000000e+05
4.646958500000000000e+06
1.322860961914062500e+03
7.434972000000000000e+07
2.915868800000000000e+08
1.435315468750000000e+05
1.389152187500000000e+05
6.508925600000000000e+07
5.841128417968750000e+03
1.175203750000000000e+05
1.123800585937500000e+04
4.647348632812500000e+03
7.567385742187500000e+03
3.243346191406250000e+03
2.500073486328125000e+03
2.272428955078125000e+03
4.940921250000000000e+05
3.128533125000000000e+05
6.710359375000000000e+03
4.413075390625000000e+04
2.191398906250000000e+05
8.255954687500000000e+04
2.703298828125000000e+04
3.735938281250000000e+04
4.382604687500000000e+05
1.387021125000000000e+06
2.417301093750000000e+05
2.790643945312500000e+04
6.604621093750000000e+03
9.177496875000000000e+05
4.403595703125000000e+03
9.120279687500000000e+04
3.511495937500000000e+05
1.787770937500000000e+05
9.151434375000000000e+05
2.600489200000000000e+07
3.221852812500000000e+05
5.128520996093750000e+03
9.392262500000000000e+04
9.884712500000000000e+04
4.383645937500000000e+05
3.165048242187500000e+04
1.237642578125000000e+05
3.586930859375000000e+04
5.957180625000000000e+05
7.016625625000000000e+05
1.230035156250000000e+05
5.740980625000000000e+05
2.209500625000000000e+05
4.938728000000000000e+06
6.526288125000000000e+05
3.808292000000000000e+07
3.061301171875000000e+04
1.800492500000000000e+05
9.281066406250000000e+03
1.415602539062500000e+04
5.623611328125000000e+04
4.307685937500000000e+05
1.450061875000000000e+05
2.854156750000000000e+06
1.785619062500000000e+05
1.242344900000000000e+07
1.909526875000000000e+05
4.051983203125000000e+04
6.422031875000000000e+05
1.923642000000000000e+07
1.995208984375000000e+04
1.979895000000000000e+05
6.437605859375000000e+04
9.282367500000000000e+05
1.424385400000000000e+07
1.089052578125000000e+05
1.436639843750000000e+05
1.862762500000000000e+04
1.037810200000000000e+07
1.085820078125000000e+05
1.022186880000000000e+08
3.673399609375000000e+04
1.223682250000000000e+06
5.122374218750000000e+04
3.724418437500000000e+05
3.836720960000000000e+08
8.893784375000000000e+04
6.406523437500000000e+04
7.389670625000000000e+05
5.580913200000000000e+07
1.841987600000000000e+07
2.215309218750000000e+05
1.040190800000000000e+08
3.838333750000000000e+06
9.658457812500000000e+04
6.349503692800000000e+10
6.980510000000000000e+06
8.840485000000000000e+05
2.154894800000000000e+07
8.869491200000000000e+08
4.250518750000000000e+04
1.011665390625000000e+05
7.922869600000000000e+07
4.627394000000000000e+06
1.902900468750000000e+05
6.781540625000000000e+04
2.803350720000000000e+08
2.855310058593750000e+03
4.576172500000000000e+05
3.510158593750000000e+04
4.983355312500000000e+05
2.463756250000000000e+05
1.021283136000000000e+09
1.892847968750000000e+05
1.499166503906250000e+04
3.550553222656250000e+03
1.193223200000000000e+07
1.216667750000000000e+06
4.141900781250000000e+04
4.254142812500000000e+05
5.288500000000000000e+05
7.873135937500000000e+04
4.254142812500000000e+05
1.822741200000000000e+07
1.702596718750000000e+05
1.393739062500000000e+04
1.021044875000000000e+06
4.951300781250000000e+04
3.183569531250000000e+04
7.171405000000000000e+05
5.028817871093750000e+03
4.282049687500000000e+05
7.984480000000000000e+05
3.234512890625000000e+04
4.371751250000000000e+05
4.438056640625000000e+03
2.089271484375000000e+04
1.370928808593750000e+04
1.768429687500000000e+05
4.849432128906250000e+03
1.580788378906250000e+04
5.701568603515625000e+02
1.497322656250000000e+05
4.951464375000000000e+05
1.295864843750000000e+04
3.728484765625000000e+04
7.004856445312500000e+03
1.117152343750000000e+04
3.287444458007812500e+02
1.581578906250000000e+05
1.593485351562500000e+04
1.224766992187500000e+04
1.306374414062500000e+04
1.608424531250000000e+05
1.441606718750000000e+05
5.016100000000000000e+06
2.831225000000000000e+05
8.869592968750000000e+04
1.274655859375000000e+05
5.103041015625000000e+04
3.254814062500000000e+05
1.930448281250000000e+05
2.306144687500000000e+05
2.955292968750000000e+04
4.393120937500000000e+05
6.549151562500000000e+04
3.718250781250000000e+04
1.049127656250000000e+05
1.547400700000000000e+07
7.316486718750000000e+04
1.247381718750000000e+05
6.344565625000000000e+04
7.252248437500000000e+04
2.079445117187500000e+04
5.391773046875000000e+04
1.643848875000000000e+06
1.271694375000000000e+06
9.043428125000000000e+04
5.456183125000000000e+05
4.490811875000000000e+05
1.707795750000000000e+06
1.147269921875000000e+04
4.267934687500000000e+05
3.074329882812500000e+04
1.441606718750000000e+05
9.950406250000000000e+03
1.547406054687500000e+04
1.245748359375000000e+05
1.021109375000000000e+05
4.179821250000000000e+05
1.384063867187500000e+04
9.408153125000000000e+05
6.322060546875000000e+04
9.115070312500000000e+04
2.224004638671875000e+03
2.094317968750000000e+05
1.156634960937500000e+04
2.748014062500000000e+05
7.113942187500000000e+04
4.932275390625000000e+03
5.244490234375000000e+04
3.567985156250000000e+04
1.663320312500000000e+04
1.153952050781250000e+04
1.545825400000000000e+07
1.066622100000000000e+07
2.163291875000000000e+05
1.142737000000000000e+07
3.969741406250000000e+04
6.384309765625000000e+04
2.007512448000000000e+09
4.167136250000000000e+05
5.945687500000000000e+05
2.663209375000000000e+05
2.436770000000000000e+06
9.504432000000000000e+07
1.731455156250000000e+05
1.512082968750000000e+05
2.091753125000000000e+06
5.519977500000000000e+05
4.460440234375000000e+04
2.539219375000000000e+05
2.913539200000000000e+08
1.927134400000000000e+07
9.904812500000000000e+04
6.063677600000000000e+07
3.604824375000000000e+05
1.132432812500000000e+04
1.756811878400000000e+10
9.567235000000000000e+05
1.147153593750000000e+05
1.836265156250000000e+05
2.712470250000000000e+06
5.855466800000000000e+07
2.180237600000000000e+07
2.369076000000000000e+06
1.813260800000000000e+07
2.093918625000000000e+06
5.598553125000000000e+05
9.616129024000000000e+09
5.855466800000000000e+07
2.180237600000000000e+07
1.813260800000000000e+07
9.616129024000000000e+09
8.290520312500000000e+04
3.719998779296875000e+03
1.735136523437500000e+04
6.804016113281250000e+02
9.202660937500000000e+04
1.650342031250000000e+05
5.016100000000000000e+06
2.799024687500000000e+05
7.147754687500000000e+04
8.281061718750000000e+04
1.213124453125000000e+05
4.371751250000000000e+05
5.412875625000000000e+05
2.277095625000000000e+05
1.085505234375000000e+05
7.651479375000000000e+05
1.063194609375000000e+05
4.847948046875000000e+04
1.326980781250000000e+05
1.552011700000000000e+07
1.129046640625000000e+05
5.766952734375000000e+04
1.741740000000000000e+05
1.994333437500000000e+05
5.975631640625000000e+04
7.552564062500000000e+04
3.375720750000000000e+06
2.573256250000000000e+06
1.791741250000000000e+05
1.029451562500000000e+06
3.615511750000000000e+06
7.273313500000000000e+06
4.136630859375000000e+04
5.580622000000000000e+06
7.846412500000000000e+04
1.442046718750000000e+05
1.321935360000000000e+08
1.591137500000000000e+04
6.875143750000000000e+04
1.265655781250000000e+05
1.162916484375000000e+05
1.830999877929687500e+03
1.261315468750000000e+05
6.155050659179687500e+02
2.276570312500000000e+04
1.936235351562500000e+04
5.137859200000000000e+07
1.860713200000000000e+07
8.182944531250000000e+04
2.076607200000000000e+07
3.358493359375000000e+04
8.314853125000000000e+04
4.319498752000000000e+09
8.454521875000000000e+04
2.669594375000000000e+05
3.109410546875000000e+04
2.056322343750000000e+05
3.551047680000000000e+08
1.946291200000000000e+07
1.231102600000000000e+07
3.445006250000000000e+05
4.585809280000000000e+08
1.795763680000000000e+08
1.957678375000000000e+06
7.283100000000000000e+06
9.648625781250000000e+04
3.339616796875000000e+04
7.200489472000000000e+10
1.901687193600000000e+10
1.764752000000000000e+07
1.716081792000000000e+09
9.068448125000000000e+05
1.383459500000000000e+06
8.534462464000000000e+09
2.337185200000000000e+07
1.255468625000000000e+06
9.453303125000000000e+05
7.200489472000000000e+10
1.495942528000000000e+09
1.785963840000000000e+08
1.411191500000000000e+07
1.440827360000000000e+08
4.416228966400000000e+10
2.955542500000000000e+05
7.259216406250000000e+04
1.988793875000000000e+06
3.209040937500000000e+05
2.143934375000000000e+05
1.228778625000000000e+06
1.308519625000000000e+06
2.172740625000000000e+05
4.209908750000000000e+05
5.024534062500000000e+05
7.259216406250000000e+04
1.988793875000000000e+06
3.209040937500000000e+05
3.353039843750000000e+04
8.064918750000000000e+04
2.187656800000000000e+07
2.172740625000000000e+05
4.209908750000000000e+05
5.024534062500000000e+05
1.744506093750000000e+05
3.353039843750000000e+04
8.064918750000000000e+04
2.187656800000000000e+07
8.408638125000000000e+05
1.744506093750000000e+05
8.408638125000000000e+05
1.107008046875000000e+05
2.956573500000000000e+06
2.825830078125000000e+04
1.986499531250000000e+05
8.905267968750000000e+04
1.236501718750000000e+05
1.275453027343750000e+04
2.021316406250000000e+04
1.173091500000000000e+06
2.911103125000000000e+05
4.930213437500000000e+05
2.522387750000000000e+06
9.341538125000000000e+05
1.277069875000000000e+06
1.409968500000000000e+06
2.703653125000000000e+05
7.773031875000000000e+05
1.517552929687500000e+04
2.911566875000000000e+05
1.504450781250000000e+05
1.035503906250000000e+04
1.573680000000000000e+05
2.750693437500000000e+05
1.270483496093750000e+04
1.232119800000000000e+07
6.596320000000000000e+05
8.448475000000000000e+05
1.869109625000000000e+06
3.044352187500000000e+05
1.015274375000000000e+06
5.303200781250000000e+04
1.151095625000000000e+05
2.201186562500000000e+05
9.924104492187500000e+03
9.282558000000000000e+06
1.680050781250000000e+05
1.051479125000000000e+06
2.892197187500000000e+05
4.925773437500000000e+04
1.939150156250000000e+05
4.559711600000000000e+07
6.590089843750000000e+04
2.952547812500000000e+05
5.371663281250000000e+04
1.319247031250000000e+05
1.487153100000000000e+07
2.405815468750000000e+05
2.187325312500000000e+05
1.458096562500000000e+05
4.259550000000000000e+05
3.741222265625000000e+04
6.970864062500000000e+04
7.771205078125000000e+03
2.356722070312500000e+04
4.482179199218750000e+03
1.351789062500000000e+03
9.760953000000000000e+06
2.276974218750000000e+04
5.715675390625000000e+04
3.476601875000000000e+05
2.382014648437500000e+04
5.808980957031250000e+03
9.729250000000000000e+03
1.532898071289062500e+03
6.590139843750000000e+04
6.709128750000000000e+05
1.340431347656250000e+04
1.731893200000000000e+07
1.239601600000000000e+07
6.709128750000000000e+05
6.265923000000000000e+06
2.854843437500000000e+05
5.317686875000000000e+05
1.195397760000000000e+09
1.731893200000000000e+07
1.239601600000000000e+07
6.265923000000000000e+06
1.195397760000000000e+09
5.102130937500000000e+05
8.584666406250000000e+04
4.322920000000000000e+06
1.599090312500000000e+05
1.256988828125000000e+05
7.074679000000000000e+06
1.256486640000000000e+08
1.066622100000000000e+07
4.179466250000000000e+05
2.860418400000000000e+07
5.969926000000000000e+06
8.045858593750000000e+04
1.022186880000000000e+08
2.258194531250000000e+05
1.387642500000000000e+05
5.904786432000000000e+09
1.097091300000000000e+07
2.350062187500000000e+05
1.733822464000000000e+10
6.700165000000000000e+05
1.881848593750000000e+05
2.447973632000000000e+09
3.248209375000000000e+05
1.373279531250000000e+05
1.381453750000000000e+05
7.200489472000000000e+10
5.228015500000000000e+06
8.913364843750000000e+04
6.213320625000000000e+05
5.926371875000000000e+05
1.642552875000000000e+06
3.063043125000000000e+05
1.956604375000000000e+05
6.462889375000000000e+05
3.296855926513671875e+01
1.368425312500000000e+05
3.644462203979492188e+01
1.741692047119140625e+02
2.993743286132812500e+02
3.215674400000000000e+07
1.210861500000000000e+06
8.422126953125000000e+03
2.183373593750000000e+05
1.631030937500000000e+05
2.602124609375000000e+04
4.327734375000000000e+05
1.363240937500000000e+05
5.016100000000000000e+06
2.794343750000000000e+05
3.297442500000000000e+05
1.600008437500000000e+05
5.290881250000000000e+05
1.310613125000000000e+05
6.173851875000000000e+05
1.641971484375000000e+04
9.257233125000000000e+05
2.989063867187500000e+04
1.241410125000000000e+06
1.544119531250000000e+05
6.753739375000000000e+05
1.853782421875000000e+04
1.286954765625000000e+05
9.271804687500000000e+04
6.446741796875000000e+04
1.070812187500000000e+05
3.299654062500000000e+05
4.370474500000000000e+06
6.709128750000000000e+05
2.421368593750000000e+05
1.005055937500000000e+05
1.879059250000000000e+06
6.594414062500000000e+04
2.063203593750000000e+05
3.875987109375000000e+04
7.750027500000000000e+05
5.489630078125000000e+04
3.623568250000000000e+06
9.200193750000000000e+05
4.428581875000000000e+05
1.187677539062500000e+04
1.402833906250000000e+05
2.362495781250000000e+05
1.207065703125000000e+05
4.303942968750000000e+04
3.211105346679687500e+02
9.663386718750000000e+04
6.141183593750000000e+03
7.826067500000000000e+05
2.068623750000000000e+05
5.829295898437500000e+03
2.620275750000000000e+06
5.477554296875000000e+04
6.436421484375000000e+04
1.142979100000000000e+07
1.418225390625000000e+04
1.241018554687500000e+04
6.461723828125000000e+04
1.242709375000000000e+05
8.332835388183593750e+01
7.990945312500000000e+04
1.284622650146484375e+02
1.205983123779296875e+02
1.256486640000000000e+08
1.786903437500000000e+05
2.457410781250000000e+05
5.471305500000000000e+06
9.697192000000000000e+06
1.921269600000000000e+07
1.942920000000000000e+07
1.809720875000000000e+06
2.036997343750000000e+05
1.916552656250000000e+05
2.021131250000000000e+04
6.998274000000000000e+06
5.786493125000000000e+05
4.778430312500000000e+05
6.142238000000000000e+07
8.381150500000000000e+06
9.697192000000000000e+06
1.136133632000000000e+09
1.921269600000000000e+07
1.942920000000000000e+07
1.458269300000000000e+07
2.036997343750000000e+05
1.916552656250000000e+05
6.998274000000000000e+06
1.895441200000000000e+07
6.142238000000000000e+07
8.381150500000000000e+06
1.136133632000000000e+09
1.458269300000000000e+07
1.895441200000000000e+07
1.309614500000000000e+06
5.424700000000000000e+05
5.016100000000000000e+06
1.656916718750000000e+05
2.233510000000000000e+06
1.228778625000000000e+06
1.879059250000000000e+06
5.424700000000000000e+05
5.016100000000000000e+06
1.041099140625000000e+05
1.411093000000000000e+06
3.128596679687500000e+04
1.308799531250000000e+05
1.879059250000000000e+06
1.411093000000000000e+06
3.128596679687500000e+04
1.308799531250000000e+05
2.812907617187500000e+04
2.812907617187500000e+04
9.645490625000000000e+05
3.065642500000000000e+06
5.570977734375000000e+04
5.386792500000000000e+05
1.432657812500000000e+04
6.338481640625000000e+04
5.515514800000000000e+07
6.098166015625000000e+04
1.350327656250000000e+05
6.814734375000000000e+04
6.059135000000000000e+05
4.090005750000000000e+06
1.921269600000000000e+07
1.596916125000000000e+06
3.250172000000000000e+06
1.008960781250000000e+05
5.392955625000000000e+05
1.034593200000000000e+08
3.849026500000000000e+06
1.859922000000000000e+07
3.081218500000000000e+06
9.815380000000000000e+07
9.719117968750000000e+04
1.083243200000000000e+07
1.675822000000000000e+07
1.066622100000000000e+07
6.709128750000000000e+05
6.953123500000000000e+06
3.360008500000000000e+06
7.606733750000000000e+05
4.797368500000000000e+06
2.362049531250000000e+05
4.527376875000000000e+05
8.941988480000000000e+08
2.797329600000000000e+07
1.083243200000000000e+07
9.244016640000000000e+08
1.675822000000000000e+07
1.066622100000000000e+07
2.506335200000000000e+08
6.953123500000000000e+06
3.360008500000000000e+06
4.797368500000000000e+06
6.863616819200000000e+10
8.941988480000000000e+08
2.797329600000000000e+07
9.244016640000000000e+08
2.506335200000000000e+08
6.863616819200000000e+10
1.391007968750000000e+05
2.273493593750000000e+05
4.588984500000000000e+06
9.829315625000000000e+04
6.703209375000000000e+04
2.572429500000000000e+06
2.740641015625000000e+04
2.393037812500000000e+05
8.509780468750000000e+04
2.105180175781250000e+03
3.423546142578125000e+03
6.714592895507812500e+02
1.231999375000000000e+05
5.369175000000000000e+05
1.525446875000000000e+06
1.437037343750000000e+05
4.625042500000000000e+06
6.421276953125000000e+04
1.231999375000000000e+05
1.058750000000000000e+04
6.576439375000000000e+05
1.057760625000000000e+05
3.819466250000000000e+05
1.826446250000000000e+05
1.817271679687500000e+04
7.820929687500000000e+04
3.444914453125000000e+04
1.005514296875000000e+05
2.523125781250000000e+04
3.764295410156250000e+03
7.563642968750000000e+04
3.254814062500000000e+05
1.513960351562500000e+04
1.146376171875000000e+05
1.431472265625000000e+04
7.603971093750000000e+04
1.705714062500000000e+04
1.320259094238281250e+02
9.647382812500000000e+04
3.569530000000000000e+05
7.010395050048828125e+01
1.001867828369140625e+02
2.160370117187500000e+04
8.245796203613281250e+01
1.820979003906250000e+02
2.881852500000000000e+06
5.271181869506835938e+01
8.321141815185546875e+01
1.023070546875000000e+05
2.846903600000000000e+07
8.478778125000000000e+04
6.645419531250000000e+04
6.102663125000000000e+05
5.036326599121093750e+02
1.829236400000000000e+07
1.714045156250000000e+05
1.687768798828125000e+03
4.487310791015625000e+01
6.417983203125000000e+04
2.205580322265625000e+03
9.436440277099609375e+01
1.300553750000000000e+06
3.337640991210937500e+02
3.445959167480468750e+02
3.291460156250000000e+04
1.155164600000000000e+07
2.504570400000000000e+07
1.606588800000000000e+07
2.322053000000000000e+06
1.095310000000000000e+07
5.971434375000000000e+05
5.288500000000000000e+05
3.034252500000000000e+06
4.527376875000000000e+05
3.919925312500000000e+05
8.102521344000000000e+09
5.505806080000000000e+08
1.155164600000000000e+07
2.014585600000000000e+09
2.504570400000000000e+07
1.606588800000000000e+07
9.302396800000000000e+07
1.095310000000000000e+07
5.971434375000000000e+05
3.034252500000000000e+06
7.200489472000000000e+10
8.102521344000000000e+09
5.505806080000000000e+08
2.014585600000000000e+09
9.302396800000000000e+07
7.200489472000000000e+10
1.274618500000000000e+07
1.350890100000000000e+07
2.007433750000000000e+06
1.728916000000000000e+07
6.735510625000000000e+05
5.438255000000000000e+05
1.238109568000000000e+09
1.194888100000000000e+07
1.416177100000000000e+07
1.636717400000000000e+07
1.254437632000000000e+09
6.285422000000000000e+06
2.879633920000000000e+08
1.860713200000000000e+07
1.551071093750000000e+05
4.878556500000000000e+06
9.639124218750000000e+04
1.361408007812500000e+04
1.022186880000000000e+08
2.208651562500000000e+05
5.864036718750000000e+04
6.441338880000000000e+09
8.138208500000000000e+06
7.374302500000000000e+05
3.142992076800000000e+10
4.632503000000000000e+06
4.101282500000000000e+05
3.058888960000000000e+08
2.089693281250000000e+05
1.458139355468750000e+04
2.937656250000000000e+05
7.200489472000000000e+10
1.603705760000000000e+08
3.414994062500000000e+05
2.226345200000000000e+07
1.066398750000000000e+06
6.609273600000000000e+08
2.487769000000000000e+06
5.275923000000000000e+06
7.088660156250000000e+04
2.468204250000000000e+06
5.262501953125000000e+04
2.300752800000000000e+07
1.921269600000000000e+07
9.822400000000000000e+04
3.846619000000000000e+06
5.156047363281250000e+03
4.962248828125000000e+04
8.135998080000000000e+08
3.118575781250000000e+04
1.031860937500000000e+05
8.359254882812500000e+03
6.195286718750000000e+04
3.039020312500000000e+05
1.653051625000000000e+06
5.602391406250000000e+04
4.297224609375000000e+04
1.452933200000000000e+07
2.175965312500000000e+05
9.663700000000000000e+04
3.860676250000000000e+05
1.196893359375000000e+05
7.536166406250000000e+04
7.909148750000000000e+05
2.960482240000000000e+08
1.860713200000000000e+07
5.112125000000000000e+04
1.236824960000000000e+08
7.643426875000000000e+05
7.738520019531250000e+03
3.607412736000000000e+10
1.241352300000000000e+07
3.291425937500000000e+05
2.657291000000000000e+06
2.570444320000000000e+08
2.382108007812500000e+04
1.878997500000000000e+05
4.352162812500000000e+05
1.244595156250000000e+05
3.919877685546875000e+03
1.072504609375000000e+05
2.078918945312500000e+03
3.922318750000000000e+05
3.056374414062500000e+04
1.343252148437500000e+04
5.883312011718750000e+03
2.215290039062500000e+03
2.509162109375000000e+04
2.252508984375000000e+04
1.074252734375000000e+04
8.522125000000000000e+04
1.449329375000000000e+05
5.036795703125000000e+04
1.864794335937500000e+04
1.481400312500000000e+05
8.710991250000000000e+05
1.984018125000000000e+06
5.799309570312500000e+03
4.625042500000000000e+06
6.797855468750000000e+03
1.481400312500000000e+05
9.650228271484375000e+02
4.011372812500000000e+05
2.873273681640625000e+03
3.972874375000000000e+05
6.470533691406250000e+03
9.900169677734375000e+02
8.051884375000000000e+04
1.373207153320312500e+03
3.685999511718750000e+03
1.619537109375000000e+03
1.728916000000000000e+07
2.088371093750000000e+04
9.838647656250000000e+04
6.867156250000000000e+04
7.627073437500000000e+04
8.850328125000000000e+04
7.273313500000000000e+06
3.535592187500000000e+04
3.372428125000000000e+05
8.238460937500000000e+03
2.142843750000000000e+04
3.972522000000000000e+06
4.234971679687500000e+03
3.383535625000000000e+05
2.009700390625000000e+04
6.339496875000000000e+04
2.904857500000000000e+05
2.089849414062500000e+04
6.258708750000000000e+05
5.718041796875000000e+04
3.265165820312500000e+04
2.665005937500000000e+05
8.095303125000000000e+04
5.253616406250000000e+04
9.657365000000000000e+05
4.318386230468750000e+03
1.459596406250000000e+05
3.252243250000000000e+06
6.709128750000000000e+05
2.841648437500000000e+04
3.252243250000000000e+06
1.041172734375000000e+05
7.273313500000000000e+06
5.367760937500000000e+04
2.862582031250000000e+04
1.215738891601562500e+03
6.867293750000000000e+04
3.809175500000000000e+06
3.584808105468750000e+03
9.958963281250000000e+04
1.694972045898437500e+03
1.690116601562500000e+04
8.596599375000000000e+05
1.643223125000000000e+05
6.638562011718750000e+03
2.289001757812500000e+04
9.493539000000000000e+06
1.256486640000000000e+08
1.116276200000000000e+07
1.475698125000000000e+05
9.110682400000000000e+07
5.115824000000000000e+06
9.539460937500000000e+04
1.083254160000000000e+08
1.961830468750000000e+05
3.186020898437500000e+04
1.302738329600000000e+10
2.914366000000000000e+07
2.233090937500000000e+05
1.714061004800000000e+10
4.496939000000000000e+06
3.720822187500000000e+05
5.458713088000000000e+09
4.354262000000000000e+06
1.106996484375000000e+05
2.138319000000000000e+06
7.200489472000000000e+10
1.216117920000000000e+08
3.611021250000000000e+05
2.465642000000000000e+07
6.314879200000000000e+07
1.546558336000000000e+09
4.930204800000000000e+07
8.103304687500000000e+04
2.224732656250000000e+05
1.389984625000000000e+06
5.187660625000000000e+05
5.916102734375000000e+04
3.669747265625000000e+04
1.535566875000000000e+05
4.370474500000000000e+06
4.335616562500000000e+05
5.973826875000000000e+05
3.391826750000000000e+06
3.915585546875000000e+04
5.270726250000000000e+05
1.245788750000000000e+06
8.281061718750000000e+04
8.796970703125000000e+03
2.623116601562500000e+04
7.728267089843750000e+03
3.093960351562500000e+04
3.254814062500000000e+05
1.580348144531250000e+04
6.895602050781250000e+03
4.370474500000000000e+06
1.526397167968750000e+04
4.329260937500000000e+04
1.577005761718750000e+04
3.421519921875000000e+04
1.939050156250000000e+05
3.214873125000000000e+05
2.997310937500000000e+05
4.596488750000000000e+05
2.455321289062500000e+04
2.703653125000000000e+05
6.330754687500000000e+04
1.988779882812500000e+04
2.093938281250000000e+05
4.934632812500000000e+03
3.054298706054687500e+02
4.546093437500000000e+05
1.872393125000000000e+05
1.428561250000000000e+05
1.544529492187500000e+04
7.350232500000000000e+06
1.603925781250000000e+05
4.591800781250000000e+04
2.983328750000000000e+05
7.658286132812500000e+03
1.011878784179687500e+03
1.037637562500000000e+06
1.711290039062500000e+04
4.961685485839843750e+02
2.116496718750000000e+05
2.547535156250000000e+04
2.631875000000000000e+04
2.963691250000000000e+05
1.398599375000000000e+05
2.016956445312500000e+04
1.531640502929687500e+03
3.040738085937500000e+04
6.277235937500000000e+04
2.436296679687500000e+04
2.777290000000000000e+05
2.209662812500000000e+05
9.268363281250000000e+03
2.746769531250000000e+04
1.812536875000000000e+05
1.426809125000000000e+06
9.823001250000000000e+05
4.126336250000000000e+05
1.349779062500000000e+05
4.112354000000000000e+06
1.593886621093750000e+04
3.896485312500000000e+05
4.519910644531250000e+03
8.885605468750000000e+03
3.249394140625000000e+04
2.428768554687500000e+03
3.331885937500000000e+05
3.706237792968750000e+03
2.893904687500000000e+04
4.208816875000000000e+05
1.401721406250000000e+05
5.331411743164062500e+02
1.568387207031250000e+04
1.182748000000000000e+07
2.526685200000000000e+07
1.921269600000000000e+07
1.598004687500000000e+05
2.380592500000000000e+06
1.290429000000000000e+06
7.006687500000000000e+03
3.893710500000000000e+06
7.100812500000000000e+04
2.103711523437500000e+04
1.259532160000000000e+09
1.174940000000000000e+08
4.213696875000000000e+05
7.976275200000000000e+08
6.941251250000000000e+05
2.175176500000000000e+06
2.224852320000000000e+08
1.543616093750000000e+05
8.250751562500000000e+04
2.131595937500000000e+05
3.340354355200000000e+10
1.579350700000000000e+07
1.608348700000000000e+07
1.109075400000000000e+07
4.472074000000000000e+06
2.584740960000000000e+08
2.200017200000000000e+07
1.741814800000000000e+07
2.031725976562500000e+04
4.264976000000000000e+06
1.215150146484375000e+03
1.689705810546875000e+03
6.121866240000000000e+08
8.472335937500000000e+03
5.397651855468750000e+03
6.538471069335937500e+02
3.407371093750000000e+04
1.165669750000000000e+06
4.432659062500000000e+05
7.996975781250000000e+04
3.031364375000000000e+05
1.590672968750000000e+05
2.681965937500000000e+05
3.449701562500000000e+04
2.659174062500000000e+05
5.461154375000000000e+05
3.009240312500000000e+05
2.723156562500000000e+05
1.552261625000000000e+06
2.345139062500000000e+05
1.617393906250000000e+05
1.468211625000000000e+06
1.860713200000000000e+07
2.051633250000000000e+06
2.974132226562500000e+04
6.951267500000000000e+05
2.532788437500000000e+05
2.703653125000000000e+05
3.242490820312500000e+04
2.856599687500000000e+05
1.278602968750000000e+05
2.267071250000000000e+06
3.403339250000000000e+06
1.382465937500000000e+05
7.131405000000000000e+05
2.202465312500000000e+05
3.473854750000000000e+06
2.508160000000000000e+05
4.459756000000000000e+07
1.515312187500000000e+05
2.578446562500000000e+05
1.321577968750000000e+05
2.227409960937500000e+04
1.589227812500000000e+05
6.843785000000000000e+05
8.094021093750000000e+04
4.991038500000000000e+06
1.035478828125000000e+05
1.788754800000000000e+07
1.874440468750000000e+05
8.301018750000000000e+04
4.628644687500000000e+05
1.852964000000000000e+07
3.153090234375000000e+04
1.429065468750000000e+05
3.977665625000000000e+04
2.802983437500000000e+05
1.618902100000000000e+07
1.061955234375000000e+05
6.619770312500000000e+04
7.746540527343750000e+02
1.060041308593750000e+04
4.371751250000000000e+05
3.869876220703125000e+03
1.291378250000000000e+06
1.254323281250000000e+05
5.604395312500000000e+04
5.424700000000000000e+05
1.061939375000000000e+06
2.489992750000000000e+06
2.778844140625000000e+04
5.582622500000000000e+05
5.589641796875000000e+04
5.588849375000000000e+05
3.111780664062500000e+04
1.222117125000000000e+06
3.043439062500000000e+04
7.568750625000000000e+05
1.663033398437500000e+04
2.225585937500000000e+04
2.393816250000000000e+05
3.417231640625000000e+04
3.342484765625000000e+04
3.100154296875000000e+04
2.040845312500000000e+05
4.759154687500000000e+04
1.332097875000000000e+06
1.345802875000000000e+06
1.617344375000000000e+05
1.107804375000000000e+05
7.273313500000000000e+06
4.095722656250000000e+04
1.788182031250000000e+05
1.439717656250000000e+05
1.342346406250000000e+05
3.432099062500000000e+05
2.922794000000000000e+07
1.073724000000000000e+06
7.170654687500000000e+04
6.449121875000000000e+04
5.202835937500000000e+05
3.212382750000000000e+06
2.092972187500000000e+05
2.705724375000000000e+05
3.481007500000000000e+05
1.573737890625000000e+04
9.364586875000000000e+05
5.800527500000000000e+06
6.402321484375000000e+04
8.522958750000000000e+05
3.272764687500000000e+05
4.588736328125000000e+04
3.224521289062500000e+04
2.175398828125000000e+04
2.115388906250000000e+05
1.181669677734375000e+03
8.143756103515625000e+01
5.804212402343750000e+03
2.702338400000000000e+07
4.211928750000000000e+05
2.670476171875000000e+04
1.089914125000000000e+06
1.196576093750000000e+05
4.370474500000000000e+06
9.894171875000000000e+04
2.270092031250000000e+05
4.928121562500000000e+05
8.552429687500000000e+03
1.418831718750000000e+05
2.297716718750000000e+05
4.287451250000000000e+05
5.472134375000000000e+05
4.840782812500000000e+04
4.287451250000000000e+05
2.797066250000000000e+05
1.830184531250000000e+05
2.648142382812500000e+04
9.413847656250000000e+04
7.923093125000000000e+05
6.964520874023437500e+02
1.416416137695312500e+03
1.177075000000000000e+04
1.754660781250000000e+05
9.207919531250000000e+04
1.458736035156250000e+04
3.984790954589843750e+02
8.940398400000000000e+07
1.329909375000000000e+06
4.588984500000000000e+06
4.308298125000000000e+05
7.071771500000000000e+06
1.022186880000000000e+08
3.314111750000000000e+06
2.068623750000000000e+05
9.134886718750000000e+03
2.046782500000000000e+05
5.922163085937500000e+02
4.714848632812500000e+02
3.751210937500000000e+02
3.759346008300781250e+02
3.073329664000000000e+09
5.417606656000000000e+09
7.439668000000000000e+07
1.227800800000000000e+07
8.302190625000000000e+05
3.020699750000000000e+06
2.748504960000000000e+08
4.895161500000000000e+06
8.144860000000000000e+07
1.620543437500000000e+05
1.111691650390625000e+03
1.677291870117187500e+03
5.165520629882812500e+02
5.024373779296875000e+02
4.299702758789062500e+02
3.446939392089843750e+02
2.380291891200000000e+10
2.260704512000000000e+09
4.701595136000000000e+09
9.983246000000000000e+06
2.371556800000000000e+08
3.984236083984375000e+03
1.017827148437500000e+03
1.456014648437500000e+03
4.642370910644531250e+02
1.614449049600000000e+10
3.629945556640625000e+03
1.517694375000000000e+05
4.271953000000000000e+06
2.941803515625000000e+04
2.016705169677734375e+02
5.992843750000000000e+04
7.071771500000000000e+06
1.715859832763671875e+02
5.278314000000000000e+06
7.696138000488281250e+01
1.642464648437500000e+04
1.236014099121093750e+02
4.474019000000000000e+06
1.798611523437500000e+04
1.308270263671875000e+02
6.349607812500000000e+04
1.046259600000000000e+08
4.475845642089843750e+02
4.271953000000000000e+06
1.834456176757812500e+02
2.941792382812500000e+04
2.016707305908203125e+02
2.324306793212890625e+02
7.071798500000000000e+06
1.715852355957031250e+02
7.696100616455078125e+01
1.342191200000000000e+07
2.487192077636718750e+02
4.474023500000000000e+06
1.295803527832031250e+02
1.798614843750000000e+04
1.308266448974609375e+02
1.101914062500000000e+03
1.046265680000000000e+08
4.475867004394531250e+02
1.834456176757812500e+02
2.324306793212890625e+02
6.310803833007812500e+02
1.342191200000000000e+07
2.487192077636718750e+02
1.295803527832031250e+02
1.101914062500000000e+03
6.310803833007812500e+02
2.879645120000000000e+08
1.634137700000000000e+07
4.883590625000000000e+05
9.151541600000000000e+07
8.533849375000000000e+05
7.532832031250000000e+04
2.982196838400000000e+10
6.359439500000000000e+06
3.388314687500000000e+05
1.416605125000000000e+06
9.476948000000000000e+06
5.193854687500000000e+04
1.269227800000000000e+07
1.025390390625000000e+05
3.188841601562500000e+04
3.262670625000000000e+05
2.188110351562500000e+04
1.502606718750000000e+05
4.543055000000000000e+05
5.178175781250000000e+04
6.636073730468750000e+03
4.543595703125000000e+04
5.691909765625000000e+04
2.520333593750000000e+04
2.224781640625000000e+04
1.228861083984375000e+02
6.136688671875000000e+04
9.580278320312500000e+02
2.864613867187500000e+04
1.656127300000000000e+07
1.066615900000000000e+07
1.373337031250000000e+05
1.025797600000000000e+07
2.766539062500000000e+05
9.688300781250000000e+04
1.976890368000000000e+09
6.585815625000000000e+05
7.266298125000000000e+05
1.236577250000000000e+06
2.397754000000000000e+07
2.772562304687500000e+04
1.618494375000000000e+06
1.428320156250000000e+05
4.943610839843750000e+02
4.619291875000000000e+05
3.878612060546875000e+02
2.047278747558593750e+02
7.474752343750000000e+04
5.193007202148437500e+02
2.645588073730468750e+02
2.192846984863281250e+02
3.822997131347656250e+02
1.976151953125000000e+04
8.251531250000000000e+04
1.313279375000000000e+05
7.601267187500000000e+04
4.304924218750000000e+04
1.424056600000000000e+07
2.845384375000000000e+05
8.203150781250000000e+04
3.768594062500000000e+05
7.036225000000000000e+06
9.665525000000000000e+04
1.788759875000000000e+06
1.421660200000000000e+07
2.465862800000000000e+07
5.017284687500000000e+05
1.004229600000000000e+07
2.837707187500000000e+05
2.917717812500000000e+05
8.803830784000000000e+09
1.417563600000000000e+07
1.272645900000000000e+07
7.994544000000000000e+06
6.733992960000000000e+09
2.631035500000000000e+06
5.278404500000000000e+06
1.022194640000000000e+08
1.886276757812500000e+04
1.768844687500000000e+05
4.527320625000000000e+05
2.631035500000000000e+06
4.921000000000000000e+08
1.022194640000000000e+08
1.768844687500000000e+05
4.921000000000000000e+08
3.348884375000000000e+05
2.345152343750000000e+05
3.865613671875000000e+04
2.716902500000000000e+05
7.335195800781250000e+03
2.506524375000000000e+05
9.683368750000000000e+04
2.663793945312500000e+04
5.720725625000000000e+05
1.332070312500000000e+05
1.743397265625000000e+04
5.738993359375000000e+04
1.173174687500000000e+05
1.019462031250000000e+05
1.198656738281250000e+04
1.647610468750000000e+05
8.905802343750000000e+04
1.937122500000000000e+05
1.909873046875000000e+04
2.506524375000000000e+05
5.503437890625000000e+04
6.204694140625000000e+04
5.642692968750000000e+04
4.382495937500000000e+05
2.546648242187500000e+04
5.738993359375000000e+04
2.378940820312500000e+04
7.911809570312500000e+03
1.647610468750000000e+05
1.937122500000000000e+05
2.551128710937500000e+04
2.231622265625000000e+04
6.204694140625000000e+04
4.382495937500000000e+05
2.378940820312500000e+04
2.551128710937500000e+04
7.936114375000000000e+05
9.303958984375000000e+03
1.206378906250000000e+04
6.773189843750000000e+04
7.107253906250000000e+03
4.428540234375000000e+04
2.203140625000000000e+03
1.107941162109375000e+03
3.268136250000000000e+05
2.219858203125000000e+04
1.477162500000000000e+05
6.846095500000000000e+06
7.116532000000000000e+06
1.066615900000000000e+07
4.317361328125000000e+04
4.294456000000000000e+06
3.927611562500000000e+05
1.577430419921875000e+03
7.273348500000000000e+06
1.258336328125000000e+04
2.387924218750000000e+04
1.171681520000000000e+08
2.898682400000000000e+07
9.069719531250000000e+04
9.201726720000000000e+08
5.265102343750000000e+04
8.036985156250000000e+04
8.332795200000000000e+07
2.140378515625000000e+04
1.770780395507812500e+03
5.768800781250000000e+04
1.605088800000000000e+08
1.077190625000000000e+06
7.493588281250000000e+04
7.772335625000000000e+05
6.315271875000000000e+05
8.587535625000000000e+05
1.425957280000000000e+08
4.311047500000000000e+05
2.742441280000000000e+08
5.868948046875000000e+04
7.314877000000000000e+06
3.099294140625000000e+04
8.553747500000000000e+05
6.037440000000000000e+09
9.348266250000000000e+05
9.948615625000000000e+04
2.946937500000000000e+06
4.212692578125000000e+04
7.171431875000000000e+05
9.566984863281250000e+02
3.889123750000000000e+05
7.141000976562500000e+02
1.846279174804687500e+03
1.938319531250000000e+04
2.872417907714843750e+02
1.530776464843750000e+04
1.757872558593750000e+03
3.866684570312500000e+03
2.908416250000000000e+06
5.339219000000000000e+06
1.100065156250000000e+05
2.908416250000000000e+06
2.953516800000000000e+08
1.921291600000000000e+07
7.629860937500000000e+04
6.505214800000000000e+07
1.381497187500000000e+05
1.614761328125000000e+04
1.789283123200000000e+10
4.633344062500000000e+05
1.878445898437500000e+04
3.547028125000000000e+04
2.240824062500000000e+05
1.165888476562500000e+04
1.986685312500000000e+05
1.950303588867187500e+03
2.632474804687500000e+04
5.263116875000000000e+05
4.885333203125000000e+04
2.442868896484375000e+03
2.149743945312500000e+04
2.366968505859375000e+03
3.931875976562500000e+03
2.729585937500000000e+03
1.203369625000000000e+06
1.740111200000000000e+07
1.860699200000000000e+07
1.809720875000000000e+06
5.521657500000000000e+05
3.951329375000000000e+05
2.654185351562500000e+04
3.059354500000000000e+06
4.067565937500000000e+05
4.527320625000000000e+05
1.683260400000000000e+07
2.026068750000000000e+06
1.203369625000000000e+06
1.186835072000000000e+09
1.740111200000000000e+07
1.860699200000000000e+07
3.415646500000000000e+06
5.521657500000000000e+05
3.951329375000000000e+05
3.059354500000000000e+06
1.189219800000000000e+07
1.683260400000000000e+07
2.026068750000000000e+06
1.186835072000000000e+09
3.415646500000000000e+06
1.189219800000000000e+07
7.109043000000000000e+06
7.116532000000000000e+06
1.066615900000000000e+07
1.279819296875000000e+05
1.454484250000000000e+06
7.994583125000000000e+05
3.945637890625000000e+04
7.273348500000000000e+06
1.105183125000000000e+05
6.322856640625000000e+04
1.712866400000000000e+08
6.305811500000000000e+06
4.644607500000000000e+05
9.201726720000000000e+08
2.053067656250000000e+05
5.885800625000000000e+05
7.345255200000000000e+07
1.198908671875000000e+05
1.545833125000000000e+05
1.261060468750000000e+05
1.289631680000000000e+08
3.754449750000000000e+06
4.291648437500000000e+05
3.061365500000000000e+06
1.247462750000000000e+06
1.476234250000000000e+06
1.546844687500000000e+05
5.016090500000000000e+06
1.468218750000000000e+06
9.084600000000000000e+04
1.041761718750000000e+05
2.531486718750000000e+05
5.000710937500000000e+04
5.024495937500000000e+05
6.318799218750000000e+04
1.162423750000000000e+06
1.948712500000000000e+05
9.084808593750000000e+04
2.322202148437500000e+04
9.379540800000000000e+07
3.018748437500000000e+05
5.516825000000000000e+05
1.531964218750000000e+05
8.307470000000000000e+06
1.940300625000000000e+05
1.214021250000000000e+05
8.137013500000000000e+06
3.868995000000000000e+05
1.450097968750000000e+05
1.296999200000000000e+07
1.718869062500000000e+05
3.356703515625000000e+04
2.357650750000000000e+06
6.634248125000000000e+05
2.666869375000000000e+05
1.393499375000000000e+06
7.141788000000000000e+07
5.394284500000000000e+06
9.213945312500000000e+04
1.264016500000000000e+06
7.635959375000000000e+05
1.040537400000000000e+07
2.052551200000000000e+07
2.104968593750000000e+05
1.413262343750000000e+05
5.777395500000000000e+06
4.735155500000000000e+06
1.990711562500000000e+05
1.311668000000000000e+08
2.753289843750000000e+04
3.315942250000000000e+06
6.299064453125000000e+04
1.515255781250000000e+05
7.272489600000000000e+08
2.237435156250000000e+05
1.676433593750000000e+05
6.934111000000000000e+06
2.616343554687500000e+04
4.485264960000000000e+08
8.242430468750000000e+04
1.345951093750000000e+05
3.951766562500000000e+05
2.768283500000000000e+06
2.748870400000000000e+07
1.921291600000000000e+07
1.632126250000000000e+05
1.440063875000000000e+06
2.970229000000000000e+06
7.233901367187500000e+03
3.903648750000000000e+06
1.583247656250000000e+04
8.409867187500000000e+04
3.176976000000000000e+08
2.570615680000000000e+08
3.736593750000000000e+04
7.470371200000000000e+08
9.340400781250000000e+04
1.354020781250000000e+05
1.099645760000000000e+08
1.347016113281250000e+04
9.943983398437500000e+03
1.550205273437500000e+04
1.209357926400000000e+10
3.443590625000000000e+05
8.771617968750000000e+04
1.006713593750000000e+05
3.948800000000000000e+04
1.061302625000000000e+06
1.062814960000000000e+08
7.744338750000000000e+05
1.665732500000000000e+06
1.765952000000000000e+06
4.671218500000000000e+06
6.054972656250000000e+03
4.414800960000000000e+08
1.042176720000000000e+08
7.936076875000000000e+05
1.730375500000000000e+06
4.775322560000000000e+08
2.504388281250000000e+05
2.766821250000000000e+05
1.030114500000000000e+06
2.557381835937500000e+04
6.242859765625000000e+04
3.938603906250000000e+04
6.342660156250000000e+04
2.308049218750000000e+04
5.362185000000000000e+05
4.104669531250000000e+04
1.050317031250000000e+05
3.780648046875000000e+04
5.760279687500000000e+04
2.074896679687500000e+04
2.041976953125000000e+04
9.424298828125000000e+03
2.874817250000000000e+06
3.840731875000000000e+05
3.686001562500000000e+05
2.654099500000000000e+06
9.663979375000000000e+05
1.856274871826171875e+02
1.424648559570312500e+03
3.528566250000000000e+05
7.306557812500000000e+04
1.449333437500000000e+05
4.370437000000000000e+06
1.165888476562500000e+04
8.065041406250000000e+04
1.890412656250000000e+05
1.532808691406250000e+04
3.254808125000000000e+05
2.784948828125000000e+04
8.453150390625000000e+03
4.572450390625000000e+04
3.172214062500000000e+05
6.691638671875000000e+03
3.986438281250000000e+04
2.221429687500000000e+04
7.207593125000000000e+05
8.844573437500000000e+04
1.194927636718750000e+04
1.580720507812500000e+04
1.856100000000000000e+04
2.956708203125000000e+04
1.433657128906250000e+04
5.338458750000000000e+05
1.295131484375000000e+05
1.240195117187500000e+04
9.706132031250000000e+04
3.840141113281250000e+03
3.042017382812500000e+04
4.371780625000000000e+05
1.602498535156250000e+04
5.615247558593750000e+03
1.264744750976562500e+03
2.456194921875000000e+04
2.402310351562500000e+04
7.159263281250000000e+04
1.287508375000000000e+06
1.206092895507812500e+03
1.568448437500000000e+04
3.734223632812500000e+03
8.135517187500000000e+04
2.303520996093750000e+03
7.239219375000000000e+05
1.329677500000000000e+06
2.098545312500000000e+04
1.539266093750000000e+05
1.420881875000000000e+05
5.843208203125000000e+04
1.260488125000000000e+05
3.930324062500000000e+05
6.812148437500000000e+04
9.500710937500000000e+04
4.686191600000000000e+07
9.536404687500000000e+04
1.091887500000000000e+05
4.307361250000000000e+05
3.105026000000000000e+07
1.239771800000000000e+07
1.646907501220703125e+02
5.840450390625000000e+04
5.898852539062500000e+02
1.016551437377929688e+02
2.716192400000000000e+07
2.586499267578125000e+03
1.381908874511718750e+02
5.050388488769531250e+02
2.273130126953125000e+03
4.162309765625000000e+04
1.462275360000000000e+08
2.554178000000000000e+07
3.776689375000000000e+05
1.022194640000000000e+08
4.176931875000000000e+05
6.629632812500000000e+04
7.200489472000000000e+10
8.965614000000000000e+06
6.248307500000000000e+05
3.752309250000000000e+06
2.087636800000000000e+08
9.237282226562500000e+03
1.222811718750000000e+05
5.024495937500000000e+05
1.841907500000000000e+05
9.167854492187500000e+03
5.517814375000000000e+05
2.716088281250000000e+04
3.823467187500000000e+04
2.670075937500000000e+05
9.966069531250000000e+04
1.819731562500000000e+05
7.406015625000000000e+04
4.517125312500000000e+05
2.440398000000000000e+06
3.589246875000000000e+05
1.819731562500000000e+05
2.440398000000000000e+06
1.636668281250000000e+05
1.650354687500000000e+05
2.230677031250000000e+05
9.895221679687500000e+03
3.304207031250000000e+04
3.767179687500000000e+04
2.561178955078125000e+03
3.959113281250000000e+04
4.149923828125000000e+03
1.172217041015625000e+03
1.326351171875000000e+04
9.631506250000000000e+04
8.721213989257812500e+02
7.511797363281250000e+03
3.123618652343750000e+03
5.784330468750000000e+04
2.358965576171875000e+03
5.647136230468750000e+02
6.763524780273437500e+02
2.452740325927734375e+02
2.809112792968750000e+03
4.480628662109375000e+02
1.076454785156250000e+04
6.985847167968750000e+03
1.026206436157226562e+02
1.968597778320312500e+03
2.477372031250000000e+05
2.271322070312500000e+04
2.393565673828125000e+03
3.219985312500000000e+05
4.714533437500000000e+05
1.309766503906250000e+04
2.829130312500000000e+05
2.963500404357910156e+01
8.350350781250000000e+04
8.037875488281250000e+03
1.139769921875000000e+05
4.766397460937500000e+03
1.271299414062500000e+04
4.311206250000000000e+04
3.558352294921875000e+03
5.288235546875000000e+04
6.077608398437500000e+03
5.477195800781250000e+03
3.211709960937500000e+03
5.424735625000000000e+05
1.468218750000000000e+06
3.741072998046875000e+03
2.281811132812500000e+04
5.449206542968750000e+03
2.849581787109375000e+03
4.382634062500000000e+05
4.527320625000000000e+05
2.357899902343750000e+03
8.790151367187500000e+03
2.700843505859375000e+03
1.292139648437500000e+03
8.963565625000000000e+05
4.751014648437500000e+03
8.680504150390625000e+02
8.430418701171875000e+02
3.157595117187500000e+04
3.831716796875000000e+04
5.449206542968750000e+03
9.048942382812500000e+03
4.395874938964843750e+02
4.801772460937500000e+02
5.849687109375000000e+04
1.615885937500000000e+04
2.700843505859375000e+03
2.520816162109375000e+03
1.519958374023437500e+03
8.680504150390625000e+02
3.157595117187500000e+04
5.429724121093750000e+03
4.325836425781250000e+03
4.395874938964843750e+02
5.849687109375000000e+04
2.520816162109375000e+03
5.429724121093750000e+03
1.841561914062500000e+04
2.030660546875000000e+04
1.807684765625000000e+04
1.841561914062500000e+04
8.677399218750000000e+04
8.680602000000000000e+06
4.682125000000000000e+05
6.480856250000000000e+04
6.232596250000000000e+05
1.597381562500000000e+05
1.932212304687500000e+04
1.022194640000000000e+08
5.278404500000000000e+06
4.527320625000000000e+05
4.610698000000000000e+07
2.869900625000000000e+05
8.677399218750000000e+04
1.384793344000000000e+09
8.680602000000000000e+06
4.682125000000000000e+05
7.443144800000000000e+07
6.232596250000000000e+05
1.597381562500000000e+05
1.022194640000000000e+08
2.509690880000000000e+10
4.610698000000000000e+07
2.869900625000000000e+05
1.384793344000000000e+09
7.443144800000000000e+07
2.509690880000000000e+10
1.458658800000000000e+07
1.083882187500000000e+05
6.470023828125000000e+04
1.606093125000000000e+05
2.628467500000000000e+06
2.523869531250000000e+04
1.351358125000000000e+05
1.771032421875000000e+04
2.013283984375000000e+04
1.589995156250000000e+05
3.607452734375000000e+04
2.460679199218750000e+03
6.531094921875000000e+04
1.696698281250000000e+05
3.130638427734375000e+03
2.008692382812500000e+04
6.498986328125000000e+03
1.461764000000000000e+06
1.126531953125000000e+05
9.244388125000000000e+05
1.670468125000000000e+05
1.710268281250000000e+05
2.183412597656250000e+03
9.347667968750000000e+03
1.013792187500000000e+05
8.780164062500000000e+03
5.740262890625000000e+04
4.038941894531250000e+03
1.160115000000000000e+05
1.182745900000000000e+07
2.346548281250000000e+05
1.363733007812500000e+04
6.859531875000000000e+05
4.250555078125000000e+04
7.171624511718750000e+03
6.016085052490234375e+01
1.765052875000000000e+06
2.722260546875000000e+04
5.702151875000000000e+05
1.075446972656250000e+04
7.171624511718750000e+03
6.016085052490234375e+01
1.278670800781250000e+04
4.329022216796875000e+02
1.075446972656250000e+04
4.850239500000000000e+06
6.664269531250000000e+04
4.329022216796875000e+02
4.497241699218750000e+03
1.881939315795898438e+01
6.556050000000000000e+04
3.018308410644531250e+02
