5.000053125000000000e+04
2.483201416015625000e+03
2.053690468750000000e+05
7.865450000000000000e+04
8.506165039062500000e+03
6.189254800000000000e+07
6.013215000000000000e+05
5.036748750000000000e+05
6.189254800000000000e+07
5.356594238281250000e+03
1.815760937500000000e+04
6.422125488281250000e+03
2.368719140625000000e+04
1.212857910156250000e+04
2.695021972656250000e+02
2.259325683593750000e+03
1.709110937500000000e+04
3.667056640625000000e+04
4.888561035156250000e+03
6.401827148437500000e+03
1.667264160156250000e+03
4.870776367187500000e+02
4.200403808593750000e+03
1.885860717773437500e+03
1.565626660156250000e+04
3.763433532714843750e+02
3.921881835937500000e+03
6.097992000000000000e+06
9.000330625000000000e+05
1.549072500000000000e+05
3.333975250000000000e+06
3.560096750000000000e+06
5.079399609375000000e+04
6.719575781250000000e+04
1.972580468750000000e+05
1.352183281250000000e+05
4.283536250000000000e+05
1.705317000000000000e+06
6.607443359375000000e+03
4.283536250000000000e+05
1.046911796875000000e+05
1.059390332031250000e+04
6.086214453125000000e+04
5.546036328125000000e+04
7.973209381103515625e+01
5.945103836059570312e+01
1.937450976562500000e+04
6.613868713378906250e+01
2.607567382812500000e+04
6.872625732421875000e+01
4.927748107910156250e+01
2.917255500000000000e+06
4.893327500000000000e+06
6.592291503906250000e+03
1.474081750000000000e+06
1.702395507812500000e+04
6.395198974609375000e+02
4.540834800000000000e+07
1.204902265625000000e+05
3.402328125000000000e+04
2.708204492187500000e+04
1.517876718750000000e+05
1.890593875000000000e+06
3.484851953125000000e+04
1.218092031250000000e+05
4.941951000000000000e+06
3.287303125000000000e+04
1.782102661132812500e+03
9.363678906250000000e+04
1.208115600000000000e+07
4.490823000000000000e+06
2.708674414062500000e+04
7.895958000000000000e+06
1.126372968750000000e+05
2.242987304687500000e+03
3.285090560000000000e+08
2.413632500000000000e+06
1.525675937500000000e+05
1.119677000000000000e+06
5.467211000000000000e+06
1.448229882812500000e+04
1.595060000000000000e+05
2.331172851562500000e+03
3.036112187500000000e+05
8.596144531250000000e+04
1.262152385711669922e+01
8.092357177734375000e+02
1.097333515625000000e+05
2.761398750000000000e+06
1.721449531250000000e+05
8.919215625000000000e+04
1.412229003906250000e+02
1.782340468750000000e+05
7.246180000000000000e+06
2.923213867187500000e+04
7.033575625000000000e+05
2.879569335937500000e+04
6.428018125000000000e+05
3.397762500000000000e+04
5.362526855468750000e+02
5.074851074218750000e+03
3.738978515625000000e+04
2.469109960937500000e+04
2.163711425781250000e+03
3.320466003417968750e+02
2.041398828125000000e+04
1.724310302734375000e+03
1.092182375000000000e+06
6.011496093750000000e+03
2.209734000000000000e+06
3.425993408203125000e+03
1.464706875000000000e+06
4.699192578125000000e+04
2.363828515625000000e+04
1.387957760000000000e+08
1.638086093750000000e+05
1.058240859375000000e+05
3.070388250000000000e+06
1.354600781250000000e+05
3.630179687500000000e+04
6.533101171875000000e+04
3.379271093750000000e+04
4.280744921875000000e+04
1.806506054687500000e+04
2.129657897949218750e+02
1.526409423828125000e+03
4.730159375000000000e+04
6.528464355468750000e+02
7.037527465820312500e+01
1.353262573242187500e+03
1.174558300000000000e+07
2.840680312500000000e+05
2.647425390625000000e+04
1.556231000000000000e+06
1.145033281250000000e+05
6.522329711914062500e+01
1.538983520000000000e+08
2.298869000000000000e+06
8.820974609375000000e+03
8.082751562500000000e+04
9.020265625000000000e+05
9.862563476562500000e+03
4.202051562500000000e+04
8.006710449218750000e+03
4.084258593750000000e+04
1.427129882812500000e+03
1.418059448242187500e+03
1.212087792968750000e+04
1.433917343750000000e+05
2.218535546875000000e+04
9.739803125000000000e+05
4.893327500000000000e+06
2.647465429687500000e+04
7.104123046875000000e+03
3.613970312500000000e+05
2.541656562500000000e+05
2.740566162109375000e+03
4.074694824218750000e+03
6.226358125000000000e+05
2.267861250000000000e+05
6.518075195312500000e+03
3.549735156250000000e+04
3.497455625000000000e+05
4.274848632812500000e+03
8.868723750000000000e+05
1.016872343750000000e+05
1.810178750000000000e+05
2.190883593750000000e+04
7.805993164062500000e+03
4.024370312500000000e+04
3.242172546386718750e+02
1.968354218750000000e+05
3.031186132812500000e+04
4.701451660156250000e+03
5.596645312500000000e+04
3.956165527343750000e+03
5.058684765625000000e+04
6.047201171875000000e+04
6.420214355468750000e+03
6.943687133789062500e+02
3.161473144531250000e+03
1.292556738281250000e+04
1.133983691406250000e+04
1.191260375976562500e+03
2.805775625000000000e+05
4.752755000000000000e+06
1.265923828125000000e+05
4.013132812500000000e+04
7.738059692382812500e+02
1.776199531250000000e+05
5.141394500000000000e+06
1.587304199218750000e+04
2.256865750000000000e+06
9.043791992187500000e+03
3.923642812500000000e+05
4.902378515625000000e+04
3.275376953125000000e+04
1.119213625000000000e+06
3.168430664062500000e+04
1.025241308593750000e+04
6.547896250000000000e+05
6.225504882812500000e+03
5.062638437500000000e+05
1.548646289062500000e+04
2.582891250000000000e+05
1.964443164062500000e+04
1.927153906250000000e+05
2.630823437500000000e+04
6.922871093750000000e+04
2.081479101562500000e+04
1.111692750000000000e+06
9.955886718750000000e+04
6.138653808593750000e+03
8.465203906250000000e+04
4.057010156250000000e+04
2.254225976562500000e+04
1.181085058593750000e+04
7.851918750000000000e+05
2.049925781250000000e+05
1.393638085937500000e+04
7.354486718750000000e+04
3.863446500000000000e+06
4.518213671875000000e+04
1.095217871093750000e+04
2.255628906250000000e+05
4.573897500000000000e+06
4.253693750000000000e+04
4.805575000000000000e+04
7.957038750000000000e+05
2.916864257812500000e+04
4.633441796875000000e+04
1.822627929687500000e+04
7.288414062500000000e+04
1.310152636718750000e+04
2.801972851562500000e+04
8.711346679687500000e+03
9.796983398437500000e+03
9.481413281250000000e+04
7.485169921875000000e+03
4.134808203125000000e+04
5.290687500000000000e+04
6.677452636718750000e+03
4.768763500000000000e+06
5.118003906250000000e+04
1.105209472656250000e+04
2.473703281250000000e+05
2.479918945312500000e+04
2.689899169921875000e+03
3.723967750000000000e+06
1.243529296875000000e+04
7.213315429687500000e+02
2.283443437500000000e+05
1.507182187500000000e+05
3.236938476562500000e+04
2.114146400000000000e+07
1.397747039794921875e+02
1.930736083984375000e+02
2.313381958007812500e+02
9.331000976562500000e+03
3.961946105957031250e+01
1.982945919036865234e+00
1.782605625000000000e+05
1.669927215576171875e+01
5.045182128906250000e+03
1.108161816406250000e+04
2.943487695312500000e+04
3.618243164062500000e+03
4.016099609375000000e+04
2.603303125000000000e+05
1.059457734375000000e+05
3.226668125000000000e+05
2.177578000000000000e+07
2.599914500000000000e+06
1.484140781250000000e+05
9.586776000000000000e+06
5.592198125000000000e+05
4.870060546875000000e+03
5.850716160000000000e+09
2.177578000000000000e+07
2.599914500000000000e+06
9.586776000000000000e+06
5.850716160000000000e+09
1.998257600000000000e+07
2.758024750000000000e+06
8.004095000000000000e+06
1.639603710937500000e+04
4.765956800000000000e+07
9.210495000000000000e+06
1.141927500000000000e+05
1.348430125000000000e+06
2.000393554687500000e+04
2.733567871093750000e+03
2.413296640000000000e+09
9.597526400000000000e+08
1.243393500000000000e+06
3.080687680000000000e+08
5.403015000000000000e+05
1.691771875000000000e+05
1.972769408000000000e+09
3.393072500000000000e+06
1.260761000000000000e+06
4.035015234375000000e+04
7.200489472000000000e+10
5.791709600000000000e+07
6.335855500000000000e+06
4.200135000000000000e+06
1.250477700000000000e+07
8.833395840000000000e+08
2.219874143600463867e+00
9.696389062500000000e+04
2.033319531250000000e+04
2.233448181152343750e+02
1.437569250000000000e+06
2.066570507812500000e+04
1.774805937500000000e+05
7.356720625000000000e+05
9.653124023437500000e+03
6.367103515625000000e+03
2.897550312500000000e+05
7.608200000000000000e+04
4.174574000000000000e+06
2.368442031250000000e+05
4.765956800000000000e+07
6.297578613281250000e+03
1.573821750000000000e+06
7.518507031250000000e+04
1.076460078125000000e+05
1.038575120000000000e+08
2.075906250000000000e+06
2.728217578125000000e+04
9.108751875000000000e+05
1.124166500000000000e+06
5.156373750000000000e+05
1.032730000000000000e+06
4.065583750000000000e+06
6.165961250000000000e+05
1.410681093750000000e+05
3.295977500000000000e+05
1.695259155273437500e+03
3.179066796875000000e+04
3.245732177734375000e+03
1.346774218750000000e+05
1.452342875000000000e+06
3.007375312500000000e+05
1.276142120361328125e+02
3.336232812500000000e+04
2.762054687500000000e+05
4.939167968750000000e+03
3.801708593750000000e+04
1.448555375000000000e+06
1.008175735473632812e+02
5.563163452148437500e+02
2.775823125000000000e+05
3.778049218750000000e+04
5.565643310546875000e+02
2.404863750000000000e+05
1.237367656250000000e+05
9.026307031250000000e+04
6.904245312500000000e+04
1.049906933593750000e+04
2.209734000000000000e+06
1.451700115203857422e+01
4.729599609375000000e+04
2.243333203125000000e+04
3.326285095214843750e+02
3.965822250000000000e+06
4.609553125000000000e+04
6.229790039062500000e+02
5.819446777343750000e+03
2.866753710937500000e+04
1.111169433593750000e+02
2.450883203125000000e+04
5.414684082031250000e+03
2.967035546875000000e+04
4.554636718750000000e+04
2.826447265625000000e+04
6.984106250000000000e+04
1.987634570312500000e+04
1.346004199218750000e+04
4.112733984375000000e+04
2.828167382812500000e+04
1.810933990478515625e+02
1.136080234375000000e+05
9.139299392700195312e+00
5.209939575195312500e+01
9.068254000000000000e+06
2.086004101562500000e+04
6.688258000000000000e+06
2.714879882812500000e+03
9.098125625000000000e+05
1.826337890625000000e+04
1.025561437500000000e+06
1.552247296000000000e+09
3.355985312500000000e+05
4.417226953125000000e+04
1.758515600000000000e+07
1.592710449218750000e+04
1.229194453125000000e+05
3.843479980468750000e+03
8.947868164062500000e+03
6.916906500000000000e+06
1.782340468750000000e+05
7.040632324218750000e+03
8.883043750000000000e+04
2.347890750000000000e+06
1.940615722656250000e+03
1.180204140625000000e+05
4.910378750000000000e+05
1.054451953125000000e+04
5.121128515625000000e+04
3.034305937500000000e+05
5.284414453125000000e+04
2.721061328125000000e+04
4.017161328125000000e+04
6.099491875000000000e+05
5.165076562500000000e+04
6.203541015625000000e+04
1.664915429687500000e+04
7.930807812500000000e+04
4.529615173339843750e+02
5.759450390625000000e+04
9.881092529296875000e+02
6.950922393798828125e+01
7.810379394531250000e+03
3.979384460449218750e+02
1.060669067382812500e+03
1.268671417236328125e+02
4.151359863281250000e+02
6.291209375000000000e+05
1.631126708984375000e+03
5.537437500000000000e+03
1.886823828125000000e+04
1.260016953125000000e+05
6.032284375000000000e+05
2.854994140625000000e+04
1.511422656250000000e+04
1.355928125000000000e+05
4.922194921875000000e+04
2.243789062500000000e+04
3.678531640625000000e+04
2.255393750000000000e+04
7.000657812500000000e+04
4.482098437500000000e+04
1.245220859375000000e+05
5.382495117187500000e+03
3.529676513671875000e+03
6.169996250000000000e+05
4.585787890625000000e+04
3.656897656250000000e+04
2.009205500000000000e+06
4.129555175781250000e+03
4.081405517578125000e+03
1.578787968750000000e+05
5.260293579101562500e+02
7.208645000000000000e+05
3.465565312500000000e+05
8.277303906250000000e+04
4.071219787597656250e+02
5.466542480468750000e+03
4.377963378906250000e+03
9.760864375000000000e+05
5.848630371093750000e+02
2.669686250000000000e+05
5.552300000000000000e+05
8.408871875000000000e+04
1.043093828125000000e+05
1.751454218750000000e+05
1.316106718750000000e+05
1.536888437500000000e+05
1.041851093750000000e+05
6.699873437500000000e+04
8.959139375000000000e+05
7.620356250000000000e+04
1.235235859375000000e+05
0.000000000000000000e+00
5.451362109375000000e+04
4.765956800000000000e+07
0.000000000000000000e+00
0.000000000000000000e+00
4.042256250000000000e+04
0.000000000000000000e+00
0.000000000000000000e+00
2.921420500000000000e+06
0.000000000000000000e+00
0.000000000000000000e+00
7.126143750000000000e+04
5.115310156250000000e+04
2.678195937500000000e+05
1.130937890625000000e+04
1.222147460937500000e+04
4.660874375000000000e+05
3.064651757812500000e+04
8.930007812500000000e+04
3.034563437500000000e+05
1.080154101562500000e+04
8.003010937500000000e+04
2.106117187500000000e+05
3.387312109375000000e+04
2.999655859375000000e+04
5.981559082031250000e+03
3.137829882812500000e+04
1.608348144531250000e+03
2.067527031250000000e+05
1.175465039062500000e+04
4.660874375000000000e+05
1.407934472656250000e+04
7.892033691406250000e+03
7.984045898437500000e+03
2.766985000000000000e+05
3.947918750000000000e+04
2.106117187500000000e+05
3.197472500000000000e+05
1.859478906250000000e+04
3.137829882812500000e+04
2.067527031250000000e+05
7.431082031250000000e+04
1.085670507812500000e+04
7.892033691406250000e+03
2.766985000000000000e+05
3.197472500000000000e+05
7.431082031250000000e+04
2.792057617187500000e+04
1.087515750000000000e+06
5.269253417968750000e+03
1.691699062500000000e+05
1.596421142578125000e+03
2.637283935546875000e+03
3.409399218750000000e+04
4.575958984375000000e+03
5.350955468750000000e+04
3.563124755859375000e+03
1.349715527343750000e+04
1.338300600000000000e+07
4.756822656250000000e+04
5.334372000000000000e+07
3.341483459472656250e+02
7.614318750000000000e+05
4.995975585937500000e+03
5.639494375000000000e+05
1.890312960000000000e+09
2.073381750000000000e+06
1.586379589843750000e+04
1.113951500000000000e+07
1.232005078125000000e+04
2.157481250000000000e+04
6.348881640625000000e+04
4.755243750000000000e+04
1.969666015625000000e+04
1.348430125000000000e+06
3.703608398437500000e+03
2.589523125000000000e+05
3.259011962890625000e+03
6.839019531250000000e+04
3.165277000000000000e+06
7.665986938476562500e+02
1.327285781250000000e+05
4.186906250000000000e+04
5.867353515625000000e+04
2.598979750000000000e+06
2.442116250000000000e+06
1.942100000000000000e+04
1.275132375000000000e+06
4.818465332031250000e+03
4.778966796875000000e+04
1.006560080000000000e+08
1.748278593750000000e+05
7.242875781250000000e+04
6.902007031250000000e+04
8.627801875000000000e+05
3.590370250000000000e+06
2.862828250000000000e+06
4.306083000000000000e+06
1.211123359375000000e+05
7.224549375000000000e+05
1.087964750000000000e+06
1.158138476562500000e+04
3.182181000000000000e+06
1.658503320312500000e+04
6.706010156250000000e+04
1.418740960000000000e+08
2.719762000000000000e+06
1.133733671875000000e+05
1.996967040000000000e+08
1.642259375000000000e+05
4.096462812500000000e+05
7.635307200000000000e+07
6.228813281250000000e+04
6.917235156250000000e+04
2.912447187500000000e+05
7.200489472000000000e+10
1.680203250000000000e+06
6.241770312500000000e+04
1.905400250000000000e+06
1.334679250000000000e+06
9.349356000000000000e+07
4.955462500000000000e+04
8.505593750000000000e+04
1.485315875000000000e+06
2.841487250000000000e+06
1.205653375000000000e+06
4.770219140625000000e+04
1.592710449218750000e+04
6.792777343750000000e+04
6.943517456054687500e+02
7.694582519531250000e+02
1.456294125000000000e+06
1.083306640625000000e+05
3.188411376953125000e+03
2.472962656250000000e+05
1.240124130249023438e+02
7.836827392578125000e+02
4.791993125000000000e+05
6.468789843750000000e+04
5.691196777343750000e+03
4.826990509033203125e+01
8.515265625000000000e+03
5.889570312500000000e+02
1.526437890625000000e+04
6.085729492187500000e+03
1.678350375000000000e+06
1.236466026306152344e+01
4.377220764160156250e+02
1.236247634887695312e+02
3.198833740234375000e+03
3.639317871093750000e+03
4.762543437500000000e+05
5.106900634765625000e+02
7.584531402587890625e+01
9.693413085937500000e+03
1.688689062500000000e+04
6.377803802490234375e+01
1.531852722167968750e+01
4.187064514160156250e+02
2.890608642578125000e+03
5.530347290039062500e+02
5.698799514770507812e+01
7.388096875000000000e+04
2.084478906250000000e+04
1.627436328125000000e+04
4.030063232421875000e+03
3.210305468750000000e+04
7.152242187500000000e+04
2.678788750000000000e+05
1.160249633789062500e+03
2.406091406250000000e+04
5.002624218750000000e+04
5.173812988281250000e+03
1.189756835937500000e+04
7.152242187500000000e+04
1.456480102539062500e+03
2.931603515625000000e+03
5.002624218750000000e+04
1.189756835937500000e+04
2.931603515625000000e+03
9.528423000000000000e+06
1.261885351562500000e+04
1.098283789062500000e+04
1.773188593750000000e+05
7.321159375000000000e+05
1.421009062500000000e+05
4.529720500000000000e+06
1.528676093750000000e+05
2.526246289062500000e+04
3.451907000000000000e+06
1.797330664062500000e+04
1.406326660156250000e+04
2.089427032470703125e+02
3.034563437500000000e+05
2.123470000000000000e+06
1.595113875000000000e+06
7.321159375000000000e+05
3.240528000000000000e+06
1.421009062500000000e+05
4.529720500000000000e+06
8.664800000000000000e+05
2.526246289062500000e+04
3.451907000000000000e+06
1.406326660156250000e+04
1.898337375000000000e+06
2.123470000000000000e+06
1.595113875000000000e+06
3.240528000000000000e+06
8.664800000000000000e+05
1.898337375000000000e+06
1.026544628906250000e+04
4.783057403564453125e+01
9.476061523437500000e+03
2.584770202636718750e+02
1.405760644531250000e+04
1.485315875000000000e+06
1.893864531250000000e+05
4.528672187500000000e+05
1.965278125000000000e+05
2.009205500000000000e+06
3.374096093750000000e+04
7.961339843750000000e+04
4.322944500000000000e+06
7.032616875000000000e+05
1.187961375000000000e+06
1.707610000000000000e+05
2.181072460937500000e+04
1.674027734375000000e+04
2.296699023437500000e+04
2.226368652343750000e+03
5.697401250000000000e+05
6.656200500000000000e+06
6.348875000000000000e+04
3.105777148437500000e+04
6.075400390625000000e+03
1.229503906250000000e+03
1.348430125000000000e+06
4.870060546875000000e+03
3.034563437500000000e+05
2.402814208984375000e+03
7.250263281250000000e+04
5.323551875000000000e+05
7.209847167968750000e+03
4.515568750000000000e+04
1.947677734375000000e+04
2.226368652343750000e+03
1.657944700000000000e+07
5.697401250000000000e+05
6.656200500000000000e+06
3.329240000000000000e+05
3.105777148437500000e+04
6.075400390625000000e+03
1.348430125000000000e+06
6.541461718750000000e+04
1.789374023437500000e+04
2.402814208984375000e+03
1.666143875000000000e+06
7.250263281250000000e+04
5.323551875000000000e+05
5.537203125000000000e+05
4.515568750000000000e+04
1.947677734375000000e+04
1.657944700000000000e+07
3.329240000000000000e+05
7.635551250000000000e+05
6.541461718750000000e+04
1.789374023437500000e+04
1.666143875000000000e+06
5.537203125000000000e+05
7.635551250000000000e+05
3.875335625000000000e+05
3.625038281250000000e+04
9.920080625000000000e+05
4.950519687500000000e+05
7.967348144531250000e+03
6.954543750000000000e+05
3.014154882812500000e+04
5.275010625000000000e+05
9.634253125000000000e+04
8.823446250000000000e+05
1.048519921875000000e+04
4.471700312500000000e+05
6.261365625000000000e+05
9.011239062500000000e+04
7.616940625000000000e+04
3.383069000000000000e+06
5.659983203125000000e+04
1.521141406250000000e+05
2.238799218750000000e+05
1.414810750000000000e+06
2.563379296875000000e+04
1.219148437500000000e+05
2.645881250000000000e+06
1.496193125000000000e+06
7.274993125000000000e+05
9.913412500000000000e+05
3.638664453125000000e+04
1.458531127929687500e+03
1.437014404296875000e+03
1.220684277343750000e+04
8.369174218750000000e+04
7.565775146484375000e+02
2.238471093750000000e+04
3.758737060546875000e+03
4.382023828125000000e+04
3.107145898437500000e+04
1.149088867187500000e+04
1.551061621093750000e+04
6.434310625000000000e+05
5.653153515625000000e+04
9.143952148437500000e+03
1.584268906250000000e+05
2.587343359375000000e+04
7.427327000000000000e+06
2.090261600000000000e+07
4.529720500000000000e+06
3.946176171875000000e+04
1.734666800000000000e+07
1.164342400000000000e+07
1.549346582031250000e+04
1.290307400000000000e+07
4.756854296875000000e+04
4.679582031250000000e+04
7.105340928000000000e+09
8.717533600000000000e+07
1.563772968750000000e+05
1.869855104000000000e+09
1.350135125000000000e+06
7.819785625000000000e+05
6.138282240000000000e+08
7.947436875000000000e+05
6.794179375000000000e+05
1.158148000000000000e+06
7.200489472000000000e+10
3.109322400000000000e+07
9.358372500000000000e+05
7.862621600000000000e+07
1.318796700000000000e+07
4.033202176000000000e+09
2.334025390625000000e+04
3.026050390625000000e+04
1.903887250000000000e+06
1.284758515625000000e+05
1.311970000000000000e+05
1.715864000000000000e+07
1.174558300000000000e+07
4.529720500000000000e+06
1.054600859375000000e+05
2.319247802734375000e+03
2.612251200000000000e+07
3.320432500000000000e+06
5.263234765625000000e+04
4.765956800000000000e+07
3.753580859375000000e+04
2.426314257812500000e+04
2.231083984375000000e+04
1.607008153600000000e+10
8.566250000000000000e+06
2.630885000000000000e+06
2.033064064000000000e+09
2.077645375000000000e+06
2.984450000000000000e+05
2.640372656250000000e+04
1.047103906250000000e+04
2.136713409423828125e+02
1.417362176000000000e+09
4.183988437500000000e+05
5.751589375000000000e+05
1.146807750000000000e+06
3.375115750000000000e+06
5.154044531250000000e+04
7.316040039062500000e+02
7.200489472000000000e+10
1.893132800000000000e+07
3.546612187500000000e+05
5.419430400000000000e+07
7.121386875000000000e+05
2.400928222656250000e+03
1.632471313476562500e+03
8.098684000000000000e+06
2.549769440000000000e+08
4.673868359375000000e+04
1.908382812500000000e+03
2.208790272000000000e+09
4.098500781250000000e+04
1.949871375000000000e+06
1.729025756835937500e+03
1.615613183593750000e+04
1.036009155273437500e+03
1.999382031250000000e+05
2.640826416015625000e+03
4.665100000000000000e+04
3.026059179687500000e+04
2.988106689453125000e+02
3.843450439453125000e+03
3.722810546875000000e+04
3.658280761718750000e+03
1.685745375000000000e+06
1.187092089843750000e+04
1.088425195312500000e+04
1.441544843750000000e+05
1.174558300000000000e+07
4.861451000000000000e+06
4.011008984375000000e+04
9.125912000000000000e+06
6.655250781250000000e+04
1.027355957031250000e+03
3.428238080000000000e+08
1.181084000000000000e+06
1.994677812500000000e+05
1.350944687500000000e+05
1.965587875000000000e+06
4.713421500000000000e+06
2.001255600000000000e+07
2.776659500000000000e+06
1.657942656250000000e+05
1.123333100000000000e+07
1.163498800000000000e+07
7.494996093750000000e+04
4.765956800000000000e+07
1.753021750000000000e+06
2.047174843750000000e+05
7.200489472000000000e+10
2.916751600000000000e+07
3.808899500000000000e+06
2.395621632000000000e+09
2.063494800000000000e+07
2.675993000000000000e+06
8.909845120000000000e+08
1.210045800000000000e+07
9.885001000000000000e+06
5.320989200000000000e+07
7.200489472000000000e+10
7.200489472000000000e+10
2.848946000000000000e+07
2.938997760000000000e+09
1.058019904000000000e+09
7.200489472000000000e+10
2.572012000000000000e+07
1.210691562500000000e+05
1.057580078125000000e+05
1.482282125000000000e+06
1.796494375000000000e+05
1.112146484375000000e+05
1.092395400000000000e+07
1.169901100000000000e+07
1.705317000000000000e+06
2.858213125000000000e+05
4.467136800000000000e+07
2.211452656250000000e+05
3.378663437500000000e+05
7.825888125000000000e+05
1.092395400000000000e+07
1.169901100000000000e+07
1.010779712000000000e+09
4.467136800000000000e+07
3.378663437500000000e+05
7.825888125000000000e+05
3.693233250000000000e+06
1.010779712000000000e+09
3.693233250000000000e+06
2.598526250000000000e+06
2.370646750000000000e+06
7.636433593750000000e+04
1.265728125000000000e+06
5.018605957031250000e+03
6.562381250000000000e+04
9.607741600000000000e+07
4.493035312500000000e+05
2.511422343750000000e+05
2.051314218750000000e+05
3.714384000000000000e+06
3.307587109375000000e+04
2.024953460693359375e+01
4.616566015625000000e+04
7.605359375000000000e+03
9.528423000000000000e+06
2.513795500000000000e+06
1.484140781250000000e+05
1.170049000000000000e+06
4.736040625000000000e+04
2.213039375000000000e+05
1.038034400000000000e+08
9.528423000000000000e+06
2.513795500000000000e+06
1.170049000000000000e+06
1.038034400000000000e+08
6.068717500000000000e+05
2.647708203125000000e+04
4.927164062500000000e+03
5.524008203125000000e+04
4.678481000000000000e+06
4.529720500000000000e+06
3.687808984375000000e+04
1.255821875000000000e+06
8.243971679687500000e+03
5.954503125000000000e+04
1.022469520000000000e+08
5.247167187500000000e+04
1.674580000000000000e+05
1.525267968750000000e+04
1.475703593750000000e+05
1.321648535156250000e+04
1.704870849609375000e+03
7.537246582031250000e+03
3.107145898437500000e+04
4.050816015625000000e+04
1.445192626953125000e+03
3.226641210937500000e+04
9.510438842773437500e+02
7.723099517822265625e+01
8.699498046875000000e+03
5.805214233398437500e+02
2.486189453125000000e+03
1.175773162841796875e+02
8.364318847656250000e+02
1.439010498046875000e+03
2.338432812500000000e+04
2.075087585449218750e+02
1.669131835937500000e+04
2.176544375000000000e+05
1.886260375976562500e+03
2.077482812500000000e+04
1.970895625000000000e+05
4.172007812500000000e+03
3.015680937500000000e+05
1.970895625000000000e+05
1.792959442138671875e+02
2.580448341369628906e+01
1.506228125000000000e+05
1.627292480468750000e+02
1.857924531250000000e+05
1.953098375000000000e+06
1.681026875000000000e+05
2.044442187500000000e+04
1.842158000000000000e+06
4.242075000000000000e+04
5.757753125000000000e+04
1.762318281250000000e+05
6.459250488281250000e+02
4.182349062500000000e+05
1.174558300000000000e+07
4.299123500000000000e+06
3.962078515625000000e+04
4.474820400000000000e+07
6.512355078125000000e+04
4.481030078125000000e+04
1.990716288000000000e+09
1.156158375000000000e+06
7.667549375000000000e+05
2.834328750000000000e+06
6.163232400000000000e+07
3.573818750000000000e+04
4.633441796875000000e+04
1.552667382812500000e+04
4.320982031250000000e+04
8.142339843750000000e+04
2.658035625000000000e+05
4.699008984375000000e+04
2.300800976562500000e+04
5.906468359375000000e+04
1.024940703125000000e+05
3.804171875000000000e+04
5.201056640625000000e+04
1.128150878906250000e+04
1.123294218750000000e+05
3.099193359375000000e+03
1.814421093750000000e+04
9.045214062500000000e+04
1.316284667968750000e+04
1.790967041015625000e+03
8.072889843750000000e+04
2.334887939453125000e+03
8.891141601562500000e+03
9.869132812500000000e+04
9.998610351562500000e+03
1.341981400000000000e+07
1.199965200000000000e+07
3.354241562500000000e+05
1.512101718750000000e+05
6.544531000000000000e+06
3.399896250000000000e+05
1.303929531250000000e+05
9.621582000000000000e+06
1.754784500000000000e+06
9.550399414062500000e+03
7.044478080000000000e+08
2.961632800000000000e+07
1.340321200000000000e+07
1.686868224000000000e+09
1.219792200000000000e+07
3.165342187500000000e+05
3.899704000000000000e+07
6.316453000000000000e+06
3.444066875000000000e+05
9.399253000000000000e+06
9.701184512000000000e+09
6.727800960000000000e+08
2.935459600000000000e+07
1.610382464000000000e+09
3.844117200000000000e+07
9.574511616000000000e+09
2.166332750000000000e+06
7.526376562500000000e+04
2.277960156250000000e+05
2.118019140625000000e+04
1.269809000000000000e+07
4.529720500000000000e+06
3.202141015625000000e+04
5.735797200000000000e+07
6.146487500000000000e+04
1.779221484375000000e+04
2.514869760000000000e+09
5.163947812500000000e+05
1.948600937500000000e+05
9.372332500000000000e+05
1.952346125000000000e+06
5.911527000000000000e+06
1.174558300000000000e+07
4.522766500000000000e+06
1.691150781250000000e+05
1.030816600000000000e+07
1.109392800000000000e+07
3.533482031250000000e+04
4.751733200000000000e+07
1.611196250000000000e+06
7.498378125000000000e+04
8.552844288000000000e+09
1.037907680000000000e+08
2.085240000000000000e+06
2.027739008000000000e+09
1.594885900000000000e+07
1.444827625000000000e+06
9.454950400000000000e+08
9.836552000000000000e+06
3.301439750000000000e+06
4.338468400000000000e+07
7.200489472000000000e+10
4.608574464000000000e+09
1.325016800000000000e+07
1.462064128000000000e+09
1.219451648000000000e+09
7.200489472000000000e+10
1.505858520507812500e+03
2.647695117187500000e+04
4.089839782714843750e+02
3.264343750000000000e+04
5.115310156250000000e+04
3.028059082031250000e+03
1.845665625000000000e+04
5.927378540039062500e+02
1.243318066406250000e+04
1.633011352539062500e+03
7.849846801757812500e+02
3.634772705078125000e+03
5.577524414062500000e+02
1.074496375000000000e+06
5.890099487304687500e+02
3.679925000000000000e+04
1.456294125000000000e+06
1.252908828125000000e+05
5.217375000000000000e+03
2.395944843750000000e+05
6.361259460449218750e+01
9.625679687500000000e+03
3.658100781250000000e+04
9.159585937500000000e+03
4.021357421875000000e+03
9.407467651367187500e+02
4.548763671875000000e+03
7.146434936523437500e+02
1.988463281250000000e+05
8.017403125000000000e+04
1.342934875000000000e+06
1.367151031494140625e+02
3.163832092285156250e+02
9.264612579345703125e+01
6.515253417968750000e+03
9.871645507812500000e+03
3.394138671875000000e+04
6.609416503906250000e+03
1.265410644531250000e+03
4.172724609375000000e+03
1.632610468750000000e+05
3.586429748535156250e+02
1.251944427490234375e+02
3.004568176269531250e+02
5.739848144531250000e+03
6.112822753906250000e+03
3.285624084472656250e+02
2.122445200000000000e+07
4.529720500000000000e+06
4.893327500000000000e+06
8.730865625000000000e+04
1.060439100000000000e+07
9.468438000000000000e+06
3.047395117187500000e+04
1.348430125000000000e+06
3.150156640625000000e+04
4.476239318847656250e+02
1.804396032000000000e+09
4.795905920000000000e+08
1.896958375000000000e+06
1.060296080000000000e+08
4.093038125000000000e+05
1.673019062500000000e+05
2.163157760000000000e+09
5.138706562500000000e+05
4.524720312500000000e+04
7.615684375000000000e+04
7.200489472000000000e+10
5.491487200000000000e+07
1.070080625000000000e+06
2.040250125000000000e+06
1.185829200000000000e+07
6.596679680000000000e+08
2.883953250000000000e+06
1.705317000000000000e+06
3.325844531250000000e+04
2.883953250000000000e+06
1.282694946289062500e+03
7.722320312500000000e+03
6.938164520263671875e+01
6.617018750000000000e+04
4.822994921875000000e+04
2.038334750000000000e+06
1.740302000000000000e+06
4.611428500000000000e+06
1.037780957031250000e+04
4.562167187500000000e+05
4.115708203125000000e+04
8.092037500000000000e+04
7.994139062500000000e+04
2.918805750000000000e+06
6.707205078125000000e+03
4.945055625000000000e+05
1.402569218750000000e+05
2.945910000000000000e+05
1.884012500000000000e+05
5.652689843750000000e+04
5.261711875000000000e+05
1.538827000000000000e+07
9.517561000000000000e+06
2.273877000000000000e+06
1.518874804687500000e+04
3.853433593750000000e+04
4.717844062500000000e+05
9.061203125000000000e+05
4.358108984375000000e+04
3.226933593750000000e+04
3.909268359375000000e+04
1.184585500000000000e+06
8.852854375000000000e+05
2.246218281250000000e+05
3.234723000000000000e+06
6.982301875000000000e+05
4.644275625000000000e+05
2.966455200000000000e+07
2.260239218750000000e+05
6.436980625000000000e+05
1.370162031250000000e+05
1.008371093750000000e+05
2.559140000000000000e+06
3.378826000000000000e+06
4.428353437500000000e+05
5.815217187500000000e+04
1.517443375000000000e+06
3.076596500000000000e+06
2.045274218750000000e+05
4.400466000000000000e+06
2.937993359375000000e+04
3.868291015625000000e+04
1.641800625000000000e+05
2.780909179687500000e+04
2.084478906250000000e+04
1.485315875000000000e+06
4.888561035156250000e+03
2.442116250000000000e+06
4.373851562500000000e+03
7.111668125000000000e+05
3.133105468750000000e+02
8.092037500000000000e+04
5.690869750976562500e+02
2.637283935546875000e+03
5.718736816406250000e+03
6.997760625000000000e+05
2.496281494140625000e+03
9.085795000000000000e+05
8.454683593750000000e+04
1.938083374023437500e+03
3.145168750000000000e+05
1.029908437500000000e+05
5.396136500000000000e+06
2.275560937500000000e+04
3.467152734375000000e+04
2.201199951171875000e+02
2.927516113281250000e+03
3.752313720703125000e+03
5.079288281250000000e+04
8.333294067382812500e+02
1.188990937500000000e+05
7.982041406250000000e+04
7.463526500000000000e+06
1.308305664062500000e+04
2.722582421875000000e+04
3.177136875000000000e+05
6.350679199218750000e+03
1.424724375000000000e+05
3.237994384765625000e+03
1.925808007812500000e+04
1.682465468750000000e+05
4.062132568359375000e+03
1.836216093750000000e+05
4.430212890625000000e+04
3.200529296875000000e+04
2.596730250000000000e+06
2.492874800000000000e+07
3.554068500000000000e+06
6.005054375000000000e+05
6.379704500000000000e+06
6.330117000000000000e+06
6.348875000000000000e+04
4.558502800000000000e+07
1.705317000000000000e+06
2.960055625000000000e+05
4.451383705600000000e+10
1.669833000000000000e+07
2.596730250000000000e+06
2.860830720000000000e+09
2.492874800000000000e+07
3.554068500000000000e+06
5.365783680000000000e+08
6.379704500000000000e+06
6.330117000000000000e+06
4.558502800000000000e+07
7.200489472000000000e+10
4.451383705600000000e+10
1.669833000000000000e+07
2.860830720000000000e+09
5.365783680000000000e+08
7.200489472000000000e+10
1.565268457031250000e+04
2.842551879882812500e+02
3.123161697387695312e+01
9.472688598632812500e+02
1.479927148437500000e+04
1.543094604492187500e+03
1.288306152343750000e+03
3.476496826171875000e+03
2.599914500000000000e+06
2.442116250000000000e+06
2.994693750000000000e+04
1.348430125000000000e+06
9.346527343750000000e+03
6.070192968750000000e+04
1.013394880000000000e+08
2.354914843750000000e+05
1.199519375000000000e+05
9.470524218750000000e+04
1.466663875000000000e+06
1.122765500000000000e+07
4.786341500000000000e+06
3.583634765625000000e+04
7.323418400000000000e+07
1.580538437500000000e+05
4.656489843750000000e+04
4.243019520000000000e+09
1.061837250000000000e+06
7.934646875000000000e+05
5.687044000000000000e+06
1.241537840000000000e+08
4.770219140625000000e+04
6.969873750000000000e+05
1.542943115234375000e+03
7.077075625000000000e+05
5.678880615234375000e+02
1.456294125000000000e+06
3.754093017578125000e+03
2.395959228515625000e+03
3.568291406250000000e+04
8.084686718750000000e+04
5.080056152343750000e+02
4.791993125000000000e+05
4.774447265625000000e+03
9.061898437500000000e+03
1.097680175781250000e+03
3.531866250000000000e+06
1.187624218750000000e+04
2.438011962890625000e+03
3.050155029296875000e+02
2.449308203125000000e+04
2.935068115234375000e+03
1.319683375000000000e+06
1.763029101562500000e+04
1.228356811523437500e+03
2.605314636230468750e+02
1.793397460937500000e+04
5.538610839843750000e+03
6.542199707031250000e+02
5.138221875000000000e+04
7.280198364257812500e+02
8.660140625000000000e+03
1.488000732421875000e+03
8.379907812500000000e+04
3.872068481445312500e+02
1.629802734375000000e+03
2.453618408203125000e+03
1.578353500000000000e+06
1.218263125000000000e+06
4.227959960937500000e+03
1.446388500000000000e+07
1.434915937500000000e+05
2.242876562500000000e+05
2.581990000000000000e+07
1.493391875000000000e+06
1.173748250000000000e+06
1.520716300000000000e+07
2.651648000000000000e+07
6.000793359375000000e+04
6.521174375000000000e+05
2.228116800000000000e+07
3.859752734375000000e+04
2.801123046875000000e+04
2.689242187500000000e+05
3.084335625000000000e+05
2.632988250000000000e+06
1.879590625000000000e+05
7.294470312500000000e+04
6.419510253906250000e+03
2.594232226562500000e+04
2.018695200000000000e+07
1.020891250000000000e+05
2.668329687500000000e+05
2.260853125000000000e+04
4.510386500000000000e+06
4.779273750000000000e+05
3.521730468750000000e+04
3.670485546875000000e+04
6.685140991210937500e+02
2.514130273437500000e+04
1.742687988281250000e+02
9.881092529296875000e+02
2.192745898437500000e+04
6.445232543945312500e+02
6.438154296875000000e+02
5.721654663085937500e+02
3.956571350097656250e+02
3.615943750000000000e+04
3.107145898437500000e+04
1.955486000000000000e+06
1.953098375000000000e+06
2.742270019531250000e+03
3.015468437500000000e+05
4.408868359375000000e+04
5.062638437500000000e+05
2.115449531250000000e+05
3.039361500000000000e+06
5.237014648437500000e+03
2.737002812500000000e+05
8.112514843750000000e+04
3.432894531250000000e+04
2.105149218750000000e+05
1.619303600000000000e+07
3.341739062500000000e+04
1.191147656250000000e+04
3.246701250000000000e+05
1.565899000000000000e+06
1.502782617187500000e+04
1.851008789062500000e+04
1.113387125000000000e+06
1.468918875000000000e+06
1.187538203125000000e+05
1.602922656250000000e+05
4.801287500000000000e+04
7.648023437500000000e+03
2.202279882812500000e+04
1.897712158203125000e+03
2.404863750000000000e+05
1.592710449218750000e+04
6.165961250000000000e+05
1.624688085937500000e+04
5.282494531250000000e+04
1.163498800000000000e+07
1.017466953125000000e+05
4.504097656250000000e+04
3.009676562500000000e+05
1.287725976562500000e+04
3.331462812500000000e+05
2.640152000000000000e+06
2.763187812500000000e+05
4.835536328125000000e+04
4.925623437500000000e+04
2.553717343750000000e+05
2.117348437500000000e+04
1.089658375000000000e+06
9.278669531250000000e+04
1.165742400000000000e+07
4.462457031250000000e+04
6.255613671875000000e+04
4.316546093750000000e+04
1.046987312500000000e+06
3.971442500000000000e+05
2.427490000000000000e+06
7.002854375000000000e+05
1.164773437500000000e+05
2.414888437500000000e+05
1.083520750000000000e+06
4.854717187500000000e+05
1.238303671875000000e+05
5.982970312500000000e+04
9.823535625000000000e+05
6.948245000000000000e+05
4.720247187500000000e+05
3.791884765625000000e+04
1.634898925781250000e+04
8.401418945312500000e+03
2.496178955078125000e+03
9.042194531250000000e+04
4.633441796875000000e+04
1.924241992187500000e+04
1.236266015625000000e+04
4.345082421875000000e+04
3.107145898437500000e+04
1.797746875000000000e+06
8.486392578125000000e+03
4.814800781250000000e+04
1.949755312500000000e+05
1.330735253906250000e+04
2.392150156250000000e+05
1.986382187500000000e+05
6.900769531250000000e+04
1.052469687500000000e+05
2.773548339843750000e+03
3.757556250000000000e+04
5.902789062500000000e+03
2.124622656250000000e+04
5.294958984375000000e+03
5.512889648437500000e+03
1.289993041992187500e+03
3.352205322265625000e+03
9.149619750976562500e+02
8.055145263671875000e+02
2.344907226562500000e+03
9.188934936523437500e+02
8.347377319335937500e+02
4.132235107421875000e+02
4.632252502441406250e+02
6.397128500000000000e+06
1.958028750000000000e+05
2.822702734375000000e+04
8.058015625000000000e+05
8.919215625000000000e+04
7.534625244140625000e+01
6.909995312500000000e+04
1.620168261718750000e+04
1.730974687500000000e+05
7.592528906250000000e+04
9.088568725585937500e+02
9.000337982177734375e+01
4.765956800000000000e+07
2.990461250000000000e+05
8.761810937500000000e+04
1.406326660156250000e+04
5.190348828125000000e+04
1.750653648376464844e+01
4.468355600000000000e+07
1.629762187500000000e+05
3.051790527343750000e+03
4.541005078125000000e+04
2.397606933593750000e+03
1.333559989929199219e+01
4.109107600000000000e+07
1.533962125000000000e+06
2.079951904296875000e+03
4.939287719726562500e+02
3.593205600000000000e+07
2.714775937500000000e+05
6.337997436523437500e+02
5.216624755859375000e+02
1.888396250000000000e+05
4.416713281250000000e+04
4.497711000000000000e+06
2.819622187500000000e+05
4.204355500000000000e+06
1.528676093750000000e+05
9.045136718750000000e+04
1.642617000000000000e+06
2.611432617187500000e+04
6.226888281250000000e+04
8.423032226562500000e+02
2.796239375000000000e+05
1.516785500000000000e+07
9.142882000000000000e+06
4.497711000000000000e+06
1.092524500000000000e+07
2.819622187500000000e+05
4.204355500000000000e+06
1.412086500000000000e+06
9.045136718750000000e+04
1.642617000000000000e+06
6.226888281250000000e+04
1.457446300000000000e+07
1.516785500000000000e+07
9.142882000000000000e+06
1.092524500000000000e+07
1.412086500000000000e+06
1.457446300000000000e+07
2.131224853515625000e+03
2.603647460937500000e+02
7.757354736328125000e+02
2.465409500000000000e+06
4.893327500000000000e+06
3.950532812500000000e+04
4.140247187500000000e+05
9.604961914062500000e+03
1.020321838378906250e+03
8.716286400000000000e+07
8.415587500000000000e+04
1.947850312500000000e+05
2.195072851562500000e+04
2.474938250000000000e+06
4.238427734375000000e+04
3.075435351562500000e+04
1.003980664062500000e+04
5.424762109375000000e+04
2.216769335937500000e+04
2.725926562500000000e+05
1.145827539062500000e+04
6.534053906250000000e+04
2.296825156250000000e+05
7.173416992187500000e+03
9.368913281250000000e+04
2.355065468750000000e+05
7.037661718750000000e+04
9.062361718750000000e+04
3.314246562500000000e+05
4.529720500000000000e+06
2.647569140625000000e+04
2.748595625000000000e+05
2.974660644531250000e+03
1.984058984375000000e+04
1.974420000000000000e+07
5.959366406250000000e+04
9.113870000000000000e+05
4.726362109375000000e+04
2.064560000000000000e+06
9.965782226562500000e+03
5.542816015625000000e+04
8.308908593750000000e+04
7.297546093750000000e+04
2.492841600000000000e+07
2.630829375000000000e+05
6.013943125000000000e+05
7.307048125000000000e+05
1.705317000000000000e+06
1.052179336547851562e+02
5.021224800000000000e+07
2.492841600000000000e+07
2.630829375000000000e+05
7.307048125000000000e+05
5.021224800000000000e+07
1.916334375000000000e+06
1.468604101562500000e+04
4.378038750000000000e+05
1.646151406250000000e+05
1.592710449218750000e+04
1.955486000000000000e+06
1.528676093750000000e+05
1.781231640625000000e+04
1.280581000000000000e+06
1.566740781250000000e+05
1.309810253906250000e+04
2.432935468750000000e+05
3.567662109375000000e+04
1.812813281250000000e+05
2.162887304687500000e+04
6.622465625000000000e+05
1.164826640625000000e+05
5.294423046875000000e+04
1.135821679687500000e+04
5.697818359375000000e+04
7.782656250000000000e+04
1.375468066406250000e+04
1.447690875000000000e+06
3.448717285156250000e+03
6.069388750000000000e+05
1.517958750000000000e+06
6.183291875000000000e+05
1.451602031250000000e+05
1.051961015625000000e+05
2.756679101562500000e+04
3.718286328125000000e+04
4.694789062500000000e+04
1.081756600000000000e+07
6.003508750000000000e+05
8.430364257812500000e+03
9.302042968750000000e+03
4.953567578125000000e+04
4.870060546875000000e+03
6.476072753906250000e+03
1.356259082031250000e+04
1.624504687500000000e+05
1.879582226562500000e+04
6.911359863281250000e+03
3.511606562500000000e+05
1.558634863281250000e+04
4.205527343750000000e+04
2.522637304687500000e+04
1.081756600000000000e+07
1.000522167968750000e+04
3.444873535156250000e+03
4.094531250000000000e+04
4.215979003906250000e+03
1.136763476562500000e+04
9.680072265625000000e+03
1.624504687500000000e+05
1.206473144531250000e+04
4.666778808593750000e+03
3.511606562500000000e+05
4.205527343750000000e+04
3.882803466796875000e+03
1.390705200195312500e+03
4.094531250000000000e+04
1.136763476562500000e+04
1.206473144531250000e+04
3.882803466796875000e+03
1.916470312500000000e+05
3.492433200000000000e+07
1.323524000000000000e+07
2.442116250000000000e+06
5.134337109375000000e+04
1.902805200000000000e+07
1.453264125000000000e+06
7.788613769531250000e+03
4.765956800000000000e+07
6.676999218750000000e+04
4.806377734375000000e+04
1.729016704000000000e+09
1.102638000000000000e+07
9.648508125000000000e+05
1.237608960000000000e+09
1.747720000000000000e+06
3.197335000000000000e+05
1.474231168000000000e+09
2.014071875000000000e+05
1.656227968750000000e+05
3.124530250000000000e+06
7.200489472000000000e+10
2.283192400000000000e+07
2.698802187500000000e+05
2.784272000000000000e+07
2.480722800000000000e+07
6.738630656000000000e+09
1.174558300000000000e+07
7.713853906250000000e+04
1.013820234375000000e+05
5.612730625000000000e+05
1.691996093750000000e+05
3.107145898437500000e+04
6.345108398437500000e+03
1.464342480468750000e+04
1.330064687500000000e+05
1.166318515625000000e+05
4.032145703125000000e+04
9.055897827148437500e+02
5.912981500000000000e+06
3.376152832031250000e+03
4.283868750000000000e+04
3.326135742187500000e+03
1.436856500000000000e+06
2.441465606689453125e+02
3.525135625000000000e+05
5.323597167968750000e+03
1.008484252929687500e+03
3.015359062500000000e+05
5.031346191406250000e+03
1.281833984375000000e+03
2.437066894531250000e+03
6.584365625000000000e+05
1.676103881835937500e+03
9.444895507812500000e+03
2.002171406250000000e+05
8.400736718750000000e+04
1.644491406250000000e+04
6.355963378906250000e+03
6.483242187500000000e+04
3.307439208984375000e+03
1.497663183593750000e+04
1.222438867187500000e+04
8.786338867187500000e+03
1.949511718750000000e+05
1.005560424804687500e+03
4.499898437500000000e+04
1.484436621093750000e+04
1.579220156250000000e+05
5.318232421875000000e+04
1.768325390625000000e+04
1.480374511718750000e+04
8.712691406250000000e+04
3.392989453125000000e+04
2.686346484375000000e+04
1.486988476562500000e+04
6.194844238281250000e+03
3.991810156250000000e+04
2.225579492187500000e+04
1.455314746093750000e+04
5.237607421875000000e+04
2.225757812500000000e+04
3.372442578125000000e+04
6.680548828125000000e+03
1.303485625000000000e+05
3.896587890625000000e+03
1.174558300000000000e+07
1.635175312500000000e+05
7.150495312500000000e+04
1.573265250000000000e+06
3.466633593750000000e+04
5.545004687500000000e+04
3.270307250000000000e+06
7.062391406250000000e+04
1.611109985351562500e+03
3.110187187500000000e+05
1.353984687500000000e+05
7.491840820312500000e+03
4.271541500000000000e+06
1.108903671875000000e+05
4.511303125000000000e+04
4.016739375000000000e+05
1.233078320312500000e+04
1.829036132812500000e+04
7.153848144531250000e+03
4.085598828125000000e+04
2.533677734375000000e+04
1.953098375000000000e+06
1.020187500000000000e+04
4.969545000000000000e+05
4.760298828125000000e+04
3.840016845703125000e+03
3.979240937500000000e+05
5.974869375000000000e+05
1.328497812500000000e+05
2.106446562500000000e+05
1.907732031250000000e+05
2.048933593750000000e+04
1.485315875000000000e+06
1.796974218750000000e+05
3.067242578125000000e+04
6.927086250000000000e+05
4.473527343750000000e+04
9.565461718750000000e+04
3.980922500000000000e+05
1.665398593750000000e+05
1.311193000000000000e+06
2.201952148437500000e+04
1.351311125000000000e+06
1.350837656250000000e+05
1.614006875000000000e+05
4.538415625000000000e+04
7.654632812500000000e+04
2.896276000000000000e+06
1.048183515625000000e+05
3.238176757812500000e+04
4.516839062500000000e+04
2.955666562500000000e+05
5.776370000000000000e+05
8.564949218750000000e+04
7.686270000000000000e+05
3.630262500000000000e+04
2.967646875000000000e+04
2.307272265625000000e+04
1.604308750000000000e+06
3.012168000000000000e+06
2.168890000000000000e+05
6.736725000000000000e+05
2.149109375000000000e+05
4.103690625000000000e+04
3.701579296875000000e+04
6.240167500000000000e+05
4.839988750000000000e+05
3.740051953125000000e+04
6.140148437500000000e+04
2.179136000000000000e+06
1.505587656250000000e+05
4.704056250000000000e+05
4.026192750000000000e+06
6.075695000000000000e+06
1.834107187500000000e+05
1.781321679687500000e+04
4.452398125000000000e+05
1.930458375000000000e+06
2.642269335937500000e+04
8.891817187500000000e+04
3.923292968750000000e+04
8.317801513671875000e+02
1.512224375000000000e+05
3.923292968750000000e+04
2.545577539062500000e+04
1.412229003906250000e+02
2.082891015625000000e+04
2.319834228515625000e+03
5.242489843750000000e+04
1.282694946289062500e+03
1.265216796875000000e+03
7.083020019531250000e+03
5.164638671875000000e+04
6.049508984375000000e+04
1.600567773437500000e+04
1.450898046875000000e+04
8.590092773437500000e+03
2.108561523437500000e+03
7.643158691406250000e+03
1.019123046875000000e+03
2.404863750000000000e+05
2.526032031250000000e+04
2.056220875000000000e+06
2.686346484375000000e+04
1.495078613281250000e+04
4.816296500000000000e+06
7.241018066406250000e+03
4.536366562500000000e+05
1.767113085937500000e+04
2.622462500000000000e+05
1.313798828125000000e+04
1.463557750000000000e+06
1.728905664062500000e+04
6.434248828125000000e+04
2.250428125000000000e+04
1.165197375000000000e+06
9.514838281250000000e+04
1.904534570312500000e+04
1.879445468750000000e+05
1.019694453125000000e+05
4.617419921875000000e+04
2.549978125000000000e+04
1.237195375000000000e+06
2.079258437500000000e+05
7.734103125000000000e+04
2.272004687500000000e+05
1.697593375000000000e+06
1.922079492187500000e+04
8.132678750000000000e+05
1.462899121093750000e+04
4.830802343750000000e+04
9.574176757812500000e+03
1.505734062500000000e+05
4.447026953125000000e+04
3.373146875000000000e+04
3.249394140625000000e+04
5.115310156250000000e+04
5.412530078125000000e+04
2.261140039062500000e+04
5.029125390625000000e+04
1.237573000000000000e+06
1.796873125000000000e+05
8.952126953125000000e+03
1.107005937500000000e+05
6.739468125000000000e+05
5.583123535156250000e+03
1.280808281250000000e+05
1.418757500000000000e+06
1.281360253906250000e+04
4.665024218750000000e+04
7.548681875000000000e+05
1.393675625000000000e+05
5.519821484375000000e+04
1.141726875000000000e+06
7.239955078125000000e+03
4.271730000000000000e+05
1.710775600000000000e+07
7.407711425781250000e+03
4.529720500000000000e+06
2.552401367187500000e+04
8.582411132812500000e+03
3.303672750000000000e+06
2.426254492187500000e+04
1.245596972656250000e+04
9.255452880859375000e+02
1.884207226562500000e+04
3.339976562500000000e+04
8.479969000000000000e+06
1.242947875000000000e+06
4.979479375000000000e+05
3.021978759765625000e+03
8.998580625000000000e+05
8.813435937500000000e+04
2.227005859375000000e+03
1.482231406250000000e+05
3.967658447265625000e+03
1.210674500000000000e+06
7.905873535156250000e+03
7.817861250000000000e+05
1.051760390625000000e+05
1.854123828125000000e+04
2.189167812500000000e+05
4.047348437500000000e+04
8.900038750000000000e+05
5.965760000000000000e+05
1.306944500000000000e+06
6.249028320312500000e+03
9.210495000000000000e+06
4.765956800000000000e+07
1.143151171875000000e+05
1.348430125000000000e+06
2.731920166015625000e+03
2.003052734375000000e+04
3.857886750000000000e+06
1.779076406250000000e+05
3.027908437500000000e+05
1.073723144531250000e+03
1.495565280000000000e+08
7.243359200000000000e+07
6.167791406250000000e+04
4.800751000000000000e+06
3.130250390625000000e+04
1.013002578125000000e+05
1.972769408000000000e+09
1.262753750000000000e+06
3.401210750000000000e+06
4.046407031250000000e+04
5.711978240000000000e+08
1.160087040000000000e+08
4.555292968750000000e+04
1.003655500000000000e+06
6.858411621093750000e+03
1.700405859375000000e+04
3.211485184000000000e+09
2.375793250000000000e+06
1.590987750000000000e+06
2.194121406250000000e+05
1.255678400000000000e+07
1.674504064000000000e+09
7.382668500000000000e+06
7.874776250000000000e+05
3.117617968750000000e+04
2.539372400000000000e+07
7.619024000000000000e+06
2.157365234375000000e+03
8.306475639343261719e+00
5.945809936523437500e+02
9.842663281250000000e+04
1.096119308471679688e+01
1.571170288085937500e+03
4.481783447265625000e+02
9.692056655883789062e+00
9.686925000000000000e+04
1.528676093750000000e+05
2.345244531250000000e+04
1.332407000000000000e+07
1.715309765625000000e+04
8.082857421875000000e+03
2.375971093750000000e+05
3.030192750000000000e+06
4.768763500000000000e+06
1.216221953125000000e+05
4.588228750000000000e+05
1.764307617187500000e+04
3.544404541015625000e+03
4.010598800000000000e+07
2.366538750000000000e+05
7.445981250000000000e+05
2.634700195312500000e+04
7.503578125000000000e+05
1.330249316406250000e+04
4.066445703125000000e+04
5.997487304687500000e+03
2.201828320312500000e+04
1.149613250000000000e+06
3.034563437500000000e+05
1.580545043945312500e+03
1.886070117187500000e+04
2.655843750000000000e+04
1.766818847656250000e+03
7.833582812500000000e+04
1.149613250000000000e+06
2.306392089843750000e+03
1.369192993164062500e+03
2.655843750000000000e+04
7.833582812500000000e+04
1.369192993164062500e+03
1.947666406250000000e+04
1.198843066406250000e+04
7.011635625000000000e+05
5.647836875000000000e+05
1.227447363281250000e+04
7.881364375000000000e+05
2.942154492187500000e+04
5.062638437500000000e+05
2.115449531250000000e+05
3.039361500000000000e+06
7.968488769531250000e+03
5.716798750000000000e+05
2.137674687500000000e+05
6.204954296875000000e+04
7.928735937500000000e+04
6.960407500000000000e+06
3.132297500000000000e+05
1.185814609375000000e+05
1.917764000000000000e+06
1.565899000000000000e+06
3.835405859375000000e+04
5.186785937500000000e+04
5.195083500000000000e+06
1.056938125000000000e+06
1.749995000000000000e+06
8.320737500000000000e+05
5.979792578125000000e+04
6.040815234375000000e+04
3.162583007812500000e+04
7.622025390625000000e+03
4.684873437500000000e+04
3.162583007812500000e+04
1.915325390625000000e+04
2.526244140625000000e+04
4.717688671875000000e+04
7.618049804687500000e+03
3.955442500000000000e+05
1.297324453125000000e+05
2.454370898437500000e+04
1.480737402343750000e+04
2.202505000000000000e+06
1.496586523437500000e+04
1.862870898437500000e+04
4.586719687500000000e+05
2.502873000000000000e+06
4.494365310668945312e+01
8.976541137695312500e+01
1.296184082031250000e+02
7.781260937500000000e+04
3.622628750000000000e+06
6.721582031250000000e+04
2.596041250000000000e+05
7.246341250000000000e+05
8.090879687500000000e+04
3.622628750000000000e+06
7.246341250000000000e+05
1.704387125000000000e+06
8.713164843750000000e+04
1.931206718750000000e+05
2.275375750000000000e+06
3.732148828125000000e+04
3.032066875000000000e+05
1.358211875000000000e+06
3.847114453125000000e+04
2.275375750000000000e+06
1.358211875000000000e+06
3.548267500000000000e+06
1.138995078125000000e+05
1.617011406250000000e+05
2.898851750000000000e+06
1.157951625000000000e+06
9.948271484375000000e+03
1.120033750000000000e+05
3.528585546875000000e+04
3.527219531250000000e+04
1.641832031250000000e+04
2.218535546875000000e+04
1.953098375000000000e+06
5.386120605468750000e+03
3.167464062500000000e+04
2.350913906250000000e+05
7.439176757812500000e+03
5.100705078125000000e+04
3.328294062500000000e+05
3.934676562500000000e+04
4.978973046875000000e+04
2.393447500000000000e+06
2.009205500000000000e+06
9.511716406250000000e+04
2.180128320312500000e+04
1.214164125000000000e+06
7.088396875000000000e+04
5.040250390625000000e+04
1.418972343750000000e+05
4.946586000000000000e+06
4.893327500000000000e+06
2.044091210937500000e+04
5.330506875000000000e+05
1.504882324218750000e+04
2.345003417968750000e+03
6.870404000000000000e+07
1.069274625000000000e+06
1.817341718750000000e+05
6.915112500000000000e+04
2.199847250000000000e+06
2.603825000000000000e+04
6.879631875000000000e+05
1.835059051513671875e+02
1.202227050781250000e+03
6.603298339843750000e+03
3.245063437500000000e+05
3.107145898437500000e+04
4.656472265625000000e+04
6.003926250000000000e+05
8.137236328125000000e+03
3.458951953125000000e+04
6.743785156250000000e+04
7.579073437500000000e+04
9.788903125000000000e+04
9.405321875000000000e+04
6.600206542968750000e+03
2.694429101562500000e+04
7.088058125000000000e+05
9.498212890625000000e+03
6.233976562500000000e+04
3.343797187500000000e+05
1.786033789062500000e+04
1.076055703125000000e+05
8.205653906250000000e+04
1.512613750000000000e+05
2.780164306640625000e+03
5.785826562500000000e+04
4.647988437500000000e+05
2.151679062500000000e+05
7.940139062500000000e+04
7.560663281250000000e+04
2.775916992187500000e+04
1.815598046875000000e+04
2.145189062500000000e+04
6.050233398437500000e+03
2.504298000000000000e+07
1.012198339843750000e+04
1.180549250000000000e+06
3.844653125000000000e+04
2.978148828125000000e+04
1.665586500000000000e+07
3.530867968750000000e+04
3.350702392578125000e+03
1.407377000000000000e+06
9.637046875000000000e+04
1.756998046875000000e+04
3.447162170410156250e+02
7.870149230957031250e+01
4.006765365600585938e+01
8.609873657226562500e+02
7.219117968750000000e+04
3.845529500000000000e+06
1.966536750000000000e+06
1.989730312500000000e+05
6.847458593750000000e+04
4.462462000000000000e+07
2.008767242431640625e+02
1.421216601562500000e+04
2.964224609375000000e+03
7.229953125000000000e+05
1.403401406250000000e+05
2.056972960000000000e+08
4.334392000000000000e+06
2.726980468750000000e+03
9.036576538085937500e+02
3.610484062500000000e+05
4.217032500000000000e+06
2.471732617187500000e+04
1.479698364257812500e+03
5.095400781250000000e+04
4.563677368164062500e+02
5.506530761718750000e+03
2.362536668777465820e+00
3.453938281250000000e+04
8.499604797363281250e+01
3.460360937500000000e+04
6.173781000000000000e+06
1.490363000000000000e+06
1.741499200000000000e+07
1.746752031250000000e+05
1.571783398437500000e+04
3.593877812500000000e+05
2.537690000000000000e+06
4.990173437500000000e+04
1.294637250000000000e+06
4.607230957031250000e+03
3.034563437500000000e+05
1.661791125000000000e+06
3.204340625000000000e+04
6.457196875000000000e+05
1.555180957031250000e+04
1.433554720000000000e+08
2.133388640000000000e+08
6.173781000000000000e+06
2.837617200000000000e+07
1.490363000000000000e+06
1.741499200000000000e+07
1.940872265625000000e+04
2.191534250000000000e+06
3.146811914062500000e+04
4.060414000000000000e+07
3.593877812500000000e+05
2.537690000000000000e+06
1.294637250000000000e+06
1.123772400000000000e+07
1.731708960000000000e+08
1.661791125000000000e+06
2.474588281250000000e+05
3.204340625000000000e+04
6.457196875000000000e+05
4.635542016000000000e+09
1.433554720000000000e+08
2.133388640000000000e+08
2.837617200000000000e+07
8.484324375000000000e+05
1.940872265625000000e+04
2.191534250000000000e+06
4.060414000000000000e+07
5.627370240000000000e+08
1.123772400000000000e+07
1.731708960000000000e+08
2.474588281250000000e+05
4.635542016000000000e+09
8.484324375000000000e+05
5.627370240000000000e+08
1.777558105468750000e+03
6.581616406250000000e+04
2.437375000000000000e+04
5.677608203125000000e+04
7.051640625000000000e+03
2.775917236328125000e+03
9.222957031250000000e+04
3.595328515625000000e+04
2.125998400000000000e+07
1.869596290588378906e+01
1.530489218750000000e+05
7.469085693359375000e+01
6.032681250000000000e+05
7.646318435668945312e+00
3.799771728515625000e+02
2.125220000000000000e+07
1.870386695861816406e+01
7.471799468994140625e+01
3.801019897460937500e+02
3.929233500000000000e+06
4.372162109375000000e+03
3.018420312500000000e+05
2.493853378295898438e+01
5.294338607788085938e+01
1.752209375000000000e+05
2.167500390625000000e+04
8.667101287841796875e+01
1.776650619506835938e+01
1.483511093750000000e+05
5.908934020996093750e+01
1.174558300000000000e+07
4.529720500000000000e+06
4.815019500000000000e+06
5.086666406250000000e+04
4.765956800000000000e+07
9.003143000000000000e+06
1.049960390625000000e+05
1.314772750000000000e+06
5.043577734375000000e+04
8.829223632812500000e+03
2.033064064000000000e+09
3.413706880000000000e+08
3.650038437500000000e+05
1.046309520000000000e+08
1.615892187500000000e+05
6.992450000000000000e+04
1.941706752000000000e+09
4.657457812500000000e+05
6.391913281250000000e+04
3.901000390625000000e+04
7.200489472000000000e+10
2.053587000000000000e+06
7.234204687500000000e+04
3.700915625000000000e+05
2.657255000000000000e+05
1.565890000000000000e+06
1.228231800000000000e+07
3.022329687500000000e+04
4.765956800000000000e+07
1.106669555664062500e+03
7.597968750000000000e+05
1.007128320312500000e+04
1.710265000000000000e+05
1.743891072000000000e+09
1.608380000000000000e+05
1.251561816406250000e+04
1.090548250000000000e+06
4.350145625000000000e+05
2.166717031250000000e+05
1.174558300000000000e+07
4.529720500000000000e+06
1.528676093750000000e+05
2.165229843750000000e+05
3.266325625000000000e+05
2.336914257812500000e+04
4.765956800000000000e+07
1.705317000000000000e+06
3.034563437500000000e+05
3.121974000000000000e+07
9.452815625000000000e+05
2.166717031250000000e+05
2.033064064000000000e+09
1.174558300000000000e+07
4.529720500000000000e+06
4.334457200000000000e+07
2.165229843750000000e+05
3.266325625000000000e+05
4.765956800000000000e+07
1.629664256000000000e+10
3.121974000000000000e+07
9.452815625000000000e+05
2.033064064000000000e+09
4.334457200000000000e+07
1.629664256000000000e+10
2.950084000000000000e+06
4.529720500000000000e+06
4.033010937500000000e+04
7.444675000000000000e+05
8.605090942382812500e+02
4.836610937500000000e+04
1.266669840000000000e+08
8.833817968750000000e+04
8.074662500000000000e+05
1.273846484375000000e+05
5.950322000000000000e+06
4.046028515625000000e+04
4.668215234375000000e+04
2.536499414062500000e+04
5.044342578125000000e+04
9.808427734375000000e+03
2.799819726562500000e+04
6.096803710937500000e+03
1.521407617187500000e+04
8.961232031250000000e+04
1.245266796875000000e+04
4.668260156250000000e+04
7.271248125000000000e+05
6.345207031250000000e+04
1.350591000000000000e+06
1.250263793945312500e+03
4.529720500000000000e+06
1.694924218750000000e+05
1.584858281250000000e+05
1.225679931640625000e+02
1.797772968750000000e+05
1.546125183105468750e+02
1.009724426269531250e+03
1.875592031250000000e+05
5.149209687500000000e+05
1.776515258789062500e+03
2.137428125000000000e+05
7.159794375000000000e+05
1.661050720214843750e+02
8.025399375000000000e+05
1.918930859375000000e+04
7.990160000000000000e+06
1.209785937500000000e+04
5.822842187500000000e+04
6.358644104003906250e+01
4.448035278320312500e+02
1.635078430175781250e+02
7.295238750000000000e+05
1.147335281372070312e+02
1.727295781250000000e+05
1.951124609375000000e+04
1.228462375000000000e+06
4.687095214843750000e+03
2.270813964843750000e+03
1.931513500000000000e+06
9.895351562500000000e+02
4.279679296875000000e+04
1.105008392333984375e+02
1.623984130859375000e+03
9.791613125000000000e+05
3.043640441894531250e+02
2.420455468750000000e+04
2.451480957031250000e+03
1.554065185546875000e+03
1.342505468750000000e+04
1.352616210937500000e+04
1.479915722656250000e+04
3.628512573242187500e+02
1.484140781250000000e+05
7.936135864257812500e+02
1.483934218750000000e+05
1.283852187500000000e+05
2.690414375000000000e+05
1.708993125000000000e+05
1.239036015625000000e+05
1.241477929687500000e+04
9.831755000000000000e+05
8.182866875000000000e+05
1.976170898437500000e+04
1.409885449218750000e+04
6.696338125000000000e+05
1.781555312500000000e+05
3.677415771484375000e+03
1.107219140625000000e+05
1.289683593750000000e+05
7.209314843750000000e+04
3.758218500000000000e+06
6.520614453125000000e+04
3.804512500000000000e+04
1.591619843750000000e+05
3.088632250000000000e+06
3.114522250000000000e+06
2.056506718750000000e+05
1.505238750000000000e+05
1.801129125000000000e+06
1.027962578125000000e+05
4.750430468750000000e+04
7.831491406250000000e+04
2.000554843750000000e+05
9.779279327392578125e+01
7.824219200000000000e+07
6.489193000000000000e+06
3.103182000000000000e+06
6.759821500000000000e+06
3.011610500000000000e+06
2.049116250000000000e+05
1.933627375000000000e+06
1.839352750000000000e+06
1.032658359375000000e+05
8.098414843750000000e+04
4.826270400000000000e+08
7.630387200000000000e+07
6.345531000000000000e+06
6.790234000000000000e+06
1.986339250000000000e+06
4.939620160000000000e+08
1.174558300000000000e+07
4.529720500000000000e+06
2.820966500000000000e+06
3.950107031250000000e+04
4.765956800000000000e+07
1.095297500000000000e+07
6.479038671875000000e+04
6.896856250000000000e+05
4.686348046875000000e+04
7.962874145507812500e+02
2.033064064000000000e+09
2.267402240000000000e+09
1.150563000000000000e+06
1.207554160000000000e+08
7.830740625000000000e+05
7.874929687500000000e+04
1.597442048000000000e+09
3.038720750000000000e+06
2.159837031250000000e+05
1.120401171875000000e+05
7.200489472000000000e+10
6.320590800000000000e+07
1.362758300000000000e+07
5.238471500000000000e+06
1.975957200000000000e+07
4.183376640000000000e+09
7.372654687500000000e+04
2.218535546875000000e+04
1.016981687500000000e+06
2.678195937500000000e+05
1.004025683593750000e+04
2.676796875000000000e+05
4.991015625000000000e+04
3.913646562500000000e+05
2.296825156250000000e+05
7.353410000000000000e+05
9.275641601562500000e+03
3.477420625000000000e+05
8.107788281250000000e+04
4.601115625000000000e+04
2.259146875000000000e+05
3.893903500000000000e+06
6.112647265625000000e+04
3.758155078125000000e+04
1.232891484375000000e+05
6.401835000000000000e+05
2.469840429687500000e+04
8.409200781250000000e+04
1.228305375000000000e+06
1.276873750000000000e+06
1.223337734375000000e+05
5.309350625000000000e+05
3.875362109375000000e+04
5.177153906250000000e+04
3.645473750000000000e+05
5.424963671875000000e+04
2.555839687500000000e+05
1.619165625000000000e+05
8.439447265625000000e+03
1.727996093750000000e+05
2.165011093750000000e+05
1.887249375000000000e+05
1.481014687500000000e+05
3.330411875000000000e+05
1.211002109375000000e+05
7.262266601562500000e+03
7.230218750000000000e+04
8.283341500000000000e+06
3.586992500000000000e+06
2.378677825927734375e+02
3.455813250000000000e+06
3.355509033203125000e+02
1.695218658447265625e+02
4.142025280000000000e+08
1.013648498535156250e+03
8.275830078125000000e+02
1.048989379882812500e+03
1.587511621093750000e+04
3.253599218750000000e+04
3.107145898437500000e+04
1.953098375000000000e+06
3.080076416015625000e+03
3.285886328125000000e+04
2.115449531250000000e+05
5.491528808593750000e+03
1.431354218750000000e+05
2.105149218750000000e+05
3.817237109375000000e+04
5.191650781250000000e+04
1.318623100000000000e+07
4.567106500000000000e+06
3.893622265625000000e+04
6.429427200000000000e+07
7.898817968750000000e+04
2.260072656250000000e+04
3.007270912000000000e+09
6.241089375000000000e+05
2.273730156250000000e+05
1.030416187500000000e+06
2.678653250000000000e+06
2.621215500000000000e+06
9.634639062500000000e+04
7.669277343750000000e+04
3.071038867187500000e+04
1.823624414062500000e+04
1.055147500000000000e+06
1.737007617187500000e+04
2.463513906250000000e+05
1.246572300000000000e+07
2.599914500000000000e+06
2.442116250000000000e+06
2.749649375000000000e+05
5.161714500000000000e+06
1.148979000000000000e+07
2.490482617187500000e+04
1.348430125000000000e+06
2.795589111328125000e+03
3.043523242187500000e+04
6.546367360000000000e+08
6.156429600000000000e+07
1.330943625000000000e+06
1.013394880000000000e+08
1.958675625000000000e+06
3.638024375000000000e+05
3.245758000000000000e+07
4.329757812500000000e+05
1.451416500000000000e+06
7.837868125000000000e+05
1.252278080000000000e+08
9.293174400000000000e+07
2.660455500000000000e+06
5.734987600000000000e+07
8.909750000000000000e+06
2.910710400000000000e+07
1.345689746093750000e+04
2.446039550781250000e+03
1.845470875000000000e+06
1.040012817382812500e+03
6.064811718750000000e+04
6.927866210937500000e+03
1.589707031250000000e+03
8.949710937500000000e+04
3.598403076171875000e+03
2.682692871093750000e+03
1.707854003906250000e+03
6.911565000000000000e+06
2.068756000000000000e+07
4.893327500000000000e+06
1.528676093750000000e+05
5.924750500000000000e+06
2.593475750000000000e+06
7.236267968750000000e+04
1.022677700000000000e+07
5.930821250000000000e+05
4.870060546875000000e+03
9.195006080000000000e+08
3.463954560000000000e+08
6.911565000000000000e+06
4.113571520000000000e+08
2.068756000000000000e+07
4.893327500000000000e+06
3.093914880000000000e+09
5.924750500000000000e+06
2.593475750000000000e+06
1.022677700000000000e+07
7.200489472000000000e+10
9.195006080000000000e+08
3.463954560000000000e+08
4.113571520000000000e+08
3.093914880000000000e+09
7.200489472000000000e+10
5.337829000000000000e+06
1.808931250000000000e+05
7.506768554687500000e+03
5.337829000000000000e+06
1.510245000000000000e+06
1.763115156250000000e+05
1.304326000000000000e+06
2.906054000000000000e+06
3.988486328125000000e+02
6.330636875000000000e+05
2.149578125000000000e+03
1.867205664062500000e+04
8.821306250000000000e+04
2.212398223876953125e+02
3.460486328125000000e+04
1.469039746093750000e+04
2.599914500000000000e+06
2.299092750000000000e+06
1.259728125000000000e+04
1.281453250000000000e+06
2.241382812500000000e+03
2.213285742187500000e+04
9.182488000000000000e+07
7.510444531250000000e+04
1.016657031250000000e+05
2.064096484375000000e+04
3.249408437500000000e+05
4.732814375000000000e+05
9.427801000000000000e+06
7.614943125000000000e+05
4.765956800000000000e+07
2.956784179687500000e+04
1.824508000000000000e+07
7.208723437500000000e+04
1.314049625000000000e+06
5.709287680000000000e+08
1.208986900000000000e+07
8.937701875000000000e+05
3.065510800000000000e+07
8.092499023437500000e+03
2.084478906250000000e+04
1.916334375000000000e+06
6.554439697265625000e+02
4.425619140625000000e+03
2.544491875000000000e+05
1.364627929687500000e+04
8.343289843750000000e+04
3.034563437500000000e+05
2.690865478515625000e+02
5.540961914062500000e+03
6.632573437500000000e+04
1.428838378906250000e+04
1.017822109375000000e+05
1.270539916992187500e+03
4.981942382812500000e+03
4.467662963867187500e+02
7.891500781250000000e+04
8.814918945312500000e+03
2.544491875000000000e+05
3.063008117675781250e+02
5.668527832031250000e+02
4.086343688964843750e+02
1.136282226562500000e+04
5.203458984375000000e+03
6.632573437500000000e+04
1.659302148437500000e+04
2.549563232421875000e+03
4.981942382812500000e+03
7.891500781250000000e+04
9.279442749023437500e+02
4.414192810058593750e+02
5.668527832031250000e+02
1.136282226562500000e+04
1.659302148437500000e+04
9.279442749023437500e+02
1.021170562500000000e+06
3.088632250000000000e+06
1.421009062500000000e+05
1.299722031250000000e+05
5.022694375000000000e+05
3.130107177734375000e+03
8.014694335937500000e+03
1.751779296875000000e+04
6.513466796875000000e+04
1.380570220947265625e+02
3.844155520000000000e+08
4.992855312500000000e+05
6.216343125000000000e+05
8.736190000000000000e+05
4.520214687500000000e+05
1.521127539062500000e+04
1.780131875000000000e+06
5.037315937500000000e+05
6.948665771484375000e+02
1.118637597656250000e+04
1.727038240000000000e+08
9.085087200000000000e+07
1.232411796875000000e+05
1.360019375000000000e+05
2.918970312500000000e+05
8.787308000000000000e+06
1.558378750000000000e+06
1.282408007812500000e+04
1.952029625000000000e+06
3.663041875000000000e+05
8.005346093750000000e+04
4.480768127441406250e+02
1.878311523437500000e+04
2.591401855468750000e+03
1.404421718750000000e+05
1.878311523437500000e+04
2.643954250000000000e+06
3.147013085937500000e+04
2.075793554687500000e+04
5.115310156250000000e+04
6.148480000000000000e+05
1.128354858398437500e+03
2.132344726562500000e+04
1.071493875000000000e+06
5.070934375000000000e+04
6.006410156250000000e+04
3.034563437500000000e+05
2.339252685546875000e+03
5.610978906250000000e+04
3.637105000000000000e+05
8.171121875000000000e+04
5.541695703125000000e+04
3.462037353515625000e+03
3.990812890625000000e+04
1.334237792968750000e+03
2.354950937500000000e+05
5.450941015625000000e+04
1.071493875000000000e+06
4.778037109375000000e+03
3.055106640625000000e+04
5.486539550781250000e+03
1.701622812500000000e+05
1.796638437500000000e+05
3.637105000000000000e+05
1.403326406250000000e+05
1.020985742187500000e+04
3.990812890625000000e+04
2.354950937500000000e+05
3.059553125000000000e+04
1.153695605468750000e+04
3.055106640625000000e+04
1.701622812500000000e+05
1.403326406250000000e+05
3.059553125000000000e+04
5.199321500000000000e+06
1.923645625000000000e+06
1.451545312500000000e+05
2.040571375000000000e+06
8.572004000000000000e+06
4.025317968750000000e+04
1.178990625000000000e+04
1.965716718750000000e+05
3.607143359375000000e+04
1.955486000000000000e+06
1.665714687500000000e+05
3.731130312500000000e+05
5.086103515625000000e+04
3.810020703125000000e+04
1.709539218750000000e+05
6.377893066406250000e+03
1.820774218750000000e+04
6.656200500000000000e+06
4.683796484375000000e+04
1.495462109375000000e+04
6.814774218750000000e+04
7.657063125000000000e+05
3.069105529785156250e+02
4.014288671875000000e+04
8.506937500000000000e+05
2.834780029296875000e+03
9.793573242187500000e+03
1.844262812500000000e+05
7.275141113281250000e+03
4.714501464843750000e+03
7.023903808593750000e+03
1.225977800000000000e+07
1.264554500000000000e+07
2.712859725952148438e+01
2.647308984375000000e+04
2.541557200000000000e+07
3.099945259094238281e+01
4.579371875000000000e+04
8.504239654541015625e+01
1.442224375000000000e+05
1.352876853942871094e+01
1.302487552000000000e+10
9.739567565917968750e+01
3.013788250000000000e+06
3.406458435058593750e+02
2.408803500000000000e+06
2.539757728576660156e+01
1.764200744628906250e+02
2.052846750000000000e+06
3.988270950317382812e+01
6.781645965576171875e+01
9.484008789062500000e+02
1.208538000000000000e+08
1.079761123657226562e+02
2.022595214843750000e+02
1.675684967041015625e+02
5.371538696289062500e+02
3.844689843750000000e+04
9.193939375000000000e+05
1.135400000000000000e+05
4.411002800000000000e+07
5.131403320312500000e+03
1.279964375000000000e+06
1.997266992187500000e+04
3.075945898437500000e+04
1.941397200000000000e+07
3.091646750000000000e+06
1.890881562500000000e+05
9.213696875000000000e+05
3.774483984375000000e+04
1.285737750000000000e+06
4.870060546875000000e+03
4.816358437500000000e+05
2.269830078125000000e+04
2.816768125000000000e+05
1.078159750000000000e+06
3.774483984375000000e+04
1.285737750000000000e+06
4.816358437500000000e+05
1.078159750000000000e+06
3.283850341796875000e+03
8.317184570312500000e+03
5.962358398437500000e+02
5.980973437500000000e+04
1.599020629882812500e+03
2.905635253906250000e+03
4.759946289062500000e+02
1.809414062500000000e+03
8.014353027343750000e+02
6.946863769531250000e+03
8.891860000000000000e+05
6.946396093750000000e+04
3.046065979003906250e+02
4.429187988281250000e+03
7.669796875000000000e+04
1.570147460937500000e+03
1.711266750000000000e+06
1.810159843750000000e+05
2.549766601562500000e+04
1.711266750000000000e+06
2.640798750000000000e+05
4.101491796875000000e+04
1.050232812500000000e+05
3.531848876953125000e+03
2.408626400000000000e+07
1.194710000000000000e+06
2.365466000000000000e+07
2.009276757812500000e+04
1.224636400000000000e+07
4.765956800000000000e+07
8.996855000000000000e+05
7.458275625000000000e+05
2.360749023437500000e+04
1.782088906250000000e+05
8.729808000000000000e+06
1.012592382812500000e+04
3.272845625000000000e+05
1.152159667968750000e+03
4.893690880000000000e+09
8.957265920000000000e+08
6.062088500000000000e+06
3.494852000000000000e+07
2.912566562500000000e+05
2.195814750000000000e+06
1.702986752000000000e+09
2.818718500000000000e+06
1.306142400000000000e+07
3.918520000000000000e+05
2.957006080000000000e+08
1.798248800000000000e+08
1.566990875000000000e+06
4.037748125000000000e+05
5.695041503906250000e+03
9.963067187500000000e+04
5.419841945600000000e+10
2.408894080000000000e+08
8.863246400000000000e+07
3.967244250000000000e+06
6.857377600000000000e+07
5.570921984000000000e+09
4.358091600000000000e+07
2.630059200000000000e+07
1.085631562500000000e+05
1.919315840000000000e+09
4.470267520000000000e+08
5.853962890625000000e+03
7.250405625000000000e+05
1.197137656250000000e+05
4.447026953125000000e+04
1.953098375000000000e+06
4.529720500000000000e+06
9.742466406250000000e+04
4.717819531250000000e+04
7.381238281250000000e+04
3.183366015625000000e+04
1.972048125000000000e+05
1.347994843750000000e+05
1.615476093750000000e+05
4.181626953125000000e+04
3.782149750000000000e+06
2.191373593750000000e+05
4.789542968750000000e+04
2.506930937500000000e+05
2.435746875000000000e+05
1.294192875000000000e+06
6.479540000000000000e+05
2.393370000000000000e+06
1.851626757812500000e+04
7.240450781250000000e+04
8.751556250000000000e+04
2.187696718750000000e+05
7.559020312500000000e+04
5.695440000000000000e+05
1.563045468750000000e+05
1.111258125000000000e+06
1.863464687500000000e+05
8.438611250000000000e+05
5.092146562500000000e+05
1.840535937500000000e+05
2.153460781250000000e+05
2.411118000000000000e+06
9.943929687500000000e+04
5.680143125000000000e+05
1.534771875000000000e+05
1.756397031250000000e+05
1.265300875000000000e+06
6.023580625000000000e+05
2.909854062500000000e+05
5.115310156250000000e+04
2.437294531250000000e+05
2.592795117187500000e+04
5.431319335937500000e+03
1.622232500000000000e+06
1.987240429687500000e+04
2.530031640625000000e+04
6.799904785156250000e+03
2.424525156250000000e+05
1.218756713867187500e+03
2.421615781250000000e+05
2.562172500000000000e+05
5.688195312500000000e+03
5.589716406250000000e+04
4.901630468750000000e+04
2.629032421875000000e+04
1.264882031250000000e+04
6.317260000000000000e+06
1.323524000000000000e+07
2.442116250000000000e+06
1.484140781250000000e+05
1.877975375000000000e+06
5.329314000000000000e+06
2.385184062500000000e+05
4.765956800000000000e+07
1.705317000000000000e+06
3.034563437500000000e+05
1.571851136000000000e+09
1.619059500000000000e+06
6.317260000000000000e+06
1.237608960000000000e+09
1.323524000000000000e+07
2.442116250000000000e+06
8.595142400000000000e+07
1.877975375000000000e+06
5.329314000000000000e+06
4.765956800000000000e+07
7.200489472000000000e+10
1.571851136000000000e+09
1.619059500000000000e+06
1.237608960000000000e+09
8.595142400000000000e+07
7.200489472000000000e+10
3.417202343750000000e+04
1.469229370117187500e+03
1.165391723632812500e+03
1.250185156250000000e+04
1.348484179687500000e+04
3.269787109375000000e+04
1.091062011718750000e+03
1.457082153320312500e+03
5.592839843750000000e+03
1.351563867187500000e+04
4.922034667968750000e+03
1.495913500000000000e+06
2.028912500000000000e+04
1.514528656005859375e+02
8.884307031250000000e+04
8.864417968750000000e+04
5.364714355468750000e+03
6.994757812500000000e+04
1.709110937500000000e+04
7.888022949218750000e+03
3.667382568359375000e+03
1.234884843750000000e+05
4.694717578125000000e+04
4.335181640625000000e+04
4.287429296875000000e+04
5.512889648437500000e+03
1.071741875000000000e+05
8.250067187500000000e+04
8.739396875000000000e+04
1.009622109375000000e+05
2.112798125000000000e+05
1.045419433593750000e+04
1.122182128906250000e+04
3.426150625000000000e+05
2.910803125000000000e+05
1.495150781250000000e+05
1.653093906250000000e+05
4.943266000000000000e+06
4.570548500000000000e+06
1.067983046875000000e+05
1.348430125000000000e+06
6.997584472656250000e+03
4.454119140625000000e+04
1.060601520000000000e+08
6.814321875000000000e+05
1.204855625000000000e+06
3.702920937500000000e+05
7.345713000000000000e+06
1.085277750000000000e+06
4.893327500000000000e+06
2.709599414062500000e+04
8.792533750000000000e+05
1.809922070312500000e+04
2.535128906250000000e+03
1.142650480000000000e+08
2.309516250000000000e+05
2.146739218750000000e+05
8.640593750000000000e+04
5.007115000000000000e+06
5.198086328125000000e+04
9.206179375000000000e+05
1.765201171875000000e+04
6.057730078125000000e+04
2.475617343750000000e+05
9.346701049804687500e+01
7.208458496093750000e+03
9.826183319091796875e+01
9.333637237548828125e+01
1.969261750000000000e+06
1.075830859375000000e+05
1.146815800000000000e+07
2.442503710937500000e+04
1.244007875000000000e+06
6.941918750000000000e+04
2.822059687500000000e+05
5.134704800000000000e+07
9.320571875000000000e+05
1.582607968750000000e+05
1.598715625000000000e+06
1.283547500000000000e+07
8.765363281250000000e+04
4.676035156250000000e+04
1.349983500000000000e+07
1.484647700000000000e+07
2.599914500000000000e+06
7.669803906250000000e+04
9.781994000000000000e+06
1.070313906250000000e+05
8.928089843750000000e+03
9.679481600000000000e+08
6.265033125000000000e+05
1.002169296875000000e+05
9.987364062500000000e+04
4.690272187500000000e+05
4.523439062500000000e+04
2.218535546875000000e+04
1.137709277343750000e+04
5.064521972656250000e+03
1.795713281250000000e+04
6.944919375000000000e+05
1.748133437500000000e+05
2.714299687500000000e+05
2.296825156250000000e+05
5.998678125000000000e+05
4.286639843750000000e+04
1.584583281250000000e+05
3.300690750000000000e+06
5.184159062500000000e+05
7.927960000000000000e+05
2.287031005859375000e+03
4.260293884277343750e+02
1.221442489624023438e+02
5.612673000000000000e+06
6.550888281250000000e+04
1.649492500000000000e+05
9.521632500000000000e+05
3.896015930175781250e+02
8.730315399169921875e+01
2.999417724609375000e+02
8.751419067382812500e+01
8.269302500000000000e+05
1.080172750000000000e+06
1.862272500000000000e+05
5.046990585327148438e+01
4.070573730468750000e+02
1.279774780273437500e+02
9.077203750000000000e+05
9.224060821533203125e+01
2.356728125000000000e+05
4.085405761718750000e+03
8.950350781250000000e+04
3.134333125000000000e+05
5.710194531250000000e+04
3.194527053833007812e+01
1.016461914062500000e+04
4.121705859375000000e+04
1.890544062500000000e+05
2.330002148437500000e+04
4.374515136718750000e+03
5.449266875000000000e+05
1.664842382812500000e+04
1.073406835937500000e+04
2.016541015625000000e+04
3.034563437500000000e+05
2.572948913574218750e+02
5.462942500000000000e+06
9.737627343750000000e+04
4.121705859375000000e+04
1.099974000000000000e+06
1.890544062500000000e+05
2.330002148437500000e+04
5.206504062500000000e+05
5.449266875000000000e+05
1.664842382812500000e+04
2.016541015625000000e+04
1.712633200000000000e+07
5.462942500000000000e+06
9.737627343750000000e+04
1.099974000000000000e+06
5.206504062500000000e+05
1.712633200000000000e+07
1.559144726562500000e+04
8.573808593750000000e+04
1.333972187500000000e+05
8.564619375000000000e+05
3.240373500000000000e+06
4.972628906250000000e+04
3.034563437500000000e+05
1.587969625000000000e+06
6.892975781250000000e+04
2.485223750000000000e+05
2.389514531250000000e+05
8.564619375000000000e+05
3.240373500000000000e+06
5.531940400000000000e+07
1.587969625000000000e+06
2.485223750000000000e+05
2.389514531250000000e+05
1.959909000000000000e+06
5.531940400000000000e+07
1.959909000000000000e+06
6.193029375000000000e+05
1.348430125000000000e+06
4.870060546875000000e+03
7.445717500000000000e+05
5.008987890625000000e+04
3.034563437500000000e+05
2.524399500000000000e+06
6.193029375000000000e+05
1.348430125000000000e+06
7.445717500000000000e+05
2.524399500000000000e+06
5.201994531250000000e+04
2.218535546875000000e+04
4.771681562500000000e+05
1.479698364257812500e+03
3.496600000000000000e+04
4.571255859375000000e+04
2.640498779296875000e+03
1.087601484375000000e+05
5.809457519531250000e+03
8.010124511718750000e+03
4.449444921875000000e+04
5.794330078125000000e+04
2.628393066406250000e+03
2.695138476562500000e+04
5.370494628906250000e+03
1.093097109375000000e+05
3.632718359375000000e+04
2.808410888671875000e+03
8.833712890625000000e+03
2.234116015625000000e+04
1.480116308593750000e+04
3.343094238281250000e+03
7.641971093750000000e+04
5.059746093750000000e+04
5.310907714843750000e+03
1.956116210937500000e+04
5.195172265625000000e+04
2.411802929687500000e+04
9.586091796875000000e+03
6.618634223937988281e+00
1.247990722656250000e+04
2.178221321105957031e+01
8.883305549621582031e+00
2.401876068115234375e+01
1.583848600000000000e+07
9.528423000000000000e+06
2.442116250000000000e+06
1.595744687500000000e+05
5.698668000000000000e+06
1.741499200000000000e+07
4.328699218750000000e+04
2.312947250000000000e+06
5.861928515625000000e+04
1.782340468750000000e+05
1.370342144000000000e+09
2.604425600000000000e+07
1.357933375000000000e+06
1.369165760000000000e+08
2.784001750000000000e+06
1.339077750000000000e+06
2.088947200000000000e+08
1.386701125000000000e+06
1.005772125000000000e+06
9.619906875000000000e+05
7.200489472000000000e+10
1.153234720000000000e+08
1.915081000000000000e+06
2.813387200000000000e+07
3.484588400000000000e+07
7.741440000000000000e+09
2.032825000000000000e+04
9.386057031250000000e+04
2.085236000000000000e+07
4.529720500000000000e+06
2.647657421875000000e+04
1.722899627685546875e+02
3.932317187500000000e+04
7.375707031250000000e+04
4.709768981933593750e+02
1.308958000000000000e+07
2.638587890625000000e+04
1.978912890625000000e+04
2.349668457031250000e+03
1.298283700000000000e+07
1.128903250000000000e+06
1.306460351562500000e+04
1.874275712000000000e+09
9.017496875000000000e+05
9.080225000000000000e+05
9.584947509765625000e+02
1.544273193359375000e+03
6.881518554687500000e+01
2.582024750000000000e+06
7.050517578125000000e+03
1.090883105468750000e+04
7.568115625000000000e+05
3.423429296875000000e+04
1.002771972656250000e+04
4.298428344726562500e+02
7.777122816000000000e+09
3.473257812500000000e+05
5.837420703125000000e+04
4.863341600000000000e+07
2.098663476562500000e+04
1.577900085449218750e+02
4.062008056640625000e+02
1.148724609375000000e+05
5.832728500000000000e+06
2.365442626953125000e+03
1.371846801757812500e+03
7.792155200000000000e+07
2.385325683593750000e+03
1.060501015625000000e+05
2.165153320312500000e+04
3.587703906250000000e+04
1.078856125000000000e+06
1.145187265625000000e+05
3.919660400390625000e+03
3.982433750000000000e+05
3.618536250000000000e+05
5.000253125000000000e+04
1.218218875000000000e+06
1.603966918945312500e+03
1.878770312500000000e+04
1.569304394531250000e+04
2.166601500000000000e+06
4.529720500000000000e+06
1.205955312500000000e+05
1.569092125000000000e+06
8.317827148437500000e+03
5.144281640625000000e+04
4.372645600000000000e+07
9.667589843750000000e+04
4.575535312500000000e+05
6.671264062500000000e+04
1.546289625000000000e+06
1.421009062500000000e+05
2.595236914062500000e+04
1.463173770904541016e+01
2.570431213378906250e+02
3.098428125000000000e+05
4.323431000000000000e+06
1.528676093750000000e+05
3.982520312500000000e+04
8.811814575195312500e+02
2.879389062500000000e+05
5.454139500000000000e+06
3.098428125000000000e+05
4.323431000000000000e+06
3.982520312500000000e+04
5.454139500000000000e+06
3.262594531250000000e+04
2.513931250000000000e+04
1.197645250000000000e+06
8.108639160156250000e+03
2.115449531250000000e+05
4.897308593750000000e+04
6.592398437500000000e+03
1.539021093750000000e+05
5.599861875000000000e+05
1.096795859375000000e+05
1.882189687500000000e+05
1.174558300000000000e+07
2.998860625000000000e+05
2.675579528808593750e+02
5.926473125000000000e+05
4.588574829101562500e+02
0.000000000000000000e+00
2.461916640000000000e+08
3.178262451171875000e+03
1.111771202087402344e+01
1.136728210449218750e+02
5.911740112304687500e+02
9.189985351562500000e+03
9.049432812500000000e+04
7.051596093750000000e+04
6.732599609375000000e+03
1.669930419921875000e+03
4.914110839843750000e+03
9.807052734375000000e+03
3.830873535156250000e+03
1.348430125000000000e+06
1.062713623046875000e+03
3.549826562500000000e+04
2.654048437500000000e+04
5.365069531250000000e+04
1.367807700000000000e+07
2.453606500000000000e+06
1.146266718750000000e+05
4.585711200000000000e+07
1.743205500000000000e+06
2.216367812500000000e+05
1.283805952000000000e+09
1.372006600000000000e+07
2.274280250000000000e+06
4.978767200000000000e+07
1.485550080000000000e+09
7.652720000000000000e+05
1.348430125000000000e+06
4.870060546875000000e+03
2.268777750000000000e+06
3.805419531250000000e+04
3.034563437500000000e+05
5.779622500000000000e+06
7.652720000000000000e+05
1.348430125000000000e+06
2.268777750000000000e+06
5.779622500000000000e+06
2.170597187500000000e+05
1.710389000000000000e+06
4.765956800000000000e+07
2.416350195312500000e+04
3.851956562500000000e+05
3.032015000000000000e+05
2.161969687500000000e+05
1.111409000000000000e+07
4.786234800000000000e+07
3.849371250000000000e+05
1.112894000000000000e+07
8.592468125000000000e+05
1.186784875000000000e+06
1.890544062500000000e+05
4.374515136718750000e+03
5.146632421875000000e+04
3.102395000000000000e+06
5.988252500000000000e+05
2.784709765625000000e+04
4.765956800000000000e+07
1.705317000000000000e+06
3.034563437500000000e+05
2.005830273437500000e+04
1.016003680000000000e+08
1.537296875000000000e+06
8.592468125000000000e+05
2.266618560000000000e+08
1.186784875000000000e+06
1.890544062500000000e+05
1.087636796875000000e+05
1.302292812500000000e+05
4.710994140625000000e+04
1.385598400000000000e+08
3.102395000000000000e+06
5.988252500000000000e+05
4.765956800000000000e+07
2.565069843750000000e+05
4.732834765625000000e+04
2.005830273437500000e+04
7.200489472000000000e+10
1.016003680000000000e+08
1.537296875000000000e+06
2.266618560000000000e+08
1.011216812500000000e+06
1.087636796875000000e+05
1.302292812500000000e+05
1.385598400000000000e+08
3.484708500000000000e+06
2.565069843750000000e+05
4.732834765625000000e+04
7.200489472000000000e+10
1.011216812500000000e+06
3.484708500000000000e+06
2.473182800000000000e+07
3.546278250000000000e+06
1.062303600000000000e+07
1.474798906250000000e+05
4.765956800000000000e+07
9.210495000000000000e+06
8.993501250000000000e+05
1.348430125000000000e+06
1.782340468750000000e+05
3.930573437500000000e+04
2.917071872000000000e+09
2.809844160000000000e+08
1.299886625000000000e+06
2.753516160000000000e+08
5.332693750000000000e+05
1.553415250000000000e+06
1.972769408000000000e+09
1.305258300000000000e+07
2.133855500000000000e+06
4.589135000000000000e+05
7.200489472000000000e+10
1.916962400000000000e+08
1.144135000000000000e+07
1.944669600000000000e+07
9.164099200000000000e+07
1.639431987200000000e+10
2.524765500000000000e+06
1.299251015625000000e+05
2.325447031250000000e+05
1.745338125000000000e+06
1.916334375000000000e+06
2.842228320312500000e+04
1.231422578125000000e+05
2.651467968750000000e+04
5.203726196289062500e+02
1.676196655273437500e+03
1.467598828125000000e+04
2.082125976562500000e+03
6.919426269531250000e+03
2.609247558593750000e+03
1.114947753906250000e+03
6.682225097656250000e+03
1.447430371093750000e+04
8.200275390625000000e+03
1.520873168945312500e+03
1.526739375000000000e+06
6.725416406250000000e+04
2.306673632812500000e+04
2.620988464355468750e+02
1.330280312500000000e+05
1.083364453125000000e+05
7.478636474609375000e+02
1.953612109375000000e+04
5.102350000000000000e+04
7.761812133789062500e+02
4.978484765625000000e+04
1.831228000000000000e+06
2.282655664062500000e+04
2.147995898437500000e+04
8.645011718750000000e+04
1.091548046875000000e+05
5.794673046875000000e+04
5.953810546875000000e+04
1.250146972656250000e+04
2.622586523437500000e+04
5.966252734375000000e+04
2.738002539062500000e+04
2.747230664062500000e+04
5.682076562500000000e+04
3.724014404296875000e+03
2.703582519531250000e+03
7.060141875000000000e+05
1.940955664062500000e+04
1.391082343750000000e+05
1.164529000000000000e+07
4.757294000000000000e+06
2.599914500000000000e+06
6.033583203125000000e+04
8.262499375000000000e+05
9.448777500000000000e+05
7.338092968750000000e+04
4.632605937500000000e+05
3.062659179687500000e+04
1.228351464843750000e+04
1.131697792000000000e+09
2.298587360000000000e+08
2.075730156250000000e+05
2.107400160000000000e+08
3.058705000000000000e+05
2.377839062500000000e+05
1.195351520000000000e+08
1.281108828125000000e+05
8.459643750000000000e+04
4.044562109375000000e+04
7.200489472000000000e+10
4.033725500000000000e+06
4.232694000000000000e+06
3.568185937500000000e+05
1.391137125000000000e+06
5.139652800000000000e+07
7.467755625000000000e+05
1.611710253906250000e+04
1.784376831054687500e+03
7.204400000000000000e+04
1.776586523437500000e+04
1.514201406250000000e+05
1.937269775390625000e+03
8.521749023437500000e+03
7.055953500000000000e+06
4.893327500000000000e+06
3.949482031250000000e+04
4.336071250000000000e+05
4.286882324218750000e+03
1.020069213867187500e+03
3.019821200000000000e+07
5.766808750000000000e+05
1.946802968750000000e+05
5.858079589843750000e+03
4.143980312500000000e+05
1.187942000000000000e+06
1.147178027343750000e+04
2.043755625000000000e+06
6.678507690429687500e+02
7.598004375000000000e+05
2.007055078125000000e+04
9.443296093750000000e+04
5.343842800000000000e+07
1.214386093750000000e+05
2.888654687500000000e+04
8.510905625000000000e+05
4.520355500000000000e+06
2.090032031250000000e+05
4.665136718750000000e+03
1.666505937500000000e+05
4.041465500000000000e+06
1.009822363281250000e+04
5.335403515625000000e+04
4.661331875000000000e+05
1.028691992187500000e+04
2.655094335937500000e+04
8.813234375000000000e+04
1.634898925781250000e+04
5.444093125000000000e+05
2.599914500000000000e+06
1.484140781250000000e+05
6.022724218750000000e+04
7.027976875000000000e+05
2.252894687500000000e+05
4.870060546875000000e+03
1.626157812500000000e+04
9.558029687500000000e+04
1.299119375000000000e+06
1.414063281250000000e+05
4.186151953125000000e+04
9.487967500000000000e+05
2.415727929687500000e+04
2.381285000000000000e+06
1.266951500000000000e+06
2.599914500000000000e+06
9.080260937500000000e+04
2.867237500000000000e+04
2.201680000000000000e+05
1.137842773437500000e+04
2.314806406250000000e+05
9.586986718750000000e+04
1.299119375000000000e+06
1.580306406250000000e+05
2.364527539062500000e+04
9.487967500000000000e+05
2.381285000000000000e+06
7.534506250000000000e+04
2.510124218750000000e+04
2.201680000000000000e+05
2.314806406250000000e+05
1.580306406250000000e+05
7.534506250000000000e+04
6.875224375000000000e+05
1.833384765625000000e+04
1.636003320312500000e+04
1.405370971679687500e+03
2.289025000000000000e+05
5.062638437500000000e+05
7.636077148437500000e+03
4.917952187500000000e+05
2.620674804687500000e+03
6.840814062500000000e+04
1.632578125000000000e+06
4.529720500000000000e+06
9.648698437500000000e+04
2.324218593750000000e+05
1.297986230468750000e+04
1.853433125000000000e+05
8.045687200000000000e+07
2.040900125000000000e+06
4.085121250000000000e+06
2.753302187500000000e+05
1.064088640000000000e+08
2.332425468750000000e+05
1.634898925781250000e+04
2.561660937500000000e+04
9.128485351562500000e+03
2.620751171875000000e+04
9.739499023437500000e+03
1.822300903320312500e+03
3.277447265625000000e+03
2.628876000000000000e+06
4.529720500000000000e+06
3.401410156250000000e+04
1.835371625000000000e+06
3.898792724609375000e+03
4.437892578125000000e+04
5.989113600000000000e+07
2.859022812500000000e+05
7.205325000000000000e+05
1.269674296875000000e+05
4.324965000000000000e+06
1.503858437500000000e+05
3.546543750000000000e+04
1.804246679687500000e+04
4.814782812500000000e+04
7.807574462890625000e+01
1.992371875000000000e+04
3.227478515625000000e+03
1.351684218750000000e+05
2.421928710937500000e+04
2.588320898437500000e+04
1.916334375000000000e+06
9.316675781250000000e+03
1.147969238281250000e+04
5.140970625000000000e+05
1.095855175781250000e+04
3.484916875000000000e+05
1.445025937500000000e+05
5.018383984375000000e+04
4.466493359375000000e+04
3.264343750000000000e+04
1.592710449218750000e+04
7.536284179687500000e+02
1.847650585937500000e+04
2.077474060058593750e+02
3.073942773437500000e+04
3.727010498046875000e+02
1.379557495117187500e+02
5.721669375000000000e+05
1.328047265625000000e+04
2.593586562500000000e+05
4.706022949218750000e+03
1.348430125000000000e+06
2.904051875000000000e+05
5.775257500000000000e+05
6.126687600000000000e+07
2.643775000000000000e+05
1.316021125000000000e+06
6.195254400000000000e+07
6.497181250000000000e+05
2.308434375000000000e+04
1.811755781250000000e+05
3.778569687500000000e+05
2.381810351562500000e+04
3.583914375000000000e+05
1.282569609375000000e+05
9.115270312500000000e+04
1.380844375000000000e+06
5.235487812500000000e+05
2.824362564086914062e+01
1.528676093750000000e+05
2.092465312500000000e+05
3.369959640502929688e+01
2.458449414062500000e+04
2.863381652832031250e+02
2.824504687500000000e+04
1.863487243652343750e+01
3.513452800000000000e+07
3.818867874145507812e+01
1.380844375000000000e+06
7.294013061523437500e+02
5.235487812500000000e+05
2.824362564086914062e+01
3.844606628417968750e+02
2.092465312500000000e+05
3.369959640502929688e+01
2.863381652832031250e+02
1.039590087890625000e+03
3.513452800000000000e+07
3.818867874145507812e+01
7.294013061523437500e+02
3.844606628417968750e+02
1.039590087890625000e+03
2.336614990234375000e+03
3.960581359863281250e+02
7.050280570983886719e+00
5.002704500000000000e+06
1.444065551757812500e+02
1.324588593750000000e+05
1.849935668945312500e+03
3.673409118652343750e+02
4.539405822753906250e+00
1.215857299804687500e+03
1.402385997772216797e+01
5.264190063476562500e+02
1.043090437500000000e+06
4.501968078613281250e+02
9.481318473815917969e+00
5.227030639648437500e+02
1.159513854980468750e+01
8.084209594726562500e+02
1.501577758789062500e+01
2.597916500000000000e+06
1.785041875000000000e+05
2.912447187500000000e+05
2.597916500000000000e+06
1.243749902343750000e+04
9.281570312500000000e+03
4.176680468750000000e+04
9.642483750000000000e+05
1.680011132812500000e+04
2.876088867187500000e+03
9.353174218750000000e+04
5.275010625000000000e+05
2.017645312500000000e+04
2.800872500000000000e+05
5.115310156250000000e+04
1.955486000000000000e+06
1.300512968750000000e+05
7.691704101562500000e+03
3.952587750000000000e+06
8.092037500000000000e+04
1.579727246093750000e+04
1.415003750000000000e+06
1.970634375000000000e+05
1.921556406250000000e+05
1.682977929687500000e+04
3.705241875000000000e+05
5.897968750000000000e+04
7.562740625000000000e+04
3.063074023437500000e+04
8.691316250000000000e+05
7.593586718750000000e+04
4.822871093750000000e+04
1.160173828125000000e+04
9.825269375000000000e+05
1.677586875000000000e+05
5.713017578125000000e+03
2.996185000000000000e+05
3.915585546875000000e+04
1.410235781250000000e+05
5.955236800000000000e+07
1.275318515625000000e+05
1.125835937500000000e+05
2.055442031250000000e+05
5.419799000000000000e+06
1.916334375000000000e+06
3.404684765625000000e+04
1.607947656250000000e+05
8.240756875000000000e+05
5.999843750000000000e+04
1.904009765625000000e+04
1.098516875000000000e+06
6.522259521484375000e+02
3.171016845703125000e+02
9.326998710632324219e+00
4.765956800000000000e+07
8.990071250000000000e+05
1.782605625000000000e+05
3.294508984375000000e+04
1.272561187744140625e+02
1.102651290893554688e+02
1.304382200000000000e+07
1.040210742187500000e+04
2.006001718750000000e+05
2.800138671875000000e+03
2.317024902343750000e+03
2.155056884765625000e+03
1.951398400000000000e+07
5.931838989257812500e+01
7.132397000000000000e+06
3.163516250000000000e+05
1.692580718994140625e+02
9.210495000000000000e+06
2.287311500000000000e+06
4.163008880615234375e+01
3.853095245361328125e+01
4.074026855468750000e+03
4.536387023925781250e+02
8.713864320000000000e+08
3.649638000000000000e+07
1.869037628173828125e+02
5.410361862182617188e+01
7.422675000000000000e+06
2.859817504882812500e+02
1.441250457763671875e+02
1.134413100000000000e+07
3.357725143432617188e+01
1.980991577148437500e+03
3.590105285644531250e+02
6.927463680000000000e+08
1.516587371826171875e+02
2.258792724609375000e+02
1.522924682617187500e+03
2.056506718750000000e+05
6.300362109375000000e+04
4.820343399047851562e+01
1.485031250000000000e+04
2.852066040039062500e+02
7.669277343750000000e+04
1.365783447265625000e+03
2.342512207031250000e+03
7.916512207031250000e+03
1.174558300000000000e+07
4.529720500000000000e+06
4.893327500000000000e+06
1.018239736557006836e+00
4.765956800000000000e+07
9.210495000000000000e+06
5.592160224914550781e+00
1.348430125000000000e+06
1.968726158142089844e+00
1.132525205612182617e+00
2.033064064000000000e+09
3.437443840000000000e+08
1.249307155609130859e+01
1.060296080000000000e+08
3.165244579315185547e+00
8.111036300659179688e+00
1.972769408000000000e+09
1.669989585876464844e+01
1.895110893249511719e+01
5.439998149871826172e+00
7.200489472000000000e+10
4.084339523315429688e+01
7.774086761474609375e+01
5.653579330444335938e+01
7.271808624267578125e+01
5.403879394531250000e+02
3.834459000000000000e+06
3.089947070312500000e+04
2.374543359375000000e+04
2.332116406250000000e+05
9.108003906250000000e+03
1.528676093750000000e+05
2.471876562500000000e+04
6.967321093750000000e+04
1.709110937500000000e+04
1.485315875000000000e+06
1.916334375000000000e+06
8.021937011718750000e+03
5.585514375000000000e+05
7.381217187500000000e+04
2.473541210937500000e+04
5.062638437500000000e+05
2.115449531250000000e+05
3.039361500000000000e+06
6.519287597656250000e+03
2.732240625000000000e+05
2.039372656250000000e+05
4.225407421875000000e+04
4.385749218750000000e+04
1.108182656250000000e+05
1.191801700000000000e+07
2.379167773437500000e+04
4.719857812500000000e+04
7.864306152343750000e+03
8.693554375000000000e+05
1.111141562500000000e+05
6.998447656250000000e+04
1.565899000000000000e+06
1.121377539062500000e+04
2.945388671875000000e+04
6.236220214843750000e+03
1.691175000000000000e+06
3.024852187500000000e+05
1.385683906250000000e+05
1.396247625000000000e+06
1.838104843750000000e+05
2.471962890625000000e+03
2.334893554687500000e+04
6.166249375000000000e+05
2.282744375000000000e+05
3.909525878906250000e+03
1.750379882812500000e+04
1.553022750000000000e+06
6.764822656250000000e+04
1.495507187500000000e+05
5.418683105468750000e+03
1.272442749023437500e+03
8.984359741210937500e+02
1.830743164062500000e+04
1.311475195312500000e+04
9.181849365234375000e+02
1.399497343750000000e+05
3.107145898437500000e+04
1.811663085937500000e+04
1.284416699218750000e+04
3.088632250000000000e+06
4.529720500000000000e+06
1.083976250000000000e+05
2.043755625000000000e+06
2.483690917968750000e+03
2.187569921875000000e+04
8.433754400000000000e+07
3.414733437500000000e+05
2.586899531250000000e+05
6.191164062500000000e+04
3.108931500000000000e+06
3.651696205139160156e+00
1.537532806396484375e+01
4.391886901855468750e+01
6.348881640625000000e+04
9.074807812500000000e+04
1.024537109375000000e+05
4.812828063964843750e+00
5.790089035034179688e+01
3.861804809570312500e+02
1.038124765625000000e+05
1.667749328613281250e+02
1.227220200000000000e+07
3.091969687500000000e+05
4.765956800000000000e+07
2.717910644531250000e+03
7.563526250000000000e+05
1.138774609375000000e+05
4.262435625000000000e+05
1.733696000000000000e+09
1.979882500000000000e+06
2.968985937500000000e+04
1.491109375000000000e+06
7.101564843750000000e+04
8.744259643554687500e+01
5.338013458251953125e+01
2.570150625000000000e+05
1.174558300000000000e+07
2.596237109375000000e+04
1.256312968750000000e+05
3.809146250000000000e+05
1.608976562500000000e+04
1.090539843750000000e+05
2.814259960937500000e+04
3.703726171875000000e+04
2.219134000000000000e+06
1.174558300000000000e+07
4.529720500000000000e+06
2.647339257812500000e+04
1.926184500000000000e+06
1.835208875000000000e+06
4.382120605468750000e+03
4.765956800000000000e+07
1.142054843750000000e+05
2.000691210937500000e+04
3.005109248000000000e+09
1.295340300000000000e+07
2.554194843750000000e+05
2.033064064000000000e+09
2.291796250000000000e+06
9.223508750000000000e+05
3.143257200000000000e+07
6.538142968750000000e+04
1.311174375000000000e+05
3.393881500000000000e+06
7.200489472000000000e+10
1.525445700000000000e+07
4.037466875000000000e+05
6.798993600000000000e+07
1.118187375000000000e+06
2.498254880000000000e+08
2.435767812500000000e+05
4.161650781250000000e+04
5.603096875000000000e+04
1.564018310546875000e+03
2.739522812500000000e+05
1.022911816406250000e+04
3.376866149902343750e+02
5.224625015258789062e+01
3.029352812500000000e+05
1.085345410156250000e+04
1.564018310546875000e+03
2.739522812500000000e+05
3.376866149902343750e+02
1.085345410156250000e+04
1.037414746093750000e+04
2.991477203369140625e+01
4.129141406250000000e+04
5.772667846679687500e+02
4.977605859375000000e+04
8.423066000000000000e+06
5.766583984375000000e+04
4.765956800000000000e+07
1.751880249023437500e+03
1.218218875000000000e+06
2.010647460937500000e+04
2.697888750000000000e+05
1.848271744000000000e+09
8.142744375000000000e+05
1.668242187500000000e+04
8.857151875000000000e+05
4.945603027343750000e+03
1.746752031250000000e+05
2.785047070312500000e+04
1.488086700000000000e+07
1.026103210449218750e+02
2.880102812500000000e+05
8.234998437500000000e+04
2.320031005859375000e+03
1.666655761718750000e+03
2.464019531250000000e+04
2.785047070312500000e+04
1.488086700000000000e+07
1.373718875000000000e+06
8.234998437500000000e+04
1.666655761718750000e+03
2.464019531250000000e+04
5.416610839843750000e+03
1.373718875000000000e+06
5.416610839843750000e+03
3.147356262207031250e+02
2.409880664062500000e+04
8.663776367187500000e+03
4.326627343750000000e+04
3.296031005859375000e+03
3.801868750000000000e+04
8.385486875000000000e+05
3.260841562500000000e+05
2.775105937500000000e+05
3.586755937500000000e+05
2.009205500000000000e+06
5.648357421875000000e+04
3.065863125000000000e+05
2.332333250000000000e+06
1.018952562500000000e+06
1.374241625000000000e+06
2.377226171875000000e+04
1.509709667968750000e+04
3.193300195312500000e+04
3.628935058593750000e+03
4.937781250000000000e+04
2.574893500000000000e+06
1.616945648193359375e+02
2.315011138916015625e+02
1.275744500000000000e+07
2.885227394104003906e+01
1.368068600000000000e+07
2.799412155151367188e+01
7.505368125000000000e+05
2.997255897521972656e+01
2.682657241821289062e+01
2.773340928000000000e+09
3.038322067260742188e+01
2.936573410034179688e+01
2.822411727905273438e+01
5.340640000000000000e+06
1.079635500000000000e+07
3.533389250000000000e+06
6.030086875000000000e+05
5.649619375000000000e+05
6.688768125000000000e+05
1.039861796875000000e+05
1.348430125000000000e+06
4.870060546875000000e+03
3.034563437500000000e+05
9.550280000000000000e+07
1.048974500000000000e+07
5.340640000000000000e+06
2.753852160000000000e+08
1.079635500000000000e+07
3.533389250000000000e+06
1.940866000000000000e+06
5.649619375000000000e+05
6.688768125000000000e+05
1.348430125000000000e+06
3.869504000000000000e+07
9.550280000000000000e+07
1.048974500000000000e+07
2.753852160000000000e+08
1.940866000000000000e+06
3.869504000000000000e+07
1.122877500000000000e+06
3.089632080078125000e+03
3.920450390625000000e+04
8.995748437500000000e+04
1.977884000000000000e+07
1.699824062500000000e+05
9.010878125000000000e+05
1.450185125000000000e+06
2.915056640625000000e+04
5.115310156250000000e+04
9.978148125000000000e+05
1.953098375000000000e+06
4.013174250000000000e+06
2.055739257812500000e+03
6.606306250000000000e+04
1.215120312500000000e+04
5.156571484375000000e+04
8.343289843750000000e+04
6.106150625000000000e+05
4.419384277343750000e+03
1.543985468750000000e+05
1.933775937500000000e+05
6.047166796875000000e+04
1.050443281250000000e+05
6.331460937500000000e+04
5.472379375000000000e+05
8.290280000000000000e+06
2.138643200000000000e+07
1.967544125000000000e+06
8.308281250000000000e+03
5.213712890625000000e+03
2.053986250000000000e+05
3.495908437500000000e+05
2.177557812500000000e+04
1.588680957031250000e+04
1.889143164062500000e+04
2.613353000000000000e+06
8.832235625000000000e+05
2.417116562500000000e+05
1.998608500000000000e+06
5.338631875000000000e+05
4.810757500000000000e+05
5.470839600000000000e+07
1.019785781250000000e+05
4.857384687500000000e+05
8.957165625000000000e+04
5.833464453125000000e+04
2.493864000000000000e+07
4.408723500000000000e+06
1.185565375000000000e+06
1.174558300000000000e+07
4.529720500000000000e+06
6.010301171875000000e+04
4.765956800000000000e+07
1.122483984375000000e+04
1.238005175781250000e+04
2.033064064000000000e+09
6.036404375000000000e+05
1.783945781250000000e+05
2.720789375000000000e+05
8.493980000000000000e+06
5.370383203125000000e+04
2.218535546875000000e+04
1.095324316406250000e+04
1.969470703125000000e+04
2.769511562500000000e+05
5.854319140625000000e+04
1.955486000000000000e+06
5.931981201171875000e+02
7.115909375000000000e+04
2.971203750000000000e+06
1.928300170898437500e+02
1.749504375000000000e+05
3.120891723632812500e+02
2.838706787109375000e+03
4.899367968750000000e+04
4.837397500000000000e+06
4.267299804687500000e+02
5.551545312500000000e+04
3.526184387207031250e+02
1.637526757812500000e+04
1.731835000000000000e+05
1.856417083740234375e+02
1.805229370117187500e+03
1.095161621093750000e+03
6.178936328125000000e+04
3.222474365234375000e+02
1.737962109375000000e+04
6.231135742187500000e+03
6.450375366210937500e+02
5.591389160156250000e+03
1.121605000000000000e+05
3.811090312500000000e+05
1.058223046875000000e+04
3.449000781250000000e+04
6.539072500000000000e+05
8.990164843750000000e+04
1.849487695312500000e+04
8.631640625000000000e+04
1.634898925781250000e+04
2.478025250000000000e+06
5.098601684570312500e+02
2.945834062500000000e+05
1.841103515625000000e+03
4.508185058593750000e+03
4.915388281250000000e+04
4.538013305664062500e+02
2.216621484375000000e+04
5.858728027343750000e+03
5.525792968750000000e+03
1.434582500000000000e+07
1.421009062500000000e+05
4.522020000000000000e+06
8.658163281250000000e+04
5.193379296875000000e+04
2.574814800000000000e+07
3.841453125000000000e+04
1.398260644531250000e+04
1.407393798828125000e+02
1.637855000000000000e+05
6.363808000000000000e+06
2.757124800000000000e+07
1.071417700000000000e+07
3.231045250000000000e+06
1.513234062500000000e+05
3.998024250000000000e+06
8.836675625000000000e+05
5.611102343750000000e+04
2.909045200000000000e+07
9.445084960937500000e+03
6.397452000000000000e+06
8.351550000000000000e+06
3.665432000000000000e+07
3.172672500000000000e+06
9.515051250000000000e+05
7.133037000000000000e+06
2.463146000000000000e+07
1.026425700000000000e+07
4.239300390625000000e+04
9.210495000000000000e+06
6.201902343750000000e+04
2.242378662109375000e+03
2.721301440000000000e+08
7.523499375000000000e+05
5.995907812500000000e+04
3.164479062500000000e+05
2.828375312500000000e+05
2.389646875000000000e+05
1.592710449218750000e+04
1.955486000000000000e+06
1.528676093750000000e+05
1.276139160156250000e+04
1.443813750000000000e+05
1.566740781250000000e+05
1.895571679687500000e+04
2.871206562500000000e+05
1.127628281250000000e+05
1.812813281250000000e+05
2.162887304687500000e+04
6.622465625000000000e+05
1.720103125000000000e+04
1.097888281250000000e+05
1.784351318359375000e+03
1.094630625000000000e+05
7.782656250000000000e+04
6.530652734375000000e+04
3.460360937500000000e+04
9.810866406250000000e+04
1.741499200000000000e+07
5.000091406250000000e+04
2.902248779296875000e+03
6.457196875000000000e+05
6.563351562500000000e+04
9.547002929687500000e+03
1.755174687500000000e+05
3.923332812500000000e+05
8.791224218750000000e+04
3.764285156250000000e+04
2.218535546875000000e+04
1.955486000000000000e+06
2.986384750000000000e+06
1.936136093750000000e+05
7.898412109375000000e+03
2.491020468750000000e+05
5.275010625000000000e+05
2.132306884765625000e+03
3.407574462890625000e+03
5.591238125000000000e+05
2.762497187500000000e+05
8.035452148437500000e+03
6.442378515625000000e+04
2.440373750000000000e+05
6.778276855468750000e+03
1.438434500000000000e+06
2.358326718750000000e+05
2.202372750000000000e+06
1.053906093750000000e+05
2.251080664062500000e+04
1.909261132812500000e+04
8.551472778320312500e+02
2.814281562500000000e+05
1.434112812500000000e+05
1.449876718750000000e+05
7.093874218750000000e+04
5.176873535156250000e+03
9.842965625000000000e+04
7.466474375000000000e+05
1.565313183593750000e+04
3.206933837890625000e+03
1.020902929687500000e+04
2.024652500000000000e+05
2.224312890625000000e+04
6.508781738281250000e+03
2.033526875000000000e+05
2.650517578125000000e+04
1.244455859375000000e+04
1.770883437500000000e+05
3.731767089843750000e+03
1.009321777343750000e+04
2.581214062500000000e+04
2.070619200000000000e+07
1.565538671875000000e+04
2.855620312500000000e+04
9.624815625000000000e+05
1.479698364257812500e+03
3.733149609375000000e+04
3.915185241699218750e+02
1.547874023437500000e+04
5.439386328125000000e+04
2.084478906250000000e+04
7.762153125000000000e+04
4.882171093750000000e+04
1.620016894531250000e+04
2.084341601562500000e+04
1.496510937500000000e+04
8.839166015625000000e+03
4.080766015625000000e+04
1.233703027343750000e+04
1.750508398437500000e+04
6.679012695312500000e+03
2.176115039062500000e+04
7.166305175781250000e+03
1.557336035156250000e+04
6.065157714843750000e+03
5.133042968750000000e+03
8.798397460937500000e+03
6.441370117187500000e+03
1.145187265625000000e+05
6.694830500000000000e+06
3.561715126037597656e+00
5.912425994873046875e+00
1.324031250000000000e+06
3.361318111419677734e+00
1.455059051513671875e+01
1.087549209594726562e+01
4.081760750000000000e+06
5.737663574218750000e+03
4.902620625000000000e+05
4.770219140625000000e+04
1.592710449218750000e+04
1.955486000000000000e+06
1.300236406250000000e+05
6.943517456054687500e+02
3.597759687500000000e+05
1.566740781250000000e+05
1.240124130249023438e+02
9.946367968750000000e+04
1.374020605468750000e+04
1.812813281250000000e+05
1.165501757812500000e+04
3.706722500000000000e+05
4.963562011718750000e+03
3.369036132812500000e+03
6.917752075195312500e+01
2.797132031250000000e+04
8.431003125000000000e+04
7.964478759765625000e+02
2.468587750000000000e+06
4.893327500000000000e+06
1.300512968750000000e+05
1.622031375000000000e+06
9.229645507812500000e+03
3.934368750000000000e+04
1.257287280000000000e+08
8.761460937500000000e+04
1.673903375000000000e+06
3.201554687500000000e+05
6.549982000000000000e+06
1.171012812500000000e+05
2.987962402343750000e+03
1.235552929687500000e+04
1.151449707031250000e+04
1.188724609375000000e+05
4.050816015625000000e+04
1.031749804687500000e+04
1.130859179687500000e+04
1.708540250000000000e+06
2.160030468750000000e+05
2.569619445800781250e+02
6.340458374023437500e+02
1.657974500000000000e+06
1.300050292968750000e+04
1.297516328125000000e+05
3.101243164062500000e+03
3.164836914062500000e+04
9.298264770507812500e+02
1.463222412109375000e+03
5.782372500000000000e+05
3.330411875000000000e+05
1.528676093750000000e+05
2.303191796875000000e+04
2.422869384765625000e+03
9.809596679687500000e+03
2.464666250000000000e+06
5.782372500000000000e+05
3.330411875000000000e+05
2.303191796875000000e+04
2.464666250000000000e+06
9.943381250000000000e+05
3.094862548828125000e+03
1.118795507812500000e+04
1.150766328125000000e+05
7.037400781250000000e+04
3.397038750000000000e+06
3.992716015625000000e+04
6.230933593750000000e+03
3.681340312500000000e+05
1.545356875000000000e+05
5.925618652343750000e+03
4.254095703125000000e+04
5.206615500000000000e+06
1.582753944396972656e+01
5.135292187500000000e+04
1.716337776184082031e+01
6.634664306640625000e+02
7.796375274658203125e+00
3.914486312866210938e+01
1.636515312500000000e+05
1.347053718566894531e+01
1.513990592956542969e+01
3.052995872497558594e+01
3.609214250000000000e+06
2.213099975585937500e+02
1.530046844482421875e+02
7.965665283203125000e+02
2.056506718750000000e+05
3.696760500000000000e+06
1.868472265625000000e+04
8.430568750000000000e+04
2.220206451416015625e+01
1.347124023437500000e+04
7.443055000000000000e+06
1.659914843750000000e+04
7.318653125000000000e+05
2.946379394531250000e+03
3.992518750000000000e+05
1.421009062500000000e+05
4.487599000000000000e+06
1.664330688476562500e+03
1.396638574218750000e+04
7.715952396392822266e-02
5.272918945312500000e+03
3.219108500000000000e+06
2.985176391601562500e+02
1.382947187500000000e+05
1.369311370849609375e+02
9.401153320312500000e+03
5.541555625000000000e+05
1.189577539062500000e+04
1.035716796875000000e+05
1.971395781250000000e+05
9.960095825195312500e+02
5.552956542968750000e+03
5.442836875000000000e+05
1.498241455078125000e+03
7.308838867187500000e+03
1.548172265625000000e+04
1.323524000000000000e+07
2.320534750000000000e+06
1.021498906250000000e+05
4.436882000000000000e+07
1.766159125000000000e+06
1.719916875000000000e+05
1.183230080000000000e+09
1.351080900000000000e+07
1.994838000000000000e+06
5.116608800000000000e+07
1.497241344000000000e+09
3.327932373046875000e+03
2.362882232666015625e+01
7.522334594726562500e+02
1.354499250000000000e+06
1.017192321777343750e+03
1.668651367187500000e+04
2.705100312500000000e+05
7.059259375000000000e+04
1.485315875000000000e+06
6.458946250000000000e+05
5.702581250000000000e+05
1.090051093750000000e+05
9.108038940429687500e+02
1.048953125000000000e+04
1.324629062500000000e+05
5.502643125000000000e+05
1.916334375000000000e+06
6.569832500000000000e+05
8.613302343750000000e+04
6.241196875000000000e+05
3.578450390625000000e+04
4.219712500000000000e+05
3.034563437500000000e+05
6.449553125000000000e+05
2.546242031250000000e+05
1.060033750000000000e+05
1.737989843750000000e+05
4.432941000000000000e+06
3.018979062500000000e+05
1.640028000000000000e+06
1.310023281250000000e+05
1.366937500000000000e+06
6.316444140625000000e+04
6.241196875000000000e+05
1.208420500000000000e+06
2.645033500000000000e+06
7.226196875000000000e+05
2.282433281250000000e+05
8.822840625000000000e+05
1.060033750000000000e+05
3.315015500000000000e+06
1.377633125000000000e+05
1.640028000000000000e+06
1.366937500000000000e+06
8.683492000000000000e+06
9.902367500000000000e+05
2.645033500000000000e+06
2.282433281250000000e+05
3.315015500000000000e+06
8.683492000000000000e+06
2.317691250000000000e+05
2.887128710937500000e+04
1.936529101562500000e+04
2.635753320312500000e+04
2.448318125000000000e+05
2.218535546875000000e+04
1.955486000000000000e+06
2.980500750000000000e+06
1.528676093750000000e+05
4.626839843750000000e+04
2.940750000000000000e+06
5.275010625000000000e+05
7.409025878906250000e+03
3.971168750000000000e+04
8.242776875000000000e+05
2.267261500000000000e+06
1.342133906250000000e+05
6.442378515625000000e+04
2.431001093750000000e+05
1.235577636718750000e+04
1.438597750000000000e+06
6.622465625000000000e+05
2.980500750000000000e+06
4.432333437500000000e+05
4.096859375000000000e+04
1.086524453125000000e+05
2.573044140625000000e+04
1.047493562500000000e+06
3.203775000000000000e+05
2.267261500000000000e+06
7.104965625000000000e+04
1.783929687500000000e+04
2.431001093750000000e+05
1.438597750000000000e+06
2.102413867187500000e+04
1.455325976562500000e+04
1.086524453125000000e+05
1.047493562500000000e+06
7.104965625000000000e+04
2.102413867187500000e+04
6.536035937500000000e+04
6.520800781250000000e+01
1.978358203125000000e+04
3.632623291015625000e+03
3.864278750000000000e+05
3.107145898437500000e+04
4.633441796875000000e+04
4.893327500000000000e+06
3.869567968750000000e+04
2.817791601562500000e+04
4.318193359375000000e+04
6.348881640625000000e+04
2.238985839843750000e+03
2.906960937500000000e+04
4.583880859375000000e+04
3.554926500000000000e+06
2.984292773437500000e+04
9.449616210937500000e+03
2.344043437500000000e+05
3.586863769531250000e+03
8.858857031250000000e+04
3.835813476562500000e+03
1.086521328125000000e+05
5.229481640625000000e+04
8.429817382812500000e+03
1.975649062500000000e+05
3.146810546875000000e+03
6.892607031250000000e+04
3.451297607421875000e+03
1.251200156250000000e+05
1.079897656250000000e+04
2.217439453125000000e+03
1.351217187500000000e+04
6.904875976562500000e+03
9.446309570312500000e+03
1.950074584960937500e+03
1.244826269531250000e+04
5.567148437500000000e+03
2.533281738281250000e+03
2.266186767578125000e+03
9.114461718750000000e+04
3.667438281250000000e+04
8.982426250000000000e+05
5.482084375000000000e+05
2.737477929687500000e+04
1.259993000000000000e+06
8.856999218750000000e+04
2.942218125000000000e+05
1.044589062500000000e+05
2.549082187500000000e+05
2.372881835937500000e+04
9.909793125000000000e+05
8.225037500000000000e+05
5.543873046875000000e+04
8.298296093750000000e+04
2.634809500000000000e+06
2.209397343750000000e+05
1.030558906250000000e+05
4.746795937500000000e+05
9.192808125000000000e+05
4.948076562500000000e+04
5.602605468750000000e+04
3.046079000000000000e+06
1.090288250000000000e+06
5.438270625000000000e+05
9.736552500000000000e+05
9.795180000000000000e+05
9.396673000000000000e+06
7.181679687500000000e+04
4.452396000000000000e+07
1.028676879882812500e+03
1.192576750000000000e+06
4.577450390625000000e+04
1.393476250000000000e+05
1.910793984000000000e+09
2.939673000000000000e+06
9.240988281250000000e+04
2.489159200000000000e+07
1.911049000000000000e+06
1.868750312500000000e+05
1.619414625000000000e+06
5.306821000000000000e+06
3.549729000000000000e+06
5.584733984375000000e+04
4.281873437500000000e+05
8.530404052734375000e+02
4.396356640625000000e+04
1.337382720000000000e+08
1.266571015625000000e+05
4.181882187500000000e+05
8.056692968750000000e+04
3.782337500000000000e+06
9.528423000000000000e+06
1.818872125000000000e+06
1.219515917968750000e+04
1.181167375000000000e+06
4.935653125000000000e+04
1.995928833007812500e+03
9.420927360000000000e+08
7.701266000000000000e+06
9.255688750000000000e+05
7.115073750000000000e+05
5.550587520000000000e+08
5.726318359375000000e+03
8.930007812500000000e+04
3.015152187500000000e+05
6.538523437500000000e+04
4.589812500000000000e+03
2.222357666015625000e+03
3.779977343750000000e+04
2.558039794921875000e+03
5.015186500000000000e+06
8.358138671875000000e+03
6.175825000000000000e+05
1.323524000000000000e+07
2.269607343750000000e+05
1.614548906250000000e+05
2.990461250000000000e+05
1.753145375000000000e+06
2.017700958251953125e+02
4.099361600000000000e+07
1.401379800000000000e+07
2.191710312500000000e+05
2.937378750000000000e+05
4.100229200000000000e+07
3.010347000000000000e+06
1.846505468750000000e+04
1.298879125000000000e+06
1.190952625000000000e+06
1.798459472656250000e+03
8.615159179687500000e+03
2.665811523437500000e+04
1.905124843750000000e+05
1.634898925781250000e+04
6.533101171875000000e+04
1.893864531250000000e+05
2.247459765625000000e+04
2.091201171875000000e+04
2.642023125000000000e+05
1.658429531250000000e+05
2.943487695312500000e+04
2.296825156250000000e+05
1.142754375000000000e+05
1.639499023437500000e+04
6.434321875000000000e+04
1.836060312500000000e+05
2.209578593750000000e+05
5.908945800781250000e+03
1.408445468750000000e+05
4.864175625000000000e+05
2.729333789062500000e+04
2.068181875000000000e+05
5.536264843750000000e+04
1.097641250000000000e+05
1.238974902343750000e+04
9.443093750000000000e+05
2.023096875000000000e+05
5.763635742187500000e+03
1.305330546875000000e+05
4.047051171875000000e+04
4.774198750000000000e+05
1.516940312500000000e+05
5.946663125000000000e+05
1.728431093750000000e+05
1.947605000000000000e+05
1.642776562500000000e+04
1.697411875000000000e+05
2.140581718750000000e+05
1.692804843750000000e+05
7.034255371093750000e+03
2.367495781250000000e+05
4.590272812500000000e+05
1.261960390625000000e+05
1.953147968750000000e+05
5.103473750000000000e+05
3.979017187500000000e+05
3.473231445312500000e+03
1.939345125000000000e+06
2.941815429687500000e+03
3.064143554687500000e+04
3.503960000000000000e+06
2.907885498046875000e+03
2.758672460937500000e+04
1.125217382812500000e+04
3.509901171875000000e+04
7.158812500000000000e+04
1.059577968750000000e+05
7.979919000000000000e+06
6.938311718750000000e+04
3.191518310546875000e+03
3.137936562500000000e+05
2.899275000000000000e+05
1.662509960937500000e+04
2.455640750000000000e+06
1.123155468750000000e+04
1.835371625000000000e+06
4.568148828125000000e+04
1.658868400000000000e+07
1.978081054687500000e+04
1.475392656250000000e+05
8.958200800000000000e+07
1.117328125000000000e+05
1.152854250000000000e+06
1.748428375000000000e+06
7.177234375000000000e+05
2.178229248046875000e+03
6.418387500000000000e+04
1.020513593750000000e+05
3.822130000000000000e+06
5.196891796875000000e+04
4.264771093750000000e+04
1.345324843750000000e+05
3.042829687500000000e+04
1.361544335937500000e+04
4.374099218750000000e+04
2.006957421875000000e+04
7.110915625000000000e+05
6.751833125000000000e+05
4.005664550781250000e+03
8.358150781250000000e+04
1.790456718750000000e+05
7.255426000000000000e+06
1.938009375000000000e+05
6.729472167968750000e+03
3.834415000000000000e+05
1.268406963348388672e+01
2.648698750000000000e+06
1.679243437500000000e+05
2.869406835937500000e+04
1.506959000000000000e+06
2.497609843750000000e+05
3.405891250000000000e+06
7.230287500000000000e+04
8.919215625000000000e+04
5.168277359008789062e+01
3.667343359375000000e+04
9.878933000000000000e+06
2.745228027343750000e+03
1.914267656250000000e+05
6.291400878906250000e+03
6.861754687500000000e+04
3.463642822265625000e+03
2.675878320312500000e+04
2.936594482421875000e+03
3.443140625000000000e+04
5.115310156250000000e+04
2.678195937500000000e+05
1.048829980468750000e+04
4.116615722656250000e+03
4.815297500000000000e+05
1.176577734375000000e+04
8.930007812500000000e+04
5.850317187500000000e+04
1.809266406250000000e+04
3.111780664062500000e+04
2.334274843750000000e+05
7.111907031250000000e+04
2.999655859375000000e+04
5.242152343750000000e+03
8.133430468750000000e+04
2.820090087890625000e+03
1.353907187500000000e+05
1.441031860351562500e+03
5.566768750000000000e+05
1.383720703125000000e+04
2.491596875000000000e+04
6.413157226562500000e+03
1.895720312500000000e+05
1.077196289062500000e+04
2.347452812500000000e+05
2.263785781250000000e+05
7.020006347656250000e+03
6.536509765625000000e+04
8.030228125000000000e+04
7.269421093750000000e+04
3.961191406250000000e+03
1.732809765625000000e+04
1.038383281250000000e+05
1.092696875000000000e+05
3.247962695312500000e+04
2.249441210937500000e+04
2.930124609375000000e+04
2.419557617187500000e+04
3.661300292968750000e+03
8.046377600000000000e+07
1.627367968750000000e+04
2.576920250000000000e+06
1.174558300000000000e+07
5.142378515625000000e+04
1.062178125000000000e+05
3.669524062500000000e+05
9.653051562500000000e+04
5.115310156250000000e+04
1.955486000000000000e+06
1.963735961914062500e+03
4.055647250000000000e+06
4.381480468750000000e+04
6.696900625000000000e+05
1.452273712158203125e+02
8.092037500000000000e+04
2.882248229980468750e+02
2.888860839843750000e+03
1.291492187500000000e+04
7.776643750000000000e+05
7.852936401367187500e+02
1.529527812500000000e+05
1.921556406250000000e+05
2.739458618164062500e+02
5.494342500000000000e+05
5.273444531250000000e+04
9.023067000000000000e+06
1.533159570312500000e+04
4.612068359375000000e+04
3.028231811523437500e+02
8.024432983398437500e+02
4.615000915527343750e+02
1.755835937500000000e+05
4.412905578613281250e+02
3.370943750000000000e+04
1.802257031250000000e+04
1.467730125000000000e+06
3.357505126953125000e+03
3.351949707031250000e+03
7.066365625000000000e+05
1.432517089843750000e+03
7.005940625000000000e+04
2.501265869140625000e+02
3.599453857421875000e+03
3.997239062500000000e+05
5.526539306640625000e+02
2.621036132812500000e+04
3.623497070312500000e+03
2.350724365234375000e+03
9.574262500000000000e+05
1.723812675476074219e+01
1.985624504089355469e+01
2.542537500000000000e+04
1.723812675476074219e+01
8.744965625000000000e+04
4.060535812377929688e+01
3.016454887390136719e+01
5.350526953125000000e+04
4.235150390625000000e+04
2.720171875000000000e+05
1.948004687500000000e+04
1.932944218750000000e+05
8.637850000000000000e+04
6.674644042968750000e+03
1.590157343750000000e+05
2.692388437500000000e+05
1.578181406250000000e+05
2.381150000000000000e+05
3.840028750000000000e+05
6.430716250000000000e+05
8.270020000000000000e+05
2.614465429687500000e+04
6.430716250000000000e+05
4.773195703125000000e+04
3.287541406250000000e+04
5.717567187500000000e+04
2.273948400000000000e+07
2.166601500000000000e+06
4.529720500000000000e+06
3.858946484375000000e+04
1.098813500000000000e+06
3.117372250000000000e+06
2.143538671875000000e+04
1.569092125000000000e+06
8.870964843750000000e+03
2.248570507812500000e+04
1.224539120000000000e+08
2.089663200000000000e+07
3.669891562500000000e+05
4.372645600000000000e+07
6.837970312500000000e+04
2.251869843750000000e+05
4.430632000000000000e+07
9.762862304687500000e+03
2.898837890625000000e+04
3.190612304687500000e+04
4.050820300800000000e+10
1.461302656250000000e+05
2.062214218750000000e+05
2.079294375000000000e+05
1.502346093750000000e+05
6.215833500000000000e+06
5.761068847656250000e+03
5.833853515625000000e+04
5.629245605468750000e+02
2.086378662109375000e+03
3.334877734375000000e+04
1.799477812500000000e+05
1.007290527343750000e+04
6.402455078125000000e+04
3.694846093750000000e+04
4.705866015625000000e+04
5.346763750000000000e+05
2.423086132812500000e+04
4.450594921875000000e+04
4.309812500000000000e+04
4.953567578125000000e+04
9.947857031250000000e+04
8.856119531250000000e+04
3.694846093750000000e+04
4.705866015625000000e+04
5.346763750000000000e+05
6.946313964843750000e+03
8.047063281250000000e+04
2.580722031250000000e+05
4.953567578125000000e+04
9.947857031250000000e+04
8.856119531250000000e+04
1.777453593750000000e+05
6.946313964843750000e+03
8.047063281250000000e+04
2.580722031250000000e+05
2.053807812500000000e+05
1.777453593750000000e+05
2.053807812500000000e+05
1.389315000000000000e+05
4.935940234375000000e+04
4.061764648437500000e+03
1.389315000000000000e+05
1.148777000000000000e+06
6.447153906250000000e+04
1.049787187500000000e+05
1.401076125000000000e+06
1.552189687500000000e+05
1.661473906250000000e+05
4.066953125000000000e+05
4.266789062500000000e+04
1.709110937500000000e+04
3.517051562500000000e+04
2.962364453125000000e+04
4.950110937500000000e+04
2.336310351562500000e+04
1.348430125000000000e+06
4.870060546875000000e+03
7.393228125000000000e+04
4.780562988281250000e+03
3.034563437500000000e+05
6.933801250000000000e+05
2.336310351562500000e+04
1.348430125000000000e+06
7.393228125000000000e+04
6.933801250000000000e+05
1.310763671875000000e+04
1.764157625000000000e+06
8.871666875000000000e+05
8.642764375000000000e+05
9.451959960937500000e+03
9.210495000000000000e+06
4.765956800000000000e+07
2.367032968750000000e+05
1.348430125000000000e+06
1.169591796875000000e+04
7.519217187500000000e+04
1.268040625000000000e+06
5.028281250000000000e+04
1.760675156250000000e+05
1.375549072265625000e+03
2.285677280000000000e+08
2.196806560000000000e+08
9.716003906250000000e+04
1.180303000000000000e+07
3.389102343750000000e+04
1.586302343750000000e+04
1.972769408000000000e+09
4.244012500000000000e+05
2.067111250000000000e+06
1.113479531250000000e+05
1.648995200000000000e+08
1.038697920000000000e+08
2.319247070312500000e+04
1.776085875000000000e+06
3.800353759765625000e+03
5.694237792968750000e+03
3.731925811200000000e+10
9.647385000000000000e+05
8.253450000000000000e+05
1.207503125000000000e+05
4.100969500000000000e+06
1.311021568000000000e+10
3.412959062500000000e+05
3.169770625000000000e+05
1.592753027343750000e+04
8.935057000000000000e+06
3.192236000000000000e+06
4.931141015625000000e+04
2.831506250000000000e+04
9.330088750000000000e+05
1.205895996093750000e+03
2.436727187500000000e+05
5.809457519531250000e+03
1.573566699218750000e+04
5.129301171875000000e+04
3.802439208984375000e+03
1.080263125000000000e+05
3.808487500000000000e+04
5.472562500000000000e+04
8.641304687500000000e+03
2.454058349609375000e+03
6.802825781250000000e+04
8.641304687500000000e+03
4.617770000000000000e+06
5.193136328125000000e+04
9.542691406250000000e+04
3.817372250000000000e+06
4.893327500000000000e+06
4.529720500000000000e+06
5.497011718750000000e+04
1.348430125000000000e+06
9.005548828125000000e+03
7.976189062500000000e+04
1.060296080000000000e+08
2.160805156250000000e+05
7.180773750000000000e+05
2.677034570312500000e+04
7.288833750000000000e+05
1.709110937500000000e+04
4.910650781250000000e+04
1.916334375000000000e+06
8.488740234375000000e+03
2.115449531250000000e+05
3.227558203125000000e+04
4.998016113281250000e+03
1.108182656250000000e+05
4.086914062500000000e+05
7.413874218750000000e+04
1.582671406250000000e+05
3.292523828125000000e+04
2.218535546875000000e+04
1.955486000000000000e+06
4.893327500000000000e+06
1.528676093750000000e+05
5.746322265625000000e+03
1.302362343750000000e+05
5.275010625000000000e+05
4.870060546875000000e+03
7.932043945312500000e+03
1.005474062500000000e+05
1.205876171875000000e+04
1.802649023437500000e+04
6.442378515625000000e+04
3.497455625000000000e+05
1.235577636718750000e+04
7.223233750000000000e+05
6.622465625000000000e+05
4.893327500000000000e+06
6.514503515625000000e+04
1.244941406250000000e+04
1.433203125000000000e+04
1.582147705078125000e+03
5.448016601562500000e+03
3.227730664062500000e+04
1.205876171875000000e+04
3.736579687500000000e+04
1.783929687500000000e+04
3.497455625000000000e+05
7.223233750000000000e+05
3.090657714843750000e+03
4.192445800781250000e+03
1.433203125000000000e+04
5.448016601562500000e+03
3.736579687500000000e+04
3.090657714843750000e+03
6.882286376953125000e+02
1.722411328125000000e+04
3.566893615722656250e+02
2.015352000000000000e+07
1.261412968750000000e+05
1.545772500000000000e+05
2.161905500000000000e+06
6.886409600000000000e+07
6.697828906250000000e+04
2.898014453125000000e+04
4.421575937500000000e+05
4.141940750000000000e+06
1.244428906250000000e+05
8.289039062500000000e+03
4.657048750000000000e+05
1.034673632812500000e+04
3.527627500000000000e+05
1.354045410156250000e+02
8.019045410156250000e+03
1.229194453125000000e+05
3.401169921875000000e+04
1.802963476562500000e+04
1.393691308593750000e+04
1.051936875000000000e+05
1.517328515625000000e+04
7.643158125000000000e+05
8.362979492187500000e+03
4.679344375000000000e+05
2.588839257812500000e+04
1.887455664062500000e+04
3.226641210937500000e+04
9.362568359375000000e+03
2.873599804687500000e+04
3.942700576782226562e+01
8.176236718750000000e+04
8.162850341796875000e+02
2.423086132812500000e+04
1.280746215820312500e+03
4.392436523437500000e+03
1.529848339843750000e+04
6.814377343750000000e+04
2.975837500000000000e+04
8.236691500000000000e+06
5.947910000000000000e+05
6.295948046875000000e+04
8.225247000000000000e+06
2.650462187500000000e+05
5.296371875000000000e+04
3.825069062500000000e+05
2.014722460937500000e+04
7.031840820312500000e+03
5.572541015625000000e+03
6.859805468750000000e+04
1.300512968750000000e+05
1.960493945312500000e+04
2.361408789062500000e+04
7.061717500000000000e+05
2.850868437500000000e+05
4.423448750000000000e+05
2.391630273437500000e+04
2.058865875000000000e+06
3.532356250000000000e+04
8.885578750000000000e+05
3.034563437500000000e+05
2.590649843750000000e+05
4.151027734375000000e+04
5.100559765625000000e+04
4.878010156250000000e+04
2.823574750000000000e+06
3.153416562500000000e+05
2.100596800000000000e+07
7.058040625000000000e+05
1.017232000000000000e+06
1.347659375000000000e+05
2.058865875000000000e+06
8.633447500000000000e+05
3.458239750000000000e+06
7.493217500000000000e+05
7.912540625000000000e+04
1.198358828125000000e+05
5.100559765625000000e+04
8.781134000000000000e+06
4.049316562500000000e+05
2.100596800000000000e+07
1.017232000000000000e+06
1.589647200000000000e+07
1.613947375000000000e+06
3.458239750000000000e+06
7.912540625000000000e+04
8.781134000000000000e+06
1.589647200000000000e+07
1.695048437500000000e+05
4.323315234375000000e+04
2.179720000000000000e+06
5.550806875000000000e+05
4.601272500000000000e+06
3.468803125000000000e+04
1.133277250000000000e+06
6.669947656250000000e+04
8.092037500000000000e+04
5.995284765625000000e+04
9.045205000000000000e+05
2.247099804687500000e+04
5.466229375000000000e+05
2.545923750000000000e+05
1.403027000000000000e+06
1.818749531250000000e+05
5.100559765625000000e+04
4.521624375000000000e+05
3.657760500000000000e+06
1.045245800000000000e+07
1.413131875000000000e+06
1.086922343750000000e+05
6.541067968750000000e+04
3.895292812500000000e+05
4.135787812500000000e+05
1.207307500000000000e+05
3.643845703125000000e+04
1.838707812500000000e+05
1.621757625000000000e+06
4.110829000000000000e+06
1.226178750000000000e+06
1.918869000000000000e+06
6.643802500000000000e+05
3.462347812500000000e+05
1.607554400000000000e+07
2.074550468750000000e+05
5.846901875000000000e+05
2.973316250000000000e+05
1.665816250000000000e+05
1.705221600000000000e+07
2.125062000000000000e+06
1.367108375000000000e+06
2.486177734375000000e+04
7.703662500000000000e+05
2.725871875000000000e+05
1.965408398437500000e+04
1.767677656250000000e+05
4.690837500000000000e+04
5.808931250000000000e+04
8.743055468750000000e+04
9.426561000000000000e+06
2.192539750000000000e+06
4.573674000000000000e+07
3.470350341796875000e+03
1.270259125000000000e+06
1.843195625000000000e+05
9.617911000000000000e+06
2.019267456000000000e+09
5.891584800000000000e+07
1.239126125000000000e+06
2.281884160000000000e+09
1.926732031250000000e+04
1.474958593750000000e+04
1.870010742187500000e+04
3.713237792968750000e+03
1.916334375000000000e+06
7.523355468750000000e+04
4.556375625000000000e+05
6.725086500000000000e+06
2.998453500000000000e+06
3.708897500000000000e+06
1.300236406250000000e+05
6.927773750000000000e+05
2.416269335937500000e+04
1.409170937500000000e+05
1.019081840000000000e+08
1.271984250000000000e+06
1.624528500000000000e+06
4.005882500000000000e+05
2.019226800000000000e+07
2.871879750000000000e+06
1.779683906250000000e+05
2.163981689453125000e+03
1.544375937500000000e+05
1.062347265625000000e+05
9.610506875000000000e+05
9.221715625000000000e+05
6.927132500000000000e+05
2.736344921875000000e+04
1.294708496093750000e+03
1.440447021484375000e+03
5.657658691406250000e+02
1.714339375000000000e+05
1.955486000000000000e+06
1.953098375000000000e+06
1.801534750000000000e+06
4.438716562500000000e+05
5.124418500000000000e+06
1.001195859375000000e+05
3.039361500000000000e+06
2.717431250000000000e+05
3.203224000000000000e+06
1.678569625000000000e+06
3.084159375000000000e+05
1.223817421875000000e+05
1.619303600000000000e+07
3.235121250000000000e+06
4.875648000000000000e+07
6.262768750000000000e+05
2.616502500000000000e+06
1.953110625000000000e+05
4.936783500000000000e+06
1.756644800000000000e+07
1.018855700000000000e+07
1.875988375000000000e+06
6.286915000000000000e+05
6.496927500000000000e+05
2.992600937500000000e+05
1.482980700000000000e+07
2.487975250000000000e+06
5.112794400000000000e+07
2.402235500000000000e+06
3.985487600000000000e+07
6.704140000000000000e+06
1.028440300000000000e+07
5.918916250000000000e+05
1.452307000000000000e+07
3.770462800000000000e+07
1.261860900000000000e+07
3.088632250000000000e+06
3.106415250000000000e+06
2.200346093750000000e+04
3.313561750000000000e+06
1.037291600000000000e+07
1.437474121093750000e+04
1.900917125000000000e+06
6.598834472656250000e+03
1.709722460937500000e+04
1.072394176000000000e+09
6.330701200000000000e+07
3.887189062500000000e+04
8.164162400000000000e+07
1.179144296875000000e+05
8.202681250000000000e+04
1.037925520000000000e+08
4.001022656250000000e+04
4.498727343750000000e+04
3.595085156250000000e+04
7.200489472000000000e+10
7.627924375000000000e+05
1.175296972656250000e+04
3.343676250000000000e+05
2.252312343750000000e+05
4.520489000000000000e+06
7.509234375000000000e+04
4.417829375000000000e+05
5.953662500000000000e+04
3.708327880859375000e+03
1.060615356445312500e+03
3.626694921875000000e+04
8.983645507812500000e+03
1.752999414062500000e+04
9.031137695312500000e+03
1.501512000000000000e+06
1.242147875000000000e+06
1.104845996093750000e+04
1.284711000000000000e+07
6.673962500000000000e+04
1.164062734375000000e+05
2.428374000000000000e+07
2.028453906250000000e+04
2.925397265625000000e+04
4.469849687500000000e+05
2.120159531250000000e+05
6.524738125000000000e+05
7.947940429687500000e+03
6.235630468750000000e+04
1.282694946289062500e+03
2.507212695312500000e+04
3.327843017578125000e+02
4.523833437500000000e+05
1.348430125000000000e+06
1.072734008789062500e+03
3.317302250000000000e+06
1.273328222656250000e+04
3.567961328125000000e+04
1.901444800000000000e+07
6.148756347656250000e+03
2.665023632812500000e+04
3.979066015625000000e+04
6.530715234375000000e+04
6.976324218750000000e+04
2.218535546875000000e+04
1.953098375000000000e+06
4.168467285156250000e+03
4.468299609375000000e+04
2.350913906250000000e+05
1.785736938476562500e+03
1.886387343750000000e+05
3.328294062500000000e+05
7.065914062500000000e+04
2.608721679687500000e+04
7.990945312500000000e+04
1.709110937500000000e+04
3.883008437500000000e+05
1.423511914062500000e+04
6.328086718750000000e+04
9.944205468750000000e+04
1.624937597656250000e+04
3.272702187500000000e+05
2.920828320312500000e+04
9.075793750000000000e+04
4.024723437500000000e+04
3.910362400000000000e+07
1.484140781250000000e+05
3.259532812500000000e+05
3.910362400000000000e+07
5.431719531250000000e+04
2.220711523437500000e+04
1.056820996093750000e+04
1.165530566406250000e+04
5.240400390625000000e+02
5.841138839721679688e+01
9.062834930419921875e+01
1.111812109375000000e+04
8.767955468750000000e+04
2.992989062500000000e+04
5.823319921875000000e+04
4.981956100463867188e+01
6.001992034912109375e+01
1.706722259521484375e+02
1.324471092224121094e+01
5.049907031250000000e+04
9.092130737304687500e+02
1.726304375000000000e+05
6.491524219512939453e+00
5.082680130004882812e+01
1.192879943847656250e+02
8.750225585937500000e+03
7.125616073608398438e+00
2.960874375000000000e+05
1.348430125000000000e+06
2.533373535156250000e+03
2.425715000000000000e+06
4.251100097656250000e+03
2.474289062500000000e+04
2.057568400000000000e+07
3.040369726562500000e+04
6.478075000000000000e+04
2.911269687500000000e+05
1.177425625000000000e+06
1.038214550781250000e+04
7.996475585937500000e+03
1.268148437500000000e+03
3.141302871704101562e+01
1.346098400000000000e+07
1.016514800000000000e+07
6.468956250000000000e+04
1.348430125000000000e+06
1.137843281250000000e+05
1.102063281250000000e+04
2.399191875000000000e+05
5.586598828125000000e+04
2.583321533203125000e+02
1.963708984375000000e+04
3.403790588378906250e+02
9.846755981445312500e+01
2.511418368000000000e+09
6.263156875000000000e+05
3.811111875000000000e+05
2.957069335937500000e+04
2.027785250000000000e+06
8.877133789062500000e+03
8.917863159179687500e+02
6.934256591796875000e+02
2.336264750000000000e+06
3.228521679687500000e+04
8.297314843750000000e+04
1.592710449218750000e+04
1.955486000000000000e+06
1.528676093750000000e+05
3.327611718750000000e+04
5.932716875000000000e+05
1.566740781250000000e+05
7.734586425781250000e+03
6.656791250000000000e+05
5.524418750000000000e+04
1.812813281250000000e+05
2.162887304687500000e+04
6.622465625000000000e+05
9.987639062500000000e+04
2.279561718750000000e+05
4.158054687500000000e+03
1.686406093750000000e+05
7.782656250000000000e+04
7.416660937500000000e+04
2.252956250000000000e+06
1.790111875000000000e+05
2.031910000000000000e+05
2.252956250000000000e+06
2.219005273437500000e+04
1.634898925781250000e+04
7.854875488281250000e+03
4.370248535156250000e+03
1.751160312500000000e+05
1.484140781250000000e+05
1.641028906250000000e+05
5.162274780273437500e+02
2.635682812500000000e+04
1.359921375000000000e+06
7.160805000000000000e+05
1.705317000000000000e+06
3.034563437500000000e+05
4.765956800000000000e+07
1.236165084838867188e+02
3.490000732421875000e+03
1.958688232421875000e+03
1.359921375000000000e+06
7.160805000000000000e+05
3.351063600000000000e+07
4.765956800000000000e+07
3.490000732421875000e+03
1.958688232421875000e+03
6.837689062500000000e+04
3.351063600000000000e+07
6.837689062500000000e+04
1.174558300000000000e+07
2.565408000000000000e+06
4.893327500000000000e+06
5.083407031250000000e+04
2.358834000000000000e+07
9.210495000000000000e+06
2.372122343750000000e+05
7.210851875000000000e+05
4.608116015625000000e+04
1.172099902343750000e+04
1.387770624000000000e+09
3.437443840000000000e+08
3.286975000000000000e+05
5.921178800000000000e+07
1.201756718750000000e+05
2.517448750000000000e+05
1.440971008000000000e+09
1.281555875000000000e+06
4.268406875000000000e+05
6.811160937500000000e+04
7.200489472000000000e+10
2.788790250000000000e+06
1.180436500000000000e+06
1.376109250000000000e+06
3.285067500000000000e+06
3.963745200000000000e+07
1.107021200000000000e+07
6.215616015625000000e+04
1.648060400000000000e+07
9.954116821289062500e+02
1.289601125000000000e+06
4.722424218750000000e+04
7.594107812500000000e+04
2.364669952000000000e+09
1.640525500000000000e+06
9.588860937500000000e+04
1.650721900000000000e+07
1.916334375000000000e+06
3.206346289062500000e+04
1.652558125000000000e+05
2.824280500000000000e+06
7.671656036376953125e+01
2.647718164062500000e+04
4.150693893432617188e+01
5.861662597656250000e+02
4.274732208251953125e+01
1.384941406250000000e+02
1.148652343750000000e+05
5.856289672851562500e+01
3.276020050048828125e+01
1.178981094360351562e+02
6.958735156250000000e+04
9.866433125000000000e+05
2.695242812500000000e+05
1.286581718750000000e+05
2.892056562500000000e+05
5.610248125000000000e+05
3.711742187500000000e+04
1.503340625000000000e+05
1.867516875000000000e+06
4.947074687500000000e+05
1.103920250000000000e+06
5.052233984375000000e+04
1.098531406250000000e+05
2.682646750000000000e+06
2.476373632812500000e+04
8.919215625000000000e+04
7.975727844238281250e+01
6.950365625000000000e+04
7.229249500000000000e+06
1.052087207031250000e+04
1.372751875000000000e+05
1.553834863281250000e+04
1.973257968750000000e+05
4.858872680664062500e+02
4.769934687500000000e+05
3.035020625000000000e+05
9.127710156250000000e+04
1.468642089843750000e+03
1.369228271484375000e+03
1.947118437500000000e+05
1.511832153320312500e+03
2.155338906250000000e+05
9.859678125000000000e+04
3.039361500000000000e+06
8.261089843750000000e+04
3.130599414062500000e+04
5.587171250000000000e+05
6.598881250000000000e+04
4.329876171875000000e+04
2.865959375000000000e+05
3.055418250000000000e+06
3.088632250000000000e+06
4.529720500000000000e+06
7.662025000000000000e+04
5.506859375000000000e+05
6.656200500000000000e+06
2.992752148437500000e+04
2.043755625000000000e+06
5.565264062500000000e+04
1.355431718750000000e+05
3.310515200000000000e+08
1.678137600000000000e+07
1.465852875000000000e+06
8.433754400000000000e+07
3.052115750000000000e+06
3.326226000000000000e+06
5.270073200000000000e+07
5.451184375000000000e+05
8.993360000000000000e+06
2.490320750000000000e+06
3.510189260800000000e+10
1.992614560000000000e+08
1.519136400000000000e+07
9.039007200000000000e+07
6.974764800000000000e+07
4.862514380800000000e+10
3.018953515625000000e+04
2.443652968750000000e+05
2.978683125000000000e+05
1.164887812500000000e+05
4.405644921875000000e+04
1.502047460937500000e+04
2.601376953125000000e+03
3.873425625000000000e+05
3.633396875000000000e+04
5.575418125000000000e+05
5.214531250000000000e+04
4.309812500000000000e+04
1.805806093750000000e+05
3.633396875000000000e+04
5.575418125000000000e+05
9.245801562500000000e+04
1.805806093750000000e+05
9.245801562500000000e+04
8.420918750000000000e+04
7.475066894531250000e+03
4.199971875000000000e+04
1.024530234375000000e+05
6.765793500000000000e+06
2.230621500000000000e+06
3.571658593750000000e+04
2.005692250000000000e+06
1.775595703125000000e+04
5.738653906250000000e+04
7.735601600000000000e+07
5.030786562500000000e+05
1.528813125000000000e+05
2.736640000000000000e+05
2.154179750000000000e+06
1.174558300000000000e+07
4.529720500000000000e+06
1.929462890625000000e+04
4.765956800000000000e+07
2.776483789062500000e+04
2.939029882812500000e+04
2.033064064000000000e+09
3.072674375000000000e+05
2.219800937500000000e+05
2.344097187500000000e+05
6.782216250000000000e+05
3.661451562500000000e+04
5.653153515625000000e+04
5.025125488281250000e+03
2.213910742187500000e+04
3.829009765625000000e+04
2.749261914062500000e+04
1.741499200000000000e+07
8.496143554687500000e+03
8.479345703125000000e+03
1.461927125000000000e+06
1.091356562500000000e+05
2.842051953125000000e+04
6.237569140625000000e+04
1.648395117187500000e+04
5.973229492187500000e+03
3.796628906250000000e+03
1.863687875000000000e+06
4.473834765625000000e+04
3.425686562500000000e+05
1.055975683593750000e+04
5.745953906250000000e+04
3.751683593750000000e+03
1.348430125000000000e+06
5.780824707031250000e+03
3.882346484375000000e+04
5.123008984375000000e+04
7.741188281250000000e+04
4.447026953125000000e+04
4.930224218750000000e+04
3.551756640625000000e+04
3.453398046875000000e+04
1.709110937500000000e+04
5.024847167968750000e+03
1.656273046875000000e+04
1.408914625000000000e+06
1.066215200000000000e+07
5.528034765625000000e+04
1.827508375000000000e+06
4.848063671875000000e+04
1.024178466796875000e+03
4.048944800000000000e+07
1.645341562500000000e+05
4.361136875000000000e+05
5.052316875000000000e+05
2.305543500000000000e+06
3.320580078125000000e+04
8.420380468750000000e+04
8.734688281250000000e+04
2.218833750000000000e+05
4.851967578125000000e+04
1.803255859375000000e+04
3.118018750000000000e+05
1.315371562500000000e+05
3.597759687500000000e+05
2.636786523437500000e+04
3.969548437500000000e+04
2.492903200000000000e+07
2.065005125000000000e+06
1.389191718750000000e+05
4.295914500000000000e+06
4.725589375000000000e+05
2.289579687500000000e+05
7.901382400000000000e+08
2.580099600000000000e+07
2.018042875000000000e+06
4.511587000000000000e+06
8.263806720000000000e+08
1.916334375000000000e+06
1.177588984375000000e+05
6.309240625000000000e+05
1.972425585937500000e+04
4.268208984375000000e+04
3.432207750000000000e+06
1.774760312500000000e+05
7.555118164062500000e+03
1.881080781250000000e+05
5.433123125000000000e+05
1.228782968750000000e+05
1.323524000000000000e+07
1.613556625000000000e+06
1.697324414062500000e+04
2.963559600000000000e+07
1.252712968750000000e+05
2.158121289062500000e+04
9.427595520000000000e+08
2.720877750000000000e+06
4.246558750000000000e+05
2.748480250000000000e+06
5.362118800000000000e+07
1.849723281250000000e+05
6.708684375000000000e+04
3.726188281250000000e+04
2.563409218750000000e+05
5.071848046875000000e+04
2.159004296875000000e+04
1.167990966796875000e+03
2.031501367187500000e+04
3.354750781250000000e+04
9.132177734375000000e+03
2.132281738281250000e+03
7.398516845703125000e+02
3.025204882812500000e+04
1.371404296875000000e+03
2.028935742187500000e+04
3.644500732421875000e+02
2.313121600000000000e+07
7.886646875000000000e+04
2.634060400000000000e+07
1.410294433593750000e+04
1.195250600000000000e+07
4.244300781250000000e+04
1.143957875000000000e+06
5.693270400000000000e+08
2.122589250000000000e+06
1.093972375000000000e+06
1.371943700000000000e+07
1.220844200000000000e+07
2.597079500000000000e+06
2.556932500000000000e+06
1.434117031250000000e+05
1.817537000000000000e+06
3.349003750000000000e+06
7.184263281250000000e+04
1.348430125000000000e+06
4.870060546875000000e+03
3.034563437500000000e+05
1.481330720000000000e+08
1.100230400000000000e+07
1.220844200000000000e+07
1.060510400000000000e+08
2.597079500000000000e+06
2.556932500000000000e+06
1.455962500000000000e+07
1.817537000000000000e+06
3.349003750000000000e+06
1.348430125000000000e+06
1.365373100000000000e+07
1.481330720000000000e+08
1.100230400000000000e+07
1.060510400000000000e+08
1.455962500000000000e+07
1.365373100000000000e+07
2.455583593750000000e+04
1.735214843750000000e+02
3.574556579589843750e+02
2.976058593750000000e+04
1.154596328125000000e+05
3.684254687500000000e+04
2.985536914062500000e+04
1.789906500000000000e+06
2.279644531250000000e+05
3.204031982421875000e+03
1.476403250000000000e+06
7.293746875000000000e+04
1.794432375000000000e+06
1.960647265625000000e+04
6.479539843750000000e+04
1.993563600000000000e+07
1.702955625000000000e+05
1.705317000000000000e+06
1.993563600000000000e+07
1.080535800000000000e+07
3.551747500000000000e+06
8.306173828125000000e+03
1.348430125000000000e+06
6.398138427734375000e+02
1.867985937500000000e+04
2.772662400000000000e+08
1.867914453125000000e+04
1.722025937500000000e+05
1.136690820312500000e+04
2.206872500000000000e+05
1.673055625000000000e+05
1.060405273437500000e+04
4.197184500000000000e+06
5.985658593750000000e+04
1.152710546875000000e+05
7.690405625000000000e+05
5.154729980468750000e+03
1.406326660156250000e+04
7.101878356933593750e+01
1.952974843750000000e+05
1.309862792968750000e+04
4.206878906250000000e+04
2.006715468750000000e+05
1.702525024414062500e+03
1.267853222656250000e+04
1.053653828125000000e+05
7.542537500000000000e+04
4.529720500000000000e+06
5.343153515625000000e+04
7.566643750000000000e+04
2.546290468750000000e+05
1.973850195312500000e+04
3.569383984375000000e+04
1.555043437500000000e+05
2.059139709472656250e+02
1.187414746093750000e+04
1.872914648437500000e+04
1.528676093750000000e+05
3.827568359375000000e+04
2.952681250000000000e+04
2.181634179687500000e+04
1.953098375000000000e+06
1.529886840820312500e+03
9.179389062500000000e+04
5.069460625000000000e+05
2.336095703125000000e+03
3.350775625000000000e+05
1.885977343750000000e+05
1.569772949218750000e+04
3.403042187500000000e+04
1.992900500000000000e+06
9.620631875000000000e+05
4.169479600000000000e+07
8.570124023437500000e+03
1.824041750000000000e+06
5.866766015625000000e+04
1.408948125000000000e+06
7.324483200000000000e+08
2.311679600000000000e+07
5.801046875000000000e+05
3.270835520000000000e+08
3.830580859375000000e+04
2.038120750000000000e+06
1.773957031250000000e+04
3.583815625000000000e+05
1.273685449218750000e+04
1.494093125000000000e+05
4.762737109375000000e+04
1.929350585937500000e+04
7.506756875000000000e+05
6.992110156250000000e+04
1.825737343750000000e+05
3.942322000000000000e+06
4.012386000000000000e+06
5.088532000000000000e+06
1.532678750000000000e+05
2.200523000000000000e+06
3.631209687500000000e+05
4.736040625000000000e+04
1.155640250000000000e+06
2.508683906250000000e+05
4.802625000000000000e+03
1.868588800000000000e+08
4.644919600000000000e+07
3.942322000000000000e+06
8.960235200000000000e+07
4.012386000000000000e+06
5.088532000000000000e+06
4.125756800000000000e+07
2.200523000000000000e+06
3.631209687500000000e+05
1.155640250000000000e+06
1.320691712000000000e+10
1.868588800000000000e+08
4.644919600000000000e+07
8.960235200000000000e+07
4.125756800000000000e+07
1.320691712000000000e+10
1.888262375000000000e+06
5.415798437500000000e+04
2.359845156250000000e+05
5.554690625000000000e+04
7.661286718750000000e+04
1.081124000000000000e+06
1.032028281250000000e+05
9.978261718750000000e+03
1.000515234375000000e+05
2.324254062500000000e+05
2.653206054687500000e+04
1.222790200000000000e+07
5.091653000000000000e+06
1.905577343750000000e+04
9.210495000000000000e+06
9.945125000000000000e+04
2.229582763671875000e+03
3.479668480000000000e+08
2.161699500000000000e+06
1.746700312500000000e+05
1.082827500000000000e+06
5.171036000000000000e+06
3.768926171875000000e+04
3.709031738281250000e+03
1.912728027343750000e+03
6.853101196289062500e+02
2.066515781250000000e+05
4.662098632812500000e+03
1.213366992187500000e+04
2.020297343750000000e+05
2.124091500000000000e+06
9.298139648437500000e+03
1.734734375000000000e+05
1.341216699218750000e+04
1.087376406250000000e+05
2.986849609375000000e+04
5.949629375000000000e+05
1.708231054687500000e+04
4.503011328125000000e+04
1.801378750000000000e+05
1.265433496093750000e+04
2.275934218750000000e+05
1.047144453125000000e+05
9.239102343750000000e+04
5.287912890625000000e+04
8.914674218750000000e+04
5.043500781250000000e+04
3.176427148437500000e+04
8.914674218750000000e+04
9.278857231140136719e+00
3.983078515625000000e+04
2.923251724243164062e+01
5.657457812500000000e+04
1.478335839843750000e+04
3.215134062500000000e+05
3.581332031250000000e+04
6.267700781250000000e+04
1.295373375000000000e+06
2.364663085937500000e+04
7.911023437500000000e+04
3.034563437500000000e+05
9.296836914062500000e+03
2.473821250000000000e+05
6.186188671875000000e+04
3.765423046875000000e+04
2.582969726562500000e+04
2.912591796875000000e+04
4.487528437500000000e+05
9.292572265625000000e+03
1.942747500000000000e+06
1.685505625000000000e+05
1.295373375000000000e+06
2.756153125000000000e+04
2.806342773437500000e+04
3.803700000000000000e+04
7.647941250000000000e+05
1.592225625000000000e+05
6.186188671875000000e+04
7.460181875000000000e+05
8.481762500000000000e+04
4.487528437500000000e+05
1.942747500000000000e+06
1.466482187500000000e+05
2.397492382812500000e+04
2.806342773437500000e+04
7.647941250000000000e+05
7.460181875000000000e+05
1.466482187500000000e+05
8.666895312500000000e+04
1.709110937500000000e+04
1.916334375000000000e+06
2.203882812500000000e+04
1.944340625000000000e+05
2.115449531250000000e+05
1.640049609375000000e+04
5.952676875000000000e+05
1.108182656250000000e+05
2.661751875000000000e+05
1.592055625000000000e+05
2.459407000000000000e+06
3.538634277343750000e+03
2.462276406250000000e+05
4.590938437500000000e+05
1.874111718750000000e+05
4.170345214843750000e+03
3.391864687500000000e+05
1.970368250000000000e+06
8.861526367187500000e+03
4.221037500000000000e+04
3.296552343750000000e+04
3.818363281250000000e+03
8.340202500000000000e+05
6.628980000000000000e+05
5.860687109375000000e+04
8.206382031250000000e+04
1.634898925781250000e+04
5.807695800781250000e+03
8.021401367187500000e+03
8.496184570312500000e+03
2.218535546875000000e+04
1.797746875000000000e+06
8.128425903320312500e+02
7.131632324218750000e+03
2.137756093750000000e+05
3.112541748046875000e+03
2.518884375000000000e+04
3.138798750000000000e+05
5.742054199218750000e+03
1.930379492187500000e+04
2.828337000000000000e+06
1.174558300000000000e+07
4.249102000000000000e+06
2.647609375000000000e+04
1.485375375000000000e+06
1.697687250000000000e+06
1.932342968750000000e+04
4.421970400000000000e+07
1.132621640625000000e+05
2.018602148437500000e+04
1.002700880000000000e+08
3.526878000000000000e+06
1.582008906250000000e+05
1.984782720000000000e+09
2.270457250000000000e+06
8.817750625000000000e+05
1.121351440000000000e+08
3.749580859375000000e+04
1.808356562500000000e+05
3.165636250000000000e+06
7.066218496000000000e+10
7.434081875000000000e+05
3.832265625000000000e+05
6.633303600000000000e+07
2.694898250000000000e+06
4.408506560000000000e+08
5.771712109375000000e+04
3.431091015625000000e+04
1.894489990234375000e+03
5.714852734375000000e+04
1.263941406250000000e+04
4.633441796875000000e+04
9.859375000000000000e+03
6.937454589843750000e+03
3.088632250000000000e+06
4.529720500000000000e+06
4.576490625000000000e+04
2.043755625000000000e+06
8.140605468750000000e+03
5.950018359375000000e+04
8.433754400000000000e+07
7.566751562500000000e+04
2.058254843750000000e+05
2.746198632812500000e+04
5.597778750000000000e+05
7.578971875000000000e+05
1.914549218750000000e+04
1.683517382812500000e+04
8.039386875000000000e+05
2.598575750000000000e+06
1.758668125000000000e+05
1.118317343750000000e+05
2.857671875000000000e+04
4.447753906250000000e+03
1.162323840000000000e+08
7.710718125000000000e+05
2.523008500000000000e+06
1.083463671875000000e+05
1.093010800000000000e+08
2.491810000000000000e+07
3.469884750000000000e+06
1.080564700000000000e+07
1.548744531250000000e+05
3.597526400000000000e+07
9.210495000000000000e+06
8.990071250000000000e+05
9.719296250000000000e+05
1.733995156250000000e+05
3.934368750000000000e+04
2.624054272000000000e+09
2.859154560000000000e+08
1.328144000000000000e+06
2.118119360000000000e+08
5.501851250000000000e+05
1.614303125000000000e+06
1.575456000000000000e+09
1.131271400000000000e+07
2.131994250000000000e+06
3.985568437500000000e+05
7.200489472000000000e+10
1.752466080000000000e+08
1.160298700000000000e+07
1.842490000000000000e+07
8.638004800000000000e+07
1.626689228800000000e+10
1.475913250000000000e+06
1.528676093750000000e+05
2.903101562500000000e+04
1.475913250000000000e+06
1.078806000000000000e+07
2.980493437500000000e+05
4.765956800000000000e+07
2.163929296875000000e+04
1.121962700000000000e+07
8.805916406250000000e+04
7.627291250000000000e+05
8.574367360000000000e+08
1.755074000000000000e+06
2.106388125000000000e+05
5.867402500000000000e+06
7.576875488281250000e+03
4.050816015625000000e+04
9.440644531250000000e+03
8.274332031250000000e+03
2.218535546875000000e+04
9.311660625000000000e+05
2.343855781250000000e+05
3.192922812500000000e+05
1.257392968750000000e+05
4.425900312500000000e+05
4.164962500000000000e+04
1.406610625000000000e+05
1.588622500000000000e+06
4.302856875000000000e+05
9.355356875000000000e+05
1.222933046875000000e+05
1.893864531250000000e+05
2.521800156250000000e+05
1.057676875000000000e+05
1.198213671875000000e+05
1.294446250000000000e+05
5.160678750000000000e+05
4.373465000000000000e+05
6.028998800000000000e+07
6.329348046875000000e+04
2.751651757812500000e+04
4.989437500000000000e+05
4.187952734375000000e+04
4.050816015625000000e+04
2.727019691467285156e+01
1.387574414062500000e+04
1.569137763977050781e+01
1.476788875000000000e+06
8.637085937500000000e+03
9.532855033874511719e+00
3.034563437500000000e+05
2.866501953125000000e+04
3.683279800415039062e+01
4.797178437500000000e+05
3.116027734375000000e+04
8.065048217773437500e+01
3.925938606262207031e+00
1.062411625000000000e+06
4.135199707031250000e+03
1.959948120117187500e+02
5.094067001342773438e+01
1.476788875000000000e+06
7.579685211181640625e+01
6.670498750000000000e+05
2.588760156250000000e+04
2.945311279296875000e+02
8.673466491699218750e+01
4.797178437500000000e+05
1.224632644653320312e+02
1.373744106292724609e+01
1.062411625000000000e+06
1.959948120117187500e+02
7.689264526367187500e+02
1.501175079345703125e+02
6.670498750000000000e+05
2.945311279296875000e+02
1.224632644653320312e+02
7.689264526367187500e+02
3.724014062500000000e+04
2.264992578125000000e+04
1.233707875000000000e+06
3.034563437500000000e+05
3.522377441406250000e+03
1.146450468750000000e+05
1.233707875000000000e+06
1.146450468750000000e+05
3.716953125000000000e+04
1.634898925781250000e+04
9.990679687500000000e+03
6.088226074218750000e+03
1.249738203125000000e+05
2.526273250000000000e+06
1.195330625000000000e+05
1.924123593750000000e+05
1.694858984375000000e+04
1.838680000000000000e+05
9.113870000000000000e+05
1.479322187500000000e+05
2.083681500000000000e+06
2.019141406250000000e+05
1.088300000000000000e+06
9.127833007812500000e+03
2.388401200000000000e+07
5.182355859375000000e+04
1.243828593750000000e+05
1.251867500000000000e+06
4.370496093750000000e+04
5.115310156250000000e+04
7.267455625000000000e+05
1.953098375000000000e+06
4.529720500000000000e+06
7.619452148437500000e+03
2.707962812500000000e+05
6.088304296875000000e+04
3.619638671875000000e+04
8.343289843750000000e+04
4.396381250000000000e+05
3.753598876953125000e+03
1.884558750000000000e+05
1.959642656250000000e+05
5.188165312500000000e+05
8.566885937500000000e+04
6.331460937500000000e+04
5.701162500000000000e+05
5.603223000000000000e+06
2.606900800000000000e+07
2.393370000000000000e+06
4.232683593750000000e+04
1.246823906250000000e+05
1.676283437500000000e+05
2.165168125000000000e+05
3.617819921875000000e+04
2.264115625000000000e+04
2.053643437500000000e+05
5.061933437500000000e+05
8.593441000000000000e+06
1.152616750000000000e+06
1.231538000000000000e+06
5.634575000000000000e+05
4.963643125000000000e+05
7.370530400000000000e+07
2.264487656250000000e+05
1.218940390625000000e+05
1.946331406250000000e+05
1.447715625000000000e+05
9.052235000000000000e+06
3.647707250000000000e+06
3.034844375000000000e+05
2.831619531250000000e+04
4.885109765625000000e+04
1.557595996093750000e+04
1.645141125000000000e+06
4.529720500000000000e+06
3.098428125000000000e+05
1.300512968750000000e+05
2.810280000000000000e+05
6.141027343750000000e+04
7.344170410156250000e+03
4.013132812500000000e+04
1.782605625000000000e+05
7.704011840820312500e+02
8.160892000000000000e+07
1.037224300000000000e+07
2.746515312500000000e+05
5.530876500000000000e+06
2.187352000000000000e+06
1.649661132812500000e+04
2.164243000000000000e+06
7.609201562500000000e+04
2.348886523437500000e+04
8.853357421875000000e+03
3.811258880000000000e+08
9.692828000000000000e+06
3.667267500000000000e+05
4.209423125000000000e+05
3.054630000000000000e+05
6.874253500000000000e+06
1.380934863281250000e+04
2.717560750000000000e+06
1.529023125000000000e+05
3.336290234375000000e+04
2.717560750000000000e+06
3.651823437500000000e+04
3.034087304687500000e+04
1.545139312744140625e+02
1.348430125000000000e+06
3.729161865234375000e+03
6.938311718750000000e+04
7.140422500000000000e+05
6.535876464843750000e+02
1.262515380859375000e+03
1.345741875000000000e+05
1.661820312500000000e+04
1.117643676757812500e+03
6.658448730468750000e+03
5.212218017578125000e+02
6.388920703125000000e+04
5.651447753906250000e+03
2.521093125000000000e+05
5.326577734375000000e+04
1.693395625000000000e+05
4.675481250000000000e+05
1.182336230468750000e+04
2.529478906250000000e+05
6.627502343750000000e+04
1.612070156250000000e+05
7.713853906250000000e+04
2.285091600000000000e+07
2.442116250000000000e+06
3.047560546875000000e+04
9.943698000000000000e+06
9.745021875000000000e+04
5.984357421875000000e+04
1.272057472000000000e+09
1.422807500000000000e+06
1.692273593750000000e+05
7.493652500000000000e+05
1.337058100000000000e+07
2.162561600000000000e+07
4.529720500000000000e+06
4.030657812500000000e+04
7.940079500000000000e+06
1.364328613281250000e+04
2.189465234375000000e+04
2.153475328000000000e+09
1.519166875000000000e+05
2.274803593750000000e+05
1.376929062500000000e+05
1.007299375000000000e+06
8.501603906250000000e+04
1.567502250000000000e+06
5.056317500000000000e+05
7.265016250000000000e+05
2.941452929687500000e+04
3.348071000000000000e+06
2.442116250000000000e+06
9.051719531250000000e+04
1.835371625000000000e+06
5.253034179687500000e+03
8.086218750000000000e+03
3.608935200000000000e+07
2.247377187500000000e+05
2.228348750000000000e+05
6.219232421875000000e+04
1.291013750000000000e+06
2.417200400000000000e+07
5.120192500000000000e+06
1.089342343750000000e+05
8.607606000000000000e+06
1.577580371093750000e+04
9.924862304687500000e+03
5.570940160000000000e+08
3.201399062500000000e+05
1.332757812500000000e+05
2.441644335937500000e+04
2.175199687500000000e+05
6.666555023193359375e+01
1.636303405761718750e+02
2.082428125000000000e+04
2.174579925537109375e+02
2.345109000000000000e+06
3.612045312500000000e+04
6.441542187500000000e+04
1.769229218750000000e+05
1.196729625000000000e+06
1.705317000000000000e+06
2.712593359375000000e+04
1.196729625000000000e+06
1.916334375000000000e+06
4.855754296875000000e+04
1.535657656250000000e+05
4.997155078125000000e+04
1.323524000000000000e+07
2.442116250000000000e+06
2.462908125000000000e+05
4.708600000000000000e+04
4.765956800000000000e+07
6.092515625000000000e+05
1.716195875000000000e+06
4.826566015625000000e+04
4.131899218750000000e+04
1.942106628417968750e+02
1.237608960000000000e+09
3.239994880000000000e+08
1.508628800000000000e+07
7.252285000000000000e+06
1.135079375000000000e+06
2.692902187500000000e+05
2.743842000000000000e+07
7.471264800000000000e+07
2.810322812500000000e+05
2.380901757812500000e+04
7.481353728000000000e+09
2.096548352000000000e+09
2.505427040000000000e+08
8.113898500000000000e+06
2.266189200000000000e+07
9.926866944000000000e+09
1.295528710937500000e+04
6.902777343750000000e+04
1.678635546875000000e+04
2.494297250000000000e+06
1.776911718750000000e+04
2.852011328125000000e+04
2.260741562500000000e+05
1.247438875000000000e+06
2.054677812500000000e+05
9.635002929687500000e+03
3.797625122070312500e+02
4.765956800000000000e+07
7.307048125000000000e+05
1.132095625000000000e+05
8.919215625000000000e+04
1.979998437500000000e+04
2.989658546447753906e+01
2.493836800000000000e+08
4.239382800000000000e+07
9.946737500000000000e+04
1.346422875000000000e+06
2.440394140625000000e+04
9.474696044921875000e+02
2.284582000000000000e+07
3.331413750000000000e+06
1.105596328125000000e+05
3.212095947265625000e+03
1.756261504000000000e+09
5.899069500000000000e+06
3.410886250000000000e+05
4.276929296875000000e+04
3.627326250000000000e+05
5.769703500000000000e+06
7.369232031250000000e+04
1.485315875000000000e+06
3.105694062500000000e+05
1.894926718750000000e+05
2.431025200000000000e+07
3.645846250000000000e+06
1.229866328125000000e+05
4.765956800000000000e+07
6.258299218750000000e+04
5.734894921875000000e+04
3.081600256000000000e+09
2.237405000000000000e+06
5.220097500000000000e+05
2.895729500000000000e+06
6.231518800000000000e+07
1.743433281250000000e+05
1.289505312500000000e+05
1.740506362915039062e+01
6.221155395507812500e+02
1.380139531250000000e+05
1.082304125000000000e+06
5.846567500000000000e+05
3.492819375000000000e+05
6.395833984375000000e+04
5.275904846191406250e+01
1.133061523437500000e+04
4.010998291015625000e+03
8.369491210937500000e+03
2.429115820312500000e+04
6.348881640625000000e+04
6.953108398437500000e+03
4.361165527343750000e+03
1.502181396484375000e+03
1.293562578125000000e+05
7.680723125000000000e+05
2.618479375000000000e+05
1.159972167968750000e+03
1.197242285156250000e+04
7.344816875000000000e+05
1.152885937500000000e+04
1.176209765625000000e+04
9.713412500000000000e+05
3.355700312500000000e+05
4.408019531250000000e+04
3.690092187500000000e+04
6.191270703125000000e+04
4.278658984375000000e+04
1.382869531250000000e+05
9.973399414062500000e+03
8.903344726562500000e+03
1.355696300000000000e+07
2.974693750000000000e+06
4.407618500000000000e+06
3.924228906250000000e+04
1.200082750000000000e+06
2.356684400000000000e+07
1.341431542968750000e+04
7.430673125000000000e+05
8.379598999023437500e+02
4.512107421875000000e+04
6.895640320000000000e+08
2.360049200000000000e+07
3.012662812500000000e+05
1.235669520000000000e+08
8.633928906250000000e+04
7.651698125000000000e+05
3.445286000000000000e+07
2.710230078125000000e+04
1.237596750000000000e+06
1.232258984375000000e+05
9.255778400000000000e+07
3.221116750000000000e+06
3.119967187500000000e+05
5.480930500000000000e+06
1.809627750000000000e+06
2.247612500000000000e+06
8.919215625000000000e+04
5.119927215576171875e+01
1.760738867187500000e+04
2.799684814453125000e+03
4.579250000000000000e+04
2.860133984375000000e+04
1.336319625000000000e+06
2.879114375000000000e+05
9.718166992187500000e+03
1.506779687500000000e+05
1.336319625000000000e+06
1.506779687500000000e+05
1.174173000000000000e+07
1.089538574218750000e+04
1.885082031250000000e+05
7.346695000000000000e+05
1.973860156250000000e+05
2.223101757812500000e+04
2.862906835937500000e+04
4.564761352539062500e+02
2.442116250000000000e+06
1.127162812500000000e+05
8.916235351562500000e+03
3.207902832031250000e+02
6.421807128906250000e+03
2.431282196044921875e+02
1.296005859375000000e+02
2.223101757812500000e+04
2.862906835937500000e+04
4.564761352539062500e+02
1.088660250000000000e+06
5.845660644531250000e+03
1.367453155517578125e+02
1.258045468750000000e+05
1.664470458984375000e+03
5.915871484375000000e+04
1.631481445312500000e+04
6.421807128906250000e+03
2.431282196044921875e+02
1.296005859375000000e+02
6.202150344848632812e+01
5.845660644531250000e+03
1.367453155517578125e+02
1.258045468750000000e+05
1.664470458984375000e+03
5.915871484375000000e+04
1.631481445312500000e+04
3.549700012207031250e+02
1.437697656250000000e+04
5.039046325683593750e+02
3.775645263671875000e+03
6.202150344848632812e+01
3.549700012207031250e+02
1.437697656250000000e+04
5.039046325683593750e+02
3.775645263671875000e+03
4.523709411621093750e+02
4.523709411621093750e+02
1.767065820312500000e+04
3.107145898437500000e+04
1.895638183593750000e+03
2.161125000000000000e+03
2.226832187500000000e+05
8.151320500000000000e+06
1.677428437500000000e+05
1.295499687500000000e+05
1.028915937500000000e+05
1.662603906250000000e+05
2.330766601562500000e+04
1.320902539062500000e+04
1.959592968750000000e+04
5.501889453125000000e+04
1.634898925781250000e+04
1.466472558593750000e+04
7.876782226562500000e+03
6.329940400000000000e+07
1.619049687500000000e+05
1.277632734375000000e+05
3.148207500000000000e+06
5.602354003906250000e+03
1.343946582031250000e+04
2.102947968750000000e+05
3.034563437500000000e+05
8.530599365234375000e+02
2.430724023437500000e+04
2.102947968750000000e+05
2.430724023437500000e+04
1.705126718750000000e+05
2.218535546875000000e+04
4.050816015625000000e+04
1.114666210937500000e+04
3.648985546875000000e+04
1.285471972656250000e+04
8.647487182617187500e+02
2.943487695312500000e+04
1.839706542968750000e+03
2.890708007812500000e+02
3.386152343750000000e+04
1.611573632812500000e+04
1.676904101562500000e+04
6.076425781250000000e+03
5.510702636718750000e+03
1.239912402343750000e+04
2.445249414062500000e+04
1.991473754882812500e+03
5.640211181640625000e+02
1.089448852539062500e+03
4.466213378906250000e+03
4.901658203125000000e+03
1.026490722656250000e+04
4.689036621093750000e+03
7.783455200195312500e+02
4.393999023437500000e+03
8.141314843750000000e+04
8.776812744140625000e+01
3.298163604736328125e+01
4.461925000000000000e+04
8.776812744140625000e+01
5.833601074218750000e+03
4.373470306396484375e+01
4.698302078247070312e+01
1.990958593750000000e+05
1.345050903320312500e+03
2.829559960937500000e+04
6.305592578125000000e+04
6.133394375000000000e+05
1.068951171875000000e+05
7.310826250000000000e+05
1.573923875000000000e+06
1.105006125000000000e+06
4.690410625000000000e+05
1.283593625000000000e+06
2.196426250000000000e+06
5.519126000000000000e+06
3.604869062500000000e+05
1.129428100000000000e+07
3.780727343750000000e+04
1.898936750000000000e+06
3.034563437500000000e+05
5.519126000000000000e+06
2.520299360000000000e+08
1.129428100000000000e+07
1.898936750000000000e+06
2.520299360000000000e+08
5.494259033203125000e+02
3.766187988281250000e+03
1.204794218750000000e+05
3.034563437500000000e+05
2.097033935546875000e+03
2.121557226562500000e+04
1.204794218750000000e+05
2.121557226562500000e+04
1.552346562500000000e+05
1.109898730468750000e+04
4.893530859375000000e+04
3.995580859375000000e+04
2.084478906250000000e+04
3.925724375000000000e+05
1.677078515625000000e+04
1.956840234375000000e+04
3.831081750000000000e+06
8.537580468750000000e+04
6.028797656250000000e+04
3.034563437500000000e+05
6.342512695312500000e+03
1.649703281250000000e+05
8.918314375000000000e+05
5.417864843750000000e+04
5.516716406250000000e+04
5.566718359375000000e+04
3.451102500000000000e+05
3.366780078125000000e+04
3.727346250000000000e+05
3.440435937500000000e+04
3.831081750000000000e+06
3.647750390625000000e+04
1.489769218750000000e+05
7.639333593750000000e+04
3.927214062500000000e+05
3.177967187500000000e+05
8.918314375000000000e+05
1.244978875000000000e+06
8.929539062500000000e+04
3.451102500000000000e+05
3.727346250000000000e+05
5.256655625000000000e+05
1.651820781250000000e+05
1.489769218750000000e+05
3.927214062500000000e+05
1.244978875000000000e+06
5.256655625000000000e+05
1.920068000000000000e+07
1.071003613281250000e+04
5.316482812500000000e+04
2.951683437500000000e+05
7.902457812500000000e+04
5.873863769531250000e+03
1.563507934570312500e+03
2.745237187500000000e+05
1.756940307617187500e+03
5.169975000000000000e+04
1.139171875000000000e+04
3.106387304687500000e+04
5.043714355468750000e+03
3.321798095703125000e+03
1.341476875000000000e+06
5.257410644531250000e+03
1.300512968750000000e+05
1.401092163085937500e+03
7.406863769531250000e+03
1.931870117187500000e+02
2.927443359375000000e+04
1.795185937500000000e+05
4.220618652343750000e+03
1.163853393554687500e+03
7.441490234375000000e+03
8.141758593750000000e+04
1.462816796875000000e+04
2.296699023437500000e+04
1.729263476562500000e+04
1.908148828125000000e+04
3.830237109375000000e+04
9.565737915039062500e+02
8.574564453125000000e+03
9.714864062500000000e+04
1.255181375000000000e+06
1.190545703125000000e+04
4.957037597656250000e+03
1.092879500000000000e+06
3.468187890625000000e+04
1.444443125000000000e+05
2.655790937500000000e+05
7.369253500000000000e+06
1.174558300000000000e+07
4.306222500000000000e+06
1.528676093750000000e+05
4.859115000000000000e+06
5.438376000000000000e+06
4.347001562500000000e+04
4.448771200000000000e+07
1.705317000000000000e+06
2.898714062500000000e+05
4.980577280000000000e+09
9.749398000000000000e+06
7.369253500000000000e+06
1.955204736000000000e+09
1.174558300000000000e+07
4.306222500000000000e+06
5.704908800000000000e+07
4.859115000000000000e+06
5.438376000000000000e+06
4.448771200000000000e+07
7.200489472000000000e+10
4.980577280000000000e+09
9.749398000000000000e+06
1.955204736000000000e+09
5.704908800000000000e+07
7.200489472000000000e+10
3.035779052734375000e+03
1.105108281250000000e+05
2.893498750000000000e+06
2.337675750000000000e+06
4.716863281250000000e+03
3.008697812500000000e+05
1.348430125000000000e+06
1.775114624023437500e+03
6.729633300781250000e+03
2.097526953125000000e+04
2.841403250000000000e+06
2.341301250000000000e+06
1.708112000000000000e+07
1.408420250000000000e+06
6.689966796875000000e+03
2.064699218750000000e+04
1.115346777343750000e+04
1.671926900000000000e+07
1.119999804687500000e+04
5.422982500000000000e+05
9.957877929687500000e+03
3.455960625000000000e+05
4.928481000000000000e+06
2.571498632812500000e+04
2.432821289062500000e+03
2.188105468750000000e+05
2.656906250000000000e+03
4.905537366867065430e-01
4.821071147918701172e+00
5.326655883789062500e+02
4.984589000000000000e+06
4.211306640625000000e+04
3.034563437500000000e+05
6.365571875000000000e+04
1.183976806640625000e+03
4.984589000000000000e+06
6.365571875000000000e+04
3.142352148437500000e+04
3.662754296875000000e+04
9.607262695312500000e+03
2.868164648437500000e+04
2.148172800000000000e+07
1.978641210937500000e+04
1.500814550781250000e+04
2.167996679687500000e+04
5.310920625000000000e+05
1.118235961914062500e+03
2.678528125000000000e+05
1.553524875000000000e+06
1.658666210937500000e+04
6.013340234375000000e+04
6.277721093750000000e+04
7.879189062500000000e+04
1.162728222656250000e+04
1.753038437500000000e+05
5.115310156250000000e+04
1.955486000000000000e+06
1.528676093750000000e+05
7.392416503906250000e+03
6.308355625000000000e+05
8.092037500000000000e+04
9.490177612304687500e+02
9.876788281250000000e+04
2.071170000000000000e+05
1.921556406250000000e+05
7.813296093750000000e+04
6.622465625000000000e+05
1.041466503906250000e+04
2.656553955078125000e+03
1.022006408691406250e+03
7.260123437500000000e+04
1.169363437500000000e+05
1.781514282226562500e+03
4.529940500000000000e+06
5.072816015625000000e+04
7.519725781250000000e+04
2.206767187500000000e+05
1.091290125000000000e+06
2.056506718750000000e+05
1.528676093750000000e+05
9.273765625000000000e+03
1.568750585937500000e+04
1.052179336547851562e+02
2.377046750000000000e+06
1.091290125000000000e+06
2.056506718750000000e+05
9.273765625000000000e+03
2.377046750000000000e+06
2.422193281250000000e+05
1.233179589843750000e+04
4.812914062500000000e+04
1.101176796875000000e+05
1.520337207031250000e+04
3.406433125000000000e+05
1.109979101562500000e+04
3.738372656250000000e+04
2.869642400000000000e+07
1.323524000000000000e+07
2.442116250000000000e+06
6.820476562500000000e+03
4.931461425781250000e+03
2.335384800000000000e+07
2.792106000000000000e+07
1.516415722656250000e+04
4.765956800000000000e+07
8.261925000000000000e+04
6.986973144531250000e+03
3.419882421875000000e+04
7.079057408000000000e+09
2.135541200000000000e+07
6.445390625000000000e+05
1.237608960000000000e+09
2.212884750000000000e+06
3.229315625000000000e+05
5.127892578125000000e+04
2.800340234375000000e+04
1.405430450439453125e+02
9.821303040000000000e+08
9.807116250000000000e+05
2.209713000000000000e+06
3.602673250000000000e+06
3.851975000000000000e+06
1.276955468750000000e+05
2.494873291015625000e+03
7.200489472000000000e+10
4.211007200000000000e+07
3.771455937500000000e+05
5.593488400000000000e+07
8.122183750000000000e+05
2.830345703125000000e+03
3.369556640625000000e+03
2.587452400000000000e+07
4.493605120000000000e+08
6.863489843750000000e+04
9.466658203125000000e+03
4.971579904000000000e+09
7.273539843750000000e+04
6.737385500000000000e+06
1.230442089843750000e+04
1.634898925781250000e+04
8.588151367187500000e+03
1.367425292968750000e+04
8.613311523437500000e+03
8.343289843750000000e+04
1.198641093750000000e+05
2.918564453125000000e+04
9.171644531250000000e+04
1.077099707031250000e+04
5.102174218750000000e+04
1.039093593750000000e+05
2.944050000000000000e+06
1.266132578125000000e+05
2.264938671875000000e+04
1.174449250000000000e+06
1.953098375000000000e+06
7.966854687500000000e+04
2.210337343750000000e+05
3.445654500000000000e+06
1.471520410156250000e+04
9.284695625000000000e+05
7.622246093750000000e+04
5.493165234375000000e+04
1.955486000000000000e+06
1.953098375000000000e+06
6.946081542968750000e+03
2.300742656250000000e+05
2.347182421875000000e+04
2.305104531250000000e+05
4.045865937500000000e+05
3.039361500000000000e+06
4.661187011718750000e+03
2.970218750000000000e+05
1.011521640625000000e+05
5.607137890625000000e+04
6.135248750000000000e+05
1.619303600000000000e+07
1.233828808593750000e+04
4.045372656250000000e+04
4.760100625000000000e+05
3.570647750000000000e+06
6.690873046875000000e+03
4.719056640625000000e+04
8.102100625000000000e+05
2.152354250000000000e+06
3.201945625000000000e+05
2.649840625000000000e+05
1.404911875000000000e+05
4.763559375000000000e+04
2.046968554687500000e+04
6.801982812500000000e+04
9.210495000000000000e+06
1.938658281250000000e+05
4.618425600000000000e+07
3.727013671875000000e+03
1.322543375000000000e+06
6.740589843750000000e+04
9.536300000000000000e+05
1.954854016000000000e+09
4.287847000000000000e+06
1.320354843750000000e+05
1.788836800000000000e+07
2.013892000000000000e+06
2.658384521484375000e+03
1.551873291015625000e+03
3.448760546875000000e+04
5.679467285156250000e+03
5.554306875000000000e+05
2.561515869140625000e+03
6.825956054687500000e+03
4.862547656250000000e+04
4.564761352539062500e+02
5.058616638183593750e+01
2.857863525390625000e+03
6.491576250000000000e+05
2.468464531250000000e+05
1.314859250000000000e+06
2.125232250000000000e+06
4.770219140625000000e+04
5.137226562500000000e+04
4.132810058593750000e+03
7.597686718750000000e+04
2.666239000000000000e+06
1.695289375000000000e+05
3.034563437500000000e+05
2.666239000000000000e+06
8.285682812500000000e+04
3.025394287109375000e+03
2.689268945312500000e+04
6.282953000000000000e+06
2.347681835937500000e+04
8.421692382812500000e+03
1.328409062500000000e+05
2.583420703125000000e+04
1.028458828125000000e+05
2.143553125000000000e+04
4.888561035156250000e+03
4.175752734375000000e+04
9.409479980468750000e+02
1.286509125000000000e+06
2.104616601562500000e+04
5.483390502929687500e+02
1.518566308593750000e+04
2.511225781250000000e+04
5.713589843750000000e+03
7.574514062500000000e+04
5.383511718750000000e+03
1.754425537109375000e+03
9.132514648437500000e+02
3.997418125000000000e+05
2.351867431640625000e+03
3.097727929687500000e+04
2.020837402343750000e+03
1.797774531250000000e+05
1.346556884765625000e+03
3.639990625000000000e+04
1.012183984375000000e+04
5.671660644531250000e+03
2.181479248046875000e+03
1.299677148437500000e+04
1.513713476562500000e+04
7.141222534179687500e+02
2.555821289062500000e+04
3.154031640625000000e+04
4.491681152343750000e+03
9.847620239257812500e+02
3.245788085937500000e+03
2.614143798828125000e+03
9.912914062500000000e+03
1.916495971679687500e+03
4.151868125000000000e+05
5.737564843750000000e+04
2.218535546875000000e+04
1.896944000000000000e+06
1.224679394531250000e+04
7.985384375000000000e+04
2.272559531250000000e+05
7.678479980468750000e+03
2.373104218750000000e+05
3.259995937500000000e+05
8.422628906250000000e+04
6.139422265625000000e+04
1.709539218750000000e+05
5.115310156250000000e+04
1.953098375000000000e+06
2.296699023437500000e+04
1.766568750000000000e+05
6.465250000000000000e+06
4.316739257812500000e+03
8.343289843750000000e+04
5.187328125000000000e+03
2.511968164062500000e+04
1.282496250000000000e+06
7.465990000000000000e+05
1.379838183593750000e+04
6.331460937500000000e+04
8.611635937500000000e+04
5.133617187500000000e+05
1.828395843505859375e+02
3.068353750000000000e+06
5.172628515625000000e+04
3.116547187500000000e+05
6.090831640625000000e+04
3.681044531250000000e+04
6.079753906250000000e+03
5.582239375000000000e+05
5.849000390625000000e+04
1.049292812500000000e+05
5.023444000000000000e+06
2.101701953125000000e+04
1.035521679687500000e+04
3.411290000000000000e+05
1.126154750000000000e+06
7.400592773437500000e+03
4.739173828125000000e+03
1.990132656250000000e+05
4.123563125000000000e+05
4.740550390625000000e+04
2.540971289062500000e+04
1.500628417968750000e+04
1.398012597656250000e+04
4.336716562500000000e+05
2.745116875000000000e+05
1.741499200000000000e+07
6.266522656250000000e+04
3.839995625000000000e+05
6.928988281250000000e+04
1.500628417968750000e+04
1.398012597656250000e+04
5.381066796875000000e+04
1.343025512695312500e+03
9.482353906250000000e+04
3.839995625000000000e+05
1.353546700000000000e+07
1.276530468750000000e+05
1.018469200000000000e+07
5.040968125000000000e+05
5.104622812500000000e+05
9.482353906250000000e+04
2.532969531250000000e+05
6.675236816406250000e+03
6.863319531250000000e+04
7.423802734375000000e+03
4.272989257812500000e+03
1.558321000000000000e+07
3.186170000000000000e+05
1.047469562500000000e+06
1.054696875000000000e+06
1.627702875000000000e+06
2.349740039062500000e+04
4.096683593750000000e+04
1.574829394531250000e+04
2.231825750000000000e+06
1.694972500000000000e+05
2.670384250000000000e+06
2.995563750000000000e+06
1.382297187500000000e+05
1.283634000000000000e+06
4.211382812500000000e+04
7.067862304687500000e+03
5.282615040000000000e+08
2.646168750000000000e+06
2.996124000000000000e+06
1.257258625000000000e+06
5.427574400000000000e+08
2.461753750000000000e+06
2.540615429687500000e+04
2.130827812500000000e+05
6.533642500000000000e+05
1.977022656250000000e+04
3.123886962890625000e+03
3.230395507812500000e+03
2.552426875000000000e+05
5.536624218750000000e+04
1.130134570312500000e+04
1.149383281250000000e+05
1.804750976562500000e+04
2.828531562500000000e+05
3.983067578125000000e+04
9.399403906250000000e+04
6.126823500000000000e+06
5.290156500000000000e+06
1.520126406250000000e+05
1.191277500000000000e+06
6.154876171875000000e+04
2.409464648437500000e+04
3.906547520000000000e+08
7.229870000000000000e+05
6.741332500000000000e+05
3.146303125000000000e+05
1.435261300000000000e+07
3.849331250000000000e+04
7.551678125000000000e+05
1.026115390625000000e+05
4.683614062500000000e+04
7.551678125000000000e+05
4.221532226562500000e+03
2.164949062500000000e+05
1.217535703125000000e+05
8.227312500000000000e+04
2.218535546875000000e+04
4.447026953125000000e+04
1.763638061523437500e+03
9.109646484375000000e+03
6.027619140625000000e+03
4.381632690429687500e+02
4.253831640625000000e+04
1.253585571289062500e+03
1.025790023803710938e+02
4.625688671875000000e+04
3.473547265625000000e+04
5.835737915039062500e+02
6.424135253906250000e+03
1.150073730468750000e+03
2.870484619140625000e+03
8.493737304687500000e+03
1.452143798828125000e+03
9.512683868408203125e+01
2.411053161621093750e+02
6.622656250000000000e+03
1.038791503906250000e+03
1.197883056640625000e+03
1.122967529296875000e+03
2.277122344970703125e+02
8.615650024414062500e+02
5.490939062500000000e+04
1.432579882812500000e+04
4.306201171875000000e+04
1.174181625000000000e+06
3.236111750000000000e+06
3.597997265625000000e+04
2.444836718750000000e+04
1.814522187500000000e+05
1.199338281250000000e+04
8.343289843750000000e+04
1.347994843750000000e+05
9.070216796875000000e+03
2.307606640625000000e+04
1.138708250000000000e+06
7.985950000000000000e+05
1.515499023437500000e+04
5.288180078125000000e+04
3.339065312500000000e+05
6.990270000000000000e+05
1.419825312500000000e+05
4.509377500000000000e+05
1.057330175781250000e+04
1.231118437500000000e+05
7.586347656250000000e+04
2.912391562500000000e+05
9.179858398437500000e+03
6.581421875000000000e+04
2.583605625000000000e+05
4.134332500000000000e+05
3.788788750000000000e+05
1.495223250000000000e+06
4.442735937500000000e+05
7.026382031250000000e+04
3.860639687500000000e+05
7.614420000000000000e+05
1.336933281250000000e+05
2.575241718750000000e+05
3.484688671875000000e+04
2.856469375000000000e+05
1.241938250000000000e+06
2.312877656250000000e+05
1.766418750000000000e+05
1.323524000000000000e+07
2.442116250000000000e+06
2.598575750000000000e+06
2.868225195312500000e+04
4.765956800000000000e+07
9.003143000000000000e+06
4.815842968750000000e+04
1.314772750000000000e+06
3.543200390625000000e+04
1.043045288085937500e+03
1.237608960000000000e+09
1.277698944000000000e+09
5.811539375000000000e+05
1.010488080000000000e+08
9.913053125000000000e+04
5.333241406250000000e+04
1.941706752000000000e+09
7.211051250000000000e+05
6.204771093750000000e+04
2.581822070312500000e+04
7.200489472000000000e+10
2.161361500000000000e+06
5.791384375000000000e+05
3.414261562500000000e+05
5.263768750000000000e+05
6.363899000000000000e+06
1.953260375000000000e+06
2.471001757812500000e+04
1.634898925781250000e+04
1.485315875000000000e+06
2.599914500000000000e+06
1.484140781250000000e+05
7.937273925781250000e+03
1.026217875000000000e+06
5.275010625000000000e+05
4.870060546875000000e+03
1.016677148437500000e+04
2.239420468750000000e+05
3.142827500000000000e+05
1.124783789062500000e+04
4.802010937500000000e+04
9.487967500000000000e+05
2.415727929687500000e+04
1.630319125000000000e+06
5.027693125000000000e+05
2.599914500000000000e+06
9.048932031250000000e+04
1.674013476562500000e+04
2.877236875000000000e+05
2.211146289062500000e+04
4.004500312500000000e+05
5.592062500000000000e+04
3.142827500000000000e+05
7.074607031250000000e+04
2.941716601562500000e+04
9.487967500000000000e+05
1.630319125000000000e+06
2.820106445312500000e+04
1.006746972656250000e+04
2.877236875000000000e+05
4.004500312500000000e+05
7.074607031250000000e+04
2.820106445312500000e+04
2.166332750000000000e+06
9.724388671875000000e+03
7.087754687500000000e+04
1.081639000000000000e+07
3.569299500000000000e+06
1.546459843750000000e+05
1.348430125000000000e+06
3.296241455078125000e+03
5.581592578125000000e+04
2.788248960000000000e+08
7.161323750000000000e+05
2.199025468750000000e+05
1.095881953125000000e+05
8.120161000000000000e+06
7.935630000000000000e+05
3.247420703125000000e+04
1.538919824218750000e+04
1.301188476562500000e+03
5.118252343750000000e+04
3.580034062500000000e+05
1.256558671875000000e+05
2.079026562500000000e+05
4.371696875000000000e+04
2.907556750000000000e+06
5.854481933593750000e+03
3.126166381835937500e+02
1.037734375000000000e+04
1.106997753906250000e+04
3.467969531250000000e+04
2.485362000000000000e+06
3.735652734375000000e+04
3.034563437500000000e+05
1.407072375000000000e+06
6.536609375000000000e+04
2.485362000000000000e+06
1.407072375000000000e+06
9.219375625000000000e+05
3.810965625000000000e+04
1.638740937500000000e+05
3.164396093750000000e+04
4.474261328125000000e+04
2.756065937500000000e+05
3.226641210937500000e+04
9.189662500000000000e+04
8.128414062500000000e+04
8.563506835937500000e+03
6.309339843750000000e+04
3.008112500000000000e+05
1.005559296875000000e+05
2.328047500000000000e+05
3.884382000000000000e+07
1.571460468750000000e+05
2.443387343750000000e+05
2.796177750000000000e+06
3.015030000000000000e+06
4.581725000000000000e+06
1.796946679687500000e+04
7.647226250000000000e+05
5.807169189453125000e+02
1.150798632812500000e+04
1.285689680000000000e+08
1.017967812500000000e+05
7.912898750000000000e+05
2.328758007812500000e+04
4.007988000000000000e+06
6.376004687500000000e+04
4.245034179687500000e+03
1.095634667968750000e+04
5.049743359375000000e+04
1.592710449218750000e+04
2.237941601562500000e+04
4.919050781250000000e+04
6.664434082031250000e+03
7.454897656250000000e+04
5.503406250000000000e+03
6.952093261718750000e+03
3.805519000000000000e+06
5.616506347656250000e+03
7.958022656250000000e+04
2.116091250000000000e+06
2.369056718750000000e+05
3.258753662109375000e+03
3.196914062500000000e+04
6.885572500000000000e+05
4.529720500000000000e+06
1.472775000000000000e+05
1.609137812500000000e+05
2.492639160156250000e+03
1.167405546875000000e+05
6.324039600000000000e+07
5.437587109375000000e+04
2.066660000000000000e+06
3.792680859375000000e+04
6.306016000000000000e+06
2.881824804687500000e+04
1.451476562500000000e+04
4.758612187500000000e+05
2.510323242187500000e+04
1.519287597656250000e+04
5.550335625000000000e+05
1.027893652343750000e+04
5.498899218750000000e+04
3.034563437500000000e+05
9.128981445312500000e+03
2.382587656250000000e+05
3.080954492187500000e+04
2.749539843750000000e+04
3.893952734375000000e+04
1.062893164062500000e+04
2.862390820312500000e+04
3.116832031250000000e+03
3.494071875000000000e+05
2.581253515625000000e+04
5.550335625000000000e+05
1.686685156250000000e+04
1.106043652343750000e+04
9.265676757812500000e+03
2.075599531250000000e+05
1.458316406250000000e+05
3.080954492187500000e+04
2.707273125000000000e+05
2.107701953125000000e+04
2.862390820312500000e+04
3.494071875000000000e+05
6.465705859375000000e+04
1.877450195312500000e+04
1.106043652343750000e+04
2.075599531250000000e+05
2.707273125000000000e+05
6.465705859375000000e+04
5.339020500000000000e+06
2.851398000000000000e+06
6.292779200000000000e+07
1.098544062500000000e+05
8.750921000000000000e+06
3.029055625000000000e+05
5.339020500000000000e+06
3.458066240000000000e+08
6.292779200000000000e+07
8.750921000000000000e+06
3.458066240000000000e+08
3.434403906250000000e+04
3.107145898437500000e+04
2.678195937500000000e+05
2.416541259765625000e+03
7.022356445312500000e+03
1.240413515625000000e+05
4.136845214843750000e+03
1.756520507812500000e+04
1.496678750000000000e+05
7.482900390625000000e+03
1.076899316406250000e+04
5.132672500000000000e+05
1.325875683593750000e+04
2.860547187500000000e+05
4.522766500000000000e+06
6.817770996093750000e+03
1.869196093750000000e+04
2.141757968750000000e+05
3.671032812500000000e+05
1.021672343750000000e+05
4.656472265625000000e+04
3.884791015625000000e+04
1.089551250000000000e+05
5.194379296875000000e+04
4.846926562500000000e+04
9.941957812500000000e+04
4.516412500000000000e+04
1.190007421875000000e+05
6.606248437500000000e+04
7.761494531250000000e+04
1.354897753906250000e+04
4.755307421875000000e+04
6.508816015625000000e+04
7.516471093750000000e+04
1.318609179687500000e+04
4.743015234375000000e+04
4.675991015625000000e+04
1.798266375000000000e+06
1.497903125000000000e+04
6.409460449218750000e+02
9.818757031250000000e+04
6.091714500000000000e+06
1.174558300000000000e+07
4.374061000000000000e+06
1.300512968750000000e+05
6.641502500000000000e+06
5.453089000000000000e+06
7.133467187500000000e+04
4.564262400000000000e+07
8.990071250000000000e+05
1.714092500000000000e+05
1.034692915200000000e+10
1.272873900000000000e+07
9.192720625000000000e+05
2.003232256000000000e+09
2.082694125000000000e+06
2.085011500000000000e+06
2.941906880000000000e+08
2.764518500000000000e+06
1.242174000000000000e+06
1.281365500000000000e+07
7.200489472000000000e+10
5.222316480000000000e+08
6.916795000000000000e+05
1.853626400000000000e+08
3.977650400000000000e+07
2.096157696000000000e+10
2.768502929687500000e+03
6.978713281250000000e+04
6.117598000000000000e+06
3.034563437500000000e+05
1.653087890625000000e+03
1.259255312500000000e+05
6.117598000000000000e+06
1.259255312500000000e+05
6.555524500000000000e+06
3.492327000000000000e+06
1.141732025146484375e+01
1.528676093750000000e+05
1.154951625000000000e+06
1.249308872222900391e+01
4.137017187500000000e+04
5.748896408081054688e+01
4.587856640625000000e+04
6.148886203765869141e+00
3.942274240000000000e+08
2.722585868835449219e+01
6.555524500000000000e+06
2.296738281250000000e+02
3.492327000000000000e+06
1.141732025146484375e+01
6.247113418579101562e+01
1.154951625000000000e+06
1.249308872222900391e+01
5.748896408081054688e+01
3.368644409179687500e+02
3.942274240000000000e+08
2.722585868835449219e+01
2.296738281250000000e+02
6.247113418579101562e+01
3.368644409179687500e+02
8.975395312500000000e+04
5.115310156250000000e+04
2.231023500000000000e+06
3.832853515625000000e+04
3.600695312500000000e+04
6.063054000000000000e+06
1.031618906250000000e+05
2.052702539062500000e+04
9.444724375000000000e+05
1.012102578125000000e+05
2.667480000000000000e+05
9.730994140625000000e+03
9.922416406250000000e+04
1.091425234375000000e+05
1.189236093750000000e+05
1.221912011718750000e+04
5.028237890625000000e+04
7.636288281250000000e+04
2.634665039062500000e+04
3.149492773437500000e+04
2.065777250000000000e+06
1.651405517578125000e+03
5.062638437500000000e+05
1.500376953125000000e+03
1.667282470703125000e+03
3.458302343750000000e+04
5.875021972656250000e+02
2.894978515625000000e+04
2.329470947265625000e+03
7.064815429687500000e+03
9.036488125000000000e+05
2.952494062500000000e+05
1.174558300000000000e+07
2.933699500000000000e+06
3.863810937500000000e+04
1.843432000000000000e+07
6.202653515625000000e+04
1.613069824218750000e+04
7.558400000000000000e+08
6.663600625000000000e+05
1.235187578125000000e+05
3.761555937500000000e+05
1.388040000000000000e+06
7.135182031250000000e+04
1.506315429687500000e+04
2.269626000000000000e+06
1.916334375000000000e+06
1.022539160156250000e+04
3.064162187500000000e+05
1.139635078125000000e+05
3.752637812500000000e+05
3.527718437500000000e+05
3.593693250000000000e+06
2.661061523437500000e+03
3.620566250000000000e+05
1.660177000000000000e+06
4.023011718750000000e+04
1.305740078125000000e+05
1.304106100000000000e+07
7.029613281250000000e+04
3.244246562500000000e+05
8.514038125000000000e+05
1.335850750000000000e+06
4.895887695312500000e+03
9.931646875000000000e+04
6.077109500000000000e+06
9.964892500000000000e+05
5.000708750000000000e+05
2.202509531250000000e+05
2.674385500000000000e+06
6.008440000000000000e+05
6.274189062500000000e+04
2.674385500000000000e+06
2.459646250000000000e+06
4.678194140625000000e+04
2.049200750000000000e+06
9.844697265625000000e+03
3.176037187500000000e+05
1.628092187500000000e+05
2.480720500000000000e+06
4.196206800000000000e+07
2.135706250000000000e+06
3.090669375000000000e+05
4.178476400000000000e+07
4.846565625000000000e+04
1.698825585937500000e+04
3.497383000000000000e+06
1.688204296875000000e+04
8.151665039062500000e+02
4.902807500000000000e+05
2.773442773437500000e+04
2.329841064453125000e+03
6.318203125000000000e+04
3.138728125000000000e+04
5.681731933593750000e+03
1.629243945312500000e+04
2.479299200000000000e+07
1.057887600000000000e+07
7.320514062500000000e+04
9.210495000000000000e+06
4.856750000000000000e+04
1.077852294921875000e+03
2.781460480000000000e+08
8.219085625000000000e+05
9.369225000000000000e+04
6.442857031250000000e+04
3.350507187500000000e+05
2.084478906250000000e+04
9.305281250000000000e+04
2.691791259765625000e+03
9.429692382812500000e+03
5.777478500000000000e+06
1.702721718750000000e+05
1.664707031250000000e+03
3.006073632812500000e+04
2.138714500000000000e+06
2.821821777343750000e+03
3.436412500000000000e+05
2.305742031250000000e+05
5.492393554687500000e+03
6.162905468750000000e+04
6.659942968750000000e+04
5.438120703125000000e+04
7.425112792968750000e+03
1.518011093750000000e+05
6.625890625000000000e+03
1.446319218750000000e+05
1.764943554687500000e+04
2.218535546875000000e+04
1.955486000000000000e+06
1.953098375000000000e+06
2.470926757812500000e+03
2.227401250000000000e+05
2.464717578125000000e+04
1.958008593750000000e+04
5.275010625000000000e+05
2.350913906250000000e+05
3.039361500000000000e+06
2.937167236328125000e+03
1.481728281250000000e+05
4.065631640625000000e+04
3.030299023437500000e+04
6.442378515625000000e+04
3.328294062500000000e+05
1.619303600000000000e+07
2.920363085937500000e+04
9.008185546875000000e+03
2.505944335937500000e+03
2.126033281250000000e+05
1.721218125000000000e+05
1.834960937500000000e+04
3.673870000000000000e+06
1.616075585937500000e+04
1.746339453125000000e+04
1.676487792968750000e+03
5.258941875000000000e+05
9.521909375000000000e+04
9.208700781250000000e+04
2.049171500000000000e+06
1.484630625000000000e+05
6.081905273437500000e+03
6.999259765625000000e+03
1.449771562500000000e+05
1.877924218750000000e+05
8.226244140625000000e+03
7.893268554687500000e+03
3.778547812500000000e+05
1.018428125000000000e+05
1.921600312500000000e+05
3.533414453125000000e+04
1.118742000000000000e+06
4.301794687500000000e+05
4.469977500000000000e+05
1.882092656250000000e+05
1.300202875000000000e+06
8.102872656250000000e+04
1.816142656250000000e+05
2.186073750000000000e+06
7.207716875000000000e+05
1.118211750000000000e+06
1.521412656250000000e+05
4.743555312500000000e+05
3.172084062500000000e+05
2.299630625000000000e+05
6.118870000000000000e+06
2.175204101562500000e+04
2.945144335937500000e+04
9.290135937500000000e+04
6.966431152343750000e+03
1.208319250000000000e+06
1.385745000000000000e+05
2.336672500000000000e+06
3.275564648437500000e+04
9.210495000000000000e+06
2.173320800000000000e+07
1.705317000000000000e+06
7.330317500000000000e+05
4.870060546875000000e+03
1.272396796875000000e+05
2.637491750000000000e+06
2.097576953125000000e+04
6.877111718750000000e+04
1.662662231445312500e+03
1.907457440000000000e+08
1.780836800000000000e+07
1.208319250000000000e+06
2.432920250000000000e+06
1.385745000000000000e+05
2.336672500000000000e+06
1.523737600000000000e+09
9.210495000000000000e+06
2.173320800000000000e+07
7.330317500000000000e+05
6.029482400000000000e+07
1.161319400000000000e+07
2.637491750000000000e+06
1.247621953125000000e+05
2.097576953125000000e+04
6.877111718750000000e+04
3.394068992000000000e+09
1.907457440000000000e+08
1.780836800000000000e+07
2.432920250000000000e+06
1.523737600000000000e+09
5.066800640000000000e+08
6.029482400000000000e+07
1.161319400000000000e+07
1.247621953125000000e+05
3.394068992000000000e+09
5.066800640000000000e+08
5.759005859375000000e+04
4.770219140625000000e+04
3.392731689453125000e+03
1.912741821289062500e+03
1.456294125000000000e+06
5.163549218750000000e+04
5.511769409179687500e+02
2.821411376953125000e+03
4.791993125000000000e+05
3.075407714843750000e+02
4.502469531250000000e+04
1.096038085937500000e+04
5.831684494018554688e+01
2.496993652343750000e+03
3.549114257812500000e+03
1.601839965820312500e+03
1.370496215820312500e+02
3.245027734375000000e+04
1.233179589843750000e+04
1.416762812500000000e+05
3.289705859375000000e+04
6.717960937500000000e+04
1.807180800000000000e+07
1.975671289062500000e+04
1.945149414062500000e+04
2.258726171875000000e+04
4.858380312500000000e+05
5.859526855468750000e+03
4.648791250000000000e+05
1.141955625000000000e+06
1.667413476562500000e+04
1.053327148437500000e+04
3.428287890625000000e+04
3.441344921875000000e+04
4.368660156250000000e+03
3.366593750000000000e+04
7.752430000000000000e+05
3.861994921875000000e+04
3.750634375000000000e+05
6.518910625000000000e+05
2.021595898437500000e+04
1.205566000000000000e+06
1.086075390625000000e+04
1.068833250000000000e+06
5.918952734375000000e+04
3.172586250000000000e+05
4.448881200000000000e+07
3.937854062500000000e+05
4.215714687500000000e+05
8.540181000000000000e+06
6.830705000000000000e+05
4.099048828125000000e+03
1.196245234375000000e+05
2.223436718750000000e+04
2.516627539062500000e+04
6.375654296875000000e+03
2.815905625000000000e+05
4.868487109375000000e+04
6.140400781250000000e+04
3.846189687500000000e+05
9.429400781250000000e+04
2.080313906250000000e+05
2.251347070312500000e+04
2.218340625000000000e+04
1.919639625000000000e+06
5.596137207031250000e+03
9.802225000000000000e+04
2.350913906250000000e+05
4.460567871093750000e+03
7.519317187500000000e+04
3.427271250000000000e+05
3.319000390625000000e+04
2.202317578125000000e+04
9.554985156250000000e+04
2.582085546875000000e+04
4.607566406250000000e+04
4.695282031250000000e+04
1.876381640625000000e+04
7.197562011718750000e+03
9.120513671875000000e+03
6.002316406250000000e+04
1.790461875000000000e+05
6.627028125000000000e+04
1.079754625000000000e+06
2.637283935546875000e+03
7.348000335693359375e+01
6.532397265625000000e+04
1.391160644531250000e+03
3.732005937500000000e+05
1.524788360595703125e+02
1.100241821289062500e+03
1.186784875000000000e+06
1.890544062500000000e+05
1.990958593750000000e+05
9.392579956054687500e+02
4.765956800000000000e+07
9.210495000000000000e+06
4.839244921875000000e+04
1.348430125000000000e+06
3.823820703125000000e+04
6.756003417968750000e+02
2.266618560000000000e+08
1.349979200000000000e+08
9.612759375000000000e+04
2.101670800000000000e+07
1.303053222656250000e+04
7.464516113281250000e+03
1.972769408000000000e+09
2.811660250000000000e+06
1.048437500000000000e+05
7.682146093750000000e+04
6.365023846400000000e+10
5.205007000000000000e+06
1.275456000000000000e+06
3.009802812500000000e+05
2.342683600000000000e+07
1.523175840000000000e+08
5.586792400000000000e+07
7.815002343750000000e+04
3.013401953125000000e+04
5.447006875000000000e+05
5.345679500000000000e+06
1.117879199218750000e+04
2.351704833984375000e+03
5.299782421875000000e+04
8.341454101562500000e+03
4.413028750000000000e+05
5.275010625000000000e+05
2.582393164062500000e+04
2.768855600000000000e+07
2.435719750000000000e+06
1.445722031250000000e+05
6.181110000000000000e+06
4.961887500000000000e+05
2.871491250000000000e+05
1.126748288000000000e+09
2.768855600000000000e+07
2.435719750000000000e+06
6.181110000000000000e+06
1.126748288000000000e+09
1.070641937255859375e+02
7.653435937500000000e+04
7.053505000000000000e+06
3.034563437500000000e+05
6.661272430419921875e+01
2.279728088378906250e+02
7.053505000000000000e+06
2.279728088378906250e+02
1.941970468750000000e+05
1.401552368164062500e+03
1.332967500000000000e+05
9.209167187500000000e+04
3.515034375000000000e+05
3.934368750000000000e+04
6.634750000000000000e+04
2.166520937500000000e+05
3.547064843750000000e+04
1.097520937500000000e+05
1.684420937500000000e+05
5.753778906250000000e+04
7.513739843750000000e+04
2.116765039062500000e+04
1.485315875000000000e+06
1.594631093750000000e+05
1.984043750000000000e+04
2.198849000000000000e+06
8.221242187500000000e+04
2.343585546875000000e+04
4.252390625000000000e+05
4.279581250000000000e+04
8.644302343750000000e+04
1.196382812500000000e+04
2.688908750000000000e+05
6.183716796875000000e+04
4.189251171875000000e+04
1.310606250000000000e+04
5.380389843750000000e+04
4.688757421875000000e+04
8.380826171875000000e+03
2.743776875000000000e+05
1.052441162109375000e+03
6.931796875000000000e+04
1.368468945312500000e+04
2.973678250000000000e+06
3.755714843750000000e+04
3.220842382812500000e+04
1.226684921875000000e+05
3.492327000000000000e+06
4.529720500000000000e+06
9.409780468750000000e+04
2.209734000000000000e+06
3.478307861328125000e+03
5.531757812500000000e+04
1.185391200000000000e+08
4.578556250000000000e+05
7.572685625000000000e+05
1.245767265625000000e+05
5.984382000000000000e+06
1.247233500000000000e+07
9.306538125000000000e+05
4.985913600000000000e+07
2.330693359375000000e+04
7.522882500000000000e+05
1.772723593750000000e+05
2.850457500000000000e+06
1.786888192000000000e+09
1.331733400000000000e+07
3.893105000000000000e+05
7.006766400000000000e+07
5.132156738281250000e+03
4.870060546875000000e+03
3.697899902343750000e+03
6.667369375000000000e+05
3.029909500000000000e+06
3.273137250000000000e+06
1.694581406250000000e+05
1.430101718750000000e+05
7.520013125000000000e+05
1.455513378906250000e+04
1.569092125000000000e+06
1.634438964843750000e+04
6.953613281250000000e+04
2.896070400000000000e+08
9.317168750000000000e+05
4.100878125000000000e+04
8.436971200000000000e+07
4.372293437500000000e+05
2.244659375000000000e+05
5.788006000000000000e+06
1.440552734375000000e+04
1.019613671875000000e+05
2.209955625000000000e+05
4.048215296000000000e+09
1.939365375000000000e+06
1.673813671875000000e+04
1.457462625000000000e+06
2.494598437500000000e+05
1.929013600000000000e+07
1.323524000000000000e+07
2.599914500000000000e+06
7.840406250000000000e+04
9.210495000000000000e+06
9.080278125000000000e+04
1.057526855468750000e+04
1.278752128000000000e+09
6.986944375000000000e+05
1.017601953125000000e+05
7.691221875000000000e+04
5.169668437500000000e+05
2.110502343750000000e+05
2.612916992187500000e+03
2.825310000000000000e+05
1.117976171875000000e+05
2.568028320312500000e+03
2.315448750000000000e+05
1.980729687500000000e+05
2.401012939453125000e+03
2.670103750000000000e+05
7.589929375000000000e+05
7.619053955078125000e+02
1.049054125000000000e+06
9.300330078125000000e+03
2.329235351562500000e+04
8.203156000000000000e+06
1.081023925781250000e+04
3.710839843750000000e+04
1.073140000000000000e+05
2.039845156250000000e+05
9.918812500000000000e+04
2.221325976562500000e+04
2.011805250000000000e+06
6.022891250000000000e+05
1.960662109375000000e+04
2.667691500000000000e+06
5.708560937500000000e+04
5.275010625000000000e+05
1.042185937500000000e+05
9.107666250000000000e+05
2.321158984375000000e+04
4.973418437500000000e+05
1.046487656250000000e+05
6.463881250000000000e+04
9.765946093750000000e+04
3.690961750000000000e+06
4.484546562500000000e+05
3.430027734375000000e+04
4.422930312500000000e+05
1.471373875000000000e+06
4.085579296875000000e+04
4.568658593750000000e+04
1.009896437500000000e+06
1.827268000000000000e+06
4.396746250000000000e+05
5.678415625000000000e+05
2.200353000000000000e+06
2.618942187500000000e+04
1.122846972656250000e+04
1.627985000000000000e+05
1.174558300000000000e+07
2.678035742187500000e+04
1.222242812500000000e+05
3.672535000000000000e+05
1.641957343750000000e+05
4.720139648437500000e+03
4.572167968750000000e+03
3.030423750000000000e+06
3.109590937500000000e+05
2.827641796875000000e+04
3.039361500000000000e+06
5.458768554687500000e+03
4.385327636718750000e+03
5.062323828125000000e+04
7.822553710937500000e+02
3.973287500000000000e+06
1.603693281250000000e+05
1.701947343750000000e+05
6.415499267578125000e+02
5.654036132812500000e+03
1.694255615234375000e+03
6.432550000000000000e+05
5.050857238769531250e+02
2.834076904296875000e+03
1.611827343750000000e+04
3.257641500000000000e+06
1.995686721801757812e+01
3.906013488769531250e+02
6.945932031250000000e+04
5.643226928710937500e+02
1.302347460937500000e+04
3.000416875000000000e+05
1.493160552978515625e+02
3.308465087890625000e+03
5.424312109375000000e+04
1.674670654296875000e+03
1.381011230468750000e+03
6.389388671875000000e+03
1.562082910156250000e+04
1.564626660156250000e+04
2.312947250000000000e+06
1.736418533325195312e+01
1.406326660156250000e+04
5.150069531250000000e+04
3.051728210449218750e+02
1.556839625000000000e+06
1.325899218750000000e+05
4.916431884765625000e+02
1.191209082031250000e+04
5.350586000000000000e+06
4.529720500000000000e+06
4.893327500000000000e+06
1.300512968750000000e+05
4.268496562500000000e+05
4.643912187500000000e+05
8.379594726562500000e+03
1.348430125000000000e+06
1.782605625000000000e+05
3.934368750000000000e+04
3.575917120000000000e+08
2.941736800000000000e+07
7.325300000000000000e+05
1.060296080000000000e+08
2.187352000000000000e+06
1.673903375000000000e+06
7.056766400000000000e+07
1.299506406250000000e+05
1.266828359375000000e+05
4.584803750000000000e+05
2.228604723200000000e+10
2.717892000000000000e+07
1.745927375000000000e+06
1.685901600000000000e+07
4.157382750000000000e+06
4.244878720000000000e+08
6.042681640625000000e+04
1.816893750000000000e+04
1.013997558593750000e+04
3.228912187500000000e+05
2.009205500000000000e+06
2.196530273437500000e+04
1.111309570312500000e+04
2.907839687500000000e+05
8.210679687500000000e+04
5.413553710937500000e+03
7.272867187500000000e+04
8.822021000000000000e+06
1.817697031250000000e+05
4.955656250000000000e+04
1.161467800000000000e+07
1.752212109375000000e+04
2.261310400000000000e+07
4.529720500000000000e+06
3.848170703125000000e+04
1.343725500000000000e+07
3.008638085937500000e+04
2.243318164062500000e+04
2.090877696000000000e+09
2.629825937500000000e+05
2.249442187500000000e+05
2.019388125000000000e+05
1.127027250000000000e+06
1.005874750000000000e+06
1.329103000000000000e+06
3.694472656250000000e+03
5.467696000000000000e+06
3.573102734375000000e+04
6.928466406250000000e+04
1.753046800000000000e+07
1.028340078125000000e+05
1.328216562500000000e+05
3.036558125000000000e+05
8.943431250000000000e+05
2.968437500000000000e+05
1.911684570312500000e+04
1.314057343750000000e+05
2.063450976562500000e+04
3.863446500000000000e+06
4.529720500000000000e+06
3.627992187500000000e+04
2.312947250000000000e+06
1.041837109375000000e+04
2.085576367187500000e+04
1.679665920000000000e+08
1.055033359375000000e+05
2.164870625000000000e+05
4.969926562500000000e+04
3.462090000000000000e+05
4.187318359375000000e+03
6.581616406250000000e+04
3.560167578125000000e+04
2.610426757812500000e+04
1.515354492187500000e+04
1.543833496093750000e+03
1.245176953125000000e+05
1.251945019531250000e+04
2.167926171875000000e+04
3.801219787597656250e+02
2.015284179687500000e+03
6.502561718750000000e+04
5.519866875000000000e+05
2.794649414062500000e+04
1.174558300000000000e+07
4.893327500000000000e+06
2.595912695312500000e+04
9.210495000000000000e+06
1.249991953125000000e+05
1.015369824218750000e+04
3.437443840000000000e+08
3.766786562500000000e+05
8.907807812500000000e+04
1.682590625000000000e+05
1.639380312500000000e+05
2.118417343750000000e+05
1.695732226562500000e+04
6.875898437500000000e+04
1.916480500000000000e+06
2.423086132812500000e+04
2.134658203125000000e+04
1.026115390625000000e+05
3.107284960937500000e+04
2.943487695312500000e+04
2.350913906250000000e+05
1.211926406250000000e+05
1.695732226562500000e+04
6.875898437500000000e+04
1.916480500000000000e+06
1.371414062500000000e+04
5.991329101562500000e+03
1.284159453125000000e+05
1.566999875000000000e+06
2.943487695312500000e+04
2.350913906250000000e+05
5.883833496093750000e+03
1.211926406250000000e+05
6.576201660156250000e+03
8.839741406250000000e+04
3.288090937500000000e+05
5.991329101562500000e+03
1.284159453125000000e+05
6.588597412109375000e+02
1.566999875000000000e+06
2.895365039062500000e+04
1.158779218750000000e+05
2.122297500000000000e+05
3.288090937500000000e+05
2.078980468750000000e+03
2.717622070312500000e+04
3.746249609375000000e+04
2.122297500000000000e+05
3.082551757812500000e+03
1.179715039062500000e+04
1.573890156250000000e+05
2.350511328125000000e+04
4.309430078125000000e+04
1.709110937500000000e+04
7.762153125000000000e+04
1.790936406250000000e+05
7.579073437500000000e+04
9.140802343750000000e+04
1.127367968750000000e+05
9.245867187500000000e+03
2.672183007812500000e+04
3.344170625000000000e+05
1.019667187500000000e+05
1.352972656250000000e+05
3.137833007812500000e+04
4.870060546875000000e+03
1.301669531250000000e+04
3.671032812500000000e+05
3.727336328125000000e+04
1.953098375000000000e+06
1.904338281250000000e+04
9.782425781250000000e+04
1.658868400000000000e+07
2.373599624633789062e+01
4.382541796875000000e+04
1.334513244628906250e+02
3.662792578125000000e+04
1.876097625000000000e+06
1.134920250000000000e+06
4.657829284667968750e+01
7.812916406250000000e+04
4.267175390625000000e+04
1.815363437500000000e+05
7.228942871093750000e+01
5.429271500000000000e+06
1.438996276855468750e+02
3.863385314941406250e+02
7.620523437500000000e+04
3.672586718750000000e+04
1.021853637695312500e+02
1.149030000000000000e+06
4.016358337402343750e+02
3.006532287597656250e+02
8.615623750000000000e+05
2.730456237792968750e+02
8.284874877929687500e+02
5.630423583984375000e+02
5.365106250000000000e+05
6.940802612304687500e+02
3.499898986816406250e+02
4.328689270019531250e+02
2.056651611328125000e+03
1.809819702148437500e+03
1.328370849609375000e+03
2.231939257812500000e+04
1.849141250000000000e+05
8.729810625000000000e+05
4.935940234375000000e+04
3.034563437500000000e+05
1.569092125000000000e+06
6.014609985351562500e+02
2.195004882812500000e+03
5.310882812500000000e+03
1.849141250000000000e+05
8.729810625000000000e+05
2.113707200000000000e+07
1.569092125000000000e+06
2.195004882812500000e+03
5.310882812500000000e+03
7.915099218750000000e+04
2.113707200000000000e+07
7.915099218750000000e+04
3.631501250000000000e+06
3.352448046875000000e+04
4.532369140625000000e+04
8.973701562500000000e+04
3.279287109375000000e+04
2.521093125000000000e+05
1.204284140625000000e+05
1.119690937500000000e+05
9.017160937500000000e+04
2.232162890625000000e+04
1.327990937500000000e+05
4.144607421875000000e+04
2.521672656250000000e+04
3.881068437500000000e+05
3.329284375000000000e+04
5.545256250000000000e+05
1.795237109375000000e+04
4.028167968750000000e+04
5.774723828125000000e+04
3.303454296875000000e+04
5.624025625000000000e+05
1.018304687500000000e+05
5.502209375000000000e+04
1.004796328125000000e+05
5.103456500000000000e+06
4.529720500000000000e+06
3.935322265625000000e+04
1.981907031250000000e+05
4.999332031250000000e+03
4.660821875000000000e+04
3.601565120000000000e+08
4.937030937500000000e+05
7.789677500000000000e+05
2.708302539062500000e+04
2.424181200000000000e+07
1.007873937500000000e+06
4.893327500000000000e+06
2.647621875000000000e+04
9.776830468750000000e+04
1.804557617187500000e+03
2.746833740234375000e+03
4.133097600000000000e+07
1.089955468750000000e+05
1.799960312500000000e+05
3.094006103515625000e+03
7.907520000000000000e+05
2.340938476562500000e+04
5.132550390625000000e+04
1.120272216796875000e+03
5.748792968750000000e+04
3.024796630859375000e+03
3.960581359863281250e+02
9.062834930419921875e+01
6.772443750000000000e+05
2.530719531250000000e+04
1.541947851562500000e+04
3.039361500000000000e+06
4.806170654296875000e+02
7.013868713378906250e+01
2.413186035156250000e+02
8.116278076171875000e+01
1.773947875000000000e+06
9.903481250000000000e+04
7.563505468750000000e+04
6.808708190917968750e+01
4.005062255859375000e+02
8.386841583251953125e+01
4.585390312500000000e+05
9.554259490966796875e+01
5.341262695312500000e+03
9.103585156250000000e+04
4.545277343750000000e+04
5.728778125000000000e+04
1.052322625000000000e+06
6.382236250000000000e+05
3.430467529296875000e+03
3.653634375000000000e+04
6.036824375000000000e+05
3.755845937500000000e+05
9.406478906250000000e+04
1.081636900000000000e+07
2.691963085937500000e+04
2.585794335937500000e+04
7.529521875000000000e+04
1.267304453125000000e+05
4.306464062500000000e+04
3.437195800781250000e+03
1.857263281250000000e+04
1.063128417968750000e+04
1.134700703125000000e+05
2.542423400878906250e+02
1.513720458984375000e+03
7.343080625000000000e+05
4.603500976562500000e+02
3.812776171875000000e+04
2.272221093750000000e+04
2.692027539062500000e+04
4.182659765625000000e+04
7.699403808593750000e+03
2.108697070312500000e+04
6.783677246093750000e+03
2.282663574218750000e+03
3.373018359375000000e+04
1.163498800000000000e+07
1.377340156250000000e+05
1.213808349609375000e+03
1.159743457031250000e+04
7.005171500000000000e+06
9.015947265625000000e+03
3.105191650390625000e+02
4.874750390625000000e+04
3.349057421875000000e+04
1.306944500000000000e+06
8.383308715820312500e+02
3.034563437500000000e+05
6.494727734375000000e+04
1.410200042724609375e+02
2.527672004699707031e+01
1.272689941406250000e+03
3.349057421875000000e+04
1.306944500000000000e+06
6.263162500000000000e+05
6.494727734375000000e+04
2.527672004699707031e+01
1.272689941406250000e+03
2.498704528808593750e+02
6.263162500000000000e+05
2.498704528808593750e+02
9.987688281250000000e+04
1.296289400000000000e+07
4.529720500000000000e+06
6.521147460937500000e+03
6.423690000000000000e+07
4.969148828125000000e+04
1.867907617187500000e+04
2.921019392000000000e+09
4.246328125000000000e+05
2.004896093750000000e+05
1.088194250000000000e+06
8.543691000000000000e+06
2.892436750000000000e+06
1.174558300000000000e+07
4.893327500000000000e+06
1.509894062500000000e+05
2.766098250000000000e+06
2.071901093750000000e+05
6.875668750000000000e+04
9.210495000000000000e+06
1.752556750000000000e+06
4.732583007812500000e+03
3.378464512000000000e+09
4.828837200000000000e+07
2.802283000000000000e+06
3.437443840000000000e+08
1.190926800000000000e+07
4.879841000000000000e+06
2.004049120000000000e+08
2.787734500000000000e+06
2.056614531250000000e+05
9.384296000000000000e+06
4.670226841600000000e+10
3.367097088000000000e+09
4.650761600000000000e+07
3.365092800000000000e+08
1.978039520000000000e+08
4.357275238400000000e+10
5.514660156250000000e+04
1.889703002929687500e+03
2.089427032470703125e+02
1.046018554687500000e+03
2.585836406250000000e+05
1.107051660156250000e+04
5.749266601562500000e+03
1.684619335937500000e+04
3.076165250000000000e+06
9.107666250000000000e+05
8.572075781250000000e+04
1.031998750000000000e+05
1.284039375000000000e+06
8.521520000000000000e+05
2.109385625000000000e+05
9.453960625000000000e+05
2.452518400000000000e+07
1.162645781250000000e+05
1.370327600000000000e+07
3.589192968750000000e+04
3.373226750000000000e+06
6.938311718750000000e+04
1.438818875000000000e+06
1.228432384000000000e+09
1.121289500000000000e+06
1.194969375000000000e+05
1.072904400000000000e+07
2.609993000000000000e+06
1.914341375000000000e+06
2.004838500976562500e+03
2.442116250000000000e+06
1.448145156250000000e+05
3.340297851562500000e+02
4.515126419067382812e+01
2.217754843750000000e+05
1.352986523437500000e+04
1.755463745117187500e+03
2.130441500000000000e+06
2.974828186035156250e+02
1.261726562500000000e+04
1.395459062500000000e+05
1.348635875000000000e+06
4.872783203125000000e+03
1.298019750000000000e+06
8.628786132812500000e+03
3.034563437500000000e+05
9.236920000000000000e+06
1.395459062500000000e+05
1.348635875000000000e+06
1.298019750000000000e+06
9.236920000000000000e+06
7.271528906250000000e+04
2.218535546875000000e+04
6.037884375000000000e+05
1.953098375000000000e+06
1.715890625000000000e+04
9.624270312500000000e+04
8.879901562500000000e+04
1.889345468750000000e+05
2.350913906250000000e+05
3.192581875000000000e+05
2.592308007812500000e+04
1.876456250000000000e+05
4.742519687500000000e+05
3.764206640625000000e+04
3.328294062500000000e+05
4.445794500000000000e+06
7.186537500000000000e+04
2.380359843750000000e+05
4.698810312500000000e+05
8.829717500000000000e+05
2.930080078125000000e+04
1.862508750000000000e+05
3.473262000000000000e+06
1.137802875000000000e+06
4.751465312500000000e+05
5.563255625000000000e+05
1.452404394531250000e+04
6.883320800781250000e+03
1.861054296875000000e+04
2.069657656250000000e+05
1.093012656250000000e+05
2.671173828125000000e+04
1.088533203125000000e+04
3.474911250000000000e+05
3.659793359375000000e+04
2.922945625000000000e+05
8.917720000000000000e+05
4.211929296875000000e+04
5.511457812500000000e+04
7.618487500000000000e+05
1.272845781250000000e+05
1.658409062500000000e+05
6.515138125000000000e+05
3.915378173828125000e+03
7.878638183593750000e+03
6.621000000000000000e+06
4.024830859375000000e+04
1.597034301757812500e+03
4.457266562500000000e+05
2.049603125000000000e+05
2.392939648437500000e+04
1.174558300000000000e+07
1.323860549926757812e+01
3.036112187500000000e+05
6.698359375000000000e+04
7.207963562011718750e+01
6.092515625000000000e+05
1.752406375000000000e+06
2.110457897186279297e+00
6.726959228515625000e+00
4.770864868164062500e+02
2.429935455322265625e+02
2.475614720000000000e+08
1.239530700000000000e+07
8.928616523742675781e+00
1.088369655609130859e+01
3.759013437500000000e+05
7.748866271972656250e+01
6.269385147094726562e+01
4.381648125000000000e+05
1.784720420837402344e+00
2.717841186523437500e+02
2.009214019775390625e+02
2.045591520000000000e+08
8.242734909057617188e+00
7.057775878906250000e+01
2.641475524902343750e+02
1.544757812500000000e+04
6.811098750000000000e+05
4.776976875000000000e+05
1.467791718750000000e+05
2.833678222656250000e+03
1.532392285156250000e+04
1.905537963867187500e+03
1.262257446289062500e+03
6.941958593750000000e+04
5.131091796875000000e+04
1.953843625000000000e+06
3.100113037109375000e+03
1.286825937500000000e+05
1.513650750000000000e+06
3.048150781250000000e+04
8.343289843750000000e+04
3.032119062500000000e+05
1.108050878906250000e+04
4.781302500000000000e+05
1.734420156250000000e+05
2.712958398437500000e+04
6.345497656250000000e+04
4.476352734375000000e+04
1.293635312500000000e+05
2.483746337890625000e+03
1.287475125000000000e+06
7.100163281250000000e+04
1.513650750000000000e+06
8.909685937500000000e+04
2.706097656250000000e+04
6.002328613281250000e+03
5.498341875000000000e+05
2.661980625000000000e+05
1.734420156250000000e+05
4.913217500000000000e+05
4.651053515625000000e+04
1.293635312500000000e+05
1.287475125000000000e+06
5.270983125000000000e+05
1.078742656250000000e+05
2.706097656250000000e+04
5.498341875000000000e+05
4.913217500000000000e+05
5.270983125000000000e+05
7.990945312500000000e+04
4.848609375000000000e+04
4.137666015625000000e+03
4.986666796875000000e+04
2.691651750000000000e+06
1.458943359375000000e+04
1.151215234375000000e+05
1.300236406250000000e+05
5.625359375000000000e+04
2.617967750000000000e+06
5.068883984375000000e+04
1.031560937500000000e+04
1.049336375000000000e+06
8.655409179687500000e+03
6.738577343750000000e+04
6.330636875000000000e+05
9.476422851562500000e+03
8.343289843750000000e+04
7.053991406250000000e+04
9.135985351562500000e+03
1.918895625000000000e+05
6.965832812500000000e+04
6.624298339843750000e+03
4.382454296875000000e+04
1.808158984375000000e+04
9.032946093750000000e+04
1.882376586914062500e+03
1.811584125000000000e+06
5.890925000000000000e+04
8.438902343750000000e+04
1.528989160156250000e+04
7.254166503906250000e+03
1.598139770507812500e+03
1.786475781250000000e+05
4.886358593750000000e+04
1.301061328125000000e+04
1.053230250000000000e+06
2.229558789062500000e+04
1.407898046875000000e+04
5.426821250000000000e+05
6.495638281250000000e+04
5.880282226562500000e+03
2.689724609375000000e+03
4.123880468750000000e+04
2.560660312500000000e+05
1.539169433593750000e+04
2.649218164062500000e+04
1.689450976562500000e+04
1.560506750000000000e+06
1.917400000000000000e+06
8.953006835937500000e+03
3.045810000000000000e+05
4.559178515625000000e+04
5.275010625000000000e+05
2.350913906250000000e+05
3.039361500000000000e+06
4.454967285156250000e+03
4.584524375000000000e+05
1.667680781250000000e+05
4.947571875000000000e+04
1.279881484375000000e+05
1.186804400000000000e+07
1.222095859375000000e+05
6.986524218750000000e+04
7.918107500000000000e+05
3.673870000000000000e+06
1.847499023437500000e+04
2.127846875000000000e+04
2.453812250000000000e+06
1.491479125000000000e+06
1.190939000000000000e+06
3.571658437500000000e+05
1.174558300000000000e+07
4.529720500000000000e+06
2.856376250000000000e+05
1.528676093750000000e+05
4.765956800000000000e+07
1.516908000000000000e+06
1.705317000000000000e+06
6.278050000000000000e+04
3.034563437500000000e+05
8.271409912109375000e+02
2.033064064000000000e+09
1.500519840000000000e+08
1.174558300000000000e+07
1.124304200000000000e+07
4.529720500000000000e+06
2.856376250000000000e+05
1.457483360000000000e+08
4.765956800000000000e+07
1.516908000000000000e+06
6.278050000000000000e+04
4.343501209600000000e+10
2.033064064000000000e+09
1.500519840000000000e+08
1.124304200000000000e+07
1.457483360000000000e+08
4.343501209600000000e+10
2.980455859375000000e+04
2.084478906250000000e+04
1.916334375000000000e+06
1.918050781250000000e+04
1.461580000000000000e+05
3.244715250000000000e+06
5.017522265625000000e+04
8.343289843750000000e+04
3.008890312500000000e+05
4.719162597656250000e+03
3.509266562500000000e+05
3.498323125000000000e+05
1.123981640625000000e+04
1.017822109375000000e+05
1.295553906250000000e+05
5.297899375000000000e+05
1.329985351562500000e+04
1.009990812500000000e+06
5.573023828125000000e+04
3.203541250000000000e+06
4.312349218750000000e+04
4.129555078125000000e+04
3.072313281250000000e+04
1.139951484375000000e+05
7.224835156250000000e+04
3.136602187500000000e+05
1.909300125000000000e+06
1.861924531250000000e+05
4.930124062500000000e+05
1.001089812500000000e+06
1.193695250000000000e+06
2.137002187500000000e+05
3.997589843750000000e+04
1.033993671875000000e+05
1.884664250000000000e+06
1.176546625000000000e+06
4.301521875000000000e+04
7.669277343750000000e+04
4.416136328125000000e+04
9.228455468750000000e+04
1.332156152343750000e+04
1.634898925781250000e+04
3.528673339843750000e+03
8.986603515625000000e+03
2.512016562500000000e+05
1.331760468750000000e+05
1.485315875000000000e+06
1.893864531250000000e+05
2.393447500000000000e+06
9.511716406250000000e+04
2.132612500000000000e+06
1.872378906250000000e+04
2.009205500000000000e+06
1.145163281250000000e+05
3.511908125000000000e+05
9.402532812500000000e+04
8.677365625000000000e+04
5.467001464843750000e+03
4.322944500000000000e+06
1.214164125000000000e+06
2.217378000000000000e+07
9.002185156250000000e+04
2.802168000000000000e+06
6.726802343750000000e+04
9.856388281250000000e+04
1.380969375000000000e+06
7.625188000000000000e+06
4.324845312500000000e+04
2.499737812500000000e+05
2.283986132812500000e+04
3.527895507812500000e+03
3.662929600000000000e+07
3.103481875000000000e+05
1.104453125000000000e+06
2.638719375000000000e+05
1.546453500000000000e+07
1.810018281250000000e+05
2.038336093750000000e+05
2.858639648437500000e+04
2.383727500000000000e+06
1.441305875000000000e+06
1.137820250000000000e+06
7.103770019531250000e+03
7.292720625000000000e+05
3.245801367187500000e+04
2.402249250000000000e+06
7.332047851562500000e+03
1.974829296875000000e+04
7.656296250000000000e+05
1.035466308593750000e+04
4.063390312500000000e+05
2.256097968750000000e+05
5.307800000000000000e+04
2.218535546875000000e+04
1.955486000000000000e+06
1.397784790039062500e+03
4.578098632812500000e+03
3.222993125000000000e+05
1.027378906250000000e+03
5.275010625000000000e+05
5.527949707031250000e+03
4.456026562500000000e+04
1.104877636718750000e+04
4.689780625000000000e+05
1.012110107421875000e+03
6.442378515625000000e+04
5.160170898437500000e+03
2.323482968750000000e+05
1.093474609375000000e+05
7.157929687500000000e+03
2.589350390625000000e+04
9.384168750000000000e+04
2.120349414062500000e+04
5.034024902343750000e+03
1.337182031250000000e+05
1.158108671875000000e+05
6.423384765625000000e+04
5.567844140625000000e+04
5.422165625000000000e+04
1.233179589843750000e+04
1.485315875000000000e+06
1.484140781250000000e+05
2.183272070312500000e+04
2.722460625000000000e+05
1.566740781250000000e+05
3.510546142578125000e+03
2.027684218750000000e+05
2.395015039062500000e+04
7.177681250000000000e+04
2.261789257812500000e+04
5.027693125000000000e+05
5.789822265625000000e+04
4.870233593750000000e+04
5.034865234375000000e+03
3.260840039062500000e+04
4.026120312500000000e+04
3.475197265625000000e+04
1.619593437500000000e+05
7.178536718750000000e+04
5.498064453125000000e+03
1.931079101562500000e+04
2.229707421875000000e+04
5.877855078125000000e+04
1.263490600585937500e+03
4.370765625000000000e+03
4.670788437500000000e+05
3.327351318359375000e+03
1.934951093750000000e+05
3.585119384765625000e+03
1.294637250000000000e+06
6.954071875000000000e+04
1.007785546875000000e+04
6.313458000000000000e+07
2.375703125000000000e+04
1.306974609375000000e+05
8.187472500000000000e+05
5.248881250000000000e+05
2.345261000000000000e+06
6.202410937500000000e+04
1.237355957031250000e+04
8.324350781250000000e+04
2.109845703125000000e+04
1.268731406250000000e+05
4.502342987060546875e+01
1.417596069335937500e+03
2.706705312500000000e+05
4.158119921875000000e+04
1.813618359375000000e+04
1.348430125000000000e+06
3.080522851562500000e+04
1.351474218750000000e+05
4.320311875000000000e+05
1.323524000000000000e+07
2.442116250000000000e+06
2.599914500000000000e+06
2.825746679687500000e+04
4.765956800000000000e+07
9.210495000000000000e+06
1.041489531250000000e+05
1.348430125000000000e+06
5.015527343750000000e+04
9.053836914062500000e+03
1.237608960000000000e+09
1.278752128000000000e+09
3.726870000000000000e+05
1.013394880000000000e+08
6.499418359375000000e+04
5.249824609375000000e+04
1.972769408000000000e+09
4.591130625000000000e+05
6.448180468750000000e+04
3.933220703125000000e+04
7.200489472000000000e+10
1.394737000000000000e+06
1.004753125000000000e+05
2.018242656250000000e+05
2.638273750000000000e+05
1.166985625000000000e+06
2.564174687500000000e+05
5.091136718750000000e+04
6.790464843750000000e+04
3.419266015625000000e+04
6.474882500000000000e+06
6.199920703125000000e+04
1.495979980468750000e+04
2.141820117187500000e+04
1.854803000000000000e+06
4.916471484375000000e+04
1.002893937500000000e+06
2.298550585937500000e+04
3.107145898437500000e+04
1.953098375000000000e+06
3.448500488281250000e+03
2.235079296875000000e+04
2.115449531250000000e+05
3.980050292968750000e+03
2.821639687500000000e+05
2.105149218750000000e+05
3.457092187500000000e+04
3.910040234375000000e+04
3.088632250000000000e+06
4.529720500000000000e+06
5.302639062500000000e+04
2.043755625000000000e+06
3.661605078125000000e+04
5.209803906250000000e+04
8.433754400000000000e+07
1.775483281250000000e+05
1.746570312500000000e+05
1.132964140625000000e+05
6.050369375000000000e+05
5.012242187500000000e+04
3.674163281250000000e+04
9.317564453125000000e+03
7.830617187500000000e+03
1.995922187500000000e+05
4.529720500000000000e+06
5.822559375000000000e+04
8.519012500000000000e+04
1.634788055419921875e+02
7.065348437500000000e+04
8.051354000000000000e+06
6.904388671875000000e+03
2.467694843750000000e+05
1.191093261718750000e+04
6.825876562500000000e+04
3.235229500000000000e+06
1.705317000000000000e+06
2.889982812500000000e+04
3.235229500000000000e+06
5.956936500000000000e+06
3.838896875000000000e+04
8.343289843750000000e+04
8.934275781250000000e+04
3.857315673828125000e+03
3.459008203125000000e+04
1.763385620117187500e+03
7.684256250000000000e+04
1.675746679687500000e+04
2.238381445312500000e+04
6.495999511718750000e+03
6.997740625000000000e+05
5.062638437500000000e+05
4.137964453125000000e+04
3.098428125000000000e+05
5.580134375000000000e+04
1.044811916351318359e+01
2.510452636718750000e+03
5.042954800000000000e+07
2.656627000000000000e+06
1.750288085937500000e+04
1.745906000000000000e+07
5.924227343750000000e+04
2.103348242187500000e+04
9.071970304000000000e+09
4.720090000000000000e+05
5.589985000000000000e+05
1.544297125000000000e+06
1.529963200000000000e+08
3.779151953125000000e+04
1.916334375000000000e+06
5.684673046875000000e+04
8.594389062500000000e+04
2.310617812500000000e+05
6.679393750000000000e+04
1.182800156250000000e+05
2.131976093750000000e+05
1.669560156250000000e+04
5.407932500000000000e+05
1.007884216308593750e+03
1.768311562500000000e+05
4.408580566406250000e+03
7.395216796875000000e+03
3.987590625000000000e+04
2.609639648437500000e+03
4.143512500000000000e+04
2.426673046875000000e+04
2.904167773437500000e+04
1.261860900000000000e+07
5.077816015625000000e+04
3.485194531250000000e+04
6.332306640625000000e+04
1.795727031250000000e+05
5.115310156250000000e+04
1.890101953125000000e+04
2.739960937500000000e+03
2.467775390625000000e+04
4.130193359375000000e+03
7.767973022460937500e+02
1.522794555664062500e+03
9.528423000000000000e+06
2.442116250000000000e+06
3.588200390625000000e+04
2.312947250000000000e+06
1.897197656250000000e+04
6.965759375000000000e+04
1.369165760000000000e+08
6.015991250000000000e+05
1.897943593750000000e+05
3.092518125000000000e+05
3.111087750000000000e+06
5.968206875000000000e+05
1.952765200000000000e+07
2.442116250000000000e+06
5.237228125000000000e+04
4.643315734863281250e+02
4.957337500000000000e+05
6.330636875000000000e+05
4.573934082031250000e+03
1.346586400000000000e+07
5.059292578125000000e+04
4.914122656250000000e+04
1.411414672851562500e+03
7.340314880000000000e+08
5.640203750000000000e+05
2.063014257812500000e+04
1.279903872000000000e+09
2.077536500000000000e+06
3.279960625000000000e+05
4.439974609375000000e+03
1.888260131835937500e+03
5.431266403198242188e+01
2.297082800000000000e+07
3.797107421875000000e+04
1.167353281250000000e+05
1.271597375000000000e+06
5.248505625000000000e+05
6.531306152343750000e+03
3.714190063476562500e+02
1.853787340800000000e+10
8.397512000000000000e+06
1.951238085937500000e+04
4.173298800000000000e+07
1.065109531250000000e+05
9.993392333984375000e+02
4.421328430175781250e+02
9.238413125000000000e+05
4.839680400000000000e+07
7.402195312500000000e+04
9.305125122070312500e+02
1.695014240000000000e+08
2.109332812500000000e+04
2.007816500000000000e+06
7.636812500000000000e+04
7.355399218750000000e+04
2.198454296875000000e+04
2.582492750000000000e+06
2.181534375000000000e+04
3.610840820312500000e+03
1.290986796875000000e+05
7.582680468750000000e+04
6.521185546875000000e+03
1.375204492187500000e+04
4.060230468750000000e+03
7.003212890625000000e+03
7.943970947265625000e+02
7.369744531250000000e+04
2.218535546875000000e+04
1.146310742187500000e+04
8.627904296875000000e+03
7.638558959960937500e+02
1.905777099609375000e+03
4.472614843750000000e+04
3.774553710937500000e+03
5.735289062500000000e+03
2.911910888671875000e+03
4.326814941406250000e+03
1.858090625000000000e+04
3.082785546875000000e+04
1.974332275390625000e+03
6.186595703125000000e+03
3.881150781250000000e+04
2.084478906250000000e+04
2.782227539062500000e+03
2.348131640625000000e+04
3.198995605468750000e+03
2.960619140625000000e+04
2.275903564453125000e+03
7.010243652343750000e+03
1.086894375000000000e+05
2.750352500000000000e+05
2.290604687500000000e+04
2.076068554687500000e+04
6.931558593750000000e+04
1.067207343750000000e+05
4.582692187500000000e+04
4.328913671875000000e+04
2.542270703125000000e+04
7.639865112304687500e+02
9.536966705322265625e+01
1.245874218750000000e+05
1.107373632812500000e+04
1.416892700195312500e+03
5.581706542968750000e+03
9.326961000000000000e+06
5.875599375000000000e+05
1.395157800000000000e+07
4.607230957031250000e+03
1.294637250000000000e+06
3.034563437500000000e+05
9.326961000000000000e+06
1.719692544000000000e+09
1.395157800000000000e+07
1.294637250000000000e+06
1.719692544000000000e+09
2.598979750000000000e+06
2.446454250000000000e+06
9.834341406250000000e+04
1.270302875000000000e+06
3.225462402343750000e+03
1.787334687500000000e+05
1.004963920000000000e+08
2.615245250000000000e+06
2.093649125000000000e+06
9.108526250000000000e+05
1.141970800000000000e+08
4.893327500000000000e+06
4.529720500000000000e+06
5.674886230468750000e+03
1.348430125000000000e+06
9.689781188964843750e+01
7.881494628906250000e+03
1.060296080000000000e+08
4.450817871093750000e+03
6.828150000000000000e+04
2.345011230468750000e+03
5.084575781250000000e+04
2.594680000000000000e+05
6.208334765625000000e+04
4.687954101562500000e+03
1.577178613281250000e+04
5.553530859375000000e+04
7.748889375000000000e+05
6.548335937500000000e+03
6.938748437500000000e+04
5.236311562500000000e+05
8.166065917968750000e+03
6.933442968750000000e+04
9.437982812500000000e+04
1.027431484375000000e+05
1.880038750000000000e+05
4.673159375000000000e+04
2.030338623046875000e+03
4.220345458984375000e+02
2.970015869140625000e+03
3.481339375000000000e+05
1.348430125000000000e+06
4.870060546875000000e+03
8.578341000000000000e+06
1.062720156250000000e+05
3.034563437500000000e+05
9.415079000000000000e+06
3.481339375000000000e+05
1.348430125000000000e+06
8.578341000000000000e+06
9.415079000000000000e+06
4.945528400000000000e+07
2.518495468750000000e+05
9.649849218750000000e+04
3.072702500000000000e+06
1.236572189331054688e+02
5.005248828125000000e+04
5.512889648437500000e+03
2.057089531250000000e+05
3.564111709594726562e+01
1.572421972656250000e+04
2.393447500000000000e+06
8.224647521972656250e+01
5.062638437500000000e+05
5.106256866455078125e+01
5.209596557617187500e+02
3.195872070312500000e+03
6.296704296875000000e+04
7.083810424804687500e+01
1.799630859375000000e+04
1.179806518554687500e+01
2.243245361328125000e+03
8.011250000000000000e+04
4.741288375854492188e+01
4.352348632812500000e+02
3.101545410156250000e+02
7.437835937500000000e+03
8.672736167907714844e+00
1.310493896484375000e+03
5.128757324218750000e+02
2.105904083251953125e+02
3.035998535156250000e+02
7.159678125000000000e+05
5.218519042968750000e+03
5.759642578125000000e+04
2.134658203125000000e+04
6.299118359375000000e+04
6.135445800781250000e+03
6.970100000000000000e+05
5.880055625000000000e+05
1.340372300000000000e+07
1.864534454345703125e+02
3.362656640625000000e+04
3.034563437500000000e+05
6.970100000000000000e+05
5.494242400000000000e+07
1.340372300000000000e+07
3.362656640625000000e+04
5.494242400000000000e+07
6.870878000000000000e+06
1.595967031250000000e+05
6.364959765625000000e+04
1.933955875000000000e+06
5.881817016601562500e+02
2.088912353515625000e+03
7.720718383789062500e+02
1.102959800000000000e+07
5.966218359375000000e+04
2.903353710937500000e+04
1.799026562500000000e+05
2.391482800000000000e+07
8.006567968750000000e+04
1.595967031250000000e+05
5.849768750000000000e+05
7.670945312500000000e+04
1.413273010253906250e+02
1.217603280000000000e+08
5.312117500000000000e+06
2.979907421875000000e+04
4.827168750000000000e+04
2.002918750000000000e+06
2.303390468750000000e+05
3.239121875000000000e+04
2.987493554687500000e+04
1.904029492187500000e+04
1.359076757812500000e+04
1.959760468750000000e+05
6.220589843750000000e+03
1.923368554687500000e+04
3.368777500000000000e+06
6.018509375000000000e+04
4.510034667968750000e+03
1.101849140625000000e+05
1.500247949218750000e+04
8.230301875000000000e+05
7.018439375000000000e+05
4.318190625000000000e+05
2.617954843750000000e+05
3.345313250000000000e+06
7.516757812500000000e+04
8.774714062500000000e+04
8.030603000000000000e+06
3.795483000000000000e+06
1.288641000000000000e+06
1.675829687500000000e+04
5.076499375000000000e+05
1.265680541992187500e+03
1.968928593750000000e+05
5.809457519531250000e+03
1.114417382812500000e+04
3.841178515625000000e+04
3.111947753906250000e+03
5.424772656250000000e+04
2.997022265625000000e+04
3.131982031250000000e+04
5.516377500000000000e+05
3.543522216796875000e+03
6.125952734375000000e+04
4.928700781250000000e+04
3.107145898437500000e+04
2.060301757812500000e+03
3.041989013671875000e+03
1.280648281250000000e+05
1.916334375000000000e+06
7.064128906250000000e+04
3.571069375000000000e+05
5.673494531250000000e+04
4.736865312500000000e+05
9.104618750000000000e+04
7.089667968750000000e+04
2.927316250000000000e+06
4.529720500000000000e+06
1.281522968750000000e+05
7.349666250000000000e+05
2.658020507812500000e+03
6.928161718750000000e+04
1.256544160000000000e+08
1.441425312500000000e+05
4.514816875000000000e+05
8.244388281250000000e+04
3.582172500000000000e+06
8.320299500000000000e+06
2.280859250000000000e+06
3.351732031250000000e+04
2.133770000000000000e+06
1.779268945312500000e+04
5.588943359375000000e+04
1.000131840000000000e+08
5.980581875000000000e+05
1.623662187500000000e+05
2.719450625000000000e+05
2.554151750000000000e+06
1.056528500000000000e+07
3.599157250000000000e+06
1.467070937500000000e+05
1.342471375000000000e+06
3.934368750000000000e+04
1.784066562500000000e+05
2.796717440000000000e+08
1.578255625000000000e+06
5.457171875000000000e+05
4.578534062500000000e+05
1.973505200000000000e+07
2.159282421875000000e+04
3.738372656250000000e+04
5.869831054687500000e+03
2.969918457031250000e+03
5.795728125000000000e+04
1.634898925781250000e+04
1.893864531250000000e+05
5.456712402343750000e+03
1.970558593750000000e+04
2.296825156250000000e+05
1.601349707031250000e+04
1.590993359375000000e+04
1.408445468750000000e+05
3.850252343750000000e+04
3.387121484375000000e+04
2.050640234375000000e+04
6.267933984375000000e+04
5.071135500000000000e+06
3.865001562500000000e+04
2.106444091796875000e+03
1.523689687500000000e+05
1.672251562500000000e+05
1.415706542968750000e+04
3.566056750000000000e+06
2.433266406250000000e+04
3.343163750000000000e+06
3.840028750000000000e+05
1.592710449218750000e+04
4.656472265625000000e+04
3.654523046875000000e+04
3.460360937500000000e+04
5.394473046875000000e+04
2.481825781250000000e+04
1.592710449218750000e+04
4.656472265625000000e+04
2.520098046875000000e+04
2.736744335937500000e+04
2.099288330078125000e+03
3.307391406250000000e+04
2.481825781250000000e+04
2.736744335937500000e+04
2.099288330078125000e+03
3.307391406250000000e+04
1.721675585937500000e+04
1.721675585937500000e+04
3.911192578125000000e+04
8.999975585937500000e+03
1.732257968750000000e+05
2.529257421875000000e+04
1.408045312500000000e+05
1.485877300000000000e+07
5.375765500000000000e+06
2.580113867187500000e+04
4.765956800000000000e+07
8.473734375000000000e+04
1.021798242187500000e+04
3.668002304000000000e+09
2.577139000000000000e+06
7.639914375000000000e+05
3.056709250000000000e+06
8.845530400000000000e+07
5.045314843750000000e+04
2.218535546875000000e+04
1.955486000000000000e+06
2.678195937500000000e+05
3.403113671875000000e+04
4.982571250000000000e+05
7.565929687500000000e+04
5.275010625000000000e+05
2.296825156250000000e+05
2.009205500000000000e+06
4.347059375000000000e+04
3.711890625000000000e+05
1.279813203125000000e+05
6.442378515625000000e+04
2.259146875000000000e+05
4.401309500000000000e+06
4.347027187500000000e+05
6.965156250000000000e+04
9.083863750000000000e+05
9.388757500000000000e+05
3.732134765625000000e+04
1.855652812500000000e+05
2.053105125000000000e+06
1.379016500000000000e+06
3.084541875000000000e+05
7.572829375000000000e+05
1.318325156250000000e+05
3.345533593750000000e+04
1.916683007812500000e+04
2.093839453125000000e+04
8.545898437500000000e+03
3.857798437500000000e+04
6.348881640625000000e+04
7.714950683593750000e+03
1.175670000000000000e+07
3.439701750000000000e+06
2.058518125000000000e+05
1.529870468750000000e+05
3.374777200000000000e+07
7.307048125000000000e+05
1.705317000000000000e+06
8.081363281250000000e+04
2.289016406250000000e+05
1.052179336547851562e+02
1.730184448000000000e+09
1.086629280000000000e+08
1.175670000000000000e+07
7.120455000000000000e+06
3.439701750000000000e+06
2.058518125000000000e+05
2.133180000000000000e+07
3.374777200000000000e+07
7.307048125000000000e+05
8.081363281250000000e+04
2.301213081600000000e+10
1.730184448000000000e+09
1.086629280000000000e+08
7.120455000000000000e+06
2.133180000000000000e+07
2.301213081600000000e+10
7.173634375000000000e+05
3.515809250000000000e+06
4.943266000000000000e+06
1.528833593750000000e+05
1.903626562500000000e+05
5.741616015625000000e+04
3.587122656250000000e+04
4.044365625000000000e+05
4.587856640625000000e+04
4.870060546875000000e+03
1.975746000000000000e+07
3.012400000000000000e+07
7.173634375000000000e+05
4.336896800000000000e+07
3.515809250000000000e+06
4.943266000000000000e+06
9.414786250000000000e+05
1.903626562500000000e+05
5.741616015625000000e+04
4.044365625000000000e+05
8.747064000000000000e+07
1.975746000000000000e+07
3.012400000000000000e+07
4.336896800000000000e+07
9.414786250000000000e+05
8.747064000000000000e+07
1.107528198242187500e+03
2.647657421875000000e+04
2.076725769042968750e+02
8.054757031250000000e+04
1.250547656250000000e+05
4.915768359375000000e+04
9.455930468750000000e+04
4.587900390625000000e+04
7.864939843750000000e+04
8.538989257812500000e+03
1.761387109375000000e+04
8.342946875000000000e+05
2.869987109375000000e+04
1.063032343750000000e+05
8.342946875000000000e+05
1.973860156250000000e+05
9.423776367187500000e+03
1.485315875000000000e+06
3.400245703125000000e+04
1.864689257812500000e+04
2.166332750000000000e+06
6.296584375000000000e+04
9.423776367187500000e+03
1.485315875000000000e+06
3.369741796875000000e+04
6.791741406250000000e+04
2.701829101562500000e+03
1.705531718750000000e+05
6.296584375000000000e+04
6.791741406250000000e+04
2.701829101562500000e+03
1.705531718750000000e+05
1.449293750000000000e+04
1.449293750000000000e+04
2.056506718750000000e+05
3.971635156250000000e+04
5.389139938354492188e+01
4.967635742187500000e+03
2.107582000000000000e+06
2.759582500000000000e+05
9.589310546875000000e+03
7.647226250000000000e+05
7.506768554687500000e+03
3.034563437500000000e+05
1.010939280000000000e+08
2.107582000000000000e+06
2.759582500000000000e+05
7.647226250000000000e+05
1.010939280000000000e+08
5.249519531250000000e+04
1.273641400000000000e+07
4.240730000000000000e+06
2.647308984375000000e+04
5.423256400000000000e+07
1.495410312500000000e+05
2.036603320312500000e+04
2.463571456000000000e+09
2.414537250000000000e+06
8.910035000000000000e+05
4.764663000000000000e+06
9.084064000000000000e+07
8.609873657226562500e+02
1.209446777343750000e+04
1.417519531250000000e+04
2.114973500000000000e+06
4.307448577880859375e+01
1.869677343750000000e+04
1.388352734375000000e+04
6.284823226928710938e+01
1.007260036468505859e+01
2.981322998046875000e+03
3.538576049804687500e+02
2.425232812500000000e+05
2.142264375000000000e+05
2.466844726562500000e+03
2.367210388183593750e+00
5.508576049804687500e+02
6.163324356079101562e+01
7.206994628906250000e+03
2.171504020690917969e+01
9.210495000000000000e+06
3.109787304687500000e+04
4.660591600000000000e+07
6.108503417968750000e+02
1.332761125000000000e+06
1.898236328125000000e+04
3.173913867187500000e+04
1.963044224000000000e+09
5.431242500000000000e+05
1.130915234375000000e+04
5.827991250000000000e+05
8.355559375000000000e+05
5.606380625000000000e+05
1.121357200000000000e+07
2.352179492187500000e+04
9.307364375000000000e+05
3.034563437500000000e+05
8.355559375000000000e+05
4.109389600000000000e+07
1.121357200000000000e+07
9.307364375000000000e+05
4.109389600000000000e+07
2.076653076171875000e+03
3.517668750000000000e+04
2.031326446533203125e+02
1.775775875000000000e+06
6.930973144531250000e+03
6.129877441406250000e+03
6.747168750000000000e+04
1.992218400000000000e+07
6.501346093750000000e+04
2.432711718750000000e+04
7.414963750000000000e+05
2.517290800000000000e+07
4.676169140625000000e+04
1.132884140625000000e+05
1.429668000000000000e+06
3.281526855468750000e+03
9.062834930419921875e+01
2.942154492187500000e+04
1.985859179687500000e+04
7.158855438232421875e+01
3.875772399902343750e+02
1.310570625000000000e+05
1.024330520629882812e+02
2.958676953125000000e+04
1.207114375000000000e+06
2.657868750000000000e+05
7.917579375000000000e+05
2.419876813888549805e+00
1.864700156250000000e+05
1.210447890625000000e+05
1.663283789062500000e+04
3.840028750000000000e+05
1.955486000000000000e+06
2.686346484375000000e+04
2.166332750000000000e+06
7.622025390625000000e+03
1.727132800000000000e+07
2.614597460937500000e+04
2.582891250000000000e+05
1.861191015625000000e+04
1.955486000000000000e+06
2.686346484375000000e+04
1.173459500000000000e+06
4.782313281250000000e+04
1.228094375000000000e+06
2.582891250000000000e+05
1.367255520000000000e+08
1.743611406250000000e+05
6.568316250000000000e+05
1.486914746093750000e+04
4.117939687500000000e+05
1.228094375000000000e+06
4.382054800000000000e+07
1.441311250000000000e+05
2.434620312500000000e+05
8.177257812500000000e+03
1.334767500000000000e+05
5.872155500000000000e+06
1.737211250000000000e+05
3.356665000000000000e+06
5.314628125000000000e+04
1.730658000000000000e+07
1.439990781250000000e+05
1.595111000000000000e+06
1.798364453125000000e+04
9.978909375000000000e+05
1.665260750000000000e+06
2.678195937500000000e+05
6.089384765625000000e+04
4.184567187500000000e+04
9.528423000000000000e+06
2.442116250000000000e+06
1.382415937500000000e+05
2.312947250000000000e+06
6.129488281250000000e+04
1.426146406250000000e+05
1.369165760000000000e+08
2.733463000000000000e+06
1.273528250000000000e+06
9.074451875000000000e+05
2.945757200000000000e+07
1.818872125000000000e+06
2.442116250000000000e+06
2.886881054687500000e+04
7.647226250000000000e+05
4.939346923828125000e+02
3.606812890625000000e+04
6.600502400000000000e+07
1.198192578125000000e+04
1.006218359375000000e+05
1.924557617187500000e+04
1.539710937500000000e+05
1.421661328125000000e+04
1.812400156250000000e+05
6.571743652343750000e+03
2.585893750000000000e+06
2.743677250000000000e+06
1.059876500000000000e+06
3.053237812500000000e+05
1.569092125000000000e+06
2.646012500000000000e+06
2.761591992187500000e+04
2.768156562500000000e+05
3.326535937500000000e+04
3.423317626953125000e+03
4.621289600000000000e+07
5.360137920000000000e+08
4.227848500000000000e+06
4.148941200000000000e+07
5.751973750000000000e+05
1.468721406250000000e+05
2.058282800000000000e+07
4.234955625000000000e+05
1.347756500000000000e+06
4.746979296875000000e+04
7.200489472000000000e+10
3.689870400000000000e+07
1.329348800000000000e+08
9.678991000000000000e+06
1.059478800000000000e+07
1.748474675200000000e+10
2.387016093750000000e+05
1.267922187500000000e+05
1.139063671875000000e+05
3.546723437500000000e+04
2.741101000000000000e+06
2.690055908203125000e+03
2.513636328125000000e+04
6.113030395507812500e+02
1.914449250000000000e+06
1.131594843750000000e+05
4.765956800000000000e+07
1.252596093750000000e+04
1.670833125000000000e+06
1.978912890625000000e+04
2.599316406250000000e+05
1.962698560000000000e+08
3.328231750000000000e+06
2.096234218750000000e+05
5.781562500000000000e+06
2.254161523437500000e+04
2.169721500000000000e+06
1.638023750000000000e+05
4.621565625000000000e+04
1.890544062500000000e+05
1.134967651367187500e+03
7.518872656250000000e+04
1.628349121093750000e+04
2.648948974609375000e+03
1.179418500000000000e+07
1.637348828125000000e+04
3.473894921875000000e+04
3.991246484375000000e+04
1.144161132812500000e+03
9.668059375000000000e+04
4.824655761718750000e+03
1.758322625000000000e+06
2.442116250000000000e+06
1.484140781250000000e+05
7.018961250000000000e+05
6.616865722656250000e+03
3.034563437500000000e+05
6.460244000000000000e+07
1.758322625000000000e+06
2.442116250000000000e+06
7.018961250000000000e+05
6.460244000000000000e+07
3.631735937500000000e+05
2.860614257812500000e+04
2.607293945312500000e+04
4.773705078125000000e+03
1.544278437500000000e+05
2.032767000000000000e+06
3.034563437500000000e+05
1.592842773437500000e+03
4.821661328125000000e+04
2.032767000000000000e+06
4.821661328125000000e+04
4.815019500000000000e+06
4.357481500000000000e+06
6.587156250000000000e+03
1.203942500000000000e+06
6.238236694335937500e+02
1.905557421875000000e+04
1.009359200000000000e+08
3.368353515625000000e+04
2.035472968750000000e+05
1.131010156250000000e+04
2.893756250000000000e+05
1.476021093750000000e+04
7.669277343750000000e+04
1.888262375000000000e+06
3.684651953125000000e+04
1.767598281250000000e+05
1.338325156250000000e+05
8.101581542968750000e+03
1.265522890625000000e+05
1.231805750000000000e+06
2.369508437500000000e+05
2.341038593750000000e+05
1.407238867187500000e+04
3.999820703125000000e+04
5.135389160156250000e+03
3.981720703125000000e+03
9.895578125000000000e+04
1.887673600000000000e+07
2.268862500000000000e+04
1.781822187500000000e+05
5.457069000000000000e+06
2.573292500000000000e+05
1.965756750000000000e+06
3.311003250000000000e+06
2.403459250000000000e+06
2.442116250000000000e+06
1.326286250000000000e+05
1.569092125000000000e+06
2.742523681640625000e+03
4.981328906250000000e+04
2.559659600000000000e+07
4.529687187500000000e+05
3.477775312500000000e+05
8.919580468750000000e+04
2.454219500000000000e+06
8.526123046875000000e+03
2.612894062500000000e+05
2.500834531250000000e+05
1.913090820312500000e+04
5.970626250000000000e+05
3.892916796875000000e+04
9.207682031250000000e+04
1.362383875000000000e+06
1.734983520507812500e+02
2.594847488403320312e+01
1.681997070312500000e+02
1.296338900000000000e+07
2.946602343750000000e+04
5.666118750000000000e+04
4.116192187500000000e+05
3.786036562500000000e+05
6.815696875000000000e+04
4.765956800000000000e+07
1.796370483398437500e+03
2.571327656250000000e+05
4.888288671875000000e+04
5.212487890625000000e+04
2.094192000000000000e+07
3.183680750000000000e+06
6.487658203125000000e+04
1.212539500000000000e+06
5.330268750000000000e+05
1.890544062500000000e+05
9.724324218750000000e+03
3.841111816406250000e+03
2.209734000000000000e+06
9.521782031250000000e+04
4.474337890625000000e+04
8.919215625000000000e+04
2.352430156250000000e+05
8.718576049804687500e+01
2.143699200000000000e+07
7.875953000000000000e+06
5.251640000000000000e+05
1.444771000000000000e+06
1.792493125000000000e+05
1.003526757812500000e+04
2.310266750000000000e+06
2.340439250000000000e+06
9.001094531250000000e+04
8.159550000000000000e+04
1.540093440000000000e+08
2.316260800000000000e+07
8.435904000000000000e+06
1.579558250000000000e+06
2.363204250000000000e+06
1.660616800000000000e+08
7.261123535156250000e+03
1.045932031250000000e+04
4.294343261718750000e+03
3.611084375000000000e+04
6.723175625000000000e+05
3.615131875000000000e+05
1.954388906250000000e+05
2.296825156250000000e+05
4.065343750000000000e+05
4.268518750000000000e+04
1.613362187500000000e+05
2.213412500000000000e+06
3.998752812500000000e+05
8.611959375000000000e+05
3.101167250000000000e+06
7.649276562500000000e+04
1.068685253906250000e+04
2.024353125000000000e+05
2.548866796875000000e+04
3.107145898437500000e+04
1.951983000000000000e+06
1.259169628906250000e+04
2.516325195312500000e+04
2.115939687500000000e+05
2.443990429687500000e+04
1.801687968750000000e+05
2.104388437500000000e+05
3.642035937500000000e+04
8.127909375000000000e+04
6.339001562500000000e+04
6.705036132812500000e+03
5.575848144531250000e+03
6.206923750000000000e+05
6.903711718750000000e+04
2.299324609375000000e+04
3.568356500000000000e+06
2.890277832031250000e+03
4.367610351562500000e+03
7.599831250000000000e+04
8.869815063476562500e+02
8.810622500000000000e+05
1.051710156250000000e+05
6.729728125000000000e+04
5.082348327636718750e+02
3.977393310546875000e+03
4.474430175781250000e+03
6.972660000000000000e+05
6.902079467773437500e+02
4.615694140625000000e+04
4.529720500000000000e+06
1.275530156250000000e+05
5.137613671875000000e+04
4.781311562500000000e+05
1.028407734375000000e+05
4.888064062500000000e+04
2.166601500000000000e+06
4.893327500000000000e+06
1.275762500000000000e+05
5.890658750000000000e+05
7.453424316406250000e+03
8.299371093750000000e+03
3.894225600000000000e+07
1.038895312500000000e+05
1.312952656250000000e+05
6.210605957031250000e+03
4.587489062500000000e+04
3.823909000000000000e+06
1.999207125000000000e+06
9.514235000000000000e+05
4.521646562500000000e+05
1.567575375000000000e+06
2.698663500000000000e+06
4.696759765625000000e+04
3.258252500000000000e+05
1.608496718750000000e+05
9.809596679687500000e+03
1.115859680000000000e+08
3.760388800000000000e+08
3.823909000000000000e+06
4.790582800000000000e+07
1.999207125000000000e+06
9.514235000000000000e+05
3.243109200000000000e+07
1.567575375000000000e+06
2.698663500000000000e+06
3.258252500000000000e+05
7.200489472000000000e+10
1.115859680000000000e+08
3.760388800000000000e+08
4.790582800000000000e+07
3.243109200000000000e+07
7.200489472000000000e+10
1.914871875000000000e+05
1.029572875976562500e+03
5.045362890625000000e+04
1.628296289062500000e+04
1.450392500000000000e+05
3.723928906250000000e+04
4.233533477783203125e+01
2.039252075195312500e+03
1.979613476562500000e+04
4.079816796875000000e+04
4.953567578125000000e+04
1.668999804687500000e+04
1.164223250000000000e+06
1.446949531250000000e+05
1.065900756835937500e+03
9.238118000000000000e+06
1.161317187500000000e+05
4.408809765625000000e+04
2.046496960000000000e+08
3.538580859375000000e+04
8.676933593750000000e+03
6.817486875000000000e+05
6.711650625000000000e+05
1.026115390625000000e+05
5.156326904296875000e+02
1.780045410156250000e+03
3.540209250000000000e+06
3.890559765625000000e+04
6.059837890625000000e+03
3.635000312500000000e+05
3.397972412109375000e+03
8.167522500000000000e+05
3.144994873046875000e+03
3.131274658203125000e+03
1.521726250000000000e+05
1.528417968750000000e+05
9.787481000000000000e+06
1.741499200000000000e+07
5.735820000000000000e+05
2.706690000000000000e+05
1.050460200000000000e+07
1.605446875000000000e+05
5.081401562500000000e+05
5.550494375000000000e+05
1.016683500000000000e+07
1.781305200000000000e+07
6.217335040000000000e+08
1.098546600000000000e+07
4.958055625000000000e+05
5.386869375000000000e+05
3.218734000000000000e+06
6.637141760000000000e+08
3.194755000000000000e+06
3.120271289062500000e+04
2.296278515625000000e+04
1.315236816406250000e+04
7.089579687500000000e+04
2.084478906250000000e+04
1.485315875000000000e+06
1.916334375000000000e+06
2.384243750000000000e+06
7.283910937500000000e+04
2.732894687500000000e+05
1.498056718750000000e+05
8.092037500000000000e+04
8.343289843750000000e+04
3.039361500000000000e+06
3.575935937500000000e+04
3.371334687500000000e+05
1.045020125000000000e+06
6.350153515625000000e+04
8.454683593750000000e+04
1.017822109375000000e+05
3.026644062500000000e+05
1.191801700000000000e+07
5.320539000000000000e+06
2.650892250000000000e+06
4.376732031250000000e+04
4.793070312500000000e+04
4.375601562500000000e+05
9.320448750000000000e+05
4.954266796875000000e+04
5.104987890625000000e+04
2.792651367187500000e+04
2.555681750000000000e+06
1.278042125000000000e+06
7.368011250000000000e+05
2.028746750000000000e+06
3.131007812500000000e+05
4.125718750000000000e+05
2.837368400000000000e+07
2.201549843750000000e+05
6.066015000000000000e+05
8.484269531250000000e+04
6.962665625000000000e+04
4.205815000000000000e+06
3.050814750000000000e+06
4.587261875000000000e+05
8.218812500000000000e+04
2.664457031250000000e+04
1.472449804687500000e+04
3.394384765625000000e+04
2.197045703125000000e+04
2.083007812500000000e+05
4.558595000000000000e+06
1.300237734375000000e+05
1.983894335937500000e+04
2.198434906005859375e+02
1.782605625000000000e+05
4.395655000000000000e+06
2.072426562500000000e+04
2.192065250000000000e+06
6.112816894531250000e+03
4.531350937500000000e+05
1.516088437500000000e+05
2.043972045898437500e+03
2.212903710937500000e+04
1.457404375000000000e+05
3.203980000000000000e+05
1.212373671875000000e+05
5.734774414062500000e+03
4.668593750000000000e+04
2.395442382812500000e+04
4.453650390625000000e+03
1.418265136718750000e+03
7.416964500000000000e+06
3.051801171875000000e+04
8.667190429687500000e+03
8.588637500000000000e+04
1.453300125000000000e+06
2.348059326171875000e+03
8.059675000000000000e+04
9.210495000000000000e+06
9.017814375000000000e+05
3.294469600000000000e+07
3.904223046875000000e+04
1.042014625000000000e+06
1.281532890625000000e+05
2.146763750000000000e+06
1.749427712000000000e+09
1.094783600000000000e+07
3.923212500000000000e+05
8.882912800000000000e+07
3.058065234375000000e+04
4.975302800000000000e+07
3.598024250000000000e+06
1.511860937500000000e+05
1.315553300000000000e+07
1.133694765625000000e+05
6.928988281250000000e+04
6.574098432000000000e+09
1.690352750000000000e+06
2.258836406250000000e+05
1.071072000000000000e+06
1.891548000000000000e+07
1.507072900000000000e+07
4.720520000000000000e+06
1.279318984375000000e+05
1.698618800000000000e+07
1.866032656250000000e+05
1.782340468750000000e+05
3.418262784000000000e+09
7.333911875000000000e+05
2.215380750000000000e+06
3.363913500000000000e+06
2.655095680000000000e+08
7.787840820312500000e+03
9.412727539062500000e+03
5.808770019531250000e+03
1.225977800000000000e+07
3.890671484375000000e+04
2.010093359375000000e+04
2.879262812500000000e+05
2.320280000000000000e+07
2.442116250000000000e+06
6.691957519531250000e+03
9.560500000000000000e+06
1.124899609375000000e+04
1.868998046875000000e+04
1.260149760000000000e+09
2.457073437500000000e+05
7.094429687500000000e+04
1.076670546875000000e+05
2.447761250000000000e+06
4.529720500000000000e+06
6.532527832031250000e+03
1.870650976562500000e+04
2.016568593750000000e+05
3.660463671875000000e+04
1.659425781250000000e+04
1.717282226562500000e+04
8.277362304687500000e+03
2.144362890625000000e+04
1.289421500000000000e+06
2.960351562500000000e+02
4.320962524414062500e+02
2.980406982421875000e+03
2.345494628906250000e+03
1.463373291015625000e+03
5.418781250000000000e+03
2.564076718750000000e+05
8.178934375000000000e+04
9.906770507812500000e+03
7.603466796875000000e+03
1.686463256835937500e+03
1.970295654296875000e+03
8.527805664062500000e+03
1.293555859375000000e+04
1.223895629882812500e+03
1.749109062500000000e+05
1.135692626953125000e+03
4.044269775390625000e+03
9.520240478515625000e+02
1.241972412109375000e+03
4.952325390625000000e+04
2.990885353088378906e+01
1.324804882812500000e+04
3.305218750000000000e+03
6.862907812500000000e+04
3.283135937500000000e+04
7.413748046875000000e+03
1.148905761718750000e+04
5.130512207031250000e+03
3.554301562500000000e+04
8.161714062500000000e+04
1.592710449218750000e+04
1.525710156250000000e+04
1.265729199218750000e+04
8.055957519531250000e+03
6.420732812500000000e+04
5.249758789062500000e+03
8.830832031250000000e+03
2.403459250000000000e+06
5.472139375000000000e+05
3.569227343750000000e+04
2.646012500000000000e+06
1.631990332031250000e+04
7.262501953125000000e+03
4.413899840000000000e+08
3.214855000000000000e+05
8.732464843750000000e+04
6.647116875000000000e+05
1.444252000000000000e+07
2.548280143737792969e+01
3.715379062500000000e+05
1.116203320312500000e+04
3.628943750000000000e+04
1.178178750000000000e+05
2.442233886718750000e+02
1.553119140625000000e+03
1.276558437500000000e+05
7.592528906250000000e+04
7.517480957031250000e+03
2.922243896484375000e+03
9.579318000000000000e+06
7.207372000000000000e+06
6.075486875000000000e+05
2.768156562500000000e+05
1.745774218750000000e+05
1.002857128906250000e+04
4.321645200000000000e+07
5.743133500000000000e+06
1.347043906250000000e+05
1.243838250000000000e+06
8.434469531250000000e+04
7.405204101562500000e+03
3.216608960000000000e+08
1.191692500000000000e+07
7.850771000000000000e+06
2.412531406250000000e+05
2.479812352000000000e+09
5.317174800000000000e+07
5.026650000000000000e+06
1.274153750000000000e+06
3.343334400000000000e+08
2.311064576000000000e+09
1.475247070312500000e+03
1.292675750000000000e+06
1.065471435546875000e+03
1.156231562500000000e+05
3.713792187500000000e+04
5.512889648437500000e+03
8.663776367187500000e+03
4.503861718750000000e+04
6.348881640625000000e+04
1.222725468750000000e+05
1.513382812500000000e+05
3.477687500000000000e+03
3.512225000000000000e+04
8.933261718750000000e+04
1.240200468750000000e+05
5.733129296875000000e+04
9.954045000000000000e+05
9.925635375976562500e+02
4.926242968750000000e+04
8.322310156250000000e+04
7.038739257812500000e+03
2.480959765625000000e+04
9.616439453125000000e+03
9.809591000000000000e+06
1.075706718750000000e+05
1.177296900000000000e+07
3.729481933593750000e+03
1.348430125000000000e+06
6.937134375000000000e+04
6.057753750000000000e+05
2.267454208000000000e+09
9.432742500000000000e+05
1.345363281250000000e+05
1.592044400000000000e+07
1.793748242187500000e+04
2.080958984375000000e+04
7.002798828125000000e+03
2.189827600000000000e+07
1.312967656250000000e+05
2.642103750000000000e+05
3.574477000000000000e+06
1.273196900000000000e+07
4.917985937500000000e+04
1.119690039062500000e+04
1.430595312500000000e+05
5.472139375000000000e+05
1.688915500000000000e+06
2.685078125000000000e+05
3.125745000000000000e+05
7.991451660156250000e+03
1.199707031250000000e+05
2.434217200000000000e+07
3.339689375000000000e+05
1.132522125000000000e+06
1.932953750000000000e+05
2.036613200000000000e+07
2.121215039062500000e+04
3.112665234375000000e+04
5.208795500000000000e+06
5.062638437500000000e+05
1.359744375000000000e+05
5.283894000000000000e+06
4.529720500000000000e+06
8.225178125000000000e+04
4.479579687500000000e+05
1.213171264648437500e+03
4.636195312500000000e+04
3.538249600000000000e+08
2.460999218750000000e+05
5.306500625000000000e+05
2.514844921875000000e+04
6.420206500000000000e+06
4.602498437500000000e+04
1.156419625000000000e+06
9.936441250000000000e+05
2.050883593750000000e+05
4.001644687500000000e+05
2.959865750000000000e+06
8.535333593750000000e+04
3.963145312500000000e+05
7.560020500000000000e+06
3.286189500000000000e+06
2.110206500000000000e+06
4.666249511718750000e+03
1.739961875000000000e+05
1.564687347412109375e+02
2.140304199218750000e+03
2.066155517578125000e+03
1.981158813476562500e+03
2.408111718750000000e+04
6.348881640625000000e+04
1.995710937500000000e+05
1.308732187500000000e+05
1.225259765625000000e+03
1.186054199218750000e+04
2.151538671875000000e+04
2.217310625000000000e+05
1.934255078125000000e+04
3.758846875000000000e+04
5.779695312500000000e+03
6.801842500000000000e+05
2.792186250000000000e+05
2.663677000000000000e+06
3.460360937500000000e+04
2.166332750000000000e+06
4.542317187500000000e+04
1.566740781250000000e+05
4.499516796875000000e+04
9.076321250000000000e+05
5.779695312500000000e+03
6.801842500000000000e+05
2.792186250000000000e+05
1.780643281250000000e+05
6.678266406250000000e+04
6.340107812500000000e+04
8.424187500000000000e+04
2.862080750000000000e+06
2.241140000000000000e+06
8.453818750000000000e+05
1.566740781250000000e+05
4.499516796875000000e+04
9.076321250000000000e+05
2.679506562500000000e+05
6.678266406250000000e+04
6.340107812500000000e+04
8.424187500000000000e+04
2.862080750000000000e+06
2.241140000000000000e+06
8.453818750000000000e+05
9.789671250000000000e+05
1.313897031250000000e+05
1.185594140625000000e+05
1.006962700000000000e+07
2.679506562500000000e+05
9.789671250000000000e+05
1.313897031250000000e+05
1.185594140625000000e+05
1.006962700000000000e+07
1.417175375000000000e+06
1.417175375000000000e+06
6.881284375000000000e+04
3.107145898437500000e+04
1.122425097656250000e+04
3.050584960937500000e+04
2.815841250000000000e+05
1.709110937500000000e+04
5.114305078125000000e+04
1.893864531250000000e+05
1.473451464843750000e+04
1.240413515625000000e+05
4.910609375000000000e+04
5.300335937500000000e+03
6.700339843750000000e+04
5.021349062500000000e+05
5.203989062500000000e+04
1.654287812500000000e+05
1.323524000000000000e+07
1.481131875000000000e+06
2.570954101562500000e+04
2.769347200000000000e+07
1.672240468750000000e+05
3.718478125000000000e+04
9.125347840000000000e+08
3.322835625000000000e+05
5.335205468750000000e+04
1.049027125000000000e+06
1.487294500000000000e+06
1.174558300000000000e+07
2.120262656250000000e+05
3.761837500000000000e+04
5.105499375000000000e+05
4.845114843750000000e+04
3.483513832092285156e+00
1.555416800000000000e+07
4.900058750000000000e+05
4.823589172363281250e+02
1.156145996093750000e+03
7.981289550781250000e+03
3.185068500000000000e+06
1.935141093750000000e+05
2.004147656250000000e+04
3.621125625000000000e+05
5.260770703125000000e+04
4.171505859375000000e+04
9.579529296875000000e+03
1.157051875000000000e+06
4.819393066406250000e+03
2.725508125000000000e+05
4.866112365722656250e+02
1.503030566406250000e+04
1.852144775390625000e+02
3.442156750000000000e+06
1.852123250000000000e+06
2.442116250000000000e+06
1.484140781250000000e+05
9.008462500000000000e+04
6.656200500000000000e+06
6.348875000000000000e+04
1.430505312500000000e+05
1.084385156250000000e+04
3.034563437500000000e+05
7.629645600000000000e+07
6.903239000000000000e+06
3.442156750000000000e+06
4.010017200000000000e+07
1.852123250000000000e+06
2.442116250000000000e+06
2.853168750000000000e+06
9.008462500000000000e+04
6.656200500000000000e+06
1.430505312500000000e+05
7.454532608000000000e+09
7.629645600000000000e+07
6.903239000000000000e+06
4.010017200000000000e+07
2.853168750000000000e+06
7.454532608000000000e+09
1.036933600000000000e+07
8.523587500000000000e+04
8.700750732421875000e+02
4.431479375000000000e+05
5.774354687500000000e+04
1.134120625000000000e+06
7.356033125000000000e+05
9.011229687500000000e+04
2.492637200000000000e+07
3.577618000000000000e+06
3.084838476562500000e+04
4.765956800000000000e+07
3.098652812500000000e+05
1.145022343750000000e+05
2.895906048000000000e+09
5.023537812500000000e+05
1.325478281250000000e+05
1.983132750000000000e+06
1.204512300000000000e+07
2.515083251953125000e+03
1.052179336547851562e+02
4.743940917968750000e+03
2.515083251953125000e+03
3.490216000000000000e+06
3.079535546875000000e+04
1.181238378906250000e+04
3.304604687500000000e+05
3.511454687500000000e+04
2.084478906250000000e+04
6.170509765625000000e+04
1.916334375000000000e+06
2.442116250000000000e+06
1.119471191406250000e+04
6.894168945312500000e+03
5.907375000000000000e+04
1.040901464843750000e+04
8.343289843750000000e+04
1.134650937500000000e+05
4.845016601562500000e+03
1.527380078125000000e+04
1.732776718750000000e+05
3.625187109375000000e+04
9.064076171875000000e+03
1.017822109375000000e+05
3.145168750000000000e+05
1.545450750000000000e+06
3.399656562500000000e+05
2.792588000000000000e+06
5.056011718750000000e+03
2.338588671875000000e+04
3.730878515625000000e+04
2.096882031250000000e+05
6.422835937500000000e+03
1.911863281250000000e+04
6.262974218750000000e+04
2.286910937500000000e+05
3.503760546875000000e+04
1.994751875000000000e+05
3.899968750000000000e+05
7.166464062500000000e+04
4.194839687500000000e+05
3.927600250000000000e+06
6.901895312500000000e+04
5.020571093750000000e+04
1.755200976562500000e+04
3.898895312500000000e+04
2.849756562500000000e+05
5.455995625000000000e+05
1.985098046875000000e+04
8.443521875000000000e+05
4.199222000000000000e+06
2.043455156250000000e+05
1.300096328125000000e+05
9.973362500000000000e+04
4.130354687500000000e+04
1.404415332031250000e+04
8.196604687500000000e+04
1.814371718750000000e+05
1.413273010253906250e+02
3.202814000000000000e+07
1.861716250000000000e+06
1.923811875000000000e+05
7.569586500000000000e+06
2.275028750000000000e+06
3.680935546875000000e+04
1.078491640625000000e+05
3.978033984375000000e+04
6.567256835937500000e+03
2.864829687500000000e+04
5.373175600000000000e+07
4.504089500000000000e+06
1.316249843750000000e+05
1.183087375000000000e+06
1.584134375000000000e+04
1.863208000000000000e+06
1.323524000000000000e+07
7.547063281250000000e+04
8.686805468750000000e+04
6.689438125000000000e+05
3.605914750000000000e+06
5.526379296875000000e+04
4.690510546875000000e+04
5.242607812500000000e+05
5.497719500000000000e+06
2.599914500000000000e+06
4.995372656250000000e+04
4.620340000000000000e+05
3.448533203125000000e+03
1.017098144531250000e+03
3.043693440000000000e+08
5.616468125000000000e+05
1.389947187500000000e+05
5.087049804687500000e+03
1.464324250000000000e+06
1.337759125000000000e+06
4.881110351562500000e+03
1.024813085937500000e+04
5.651484375000000000e+02
2.603647460937500000e+02
1.199337768554687500e+03
5.389726953125000000e+04
2.157414817810058594e+01
2.648955664062500000e+04
4.155885742187500000e+03
3.691907958984375000e+03
4.723359062500000000e+05
5.674518066406250000e+03
1.126921953125000000e+05
1.585188964843750000e+03
1.011555603027343750e+03
7.745101318359375000e+02
2.198314400000000000e+07
9.521468750000000000e+03
9.910331250000000000e+05
3.742233398437500000e+03
2.115423046875000000e+04
1.611928710937500000e+04
2.306465820312500000e+03
2.518799000000000000e+06
4.883237109375000000e+04
1.145715937500000000e+05
3.223902812500000000e+05
5.017328125000000000e+03
3.852830937500000000e+05
7.508360625000000000e+05
2.280026250000000000e+06
3.681500781250000000e+04
4.632605937500000000e+05
2.043755625000000000e+06
4.617442187500000000e+04
1.348430125000000000e+06
4.870060546875000000e+03
3.034563437500000000e+05
2.082080859375000000e+04
2.764531982421875000e+03
5.758758203125000000e+04
1.388908691406250000e+03
3.394253600000000000e+07
1.541479700000000000e+07
3.852830937500000000e+05
1.179888900000000000e+07
7.508360625000000000e+05
2.280026250000000000e+06
4.858946400000000000e+07
4.632605937500000000e+05
2.043755625000000000e+06
1.348430125000000000e+06
7.148215500000000000e+06
3.598010750000000000e+06
2.082080859375000000e+04
2.076739843750000000e+05
2.764531982421875000e+03
5.758758203125000000e+04
9.402455040000000000e+08
3.394253600000000000e+07
1.541479700000000000e+07
1.179888900000000000e+07
4.858946400000000000e+07
4.146285120000000000e+08
7.148215500000000000e+06
3.598010750000000000e+06
2.076739843750000000e+05
9.402455040000000000e+08
4.146285120000000000e+08
3.950213500000000000e+06
2.021999023437500000e+04
1.052412402343750000e+04
3.417639687500000000e+05
1.103932656250000000e+05
1.592710449218750000e+04
1.955486000000000000e+06
1.212319453125000000e+05
9.819500122070312500e+02
6.136576875000000000e+05
1.566740781250000000e+05
1.648137512207031250e+02
9.692432812500000000e+04
3.445690234375000000e+04
1.812813281250000000e+05
1.139783789062500000e+04
2.004699375000000000e+05
6.114921875000000000e+03
2.597572998046875000e+03
5.785543823242187500e+01
4.943265234375000000e+04
5.374323046875000000e+04
1.360996948242187500e+03
2.135077539062500000e+04
2.009752148437500000e+04
5.298602539062500000e+03
7.469357812500000000e+04
7.678956500000000000e+06
3.009969062500000000e+05
1.014058593750000000e+04
3.831542187500000000e+05
7.308015000000000000e+06
3.581396562500000000e+05
2.651210750000000000e+06
7.534405468750000000e+04
7.194844238281250000e+03
1.115310781250000000e+05
1.684960781250000000e+05
3.844561328125000000e+04
2.973775195312500000e+04
1.261860900000000000e+07
3.799129687500000000e+05
4.000995703125000000e+04
6.072653515625000000e+04
2.544779101562500000e+04
5.774250030517578125e+01
1.448025300000000000e+07
3.910814687500000000e+05
2.772723632812500000e+04
1.069870312500000000e+04
5.398672500000000000e+05
5.431171093750000000e+04
2.218535546875000000e+04
1.955486000000000000e+06
1.953098375000000000e+06
6.751286132812500000e+03
6.788868750000000000e+05
1.645376367187500000e+04
5.275010625000000000e+05
2.350913906250000000e+05
3.039361500000000000e+06
1.147565429687500000e+04
1.367130500000000000e+06
1.388882968750000000e+05
6.442378515625000000e+04
3.328294062500000000e+05
1.619303600000000000e+07
1.071040937500000000e+05
4.973501171875000000e+04
1.280040125000000000e+06
3.673870000000000000e+06
4.306694140625000000e+04
1.010283828125000000e+05
1.079617000000000000e+07
2.049171500000000000e+06
5.663834375000000000e+05
1.149590125000000000e+06
4.580853125000000000e+05
3.597759687500000000e+05
1.311193000000000000e+06
2.410293906250000000e+05
4.946958203125000000e+04
2.579703437500000000e+05
4.564991406250000000e+04
1.966402812500000000e+05
1.315409062500000000e+05
7.049779500000000000e+06
1.709834765625000000e+04
1.218430078125000000e+04
6.451478750000000000e+05
1.296128222656250000e+04
1.261860900000000000e+07
1.174558300000000000e+07
4.529720500000000000e+06
6.388707812500000000e+04
2.082740000000000000e+07
1.741499200000000000e+07
2.261961914062500000e+04
4.765956800000000000e+07
3.789979687500000000e+04
5.605235351562500000e+03
1.712224665600000000e+10
7.852026400000000000e+07
2.868417250000000000e+06
2.033064064000000000e+09
6.469771250000000000e+05
2.773738125000000000e+05
1.000290752000000000e+09
6.544636875000000000e+05
9.160681250000000000e+05
8.840603125000000000e+05
7.200489472000000000e+10
3.257820800000000000e+07
9.250465000000000000e+05
1.166127100000000000e+07
1.764405200000000000e+07
1.985759616000000000e+09
5.318856933593750000e+03
7.243843750000000000e+03
2.042931445312500000e+04
1.155262451171875000e+03
7.339158500000000000e+06
2.487826000000000000e+06
4.888632812500000000e+04
4.313679375000000000e+05
5.112963867187500000e+03
3.421846484375000000e+04
3.251373120000000000e+08
8.235210000000000000e+05
6.579206250000000000e+05
5.474024609375000000e+04
2.629256800000000000e+07
5.094323242187500000e+03
6.645952606201171875e+01
7.110921875000000000e+03
1.181714843750000000e+03
2.514713600000000000e+07
2.701702250000000000e+06
5.265649609375000000e+04
3.634452000000000000e+07
1.059999375000000000e+05
1.886275195312500000e+04
2.593933312000000000e+09
1.455479250000000000e+06
3.305925312500000000e+05
2.828199250000000000e+06
3.392240400000000000e+07
1.479698364257812500e+03
3.767359375000000000e+04
1.438929290771484375e+02
3.602593750000000000e+05
1.592710449218750000e+04
3.368257421875000000e+04
4.898302612304687500e+02
1.573545703125000000e+04
4.402587402343750000e+03
2.436047973632812500e+02
2.416544921875000000e+03
1.098892480468750000e+04
7.510766875000000000e+05
2.756195800781250000e+03
2.146245117187500000e+04
8.834461669921875000e+02
6.946396093750000000e+04
1.666504218750000000e+05
2.516163085937500000e+03
8.199600000000000000e+04
4.891037597656250000e+03
1.224943554687500000e+04
6.047126562500000000e+04
7.504158593750000000e+04
5.625707031250000000e+03
1.447716210937500000e+04
6.385838671875000000e+04
3.829009765625000000e+04
4.680805078125000000e+04
1.438539000000000000e+07
1.996484179687500000e+04
1.447716210937500000e+04
2.063354492187500000e+04
1.161241875000000000e+05
8.943353515625000000e+03
1.111945125000000000e+06
1.102673375000000000e+06
3.755091796875000000e+04
4.092829296875000000e+04
2.597525195312500000e+04
1.255987031250000000e+05
1.579805664062500000e+04
6.030626562500000000e+04
9.404144287109375000e+02
4.486277008056640625e+01
6.219114379882812500e+02
7.046331000000000000e+06
9.250696875000000000e+04
4.765956800000000000e+07
1.367731250000000000e+05
1.173880375000000000e+06
5.458983984375000000e+04
6.088914375000000000e+05
3.625550080000000000e+08
1.658325625000000000e+06
1.366460000000000000e+05
1.383363250000000000e+06
1.174558300000000000e+07
2.018390781250000000e+05
1.210427109375000000e+05
7.157671250000000000e+05
1.934862500000000000e+05
7.823793029785156250e+01
1.081478800000000000e+08
1.085026250000000000e+06
1.760256835937500000e+04
4.980288671875000000e+04
1.495094875000000000e+06
2.168389250000000000e+06
3.932210000000000000e+06
1.109184921875000000e+05
1.088199375000000000e+06
5.206332421875000000e+04
2.009300781250000000e+05
3.802115600000000000e+07
2.250780750000000000e+06
3.525428750000000000e+06
1.225832625000000000e+06
4.157274800000000000e+07
2.190165600000000000e+07
9.094716406250000000e+04
3.810518750000000000e+04
2.055575750000000000e+06
1.084138875000000000e+06
1.102302050781250000e+04
4.596747265625000000e+04
3.048249414062500000e+04
1.869348876953125000e+03
1.052179336547851562e+02
6.260852050781250000e+02
3.036112187500000000e+05
8.852176562500000000e+04
6.978393554687500000e+01
8.400818359375000000e+03
3.051146484375000000e+04
1.681530859375000000e+04
3.280097265625000000e+04
3.791317578125000000e+04
2.598509000000000000e+06
1.913309375000000000e+05
4.484865234375000000e+03
2.501446000000000000e+06
5.393901953125000000e+04
2.875905468750000000e+04
6.165961250000000000e+05
2.332236328125000000e+04
1.432849687500000000e+05
2.662762500000000000e+04
7.856433593750000000e+03
1.521099375000000000e+05
1.764735000000000000e+05
1.890023125000000000e+05
2.570993906250000000e+05
1.174558300000000000e+07
4.070988000000000000e+06
2.951452500000000000e+05
1.528676093750000000e+05
4.184793200000000000e+07
7.901873125000000000e+05
1.705317000000000000e+06
5.490389453125000000e+04
2.696623437500000000e+05
5.948971557617187500e+02
1.944968448000000000e+09
2.960838080000000000e+08
1.174558300000000000e+07
6.880077000000000000e+06
4.070988000000000000e+06
2.951452500000000000e+05
3.029178400000000000e+07
4.184793200000000000e+07
7.901873125000000000e+05
5.490389453125000000e+04
1.476387430400000000e+10
1.944968448000000000e+09
2.960838080000000000e+08
6.880077000000000000e+06
3.029178400000000000e+07
1.476387430400000000e+10
4.643315734863281250e+02
2.232667578125000000e+04
2.019626718750000000e+05
6.330636875000000000e+05
4.617442187500000000e+04
3.034563437500000000e+05
2.043755625000000000e+06
1.129127883911132812e+02
9.406263427734375000e+02
1.888260131835937500e+03
2.019626718750000000e+05
6.330636875000000000e+05
7.761764000000000000e+06
2.043755625000000000e+06
9.406263427734375000e+02
1.888260131835937500e+03
2.248188671875000000e+04
7.761764000000000000e+06
2.248188671875000000e+04
2.717482800000000000e+07
3.827334375000000000e+04
5.085094531250000000e+04
6.164220625000000000e+05
2.468066875000000000e+05
1.174558300000000000e+07
4.357456500000000000e+06
1.484477844238281250e+02
4.471109600000000000e+07
1.117646789550781250e+02
1.120727844238281250e+02
1.912719488000000000e+09
3.988735961914062500e+02
3.545822143554687500e+02
3.418662109375000000e+02
9.853596191406250000e+02
5.709835546875000000e+04
2.672108886718750000e+03
1.550471582031250000e+04
3.110869687500000000e+05
1.555424687500000000e+05
1.335034570312500000e+04
9.882064062500000000e+04
6.480997924804687500e+02
2.222709765625000000e+04
4.431338119506835938e+01
1.891002187500000000e+05
2.084478906250000000e+04
1.795007812500000000e+05
3.690092187500000000e+04
4.124436562500000000e+05
1.658868400000000000e+07
4.596449609375000000e+04
1.105456093750000000e+05
2.039340039062500000e+04
2.014582421875000000e+04
1.745255000000000000e+05
3.314334687500000000e+05
1.523337304687500000e+04
1.316598535156250000e+04
1.072030156250000000e+05
1.410869625000000000e+06
8.799034179687500000e+03
7.409909000000000000e+06
1.667412031250000000e+05
1.222702500000000000e+06
1.281637695312500000e+04
5.487431640625000000e+04
1.427982910156250000e+04
1.085085375000000000e+06
2.257509843750000000e+05
2.668897460937500000e+04
1.831002750000000000e+06
7.552578125000000000e+04
1.319459843750000000e+05
6.056783125000000000e+05
1.652871718750000000e+05
1.624827636718750000e+04
9.766475585937500000e+03
1.286215000000000000e+05
5.966465625000000000e+05
4.905039453125000000e+04
4.255998828125000000e+04
1.485315875000000000e+06
1.173535078125000000e+05
3.340750312500000000e+05
6.623362000000000000e+06
2.472296000000000000e+07
1.064181500000000000e+07
1.544016406250000000e+05
2.082740000000000000e+07
1.578353500000000000e+06
4.293906640625000000e+04
9.210495000000000000e+06
8.558136875000000000e+05
3.766763281250000000e+04
7.200489472000000000e+10
1.999101440000000000e+08
5.687715625000000000e+05
2.851616960000000000e+08
1.350571750000000000e+06
1.566858000000000000e+06
7.460474240000000000e+08
6.743833000000000000e+06
1.401868437500000000e+05
2.233437500000000000e+06
7.200489472000000000e+10
5.579450368000000000e+09
1.674495800000000000e+07
1.143146900000000000e+07
6.169524400000000000e+07
7.846211072000000000e+09
9.876657500000000000e+05
3.575441406250000000e+04
1.795250937500000000e+05
4.945603027343750000e+03
3.960581359863281250e+02
3.222242736816406250e+01
2.166332750000000000e+06
1.170022705078125000e+03
2.503348828125000000e+04
1.630772070312500000e+04
3.960581359863281250e+02
3.222242736816406250e+01
7.415209960937500000e+02
2.656466674804687500e+01
1.630772070312500000e+04
1.132913281250000000e+05
9.658676147460937500e+02
2.656466674804687500e+01
3.222515563964843750e+02
4.983655929565429688e+01
5.104207519531250000e+03
3.327274322509765625e+01
6.313757421875000000e+04
1.537894433593750000e+04
3.390501953125000000e+04
5.223136718750000000e+04
8.003381347656250000e+03
6.517551879882812500e+02
2.388357031250000000e+04
1.280112500000000000e+07
1.087545750000000000e+06
2.635275585937500000e+04
1.974829296875000000e+04
1.311049400000000000e+07
5.961961364746093750e+01
1.100924609375000000e+04
3.265042724609375000e+03
2.678124687500000000e+05
1.245134140625000000e+05
4.771590080000000000e+08
7.558118750000000000e+05
8.580453491210937500e+02
5.567443847656250000e+02
5.727286875000000000e+05
5.235519500000000000e+06
3.012123242187500000e+04
3.196716015625000000e+04
9.316334838867187500e+02
4.591818618774414062e+01
2.524834960937500000e+04
1.944447326660156250e+02
1.421208129882812500e+03
8.057067871093750000e+02
3.755509948730468750e+01
6.973667144775390625e+01
5.712933959960937500e+02
2.414313888549804688e+01
4.307926000000000000e+07
8.023628906250000000e+04
3.238754492187500000e+04
3.277590312500000000e+05
5.552882500000000000e+05
1.212552539062500000e+04
1.050417187500000000e+05
3.193945617675781250e+02
2.660031982421875000e+03
3.224988525390625000e+03
2.443751464843750000e+03
9.182997436523437500e+02
6.301235961914062500e+02
7.976184082031250000e+02
3.193945617675781250e+02
2.660031982421875000e+03
2.443751464843750000e+03
7.976184082031250000e+02
6.486588000000000000e+06
1.205104453125000000e+05
8.261136718750000000e+04
1.449438437500000000e+05
1.506733750000000000e+05
4.332643750000000000e+04
2.071606640625000000e+04
2.370120937500000000e+05
1.454722900390625000e+03
7.791887500000000000e+04
8.349482812500000000e+04
1.595967031250000000e+05
2.951623046875000000e+04
1.754682800000000000e+07
5.560136875000000000e+05
1.007904300000000000e+07
8.884629687500000000e+04
1.433585125000000000e+06
3.034563437500000000e+05
1.754682800000000000e+07
6.856374400000000000e+08
1.007904300000000000e+07
1.433585125000000000e+06
6.856374400000000000e+08
2.046123632812500000e+04
8.893617187500000000e+03
1.484140781250000000e+05
1.946318359375000000e+04
7.459597500000000000e+06
4.893327500000000000e+06
4.529720500000000000e+06
1.732320703125000000e+04
1.240875000000000000e+06
6.805449500000000000e+06
1.680171484375000000e+04
1.348430125000000000e+06
1.619877197265625000e+03
1.644110351562500000e+04
2.263767040000000000e+08
1.718815200000000000e+07
3.219801562500000000e+04
1.060296080000000000e+08
2.824612109375000000e+04
2.842317773437500000e+04
1.983986000000000000e+07
9.054269531250000000e+03
2.952712500000000000e+04
1.219305468750000000e+04
4.790674000000000000e+07
1.414641875000000000e+05
1.037358300781250000e+04
1.233855937500000000e+05
3.690010937500000000e+04
2.980674609375000000e+04
4.893327500000000000e+06
4.529720500000000000e+06
1.403623593750000000e+05
1.348430125000000000e+06
3.455048437500000000e+04
1.463700156250000000e+05
1.060296080000000000e+08
1.464437375000000000e+06
2.228401500000000000e+06
5.214972187500000000e+05
1.604766500000000000e+07
1.829414648437500000e+04
1.768028125000000000e+06
5.062638437500000000e+05
2.111434375000000000e+05
1.983113875000000000e+06
1.454569726562500000e+04
1.679131835937500000e+04
2.572761914062500000e+04
7.219179199218750000e+03
1.398462375000000000e+06
5.939997500000000000e+05
1.325669000000000000e+07
2.747403710937500000e+04
1.581486125000000000e+06
3.034563437500000000e+05
1.398462375000000000e+06
3.094720400000000000e+07
1.325669000000000000e+07
1.581486125000000000e+06
3.094720400000000000e+07
2.100821200000000000e+07
3.098428125000000000e+05
1.212978593750000000e+05
8.166736875000000000e+05
1.169826250000000000e+05
8.389686584472656250e+01
6.284566400000000000e+08
1.539590000000000000e+06
7.369291015625000000e+03
2.421937890625000000e+04
1.994193375000000000e+06
4.455594787597656250e+02
5.415601953125000000e+04
1.999997812500000000e+05
1.041319250000000000e+06
2.049650976562500000e+04
1.145067187500000000e+05
1.569092125000000000e+06
2.799770164489746094e+01
1.173288330078125000e+03
2.469595214843750000e+03
3.307694531250000000e+04
1.349691562500000000e+05
1.959925600000000000e+07
9.559779687500000000e+04
8.896691894531250000e+01
1.336919403076171875e+02
3.903899609375000000e+04
2.423221562500000000e+05
8.978884277343750000e+02
3.492327000000000000e+06
4.511527000000000000e+06
4.815019500000000000e+06
3.755725390625000000e+04
2.189971500000000000e+06
3.953862500000000000e+05
5.961799804687500000e+03
1.301521500000000000e+06
4.606353515625000000e+04
9.685739746093750000e+02
1.180632400000000000e+08
4.197391600000000000e+07
3.536493125000000000e+05
1.042057360000000000e+08
7.690903750000000000e+05
1.890942812500000000e+05
4.541770400000000000e+07
1.641357656250000000e+05
9.705810546875000000e+03
9.412509375000000000e+04
1.314933145600000000e+10
8.121794500000000000e+06
5.049999375000000000e+05
4.232011500000000000e+06
5.656007500000000000e+05
7.367157600000000000e+07
6.472330078125000000e+03
2.640127441406250000e+03
5.479461328125000000e+04
1.735166870117187500e+03
9.659376953125000000e+03
2.126022968750000000e+05
8.916405273437500000e+03
4.746825390625000000e+04
9.729635937500000000e+04
9.806706054687500000e+03
6.075747558593750000e+03
1.783601562500000000e+04
3.388176750000000000e+06
1.394023906250000000e+05
1.528676093750000000e+05
1.270575468750000000e+05
6.083180078125000000e+04
1.864841003417968750e+02
7.814853600000000000e+07
3.388176750000000000e+06
1.394023906250000000e+05
1.270575468750000000e+05
7.814853600000000000e+07
2.419208984375000000e+03
5.591490234375000000e+03
1.770456085205078125e+02
3.040252500000000000e+05
2.818025000000000000e+06
1.214200937500000000e+05
4.246584375000000000e+04
2.580429062500000000e+05
2.179808203125000000e+04
1.095607109375000000e+05
1.045336791992187500e+03
4.286613125000000000e+05
3.117372250000000000e+06
3.034563437500000000e+05
1.598135986328125000e+02
3.760508750000000000e+05
7.870923750000000000e+05
1.381630737304687500e+03
2.490960156250000000e+04
3.117372250000000000e+06
1.732543029785156250e+02
8.836837158203125000e+02
7.870923750000000000e+05
2.490960156250000000e+04
8.836837158203125000e+02
2.707815750000000000e+06
1.747658281250000000e+05
3.034563437500000000e+05
2.707815750000000000e+06
5.586623046875000000e+03
5.382853750000000000e+05
3.470042812500000000e+05
5.973904687500000000e+04
2.711394000000000000e+07
2.598575750000000000e+06
2.442116250000000000e+06
3.695600390625000000e+04
6.921961250000000000e+05
1.456294125000000000e+06
5.057102343750000000e+04
1.314772750000000000e+06
3.569367187500000000e+03
7.182028906250000000e+04
4.713840640000000000e+08
1.441269000000000000e+07
5.671850625000000000e+05
1.010488080000000000e+08
3.875538750000000000e+05
1.975001250000000000e+05
2.203208750000000000e+06
1.750900781250000000e+04
1.289179375000000000e+05
1.398544843750000000e+05
3.637857600000000000e+07
6.284092000000000000e+06
1.701129531250000000e+05
3.716325750000000000e+06
2.773188867187500000e+04
5.233376250000000000e+05
3.062514160156250000e+03
3.839431640625000000e+04
5.582851875000000000e+05
1.795895751953125000e+03
4.058917724609375000e+03
7.786628125000000000e+04
1.583541870117187500e+03
3.372007080078125000e+03
2.503067968750000000e+05
3.967533447265625000e+03
7.313001953125000000e+03
6.972978125000000000e+04
3.107145898437500000e+04
1.192994042968750000e+04
1.679854101562500000e+04
1.023432800000000000e+07
5.990925625000000000e+05
6.543189843750000000e+04
1.023432800000000000e+07
9.234753000000000000e+06
8.451942187500000000e+04
5.155597600000000000e+07
1.044131103515625000e+03
1.294637250000000000e+06
5.114368750000000000e+04
1.612963750000000000e+05
2.081193344000000000e+09
3.762170000000000000e+06
1.053404609375000000e+05
2.982448400000000000e+07
3.510058593750000000e+04
2.620305600000000000e+07
1.318993750000000000e+06
3.303672750000000000e+06
2.445069921875000000e+04
9.210495000000000000e+06
4.765956800000000000e+07
1.010110390625000000e+05
1.348430125000000000e+06
2.620036132812500000e+03
1.778391992187500000e+04
5.934381000000000000e+06
3.102097656250000000e+04
3.173415312500000000e+05
1.927782592773437500e+03
3.618801920000000000e+09
1.410455936000000000e+09
1.144140125000000000e+06
1.134285400000000000e+07
3.646491406250000000e+04
1.362240156250000000e+05
1.972769408000000000e+09
1.292670750000000000e+06
3.379183250000000000e+06
4.227596093750000000e+04
1.036600512000000000e+09
2.637254240000000000e+08
1.353942031250000000e+05
9.968636875000000000e+05
1.978806762695312500e+03
1.295918066406250000e+04
7.200489472000000000e+10
1.151761200000000000e+07
9.753267000000000000e+06
3.728291875000000000e+05
1.304136000000000000e+07
2.149299200000000000e+10
4.098334250000000000e+06
1.682417625000000000e+06
4.012910546875000000e+04
1.883761440000000000e+08
5.114208000000000000e+07
7.511225625000000000e+05
1.638521000000000000e+06
4.529720500000000000e+06
5.083179296875000000e+04
1.547830625000000000e+05
5.814502441406250000e+03
7.509842968750000000e+04
7.637696000000000000e+07
8.705365625000000000e+04
2.214817031250000000e+05
2.456693750000000000e+04
3.860260312500000000e+05
1.348305375000000000e+06
1.100611953125000000e+05
8.360889648437500000e+03
9.041160156250000000e+04
2.021771484375000000e+04
9.648266406250000000e+04
1.871335500000000000e+06
2.537861718750000000e+04
2.723603437500000000e+05
1.442533750000000000e+05
6.856331054687500000e+03
1.337498125000000000e+05
1.117113875000000000e+06
1.918615468750000000e+05
1.365494687500000000e+05
1.843356625000000000e+06
4.893327500000000000e+06
4.529720500000000000e+06
4.037124609375000000e+04
2.592607187500000000e+05
1.705593750000000000e+06
7.466296386718750000e+03
1.348430125000000000e+06
1.041850585937500000e+03
4.844957812500000000e+04
1.874345200000000000e+07
4.846115500000000000e+06
1.037716015625000000e+05
1.060296080000000000e+08
2.040563281250000000e+05
8.088373750000000000e+05
8.664094000000000000e+06
2.198324218750000000e+04
3.300859375000000000e+05
1.028792265625000000e+05
1.412427500000000000e+07
3.465928750000000000e+05
1.465014375000000000e+05
4.508688000000000000e+06
7.443517500000000000e+05
3.667509062500000000e+05
3.098428125000000000e+05
4.529720500000000000e+06
4.455729296875000000e+04
4.013132812500000000e+04
9.884710693359375000e+01
5.723426953125000000e+04
5.530876500000000000e+06
2.578271289062500000e+04
9.277119375000000000e+05
1.148386523437500000e+04
4.737691875000000000e+05
1.748142578125000000e+04
7.539610000000000000e+05
5.017117500000000000e+05
2.939567187500000000e+05
4.806839500000000000e+06
2.442116250000000000e+06
1.484140781250000000e+05
2.507419500000000000e+06
5.239425781250000000e+04
3.034563437500000000e+05
6.203200000000000000e+07
4.806839500000000000e+06
2.442116250000000000e+06
2.507419500000000000e+06
6.203200000000000000e+07
3.838159912109375000e+03
1.558927812500000000e+05
2.254613281250000000e+04
1.197069921875000000e+04
1.268640625000000000e+04
5.296464800000000000e+07
1.664429077148437500e+03
1.814702187500000000e+05
1.230901074218750000e+04
1.120488828125000000e+05
1.589179039001464844e+01
1.098784125000000000e+06
1.792472250000000000e+06
1.348890991210937500e+02
1.038045532226562500e+03
3.158857226562500000e+04
8.137181152343750000e+03
9.127762500000000000e+04
4.832226875000000000e+05
1.328491992187500000e+04
1.470629589843750000e+04
1.505120625000000000e+06
6.559315625000000000e+04
2.269853906250000000e+04
3.085038671875000000e+04
2.766331445312500000e+04
2.084478906250000000e+04
9.937766113281250000e+02
1.389147363281250000e+04
2.320999755859375000e+03
2.669004492187500000e+04
1.016423583984375000e+03
1.686024023437500000e+04
1.136856640625000000e+04
4.620331562500000000e+05
5.062638437500000000e+05
1.178333671875000000e+05
7.784023437500000000e+02
2.895606803894042969e+01
5.554669531250000000e+04
2.158212127685546875e+02
4.979605078125000000e+04
4.131797750000000000e+06
1.319757968750000000e+05
1.746652031250000000e+05
2.307562750000000000e+06
3.190243945312500000e+04
1.776584594726562500e+03
7.432543000000000000e+06
1.194285703125000000e+05
2.218260351562500000e+04
6.703196875000000000e+04
1.871815750000000000e+06
7.267739105224609375e+01
7.814118041992187500e+02
3.286357187500000000e+05
5.115310156250000000e+04
7.338296093750000000e+04
2.081074023437500000e+04
3.910961328125000000e+04
9.863553125000000000e+04
1.531026611328125000e+03
3.512854248046875000e+03
4.643315734863281250e+02
4.670083496093750000e+03
1.183711375000000000e+06
6.322546250000000000e+05
1.511308750000000000e+05
2.545536523437500000e+04
4.245638000000000000e+07
3.428367233276367188e+01
2.971001953125000000e+03
1.978428222656250000e+03
6.270564453125000000e+04
1.565511406250000000e+05
2.508031200000000000e+07
5.311626000000000000e+06
4.127389221191406250e+02
3.800009765625000000e+02
6.064348828125000000e+04
1.633321000000000000e+06
6.626700195312500000e+03
2.599892000000000000e+06
2.441475750000000000e+06
9.429000000000000000e+03
1.348430125000000000e+06
2.105217529296875000e+03
1.040888574218750000e+04
1.013081680000000000e+08
2.020243281250000000e+05
3.633336562500000000e+05
2.911547265625000000e+04
3.274367500000000000e+06
1.495588250000000000e+06
3.605147812500000000e+05
3.974510742187500000e+03
4.675165625000000000e+04
3.597135312500000000e+05
9.010574218750000000e+03
1.125566562500000000e+05
1.338325156250000000e+05
1.010055546875000000e+05
1.516383437500000000e+05
2.755330000000000000e+05
1.064375390625000000e+04
2.122427000000000000e+06
1.123973046875000000e+04
1.032152343750000000e+05
9.846927500000000000e+05
1.471093281250000000e+05
2.101392500000000000e+05
1.468194875000000000e+06
9.574372500000000000e+05
3.058924062500000000e+05
6.666105000000000000e+05
1.486602832031250000e+04
6.672489013671875000e+02
3.690637500000000000e+04
6.665444824218750000e+03
3.495685000000000000e+05
4.089295959472656250e+02
2.582395019531250000e+03
4.207360156250000000e+04
1.953098375000000000e+06
8.817412500000000000e+04
6.603338281250000000e+04
1.420926406250000000e+05
9.735826562500000000e+04
4.382884765625000000e+04
2.831130312500000000e+05
4.681778125000000000e+04
4.397179565429687500e+02
1.753033437500000000e+05
4.034322656250000000e+04
1.091277100000000000e+07
4.529720500000000000e+06
2.927171000000000000e+06
3.929865234375000000e+04
7.292780000000000000e+07
1.411635700000000000e+07
8.127723437500000000e+04
7.261940625000000000e+05
2.234998242187500000e+04
9.041013183593750000e+02
3.524678912000000000e+09
1.487807232000000000e+09
5.429844375000000000e+05
1.248833840000000000e+08
2.332783750000000000e+05
3.229091406250000000e+04
1.799004288000000000e+09
1.163030250000000000e+06
2.102296250000000000e+05
1.249101757812500000e+04
7.200489472000000000e+10
3.311486250000000000e+06
1.204533875000000000e+06
2.628627187500000000e+05
1.164909625000000000e+06
3.792554800000000000e+07
3.335387250000000000e+06
4.952117968750000000e+04
1.307028710937500000e+04
1.228294375000000000e+05
1.035608593750000000e+04
1.075525625000000000e+06
1.188013984375000000e+05
3.639884375000000000e+05
1.315364746093750000e+04
2.201000976562500000e+04
1.377838125000000000e+05
9.139148437500000000e+03
6.658772500000000000e+05
4.610643359375000000e+04
3.091546325683593750e+02
5.942005859375000000e+04
7.276389648437500000e+03
2.666205937500000000e+05
3.864669189453125000e+02
4.737384277343750000e+03
5.330268750000000000e+05
5.171348876953125000e+02
6.326441406250000000e+03
5.897453125000000000e+03
3.330592812500000000e+05
3.114533007812500000e+04
4.063697265625000000e+04
2.767465312500000000e+05
2.218535546875000000e+04
2.120070312500000000e+04
4.571348125000000000e+05
9.427651367187500000e+03
7.756684375000000000e+04
1.592461425781250000e+04
3.833640869140625000e+03
7.706985937500000000e+04
1.311945156250000000e+05
9.839303906250000000e+04
1.424680937500000000e+05
3.840028750000000000e+05
4.269316796875000000e+04
3.648147265625000000e+04
1.746752031250000000e+05
4.269316796875000000e+04
8.812875000000000000e+05
6.151906738281250000e+03
2.375476757812500000e+04
5.026885937500000000e+04
1.203806484375000000e+05
1.402408593750000000e+05
8.833128125000000000e+05
6.374940490722656250e+01
1.843231811523437500e+02
5.526889160156250000e+03
1.214408984375000000e+04
5.085022265625000000e+04
1.820634033203125000e+03
3.318633203125000000e+04
8.269538750000000000e+05
5.202340312500000000e+05
1.705622812500000000e+05
2.802932226562500000e+04
5.919142500000000000e+06
9.907164062500000000e+04
2.537887812500000000e+05
3.034563437500000000e+05
3.563503125000000000e+05
2.390216406250000000e+05
1.404670781250000000e+05
1.093366093750000000e+05
2.273191500000000000e+06
1.133516406250000000e+05
1.313903300000000000e+07
3.529879062500000000e+05
5.947961250000000000e+05
3.284739453125000000e+04
5.919142500000000000e+06
1.915042625000000000e+06
1.656503200000000000e+07
1.295652500000000000e+06
1.904728906250000000e+05
3.171095000000000000e+05
1.404670781250000000e+05
5.755612500000000000e+06
2.752013125000000000e+05
1.313903300000000000e+07
5.947961250000000000e+05
1.415461500000000000e+07
1.396474000000000000e+06
1.656503200000000000e+07
1.904728906250000000e+05
5.755612500000000000e+06
1.415461500000000000e+07
2.239308593750000000e+03
1.323212500000000000e+05
5.062638437500000000e+05
1.630520019531250000e+04
2.838050500000000000e+06
2.385751200000000000e+07
2.598156750000000000e+06
4.548438281250000000e+04
3.217250800000000000e+07
1.129719765625000000e+05
2.021698046875000000e+04
2.840706816000000000e+09
1.590860125000000000e+06
3.569911562500000000e+05
2.504513500000000000e+06
3.957996000000000000e+07
2.447336250000000000e+06
1.174558300000000000e+07
4.529720500000000000e+06
5.111681640625000000e+04
5.570742500000000000e+06
2.880890750000000000e+06
1.304526660156250000e+04
4.765956800000000000e+07
2.382630937500000000e+05
7.521633593750000000e+04
1.158071296000000000e+09
7.494352500000000000e+06
2.238112500000000000e+04
2.033064064000000000e+09
3.311908125000000000e+05
2.248790000000000000e+05
1.064380960000000000e+08
3.696908437500000000e+05
9.221356250000000000e+04
2.112342750000000000e+06
7.200489472000000000e+10
2.652508000000000000e+06
1.826836132812500000e+04
4.082017250000000000e+06
1.574299250000000000e+06
2.234662800000000000e+07
1.274249000000000000e+07
2.545543500000000000e+06
2.974693750000000000e+06
2.898572851562500000e+04
3.316865200000000000e+07
1.408373600000000000e+07
2.545992500000000000e+06
5.307295625000000000e+05
3.694867187500000000e+04
4.098841796875000000e+03
1.972555136000000000e+09
2.236668928000000000e+09
1.509469200000000000e+07
6.289828000000000000e+07
1.939088000000000000e+06
2.825425250000000000e+06
1.780706048000000000e+09
4.479765200000000000e+07
1.075545500000000000e+07
3.955476562500000000e+05
7.200489472000000000e+10
2.973289984000000000e+09
2.964625920000000000e+09
1.185909040000000000e+08
1.649917824000000000e+09
7.200489472000000000e+10
2.630061562500000000e+05
1.658868400000000000e+07
1.699289218750000000e+05
5.941818750000000000e+04
9.808394000000000000e+06
1.220770312500000000e+05
1.766599218750000000e+05
2.947579062500000000e+05
3.840028750000000000e+05
1.955486000000000000e+06
5.883253125000000000e+05
2.166332750000000000e+06
4.338204687500000000e+04
1.741499200000000000e+07
4.325018359375000000e+04
8.807565000000000000e+05
1.782605625000000000e+05
1.955486000000000000e+06
5.883253125000000000e+05
1.177575000000000000e+06
1.620439843750000000e+05
3.571386750000000000e+06
8.807565000000000000e+05
1.370215840000000000e+08
9.714616875000000000e+05
1.837508250000000000e+06
2.167459218750000000e+05
1.004389000000000000e+06
3.571386750000000000e+06
4.387248800000000000e+07
2.798375750000000000e+06
1.050689125000000000e+06
4.622385625000000000e+05
1.542584375000000000e+05
7.895996000000000000e+06
1.277239125000000000e+06
1.142669500000000000e+07
1.573773875000000000e+06
3.834487600000000000e+07
2.116050750000000000e+06
1.226413000000000000e+07
5.201824062500000000e+05
8.161285000000000000e+06
1.994655200000000000e+07
1.730974687500000000e+05
2.458504150390625000e+03
2.139866333007812500e+02
7.307048125000000000e+05
1.963486875000000000e+05
7.913156127929687500e+01
4.670065000000000000e+06
7.922185546875000000e+03
1.577188415527343750e+02
5.158780468750000000e+04
3.576164453125000000e+04
5.721321000000000000e+06
2.896359000000000000e+06
2.995563750000000000e+06
1.299962500000000000e+05
6.848394375000000000e+05
2.069566796875000000e+04
2.409464648437500000e+04
5.509332400000000000e+07
2.376809843750000000e+05
1.270865125000000000e+06
2.008202968750000000e+05
4.094548750000000000e+06
6.017671093750000000e+04
9.950216796875000000e+03
3.722267333984375000e+03
9.950216796875000000e+03
1.422590375000000000e+06
5.490858800000000000e+07
9.852907000000000000e+06
4.551280468750000000e+04
1.954876250000000000e+06
6.236930625000000000e+05
2.606523242187500000e+04
9.506095000000000000e+06
2.271413085937500000e+04
2.749682373046875000e+03
6.638347776000000000e+09
2.366265760000000000e+08
2.320243437500000000e+05
5.596244480000000000e+08
6.229850625000000000e+05
1.211499921875000000e+05
1.671452640000000000e+08
2.923171562500000000e+05
3.818886328125000000e+04
1.055871375000000000e+06
7.200489472000000000e+10
3.214307200000000000e+07
8.898457000000000000e+06
2.931325000000000000e+06
3.754761250000000000e+06
5.407060800000000000e+07
8.919215625000000000e+04
2.379566955566406250e+01
1.947623632812500000e+04
2.248368652343750000e+03
1.957277200000000000e+07
1.873352294921875000e+03
1.211186328125000000e+04
5.826397265625000000e+04
4.164644250000000000e+06
6.561409179687500000e+03
9.234351875000000000e+05
5.112940000000000000e+05
4.081665234375000000e+04
1.201187265625000000e+05
5.717540625000000000e+05
1.025189200000000000e+07
1.238006700000000000e+07
4.815019500000000000e+06
1.528676093750000000e+05
7.584834500000000000e+06
5.449204375000000000e+05
4.347088281250000000e+04
9.405027000000000000e+06
1.935496375000000000e+06
4.703227050781250000e+03
7.761222144000000000e+09
4.384095200000000000e+07
1.025189200000000000e+07
3.134816960000000000e+08
1.238006700000000000e+07
4.815019500000000000e+06
3.136941312000000000e+09
7.584834500000000000e+06
5.449204375000000000e+05
9.405027000000000000e+06
6.525007872000000000e+10
7.761222144000000000e+09
4.384095200000000000e+07
3.134816960000000000e+08
3.136941312000000000e+09
6.525007872000000000e+10
7.418246250000000000e+05
8.385621948242187500e+02
4.691714453125000000e+04
1.241206250000000000e+05
3.700887109375000000e+04
2.084478906250000000e+04
9.670770507812500000e+03
3.213043554687500000e+04
8.031797851562500000e+03
6.913284667968750000e+03
8.620715332031250000e+02
1.343506347656250000e+03
1.583848600000000000e+07
5.771564941406250000e+02
2.442116250000000000e+06
1.484140781250000000e+05
1.582505798339843750e+02
1.741499200000000000e+07
1.746752031250000000e+05
5.527863693237304688e+01
9.411604881286621094e+00
3.034563437500000000e+05
5.026755371093750000e+03
2.604425600000000000e+07
1.583848600000000000e+07
5.257876953125000000e+03
5.771564941406250000e+02
2.442116250000000000e+06
1.771199340820312500e+03
1.582505798339843750e+02
1.741499200000000000e+07
5.527863693237304688e+01
1.197645507812500000e+04
5.026755371093750000e+03
2.604425600000000000e+07
5.257876953125000000e+03
1.771199340820312500e+03
1.197645507812500000e+04
1.296343164062500000e+04
9.629054687500000000e+04
1.135926757812500000e+04
8.187940625000000000e+04
8.170140000000000000e+05
3.034563437500000000e+05
2.094123046875000000e+04
1.513537343750000000e+05
1.877954843750000000e+05
1.719018676757812500e+03
5.095351953125000000e+04
8.170140000000000000e+05
1.466008203125000000e+04
9.610387695312500000e+03
1.877954843750000000e+05
5.095351953125000000e+04
9.610387695312500000e+03
6.644216406250000000e+04
5.115310156250000000e+04
3.658271875000000000e+04
1.549653906250000000e+04
3.029738281250000000e+04
4.876660937500000000e+04
2.395332617187500000e+04
1.506990820312500000e+04
2.117158789062500000e+04
4.346644500000000000e+06
2.772699804687500000e+04
5.285780468750000000e+04
8.261940000000000000e+05
1.323524000000000000e+07
1.087433395385742188e+02
8.006567968750000000e+04
5.278244531250000000e+04
3.860060424804687500e+02
7.307048125000000000e+05
6.929840625000000000e+04
4.246433258056640625e+01
4.109514999389648438e+01
2.058157157897949219e+01
7.638756103515625000e+02
2.479243680000000000e+08
1.811243750000000000e+06
1.011148910522460938e+02
5.454289627075195312e+01
8.874712890625000000e+03
4.535153808593750000e+02
1.905201263427734375e+02
2.047905859375000000e+04
2.160622596740722656e+01
9.123869628906250000e+02
3.709540405273437500e+02
1.681848000000000000e+06
5.167377853393554688e+01
1.993750457763671875e+02
3.970453796386718750e+02
2.945811000000000000e+06
4.529720500000000000e+06
5.542985156250000000e+04
7.400461250000000000e+05
6.873742675781250000e+02
5.272332421875000000e+04
1.262906560000000000e+08
6.638179687500000000e+04
8.467430625000000000e+05
1.143164296875000000e+05
4.559612500000000000e+06
1.523803875000000000e+06
2.730555078125000000e+04
1.095878906250000000e+05
8.919215625000000000e+04
3.562878417968750000e+01
1.144235234375000000e+05
2.824897705078125000e+03
3.662866406250000000e+04
5.633205000000000000e+05
6.065198828125000000e+04
1.953513875000000000e+06
2.451993750000000000e+04
5.395682031250000000e+04
2.770060750000000000e+06
7.253300000000000000e+04
8.936882812500000000e+04
3.034563437500000000e+05
3.547541796875000000e+04
1.258043000000000000e+06
4.072976750000000000e+06
4.914857187500000000e+05
7.032509375000000000e+04
8.524367968750000000e+04
6.330648750000000000e+05
4.548841796875000000e+04
1.043642750000000000e+06
6.032248828125000000e+04
2.770060750000000000e+06
1.658366406250000000e+05
1.875221718750000000e+05
1.158675312500000000e+05
1.542383625000000000e+06
6.685497500000000000e+05
4.072976750000000000e+06
1.322297375000000000e+06
3.104666562500000000e+05
6.330648750000000000e+05
1.043642750000000000e+06
2.091320375000000000e+06
4.444905625000000000e+05
1.875221718750000000e+05
1.542383625000000000e+06
1.322297375000000000e+06
2.091320375000000000e+06
1.684025937500000000e+05
1.164023046875000000e+04
9.280050048828125000e+02
8.079337500000000000e+04
1.773068945312500000e+04
7.950778125000000000e+04
1.789939575195312500e+03
4.438853027343750000e+03
1.074522500000000000e+05
1.348430125000000000e+06
4.870060546875000000e+03
2.646102812500000000e+05
1.494066601562500000e+04
3.034563437500000000e+05
2.606008500000000000e+06
1.074522500000000000e+05
1.348430125000000000e+06
2.646102812500000000e+05
2.606008500000000000e+06
2.678888500000000000e+06
5.270560546875000000e+03
1.043946718750000000e+05
2.176647750000000000e+06
1.323524000000000000e+07
4.351483886718750000e+03
2.777786914062500000e+04
2.852682500000000000e+05
1.174558300000000000e+07
4.155551500000000000e+06
6.507179687500000000e+03
4.304739200000000000e+07
3.253716796875000000e+04
1.818547656250000000e+04
1.966548224000000000e+09
4.142537812500000000e+05
1.922526093750000000e+05
5.308591250000000000e+05
4.988792500000000000e+06
1.428412875000000000e+06
1.185474121093750000e+04
1.027593750000000000e+06
1.281019531250000000e+05
1.407676660156250000e+04
3.680482812500000000e+04
1.148952929687500000e+04
1.651596875000000000e+05
2.009306875000000000e+06
2.696224687500000000e+05
1.055886375000000000e+06
7.579022656250000000e+04
1.072465125000000000e+06
2.611562109375000000e+04
2.009205500000000000e+06
6.417701953125000000e+04
4.857291562500000000e+05
1.518997500000000000e+05
2.243486250000000000e+05
2.208573046875000000e+04
4.438152500000000000e+06
6.202267500000000000e+05
1.940201600000000000e+07
4.968535312500000000e+05
1.995102625000000000e+06
1.631413437500000000e+05
5.872255000000000000e+05
2.334082500000000000e+06
2.686517750000000000e+06
2.961546562500000000e+05
1.198218750000000000e+06
9.024095312500000000e+04
1.355380000000000000e+05
1.383788300000000000e+07
2.242679250000000000e+06
1.273891700000000000e+07
1.216976500000000000e+06
2.374615200000000000e+07
1.286499375000000000e+06
9.845791250000000000e+05
5.559718125000000000e+05
1.906380000000000000e+07
1.500676400000000000e+07
1.716241875000000000e+05
4.050816015625000000e+04
6.165961250000000000e+05
8.365811523437500000e+03
8.236725781250000000e+04
3.457009062500000000e+05
6.940465332031250000e+03
7.386913281250000000e+04
3.027178437500000000e+05
1.066237695312500000e+04
2.644397500000000000e+05
1.729720625000000000e+05
3.196173437500000000e+04
3.816819062500000000e+05
4.292170312500000000e+04
3.991513750000000000e+05
7.932074707031250000e+03
6.495558125000000000e+05
5.300955468750000000e+04
3.457009062500000000e+05
8.318120312500000000e+04
1.897216093750000000e+05
1.962868164062500000e+04
2.332136406250000000e+05
1.202356328125000000e+05
1.729720625000000000e+05
2.630729500000000000e+06
4.252513281250000000e+04
3.991513750000000000e+05
6.495558125000000000e+05
2.612069750000000000e+06
7.931155468750000000e+04
1.897216093750000000e+05
2.332136406250000000e+05
2.630729500000000000e+06
2.612069750000000000e+06
1.054928808593750000e+04
8.929616406250000000e+04
7.746303125000000000e+05
1.782088906250000000e+05
9.295478515625000000e+02
4.872026562500000000e+04
2.289289218750000000e+05
2.384583398437500000e+04
1.154629296875000000e+05
5.514008178710937500e+02
4.633441796875000000e+04
2.678195937500000000e+05
4.529720500000000000e+06
1.537684448242187500e+03
2.280338281250000000e+04
8.942535937500000000e+04
1.388306274414062500e+03
3.097680419921875000e+03
1.522396875000000000e+05
3.844873046875000000e+02
3.611818359375000000e+04
1.444939218750000000e+05
1.196841375000000000e+06
2.517538818359375000e+03
1.638061035156250000e+03
1.675212646484375000e+03
3.635100937500000000e+05
7.760366875000000000e+05
7.442453125000000000e+05
1.129267944335937500e+03
2.685816894531250000e+03
3.991140234375000000e+04
1.182480566406250000e+04
2.229087402343750000e+03
1.513959472656250000e+03
9.457132568359375000e+02
1.947857656250000000e+05
7.604941875000000000e+05
3.688639375000000000e+05
1.743337500000000000e+04
5.832766113281250000e+03
3.797281005859375000e+03
2.008607625000000000e+06
9.950653320312500000e+03
1.348967773437500000e+04
5.094518554687500000e+03
2.775381103515625000e+03
7.890810625000000000e+05
4.363548828125000000e+04
2.714977343750000000e+04
5.799707519531250000e+03
1.210751875000000000e+06
4.990118800000000000e+07
2.770525750000000000e+06
8.004354000000000000e+06
1.820919062500000000e+05
1.346149700000000000e+07
1.017347000000000000e+07
5.835332500000000000e+05
1.348430125000000000e+06
3.034563437500000000e+05
4.870060546875000000e+03
8.063654400000000000e+09
3.878877696000000000e+09
4.990118800000000000e+07
3.082915520000000000e+08
2.770525750000000000e+06
8.004354000000000000e+06
2.030180992000000000e+09
1.346149700000000000e+07
1.017347000000000000e+07
1.348430125000000000e+06
7.200489472000000000e+10
8.063654400000000000e+09
3.878877696000000000e+09
3.082915520000000000e+08
2.030180992000000000e+09
7.200489472000000000e+10
2.272396250000000000e+06
3.567260750000000000e+06
1.026115390625000000e+05
2.475932226562500000e+04
3.567260750000000000e+06
1.977391093750000000e+05
1.045021484375000000e+05
6.705886250000000000e+05
6.439754687500000000e+04
8.456400390625000000e+03
2.213019042968750000e+03
1.111618900000000000e+07
4.757294000000000000e+06
2.442116250000000000e+06
3.573924609375000000e+04
7.498096679687500000e+03
1.180378000000000000e+06
1.189378600000000000e+07
4.060408593750000000e+04
2.043755625000000000e+06
1.737004296875000000e+04
6.938311718750000000e+04
9.984307031250000000e+04
6.371187840000000000e+08
6.104048000000000000e+07
1.193353281250000000e+05
5.418965600000000000e+07
4.329047500000000000e+05
1.888133281250000000e+05
2.756563476562500000e+04
4.273206640625000000e+04
1.377079345703125000e+03
1.522519520000000000e+08
6.268113281250000000e+04
1.981385156250000000e+05
2.973750312500000000e+05
5.491823500000000000e+06
9.432931250000000000e+05
1.329266308593750000e+04
7.200489472000000000e+10
3.016767250000000000e+06
3.336951562500000000e+05
1.956605250000000000e+06
5.259589375000000000e+05
4.323691406250000000e+03
8.839553710937500000e+03
3.027503250000000000e+06
6.900771840000000000e+08
3.371431250000000000e+05
6.527626562500000000e+04
3.028024640000000000e+08
2.383432812500000000e+04
1.208472900000000000e+07
1.323524000000000000e+07
2.442116250000000000e+06
1.378537402343750000e+04
4.765956800000000000e+07
1.106704062500000000e+05
1.767375976562500000e+04
1.237608960000000000e+09
2.424389750000000000e+06
4.478934375000000000e+05
3.377885000000000000e+06
4.894301600000000000e+07
1.753446250000000000e+05
2.963692773437500000e+04
1.985640125000000000e+06
3.330411875000000000e+05
1.528676093750000000e+05
2.747193750000000000e+04
1.132504875000000000e+06
5.295035000000000000e+05
9.809596679687500000e+03
4.167906640625000000e+04
5.013912500000000000e+05
1.049075625000000000e+05
1.072527109375000000e+05
3.083150390625000000e+04
7.797849218750000000e+04
9.179026367187500000e+03
1.524134375000000000e+05
6.705406250000000000e+05
3.330411875000000000e+05
2.553737031250000000e+05
2.410430078125000000e+04
4.765677343750000000e+04
1.509027441406250000e+04
1.003301484375000000e+05
2.813256250000000000e+05
1.049075625000000000e+05
6.188962402343750000e+03
1.056366503906250000e+04
7.797849218750000000e+04
1.524134375000000000e+05
5.717368164062500000e+03
7.164719726562500000e+03
4.765677343750000000e+04
1.003301484375000000e+05
6.188962402343750000e+03
5.717368164062500000e+03
1.529607617187500000e+04
3.274978125000000000e+05
1.814234179687500000e+04
6.633579687500000000e+04
4.258739453125000000e+04
1.623000366210937500e+03
2.043755625000000000e+06
1.743788085937500000e+04
7.026107031250000000e+04
2.841904500000000000e+06
8.783615234375000000e+03
7.954819335937500000e+03
3.023393125000000000e+05
1.405631562500000000e+05
1.687052656250000000e+05
3.422560937500000000e+04
4.656472265625000000e+04
2.127023046875000000e+04
4.529720500000000000e+06
5.684936035156250000e+03
4.278095703125000000e+04
1.233719360351562500e+03
2.519341015625000000e+04
5.957089233398437500e+02
6.923773803710937500e+02
1.459951269531250000e+04
2.682005273437500000e+04
1.980619921875000000e+04
2.819277812500000000e+05
4.550811718750000000e+04
1.524681274414062500e+03
1.622256718750000000e+05
2.013781250000000000e+04
9.298243750000000000e+05
5.814584765625000000e+04
1.220371093750000000e+04
8.610062255859375000e+02
3.793977661132812500e+02
9.691141357421875000e+02
2.754248046875000000e+04
1.858541503906250000e+03
2.174419921875000000e+04
1.166994433593750000e+04
1.803181875000000000e+05
2.134065625000000000e+04
1.414513281250000000e+04
1.308022109375000000e+05
2.792269287109375000e+03
3.934601953125000000e+04
4.422070617675781250e+02
1.003455957031250000e+04
4.730732031250000000e+04
7.932040405273437500e+02
6.282717773437500000e+03
1.028924609375000000e+04
3.802573242187500000e+03
8.718809000000000000e+06
1.345088750000000000e+05
3.483070703125000000e+04
2.737501250000000000e+05
1.375515000000000000e+07
2.097718000000000000e+07
2.056506718750000000e+05
3.950107031250000000e+04
8.017021000000000000e+06
2.545577539062500000e+04
3.144274902343750000e+03
9.075956875000000000e+05
4.756999218750000000e+04
1.988933181762695312e+01
3.166745920000000000e+08
5.747533000000000000e+06
1.096991484375000000e+05
1.371298400000000000e+08
1.364468125000000000e+06
9.517519531250000000e+03
7.505882500000000000e+06
2.061791093750000000e+05
1.924675537109375000e+03
3.101316406250000000e+04
1.437114624000000000e+09
4.544817000000000000e+06
1.984897343750000000e+05
1.438685625000000000e+06
1.722911406250000000e+05
8.575290000000000000e+06
1.989582800000000000e+07
2.730602000000000000e+06
1.917591093750000000e+05
4.751208000000000000e+07
1.739336250000000000e+06
3.014065000000000000e+05
2.386281984000000000e+09
2.074098000000000000e+07
2.815003250000000000e+06
4.879546000000000000e+07
2.429164544000000000e+09
1.709110937500000000e+04
1.485315875000000000e+06
4.476596679687500000e+02
5.062638437500000000e+05
9.797270507812500000e+02
1.181099121093750000e+03
4.385749218750000000e+04
2.906374511718750000e+02
1.144620605468750000e+04
1.424371826171875000e+03
2.506464111328125000e+03
1.908594726562500000e+04
4.942625000000000000e+06
5.258836875000000000e+05
5.581090500000000000e+06
2.869778320312500000e+03
9.210495000000000000e+06
4.765956800000000000e+07
6.629563281250000000e+04
1.348430125000000000e+06
1.032990234375000000e+03
4.778570703125000000e+04
6.358141875000000000e+05
1.729095312500000000e+04
2.894330000000000000e+05
4.781979980468750000e+02
1.814521280000000000e+08
6.470392800000000000e+07
1.431640781250000000e+05
1.068434100000000000e+07
2.144931445312500000e+04
2.138794218750000000e+05
1.972769408000000000e+09
1.352052968750000000e+05
3.104294750000000000e+06
1.012392187500000000e+05
7.461652000000000000e+07
2.146743200000000000e+07
2.883636718750000000e+04
3.384684687500000000e+05
9.671672363281250000e+02
1.473845019531250000e+04
6.810629120000000000e+09
2.057919750000000000e+06
2.744383750000000000e+06
7.754988750000000000e+05
2.609144000000000000e+07
8.663566720000000000e+08
1.412525625000000000e+06
5.376092500000000000e+05
3.546155078125000000e+04
8.128502400000000000e+07
1.325418600000000000e+07
1.953098375000000000e+06
3.756420703125000000e+04
1.265572500000000000e+05
1.291859000000000000e+07
1.087449062500000000e+05
1.820594218750000000e+05
1.671078500000000000e+06
1.147895375000000000e+06
5.614506640625000000e+04
8.859786718750000000e+04
8.919215625000000000e+04
9.973276519775390625e+01
2.862927187500000000e+05
8.799066406250000000e+04
1.553759300000000000e+07
4.920572500000000000e+06
1.061199062500000000e+05
6.586065600000000000e+07
2.532172500000000000e+05
6.805667968750000000e+04
4.189493504000000000e+09
1.278222500000000000e+06
4.593872500000000000e+05
5.780311000000000000e+06
1.776087600000000000e+07
1.486324843750000000e+05
5.274705078125000000e+03
1.026115390625000000e+05
1.746752031250000000e+05
5.274705078125000000e+03
1.681673125000000000e+05
1.899334218750000000e+05
5.202927734375000000e+03
2.182177343750000000e+04
6.379704500000000000e+06
5.697401250000000000e+05
6.656200500000000000e+06
2.349982226562500000e+04
9.210495000000000000e+06
4.765956800000000000e+07
1.698012750000000000e+06
1.348430125000000000e+06
2.598924804687500000e+03
9.124603125000000000e+04
1.780364400000000000e+07
3.528141406250000000e+04
3.808735625000000000e+05
1.843537353515625000e+03
3.560977280000000000e+08
5.591795200000000000e+08
6.032250000000000000e+06
1.657944700000000000e+07
4.027425625000000000e+05
1.000692200000000000e+07
1.972769408000000000e+09
7.224438500000000000e+06
6.287932400000000000e+07
6.426338750000000000e+05
1.167558720000000000e+08
3.891346560000000000e+08
1.462977400000000000e+07
3.495405312500000000e+05
2.469870898437500000e+04
2.743250937500000000e+05
6.670805811200000000e+10
2.530293920000000000e+08
8.939243520000000000e+08
1.679229200000000000e+07
1.679276160000000000e+09
2.103397376000000000e+09
9.112385600000000000e+07
5.109608640000000000e+08
2.638676875000000000e+05
6.389338931200000000e+10
2.101869568000000000e+09
3.146271484375000000e+04
2.743078437500000000e+05
1.035250195312500000e+04
3.034563437500000000e+05
2.743078437500000000e+05
3.380038671875000000e+04
6.938564375000000000e+05
2.678195937500000000e+05
4.385401562500000000e+04
2.815438437500000000e+05
4.633100937500000000e+05
2.170653125000000000e+04
1.878479375000000000e+05
2.922039250000000000e+06
1.888378281250000000e+05
7.613795625000000000e+05
9.148660156250000000e+04
2.537733500000000000e+06
2.187838250000000000e+06
2.641617500000000000e+06
9.408417968750000000e+04
1.146046750000000000e+06
1.009616250000000000e+06
9.202369375000000000e+05
8.326734375000000000e+03
2.225528564453125000e+02
2.321097070312500000e+04
1.148189331054687500e+03
2.234680156250000000e+05
4.893327500000000000e+06
2.647713085937500000e+04
1.166514843750000000e+04
1.212205444335937500e+03
2.748338378906250000e+03
9.033136875000000000e+05
3.540724218750000000e+04
1.797421562500000000e+05
2.302381835937500000e+03
9.361035937500000000e+04
5.419001562500000000e+04
4.050816015625000000e+04
1.737521240234375000e+03
4.992355957031250000e+03
4.964055000000000000e+05
2.380201600000000000e+07
2.941880226135253906e+01
4.765956800000000000e+07
7.349246978759765625e+00
3.883238250000000000e+06
1.178106880187988281e+01
4.781692886352539062e+01
8.855663360000000000e+08
1.131531829833984375e+02
3.686874771118164062e+01
4.717178649902343750e+02
4.156799200000000000e+07
1.478836750000000000e+06
3.264093017578125000e+03
4.370116796875000000e+04
7.184090625000000000e+04
3.269321750000000000e+06
2.774281445312500000e+04
1.274813750000000000e+06
1.188417480468750000e+04
1.602816406250000000e+04
1.593362625000000000e+06
1.912493000000000000e+06
4.845798750000000000e+05
2.596786718750000000e+05
3.039361500000000000e+06
3.891157421875000000e+04
1.283808046875000000e+05
1.183905900000000000e+07
1.665260750000000000e+06
1.362342250000000000e+06
1.162981054687500000e+04
3.426445250000000000e+06
3.110418437500000000e+05
1.538139355468750000e+04
2.714970312500000000e+05
6.183291875000000000e+05
1.299722031250000000e+05
4.639499062500000000e+05
9.536682500000000000e+05
4.270778515625000000e+04
5.740903515625000000e+04
6.544531000000000000e+06
2.584677343750000000e+04
4.765956800000000000e+07
5.942525024414062500e+02
1.456294125000000000e+06
9.034575195312500000e+03
1.342175097656250000e+04
5.255381120000000000e+08
3.417320312500000000e+05
7.201181152343750000e+03
3.086465937500000000e+05
5.163671875000000000e+05
8.260017968750000000e+04
1.150245156250000000e+05
3.082470250000000000e+06
3.863446500000000000e+06
4.529720500000000000e+06
1.300512968750000000e+05
4.800391250000000000e+05
7.278331250000000000e+05
2.327774218750000000e+04
2.312947250000000000e+06
5.862884765625000000e+04
1.782605625000000000e+05
2.357265440000000000e+08
5.620777500000000000e+06
2.537904843750000000e+05
1.679665920000000000e+08
6.998067500000000000e+05
2.187352000000000000e+06
1.718362800000000000e+07
2.221489062500000000e+05
3.059323437500000000e+05
9.616705000000000000e+05
3.500133990400000000e+10
2.674617200000000000e+07
3.784527500000000000e+05
3.042565600000000000e+07
5.116410000000000000e+06
1.538479232000000000e+09
4.474352500000000000e+06
1.210726093750000000e+05
4.655396972656250000e+03
8.100685156250000000e+04
1.043910888671875000e+03
1.709539218750000000e+05
1.955486000000000000e+06
1.953098375000000000e+06
6.824258750000000000e+05
1.766568750000000000e+05
6.656200500000000000e+06
4.758701171875000000e+04
3.039361500000000000e+06
5.069996093750000000e+04
1.123113125000000000e+06
1.282496250000000000e+06
7.657063125000000000e+05
1.294030234375000000e+05
1.619303600000000000e+07
1.982251625000000000e+06
4.711384400000000000e+07
5.808460546875000000e+04
3.180967500000000000e+06
2.048077031250000000e+05
6.876258593750000000e+04
1.060554400000000000e+07
1.803228000000000000e+07
3.235551875000000000e+05
5.623693125000000000e+05
3.621709687500000000e+05
7.704641406250000000e+04
1.453199300000000000e+07
2.852682500000000000e+05
2.373274062500000000e+05
3.874046250000000000e+05
3.492939600000000000e+07
4.063103437500000000e+05
5.750492500000000000e+05
1.820630781250000000e+05
1.103199250000000000e+06
1.392753875000000000e+06
1.092320800781250000e+04
7.181824218750000000e+04
1.594808105468750000e+04
5.447287500000000000e+05
1.916334375000000000e+06
7.631351074218750000e+03
1.203192500000000000e+05
8.116251562500000000e+04
2.197057187500000000e+05
2.652803750000000000e+05
3.730468437500000000e+05
1.250148144531250000e+04
2.491664687500000000e+05
3.777125000000000000e+05
3.980120703125000000e+04
1.268718125000000000e+05
4.051954750000000000e+06
2.559326562500000000e+04
5.668037500000000000e+04
1.015039218750000000e+05
1.067239250000000000e+06
1.673834570312500000e+04
2.955315625000000000e+04
1.047021187500000000e+06
8.761212500000000000e+05
1.466492031250000000e+05
2.635962812500000000e+05
3.578255859375000000e+04
2.436353027343750000e+03
2.848626250000000000e+05
3.581564062500000000e+04
3.053521750000000000e+06
1.586887968750000000e+05
1.111254921875000000e+05
3.993032500000000000e+06
3.160733947753906250e+02
4.816486358642578125e+01
2.843309375000000000e+05
3.100314025878906250e+02
5.731170898437500000e+03
4.013132812500000000e+04
7.704011840820312500e+02
6.799883000000000000e+06
1.884415820312500000e+04
1.782605625000000000e+05
2.613868281250000000e+05
1.593758911132812500e+03
8.853357421875000000e+03
4.542284062500000000e+05
2.716057226562500000e+04
2.120062343750000000e+05
1.348430125000000000e+06
5.685667480468750000e+03
2.132612500000000000e+06
3.101198974609375000e+03
4.602726171875000000e+04
5.990886000000000000e+06
4.901630371093750000e+03
1.743964453125000000e+04
4.862946875000000000e+04
5.816842578125000000e+04
4.602757421875000000e+04
8.803942000000000000e+06
1.710555375000000000e+06
4.765956800000000000e+07
9.393391601562500000e+03
2.524596406250000000e+05
1.013131953125000000e+05
9.325663000000000000e+06
2.013747200000000000e+08
6.164137200000000000e+07
1.896463593750000000e+05
1.845431520000000000e+08
3.958041503906250000e+03
3.824870361328125000e+03
5.706993125000000000e+05
4.666906640625000000e+04
6.293340454101562500e+02
4.815797265625000000e+04
1.550834375000000000e+05
1.405225781250000000e+04
3.068325195312500000e+04
8.936703906250000000e+04
3.254904062500000000e+05
4.682274218750000000e+04
1.297985058593750000e+04
8.819968000000000000e+06
5.969064062500000000e+04
5.010937109375000000e+04
8.887027343750000000e+04
1.339665375000000000e+06
6.653012084960937500e+02
3.809836562500000000e+05
4.969056875000000000e+05
2.428050390625000000e+04
2.172077734375000000e+04
9.716384375000000000e+04
2.177464453125000000e+04
7.971566894531250000e+03
1.126206375000000000e+06
3.934368750000000000e+04
1.571607343750000000e+05
4.194903750000000000e+05
1.928188750000000000e+05
5.115310156250000000e+04
2.091603375000000000e+06
1.528676093750000000e+05
5.631113281250000000e+03
2.341841750000000000e+06
9.100425781250000000e+04
2.018734765625000000e+04
2.615270250000000000e+06
2.028651250000000000e+05
2.242536562500000000e+05
7.813296093750000000e+04
6.962227500000000000e+05
3.746831640625000000e+04
2.535275000000000000e+05
2.949034179687500000e+04
2.000490625000000000e+06
1.400526718750000000e+05
2.705476875000000000e+05
1.211288100000000000e+07
4.366092500000000000e+06
3.606162890625000000e+04
4.398593600000000000e+07
4.846953906250000000e+04
3.521996093750000000e+04
2.157204224000000000e+09
4.918299375000000000e+05
2.121757343750000000e+05
6.843027500000000000e+05
2.657655750000000000e+06
1.798403564453125000e+03
9.504123750000000000e+05
2.369237060546875000e+03
2.311075927734375000e+03
2.920597900390625000e+03
6.028797656250000000e+04
2.258717968750000000e+05
1.320895000000000000e+05
2.431634277343750000e+03
1.356792968750000000e+03
3.615818437500000000e+05
2.360980712890625000e+03
3.537776855468750000e+03
3.576362500000000000e+04
5.115310156250000000e+04
1.955486000000000000e+06
1.953098375000000000e+06
4.529720500000000000e+06
1.062928710937500000e+04
1.892535781250000000e+05
6.614475781250000000e+04
8.092037500000000000e+04
8.343289843750000000e+04
3.039361500000000000e+06
1.138170507812500000e+04
2.014846093750000000e+05
1.747685000000000000e+05
1.955807812500000000e+05
1.921556406250000000e+05
6.331460937500000000e+04
5.701162500000000000e+05
1.619303600000000000e+07
9.046314000000000000e+06
2.393370000000000000e+06
1.262368066406250000e+04
3.853029687500000000e+04
3.166806562500000000e+05
9.320448750000000000e+05
4.428671093750000000e+04
4.552217968750000000e+04
1.655726367187500000e+04
1.155739375000000000e+06
3.174931875000000000e+05
3.738075625000000000e+05
3.460846250000000000e+06
7.146791250000000000e+05
4.963643125000000000e+05
3.041550400000000000e+07
1.678910468750000000e+05
5.449531250000000000e+05
8.088935156250000000e+04
1.001357265625000000e+05
2.025981750000000000e+06
3.683609000000000000e+06
4.926885000000000000e+05
6.897703125000000000e+04
1.033368437500000000e+06
3.819615234375000000e+04
1.145011328125000000e+05
9.102498750000000000e+05
1.435463281250000000e+05
1.814610625000000000e+05
2.471614062500000000e+05
5.509589843750000000e+02
8.907638125000000000e+05
3.758087890625000000e+03
1.562082910156250000e+04
9.865847656250000000e+03
2.305965500000000000e+06
2.938109970092773438e+01
1.398626074218750000e+04
9.794236328125000000e+03
1.167521118164062500e+03
1.551391375000000000e+06
1.126774843750000000e+05
1.782081420898437500e+03
4.028286718750000000e+04
8.565907000000000000e+06
2.599914500000000000e+06
2.442116250000000000e+06
5.037261328125000000e+04
2.479539687500000000e+05
5.407882500000000000e+06
4.237113281250000000e+03
1.348430125000000000e+06
1.023098266601562500e+03
4.707100390625000000e+04
4.566822400000000000e+07
7.553090000000000000e+05
1.097570156250000000e+05
1.013394880000000000e+08
1.404914687500000000e+05
3.122009062500000000e+05
6.783405500000000000e+06
1.793888476562500000e+04
1.748446875000000000e+05
9.947505468750000000e+04
5.690169500000000000e+06
4.944513750000000000e+05
2.569998242187500000e+04
2.389761750000000000e+06
5.672889375000000000e+05
1.888743906250000000e+05
2.356706800000000000e+07
2.526432500000000000e+06
3.399383203125000000e+04
3.210490000000000000e+07
6.013884765625000000e+04
3.218432031250000000e+04
2.903787520000000000e+09
1.241391125000000000e+06
2.947447187500000000e+05
1.927520375000000000e+06
4.983223200000000000e+07
8.872757031250000000e+04
4.955051953125000000e+04
3.650935156250000000e+04
1.141509125000000000e+06
1.160808625000000000e+06
3.613836500000000000e+06
5.919856250000000000e+04
5.010344000000000000e+06
1.998922343750000000e+05
1.934131875000000000e+05
2.518817500000000000e+05
3.039361500000000000e+06
1.005575292968750000e+04
5.109605625000000000e+05
2.672230937500000000e+05
6.427526562500000000e+04
2.913358125000000000e+05
1.553844062500000000e+05
3.218892187500000000e+05
8.000866500000000000e+06
4.078698250000000000e+06
1.225034375000000000e+06
1.216746406250000000e+05
9.770772656250000000e+04
4.281366000000000000e+06
7.370955625000000000e+05
1.503934375000000000e+05
3.236685546875000000e+04
7.772153125000000000e+04
3.522279750000000000e+06
8.073553750000000000e+05
1.653087656250000000e+05
3.096253000000000000e+06
4.572629687500000000e+05
7.695144375000000000e+05
1.363814100000000000e+07
4.372180625000000000e+05
8.511099375000000000e+05
1.648636718750000000e+05
1.276182265625000000e+05
5.563596500000000000e+06
1.620262875000000000e+06
3.912892500000000000e+05
8.774380468750000000e+04
1.455780500000000000e+06
5.729776855468750000e+03
5.884260253906250000e+03
4.362688437500000000e+05
3.186211914062500000e+04
8.905726562500000000e+04
7.335637500000000000e+04
1.148323750000000000e+05
3.107145898437500000e+04
1.955486000000000000e+06
6.667910766601562500e+02
1.646801757812500000e+04
6.927086250000000000e+05
4.407145996093750000e+02
5.062638437500000000e+05
2.107472412109375000e+03
1.505103515625000000e+04
1.738666601562500000e+04
1.199248750000000000e+06
7.773234252929687500e+02
3.432894531250000000e+04
1.395551513671875000e+03
6.264228515625000000e+04
1.643107031250000000e+05
1.186907226562500000e+03
4.976846191406250000e+03
2.698772851562500000e+04
2.841152148437500000e+04
8.775004882812500000e+02
3.834769531250000000e+04
7.446406250000000000e+04
7.259565429687500000e+03
4.420387500000000000e+04
1.142815312500000000e+05
1.592710449218750000e+04
1.955486000000000000e+06
1.953098375000000000e+06
4.529720500000000000e+06
1.879483593750000000e+04
2.086821406250000000e+05
1.500753593750000000e+05
1.566740781250000000e+05
6.581616406250000000e+04
3.039361500000000000e+06
1.924431054687500000e+04
2.017086093750000000e+05
1.106008750000000000e+06
1.100534296875000000e+05
1.812813281250000000e+05
4.515021484375000000e+04
2.483797343750000000e+05
1.619303600000000000e+07
9.046314000000000000e+06
2.393370000000000000e+06
5.022788671875000000e+04
3.799980078125000000e+04
6.451164375000000000e+05
6.520054375000000000e+05
5.327207812500000000e+04
4.036566406250000000e+04
2.420173828125000000e+04
2.365752500000000000e+06
2.303761875000000000e+05
3.022660625000000000e+05
1.597724875000000000e+06
4.649584687500000000e+05
1.191645156250000000e+05
3.041550400000000000e+07
1.932216250000000000e+05
4.349747187500000000e+05
6.456383593750000000e+04
2.591353906250000000e+04
3.307342250000000000e+06
3.079746250000000000e+06
2.663694375000000000e+05
2.467502750000000000e+06
8.525063476562500000e+02
1.748626831054687500e+03
3.460360937500000000e+04
4.680626171875000000e+04
1.741499200000000000e+07
1.976457226562500000e+04
3.629599609375000000e+03
6.457196875000000000e+05
1.202528750000000000e+06
5.627023437500000000e+04
1.676891406250000000e+04
2.613348437500000000e+04
1.707715937500000000e+05
1.347734472656250000e+04
3.280988525390625000e+03
5.021958007812500000e+03
1.174848632812500000e+04
3.034209960937500000e+03
5.390112500000000000e+05
5.369166000000000000e+06
4.529720500000000000e+06
4.893327500000000000e+06
1.217856171875000000e+05
4.576687500000000000e+05
4.536867812500000000e+05
5.026540039062500000e+03
1.348430125000000000e+06
7.343504687500000000e+04
3.606248535156250000e+03
3.914931200000000000e+08
2.664424000000000000e+07
3.517522500000000000e+05
1.060296080000000000e+08
4.811991875000000000e+05
8.172408750000000000e+05
6.654060000000000000e+07
5.694331640625000000e+04
1.181271093750000000e+04
1.489152656250000000e+05
2.283287347200000000e+10
2.899883000000000000e+06
4.626371875000000000e+05
5.585584500000000000e+06
9.888419375000000000e+05
6.790490400000000000e+07
2.477304400000000000e+07
2.621923000000000000e+06
1.506808437500000000e+05
1.854810000000000000e+07
2.613818593750000000e+05
1.782605625000000000e+05
2.543145984000000000e+09
2.134800250000000000e+06
1.483100625000000000e+06
3.882993750000000000e+06
1.954670400000000000e+08
2.005138085937500000e+04
2.192556800000000000e+07
1.592394218750000000e+05
2.057044218750000000e+05
4.858318000000000000e+06
2.707359960937500000e+04
1.531423535156250000e+04
2.216219726562500000e+04
9.319288085937500000e+03
2.492832000000000000e+07
3.582247500000000000e+06
1.083299375000000000e+05
4.765956800000000000e+07
8.073106250000000000e+04
4.517093359375000000e+04
2.899083776000000000e+09
2.170218593750000000e+05
1.782949218750000000e+05
1.498856625000000000e+06
1.308054600000000000e+07
3.088632250000000000e+06
4.529720500000000000e+06
8.060074218750000000e+04
2.043755625000000000e+06
3.575678955078125000e+03
5.833886718750000000e+04
8.433754400000000000e+07
4.237460625000000000e+05
8.417488125000000000e+05
1.237509062500000000e+05
5.322102000000000000e+06
4.998851500000000000e+06
1.194730148315429688e+02
9.377425384521484375e+01
1.831900976562500000e+04
1.214325488281250000e+04
4.045427734375000000e+03
1.639719531250000000e+04
3.569653076171875000e+03
2.222001757812500000e+04
6.539109375000000000e+04
1.953098375000000000e+06
2.985968933105468750e+02
2.893184375000000000e+04
3.483398437500000000e+05
2.292772705078125000e+03
1.424075156250000000e+05
1.782605625000000000e+05
4.681099121093750000e+03
1.183673515625000000e+05
2.040967968750000000e+05
1.655456445312500000e+04
8.084046875000000000e+04
1.439243164062500000e+03
2.867062695312500000e+04
1.487193298339843750e+02
8.063520000000000000e+05
1.893918359375000000e+04
6.945163281250000000e+04
1.503485156250000000e+04
2.299293750000000000e+04
2.536819091796875000e+03
3.168435000000000000e+05
1.069232578125000000e+05
7.242585937500000000e+04
1.966530312500000000e+05
2.019821777343750000e+03
1.206940429687500000e+04
1.948879531250000000e+05
1.014801953125000000e+05
7.604735351562500000e+03
9.987240234375000000e+03
2.008047812500000000e+05
5.218347265625000000e+04
3.829181640625000000e+04
2.553637031250000000e+05
1.853539218750000000e+05
1.089921171875000000e+05
3.257579492187500000e+04
1.955486000000000000e+06
3.306615234375000000e+04
1.655412968750000000e+05
2.868133125000000000e+05
1.326933203125000000e+04
2.105845312500000000e+04
3.454056640625000000e+04
1.849387375000000000e+06
3.916401875000000000e+05
7.648314062500000000e+04
7.871971093750000000e+04
1.886429687500000000e+04
1.953098375000000000e+06
8.396188281250000000e+04
1.587599531250000000e+05
9.548480468750000000e+04
1.182348984375000000e+05
1.340097812500000000e+05
3.610918125000000000e+05
4.802922851562500000e+03
8.323080078125000000e+03
1.026115390625000000e+05
4.325018359375000000e+04
8.323080078125000000e+03
4.677448242187500000e+03
1.639411562500000000e+05
1.810742382812500000e+04
5.024369921875000000e+04
3.252932226562500000e+04
1.235982000000000000e+06
2.727585625000000000e+05
2.264055781250000000e+05
5.173892500000000000e+06
4.764508500000000000e+06
2.751467968750000000e+04
1.348430125000000000e+06
2.746132812500000000e+03
1.980533007812500000e+04
1.051467040000000000e+08
1.756492500000000000e+05
9.815472500000000000e+05
3.950796875000000000e+04
2.568730000000000000e+06
5.299806000000000000e+06
4.529720500000000000e+06
1.214318906250000000e+05
5.050981875000000000e+05
5.169467285156250000e+03
7.021653125000000000e+04
3.862559680000000000e+08
3.010767187500000000e+05
4.478635625000000000e+05
5.937853515625000000e+04
2.390559500000000000e+06
1.081715300000000000e+07
1.961939544677734375e+02
1.036991500854492188e+01
2.592472534179687500e+02
1.787260742187500000e+02
1.413273010253906250e+02
9.173708343505859375e+01
1.556811500000000000e+06
1.486173437500000000e+05
5.876005078125000000e+04
1.556811500000000000e+06
8.397237304687500000e+03
5.639089843750000000e+03
1.493863403320312500e+03
8.881840000000000000e+06
6.655250781250000000e+04
3.644413200000000000e+07
1.004568786621093750e+03
9.323016875000000000e+05
4.695282031250000000e+04
1.324472500000000000e+05
1.509177344000000000e+09
2.389745750000000000e+06
7.926240625000000000e+04
2.308775600000000000e+07
1.048129101562500000e+04
1.293603808593750000e+04
3.319814062500000000e+04
5.253485351562500000e+03
1.187968125000000000e+06
5.260549609375000000e+04
3.391949062500000000e+05
7.683860937500000000e+04
4.926776428222656250e+02
9.224237670898437500e+02
1.629496459960937500e+02
1.879039062500000000e+04
1.620327539062500000e+04
1.393284843750000000e+05
3.211508789062500000e+04
1.955486000000000000e+06
1.953098375000000000e+06
1.851741577148437500e+03
2.329064843750000000e+05
5.216550390625000000e+04
4.236277343750000000e+04
1.061135234375000000e+05
3.039361500000000000e+06
3.963047119140625000e+03
2.260726562500000000e+05
7.011970000000000000e+05
2.667800781250000000e+04
2.038030937500000000e+05
1.619303600000000000e+07
2.381639648437500000e+03
1.360871875000000000e+04
5.816996875000000000e+05
3.840673437500000000e+05
2.293175292968750000e+03
3.435298437500000000e+04
4.545949000000000000e+06
1.038395812500000000e+06
4.403431250000000000e+04
1.244071875000000000e+05
1.080193375000000000e+06
6.353298339843750000e+02
1.227519897460937500e+03
6.976452148437500000e+03
1.723065234375000000e+04
2.353675537109375000e+03
1.232461093750000000e+05
3.273104687500000000e+05
1.253679980468750000e+04
8.496906127929687500e+02
6.305458984375000000e+02
9.602565307617187500e+02
2.701064648437500000e+04
1.192883691406250000e+04
3.095378662109375000e+03
1.348430125000000000e+06
8.873122070312500000e+03
5.110419140625000000e+04
4.332499218750000000e+04
5.115310156250000000e+04
8.957558593750000000e+04
3.578341015625000000e+04
2.349872460937500000e+04
3.354930500000000000e+06
2.263895703125000000e+04
2.039890429687500000e+04
6.072642187500000000e+04
3.320060937500000000e+05
1.008949829101562500e+03
3.276340312500000000e+05
3.490389843750000000e+04
6.152851562500000000e+03
5.659087890625000000e+04
3.948231250000000000e+04
3.337928466796875000e+03
8.843163085937500000e+03
1.106289296875000000e+05
5.115310156250000000e+04
1.953098375000000000e+06
8.939593750000000000e+03
6.903711718750000000e+04
6.090819375000000000e+05
2.299324609375000000e+04
8.343289843750000000e+04
2.385197812500000000e+05
2.240858984375000000e+04
2.922179062500000000e+05
2.587962968750000000e+05
1.056044062500000000e+05
6.331460937500000000e+04
1.841925390625000000e+04
1.038499140625000000e+05
7.836616699218750000e+03
1.707958625000000000e+06
6.729728125000000000e+04
6.090819375000000000e+05
3.488798828125000000e+04
2.204250781250000000e+04
2.259363671875000000e+04
6.191322500000000000e+05
1.962440468750000000e+05
2.587962968750000000e+05
1.025664125000000000e+06
8.320682812500000000e+04
1.038499140625000000e+05
1.707958625000000000e+06
2.295627343750000000e+05
4.338680468750000000e+04
2.204250781250000000e+04
6.191322500000000000e+05
1.025664125000000000e+06
2.295627343750000000e+05
4.529720500000000000e+06
2.483971289062500000e+04
2.665038867187500000e+04
2.472769375000000000e+05
7.277286718750000000e+04
1.002133812500000000e+06
2.621745312500000000e+05
7.338163281250000000e+04
3.260972500000000000e+05
5.603141875000000000e+05
3.309988671875000000e+04
1.649492500000000000e+05
1.850858875000000000e+06
2.479896562500000000e+05
8.076080000000000000e+05
2.033083000000000000e+06
1.190431762695312500e+03
1.564436279296875000e+03
1.268324902343750000e+04
2.332224500000000000e+06
3.627317504882812500e+02
8.099337768554687500e+02
9.514206054687500000e+03
1.642512125000000000e+06
1.484140781250000000e+05
4.809701953125000000e+04
1.642512125000000000e+06
2.302135351562500000e+04
0.000000000000000000e+00
6.106078338623046875e+01
1.338824510574340820e+00
2.576120703125000000e+04
7.744111718750000000e+04
2.416050390625000000e+04
5.829584960937500000e+03
1.566360058593750000e+04
6.927362500000000000e+04
1.227017944335937500e+03
7.011983593750000000e+04
1.079095468750000000e+05
7.401390625000000000e+03
1.366517773437500000e+04
3.641625781250000000e+04
3.863446500000000000e+06
4.078737250000000000e+06
7.983670312500000000e+04
1.942347125000000000e+06
6.505700390625000000e+04
8.947457812500000000e+04
1.534519360000000000e+08
6.631262500000000000e+05
1.810696250000000000e+06
7.238342500000000000e+05
2.875044400000000000e+07
1.805992578125000000e+04
9.887258789062500000e+03
1.614002343750000000e+04
1.565014550781250000e+04
3.098428125000000000e+05
4.529720500000000000e+06
3.220446679687500000e+04
4.013132812500000000e+04
4.688764572143554688e+01
2.817606250000000000e+04
5.530876500000000000e+06
7.039826660156250000e+03
2.660394375000000000e+05
2.285288330078125000e+03
1.180805234375000000e+05
5.115310156250000000e+04
1.258951640625000000e+05
4.438895703125000000e+04
2.227184960937500000e+04
1.855908750000000000e+06
1.782605625000000000e+05
3.416319140625000000e+04
3.350153515625000000e+04
3.311908125000000000e+05
2.271931152343750000e+03
1.710605937500000000e+05
2.805005000000000000e+05
9.767622070312500000e+03
1.172252929687500000e+04
7.173294531250000000e+04
2.806848242187500000e+04
3.978201416015625000e+03
4.426991699218750000e+03
3.515659765625000000e+04
1.741499200000000000e+07
7.498592968750000000e+04
1.190522094726562500e+03
1.478602441406250000e+04
1.030055859375000000e+05
3.466525634765625000e+03
2.212354800000000000e+07
8.625839062500000000e+04
6.220956875000000000e+05
2.317338800000000000e+07
2.066608750000000000e+06
1.412035839843750000e+04
7.437202500000000000e+05
8.006567968750000000e+04
2.886333007812500000e+04
6.555194854736328125e+01
7.179296875000000000e+03
7.783157348632812500e+02
2.176054687500000000e+04
1.313389500000000000e+07
1.274040859375000000e+05
5.903111718750000000e+04
3.139160937500000000e+05
3.284787187500000000e+05
2.937427139282226562e+01
9.984749000000000000e+06
1.588169500000000000e+06
1.567148193359375000e+03
9.388447265625000000e+03
1.265651953125000000e+04
9.952123000000000000e+06
3.581888750000000000e+06
1.429479843750000000e+05
1.255821875000000000e+06
3.563088281250000000e+04
1.780801093750000000e+05
2.641855680000000000e+08
1.450932250000000000e+06
5.367900000000000000e+05
4.327057812500000000e+05
1.899922400000000000e+07
7.135182031250000000e+04
1.634898925781250000e+04
7.714692187500000000e+04
1.282694946289062500e+03
2.624240429687500000e+04
2.264614648437500000e+04
1.291581054687500000e+03
4.201578125000000000e+04
5.809457519531250000e+03
2.375636230468750000e+03
1.143287402343750000e+04
2.972048242187500000e+04
1.834478393554687500e+03
6.791355468750000000e+03
3.220804443359375000e+03
1.002842773437500000e+04
1.593103906250000000e+04
7.735139648437500000e+03
1.594053833007812500e+03
1.079500195312500000e+04
2.959804931640625000e+03
2.346053955078125000e+03
1.113681054687500000e+04
8.991772460937500000e+03
5.160008300781250000e+03
3.750002197265625000e+03
5.115310156250000000e+04
8.416157031250000000e+04
5.698948730468750000e+03
6.194454589843750000e+03
1.589304250000000000e+06
4.301825781250000000e+04
5.615783691406250000e+03
1.122019433593750000e+04
3.094282187500000000e+05
9.383675537109375000e+02
1.575956875000000000e+05
3.032784960937500000e+04
3.803665039062500000e+03
4.785798828125000000e+04
1.738036718750000000e+04
4.169394042968750000e+03
3.988575195312500000e+03
4.529720500000000000e+06
1.812176171875000000e+04
6.471274414062500000e+03
5.172045625000000000e+05
2.075138400000000000e+07
1.790770625000000000e+06
2.599914500000000000e+06
1.225487421875000000e+05
9.211427000000000000e+06
9.853058000000000000e+06
5.782714843750000000e+04
1.053666375000000000e+06
3.933277343750000000e+04
5.711486816406250000e+03
1.051152768000000000e+09
5.670006272000000000e+09
1.494702750000000000e+06
6.704803600000000000e+07
2.188942500000000000e+05
4.982315000000000000e+05
2.045631872000000000e+09
3.563455312500000000e+05
7.200324375000000000e+05
2.485617187500000000e+05
7.200489472000000000e+10
5.673350000000000000e+06
2.550960000000000000e+07
2.973567500000000000e+06
8.420584000000000000e+06
4.909459520000000000e+08
8.667259375000000000e+04
7.814613342285156250e+01
6.944773437500000000e+04
1.528528417968750000e+04
1.082084062500000000e+05
1.300512968750000000e+05
2.093915429687500000e+04
9.528423000000000000e+06
1.336067968750000000e+05
6.197449609375000000e+04
2.721116500000000000e+06
1.332791601562500000e+04
2.677726562500000000e+04
2.663264892578125000e+03
5.942102343750000000e+04
1.901992500000000000e+06
1.174558300000000000e+07
4.529720500000000000e+06
1.528676093750000000e+05
3.204946750000000000e+06
5.416419500000000000e+06
2.859634960937500000e+04
4.765956800000000000e+07
1.705317000000000000e+06
3.034563437500000000e+05
6.497830400000000000e+09
9.159364000000000000e+07
1.901992500000000000e+06
2.033064064000000000e+09
1.174558300000000000e+07
4.529720500000000000e+06
6.680348800000000000e+08
3.204946750000000000e+06
5.416419500000000000e+06
4.765956800000000000e+07
7.200489472000000000e+10
6.497830400000000000e+09
9.159364000000000000e+07
2.033064064000000000e+09
6.680348800000000000e+08
7.200489472000000000e+10
3.747703906250000000e+04
5.046166015625000000e+04
5.994272949218750000e+03
1.161759375000000000e+04
3.424331250000000000e+05
2.082740000000000000e+07
8.968166406250000000e+04
1.662023242187500000e+04
2.414962187500000000e+05
2.403459250000000000e+06
2.442116250000000000e+06
4.736055664062500000e+03
1.569092125000000000e+06
1.450175781250000000e+03
1.282717382812500000e+04
2.559659600000000000e+07
5.104112109375000000e+04
6.558096093750000000e+04
8.652619140625000000e+03
1.832933906250000000e+05
1.739895375000000000e+06
1.168942675781250000e+04
1.212037750000000000e+06
1.141452734375000000e+05
1.928189331054687500e+03
4.090983276367187500e+02
3.544382934570312500e+02
5.527791796875000000e+04
1.634898925781250000e+04
9.541594726562500000e+03
1.400820703125000000e+04
3.842989375000000000e+05
2.658147500000000000e+06
4.609051953125000000e+04
5.184839843750000000e+03
2.673291992187500000e+03
2.439491875000000000e+05
2.084478906250000000e+04
2.017132750000000000e+06
3.449983750000000000e+05
2.442116250000000000e+06
2.767352734375000000e+04
3.752133750000000000e+06
6.117726953125000000e+04
1.051966953125000000e+05
5.338462500000000000e+04
9.268496250000000000e+05
1.368569433593750000e+04
4.474041000000000000e+06
5.977012500000000000e+05
4.059109750000000000e+06
1.174482265625000000e+05
4.857894140625000000e+04
3.145168750000000000e+05
2.909431750000000000e+06
9.980942000000000000e+06
1.345426875000000000e+06
5.414352343750000000e+04
5.235509375000000000e+04
1.245435875000000000e+06
4.470770937500000000e+05
1.783030781250000000e+05
3.470977343750000000e+04
2.845050625000000000e+05
4.882401000000000000e+06
1.946035200000000000e+07
2.485146250000000000e+06
1.090552500000000000e+06
4.910519062500000000e+05
2.404088437500000000e+05
1.638950900000000000e+07
3.644288750000000000e+05
1.451516250000000000e+06
5.247755000000000000e+05
2.727132812500000000e+05
1.903756400000000000e+07
1.715353250000000000e+06
2.236231500000000000e+06
1.261860900000000000e+07
2.120304800000000000e+07
9.700878125000000000e+05
3.952435937500000000e+04
9.882946000000000000e+06
6.300750000000000000e+05
2.514466015625000000e+04
8.551419000000000000e+06
4.796029296875000000e+04
1.394108398437500000e+03
4.091889920000000000e+09
9.111986400000000000e+07
3.787560312500000000e+05
5.508193280000000000e+09
1.431983875000000000e+06
6.162910937500000000e+04
1.813722752000000000e+09
5.630798750000000000e+05
6.815359375000000000e+04
3.964313125000000000e+05
7.200489472000000000e+10
1.757180800000000000e+07
3.441244250000000000e+06
7.386785600000000000e+07
4.234606400000000000e+07
4.693656576000000000e+09
9.735428125000000000e+05
2.235953320312500000e+04
5.527379882812500000e+03
4.534571289062500000e+03
1.036100708007812500e+03
2.942740625000000000e+04
3.443978786468505859e+00
2.632853906250000000e+04
1.512442321777343750e+02
8.877727500000000000e+05
8.990071250000000000e+05
4.765956800000000000e+07
1.752696679687500000e+04
2.844334375000000000e+05
1.782605625000000000e+05
1.017782250000000000e+06
6.462400800000000000e+07
1.304382200000000000e+07
1.358852500000000000e+05
1.421427000000000000e+07
2.183525600000000000e+07
3.645262187500000000e+05
1.083993261718750000e+04
6.739616250000000000e+05
1.323524000000000000e+07
2.442116250000000000e+06
1.546275468750000000e+05
4.765956800000000000e+07
8.945547500000000000e+05
1.681645781250000000e+05
1.237608960000000000e+09
2.854524250000000000e+06
1.330702375000000000e+06
1.301231400000000000e+07
1.288198320000000000e+08
3.488023828125000000e+04
3.653903564453125000e+03
1.330501855468750000e+04
6.297710937500000000e+03
5.579109375000000000e+05
1.199044067382812500e+03
1.953837695312500000e+04
2.161763593750000000e+05
4.284882031250000000e+04
1.078992578125000000e+05
5.276768066406250000e+03
2.787777587890625000e+03
7.397088750000000000e+05
1.693036718750000000e+04
2.575831054687500000e+04
1.080319213867187500e+03
8.142695922851562500e+02
1.710757446289062500e+03
8.877609252929687500e+02
2.145747656250000000e+04
1.640437875000000000e+06
1.528676093750000000e+05
1.777922265625000000e+04
1.640437875000000000e+06
2.861054687500000000e+05
7.067491210937500000e+03
5.523059765625000000e+04
5.187794921875000000e+04
5.115310156250000000e+04
2.832713134765625000e+03
3.181993961334228516e+00
5.319694140625000000e+04
2.799751520156860352e+00
1.998291492462158203e+00
2.565095186233520508e+00
2.442116250000000000e+06
1.595967031250000000e+05
1.782605625000000000e+05
1.338606625000000000e+06
1.279894843750000000e+05
2.947885625000000000e+05
4.424549000000000000e+06
1.529428437500000000e+05
3.985575000000000000e+04
8.811814575195312500e+02
2.857482812500000000e+05
5.266040500000000000e+06
2.947885625000000000e+05
4.424549000000000000e+06
3.985575000000000000e+04
5.266040500000000000e+06
1.128452246093750000e+04
1.349605468750000000e+05
1.054250781250000000e+04
1.459227343750000000e+04
6.442410000000000000e+05
3.574055786132812500e+02
5.275010625000000000e+05
2.662595214843750000e+03
1.399195703125000000e+04
7.199887500000000000e+04
9.211481323242187500e+02
3.492401171875000000e+04
3.782068750000000000e+04
2.093691601562500000e+04
3.073807812500000000e+04
7.850284179687500000e+03
4.485258789062500000e+03
1.209641900000000000e+07
2.121549023437500000e+04
1.898929500000000000e+06
2.450351500000000000e+06
3.581892187500000000e+04
6.938914062500000000e+04
1.892687343750000000e+05
4.893327500000000000e+06
4.529720500000000000e+06
3.586918701171875000e+03
1.348430125000000000e+06
4.267972717285156250e+02
1.147331152343750000e+04
1.060296080000000000e+08
2.765213085937500000e+04
1.560681562500000000e+05
7.648847167968750000e+03
3.054763750000000000e+05
8.911690625000000000e+04
1.741499200000000000e+07
3.086786523437500000e+04
3.550879687500000000e+04
4.998489000000000000e+06
7.885707031250000000e+04
1.011849765625000000e+05
2.844144375000000000e+05
1.762345117187500000e+04
1.485315875000000000e+06
4.292254062500000000e+05
1.730215625000000000e+05
1.174558300000000000e+07
4.317213500000000000e+06
2.157275585937500000e+04
4.411734800000000000e+07
3.026388085937500000e+04
8.126989746093750000e+03
1.887560448000000000e+09
2.304566093750000000e+05
1.116060859375000000e+05
3.435842500000000000e+05
4.927698750000000000e+05
2.461990039062500000e+04
4.408608203125000000e+04
1.012451367187500000e+04
2.599914500000000000e+06
4.534133203125000000e+04
1.936402099609375000e+03
2.835564250000000000e+06
7.060611816406250000e+03
1.457148925781250000e+03
3.854418750000000000e+04
5.123567871093750000e+03
1.641575195312500000e+04
3.583234375000000000e+05
7.072163750000000000e+05
1.783806250000000000e+05
4.463936875000000000e+05
3.386195625000000000e+05
3.251731835937500000e+04
1.060176250000000000e+05
3.774892500000000000e+06
1.045750875000000000e+06
8.861418750000000000e+05
5.407995000000000000e+05
1.266923706054687500e+03
1.607079492187500000e+04
6.690959375000000000e+04
3.345957812500000000e+04
2.521093125000000000e+05
1.073427734375000000e+05
1.115297851562500000e+04
9.031680468750000000e+04
6.904270507812500000e+03
2.020902343750000000e+05
1.346473593750000000e+05
2.899332750000000000e+06
4.526995000000000000e+06
1.930919375000000000e+05
7.163783125000000000e+05
2.026465942382812500e+03
5.169649609375000000e+04
1.238893280000000000e+08
2.065316250000000000e+06
9.623550000000000000e+05
3.927697500000000000e+05
4.485433600000000000e+07
7.643633593750000000e+04
4.299323242187500000e+03
1.003322601318359375e+00
1.724027375000000000e+06
1.143851171875000000e+05
3.542052001953125000e+03
1.056486250000000000e+05
1.775954492187500000e+04
7.638803100585937500e+02
6.290780078125000000e+04
6.210990234375000000e+03
6.745798437500000000e+04
6.818375488281250000e+03
1.485315875000000000e+06
1.916334375000000000e+06
3.508943750000000000e+04
4.721573500000000000e+06
1.607864843750000000e+05
2.214776718750000000e+05
3.911317812500000000e+05
3.039361500000000000e+06
1.125473828125000000e+04
1.013193750000000000e+06
5.472108125000000000e+05
2.818304882812500000e+04
1.107005937500000000e+05
1.191801700000000000e+07
4.063580859375000000e+04
1.697149687500000000e+05
3.417956500000000000e+06
1.036753250000000000e+06
1.462271386718750000e+04
6.949662500000000000e+04
4.990106000000000000e+06
8.869704375000000000e+05
3.033038750000000000e+05
3.569921562500000000e+05
4.542756250000000000e+05
1.308357500000000000e+06
6.374867578125000000e+04
2.084478906250000000e+04
6.012006835937500000e+03
3.433719531250000000e+04
6.313228027343750000e+03
8.263350781250000000e+04
2.381594531250000000e+04
4.541169921875000000e+04
1.115703222656250000e+04
8.055465820312500000e+03
1.185552875000000000e+06
1.087544921875000000e+03
8.779527343750000000e+04
2.450199500000000000e+06
2.687147812500000000e+05
6.581616406250000000e+04
3.034563437500000000e+05
8.444982147216796875e+01
7.366900878906250000e+03
1.004570078125000000e+05
3.651335546875000000e+04
6.761404687500000000e+04
9.328130493164062500e+02
1.453062597656250000e+04
8.200693359375000000e+02
6.829766875000000000e+05
9.769644531250000000e+04
2.450199500000000000e+06
1.436127624511718750e+02
6.565752563476562500e+02
1.924245147705078125e+02
2.218776562500000000e+04
1.039308203125000000e+04
1.004570078125000000e+05
9.875214843750000000e+03
1.691796020507812500e+03
1.453062597656250000e+04
6.829766875000000000e+05
8.314668579101562500e+02
2.786359558105468750e+02
6.565752563476562500e+02
2.218776562500000000e+04
9.875214843750000000e+03
8.314668579101562500e+02
6.862476875000000000e+05
9.686010156250000000e+04
2.638701562500000000e+05
1.916334375000000000e+06
7.569920312500000000e+04
4.587962187500000000e+05
5.585514375000000000e+05
3.003395750000000000e+06
7.173364062500000000e+04
3.452242431640625000e+03
8.617580000000000000e+05
5.615165234375000000e+04
3.274177539062500000e+04
3.733621875000000000e+05
5.330268750000000000e+05
1.892203593750000000e+05
4.374515136718750000e+03
2.202213000000000000e+06
4.587856640625000000e+04
3.032318437500000000e+05
2.138745200000000000e+07
5.330268750000000000e+05
1.892203593750000000e+05
2.202213000000000000e+06
2.138745200000000000e+07
4.146682617187500000e+03
9.499570312500000000e+04
9.248508593750000000e+04
1.842387500000000000e+04
1.215090000000000000e+07
3.180562500000000000e+05
1.616695900000000000e+07
4.328699218750000000e+04
1.741499200000000000e+07
1.782340468750000000e+05
2.183673250000000000e+06
7.847253760000000000e+08
4.185268750000000000e+06
1.005772125000000000e+06
4.574930400000000000e+07
2.667852294921875000e+03
1.846930375000000000e+06
4.529720500000000000e+06
1.528676093750000000e+05
1.446947998046875000e+03
1.654309204101562500e+03
5.036357727050781250e+02
1.931568750000000000e+06
5.291999218750000000e+04
3.034563437500000000e+05
1.290095781250000000e+05
1.558767187500000000e+04
2.667852294921875000e+03
5.126718800000000000e+07
1.846930375000000000e+06
4.529720500000000000e+06
6.370783203125000000e+04
1.446947998046875000e+03
1.654309204101562500e+03
1.931568750000000000e+06
1.641829400000000000e+07
1.290095781250000000e+05
1.558767187500000000e+04
5.126718800000000000e+07
6.370783203125000000e+04
1.641829400000000000e+07
8.609873657226562500e+02
2.526809960937500000e+04
3.845529500000000000e+06
2.132612500000000000e+06
6.071611718750000000e+04
2.105550000000000000e+04
4.765956800000000000e+07
7.217971038818359375e+01
1.421216601562500000e+04
2.984925537109375000e+03
1.467847812500000000e+05
7.705052343750000000e+04
2.222854400000000000e+08
7.905521250000000000e+05
4.694895629882812500e+02
2.458468322753906250e+02
3.563346562500000000e+05
4.362409687500000000e+05
3.228032958984375000e+03
1.071125000000000000e+06
2.786059179687500000e+04
1.343258281250000000e+05
2.834913125000000000e+05
1.182418906250000000e+05
9.169525909423828125e+01
8.448934570312500000e+03
1.890609062500000000e+05
7.524080078125000000e+03
1.034579609375000000e+05
1.933122656250000000e+04
3.078475781250000000e+04
7.199011230468750000e+03
9.118052734375000000e+03
1.698200195312500000e+04
7.363416000000000000e+06
1.845817625000000000e+06
1.280631171875000000e+05
8.941999375000000000e+05
3.934368750000000000e+04
9.944584375000000000e+04
1.386603040000000000e+08
1.047353750000000000e+06
3.667565000000000000e+05
3.417691875000000000e+05
2.031592400000000000e+07
2.166601500000000000e+06
5.974702734375000000e+04
2.041058203125000000e+04
8.497104687500000000e+04
3.449379882812500000e+02
1.409011093750000000e+05
3.759845275878906250e+02
3.209674609375000000e+04
1.639279882812500000e+04
2.175392773437500000e+04
1.250619140625000000e+04
1.060706625000000000e+06
1.330180406570434570e+00
3.404689788818359375e+00
1.499394250000000000e+06
5.103245312500000000e+04
2.147055859375000000e+04
9.192100000000000000e+04
3.636419921875000000e+03
1.350399687500000000e+05
9.960863125000000000e+05
2.646867812500000000e+05
3.201683654785156250e+02
1.804112343750000000e+05
3.656169687500000000e+05
6.535668945312500000e+03
3.310003906250000000e+04
9.960863125000000000e+05
4.166232910156250000e+02
2.180995117187500000e+03
3.656169687500000000e+05
3.310003906250000000e+04
2.180995117187500000e+03
1.378272600000000000e+07
2.383975250000000000e+06
2.599914500000000000e+06
1.595967031250000000e+05
4.836044800000000000e+07
9.525152000000000000e+06
9.607436875000000000e+05
1.283893625000000000e+06
1.707370625000000000e+05
3.934368750000000000e+04
1.316614144000000000e+09
1.244017920000000000e+09
2.848693750000000000e+06
9.521887200000000000e+07
1.251214625000000000e+06
1.297616250000000000e+06
2.061789696000000000e+09
1.315513200000000000e+07
2.168838000000000000e+06
4.463366250000000000e+05
7.200489472000000000e+10
1.322111840000000000e+08
4.835703200000000000e+07
1.593611900000000000e+07
9.349142400000000000e+07
8.336921600000000000e+09
2.489665250000000000e+06
1.348430125000000000e+06
6.409298095703125000e+02
4.729406000000000000e+06
8.096676757812500000e+03
1.870752929687500000e+04
1.073448800000000000e+07
1.242615136718750000e+04
1.136479492187500000e+04
9.559424218750000000e+04
1.499981093750000000e+05
2.802638085937500000e+04
1.452878125000000000e+04
6.296737500000000000e+05
6.286897500000000000e+05
7.747650000000000000e+04
1.776392375000000000e+06
4.444091875000000000e+05
5.275010625000000000e+05
2.350913906250000000e+05
3.039361500000000000e+06
8.626365234375000000e+03
6.057055000000000000e+05
3.735641562500000000e+05
7.280507812500000000e+04
8.133841406250000000e+04
7.078208000000000000e+06
3.400564375000000000e+05
3.078708125000000000e+05
3.212563750000000000e+06
3.673870000000000000e+06
4.563241406250000000e+04
6.464300000000000000e+04
5.660552000000000000e+06
1.268137375000000000e+06
2.220772500000000000e+06
1.071787375000000000e+06
3.409209250000000000e+06
2.599914500000000000e+06
2.588343500000000000e+06
4.973638671875000000e+04
1.086330875000000000e+06
4.646023500000000000e+06
3.718669140625000000e+04
1.132930500000000000e+06
1.013993041992187500e+03
4.717391796875000000e+04
8.635845600000000000e+07
1.707703000000000000e+06
3.259408125000000000e+05
9.226220800000000000e+07
1.382208750000000000e+05
3.263523125000000000e+05
7.365958000000000000e+06
5.026526171875000000e+04
5.729046250000000000e+05
8.800963281250000000e+04
1.091710000000000000e+07
1.729587000000000000e+06
9.278395312500000000e+04
2.265348750000000000e+06
5.794091250000000000e+05
4.612490312500000000e+05
1.002224200000000000e+07
1.475211300000000000e+07
2.707552250000000000e+06
1.356267031250000000e+05
4.137629500000000000e+06
2.764194250000000000e+06
7.204400000000000000e+04
4.663285600000000000e+07
1.705317000000000000e+06
3.019735937500000000e+05
3.325458176000000000e+09
3.377891500000000000e+06
1.002224200000000000e+07
1.477922176000000000e+09
1.475211300000000000e+07
2.707552250000000000e+06
4.436368000000000000e+08
4.137629500000000000e+06
2.764194250000000000e+06
4.663285600000000000e+07
7.200489472000000000e+10
3.325458176000000000e+09
3.377891500000000000e+06
1.477922176000000000e+09
4.436368000000000000e+08
7.200489472000000000e+10
6.969418334960937500e+02
1.206589218750000000e+05
2.581367492675781250e+02
1.803148625000000000e+06
1.595744687500000000e+05
2.342180078125000000e+04
1.289939375000000000e+06
1.091310625000000000e+05
5.115310156250000000e+04
1.955486000000000000e+06
2.720636250000000000e+05
4.529720500000000000e+06
9.060739257812500000e+03
5.095663750000000000e+05
3.189100195312500000e+04
8.092037500000000000e+04
1.107186484375000000e+05
1.311193000000000000e+06
2.263079492187500000e+04
3.317171562500000000e+05
5.838278515625000000e+04
9.319641406250000000e+04
1.921556406250000000e+05
1.818112500000000000e+04
5.701162500000000000e+05
2.399847250000000000e+06
9.046314000000000000e+06
9.108716875000000000e+05
1.239547070312500000e+04
1.178581347656250000e+04
2.527506562500000000e+05
3.009710937500000000e+05
5.637437890625000000e+04
9.771153320312500000e+03
1.737020898437500000e+04
9.000759375000000000e+05
3.079656875000000000e+05
3.757173046875000000e+04
1.143610000000000000e+06
7.146791250000000000e+05
9.645118750000000000e+04
1.917568400000000000e+07
5.863801953125000000e+04
2.058671093750000000e+05
1.549539375000000000e+05
1.845767773437500000e+04
2.934362500000000000e+06
1.075987125000000000e+06
1.255621718750000000e+05
5.650855102539062500e+02
3.960581359863281250e+02
1.210268554687500000e+02
5.823380000000000000e+05
1.684444140625000000e+04
6.702493750000000000e+04
9.028588750000000000e+05
3.898931579589843750e+02
8.089757537841796875e+01
4.156069030761718750e+02
8.400198364257812500e+01
1.693221093750000000e+05
2.708900312500000000e+05
2.386066601562500000e+04
4.420864486694335938e+01
6.472157592773437500e+02
1.544557189941406250e+02
1.519742343750000000e+05
7.042682647705078125e+01
1.505340468750000000e+05
1.465414062500000000e+04
1.916334375000000000e+06
2.393149804687500000e+04
1.483632812500000000e+05
3.483086250000000000e+05
2.385313281250000000e+04
7.542989375000000000e+05
1.261760468750000000e+05
7.686307812500000000e+04
1.337893593750000000e+05
1.946321200000000000e+07
2.442116250000000000e+06
5.031346484375000000e+04
1.356211100000000000e+07
4.821541406250000000e+04
4.701142187500000000e+04
1.280660864000000000e+09
1.982737375000000000e+06
3.117578750000000000e+05
1.190943500000000000e+06
3.863979600000000000e+07
6.638732910156250000e+03
2.544603515625000000e+03
8.385015625000000000e+05
4.666114453125000000e+04
3.707685089111328125e+01
1.873098632812500000e+04
9.399977343750000000e+04
1.561980224609375000e+03
2.495096400000000000e+07
1.223756640625000000e+05
8.565734375000000000e+04
2.356564062500000000e+05
2.384817382812500000e+03
1.780946655273437500e+03
1.425220800781250000e+04
3.221671447753906250e+02
1.611408250000000000e+06
7.184537597656250000e+03
1.086806500000000000e+06
2.396552812500000000e+05
1.367819238281250000e+04
2.084478906250000000e+04
1.485315875000000000e+06
1.595967031250000000e+05
1.012449414062500000e+04
6.389513750000000000e+05
8.092037500000000000e+04
2.391210205078125000e+03
2.562480468750000000e+05
3.375126171875000000e+04
8.454683593750000000e+04
1.177785937500000000e+04
2.683552187500000000e+05
1.047687890625000000e+05
3.145890429687500000e+04
7.110311035156250000e+03
1.436623437500000000e+05
4.632681640625000000e+04
1.317266796875000000e+04
4.005985937500000000e+04
4.662724304199218750e+01
1.221287500000000000e+04
1.989117065429687500e+03
2.063061328125000000e+04
2.446864800000000000e+07
2.593804500000000000e+06
2.599914500000000000e+06
3.992458125000000000e+05
7.468567000000000000e+06
8.308738000000000000e+06
3.742712812500000000e+05
1.121892750000000000e+06
1.471538125000000000e+05
3.994183349609375000e+03
1.206339328000000000e+09
5.896267264000000000e+09
3.947418800000000000e+07
9.165446400000000000e+07
1.336911125000000000e+06
2.121047250000000000e+06
1.502476672000000000e+09
4.882871000000000000e+06
6.207794500000000000e+06
1.449911250000000000e+06
7.200489472000000000e+10
9.531487360000000000e+08
3.070686720000000000e+09
9.495210400000000000e+07
1.235384960000000000e+09
7.200489472000000000e+10
1.525801875000000000e+06
4.647957421875000000e+04
7.871378125000000000e+04
1.476404625000000000e+06
2.190811250000000000e+06
2.991405312500000000e+05
1.529136875000000000e+05
4.780895312500000000e+04
5.103585937500000000e+04
8.811814575195312500e+02
5.459775500000000000e+06
2.190811250000000000e+06
2.991405312500000000e+05
4.780895312500000000e+04
5.459775500000000000e+06
9.210495000000000000e+06
1.347412261962890625e+02
8.428024000000000000e+06
1.203435897827148438e+01
1.686999687500000000e+05
1.217525558471679688e+02
6.467702026367187500e+02
3.462666560000000000e+08
8.093071899414062500e+02
3.799756240844726562e+01
1.539660156250000000e+03
1.164821484375000000e+04
6.873603906250000000e+04
1.244744335937500000e+04
1.082304125000000000e+06
3.039361500000000000e+06
1.746435468750000000e+05
2.347509179687500000e+04
9.486718125000000000e+05
1.033792578125000000e+05
7.126096875000000000e+04
1.182522656250000000e+05
1.000922734375000000e+05
1.210475546875000000e+05
7.443372070312500000e+03
1.474499375000000000e+06
1.758092578125000000e+04
9.349650781250000000e+04
2.631806835937500000e+04
4.945603027343750000e+03
7.808365631103515625e+01
9.062834930419921875e+01
1.714109375000000000e+04
1.026115390625000000e+05
4.681001171875000000e+04
3.751121875000000000e+04
7.808365631103515625e+01
9.062834930419921875e+01
2.872489624023437500e+02
3.677954483032226562e+01
3.751121875000000000e+04
3.643753662109375000e+03
2.163793281250000000e+05
3.677954483032226562e+01
9.161921691894531250e+01
1.046815567016601562e+02
2.507798632812500000e+04
4.832706832885742188e+01
2.584842578125000000e+04
1.099959375000000000e+06
5.155292968750000000e+04
5.263277500000000000e+05
3.876625625000000000e+05
1.266506469726562500e+03
4.020541015625000000e+03
6.269810546875000000e+04
1.243603271484375000e+03
1.752329687500000000e+05
8.796221923828125000e+02
1.036326171875000000e+03
8.268734375000000000e+05
1.741634179687500000e+04
9.050261718750000000e+04
2.084478906250000000e+04
3.353807861328125000e+03
2.665038867187500000e+04
3.288264160156250000e+03
2.027902539062500000e+04
1.101317285156250000e+04
4.146121875000000000e+04
6.927086250000000000e+05
3.039361500000000000e+06
4.457046875000000000e+04
1.195363750000000000e+05
9.531880625000000000e+05
5.210363750000000000e+05
2.801882500000000000e+05
9.126560000000000000e+05
4.398632500000000000e+06
1.197688125000000000e+05
6.530802343750000000e+04
4.219728750000000000e+05
1.174558300000000000e+07
4.529720500000000000e+06
4.488424609375000000e+04
4.765956800000000000e+07
8.256521093750000000e+04
4.341632031250000000e+04
2.033064064000000000e+09
3.029875937500000000e+05
1.287379609375000000e+05
3.996984062500000000e+05
1.559475875000000000e+06
1.047894700000000000e+07
3.629202250000000000e+06
4.656845703125000000e+04
1.348430125000000000e+06
2.675821777343750000e+03
1.857998632812500000e+04
2.833973120000000000e+08
1.280314921875000000e+05
4.365364687500000000e+05
3.820963281250000000e+04
2.600194750000000000e+06
3.524688125000000000e+05
1.806331406250000000e+05
4.720991796875000000e+04
6.319281640625000000e+04
2.209445200000000000e+07
4.529720500000000000e+06
1.434417968750000000e+05
4.868658984375000000e+04
1.773841562500000000e+05
7.890874023437500000e+03
8.139155500000000000e+06
5.191639375000000000e+05
2.850830312500000000e+05
8.950669600000000000e+07
2.435997656250000000e+05
6.201144531250000000e+04
1.543116800000000000e+09
2.426443600000000000e+07
3.986792250000000000e+06
4.320883500000000000e+06
4.558230859375000000e+04
1.595811718750000000e+05
7.391178000000000000e+06
3.080965120000000000e+09
9.369296000000000000e+07
2.091902500000000000e+05
1.452696448000000000e+09
4.138403250000000000e+06
3.204124672000000000e+09
3.412769531250000000e+04
1.306720800781250000e+04
3.360190429687500000e+03
3.280511250000000000e+05
5.628822500000000000e+05
7.682744140625000000e+03
3.280511250000000000e+05
2.424788593750000000e+05
4.952896972656250000e+03
1.887802031250000000e+05
5.062638437500000000e+05
1.607703320312500000e+04
2.087134375000000000e+04
9.549690485000610352e-01
1.284579589843750000e+04
0.000000000000000000e+00
1.841556093750000000e+05
1.233179589843750000e+04
1.485315875000000000e+06
1.282694946289062500e+03
2.442116250000000000e+06
3.441433593750000000e+04
8.637696250000000000e+05
5.342864990234375000e+02
1.566740781250000000e+05
8.317184570312500000e+03
4.610643359375000000e+04
7.750434570312500000e+03
1.260893250000000000e+06
1.376806640625000000e+03
5.944785625000000000e+05
7.177681250000000000e+04
1.357066406250000000e+03
1.017732890625000000e+05
1.286369531250000000e+05
5.396136500000000000e+06
2.008207812500000000e+04
3.947336875000000000e+05
5.248216308593750000e+03
1.703706250000000000e+04
1.806483593750000000e+04
1.643489375000000000e+05
1.045748046875000000e+03
1.468341875000000000e+05
8.578209375000000000e+04
4.879812500000000000e+06
1.088952734375000000e+04
3.700477734375000000e+04
1.811444531250000000e+05
5.364028320312500000e+03
6.316030625000000000e+05
9.954535156250000000e+03
3.903665234375000000e+04
3.614811562500000000e+05
3.258592285156250000e+03
3.725629687500000000e+05
7.589257812500000000e+04
4.967201562500000000e+04
2.084701125000000000e+06
2.671560937500000000e+05
1.287997125000000000e+06
2.343253250000000000e+06
2.078001875000000000e+05
2.218535546875000000e+04
2.678195937500000000e+05
3.247845117187500000e+04
1.241678671875000000e+05
2.296825156250000000e+05
1.707387304687500000e+04
3.590373125000000000e+05
2.259146875000000000e+05
1.245218437500000000e+05
1.612536093750000000e+05
1.174558300000000000e+07
3.037301250000000000e+06
3.834134521484375000e+03
2.024710800000000000e+07
2.820262500000000000e+04
1.181106542968750000e+04
8.181781120000000000e+08
2.934119687500000000e+05
1.363251406250000000e+05
2.696937187500000000e+05
4.725357500000000000e+06
2.880423750000000000e+06
4.325905500000000000e+06
4.052964843750000000e+04
6.534110000000000000e+05
8.414957885742187500e+02
4.931508203125000000e+04
1.172504160000000000e+08
8.583757812500000000e+04
8.032343750000000000e+05
1.144729687500000000e+05
5.663100500000000000e+06
5.570210625000000000e+05
1.536105781250000000e+05
2.110981054687500000e+04
5.570210625000000000e+05
2.247849804687500000e+04
1.323524000000000000e+07
1.844920125000000000e+06
1.816606375000000000e+06
4.077502197265625000e+03
3.377288800000000000e+07
1.229152900000000000e+07
6.017797656250000000e+04
6.621505625000000000e+05
4.488832519531250000e+03
3.850444946289062500e+02
1.006216960000000000e+09
4.925998592000000000e+09
1.708735875000000000e+06
4.382030400000000000e+07
1.871204062500000000e+05
4.230225781250000000e+04
1.741338240000000000e+09
1.887153375000000000e+06
7.986810625000000000e+05
1.582535156250000000e+04
7.200489472000000000e+10
3.784224000000000000e+07
2.197291600000000000e+07
3.381098250000000000e+06
1.751977200000000000e+07
1.273120768000000000e+09
3.410169433593750000e+03
3.168928710937500000e+03
3.226641210937500000e+04
3.392388427734375000e+03
9.379163750000000000e+05
3.852658203125000000e+04
6.092030029296875000e+02
1.195766796875000000e+04
1.226356445312500000e+03
1.060882265625000000e+05
8.538402343750000000e+03
1.828144897460937500e+03
6.872260742187500000e+03
3.015959777832031250e+02
1.413326660156250000e+04
1.058254296875000000e+04
3.098428125000000000e+05
3.086294250000000000e+06
5.934723046875000000e+04
3.584389843750000000e+04
3.429755249023437500e+02
4.008275000000000000e+04
4.965440000000000000e+06
1.882418359375000000e+04
7.714293125000000000e+05
4.100073730468750000e+03
4.125970625000000000e+05
1.206584100000000000e+07
3.954891500000000000e+06
5.026453500000000000e+06
3.593148828125000000e+04
3.891174400000000000e+07
9.210495000000000000e+06
4.803912109375000000e+04
1.187713250000000000e+06
3.391080468750000000e+04
1.065310791015625000e+03
2.034192640000000000e+09
3.468503360000000000e+08
4.869601562500000000e+05
9.107589600000000000e+07
1.914114062500000000e+05
8.317082031250000000e+04
1.857236992000000000e+09
6.039871250000000000e+05
6.299245312500000000e+04
2.329033398437500000e+04
7.200489472000000000e+10
2.411336250000000000e+06
3.098342500000000000e+05
4.092527187500000000e+05
4.827845625000000000e+05
6.490678500000000000e+06
4.062476953125000000e+04
2.084478906250000000e+04
1.485315875000000000e+06
3.890518125000000000e+05
2.442116250000000000e+06
2.173376953125000000e+04
2.158599375000000000e+05
2.801374023437500000e+04
8.092037500000000000e+04
6.006410156250000000e+04
9.076321250000000000e+05
1.835629687500000000e+04
2.514566875000000000e+05
3.497455625000000000e+05
1.484780566406250000e+04
8.454683593750000000e+04
5.489682031250000000e+04
3.145168750000000000e+05
2.632323000000000000e+06
5.396136500000000000e+06
1.402124125000000000e+06
1.184842187500000000e+04
2.434248046875000000e+04
1.995684375000000000e+05
4.143240937500000000e+05
5.614532812500000000e+04
2.971090429687500000e+04
2.096542968750000000e+04
9.625780000000000000e+05
3.377449062500000000e+05
1.273006093750000000e+05
1.057290125000000000e+06
3.177136875000000000e+05
2.375033281250000000e+05
1.174827200000000000e+07
7.364082031250000000e+04
3.201139687500000000e+05
8.242776562500000000e+04
5.855659375000000000e+04
8.695493750000000000e+05
1.410595250000000000e+06
1.743554687500000000e+05
2.157062000000000000e+07
4.367791000000000000e+06
1.091248092651367188e+02
9.090298000000000000e+06
2.027069091796875000e+01
6.723396301269531250e+01
1.664651264000000000e+09
8.809869384765625000e+01
1.969498901367187500e+02
6.379641723632812500e+01
1.730923614501953125e+02
2.431468000000000000e+06
3.703803906250000000e+04
2.123765600000000000e+07
4.529720500000000000e+06
6.220080468750000000e+04
1.100262756347656250e+02
2.401895703125000000e+04
4.434203125000000000e+04
2.460822265625000000e+03
1.080733700000000000e+07
6.459174375000000000e+05
1.128877500000000000e+05
7.045671997070312500e+02
4.807249375000000000e+05
4.725526562500000000e+05
3.286225000000000000e+04
1.822339840000000000e+09
2.780631600000000000e+07
3.771215500000000000e+06
8.783084106445312500e+02
8.239847412109375000e+02
1.402720489501953125e+02
2.129229062500000000e+05
2.223165429687500000e+04
4.062104687500000000e+04
1.518000900000000000e+07
3.306143066406250000e+03
2.607842773437500000e+03
5.977990722656250000e+02
1.083311400000000000e+07
4.578184687500000000e+05
4.314366250000000000e+05
2.865958912000000000e+09
4.737293457031250000e+03
8.207409667968750000e+02
7.181484375000000000e+02
2.021555781250000000e+05
4.947977343750000000e+04
2.839595214843750000e+03
2.173496093750000000e+03
1.141619400000000000e+07
5.046270019531250000e+03
4.866194531250000000e+04
2.585414687500000000e+05
3.372930419921875000e+03
1.060220214843750000e+04
4.438378125000000000e+05
4.830963671875000000e+04
1.835371625000000000e+06
2.078136718750000000e+03
1.084949750000000000e+06
1.250059921875000000e+05
3.977348125000000000e+05
4.055770000000000000e+07
2.176948750000000000e+06
6.086070000000000000e+05
4.241833600000000000e+07
3.840028750000000000e+05
3.107145898437500000e+04
4.447026953125000000e+04
1.288252685546875000e+03
3.247420703125000000e+04
3.652927343750000000e+04
6.081435546875000000e+02
5.085022265625000000e+04
1.120905395507812500e+03
6.600515747070312500e+01
3.107145898437500000e+04
4.447026953125000000e+04
1.288252685546875000e+03
9.255757812500000000e+03
2.871052246093750000e+02
8.991065063476562500e+02
5.085022265625000000e+04
1.120905395507812500e+03
6.600515747070312500e+01
1.304920959472656250e+02
9.255757812500000000e+03
2.871052246093750000e+02
8.991065063476562500e+02
7.795385742187500000e+02
1.304920959472656250e+02
7.795385742187500000e+02
1.849262812500000000e+05
1.592710449218750000e+04
1.164023046875000000e+04
4.615060546875000000e+03
2.786450195312500000e+02
2.792106000000000000e+07
1.436079296875000000e+04
6.531242675781250000e+02
4.657937890625000000e+04
7.842590820312500000e+03
7.699991210937500000e+03
3.325376250000000000e+06
5.228658984375000000e+04
1.535997924804687500e+03
2.828508605957031250e+02
3.854764375000000000e+05
9.431558227539062500e+02
1.046964609375000000e+05
2.724820861816406250e+02
1.449887750000000000e+06
6.592537841796875000e+02
2.236646484375000000e+04
6.418230468750000000e+03
4.302613281250000000e+04
1.991690429687500000e+03
2.227936718750000000e+05
4.842323242187500000e+03
5.106086730957031250e+01
2.871515039062500000e+04
1.708320703125000000e+04
3.410859130859375000e+03
1.893929748535156250e+02
6.572113281250000000e+03
3.608536865234375000e+03
8.107225341796875000e+02
4.095403442382812500e+02
1.787186406250000000e+05
4.893327500000000000e+06
1.300236406250000000e+05
2.116928515625000000e+04
6.555028320312500000e+03
3.930573437500000000e+04
9.460445000000000000e+05
3.935209375000000000e+04
1.674706625000000000e+06
2.276138281250000000e+04
2.009298593750000000e+05
1.458293676376342773e+00
2.039963340759277344e+01
0.000000000000000000e+00
2.496345312500000000e+05
4.325018359375000000e+04
2.039963340759277344e+01
5.415630340576171875e-01
7.167260169982910156e+00
7.160115625000000000e+05
1.378690147399902344e+01
1.086742031250000000e+05
1.104349750000000000e+06
2.726290625000000000e+05
1.974603906250000000e+05
6.788503125000000000e+04
4.848100390625000000e+04
1.067564648437500000e+04
2.448239013671875000e+03
6.937104003906250000e+03
5.610076171875000000e+03
7.760792846679687500e+02
3.599827880859375000e+03
2.942112500000000000e+04
6.659878492355346680e-01
1.174558300000000000e+07
2.822530625000000000e+05
1.191342812500000000e+05
1.615187000000000000e+06
1.741607000000000000e+06
6.806749267578125000e+02
1.595687200000000000e+08
1.206600300000000000e+07
2.854982187500000000e+05
1.547183500000000000e+06
1.596941600000000000e+08
5.405337524414062500e+01
5.682362670898437500e+02
1.756121875000000000e+04
3.739735107421875000e+03
2.113013000488281250e+02
3.829693984985351562e+01
1.045305859375000000e+04
1.466106262207031250e+02
7.272226250000000000e+05
7.886374511718750000e+03
1.187149843750000000e+05
3.107145898437500000e+04
1.955486000000000000e+06
1.254401855468750000e+03
5.062638437500000000e+05
1.095795776367187500e+03
1.204566284179687500e+03
3.432894531250000000e+04
2.788440856933593750e+02
1.082191699218750000e+04
1.429624389648437500e+03
5.463487792968750000e+03
5.302168359375000000e+04
8.549473125000000000e+05
8.086614062500000000e+04
3.034563437500000000e+05
8.484381250000000000e+05
5.965188671875000000e+04
8.549473125000000000e+05
8.484381250000000000e+05
2.463571250000000000e+06
4.115644921875000000e+04
7.465107031250000000e+04
1.506578593750000000e+05
1.709110937500000000e+04
5.137162500000000000e+05
1.893864531250000000e+05
6.335453906250000000e+04
1.240413515625000000e+05
3.818096875000000000e+05
2.099532421875000000e+04
6.700339843750000000e+04
2.948610250000000000e+06
1.459180312500000000e+05
6.045224375000000000e+05
1.129366302490234375e+02
4.388260742187500000e+03
1.141016015625000000e+04
1.773841562500000000e+05
1.485362792968750000e+04
7.837924218750000000e+04
2.439643125000000000e+05
2.262122154235839844e+01
1.947264556884765625e+02
4.532016601562500000e+02
1.060359765625000000e+04
1.379519687500000000e+05
7.420121250000000000e+05
3.438595937500000000e+05
1.976159973144531250e+02
4.220690307617187500e+02
9.890672851562500000e+03
8.469077500000000000e+05
1.249499707031250000e+04
2.082740000000000000e+07
6.099137890625000000e+04
4.765956800000000000e+07
1.029435937500000000e+04
1.741499200000000000e+07
3.821639160156250000e+03
6.692565625000000000e+05
1.000290752000000000e+09
2.405750250000000000e+06
9.187480000000000000e+05
2.060557200000000000e+07
8.763315000000000000e+06
2.266220312500000000e+05
4.765956800000000000e+07
1.055833691406250000e+04
1.275132375000000000e+06
7.065435937500000000e+04
4.049819062500000000e+05
1.904913536000000000e+09
1.995549750000000000e+06
1.072338984375000000e+05
3.992267250000000000e+06
3.845207250000000000e+06
7.903213500000000000e+06
7.223875000000000000e+05
4.893327500000000000e+06
1.528676093750000000e+05
1.463206093750000000e+05
2.549523437500000000e+04
4.870060546875000000e+03
8.584807000000000000e+06
7.223875000000000000e+05
4.893327500000000000e+06
1.463206093750000000e+05
8.584807000000000000e+06
3.397424250000000000e+06
4.731065625000000000e+04
4.879072500000000000e+06
3.091775390625000000e+03
2.717255000000000000e+05
3.491219140625000000e+04
1.867170156250000000e+05
1.374084000000000000e+08
3.697197500000000000e+05
2.652747851562500000e+04
1.529375625000000000e+06
1.072086750000000000e+06
3.286288574218750000e+03
2.337926367187500000e+04
1.589327125000000000e+06
1.233562125000000000e+06
4.915232812500000000e+05
2.976337812500000000e+05
9.550439000000000000e+06
1.574418212890625000e+03
4.852485937500000000e+04
7.642815917968750000e+03
1.589327125000000000e+06
1.233562125000000000e+06
3.416532400000000000e+07
9.550439000000000000e+06
4.852485937500000000e+04
7.642815917968750000e+03
5.091641562500000000e+05
3.416532400000000000e+07
5.091641562500000000e+05
7.170235625000000000e+05
2.870540039062500000e+04
2.202070400000000000e+07
4.529720500000000000e+06
4.893327500000000000e+06
5.750443359375000000e+04
8.293641000000000000e+06
8.437007000000000000e+06
2.319888867187500000e+04
1.348430125000000000e+06
1.098327109375000000e+05
1.069880566406250000e+04
1.564615680000000000e+09
5.761896960000000000e+08
4.919706562500000000e+05
1.060296080000000000e+08
8.052615625000000000e+05
2.125585156250000000e+05
1.720558848000000000e+09
3.116773125000000000e+05
3.422992187500000000e+05
2.929616210937500000e+04
7.200489472000000000e+10
9.059990000000000000e+06
6.130341875000000000e+05
7.397341875000000000e+05
2.221196250000000000e+06
1.301025300000000000e+07
3.492327000000000000e+06
4.471157000000000000e+06
1.300512968750000000e+05
2.204728500000000000e+06
6.157107421875000000e+04
1.755139531250000000e+05
1.185782320000000000e+08
5.464561875000000000e+05
2.146016750000000000e+06
8.908853750000000000e+05
2.395674000000000000e+07
3.781405029296875000e+03
6.317492187500000000e+04
1.016432812500000000e+04
1.345241562500000000e+05
7.834180664062500000e+03
5.103603515625000000e+03
5.856820703125000000e+04
2.418175976562500000e+04
1.893864531250000000e+05
1.846654531250000000e+05
4.894838281250000000e+04
5.937454101562500000e+03
2.094353875000000000e+06
1.632376269531250000e+04
4.721100390625000000e+04
8.754194531250000000e+04
2.507283691406250000e+03
3.445203437500000000e+05
5.334782812500000000e+04
3.109094500000000000e+06
1.350410625000000000e+06
1.633389218750000000e+05
3.109094500000000000e+06
1.209556375000000000e+06
2.737402148437500000e+04
8.164252343750000000e+04
7.154738281250000000e+04
1.795007812500000000e+05
1.599932910156250000e+04
3.810685937500000000e+04
5.101960182189941406e+00
4.936401171875000000e+04
9.494127197265625000e+02
2.966926250000000000e+05
4.925576171875000000e+04
1.154629296875000000e+05
1.276858046875000000e+05
6.843352343750000000e+04
3.512576562500000000e+04
1.810831200000000000e+07
1.787448242187500000e+04
2.725071093750000000e+04
3.356537000000000000e+06
6.262663281250000000e+04
6.148879500000000000e+06
9.931590625000000000e+05
1.114420605468750000e+04
6.182195000000000000e+05
6.434961250000000000e+05
4.261549687500000000e+05
2.308536718750000000e+05
3.039361500000000000e+06
4.894698046875000000e+04
9.215149218750000000e+04
7.129431500000000000e+06
1.644668875000000000e+06
1.166013250000000000e+06
8.560371093750000000e+03
1.705663671875000000e+04
8.983260742187500000e+03
2.429647216796875000e+03
1.331760468750000000e+05
1.266956298828125000e+03
2.489914750000000000e+06
1.916334375000000000e+06
2.331626708984375000e+03
1.275095875000000000e+06
1.046911796875000000e+05
4.240246582031250000e+03
5.173083007812500000e+03
2.879234750000000000e+06
1.672533081054687500e+03
6.731355000000000000e+05
6.315489375000000000e+05
3.669363525390625000e+03
2.409640380859375000e+03
1.098731000000000000e+07
3.659579101562500000e+03
5.363962402343750000e+03
1.361037125000000000e+06
1.389670800781250000e+04
3.570109619140625000e+03
2.795478515625000000e+03
5.528123500000000000e+06
2.492794921875000000e+04
1.073061816406250000e+04
2.102269335937500000e+04
4.061965625000000000e+04
1.318581542968750000e+04
1.955486000000000000e+06
1.498891250000000000e+05
3.366937500000000000e+04
2.241585937500000000e+04
1.393663593750000000e+05
1.191617500000000000e+07
5.758016250000000000e+05
1.330088700000000000e+07
6.952160156250000000e+03
6.306857500000000000e+05
2.581534375000000000e+05
1.183287400000000000e+07
1.764487680000000000e+09
1.380464100000000000e+07
6.098445000000000000e+05
1.802277376000000000e+09
1.348430125000000000e+06
1.145951904296875000e+03
2.935354687500000000e+04
9.062848632812500000e+03
5.425724218750000000e+04
5.538789453125000000e+04
2.785878515625000000e+04
1.593199707031250000e+04
1.538508125000000000e+06
7.098375244140625000e+02
3.963969970703125000e+03
3.648865312500000000e+05
6.743138671875000000e+03
6.748196289062500000e+03
2.637707031250000000e+04
5.411394921875000000e+04
1.157971250000000000e+06
1.460929218750000000e+05
1.558324375000000000e+05
9.384994000000000000e+06
2.442116250000000000e+06
1.502646484375000000e+04
2.768251500000000000e+06
1.378880566406250000e+04
1.982696875000000000e+04
1.481788480000000000e+08
6.316838125000000000e+05
4.668690937500000000e+05
1.467378906250000000e+05
5.702435500000000000e+06
1.985579600000000000e+07
2.685093250000000000e+06
1.724366093750000000e+05
4.765956800000000000e+07
1.705317000000000000e+06
3.034563437500000000e+05
2.509646848000000000e+09
1.985579600000000000e+07
2.685093250000000000e+06
4.765956800000000000e+07
2.509646848000000000e+09
2.337006800000000000e+07
3.792581250000000000e+06
1.300236406250000000e+05
1.155186600000000000e+07
2.556314843750000000e+05
1.432733593750000000e+05
1.965457024000000000e+09
3.328783750000000000e+06
1.657424375000000000e+06
3.185047250000000000e+06
1.466663680000000000e+08
5.115310156250000000e+04
2.017359218750000000e+05
3.826275781250000000e+04
2.855843554687500000e+04
2.195532000000000000e+06
1.576458906250000000e+05
3.087605273437500000e+04
8.803422656250000000e+04
3.441581250000000000e+05
1.010150878906250000e+04
4.902807500000000000e+05
2.195532000000000000e+06
6.824464843750000000e+04
4.261477734375000000e+04
3.441581250000000000e+05
4.902807500000000000e+05
4.261477734375000000e+04
3.088632250000000000e+06
4.893327500000000000e+06
5.078997656250000000e+04
4.632605937500000000e+05
3.772914843750000000e+04
1.171323144531250000e+04
4.139242800000000000e+07
1.264242968750000000e+05
2.511542343750000000e+05
2.977399023437500000e+04
1.179588593750000000e+05
1.807596679687500000e+04
1.528676093750000000e+05
1.084933398437500000e+04
1.233179589843750000e+04
1.766366562500000000e+05
3.478260937500000000e+04
4.570000781250000000e+04
1.023054300000000000e+07
1.604594218750000000e+05
1.170767089843750000e+04
5.500902734375000000e+04
2.389022343750000000e+05
6.866789550781250000e+03
5.044411562500000000e+05
7.360805625000000000e+05
7.870354003906250000e+03
1.372655859375000000e+04
2.353665039062500000e+04
1.397038281250000000e+05
4.474254882812500000e+03
3.246866406250000000e+04
6.529761718750000000e+04
2.218535546875000000e+04
1.505858520507812500e+03
7.937273925781250000e+03
1.681139678955078125e+02
9.881092529296875000e+02
1.363225683593750000e+04
3.615445861816406250e+02
9.338431396484375000e+02
6.420983276367187500e+02
6.188494873046875000e+02
7.978548437500000000e+04
2.909540429687500000e+04
3.104885742187500000e+04
2.768712304687500000e+04
2.217940937500000000e+05
4.875782812500000000e+04
8.862993621826171875e+01
6.471712402343750000e+03
1.174558300000000000e+07
1.329794311523437500e+01
4.348722265625000000e+04
7.235764312744140625e+01
8.002018750000000000e+04
6.853843212127685547e+00
2.430559082031250000e+02
1.644408625000000000e+06
1.317792892456054688e+01
4.218157958984375000e+01
1.453776397705078125e+02
3.703231640625000000e+04
8.760652500000000000e+05
4.916986250000000000e+05
3.462608125000000000e+05
1.503518437500000000e+05
5.179992812500000000e+05
5.909082812500000000e+04
1.420483437500000000e+05
1.547729500000000000e+06
5.084546875000000000e+05
8.288235625000000000e+05
2.001916400000000000e+07
2.765338750000000000e+06
1.617332324218750000e+04
4.765956800000000000e+07
1.134869531250000000e+05
1.985673632812500000e+04
2.435901184000000000e+09
1.237402000000000000e+06
5.390030000000000000e+05
3.348438500000000000e+06
5.732078400000000000e+07
1.054993164062500000e+04
8.767393554687500000e+03
1.911051330566406250e+02
4.912065000000000000e+05
1.735580078125000000e+04
3.717572265625000000e+03
1.269187578125000000e+05
5.292346801757812500e+02
3.255436706542968750e+02
2.673166796875000000e+04
3.337584472656250000e+03
3.650576171875000000e+04
2.711050500000000000e+06
3.101371500000000000e+06
2.930830250000000000e+06
1.529434375000000000e+05
1.627977625000000000e+06
1.165514125000000000e+06
4.696759765625000000e+04
5.836761875000000000e+05
1.860107031250000000e+05
6.961223632812500000e+03
5.990096000000000000e+07
1.540610560000000000e+08
2.711050500000000000e+06
7.543360800000000000e+07
3.101371500000000000e+06
2.930830250000000000e+06
4.887072000000000000e+07
1.627977625000000000e+06
1.165514125000000000e+06
5.836761875000000000e+05
3.045124915200000000e+10
5.990096000000000000e+07
1.540610560000000000e+08
7.543360800000000000e+07
4.887072000000000000e+07
3.045124915200000000e+10
3.744152734375000000e+04
2.269109375000000000e+04
1.558598500000000000e+06
3.530827343750000000e+04
2.047082031250000000e+03
4.991236562500000000e+05
5.441145703125000000e+04
9.166052734375000000e+03
2.332418750000000000e+04
4.548785644531250000e+03
2.913610107421875000e+03
4.833198828125000000e+04
7.151053125000000000e+05
4.435283813476562500e+02
3.302203515625000000e+04
9.982735937500000000e+04
1.900504843750000000e+05
5.115310156250000000e+04
5.945001250000000000e+05
1.528676093750000000e+05
8.927714843750000000e+03
9.117546875000000000e+05
3.007172070312500000e+04
1.067348510742187500e+03
1.218825234375000000e+05
2.349845000000000000e+05
7.468453125000000000e+04
7.813296093750000000e+04
1.116072500000000000e+06
2.211104101562500000e+04
5.052670898437500000e+03
1.253075439453125000e+03
9.262896875000000000e+04
1.326206562500000000e+05
4.480952148437500000e+03
9.210495000000000000e+06
7.184630625000000000e+05
2.244174800000000000e+07
9.352848632812500000e+03
7.565503125000000000e+05
2.084723242187500000e+04
1.295053500000000000e+06
1.547426048000000000e+09
6.349816000000000000e+06
1.668216875000000000e+05
7.550212000000000000e+07
8.006567968750000000e+04
2.008140250000000000e+06
1.316523144531250000e+04
8.420235937500000000e+04
2.676945304870605469e+01
1.747619140625000000e+04
4.498535000000000000e+06
9.398867187500000000e+03
3.915404375000000000e+05
2.993977539062500000e+03
1.937787500000000000e+05
1.740207600000000000e+07
4.799552734375000000e+04
1.548401171875000000e+04
7.747566250000000000e+05
1.221679000000000000e+06
1.565268457031250000e+04
1.890544062500000000e+05
8.189354858398437500e+02
3.655579296875000000e+04
1.741499200000000000e+07
3.309038281250000000e+04
1.406326660156250000e+04
2.567868471145629883e+00
3.998637890625000000e+04
1.710884875000000000e+06
2.225948250000000000e+06
1.943437866210937500e+03
7.888846875000000000e+05
2.929238319396972656e+01
5.126046386718750000e+03
5.200236875000000000e+05
2.371635437011718750e+02
1.215839375000000000e+05
1.578498382568359375e+02
1.340480750000000000e+06
1.255156372070312500e+03
1.481992675781250000e+03
1.603426757812500000e+03
3.478208251953125000e+03
2.446709716796875000e+03
2.599386250000000000e+06
2.543046500000000000e+06
1.587393593750000000e+05
1.232297000000000000e+06
3.919336328125000000e+04
1.802306562500000000e+05
9.805686400000000000e+07
1.297570500000000000e+06
1.419442250000000000e+06
4.448883437500000000e+05
1.639992400000000000e+07
2.122826843261718750e+02
9.562920000000000000e+05
1.230080664062500000e+04
9.250872656250000000e+04
3.286934570312500000e+03
5.159330444335937500e+02
4.638070312500000000e+05
1.703256347656250000e+03
2.621502812500000000e+05
1.634898925781250000e+04
3.192115625000000000e+04
2.134951367187500000e+04
2.599914500000000000e+06
2.446540750000000000e+06
1.502047460937500000e+04
1.343124375000000000e+06
2.745284179687500000e+03
1.982498437500000000e+04
1.011720400000000000e+08
2.388206875000000000e+05
4.673372500000000000e+05
3.950461328125000000e+04
3.110675250000000000e+06
1.479307519531250000e+04
2.218535546875000000e+04
3.357832031250000000e+02
2.065822265625000000e+03
4.781064941406250000e+03
2.379862304687500000e+04
2.475485600000000000e+07
3.574166750000000000e+06
1.066361600000000000e+07
7.287135156250000000e+04
4.765956800000000000e+07
9.210495000000000000e+06
5.365453515625000000e+04
1.348430125000000000e+06
1.753420703125000000e+04
2.529984863281250000e+03
2.926400512000000000e+09
2.837120960000000000e+08
8.647505625000000000e+05
2.788397760000000000e+08
1.567407343750000000e+05
9.414180468750000000e+04
1.972769408000000000e+09
6.447210625000000000e+05
3.635634687500000000e+05
3.113217773437500000e+04
7.200489472000000000e+10
1.452040875000000000e+06
2.571251406250000000e+05
4.965963437500000000e+05
1.079311875000000000e+06
1.220362300000000000e+07
4.770219140625000000e+04
1.592710449218750000e+04
6.943517456054687500e+02
1.109399687500000000e+05
1.240124130249023438e+02
8.279497656250000000e+04
4.412937316894531250e+02
1.261615676879882812e+02
6.818904375000000000e+05
1.212754638671875000e+03
3.282835693359375000e+03
1.053826562500000000e+04
9.619232812500000000e+04
1.891109765625000000e+04
9.469240234375000000e+03
1.379519824218750000e+04
1.772295654296875000e+03
1.687586132812500000e+04
3.289524375000000000e+05
1.147357000000000000e+06
4.736040625000000000e+04
3.034563437500000000e+05
2.312947250000000000e+06
1.064881713867187500e+03
5.583325683593750000e+03
5.851322753906250000e+03
3.289524375000000000e+05
1.147357000000000000e+06
1.619025700000000000e+07
2.312947250000000000e+06
5.583325683593750000e+03
5.851322753906250000e+03
1.023715703125000000e+05
1.619025700000000000e+07
1.023715703125000000e+05
1.172190468750000000e+05
2.073393554687500000e+04
6.232526562500000000e+04
7.053576800000000000e+07
3.572987750000000000e+06
5.878626875000000000e+05
1.505076300000000000e+07
6.218228125000000000e+05
2.904051875000000000e+05
1.253732352000000000e+10
7.217515200000000000e+07
3.547387500000000000e+06
1.534843400000000000e+07
1.287806566400000000e+10
3.604670000000000000e+06
1.108093500137329102e+00
2.533934831619262695e+00
4.167572498321533203e+00
1.766182968750000000e+05
2.062327734375000000e+04
8.494442382812500000e+03
4.825718750000000000e+04
1.973860156250000000e+05
2.084478906250000000e+04
3.829009765625000000e+04
4.117780468750000000e+04
2.084478906250000000e+04
2.287496093750000000e+04
6.862461914062500000e+03
4.250836425781250000e+03
2.899924804687500000e+04
8.675542968750000000e+03
3.478744375000000000e+05
2.348274414062500000e+03
1.240413515625000000e+05
2.594432812500000000e+04
6.889422851562500000e+03
1.300521718750000000e+05
1.567694218750000000e+05
3.608185937500000000e+04
2.609136250000000000e+05
9.553189086914062500e+02
2.442116250000000000e+06
2.598575750000000000e+06
1.484140781250000000e+05
9.446846313476562500e+02
1.955693725585937500e+03
8.007276611328125000e+02
1.314772750000000000e+06
3.034563437500000000e+05
4.703227050781250000e+03
2.049995361328125000e+03
1.973089355468750000e+03
9.553189086914062500e+02
1.010488080000000000e+08
2.442116250000000000e+06
2.598575750000000000e+06
2.089751708984375000e+03
9.446846313476562500e+02
1.955693725585937500e+03
1.314772750000000000e+06
3.428945800781250000e+03
2.049995361328125000e+03
1.973089355468750000e+03
1.010488080000000000e+08
2.089751708984375000e+03
3.428945800781250000e+03
1.897787500000000000e+04
2.069519335937500000e+04
1.474020000000000000e+06
1.782340468750000000e+05
1.287819335937500000e+04
5.170235625000000000e+05
2.933658125000000000e+05
2.637838750000000000e+05
2.344654235839843750e+02
3.901992250000000000e+06
1.353995625000000000e+06
1.810511500000000000e+06
6.862330468750000000e+04
9.210495000000000000e+06
4.765956800000000000e+07
1.705317000000000000e+06
1.348430125000000000e+06
4.870060546875000000e+03
3.034563437500000000e+05
3.067526123046875000e+03
5.378084106445312500e+02
5.994680175781250000e+02
1.706849822998046875e+02
1.043603520000000000e+09
6.395696640000000000e+08
3.901992250000000000e+06
1.461376700000000000e+07
1.353995625000000000e+06
1.810511500000000000e+06
1.972769408000000000e+09
9.210495000000000000e+06
4.765956800000000000e+07
1.348430125000000000e+06
3.020033789062500000e+04
1.016387304687500000e+04
3.067526123046875000e+03
2.626263916015625000e+03
5.378084106445312500e+02
5.994680175781250000e+02
4.495495577600000000e+10
1.043603520000000000e+09
6.395696640000000000e+08
1.461376700000000000e+07
1.972769408000000000e+09
8.852675000000000000e+04
3.020033789062500000e+04
1.016387304687500000e+04
2.626263916015625000e+03
4.495495577600000000e+10
8.852675000000000000e+04
2.866812255859375000e+03
8.919215625000000000e+04
4.805513381958007812e+01
5.963448437500000000e+04
1.683814819335937500e+03
4.529720500000000000e+06
1.369135468750000000e+05
6.108492578125000000e+04
5.443267500000000000e+05
8.997850625000000000e+05
6.275944213867187500e+02
6.973411621093750000e+03
3.443515234375000000e+04
9.210495000000000000e+06
2.290268164062500000e+04
1.889438800000000000e+07
7.045099487304687500e+02
4.897489687500000000e+05
1.726066992187500000e+04
2.214212695312500000e+04
1.054538560000000000e+09
1.684737500000000000e+05
4.521121582031250000e+03
6.530166796875000000e+04
1.299670996093750000e+04
4.073230859375000000e+04
3.208206787109375000e+03
8.016666992187500000e+03
4.757294000000000000e+06
2.449723000000000000e+06
1.390819140625000000e+04
1.895817250000000000e+06
3.063460937500000000e+03
2.480290039062500000e+04
5.187942800000000000e+07
2.352385312500000000e+05
8.942664062500000000e+04
5.965370703125000000e+04
1.245629625000000000e+06
1.916469625000000000e+06
1.265468457031250000e+04
8.331530468750000000e+04
1.601906280517578125e+02
1.313397502899169922e+01
2.404263427734375000e+03
1.015105056762695312e+02
8.893617187500000000e+03
2.876130468750000000e+04
3.651186218261718750e+02
2.563451500000000000e+06
1.619140937500000000e+05
2.196219218750000000e+05
2.525367500000000000e+06
1.213803710937500000e+03
1.484140781250000000e+05
8.782496948242187500e+02
6.427695800781250000e+03
1.222380566406250000e+04
6.713061035156250000e+03
2.131520800000000000e+07
4.529720500000000000e+06
1.036479687500000000e+05
1.039006400000000000e+07
2.297433007812500000e+04
2.552622851562500000e+04
1.788163200000000000e+09
1.614834375000000000e+06
3.164889375000000000e+05
3.306432812500000000e+05
3.932816800000000000e+07
7.086563750000000000e+05
3.524632000000000000e+06
1.445309843750000000e+05
3.754316562500000000e+05
3.476987500000000000e+04
1.539661093750000000e+05
7.648282000000000000e+06
7.345518125000000000e+05
2.429291750000000000e+06
3.315289687500000000e+05
6.825299500000000000e+06
3.748910888671875000e+03
5.781930625000000000e+05
6.172843750000000000e+03
4.482745000000000000e+06
7.446593475341796875e+01
8.312364196777343750e+01
1.909828948974609375e+02
3.673571093750000000e+04
4.806442382812500000e+03
1.746752031250000000e+05
1.098469200000000000e+07
1.342524000000000000e+07
5.978066875000000000e+05
2.458770781250000000e+05
1.122945400000000000e+07
2.206983398437500000e+03
1.378667500000000000e+05
3.025147265625000000e+04
1.098469200000000000e+07
1.342524000000000000e+07
6.463230080000000000e+08
1.122945400000000000e+07
1.378667500000000000e+05
3.025147265625000000e+04
2.840100250000000000e+06
6.463230080000000000e+08
2.840100250000000000e+06
4.915442871093750000e+03
4.328699218750000000e+04
1.017908203125000000e+03
7.504781250000000000e+05
3.039361500000000000e+06
2.782843359375000000e+04
2.622566406250000000e+04
1.869348500000000000e+06
1.029856406250000000e+05
8.131724218750000000e+04
2.937684375000000000e+05
1.445493250000000000e+06
1.660045800000000000e+07
2.599914500000000000e+06
1.484140781250000000e+05
1.002358500000000000e+06
1.788848906250000000e+05
3.779984765625000000e+04
7.584364000000000000e+06
6.581923125000000000e+05
4.870060546875000000e+03
2.889691840000000000e+08
9.283182400000000000e+07
1.445493250000000000e+06
6.475680000000000000e+08
1.660045800000000000e+07
2.599914500000000000e+06
1.288788160000000000e+08
1.002358500000000000e+06
1.788848906250000000e+05
7.584364000000000000e+06
2.034496307200000000e+10
2.889691840000000000e+08
9.283182400000000000e+07
6.475680000000000000e+08
1.288788160000000000e+08
2.034496307200000000e+10
1.969387600000000000e+07
2.662811000000000000e+06
4.160317578125000000e+04
4.765956800000000000e+07
6.527713671875000000e+04
4.718669531250000000e+04
2.374404864000000000e+09
1.203211250000000000e+06
3.292399062500000000e+05
3.049151000000000000e+06
4.262563600000000000e+07
1.174558300000000000e+07
3.016641875000000000e+05
1.187664062500000000e+05
4.201309687500000000e+05
2.078693750000000000e+06
4.175948181152343750e+02
1.887289440000000000e+08
1.249702900000000000e+07
2.268869375000000000e+05
3.791604375000000000e+05
1.551435680000000000e+08
1.574968261718750000e+03
1.377118281250000000e+05
6.443765258789062500e+02
2.418513427734375000e+03
9.189044799804687500e+02
2.370128173828125000e+03
1.951802062988281250e+02
6.810995483398437500e+02
1.687052656250000000e+05
3.574446093750000000e+04
1.193085156250000000e+04
1.816659960937500000e+04
7.129740625000000000e+04
6.607021484375000000e+03
4.927558593750000000e+03
3.239963134765625000e+03
8.343289843750000000e+04
3.676206640625000000e+04
7.865496093750000000e+04
3.091129882812500000e+03
2.666512695312500000e+03
5.260650390625000000e+04
2.127523193359375000e+03
7.419391406250000000e+04
1.435923046875000000e+04
4.686213671875000000e+04
1.176790250000000000e+06
3.536092500000000000e+06
1.868798437500000000e+04
7.205804687500000000e+03
1.068153281250000000e+05
1.323048437500000000e+04
8.345582031250000000e+04
1.355654062500000000e+05
2.087026953125000000e+04
8.889894531250000000e+03
4.671149375000000000e+05
5.075225781250000000e+04
1.840281835937500000e+04
5.289224609375000000e+04
3.945191562500000000e+05
6.440013750000000000e+05
6.015130625000000000e+05
1.231178625000000000e+06
3.211431152343750000e+03
4.677391015625000000e+04
5.396633984375000000e+04
3.237993750000000000e+05
4.640730468750000000e+03
3.146787500000000000e+04
4.881198046875000000e+04
1.150047812500000000e+05
2.759214648437500000e+04
2.487381562500000000e+05
4.569142500000000000e+05
1.343137812500000000e+05
5.218862812500000000e+05
1.622190625000000000e+06
1.271217812500000000e+05
1.280482109375000000e+05
3.422537890625000000e+04
1.006816406250000000e+05
2.692467812500000000e+05
3.164711250000000000e+05
6.344130468750000000e+04
6.197177734375000000e+04
3.658151250000000000e+06
5.008710546875000000e+04
4.765956800000000000e+07
2.366221875000000000e+04
1.647673625000000000e+06
3.742264453125000000e+04
1.258324921875000000e+05
9.520544000000000000e+07
7.749524375000000000e+05
5.942113671875000000e+04
4.742497187500000000e+05
2.019562000000000000e+07
2.712962000000000000e+06
1.709165937500000000e+05
4.846645200000000000e+07
9.132358750000000000e+05
1.782088906250000000e+05
2.431718656000000000e+09
1.447096000000000000e+06
6.900790625000000000e+05
1.315907200000000000e+07
1.250736000000000000e+08
4.945603027343750000e+03
3.547721484375000000e+04
7.561744000000000000e+06
1.723861600000000000e+07
1.122314375000000000e+05
7.505217968750000000e+04
6.489682000000000000e+06
3.385141601562500000e+02
1.454545312500000000e+05
2.401998828125000000e+04
2.364878125000000000e+05
1.022668671875000000e+05
3.204832320000000000e+08
3.033333750000000000e+05
5.288801269531250000e+03
1.079508544921875000e+03
2.589390500000000000e+06
1.504210750000000000e+06
2.712567773437500000e+04
1.926945125000000000e+06
4.587856640625000000e+04
4.185593125000000000e+05
1.926945125000000000e+06
4.692318400000000000e+07
2.650380859375000000e+04
1.076123144531250000e+04
2.679511750000000000e+06
3.942305078125000000e+04
3.971168457031250000e+03
2.057089531250000000e+05
5.097651672363281250e+02
1.161029394531250000e+04
4.117334250000000000e+06
1.217822998046875000e+03
5.275010625000000000e+05
3.680262207031250000e+03
3.063083740234375000e+03
2.326494873046875000e+03
1.522173281250000000e+05
5.499208374023437500e+02
1.418109082031250000e+04
4.332874145507812500e+02
7.216748535156250000e+03
1.037410234375000000e+05
4.114110839843750000e+03
3.368563964843750000e+03
1.394382617187500000e+04
1.115919238281250000e+04
4.442885131835937500e+02
4.564363281250000000e+03
4.588236816406250000e+03
1.245839355468750000e+04
3.951300048828125000e+03
7.241045312500000000e+04
3.107145898437500000e+04
1.955486000000000000e+06
2.717483125000000000e+05
1.912579882812500000e+04
1.795014500000000000e+06
1.432972656250000000e+05
5.062638437500000000e+05
9.074807812500000000e+04
1.298465625000000000e+06
2.288237890625000000e+04
1.172620500000000000e+06
2.838013125000000000e+05
3.432894531250000000e+04
6.078609765625000000e+04
2.381971000000000000e+06
6.239961328125000000e+04
4.406228906250000000e+04
8.473739375000000000e+05
3.922150312500000000e+05
1.288769140625000000e+04
3.065950000000000000e+04
1.767040375000000000e+06
1.151431375000000000e+06
1.187298203125000000e+05
4.039242187500000000e+05
8.321547500000000000e+05
1.340880156250000000e+05
5.240782226562500000e+03
8.250168750000000000e+05
2.837004101562500000e+04
3.107145898437500000e+04
3.416590332031250000e+03
4.823652832031250000e+03
8.134621582031250000e+03
7.436023437500000000e+04
1.586704980468750000e+04
1.286309472656250000e+04
2.132612500000000000e+06
1.974829296875000000e+04
3.390544677734375000e+03
1.021937597656250000e+04
9.655519531250000000e+04
5.302459960937500000e+03
5.094006562500000000e+05
2.423013593750000000e+05
5.513725585937500000e+03
9.093196289062500000e+03
9.173818359375000000e+03
5.798880078125000000e+04
3.470293945312500000e+03
6.867511000000000000e+06
2.442116250000000000e+06
5.674689453125000000e+04
2.479881000000000000e+06
6.194679199218750000e+03
5.068864843750000000e+04
8.997604000000000000e+07
6.724636875000000000e+05
3.427745625000000000e+05
1.820504062500000000e+05
5.832362000000000000e+06
1.389649600000000000e+07
2.647349609375000000e+04
6.487738281250000000e+04
3.816050937500000000e+05
2.426570000000000000e+05
2.183705273437500000e+04
1.617353750000000000e+05
1.289227500000000000e+07
4.908817000000000000e+06
5.976064453125000000e+04
9.980180000000000000e+06
3.679164375000000000e+05
1.113208398437500000e+04
2.619697120000000000e+08
1.306748875000000000e+06
2.130447656250000000e+05
4.629284687500000000e+05
5.628001875000000000e+05
7.688636500000000000e+06
2.426758500000000000e+06
6.025384375000000000e+05
2.656266875000000000e+05
1.773133398437500000e+04
1.982341562500000000e+05
4.881084800000000000e+08
7.688636500000000000e+06
2.426758500000000000e+06
2.656266875000000000e+05
4.881084800000000000e+08
2.105901562500000000e+04
6.172861328125000000e+02
1.072266113281250000e+03
5.651930999755859375e+01
6.839496093750000000e+04
2.218535546875000000e+04
1.955486000000000000e+06
2.658035625000000000e+05
3.605557812500000000e+04
4.541946250000000000e+05
1.620273437500000000e+04
5.275010625000000000e+05
1.479760937500000000e+05
1.291956000000000000e+06
2.803849414062500000e+04
2.237657187500000000e+05
3.500787890625000000e+04
6.442378515625000000e+04
1.598018437500000000e+05
2.361494500000000000e+06
1.940589375000000000e+05
1.375570410156250000e+04
1.521740625000000000e+05
7.194565000000000000e+05
3.649566796875000000e+04
3.885294921875000000e+04
9.494629375000000000e+05
1.314469375000000000e+06
7.582977343750000000e+04
6.247014375000000000e+05
5.132145500000000000e+06
1.348430125000000000e+06
9.404875000000000000e+03
9.577912000000000000e+06
1.448253417968750000e+04
4.942723437500000000e+04
3.209075600000000000e+07
5.962788281250000000e+04
4.094675781250000000e+04
1.592926074218750000e+04
1.201651250000000000e+05
1.763638061523437500e+03
5.552593750000000000e+04
7.915396118164062500e+01
1.430269921875000000e+04
2.461755078125000000e+04
5.395318500000000000e+06
4.529720500000000000e+06
6.518709960937500000e+03
3.934145625000000000e+05
6.769635620117187500e+02
1.867616992187500000e+04
3.621493440000000000e+08
4.622663671875000000e+04
2.003147500000000000e+05
3.544066650390625000e+03
9.406663750000000000e+05
5.558900800000000000e+07
3.639322750000000000e+06
9.618425000000000000e+06
1.255543984375000000e+05
1.055289900000000000e+07
8.994046000000000000e+06
1.993086250000000000e+05
1.294637250000000000e+06
1.782605625000000000e+05
3.734826562500000000e+04
6.589263360000000000e+09
5.444776320000000000e+08
2.846708500000000000e+06
2.732687360000000000e+08
5.281776250000000000e+05
1.395494125000000000e+06
2.079919360000000000e+09
2.735911750000000000e+06
1.668344500000000000e+06
4.418941250000000000e+05
7.200489472000000000e+10
2.819254720000000000e+08
1.148621800000000000e+07
1.937269200000000000e+07
8.873141600000000000e+07
1.090991616000000000e+10
3.933063281250000000e+04
8.069100585937500000e+03
6.856903125000000000e+05
5.671698750000000000e+05
2.193599414062500000e+04
2.166332750000000000e+06
1.026115390625000000e+05
2.696744375000000000e+05
1.786460468750000000e+05
3.039361500000000000e+06
8.069100585937500000e+03
6.856903125000000000e+05
5.671698750000000000e+05
3.391226562500000000e+04
7.831498437500000000e+04
6.924384500000000000e+06
2.696744375000000000e+05
1.786460468750000000e+05
3.039361500000000000e+06
1.388461125000000000e+06
3.391226562500000000e+04
7.831498437500000000e+04
6.924384500000000000e+06
1.040497250000000000e+06
1.388461125000000000e+06
1.040497250000000000e+06
8.306736718750000000e+04
4.949715000000000000e+06
1.046163203125000000e+05
1.134655125000000000e+06
4.295807031250000000e+04
1.477180781250000000e+05
4.354469921875000000e+04
1.474732543945312500e+03
7.887451562500000000e+04
1.253482578125000000e+05
2.743143750000000000e+05
1.624688085937500000e+04
2.016930625000000000e+06
1.241098593750000000e+05
6.088147656250000000e+04
6.581616406250000000e+04
5.823046875000000000e+05
7.435983276367187500e+02
7.562207812500000000e+04
6.073944921875000000e+04
1.090884140625000000e+05
1.610917382812500000e+04
1.473795703125000000e+04
6.431522949218750000e+03
7.579340000000000000e+05
4.296489062500000000e+05
1.375663750000000000e+05
4.030761718750000000e+04
6.693090625000000000e+04
5.910833125000000000e+05
2.417070468750000000e+05
7.263291992187500000e+03
1.990451562500000000e+04
1.330575390625000000e+04
3.605804375000000000e+05
5.940212500000000000e+05
8.892664843750000000e+04
1.500012500000000000e+05
2.657627539062500000e+04
1.645814062500000000e+04
8.835661000000000000e+06
2.851580625000000000e+05
8.969731250000000000e+04
1.921927343750000000e+04
3.078710546875000000e+04
2.220622250000000000e+06
4.846195937500000000e+05
1.922878125000000000e+05
4.985074218750000000e+04
3.127988281250000000e+04
3.245732177734375000e+03
2.080958984375000000e+04
3.283903503417968750e+02
2.085055273437500000e+04
1.571576660156250000e+03
3.085295410156250000e+02
4.399804062500000000e+05
3.989233398437500000e+03
4.005103515625000000e+04
3.373278906250000000e+04
4.088473876953125000e+03
1.985544395446777344e+01
1.091583593750000000e+04
8.484084472656250000e+02
1.952770312500000000e+04
1.484140781250000000e+05
2.712151171875000000e+04
2.403459250000000000e+06
1.929114750000000000e+06
1.484140781250000000e+05
1.469550875000000000e+06
4.935940234375000000e+04
2.315475312500000000e+05
2.330498800000000000e+07
2.403459250000000000e+06
1.929114750000000000e+06
1.469550875000000000e+06
2.330498800000000000e+07
9.881293125000000000e+05
8.733989062500000000e+04
1.514011875000000000e+06
4.179418437500000000e+05
9.610641406250000000e+04
1.037596300000000000e+07
1.323524000000000000e+07
2.442116250000000000e+06
2.903976757812500000e+04
1.044207600000000000e+07
1.071019300000000000e+07
1.609687207031250000e+04
4.765956800000000000e+07
1.118995859375000000e+05
5.210584375000000000e+04
4.394774016000000000e+09
6.362999600000000000e+07
6.072932128906250000e+03
1.237608960000000000e+09
3.895508125000000000e+05
7.229363281250000000e+04
9.525016960000000000e+08
1.497796718750000000e+05
1.627565039062500000e+04
5.130064062500000000e+05
7.200489472000000000e+10
2.581046718750000000e+05
5.905897460937500000e+03
1.524945000000000000e+06
3.246995312500000000e+05
2.864792250000000000e+06
4.397819921875000000e+04
1.150579843750000000e+05
6.439778808593750000e+03
2.705852317810058594e+01
1.278414746093750000e+04
3.550066757202148438e+01
8.716340065002441406e+00
1.453163909912109375e+01
1.171088700000000000e+07
5.762521250000000000e+05
7.351871875000000000e+04
1.782647875000000000e+06
1.152556562500000000e+05
3.563608593750000000e+04
5.528819921875000000e+04
3.175775976562500000e+04
1.955486000000000000e+06
1.300512968750000000e+05
1.116181396484375000e+03
5.930255625000000000e+05
1.296229921875000000e+05
5.530201171875000000e+03
6.323932500000000000e+05
7.203424218750000000e+04
2.476011406250000000e+05
2.015633398437500000e+04
3.705241875000000000e+05
1.427127734375000000e+04
3.308214843750000000e+04
8.416449218750000000e+03
2.254549375000000000e+05
5.501580078125000000e+04
1.158704101562500000e+04
3.066815625000000000e+04
2.084478906250000000e+04
1.485315875000000000e+06
1.484140781250000000e+05
2.984837158203125000e+03
3.996800937500000000e+05
8.092037500000000000e+04
4.090182617187500000e+03
4.997542812500000000e+05
8.041387695312500000e+03
8.454683593750000000e+04
6.145467968750000000e+04
5.027693125000000000e+05
7.345410156250000000e+03
4.501461328125000000e+04
2.646559082031250000e+03
1.516708906250000000e+05
7.596534375000000000e+04
4.413487890625000000e+04
4.826566015625000000e+04
7.364219970703125000e+02
1.781822187500000000e+05
1.036281347656250000e+04
3.699179296875000000e+04
8.919215625000000000e+04
2.002028465270996094e+01
2.689001200000000000e+07
1.428722558593750000e+04
4.737030078125000000e+04
1.797757250000000000e+06
6.868761230468750000e+03
1.718547070312500000e+04
1.441781500000000000e+06
2.168234375000000000e+05
2.041095123291015625e+02
1.824238250000000000e+06
2.865294799804687500e+02
2.780649108886718750e+02
1.323524000000000000e+07
3.791480468750000000e+04
5.333775390625000000e+04
1.449782750000000000e+06
1.831322250000000000e+06
4.893327500000000000e+06
4.169298000000000000e+06
1.528676093750000000e+05
2.556632031250000000e+05
1.484535500000000000e+06
2.425030468750000000e+04
1.270398625000000000e+06
4.870060546875000000e+03
2.771680625000000000e+05
1.819066800000000000e+07
4.269762000000000000e+06
1.831322250000000000e+06
9.799348800000000000e+07
4.893327500000000000e+06
4.169298000000000000e+06
7.433989000000000000e+06
2.556632031250000000e+05
1.484535500000000000e+06
1.270398625000000000e+06
1.274927200000000000e+07
1.819066800000000000e+07
4.269762000000000000e+06
9.799348800000000000e+07
7.433989000000000000e+06
1.274927200000000000e+07
3.840028750000000000e+05
5.115310156250000000e+04
1.955486000000000000e+06
3.684518359375000000e+04
3.829009765625000000e+04
2.166332750000000000e+06
8.092037500000000000e+04
5.115310156250000000e+04
1.955486000000000000e+06
2.408341406250000000e+04
1.921556406250000000e+05
2.412020019531250000e+03
1.400174218750000000e+05
8.092037500000000000e+04
1.921556406250000000e+05
2.412020019531250000e+03
1.400174218750000000e+05
2.603328320312500000e+04
2.603328320312500000e+04
2.209373750000000000e+06
7.647226250000000000e+05
6.670758056640625000e+02
5.891148000000000000e+06
9.423057617187500000e+03
1.982481445312500000e+04
3.242824400000000000e+07
4.453979296875000000e+04
2.865324218750000000e+04
5.913843750000000000e+05
8.065335000000000000e+05
1.874396875000000000e+06
4.893327500000000000e+06
1.496160625000000000e+05
1.679088250000000000e+06
1.663224062500000000e+05
4.690154296875000000e+03
2.900602000000000000e+07
1.903199250000000000e+06
4.887590500000000000e+06
1.581508625000000000e+06
2.842633600000000000e+07
3.779775390625000000e+04
3.143233200000000000e+07
1.742103750000000000e+06
2.442116250000000000e+06
1.484140781250000000e+05
1.036586000000000000e+06
3.140734000000000000e+07
8.589391406250000000e+04
1.286682250000000000e+06
5.043500781250000000e+04
3.034563437500000000e+05
2.302439840000000000e+08
2.705381200000000000e+07
3.143233200000000000e+07
1.801021200000000000e+07
1.742103750000000000e+06
2.442116250000000000e+06
5.237345600000000000e+07
1.036586000000000000e+06
3.140734000000000000e+07
1.286682250000000000e+06
2.212995686400000000e+10
2.302439840000000000e+08
2.705381200000000000e+07
1.801021200000000000e+07
5.237345600000000000e+07
2.212995686400000000e+10
1.951615625000000000e+05
7.412701660156250000e+03
1.658868400000000000e+07
3.436917578125000000e+04
7.517546093750000000e+04
6.330878125000000000e+05
5.622399218750000000e+04
9.802533593750000000e+04
1.796472187500000000e+05
2.019207611083984375e+02
2.988752746582031250e+01
5.049198913574218750e+01
7.377075195312500000e+03
6.144107812500000000e+04
3.338307812500000000e+04
2.503945898437500000e+04
1.741499200000000000e+07
4.662093359375000000e+04
7.377075195312500000e+03
3.127501757812500000e+04
1.346572500000000000e+05
1.678506347656250000e+03
4.512861875000000000e+05
1.095941625000000000e+06
1.073814257812500000e+04
1.351708398437500000e+04
1.758967968750000000e+04
2.824822656250000000e+04
3.124089843750000000e+03
3.251356933593750000e+03
5.602434375000000000e+04
5.062638437500000000e+05
1.442804882812500000e+04
1.149332625000000000e+06
2.402459375000000000e+04
1.077695703125000000e+04
1.199394609375000000e+05
1.820355682373046875e+02
3.367569921875000000e+04
3.758285937500000000e+05
1.226965026855468750e+02
4.288652343750000000e+02
1.146380390625000000e+05
1.513998107910156250e+02
5.473819580078125000e+02
2.060169843750000000e+05
2.118648986816406250e+02
4.709784240722656250e+02
2.279775195312500000e+04
3.036640750000000000e+06
4.421973437500000000e+04
6.919821875000000000e+04
3.838315312500000000e+05
3.439241943359375000e+02
4.583534500000000000e+06
2.680345703125000000e+04
9.557437133789062500e+01
4.005735397338867188e+00
2.042483593750000000e+04
2.249068847656250000e+03
1.121727294921875000e+02
9.674455000000000000e+05
2.881034469604492188e+01
7.397612304687500000e+02
1.561308496093750000e+04
6.061672500000000000e+06
3.564237750000000000e+06
4.935423000000000000e+06
5.846166250000000000e+05
2.209734000000000000e+06
1.125548125000000000e+06
4.587856640625000000e+04
7.272760000000000000e+05
3.034563437500000000e+05
6.954660156250000000e+03
2.118883040000000000e+08
3.721118400000000000e+08
6.061672500000000000e+06
2.070825920000000000e+08
3.564237750000000000e+06
4.935423000000000000e+06
5.619076800000000000e+07
2.209734000000000000e+06
1.125548125000000000e+06
7.272760000000000000e+05
7.200489472000000000e+10
2.118883040000000000e+08
3.721118400000000000e+08
2.070825920000000000e+08
5.619076800000000000e+07
7.200489472000000000e+10
5.883512500000000000e+06
1.020018500000000000e+07
4.907181562500000000e+05
1.578353500000000000e+06
1.495123593750000000e+05
4.394586425781250000e+03
1.897681440000000000e+08
5.350784500000000000e+06
1.039716100000000000e+07
1.532320250000000000e+06
1.895963040000000000e+08
1.050839500000000000e+06
1.174558300000000000e+07
4.529720500000000000e+06
1.338026406250000000e+05
5.099662000000000000e+06
3.244715250000000000e+06
1.778977148437500000e+04
4.765956800000000000e+07
2.162854531250000000e+05
6.959903125000000000e+04
7.785879552000000000e+09
1.614585100000000000e+07
1.504218281250000000e+05
2.033064064000000000e+09
1.126252500000000000e+06
4.629108437500000000e+05
5.673108480000000000e+08
2.035598906250000000e+05
8.913585937500000000e+04
4.468165000000000000e+06
7.200489472000000000e+10
3.219522400000000000e+07
1.945158593750000000e+05
1.236029400000000000e+07
5.745527500000000000e+06
4.612872640000000000e+08
1.547159875000000000e+06
1.710534375000000000e+06
1.030950097656250000e+04
1.547884500000000000e+06
9.925165039062500000e+03
1.694161500000000000e+06
4.893327500000000000e+06
1.811070507812500000e+04
6.518910625000000000e+05
9.498656250000000000e+03
6.385006713867187500e+02
3.709282400000000000e+07
1.200657031250000000e+05
6.278085546875000000e+04
4.660021972656250000e+03
5.316260156250000000e+04
7.377867187500000000e+04
1.837966000000000000e+07
3.901442968750000000e+04
9.208384765625000000e+03
6.939132000000000000e+06
6.587952343750000000e+04
1.263130750000000000e+06
1.089819500000000000e+06
1.034205500000000000e+06
3.285385156250000000e+04
3.399370937500000000e+05
1.270286100000000000e+07
4.529720500000000000e+06
3.419549609375000000e+04
5.742014800000000000e+07
5.749549375000000000e+05
1.954629882812500000e+04
2.518013440000000000e+09
8.651580000000000000e+05
1.184186750000000000e+06
1.243516100000000000e+07
2.436624800000000000e+08
8.457117187500000000e+03
2.727884687500000000e+05
4.868635625000000000e+05
3.479153515625000000e+04
9.819781494140625000e+02
4.176680468750000000e+04
3.046001892089843750e+02
4.457169062500000000e+05
3.858478759765625000e+03
1.611710253906250000e+04
2.559901367187500000e+03
2.914080200195312500e+02
1.020892285156250000e+04
3.918432031250000000e+04
4.200383789062500000e+03
5.521026953125000000e+04
1.709110937500000000e+04
2.877085156250000000e+04
1.178617382812500000e+04
1.233179589843750000e+04
1.973860156250000000e+05
3.460360937500000000e+04
2.196904296875000000e+03
1.741499200000000000e+07
2.091942871093750000e+03
1.233179589843750000e+04
1.233422607421875000e+03
3.467548750000000000e+05
4.070227661132812500e+02
6.457196875000000000e+05
7.738320312500000000e+03
5.185180664062500000e+02
1.863670703125000000e+04
7.440333862304687500e+02
1.321344970703125000e+03
2.149792022705078125e+02
1.578353500000000000e+06
1.170081542968750000e+04
3.480875781250000000e+04
5.299600781250000000e+04
4.924975000000000000e+04
4.934005859375000000e+04
1.348430125000000000e+06
2.291658203125000000e+03
1.935772500000000000e+05
2.026848754882812500e+03
3.615160937500000000e+04
3.730494000000000000e+06
9.240729370117187500e+02
7.820325781250000000e+04
6.846725097656250000e+03
3.887967187500000000e+04
3.814634765625000000e+04
9.627994140625000000e+03
3.452801562500000000e+05
3.913091406250000000e+04
8.443863525390625000e+02
2.208202968750000000e+05
3.091671289062500000e+04
7.075821777343750000e+03
4.922536562500000000e+05
2.510281494140625000e+03
9.978225000000000000e+04
3.419763000000000000e+06
1.484140781250000000e+05
1.520576464843750000e+04
3.419763000000000000e+06
2.452627539062500000e+04
1.348430125000000000e+06
2.241933593750000000e+03
7.497949375000000000e+05
7.361675292968750000e+03
2.258532226562500000e+04
1.045661125000000000e+06
1.006736938476562500e+03
2.062001171875000000e+04
6.721678125000000000e+04
2.677034570312500000e+04
1.351235250000000000e+06
3.701621093750000000e+04
4.340969726562500000e+03
1.196010839843750000e+04
1.583848600000000000e+07
1.323524000000000000e+07
2.321738750000000000e+06
3.052866601562500000e+04
2.082740000000000000e+07
1.599968200000000000e+07
6.234970703125000000e+03
4.439895600000000000e+07
4.296798437500000000e+04
3.395388281250000000e+04
6.988941312000000000e+09
2.348141200000000000e+07
9.070671093750000000e+04
1.183771904000000000e+09
1.267818125000000000e+06
1.867341093750000000e+05
9.545477760000000000e+08
5.441539375000000000e+05
8.612386875000000000e+05
2.531359500000000000e+06
7.200489472000000000e+10
3.234565600000000000e+07
1.270843281250000000e+05
2.726922000000000000e+07
1.342373000000000000e+07
1.496944384000000000e+09
1.947988400000000000e+07
3.183772851562500000e+04
2.329733281250000000e+05
1.179254000000000000e+06
1.413239375000000000e+05
1.050303100585937500e+03
2.936291992187500000e+03
6.221214062500000000e+04
1.485315875000000000e+06
1.768972500000000000e+06
9.089678125000000000e+05
1.604158750000000000e+06
6.364353027343750000e+03
2.545781500000000000e+06
8.944452000000000000e+06
6.646982421875000000e+03
2.564869873046875000e+03
3.901346093750000000e+04
2.589454589843750000e+03
7.691426562500000000e+04
5.062638437500000000e+05
9.335827148437500000e+03
5.763218261718750000e+03
1.485315875000000000e+06
3.780626171875000000e+04
5.120425781250000000e+04
2.289056250000000000e+04
1.884300537109375000e+03
2.521093125000000000e+05
1.655829101562500000e+04
2.173787500000000000e+05
1.693938500000000000e+06
1.608671289062500000e+04
6.581616406250000000e+04
1.981062109375000000e+04
1.091112060546875000e+03
7.125165625000000000e+04
5.753592187500000000e+04
5.242719116210937500e+02
1.240165429687500000e+04
1.038439765625000000e+05
9.296827343750000000e+04
1.674058837890625000e+03
9.982774375000000000e+05
1.113290468750000000e+05
1.659600468750000000e+05
8.839586914062500000e+03
4.106540039062500000e+03
3.968265991210937500e+02
5.130201171875000000e+04
6.112519042968750000e+03
1.742804809570312500e+03
7.149695625000000000e+05
1.208288828125000000e+05
1.049255273437500000e+04
3.374026875000000000e+05
7.019952343750000000e+04
9.894192382812500000e+03
4.651890869140625000e+02
1.010147949218750000e+04
3.120752812500000000e+05
2.212654687500000000e+04
6.242041875000000000e+05
4.993110156250000000e+04
1.065141015625000000e+04
3.838223828125000000e+04
1.222588906250000000e+05
1.101187375000000000e+06
2.250630250000000000e+06
1.639280625000000000e+06
1.634898925781250000e+04
5.380585625000000000e+05
4.915944335937500000e+03
1.985938906250000000e+05
3.658814697265625000e+03
5.043262695312500000e+03
3.986046875000000000e+04
1.400197387695312500e+03
5.826014453125000000e+04
9.107256835937500000e+03
2.251471679687500000e+04
2.951452500000000000e+05
1.016523203125000000e+05
6.890972137451171875e+01
9.496455078125000000e+03
7.324021000000000000e+06
2.166601500000000000e+06
4.893327500000000000e+06
7.828534375000000000e+04
1.199872250000000000e+06
1.291964625000000000e+06
5.067411621093750000e+03
5.890658750000000000e+05
7.692403125000000000e+04
2.095501562500000000e+04
1.437111808000000000e+09
1.304363200000000000e+08
1.549528906250000000e+05
3.894225600000000000e+07
3.372286562500000000e+05
2.008967750000000000e+06
1.384433440000000000e+08
4.597212500000000000e+05
5.647183203125000000e+04
2.199199375000000000e+05
4.459728896000000000e+10
9.978034400000000000e+07
7.190825500000000000e+06
2.669360750000000000e+06
1.111729200000000000e+07
1.550927360000000000e+09
1.102959800000000000e+07
2.984130000000000000e+06
1.575347778320312500e+03
9.010086875000000000e+05
1.598145019531250000e+03
5.019311904907226562e+01
5.862308480000000000e+08
1.210037500000000000e+04
3.984015625000000000e+03
5.238137817382812500e+02
3.970801562500000000e+04
1.281019531250000000e+05
9.407681250000000000e+04
4.884373828125000000e+04
2.066545312500000000e+05
2.846347812500000000e+05
2.406368593750000000e+05
5.357655468750000000e+04
2.215287968750000000e+05
4.096548750000000000e+05
1.960289531250000000e+05
3.438638437500000000e+05
1.068157265625000000e+05
1.592710449218750000e+04
4.050816015625000000e+04
1.953098375000000000e+06
4.529720500000000000e+06
2.607559082031250000e+03
1.034577929687500000e+04
2.420982031250000000e+04
2.278025390625000000e+04
6.581616406250000000e+04
1.211926406250000000e+05
5.870250976562500000e+03
5.540464453125000000e+04
6.234468750000000000e+05
8.734815625000000000e+05
2.292224023437500000e+04
4.515021484375000000e+04
2.483797343750000000e+05
1.406899250000000000e+06
4.204668750000000000e+05
2.393370000000000000e+06
6.051260253906250000e+03
9.691444335937500000e+03
6.978207031250000000e+04
1.403213906250000000e+05
9.558410156250000000e+03
1.884760937500000000e+04
7.338897656250000000e+04
8.609775625000000000e+05
2.787532500000000000e+05
1.384136625000000000e+06
3.790241562500000000e+05
1.317719375000000000e+05
1.191645156250000000e+05
2.508160750000000000e+06
4.985307031250000000e+04
1.847801406250000000e+05
4.835208984375000000e+04
5.450618750000000000e+04
3.082023250000000000e+06
4.826708437500000000e+05
3.254150000000000000e+05
6.116768798828125000e+02
1.165349316406250000e+04
5.275010625000000000e+05
2.180997070312500000e+03
3.678500937500000000e+05
1.253291250000000000e+05
8.870802343750000000e+04
5.115310156250000000e+04
2.440476250000000000e+05
8.951051757812500000e+03
2.300326953125000000e+04
5.848342000000000000e+06
5.106697265625000000e+04
1.809302539062500000e+04
6.600064843750000000e+04
2.145513250000000000e+06
7.108019531250000000e+03
6.921460000000000000e+05
1.137687031250000000e+05
7.511216308593750000e+03
1.946465000000000000e+05
1.099409609375000000e+05
2.091306835937500000e+04
1.891373046875000000e+04
7.231362500000000000e+04
1.074741601562500000e+04
1.146785078125000000e+05
3.127945625000000000e+05
3.293070556640625000e+03
9.896532031250000000e+04
1.348430125000000000e+06
1.787642578125000000e+04
1.714913125000000000e+05
1.898562812500000000e+05
1.905724609375000000e+04
4.213801562500000000e+04
2.835050500000000000e+06
3.012111250000000000e+05
4.129827343750000000e+04
5.530829687500000000e+04
1.270595937500000000e+05
3.421347187500000000e+05
2.651248046875000000e+04
3.565736328125000000e+04
3.694300000000000000e+05
3.384670312500000000e+04
1.917249062500000000e+05
4.509673000000000000e+06
7.889655761718750000e+03
1.605658750000000000e+06
7.367027500000000000e+05
3.097060351562500000e+04
2.464663671875000000e+04
9.085272460937500000e+03
5.334671093750000000e+04
7.523635864257812500e+02
9.331662750244140625e+01
1.824613159179687500e+03
1.539960400000000000e+07
4.775203906250000000e+04
1.480634472656250000e+04
7.260978750000000000e+05
3.579573437500000000e+04
1.485315875000000000e+06
5.103659375000000000e+05
6.131213125000000000e+05
1.660531750000000000e+06
3.799914843750000000e+04
3.130989375000000000e+05
3.120025250000000000e+06
9.380076250000000000e+05
4.330542968750000000e+03
3.776626171875000000e+04
9.380076250000000000e+05
4.807244140625000000e+04
7.543083593750000000e+04
1.344991250000000000e+05
3.951674218750000000e+04
1.299184140625000000e+05
5.129289627075195312e+01
1.227365966796875000e+03
8.833273315429687500e+02
3.984902734375000000e+04
1.568171679687500000e+04
6.024319824218750000e+03
1.235414810180664062e+02
1.992218400000000000e+07
2.736650195312500000e+04
1.658868400000000000e+07
4.395517968750000000e+04
7.307048125000000000e+05
4.765956800000000000e+07
1.714135125000000000e+06
8.919215625000000000e+04
5.358855438232421875e+01
1.044902890625000000e+05
5.298395996093750000e+02
1.306244659423828125e+02
2.577951965332031250e+02
9.470080566406250000e+01
1.213425520000000000e+08
9.602653440000000000e+08
1.626016700000000000e+07
1.453548375000000000e+06
1.649607617187500000e+04
1.553806700000000000e+07
2.284582000000000000e+07
5.660778125000000000e+05
6.126348800000000000e+07
6.319420703125000000e+04
9.267476806640625000e+02
1.340338378906250000e+03
5.090457458496093750e+02
3.914564208984375000e+02
1.300078125000000000e+02
2.372816925048828125e+02
2.505308928000000000e+09
6.034187200000000000e+07
1.394414464000000000e+09
1.256594625000000000e+06
2.352804000000000000e+07
2.063852294921875000e+03
8.979484252929687500e+02
1.304220947265625000e+03
3.825419921875000000e+02
2.592320768000000000e+09
2.049908447265625000e+03
3.039908789062500000e+04
4.314641000000000000e+06
5.946172265625000000e+04
1.991887359619140625e+02
1.186090703125000000e+05
7.307048125000000000e+05
3.363565063476562500e+02
1.705317000000000000e+06
3.398368453979492188e+01
1.052179336547851562e+02
6.944268035888671875e+01
1.735301875000000000e+06
1.059878540039062500e+03
1.110007858276367188e+02
3.710535156250000000e+04
9.709932000000000000e+07
6.739443969726562500e+02
4.314641000000000000e+06
8.319314575195312500e+01
5.946207031250000000e+04
1.991891174316406250e+02
4.436290893554687500e+02
7.307034375000000000e+05
3.363513793945312500e+02
3.398394393920898438e+01
1.436597700000000000e+07
4.183329772949218750e+02
1.735297000000000000e+06
4.562682723999023438e+01
1.059874023437500000e+03
1.110000839233398438e+02
8.342393188476562500e+02
9.709856800000000000e+07
6.739463500976562500e+02
8.319314575195312500e+01
4.436290893554687500e+02
5.292255859375000000e+02
1.436597700000000000e+07
4.183329772949218750e+02
4.562682723999023438e+01
8.342393188476562500e+02
5.292255859375000000e+02
1.174544800000000000e+07
4.115740000000000000e+06
1.221345546875000000e+05
4.109836400000000000e+07
8.829504687500000000e+04
5.410667187500000000e+04
1.775046400000000000e+09
5.539516250000000000e+05
5.066758750000000000e+05
1.534871000000000000e+06
1.861444400000000000e+07
3.522056250000000000e+04
5.344909500000000000e+06
6.136659375000000000e+04
1.215207226562500000e+04
7.775919531250000000e+04
1.215984082031250000e+04
9.687969531250000000e+04
3.007065625000000000e+05
4.697727734375000000e+04
4.766692871093750000e+03
5.568072753906250000e+03
1.272357890625000000e+05
3.568315234375000000e+04
2.681953125000000000e+03
2.576130981445312500e+02
1.032777578125000000e+05
6.861245727539062500e+02
9.571200195312500000e+03
4.804117000000000000e+06
2.442135000000000000e+06
1.594208437500000000e+05
2.533323000000000000e+06
6.844493750000000000e+04
1.780539687500000000e+05
6.258916000000000000e+07
1.197640625000000000e+06
1.341994000000000000e+06
8.459149375000000000e+05
1.577502100000000000e+07
4.778857421875000000e+04
1.241673906250000000e+05
3.158712890625000000e+04
3.114497375488281250e+01
1.168216015625000000e+04
4.832360076904296875e+01
6.582920551300048828e+00
1.001339257812500000e+04
3.691313934326171875e+01
5.390542030334472656e+00
1.165206050872802734e+01
1.087269496917724609e+01
2.656142773437500000e+04
1.032378828125000000e+05
1.480883007812500000e+04
1.750872265625000000e+04
3.542991015625000000e+04
3.612951000000000000e+06
9.119531250000000000e+04
1.016358515625000000e+05
2.684371562500000000e+05
1.368093000000000000e+06
4.657156250000000000e+04
4.520926250000000000e+05
5.398978000000000000e+06
3.509866250000000000e+06
8.155070625000000000e+05
2.362474250000000000e+06
5.726134375000000000e+04
1.499990937500000000e+05
1.793258240000000000e+08
5.646066000000000000e+06
1.990974125000000000e+06
2.264681500000000000e+06
1.164320880000000000e+08
3.174221750000000000e+06
1.705312375000000000e+06
4.766002400000000000e+07
1.148338125000000000e+05
9.531371875000000000e+05
3.034560625000000000e+05
3.174221750000000000e+06
4.314555840000000000e+08
4.766002400000000000e+07
9.531371875000000000e+05
4.314555840000000000e+08
1.064022265625000000e+05
1.592705761718750000e+04
1.479710327148437500e+03
2.209552734375000000e+04
3.986438903808593750e+02
3.504802500000000000e+06
6.984026562500000000e+04
8.317193359375000000e+03
1.788756718750000000e+05
5.197917480468750000e+03
5.756857299804687500e+02
3.285275937500000000e+05
9.723335937500000000e+04
2.172960937500000000e+03
2.566344726562500000e+03
1.542525625000000000e+05
3.249006835937500000e+03
4.034556152343750000e+03
1.700855560302734375e+02
3.504802500000000000e+06
1.049126098632812500e+03
1.372386132812500000e+04
1.068989062500000000e+04
1.248269042968750000e+03
4.083662719726562500e+02
3.285275937500000000e+05
1.577748828125000000e+04
3.718640136718750000e+03
1.542525625000000000e+05
4.034556152343750000e+03
2.779653808593750000e+03
1.705068725585937500e+03
1.372386132812500000e+04
1.248269042968750000e+03
1.577748828125000000e+04
2.779653808593750000e+03
1.154629296875000000e+05
1.039046679687500000e+04
4.829230041503906250e+02
2.410517382812500000e+04
1.932101562500000000e+04
4.695111328125000000e+04
2.053726043701171875e+02
1.500105590820312500e+03
3.248466562500000000e+05
6.195991210937500000e+03
9.225737500000000000e+04
6.830404500000000000e+06
2.599877000000000000e+06
2.442135000000000000e+06
2.818796875000000000e+04
4.697560000000000000e+05
9.825550000000000000e+05
1.003493359375000000e+04
1.348432625000000000e+06
1.610134765625000000e+03
2.060595507812500000e+04
2.322876000000000000e+08
9.203489000000000000e+06
1.459652031250000000e+05
1.013387040000000000e+08
2.088525625000000000e+05
1.063414687500000000e+05
1.679990125000000000e+06
3.263893554687500000e+03
3.434702343750000000e+04
1.134884687500000000e+05
2.078065600000000000e+07
8.935128750000000000e+05
9.372040625000000000e+04
1.680052500000000000e+06
1.009408398437500000e+04
1.821926406250000000e+05
6.584892500000000000e+06
1.588096191406250000e+04
6.396628000000000000e+06
1.142281005859375000e+03
1.218216750000000000e+06
5.259461914062500000e+03
7.128276875000000000e+05
1.228205056000000000e+09
2.780319062500000000e+05
1.925055078125000000e+04
1.447856900000000000e+07
4.525626464843750000e+03
2.057117031250000000e+05
1.213657455444335938e+02
2.307999375000000000e+05
1.111985717773437500e+03
1.596659667968750000e+03
8.963643554687500000e+03
1.220617065429687500e+02
1.697191772460937500e+03
2.313939941406250000e+03
5.174927368164062500e+02
2.746305500000000000e+06
1.754690875000000000e+06
1.541659218750000000e+05
2.746305500000000000e+06
1.277132200000000000e+07
4.893280500000000000e+06
2.597240039062500000e+04
9.882380000000000000e+06
1.394087812500000000e+05
1.016379492187500000e+04
2.785453120000000000e+08
3.373280312500000000e+05
8.897652343750000000e+04
1.636737031250000000e+05
1.442338437500000000e+05
1.282687011718750000e+03
2.869973437500000000e+04
2.542553558349609375e+02
4.512146093750000000e+04
4.857032421875000000e+04
2.217125488281250000e+03
7.131135253906250000e+03
5.939680175781250000e+03
1.860032226562500000e+04
1.200017333984375000e+03
1.344574096679687500e+03
1.971881375000000000e+06
2.968589500000000000e+06
4.529698500000000000e+06
1.528679062500000000e+05
2.820770937500000000e+05
7.907293125000000000e+05
3.256321679687500000e+04
7.522903750000000000e+05
7.306921386718750000e+03
3.034560625000000000e+05
5.191516000000000000e+07
6.116350500000000000e+06
1.971881375000000000e+06
1.275253920000000000e+08
2.968589500000000000e+06
4.529698500000000000e+06
6.026212500000000000e+06
2.820770937500000000e+05
7.907293125000000000e+05
7.522903750000000000e+05
3.994963200000000000e+07
5.191516000000000000e+07
6.116350500000000000e+06
1.275253920000000000e+08
6.026212500000000000e+06
3.994963200000000000e+07
3.446650250000000000e+06
2.599877000000000000e+06
2.442135000000000000e+06
1.497024804687500000e+04
3.911911000000000000e+06
5.058991500000000000e+06
2.489285742187500000e+04
1.348432625000000000e+06
2.749356933593750000e+03
1.975386914062500000e+04
2.801757440000000000e+08
1.654700200000000000e+07
1.458391406250000000e+05
1.013387040000000000e+08
2.379045625000000000e+05
4.648285937500000000e+05
2.477913600000000000e+07
1.140652968750000000e+05
4.786138437500000000e+05
3.929340234375000000e+04
3.530326800000000000e+07
5.222519000000000000e+06
2.379610781250000000e+05
3.085028750000000000e+06
1.606489000000000000e+06
1.281403125000000000e+06
5.955196093750000000e+04
1.955467375000000000e+06
1.953100375000000000e+06
3.615976875000000000e+05
7.492666406250000000e+04
1.035379812500000000e+06
7.009027343750000000e+03
3.039367250000000000e+06
1.978641210937500000e+04
3.444480625000000000e+05
1.158737187500000000e+05
3.716768125000000000e+05
2.015945117187500000e+04
1.619297500000000000e+07
9.284075625000000000e+05
8.413624000000000000e+06
5.118306250000000000e+04
6.141530000000000000e+05
3.966105078125000000e+04
1.037491406250000000e+05
1.723097000000000000e+06
2.725209250000000000e+06
3.481589453125000000e+04
1.053694062500000000e+05
8.028214843750000000e+04
8.841292968750000000e+04
5.057732000000000000e+06
3.950918437500000000e+05
8.938026875000000000e+05
3.601205937500000000e+05
3.764714750000000000e+06
2.340607812500000000e+05
3.473420000000000000e+05
1.214233281250000000e+05
3.718307250000000000e+06
1.393537875000000000e+06
1.779812625000000000e+06
4.306629687500000000e+05
2.878821777343750000e+03
1.497803500000000000e+06
6.189014500000000000e+06
2.559115312500000000e+05
6.702706400000000000e+07
2.939719726562500000e+04
9.161385000000000000e+06
6.983253125000000000e+04
7.479558750000000000e+05
2.254158560000000000e+08
5.911605500000000000e+06
3.073694375000000000e+05
6.065859000000000000e+06
3.789419531250000000e+04
2.189347200000000000e+07
6.638384277343750000e+03
1.473899804687500000e+04
1.975037031250000000e+05
6.629289500000000000e+06
2.628885750000000000e+06
4.893280500000000000e+06
3.736130468750000000e+04
5.787298750000000000e+05
4.531955625000000000e+05
2.669815429687500000e+03
5.282375625000000000e+05
1.117759863281250000e+04
1.068759643554687500e+03
3.166486080000000000e+08
1.093509200000000000e+08
1.541377343750000000e+04
3.980800000000000000e+07
1.716235156250000000e+05
8.567727343750000000e+04
1.716155200000000000e+07
6.167776855468750000e+03
1.239221191406250000e+03
5.744700195312500000e+03
3.267258368000000000e+09
2.454176562500000000e+05
3.996464843750000000e+04
5.642182421875000000e+04
6.786751464843750000e+03
3.947948828125000000e+04
2.384686800000000000e+07
2.411029531250000000e+05
4.187058125000000000e+05
4.992907812500000000e+05
1.742238250000000000e+06
2.117707214355468750e+02
1.846817600000000000e+07
2.700864400000000000e+07
2.416208437500000000e+05
4.612103125000000000e+05
1.814859200000000000e+07
3.334231875000000000e+05
2.009190000000000000e+06
1.661111093750000000e+05
2.441646679687500000e+04
2.488914531250000000e+05
3.331444531250000000e+04
6.134196484375000000e+04
1.411232812500000000e+05
1.322925937500000000e+05
9.108892187500000000e+04
1.251191796875000000e+04
1.457392773437500000e+04
2.596915429687500000e+04
1.270826328125000000e+05
3.552610778808593750e+02
1.583958862304687500e+03
6.916141875000000000e+05
6.264257812500000000e+03
1.709522968750000000e+05
6.552193750000000000e+05
1.099739125000000000e+06
4.721874084472656250e+02
2.167701110839843750e+02
1.071660156250000000e+05
9.701995312500000000e+04
1.709120703125000000e+04
1.485318625000000000e+06
1.282687011718750000e+03
2.438612109375000000e+04
1.117408125000000000e+06
5.143119628906250000e+03
5.062604687500000000e+05
5.401653320312500000e+03
4.610599218750000000e+04
4.157660156250000000e+04
6.897356250000000000e+05
3.711877929687500000e+03
4.385735937500000000e+04
2.584108886718750000e+03
1.286366953125000000e+05
2.277599687500000000e+05
4.040907714843750000e+03
2.670280078125000000e+04
4.662012890625000000e+04
3.945362890625000000e+04
2.234478759765625000e+03
8.261136718750000000e+04
5.323469140625000000e+04
1.706010156250000000e+04
2.927725000000000000e+04
2.732999511718750000e+03
1.004946718750000000e+05
5.275010625000000000e+05
1.341920507812500000e+04
7.707047729492187500e+02
8.008243408203125000e+02
1.167412475585937500e+03
7.508824707031250000e+03
8.246125781250000000e+04
2.350913906250000000e+05
6.527828369140625000e+02
4.646923217773437500e+02
1.021824401855468750e+03
4.727484765625000000e+04
5.072983398437500000e+02
2.140653250000000000e+06
1.061839843750000000e+05
9.648114624023437500e+02
9.245536718750000000e+04
3.025178906250000000e+04
9.234083984375000000e+03
2.200240000000000000e+05
4.473090625000000000e+05
1.284268515625000000e+05
1.930338867187500000e+04
1.002056000000000000e+07
1.816298750000000000e+05
4.020130371093750000e+03
2.654600625000000000e+05
1.740124400000000000e+07
6.942727500000000000e+05
3.959318542480468750e+02
5.408897656250000000e+04
2.351000976562500000e+02
8.633080291748046875e+01
2.268502800000000000e+07
1.290885375976562500e+03
3.526764526367187500e+02
2.004655303955078125e+02
1.134556152343750000e+03
2.696982031250000000e+04
2.478050800000000000e+07
3.594903250000000000e+06
6.452966406250000000e+04
4.766002400000000000e+07
8.321921875000000000e+04
5.782450390625000000e+04
2.935669504000000000e+09
1.731537750000000000e+06
6.465127500000000000e+05
3.811839250000000000e+06
7.650308000000000000e+07
1.103269687500000000e+05
2.599185156250000000e+05
3.039367250000000000e+06
2.220000000000000000e+04
1.331552832031250000e+04
1.075031250000000000e+06
4.000106640625000000e+04
5.578410156250000000e+04
6.854026250000000000e+05
1.507139062500000000e+05
2.364762250000000000e+06
3.666976562500000000e+04
3.032040937500000000e+05
2.106727750000000000e+06
9.118052343750000000e+04
2.364762250000000000e+06
2.106727750000000000e+06
2.671033750000000000e+05
2.218528906250000000e+04
4.618111328125000000e+04
1.164025390625000000e+04
1.384412402343750000e+04
2.365416210937500000e+04
3.426389465332031250e+02
4.225810937500000000e+04
1.944248291015625000e+03
3.329559020996093750e+02
4.015672607421875000e+03
2.321351953125000000e+04
1.067893554687500000e+04
6.400685546875000000e+03
5.861058593750000000e+03
1.263931738281250000e+04
1.272138574218750000e+04
1.123530395507812500e+03
2.168851013183593750e+02
1.189359130859375000e+03
2.255585693359375000e+03
1.456662231445312500e+03
8.956465820312500000e+03
4.256781250000000000e+03
1.186289916992187500e+03
3.698054931640625000e+03
1.462896484375000000e+04
1.173296752929687500e+03
1.514082153320312500e+03
8.076456250000000000e+04
1.796979375000000000e+05
1.120087187500000000e+05
3.291394687500000000e+05
1.849688911437988281e+01
2.833688867187500000e+04
2.056562255859375000e+03
7.052811035156250000e+03
3.506717041015625000e+03
4.398541503906250000e+03
7.493538281250000000e+04
1.080259628295898438e+02
1.361810546875000000e+04
2.828221435546875000e+03
2.479254150390625000e+03
1.617176562500000000e+04
5.115314843750000000e+04
1.953100375000000000e+06
1.308488037109375000e+03
1.808241796875000000e+04
4.690737500000000000e+05
3.285112500000000000e+04
8.343321875000000000e+04
3.034560625000000000e+05
2.162377471923828125e+02
1.004720214843750000e+04
2.026976562500000000e+05
2.138784765625000000e+04
6.331545703125000000e+04
7.659895629882812500e+02
1.293935742187500000e+04
9.836951293945312500e+02
1.963243437500000000e+05
2.272695703125000000e+04
4.690737500000000000e+05
1.317098236083984375e+02
2.647625000000000000e+03
5.362311401367187500e+02
2.155344335937500000e+04
6.602599121093750000e+03
2.026976562500000000e+05
1.847335156250000000e+04
1.650280761718750000e+03
1.293935742187500000e+04
1.963243437500000000e+05
1.226200805664062500e+03
1.736574249267578125e+02
2.647625000000000000e+03
2.155344335937500000e+04
1.847335156250000000e+04
1.226200805664062500e+03
4.133756347656250000e+03
4.220327453613281250e+02
1.985169921875000000e+04
4.133756347656250000e+03
4.288981250000000000e+05
1.186793750000000000e+06
1.890537031250000000e+05
4.374515136718750000e+03
1.066895250000000000e+06
6.620406875000000000e+05
2.816021289062500000e+04
4.766002400000000000e+07
1.705312375000000000e+06
3.034560625000000000e+05
1.308382240000000000e+08
5.685361718750000000e+04
4.288981250000000000e+05
2.266605440000000000e+08
1.186793750000000000e+06
1.890537031250000000e+05
9.644000800000000000e+07
1.066895250000000000e+06
6.620406875000000000e+05
4.766002400000000000e+07
1.664289408000000000e+09
1.308382240000000000e+08
5.685361718750000000e+04
2.266605440000000000e+08
9.644000800000000000e+07
1.664289408000000000e+09
4.961383000000000000e+06
4.709157031250000000e+04
7.380407031250000000e+04
1.940013906250000000e+05
8.875381835937500000e+03
3.012114990234375000e+03
1.277895751953125000e+03
1.430293164062500000e+04
4.228629882812500000e+03
7.802569824218750000e+03
2.014099243164062500e+03
2.578935791015625000e+03
7.326261718750000000e+04
4.892616015625000000e+04
6.570452636718750000e+03
2.000618554687500000e+04
2.648016015625000000e+04
3.371940250000000000e+06
1.682584960937500000e+04
1.171608875000000000e+06
8.528755625000000000e+05
2.647584179687500000e+04
2.169634033203125000e+03
3.190031054687500000e+04
4.542078906250000000e+04
1.225437500000000000e+03
3.586853271484375000e+03
1.380826660156250000e+03
3.263556054687500000e+04
7.324140000000000000e+06
8.294258789062500000e+03
2.068948730468750000e+03
5.746967187500000000e+04
4.945574707031250000e+03
1.930135803222656250e+02
2.580052185058593750e+01
8.528755625000000000e+05
1.574042724609375000e+03
1.242441562500000000e+05
1.361408007812500000e+04
1.930135803222656250e+02
2.580052185058593750e+01
2.100288085937500000e+03
2.786078453063964844e+01
1.361408007812500000e+04
5.129413437500000000e+05
8.849357299804687500e+02
2.786078453063964844e+01
3.223968200683593750e+02
4.121817398071289062e+01
1.091356640625000000e+04
4.189311599731445312e+01
