4.028532187500000000e+05
2.790050390625000000e+04
8.968491875000000000e+05
3.926080000000000000e+05
3.532855937500000000e+05
1.196626800000000000e+08
1.341502500000000000e+06
6.036134375000000000e+05
1.196626800000000000e+08
3.563985937500000000e+04
5.642166015625000000e+04
3.015657714843750000e+03
1.756067031250000000e+05
1.037070000000000000e+05
1.650194091796875000e+03
1.523803710937500000e+04
6.479057421875000000e+04
4.835891015625000000e+04
6.318684765625000000e+04
1.311531542968750000e+04
2.957039062500000000e+03
6.721445312500000000e+02
7.494799804687500000e+03
3.688078125000000000e+03
1.076691894531250000e+04
3.035428955078125000e+03
4.548265136718750000e+03
3.961395200000000000e+07
1.408384000000000000e+06
9.610718750000000000e+05
1.891515600000000000e+07
9.283885000000000000e+06
2.140515234375000000e+04
3.152576171875000000e+04
1.647970312500000000e+05
5.151026562500000000e+05
4.988918750000000000e+05
7.003728000000000000e+06
6.881533593750000000e+04
4.988918750000000000e+05
4.843560500000000000e+06
1.558123750000000000e+05
5.395187890625000000e+04
1.208388375000000000e+06
3.790014160156250000e+03
2.758787109375000000e+03
4.529275390625000000e+04
2.424965576171875000e+03
4.899550781250000000e+04
2.244885101318359375e+02
3.514111633300781250e+02
1.150575500000000000e+07
2.261715600000000000e+07
4.074718750000000000e+04
1.203757625000000000e+06
2.510993359375000000e+04
3.178260546875000000e+04
2.846128960000000000e+08
6.768304375000000000e+05
1.966744062500000000e+05
9.656659179687500000e+03
5.961460000000000000e+05
4.425924500000000000e+06
3.637342968750000000e+04
1.544738125000000000e+05
2.272279200000000000e+07
1.343166308593750000e+04
1.425012890625000000e+04
1.044095078125000000e+05
9.919665600000000000e+07
2.371799600000000000e+07
7.334265625000000000e+04
1.413417440000000000e+08
5.952262500000000000e+05
1.250835078125000000e+05
1.635352448000000000e+09
2.707469500000000000e+06
6.613314375000000000e+05
1.910092250000000000e+06
1.288711300000000000e+07
1.931501562500000000e+05
1.964421718750000000e+05
1.577148535156250000e+04
1.994468437500000000e+05
2.724670703125000000e+04
5.421303710937500000e+02
2.527907470703125000e+03
6.934601875000000000e+05
1.861327600000000000e+07
3.652991250000000000e+05
1.154907625000000000e+06
2.495985156250000000e+04
7.417156875000000000e+05
2.260005750000000000e+06
3.071716250000000000e+05
3.036748000000000000e+06
4.244834062500000000e+05
1.942821625000000000e+06
1.966087812500000000e+05
2.013184570312500000e+03
5.178083984375000000e+03
1.275618875000000000e+06
6.686137500000000000e+04
2.414390380859375000e+03
2.194160156250000000e+03
2.126807812500000000e+05
2.770340576171875000e+03
2.732654882812500000e+04
1.945804218750000000e+05
1.778657200000000000e+07
1.977743359375000000e+04
6.683316875000000000e+05
5.593328750000000000e+05
3.138988281250000000e+03
2.488063000000000000e+06
7.032911875000000000e+05
3.919768125000000000e+05
1.584572656250000000e+05
8.068966875000000000e+05
9.906069375000000000e+05
5.823747656250000000e+04
2.959106054687500000e+04
8.238367187500000000e+04
2.386203125000000000e+04
7.653131347656250000e+03
3.937044921875000000e+04
8.014559375000000000e+04
3.906901123046875000e+03
2.960714355468750000e+03
2.736055664062500000e+03
9.977273600000000000e+07
2.057375781250000000e+05
7.543968750000000000e+04
1.478560375000000000e+06
6.058400625000000000e+05
1.449652099609375000e+03
2.469953200000000000e+07
2.820270000000000000e+06
7.780015625000000000e+03
5.975278515625000000e+04
5.442593125000000000e+05
2.810239453125000000e+04
4.601870625000000000e+05
3.965972265625000000e+04
4.218220703125000000e+04
2.623276953125000000e+04
6.215951660156250000e+03
5.924492968750000000e+04
5.096495000000000000e+05
1.758946289062500000e+04
1.174712500000000000e+06
2.261715600000000000e+07
7.439761718750000000e+04
6.519712500000000000e+04
3.389756250000000000e+05
1.752292968750000000e+05
1.226942187500000000e+05
3.332747265625000000e+04
6.881174375000000000e+05
2.469839531250000000e+05
2.218205273437500000e+04
9.893031250000000000e+04
1.454141718750000000e+05
3.244829687500000000e+04
1.711960468750000000e+05
1.024554687500000000e+05
6.564383750000000000e+05
8.473579687500000000e+04
1.100972968750000000e+05
1.355855781250000000e+05
1.621708105468750000e+04
1.193723125000000000e+05
1.112838281250000000e+05
3.007235351562500000e+04
2.712785156250000000e+04
7.316500000000000000e+04
2.485881445312500000e+04
5.659918359375000000e+04
1.940779687500000000e+04
3.191306054687500000e+04
2.004795703125000000e+04
5.011644531250000000e+04
1.556175097656250000e+04
1.031947656250000000e+04
1.361823281250000000e+05
1.093546100000000000e+07
2.241640625000000000e+05
3.148707500000000000e+05
2.423213378906250000e+03
7.669311875000000000e+05
1.182580750000000000e+06
6.981249218750000000e+04
1.453423500000000000e+06
1.098363828125000000e+05
6.089838125000000000e+05
2.833807187500000000e+05
3.041350000000000000e+04
1.323143875000000000e+06
2.495926406250000000e+05
1.005563769531250000e+04
9.986572656250000000e+04
1.890008007812500000e+04
3.565706250000000000e+05
8.125842285156250000e+03
2.741715625000000000e+05
1.440271093750000000e+04
5.830681875000000000e+05
8.387360156250000000e+04
1.443725625000000000e+05
3.018703125000000000e+04
4.552712500000000000e+06
3.773299609375000000e+04
1.498123535156250000e+03
7.542062500000000000e+04
3.612823828125000000e+04
4.207785937500000000e+04
9.234929687500000000e+03
3.568710500000000000e+06
3.262409687500000000e+05
1.249630664062500000e+04
1.151728203125000000e+05
3.986901600000000000e+07
3.428853515625000000e+04
2.952470312500000000e+04
3.618629687500000000e+05
9.963120000000000000e+06
2.301447187500000000e+05
5.196607812500000000e+05
1.125687625000000000e+06
5.439101171875000000e+04
5.039437890625000000e+04
2.424640781250000000e+05
4.696011328125000000e+04
8.514412109375000000e+03
2.541824609375000000e+04
1.925115820312500000e+04
4.459538671875000000e+04
1.212543750000000000e+05
7.146128906250000000e+03
3.460585546875000000e+04
2.078687812500000000e+05
1.258229062500000000e+05
2.280876800000000000e+07
2.183719921875000000e+04
3.835866796875000000e+04
9.003996250000000000e+05
4.309320937500000000e+05
1.239223906250000000e+05
4.909897200000000000e+07
8.400024218750000000e+04
3.736968359375000000e+04
2.795644500000000000e+06
9.927197500000000000e+05
1.315328906250000000e+05
9.574501600000000000e+07
1.453896484375000000e+02
7.030084228515625000e+01
4.724943847656250000e+02
7.031047656250000000e+04
2.376582946777343750e+02
8.300888061523437500e+01
7.405248125000000000e+05
1.511242828369140625e+02
2.561814843750000000e+04
3.457095312500000000e+04
7.794334960937500000e+03
6.278523925781250000e+03
3.743616796875000000e+04
1.344140625000000000e+06
2.073019843750000000e+05
1.303515125000000000e+06
1.405846240000000000e+08
8.295845600000000000e+07
1.289213625000000000e+06
4.844058000000000000e+07
1.106281875000000000e+06
1.422895625000000000e+06
1.166493184000000000e+09
1.405846240000000000e+08
8.295845600000000000e+07
4.844058000000000000e+07
1.166493184000000000e+09
2.021019360000000000e+08
1.867454400000000000e+07
9.167508800000000000e+07
1.371577812500000000e+05
1.582689760000000000e+08
1.372902560000000000e+08
6.033055000000000000e+05
2.226659600000000000e+07
2.402351250000000000e+05
1.237097343750000000e+05
5.384805888000000000e+09
2.184460800000000000e+09
1.088570400000000000e+07
9.948844800000000000e+07
2.285351250000000000e+06
2.215970250000000000e+06
6.991671040000000000e+08
5.762005000000000000e+06
1.925328625000000000e+06
9.673707500000000000e+05
5.561409536000000000e+09
3.173082240000000000e+08
3.604394800000000000e+07
3.533753000000000000e+06
1.096422000000000000e+07
1.026976560000000000e+08
4.518686771392822266e+00
1.080669218750000000e+05
1.104512125000000000e+06
8.998482421875000000e+03
8.231980000000000000e+06
3.205982187500000000e+05
7.414398750000000000e+05
8.394902000000000000e+06
4.098500781250000000e+04
3.792400000000000000e+05
5.006981000000000000e+06
2.183469250000000000e+06
5.928090500000000000e+06
1.621707656250000000e+05
1.582689760000000000e+08
6.137133593750000000e+04
5.414285200000000000e+07
4.141055468750000000e+04
8.131244375000000000e+05
6.476570240000000000e+08
1.457077750000000000e+06
1.402290937500000000e+05
3.516842250000000000e+06
1.470323375000000000e+06
1.682475375000000000e+06
1.382794750000000000e+06
1.757861600000000000e+07
2.074875250000000000e+06
1.649309843750000000e+05
1.318456093750000000e+05
1.236374511718750000e+04
2.702141601562500000e+04
5.993284667968750000e+03
8.403068750000000000e+04
1.951232875000000000e+06
8.617412000000000000e+06
3.160101074218750000e+03
1.093733281250000000e+05
1.221516796875000000e+05
6.385251464843750000e+03
2.406862500000000000e+04
1.937829000000000000e+06
3.861258789062500000e+03
2.393621826171875000e+03
1.216529453125000000e+05
2.409487695312500000e+04
2.391852783203125000e+03
2.117263750000000000e+06
1.469878906250000000e+05
7.961696875000000000e+04
2.218533437500000000e+05
2.871843359375000000e+04
1.778657200000000000e+07
6.657324218750000000e+01
3.528239687500000000e+05
1.626990722656250000e+04
4.246378784179687500e+02
2.609015000000000000e+06
6.940271093750000000e+04
2.246719482421875000e+03
1.145787207031250000e+04
3.643812500000000000e+05
2.244685937500000000e+04
7.471281875000000000e+05
1.756438906250000000e+05
4.744146093750000000e+04
1.209916953125000000e+05
1.934797000000000000e+06
1.215229875000000000e+06
1.413604687500000000e+05
3.028273632812500000e+04
2.964015937500000000e+05
5.639981640625000000e+04
8.261351776123046875e+01
5.988189375000000000e+05
1.886913871765136719e+01
5.124322509765625000e+01
3.905398400000000000e+07
1.050173750000000000e+05
1.527935500000000000e+07
1.150112421875000000e+05
1.683809200000000000e+07
1.354117812500000000e+05
6.281700625000000000e+05
6.636913920000000000e+08
6.702657500000000000e+05
5.866540000000000000e+05
5.250134500000000000e+06
4.263388671875000000e+04
7.266936250000000000e+05
7.839307031250000000e+04
3.125983437500000000e+05
8.503025000000000000e+06
7.417156875000000000e+05
3.841764843750000000e+04
3.949701562500000000e+05
2.842929000000000000e+06
4.304025390625000000e+04
6.189905625000000000e+05
1.539048250000000000e+06
1.757003125000000000e+04
4.221637109375000000e+04
6.721906250000000000e+05
2.734816250000000000e+05
2.346953906250000000e+04
3.687150781250000000e+04
3.601450000000000000e+05
6.698621093750000000e+04
2.051264257812500000e+04
2.793658398437500000e+04
7.044269531250000000e+04
1.001457714843750000e+04
2.057671289062500000e+04
8.928022460937500000e+02
2.910784423828125000e+03
6.628659179687500000e+03
7.765600585937500000e+02
3.228011230468750000e+03
8.602105102539062500e+02
1.051978637695312500e+03
6.957873125000000000e+05
1.697049218750000000e+04
7.261020019531250000e+03
1.011221875000000000e+04
9.899553750000000000e+05
1.406162875000000000e+06
8.502998437500000000e+04
4.734004296875000000e+04
5.152697500000000000e+05
1.309891750000000000e+06
2.444725000000000000e+05
1.777773906250000000e+05
1.646894218750000000e+05
2.057165781250000000e+05
1.030940312500000000e+05
2.438840332031250000e+03
6.614380371093750000e+03
7.221107177734375000e+02
6.619711875000000000e+05
4.766742500000000000e+05
8.310420625000000000e+05
2.437558000000000000e+06
3.780596923828125000e+03
2.695254516601562500e+02
2.921541259765625000e+03
1.757906127929687500e+03
1.013008187500000000e+06
3.265457750000000000e+06
7.704352500000000000e+05
7.701871337890625000e+02
1.765892089843750000e+03
2.035961914062500000e+02
1.610815250000000000e+06
3.562485961914062500e+02
1.355639648437500000e+04
1.792930500000000000e+06
1.263359609375000000e+05
3.523413671875000000e+04
1.002346093750000000e+05
3.292932031250000000e+04
3.404853906250000000e+04
1.384878125000000000e+05
6.605756250000000000e+05
9.336906250000000000e+05
1.912577812500000000e+05
1.958299375000000000e+05
8.051261901855468750e+00
7.387718750000000000e+05
1.582689760000000000e+08
6.403304576873779297e+00
7.062200546264648438e+00
4.084599687500000000e+05
7.505825042724609375e+00
9.298154830932617188e+00
5.709961500000000000e+06
6.577565670013427734e+00
8.647776603698730469e+00
5.715926250000000000e+05
3.346130078125000000e+04
1.371643875000000000e+06
2.896983750000000000e+05
9.450093750000000000e+05
3.312652000000000000e+06
1.283828906250000000e+05
4.126733750000000000e+05
8.693642000000000000e+06
3.941308984375000000e+04
7.276645000000000000e+05
7.676468125000000000e+05
8.814159375000000000e+04
1.231975781250000000e+05
3.958521562500000000e+05
1.795786500000000000e+06
8.329861718750000000e+04
4.124172250000000000e+06
1.668729375000000000e+05
3.312652000000000000e+06
7.478995312500000000e+04
4.154397656250000000e+04
6.020494140625000000e+03
2.900878750000000000e+06
4.493314062500000000e+05
7.676468125000000000e+05
1.106942625000000000e+06
1.004144843750000000e+05
1.795786500000000000e+06
4.124172250000000000e+06
1.082364843750000000e+05
2.696236132812500000e+04
4.154397656250000000e+04
2.900878750000000000e+06
1.106942625000000000e+06
1.082364843750000000e+05
1.867827343750000000e+04
1.320210750000000000e+06
3.596093750000000000e+04
3.890169375000000000e+05
6.414479492187500000e+03
1.183675859375000000e+05
1.044414687500000000e+05
3.962589843750000000e+03
3.018633437500000000e+05
4.424639062500000000e+04
9.483258593750000000e+04
2.893948400000000000e+07
1.331449375000000000e+05
1.423853760000000000e+08
1.120726367187500000e+04
4.790250500000000000e+06
3.808956640625000000e+04
4.539188125000000000e+05
1.816907520000000000e+08
5.754777500000000000e+05
1.091782343750000000e+05
2.011072625000000000e+06
5.515911328125000000e+04
1.054379453125000000e+05
5.205657031250000000e+04
3.671483593750000000e+04
1.131550500000000000e+06
2.226659600000000000e+07
1.024583906250000000e+05
2.299083750000000000e+06
1.032482226562500000e+04
1.653653593750000000e+05
2.518424000000000000e+07
1.880307656250000000e+05
1.594741125000000000e+06
6.262681640625000000e+04
1.638544625000000000e+06
8.391440800000000000e+07
8.435454000000000000e+06
6.689392089843750000e+03
2.258155200000000000e+07
1.448311425781250000e+04
1.050282519531250000e+04
5.475975600000000000e+07
2.021700312500000000e+05
3.014410742187500000e+04
1.216834531250000000e+05
4.688488437500000000e+05
1.432299500000000000e+07
1.280952500000000000e+07
9.861405000000000000e+06
6.881704687500000000e+04
1.834396875000000000e+06
5.682615000000000000e+06
1.119724062500000000e+05
2.090381200000000000e+07
1.156745390625000000e+05
1.510794375000000000e+05
1.923622144000000000e+09
2.964334000000000000e+07
1.277999375000000000e+06
8.323952000000000000e+08
8.236105000000000000e+05
7.549186250000000000e+05
1.143256560000000000e+08
7.890408593750000000e+04
3.316345937500000000e+05
6.613459375000000000e+05
7.200489472000000000e+10
2.876942400000000000e+07
3.667785750000000000e+06
3.097785200000000000e+07
1.981771375000000000e+06
3.677080320000000000e+09
2.092361562500000000e+05
9.864373125000000000e+05
6.977223125000000000e+05
2.129360750000000000e+06
8.274761250000000000e+05
7.743992968750000000e+04
4.263388671875000000e+04
1.077540546875000000e+05
3.054799316406250000e+03
2.051743359375000000e+04
1.947722875000000000e+06
5.528403125000000000e+04
3.827987890625000000e+04
7.510651000000000000e+06
1.766111083984375000e+03
1.257263964843750000e+04
2.119068000000000000e+06
3.584697500000000000e+05
1.522245117187500000e+04
8.270756835937500000e+03
2.989212109375000000e+04
3.867189697265625000e+03
1.239078875000000000e+06
3.336818359375000000e+04
1.654711000000000000e+06
9.004152832031250000e+02
4.321691406250000000e+03
2.835698242187500000e+03
4.376006250000000000e+05
4.447904687500000000e+04
1.692585250000000000e+06
6.767992187500000000e+04
7.030023437500000000e+03
2.634308203125000000e+04
1.284361500000000000e+06
4.654180175781250000e+03
1.037077758789062500e+03
3.945108398437500000e+03
3.291039687500000000e+05
6.280786718750000000e+04
4.182838867187500000e+03
4.112243359375000000e+04
4.097644531250000000e+04
2.231908111572265625e+02
3.619097137451171875e+01
3.012507629394531250e+02
9.495288696289062500e+02
6.478224000000000000e+06
2.231024742126464844e+01
5.085948181152343750e+02
9.411150512695312500e+02
8.371739959716796875e+01
1.615690155029296875e+02
9.495288696289062500e+02
4.076844787597656250e+01
6.841822814941406250e+01
9.411150512695312500e+02
1.615690155029296875e+02
6.841822814941406250e+01
8.598585600000000000e+07
2.003610742187500000e+04
3.056071093750000000e+04
2.232473437500000000e+05
2.784418500000000000e+06
3.582660312500000000e+05
9.739566000000000000e+06
8.278431875000000000e+05
2.171777500000000000e+05
1.287934500000000000e+06
1.035754453125000000e+05
6.315790000000000000e+05
1.443502636718750000e+04
8.693642000000000000e+06
1.365331400000000000e+07
2.960184500000000000e+06
2.784418500000000000e+06
5.074057000000000000e+06
3.582660312500000000e+05
9.739566000000000000e+06
2.946609000000000000e+06
2.171777500000000000e+05
1.287934500000000000e+06
6.315790000000000000e+05
2.439830250000000000e+06
1.365331400000000000e+07
2.960184500000000000e+06
5.074057000000000000e+06
2.946609000000000000e+06
2.439830250000000000e+06
2.832583789062500000e+04
1.244621459960937500e+03
1.058749023437500000e+04
2.164669433593750000e+03
4.306583203125000000e+04
6.977223125000000000e+05
7.458090625000000000e+05
3.535302812500000000e+05
3.480437890625000000e+04
2.437558000000000000e+06
1.609273125000000000e+05
9.821463281250000000e+04
1.498145300000000000e+07
1.979372031250000000e+05
7.948233750000000000e+05
6.107408125000000000e+05
2.452496718750000000e+05
5.555748125000000000e+05
2.336517500000000000e+05
1.340901953125000000e+04
7.834354500000000000e+06
2.366499200000000000e+07
1.460360875000000000e+06
6.963269531250000000e+04
1.819331835937500000e+04
3.860632421875000000e+04
2.226659600000000000e+07
1.422895625000000000e+06
8.693642000000000000e+06
5.952691406250000000e+03
6.196473125000000000e+05
1.652924000000000000e+06
1.498149531250000000e+05
5.716237109375000000e+04
5.993598437500000000e+04
1.340901953125000000e+04
6.824132800000000000e+07
7.834354500000000000e+06
2.366499200000000000e+07
9.416998437500000000e+04
6.963269531250000000e+04
1.819331835937500000e+04
2.226659600000000000e+07
2.221895898437500000e+04
2.128855859375000000e+04
5.952691406250000000e+03
1.420738600000000000e+07
6.196473125000000000e+05
1.652924000000000000e+06
3.163866250000000000e+05
5.716237109375000000e+04
5.993598437500000000e+04
6.824132800000000000e+07
9.416998437500000000e+04
2.158809062500000000e+05
2.221895898437500000e+04
2.128855859375000000e+04
1.420738600000000000e+07
3.163866250000000000e+05
2.158809062500000000e+05
8.050918750000000000e+05
1.636872558593750000e+04
1.312542750000000000e+06
1.640043750000000000e+06
1.442066093750000000e+05
3.685014500000000000e+06
4.790145500000000000e+06
2.192973125000000000e+05
8.743439843750000000e+04
2.214079500000000000e+06
2.871668164062500000e+04
2.855602500000000000e+06
1.573002500000000000e+06
8.073460156250000000e+04
2.281991562500000000e+05
2.341017600000000000e+07
1.018720390625000000e+05
7.586810937500000000e+04
2.085140625000000000e+06
2.021131718750000000e+05
4.973928125000000000e+04
1.929003593750000000e+05
1.241122800000000000e+07
1.203776000000000000e+06
1.077153125000000000e+05
1.035048000000000000e+06
4.300783593750000000e+04
2.690071679687500000e+04
5.957082031250000000e+03
6.017321093750000000e+04
6.688111875000000000e+05
1.505132128906250000e+04
1.656001171875000000e+04
1.002895859375000000e+05
7.917223750000000000e+05
6.277607421875000000e+04
5.439547265625000000e+04
2.521117382812500000e+04
2.217162968750000000e+05
1.755713750000000000e+05
7.012083593750000000e+04
8.793598750000000000e+05
5.899647500000000000e+05
2.736681200000000000e+07
1.017089600000000000e+08
9.739566000000000000e+06
2.479371718750000000e+05
4.052024500000000000e+06
3.510418400000000000e+07
6.453853750000000000e+05
2.776180000000000000e+07
1.907195468750000000e+05
5.566152500000000000e+05
3.107452160000000000e+09
2.221891200000000000e+07
9.069032000000000000e+06
4.274063360000000000e+09
1.550319500000000000e+07
1.114066875000000000e+06
1.129412096000000000e+09
7.049948125000000000e+05
7.172416000000000000e+06
1.400141125000000000e+06
7.200489472000000000e+10
1.420235520000000000e+08
9.826201000000000000e+06
1.670200320000000000e+08
2.995172000000000000e+07
1.084514304000000000e+10
1.025135000000000000e+06
1.164149218750000000e+05
6.981742500000000000e+05
6.389410000000000000e+05
5.999821875000000000e+05
2.953442000000000000e+07
9.977273600000000000e+07
9.739566000000000000e+06
9.629760937500000000e+04
1.864230664062500000e+04
3.231149600000000000e+07
5.463175600000000000e+07
3.512775625000000000e+05
1.582689760000000000e+08
5.986836250000000000e+05
1.591489218750000000e+05
6.374243125000000000e+05
6.246522880000000000e+10
8.935369600000000000e+07
6.185509000000000000e+06
8.942402560000000000e+09
7.195600500000000000e+06
5.250883750000000000e+05
8.704992187500000000e+04
9.717514062500000000e+04
6.598896972656250000e+03
2.668215552000000000e+09
2.176965500000000000e+06
4.853061500000000000e+06
1.444896500000000000e+06
2.888976750000000000e+06
1.382459875000000000e+06
1.535348750000000000e+05
7.200489472000000000e+10
1.200564096000000000e+09
1.597930800000000000e+07
1.316964960000000000e+08
6.335704375000000000e+05
1.105868652343750000e+04
1.003723046875000000e+04
2.183796000000000000e+07
4.676298800000000000e+07
5.250283125000000000e+05
2.923793125000000000e+05
2.229578547200000000e+10
5.021092968750000000e+04
6.568366000000000000e+06
1.681773925781250000e+03
4.620592773437500000e+03
1.309491821289062500e+03
9.756934375000000000e+04
5.281759375000000000e+04
5.545711250000000000e+05
1.677441601562500000e+04
7.368205566406250000e+02
1.732321166992187500e+03
2.164265625000000000e+04
6.176954589843750000e+03
8.005249375000000000e+05
1.470634687500000000e+05
2.051846406250000000e+05
1.755152812500000000e+05
9.977273600000000000e+07
2.266751200000000000e+07
2.503213593750000000e+05
1.375479200000000000e+08
8.243170000000000000e+05
2.189635625000000000e+05
1.659968384000000000e+09
1.599251200000000000e+07
5.924756500000000000e+06
4.628107600000000000e+07
1.788039680000000000e+08
7.303765500000000000e+06
2.038386080000000000e+08
1.854636800000000000e+07
1.755117625000000000e+06
1.893493600000000000e+07
3.508898800000000000e+07
1.968875000000000000e+06
1.582689760000000000e+08
7.236098500000000000e+06
6.688934000000000000e+06
7.127492608000000000e+09
3.129641600000000000e+07
8.470819000000000000e+06
5.446980608000000000e+09
1.757661440000000000e+08
1.579712100000000000e+07
2.522955520000000000e+09
1.767450000000000000e+07
2.988467200000000000e+07
1.183260880000000000e+08
7.200489472000000000e+10
6.917379072000000000e+09
3.169166800000000000e+07
4.094153728000000000e+09
2.072565632000000000e+09
7.200489472000000000e+10
5.888158400000000000e+07
6.864235937500000000e+04
1.452905312500000000e+05
4.804213500000000000e+06
7.905126953125000000e+03
2.666696500000000000e+06
2.157531200000000000e+07
1.681259040000000000e+08
7.003728000000000000e+06
8.559186000000000000e+06
1.620880640000000000e+08
8.680782226562500000e+03
1.293471972656250000e+04
3.188540429687500000e+04
2.157531200000000000e+07
1.681259040000000000e+08
1.993033728000000000e+09
1.620880640000000000e+08
1.293471972656250000e+04
3.188540429687500000e+04
7.508081250000000000e+04
1.993033728000000000e+09
7.508081250000000000e+04
8.365184800000000000e+07
8.133290000000000000e+06
2.134918125000000000e+05
2.201368800000000000e+07
1.311523437500000000e+05
2.158382968750000000e+05
5.197936400000000000e+07
1.991289375000000000e+06
1.353323125000000000e+06
1.769505750000000000e+06
3.836471000000000000e+06
4.569621875000000000e+05
4.047187500000000000e+03
5.345173125000000000e+05
4.824816796875000000e+04
8.598585600000000000e+07
9.318035000000000000e+06
1.289213625000000000e+06
4.168724800000000000e+07
3.049709250000000000e+06
3.707072750000000000e+06
1.145149312000000000e+09
8.598585600000000000e+07
9.318035000000000000e+06
4.168724800000000000e+07
1.145149312000000000e+09
9.518926875000000000e+05
7.373878125000000000e+04
6.669019531250000000e+04
2.077391562500000000e+05
2.294784000000000000e+07
9.739566000000000000e+06
2.837125976562500000e+04
2.266336400000000000e+07
4.367758593750000000e+04
2.562276757812500000e+04
4.032990000000000000e+07
2.542359687500000000e+05
1.405583281250000000e+05
1.495880937500000000e+05
7.053828750000000000e+05
4.342866015625000000e+04
5.315773437500000000e+04
4.774725781250000000e+04
6.277607421875000000e+04
3.991585546875000000e+04
3.721798583984375000e+03
2.401368945312500000e+04
2.726078186035156250e+02
3.083622314453125000e+03
1.270412109375000000e+04
7.156406250000000000e+02
2.753914550781250000e+03
6.142470092773437500e+02
1.015308837890625000e+03
2.641452929687500000e+04
1.000259667968750000e+04
7.240058593750000000e+02
2.835256835937500000e+04
7.714852500000000000e+05
2.330774902343750000e+03
2.246391718750000000e+05
5.953170625000000000e+05
1.772781093750000000e+05
8.446699000000000000e+06
5.953170625000000000e+05
8.937873535156250000e+02
5.205817260742187500e+02
5.505672500000000000e+05
9.701596679687500000e+02
5.168036875000000000e+05
4.837499000000000000e+06
1.834647250000000000e+06
1.594333125000000000e+05
1.733378250000000000e+06
2.006474375000000000e+05
3.422963125000000000e+05
9.788755000000000000e+05
2.958303222656250000e+03
1.793944875000000000e+06
9.977273600000000000e+07
9.437355000000000000e+06
2.485278125000000000e+05
1.619907040000000000e+08
8.085527500000000000e+05
5.400686250000000000e+05
8.968332288000000000e+09
1.569881100000000000e+07
1.067503875000000000e+06
6.827727500000000000e+06
2.907211200000000000e+08
6.512336875000000000e+05
5.039437890625000000e+04
1.682366093750000000e+05
1.472648750000000000e+05
5.192580625000000000e+05
8.895329375000000000e+05
6.555300000000000000e+05
2.201419531250000000e+05
7.550243750000000000e+05
2.844334375000000000e+05
1.756685156250000000e+05
8.604473125000000000e+05
2.154514062500000000e+04
6.334236250000000000e+05
2.560221191406250000e+03
4.398747265625000000e+04
5.013104375000000000e+05
2.102788671875000000e+04
1.226575488281250000e+04
1.454021125000000000e+06
1.114540625000000000e+04
3.092123779296875000e+03
2.982133750000000000e+05
9.280978515625000000e+03
2.655249000000000000e+06
9.936480800000000000e+07
6.059291250000000000e+05
7.962853125000000000e+05
1.161259250000000000e+06
2.915456835937500000e+04
7.788781250000000000e+04
1.229968900000000000e+07
7.207984000000000000e+06
2.129318281250000000e+05
8.098298880000000000e+08
1.377815000000000000e+06
2.550515250000000000e+06
2.576643680000000000e+08
1.030223520000000000e+08
5.931025000000000000e+05
2.416168000000000000e+07
1.130870875000000000e+06
2.798810351562500000e+04
1.285983400000000000e+07
1.294556416000000000e+09
8.188963200000000000e+08
1.363419750000000000e+06
2.626812160000000000e+08
2.564962400000000000e+07
1.316194816000000000e+09
2.221759750000000000e+06
4.057055312500000000e+05
1.031198687500000000e+06
3.553054199218750000e+03
8.416623200000000000e+07
9.739566000000000000e+06
1.371865332031250000e+04
1.292747040000000000e+08
1.089296640625000000e+05
1.282630664062500000e+04
7.352733696000000000e+09
2.041832343750000000e+05
1.214664140625000000e+05
2.442467031250000000e+05
7.978594500000000000e+06
7.214510000000000000e+06
9.977273600000000000e+07
9.745420000000000000e+06
3.559254375000000000e+05
2.015578800000000000e+07
1.567715520000000000e+08
6.811916875000000000e+05
1.587602880000000000e+08
8.774764000000000000e+06
3.188636500000000000e+06
5.628221952000000000e+09
1.524945400000000000e+07
3.207350500000000000e+06
8.935292928000000000e+09
9.298901600000000000e+07
6.330183500000000000e+06
1.808855040000000000e+09
7.921571500000000000e+06
7.419049600000000000e+07
4.888004800000000000e+07
7.200489472000000000e+10
1.893199616000000000e+09
1.938836400000000000e+07
6.366100992000000000e+09
3.723383360000000000e+08
7.200489472000000000e+10
3.799527343750000000e+03
7.378309375000000000e+04
1.562903594970703125e+02
2.602087031250000000e+05
3.346130078125000000e+04
2.451294531250000000e+04
3.900133593750000000e+04
3.808177734375000000e+03
7.456006250000000000e+04
4.990550781250000000e+03
2.721090576171875000e+03
3.375328906250000000e+04
1.549651977539062500e+03
2.777247500000000000e+06
6.890454711914062500e+02
5.327425781250000000e+04
1.947722875000000000e+06
8.111578125000000000e+04
5.405122070312500000e+03
7.345313000000000000e+06
3.657530822753906250e+02
7.744850781250000000e+04
5.273195000000000000e+05
1.554638593750000000e+05
2.744232666015625000e+03
1.417954589843750000e+03
3.144484863281250000e+03
1.878616821289062500e+03
6.507679500000000000e+06
6.869521093750000000e+04
1.592750250000000000e+06
2.757952880859375000e+02
6.905718994140625000e+02
5.938430175781250000e+02
1.053528625000000000e+06
1.772177656250000000e+05
4.300953750000000000e+05
9.025342773437500000e+03
2.177081542968750000e+03
3.015217285156250000e+03
5.378617000000000000e+06
1.166505737304687500e+03
6.313550415039062500e+02
6.701625366210937500e+02
9.498650000000000000e+05
8.139068359375000000e+03
1.042688842773437500e+03
8.974619200000000000e+07
9.739566000000000000e+06
2.261715600000000000e+07
1.176141015625000000e+05
2.087126000000000000e+07
4.631110400000000000e+07
1.225094843750000000e+05
2.226659600000000000e+07
1.848324843750000000e+05
1.256177578125000000e+05
3.453295872000000000e+09
6.825724160000000000e+08
7.089720000000000000e+06
3.998660400000000000e+07
5.874423125000000000e+05
1.098067500000000000e+06
9.692118400000000000e+08
3.699990937500000000e+05
1.538471900000000000e+07
9.505346875000000000e+05
1.165008588800000000e+10
8.648143200000000000e+07
4.754217600000000000e+07
2.134720500000000000e+06
4.567415200000000000e+07
5.293983040000000000e+08
4.929970500000000000e+06
7.003728000000000000e+06
5.736202500000000000e+05
4.929970500000000000e+06
3.576607812500000000e+04
4.241375390625000000e+04
3.429125732421875000e+03
4.507485937500000000e+05
3.320928906250000000e+04
7.388233750000000000e+05
4.439549000000000000e+06
1.014481100000000000e+07
8.109133593750000000e+04
1.475601093750000000e+05
1.618403500000000000e+06
1.414559531250000000e+05
6.073708125000000000e+05
6.840287000000000000e+06
2.534449023437500000e+04
6.301717500000000000e+05
4.142422750000000000e+06
1.119816875000000000e+05
1.413189687500000000e+05
1.930466718750000000e+05
4.523607031250000000e+04
4.835611200000000000e+07
1.023160312500000000e+05
4.965170000000000000e+06
4.223244140625000000e+04
4.470293125000000000e+05
6.100900000000000000e+05
9.207970625000000000e+05
6.334952343750000000e+04
1.107127265625000000e+05
1.616249707031250000e+04
2.392910800000000000e+07
3.219659960937500000e+04
1.501854250000000000e+06
6.886458750000000000e+05
1.528521562500000000e+05
4.638822187500000000e+05
3.902509200000000000e+07
3.292612812500000000e+05
4.530196562500000000e+05
4.642969140625000000e+04
1.793351562500000000e+05
6.675742500000000000e+06
1.304403000000000000e+06
6.415439375000000000e+05
4.268317500000000000e+05
6.897093125000000000e+05
7.925586250000000000e+05
7.200180000000000000e+05
9.561283000000000000e+06
1.919665039062500000e+04
1.784516992187500000e+04
7.592109375000000000e+04
1.187406375000000000e+06
4.097644531250000000e+04
6.977223125000000000e+05
6.318684765625000000e+04
8.435454000000000000e+06
2.870752187500000000e+05
1.620961375000000000e+06
2.619197265625000000e+04
1.414559531250000000e+05
1.528888574218750000e+04
1.183675859375000000e+05
6.467259765625000000e+04
2.723281250000000000e+05
6.200956250000000000e+04
6.341810000000000000e+05
1.409028437500000000e+05
1.509852343750000000e+04
8.642018750000000000e+04
5.579333125000000000e+05
1.588550625000000000e+05
4.168980312500000000e+05
2.261908437500000000e+05
1.926787304687500000e+04
5.056774609375000000e+04
9.566510156250000000e+04
1.149609062500000000e+05
9.360738281250000000e+03
8.314409375000000000e+04
3.439025625000000000e+05
1.138192656250000000e+05
2.455288437500000000e+05
7.312315625000000000e+04
2.982571875000000000e+05
5.563550000000000000e+04
4.033614687500000000e+05
1.177850625000000000e+05
6.050858984375000000e+04
1.299363828125000000e+05
3.082450585937500000e+04
4.024933750000000000e+05
1.059012187500000000e+05
7.001218750000000000e+04
4.365662000000000000e+07
1.703184320000000000e+08
1.622893500000000000e+07
1.430189125000000000e+06
2.449489200000000000e+07
2.369624800000000000e+07
1.460360875000000000e+06
1.636365440000000000e+08
7.003728000000000000e+06
8.435776000000000000e+06
2.399194112000000000e+10
3.355675200000000000e+07
4.365662000000000000e+07
7.494450176000000000e+09
1.703184320000000000e+08
1.622893500000000000e+07
2.630157312000000000e+09
2.449489200000000000e+07
2.369624800000000000e+07
1.636365440000000000e+08
7.200489472000000000e+10
2.399194112000000000e+10
3.355675200000000000e+07
7.494450176000000000e+09
2.630157312000000000e+09
7.200489472000000000e+10
1.572982187500000000e+05
9.348194335937500000e+03
9.266782226562500000e+02
1.287691528320312500e+03
3.034567382812500000e+04
1.842840820312500000e+04
1.000491760253906250e+03
1.428845581054687500e+03
8.295845600000000000e+07
8.435454000000000000e+06
2.476628710937500000e+04
2.226659600000000000e+07
3.455872265625000000e+04
3.156261523437500000e+04
5.469243200000000000e+07
7.871148750000000000e+05
1.315583437500000000e+05
3.649752812500000000e+05
1.735949000000000000e+06
3.496198800000000000e+07
1.117371100000000000e+07
2.519932187500000000e+05
5.349217200000000000e+07
2.833245312500000000e+05
5.505178750000000000e+05
2.794010624000000000e+09
6.566355500000000000e+06
1.200414750000000000e+06
1.436092000000000000e+06
1.174093040000000000e+08
7.743992968750000000e+04
8.990164375000000000e+05
1.392310742187500000e+04
3.899315234375000000e+04
3.348453125000000000e+03
1.947722875000000000e+06
7.339806640625000000e+03
8.421876953125000000e+03
2.098963867187500000e+04
4.409987109375000000e+04
4.845539062500000000e+03
2.119068000000000000e+06
5.142839453125000000e+04
1.096838183593750000e+04
2.962360107421875000e+03
3.125407812500000000e+05
1.668208789062500000e+04
2.922370361328125000e+03
9.011381225585937500e+02
4.303959375000000000e+04
3.858574707031250000e+03
8.302294531250000000e+04
1.471923339843750000e+04
5.400195800781250000e+03
1.048108520507812500e+03
3.265333984375000000e+04
7.907886718750000000e+03
2.473840820312500000e+03
2.825463671875000000e+04
5.534152832031250000e+02
1.024865820312500000e+04
3.754476318359375000e+03
2.986134765625000000e+04
7.430783691406250000e+02
1.827141235351562500e+03
3.140326904296875000e+03
1.006363700000000000e+07
2.053072000000000000e+07
1.275954625000000000e+06
1.148642320000000000e+08
2.090895375000000000e+06
7.446257000000000000e+06
1.491559840000000000e+08
9.967491000000000000e+06
1.887522400000000000e+07
1.162964800000000000e+08
1.445515040000000000e+08
1.001937402343750000e+04
8.522940000000000000e+06
9.692168000000000000e+07
1.206987695312500000e+04
3.632919140625000000e+04
2.325653437500000000e+05
6.699091250000000000e+05
9.878706000000000000e+06
3.277890312500000000e+05
1.545412968750000000e+05
1.011672363281250000e+04
1.160400125000000000e+06
1.083218400000000000e+07
1.977822812500000000e+05
3.649175500000000000e+06
6.523076953125000000e+04
4.462041500000000000e+06
1.711599750000000000e+06
9.449606250000000000e+05
1.637425195312500000e+04
3.930019775390625000e+03
1.825342031250000000e+05
1.483236328125000000e+04
8.928022460937500000e+02
1.137547656250000000e+04
6.298341308593750000e+03
1.057819213867187500e+03
1.003867004394531250e+03
9.088155517578125000e+02
3.386563750000000000e+05
6.277607421875000000e+04
7.473013750000000000e+05
4.837499000000000000e+06
8.077978515625000000e+03
6.178635000000000000e+05
1.120947250000000000e+06
3.565706250000000000e+05
8.338652343750000000e+04
6.827226500000000000e+06
1.543494238281250000e+04
8.148251875000000000e+05
3.083117000000000000e+06
2.286051718750000000e+05
1.606989375000000000e+05
5.004597600000000000e+07
1.689714218750000000e+05
8.075144042968750000e+03
1.485592250000000000e+06
3.148065000000000000e+05
8.461128906250000000e+04
3.478081640625000000e+04
2.274712000000000000e+07
1.078420875000000000e+06
1.207214218750000000e+05
4.222969687500000000e+05
1.542717625000000000e+06
5.829212402343750000e+03
1.111577109375000000e+05
1.725918750000000000e+04
2.117263750000000000e+06
4.263388671875000000e+04
2.074875250000000000e+06
5.831817187500000000e+04
3.442576750000000000e+06
3.508898800000000000e+07
2.056220875000000000e+06
1.848213906250000000e+05
8.553377000000000000e+06
4.097566406250000000e+04
2.132340000000000000e+06
1.174813700000000000e+07
3.342284250000000000e+06
7.833015625000000000e+04
2.198551562500000000e+05
6.689164375000000000e+05
6.012376562500000000e+04
2.151847200000000000e+07
5.403591875000000000e+05
3.484654800000000000e+07
6.495328515625000000e+04
5.611648046875000000e+04
3.289432421875000000e+04
2.671273200000000000e+07
1.461432125000000000e+06
1.179643600000000000e+07
1.829018250000000000e+06
9.506493750000000000e+04
6.772017500000000000e+05
2.151970400000000000e+07
2.161102031250000000e+05
4.302835156250000000e+04
5.598124218750000000e+04
2.671237200000000000e+07
1.853596875000000000e+06
2.183946562500000000e+05
1.471500312500000000e+05
2.775223437500000000e+04
1.833613867187500000e+04
2.057053320312500000e+04
4.611580000000000000e+05
5.039437890625000000e+04
1.045698632812500000e+04
2.044134179687500000e+04
6.953362500000000000e+05
6.277607421875000000e+04
4.630038000000000000e+06
2.589054101562500000e+04
7.175584000000000000e+06
8.353282812500000000e+04
4.470226562500000000e+04
2.324248750000000000e+06
1.592524843750000000e+05
3.865093750000000000e+04
1.210690312500000000e+05
1.945707812500000000e+04
1.234004218750000000e+05
7.754375000000000000e+03
2.308068945312500000e+04
2.093969335937500000e+04
1.837743945312500000e+04
6.902314941406250000e+03
2.289239257812500000e+03
3.619303222656250000e+03
5.072223144531250000e+03
4.569128906250000000e+03
2.209482177734375000e+03
2.151113769531250000e+03
1.228172119140625000e+03
7.105330810546875000e+02
4.921420400000000000e+07
9.722643750000000000e+05
9.543319531250000000e+04
3.079232250000000000e+06
1.154907625000000000e+06
2.999065917968750000e+03
1.799804062500000000e+05
5.109098828125000000e+04
1.148690500000000000e+06
5.967339843750000000e+04
1.197158984375000000e+04
3.984084472656250000e+03
1.582689760000000000e+08
9.770596250000000000e+05
3.235107500000000000e+05
6.315790000000000000e+05
2.132199843750000000e+05
2.451183593750000000e+03
7.506402400000000000e+07
1.203710625000000000e+06
7.311464843750000000e+04
1.487229687500000000e+05
6.195736816406250000e+03
7.495832519531250000e+02
7.910293500000000000e+06
1.924735750000000000e+06
6.274003906250000000e+04
4.129772265625000000e+04
3.907022400000000000e+07
1.211901500000000000e+06
2.745810937500000000e+04
5.763256347656250000e+03
4.130687187500000000e+05
5.581600625000000000e+05
7.348389000000000000e+06
2.018348281250000000e+05
9.299198000000000000e+06
8.278431875000000000e+05
6.156913671875000000e+04
4.004376800000000000e+07
9.575066250000000000e+05
4.947409375000000000e+05
1.261271679687500000e+04
8.550922000000000000e+06
1.265604100000000000e+07
2.378459200000000000e+07
7.348389000000000000e+06
5.478767000000000000e+06
2.018348281250000000e+05
9.299198000000000000e+06
7.229538500000000000e+06
6.156913671875000000e+04
4.004376800000000000e+07
4.947409375000000000e+05
5.906781500000000000e+06
1.265604100000000000e+07
2.378459200000000000e+07
5.478767000000000000e+06
7.229538500000000000e+06
5.906781500000000000e+06
2.446310742187500000e+04
2.205194921875000000e+04
1.017052551269531250e+03
9.704001000000000000e+06
2.261715600000000000e+07
2.481013281250000000e+05
4.954780625000000000e+05
8.221155468750000000e+04
2.143490781250000000e+05
2.058950000000000000e+07
2.296312000000000000e+06
5.816481500000000000e+06
1.721523437500000000e+05
1.498129250000000000e+06
3.010916796875000000e+04
4.717238671875000000e+04
2.055088476562500000e+04
5.042795000000000000e+05
1.724939843750000000e+04
1.359046250000000000e+06
1.980506445312500000e+04
5.452458750000000000e+05
5.099187890625000000e+04
8.681560546875000000e+03
1.249479625000000000e+06
1.640116718750000000e+05
4.778246484375000000e+04
1.139346171875000000e+05
6.011965000000000000e+05
9.739566000000000000e+06
7.411174218750000000e+04
5.707865500000000000e+06
8.282989062500000000e+04
2.366796093750000000e+05
4.603844500000000000e+06
9.873830468750000000e+04
1.291378250000000000e+06
3.939454062500000000e+05
5.371736250000000000e+05
8.255766601562500000e+03
6.503844921875000000e+04
1.095648906250000000e+05
1.081437187500000000e+05
1.697227040000000000e+08
2.568315468750000000e+05
1.425906000000000000e+06
1.781230800000000000e+07
7.003728000000000000e+06
1.211372890625000000e+05
3.738925440000000000e+08
1.697227040000000000e+08
2.568315468750000000e+05
1.781230800000000000e+07
3.738925440000000000e+08
1.393394600000000000e+07
8.817471875000000000e+04
1.085485875000000000e+06
2.012006406250000000e+05
4.263388671875000000e+04
7.473013750000000000e+05
8.278431875000000000e+05
1.034628320312500000e+04
2.885227187500000000e+05
9.369046875000000000e+04
1.469970410156250000e+04
5.823106875000000000e+05
1.863016601562500000e+04
1.201437031250000000e+05
2.112006054687500000e+04
9.969055468750000000e+04
2.619881640625000000e+04
9.704576562500000000e+04
8.255105468750000000e+03
3.980546093750000000e+04
5.615518750000000000e+04
4.695541406250000000e+04
1.150288000000000000e+07
1.814794062500000000e+05
9.596934375000000000e+05
1.284821200000000000e+07
2.077199500000000000e+06
5.127530468750000000e+04
1.065268125000000000e+05
2.715933750000000000e+05
1.630594824218750000e+04
8.058691406250000000e+04
4.237661200000000000e+07
1.431250500000000000e+06
4.458240722656250000e+03
5.985091796875000000e+03
1.633591113281250000e+04
1.422895625000000000e+06
9.791397460937500000e+03
4.514362890625000000e+04
2.724432000000000000e+06
7.893931250000000000e+04
4.832646972656250000e+03
1.677202812500000000e+05
8.882764843750000000e+04
2.484530273437500000e+04
4.529202148437500000e+03
4.237661200000000000e+07
3.323046630859375000e+03
2.804024414062500000e+03
1.165727968750000000e+05
1.865616210937500000e+04
9.750746093750000000e+03
5.134771484375000000e+03
2.724432000000000000e+06
2.838536376953125000e+03
2.880677734375000000e+03
1.677202812500000000e+05
2.484530273437500000e+04
2.068708984375000000e+03
1.739925170898437500e+03
1.165727968750000000e+05
9.750746093750000000e+03
2.838536376953125000e+03
2.068708984375000000e+03
1.125414000000000000e+06
7.193473000000000000e+06
1.195746000000000000e+08
8.435454000000000000e+06
5.384512500000000000e+05
1.599935750000000000e+06
1.787005375000000000e+06
2.167810351562500000e+04
1.582689760000000000e+08
8.266866250000000000e+05
5.742688750000000000e+05
2.883268096000000000e+09
1.179555800000000000e+07
2.011803375000000000e+06
6.446181888000000000e+09
1.176426000000000000e+07
1.229762125000000000e+06
4.808151680000000000e+08
1.480805781250000000e+05
3.081892187500000000e+05
7.175138500000000000e+06
7.200489472000000000e+10
1.057851920000000000e+08
2.714512000000000000e+06
2.236463200000000000e+08
1.577941400000000000e+07
3.784473088000000000e+09
9.977273600000000000e+07
3.304714453125000000e+04
1.116875312500000000e+05
1.099439250000000000e+06
1.501636875000000000e+05
6.277607421875000000e+04
4.187042480468750000e+03
1.391702832031250000e+04
2.768994921875000000e+04
1.877465125000000000e+06
1.821717968750000000e+05
2.984108398437500000e+03
3.444050800000000000e+07
2.962854003906250000e+02
5.991027343750000000e+04
6.042153320312500000e+03
7.159063500000000000e+06
1.392595019531250000e+04
8.116106250000000000e+05
7.424879882812500000e+03
5.480038085937500000e+03
6.740525781250000000e+04
5.872682128906250000e+03
1.382219726562500000e+04
3.570286621093750000e+03
2.155470000000000000e+06
2.778192187500000000e+04
8.284869531250000000e+04
5.801905000000000000e+05
4.783153750000000000e+05
1.046794335937500000e+04
2.797121289062500000e+04
3.854966250000000000e+05
2.932235595703125000e+03
1.374653613281250000e+04
4.931555078125000000e+04
5.430521972656250000e+03
5.782736250000000000e+05
7.218223437500000000e+04
5.132510625000000000e+05
1.300912500000000000e+05
1.025520250000000000e+06
1.079818261718750000e+04
2.573100390625000000e+04
7.257516601562500000e+03
1.734929500000000000e+06
6.195529687500000000e+04
2.458639062500000000e+05
7.085024218750000000e+04
2.772489687500000000e+05
1.335196289062500000e+04
4.058790234375000000e+04
2.731459062500000000e+05
3.710669531250000000e+04
1.269439453125000000e+04
1.759857421875000000e+04
4.258532031250000000e+04
2.264099062500000000e+05
1.365674902343750000e+04
9.977273600000000000e+07
3.553653906250000000e+04
1.096127875000000000e+06
4.248474000000000000e+06
1.579382812500000000e+05
2.404499062500000000e+05
5.271028000000000000e+07
6.299899609375000000e+04
3.515787109375000000e+04
3.169823250000000000e+06
1.558863250000000000e+06
1.058345859375000000e+05
9.387017000000000000e+06
1.480208437500000000e+05
1.946758281250000000e+05
4.068671250000000000e+05
5.625359375000000000e+04
2.320435937500000000e+05
7.725650390625000000e+03
1.346849121093750000e+04
4.702321484375000000e+04
4.837499000000000000e+06
8.180495605468750000e+03
1.717836718750000000e+05
7.399217187500000000e+04
2.971478271484375000e+03
1.592916718750000000e+05
1.263313750000000000e+06
1.984217773437500000e+04
5.705975390625000000e+04
1.162346125000000000e+06
2.172906445312500000e+04
6.977223125000000000e+05
4.889985000000000000e+05
1.357518437500000000e+05
9.464629000000000000e+06
1.088843000000000000e+06
1.865555125000000000e+06
2.914194687500000000e+05
4.356630468750000000e+04
1.394205125000000000e+06
2.801341992187500000e+04
2.456177250000000000e+06
8.243271875000000000e+05
2.161184375000000000e+05
9.165339843750000000e+04
8.907655468750000000e+04
7.662482500000000000e+06
8.636963750000000000e+05
3.669061328125000000e+04
2.109333281250000000e+05
1.051278625000000000e+06
8.554323000000000000e+06
4.094369687500000000e+05
2.532633906250000000e+05
1.812592031250000000e+05
7.619978125000000000e+04
2.310593750000000000e+05
1.340226500000000000e+07
1.243339000000000000e+06
1.378305250000000000e+06
9.548411875000000000e+05
3.921850937500000000e+05
3.860400312500000000e+05
1.774327539062500000e+04
1.245376625000000000e+06
1.611694125000000000e+06
5.076281562500000000e+05
1.036944375000000000e+05
1.087607300000000000e+07
1.275131250000000000e+05
1.328614000000000000e+06
7.296490000000000000e+06
5.950037200000000000e+07
1.694403593750000000e+05
3.326129687500000000e+05
4.082757250000000000e+06
4.807669000000000000e+06
2.977092187500000000e+04
1.075187890625000000e+05
3.681105000000000000e+05
1.284041894531250000e+04
7.194111000000000000e+06
3.681105000000000000e+05
3.663089453125000000e+04
2.495985156250000000e+04
9.357732812500000000e+04
4.569643359375000000e+04
4.909302734375000000e+04
3.576607812500000000e+04
5.509887695312500000e+03
4.734586328125000000e+04
1.215258875000000000e+06
1.955834375000000000e+04
1.174634531250000000e+05
1.982256445312500000e+04
4.154957031250000000e+04
4.239939453125000000e+04
3.490926269531250000e+03
3.299589111328125000e+03
2.117263750000000000e+06
1.634922363281250000e+04
7.430856875000000000e+05
2.458639062500000000e+05
2.303299414062500000e+04
1.895132125000000000e+06
3.883730625000000000e+05
2.448885625000000000e+05
1.618836914062500000e+04
2.750079687500000000e+05
1.436719140625000000e+04
2.542743250000000000e+06
2.297545937500000000e+05
1.045142109375000000e+05
4.218381250000000000e+04
3.193119000000000000e+06
3.589791796875000000e+04
1.558562109375000000e+04
1.917338750000000000e+05
5.211776562500000000e+04
7.056392968750000000e+04
5.753136718750000000e+04
3.284581750000000000e+06
5.202221250000000000e+05
3.825308984375000000e+04
4.549341875000000000e+05
6.497534000000000000e+06
4.545017187500000000e+04
3.270853000000000000e+06
2.540273632812500000e+04
1.586760937500000000e+05
2.938727343750000000e+04
4.191608750000000000e+05
4.780671875000000000e+04
1.121572265625000000e+04
2.623304492187500000e+04
3.346130078125000000e+04
1.326129000000000000e+06
5.372991250000000000e+05
1.466819125000000000e+06
1.160143800000000000e+07
6.130020500000000000e+06
5.123004296875000000e+04
3.707620312500000000e+05
1.699595500000000000e+06
4.606191562500000000e+05
2.498632500000000000e+06
1.076760600000000000e+07
1.343043261718750000e+04
4.217085937500000000e+04
1.279926500000000000e+06
2.515294250000000000e+06
3.831008203125000000e+04
1.660880000000000000e+06
6.801156738281250000e+03
3.601711250000000000e+05
2.946515600000000000e+07
4.453354687500000000e+04
9.739566000000000000e+06
7.573451562500000000e+04
1.210277539062500000e+04
5.396922400000000000e+07
2.053306562500000000e+05
2.411593554687500000e+04
2.373773437500000000e+03
2.365390468750000000e+05
3.437228750000000000e+05
8.953076800000000000e+07
1.263106625000000000e+06
4.157895000000000000e+05
1.477018164062500000e+04
1.303893250000000000e+06
9.328666406250000000e+04
4.379090820312500000e+03
1.687825375000000000e+06
6.949739746093750000e+03
6.336290500000000000e+06
8.855604687500000000e+04
4.099565250000000000e+06
1.352565000000000000e+05
2.943729101562500000e+04
1.407973125000000000e+06
4.191856875000000000e+05
6.833870500000000000e+06
1.642607625000000000e+06
4.953596000000000000e+06
4.468798828125000000e+04
1.372902560000000000e+08
1.582689760000000000e+08
6.042775000000000000e+05
2.226659600000000000e+07
1.239514765625000000e+05
2.408235156250000000e+05
1.868783500000000000e+06
3.546531250000000000e+05
3.430369000000000000e+06
2.536216406250000000e+04
2.193009440000000000e+08
5.489866880000000000e+08
1.397473125000000000e+06
2.041046400000000000e+07
6.601147656250000000e+04
1.793933125000000000e+05
6.991671040000000000e+08
1.931983250000000000e+06
5.779285500000000000e+06
9.704680625000000000e+05
3.067013600000000000e+07
8.588308800000000000e+07
4.034326250000000000e+05
1.019489500000000000e+07
5.184303515625000000e+04
1.342384843750000000e+05
2.442554368000000000e+09
6.797562500000000000e+06
2.173362000000000000e+07
8.625900000000000000e+05
1.100436100000000000e+07
2.021849472000000000e+09
1.934870750000000000e+06
8.933659000000000000e+06
6.124153750000000000e+05
3.548886000000000000e+07
6.101952400000000000e+07
8.261443328857421875e+01
1.001350212097167969e+01
2.100688964843750000e+03
3.315488750000000000e+05
7.052732467651367188e+00
1.228467025756835938e+02
2.670054687500000000e+03
1.598506736755371094e+01
4.104237187500000000e+05
8.278431875000000000e+05
6.334867968750000000e+04
1.285785440000000000e+08
1.478153125000000000e+05
8.259821875000000000e+04
2.101492500000000000e+06
3.658782000000000000e+07
2.280876800000000000e+07
7.140164843750000000e+04
5.569057200000000000e+07
3.017001875000000000e+05
1.097315859375000000e+05
8.466168960000000000e+08
2.233122500000000000e+06
1.909072625000000000e+06
2.395016000000000000e+06
2.742465600000000000e+07
6.361712109375000000e+04
2.555766562500000000e+05
2.642385156250000000e+04
3.004846562500000000e+05
4.620475000000000000e+06
8.693642000000000000e+06
2.946664257812500000e+04
3.143567812500000000e+05
4.568663437500000000e+05
2.082054882812500000e+04
3.271429062500000000e+05
4.620475000000000000e+06
2.137736718750000000e+04
3.307681640625000000e+04
4.568663437500000000e+05
3.271429062500000000e+05
3.307681640625000000e+04
6.549501250000000000e+05
3.684117578125000000e+04
6.660005000000000000e+05
2.684468750000000000e+06
5.537949609375000000e+04
2.035411125000000000e+06
6.592031000000000000e+06
3.565706250000000000e+05
8.338652343750000000e+04
6.827226500000000000e+06
2.867429101562500000e+04
2.877349375000000000e+05
1.940456875000000000e+06
8.322389843750000000e+04
5.132183203125000000e+04
1.952564000000000000e+07
4.127159062500000000e+05
5.430228515625000000e+04
5.485349000000000000e+06
3.148065000000000000e+05
7.370615625000000000e+04
4.660377734375000000e+04
1.038992600000000000e+07
7.711468750000000000e+05
1.649501875000000000e+05
4.318095937500000000e+05
1.964097656250000000e+05
1.083898875000000000e+06
2.471034218750000000e+05
2.107656093750000000e+05
3.402952187500000000e+05
2.471034218750000000e+05
2.412754687500000000e+05
3.612964375000000000e+05
2.792255312500000000e+05
2.333395507812500000e+04
3.545729375000000000e+05
1.475125312500000000e+05
6.995038281250000000e+04
3.961029687500000000e+05
8.151017500000000000e+06
8.172368750000000000e+04
1.490267968750000000e+05
5.833356875000000000e+05
8.888330000000000000e+06
1.434262084960937500e+02
5.019374084472656250e+01
1.382883605957031250e+02
1.391779375000000000e+06
6.193962000000000000e+06
9.116068750000000000e+05
8.392781000000000000e+06
9.872471000000000000e+06
5.998145625000000000e+05
6.193962000000000000e+06
9.872471000000000000e+06
8.237729000000000000e+06
6.181499375000000000e+05
1.755224800000000000e+07
2.862230000000000000e+07
1.690899250000000000e+06
8.666210000000000000e+06
2.641669280000000000e+08
1.945018500000000000e+06
2.862230000000000000e+07
2.641669280000000000e+08
8.531917000000000000e+06
7.123764375000000000e+05
5.895661000000000000e+06
7.705600500000000000e+06
2.284695200000000000e+07
1.013294375000000000e+05
1.232724609375000000e+05
7.661358750000000000e+05
3.992206875000000000e+05
2.422955625000000000e+05
1.758946289062500000e+04
4.837499000000000000e+06
1.794358984375000000e+04
1.840525000000000000e+06
1.823783281250000000e+05
1.419130664062500000e+04
2.387369750000000000e+06
1.846603437500000000e+05
9.154760937500000000e+04
1.034363593750000000e+05
1.090638875000000000e+06
2.437558000000000000e+06
4.388418125000000000e+05
3.221447851562500000e+04
1.668172750000000000e+06
3.372246484375000000e+04
6.963209375000000000e+04
4.449727812500000000e+05
8.226094000000000000e+06
2.261715600000000000e+07
8.631648437500000000e+04
1.979676500000000000e+06
1.181676093750000000e+05
1.176263437500000000e+05
9.960578400000000000e+07
5.582143750000000000e+05
6.346365625000000000e+05
8.396571875000000000e+04
1.167803875000000000e+06
1.310465625000000000e+05
7.056782500000000000e+05
4.975450683593750000e+03
2.229431054687500000e+04
2.757128515625000000e+04
1.168318500000000000e+06
6.277607421875000000e+04
5.281381640625000000e+04
2.036933625000000000e+06
1.109345781250000000e+05
1.588180937500000000e+05
1.580970250000000000e+06
6.534166406250000000e+04
5.363636718750000000e+04
1.382918281250000000e+05
1.056490312500000000e+05
8.072213281250000000e+04
1.187601125000000000e+06
2.206293164062500000e+04
1.262417656250000000e+05
7.469209375000000000e+05
4.992315234375000000e+04
3.249381445312500000e+04
8.099156250000000000e+04
5.002085156250000000e+04
2.454876367187500000e+04
8.448621875000000000e+04
1.531804843750000000e+05
1.010466875000000000e+05
1.526914062500000000e+04
3.629625390625000000e+04
3.488315312500000000e+05
6.724768750000000000e+04
1.001080234375000000e+05
2.813841406250000000e+04
1.659067700000000000e+07
4.684712890625000000e+04
6.004133000000000000e+06
1.641327968750000000e+05
4.212660156250000000e+04
1.284231520000000000e+08
2.017949414062500000e+04
6.356029785156250000e+03
2.185435750000000000e+06
1.561942812500000000e+05
1.492460156250000000e+04
9.125098632812500000e+03
4.911769409179687500e+02
2.935141601562500000e+02
2.239592382812500000e+04
7.754502343750000000e+04
6.477612000000000000e+06
1.287315900000000000e+07
9.907402500000000000e+05
1.648570781250000000e+05
1.694529440000000000e+08
4.238734765625000000e+04
1.036082343750000000e+05
1.183840625000000000e+05
1.500156500000000000e+06
2.023440156250000000e+05
4.766750720000000000e+08
8.172765000000000000e+06
6.552675000000000000e+04
7.310746875000000000e+04
3.305732812500000000e+05
1.143356200000000000e+07
9.633719531250000000e+04
2.705021484375000000e+04
2.156008398437500000e+04
3.821923339843750000e+03
2.406598281250000000e+05
1.041366195678710938e+02
1.463153027343750000e+04
1.411504272460937500e+03
8.703431250000000000e+04
5.770155000000000000e+06
9.888302000000000000e+06
1.324850800000000000e+08
2.247648750000000000e+06
7.924989257812500000e+03
5.291598000000000000e+07
2.500689600000000000e+07
2.756526000000000000e+06
2.250394400000000000e+07
1.452266625000000000e+06
8.693642000000000000e+06
4.029762187500000000e+05
4.478464687500000000e+05
1.348021250000000000e+06
8.638187500000000000e+04
4.497463360000000000e+08
5.253096000000000000e+08
5.770155000000000000e+06
1.680713920000000000e+08
9.888302000000000000e+06
1.324850800000000000e+08
2.210303000000000000e+06
9.473541406250000000e+04
3.679278906250000000e+04
3.662917760000000000e+08
5.291598000000000000e+07
2.500689600000000000e+07
2.250394400000000000e+07
2.219641600000000000e+07
6.306202500000000000e+06
4.029762187500000000e+05
6.642826500000000000e+06
4.478464687500000000e+05
1.348021250000000000e+06
1.530384000000000000e+09
4.497463360000000000e+08
5.253096000000000000e+08
1.680713920000000000e+08
5.189617000000000000e+06
2.210303000000000000e+06
9.473541406250000000e+04
3.662917760000000000e+08
3.005124800000000000e+08
2.219641600000000000e+07
6.306202500000000000e+06
6.642826500000000000e+06
1.530384000000000000e+09
5.189617000000000000e+06
3.005124800000000000e+08
2.665336328125000000e+04
2.962213125000000000e+05
1.827473750000000000e+06
1.275128750000000000e+05
1.263019921875000000e+05
1.841463476562500000e+04
4.464226562500000000e+05
8.512857031250000000e+04
1.043479520000000000e+08
5.917715835571289062e+01
8.276435000000000000e+05
7.493360137939453125e+01
1.500099500000000000e+06
3.825186157226562500e+01
1.408783264160156250e+02
1.042761280000000000e+08
5.918289947509765625e+01
7.493646240234375000e+01
1.408786010742187500e+02
1.010340562500000000e+06
2.306933203125000000e+04
1.191615000000000000e+06
2.696828613281250000e+02
4.874748229980468750e+02
1.459024375000000000e+06
8.377221250000000000e+05
3.221295776367187500e+02
1.658961029052734375e+02
5.356113750000000000e+05
2.530286407470703125e+02
9.977273600000000000e+07
9.739566000000000000e+06
2.273831200000000000e+07
1.712731835937500000e+04
1.582689760000000000e+08
1.379172800000000000e+08
4.530519140625000000e+04
2.241770400000000000e+07
1.312924511718750000e+04
2.114460742187500000e+04
8.942402560000000000e+09
1.663835520000000000e+09
2.990059062500000000e+05
4.011562400000000000e+07
4.788214062500000000e+04
3.139651875000000000e+05
6.966073600000000000e+08
1.558910000000000000e+05
4.918017812500000000e+05
1.206752578125000000e+05
9.838595072000000000e+09
4.394720000000000000e+06
1.710128000000000000e+06
1.053120875000000000e+06
2.384680250000000000e+06
2.169758800000000000e+07
3.115615200000000000e+07
1.528372968750000000e+05
1.582689760000000000e+08
1.483919921875000000e+04
4.773113500000000000e+06
1.130483886718750000e+04
1.429667968750000000e+05
1.888531840000000000e+08
2.736653125000000000e+05
2.963342187500000000e+04
5.616955625000000000e+05
1.330807750000000000e+06
2.226615468750000000e+05
9.977273600000000000e+07
9.739566000000000000e+06
8.278431875000000000e+05
2.048870156250000000e+05
3.677536250000000000e+05
1.354585058593750000e+04
1.582689760000000000e+08
7.003728000000000000e+06
8.693642000000000000e+06
6.942499200000000000e+07
1.024794812500000000e+06
2.226615468750000000e+05
8.942402560000000000e+09
9.977273600000000000e+07
9.739566000000000000e+06
3.280705600000000000e+07
2.048870156250000000e+05
3.677536250000000000e+05
1.582689760000000000e+08
1.396184883200000000e+10
6.942499200000000000e+07
1.024794812500000000e+06
8.942402560000000000e+09
3.280705600000000000e+07
1.396184883200000000e+10
4.577641500000000000e+06
9.739566000000000000e+06
2.511954062500000000e+05
4.800861000000000000e+06
9.552944531250000000e+04
5.784517500000000000e+05
2.162107600000000000e+07
1.505112000000000000e+06
1.142735500000000000e+06
5.590171250000000000e+05
3.441234250000000000e+06
1.712740039062500000e+04
8.242698437500000000e+04
2.181123906250000000e+05
1.383148046875000000e+04
1.266914160156250000e+04
2.535142773437500000e+04
4.344648437500000000e+03
6.174076953125000000e+04
2.123680312500000000e+05
6.342870117187500000e+03
4.625533984375000000e+04
1.214158375000000000e+06
3.266750976562500000e+04
6.741782500000000000e+05
2.972447753906250000e+03
9.739566000000000000e+06
2.997319687500000000e+05
3.899711875000000000e+05
6.215299316406250000e+03
4.694064062500000000e+04
1.300189819335937500e+03
3.016124804687500000e+04
5.775996093750000000e+04
7.468155000000000000e+05
1.041868530273437500e+03
9.463165625000000000e+04
6.481492578125000000e+04
3.789934692382812500e+02
4.973003515625000000e+04
5.000358593750000000e+04
1.367822500000000000e+05
4.323921484375000000e+04
5.299519531250000000e+04
2.793791015625000000e+03
2.436377929687500000e+04
2.768479248046875000e+03
6.029533984375000000e+04
6.864279785156250000e+02
3.171847070312500000e+04
2.613156445312500000e+04
8.780675000000000000e+04
7.268087402343750000e+03
3.307060546875000000e+03
1.033581640625000000e+05
2.956452636718750000e+03
6.241758203125000000e+04
2.384348632812500000e+03
3.182300292968750000e+03
7.331916406250000000e+04
1.645216918945312500e+03
2.252427343750000000e+04
1.012139550781250000e+04
7.698104003906250000e+03
1.279693164062500000e+04
1.841150625000000000e+05
9.707643554687500000e+03
7.764610351562500000e+03
1.289213625000000000e+06
2.683972656250000000e+03
8.151360937500000000e+04
4.384607500000000000e+05
1.540866375000000000e+06
2.126185250000000000e+06
4.018494375000000000e+05
1.535307656250000000e+05
1.029676437500000000e+06
2.379436093750000000e+05
1.421708593750000000e+05
7.994673437500000000e+04
1.887799500000000000e+06
7.452771875000000000e+05
2.274489257812500000e+04
1.917529875000000000e+06
6.979472500000000000e+05
2.248599218750000000e+05
2.492270800000000000e+07
8.094863125000000000e+05
4.891814453125000000e+04
7.494882500000000000e+05
4.012573200000000000e+07
8.061334500000000000e+06
6.116320625000000000e+05
8.027772500000000000e+05
1.561692100000000000e+07
6.039669500000000000e+06
3.418595500000000000e+06
1.019340312500000000e+06
7.121012500000000000e+06
1.171441718750000000e+05
7.786914560000000000e+08
2.313652320000000000e+08
4.225586000000000000e+07
1.106255625000000000e+06
8.033514000000000000e+06
5.973991875000000000e+05
3.802993600000000000e+07
1.580513800000000000e+07
6.266951000000000000e+06
1.010933250000000000e+06
5.029585600000000000e+08
8.153428480000000000e+08
2.350011040000000000e+08
1.070175625000000000e+06
3.878289200000000000e+07
5.121424320000000000e+08
9.977273600000000000e+07
9.739566000000000000e+06
4.639532500000000000e+06
2.480854687500000000e+05
1.582689760000000000e+08
3.112692800000000000e+07
8.048361875000000000e+05
4.748346500000000000e+06
5.575566875000000000e+05
9.095254687500000000e+04
8.942402560000000000e+09
4.592742080000000000e+08
1.563057000000000000e+07
2.167111600000000000e+07
1.115293750000000000e+06
1.473474625000000000e+06
1.817721920000000000e+08
6.920522500000000000e+06
1.082809400000000000e+07
5.424451250000000000e+05
7.507598848000000000e+09
2.928682880000000000e+08
8.793416800000000000e+07
3.331845500000000000e+06
2.805997200000000000e+07
7.136548480000000000e+08
1.520598500000000000e+06
1.758946289062500000e+04
9.495289375000000000e+05
1.371643875000000000e+06
1.605002812500000000e+05
1.135802750000000000e+06
2.075193625000000000e+06
1.870465625000000000e+05
5.099187890625000000e+04
7.741945625000000000e+05
2.319479687500000000e+04
2.151607250000000000e+06
2.556493500000000000e+06
8.883239062500000000e+04
1.657302187500000000e+05
1.925767600000000000e+07
1.801608906250000000e+05
9.680413281250000000e+04
4.749575937500000000e+05
2.411411250000000000e+05
1.971365625000000000e+05
1.831740312500000000e+05
1.509118000000000000e+07
1.887498875000000000e+06
2.302964375000000000e+05
2.040511000000000000e+06
1.564619238281250000e+04
8.107471093750000000e+04
9.721345625000000000e+05
2.320720703125000000e+04
5.248442968750000000e+04
4.286327187500000000e+05
5.870816894531250000e+03
2.135950625000000000e+05
2.616622250000000000e+06
3.588785546875000000e+04
1.609779687500000000e+05
6.000337500000000000e+05
6.876534375000000000e+04
2.166851367187500000e+04
7.500952343750000000e+04
3.131247600000000000e+07
1.651814900000000000e+07
1.525454101562500000e+03
2.077126400000000000e+07
8.999968719482421875e+01
2.083059844970703125e+02
7.415347200000000000e+08
3.215060302734375000e+03
1.921694458007812500e+03
2.195228424072265625e+02
1.274978515625000000e+04
1.625016093750000000e+05
6.277607421875000000e+04
4.837499000000000000e+06
5.043584960937500000e+03
1.974913125000000000e+06
8.338652343750000000e+04
2.485857812500000000e+04
1.411436250000000000e+06
1.606989375000000000e+05
5.725663085937500000e+03
5.106292968750000000e+04
6.819695200000000000e+07
9.926965000000000000e+06
1.218500976562500000e+04
1.028462480000000000e+08
8.896405468750000000e+04
1.641071289062500000e+04
5.673824768000000000e+09
1.884427656250000000e+05
1.213789765625000000e+05
2.011257968750000000e+05
7.615624500000000000e+06
1.898871600000000000e+07
4.324083750000000000e+05
6.628248437500000000e+04
6.039548046875000000e+04
7.905209375000000000e+04
1.173937800000000000e+07
1.867615234375000000e+04
1.059784500000000000e+06
5.855211500000000000e+06
8.295845600000000000e+07
8.435454000000000000e+06
3.973067812500000000e+05
8.744664000000000000e+06
1.588132800000000000e+08
3.149311250000000000e+05
2.226659600000000000e+07
3.082068750000000000e+05
1.374629625000000000e+06
6.362796160000000000e+08
9.826070000000000000e+06
1.298148500000000000e+06
5.469243200000000000e+07
6.175389000000000000e+06
4.773905500000000000e+06
1.074240160000000000e+08
1.831554500000000000e+06
1.673295500000000000e+07
5.072586500000000000e+06
8.574522000000000000e+06
5.676698800000000000e+07
6.873696500000000000e+06
9.693198000000000000e+06
1.417598600000000000e+07
3.232829750000000000e+06
4.715167812500000000e+05
3.992370117187500000e+03
4.245643000000000000e+06
6.977260131835937500e+02
4.338655500000000000e+06
4.741758117675781250e+02
2.907684570312500000e+03
8.182451000000000000e+06
1.413416381835937500e+03
4.463202514648437500e+02
1.222055419921875000e+03
3.243982000000000000e+06
1.052767360000000000e+08
2.261715600000000000e+07
8.278431875000000000e+05
5.632690000000000000e+06
2.298415250000000000e+06
8.662106250000000000e+05
6.368110800000000000e+07
1.528828625000000000e+06
1.422895625000000000e+06
1.304463360000000000e+09
1.189043760000000000e+08
3.243982000000000000e+06
8.399003520000000000e+08
1.052767360000000000e+08
2.261715600000000000e+07
1.653732480000000000e+08
5.632690000000000000e+06
2.298415250000000000e+06
6.368110800000000000e+07
2.357686067200000000e+10
1.304463360000000000e+09
1.189043760000000000e+08
8.399003520000000000e+08
1.653732480000000000e+08
2.357686067200000000e+10
4.625204400000000000e+07
1.601774000000000000e+06
4.010370625000000000e+05
4.625204400000000000e+07
6.914064375000000000e+05
4.840514687500000000e+05
1.385806125000000000e+06
7.557577000000000000e+06
1.336425683593750000e+04
4.926920500000000000e+06
1.307812988281250000e+04
3.198881054687500000e+04
4.248109500000000000e+06
5.172440795898437500e+02
7.782478125000000000e+04
1.320552441406250000e+04
8.295845600000000000e+07
7.839676000000000000e+06
1.996387109375000000e+04
2.132830400000000000e+07
1.421588085937500000e+04
1.517803222656250000e+04
4.942548000000000000e+07
1.114971484375000000e+05
1.053878828125000000e+05
8.238414843750000000e+04
1.612419218750000000e+05
4.754833125000000000e+05
1.834827600000000000e+07
1.843539500000000000e+06
1.582689760000000000e+08
1.306557187500000000e+05
5.708196400000000000e+07
2.969238750000000000e+05
3.258583000000000000e+06
6.828240896000000000e+09
9.287126000000000000e+06
2.006055750000000000e+06
4.575176960000000000e+08
2.367598828125000000e+04
4.097644531250000000e+04
1.393394600000000000e+07
1.590729980468750000e+03
5.252208203125000000e+04
5.358458125000000000e+05
4.744765625000000000e+04
6.273013750000000000e+05
8.693642000000000000e+06
2.244502929687500000e+03
3.888392812500000000e+05
1.139189687500000000e+05
1.037409296875000000e+05
4.265660000000000000e+05
8.030870605468750000e+03
8.899196875000000000e+04
1.299379589843750000e+04
2.088277000000000000e+06
1.499863750000000000e+05
5.358458125000000000e+05
1.298516113281250000e+04
4.549093750000000000e+03
1.067495312500000000e+04
1.384981625000000000e+06
4.961537187500000000e+05
1.139189687500000000e+05
1.490529531250000000e+05
1.818448828125000000e+04
8.899196875000000000e+04
2.088277000000000000e+06
3.471251953125000000e+04
1.418908691406250000e+04
4.549093750000000000e+03
1.384981625000000000e+06
1.490529531250000000e+05
3.471251953125000000e+04
4.506134500000000000e+06
4.012573200000000000e+07
3.582660312500000000e+05
2.275257187500000000e+05
2.096050156250000000e+05
1.822055156250000000e+05
7.214431250000000000e+04
2.385097656250000000e+05
3.755205000000000000e+05
5.332298339843750000e+03
7.298712320000000000e+08
3.062150400000000000e+07
7.869580625000000000e+05
2.585863600000000000e+07
8.617815000000000000e+06
8.495824218750000000e+04
4.263073000000000000e+06
9.788557031250000000e+04
5.792285937500000000e+04
3.612186718750000000e+04
1.172453888000000000e+10
1.558054400000000000e+08
3.196720500000000000e+06
3.162051750000000000e+06
2.066027375000000000e+06
7.076043520000000000e+08
3.429786750000000000e+06
1.739072851562500000e+04
1.485103375000000000e+06
3.075618125000000000e+05
6.114198046875000000e+04
8.588031005859375000e+01
6.168497656250000000e+04
2.290300976562500000e+04
3.653656562500000000e+05
6.168497656250000000e+04
1.843668000000000000e+07
8.415834375000000000e+05
4.618939375000000000e+05
3.346130078125000000e+04
2.072494000000000000e+06
3.974712500000000000e+05
1.478028875000000000e+06
1.574069625000000000e+06
3.000920625000000000e+05
2.463927500000000000e+05
8.693642000000000000e+06
6.976471093750000000e+04
3.411414250000000000e+06
4.183306250000000000e+05
1.148398281250000000e+05
9.533631250000000000e+04
7.747480468750000000e+04
2.122451406250000000e+05
1.291294609375000000e+05
7.773921000000000000e+06
3.990718437500000000e+05
1.574069625000000000e+06
9.481241406250000000e+04
9.063617187500000000e+03
5.510019042968750000e+03
5.564419000000000000e+06
2.154752968750000000e+05
4.183306250000000000e+05
3.334832812500000000e+05
4.212644531250000000e+04
2.122451406250000000e+05
7.773921000000000000e+06
1.556678593750000000e+05
2.374047460937500000e+04
9.063617187500000000e+03
5.564419000000000000e+06
3.334832812500000000e+05
1.556678593750000000e+05
4.553974800000000000e+07
1.339324600000000000e+07
1.353475375000000000e+06
8.784778000000000000e+06
3.367492000000000000e+07
5.148424218750000000e+04
3.807075000000000000e+04
2.412659000000000000e+06
3.698516250000000000e+05
7.473013750000000000e+05
8.820198125000000000e+05
1.134268875000000000e+06
5.455808125000000000e+05
4.724356640625000000e+04
9.888664375000000000e+05
8.384209375000000000e+04
1.883383750000000000e+05
2.366499200000000000e+07
5.572021875000000000e+05
3.767805078125000000e+04
1.087755156250000000e+05
3.119320250000000000e+06
3.826494921875000000e+04
2.334201250000000000e+05
4.746413000000000000e+06
1.876073632812500000e+04
3.297879296875000000e+04
6.469833125000000000e+05
3.155036523437500000e+04
1.154652148437500000e+04
2.114579882812500000e+04
2.109096000000000000e+07
8.590799200000000000e+07
1.659409179687500000e+02
7.486994531250000000e+04
2.913815600000000000e+07
3.476399230957031250e+02
3.379017812500000000e+05
1.628783721923828125e+02
5.206653125000000000e+05
5.370494079589843750e+01
2.251793203200000000e+10
9.441152954101562500e+02
1.249573750000000000e+06
2.727979736328125000e+02
2.535193500000000000e+06
8.699337768554687500e+01
1.196229248046875000e+03
6.514280000000000000e+06
1.995176696777343750e+02
7.452115631103515625e+01
2.874647460937500000e+03
2.156927040000000000e+08
4.728227539062500000e+02
1.308509826660156250e+02
5.932402954101562500e+02
1.246938964843750000e+03
9.048992500000000000e+05
1.454951875000000000e+06
5.983320625000000000e+05
1.722442560000000000e+08
1.478796972656250000e+04
1.333906875000000000e+06
2.344960000000000000e+05
2.176762187500000000e+05
1.599218560000000000e+08
5.982949500000000000e+06
6.736354687500000000e+04
6.011001500000000000e+06
4.522297500000000000e+05
2.138125200000000000e+07
1.422895625000000000e+06
1.657715375000000000e+06
7.123555468750000000e+04
8.564478000000000000e+06
7.508968500000000000e+06
4.522297500000000000e+05
2.138125200000000000e+07
1.657715375000000000e+06
7.508968500000000000e+06
1.205252812500000000e+05
8.312204101562500000e+03
6.543732031250000000e+04
1.310779125000000000e+06
6.031886230468750000e+03
7.254253906250000000e+04
1.616707617187500000e+04
3.787441162109375000e+03
4.037982910156250000e+03
1.015831250000000000e+05
7.991075500000000000e+06
1.694714062500000000e+05
1.420514526367187500e+03
1.173942480468750000e+04
4.138660312500000000e+05
2.636400634765625000e+03
9.839624375000000000e+05
1.560207625000000000e+06
2.661018750000000000e+05
9.839624375000000000e+05
1.852404125000000000e+06
7.022087500000000000e+04
1.144079296875000000e+05
1.191681484375000000e+05
2.333020800000000000e+07
1.971137000000000000e+06
3.422467200000000000e+07
3.142647500000000000e+05
3.027872400000000000e+07
1.582689760000000000e+08
1.406792000000000000e+06
4.639762500000000000e+06
9.806590625000000000e+04
7.429000625000000000e+05
1.935337750000000000e+06
1.177384000000000000e+06
1.103951750000000000e+06
4.253369531250000000e+04
5.433965440000000000e+08
4.587955200000000000e+09
8.532577000000000000e+06
7.031547200000000000e+07
6.622597500000000000e+05
1.703924000000000000e+06
1.845406880000000000e+08
3.672580750000000000e+06
1.615629400000000000e+07
1.407008000000000000e+06
8.303460000000000000e+07
3.553227200000000000e+07
1.338664125000000000e+06
9.292992000000000000e+06
5.667427500000000000e+05
3.622396875000000000e+05
5.169329152000000000e+09
5.154142800000000000e+07
5.361559040000000000e+08
2.970310800000000000e+07
5.137124000000000000e+07
1.209677952000000000e+09
3.878126400000000000e+07
1.181122700000000000e+07
7.873070000000000000e+06
1.135000960000000000e+09
7.295733760000000000e+08
5.618857500000000000e+05
1.216749000000000000e+06
2.536344531250000000e+04
4.780671875000000000e+04
4.837499000000000000e+06
9.739566000000000000e+06
1.040567187500000000e+05
2.259125156250000000e+05
8.484370000000000000e+06
1.229307812500000000e+04
2.277845000000000000e+05
4.733049375000000000e+05
3.607796875000000000e+04
6.857431250000000000e+04
1.965419250000000000e+06
9.493854687500000000e+04
6.654760253906250000e+03
1.267970468750000000e+05
4.023103906250000000e+04
2.021126375000000000e+06
2.975847167968750000e+03
4.958167000000000000e+06
3.521112500000000000e+04
4.173372500000000000e+05
3.721247812500000000e+05
6.514777343750000000e+04
1.325746484375000000e+04
1.885259843750000000e+05
3.495983203125000000e+04
9.900525625000000000e+05
1.470764038085937500e+03
1.131859250000000000e+06
1.149974218750000000e+05
5.120323730468750000e+03
2.161052343750000000e+05
6.105108125000000000e+05
1.444474687500000000e+05
1.888660937500000000e+05
4.335614746093750000e+03
2.315320781250000000e+05
1.300617265625000000e+05
6.522387109375000000e+04
7.212910937500000000e+04
3.346130078125000000e+04
2.707890312500000000e+05
8.009973437500000000e+04
1.010288515625000000e+05
5.148149200000000000e+07
2.373665468750000000e+05
3.144129882812500000e+04
1.610610312500000000e+05
3.180257750000000000e+06
4.010649609375000000e+04
1.734096000000000000e+06
2.972609500000000000e+06
2.931933398437500000e+04
8.381890625000000000e+04
1.065654625000000000e+06
1.579390312500000000e+05
5.511247265625000000e+04
1.822337875000000000e+06
1.195746000000000000e+08
8.435454000000000000e+06
1.289213625000000000e+06
1.031898600000000000e+07
6.030898500000000000e+06
6.860926250000000000e+05
1.582689760000000000e+08
7.003728000000000000e+06
8.693642000000000000e+06
1.218749849600000000e+10
4.354623000000000000e+06
1.822337875000000000e+06
6.446181888000000000e+09
1.195746000000000000e+08
8.435454000000000000e+06
6.273347584000000000e+09
1.031898600000000000e+07
6.030898500000000000e+06
1.582689760000000000e+08
7.200489472000000000e+10
1.218749849600000000e+10
4.354623000000000000e+06
6.446181888000000000e+09
6.273347584000000000e+09
7.200489472000000000e+10
4.465667187500000000e+04
2.282067968750000000e+04
6.191329589843750000e+03
4.356326953125000000e+04
1.082600156250000000e+05
7.102336718750000000e+04
2.259275390625000000e+04
6.276242187500000000e+03
2.495516015625000000e+04
9.044973632812500000e+03
1.295006250000000000e+04
1.244192200000000000e+07
1.721329843750000000e+05
1.508598632812500000e+03
3.966079687500000000e+05
6.624802500000000000e+05
2.448266796875000000e+04
6.651898125000000000e+05
6.479057421875000000e+04
9.730479687500000000e+04
6.091516796875000000e+04
1.020561000000000000e+06
8.062373437500000000e+04
8.438966406250000000e+04
2.902404375000000000e+05
1.837743945312500000e+04
1.030362421875000000e+05
5.164519062500000000e+05
1.601617656250000000e+05
5.406298046875000000e+04
3.714819062500000000e+05
3.181751367187500000e+04
2.342231250000000000e+04
3.658444500000000000e+06
2.801241250000000000e+05
1.781346406250000000e+05
1.269611250000000000e+06
2.272508800000000000e+07
9.945500000000000000e+06
1.190727187500000000e+05
2.226659600000000000e+07
1.420291093750000000e+05
5.015705937500000000e+05
4.038948800000000000e+07
1.710036750000000000e+06
7.008553125000000000e+05
2.971748000000000000e+06
5.198944500000000000e+06
3.852893750000000000e+06
2.261715600000000000e+07
7.308947656250000000e+04
1.117192875000000000e+06
2.278420781250000000e+05
9.794832812500000000e+04
1.827664800000000000e+08
9.644506875000000000e+05
5.391268750000000000e+05
1.174294062500000000e+05
2.949431500000000000e+06
3.374557812500000000e+05
9.815790625000000000e+05
2.384911093750000000e+05
1.279337265625000000e+05
1.752025375000000000e+06
4.254835815429687500e+02
3.942044062500000000e+05
8.986207885742187500e+02
4.246609802246093750e+02
1.951110250000000000e+06
2.564627187500000000e+05
2.340401200000000000e+07
1.645977187500000000e+05
3.541711200000000000e+07
1.691126562500000000e+05
4.086528750000000000e+05
4.099691840000000000e+08
2.014068625000000000e+06
2.152534843750000000e+05
9.886001000000000000e+06
6.686400400000000000e+07
1.908906875000000000e+06
3.010180500000000000e+06
7.286773600000000000e+07
6.504258800000000000e+07
8.295845600000000000e+07
2.045379531250000000e+05
9.114002400000000000e+07
2.129127343750000000e+05
1.663471406250000000e+05
9.702697600000000000e+08
1.622306875000000000e+06
4.101626500000000000e+06
6.490809000000000000e+06
3.371766400000000000e+07
2.344924531250000000e+05
1.758946289062500000e+04
1.263362890625000000e+04
4.081470703125000000e+04
2.902121875000000000e+04
6.202296875000000000e+05
6.965873750000000000e+05
1.715031093750000000e+05
5.099187890625000000e+04
8.238053125000000000e+05
5.646321875000000000e+04
9.199246875000000000e+04
1.245414900000000000e+07
2.795666250000000000e+05
1.483205250000000000e+06
1.845688671875000000e+04
1.557667480468750000e+04
3.063645324707031250e+02
2.106742000000000000e+06
3.329800000000000000e+06
9.506860000000000000e+05
2.127929750000000000e+06
1.433129296875000000e+04
3.377053527832031250e+02
7.569480468750000000e+04
1.063542358398437500e+03
7.193125000000000000e+05
2.657506250000000000e+06
8.828268125000000000e+05
1.125820190429687500e+03
3.805505126953125000e+03
4.288195190429687500e+02
5.797883125000000000e+05
4.943644409179687500e+02
1.541829250000000000e+06
5.074039843750000000e+04
1.720840625000000000e+06
3.815938437500000000e+05
3.034456250000000000e+05
1.632241699218750000e+03
3.347176953125000000e+04
1.213448359375000000e+05
5.655036875000000000e+05
2.942860625000000000e+05
1.729382500000000000e+05
5.304780000000000000e+05
2.709470312500000000e+04
3.314376171875000000e+04
1.103679125000000000e+06
8.693642000000000000e+06
2.227376171875000000e+04
2.061433875000000000e+06
7.147139375000000000e+05
1.213448359375000000e+05
2.882608500000000000e+06
5.655036875000000000e+05
2.942860625000000000e+05
3.249904375000000000e+05
5.304780000000000000e+05
2.709470312500000000e+04
1.103679125000000000e+06
7.837702000000000000e+06
2.061433875000000000e+06
7.147139375000000000e+05
2.882608500000000000e+06
3.249904375000000000e+05
7.837702000000000000e+06
2.958189257812500000e+04
1.051942675781250000e+04
4.496394500000000000e+06
1.129268375000000000e+06
5.143379200000000000e+07
2.762763250000000000e+06
8.693642000000000000e+06
5.864538500000000000e+06
1.014218164062500000e+04
6.683945800781250000e+03
3.438008984375000000e+04
1.129268375000000000e+06
5.143379200000000000e+07
1.271159440000000000e+08
5.864538500000000000e+06
6.683945800781250000e+03
3.438008984375000000e+04
2.341941015625000000e+04
1.271159440000000000e+08
2.341941015625000000e+04
9.473310625000000000e+05
2.226659600000000000e+07
1.422895625000000000e+06
7.677857500000000000e+06
1.351507656250000000e+05
8.693642000000000000e+06
5.680489200000000000e+07
9.473310625000000000e+05
2.226659600000000000e+07
7.677857500000000000e+06
5.680489200000000000e+07
7.444000000000000000e+05
1.758946289062500000e+04
9.983801250000000000e+05
2.705021484375000000e+04
2.331480273437500000e+04
3.716789375000000000e+05
1.578322363281250000e+04
1.038563515625000000e+05
2.444615234375000000e+03
5.136017187500000000e+04
2.612117382812500000e+04
2.790788437500000000e+05
1.206530664062500000e+04
8.193299218750000000e+04
5.799829101562500000e+03
9.883460000000000000e+05
4.530359375000000000e+04
2.068319854736328125e+02
2.786611914062500000e+04
2.144096875000000000e+04
1.145624140625000000e+05
1.934628173828125000e+03
2.214808437500000000e+05
7.644164843750000000e+04
9.437827148437500000e+03
6.338366406250000000e+04
7.425629375000000000e+05
3.512690234375000000e+04
5.751930078125000000e+04
9.397341156005859375e+01
2.357938476562500000e+04
4.614577636718750000e+02
3.023122253417968750e+02
5.216181030273437500e+02
1.254926600000000000e+07
8.598585600000000000e+07
8.435454000000000000e+06
1.958615156250000000e+05
6.392664500000000000e+06
1.324850800000000000e+08
8.652437500000000000e+05
2.513418800000000000e+07
2.963465000000000000e+05
7.417156875000000000e+05
4.342678528000000000e+09
1.753551600000000000e+07
1.574422375000000000e+06
1.154813440000000000e+09
7.401532500000000000e+06
1.415256125000000000e+06
5.305537280000000000e+08
2.293075500000000000e+06
1.275927000000000000e+07
2.851966750000000000e+06
7.200489472000000000e+10
1.465041920000000000e+08
4.073800000000000000e+06
1.151660800000000000e+08
9.067636800000000000e+07
6.982318592000000000e+09
2.256235781250000000e+05
3.818322500000000000e+05
1.025524240000000000e+08
9.739566000000000000e+06
7.382857031250000000e+04
8.397043457031250000e+02
1.803549843750000000e+05
1.993783750000000000e+05
1.105135839843750000e+04
2.836610400000000000e+07
1.401079843750000000e+05
2.356053750000000000e+05
1.904278320312500000e+04
5.477500800000000000e+07
2.677884500000000000e+06
6.897532031250000000e+04
4.341576704000000000e+09
2.883909250000000000e+06
1.285643250000000000e+06
2.236646728515625000e+03
2.434718505859375000e+03
1.538306884765625000e+03
2.209837200000000000e+07
6.735153125000000000e+04
3.799947656250000000e+04
1.242422750000000000e+06
1.193905312500000000e+05
3.250466406250000000e+04
1.204735742187500000e+04
1.443587788800000000e+10
4.916163000000000000e+06
5.801821250000000000e+05
1.109778640000000000e+08
2.400006640625000000e+04
1.895657104492187500e+03
2.129999023437500000e+03
2.880432000000000000e+06
2.825088750000000000e+06
4.267480859375000000e+04
1.451259277343750000e+04
7.741406720000000000e+08
1.053158398437500000e+04
6.745203750000000000e+05
7.411936718750000000e+04
5.981566796875000000e+04
8.694057000000000000e+06
9.887890625000000000e+04
1.216184667968750000e+04
1.451235125000000000e+06
4.553643125000000000e+05
6.477222656250000000e+04
2.282878800000000000e+07
1.471271972656250000e+04
1.331305371093750000e+04
9.054042187500000000e+04
3.516616800000000000e+07
9.739566000000000000e+06
1.440894843750000000e+05
5.900954000000000000e+06
8.615504687500000000e+04
2.119352812500000000e+05
4.152133760000000000e+08
8.074755000000000000e+05
4.387920312500000000e+05
8.825926562500000000e+04
3.904486500000000000e+06
3.582660312500000000e+05
7.262245605468750000e+03
5.539430618286132812e+01
6.684841308593750000e+02
1.333968437500000000e+05
9.473225000000000000e+06
8.278431875000000000e+05
3.052166250000000000e+05
8.818728515625000000e+03
8.570271000000000000e+06
1.046432187500000000e+06
1.333968437500000000e+05
9.473225000000000000e+06
3.052166250000000000e+05
1.046432187500000000e+06
3.040178320312500000e+04
4.462125000000000000e+04
2.941583000000000000e+06
1.612222265625000000e+04
8.338652343750000000e+04
9.007543750000000000e+04
8.023712890625000000e+03
1.199503359375000000e+05
7.171568750000000000e+05
2.702270507812500000e+04
4.902733593750000000e+04
9.977273600000000000e+07
2.014360156250000000e+05
7.876859130859375000e+02
4.653588500000000000e+06
2.825924682617187500e+02
1.615345001220703125e+01
8.872955200000000000e+07
8.074488769531250000e+03
1.349948120117187500e+02
1.167474670410156250e+02
2.043481689453125000e+03
1.400267773437500000e+04
1.154213203125000000e+05
4.879252343750000000e+04
1.124160644531250000e+04
3.823586181640625000e+03
7.580902343750000000e+03
8.555978125000000000e+04
7.157520507812500000e+03
2.226659600000000000e+07
2.019275781250000000e+04
2.059701562500000000e+04
2.293310156250000000e+05
7.407300781250000000e+04
1.203821840000000000e+08
8.711852000000000000e+06
1.436149625000000000e+06
1.604473760000000000e+08
7.244577500000000000e+06
7.127909000000000000e+06
6.126062592000000000e+09
1.180060560000000000e+08
8.594415000000000000e+06
1.293274880000000000e+08
5.748639232000000000e+09
1.240611125000000000e+06
2.226659600000000000e+07
1.422895625000000000e+06
9.117787000000000000e+06
1.499669218750000000e+05
8.693642000000000000e+06
2.469581200000000000e+07
1.240611125000000000e+06
2.226659600000000000e+07
9.117787000000000000e+06
2.469581200000000000e+07
1.712208750000000000e+06
7.025389000000000000e+06
1.582689760000000000e+08
7.990374218750000000e+04
9.870103750000000000e+05
8.681057000000000000e+06
1.708983500000000000e+06
9.600669600000000000e+07
1.577617440000000000e+08
9.793331250000000000e+05
9.575944000000000000e+07
1.467753750000000000e+05
1.494928400000000000e+07
5.655036875000000000e+05
1.729382500000000000e+05
9.667663085937500000e+03
8.634720000000000000e+06
3.053195500000000000e+06
1.212715000000000000e+05
1.582689760000000000e+08
7.003728000000000000e+06
8.693642000000000000e+06
1.223930957031250000e+04
4.086856320000000000e+08
1.265345500000000000e+06
1.467753750000000000e+05
1.137694976000000000e+09
1.494928400000000000e+07
5.655036875000000000e+05
1.195653808593750000e+04
1.917182031250000000e+04
8.461111328125000000e+03
4.119145600000000000e+08
8.634720000000000000e+06
3.053195500000000000e+06
1.582689760000000000e+08
2.342962109375000000e+04
1.639017382812500000e+04
1.223930957031250000e+04
7.200489472000000000e+10
4.086856320000000000e+08
1.265345500000000000e+06
1.137694976000000000e+09
3.110300390625000000e+04
1.195653808593750000e+04
1.917182031250000000e+04
4.119145600000000000e+08
7.688860156250000000e+04
2.342962109375000000e+04
1.639017382812500000e+04
7.200489472000000000e+10
3.110300390625000000e+04
7.688860156250000000e+04
1.656738080000000000e+08
1.636230500000000000e+07
4.131111200000000000e+07
3.566665000000000000e+05
1.582689760000000000e+08
1.372902560000000000e+08
1.405142750000000000e+06
2.226659600000000000e+07
7.417156875000000000e+05
2.522606093750000000e+05
7.089015296000000000e+09
2.449916928000000000e+09
1.838965200000000000e+07
5.883600400000000000e+07
2.941785000000000000e+06
1.644775800000000000e+07
6.991671040000000000e+08
1.613735200000000000e+07
1.511439900000000000e+07
7.626940500000000000e+06
6.564049920000000000e+09
4.239207040000000000e+08
3.221434560000000000e+08
4.479876000000000000e+07
1.800503520000000000e+08
1.926541184000000000e+09
8.842514000000000000e+06
1.031863625000000000e+06
3.934494250000000000e+06
5.450744000000000000e+06
1.393394600000000000e+07
3.035841015625000000e+04
1.969015000000000000e+05
5.058829687500000000e+04
1.397152832031250000e+04
4.446127734375000000e+04
1.073861796875000000e+05
1.234638671875000000e+04
2.687394726562500000e+04
7.647233276367187500e+02
4.188884277343750000e+03
3.496322265625000000e+03
1.726392968750000000e+04
1.682891235351562500e+03
4.007268371582031250e+02
4.933619600000000000e+07
1.808998281250000000e+05
1.875205810546875000e+03
2.338610107421875000e+03
1.905635625000000000e+05
3.116695625000000000e+05
1.272073120117187500e+03
4.504862792968750000e+03
4.567164062500000000e+04
1.816765869140625000e+03
9.556233593750000000e+04
4.199478500000000000e+06
2.995002187500000000e+05
2.070510351562500000e+04
1.654111500000000000e+06
4.302498046875000000e+04
6.638091406250000000e+04
6.950458750000000000e+05
4.871473828125000000e+04
2.260202812500000000e+05
1.404678750000000000e+05
3.793610546875000000e+04
8.954577343750000000e+04
3.821689250000000000e+06
1.033170703125000000e+05
1.858425585937500000e+04
5.417668125000000000e+05
2.153812187500000000e+05
5.372643125000000000e+05
5.069684500000000000e+06
8.539958400000000000e+07
8.295845600000000000e+07
3.978951562500000000e+04
6.951591500000000000e+06
6.133722000000000000e+06
4.102902500000000000e+05
5.893663600000000000e+07
5.552942968750000000e+04
1.137425625000000000e+05
6.019996160000000000e+09
3.377554560000000000e+08
4.277633125000000000e+05
1.024895232000000000e+09
1.223757000000000000e+06
1.072346500000000000e+06
1.984505440000000000e+08
1.291607250000000000e+06
2.796927187500000000e+05
5.573281250000000000e+05
7.200489472000000000e+10
2.559020400000000000e+07
2.863008500000000000e+06
5.464286500000000000e+06
3.226955500000000000e+06
1.263467920000000000e+08
3.653280750000000000e+06
5.487321484375000000e+04
2.527907031250000000e+04
1.624621500000000000e+06
3.817364062500000000e+04
5.319220000000000000e+06
1.208518554687500000e+04
5.500084765625000000e+04
1.411950700000000000e+07
2.261715600000000000e+07
2.480634843750000000e+05
2.259443200000000000e+07
3.137126953125000000e+04
2.142785781250000000e+05
3.393562560000000000e+08
1.428631000000000000e+06
5.814945000000000000e+06
2.729625750000000000e+06
1.394162900000000000e+07
1.566620700000000000e+07
1.502728750000000000e+05
1.253044300000000000e+07
9.359492187500000000e+04
4.817854000000000000e+06
2.417058906250000000e+05
2.697423437500000000e+05
9.482252000000000000e+07
6.599566250000000000e+05
5.598179375000000000e+05
2.952338500000000000e+06
3.333269250000000000e+06
1.051293500000000000e+06
4.777025781250000000e+04
4.859015000000000000e+05
2.418095200000000000e+07
3.276195507812500000e+04
8.312267500000000000e+05
3.214471875000000000e+05
3.389367187500000000e+04
2.036554531250000000e+05
1.311746093750000000e+05
2.775223437500000000e+04
6.011494375000000000e+05
8.295845600000000000e+07
1.289213625000000000e+06
1.512611328125000000e+03
3.921931250000000000e+04
1.322088437500000000e+05
1.422895625000000000e+06
6.970864257812500000e+03
7.094564843750000000e+04
3.376772812500000000e+05
1.826629218750000000e+05
5.157938671875000000e+04
4.617508125000000000e+05
3.310272812500000000e+05
4.243158437500000000e+05
3.751296250000000000e+05
8.295845600000000000e+07
3.248390380859375000e+03
1.202734765625000000e+04
2.305963476562500000e+04
4.905160937500000000e+04
2.002533203125000000e+04
4.793423046875000000e+04
3.376772812500000000e+05
6.322687890625000000e+04
8.064472656250000000e+04
4.617508125000000000e+05
4.243158437500000000e+05
5.811086914062500000e+03
2.461182421875000000e+04
2.305963476562500000e+04
2.002533203125000000e+04
6.322687890625000000e+04
5.811086914062500000e+03
3.352732750000000000e+06
7.208090625000000000e+04
4.961547187500000000e+05
2.636068847656250000e+03
1.615744218750000000e+05
3.565706250000000000e+05
1.133766406250000000e+04
4.241204375000000000e+05
2.429725195312500000e+04
5.133029687500000000e+05
1.680357200000000000e+07
9.739566000000000000e+06
8.266085625000000000e+05
2.424484500000000000e+06
3.878604375000000000e+05
6.249016500000000000e+06
2.096727200000000000e+08
1.993233200000000000e+07
7.939898000000000000e+06
2.141588250000000000e+06
2.039342880000000000e+08
5.160565312500000000e+05
2.775223437500000000e+04
1.164503515625000000e+05
3.184662890625000000e+04
5.640440625000000000e+05
1.684579101562500000e+04
6.430583984375000000e+03
4.462125000000000000e+03
3.811409600000000000e+07
9.739566000000000000e+06
2.398985937500000000e+05
8.641154000000000000e+06
2.158374843750000000e+05
4.054881562500000000e+05
5.859480320000000000e+08
3.420340500000000000e+06
1.043360062500000000e+06
3.551110000000000000e+05
1.387517600000000000e+07
6.437828000000000000e+06
2.405824687500000000e+05
1.024383671875000000e+05
4.336762187500000000e+05
8.053852539062500000e+02
2.314563437500000000e+05
1.273149804687500000e+04
2.072956750000000000e+06
1.397145250000000000e+06
1.377630566406250000e+04
1.393394600000000000e+07
7.435002343750000000e+04
1.205806500000000000e+07
1.621293125000000000e+05
2.462591406250000000e+04
2.752264800000000000e+07
9.198098437500000000e+04
1.433939218750000000e+05
1.097079296875000000e+05
2.602087031250000000e+05
4.263388671875000000e+04
7.256069335937500000e+03
3.505820937500000000e+05
2.136881347656250000e+03
5.786106875000000000e+05
2.379033984375000000e+04
7.378285644531250000e+03
2.549320800000000000e+07
4.079138750000000000e+05
2.575325750000000000e+06
1.401008000000000000e+06
2.226659600000000000e+07
8.427309000000000000e+06
2.632764400000000000e+07
1.292470960000000000e+08
2.540629750000000000e+06
2.197660000000000000e+07
1.298044320000000000e+08
4.047227750000000000e+06
1.018612578125000000e+05
7.111600625000000000e+05
1.239901500000000000e+06
8.782575781250000000e+04
4.895491250000000000e+05
1.246594453125000000e+05
7.953083593750000000e+04
1.952562000000000000e+06
4.207512000000000000e+06
9.353541374206542969e+00
8.278431875000000000e+05
1.502205078125000000e+04
2.264598655700683594e+01
1.215944765625000000e+05
2.577533006668090820e+00
2.967359062500000000e+05
5.222999572753906250e+00
4.495643200000000000e+07
5.542871093750000000e+01
1.952562000000000000e+06
1.100562286376953125e+01
4.207512000000000000e+06
9.353541374206542969e+00
1.485838413238525391e+01
1.502205078125000000e+04
2.264598655700683594e+01
2.577533006668090820e+00
8.508454895019531250e+01
4.495643200000000000e+07
5.542871093750000000e+01
1.100562286376953125e+01
1.485838413238525391e+01
8.508454895019531250e+01
1.876245507812500000e+04
1.680633007812500000e+04
1.321635246276855469e+01
2.433231000000000000e+06
3.210951367187500000e+04
4.814422500000000000e+06
2.631977929687500000e+04
1.572248046875000000e+04
1.534134292602539062e+01
3.441256640625000000e+04
9.475293731689453125e+01
4.218216796875000000e+04
3.632765250000000000e+06
1.516109082031250000e+04
1.127617797851562500e+02
4.297163085937500000e+03
6.216265678405761719e+00
8.082450781250000000e+04
4.109133529663085938e+01
2.077162000000000000e+07
1.551555625000000000e+06
6.859034500000000000e+06
2.077162000000000000e+07
4.839734375000000000e+04
3.175828613281250000e+03
6.238968750000000000e+03
3.538540937500000000e+05
1.982755004882812500e+03
2.391979248046875000e+03
1.500835312500000000e+05
2.192973125000000000e+05
2.153850390625000000e+04
1.573779750000000000e+06
3.346130078125000000e+04
7.473013750000000000e+05
2.271982968750000000e+05
2.137152812500000000e+05
1.648544625000000000e+06
1.414559531250000000e+05
3.939737890625000000e+04
2.057438750000000000e+06
2.056940468750000000e+05
1.429121250000000000e+05
7.861516601562500000e+03
5.334996484375000000e+04
1.695137500000000000e+05
1.757933750000000000e+05
8.029707031250000000e+03
1.339028437500000000e+05
3.020759570312500000e+04
3.929111718750000000e+04
4.981908984375000000e+04
9.709518000000000000e+06
2.398625500000000000e+06
6.588719531250000000e+04
3.173298750000000000e+06
2.532706250000000000e+05
2.282740156250000000e+05
7.393208000000000000e+06
2.860950750000000000e+06
2.853879687500000000e+05
1.282474125000000000e+06
4.837466500000000000e+06
1.393394600000000000e+07
2.501656835937500000e+04
5.536200000000000000e+05
1.543929000000000000e+06
2.288825750000000000e+06
1.583786250000000000e+06
5.750454375000000000e+05
5.850295410156250000e+02
1.686674804687500000e+03
1.567997741699218750e+02
1.582689760000000000e+08
1.403539625000000000e+06
7.405248125000000000e+05
4.803069335937500000e+03
3.197315979003906250e+02
8.194516601562500000e+02
1.611867900000000000e+07
3.343230957031250000e+03
7.281191875000000000e+05
3.990017578125000000e+03
8.188181152343750000e+02
2.634510009765625000e+03
1.684137920000000000e+08
9.457919311523437500e+02
7.625745600000000000e+07
1.232192250000000000e+06
5.358030395507812500e+02
1.372902560000000000e+08
9.677957000000000000e+06
1.329799041748046875e+02
2.937404785156250000e+02
6.653040625000000000e+05
1.319790283203125000e+03
1.665569152000000000e+09
1.568687840000000000e+08
5.299276733398437500e+02
7.709833374023437500e+02
4.022036000000000000e+07
1.700708770751953125e+02
4.565856933593750000e+02
1.911576640000000000e+08
1.067569427490234375e+02
3.855867919921875000e+02
1.068149780273437500e+03
2.423111680000000000e+09
4.152143554687500000e+02
1.468136901855468750e+02
3.473604125976562500e+02
6.116320625000000000e+05
5.936268359375000000e+04
2.481301025390625000e+03
3.151376562500000000e+04
2.810740429687500000e+04
6.628248437500000000e+04
1.018244238281250000e+04
1.860076049804687500e+03
2.650445312500000000e+03
9.977273600000000000e+07
9.739566000000000000e+06
2.261715600000000000e+07
3.375711425781250000e+03
1.582689760000000000e+08
1.372902560000000000e+08
4.723941406250000000e+03
2.226659600000000000e+07
1.719263916015625000e+03
2.938053222656250000e+03
8.942402560000000000e+09
1.657424768000000000e+09
1.007024609375000000e+04
3.998660400000000000e+07
2.723017333984375000e+03
3.252815185546875000e+03
6.991671040000000000e+08
4.691662597656250000e+03
7.153841796875000000e+03
3.007016113281250000e+03
9.836304384000000000e+09
1.843556250000000000e+04
1.501370019531250000e+04
3.596594482421875000e+03
1.113083203125000000e+04
4.396687500000000000e+04
8.753877000000000000e+06
4.809675781250000000e+03
2.056618164062500000e+03
2.329868750000000000e+04
2.244258750000000000e+05
8.278431875000000000e+05
2.712712500000000000e+04
2.026560937500000000e+05
6.479057421875000000e+04
6.977223125000000000e+05
1.393394600000000000e+07
7.834247070312500000e+03
1.709726875000000000e+05
1.037976937500000000e+06
1.223081093750000000e+05
3.565706250000000000e+05
8.338652343750000000e+04
6.827226500000000000e+06
3.676192578125000000e+04
5.022062500000000000e+05
4.144603750000000000e+06
2.619570781250000000e+05
1.608906250000000000e+05
1.116075703125000000e+05
4.337823600000000000e+07
5.549396093750000000e+04
4.099209472656250000e+03
8.214490234375000000e+03
7.593911875000000000e+05
3.029070000000000000e+05
3.571869687500000000e+05
3.148065000000000000e+05
1.056086250000000000e+05
3.321001562500000000e+04
2.025815156250000000e+05
2.282164800000000000e+07
3.515470000000000000e+05
5.557243500000000000e+06
8.791980625000000000e+05
3.760098046875000000e+04
1.107015722656250000e+04
7.495882568359375000e+02
9.539947500000000000e+05
3.480798437500000000e+05
2.408453281250000000e+05
3.093258593750000000e+04
3.909959600000000000e+07
5.292141601562500000e+03
1.630177187500000000e+05
2.720324707031250000e+03
3.812376562500000000e+04
2.132083251953125000e+03
2.428261328125000000e+04
3.536357812500000000e+04
1.218196582031250000e+04
5.181993750000000000e+05
6.277607421875000000e+04
5.153641015625000000e+04
6.433849609375000000e+04
4.012573200000000000e+07
9.739566000000000000e+06
8.822517968750000000e+04
1.253044300000000000e+07
1.330517500000000000e+05
1.434571093750000000e+05
8.055856640000000000e+08
2.704145750000000000e+06
4.979322500000000000e+05
2.405244531250000000e+05
3.165735600000000000e+07
1.099937744140625000e+02
1.917008209228515625e+02
2.610437622070312500e+02
5.205657031250000000e+04
2.676051953125000000e+04
1.615905937500000000e+05
9.340315246582031250e+01
1.695830993652343750e+02
5.218217773437500000e+02
2.686200390625000000e+04
2.406857604980468750e+02
3.093333600000000000e+07
1.680276875000000000e+05
1.582689760000000000e+08
4.810871875000000000e+04
4.739086500000000000e+06
9.949213281250000000e+04
3.475133125000000000e+05
1.877713440000000000e+08
1.482017625000000000e+06
2.682874062500000000e+05
3.451409750000000000e+06
8.337495500000000000e+06
3.752263793945312500e+02
1.081164794921875000e+03
8.955141875000000000e+05
9.977273600000000000e+07
7.346412109375000000e+03
3.895925390625000000e+04
1.132502890625000000e+05
6.780068359375000000e+03
1.923407250000000000e+06
7.039192968750000000e+04
2.906173632812500000e+04
1.181876000000000000e+06
9.977273600000000000e+07
9.739566000000000000e+06
7.505375000000000000e+04
1.379235000000000000e+07
5.334768800000000000e+07
7.036340625000000000e+04
1.582689760000000000e+08
6.034033750000000000e+05
2.402912656250000000e+05
2.244746752000000000e+09
3.290695750000000000e+06
9.192082812500000000e+04
8.942402560000000000e+09
2.800378250000000000e+06
1.310355375000000000e+06
6.369985280000000000e+08
5.819643125000000000e+05
9.566723750000000000e+05
5.763720000000000000e+06
7.200489472000000000e+10
1.718379200000000000e+07
2.357672343750000000e+05
2.312037920000000000e+08
3.449362800000000000e+07
1.726334336000000000e+09
3.028720312500000000e+05
2.563788281250000000e+05
8.938476562500000000e+03
2.036911743164062500e+03
1.735057125000000000e+06
3.846743750000000000e+05
2.121789306640625000e+03
9.591066894531250000e+02
8.634350000000000000e+06
4.084162841796875000e+03
2.036911743164062500e+03
1.735057125000000000e+06
2.121789306640625000e+03
4.084162841796875000e+03
1.488281093750000000e+05
1.070541894531250000e+04
5.564627343750000000e+04
1.612340722656250000e+04
1.278647656250000000e+04
1.396676320000000000e+08
1.314463593750000000e+05
1.582689760000000000e+08
1.467635253906250000e+04
2.282878800000000000e+07
1.432377734375000000e+04
1.162274609375000000e+05
6.881292800000000000e+08
3.293152812500000000e+05
8.892496093750000000e+04
4.122257500000000000e+05
3.794258203125000000e+04
2.247648750000000000e+06
3.632408125000000000e+05
1.191129680000000000e+08
1.220479218750000000e+05
7.968937500000000000e+06
1.060994000000000000e+06
6.539671484375000000e+04
7.711538085937500000e+03
2.318244062500000000e+05
3.632408125000000000e+05
1.191129680000000000e+08
4.671539500000000000e+06
1.060994000000000000e+06
7.711538085937500000e+03
2.318244062500000000e+05
1.759333984375000000e+04
4.671539500000000000e+06
1.759333984375000000e+04
4.413935241699218750e+02
5.130719921875000000e+04
1.219599707031250000e+04
1.820504062500000000e+05
2.155404101562500000e+04
1.463014843750000000e+04
1.205907375000000000e+06
7.465484375000000000e+05
1.826397500000000000e+05
4.572576953125000000e+04
2.437558000000000000e+06
5.132932031250000000e+04
1.328920937500000000e+05
2.740698400000000000e+07
2.167810625000000000e+05
1.234566000000000000e+06
7.531661250000000000e+05
2.383705468750000000e+04
1.270685859375000000e+05
9.979079687500000000e+04
1.351188964843750000e+04
2.054020000000000000e+07
6.109013671875000000e+02
1.702010009765625000e+03
1.414695100000000000e+07
1.513986396789550781e+01
3.053122800000000000e+07
1.579360961914062500e+01
4.791995500000000000e+06
1.517192268371582031e+01
1.570091629028320312e+01
3.870620160000000000e+08
1.488081741333007812e+01
1.590057563781738281e+01
1.577116775512695312e+01
4.952087812500000000e+05
4.192518400000000000e+07
1.604010700000000000e+07
1.407907250000000000e+06
3.059955664062500000e+04
2.474010000000000000e+05
1.539499707031250000e+04
2.226659600000000000e+07
1.422895625000000000e+06
8.693642000000000000e+06
1.487853500000000000e+06
4.045282750000000000e+06
4.952087812500000000e+05
5.907878400000000000e+07
4.192518400000000000e+07
1.604010700000000000e+07
9.687283000000000000e+06
3.059955664062500000e+04
2.474010000000000000e+05
2.226659600000000000e+07
7.983230500000000000e+06
1.487853500000000000e+06
4.045282750000000000e+06
5.907878400000000000e+07
9.687283000000000000e+06
7.983230500000000000e+06
1.927278000000000000e+07
1.008739453125000000e+05
1.002218046875000000e+05
1.202864875000000000e+06
2.008947840000000000e+08
3.658817500000000000e+05
1.413173750000000000e+06
1.637363700000000000e+07
8.528458593750000000e+04
3.346130078125000000e+04
9.466131250000000000e+05
4.837499000000000000e+06
9.010616000000000000e+06
9.584409179687500000e+03
6.406107812500000000e+04
3.046919687500000000e+05
9.183468750000000000e+04
6.273013750000000000e+05
1.967921250000000000e+06
1.391596679687500000e+04
1.137286718750000000e+05
8.715976875000000000e+05
6.589882031250000000e+04
1.285439921875000000e+05
2.058859687500000000e+05
4.249403906250000000e+04
4.788079600000000000e+07
2.543923906250000000e+05
4.354793500000000000e+06
2.820612109375000000e+04
8.300512500000000000e+04
1.997197968750000000e+05
7.528077500000000000e+05
5.296387109375000000e+04
8.009569531250000000e+04
1.402144140625000000e+04
3.893120000000000000e+06
3.981608984375000000e+04
8.080771875000000000e+05
7.739642500000000000e+05
2.165256718750000000e+05
4.488799687500000000e+05
3.643843600000000000e+07
1.773530312500000000e+05
3.452373750000000000e+05
5.534681250000000000e+04
1.374739218750000000e+05
3.993759750000000000e+06
1.743827375000000000e+06
5.572340625000000000e+05
9.977273600000000000e+07
9.739566000000000000e+06
4.096988671875000000e+04
1.582689760000000000e+08
1.620126250000000000e+05
6.715053125000000000e+04
8.942402560000000000e+09
9.733256875000000000e+05
1.394482656250000000e+05
4.505968437500000000e+05
2.987492800000000000e+07
1.415659750000000000e+06
1.758946289062500000e+04
6.116525390625000000e+04
1.470508886718750000e+04
7.301740000000000000e+05
1.916112695312500000e+04
7.473013750000000000e+05
6.985647460937500000e+03
7.497427343750000000e+04
2.628602750000000000e+06
3.291321044921875000e+03
4.245927187500000000e+05
1.880003540039062500e+03
1.290642480468750000e+04
2.921822851562500000e+04
7.605275625000000000e+05
7.094594726562500000e+03
7.665569531250000000e+04
4.541978515625000000e+03
2.264595312500000000e+04
5.912845625000000000e+05
2.466872802734375000e+03
8.954244140625000000e+03
4.865922851562500000e+03
1.024956328125000000e+05
6.075608398437500000e+03
1.251806542968750000e+04
2.132710742187500000e+04
6.105189453125000000e+03
2.306038085937500000e+04
8.590532000000000000e+06
1.043447000000000000e+07
9.397109375000000000e+04
5.369123046875000000e+04
6.928358400000000000e+07
3.544701562500000000e+05
3.667670000000000000e+05
3.008048500000000000e+06
2.775223437500000000e+04
5.926405625000000000e+05
2.085391601562500000e+04
2.159117968750000000e+05
8.941039428710937500e+02
3.752574609375000000e+04
1.180463046875000000e+05
1.454568115234375000e+03
9.191425000000000000e+04
1.067348828125000000e+04
1.865198046875000000e+04
1.269133400000000000e+07
3.582660312500000000e+05
9.746163000000000000e+06
8.235170000000000000e+05
1.624101875000000000e+05
3.800093200000000000e+07
1.211402125000000000e+06
6.279754375000000000e+05
1.447277050781250000e+04
5.776822500000000000e+06
1.912294000000000000e+07
1.796064000000000000e+07
1.415934100000000000e+07
5.056782500000000000e+06
2.303757343750000000e+05
7.570150000000000000e+06
8.788716000000000000e+06
1.314106250000000000e+05
3.452969600000000000e+07
5.271636250000000000e+05
7.034218500000000000e+06
1.816930400000000000e+07
1.697582400000000000e+07
3.764043500000000000e+06
6.653338500000000000e+06
6.563000000000000000e+06
1.593913920000000000e+08
3.985472400000000000e+07
3.304018359375000000e+04
1.372902560000000000e+08
1.307690312500000000e+05
1.424341699218750000e+04
2.347566080000000000e+09
5.745668750000000000e+05
5.528064375000000000e+05
1.079606093750000000e+05
1.780585125000000000e+06
2.451827968750000000e+05
4.263388671875000000e+04
7.473013750000000000e+05
8.278431875000000000e+05
2.332752539062500000e+04
3.127712812500000000e+05
9.369046875000000000e+04
2.916563867187500000e+04
5.879108125000000000e+05
1.640909960937500000e+04
1.201437031250000000e+05
2.112006054687500000e+04
9.969055468750000000e+04
1.888116406250000000e+04
4.111144921875000000e+04
8.700352539062500000e+03
2.971249023437500000e+04
5.615518750000000000e+04
1.808638281250000000e+04
8.703431250000000000e+04
4.323608203125000000e+04
1.324850800000000000e+08
1.330722558593750000e+04
4.653669921875000000e+03
1.348021250000000000e+06
1.014586171875000000e+05
1.579784570312500000e+04
6.344918750000000000e+05
1.120940875000000000e+06
5.607744375000000000e+05
2.717081562500000000e+05
1.758946289062500000e+04
7.473013750000000000e+05
4.557539000000000000e+06
2.583898906250000000e+05
6.714329101562500000e+03
3.765827187500000000e+05
2.192973125000000000e+05
2.246794375000000000e+05
1.502854296875000000e+04
3.877727812500000000e+05
4.517672500000000000e+05
1.083400000000000000e+04
1.021539843750000000e+05
1.641010156250000000e+05
7.149200000000000000e+04
1.235042734375000000e+05
3.040688671875000000e+04
1.165501875000000000e+06
8.469912500000000000e+04
4.686066406250000000e+04
1.353380468750000000e+05
1.756671484375000000e+04
1.047208437500000000e+05
1.345060937500000000e+04
1.135455312500000000e+05
2.407305664062500000e+04
1.448256054687500000e+04
1.240301171875000000e+05
2.984389648437500000e+04
1.610705371093750000e+04
2.994257324218750000e+03
4.590141406250000000e+04
2.734398632812500000e+04
7.242309570312500000e+03
5.369203613281250000e+03
1.188218500000000000e+06
7.430820312500000000e+04
7.142582812500000000e+04
1.782363875000000000e+06
1.023905078125000000e+05
1.927765234375000000e+04
6.704678125000000000e+05
1.480638560000000000e+08
8.777919531250000000e+04
1.491475156250000000e+05
3.849856000000000000e+06
2.705021484375000000e+04
3.449678515625000000e+04
9.439025878906250000e+02
1.157211035156250000e+04
5.952450000000000000e+05
4.097644531250000000e+04
7.096148437500000000e+04
6.550594375000000000e+05
5.201690312500000000e+05
9.866592187500000000e+04
1.265046191406250000e+04
3.185832226562500000e+04
1.411304062500000000e+05
2.514513867187500000e+04
1.964712890625000000e+04
2.134293750000000000e+04
1.753663281250000000e+04
2.147620898437500000e+04
1.173267480468750000e+04
4.704340332031250000e+03
2.655349804687500000e+04
1.894041015625000000e+04
1.328066308593750000e+04
1.686789200000000000e+07
2.160516400000000000e+07
8.011468750000000000e+03
3.914623291015625000e+03
2.739842560000000000e+08
9.646257812500000000e+03
7.221540527343750000e+03
8.880776367187500000e+03
3.045776750000000000e+06
1.560519335937500000e+04
1.200552125000000000e+06
7.743992968750000000e+04
4.263388671875000000e+04
7.473013750000000000e+05
2.273066562500000000e+05
3.054799316406250000e+03
1.668641601562500000e+04
9.369046875000000000e+04
1.766111083984375000e+03
2.317451757812500000e+04
6.472442968750000000e+04
1.201437031250000000e+05
2.912410937500000000e+04
5.336065234375000000e+04
5.553713867187500000e+03
7.100240722656250000e+03
2.976853759765625000e+03
1.275258300781250000e+04
5.227213281250000000e+04
1.040820996093750000e+04
4.046911250000000000e+06
2.261715600000000000e+07
2.271982968750000000e+05
4.297799500000000000e+06
3.340661250000000000e+05
2.520100468750000000e+05
1.675921760000000000e+08
7.918129375000000000e+05
7.109606000000000000e+06
1.363604375000000000e+06
4.647046000000000000e+07
6.377950390625000000e+04
8.203221093750000000e+04
6.746982812500000000e+04
4.295626953125000000e+04
5.939758750000000000e+05
3.991585546875000000e+04
3.327323046875000000e+04
2.505116601562500000e+04
1.482728750000000000e+06
2.429954500000000000e+06
7.528073730468750000e+02
3.146355468750000000e+04
5.366144375000000000e+05
4.278438671875000000e+04
6.425027500000000000e+05
2.238546875000000000e+03
6.378541015625000000e+04
3.534436035156250000e+02
8.958919677734375000e+02
1.862089000000000000e+06
6.000337500000000000e+05
8.278431875000000000e+05
1.660996289062500000e+04
8.906771093750000000e+04
2.125718750000000000e+05
7.515918750000000000e+05
1.862089000000000000e+06
6.000337500000000000e+05
1.660996289062500000e+04
7.515918750000000000e+05
1.571347250000000000e+06
4.650919687500000000e+05
1.341776875000000000e+05
6.703821250000000000e+05
2.700120625000000000e+05
3.583220400000000000e+07
2.496614375000000000e+05
1.731962343750000000e+05
3.029863250000000000e+06
7.233767500000000000e+05
7.656985473632812500e+02
1.011525468750000000e+05
1.617899000000000000e+07
9.656167984008789062e+00
1.097405859375000000e+05
4.163576126098632812e+00
9.265724218750000000e+04
3.235419750213623047e+00
9.449199676513671875e+00
1.996217875000000000e+06
6.191948890686035156e+00
2.448506355285644531e+00
5.885696887969970703e+00
1.818671200000000000e+07
1.605712768554687500e+03
2.110601806640625000e+02
2.033442504882812500e+03
6.116320625000000000e+05
8.559375000000000000e+06
9.134266406250000000e+04
1.140553625000000000e+06
1.190610351562500000e+04
2.023685312500000000e+05
1.253610500000000000e+06
4.457561328125000000e+04
1.134829375000000000e+06
4.842061718750000000e+04
1.113136562500000000e+05
3.582660312500000000e+05
9.680800000000000000e+06
5.399556640625000000e+03
6.270873125000000000e+05
2.973826293945312500e+02
7.914519531250000000e+03
5.030966000000000000e+06
4.323245239257812500e+02
6.358467187500000000e+04
2.122342285156250000e+03
4.314829101562500000e+03
1.061948625000000000e+06
4.777157714843750000e+03
3.582264375000000000e+05
3.367954400000000000e+07
2.229369062500000000e+05
1.964914375000000000e+05
7.131288000000000000e+06
9.647337500000000000e+04
1.009335156250000000e+05
3.665460000000000000e+05
1.195746000000000000e+08
7.929659500000000000e+06
1.387075500000000000e+06
1.619363360000000000e+08
7.227898000000000000e+06
6.146622500000000000e+06
6.271349760000000000e+09
1.145469840000000000e+08
7.843774000000000000e+06
1.121760080000000000e+08
5.527020544000000000e+09
4.354636328125000000e+04
2.130107910156250000e+03
1.015734329223632812e+02
3.788966000000000000e+06
2.134537343750000000e+05
2.112463750000000000e+05
3.019016562500000000e+05
7.068542500000000000e+05
6.977223125000000000e+05
6.509610500000000000e+06
1.978864875000000000e+06
3.885920312500000000e+05
2.078213906250000000e+05
1.982197851562500000e+04
2.045477031250000000e+05
6.350003750000000000e+05
1.393394600000000000e+07
3.471234687500000000e+05
3.025592250000000000e+06
3.160354000000000000e+07
6.007563750000000000e+05
1.344235500000000000e+06
8.693642000000000000e+06
1.562795156250000000e+05
1.905678375000000000e+06
6.884764375000000000e+05
3.624663437500000000e+05
4.759934000000000000e+07
4.891393125000000000e+05
3.429557750000000000e+06
6.717920000000000000e+05
1.653732480000000000e+08
6.105423125000000000e+05
3.160354000000000000e+07
3.521645000000000000e+06
2.786645312500000000e+05
1.878502656250000000e+05
4.920835000000000000e+06
6.314200625000000000e+05
6.884764375000000000e+05
7.715836500000000000e+06
5.814406250000000000e+05
3.429557750000000000e+06
1.653732480000000000e+08
2.267633600000000000e+07
4.218094500000000000e+06
2.786645312500000000e+05
4.920835000000000000e+06
7.715836500000000000e+06
2.267633600000000000e+07
3.353841250000000000e+05
4.401818750000000000e+04
1.395775781250000000e+04
1.548949023437500000e+04
3.068387500000000000e+05
1.758946289062500000e+04
7.473013750000000000e+05
4.525864500000000000e+06
8.278431875000000000e+05
3.852294531250000000e+04
5.268610625000000000e+05
2.192973125000000000e+05
4.004862812500000000e+05
2.284005859375000000e+04
2.548231562500000000e+05
8.869425000000000000e+04
1.171418164062500000e+04
1.021539843750000000e+05
1.640733281250000000e+05
9.711150000000000000e+04
1.231631562500000000e+05
9.969055468750000000e+04
4.525864500000000000e+06
4.859451171875000000e+04
1.021158046875000000e+05
4.647115625000000000e+04
6.617851562500000000e+04
1.595914160156250000e+04
2.369835351562500000e+04
8.869425000000000000e+04
2.406240625000000000e+04
9.078174218750000000e+04
1.640733281250000000e+05
1.231631562500000000e+05
1.105062988281250000e+04
5.391844531250000000e+04
4.647115625000000000e+04
1.595914160156250000e+04
2.406240625000000000e+04
1.105062988281250000e+04
5.155966250000000000e+05
1.433017578125000000e+03
2.354908437500000000e+05
5.217276953125000000e+04
1.117049000000000000e+06
6.277607421875000000e+04
5.039437890625000000e+04
2.261715600000000000e+07
1.227456738281250000e+04
1.027715546875000000e+05
1.635192500000000000e+05
5.205657031250000000e+04
1.434015234375000000e+04
5.385615625000000000e+04
4.466936718750000000e+04
1.312143625000000000e+06
2.047566210937500000e+04
1.915361718750000000e+04
1.241135312500000000e+05
2.469630664062500000e+04
1.586668554687500000e+04
2.337241455078125000e+03
1.076297812500000000e+05
4.299016015625000000e+04
1.715596093750000000e+04
1.075357031250000000e+05
2.216247070312500000e+04
1.163059765625000000e+04
1.662874145507812500e+03
2.219394531250000000e+04
4.240113281250000000e+03
4.522204589843750000e+03
3.610099853515625000e+03
1.404801025390625000e+03
3.971354003906250000e+03
3.926340332031250000e+03
3.387518554687500000e+03
1.095487304687500000e+03
5.795350952148437500e+02
5.106031799316406250e+02
1.661437750000000000e+06
1.637579980468750000e+04
9.647193125000000000e+05
1.735858000000000000e+06
1.565229375000000000e+05
1.171710500000000000e+06
6.786874000000000000e+06
1.860932031250000000e+05
8.940147656250000000e+04
4.406102500000000000e+05
4.125280468750000000e+04
8.965652500000000000e+05
2.110015500000000000e+06
7.849556250000000000e+04
2.323857500000000000e+05
9.730356000000000000e+06
1.489740781250000000e+05
3.665379375000000000e+05
6.164456250000000000e+05
2.955519687500000000e+05
8.431960156250000000e+04
4.672913437500000000e+05
6.345772000000000000e+06
8.364257500000000000e+05
3.967388437500000000e+05
1.221444875000000000e+06
1.950978000000000000e+06
1.335575360000000000e+08
7.866616875000000000e+05
1.665098240000000000e+08
2.167543750000000000e+05
1.932081200000000000e+07
5.301275625000000000e+05
4.387767600000000000e+07
6.442675840000000000e+08
6.698203000000000000e+06
2.095113000000000000e+06
8.722823200000000000e+07
1.271774700000000000e+07
1.770305937500000000e+05
7.410108125000000000e+05
1.669192800000000000e+07
1.851247600000000000e+07
2.918714062500000000e+05
2.094829500000000000e+06
9.350979687500000000e+04
3.593096562500000000e+05
2.802595200000000000e+07
1.679407000000000000e+06
3.314434250000000000e+06
3.479221875000000000e+05
3.300778500000000000e+06
8.598585600000000000e+07
2.525658800000000000e+07
7.924355000000000000e+05
1.689094400000000000e+07
9.111045625000000000e+05
7.660403125000000000e+04
2.228521600000000000e+08
5.093638000000000000e+07
2.631823500000000000e+06
1.188485200000000000e+07
1.871117120000000000e+08
7.613074218750000000e+03
4.126733750000000000e+05
1.823294375000000000e+05
2.626386132812500000e+04
6.738057031250000000e+04
4.099956054687500000e+03
6.917176562500000000e+04
1.391905859375000000e+04
9.904988000000000000e+06
1.411847812500000000e+05
1.091643300000000000e+07
1.195746000000000000e+08
1.555860000000000000e+06
1.240236125000000000e+06
9.770596250000000000e+05
7.201429500000000000e+06
1.412328320312500000e+04
4.089537200000000000e+07
1.221147760000000000e+08
1.555370500000000000e+06
1.036855937500000000e+06
4.234542400000000000e+07
1.558395300000000000e+07
5.347701171875000000e+04
1.520005900000000000e+07
2.007568000000000000e+07
1.022688203125000000e+05
1.901614218750000000e+05
7.400800000000000000e+05
1.435099375000000000e+06
2.775223437500000000e+04
5.823747656250000000e+04
7.458090625000000000e+05
7.522092968750000000e+04
1.701989531250000000e+05
1.336228000000000000e+06
1.996747125000000000e+06
7.794334960937500000e+03
5.099187890625000000e+04
2.436315937500000000e+05
2.648756250000000000e+04
5.607710156250000000e+04
6.955286250000000000e+05
1.142173500000000000e+06
3.349721435546875000e+03
9.282501562500000000e+04
1.049766750000000000e+06
6.499227539062500000e+03
4.591126171875000000e+04
2.054340625000000000e+05
2.156272187500000000e+05
4.019399375000000000e+05
9.375140625000000000e+05
1.242123437500000000e+04
3.139458496093750000e+03
8.905769531250000000e+04
7.040884375000000000e+05
9.533208125000000000e+05
9.287823437500000000e+04
3.354200750000000000e+06
5.534966015625000000e+04
1.108043457031250000e+04
7.747750488281250000e+03
4.271776171875000000e+04
1.775147968750000000e+05
5.243865234375000000e+04
2.211382421875000000e+04
1.535654843750000000e+05
1.615641500000000000e+06
4.459010742187500000e+03
5.480261718750000000e+04
4.207219000000000000e+06
4.585502000000000000e+06
8.810313476562500000e+03
1.327901000000000000e+07
2.009831787109375000e+03
4.031443847656250000e+03
5.108193200000000000e+07
5.013939453125000000e+04
2.384594531250000000e+04
8.693633789062500000e+03
8.160266875000000000e+05
2.280607812500000000e+05
5.922798046875000000e+04
2.907248400000000000e+07
1.688187343750000000e+05
2.245852734375000000e+04
3.872886000000000000e+06
3.278668750000000000e+05
4.478045937500000000e+05
4.465877500000000000e+06
1.531430937500000000e+05
8.641154000000000000e+06
3.364531875000000000e+05
1.311105120000000000e+08
2.354317656250000000e+05
1.802387000000000000e+06
3.555249600000000000e+08
5.882473750000000000e+05
4.236054000000000000e+06
1.993320400000000000e+07
4.745875000000000000e+06
7.998639062500000000e+04
2.447468437500000000e+05
4.577935625000000000e+05
3.334118000000000000e+07
2.265843750000000000e+04
5.002676562500000000e+04
6.993764375000000000e+05
1.103722250000000000e+06
4.025878515625000000e+04
9.030181250000000000e+04
6.525820703125000000e+04
4.998279000000000000e+06
5.631901000000000000e+06
2.247502734375000000e+04
1.761357000000000000e+06
1.655871093750000000e+05
1.023702300000000000e+07
1.405463000000000000e+06
7.316270312500000000e+04
2.843612500000000000e+06
2.051842498779296875e+02
1.851261600000000000e+07
1.773053125000000000e+06
1.524886875000000000e+06
5.425001000000000000e+06
2.351010468750000000e+05
1.564631900000000000e+07
4.705668359375000000e+04
1.154907625000000000e+06
6.707385253906250000e+02
2.136727734375000000e+04
1.433883250000000000e+06
8.650738281250000000e+03
3.022528125000000000e+05
7.803268554687500000e+03
3.088618554687500000e+04
3.591633984375000000e+04
1.742848125000000000e+05
2.667597265625000000e+04
1.549721093750000000e+05
3.346130078125000000e+04
1.371643875000000000e+06
4.042939062500000000e+04
1.063813281250000000e+05
1.215814125000000000e+06
1.994883593750000000e+04
4.126733750000000000e+05
3.123633750000000000e+06
2.293586328125000000e+04
1.122267265625000000e+05
3.971719062500000000e+05
3.871409375000000000e+04
1.231975781250000000e+05
9.445439062500000000e+04
7.181862500000000000e+05
2.253276171875000000e+04
2.310531000000000000e+06
5.780195312500000000e+04
3.577300000000000000e+05
5.511426562500000000e+04
3.359316796875000000e+04
7.047888671875000000e+03
1.488124625000000000e+06
5.313102734375000000e+04
2.331711562500000000e+05
8.397298125000000000e+05
8.347835156250000000e+04
2.148250625000000000e+05
7.931816875000000000e+05
1.480675781250000000e+05
2.391130468750000000e+04
2.390218554687500000e+04
7.836351250000000000e+05
4.743415000000000000e+05
9.743153906250000000e+04
1.634248828125000000e+04
6.744994531250000000e+04
1.231973339843750000e+04
3.188651367187500000e+03
5.119118500000000000e+06
1.095945703125000000e+05
5.416120000000000000e+06
9.977273600000000000e+07
1.737259375000000000e+04
4.704098046875000000e+04
3.125348437500000000e+05
4.486899375000000000e+05
3.346130078125000000e+04
7.473013750000000000e+05
6.346670410156250000e+03
9.078776000000000000e+06
9.649885937500000000e+04
2.039143375000000000e+06
4.309638183593750000e+03
1.414559531250000000e+05
2.651721435546875000e+03
3.188677343750000000e+04
2.312497656250000000e+04
1.600186000000000000e+06
2.574629882812500000e+03
8.112118750000000000e+04
1.429121250000000000e+05
1.103282226562500000e+03
4.273851171875000000e+04
8.551890625000000000e+04
9.635963281250000000e+04
4.732605078125000000e+04
5.833341406250000000e+04
1.522423461914062500e+03
8.253892578125000000e+03
1.061579101562500000e+04
5.261548437500000000e+04
8.192991333007812500e+02
2.252799218750000000e+04
4.118683984375000000e+04
8.163597656250000000e+04
4.033449609375000000e+04
8.739424804687500000e+03
1.468150156250000000e+05
5.912091796875000000e+03
8.637800781250000000e+04
7.013339843750000000e+03
3.322092529296875000e+03
8.905939062500000000e+04
4.563701171875000000e+03
7.754636718750000000e+04
1.558438574218750000e+04
1.079328125000000000e+04
1.254806750000000000e+06
5.625395507812500000e+02
4.391777954101562500e+02
8.811065625000000000e+04
5.625395507812500000e+02
7.785225000000000000e+04
1.957830963134765625e+02
2.912889709472656250e+02
1.550138769531250000e+04
4.360919921875000000e+04
9.022426250000000000e+05
2.225834179687500000e+04
4.214078906250000000e+04
1.179366875000000000e+05
3.901452636718750000e+03
1.195482265625000000e+05
6.735870000000000000e+05
1.813519531250000000e+04
6.683676562500000000e+04
1.174234125000000000e+06
1.407202625000000000e+06
2.273170000000000000e+06
2.401299843750000000e+05
1.407202625000000000e+06
1.462274218750000000e+05
2.775156250000000000e+05
2.339217500000000000e+05
1.868516125000000000e+06
3.516616800000000000e+07
9.739566000000000000e+06
1.219245019531250000e+04
5.332086718750000000e+04
3.575107187500000000e+05
3.109879394531250000e+03
5.900954000000000000e+06
2.569216406250000000e+04
1.631056738281250000e+04
9.754667200000000000e+07
7.747787000000000000e+06
1.950512500000000000e+04
4.152133760000000000e+08
1.201668515625000000e+05
1.200394765625000000e+05
4.253898500000000000e+06
3.411012207031250000e+03
2.791391601562500000e+03
6.367023437500000000e+04
4.046455040000000000e+09
6.389560546875000000e+04
2.961669531250000000e+04
2.225587500000000000e+06
2.803942968750000000e+04
2.996672500000000000e+06
3.515731562500000000e+05
4.866848828125000000e+04
2.506038671875000000e+04
1.069170312500000000e+05
7.983726250000000000e+05
1.790204062500000000e+05
3.258008203125000000e+04
1.136998125000000000e+06
1.628197070312500000e+04
8.060242968750000000e+04
1.722917875000000000e+06
1.017827031250000000e+05
2.416678750000000000e+05
2.850112250000000000e+06
1.633591113281250000e+04
8.817075781250000000e+04
1.170034921875000000e+05
1.628197070312500000e+04
8.060242968750000000e+04
1.722917875000000000e+06
4.777435546875000000e+03
2.264854531250000000e+05
1.101166375000000000e+06
1.633591113281250000e+04
8.817075781250000000e+04
1.170034921875000000e+05
2.109672851562500000e+04
4.777435546875000000e+03
2.264854531250000000e+05
1.101166375000000000e+06
1.214969921875000000e+05
2.109672851562500000e+04
1.214969921875000000e+05
8.620050000000000000e+04
2.805952000000000000e+06
7.512221093750000000e+04
8.620050000000000000e+04
2.825355500000000000e+06
2.873874687500000000e+05
6.580993750000000000e+05
7.332616500000000000e+06
3.641241875000000000e+05
1.027351812500000000e+06
2.414958750000000000e+06
8.735616250000000000e+05
6.479057421875000000e+04
3.099297070312500000e+04
4.840173046875000000e+04
1.459827343750000000e+04
1.087432500000000000e+05
2.226659600000000000e+07
1.422895625000000000e+06
3.452765312500000000e+05
4.347133984375000000e+04
8.693642000000000000e+06
3.531162250000000000e+06
1.087432500000000000e+05
2.226659600000000000e+07
3.452765312500000000e+05
3.531162250000000000e+06
1.189481015625000000e+05
6.450789500000000000e+06
3.205145750000000000e+06
1.489455200000000000e+07
3.252147265625000000e+04
1.372902560000000000e+08
1.582689760000000000e+08
1.612852968750000000e+05
2.226659600000000000e+07
3.708271484375000000e+04
4.115315234375000000e+04
1.976711000000000000e+06
3.419191250000000000e+05
7.487831250000000000e+05
7.559291503906250000e+03
2.689264320000000000e+08
3.828351040000000000e+08
6.162252500000000000e+05
2.624156400000000000e+07
4.736860625000000000e+05
6.512740234375000000e+04
6.991671040000000000e+08
9.439915625000000000e+05
1.447943625000000000e+06
3.726372187500000000e+05
3.726016800000000000e+07
3.945717600000000000e+07
2.015009375000000000e+05
4.130647250000000000e+06
1.910563476562500000e+04
1.377329687500000000e+04
2.253605120000000000e+09
1.674713200000000000e+07
1.978759375000000000e+06
1.337941750000000000e+06
5.532216000000000000e+06
1.084244992000000000e+09
3.523220250000000000e+06
6.454832500000000000e+05
2.097513906250000000e+05
2.720615200000000000e+07
2.929508000000000000e+07
1.041674218750000000e+05
1.469639550781250000e+04
8.059330000000000000e+05
2.033872070312500000e+04
1.813652187500000000e+05
2.444615234375000000e+03
8.451917968750000000e+04
5.998453125000000000e+04
2.528386230468750000e+03
3.857419375000000000e+05
2.276240429687500000e+04
4.968267968750000000e+04
2.144076562500000000e+04
2.455138476562500000e+04
1.242331500000000000e+06
2.144076562500000000e+04
1.017261500000000000e+07
8.070405625000000000e+05
4.373898000000000000e+06
6.573836500000000000e+06
2.261715600000000000e+07
9.739566000000000000e+06
5.095089843750000000e+04
2.226659600000000000e+07
7.626339062500000000e+04
7.314679687500000000e+04
3.998660400000000000e+07
6.062701250000000000e+05
3.400078125000000000e+05
4.672031250000000000e+05
1.659099000000000000e+06
6.479057421875000000e+04
4.599119531250000000e+04
1.393394600000000000e+07
1.752059960937500000e+04
8.338652343750000000e+04
5.195132812500000000e+04
1.191127246093750000e+04
1.116075703125000000e+05
1.566463500000000000e+06
4.393870703125000000e+04
6.345261718750000000e+04
3.343577500000000000e+05
1.758946289062500000e+04
7.473013750000000000e+05
2.261715600000000000e+07
8.278431875000000000e+05
3.440637207031250000e+03
6.992556250000000000e+04
2.192973125000000000e+05
1.422895625000000000e+06
1.431299023437500000e+04
2.211895625000000000e+05
3.272265000000000000e+05
1.664588476562500000e+04
1.021539843750000000e+05
1.454141718750000000e+05
9.711150000000000000e+04
1.857689062500000000e+05
9.969055468750000000e+04
2.261715600000000000e+07
3.773738671875000000e+04
3.712722656250000000e+04
8.694703125000000000e+04
3.609173437500000000e+04
3.492883984375000000e+04
2.308923046875000000e+04
3.272265000000000000e+05
2.641261718750000000e+04
9.078174218750000000e+04
1.454141718750000000e+05
1.857689062500000000e+05
2.319349023437500000e+04
1.810327929687500000e+04
8.694703125000000000e+04
3.492883984375000000e+04
2.641261718750000000e+04
2.319349023437500000e+04
9.417630004882812500e+02
1.174910156250000000e+05
5.750692749023437500e+02
2.617083600000000000e+07
2.549035937500000000e+05
1.969535156250000000e+05
1.238833400000000000e+07
8.037926400000000000e+07
4.422419921875000000e+04
1.984363476562500000e+04
9.315924375000000000e+05
1.820920400000000000e+07
6.784751875000000000e+05
8.146534375000000000e+04
1.842286125000000000e+06
4.044593359375000000e+04
1.297815500000000000e+06
7.630186523437500000e+03
4.259771093750000000e+04
7.266936250000000000e+05
8.446953125000000000e+03
1.442974218750000000e+04
1.095671191406250000e+04
8.848294531250000000e+04
3.155984375000000000e+04
1.779257750000000000e+06
4.218673828125000000e+03
3.779636562500000000e+05
9.648901562500000000e+04
2.300571718750000000e+05
2.401368945312500000e+04
7.048496875000000000e+04
1.794201718750000000e+05
3.524739379882812500e+02
4.802184765625000000e+04
2.249240478515625000e+03
1.017827031250000000e+05
1.123430053710937500e+03
7.037675170898437500e+02
4.068478515625000000e+04
1.540372750000000000e+06
2.152163437500000000e+05
2.899760800000000000e+07
1.394711875000000000e+06
1.125356000000000000e+06
2.892072400000000000e+07
1.818197625000000000e+06
1.931225312500000000e+05
1.186470125000000000e+06
1.716271093750000000e+05
4.034630312500000000e+05
1.564310253906250000e+04
1.671319062500000000e+05
2.271982968750000000e+05
2.158767773437500000e+04
3.862605937500000000e+05
8.113985000000000000e+05
2.947564500000000000e+06
8.599633125000000000e+05
5.495872500000000000e+05
1.702585600000000000e+07
3.927895937500000000e+05
2.196998250000000000e+06
8.693642000000000000e+06
1.486096718750000000e+05
5.262605000000000000e+05
8.193706250000000000e+05
1.047659437500000000e+06
2.383854400000000000e+07
1.180540125000000000e+06
1.090507875000000000e+06
1.095893625000000000e+06
1.380557375000000000e+06
1.585925781250000000e+05
1.702585600000000000e+07
4.489555500000000000e+06
1.036835625000000000e+05
7.209960937500000000e+04
9.397196875000000000e+05
6.975792500000000000e+05
8.193706250000000000e+05
1.571826750000000000e+06
5.829964375000000000e+05
1.090507875000000000e+06
1.380557375000000000e+06
7.394759000000000000e+06
3.395856500000000000e+06
1.036835625000000000e+05
9.397196875000000000e+05
1.571826750000000000e+06
7.394759000000000000e+06
4.537105937500000000e+05
3.273643554687500000e+04
7.189921875000000000e+05
1.892313000000000000e+06
1.071272700000000000e+07
6.134412500000000000e+04
5.331213750000000000e+05
9.012226250000000000e+05
1.414559531250000000e+05
2.457865625000000000e+05
2.228068000000000000e+06
2.285546289062500000e+04
2.598268125000000000e+05
7.211773750000000000e+05
6.023832421875000000e+04
1.385981406250000000e+05
9.060702343750000000e+04
4.427192968750000000e+04
1.324635300000000000e+07
9.026728906250000000e+04
3.435165000000000000e+06
7.342314843750000000e+04
6.022740625000000000e+04
2.481073250000000000e+06
7.413289375000000000e+05
1.390821093750000000e+05
4.079622265625000000e+04
2.438774609375000000e+04
7.547925500000000000e+06
2.175187304687500000e+04
1.476576375000000000e+06
4.238563750000000000e+05
1.442020781250000000e+05
3.993196875000000000e+05
2.119189200000000000e+07
4.165300312500000000e+05
3.327081250000000000e+05
9.463779687500000000e+04
1.086171015625000000e+05
6.986784000000000000e+06
1.454985125000000000e+06
7.109973125000000000e+05
9.157396875000000000e+05
3.885394000000000000e+06
1.410510700000000000e+07
8.717930625000000000e+05
2.808964000000000000e+06
3.303385000000000000e+05
2.085240000000000000e+06
8.318928750000000000e+05
1.328608640000000000e+08
8.090022500000000000e+06
1.557766240000000000e+08
1.049761750000000000e+06
2.119714800000000000e+07
6.089362500000000000e+06
1.603494720000000000e+08
6.543696000000000000e+08
1.077474160000000000e+08
1.635933900000000000e+07
6.839655680000000000e+08
5.839864257812500000e+03
2.983923583984375000e+03
1.571978222656250000e+04
4.042923583984375000e+03
1.393394600000000000e+07
1.903361718750000000e+05
4.585586562500000000e+05
3.890006250000000000e+06
4.551071500000000000e+06
8.634449000000000000e+06
2.273066562500000000e+05
4.040744750000000000e+06
1.008813593750000000e+05
7.508833750000000000e+05
1.840681200000000000e+07
2.438274250000000000e+06
1.147836250000000000e+06
1.330630000000000000e+06
1.173418500000000000e+07
1.463435200000000000e+07
1.651813000000000000e+06
1.737423437500000000e+04
4.967976250000000000e+05
1.572650000000000000e+06
9.418270625000000000e+05
7.419915625000000000e+05
1.239060000000000000e+06
1.307773046875000000e+04
1.195537597656250000e+03
4.152147216796875000e+02
1.788226013183593750e+02
6.269497500000000000e+05
7.473013750000000000e+05
4.837499000000000000e+06
1.820020875000000000e+06
1.614893000000000000e+07
3.014952400000000000e+07
1.338915625000000000e+06
6.827226500000000000e+06
7.994689000000000000e+06
7.801171250000000000e+05
2.909403750000000000e+06
1.647351500000000000e+06
6.644613750000000000e+05
5.004597600000000000e+07
1.721009600000000000e+07
1.434016200000000000e+07
2.600931000000000000e+06
3.758223360000000000e+08
2.733880000000000000e+06
3.023642400000000000e+07
2.151904400000000000e+07
1.345967250000000000e+06
5.708980625000000000e+05
3.311928000000000000e+07
1.568736000000000000e+06
1.572432625000000000e+06
8.953009600000000000e+07
5.910647500000000000e+06
1.313126600000000000e+07
3.976529600000000000e+08
2.015868320000000000e+08
1.516698600000000000e+07
1.239784500000000000e+06
3.306158800000000000e+07
8.053071200000000000e+07
1.806947200000000000e+08
2.134551600000000000e+07
4.012573200000000000e+07
7.670524500000000000e+06
1.025078027343750000e+04
5.385849500000000000e+06
8.280226400000000000e+07
1.626443164062500000e+04
1.443180800000000000e+07
8.050695800781250000e+03
4.118229980468750000e+03
4.440526848000000000e+09
1.932018400000000000e+07
2.040504843750000000e+05
7.502570880000000000e+08
1.117528515625000000e+05
1.980179882812500000e+04
4.777281600000000000e+08
2.723818359375000000e+04
2.903201367187500000e+04
9.003444335937500000e+03
7.200489472000000000e+10
1.452905250000000000e+06
7.229728906250000000e+04
6.167214375000000000e+05
5.925013281250000000e+04
1.141776300000000000e+07
2.708636562500000000e+05
9.319869375000000000e+05
1.946627250000000000e+06
1.051700078125000000e+05
2.709211718750000000e+04
8.872792500000000000e+05
1.960355664062500000e+04
7.158021093750000000e+04
1.852062890625000000e+04
8.749127000000000000e+06
2.001145200000000000e+07
7.696629687500000000e+04
1.059255120000000000e+08
2.522185156250000000e+05
9.880047656250000000e+04
1.467687680000000000e+08
3.196222500000000000e+05
5.167500000000000000e+05
1.749319125000000000e+06
2.513109750000000000e+06
6.638286250000000000e+05
1.412808281250000000e+05
2.816055937500000000e+05
3.576607812500000000e+04
1.149983046875000000e+05
1.917186279296875000e+03
8.318767500000000000e+06
2.226659600000000000e+07
2.015474023437500000e+04
1.010059700000000000e+07
5.137329687500000000e+04
2.041900976562500000e+04
1.170886160000000000e+08
1.222460625000000000e+05
2.285798906250000000e+05
1.036254375000000000e+05
1.075336875000000000e+06
3.360167500000000000e+05
1.758946289062500000e+04
4.837499000000000000e+06
1.584104199218750000e+04
3.204149250000000000e+06
1.823783281250000000e+05
2.763541601562500000e+04
1.690826750000000000e+06
1.846603437500000000e+05
7.781988281250000000e+04
1.799488281250000000e+05
6.517232500000000000e+05
6.479057421875000000e+04
5.965691500000000000e+06
8.051984375000000000e+04
3.791850750000000000e+06
5.380169531250000000e+04
4.975185546875000000e+04
4.817348000000000000e+06
9.928635937500000000e+04
2.424477734375000000e+04
7.647876562500000000e+04
7.060679000000000000e+06
1.289213625000000000e+06
7.291208593750000000e+04
7.060679000000000000e+06
1.323124875000000000e+06
1.753845507812500000e+04
2.229454492187500000e+04
2.922686914062500000e+04
2.605909179687500000e+04
1.877432250976562500e+03
3.311373901367187500e+02
1.923407031250000000e+04
1.631182400000000000e+07
6.374064843750000000e+04
1.724459375000000000e+04
1.485797729492187500e+03
3.448186035156250000e+02
3.159179199218750000e+03
9.623792266845703125e+01
1.630930664062500000e+04
2.291592773437500000e+03
1.589647656250000000e+05
9.202544403076171875e+01
9.567154693603515625e+01
4.435187911987304688e+01
1.560700317382812500e+03
6.175407886505126953e+00
3.183219250000000000e+06
2.226659600000000000e+07
1.650165937500000000e+05
7.740128500000000000e+06
6.516218750000000000e+04
3.516818125000000000e+05
1.159549360000000000e+08
1.835708281250000000e+05
1.579339875000000000e+06
2.586753906250000000e+05
6.734957500000000000e+06
3.167018554687500000e+03
1.403724853515625000e+03
8.644597167968750000e+02
2.625187492370605469e+01
2.971778800000000000e+07
6.219051600000000000e+07
7.562409375000000000e+04
2.226659600000000000e+07
1.002888281250000000e+05
7.772049218750000000e+04
2.996450585937500000e+04
6.532621093750000000e+03
1.153655166625976562e+02
2.717944580078125000e+03
6.076947402954101562e+01
4.163116836547851562e+01
1.076250496000000000e+09
3.623972187500000000e+05
5.576045625000000000e+05
5.462513750000000000e+05
1.807813593750000000e+05
8.962042236328125000e+02
2.030508728027343750e+02
2.077654418945312500e+02
6.092934500000000000e+06
5.199822265625000000e+03
3.245676250000000000e+05
4.263388671875000000e+04
7.473013750000000000e+05
8.278431875000000000e+05
2.569289843750000000e+04
1.311146750000000000e+06
9.369046875000000000e+04
1.958555859375000000e+04
1.389125875000000000e+06
2.137936523437500000e+04
1.201437031250000000e+05
2.112006054687500000e+04
9.969055468750000000e+04
3.534978515625000000e+04
3.892189062500000000e+04
5.693357910156250000e+03
1.365007656250000000e+05
5.615518750000000000e+04
1.976166992187500000e+04
2.178168000000000000e+07
1.551558625000000000e+06
2.968784500000000000e+06
2.178168000000000000e+07
1.904997812500000000e+05
2.775223437500000000e+04
5.504891406250000000e+04
4.036747656250000000e+04
4.809134062500000000e+05
1.289213625000000000e+06
8.242501250000000000e+05
8.835010742187500000e+03
1.289475703125000000e+05
3.844495500000000000e+06
5.646895000000000000e+06
7.003728000000000000e+06
8.693642000000000000e+06
1.582689760000000000e+08
1.575980175781250000e+04
3.947350390625000000e+04
3.999996093750000000e+04
3.844495500000000000e+06
5.646895000000000000e+06
2.128888800000000000e+08
1.582689760000000000e+08
3.947350390625000000e+04
3.999996093750000000e+04
1.746477187500000000e+05
2.128888800000000000e+08
1.746477187500000000e+05
9.977273600000000000e+07
7.620187000000000000e+06
2.261715600000000000e+07
2.141450585937500000e+04
1.857530240000000000e+08
1.372902560000000000e+08
1.625217500000000000e+05
1.293629200000000000e+07
3.042681640625000000e+04
3.733932812500000000e+04
7.758986752000000000e+09
1.657424768000000000e+09
1.000287312500000000e+06
2.189205200000000000e+07
1.062385781250000000e+05
8.860700625000000000e+05
4.823187840000000000e+08
1.529256000000000000e+06
9.531216875000000000e+05
2.229197031250000000e+05
5.901600256000000000e+09
3.348648400000000000e+07
1.224248800000000000e+07
1.040579625000000000e+06
3.581632750000000000e+06
6.016856400000000000e+07
4.499400400000000000e+07
1.464329843750000000e+05
1.979820000000000000e+07
2.169686562500000000e+05
2.239022800000000000e+07
5.616457500000000000e+05
1.033795600000000000e+07
7.154634880000000000e+08
8.432343750000000000e+05
2.373454000000000000e+06
6.309629600000000000e+07
1.393394600000000000e+07
3.098439843750000000e+04
6.134833125000000000e+05
4.370503500000000000e+06
6.666083374023437500e+02
7.367952343750000000e+04
1.756196899414062500e+02
9.191127343750000000e+04
2.453623657226562500e+02
4.535491638183593750e+02
6.051760000000000000e+05
3.939016723632812500e+02
1.066939697265625000e+02
2.174662322998046875e+02
1.991843750000000000e+04
9.449823750000000000e+05
8.971314375000000000e+05
2.535299218750000000e+05
5.206044140625000000e+04
5.007208437500000000e+05
6.487404687500000000e+04
1.078813593750000000e+05
7.982095000000000000e+06
2.295217968750000000e+05
6.185615000000000000e+05
9.994499218750000000e+04
6.782772500000000000e+05
1.852010400000000000e+07
2.379907968750000000e+05
1.154907625000000000e+06
2.960574462890625000e+03
1.697993125000000000e+05
2.256174750000000000e+06
3.836869140625000000e+04
2.227838500000000000e+06
4.979353125000000000e+04
2.459553906250000000e+05
1.401817656250000000e+05
1.208683375000000000e+06
3.098333437500000000e+05
6.146476171875000000e+04
5.330429296875000000e+04
5.782666992187500000e+03
4.946843125000000000e+05
1.464874609375000000e+04
4.523672000000000000e+06
1.274145250000000000e+06
6.827226500000000000e+06
1.494453375000000000e+06
5.294296484375000000e+04
5.978460500000000000e+06
3.624020312500000000e+05
8.721178906250000000e+04
1.360706125000000000e+06
2.377928400000000000e+07
4.012573200000000000e+07
9.739566000000000000e+06
7.241885000000000000e+05
3.585097750000000000e+06
2.366499200000000000e+07
9.912930000000000000e+05
1.253044300000000000e+07
4.259179500000000000e+06
4.690963500000000000e+06
4.751403520000000000e+09
1.831988000000000000e+07
2.313258400000000000e+07
8.055856640000000000e+08
6.206798400000000000e+07
7.101474000000000000e+06
2.290001440000000000e+08
3.795841500000000000e+06
1.652196100000000000e+07
1.021586000000000000e+07
7.200489472000000000e+10
5.265216000000000000e+09
1.772507200000000000e+07
8.499450880000000000e+08
2.343189760000000000e+08
7.200489472000000000e+10
1.652922187500000000e+05
7.978003125000000000e+05
1.664307812500000000e+05
3.752018750000000000e+05
8.945179687500000000e+04
8.214658593750000000e+04
1.140581298828125000e+03
1.162737500000000000e+06
7.780364257812500000e+03
1.908515500000000000e+06
1.925343359375000000e+04
2.850112250000000000e+06
2.346550976562500000e+04
7.780364257812500000e+03
1.908515500000000000e+06
6.274242968750000000e+04
2.346550976562500000e+04
6.274242968750000000e+04
1.031818593750000000e+05
2.643141406250000000e+04
1.304128437500000000e+05
3.890930000000000000e+05
8.742244000000000000e+07
7.656084000000000000e+06
2.325934843750000000e+05
2.109864400000000000e+07
3.233907500000000000e+05
1.388289843750000000e+05
9.124268800000000000e+08
4.237649500000000000e+06
1.087022125000000000e+06
8.973077500000000000e+05
3.562904800000000000e+07
9.977273600000000000e+07
9.739566000000000000e+06
6.063040527343750000e+03
1.582689760000000000e+08
2.922803710937500000e+04
3.060075683593750000e+03
8.942402560000000000e+09
1.206368203125000000e+05
3.419728906250000000e+04
3.702380078125000000e+04
1.593499250000000000e+06
8.091404687500000000e+04
1.755713750000000000e+05
3.105962646484375000e+03
4.073514453125000000e+04
1.741464375000000000e+05
2.819509375000000000e+04
1.324850800000000000e+08
8.299132812500000000e+03
9.702691406250000000e+03
2.377441250000000000e+06
7.655728125000000000e+04
2.054933593750000000e+04
9.526878906250000000e+04
2.784760351562500000e+04
2.986517822265625000e+03
7.794774414062500000e+03
4.717820000000000000e+06
5.904964453125000000e+04
2.526795625000000000e+05
2.500682861328125000e+03
2.126270468750000000e+05
3.313727294921875000e+03
2.226659600000000000e+07
1.465462968750000000e+05
1.698887343750000000e+05
1.526302625000000000e+06
5.172854375000000000e+05
4.780671875000000000e+04
2.307674804687500000e+04
2.666994335937500000e+04
1.662377187500000000e+05
6.479057421875000000e+04
2.168211523437500000e+04
9.219809570312500000e+03
7.681754500000000000e+06
4.189696800000000000e+07
3.075664687500000000e+05
2.504496500000000000e+06
2.083717187500000000e+05
2.154685156250000000e+05
5.561502080000000000e+08
4.146933000000000000e+06
6.647687000000000000e+06
5.715785000000000000e+05
4.387106000000000000e+07
1.426500156250000000e+05
2.254102343750000000e+05
1.252789500000000000e+06
5.222990312500000000e+05
3.893157187500000000e+05
6.941607031250000000e+04
1.691184875000000000e+06
3.196045312500000000e+05
1.668641601562500000e+04
1.215817089843750000e+04
6.040511230468750000e+03
7.253410400000000000e+07
6.998941000000000000e+06
1.315399875000000000e+06
5.026985500000000000e+06
3.402345312500000000e+05
7.825132500000000000e+06
8.430766080000000000e+08
7.495686400000000000e+07
6.974827000000000000e+06
4.782148500000000000e+06
8.354203520000000000e+08
1.393394600000000000e+07
2.805620117187500000e+04
4.976334375000000000e+04
4.072856875000000000e+05
3.159370625000000000e+05
4.828256800000000000e+07
7.414462500000000000e+05
8.803549218750000000e+04
2.534560250000000000e+06
5.882827500000000000e+06
2.664304375000000000e+05
1.195746000000000000e+08
5.806926000000000000e+06
9.850993750000000000e+04
1.707562400000000000e+08
6.840725000000000000e+05
2.054135000000000000e+05
5.323106304000000000e+09
5.944326500000000000e+06
5.162214687500000000e+05
7.681652000000000000e+06
3.729382080000000000e+08
1.305119875000000000e+06
8.141370000000000000e+05
1.534924218750000000e+05
1.950275000000000000e+06
2.128780664062500000e+04
1.074139375000000000e+05
2.141440234375000000e+04
8.172719531250000000e+04
7.550165000000000000e+05
1.296352421875000000e+05
4.136425390625000000e+04
1.696863085937500000e+04
3.073512812500000000e+05
3.859623828125000000e+04
5.401840000000000000e+05
7.109728027343750000e+03
2.586253600000000000e+07
9.940829375000000000e+05
2.028925760000000000e+08
7.236990000000000000e+05
2.639985600000000000e+07
3.811253750000000000e+05
1.595798750000000000e+06
5.158740992000000000e+09
1.143487100000000000e+07
2.729469750000000000e+06
8.854173600000000000e+07
1.057175125000000000e+06
8.650073600000000000e+07
9.303260000000000000e+06
1.378447125000000000e+06
2.360553250000000000e+06
5.136376000000000000e+06
1.751632968750000000e+05
2.226659600000000000e+07
1.422895625000000000e+06
8.693642000000000000e+06
1.699650400000000000e+08
2.112548250000000000e+06
1.057175125000000000e+06
5.590373600000000000e+07
8.650073600000000000e+07
9.303260000000000000e+06
1.512440400000000000e+07
2.360553250000000000e+06
5.136376000000000000e+06
2.226659600000000000e+07
5.699701000000000000e+06
1.699650400000000000e+08
2.112548250000000000e+06
5.590373600000000000e+07
1.512440400000000000e+07
5.699701000000000000e+06
1.871898632812500000e+04
3.201959533691406250e+02
3.524158020019531250e+02
1.747220703125000000e+04
1.738318125000000000e+06
3.623106640625000000e+04
5.239308105468750000e+03
2.498339200000000000e+07
9.702117500000000000e+05
2.899571250000000000e+05
1.190336400000000000e+07
9.528554375000000000e+05
9.716571250000000000e+05
2.587812500000000000e+05
6.883523750000000000e+05
1.931444480000000000e+08
1.697510750000000000e+06
7.003728000000000000e+06
1.931444480000000000e+08
4.210461200000000000e+07
1.606515200000000000e+07
4.306993750000000000e+04
2.226659600000000000e+07
3.155888281250000000e+04
3.110920507812500000e+04
5.933049600000000000e+07
2.824003437500000000e+05
3.520764375000000000e+05
2.045754062500000000e+05
4.442939375000000000e+05
5.625254375000000000e+05
4.650955859375000000e+04
9.289625000000000000e+06
4.890726953125000000e+04
9.588385156250000000e+04
3.529444375000000000e+05
6.815190625000000000e+04
6.315790000000000000e+05
5.483369140625000000e+03
3.686863750000000000e+06
5.909392187500000000e+04
1.996389125000000000e+06
3.090597250000000000e+06
1.723086523437500000e+04
2.430303281250000000e+05
5.239019062500000000e+05
6.130136875000000000e+05
9.739566000000000000e+06
2.198628320312500000e+04
4.404195312500000000e+04
1.104854375000000000e+05
1.471567656250000000e+05
4.215127187500000000e+05
1.957041250000000000e+05
5.699998046875000000e+03
1.931006250000000000e+05
2.005550156250000000e+05
8.278431875000000000e+05
1.286223730468750000e+04
1.656123750000000000e+05
6.257401855468750000e+03
4.837499000000000000e+06
8.897529296875000000e+03
4.325777500000000000e+06
4.359996875000000000e+04
5.104227050781250000e+03
2.050252500000000000e+06
8.797807812500000000e+04
1.458612304687500000e+04
4.100209375000000000e+04
8.820775000000000000e+06
7.742867500000000000e+06
1.823980320000000000e+08
1.681701875000000000e+05
1.004476600000000000e+07
2.635073250000000000e+06
1.761866000000000000e+06
1.205605504000000000e+09
4.617589200000000000e+07
6.343056000000000000e+06
2.799962560000000000e+08
1.533476953125000000e+04
7.388445000000000000e+05
2.446735781250000000e+05
2.745936250000000000e+05
1.095058007812500000e+04
2.942678125000000000e+05
7.478389062500000000e+04
4.591949218750000000e+04
2.200506250000000000e+06
6.042094531250000000e+04
4.252463750000000000e+05
4.083496400000000000e+07
9.749473000000000000e+06
2.307670400000000000e+07
8.164400625000000000e+05
2.810083600000000000e+07
5.643200400000000000e+07
3.049709250000000000e+06
1.974943600000000000e+07
8.175002000000000000e+06
1.430284500000000000e+06
1.320706176000000000e+09
8.295342720000000000e+08
4.083496400000000000e+07
3.465334400000000000e+07
9.749473000000000000e+06
2.307670400000000000e+07
3.493247680000000000e+08
2.810083600000000000e+07
5.643200400000000000e+07
1.974943600000000000e+07
3.037535744000000000e+09
1.320706176000000000e+09
8.295342720000000000e+08
3.465334400000000000e+07
3.493247680000000000e+08
3.037535744000000000e+09
1.367207700000000000e+07
5.268073125000000000e+05
1.045102875000000000e+06
4.197441250000000000e+05
1.552169062500000000e+05
5.434063000000000000e+06
7.469863750000000000e+05
8.095588281250000000e+04
2.435325000000000000e+06
2.371105750000000000e+06
3.969939375000000000e+05
9.876112000000000000e+07
2.297911200000000000e+07
8.595521093750000000e+04
1.372902560000000000e+08
6.469549375000000000e+05
1.121593203125000000e+05
1.547272448000000000e+09
3.092457750000000000e+06
5.602655000000000000e+05
2.117263750000000000e+06
1.265230000000000000e+07
1.640366992187500000e+04
3.257193359375000000e+03
1.077415234375000000e+05
2.615657958984375000e+03
1.281521625000000000e+06
1.395013750000000000e+06
1.206604218750000000e+05
1.278632125000000000e+06
5.687460400000000000e+07
8.402307031250000000e+04
1.677871875000000000e+06
9.466144531250000000e+04
1.793885000000000000e+06
1.666240234375000000e+04
2.045104750000000000e+06
6.160078906250000000e+04
5.787145000000000000e+06
7.132508593750000000e+04
3.813965234375000000e+04
1.981597625000000000e+06
1.304699531250000000e+05
9.431496875000000000e+04
1.286573125000000000e+05
2.948729375000000000e+05
2.357127250000000000e+06
3.919181562500000000e+05
2.948729375000000000e+05
2.553487548828125000e+02
2.493112031250000000e+05
7.014129638671875000e+01
5.870435625000000000e+05
1.702647070312500000e+04
8.814396250000000000e+05
6.303884765625000000e+04
4.547364062500000000e+05
3.600505600000000000e+07
8.787151875000000000e+05
3.889753750000000000e+05
8.693642000000000000e+06
2.074663281250000000e+04
4.879857187500000000e+05
5.089100000000000000e+06
8.595845625000000000e+05
6.654495312500000000e+04
2.094367812500000000e+05
2.277735750000000000e+06
5.874374609375000000e+04
4.102956500000000000e+06
1.099158046875000000e+05
3.600505600000000000e+07
3.820244921875000000e+04
1.552807187500000000e+05
5.019149218750000000e+04
2.279859000000000000e+06
3.896641562500000000e+05
5.089100000000000000e+06
5.009850000000000000e+05
6.825401562500000000e+04
2.277735750000000000e+06
4.102956500000000000e+06
8.725746093750000000e+04
2.202424804687500000e+04
1.552807187500000000e+05
2.279859000000000000e+06
5.009850000000000000e+05
8.725746093750000000e+04
1.698652500000000000e+06
6.479057421875000000e+04
1.393394600000000000e+07
3.543153125000000000e+04
1.265645200000000000e+07
8.338652343750000000e+04
5.557933984375000000e+04
4.236498000000000000e+06
1.116075703125000000e+05
1.429130937500000000e+05
1.124059375000000000e+05
3.158995500000000000e+06
1.205273632812500000e+04
7.451643125000000000e+05
9.008296000000000000e+06
3.715350625000000000e+05
1.582461562500000000e+05
6.275593500000000000e+06
3.556930250000000000e+06
2.578492578125000000e+04
1.082874843750000000e+05
2.056616718750000000e+05
3.347285546875000000e+04
9.653211875000000000e+05
4.481482812500000000e+04
4.598277734375000000e+04
1.264844843750000000e+05
2.775223437500000000e+04
1.243734472656250000e+04
1.666041601562500000e+04
7.093414843750000000e+04
1.758946289062500000e+04
4.630038000000000000e+06
6.101905761718750000e+03
9.519426875000000000e+05
1.812832500000000000e+05
1.199021386718750000e+04
1.657119375000000000e+06
1.835909687500000000e+05
3.296379296875000000e+04
9.780467968750000000e+04
2.041102187500000000e+05
9.977273600000000000e+07
9.358788000000000000e+06
7.394779687500000000e+04
5.786536875000000000e+05
3.783758750000000000e+05
5.592491455078125000e+02
1.620756800000000000e+08
5.962773750000000000e+05
2.234656718750000000e+05
1.788302240000000000e+08
1.202490875000000000e+06
3.883251708984375000e+03
8.981374976000000000e+09
2.743755750000000000e+06
1.218953500000000000e+06
1.018475600000000000e+08
3.512027343750000000e+04
2.397108154296875000e+03
5.685216500000000000e+06
3.532838092800000000e+10
4.327049687500000000e+05
9.981430664062500000e+03
2.237546880000000000e+08
5.071435000000000000e+06
2.591963680000000000e+08
4.991591796875000000e+04
5.221979687500000000e+05
2.705686767578125000e+03
7.915687500000000000e+04
1.577937500000000000e+05
5.039437890625000000e+04
3.456869628906250000e+03
1.145249609375000000e+04
4.012573200000000000e+07
9.739566000000000000e+06
3.634291015625000000e+04
1.253044300000000000e+07
2.105437695312500000e+04
3.669995703125000000e+04
8.055856640000000000e+08
1.515890312500000000e+05
1.801755000000000000e+05
3.747689453125000000e+04
1.079213125000000000e+06
3.823599250000000000e+06
4.250242968750000000e+04
2.573326875000000000e+05
3.308238000000000000e+06
8.338804800000000000e+07
1.191516125000000000e+06
2.068560875000000000e+06
4.560680000000000000e+05
1.276402500000000000e+06
2.139276480000000000e+08
3.222118250000000000e+06
7.822832000000000000e+07
1.771559000000000000e+06
1.970752480000000000e+08
1.681329600000000000e+08
1.768238800000000000e+07
4.211762800000000000e+07
3.629779687500000000e+05
1.933195360000000000e+08
1.372902560000000000e+08
1.403539625000000000e+06
1.489728000000000000e+07
6.746838125000000000e+05
2.520100468750000000e+05
7.628255744000000000e+09
2.522027008000000000e+09
1.890786800000000000e+07
4.981465600000000000e+07
2.880322250000000000e+06
1.666428600000000000e+07
5.608030080000000000e+08
2.028421600000000000e+07
1.509109400000000000e+07
5.302314000000000000e+06
6.022821888000000000e+09
4.677389120000000000e+08
3.289009280000000000e+08
3.633620400000000000e+07
1.364650080000000000e+08
1.634469888000000000e+09
3.195269750000000000e+06
8.278431875000000000e+05
1.637528593750000000e+05
3.195269750000000000e+06
1.858110000000000000e+07
2.053880468750000000e+05
1.582689760000000000e+08
1.637692500000000000e+05
3.469222800000000000e+07
8.461677343750000000e+04
4.187744500000000000e+06
2.470950400000000000e+09
1.359190000000000000e+06
1.097302250000000000e+06
7.205562400000000000e+07
1.679836093750000000e+05
3.991585546875000000e+04
1.898285400390625000e+03
8.368508789062500000e+03
1.758946289062500000e+04
9.990736250000000000e+05
8.243287500000000000e+05
1.750160312500000000e+05
3.949643750000000000e+04
4.488923750000000000e+05
8.962172656250000000e+04
1.812260156250000000e+05
7.850472000000000000e+06
1.873906093750000000e+05
1.216573750000000000e+06
1.409428000000000000e+06
7.458090625000000000e+05
9.031688750000000000e+05
2.183198500000000000e+06
5.812316250000000000e+05
2.507221000000000000e+06
4.144655937500000000e+05
2.036411125000000000e+06
1.378536320000000000e+08
4.924613281250000000e+04
2.787085156250000000e+04
1.650329875000000000e+06
4.973480312500000000e+05
3.991585546875000000e+04
5.824206542968750000e+02
4.757902343750000000e+04
2.267648468017578125e+02
1.165251200000000000e+07
7.752740625000000000e+05
1.288957366943359375e+02
8.693642000000000000e+06
1.144679453125000000e+05
3.099156188964843750e+02
3.085899500000000000e+06
4.980224687500000000e+05
3.102821655273437500e+02
5.670701980590820312e+01
1.428852812500000000e+05
1.109760546875000000e+05
1.329871978759765625e+02
1.252297668457031250e+02
1.165251200000000000e+07
2.110997467041015625e+02
5.388822500000000000e+05
2.222139531250000000e+05
2.417642364501953125e+02
1.688054046630859375e+02
3.085899500000000000e+06
4.638771820068359375e+01
4.012482070922851562e+01
1.428852812500000000e+05
1.329871978759765625e+02
1.706971130371093750e+02
1.283275146484375000e+02
5.388822500000000000e+05
2.417642364501953125e+02
4.638771820068359375e+01
1.706971130371093750e+02
6.136729687500000000e+04
8.613101875000000000e+05
3.561675200000000000e+07
8.693642000000000000e+06
3.963439062500000000e+04
1.696280875000000000e+06
3.561675200000000000e+07
1.696280875000000000e+06
4.756511250000000000e+05
2.775223437500000000e+04
1.044475546875000000e+05
5.463728906250000000e+04
1.091520600000000000e+07
8.851053000000000000e+06
1.307504375000000000e+06
1.032890781250000000e+05
3.201286250000000000e+05
5.754795000000000000e+06
1.315515600000000000e+07
1.109670000000000000e+07
8.556241000000000000e+06
8.782022656250000000e+04
1.252645400000000000e+07
2.330304296875000000e+04
1.649334880000000000e+08
1.129644375000000000e+05
5.423737500000000000e+05
4.584466000000000000e+06
3.108390625000000000e+05
3.346130078125000000e+04
1.030066250000000000e+06
4.837499000000000000e+06
9.739566000000000000e+06
2.232256250000000000e+05
1.225210546875000000e+05
1.964458000000000000e+06
7.802089843750000000e+04
6.273013750000000000e+05
1.222078750000000000e+06
3.164354101562500000e+04
8.412584375000000000e+05
2.019529000000000000e+06
3.142854375000000000e+05
1.076152109375000000e+05
2.058859687500000000e+05
4.537827343750000000e+04
3.966921600000000000e+07
5.384096250000000000e+05
4.958167000000000000e+06
4.310569140625000000e+04
3.648837500000000000e+05
1.570970468750000000e+05
5.219022187500000000e+05
7.238041406250000000e+04
2.270488437500000000e+05
1.986747656250000000e+04
5.024057000000000000e+06
1.213281796875000000e+05
1.944755000000000000e+06
6.328747500000000000e+05
2.752903125000000000e+05
5.003489687500000000e+05
3.382903600000000000e+07
8.019505468750000000e+04
1.731792187500000000e+05
1.063116484375000000e+05
1.559306875000000000e+05
1.764891250000000000e+06
2.158226500000000000e+06
4.665513125000000000e+05
6.664498437500000000e+04
8.536780000000000000e+05
8.641104687500000000e+04
1.932851200000000000e+07
9.739566000000000000e+06
1.333968437500000000e+05
2.271982968750000000e+05
2.701277250000000000e+06
5.680999375000000000e+05
1.182606093750000000e+05
3.148707500000000000e+05
7.405248125000000000e+05
2.388639404296875000e+03
2.282731840000000000e+08
6.000559200000000000e+07
5.912304500000000000e+06
1.085592500000000000e+06
1.289192875000000000e+06
6.629152343750000000e+04
6.386759500000000000e+06
5.806333125000000000e+05
1.445785468750000000e+05
1.083455390625000000e+05
3.431796800000000000e+08
5.353472800000000000e+07
9.529296000000000000e+06
5.532974375000000000e+05
1.293022125000000000e+06
4.007654800000000000e+07
1.161547578125000000e+05
9.096768000000000000e+06
8.243302500000000000e+05
5.782068750000000000e+05
9.096768000000000000e+06
3.353391406250000000e+04
1.962306640625000000e+04
2.095345947265625000e+03
2.226659600000000000e+07
1.026977890625000000e+05
1.688187343750000000e+05
9.909271875000000000e+04
7.972836425781250000e+03
2.757862304687500000e+03
1.602799500000000000e+06
2.450058398437500000e+04
1.107159179687500000e+04
4.073230859375000000e+04
6.377125976562500000e+03
1.607355371093750000e+04
6.448833496093750000e+03
1.226620875000000000e+06
2.002435742187500000e+04
1.957952875000000000e+06
1.522846875000000000e+05
3.121855224609375000e+03
2.010249375000000000e+05
3.638085156250000000e+04
4.365380859375000000e+04
1.008803906250000000e+04
1.337413360000000000e+08
8.435454000000000000e+06
2.243454218750000000e+05
1.864144800000000000e+07
2.093121718750000000e+05
1.374161093750000000e+05
2.555204096000000000e+09
6.423611500000000000e+06
1.107914375000000000e+06
1.603351250000000000e+06
6.579924800000000000e+07
2.968946000000000000e+07
9.739566000000000000e+06
1.240320410156250000e+04
4.603480500000000000e+06
1.480839160156250000e+04
1.640980273437500000e+04
1.020977408000000000e+09
2.082441718750000000e+05
1.215469531250000000e+05
5.729128125000000000e+04
4.049343250000000000e+06
1.296756796875000000e+05
7.032000000000000000e+05
1.322730000000000000e+06
1.324820750000000000e+06
1.401166894531250000e+04
8.179000000000000000e+07
8.435454000000000000e+06
4.799978125000000000e+04
8.641154000000000000e+06
1.188172578125000000e+05
5.098390234375000000e+04
5.436360320000000000e+08
4.982188500000000000e+06
3.404877187500000000e+05
3.663024375000000000e+05
5.165135200000000000e+07
7.106228000000000000e+07
2.300656400000000000e+07
1.535995937500000000e+05
3.335167200000000000e+07
9.420071093750000000e+04
1.533152343750000000e+05
5.298740800000000000e+08
3.900809500000000000e+06
2.429180500000000000e+06
2.952510250000000000e+06
1.913593200000000000e+07
4.952029418945312500e+02
6.843911743164062500e+02
3.405591562500000000e+05
8.986392822265625000e+02
8.161206000000000000e+06
2.469472343750000000e+05
1.688401562500000000e+05
1.187357625000000000e+06
1.791417875000000000e+06
7.003728000000000000e+06
3.217438085937500000e+04
1.791417875000000000e+06
1.393394600000000000e+07
2.666376171875000000e+04
5.663607500000000000e+05
5.154978125000000000e+05
1.195746000000000000e+08
8.435454000000000000e+06
5.816808125000000000e+05
1.297654625000000000e+06
1.582689760000000000e+08
4.670858000000000000e+06
5.011433500000000000e+06
4.382124375000000000e+05
2.202465000000000000e+06
8.318065429687500000e+03
6.446181888000000000e+09
8.248779200000000000e+07
1.029023760000000000e+08
1.887909250000000000e+06
5.625695500000000000e+06
4.185760625000000000e+05
2.673209600000000000e+07
4.103492000000000000e+07
5.519226000000000000e+06
2.200191875000000000e+05
9.776335360000000000e+08
2.963444224000000000e+09
7.532605600000000000e+07
1.136167750000000000e+06
3.203889200000000000e+07
1.158676736000000000e+09
6.980417187500000000e+04
3.191838750000000000e+05
6.544949218750000000e+04
5.876334000000000000e+06
3.261267812500000000e+05
1.601544218750000000e+05
1.028670437500000000e+06
1.527145900000000000e+07
6.016019375000000000e+05
8.797925000000000000e+04
7.513466796875000000e+03
1.582689760000000000e+08
1.781230800000000000e+07
5.958878750000000000e+05
1.154907625000000000e+06
2.358306562500000000e+05
1.064987695312500000e+04
1.122389760000000000e+09
6.074640000000000000e+07
6.168837500000000000e+05
2.167089218750000000e+05
4.864760156250000000e+04
4.720814941406250000e+03
1.513396480000000000e+08
5.633152500000000000e+06
2.917876562500000000e+05
4.758192187500000000e+04
7.729293440000000000e+08
3.552231600000000000e+07
1.024001500000000000e+06
1.914932617187500000e+04
1.611059375000000000e+06
8.580829000000000000e+06
5.700847500000000000e+05
6.977223125000000000e+05
1.388596125000000000e+06
3.447320000000000000e+05
1.691306880000000000e+08
1.726214000000000000e+07
2.609022187500000000e+05
1.582689760000000000e+08
8.765098125000000000e+05
4.380176875000000000e+05
7.214192128000000000e+09
5.355169500000000000e+06
2.089860875000000000e+06
5.433000500000000000e+06
1.228504480000000000e+08
5.595254375000000000e+05
1.257859531250000000e+05
2.444737792968750000e+03
5.403926269531250000e+03
4.387280000000000000e+05
1.279573875000000000e+06
3.835658437500000000e+05
3.700280312500000000e+05
8.197551250000000000e+05
3.353823974609375000e+03
1.225120546875000000e+05
1.907215625000000000e+04
1.450493437500000000e+05
2.170102343750000000e+05
5.205657031250000000e+04
7.911212500000000000e+04
1.248527636718750000e+04
2.734492968750000000e+04
6.989750000000000000e+04
1.889170000000000000e+06
7.785940000000000000e+06
7.214779785156250000e+03
5.279543359375000000e+04
1.742524000000000000e+06
5.049285546875000000e+04
2.342153320312500000e+04
2.629881500000000000e+06
1.269295250000000000e+06
3.195667382812500000e+04
1.709598125000000000e+05
2.942439687500000000e+05
3.150183789062500000e+04
4.421158437500000000e+05
2.816948046875000000e+04
1.946407421875000000e+04
1.174948200000000000e+07
4.427136000000000000e+06
9.570881000000000000e+06
2.471123750000000000e+05
1.983034500000000000e+06
3.361722800000000000e+07
6.255116875000000000e+05
4.584133500000000000e+06
9.119974218750000000e+04
5.408805000000000000e+05
1.889389440000000000e+08
1.698777200000000000e+07
1.347992000000000000e+07
2.077364000000000000e+07
1.422700250000000000e+06
1.078648250000000000e+06
6.988014400000000000e+07
6.463857500000000000e+05
2.470227000000000000e+06
5.161781250000000000e+05
4.748861600000000000e+07
1.744850400000000000e+07
8.282820000000000000e+06
3.244990500000000000e+06
6.283600500000000000e+06
3.196598750000000000e+06
1.154907625000000000e+06
9.112575073242187500e+02
1.691379296875000000e+04
3.070456787109375000e+03
6.603943750000000000e+04
1.547638593750000000e+05
2.475613250000000000e+06
6.538585000000000000e+06
1.741233789062500000e+04
1.365092343750000000e+05
2.475613250000000000e+06
1.365092343750000000e+05
9.706630000000000000e+06
1.047805781250000000e+05
5.194226171875000000e+04
6.464855625000000000e+05
1.319240500000000000e+06
2.777211914062500000e+04
3.888097265625000000e+04
9.937933593750000000e+03
8.435454000000000000e+06
8.548441406250000000e+04
5.493652343750000000e+04
1.128026074218750000e+04
1.022840527343750000e+04
4.244341796875000000e+03
3.355522949218750000e+03
2.777211914062500000e+04
3.888097265625000000e+04
9.937933593750000000e+03
3.408600625000000000e+05
1.152596777343750000e+04
1.712810546875000000e+03
8.700550781250000000e+04
3.024049560546875000e+03
2.360123535156250000e+03
9.118260937500000000e+04
1.022840527343750000e+04
4.244341796875000000e+03
3.355522949218750000e+03
5.935759277343750000e+02
1.152596777343750000e+04
1.712810546875000000e+03
8.700550781250000000e+04
3.024049560546875000e+03
2.360123535156250000e+03
9.118260937500000000e+04
8.631314697265625000e+02
3.871925781250000000e+03
7.909689453125000000e+03
2.275958007812500000e+03
5.935759277343750000e+02
8.631314697265625000e+02
3.871925781250000000e+03
7.909689453125000000e+03
2.275958007812500000e+03
2.267975463867187500e+02
2.267975463867187500e+02
4.830839062500000000e+04
6.277607421875000000e+04
2.959374511718750000e+03
1.294065429687500000e+04
1.420483750000000000e+06
3.027318000000000000e+07
5.765049375000000000e+05
2.295380156250000000e+05
6.871335937500000000e+04
8.253631875000000000e+05
1.725268750000000000e+04
5.385256640625000000e+04
1.875554882812500000e+04
5.692871093750000000e+04
2.775223437500000000e+04
1.360210058593750000e+04
2.448511914062500000e+04
1.245403760000000000e+08
3.446235000000000000e+05
3.615649062500000000e+05
1.814613600000000000e+07
6.457571484375000000e+04
4.211069921875000000e+04
8.458600625000000000e+05
8.693642000000000000e+06
2.088394921875000000e+04
5.330247500000000000e+05
8.458600625000000000e+05
5.330247500000000000e+05
4.679620625000000000e+05
1.758946289062500000e+04
3.991585546875000000e+04
1.970528515625000000e+04
4.027914062500000000e+04
3.813456250000000000e+04
1.612319140625000000e+04
7.794334960937500000e+03
4.576814453125000000e+03
2.545085449218750000e+03
1.482229687500000000e+04
1.672106640625000000e+04
1.082612890625000000e+04
3.791091552734375000e+03
5.161046875000000000e+03
6.605855957031250000e+03
2.496471923828125000e+03
1.266444946289062500e+03
1.051634765625000000e+03
1.722884155273437500e+03
1.908511352539062500e+03
3.197571044921875000e+03
4.008699707031250000e+03
4.746280761718750000e+03
8.885079345703125000e+02
3.223232666015625000e+03
3.182552812500000000e+05
4.141659851074218750e+02
9.777490234375000000e+02
3.011588750000000000e+05
4.141659851074218750e+02
4.491319531250000000e+04
5.562073364257812500e+02
2.425695037841796875e+02
4.459961000000000000e+06
2.373454296875000000e+04
2.279318281250000000e+05
1.069407250000000000e+06
7.420326250000000000e+05
3.352386562500000000e+05
8.514022500000000000e+05
3.641228500000000000e+06
1.304511375000000000e+06
6.525355000000000000e+05
1.361133250000000000e+06
1.302679100000000000e+07
7.441366250000000000e+05
2.242288437500000000e+05
2.498666000000000000e+06
1.548983250000000000e+06
2.528729200000000000e+07
8.693642000000000000e+06
7.441366250000000000e+05
4.466770800000000000e+07
2.498666000000000000e+06
2.528729200000000000e+07
4.466770800000000000e+07
5.798547656250000000e+04
6.838817968750000000e+04
1.094836500000000000e+06
8.693642000000000000e+06
2.664390820312500000e+04
2.974110312500000000e+05
1.094836500000000000e+06
2.974110312500000000e+05
8.703210625000000000e+05
1.002911250000000000e+05
4.877503125000000000e+04
5.871751875000000000e+05
4.097644531250000000e+04
6.027080500000000000e+06
3.853459687500000000e+05
2.252584250000000000e+06
1.177287800000000000e+07
1.276263750000000000e+06
2.475912343750000000e+05
8.693642000000000000e+06
4.181307812500000000e+04
3.631996250000000000e+06
2.535809531250000000e+05
4.150965312500000000e+05
2.019049218750000000e+05
8.507934375000000000e+05
2.651360000000000000e+06
2.271335312500000000e+05
2.301990800000000000e+07
1.257695250000000000e+06
1.177287800000000000e+07
3.425895625000000000e+05
3.463316015625000000e+04
5.006623828125000000e+04
4.889022000000000000e+06
1.864125125000000000e+06
2.535809531250000000e+05
1.891843750000000000e+06
1.861773593750000000e+05
2.651360000000000000e+06
2.301990800000000000e+07
3.211061562500000000e+05
1.621839062500000000e+05
3.463316015625000000e+04
4.889022000000000000e+06
1.891843750000000000e+06
3.211061562500000000e+05
1.948253600000000000e+08
5.937746484375000000e+04
1.312916250000000000e+05
1.006132875000000000e+06
4.705179296875000000e+04
2.942594238281250000e+03
6.794057617187500000e+02
1.714870750000000000e+06
5.886336718750000000e+04
2.129659375000000000e+05
1.395871718750000000e+05
9.968874375000000000e+05
3.748306250000000000e+05
3.973367187500000000e+05
1.903769250000000000e+06
1.777900195312500000e+04
2.271982968750000000e+05
7.233846191406250000e+03
5.385728906250000000e+04
2.051423828125000000e+03
6.646567187500000000e+04
4.883004375000000000e+05
1.009633691406250000e+04
5.305703125000000000e+03
4.963157812500000000e+04
1.331523750000000000e+06
1.691333984375000000e+04
2.336517500000000000e+05
1.846825468750000000e+05
2.349168750000000000e+04
1.834131562500000000e+05
2.211576757812500000e+04
1.521082714843750000e+04
2.178438000000000000e+07
1.360496400000000000e+07
1.103191796875000000e+05
1.801715468750000000e+05
1.553520000000000000e+08
3.633395625000000000e+05
5.273391250000000000e+05
4.239343500000000000e+06
4.670889000000000000e+06
9.977273600000000000e+07
9.568216000000000000e+06
8.278431875000000000e+05
2.559694000000000000e+07
3.109197600000000000e+07
4.883022812500000000e+05
1.653227840000000000e+08
7.003728000000000000e+06
8.361439500000000000e+06
1.407535206400000000e+10
7.062302000000000000e+06
4.670889000000000000e+06
8.897266688000000000e+09
9.977273600000000000e+07
9.568216000000000000e+06
1.641809280000000000e+09
2.559694000000000000e+07
3.109197600000000000e+07
1.653227840000000000e+08
7.200489472000000000e+10
1.407535206400000000e+10
7.062302000000000000e+06
8.897266688000000000e+09
1.641809280000000000e+09
7.200489472000000000e+10
1.555948144531250000e+04
1.851499750000000000e+06
7.416518500000000000e+06
7.776847200000000000e+07
1.337161000000000000e+06
8.549193000000000000e+06
2.226659600000000000e+07
2.882949218750000000e+04
3.267318359375000000e+04
1.044938750000000000e+05
7.311501000000000000e+06
8.316742400000000000e+07
2.351526400000000000e+08
2.132854400000000000e+07
3.146118750000000000e+04
9.962135937500000000e+04
1.106673437500000000e+05
2.274240160000000000e+08
1.060994609375000000e+05
1.126650125000000000e+06
2.705765625000000000e+03
2.254321562500000000e+05
2.270061200000000000e+07
7.570389843750000000e+04
9.525416406250000000e+04
5.245713750000000000e+05
4.124118652343750000e+03
5.462432098388671875e+01
1.118449974060058594e+01
3.774156250000000000e+04
9.844811000000000000e+06
1.016286796875000000e+05
8.693642000000000000e+06
4.357980000000000000e+06
1.040253417968750000e+04
9.844811000000000000e+06
4.357980000000000000e+06
2.410321875000000000e+04
7.057388750000000000e+05
1.751734843750000000e+05
7.064350625000000000e+05
3.064154400000000000e+07
2.355454062500000000e+05
4.803958203125000000e+04
4.234442812500000000e+05
3.804978500000000000e+06
6.301858593750000000e+04
6.185951875000000000e+05
1.756458750000000000e+06
2.542995703125000000e+04
8.944070312500000000e+04
5.254646250000000000e+05
9.009150781250000000e+04
2.648796484375000000e+04
1.622426875000000000e+05
3.346130078125000000e+04
7.473013750000000000e+05
8.278431875000000000e+05
7.378046875000000000e+03
7.168800292968750000e+03
1.414559531250000000e+05
2.123040771484375000e+03
2.554317968750000000e+04
1.306936015625000000e+05
1.429121250000000000e+05
1.468279199218750000e+04
9.969055468750000000e+04
9.458949218750000000e+03
2.983823730468750000e+03
9.494885253906250000e+02
9.815305664062500000e+03
5.480611718750000000e+04
3.754039550781250000e+03
9.740588000000000000e+06
2.129278125000000000e+04
4.124851562500000000e+04
1.170046093750000000e+05
4.816209500000000000e+06
6.116320625000000000e+05
8.278431875000000000e+05
5.662990234375000000e+04
1.643853125000000000e+05
1.211372890625000000e+05
4.646271500000000000e+06
4.816209500000000000e+06
6.116320625000000000e+05
5.662990234375000000e+04
4.646271500000000000e+06
8.769036250000000000e+05
6.204742187500000000e+04
1.205548203125000000e+05
2.639535000000000000e+06
5.660064453125000000e+04
5.414605625000000000e+05
1.201493125000000000e+05
3.593073046875000000e+04
8.122841000000000000e+06
1.195746000000000000e+08
8.435454000000000000e+06
1.351613437500000000e+05
2.291994335937500000e+04
2.531581200000000000e+07
4.248011200000000000e+07
4.928497187500000000e+05
1.582689760000000000e+08
7.600142500000000000e+05
2.285609218750000000e+05
2.218765937500000000e+05
2.427266662400000000e+10
1.499526200000000000e+07
1.135733500000000000e+06
6.446181888000000000e+09
5.719826500000000000e+06
9.586386875000000000e+05
9.102647656250000000e+04
7.155393750000000000e+04
1.386112792968750000e+04
4.897584128000000000e+09
8.072612500000000000e+06
1.763542000000000000e+06
5.118982000000000000e+06
9.576591875000000000e+05
2.487319687500000000e+05
6.105667578125000000e+04
7.200489472000000000e+10
9.000337280000000000e+08
2.579433250000000000e+06
3.172616320000000000e+08
3.526191250000000000e+05
2.005920312500000000e+04
2.066127343750000000e+04
1.609460480000000000e+08
6.317814500000000000e+06
1.061299140625000000e+05
6.377476171875000000e+04
4.485611520000000000e+10
7.656217187500000000e+04
6.747178750000000000e+05
5.076064062500000000e+05
2.775223437500000000e+04
1.053846679687500000e+04
1.894749218750000000e+04
1.844867968750000000e+05
6.273013750000000000e+05
4.859935000000000000e+06
1.348962750000000000e+06
1.198722750000000000e+06
9.741583593750000000e+04
1.223425625000000000e+06
1.979483593750000000e+05
4.647366500000000000e+06
2.209460468750000000e+05
1.024345546875000000e+05
2.550325500000000000e+06
4.837499000000000000e+06
1.532636328125000000e+04
1.653741015625000000e+04
3.305765750000000000e+06
3.182807421875000000e+04
3.047461750000000000e+06
5.474964062500000000e+04
1.768016601562500000e+04
7.473013750000000000e+05
4.837499000000000000e+06
1.280782958984375000e+03
5.720474218750000000e+04
2.841246562500000000e+05
4.165483125000000000e+05
1.542422656250000000e+05
6.827226500000000000e+06
6.018948730468750000e+03
2.995973437500000000e+05
1.114467500000000000e+06
7.511676562500000000e+04
1.217158437500000000e+05
5.004597600000000000e+07
5.364816406250000000e+03
1.841704467773437500e+03
2.088436093750000000e+05
4.763842500000000000e+05
1.476842089843750000e+04
3.500240234375000000e+04
1.106014500000000000e+07
1.573440750000000000e+06
1.504553710937500000e+04
4.026028125000000000e+05
6.546715625000000000e+05
4.994748437500000000e+04
7.391388281250000000e+04
5.385020312500000000e+04
1.372902560000000000e+08
9.566733125000000000e+05
1.604366560000000000e+08
1.029540312500000000e+05
2.185650400000000000e+07
1.659715937500000000e+05
6.124416500000000000e+06
6.876123520000000000e+08
7.812419000000000000e+06
1.567014875000000000e+06
1.991116800000000000e+07
8.771002500000000000e+05
1.224625312500000000e+05
4.581503906250000000e+04
6.066223750000000000e+05
9.505641406250000000e+04
1.352177500000000000e+06
1.061782714843750000e+04
2.098656562500000000e+05
4.436292187500000000e+04
9.937933593750000000e+03
3.526552124023437500e+02
1.796604492187500000e+03
7.622491875000000000e+05
4.381514062500000000e+05
1.399511000000000000e+06
5.874647500000000000e+06
7.743992968750000000e+04
2.127299023437500000e+04
4.158556250000000000e+04
4.614642187500000000e+05
1.952482000000000000e+07
1.686501000000000000e+06
8.693642000000000000e+06
1.952482000000000000e+07
1.731336406250000000e+05
3.942850781250000000e+04
4.705821093750000000e+04
4.311211000000000000e+06
3.526512890625000000e+04
1.875007343750000000e+05
1.473724843750000000e+05
3.446610000000000000e+05
5.477015000000000000e+05
3.848560156250000000e+04
6.318684765625000000e+04
5.560080859375000000e+04
1.726913281250000000e+04
3.580590000000000000e+07
6.307492578125000000e+04
1.437969335937500000e+04
7.796191406250000000e+04
4.257760546875000000e+04
2.068795117187500000e+04
4.474580000000000000e+05
7.569458593750000000e+04
1.342190527343750000e+04
3.479778320312500000e+03
2.064306000000000000e+06
2.110809960937500000e+04
1.613204250000000000e+06
2.661495361328125000e+02
9.927727500000000000e+05
4.085035644531250000e+03
8.304313281250000000e+04
3.693028125000000000e+04
3.169544062500000000e+05
2.694062500000000000e+02
3.019704375000000000e+05
2.894026562500000000e+05
2.895322875976562500e+02
1.148916406250000000e+05
1.823906054687500000e+04
1.817417187500000000e+04
6.137267456054687500e+02
2.688912500000000000e+04
7.899669433593750000e+03
4.906448242187500000e+03
1.653464843750000000e+03
4.706120312500000000e+05
5.156310312500000000e+05
1.758946289062500000e+04
4.762450500000000000e+06
2.030011914062500000e+04
2.698380500000000000e+06
1.819141562500000000e+05
8.960114257812500000e+03
2.637356000000000000e+06
1.842408125000000000e+05
1.847133593750000000e+05
1.293589687500000000e+05
9.888664375000000000e+05
3.346130078125000000e+04
4.837499000000000000e+06
2.336517500000000000e+05
1.399203100000000000e+07
2.316667200000000000e+07
3.565444140625000000e+04
6.273013750000000000e+05
1.744117382812500000e+04
4.173686328125000000e+04
9.344322000000000000e+06
3.056499250000000000e+06
2.528471289062500000e+04
2.058859687500000000e+05
5.984592500000000000e+05
1.568610250000000000e+06
1.201082812500000000e+04
1.613065280000000000e+08
2.034915781250000000e+05
1.017632968750000000e+05
1.507968593750000000e+05
8.460289062500000000e+04
1.457535839843750000e+04
9.261977600000000000e+07
2.024602343750000000e+05
5.875943750000000000e+04
2.995161250000000000e+06
1.523302441406250000e+04
2.673404101562500000e+04
1.488736375000000000e+06
5.384152500000000000e+05
1.610812988281250000e+04
8.773851562500000000e+03
8.162905000000000000e+05
9.807152343750000000e+04
7.302767187500000000e+04
3.644428466796875000e+03
1.115063867187500000e+04
1.980047656250000000e+04
8.045937500000000000e+05
1.782246750000000000e+06
1.324850800000000000e+08
2.972919375000000000e+05
5.340729375000000000e+05
1.680738281250000000e+05
1.115063867187500000e+04
1.980047656250000000e+04
1.628324316406250000e+04
5.167515136718750000e+03
3.199735625000000000e+05
5.340729375000000000e+05
9.881570000000000000e+06
2.704272187500000000e+05
2.416195600000000000e+07
2.453642968750000000e+05
6.929973750000000000e+05
3.199735625000000000e+05
1.119172167968750000e+04
9.725288085937500000e+03
1.233234843750000000e+05
1.679139843750000000e+04
1.861866943359375000e+03
3.643708500000000000e+06
2.598032500000000000e+05
4.585604062500000000e+05
2.418833250000000000e+06
2.393068750000000000e+06
3.871918750000000000e+05
1.957375732421875000e+03
2.506239453125000000e+04
1.100668750000000000e+06
7.098698750000000000e+05
6.306256500000000000e+06
4.535253000000000000e+06
8.342302500000000000e+05
1.223297250000000000e+06
5.350625000000000000e+05
3.737105625000000000e+05
1.254901120000000000e+08
6.384494000000000000e+06
4.110358500000000000e+06
1.166192375000000000e+06
1.232546000000000000e+08
7.562271875000000000e+05
2.200659687500000000e+05
2.127840468750000000e+05
3.569711250000000000e+06
2.116133398437500000e+04
1.817875625000000000e+05
5.350318847656250000e+03
1.644742625000000000e+06
3.347671875000000000e+04
1.305111484375000000e+05
1.131548375000000000e+06
3.676182031250000000e+04
3.082020500000000000e+06
7.925939062500000000e+04
3.543011328125000000e+04
5.850208800000000000e+07
1.661372900000000000e+07
3.558008750000000000e+05
1.638922900000000000e+07
3.344805312500000000e+05
1.007025703125000000e+05
4.360579520000000000e+08
8.242247500000000000e+06
9.286577000000000000e+06
2.423673250000000000e+06
4.582536800000000000e+07
9.040143125000000000e+05
3.810152750000000000e+06
9.913436000000000000e+06
3.400590312500000000e+05
3.810152750000000000e+06
2.610306093750000000e+05
1.299910250000000000e+06
1.917014375000000000e+06
7.321725000000000000e+05
1.758946289062500000e+04
4.780671875000000000e+04
4.869015625000000000e+03
3.135574609375000000e+04
6.607565625000000000e+04
2.039880664062500000e+04
1.293114257812500000e+04
9.985267333984375000e+02
4.026397460937500000e+03
2.331378125000000000e+04
4.425306250000000000e+04
8.728345703125000000e+03
4.984400390625000000e+03
1.567000244140625000e+03
3.973123535156250000e+03
8.798782226562500000e+03
8.762236938476562500e+02
1.085423950195312500e+03
8.025322875976562500e+02
4.689067382812500000e+03
2.066315185546875000e+03
2.534741943359375000e+03
1.701233154296875000e+03
3.197937011718750000e+02
1.084343383789062500e+03
5.794290000000000000e+05
1.665267968750000000e+04
7.821705468750000000e+04
2.883417000000000000e+06
1.653343700000000000e+07
6.355260156250000000e+04
5.109244921875000000e+04
1.613796625000000000e+06
1.091961523437500000e+04
6.273013750000000000e+05
4.733049375000000000e+05
2.032768750000000000e+04
4.274502734375000000e+04
1.280770250000000000e+06
3.195423750000000000e+05
1.404831835937500000e+04
8.230200781250000000e+04
4.751372656250000000e+04
2.485499500000000000e+06
7.254512207031250000e+03
1.233521200000000000e+07
6.638606445312500000e+03
1.538111250000000000e+05
2.979507187500000000e+05
1.790149375000000000e+05
1.414706250000000000e+04
3.614636718750000000e+04
4.012485937500000000e+04
9.642860625000000000e+05
2.713999755859375000e+03
1.104416500000000000e+07
9.017763281250000000e+04
1.103644238281250000e+04
3.852934062500000000e+05
2.797041750000000000e+06
8.539071093750000000e+04
7.689828125000000000e+04
5.427031738281250000e+03
1.704741406250000000e+05
1.028735125000000000e+06
1.744987031250000000e+05
8.821803125000000000e+04
1.195746000000000000e+08
8.435454000000000000e+06
8.338804800000000000e+07
8.492705468750000000e+04
1.582689760000000000e+08
1.379172800000000000e+08
7.832207812500000000e+04
2.241770400000000000e+07
2.023312500000000000e+04
1.990920703125000000e+04
6.446181888000000000e+09
1.789050240000000000e+09
8.207055625000000000e+05
5.472614000000000000e+07
1.993685000000000000e+05
7.458531875000000000e+05
6.966073600000000000e+08
3.137086875000000000e+05
1.472179500000000000e+06
2.257791875000000000e+05
1.060088934400000000e+10
8.804438000000000000e+06
6.231086000000000000e+06
1.080532375000000000e+06
4.264540500000000000e+06
3.782318800000000000e+07
8.850402000000000000e+06
2.732561250000000000e+05
2.775223437500000000e+04
6.977223125000000000e+05
8.295845600000000000e+07
1.289213625000000000e+06
6.269290527343750000e+03
5.511829375000000000e+05
2.192973125000000000e+05
1.422895625000000000e+06
1.292595019531250000e+04
5.171843437500000000e+05
1.486836500000000000e+06
8.155007031250000000e+04
9.473079687500000000e+04
4.617508125000000000e+05
3.310272812500000000e+05
5.163396562500000000e+05
1.471184531250000000e+05
8.295845600000000000e+07
1.537389746093750000e+04
4.485792578125000000e+04
1.090468046875000000e+05
3.991075781250000000e+04
3.685429062500000000e+05
9.565525000000000000e+04
1.486836500000000000e+06
9.927432812500000000e+04
2.199969375000000000e+05
4.617508125000000000e+05
5.163396562500000000e+05
2.831733007812500000e+04
6.675254687500000000e+04
1.090468046875000000e+05
3.685429062500000000e+05
9.927432812500000000e+04
2.831733007812500000e+04
2.221759750000000000e+06
5.083266796875000000e+04
3.449932031250000000e+04
4.226763200000000000e+07
1.607667700000000000e+07
1.563230312500000000e+05
2.226659600000000000e+07
1.012186484375000000e+05
1.252044218750000000e+05
5.956963600000000000e+07
6.696510500000000000e+06
9.221230625000000000e+05
1.461903375000000000e+06
4.494045000000000000e+06
2.890917250000000000e+06
1.443362187500000000e+05
8.428100781250000000e+04
7.184791015625000000e+03
8.316796093750000000e+04
9.151111250000000000e+05
2.680283437500000000e+05
1.494916625000000000e+06
7.734226250000000000e+05
9.198348000000000000e+06
2.549495117187500000e+03
1.024410156250000000e+03
4.149088378906250000e+03
1.432520312500000000e+05
2.720924062500000000e+05
1.945552800000000000e+07
3.511178125000000000e+05
8.693642000000000000e+06
3.088785000000000000e+06
1.274845468750000000e+05
1.945552800000000000e+07
3.088785000000000000e+06
6.763471875000000000e+05
4.560244375000000000e+05
4.616393750000000000e+05
6.384596093750000000e+04
3.782696484375000000e+04
9.312611250000000000e+05
2.401368945312500000e+04
2.683363476562500000e+04
1.002096562500000000e+05
1.161599902343750000e+04
1.374250312500000000e+05
4.784440625000000000e+05
1.180537890625000000e+04
5.050634375000000000e+04
1.116347200000000000e+08
1.709785468750000000e+05
3.226591250000000000e+05
5.560445000000000000e+06
4.572140000000000000e+06
1.000287700000000000e+07
8.878817968750000000e+04
4.824313500000000000e+06
8.364594531250000000e+04
2.276492187500000000e+05
2.182064000000000000e+07
4.955176875000000000e+05
1.334839750000000000e+06
5.441010625000000000e+05
1.419332625000000000e+06
7.601265000000000000e+06
1.494839625000000000e+06
4.003373750000000000e+05
1.197009125000000000e+06
4.263388671875000000e+04
8.801491406250000000e+04
2.084883906250000000e+05
2.235793554687500000e+04
1.237480781250000000e+05
1.674637890625000000e+04
1.930375122070312500e+03
3.504033500000000000e+06
7.504285156250000000e+03
1.633310125000000000e+06
3.420783750000000000e+06
1.617520312500000000e+05
3.782303125000000000e+04
6.041593750000000000e+05
5.777577000000000000e+06
9.739566000000000000e+06
1.683296875000000000e+05
9.599076250000000000e+05
5.760021484375000000e+04
7.816870000000000000e+05
1.108826480000000000e+08
2.446144000000000000e+06
1.052854750000000000e+06
2.242836093750000000e+05
3.250676800000000000e+07
2.766731562500000000e+05
1.682113085937500000e+04
1.609405625000000000e+06
3.777173828125000000e+04
1.689520937500000000e+05
1.315214500000000000e+07
1.425088750000000000e+05
2.325287500000000000e+05
8.693642000000000000e+06
1.848244531250000000e+04
1.986291093750000000e+05
7.778906250000000000e+05
2.379946562500000000e+05
5.236144140625000000e+04
4.709273437500000000e+04
1.669471375000000000e+06
1.479156738281250000e+04
1.840844250000000000e+06
3.608846875000000000e+04
1.315214500000000000e+07
1.907943359375000000e+04
3.822617968750000000e+04
1.395766406250000000e+04
5.566206250000000000e+05
1.699932656250000000e+05
7.778906250000000000e+05
1.110617125000000000e+06
1.701935937500000000e+04
1.669471375000000000e+06
1.840844250000000000e+06
4.457948046875000000e+04
7.082006347656250000e+03
3.822617968750000000e+04
5.566206250000000000e+05
1.110617125000000000e+06
4.457948046875000000e+04
6.780637500000000000e+06
5.616426500000000000e+06
1.071651360000000000e+08
3.384213437500000000e+05
8.130544000000000000e+06
8.631016000000000000e+06
6.780637500000000000e+06
1.791174016000000000e+09
1.071651360000000000e+08
8.130544000000000000e+06
1.791174016000000000e+09
4.179665312500000000e+05
6.277607421875000000e+04
1.371643875000000000e+06
9.331963867187500000e+03
3.101769062500000000e+05
3.093706835937500000e+04
1.576369531250000000e+04
5.312592500000000000e+05
1.422541250000000000e+05
7.001450195312500000e+03
3.340881640625000000e+04
6.429679500000000000e+06
3.738219140625000000e+04
5.260358500000000000e+06
9.745420000000000000e+06
4.150580078125000000e+04
3.262081054687500000e+04
2.860711250000000000e+05
1.154533125000000000e+06
2.293415625000000000e+04
5.281381640625000000e+04
7.446818750000000000e+05
2.104701562500000000e+05
2.354488437500000000e+05
1.169582714843750000e+04
2.265078906250000000e+04
5.206520703125000000e+04
8.564810937500000000e+04
7.442398925781250000e+03
1.175542382812500000e+04
5.023141113281250000e+03
1.154910937500000000e+04
7.373727050781250000e+03
1.158452148437500000e+04
4.972651367187500000e+03
4.908133300781250000e+03
4.861752441406250000e+03
2.533784400000000000e+07
8.182148437500000000e+04
9.301030468750000000e+04
9.468424375000000000e+05
1.869000800000000000e+07
9.977273600000000000e+07
9.541681000000000000e+06
2.271982968750000000e+05
5.004912400000000000e+07
3.936982000000000000e+07
1.351865375000000000e+06
1.610651840000000000e+08
1.403539625000000000e+06
7.418338125000000000e+05
2.936444108800000000e+10
2.624086400000000000e+07
3.102767500000000000e+06
8.959800320000000000e+09
1.855015200000000000e+07
1.266921375000000000e+06
3.979460352000000000e+09
1.791342800000000000e+07
1.779190000000000000e+07
1.652199200000000000e+07
7.200489472000000000e+10
1.485451008000000000e+09
6.607595500000000000e+06
8.318570880000000000e+08
8.623488640000000000e+08
7.200489472000000000e+10
5.761252343750000000e+04
6.634356250000000000e+05
7.423334000000000000e+06
8.693642000000000000e+06
4.182986718750000000e+04
2.030075937500000000e+05
7.423334000000000000e+06
2.030075937500000000e+05
4.237771000000000000e+06
4.080179600000000000e+07
1.655359458923339844e+01
8.278431875000000000e+05
1.745591125000000000e+06
5.007993316650390625e+01
4.459014062500000000e+05
1.974606323242187500e+01
3.150868750000000000e+06
1.127666950225830078e+01
1.516671488000000000e+09
8.211360931396484375e+01
4.237771000000000000e+06
3.817318344116210938e+01
4.080179600000000000e+07
1.655359458923339844e+01
8.593447113037109375e+01
1.745591125000000000e+06
5.007993316650390625e+01
1.974606323242187500e+01
2.334693908691406250e+02
1.516671488000000000e+09
8.211360931396484375e+01
3.817318344116210938e+01
8.593447113037109375e+01
2.334693908691406250e+02
1.750488875000000000e+06
3.346130078125000000e+04
7.261706250000000000e+05
2.488363593750000000e+05
1.556775000000000000e+05
1.795870500000000000e+06
1.041530156250000000e+05
3.820019531250000000e+04
1.322873875000000000e+06
7.167175000000000000e+04
1.245730312500000000e+05
9.382494140625000000e+03
3.991262109375000000e+04
1.087214765625000000e+05
9.176089843750000000e+04
9.158354492187500000e+03
3.625104296875000000e+04
2.134660156250000000e+04
2.113045507812500000e+04
6.353091015625000000e+04
7.355408125000000000e+05
4.739856445312500000e+03
3.565706250000000000e+05
2.676801452636718750e+02
2.010231445312500000e+04
2.193937343750000000e+05
9.444276123046875000e+02
4.424858593750000000e+04
6.517385253906250000e+03
1.473594726562500000e+04
6.154135625000000000e+05
7.878246250000000000e+05
9.977273600000000000e+07
7.127344500000000000e+06
1.225079003906250000e+04
1.371677600000000000e+08
1.312890000000000000e+05
1.059633984375000000e+04
2.684673536000000000e+09
2.119114375000000000e+05
1.045288671875000000e+05
1.916927500000000000e+05
6.403599000000000000e+06
6.541616875000000000e+05
4.765390625000000000e+04
6.637033125000000000e+05
1.393394600000000000e+07
7.760672656250000000e+04
1.226860625000000000e+06
5.942518500000000000e+06
4.515001875000000000e+05
1.208450156250000000e+05
5.029124000000000000e+06
6.205268359375000000e+04
3.644803437500000000e+05
3.972632000000000000e+06
1.965652968750000000e+05
1.145186171875000000e+05
3.728697200000000000e+07
3.626634375000000000e+05
5.294902343750000000e+04
4.136091000000000000e+06
3.953304375000000000e+05
1.871912656250000000e+05
9.664400781250000000e+04
9.295474000000000000e+06
1.016645250000000000e+06
2.539182968750000000e+05
5.429171250000000000e+05
3.940422800000000000e+07
1.427406625000000000e+06
1.358070625000000000e+06
3.940422800000000000e+07
6.853104500000000000e+06
3.018856750000000000e+06
3.046444400000000000e+07
2.202335156250000000e+05
4.628819500000000000e+06
6.836282500000000000e+06
7.153917000000000000e+06
1.472839200000000000e+08
2.798242000000000000e+07
4.783617500000000000e+06
1.491838720000000000e+08
2.364619062500000000e+05
1.087418750000000000e+04
6.384090800000000000e+07
3.571717529296875000e+03
4.152980957031250000e+03
3.710854250000000000e+06
2.398674804687500000e+04
8.636607421875000000e+03
8.092192500000000000e+05
6.336335937500000000e+04
2.046139257812500000e+04
2.965850195312500000e+04
1.631625280000000000e+08
4.094758400000000000e+07
4.761765234375000000e+04
1.372902560000000000e+08
8.000370312500000000e+04
2.029106054687500000e+04
2.438150912000000000e+09
9.610048750000000000e+05
1.272300875000000000e+06
1.514110000000000000e+06
8.373472500000000000e+06
4.097644531250000000e+04
1.669476125000000000e+06
3.955936562500000000e+05
5.244458125000000000e+05
3.414532000000000000e+07
6.985904375000000000e+05
5.760076171875000000e+04
3.002191250000000000e+05
9.440798125000000000e+05
3.561169140625000000e+04
5.947990000000000000e+05
8.405581000000000000e+06
1.283418750000000000e+04
3.080734179687500000e+04
2.759874687500000000e+05
1.299096093750000000e+05
1.389421679687500000e+04
4.776899375000000000e+05
1.623521679687500000e+04
9.920373750000000000e+05
2.489669218750000000e+05
1.758946289062500000e+04
7.473013750000000000e+05
4.837499000000000000e+06
1.864397851562500000e+04
7.872673750000000000e+05
1.312305000000000000e+06
2.591223125000000000e+05
2.192973125000000000e+05
1.823783281250000000e+05
6.827226500000000000e+06
1.184980078125000000e+04
7.987519375000000000e+05
2.634259250000000000e+06
9.682925781250000000e+04
1.021539843750000000e+05
1.846603437500000000e+05
5.004597600000000000e+07
1.366973593750000000e+05
4.054101171875000000e+04
3.508371875000000000e+04
1.523045500000000000e+06
5.447921250000000000e+05
5.096568125000000000e+05
3.066559062500000000e+05
6.330513671875000000e+04
9.644402343750000000e+04
9.155075781250000000e+04
1.228217800000000000e+07
1.518147187500000000e+05
4.380014062500000000e+05
1.496180250000000000e+06
1.189526406250000000e+05
3.902961328125000000e+04
1.353857812500000000e+04
5.114124687500000000e+05
5.508319375000000000e+05
5.026349218750000000e+04
3.747871875000000000e+04
4.407235500000000000e+06
2.908319726562500000e+04
1.857263750000000000e+05
1.616715332031250000e+04
1.137656500000000000e+06
6.195025625000000000e+05
2.241743281250000000e+05
3.285128125000000000e+04
1.383463500000000000e+06
5.908936328125000000e+04
1.626318437500000000e+05
1.005080300000000000e+07
1.968354218750000000e+05
1.075823000000000000e+06
4.826584375000000000e+05
8.443263125000000000e+05
2.385968906250000000e+05
4.504667187500000000e+05
5.861086800000000000e+07
2.649956445312500000e+04
9.488687500000000000e+03
9.930719531250000000e+04
3.332086328125000000e+04
1.832657125000000000e+06
9.091403125000000000e+05
2.604932031250000000e+05
2.143475195312500000e+04
1.372902560000000000e+08
1.648221760000000000e+08
7.003728000000000000e+06
1.485132000000000000e+07
1.422895625000000000e+06
6.903166000000000000e+06
1.039739843750000000e+05
1.836498125000000000e+05
1.254525390625000000e+05
1.070155078125000000e+04
2.547936800000000000e+08
3.018573120000000000e+08
1.832657125000000000e+06
4.774388000000000000e+06
9.091403125000000000e+05
2.604932031250000000e+05
4.793674560000000000e+08
1.372902560000000000e+08
1.648221760000000000e+08
1.485132000000000000e+07
1.251293700000000000e+07
3.388299750000000000e+06
1.039739843750000000e+05
7.989171875000000000e+05
1.836498125000000000e+05
1.254525390625000000e+05
1.933546496000000000e+09
2.547936800000000000e+08
3.018573120000000000e+08
4.774388000000000000e+06
4.793674560000000000e+08
1.440524960000000000e+08
1.251293700000000000e+07
3.388299750000000000e+06
7.989171875000000000e+05
1.933546496000000000e+09
1.440524960000000000e+08
3.338301953125000000e+04
7.743992968750000000e+04
6.217208496093750000e+03
4.505012890625000000e+04
1.947722875000000000e+06
2.127872812500000000e+05
1.733806274414062500e+03
8.137014843750000000e+04
2.119068000000000000e+06
6.290422851562500000e+03
2.430175000000000000e+04
3.650330625000000000e+05
4.112443359375000000e+03
5.961231445312500000e+03
1.631433750000000000e+05
1.687447851562500000e+04
3.990082031250000000e+03
8.395827343750000000e+04
6.204742187500000000e+04
9.179483750000000000e+05
1.424830468750000000e+05
2.557402343750000000e+05
5.612468400000000000e+07
2.349282500000000000e+05
7.266315625000000000e+04
1.411364531250000000e+05
8.714978750000000000e+05
3.290533984375000000e+04
2.244633000000000000e+06
1.784244875000000000e+06
4.883540234375000000e+04
7.161810937500000000e+04
2.311519218750000000e+05
2.280744843750000000e+05
4.737685156250000000e+04
4.057779687500000000e+04
3.910482250000000000e+06
6.828032031250000000e+04
1.249955125000000000e+06
4.754163600000000000e+07
4.130750000000000000e+05
4.282416000000000000e+06
1.543069843750000000e+05
1.880855600000000000e+07
6.490635000000000000e+05
7.540996500000000000e+06
8.237003200000000000e+07
8.611771875000000000e+05
3.253813000000000000e+06
2.200621600000000000e+07
3.514814000000000000e+06
1.203828417968750000e+04
2.750331500000000000e+06
1.771883984375000000e+04
8.575444531250000000e+04
1.219888183593750000e+04
2.882663500000000000e+06
1.042612402343750000e+04
2.732381250000000000e+04
5.896561000000000000e+06
4.739714062500000000e+04
1.685372187500000000e+05
8.522511875000000000e+05
1.732314062500000000e+04
4.572162000000000000e+06
3.129715820312500000e+03
2.391508250000000000e+06
1.823783281250000000e+05
1.320314453125000000e+04
3.452144000000000000e+06
1.753312656250000000e+05
2.905176171875000000e+04
9.722130468750000000e+04
1.336970312500000000e+05
7.591797500000000000e+05
3.135206835937500000e+04
5.713218125000000000e+05
1.126195410156250000e+04
1.649860468750000000e+05
2.669406640625000000e+04
6.201699375000000000e+05
2.275979843750000000e+05
1.474947460937500000e+04
5.215585500000000000e+06
1.183675859375000000e+05
2.151601093750000000e+05
3.345861250000000000e+05
2.317826093750000000e+05
1.652211625000000000e+06
2.157594335937500000e+04
2.217761250000000000e+05
1.494928400000000000e+07
5.655036875000000000e+05
4.459961000000000000e+06
7.515080468750000000e+04
1.582689760000000000e+08
1.372902560000000000e+08
7.158681250000000000e+05
2.226659600000000000e+07
3.620193125000000000e+05
1.797618593750000000e+05
1.137694976000000000e+09
5.109501760000000000e+08
2.123761500000000000e+06
8.059459000000000000e+06
1.209335546875000000e+05
9.564990625000000000e+05
6.991671040000000000e+08
5.217421500000000000e+06
4.422932000000000000e+07
2.218446250000000000e+06
5.343348736000000000e+09
2.938848800000000000e+07
3.409358400000000000e+07
1.520987250000000000e+06
8.926034400000000000e+07
4.014006080000000000e+08
1.789796800000000000e+08
4.784575781250000000e+04
3.345160156250000000e+04
1.695181125000000000e+06
2.394906000000000000e+07
2.571452656250000000e+05
4.080609062500000000e+05
8.855687000000000000e+06
1.581326660156250000e+04
3.342981250000000000e+05
2.192973125000000000e+05
3.719215625000000000e+04
8.696608000000000000e+07
8.690484000000000000e+06
1.362160375000000000e+06
7.736637500000000000e+06
4.642132187500000000e+05
8.599974000000000000e+06
1.210141824000000000e+09
8.696608000000000000e+07
8.690484000000000000e+06
7.736637500000000000e+06
1.210141824000000000e+09
4.953823242187500000e+02
7.091905625000000000e+05
8.610749000000000000e+06
8.693642000000000000e+06
3.351073303222656250e+02
5.078711547851562500e+02
8.610749000000000000e+06
5.078711547851562500e+02
6.026321250000000000e+05
2.681792773437500000e+04
5.077574687500000000e+05
7.643311718750000000e+04
7.018699500000000000e+06
2.520100468750000000e+05
4.733600000000000000e+05
3.026166750000000000e+06
2.861110546875000000e+04
1.548567187500000000e+05
1.077129531250000000e+05
3.859623828125000000e+04
6.219936875000000000e+05
4.149286328125000000e+04
6.977223125000000000e+05
1.968316562500000000e+05
4.882980859375000000e+04
5.129345000000000000e+05
1.421290937500000000e+05
2.354183593750000000e+04
2.044850937500000000e+05
1.712650195312500000e+04
1.402448750000000000e+05
6.041415527343750000e+03
5.652415234375000000e+04
6.782692187500000000e+04
1.113433828125000000e+05
3.350322265625000000e+03
1.792448437500000000e+04
4.760212500000000000e+04
4.984760156250000000e+04
1.740207375000000000e+06
4.142924218750000000e+04
1.682998281250000000e+05
1.728694843750000000e+05
2.351206800000000000e+07
3.442986328125000000e+04
1.468639160156250000e+04
3.478512187500000000e+05
4.080179600000000000e+07
9.739566000000000000e+06
1.392825312500000000e+05
1.778657200000000000e+07
2.106757968750000000e+05
3.293294062500000000e+05
1.058625408000000000e+09
4.133393750000000000e+06
9.892570000000000000e+05
6.566718750000000000e+05
3.256174800000000000e+07
3.061274400000000000e+07
1.375849250000000000e+06
1.530949760000000000e+08
1.015682109375000000e+05
4.808765000000000000e+06
7.417086875000000000e+05
3.700915750000000000e+06
1.860937920000000000e+08
1.588844000000000000e+07
1.451352750000000000e+06
5.163509600000000000e+07
8.082388281250000000e+04
1.422895625000000000e+06
7.029922851562500000e+03
3.199499000000000000e+06
4.156006000000000000e+07
1.526706200000000000e+07
1.698613437500000000e+05
1.423225312500000000e+05
5.907503000000000000e+06
1.410544433593750000e+04
5.900954000000000000e+06
2.688334687500000000e+05
1.700607031250000000e+05
8.607282400000000000e+07
3.984659750000000000e+06
2.505652187500000000e+05
3.121648640000000000e+08
2.948933750000000000e+06
1.010563125000000000e+06
9.277672000000000000e+06
2.752685742187500000e+04
7.638714062500000000e+04
3.922071875000000000e+05
3.103140608000000000e+09
1.488520500000000000e+06
1.301047656250000000e+05
2.597059200000000000e+07
1.934037968750000000e+05
5.498216000000000000e+07
1.195746000000000000e+08
8.295845600000000000e+07
1.906277187500000000e+05
1.372902560000000000e+08
3.330961250000000000e+05
1.555977968750000000e+05
1.784762496000000000e+09
2.131043000000000000e+06
3.836138000000000000e+06
9.097670000000000000e+06
4.761486800000000000e+07
9.870280273437500000e+03
8.574692382812500000e+02
1.450123100000000000e+07
2.678551000000000000e+06
7.178830566406250000e+02
1.084164941406250000e+04
4.336186500000000000e+06
4.850785827636718750e+02
5.460951250000000000e+05
4.771898000000000000e+06
1.032243828125000000e+05
4.994667000000000000e+06
4.684163281250000000e+04
3.165281875000000000e+05
1.027354200000000000e+07
1.462809843750000000e+05
6.963940625000000000e+05
4.155972187500000000e+05
1.567429000000000000e+06
8.771804375000000000e+05
1.751301562500000000e+04
7.419385000000000000e+05
2.029255625000000000e+06
5.266995703125000000e+04
6.055645625000000000e+05
1.969404375000000000e+06
2.192973125000000000e+05
8.932776562500000000e+04
2.240670000000000000e+06
2.161948828125000000e+04
4.142004687500000000e+05
2.085389125000000000e+06
1.001532890625000000e+05
1.701949062500000000e+05
1.455773700000000000e+07
7.582153125000000000e+04
7.018988281250000000e+04
1.059884625000000000e+06
2.066718750000000000e+05
1.000585937500000000e+05
1.545317187500000000e+05
4.933014000000000000e+06
9.073534375000000000e+05
1.551130156250000000e+05
6.876437500000000000e+05
3.530171600000000000e+07
8.455595312500000000e+04
1.969016875000000000e+05
1.614996000000000000e+06
9.977273600000000000e+07
7.279541992187500000e+03
3.923569921875000000e+04
1.118270468750000000e+05
8.530784179687500000e+03
6.823515136718750000e+03
8.792778930664062500e+02
2.635741750000000000e+06
1.466676700000000000e+07
7.892496875000000000e+05
6.827226500000000000e+06
9.508899414062500000e+03
7.729537963867187500e+02
7.250224121093750000e+03
1.575024658203125000e+03
2.668960800000000000e+07
2.508041000000000000e+06
3.051411250000000000e+06
1.576742675781250000e+03
5.311830078125000000e+03
7.616904907226562500e+02
1.441604400000000000e+07
9.945189208984375000e+02
2.089813476562500000e+03
1.356942343750000000e+05
1.401037600000000000e+07
7.361724243164062500e+02
2.623287841796875000e+03
1.694365000000000000e+05
8.517061767578125000e+02
1.088925683593750000e+04
5.851877500000000000e+05
1.387676391601562500e+03
5.268248535156250000e+03
1.021705546875000000e+05
2.786165429687500000e+04
8.223576171875000000e+03
2.768617187500000000e+04
2.568580156250000000e+05
5.805851953125000000e+04
2.513418800000000000e+07
2.433120849609375000e+03
6.315790000000000000e+05
2.117574843750000000e+05
6.333680175781250000e+03
2.932963750000000000e+06
2.114297656250000000e+05
4.078074218750000000e+04
8.290947656250000000e+04
1.666816400000000000e+07
9.739566000000000000e+06
2.261715600000000000e+07
2.271982968750000000e+05
6.332104000000000000e+06
2.500675200000000000e+07
9.997522656250000000e+04
2.226659600000000000e+07
7.405248125000000000e+05
2.520100468750000000e+05
5.176805760000000000e+08
4.121314880000000000e+08
6.503361500000000000e+06
3.998660400000000000e+07
1.289192875000000000e+06
7.109606000000000000e+06
2.754356800000000000e+08
9.923306875000000000e+05
5.007588000000000000e+06
7.619409000000000000e+06
3.880742144000000000e+09
1.095110080000000000e+08
7.295284800000000000e+07
2.692516800000000000e+07
8.231129600000000000e+07
7.760581760000000000e+08
2.637177187500000000e+05
5.374579296875000000e+04
1.179824843750000000e+05
2.057905875000000000e+06
2.437558000000000000e+06
7.252113750000000000e+05
1.621485351562500000e+04
1.603966000000000000e+06
7.627583593750000000e+04
6.819110156250000000e+04
9.798141875000000000e+05
1.199240640000000000e+08
1.708951000000000000e+06
3.772107250000000000e+06
1.164654080000000000e+08
2.130272968750000000e+05
9.339837600000000000e+07
9.739566000000000000e+06
1.222132324218750000e+04
2.191164400000000000e+07
3.358444921875000000e+04
1.633488476562500000e+04
3.677571328000000000e+09
2.334121250000000000e+05
1.202478984375000000e+05
1.191640625000000000e+05
6.377873500000000000e+06
6.530995000000000000e+06
2.220361600000000000e+07
1.031100546875000000e+05
4.087868400000000000e+07
1.293483671875000000e+05
1.679001718750000000e+05
6.905851200000000000e+07
3.712010937500000000e+05
1.588077125000000000e+06
3.739159062500000000e+05
4.396611000000000000e+06
2.910336250000000000e+06
6.354587500000000000e+04
3.912261875000000000e+05
1.423883750000000000e+05
3.986901600000000000e+07
9.739566000000000000e+06
1.288680664062500000e+04
2.513418800000000000e+07
3.104657812500000000e+04
1.522523828125000000e+04
1.336220800000000000e+09
1.070037343750000000e+05
1.217531093750000000e+05
6.710949218750000000e+04
2.601340500000000000e+06
1.122481406250000000e+05
2.962213125000000000e+05
7.317186500000000000e+06
1.507606250000000000e+05
3.666987812500000000e+05
7.708404296875000000e+03
9.814930000000000000e+05
3.818726171875000000e+04
7.499936718750000000e+04
7.642933593750000000e+03
8.888851562500000000e+03
1.148145000000000000e+06
1.464990500000000000e+06
1.811220156250000000e+05
9.977273600000000000e+07
2.261715600000000000e+07
7.273337402343750000e+03
1.372902560000000000e+08
3.871055078125000000e+04
1.500771679687500000e+04
1.657424768000000000e+09
1.117686250000000000e+05
1.617643593750000000e+05
6.766914062500000000e+04
4.207492812500000000e+05
1.354792625000000000e+06
2.815752539062500000e+04
5.878107031250000000e+04
1.309217700000000000e+07
1.017827031250000000e+05
2.176577343750000000e+05
9.913436000000000000e+06
4.520023437500000000e+04
7.794334960937500000e+03
1.823783281250000000e+05
3.825240625000000000e+05
2.815752539062500000e+04
5.878107031250000000e+04
1.309217700000000000e+07
4.054472656250000000e+04
3.298924804687500000e+03
1.316288750000000000e+05
1.854127250000000000e+06
7.794334960937500000e+03
1.823783281250000000e+05
7.667137207031250000e+03
3.825240625000000000e+05
7.551537109375000000e+03
3.220491875000000000e+05
1.604858593750000000e+04
3.298924804687500000e+03
1.316288750000000000e+05
2.922731445312500000e+04
1.854127250000000000e+06
1.094758300781250000e+04
1.721444625000000000e+06
7.568939062500000000e+04
1.604858593750000000e+04
5.395250854492187500e+02
1.525298339843750000e+04
8.137364062500000000e+04
7.568939062500000000e+04
2.081711914062500000e+03
3.183636328125000000e+04
3.579218125000000000e+05
1.592636840820312500e+03
1.306061718750000000e+04
6.479057421875000000e+04
7.096148437500000000e+04
4.871877500000000000e+05
6.534166406250000000e+04
2.680330078125000000e+04
1.902198281250000000e+05
2.476130468750000000e+04
8.824217968750000000e+04
8.392903125000000000e+05
3.538330859375000000e+04
1.236472187500000000e+05
1.880047000000000000e+06
1.422895625000000000e+06
1.647436093750000000e+05
1.154533125000000000e+06
4.613313281250000000e+04
4.837499000000000000e+06
8.587286718750000000e+04
9.649590000000000000e+06
1.311105120000000000e+08
3.220170898437500000e+02
3.660635625000000000e+05
1.904142303466796875e+02
4.579053125000000000e+04
4.733810000000000000e+06
7.483482000000000000e+06
9.974887084960937500e+02
1.951435000000000000e+05
3.620338125000000000e+05
5.400068125000000000e+05
9.681658325195312500e+02
2.820895360000000000e+08
6.714374389648437500e+02
2.243638000488281250e+02
1.929693593750000000e+05
6.648025781250000000e+04
1.304263793945312500e+03
1.861388800000000000e+08
6.729838378906250000e+03
7.547994384765625000e+02
1.369027500000000000e+06
1.935796142578125000e+03
9.813623657226562500e+02
5.927644653320312500e+02
5.128576875000000000e+05
4.826814453125000000e+03
1.135500366210937500e+03
7.374043457031250000e+03
2.515522216796875000e+03
5.047016113281250000e+03
2.302357226562500000e+04
6.554437500000000000e+05
3.942795625000000000e+05
1.498048100000000000e+07
2.805952000000000000e+06
8.693642000000000000e+06
5.900954000000000000e+06
3.511417578125000000e+04
1.321337304687500000e+04
1.030342734375000000e+05
3.942795625000000000e+05
1.498048100000000000e+07
3.020576000000000000e+07
5.900954000000000000e+06
1.321337304687500000e+04
1.030342734375000000e+05
3.682744140625000000e+04
3.020576000000000000e+07
3.682744140625000000e+04
1.689339200000000000e+07
4.634161718750000000e+04
2.116343164062500000e+04
1.594740781250000000e+05
1.943662031250000000e+05
1.226620875000000000e+06
3.040863000000000000e+06
1.316388875000000000e+06
1.101333250000000000e+06
4.845281875000000000e+05
1.009997687500000000e+06
1.419929625000000000e+06
5.080615625000000000e+04
1.169047375000000000e+06
5.870695312500000000e+04
1.946137125000000000e+06
7.521891406250000000e+04
2.490273250000000000e+06
7.651793750000000000e+04
5.629336328125000000e+04
1.824563750000000000e+06
9.568627343750000000e+04
7.063300000000000000e+04
9.042850781250000000e+04
4.962770000000000000e+06
9.739566000000000000e+06
2.475347968750000000e+05
1.771891875000000000e+06
1.324400683593750000e+04
5.539733125000000000e+05
2.061784640000000000e+08
8.008800625000000000e+05
1.110711500000000000e+06
1.140474531250000000e+05
9.950377000000000000e+06
3.586428250000000000e+06
2.261715600000000000e+07
7.385821875000000000e+04
1.036698812500000000e+06
1.570022949218750000e+04
1.218255859375000000e+05
8.238653600000000000e+07
1.480247968750000000e+05
6.497658750000000000e+05
4.086997656250000000e+04
9.353518750000000000e+05
4.490006875000000000e+05
2.197156835937500000e+04
8.786153320312500000e+03
1.543091875000000000e+05
1.370301269531250000e+04
1.680633007812500000e+04
3.311373901367187500e+02
1.834657625000000000e+06
6.004069500000000000e+06
7.048637500000000000e+04
6.827226500000000000e+06
8.916192382812500000e+03
1.785748748779296875e+02
6.432150000000000000e+04
9.552272338867187500e+02
5.060830000000000000e+06
3.136449687500000000e+05
5.073193750000000000e+05
4.697272033691406250e+02
1.523027221679687500e+03
1.559869842529296875e+02
2.268176250000000000e+06
1.492372436523437500e+02
3.313120605468750000e+03
8.549011718750000000e+04
1.207936250000000000e+05
1.949437343750000000e+05
6.552087500000000000e+04
7.096770000000000000e+05
1.689238281250000000e+04
2.131074023437500000e+04
2.475507250000000000e+06
1.444264062500000000e+05
2.873096562500000000e+05
5.962785500000000000e+06
2.172042656250000000e+05
3.713094375000000000e+05
1.002260062500000000e+06
8.249736875000000000e+05
3.762896093750000000e+04
2.357474375000000000e+05
1.192117968750000000e+05
6.694335937500000000e+04
1.406126406250000000e+05
2.229263085937500000e+04
1.167202636718750000e+04
4.489744500000000000e+06
1.254190820312500000e+04
3.133541601562500000e+04
9.033567968750000000e+04
6.855758750000000000e+05
1.937658125000000000e+05
1.438774609375000000e+04
4.691132421875000000e+04
9.595110351562500000e+03
2.187432617187500000e+03
9.623641250000000000e+05
3.508898800000000000e+07
4.668991500000000000e+06
3.437182373046875000e+03
7.029761718750000000e+03
2.396039200000000000e+07
8.322460937500000000e+03
3.276311132812500000e+04
2.935205625000000000e+05
1.039128203125000000e+05
4.953596000000000000e+06
1.271171972656250000e+04
8.693642000000000000e+06
5.116475937500000000e+05
5.320591796875000000e+04
3.731845458984375000e+03
9.985201562500000000e+04
1.039128203125000000e+05
4.953596000000000000e+06
2.044545250000000000e+06
5.116475937500000000e+05
3.731845458984375000e+03
9.985201562500000000e+04
1.358212500000000000e+04
2.044545250000000000e+06
1.358212500000000000e+04
2.024894250000000000e+06
6.839821600000000000e+07
9.739566000000000000e+06
4.044524218750000000e+04
1.030895760000000000e+08
1.185718515625000000e+05
3.098735742187500000e+04
5.713876992000000000e+09
1.004230062500000000e+06
2.690948437500000000e+05
3.241500312500000000e+05
1.157604100000000000e+07
2.929388500000000000e+06
9.977273600000000000e+07
2.261715600000000000e+07
8.036274375000000000e+05
3.061514000000000000e+07
1.728663500000000000e+06
3.878400625000000000e+05
1.372902560000000000e+08
7.197865000000000000e+06
1.343990750000000000e+06
1.083712000000000000e+10
6.468122400000000000e+07
2.874189500000000000e+06
1.657424768000000000e+09
1.030850560000000000e+08
2.122947200000000000e+07
7.411458560000000000e+08
3.051271200000000000e+07
1.676920000000000000e+06
1.442521280000000000e+08
7.200489472000000000e+10
1.107075788800000000e+10
6.161422400000000000e+07
1.709717376000000000e+09
7.823418240000000000e+08
7.200489472000000000e+10
3.607008125000000000e+05
3.311712500000000000e+05
1.443502636718750000e+04
3.542535400390625000e+03
2.724746875000000000e+05
1.697557500000000000e+05
1.167145234375000000e+05
1.336901406250000000e+05
2.629465250000000000e+06
2.240670000000000000e+06
6.542065500000000000e+06
2.611280000000000000e+06
4.789963000000000000e+06
6.859904500000000000e+06
2.564561500000000000e+06
4.413810000000000000e+06
1.778298000000000000e+07
3.123372812500000000e+05
3.061589600000000000e+07
2.234910468750000000e+05
5.658224800000000000e+07
1.688187343750000000e+05
1.192875875000000000e+06
8.063880960000000000e+08
2.269461750000000000e+06
9.234008125000000000e+05
3.504510800000000000e+07
2.442700800000000000e+07
1.831160000000000000e+07
6.314950195312500000e+03
8.435454000000000000e+06
1.237583750000000000e+06
2.075204101562500000e+03
1.077917114257812500e+03
6.865488000000000000e+06
1.689703906250000000e+04
6.531151367187500000e+03
8.264837000000000000e+06
2.188079589843750000e+03
1.723086523437500000e+04
1.516294750000000000e+06
2.225118400000000000e+07
1.422283750000000000e+06
3.978565250000000000e+06
1.603759062500000000e+05
8.693642000000000000e+06
6.642305200000000000e+07
1.516294750000000000e+06
2.225118400000000000e+07
3.978565250000000000e+06
6.642305200000000000e+07
1.164816250000000000e+06
1.758946289062500000e+04
8.678155625000000000e+05
4.837499000000000000e+06
1.170220234375000000e+05
3.913164687500000000e+05
5.756985000000000000e+06
1.171832812500000000e+05
1.823783281250000000e+05
9.544725000000000000e+05
3.990683593750000000e+04
5.236216875000000000e+05
2.129858500000000000e+06
7.976448437500000000e+04
1.846603437500000000e+05
3.603294800000000000e+07
1.567302656250000000e+05
6.934435156250000000e+04
3.705245312500000000e+05
4.533174687500000000e+05
1.142954843750000000e+05
1.906215468750000000e+05
7.916338500000000000e+06
1.221701250000000000e+06
2.070447187500000000e+05
7.273037500000000000e+05
3.054718945312500000e+04
4.805685546875000000e+04
2.230909062500000000e+05
1.537810000000000000e+06
4.278342812500000000e+05
9.571082031250000000e+04
5.859955468750000000e+04
1.881900000000000000e+06
1.316244687500000000e+05
4.420526562500000000e+05
2.203177000000000000e+06
8.502443125000000000e+05
1.191671250000000000e+05
5.686403125000000000e+05
4.926415625000000000e+05
3.406088437500000000e+05
4.951544375000000000e+05
4.611303125000000000e+04
1.744142382812500000e+04
3.294963500000000000e+06
8.426332812500000000e+04
3.150439208984375000e+03
2.367726250000000000e+05
2.930194335937500000e+04
9.321759765625000000e+03
9.977273600000000000e+07
1.018810081481933594e+01
1.994468437500000000e+05
8.103739375000000000e+05
1.679866027832031250e+01
4.670858000000000000e+06
6.725298000000000000e+06
0.000000000000000000e+00
6.686011314392089844e+00
1.070507226562500000e+04
3.276393508911132812e+01
8.848314400000000000e+07
9.641151200000000000e+07
2.324948310852050781e+00
1.064748668670654297e+01
1.849659687500000000e+05
3.078914642333984375e+00
1.766525840759277344e+01
5.209267500000000000e+06
4.397034645080566406e-03
1.696230316162109375e+01
3.409634399414062500e+01
8.757180000000000000e+07
2.878798007965087891e+00
3.707381248474121094e+00
2.121049499511718750e+01
2.061575000000000000e+05
7.988142000000000000e+06
3.894917500000000000e+05
1.167445375000000000e+06
5.067827148437500000e+03
1.237817187500000000e+05
2.420104492187500000e+04
1.244114062500000000e+04
1.454385781250000000e+05
3.347158203125000000e+04
4.846402000000000000e+06
4.661337500000000000e+04
1.733973625000000000e+06
2.631328800000000000e+07
4.686490000000000000e+05
6.273013750000000000e+05
8.666714000000000000e+06
2.465759179687500000e+04
1.164740750000000000e+06
3.813402500000000000e+06
2.137130468750000000e+05
2.060725781250000000e+05
1.190010937500000000e+05
9.393800625000000000e+05
3.981673828125000000e+04
9.173508800000000000e+07
3.296933125000000000e+05
2.631328800000000000e+07
5.071785937500000000e+04
4.746169140625000000e+04
1.407484472656250000e+04
1.020516800000000000e+07
2.070170937500000000e+05
3.813402500000000000e+06
8.749706250000000000e+05
7.131916406250000000e+04
9.393800625000000000e+05
9.173508800000000000e+07
1.196207656250000000e+05
2.066880078125000000e+04
4.746169140625000000e+04
1.020516800000000000e+07
8.749706250000000000e+05
1.196207656250000000e+05
6.517232500000000000e+05
2.664045312500000000e+04
1.380917871093750000e+04
1.307728320312500000e+04
4.822938000000000000e+06
9.364551250000000000e+05
1.642742375000000000e+06
2.273066562500000000e+05
4.726163671875000000e+04
1.847434400000000000e+07
1.421104062500000000e+05
1.587682812500000000e+04
2.733296000000000000e+06
2.240679687500000000e+04
9.084061875000000000e+05
4.926920500000000000e+06
1.076310937500000000e+04
6.273013750000000000e+05
1.784338906250000000e+05
1.470173730468750000e+04
9.210903750000000000e+05
9.345261875000000000e+05
2.456944921875000000e+04
7.289275781250000000e+04
1.709051875000000000e+05
6.545441875000000000e+05
3.063116455078125000e+03
1.934677200000000000e+07
5.124983593750000000e+04
6.558989843750000000e+04
4.850625781250000000e+04
7.314965625000000000e+04
8.389967773437500000e+03
1.405368100000000000e+07
2.500055000000000000e+05
3.765588671875000000e+04
2.291918750000000000e+06
2.727395507812500000e+04
3.582253906250000000e+04
1.145789000000000000e+06
2.996936562500000000e+05
4.075725781250000000e+04
1.990328515625000000e+04
7.278380000000000000e+05
4.242005312500000000e+05
1.261367187500000000e+05
2.305425625000000000e+05
2.810563671875000000e+04
6.803256875000000000e+05
1.319324900000000000e+07
7.093065917968750000e+03
4.036531562500000000e+05
1.768537375000000000e+06
2.192973125000000000e+05
1.823783281250000000e+05
6.827226500000000000e+06
1.586323535156250000e+04
1.451655937500000000e+05
4.304346000000000000e+06
9.244778125000000000e+04
1.323060937500000000e+05
4.339677200000000000e+07
8.654530468750000000e+04
2.733723632812500000e+04
8.898910625000000000e+05
3.066559062500000000e+05
3.099776171875000000e+04
8.542166406250000000e+04
2.074924800000000000e+07
1.415516625000000000e+06
7.297232812500000000e+04
4.072639062500000000e+05
9.977273600000000000e+07
9.739566000000000000e+06
2.080056093750000000e+05
8.278431875000000000e+05
1.582689760000000000e+08
1.474589375000000000e+06
7.003728000000000000e+06
5.015079375000000000e+05
8.693642000000000000e+06
1.291242187500000000e+04
8.942402560000000000e+09
2.495186800000000000e+07
9.977273600000000000e+07
5.683346500000000000e+06
9.739566000000000000e+06
2.080056093750000000e+05
1.271777100000000000e+07
1.582689760000000000e+08
1.474589375000000000e+06
5.015079375000000000e+05
8.303685760000000000e+08
8.942402560000000000e+09
2.495186800000000000e+07
5.683346500000000000e+06
1.271777100000000000e+07
8.303685760000000000e+08
8.572628125000000000e+05
4.097644531250000000e+04
1.393394600000000000e+07
3.003540312500000000e+05
6.285026000000000000e+06
9.969297000000000000e+06
9.937939375000000000e+05
6.273013750000000000e+05
8.549919000000000000e+06
4.983329296875000000e+04
6.853072000000000000e+06
1.201603625000000000e+06
7.964700000000000000e+05
4.265660000000000000e+05
7.976230000000000000e+05
1.294869500000000000e+06
9.988658593750000000e+04
9.121340800000000000e+07
9.978034375000000000e+05
1.037568700000000000e+07
2.746638125000000000e+05
4.999214062500000000e+04
3.173102734375000000e+04
7.909019000000000000e+06
5.361880000000000000e+06
1.160788625000000000e+06
2.872496000000000000e+06
2.141743593750000000e+05
1.325041750000000000e+06
9.136751200000000000e+07
2.951261250000000000e+05
1.434571093750000000e+05
4.931592187500000000e+04
7.804867500000000000e+06
2.892439500000000000e+06
2.961600312500000000e+05
9.039418125000000000e+05
6.628248437500000000e+04
1.363012343750000000e+05
1.964856406250000000e+05
3.764707187500000000e+05
2.775223437500000000e+04
2.208655078125000000e+04
1.200587011718750000e+04
1.064546500000000000e+06
4.721741875000000000e+05
6.977223125000000000e+05
7.458090625000000000e+05
1.090638875000000000e+06
4.388418125000000000e+05
1.338068300000000000e+07
6.139399609375000000e+04
2.437558000000000000e+06
9.897853906250000000e+04
7.110590000000000000e+05
5.392348750000000000e+05
8.051916875000000000e+05
7.791760937500000000e+04
1.498145300000000000e+07
1.668172750000000000e+06
2.205458000000000000e+06
5.947363281250000000e+04
8.514904000000000000e+06
1.638651875000000000e+05
2.099515312500000000e+05
7.657676000000000000e+06
2.162314218750000000e+05
1.942457656250000000e+05
2.011166500000000000e+06
1.495384687500000000e+05
1.221484218750000000e+05
5.212905500000000000e+06
6.321218750000000000e+05
1.532804531250000000e+05
1.397798500000000000e+06
1.533038100000000000e+07
8.015292500000000000e+06
1.576825781250000000e+05
2.657592187500000000e+05
3.072491750000000000e+06
1.173176900000000000e+07
2.738057500000000000e+06
4.706355468750000000e+03
5.444275000000000000e+05
3.013429000000000000e+06
3.329621750000000000e+06
1.060489257812500000e+04
2.347605000000000000e+05
3.470916800000000000e+07
1.132384062500000000e+05
6.785357812500000000e+04
1.106001375000000000e+06
2.941614687500000000e+05
1.758946289062500000e+04
7.473013750000000000e+05
2.644908984375000000e+04
9.691555664062500000e+03
5.312678125000000000e+05
2.436083007812500000e+04
2.192973125000000000e+05
2.431631835937500000e+03
1.297020234375000000e+05
1.290291894531250000e+04
5.672797500000000000e+05
2.357488671875000000e+04
1.021539843750000000e+05
5.735173828125000000e+03
9.279011875000000000e+05
4.714117968750000000e+04
6.014038085937500000e+02
2.199624414062500000e+04
1.497481738281250000e+04
6.837702343750000000e+04
3.380481201171875000e+03
2.715322500000000000e+05
8.725314062500000000e+04
2.103462646484375000e+03
3.435769921875000000e+04
2.224440000000000000e+05
6.204742187500000000e+04
6.977223125000000000e+05
1.289213625000000000e+06
1.454708496093750000e+04
3.944217500000000000e+05
9.369046875000000000e+04
1.789843359375000000e+04
7.954801250000000000e+05
3.329850000000000000e+04
1.272374921875000000e+05
5.081158593750000000e+04
1.471184531250000000e+05
3.198652343750000000e+04
4.445381250000000000e+04
9.485863281250000000e+03
1.739920312500000000e+05
1.139826484375000000e+05
4.934415234375000000e+04
5.495270000000000000e+05
2.940891992187500000e+04
4.149295000000000000e+05
1.797704375000000000e+05
7.764663281250000000e+04
5.894094531250000000e+04
1.929527343750000000e+04
1.116974414062500000e+04
1.626602800000000000e+07
3.720130468750000000e+04
2.639653250000000000e+06
1.050563437500000000e+05
2.250394400000000000e+07
1.700947812500000000e+05
7.281469375000000000e+05
1.321741200000000000e+08
2.231298281250000000e+05
1.610354500000000000e+06
2.984753250000000000e+06
1.488587375000000000e+06
3.006158250000000000e+06
1.305310546875000000e+05
1.413532910156250000e+04
1.901204375000000000e+05
8.846546875000000000e+03
5.475010000000000000e+05
7.498198242187500000e+02
5.945582275390625000e+02
1.363675875000000000e+06
2.369499375000000000e+05
2.621130156250000000e+05
2.226659600000000000e+07
2.479421250000000000e+05
5.791787500000000000e+05
7.186548000000000000e+06
1.195746000000000000e+08
8.435454000000000000e+06
8.295845600000000000e+07
3.007719531250000000e+04
1.582689760000000000e+08
1.372902560000000000e+08
4.471693359375000000e+04
2.226659600000000000e+07
1.301221386718750000e+04
2.116163476562500000e+04
6.446181888000000000e+09
1.784762496000000000e+09
2.183754687500000000e+05
5.469243200000000000e+07
6.033968750000000000e+04
3.696005625000000000e+05
6.991671040000000000e+08
1.526584062500000000e+05
4.893590937500000000e+05
1.202972265625000000e+05
1.058714828800000000e+10
2.979676750000000000e+06
1.893623625000000000e+06
7.507587500000000000e+05
2.383111750000000000e+06
1.820836800000000000e+07
7.183821875000000000e+05
9.503005859375000000e+03
3.630414843750000000e+04
1.285021972656250000e+04
3.365552500000000000e+05
1.309757187500000000e+05
5.118160644531250000e+03
2.706650000000000000e+04
1.336155600000000000e+07
1.466345000000000000e+06
4.287418000000000000e+06
1.362442968750000000e+05
6.277607421875000000e+04
4.837499000000000000e+06
1.219489160156250000e+04
1.327799375000000000e+06
8.338652343750000000e+04
6.895427343750000000e+04
4.515419375000000000e+05
1.606989375000000000e+05
4.753022460937500000e+03
4.535846093750000000e+04
4.012573200000000000e+07
9.739566000000000000e+06
1.716648437500000000e+04
1.253044300000000000e+07
1.242764453125000000e+04
1.386539843750000000e+04
8.055856640000000000e+08
1.394168906250000000e+05
5.110161328125000000e+04
1.717991601562500000e+04
8.535453125000000000e+05
1.395303437500000000e+05
1.620166699218750000e+04
1.055133984375000000e+04
2.050116015625000000e+04
6.131990625000000000e+05
9.739566000000000000e+06
2.187670117187500000e+04
1.167113625000000000e+06
2.113228027343750000e+03
4.512309765625000000e+04
1.498189250000000000e+06
1.767580078125000000e+04
9.216502343750000000e+04
2.329053515625000000e+04
4.566798437500000000e+04
1.378017600000000000e+07
7.003728000000000000e+06
2.405585000000000000e+06
1.378017600000000000e+07
8.797781000000000000e+06
4.634201171875000000e+04
6.273013750000000000e+05
3.184519000000000000e+06
2.502041210937500000e+04
2.618009687500000000e+05
6.460204101562500000e+03
9.111446093750000000e+04
2.408915820312500000e+04
7.127081250000000000e+05
1.962053906250000000e+04
1.578547750000000000e+06
3.565706250000000000e+05
2.578559531250000000e+05
1.333968437500000000e+05
8.468022460937500000e+03
4.509308776855468750e+02
1.840120849609375000e+03
1.065026720000000000e+08
1.851438000000000000e+07
1.467706250000000000e+05
1.195061400000000000e+07
8.092168750000000000e+04
2.624609375000000000e+05
1.750743040000000000e+09
5.071314000000000000e+06
2.492107250000000000e+06
7.567833750000000000e+05
9.252937600000000000e+07
1.002856687500000000e+06
1.393394600000000000e+07
4.058459750000000000e+06
8.174161875000000000e+05
4.842599500000000000e+06
8.488621250000000000e+05
7.693471875000000000e+05
4.241826500000000000e+06
2.796572070312500000e+04
5.447333750000000000e+05
2.955978125000000000e+04
1.115164921875000000e+05
2.373762207031250000e+03
4.052756250000000000e+04
5.015249609375000000e+04
3.016276123046875000e+03
5.582196875000000000e+05
1.922662500000000000e+04
5.536001171875000000e+04
2.134551600000000000e+07
2.135413671875000000e+04
1.896022500000000000e+05
4.790805312500000000e+05
4.614052500000000000e+05
3.346130078125000000e+04
3.917852734375000000e+04
9.826283203125000000e+03
1.876574804687500000e+04
1.288885839843750000e+04
1.407294921875000000e+03
4.526161621093750000e+03
8.598585600000000000e+07
8.435454000000000000e+06
2.340337656250000000e+05
2.513418800000000000e+07
3.199775312500000000e+05
1.710496562500000000e+05
1.154813440000000000e+09
4.218267500000000000e+06
1.215653000000000000e+06
1.188170875000000000e+06
4.446963600000000000e+07
1.764187750000000000e+06
1.510092160000000000e+08
8.435454000000000000e+06
5.458961875000000000e+05
7.872666015625000000e+03
1.800560875000000000e+06
4.926920500000000000e+06
7.543421875000000000e+04
2.983409600000000000e+07
2.077619375000000000e+05
5.891326875000000000e+05
6.634762500000000000e+04
7.270950400000000000e+08
3.198806500000000000e+06
9.025360625000000000e+05
3.636793088000000000e+09
1.792754400000000000e+07
1.249017500000000000e+06
3.328869140625000000e+04
3.517591796875000000e+04
6.576157714843750000e+03
6.191556800000000000e+07
2.416194843750000000e+05
1.799283625000000000e+06
1.564475125000000000e+06
6.912278125000000000e+05
1.153216250000000000e+05
2.199563671875000000e+04
7.200489472000000000e+10
7.487056000000000000e+07
1.012612187500000000e+06
1.408844480000000000e+08
1.388077968750000000e+05
1.229344042968750000e+04
9.572113281250000000e+03
4.249791000000000000e+06
6.903626500000000000e+06
2.313956562500000000e+05
4.938648046875000000e+04
2.919142144000000000e+09
4.653555859375000000e+04
1.373937625000000000e+06
2.012649218750000000e+05
8.098932031250000000e+04
4.364173437500000000e+04
1.679684400000000000e+07
1.841347460937500000e+04
1.321585742187500000e+04
2.857198750000000000e+06
5.991004296875000000e+04
3.438140234375000000e+04
1.705079882812500000e+04
8.871175781250000000e+03
2.378296679687500000e+04
5.300487792968750000e+03
7.124546250000000000e+05
1.758946289062500000e+04
2.012135937500000000e+04
3.154314648437500000e+04
8.206765625000000000e+04
4.529941406250000000e+03
2.410156640625000000e+04
8.422275000000000000e+04
5.164981445312500000e+03
4.454364257812500000e+03
1.141977343750000000e+04
1.166777890625000000e+05
3.187099609375000000e+04
2.992649658203125000e+03
1.244143750000000000e+04
2.270585937500000000e+05
4.097644531250000000e+04
6.533101171875000000e+04
4.688054375000000000e+05
1.590001269531250000e+04
8.122190625000000000e+04
5.317781250000000000e+04
6.427622558593750000e+03
2.591198281250000000e+05
1.342931000000000000e+06
6.000747656250000000e+04
1.056640468750000000e+05
1.897071406250000000e+05
1.416126562500000000e+05
9.332182031250000000e+04
2.664037812500000000e+05
4.427999609375000000e+04
5.293560546875000000e+03
4.575422363281250000e+03
3.664191750000000000e+06
7.728014062500000000e+04
2.281238867187500000e+04
4.943143359375000000e+04
2.052128400000000000e+07
5.632856250000000000e+05
8.426666000000000000e+06
1.452266625000000000e+06
2.250394400000000000e+07
8.693642000000000000e+06
2.052128400000000000e+07
3.377876480000000000e+08
8.426666000000000000e+06
2.250394400000000000e+07
3.377876480000000000e+08
8.391440800000000000e+07
8.450833000000000000e+06
1.404476875000000000e+06
2.247156000000000000e+07
1.193184250000000000e+06
6.097056000000000000e+06
5.465780800000000000e+07
7.007394400000000000e+07
8.348133500000000000e+06
1.918340400000000000e+07
5.395316800000000000e+07
2.261715600000000000e+07
9.739566000000000000e+06
1.695827880859375000e+03
2.226659600000000000e+07
1.213222778320312500e+03
3.516885375976562500e+02
3.998660400000000000e+07
1.170459863281250000e+04
5.551621582031250000e+03
5.732876464843750000e+03
2.145874609375000000e+04
7.879778442382812500e+02
1.318605625000000000e+05
6.369953918457031250e+01
1.454632263183593750e+02
7.654514000000000000e+06
6.531325000000000000e+06
8.932801562500000000e+04
1.688522343750000000e+05
3.271382800000000000e+07
3.520714062500000000e+05
3.809309687500000000e+05
3.006522500000000000e+06
5.434377500000000000e+05
1.774775625000000000e+05
6.698957031250000000e+03
1.024367109375000000e+05
6.550594531250000000e+04
3.000986328125000000e+03
2.984497000000000000e+06
2.226659600000000000e+07
1.422895625000000000e+06
8.089730000000000000e+06
3.329608125000000000e+05
8.693642000000000000e+06
2.694772400000000000e+07
2.984497000000000000e+06
2.226659600000000000e+07
8.089730000000000000e+06
2.694772400000000000e+07
1.996552160000000000e+08
1.283750546875000000e+05
5.014347500000000000e+05
1.144311800000000000e+07
2.296748535156250000e+03
3.436504296875000000e+04
1.837743945312500000e+04
6.757865625000000000e+04
1.356237670898437500e+03
2.069033984375000000e+04
1.090638875000000000e+06
1.764561279296875000e+03
3.565706250000000000e+05
1.285858032226562500e+03
4.822249023437500000e+03
9.666990234375000000e+03
7.355701562500000000e+04
1.033064331054687500e+03
5.759477734375000000e+04
1.381819335937500000e+03
5.081481933593750000e+03
1.113448750000000000e+05
9.125006713867187500e+02
3.327789550781250000e+03
4.071190673828125000e+03
4.032514843750000000e+04
1.321788330078125000e+03
4.736512207031250000e+03
7.887059082031250000e+03
3.320378417968750000e+03
6.418114746093750000e+03
2.857242500000000000e+06
4.063914453125000000e+04
1.510066500000000000e+06
2.176577343750000000e+05
3.035327812500000000e+05
5.498479687500000000e+04
3.599259750000000000e+06
1.477124125000000000e+06
2.950542400000000000e+07
2.250855468750000000e+04
4.576329687500000000e+05
8.693642000000000000e+06
3.599259750000000000e+06
1.264371920000000000e+08
2.950542400000000000e+07
4.576329687500000000e+05
1.264371920000000000e+08
7.312531200000000000e+07
1.956665937500000000e+05
3.011988125000000000e+05
6.439755500000000000e+06
8.124846649169921875e+01
2.250698547363281250e+02
1.125675277709960938e+02
9.953565000000000000e+06
4.857903515625000000e+04
2.547417343750000000e+05
4.827905625000000000e+05
4.878717600000000000e+07
1.349037250000000000e+06
1.956665937500000000e+05
1.611497500000000000e+06
2.019226250000000000e+05
2.493510546875000000e+04
4.462274800000000000e+07
1.345348900000000000e+07
4.206136875000000000e+05
9.383798125000000000e+05
1.057905700000000000e+07
5.637241250000000000e+05
1.525160156250000000e+04
9.415939843750000000e+04
6.137900390625000000e+04
1.554843125000000000e+05
9.333773125000000000e+05
1.162219335937500000e+04
1.085306484375000000e+05
7.708658500000000000e+06
4.918994140625000000e+04
6.466489453125000000e+04
8.909549375000000000e+05
2.107913085937500000e+04
7.288347500000000000e+05
3.451524750000000000e+06
2.544232031250000000e+05
1.732616406250000000e+05
6.753577500000000000e+06
7.561579687500000000e+04
1.153302109375000000e+05
2.192598400000000000e+07
3.297426875000000000e+05
1.242938250000000000e+06
2.785049609375000000e+04
6.943403125000000000e+05
3.505618750000000000e+04
1.438739062500000000e+05
2.444615234375000000e+03
6.456198828125000000e+04
5.876996875000000000e+04
3.079867919921875000e+03
7.108677500000000000e+05
2.337058984375000000e+04
6.099631640625000000e+04
3.940746750000000000e+06
1.884200195312500000e+04
1.276022875000000000e+06
5.938850000000000000e+04
6.277607421875000000e+04
1.657231445312500000e+03
1.634878515625000000e+04
1.329293750000000000e+05
1.393394600000000000e+07
9.970594531250000000e+04
1.682004101562500000e+04
2.364934687500000000e+05
1.034991093750000000e+05
2.577000390625000000e+04
1.516007343750000000e+05
4.572402000000000000e+06
9.739566000000000000e+06
6.638850781250000000e+04
4.777448500000000000e+06
5.243640234375000000e+04
1.754232656250000000e+05
2.158675200000000000e+07
4.856027187500000000e+05
7.564767500000000000e+05
3.279785312500000000e+05
2.511226750000000000e+06
7.498232000000000000e+07
8.831869000000000000e+06
2.937812812500000000e+05
1.974525200000000000e+07
3.296700312500000000e+05
1.539757968750000000e+05
7.186789760000000000e+08
4.025747500000000000e+06
1.144300500000000000e+06
9.332268125000000000e+05
2.566469600000000000e+07
4.143366000000000000e+07
1.664148100000000000e+07
3.614604687500000000e+05
2.214499600000000000e+07
2.520100468750000000e+05
7.397293125000000000e+05
5.926998000000000000e+07
1.621643400000000000e+07
2.976552250000000000e+06
7.584704000000000000e+06
4.494314000000000000e+07
4.762419531250000000e+04
5.722984375000000000e+04
1.212500488281250000e+04
7.030788085937500000e+03
1.801741250000000000e+05
2.775223437500000000e+04
7.458090625000000000e+05
6.770251953125000000e+03
1.646909843750000000e+05
5.099187890625000000e+04
2.196691406250000000e+04
3.195746875000000000e+05
9.282501562500000000e+04
4.920691894531250000e+03
3.097777929687500000e+04
8.153607031250000000e+04
2.975565937500000000e+05
4.867396800000000000e+07
8.088480468750000000e+04
2.328524609375000000e+04
2.378732812500000000e+05
5.813563125000000000e+05
3.159158398437500000e+04
5.182786500000000000e+06
4.460461328125000000e+04
6.579582500000000000e+05
1.174234125000000000e+06
4.263388671875000000e+04
5.281381640625000000e+04
4.360828515625000000e+04
8.703431250000000000e+04
2.383492500000000000e+05
1.048300976562500000e+04
4.263388671875000000e+04
5.281381640625000000e+04
1.501211230468750000e+04
1.634506054687500000e+04
4.675677246093750000e+03
4.337592285156250000e+03
1.048300976562500000e+04
1.634506054687500000e+04
4.675677246093750000e+03
4.337592285156250000e+03
3.823163330078125000e+03
3.823163330078125000e+03
4.012635156250000000e+04
1.558104296875000000e+04
4.730143437500000000e+05
5.760909667968750000e+03
1.653824609375000000e+04
9.350283200000000000e+07
1.329545800000000000e+07
5.753241406250000000e+04
1.582689760000000000e+08
6.219028750000000000e+05
1.315792968750000000e+05
7.051633152000000000e+09
3.162232500000000000e+06
1.000239562500000000e+06
3.813388000000000000e+06
1.885932800000000000e+08
7.323519375000000000e+05
1.758946289062500000e+04
7.473013750000000000e+05
1.371643875000000000e+06
2.281630468750000000e+04
3.784920625000000000e+05
4.630896562500000000e+05
2.192973125000000000e+05
5.099187890625000000e+04
2.437558000000000000e+06
2.558482031250000000e+04
2.524988906250000000e+05
5.546673750000000000e+05
1.021539843750000000e+05
1.657302187500000000e+05
3.357295200000000000e+07
4.484017578125000000e+04
7.630426269531250000e+03
2.887252750000000000e+06
2.250890781250000000e+05
7.943062500000000000e+04
7.463960156250000000e+04
1.037936800000000000e+07
1.533355125000000000e+06
7.443068750000000000e+04
7.282371875000000000e+05
5.960385625000000000e+05
4.904679296875000000e+04
2.916853125000000000e+04
8.834887500000000000e+04
2.170688281250000000e+04
4.337398046875000000e+04
5.205657031250000000e+04
1.373682617187500000e+04
9.992070400000000000e+07
8.555220000000000000e+06
6.112723125000000000e+05
8.285500625000000000e+05
1.772853120000000000e+08
1.781230800000000000e+07
7.003728000000000000e+06
1.034413500000000000e+06
7.460963500000000000e+06
1.211372890625000000e+05
8.675096576000000000e+09
3.421822720000000000e+08
9.992070400000000000e+07
1.198207375000000000e+06
8.555220000000000000e+06
6.112723125000000000e+05
1.411316160000000000e+08
1.772853120000000000e+08
1.781230800000000000e+07
1.034413500000000000e+06
1.773137920000000000e+09
8.675096576000000000e+09
3.421822720000000000e+08
1.198207375000000000e+06
1.411316160000000000e+08
1.773137920000000000e+09
1.920327875000000000e+06
4.100229200000000000e+07
2.272508800000000000e+07
8.256820000000000000e+05
5.873187109375000000e+04
1.244506171875000000e+05
6.862750000000000000e+04
5.800332000000000000e+07
3.150868750000000000e+06
1.422895625000000000e+06
8.277195200000000000e+07
5.235624500000000000e+06
1.920327875000000000e+06
8.876243840000000000e+08
4.100229200000000000e+07
2.272508800000000000e+07
1.790075625000000000e+06
5.873187109375000000e+04
1.244506171875000000e+05
5.800332000000000000e+07
2.351782080000000000e+08
8.277195200000000000e+07
5.235624500000000000e+06
8.876243840000000000e+08
1.790075625000000000e+06
2.351782080000000000e+08
8.066613769531250000e+03
7.382857031250000000e+04
3.595705566406250000e+02
1.342539250000000000e+06
2.384640039062500000e+04
3.513753750000000000e+05
3.358665000000000000e+05
6.209595703125000000e+04
7.959108593750000000e+04
5.247337109375000000e+04
1.961300000000000000e+04
2.228583007812500000e+04
1.360677031250000000e+05
3.591579296875000000e+04
2.228583007812500000e+04
1.319240500000000000e+06
4.799172656250000000e+04
6.977223125000000000e+05
2.490767773437500000e+04
9.231351562500000000e+04
2.221759750000000000e+06
3.398669921875000000e+04
4.799172656250000000e+04
6.977223125000000000e+05
2.561172460937500000e+04
5.985692187500000000e+04
3.184034423828125000e+03
3.729768359375000000e+04
3.398669921875000000e+04
5.985692187500000000e+04
3.184034423828125000e+03
3.729768359375000000e+04
1.374158300781250000e+04
1.374158300781250000e+04
6.116320625000000000e+05
1.235049707031250000e+04
8.293157958984375000e+02
4.844217285156250000e+03
3.267180500000000000e+06
1.803401500000000000e+06
4.063188437500000000e+05
4.824313500000000000e+06
4.010370625000000000e+05
8.693642000000000000e+06
1.002505300000000000e+07
3.267180500000000000e+06
1.803401500000000000e+06
4.824313500000000000e+06
1.002505300000000000e+07
1.831420781250000000e+05
8.322073600000000000e+07
9.348048000000000000e+06
7.486994531250000000e+04
1.294573040000000000e+08
5.027913437500000000e+05
2.265692812500000000e+05
7.261390848000000000e+09
2.489318750000000000e+06
1.234695375000000000e+06
4.815634500000000000e+06
2.209842720000000000e+08
2.239592382812500000e+04
8.921027343750000000e+04
1.548413593750000000e+05
1.333350000000000000e+07
9.376734619140625000e+02
2.363412656250000000e+05
6.235182500000000000e+05
1.673378125000000000e+04
3.047219726562500000e+03
1.128880781250000000e+05
1.207414843750000000e+04
8.264603750000000000e+05
2.769638000000000000e+06
3.355678906250000000e+04
1.757509521484375000e+03
2.934865234375000000e+04
1.319725195312500000e+04
1.032076562500000000e+05
4.808552246093750000e+03
1.372902560000000000e+08
1.634107343750000000e+05
1.595455840000000000e+08
2.975128125000000000e+04
2.203713200000000000e+07
2.793242578125000000e+04
1.399958125000000000e+06
6.911177600000000000e+08
5.239429062500000000e+05
1.852966562500000000e+05
2.896781750000000000e+06
8.105308125000000000e+05
1.137818125000000000e+06
2.266997600000000000e+07
5.687325625000000000e+05
7.830858500000000000e+06
8.693642000000000000e+06
8.105308125000000000e+05
2.305318240000000000e+08
2.266997600000000000e+07
7.830858500000000000e+06
2.305318240000000000e+08
3.259574804687500000e+04
4.432993750000000000e+04
1.460868652343750000e+03
3.703094250000000000e+06
8.592053833007812500e+02
1.138552734375000000e+03
8.627723632812500000e+03
3.045126000000000000e+07
8.073169375000000000e+05
4.599808125000000000e+05
2.173957250000000000e+06
1.531872800000000000e+08
1.025483359375000000e+05
5.964718750000000000e+05
5.486735500000000000e+06
1.498400390625000000e+04
3.311373901367187500e+02
6.592031000000000000e+06
2.948254062500000000e+05
1.858555145263671875e+02
7.515933593750000000e+04
1.092426125000000000e+06
1.923390197753906250e+02
7.830785625000000000e+05
1.226069875000000000e+06
1.061430700000000000e+07
2.667205500000000000e+06
1.554157257080078125e+00
1.172059250000000000e+06
6.855620312500000000e+04
5.483199218750000000e+04
1.174234125000000000e+06
7.473013750000000000e+05
2.458639062500000000e+05
2.221759750000000000e+06
2.107656093750000000e+05
1.317756400000000000e+08
2.401240468750000000e+05
2.741715625000000000e+05
3.108520898437500000e+04
7.473013750000000000e+05
2.458639062500000000e+05
7.511468000000000000e+06
1.470094843750000000e+05
3.042925750000000000e+06
2.741715625000000000e+05
1.758176800000000000e+07
2.635334375000000000e+05
1.400630000000000000e+06
1.582927812500000000e+05
1.286270000000000000e+06
3.042925750000000000e+06
3.565757500000000000e+06
2.734456250000000000e+05
1.421699250000000000e+06
1.075572421875000000e+05
3.121380625000000000e+05
3.143800250000000000e+06
4.501712187500000000e+05
6.738825625000000000e+05
5.169752187500000000e+05
3.231285200000000000e+07
1.769458500000000000e+06
5.657993125000000000e+05
3.379224375000000000e+05
1.890900375000000000e+06
5.048220000000000000e+06
1.371643875000000000e+06
4.981381640625000000e+04
3.378989375000000000e+05
8.598585600000000000e+07
8.435454000000000000e+06
1.972817500000000000e+05
2.513418800000000000e+07
3.268840312500000000e+05
5.711774375000000000e+05
1.154813440000000000e+09
8.360602000000000000e+06
1.238272000000000000e+06
2.817845000000000000e+06
1.143308880000000000e+08
2.525658800000000000e+07
8.435454000000000000e+06
8.599432031250000000e+04
4.824313500000000000e+06
9.132708984375000000e+03
2.056657031250000000e+04
2.897521600000000000e+07
3.437435000000000000e+05
2.038042812500000000e+05
7.581762500000000000e+04
7.080113125000000000e+05
2.200712343750000000e+05
1.669665312500000000e+05
1.043010253906250000e+04
9.161583200000000000e+07
1.853911600000000000e+07
1.830697125000000000e+06
5.857249375000000000e+05
5.900954000000000000e+06
5.954852000000000000e+06
1.396086375000000000e+06
5.702392000000000000e+06
1.531852625000000000e+06
1.295457578125000000e+05
3.808461120000000000e+08
3.537797120000000000e+08
2.557000400000000000e+07
6.473993500000000000e+06
6.434439500000000000e+06
5.402490000000000000e+05
5.681453600000000000e+07
2.318528250000000000e+06
6.806598000000000000e+06
9.934337500000000000e+05
8.196650880000000000e+08
2.820873600000000000e+08
2.945893760000000000e+08
2.065704250000000000e+06
5.185064000000000000e+07
7.183678720000000000e+08
2.628198750000000000e+05
8.365676875000000000e+05
4.198245703125000000e+04
1.919292656250000000e+05
1.249993700000000000e+07
3.480266113281250000e+03
1.718179062500000000e+05
2.458326660156250000e+03
5.645339000000000000e+06
5.954942500000000000e+05
1.582689760000000000e+08
6.779549218750000000e+04
6.595011000000000000e+06
2.356053750000000000e+05
7.627190000000000000e+05
2.049912576000000000e+09
5.626441500000000000e+06
2.529734531250000000e+05
8.170393600000000000e+07
4.655921875000000000e+04
1.040723562500000000e+06
1.805112343750000000e+05
7.736840625000000000e+04
5.655036875000000000e+05
3.749637207031250000e+03
4.188136328125000000e+04
1.091260839843750000e+04
1.168859375000000000e+05
1.692723520000000000e+08
1.442347968750000000e+05
4.396541015625000000e+04
4.177560500000000000e+06
6.907800292968750000e+02
4.871259687500000000e+05
3.420587109375000000e+04
2.524286000000000000e+07
8.435454000000000000e+06
1.289213625000000000e+06
4.730687000000000000e+06
4.183246250000000000e+05
8.693642000000000000e+06
2.939869200000000000e+07
2.524286000000000000e+07
8.435454000000000000e+06
4.730687000000000000e+06
2.939869200000000000e+07
9.706838125000000000e+05
9.882073437500000000e+04
5.274095000000000000e+05
8.847416406250000000e+04
4.136608125000000000e+05
3.799568250000000000e+06
8.693642000000000000e+06
4.369687500000000000e+04
2.279344375000000000e+05
3.799568250000000000e+06
2.279344375000000000e+05
2.273831200000000000e+07
9.835145000000000000e+06
4.063282812500000000e+04
1.998707600000000000e+07
3.203903710937500000e+04
3.339011718750000000e+04
3.770268800000000000e+07
1.967927968750000000e+05
2.871050312500000000e+05
2.104105468750000000e+05
3.237484062500000000e+05
4.303626953125000000e+04
6.628248437500000000e+04
1.367207700000000000e+07
7.143032812500000000e+04
9.265061718750000000e+04
5.127701250000000000e+05
2.241904296875000000e+04
8.671906250000000000e+04
2.369658750000000000e+06
8.384744531250000000e+04
1.413203125000000000e+05
1.894907031250000000e+05
1.703613476562500000e+04
6.213585937500000000e+03
1.286557324218750000e+04
7.845675625000000000e+05
2.510587200000000000e+07
2.827981250000000000e+05
7.440926875000000000e+05
6.731593000000000000e+06
6.897928125000000000e+05
1.416391750000000000e+06
2.150874750000000000e+06
7.768100800000000000e+07
8.435454000000000000e+06
3.689832187500000000e+05
5.900954000000000000e+06
1.926861562500000000e+05
2.733525625000000000e+05
3.965758400000000000e+08
6.425860500000000000e+06
9.726158125000000000e+05
2.228846250000000000e+05
2.104470800000000000e+07
3.384379687500000000e+04
6.985625000000000000e+05
1.698634531250000000e+05
4.427184375000000000e+04
2.032183750000000000e+06
1.235924023437500000e+04
1.502453437500000000e+05
4.156835250000000000e+06
9.462170898437500000e+03
4.158927246093750000e+03
1.558978320312500000e+04
6.868072000000000000e+07
3.085818554687500000e+04
4.818871093750000000e+04
7.136200625000000000e+05
2.878962750000000000e+06
8.418483125000000000e+05
1.582689760000000000e+08
6.505458593750000000e+04
2.274787750000000000e+06
5.855763750000000000e+05
3.517707187500000000e+05
1.963631200000000000e+08
7.351262500000000000e+06
4.555711250000000000e+05
1.134166400000000000e+07
7.548681000000000000e+06
5.655036875000000000e+05
8.729500781250000000e+04
1.795860625000000000e+05
1.778657200000000000e+07
5.776916500000000000e+06
3.259403250000000000e+06
1.154907625000000000e+06
7.268279500000000000e+06
1.091762500000000000e+05
1.895496480000000000e+08
4.102036400000000000e+07
8.008172500000000000e+06
2.231451562500000000e+05
5.384738125000000000e+05
8.471204687500000000e+04
4.875629200000000000e+07
1.577276300000000000e+07
6.436244000000000000e+06
1.063694000000000000e+06
3.430337600000000000e+08
1.826270880000000000e+08
4.356421200000000000e+07
2.131134531250000000e+05
5.069630400000000000e+07
3.602616320000000000e+08
4.863586718750000000e+04
9.105877343750000000e+04
1.025224609375000000e+04
1.620315039062500000e+04
7.335436875000000000e+05
9.365399375000000000e+05
1.358677500000000000e+05
5.099187890625000000e+04
6.484541250000000000e+05
6.400001171875000000e+04
2.161874843750000000e+05
1.089216300000000000e+07
2.607803281250000000e+05
1.190698250000000000e+06
4.720541200000000000e+07
4.723491796875000000e+04
2.240389062500000000e+04
2.083606093750000000e+05
3.836134062500000000e+05
6.277607421875000000e+04
4.835400500000000000e+06
5.834098046875000000e+04
1.245799700000000000e+07
8.337150000000000000e+04
4.167767187500000000e+04
5.222833000000000000e+06
1.607081406250000000e+05
7.189628906250000000e+04
9.099679687500000000e+04
2.284599365234375000e+03
5.987593261718750000e+03
8.062089233398437500e+02
1.305982890625000000e+05
9.442184375000000000e+05
1.148198984375000000e+05
5.900644500000000000e+06
2.145551513671875000e+03
3.747444458007812500e+02
3.160849121093750000e+03
1.339110961914062500e+03
5.797197500000000000e+05
2.173913750000000000e+05
3.375806875000000000e+05
7.536348876953125000e+02
1.253043701171875000e+03
3.462553710937500000e+02
5.538808750000000000e+05
3.977492370605468750e+02
5.021018125000000000e+05
9.739566000000000000e+06
1.360020625000000000e+05
2.097648125000000000e+05
4.334269062500000000e+05
1.598875750000000000e+06
5.206297265625000000e+04
3.516616800000000000e+07
2.261715600000000000e+07
1.319556718750000000e+05
5.385570000000000000e+07
9.281492968750000000e+04
1.402045000000000000e+05
8.702652160000000000e+08
8.359998750000000000e+05
2.156381000000000000e+06
1.946658875000000000e+06
9.325130000000000000e+06
5.120914000000000000e+07
1.226995500000000000e+07
8.483118750000000000e+05
1.499161125000000000e+06
1.004817800000000000e+07
6.226073000000000000e+06
3.175602750000000000e+06
4.400512000000000000e+06
7.339711500000000000e+06
2.125718750000000000e+05
4.242968320000000000e+08
3.329480320000000000e+08
5.120914000000000000e+07
3.257225000000000000e+06
1.226995500000000000e+07
8.483118750000000000e+05
6.349021200000000000e+07
1.004817800000000000e+07
6.226073000000000000e+06
4.400512000000000000e+06
4.982427840000000000e+08
4.242968320000000000e+08
3.329480320000000000e+08
3.257225000000000000e+06
6.349021200000000000e+07
4.982427840000000000e+08
5.709688750000000000e+05
3.597986718750000000e+04
2.076240781250000000e+05
5.137290625000000000e+04
1.803527500000000000e+05
2.850119140625000000e+04
1.229009399414062500e+03
1.814702929687500000e+04
3.399334765625000000e+04
4.281651171875000000e+04
1.633591113281250000e+04
1.410494726562500000e+04
1.343805000000000000e+07
4.172866875000000000e+05
2.066783593750000000e+04
2.955780800000000000e+07
3.115031875000000000e+05
1.309461250000000000e+05
5.041399360000000000e+08
5.784832500000000000e+05
6.951850000000000000e+04
2.020473000000000000e+06
9.816367000000000000e+06
9.913436000000000000e+06
5.797790234375000000e+04
7.408488281250000000e+04
4.120566000000000000e+07
2.518634843750000000e+05
1.982852343750000000e+05
3.343964250000000000e+06
1.051994262695312500e+03
1.108345375000000000e+06
5.339310913085937500e+02
5.194004516601562500e+02
8.798916992187500000e+03
2.179084000000000000e+06
1.031514800000000000e+07
1.324850800000000000e+08
1.056727500000000000e+06
7.948254500000000000e+06
2.053494800000000000e+07
9.947977539062500000e+03
2.563366796875000000e+04
3.516263281250000000e+04
1.019822100000000000e+07
1.320851680000000000e+08
1.263054208000000000e+09
1.969541600000000000e+07
2.509949414062500000e+04
3.476277734375000000e+04
1.116822109375000000e+05
1.225567872000000000e+09
1.091122421875000000e+05
9.927536718750000000e+04
7.557383750000000000e+05
5.714465625000000000e+04
3.976585937500000000e+05
4.097644531250000000e+04
6.977223125000000000e+05
1.393394600000000000e+07
8.192398500000000000e+06
7.985749218750000000e+04
1.037495937500000000e+06
6.724022500000000000e+05
1.414559531250000000e+05
6.273013750000000000e+05
6.827226500000000000e+06
4.729373828125000000e+04
1.961052343750000000e+05
1.299527125000000000e+06
3.409864453125000000e+04
1.409028437500000000e+05
4.265660000000000000e+05
8.508717187500000000e+04
4.337823600000000000e+07
1.559643125000000000e+05
9.108296000000000000e+06
1.747856718750000000e+05
3.309211875000000000e+05
6.444627500000000000e+06
9.356945000000000000e+05
1.686732500000000000e+05
2.749605312500000000e+05
3.022540429687500000e+04
8.385276000000000000e+06
1.719525781250000000e+04
4.959833750000000000e+05
9.086497500000000000e+05
2.920925312500000000e+05
6.948821875000000000e+05
8.146957600000000000e+07
1.606314250000000000e+06
9.913573750000000000e+05
1.490216875000000000e+05
9.490903906250000000e+04
3.742270750000000000e+06
2.069444625000000000e+06
1.013945750000000000e+06
1.071963000000000000e+06
2.833972656250000000e+04
1.717427187500000000e+05
2.649915820312500000e+04
1.621421562500000000e+05
6.434599375000000000e+05
9.881891000000000000e+06
2.269187187500000000e+05
1.102200250000000000e+06
9.285830078125000000e+03
7.405248125000000000e+05
7.369042500000000000e+06
1.581055625000000000e+05
1.307062875000000000e+06
3.857448750000000000e+05
2.401946750000000000e+06
7.773618125000000000e+05
6.430403125000000000e+05
1.284204785156250000e+04
5.062913750000000000e+05
3.556238500000000000e+06
6.927983593750000000e+04
1.643016210937500000e+04
8.385712500000000000e+04
6.373882812500000000e+04
1.360278710937500000e+04
1.727678466796875000e+03
1.699713906250000000e+05
4.972183203125000000e+04
6.648827636718750000e+03
1.920622851562500000e+04
7.305368000000000000e+06
3.742878125000000000e+04
2.815527000000000000e+06
1.372902560000000000e+08
1.416384875000000000e+06
1.725227680000000000e+08
2.540423281250000000e+05
1.820295200000000000e+07
7.581385625000000000e+05
1.527681900000000000e+07
5.826981760000000000e+08
1.965222400000000000e+07
6.658537000000000000e+06
1.564883520000000000e+08
4.442351171875000000e+04
1.944010720000000000e+08
1.741127200000000000e+07
1.691463593750000000e+05
2.859610800000000000e+07
2.972998750000000000e+05
1.680738281250000000e+05
3.859527424000000000e+09
1.502790200000000000e+07
1.154135750000000000e+06
2.191814500000000000e+06
1.521297440000000000e+08
2.099299200000000000e+07
1.073051800000000000e+07
2.231821875000000000e+05
5.428287000000000000e+06
1.548570156250000000e+05
7.417156875000000000e+05
8.704976640000000000e+08
6.021152000000000000e+06
1.396972125000000000e+06
2.018754875000000000e+06
1.827734400000000000e+08
2.740063671875000000e+04
1.851514531250000000e+05
3.340448046875000000e+04
2.109096000000000000e+07
1.466976074218750000e+04
8.225610156250000000e+04
1.858438593750000000e+05
1.308831440000000000e+08
8.435454000000000000e+06
4.357078906250000000e+04
1.732084800000000000e+07
6.014687500000000000e+04
3.093506054687500000e+04
2.413637120000000000e+09
1.209093875000000000e+06
1.987610000000000000e+05
1.469630781250000000e+05
1.004396200000000000e+07
9.739566000000000000e+06
4.045573437500000000e+04
3.108049804687500000e+04
2.699224687500000000e+05
1.689851250000000000e+05
2.790476171875000000e+04
7.270805175781250000e+03
1.783858398437500000e+04
6.650065625000000000e+05
1.681753375000000000e+06
1.121370849609375000e+03
2.213306396484375000e+03
5.266500000000000000e+03
1.668853125000000000e+04
7.837528320312500000e+03
5.355566015625000000e+04
3.901791562500000000e+05
1.082104687500000000e+05
8.256190625000000000e+04
2.180841601562500000e+04
3.525688720703125000e+03
1.311969433593750000e+04
6.658880000000000000e+05
1.023369433593750000e+04
6.168685546875000000e+04
6.815471875000000000e+05
9.564146484375000000e+03
2.502294687500000000e+05
1.673424414062500000e+04
1.679181640625000000e+03
3.572493125000000000e+05
1.068792187500000000e+04
7.493588281250000000e+04
1.885634765625000000e+04
7.518958750000000000e+05
6.904752343750000000e+04
2.575668750000000000e+04
4.445975000000000000e+04
6.291532714843750000e+03
2.069750195312500000e+04
4.845189062500000000e+05
4.263388671875000000e+04
2.748724414062500000e+04
8.957105468750000000e+04
2.740918554687500000e+04
1.489502031250000000e+05
1.071927343750000000e+04
2.377183007812500000e+04
7.768100800000000000e+07
1.219688375000000000e+06
2.323735625000000000e+05
5.954852000000000000e+06
2.668179687500000000e+05
2.156884570312500000e+04
3.365066560000000000e+08
3.573083000000000000e+06
1.082592890625000000e+05
7.612866250000000000e+05
1.538137400000000000e+07
9.082976531982421875e+01
4.004839843750000000e+04
3.438842285156250000e+03
1.547632656250000000e+05
7.122753906250000000e+04
8.884978515625000000e+03
4.550512109375000000e+04
5.560677500000000000e+05
5.967339843750000000e+04
3.263624414062500000e+04
2.261909960937500000e+04
1.738406000000000000e+07
4.599341500000000000e+06
9.075204375000000000e+05
5.702392000000000000e+06
6.019217000000000000e+06
2.384647343750000000e+05
2.004372800000000000e+07
7.239674000000000000e+06
5.170778125000000000e+05
1.104219062500000000e+05
6.030718750000000000e+04
3.150156640625000000e+04
2.357216000000000000e+08
1.460485100000000000e+07
4.921051000000000000e+06
6.346522500000000000e+06
9.892249600000000000e+07
1.935629200000000000e+07
5.958197500000000000e+06
9.850429687500000000e+04
2.367647520000000000e+08
8.528791200000000000e+07
3.250938720703125000e+03
1.150685200000000000e+07
2.065551953125000000e+04
2.672885937500000000e+05
5.077370937500000000e+05
1.837743945312500000e+04
1.219599707031250000e+04
1.202109765625000000e+05
5.205657031250000000e+04
3.093512109375000000e+04
3.674815625000000000e+05
7.212557617187500000e+03
3.240944921875000000e+04
3.309906250000000000e+05
2.875532421875000000e+04
5.499302734375000000e+04
1.624816900000000000e+07
2.221484687500000000e+05
5.067043437500000000e+05
1.887376500000000000e+06
4.562974121093750000e+03
6.915665625000000000e+04
7.806500488281250000e+03
4.814701200000000000e+07
2.434557656250000000e+05
2.167326800000000000e+07
1.026566562500000000e+05
2.226659600000000000e+07
1.687231250000000000e+05
2.013264125000000000e+06
9.625832320000000000e+08
1.899099875000000000e+06
1.601975625000000000e+06
1.499117200000000000e+07
9.825843505859375000e+02
9.356867187500000000e+04
3.382045410156250000e+03
1.038430400000000000e+08
2.186438906250000000e+05
5.220898750000000000e+05
2.537454800000000000e+07
8.339579000000000000e+06
7.195932812500000000e+04
1.450597187500000000e+05
6.674145000000000000e+05
1.219688375000000000e+06
5.997328000000000000e+06
9.433822500000000000e+05
4.773682000000000000e+06
2.174046562500000000e+05
4.862591500000000000e+06
3.977446500000000000e+06
1.050583000000000000e+06
5.503342500000000000e+06
3.226045000000000000e+06
3.176862500000000000e+06
8.803400000000000000e+05
2.382039843750000000e+04
2.183660750000000000e+06
3.565706250000000000e+05
7.479787500000000000e+04
1.728533600000000000e+07
9.739566000000000000e+06
9.934725781250000000e+04
6.590107000000000000e+06
2.578962500000000000e+04
2.537164375000000000e+05
5.369838720000000000e+08
1.551799750000000000e+06
6.721835625000000000e+05
1.296834609375000000e+05
1.439340600000000000e+07
1.212131640625000000e+04
1.239527875000000000e+06
2.630516000000000000e+06
4.186687187500000000e+05
1.516029375000000000e+05
6.832691000000000000e+06
5.843904687500000000e+04
1.247701640625000000e+05
4.737544000000000000e+07
4.916760937500000000e+05
1.568679125000000000e+06
2.303635351562500000e+04
3.752290937500000000e+05
1.821158813476562500e+03
1.358540234375000000e+04
3.830351074218750000e+03
1.574723388671875000e+03
7.316904687500000000e+04
5.205657031250000000e+04
8.295621875000000000e+04
4.969492500000000000e+05
2.315258300781250000e+03
8.393297851562500000e+03
6.087880468750000000e+04
6.180763281250000000e+04
2.449165625000000000e+04
8.856738750000000000e+05
4.221589062500000000e+04
7.969593125000000000e+05
2.882883500000000000e+06
1.851039200000000000e+07
8.703431250000000000e+04
2.221759750000000000e+06
2.934639500000000000e+06
9.369046875000000000e+04
1.844405156250000000e+05
2.234334250000000000e+06
4.221589062500000000e+04
7.969593125000000000e+05
2.882883500000000000e+06
8.686179375000000000e+05
8.696942968750000000e+04
7.911204687500000000e+04
7.807135937500000000e+04
2.353625200000000000e+07
3.174928750000000000e+05
2.200966000000000000e+07
9.369046875000000000e+04
1.844405156250000000e+05
2.234334250000000000e+06
5.244013125000000000e+05
8.696942968750000000e+04
7.911204687500000000e+04
7.807135937500000000e+04
2.353625200000000000e+07
3.174928750000000000e+05
2.200966000000000000e+07
5.788419375000000000e+05
4.742211875000000000e+05
3.025201250000000000e+05
1.190346160000000000e+08
5.244013125000000000e+05
5.788419375000000000e+05
4.742211875000000000e+05
3.025201250000000000e+05
1.190346160000000000e+08
3.882141750000000000e+06
3.882141750000000000e+06
1.139122343750000000e+05
6.277607421875000000e+04
9.698767578125000000e+03
2.314390625000000000e+04
3.788976562500000000e+05
6.479057421875000000e+04
5.015450390625000000e+04
7.458090625000000000e+05
2.459314648437500000e+04
3.093706835937500000e+04
1.357392812500000000e+05
1.324295898437500000e+04
9.216590625000000000e+04
1.254536250000000000e+06
2.421358203125000000e+04
9.381967187500000000e+04
1.195746000000000000e+08
5.442205500000000000e+06
1.249996582031250000e+04
1.702089920000000000e+08
8.901132812500000000e+04
1.707066601562500000e+04
5.192799232000000000e+09
4.333145000000000000e+05
6.088513671875000000e+04
8.163785625000000000e+05
1.242200300000000000e+07
9.977273600000000000e+07
6.200073125000000000e+05
3.444076562500000000e+04
1.788410125000000000e+06
7.920899218750000000e+04
1.637845764160156250e+02
4.844113200000000000e+07
9.688128750000000000e+05
8.466940429687500000e+03
1.210558105468750000e+04
1.754888437500000000e+05
3.517962750000000000e+06
9.545198750000000000e+05
8.737279687500000000e+04
4.441939062500000000e+05
3.413749218750000000e+04
1.776421562500000000e+05
3.691968359375000000e+04
6.055131875000000000e+05
3.345179296875000000e+04
4.243300000000000000e+05
1.173718652343750000e+04
8.222763281250000000e+04
8.436880493164062500e+02
1.053367400000000000e+07
2.575551600000000000e+07
8.435454000000000000e+06
1.289213625000000000e+06
7.268148750000000000e+05
2.366499200000000000e+07
1.460360875000000000e+06
1.776612750000000000e+06
1.905495625000000000e+05
8.693642000000000000e+06
6.105657600000000000e+08
1.276107100000000000e+07
1.053367400000000000e+07
2.534592800000000000e+08
2.575551600000000000e+07
8.435454000000000000e+06
5.675290800000000000e+07
7.268148750000000000e+05
2.366499200000000000e+07
1.776612750000000000e+06
2.788469760000000000e+10
6.105657600000000000e+08
1.276107100000000000e+07
2.534592800000000000e+08
5.675290800000000000e+07
2.788469760000000000e+10
4.092838000000000000e+07
2.899302812500000000e+05
2.015211250000000000e+05
5.437624000000000000e+06
4.527526171875000000e+04
1.316115125000000000e+06
6.106033691406250000e+03
2.467391796875000000e+04
1.699215840000000000e+08
1.609643700000000000e+07
9.975360156250000000e+04
1.582689760000000000e+08
1.677370781250000000e+05
9.944101562500000000e+04
7.363497472000000000e+09
1.891042875000000000e+06
8.760235000000000000e+05
1.479161250000000000e+06
4.260824400000000000e+07
1.200374023437500000e+04
1.211372890625000000e+05
2.779077343750000000e+04
1.200374023437500000e+04
1.595865800000000000e+07
1.184744140625000000e+05
2.249746875000000000e+05
1.533637375000000000e+06
2.688719375000000000e+05
4.097644531250000000e+04
5.590787890625000000e+04
1.393394600000000000e+07
8.435454000000000000e+06
5.249812500000000000e+05
4.159456640625000000e+04
9.359538000000000000e+06
9.168264648437500000e+03
6.273013750000000000e+05
3.331850937500000000e+05
3.035713476562500000e+04
5.962537890625000000e+04
7.371467500000000000e+06
1.504622968750000000e+05
1.976383789062500000e+04
4.265660000000000000e+05
8.642018750000000000e+04
1.627929625000000000e+06
5.062584960937500000e+03
9.436239000000000000e+06
1.335053613281250000e+04
3.649961562500000000e+05
6.542833593750000000e+04
1.133337968750000000e+05
1.033104785156250000e+04
3.010199062500000000e+05
3.185570898437500000e+04
6.064812500000000000e+05
6.859490722656250000e+03
3.468022500000000000e+06
1.988548593750000000e+05
1.094541113281250000e+04
7.120531875000000000e+05
9.538046250000000000e+05
2.138731835937500000e+04
3.631547265625000000e+04
5.673294921875000000e+03
2.120994531250000000e+05
9.683239843750000000e+04
1.578477812500000000e+05
2.170936718750000000e+04
1.099330125000000000e+06
1.016604000000000000e+07
5.996344375000000000e+05
2.267530468750000000e+05
2.841869687500000000e+05
7.560534375000000000e+04
3.840336328125000000e+04
9.751634375000000000e+05
7.079397500000000000e+05
2.493510546875000000e+04
2.401813600000000000e+07
1.317022875000000000e+06
1.040145062500000000e+06
1.385237875000000000e+06
1.355372875000000000e+06
3.542495000000000000e+05
1.149375375000000000e+06
2.775727812500000000e+05
6.569901562500000000e+04
3.801753437500000000e+05
1.265341100000000000e+07
1.260273400000000000e+07
8.422940000000000000e+05
1.028503562500000000e+06
8.631479375000000000e+05
7.960695500000000000e+06
1.195746000000000000e+08
1.901376562500000000e+05
3.214440937500000000e+05
2.054552625000000000e+06
1.643769000000000000e+07
3.067729062500000000e+05
5.581419375000000000e+05
2.242275250000000000e+06
3.368552000000000000e+07
8.295845600000000000e+07
5.284865000000000000e+05
1.891432800000000000e+07
3.063068359375000000e+04
2.134283125000000000e+05
5.890734080000000000e+08
2.149769250000000000e+06
1.018579900000000000e+07
2.433326000000000000e+06
1.869546400000000000e+07
3.400581750000000000e+06
3.919926953125000000e+04
3.055629062500000000e+05
3.938770625000000000e+05
2.205194921875000000e+04
1.491135351562500000e+04
5.168875781250000000e+04
5.100123535156250000e+03
1.221516992187500000e+04
4.937377929687500000e+03
3.408853125000000000e+04
1.492889250000000000e+06
5.166879687500000000e+04
9.641679687500000000e+04
3.227629296875000000e+04
3.819003906250000000e+03
1.174219848632812500e+03
1.617106100000000000e+07
4.486229687500000000e+04
5.589363000000000000e+06
1.024246953125000000e+05
3.522600390625000000e+04
8.684957031250000000e+04
2.318245507812500000e+04
8.988490000000000000e+06
2.718819726562500000e+04
1.024776484375000000e+05
3.053290312500000000e+05
6.307733203125000000e+04
1.406389500000000000e+06
7.257177000000000000e+06
6.073724800000000000e+07
8.348876250000000000e+05
5.893663600000000000e+07
1.253044300000000000e+07
3.243957000000000000e+06
2.226659600000000000e+07
1.422895625000000000e+06
8.693642000000000000e+06
1.574022343750000000e+05
5.335562500000000000e+05
3.783578437500000000e+05
9.559304687500000000e+04
3.571096400000000000e+07
3.500235600000000000e+07
1.406389500000000000e+06
6.501406400000000000e+07
7.257177000000000000e+06
6.073724800000000000e+07
2.617584480000000000e+08
5.893663600000000000e+07
1.253044300000000000e+07
2.226659600000000000e+07
3.781847250000000000e+06
4.344630500000000000e+06
1.574022343750000000e+05
7.678152500000000000e+05
5.335562500000000000e+05
3.783578437500000000e+05
1.572834080000000000e+08
3.571096400000000000e+07
3.500235600000000000e+07
6.501406400000000000e+07
2.617584480000000000e+08
1.250056400000000000e+08
3.781847250000000000e+06
4.344630500000000000e+06
7.678152500000000000e+05
1.572834080000000000e+08
1.250056400000000000e+08
4.092822400000000000e+07
8.356086718750000000e+04
1.539361562500000000e+05
1.132999625000000000e+06
8.121509375000000000e+04
4.263388671875000000e+04
7.473013750000000000e+05
6.925023437500000000e+04
4.353339355468750000e+03
9.496843750000000000e+03
9.369046875000000000e+04
1.977150756835937500e+03
1.741927929687500000e+04
5.404004687500000000e+04
1.201437031250000000e+05
7.958590820312500000e+03
6.449958203125000000e+04
6.541793457031250000e+03
6.789011718750000000e+03
1.112514526367187500e+03
1.158800292968750000e+04
2.374110937500000000e+04
3.287223144531250000e+03
1.825569921875000000e+04
3.138858437500000000e+05
1.860484843750000000e+05
7.322478750000000000e+05
9.026114000000000000e+06
8.554454000000000000e+06
6.783668750000000000e+04
9.961651250000000000e+05
9.352257000000000000e+06
1.002838500000000000e+06
1.034961600000000000e+07
1.754220781250000000e+05
3.510421250000000000e+05
1.157465750000000000e+06
6.234700625000000000e+05
1.223073339843750000e+04
1.044803417968750000e+04
2.134551600000000000e+07
3.716510156250000000e+04
2.499523281250000000e+05
2.888123046875000000e+04
4.716094062500000000e+05
3.616943054199218750e+02
5.993857500000000000e+06
1.522292200000000000e+07
8.900303710937500000e+03
2.230687988281250000e+03
5.769339375000000000e+05
4.193280000000000000e+05
1.758946289062500000e+04
7.473013750000000000e+05
4.837499000000000000e+06
6.899189843750000000e+04
3.665785500000000000e+06
8.284470500000000000e+06
2.192973125000000000e+05
1.823783281250000000e+05
6.827226500000000000e+06
1.982717773437500000e+04
1.378530000000000000e+06
6.546628500000000000e+06
1.021539843750000000e+05
1.846603437500000000e+05
5.004597600000000000e+07
6.414943750000000000e+05
3.257289062500000000e+05
1.131636100000000000e+07
3.066559062500000000e+05
2.731943437500000000e+05
3.384020000000000000e+05
3.740735600000000000e+07
1.496180250000000000e+06
4.924550625000000000e+05
2.027676875000000000e+06
1.988086375000000000e+06
1.668641601562500000e+04
1.394205125000000000e+06
3.684185000000000000e+05
1.826787304687500000e+04
3.413147812500000000e+05
1.437441406250000000e+04
6.722382812500000000e+04
3.685119687500000000e+05
8.583968800000000000e+07
1.009835859375000000e+05
1.760430156250000000e+05
4.484079000000000000e+06
2.285689843750000000e+05
2.134551600000000000e+07
9.977273600000000000e+07
9.739566000000000000e+06
4.359485546875000000e+04
3.111920800000000000e+07
1.324850800000000000e+08
1.038545625000000000e+05
1.582689760000000000e+08
3.643166250000000000e+05
4.059982421875000000e+04
2.710426214400000000e+10
2.736858800000000000e+07
5.528349375000000000e+05
8.942402560000000000e+09
2.723421750000000000e+06
3.122291875000000000e+05
5.131312640000000000e+09
3.656393500000000000e+06
1.330476500000000000e+06
1.305747250000000000e+06
7.200489472000000000e+10
8.368009600000000000e+07
2.312654000000000000e+06
1.047224000000000000e+08
3.244718000000000000e+07
7.401022976000000000e+09
2.902767578125000000e+03
8.891522460937500000e+03
5.479791015625000000e+04
1.813244018554687500e+03
1.366378700000000000e+07
6.715754500000000000e+06
2.565742656250000000e+05
6.018849000000000000e+06
3.729224218750000000e+04
4.824536250000000000e+05
5.669278720000000000e+08
1.903878250000000000e+06
7.998023125000000000e+05
3.148410000000000000e+05
2.015556000000000000e+07
9.000476562500000000e+04
5.849079101562500000e+03
9.359053906250000000e+04
2.903466992187500000e+04
1.553466720000000000e+08
1.332409300000000000e+07
1.026624296875000000e+05
1.676916320000000000e+08
6.121379375000000000e+05
1.661228281250000000e+05
6.613943296000000000e+09
5.336775000000000000e+06
1.456281750000000000e+06
5.309312000000000000e+06
1.782907520000000000e+08
2.705021484375000000e+04
2.559498437500000000e+05
3.885274658203125000e+03
1.036859937500000000e+06
4.263388671875000000e+04
4.721248828125000000e+04
2.164653906250000000e+05
3.179257812500000000e+04
1.804325781250000000e+05
9.472979492187500000e+03
1.402546582031250000e+04
3.146079492187500000e+04
4.689317500000000000e+06
4.757898046875000000e+04
1.124410875000000000e+06
8.584752929687500000e+03
1.694714062500000000e+05
7.717441000000000000e+06
3.866488769531250000e+03
3.134027812500000000e+05
2.866097460937500000e+04
3.410291250000000000e+05
1.084764500000000000e+06
4.675491406250000000e+04
2.480044140625000000e+04
1.678870703125000000e+04
1.132899125000000000e+06
1.741464375000000000e+05
3.395755000000000000e+05
1.155350400000000000e+08
2.296505312500000000e+05
1.678870703125000000e+04
2.482305625000000000e+05
6.166314500000000000e+06
6.235392578125000000e+04
1.845962000000000000e+06
4.194635000000000000e+06
1.870991992187500000e+04
9.690241406250000000e+04
7.326544375000000000e+05
1.894516875000000000e+05
2.908142187500000000e+04
2.061270312500000000e+05
1.727784765625000000e+04
9.320755615234375000e+02
5.048329162597656250e+01
4.814261200000000000e+07
3.389371562500000000e+05
1.582689760000000000e+08
4.706178437500000000e+05
1.083923200000000000e+07
2.206165312500000000e+05
9.114313125000000000e+05
2.040402176000000000e+09
2.065997750000000000e+06
1.088608375000000000e+06
1.580519800000000000e+07
9.977273600000000000e+07
6.127132500000000000e+05
6.854808593750000000e+04
1.758901200000000000e+07
9.543505000000000000e+05
2.983237548828125000e+03
3.417413760000000000e+08
4.922928000000000000e+06
3.906786328125000000e+04
3.805467812500000000e+05
3.804942000000000000e+06
3.517308000000000000e+07
9.997689000000000000e+06
8.051194375000000000e+05
7.965160500000000000e+06
3.193006250000000000e+06
5.089628500000000000e+06
4.647881920000000000e+08
4.235188400000000000e+07
8.342538000000000000e+06
7.421790500000000000e+06
4.642831360000000000e+08
9.836106400000000000e+07
1.287400390625000000e+05
1.471423125000000000e+05
9.043503000000000000e+06
1.564669000000000000e+06
7.837250781250000000e+04
1.128310312500000000e+05
1.198747421875000000e+05
5.827306152343750000e+03
1.211372890625000000e+05
3.453032958984375000e+03
1.994468437500000000e+05
6.571387500000000000e+04
4.844039306640625000e+02
1.515766308593750000e+04
3.557218125000000000e+05
2.804975195312500000e+04
1.719589843750000000e+04
2.215963867187500000e+04
8.498716800000000000e+07
1.180150625000000000e+06
1.179322625000000000e+06
7.611360000000000000e+07
1.729387304687500000e+04
4.398046484375000000e+04
2.074875250000000000e+06
2.692153320312500000e+04
7.930285937500000000e+04
1.770132421875000000e+04
4.724567382812500000e+03
1.043244140625000000e+05
3.660206250000000000e+05
3.076664843750000000e+04
6.992990625000000000e+04
9.977273600000000000e+07
9.122258000000000000e+06
2.857929375000000000e+05
8.278431875000000000e+05
1.644616640000000000e+08
7.269790500000000000e+06
7.003728000000000000e+06
5.772570000000000000e+05
8.440475000000000000e+06
1.894498242187500000e+04
8.983569408000000000e+09
1.243637760000000000e+08
9.977273600000000000e+07
1.171035750000000000e+06
9.122258000000000000e+06
2.857929375000000000e+05
3.507072000000000000e+07
1.644616640000000000e+08
7.269790500000000000e+06
5.772570000000000000e+05
9.447018240000000000e+08
8.983569408000000000e+09
1.243637760000000000e+08
1.171035750000000000e+06
3.507072000000000000e+07
9.447018240000000000e+08
7.872666015625000000e+03
1.120027343750000000e+05
1.938513906250000000e+05
4.926920500000000000e+06
3.243957000000000000e+06
8.693642000000000000e+06
1.253044300000000000e+07
1.372540527343750000e+04
7.737139648437500000e+03
3.517591796875000000e+04
1.938513906250000000e+05
4.926920500000000000e+06
1.252451800000000000e+07
1.253044300000000000e+07
7.737139648437500000e+03
3.517591796875000000e+04
2.529645898437500000e+04
1.252451800000000000e+07
2.529645898437500000e+04
3.294822000000000000e+06
2.533602500000000000e+05
1.905448242187500000e+04
3.018918750000000000e+05
7.677478750000000000e+05
9.977273600000000000e+07
9.835164000000000000e+06
2.861549316406250000e+03
1.698370080000000000e+08
6.237677246093750000e+03
2.372308837890625000e+03
8.720336896000000000e+09
1.427178125000000000e+04
4.231833496093750000e+03
7.965122558593750000e+03
5.325683593750000000e+04
1.712564625000000000e+06
1.333626093750000000e+05
9.277711914062500000e+03
4.579654500000000000e+06
3.651051562500000000e+05
1.057228046875000000e+05
1.249020875000000000e+06
2.590338476562500000e+04
3.980458984375000000e+04
5.161080932617187500e+02
1.302941000000000000e+06
4.097644531250000000e+04
4.883972812500000000e+05
1.709598125000000000e+05
1.423775250000000000e+06
1.311105120000000000e+08
3.408109687500000000e+05
1.809633437500000000e+05
2.485576875000000000e+05
4.047016406250000000e+04
4.803679687500000000e+05
1.245651000000000000e+06
2.936485312500000000e+05
1.330243437500000000e+05
1.781453593750000000e+05
2.346950250000000000e+06
6.226413281250000000e+04
6.338308500000000000e+06
3.892585312500000000e+05
4.539342000000000000e+06
1.315859531250000000e+05
7.003675781250000000e+04
6.172393359375000000e+04
2.575620500000000000e+06
4.439131875000000000e+05
5.345555625000000000e+05
8.445502500000000000e+05
9.434006250000000000e+04
2.138594218750000000e+05
2.744666500000000000e+06
1.726096875000000000e+05
6.252232031250000000e+04
5.489792578125000000e+04
6.249076250000000000e+05
4.368125937500000000e+05
9.557508593750000000e+04
7.468025781250000000e+04
6.977223125000000000e+05
7.823284375000000000e+05
4.327049687500000000e+05
2.553145600000000000e+07
1.695004480000000000e+08
4.180756400000000000e+07
3.646798750000000000e+05
3.111920800000000000e+07
1.006363700000000000e+07
8.403908750000000000e+05
1.372902560000000000e+08
1.491887250000000000e+06
2.505126562500000000e+05
1.108559052800000000e+10
8.529755520000000000e+08
3.362624250000000000e+06
2.459524096000000000e+09
1.898589200000000000e+07
1.556360500000000000e+07
1.866423680000000000e+09
1.763819600000000000e+07
4.390368000000000000e+06
1.613723100000000000e+07
7.200489472000000000e+10
3.376002240000000000e+08
1.371178080000000000e+08
3.383763840000000000e+08
3.608702720000000000e+08
1.225470259200000000e+10
2.296377500000000000e+06
3.210942578125000000e+04
1.353556750000000000e+06
3.794258203125000000e+04
1.680633007812500000e+04
1.000659866333007812e+02
2.221759750000000000e+06
3.469752734375000000e+04
4.619740937500000000e+05
5.517421875000000000e+04
1.680633007812500000e+04
1.000659866333007812e+02
4.617737109375000000e+04
2.778934631347656250e+02
5.517421875000000000e+04
1.452790250000000000e+06
5.201607910156250000e+03
2.778934631347656250e+02
4.115127441406250000e+03
3.619831466674804688e+01
2.033175976562500000e+04
1.014407806396484375e+02
7.908265625000000000e+05
5.132618750000000000e+04
1.117988906250000000e+05
4.047827343750000000e+04
3.182595117187500000e+04
2.369277148437500000e+04
9.666382031250000000e+04
1.035378300000000000e+07
1.437795700000000000e+07
1.399537343750000000e+05
2.347605000000000000e+05
2.844000000000000000e+07
1.738580273437500000e+04
8.418067968750000000e+04
7.392284375000000000e+04
9.684220625000000000e+05
4.667791875000000000e+05
6.280204800000000000e+08
1.239907500000000000e+06
3.922773046875000000e+04
3.197139648437500000e+04
3.838824062500000000e+05
2.619580800000000000e+07
1.426588593750000000e+05
4.397005859375000000e+03
2.788052978515625000e+03
1.255167724609375000e+03
1.856677656250000000e+05
1.212209179687500000e+04
6.964987182617187500e+02
1.990652099609375000e+03
9.882229614257812500e+02
3.766187438964843750e+02
8.158408813476562500e+02
2.710599365234375000e+02
1.697465600000000000e+07
5.268427343750000000e+04
8.873383593750000000e+04
2.758150937500000000e+05
1.078731500000000000e+06
4.886416503906250000e+03
3.683619375000000000e+05
7.751149902343750000e+02
4.255006835937500000e+03
2.156650195312500000e+04
6.279848022460937500e+02
9.308425903320312500e+02
9.075147460937500000e+03
6.880114135742187500e+02
7.751149902343750000e+02
4.255006835937500000e+03
6.279848022460937500e+02
6.880114135742187500e+02
2.003050800000000000e+07
1.440117343750000000e+05
4.100480937500000000e+05
3.796761250000000000e+06
5.731100625000000000e+05
3.182643554687500000e+04
2.231230312500000000e+05
1.167410750000000000e+06
2.691842578125000000e+04
1.735316875000000000e+05
7.049786250000000000e+05
1.956665937500000000e+05
4.776187500000000000e+04
6.963767500000000000e+06
7.683184375000000000e+05
1.424787400000000000e+07
2.321417750000000000e+06
1.994849600000000000e+07
8.693642000000000000e+06
6.963767500000000000e+06
3.109762880000000000e+08
1.424787400000000000e+07
1.994849600000000000e+07
3.109762880000000000e+08
1.559138906250000000e+05
1.151971953125000000e+05
1.289213625000000000e+06
3.976588281250000000e+04
2.250518800000000000e+07
2.261715600000000000e+07
9.739566000000000000e+06
4.151012268066406250e+02
7.843849000000000000e+06
7.154208000000000000e+07
8.686801757812500000e+02
2.226659600000000000e+07
9.450968627929687500e+02
2.757143554687500000e+02
3.115123840000000000e+08
2.932270000000000000e+07
1.185267187500000000e+04
3.998660400000000000e+07
4.282259765625000000e+03
4.829991455078125000e+02
9.264362400000000000e+07
3.789139160156250000e+03
1.502032348632812500e+03
3.873710205078125000e+03
9.767043000000000000e+06
3.403613281250000000e+04
3.853954101562500000e+03
7.784097656250000000e+03
2.511604296875000000e+04
1.305338183593750000e+04
2.261715600000000000e+07
9.739566000000000000e+06
2.015449687500000000e+05
2.226659600000000000e+07
2.355242968750000000e+05
7.969083125000000000e+05
3.998660400000000000e+07
5.625271000000000000e+06
1.184558375000000000e+06
6.802743500000000000e+06
2.119387200000000000e+07
5.302477734375000000e+04
1.816428000000000000e+06
3.565706250000000000e+05
3.305862187500000000e+05
2.033732800000000000e+07
2.863277929687500000e+04
2.551357226562500000e+04
3.918725312500000000e+05
1.343858203125000000e+04
4.124621250000000000e+05
1.089918250000000000e+06
1.971627600000000000e+07
1.487879375000000000e+05
2.425659250000000000e+06
8.693642000000000000e+06
4.124621250000000000e+05
2.308767840000000000e+08
1.971627600000000000e+07
2.425659250000000000e+06
2.308767840000000000e+08
1.046179840000000000e+08
1.333968437500000000e+05
6.952619531250000000e+04
2.664180250000000000e+06
3.096856250000000000e+05
3.747238464355468750e+02
5.959282400000000000e+07
7.132308500000000000e+06
1.360884863281250000e+04
7.364629687500000000e+04
1.141498250000000000e+06
2.567413671875000000e+04
1.244234453125000000e+05
3.061923000000000000e+06
5.990937500000000000e+06
4.655095703125000000e+04
1.022051406250000000e+05
5.900954000000000000e+06
3.623583203125000000e+04
1.504816308593750000e+04
7.524869531250000000e+04
1.739693125000000000e+05
4.889472187500000000e+05
1.085100800000000000e+08
2.032782343750000000e+05
1.222641796875000000e+04
6.732963281250000000e+04
7.381047656250000000e+04
2.592229250000000000e+06
3.200541015625000000e+04
4.080179600000000000e+07
9.755183000000000000e+06
2.273831200000000000e+07
2.511604375000000000e+05
1.797586000000000000e+07
5.795212400000000000e+07
1.923021093750000000e+05
2.213414400000000000e+07
5.346014375000000000e+05
2.119922968750000000e+05
1.064771456000000000e+09
9.084052480000000000e+08
3.290931250000000000e+06
3.987106800000000000e+07
1.104726875000000000e+06
5.780884500000000000e+06
3.228385280000000000e+08
6.935970625000000000e+05
8.359917000000000000e+06
2.316232000000000000e+06
3.590852864000000000e+09
2.112917200000000000e+07
4.674622400000000000e+07
7.364125000000000000e+06
2.159589600000000000e+07
2.273541920000000000e+08
3.573484765625000000e+04
3.589712500000000000e+05
1.521240722656250000e+04
1.451850390625000000e+04
7.363782226562500000e+03
1.399033250000000000e+06
1.056377734375000000e+04
3.388431250000000000e+05
1.004043250000000000e+06
1.530125937500000000e+05
3.326158984375000000e+04
8.708454687500000000e+04
1.925631600000000000e+07
1.802889375000000000e+05
8.278431875000000000e+05
9.083473750000000000e+05
1.428755000000000000e+06
2.235900195312500000e+04
3.373361600000000000e+07
1.925631600000000000e+07
1.802889375000000000e+05
9.083473750000000000e+05
3.373361600000000000e+07
9.766355468750000000e+03
1.854050156250000000e+05
5.677192382812500000e+03
4.686838750000000000e+05
7.302678500000000000e+06
7.007771875000000000e+04
1.312082656250000000e+05
6.024879375000000000e+05
3.788162109375000000e+04
8.261578125000000000e+04
4.722819335937500000e+03
3.233741992187500000e+04
3.575107187500000000e+05
8.693642000000000000e+06
1.714263427734375000e+03
4.277139375000000000e+05
5.163228750000000000e+05
4.448134765625000000e+03
1.026898046875000000e+04
3.575107187500000000e+05
2.323431396484375000e+03
1.802224243164062500e+03
5.163228750000000000e+05
1.026898046875000000e+04
1.802224243164062500e+03
1.917246400000000000e+07
1.645443875000000000e+06
8.693642000000000000e+06
1.917246400000000000e+07
5.807961914062500000e+03
1.507580312500000000e+05
1.966245312500000000e+05
3.963643359375000000e+04
3.285753500000000000e+06
8.338804800000000000e+07
8.435454000000000000e+06
2.437275781250000000e+05
2.303961562500000000e+05
1.947722875000000000e+06
1.880491210937500000e+04
2.241770400000000000e+07
1.122281328125000000e+05
1.896494218750000000e+05
1.312755800000000000e+07
4.198773500000000000e+06
2.884965937500000000e+05
5.472614000000000000e+07
3.054273250000000000e+06
1.288289375000000000e+06
1.756393600000000000e+07
3.169270703125000000e+04
1.058377031250000000e+05
1.770679000000000000e+06
4.007216000000000000e+06
1.199211000000000000e+06
2.452784218750000000e+05
5.565262500000000000e+06
1.160559500000000000e+06
3.885197500000000000e+05
1.386264892578125000e+03
7.570765625000000000e+04
1.764818875000000000e+06
1.632841796875000000e+02
6.461431884765625000e+02
9.878464843750000000e+04
4.450080566406250000e+02
1.031752563476562500e+03
8.874924375000000000e+05
1.852612762451171875e+02
1.152603027343750000e+03
4.917628437500000000e+05
6.277607421875000000e+04
1.630136132812500000e+04
2.698407421875000000e+04
1.799108800000000000e+07
1.420845375000000000e+06
1.512770500000000000e+06
1.799108800000000000e+07
1.311220320000000000e+08
8.263690000000000000e+05
1.480765760000000000e+08
2.330006562500000000e+05
2.250394400000000000e+07
6.160806875000000000e+05
4.457162400000000000e+07
6.805756160000000000e+08
6.730758500000000000e+06
2.555369750000000000e+06
9.479340800000000000e+07
1.571818593750000000e+05
3.235139200000000000e+07
8.950135000000000000e+06
5.396922400000000000e+07
2.102444687500000000e+05
1.372902560000000000e+08
1.582689760000000000e+08
6.122360625000000000e+05
2.226659600000000000e+07
1.002895859375000000e+05
1.831941250000000000e+05
5.411334500000000000e+06
4.017230000000000000e+05
3.176362500000000000e+06
5.340127734375000000e+04
4.528376320000000000e+09
2.651458560000000000e+09
6.169326000000000000e+06
1.844045280000000000e+08
4.165825312500000000e+05
1.660506250000000000e+06
6.991671040000000000e+08
2.260184750000000000e+06
4.920046500000000000e+06
8.100455000000000000e+05
1.541898080000000000e+08
9.226291200000000000e+07
1.525892000000000000e+06
2.064810000000000000e+07
5.511037500000000000e+04
3.714592500000000000e+05
3.090218598400000000e+10
1.128433920000000000e+08
1.099417200000000000e+08
7.785139000000000000e+06
1.146339100000000000e+07
3.764243968000000000e+09
1.431493700000000000e+07
1.298779100000000000e+07
6.886478125000000000e+05
4.336055040000000000e+08
1.772684000000000000e+08
3.380708000000000000e+06
1.179877600000000000e+07
9.739566000000000000e+06
2.144829101562500000e+04
1.886752000000000000e+06
1.516243457031250000e+04
4.167322265625000000e+04
1.721683840000000000e+08
4.073761562500000000e+05
1.181010234375000000e+05
5.404771875000000000e+04
4.157969500000000000e+06
7.146055000000000000e+06
9.691091406250000000e+04
7.133100000000000000e+04
6.834738750000000000e+05
2.215534960937500000e+04
5.189591406250000000e+04
1.351635000000000000e+07
1.552403906250000000e+04
1.666614062500000000e+05
3.952829375000000000e+05
5.201642578125000000e+03
1.186569218750000000e+05
1.747643375000000000e+06
2.798733203125000000e+04
1.420540312500000000e+05
6.383922000000000000e+06
2.261715600000000000e+07
9.739566000000000000e+06
2.513610312500000000e+05
5.922400500000000000e+06
6.799506500000000000e+06
5.178976562500000000e+04
2.226659600000000000e+07
2.207400625000000000e+05
5.796120000000000000e+05
2.497649920000000000e+08
3.414864750000000000e+06
2.005233250000000000e+06
3.998660400000000000e+07
5.956568000000000000e+06
1.144301625000000000e+06
6.478852400000000000e+07
7.089734375000000000e+05
1.114748125000000000e+06
2.417650000000000000e+06
1.358219700000000000e+07
1.864603600000000000e+07
9.517374375000000000e+05
7.622091000000000000e+06
8.562248000000000000e+06
1.540325875000000000e+06
1.333968437500000000e+05
9.739566000000000000e+06
2.689829687500000000e+05
3.148707500000000000e+05
1.485219970703125000e+03
7.012565000000000000e+05
1.085592500000000000e+06
4.936415625000000000e+04
1.314369250000000000e+06
4.251406250000000000e+04
2.605588125000000000e+05
2.686236328125000000e+04
8.384502500000000000e+05
2.179443906250000000e+05
7.040421093750000000e+04
5.587090800000000000e+07
8.435454000000000000e+06
1.289213625000000000e+06
1.127331800000000000e+07
2.264983750000000000e+06
8.693642000000000000e+06
5.794055040000000000e+08
5.587090800000000000e+07
8.435454000000000000e+06
1.127331800000000000e+07
5.794055040000000000e+08
1.042680078125000000e+05
8.506840000000000000e+05
4.165280078125000000e+04
6.828058593750000000e+04
3.135427929687500000e+04
1.868994880000000000e+08
1.155948974609375000e+03
1.699281093750000000e+05
2.923127685546875000e+03
2.856303125000000000e+05
8.426036834716796875e+01
4.685141406250000000e+04
1.575319200000000000e+07
6.418652954101562500e+02
1.379568115234375000e+03
1.413882128906250000e+04
1.824974414062500000e+04
7.724135625000000000e+05
2.258054687500000000e+05
7.794778906250000000e+04
2.311608984375000000e+04
3.589400937500000000e+05
6.778042187500000000e+04
1.405255273437500000e+04
2.519752187500000000e+05
1.556933906250000000e+05
4.097644531250000000e+04
1.995328437500000000e+05
7.799002343750000000e+04
1.226824707031250000e+04
4.139116796875000000e+04
5.167392578125000000e+04
5.912176269531250000e+03
2.878473632812500000e+04
7.620930000000000000e+05
3.565706250000000000e+05
3.366618437500000000e+05
6.412778808593750000e+03
1.498109130859375000e+03
1.502136875000000000e+05
2.411207519531250000e+03
2.139783750000000000e+05
9.955616000000000000e+06
2.213066562500000000e+05
7.080268750000000000e+05
1.314901875000000000e+06
7.339565625000000000e+05
3.148564843750000000e+04
2.737474800000000000e+07
1.446690312500000000e+05
4.448285312500000000e+05
2.214599000000000000e+06
4.349190500000000000e+06
3.266107482910156250e+02
2.160418945312500000e+03
1.058709625000000000e+06
3.346130078125000000e+04
1.440955312500000000e+05
1.769373413085937500e+03
6.111376953125000000e+04
1.397236816406250000e+04
7.543008422851562500e+02
5.489952636718750000e+03
7.872666015625000000e+03
2.482221484375000000e+04
3.518342000000000000e+06
4.777344000000000000e+06
9.107900625000000000e+05
3.546612187500000000e+05
1.640137120000000000e+08
4.916356933593750000e+03
3.473437500000000000e+04
3.278217187500000000e+04
4.607386562500000000e+05
2.414190937500000000e+05
1.817517440000000000e+08
1.083813600000000000e+07
9.155296875000000000e+03
9.396931640625000000e+03
1.510673281250000000e+05
1.253347900000000000e+07
4.586282031250000000e+04
8.293724800000000000e+07
8.430869000000000000e+06
1.076280390625000000e+05
2.226659600000000000e+07
1.084785078125000000e+05
2.218370312500000000e+05
5.468471600000000000e+07
6.427895625000000000e+05
7.801989375000000000e+05
8.936329375000000000e+05
1.297715250000000000e+06
2.464932000000000000e+06
7.550942000000000000e+06
1.790449843750000000e+05
3.311625000000000000e+06
7.829768000000000000e+06
2.551454687500000000e+04
6.015756250000000000e+05
5.127701250000000000e+05
3.964146875000000000e+05
6.991610156250000000e+04
5.680664500000000000e+06
2.556792812500000000e+05
1.335340200000000000e+07
2.886427500000000000e+05
4.522861000000000000e+06
1.353910500000000000e+06
7.682768750000000000e+04
6.391408500000000000e+06
7.669208500000000000e+06
1.318716000000000000e+06
1.699794843750000000e+05
6.679914375000000000e+05
5.293190625000000000e+04
2.049547265625000000e+04
8.384255000000000000e+05
2.120163476562500000e+04
3.345020000000000000e+06
1.132819531250000000e+04
1.636557128906250000e+04
1.058752125000000000e+06
4.837499000000000000e+06
1.370526200000000000e+07
1.020046312500000000e+06
1.285245300000000000e+07
2.777592187500000000e+05
3.443414000000000000e+06
1.580132250000000000e+06
4.401785000000000000e+05
1.156286523437500000e+04
5.818478500000000000e+06
3.603940937500000000e+05
4.316232800000000000e+07
9.739566000000000000e+06
4.205273500000000000e+06
1.304544140625000000e+04
6.444122000000000000e+07
1.475098800000000000e+07
5.650027343750000000e+04
4.445536000000000000e+06
1.755339843750000000e+04
1.236037207031250000e+04
3.382733312000000000e+09
1.963230400000000000e+08
1.689459687500000000e+05
2.050985600000000000e+07
1.322619531250000000e+05
1.140648593750000000e+05
1.082221600000000000e+08
1.317863750000000000e+05
6.733592968750000000e+04
5.236903125000000000e+04
4.391506432000000000e+09
6.408706500000000000e+06
2.941513750000000000e+05
3.030395937500000000e+05
3.353316875000000000e+05
4.156807750000000000e+06
8.498266000000000000e+06
1.067128828125000000e+05
9.100390625000000000e+04
6.767246250000000000e+05
6.055667968750000000e+04
2.666292250000000000e+06
1.885078281250000000e+05
7.211810937500000000e+04
1.281366484375000000e+05
2.236850781250000000e+05
7.120811718750000000e+04
1.124761718750000000e+05
6.341900500000000000e+06
1.312068906250000000e+05
2.979159960937500000e+04
1.433367750000000000e+06
7.005880468750000000e+04
2.911280000000000000e+06
4.216301953125000000e+04
5.273555078125000000e+04
7.548681000000000000e+06
4.121126464843750000e+03
1.053705078125000000e+05
1.428885625000000000e+05
1.423661250000000000e+06
7.549042187500000000e+04
6.783274218750000000e+04
6.927053125000000000e+05
1.758946289062500000e+04
4.650898046875000000e+04
1.707887000000000000e+06
9.645236328125000000e+03
8.274406250000000000e+04
1.138736230468750000e+04
3.917294433593750000e+03
1.621715468750000000e+05
2.358418750000000000e+05
1.023509960937500000e+04
2.732425390625000000e+04
1.174234125000000000e+06
3.125295507812500000e+04
1.072700078125000000e+05
2.247648750000000000e+06
3.125295507812500000e+04
1.717607375000000000e+06
8.693492968750000000e+04
2.411940820312500000e+04
7.273724375000000000e+05
8.378381250000000000e+05
1.917108984375000000e+04
2.402313500000000000e+06
1.454190368652343750e+02
4.234924316406250000e+02
2.437177246093750000e+03
4.420400390625000000e+03
4.097828515625000000e+04
2.536861083984375000e+03
9.500680000000000000e+05
7.575408750000000000e+05
1.683780250000000000e+06
1.002486625000000000e+06
5.629683000000000000e+06
4.961296800000000000e+07
2.159838750000000000e+06
3.978983437500000000e+05
8.693642000000000000e+06
1.415416750000000000e+06
2.075932125000000000e+06
2.755140750000000000e+06
3.714794375000000000e+05
8.836039000000000000e+06
4.435703750000000000e+05
8.260078000000000000e+06
1.946424875000000000e+06
4.102607600000000000e+07
3.408348000000000000e+06
4.961296800000000000e+07
9.479190000000000000e+06
6.524794375000000000e+05
4.604452187500000000e+05
3.629880000000000000e+07
4.257141500000000000e+06
2.755140750000000000e+06
6.094288500000000000e+06
7.982318125000000000e+05
8.260078000000000000e+06
4.102607600000000000e+07
2.482805600000000000e+07
8.173599000000000000e+06
6.524794375000000000e+05
3.629880000000000000e+07
6.094288500000000000e+06
2.482805600000000000e+07
7.002010742187500000e+03
6.370846250000000000e+05
3.565706250000000000e+05
2.006897187500000000e+05
4.219776875000000000e+05
1.667446880000000000e+08
1.415658600000000000e+07
1.082463984375000000e+05
1.700104000000000000e+08
5.940381875000000000e+05
1.712322968750000000e+05
7.076492288000000000e+09
5.585014500000000000e+06
1.538358625000000000e+06
5.775137000000000000e+06
1.747379360000000000e+08
5.789392000000000000e+06
9.977273600000000000e+07
9.739566000000000000e+06
2.174249804687500000e+04
8.313057500000000000e+06
2.555508400000000000e+07
4.336153125000000000e+04
1.582689760000000000e+08
1.651384218750000000e+05
4.243766015625000000e+04
2.347374592000000000e+10
1.534969200000000000e+07
9.671223437500000000e+04
8.942402560000000000e+09
1.022061937500000000e+06
1.195949843750000000e+05
1.481240960000000000e+09
8.591222500000000000e+05
4.872036328125000000e+04
1.493653875000000000e+06
7.200489472000000000e+10
1.833347600000000000e+07
2.329291406250000000e+05
3.689454800000000000e+07
8.947831000000000000e+06
1.295826048000000000e+09
8.306944000000000000e+07
6.852640000000000000e+06
4.427136000000000000e+06
6.994224375000000000e+05
1.321766320000000000e+08
2.597530000000000000e+07
4.772216500000000000e+06
2.914508000000000000e+06
2.925809000000000000e+06
1.559017031250000000e+05
6.499416576000000000e+09
3.485746560000000000e+08
6.977226400000000000e+07
1.387012200000000000e+07
3.723214500000000000e+06
1.721786250000000000e+06
1.390708480000000000e+08
4.707100000000000000e+07
2.527909200000000000e+07
2.245253750000000000e+06
4.365233664000000000e+09
3.173985536000000000e+09
2.132444800000000000e+08
8.599277000000000000e+06
1.066327760000000000e+08
3.383668736000000000e+09
1.748892125000000000e+06
1.311105120000000000e+08
2.179329687500000000e+05
2.567724609375000000e+04
2.385141600000000000e+07
8.419479375000000000e+05
5.100885312500000000e+05
4.449675500000000000e+06
1.174234125000000000e+06
7.473013750000000000e+05
2.020124125000000000e+06
2.221759750000000000e+06
2.823572250000000000e+06
1.324850800000000000e+08
8.647415000000000000e+05
2.192784500000000000e+06
7.405248125000000000e+05
7.473013750000000000e+05
2.020124125000000000e+06
7.564319000000000000e+06
6.245150625000000000e+05
1.468199300000000000e+07
2.192784500000000000e+06
1.765347600000000000e+07
1.746641750000000000e+06
2.960780000000000000e+07
5.605840625000000000e+05
1.274217300000000000e+07
1.468199300000000000e+07
3.568574250000000000e+06
7.177891250000000000e+05
3.783798000000000000e+07
6.075973125000000000e+05
1.477534250000000000e+06
1.669861700000000000e+07
1.621719000000000000e+06
5.587076500000000000e+06
9.031953000000000000e+06
1.777403520000000000e+08
7.298091000000000000e+06
1.035966437500000000e+06
5.479206000000000000e+06
9.302408000000000000e+06
5.137310000000000000e+07
1.148690500000000000e+06
8.087947265625000000e+03
3.688391601562500000e+03
1.781230800000000000e+07
9.728440625000000000e+05
3.043176269531250000e+03
5.290100500000000000e+06
1.164016015625000000e+05
6.125711669921875000e+02
3.994925937500000000e+05
1.319818437500000000e+05
3.326323600000000000e+07
9.333671000000000000e+06
4.535253000000000000e+06
2.274135468750000000e+05
1.816904500000000000e+06
3.262652187500000000e+05
1.007025703125000000e+05
1.783775040000000000e+08
1.223858625000000000e+06
2.430754250000000000e+06
1.081032250000000000e+06
6.347326400000000000e+07
1.103215125000000000e+06
4.168348046875000000e+04
1.353274687500000000e+05
4.168348046875000000e+04
1.195971100000000000e+07
1.706872000000000000e+08
3.900224400000000000e+07
1.078032890625000000e+05
1.895269500000000000e+06
3.495259500000000000e+06
1.944637500000000000e+05
4.704497200000000000e+07
1.198958984375000000e+05
1.214156796875000000e+05
1.889008128000000000e+09
4.663208000000000000e+08
1.678337375000000000e+06
1.199387648000000000e+09
4.115869750000000000e+06
2.009460375000000000e+06
1.389401280000000000e+08
1.078101000000000000e+06
1.378897656250000000e+05
6.971276250000000000e+05
7.200489472000000000e+10
7.382335200000000000e+07
7.064316000000000000e+06
1.634633300000000000e+07
1.611157900000000000e+07
3.089797120000000000e+08
1.154907625000000000e+06
2.487368652343750000e+03
3.582903125000000000e+04
1.326024804687500000e+04
1.984581120000000000e+08
3.531653808593750000e+03
9.781316406250000000e+03
7.128163281250000000e+04
1.047948600000000000e+07
6.215621484375000000e+04
6.745036000000000000e+06
1.907958750000000000e+06
2.531028281250000000e+05
2.573883906250000000e+05
2.588595500000000000e+06
1.530155000000000000e+07
9.279624800000000000e+07
2.273831200000000000e+07
8.278431875000000000e+05
1.814077200000000000e+07
4.327684000000000000e+06
5.749730625000000000e+05
1.294291600000000000e+08
6.643802000000000000e+06
1.441113375000000000e+06
4.170997760000000000e+10
4.478400320000000000e+08
1.530155000000000000e+07
1.545729664000000000e+09
9.279624800000000000e+07
2.273831200000000000e+07
2.466914560000000000e+09
1.814077200000000000e+07
4.327684000000000000e+06
1.294291600000000000e+08
7.200489472000000000e+10
4.170997760000000000e+10
4.478400320000000000e+08
1.545729664000000000e+09
2.466914560000000000e+09
7.200489472000000000e+10
4.709476500000000000e+06
9.205522656250000000e+04
5.583010625000000000e+05
5.347722500000000000e+05
1.727618750000000000e+05
4.097644531250000000e+04
1.769759375000000000e+04
6.393010937500000000e+04
1.514990332031250000e+04
3.396337109375000000e+04
3.737994384765625000e+03
4.315627441406250000e+03
1.254926600000000000e+07
6.005206298828125000e+02
8.435454000000000000e+06
1.289213625000000000e+06
3.866679992675781250e+02
1.324850800000000000e+08
2.247648750000000000e+06
3.555530395507812500e+02
1.213351135253906250e+02
8.693642000000000000e+06
4.683716796875000000e+03
1.753551600000000000e+07
1.254926600000000000e+07
4.689975585937500000e+03
6.005206298828125000e+02
8.435454000000000000e+06
1.322163696289062500e+03
3.866679992675781250e+02
1.324850800000000000e+08
3.555530395507812500e+02
1.809797851562500000e+04
4.683716796875000000e+03
1.753551600000000000e+07
4.689975585937500000e+03
1.322163696289062500e+03
1.809797851562500000e+04
3.943471093750000000e+04
7.521225000000000000e+05
2.710382617187500000e+04
1.320189500000000000e+06
2.246054800000000000e+07
8.693642000000000000e+06
1.604837109375000000e+04
9.012243750000000000e+05
7.978184000000000000e+06
2.258359960937500000e+04
6.153572500000000000e+05
2.246054800000000000e+07
6.116671875000000000e+03
3.676178515625000000e+04
7.978184000000000000e+06
6.153572500000000000e+05
3.676178515625000000e+04
2.871234062500000000e+05
3.346130078125000000e+04
2.445559570312500000e+04
6.865603906250000000e+04
1.655889062500000000e+04
1.149945781250000000e+05
5.929525390625000000e+03
1.027444726562500000e+04
1.325717578125000000e+04
9.840099000000000000e+06
3.116279687500000000e+05
4.886525937500000000e+05
1.266875375000000000e+06
1.195746000000000000e+08
1.599959373474121094e+01
1.349037250000000000e+06
5.486885625000000000e+05
1.442968559265136719e+01
1.781230800000000000e+07
8.546962500000000000e+05
4.316270351409912109e+00
6.795835018157958984e+00
1.680769140625000000e+04
3.425661087036132812e+01
2.988594240000000000e+08
1.221929900000000000e+07
1.280393886566162109e+01
1.434546756744384766e+01
3.334289062500000000e+05
1.228176212310791016e+01
1.302375030517578125e+01
4.322709500000000000e+06
3.658960342407226562e+00
3.516851043701171875e+01
2.786406517028808594e+01
3.752204400000000000e+07
1.080915260314941406e+01
1.005239582061767578e+01
2.547695541381835938e+01
4.458740500000000000e+06
9.739566000000000000e+06
1.961409531250000000e+05
4.693322000000000000e+06
9.425876562500000000e+04
4.992865000000000000e+05
2.127787600000000000e+07
1.101835625000000000e+06
1.146229375000000000e+06
4.452028437500000000e+05
2.681490250000000000e+06
2.091841000000000000e+06
3.054844140625000000e+04
8.510003750000000000e+05
1.154907625000000000e+06
6.845060058593750000e+03
9.909394531250000000e+04
3.669107031250000000e+04
1.910802148437500000e+04
1.432038375000000000e+06
3.202999414062500000e+04
4.842387000000000000e+06
4.131368750000000000e+05
1.202072700000000000e+07
4.551222400000000000e+07
1.549294875000000000e+06
6.053255000000000000e+05
8.693642000000000000e+06
7.115522656250000000e+04
2.494799000000000000e+06
6.615956500000000000e+06
1.193340125000000000e+06
1.895187031250000000e+05
1.749133750000000000e+06
2.146933750000000000e+06
2.319491093750000000e+05
2.174408160000000000e+08
1.985043875000000000e+06
4.551222400000000000e+07
3.089295937500000000e+05
8.826407031250000000e+04
3.219435937500000000e+04
1.728167600000000000e+07
1.728747500000000000e+06
6.615956500000000000e+06
8.070265000000000000e+06
4.602480937500000000e+05
2.146933750000000000e+06
2.174408160000000000e+08
4.765683125000000000e+05
1.389302968750000000e+05
8.826407031250000000e+04
1.728167600000000000e+07
8.070265000000000000e+06
4.765683125000000000e+05
4.611421562500000000e+05
2.034496875000000000e+04
1.626967480468750000e+04
1.720847031250000000e+05
1.103393750000000000e+04
4.936340625000000000e+04
4.004018859863281250e+02
2.651034545898437500e+02
1.236766000000000000e+06
2.226659600000000000e+07
1.422895625000000000e+06
2.450863250000000000e+06
1.376545625000000000e+05
8.693642000000000000e+06
2.014579600000000000e+07
1.236766000000000000e+06
2.226659600000000000e+07
2.450863250000000000e+06
2.014579600000000000e+07
3.092918000000000000e+06
3.360158125000000000e+05
1.797047375000000000e+06
2.748519750000000000e+06
1.195746000000000000e+08
4.631267968750000000e+04
1.666251562500000000e+05
1.138890750000000000e+06
9.977273600000000000e+07
9.233362000000000000e+06
4.038842578125000000e+04
1.631058880000000000e+08
1.715304218750000000e+05
2.862224218750000000e+04
8.990596096000000000e+09
1.149288750000000000e+06
2.416879218750000000e+05
5.320030625000000000e+05
1.202944300000000000e+07
3.280941000000000000e+06
1.271364746093750000e+04
1.902257250000000000e+06
1.428027500000000000e+06
4.225730078125000000e+04
5.071205078125000000e+04
2.968645898437500000e+04
4.931506250000000000e+05
7.422286875000000000e+05
1.366116500000000000e+06
4.906980000000000000e+05
3.910221562500000000e+05
3.287891200000000000e+07
1.109701250000000000e+05
2.437558000000000000e+06
3.014098750000000000e+06
2.546426406250000000e+05
3.315504687500000000e+05
5.290424000000000000e+06
1.061856015625000000e+05
3.326038400000000000e+07
3.011860250000000000e+06
2.218960250000000000e+06
4.860058203125000000e+04
3.670963250000000000e+06
2.933135937500000000e+04
9.566883000000000000e+06
1.923399600000000000e+07
8.302736875000000000e+05
4.063235937500000000e+04
1.710911125000000000e+06
9.606654687500000000e+04
1.875605875000000000e+06
6.571486500000000000e+06
1.254736015625000000e+05
3.424105625000000000e+05
1.847899375000000000e+06
3.238485200000000000e+07
4.488613500000000000e+06
2.337333281250000000e+05
1.169899500000000000e+06
1.683067375000000000e+06
1.575583600000000000e+07
2.052684062500000000e+05
3.991585546875000000e+04
2.074875250000000000e+06
2.298077148437500000e+04
9.850901250000000000e+05
3.097065000000000000e+06
1.570479062500000000e+05
9.169021093750000000e+04
8.607441000000000000e+06
2.647155078125000000e+04
1.159122625000000000e+06
1.192993000000000000e+06
4.228111562500000000e+05
4.226615625000000000e+05
3.012901953125000000e+04
4.466369921875000000e+04
2.703987304687500000e+04
3.743923500000000000e+06
1.497635468750000000e+05
3.097065000000000000e+06
3.701427187500000000e+05
6.391041406250000000e+04
1.976057617187500000e+04
6.408926500000000000e+06
4.698967187500000000e+05
1.192993000000000000e+06
7.153517187500000000e+04
1.157188964843750000e+04
4.466369921875000000e+04
3.743923500000000000e+06
1.577587625000000000e+06
2.876696562500000000e+05
6.391041406250000000e+04
6.408926500000000000e+06
7.153517187500000000e+04
1.577587625000000000e+06
2.632236132812500000e+04
5.045142500000000000e+05
2.029996800000000000e+07
7.429000625000000000e+05
2.344801953125000000e+04
5.870519375000000000e+05
5.049231500000000000e+06
4.169545000000000000e+05
1.743940625000000000e+06
2.803541748046875000e+03
5.039437890625000000e+04
1.371643875000000000e+06
9.739566000000000000e+06
7.061979492187500000e+03
4.427800312500000000e+05
1.085318125000000000e+06
1.293173339843750000e+03
8.677512695312500000e+03
3.684381875000000000e+05
4.866006835937500000e+03
1.439614687500000000e+05
1.966120500000000000e+06
2.631938437500000000e+05
2.474209228515625000e+03
7.257038574218750000e+03
3.693549560546875000e+03
2.469975000000000000e+06
3.601273681640625000e+03
2.879265000000000000e+06
2.396443847656250000e+03
1.257104394531250000e+04
4.052322500000000000e+05
6.302073242187500000e+03
4.343989257812500000e+03
1.057562109375000000e+04
5.342852539062500000e+03
4.338792000000000000e+06
1.491910742187500000e+04
3.932078500000000000e+06
1.095864648437500000e+04
1.120686645507812500e+03
8.265599609375000000e+03
1.035814312500000000e+06
8.186123046875000000e+03
1.453009863281250000e+04
1.797505737304687500e+03
1.061593359375000000e+04
1.971401875000000000e+06
1.187340039062500000e+04
1.303414843750000000e+04
4.716296875000000000e+05
1.941532375000000000e+06
1.202252320000000000e+08
1.872837200000000000e+07
9.180124000000000000e+07
1.591412625000000000e+06
1.145984900000000000e+07
2.721429600000000000e+07
7.019845000000000000e+05
2.226659600000000000e+07
8.693642000000000000e+06
1.422895625000000000e+06
1.676015488000000000e+09
6.983621120000000000e+08
1.202252320000000000e+08
9.940555200000000000e+07
1.872837200000000000e+07
9.180124000000000000e+07
4.954935040000000000e+08
1.145984900000000000e+07
2.721429600000000000e+07
2.226659600000000000e+07
4.494258688000000000e+09
1.676015488000000000e+09
6.983621120000000000e+08
9.940555200000000000e+07
4.954935040000000000e+08
4.494258688000000000e+09
1.679889250000000000e+06
4.830275500000000000e+06
9.913436000000000000e+06
4.622715625000000000e+05
4.830275500000000000e+06
1.251910500000000000e+06
2.732295500000000000e+06
5.841769500000000000e+06
1.140085000000000000e+06
4.355404296875000000e+04
2.013120703125000000e+04
6.094376000000000000e+06
8.539958400000000000e+07
8.435454000000000000e+06
2.327936718750000000e+05
2.612344140625000000e+04
3.180136250000000000e+06
1.690742240000000000e+08
4.639649375000000000e+05
1.253044300000000000e+07
3.161224062500000000e+05
1.688187343750000000e+05
3.612985000000000000e+05
1.414162432000000000e+09
9.877745000000000000e+06
9.865878125000000000e+05
7.377256320000000000e+08
4.166336750000000000e+06
1.206672500000000000e+06
2.516060937500000000e+04
1.823061562500000000e+05
5.150732031250000000e+04
1.804453760000000000e+08
1.389950125000000000e+06
1.745561125000000000e+06
7.063003125000000000e+05
3.233256875000000000e+05
6.770771250000000000e+05
3.044285625000000000e+05
2.884672512000000000e+10
1.026130800000000000e+08
1.192254875000000000e+06
3.015061600000000000e+07
1.143543593750000000e+05
1.624709765625000000e+04
1.286774453125000000e+05
3.057998000000000000e+06
2.682664500000000000e+06
1.042786484375000000e+05
2.869044375000000000e+05
6.533544320000000000e+08
2.962232031250000000e+04
3.804963750000000000e+05
1.195746000000000000e+08
8.435454000000000000e+06
8.691122656250000000e+04
1.582689760000000000e+08
6.124591250000000000e+05
2.346306718750000000e+05
6.446181888000000000e+09
4.875356500000000000e+06
7.224921250000000000e+05
5.634839500000000000e+06
3.496620800000000000e+08
4.685283437500000000e+05
5.707439453125000000e+04
7.465990000000000000e+05
6.000337500000000000e+05
8.278431875000000000e+05
5.851494531250000000e+04
5.289453750000000000e+05
3.744133437500000000e+05
2.125718750000000000e+05
4.239652343750000000e+04
2.687960312500000000e+05
5.521558984375000000e+04
1.620749414062500000e+04
2.239177187500000000e+05
4.156672656250000000e+04
2.323245937500000000e+05
8.643288281250000000e+04
1.001383984375000000e+05
6.000337500000000000e+05
8.476021875000000000e+04
1.453269687500000000e+05
2.038498046875000000e+04
1.699514531250000000e+05
2.538987304687500000e+04
2.341816015625000000e+04
5.521558984375000000e+04
2.028183203125000000e+04
1.327437812500000000e+05
4.156672656250000000e+04
8.643288281250000000e+04
1.283981933593750000e+04
8.342653125000000000e+04
2.038498046875000000e+04
2.538987304687500000e+04
2.028183203125000000e+04
1.283981933593750000e+04
1.773696093750000000e+05
3.233626875000000000e+05
3.642241875000000000e+05
1.603884375000000000e+05
6.689986875000000000e+05
1.950084765625000000e+04
1.253044300000000000e+07
3.240566875000000000e+05
1.761029531250000000e+05
6.387314000000000000e+06
3.630536328125000000e+04
1.547352187500000000e+05
7.294835625000000000e+05
1.379739875000000000e+06
4.265245312500000000e+05
4.587401953125000000e+04
5.281381640625000000e+04
3.393248046875000000e+04
9.739566000000000000e+06
3.737623828125000000e+04
2.301575585937500000e+04
2.687781640625000000e+04
1.021251562500000000e+04
2.743313671875000000e+04
5.654380859375000000e+03
3.436205859375000000e+04
2.475802148437500000e+04
1.094408496093750000e+04
7.852357031250000000e+04
1.245193164062500000e+04
7.415969238281250000e+03
3.984412500000000000e+04
1.632080566406250000e+04
4.362060058593750000e+03
2.438587031250000000e+05
3.697734130859375000e+03
1.255932421875000000e+04
4.529671325683593750e+02
1.243463964843750000e+04
6.054181640625000000e+03
4.937707519531250000e+03
1.824374218750000000e+04
4.486490722656250000e+03
1.552781494140625000e+03
1.048275468750000000e+05
9.851695312500000000e+03
1.137439160156250000e+04
7.673612304687500000e+03
9.380418945312500000e+03
7.107755371093750000e+03
3.850551513671875000e+03
5.961186035156250000e+03
3.424516357421875000e+03
6.097804199218750000e+03
2.505583496093750000e+03
9.313395385742187500e+02
8.002392500000000000e+06
7.950096093750000000e+04
1.894437187500000000e+05
9.969160000000000000e+05
2.588314000000000000e+06
1.004164960000000000e+08
6.116320625000000000e+05
2.480854687500000000e+05
5.383023125000000000e+05
3.663089453125000000e+04
3.432682031250000000e+04
7.287880500000000000e+06
1.871479062500000000e+05
1.585305664062500000e+04
1.782941440000000000e+08
2.199490750000000000e+06
4.977200000000000000e+05
1.525254560000000000e+08
1.546191100000000000e+07
1.212081328125000000e+05
6.230729500000000000e+06
6.983459375000000000e+04
7.444244628906250000e+03
1.752790750000000000e+06
3.011275840000000000e+08
7.007751000000000000e+06
1.336060312500000000e+05
1.917104000000000000e+07
2.095582656250000000e+05
9.607699000000000000e+06
2.022276480000000000e+08
1.858408000000000000e+07
1.542970750000000000e+06
1.587832960000000000e+08
7.148085500000000000e+06
8.563212000000000000e+06
5.381807104000000000e+09
2.033691360000000000e+08
1.847698800000000000e+07
1.553025280000000000e+08
5.413062144000000000e+09
6.479057421875000000e+04
6.977223125000000000e+05
9.820127929687500000e+03
3.565706250000000000e+05
2.692053222656250000e+02
2.215790625000000000e+04
1.608906250000000000e+05
5.984295654296875000e+02
3.925426171875000000e+04
5.695601074218750000e+03
8.768187500000000000e+03
4.409600390625000000e+04
2.481110800000000000e+07
3.768748750000000000e+06
3.457253200000000000e+07
1.822414843750000000e+05
1.372902560000000000e+08
1.582689760000000000e+08
8.215199375000000000e+05
2.226659600000000000e+07
2.180233906250000000e+05
5.703935625000000000e+05
2.214924250000000000e+06
2.753191875000000000e+05
5.017447187500000000e+05
1.070921875000000000e+04
1.570065408000000000e+09
1.606078848000000000e+09
6.604729375000000000e+05
9.067187200000000000e+07
1.222778250000000000e+06
8.123259000000000000e+06
6.991671040000000000e+08
4.620470000000000000e+07
7.114557500000000000e+06
2.387574750000000000e+06
4.693742000000000000e+07
5.794306400000000000e+07
1.858310781250000000e+05
5.091692000000000000e+06
1.796418906250000000e+05
1.235275859375000000e+05
5.980432896000000000e+09
7.621383200000000000e+07
3.790942400000000000e+07
1.939742800000000000e+07
9.558517600000000000e+07
1.027955072000000000e+09
7.473611500000000000e+06
2.528370250000000000e+06
1.587722875000000000e+06
3.510098560000000000e+08
1.026939360000000000e+08
4.837499000000000000e+06
3.452232421875000000e+04
1.564871093750000000e+05
9.795032000000000000e+07
1.268684218750000000e+05
1.406598750000000000e+06
1.501973500000000000e+07
2.841828750000000000e+06
5.423923828125000000e+04
5.831554375000000000e+05
1.154907625000000000e+06
1.181852968750000000e+05
8.318490000000000000e+06
1.127832500000000000e+06
6.350051200000000000e+07
1.200413900000000000e+07
7.687753125000000000e+04
9.656757600000000000e+07
5.151704375000000000e+05
1.646883125000000000e+05
4.991047168000000000e+09
3.253865750000000000e+06
8.511911875000000000e+05
3.926180500000000000e+06
1.001206480000000000e+08
8.383400390625000000e+03
8.144896240234375000e+02
9.913436000000000000e+06
2.247648750000000000e+06
8.144896240234375000e+02
9.607363281250000000e+03
4.460599000000000000e+06
6.090659790039062500e+02
1.405738906250000000e+05
2.449489200000000000e+07
7.834354500000000000e+06
2.366499200000000000e+07
1.014545437500000000e+06
1.372902560000000000e+08
1.582689760000000000e+08
6.135606000000000000e+06
2.226659600000000000e+07
8.206953125000000000e+05
4.274317000000000000e+06
9.444598125000000000e+05
3.025723750000000000e+05
4.661910312500000000e+05
2.865764257812500000e+04
8.808428800000000000e+08
2.527478272000000000e+09
1.218122900000000000e+07
6.824132800000000000e+07
8.195782500000000000e+06
1.226307600000000000e+07
6.991671040000000000e+08
1.084484320000000000e+08
7.501121600000000000e+07
1.540850600000000000e+07
2.443958800000000000e+07
2.324656400000000000e+07
7.543946250000000000e+05
3.940634250000000000e+06
3.391819375000000000e+05
3.766570937500000000e+05
4.891777536000000000e+09
9.876531840000000000e+08
9.734024320000000000e+08
5.456635600000000000e+07
5.542345600000000000e+08
2.860578240000000000e+08
3.000278000000000000e+07
1.733466000000000000e+07
4.050351750000000000e+06
4.895118848000000000e+09
3.157656320000000000e+08
1.721717187500000000e+05
1.732162125000000000e+06
3.860926562500000000e+05
8.693642000000000000e+06
1.732162125000000000e+06
6.184342187500000000e+04
1.170267750000000000e+06
1.371643875000000000e+06
2.350378437500000000e+05
6.726981250000000000e+04
8.468770625000000000e+05
1.137585000000000000e+05
1.326689843750000000e+05
2.150493200000000000e+07
2.166862031250000000e+05
6.009678125000000000e+05
6.053341250000000000e+05
6.902521250000000000e+05
9.448155625000000000e+05
5.296459375000000000e+05
3.391198750000000000e+05
1.506119875000000000e+06
1.051952500000000000e+06
8.436768125000000000e+05
4.759000781250000000e+04
9.643348999023437500e+02
1.648739453125000000e+04
4.882404785156250000e+03
2.302657031250000000e+05
2.261715600000000000e+07
7.372359375000000000e+04
2.426346679687500000e+04
6.389430664062500000e+03
1.216083906250000000e+05
1.247215250000000000e+06
3.686339062500000000e+04
6.481023125000000000e+05
5.844540039062500000e+03
4.441339062500000000e+04
6.494517187500000000e+04
3.991585546875000000e+04
1.214968017578125000e+03
9.041333007812500000e+03
1.813224500000000000e+06
1.821740468750000000e+05
8.872571289062500000e+03
1.582689760000000000e+08
1.453068359375000000e+03
1.406577031250000000e+05
3.134634033203125000e+03
3.957240966796875000e+03
2.425383600000000000e+07
9.064872070312500000e+03
1.177702880859375000e+03
4.918008300781250000e+03
1.591046560000000000e+08
9.837340000000000000e+06
1.020293671875000000e+05
2.447440625000000000e+05
9.084340000000000000e+05
1.049823200000000000e+07
6.547790234375000000e+04
1.151627300000000000e+07
9.931741406250000000e+04
5.520927343750000000e+04
6.733698750000000000e+05
1.283163200000000000e+07
3.919674687500000000e+05
1.022134296875000000e+05
6.827226500000000000e+06
1.604074062500000000e+05
9.763339062500000000e+04
4.327732800000000000e+07
3.640155312500000000e+05
9.452391250000000000e+05
2.294399375000000000e+05
1.591922900000000000e+07
1.688535156250000000e+05
7.875809375000000000e+04
1.631434250000000000e+06
2.077199500000000000e+06
2.275257187500000000e+05
3.915161562500000000e+05
1.249722625000000000e+06
1.110570468750000000e+05
1.805084687500000000e+05
1.161259250000000000e+06
3.402237109375000000e+04
1.582689760000000000e+08
3.806961181640625000e+03
1.947722875000000000e+06
3.816360351562500000e+03
8.550349609375000000e+03
2.653723680000000000e+08
6.196947656250000000e+04
1.023823437500000000e+04
9.457157031250000000e+04
1.103049765625000000e+05
3.207263671875000000e+04
2.018569687500000000e+05
5.521337500000000000e+06
3.986901600000000000e+07
9.739566000000000000e+06
2.271982968750000000e+05
4.868681875000000000e+05
2.288170800000000000e+07
1.829162031250000000e+05
2.513418800000000000e+07
2.960357812500000000e+05
7.405248125000000000e+05
1.252192896000000000e+09
1.887601600000000000e+07
9.164918750000000000e+05
1.336220800000000000e+09
8.816092000000000000e+06
1.289192875000000000e+06
1.195570400000000000e+08
3.576402812500000000e+05
5.554493500000000000e+06
2.848853750000000000e+06
6.425831833600000000e+10
6.083985200000000000e+07
2.741945750000000000e+06
1.651251840000000000e+08
2.929357200000000000e+07
5.490676224000000000e+09
3.995474250000000000e+06
6.865708593750000000e+04
2.150174609375000000e+04
1.085236171875000000e+05
1.060595410156250000e+04
9.888664375000000000e+05
7.473013750000000000e+05
4.837499000000000000e+06
1.156940375000000000e+06
1.399203100000000000e+07
2.366499200000000000e+07
1.806719531250000000e+04
6.827226500000000000e+06
1.312725488281250000e+04
5.311259375000000000e+05
9.344322000000000000e+06
3.119320250000000000e+06
1.672178320312500000e+04
5.004597600000000000e+07
6.089565500000000000e+06
6.788486000000000000e+06
6.411560156250000000e+04
1.633185120000000000e+08
1.453301562500000000e+05
3.770213281250000000e+04
3.631514000000000000e+07
1.325428500000000000e+06
6.264192968750000000e+04
9.405374400000000000e+07
1.746203906250000000e+05
1.492559765625000000e+04
5.565902800000000000e+07
1.182197500000000000e+06
6.366155078125000000e+04
9.533453750000000000e+05
1.993682720000000000e+08
3.859439750000000000e+06
4.598637500000000000e+04
4.901344375000000000e+05
3.190251750000000000e+06
7.502504500000000000e+06
5.153754687500000000e+04
6.680321875000000000e+05
2.731625585937500000e+04
6.037965625000000000e+05
1.393394600000000000e+07
1.887348281250000000e+05
4.613832187500000000e+05
1.786930400000000000e+07
1.254037343750000000e+05
1.871666406250000000e+05
1.153503000000000000e+06
3.226598046875000000e+04
9.932215625000000000e+05
2.150550400000000000e+07
4.916142968750000000e+04
1.361113125000000000e+05
4.446548400000000000e+07
9.963760937500000000e+04
4.048444062500000000e+05
2.893190625000000000e+05
4.824536250000000000e+05
1.371770312500000000e+05
1.810653593750000000e+05
1.927064400000000000e+07
1.192156000000000000e+06
3.005159062500000000e+05
1.623202875000000000e+06
1.138622265625000000e+04
4.547193359375000000e+03
8.542217000000000000e+06
1.138695019531250000e+04
6.847956000000000000e+06
4.708431875000000000e+05
2.778508750000000000e+05
6.629852500000000000e+06
1.950891845703125000e+03
9.331764526367187500e+02
8.266517000000000000e+06
1.986850219726562500e+03
4.125417968750000000e+04
3.148707500000000000e+05
2.388639404296875000e+03
4.066312000000000000e+07
1.928801250000000000e+05
7.405248125000000000e+05
1.275862125000000000e+06
1.500856152343750000e+04
1.083455390625000000e+05
6.511628000000000000e+06
3.834715000000000000e+05
2.472301000000000000e+06
2.226659600000000000e+07
1.059813437500000000e+05
1.338068300000000000e+07
4.314010937500000000e+04
6.549370312500000000e+04
3.342968800000000000e+07
9.976064062500000000e+04
5.518635625000000000e+05
8.760165625000000000e+04
8.498082500000000000e+05
5.284880000000000000e+05
1.245913800000000000e+07
6.347261500000000000e+06
1.582689760000000000e+08
2.682119687500000000e+05
5.799775500000000000e+06
4.501152500000000000e+06
1.200647400000000000e+07
2.371371360000000000e+08
7.982024000000000000e+07
6.644505500000000000e+06
1.931647040000000000e+08
1.069151171875000000e+04
9.791986328125000000e+03
1.400706000000000000e+06
5.548171250000000000e+05
1.600018310546875000e+03
2.165925937500000000e+05
2.357670000000000000e+05
3.061114453125000000e+04
1.623352500000000000e+05
2.622136328125000000e+04
1.164667500000000000e+06
1.465166718750000000e+05
2.129274023437500000e+04
7.992714000000000000e+06
3.455561875000000000e+05
5.282137109375000000e+04
1.803125195312500000e+04
1.288260000000000000e+06
1.214711230468750000e+04
6.302192500000000000e+05
2.012202625000000000e+06
9.414666992187500000e+03
4.441021093750000000e+04
1.775337656250000000e+05
1.304945937500000000e+05
2.054042187500000000e+04
1.852278800000000000e+07
2.520100468750000000e+05
7.283275000000000000e+05
6.594942000000000000e+06
5.717775000000000000e+05
3.346130078125000000e+04
7.414173125000000000e+05
8.278431875000000000e+05
5.831438125000000000e+05
1.970223500000000000e+06
1.262353828125000000e+05
8.051308593750000000e+04
4.041777812500000000e+05
1.209152187500000000e+05
1.353323593750000000e+05
1.468279199218750000e+04
1.018205625000000000e+05
1.634914843750000000e+05
1.079317812500000000e+05
2.838029882812500000e+04
9.384356250000000000e+04
4.948241406250000000e+04
3.613134375000000000e+04
9.909925600000000000e+07
9.923330000000000000e+06
3.554189843750000000e+04
1.622881920000000000e+08
7.931950000000000000e+04
1.942868750000000000e+04
8.846316544000000000e+09
9.643063125000000000e+05
1.233623046875000000e+05
3.096371875000000000e+05
1.234279100000000000e+07
1.563202972412109375e+02
1.302021875000000000e+06
3.423080749511718750e+02
1.182458114624023438e+02
7.876196777343750000e+03
2.475912343750000000e+05
1.713185312500000000e+05
1.869495312500000000e+04
1.233953613281250000e+04
5.169190917968750000e+03
2.879228710937500000e+04
4.782953125000000000e+03
8.823271484375000000e+03
4.110959062500000000e+05
3.346130078125000000e+04
7.473013750000000000e+05
4.837499000000000000e+06
9.739566000000000000e+06
1.945047265625000000e+04
5.190605859375000000e+04
6.849772500000000000e+05
1.414559531250000000e+05
6.273013750000000000e+05
6.827226500000000000e+06
2.924769921875000000e+04
2.284299531250000000e+05
2.545485250000000000e+06
6.311427343750000000e+04
1.429121250000000000e+05
2.058859687500000000e+05
4.537827343750000000e+04
5.004597600000000000e+07
1.068584140625000000e+05
4.958167000000000000e+06
2.763022265625000000e+04
5.817785546875000000e+04
1.789392875000000000e+06
9.356945000000000000e+05
7.223615625000000000e+04
6.640200000000000000e+04
1.353560937500000000e+04
1.793818400000000000e+07
9.311727539062500000e+03
1.762924875000000000e+06
7.145149375000000000e+05
1.560108593750000000e+05
5.003489687500000000e+05
4.088842800000000000e+07
3.928810625000000000e+05
3.323583750000000000e+05
6.451810156250000000e+04
9.889615625000000000e+04
7.600141000000000000e+06
1.345794000000000000e+06
6.765413125000000000e+05
7.826283750000000000e+05
3.209528400000000000e+07
1.028889453125000000e+05
9.955676562500000000e+04
3.995619000000000000e+06
7.177537500000000000e+04
1.199381500000000000e+06
9.972478125000000000e+05
1.201597265625000000e+04
2.918514062500000000e+05
1.166227734375000000e+04
2.568580156250000000e+05
1.553947812500000000e+05
2.523612400000000000e+07
9.944010620117187500e+02
6.281455000000000000e+05
2.189053125000000000e+05
6.242182617187500000e+03
2.925563500000000000e+06
6.757875625000000000e+05
3.126619140625000000e+04
1.286606406250000000e+05
5.897673125000000000e+05
8.295845600000000000e+07
8.435454000000000000e+06
5.314841875000000000e+05
1.322518125000000000e+06
1.061359700000000000e+07
2.507045312500000000e+04
2.226659600000000000e+07
2.151603125000000000e+05
5.604295625000000000e+05
8.999920800000000000e+07
1.579950000000000000e+06
4.071357500000000000e+05
5.469243200000000000e+07
1.027107300000000000e+07
1.211963750000000000e+06
2.871487600000000000e+07
4.915026250000000000e+05
1.153463375000000000e+06
2.356039500000000000e+06
2.759103250000000000e+06
1.121220300000000000e+07
5.346524375000000000e+05
9.127810000000000000e+06
6.709148000000000000e+06
4.660030000000000000e+05
1.601682080000000000e+08
1.434834200000000000e+07
3.063525000000000000e+05
1.700331200000000000e+08
7.696686875000000000e+05
4.024285312500000000e+05
6.681396736000000000e+09
5.832567500000000000e+06
1.702501125000000000e+06
5.614247500000000000e+06
1.171120720000000000e+08
5.375702500000000000e+05
1.375492500000000000e+06
2.396769921875000000e+04
1.301902625000000000e+06
2.911810250000000000e+06
1.671639800000000000e+07
1.903306875000000000e+05
2.435949750000000000e+06
3.457590000000000000e+07
9.489635937500000000e+04
3.859730312500000000e+05
6.827226500000000000e+06
3.545542968750000000e+04
1.546218750000000000e+06
7.520334500000000000e+06
9.688128750000000000e+05
7.725662500000000000e+04
6.662395312500000000e+04
5.629605078125000000e+04
5.368740000000000000e+07
1.901159218750000000e+05
1.378719600000000000e+07
7.373786718750000000e+04
1.764898281250000000e+05
3.435856000000000000e+06
5.128699687500000000e+05
5.449485546875000000e+04
5.709023828125000000e+04
5.841708984375000000e+04
2.898102400000000000e+07
2.892056562500000000e+05
1.088113600000000000e+07
3.996888437500000000e+05
8.815521093750000000e+04
2.256102187500000000e+05
7.431810400000000000e+07
1.771439375000000000e+05
1.559018437500000000e+05
5.547543750000000000e+04
8.967968750000000000e+04
2.535026400000000000e+07
7.987549375000000000e+05
2.205664531250000000e+05
1.390568906250000000e+05
6.563100625000000000e+05
2.212396240234375000e+03
2.925935742187500000e+04
8.357158500000000000e+06
3.242718017578125000e+03
7.025672851562500000e+03
1.170332714843750000e+04
1.541771875000000000e+06
6.277607421875000000e+04
7.473013750000000000e+05
2.940622851562500000e+04
2.315391250000000000e+05
9.464629000000000000e+06
2.127769921875000000e+04
3.565706250000000000e+05
1.040062500000000000e+03
5.232584765625000000e+04
4.490916796875000000e+04
2.459538250000000000e+06
3.338355859375000000e+04
2.286051718750000000e+05
6.007249023437500000e+03
3.123560625000000000e+05
1.205946500000000000e+06
1.328483642578125000e+03
5.131678906250000000e+04
1.127941113281250000e+04
4.706452187500000000e+05
5.124662597656250000e+03
3.737013125000000000e+05
3.573672265625000000e+04
1.823316601562500000e+04
5.740777734375000000e+04
5.774618125000000000e+05
4.263388671875000000e+04
7.473013750000000000e+05
4.837499000000000000e+06
9.739566000000000000e+06
5.058906640625000000e+04
6.229708125000000000e+05
7.184315000000000000e+05
9.369046875000000000e+04
2.962213125000000000e+05
6.827226500000000000e+06
4.647537109375000000e+04
3.308814375000000000e+05
8.737373750000000000e+05
2.310927929687500000e+04
1.201437031250000000e+05
1.627932187500000000e+05
2.247266796875000000e+04
5.004597600000000000e+07
1.068584140625000000e+05
4.958167000000000000e+06
1.302859296875000000e+05
8.098275000000000000e+04
3.132667000000000000e+06
5.411151875000000000e+05
1.261053281250000000e+05
6.508536328125000000e+04
4.683595703125000000e+03
5.009307000000000000e+06
4.342970214843750000e+03
2.689303750000000000e+05
5.758977500000000000e+05
9.475457031250000000e+04
1.522154531250000000e+05
4.088842800000000000e+07
5.176965625000000000e+05
3.938823437500000000e+05
3.586533984375000000e+04
2.492787695312500000e+04
8.010022500000000000e+05
9.819170625000000000e+05
2.212768906250000000e+05
9.415388125000000000e+05
3.923189392089843750e+02
5.680084472656250000e+03
8.703431250000000000e+04
3.395518750000000000e+05
1.324850800000000000e+08
2.350972343750000000e+05
3.224494140625000000e+04
1.348021250000000000e+06
4.239367500000000000e+06
2.056391093750000000e+05
1.181867656250000000e+05
1.572439375000000000e+05
2.756581000000000000e+06
4.347416875000000000e+05
4.867400781250000000e+04
4.716201660156250000e+03
4.836444921875000000e+04
3.942801562500000000e+04
3.190382500000000000e+06
1.365826400000000000e+07
9.739566000000000000e+06
2.261715600000000000e+07
7.647992968750000000e+04
5.453328000000000000e+06
2.097122000000000000e+07
4.792037500000000000e+04
2.226659600000000000e+07
2.062314375000000000e+05
1.169536328125000000e+05
4.808454080000000000e+08
3.360115520000000000e+08
1.759567250000000000e+06
3.998660400000000000e+07
8.607600000000000000e+05
2.051238125000000000e+06
2.510425920000000000e+08
3.543028750000000000e+05
1.145218625000000000e+06
1.898375500000000000e+06
3.472668672000000000e+09
3.687183200000000000e+07
1.296324100000000000e+07
4.820850500000000000e+06
6.110939500000000000e+06
9.181210400000000000e+07
5.032106400000000000e+07
9.794952000000000000e+06
2.119021250000000000e+05
9.505533000000000000e+06
2.624321875000000000e+05
7.405248125000000000e+05
1.322609408000000000e+09
6.459395500000000000e+06
1.489399500000000000e+06
2.917272250000000000e+06
2.042624640000000000e+08
1.255196718750000000e+05
1.398155520000000000e+08
1.989443750000000000e+05
4.252232500000000000e+05
1.817471200000000000e+07
2.591509687500000000e+05
2.293632226562500000e+04
2.482048437500000000e+04
1.298859277343750000e+04
1.702641760000000000e+08
1.610079700000000000e+07
1.263935703125000000e+05
1.582689760000000000e+08
3.484690937500000000e+05
1.898526406250000000e+05
7.385751040000000000e+09
1.376676250000000000e+06
6.657673750000000000e+05
1.621533375000000000e+06
2.009211200000000000e+07
4.012573200000000000e+07
9.739566000000000000e+06
1.546571875000000000e+05
1.253044300000000000e+07
2.406933125000000000e+05
3.975140625000000000e+05
8.055856640000000000e+08
4.084926500000000000e+06
1.097897875000000000e+06
5.260140625000000000e+05
2.453486800000000000e+07
4.173391750000000000e+06
5.636054687500000000e+02
1.056435668945312500e+03
6.475771875000000000e+05
8.217679687500000000e+03
1.159341894531250000e+04
5.544630859375000000e+03
3.600274414062500000e+03
9.300365625000000000e+04
3.232357617187500000e+04
4.837499000000000000e+06
4.692873437500000000e+04
1.311285375000000000e+06
1.307611500000000000e+06
2.392798242187500000e+04
6.226649375000000000e+05
7.405248125000000000e+05
3.814875000000000000e+04
1.667682625000000000e+06
5.253773750000000000e+05
2.485094335937500000e+04
1.606954375000000000e+05
1.192770781250000000e+05
1.820611718750000000e+05
3.512613037109375000e+03
1.503177200000000000e+07
6.939608593750000000e+04
1.936854687500000000e+05
9.996731250000000000e+04
1.993031445312500000e+04
2.899021972656250000e+03
4.837384000000000000e+06
6.301907421875000000e+04
8.513457031250000000e+04
1.199231625000000000e+06
2.193858789062500000e+04
2.076464648437500000e+04
2.926199750000000000e+06
1.700994843750000000e+05
1.832832421875000000e+04
3.996638183593750000e+03
1.125892750000000000e+06
2.187116562500000000e+05
4.688838281250000000e+04
1.340877125000000000e+06
2.640791250000000000e+05
2.161015468750000000e+05
1.315827968750000000e+05
7.473013750000000000e+05
3.988663437500000000e+05
7.011033750000000000e+05
1.416233105468750000e+04
3.699433593750000000e+04
4.472230468750000000e+04
2.677724218750000000e+04
1.535280750000000000e+06
2.962286875000000000e+05
5.424990234375000000e+04
1.112266500000000000e+06
8.029578750000000000e+05
4.837499000000000000e+06
1.335009100000000000e+07
4.611065312500000000e+05
2.238279600000000000e+07
1.833703125000000000e+05
2.697516000000000000e+06
3.800235250000000000e+06
3.033919335937500000e+04
2.665430468750000000e+04
9.913436000000000000e+06
8.647415000000000000e+05
2.665430468750000000e+04
8.471673437500000000e+04
1.816611750000000000e+06
6.288698046875000000e+04
1.302143750000000000e+04
1.556108593750000000e+05
1.154983625000000000e+06
1.660208437500000000e+05
1.374018281250000000e+05
2.308405600000000000e+07
1.101895800000000000e+07
7.325004687500000000e+04
2.226659600000000000e+07
1.219225078125000000e+05
2.359406406250000000e+05
4.186046400000000000e+07
6.004985625000000000e+05
1.356743625000000000e+06
9.448021250000000000e+05
1.280408750000000000e+06
1.474266300000000000e+07
9.739566000000000000e+06
7.013749218750000000e+04
5.915344500000000000e+06
5.032623046875000000e+04
1.757261406250000000e+05
5.144961600000000000e+08
1.639985875000000000e+06
7.749487500000000000e+05
3.262925625000000000e+05
3.323850400000000000e+07
4.236909200000000000e+07
1.029136474609375000e+03
3.635657043457031250e+02
1.661368164062500000e+03
1.002622497558593750e+03
2.493510546875000000e+04
7.611229492187500000e+03
1.614678625000000000e+06
1.283549625000000000e+06
1.398688750000000000e+05
1.614678625000000000e+06
1.658003515625000000e+04
1.578514648437500000e+03
1.511081176757812500e+03
1.382873600000000000e+08
8.243170000000000000e+05
1.950759520000000000e+08
2.200101718750000000e+05
1.482177600000000000e+07
4.742949375000000000e+05
4.616734400000000000e+07
5.506657280000000000e+08
8.738287000000000000e+06
1.725794125000000000e+06
7.956457600000000000e+07
3.539559375000000000e+04
2.039194140625000000e+04
2.378972656250000000e+04
1.512036914062500000e+04
2.911113750000000000e+06
1.061981562500000000e+05
4.841401562500000000e+05
4.987166406250000000e+04
1.859990234375000000e+02
6.183617553710937500e+02
3.558835449218750000e+02
1.906322656250000000e+04
1.396815937500000000e+05
4.646091875000000000e+05
5.328721875000000000e+04
7.473013750000000000e+05
4.837499000000000000e+06
4.575731250000000000e+04
1.962591125000000000e+06
4.877546500000000000e+06
2.924130625000000000e+05
9.193467968750000000e+04
6.827226500000000000e+06
3.305634765625000000e+04
1.516869000000000000e+06
1.880054250000000000e+06
1.443699375000000000e+05
1.038648750000000000e+05
5.004597600000000000e+07
1.544051718750000000e+05
1.936200390625000000e+04
5.941782000000000000e+06
3.870463750000000000e+05
9.951889843750000000e+04
2.942319921875000000e+04
2.670192800000000000e+07
7.990757500000000000e+05
1.487161562500000000e+05
6.055120000000000000e+05
1.290557000000000000e+06
3.831195068359375000e+03
1.026102148437500000e+04
1.844829687500000000e+04
5.061499375000000000e+05
2.726070312500000000e+03
4.542039843750000000e+04
1.878914843750000000e+05
1.076805957031250000e+04
1.390438378906250000e+04
9.079607421875000000e+03
1.588340942382812500e+03
5.695509375000000000e+04
3.012283750000000000e+05
1.118615136718750000e+04
2.226659600000000000e+07
2.418623437500000000e+04
1.228938574218750000e+04
1.079515468750000000e+05
3.346130078125000000e+04
1.747529875000000000e+06
1.560921250000000000e+05
4.910000781250000000e+04
5.593381600000000000e+07
1.647207031250000000e+04
3.816894531250000000e+04
1.014062890625000000e+05
5.598618500000000000e+06
1.206808203125000000e+04
3.187119500000000000e+06
1.189310937500000000e+05
8.056418945312500000e+03
5.692544921875000000e+04
3.087261250000000000e+05
3.725101171875000000e+04
1.428470410156250000e+04
2.605898906250000000e+05
3.346130078125000000e+04
4.837499000000000000e+06
2.293288867187500000e+04
9.442184375000000000e+05
4.566854000000000000e+06
1.148198984375000000e+05
6.273013750000000000e+05
7.457862500000000000e+06
2.148389257812500000e+04
2.186128000000000000e+06
1.408765375000000000e+06
1.446480468750000000e+05
2.058859687500000000e+05
1.740630781250000000e+05
5.469958125000000000e+05
2.604060937500000000e+04
1.963652800000000000e+07
3.375806875000000000e+05
4.566854000000000000e+06
1.714421093750000000e+05
7.418924218750000000e+04
1.645677539062500000e+04
5.351064400000000000e+07
1.913334000000000000e+06
1.408765375000000000e+06
2.158578500000000000e+06
1.611496875000000000e+05
5.469958125000000000e+05
1.963652800000000000e+07
6.193188125000000000e+05
7.891235937500000000e+04
7.418924218750000000e+04
5.351064400000000000e+07
2.158578500000000000e+06
6.193188125000000000e+05
9.739566000000000000e+06
5.471670898437500000e+03
2.761198974609375000e+03
3.218969335937500000e+04
2.061851562500000000e+04
9.473392500000000000e+05
8.831131250000000000e+05
2.551589843750000000e+05
4.819326171875000000e+04
5.027117812500000000e+05
5.581379687500000000e+04
7.989329687500000000e+04
8.072290000000000000e+06
2.034035000000000000e+05
4.386786562500000000e+05
7.394887500000000000e+05
5.112603027343750000e+03
1.223259960937500000e+04
2.302666992187500000e+04
6.494820625000000000e+05
7.586268554687500000e+03
2.485283984375000000e+04
3.521001953125000000e+04
4.586964687500000000e+05
1.289213625000000000e+06
5.536453125000000000e+05
4.586964687500000000e+05
3.196648632812500000e+04
1.737847709655761719e+01
1.150344543457031250e+02
6.511680603027343750e+01
4.646384765625000000e+04
1.288239375000000000e+05
1.671589843750000000e+05
8.010249218750000000e+04
7.680158203125000000e+03
4.559643750000000000e+04
3.394026367187500000e+03
1.749109062500000000e+05
2.302972070312500000e+04
8.899003295898437500e+02
4.315759277343750000e+03
3.271787109375000000e+03
3.986901600000000000e+07
9.969981000000000000e+06
2.896796250000000000e+05
3.195857600000000000e+07
3.651201250000000000e+05
3.065448125000000000e+05
1.452319616000000000e+09
1.002239400000000000e+07
1.001145187500000000e+06
3.276944750000000000e+06
1.880946720000000000e+08
1.462747167968750000e+04
1.561563085937500000e+04
1.815161718750000000e+04
1.121959472656250000e+04
1.333968437500000000e+05
9.739566000000000000e+06
5.186504296875000000e+04
3.148707500000000000e+05
3.893226623535156250e+02
5.835144140625000000e+04
1.085592500000000000e+06
1.003477050781250000e+04
3.869895312500000000e+05
9.584034179687500000e+03
3.791129687500000000e+04
3.346130078125000000e+04
6.245346875000000000e+05
8.524376562500000000e+04
5.244840625000000000e+04
2.660021750000000000e+06
7.405248125000000000e+05
4.382249609375000000e+04
4.620882812500000000e+04
1.361507125000000000e+06
9.426086914062500000e+03
9.993719375000000000e+05
7.045116250000000000e+05
3.776920166015625000e+03
6.743541406250000000e+04
2.605652656250000000e+05
9.024887500000000000e+04
1.468933398437500000e+04
5.561496093750000000e+03
1.907024531250000000e+05
1.324850800000000000e+08
4.252785546875000000e+04
9.269229125976562500e+02
8.516995117187500000e+03
3.662538750000000000e+05
3.036016601562500000e+03
1.385104320000000000e+08
1.440764375000000000e+06
1.087553125000000000e+06
1.820681760000000000e+08
3.962414800000000000e+07
8.696628125000000000e+04
4.746911500000000000e+06
1.349037250000000000e+06
2.229928437500000000e+05
2.725993408203125000e+03
4.675772265625000000e+04
3.563672119140625000e+03
8.064643125000000000e+05
9.350157600000000000e+07
4.047413125000000000e+05
4.462737890625000000e+04
9.619062500000000000e+05
1.547520468750000000e+05
8.977221069335937500e+02
2.529916000000000000e+07
1.074224625000000000e+06
4.292345214843750000e+03
1.856300000000000000e+04
1.135798593750000000e+05
4.111694400000000000e+07
1.672804100000000000e+07
3.580023750000000000e+05
2.266336400000000000e+07
2.596548906250000000e+05
7.488580625000000000e+05
5.813290800000000000e+07
1.622494300000000000e+07
3.054119000000000000e+06
7.727943000000000000e+06
4.414908000000000000e+07
6.541616875000000000e+05
2.775223437500000000e+04
6.221029687500000000e+04
3.576607812500000000e+04
1.906997187500000000e+05
1.405618281250000000e+05
3.016233984375000000e+04
1.272712695312500000e+04
2.444615234375000000e+03
2.412249218750000000e+04
3.992217578125000000e+04
4.653901562500000000e+04
8.245127929687500000e+03
4.659981933593750000e+03
3.272563964843750000e+03
4.563232812500000000e+04
2.688604492187500000e+04
1.250826538085937500e+03
1.175420312500000000e+04
1.902505859375000000e+03
5.411864746093750000e+03
2.363234375000000000e+03
8.277409179687500000e+03
6.336822265625000000e+03
1.212719360351562500e+03
2.913487792968750000e+03
3.346130078125000000e+04
1.686240625000000000e+06
9.928218750000000000e+04
4.049812109375000000e+04
1.003500000000000000e+07
2.343185351562500000e+04
4.240153906250000000e+04
7.652553125000000000e+04
2.738908750000000000e+06
4.821283203125000000e+03
5.111608437500000000e+05
8.453642968750000000e+04
9.947559570312500000e+03
4.982911328125000000e+04
5.080063281250000000e+04
7.906363769531250000e+03
4.854282714843750000e+03
9.739566000000000000e+06
8.601178906250000000e+04
1.221229062500000000e+05
8.902449375000000000e+05
1.457872480000000000e+08
6.251711000000000000e+06
8.295845600000000000e+07
1.711039843750000000e+05
2.484027600000000000e+07
5.471048800000000000e+07
5.156521562500000000e+05
1.863938800000000000e+07
1.807210312500000000e+05
1.310594375000000000e+05
2.861845760000000000e+09
1.237377664000000000e+09
6.435961500000000000e+06
3.676333200000000000e+07
1.024721500000000000e+06
1.209843625000000000e+06
8.786949120000000000e+08
1.133876250000000000e+06
3.907876500000000000e+06
1.244515875000000000e+06
1.071125196800000000e+10
7.262007200000000000e+07
4.304287600000000000e+07
1.633587500000000000e+06
1.181812200000000000e+07
1.783189760000000000e+08
1.162531250000000000e+06
2.994743408203125000e+03
1.693395625000000000e+05
5.009561328125000000e+04
2.583263281250000000e+05
2.271982968750000000e+05
2.317560351562500000e+04
8.598585600000000000e+07
1.986124375000000000e+05
3.326418750000000000e+05
8.604700000000000000e+06
3.542376171875000000e+04
2.438247500000000000e+05
6.670265625000000000e+03
3.278017578125000000e+04
6.284708500000000000e+06
9.977273600000000000e+07
9.739566000000000000e+06
8.278431875000000000e+05
1.365735100000000000e+07
3.341209600000000000e+07
2.383734500000000000e+06
1.582689760000000000e+08
7.003728000000000000e+06
8.693642000000000000e+06
4.757424640000000000e+09
1.806991200000000000e+07
6.284708500000000000e+06
8.942402560000000000e+09
9.977273600000000000e+07
9.739566000000000000e+06
1.340452992000000000e+09
1.365735100000000000e+07
3.341209600000000000e+07
1.582689760000000000e+08
7.200489472000000000e+10
4.757424640000000000e+09
1.806991200000000000e+07
8.942402560000000000e+09
1.340452992000000000e+09
7.200489472000000000e+10
2.383328593750000000e+05
5.321227500000000000e+05
1.799178710937500000e+03
3.304903906250000000e+04
5.876855500000000000e+06
3.111920800000000000e+07
2.157833007812500000e+04
5.915340625000000000e+04
1.188931500000000000e+06
7.768100800000000000e+07
8.435454000000000000e+06
1.241904199218750000e+04
5.900954000000000000e+06
9.802704101562500000e+03
1.377740820312500000e+04
3.965758400000000000e+08
4.552076250000000000e+05
7.261342187500000000e+04
1.740466796875000000e+04
3.174152500000000000e+06
2.556335000000000000e+06
2.078368554687500000e+04
1.749345875000000000e+06
1.450818625000000000e+06
1.096930664062500000e+03
6.075228881835937500e+02
8.356791992187500000e+02
4.086567187500000000e+05
2.775223437500000000e+04
1.363293457031250000e+04
2.565286718750000000e+04
2.023105000000000000e+06
5.271968125000000000e+05
3.883438671875000000e+04
2.203996484375000000e+04
6.583952636718750000e+03
8.945053125000000000e+05
4.097644531250000000e+04
6.935348750000000000e+05
5.105637500000000000e+06
8.435454000000000000e+06
3.046728125000000000e+05
3.643166500000000000e+06
5.794877000000000000e+06
1.002605234375000000e+05
2.279229062500000000e+05
1.816178625000000000e+06
3.898117968750000000e+04
9.446543750000000000e+05
3.125758000000000000e+06
1.467664375000000000e+05
1.188142031250000000e+05
1.857653437500000000e+05
8.642018750000000000e+04
2.202977600000000000e+07
1.504275781250000000e+05
6.500782500000000000e+06
8.953714843750000000e+04
3.130491250000000000e+05
2.989815750000000000e+06
5.122325312500000000e+05
8.650083593750000000e+04
1.333647812500000000e+05
7.821645312500000000e+04
1.677270300000000000e+07
1.465251875000000000e+05
1.886574000000000000e+06
5.830959375000000000e+05
2.590466875000000000e+05
5.092680937500000000e+05
6.031276800000000000e+07
3.636445937500000000e+05
3.623464062500000000e+05
2.032551406250000000e+05
2.337306562500000000e+05
6.798733600000000000e+07
2.703155750000000000e+06
1.290843750000000000e+06
2.134551600000000000e+07
9.035541600000000000e+07
2.306291875000000000e+05
2.481702031250000000e+05
1.051711200000000000e+07
4.083073125000000000e+05
4.644833437500000000e+05
1.814956125000000000e+06
1.644347031250000000e+05
4.430149609375000000e+04
5.630121472000000000e+09
4.658832500000000000e+06
1.505587600000000000e+07
5.576295200000000000e+07
1.509719700000000000e+07
7.522487500000000000e+04
2.432704000000000000e+07
9.395636250000000000e+05
8.343608593750000000e+04
1.283303750000000000e+06
4.626920960000000000e+09
3.626227840000000000e+08
6.068329375000000000e+05
8.304571000000000000e+06
2.859622250000000000e+06
1.715014240000000000e+08
1.857272125000000000e+06
1.798896289062500000e+04
6.264550292968750000e+03
6.419057617187500000e+03
3.516351074218750000e+03
1.406798281250000000e+05
1.673221588134765625e+02
9.128972656250000000e+03
1.037863281250000000e+03
5.170277000000000000e+06
1.403539625000000000e+06
1.582689760000000000e+08
8.384449218750000000e+04
1.430537000000000000e+06
7.405248125000000000e+05
2.327886750000000000e+06
2.627804320000000000e+08
1.611867900000000000e+07
7.166865000000000000e+05
1.098909840000000000e+08
5.517458000000000000e+06
2.967435312500000000e+05
3.380130000000000000e+05
8.170047500000000000e+05
1.195746000000000000e+08
8.435454000000000000e+06
1.952056718750000000e+05
1.582689760000000000e+08
1.448942250000000000e+06
6.927726875000000000e+05
6.446181888000000000e+09
8.942388000000000000e+06
1.368227500000000000e+06
1.551778000000000000e+07
4.703664960000000000e+08
2.248248632812500000e+04
1.688544140625000000e+04
1.127510839843750000e+04
2.754856445312500000e+03
6.846807500000000000e+05
2.573886132812500000e+04
8.929020312500000000e+04
3.845819375000000000e+05
1.218595156250000000e+05
1.654895312500000000e+05
2.266319335937500000e+04
7.290130859375000000e+03
3.704171500000000000e+06
8.629056640625000000e+03
1.261843261718750000e+04
1.538084350585937500e+03
7.255701293945312500e+02
1.867777343750000000e+05
1.411195800781250000e+03
2.592132343750000000e+05
1.094699750000000000e+06
8.278431875000000000e+05
7.584742187500000000e+04
1.094699750000000000e+06
1.080530250000000000e+06
6.754197753906250000e+03
6.499833750000000000e+05
1.602323281250000000e+05
3.346130078125000000e+04
1.639134570312500000e+04
4.988994628906250000e+03
1.579441113281250000e+04
5.046192871093750000e+03
5.624253417968750000e+03
5.512679199218750000e+03
8.435454000000000000e+06
1.956665937500000000e+05
7.405248125000000000e+05
1.413752000000000000e+06
8.279686875000000000e+05
1.345371093750000000e+05
9.970476000000000000e+06
8.216742500000000000e+05
3.052006250000000000e+05
8.818728515625000000e+03
8.590810000000000000e+06
1.087376750000000000e+06
1.345371093750000000e+05
9.970476000000000000e+06
3.052006250000000000e+05
1.087376750000000000e+06
3.450862500000000000e+05
8.346257500000000000e+05
2.976007812500000000e+04
2.312843945312500000e+04
7.711005625000000000e+05
1.705657031250000000e+04
2.192973125000000000e+05
1.729151123046875000e+03
5.148311328125000000e+04
7.822958593750000000e+04
2.210440429687500000e+03
1.843904062500000000e+05
1.259147851562500000e+04
3.100479492187500000e+04
2.446642343750000000e+05
4.218880078125000000e+04
5.725009375000000000e+04
6.570715500000000000e+06
1.962679101562500000e+04
2.020108437500000000e+05
8.466103000000000000e+06
2.334849218750000000e+05
1.686390000000000000e+05
1.213116750000000000e+06
2.261715600000000000e+07
9.739566000000000000e+06
4.219680859375000000e+04
2.226659600000000000e+07
2.733939843750000000e+04
2.492820898437500000e+04
3.998660400000000000e+07
1.739892187500000000e+05
2.380239531250000000e+05
1.746200781250000000e+05
3.083024062500000000e+05
9.310645000000000000e+06
1.324850800000000000e+08
4.463274218750000000e+04
2.026611132812500000e+04
2.670459200000000000e+08
2.915948750000000000e+05
1.618046406250000000e+05
3.769378000000000000e+06
2.117534687500000000e+05
6.977223125000000000e+05
6.713231875000000000e+05
4.860975625000000000e+05
9.977273600000000000e+07
9.854956000000000000e+06
1.588940039062500000e+04
1.722114080000000000e+08
1.255679218750000000e+05
6.458184082031250000e+03
8.651599872000000000e+09
2.368473906250000000e+05
8.946254687500000000e+04
2.176127031250000000e+05
6.979851000000000000e+06
8.330584375000000000e+04
6.721047500000000000e+05
1.332250781250000000e+05
8.295845600000000000e+07
1.439827625000000000e+06
6.140809375000000000e+05
3.565311200000000000e+07
2.439258789062500000e+04
3.375589453125000000e+04
2.494993281250000000e+05
1.785776562500000000e+04
1.231671386718750000e+04
3.383019687500000000e+05
3.506714750000000000e+06
1.583688906250000000e+05
1.514319687500000000e+05
1.023382562500000000e+06
2.816136523437500000e+04
7.940957031250000000e+04
1.148876000000000000e+07
4.150328125000000000e+05
5.045373437500000000e+05
2.890214500000000000e+06
4.167532812500000000e+04
1.606436250000000000e+05
3.686522187500000000e+05
3.234371093750000000e+04
1.226620875000000000e+06
8.652815000000000000e+06
1.594733125000000000e+05
2.800495937500000000e+05
7.843645507812500000e+03
4.210531250000000000e+05
1.963765039062500000e+04
4.246845500000000000e+06
9.727480000000000000e+06
2.563199062500000000e+05
4.465259500000000000e+06
2.160145937500000000e+05
2.474355250000000000e+06
2.060714400000000000e+07
1.066007250000000000e+06
5.337421500000000000e+06
2.188439000000000000e+06
5.230329500000000000e+06
2.249712500000000000e+05
1.076437988281250000e+03
1.688624267578125000e+03
6.380873000000000000e+06
6.048575625000000000e+05
9.791096875000000000e+04
5.802401875000000000e+05
7.945962890625000000e+03
3.091857299804687500e+02
3.019255312500000000e+05
1.221041748046875000e+03
6.398453125000000000e+05
3.110623828125000000e+04
6.977223125000000000e+05
1.393394600000000000e+07
2.835232617187500000e+04
1.800880250000000000e+06
1.561567000000000000e+07
2.168825781250000000e+05
8.822055468750000000e+04
6.827226500000000000e+06
3.177024414062500000e+04
7.929570625000000000e+05
1.149882200000000000e+07
1.123780703125000000e+05
1.138730156250000000e+05
4.337823600000000000e+07
1.090321406250000000e+05
9.177778125000000000e+04
8.961613000000000000e+06
3.631805312500000000e+05
1.065271250000000000e+05
1.308435078125000000e+05
2.823628400000000000e+07
8.018766250000000000e+05
2.723925625000000000e+05
1.019311187500000000e+06
2.723593000000000000e+06
2.064042031250000000e+05
8.741432500000000000e+05
4.097644531250000000e+04
4.937139062500000000e+05
1.291786000000000000e+06
6.248547656250000000e+04
6.266568750000000000e+05
2.920986562500000000e+05
2.485215429687500000e+04
1.069282812500000000e+04
2.241261132812500000e+04
2.906541750000000000e+06
9.365850219726562500e+02
1.071191503906250000e+04
8.566346875000000000e+04
6.928705078125000000e+03
2.962213125000000000e+05
8.693642000000000000e+06
4.943424377441406250e+02
4.418069921875000000e+04
8.420388281250000000e+04
2.017043164062500000e+04
5.338641015625000000e+04
4.454015625000000000e+03
6.042654296875000000e+03
1.599021362304687500e+03
1.300396484375000000e+05
6.125108398437500000e+03
8.566346875000000000e+04
7.682633666992187500e+02
5.890847778320312500e+02
1.041724243164062500e+03
1.493305468750000000e+05
4.191364843750000000e+04
8.420388281250000000e+04
2.056627539062500000e+04
4.045354248046875000e+03
6.042654296875000000e+03
1.300396484375000000e+05
1.392690795898437500e+03
8.447525024414062500e+02
5.890847778320312500e+02
1.493305468750000000e+05
2.056627539062500000e+04
1.392690795898437500e+03
3.106165234375000000e+04
4.815737500000000000e+04
4.538822656250000000e+04
1.393394600000000000e+07
1.901765000000000000e+05
4.595240000000000000e+05
1.709726875000000000e+05
6.832632500000000000e+06
1.023591500000000000e+06
2.628355664062500000e+04
7.492824375000000000e+05
2.707734375000000000e+04
7.174936718750000000e+04
1.858438593750000000e+05
7.548681000000000000e+06
5.671834375000000000e+05
1.729382500000000000e+05
1.785881200000000000e+07
3.150868750000000000e+06
8.669111000000000000e+06
1.901587200000000000e+08
7.548681000000000000e+06
5.671834375000000000e+05
1.785881200000000000e+07
1.901587200000000000e+08
5.490027734375000000e+04
4.546201875000000000e+05
1.182671640625000000e+05
1.850825937500000000e+05
1.071268600000000000e+07
4.173738437500000000e+05
2.024760800000000000e+07
8.652437500000000000e+05
1.324850800000000000e+08
7.417156875000000000e+05
4.987270500000000000e+06
1.488678784000000000e+09
4.420137500000000000e+06
1.275927000000000000e+07
3.861270400000000000e+08
5.231890258789062500e+02
2.384686800000000000e+07
9.739566000000000000e+06
8.278431875000000000e+05
3.882923889160156250e+01
2.060470886230468750e+02
9.654456329345703125e+01
4.737631000000000000e+06
1.768267625000000000e+06
8.693642000000000000e+06
1.997777832031250000e+03
1.271459472656250000e+03
5.231890258789062500e+02
3.541659200000000000e+08
2.384686800000000000e+07
9.739566000000000000e+06
1.682124511718750000e+03
3.882923889160156250e+01
2.060470886230468750e+02
4.737631000000000000e+06
8.557625781250000000e+04
1.997777832031250000e+03
1.271459472656250000e+03
3.541659200000000000e+08
1.682124511718750000e+03
8.557625781250000000e+04
2.239592382812500000e+04
3.070804882812500000e+04
6.477612000000000000e+06
1.338068300000000000e+07
1.393655781250000000e+05
1.656141796875000000e+04
1.582689760000000000e+08
1.416903222656250000e+04
1.036082343750000000e+05
1.121037187500000000e+05
3.471750937500000000e+05
7.249606250000000000e+04
4.808023040000000000e+08
3.589301562500000000e+05
1.956532226562500000e+04
1.842340039062500000e+04
3.134117500000000000e+05
1.644582625000000000e+06
3.720198046875000000e+04
1.068438875000000000e+06
1.654182812500000000e+04
8.028898125000000000e+05
1.358301875000000000e+05
8.261585937500000000e+04
4.382717590332031250e+02
1.571456445312500000e+04
2.047140000000000000e+06
2.848618945312500000e+04
1.036544562500000000e+06
2.404116250000000000e+05
1.525150097656250000e+04
7.316754882812500000e+03
3.178775976562500000e+04
8.745992187500000000e+04
7.916388800000000000e+07
1.768994800000000000e+07
3.706213437500000000e+05
1.672992300000000000e+07
2.520100468750000000e+05
7.413961250000000000e+05
5.392981200000000000e+07
2.367515200000000000e+07
2.882366750000000000e+06
6.318260000000000000e+06
6.295877200000000000e+07
3.516616800000000000e+07
4.860308593750000000e+04
4.519506250000000000e+04
5.725353750000000000e+05
1.610109375000000000e+04
8.337546250000000000e+05
1.613303100585937500e+03
3.347022812500000000e+05
1.651870117187500000e+04
2.275645507812500000e+04
3.263612500000000000e+04
3.255338750000000000e+05
3.874508300781250000e+03
3.842222412109375000e+03
1.303627125000000000e+06
3.430029052734375000e+03
4.138702343750000000e+04
1.329783125000000000e+05
6.344424804687500000e+03
8.412353125000000000e+04
2.111044000000000000e+06
5.179436500000000000e+06
3.790115478515625000e+03
5.361490000000000000e+05
9.311741250000000000e+05
6.667092285156250000e+03
2.056168554687500000e+04
2.111044000000000000e+06
5.223121093750000000e+03
5.597055664062500000e+03
9.311741250000000000e+05
2.056168554687500000e+04
5.597055664062500000e+03
1.106080560000000000e+08
8.189204000000000000e+06
8.295845600000000000e+07
1.956665937500000000e+05
1.532913280000000000e+08
1.305592720000000000e+08
1.348975500000000000e+06
2.117120400000000000e+07
7.389177500000000000e+05
2.520100468750000000e+05
5.983000064000000000e+09
1.643184512000000000e+09
8.489873000000000000e+06
5.121822400000000000e+07
1.382163250000000000e+06
1.596024000000000000e+07
6.613939840000000000e+08
1.627648800000000000e+07
1.439049400000000000e+07
7.324740000000000000e+06
1.015506841600000000e+10
4.620965120000000000e+08
2.917075840000000000e+08
2.422762400000000000e+07
1.714072320000000000e+08
2.252737024000000000e+09
2.496617750000000000e+06
2.226659600000000000e+07
3.155870312500000000e+04
9.033245000000000000e+06
1.824823437500000000e+05
3.111949804687500000e+04
5.833728800000000000e+07
2.003285742187500000e+04
2.041082812500000000e+05
9.490550781250000000e+04
1.108632890625000000e+05
1.086483125000000000e+06
2.254391796875000000e+04
7.349589375000000000e+05
3.126011750000000000e+06
1.404499218750000000e+05
1.812192375000000000e+06
1.581503000000000000e+07
2.192973125000000000e+05
1.823783281250000000e+05
6.827226500000000000e+06
6.724768750000000000e+04
1.026966812500000000e+06
4.111495250000000000e+06
7.389831250000000000e+04
1.229475781250000000e+05
2.272413600000000000e+07
2.637151875000000000e+05
7.086408750000000000e+05
1.737806000000000000e+07
3.066559062500000000e+05
1.376826718750000000e+05
2.742429687500000000e+05
1.714385200000000000e+07
1.177238125000000000e+06
4.300580312500000000e+05
1.782986375000000000e+06
2.450545200000000000e+07
8.295845600000000000e+07
9.331374000000000000e+06
5.269530625000000000e+05
2.423472000000000000e+06
1.364399400000000000e+07
3.217986562500000000e+05
1.766412000000000000e+07
2.124952812500000000e+05
5.096057187500000000e+05
3.167127808000000000e+09
5.889158000000000000e+07
9.335238000000000000e+06
4.993013200000000000e+07
1.014123100000000000e+07
1.405250000000000000e+06
1.485098880000000000e+08
5.605049375000000000e+05
9.235831250000000000e+05
1.947904875000000000e+06
7.418200800000000000e+07
2.456531840000000000e+08
1.593514700000000000e+07
8.544751000000000000e+06
1.605890200000000000e+07
6.026740500000000000e+06
4.272955500000000000e+06
1.191693280000000000e+08
1.038966800000000000e+07
1.490695625000000000e+06
1.270717600000000000e+07
4.555121600000000000e+07
1.624621500000000000e+06
1.619755680000000000e+08
7.003728000000000000e+06
8.507047000000000000e+06
1.156200345600000000e+10
6.806112000000000000e+06
4.272955500000000000e+06
5.736174592000000000e+09
1.191693280000000000e+08
1.038966800000000000e+07
5.516173312000000000e+09
1.270717600000000000e+07
4.555121600000000000e+07
1.619755680000000000e+08
7.200489472000000000e+10
1.156200345600000000e+10
6.806112000000000000e+06
5.736174592000000000e+09
5.516173312000000000e+09
7.200489472000000000e+10
3.040633593750000000e+04
1.441460937500000000e+05
4.011197265625000000e+03
2.522548400000000000e+07
1.958615156250000000e+05
1.012861484375000000e+05
7.282350000000000000e+06
2.579848281250000000e+05
3.346130078125000000e+04
7.473013750000000000e+05
9.034574375000000000e+05
9.739566000000000000e+06
2.313093359375000000e+04
1.590685000000000000e+05
1.254785000000000000e+05
1.414559531250000000e+05
1.813313125000000000e+05
1.394205125000000000e+06
2.135277148437500000e+04
6.211186875000000000e+05
1.599871250000000000e+05
3.686869921875000000e+04
1.429121250000000000e+05
9.140480468750000000e+04
4.537827343750000000e+04
1.456237600000000000e+07
1.068584140625000000e+05
2.601263250000000000e+06
2.016302734375000000e+04
3.158441406250000000e+04
2.971799687500000000e+05
1.327327250000000000e+06
4.990939062500000000e+04
2.489755859375000000e+04
1.230303613281250000e+04
5.973092500000000000e+06
2.767445117187500000e+04
8.796467500000000000e+05
4.458818750000000000e+05
1.560108593750000000e+05
2.228461718750000000e+05
1.995279600000000000e+07
2.450037187500000000e+05
3.012401562500000000e+05
8.944557812500000000e+04
6.464028515625000000e+04
8.133661500000000000e+06
1.624334750000000000e+06
7.904744375000000000e+05
2.653805664062500000e+04
1.680633007812500000e+04
3.031950378417968750e+02
6.677251500000000000e+06
2.141414500000000000e+06
1.261983250000000000e+06
2.236370250000000000e+06
1.820604101562500000e+04
2.575593566894531250e+02
4.951895312500000000e+04
1.083546630859375000e+03
1.677201500000000000e+06
2.898669250000000000e+06
9.545853750000000000e+05
8.389626464843750000e+02
4.594701171875000000e+03
1.530248870849609375e+02
8.298240000000000000e+05
3.148408813476562500e+02
2.337602968750000000e+05
2.672809960937500000e+04
1.393394600000000000e+07
2.423005273437500000e+04
1.078668750000000000e+06
2.025803593750000000e+05
3.859535156250000000e+04
4.088679750000000000e+06
1.410354218750000000e+05
1.899420703125000000e+04
6.567884375000000000e+04
1.510996800000000000e+08
8.435454000000000000e+06
5.310722500000000000e+05
3.009643200000000000e+07
2.015025000000000000e+05
5.596049375000000000e+05
3.662053120000000000e+09
1.698026000000000000e+07
1.210862875000000000e+06
1.492294250000000000e+06
1.317723840000000000e+08
2.569263085937500000e+04
1.565869843750000000e+05
3.845437200000000000e+07
5.547150625000000000e+05
4.863707421875000000e+04
3.561063750000000000e+05
4.532092500000000000e+06
9.129059375000000000e+04
1.642745120000000000e+08
1.219603203125000000e+05
3.264385625000000000e+05
1.297663250000000000e+06
2.935880432128906250e+02
7.937954711914062500e+02
3.774240722656250000e+03
3.527135314941406250e+02
2.302048000000000000e+06
3.092394140625000000e+04
6.811618000000000000e+06
4.988450390625000000e+04
4.088789687500000000e+05
4.097644531250000000e+04
6.977223125000000000e+05
1.956665937500000000e+05
1.120983671875000000e+05
6.814516875000000000e+05
1.414559531250000000e+05
5.585245312500000000e+04
6.926650000000000000e+05
1.498749023437500000e+04
1.409028437500000000e+05
6.094669433593750000e+03
5.641692968750000000e+04
1.152691875000000000e+05
2.296373750000000000e+05
3.072595947265625000e+03
7.799389062500000000e+04
4.766626953125000000e+04
5.582678906250000000e+04
3.135047187500000000e+05
2.659931640625000000e+02
2.945383007812500000e+04
1.912105834960937500e+03
3.583172500000000000e+05
1.169308320000000000e+08
9.383365000000000000e+06
8.295845600000000000e+07
7.175892500000000000e+05
1.514784800000000000e+07
3.001302400000000000e+07
1.000595375000000000e+06
1.744388000000000000e+07
4.940207500000000000e+06
6.112763750000000000e+05
2.172850432000000000e+09
9.236049280000000000e+08
1.397382240000000000e+08
4.965092800000000000e+07
8.276969000000000000e+06
3.887161600000000000e+07
7.073898240000000000e+08
8.997924000000000000e+06
2.963593600000000000e+07
1.013260800000000000e+07
1.015222169600000000e+10
2.149781760000000000e+09
9.895726720000000000e+08
2.482308400000000000e+07
4.609389760000000000e+08
8.846940160000000000e+09
9.276349375000000000e+05
3.088620000000000000e+06
2.937048437500000000e+05
7.468639375000000000e+05
3.268495200000000000e+07
1.341569687500000000e+05
8.230326250000000000e+05
6.425168750000000000e+05
2.593473250000000000e+06
8.818728515625000000e+03
5.475307600000000000e+07
3.268495200000000000e+07
1.341569687500000000e+05
6.425168750000000000e+05
5.475307600000000000e+07
1.372902560000000000e+08
1.367298889160156250e+02
6.562454000000000000e+07
1.662332458496093750e+02
1.527946875000000000e+06
1.426023712158203125e+02
5.112678833007812500e+02
6.608198800000000000e+07
2.870180053710937500e+02
2.249489593505859375e+02
7.854544677734375000e+02
1.263672890625000000e+05
2.201307373046875000e+03
9.125703735351562500e+02
5.107408750000000000e+05
6.827226500000000000e+06
1.431931875000000000e+06
1.520571406250000000e+05
6.271518500000000000e+06
1.772238593750000000e+05
2.825121250000000000e+05
1.576796500000000000e+06
1.202048375000000000e+06
6.856273437500000000e+04
2.138703320312500000e+04
2.464645250000000000e+06
8.737463281250000000e+04
1.860857000000000000e+06
1.616477812500000000e+05
3.794258203125000000e+04
3.046185302734375000e+03
3.311373901367187500e+02
1.035112578125000000e+05
9.913436000000000000e+06
3.396201875000000000e+05
5.945208984375000000e+04
3.046185302734375000e+03
3.311373901367187500e+02
3.069905664062500000e+04
1.331118927001953125e+02
5.945208984375000000e+04
5.341416406250000000e+04
1.297340375000000000e+06
1.331118927001953125e+02
8.086107788085937500e+02
7.437066650390625000e+01
5.514449609375000000e+04
2.534866523742675781e+01
4.979856640625000000e+04
2.738733750000000000e+06
8.388984375000000000e+04
6.086093750000000000e+05
1.170112625000000000e+06
2.767488525390625000e+03
6.336320800781250000e+03
2.620815000000000000e+05
2.667893066406250000e+03
3.488208750000000000e+05
2.938504150390625000e+03
1.654208129882812500e+03
2.381812000000000000e+06
8.813271484375000000e+03
4.920870000000000000e+05
4.097644531250000000e+04
5.581369140625000000e+04
4.351448437500000000e+05
5.311364453125000000e+04
7.658626875000000000e+05
4.141608593750000000e+04
8.332435937500000000e+04
9.464629000000000000e+06
6.827226500000000000e+06
2.165318400000000000e+07
1.476421562500000000e+05
2.454165600000000000e+07
2.440953437500000000e+05
1.547791500000000000e+06
1.136762875000000000e+06
9.842858000000000000e+06
7.043241406250000000e+04
1.635752343750000000e+05
7.568476875000000000e+05
9.977273600000000000e+07
9.739566000000000000e+06
1.048086132812500000e+04
1.582689760000000000e+08
2.425236523437500000e+04
7.071206542968750000e+03
8.942402560000000000e+09
1.815583437500000000e+05
2.373733007812500000e+04
8.634629687500000000e+04
2.744307750000000000e+06
4.139850800000000000e+07
1.683160800000000000e+07
1.101981484375000000e+05
2.226659600000000000e+07
1.203982109375000000e+05
2.335833593750000000e+05
5.964217600000000000e+07
2.208670000000000000e+06
1.832531375000000000e+06
9.361433750000000000e+05
2.635151000000000000e+06
9.028451250000000000e+05
1.680050781250000000e+05
1.040639187500000000e+06
4.277478125000000000e+05
6.857573600000000000e+07
9.739566000000000000e+06
7.261775000000000000e+05
4.773384062500000000e+05
7.187508125000000000e+05
3.975985546875000000e+04
1.301159400000000000e+07
7.970002500000000000e+05
8.142743000000000000e+06
4.052390800000000000e+07
7.491610000000000000e+05
3.311760000000000000e+05
2.355208448000000000e+09
7.264361600000000000e+07
9.732937000000000000e+06
7.117991500000000000e+06
4.298759375000000000e+05
5.891197500000000000e+05
1.167589400000000000e+07
3.926165248000000000e+09
3.358678400000000000e+07
7.137685000000000000e+05
2.453995008000000000e+09
6.304332500000000000e+06
3.702952192000000000e+09
3.694109765625000000e+04
4.625511875000000000e+05
1.567985937500000000e+05
7.305327500000000000e+05
1.181933625000000000e+06
1.302688984375000000e+05
7.305327500000000000e+05
5.981454375000000000e+05
2.868489013671875000e+03
6.551906640625000000e+04
3.565706250000000000e+05
1.763252734375000000e+04
2.465083906250000000e+05
1.439218139648437500e+02
9.571857421875000000e+03
1.205099182128906250e+02
1.641646000000000000e+06
6.204742187500000000e+04
6.977223125000000000e+05
3.576607812500000000e+04
8.435454000000000000e+06
1.085339687500000000e+05
7.225189500000000000e+06
2.600948437500000000e+04
9.369046875000000000e+04
8.312204101562500000e+03
1.312068906250000000e+05
6.603117968750000000e+04
2.160780250000000000e+06
2.311060156250000000e+04
3.423243750000000000e+05
1.272374921875000000e+05
1.371005957031250000e+04
4.929923046875000000e+04
5.030311250000000000e+05
1.588550625000000000e+05
1.038772578125000000e+05
9.191521875000000000e+04
6.061780273437500000e+03
1.073799296875000000e+05
2.866146679687500000e+04
8.953578125000000000e+04
1.438560546875000000e+04
4.270204687500000000e+04
8.498544375000000000e+05
3.401829375000000000e+05
8.825750000000000000e+04
5.790623046875000000e+04
2.445256875000000000e+05
7.542920898437500000e+03
6.104561250000000000e+05
2.164463867187500000e+04
4.188016406250000000e+04
1.276008281250000000e+05
8.827598632812500000e+03
5.479486250000000000e+05
8.392664843750000000e+04
5.539782421875000000e+04
7.369711875000000000e+05
8.893234375000000000e+05
1.379332125000000000e+06
1.417506700000000000e+07
5.084411875000000000e+05
1.758946289062500000e+04
1.371643875000000000e+06
9.750098437500000000e+04
1.093397625000000000e+06
5.099187890625000000e+04
7.110775000000000000e+04
3.972730625000000000e+05
1.657302187500000000e+05
5.709862500000000000e+04
1.554601406250000000e+05
9.977273600000000000e+07
7.442380000000000000e+06
4.211848828125000000e+04
1.499953280000000000e+08
1.685510468750000000e+05
2.155362890625000000e+04
3.039685632000000000e+09
1.085785000000000000e+06
2.055265625000000000e+05
5.807982500000000000e+05
1.066028100000000000e+07
4.542399000000000000e+06
9.850352000000000000e+06
2.519977812500000000e+05
4.221434500000000000e+06
9.454217968750000000e+04
5.622529375000000000e+05
2.056320800000000000e+07
1.480912875000000000e+06
1.187734750000000000e+06
5.131654062500000000e+05
3.307481000000000000e+06
4.475027812500000000e+05
8.118613750000000000e+05
2.034964648437500000e+04
4.475027812500000000e+05
1.628029296875000000e+04
1.195746000000000000e+08
6.392183500000000000e+06
2.516570400000000000e+07
1.173027031250000000e+05
1.693140160000000000e+08
3.137890000000000000e+07
6.786336875000000000e+05
3.806227000000000000e+06
1.456516406250000000e+05
6.578848437500000000e+04
5.603574784000000000e+09
5.917027200000000000e+08
4.584242500000000000e+06
2.242856800000000000e+07
5.992240000000000000e+05
5.314411250000000000e+05
1.767437440000000000e+08
3.539760250000000000e+06
1.234028000000000000e+06
3.774215312500000000e+05
6.184599552000000000e+09
1.912711200000000000e+08
9.991703000000000000e+06
1.142708250000000000e+06
7.353114500000000000e+06
1.087730320000000000e+08
3.530864843750000000e+04
5.337088281250000000e+04
2.401368945312500000e+04
9.406794921875000000e+03
6.672547000000000000e+06
1.217175683593750000e+04
4.467644531250000000e+03
6.743675781250000000e+04
1.230999609375000000e+04
6.313826875000000000e+05
2.715811875000000000e+05
3.907579589843750000e+03
7.578755468750000000e+04
3.981227294921875000e+03
2.608438085937500000e+04
1.274802148437500000e+04
1.333968437500000000e+05
7.645948500000000000e+06
3.101402187500000000e+05
2.488968750000000000e+05
2.329015380859375000e+03
2.204360781250000000e+05
8.192400625000000000e+05
4.641305078125000000e+04
7.550892500000000000e+05
7.487487500000000000e+04
2.152040156250000000e+05
9.923374400000000000e+07
9.268881000000000000e+06
2.288245200000000000e+07
3.524596484375000000e+04
1.658031040000000000e+08
1.372902560000000000e+08
7.780763281250000000e+04
2.013842000000000000e+07
1.787294921875000000e+04
1.987358007812500000e+04
8.879380480000000000e+09
1.587603712000000000e+09
9.506670625000000000e+05
3.452094000000000000e+07
1.089714296875000000e+05
5.018590937500000000e+05
6.307600000000000000e+08
2.855643750000000000e+05
1.473782375000000000e+06
1.885371250000000000e+05
8.231074816000000000e+09
1.139728800000000000e+07
5.433632500000000000e+06
8.809026875000000000e+05
4.038737500000000000e+06
3.847396400000000000e+07
2.552225000000000000e+05
4.097644531250000000e+04
6.977223125000000000e+05
5.996465000000000000e+06
8.435454000000000000e+06
4.226761328125000000e+04
4.528097812500000000e+05
9.159134375000000000e+05
1.414559531250000000e+05
2.463927500000000000e+05
2.234334250000000000e+06
1.772020898437500000e+04
3.758035000000000000e+05
9.484800625000000000e+05
8.066549218750000000e+04
1.409028437500000000e+05
2.010042343750000000e+05
8.642018750000000000e+04
2.765404400000000000e+07
1.588550625000000000e+05
7.679256500000000000e+06
3.716612500000000000e+04
1.367627968750000000e+05
3.702257187500000000e+05
7.421565000000000000e+05
4.755243750000000000e+04
1.089540781250000000e+05
1.082269042968750000e+04
7.626148000000000000e+06
5.018775781250000000e+04
1.172452750000000000e+06
7.475772500000000000e+05
2.982571875000000000e+05
5.990016875000000000e+05
9.106912800000000000e+07
6.456667500000000000e+05
4.193212500000000000e+05
8.270778125000000000e+04
1.422994531250000000e+05
2.808438800000000000e+07
3.115172750000000000e+06
1.177298750000000000e+06
7.951193600000000000e+07
9.831337000000000000e+06
2.209808837890625000e+03
1.817135200000000000e+07
4.315993652343750000e+03
1.611306152343750000e+03
2.986270720000000000e+09
1.095691113281250000e+04
3.027651855468750000e+03
6.349801269531250000e+03
3.385455078125000000e+04
1.999310000000000000e+07
3.337088671875000000e+04
9.077691200000000000e+07
9.739566000000000000e+06
8.097048750000000000e+05
1.787778472900390625e+02
1.481231738281250000e+04
1.575860058593750000e+04
5.626431152343750000e+03
2.129281600000000000e+07
1.106830750000000000e+06
4.737301000000000000e+06
1.546357788085937500e+03
6.262201250000000000e+05
7.730984375000000000e+04
4.289989062500000000e+04
3.514387456000000000e+09
9.547912000000000000e+07
6.675150500000000000e+06
2.960506286621093750e+02
3.360950927734375000e+02
2.497967529296875000e+02
5.269012500000000000e+05
1.433823828125000000e+04
1.794150195312500000e+04
1.550431700000000000e+07
3.117899902343750000e+03
1.978507568359375000e+03
1.226595336914062500e+03
3.285088800000000000e+07
7.806015625000000000e+05
1.001334296875000000e+05
2.634887424000000000e+09
1.870917236328125000e+03
2.630246887207031250e+02
2.858954162597656250e+02
3.898492187500000000e+05
3.862293359375000000e+04
2.797954589843750000e+03
1.744772583007812500e+03
3.091481200000000000e+07
1.751210937500000000e+03
3.545695312500000000e+04
1.765657421875000000e+04
1.889908789062500000e+04
1.504756152343750000e+04
5.726506000000000000e+07
3.242117000000000000e+06
8.641154000000000000e+06
1.105818875000000000e+06
2.344860400000000000e+07
4.977055000000000000e+06
7.554937600000000000e+07
1.841163360000000000e+08
7.243348000000000000e+06
1.786746400000000000e+07
1.886990560000000000e+08
1.174234125000000000e+06
6.277607421875000000e+04
4.780671875000000000e+04
4.183932128906250000e+03
1.443362187500000000e+05
2.385247968750000000e+05
5.830847167968750000e+03
4.097828515625000000e+04
2.082556762695312500e+02
1.255304931640625000e+03
6.277607421875000000e+04
4.780671875000000000e+04
4.183932128906250000e+03
1.668605078125000000e+04
8.860364379882812500e+02
1.072110595703125000e+03
4.097828515625000000e+04
2.082556762695312500e+02
1.255304931640625000e+03
5.366640014648437500e+02
1.668605078125000000e+04
8.860364379882812500e+02
1.072110595703125000e+03
9.948900756835937500e+02
5.366640014648437500e+02
9.948900756835937500e+02
9.198298125000000000e+05
4.263388671875000000e+04
2.034496875000000000e+04
1.128533125000000000e+05
3.537298437500000000e+04
4.248011200000000000e+07
6.695310625000000000e+05
1.124765527343750000e+04
5.535751250000000000e+05
5.974167187500000000e+04
3.236700781250000000e+04
3.943566500000000000e+06
3.383619687500000000e+05
4.581702148437500000e+03
1.027755468750000000e+04
1.115435125000000000e+06
2.187469726562500000e+04
2.479992250000000000e+06
2.263777099609375000e+03
3.507748250000000000e+06
3.467435058593750000e+03
8.458781250000000000e+04
1.805016210937500000e+04
5.553274375000000000e+05
3.388090576171875000e+03
5.203635312500000000e+05
2.272661250000000000e+05
2.101136718750000000e+03
9.975835156250000000e+04
1.476290781250000000e+05
1.534793750000000000e+04
8.776967773437500000e+02
1.992782226562500000e+04
7.134650781250000000e+04
4.165967578125000000e+04
4.857473632812500000e+03
1.935208984375000000e+04
2.261715600000000000e+07
2.273066562500000000e+05
2.741276367187500000e+04
2.100614746093750000e+03
2.522606093750000000e+05
2.166861750000000000e+06
1.073582910156250000e+04
7.113709000000000000e+06
2.194239648437500000e+04
8.451448125000000000e+05
1.142848358154296875e+02
1.484549102783203125e+02
4.236097717285156250e+01
1.674673000000000000e+06
8.647415000000000000e+05
1.484549102783203125e+02
6.657655334472656250e+01
6.087654495239257812e+01
1.090544125000000000e+06
1.026278076171875000e+02
4.769711562500000000e+05
1.322076875000000000e+06
9.532754375000000000e+05
6.839139375000000000e+05
4.755658750000000000e+05
3.323266796875000000e+04
8.550431250000000000e+04
1.693658398437500000e+04
2.566250976562500000e+04
7.305679687500000000e+04
4.510779296875000000e+03
6.249010253906250000e+03
4.716230859375000000e+04
1.010880203247070312e+02
9.977273600000000000e+07
2.018571562500000000e+05
8.378300625000000000e+05
1.475661250000000000e+06
7.238714500000000000e+06
1.120382226562500000e+04
2.429222000000000000e+07
1.025148800000000000e+08
1.661586406250000000e+05
1.468423125000000000e+06
2.280902800000000000e+07
8.370479125976562500e+02
6.088012695312500000e+02
9.577961875000000000e+05
5.691377734375000000e+04
7.037588500976562500e+02
5.466113281250000000e+02
1.751684687500000000e+05
4.559184875488281250e+02
6.780178500000000000e+06
5.763175000000000000e+04
3.818450000000000000e+06
6.277607421875000000e+04
7.473013750000000000e+05
4.125731933593750000e+03
3.565706250000000000e+05
2.084908142089843750e+02
1.008122949218750000e+04
2.286051718750000000e+05
8.845382690429687500e+02
1.643044531250000000e+04
4.980255859375000000e+03
1.044393945312500000e+04
1.714594500000000000e+06
2.440865600000000000e+07
1.408417625000000000e+06
8.693642000000000000e+06
1.280168600000000000e+07
2.463779687500000000e+05
2.440865600000000000e+07
1.280168600000000000e+07
8.593326000000000000e+06
2.660351367187500000e+04
4.244062109375000000e+04
1.513996250000000000e+05
6.479057421875000000e+04
6.968378125000000000e+05
7.458090625000000000e+05
1.052089375000000000e+05
3.093706835937500000e+04
6.499431250000000000e+05
9.162709375000000000e+04
9.216590625000000000e+04
1.225246200000000000e+07
1.563058906250000000e+05
7.544378125000000000e+05
8.092421875000000000e+03
3.814194531250000000e+04
3.033143945312500000e+04
7.187508125000000000e+05
4.082372500000000000e+05
3.816928500000000000e+06
2.491717500000000000e+06
8.352688476562500000e+03
3.397518554687500000e+03
2.561042968750000000e+04
1.893513671875000000e+04
3.265690625000000000e+05
9.128152500000000000e+05
1.852858125000000000e+06
2.241341064453125000e+03
1.511395410156250000e+04
6.850604980468750000e+03
5.115744375000000000e+05
4.459095703125000000e+03
3.111920800000000000e+07
6.916273750000000000e+05
1.582689760000000000e+08
2.246134531250000000e+05
1.324850800000000000e+08
1.073539140625000000e+05
7.213430000000000000e+06
5.131312640000000000e+09
3.178620250000000000e+06
3.472801500000000000e+06
7.548686400000000000e+07
1.386301440000000000e+08
1.692242968750000000e+05
1.582689760000000000e+08
3.765315625000000000e+04
2.258155200000000000e+07
3.852930468750000000e+04
1.024503562500000000e+06
6.933015680000000000e+08
1.398645250000000000e+06
3.711833750000000000e+05
5.738988500000000000e+06
1.434780625000000000e+06
5.873632400000000000e+07
8.916196875000000000e+05
2.261715600000000000e+07
8.278431875000000000e+05
3.569087500000000000e+05
4.273210937500000000e+04
1.422895625000000000e+06
5.929802400000000000e+07
8.916196875000000000e+05
2.261715600000000000e+07
3.569087500000000000e+05
5.929802400000000000e+07
4.516546500000000000e+06
2.640221484375000000e+04
2.248474500000000000e+06
1.026018437500000000e+05
2.797580750000000000e+06
5.792716406250000000e+04
3.734750937500000000e+05
7.220485000000000000e+06
8.551246875000000000e+04
1.477558281250000000e+05
2.577782656250000000e+05
1.698785375000000000e+06
4.819142187500000000e+04
8.685143125000000000e+05
8.024626250000000000e+05
3.061986800000000000e+07
3.220200312500000000e+05
7.533319500000000000e+06
4.948610500000000000e+06
7.424997656250000000e+04
6.244175781250000000e+04
2.314607656250000000e+05
8.024626250000000000e+05
3.061986800000000000e+07
1.063650400000000000e+08
4.948610500000000000e+06
6.244175781250000000e+04
2.314607656250000000e+05
2.265386250000000000e+05
1.063650400000000000e+08
2.265386250000000000e+05
4.387655500000000000e+06
1.176992812500000000e+05
6.992653600000000000e+07
9.739566000000000000e+06
2.261715600000000000e+07
4.844754296875000000e+04
1.341871200000000000e+07
3.148741600000000000e+07
6.203741796875000000e+04
2.226659600000000000e+07
9.984296875000000000e+04
7.692578906250000000e+04
2.419103232000000000e+09
5.222973440000000000e+08
1.835593875000000000e+06
3.998660400000000000e+07
3.761362500000000000e+05
6.767271875000000000e+05
7.812323200000000000e+08
2.557729531250000000e+05
4.823855625000000000e+05
5.360968125000000000e+05
9.532255232000000000e+09
2.769600800000000000e+07
5.944202500000000000e+06
2.029627125000000000e+06
4.795369500000000000e+06
4.947245200000000000e+07
4.080179600000000000e+07
9.657673000000000000e+06
2.271982968750000000e+05
1.792463600000000000e+07
3.337791562500000000e+05
7.416166250000000000e+05
1.057112256000000000e+09
8.705199000000000000e+06
1.279825250000000000e+06
2.444180500000000000e+06
1.394216960000000000e+08
2.889319375000000000e+05
2.914900625000000000e+05
1.061390200000000000e+07
1.876802750000000000e+06
3.748781562500000000e+05
1.786823281250000000e+05
7.490758500000000000e+06
3.126045625000000000e+05
7.458090625000000000e+05
1.862993906250000000e+05
5.828190625000000000e+05
3.019115039062500000e+04
2.043952400000000000e+07
4.711522500000000000e+05
5.623805625000000000e+05
1.432371750000000000e+06
6.036150878906250000e+03
2.474619500000000000e+06
1.347776250000000000e+05
1.627909375000000000e+06
6.412656250000000000e+05
4.813713125000000000e+05
1.627909375000000000e+06
8.496240000000000000e+06
9.750646093750000000e+04
4.791325000000000000e+04
5.961386250000000000e+05
4.883972812500000000e+05
8.993423437500000000e+04
2.071578906250000000e+05
1.189666652679443359e+01
2.034029218750000000e+05
2.767901855468750000e+03
8.431585000000000000e+06
1.959794218750000000e+05
1.743940625000000000e+06
2.118821250000000000e+05
4.299696875000000000e+04
6.431936875000000000e+05
5.621788800000000000e+07
1.492727187500000000e+05
9.690078750000000000e+05
1.371792000000000000e+07
1.501926406250000000e+05
2.788130400000000000e+07
3.025520750000000000e+06
3.073057617187500000e+04
7.470640625000000000e+05
3.245847750000000000e+06
4.005775625000000000e+05
9.384669531250000000e+04
6.827226500000000000e+06
1.059415234375000000e+05
5.050345312500000000e+04
2.344346400000000000e+07
3.675481875000000000e+05
9.257718125000000000e+05
2.129428515625000000e+04
2.991333984375000000e+04
4.616794531250000000e+04
2.891937500000000000e+04
4.721741875000000000e+05
2.218669189453125000e+03
5.464879375000000000e+05
1.393394600000000000e+07
2.927543945312500000e+02
4.183015312500000000e+05
4.843560500000000000e+06
1.000530578613281250e+03
5.346983642578125000e+02
3.009382250000000000e+06
9.609387207031250000e+02
4.945847812500000000e+05
7.741959500000000000e+06
3.297540527343750000e+03
1.021295410156250000e+03
2.969478000000000000e+07
2.925664978027343750e+02
1.476195983886718750e+02
1.295573500000000000e+06
1.469278564453125000e+03
1.372163085937500000e+03
5.452349243164062500e+02
1.867283600000000000e+07
8.726722656250000000e+03
4.398469848632812500e+02
3.745068603515625000e+03
2.341052187500000000e+05
8.068510937500000000e+04
7.473013750000000000e+05
9.570982031250000000e+04
2.725479687500000000e+05
1.607766308593750000e+04
6.743939843750000000e+04
4.043354500000000000e+06
4.085040312500000000e+05
6.503014000000000000e+06
3.596857500000000000e+05
3.697370500000000000e+06
6.628195500000000000e+06
4.086691500000000000e+06
9.717342400000000000e+07
6.205640000000000000e+06
3.615284250000000000e+06
9.572512000000000000e+07
2.226659600000000000e+07
3.736418701171875000e+03
3.034183837890625000e+03
1.878992382812500000e+04
3.964245849609375000e+03
2.160724687500000000e+05
2.199452343750000000e+04
2.690291750000000000e+06
1.294159800000000000e+07
2.363761962890625000e+03
1.812876464843750000e+03
2.062165200000000000e+07
4.308322265625000000e+03
3.381748535156250000e+03
6.470255859375000000e+03
5.431781250000000000e+05
1.031843875000000000e+06
4.037825312500000000e+05
6.757224375000000000e+05
6.598815600000000000e+07
8.435454000000000000e+06
8.219626562500000000e+04
2.477848000000000000e+07
1.228876796875000000e+05
2.363960625000000000e+05
9.856301440000000000e+08
2.629766250000000000e+06
7.075105000000000000e+05
7.022281875000000000e+05
3.334785600000000000e+07
1.942250080000000000e+08
1.931182000000000000e+07
1.662604375000000000e+06
1.582689760000000000e+08
7.003728000000000000e+06
8.693642000000000000e+06
5.103874048000000000e+09
1.942250080000000000e+08
1.931182000000000000e+07
1.582689760000000000e+08
5.103874048000000000e+09
8.690390400000000000e+07
8.695740000000000000e+06
2.273066562500000000e+05
1.888469600000000000e+07
4.078792187500000000e+05
7.521217500000000000e+05
3.195092736000000000e+09
2.274837600000000000e+07
1.157516500000000000e+06
4.024741750000000000e+06
6.030508800000000000e+08
3.346130078125000000e+04
5.789490625000000000e+05
7.557772656250000000e+04
1.023859937500000000e+06
3.145722000000000000e+07
6.787016500000000000e+06
2.487242578125000000e+04
1.137528375000000000e+06
3.525459000000000000e+06
6.919070312500000000e+04
1.280494375000000000e+06
3.145722000000000000e+07
4.639923828125000000e+04
9.936507812500000000e+04
3.525459000000000000e+06
1.280494375000000000e+06
9.936507812500000000e+04
4.012573200000000000e+07
2.261715600000000000e+07
2.136326171875000000e+04
5.893663600000000000e+07
5.678864062500000000e+04
3.725573828125000000e+04
9.125591680000000000e+08
6.688258750000000000e+05
8.838748750000000000e+05
3.052550312500000000e+05
4.484977000000000000e+06
7.126185156250000000e+04
8.278431875000000000e+05
1.047773242187500000e+04
6.204742187500000000e+04
1.560925125000000000e+06
4.776624609375000000e+04
7.343136250000000000e+05
8.263849600000000000e+07
7.550583125000000000e+05
5.080654296875000000e+04
3.444976562500000000e+05
1.283344000000000000e+06
4.256664453125000000e+04
6.148439375000000000e+05
1.174188700000000000e+07
3.137931835937500000e+04
4.937898828125000000e+04
5.400423750000000000e+05
4.038229687500000000e+05
2.501075000000000000e+04
7.052181250000000000e+04
6.317110000000000000e+05
1.758946289062500000e+04
3.799527343750000000e+03
6.269290527343750000e+03
2.188536132812500000e+04
8.928022460937500000e+02
1.734334179687500000e+04
1.183398828125000000e+04
1.292113647460937500e+03
3.453349609375000000e+02
1.203764038085937500e+03
8.510085000000000000e+05
1.704681445312500000e+04
4.837764453125000000e+04
3.164830859375000000e+04
1.296018671875000000e+05
1.050507265625000000e+05
6.113529052734375000e+02
3.931932373046875000e+03
9.977273600000000000e+07
1.016628837585449219e+01
5.871837500000000000e+04
1.671486473083496094e+01
5.579360000000000000e+05
2.532407283782958984e+00
3.264546203613281250e+01
3.151160000000000000e+06
5.333664894104003906e+00
5.782103061676025391e+00
1.591571044921875000e+01
1.634357910156250000e+04
7.933473750000000000e+05
6.602940625000000000e+05
1.746778593750000000e+05
4.128901562500000000e+04
4.707709062500000000e+05
6.482939062500000000e+04
2.198132343750000000e+05
5.673176500000000000e+06
1.874728281250000000e+05
1.099056500000000000e+06
2.012499200000000000e+08
1.881336800000000000e+07
1.358366562500000000e+05
1.582689760000000000e+08
5.979406875000000000e+05
2.370213750000000000e+05
5.365930496000000000e+09
1.068030800000000000e+07
2.261301500000000000e+06
5.668353000000000000e+06
3.105773760000000000e+08
2.563354687500000000e+04
1.488116406250000000e+04
1.016970947265625000e+03
4.857418000000000000e+07
2.347468437500000000e+05
1.040978125000000000e+05
4.068306875000000000e+05
3.709215820312500000e+03
2.522135498046875000e+03
2.148988500000000000e+06
4.560665625000000000e+04
4.467522812500000000e+05
3.875205600000000000e+07
8.008447500000000000e+06
4.635105000000000000e+06
8.216633125000000000e+05
9.872886000000000000e+06
1.519130600000000000e+07
3.175602750000000000e+06
3.379322000000000000e+06
7.649486000000000000e+06
4.132420625000000000e+05
5.499529600000000000e+08
2.231371520000000000e+08
3.875205600000000000e+07
1.600059700000000000e+07
8.008447500000000000e+06
4.635105000000000000e+06
6.014688000000000000e+07
9.872886000000000000e+06
1.519130600000000000e+07
3.379322000000000000e+06
1.299925504000000000e+09
5.499529600000000000e+08
2.231371520000000000e+08
1.600059700000000000e+07
6.014688000000000000e+07
1.299925504000000000e+09
6.791086718750000000e+04
2.551381640625000000e+04
3.910921600000000000e+07
2.013212890625000000e+04
2.064250976562500000e+03
2.220876250000000000e+06
3.908421875000000000e+04
5.607796875000000000e+03
4.402692187500000000e+04
2.042981718750000000e+05
1.477240722656250000e+04
5.675611250000000000e+05
4.336819000000000000e+06
6.106395312500000000e+04
2.852491875000000000e+05
4.143636562500000000e+05
1.894615937500000000e+05
3.346130078125000000e+04
1.016161562500000000e+06
8.278431875000000000e+05
1.126097656250000000e+04
9.915873046875000000e+03
7.579500000000000000e+04
2.327582763671875000e+03
2.571770898437500000e+04
1.516866562500000000e+05
1.004340234375000000e+05
1.468279199218750000e+04
2.239869062500000000e+05
1.027672167968750000e+04
5.794586914062500000e+03
1.234614501953125000e+03
7.745475585937500000e+03
7.884631250000000000e+04
1.179872558593750000e+04
1.372902560000000000e+08
1.413699375000000000e+06
1.663825120000000000e+08
1.927953281250000000e+05
1.511065100000000000e+07
1.690323437500000000e+05
2.005826000000000000e+07
4.893846400000000000e+08
8.546869000000000000e+06
3.424851250000000000e+06
1.474686080000000000e+08
1.349037250000000000e+06
6.828424500000000000e+06
8.847307031250000000e+04
1.139944750000000000e+06
1.091593945312500000e+04
1.907510156250000000e+05
1.701741375000000000e+06
4.194803906250000000e+04
5.393562500000000000e+05
4.353228515625000000e+04
9.158743750000000000e+04
4.342132500000000000e+06
2.031026562500000000e+05
6.445433750000000000e+05
7.315226875000000000e+05
2.436298500000000000e+06
1.572982187500000000e+05
5.655036875000000000e+05
1.108693554687500000e+04
2.123966093750000000e+05
1.324850800000000000e+08
5.249003515625000000e+04
6.315790000000000000e+05
1.214434280395507812e+02
2.416382226562500000e+04
4.605473500000000000e+06
2.812572250000000000e+06
7.966967968750000000e+04
2.161417250000000000e+06
1.347445800781250000e+03
2.044531835937500000e+04
8.450801000000000000e+06
1.309973754882812500e+03
1.969411406250000000e+05
5.020741699218750000e+03
2.082213625000000000e+06
6.707398437500000000e+04
8.118241406250000000e+04
2.183199218750000000e+04
3.643560937500000000e+04
1.376066406250000000e+04
8.352240000000000000e+07
8.969771000000000000e+06
1.980888437500000000e+05
1.978830800000000000e+07
2.530142500000000000e+05
7.248344375000000000e+05
5.254846400000000000e+07
1.595190300000000000e+07
1.482260875000000000e+06
7.004496500000000000e+06
2.476855200000000000e+07
3.167625732421875000e+03
2.903752000000000000e+06
4.279300000000000000e+04
4.136051750000000000e+06
2.606692382812500000e+03
9.952986450195312500e+02
1.999849750000000000e+06
2.149669433593750000e+03
1.427891093750000000e+05
2.775223437500000000e+04
2.485454687500000000e+04
6.776336718750000000e+04
8.295845600000000000e+07
8.451107000000000000e+06
8.214658593750000000e+04
2.215830400000000000e+07
1.220439765625000000e+05
2.361376406250000000e+05
5.458728000000000000e+07
6.636805000000000000e+05
7.078317500000000000e+05
9.433418125000000000e+05
1.222935625000000000e+06
1.078913359375000000e+05
1.758946289062500000e+04
8.531897460937500000e+03
2.980978710937500000e+04
8.698261718750000000e+03
2.016008906250000000e+05
1.679374560000000000e+08
1.637070200000000000e+07
4.168232000000000000e+07
2.882242773437500000e+04
1.582689760000000000e+08
1.372902560000000000e+08
1.470874531250000000e+05
2.226659600000000000e+07
1.683397070312500000e+04
1.353427832031250000e+04
7.218279936000000000e+09
2.466510080000000000e+09
5.507105625000000000e+05
5.929304800000000000e+07
3.473864062500000000e+05
3.537775000000000000e+05
6.991671040000000000e+08
3.666638437500000000e+05
1.162157031250000000e+05
7.131011718750000000e+04
6.715829760000000000e+09
1.439126400000000000e+07
1.969047500000000000e+06
3.540005937500000000e+05
4.500888125000000000e+05
8.515652000000000000e+06
7.743992968750000000e+04
4.263388671875000000e+04
3.054799316406250000e+03
7.374117968750000000e+04
1.766111083984375000e+03
4.486886250000000000e+05
4.542433105468750000e+03
3.302782470703125000e+03
7.827665000000000000e+05
1.259258496093750000e+04
6.387073242187500000e+03
9.826105468750000000e+03
1.113191875000000000e+06
2.934814843750000000e+04
5.137133984375000000e+04
3.452745703125000000e+04
3.515586328125000000e+04
2.196353125000000000e+05
1.199364125000000000e+06
1.227672100000000000e+07
3.049709250000000000e+06
8.693642000000000000e+06
2.513418800000000000e+07
5.144890625000000000e+04
2.712182226562500000e+04
1.447985000000000000e+05
1.199364125000000000e+06
1.227672100000000000e+07
8.668686400000000000e+07
2.513418800000000000e+07
2.712182226562500000e+04
1.447985000000000000e+05
1.768498750000000000e+05
8.668686400000000000e+07
1.768498750000000000e+05
6.862599218750000000e+04
1.732001757812500000e+04
5.368478125000000000e+04
1.124229760000000000e+08
1.609082000000000000e+07
1.437611625000000000e+06
1.147527000000000000e+07
7.201381250000000000e+05
8.427309000000000000e+06
2.208162560000000000e+09
1.121422000000000000e+08
1.565793300000000000e+07
1.126996500000000000e+07
2.179175680000000000e+09
1.641128200000000000e+07
3.051758300781250000e+03
2.784347656250000000e+03
2.952741699218750000e+03
6.092144375000000000e+05
4.086950781250000000e+04
1.695323046875000000e+04
2.887831054687500000e+04
1.319240500000000000e+06
4.097644531250000000e+04
1.741464375000000000e+05
2.184758750000000000e+05
4.097644531250000000e+04
1.125652343750000000e+05
2.202214843750000000e+04
1.891510156250000000e+04
2.846278125000000000e+04
1.118508496093750000e+04
8.068966875000000000e+05
7.706035766601562500e+02
3.093706835937500000e+04
9.339852539062500000e+03
1.083068969726562500e+03
1.162506171875000000e+05
1.973513281250000000e+04
7.926589965820312500e+02
2.089260009765625000e+03
5.424210815429687500e+02
8.435454000000000000e+06
8.338804800000000000e+07
1.289213625000000000e+06
4.147260131835937500e+02
3.674718017578125000e+02
3.396751098632812500e+02
2.241770400000000000e+07
8.693642000000000000e+06
1.441113375000000000e+06
1.014912536621093750e+03
6.922550659179687500e+02
5.424210815429687500e+02
5.472614000000000000e+07
8.435454000000000000e+06
8.338804800000000000e+07
4.710754394531250000e+02
4.147260131835937500e+02
3.674718017578125000e+02
2.241770400000000000e+07
1.423408325195312500e+03
1.014912536621093750e+03
6.922550659179687500e+02
5.472614000000000000e+07
4.710754394531250000e+02
1.423408325195312500e+03
5.774140234375000000e+04
3.258901875000000000e+05
8.361623000000000000e+06
7.417156875000000000e+05
1.061647070312500000e+04
8.535908125000000000e+05
5.097172500000000000e+06
2.166303750000000000e+05
5.032354736328125000e+02
1.411140400000000000e+07
4.060898750000000000e+06
1.181050600000000000e+07
7.199260000000000000e+05
1.372902560000000000e+08
1.582689760000000000e+08
7.003728000000000000e+06
2.226659600000000000e+07
1.422895625000000000e+06
8.693642000000000000e+06
6.915606079101562500e+02
3.518559265136718750e+02
5.167584838867187500e+02
2.856012878417968750e+02
1.383781440000000000e+08
5.759248640000000000e+08
1.411140400000000000e+07
2.975084800000000000e+07
4.060898750000000000e+06
1.181050600000000000e+07
6.991671040000000000e+08
1.372902560000000000e+08
1.582689760000000000e+08
2.226659600000000000e+07
5.652907104492187500e+02
3.723296630859375000e+03
6.915606079101562500e+02
7.006103515625000000e+02
3.518559265136718750e+02
5.167584838867187500e+02
1.637175040000000000e+09
1.383781440000000000e+08
5.759248640000000000e+08
2.975084800000000000e+07
6.991671040000000000e+08
3.228270019531250000e+03
5.652907104492187500e+02
3.723296630859375000e+03
7.006103515625000000e+02
1.637175040000000000e+09
3.228270019531250000e+03
1.182833593750000000e+04
1.154907625000000000e+06
2.762669189453125000e+03
2.590041992187500000e+04
1.118446582031250000e+04
9.739566000000000000e+06
1.594678437500000000e+05
2.384283593750000000e+05
4.936027812500000000e+05
1.025777500000000000e+06
2.886674609375000000e+04
2.212640039062500000e+04
3.447241250000000000e+05
1.372902560000000000e+08
1.975548632812500000e+04
1.902900800000000000e+08
3.064913574218750000e+03
7.346133000000000000e+06
1.522092163085937500e+03
5.575346875000000000e+04
3.166643200000000000e+08
1.764798828125000000e+04
7.472985351562500000e+03
7.221810937500000000e+04
9.325563281250000000e+04
3.979350390625000000e+04
2.250784765625000000e+04
1.437423437500000000e+04
8.539958400000000000e+07
8.525826000000000000e+06
1.173555234375000000e+05
1.394726700000000000e+07
2.802405664062500000e+04
2.199707187500000000e+05
7.468119680000000000e+08
7.034950625000000000e+05
3.184590312500000000e+05
1.638756406250000000e+05
4.691652500000000000e+06
1.393089000000000000e+07
2.007575781250000000e+04
5.228816562500000000e+05
3.241846923828125000e+02
2.432052764892578125e+02
2.697709062500000000e+05
2.032217102050781250e+02
1.151971953125000000e+05
8.547218750000000000e+04
2.930925292968750000e+03
1.869314800000000000e+07
1.737539125000000000e+06
6.984052000000000000e+06
1.619788700000000000e+07
3.422567578125000000e+04
1.289213625000000000e+06
2.593017773437500000e+04
1.182623046875000000e+03
2.892979980468750000e+03
6.085471801757812500e+02
8.805500800000000000e+07
9.739566000000000000e+06
9.930757031250000000e+04
2.014498800000000000e+07
1.146863906250000000e+05
1.613817500000000000e+05
3.356517120000000000e+09
5.665521000000000000e+06
5.326792500000000000e+05
3.043818125000000000e+05
7.569188000000000000e+07
1.861093200000000000e+07
9.155079000000000000e+06
5.184613750000000000e+05
1.170984500000000000e+06
1.399511000000000000e+06
2.964518250000000000e+06
9.252001600000000000e+07
2.417564400000000000e+07
7.673078500000000000e+06
1.119897000000000000e+06
1.186024400000000000e+08
3.335879687500000000e+04
1.417682250000000000e+06
5.354631250000000000e+04
9.674082000000000000e+06
3.526864013671875000e+02
6.235604858398437500e+01
3.939479980468750000e+02
2.084903906250000000e+05
4.240473437500000000e+04
2.247648750000000000e+06
1.174916700000000000e+07
1.078705920000000000e+08
1.309279750000000000e+06
8.272029500000000000e+06
2.496795600000000000e+07
6.381168750000000000e+04
1.134286250000000000e+05
1.875155781250000000e+05
1.174916700000000000e+07
1.078705920000000000e+08
1.832475648000000000e+09
2.496795600000000000e+07
1.134286250000000000e+05
1.875155781250000000e+05
4.572063125000000000e+05
1.832475648000000000e+09
4.572063125000000000e+05
1.047619335937500000e+04
8.652437500000000000e+05
1.253824707031250000e+04
1.967225125000000000e+06
6.827226500000000000e+06
6.383587000000000000e+06
2.384708398437500000e+04
5.349279500000000000e+06
9.858935156250000000e+04
3.004895625000000000e+05
9.920561875000000000e+05
3.123383500000000000e+06
2.775788400000000000e+07
8.295845600000000000e+07
1.289213625000000000e+06
5.970888125000000000e+05
1.408706375000000000e+06
2.294983593750000000e+05
1.316755800000000000e+07
4.271216875000000000e+05
1.422895625000000000e+06
3.421796800000000000e+08
1.421151360000000000e+08
3.123383500000000000e+06
2.176644640000000000e+08
2.775788400000000000e+07
8.295845600000000000e+07
2.073386000000000000e+07
5.970888125000000000e+05
1.408706375000000000e+06
1.316755800000000000e+07
6.669784064000000000e+09
3.421796800000000000e+08
1.421151360000000000e+08
2.176644640000000000e+08
2.073386000000000000e+07
6.669784064000000000e+09
1.999223520000000000e+08
1.851597200000000000e+07
4.609574687500000000e+05
1.582689760000000000e+08
8.091884375000000000e+05
5.637176250000000000e+05
5.257338368000000000e+09
9.159306000000000000e+06
3.126497750000000000e+06
6.984558500000000000e+06
1.709035200000000000e+08
9.977273600000000000e+07
1.357801875000000000e+05
6.944595000000000000e+05
2.891736000000000000e+06
8.620519000000000000e+06
8.694462890625000000e+03
5.940103600000000000e+07
1.137666160000000000e+08
1.241306875000000000e+05
3.709669000000000000e+06
6.654935200000000000e+07
1.868110546875000000e+04
2.489665820312500000e+04
2.891375244140625000e+03
2.580795410156250000e+03
2.475998046875000000e+03
4.959964843750000000e+03
1.551184692382812500e+03
7.147745971679687500e+02
4.265245312500000000e+05
4.844578906250000000e+04
7.259316406250000000e+03
2.181457226562500000e+04
1.383718125000000000e+06
4.084815625000000000e+04
2.135855468750000000e+04
5.975964355468750000e+03
6.273013750000000000e+05
5.316199218750000000e+04
5.746775781250000000e+04
3.564781250000000000e+04
8.408922851562500000e+03
5.800179296875000000e+04
2.096105273437500000e+04
3.915990937500000000e+05
1.668315429687500000e+04
8.141221875000000000e+04
2.888371000000000000e+06
1.604347200000000000e+07
6.393156640625000000e+04
6.936644531250000000e+04
5.780289000000000000e+06
1.167701367187500000e+04
6.270418750000000000e+05
5.149037500000000000e+05
1.715296679687500000e+04
1.266477968750000000e+05
1.875997375000000000e+06
1.102856250000000000e+05
1.473192871093750000e+04
8.246212500000000000e+04
5.119399609375000000e+04
2.770747750000000000e+06
4.474208496093750000e+03
1.370225600000000000e+07
1.237527148437500000e+04
4.429840625000000000e+05
3.622970000000000000e+05
2.050801718750000000e+05
1.822947851562500000e+04
7.335189843750000000e+04
2.996156250000000000e+04
2.490881250000000000e+06
2.919525390625000000e+03
2.639276000000000000e+06
9.680977343750000000e+04
9.108273437500000000e+03
4.097721250000000000e+05
2.353138250000000000e+06
1.193539921875000000e+05
6.461994921875000000e+04
1.521934375000000000e+04
2.116236250000000000e+05
8.230326250000000000e+05
2.234989218750000000e+05
1.497068437500000000e+05
6.590881250000000000e+04
1.045536900000000000e+07
8.368990625000000000e+04
1.582689760000000000e+08
2.671222460937500000e+04
4.266744800000000000e+07
2.097311132812500000e+04
6.456162109375000000e+04
1.237982080000000000e+09
3.426281250000000000e+05
4.059277734375000000e+04
6.508530000000000000e+05
1.987573760000000000e+08
1.853020800000000000e+07
3.651399375000000000e+05
1.564710400000000000e+08
1.393492750000000000e+06
7.429000625000000000e+05
5.307868160000000000e+09
1.622927500000000000e+07
3.038949750000000000e+06
1.608268900000000000e+07
2.983712960000000000e+08
3.794258203125000000e+04
1.962159843750000000e+05
6.300353500000000000e+06
1.316399920000000000e+08
7.787742187500000000e+04
4.391951953125000000e+04
9.292283000000000000e+06
1.102359843750000000e+05
9.925539843750000000e+04
2.302059843750000000e+05
8.633085000000000000e+05
3.865790312500000000e+05
5.224239040000000000e+08
3.876515000000000000e+05
1.452797187500000000e+05
3.001615937500000000e+05
4.791915625000000000e+05
1.947037600000000000e+07
3.831856250000000000e+05
6.308864062500000000e+04
3.150868750000000000e+06
2.905575000000000000e+04
6.308864062500000000e+04
1.052393400000000000e+07
7.365781250000000000e+04
2.042295937500000000e+05
5.987875000000000000e+05
1.932492812500000000e+05
1.117376074218750000e+04
6.757865625000000000e+04
3.688355957031250000e+03
2.527164453125000000e+04
2.023573875000000000e+06
7.526972656250000000e+04
2.192973125000000000e+05
2.689326904296875000e+03
8.240945312500000000e+04
9.962818359375000000e+03
3.428445000000000000e+05
1.072740527343750000e+04
3.676718750000000000e+04
1.787099121093750000e+03
6.724768750000000000e+04
3.063629101562500000e+04
5.150321289062500000e+03
9.642121875000000000e+04
2.560154101562500000e+04
3.654091015625000000e+04
3.094909423828125000e+03
9.677782812500000000e+04
2.804424218750000000e+04
3.181159570312500000e+04
2.668256054687500000e+04
3.637902812500000000e+05
6.277607421875000000e+04
7.473013750000000000e+05
8.950582500000000000e+05
3.765803906250000000e+04
9.717841875000000000e+05
1.056284250000000000e+06
3.565706250000000000e+05
2.676051953125000000e+04
1.381777000000000000e+06
5.925504687500000000e+04
8.433581875000000000e+05
4.949655937500000000e+05
2.286051718750000000e+05
1.429355781250000000e+05
1.429788400000000000e+07
1.102675390625000000e+05
2.402456835937500000e+04
1.657228500000000000e+06
1.824103281250000000e+05
1.899290625000000000e+05
9.035006250000000000e+04
9.484706000000000000e+06
9.252335000000000000e+05
1.151545859375000000e+05
9.063675000000000000e+05
6.011598125000000000e+05
8.349354375000000000e+05
1.239668515625000000e+05
6.196550000000000000e+05
1.975345781250000000e+05
6.277607421875000000e+04
1.247400390625000000e+04
6.222941015625000000e+04
2.272429101562500000e+04
2.807162187500000000e+05
2.797284179687500000e+04
9.049329687500000000e+04
1.338068300000000000e+07
2.347605000000000000e+05
1.659172460937500000e+04
7.318440625000000000e+04
1.066012500000000000e+06
1.081490136718750000e+04
8.530847500000000000e+05
8.305920000000000000e+05
1.254118847656250000e+04
6.467037890625000000e+04
1.335423281250000000e+05
1.228784218750000000e+05
2.236917578125000000e+04
7.359152000000000000e+07
8.435454000000000000e+06
5.443610000000000000e+05
1.714656800000000000e+07
1.863720625000000000e+05
5.819754375000000000e+05
8.584039040000000000e+08
4.489675500000000000e+06
1.249990875000000000e+06
7.278206875000000000e+05
2.224575200000000000e+07
2.089743200000000000e+07
7.511554687500000000e+04
4.428966406250000000e+04
1.041305375000000000e+06
8.944753750000000000e+05
3.139942187500000000e+05
5.301058750000000000e+05
7.740000000000000000e+07
2.259232400000000000e+07
4.861666796875000000e+04
1.081400320000000000e+08
1.159458125000000000e+05
7.703810937500000000e+04
1.284633984000000000e+09
9.518037500000000000e+05
6.876456875000000000e+05
8.119512500000000000e+05
5.210733500000000000e+06
2.220895200000000000e+07
1.246643600000000000e+07
1.412289750000000000e+06
3.650376000000000000e+06
2.720031875000000000e+05
7.754550500000000000e+06
3.590830400000000000e+08
2.220895200000000000e+07
1.246643600000000000e+07
3.650376000000000000e+06
3.590830400000000000e+08
9.185046093750000000e+04
1.120371582031250000e+04
7.079452343750000000e+04
7.870114257812500000e+03
5.153817500000000000e+05
1.758946289062500000e+04
7.473013750000000000e+05
8.895329375000000000e+05
8.486212500000000000e+04
2.284821500000000000e+06
2.792913437500000000e+05
2.192973125000000000e+05
4.114405078125000000e+04
1.371515750000000000e+06
1.006165332031250000e+04
7.979175000000000000e+05
3.324122500000000000e+05
1.021539843750000000e+05
1.908958906250000000e+05
1.441549400000000000e+07
1.361893437500000000e+05
1.002779589843750000e+04
1.257105250000000000e+06
2.073081093750000000e+05
1.264092421875000000e+05
5.748842578125000000e+04
1.242378000000000000e+07
1.090389250000000000e+06
1.964326093750000000e+05
1.546084625000000000e+06
8.591473000000000000e+06
2.226659600000000000e+07
2.366695703125000000e+04
1.534733120000000000e+08
3.755546875000000000e+04
1.542756933593750000e+04
9.890816000000000000e+07
2.297364218750000000e+05
1.429163593750000000e+05
8.702817187500000000e+04
5.988709375000000000e+05
4.869015625000000000e+03
2.683691210937500000e+04
4.408706970214843750e+02
2.587010625000000000e+05
9.442889843750000000e+04
1.564330400000000000e+07
9.739566000000000000e+06
4.043941796875000000e+04
5.853871000000000000e+06
6.293945800781250000e+03
3.097071875000000000e+04
4.873865280000000000e+08
1.496555937500000000e+05
2.689352500000000000e+05
2.587995117187500000e+04
9.896475625000000000e+05
1.687214880000000000e+08
1.788509200000000000e+07
3.930686800000000000e+07
3.531303125000000000e+05
2.069987600000000000e+07
4.621113200000000000e+07
4.131565625000000000e+05
2.250394400000000000e+07
7.405248125000000000e+05
2.554401875000000000e+05
2.992874240000000000e+09
1.200273280000000000e+09
1.919408800000000000e+07
5.837902400000000000e+07
3.360277750000000000e+06
1.505593300000000000e+07
9.651385600000000000e+08
3.961705250000000000e+06
9.674745000000000000e+06
7.649238500000000000e+06
6.173297664000000000e+09
3.011396480000000000e+08
2.187394880000000000e+08
4.489157200000000000e+07
2.785792960000000000e+08
1.316182144000000000e+09
7.409521875000000000e+05
2.612932226562500000e+04
6.710204375000000000e+05
2.709497000000000000e+06
7.363681250000000000e+04
2.221759750000000000e+06
9.913436000000000000e+06
4.133563750000000000e+05
9.409270312500000000e+04
6.827226500000000000e+06
2.612932226562500000e+04
6.710204375000000000e+05
2.709497000000000000e+06
9.273060156250000000e+04
3.350594531250000000e+04
1.980364000000000000e+07
4.133563750000000000e+05
9.409270312500000000e+04
6.827226500000000000e+06
3.744261875000000000e+05
9.273060156250000000e+04
3.350594531250000000e+04
1.980364000000000000e+07
7.438513750000000000e+05
3.744261875000000000e+05
7.438513750000000000e+05
6.518581250000000000e+05
8.982389000000000000e+06
6.319197656250000000e+04
5.340220625000000000e+05
1.078738515625000000e+05
1.299483984375000000e+05
1.958015781250000000e+05
1.649146679687500000e+04
8.085326562500000000e+04
6.479145000000000000e+05
1.729507750000000000e+06
5.831817187500000000e+04
9.814461875000000000e+05
5.297881000000000000e+06
6.526455859375000000e+04
2.962213125000000000e+05
1.888950250000000000e+06
1.687504101562500000e+04
1.607340468750000000e+05
5.110950625000000000e+05
2.255848281250000000e+05
1.720636523437500000e+04
2.687748437500000000e+04
3.586592578125000000e+04
3.316008500000000000e+06
7.269351562500000000e+04
4.152168250000000000e+06
5.833108203125000000e+04
3.744330000000000000e+05
1.308447375000000000e+06
4.354910937500000000e+05
2.103585156250000000e+04
1.883282031250000000e+04
2.458022656250000000e+04
2.829936750000000000e+06
8.569361718750000000e+04
1.940124000000000000e+06
1.225410312500000000e+05
1.833252031250000000e+05
9.949850000000000000e+04
2.794258000000000000e+07
3.233118125000000000e+05
1.255104531250000000e+05
1.246699062500000000e+05
7.015440625000000000e+04
7.063535000000000000e+06
1.474574000000000000e+06
8.491820000000000000e+05
7.381941406250000000e+04
3.123799414062500000e+04
5.993284667968750000e+03
9.356867187500000000e+04
1.691998535156250000e+03
3.286858750000000000e+05
1.028133984375000000e+04
4.491582031250000000e+03
1.800083500000000000e+06
6.101755468750000000e+04
4.615403437500000000e+05
4.677916250000000000e+05
2.657422070312500000e+04
1.580684277343750000e+04
3.496126562500000000e+04
5.808033691406250000e+03
2.047815468750000000e+05
1.289213625000000000e+06
7.250117968750000000e+04
7.768100800000000000e+07
6.617724000000000000e+06
1.289213625000000000e+06
6.439805500000000000e+06
2.805952000000000000e+06
8.083121000000000000e+06
3.496480640000000000e+08
7.768100800000000000e+07
6.617724000000000000e+06
6.439805500000000000e+06
3.496480640000000000e+08
8.145259000000000000e+06
1.298849609375000000e+05
6.905030625000000000e+05
1.695889062500000000e+04
2.331193359375000000e+04
5.749227500000000000e+06
1.195746000000000000e+08
8.435454000000000000e+06
2.977691406250000000e+04
1.980923200000000000e+07
1.635495040000000000e+08
3.654241015625000000e+04
1.582689760000000000e+08
4.958393750000000000e+04
1.383022656250000000e+04
3.849638912000000000e+09
9.740086000000000000e+06
9.515927343750000000e+04
6.446181888000000000e+09
2.395092812500000000e+05
6.402773046875000000e+04
1.731105536000000000e+09
2.026120468750000000e+05
8.208487500000000000e+04
1.800169687500000000e+05
7.200489472000000000e+10
7.069951875000000000e+05
1.756408906250000000e+05
3.449284000000000000e+06
7.441763750000000000e+05
2.737297200000000000e+07
2.734291875000000000e+05
2.562758203125000000e+04
5.541151171875000000e+04
1.041612777709960938e+02
3.142544140625000000e+04
5.012416687011718750e+02
3.531237792968750000e+02
6.892485351562500000e+02
2.044568400000000000e+07
3.452364500000000000e+06
7.104341406250000000e+04
1.075548125000000000e+06
4.079084062500000000e+05
1.907346562500000000e+05
5.993977500000000000e+05
4.658142187500000000e+04
7.473013750000000000e+05
2.271982968750000000e+05
7.207457812500000000e+04
9.273181875000000000e+05
4.299463281250000000e+04
4.089629687500000000e+04
3.577702500000000000e+05
8.270133789062500000e+03
7.226833593750000000e+04
1.346768261718750000e+04
5.334996484375000000e+04
4.006016406250000000e+04
7.206990625000000000e+04
7.453921875000000000e+03
8.664346679687500000e+03
3.646588671875000000e+04
2.162111718750000000e+04
8.732297656250000000e+04
4.097644531250000000e+04
6.977223125000000000e+05
1.289213625000000000e+06
6.502908984375000000e+04
2.785999375000000000e+05
1.414559531250000000e+05
1.273340429687500000e+04
2.156617656250000000e+05
9.724490234375000000e+03
1.409028437500000000e+05
2.590316210937500000e+04
1.471184531250000000e+05
3.882420312500000000e+04
3.482638671875000000e+04
4.739729980468750000e+03
4.682153125000000000e+04
1.058579921875000000e+05
1.591556347656250000e+04
4.382124375000000000e+05
3.514660888671875000e+03
7.440926875000000000e+05
1.657972656250000000e+05
2.443051875000000000e+05
1.154907625000000000e+06
1.602978613281250000e+04
4.021023600000000000e+07
6.688366875000000000e+05
5.646005000000000000e+05
3.874589250000000000e+06
4.230459375000000000e+04
1.588335468750000000e+05
3.298009750000000000e+06
2.482913750000000000e+05
4.854125061035156250e+02
5.798889375000000000e+05
1.196815673828125000e+03
7.009553222656250000e+02
1.195746000000000000e+08
5.419255000000000000e+05
7.323309375000000000e+05
1.143360600000000000e+07
6.213687500000000000e+06
2.261715600000000000e+07
9.252843000000000000e+06
8.278431875000000000e+05
5.739245500000000000e+06
6.233535000000000000e+06
5.511461250000000000e+05
2.119880400000000000e+07
1.422895625000000000e+06
8.532968000000000000e+06
2.433740480000000000e+08
3.123085250000000000e+06
6.213687500000000000e+06
3.695631600000000000e+07
2.261715600000000000e+07
9.252843000000000000e+06
5.963068000000000000e+07
5.739245500000000000e+06
6.233535000000000000e+06
2.119880400000000000e+07
1.282805900000000000e+07
2.433740480000000000e+08
3.123085250000000000e+06
3.695631600000000000e+07
5.963068000000000000e+07
1.282805900000000000e+07
1.174234125000000000e+06
3.346130078125000000e+04
7.473013750000000000e+05
3.544417187500000000e+04
1.741464375000000000e+05
2.221759750000000000e+06
1.414559531250000000e+05
3.346130078125000000e+04
7.473013750000000000e+05
1.446925195312500000e+04
1.429121250000000000e+05
6.811764648437500000e+03
4.177660937500000000e+04
1.414559531250000000e+05
1.429121250000000000e+05
6.811764648437500000e+03
4.177660937500000000e+04
3.771831640625000000e+04
3.771831640625000000e+04
7.767496000000000000e+06
4.824313500000000000e+06
9.237464062500000000e+04
3.439573600000000000e+07
1.651510312500000000e+05
2.357362031250000000e+05
1.077059120000000000e+08
4.441617187500000000e+05
5.475000000000000000e+05
9.462810625000000000e+05
2.735875250000000000e+06
8.093310000000000000e+06
2.261715600000000000e+07
7.942005625000000000e+05
1.491191875000000000e+06
4.132905625000000000e+05
1.315962000000000000e+06
4.740864000000000000e+08
7.906938000000000000e+06
2.074718800000000000e+07
1.415257375000000000e+06
4.605145600000000000e+08
6.325323828125000000e+04
1.025805400000000000e+07
7.046490400000000000e+07
8.435454000000000000e+06
1.289213625000000000e+06
2.921153250000000000e+06
8.705520000000000000e+07
1.994847500000000000e+06
4.083742500000000000e+06
2.357127250000000000e+06
8.693642000000000000e+06
5.598970368000000000e+09
1.679293600000000000e+07
1.025805400000000000e+07
2.892140160000000000e+08
7.046490400000000000e+07
8.435454000000000000e+06
3.297199680000000000e+08
2.921153250000000000e+06
8.705520000000000000e+07
4.083742500000000000e+06
6.724793139200000000e+10
5.598970368000000000e+09
1.679293600000000000e+07
2.892140160000000000e+08
3.297199680000000000e+08
6.724793139200000000e+10
1.046107937500000000e+06
2.077355781250000000e+05
1.311105120000000000e+08
1.858544843750000000e+05
4.121442187500000000e+04
1.395212000000000000e+06
2.755275390625000000e+04
3.537302812500000000e+05
8.156003125000000000e+04
3.936837890625000000e+03
1.061764453125000000e+04
5.285285034179687500e+02
2.567881445312500000e+04
1.098338875000000000e+06
7.741069531250000000e+04
4.621124687500000000e+05
1.324850800000000000e+08
5.541555625000000000e+05
2.567881445312500000e+04
2.376601250000000000e+05
5.715502500000000000e+06
2.729021484375000000e+04
9.021737500000000000e+05
1.638300800000000000e+07
1.681864453125000000e+04
7.398314062500000000e+04
1.443171000000000000e+06
8.295804687500000000e+04
2.121502343750000000e+04
5.191204101562500000e+03
9.042703906250000000e+04
3.565706250000000000e+05
5.304131250000000000e+04
3.247352500000000000e+06
1.010240390625000000e+05
5.074655312500000000e+05
2.150913750000000000e+06
9.737576293945312500e+02
7.341739843750000000e+04
9.843219375000000000e+05
6.468953247070312500e+02
1.840105834960937500e+03
2.485695468750000000e+05
7.610582885742187500e+02
2.822879882812500000e+03
1.310365375000000000e+06
9.442415771484375000e+02
2.129675048828125000e+03
3.818693750000000000e+05
3.686873600000000000e+07
2.812409062500000000e+05
4.459804687500000000e+05
8.915701000000000000e+06
4.965446777343750000e+03
1.001196300000000000e+07
7.721428125000000000e+04
2.898844970703125000e+03
9.802490844726562500e+02
2.492403437500000000e+05
7.551703125000000000e+03
2.280288818359375000e+03
1.375925500000000000e+06
1.312886962890625000e+03
3.482125732421875000e+03
4.319274062500000000e+05
5.973837600000000000e+07
1.633533100000000000e+07
1.631123200000000000e+07
1.422869875000000000e+06
1.778657200000000000e+07
1.625622800000000000e+07
3.150868750000000000e+06
4.770010000000000000e+06
8.693642000000000000e+06
4.120390937500000000e+05
8.603199360000000000e+08
4.274998720000000000e+08
5.973837600000000000e+07
4.430488800000000000e+07
1.633533100000000000e+07
1.631123200000000000e+07
1.128309040000000000e+08
1.778657200000000000e+07
1.625622800000000000e+07
4.770010000000000000e+06
9.779169920000000000e+08
8.603199360000000000e+08
4.274998720000000000e+08
4.430488800000000000e+07
1.128309040000000000e+08
9.779169920000000000e+08
2.490935600000000000e+07
4.033667200000000000e+07
1.488984750000000000e+06
1.006363700000000000e+07
2.173953000000000000e+06
1.342881125000000000e+06
7.798715520000000000e+08
2.540002000000000000e+07
3.741135200000000000e+07
1.027659900000000000e+07
8.157535360000000000e+08
1.680440800000000000e+07
9.977273600000000000e+07
9.739566000000000000e+06
6.579250781250000000e+04
1.621414400000000000e+07
9.969297000000000000e+06
2.096286250000000000e+05
1.582689760000000000e+08
1.096294000000000000e+06
1.856008593750000000e+05
9.720318976000000000e+09
1.432791400000000000e+07
8.812068125000000000e+05
8.942402560000000000e+09
5.095568500000000000e+06
7.710673750000000000e+05
1.754476928000000000e+09
2.052545250000000000e+06
3.536769687500000000e+05
7.816473500000000000e+06
7.200489472000000000e+10
1.631690560000000000e+08
8.299348125000000000e+05
1.959586400000000000e+08
3.530313200000000000e+07
1.882491699200000000e+10
8.042460000000000000e+06
7.025858500000000000e+06
5.914120000000000000e+05
8.043372500000000000e+06
7.529858593750000000e+04
3.148729600000000000e+07
2.261715600000000000e+07
2.889916601562500000e+04
4.754163600000000000e+07
2.117738281250000000e+04
1.483292968750000000e+04
8.443044480000000000e+08
2.590955937500000000e+05
3.531296562500000000e+05
2.499346718750000000e+05
1.385893250000000000e+06
8.537412000000000000e+06
5.872232000000000000e+07
1.917962500000000000e+05
2.166834843750000000e+05
2.820018240000000000e+08
5.057561562500000000e+05
1.613642750000000000e+06
1.419500800000000000e+07
8.929208750000000000e+05
5.366533750000000000e+05
1.030610687500000000e+06
8.405089600000000000e+07
9.739566000000000000e+06
2.434938437500000000e+05
1.290483040000000000e+08
1.088808750000000000e+06
1.528164375000000000e+05
7.339927040000000000e+09
1.665964700000000000e+07
6.313713125000000000e+05
4.428973000000000000e+06
3.685750720000000000e+08
4.672023046875000000e+04
1.455286250000000000e+06
2.179753437500000000e+05
2.307989648437500000e+04
2.122201171875000000e+03
6.238968750000000000e+03
2.441103027343750000e+03
2.241450468750000000e+05
1.977494873046875000e+03
5.487321484375000000e+04
1.026022851562500000e+04
7.958624877929687500e+02
3.204811132812500000e+04
1.520055859375000000e+04
1.556002832031250000e+04
2.551519375000000000e+05
6.479057421875000000e+04
2.263560742187500000e+04
4.833253906250000000e+04
6.204742187500000000e+04
1.319240500000000000e+06
8.703431250000000000e+04
5.856174316406250000e+02
1.324850800000000000e+08
1.159898147583007812e+02
6.204742187500000000e+04
1.986229858398437500e+02
1.260726250000000000e+06
3.623638916015625000e+02
1.348021250000000000e+06
5.914858398437500000e+02
3.469113769531250000e+02
6.041477343750000000e+04
1.641769866943359375e+02
1.145603149414062500e+03
4.859943237304687500e+02
1.006363700000000000e+07
3.713062890625000000e+04
1.892741562500000000e+05
1.218273625000000000e+06
2.025231875000000000e+05
1.401270000000000000e+06
2.226659600000000000e+07
8.261790625000000000e+04
5.520073500000000000e+06
2.792550195312500000e+04
7.243566406250000000e+04
3.326850400000000000e+07
2.935368125000000000e+05
1.152597000000000000e+06
2.364402500000000000e+05
3.426906000000000000e+06
1.747975976562500000e+04
1.992478125000000000e+04
3.094673500000000000e+06
3.243891992187500000e+04
2.199283691406250000e+03
9.277958750000000000e+05
3.670842968750000000e+04
1.314237500000000000e+04
6.446933000000000000e+06
2.306409765625000000e+04
3.140303500000000000e+06
8.202196875000000000e+05
1.289213625000000000e+06
3.906706562500000000e+05
8.202196875000000000e+05
6.599786875000000000e+05
2.226659600000000000e+07
1.438815625000000000e+04
1.224782125000000000e+06
2.766070068359375000e+03
1.648796093750000000e+04
4.846545000000000000e+06
7.615434082031250000e+03
9.119043750000000000e+04
3.220610839843750000e+03
7.933569531250000000e+04
1.916219250000000000e+06
3.481712500000000000e+04
7.497295410156250000e+03
5.505878515625000000e+04
1.254926600000000000e+07
1.195746000000000000e+08
7.934660000000000000e+06
5.331325625000000000e+05
3.111920800000000000e+07
1.249648720000000000e+08
4.084393437500000000e+05
1.619110080000000000e+08
6.887962500000000000e+05
3.131575000000000000e+05
2.464827392000000000e+10
1.677808000000000000e+07
7.155383500000000000e+06
6.273060352000000000e+09
1.147067400000000000e+07
1.178201750000000000e+06
5.410656768000000000e+09
1.490782250000000000e+06
1.233041300000000000e+07
4.740578000000000000e+06
7.200489472000000000e+10
5.410457600000000000e+08
6.450445000000000000e+06
1.479720960000000000e+08
4.507018800000000000e+07
1.632725811200000000e+10
1.920252160000000000e+08
2.504980781250000000e+05
1.201076500000000000e+06
1.162329900000000000e+07
1.122688300000000000e+07
2.251045156250000000e+05
6.687853125000000000e+04
8.021420000000000000e+05
6.977223125000000000e+05
1.468295750000000000e+06
5.600486250000000000e+05
2.770745000000000000e+06
2.116561132812500000e+04
1.001714375000000000e+06
1.057915375000000000e+06
4.098688281250000000e+04
1.555336718750000000e+04
7.456774218750000000e+04
7.141712890625000000e+03
7.395790000000000000e+05
3.565706250000000000e+05
1.302130078125000000e+05
5.784330468750000000e+04
6.977223125000000000e+05
1.017142890625000000e+05
2.662150625000000000e+05
8.290750000000000000e+04
1.595567187500000000e+04
1.226620875000000000e+06
2.739491406250000000e+04
1.041169250000000000e+06
9.118725000000000000e+06
1.119828593750000000e+05
2.962213125000000000e+05
2.360542968750000000e+05
1.581715722656250000e+04
3.695339687500000000e+05
1.616445468750000000e+05
3.810311718750000000e+04
6.947939062500000000e+04
1.252529062500000000e+05
4.306609687500000000e+05
1.593021875000000000e+04
2.302926000000000000e+07
6.489910937500000000e+04
5.886940000000000000e+05
1.822652539062500000e+04
1.431498242187500000e+04
8.166634277343750000e+03
1.074854875000000000e+06
9.173901562500000000e+04
4.587620312500000000e+04
8.484089375000000000e+05
5.318897656250000000e+04
9.722056250000000000e+04
1.360567250000000000e+06
4.412545312500000000e+04
1.622469140625000000e+04
9.246908203125000000e+03
2.196680000000000000e+05
3.565498750000000000e+05
3.548587500000000000e+04
1.155324000000000000e+06
5.283308125000000000e+05
3.451669140625000000e+04
5.728002500000000000e+05
8.577362500000000000e+05
1.292532625000000000e+06
2.013886125000000000e+06
6.337788750000000000e+05
2.775223437500000000e+04
6.758623750000000000e+05
4.511513671875000000e+04
1.358448125000000000e+05
2.505609619140625000e+03
1.430811621093750000e+04
5.537960156250000000e+04
3.938137451171875000e+03
1.703970937500000000e+05
3.574207421875000000e+04
4.876846875000000000e+04
2.857929375000000000e+05
6.714943750000000000e+04
6.068530273437500000e+02
2.088331054687500000e+04
2.695368000000000000e+07
3.516616800000000000e+07
2.261715600000000000e+07
2.919616250000000000e+05
1.744173375000000000e+06
6.127075000000000000e+06
6.502971250000000000e+05
5.385570000000000000e+07
5.481122500000000000e+05
2.344633750000000000e+05
3.975947520000000000e+09
5.812063360000000000e+08
6.248314000000000000e+06
8.702652160000000000e+08
9.365217000000000000e+06
5.938689000000000000e+06
1.063133200000000000e+08
7.240510625000000000e+05
2.318218750000000000e+06
1.038576500000000000e+07
7.200489472000000000e+10
4.168909440000000000e+08
2.046216160000000000e+08
1.507904800000000000e+08
3.150027200000000000e+07
6.321067008000000000e+09
9.953565000000000000e+06
4.472718000000000000e+06
3.285449829101562500e+02
1.809660750000000000e+06
1.812871246337890625e+02
1.807451934814453125e+02
1.726310560000000000e+08
2.291096435546875000e+03
5.820429687500000000e+02
9.159868774414062500e+02
5.961282226562500000e+03
1.428027500000000000e+06
1.927135468750000000e+05
9.939919531250000000e+04
5.675378125000000000e+05
4.432325000000000000e+05
1.250940250000000000e+06
1.088557375000000000e+06
4.337233437500000000e+05
5.676158125000000000e+05
6.427116875000000000e+05
2.298418125000000000e+05
7.750182500000000000e+05
4.263388671875000000e+04
3.991585546875000000e+04
4.837499000000000000e+06
9.739566000000000000e+06
1.214263437500000000e+05
5.240664843750000000e+04
5.797071000000000000e+06
8.072895019531250000e+03
2.962213125000000000e+05
3.825240625000000000e+05
6.428175781250000000e+04
4.184327734375000000e+04
3.973507000000000000e+06
3.007779687500000000e+05
1.535644531250000000e+04
1.627932187500000000e+05
2.247266796875000000e+04
1.432209250000000000e+06
2.053871826171875000e+03
4.958167000000000000e+06
1.012666699218750000e+04
3.536004375000000000e+05
7.892245312500000000e+04
9.536376562500000000e+04
1.671271093750000000e+04
1.061638281250000000e+05
4.804631250000000000e+04
6.444788125000000000e+05
3.921239013671875000e+03
3.665753750000000000e+06
1.359291875000000000e+05
6.107046875000000000e+03
1.522154531250000000e+05
4.099972812500000000e+05
7.589336718750000000e+04
1.361239062500000000e+05
4.354946777343750000e+03
1.661030156250000000e+05
3.682449687500000000e+05
9.969596093750000000e+04
1.247279453125000000e+05
4.582441101074218750e+02
3.030943359375000000e+04
2.192973125000000000e+05
2.371973876953125000e+03
1.153580125000000000e+06
1.194396171875000000e+05
1.244467675781250000e+04
3.346130078125000000e+04
2.071391625000000000e+06
1.851055625000000000e+05
2.739104687500000000e+05
3.479321600000000000e+07
1.420161093750000000e+05
3.897541796875000000e+04
4.805989062500000000e+05
1.075867600000000000e+07
2.194900976562500000e+04
1.029155187500000000e+06
9.895476250000000000e+05
1.784979882812500000e+04
5.680213281250000000e+04
3.793264687500000000e+05
1.153923671875000000e+05
1.776730468750000000e+04
7.315770996093750000e+03
6.355878515625000000e+04
1.426674500000000000e+06
3.092953250000000000e+06
2.607606562500000000e+05
7.527389375000000000e+05
2.226659600000000000e+07
5.690963378906250000e+03
6.984895019531250000e+03
2.192407226562500000e+04
5.166992187500000000e+05
3.780296250000000000e+05
2.194870400000000000e+07
4.748202000000000000e+06
4.534047851562500000e+03
1.484510156250000000e+04
2.213779882812500000e+04
7.184800500000000000e+06
1.230802343750000000e+04
3.485264062500000000e+04
9.653423125000000000e+05
1.196475703125000000e+05
8.581133750000000000e+05
6.287352500000000000e+06
1.693965429687500000e+04
1.950950125000000000e+06
1.185185500000000000e+06
1.139218554687500000e+04
2.925140820312500000e+04
1.358941894531250000e+04
7.949337500000000000e+04
4.625306640625000000e+03
3.972331298828125000e+03
3.684382324218750000e+03
3.529926500000000000e+06
1.979579531250000000e+05
5.407118125000000000e+05
6.470524375000000000e+05
9.519875781250000000e+04
6.977223125000000000e+05
3.427771250000000000e+05
2.282161406250000000e+05
6.877893750000000000e+05
3.443758125000000000e+05
7.033394375000000000e+05
3.540330750000000000e+06
6.860003750000000000e+05
1.485087875000000000e+06
3.896905312500000000e+05
6.860003750000000000e+05
1.306254250000000000e+06
7.457897656250000000e+04
4.085146875000000000e+04
4.804846484375000000e+04
1.020245000000000000e+05
1.940523071289062500e+03
1.024444628906250000e+04
8.357454101562500000e+03
2.678620703125000000e+04
4.336880859375000000e+04
9.012156250000000000e+03
1.116815551757812500e+03
3.045126000000000000e+07
3.608910937500000000e+05
1.311105120000000000e+08
1.704834250000000000e+06
1.781230800000000000e+07
1.582689760000000000e+08
6.403275000000000000e+06
1.154907625000000000e+06
8.069857812500000000e+04
4.564503000000000000e+06
1.375778930664062500e+03
6.323197631835937500e+02
1.196244628906250000e+03
8.569375610351562500e+02
2.435710720000000000e+09
5.048195072000000000e+09
2.561965200000000000e+07
4.873701500000000000e+06
4.266026562500000000e+05
8.352526400000000000e+07
1.513396480000000000e+08
1.928756000000000000e+07
8.122830400000000000e+07
8.949498125000000000e+05
1.091469238281250000e+03
3.246354980468750000e+03
1.449124267578125000e+03
7.926286621093750000e+02
6.448662719726562500e+02
1.211713989257812500e+03
6.763095552000000000e+09
1.886192896000000000e+09
2.717651456000000000e+09
4.866994500000000000e+06
1.495168800000000000e+08
2.272783203125000000e+03
1.173600708007812500e+03
3.371052001953125000e+03
8.007089233398437500e+02
6.197719040000000000e+09
2.411213378906250000e+03
1.247725546875000000e+05
2.464685250000000000e+06
7.130882812500000000e+04
1.134202384948730469e+01
1.890845312500000000e+05
1.781230800000000000e+07
1.352344608306884766e+01
7.003728000000000000e+06
3.749026298522949219e+00
1.211372890625000000e+05
6.933007717132568359e+00
1.333361125000000000e+06
1.872719921875000000e+04
9.906406402587890625e+00
4.702711718750000000e+04
1.012591120000000000e+08
3.717098236083984375e+01
2.464685250000000000e+06
9.714400291442871094e+00
7.130875781250000000e+04
1.134186935424804688e+01
1.096783351898193359e+01
1.781240800000000000e+07
1.352334594726562500e+01
3.749005794525146484e+00
1.663786200000000000e+07
3.586859893798828125e+01
1.333357500000000000e+06
1.006385898590087891e+01
1.872707617187500000e+04
9.906399726867675781e+00
5.666983032226562500e+01
1.012589120000000000e+08
3.717102050781250000e+01
9.714400291442871094e+00
1.096783351898193359e+01
6.359611511230468750e+01
1.663786200000000000e+07
3.586859893798828125e+01
1.006385898590087891e+01
5.666983032226562500e+01
6.359611511230468750e+01
9.977310400000000000e+07
9.961104000000000000e+06
1.455640156250000000e+05
1.844045280000000000e+08
3.257385312500000000e+05
1.971777343750000000e+05
8.215484416000000000e+09
3.205680500000000000e+06
4.712250312500000000e+05
2.284453500000000000e+06
5.016046400000000000e+07
1.962269140625000000e+04
8.201966500000000000e+06
1.452017343750000000e+05
2.581622812500000000e+05
1.281087875000000000e+06
2.588464062500000000e+04
8.090333125000000000e+05
3.753253437500000000e+05
1.647536562500000000e+05
4.623187866210937500e+02
1.124809472656250000e+04
3.199422750000000000e+06
2.280642656250000000e+05
3.989435058593750000e+03
7.394963378906250000e+02
3.954801250000000000e+05
3.781015380859375000e+03
2.163675625000000000e+05
5.399538000000000000e+07
8.435486000000000000e+06
1.972177968750000000e+05
1.117539600000000000e+07
2.908735937500000000e+05
7.500523750000000000e+05
5.675596800000000000e+08
4.891489000000000000e+06
1.425783500000000000e+06
1.850700125000000000e+06
6.817628000000000000e+07
2.410480156250000000e+05
8.185950625000000000e+05
6.370206250000000000e+04
9.888056640625000000e+02
5.450078125000000000e+04
7.545130004882812500e+02
9.988814086914062500e+02
4.908567968750000000e+04
1.256128295898437500e+03
2.455426269531250000e+03
9.439638671875000000e+02
2.671796386718750000e+03
1.729322851562500000e+04
5.590849375000000000e+05
3.450264062500000000e+04
3.368601171875000000e+04
2.387074804687500000e+04
1.965320000000000000e+07
2.686066562500000000e+05
3.625178750000000000e+05
1.911311375000000000e+06
9.387429000000000000e+06
3.006297265625000000e+04
7.850391250000000000e+05
4.355548800000000000e+07
1.613289000000000000e+07
8.560675625000000000e+05
1.171450700000000000e+07
3.525001750000000000e+06
5.727200500000000000e+06
6.133320320000000000e+08
3.136591600000000000e+07
1.534082400000000000e+07
9.731432000000000000e+06
8.211218560000000000e+08
5.647697000000000000e+06
7.003695000000000000e+06
1.582677600000000000e+08
2.496140625000000000e+05
2.009224500000000000e+06
8.693634000000000000e+06
5.647697000000000000e+06
8.075886720000000000e+08
1.582677600000000000e+08
2.009224500000000000e+06
8.075886720000000000e+08
1.911358750000000000e+06
4.263355468750000000e+04
2.705014062500000000e+04
1.797517500000000000e+05
1.884221875000000000e+04
5.925010000000000000e+06
1.108817000000000000e+06
8.312204101562500000e+03
7.570691500000000000e+06
5.089937109375000000e+04
2.230283984375000000e+04
1.520578250000000000e+06
3.478890312500000000e+05
7.397015136718750000e+03
8.194208007812500000e+03
1.224324375000000000e+06
1.489630000000000000e+05
5.963808750000000000e+05
3.171233203125000000e+04
5.925010000000000000e+06
9.236286132812500000e+03
5.695504296875000000e+04
3.018896093750000000e+04
1.297052343750000000e+05
3.367669531250000000e+04
1.520578250000000000e+06
1.121151484375000000e+05
8.019213378906250000e+03
1.224324375000000000e+06
5.963808750000000000e+05
1.244072558593750000e+04
3.526021484375000000e+03
5.695504296875000000e+04
1.297052343750000000e+05
1.121151484375000000e+05
1.244072558593750000e+04
1.743957125000000000e+06
1.880767382812500000e+04
1.374241093750000000e+05
3.082780312500000000e+05
5.879093750000000000e+04
8.580483593750000000e+04
5.313719726562500000e+03
3.596385498046875000e+03
7.897360000000000000e+05
1.178196972656250000e+04
4.358310000000000000e+05
8.690882000000000000e+06
8.295813600000000000e+07
8.435486000000000000e+06
2.892999609375000000e+04
5.190431562500000000e+05
6.747597000000000000e+06
5.210735351562500000e+03
2.226655200000000000e+07
2.028541015625000000e+04
4.222957812500000000e+04
3.316264400000000000e+07
9.259252000000000000e+06
6.154840625000000000e+04
5.469212400000000000e+07
1.998287656250000000e+05
1.467196875000000000e+05
5.076045200000000000e+07
7.871172363281250000e+03
3.539775781250000000e+04
2.331104531250000000e+05
9.228643000000000000e+06
7.330178125000000000e+05
9.610329687500000000e+04
4.607768437500000000e+05
2.818770000000000000e+05
1.437943437500000000e+05
2.053730000000000000e+07
7.418307812500000000e+04
8.906251000000000000e+06
9.747308593750000000e+04
2.282870000000000000e+07
1.938231250000000000e+05
7.096126250000000000e+05
5.845939200000000000e+08
4.992179062500000000e+05
8.439591875000000000e+05
6.278765500000000000e+06
7.058026855468750000e+03
6.757832812500000000e+04
2.680052734375000000e+03
4.164974687500000000e+05
7.247491455078125000e+02
1.242029882812500000e+04
4.542633984375000000e+04
4.529219055175781250e+02
1.241029199218750000e+04
9.074119140625000000e+03
7.124418457031250000e+03
2.511200400000000000e+07
6.934111000000000000e+06
4.058479375000000000e+05
2.511200400000000000e+07
8.235306400000000000e+07
2.261707200000000000e+07
7.260916015625000000e+03
1.148981840000000000e+08
3.042092382812500000e+04
1.498954980468750000e+04
1.364700416000000000e+09
9.923911718750000000e+04
1.615038593750000000e+05
5.983004296875000000e+04
4.065576562500000000e+05
3.576597656250000000e+04
8.502917187500000000e+04
1.193914306640625000e+03
7.961955468750000000e+04
3.324154687500000000e+04
6.333535644531250000e+03
2.798466015625000000e+04
1.107196191406250000e+04
2.545822851562500000e+04
5.928004394531250000e+03
1.115953320312500000e+04
3.320879250000000000e+06
4.567202500000000000e+06
9.739547000000000000e+06
8.278361250000000000e+05
2.545106250000000000e+06
7.118873500000000000e+06
5.008077500000000000e+05
4.808765000000000000e+06
4.055121250000000000e+05
8.693634000000000000e+06
8.121249600000000000e+07
7.043442500000000000e+06
3.320879250000000000e+06
2.160916400000000000e+07
4.567202500000000000e+06
9.739547000000000000e+06
3.978614000000000000e+07
2.545106250000000000e+06
7.118873500000000000e+06
4.808765000000000000e+06
2.197954000000000000e+07
8.121249600000000000e+07
7.043442500000000000e+06
2.160916400000000000e+07
3.978614000000000000e+07
2.197954000000000000e+07
2.691931750000000000e+06
8.295813600000000000e+07
8.435486000000000000e+06
8.175572656250000000e+04
1.285870400000000000e+07
2.979406400000000000e+07
1.402163750000000000e+05
2.226655200000000000e+07
1.214628203125000000e+05
2.348729062500000000e+05
5.357275840000000000e+08
7.900545500000000000e+06
2.402958593750000000e+05
5.469212400000000000e+07
6.579663750000000000e+05
7.019710625000000000e+05
5.962317200000000000e+07
2.704599375000000000e+05
9.194526875000000000e+05
9.390906875000000000e+05
7.372895000000000000e+06
3.298217500000000000e+06
6.908916875000000000e+05
1.215824500000000000e+06
1.745013500000000000e+06
5.307396250000000000e+05
1.341924750000000000e+06
7.472999375000000000e+05
4.837495000000000000e+06
1.922684625000000000e+06
1.264383300000000000e+07
1.255029600000000000e+07
8.618932031250000000e+04
6.827213500000000000e+06
2.349181718750000000e+05
1.431578250000000000e+06
1.544911600000000000e+07
2.213393250000000000e+06
8.545637500000000000e+04
5.004578800000000000e+07
3.537550000000000000e+06
1.430043125000000000e+06
1.169630000000000000e+05
6.976295200000000000e+07
2.530048437500000000e+05
3.678599375000000000e+05
1.294332600000000000e+07
5.715463125000000000e+05
9.212671875000000000e+04
5.878956400000000000e+07
6.630851875000000000e+05
6.566687500000000000e+05
7.504244000000000000e+06
2.940226250000000000e+05
3.206180625000000000e+05
4.963233500000000000e+06
3.325099600000000000e+07
2.525476000000000000e+06
1.470852031250000000e+05
8.824393000000000000e+06
1.098464500000000000e+06
7.935061000000000000e+06
2.454100000000000000e+07
6.296869375000000000e+05
2.995556250000000000e+05
9.953964000000000000e+06
6.939330500000000000e+06
4.950977812500000000e+05
9.164920800000000000e+07
5.197169921875000000e+04
9.861500000000000000e+06
1.725186875000000000e+05
7.353935625000000000e+05
4.683980288000000000e+09
3.839399000000000000e+06
2.041020625000000000e+05
6.927354400000000000e+07
4.287731640625000000e+04
9.055434400000000000e+07
4.072919921875000000e+04
6.605455468750000000e+04
1.105723000000000000e+06
4.284883500000000000e+06
3.811394800000000000e+07
2.261707200000000000e+07
3.438271093750000000e+04
1.254575750000000000e+06
3.638448000000000000e+06
1.082595312500000000e+04
5.824045200000000000e+07
2.347885546875000000e+04
1.996330078125000000e+04
1.494408320000000000e+09
1.490703840000000000e+08
9.438289843750000000e+04
8.961316480000000000e+08
2.871310625000000000e+05
5.175514062500000000e+05
1.602739360000000000e+08
6.470824218750000000e+03
1.051616953125000000e+05
2.079205156250000000e+05
7.200489472000000000e+10
4.122796250000000000e+05
5.029213125000000000e+05
1.439704125000000000e+06
2.394380312500000000e+05
6.542446000000000000e+06
1.534209120000000000e+08
9.417372500000000000e+05
1.444104375000000000e+06
1.808204500000000000e+06
7.240793000000000000e+06
2.200696679687500000e+04
8.449048800000000000e+07
1.373366240000000000e+08
8.489576875000000000e+05
1.962130500000000000e+06
7.802818400000000000e+07
1.417412890625000000e+04
2.437569750000000000e+06
1.476617343750000000e+05
9.760878906250000000e+03
1.981430625000000000e+05
4.854087890625000000e+03
2.134513671875000000e+04
7.117281250000000000e+04
1.330201250000000000e+06
2.350634570312500000e+04
5.602098046875000000e+04
2.422694531250000000e+05
1.758590625000000000e+04
1.764560000000000000e+05
1.334976074218750000e+04
4.082740966796875000e+03
4.020644500000000000e+06
3.181472812500000000e+05
6.461718000000000000e+06
3.690944250000000000e+06
6.364014500000000000e+06
4.604341735839843750e+02
1.351040405273437500e+03
6.360216250000000000e+05
6.158944375000000000e+05
6.479001562500000000e+04
6.977256250000000000e+05
3.576597656250000000e+04
4.263994140625000000e+04
5.237950000000000000e+05
2.174285156250000000e+04
3.565692187500000000e+05
1.437112426757812500e+03
1.312076406250000000e+05
4.982949218750000000e+04
1.902231093750000000e+05
1.697210937500000000e+04
1.608904687500000000e+05
4.333076171875000000e+03
5.030364375000000000e+05
7.120920312500000000e+04
2.712196655273437500e+02
8.990825000000000000e+04
1.411400292968750000e+04
1.279776562500000000e+05
1.676315917968750000e+03
3.788759687500000000e+05
3.839618750000000000e+04
8.418311523437500000e+03
3.216649414062500000e+04
4.257174804687500000e+03
1.904625156250000000e+05
2.192985625000000000e+05
2.978677490234375000e+03
7.660379791259765625e+01
1.111345977783203125e+02
5.907753906250000000e+02
1.120392656250000000e+05
1.082107500000000000e+07
1.823764062500000000e+05
5.403867721557617188e+01
3.254281921386718750e+02
2.602999572753906250e+02
3.045734375000000000e+05
1.309196624755859375e+02
4.237980500000000000e+06
2.461490750000000000e+06
4.411610937500000000e+04
1.161098625000000000e+06
5.527188750000000000e+05
3.105688281250000000e+04
7.596359375000000000e+05
2.241860937500000000e+05
2.532344062500000000e+05
7.899755625000000000e+05
1.640104800000000000e+07
1.665530312500000000e+05
2.865859765625000000e+04
1.989304000000000000e+06
4.313119000000000000e+06
1.552013000000000000e+06
1.226899169921875000e+03
1.802574500000000000e+06
3.151677490234375000e+03
8.548516845703125000e+02
4.484866000000000000e+06
1.036251855468750000e+04
1.214016357421875000e+03
2.942431640625000000e+03
9.831673828125000000e+03
2.054112695312500000e+04
1.695146720000000000e+08
1.638225800000000000e+07
3.506436250000000000e+05
1.582677600000000000e+08
1.013157937500000000e+06
7.095200000000000000e+05
7.316137472000000000e+09
9.396690000000000000e+06
2.708076500000000000e+06
9.276610000000000000e+06
2.136944000000000000e+08
2.887024687500000000e+05
4.816358437500000000e+05
6.827213500000000000e+06
1.860273375000000000e+06
9.290587500000000000e+04
2.354177500000000000e+06
2.949122812500000000e+05
3.383090625000000000e+05
1.099839875000000000e+06
6.386583125000000000e+05
1.577327700000000000e+07
2.962981875000000000e+05
8.665962000000000000e+06
1.789154000000000000e+07
1.964202500000000000e+05
1.577327700000000000e+07
1.789154000000000000e+07
2.696775000000000000e+05
1.758951367187500000e+04
4.798692187500000000e+04
2.034502734375000000e+04
3.727137500000000000e+04
2.263986328125000000e+04
2.547452343750000000e+04
1.280784863281250000e+04
4.501674804687500000e+03
2.999987548828125000e+03
3.065388671875000000e+04
2.946456445312500000e+04
6.118486816406250000e+03
5.032017578125000000e+03
5.167934082031250000e+03
7.878277343750000000e+03
1.419907812500000000e+04
7.554809570312500000e+02
3.315031127929687500e+02
2.317917968750000000e+03
2.011980712890625000e+03
3.593305664062500000e+03
2.664554443359375000e+03
6.766145507812500000e+03
6.870042114257812500e+02
1.585452270507812500e+03
2.540305273437500000e+04
1.646756250000000000e+04
1.987548950195312500e+03
7.033703125000000000e+04
4.889966562500000000e+05
1.902526875000000000e+05
8.621278125000000000e+05
1.223788757324218750e+02
2.846894531250000000e+03
4.831392187500000000e+04
7.309856445312500000e+03
4.581610839843750000e+03
2.037436645507812500e+03
5.824603125000000000e+04
1.203978393554687500e+03
2.164788125000000000e+05
4.124040039062500000e+03
4.140617187500000000e+04
6.070910156250000000e+03
3.346139843750000000e+04
4.837495000000000000e+06
3.308187255859375000e+02
8.012432128906250000e+03
8.816596875000000000e+04
9.976842773437500000e+03
6.272966250000000000e+05
8.693634000000000000e+06
7.232832641601562500e+02
4.607676171875000000e+04
1.244305468750000000e+05
6.927607031250000000e+04
2.058847812500000000e+05
2.981408203125000000e+03
4.905596679687500000e+03
9.801943359375000000e+02
2.242241562500000000e+05
1.454286718750000000e+04
8.816596875000000000e+04
3.209887695312500000e+03
1.986595336914062500e+03
1.959908935546875000e+03
2.944643125000000000e+05
8.088403125000000000e+04
1.244305468750000000e+05
1.695003125000000000e+04
2.959487304687500000e+03
4.905596679687500000e+03
2.242241562500000000e+05
5.797246582031250000e+03
2.437744628906250000e+03
1.986595336914062500e+03
2.944643125000000000e+05
1.695003125000000000e+04
5.797246582031250000e+03
1.066720859375000000e+05
6.550594531250000000e+04
2.533854296875000000e+04
1.066720859375000000e+05
1.318038593750000000e+05
1.494942700000000000e+07
5.655053125000000000e+05
1.729402187500000000e+05
1.161242625000000000e+06
1.761034375000000000e+06
5.055530468750000000e+04
1.582677600000000000e+08
7.003695000000000000e+06
8.693634000000000000e+06
8.473079200000000000e+07
1.953179531250000000e+05
1.318038593750000000e+05
1.137701632000000000e+09
1.494942700000000000e+07
5.655053125000000000e+05
4.412712960000000000e+08
1.161242625000000000e+06
1.761034375000000000e+06
1.582677600000000000e+08
2.682775756800000000e+10
8.473079200000000000e+07
1.953179531250000000e+05
1.137701632000000000e+09
4.412712960000000000e+08
2.682775756800000000e+10
1.225047700000000000e+07
2.008449023437500000e+04
4.079217578125000000e+04
1.331068437500000000e+05
1.994626406250000000e+05
5.540882031250000000e+04
5.301003125000000000e+05
9.779014375000000000e+05
2.103114531250000000e+05
3.421337109375000000e+04
4.774169921875000000e+04
2.087759570312500000e+04
3.459307812500000000e+05
4.323373046875000000e+04
3.503092578125000000e+04
7.234060156250000000e+04
8.008733886718750000e+03
8.694729000000000000e+06
1.868566601562500000e+04
1.145534375000000000e+06
3.204383437500000000e+05
7.399259375000000000e+04
8.232821289062500000e+03
3.115635546875000000e+04
5.196979687500000000e+05
5.608262207031250000e+03
5.853978515625000000e+04
6.354902832031250000e+03
4.618503125000000000e+05
2.695368000000000000e+07
2.774113437500000000e+05
3.211535937500000000e+05
1.030663300000000000e+07
3.794261718750000000e+04
1.174214648437500000e+04
8.547571563720703125e+01
1.181727375000000000e+06
5.395404296875000000e+04
1.958135875000000000e+06
6.732372656250000000e+04
1.174214648437500000e+04
8.547571563720703125e+01
5.517284765625000000e+04
1.753325653076171875e+02
6.732372656250000000e+04
1.525473125000000000e+06
2.998794726562500000e+04
1.753325653076171875e+02
3.275140625000000000e+03
3.828377532958984375e+01
8.113489062500000000e+04
6.288569259643554688e+01
