movie_companies,movie_keyword,cast_info,movie_info_idx,title#title.id=movie_companies.movie_id,title.id=movie_keyword.movie_id,title.id=cast_info.movie_id,title.id=movie_info_idx.movie_id#movie_companies.company_type_id,>,1,cast_info.nr_order,<,25,movie_info_idx.info_type_id,>,99,title.episode_nr,>,0#19748656
movie_info,movie_companies,movie_info_idx,cast_info,title#title.id=movie_info.movie_id,title.id=movie_companies.movie_id,title.id=movie_info_idx.movie_id,title.id=cast_info.movie_id#movie_info_idx.info_type_id,>,99,cast_info.nr_order,>,1,title.phonetic_code,>,908,title.episode_nr,>,12#40128360
movie_companies,movie_info_idx,cast_info,movie_keyword,title#title.id=movie_companies.movie_id,title.id=movie_info_idx.movie_id,title.id=cast_info.movie_id,title.id=movie_keyword.movie_id#movie_info_idx.info_type_id,=,99,title.production_year,>,113#2005607834
cast_info,movie_info_idx,movie_keyword,movie_info,title#title.id=cast_info.movie_id,title.id=movie_info_idx.movie_id,title.id=movie_keyword.movie_id,title.id=movie_info.movie_id#cast_info.role_id,=,3,title.production_year,<,125,title.season_nr,<,9,title.phonetic_code,<,18278#3342106950
cast_info,movie_keyword,movie_companies,movie_info,title#title.id=cast_info.movie_id,title.id=movie_keyword.movie_id,title.id=movie_companies.movie_id,title.id=movie_info.movie_id#cast_info.nr_order,>,0,movie_companies.company_type_id,=,1,movie_info.info_type_id,<,8,title.season_nr,>,0#106255785
cast_info,movie_companies,movie_info_idx,movie_keyword,title#title.id=cast_info.movie_id,title.id=movie_companies.movie_id,title.id=movie_info_idx.movie_id,title.id=movie_keyword.movie_id#title.season_nr,<,3#9343831024
movie_keyword,movie_companies,movie_info,movie_info_idx,title#title.id=movie_keyword.movie_id,title.id=movie_companies.movie_id,title.id=movie_info.movie_id,title.id=movie_info_idx.movie_id#movie_keyword.keyword_id,>,229,movie_info.info_type_id,<,18,movie_info_idx.info_type_id,<,101,title.kind_id,=,1#5986286802
movie_keyword,movie_info,movie_companies,cast_info,title#title.id=movie_keyword.movie_id,title.id=movie_info.movie_id,title.id=movie_companies.movie_id,title.id=cast_info.movie_id#movie_keyword.keyword_id,>,137,cast_info.role_id,=,6,title.episode_nr,>,0,title.season_nr,>,0#28963295
movie_companies,movie_info,movie_info_idx,cast_info,title#title.id=movie_companies.movie_id,title.id=movie_info.movie_id,title.id=movie_info_idx.movie_id,title.id=cast_info.movie_id#movie_companies.company_type_id,<,2,movie_info.info_type_id,<,18,movie_info_idx.info_type_id,=,101,title.production_year,<,82,title.season_nr,=,0#238578675
movie_companies,cast_info,movie_info_idx,movie_info,title#title.id=movie_companies.movie_id,title.id=cast_info.movie_id,title.id=movie_info_idx.movie_id,title.id=movie_info.movie_id#movie_companies.company_type_id,=,1,movie_info.info_type_id,<,16,title.season_nr,=,0,title.phonetic_code,<,248#142048387
movie_companies,movie_keyword,movie_info_idx,cast_info,title#title.id=movie_companies.movie_id,title.id=movie_keyword.movie_id,title.id=movie_info_idx.movie_id,title.id=cast_info.movie_id#title.kind_id,=,3,title.season_nr,<,18,title.phonetic_code,<,20529#153566262
movie_info,movie_companies,movie_info_idx,cast_info,title#title.id=movie_info.movie_id,title.id=movie_companies.movie_id,title.id=movie_info_idx.movie_id,title.id=cast_info.movie_id#movie_info.info_type_id,>,2,movie_companies.company_type_id,<,2,title.phonetic_code,<,21052,title.kind_id,=,7,title.production_year,<,125#275634627
movie_info_idx,cast_info,movie_companies,movie_info,title#title.id=movie_info_idx.movie_id,title.id=cast_info.movie_id,title.id=movie_companies.movie_id,title.id=movie_info.movie_id#movie_info_idx.info_type_id,<,101,title.series_years,<,1400,title.production_year,<,126#10818019068
movie_companies,movie_info_idx,movie_info,cast_info,title#title.id=movie_companies.movie_id,title.id=movie_info_idx.movie_id,title.id=movie_info.movie_id,title.id=cast_info.movie_id#movie_companies.company_type_id,=,2,movie_info.info_type_id,<,16,title.phonetic_code,>,3050#1169292053
movie_companies,cast_info,movie_info_idx,movie_keyword,title#title.id=movie_companies.movie_id,title.id=cast_info.movie_id,title.id=movie_info_idx.movie_id,title.id=movie_keyword.movie_id#movie_companies.company_type_id,>,1,cast_info.nr_order,>,1,movie_info_idx.info_type_id,<,101,title.episode_nr,>,0#19335962
movie_info,movie_info_idx,movie_keyword,movie_companies,title#title.id=movie_info.movie_id,title.id=movie_info_idx.movie_id,title.id=movie_keyword.movie_id,title.id=movie_companies.movie_id#movie_info.info_type_id,>,1,title.series_years,>,0#234633813
movie_keyword,movie_companies,movie_info_idx,movie_info,title#title.id=movie_keyword.movie_id,title.id=movie_companies.movie_id,title.id=movie_info_idx.movie_id,title.id=movie_info.movie_id#title.production_year,<,121,title.season_nr,<,4#11165427371
movie_info_idx,movie_keyword,movie_companies,cast_info,title#title.id=movie_info_idx.movie_id,title.id=movie_keyword.movie_id,title.id=movie_companies.movie_id,title.id=cast_info.movie_id#movie_info_idx.info_type_id,<,101,title.production_year,<,124,title.episode_nr,<,1895#5234307398
cast_info,movie_companies,movie_keyword,movie_info_idx,title#title.id=cast_info.movie_id,title.id=movie_companies.movie_id,title.id=movie_keyword.movie_id,title.id=movie_info_idx.movie_id#cast_info.nr_order,<,200,movie_info_idx.info_type_id,=,100,title.phonetic_code,<,1610,title.series_years,>,0#374610
cast_info,movie_info,movie_info_idx,movie_keyword,title#title.id=cast_info.movie_id,title.id=movie_info.movie_id,title.id=movie_info_idx.movie_id,title.id=movie_keyword.movie_id#cast_info.role_id,=,3,movie_info_idx.info_type_id,>,99,title.kind_id,<,4,title.season_nr,=,0#2577681818
cast_info,movie_info,movie_companies,movie_info_idx,title#title.id=cast_info.movie_id,title.id=movie_info.movie_id,title.id=movie_companies.movie_id,title.id=movie_info_idx.movie_id#cast_info.role_id,=,1,title.phonetic_code,>,0,title.episode_nr,<,22,title.production_year,>,64#5306657286
cast_info,movie_info,movie_info_idx,movie_companies,title#title.id=cast_info.movie_id,title.id=movie_info.movie_id,title.id=movie_info_idx.movie_id,title.id=movie_companies.movie_id#cast_info.role_id,>,1,movie_info.info_type_id,<,16,title.kind_id,>,1#549625350
cast_info,movie_info,movie_keyword,movie_companies,title#title.id=cast_info.movie_id,title.id=movie_info.movie_id,title.id=movie_keyword.movie_id,title.id=movie_companies.movie_id#cast_info.role_id,<,6,movie_info.info_type_id,<,16,movie_keyword.keyword_id,<,117,title.production_year,<,29,title.season_nr,=,0,title.phonetic_code,<,11376,title.imdb_index,=,0#75072
cast_info,movie_companies,movie_info_idx,movie_keyword,title#title.id=cast_info.movie_id,title.id=movie_companies.movie_id,title.id=movie_info_idx.movie_id,title.id=movie_keyword.movie_id#cast_info.nr_order,<,11,movie_info_idx.info_type_id,<,101,movie_keyword.keyword_id,<,117,title.imdb_index,>,0#282262
movie_info_idx,movie_companies,cast_info,movie_keyword,title#title.id=movie_info_idx.movie_id,title.id=movie_companies.movie_id,title.id=cast_info.movie_id,title.id=movie_keyword.movie_id#cast_info.nr_order,>,1,title.phonetic_code,>,0,title.imdb_index,=,0,title.series_years,>,0#7041537
movie_companies,cast_info,movie_keyword,movie_info,title#title.id=movie_companies.movie_id,title.id=cast_info.movie_id,title.id=movie_keyword.movie_id,title.id=movie_info.movie_id#movie_companies.company_type_id,>,1,cast_info.role_id,=,3,title.episode_nr,<,33,title.series_years,>,0,title.kind_id,<,7,title.phonetic_code,>,20654#1434539
movie_info_idx,movie_info,cast_info,movie_companies,title#title.id=movie_info_idx.movie_id,title.id=movie_info.movie_id,title.id=cast_info.movie_id,title.id=movie_companies.movie_id#movie_info.info_type_id,<,104,title.phonetic_code,<,17131,title.kind_id,=,7,title.episode_nr,<,307#531717849
cast_info,movie_info,movie_info_idx,movie_companies,title#title.id=cast_info.movie_id,title.id=movie_info.movie_id,title.id=movie_info_idx.movie_id,title.id=movie_companies.movie_id#cast_info.nr_order,<,23,movie_info.info_type_id,<,102,movie_info_idx.info_type_id,<,101,title.imdb_index,=,0#1831013412
movie_info_idx,cast_info,movie_info,movie_keyword,title#title.id=movie_info_idx.movie_id,title.id=cast_info.movie_id,title.id=movie_info.movie_id,title.id=movie_keyword.movie_id#movie_info_idx.info_type_id,<,101,cast_info.role_id,=,3,title.phonetic_code,<,20612,title.kind_id,<,7,title.episode_nr,<,13346,title.series_years,>,0#15613730
movie_keyword,cast_info,movie_info,movie_companies,title#title.id=movie_keyword.movie_id,title.id=cast_info.movie_id,title.id=movie_info.movie_id,title.id=movie_companies.movie_id#cast_info.nr_order,<,46,title.production_year,>,82,title.episode_nr,>,0,title.phonetic_code,<,19785#544861876
movie_info_idx,cast_info,movie_companies,movie_info,title#title.id=movie_info_idx.movie_id,title.id=cast_info.movie_id,title.id=movie_companies.movie_id,title.id=movie_info.movie_id#movie_info_idx.info_type_id,>,99,cast_info.role_id,>,1,movie_companies.company_type_id,>,1,movie_info.info_type_id,>,2,title.production_year,>,120#485074414
movie_companies,movie_keyword,cast_info,movie_info_idx,title#title.id=movie_companies.movie_id,title.id=movie_keyword.movie_id,title.id=cast_info.movie_id,title.id=movie_info_idx.movie_id#movie_companies.company_type_id,<,2,cast_info.role_id,>,1,movie_info_idx.info_type_id,=,99,title.kind_id,<,7,title.phonetic_code,<,19334#1517477232
movie_info_idx,movie_info,cast_info,movie_keyword,title#title.id=movie_info_idx.movie_id,title.id=movie_info.movie_id,title.id=cast_info.movie_id,title.id=movie_keyword.movie_id#movie_info_idx.info_type_id,<,101,title.kind_id,=,7#554659868
movie_info_idx,cast_info,movie_info,movie_companies,title#title.id=movie_info_idx.movie_id,title.id=cast_info.movie_id,title.id=movie_info.movie_id,title.id=movie_companies.movie_id#movie_companies.company_type_id,>,1,title.production_year,>,121,title.season_nr,>,0#100798059
movie_info,movie_keyword,movie_companies,movie_info_idx,title#title.id=movie_info.movie_id,title.id=movie_keyword.movie_id,title.id=movie_companies.movie_id,title.id=movie_info_idx.movie_id#movie_info.info_type_id,<,72,movie_info_idx.info_type_id,>,99,title.kind_id,=,3#52438480
movie_companies,movie_keyword,cast_info,movie_info,title#title.id=movie_companies.movie_id,title.id=movie_keyword.movie_id,title.id=cast_info.movie_id,title.id=movie_info.movie_id#movie_companies.company_type_id,<,2,title.kind_id,>,1#5645351389
movie_info,movie_companies,movie_keyword,movie_info_idx,title#title.id=movie_info.movie_id,title.id=movie_companies.movie_id,title.id=movie_keyword.movie_id,title.id=movie_info_idx.movie_id#movie_companies.company_type_id,<,2,movie_info_idx.info_type_id,>,99,title.imdb_index,>,0,title.phonetic_code,<,4247#66957540
movie_info,movie_companies,movie_info_idx,movie_keyword,title#title.id=movie_info.movie_id,title.id=movie_companies.movie_id,title.id=movie_info_idx.movie_id,title.id=movie_keyword.movie_id#movie_info.info_type_id,<,18,movie_companies.company_type_id,<,2,movie_keyword.keyword_id,<,14328,title.phonetic_code,>,16954#1138034504
movie_companies,movie_info_idx,cast_info,movie_keyword,title#title.id=movie_companies.movie_id,title.id=movie_info_idx.movie_id,title.id=cast_info.movie_id,title.id=movie_keyword.movie_id#movie_companies.company_type_id,<,2,title.series_years,>,0,title.episode_nr,<,90,title.imdb_index,=,0#37058937
movie_companies,movie_keyword,movie_info_idx,cast_info,title#title.id=movie_companies.movie_id,title.id=movie_keyword.movie_id,title.id=movie_info_idx.movie_id,title.id=cast_info.movie_id#movie_companies.company_type_id,>,1,movie_info_idx.info_type_id,>,99,cast_info.role_id,=,10,title.phonetic_code,<,7708#179763386
movie_keyword,movie_companies,movie_info,cast_info,title#title.id=movie_keyword.movie_id,title.id=movie_companies.movie_id,title.id=movie_info.movie_id,title.id=cast_info.movie_id#movie_keyword.keyword_id,<,67699,movie_info.info_type_id,<,16,title.kind_id,=,7,title.season_nr,>,0,title.phonetic_code,<,18263,title.imdb_index,=,0#897281530
movie_info_idx,movie_info,cast_info,movie_keyword,title#title.id=movie_info_idx.movie_id,title.id=movie_info.movie_id,title.id=cast_info.movie_id,title.id=movie_keyword.movie_id#movie_keyword.keyword_id,>,1382,title.production_year,<,110,title.kind_id,=,7#136954125
movie_keyword,movie_info,movie_info_idx,cast_info,title#title.id=movie_keyword.movie_id,title.id=movie_info.movie_id,title.id=movie_info_idx.movie_id,title.id=cast_info.movie_id#movie_keyword.keyword_id,<,80551,title.imdb_index,=,0,title.season_nr,>,0,title.phonetic_code,<,15795#614793024
movie_info,movie_companies,movie_keyword,cast_info,title#title.id=movie_info.movie_id,title.id=movie_companies.movie_id,title.id=movie_keyword.movie_id,title.id=cast_info.movie_id#movie_keyword.keyword_id,<,20339,cast_info.nr_order,>,2,title.production_year,>,125,title.episode_nr,<,3#4709835648
movie_keyword,movie_info,cast_info,movie_companies,title#title.id=movie_keyword.movie_id,title.id=movie_info.movie_id,title.id=cast_info.movie_id,title.id=movie_companies.movie_id#movie_keyword.keyword_id,>,347,movie_info.info_type_id,<,105,cast_info.nr_order,<,9,movie_companies.company_type_id,<,2,title.episode_nr,>,0,title.production_year,>,124,title.phonetic_code,>,3201#22875385
movie_info,movie_keyword,cast_info,movie_companies,title#title.id=movie_info.movie_id,title.id=movie_keyword.movie_id,title.id=cast_info.movie_id,title.id=movie_companies.movie_id#cast_info.role_id,>,1,title.episode_nr,>,0,title.season_nr,>,0#1306925386
cast_info,movie_companies,movie_keyword,movie_info_idx,title#title.id=cast_info.movie_id,title.id=movie_companies.movie_id,title.id=movie_keyword.movie_id,title.id=movie_info_idx.movie_id#movie_keyword.keyword_id,<,83238,title.phonetic_code,<,19#57383597
cast_info,movie_info,movie_keyword,movie_companies,title#title.id=cast_info.movie_id,title.id=movie_info.movie_id,title.id=movie_keyword.movie_id,title.id=movie_companies.movie_id#movie_keyword.keyword_id,>,115,title.phonetic_code,<,3099,title.series_years,>,0#551582501
movie_keyword,movie_info_idx,cast_info,movie_companies,title#title.id=movie_keyword.movie_id,title.id=movie_info_idx.movie_id,title.id=cast_info.movie_id,title.id=movie_companies.movie_id#movie_keyword.keyword_id,>,71,movie_info_idx.info_type_id,>,99,cast_info.nr_order,>,1,movie_companies.company_type_id,<,2,title.season_nr,=,0#1711990253
movie_info_idx,movie_companies,movie_keyword,movie_info,title#title.id=movie_info_idx.movie_id,title.id=movie_companies.movie_id,title.id=movie_keyword.movie_id,title.id=movie_info.movie_id#title.kind_id,>,1#489546699
movie_info_idx,cast_info,movie_keyword,movie_companies,title#title.id=movie_info_idx.movie_id,title.id=cast_info.movie_id,title.id=movie_keyword.movie_id,title.id=movie_companies.movie_id#movie_info_idx.info_type_id,=,101,movie_companies.company_type_id,=,1,title.phonetic_code,>,16853,title.kind_id,>,2,title.series_years,<,1106#19261980
cast_info,movie_info_idx,movie_info,movie_companies,title#title.id=cast_info.movie_id,title.id=movie_info_idx.movie_id,title.id=movie_info.movie_id,title.id=movie_companies.movie_id#cast_info.role_id,<,9,movie_info.info_type_id,<,16,movie_companies.company_type_id,<,2,title.season_nr,>,1,title.episode_nr,>,15#24098148
movie_info_idx,movie_keyword,movie_info,cast_info,title#title.id=movie_info_idx.movie_id,title.id=movie_keyword.movie_id,title.id=movie_info.movie_id,title.id=cast_info.movie_id#movie_info_idx.info_type_id,<,101,movie_info.info_type_id,<,98,title.episode_nr,>,0#506674016
movie_companies,movie_info_idx,movie_keyword,cast_info,title#title.id=movie_companies.movie_id,title.id=movie_info_idx.movie_id,title.id=movie_keyword.movie_id,title.id=cast_info.movie_id#movie_companies.company_type_id,<,2,movie_keyword.keyword_id,>,137,cast_info.role_id,=,2,title.production_year,>,114,title.imdb_index,=,1#24800520
movie_info,cast_info,movie_keyword,movie_info_idx,title#title.id=movie_info.movie_id,title.id=cast_info.movie_id,title.id=movie_keyword.movie_id,title.id=movie_info_idx.movie_id#movie_info.info_type_id,<,98,cast_info.role_id,=,6,movie_keyword.keyword_id,>,348,movie_info_idx.info_type_id,>,99,title.season_nr,>,0#8578356
movie_companies,movie_keyword,cast_info,movie_info,title#title.id=movie_companies.movie_id,title.id=movie_keyword.movie_id,title.id=cast_info.movie_id,title.id=movie_info.movie_id#title.production_year,<,126,title.kind_id,<,7,title.series_years,>,0#1875009890
movie_info,movie_info_idx,cast_info,movie_keyword,title#title.id=movie_info.movie_id,title.id=movie_info_idx.movie_id,title.id=cast_info.movie_id,title.id=movie_keyword.movie_id#movie_info_idx.info_type_id,<,101,cast_info.nr_order,>,2,title.production_year,>,28,title.episode_nr,>,0,title.season_nr,<,4#116849106
cast_info,movie_info,movie_companies,movie_info_idx,title#title.id=cast_info.movie_id,title.id=movie_info.movie_id,title.id=movie_companies.movie_id,title.id=movie_info_idx.movie_id#movie_info.info_type_id,<,18,title.series_years,>,0#158874867
movie_keyword,cast_info,movie_info_idx,movie_companies,title#title.id=movie_keyword.movie_id,title.id=cast_info.movie_id,title.id=movie_info_idx.movie_id,title.id=movie_companies.movie_id#movie_keyword.keyword_id,>,355,cast_info.role_id,=,1,movie_info_idx.info_type_id,=,101,movie_companies.company_type_id,=,1,title.series_years,>,0,title.imdb_index,=,0,title.production_year,>,119#291424
movie_keyword,movie_info_idx,cast_info,movie_companies,title#title.id=movie_keyword.movie_id,title.id=movie_info_idx.movie_id,title.id=cast_info.movie_id,title.id=movie_companies.movie_id#movie_keyword.keyword_id,>,622,cast_info.nr_order,>,4,title.phonetic_code,<,5379,title.imdb_index,>,0#26817558
movie_companies,movie_info,movie_info_idx,cast_info,title#title.id=movie_companies.movie_id,title.id=movie_info.movie_id,title.id=movie_info_idx.movie_id,title.id=cast_info.movie_id#movie_companies.company_type_id,=,1,title.episode_nr,>,0,title.production_year,>,112#294873891
movie_info_idx,cast_info,movie_keyword,movie_info,title#title.id=movie_info_idx.movie_id,title.id=cast_info.movie_id,title.id=movie_keyword.movie_id,title.id=movie_info.movie_id#movie_info_idx.info_type_id,>,99,movie_info.info_type_id,<,16,title.production_year,<,114,title.imdb_index,=,0,title.episode_nr,>,8#46268946
movie_keyword,movie_companies,movie_info_idx,cast_info,title#title.id=movie_keyword.movie_id,title.id=movie_companies.movie_id,title.id=movie_info_idx.movie_id,title.id=cast_info.movie_id#movie_keyword.keyword_id,<,17481,title.episode_nr,>,0#173405832
movie_info_idx,movie_keyword,movie_companies,cast_info,title#title.id=movie_info_idx.movie_id,title.id=movie_keyword.movie_id,title.id=movie_companies.movie_id,title.id=cast_info.movie_id#movie_info_idx.info_type_id,<,101,movie_companies.company_type_id,=,1,title.episode_nr,>,0,title.season_nr,>,0#90820554
movie_info,movie_keyword,cast_info,movie_info_idx,title#title.id=movie_info.movie_id,title.id=movie_keyword.movie_id,title.id=cast_info.movie_id,title.id=movie_info_idx.movie_id#movie_info.info_type_id,<,98,title.kind_id,<,7,title.episode_nr,<,1092,title.series_years,>,0,title.production_year,>,77#345217368
movie_companies,movie_info_idx,cast_info,movie_keyword,title#title.id=movie_companies.movie_id,title.id=movie_info_idx.movie_id,title.id=cast_info.movie_id,title.id=movie_keyword.movie_id#movie_companies.company_type_id,=,1,cast_info.role_id,<,10,movie_keyword.keyword_id,>,4032,title.production_year,<,104#762968437
movie_keyword,movie_info,cast_info,movie_companies,title#title.id=movie_keyword.movie_id,title.id=movie_info.movie_id,title.id=cast_info.movie_id,title.id=movie_companies.movie_id#movie_info.info_type_id,<,106,cast_info.nr_order,<,1,movie_companies.company_type_id,=,1,title.phonetic_code,<,5563,title.production_year,>,102,title.kind_id,<,3#713050785
movie_info,cast_info,movie_info_idx,movie_keyword,title#title.id=movie_info.movie_id,title.id=cast_info.movie_id,title.id=movie_info_idx.movie_id,title.id=movie_keyword.movie_id#cast_info.role_id,>,1,title.series_years,>,0#294321576
movie_info,movie_companies,cast_info,movie_keyword,title#title.id=movie_info.movie_id,title.id=movie_companies.movie_id,title.id=cast_info.movie_id,title.id=movie_keyword.movie_id#movie_companies.company_type_id,=,2,title.kind_id,<,7,title.production_year,>,117,title.phonetic_code,<,1915#8740798912
movie_info_idx,cast_info,movie_companies,movie_info,title#title.id=movie_info_idx.movie_id,title.id=cast_info.movie_id,title.id=movie_companies.movie_id,title.id=movie_info.movie_id#title.phonetic_code,<,19414,title.imdb_index,>,0,title.production_year,>,43#379832150
movie_info,movie_keyword,movie_companies,cast_info,title#title.id=movie_info.movie_id,title.id=movie_keyword.movie_id,title.id=movie_companies.movie_id,title.id=cast_info.movie_id#title.phonetic_code,<,18099,title.kind_id,=,7#1555236564
movie_companies,movie_info_idx,movie_info,movie_keyword,title#title.id=movie_companies.movie_id,title.id=movie_info_idx.movie_id,title.id=movie_info.movie_id,title.id=movie_keyword.movie_id#movie_info_idx.info_type_id,<,101,movie_info.info_type_id,>,2,title.imdb_index,>,0,title.production_year,<,126#207894694
movie_companies,movie_info_idx,movie_info,cast_info,title#title.id=movie_companies.movie_id,title.id=movie_info_idx.movie_id,title.id=movie_info.movie_id,title.id=cast_info.movie_id#movie_companies.company_type_id,<,2,movie_info_idx.info_type_id,>,99,movie_info.info_type_id,<,18,title.phonetic_code,<,7062,title.imdb_index,=,0#2560303899
movie_info_idx,movie_info,movie_companies,movie_keyword,title#title.id=movie_info_idx.movie_id,title.id=movie_info.movie_id,title.id=movie_companies.movie_id,title.id=movie_keyword.movie_id#movie_info.info_type_id,>,1,movie_companies.company_type_id,=,2,movie_keyword.keyword_id,>,449,title.series_years,<,1352,title.production_year,<,119#1174558653
cast_info,movie_companies,movie_info,movie_info_idx,title#title.id=cast_info.movie_id,title.id=movie_companies.movie_id,title.id=movie_info.movie_id,title.id=movie_info_idx.movie_id#movie_info.info_type_id,>,1,title.episode_nr,<,127,title.imdb_index,=,0#16879209198
movie_companies,movie_info,movie_info_idx,cast_info,title#title.id=movie_companies.movie_id,title.id=movie_info.movie_id,title.id=movie_info_idx.movie_id,title.id=cast_info.movie_id#movie_info.info_type_id,<,18,cast_info.role_id,>,1,title.season_nr,<,9,title.production_year,>,78#7731507258
cast_info,movie_keyword,movie_info_idx,movie_info,title#title.id=cast_info.movie_id,title.id=movie_keyword.movie_id,title.id=movie_info_idx.movie_id,title.id=movie_info.movie_id#movie_keyword.keyword_id,>,41,title.imdb_index,>,0,title.phonetic_code,>,20493#47839893
movie_info,movie_info_idx,movie_companies,movie_keyword,title#title.id=movie_info.movie_id,title.id=movie_info_idx.movie_id,title.id=movie_companies.movie_id,title.id=movie_keyword.movie_id#movie_keyword.keyword_id,<,41569,title.imdb_index,=,0#13235552046
movie_info_idx,movie_keyword,movie_companies,cast_info,title#title.id=movie_info_idx.movie_id,title.id=movie_keyword.movie_id,title.id=movie_companies.movie_id,title.id=cast_info.movie_id#movie_companies.company_type_id,<,2,title.kind_id,<,7,title.production_year,<,125,title.series_years,>,0#36553977
movie_companies,movie_info,movie_keyword,cast_info,title#title.id=movie_companies.movie_id,title.id=movie_info.movie_id,title.id=movie_keyword.movie_id,title.id=cast_info.movie_id#movie_info.info_type_id,>,1,title.imdb_index,=,0,title.series_years,>,0,title.season_nr,>,0,title.episode_nr,>,0#13893
movie_info_idx,cast_info,movie_keyword,movie_companies,title#title.id=movie_info_idx.movie_id,title.id=cast_info.movie_id,title.id=movie_keyword.movie_id,title.id=movie_companies.movie_id#movie_info_idx.info_type_id,<,101,title.episode_nr,>,0#150903338
movie_info,movie_companies,movie_info_idx,cast_info,title#title.id=movie_info.movie_id,title.id=movie_companies.movie_id,title.id=movie_info_idx.movie_id,title.id=cast_info.movie_id#movie_info.info_type_id,<,106,movie_info_idx.info_type_id,=,99,title.season_nr,=,0#4548642808
movie_companies,movie_keyword,cast_info,movie_info,title#title.id=movie_companies.movie_id,title.id=movie_keyword.movie_id,title.id=cast_info.movie_id,title.id=movie_info.movie_id#movie_companies.company_type_id,=,2,movie_keyword.keyword_id,>,121,title.production_year,<,67,title.episode_nr,>,0,title.phonetic_code,>,17617#156077
movie_companies,movie_keyword,movie_info_idx,movie_info,title#title.id=movie_companies.movie_id,title.id=movie_keyword.movie_id,title.id=movie_info_idx.movie_id,title.id=movie_info.movie_id#movie_keyword.keyword_id,>,248,movie_info_idx.info_type_id,>,99,movie_info.info_type_id,>,5,title.imdb_index,=,0#8297906878
movie_info_idx,movie_keyword,movie_companies,cast_info,title#title.id=movie_info_idx.movie_id,title.id=movie_keyword.movie_id,title.id=movie_companies.movie_id,title.id=cast_info.movie_id#movie_info_idx.info_type_id,>,99,movie_keyword.keyword_id,>,117,title.episode_nr,>,1#126413552
movie_info,movie_companies,movie_info_idx,cast_info,title#title.id=movie_info.movie_id,title.id=movie_companies.movie_id,title.id=movie_info_idx.movie_id,title.id=cast_info.movie_id#movie_info.info_type_id,<,16,cast_info.role_id,<,10,title.season_nr,<,1,title.series_years,>,0#77234259
movie_info,cast_info,movie_info_idx,movie_keyword,title#title.id=movie_info.movie_id,title.id=cast_info.movie_id,title.id=movie_info_idx.movie_id,title.id=movie_keyword.movie_id#movie_info.info_type_id,<,106,cast_info.role_id,=,5,title.episode_nr,<,242,title.season_nr,>,0#13344051
movie_info,movie_keyword,cast_info,movie_companies,title#title.id=movie_info.movie_id,title.id=movie_keyword.movie_id,title.id=cast_info.movie_id,title.id=movie_companies.movie_id#movie_info.info_type_id,>,3,movie_keyword.keyword_id,<,13600,title.season_nr,>,0#1136677446
movie_info_idx,movie_info,cast_info,movie_companies,title#title.id=movie_info_idx.movie_id,title.id=movie_info.movie_id,title.id=cast_info.movie_id,title.id=movie_companies.movie_id#movie_info_idx.info_type_id,=,100,cast_info.role_id,>,1,title.season_nr,=,0,title.production_year,>,112#2538704358
movie_info,cast_info,movie_info_idx,movie_companies,title#title.id=movie_info.movie_id,title.id=cast_info.movie_id,title.id=movie_info_idx.movie_id,title.id=movie_companies.movie_id#movie_info_idx.info_type_id,=,99,title.kind_id,<,7#5444049424
movie_companies,movie_info_idx,cast_info,movie_info,title#title.id=movie_companies.movie_id,title.id=movie_info_idx.movie_id,title.id=cast_info.movie_id,title.id=movie_info.movie_id#movie_info_idx.info_type_id,=,99,cast_info.nr_order,>,1,movie_info.info_type_id,>,2,title.imdb_index,=,0#1819784569
cast_info,movie_companies,movie_info,movie_info_idx,title#title.id=cast_info.movie_id,title.id=movie_companies.movie_id,title.id=movie_info.movie_id,title.id=movie_info_idx.movie_id#title.series_years,>,0#196025274
cast_info,movie_companies,movie_info_idx,movie_keyword,title#title.id=cast_info.movie_id,title.id=movie_companies.movie_id,title.id=movie_info_idx.movie_id,title.id=movie_keyword.movie_id#cast_info.role_id,>,1,title.phonetic_code,>,17283#932677226
movie_companies,movie_info,movie_keyword,movie_info_idx,title#title.id=movie_companies.movie_id,title.id=movie_info.movie_id,title.id=movie_keyword.movie_id,title.id=movie_info_idx.movie_id#movie_companies.company_type_id,>,1,movie_info_idx.info_type_id,=,99,title.season_nr,>,2,title.production_year,>,119#2162414
movie_info_idx,movie_companies,movie_info,cast_info,title#title.id=movie_info_idx.movie_id,title.id=movie_companies.movie_id,title.id=movie_info.movie_id,title.id=cast_info.movie_id#title.episode_nr,>,0,title.production_year,>,81#605367867
cast_info,movie_info_idx,movie_keyword,movie_companies,title#title.id=cast_info.movie_id,title.id=movie_info_idx.movie_id,title.id=movie_keyword.movie_id,title.id=movie_companies.movie_id#movie_info_idx.info_type_id,>,99,movie_companies.company_type_id,=,2,title.imdb_index,=,0,title.series_years,>,0,title.kind_id,>,1#12700744
movie_companies,movie_keyword,movie_info_idx,cast_info,title#title.id=movie_companies.movie_id,title.id=movie_keyword.movie_id,title.id=movie_info_idx.movie_id,title.id=cast_info.movie_id#title.series_years,>,0,title.kind_id,<,7,title.imdb_index,>,0,title.phonetic_code,>,0#337572
movie_companies,movie_keyword,cast_info,movie_info,title#title.id=movie_companies.movie_id,title.id=movie_keyword.movie_id,title.id=cast_info.movie_id,title.id=movie_info.movie_id#cast_info.role_id,>,1,title.imdb_index,=,0,title.phonetic_code,>,2537,title.series_years,>,0#1244647810
cast_info,movie_info_idx,movie_companies,movie_info,title#title.id=cast_info.movie_id,title.id=movie_info_idx.movie_id,title.id=movie_companies.movie_id,title.id=movie_info.movie_id#cast_info.role_id,<,10,movie_companies.company_type_id,=,2,title.episode_nr,>,0#193681794
cast_info,movie_info_idx,movie_companies,movie_keyword,title#title.id=cast_info.movie_id,title.id=movie_info_idx.movie_id,title.id=movie_companies.movie_id,title.id=movie_keyword.movie_id#title.phonetic_code,<,16885#7595696430
movie_keyword,movie_companies,cast_info,movie_info,title#title.id=movie_keyword.movie_id,title.id=movie_companies.movie_id,title.id=cast_info.movie_id,title.id=movie_info.movie_id#movie_keyword.keyword_id,>,460,title.imdb_index,<,2,title.phonetic_code,>,0,title.series_years,>,0#1518745016
movie_companies,cast_info,movie_info,movie_keyword,title#title.id=movie_companies.movie_id,title.id=cast_info.movie_id,title.id=movie_info.movie_id,title.id=movie_keyword.movie_id#movie_companies.company_type_id,<,2,movie_info.info_type_id,<,16,title.series_years,>,0#827969401
movie_keyword,movie_companies,movie_info,movie_info_idx,title#title.id=movie_keyword.movie_id,title.id=movie_companies.movie_id,title.id=movie_info.movie_id,title.id=movie_info_idx.movie_id#movie_companies.company_type_id,=,2,title.season_nr,<,6#2254434887
movie_companies,cast_info,movie_keyword,movie_info_idx,title#title.id=movie_companies.movie_id,title.id=cast_info.movie_id,title.id=movie_keyword.movie_id,title.id=movie_info_idx.movie_id#movie_companies.company_type_id,<,2,cast_info.role_id,>,1,title.kind_id,=,7#102755523
movie_info_idx,movie_keyword,cast_info,movie_info,title#title.id=movie_info_idx.movie_id,title.id=movie_keyword.movie_id,title.id=cast_info.movie_id,title.id=movie_info.movie_id#movie_info_idx.info_type_id,<,101,title.series_years,>,0#246893236
movie_info,movie_companies,movie_keyword,movie_info_idx,title#title.id=movie_info.movie_id,title.id=movie_companies.movie_id,title.id=movie_keyword.movie_id,title.id=movie_info_idx.movie_id#movie_info.info_type_id,>,1,movie_info_idx.info_type_id,<,101,title.episode_nr,<,8#9545093232
cast_info,movie_info_idx,movie_info,movie_keyword,title#title.id=cast_info.movie_id,title.id=movie_info_idx.movie_id,title.id=movie_info.movie_id,title.id=movie_keyword.movie_id#cast_info.role_id,=,1,movie_info_idx.info_type_id,>,99,movie_info.info_type_id,>,1,movie_keyword.keyword_id,>,13391,title.season_nr,>,2,title.phonetic_code,<,3483#4536454
movie_info,movie_keyword,cast_info,movie_companies,title#title.id=movie_info.movie_id,title.id=movie_keyword.movie_id,title.id=cast_info.movie_id,title.id=movie_companies.movie_id#movie_info.info_type_id,>,3,title.production_year,>,116,title.imdb_index,>,1,title.phonetic_code,>,5892#267832893
movie_keyword,movie_info,movie_info_idx,movie_companies,title#title.id=movie_keyword.movie_id,title.id=movie_info.movie_id,title.id=movie_info_idx.movie_id,title.id=movie_companies.movie_id#movie_keyword.keyword_id,>,1,movie_info.info_type_id,>,7,movie_companies.company_type_id,>,1,title.phonetic_code,<,10247,title.production_year,>,111,title.imdb_index,=,0#622406061
movie_info_idx,cast_info,movie_companies,movie_keyword,title#title.id=movie_info_idx.movie_id,title.id=cast_info.movie_id,title.id=movie_companies.movie_id,title.id=movie_keyword.movie_id#movie_companies.company_type_id,=,2,movie_keyword.keyword_id,<,85184,title.phonetic_code,<,1563,title.series_years,>,0#2285334
movie_info_idx,movie_companies,cast_info,movie_keyword,title#title.id=movie_info_idx.movie_id,title.id=movie_companies.movie_id,title.id=cast_info.movie_id,title.id=movie_keyword.movie_id#cast_info.nr_order,<,4100,title.kind_id,<,7,title.imdb_index,>,0,title.season_nr,<,1#89182071
movie_info,movie_keyword,movie_companies,movie_info_idx,title#title.id=movie_info.movie_id,title.id=movie_keyword.movie_id,title.id=movie_companies.movie_id,title.id=movie_info_idx.movie_id#movie_info.info_type_id,>,3,movie_companies.company_type_id,=,1,title.kind_id,=,7,title.production_year,<,127#49372659
movie_companies,movie_info,movie_info_idx,movie_keyword,title#title.id=movie_companies.movie_id,title.id=movie_info.movie_id,title.id=movie_info_idx.movie_id,title.id=movie_keyword.movie_id#movie_info.info_type_id,>,1,movie_info_idx.info_type_id,>,99,title.season_nr,<,8#10172011994
movie_info,movie_info_idx,cast_info,movie_companies,title#title.id=movie_info.movie_id,title.id=movie_info_idx.movie_id,title.id=cast_info.movie_id,title.id=movie_companies.movie_id#movie_info.info_type_id,>,3,title.season_nr,>,0,title.kind_id,>,1#568567584
movie_info_idx,movie_keyword,movie_info,cast_info,title#title.id=movie_info_idx.movie_id,title.id=movie_keyword.movie_id,title.id=movie_info.movie_id,title.id=cast_info.movie_id#movie_info_idx.info_type_id,<,101,cast_info.nr_order,>,1,title.phonetic_code,>,16764,title.episode_nr,>,0#37232644
movie_info_idx,cast_info,movie_keyword,movie_info,title#title.id=movie_info_idx.movie_id,title.id=cast_info.movie_id,title.id=movie_keyword.movie_id,title.id=movie_info.movie_id#movie_info_idx.info_type_id,=,101,cast_info.role_id,<,8,movie_keyword.keyword_id,<,56283,title.phonetic_code,<,16649#10277724122
movie_info_idx,movie_info,movie_keyword,movie_companies,title#title.id=movie_info_idx.movie_id,title.id=movie_info.movie_id,title.id=movie_keyword.movie_id,title.id=movie_companies.movie_id#movie_info_idx.info_type_id,<,100,movie_keyword.keyword_id,>,2042,movie_companies.company_type_id,>,1,title.production_year,>,71#503060870
movie_info_idx,movie_companies,movie_keyword,movie_info,title#title.id=movie_info_idx.movie_id,title.id=movie_companies.movie_id,title.id=movie_keyword.movie_id,title.id=movie_info.movie_id#movie_info_idx.info_type_id,>,99,movie_companies.company_type_id,=,2,movie_keyword.keyword_id,>,359,movie_info.info_type_id,<,8,title.imdb_index,>,0,title.production_year,<,109,title.phonetic_code,<,259#3874
cast_info,movie_info,movie_keyword,movie_companies,title#title.id=cast_info.movie_id,title.id=movie_info.movie_id,title.id=movie_keyword.movie_id,title.id=movie_companies.movie_id#cast_info.nr_order,>,1,title.production_year,>,21,title.kind_id,=,7,title.phonetic_code,>,0,title.series_years,<,1400#559965317
movie_companies,movie_info_idx,movie_info,cast_info,title#title.id=movie_companies.movie_id,title.id=movie_info_idx.movie_id,title.id=movie_info.movie_id,title.id=cast_info.movie_id#movie_companies.company_type_id,>,1,movie_info_idx.info_type_id,=,99,title.episode_nr,>,0#88684031
movie_keyword,movie_companies,cast_info,movie_info_idx,title#title.id=movie_keyword.movie_id,title.id=movie_companies.movie_id,title.id=cast_info.movie_id,title.id=movie_info_idx.movie_id#movie_keyword.keyword_id,>,186,movie_companies.company_type_id,>,1,cast_info.role_id,>,1,movie_info_idx.info_type_id,=,99,title.imdb_index,>,0,title.production_year,>,88,title.kind_id,=,1#12348312
movie_companies,movie_info,movie_keyword,cast_info,title#title.id=movie_companies.movie_id,title.id=movie_info.movie_id,title.id=movie_keyword.movie_id,title.id=cast_info.movie_id#movie_info.info_type_id,>,1,title.series_years,>,0,title.production_year,>,22,title.kind_id,>,1,title.season_nr,>,0#13893
movie_keyword,cast_info,movie_companies,movie_info_idx,title#title.id=movie_keyword.movie_id,title.id=cast_info.movie_id,title.id=movie_companies.movie_id,title.id=movie_info_idx.movie_id#movie_companies.company_type_id,>,1,movie_info_idx.info_type_id,>,99,title.imdb_index,=,0,title.episode_nr,<,12,title.series_years,>,0#12700744
movie_companies,movie_info,movie_keyword,cast_info,title#title.id=movie_companies.movie_id,title.id=movie_info.movie_id,title.id=movie_keyword.movie_id,title.id=cast_info.movie_id#movie_companies.company_type_id,<,2,movie_keyword.keyword_id,<,62394,title.series_years,>,0,title.kind_id,>,1,title.phonetic_code,>,10005#714136198
movie_info,cast_info,movie_keyword,movie_info_idx,title#title.id=movie_info.movie_id,title.id=cast_info.movie_id,title.id=movie_keyword.movie_id,title.id=movie_info_idx.movie_id#movie_keyword.keyword_id,<,46324,movie_info_idx.info_type_id,=,99,title.episode_nr,>,0#258654049
cast_info,movie_companies,movie_keyword,movie_info_idx,title#title.id=cast_info.movie_id,title.id=movie_companies.movie_id,title.id=movie_keyword.movie_id,title.id=movie_info_idx.movie_id#cast_info.role_id,=,2,movie_companies.company_type_id,=,2,title.season_nr,>,0,title.phonetic_code,>,0#11598660
movie_keyword,movie_info,movie_companies,movie_info_idx,title#title.id=movie_keyword.movie_id,title.id=movie_info.movie_id,title.id=movie_companies.movie_id,title.id=movie_info_idx.movie_id#movie_info_idx.info_type_id,=,99,title.season_nr,<,3#4819210650
movie_info_idx,movie_companies,movie_keyword,cast_info,title#title.id=movie_info_idx.movie_id,title.id=movie_companies.movie_id,title.id=movie_keyword.movie_id,title.id=cast_info.movie_id#movie_info_idx.info_type_id,<,101,cast_info.role_id,=,8,title.phonetic_code,<,14729#51001684
movie_companies,cast_info,movie_info,movie_info_idx,title#title.id=movie_companies.movie_id,title.id=cast_info.movie_id,title.id=movie_info.movie_id,title.id=movie_info_idx.movie_id#movie_companies.company_type_id,=,1,title.kind_id,<,7,title.episode_nr,<,56,title.series_years,>,0,title.phonetic_code,>,0#135870321
movie_info_idx,movie_companies,movie_info,movie_keyword,title#title.id=movie_info_idx.movie_id,title.id=movie_companies.movie_id,title.id=movie_info.movie_id,title.id=movie_keyword.movie_id#movie_info.info_type_id,>,2,title.kind_id,<,4,title.production_year,>,124#830736687
cast_info,movie_keyword,movie_info,movie_companies,title#title.id=cast_info.movie_id,title.id=movie_keyword.movie_id,title.id=movie_info.movie_id,title.id=movie_companies.movie_id#cast_info.role_id,=,1,movie_keyword.keyword_id,<,7650,title.episode_nr,>,46#1059946
movie_keyword,movie_info,movie_companies,movie_info_idx,title#title.id=movie_keyword.movie_id,title.id=movie_info.movie_id,title.id=movie_companies.movie_id,title.id=movie_info_idx.movie_id#movie_keyword.keyword_id,<,31245,movie_info.info_type_id,>,1,title.imdb_index,=,0,title.episode_nr,<,109#12533119825
cast_info,movie_info_idx,movie_info,movie_keyword,title#title.id=cast_info.movie_id,title.id=movie_info_idx.movie_id,title.id=movie_info.movie_id,title.id=movie_keyword.movie_id#cast_info.role_id,<,10,title.episode_nr,>,0#584606208
movie_keyword,movie_info,cast_info,movie_info_idx,title#title.id=movie_keyword.movie_id,title.id=movie_info.movie_id,title.id=cast_info.movie_id,title.id=movie_info_idx.movie_id#movie_keyword.keyword_id,<,40593,cast_info.nr_order,<,101,title.series_years,>,0#44582913
cast_info,movie_keyword,movie_companies,movie_info,title#title.id=cast_info.movie_id,title.id=movie_keyword.movie_id,title.id=movie_companies.movie_id,title.id=movie_info.movie_id#cast_info.nr_order,>,0,movie_companies.company_type_id,>,1,title.season_nr,>,1#121866297
movie_keyword,cast_info,movie_info_idx,movie_companies,title#title.id=movie_keyword.movie_id,title.id=cast_info.movie_id,title.id=movie_info_idx.movie_id,title.id=movie_companies.movie_id#cast_info.nr_order,>,4,movie_companies.company_type_id,>,1,title.season_nr,=,0#559475089
cast_info,movie_companies,movie_info_idx,movie_info,title#title.id=cast_info.movie_id,title.id=movie_companies.movie_id,title.id=movie_info_idx.movie_id,title.id=movie_info.movie_id#movie_companies.company_type_id,=,2,movie_info.info_type_id,>,2,title.phonetic_code,>,0,title.imdb_index,>,0#72090021
movie_info,cast_info,movie_keyword,movie_companies,title#title.id=movie_info.movie_id,title.id=cast_info.movie_id,title.id=movie_keyword.movie_id,title.id=movie_companies.movie_id#movie_info.info_type_id,>,4,movie_companies.company_type_id,<,2,title.series_years,>,0#1373500528
movie_companies,movie_info_idx,movie_keyword,movie_info,title#title.id=movie_companies.movie_id,title.id=movie_info_idx.movie_id,title.id=movie_keyword.movie_id,title.id=movie_info.movie_id#movie_info.info_type_id,<,16,title.kind_id,<,3,title.series_years,>,0,title.phonetic_code,<,3166#35632206
movie_keyword,movie_info,movie_info_idx,movie_companies,title#title.id=movie_keyword.movie_id,title.id=movie_info.movie_id,title.id=movie_info_idx.movie_id,title.id=movie_companies.movie_id#movie_keyword.keyword_id,<,46138,movie_info.info_type_id,<,97,movie_companies.company_type_id,=,1,title.phonetic_code,>,5301,title.imdb_index,>,0,title.production_year,<,107#3657594
movie_info,cast_info,movie_keyword,movie_info_idx,title#title.id=movie_info.movie_id,title.id=cast_info.movie_id,title.id=movie_keyword.movie_id,title.id=movie_info_idx.movie_id#movie_info.info_type_id,>,2,title.season_nr,>,0,title.production_year,>,111,title.phonetic_code,<,4704#183115758
movie_info_idx,movie_companies,cast_info,movie_keyword,title#title.id=movie_info_idx.movie_id,title.id=movie_companies.movie_id,title.id=cast_info.movie_id,title.id=movie_keyword.movie_id#movie_info_idx.info_type_id,<,101,title.phonetic_code,<,19066,title.season_nr,<,1#5609737656
cast_info,movie_keyword,movie_info,movie_info_idx,title#title.id=cast_info.movie_id,title.id=movie_keyword.movie_id,title.id=movie_info.movie_id,title.id=movie_info_idx.movie_id#cast_info.nr_order,<,14,movie_info.info_type_id,<,104,title.episode_nr,>,0,title.season_nr,<,10#205740441
movie_keyword,movie_companies,movie_info_idx,movie_info,title#title.id=movie_keyword.movie_id,title.id=movie_companies.movie_id,title.id=movie_info_idx.movie_id,title.id=movie_info.movie_id#movie_info_idx.info_type_id,<,100,movie_info.info_type_id,>,1,title.production_year,>,123#490907537
movie_keyword,movie_companies,cast_info,movie_info_idx,title#title.id=movie_keyword.movie_id,title.id=movie_companies.movie_id,title.id=cast_info.movie_id,title.id=movie_info_idx.movie_id#movie_keyword.keyword_id,<,115016,movie_companies.company_type_id,>,1,movie_info_idx.info_type_id,>,99,title.episode_nr,>,0,title.kind_id,>,1,title.production_year,<,123,title.phonetic_code,<,3060#7337056
movie_info_idx,cast_info,movie_companies,movie_info,title#title.id=movie_info_idx.movie_id,title.id=cast_info.movie_id,title.id=movie_companies.movie_id,title.id=movie_info.movie_id#movie_info_idx.info_type_id,<,101,cast_info.role_id,>,1,movie_companies.company_type_id,>,1,title.imdb_index,=,0#1359315998
cast_info,movie_keyword,movie_info,movie_info_idx,title#title.id=cast_info.movie_id,title.id=movie_keyword.movie_id,title.id=movie_info.movie_id,title.id=movie_info_idx.movie_id#movie_keyword.keyword_id,<,124785,movie_info.info_type_id,>,1,title.series_years,>,0#361510692
cast_info,movie_companies,movie_info,movie_keyword,title#title.id=cast_info.movie_id,title.id=movie_companies.movie_id,title.id=movie_info.movie_id,title.id=movie_keyword.movie_id#title.phonetic_code,<,18274,title.imdb_index,=,0,title.season_nr,<,1,title.series_years,>,0#1587922191
cast_info,movie_info_idx,movie_companies,movie_info,title#title.id=cast_info.movie_id,title.id=movie_info_idx.movie_id,title.id=movie_companies.movie_id,title.id=movie_info.movie_id#cast_info.nr_order,>,0,title.imdb_index,<,2#6124006016
cast_info,movie_info,movie_keyword,movie_info_idx,title#title.id=cast_info.movie_id,title.id=movie_info.movie_id,title.id=movie_keyword.movie_id,title.id=movie_info_idx.movie_id#cast_info.nr_order,<,19,movie_info.info_type_id,<,16,title.kind_id,=,7,title.production_year,>,71#158431548
movie_keyword,cast_info,movie_companies,movie_info,title#title.id=movie_keyword.movie_id,title.id=cast_info.movie_id,title.id=movie_companies.movie_id,title.id=movie_info.movie_id#movie_keyword.keyword_id,>,85,title.season_nr,>,0#1724149810
movie_companies,movie_info_idx,movie_info,cast_info,title#title.id=movie_companies.movie_id,title.id=movie_info_idx.movie_id,title.id=movie_info.movie_id,title.id=cast_info.movie_id#movie_companies.company_type_id,>,1,movie_info.info_type_id,<,8,cast_info.nr_order,>,1,title.kind_id,=,1#232654931
movie_info,movie_keyword,cast_info,movie_info_idx,title#title.id=movie_info.movie_id,title.id=movie_keyword.movie_id,title.id=cast_info.movie_id,title.id=movie_info_idx.movie_id#title.season_nr,>,0#827540361
movie_companies,cast_info,movie_info,movie_info_idx,title#title.id=movie_companies.movie_id,title.id=cast_info.movie_id,title.id=movie_info.movie_id,title.id=movie_info_idx.movie_id#title.production_year,>,18#17502452024
movie_info,movie_companies,movie_keyword,cast_info,title#title.id=movie_info.movie_id,title.id=movie_companies.movie_id,title.id=movie_keyword.movie_id,title.id=cast_info.movie_id#movie_keyword.keyword_id,<,64187,title.phonetic_code,<,951,title.kind_id,=,7,title.imdb_index,=,0#103260800
movie_info_idx,movie_info,cast_info,movie_companies,title#title.id=movie_info_idx.movie_id,title.id=movie_info.movie_id,title.id=cast_info.movie_id,title.id=movie_companies.movie_id#cast_info.role_id,=,2,title.series_years,<,1324#2339203852
movie_companies,cast_info,movie_info_idx,movie_info,title#title.id=movie_companies.movie_id,title.id=cast_info.movie_id,title.id=movie_info_idx.movie_id,title.id=movie_info.movie_id#movie_info.info_type_id,<,18,title.production_year,<,123#9440823970
cast_info,movie_keyword,movie_info,movie_companies,title#title.id=cast_info.movie_id,title.id=movie_keyword.movie_id,title.id=movie_info.movie_id,title.id=movie_companies.movie_id#movie_info.info_type_id,>,1,movie_companies.company_type_id,<,2,title.production_year,>,65,title.series_years,>,0#1445957735
movie_keyword,cast_info,movie_info,movie_info_idx,title#title.id=movie_keyword.movie_id,title.id=cast_info.movie_id,title.id=movie_info.movie_id,title.id=movie_info_idx.movie_id#movie_keyword.keyword_id,>,2867,cast_info.role_id,<,8,movie_info_idx.info_type_id,=,99,title.imdb_index,>,0,title.series_years,>,1366#901
movie_info_idx,movie_keyword,movie_info,cast_info,title#title.id=movie_info_idx.movie_id,title.id=movie_keyword.movie_id,title.id=movie_info.movie_id,title.id=cast_info.movie_id#movie_info_idx.info_type_id,<,101,title.series_years,>,0#246893236
cast_info,movie_info_idx,movie_info,movie_companies,title#title.id=cast_info.movie_id,title.id=movie_info_idx.movie_id,title.id=movie_info.movie_id,title.id=movie_companies.movie_id#movie_info.info_type_id,>,1,title.imdb_index,=,0#16880552100
movie_info_idx,cast_info,movie_keyword,movie_info,title#title.id=movie_info_idx.movie_id,title.id=cast_info.movie_id,title.id=movie_keyword.movie_id,title.id=movie_info.movie_id#movie_info_idx.info_type_id,=,100,movie_info.info_type_id,<,17,title.series_years,>,0,title.phonetic_code,<,1624#11563443
movie_info_idx,movie_companies,movie_info,cast_info,title#title.id=movie_info_idx.movie_id,title.id=movie_companies.movie_id,title.id=movie_info.movie_id,title.id=cast_info.movie_id#movie_info_idx.info_type_id,>,99,title.imdb_index,>,0#277447332
cast_info,movie_companies,movie_keyword,movie_info_idx,title#title.id=cast_info.movie_id,title.id=movie_companies.movie_id,title.id=movie_keyword.movie_id,title.id=movie_info_idx.movie_id#cast_info.nr_order,>,1,movie_keyword.keyword_id,>,460,movie_info_idx.info_type_id,>,99,title.kind_id,=,7,title.episode_nr,<,7,title.phonetic_code,>,17599#2721336
movie_info,cast_info,movie_companies,movie_info_idx,title#title.id=movie_info.movie_id,title.id=cast_info.movie_id,title.id=movie_companies.movie_id,title.id=movie_info_idx.movie_id#movie_info.info_type_id,<,104,cast_info.role_id,=,10,movie_companies.company_type_id,=,2,title.imdb_index,=,0#865468768
movie_info,movie_companies,cast_info,movie_keyword,title#title.id=movie_info.movie_id,title.id=movie_companies.movie_id,title.id=cast_info.movie_id,title.id=movie_keyword.movie_id#movie_info.info_type_id,<,18,movie_companies.company_type_id,=,1,movie_keyword.keyword_id,>,117,title.kind_id,>,2,title.season_nr,>,0#959298098
movie_keyword,cast_info,movie_companies,movie_info,title#title.id=movie_keyword.movie_id,title.id=cast_info.movie_id,title.id=movie_companies.movie_id,title.id=movie_info.movie_id#cast_info.role_id,<,8,movie_companies.company_type_id,<,2,movie_info.info_type_id,<,13,title.kind_id,>,4#311261598
cast_info,movie_companies,movie_info,movie_info_idx,title#title.id=cast_info.movie_id,title.id=movie_companies.movie_id,title.id=movie_info.movie_id,title.id=movie_info_idx.movie_id#title.series_years,>,0#196025274
cast_info,movie_keyword,movie_info,movie_companies,title#title.id=cast_info.movie_id,title.id=movie_keyword.movie_id,title.id=movie_info.movie_id,title.id=movie_companies.movie_id#title.production_year,>,106,title.kind_id,<,7,title.imdb_index,>,0,title.episode_nr,<,12#17670202885
cast_info,movie_keyword,movie_info,movie_companies,title#title.id=cast_info.movie_id,title.id=movie_keyword.movie_id,title.id=movie_info.movie_id,title.id=movie_companies.movie_id#cast_info.nr_order,<,41,movie_keyword.keyword_id,<,34145,title.phonetic_code,<,5525,title.season_nr,=,0,title.kind_id,>,1#553147910
movie_companies,movie_keyword,movie_info_idx,cast_info,title#title.id=movie_companies.movie_id,title.id=movie_keyword.movie_id,title.id=movie_info_idx.movie_id,title.id=cast_info.movie_id#movie_companies.company_type_id,=,1,title.imdb_index,>,0,title.production_year,<,124,title.season_nr,<,1,title.phonetic_code,<,20506#141303954
cast_info,movie_companies,movie_keyword,movie_info_idx,title#title.id=cast_info.movie_id,title.id=movie_companies.movie_id,title.id=movie_keyword.movie_id,title.id=movie_info_idx.movie_id#cast_info.nr_order,>,1,title.phonetic_code,>,0,title.imdb_index,=,0,title.production_year,>,118#1220801689
cast_info,movie_companies,movie_keyword,movie_info,title#title.id=cast_info.movie_id,title.id=movie_companies.movie_id,title.id=movie_keyword.movie_id,title.id=movie_info.movie_id#cast_info.role_id,>,1,movie_companies.company_type_id,>,1,title.imdb_index,>,0,title.phonetic_code,<,16065#1491804152
cast_info,movie_keyword,movie_info,movie_companies,title#title.id=cast_info.movie_id,title.id=movie_keyword.movie_id,title.id=movie_info.movie_id,title.id=movie_companies.movie_id#cast_info.nr_order,<,47,movie_info.info_type_id,<,110,movie_companies.company_type_id,=,1,title.series_years,>,0#87372492
movie_keyword,movie_info,movie_companies,cast_info,title#title.id=movie_keyword.movie_id,title.id=movie_info.movie_id,title.id=movie_companies.movie_id,title.id=cast_info.movie_id#movie_info.info_type_id,>,2,title.imdb_index,=,0,title.episode_nr,>,3,title.season_nr,<,2,title.kind_id,=,7#430669410
movie_companies,cast_info,movie_keyword,movie_info_idx,title#title.id=movie_companies.movie_id,title.id=cast_info.movie_id,title.id=movie_keyword.movie_id,title.id=movie_info_idx.movie_id#movie_companies.company_type_id,>,1,cast_info.role_id,=,1,movie_keyword.keyword_id,>,137,title.kind_id,=,1,title.phonetic_code,>,12110,title.imdb_index,=,0#187426130
movie_info,movie_keyword,cast_info,movie_info_idx,title#title.id=movie_info.movie_id,title.id=movie_keyword.movie_id,title.id=cast_info.movie_id,title.id=movie_info_idx.movie_id#movie_info.info_type_id,>,1,movie_info_idx.info_type_id,>,99,title.season_nr,=,1#212307628
movie_info,movie_info_idx,movie_keyword,cast_info,title#title.id=movie_info.movie_id,title.id=movie_info_idx.movie_id,title.id=movie_keyword.movie_id,title.id=cast_info.movie_id#movie_info.info_type_id,>,2,title.kind_id,=,7,title.episode_nr,<,63,title.production_year,<,122#433389858
movie_info_idx,movie_keyword,movie_companies,movie_info,title#title.id=movie_info_idx.movie_id,title.id=movie_keyword.movie_id,title.id=movie_companies.movie_id,title.id=movie_info.movie_id#movie_info_idx.info_type_id,=,101,title.phonetic_code,>,0#4808888586
movie_keyword,cast_info,movie_companies,movie_info,title#title.id=movie_keyword.movie_id,title.id=cast_info.movie_id,title.id=movie_companies.movie_id,title.id=movie_info.movie_id#cast_info.role_id,=,1,movie_info.info_type_id,<,16,title.episode_nr,>,4,title.phonetic_code,<,6225,title.series_years,>,0,title.production_year,<,111#3597
movie_info_idx,movie_info,movie_keyword,cast_info,title#title.id=movie_info_idx.movie_id,title.id=movie_info.movie_id,title.id=movie_keyword.movie_id,title.id=cast_info.movie_id#title.series_years,>,0,title.imdb_index,>,0,title.production_year,<,127#1934172
movie_companies,movie_info_idx,movie_info,cast_info,title#title.id=movie_companies.movie_id,title.id=movie_info_idx.movie_id,title.id=movie_info.movie_id,title.id=cast_info.movie_id#movie_info_idx.info_type_id,>,99,cast_info.nr_order,>,0,title.episode_nr,<,17,title.kind_id,=,7,title.season_nr,=,1,title.production_year,>,117#34831718
movie_companies,cast_info,movie_keyword,movie_info_idx,title#title.id=movie_companies.movie_id,title.id=cast_info.movie_id,title.id=movie_keyword.movie_id,title.id=movie_info_idx.movie_id#movie_companies.company_type_id,<,2,movie_keyword.keyword_id,<,80779,movie_info_idx.info_type_id,=,99,title.imdb_index,=,0,title.season_nr,=,0#2275883054
movie_info,movie_info_idx,movie_companies,cast_info,title#title.id=movie_info.movie_id,title.id=movie_info_idx.movie_id,title.id=movie_companies.movie_id,title.id=cast_info.movie_id#movie_info_idx.info_type_id,>,99,cast_info.nr_order,>,1,title.series_years,>,0,title.season_nr,=,0,title.production_year,<,80,title.kind_id,>,1#8981578
movie_keyword,cast_info,movie_info_idx,movie_info,title#title.id=movie_keyword.movie_id,title.id=cast_info.movie_id,title.id=movie_info_idx.movie_id,title.id=movie_info.movie_id#movie_keyword.keyword_id,<,74187,title.episode_nr,>,0#821711082
movie_keyword,movie_companies,cast_info,movie_info_idx,title#title.id=movie_keyword.movie_id,title.id=movie_companies.movie_id,title.id=cast_info.movie_id,title.id=movie_info_idx.movie_id#movie_keyword.keyword_id,>,512,movie_info_idx.info_type_id,<,101,title.phonetic_code,<,5436#1825374890
movie_companies,cast_info,movie_keyword,movie_info,title#title.id=movie_companies.movie_id,title.id=cast_info.movie_id,title.id=movie_keyword.movie_id,title.id=movie_info.movie_id#movie_companies.company_type_id,=,2,title.production_year,<,68,title.season_nr,<,4#1357625871
movie_companies,movie_info,movie_info_idx,movie_keyword,title#title.id=movie_companies.movie_id,title.id=movie_info.movie_id,title.id=movie_info_idx.movie_id,title.id=movie_keyword.movie_id#title.season_nr,<,3#15068498496
movie_info,cast_info,movie_companies,movie_keyword,title#title.id=movie_info.movie_id,title.id=cast_info.movie_id,title.id=movie_companies.movie_id,title.id=movie_keyword.movie_id#movie_keyword.keyword_id,>,1095,title.production_year,<,46#881460590
movie_info,cast_info,movie_companies,movie_keyword,title#title.id=movie_info.movie_id,title.id=cast_info.movie_id,title.id=movie_companies.movie_id,title.id=movie_keyword.movie_id#movie_info.info_type_id,<,107,cast_info.nr_order,>,1,movie_companies.company_type_id,<,2,movie_keyword.keyword_id,>,43,title.season_nr,>,0#363776168
movie_companies,movie_info_idx,movie_info,cast_info,title#title.id=movie_companies.movie_id,title.id=movie_info_idx.movie_id,title.id=movie_info.movie_id,title.id=cast_info.movie_id#movie_info.info_type_id,>,3,title.imdb_index,=,0#16337774827
movie_info_idx,cast_info,movie_keyword,movie_companies,title#title.id=movie_info_idx.movie_id,title.id=cast_info.movie_id,title.id=movie_keyword.movie_id,title.id=movie_companies.movie_id#movie_info_idx.info_type_id,>,99,movie_companies.company_type_id,<,2,title.imdb_index,=,0#4991497254
cast_info,movie_companies,movie_keyword,movie_info,title#title.id=cast_info.movie_id,title.id=movie_companies.movie_id,title.id=movie_keyword.movie_id,title.id=movie_info.movie_id#cast_info.role_id,=,1,movie_info.info_type_id,<,98,title.series_years,>,0,title.season_nr,>,0,title.production_year,<,120,title.kind_id,>,1#8019
movie_companies,movie_info,movie_keyword,cast_info,title#title.id=movie_companies.movie_id,title.id=movie_info.movie_id,title.id=movie_keyword.movie_id,title.id=cast_info.movie_id#movie_keyword.keyword_id,>,248,title.season_nr,>,0,title.production_year,<,113#242905305
movie_info,movie_info_idx,movie_keyword,movie_companies,title#title.id=movie_info.movie_id,title.id=movie_info_idx.movie_id,title.id=movie_keyword.movie_id,title.id=movie_companies.movie_id#movie_info_idx.info_type_id,<,101,title.phonetic_code,>,0,title.season_nr,<,1,title.imdb_index,>,0#217889622
cast_info,movie_keyword,movie_info_idx,movie_info,title#title.id=cast_info.movie_id,title.id=movie_keyword.movie_id,title.id=movie_info_idx.movie_id,title.id=movie_info.movie_id#cast_info.nr_order,<,26,title.phonetic_code,<,14347,title.series_years,>,0,title.imdb_index,=,0#27758940
movie_info_idx,cast_info,movie_keyword,movie_info,title#title.id=movie_info_idx.movie_id,title.id=cast_info.movie_id,title.id=movie_keyword.movie_id,title.id=movie_info.movie_id#movie_info.info_type_id,<,107,title.production_year,<,119,title.phonetic_code,>,11352,title.season_nr,>,0#145587756
movie_info,movie_info_idx,movie_keyword,cast_info,title#title.id=movie_info.movie_id,title.id=movie_info_idx.movie_id,title.id=movie_keyword.movie_id,title.id=cast_info.movie_id#movie_keyword.keyword_id,<,8741,title.production_year,<,123,title.series_years,>,0,title.phonetic_code,>,6000#157466436
movie_companies,movie_keyword,cast_info,movie_info,title#title.id=movie_companies.movie_id,title.id=movie_keyword.movie_id,title.id=cast_info.movie_id,title.id=movie_info.movie_id#movie_companies.company_type_id,<,2,cast_info.role_id,=,10,movie_info.info_type_id,<,98,title.kind_id,=,7,title.episode_nr,>,3,title.season_nr,>,4,title.production_year,>,125#1007772
movie_companies,movie_info,movie_keyword,movie_info_idx,title#title.id=movie_companies.movie_id,title.id=movie_info.movie_id,title.id=movie_keyword.movie_id,title.id=movie_info_idx.movie_id#title.imdb_index,=,0#14756828100
movie_info,cast_info,movie_keyword,movie_companies,title#title.id=movie_info.movie_id,title.id=cast_info.movie_id,title.id=movie_keyword.movie_id,title.id=movie_companies.movie_id#title.kind_id,=,7,title.series_years,>,0#13893
cast_info,movie_keyword,movie_info,movie_info_idx,title#title.id=cast_info.movie_id,title.id=movie_keyword.movie_id,title.id=movie_info.movie_id,title.id=movie_info_idx.movie_id#cast_info.nr_order,>,1,title.season_nr,=,0,title.phonetic_code,<,12173,title.kind_id,=,2#33125370
movie_info,cast_info,movie_info_idx,movie_companies,title#title.id=movie_info.movie_id,title.id=cast_info.movie_id,title.id=movie_info_idx.movie_id,title.id=movie_companies.movie_id#cast_info.role_id,<,10,movie_companies.company_type_id,=,1,title.imdb_index,>,0,title.series_years,>,0#192621
movie_companies,movie_info_idx,movie_keyword,cast_info,title#title.id=movie_companies.movie_id,title.id=movie_info_idx.movie_id,title.id=movie_keyword.movie_id,title.id=cast_info.movie_id#movie_companies.company_type_id,>,1,title.imdb_index,>,0#53726889
movie_keyword,cast_info,movie_companies,movie_info,title#title.id=movie_keyword.movie_id,title.id=cast_info.movie_id,title.id=movie_companies.movie_id,title.id=movie_info.movie_id#title.production_year,<,126,title.imdb_index,>,0#16240499037
movie_info_idx,movie_info,movie_companies,movie_keyword,title#title.id=movie_info_idx.movie_id,title.id=movie_info.movie_id,title.id=movie_companies.movie_id,title.id=movie_keyword.movie_id#movie_info.info_type_id,<,40,movie_companies.company_type_id,>,1,title.imdb_index,=,0,title.phonetic_code,<,18355#1455230086
cast_info,movie_info_idx,movie_keyword,movie_companies,title#title.id=cast_info.movie_id,title.id=movie_info_idx.movie_id,title.id=movie_keyword.movie_id,title.id=movie_companies.movie_id#cast_info.role_id,>,1,title.production_year,>,0#6286899894
cast_info,movie_info,movie_info_idx,movie_keyword,title#title.id=cast_info.movie_id,title.id=movie_info.movie_id,title.id=movie_info_idx.movie_id,title.id=movie_keyword.movie_id#movie_info.info_type_id,<,104,title.season_nr,>,1,title.phonetic_code,<,14412,title.episode_nr,>,8#155401860
movie_keyword,movie_info_idx,cast_info,movie_info,title#title.id=movie_keyword.movie_id,title.id=movie_info_idx.movie_id,title.id=cast_info.movie_id,title.id=movie_info.movie_id#movie_info_idx.info_type_id,=,101,title.kind_id,>,2,title.episode_nr,>,0,title.imdb_index,<,2#273903694
movie_info,movie_keyword,cast_info,movie_info_idx,title#title.id=movie_info.movie_id,title.id=movie_keyword.movie_id,title.id=cast_info.movie_id,title.id=movie_info_idx.movie_id#movie_info_idx.info_type_id,<,101,title.series_years,>,1236,title.phonetic_code,<,221,title.imdb_index,>,0#1206
movie_info,movie_info_idx,cast_info,movie_keyword,title#title.id=movie_info.movie_id,title.id=movie_info_idx.movie_id,title.id=cast_info.movie_id,title.id=movie_keyword.movie_id#movie_info.info_type_id,<,18,movie_keyword.keyword_id,<,71422,title.phonetic_code,<,5554,title.imdb_index,>,0#489177676
movie_companies,movie_keyword,movie_info_idx,cast_info,title#title.id=movie_companies.movie_id,title.id=movie_keyword.movie_id,title.id=movie_info_idx.movie_id,title.id=cast_info.movie_id#movie_keyword.keyword_id,>,1025,cast_info.role_id,=,1,title.kind_id,>,1,title.production_year,<,47#25410
movie_info_idx,cast_info,movie_keyword,movie_companies,title#title.id=movie_info_idx.movie_id,title.id=cast_info.movie_id,title.id=movie_keyword.movie_id,title.id=movie_companies.movie_id#movie_info_idx.info_type_id,<,101,cast_info.role_id,>,3,title.phonetic_code,>,8737,title.kind_id,>,1,title.season_nr,>,0#34276016
movie_info_idx,movie_info,cast_info,movie_companies,title#title.id=movie_info_idx.movie_id,title.id=movie_info.movie_id,title.id=cast_info.movie_id,title.id=movie_companies.movie_id#movie_info_idx.info_type_id,<,101,movie_info.info_type_id,<,16,cast_info.role_id,<,10,title.imdb_index,>,0#63558628
movie_companies,movie_info_idx,movie_keyword,cast_info,title#title.id=movie_companies.movie_id,title.id=movie_info_idx.movie_id,title.id=movie_keyword.movie_id,title.id=cast_info.movie_id#movie_companies.company_type_id,=,2,movie_keyword.keyword_id,>,56,title.kind_id,>,1,title.phonetic_code,>,336,title.production_year,<,89#7634184
movie_info_idx,cast_info,movie_info,movie_keyword,title#title.id=movie_info_idx.movie_id,title.id=cast_info.movie_id,title.id=movie_info.movie_id,title.id=movie_keyword.movie_id#movie_info_idx.info_type_id,=,101,movie_info.info_type_id,<,98,title.season_nr,>,1,title.imdb_index,=,0,title.phonetic_code,>,3034,title.episode_nr,<,4#27829890
movie_companies,movie_keyword,movie_info_idx,movie_info,title#title.id=movie_companies.movie_id,title.id=movie_keyword.movie_id,title.id=movie_info_idx.movie_id,title.id=movie_info.movie_id#movie_info.info_type_id,<,16,title.imdb_index,>,0#145239783
movie_keyword,movie_info,movie_companies,cast_info,title#title.id=movie_keyword.movie_id,title.id=movie_info.movie_id,title.id=movie_companies.movie_id,title.id=cast_info.movie_id#movie_info.info_type_id,>,1,cast_info.nr_order,>,2,title.season_nr,=,5#25187172
cast_info,movie_companies,movie_info_idx,movie_keyword,title#title.id=cast_info.movie_id,title.id=movie_companies.movie_id,title.id=movie_info_idx.movie_id,title.id=movie_keyword.movie_id#movie_keyword.keyword_id,>,382,title.phonetic_code,<,14432,title.episode_nr,>,0,title.kind_id,>,1#148393797
cast_info,movie_keyword,movie_info_idx,movie_companies,title#title.id=cast_info.movie_id,title.id=movie_keyword.movie_id,title.id=movie_info_idx.movie_id,title.id=movie_companies.movie_id#movie_companies.company_type_id,<,2,title.season_nr,>,0,title.production_year,>,91,title.kind_id,>,1#129416046
movie_info,movie_info_idx,movie_companies,movie_keyword,title#title.id=movie_info.movie_id,title.id=movie_info_idx.movie_id,title.id=movie_companies.movie_id,title.id=movie_keyword.movie_id#movie_companies.company_type_id,<,2,title.season_nr,>,1#28073397
movie_companies,movie_info,cast_info,movie_keyword,title#title.id=movie_companies.movie_id,title.id=movie_info.movie_id,title.id=cast_info.movie_id,title.id=movie_keyword.movie_id#movie_companies.company_type_id,<,2,cast_info.nr_order,>,1,movie_keyword.keyword_id,<,27553,title.series_years,>,0#91506791
cast_info,movie_info,movie_companies,movie_keyword,title#title.id=cast_info.movie_id,title.id=movie_info.movie_id,title.id=movie_companies.movie_id,title.id=movie_keyword.movie_id#cast_info.role_id,<,11,title.series_years,>,0,title.season_nr,>,0,title.imdb_index,=,0,title.kind_id,>,1#13893
movie_keyword,movie_companies,movie_info,movie_info_idx,title#title.id=movie_keyword.movie_id,title.id=movie_companies.movie_id,title.id=movie_info.movie_id,title.id=movie_info_idx.movie_id#movie_keyword.keyword_id,<,13992,movie_info.info_type_id,<,98,title.season_nr,>,0#56317476
movie_keyword,movie_companies,cast_info,movie_info_idx,title#title.id=movie_keyword.movie_id,title.id=movie_companies.movie_id,title.id=cast_info.movie_id,title.id=movie_info_idx.movie_id#title.season_nr,>,0,title.kind_id,=,7,title.phonetic_code,<,20982#224498700
movie_info,movie_companies,movie_info_idx,movie_keyword,title#title.id=movie_info.movie_id,title.id=movie_companies.movie_id,title.id=movie_info_idx.movie_id,title.id=movie_keyword.movie_id#movie_info.info_type_id,<,18,movie_companies.company_type_id,=,2,title.imdb_index,=,0,title.phonetic_code,>,17782#199794833
movie_info,cast_info,movie_companies,movie_keyword,title#title.id=movie_info.movie_id,title.id=cast_info.movie_id,title.id=movie_companies.movie_id,title.id=movie_keyword.movie_id#movie_companies.company_type_id,=,2,movie_keyword.keyword_id,>,674,title.imdb_index,>,0,title.production_year,<,115,title.kind_id,>,1#2114240
movie_info_idx,movie_keyword,movie_info,movie_companies,title#title.id=movie_info_idx.movie_id,title.id=movie_keyword.movie_id,title.id=movie_info.movie_id,title.id=movie_companies.movie_id#movie_keyword.keyword_id,<,53891,movie_info.info_type_id,<,16,title.imdb_index,=,0#5806674635
cast_info,movie_companies,movie_info_idx,movie_keyword,title#title.id=cast_info.movie_id,title.id=movie_companies.movie_id,title.id=movie_info_idx.movie_id,title.id=movie_keyword.movie_id#cast_info.role_id,=,1,title.kind_id,>,1#177797367
movie_info,movie_keyword,cast_info,movie_info_idx,title#title.id=movie_info.movie_id,title.id=movie_keyword.movie_id,title.id=cast_info.movie_id,title.id=movie_info_idx.movie_id#movie_keyword.keyword_id,>,335,cast_info.role_id,>,1,title.episode_nr,>,0,title.phonetic_code,<,3298#141235212
cast_info,movie_companies,movie_info_idx,movie_keyword,title#title.id=cast_info.movie_id,title.id=movie_companies.movie_id,title.id=movie_info_idx.movie_id,title.id=movie_keyword.movie_id#movie_keyword.keyword_id,<,62550,title.series_years,>,0,title.production_year,<,121#50634669
movie_info,movie_companies,movie_info_idx,cast_info,title#title.id=movie_info.movie_id,title.id=movie_companies.movie_id,title.id=movie_info_idx.movie_id,title.id=cast_info.movie_id#movie_companies.company_type_id,<,2,cast_info.nr_order,<,1,title.kind_id,<,7,title.episode_nr,<,18#96743128
movie_keyword,movie_info,movie_info_idx,cast_info,title#title.id=movie_keyword.movie_id,title.id=movie_info.movie_id,title.id=movie_info_idx.movie_id,title.id=cast_info.movie_id#movie_info.info_type_id,>,2,title.phonetic_code,<,1490,title.kind_id,>,1,title.imdb_index,=,0#338162997
movie_info,cast_info,movie_companies,movie_keyword,title#title.id=movie_info.movie_id,title.id=cast_info.movie_id,title.id=movie_companies.movie_id,title.id=movie_keyword.movie_id#movie_info.info_type_id,<,16,title.imdb_index,=,0,title.production_year,>,111,title.kind_id,>,1,title.series_years,>,0#643813124
movie_keyword,movie_info,cast_info,movie_companies,title#title.id=movie_keyword.movie_id,title.id=movie_info.movie_id,title.id=cast_info.movie_id,title.id=movie_companies.movie_id#movie_info.info_type_id,<,98,movie_companies.company_type_id,<,2,title.phonetic_code,>,1460,title.season_nr,<,3,title.series_years,>,0,title.kind_id,<,7#1237589798
cast_info,movie_info_idx,movie_info,movie_companies,title#title.id=cast_info.movie_id,title.id=movie_info_idx.movie_id,title.id=movie_info.movie_id,title.id=movie_companies.movie_id#cast_info.nr_order,<,35,movie_info_idx.info_type_id,>,99,movie_companies.company_type_id,=,2,title.imdb_index,=,0,title.episode_nr,>,1#56800258
cast_info,movie_info_idx,movie_companies,movie_info,title#title.id=cast_info.movie_id,title.id=movie_info_idx.movie_id,title.id=movie_companies.movie_id,title.id=movie_info.movie_id#cast_info.role_id,=,2,movie_info_idx.info_type_id,>,99,title.imdb_index,>,0#36758726
movie_companies,movie_info_idx,movie_keyword,cast_info,title#title.id=movie_companies.movie_id,title.id=movie_info_idx.movie_id,title.id=movie_keyword.movie_id,title.id=cast_info.movie_id#movie_info_idx.info_type_id,>,99,title.imdb_index,=,0,title.season_nr,>,0,title.production_year,<,121#61960320
movie_keyword,movie_info,movie_companies,movie_info_idx,title#title.id=movie_keyword.movie_id,title.id=movie_info.movie_id,title.id=movie_companies.movie_id,title.id=movie_info_idx.movie_id#movie_info.info_type_id,>,3,title.series_years,>,0#223407255
movie_info_idx,movie_info,movie_companies,cast_info,title#title.id=movie_info_idx.movie_id,title.id=movie_info.movie_id,title.id=movie_companies.movie_id,title.id=cast_info.movie_id#movie_info.info_type_id,>,3,title.season_nr,<,3,title.imdb_index,>,0,title.production_year,>,25#396887950
cast_info,movie_companies,movie_keyword,movie_info_idx,title#title.id=cast_info.movie_id,title.id=movie_companies.movie_id,title.id=movie_keyword.movie_id,title.id=movie_info_idx.movie_id#cast_info.nr_order,>,1,movie_companies.company_type_id,=,2,movie_info_idx.info_type_id,=,99,title.imdb_index,=,0,title.production_year,<,112#65540380
movie_keyword,movie_companies,movie_info_idx,movie_info,title#title.id=movie_keyword.movie_id,title.id=movie_companies.movie_id,title.id=movie_info_idx.movie_id,title.id=movie_info.movie_id#movie_keyword.keyword_id,<,98464,title.season_nr,>,0#85546116
movie_info,cast_info,movie_companies,movie_info_idx,title#title.id=movie_info.movie_id,title.id=cast_info.movie_id,title.id=movie_companies.movie_id,title.id=movie_info_idx.movie_id#movie_companies.company_type_id,<,2,title.phonetic_code,>,5193#9964599953
movie_keyword,movie_companies,movie_info,movie_info_idx,title#title.id=movie_keyword.movie_id,title.id=movie_companies.movie_id,title.id=movie_info.movie_id,title.id=movie_info_idx.movie_id#movie_keyword.keyword_id,>,103,movie_info.info_type_id,>,2,title.series_years,<,1366,title.episode_nr,<,50,title.season_nr,>,0,title.production_year,<,127#76007313
movie_companies,movie_info,cast_info,movie_info_idx,title#title.id=movie_companies.movie_id,title.id=movie_info.movie_id,title.id=cast_info.movie_id,title.id=movie_info_idx.movie_id#movie_info_idx.info_type_id,=,101,title.imdb_index,>,0,title.production_year,<,84,title.phonetic_code,>,1123#1046224
movie_companies,cast_info,movie_keyword,movie_info,title#title.id=movie_companies.movie_id,title.id=cast_info.movie_id,title.id=movie_keyword.movie_id,title.id=movie_info.movie_id#movie_companies.company_type_id,>,1,movie_keyword.keyword_id,>,1923,movie_info.info_type_id,>,2,title.imdb_index,>,0#1998260541
movie_keyword,movie_info,movie_info_idx,movie_companies,title#title.id=movie_keyword.movie_id,title.id=movie_info.movie_id,title.id=movie_info_idx.movie_id,title.id=movie_companies.movie_id#movie_info_idx.info_type_id,=,101,title.production_year,<,109#1547526404
movie_info_idx,movie_keyword,movie_companies,movie_info,title#title.id=movie_info_idx.movie_id,title.id=movie_keyword.movie_id,title.id=movie_companies.movie_id,title.id=movie_info.movie_id#movie_info_idx.info_type_id,>,99,movie_info.info_type_id,<,103,title.kind_id,>,2#163667128
movie_companies,movie_info_idx,cast_info,movie_keyword,title#title.id=movie_companies.movie_id,title.id=movie_info_idx.movie_id,title.id=cast_info.movie_id,title.id=movie_keyword.movie_id#movie_companies.company_type_id,>,1,movie_info_idx.info_type_id,>,99,movie_keyword.keyword_id,>,732,title.imdb_index,=,0,title.season_nr,=,0#958199292
movie_companies,movie_keyword,cast_info,movie_info_idx,title#title.id=movie_companies.movie_id,title.id=movie_keyword.movie_id,title.id=cast_info.movie_id,title.id=movie_info_idx.movie_id#cast_info.nr_order,>,1,title.production_year,<,126,title.imdb_index,=,0,title.season_nr,<,1,title.phonetic_code,<,11895#1851394960
cast_info,movie_keyword,movie_info_idx,movie_info,title#title.id=cast_info.movie_id,title.id=movie_keyword.movie_id,title.id=movie_info_idx.movie_id,title.id=movie_info.movie_id#cast_info.role_id,>,1,movie_info_idx.info_type_id,=,101,title.series_years,>,0,title.phonetic_code,>,19425,title.season_nr,=,0,title.imdb_index,>,0#1514
movie_keyword,movie_info,cast_info,movie_info_idx,title#title.id=movie_keyword.movie_id,title.id=movie_info.movie_id,title.id=cast_info.movie_id,title.id=movie_info_idx.movie_id#movie_keyword.keyword_id,>,335,movie_info.info_type_id,>,3,title.kind_id,>,1,title.series_years,>,0#290680578
movie_keyword,movie_info,cast_info,movie_companies,title#title.id=movie_keyword.movie_id,title.id=movie_info.movie_id,title.id=cast_info.movie_id,title.id=movie_companies.movie_id#movie_keyword.keyword_id,<,44465,title.season_nr,=,0,title.series_years,>,0#1813624618
movie_keyword,movie_info_idx,movie_info,movie_companies,title#title.id=movie_keyword.movie_id,title.id=movie_info_idx.movie_id,title.id=movie_info.movie_id,title.id=movie_companies.movie_id#movie_info_idx.info_type_id,>,99,title.phonetic_code,<,18968#9605863463
movie_companies,movie_info,movie_info_idx,cast_info,title#title.id=movie_companies.movie_id,title.id=movie_info.movie_id,title.id=movie_info_idx.movie_id,title.id=cast_info.movie_id#movie_companies.company_type_id,>,1,movie_info.info_type_id,>,2,cast_info.nr_order,>,1,title.season_nr,>,0,title.kind_id,>,1#77907306
movie_info_idx,cast_info,movie_info,movie_keyword,title#title.id=movie_info_idx.movie_id,title.id=cast_info.movie_id,title.id=movie_info.movie_id,title.id=movie_keyword.movie_id#movie_info_idx.info_type_id,>,99,title.episode_nr,>,48#1941302
movie_info,movie_keyword,cast_info,movie_info_idx,title#title.id=movie_info.movie_id,title.id=movie_keyword.movie_id,title.id=cast_info.movie_id,title.id=movie_info_idx.movie_id#movie_keyword.keyword_id,>,3262,cast_info.nr_order,<,2,title.episode_nr,<,91,title.series_years,>,0#1625586
cast_info,movie_info_idx,movie_info,movie_keyword,title#title.id=cast_info.movie_id,title.id=movie_info_idx.movie_id,title.id=movie_info.movie_id,title.id=movie_keyword.movie_id#movie_info.info_type_id,<,107,title.series_years,>,0,title.phonetic_code,<,2079#69284889
movie_info_idx,movie_companies,movie_info,movie_keyword,title#title.id=movie_info_idx.movie_id,title.id=movie_companies.movie_id,title.id=movie_info.movie_id,title.id=movie_keyword.movie_id#movie_info_idx.info_type_id,<,101,title.imdb_index,>,0,title.series_years,>,0,title.phonetic_code,<,23044#759304
movie_keyword,movie_info_idx,cast_info,movie_companies,title#title.id=movie_keyword.movie_id,title.id=movie_info_idx.movie_id,title.id=cast_info.movie_id,title.id=movie_companies.movie_id#title.phonetic_code,>,0,title.kind_id,=,7#222886698
movie_info_idx,movie_companies,movie_info,cast_info,title#title.id=movie_info_idx.movie_id,title.id=movie_companies.movie_id,title.id=movie_info.movie_id,title.id=cast_info.movie_id#movie_companies.company_type_id,=,1,movie_info.info_type_id,>,1,title.phonetic_code,>,5462#9676030824
cast_info,movie_keyword,movie_companies,movie_info,title#title.id=cast_info.movie_id,title.id=movie_keyword.movie_id,title.id=movie_companies.movie_id,title.id=movie_info.movie_id#cast_info.nr_order,<,39,movie_companies.company_type_id,>,1,movie_info.info_type_id,>,1,title.kind_id,>,2,title.imdb_index,>,0#1481238
movie_info_idx,movie_info,movie_keyword,cast_info,title#title.id=movie_info_idx.movie_id,title.id=movie_info.movie_id,title.id=movie_keyword.movie_id,title.id=cast_info.movie_id#title.episode_nr,>,0#821711082
movie_companies,movie_keyword,cast_info,movie_info,title#title.id=movie_companies.movie_id,title.id=movie_keyword.movie_id,title.id=cast_info.movie_id,title.id=movie_info.movie_id#movie_companies.company_type_id,>,1,movie_keyword.keyword_id,<,23040,cast_info.nr_order,>,1,title.production_year,<,103,title.phonetic_code,<,12243,title.season_nr,=,0#1662472089
movie_info_idx,cast_info,movie_companies,movie_info,title#title.id=movie_info_idx.movie_id,title.id=cast_info.movie_id,title.id=movie_companies.movie_id,title.id=movie_info.movie_id#movie_info_idx.info_type_id,=,99,cast_info.nr_order,>,0,movie_info.info_type_id,<,16,title.season_nr,=,1#16603538
movie_info,cast_info,movie_companies,movie_keyword,title#title.id=movie_info.movie_id,title.id=cast_info.movie_id,title.id=movie_companies.movie_id,title.id=movie_keyword.movie_id#cast_info.role_id,=,10,movie_companies.company_type_id,>,1,movie_keyword.keyword_id,>,117,title.episode_nr,>,0#179419634
movie_keyword,movie_info_idx,movie_info,movie_companies,title#title.id=movie_keyword.movie_id,title.id=movie_info_idx.movie_id,title.id=movie_info.movie_id,title.id=movie_companies.movie_id#movie_info.info_type_id,<,18,title.phonetic_code,<,9434#4899725574
movie_info,movie_keyword,cast_info,movie_info_idx,title#title.id=movie_info.movie_id,title.id=movie_keyword.movie_id,title.id=cast_info.movie_id,title.id=movie_info_idx.movie_id#title.imdb_index,>,0,title.series_years,<,653,title.kind_id,>,1#6204366
movie_companies,movie_info_idx,cast_info,movie_keyword,title#title.id=movie_companies.movie_id,title.id=movie_info_idx.movie_id,title.id=cast_info.movie_id,title.id=movie_keyword.movie_id#cast_info.role_id,>,1,title.production_year,>,123#1026471146
movie_companies,movie_info,cast_info,movie_info_idx,title#title.id=movie_companies.movie_id,title.id=movie_info.movie_id,title.id=cast_info.movie_id,title.id=movie_info_idx.movie_id#movie_info.info_type_id,>,1,title.phonetic_code,>,11692#7095061659
movie_info,cast_info,movie_companies,movie_info_idx,title#title.id=movie_info.movie_id,title.id=cast_info.movie_id,title.id=movie_companies.movie_id,title.id=movie_info_idx.movie_id#movie_info.info_type_id,>,3,movie_companies.company_type_id,<,2,movie_info_idx.info_type_id,>,99,title.phonetic_code,>,17169,title.production_year,<,115#625674050
movie_keyword,movie_info,cast_info,movie_companies,title#title.id=movie_keyword.movie_id,title.id=movie_info.movie_id,title.id=cast_info.movie_id,title.id=movie_companies.movie_id#movie_keyword.keyword_id,>,228,cast_info.role_id,=,3,title.season_nr,>,0,title.phonetic_code,<,23080,title.episode_nr,<,4192#275222004
cast_info,movie_info,movie_keyword,movie_companies,title#title.id=cast_info.movie_id,title.id=movie_info.movie_id,title.id=movie_keyword.movie_id,title.id=movie_companies.movie_id#movie_info.info_type_id,>,2,movie_companies.company_type_id,>,1,title.phonetic_code,<,709,title.production_year,>,85#5098586897
movie_info,movie_keyword,movie_companies,movie_info_idx,title#title.id=movie_info.movie_id,title.id=movie_keyword.movie_id,title.id=movie_companies.movie_id,title.id=movie_info_idx.movie_id#movie_companies.company_type_id,=,2,title.imdb_index,=,0,title.phonetic_code,>,0,title.production_year,<,127,title.episode_nr,>,0#30198930
movie_companies,cast_info,movie_keyword,movie_info_idx,title#title.id=movie_companies.movie_id,title.id=cast_info.movie_id,title.id=movie_keyword.movie_id,title.id=movie_info_idx.movie_id#movie_companies.company_type_id,=,2,cast_info.role_id,>,1,title.season_nr,<,26#1206008320
cast_info,movie_companies,movie_keyword,movie_info,title#title.id=cast_info.movie_id,title.id=movie_companies.movie_id,title.id=movie_keyword.movie_id,title.id=movie_info.movie_id#cast_info.role_id,>,1,movie_keyword.keyword_id,>,11125,movie_info.info_type_id,<,98,title.series_years,>,0,title.season_nr,>,0#2492
movie_companies,movie_keyword,movie_info,movie_info_idx,title#title.id=movie_companies.movie_id,title.id=movie_keyword.movie_id,title.id=movie_info.movie_id,title.id=movie_info_idx.movie_id#movie_companies.company_type_id,=,2,movie_info.info_type_id,<,18,title.episode_nr,>,0#26584386
movie_info,cast_info,movie_companies,movie_keyword,title#title.id=movie_info.movie_id,title.id=cast_info.movie_id,title.id=movie_companies.movie_id,title.id=movie_keyword.movie_id#movie_info.info_type_id,<,98,movie_keyword.keyword_id,<,54273,title.phonetic_code,>,12191,title.production_year,>,123,title.kind_id,=,7#220118089
movie_info_idx,movie_keyword,movie_info,cast_info,title#title.id=movie_info_idx.movie_id,title.id=movie_keyword.movie_id,title.id=movie_info.movie_id,title.id=cast_info.movie_id#movie_info_idx.info_type_id,>,99,movie_info.info_type_id,<,98,title.series_years,>,0#241130232
movie_info_idx,cast_info,movie_info,movie_keyword,title#title.id=movie_info_idx.movie_id,title.id=cast_info.movie_id,title.id=movie_info.movie_id,title.id=movie_keyword.movie_id#cast_info.nr_order,<,41,title.series_years,>,0,title.episode_nr,<,29,title.kind_id,<,7,title.phonetic_code,<,20716#39548373
movie_companies,movie_info,movie_info_idx,cast_info,title#title.id=movie_companies.movie_id,title.id=movie_info.movie_id,title.id=movie_info_idx.movie_id,title.id=cast_info.movie_id#movie_info.info_type_id,>,1,cast_info.role_id,=,10,title.season_nr,>,0,title.phonetic_code,>,2381#134930436
movie_info_idx,movie_keyword,cast_info,movie_companies,title#title.id=movie_info_idx.movie_id,title.id=movie_keyword.movie_id,title.id=cast_info.movie_id,title.id=movie_companies.movie_id#movie_info_idx.info_type_id,>,99,title.imdb_index,=,0#6163608029
movie_info,cast_info,movie_keyword,movie_companies,title#title.id=movie_info.movie_id,title.id=cast_info.movie_id,title.id=movie_keyword.movie_id,title.id=movie_companies.movie_id#cast_info.nr_order,<,24,title.phonetic_code,>,0,title.season_nr,=,1,title.production_year,>,29#258821234
movie_info_idx,movie_keyword,movie_info,cast_info,title#title.id=movie_info_idx.movie_id,title.id=movie_keyword.movie_id,title.id=movie_info.movie_id,title.id=cast_info.movie_id#movie_keyword.keyword_id,<,12258,cast_info.role_id,>,3,title.phonetic_code,<,15801,title.kind_id,>,2,title.production_year,>,100#529730610
movie_info_idx,cast_info,movie_companies,movie_keyword,title#title.id=movie_info_idx.movie_id,title.id=cast_info.movie_id,title.id=movie_companies.movie_id,title.id=movie_keyword.movie_id#cast_info.role_id,>,1,movie_companies.company_type_id,=,2,title.series_years,>,0#14154612
movie_info,movie_info_idx,movie_keyword,cast_info,title#title.id=movie_info.movie_id,title.id=movie_info_idx.movie_id,title.id=movie_keyword.movie_id,title.id=cast_info.movie_id#movie_info.info_type_id,<,18,movie_keyword.keyword_id,<,76554,title.production_year,<,106,title.kind_id,<,7,title.series_years,>,0#89116863
movie_info,movie_keyword,cast_info,movie_companies,title#title.id=movie_info.movie_id,title.id=movie_keyword.movie_id,title.id=cast_info.movie_id,title.id=movie_companies.movie_id#movie_info.info_type_id,>,2,title.kind_id,=,2,title.season_nr,=,0#1829633000
cast_info,movie_keyword,movie_info_idx,movie_companies,title#title.id=cast_info.movie_id,title.id=movie_keyword.movie_id,title.id=movie_info_idx.movie_id,title.id=movie_companies.movie_id#cast_info.role_id,>,1,movie_info_idx.info_type_id,>,99,title.season_nr,=,0,title.production_year,<,87#284960173
movie_companies,movie_keyword,movie_info_idx,movie_info,title#title.id=movie_companies.movie_id,title.id=movie_keyword.movie_id,title.id=movie_info_idx.movie_id,title.id=movie_info.movie_id#title.series_years,>,0#237900429
movie_info_idx,movie_info,movie_companies,movie_keyword,title#title.id=movie_info_idx.movie_id,title.id=movie_info.movie_id,title.id=movie_companies.movie_id,title.id=movie_keyword.movie_id#movie_info_idx.info_type_id,>,99,movie_info.info_type_id,>,1,title.phonetic_code,>,11464,title.production_year,>,82,title.episode_nr,>,0,title.imdb_index,=,0#22261642
cast_info,movie_keyword,movie_info,movie_info_idx,title#title.id=cast_info.movie_id,title.id=movie_keyword.movie_id,title.id=movie_info.movie_id,title.id=movie_info_idx.movie_id#movie_keyword.keyword_id,<,9290,movie_info_idx.info_type_id,<,101,title.episode_nr,>,22,title.imdb_index,=,0#11047394
movie_info,movie_info_idx,cast_info,movie_companies,title#title.id=movie_info.movie_id,title.id=movie_info_idx.movie_id,title.id=cast_info.movie_id,title.id=movie_companies.movie_id#movie_info_idx.info_type_id,<,101,movie_companies.company_type_id,=,1,title.series_years,<,780,title.season_nr,>,0#244485028
movie_info_idx,movie_info,cast_info,movie_keyword,title#title.id=movie_info_idx.movie_id,title.id=movie_info.movie_id,title.id=cast_info.movie_id,title.id=movie_keyword.movie_id#movie_info_idx.info_type_id,>,99,movie_info.info_type_id,<,5,title.production_year,<,126,title.series_years,<,1400#2439164847
movie_info_idx,movie_info,movie_keyword,cast_info,title#title.id=movie_info_idx.movie_id,title.id=movie_info.movie_id,title.id=movie_keyword.movie_id,title.id=cast_info.movie_id#movie_info_idx.info_type_id,=,99,cast_info.nr_order,<,60,title.series_years,>,0,title.episode_nr,<,7#14680895
movie_companies,cast_info,movie_info_idx,movie_info,title#title.id=movie_companies.movie_id,title.id=cast_info.movie_id,title.id=movie_info_idx.movie_id,title.id=movie_info.movie_id#movie_companies.company_type_id,>,1,movie_info_idx.info_type_id,=,101,title.phonetic_code,<,16905,title.season_nr,=,0,title.series_years,>,0,title.production_year,<,110#7692469
movie_keyword,movie_companies,movie_info_idx,cast_info,title#title.id=movie_keyword.movie_id,title.id=movie_companies.movie_id,title.id=movie_info_idx.movie_id,title.id=cast_info.movie_id#movie_keyword.keyword_id,>,236,title.imdb_index,=,0#8709756946
movie_keyword,movie_info_idx,movie_info,movie_companies,title#title.id=movie_keyword.movie_id,title.id=movie_info_idx.movie_id,title.id=movie_info.movie_id,title.id=movie_companies.movie_id#movie_info_idx.info_type_id,<,101,title.imdb_index,>,0,title.kind_id,=,1,title.production_year,<,117#28029282
movie_companies,movie_keyword,movie_info_idx,cast_info,title#title.id=movie_companies.movie_id,title.id=movie_keyword.movie_id,title.id=movie_info_idx.movie_id,title.id=cast_info.movie_id#movie_keyword.keyword_id,<,41482,movie_info_idx.info_type_id,=,101,cast_info.role_id,<,3,title.episode_nr,>,0#26925534
cast_info,movie_info_idx,movie_companies,movie_info,title#title.id=cast_info.movie_id,title.id=movie_info_idx.movie_id,title.id=movie_companies.movie_id,title.id=movie_info.movie_id#cast_info.nr_order,>,1,movie_info.info_type_id,<,98,title.episode_nr,<,1#4635950752
movie_companies,movie_keyword,movie_info,cast_info,title#title.id=movie_companies.movie_id,title.id=movie_keyword.movie_id,title.id=movie_info.movie_id,title.id=cast_info.movie_id#movie_companies.company_type_id,=,1,movie_keyword.keyword_id,<,72274,title.phonetic_code,>,9549,title.production_year,<,35#22442007
movie_info,cast_info,movie_keyword,movie_info_idx,title#title.id=movie_info.movie_id,title.id=cast_info.movie_id,title.id=movie_keyword.movie_id,title.id=movie_info_idx.movie_id#movie_info.info_type_id,>,1,movie_info_idx.info_type_id,<,101,title.imdb_index,>,0#1215504296
movie_keyword,movie_companies,movie_info,movie_info_idx,title#title.id=movie_keyword.movie_id,title.id=movie_companies.movie_id,title.id=movie_info.movie_id,title.id=movie_info_idx.movie_id#movie_companies.company_type_id,<,2,movie_info.info_type_id,>,1,title.phonetic_code,<,6770,title.season_nr,=,0#4994974064
movie_companies,movie_keyword,movie_info_idx,cast_info,title#title.id=movie_companies.movie_id,title.id=movie_keyword.movie_id,title.id=movie_info_idx.movie_id,title.id=cast_info.movie_id#cast_info.role_id,>,1,title.kind_id,>,4#205126752
movie_info_idx,movie_companies,cast_info,movie_info,title#title.id=movie_info_idx.movie_id,title.id=movie_companies.movie_id,title.id=cast_info.movie_id,title.id=movie_info.movie_id#movie_companies.company_type_id,=,1,cast_info.role_id,=,2,movie_info.info_type_id,<,16,title.imdb_index,>,0#18826305
movie_info,movie_keyword,movie_companies,movie_info_idx,title#title.id=movie_info.movie_id,title.id=movie_keyword.movie_id,title.id=movie_companies.movie_id,title.id=movie_info_idx.movie_id#movie_info.info_type_id,>,2,movie_companies.company_type_id,=,1,title.episode_nr,>,0,title.production_year,<,126#47217549
movie_info,movie_companies,movie_keyword,cast_info,title#title.id=movie_info.movie_id,title.id=movie_companies.movie_id,title.id=movie_keyword.movie_id,title.id=cast_info.movie_id#movie_info.info_type_id,<,18,movie_keyword.keyword_id,<,16822,title.imdb_index,=,0,title.season_nr,>,0#1146259797
movie_keyword,cast_info,movie_info_idx,movie_info,title#title.id=movie_keyword.movie_id,title.id=cast_info.movie_id,title.id=movie_info_idx.movie_id,title.id=movie_info.movie_id#cast_info.role_id,=,5,movie_info.info_type_id,<,17,title.kind_id,<,3,title.imdb_index,>,0#9274056
movie_info,movie_keyword,movie_info_idx,cast_info,title#title.id=movie_info.movie_id,title.id=movie_keyword.movie_id,title.id=movie_info_idx.movie_id,title.id=cast_info.movie_id#movie_info.info_type_id,>,2,cast_info.role_id,=,3,title.kind_id,<,7,title.production_year,<,112,title.series_years,>,0,title.phonetic_code,>,20552#437028
movie_companies,cast_info,movie_info_idx,movie_keyword,title#title.id=movie_companies.movie_id,title.id=cast_info.movie_id,title.id=movie_info_idx.movie_id,title.id=movie_keyword.movie_id#cast_info.nr_order,<,23,title.episode_nr,>,0,title.phonetic_code,>,5557,title.production_year,<,117#13029204
movie_keyword,cast_info,movie_info,movie_companies,title#title.id=movie_keyword.movie_id,title.id=cast_info.movie_id,title.id=movie_info.movie_id,title.id=movie_companies.movie_id#movie_info.info_type_id,>,1,movie_companies.company_type_id,>,1,title.episode_nr,>,0,title.phonetic_code,>,7218#342327342
cast_info,movie_info_idx,movie_keyword,movie_info,title#title.id=cast_info.movie_id,title.id=movie_info_idx.movie_id,title.id=movie_keyword.movie_id,title.id=movie_info.movie_id#title.series_years,>,0,title.phonetic_code,>,0,title.kind_id,>,1#367604322
movie_info,cast_info,movie_companies,movie_info_idx,title#title.id=movie_info.movie_id,title.id=cast_info.movie_id,title.id=movie_companies.movie_id,title.id=movie_info_idx.movie_id#movie_companies.company_type_id,<,2,title.kind_id,>,1,title.phonetic_code,<,21477#750745116
movie_keyword,movie_companies,movie_info,movie_info_idx,title#title.id=movie_keyword.movie_id,title.id=movie_companies.movie_id,title.id=movie_info.movie_id,title.id=movie_info_idx.movie_id#movie_keyword.keyword_id,<,72528,movie_companies.company_type_id,>,1,movie_info.info_type_id,>,1,title.episode_nr,>,0,title.production_year,<,106#5574678
movie_info_idx,cast_info,movie_keyword,movie_companies,title#title.id=movie_info_idx.movie_id,title.id=cast_info.movie_id,title.id=movie_keyword.movie_id,title.id=movie_companies.movie_id#movie_info_idx.info_type_id,=,99,movie_keyword.keyword_id,<,29329,movie_companies.company_type_id,>,1,title.imdb_index,=,0#492986166
movie_info,movie_companies,movie_info_idx,cast_info,title#title.id=movie_info.movie_id,title.id=movie_companies.movie_id,title.id=movie_info_idx.movie_id,title.id=cast_info.movie_id#movie_companies.company_type_id,>,1,title.season_nr,=,0,title.kind_id,>,2#162187761
cast_info,movie_info_idx,movie_keyword,movie_info,title#title.id=cast_info.movie_id,title.id=movie_info_idx.movie_id,title.id=movie_keyword.movie_id,title.id=movie_info.movie_id#cast_info.nr_order,>,1,movie_keyword.keyword_id,>,229,title.kind_id,=,7#265391601
cast_info,movie_info,movie_info_idx,movie_keyword,title#title.id=cast_info.movie_id,title.id=movie_info.movie_id,title.id=movie_info_idx.movie_id,title.id=movie_keyword.movie_id#cast_info.nr_order,<,18,title.production_year,<,126,title.episode_nr,<,9590#11410442012
movie_companies,movie_info,cast_info,movie_keyword,title#title.id=movie_companies.movie_id,title.id=movie_info.movie_id,title.id=cast_info.movie_id,title.id=movie_keyword.movie_id#movie_companies.company_type_id,=,2,movie_keyword.keyword_id,>,121,title.season_nr,>,0,title.phonetic_code,<,17638,title.kind_id,>,4#533354567
movie_companies,movie_info_idx,movie_info,movie_keyword,title#title.id=movie_companies.movie_id,title.id=movie_info_idx.movie_id,title.id=movie_info.movie_id,title.id=movie_keyword.movie_id#movie_info_idx.info_type_id,<,101,movie_info.info_type_id,<,98,title.kind_id,<,2#7562387578
movie_companies,movie_keyword,movie_info,movie_info_idx,title#title.id=movie_companies.movie_id,title.id=movie_keyword.movie_id,title.id=movie_info.movie_id,title.id=movie_info_idx.movie_id#movie_companies.company_type_id,=,1,title.kind_id,=,7#54553488
movie_keyword,cast_info,movie_info_idx,movie_info,title#title.id=movie_keyword.movie_id,title.id=cast_info.movie_id,title.id=movie_info_idx.movie_id,title.id=movie_info.movie_id#movie_info_idx.info_type_id,=,101,movie_info.info_type_id,>,1,title.phonetic_code,<,14091#16792158893
movie_info_idx,movie_info,movie_keyword,cast_info,title#title.id=movie_info_idx.movie_id,title.id=movie_info.movie_id,title.id=movie_keyword.movie_id,title.id=cast_info.movie_id#movie_info.info_type_id,>,3,cast_info.role_id,=,1,title.episode_nr,>,0#196844187
cast_info,movie_companies,movie_info,movie_keyword,title#title.id=cast_info.movie_id,title.id=movie_companies.movie_id,title.id=movie_info.movie_id,title.id=movie_keyword.movie_id#movie_info.info_type_id,>,1,movie_keyword.keyword_id,>,2849,title.kind_id,>,1,title.production_year,<,40#1295024
movie_info,cast_info,movie_companies,movie_keyword,title#title.id=movie_info.movie_id,title.id=cast_info.movie_id,title.id=movie_companies.movie_id,title.id=movie_keyword.movie_id#cast_info.nr_order,<,67,movie_companies.company_type_id,>,1,title.series_years,>,0,title.phonetic_code,>,6981#21181887
movie_companies,cast_info,movie_info_idx,movie_keyword,title#title.id=movie_companies.movie_id,title.id=cast_info.movie_id,title.id=movie_info_idx.movie_id,title.id=movie_keyword.movie_id#cast_info.role_id,>,1,title.season_nr,>,1,title.phonetic_code,>,10681#42128361
cast_info,movie_info_idx,movie_info,movie_keyword,title#title.id=cast_info.movie_id,title.id=movie_info_idx.movie_id,title.id=movie_info.movie_id,title.id=movie_keyword.movie_id#cast_info.nr_order,>,1,movie_info_idx.info_type_id,=,99,title.episode_nr,>,3,title.production_year,<,124,title.phonetic_code,>,10208#23732311
cast_info,movie_info_idx,movie_companies,movie_keyword,title#title.id=cast_info.movie_id,title.id=movie_info_idx.movie_id,title.id=movie_companies.movie_id,title.id=movie_keyword.movie_id#cast_info.nr_order,>,0,movie_companies.company_type_id,<,2,title.phonetic_code,>,0,title.production_year,<,123,title.kind_id,=,7,title.episode_nr,<,15#23275755
movie_info_idx,movie_keyword,movie_info,movie_companies,title#title.id=movie_info_idx.movie_id,title.id=movie_keyword.movie_id,title.id=movie_info.movie_id,title.id=movie_companies.movie_id#title.phonetic_code,<,20854,title.episode_nr,<,3699,title.production_year,>,30#14763505791
movie_keyword,movie_info_idx,movie_info,movie_companies,title#title.id=movie_keyword.movie_id,title.id=movie_info_idx.movie_id,title.id=movie_info.movie_id,title.id=movie_companies.movie_id#movie_info_idx.info_type_id,<,101,movie_info.info_type_id,>,1,movie_companies.company_type_id,>,1,title.phonetic_code,>,3149#1109242528
movie_info_idx,movie_keyword,cast_info,movie_companies,title#title.id=movie_info_idx.movie_id,title.id=movie_keyword.movie_id,title.id=cast_info.movie_id,title.id=movie_companies.movie_id#movie_info_idx.info_type_id,<,101,cast_info.nr_order,<,50,title.production_year,<,127,title.imdb_index,>,0,title.kind_id,<,7,title.season_nr,=,0#51047110
movie_companies,movie_keyword,cast_info,movie_info,title#title.id=movie_companies.movie_id,title.id=movie_keyword.movie_id,title.id=cast_info.movie_id,title.id=movie_info.movie_id#title.imdb_index,>,0,title.kind_id,=,3#14687483
movie_info_idx,movie_companies,movie_keyword,movie_info,title#title.id=movie_info_idx.movie_id,title.id=movie_companies.movie_id,title.id=movie_keyword.movie_id,title.id=movie_info.movie_id#movie_info_idx.info_type_id,>,99,title.kind_id,=,7,title.imdb_index,=,0,title.episode_nr,<,86#57200734
movie_info,movie_keyword,cast_info,movie_companies,title#title.id=movie_info.movie_id,title.id=movie_keyword.movie_id,title.id=cast_info.movie_id,title.id=movie_companies.movie_id#movie_keyword.keyword_id,>,706,title.production_year,<,78,title.phonetic_code,<,4480,title.series_years,>,0,title.kind_id,>,1#17808277
movie_keyword,movie_info_idx,movie_companies,cast_info,title#title.id=movie_keyword.movie_id,title.id=movie_info_idx.movie_id,title.id=movie_companies.movie_id,title.id=cast_info.movie_id#movie_keyword.keyword_id,<,44891,cast_info.role_id,>,1,title.phonetic_code,<,2342,title.imdb_index,>,0#28215109
movie_info_idx,movie_keyword,movie_companies,movie_info,title#title.id=movie_info_idx.movie_id,title.id=movie_keyword.movie_id,title.id=movie_companies.movie_id,title.id=movie_info.movie_id#movie_companies.company_type_id,=,1,movie_info.info_type_id,>,2,title.production_year,>,123,title.season_nr,>,4,title.phonetic_code,<,15655#1660665
movie_info,movie_info_idx,movie_keyword,movie_companies,title#title.id=movie_info.movie_id,title.id=movie_info_idx.movie_id,title.id=movie_keyword.movie_id,title.id=movie_companies.movie_id#movie_companies.company_type_id,=,2,title.phonetic_code,>,2703#1808725312
movie_info,movie_keyword,movie_info_idx,movie_companies,title#title.id=movie_info.movie_id,title.id=movie_keyword.movie_id,title.id=movie_info_idx.movie_id,title.id=movie_companies.movie_id#movie_info.info_type_id,<,16,title.episode_nr,>,0#50227956
movie_keyword,movie_companies,movie_info,cast_info,title#title.id=movie_keyword.movie_id,title.id=movie_companies.movie_id,title.id=movie_info.movie_id,title.id=cast_info.movie_id#movie_keyword.keyword_id,>,335,movie_info.info_type_id,>,1,title.imdb_index,=,0,title.series_years,>,0,title.production_year,<,115#1057598241
cast_info,movie_info,movie_info_idx,movie_keyword,title#title.id=cast_info.movie_id,title.id=movie_info.movie_id,title.id=movie_info_idx.movie_id,title.id=movie_keyword.movie_id#movie_info_idx.info_type_id,=,100,title.phonetic_code,<,18106,title.kind_id,>,1,title.episode_nr,>,0#244314968
movie_companies,movie_info_idx,movie_info,cast_info,title#title.id=movie_companies.movie_id,title.id=movie_info_idx.movie_id,title.id=movie_info.movie_id,title.id=cast_info.movie_id#title.kind_id,=,7,title.episode_nr,>,0,title.phonetic_code,>,0#616929708
movie_keyword,cast_info,movie_companies,movie_info_idx,title#title.id=movie_keyword.movie_id,title.id=cast_info.movie_id,title.id=movie_companies.movie_id,title.id=movie_info_idx.movie_id#movie_keyword.keyword_id,<,87439,movie_info_idx.info_type_id,=,100,title.kind_id,=,3,title.phonetic_code,>,2865,title.production_year,>,101#34507369
movie_companies,movie_keyword,movie_info_idx,cast_info,title#title.id=movie_companies.movie_id,title.id=movie_keyword.movie_id,title.id=movie_info_idx.movie_id,title.id=cast_info.movie_id#movie_companies.company_type_id,<,2,movie_info_idx.info_type_id,=,99,title.production_year,>,121#722012305
movie_keyword,movie_companies,cast_info,movie_info_idx,title#title.id=movie_keyword.movie_id,title.id=movie_companies.movie_id,title.id=cast_info.movie_id,title.id=movie_info_idx.movie_id#movie_keyword.keyword_id,<,60765,cast_info.role_id,<,9,title.kind_id,>,1,title.phonetic_code,>,11516,title.episode_nr,>,0#63042372
movie_info,movie_companies,movie_keyword,movie_info_idx,title#title.id=movie_info.movie_id,title.id=movie_companies.movie_id,title.id=movie_keyword.movie_id,title.id=movie_info_idx.movie_id#movie_companies.company_type_id,<,2,title.imdb_index,=,0,title.series_years,<,1203,title.phonetic_code,<,12557,title.kind_id,<,2#7779143606
movie_companies,cast_info,movie_info_idx,movie_keyword,title#title.id=movie_companies.movie_id,title.id=cast_info.movie_id,title.id=movie_info_idx.movie_id,title.id=movie_keyword.movie_id#movie_companies.company_type_id,<,2,title.production_year,<,124#6491634887
movie_companies,movie_keyword,movie_info_idx,movie_info,title#title.id=movie_companies.movie_id,title.id=movie_keyword.movie_id,title.id=movie_info_idx.movie_id,title.id=movie_info.movie_id#movie_keyword.keyword_id,<,59979,title.season_nr,=,1#38832525
movie_info,movie_info_idx,movie_companies,movie_keyword,title#title.id=movie_info.movie_id,title.id=movie_info_idx.movie_id,title.id=movie_companies.movie_id,title.id=movie_keyword.movie_id#movie_info.info_type_id,>,1,movie_info_idx.info_type_id,<,101,title.series_years,>,0,title.kind_id,<,3,title.phonetic_code,>,2693#124797406
movie_info_idx,cast_info,movie_info,movie_companies,title#title.id=movie_info_idx.movie_id,title.id=cast_info.movie_id,title.id=movie_info.movie_id,title.id=movie_companies.movie_id#movie_info_idx.info_type_id,<,101,movie_info.info_type_id,<,16,title.phonetic_code,<,985#349360808
movie_companies,movie_info,movie_info_idx,movie_keyword,title#title.id=movie_companies.movie_id,title.id=movie_info.movie_id,title.id=movie_info_idx.movie_id,title.id=movie_keyword.movie_id#movie_companies.company_type_id,<,2,movie_info.info_type_id,<,108,movie_keyword.keyword_id,<,61121,title.imdb_index,=,0,title.phonetic_code,<,1266,title.episode_nr,>,0,title.production_year,>,122#1872330
movie_companies,movie_info_idx,movie_keyword,movie_info,title#title.id=movie_companies.movie_id,title.id=movie_info_idx.movie_id,title.id=movie_keyword.movie_id,title.id=movie_info.movie_id#movie_companies.company_type_id,<,2,movie_keyword.keyword_id,>,47,movie_info.info_type_id,<,17,title.phonetic_code,<,2877#1555693740
cast_info,movie_companies,movie_info_idx,movie_info,title#title.id=cast_info.movie_id,title.id=movie_companies.movie_id,title.id=movie_info_idx.movie_id,title.id=movie_info.movie_id#cast_info.nr_order,<,88,movie_info.info_type_id,<,16,title.imdb_index,=,0#2599583444
movie_companies,movie_info_idx,movie_info,movie_keyword,title#title.id=movie_companies.movie_id,title.id=movie_info_idx.movie_id,title.id=movie_info.movie_id,title.id=movie_keyword.movie_id#movie_info_idx.info_type_id,<,101,movie_info.info_type_id,>,1,movie_keyword.keyword_id,<,39118,title.phonetic_code,<,71,title.series_years,>,0#5468146
movie_companies,cast_info,movie_keyword,movie_info,title#title.id=movie_companies.movie_id,title.id=cast_info.movie_id,title.id=movie_keyword.movie_id,title.id=movie_info.movie_id#cast_info.nr_order,<,2000,title.series_years,>,0,title.phonetic_code,<,3021,title.imdb_index,>,0#82026
movie_companies,movie_info_idx,movie_info,movie_keyword,title#title.id=movie_companies.movie_id,title.id=movie_info_idx.movie_id,title.id=movie_info.movie_id,title.id=movie_keyword.movie_id#movie_info_idx.info_type_id,<,101,movie_info.info_type_id,>,1,title.season_nr,=,0,title.production_year,<,126#9285742072
movie_info,movie_keyword,movie_companies,movie_info_idx,title#title.id=movie_info.movie_id,title.id=movie_keyword.movie_id,title.id=movie_companies.movie_id,title.id=movie_info_idx.movie_id#movie_info.info_type_id,<,18,title.production_year,>,23,title.kind_id,>,1,title.season_nr,<,6#386515779
cast_info,movie_companies,movie_info,movie_keyword,title#title.id=cast_info.movie_id,title.id=movie_companies.movie_id,title.id=movie_info.movie_id,title.id=movie_keyword.movie_id#movie_info.info_type_id,>,1,movie_keyword.keyword_id,<,16264,title.season_nr,>,0,title.episode_nr,>,0,title.kind_id,>,1#1250869258
movie_companies,movie_info_idx,cast_info,movie_keyword,title#title.id=movie_companies.movie_id,title.id=movie_info_idx.movie_id,title.id=cast_info.movie_id,title.id=movie_keyword.movie_id#movie_info_idx.info_type_id,=,101,cast_info.role_id,<,6,movie_keyword.keyword_id,<,2488,title.production_year,>,123,title.kind_id,=,1#61804771
movie_info,cast_info,movie_keyword,movie_info_idx,title#title.id=movie_info.movie_id,title.id=cast_info.movie_id,title.id=movie_keyword.movie_id,title.id=movie_info_idx.movie_id#cast_info.role_id,=,2,title.season_nr,<,21,title.production_year,<,125,title.kind_id,<,7,title.series_years,>,0#39179865
cast_info,movie_info,movie_keyword,movie_companies,title#title.id=cast_info.movie_id,title.id=movie_info.movie_id,title.id=movie_keyword.movie_id,title.id=movie_companies.movie_id#cast_info.role_id,=,10,title.imdb_index,>,0,title.phonetic_code,<,6840#3639472329
movie_info,movie_companies,movie_info_idx,movie_keyword,title#title.id=movie_info.movie_id,title.id=movie_companies.movie_id,title.id=movie_info_idx.movie_id,title.id=movie_keyword.movie_id#movie_info.info_type_id,>,3,movie_companies.company_type_id,>,1,title.season_nr,=,0,title.kind_id,=,1,title.production_year,>,0,title.phonetic_code,<,16649#1562555949
cast_info,movie_info_idx,movie_keyword,movie_companies,title#title.id=cast_info.movie_id,title.id=movie_info_idx.movie_id,title.id=movie_keyword.movie_id,title.id=movie_companies.movie_id#cast_info.role_id,=,8,movie_companies.company_type_id,>,1,title.season_nr,>,1,title.imdb_index,=,0#968568
movie_companies,movie_info_idx,movie_info,movie_keyword,title#title.id=movie_companies.movie_id,title.id=movie_info_idx.movie_id,title.id=movie_info.movie_id,title.id=movie_keyword.movie_id#movie_info_idx.info_type_id,>,99,movie_info.info_type_id,<,98,title.episode_nr,>,0#52361918
movie_info_idx,cast_info,movie_companies,movie_keyword,title#title.id=movie_info_idx.movie_id,title.id=cast_info.movie_id,title.id=movie_companies.movie_id,title.id=movie_keyword.movie_id#movie_keyword.keyword_id,>,229,title.phonetic_code,<,6438#3435473033
movie_info_idx,movie_info,movie_companies,cast_info,title#title.id=movie_info_idx.movie_id,title.id=movie_info.movie_id,title.id=movie_companies.movie_id,title.id=cast_info.movie_id#movie_info_idx.info_type_id,>,99,movie_info.info_type_id,<,16,title.kind_id,>,1,title.imdb_index,=,0#517518398
cast_info,movie_info_idx,movie_info,movie_companies,title#title.id=cast_info.movie_id,title.id=movie_info_idx.movie_id,title.id=movie_info.movie_id,title.id=movie_companies.movie_id#movie_info.info_type_id,>,1,title.imdb_index,>,0#409798977
movie_companies,movie_keyword,cast_info,movie_info_idx,title#title.id=movie_companies.movie_id,title.id=movie_keyword.movie_id,title.id=cast_info.movie_id,title.id=movie_info_idx.movie_id#movie_companies.company_type_id,>,1,cast_info.role_id,<,11,title.phonetic_code,<,7860,title.episode_nr,>,0#41599206
movie_info_idx,cast_info,movie_keyword,movie_companies,title#title.id=movie_info_idx.movie_id,title.id=cast_info.movie_id,title.id=movie_keyword.movie_id,title.id=movie_companies.movie_id#movie_info_idx.info_type_id,>,99,movie_companies.company_type_id,=,2,title.imdb_index,=,0,title.kind_id,>,1,title.production_year,>,121#45127160
movie_keyword,cast_info,movie_companies,movie_info,title#title.id=movie_keyword.movie_id,title.id=cast_info.movie_id,title.id=movie_companies.movie_id,title.id=movie_info.movie_id#movie_keyword.keyword_id,<,43360,cast_info.nr_order,<,8,movie_companies.company_type_id,<,2,title.season_nr,>,0,title.kind_id,>,4,title.production_year,>,110#128565486
movie_info_idx,movie_info,movie_companies,cast_info,title#title.id=movie_info_idx.movie_id,title.id=movie_info.movie_id,title.id=movie_companies.movie_id,title.id=cast_info.movie_id#movie_info_idx.info_type_id,>,99,movie_info.info_type_id,<,8,title.phonetic_code,>,0,title.series_years,<,1374,title.production_year,<,125#2116119729
movie_info_idx,movie_info,movie_companies,movie_keyword,title#title.id=movie_info_idx.movie_id,title.id=movie_info.movie_id,title.id=movie_companies.movie_id,title.id=movie_keyword.movie_id#movie_companies.company_type_id,>,1,title.kind_id,>,1,title.production_year,<,127,title.imdb_index,=,0#133173636
movie_companies,cast_info,movie_keyword,movie_info_idx,title#title.id=movie_companies.movie_id,title.id=cast_info.movie_id,title.id=movie_keyword.movie_id,title.id=movie_info_idx.movie_id#movie_companies.company_type_id,>,1,cast_info.role_id,<,8,title.imdb_index,=,0,title.episode_nr,>,0#59369718
cast_info,movie_keyword,movie_info_idx,movie_info,title#title.id=cast_info.movie_id,title.id=movie_keyword.movie_id,title.id=movie_info_idx.movie_id,title.id=movie_info.movie_id#movie_keyword.keyword_id,<,58989,movie_info_idx.info_type_id,=,100,movie_info.info_type_id,<,107,title.episode_nr,>,0#266666486
movie_info_idx,cast_info,movie_info,movie_keyword,title#title.id=movie_info_idx.movie_id,title.id=cast_info.movie_id,title.id=movie_info.movie_id,title.id=movie_keyword.movie_id#movie_info_idx.info_type_id,>,99,movie_keyword.keyword_id,>,1246,title.production_year,<,116,title.phonetic_code,>,6262,title.season_nr,>,0#85514448
movie_companies,movie_info_idx,cast_info,movie_info,title#title.id=movie_companies.movie_id,title.id=movie_info_idx.movie_id,title.id=cast_info.movie_id,title.id=movie_info.movie_id#movie_companies.company_type_id,=,2,cast_info.role_id,<,10,movie_info.info_type_id,>,16,title.imdb_index,=,0,title.series_years,>,0,title.phonetic_code,>,6049#5487318
cast_info,movie_info,movie_info_idx,movie_keyword,title#title.id=cast_info.movie_id,title.id=movie_info.movie_id,title.id=movie_info_idx.movie_id,title.id=movie_keyword.movie_id#movie_info.info_type_id,>,1,movie_info_idx.info_type_id,=,100,title.imdb_index,=,0,title.series_years,>,0,title.phonetic_code,<,17078,title.production_year,<,117#76175372
cast_info,movie_companies,movie_info,movie_keyword,title#title.id=cast_info.movie_id,title.id=movie_companies.movie_id,title.id=movie_info.movie_id,title.id=movie_keyword.movie_id#movie_companies.company_type_id,=,2,movie_info.info_type_id,>,1,title.production_year,>,28,title.season_nr,=,1#276349917
movie_keyword,movie_info,movie_info_idx,cast_info,title#title.id=movie_keyword.movie_id,title.id=movie_info.movie_id,title.id=movie_info_idx.movie_id,title.id=cast_info.movie_id#movie_keyword.keyword_id,>,461,movie_info_idx.info_type_id,=,99,cast_info.nr_order,>,4,title.imdb_index,>,0,title.season_nr,=,0#150353560
movie_keyword,cast_info,movie_info,movie_info_idx,title#title.id=movie_keyword.movie_id,title.id=cast_info.movie_id,title.id=movie_info.movie_id,title.id=movie_info_idx.movie_id#movie_keyword.keyword_id,<,75448,movie_info.info_type_id,<,17,movie_info_idx.info_type_id,<,101,title.imdb_index,=,0,title.phonetic_code,>,19715,title.kind_id,=,1,title.production_year,>,79#1442246760
cast_info,movie_keyword,movie_info_idx,movie_info,title#title.id=cast_info.movie_id,title.id=movie_keyword.movie_id,title.id=movie_info_idx.movie_id,title.id=movie_info.movie_id#movie_keyword.keyword_id,>,51,movie_info_idx.info_type_id,=,101,movie_info.info_type_id,<,107,title.kind_id,=,1,title.imdb_index,>,0#543091020
movie_keyword,movie_companies,movie_info_idx,cast_info,title#title.id=movie_keyword.movie_id,title.id=movie_companies.movie_id,title.id=movie_info_idx.movie_id,title.id=cast_info.movie_id#movie_companies.company_type_id,<,2,cast_info.nr_order,<,1,title.phonetic_code,>,8084,title.imdb_index,>,0#710637
movie_keyword,movie_companies,movie_info,cast_info,title#title.id=movie_keyword.movie_id,title.id=movie_companies.movie_id,title.id=movie_info.movie_id,title.id=cast_info.movie_id#movie_keyword.keyword_id,>,465,movie_info.info_type_id,<,18,title.production_year,<,40,title.series_years,>,0#4619
movie_keyword,movie_companies,cast_info,movie_info,title#title.id=movie_keyword.movie_id,title.id=movie_companies.movie_id,title.id=cast_info.movie_id,title.id=movie_info.movie_id#movie_companies.company_type_id,>,1,title.season_nr,>,1,title.episode_nr,>,9#141024064
cast_info,movie_info,movie_companies,movie_keyword,title#title.id=cast_info.movie_id,title.id=movie_info.movie_id,title.id=movie_companies.movie_id,title.id=movie_keyword.movie_id#cast_info.role_id,<,10,title.season_nr,=,0,title.imdb_index,>,0,title.production_year,>,73#8882084472
cast_info,movie_companies,movie_info,movie_info_idx,title#title.id=cast_info.movie_id,title.id=movie_companies.movie_id,title.id=movie_info.movie_id,title.id=movie_info_idx.movie_id#movie_info_idx.info_type_id,>,99,title.season_nr,=,0#11424601955
cast_info,movie_companies,movie_info_idx,movie_info,title#title.id=cast_info.movie_id,title.id=movie_companies.movie_id,title.id=movie_info_idx.movie_id,title.id=movie_info.movie_id#cast_info.role_id,=,3,title.kind_id,=,7#114674442
movie_info,cast_info,movie_info_idx,movie_keyword,title#title.id=movie_info.movie_id,title.id=cast_info.movie_id,title.id=movie_info_idx.movie_id,title.id=movie_keyword.movie_id#movie_info.info_type_id,<,98,cast_info.role_id,>,2,movie_info_idx.info_type_id,=,99,title.season_nr,>,0#153668598
movie_info,movie_keyword,movie_companies,cast_info,title#title.id=movie_info.movie_id,title.id=movie_keyword.movie_id,title.id=movie_companies.movie_id,title.id=cast_info.movie_id#movie_info.info_type_id,<,16,movie_companies.company_type_id,=,1,title.phonetic_code,>,1767,title.kind_id,>,1,title.episode_nr,>,0#556572915
movie_companies,cast_info,movie_info,movie_info_idx,title#title.id=movie_companies.movie_id,title.id=cast_info.movie_id,title.id=movie_info.movie_id,title.id=movie_info_idx.movie_id#movie_companies.company_type_id,<,2,movie_info.info_type_id,>,1,title.imdb_index,=,0#13881062668
movie_info,movie_info_idx,cast_info,movie_companies,title#title.id=movie_info.movie_id,title.id=movie_info_idx.movie_id,title.id=cast_info.movie_id,title.id=movie_companies.movie_id#movie_info_idx.info_type_id,>,99,cast_info.nr_order,>,0,movie_companies.company_type_id,=,1,title.phonetic_code,<,13979,title.imdb_index,>,0#42819092
cast_info,movie_keyword,movie_info_idx,movie_companies,title#title.id=cast_info.movie_id,title.id=movie_keyword.movie_id,title.id=movie_info_idx.movie_id,title.id=movie_companies.movie_id#cast_info.role_id,=,2,title.phonetic_code,>,853#1221216744
movie_info_idx,movie_info,movie_companies,cast_info,title#title.id=movie_info_idx.movie_id,title.id=movie_info.movie_id,title.id=movie_companies.movie_id,title.id=cast_info.movie_id#title.series_years,>,0,title.season_nr,<,4,title.phonetic_code,>,0#194342028
movie_keyword,movie_info,movie_info_idx,movie_companies,title#title.id=movie_keyword.movie_id,title.id=movie_info.movie_id,title.id=movie_info_idx.movie_id,title.id=movie_companies.movie_id#movie_keyword.keyword_id,>,137,title.production_year,<,38,title.episode_nr,>,0#45387
movie_companies,movie_info_idx,movie_keyword,movie_info,title#title.id=movie_companies.movie_id,title.id=movie_info_idx.movie_id,title.id=movie_keyword.movie_id,title.id=movie_info.movie_id#movie_keyword.keyword_id,>,953,movie_info.info_type_id,>,2,title.phonetic_code,<,18097#11034425380
cast_info,movie_companies,movie_info_idx,movie_info,title#title.id=cast_info.movie_id,title.id=movie_companies.movie_id,title.id=movie_info_idx.movie_id,title.id=movie_info.movie_id#cast_info.nr_order,<,26,title.series_years,>,0#23873694
movie_companies,movie_keyword,movie_info,cast_info,title#title.id=movie_companies.movie_id,title.id=movie_keyword.movie_id,title.id=movie_info.movie_id,title.id=cast_info.movie_id#movie_info.info_type_id,<,18,title.season_nr,>,0#1522458777
movie_info_idx,cast_info,movie_companies,movie_keyword,title#title.id=movie_info_idx.movie_id,title.id=cast_info.movie_id,title.id=movie_companies.movie_id,title.id=movie_keyword.movie_id#movie_info_idx.info_type_id,>,99,cast_info.nr_order,>,1,movie_keyword.keyword_id,<,14738,title.production_year,<,127,title.series_years,>,0#3828958
movie_info,movie_keyword,cast_info,movie_info_idx,title#title.id=movie_info.movie_id,title.id=movie_keyword.movie_id,title.id=cast_info.movie_id,title.id=movie_info_idx.movie_id#title.episode_nr,>,0#821711082
movie_keyword,movie_info_idx,movie_info,movie_companies,title#title.id=movie_keyword.movie_id,title.id=movie_info_idx.movie_id,title.id=movie_info.movie_id,title.id=movie_companies.movie_id#movie_keyword.keyword_id,>,748,movie_info.info_type_id,>,1,movie_companies.company_type_id,<,2,title.production_year,<,92#1789550864
movie_keyword,movie_info_idx,movie_info,movie_companies,title#title.id=movie_keyword.movie_id,title.id=movie_info_idx.movie_id,title.id=movie_info.movie_id,title.id=movie_companies.movie_id#movie_companies.company_type_id,<,2,title.season_nr,=,0#12786259057
movie_companies,movie_info_idx,cast_info,movie_info,title#title.id=movie_companies.movie_id,title.id=movie_info_idx.movie_id,title.id=cast_info.movie_id,title.id=movie_info.movie_id#title.kind_id,=,7,title.episode_nr,>,0,title.imdb_index,=,0#631312800
cast_info,movie_keyword,movie_companies,movie_info_idx,title#title.id=cast_info.movie_id,title.id=movie_keyword.movie_id,title.id=movie_companies.movie_id,title.id=movie_info_idx.movie_id#cast_info.role_id,<,10,movie_keyword.keyword_id,<,7474,title.kind_id,=,4#38517279
movie_keyword,movie_info_idx,movie_info,cast_info,title#title.id=movie_keyword.movie_id,title.id=movie_info_idx.movie_id,title.id=movie_info.movie_id,title.id=cast_info.movie_id#movie_info_idx.info_type_id,=,100,movie_info.info_type_id,>,1,title.phonetic_code,>,9917,title.imdb_index,=,0,title.production_year,<,106#2559714800
cast_info,movie_companies,movie_keyword,movie_info_idx,title#title.id=cast_info.movie_id,title.id=movie_companies.movie_id,title.id=movie_keyword.movie_id,title.id=movie_info_idx.movie_id#movie_info_idx.info_type_id,>,99,title.production_year,>,102,title.phonetic_code,<,2499,title.series_years,>,0,title.imdb_index,=,0#6051624
movie_companies,cast_info,movie_info,movie_keyword,title#title.id=movie_companies.movie_id,title.id=cast_info.movie_id,title.id=movie_info.movie_id,title.id=movie_keyword.movie_id#cast_info.role_id,=,10,movie_keyword.keyword_id,<,393,title.series_years,>,1146,title.production_year,>,105#128939586
movie_keyword,cast_info,movie_companies,movie_info_idx,title#title.id=movie_keyword.movie_id,title.id=cast_info.movie_id,title.id=movie_companies.movie_id,title.id=movie_info_idx.movie_id#movie_keyword.keyword_id,<,71710,movie_companies.company_type_id,=,2,title.episode_nr,>,0#90124176
movie_companies,movie_info_idx,cast_info,movie_info,title#title.id=movie_companies.movie_id,title.id=movie_info_idx.movie_id,title.id=cast_info.movie_id,title.id=movie_info.movie_id#movie_companies.company_type_id,=,2,title.imdb_index,>,0#75955098
movie_info,movie_info_idx,cast_info,movie_companies,title#title.id=movie_info.movie_id,title.id=movie_info_idx.movie_id,title.id=cast_info.movie_id,title.id=movie_companies.movie_id#movie_info.info_type_id,>,1,movie_info_idx.info_type_id,>,99,movie_companies.company_type_id,=,2,title.episode_nr,>,0,title.imdb_index,=,0#169233464
movie_info,movie_companies,cast_info,movie_keyword,title#title.id=movie_info.movie_id,title.id=movie_companies.movie_id,title.id=cast_info.movie_id,title.id=movie_keyword.movie_id#cast_info.role_id,>,1,title.kind_id,<,7,title.series_years,>,0#1635460441
cast_info,movie_info_idx,movie_info,movie_companies,title#title.id=cast_info.movie_id,title.id=movie_info_idx.movie_id,title.id=movie_info.movie_id,title.id=movie_companies.movie_id#cast_info.nr_order,<,74,movie_companies.company_type_id,<,2,title.production_year,>,118#1611285584
movie_keyword,movie_info,movie_companies,movie_info_idx,title#title.id=movie_keyword.movie_id,title.id=movie_info.movie_id,title.id=movie_companies.movie_id,title.id=movie_info_idx.movie_id#movie_companies.company_type_id,=,2,movie_info_idx.info_type_id,<,101,title.phonetic_code,>,12703,title.series_years,>,0,title.imdb_index,>,0#19312
movie_info_idx,cast_info,movie_keyword,movie_companies,title#title.id=movie_info_idx.movie_id,title.id=cast_info.movie_id,title.id=movie_keyword.movie_id,title.id=movie_companies.movie_id#movie_info_idx.info_type_id,>,100,title.kind_id,=,7,title.phonetic_code,<,17703#67081504
cast_info,movie_info_idx,movie_keyword,movie_companies,title#title.id=cast_info.movie_id,title.id=movie_info_idx.movie_id,title.id=movie_keyword.movie_id,title.id=movie_companies.movie_id#movie_info_idx.info_type_id,<,101,title.season_nr,=,0,title.kind_id,=,1,title.phonetic_code,<,19560,title.episode_nr,<,23#5408258028
movie_companies,movie_keyword,movie_info,movie_info_idx,title#title.id=movie_companies.movie_id,title.id=movie_keyword.movie_id,title.id=movie_info.movie_id,title.id=movie_info_idx.movie_id#movie_companies.company_type_id,>,1,movie_keyword.keyword_id,<,6933,movie_info_idx.info_type_id,<,101,title.kind_id,>,3,title.imdb_index,=,0#20129098
cast_info,movie_info_idx,movie_keyword,movie_companies,title#title.id=cast_info.movie_id,title.id=movie_info_idx.movie_id,title.id=movie_keyword.movie_id,title.id=movie_companies.movie_id#cast_info.nr_order,<,26,title.imdb_index,=,0#2049045358
movie_companies,cast_info,movie_info,movie_keyword,title#title.id=movie_companies.movie_id,title.id=cast_info.movie_id,title.id=movie_info.movie_id,title.id=movie_keyword.movie_id#cast_info.nr_order,>,1,title.kind_id,>,1,title.production_year,<,126,title.imdb_index,=,0#2476388645
movie_info_idx,movie_info,movie_companies,movie_keyword,title#title.id=movie_info_idx.movie_id,title.id=movie_info.movie_id,title.id=movie_companies.movie_id,title.id=movie_keyword.movie_id#title.phonetic_code,<,20390,title.production_year,<,126,title.season_nr,>,0#77152638
movie_companies,movie_keyword,movie_info,cast_info,title#title.id=movie_companies.movie_id,title.id=movie_keyword.movie_id,title.id=movie_info.movie_id,title.id=cast_info.movie_id#cast_info.nr_order,>,1,title.imdb_index,>,0#5009845473
movie_companies,movie_info,movie_keyword,cast_info,title#title.id=movie_companies.movie_id,title.id=movie_info.movie_id,title.id=movie_keyword.movie_id,title.id=cast_info.movie_id#cast_info.role_id,=,4,title.series_years,>,0,title.production_year,<,110,title.kind_id,>,1#83987848
cast_info,movie_keyword,movie_companies,movie_info,title#title.id=cast_info.movie_id,title.id=movie_keyword.movie_id,title.id=movie_companies.movie_id,title.id=movie_info.movie_id#cast_info.nr_order,<,9,title.imdb_index,=,0,title.kind_id,>,1,title.production_year,<,127#869152690
cast_info,movie_companies,movie_info_idx,movie_info,title#title.id=cast_info.movie_id,title.id=movie_companies.movie_id,title.id=movie_info_idx.movie_id,title.id=movie_info.movie_id#cast_info.nr_order,>,1,title.episode_nr,<,11#5792968898
cast_info,movie_info_idx,movie_companies,movie_info,title#title.id=cast_info.movie_id,title.id=movie_info_idx.movie_id,title.id=movie_companies.movie_id,title.id=movie_info.movie_id#movie_info_idx.info_type_id,>,99,movie_info.info_type_id,>,16,title.episode_nr,>,16,title.season_nr,=,4#1295644
movie_companies,cast_info,movie_info_idx,movie_keyword,title#title.id=movie_companies.movie_id,title.id=cast_info.movie_id,title.id=movie_info_idx.movie_id,title.id=movie_keyword.movie_id#movie_info_idx.info_type_id,=,99,title.series_years,>,0#18815964
movie_info,cast_info,movie_keyword,movie_companies,title#title.id=movie_info.movie_id,title.id=cast_info.movie_id,title.id=movie_keyword.movie_id,title.id=movie_companies.movie_id#movie_info.info_type_id,>,2,title.season_nr,>,0,title.phonetic_code,<,20987,title.series_years,>,0#13893
movie_companies,movie_info,movie_info_idx,cast_info,title#title.id=movie_companies.movie_id,title.id=movie_info.movie_id,title.id=movie_info_idx.movie_id,title.id=cast_info.movie_id#movie_info_idx.info_type_id,>,99,cast_info.nr_order,<,1,title.phonetic_code,<,15756,title.kind_id,<,3#55019946
movie_info,movie_info_idx,cast_info,movie_companies,title#title.id=movie_info.movie_id,title.id=movie_info_idx.movie_id,title.id=cast_info.movie_id,title.id=movie_companies.movie_id#movie_info.info_type_id,>,2,movie_info_idx.info_type_id,=,99,cast_info.nr_order,<,38,title.imdb_index,>,0,title.production_year,>,102#29758583
movie_info,movie_companies,movie_info_idx,movie_keyword,title#title.id=movie_info.movie_id,title.id=movie_companies.movie_id,title.id=movie_info_idx.movie_id,title.id=movie_keyword.movie_id#movie_info.info_type_id,>,1,title.production_year,>,31,title.imdb_index,=,0#14613694740
movie_keyword,movie_info,movie_info_idx,cast_info,title#title.id=movie_keyword.movie_id,title.id=movie_info.movie_id,title.id=movie_info_idx.movie_id,title.id=cast_info.movie_id#movie_keyword.keyword_id,>,373,movie_info.info_type_id,<,105,title.season_nr,<,17,title.kind_id,=,7#754873482
movie_keyword,movie_companies,movie_info,movie_info_idx,title#title.id=movie_keyword.movie_id,title.id=movie_companies.movie_id,title.id=movie_info.movie_id,title.id=movie_info_idx.movie_id#movie_keyword.keyword_id,<,13766,movie_companies.company_type_id,<,2,movie_info.info_type_id,>,1,title.production_year,>,102#6652481859
movie_keyword,cast_info,movie_companies,movie_info_idx,title#title.id=movie_keyword.movie_id,title.id=cast_info.movie_id,title.id=movie_companies.movie_id,title.id=movie_info_idx.movie_id#movie_keyword.keyword_id,>,2488,cast_info.role_id,>,1,title.kind_id,=,1#3967259922
cast_info,movie_info_idx,movie_keyword,movie_companies,title#title.id=cast_info.movie_id,title.id=movie_info_idx.movie_id,title.id=movie_keyword.movie_id,title.id=movie_companies.movie_id#cast_info.role_id,=,1,movie_info_idx.info_type_id,>,99,title.imdb_index,=,0#2068630857
movie_keyword,movie_info,cast_info,movie_companies,title#title.id=movie_keyword.movie_id,title.id=movie_info.movie_id,title.id=cast_info.movie_id,title.id=movie_companies.movie_id#movie_keyword.keyword_id,>,1732,movie_info.info_type_id,<,16,cast_info.role_id,>,1,title.imdb_index,=,0,title.phonetic_code,<,1484,title.series_years,>,0#79286503
movie_companies,cast_info,movie_keyword,movie_info_idx,title#title.id=movie_companies.movie_id,title.id=cast_info.movie_id,title.id=movie_keyword.movie_id,title.id=movie_info_idx.movie_id#title.phonetic_code,>,0,title.kind_id,<,7,title.season_nr,<,10,title.series_years,>,0#55990131
movie_info_idx,movie_keyword,movie_companies,movie_info,title#title.id=movie_info_idx.movie_id,title.id=movie_keyword.movie_id,title.id=movie_companies.movie_id,title.id=movie_info.movie_id#movie_info_idx.info_type_id,>,99,title.season_nr,=,1,title.kind_id,>,1,title.episode_nr,<,1112#26507280
movie_info_idx,movie_info,movie_companies,movie_keyword,title#title.id=movie_info_idx.movie_id,title.id=movie_info.movie_id,title.id=movie_companies.movie_id,title.id=movie_keyword.movie_id#movie_info.info_type_id,>,2,movie_companies.company_type_id,=,2,title.season_nr,<,1,title.series_years,<,1397#2175931655
movie_info_idx,cast_info,movie_companies,movie_keyword,title#title.id=movie_info_idx.movie_id,title.id=cast_info.movie_id,title.id=movie_companies.movie_id,title.id=movie_keyword.movie_id#movie_info_idx.info_type_id,=,100,title.kind_id,<,7,title.series_years,>,0,title.phonetic_code,>,5207#12559333
cast_info,movie_keyword,movie_info_idx,movie_info,title#title.id=cast_info.movie_id,title.id=movie_keyword.movie_id,title.id=movie_info_idx.movie_id,title.id=movie_info.movie_id#cast_info.nr_order,<,16,title.kind_id,=,7,title.episode_nr,>,6#122291418
movie_info,movie_keyword,movie_companies,cast_info,title#title.id=movie_info.movie_id,title.id=movie_keyword.movie_id,title.id=movie_companies.movie_id,title.id=cast_info.movie_id#movie_info.info_type_id,<,47,movie_companies.company_type_id,>,1,cast_info.role_id,=,10,title.imdb_index,=,0,title.phonetic_code,<,8349,title.production_year,>,117#9112199341
movie_info,movie_info_idx,cast_info,movie_companies,title#title.id=movie_info.movie_id,title.id=movie_info_idx.movie_id,title.id=cast_info.movie_id,title.id=movie_companies.movie_id#movie_info_idx.info_type_id,>,99,cast_info.nr_order,>,1,title.kind_id,>,1,title.season_nr,=,0#119286156
cast_info,movie_keyword,movie_companies,movie_info,title#title.id=cast_info.movie_id,title.id=movie_keyword.movie_id,title.id=movie_companies.movie_id,title.id=movie_info.movie_id#movie_companies.company_type_id,<,2,title.series_years,>,0,title.production_year,<,126,title.episode_nr,>,0,title.imdb_index,=,0#13893
movie_info,movie_keyword,movie_info_idx,movie_companies,title#title.id=movie_info.movie_id,title.id=movie_keyword.movie_id,title.id=movie_info_idx.movie_id,title.id=movie_companies.movie_id#title.episode_nr,<,122,title.season_nr,=,1,title.imdb_index,=,0#39617643
movie_companies,cast_info,movie_info,movie_info_idx,title#title.id=movie_companies.movie_id,title.id=cast_info.movie_id,title.id=movie_info.movie_id,title.id=movie_info_idx.movie_id#movie_companies.company_type_id,=,1,cast_info.role_id,=,1,movie_info.info_type_id,<,17,title.phonetic_code,>,7347,title.imdb_index,>,0#33660786
movie_info,movie_info_idx,cast_info,movie_companies,title#title.id=movie_info.movie_id,title.id=movie_info_idx.movie_id,title.id=cast_info.movie_id,title.id=movie_companies.movie_id#movie_info.info_type_id,>,1,cast_info.nr_order,>,1,title.episode_nr,<,189,title.series_years,>,0,title.kind_id,<,7#26120193
movie_info,movie_keyword,movie_companies,cast_info,title#title.id=movie_info.movie_id,title.id=movie_keyword.movie_id,title.id=movie_companies.movie_id,title.id=cast_info.movie_id#cast_info.nr_order,>,0,title.imdb_index,>,0,title.production_year,>,123#1649760560
cast_info,movie_info,movie_keyword,movie_info_idx,title#title.id=cast_info.movie_id,title.id=movie_info.movie_id,title.id=movie_keyword.movie_id,title.id=movie_info_idx.movie_id#cast_info.role_id,>,1,movie_info.info_type_id,<,16,title.kind_id,=,7,title.phonetic_code,>,0#354573909
movie_keyword,movie_companies,cast_info,movie_info,title#title.id=movie_keyword.movie_id,title.id=movie_companies.movie_id,title.id=cast_info.movie_id,title.id=movie_info.movie_id#movie_keyword.keyword_id,>,478,cast_info.nr_order,>,0,title.episode_nr,>,0#568368069
movie_keyword,movie_info_idx,movie_info,cast_info,title#title.id=movie_keyword.movie_id,title.id=movie_info_idx.movie_id,title.id=movie_info.movie_id,title.id=cast_info.movie_id#movie_info_idx.info_type_id,>,99,movie_info.info_type_id,<,16,cast_info.role_id,>,1,title.season_nr,>,2,title.production_year,<,120,title.episode_nr,>,8,title.imdb_index,=,0#24074314
cast_info,movie_companies,movie_info_idx,movie_keyword,title#title.id=cast_info.movie_id,title.id=movie_companies.movie_id,title.id=movie_info_idx.movie_id,title.id=movie_keyword.movie_id#cast_info.nr_order,>,1,movie_keyword.keyword_id,>,745,title.series_years,>,0,title.phonetic_code,<,12477,title.production_year,<,123,title.episode_nr,<,13#3600174
cast_info,movie_keyword,movie_info_idx,movie_companies,title#title.id=cast_info.movie_id,title.id=movie_keyword.movie_id,title.id=movie_info_idx.movie_id,title.id=movie_companies.movie_id#cast_info.nr_order,<,13,movie_keyword.keyword_id,>,569,movie_companies.company_type_id,>,1,title.phonetic_code,>,640#221105075
movie_companies,movie_info,cast_info,movie_keyword,title#title.id=movie_companies.movie_id,title.id=movie_info.movie_id,title.id=cast_info.movie_id,title.id=movie_keyword.movie_id#title.episode_nr,>,0,title.production_year,>,14#1744910054
movie_info,cast_info,movie_companies,movie_keyword,title#title.id=movie_info.movie_id,title.id=cast_info.movie_id,title.id=movie_companies.movie_id,title.id=movie_keyword.movie_id#movie_info.info_type_id,>,1,movie_companies.company_type_id,=,1,movie_keyword.keyword_id,>,1578,title.kind_id,=,3#912212990
movie_companies,movie_keyword,movie_info,movie_info_idx,title#title.id=movie_companies.movie_id,title.id=movie_keyword.movie_id,title.id=movie_info.movie_id,title.id=movie_info_idx.movie_id#movie_keyword.keyword_id,<,29802,movie_info.info_type_id,>,1,title.phonetic_code,>,0#12668984529
movie_keyword,movie_info_idx,movie_companies,movie_info,title#title.id=movie_keyword.movie_id,title.id=movie_info_idx.movie_id,title.id=movie_companies.movie_id,title.id=movie_info.movie_id#movie_keyword.keyword_id,<,52403,title.kind_id,<,7#13828133394
movie_companies,movie_info_idx,movie_keyword,cast_info,title#title.id=movie_companies.movie_id,title.id=movie_info_idx.movie_id,title.id=movie_keyword.movie_id,title.id=cast_info.movie_id#movie_companies.company_type_id,=,1,movie_keyword.keyword_id,>,275,cast_info.nr_order,<,18,title.phonetic_code,>,16791,title.production_year,<,87#47927511
movie_info_idx,movie_companies,movie_keyword,cast_info,title#title.id=movie_info_idx.movie_id,title.id=movie_companies.movie_id,title.id=movie_keyword.movie_id,title.id=cast_info.movie_id#movie_info_idx.info_type_id,<,100,title.phonetic_code,<,10210#1566488639
movie_keyword,movie_info_idx,movie_companies,cast_info,title#title.id=movie_keyword.movie_id,title.id=movie_info_idx.movie_id,title.id=movie_companies.movie_id,title.id=cast_info.movie_id#title.season_nr,=,0,title.kind_id,>,1#353814648
movie_info_idx,movie_keyword,movie_info,movie_companies,title#title.id=movie_info_idx.movie_id,title.id=movie_keyword.movie_id,title.id=movie_info.movie_id,title.id=movie_companies.movie_id#movie_info_idx.info_type_id,=,101,title.episode_nr,>,0,title.phonetic_code,<,15776,title.production_year,>,97#18307070
cast_info,movie_info_idx,movie_companies,movie_keyword,title#title.id=cast_info.movie_id,title.id=movie_info_idx.movie_id,title.id=movie_companies.movie_id,title.id=movie_keyword.movie_id#movie_companies.company_type_id,<,2,movie_keyword.keyword_id,<,2629,title.kind_id,>,1#132106488
movie_info_idx,movie_companies,movie_info,cast_info,title#title.id=movie_info_idx.movie_id,title.id=movie_companies.movie_id,title.id=movie_info.movie_id,title.id=cast_info.movie_id#title.phonetic_code,<,20349#16716503708
movie_companies,movie_keyword,movie_info_idx,movie_info,title#title.id=movie_companies.movie_id,title.id=movie_keyword.movie_id,title.id=movie_info_idx.movie_id,title.id=movie_info.movie_id#movie_companies.company_type_id,=,1,title.episode_nr,>,0#53932692
cast_info,movie_info_idx,movie_companies,movie_info,title#title.id=cast_info.movie_id,title.id=movie_info_idx.movie_id,title.id=movie_companies.movie_id,title.id=movie_info.movie_id#cast_info.role_id,=,9,movie_info.info_type_id,>,2,title.series_years,>,1336,title.imdb_index,=,0#738336
movie_info,movie_keyword,movie_companies,movie_info_idx,title#title.id=movie_info.movie_id,title.id=movie_keyword.movie_id,title.id=movie_companies.movie_id,title.id=movie_info_idx.movie_id#movie_companies.company_type_id,<,2,title.phonetic_code,<,15610,title.episode_nr,>,0#40248918
movie_info_idx,movie_keyword,movie_companies,movie_info,title#title.id=movie_info_idx.movie_id,title.id=movie_keyword.movie_id,title.id=movie_companies.movie_id,title.id=movie_info.movie_id#movie_info_idx.info_type_id,=,101,movie_keyword.keyword_id,<,6120,title.episode_nr,<,275,title.imdb_index,=,0#2426119366
movie_info,movie_info_idx,cast_info,movie_keyword,title#title.id=movie_info.movie_id,title.id=movie_info_idx.movie_id,title.id=cast_info.movie_id,title.id=movie_keyword.movie_id#movie_info.info_type_id,>,1,cast_info.nr_order,<,31,title.kind_id,>,1,title.production_year,>,79,title.phonetic_code,<,17335#729517095
movie_keyword,movie_info,movie_info_idx,cast_info,title#title.id=movie_keyword.movie_id,title.id=movie_info.movie_id,title.id=movie_info_idx.movie_id,title.id=cast_info.movie_id#movie_info.info_type_id,>,3,movie_info_idx.info_type_id,=,99,cast_info.role_id,=,3,title.season_nr,=,0,title.imdb_index,>,0#37121915
movie_info,movie_keyword,cast_info,movie_companies,title#title.id=movie_info.movie_id,title.id=movie_keyword.movie_id,title.id=cast_info.movie_id,title.id=movie_companies.movie_id#movie_keyword.keyword_id,>,1382,movie_companies.company_type_id,=,2,title.season_nr,>,0#504352523
cast_info,movie_info_idx,movie_companies,movie_keyword,title#title.id=cast_info.movie_id,title.id=movie_info_idx.movie_id,title.id=movie_companies.movie_id,title.id=movie_keyword.movie_id#cast_info.nr_order,<,200,movie_companies.company_type_id,>,1,title.kind_id,>,1,title.episode_nr,>,0#32231259
cast_info,movie_keyword,movie_info_idx,movie_companies,title#title.id=cast_info.movie_id,title.id=movie_keyword.movie_id,title.id=movie_info_idx.movie_id,title.id=movie_companies.movie_id#cast_info.nr_order,>,0,title.kind_id,=,7,title.phonetic_code,<,16961,title.imdb_index,=,0#68427885
movie_keyword,cast_info,movie_companies,movie_info_idx,title#title.id=movie_keyword.movie_id,title.id=cast_info.movie_id,title.id=movie_companies.movie_id,title.id=movie_info_idx.movie_id#cast_info.role_id,=,1,movie_info_idx.info_type_id,<,101,title.phonetic_code,<,3615,title.season_nr,=,0#530589516
cast_info,movie_keyword,movie_info,movie_companies,title#title.id=cast_info.movie_id,title.id=movie_keyword.movie_id,title.id=movie_info.movie_id,title.id=movie_companies.movie_id#movie_keyword.keyword_id,<,87762,movie_info.info_type_id,>,1,movie_companies.company_type_id,=,2,title.production_year,>,105,title.series_years,>,0,title.imdb_index,>,0,title.phonetic_code,<,17703#1785600
cast_info,movie_keyword,movie_info_idx,movie_companies,title#title.id=cast_info.movie_id,title.id=movie_keyword.movie_id,title.id=movie_info_idx.movie_id,title.id=movie_companies.movie_id#movie_info_idx.info_type_id,>,99,title.episode_nr,>,0#150903338
movie_companies,movie_keyword,cast_info,movie_info_idx,title#title.id=movie_companies.movie_id,title.id=movie_keyword.movie_id,title.id=cast_info.movie_id,title.id=movie_info_idx.movie_id#movie_companies.company_type_id,<,2,movie_info_idx.info_type_id,=,99,title.phonetic_code,<,9213,title.series_years,>,0#5931280
cast_info,movie_companies,movie_info,movie_keyword,title#title.id=cast_info.movie_id,title.id=movie_companies.movie_id,title.id=movie_info.movie_id,title.id=movie_keyword.movie_id#movie_companies.company_type_id,<,2,title.production_year,<,45#851405811
movie_keyword,movie_info_idx,movie_info,movie_companies,title#title.id=movie_keyword.movie_id,title.id=movie_info_idx.movie_id,title.id=movie_info.movie_id,title.id=movie_companies.movie_id#movie_keyword.keyword_id,>,213,movie_companies.company_type_id,>,1,title.phonetic_code,<,11776,title.imdb_index,=,0,title.season_nr,<,1#1237559199
movie_keyword,movie_info,cast_info,movie_companies,title#title.id=movie_keyword.movie_id,title.id=movie_info.movie_id,title.id=cast_info.movie_id,title.id=movie_companies.movie_id#movie_keyword.keyword_id,<,26443,movie_info.info_type_id,>,2,cast_info.role_id,>,1,title.episode_nr,>,0,title.phonetic_code,>,2079,title.production_year,<,107#63262474
movie_keyword,movie_companies,movie_info,movie_info_idx,title#title.id=movie_keyword.movie_id,title.id=movie_companies.movie_id,title.id=movie_info.movie_id,title.id=movie_info_idx.movie_id#title.phonetic_code,<,14397,title.kind_id,>,1,title.production_year,>,68#313972668
movie_keyword,cast_info,movie_info_idx,movie_info,title#title.id=movie_keyword.movie_id,title.id=cast_info.movie_id,title.id=movie_info_idx.movie_id,title.id=movie_info.movie_id#cast_info.role_id,>,1,title.phonetic_code,<,5172,title.episode_nr,>,0,title.production_year,<,127#193661349
movie_info_idx,movie_info,cast_info,movie_keyword,title#title.id=movie_info_idx.movie_id,title.id=movie_info.movie_id,title.id=cast_info.movie_id,title.id=movie_keyword.movie_id#movie_info.info_type_id,<,91,cast_info.role_id,>,1,title.episode_nr,>,0#557711040
movie_companies,movie_info_idx,movie_keyword,movie_info,title#title.id=movie_companies.movie_id,title.id=movie_info_idx.movie_id,title.id=movie_keyword.movie_id,title.id=movie_info.movie_id#movie_companies.company_type_id,>,1,movie_keyword.keyword_id,>,335,title.phonetic_code,>,5306#1439921256
movie_info_idx,cast_info,movie_info,movie_keyword,title#title.id=movie_info_idx.movie_id,title.id=cast_info.movie_id,title.id=movie_info.movie_id,title.id=movie_keyword.movie_id#cast_info.role_id,=,2,title.phonetic_code,>,3487,title.episode_nr,>,0#78918528
movie_info,movie_info_idx,movie_companies,cast_info,title#title.id=movie_info.movie_id,title.id=movie_info_idx.movie_id,title.id=movie_companies.movie_id,title.id=cast_info.movie_id#movie_info_idx.info_type_id,=,99,title.production_year,<,118,title.kind_id,=,1#2821324835
movie_companies,movie_info_idx,movie_info,cast_info,title#title.id=movie_companies.movie_id,title.id=movie_info_idx.movie_id,title.id=movie_info.movie_id,title.id=cast_info.movie_id#movie_companies.company_type_id,=,1,movie_info_idx.info_type_id,>,99,movie_info.info_type_id,>,5,title.kind_id,=,1#8053316871
movie_info_idx,movie_info,movie_keyword,movie_companies,title#title.id=movie_info_idx.movie_id,title.id=movie_info.movie_id,title.id=movie_keyword.movie_id,title.id=movie_companies.movie_id#movie_info_idx.info_type_id,<,101,movie_companies.company_type_id,<,2,title.kind_id,=,1,title.phonetic_code,<,19409,title.production_year,>,115,title.imdb_index,=,0#3501423176
movie_info_idx,movie_companies,movie_info,cast_info,title#title.id=movie_info_idx.movie_id,title.id=movie_companies.movie_id,title.id=movie_info.movie_id,title.id=cast_info.movie_id#movie_info_idx.info_type_id,>,99,movie_info.info_type_id,>,2,title.imdb_index,>,0,title.phonetic_code,>,2584#217359484
movie_info,cast_info,movie_info_idx,movie_companies,title#title.id=movie_info.movie_id,title.id=cast_info.movie_id,title.id=movie_info_idx.movie_id,title.id=movie_companies.movie_id#movie_info.info_type_id,>,1,cast_info.role_id,>,5,title.production_year,<,13#77598
cast_info,movie_info,movie_keyword,movie_companies,title#title.id=cast_info.movie_id,title.id=movie_info.movie_id,title.id=movie_keyword.movie_id,title.id=movie_companies.movie_id#cast_info.role_id,=,5,movie_info.info_type_id,>,1,movie_companies.company_type_id,=,1,title.kind_id,>,1,title.phonetic_code,>,583#55111489
movie_companies,movie_info,cast_info,movie_keyword,title#title.id=movie_companies.movie_id,title.id=movie_info.movie_id,title.id=cast_info.movie_id,title.id=movie_keyword.movie_id#cast_info.nr_order,>,1,title.imdb_index,>,0,title.episode_nr,<,2063,title.series_years,>,0,title.phonetic_code,>,0#479557
movie_info_idx,movie_keyword,movie_companies,cast_info,title#title.id=movie_info_idx.movie_id,title.id=movie_keyword.movie_id,title.id=movie_companies.movie_id,title.id=cast_info.movie_id#title.series_years,<,1127#9388658380
cast_info,movie_info_idx,movie_info,movie_keyword,title#title.id=cast_info.movie_id,title.id=movie_info_idx.movie_id,title.id=movie_info.movie_id,title.id=movie_keyword.movie_id#movie_info.info_type_id,<,106,title.phonetic_code,>,14778,title.series_years,>,0#113341839
movie_info_idx,movie_info,cast_info,movie_keyword,title#title.id=movie_info_idx.movie_id,title.id=movie_info.movie_id,title.id=cast_info.movie_id,title.id=movie_keyword.movie_id#movie_info_idx.info_type_id,<,101,movie_info.info_type_id,<,18,title.imdb_index,=,0,title.phonetic_code,>,6737,title.production_year,>,126,title.series_years,>,0#24086
cast_info,movie_companies,movie_info,movie_info_idx,title#title.id=cast_info.movie_id,title.id=movie_companies.movie_id,title.id=movie_info.movie_id,title.id=movie_info_idx.movie_id#movie_companies.company_type_id,=,2,movie_info.info_type_id,>,2,movie_info_idx.info_type_id,>,99,title.production_year,<,127,title.kind_id,=,3#58920496
movie_info,movie_keyword,cast_info,movie_info_idx,title#title.id=movie_info.movie_id,title.id=movie_keyword.movie_id,title.id=cast_info.movie_id,title.id=movie_info_idx.movie_id#movie_info.info_type_id,>,1,cast_info.role_id,=,9,title.season_nr,=,0,title.phonetic_code,<,61,title.kind_id,>,1#166668
cast_info,movie_info,movie_companies,movie_keyword,title#title.id=cast_info.movie_id,title.id=movie_info.movie_id,title.id=movie_companies.movie_id,title.id=movie_keyword.movie_id#cast_info.nr_order,>,2,title.season_nr,>,0,title.phonetic_code,>,0,title.production_year,>,35,title.imdb_index,=,0#519997795
movie_companies,movie_keyword,movie_info_idx,movie_info,title#title.id=movie_companies.movie_id,title.id=movie_keyword.movie_id,title.id=movie_info_idx.movie_id,title.id=movie_info.movie_id#movie_keyword.keyword_id,<,58816,title.production_year,<,79,title.kind_id,>,3#2865714
movie_info_idx,movie_info,movie_companies,cast_info,title#title.id=movie_info_idx.movie_id,title.id=movie_info.movie_id,title.id=movie_companies.movie_id,title.id=cast_info.movie_id#title.phonetic_code,>,0,title.season_nr,>,0,title.episode_nr,<,9#320979579
movie_info,movie_companies,movie_info_idx,cast_info,title#title.id=movie_info.movie_id,title.id=movie_companies.movie_id,title.id=movie_info_idx.movie_id,title.id=cast_info.movie_id#movie_info.info_type_id,<,98,title.imdb_index,>,0,title.season_nr,<,2,title.kind_id,=,1#326223843
movie_info_idx,cast_info,movie_info,movie_companies,title#title.id=movie_info_idx.movie_id,title.id=cast_info.movie_id,title.id=movie_info.movie_id,title.id=movie_companies.movie_id#movie_info_idx.info_type_id,<,101,cast_info.role_id,=,1,movie_companies.company_type_id,=,2,title.production_year,>,125#29290940
cast_info,movie_keyword,movie_info,movie_info_idx,title#title.id=cast_info.movie_id,title.id=movie_keyword.movie_id,title.id=movie_info.movie_id,title.id=movie_info_idx.movie_id#cast_info.role_id,>,1,movie_info_idx.info_type_id,>,99,title.season_nr,>,1#245006640
cast_info,movie_info_idx,movie_keyword,movie_info,title#title.id=cast_info.movie_id,title.id=movie_info_idx.movie_id,title.id=movie_keyword.movie_id,title.id=movie_info.movie_id#title.production_year,>,64,title.season_nr,<,3,title.series_years,>,0,title.episode_nr,<,5632#369838014
cast_info,movie_info_idx,movie_keyword,movie_info,title#title.id=cast_info.movie_id,title.id=movie_info_idx.movie_id,title.id=movie_keyword.movie_id,title.id=movie_info.movie_id#cast_info.role_id,>,1,title.imdb_index,=,0,title.production_year,>,125,title.kind_id,=,7#28958592
cast_info,movie_info_idx,movie_info,movie_keyword,title#title.id=cast_info.movie_id,title.id=movie_info_idx.movie_id,title.id=movie_info.movie_id,title.id=movie_keyword.movie_id#title.episode_nr,>,0,title.production_year,>,96#740510277
cast_info,movie_keyword,movie_info_idx,movie_info,title#title.id=cast_info.movie_id,title.id=movie_keyword.movie_id,title.id=movie_info_idx.movie_id,title.id=movie_info.movie_id#movie_info_idx.info_type_id,>,99,movie_info.info_type_id,<,16,title.production_year,>,111,title.kind_id,<,2,title.phonetic_code,>,6886#9120677394
movie_keyword,movie_companies,cast_info,movie_info,title#title.id=movie_keyword.movie_id,title.id=movie_companies.movie_id,title.id=cast_info.movie_id,title.id=movie_info.movie_id#movie_keyword.keyword_id,>,545,cast_info.role_id,=,4,movie_info.info_type_id,<,103,title.production_year,>,117#4005211630
movie_info_idx,movie_info,movie_companies,cast_info,title#title.id=movie_info_idx.movie_id,title.id=movie_info.movie_id,title.id=movie_companies.movie_id,title.id=cast_info.movie_id#movie_info.info_type_id,<,16,title.kind_id,=,7,title.phonetic_code,<,1148#28342881
movie_keyword,cast_info,movie_info,movie_companies,title#title.id=movie_keyword.movie_id,title.id=cast_info.movie_id,title.id=movie_info.movie_id,title.id=movie_companies.movie_id#movie_companies.company_type_id,<,2,title.episode_nr,>,0,title.imdb_index,=,0#1118543423
movie_companies,movie_info_idx,movie_info,movie_keyword,title#title.id=movie_companies.movie_id,title.id=movie_info_idx.movie_id,title.id=movie_info.movie_id,title.id=movie_keyword.movie_id#movie_companies.company_type_id,<,2,movie_info.info_type_id,<,107,title.kind_id,>,1#354877395
movie_info,movie_info_idx,movie_companies,cast_info,title#title.id=movie_info.movie_id,title.id=movie_info_idx.movie_id,title.id=movie_companies.movie_id,title.id=cast_info.movie_id#movie_info_idx.info_type_id,=,101,title.phonetic_code,>,0,title.kind_id,<,7#5424344032
cast_info,movie_keyword,movie_info,movie_info_idx,title#title.id=cast_info.movie_id,title.id=movie_keyword.movie_id,title.id=movie_info.movie_id,title.id=movie_info_idx.movie_id#cast_info.nr_order,>,1,movie_info.info_type_id,<,16,title.episode_nr,>,0#166911420
cast_info,movie_companies,movie_info,movie_keyword,title#title.id=cast_info.movie_id,title.id=movie_companies.movie_id,title.id=movie_info.movie_id,title.id=movie_keyword.movie_id#cast_info.role_id,>,1,movie_info.info_type_id,>,2,movie_keyword.keyword_id,>,994,title.imdb_index,>,0,title.production_year,<,115#499271567
movie_keyword,movie_info,movie_companies,movie_info_idx,title#title.id=movie_keyword.movie_id,title.id=movie_info.movie_id,title.id=movie_companies.movie_id,title.id=movie_info_idx.movie_id#movie_info.info_type_id,<,107,movie_companies.company_type_id,<,2,movie_info_idx.info_type_id,<,101,title.phonetic_code,>,5428,title.production_year,>,94,title.season_nr,>,3#5084352
movie_companies,movie_info_idx,movie_keyword,movie_info,title#title.id=movie_companies.movie_id,title.id=movie_info_idx.movie_id,title.id=movie_keyword.movie_id,title.id=movie_info.movie_id#movie_companies.company_type_id,>,1,movie_keyword.keyword_id,<,16293,title.season_nr,=,1,title.production_year,>,97#8547117
movie_companies,movie_info_idx,movie_info,cast_info,title#title.id=movie_companies.movie_id,title.id=movie_info_idx.movie_id,title.id=movie_info.movie_id,title.id=cast_info.movie_id#movie_info_idx.info_type_id,=,101,movie_info.info_type_id,>,2,cast_info.role_id,>,1,title.production_year,>,99#3330899889
movie_info,cast_info,movie_info_idx,movie_keyword,title#title.id=movie_info.movie_id,title.id=cast_info.movie_id,title.id=movie_info_idx.movie_id,title.id=movie_keyword.movie_id#movie_info.info_type_id,>,1,cast_info.role_id,=,9,movie_info_idx.info_type_id,<,101,title.imdb_index,=,0,title.season_nr,<,27,title.phonetic_code,<,22847,title.kind_id,=,7#11401162
cast_info,movie_info_idx,movie_keyword,movie_info,title#title.id=cast_info.movie_id,title.id=movie_info_idx.movie_id,title.id=movie_keyword.movie_id,title.id=movie_info.movie_id#cast_info.role_id,<,10,movie_info.info_type_id,<,16,title.season_nr,>,0#356673951
movie_info_idx,cast_info,movie_companies,movie_keyword,title#title.id=movie_info_idx.movie_id,title.id=cast_info.movie_id,title.id=movie_companies.movie_id,title.id=movie_keyword.movie_id#movie_info_idx.info_type_id,=,101,cast_info.role_id,<,8,movie_companies.company_type_id,=,1,title.phonetic_code,>,11271#639606473
movie_keyword,movie_companies,movie_info_idx,movie_info,title#title.id=movie_keyword.movie_id,title.id=movie_companies.movie_id,title.id=movie_info_idx.movie_id,title.id=movie_info.movie_id#movie_keyword.keyword_id,>,323,movie_info_idx.info_type_id,>,99,movie_info.info_type_id,<,107,title.series_years,>,0#139040738
movie_info,movie_info_idx,cast_info,movie_keyword,title#title.id=movie_info.movie_id,title.id=movie_info_idx.movie_id,title.id=cast_info.movie_id,title.id=movie_keyword.movie_id#movie_info.info_type_id,>,2,title.phonetic_code,<,1247#6948235847
movie_companies,movie_info_idx,movie_info,movie_keyword,title#title.id=movie_companies.movie_id,title.id=movie_info_idx.movie_id,title.id=movie_info.movie_id,title.id=movie_keyword.movie_id#movie_info_idx.info_type_id,>,99,title.phonetic_code,>,16906,title.episode_nr,<,16,title.production_year,<,99#443598780
movie_info_idx,cast_info,movie_info,movie_keyword,title#title.id=movie_info_idx.movie_id,title.id=cast_info.movie_id,title.id=movie_info.movie_id,title.id=movie_keyword.movie_id#movie_info_idx.info_type_id,=,101,cast_info.role_id,<,9,title.kind_id,=,3#188166993
movie_info,movie_info_idx,cast_info,movie_companies,title#title.id=movie_info.movie_id,title.id=movie_info_idx.movie_id,title.id=cast_info.movie_id,title.id=movie_companies.movie_id#movie_companies.company_type_id,>,1,title.imdb_index,>,0,title.production_year,<,122,title.phonetic_code,>,11409#12394311
movie_keyword,movie_info,movie_info_idx,movie_companies,title#title.id=movie_keyword.movie_id,title.id=movie_info.movie_id,title.id=movie_info_idx.movie_id,title.id=movie_companies.movie_id#movie_info.info_type_id,<,105,title.episode_nr,<,36#12612683910
movie_companies,movie_info,movie_info_idx,cast_info,title#title.id=movie_companies.movie_id,title.id=movie_info.movie_id,title.id=movie_info_idx.movie_id,title.id=cast_info.movie_id#movie_companies.company_type_id,=,2,cast_info.nr_order,<,1000,title.episode_nr,<,8#1095766978
movie_companies,movie_info,movie_info_idx,cast_info,title#title.id=movie_companies.movie_id,title.id=movie_info.movie_id,title.id=movie_info_idx.movie_id,title.id=cast_info.movie_id#movie_info_idx.info_type_id,<,101,cast_info.role_id,<,10,title.production_year,>,122#1216454944
movie_companies,cast_info,movie_info,movie_keyword,title#title.id=movie_companies.movie_id,title.id=cast_info.movie_id,title.id=movie_info.movie_id,title.id=movie_keyword.movie_id#movie_companies.company_type_id,<,2,movie_info.info_type_id,<,16,title.episode_nr,>,0,title.production_year,>,28#627940377
cast_info,movie_keyword,movie_info,movie_companies,title#title.id=cast_info.movie_id,title.id=movie_keyword.movie_id,title.id=movie_info.movie_id,title.id=movie_companies.movie_id#cast_info.nr_order,<,27,movie_info.info_type_id,>,1,movie_companies.company_type_id,<,2,title.series_years,>,712#30507785
movie_info,cast_info,movie_info_idx,movie_companies,title#title.id=movie_info.movie_id,title.id=cast_info.movie_id,title.id=movie_info_idx.movie_id,title.id=movie_companies.movie_id#cast_info.nr_order,<,1000,title.kind_id,<,7,title.phonetic_code,>,0,title.episode_nr,<,213,title.season_nr,<,2#5922564805
movie_info,movie_keyword,movie_companies,movie_info_idx,title#title.id=movie_info.movie_id,title.id=movie_keyword.movie_id,title.id=movie_companies.movie_id,title.id=movie_info_idx.movie_id#movie_companies.company_type_id,=,1,title.phonetic_code,>,17349,title.production_year,<,78,title.imdb_index,>,0#43320
movie_info,cast_info,movie_companies,movie_keyword,title#title.id=movie_info.movie_id,title.id=cast_info.movie_id,title.id=movie_companies.movie_id,title.id=movie_keyword.movie_id#movie_keyword.keyword_id,>,261,title.production_year,<,119,title.season_nr,=,1,title.kind_id,=,7,title.imdb_index,=,0#160131090
movie_info_idx,movie_companies,movie_keyword,cast_info,title#title.id=movie_info_idx.movie_id,title.id=movie_companies.movie_id,title.id=movie_keyword.movie_id,title.id=cast_info.movie_id#movie_companies.company_type_id,>,1,movie_keyword.keyword_id,<,1776,title.series_years,>,0,title.production_year,>,121#464016
movie_info_idx,cast_info,movie_info,movie_companies,title#title.id=movie_info_idx.movie_id,title.id=cast_info.movie_id,title.id=movie_info.movie_id,title.id=movie_companies.movie_id#cast_info.role_id,<,8,title.production_year,>,99#7862433061
movie_info,movie_keyword,movie_info_idx,cast_info,title#title.id=movie_info.movie_id,title.id=movie_keyword.movie_id,title.id=movie_info_idx.movie_id,title.id=cast_info.movie_id#movie_info.info_type_id,<,107,movie_info_idx.info_type_id,<,101,title.imdb_index,=,0,title.season_nr,=,0,title.phonetic_code,<,1450#4991979636
movie_companies,movie_info_idx,movie_info,cast_info,title#title.id=movie_companies.movie_id,title.id=movie_info_idx.movie_id,title.id=movie_info.movie_id,title.id=cast_info.movie_id#movie_companies.company_type_id,>,1,movie_info_idx.info_type_id,<,101,title.phonetic_code,<,2688#402050370
movie_keyword,movie_info_idx,movie_companies,movie_info,title#title.id=movie_keyword.movie_id,title.id=movie_info_idx.movie_id,title.id=movie_companies.movie_id,title.id=movie_info.movie_id#movie_keyword.keyword_id,<,75300,movie_companies.company_type_id,=,1,title.production_year,>,79,title.series_years,>,0#184572294
cast_info,movie_info,movie_keyword,movie_info_idx,title#title.id=cast_info.movie_id,title.id=movie_info.movie_id,title.id=movie_keyword.movie_id,title.id=movie_info_idx.movie_id#movie_info.info_type_id,<,106,title.series_years,>,0,title.production_year,>,56#370172958
movie_keyword,movie_info_idx,movie_companies,cast_info,title#title.id=movie_keyword.movie_id,title.id=movie_info_idx.movie_id,title.id=movie_companies.movie_id,title.id=cast_info.movie_id#movie_keyword.keyword_id,>,310,cast_info.role_id,>,1,title.season_nr,=,0,title.phonetic_code,>,4092#4056813936
cast_info,movie_companies,movie_info_idx,movie_keyword,title#title.id=cast_info.movie_id,title.id=movie_companies.movie_id,title.id=movie_info_idx.movie_id,title.id=movie_keyword.movie_id#title.season_nr,<,6#9397405297
movie_keyword,movie_info_idx,movie_companies,movie_info,title#title.id=movie_keyword.movie_id,title.id=movie_info_idx.movie_id,title.id=movie_companies.movie_id,title.id=movie_info.movie_id#movie_keyword.keyword_id,<,71440,title.production_year,>,120#3698152975
movie_keyword,cast_info,movie_info,movie_companies,title#title.id=movie_keyword.movie_id,title.id=cast_info.movie_id,title.id=movie_info.movie_id,title.id=movie_companies.movie_id#cast_info.nr_order,>,4,movie_info.info_type_id,<,16,title.production_year,>,122#14251624063
cast_info,movie_info_idx,movie_info,movie_keyword,title#title.id=cast_info.movie_id,title.id=movie_info_idx.movie_id,title.id=movie_info.movie_id,title.id=movie_keyword.movie_id#cast_info.nr_order,<,1000,title.production_year,<,127,title.phonetic_code,>,0,title.imdb_index,>,0#526608120
movie_companies,movie_info,movie_keyword,movie_info_idx,title#title.id=movie_companies.movie_id,title.id=movie_info.movie_id,title.id=movie_keyword.movie_id,title.id=movie_info_idx.movie_id#movie_info.info_type_id,<,103,title.season_nr,>,1,title.episode_nr,>,3,title.kind_id,=,7#31900176
movie_info,movie_companies,movie_info_idx,movie_keyword,title#title.id=movie_info.movie_id,title.id=movie_companies.movie_id,title.id=movie_info_idx.movie_id,title.id=movie_keyword.movie_id#movie_keyword.keyword_id,<,25897,title.production_year,>,107#8631161918
movie_companies,cast_info,movie_keyword,movie_info,title#title.id=movie_companies.movie_id,title.id=cast_info.movie_id,title.id=movie_keyword.movie_id,title.id=movie_info.movie_id#movie_info.info_type_id,>,2,title.episode_nr,>,0,title.imdb_index,=,0#1605343382
movie_companies,cast_info,movie_keyword,movie_info_idx,title#title.id=movie_companies.movie_id,title.id=cast_info.movie_id,title.id=movie_keyword.movie_id,title.id=movie_info_idx.movie_id#title.phonetic_code,>,0#9384257692
movie_info_idx,movie_info,cast_info,movie_keyword,title#title.id=movie_info_idx.movie_id,title.id=movie_info.movie_id,title.id=cast_info.movie_id,title.id=movie_keyword.movie_id#cast_info.nr_order,>,1,title.imdb_index,=,0,title.kind_id,=,7#278328939
movie_info_idx,movie_keyword,cast_info,movie_info,title#title.id=movie_info_idx.movie_id,title.id=movie_keyword.movie_id,title.id=cast_info.movie_id,title.id=movie_info.movie_id#movie_keyword.keyword_id,>,137,cast_info.nr_order,>,1,movie_info.info_type_id,<,8,title.season_nr,>,0#75627126
cast_info,movie_companies,movie_keyword,movie_info_idx,title#title.id=cast_info.movie_id,title.id=movie_companies.movie_id,title.id=movie_keyword.movie_id,title.id=movie_info_idx.movie_id#cast_info.nr_order,<,23,movie_info_idx.info_type_id,>,99,title.production_year,>,111,title.episode_nr,<,25,title.phonetic_code,<,10368#391862609
cast_info,movie_keyword,movie_companies,movie_info,title#title.id=cast_info.movie_id,title.id=movie_keyword.movie_id,title.id=movie_companies.movie_id,title.id=movie_info.movie_id#cast_info.nr_order,<,19,movie_info.info_type_id,>,2,title.imdb_index,>,0#2100006350
movie_info_idx,movie_info,cast_info,movie_companies,title#title.id=movie_info_idx.movie_id,title.id=movie_info.movie_id,title.id=cast_info.movie_id,title.id=movie_companies.movie_id#movie_info_idx.info_type_id,=,100,cast_info.role_id,>,1,movie_companies.company_type_id,<,2,title.phonetic_code,<,8094,title.production_year,<,114#476663751
movie_info_idx,movie_keyword,movie_companies,movie_info,title#title.id=movie_info_idx.movie_id,title.id=movie_keyword.movie_id,title.id=movie_companies.movie_id,title.id=movie_info.movie_id#movie_keyword.keyword_id,>,382,title.series_years,>,0,title.production_year,<,124,title.phonetic_code,>,3176#145364655
movie_info_idx,cast_info,movie_info,movie_keyword,title#title.id=movie_info_idx.movie_id,title.id=cast_info.movie_id,title.id=movie_info.movie_id,title.id=movie_keyword.movie_id#movie_keyword.keyword_id,<,28948,title.production_year,>,122#12511402238
cast_info,movie_info_idx,movie_info,movie_keyword,title#title.id=cast_info.movie_id,title.id=movie_info_idx.movie_id,title.id=movie_info.movie_id,title.id=movie_keyword.movie_id#cast_info.nr_order,<,21,title.imdb_index,>,0,title.phonetic_code,>,3490,title.episode_nr,<,19,title.season_nr,<,2#195193200
movie_keyword,movie_info_idx,movie_info,cast_info,title#title.id=movie_keyword.movie_id,title.id=movie_info_idx.movie_id,title.id=movie_info.movie_id,title.id=cast_info.movie_id#movie_keyword.keyword_id,>,121,title.episode_nr,>,0#797647599
movie_keyword,movie_info,cast_info,movie_companies,title#title.id=movie_keyword.movie_id,title.id=movie_info.movie_id,title.id=cast_info.movie_id,title.id=movie_companies.movie_id#movie_info.info_type_id,>,1,cast_info.role_id,<,6,title.series_years,>,0,title.kind_id,>,1#633327969
movie_info,movie_info_idx,cast_info,movie_companies,title#title.id=movie_info.movie_id,title.id=movie_info_idx.movie_id,title.id=cast_info.movie_id,title.id=movie_companies.movie_id#movie_info_idx.info_type_id,<,101,title.season_nr,=,0,title.series_years,>,0,title.phonetic_code,>,4377#88049422
movie_info,cast_info,movie_info_idx,movie_keyword,title#title.id=movie_info.movie_id,title.id=cast_info.movie_id,title.id=movie_info_idx.movie_id,title.id=movie_keyword.movie_id#movie_info_idx.info_type_id,<,101,title.kind_id,=,2,title.imdb_index,=,0#245603806
movie_info_idx,movie_info,movie_keyword,cast_info,title#title.id=movie_info_idx.movie_id,title.id=movie_info.movie_id,title.id=movie_keyword.movie_id,title.id=cast_info.movie_id#movie_info_idx.info_type_id,>,99,cast_info.nr_order,>,1,title.kind_id,<,7,title.season_nr,<,2,title.production_year,>,120,title.imdb_index,>,0#241819114
movie_keyword,movie_companies,cast_info,movie_info_idx,title#title.id=movie_keyword.movie_id,title.id=movie_companies.movie_id,title.id=cast_info.movie_id,title.id=movie_info_idx.movie_id#movie_companies.company_type_id,<,2,title.season_nr,>,0#136729581
movie_companies,cast_info,movie_keyword,movie_info,title#title.id=movie_companies.movie_id,title.id=cast_info.movie_id,title.id=movie_keyword.movie_id,title.id=movie_info.movie_id#cast_info.nr_order,>,1,movie_info.info_type_id,<,16,title.episode_nr,>,24,title.phonetic_code,>,0#4678894
movie_info_idx,movie_keyword,movie_info,cast_info,title#title.id=movie_info_idx.movie_id,title.id=movie_keyword.movie_id,title.id=movie_info.movie_id,title.id=cast_info.movie_id#movie_info.info_type_id,<,18,title.series_years,>,0,title.imdb_index,=,0#303578700
movie_keyword,cast_info,movie_info_idx,movie_companies,title#title.id=movie_keyword.movie_id,title.id=cast_info.movie_id,title.id=movie_info_idx.movie_id,title.id=movie_companies.movie_id#movie_keyword.keyword_id,>,2488,cast_info.nr_order,>,2,title.series_years,>,0#3626517
movie_info,movie_keyword,cast_info,movie_companies,title#title.id=movie_info.movie_id,title.id=movie_keyword.movie_id,title.id=cast_info.movie_id,title.id=movie_companies.movie_id#cast_info.nr_order,>,3,title.series_years,>,0#127754141
movie_info_idx,cast_info,movie_keyword,movie_info,title#title.id=movie_info_idx.movie_id,title.id=cast_info.movie_id,title.id=movie_keyword.movie_id,title.id=movie_info.movie_id#movie_keyword.keyword_id,<,81164,title.episode_nr,>,0,title.imdb_index,=,0#821711082
movie_info,cast_info,movie_companies,movie_info_idx,title#title.id=movie_info.movie_id,title.id=cast_info.movie_id,title.id=movie_companies.movie_id,title.id=movie_info_idx.movie_id#cast_info.role_id,<,10,title.series_years,>,0,title.episode_nr,<,5#112706652
movie_keyword,cast_info,movie_info,movie_companies,title#title.id=movie_keyword.movie_id,title.id=cast_info.movie_id,title.id=movie_info.movie_id,title.id=movie_companies.movie_id#movie_keyword.keyword_id,<,115701,title.phonetic_code,>,18242,title.production_year,>,119,title.series_years,>,1354#4898401
movie_keyword,movie_companies,cast_info,movie_info,title#title.id=movie_keyword.movie_id,title.id=movie_companies.movie_id,title.id=cast_info.movie_id,title.id=movie_info.movie_id#movie_companies.company_type_id,=,2,cast_info.nr_order,<,13,title.phonetic_code,<,8124#4363623523
movie_info_idx,movie_companies,movie_info,movie_keyword,title#title.id=movie_info_idx.movie_id,title.id=movie_companies.movie_id,title.id=movie_info.movie_id,title.id=movie_keyword.movie_id#movie_info_idx.info_type_id,=,101,movie_info.info_type_id,>,1,movie_keyword.keyword_id,<,36659,title.production_year,<,118#2467421878
cast_info,movie_info_idx,movie_companies,movie_keyword,title#title.id=cast_info.movie_id,title.id=movie_info_idx.movie_id,title.id=movie_companies.movie_id,title.id=movie_keyword.movie_id#cast_info.nr_order,<,1001,movie_keyword.keyword_id,>,335,title.production_year,<,117,title.episode_nr,>,0,title.phonetic_code,>,17293#2860734
movie_info,movie_info_idx,cast_info,movie_companies,title#title.id=movie_info.movie_id,title.id=movie_info_idx.movie_id,title.id=cast_info.movie_id,title.id=movie_companies.movie_id#movie_companies.company_type_id,<,2,title.phonetic_code,>,14188,title.production_year,>,115#2541362911
movie_companies,movie_info,movie_info_idx,movie_keyword,title#title.id=movie_companies.movie_id,title.id=movie_info.movie_id,title.id=movie_info_idx.movie_id,title.id=movie_keyword.movie_id#movie_companies.company_type_id,=,2,movie_keyword.keyword_id,<,73230,title.production_year,>,32,title.phonetic_code,>,10497#1028339736
movie_keyword,movie_companies,movie_info,movie_info_idx,title#title.id=movie_keyword.movie_id,title.id=movie_companies.movie_id,title.id=movie_info.movie_id,title.id=movie_info_idx.movie_id#movie_keyword.keyword_id,<,78368,movie_companies.company_type_id,>,1,movie_info_idx.info_type_id,=,99,title.episode_nr,<,11,title.season_nr,>,15,title.phonetic_code,<,11926#51484
movie_companies,cast_info,movie_keyword,movie_info,title#title.id=movie_companies.movie_id,title.id=cast_info.movie_id,title.id=movie_keyword.movie_id,title.id=movie_info.movie_id#movie_companies.company_type_id,>,1,cast_info.role_id,<,8,title.series_years,>,0,title.phonetic_code,<,16773#160564846
movie_keyword,movie_info_idx,movie_info,cast_info,title#title.id=movie_keyword.movie_id,title.id=movie_info_idx.movie_id,title.id=movie_info.movie_id,title.id=cast_info.movie_id#movie_keyword.keyword_id,>,88,movie_info_idx.info_type_id,<,101,cast_info.nr_order,>,1,title.imdb_index,=,0,title.episode_nr,>,6#88483842
movie_keyword,cast_info,movie_companies,movie_info_idx,title#title.id=movie_keyword.movie_id,title.id=cast_info.movie_id,title.id=movie_companies.movie_id,title.id=movie_info_idx.movie_id#movie_keyword.keyword_id,<,91452,cast_info.role_id,<,10,title.phonetic_code,<,17310,title.season_nr,<,6,title.episode_nr,<,38,title.series_years,>,0#29548266
movie_info,movie_info_idx,cast_info,movie_companies,title#title.id=movie_info.movie_id,title.id=movie_info_idx.movie_id,title.id=cast_info.movie_id,title.id=movie_companies.movie_id#movie_companies.company_type_id,>,1,title.kind_id,>,1#487781397
movie_info_idx,movie_keyword,movie_info,movie_companies,title#title.id=movie_info_idx.movie_id,title.id=movie_keyword.movie_id,title.id=movie_info.movie_id,title.id=movie_companies.movie_id#movie_info_idx.info_type_id,<,101,movie_companies.company_type_id,=,2,title.imdb_index,>,0,title.production_year,>,72,title.season_nr,=,0#39005544
movie_companies,movie_info_idx,cast_info,movie_keyword,title#title.id=movie_companies.movie_id,title.id=movie_info_idx.movie_id,title.id=cast_info.movie_id,title.id=movie_keyword.movie_id#title.production_year,>,15,title.phonetic_code,>,0#9384110551
movie_keyword,movie_companies,movie_info_idx,movie_info,title#title.id=movie_keyword.movie_id,title.id=movie_companies.movie_id,title.id=movie_info_idx.movie_id,title.id=movie_info.movie_id#movie_companies.company_type_id,<,2,title.episode_nr,<,159,title.series_years,<,1397#12838105237
cast_info,movie_info_idx,movie_info,movie_companies,title#title.id=cast_info.movie_id,title.id=movie_info_idx.movie_id,title.id=movie_info.movie_id,title.id=movie_companies.movie_id#cast_info.nr_order,>,1,movie_info_idx.info_type_id,<,101,movie_info.info_type_id,>,1,movie_companies.company_type_id,>,1,title.phonetic_code,<,2788,title.season_nr,>,2#5352244
movie_info_idx,movie_info,cast_info,movie_keyword,title#title.id=movie_info_idx.movie_id,title.id=movie_info.movie_id,title.id=cast_info.movie_id,title.id=movie_keyword.movie_id#title.episode_nr,>,0#821711082
movie_keyword,movie_companies,cast_info,movie_info,title#title.id=movie_keyword.movie_id,title.id=movie_companies.movie_id,title.id=cast_info.movie_id,title.id=movie_info.movie_id#cast_info.nr_order,<,21,title.production_year,>,122,title.episode_nr,>,0#212592748
movie_info_idx,movie_keyword,movie_info,movie_companies,title#title.id=movie_info_idx.movie_id,title.id=movie_keyword.movie_id,title.id=movie_info.movie_id,title.id=movie_companies.movie_id#movie_info_idx.info_type_id,=,99,movie_info.info_type_id,>,6,title.phonetic_code,>,20646,title.season_nr,=,1#486414
cast_info,movie_info,movie_info_idx,movie_companies,title#title.id=cast_info.movie_id,title.id=movie_info.movie_id,title.id=movie_info_idx.movie_id,title.id=movie_companies.movie_id#movie_info.info_type_id,>,2,title.series_years,>,0,title.imdb_index,<,1#184412715
movie_companies,movie_keyword,cast_info,movie_info,title#title.id=movie_companies.movie_id,title.id=movie_keyword.movie_id,title.id=cast_info.movie_id,title.id=movie_info.movie_id#movie_companies.company_type_id,>,1,movie_info.info_type_id,<,107,title.phonetic_code,<,12388,title.kind_id,>,1,title.season_nr,=,0#1286069531
movie_info,movie_keyword,movie_info_idx,movie_companies,title#title.id=movie_info.movie_id,title.id=movie_keyword.movie_id,title.id=movie_info_idx.movie_id,title.id=movie_companies.movie_id#movie_keyword.keyword_id,>,18,movie_info_idx.info_type_id,>,99,movie_companies.company_type_id,>,1,title.season_nr,=,0,title.production_year,<,122,title.phonetic_code,>,16239#294418964
cast_info,movie_info,movie_companies,movie_info_idx,title#title.id=cast_info.movie_id,title.id=movie_info.movie_id,title.id=movie_companies.movie_id,title.id=movie_info_idx.movie_id#movie_info.info_type_id,<,94,movie_companies.company_type_id,>,1,title.kind_id,>,1#457636227
movie_info,movie_info_idx,cast_info,movie_companies,title#title.id=movie_info.movie_id,title.id=movie_info_idx.movie_id,title.id=cast_info.movie_id,title.id=movie_companies.movie_id#cast_info.role_id,<,10,title.production_year,<,81#1104294745
movie_keyword,movie_companies,cast_info,movie_info_idx,title#title.id=movie_keyword.movie_id,title.id=movie_companies.movie_id,title.id=cast_info.movie_id,title.id=movie_info_idx.movie_id#cast_info.role_id,<,7,title.kind_id,>,1#375365718
movie_companies,movie_keyword,movie_info_idx,cast_info,title#title.id=movie_companies.movie_id,title.id=movie_keyword.movie_id,title.id=movie_info_idx.movie_id,title.id=cast_info.movie_id#movie_keyword.keyword_id,>,910,title.imdb_index,>,0,title.series_years,>,0#239004
movie_keyword,movie_companies,movie_info_idx,movie_info,title#title.id=movie_keyword.movie_id,title.id=movie_companies.movie_id,title.id=movie_info_idx.movie_id,title.id=movie_info.movie_id#movie_keyword.keyword_id,<,101746,title.production_year,<,111,title.imdb_index,=,0,title.season_nr,=,0#5461310152
cast_info,movie_keyword,movie_info_idx,movie_companies,title#title.id=cast_info.movie_id,title.id=movie_keyword.movie_id,title.id=movie_info_idx.movie_id,title.id=movie_companies.movie_id#movie_keyword.keyword_id,>,231,movie_info_idx.info_type_id,>,99,title.season_nr,=,0#5931408632
movie_info_idx,movie_info,movie_keyword,cast_info,title#title.id=movie_info_idx.movie_id,title.id=movie_info.movie_id,title.id=movie_keyword.movie_id,title.id=cast_info.movie_id#movie_info_idx.info_type_id,>,99,title.episode_nr,>,0,title.kind_id,>,1#547807388
movie_keyword,movie_companies,movie_info_idx,cast_info,title#title.id=movie_keyword.movie_id,title.id=movie_companies.movie_id,title.id=movie_info_idx.movie_id,title.id=cast_info.movie_id#movie_info_idx.info_type_id,>,99,title.series_years,>,0,title.phonetic_code,<,17808#33363066
movie_companies,movie_keyword,movie_info_idx,movie_info,title#title.id=movie_companies.movie_id,title.id=movie_keyword.movie_id,title.id=movie_info_idx.movie_id,title.id=movie_info.movie_id#movie_info_idx.info_type_id,>,99,movie_info.info_type_id,<,104,title.season_nr,>,0,title.production_year,>,72#55544160
movie_keyword,movie_info,movie_info_idx,cast_info,title#title.id=movie_keyword.movie_id,title.id=movie_info.movie_id,title.id=movie_info_idx.movie_id,title.id=cast_info.movie_id#movie_keyword.keyword_id,<,120481,movie_info_idx.info_type_id,>,99,title.production_year,<,58#1360083665
movie_info,movie_info_idx,movie_keyword,movie_companies,title#title.id=movie_info.movie_id,title.id=movie_info_idx.movie_id,title.id=movie_keyword.movie_id,title.id=movie_companies.movie_id#title.production_year,<,125#14242301288
movie_keyword,cast_info,movie_companies,movie_info,title#title.id=movie_keyword.movie_id,title.id=cast_info.movie_id,title.id=movie_companies.movie_id,title.id=movie_info.movie_id#movie_keyword.keyword_id,>,484,movie_info.info_type_id,<,16,title.season_nr,>,0,title.series_years,>,0,title.kind_id,>,1#7859
movie_info_idx,movie_keyword,cast_info,movie_companies,title#title.id=movie_info_idx.movie_id,title.id=movie_keyword.movie_id,title.id=cast_info.movie_id,title.id=movie_companies.movie_id#movie_info_idx.info_type_id,<,101,title.production_year,>,115,title.kind_id,>,3#190651766
movie_companies,movie_keyword,cast_info,movie_info_idx,title#title.id=movie_companies.movie_id,title.id=movie_keyword.movie_id,title.id=cast_info.movie_id,title.id=movie_info_idx.movie_id#movie_companies.company_type_id,=,2,title.production_year,<,125,title.kind_id,<,7#1570903945
movie_keyword,movie_info_idx,cast_info,movie_companies,title#title.id=movie_keyword.movie_id,title.id=movie_info_idx.movie_id,title.id=cast_info.movie_id,title.id=movie_companies.movie_id#movie_info_idx.info_type_id,>,99,cast_info.nr_order,>,1,movie_companies.company_type_id,>,1,title.imdb_index,=,0,title.kind_id,=,7,title.episode_nr,>,3,title.season_nr,>,3#4146666
movie_info_idx,movie_info,movie_companies,cast_info,title#title.id=movie_info_idx.movie_id,title.id=movie_info.movie_id,title.id=movie_companies.movie_id,title.id=cast_info.movie_id#movie_info_idx.info_type_id,=,99,movie_info.info_type_id,<,16,movie_companies.company_type_id,=,2,title.phonetic_code,>,14988,title.imdb_index,=,0,title.series_years,>,0,title.production_year,>,85#3202904
movie_keyword,cast_info,movie_info_idx,movie_companies,title#title.id=movie_keyword.movie_id,title.id=cast_info.movie_id,title.id=movie_info_idx.movie_id,title.id=movie_companies.movie_id#movie_info_idx.info_type_id,<,101,movie_companies.company_type_id,=,1,title.phonetic_code,>,21022,title.production_year,>,120#38873486
movie_info_idx,movie_info,movie_companies,cast_info,title#title.id=movie_info_idx.movie_id,title.id=movie_info.movie_id,title.id=movie_companies.movie_id,title.id=cast_info.movie_id#movie_info_idx.info_type_id,<,101,cast_info.role_id,=,1,title.episode_nr,>,0#105224144
movie_keyword,cast_info,movie_info_idx,movie_companies,title#title.id=movie_keyword.movie_id,title.id=cast_info.movie_id,title.id=movie_info_idx.movie_id,title.id=movie_companies.movie_id#movie_info_idx.info_type_id,<,101,title.phonetic_code,<,6129,title.episode_nr,<,8#2220680658
movie_info,movie_info_idx,cast_info,movie_keyword,title#title.id=movie_info.movie_id,title.id=movie_info_idx.movie_id,title.id=cast_info.movie_id,title.id=movie_keyword.movie_id#movie_info_idx.info_type_id,>,99,cast_info.nr_order,<,28,movie_keyword.keyword_id,<,20211,title.phonetic_code,>,5993,title.imdb_index,>,0,title.production_year,>,104,title.kind_id,>,1#319032
movie_info_idx,movie_keyword,movie_companies,movie_info,title#title.id=movie_info_idx.movie_id,title.id=movie_keyword.movie_id,title.id=movie_companies.movie_id,title.id=movie_info.movie_id#movie_companies.company_type_id,=,1,title.phonetic_code,<,3637,title.season_nr,>,0,title.imdb_index,=,0#15341802
movie_companies,cast_info,movie_keyword,movie_info_idx,title#title.id=movie_companies.movie_id,title.id=cast_info.movie_id,title.id=movie_keyword.movie_id,title.id=movie_info_idx.movie_id#movie_companies.company_type_id,<,2,movie_keyword.keyword_id,<,41801,movie_info_idx.info_type_id,<,101,title.season_nr,>,0#84891200
movie_companies,cast_info,movie_info_idx,movie_keyword,title#title.id=movie_companies.movie_id,title.id=cast_info.movie_id,title.id=movie_info_idx.movie_id,title.id=movie_keyword.movie_id#title.kind_id,<,7,title.imdb_index,>,0,title.production_year,>,0#287447823
movie_info_idx,movie_info,movie_keyword,cast_info,title#title.id=movie_info_idx.movie_id,title.id=movie_info.movie_id,title.id=movie_keyword.movie_id,title.id=cast_info.movie_id#movie_info.info_type_id,>,2,title.phonetic_code,<,19022,title.kind_id,>,1#2683678344
movie_info_idx,movie_keyword,movie_info,movie_companies,title#title.id=movie_info_idx.movie_id,title.id=movie_keyword.movie_id,title.id=movie_info.movie_id,title.id=movie_companies.movie_id#movie_keyword.keyword_id,<,91888,movie_info.info_type_id,>,1,title.episode_nr,>,0,title.imdb_index,=,0,title.production_year,>,82#76121877
movie_info_idx,movie_companies,movie_keyword,movie_info,title#title.id=movie_info_idx.movie_id,title.id=movie_companies.movie_id,title.id=movie_keyword.movie_id,title.id=movie_info.movie_id#movie_companies.company_type_id,>,1,title.production_year,>,53,title.phonetic_code,<,13504,title.episode_nr,>,0,title.kind_id,>,1#19887810
cast_info,movie_keyword,movie_info_idx,movie_companies,title#title.id=cast_info.movie_id,title.id=movie_keyword.movie_id,title.id=movie_info_idx.movie_id,title.id=movie_companies.movie_id#cast_info.role_id,>,1,movie_keyword.keyword_id,<,16264,title.season_nr,=,12,title.episode_nr,>,0#371547
cast_info,movie_info,movie_keyword,movie_info_idx,title#title.id=cast_info.movie_id,title.id=movie_info.movie_id,title.id=movie_keyword.movie_id,title.id=movie_info_idx.movie_id#cast_info.nr_order,<,16000,movie_info.info_type_id,>,4,movie_keyword.keyword_id,<,27531,title.imdb_index,=,0,title.phonetic_code,<,1785#3034112484
movie_keyword,cast_info,movie_info,movie_companies,title#title.id=movie_keyword.movie_id,title.id=cast_info.movie_id,title.id=movie_info.movie_id,title.id=movie_companies.movie_id#cast_info.nr_order,>,1,title.episode_nr,>,0#567157788
movie_keyword,movie_info_idx,movie_info,movie_companies,title#title.id=movie_keyword.movie_id,title.id=movie_info_idx.movie_id,title.id=movie_info.movie_id,title.id=movie_companies.movie_id#movie_info_idx.info_type_id,>,99,title.season_nr,=,0#10213051762
movie_companies,movie_keyword,cast_info,movie_info,title#title.id=movie_companies.movie_id,title.id=movie_keyword.movie_id,title.id=cast_info.movie_id,title.id=movie_info.movie_id#movie_keyword.keyword_id,>,917,title.phonetic_code,<,11494,title.series_years,>,0#770554422
movie_keyword,cast_info,movie_companies,movie_info_idx,title#title.id=movie_keyword.movie_id,title.id=cast_info.movie_id,title.id=movie_companies.movie_id,title.id=movie_info_idx.movie_id#movie_keyword.keyword_id,>,613,movie_companies.company_type_id,<,2,title.series_years,>,0#29961933
movie_companies,movie_keyword,cast_info,movie_info,title#title.id=movie_companies.movie_id,title.id=movie_keyword.movie_id,title.id=cast_info.movie_id,title.id=movie_info.movie_id#title.season_nr,>,0,title.production_year,>,94#1648552867
movie_info_idx,cast_info,movie_info,movie_companies,title#title.id=movie_info_idx.movie_id,title.id=cast_info.movie_id,title.id=movie_info.movie_id,title.id=movie_companies.movie_id#movie_info_idx.info_type_id,=,99,cast_info.role_id,<,11,movie_info.info_type_id,<,16,movie_companies.company_type_id,>,1,title.season_nr,>,1#35470920
movie_info,movie_companies,cast_info,movie_info_idx,title#title.id=movie_info.movie_id,title.id=movie_companies.movie_id,title.id=cast_info.movie_id,title.id=movie_info_idx.movie_id#movie_info_idx.info_type_id,<,101,title.season_nr,=,0,title.imdb_index,>,0#273039832
movie_info,movie_keyword,cast_info,movie_info_idx,title#title.id=movie_info.movie_id,title.id=movie_keyword.movie_id,title.id=cast_info.movie_id,title.id=movie_info_idx.movie_id#movie_keyword.keyword_id,<,45245,movie_info_idx.info_type_id,>,99,title.phonetic_code,>,17549,title.season_nr,>,0,title.episode_nr,>,0#69167804
movie_info_idx,movie_info,cast_info,movie_companies,title#title.id=movie_info_idx.movie_id,title.id=movie_info.movie_id,title.id=cast_info.movie_id,title.id=movie_companies.movie_id#movie_info_idx.info_type_id,<,101,movie_info.info_type_id,<,18,cast_info.role_id,=,8,movie_companies.company_type_id,=,1,title.kind_id,=,7,title.episode_nr,>,7#2200080
movie_info_idx,movie_info,movie_keyword,cast_info,title#title.id=movie_info_idx.movie_id,title.id=movie_info.movie_id,title.id=movie_keyword.movie_id,title.id=cast_info.movie_id#movie_info_idx.info_type_id,>,99,title.season_nr,>,0,title.phonetic_code,<,1784#65204816
cast_info,movie_companies,movie_info_idx,movie_keyword,title#title.id=cast_info.movie_id,title.id=movie_companies.movie_id,title.id=movie_info_idx.movie_id,title.id=movie_keyword.movie_id#cast_info.role_id,>,1,title.kind_id,=,7#170825457
movie_companies,movie_keyword,movie_info_idx,cast_info,title#title.id=movie_companies.movie_id,title.id=movie_keyword.movie_id,title.id=movie_info_idx.movie_id,title.id=cast_info.movie_id#movie_keyword.keyword_id,<,73548,movie_info_idx.info_type_id,<,101,cast_info.role_id,=,1,title.season_nr,>,0,title.phonetic_code,<,11327#21161382
movie_companies,movie_keyword,movie_info_idx,cast_info,title#title.id=movie_companies.movie_id,title.id=movie_keyword.movie_id,title.id=movie_info_idx.movie_id,title.id=cast_info.movie_id#movie_companies.company_type_id,<,2,cast_info.role_id,>,1,title.imdb_index,=,0#4909795346
movie_companies,movie_info,movie_keyword,cast_info,title#title.id=movie_companies.movie_id,title.id=movie_info.movie_id,title.id=movie_keyword.movie_id,title.id=cast_info.movie_id#movie_companies.company_type_id,<,2,title.series_years,>,0,title.episode_nr,<,2,title.kind_id,<,7#1464657606
movie_companies,movie_info,movie_keyword,cast_info,title#title.id=movie_companies.movie_id,title.id=movie_info.movie_id,title.id=movie_keyword.movie_id,title.id=cast_info.movie_id#movie_companies.company_type_id,<,2,movie_info.info_type_id,>,2,title.episode_nr,>,15#113917611
movie_companies,movie_info_idx,cast_info,movie_info,title#title.id=movie_companies.movie_id,title.id=movie_info_idx.movie_id,title.id=cast_info.movie_id,title.id=movie_info.movie_id#movie_companies.company_type_id,<,2,title.series_years,<,801,title.production_year,>,90#12787431726
movie_info_idx,movie_companies,movie_keyword,cast_info,title#title.id=movie_info_idx.movie_id,title.id=movie_companies.movie_id,title.id=movie_keyword.movie_id,title.id=cast_info.movie_id#movie_info_idx.info_type_id,<,101,movie_keyword.keyword_id,<,74422,title.season_nr,=,0,title.production_year,>,97,title.phonetic_code,<,16717,title.imdb_index,>,0#139850612
movie_info_idx,movie_keyword,cast_info,movie_info,title#title.id=movie_info_idx.movie_id,title.id=movie_keyword.movie_id,title.id=cast_info.movie_id,title.id=movie_info.movie_id#movie_keyword.keyword_id,<,73349,cast_info.nr_order,>,5,movie_info.info_type_id,<,18,title.imdb_index,=,0,title.production_year,>,120#3939345518
movie_companies,cast_info,movie_info,movie_info_idx,title#title.id=movie_companies.movie_id,title.id=cast_info.movie_id,title.id=movie_info.movie_id,title.id=movie_info_idx.movie_id#movie_companies.company_type_id,>,1,cast_info.role_id,<,8,title.episode_nr,<,82,title.production_year,<,127,title.phonetic_code,>,0#1908333120
movie_info,movie_companies,movie_info_idx,cast_info,title#title.id=movie_info.movie_id,title.id=movie_companies.movie_id,title.id=movie_info_idx.movie_id,title.id=cast_info.movie_id#movie_info.info_type_id,<,107,movie_companies.company_type_id,=,2,title.kind_id,<,2#2380938978
movie_info_idx,movie_keyword,movie_info,movie_companies,title#title.id=movie_info_idx.movie_id,title.id=movie_keyword.movie_id,title.id=movie_info.movie_id,title.id=movie_companies.movie_id#movie_keyword.keyword_id,<,51259,movie_companies.company_type_id,>,1,title.episode_nr,>,8#12245625
movie_keyword,movie_info_idx,movie_info,movie_companies,title#title.id=movie_keyword.movie_id,title.id=movie_info_idx.movie_id,title.id=movie_info.movie_id,title.id=movie_companies.movie_id#movie_info_idx.info_type_id,<,101,title.production_year,<,124,title.imdb_index,>,0,title.phonetic_code,<,8079#67146212
movie_info,movie_companies,cast_info,movie_keyword,title#title.id=movie_info.movie_id,title.id=movie_companies.movie_id,title.id=cast_info.movie_id,title.id=movie_keyword.movie_id#movie_info.info_type_id,<,106,movie_companies.company_type_id,=,2,title.production_year,<,26,title.imdb_index,>,0#82223
movie_keyword,movie_companies,movie_info_idx,cast_info,title#title.id=movie_keyword.movie_id,title.id=movie_companies.movie_id,title.id=movie_info_idx.movie_id,title.id=cast_info.movie_id#movie_keyword.keyword_id,>,231,title.episode_nr,>,0#215599932
movie_keyword,movie_info,cast_info,movie_info_idx,title#title.id=movie_keyword.movie_id,title.id=movie_info.movie_id,title.id=cast_info.movie_id,title.id=movie_info_idx.movie_id#movie_keyword.keyword_id,>,347,cast_info.role_id,=,1,movie_info_idx.info_type_id,<,101,title.kind_id,>,1,title.season_nr,>,0,title.episode_nr,>,0#135770378
cast_info,movie_companies,movie_keyword,movie_info,title#title.id=cast_info.movie_id,title.id=movie_companies.movie_id,title.id=movie_keyword.movie_id,title.id=movie_info.movie_id#movie_companies.company_type_id,<,2,movie_info.info_type_id,<,18,title.production_year,>,124,title.imdb_index,=,0,title.phonetic_code,<,3991,title.kind_id,>,1#63574044
movie_keyword,movie_info_idx,movie_companies,movie_info,title#title.id=movie_keyword.movie_id,title.id=movie_info_idx.movie_id,title.id=movie_companies.movie_id,title.id=movie_info.movie_id#movie_info_idx.info_type_id,<,101,title.production_year,<,120,title.season_nr,>,2,title.imdb_index,=,0#9045986
cast_info,movie_info_idx,movie_info,movie_companies,title#title.id=cast_info.movie_id,title.id=movie_info_idx.movie_id,title.id=movie_info.movie_id,title.id=movie_companies.movie_id#cast_info.nr_order,>,1,movie_info.info_type_id,<,107,title.imdb_index,=,0#5200730625
cast_info,movie_companies,movie_info,movie_info_idx,title#title.id=cast_info.movie_id,title.id=movie_companies.movie_id,title.id=movie_info.movie_id,title.id=movie_info_idx.movie_id#cast_info.role_id,<,10,movie_info.info_type_id,<,16,title.imdb_index,=,0#4618894134
movie_keyword,cast_info,movie_info,movie_info_idx,title#title.id=movie_keyword.movie_id,title.id=cast_info.movie_id,title.id=movie_info.movie_id,title.id=movie_info_idx.movie_id#movie_keyword.keyword_id,<,75537,cast_info.role_id,<,11,movie_info.info_type_id,>,1,movie_info_idx.info_type_id,>,99,title.imdb_index,=,0,title.series_years,>,0,title.production_year,<,114,title.phonetic_code,<,14348#92371822
movie_info_idx,movie_info,cast_info,movie_companies,title#title.id=movie_info_idx.movie_id,title.id=movie_info.movie_id,title.id=cast_info.movie_id,title.id=movie_companies.movie_id#movie_companies.company_type_id,=,1,title.phonetic_code,>,3175#11023043730
movie_info_idx,cast_info,movie_keyword,movie_companies,title#title.id=movie_info_idx.movie_id,title.id=cast_info.movie_id,title.id=movie_keyword.movie_id,title.id=movie_companies.movie_id#cast_info.role_id,=,1,movie_companies.company_type_id,=,2,title.kind_id,=,7,title.phonetic_code,>,14577#6530688
movie_companies,movie_keyword,movie_info,cast_info,title#title.id=movie_companies.movie_id,title.id=movie_keyword.movie_id,title.id=movie_info.movie_id,title.id=cast_info.movie_id#movie_keyword.keyword_id,<,21765,movie_info.info_type_id,>,2,title.season_nr,=,1,title.phonetic_code,<,1202,title.episode_nr,<,2#11288380
cast_info,movie_info,movie_companies,movie_keyword,title#title.id=cast_info.movie_id,title.id=movie_info.movie_id,title.id=movie_companies.movie_id,title.id=movie_keyword.movie_id#cast_info.nr_order,<,52,movie_keyword.keyword_id,<,3311,title.production_year,>,123#7400394812
movie_keyword,movie_info_idx,movie_info,movie_companies,title#title.id=movie_keyword.movie_id,title.id=movie_info_idx.movie_id,title.id=movie_info.movie_id,title.id=movie_companies.movie_id#movie_keyword.keyword_id,>,1578,movie_info_idx.info_type_id,<,101,movie_info.info_type_id,<,75,movie_companies.company_type_id,=,2,title.imdb_index,=,0#833829796
movie_keyword,movie_info,movie_info_idx,movie_companies,title#title.id=movie_keyword.movie_id,title.id=movie_info.movie_id,title.id=movie_info_idx.movie_id,title.id=movie_companies.movie_id#movie_keyword.keyword_id,<,126720,title.imdb_index,=,0,title.phonetic_code,>,0,title.kind_id,>,1#476694234
movie_companies,movie_info,movie_info_idx,movie_keyword,title#title.id=movie_companies.movie_id,title.id=movie_info.movie_id,title.id=movie_info_idx.movie_id,title.id=movie_keyword.movie_id#movie_companies.company_type_id,>,1,title.imdb_index,<,1#2199910838
movie_companies,movie_info_idx,movie_keyword,cast_info,title#title.id=movie_companies.movie_id,title.id=movie_info_idx.movie_id,title.id=movie_keyword.movie_id,title.id=cast_info.movie_id#movie_companies.company_type_id,<,2,movie_info_idx.info_type_id,=,101,title.imdb_index,=,0,title.episode_nr,<,155#2402513679
cast_info,movie_companies,movie_info,movie_info_idx,title#title.id=cast_info.movie_id,title.id=movie_companies.movie_id,title.id=movie_info.movie_id,title.id=movie_info_idx.movie_id#cast_info.role_id,<,10,movie_info_idx.info_type_id,=,99,title.phonetic_code,<,10429,title.season_nr,=,0,title.imdb_index,>,0,title.series_years,>,0#96731
movie_keyword,movie_info_idx,movie_info,movie_companies,title#title.id=movie_keyword.movie_id,title.id=movie_info_idx.movie_id,title.id=movie_info.movie_id,title.id=movie_companies.movie_id#movie_keyword.keyword_id,<,8218,title.imdb_index,>,0,title.kind_id,=,1,title.phonetic_code,<,2713,title.production_year,>,101#45996589
movie_companies,movie_info,cast_info,movie_info_idx,title#title.id=movie_companies.movie_id,title.id=movie_info.movie_id,title.id=cast_info.movie_id,title.id=movie_info_idx.movie_id#movie_companies.company_type_id,=,2,movie_info.info_type_id,>,1,title.imdb_index,>,0#74802771
movie_keyword,movie_info_idx,cast_info,movie_companies,title#title.id=movie_keyword.movie_id,title.id=movie_info_idx.movie_id,title.id=cast_info.movie_id,title.id=movie_companies.movie_id#movie_info_idx.info_type_id,>,99,cast_info.nr_order,<,19,title.episode_nr,<,5,title.production_year,>,124,title.phonetic_code,<,7359,title.season_nr,>,6#45722
movie_info_idx,movie_keyword,movie_companies,cast_info,title#title.id=movie_info_idx.movie_id,title.id=movie_keyword.movie_id,title.id=movie_companies.movie_id,title.id=cast_info.movie_id#movie_keyword.keyword_id,>,56,cast_info.role_id,=,1,title.imdb_index,=,0,title.season_nr,>,0,title.production_year,>,99#49368048
movie_info_idx,cast_info,movie_info,movie_keyword,title#title.id=movie_info_idx.movie_id,title.id=cast_info.movie_id,title.id=movie_info.movie_id,title.id=movie_keyword.movie_id#movie_info_idx.info_type_id,=,100,cast_info.nr_order,>,1,movie_info.info_type_id,<,98,title.phonetic_code,<,2786,title.kind_id,=,1#1439029424
movie_info_idx,cast_info,movie_companies,movie_info,title#title.id=movie_info_idx.movie_id,title.id=cast_info.movie_id,title.id=movie_companies.movie_id,title.id=movie_info.movie_id#cast_info.role_id,>,1,title.imdb_index,=,0#11520242061
movie_keyword,cast_info,movie_companies,movie_info_idx,title#title.id=movie_keyword.movie_id,title.id=cast_info.movie_id,title.id=movie_companies.movie_id,title.id=movie_info_idx.movie_id#title.production_year,<,126#9053131559
movie_info,movie_keyword,movie_info_idx,movie_companies,title#title.id=movie_info.movie_id,title.id=movie_keyword.movie_id,title.id=movie_info_idx.movie_id,title.id=movie_companies.movie_id#movie_companies.company_type_id,=,1,title.episode_nr,>,0,title.phonetic_code,>,4401,title.season_nr,>,0#36986580
movie_companies,movie_keyword,movie_info,cast_info,title#title.id=movie_companies.movie_id,title.id=movie_keyword.movie_id,title.id=movie_info.movie_id,title.id=cast_info.movie_id#movie_companies.company_type_id,=,2,movie_info.info_type_id,<,16,cast_info.role_id,>,1,title.season_nr,>,0#271044334
cast_info,movie_info,movie_companies,movie_keyword,title#title.id=cast_info.movie_id,title.id=movie_info.movie_id,title.id=movie_companies.movie_id,title.id=movie_keyword.movie_id#cast_info.nr_order,>,1,movie_companies.company_type_id,>,1,title.phonetic_code,>,62,title.episode_nr,<,22,title.series_years,>,0#40194096
cast_info,movie_keyword,movie_info_idx,movie_companies,title#title.id=cast_info.movie_id,title.id=movie_keyword.movie_id,title.id=movie_info_idx.movie_id,title.id=movie_companies.movie_id#cast_info.role_id,<,2,title.series_years,>,0,title.phonetic_code,>,0,title.kind_id,<,7#12807186
movie_keyword,movie_companies,movie_info,cast_info,title#title.id=movie_keyword.movie_id,title.id=movie_companies.movie_id,title.id=movie_info.movie_id,title.id=cast_info.movie_id#title.season_nr,>,0#1756941727
movie_info_idx,movie_companies,movie_info,movie_keyword,title#title.id=movie_info_idx.movie_id,title.id=movie_companies.movie_id,title.id=movie_info.movie_id,title.id=movie_keyword.movie_id#movie_info_idx.info_type_id,=,100,title.imdb_index,>,0,title.kind_id,<,2,title.phonetic_code,>,1449#100703628
cast_info,movie_keyword,movie_info_idx,movie_companies,title#title.id=cast_info.movie_id,title.id=movie_keyword.movie_id,title.id=movie_info_idx.movie_id,title.id=movie_companies.movie_id#cast_info.nr_order,>,1,title.imdb_index,=,0,title.kind_id,=,1,title.phonetic_code,>,11729#1211651325
cast_info,movie_keyword,movie_info,movie_companies,title#title.id=cast_info.movie_id,title.id=movie_keyword.movie_id,title.id=movie_info.movie_id,title.id=movie_companies.movie_id#cast_info.nr_order,>,1,movie_companies.company_type_id,<,2,title.series_years,>,0,title.production_year,>,124#1118178
cast_info,movie_keyword,movie_info_idx,movie_info,title#title.id=cast_info.movie_id,title.id=movie_keyword.movie_id,title.id=movie_info_idx.movie_id,title.id=movie_info.movie_id#cast_info.nr_order,<,5000,title.kind_id,=,2,title.imdb_index,>,0#311949
cast_info,movie_keyword,movie_info,movie_companies,title#title.id=cast_info.movie_id,title.id=movie_keyword.movie_id,title.id=movie_info.movie_id,title.id=movie_companies.movie_id#movie_keyword.keyword_id,<,71648,movie_companies.company_type_id,=,1,title.phonetic_code,>,8173,title.series_years,>,0#770491861
cast_info,movie_info,movie_info_idx,movie_companies,title#title.id=cast_info.movie_id,title.id=movie_info.movie_id,title.id=movie_info_idx.movie_id,title.id=movie_companies.movie_id#title.production_year,>,28,title.season_nr,=,4#54609879
movie_info_idx,cast_info,movie_keyword,movie_companies,title#title.id=movie_info_idx.movie_id,title.id=cast_info.movie_id,title.id=movie_keyword.movie_id,title.id=movie_companies.movie_id#movie_info_idx.info_type_id,=,100,cast_info.nr_order,>,1,title.season_nr,<,2,title.kind_id,>,1,title.episode_nr,<,127,title.phonetic_code,<,20806#50063034
movie_info,movie_info_idx,cast_info,movie_companies,title#title.id=movie_info.movie_id,title.id=movie_info_idx.movie_id,title.id=cast_info.movie_id,title.id=movie_companies.movie_id#movie_companies.company_type_id,<,2,title.season_nr,<,1,title.production_year,>,125#599625990
movie_info_idx,movie_info,movie_companies,cast_info,title#title.id=movie_info_idx.movie_id,title.id=movie_info.movie_id,title.id=movie_companies.movie_id,title.id=cast_info.movie_id#movie_info_idx.info_type_id,>,99,title.production_year,>,75,title.phonetic_code,<,8599,title.season_nr,=,12#786960
movie_info_idx,movie_companies,cast_info,movie_info,title#title.id=movie_info_idx.movie_id,title.id=movie_companies.movie_id,title.id=cast_info.movie_id,title.id=movie_info.movie_id#title.imdb_index,=,0,title.episode_nr,>,0,title.production_year,<,127#624106968
movie_info,cast_info,movie_keyword,movie_companies,title#title.id=movie_info.movie_id,title.id=cast_info.movie_id,title.id=movie_keyword.movie_id,title.id=movie_companies.movie_id#movie_keyword.keyword_id,>,12,title.kind_id,>,1,title.episode_nr,>,0,title.series_years,>,0#13472
cast_info,movie_keyword,movie_info,movie_companies,title#title.id=cast_info.movie_id,title.id=movie_keyword.movie_id,title.id=movie_info.movie_id,title.id=movie_companies.movie_id#cast_info.nr_order,<,7,title.production_year,>,126,title.episode_nr,<,3,title.phonetic_code,<,5922,title.series_years,>,0#10226
movie_info,movie_keyword,movie_info_idx,movie_companies,title#title.id=movie_info.movie_id,title.id=movie_keyword.movie_id,title.id=movie_info_idx.movie_id,title.id=movie_companies.movie_id#movie_info.info_type_id,<,16,movie_companies.company_type_id,=,2,title.phonetic_code,<,14028,title.imdb_index,=,2#876855
movie_info,movie_keyword,cast_info,movie_info_idx,title#title.id=movie_info.movie_id,title.id=movie_keyword.movie_id,title.id=cast_info.movie_id,title.id=movie_info_idx.movie_id#movie_keyword.keyword_id,<,110295,movie_info_idx.info_type_id,>,99,title.series_years,>,0,title.imdb_index,=,0,title.season_nr,=,0#245603788
movie_companies,cast_info,movie_keyword,movie_info,title#title.id=movie_companies.movie_id,title.id=cast_info.movie_id,title.id=movie_keyword.movie_id,title.id=movie_info.movie_id#movie_companies.company_type_id,=,1,cast_info.nr_order,>,1,title.production_year,>,77,title.imdb_index,>,0,title.kind_id,>,1#3219599
movie_info_idx,cast_info,movie_keyword,movie_companies,title#title.id=movie_info_idx.movie_id,title.id=cast_info.movie_id,title.id=movie_keyword.movie_id,title.id=movie_companies.movie_id#movie_keyword.keyword_id,>,382,title.series_years,>,0#47255085
movie_keyword,movie_info,movie_info_idx,cast_info,title#title.id=movie_keyword.movie_id,title.id=movie_info.movie_id,title.id=movie_info_idx.movie_id,title.id=cast_info.movie_id#movie_keyword.keyword_id,>,70,title.series_years,>,0,title.imdb_index,=,0#356437110
movie_companies,movie_keyword,movie_info,cast_info,title#title.id=movie_companies.movie_id,title.id=movie_keyword.movie_id,title.id=movie_info.movie_id,title.id=cast_info.movie_id#movie_keyword.keyword_id,<,24204,title.episode_nr,>,0,title.imdb_index,=,0#1442646904
movie_keyword,movie_info_idx,movie_companies,movie_info,title#title.id=movie_keyword.movie_id,title.id=movie_info_idx.movie_id,title.id=movie_companies.movie_id,title.id=movie_info.movie_id#movie_info.info_type_id,<,16,title.phonetic_code,>,11068,title.kind_id,<,7#2862012431
movie_info,cast_info,movie_keyword,movie_companies,title#title.id=movie_info.movie_id,title.id=cast_info.movie_id,title.id=movie_keyword.movie_id,title.id=movie_companies.movie_id#movie_companies.company_type_id,>,1,title.production_year,>,125#3954215726
movie_keyword,movie_info_idx,cast_info,movie_info,title#title.id=movie_keyword.movie_id,title.id=movie_info_idx.movie_id,title.id=cast_info.movie_id,title.id=movie_info.movie_id#movie_keyword.keyword_id,>,62,title.season_nr,>,0#816386715
movie_keyword,movie_companies,cast_info,movie_info,title#title.id=movie_keyword.movie_id,title.id=movie_companies.movie_id,title.id=cast_info.movie_id,title.id=movie_info.movie_id#movie_keyword.keyword_id,>,348,movie_companies.company_type_id,>,1,cast_info.nr_order,<,46,title.imdb_index,=,0,title.season_nr,=,0,title.kind_id,>,1#490354300
movie_keyword,movie_companies,cast_info,movie_info_idx,title#title.id=movie_keyword.movie_id,title.id=movie_companies.movie_id,title.id=cast_info.movie_id,title.id=movie_info_idx.movie_id#title.kind_id,>,1,title.phonetic_code,>,0#574067649
movie_keyword,movie_info,cast_info,movie_companies,title#title.id=movie_keyword.movie_id,title.id=movie_info.movie_id,title.id=cast_info.movie_id,title.id=movie_companies.movie_id#movie_keyword.keyword_id,<,75568,title.production_year,>,92,title.kind_id,>,1,title.series_years,>,0#1646304943
movie_info_idx,movie_companies,movie_keyword,cast_info,title#title.id=movie_info_idx.movie_id,title.id=movie_companies.movie_id,title.id=movie_keyword.movie_id,title.id=cast_info.movie_id#movie_keyword.keyword_id,>,398,title.phonetic_code,>,7187#5021758196
movie_companies,movie_info_idx,cast_info,movie_info,title#title.id=movie_companies.movie_id,title.id=movie_info_idx.movie_id,title.id=cast_info.movie_id,title.id=movie_info.movie_id#movie_info_idx.info_type_id,>,99,cast_info.role_id,>,1,movie_info.info_type_id,<,105,title.episode_nr,>,0,title.phonetic_code,>,11428#138294970
cast_info,movie_companies,movie_keyword,movie_info_idx,title#title.id=cast_info.movie_id,title.id=movie_companies.movie_id,title.id=movie_keyword.movie_id,title.id=movie_info_idx.movie_id#cast_info.nr_order,<,41,movie_companies.company_type_id,=,2,movie_info_idx.info_type_id,=,100,title.season_nr,>,0#10578426
cast_info,movie_info_idx,movie_keyword,movie_companies,title#title.id=cast_info.movie_id,title.id=movie_info_idx.movie_id,title.id=movie_keyword.movie_id,title.id=movie_companies.movie_id#cast_info.nr_order,<,16,movie_keyword.keyword_id,>,47,movie_companies.company_type_id,>,1,title.imdb_index,>,0#7222395
movie_companies,movie_info_idx,cast_info,movie_info,title#title.id=movie_companies.movie_id,title.id=movie_info_idx.movie_id,title.id=cast_info.movie_id,title.id=movie_info.movie_id#cast_info.role_id,<,10,title.phonetic_code,>,16924,title.imdb_index,=,0#1923334226
movie_info,movie_keyword,movie_info_idx,cast_info,title#title.id=movie_info.movie_id,title.id=movie_keyword.movie_id,title.id=movie_info_idx.movie_id,title.id=cast_info.movie_id#movie_info.info_type_id,>,1,movie_keyword.keyword_id,>,245,title.phonetic_code,>,1420,title.series_years,>,0#279859431
movie_info_idx,movie_info,movie_keyword,cast_info,title#title.id=movie_info_idx.movie_id,title.id=movie_info.movie_id,title.id=movie_keyword.movie_id,title.id=cast_info.movie_id#movie_info.info_type_id,>,1,cast_info.role_id,>,1,title.episode_nr,>,3,title.season_nr,>,1,title.production_year,<,122#155247048
cast_info,movie_info_idx,movie_info,movie_companies,title#title.id=cast_info.movie_id,title.id=movie_info_idx.movie_id,title.id=movie_info.movie_id,title.id=movie_companies.movie_id#cast_info.nr_order,<,23,title.phonetic_code,<,19626,title.production_year,>,112,title.kind_id,=,1#1506026707
movie_keyword,movie_info_idx,cast_info,movie_info,title#title.id=movie_keyword.movie_id,title.id=movie_info_idx.movie_id,title.id=cast_info.movie_id,title.id=movie_info.movie_id#movie_keyword.keyword_id,<,29290,title.season_nr,=,1#287713752
movie_companies,movie_info,cast_info,movie_keyword,title#title.id=movie_companies.movie_id,title.id=movie_info.movie_id,title.id=cast_info.movie_id,title.id=movie_keyword.movie_id#movie_companies.company_type_id,<,2,movie_keyword.keyword_id,>,55,title.season_nr,>,0,title.imdb_index,=,0#1115246857
movie_keyword,cast_info,movie_companies,movie_info_idx,title#title.id=movie_keyword.movie_id,title.id=cast_info.movie_id,title.id=movie_companies.movie_id,title.id=movie_info_idx.movie_id#movie_companies.company_type_id,=,1,title.episode_nr,>,0,title.production_year,>,27#136176927
movie_info_idx,movie_companies,movie_info,cast_info,title#title.id=movie_info_idx.movie_id,title.id=movie_companies.movie_id,title.id=movie_info.movie_id,title.id=cast_info.movie_id#cast_info.nr_order,<,1000,title.season_nr,>,1,title.phonetic_code,<,11726#84200877
cast_info,movie_info_idx,movie_info,movie_keyword,title#title.id=cast_info.movie_id,title.id=movie_info_idx.movie_id,title.id=movie_info.movie_id,title.id=movie_keyword.movie_id#cast_info.role_id,<,10,movie_info.info_type_id,>,1,movie_keyword.keyword_id,>,110,title.kind_id,>,3,title.production_year,<,125,title.episode_nr,>,0#475341759
movie_info,movie_companies,movie_info_idx,movie_keyword,title#title.id=movie_info.movie_id,title.id=movie_companies.movie_id,title.id=movie_info_idx.movie_id,title.id=movie_keyword.movie_id#movie_info.info_type_id,>,2,movie_keyword.keyword_id,>,875,title.production_year,<,104,title.kind_id,=,1,title.imdb_index,=,0#3154445688
movie_info,movie_info_idx,cast_info,movie_keyword,title#title.id=movie_info.movie_id,title.id=movie_info_idx.movie_id,title.id=cast_info.movie_id,title.id=movie_keyword.movie_id#movie_info.info_type_id,>,2,movie_info_idx.info_type_id,<,101,cast_info.nr_order,<,18,title.imdb_index,=,0,title.production_year,>,67,title.episode_nr,<,6773#6776665450
movie_companies,movie_info_idx,movie_info,cast_info,title#title.id=movie_companies.movie_id,title.id=movie_info_idx.movie_id,title.id=movie_info.movie_id,title.id=cast_info.movie_id#movie_companies.company_type_id,<,2,movie_info_idx.info_type_id,=,100,title.production_year,<,72#231073466
movie_info_idx,movie_keyword,movie_info,movie_companies,title#title.id=movie_info_idx.movie_id,title.id=movie_keyword.movie_id,title.id=movie_info.movie_id,title.id=movie_companies.movie_id#movie_info_idx.info_type_id,>,99,movie_info.info_type_id,>,3,title.kind_id,<,7,title.phonetic_code,<,19244#9296975638
cast_info,movie_info,movie_keyword,movie_companies,title#title.id=cast_info.movie_id,title.id=movie_info.movie_id,title.id=movie_keyword.movie_id,title.id=movie_companies.movie_id#movie_info.info_type_id,>,2,title.season_nr,>,0,title.phonetic_code,>,0#1584306777
movie_keyword,movie_info_idx,cast_info,movie_info,title#title.id=movie_keyword.movie_id,title.id=movie_info_idx.movie_id,title.id=cast_info.movie_id,title.id=movie_info.movie_id#movie_keyword.keyword_id,>,214,movie_info_idx.info_type_id,>,99,cast_info.role_id,<,10,title.series_years,>,0,title.phonetic_code,>,1001#115850286
movie_keyword,movie_companies,cast_info,movie_info,title#title.id=movie_keyword.movie_id,title.id=movie_companies.movie_id,title.id=cast_info.movie_id,title.id=movie_info.movie_id#movie_info.info_type_id,<,104,title.production_year,>,40,title.series_years,>,0#1870454571
movie_info_idx,cast_info,movie_keyword,movie_info,title#title.id=movie_info_idx.movie_id,title.id=cast_info.movie_id,title.id=movie_keyword.movie_id,title.id=movie_info.movie_id#movie_info_idx.info_type_id,>,99,cast_info.nr_order,>,1,movie_keyword.keyword_id,<,43506,title.imdb_index,=,0,title.production_year,<,122#12828152465
movie_keyword,cast_info,movie_info,movie_info_idx,title#title.id=movie_keyword.movie_id,title.id=cast_info.movie_id,title.id=movie_info.movie_id,title.id=movie_info_idx.movie_id#cast_info.nr_order,<,43,movie_info.info_type_id,<,16,title.episode_nr,>,1,title.season_nr,=,2#30136707
movie_keyword,movie_info,cast_info,movie_info_idx,title#title.id=movie_keyword.movie_id,title.id=movie_info.movie_id,title.id=cast_info.movie_id,title.id=movie_info_idx.movie_id#movie_keyword.keyword_id,>,1,movie_info.info_type_id,<,107,title.season_nr,>,0#824680434
movie_info,movie_companies,cast_info,movie_info_idx,title#title.id=movie_info.movie_id,title.id=movie_companies.movie_id,title.id=cast_info.movie_id,title.id=movie_info_idx.movie_id#movie_info.info_type_id,>,3,title.season_nr,>,0,title.production_year,>,125,title.kind_id,>,1#37369188
movie_companies,movie_info_idx,movie_info,movie_keyword,title#title.id=movie_companies.movie_id,title.id=movie_info_idx.movie_id,title.id=movie_info.movie_id,title.id=movie_keyword.movie_id#movie_info.info_type_id,<,18,title.kind_id,=,3#72036501
movie_info_idx,movie_companies,cast_info,movie_info,title#title.id=movie_info_idx.movie_id,title.id=movie_companies.movie_id,title.id=cast_info.movie_id,title.id=movie_info.movie_id#movie_info.info_type_id,<,18,title.kind_id,=,1#10959897527
movie_info_idx,movie_keyword,movie_companies,movie_info,title#title.id=movie_info_idx.movie_id,title.id=movie_keyword.movie_id,title.id=movie_companies.movie_id,title.id=movie_info.movie_id#movie_keyword.keyword_id,>,797,movie_info.info_type_id,<,80,title.series_years,>,0,title.imdb_index,=,0#169167606
cast_info,movie_companies,movie_info_idx,movie_info,title#title.id=cast_info.movie_id,title.id=movie_companies.movie_id,title.id=movie_info_idx.movie_id,title.id=movie_info.movie_id#cast_info.nr_order,<,39,title.imdb_index,>,0,title.phonetic_code,<,13899,title.season_nr,<,2#60019989
cast_info,movie_keyword,movie_info,movie_info_idx,title#title.id=cast_info.movie_id,title.id=movie_keyword.movie_id,title.id=movie_info.movie_id,title.id=movie_info_idx.movie_id#cast_info.role_id,>,1,movie_info.info_type_id,<,16,title.production_year,>,83,title.phonetic_code,>,0,title.episode_nr,>,0,title.series_years,<,1281#333617505
movie_info,movie_keyword,movie_companies,cast_info,title#title.id=movie_info.movie_id,title.id=movie_keyword.movie_id,title.id=movie_companies.movie_id,title.id=cast_info.movie_id#movie_info.info_type_id,<,18,cast_info.nr_order,<,15,title.production_year,>,84,title.phonetic_code,<,6823#17579209331
cast_info,movie_info,movie_keyword,movie_info_idx,title#title.id=cast_info.movie_id,title.id=movie_info.movie_id,title.id=movie_keyword.movie_id,title.id=movie_info_idx.movie_id#cast_info.nr_order,>,2,movie_info.info_type_id,>,2,movie_info_idx.info_type_id,<,101,title.phonetic_code,>,3606,title.imdb_index,=,0,title.series_years,>,0,title.production_year,<,127#20224714
cast_info,movie_keyword,movie_info_idx,movie_info,title#title.id=cast_info.movie_id,title.id=movie_keyword.movie_id,title.id=movie_info_idx.movie_id,title.id=movie_info.movie_id#cast_info.nr_order,>,2,title.phonetic_code,<,1294#2387351293
cast_info,movie_companies,movie_info,movie_info_idx,title#title.id=cast_info.movie_id,title.id=movie_companies.movie_id,title.id=movie_info.movie_id,title.id=movie_info_idx.movie_id#movie_companies.company_type_id,>,1,title.episode_nr,<,100#3139961341
movie_companies,movie_info_idx,cast_info,movie_info,title#title.id=movie_companies.movie_id,title.id=movie_info_idx.movie_id,title.id=cast_info.movie_id,title.id=movie_info.movie_id#movie_companies.company_type_id,<,2,movie_info_idx.info_type_id,=,101,title.episode_nr,>,0#121753569
movie_keyword,movie_info_idx,movie_info,movie_companies,title#title.id=movie_keyword.movie_id,title.id=movie_info_idx.movie_id,title.id=movie_info.movie_id,title.id=movie_companies.movie_id#movie_companies.company_type_id,=,2,title.series_years,>,0,title.phonetic_code,>,11068#23165301
movie_info,movie_keyword,cast_info,movie_companies,title#title.id=movie_info.movie_id,title.id=movie_keyword.movie_id,title.id=cast_info.movie_id,title.id=movie_companies.movie_id#movie_info.info_type_id,>,1,cast_info.nr_order,<,19,movie_companies.company_type_id,=,1,title.phonetic_code,<,3583,title.series_years,>,0,title.season_nr,=,0,title.kind_id,>,1#18311020
movie_info_idx,movie_keyword,cast_info,movie_info,title#title.id=movie_info_idx.movie_id,title.id=movie_keyword.movie_id,title.id=cast_info.movie_id,title.id=movie_info.movie_id#movie_keyword.keyword_id,>,335,cast_info.role_id,=,1,movie_info.info_type_id,>,5,title.kind_id,>,1,title.production_year,<,78,title.season_nr,=,0#6705162
movie_keyword,movie_info,movie_companies,cast_info,title#title.id=movie_keyword.movie_id,title.id=movie_info.movie_id,title.id=movie_companies.movie_id,title.id=cast_info.movie_id#movie_keyword.keyword_id,>,256,title.episode_nr,>,0,title.phonetic_code,>,20845#64079786
movie_info_idx,movie_companies,cast_info,movie_keyword,title#title.id=movie_info_idx.movie_id,title.id=movie_companies.movie_id,title.id=cast_info.movie_id,title.id=movie_keyword.movie_id#movie_companies.company_type_id,=,2,movie_keyword.keyword_id,<,29032,title.production_year,<,73,title.imdb_index,>,0#243339
movie_info,cast_info,movie_keyword,movie_info_idx,title#title.id=movie_info.movie_id,title.id=cast_info.movie_id,title.id=movie_keyword.movie_id,title.id=movie_info_idx.movie_id#movie_info_idx.info_type_id,<,101,title.imdb_index,>,0#1226104888
cast_info,movie_info_idx,movie_info,movie_companies,title#title.id=cast_info.movie_id,title.id=movie_info_idx.movie_id,title.id=movie_info.movie_id,title.id=movie_companies.movie_id#cast_info.nr_order,<,53,title.season_nr,>,0,title.production_year,>,32#227518488
movie_keyword,movie_companies,cast_info,movie_info,title#title.id=movie_keyword.movie_id,title.id=movie_companies.movie_id,title.id=cast_info.movie_id,title.id=movie_info.movie_id#movie_keyword.keyword_id,>,261,movie_companies.company_type_id,>,1,cast_info.nr_order,>,0,movie_info.info_type_id,>,5,title.series_years,>,0#29658922
movie_info,movie_info_idx,movie_companies,cast_info,title#title.id=movie_info.movie_id,title.id=movie_info_idx.movie_id,title.id=movie_companies.movie_id,title.id=cast_info.movie_id#movie_info.info_type_id,<,98,cast_info.nr_order,<,4,title.phonetic_code,<,5459,title.imdb_index,>,0,title.series_years,>,0#2766
movie_companies,movie_info_idx,movie_info,cast_info,title#title.id=movie_companies.movie_id,title.id=movie_info_idx.movie_id,title.id=movie_info.movie_id,title.id=cast_info.movie_id#movie_companies.company_type_id,>,1,movie_info.info_type_id,>,1,title.production_year,>,99,title.phonetic_code,<,3509#666825428
cast_info,movie_companies,movie_info_idx,movie_info,title#title.id=cast_info.movie_id,title.id=movie_companies.movie_id,title.id=movie_info_idx.movie_id,title.id=movie_info.movie_id#movie_info_idx.info_type_id,<,101,movie_info.info_type_id,<,18,title.season_nr,=,0,title.production_year,<,107#1628750238
movie_keyword,cast_info,movie_info,movie_companies,title#title.id=movie_keyword.movie_id,title.id=cast_info.movie_id,title.id=movie_info.movie_id,title.id=movie_companies.movie_id#title.episode_nr,>,0#1746329004
cast_info,movie_info_idx,movie_info,movie_companies,title#title.id=cast_info.movie_id,title.id=movie_info_idx.movie_id,title.id=movie_info.movie_id,title.id=movie_companies.movie_id#movie_companies.company_type_id,=,2,title.imdb_index,=,0,title.series_years,>,0,title.production_year,>,120#4125060
movie_info_idx,movie_info,cast_info,movie_companies,title#title.id=movie_info_idx.movie_id,title.id=movie_info.movie_id,title.id=cast_info.movie_id,title.id=movie_companies.movie_id#movie_info_idx.info_type_id,=,101,movie_info.info_type_id,<,16,title.imdb_index,>,0,title.production_year,<,41,title.phonetic_code,>,3016#139731
movie_info_idx,movie_companies,movie_keyword,cast_info,title#title.id=movie_info_idx.movie_id,title.id=movie_companies.movie_id,title.id=movie_keyword.movie_id,title.id=cast_info.movie_id#movie_info_idx.info_type_id,>,99,movie_companies.company_type_id,<,2,movie_keyword.keyword_id,<,26870,cast_info.nr_order,>,0,title.kind_id,>,1,title.episode_nr,>,0#27836062
movie_keyword,movie_info_idx,movie_info,movie_companies,title#title.id=movie_keyword.movie_id,title.id=movie_info_idx.movie_id,title.id=movie_info.movie_id,title.id=movie_companies.movie_id#movie_keyword.keyword_id,<,59192,movie_info.info_type_id,<,16,title.production_year,>,118#2107839361
movie_info,cast_info,movie_companies,movie_keyword,title#title.id=movie_info.movie_id,title.id=cast_info.movie_id,title.id=movie_companies.movie_id,title.id=movie_keyword.movie_id#movie_info.info_type_id,<,105,movie_keyword.keyword_id,>,640,title.kind_id,>,2,title.episode_nr,>,0#1563737145
movie_info_idx,movie_keyword,movie_info,cast_info,title#title.id=movie_info_idx.movie_id,title.id=movie_keyword.movie_id,title.id=movie_info.movie_id,title.id=cast_info.movie_id#movie_info.info_type_id,<,16,cast_info.role_id,<,8,title.phonetic_code,>,20347,title.series_years,>,0#4182108
cast_info,movie_keyword,movie_info_idx,movie_companies,title#title.id=cast_info.movie_id,title.id=movie_keyword.movie_id,title.id=movie_info_idx.movie_id,title.id=movie_companies.movie_id#movie_keyword.keyword_id,>,47,movie_companies.company_type_id,>,1,title.production_year,<,115#606768145
movie_keyword,movie_companies,movie_info,movie_info_idx,title#title.id=movie_keyword.movie_id,title.id=movie_companies.movie_id,title.id=movie_info.movie_id,title.id=movie_info_idx.movie_id#movie_keyword.keyword_id,>,110,movie_info.info_type_id,>,1,title.series_years,>,0,title.imdb_index,=,0#220413723
movie_info_idx,movie_keyword,movie_companies,cast_info,title#title.id=movie_info_idx.movie_id,title.id=movie_keyword.movie_id,title.id=movie_companies.movie_id,title.id=cast_info.movie_id#movie_info_idx.info_type_id,>,99,movie_keyword.keyword_id,<,43407,title.imdb_index,>,0,title.kind_id,>,1#1046718
movie_info_idx,movie_info,movie_companies,movie_keyword,title#title.id=movie_info_idx.movie_id,title.id=movie_info.movie_id,title.id=movie_companies.movie_id,title.id=movie_keyword.movie_id#movie_info.info_type_id,<,18,title.kind_id,=,7,title.episode_nr,<,7,title.imdb_index,=,0#40097721
movie_info,movie_companies,movie_keyword,cast_info,title#title.id=movie_info.movie_id,title.id=movie_companies.movie_id,title.id=movie_keyword.movie_id,title.id=cast_info.movie_id#movie_companies.company_type_id,<,2,cast_info.role_id,<,2,title.imdb_index,>,0#4035081964
movie_info,movie_info_idx,movie_keyword,cast_info,title#title.id=movie_info.movie_id,title.id=movie_info_idx.movie_id,title.id=movie_keyword.movie_id,title.id=cast_info.movie_id#movie_info.info_type_id,<,16,cast_info.nr_order,>,1,title.production_year,>,123#1076234895
movie_keyword,cast_info,movie_companies,movie_info_idx,title#title.id=movie_keyword.movie_id,title.id=cast_info.movie_id,title.id=movie_companies.movie_id,title.id=movie_info_idx.movie_id#movie_keyword.keyword_id,>,43,movie_companies.company_type_id,=,1,movie_info_idx.info_type_id,=,100,title.production_year,>,118#1132070437
movie_info,movie_companies,cast_info,movie_keyword,title#title.id=movie_info.movie_id,title.id=movie_companies.movie_id,title.id=cast_info.movie_id,title.id=movie_keyword.movie_id#movie_info.info_type_id,<,16,cast_info.role_id,<,9,title.season_nr,>,0#675510015
movie_companies,cast_info,movie_info,movie_info_idx,title#title.id=movie_companies.movie_id,title.id=cast_info.movie_id,title.id=movie_info.movie_id,title.id=movie_info_idx.movie_id#movie_companies.company_type_id,>,1,movie_info.info_type_id,>,2,movie_info_idx.info_type_id,=,99,title.production_year,<,118,title.imdb_index,=,0,title.season_nr,>,0#30946793
movie_info_idx,movie_companies,movie_keyword,cast_info,title#title.id=movie_info_idx.movie_id,title.id=movie_companies.movie_id,title.id=movie_keyword.movie_id,title.id=cast_info.movie_id#title.kind_id,>,1,title.phonetic_code,<,18102#527139447
movie_info_idx,movie_info,movie_keyword,cast_info,title#title.id=movie_info_idx.movie_id,title.id=movie_info.movie_id,title.id=movie_keyword.movie_id,title.id=cast_info.movie_id#movie_info_idx.info_type_id,>,99,movie_info.info_type_id,<,98,cast_info.role_id,<,10,title.episode_nr,>,5#207025074
cast_info,movie_keyword,movie_info,movie_info_idx,title#title.id=cast_info.movie_id,title.id=movie_keyword.movie_id,title.id=movie_info.movie_id,title.id=movie_info_idx.movie_id#cast_info.role_id,<,10,movie_info.info_type_id,<,98,movie_info_idx.info_type_id,>,99,title.kind_id,>,1,title.series_years,>,0#134672536
cast_info,movie_keyword,movie_info,movie_companies,title#title.id=cast_info.movie_id,title.id=movie_keyword.movie_id,title.id=movie_info.movie_id,title.id=movie_companies.movie_id#cast_info.nr_order,<,20,title.episode_nr,>,0#515814211
cast_info,movie_info_idx,movie_info,movie_companies,title#title.id=cast_info.movie_id,title.id=movie_info_idx.movie_id,title.id=movie_info.movie_id,title.id=movie_companies.movie_id#cast_info.nr_order,>,1,movie_info.info_type_id,<,16,title.season_nr,=,21,title.episode_nr,<,5#54486
movie_companies,movie_keyword,movie_info,movie_info_idx,title#title.id=movie_companies.movie_id,title.id=movie_keyword.movie_id,title.id=movie_info.movie_id,title.id=movie_info_idx.movie_id#movie_info.info_type_id,<,90,movie_info_idx.info_type_id,=,101,title.imdb_index,>,0#86150732
movie_keyword,movie_info,movie_companies,movie_info_idx,title#title.id=movie_keyword.movie_id,title.id=movie_info.movie_id,title.id=movie_companies.movie_id,title.id=movie_info_idx.movie_id#movie_keyword.keyword_id,>,712,movie_info_idx.info_type_id,>,99,title.imdb_index,=,0,title.series_years,>,0#127926166
movie_keyword,movie_companies,movie_info,cast_info,title#title.id=movie_keyword.movie_id,title.id=movie_companies.movie_id,title.id=movie_info.movie_id,title.id=cast_info.movie_id#cast_info.role_id,=,2,title.season_nr,=,1,title.phonetic_code,>,14314#45967606
movie_info_idx,movie_companies,movie_keyword,movie_info,title#title.id=movie_info_idx.movie_id,title.id=movie_companies.movie_id,title.id=movie_keyword.movie_id,title.id=movie_info.movie_id#movie_info_idx.info_type_id,>,99,movie_keyword.keyword_id,>,1603,title.phonetic_code,<,7321,title.kind_id,=,1#3276380259
movie_info,movie_info_idx,cast_info,movie_companies,title#title.id=movie_info.movie_id,title.id=movie_info_idx.movie_id,title.id=cast_info.movie_id,title.id=movie_companies.movie_id#movie_info.info_type_id,<,105,cast_info.role_id,>,1,title.episode_nr,<,172#9790575498
movie_info_idx,movie_keyword,cast_info,movie_companies,title#title.id=movie_info_idx.movie_id,title.id=movie_keyword.movie_id,title.id=cast_info.movie_id,title.id=movie_companies.movie_id#title.production_year,>,86,title.kind_id,<,7,title.episode_nr,<,263#8252890710
movie_keyword,movie_info_idx,movie_companies,cast_info,title#title.id=movie_keyword.movie_id,title.id=movie_info_idx.movie_id,title.id=movie_companies.movie_id,title.id=cast_info.movie_id#movie_keyword.keyword_id,>,231,title.season_nr,>,0,title.phonetic_code,>,20705#5486241
movie_keyword,movie_companies,movie_info_idx,cast_info,title#title.id=movie_keyword.movie_id,title.id=movie_companies.movie_id,title.id=movie_info_idx.movie_id,title.id=cast_info.movie_id#movie_companies.company_type_id,>,1,cast_info.role_id,<,10,title.imdb_index,>,0,title.phonetic_code,>,7293#17082198
movie_info,movie_info_idx,movie_companies,movie_keyword,title#title.id=movie_info.movie_id,title.id=movie_info_idx.movie_id,title.id=movie_companies.movie_id,title.id=movie_keyword.movie_id#movie_info.info_type_id,<,107,movie_companies.company_type_id,>,1,title.production_year,>,24#2019591063
cast_info,movie_keyword,movie_info,movie_info_idx,title#title.id=cast_info.movie_id,title.id=movie_keyword.movie_id,title.id=movie_info.movie_id,title.id=movie_info_idx.movie_id#cast_info.nr_order,>,1,movie_keyword.keyword_id,>,335,movie_info.info_type_id,<,16,movie_info_idx.info_type_id,>,99,title.kind_id,>,1#464570512
movie_keyword,movie_info_idx,movie_info,movie_companies,title#title.id=movie_keyword.movie_id,title.id=movie_info_idx.movie_id,title.id=movie_info.movie_id,title.id=movie_companies.movie_id#movie_info.info_type_id,<,63,title.kind_id,=,3#78183552
cast_info,movie_info,movie_info_idx,movie_companies,title#title.id=cast_info.movie_id,title.id=movie_info.movie_id,title.id=movie_info_idx.movie_id,title.id=movie_companies.movie_id#movie_info_idx.info_type_id,>,99,title.imdb_index,>,0,title.production_year,<,50#921878
movie_companies,movie_info,cast_info,movie_keyword,title#title.id=movie_companies.movie_id,title.id=movie_info.movie_id,title.id=cast_info.movie_id,title.id=movie_keyword.movie_id#movie_keyword.keyword_id,<,58605,title.episode_nr,>,0#1704081957
movie_keyword,movie_companies,movie_info,movie_info_idx,title#title.id=movie_keyword.movie_id,title.id=movie_companies.movie_id,title.id=movie_info.movie_id,title.id=movie_info_idx.movie_id#movie_info_idx.info_type_id,<,100,title.episode_nr,>,9,title.imdb_index,=,0#9272397
movie_keyword,movie_info_idx,movie_info,cast_info,title#title.id=movie_keyword.movie_id,title.id=movie_info_idx.movie_id,title.id=movie_info.movie_id,title.id=cast_info.movie_id#cast_info.nr_order,<,25,title.imdb_index,>,0#311617128
movie_companies,movie_info_idx,movie_keyword,cast_info,title#title.id=movie_companies.movie_id,title.id=movie_info_idx.movie_id,title.id=movie_keyword.movie_id,title.id=cast_info.movie_id#title.production_year,>,29,title.kind_id,<,7,title.episode_nr,<,14870#9199830070
movie_companies,movie_info_idx,cast_info,movie_keyword,title#title.id=movie_companies.movie_id,title.id=movie_info_idx.movie_id,title.id=cast_info.movie_id,title.id=movie_keyword.movie_id#movie_companies.company_type_id,=,1,movie_keyword.keyword_id,>,367,title.episode_nr,>,13,title.season_nr,>,1#13689981
movie_info,movie_keyword,cast_info,movie_info_idx,title#title.id=movie_info.movie_id,title.id=movie_keyword.movie_id,title.id=cast_info.movie_id,title.id=movie_info_idx.movie_id#cast_info.role_id,=,1,title.phonetic_code,<,3873#7415490105
cast_info,movie_info_idx,movie_keyword,movie_info,title#title.id=cast_info.movie_id,title.id=movie_info_idx.movie_id,title.id=movie_keyword.movie_id,title.id=movie_info.movie_id#cast_info.role_id,>,1,movie_keyword.keyword_id,<,2546,title.imdb_index,>,0,title.production_year,>,81,title.season_nr,=,0#429580251
movie_keyword,movie_companies,movie_info,movie_info_idx,title#title.id=movie_keyword.movie_id,title.id=movie_companies.movie_id,title.id=movie_info.movie_id,title.id=movie_info_idx.movie_id#title.kind_id,>,1#489546699
movie_info_idx,movie_companies,movie_info,movie_keyword,title#title.id=movie_info_idx.movie_id,title.id=movie_companies.movie_id,title.id=movie_info.movie_id,title.id=movie_keyword.movie_id#movie_info_idx.info_type_id,=,101,movie_info.info_type_id,<,8,movie_keyword.keyword_id,<,16264,title.imdb_index,>,0,title.production_year,<,99#383511
movie_companies,movie_info_idx,cast_info,movie_info,title#title.id=movie_companies.movie_id,title.id=movie_info_idx.movie_id,title.id=cast_info.movie_id,title.id=movie_info.movie_id#movie_companies.company_type_id,>,1,movie_info_idx.info_type_id,>,99,title.kind_id,=,1,title.production_year,>,97,title.phonetic_code,<,761#84868418
movie_info_idx,movie_keyword,cast_info,movie_info,title#title.id=movie_info_idx.movie_id,title.id=movie_keyword.movie_id,title.id=cast_info.movie_id,title.id=movie_info.movie_id#movie_info_idx.info_type_id,=,101,movie_info.info_type_id,<,98,title.episode_nr,<,1,title.series_years,>,0,title.kind_id,<,7#120565116
cast_info,movie_info,movie_companies,movie_info_idx,title#title.id=cast_info.movie_id,title.id=movie_info.movie_id,title.id=movie_companies.movie_id,title.id=movie_info_idx.movie_id#cast_info.nr_order,<,39,movie_info.info_type_id,>,16,title.kind_id,=,7,title.series_years,<,1397,title.episode_nr,<,814#37476585
movie_info,movie_info_idx,cast_info,movie_keyword,title#title.id=movie_info.movie_id,title.id=movie_info_idx.movie_id,title.id=cast_info.movie_id,title.id=movie_keyword.movie_id#movie_info.info_type_id,<,107,cast_info.nr_order,<,22,title.production_year,>,75,title.episode_nr,<,99,title.imdb_index,>,0#246567105
movie_keyword,movie_companies,cast_info,movie_info,title#title.id=movie_keyword.movie_id,title.id=movie_companies.movie_id,title.id=cast_info.movie_id,title.id=movie_info.movie_id#movie_companies.company_type_id,>,1,cast_info.nr_order,>,1,movie_info.info_type_id,>,1,title.season_nr,>,1#105195588
movie_info_idx,movie_keyword,cast_info,movie_info,title#title.id=movie_info_idx.movie_id,title.id=movie_keyword.movie_id,title.id=cast_info.movie_id,title.id=movie_info.movie_id#movie_keyword.keyword_id,<,45625,cast_info.role_id,=,2,title.imdb_index,=,0,title.series_years,>,0#38327739
movie_info,cast_info,movie_info_idx,movie_companies,title#title.id=movie_info.movie_id,title.id=cast_info.movie_id,title.id=movie_info_idx.movie_id,title.id=movie_companies.movie_id#movie_info.info_type_id,<,54,title.production_year,>,0,title.season_nr,<,60#13025390040
movie_info,cast_info,movie_companies,movie_info_idx,title#title.id=movie_info.movie_id,title.id=cast_info.movie_id,title.id=movie_companies.movie_id,title.id=movie_info_idx.movie_id#movie_info.info_type_id,>,2,movie_companies.company_type_id,=,2,title.production_year,<,126#2864177823
movie_keyword,movie_info_idx,cast_info,movie_info,title#title.id=movie_keyword.movie_id,title.id=movie_info_idx.movie_id,title.id=cast_info.movie_id,title.id=movie_info.movie_id#movie_info_idx.info_type_id,<,101,cast_info.role_id,>,1,title.episode_nr,>,0#402365892
movie_info,movie_keyword,movie_companies,cast_info,title#title.id=movie_info.movie_id,title.id=movie_keyword.movie_id,title.id=movie_companies.movie_id,title.id=cast_info.movie_id#movie_info.info_type_id,>,3,title.season_nr,<,6,title.kind_id,=,2,title.episode_nr,<,381,title.series_years,<,1397#1765315429
movie_keyword,cast_info,movie_info,movie_info_idx,title#title.id=movie_keyword.movie_id,title.id=cast_info.movie_id,title.id=movie_info.movie_id,title.id=movie_info_idx.movie_id#movie_info.info_type_id,>,3,title.phonetic_code,>,18625,title.kind_id,=,1#4966334107
cast_info,movie_companies,movie_info_idx,movie_info,title#title.id=cast_info.movie_id,title.id=movie_companies.movie_id,title.id=movie_info_idx.movie_id,title.id=movie_info.movie_id#cast_info.nr_order,<,26,title.series_years,>,0#23873694
movie_info,cast_info,movie_keyword,movie_info_idx,title#title.id=movie_info.movie_id,title.id=cast_info.movie_id,title.id=movie_keyword.movie_id,title.id=movie_info_idx.movie_id#movie_info.info_type_id,<,107,movie_info_idx.info_type_id,>,99,title.phonetic_code,>,19768,title.production_year,>,124#195534406
movie_info,movie_info_idx,cast_info,movie_companies,title#title.id=movie_info.movie_id,title.id=movie_info_idx.movie_id,title.id=cast_info.movie_id,title.id=movie_companies.movie_id#movie_info_idx.info_type_id,=,101,title.kind_id,<,7,title.phonetic_code,<,19526#5133994909
movie_info_idx,movie_info,movie_companies,cast_info,title#title.id=movie_info_idx.movie_id,title.id=movie_info.movie_id,title.id=movie_companies.movie_id,title.id=cast_info.movie_id#movie_info.info_type_id,<,18,cast_info.role_id,=,2,title.episode_nr,<,6,title.production_year,<,112#562911988
movie_info,cast_info,movie_companies,movie_info_idx,title#title.id=movie_info.movie_id,title.id=cast_info.movie_id,title.id=movie_companies.movie_id,title.id=movie_info_idx.movie_id#movie_info.info_type_id,<,18,movie_companies.company_type_id,<,2,title.production_year,>,120#3206226532
cast_info,movie_companies,movie_info,movie_info_idx,title#title.id=cast_info.movie_id,title.id=movie_companies.movie_id,title.id=movie_info.movie_id,title.id=movie_info_idx.movie_id#cast_info.role_id,<,10,title.season_nr,=,0,title.series_years,>,0#112706652
movie_companies,cast_info,movie_info_idx,movie_info,title#title.id=movie_companies.movie_id,title.id=cast_info.movie_id,title.id=movie_info_idx.movie_id,title.id=movie_info.movie_id#movie_companies.company_type_id,>,1,cast_info.nr_order,<,45,movie_info_idx.info_type_id,>,99,movie_info.info_type_id,<,98,title.imdb_index,=,0,title.production_year,<,94#74490703
movie_keyword,movie_info,cast_info,movie_companies,title#title.id=movie_keyword.movie_id,title.id=movie_info.movie_id,title.id=cast_info.movie_id,title.id=movie_companies.movie_id#movie_keyword.keyword_id,>,245,movie_info.info_type_id,<,107,cast_info.nr_order,>,1,movie_companies.company_type_id,>,1,title.phonetic_code,>,11390,title.kind_id,>,3#165599126
movie_info_idx,movie_info,movie_keyword,cast_info,title#title.id=movie_info_idx.movie_id,title.id=movie_info.movie_id,title.id=movie_keyword.movie_id,title.id=cast_info.movie_id#movie_info_idx.info_type_id,=,101,movie_info.info_type_id,<,16,movie_keyword.keyword_id,<,2988,cast_info.role_id,>,1,title.production_year,<,93,title.series_years,>,0#4269034
movie_info_idx,movie_companies,movie_info,cast_info,title#title.id=movie_info_idx.movie_id,title.id=movie_companies.movie_id,title.id=movie_info.movie_id,title.id=cast_info.movie_id#movie_info_idx.info_type_id,>,99,cast_info.nr_order,<,12,title.episode_nr,>,0#99133488
cast_info,movie_companies,movie_info_idx,movie_info,title#title.id=cast_info.movie_id,title.id=movie_companies.movie_id,title.id=movie_info_idx.movie_id,title.id=movie_info.movie_id#cast_info.nr_order,>,2,movie_info_idx.info_type_id,=,99,title.imdb_index,=,0#1806402026
movie_keyword,movie_companies,movie_info_idx,movie_info,title#title.id=movie_keyword.movie_id,title.id=movie_companies.movie_id,title.id=movie_info_idx.movie_id,title.id=movie_info.movie_id#movie_keyword.keyword_id,<,83789,movie_companies.company_type_id,=,1,movie_info_idx.info_type_id,>,99,movie_info.info_type_id,<,105,title.episode_nr,>,0#35780516
movie_companies,movie_keyword,movie_info_idx,movie_info,title#title.id=movie_companies.movie_id,title.id=movie_keyword.movie_id,title.id=movie_info_idx.movie_id,title.id=movie_info.movie_id#movie_companies.company_type_id,<,2,title.production_year,<,127,title.kind_id,<,7#12762276013
movie_info,movie_info_idx,cast_info,movie_companies,title#title.id=movie_info.movie_id,title.id=movie_info_idx.movie_id,title.id=cast_info.movie_id,title.id=movie_companies.movie_id#movie_info.info_type_id,>,2,cast_info.nr_order,>,0,title.season_nr,>,1#128691219
movie_info,movie_info_idx,movie_companies,cast_info,title#title.id=movie_info.movie_id,title.id=movie_info_idx.movie_id,title.id=movie_companies.movie_id,title.id=cast_info.movie_id#movie_info_idx.info_type_id,=,101,movie_companies.company_type_id,<,2,cast_info.role_id,<,9,title.production_year,>,124#207551209
movie_info,cast_info,movie_keyword,movie_companies,title#title.id=movie_info.movie_id,title.id=cast_info.movie_id,title.id=movie_keyword.movie_id,title.id=movie_companies.movie_id#movie_info.info_type_id,<,106,movie_companies.company_type_id,>,1,title.production_year,>,124#6885647977
movie_info,movie_info_idx,cast_info,movie_companies,title#title.id=movie_info.movie_id,title.id=movie_info_idx.movie_id,title.id=cast_info.movie_id,title.id=movie_companies.movie_id#movie_info.info_type_id,>,2,movie_info_idx.info_type_id,<,101,movie_companies.company_type_id,<,2,title.kind_id,=,2,title.production_year,>,108#45103894
movie_info_idx,movie_keyword,movie_companies,cast_info,title#title.id=movie_info_idx.movie_id,title.id=movie_keyword.movie_id,title.id=movie_companies.movie_id,title.id=cast_info.movie_id#movie_keyword.keyword_id,>,117,movie_companies.company_type_id,>,1,title.season_nr,>,0#87702345
movie_info_idx,movie_companies,movie_info,cast_info,title#title.id=movie_info_idx.movie_id,title.id=movie_companies.movie_id,title.id=movie_info.movie_id,title.id=cast_info.movie_id#movie_info_idx.info_type_id,<,101,movie_companies.company_type_id,<,2,title.season_nr,>,0,title.phonetic_code,<,14178,title.production_year,>,123#41036922
cast_info,movie_keyword,movie_info_idx,movie_companies,title#title.id=cast_info.movie_id,title.id=movie_keyword.movie_id,title.id=movie_info_idx.movie_id,title.id=movie_companies.movie_id#movie_keyword.keyword_id,<,45248,movie_companies.company_type_id,=,2,title.season_nr,>,1,title.production_year,>,111#41117670
movie_info_idx,cast_info,movie_companies,movie_keyword,title#title.id=movie_info_idx.movie_id,title.id=cast_info.movie_id,title.id=movie_companies.movie_id,title.id=movie_keyword.movie_id#title.production_year,<,126,title.episode_nr,<,3466#9053113148
movie_info,movie_keyword,movie_info_idx,cast_info,title#title.id=movie_info.movie_id,title.id=movie_keyword.movie_id,title.id=movie_info_idx.movie_id,title.id=cast_info.movie_id#movie_info.info_type_id,>,1,movie_info_idx.info_type_id,=,100,cast_info.role_id,<,8,title.series_years,>,0#60707993
movie_info,movie_info_idx,cast_info,movie_keyword,title#title.id=movie_info.movie_id,title.id=movie_info_idx.movie_id,title.id=cast_info.movie_id,title.id=movie_keyword.movie_id#movie_info.info_type_id,>,2,title.imdb_index,>,0#1815761190
movie_companies,movie_info_idx,movie_info,movie_keyword,title#title.id=movie_companies.movie_id,title.id=movie_info_idx.movie_id,title.id=movie_info.movie_id,title.id=movie_keyword.movie_id#movie_companies.company_type_id,<,2,movie_info.info_type_id,>,1,title.kind_id,=,7,title.episode_nr,<,41,title.production_year,>,111,title.phonetic_code,>,0#40521492
movie_info,movie_info_idx,movie_keyword,movie_companies,title#title.id=movie_info.movie_id,title.id=movie_info_idx.movie_id,title.id=movie_keyword.movie_id,title.id=movie_companies.movie_id#movie_keyword.keyword_id,<,43932,title.phonetic_code,<,2866#2874833839
cast_info,movie_info,movie_info_idx,movie_companies,title#title.id=cast_info.movie_id,title.id=movie_info.movie_id,title.id=movie_info_idx.movie_id,title.id=movie_companies.movie_id#movie_info_idx.info_type_id,=,100,movie_companies.company_type_id,<,2,title.series_years,<,1381,title.imdb_index,>,0,title.production_year,>,122#60479990
movie_companies,cast_info,movie_info,movie_keyword,title#title.id=movie_companies.movie_id,title.id=cast_info.movie_id,title.id=movie_info.movie_id,title.id=movie_keyword.movie_id#movie_info.info_type_id,<,107,title.episode_nr,>,0#1742291438
movie_keyword,movie_companies,movie_info,cast_info,title#title.id=movie_keyword.movie_id,title.id=movie_companies.movie_id,title.id=movie_info.movie_id,title.id=cast_info.movie_id#movie_keyword.keyword_id,<,31257,movie_companies.company_type_id,=,2,title.episode_nr,>,0,title.season_nr,>,0#552343907
movie_keyword,movie_info_idx,movie_info,cast_info,title#title.id=movie_keyword.movie_id,title.id=movie_info_idx.movie_id,title.id=movie_info.movie_id,title.id=cast_info.movie_id#movie_keyword.keyword_id,<,46728,cast_info.nr_order,>,1,title.imdb_index,>,0#486211127
movie_info_idx,movie_info,movie_companies,movie_keyword,title#title.id=movie_info_idx.movie_id,title.id=movie_info.movie_id,title.id=movie_companies.movie_id,title.id=movie_keyword.movie_id#movie_info_idx.info_type_id,>,99,title.phonetic_code,>,0,title.season_nr,<,4,title.production_year,<,126,title.series_years,>,0#152790048
movie_keyword,movie_info_idx,movie_info,cast_info,title#title.id=movie_keyword.movie_id,title.id=movie_info_idx.movie_id,title.id=movie_info.movie_id,title.id=cast_info.movie_id#movie_keyword.keyword_id,>,70,cast_info.nr_order,>,3,title.production_year,<,93,title.episode_nr,>,0,title.imdb_index,=,0#25441428
cast_info,movie_companies,movie_keyword,movie_info_idx,title#title.id=cast_info.movie_id,title.id=movie_companies.movie_id,title.id=movie_keyword.movie_id,title.id=movie_info_idx.movie_id#cast_info.role_id,<,10,movie_keyword.keyword_id,<,29072,title.imdb_index,>,0,title.kind_id,=,1#128373081
movie_keyword,cast_info,movie_info,movie_info_idx,title#title.id=movie_keyword.movie_id,title.id=cast_info.movie_id,title.id=movie_info.movie_id,title.id=movie_info_idx.movie_id#movie_keyword.keyword_id,<,28668,cast_info.nr_order,<,7,movie_info_idx.info_type_id,=,101,title.season_nr,>,0#37172397
movie_info_idx,movie_keyword,cast_info,movie_companies,title#title.id=movie_info_idx.movie_id,title.id=movie_keyword.movie_id,title.id=cast_info.movie_id,title.id=movie_companies.movie_id#movie_info_idx.info_type_id,<,101,cast_info.nr_order,<,31,title.season_nr,=,0#1488311714
movie_keyword,movie_info,cast_info,movie_companies,title#title.id=movie_keyword.movie_id,title.id=movie_info.movie_id,title.id=cast_info.movie_id,title.id=movie_companies.movie_id#cast_info.nr_order,>,0,title.season_nr,<,5,title.series_years,>,0,title.production_year,>,105,title.kind_id,<,7#51572626
movie_companies,movie_info,movie_info_idx,cast_info,title#title.id=movie_companies.movie_id,title.id=movie_info.movie_id,title.id=movie_info_idx.movie_id,title.id=cast_info.movie_id#movie_companies.company_type_id,=,2,movie_info_idx.info_type_id,<,101,title.episode_nr,<,9,title.season_nr,=,3,title.phonetic_code,>,16283#2195330
movie_info,movie_info_idx,cast_info,movie_companies,title#title.id=movie_info.movie_id,title.id=movie_info_idx.movie_id,title.id=cast_info.movie_id,title.id=movie_companies.movie_id#movie_companies.company_type_id,<,2,title.phonetic_code,<,10835#7630356245
cast_info,movie_companies,movie_keyword,movie_info,title#title.id=cast_info.movie_id,title.id=movie_companies.movie_id,title.id=movie_keyword.movie_id,title.id=movie_info.movie_id#movie_info.info_type_id,>,2,title.phonetic_code,>,6432,title.imdb_index,>,0,title.kind_id,>,4#743342
movie_companies,movie_info,cast_info,movie_keyword,title#title.id=movie_companies.movie_id,title.id=movie_info.movie_id,title.id=cast_info.movie_id,title.id=movie_keyword.movie_id#cast_info.role_id,<,11,movie_keyword.keyword_id,>,137,title.phonetic_code,>,693,title.episode_nr,>,2,title.production_year,>,120#653871650
movie_info,cast_info,movie_companies,movie_keyword,title#title.id=movie_info.movie_id,title.id=cast_info.movie_id,title.id=movie_companies.movie_id,title.id=movie_keyword.movie_id#cast_info.nr_order,<,34,movie_companies.company_type_id,<,2,title.episode_nr,>,0,title.production_year,<,124,title.kind_id,>,1#271999290
movie_info_idx,movie_companies,cast_info,movie_info,title#title.id=movie_info_idx.movie_id,title.id=movie_companies.movie_id,title.id=cast_info.movie_id,title.id=movie_info.movie_id#movie_info_idx.info_type_id,>,99,movie_companies.company_type_id,<,2,cast_info.role_id,<,9,movie_info.info_type_id,>,1,title.phonetic_code,<,15668,title.imdb_index,=,0,title.series_years,>,0#34812634
movie_keyword,cast_info,movie_companies,movie_info,title#title.id=movie_keyword.movie_id,title.id=cast_info.movie_id,title.id=movie_companies.movie_id,title.id=movie_info.movie_id#movie_keyword.keyword_id,>,137,movie_info.info_type_id,>,2,title.season_nr,>,0#1561721168
movie_info_idx,movie_companies,movie_keyword,movie_info,title#title.id=movie_info_idx.movie_id,title.id=movie_companies.movie_id,title.id=movie_keyword.movie_id,title.id=movie_info.movie_id#movie_companies.company_type_id,=,2,movie_keyword.keyword_id,>,364,title.kind_id,>,1,title.production_year,<,125,title.imdb_index,>,0#436596
movie_info,movie_keyword,cast_info,movie_companies,title#title.id=movie_info.movie_id,title.id=movie_keyword.movie_id,title.id=cast_info.movie_id,title.id=movie_companies.movie_id#movie_keyword.keyword_id,>,1401,title.kind_id,>,1,title.production_year,<,93#279399393
movie_companies,cast_info,movie_info,movie_keyword,title#title.id=movie_companies.movie_id,title.id=cast_info.movie_id,title.id=movie_info.movie_id,title.id=movie_keyword.movie_id#cast_info.role_id,<,9,title.series_years,>,0,title.episode_nr,>,0,title.season_nr,<,10#13893
movie_companies,movie_info,cast_info,movie_info_idx,title#title.id=movie_companies.movie_id,title.id=movie_info.movie_id,title.id=cast_info.movie_id,title.id=movie_info_idx.movie_id#cast_info.role_id,>,1,title.series_years,>,0,title.phonetic_code,<,11080#85424976
movie_info,movie_companies,cast_info,movie_info_idx,title#title.id=movie_info.movie_id,title.id=movie_companies.movie_id,title.id=cast_info.movie_id,title.id=movie_info_idx.movie_id#movie_info.info_type_id,>,2,movie_companies.company_type_id,<,2,movie_info_idx.info_type_id,>,99,title.kind_id,>,1#464744838
movie_companies,movie_info_idx,movie_keyword,cast_info,title#title.id=movie_companies.movie_id,title.id=movie_info_idx.movie_id,title.id=movie_keyword.movie_id,title.id=cast_info.movie_id#movie_keyword.keyword_id,>,343,cast_info.role_id,>,1,title.phonetic_code,<,14698,title.production_year,<,51,title.season_nr,>,0#46593
movie_keyword,movie_info_idx,cast_info,movie_info,title#title.id=movie_keyword.movie_id,title.id=movie_info_idx.movie_id,title.id=cast_info.movie_id,title.id=movie_info.movie_id#movie_info.info_type_id,>,2,title.production_year,<,125,title.phonetic_code,>,22972#162998943
cast_info,movie_companies,movie_keyword,movie_info,title#title.id=cast_info.movie_id,title.id=movie_companies.movie_id,title.id=movie_keyword.movie_id,title.id=movie_info.movie_id#movie_keyword.keyword_id,>,359,title.episode_nr,>,0,title.phonetic_code,<,1851,title.production_year,>,89#204705009
movie_info,cast_info,movie_info_idx,movie_keyword,title#title.id=movie_info.movie_id,title.id=cast_info.movie_id,title.id=movie_info_idx.movie_id,title.id=movie_keyword.movie_id#cast_info.role_id,>,1,title.kind_id,>,1,title.phonetic_code,<,21988,title.production_year,>,0,title.episode_nr,>,0#600386091
movie_companies,movie_info_idx,cast_info,movie_keyword,title#title.id=movie_companies.movie_id,title.id=movie_info_idx.movie_id,title.id=cast_info.movie_id,title.id=movie_keyword.movie_id#movie_keyword.keyword_id,<,24288,title.phonetic_code,>,4577#5348837967
movie_companies,movie_keyword,cast_info,movie_info,title#title.id=movie_companies.movie_id,title.id=movie_keyword.movie_id,title.id=cast_info.movie_id,title.id=movie_info.movie_id#movie_companies.company_type_id,<,2,title.production_year,<,126,title.series_years,>,0,title.kind_id,>,1,title.phonetic_code,<,16636#992476014
movie_keyword,movie_companies,movie_info,cast_info,title#title.id=movie_keyword.movie_id,title.id=movie_companies.movie_id,title.id=movie_info.movie_id,title.id=cast_info.movie_id#movie_info.info_type_id,<,98,title.season_nr,>,1#805984996
movie_info_idx,movie_keyword,movie_companies,cast_info,title#title.id=movie_info_idx.movie_id,title.id=movie_keyword.movie_id,title.id=movie_companies.movie_id,title.id=cast_info.movie_id#movie_info_idx.info_type_id,=,100,cast_info.role_id,=,1,title.season_nr,=,0,title.series_years,>,0#4270532
movie_info,movie_info_idx,movie_keyword,cast_info,title#title.id=movie_info.movie_id,title.id=movie_info_idx.movie_id,title.id=movie_keyword.movie_id,title.id=cast_info.movie_id#movie_info_idx.info_type_id,>,99,cast_info.role_id,=,2,title.kind_id,>,1#299391572
movie_keyword,movie_info,movie_info_idx,cast_info,title#title.id=movie_keyword.movie_id,title.id=movie_info.movie_id,title.id=movie_info_idx.movie_id,title.id=cast_info.movie_id#movie_info_idx.info_type_id,=,100,cast_info.nr_order,>,1,title.phonetic_code,>,17784,title.kind_id,>,1,title.production_year,>,84#31509837
movie_companies,movie_info_idx,cast_info,movie_info,title#title.id=movie_companies.movie_id,title.id=movie_info_idx.movie_id,title.id=cast_info.movie_id,title.id=movie_info.movie_id#movie_info_idx.info_type_id,<,101,cast_info.role_id,=,10,movie_info.info_type_id,<,16,title.season_nr,>,1#39959096
movie_companies,movie_info,movie_keyword,movie_info_idx,title#title.id=movie_companies.movie_id,title.id=movie_info.movie_id,title.id=movie_keyword.movie_id,title.id=movie_info_idx.movie_id#movie_info.info_type_id,>,3,movie_keyword.keyword_id,>,242,movie_info_idx.info_type_id,=,99,title.kind_id,=,1#4310654233
cast_info,movie_info,movie_keyword,movie_companies,title#title.id=cast_info.movie_id,title.id=movie_info.movie_id,title.id=movie_keyword.movie_id,title.id=movie_companies.movie_id#title.imdb_index,>,0,title.kind_id,<,7#17826014176
movie_info,movie_info_idx,movie_companies,cast_info,title#title.id=movie_info.movie_id,title.id=movie_info_idx.movie_id,title.id=movie_companies.movie_id,title.id=cast_info.movie_id#movie_info_idx.info_type_id,=,100,cast_info.role_id,>,1,title.imdb_index,>,0,title.season_nr,=,0,title.production_year,<,113#3298834
cast_info,movie_info,movie_keyword,movie_companies,title#title.id=cast_info.movie_id,title.id=movie_info.movie_id,title.id=movie_keyword.movie_id,title.id=movie_companies.movie_id#movie_info.info_type_id,<,105,title.imdb_index,>,0,title.production_year,<,127,title.episode_nr,<,24#14372141684
movie_info,movie_info_idx,movie_keyword,cast_info,title#title.id=movie_info.movie_id,title.id=movie_info_idx.movie_id,title.id=movie_keyword.movie_id,title.id=cast_info.movie_id#movie_info.info_type_id,>,2,title.kind_id,=,1,title.imdb_index,>,0,title.season_nr,<,2#1808326584
movie_keyword,movie_companies,movie_info,movie_info_idx,title#title.id=movie_keyword.movie_id,title.id=movie_companies.movie_id,title.id=movie_info.movie_id,title.id=movie_info_idx.movie_id#movie_info_idx.info_type_id,>,99,title.series_years,>,0#158600286
movie_info,movie_info_idx,cast_info,movie_keyword,title#title.id=movie_info.movie_id,title.id=movie_info_idx.movie_id,title.id=cast_info.movie_id,title.id=movie_keyword.movie_id#movie_info.info_type_id,>,1,movie_keyword.keyword_id,>,21,title.phonetic_code,>,10348,title.production_year,<,122,title.imdb_index,>,0#373209681
movie_keyword,cast_info,movie_companies,movie_info,title#title.id=movie_keyword.movie_id,title.id=cast_info.movie_id,title.id=movie_companies.movie_id,title.id=movie_info.movie_id#movie_keyword.keyword_id,>,115,title.season_nr,>,0#1713282979
movie_info,movie_keyword,cast_info,movie_companies,title#title.id=movie_info.movie_id,title.id=movie_keyword.movie_id,title.id=cast_info.movie_id,title.id=movie_companies.movie_id#movie_keyword.keyword_id,>,36,movie_companies.company_type_id,>,1,title.imdb_index,>,0#2771805318
movie_keyword,movie_info,cast_info,movie_companies,title#title.id=movie_keyword.movie_id,title.id=movie_info.movie_id,title.id=cast_info.movie_id,title.id=movie_companies.movie_id#movie_info.info_type_id,<,77,cast_info.role_id,>,1,movie_companies.company_type_id,<,2,title.phonetic_code,<,7266,title.production_year,<,60,title.kind_id,>,1#444197
movie_info,cast_info,movie_companies,movie_keyword,title#title.id=movie_info.movie_id,title.id=cast_info.movie_id,title.id=movie_companies.movie_id,title.id=movie_keyword.movie_id#movie_info.info_type_id,>,1,movie_companies.company_type_id,<,2,title.production_year,<,44,title.kind_id,>,1#871087
movie_companies,cast_info,movie_info_idx,movie_info,title#title.id=movie_companies.movie_id,title.id=cast_info.movie_id,title.id=movie_info_idx.movie_id,title.id=movie_info.movie_id#movie_companies.company_type_id,<,2,movie_info_idx.info_type_id,<,101,movie_info.info_type_id,<,103,title.series_years,>,0#91042782
movie_companies,movie_info,cast_info,movie_info_idx,title#title.id=movie_companies.movie_id,title.id=movie_info.movie_id,title.id=cast_info.movie_id,title.id=movie_info_idx.movie_id#cast_info.nr_order,<,115,movie_info_idx.info_type_id,<,101,title.phonetic_code,>,0#3937772918
movie_keyword,movie_info_idx,movie_companies,movie_info,title#title.id=movie_keyword.movie_id,title.id=movie_info_idx.movie_id,title.id=movie_companies.movie_id,title.id=movie_info.movie_id#movie_keyword.keyword_id,<,98349,movie_info_idx.info_type_id,>,99,title.production_year,<,115,title.episode_nr,>,0#14324974
movie_companies,movie_keyword,movie_info,cast_info,title#title.id=movie_companies.movie_id,title.id=movie_keyword.movie_id,title.id=movie_info.movie_id,title.id=cast_info.movie_id#movie_companies.company_type_id,=,2,title.kind_id,=,7,title.production_year,>,119,title.phonetic_code,<,5011,title.episode_nr,>,10#35960726
movie_companies,cast_info,movie_info_idx,movie_info,title#title.id=movie_companies.movie_id,title.id=cast_info.movie_id,title.id=movie_info_idx.movie_id,title.id=movie_info.movie_id#cast_info.role_id,<,8,title.imdb_index,=,0,title.season_nr,>,3#154323297
cast_info,movie_companies,movie_keyword,movie_info,title#title.id=cast_info.movie_id,title.id=movie_companies.movie_id,title.id=movie_keyword.movie_id,title.id=movie_info.movie_id#movie_companies.company_type_id,=,2,movie_info.info_type_id,>,1,title.production_year,<,40,title.series_years,>,0,title.imdb_index,=,0,title.phonetic_code,>,5929#3763
cast_info,movie_info_idx,movie_keyword,movie_companies,title#title.id=cast_info.movie_id,title.id=movie_info_idx.movie_id,title.id=movie_keyword.movie_id,title.id=movie_companies.movie_id#movie_info_idx.info_type_id,>,99,title.episode_nr,<,7,title.phonetic_code,>,3592,title.production_year,>,126#22062624
movie_info,movie_info_idx,cast_info,movie_keyword,title#title.id=movie_info.movie_id,title.id=movie_info_idx.movie_id,title.id=cast_info.movie_id,title.id=movie_keyword.movie_id#movie_info_idx.info_type_id,=,101,title.season_nr,=,0,title.series_years,>,0#123446618
movie_companies,movie_info,cast_info,movie_keyword,title#title.id=movie_companies.movie_id,title.id=movie_info.movie_id,title.id=cast_info.movie_id,title.id=movie_keyword.movie_id#movie_info.info_type_id,>,3,title.kind_id,>,1,title.season_nr,=,0,title.production_year,>,87#5576175328
movie_companies,movie_keyword,movie_info,cast_info,title#title.id=movie_companies.movie_id,title.id=movie_keyword.movie_id,title.id=movie_info.movie_id,title.id=cast_info.movie_id#title.series_years,>,0,title.imdb_index,>,0#5199193
movie_info_idx,movie_keyword,movie_companies,movie_info,title#title.id=movie_info_idx.movie_id,title.id=movie_keyword.movie_id,title.id=movie_companies.movie_id,title.id=movie_info.movie_id#movie_info_idx.info_type_id,>,99,movie_info.info_type_id,<,98,title.phonetic_code,>,17627,title.imdb_index,=,0#1091562371
cast_info,movie_info_idx,movie_companies,movie_info,title#title.id=cast_info.movie_id,title.id=movie_info_idx.movie_id,title.id=movie_companies.movie_id,title.id=movie_info.movie_id#title.imdb_index,>,0,title.phonetic_code,>,0,title.kind_id,<,7,title.production_year,<,123#189039105
movie_companies,movie_info,cast_info,movie_keyword,title#title.id=movie_companies.movie_id,title.id=movie_info.movie_id,title.id=cast_info.movie_id,title.id=movie_keyword.movie_id#cast_info.nr_order,>,0,title.episode_nr,<,18,title.series_years,>,0,title.production_year,>,55,title.imdb_index,=,0#143234796
cast_info,movie_info,movie_companies,movie_keyword,title#title.id=cast_info.movie_id,title.id=movie_info.movie_id,title.id=movie_companies.movie_id,title.id=movie_keyword.movie_id#cast_info.role_id,>,1,movie_info.info_type_id,<,18,movie_keyword.keyword_id,<,39906,title.series_years,>,0,title.season_nr,=,0#1214537675
movie_companies,movie_info,movie_info_idx,cast_info,title#title.id=movie_companies.movie_id,title.id=movie_info.movie_id,title.id=movie_info_idx.movie_id,title.id=cast_info.movie_id#title.kind_id,>,1,title.series_years,>,0,title.phonetic_code,<,20700,title.production_year,<,127#183040095
movie_companies,cast_info,movie_keyword,movie_info_idx,title#title.id=movie_companies.movie_id,title.id=cast_info.movie_id,title.id=movie_keyword.movie_id,title.id=movie_info_idx.movie_id#movie_companies.company_type_id,>,1,title.kind_id,=,7,title.season_nr,<,17#89290368
cast_info,movie_info_idx,movie_info,movie_companies,title#title.id=cast_info.movie_id,title.id=movie_info_idx.movie_id,title.id=movie_info.movie_id,title.id=movie_companies.movie_id#cast_info.nr_order,>,2,movie_companies.company_type_id,=,1,title.phonetic_code,<,6494#1763664742
movie_info_idx,movie_info,movie_companies,cast_info,title#title.id=movie_info_idx.movie_id,title.id=movie_info.movie_id,title.id=movie_companies.movie_id,title.id=cast_info.movie_id#movie_info_idx.info_type_id,=,99,movie_info.info_type_id,>,3,cast_info.nr_order,<,102,title.phonetic_code,>,11142,title.season_nr,>,0#31313188
cast_info,movie_info,movie_companies,movie_info_idx,title#title.id=cast_info.movie_id,title.id=movie_info.movie_id,title.id=movie_companies.movie_id,title.id=movie_info_idx.movie_id#movie_companies.company_type_id,>,1,title.season_nr,>,0,title.episode_nr,<,44#265437645
movie_companies,movie_info_idx,movie_keyword,cast_info,title#title.id=movie_companies.movie_id,title.id=movie_info_idx.movie_id,title.id=movie_keyword.movie_id,title.id=cast_info.movie_id#movie_companies.company_type_id,>,1,title.phonetic_code,>,0#1794989267
movie_info_idx,movie_companies,cast_info,movie_keyword,title#title.id=movie_info_idx.movie_id,title.id=movie_companies.movie_id,title.id=cast_info.movie_id,title.id=movie_keyword.movie_id#movie_info_idx.info_type_id,>,99,cast_info.role_id,<,10,title.production_year,<,126,title.series_years,>,0,title.phonetic_code,<,20613#21794250
movie_keyword,movie_info,movie_info_idx,movie_companies,title#title.id=movie_keyword.movie_id,title.id=movie_info.movie_id,title.id=movie_info_idx.movie_id,title.id=movie_companies.movie_id#movie_keyword.keyword_id,>,648,movie_info.info_type_id,>,2,title.phonetic_code,<,17946,title.episode_nr,>,0#61922421
cast_info,movie_companies,movie_info_idx,movie_info,title#title.id=cast_info.movie_id,title.id=movie_companies.movie_id,title.id=movie_info_idx.movie_id,title.id=movie_info.movie_id#cast_info.role_id,<,4,title.phonetic_code,>,0#9006362646
movie_info,movie_companies,cast_info,movie_keyword,title#title.id=movie_info.movie_id,title.id=movie_companies.movie_id,title.id=cast_info.movie_id,title.id=movie_keyword.movie_id#movie_info.info_type_id,>,1,movie_keyword.keyword_id,<,784,title.phonetic_code,>,3655,title.series_years,>,863#219269938
movie_info_idx,movie_info,cast_info,movie_keyword,title#title.id=movie_info_idx.movie_id,title.id=movie_info.movie_id,title.id=cast_info.movie_id,title.id=movie_keyword.movie_id#movie_info_idx.info_type_id,>,99,movie_info.info_type_id,<,8,cast_info.role_id,<,8,movie_keyword.keyword_id,>,783,title.production_year,<,115,title.imdb_index,<,1,title.kind_id,=,3#64944938
movie_keyword,movie_companies,movie_info_idx,cast_info,title#title.id=movie_keyword.movie_id,title.id=movie_companies.movie_id,title.id=movie_info_idx.movie_id,title.id=cast_info.movie_id#movie_companies.company_type_id,<,2,cast_info.nr_order,>,1,title.production_year,<,122,title.phonetic_code,<,12167,title.episode_nr,>,0#13360809
cast_info,movie_companies,movie_info,movie_keyword,title#title.id=cast_info.movie_id,title.id=movie_companies.movie_id,title.id=movie_info.movie_id,title.id=movie_keyword.movie_id#movie_companies.company_type_id,=,2,title.production_year,>,69,title.season_nr,>,1#342586079
cast_info,movie_keyword,movie_info_idx,movie_companies,title#title.id=cast_info.movie_id,title.id=movie_keyword.movie_id,title.id=movie_info_idx.movie_id,title.id=movie_companies.movie_id#movie_info_idx.info_type_id,>,99,title.episode_nr,<,4#6250140309
movie_info_idx,movie_companies,movie_keyword,cast_info,title#title.id=movie_info_idx.movie_id,title.id=movie_companies.movie_id,title.id=movie_keyword.movie_id,title.id=cast_info.movie_id#movie_info_idx.info_type_id,<,101,cast_info.nr_order,<,8,title.production_year,<,31,title.episode_nr,>,0#8976
movie_info_idx,movie_info,cast_info,movie_companies,title#title.id=movie_info_idx.movie_id,title.id=movie_info.movie_id,title.id=cast_info.movie_id,title.id=movie_companies.movie_id#cast_info.nr_order,>,1,title.imdb_index,=,0,title.phonetic_code,>,0#5734253469
movie_keyword,movie_companies,cast_info,movie_info,title#title.id=movie_keyword.movie_id,title.id=movie_companies.movie_id,title.id=cast_info.movie_id,title.id=movie_info.movie_id#cast_info.nr_order,>,1,movie_info.info_type_id,<,103,title.imdb_index,=,0,title.kind_id,>,1,title.phonetic_code,>,5793,title.production_year,<,51#175664
movie_info_idx,movie_keyword,movie_companies,movie_info,title#title.id=movie_info_idx.movie_id,title.id=movie_keyword.movie_id,title.id=movie_companies.movie_id,title.id=movie_info.movie_id#movie_companies.company_type_id,<,2,title.phonetic_code,>,14713,title.production_year,<,91#538249466
movie_info,movie_info_idx,movie_keyword,cast_info,title#title.id=movie_info.movie_id,title.id=movie_info_idx.movie_id,title.id=movie_keyword.movie_id,title.id=cast_info.movie_id#movie_info_idx.info_type_id,=,100,movie_keyword.keyword_id,<,40435,cast_info.nr_order,>,0,title.production_year,<,116,title.imdb_index,=,0#3905258632
movie_keyword,cast_info,movie_info,movie_info_idx,title#title.id=movie_keyword.movie_id,title.id=cast_info.movie_id,title.id=movie_info.movie_id,title.id=movie_info_idx.movie_id#cast_info.nr_order,<,31,movie_info.info_type_id,<,94,movie_info_idx.info_type_id,=,101,title.episode_nr,>,0#90690216
movie_info_idx,movie_info,cast_info,movie_keyword,title#title.id=movie_info_idx.movie_id,title.id=movie_info.movie_id,title.id=cast_info.movie_id,title.id=movie_keyword.movie_id#movie_info.info_type_id,<,18,title.series_years,>,0,title.season_nr,=,0#305209572
movie_keyword,cast_info,movie_info,movie_info_idx,title#title.id=movie_keyword.movie_id,title.id=cast_info.movie_id,title.id=movie_info.movie_id,title.id=movie_info_idx.movie_id#cast_info.nr_order,<,15,movie_info.info_type_id,>,1,title.production_year,>,103,title.episode_nr,>,1#151183194
movie_info_idx,cast_info,movie_info,movie_companies,title#title.id=movie_info_idx.movie_id,title.id=cast_info.movie_id,title.id=movie_info.movie_id,title.id=movie_companies.movie_id#movie_info.info_type_id,>,1,movie_companies.company_type_id,<,2,title.phonetic_code,>,10437#6816898315
cast_info,movie_companies,movie_info,movie_keyword,title#title.id=cast_info.movie_id,title.id=movie_companies.movie_id,title.id=movie_info.movie_id,title.id=movie_keyword.movie_id#cast_info.nr_order,<,45,movie_companies.company_type_id,>,1,movie_info.info_type_id,>,1,title.episode_nr,>,0,title.season_nr,>,0#211784871
movie_info_idx,movie_info,cast_info,movie_companies,title#title.id=movie_info_idx.movie_id,title.id=movie_info.movie_id,title.id=cast_info.movie_id,title.id=movie_companies.movie_id#movie_info.info_type_id,<,16,title.phonetic_code,<,17131,title.episode_nr,<,168#6449969019
movie_info_idx,cast_info,movie_info,movie_keyword,title#title.id=movie_info_idx.movie_id,title.id=cast_info.movie_id,title.id=movie_info.movie_id,title.id=movie_keyword.movie_id#cast_info.nr_order,<,35,title.kind_id,>,1#914414964
movie_info,movie_info_idx,cast_info,movie_companies,title#title.id=movie_info.movie_id,title.id=movie_info_idx.movie_id,title.id=cast_info.movie_id,title.id=movie_companies.movie_id#movie_info.info_type_id,<,106,cast_info.role_id,>,1,movie_companies.company_type_id,<,2,title.kind_id,<,3#7578338577
movie_companies,movie_info,movie_info_idx,cast_info,title#title.id=movie_companies.movie_id,title.id=movie_info.movie_id,title.id=movie_info_idx.movie_id,title.id=cast_info.movie_id#movie_info_idx.info_type_id,=,101,title.series_years,>,0#65341758
movie_info_idx,movie_companies,movie_keyword,cast_info,title#title.id=movie_info_idx.movie_id,title.id=movie_companies.movie_id,title.id=movie_keyword.movie_id,title.id=cast_info.movie_id#movie_info_idx.info_type_id,>,99,cast_info.role_id,=,1,title.imdb_index,=,0#2068630857
movie_keyword,cast_info,movie_companies,movie_info_idx,title#title.id=movie_keyword.movie_id,title.id=cast_info.movie_id,title.id=movie_companies.movie_id,title.id=movie_info_idx.movie_id#movie_keyword.keyword_id,<,71648,cast_info.role_id,<,10,movie_companies.company_type_id,<,2,title.kind_id,=,1#4161495509
cast_info,movie_keyword,movie_info_idx,movie_info,title#title.id=cast_info.movie_id,title.id=movie_keyword.movie_id,title.id=movie_info_idx.movie_id,title.id=movie_info.movie_id#movie_info.info_type_id,>,1,title.season_nr,=,1,title.episode_nr,<,20#299953122
movie_info,movie_info_idx,cast_info,movie_companies,title#title.id=movie_info.movie_id,title.id=movie_info_idx.movie_id,title.id=cast_info.movie_id,title.id=movie_companies.movie_id#movie_info.info_type_id,<,16,cast_info.nr_order,<,55,title.phonetic_code,>,0,title.season_nr,=,0#2287368359
movie_info,cast_info,movie_companies,movie_info_idx,title#title.id=movie_info.movie_id,title.id=cast_info.movie_id,title.id=movie_companies.movie_id,title.id=movie_info_idx.movie_id#cast_info.role_id,<,5,title.imdb_index,>,0,title.kind_id,<,7#202407794
movie_companies,movie_keyword,movie_info,cast_info,title#title.id=movie_companies.movie_id,title.id=movie_keyword.movie_id,title.id=movie_info.movie_id,title.id=cast_info.movie_id#movie_companies.company_type_id,=,2,movie_info.info_type_id,>,1,cast_info.role_id,<,10,title.phonetic_code,>,19740#3475845171
movie_companies,cast_info,movie_info_idx,movie_info,title#title.id=movie_companies.movie_id,title.id=cast_info.movie_id,title.id=movie_info_idx.movie_id,title.id=movie_info.movie_id#cast_info.nr_order,>,2,title.phonetic_code,>,6414,title.episode_nr,<,9,title.season_nr,=,3#5921124
movie_companies,cast_info,movie_keyword,movie_info_idx,title#title.id=movie_companies.movie_id,title.id=cast_info.movie_id,title.id=movie_keyword.movie_id,title.id=movie_info_idx.movie_id#movie_companies.company_type_id,=,1,movie_info_idx.info_type_id,>,99,title.kind_id,<,2#4904815342
movie_info,cast_info,movie_keyword,movie_companies,title#title.id=movie_info.movie_id,title.id=cast_info.movie_id,title.id=movie_keyword.movie_id,title.id=movie_companies.movie_id#movie_companies.company_type_id,<,2,title.season_nr,>,3#262409346
cast_info,movie_keyword,movie_companies,movie_info,title#title.id=cast_info.movie_id,title.id=movie_keyword.movie_id,title.id=movie_companies.movie_id,title.id=movie_info.movie_id#cast_info.nr_order,>,1,movie_info.info_type_id,<,16,title.series_years,>,0,title.production_year,<,116#86077216
movie_info_idx,movie_companies,movie_info,cast_info,title#title.id=movie_info_idx.movie_id,title.id=movie_companies.movie_id,title.id=movie_info.movie_id,title.id=cast_info.movie_id#movie_info_idx.info_type_id,<,101,movie_info.info_type_id,>,16,title.episode_nr,<,8#4405048086
movie_keyword,cast_info,movie_info_idx,movie_info,title#title.id=movie_keyword.movie_id,title.id=cast_info.movie_id,title.id=movie_info_idx.movie_id,title.id=movie_info.movie_id#movie_keyword.keyword_id,<,106320,movie_info.info_type_id,<,98,title.kind_id,>,1,title.series_years,>,0#361695348
movie_info_idx,movie_companies,cast_info,movie_info,title#title.id=movie_info_idx.movie_id,title.id=movie_companies.movie_id,title.id=cast_info.movie_id,title.id=movie_info.movie_id#movie_info_idx.info_type_id,>,99,movie_info.info_type_id,>,1,title.series_years,>,0#127101512
movie_info_idx,movie_companies,cast_info,movie_info,title#title.id=movie_info_idx.movie_id,title.id=movie_companies.movie_id,title.id=cast_info.movie_id,title.id=movie_info.movie_id#movie_info_idx.info_type_id,=,99,cast_info.role_id,<,2,title.kind_id,<,7#1777559974
cast_info,movie_companies,movie_keyword,movie_info_idx,title#title.id=cast_info.movie_id,title.id=movie_companies.movie_id,title.id=movie_keyword.movie_id,title.id=movie_info_idx.movie_id#movie_keyword.keyword_id,>,548,movie_info_idx.info_type_id,=,100,title.series_years,>,0,title.production_year,<,67,title.imdb_index,=,0#123459
movie_keyword,movie_info_idx,movie_companies,cast_info,title#title.id=movie_keyword.movie_id,title.id=movie_info_idx.movie_id,title.id=movie_companies.movie_id,title.id=cast_info.movie_id#movie_info_idx.info_type_id,<,101,movie_companies.company_type_id,=,2,title.production_year,<,126,title.kind_id,=,7#56210942
movie_keyword,cast_info,movie_info,movie_companies,title#title.id=movie_keyword.movie_id,title.id=cast_info.movie_id,title.id=movie_info.movie_id,title.id=movie_companies.movie_id#cast_info.role_id,<,10,movie_companies.company_type_id,=,1,title.episode_nr,>,12,title.production_year,>,120#74235024
movie_info_idx,movie_info,cast_info,movie_keyword,title#title.id=movie_info_idx.movie_id,title.id=movie_info.movie_id,title.id=cast_info.movie_id,title.id=movie_keyword.movie_id#cast_info.role_id,<,6,title.episode_nr,>,0#525300177
movie_info_idx,movie_companies,cast_info,movie_info,title#title.id=movie_info_idx.movie_id,title.id=movie_companies.movie_id,title.id=cast_info.movie_id,title.id=movie_info.movie_id#title.phonetic_code,<,20847,title.imdb_index,=,0,title.production_year,<,126,title.season_nr,>,0#578644938
movie_keyword,movie_info,movie_companies,cast_info,title#title.id=movie_keyword.movie_id,title.id=movie_info.movie_id,title.id=movie_companies.movie_id,title.id=cast_info.movie_id#cast_info.role_id,>,2,title.phonetic_code,>,10280,title.series_years,>,0#808665007
movie_keyword,movie_info,cast_info,movie_info_idx,title#title.id=movie_keyword.movie_id,title.id=movie_info.movie_id,title.id=cast_info.movie_id,title.id=movie_info_idx.movie_id#movie_keyword.keyword_id,<,52515,movie_info.info_type_id,>,1,cast_info.nr_order,<,33,title.phonetic_code,<,2557#3061866712
cast_info,movie_info_idx,movie_info,movie_companies,title#title.id=cast_info.movie_id,title.id=movie_info_idx.movie_id,title.id=movie_info.movie_id,title.id=movie_companies.movie_id#movie_info_idx.info_type_id,>,99,movie_info.info_type_id,<,98,title.production_year,>,122,title.series_years,>,0,title.season_nr,<,1#3582820
movie_keyword,movie_info,movie_companies,movie_info_idx,title#title.id=movie_keyword.movie_id,title.id=movie_info.movie_id,title.id=movie_companies.movie_id,title.id=movie_info_idx.movie_id#movie_companies.company_type_id,=,2,movie_info_idx.info_type_id,<,101,title.production_year,>,106#1170411430
cast_info,movie_info_idx,movie_companies,movie_info,title#title.id=cast_info.movie_id,title.id=movie_info_idx.movie_id,title.id=movie_companies.movie_id,title.id=movie_info.movie_id#cast_info.nr_order,>,1,movie_info.info_type_id,<,106,title.production_year,>,121,title.season_nr,<,3#1000764926
movie_info_idx,movie_keyword,movie_companies,cast_info,title#title.id=movie_info_idx.movie_id,title.id=movie_keyword.movie_id,title.id=movie_companies.movie_id,title.id=cast_info.movie_id#cast_info.nr_order,>,1,title.season_nr,=,1,title.episode_nr,>,199#169398
cast_info,movie_keyword,movie_info,movie_companies,title#title.id=cast_info.movie_id,title.id=movie_keyword.movie_id,title.id=movie_info.movie_id,title.id=movie_companies.movie_id#movie_keyword.keyword_id,>,359,movie_info.info_type_id,>,2,title.series_years,>,0,title.episode_nr,<,81,title.imdb_index,>,0,title.season_nr,<,4#4166621
movie_info_idx,cast_info,movie_companies,movie_info,title#title.id=movie_info_idx.movie_id,title.id=cast_info.movie_id,title.id=movie_companies.movie_id,title.id=movie_info.movie_id#title.production_year,<,126,title.series_years,<,1400,title.phonetic_code,<,17223#14232418458
movie_info_idx,movie_companies,cast_info,movie_info,title#title.id=movie_info_idx.movie_id,title.id=movie_companies.movie_id,title.id=cast_info.movie_id,title.id=movie_info.movie_id#movie_info_idx.info_type_id,<,101,movie_companies.company_type_id,>,1,cast_info.role_id,>,1,title.phonetic_code,>,822,title.imdb_index,=,0,title.kind_id,>,1#215008558
movie_keyword,cast_info,movie_companies,movie_info,title#title.id=movie_keyword.movie_id,title.id=cast_info.movie_id,title.id=movie_companies.movie_id,title.id=movie_info.movie_id#cast_info.role_id,=,2,movie_info.info_type_id,>,1,title.episode_nr,>,0,title.kind_id,>,1#219302724
movie_keyword,movie_info,cast_info,movie_companies,title#title.id=movie_keyword.movie_id,title.id=movie_info.movie_id,title.id=cast_info.movie_id,title.id=movie_companies.movie_id#movie_keyword.keyword_id,<,20124,movie_companies.company_type_id,=,2,title.phonetic_code,<,5514,title.episode_nr,>,11#44417180
movie_keyword,cast_info,movie_info,movie_companies,title#title.id=movie_keyword.movie_id,title.id=cast_info.movie_id,title.id=movie_info.movie_id,title.id=movie_companies.movie_id#movie_keyword.keyword_id,<,39807,movie_info.info_type_id,<,18,title.episode_nr,>,1#1113427034
movie_companies,movie_info_idx,cast_info,movie_info,title#title.id=movie_companies.movie_id,title.id=movie_info_idx.movie_id,title.id=cast_info.movie_id,title.id=movie_info.movie_id#title.episode_nr,<,2880,title.kind_id,>,1,title.imdb_index,>,0,title.season_nr,=,0#2492757
movie_companies,movie_info,movie_keyword,cast_info,title#title.id=movie_companies.movie_id,title.id=movie_info.movie_id,title.id=movie_keyword.movie_id,title.id=cast_info.movie_id#movie_keyword.keyword_id,>,66,cast_info.role_id,<,10,title.production_year,<,126,title.imdb_index,>,0#8245128270
movie_keyword,movie_companies,movie_info,cast_info,title#title.id=movie_keyword.movie_id,title.id=movie_companies.movie_id,title.id=movie_info.movie_id,title.id=cast_info.movie_id#movie_keyword.keyword_id,>,117,movie_companies.company_type_id,=,2,movie_info.info_type_id,>,1,title.production_year,<,71,title.kind_id,>,1,title.series_years,>,0,title.phonetic_code,>,1853#3274202
movie_companies,movie_keyword,movie_info,cast_info,title#title.id=movie_companies.movie_id,title.id=movie_keyword.movie_id,title.id=movie_info.movie_id,title.id=cast_info.movie_id#movie_companies.company_type_id,<,2,cast_info.nr_order,>,5,title.series_years,>,0#64950474
movie_info,movie_info_idx,cast_info,movie_companies,title#title.id=movie_info.movie_id,title.id=movie_info_idx.movie_id,title.id=cast_info.movie_id,title.id=movie_companies.movie_id#movie_info.info_type_id,<,16,cast_info.role_id,<,8,title.imdb_index,=,0#4427710765
movie_info,cast_info,movie_info_idx,movie_companies,title#title.id=movie_info.movie_id,title.id=cast_info.movie_id,title.id=movie_info_idx.movie_id,title.id=movie_companies.movie_id#cast_info.role_id,<,9,movie_companies.company_type_id,>,1,title.imdb_index,=,0,title.phonetic_code,<,14056#1297714358
movie_keyword,movie_info,movie_info_idx,cast_info,title#title.id=movie_keyword.movie_id,title.id=movie_info.movie_id,title.id=movie_info_idx.movie_id,title.id=cast_info.movie_id#movie_keyword.keyword_id,>,1041,movie_info_idx.info_type_id,<,101,title.series_years,>,0#172088024
movie_companies,movie_info_idx,movie_info,movie_keyword,title#title.id=movie_companies.movie_id,title.id=movie_info_idx.movie_id,title.id=movie_info.movie_id,title.id=movie_keyword.movie_id#movie_companies.company_type_id,>,1,movie_info.info_type_id,<,107,title.kind_id,>,1,title.season_nr,>,0,title.episode_nr,<,9302,title.series_years,<,627#31166382
movie_keyword,cast_info,movie_companies,movie_info_idx,title#title.id=movie_keyword.movie_id,title.id=cast_info.movie_id,title.id=movie_companies.movie_id,title.id=movie_info_idx.movie_id#cast_info.nr_order,>,1,movie_info_idx.info_type_id,>,99,title.season_nr,>,1#27620110
movie_keyword,movie_info_idx,cast_info,movie_companies,title#title.id=movie_keyword.movie_id,title.id=movie_info_idx.movie_id,title.id=cast_info.movie_id,title.id=movie_companies.movie_id#movie_keyword.keyword_id,<,75171,title.production_year,<,126#8671215963
movie_companies,movie_info_idx,movie_info,cast_info,title#title.id=movie_companies.movie_id,title.id=movie_info_idx.movie_id,title.id=movie_info.movie_id,title.id=cast_info.movie_id#movie_companies.company_type_id,<,2,cast_info.nr_order,<,13,title.production_year,<,84,title.series_years,>,0#10978182
movie_keyword,movie_info_idx,movie_companies,movie_info,title#title.id=movie_keyword.movie_id,title.id=movie_info_idx.movie_id,title.id=movie_companies.movie_id,title.id=movie_info.movie_id#movie_keyword.keyword_id,>,335,movie_info_idx.info_type_id,=,100,movie_companies.company_type_id,>,1,title.phonetic_code,>,3655,title.imdb_index,>,0,title.production_year,>,114,title.season_nr,=,0#12032724
movie_info,movie_companies,movie_info_idx,movie_keyword,title#title.id=movie_info.movie_id,title.id=movie_companies.movie_id,title.id=movie_info_idx.movie_id,title.id=movie_keyword.movie_id#movie_info.info_type_id,>,1,movie_info_idx.info_type_id,<,101,title.season_nr,=,1,title.production_year,<,126,title.phonetic_code,<,20506#22814608
movie_info,movie_keyword,cast_info,movie_info_idx,title#title.id=movie_info.movie_id,title.id=movie_keyword.movie_id,title.id=cast_info.movie_id,title.id=movie_info_idx.movie_id#movie_keyword.keyword_id,<,109351,movie_info_idx.info_type_id,<,101,title.series_years,>,0#246893236
movie_companies,movie_keyword,movie_info_idx,cast_info,title#title.id=movie_companies.movie_id,title.id=movie_keyword.movie_id,title.id=movie_info_idx.movie_id,title.id=cast_info.movie_id#movie_companies.company_type_id,>,1,title.kind_id,=,7#90929847
movie_info_idx,movie_info,cast_info,movie_keyword,title#title.id=movie_info_idx.movie_id,title.id=movie_info.movie_id,title.id=cast_info.movie_id,title.id=movie_keyword.movie_id#movie_info.info_type_id,<,106,cast_info.nr_order,>,1,title.production_year,>,120,title.kind_id,=,1#5077297455
cast_info,movie_info_idx,movie_companies,movie_keyword,title#title.id=cast_info.movie_id,title.id=movie_info_idx.movie_id,title.id=movie_companies.movie_id,title.id=movie_keyword.movie_id#movie_keyword.keyword_id,<,24795,title.kind_id,=,1,title.season_nr,=,0,title.imdb_index,=,0,title.phonetic_code,<,16718#5530299006
movie_info_idx,movie_info,movie_keyword,cast_info,title#title.id=movie_info_idx.movie_id,title.id=movie_info.movie_id,title.id=movie_keyword.movie_id,title.id=cast_info.movie_id#movie_keyword.keyword_id,<,19735,title.phonetic_code,<,7137,title.series_years,>,0,title.imdb_index,>,0#1302966
movie_info,cast_info,movie_info_idx,movie_companies,title#title.id=movie_info.movie_id,title.id=cast_info.movie_id,title.id=movie_info_idx.movie_id,title.id=movie_companies.movie_id#title.episode_nr,>,0,title.phonetic_code,<,22643#630562272
movie_keyword,movie_info,cast_info,movie_info_idx,title#title.id=movie_keyword.movie_id,title.id=movie_info.movie_id,title.id=cast_info.movie_id,title.id=movie_info_idx.movie_id#movie_info.info_type_id,>,3,movie_info_idx.info_type_id,>,99,title.imdb_index,>,0#1188734299
cast_info,movie_companies,movie_info,movie_info_idx,title#title.id=cast_info.movie_id,title.id=movie_companies.movie_id,title.id=movie_info.movie_id,title.id=movie_info_idx.movie_id#cast_info.role_id,>,1,movie_companies.company_type_id,<,2,title.season_nr,<,43,title.phonetic_code,<,17184,title.production_year,>,80#7794704184
movie_info,movie_keyword,movie_companies,cast_info,title#title.id=movie_info.movie_id,title.id=movie_keyword.movie_id,title.id=movie_companies.movie_id,title.id=cast_info.movie_id#movie_info.info_type_id,>,1,movie_companies.company_type_id,>,1,title.kind_id,>,3#1362024619
movie_info_idx,movie_companies,cast_info,movie_keyword,title#title.id=movie_info_idx.movie_id,title.id=movie_companies.movie_id,title.id=cast_info.movie_id,title.id=movie_keyword.movie_id#movie_keyword.keyword_id,<,44457,title.season_nr,=,0#8335275910
movie_companies,movie_keyword,movie_info_idx,movie_info,title#title.id=movie_companies.movie_id,title.id=movie_keyword.movie_id,title.id=movie_info_idx.movie_id,title.id=movie_info.movie_id#movie_keyword.keyword_id,>,382,title.production_year,<,126,title.kind_id,>,1#427156569
movie_info,cast_info,movie_keyword,movie_info_idx,title#title.id=movie_info.movie_id,title.id=cast_info.movie_id,title.id=movie_keyword.movie_id,title.id=movie_info_idx.movie_id#movie_info.info_type_id,<,107,cast_info.role_id,<,8,title.kind_id,>,2,title.season_nr,>,0#554255838
movie_keyword,cast_info,movie_info_idx,movie_info,title#title.id=movie_keyword.movie_id,title.id=cast_info.movie_id,title.id=movie_info_idx.movie_id,title.id=movie_info.movie_id#cast_info.role_id,=,2,movie_info.info_type_id,>,2,title.episode_nr,>,8#37718481
movie_info,movie_keyword,movie_companies,cast_info,title#title.id=movie_info.movie_id,title.id=movie_keyword.movie_id,title.id=movie_companies.movie_id,title.id=cast_info.movie_id#cast_info.role_id,=,2,title.episode_nr,>,0#228522887
movie_info,movie_keyword,movie_companies,movie_info_idx,title#title.id=movie_info.movie_id,title.id=movie_keyword.movie_id,title.id=movie_companies.movie_id,title.id=movie_info_idx.movie_id#movie_info.info_type_id,<,18,movie_keyword.keyword_id,<,24295,movie_info_idx.info_type_id,<,101,title.production_year,<,122#4082124266
movie_info_idx,movie_keyword,cast_info,movie_info,title#title.id=movie_info_idx.movie_id,title.id=movie_keyword.movie_id,title.id=cast_info.movie_id,title.id=movie_info.movie_id#movie_info_idx.info_type_id,<,101,movie_keyword.keyword_id,<,10582,cast_info.nr_order,<,26,movie_info.info_type_id,>,2,title.kind_id,>,1,title.phonetic_code,<,237,title.production_year,>,125#366688
movie_info_idx,cast_info,movie_companies,movie_keyword,title#title.id=movie_info_idx.movie_id,title.id=cast_info.movie_id,title.id=movie_companies.movie_id,title.id=movie_keyword.movie_id#movie_info_idx.info_type_id,=,100,movie_companies.company_type_id,<,2,movie_keyword.keyword_id,<,40458,title.season_nr,>,2,title.production_year,>,125#1108346
movie_keyword,movie_info,movie_companies,movie_info_idx,title#title.id=movie_keyword.movie_id,title.id=movie_info.movie_id,title.id=movie_companies.movie_id,title.id=movie_info_idx.movie_id#movie_companies.company_type_id,=,2,title.episode_nr,>,7#14298282
movie_info,movie_keyword,cast_info,movie_info_idx,title#title.id=movie_info.movie_id,title.id=movie_keyword.movie_id,title.id=cast_info.movie_id,title.id=movie_info_idx.movie_id#movie_info.info_type_id,<,18,cast_info.nr_order,<,31,title.season_nr,=,0,title.kind_id,>,3,title.production_year,>,95,title.phonetic_code,<,11919#175640418
cast_info,movie_info,movie_companies,movie_info_idx,title#title.id=cast_info.movie_id,title.id=movie_info.movie_id,title.id=movie_companies.movie_id,title.id=movie_info_idx.movie_id#movie_companies.company_type_id,<,2,title.season_nr,>,0,title.production_year,>,109,title.imdb_index,=,0,title.kind_id,>,1#306836526
movie_info_idx,movie_companies,movie_info,movie_keyword,title#title.id=movie_info_idx.movie_id,title.id=movie_companies.movie_id,title.id=movie_info.movie_id,title.id=movie_keyword.movie_id#movie_info_idx.info_type_id,=,99,title.kind_id,=,7,title.imdb_index,=,0#28652193
movie_companies,movie_info_idx,cast_info,movie_keyword,title#title.id=movie_companies.movie_id,title.id=movie_info_idx.movie_id,title.id=cast_info.movie_id,title.id=movie_keyword.movie_id#movie_keyword.keyword_id,>,1,title.phonetic_code,<,2109,title.season_nr,=,0,title.kind_id,=,1#1429076308
movie_info_idx,movie_companies,cast_info,movie_info,title#title.id=movie_info_idx.movie_id,title.id=movie_companies.movie_id,title.id=cast_info.movie_id,title.id=movie_info.movie_id#movie_info_idx.info_type_id,>,99,movie_companies.company_type_id,>,1,cast_info.nr_order,>,3,movie_info.info_type_id,<,98,title.imdb_index,=,0,title.kind_id,>,1,title.episode_nr,>,0#46263020
movie_keyword,movie_info_idx,movie_info,movie_companies,title#title.id=movie_keyword.movie_id,title.id=movie_info_idx.movie_id,title.id=movie_info.movie_id,title.id=movie_companies.movie_id#movie_keyword.keyword_id,<,102011,movie_info_idx.info_type_id,<,101,movie_companies.company_type_id,=,1,title.kind_id,>,3,title.phonetic_code,<,21044#71557782
movie_companies,movie_keyword,movie_info_idx,cast_info,title#title.id=movie_companies.movie_id,title.id=movie_keyword.movie_id,title.id=movie_info_idx.movie_id,title.id=cast_info.movie_id#movie_info_idx.info_type_id,>,99,cast_info.nr_order,>,1,title.phonetic_code,>,1871,title.production_year,<,110#603497251
movie_companies,movie_info,movie_info_idx,movie_keyword,title#title.id=movie_companies.movie_id,title.id=movie_info.movie_id,title.id=movie_info_idx.movie_id,title.id=movie_keyword.movie_id#movie_info_idx.info_type_id,=,99,title.episode_nr,>,4,title.phonetic_code,>,8434,title.season_nr,>,9,title.production_year,>,124#34043
movie_keyword,movie_info_idx,movie_info,movie_companies,title#title.id=movie_keyword.movie_id,title.id=movie_info_idx.movie_id,title.id=movie_info.movie_id,title.id=movie_companies.movie_id#movie_info_idx.info_type_id,=,100,title.production_year,>,116,title.episode_nr,>,0,title.kind_id,>,1,title.phonetic_code,<,2547#3736142
cast_info,movie_companies,movie_info,movie_keyword,title#title.id=cast_info.movie_id,title.id=movie_companies.movie_id,title.id=movie_info.movie_id,title.id=movie_keyword.movie_id#movie_companies.company_type_id,>,1,title.episode_nr,>,0,title.imdb_index,=,0,title.kind_id,>,3#627785581
movie_companies,movie_info,movie_info_idx,movie_keyword,title#title.id=movie_companies.movie_id,title.id=movie_info.movie_id,title.id=movie_info_idx.movie_id,title.id=movie_keyword.movie_id#movie_keyword.keyword_id,<,100091,title.imdb_index,=,0#14510297839
movie_info,movie_companies,cast_info,movie_keyword,title#title.id=movie_info.movie_id,title.id=movie_companies.movie_id,title.id=cast_info.movie_id,title.id=movie_keyword.movie_id#movie_companies.company_type_id,<,2,cast_info.role_id,<,10,movie_keyword.keyword_id,>,236,title.production_year,<,108,title.series_years,>,0#230364658
movie_info,movie_companies,movie_info_idx,cast_info,title#title.id=movie_info.movie_id,title.id=movie_companies.movie_id,title.id=movie_info_idx.movie_id,title.id=cast_info.movie_id#movie_companies.company_type_id,>,1,movie_info_idx.info_type_id,>,99,title.imdb_index,>,0,title.production_year,<,119#10218542
cast_info,movie_info_idx,movie_keyword,movie_info,title#title.id=cast_info.movie_id,title.id=movie_info_idx.movie_id,title.id=movie_keyword.movie_id,title.id=movie_info.movie_id#cast_info.role_id,>,1,movie_keyword.keyword_id,<,40292,movie_info.info_type_id,>,16,title.series_years,>,0,title.imdb_index,>,0#776970
cast_info,movie_info,movie_companies,movie_info_idx,title#title.id=cast_info.movie_id,title.id=movie_info.movie_id,title.id=movie_companies.movie_id,title.id=movie_info_idx.movie_id#movie_info.info_type_id,<,15,movie_companies.company_type_id,>,1,movie_info_idx.info_type_id,=,100,title.production_year,>,100#312889089
movie_keyword,movie_info,movie_companies,cast_info,title#title.id=movie_keyword.movie_id,title.id=movie_info.movie_id,title.id=movie_companies.movie_id,title.id=cast_info.movie_id#movie_companies.company_type_id,<,2,cast_info.role_id,<,9,title.phonetic_code,<,10380,title.episode_nr,>,0,title.kind_id,>,1#386962093
cast_info,movie_keyword,movie_info,movie_info_idx,title#title.id=cast_info.movie_id,title.id=movie_keyword.movie_id,title.id=movie_info.movie_id,title.id=movie_info_idx.movie_id#cast_info.role_id,=,1,movie_keyword.keyword_id,<,25314,movie_info.info_type_id,<,16,title.production_year,>,98#7360893218
movie_info,movie_companies,movie_info_idx,cast_info,title#title.id=movie_info.movie_id,title.id=movie_companies.movie_id,title.id=movie_info_idx.movie_id,title.id=cast_info.movie_id#movie_info.info_type_id,<,98,title.kind_id,=,1#13097461041
movie_companies,movie_keyword,movie_info_idx,cast_info,title#title.id=movie_companies.movie_id,title.id=movie_keyword.movie_id,title.id=movie_info_idx.movie_id,title.id=cast_info.movie_id#movie_companies.company_type_id,=,1,movie_info_idx.info_type_id,<,101,title.season_nr,<,8,title.imdb_index,=,0#4798283240
movie_keyword,cast_info,movie_info,movie_companies,title#title.id=movie_keyword.movie_id,title.id=cast_info.movie_id,title.id=movie_info.movie_id,title.id=movie_companies.movie_id#movie_keyword.keyword_id,>,438,movie_companies.company_type_id,>,1,title.kind_id,>,1#2240482080
movie_info_idx,movie_keyword,movie_info,cast_info,title#title.id=movie_info_idx.movie_id,title.id=movie_keyword.movie_id,title.id=movie_info.movie_id,title.id=cast_info.movie_id#movie_info_idx.info_type_id,=,101,movie_keyword.keyword_id,<,37102,movie_info.info_type_id,<,16,cast_info.role_id,<,10,title.kind_id,=,1,title.phonetic_code,>,17917,title.imdb_index,>,0#16502898
movie_info,movie_info_idx,movie_keyword,movie_companies,title#title.id=movie_info.movie_id,title.id=movie_info_idx.movie_id,title.id=movie_keyword.movie_id,title.id=movie_companies.movie_id#movie_info.info_type_id,>,1,movie_companies.company_type_id,=,2,title.series_years,>,0#45937242
cast_info,movie_keyword,movie_info,movie_info_idx,title#title.id=cast_info.movie_id,title.id=movie_keyword.movie_id,title.id=movie_info.movie_id,title.id=movie_info_idx.movie_id#movie_keyword.keyword_id,>,245,movie_info_idx.info_type_id,<,101,title.phonetic_code,<,22148,title.season_nr,>,0,title.episode_nr,>,0#517536862
cast_info,movie_info,movie_companies,movie_info_idx,title#title.id=cast_info.movie_id,title.id=movie_info.movie_id,title.id=movie_companies.movie_id,title.id=movie_info_idx.movie_id#movie_info_idx.info_type_id,=,99,title.episode_nr,>,0,title.phonetic_code,>,922#196841590
cast_info,movie_companies,movie_info_idx,movie_info,title#title.id=cast_info.movie_id,title.id=movie_companies.movie_id,title.id=movie_info_idx.movie_id,title.id=movie_info.movie_id#cast_info.nr_order,<,17,title.series_years,>,0#22041930
movie_keyword,movie_companies,cast_info,movie_info,title#title.id=movie_keyword.movie_id,title.id=movie_companies.movie_id,title.id=cast_info.movie_id,title.id=movie_info.movie_id#movie_keyword.keyword_id,<,130198,movie_companies.company_type_id,>,1,cast_info.nr_order,<,12,movie_info.info_type_id,>,2,title.phonetic_code,<,12701#5614288805
cast_info,movie_info,movie_info_idx,movie_companies,title#title.id=cast_info.movie_id,title.id=movie_info.movie_id,title.id=movie_info_idx.movie_id,title.id=movie_companies.movie_id#movie_info.info_type_id,<,106,movie_info_idx.info_type_id,<,101,title.episode_nr,>,0#420497484
movie_keyword,movie_companies,movie_info,movie_info_idx,title#title.id=movie_keyword.movie_id,title.id=movie_companies.movie_id,title.id=movie_info.movie_id,title.id=movie_info_idx.movie_id#movie_info_idx.info_type_id,<,101,title.kind_id,=,1,title.season_nr,=,0#9332851494
movie_info,movie_keyword,cast_info,movie_companies,title#title.id=movie_info.movie_id,title.id=movie_keyword.movie_id,title.id=cast_info.movie_id,title.id=movie_companies.movie_id#movie_info.info_type_id,<,16,title.production_year,<,125,title.imdb_index,=,0,title.series_years,>,0,title.season_nr,=,0#1079265200
movie_keyword,movie_info,movie_info_idx,cast_info,title#title.id=movie_keyword.movie_id,title.id=movie_info.movie_id,title.id=movie_info_idx.movie_id,title.id=cast_info.movie_id#movie_info.info_type_id,<,103,title.kind_id,>,1,title.production_year,<,24,title.episode_nr,>,0#285840
movie_info,movie_info_idx,movie_companies,cast_info,title#title.id=movie_info.movie_id,title.id=movie_info_idx.movie_id,title.id=movie_companies.movie_id,title.id=cast_info.movie_id#movie_companies.company_type_id,<,2,cast_info.role_id,>,1,title.imdb_index,=,0,title.kind_id,=,3,title.production_year,>,93,title.phonetic_code,<,10635#42886137
cast_info,movie_keyword,movie_companies,movie_info,title#title.id=cast_info.movie_id,title.id=movie_keyword.movie_id,title.id=movie_companies.movie_id,title.id=movie_info.movie_id#cast_info.role_id,=,10,title.production_year,>,70,title.season_nr,>,0#532976373
movie_info_idx,movie_keyword,cast_info,movie_info,title#title.id=movie_info_idx.movie_id,title.id=movie_keyword.movie_id,title.id=cast_info.movie_id,title.id=movie_info.movie_id#cast_info.role_id,<,10,title.season_nr,>,7#60833208
movie_info_idx,movie_info,cast_info,movie_companies,title#title.id=movie_info_idx.movie_id,title.id=movie_info.movie_id,title.id=cast_info.movie_id,title.id=movie_companies.movie_id#movie_info_idx.info_type_id,>,99,movie_companies.company_type_id,<,2,title.kind_id,>,1#505086908
movie_keyword,movie_info_idx,movie_companies,cast_info,title#title.id=movie_keyword.movie_id,title.id=movie_info_idx.movie_id,title.id=movie_companies.movie_id,title.id=cast_info.movie_id#movie_info_idx.info_type_id,>,99,movie_companies.company_type_id,=,2,title.kind_id,=,2#12790190
movie_keyword,movie_info_idx,movie_info,cast_info,title#title.id=movie_keyword.movie_id,title.id=movie_info_idx.movie_id,title.id=movie_info.movie_id,title.id=cast_info.movie_id#movie_keyword.keyword_id,>,924,movie_info.info_type_id,<,94,title.kind_id,>,1,title.phonetic_code,>,1927,title.season_nr,=,0,title.production_year,<,64#328692
movie_info_idx,cast_info,movie_keyword,movie_companies,title#title.id=movie_info_idx.movie_id,title.id=cast_info.movie_id,title.id=movie_keyword.movie_id,title.id=movie_companies.movie_id#movie_info_idx.info_type_id,<,101,movie_keyword.keyword_id,>,137,title.imdb_index,=,0#5786486136
movie_companies,cast_info,movie_info_idx,movie_keyword,title#title.id=movie_companies.movie_id,title.id=cast_info.movie_id,title.id=movie_info_idx.movie_id,title.id=movie_keyword.movie_id#cast_info.nr_order,>,1,title.production_year,<,126,title.kind_id,<,7,title.season_nr,<,1#3092652479
movie_companies,movie_info,movie_keyword,cast_info,title#title.id=movie_companies.movie_id,title.id=movie_info.movie_id,title.id=movie_keyword.movie_id,title.id=cast_info.movie_id#movie_companies.company_type_id,=,1,movie_keyword.keyword_id,<,85206,cast_info.nr_order,<,1000,title.episode_nr,>,0,title.production_year,<,114,title.phonetic_code,>,1579#62889524
movie_info,cast_info,movie_info_idx,movie_keyword,title#title.id=movie_info.movie_id,title.id=cast_info.movie_id,title.id=movie_info_idx.movie_id,title.id=movie_keyword.movie_id#movie_info.info_type_id,>,1,cast_info.role_id,>,1,movie_info_idx.info_type_id,=,99,title.imdb_index,=,0,title.season_nr,>,0,title.production_year,<,118,title.phonetic_code,>,3482#45399843
cast_info,movie_keyword,movie_info_idx,movie_companies,title#title.id=cast_info.movie_id,title.id=movie_keyword.movie_id,title.id=movie_info_idx.movie_id,title.id=movie_companies.movie_id#cast_info.nr_order,>,0,title.production_year,>,66,title.imdb_index,>,0,title.series_years,>,0#45408
movie_keyword,cast_info,movie_info,movie_companies,title#title.id=movie_keyword.movie_id,title.id=cast_info.movie_id,title.id=movie_info.movie_id,title.id=movie_companies.movie_id#movie_info.info_type_id,<,98,movie_companies.company_type_id,<,2,title.phonetic_code,<,217,title.imdb_index,>,0,title.production_year,<,110,title.episode_nr,<,7#513423
movie_companies,movie_keyword,movie_info_idx,movie_info,title#title.id=movie_companies.movie_id,title.id=movie_keyword.movie_id,title.id=movie_info_idx.movie_id,title.id=movie_info.movie_id#movie_companies.company_type_id,<,2,movie_info_idx.info_type_id,>,99,movie_info.info_type_id,>,1,title.imdb_index,=,0#8485627067
cast_info,movie_keyword,movie_info_idx,movie_companies,title#title.id=cast_info.movie_id,title.id=movie_keyword.movie_id,title.id=movie_info_idx.movie_id,title.id=movie_companies.movie_id#cast_info.nr_order,<,1004,movie_companies.company_type_id,<,2,title.production_year,<,118,title.imdb_index,=,0,title.phonetic_code,>,4414,title.season_nr,>,0#9120528
cast_info,movie_companies,movie_keyword,movie_info,title#title.id=cast_info.movie_id,title.id=movie_companies.movie_id,title.id=movie_keyword.movie_id,title.id=movie_info.movie_id#cast_info.role_id,=,5,movie_companies.company_type_id,>,1,movie_keyword.keyword_id,>,335,movie_info.info_type_id,>,2,title.series_years,>,0#3620488
movie_info_idx,movie_info,movie_keyword,movie_companies,title#title.id=movie_info_idx.movie_id,title.id=movie_info.movie_id,title.id=movie_keyword.movie_id,title.id=movie_companies.movie_id#movie_keyword.keyword_id,<,36767,movie_companies.company_type_id,<,2,title.season_nr,>,0#49123095
movie_companies,movie_info_idx,movie_info,movie_keyword,title#title.id=movie_companies.movie_id,title.id=movie_info_idx.movie_id,title.id=movie_info.movie_id,title.id=movie_keyword.movie_id#movie_companies.company_type_id,>,1,movie_info.info_type_id,>,2,title.production_year,>,115#1282436609
movie_info_idx,movie_info,movie_companies,cast_info,title#title.id=movie_info_idx.movie_id,title.id=movie_info.movie_id,title.id=movie_companies.movie_id,title.id=cast_info.movie_id#movie_info.info_type_id,>,2,movie_companies.company_type_id,<,2,cast_info.nr_order,>,0,title.episode_nr,>,4,title.imdb_index,=,0,title.production_year,>,124#10856046
movie_companies,movie_info,movie_info_idx,cast_info,title#title.id=movie_companies.movie_id,title.id=movie_info.movie_id,title.id=movie_info_idx.movie_id,title.id=cast_info.movie_id#movie_companies.company_type_id,>,1,movie_info.info_type_id,>,16,cast_info.nr_order,>,0,title.phonetic_code,>,14723#111130425
cast_info,movie_info_idx,movie_companies,movie_info,title#title.id=cast_info.movie_id,title.id=movie_info_idx.movie_id,title.id=movie_companies.movie_id,title.id=movie_info.movie_id#movie_info_idx.info_type_id,>,99,movie_companies.company_type_id,>,1,movie_info.info_type_id,>,1,title.series_years,>,0#37539944
movie_keyword,cast_info,movie_info,movie_info_idx,title#title.id=movie_keyword.movie_id,title.id=cast_info.movie_id,title.id=movie_info.movie_id,title.id=movie_info_idx.movie_id#movie_info.info_type_id,<,98,title.phonetic_code,>,13265,title.production_year,>,116,title.imdb_index,>,0,title.episode_nr,<,5#516961581
cast_info,movie_keyword,movie_companies,movie_info_idx,title#title.id=cast_info.movie_id,title.id=movie_keyword.movie_id,title.id=movie_companies.movie_id,title.id=movie_info_idx.movie_id#movie_keyword.keyword_id,<,19421,movie_info_idx.info_type_id,<,101,title.episode_nr,>,9#38876336
cast_info,movie_companies,movie_info,movie_info_idx,title#title.id=cast_info.movie_id,title.id=movie_companies.movie_id,title.id=movie_info.movie_id,title.id=movie_info_idx.movie_id#cast_info.nr_order,<,16,title.episode_nr,<,1815,title.production_year,>,50,title.phonetic_code,>,0,title.imdb_index,=,0#2445924085
cast_info,movie_keyword,movie_companies,movie_info_idx,title#title.id=cast_info.movie_id,title.id=movie_keyword.movie_id,title.id=movie_companies.movie_id,title.id=movie_info_idx.movie_id#movie_keyword.keyword_id,>,283,movie_companies.company_type_id,>,1,movie_info_idx.info_type_id,=,100,title.episode_nr,>,0,title.production_year,>,87#26916348
movie_keyword,movie_info,movie_companies,cast_info,title#title.id=movie_keyword.movie_id,title.id=movie_info.movie_id,title.id=movie_companies.movie_id,title.id=cast_info.movie_id#movie_keyword.keyword_id,<,57084,movie_info.info_type_id,<,17,movie_companies.company_type_id,=,1,cast_info.role_id,>,1,title.imdb_index,>,0#6670778144
movie_info_idx,movie_keyword,movie_info,movie_companies,title#title.id=movie_info_idx.movie_id,title.id=movie_keyword.movie_id,title.id=movie_info.movie_id,title.id=movie_companies.movie_id#title.season_nr,<,6,title.episode_nr,>,0#73068489
movie_info,movie_keyword,movie_info_idx,movie_companies,title#title.id=movie_info.movie_id,title.id=movie_keyword.movie_id,title.id=movie_info_idx.movie_id,title.id=movie_companies.movie_id#movie_keyword.keyword_id,<,116526,movie_info_idx.info_type_id,>,99,title.production_year,>,123,title.kind_id,>,1#25781908
cast_info,movie_companies,movie_info_idx,movie_keyword,title#title.id=cast_info.movie_id,title.id=movie_companies.movie_id,title.id=movie_info_idx.movie_id,title.id=movie_keyword.movie_id#cast_info.nr_order,>,0,title.episode_nr,<,84#3405413983
movie_companies,movie_info,cast_info,movie_keyword,title#title.id=movie_companies.movie_id,title.id=movie_info.movie_id,title.id=cast_info.movie_id,title.id=movie_keyword.movie_id#movie_keyword.keyword_id,<,64240,title.phonetic_code,<,19387,title.season_nr,>,0#1587539925
movie_info_idx,movie_keyword,movie_companies,movie_info,title#title.id=movie_info_idx.movie_id,title.id=movie_keyword.movie_id,title.id=movie_companies.movie_id,title.id=movie_info.movie_id#movie_info_idx.info_type_id,<,101,movie_info.info_type_id,<,98,title.series_years,>,239,title.imdb_index,=,0#154375452
movie_companies,cast_info,movie_info,movie_keyword,title#title.id=movie_companies.movie_id,title.id=cast_info.movie_id,title.id=movie_info.movie_id,title.id=movie_keyword.movie_id#cast_info.nr_order,>,0,title.production_year,>,124,title.episode_nr,<,68#14515543267
cast_info,movie_keyword,movie_companies,movie_info_idx,title#title.id=cast_info.movie_id,title.id=movie_keyword.movie_id,title.id=movie_companies.movie_id,title.id=movie_info_idx.movie_id#cast_info.role_id,=,10,movie_companies.company_type_id,=,1,movie_info_idx.info_type_id,=,99,title.kind_id,>,1,title.production_year,>,122#10335429
cast_info,movie_keyword,movie_companies,movie_info,title#title.id=cast_info.movie_id,title.id=movie_keyword.movie_id,title.id=movie_companies.movie_id,title.id=movie_info.movie_id#cast_info.nr_order,>,2,movie_info.info_type_id,>,2,title.phonetic_code,<,14595,title.imdb_index,>,0,title.season_nr,<,1,title.kind_id,<,7#3293478349
cast_info,movie_info_idx,movie_keyword,movie_companies,title#title.id=cast_info.movie_id,title.id=movie_info_idx.movie_id,title.id=movie_keyword.movie_id,title.id=movie_companies.movie_id#movie_info_idx.info_type_id,>,99,movie_keyword.keyword_id,>,7,movie_companies.company_type_id,=,2,title.production_year,<,73,title.phonetic_code,>,3667,title.season_nr,>,0#268622
movie_companies,movie_info,cast_info,movie_keyword,title#title.id=movie_companies.movie_id,title.id=movie_info.movie_id,title.id=cast_info.movie_id,title.id=movie_keyword.movie_id#movie_companies.company_type_id,<,2,movie_keyword.keyword_id,>,110,title.episode_nr,>,0,title.season_nr,>,0#1092242090
movie_companies,movie_info,movie_info_idx,movie_keyword,title#title.id=movie_companies.movie_id,title.id=movie_info.movie_id,title.id=movie_info_idx.movie_id,title.id=movie_keyword.movie_id#movie_info_idx.info_type_id,<,101,title.production_year,>,115,title.imdb_index,<,6,title.kind_id,<,2#4721459946
cast_info,movie_info_idx,movie_keyword,movie_companies,title#title.id=cast_info.movie_id,title.id=movie_info_idx.movie_id,title.id=movie_keyword.movie_id,title.id=movie_companies.movie_id#cast_info.nr_order,>,1,title.episode_nr,<,17,title.imdb_index,>,0#84215994
movie_companies,movie_keyword,movie_info_idx,cast_info,title#title.id=movie_companies.movie_id,title.id=movie_keyword.movie_id,title.id=movie_info_idx.movie_id,title.id=cast_info.movie_id#movie_companies.company_type_id,>,1,title.production_year,<,126,title.kind_id,=,7,title.season_nr,<,3,title.imdb_index,=,0#50855424
movie_keyword,movie_companies,cast_info,movie_info_idx,title#title.id=movie_keyword.movie_id,title.id=movie_companies.movie_id,title.id=cast_info.movie_id,title.id=movie_info_idx.movie_id#movie_keyword.keyword_id,>,117,movie_companies.company_type_id,<,2,cast_info.nr_order,<,40,movie_info_idx.info_type_id,>,99,title.season_nr,>,0#31408254
cast_info,movie_keyword,movie_info_idx,movie_companies,title#title.id=cast_info.movie_id,title.id=movie_keyword.movie_id,title.id=movie_info_idx.movie_id,title.id=movie_companies.movie_id#movie_keyword.keyword_id,<,31010,movie_info_idx.info_type_id,>,99,movie_companies.company_type_id,>,1,title.phonetic_code,<,672,title.season_nr,=,0,title.imdb_index,>,0#2074850
movie_info_idx,movie_companies,movie_info,cast_info,title#title.id=movie_info_idx.movie_id,title.id=movie_companies.movie_id,title.id=movie_info.movie_id,title.id=cast_info.movie_id#movie_companies.company_type_id,=,1,cast_info.role_id,>,1,title.kind_id,>,1,title.imdb_index,=,0#549168600
movie_companies,movie_info_idx,cast_info,movie_info,title#title.id=movie_companies.movie_id,title.id=movie_info_idx.movie_id,title.id=cast_info.movie_id,title.id=movie_info.movie_id#cast_info.role_id,<,10,title.phonetic_code,>,14059,title.kind_id,=,1,title.season_nr,=,0#3175663571
movie_companies,movie_info,movie_info_idx,movie_keyword,title#title.id=movie_companies.movie_id,title.id=movie_info.movie_id,title.id=movie_info_idx.movie_id,title.id=movie_keyword.movie_id#movie_companies.company_type_id,=,2,movie_info.info_type_id,<,18,movie_keyword.keyword_id,>,47,title.kind_id,>,3#49059219
movie_companies,cast_info,movie_keyword,movie_info,title#title.id=movie_companies.movie_id,title.id=cast_info.movie_id,title.id=movie_keyword.movie_id,title.id=movie_info.movie_id#movie_keyword.keyword_id,<,11753,title.series_years,>,0,title.imdb_index,=,0#1434051889
movie_keyword,movie_info,movie_info_idx,movie_companies,title#title.id=movie_keyword.movie_id,title.id=movie_info.movie_id,title.id=movie_info_idx.movie_id,title.id=movie_companies.movie_id#movie_keyword.keyword_id,<,57591,movie_companies.company_type_id,>,1,title.production_year,>,88,title.imdb_index,>,0#54081843
cast_info,movie_info,movie_keyword,movie_companies,title#title.id=cast_info.movie_id,title.id=movie_info.movie_id,title.id=movie_keyword.movie_id,title.id=movie_companies.movie_id#movie_info.info_type_id,>,1,title.episode_nr,>,0,title.phonetic_code,<,19719,title.imdb_index,=,0,title.production_year,<,125#1295148023
movie_info_idx,movie_info,movie_companies,cast_info,title#title.id=movie_info_idx.movie_id,title.id=movie_info.movie_id,title.id=movie_companies.movie_id,title.id=cast_info.movie_id#movie_info.info_type_id,<,103,title.production_year,<,26#1538166
cast_info,movie_info_idx,movie_info,movie_keyword,title#title.id=cast_info.movie_id,title.id=movie_info_idx.movie_id,title.id=movie_info.movie_id,title.id=movie_keyword.movie_id#cast_info.role_id,<,8,title.season_nr,<,8,title.episode_nr,>,0#493722798
movie_info,movie_companies,movie_info_idx,movie_keyword,title#title.id=movie_info.movie_id,title.id=movie_companies.movie_id,title.id=movie_info_idx.movie_id,title.id=movie_keyword.movie_id#movie_keyword.keyword_id,<,22515,title.production_year,>,122#1870178282
movie_info_idx,movie_info,cast_info,movie_companies,title#title.id=movie_info_idx.movie_id,title.id=movie_info.movie_id,title.id=cast_info.movie_id,title.id=movie_companies.movie_id#movie_info.info_type_id,<,107,title.season_nr,=,0,title.kind_id,>,1#610957146
cast_info,movie_info,movie_keyword,movie_companies,title#title.id=cast_info.movie_id,title.id=movie_info.movie_id,title.id=movie_keyword.movie_id,title.id=movie_companies.movie_id#title.series_years,>,0,title.imdb_index,>,0,title.season_nr,<,4,title.production_year,<,127#5197189
movie_keyword,movie_info_idx,cast_info,movie_info,title#title.id=movie_keyword.movie_id,title.id=movie_info_idx.movie_id,title.id=cast_info.movie_id,title.id=movie_info.movie_id#movie_keyword.keyword_id,>,500,title.series_years,>,0#300293772
movie_info_idx,cast_info,movie_keyword,movie_companies,title#title.id=movie_info_idx.movie_id,title.id=cast_info.movie_id,title.id=movie_keyword.movie_id,title.id=movie_companies.movie_id#movie_info_idx.info_type_id,<,101,cast_info.role_id,=,1,title.imdb_index,>,0,title.series_years,>,0#32308
movie_info,cast_info,movie_companies,movie_info_idx,title#title.id=movie_info.movie_id,title.id=cast_info.movie_id,title.id=movie_companies.movie_id,title.id=movie_info_idx.movie_id#cast_info.role_id,>,1,movie_companies.company_type_id,=,2,title.episode_nr,>,0,title.season_nr,=,3#23049432
cast_info,movie_companies,movie_keyword,movie_info_idx,title#title.id=cast_info.movie_id,title.id=movie_companies.movie_id,title.id=movie_keyword.movie_id,title.id=movie_info_idx.movie_id#cast_info.nr_order,>,1,movie_companies.company_type_id,<,2,title.season_nr,=,0,title.series_years,<,1203,title.phonetic_code,<,17184#2189782233
cast_info,movie_info,movie_companies,movie_info_idx,title#title.id=cast_info.movie_id,title.id=movie_info.movie_id,title.id=movie_companies.movie_id,title.id=movie_info_idx.movie_id#cast_info.nr_order,<,28,title.series_years,>,0,title.production_year,>,120,title.kind_id,<,7,title.phonetic_code,>,18274#56712
movie_info,cast_info,movie_keyword,movie_info_idx,title#title.id=movie_info.movie_id,title.id=cast_info.movie_id,title.id=movie_keyword.movie_id,title.id=movie_info_idx.movie_id#movie_info.info_type_id,>,2,cast_info.role_id,>,1,title.kind_id,>,1,title.series_years,>,0,title.phonetic_code,>,0#279426552
movie_companies,cast_info,movie_info,movie_keyword,title#title.id=movie_companies.movie_id,title.id=cast_info.movie_id,title.id=movie_info.movie_id,title.id=movie_keyword.movie_id#title.phonetic_code,<,21657,title.imdb_index,<,6,title.series_years,>,0#1873090331
movie_info,movie_keyword,cast_info,movie_companies,title#title.id=movie_info.movie_id,title.id=movie_keyword.movie_id,title.id=cast_info.movie_id,title.id=movie_companies.movie_id#movie_keyword.keyword_id,<,47265,cast_info.nr_order,>,2,title.imdb_index,=,0,title.episode_nr,>,0#504947060
movie_info_idx,cast_info,movie_companies,movie_keyword,title#title.id=movie_info_idx.movie_id,title.id=cast_info.movie_id,title.id=movie_companies.movie_id,title.id=movie_keyword.movie_id#movie_companies.company_type_id,>,1,title.season_nr,<,1#1711901261
movie_keyword,cast_info,movie_companies,movie_info,title#title.id=movie_keyword.movie_id,title.id=cast_info.movie_id,title.id=movie_companies.movie_id,title.id=movie_info.movie_id#cast_info.nr_order,>,0,movie_info.info_type_id,>,16,title.episode_nr,>,145,title.production_year,>,126#858
movie_info,movie_keyword,movie_companies,movie_info_idx,title#title.id=movie_info.movie_id,title.id=movie_keyword.movie_id,title.id=movie_companies.movie_id,title.id=movie_info_idx.movie_id#movie_info.info_type_id,>,2,movie_companies.company_type_id,=,1,movie_info_idx.info_type_id,=,101,title.phonetic_code,<,10832#2171418176
movie_info_idx,cast_info,movie_keyword,movie_info,title#title.id=movie_info_idx.movie_id,title.id=cast_info.movie_id,title.id=movie_keyword.movie_id,title.id=movie_info.movie_id#movie_info.info_type_id,>,2,title.production_year,<,118,title.phonetic_code,>,2013,title.kind_id,=,7#223373808
movie_companies,movie_info_idx,cast_info,movie_keyword,title#title.id=movie_companies.movie_id,title.id=movie_info_idx.movie_id,title.id=cast_info.movie_id,title.id=movie_keyword.movie_id#movie_companies.company_type_id,>,1,cast_info.role_id,=,1,title.episode_nr,<,39,title.season_nr,=,0#573257986
movie_info_idx,movie_keyword,movie_info,movie_companies,title#title.id=movie_info_idx.movie_id,title.id=movie_keyword.movie_id,title.id=movie_info.movie_id,title.id=movie_companies.movie_id#movie_info.info_type_id,<,18,title.kind_id,>,3#146448894
movie_info,cast_info,movie_info_idx,movie_companies,title#title.id=movie_info.movie_id,title.id=cast_info.movie_id,title.id=movie_info_idx.movie_id,title.id=movie_companies.movie_id#movie_info_idx.info_type_id,<,101,title.imdb_index,>,0#273039832
movie_keyword,movie_companies,movie_info_idx,cast_info,title#title.id=movie_keyword.movie_id,title.id=movie_companies.movie_id,title.id=movie_info_idx.movie_id,title.id=cast_info.movie_id#movie_companies.company_type_id,>,1,cast_info.role_id,>,1,title.season_nr,=,2,title.production_year,<,127#12176196
movie_keyword,movie_info,cast_info,movie_info_idx,title#title.id=movie_keyword.movie_id,title.id=movie_info.movie_id,title.id=cast_info.movie_id,title.id=movie_info_idx.movie_id#movie_keyword.keyword_id,<,130736,movie_info.info_type_id,<,8,cast_info.role_id,>,2,title.production_year,>,0,title.series_years,>,0,title.season_nr,=,0#50283579
movie_companies,cast_info,movie_keyword,movie_info,title#title.id=movie_companies.movie_id,title.id=cast_info.movie_id,title.id=movie_keyword.movie_id,title.id=movie_info.movie_id#movie_companies.company_type_id,=,1,cast_info.role_id,>,1,title.phonetic_code,>,3318,title.imdb_index,>,0,title.series_years,>,0#2040161
movie_keyword,movie_info_idx,cast_info,movie_companies,title#title.id=movie_keyword.movie_id,title.id=movie_info_idx.movie_id,title.id=cast_info.movie_id,title.id=movie_companies.movie_id#movie_info_idx.info_type_id,>,99,movie_companies.company_type_id,<,2,title.season_nr,>,0,title.kind_id,>,3#91153054
movie_companies,movie_info_idx,movie_keyword,movie_info,title#title.id=movie_companies.movie_id,title.id=movie_info_idx.movie_id,title.id=movie_keyword.movie_id,title.id=movie_info.movie_id#movie_info_idx.info_type_id,>,99,movie_info.info_type_id,>,1,title.season_nr,=,0#10121663846
movie_keyword,movie_companies,movie_info_idx,movie_info,title#title.id=movie_keyword.movie_id,title.id=movie_companies.movie_id,title.id=movie_info_idx.movie_id,title.id=movie_info.movie_id#movie_companies.company_type_id,=,1,title.phonetic_code,>,5559,title.episode_nr,>,0#34326882
movie_info,movie_keyword,movie_companies,movie_info_idx,title#title.id=movie_info.movie_id,title.id=movie_keyword.movie_id,title.id=movie_companies.movie_id,title.id=movie_info_idx.movie_id#movie_info.info_type_id,<,76,movie_keyword.keyword_id,<,12954,movie_info_idx.info_type_id,>,99,title.season_nr,>,0,title.phonetic_code,<,8834#17687004
movie_info,movie_companies,cast_info,movie_keyword,title#title.id=movie_info.movie_id,title.id=movie_companies.movie_id,title.id=cast_info.movie_id,title.id=movie_keyword.movie_id#movie_info.info_type_id,>,1,movie_companies.company_type_id,<,2,title.phonetic_code,>,10551,title.series_years,>,0#702544838
movie_keyword,cast_info,movie_info_idx,movie_info,title#title.id=movie_keyword.movie_id,title.id=cast_info.movie_id,title.id=movie_info_idx.movie_id,title.id=movie_info.movie_id#cast_info.role_id,=,8,movie_info.info_type_id,>,16,title.episode_nr,>,8#1237251
movie_keyword,cast_info,movie_info,movie_companies,title#title.id=movie_keyword.movie_id,title.id=cast_info.movie_id,title.id=movie_info.movie_id,title.id=movie_companies.movie_id#title.imdb_index,>,0,title.production_year,>,34,title.season_nr,<,3,title.phonetic_code,>,0#16427068082
cast_info,movie_info_idx,movie_keyword,movie_info,title#title.id=cast_info.movie_id,title.id=movie_info_idx.movie_id,title.id=movie_keyword.movie_id,title.id=movie_info.movie_id#movie_info_idx.info_type_id,=,100,title.series_years,>,0,title.kind_id,<,3#123446618
movie_info,movie_keyword,movie_companies,movie_info_idx,title#title.id=movie_info.movie_id,title.id=movie_keyword.movie_id,title.id=movie_companies.movie_id,title.id=movie_info_idx.movie_id#movie_info.info_type_id,>,3,movie_companies.company_type_id,>,1,title.phonetic_code,>,12957,title.kind_id,=,2,title.series_years,<,1357#15422610
movie_keyword,movie_info,cast_info,movie_info_idx,title#title.id=movie_keyword.movie_id,title.id=movie_info.movie_id,title.id=cast_info.movie_id,title.id=movie_info_idx.movie_id#movie_info.info_type_id,>,2,cast_info.role_id,<,11,title.phonetic_code,>,17633,title.season_nr,>,1,title.episode_nr,>,9#26970507
movie_keyword,cast_info,movie_info_idx,movie_info,title#title.id=movie_keyword.movie_id,title.id=cast_info.movie_id,title.id=movie_info_idx.movie_id,title.id=movie_info.movie_id#movie_keyword.keyword_id,<,98652,movie_info_idx.info_type_id,<,101,title.kind_id,>,1,title.phonetic_code,>,18261#157523184
movie_companies,movie_keyword,movie_info_idx,cast_info,title#title.id=movie_companies.movie_id,title.id=movie_keyword.movie_id,title.id=movie_info_idx.movie_id,title.id=cast_info.movie_id#movie_companies.company_type_id,=,1,title.series_years,>,0#37262616
movie_keyword,cast_info,movie_info,movie_companies,title#title.id=movie_keyword.movie_id,title.id=cast_info.movie_id,title.id=movie_info.movie_id,title.id=movie_companies.movie_id#cast_info.role_id,>,1,title.season_nr,>,0#1313582655
movie_info,movie_keyword,movie_info_idx,cast_info,title#title.id=movie_info.movie_id,title.id=movie_keyword.movie_id,title.id=movie_info_idx.movie_id,title.id=cast_info.movie_id#movie_keyword.keyword_id,<,73840,title.imdb_index,>,0,title.phonetic_code,>,1469#1516773189
movie_info_idx,cast_info,movie_keyword,movie_info,title#title.id=movie_info_idx.movie_id,title.id=cast_info.movie_id,title.id=movie_keyword.movie_id,title.id=movie_info.movie_id#cast_info.nr_order,<,11,title.phonetic_code,>,0#7645249518
movie_keyword,cast_info,movie_info_idx,movie_info,title#title.id=movie_keyword.movie_id,title.id=cast_info.movie_id,title.id=movie_info_idx.movie_id,title.id=movie_info.movie_id#title.kind_id,>,1,title.season_nr,=,2#144969276
movie_companies,movie_info,movie_info_idx,cast_info,title#title.id=movie_companies.movie_id,title.id=movie_info.movie_id,title.id=movie_info_idx.movie_id,title.id=cast_info.movie_id#movie_info.info_type_id,<,98,movie_info_idx.info_type_id,>,99,cast_info.role_id,<,9,title.phonetic_code,<,7216,title.imdb_index,=,0#2350402531
movie_keyword,movie_info_idx,cast_info,movie_info,title#title.id=movie_keyword.movie_id,title.id=movie_info_idx.movie_id,title.id=cast_info.movie_id,title.id=movie_info.movie_id#movie_keyword.keyword_id,>,137,cast_info.role_id,>,1,title.kind_id,>,1,title.imdb_index,>,0#5808093
movie_companies,cast_info,movie_info,movie_keyword,title#title.id=movie_companies.movie_id,title.id=cast_info.movie_id,title.id=movie_info.movie_id,title.id=movie_keyword.movie_id#movie_info.info_type_id,>,1,movie_keyword.keyword_id,<,41516,title.production_year,<,51,title.phonetic_code,>,3956#2244221723
movie_info,movie_info_idx,movie_companies,movie_keyword,title#title.id=movie_info.movie_id,title.id=movie_info_idx.movie_id,title.id=movie_companies.movie_id,title.id=movie_keyword.movie_id#movie_info_idx.info_type_id,=,101,title.series_years,>,0,title.imdb_index,>,0#379652
cast_info,movie_info,movie_companies,movie_keyword,title#title.id=cast_info.movie_id,title.id=movie_info.movie_id,title.id=movie_companies.movie_id,title.id=movie_keyword.movie_id#movie_info.info_type_id,<,16,movie_companies.company_type_id,=,1,title.phonetic_code,<,19791,title.kind_id,<,7,title.imdb_index,>,0#6199310369
movie_companies,cast_info,movie_info_idx,movie_info,title#title.id=movie_companies.movie_id,title.id=cast_info.movie_id,title.id=movie_info_idx.movie_id,title.id=movie_info.movie_id#movie_companies.company_type_id,<,2,cast_info.nr_order,>,8,movie_info_idx.info_type_id,=,100,title.phonetic_code,<,16820,title.kind_id,<,3#972760241
movie_companies,movie_info,movie_info_idx,cast_info,title#title.id=movie_companies.movie_id,title.id=movie_info.movie_id,title.id=movie_info_idx.movie_id,title.id=cast_info.movie_id#movie_companies.company_type_id,<,2,title.episode_nr,>,0,title.phonetic_code,>,6663#221703750
movie_info_idx,movie_info,cast_info,movie_companies,title#title.id=movie_info_idx.movie_id,title.id=movie_info.movie_id,title.id=cast_info.movie_id,title.id=movie_companies.movie_id#movie_info_idx.info_type_id,>,99,movie_info.info_type_id,<,8,cast_info.role_id,=,2,title.phonetic_code,<,10183#170522290
movie_info,cast_info,movie_companies,movie_keyword,title#title.id=movie_info.movie_id,title.id=cast_info.movie_id,title.id=movie_companies.movie_id,title.id=movie_keyword.movie_id#cast_info.role_id,>,1,title.imdb_index,>,0#13049464555
cast_info,movie_info,movie_info_idx,movie_keyword,title#title.id=cast_info.movie_id,title.id=movie_info.movie_id,title.id=movie_info_idx.movie_id,title.id=movie_keyword.movie_id#movie_info_idx.info_type_id,=,100,movie_keyword.keyword_id,>,27154,title.production_year,>,124#349852125
movie_keyword,movie_info,movie_companies,movie_info_idx,title#title.id=movie_keyword.movie_id,title.id=movie_info.movie_id,title.id=movie_companies.movie_id,title.id=movie_info_idx.movie_id#movie_info.info_type_id,<,16,title.episode_nr,>,0,title.production_year,>,114#35463903
movie_keyword,movie_info,cast_info,movie_info_idx,title#title.id=movie_keyword.movie_id,title.id=movie_info.movie_id,title.id=cast_info.movie_id,title.id=movie_info_idx.movie_id#movie_info.info_type_id,<,84,cast_info.nr_order,<,42,title.episode_nr,>,0,title.production_year,>,98,title.phonetic_code,>,16004#59386323
movie_keyword,movie_companies,movie_info_idx,cast_info,title#title.id=movie_keyword.movie_id,title.id=movie_companies.movie_id,title.id=movie_info_idx.movie_id,title.id=cast_info.movie_id#movie_companies.company_type_id,=,2,title.kind_id,<,7#1711440917
movie_companies,movie_keyword,cast_info,movie_info_idx,title#title.id=movie_companies.movie_id,title.id=movie_keyword.movie_id,title.id=cast_info.movie_id,title.id=movie_info_idx.movie_id#cast_info.role_id,=,2,title.season_nr,=,0,title.series_years,>,0,title.kind_id,<,7#6374931
movie_keyword,movie_info_idx,cast_info,movie_info,title#title.id=movie_keyword.movie_id,title.id=movie_info_idx.movie_id,title.id=cast_info.movie_id,title.id=movie_info.movie_id#title.series_years,>,0,title.episode_nr,<,31#370339854
movie_keyword,cast_info,movie_companies,movie_info_idx,title#title.id=movie_keyword.movie_id,title.id=cast_info.movie_id,title.id=movie_companies.movie_id,title.id=movie_info_idx.movie_id#movie_companies.company_type_id,>,1,movie_info_idx.info_type_id,=,99,title.series_years,>,0#6395092
movie_companies,movie_keyword,movie_info_idx,cast_info,title#title.id=movie_companies.movie_id,title.id=movie_keyword.movie_id,title.id=movie_info_idx.movie_id,title.id=cast_info.movie_id#movie_keyword.keyword_id,>,667,cast_info.nr_order,>,1,title.kind_id,=,1#2700475490
movie_keyword,movie_info_idx,movie_info,cast_info,title#title.id=movie_keyword.movie_id,title.id=movie_info_idx.movie_id,title.id=movie_info.movie_id,title.id=cast_info.movie_id#movie_keyword.keyword_id,<,83151,movie_info_idx.info_type_id,=,99,movie_info.info_type_id,>,1,cast_info.nr_order,>,1,title.series_years,>,0,title.season_nr,=,0,title.kind_id,<,4#14370248
movie_info_idx,movie_info,movie_companies,movie_keyword,title#title.id=movie_info_idx.movie_id,title.id=movie_info.movie_id,title.id=movie_companies.movie_id,title.id=movie_keyword.movie_id#movie_info_idx.info_type_id,>,99,movie_info.info_type_id,>,2,title.episode_nr,>,23,title.season_nr,>,4#211278
cast_info,movie_info_idx,movie_keyword,movie_companies,title#title.id=cast_info.movie_id,title.id=movie_info_idx.movie_id,title.id=movie_keyword.movie_id,title.id=movie_companies.movie_id#cast_info.role_id,<,8,title.imdb_index,=,0#5428814167
movie_info_idx,movie_companies,cast_info,movie_info,title#title.id=movie_info_idx.movie_id,title.id=movie_companies.movie_id,title.id=cast_info.movie_id,title.id=movie_info.movie_id#movie_info_idx.info_type_id,>,99,cast_info.nr_order,>,0,movie_info.info_type_id,<,16,title.episode_nr,>,7755#522
cast_info,movie_info_idx,movie_companies,movie_keyword,title#title.id=cast_info.movie_id,title.id=movie_info_idx.movie_id,title.id=movie_companies.movie_id,title.id=movie_keyword.movie_id#cast_info.role_id,=,4,movie_companies.company_type_id,=,1,title.imdb_index,=,0#201502738
cast_info,movie_keyword,movie_companies,movie_info_idx,title#title.id=cast_info.movie_id,title.id=movie_keyword.movie_id,title.id=movie_companies.movie_id,title.id=movie_info_idx.movie_id#cast_info.nr_order,<,12,movie_keyword.keyword_id,<,55697,title.production_year,<,117,title.phonetic_code,>,10327#313367309
movie_info_idx,movie_keyword,movie_info,cast_info,title#title.id=movie_info_idx.movie_id,title.id=movie_keyword.movie_id,title.id=movie_info.movie_id,title.id=cast_info.movie_id#movie_info_idx.info_type_id,=,101,title.season_nr,<,5,title.phonetic_code,>,0,title.kind_id,=,7#206344876
cast_info,movie_info,movie_info_idx,movie_companies,title#title.id=cast_info.movie_id,title.id=movie_info.movie_id,title.id=movie_info_idx.movie_id,title.id=movie_companies.movie_id#cast_info.role_id,=,2,movie_info.info_type_id,<,16,title.production_year,>,116,title.episode_nr,<,5#466399090
cast_info,movie_keyword,movie_companies,movie_info_idx,title#title.id=cast_info.movie_id,title.id=movie_keyword.movie_id,title.id=movie_companies.movie_id,title.id=movie_info_idx.movie_id#cast_info.role_id,<,10,title.episode_nr,>,0,title.phonetic_code,>,0,title.imdb_index,=,0#153402000
cast_info,movie_companies,movie_info,movie_info_idx,title#title.id=cast_info.movie_id,title.id=movie_companies.movie_id,title.id=movie_info.movie_id,title.id=movie_info_idx.movie_id#title.kind_id,>,1#1245411759
movie_info,movie_keyword,movie_info_idx,movie_companies,title#title.id=movie_info.movie_id,title.id=movie_keyword.movie_id,title.id=movie_info_idx.movie_id,title.id=movie_companies.movie_id#movie_info.info_type_id,>,2,title.season_nr,>,0#78142335
movie_companies,cast_info,movie_info,movie_info_idx,title#title.id=movie_companies.movie_id,title.id=cast_info.movie_id,title.id=movie_info.movie_id,title.id=movie_info_idx.movie_id#movie_companies.company_type_id,=,1,cast_info.role_id,=,5,movie_info.info_type_id,>,1,title.production_year,>,120,title.season_nr,=,0,title.phonetic_code,>,1922#24120827
movie_info,movie_keyword,movie_companies,cast_info,title#title.id=movie_info.movie_id,title.id=movie_keyword.movie_id,title.id=movie_companies.movie_id,title.id=cast_info.movie_id#movie_keyword.keyword_id,<,19796,title.series_years,>,0#1605043217
movie_companies,cast_info,movie_info_idx,movie_keyword,title#title.id=movie_companies.movie_id,title.id=cast_info.movie_id,title.id=movie_info_idx.movie_id,title.id=movie_keyword.movie_id#movie_info_idx.info_type_id,=,99,title.series_years,>,0,title.phonetic_code,<,16955#15286834
movie_keyword,movie_companies,movie_info,cast_info,title#title.id=movie_keyword.movie_id,title.id=movie_companies.movie_id,title.id=movie_info.movie_id,title.id=cast_info.movie_id#cast_info.role_id,>,1,title.season_nr,=,1#650874082
cast_info,movie_keyword,movie_info_idx,movie_companies,title#title.id=cast_info.movie_id,title.id=movie_keyword.movie_id,title.id=movie_info_idx.movie_id,title.id=movie_companies.movie_id#movie_info_idx.info_type_id,=,101,title.kind_id,>,2,title.production_year,<,79,title.season_nr,>,0#1026990
movie_keyword,cast_info,movie_companies,movie_info_idx,title#title.id=movie_keyword.movie_id,title.id=cast_info.movie_id,title.id=movie_companies.movie_id,title.id=movie_info_idx.movie_id#cast_info.role_id,<,10,title.production_year,>,100#4416396373
movie_companies,movie_info_idx,cast_info,movie_info,title#title.id=movie_companies.movie_id,title.id=movie_info_idx.movie_id,title.id=cast_info.movie_id,title.id=movie_info.movie_id#movie_info_idx.info_type_id,=,100,cast_info.role_id,>,1,title.series_years,>,0,title.phonetic_code,<,10194#26459281
movie_info,cast_info,movie_companies,movie_keyword,title#title.id=movie_info.movie_id,title.id=cast_info.movie_id,title.id=movie_companies.movie_id,title.id=movie_keyword.movie_id#movie_info.info_type_id,>,2,cast_info.role_id,>,1,movie_companies.company_type_id,<,2,title.season_nr,=,1,title.imdb_index,=,0#410081313
movie_companies,movie_info_idx,movie_keyword,cast_info,title#title.id=movie_companies.movie_id,title.id=movie_info_idx.movie_id,title.id=movie_keyword.movie_id,title.id=cast_info.movie_id#movie_keyword.keyword_id,<,58066,cast_info.role_id,=,10,title.kind_id,<,7#3235749249
cast_info,movie_info_idx,movie_keyword,movie_companies,title#title.id=cast_info.movie_id,title.id=movie_info_idx.movie_id,title.id=movie_keyword.movie_id,title.id=movie_companies.movie_id#cast_info.role_id,<,8,title.kind_id,=,4,title.phonetic_code,>,0#62293881
cast_info,movie_keyword,movie_companies,movie_info,title#title.id=cast_info.movie_id,title.id=movie_keyword.movie_id,title.id=movie_companies.movie_id,title.id=movie_info.movie_id#cast_info.role_id,<,8,movie_keyword.keyword_id,>,889,movie_info.info_type_id,<,18,title.imdb_index,=,0,title.phonetic_code,>,20636#6593817200
movie_companies,movie_info_idx,movie_keyword,movie_info,title#title.id=movie_companies.movie_id,title.id=movie_info_idx.movie_id,title.id=movie_keyword.movie_id,title.id=movie_info.movie_id#movie_info_idx.info_type_id,=,99,movie_keyword.keyword_id,<,11617,movie_info.info_type_id,>,5,title.imdb_index,>,0#64788228
movie_keyword,movie_companies,cast_info,movie_info_idx,title#title.id=movie_keyword.movie_id,title.id=movie_companies.movie_id,title.id=cast_info.movie_id,title.id=movie_info_idx.movie_id#movie_keyword.keyword_id,<,103486,movie_info_idx.info_type_id,>,99,title.production_year,<,120,title.episode_nr,>,1#44383414
movie_info,movie_keyword,cast_info,movie_companies,title#title.id=movie_info.movie_id,title.id=movie_keyword.movie_id,title.id=cast_info.movie_id,title.id=movie_companies.movie_id#movie_keyword.keyword_id,<,22164,cast_info.role_id,=,1,title.series_years,>,0#211019891
movie_keyword,movie_info,movie_companies,cast_info,title#title.id=movie_keyword.movie_id,title.id=movie_info.movie_id,title.id=movie_companies.movie_id,title.id=cast_info.movie_id#movie_keyword.keyword_id,<,45921,movie_info.info_type_id,>,2,cast_info.role_id,>,2,title.imdb_index,=,0,title.production_year,<,120,title.season_nr,>,0#253075845
movie_info,movie_keyword,movie_companies,cast_info,title#title.id=movie_info.movie_id,title.id=movie_keyword.movie_id,title.id=movie_companies.movie_id,title.id=cast_info.movie_id#movie_companies.company_type_id,=,2,title.series_years,>,0,title.imdb_index,=,0#410660274
movie_info_idx,movie_info,cast_info,movie_companies,title#title.id=movie_info_idx.movie_id,title.id=movie_info.movie_id,title.id=cast_info.movie_id,title.id=movie_companies.movie_id#movie_companies.company_type_id,>,1,title.series_years,>,1357#5356023
movie_keyword,movie_info,movie_info_idx,cast_info,title#title.id=movie_keyword.movie_id,title.id=movie_info.movie_id,title.id=movie_info_idx.movie_id,title.id=cast_info.movie_id#cast_info.nr_order,>,0,title.episode_nr,>,0#303519132
movie_info_idx,movie_companies,movie_info,cast_info,title#title.id=movie_info_idx.movie_id,title.id=movie_companies.movie_id,title.id=movie_info.movie_id,title.id=cast_info.movie_id#movie_info.info_type_id,<,107,title.phonetic_code,<,17701#13733319427
cast_info,movie_keyword,movie_info,movie_info_idx,title#title.id=cast_info.movie_id,title.id=movie_keyword.movie_id,title.id=movie_info.movie_id,title.id=movie_info_idx.movie_id#cast_info.role_id,<,8,movie_info.info_type_id,<,18,title.imdb_index,>,0,title.series_years,>,0#812979
movie_info_idx,cast_info,movie_companies,movie_keyword,title#title.id=movie_info_idx.movie_id,title.id=cast_info.movie_id,title.id=movie_companies.movie_id,title.id=movie_keyword.movie_id#movie_info_idx.info_type_id,<,101,cast_info.role_id,>,1,title.production_year,>,0,title.season_nr,=,0,title.kind_id,<,7,title.phonetic_code,>,0#3971991954
movie_info,movie_companies,movie_keyword,cast_info,title#title.id=movie_info.movie_id,title.id=movie_companies.movie_id,title.id=movie_keyword.movie_id,title.id=cast_info.movie_id#movie_companies.company_type_id,>,1,cast_info.role_id,=,4,title.episode_nr,>,0#34398817
movie_info_idx,cast_info,movie_info,movie_companies,title#title.id=movie_info_idx.movie_id,title.id=cast_info.movie_id,title.id=movie_info.movie_id,title.id=movie_companies.movie_id#cast_info.role_id,=,5,movie_info.info_type_id,<,97,title.imdb_index,>,0,title.kind_id,=,1#2772771
movie_info,cast_info,movie_keyword,movie_companies,title#title.id=movie_info.movie_id,title.id=cast_info.movie_id,title.id=movie_keyword.movie_id,title.id=movie_companies.movie_id#movie_info.info_type_id,>,2,title.imdb_index,>,0#17607125821
movie_info,cast_info,movie_info_idx,movie_companies,title#title.id=movie_info.movie_id,title.id=cast_info.movie_id,title.id=movie_info_idx.movie_id,title.id=movie_companies.movie_id#movie_info.info_type_id,<,17,cast_info.role_id,=,10,movie_info_idx.info_type_id,=,100,title.kind_id,<,7#1272071331
movie_info,movie_companies,movie_keyword,movie_info_idx,title#title.id=movie_info.movie_id,title.id=movie_companies.movie_id,title.id=movie_keyword.movie_id,title.id=movie_info_idx.movie_id#movie_companies.company_type_id,>,1,title.phonetic_code,>,0,title.imdb_index,=,0,title.episode_nr,<,8575#2193804503
movie_keyword,movie_info,movie_companies,cast_info,title#title.id=movie_keyword.movie_id,title.id=movie_info.movie_id,title.id=movie_companies.movie_id,title.id=cast_info.movie_id#movie_info.info_type_id,>,2,movie_companies.company_type_id,<,2,cast_info.nr_order,>,1,title.season_nr,=,2#52747967
movie_info,movie_companies,movie_keyword,movie_info_idx,title#title.id=movie_info.movie_id,title.id=movie_companies.movie_id,title.id=movie_keyword.movie_id,title.id=movie_info_idx.movie_id#movie_companies.company_type_id,=,1,movie_info_idx.info_type_id,=,100,title.season_nr,=,0,title.production_year,<,74#278279498
movie_keyword,movie_info,movie_companies,cast_info,title#title.id=movie_keyword.movie_id,title.id=movie_info.movie_id,title.id=movie_companies.movie_id,title.id=cast_info.movie_id#movie_keyword.keyword_id,>,382,movie_companies.company_type_id,>,1,cast_info.nr_order,>,1,title.phonetic_code,>,11352#12471788811
movie_companies,movie_keyword,movie_info,movie_info_idx,title#title.id=movie_companies.movie_id,title.id=movie_keyword.movie_id,title.id=movie_info.movie_id,title.id=movie_info_idx.movie_id#movie_companies.company_type_id,=,1,movie_keyword.keyword_id,>,3401,movie_info_idx.info_type_id,<,101,title.phonetic_code,>,13649,title.series_years,>,661#27131172
movie_info,cast_info,movie_companies,movie_keyword,title#title.id=movie_info.movie_id,title.id=cast_info.movie_id,title.id=movie_companies.movie_id,title.id=movie_keyword.movie_id#cast_info.role_id,<,10,title.phonetic_code,<,16548,title.kind_id,<,7,title.series_years,>,0#576842716
movie_companies,movie_keyword,cast_info,movie_info,title#title.id=movie_companies.movie_id,title.id=movie_keyword.movie_id,title.id=cast_info.movie_id,title.id=movie_info.movie_id#movie_info.info_type_id,>,1,title.kind_id,=,7#1694219817
cast_info,movie_keyword,movie_info,movie_info_idx,title#title.id=cast_info.movie_id,title.id=movie_keyword.movie_id,title.id=movie_info.movie_id,title.id=movie_info_idx.movie_id#cast_info.nr_order,<,25,movie_info.info_type_id,<,8,title.production_year,>,99,title.phonetic_code,<,14685#1628116490
movie_info_idx,movie_keyword,movie_info,movie_companies,title#title.id=movie_info_idx.movie_id,title.id=movie_keyword.movie_id,title.id=movie_info.movie_id,title.id=movie_companies.movie_id#title.production_year,>,35,title.season_nr,<,15,title.phonetic_code,>,0#15024129326
cast_info,movie_info_idx,movie_keyword,movie_info,title#title.id=cast_info.movie_id,title.id=movie_info_idx.movie_id,title.id=movie_keyword.movie_id,title.id=movie_info.movie_id#cast_info.role_id,=,2,movie_info.info_type_id,<,17,title.imdb_index,=,0,title.production_year,<,116,title.kind_id,>,4,title.phonetic_code,>,19023#2019903
cast_info,movie_companies,movie_info_idx,movie_info,title#title.id=cast_info.movie_id,title.id=movie_companies.movie_id,title.id=movie_info_idx.movie_id,title.id=movie_info.movie_id#cast_info.nr_order,<,1000,movie_info.info_type_id,<,16,title.production_year,<,78#171460101
movie_info_idx,movie_keyword,movie_info,cast_info,title#title.id=movie_info_idx.movie_id,title.id=movie_keyword.movie_id,title.id=movie_info.movie_id,title.id=cast_info.movie_id#movie_info_idx.info_type_id,>,99,movie_info.info_type_id,<,16,title.phonetic_code,>,14374,title.episode_nr,>,0#106728526
movie_keyword,movie_info_idx,movie_info,movie_companies,title#title.id=movie_keyword.movie_id,title.id=movie_info_idx.movie_id,title.id=movie_info.movie_id,title.id=movie_companies.movie_id#title.production_year,<,125,title.series_years,>,0,title.episode_nr,<,45,title.season_nr,=,0#234440196
movie_keyword,cast_info,movie_info,movie_companies,title#title.id=movie_keyword.movie_id,title.id=cast_info.movie_id,title.id=movie_info.movie_id,title.id=movie_companies.movie_id#movie_keyword.keyword_id,<,57784,cast_info.role_id,<,10,movie_info.info_type_id,<,35,movie_companies.company_type_id,<,2,title.episode_nr,>,0#683417622
cast_info,movie_keyword,movie_info,movie_info_idx,title#title.id=cast_info.movie_id,title.id=movie_keyword.movie_id,title.id=movie_info.movie_id,title.id=movie_info_idx.movie_id#cast_info.nr_order,>,1,movie_info.info_type_id,<,106,title.production_year,>,70,title.imdb_index,>,0#438071589
movie_keyword,movie_info,movie_companies,cast_info,title#title.id=movie_keyword.movie_id,title.id=movie_info.movie_id,title.id=movie_companies.movie_id,title.id=cast_info.movie_id#movie_keyword.keyword_id,<,28163,movie_info.info_type_id,>,5,title.season_nr,>,0#1223861183
movie_companies,cast_info,movie_info_idx,movie_keyword,title#title.id=movie_companies.movie_id,title.id=cast_info.movie_id,title.id=movie_info_idx.movie_id,title.id=movie_keyword.movie_id#movie_companies.company_type_id,>,1,cast_info.role_id,=,1,title.production_year,<,127,title.season_nr,=,1#9802131
movie_companies,cast_info,movie_keyword,movie_info,title#title.id=movie_companies.movie_id,title.id=cast_info.movie_id,title.id=movie_keyword.movie_id,title.id=movie_info.movie_id#cast_info.nr_order,>,1,movie_info.info_type_id,<,16,title.production_year,<,125,title.series_years,>,0#93896579
movie_info_idx,movie_info,movie_keyword,cast_info,title#title.id=movie_info_idx.movie_id,title.id=movie_info.movie_id,title.id=movie_keyword.movie_id,title.id=cast_info.movie_id#movie_info_idx.info_type_id,>,99,movie_keyword.keyword_id,>,1,cast_info.role_id,=,6,title.production_year,<,108,title.kind_id,=,3,title.phonetic_code,<,20849#2578176
cast_info,movie_info,movie_info_idx,movie_companies,title#title.id=cast_info.movie_id,title.id=movie_info.movie_id,title.id=movie_info_idx.movie_id,title.id=movie_companies.movie_id#movie_info.info_type_id,<,105,title.season_nr,=,4,title.episode_nr,>,0#54529479
movie_info,movie_keyword,movie_companies,movie_info_idx,title#title.id=movie_info.movie_id,title.id=movie_keyword.movie_id,title.id=movie_companies.movie_id,title.id=movie_info_idx.movie_id#movie_info.info_type_id,>,2,title.production_year,<,126#14497927719
movie_companies,cast_info,movie_info_idx,movie_info,title#title.id=movie_companies.movie_id,title.id=cast_info.movie_id,title.id=movie_info_idx.movie_id,title.id=movie_info.movie_id#movie_companies.company_type_id,<,2,cast_info.role_id,>,3,movie_info.info_type_id,<,17,title.imdb_index,=,0,title.production_year,>,126#20894070
movie_info,movie_companies,movie_keyword,movie_info_idx,title#title.id=movie_info.movie_id,title.id=movie_companies.movie_id,title.id=movie_keyword.movie_id,title.id=movie_info_idx.movie_id#movie_companies.company_type_id,=,2,title.imdb_index,=,0,title.series_years,>,0,title.phonetic_code,>,17649,title.season_nr,=,0#6848268
movie_companies,cast_info,movie_info,movie_info_idx,title#title.id=movie_companies.movie_id,title.id=cast_info.movie_id,title.id=movie_info.movie_id,title.id=movie_info_idx.movie_id#movie_companies.company_type_id,>,1,movie_info.info_type_id,>,1,title.production_year,>,114,title.imdb_index,>,0#69691881
movie_companies,movie_info_idx,cast_info,movie_keyword,title#title.id=movie_companies.movie_id,title.id=movie_info_idx.movie_id,title.id=cast_info.movie_id,title.id=movie_keyword.movie_id#movie_info_idx.info_type_id,=,99,title.production_year,<,125,title.episode_nr,>,0#61831454
movie_keyword,movie_info,movie_info_idx,cast_info,title#title.id=movie_keyword.movie_id,title.id=movie_info.movie_id,title.id=movie_info_idx.movie_id,title.id=cast_info.movie_id#movie_keyword.keyword_id,>,135,movie_info.info_type_id,>,3,movie_info_idx.info_type_id,>,99,title.series_years,>,0#206106828
movie_info_idx,cast_info,movie_companies,movie_keyword,title#title.id=movie_info_idx.movie_id,title.id=cast_info.movie_id,title.id=movie_companies.movie_id,title.id=movie_keyword.movie_id#movie_info_idx.info_type_id,<,101,cast_info.nr_order,>,1,movie_companies.company_type_id,>,1,title.production_year,>,112,title.kind_id,<,7,title.episode_nr,<,3#272124932
movie_companies,cast_info,movie_info,movie_keyword,title#title.id=movie_companies.movie_id,title.id=cast_info.movie_id,title.id=movie_info.movie_id,title.id=movie_keyword.movie_id#movie_companies.company_type_id,<,2,cast_info.role_id,>,1,movie_info.info_type_id,>,1,title.production_year,>,127#1517139
movie_info_idx,cast_info,movie_info,movie_companies,title#title.id=movie_info_idx.movie_id,title.id=cast_info.movie_id,title.id=movie_info.movie_id,title.id=movie_companies.movie_id#movie_info_idx.info_type_id,>,99,title.kind_id,=,2,title.episode_nr,<,30#130683570
movie_info_idx,cast_info,movie_companies,movie_info,title#title.id=movie_info_idx.movie_id,title.id=cast_info.movie_id,title.id=movie_companies.movie_id,title.id=movie_info.movie_id#cast_info.nr_order,>,1,movie_info.info_type_id,<,16,title.production_year,>,35#2608738694
movie_info,cast_info,movie_keyword,movie_companies,title#title.id=movie_info.movie_id,title.id=cast_info.movie_id,title.id=movie_keyword.movie_id,title.id=movie_companies.movie_id#cast_info.role_id,>,1,title.episode_nr,>,12,title.production_year,>,117#180287549
movie_info,movie_companies,movie_keyword,movie_info_idx,title#title.id=movie_info.movie_id,title.id=movie_companies.movie_id,title.id=movie_keyword.movie_id,title.id=movie_info_idx.movie_id#movie_info_idx.info_type_id,<,101,title.kind_id,=,7,title.phonetic_code,<,16646#45757456
movie_companies,movie_info,movie_info_idx,movie_keyword,title#title.id=movie_companies.movie_id,title.id=movie_info.movie_id,title.id=movie_info_idx.movie_id,title.id=movie_keyword.movie_id#movie_companies.company_type_id,=,2,movie_info.info_type_id,>,1,movie_info_idx.info_type_id,=,99,movie_keyword.keyword_id,<,43263,title.production_year,<,104,title.episode_nr,>,0,title.season_nr,>,0#1543894
cast_info,movie_info_idx,movie_info,movie_keyword,title#title.id=cast_info.movie_id,title.id=movie_info_idx.movie_id,title.id=movie_info.movie_id,title.id=movie_keyword.movie_id#movie_keyword.keyword_id,<,60463,title.episode_nr,>,0#803912763
movie_companies,cast_info,movie_keyword,movie_info,title#title.id=movie_companies.movie_id,title.id=cast_info.movie_id,title.id=movie_keyword.movie_id,title.id=movie_info.movie_id#cast_info.nr_order,>,1,title.production_year,<,80,title.episode_nr,<,17#7477533107
movie_info,movie_keyword,movie_companies,cast_info,title#title.id=movie_info.movie_id,title.id=movie_keyword.movie_id,title.id=movie_companies.movie_id,title.id=cast_info.movie_id#movie_keyword.keyword_id,>,1,cast_info.nr_order,>,1,title.imdb_index,>,2,title.series_years,>,0#110402
movie_info_idx,movie_info,cast_info,movie_companies,title#title.id=movie_info_idx.movie_id,title.id=movie_info.movie_id,title.id=cast_info.movie_id,title.id=movie_companies.movie_id#movie_info_idx.info_type_id,<,101,title.phonetic_code,<,20311,title.kind_id,=,1,title.episode_nr,<,85#9998316288
movie_companies,movie_info_idx,cast_info,movie_info,title#title.id=movie_companies.movie_id,title.id=movie_info_idx.movie_id,title.id=cast_info.movie_id,title.id=movie_info.movie_id#cast_info.nr_order,<,19,title.production_year,<,121,title.imdb_index,>,0,title.season_nr,<,1#18885024
movie_info,movie_keyword,movie_companies,movie_info_idx,title#title.id=movie_info.movie_id,title.id=movie_keyword.movie_id,title.id=movie_companies.movie_id,title.id=movie_info_idx.movie_id#movie_keyword.keyword_id,<,27314,movie_info_idx.info_type_id,>,99,title.imdb_index,>,0#190809130
movie_companies,cast_info,movie_info,movie_keyword,title#title.id=movie_companies.movie_id,title.id=cast_info.movie_id,title.id=movie_info.movie_id,title.id=movie_keyword.movie_id#movie_companies.company_type_id,=,1,cast_info.nr_order,>,1,movie_keyword.keyword_id,>,667,title.series_years,>,0#77236406
cast_info,movie_info,movie_keyword,movie_info_idx,title#title.id=cast_info.movie_id,title.id=movie_info.movie_id,title.id=movie_keyword.movie_id,title.id=movie_info_idx.movie_id#movie_info.info_type_id,>,1,movie_info_idx.info_type_id,<,101,title.series_years,>,0#241007128
cast_info,movie_keyword,movie_info_idx,movie_info,title#title.id=cast_info.movie_id,title.id=movie_keyword.movie_id,title.id=movie_info_idx.movie_id,title.id=movie_info.movie_id#cast_info.nr_order,>,0,movie_info_idx.info_type_id,<,101,movie_info.info_type_id,<,16,title.episode_nr,<,61,title.season_nr,>,2,title.production_year,<,101,title.phonetic_code,>,10370#3812966
cast_info,movie_companies,movie_keyword,movie_info,title#title.id=cast_info.movie_id,title.id=movie_companies.movie_id,title.id=movie_keyword.movie_id,title.id=movie_info.movie_id#cast_info.nr_order,<,100,movie_info.info_type_id,>,16,title.imdb_index,>,0#1772807938
movie_info,movie_companies,movie_info_idx,movie_keyword,title#title.id=movie_info.movie_id,title.id=movie_companies.movie_id,title.id=movie_info_idx.movie_id,title.id=movie_keyword.movie_id#movie_info.info_type_id,<,18,movie_companies.company_type_id,=,2,title.production_year,>,45#1546140923
movie_companies,movie_info,movie_keyword,cast_info,title#title.id=movie_companies.movie_id,title.id=movie_info.movie_id,title.id=movie_keyword.movie_id,title.id=cast_info.movie_id#cast_info.nr_order,<,58,title.series_years,>,0#132352333
cast_info,movie_info,movie_keyword,movie_info_idx,title#title.id=cast_info.movie_id,title.id=movie_info.movie_id,title.id=movie_keyword.movie_id,title.id=movie_info_idx.movie_id#cast_info.role_id,=,2,movie_info.info_type_id,<,16,title.phonetic_code,>,0,title.kind_id,=,7#63978768
movie_keyword,cast_info,movie_info_idx,movie_info,title#title.id=movie_keyword.movie_id,title.id=cast_info.movie_id,title.id=movie_info_idx.movie_id,title.id=movie_info.movie_id#movie_keyword.keyword_id,>,359,cast_info.role_id,<,9,title.imdb_index,>,0#876575609
cast_info,movie_companies,movie_info,movie_info_idx,title#title.id=cast_info.movie_id,title.id=movie_companies.movie_id,title.id=movie_info.movie_id,title.id=movie_info_idx.movie_id#cast_info.nr_order,>,1,movie_info.info_type_id,<,16,title.season_nr,>,2,title.production_year,>,110#39766248
cast_info,movie_info,movie_companies,movie_info_idx,title#title.id=cast_info.movie_id,title.id=movie_info.movie_id,title.id=movie_companies.movie_id,title.id=movie_info_idx.movie_id#movie_info.info_type_id,>,1,title.episode_nr,<,339#17289444960
movie_info,movie_keyword,movie_info_idx,movie_companies,title#title.id=movie_info.movie_id,title.id=movie_keyword.movie_id,title.id=movie_info_idx.movie_id,title.id=movie_companies.movie_id#movie_companies.company_type_id,<,2,title.production_year,>,101,title.episode_nr,>,6,title.phonetic_code,>,11360,title.season_nr,>,3#2727327
cast_info,movie_keyword,movie_info,movie_info_idx,title#title.id=cast_info.movie_id,title.id=movie_keyword.movie_id,title.id=movie_info.movie_id,title.id=movie_info_idx.movie_id#cast_info.nr_order,<,24,title.kind_id,<,7,title.series_years,>,0,title.imdb_index,>,0#177399
cast_info,movie_keyword,movie_info,movie_info_idx,title#title.id=cast_info.movie_id,title.id=movie_keyword.movie_id,title.id=movie_info.movie_id,title.id=movie_info_idx.movie_id#cast_info.nr_order,<,32,movie_info.info_type_id,>,4,movie_info_idx.info_type_id,>,99,title.episode_nr,>,0#167585780
movie_keyword,movie_info,movie_companies,cast_info,title#title.id=movie_keyword.movie_id,title.id=movie_info.movie_id,title.id=movie_companies.movie_id,title.id=cast_info.movie_id#movie_keyword.keyword_id,>,117,title.episode_nr,>,0#1697936752
movie_keyword,movie_companies,movie_info_idx,movie_info,title#title.id=movie_keyword.movie_id,title.id=movie_companies.movie_id,title.id=movie_info_idx.movie_id,title.id=movie_info.movie_id#movie_companies.company_type_id,<,2,title.season_nr,>,10#1577088
movie_companies,movie_info,movie_keyword,cast_info,title#title.id=movie_companies.movie_id,title.id=movie_info.movie_id,title.id=movie_keyword.movie_id,title.id=cast_info.movie_id#movie_companies.company_type_id,<,2,movie_info.info_type_id,<,16,title.series_years,>,0,title.phonetic_code,>,0,title.season_nr,>,0#8943
cast_info,movie_companies,movie_info,movie_info_idx,title#title.id=cast_info.movie_id,title.id=movie_companies.movie_id,title.id=movie_info.movie_id,title.id=movie_info_idx.movie_id#movie_companies.company_type_id,=,2,movie_info.info_type_id,<,16,movie_info_idx.info_type_id,<,101,title.season_nr,=,0#883885316
cast_info,movie_info,movie_companies,movie_info_idx,title#title.id=cast_info.movie_id,title.id=movie_info.movie_id,title.id=movie_companies.movie_id,title.id=movie_info_idx.movie_id#cast_info.nr_order,<,42,movie_info.info_type_id,>,1,movie_companies.company_type_id,=,2,movie_info_idx.info_type_id,>,99,title.imdb_index,=,0#604717608
cast_info,movie_keyword,movie_info,movie_companies,title#title.id=cast_info.movie_id,title.id=movie_keyword.movie_id,title.id=movie_info.movie_id,title.id=movie_companies.movie_id#cast_info.nr_order,<,110,movie_keyword.keyword_id,<,2488,movie_companies.company_type_id,<,2,title.season_nr,=,0,title.imdb_index,>,0#1366577005
movie_info,movie_keyword,movie_info_idx,movie_companies,title#title.id=movie_info.movie_id,title.id=movie_keyword.movie_id,title.id=movie_info_idx.movie_id,title.id=movie_companies.movie_id#movie_info.info_type_id,>,2,movie_companies.company_type_id,=,2,title.episode_nr,>,0,title.phonetic_code,>,13316#10167984
cast_info,movie_keyword,movie_companies,movie_info_idx,title#title.id=cast_info.movie_id,title.id=movie_keyword.movie_id,title.id=movie_companies.movie_id,title.id=movie_info_idx.movie_id#cast_info.nr_order,<,3002,movie_companies.company_type_id,=,2,title.season_nr,>,0#33399579
movie_info,movie_keyword,cast_info,movie_companies,title#title.id=movie_info.movie_id,title.id=movie_keyword.movie_id,title.id=cast_info.movie_id,title.id=movie_companies.movie_id#movie_info.info_type_id,>,1,movie_companies.company_type_id,=,2,title.phonetic_code,>,16587,title.season_nr,=,0,title.imdb_index,=,1#659869169
movie_info_idx,cast_info,movie_companies,movie_info,title#title.id=movie_info_idx.movie_id,title.id=cast_info.movie_id,title.id=movie_companies.movie_id,title.id=movie_info.movie_id#cast_info.role_id,>,1,movie_info.info_type_id,<,16,title.season_nr,=,1#98992947
movie_companies,movie_info_idx,movie_info,cast_info,title#title.id=movie_companies.movie_id,title.id=movie_info_idx.movie_id,title.id=movie_info.movie_id,title.id=cast_info.movie_id#movie_companies.company_type_id,=,2,movie_info_idx.info_type_id,=,101,movie_info.info_type_id,>,3,title.phonetic_code,>,14769#275332006
movie_companies,cast_info,movie_info,movie_info_idx,title#title.id=movie_companies.movie_id,title.id=cast_info.movie_id,title.id=movie_info.movie_id,title.id=movie_info_idx.movie_id#movie_companies.company_type_id,>,1,movie_info_idx.info_type_id,>,99,title.season_nr,<,6,title.episode_nr,>,14#33826622
cast_info,movie_info_idx,movie_keyword,movie_info,title#title.id=cast_info.movie_id,title.id=movie_info_idx.movie_id,title.id=movie_keyword.movie_id,title.id=movie_info.movie_id#movie_info.info_type_id,>,2,title.episode_nr,>,30#5365743
movie_companies,movie_info_idx,movie_info,cast_info,title#title.id=movie_companies.movie_id,title.id=movie_info_idx.movie_id,title.id=movie_info.movie_id,title.id=cast_info.movie_id#movie_companies.company_type_id,<,2,title.production_year,>,123,title.season_nr,>,0#96528420
movie_info,movie_info_idx,movie_keyword,cast_info,title#title.id=movie_info.movie_id,title.id=movie_info_idx.movie_id,title.id=movie_keyword.movie_id,title.id=cast_info.movie_id#movie_info_idx.info_type_id,>,99,cast_info.nr_order,<,39,title.season_nr,>,0,title.production_year,>,51#201404036
movie_keyword,movie_companies,movie_info_idx,cast_info,title#title.id=movie_keyword.movie_id,title.id=movie_companies.movie_id,title.id=movie_info_idx.movie_id,title.id=cast_info.movie_id#movie_keyword.keyword_id,>,133,movie_companies.company_type_id,<,2,movie_info_idx.info_type_id,>,99,title.production_year,<,121#3278999438
movie_info,movie_keyword,cast_info,movie_companies,title#title.id=movie_info.movie_id,title.id=movie_keyword.movie_id,title.id=cast_info.movie_id,title.id=movie_companies.movie_id#movie_info.info_type_id,>,1,movie_companies.company_type_id,>,1,title.episode_nr,>,0,title.phonetic_code,<,7343#264068930
movie_companies,movie_info,movie_keyword,movie_info_idx,title#title.id=movie_companies.movie_id,title.id=movie_info.movie_id,title.id=movie_keyword.movie_id,title.id=movie_info_idx.movie_id#movie_companies.company_type_id,>,1,movie_info.info_type_id,<,16,title.imdb_index,=,0,title.phonetic_code,>,0,title.episode_nr,>,0,title.production_year,<,125#16140522
movie_keyword,movie_info_idx,movie_companies,movie_info,title#title.id=movie_keyword.movie_id,title.id=movie_info_idx.movie_id,title.id=movie_companies.movie_id,title.id=movie_info.movie_id#movie_info_idx.info_type_id,<,101,movie_companies.company_type_id,<,2,movie_info.info_type_id,>,1,title.phonetic_code,<,5955#2882165550
movie_info_idx,movie_info,cast_info,movie_keyword,title#title.id=movie_info_idx.movie_id,title.id=movie_info.movie_id,title.id=cast_info.movie_id,title.id=movie_keyword.movie_id#movie_keyword.keyword_id,>,335,title.kind_id,<,2,title.production_year,>,118,title.season_nr,=,0,title.phonetic_code,<,679#1942465227
cast_info,movie_keyword,movie_info_idx,movie_companies,title#title.id=cast_info.movie_id,title.id=movie_keyword.movie_id,title.id=movie_info_idx.movie_id,title.id=movie_companies.movie_id#cast_info.role_id,>,1,title.imdb_index,>,0,title.series_years,>,0#289377
cast_info,movie_info_idx,movie_info,movie_keyword,title#title.id=cast_info.movie_id,title.id=movie_info_idx.movie_id,title.id=movie_info.movie_id,title.id=movie_keyword.movie_id#movie_info.info_type_id,<,16,title.season_nr,>,0#494465607
cast_info,movie_info_idx,movie_keyword,movie_info,title#title.id=cast_info.movie_id,title.id=movie_info_idx.movie_id,title.id=movie_keyword.movie_id,title.id=movie_info.movie_id#movie_info_idx.info_type_id,=,99,title.kind_id,>,1,title.phonetic_code,<,22281,title.season_nr,=,0#738217176
movie_info_idx,cast_info,movie_companies,movie_keyword,title#title.id=movie_info_idx.movie_id,title.id=cast_info.movie_id,title.id=movie_companies.movie_id,title.id=movie_keyword.movie_id#cast_info.role_id,>,1,title.phonetic_code,<,13316#4133791029
movie_info_idx,cast_info,movie_info,movie_keyword,title#title.id=movie_info_idx.movie_id,title.id=cast_info.movie_id,title.id=movie_info.movie_id,title.id=movie_keyword.movie_id#movie_info_idx.info_type_id,=,100,title.episode_nr,<,104,title.phonetic_code,>,0,title.kind_id,=,4,title.imdb_index,>,0#317664
cast_info,movie_keyword,movie_companies,movie_info_idx,title#title.id=cast_info.movie_id,title.id=movie_keyword.movie_id,title.id=movie_companies.movie_id,title.id=movie_info_idx.movie_id#cast_info.nr_order,<,38,title.phonetic_code,>,16906,title.production_year,>,125,title.season_nr,<,2#9645264
movie_keyword,movie_info,cast_info,movie_companies,title#title.id=movie_keyword.movie_id,title.id=movie_info.movie_id,title.id=cast_info.movie_id,title.id=movie_companies.movie_id#movie_info.info_type_id,>,1,title.series_years,>,0#1851153826
movie_companies,movie_info,movie_keyword,movie_info_idx,title#title.id=movie_companies.movie_id,title.id=movie_info.movie_id,title.id=movie_keyword.movie_id,title.id=movie_info_idx.movie_id#movie_companies.company_type_id,=,1,movie_info.info_type_id,>,16,title.episode_nr,<,3,title.production_year,<,118#3570900023
movie_companies,movie_info_idx,movie_keyword,movie_info,title#title.id=movie_companies.movie_id,title.id=movie_info_idx.movie_id,title.id=movie_keyword.movie_id,title.id=movie_info.movie_id#movie_keyword.keyword_id,<,39307,title.season_nr,>,0,title.kind_id,>,1#78593802
cast_info,movie_keyword,movie_info,movie_companies,title#title.id=cast_info.movie_id,title.id=movie_keyword.movie_id,title.id=movie_info.movie_id,title.id=movie_companies.movie_id#cast_info.role_id,=,2,title.kind_id,<,7,title.production_year,<,118,title.series_years,>,0,title.season_nr,=,0#109418206
movie_info_idx,movie_keyword,cast_info,movie_info,title#title.id=movie_info_idx.movie_id,title.id=movie_keyword.movie_id,title.id=cast_info.movie_id,title.id=movie_info.movie_id#movie_info_idx.info_type_id,>,99,movie_info.info_type_id,<,16,title.episode_nr,>,0#327208226
movie_info_idx,cast_info,movie_keyword,movie_info,title#title.id=movie_info_idx.movie_id,title.id=cast_info.movie_id,title.id=movie_keyword.movie_id,title.id=movie_info.movie_id#movie_info_idx.info_type_id,=,101,cast_info.role_id,<,4,movie_keyword.keyword_id,>,411,title.imdb_index,=,0,title.production_year,>,80#10420374892
movie_companies,movie_info,cast_info,movie_info_idx,title#title.id=movie_companies.movie_id,title.id=movie_info.movie_id,title.id=cast_info.movie_id,title.id=movie_info_idx.movie_id#movie_companies.company_type_id,<,2,cast_info.role_id,=,1,movie_info_idx.info_type_id,<,101,title.phonetic_code,<,523#101715702
cast_info,movie_keyword,movie_info_idx,movie_companies,title#title.id=cast_info.movie_id,title.id=movie_keyword.movie_id,title.id=movie_info_idx.movie_id,title.id=movie_companies.movie_id#movie_keyword.keyword_id,>,373,title.production_year,>,64,title.series_years,>,0#47318412
movie_info_idx,movie_companies,movie_info,movie_keyword,title#title.id=movie_info_idx.movie_id,title.id=movie_companies.movie_id,title.id=movie_info.movie_id,title.id=movie_keyword.movie_id#movie_companies.company_type_id,<,2,title.phonetic_code,>,8059,title.series_years,>,0,title.production_year,<,125#107432790
movie_info_idx,movie_companies,cast_info,movie_keyword,title#title.id=movie_info_idx.movie_id,title.id=movie_companies.movie_id,title.id=cast_info.movie_id,title.id=movie_keyword.movie_id#movie_info_idx.info_type_id,=,99,movie_keyword.keyword_id,>,358,title.season_nr,=,0#2786092835
movie_keyword,movie_info_idx,movie_companies,movie_info,title#title.id=movie_keyword.movie_id,title.id=movie_info_idx.movie_id,title.id=movie_companies.movie_id,title.id=movie_info.movie_id#movie_companies.company_type_id,<,2,title.phonetic_code,<,1933,title.season_nr,=,0,title.imdb_index,=,0#1880941324
movie_keyword,movie_info,movie_companies,movie_info_idx,title#title.id=movie_keyword.movie_id,title.id=movie_info.movie_id,title.id=movie_companies.movie_id,title.id=movie_info_idx.movie_id#movie_keyword.keyword_id,>,335,movie_companies.company_type_id,=,2,movie_info_idx.info_type_id,<,101,title.series_years,<,1381,title.episode_nr,>,0#19344730
cast_info,movie_keyword,movie_info_idx,movie_companies,title#title.id=cast_info.movie_id,title.id=movie_keyword.movie_id,title.id=movie_info_idx.movie_id,title.id=movie_companies.movie_id#title.imdb_index,>,0,title.series_years,>,0,title.production_year,>,0,title.kind_id,>,1#337839
movie_keyword,movie_companies,movie_info_idx,movie_info,title#title.id=movie_keyword.movie_id,title.id=movie_companies.movie_id,title.id=movie_info_idx.movie_id,title.id=movie_info.movie_id#movie_keyword.keyword_id,<,37326,movie_info_idx.info_type_id,<,101,title.production_year,<,122,title.kind_id,=,1,title.imdb_index,=,0#6378377542
movie_keyword,movie_companies,movie_info_idx,movie_info,title#title.id=movie_keyword.movie_id,title.id=movie_companies.movie_id,title.id=movie_info_idx.movie_id,title.id=movie_info.movie_id#movie_info_idx.info_type_id,=,99,title.series_years,<,1374#4823722905
movie_info,movie_keyword,movie_companies,cast_info,title#title.id=movie_info.movie_id,title.id=movie_keyword.movie_id,title.id=movie_companies.movie_id,title.id=cast_info.movie_id#movie_keyword.keyword_id,>,178,title.phonetic_code,<,18274,title.episode_nr,>,0,title.series_years,>,0,title.production_year,<,117#13472
cast_info,movie_keyword,movie_info_idx,movie_info,title#title.id=cast_info.movie_id,title.id=movie_keyword.movie_id,title.id=movie_info_idx.movie_id,title.id=movie_info.movie_id#cast_info.nr_order,<,2000,title.season_nr,>,0#317261331
movie_info_idx,movie_companies,cast_info,movie_info,title#title.id=movie_info_idx.movie_id,title.id=movie_companies.movie_id,title.id=cast_info.movie_id,title.id=movie_info.movie_id#movie_info_idx.info_type_id,<,101,movie_companies.company_type_id,>,1,movie_info.info_type_id,<,98,title.phonetic_code,>,13876,title.episode_nr,<,2#526363064
movie_info,movie_companies,cast_info,movie_info_idx,title#title.id=movie_info.movie_id,title.id=movie_companies.movie_id,title.id=cast_info.movie_id,title.id=movie_info_idx.movie_id#movie_companies.company_type_id,>,1,title.production_year,>,121#860640905
cast_info,movie_companies,movie_info_idx,movie_keyword,title#title.id=cast_info.movie_id,title.id=movie_companies.movie_id,title.id=movie_info_idx.movie_id,title.id=movie_keyword.movie_id#cast_info.role_id,=,10,movie_info_idx.info_type_id,<,101,title.phonetic_code,>,0,title.episode_nr,<,223#2293896376
movie_info_idx,cast_info,movie_keyword,movie_info,title#title.id=movie_info_idx.movie_id,title.id=cast_info.movie_id,title.id=movie_keyword.movie_id,title.id=movie_info.movie_id#cast_info.role_id,=,10,movie_info.info_type_id,<,16,title.production_year,<,126,title.season_nr,>,1#71863071
cast_info,movie_keyword,movie_info,movie_companies,title#title.id=cast_info.movie_id,title.id=movie_keyword.movie_id,title.id=movie_info.movie_id,title.id=movie_companies.movie_id#movie_keyword.keyword_id,>,79,movie_companies.company_type_id,<,2,title.season_nr,>,0,title.series_years,>,0#13472
movie_info_idx,movie_info,movie_keyword,movie_companies,title#title.id=movie_info_idx.movie_id,title.id=movie_info.movie_id,title.id=movie_keyword.movie_id,title.id=movie_companies.movie_id#movie_info_idx.info_type_id,>,99,movie_companies.company_type_id,>,1,title.production_year,>,121,title.kind_id,>,1#16947206
movie_info,cast_info,movie_companies,movie_keyword,title#title.id=movie_info.movie_id,title.id=cast_info.movie_id,title.id=movie_companies.movie_id,title.id=movie_keyword.movie_id#movie_info.info_type_id,>,2,cast_info.nr_order,>,0,movie_keyword.keyword_id,>,905,title.season_nr,>,0#484738007
movie_info_idx,movie_companies,movie_info,movie_keyword,title#title.id=movie_info_idx.movie_id,title.id=movie_companies.movie_id,title.id=movie_info.movie_id,title.id=movie_keyword.movie_id#movie_info_idx.info_type_id,>,99,movie_info.info_type_id,<,16,movie_keyword.keyword_id,>,121,title.production_year,>,62#4075847164
movie_info,movie_info_idx,movie_companies,cast_info,title#title.id=movie_info.movie_id,title.id=movie_info_idx.movie_id,title.id=movie_companies.movie_id,title.id=cast_info.movie_id#movie_info.info_type_id,<,107,movie_companies.company_type_id,>,1,cast_info.role_id,<,8,title.imdb_index,=,0#1745949077
cast_info,movie_info_idx,movie_info,movie_keyword,title#title.id=cast_info.movie_id,title.id=movie_info_idx.movie_id,title.id=movie_info.movie_id,title.id=movie_keyword.movie_id#cast_info.role_id,=,1,movie_keyword.keyword_id,<,123018,title.production_year,<,39,title.kind_id,>,1#145329
movie_info,cast_info,movie_info_idx,movie_companies,title#title.id=movie_info.movie_id,title.id=cast_info.movie_id,title.id=movie_info_idx.movie_id,title.id=movie_companies.movie_id#movie_info.info_type_id,>,3,cast_info.nr_order,<,55,movie_companies.company_type_id,=,1,title.phonetic_code,<,12235#2641125654
movie_info,cast_info,movie_info_idx,movie_keyword,title#title.id=movie_info.movie_id,title.id=cast_info.movie_id,title.id=movie_info_idx.movie_id,title.id=movie_keyword.movie_id#movie_info_idx.info_type_id,<,101,movie_keyword.keyword_id,>,847,title.episode_nr,>,0,title.phonetic_code,>,14155#157132256
movie_info_idx,movie_keyword,movie_companies,cast_info,title#title.id=movie_info_idx.movie_id,title.id=movie_keyword.movie_id,title.id=movie_companies.movie_id,title.id=cast_info.movie_id#movie_keyword.keyword_id,>,117,movie_companies.company_type_id,>,1,title.season_nr,=,5,title.episode_nr,<,19,title.production_year,<,123#3122835
movie_info_idx,movie_companies,movie_info,movie_keyword,title#title.id=movie_info_idx.movie_id,title.id=movie_companies.movie_id,title.id=movie_info.movie_id,title.id=movie_keyword.movie_id#movie_info_idx.info_type_id,>,99,movie_keyword.keyword_id,<,3244,title.imdb_index,=,0#3741766942
movie_companies,cast_info,movie_keyword,movie_info_idx,title#title.id=movie_companies.movie_id,title.id=cast_info.movie_id,title.id=movie_keyword.movie_id,title.id=movie_info_idx.movie_id#movie_companies.company_type_id,<,2,movie_keyword.keyword_id,>,43,title.imdb_index,>,0,title.phonetic_code,>,3013#165985218
movie_info,movie_info_idx,cast_info,movie_keyword,title#title.id=movie_info.movie_id,title.id=movie_info_idx.movie_id,title.id=cast_info.movie_id,title.id=movie_keyword.movie_id#movie_info.info_type_id,<,47,title.episode_nr,>,0#758931627
movie_info_idx,movie_keyword,cast_info,movie_info,title#title.id=movie_info_idx.movie_id,title.id=movie_keyword.movie_id,title.id=cast_info.movie_id,title.id=movie_info.movie_id#movie_info_idx.info_type_id,<,101,movie_keyword.keyword_id,>,1,cast_info.nr_order,<,6,title.phonetic_code,<,4679,title.imdb_index,>,0,title.series_years,>,0#12468
movie_companies,movie_keyword,movie_info_idx,cast_info,title#title.id=movie_companies.movie_id,title.id=movie_keyword.movie_id,title.id=movie_info_idx.movie_id,title.id=cast_info.movie_id#movie_companies.company_type_id,=,1,movie_keyword.keyword_id,>,405,cast_info.role_id,=,1,title.season_nr,<,1,title.kind_id,<,7#2303321650
cast_info,movie_keyword,movie_companies,movie_info_idx,title#title.id=cast_info.movie_id,title.id=movie_keyword.movie_id,title.id=movie_companies.movie_id,title.id=movie_info_idx.movie_id#movie_info_idx.info_type_id,>,99,title.season_nr,=,0#6204030105
cast_info,movie_info,movie_keyword,movie_companies,title#title.id=cast_info.movie_id,title.id=movie_info.movie_id,title.id=movie_keyword.movie_id,title.id=movie_companies.movie_id#cast_info.role_id,=,3,movie_info.info_type_id,<,8,movie_companies.company_type_id,<,2,title.episode_nr,>,22#1081017
cast_info,movie_info,movie_info_idx,movie_keyword,title#title.id=cast_info.movie_id,title.id=movie_info.movie_id,title.id=movie_info_idx.movie_id,title.id=movie_keyword.movie_id#cast_info.nr_order,<,48,movie_info.info_type_id,<,98,movie_info_idx.info_type_id,<,101,title.phonetic_code,<,17315,title.production_year,<,125,title.kind_id,>,1,title.episode_nr,<,115#516191182
movie_info_idx,movie_keyword,movie_info,cast_info,title#title.id=movie_info_idx.movie_id,title.id=movie_keyword.movie_id,title.id=movie_info.movie_id,title.id=cast_info.movie_id#movie_info.info_type_id,>,1,title.episode_nr,>,0,title.production_year,<,124,title.imdb_index,<,2#591136359
cast_info,movie_info,movie_companies,movie_info_idx,title#title.id=cast_info.movie_id,title.id=movie_info.movie_id,title.id=movie_companies.movie_id,title.id=movie_info_idx.movie_id#cast_info.nr_order,>,1,movie_info.info_type_id,<,16,movie_info_idx.info_type_id,=,101,title.phonetic_code,<,1382,title.production_year,>,121#16518807
movie_info,movie_keyword,cast_info,movie_info_idx,title#title.id=movie_info.movie_id,title.id=movie_keyword.movie_id,title.id=cast_info.movie_id,title.id=movie_info_idx.movie_id#movie_keyword.keyword_id,<,59724,cast_info.role_id,>,1,movie_info_idx.info_type_id,=,100,title.phonetic_code,>,5565,title.kind_id,=,7,title.imdb_index,=,0#128554258
movie_keyword,movie_info,movie_info_idx,cast_info,title#title.id=movie_keyword.movie_id,title.id=movie_info.movie_id,title.id=movie_info_idx.movie_id,title.id=cast_info.movie_id#movie_keyword.keyword_id,>,3,cast_info.nr_order,>,1,title.episode_nr,>,0#273335874
movie_info,movie_keyword,movie_info_idx,movie_companies,title#title.id=movie_info.movie_id,title.id=movie_keyword.movie_id,title.id=movie_info_idx.movie_id,title.id=movie_companies.movie_id#movie_info_idx.info_type_id,>,99,title.season_nr,>,0#57030744
movie_companies,movie_info,cast_info,movie_keyword,title#title.id=movie_companies.movie_id,title.id=movie_info.movie_id,title.id=cast_info.movie_id,title.id=movie_keyword.movie_id#movie_companies.company_type_id,>,1,movie_info.info_type_id,<,98,cast_info.nr_order,<,12,title.season_nr,<,6,title.imdb_index,>,0#183429286
movie_info_idx,movie_info,cast_info,movie_keyword,title#title.id=movie_info_idx.movie_id,title.id=movie_info.movie_id,title.id=cast_info.movie_id,title.id=movie_keyword.movie_id#cast_info.nr_order,<,54,title.kind_id,>,2,title.production_year,<,127#963587604
movie_companies,cast_info,movie_keyword,movie_info_idx,title#title.id=movie_companies.movie_id,title.id=cast_info.movie_id,title.id=movie_keyword.movie_id,title.id=movie_info_idx.movie_id#movie_companies.company_type_id,<,2,movie_keyword.keyword_id,<,83296,title.kind_id,>,4#171018213
movie_keyword,cast_info,movie_info_idx,movie_info,title#title.id=movie_keyword.movie_id,title.id=cast_info.movie_id,title.id=movie_info_idx.movie_id,title.id=movie_info.movie_id#movie_info_idx.info_type_id,<,101,movie_info.info_type_id,>,2,title.production_year,>,111,title.imdb_index,>,0,title.kind_id,>,1,title.phonetic_code,>,2267#1467026
movie_info,movie_keyword,movie_info_idx,cast_info,title#title.id=movie_info.movie_id,title.id=movie_keyword.movie_id,title.id=movie_info_idx.movie_id,title.id=cast_info.movie_id#movie_info.info_type_id,<,106,movie_keyword.keyword_id,>,384,movie_info_idx.info_type_id,<,101,cast_info.role_id,=,1,title.phonetic_code,<,5373#4266665230
movie_keyword,movie_companies,cast_info,movie_info_idx,title#title.id=movie_keyword.movie_id,title.id=movie_companies.movie_id,title.id=cast_info.movie_id,title.id=movie_info_idx.movie_id#movie_keyword.keyword_id,>,137,title.series_years,>,0#51791478
movie_keyword,cast_info,movie_info_idx,movie_companies,title#title.id=movie_keyword.movie_id,title.id=cast_info.movie_id,title.id=movie_info_idx.movie_id,title.id=movie_companies.movie_id#movie_keyword.keyword_id,>,261,cast_info.role_id,>,1,movie_companies.company_type_id,>,1,title.episode_nr,>,0,title.production_year,<,52#20613
cast_info,movie_companies,movie_info_idx,movie_keyword,title#title.id=cast_info.movie_id,title.id=movie_companies.movie_id,title.id=movie_info_idx.movie_id,title.id=movie_keyword.movie_id#movie_keyword.keyword_id,>,1662,title.production_year,>,116,title.series_years,>,0,title.phonetic_code,<,20554#10028793
movie_companies,movie_info,movie_keyword,movie_info_idx,title#title.id=movie_companies.movie_id,title.id=movie_info.movie_id,title.id=movie_keyword.movie_id,title.id=movie_info_idx.movie_id#movie_info.info_type_id,<,18,movie_info_idx.info_type_id,>,99,title.kind_id,=,1,title.season_nr,=,0#6612175382
movie_info_idx,movie_info,movie_keyword,cast_info,title#title.id=movie_info_idx.movie_id,title.id=movie_info.movie_id,title.id=movie_keyword.movie_id,title.id=cast_info.movie_id#movie_info_idx.info_type_id,>,99,title.phonetic_code,>,0,title.episode_nr,>,0#536309530
movie_info,movie_keyword,cast_info,movie_info_idx,title#title.id=movie_info.movie_id,title.id=movie_keyword.movie_id,title.id=cast_info.movie_id,title.id=movie_info_idx.movie_id#movie_keyword.keyword_id,>,137,title.production_year,<,64,title.phonetic_code,>,5436#1826989662
movie_info,cast_info,movie_keyword,movie_companies,title#title.id=movie_info.movie_id,title.id=cast_info.movie_id,title.id=movie_keyword.movie_id,title.id=movie_companies.movie_id#movie_info.info_type_id,<,18,movie_keyword.keyword_id,>,554,title.phonetic_code,<,12248,title.season_nr,>,0#823341237
cast_info,movie_info_idx,movie_keyword,movie_info,title#title.id=cast_info.movie_id,title.id=movie_info_idx.movie_id,title.id=movie_keyword.movie_id,title.id=movie_info.movie_id#cast_info.nr_order,<,100,movie_info.info_type_id,<,98,title.season_nr,=,0,title.phonetic_code,<,4721,title.series_years,>,0#12063558
cast_info,movie_companies,movie_info,movie_keyword,title#title.id=cast_info.movie_id,title.id=movie_companies.movie_id,title.id=movie_info.movie_id,title.id=movie_keyword.movie_id#title.season_nr,<,5,title.production_year,<,127,title.imdb_index,>,0#17750868071
movie_info,movie_companies,movie_keyword,movie_info_idx,title#title.id=movie_info.movie_id,title.id=movie_companies.movie_id,title.id=movie_keyword.movie_id,title.id=movie_info_idx.movie_id#movie_keyword.keyword_id,<,95719,movie_info_idx.info_type_id,>,99,title.production_year,<,122#7953621762
movie_keyword,cast_info,movie_info,movie_info_idx,title#title.id=movie_keyword.movie_id,title.id=cast_info.movie_id,title.id=movie_info.movie_id,title.id=movie_info_idx.movie_id#movie_keyword.keyword_id,>,249,cast_info.role_id,=,10,movie_info.info_type_id,<,107,movie_info_idx.info_type_id,=,99,title.season_nr,>,0,title.phonetic_code,>,8312#37556980
cast_info,movie_keyword,movie_companies,movie_info_idx,title#title.id=cast_info.movie_id,title.id=movie_keyword.movie_id,title.id=movie_companies.movie_id,title.id=movie_info_idx.movie_id#cast_info.role_id,>,1,movie_companies.company_type_id,=,1,title.season_nr,>,0#102505077
movie_info_idx,movie_keyword,movie_companies,cast_info,title#title.id=movie_info_idx.movie_id,title.id=movie_keyword.movie_id,title.id=movie_companies.movie_id,title.id=cast_info.movie_id#movie_info_idx.info_type_id,<,101,movie_companies.company_type_id,=,1,title.kind_id,>,2,title.imdb_index,=,0#217264516
cast_info,movie_info,movie_info_idx,movie_companies,title#title.id=cast_info.movie_id,title.id=movie_info.movie_id,title.id=movie_info_idx.movie_id,title.id=movie_companies.movie_id#movie_info_idx.info_type_id,=,99,title.production_year,>,76,title.phonetic_code,<,10818,title.imdb_index,>,0#64045703
movie_info_idx,movie_companies,cast_info,movie_info,title#title.id=movie_info_idx.movie_id,title.id=movie_companies.movie_id,title.id=cast_info.movie_id,title.id=movie_info.movie_id#movie_info_idx.info_type_id,<,101,movie_companies.company_type_id,=,1,movie_info.info_type_id,<,98,title.kind_id,=,1,title.production_year,>,108#4927486180
movie_companies,movie_info,movie_keyword,movie_info_idx,title#title.id=movie_companies.movie_id,title.id=movie_info.movie_id,title.id=movie_keyword.movie_id,title.id=movie_info_idx.movie_id#movie_keyword.keyword_id,<,71804,movie_info_idx.info_type_id,>,99,title.season_nr,=,0,title.production_year,>,93#8066096910
movie_info,movie_info_idx,cast_info,movie_companies,title#title.id=movie_info.movie_id,title.id=movie_info_idx.movie_id,title.id=cast_info.movie_id,title.id=movie_companies.movie_id#movie_info.info_type_id,>,2,title.episode_nr,>,0,title.phonetic_code,>,0,title.season_nr,=,1#201265593
movie_info_idx,cast_info,movie_companies,movie_info,title#title.id=movie_info_idx.movie_id,title.id=cast_info.movie_id,title.id=movie_companies.movie_id,title.id=movie_info.movie_id#movie_info.info_type_id,>,1,title.episode_nr,>,0,title.phonetic_code,>,2062,title.production_year,<,126#473253774
movie_info,movie_companies,movie_info_idx,cast_info,title#title.id=movie_info.movie_id,title.id=movie_companies.movie_id,title.id=movie_info_idx.movie_id,title.id=cast_info.movie_id#movie_info.info_type_id,<,106,movie_info_idx.info_type_id,=,100,cast_info.nr_order,>,0,title.phonetic_code,>,11419,title.kind_id,>,1,title.imdb_index,=,0,title.season_nr,>,0#33586145
movie_info_idx,cast_info,movie_companies,movie_keyword,title#title.id=movie_info_idx.movie_id,title.id=cast_info.movie_id,title.id=movie_companies.movie_id,title.id=movie_keyword.movie_id#cast_info.role_id,<,10,movie_companies.company_type_id,<,2,title.kind_id,<,7#4544998524
movie_info,movie_keyword,cast_info,movie_info_idx,title#title.id=movie_info.movie_id,title.id=movie_keyword.movie_id,title.id=cast_info.movie_id,title.id=movie_info_idx.movie_id#movie_keyword.keyword_id,>,117,movie_info_idx.info_type_id,<,101,title.episode_nr,>,0,title.production_year,>,95#481377818
movie_info,movie_info_idx,cast_info,movie_companies,title#title.id=movie_info.movie_id,title.id=movie_info_idx.movie_id,title.id=cast_info.movie_id,title.id=movie_companies.movie_id#movie_info_idx.info_type_id,<,101,title.kind_id,=,1#10481645372
movie_info,cast_info,movie_companies,movie_keyword,title#title.id=movie_info.movie_id,title.id=cast_info.movie_id,title.id=movie_companies.movie_id,title.id=movie_keyword.movie_id#cast_info.role_id,=,4,title.season_nr,=,1,title.production_year,>,36#45656736
movie_info,movie_keyword,movie_companies,cast_info,title#title.id=movie_info.movie_id,title.id=movie_keyword.movie_id,title.id=movie_companies.movie_id,title.id=cast_info.movie_id#movie_info.info_type_id,>,7,title.season_nr,=,1,title.phonetic_code,<,14682,title.series_years,>,0#6468
movie_keyword,cast_info,movie_info_idx,movie_info,title#title.id=movie_keyword.movie_id,title.id=cast_info.movie_id,title.id=movie_info_idx.movie_id,title.id=movie_info.movie_id#movie_keyword.keyword_id,>,36,movie_info_idx.info_type_id,=,101,movie_info.info_type_id,<,107,title.kind_id,>,1#1010003383
cast_info,movie_companies,movie_info_idx,movie_keyword,title#title.id=cast_info.movie_id,title.id=movie_companies.movie_id,title.id=movie_info_idx.movie_id,title.id=movie_keyword.movie_id#cast_info.nr_order,<,24,movie_companies.company_type_id,<,2,title.episode_nr,>,0,title.season_nr,=,1,title.phonetic_code,<,17229#16888494
movie_info_idx,movie_info,cast_info,movie_keyword,title#title.id=movie_info_idx.movie_id,title.id=movie_info.movie_id,title.id=cast_info.movie_id,title.id=movie_keyword.movie_id#cast_info.nr_order,<,34,movie_keyword.keyword_id,<,45771,title.phonetic_code,<,12227#10613445627
movie_info_idx,movie_companies,movie_keyword,cast_info,title#title.id=movie_info_idx.movie_id,title.id=movie_companies.movie_id,title.id=movie_keyword.movie_id,title.id=cast_info.movie_id#movie_companies.company_type_id,<,2,cast_info.nr_order,<,49,title.production_year,>,101#1778211874
movie_companies,movie_keyword,movie_info_idx,cast_info,title#title.id=movie_companies.movie_id,title.id=movie_keyword.movie_id,title.id=movie_info_idx.movie_id,title.id=cast_info.movie_id#movie_keyword.keyword_id,>,2199,title.season_nr,=,0,title.production_year,<,125,title.kind_id,=,1,title.phonetic_code,<,22167#5537875183
movie_companies,movie_keyword,movie_info_idx,movie_info,title#title.id=movie_companies.movie_id,title.id=movie_keyword.movie_id,title.id=movie_info_idx.movie_id,title.id=movie_info.movie_id#title.production_year,<,124,title.season_nr,=,0,title.kind_id,<,7,title.series_years,>,0#231842496
movie_info_idx,movie_companies,movie_info,movie_keyword,title#title.id=movie_info_idx.movie_id,title.id=movie_companies.movie_id,title.id=movie_info.movie_id,title.id=movie_keyword.movie_id#movie_info_idx.info_type_id,<,101,movie_companies.company_type_id,=,2,movie_info.info_type_id,<,18,title.production_year,>,89#917226450
cast_info,movie_info,movie_keyword,movie_companies,title#title.id=cast_info.movie_id,title.id=movie_info.movie_id,title.id=movie_keyword.movie_id,title.id=movie_companies.movie_id#movie_companies.company_type_id,<,2,title.season_nr,=,1#590225684
cast_info,movie_info_idx,movie_companies,movie_info,title#title.id=cast_info.movie_id,title.id=movie_info_idx.movie_id,title.id=movie_companies.movie_id,title.id=movie_info.movie_id#movie_info_idx.info_type_id,=,101,movie_companies.company_type_id,>,1,title.episode_nr,>,0#88684031
movie_keyword,cast_info,movie_info,movie_companies,title#title.id=movie_keyword.movie_id,title.id=cast_info.movie_id,title.id=movie_info.movie_id,title.id=movie_companies.movie_id#movie_keyword.keyword_id,<,51965,cast_info.nr_order,<,9,movie_info.info_type_id,<,16,title.production_year,>,103#13523229965
movie_info_idx,movie_companies,movie_info,cast_info,title#title.id=movie_info_idx.movie_id,title.id=movie_companies.movie_id,title.id=movie_info.movie_id,title.id=cast_info.movie_id#movie_info_idx.info_type_id,>,99,movie_info.info_type_id,<,18,title.imdb_index,>,0,title.kind_id,>,2,title.season_nr,=,0#999676
movie_info_idx,movie_companies,movie_info,movie_keyword,title#title.id=movie_info_idx.movie_id,title.id=movie_companies.movie_id,title.id=movie_info.movie_id,title.id=movie_keyword.movie_id#movie_companies.company_type_id,<,2,title.kind_id,<,7#12786045514
movie_info_idx,cast_info,movie_info,movie_companies,title#title.id=movie_info_idx.movie_id,title.id=cast_info.movie_id,title.id=movie_info.movie_id,title.id=movie_companies.movie_id#movie_companies.company_type_id,>,1,title.imdb_index,>,0,title.phonetic_code,>,14340#28060062
movie_keyword,movie_info_idx,cast_info,movie_info,title#title.id=movie_keyword.movie_id,title.id=movie_info_idx.movie_id,title.id=cast_info.movie_id,title.id=movie_info.movie_id#cast_info.role_id,<,10,title.production_year,>,125#1620865537
movie_companies,movie_info_idx,cast_info,movie_keyword,title#title.id=movie_companies.movie_id,title.id=movie_info_idx.movie_id,title.id=cast_info.movie_id,title.id=movie_keyword.movie_id#movie_info_idx.info_type_id,>,99,movie_keyword.keyword_id,>,382,title.imdb_index,>,0,title.season_nr,=,0,title.series_years,>,0#187080
movie_companies,movie_keyword,movie_info,movie_info_idx,title#title.id=movie_companies.movie_id,title.id=movie_keyword.movie_id,title.id=movie_info.movie_id,title.id=movie_info_idx.movie_id#movie_keyword.keyword_id,>,398,movie_info.info_type_id,>,13,title.season_nr,=,0#9771148198
movie_keyword,movie_companies,movie_info,movie_info_idx,title#title.id=movie_keyword.movie_id,title.id=movie_companies.movie_id,title.id=movie_info.movie_id,title.id=movie_info_idx.movie_id#movie_keyword.keyword_id,>,643,movie_companies.company_type_id,=,1,movie_info.info_type_id,<,98,title.series_years,>,0,title.production_year,<,74,title.phonetic_code,<,11352#1020342
cast_info,movie_info_idx,movie_companies,movie_keyword,title#title.id=cast_info.movie_id,title.id=movie_info_idx.movie_id,title.id=movie_companies.movie_id,title.id=movie_keyword.movie_id#movie_keyword.keyword_id,<,85044,title.phonetic_code,>,5737,title.imdb_index,>,0#164494143
movie_keyword,movie_info,movie_info_idx,cast_info,title#title.id=movie_keyword.movie_id,title.id=movie_info.movie_id,title.id=movie_info_idx.movie_id,title.id=cast_info.movie_id#movie_info_idx.info_type_id,>,99,title.episode_nr,>,7,title.production_year,>,124,title.kind_id,=,7#32615602
cast_info,movie_keyword,movie_companies,movie_info_idx,title#title.id=cast_info.movie_id,title.id=movie_keyword.movie_id,title.id=movie_companies.movie_id,title.id=movie_info_idx.movie_id#cast_info.nr_order,<,5000,movie_companies.company_type_id,>,1,movie_info_idx.info_type_id,<,101,title.phonetic_code,<,11348,title.episode_nr,>,0#12382204
movie_info,movie_companies,movie_keyword,cast_info,title#title.id=movie_info.movie_id,title.id=movie_companies.movie_id,title.id=movie_keyword.movie_id,title.id=cast_info.movie_id#movie_info.info_type_id,<,98,title.kind_id,=,7#1632466925
cast_info,movie_companies,movie_info,movie_keyword,title#title.id=cast_info.movie_id,title.id=movie_companies.movie_id,title.id=movie_info.movie_id,title.id=movie_keyword.movie_id#cast_info.nr_order,<,24,movie_companies.company_type_id,<,2,title.phonetic_code,<,3935,title.series_years,>,0#20828141
movie_keyword,movie_companies,movie_info,cast_info,title#title.id=movie_keyword.movie_id,title.id=movie_companies.movie_id,title.id=movie_info.movie_id,title.id=cast_info.movie_id#movie_keyword.keyword_id,<,57362,cast_info.role_id,>,2,title.kind_id,>,1,title.series_years,>,0,title.phonetic_code,>,1289#1278599945
movie_info_idx,movie_info,cast_info,movie_companies,title#title.id=movie_info_idx.movie_id,title.id=movie_info.movie_id,title.id=cast_info.movie_id,title.id=movie_companies.movie_id#movie_info.info_type_id,<,107,title.season_nr,>,0,title.kind_id,=,7#633392826
movie_info,movie_keyword,movie_companies,cast_info,title#title.id=movie_info.movie_id,title.id=movie_keyword.movie_id,title.id=movie_companies.movie_id,title.id=cast_info.movie_id#movie_info.info_type_id,>,4,title.phonetic_code,>,7793,title.production_year,>,125,title.season_nr,<,1,title.kind_id,<,7#10901434550
movie_keyword,movie_info,cast_info,movie_info_idx,title#title.id=movie_keyword.movie_id,title.id=movie_info.movie_id,title.id=cast_info.movie_id,title.id=movie_info_idx.movie_id#movie_keyword.keyword_id,<,75656,cast_info.nr_order,<,44,movie_info_idx.info_type_id,=,99,title.imdb_index,=,0,title.season_nr,=,0,title.kind_id,=,1,title.phonetic_code,<,4372#1781732967
movie_companies,movie_info_idx,movie_keyword,movie_info,title#title.id=movie_companies.movie_id,title.id=movie_info_idx.movie_id,title.id=movie_keyword.movie_id,title.id=movie_info.movie_id#movie_keyword.keyword_id,>,335,movie_info.info_type_id,<,8,title.phonetic_code,>,16951,title.production_year,<,108#155976497
movie_info,movie_keyword,cast_info,movie_info_idx,title#title.id=movie_info.movie_id,title.id=movie_keyword.movie_id,title.id=cast_info.movie_id,title.id=movie_info_idx.movie_id#title.episode_nr,>,0,title.season_nr,<,8#740831133
movie_info_idx,movie_companies,movie_keyword,cast_info,title#title.id=movie_info_idx.movie_id,title.id=movie_companies.movie_id,title.id=movie_keyword.movie_id,title.id=cast_info.movie_id#movie_info_idx.info_type_id,=,99,title.production_year,>,77#2841704448
cast_info,movie_keyword,movie_info,movie_info_idx,title#title.id=cast_info.movie_id,title.id=movie_keyword.movie_id,title.id=movie_info.movie_id,title.id=movie_info_idx.movie_id#movie_info_idx.info_type_id,<,101,title.episode_nr,>,7#248968224
movie_info,movie_companies,movie_info_idx,cast_info,title#title.id=movie_info.movie_id,title.id=movie_companies.movie_id,title.id=movie_info_idx.movie_id,title.id=cast_info.movie_id#movie_companies.company_type_id,<,2,cast_info.role_id,>,1,title.kind_id,<,7,title.production_year,>,97#8436719701
movie_companies,movie_keyword,cast_info,movie_info,title#title.id=movie_companies.movie_id,title.id=movie_keyword.movie_id,title.id=cast_info.movie_id,title.id=movie_info.movie_id#movie_companies.company_type_id,=,1,movie_keyword.keyword_id,<,14528,cast_info.role_id,>,1,title.imdb_index,=,1#7549548540
movie_companies,movie_info_idx,cast_info,movie_keyword,title#title.id=movie_companies.movie_id,title.id=movie_info_idx.movie_id,title.id=cast_info.movie_id,title.id=movie_keyword.movie_id#movie_info_idx.info_type_id,>,99,cast_info.role_id,>,1,movie_keyword.keyword_id,<,117,title.episode_nr,<,22,title.production_year,<,74#4736967
movie_keyword,movie_info_idx,cast_info,movie_companies,title#title.id=movie_keyword.movie_id,title.id=movie_info_idx.movie_id,title.id=cast_info.movie_id,title.id=movie_companies.movie_id#movie_companies.company_type_id,<,2,title.production_year,>,114,title.kind_id,>,1#254412060
movie_info_idx,movie_keyword,movie_companies,movie_info,title#title.id=movie_info_idx.movie_id,title.id=movie_keyword.movie_id,title.id=movie_companies.movie_id,title.id=movie_info.movie_id#movie_info_idx.info_type_id,=,99,movie_keyword.keyword_id,<,2488,movie_companies.company_type_id,>,1,movie_info.info_type_id,>,2,title.season_nr,=,0,title.kind_id,>,1#12394503
movie_companies,movie_info,movie_keyword,cast_info,title#title.id=movie_companies.movie_id,title.id=movie_info.movie_id,title.id=movie_keyword.movie_id,title.id=cast_info.movie_id#movie_companies.company_type_id,>,1,movie_info.info_type_id,<,18,cast_info.role_id,=,1,title.imdb_index,>,0#534328982
movie_companies,movie_keyword,cast_info,movie_info_idx,title#title.id=movie_companies.movie_id,title.id=movie_keyword.movie_id,title.id=cast_info.movie_id,title.id=movie_info_idx.movie_id#title.imdb_index,>,0#287447823
movie_info,movie_info_idx,movie_companies,movie_keyword,title#title.id=movie_info.movie_id,title.id=movie_info_idx.movie_id,title.id=movie_companies.movie_id,title.id=movie_keyword.movie_id#movie_info.info_type_id,<,107,movie_info_idx.info_type_id,>,99,movie_keyword.keyword_id,>,70,title.season_nr,>,0#56081546
cast_info,movie_companies,movie_info_idx,movie_keyword,title#title.id=cast_info.movie_id,title.id=movie_companies.movie_id,title.id=movie_info_idx.movie_id,title.id=movie_keyword.movie_id#cast_info.nr_order,>,1,movie_keyword.keyword_id,>,3518,title.kind_id,<,2,title.series_years,<,1254,title.imdb_index,>,0#49777639
movie_companies,cast_info,movie_keyword,movie_info,title#title.id=movie_companies.movie_id,title.id=cast_info.movie_id,title.id=movie_keyword.movie_id,title.id=movie_info.movie_id#movie_companies.company_type_id,<,2,cast_info.nr_order,>,1,title.series_years,>,0,title.production_year,>,107#28203550
movie_info_idx,cast_info,movie_info,movie_keyword,title#title.id=movie_info_idx.movie_id,title.id=cast_info.movie_id,title.id=movie_info.movie_id,title.id=movie_keyword.movie_id#movie_info_idx.info_type_id,=,100,cast_info.nr_order,>,1,movie_info.info_type_id,<,103,movie_keyword.keyword_id,>,18623,title.production_year,>,126,title.imdb_index,=,0#4059400
movie_keyword,movie_companies,movie_info,movie_info_idx,title#title.id=movie_keyword.movie_id,title.id=movie_companies.movie_id,title.id=movie_info.movie_id,title.id=movie_info_idx.movie_id#movie_keyword.keyword_id,<,96693,title.kind_id,>,4,title.imdb_index,>,0#194028
cast_info,movie_keyword,movie_info,movie_companies,title#title.id=cast_info.movie_id,title.id=movie_keyword.movie_id,title.id=movie_info.movie_id,title.id=movie_companies.movie_id#cast_info.nr_order,<,201,title.series_years,>,0#144247134
movie_info,movie_info_idx,cast_info,movie_keyword,title#title.id=movie_info.movie_id,title.id=movie_info_idx.movie_id,title.id=cast_info.movie_id,title.id=movie_keyword.movie_id#movie_info.info_type_id,<,18,title.imdb_index,=,0,title.season_nr,<,1,title.kind_id,<,7,title.production_year,<,95#6514256573
movie_info_idx,movie_info,cast_info,movie_companies,title#title.id=movie_info_idx.movie_id,title.id=movie_info.movie_id,title.id=cast_info.movie_id,title.id=movie_companies.movie_id#movie_info_idx.info_type_id,<,101,movie_companies.company_type_id,<,2,title.phonetic_code,<,6856,title.production_year,<,43#11036908
movie_info,movie_keyword,movie_info_idx,movie_companies,title#title.id=movie_info.movie_id,title.id=movie_keyword.movie_id,title.id=movie_info_idx.movie_id,title.id=movie_companies.movie_id#movie_keyword.keyword_id,<,62728,movie_info_idx.info_type_id,=,99,movie_companies.company_type_id,=,1,title.kind_id,>,1,title.production_year,>,104#86696378
cast_info,movie_companies,movie_info,movie_keyword,title#title.id=cast_info.movie_id,title.id=movie_companies.movie_id,title.id=movie_info.movie_id,title.id=movie_keyword.movie_id#movie_info.info_type_id,<,98,movie_keyword.keyword_id,>,126,title.kind_id,>,1,title.phonetic_code,>,11928,title.imdb_index,>,0#2698975
movie_keyword,movie_companies,cast_info,movie_info_idx,title#title.id=movie_keyword.movie_id,title.id=movie_companies.movie_id,title.id=cast_info.movie_id,title.id=movie_info_idx.movie_id#movie_keyword.keyword_id,<,111153,movie_companies.company_type_id,>,1,movie_info_idx.info_type_id,<,101,title.kind_id,=,1#1032126236
movie_companies,movie_info,movie_info_idx,cast_info,title#title.id=movie_companies.movie_id,title.id=movie_info.movie_id,title.id=movie_info_idx.movie_id,title.id=cast_info.movie_id#movie_companies.company_type_id,=,2,movie_info.info_type_id,>,3,movie_info_idx.info_type_id,>,99,cast_info.nr_order,>,1,title.production_year,>,118#270195983
movie_keyword,movie_info,movie_info_idx,cast_info,title#title.id=movie_keyword.movie_id,title.id=movie_info.movie_id,title.id=movie_info_idx.movie_id,title.id=cast_info.movie_id#movie_keyword.keyword_id,<,57921,cast_info.nr_order,<,29,title.imdb_index,>,0#324056846
movie_info_idx,movie_info,movie_companies,cast_info,title#title.id=movie_info_idx.movie_id,title.id=movie_info.movie_id,title.id=movie_companies.movie_id,title.id=cast_info.movie_id#movie_info_idx.info_type_id,<,101,movie_info.info_type_id,<,16,title.imdb_index,=,0,title.series_years,>,0#81649578
movie_keyword,movie_info_idx,movie_info,movie_companies,title#title.id=movie_keyword.movie_id,title.id=movie_info_idx.movie_id,title.id=movie_info.movie_id,title.id=movie_companies.movie_id#movie_info_idx.info_type_id,>,99,movie_companies.company_type_id,<,2,title.production_year,<,112,title.imdb_index,>,0,title.phonetic_code,>,4904#3558568
movie_keyword,cast_info,movie_info,movie_companies,title#title.id=movie_keyword.movie_id,title.id=cast_info.movie_id,title.id=movie_info.movie_id,title.id=movie_companies.movie_id#movie_keyword.keyword_id,<,35436,cast_info.role_id,>,1,movie_info.info_type_id,<,105,title.phonetic_code,<,1645,title.series_years,>,0#252927514
movie_keyword,movie_info,cast_info,movie_info_idx,title#title.id=movie_keyword.movie_id,title.id=movie_info.movie_id,title.id=cast_info.movie_id,title.id=movie_info_idx.movie_id#cast_info.role_id,<,10,title.season_nr,>,0,title.production_year,<,83#34160301
movie_info,cast_info,movie_keyword,movie_companies,title#title.id=movie_info.movie_id,title.id=cast_info.movie_id,title.id=movie_keyword.movie_id,title.id=movie_companies.movie_id#movie_info.info_type_id,<,16,cast_info.role_id,=,2,title.season_nr,>,0,title.kind_id,>,1#132348765
movie_companies,cast_info,movie_keyword,movie_info_idx,title#title.id=movie_companies.movie_id,title.id=cast_info.movie_id,title.id=movie_keyword.movie_id,title.id=movie_info_idx.movie_id#movie_info_idx.info_type_id,>,99,title.phonetic_code,>,3957#4498474446
cast_info,movie_info_idx,movie_info,movie_keyword,title#title.id=cast_info.movie_id,title.id=movie_info_idx.movie_id,title.id=movie_info.movie_id,title.id=movie_keyword.movie_id#cast_info.nr_order,>,2,movie_info.info_type_id,>,2,movie_keyword.keyword_id,<,7641,title.season_nr,>,0,title.kind_id,>,3,title.phonetic_code,<,5563#45660975
movie_keyword,cast_info,movie_info_idx,movie_companies,title#title.id=movie_keyword.movie_id,title.id=cast_info.movie_id,title.id=movie_info_idx.movie_id,title.id=movie_companies.movie_id#movie_keyword.keyword_id,<,110730,title.episode_nr,>,0,title.kind_id,>,1#226355007
movie_keyword,movie_companies,cast_info,movie_info_idx,title#title.id=movie_keyword.movie_id,title.id=movie_companies.movie_id,title.id=cast_info.movie_id,title.id=movie_info_idx.movie_id#movie_companies.company_type_id,>,1,cast_info.nr_order,<,20,movie_info_idx.info_type_id,=,101,title.episode_nr,>,0,title.imdb_index,=,0#9102890
movie_keyword,movie_info,movie_companies,movie_info_idx,title#title.id=movie_keyword.movie_id,title.id=movie_info.movie_id,title.id=movie_companies.movie_id,title.id=movie_info_idx.movie_id#movie_keyword.keyword_id,<,100863,movie_info.info_type_id,<,18,movie_companies.company_type_id,=,2,movie_info_idx.info_type_id,>,99,title.kind_id,>,1#75177426
movie_keyword,movie_info_idx,cast_info,movie_companies,title#title.id=movie_keyword.movie_id,title.id=movie_info_idx.movie_id,title.id=cast_info.movie_id,title.id=movie_companies.movie_id#movie_keyword.keyword_id,>,317,cast_info.role_id,<,10,title.season_nr,=,0#5292836957
movie_info_idx,movie_keyword,movie_companies,cast_info,title#title.id=movie_info_idx.movie_id,title.id=movie_keyword.movie_id,title.id=movie_companies.movie_id,title.id=cast_info.movie_id#movie_keyword.keyword_id,<,72680,cast_info.nr_order,<,27,title.imdb_index,>,0,title.season_nr,<,1,title.phonetic_code,>,8987,title.series_years,>,0#4386
movie_info_idx,movie_keyword,movie_companies,movie_info,title#title.id=movie_info_idx.movie_id,title.id=movie_keyword.movie_id,title.id=movie_companies.movie_id,title.id=movie_info.movie_id#movie_info_idx.info_type_id,=,101,title.phonetic_code,<,20358,title.production_year,>,105#3320439519
movie_companies,movie_keyword,movie_info,movie_info_idx,title#title.id=movie_companies.movie_id,title.id=movie_keyword.movie_id,title.id=movie_info.movie_id,title.id=movie_info_idx.movie_id#movie_keyword.keyword_id,<,96617,title.season_nr,=,0,title.phonetic_code,<,15781,title.imdb_index,=,0#10426056669
movie_info_idx,movie_info,cast_info,movie_keyword,title#title.id=movie_info_idx.movie_id,title.id=movie_info.movie_id,title.id=cast_info.movie_id,title.id=movie_keyword.movie_id#movie_info.info_type_id,>,2,cast_info.role_id,<,9,movie_keyword.keyword_id,>,107,title.kind_id,>,1#1879817493
movie_companies,movie_info,movie_keyword,movie_info_idx,title#title.id=movie_companies.movie_id,title.id=movie_info.movie_id,title.id=movie_keyword.movie_id,title.id=movie_info_idx.movie_id#movie_info.info_type_id,>,2,title.imdb_index,>,0,title.phonetic_code,<,17607,title.kind_id,<,7,title.production_year,>,81#276456282
cast_info,movie_info,movie_info_idx,movie_companies,title#title.id=cast_info.movie_id,title.id=movie_info.movie_id,title.id=movie_info_idx.movie_id,title.id=movie_companies.movie_id#cast_info.nr_order,>,1,movie_info.info_type_id,>,16,title.imdb_index,=,0,title.season_nr,>,0,title.phonetic_code,>,0#33649932
movie_companies,cast_info,movie_info_idx,movie_keyword,title#title.id=movie_companies.movie_id,title.id=cast_info.movie_id,title.id=movie_info_idx.movie_id,title.id=movie_keyword.movie_id#movie_companies.company_type_id,>,1,cast_info.nr_order,>,1,title.episode_nr,<,1,title.season_nr,=,0#619679130
movie_info_idx,cast_info,movie_keyword,movie_info,title#title.id=movie_info_idx.movie_id,title.id=cast_info.movie_id,title.id=movie_keyword.movie_id,title.id=movie_info.movie_id#cast_info.nr_order,>,1,movie_info.info_type_id,>,2,title.production_year,>,117,title.phonetic_code,>,17752,title.series_years,>,0#355284
movie_keyword,movie_info,movie_companies,movie_info_idx,title#title.id=movie_keyword.movie_id,title.id=movie_info.movie_id,title.id=movie_companies.movie_id,title.id=movie_info_idx.movie_id#movie_keyword.keyword_id,>,335,movie_companies.company_type_id,>,1,title.phonetic_code,<,3157,title.season_nr,=,0,title.production_year,<,117#233039575
movie_companies,movie_info,cast_info,movie_info_idx,title#title.id=movie_companies.movie_id,title.id=movie_info.movie_id,title.id=cast_info.movie_id,title.id=movie_info_idx.movie_id#movie_companies.company_type_id,>,1,movie_info.info_type_id,<,97,cast_info.nr_order,<,17,title.phonetic_code,>,16735,title.production_year,>,118#37293812
movie_info_idx,cast_info,movie_companies,movie_keyword,title#title.id=movie_info_idx.movie_id,title.id=cast_info.movie_id,title.id=movie_companies.movie_id,title.id=movie_keyword.movie_id#movie_info_idx.info_type_id,>,99,title.production_year,<,120,title.series_years,>,0#33207788
movie_companies,cast_info,movie_info,movie_keyword,title#title.id=movie_companies.movie_id,title.id=cast_info.movie_id,title.id=movie_info.movie_id,title.id=movie_keyword.movie_id#movie_companies.company_type_id,>,1,movie_info.info_type_id,>,2,movie_keyword.keyword_id,<,6113,title.season_nr,>,2,title.episode_nr,<,13#81617167
movie_companies,movie_keyword,cast_info,movie_info_idx,title#title.id=movie_companies.movie_id,title.id=movie_keyword.movie_id,title.id=cast_info.movie_id,title.id=movie_info_idx.movie_id#movie_companies.company_type_id,<,2,movie_keyword.keyword_id,<,7938,title.season_nr,>,0,title.imdb_index,=,0,title.kind_id,>,1,title.episode_nr,>,0#78812088
movie_keyword,cast_info,movie_info,movie_companies,title#title.id=movie_keyword.movie_id,title.id=cast_info.movie_id,title.id=movie_info.movie_id,title.id=movie_companies.movie_id#movie_keyword.keyword_id,<,73421,movie_info.info_type_id,<,16,title.series_years,>,0,title.kind_id,>,4#8943
cast_info,movie_info,movie_keyword,movie_companies,title#title.id=cast_info.movie_id,title.id=movie_info.movie_id,title.id=movie_keyword.movie_id,title.id=movie_companies.movie_id#cast_info.nr_order,>,1,movie_info.info_type_id,<,16,movie_keyword.keyword_id,<,117,movie_companies.company_type_id,<,2,title.imdb_index,=,0,title.series_years,>,0,title.production_year,<,59#57
movie_companies,movie_info,movie_info_idx,movie_keyword,title#title.id=movie_companies.movie_id,title.id=movie_info.movie_id,title.id=movie_info_idx.movie_id,title.id=movie_keyword.movie_id#movie_companies.company_type_id,<,2,movie_info.info_type_id,>,1,title.imdb_index,=,0,title.phonetic_code,<,18117#11151310642
movie_keyword,movie_info_idx,cast_info,movie_info,title#title.id=movie_keyword.movie_id,title.id=movie_info_idx.movie_id,title.id=cast_info.movie_id,title.id=movie_info.movie_id#movie_keyword.keyword_id,<,39639,cast_info.role_id,<,10,movie_info.info_type_id,>,1,title.phonetic_code,<,17170,title.imdb_index,=,0,title.production_year,>,123,title.kind_id,=,1#3129850951
movie_info,movie_keyword,movie_companies,cast_info,title#title.id=movie_info.movie_id,title.id=movie_keyword.movie_id,title.id=movie_companies.movie_id,title.id=cast_info.movie_id#cast_info.role_id,=,3,title.kind_id,>,1,title.season_nr,=,0#380794927
cast_info,movie_info,movie_keyword,movie_info_idx,title#title.id=cast_info.movie_id,title.id=movie_info.movie_id,title.id=movie_keyword.movie_id,title.id=movie_info_idx.movie_id#cast_info.nr_order,<,23,title.season_nr,>,0#277748820
cast_info,movie_info,movie_info_idx,movie_companies,title#title.id=cast_info.movie_id,title.id=movie_info.movie_id,title.id=movie_info_idx.movie_id,title.id=movie_companies.movie_id#movie_info_idx.info_type_id,<,101,title.episode_nr,>,0#420875200
movie_companies,movie_keyword,movie_info,cast_info,title#title.id=movie_companies.movie_id,title.id=movie_keyword.movie_id,title.id=movie_info.movie_id,title.id=cast_info.movie_id#movie_companies.company_type_id,<,2,movie_keyword.keyword_id,>,47,cast_info.nr_order,>,23,title.series_years,<,897,title.kind_id,<,2,title.production_year,<,95,title.imdb_index,>,0#3256520
cast_info,movie_keyword,movie_companies,movie_info,title#title.id=cast_info.movie_id,title.id=movie_keyword.movie_id,title.id=movie_companies.movie_id,title.id=movie_info.movie_id#cast_info.role_id,<,10,title.production_year,<,126,title.imdb_index,>,0,title.season_nr,<,2,title.series_years,>,0#2014490
movie_companies,movie_info,cast_info,movie_keyword,title#title.id=movie_companies.movie_id,title.id=movie_info.movie_id,title.id=cast_info.movie_id,title.id=movie_keyword.movie_id#movie_keyword.keyword_id,<,98551,title.episode_nr,>,0,title.season_nr,>,0#1746329004
movie_keyword,movie_info,movie_info_idx,cast_info,title#title.id=movie_keyword.movie_id,title.id=movie_info.movie_id,title.id=movie_info_idx.movie_id,title.id=cast_info.movie_id#movie_info.info_type_id,<,17,title.series_years,>,0,title.kind_id,>,1,title.imdb_index,>,0#1008642
movie_info,movie_keyword,cast_info,movie_info_idx,title#title.id=movie_info.movie_id,title.id=movie_keyword.movie_id,title.id=cast_info.movie_id,title.id=movie_info_idx.movie_id#movie_info.info_type_id,>,3,cast_info.role_id,=,1,title.season_nr,>,0#198732432
movie_companies,cast_info,movie_info_idx,movie_info,title#title.id=movie_companies.movie_id,title.id=cast_info.movie_id,title.id=movie_info_idx.movie_id,title.id=movie_info.movie_id#movie_companies.company_type_id,=,2,movie_info_idx.info_type_id,<,101,title.phonetic_code,>,3902,title.production_year,>,114#966603136
movie_info,cast_info,movie_companies,movie_info_idx,title#title.id=movie_info.movie_id,title.id=cast_info.movie_id,title.id=movie_companies.movie_id,title.id=movie_info_idx.movie_id#movie_info.info_type_id,<,88,title.episode_nr,>,0#588000483
movie_info,movie_info_idx,movie_keyword,cast_info,title#title.id=movie_info.movie_id,title.id=movie_info_idx.movie_id,title.id=movie_keyword.movie_id,title.id=cast_info.movie_id#movie_info.info_type_id,<,106,movie_keyword.keyword_id,<,35239,cast_info.nr_order,>,1,title.production_year,<,124#17699579923
movie_keyword,movie_companies,movie_info,movie_info_idx,title#title.id=movie_keyword.movie_id,title.id=movie_companies.movie_id,title.id=movie_info.movie_id,title.id=movie_info_idx.movie_id#movie_companies.company_type_id,>,1,movie_info.info_type_id,<,16,title.phonetic_code,>,10327,title.imdb_index,=,0#468914870
movie_info,movie_info_idx,cast_info,movie_companies,title#title.id=movie_info.movie_id,title.id=movie_info_idx.movie_id,title.id=cast_info.movie_id,title.id=movie_companies.movie_id#movie_info.info_type_id,>,3,title.series_years,>,0,title.phonetic_code,<,18348,title.kind_id,<,7,title.production_year,>,78#135548574
movie_keyword,movie_info,movie_info_idx,movie_companies,title#title.id=movie_keyword.movie_id,title.id=movie_info.movie_id,title.id=movie_info_idx.movie_id,title.id=movie_companies.movie_id#movie_info.info_type_id,>,1,movie_companies.company_type_id,>,1,title.season_nr,=,0#2199449688
movie_info_idx,movie_info,movie_keyword,cast_info,title#title.id=movie_info_idx.movie_id,title.id=movie_info.movie_id,title.id=movie_keyword.movie_id,title.id=cast_info.movie_id#movie_info.info_type_id,<,110,title.kind_id,=,7#831980136
movie_info_idx,movie_info,movie_keyword,cast_info,title#title.id=movie_info_idx.movie_id,title.id=movie_info.movie_id,title.id=movie_keyword.movie_id,title.id=cast_info.movie_id#movie_info_idx.info_type_id,=,99,movie_info.info_type_id,<,16,movie_keyword.keyword_id,>,55,title.series_years,>,0#76116434
movie_info,cast_info,movie_companies,movie_info_idx,title#title.id=movie_info.movie_id,title.id=cast_info.movie_id,title.id=movie_companies.movie_id,title.id=movie_info_idx.movie_id#movie_info.info_type_id,>,2,movie_info_idx.info_type_id,=,100,title.season_nr,>,0#190250197
movie_keyword,movie_companies,movie_info,cast_info,title#title.id=movie_keyword.movie_id,title.id=movie_companies.movie_id,title.id=movie_info.movie_id,title.id=cast_info.movie_id#movie_keyword.keyword_id,>,186,movie_info.info_type_id,<,64,cast_info.nr_order,>,1,title.season_nr,>,0,title.production_year,<,71#4392499
movie_companies,movie_keyword,cast_info,movie_info,title#title.id=movie_companies.movie_id,title.id=movie_keyword.movie_id,title.id=cast_info.movie_id,title.id=movie_info.movie_id#movie_info.info_type_id,>,2,title.episode_nr,>,3,title.production_year,>,106#906681803
movie_info_idx,movie_keyword,movie_info,movie_companies,title#title.id=movie_info_idx.movie_id,title.id=movie_keyword.movie_id,title.id=movie_info.movie_id,title.id=movie_companies.movie_id#movie_info_idx.info_type_id,>,99,title.season_nr,>,0#57030744
movie_info,cast_info,movie_companies,movie_info_idx,title#title.id=movie_info.movie_id,title.id=cast_info.movie_id,title.id=movie_companies.movie_id,title.id=movie_info_idx.movie_id#movie_info.info_type_id,<,18,movie_companies.company_type_id,=,2,title.production_year,>,70,title.series_years,>,0#48412152
movie_companies,movie_keyword,movie_info,movie_info_idx,title#title.id=movie_companies.movie_id,title.id=movie_keyword.movie_id,title.id=movie_info.movie_id,title.id=movie_info_idx.movie_id#movie_companies.company_type_id,<,2,movie_info.info_type_id,<,16,title.season_nr,=,0#5395732734
cast_info,movie_keyword,movie_companies,movie_info_idx,title#title.id=cast_info.movie_id,title.id=movie_keyword.movie_id,title.id=movie_companies.movie_id,title.id=movie_info_idx.movie_id#cast_info.role_id,>,1,movie_info_idx.info_type_id,<,101,title.kind_id,>,1#268810910
movie_keyword,movie_companies,cast_info,movie_info_idx,title#title.id=movie_keyword.movie_id,title.id=movie_companies.movie_id,title.id=cast_info.movie_id,title.id=movie_info_idx.movie_id#movie_companies.company_type_id,>,1,title.phonetic_code,<,8936#848859852
movie_companies,movie_info_idx,movie_info,cast_info,title#title.id=movie_companies.movie_id,title.id=movie_info_idx.movie_id,title.id=movie_info.movie_id,title.id=cast_info.movie_id#movie_info_idx.info_type_id,>,99,movie_info.info_type_id,<,16,title.imdb_index,=,0#5101858110
movie_info,movie_companies,cast_info,movie_keyword,title#title.id=movie_info.movie_id,title.id=movie_companies.movie_id,title.id=cast_info.movie_id,title.id=movie_keyword.movie_id#movie_info.info_type_id,>,2,movie_companies.company_type_id,>,1,title.series_years,>,0#396539250
movie_info,cast_info,movie_companies,movie_keyword,title#title.id=movie_info.movie_id,title.id=cast_info.movie_id,title.id=movie_companies.movie_id,title.id=movie_keyword.movie_id#cast_info.role_id,=,9,title.phonetic_code,>,0,title.episode_nr,<,5,title.season_nr,>,0#13608790
movie_companies,movie_info_idx,movie_keyword,movie_info,title#title.id=movie_companies.movie_id,title.id=movie_info_idx.movie_id,title.id=movie_keyword.movie_id,title.id=movie_info.movie_id#movie_info_idx.info_type_id,<,101,title.phonetic_code,<,702#470481122
movie_info,movie_keyword,movie_info_idx,movie_companies,title#title.id=movie_info.movie_id,title.id=movie_keyword.movie_id,title.id=movie_info_idx.movie_id,title.id=movie_companies.movie_id#movie_info.info_type_id,>,1,movie_info_idx.info_type_id,>,99,title.series_years,>,0,title.imdb_index,=,0,title.phonetic_code,>,17315#23271794
cast_info,movie_keyword,movie_info_idx,movie_companies,title#title.id=cast_info.movie_id,title.id=movie_keyword.movie_id,title.id=movie_info_idx.movie_id,title.id=movie_companies.movie_id#cast_info.nr_order,<,6000,movie_keyword.keyword_id,<,33790,movie_info_idx.info_type_id,>,99,title.season_nr,<,3,title.kind_id,=,7#31738654
movie_info_idx,cast_info,movie_companies,movie_keyword,title#title.id=movie_info_idx.movie_id,title.id=cast_info.movie_id,title.id=movie_companies.movie_id,title.id=movie_keyword.movie_id#movie_info_idx.info_type_id,>,99,movie_companies.company_type_id,<,2,title.kind_id,>,1#242690618
movie_info_idx,movie_companies,movie_keyword,cast_info,title#title.id=movie_info_idx.movie_id,title.id=movie_companies.movie_id,title.id=movie_keyword.movie_id,title.id=cast_info.movie_id#movie_companies.company_type_id,=,2,cast_info.nr_order,>,5,title.season_nr,=,0,title.phonetic_code,<,15200,title.imdb_index,>,0#10355070
cast_info,movie_info,movie_companies,movie_keyword,title#title.id=cast_info.movie_id,title.id=movie_info.movie_id,title.id=movie_companies.movie_id,title.id=movie_keyword.movie_id#cast_info.nr_order,>,1,movie_info.info_type_id,>,1,movie_keyword.keyword_id,>,1,title.phonetic_code,>,17745,title.series_years,>,172#4506264
movie_info,movie_keyword,cast_info,movie_companies,title#title.id=movie_info.movie_id,title.id=movie_keyword.movie_id,title.id=cast_info.movie_id,title.id=movie_companies.movie_id#movie_keyword.keyword_id,<,16109,movie_companies.company_type_id,>,1,title.season_nr,=,0,title.production_year,<,114,title.kind_id,>,2,title.imdb_index,>,0#1013197
cast_info,movie_info_idx,movie_companies,movie_info,title#title.id=cast_info.movie_id,title.id=movie_info_idx.movie_id,title.id=movie_companies.movie_id,title.id=movie_info.movie_id#cast_info.nr_order,<,22,title.season_nr,=,1,title.imdb_index,=,0#75957063
cast_info,movie_info_idx,movie_companies,movie_keyword,title#title.id=cast_info.movie_id,title.id=movie_info_idx.movie_id,title.id=movie_companies.movie_id,title.id=movie_keyword.movie_id#cast_info.role_id,>,1,title.production_year,>,86#5862663842
movie_companies,movie_info_idx,movie_keyword,cast_info,title#title.id=movie_companies.movie_id,title.id=movie_info_idx.movie_id,title.id=movie_keyword.movie_id,title.id=cast_info.movie_id#title.production_year,<,125,title.phonetic_code,<,16013#6407206354
movie_companies,movie_info,movie_info_idx,movie_keyword,title#title.id=movie_companies.movie_id,title.id=movie_info.movie_id,title.id=movie_info_idx.movie_id,title.id=movie_keyword.movie_id#movie_companies.company_type_id,>,1,movie_info.info_type_id,>,1,title.season_nr,>,0,title.kind_id,>,1,title.episode_nr,>,0#29606949
movie_keyword,cast_info,movie_info,movie_info_idx,title#title.id=movie_keyword.movie_id,title.id=cast_info.movie_id,title.id=movie_info.movie_id,title.id=movie_info_idx.movie_id#cast_info.nr_order,<,30,movie_info_idx.info_type_id,>,99,title.season_nr,=,8,title.phonetic_code,>,16517#1051992
movie_companies,movie_info_idx,movie_info,movie_keyword,title#title.id=movie_companies.movie_id,title.id=movie_info_idx.movie_id,title.id=movie_info.movie_id,title.id=movie_keyword.movie_id#movie_keyword.keyword_id,<,59537,title.season_nr,=,0,title.imdb_index,=,0,title.phonetic_code,>,2689,title.production_year,>,125#239034120
movie_info_idx,cast_info,movie_info,movie_keyword,title#title.id=movie_info_idx.movie_id,title.id=cast_info.movie_id,title.id=movie_info.movie_id,title.id=movie_keyword.movie_id#title.imdb_index,>,0,title.phonetic_code,>,0#1737295731
movie_info_idx,movie_keyword,movie_companies,cast_info,title#title.id=movie_info_idx.movie_id,title.id=movie_keyword.movie_id,title.id=movie_companies.movie_id,title.id=cast_info.movie_id#movie_info_idx.info_type_id,<,101,movie_keyword.keyword_id,>,2974,title.kind_id,<,7,title.production_year,>,89#3351322818
movie_info_idx,movie_companies,movie_info,movie_keyword,title#title.id=movie_info_idx.movie_id,title.id=movie_companies.movie_id,title.id=movie_info.movie_id,title.id=movie_keyword.movie_id#movie_info_idx.info_type_id,=,100,movie_companies.company_type_id,<,2,title.production_year,<,127,title.season_nr,=,0,title.series_years,<,652,title.kind_id,=,1#3966756108
movie_info_idx,movie_companies,movie_keyword,cast_info,title#title.id=movie_info_idx.movie_id,title.id=movie_companies.movie_id,title.id=movie_keyword.movie_id,title.id=cast_info.movie_id#cast_info.role_id,>,1,title.season_nr,>,0#170314749
movie_info,cast_info,movie_companies,movie_info_idx,title#title.id=movie_info.movie_id,title.id=cast_info.movie_id,title.id=movie_companies.movie_id,title.id=movie_info_idx.movie_id#movie_info.info_type_id,<,106,title.season_nr,>,0#633132801
cast_info,movie_info,movie_keyword,movie_info_idx,title#title.id=cast_info.movie_id,title.id=movie_info.movie_id,title.id=movie_keyword.movie_id,title.id=movie_info_idx.movie_id#movie_keyword.keyword_id,<,86560,title.kind_id,>,1,title.season_nr,=,1#331531632
movie_keyword,cast_info,movie_info,movie_info_idx,title#title.id=movie_keyword.movie_id,title.id=cast_info.movie_id,title.id=movie_info.movie_id,title.id=movie_info_idx.movie_id#cast_info.nr_order,>,1,movie_info.info_type_id,>,16,title.imdb_index,=,0,title.episode_nr,>,18#5128527
movie_info,movie_companies,movie_info_idx,cast_info,title#title.id=movie_info.movie_id,title.id=movie_companies.movie_id,title.id=movie_info_idx.movie_id,title.id=cast_info.movie_id#movie_info.info_type_id,>,2,title.episode_nr,>,0#568568961
movie_companies,cast_info,movie_keyword,movie_info,title#title.id=movie_companies.movie_id,title.id=cast_info.movie_id,title.id=movie_keyword.movie_id,title.id=movie_info.movie_id#movie_companies.company_type_id,>,1,movie_keyword.keyword_id,<,75103,title.production_year,>,99,title.season_nr,>,0#578447057
movie_info,movie_keyword,movie_companies,movie_info_idx,title#title.id=movie_info.movie_id,title.id=movie_keyword.movie_id,title.id=movie_companies.movie_id,title.id=movie_info_idx.movie_id#movie_info.info_type_id,<,106,title.kind_id,=,7#85632837
movie_info,movie_keyword,movie_companies,cast_info,title#title.id=movie_info.movie_id,title.id=movie_keyword.movie_id,title.id=movie_companies.movie_id,title.id=cast_info.movie_id#movie_info.info_type_id,>,2,movie_companies.company_type_id,=,2,cast_info.nr_order,<,3000,title.episode_nr,<,93,title.production_year,>,125#948843775
movie_keyword,movie_info_idx,movie_companies,movie_info,title#title.id=movie_keyword.movie_id,title.id=movie_info_idx.movie_id,title.id=movie_companies.movie_id,title.id=movie_info.movie_id#movie_keyword.keyword_id,<,82125,movie_companies.company_type_id,=,1,title.imdb_index,=,0,title.phonetic_code,>,6355,title.episode_nr,<,10,title.production_year,>,92#6346286041
movie_keyword,movie_info,movie_companies,movie_info_idx,title#title.id=movie_keyword.movie_id,title.id=movie_info.movie_id,title.id=movie_companies.movie_id,title.id=movie_info_idx.movie_id#movie_keyword.keyword_id,>,571,movie_info.info_type_id,>,1,title.production_year,<,115,title.phonetic_code,>,6279#3864047853
movie_info_idx,movie_info,movie_companies,movie_keyword,title#title.id=movie_info_idx.movie_id,title.id=movie_info.movie_id,title.id=movie_companies.movie_id,title.id=movie_keyword.movie_id#movie_info.info_type_id,>,2,movie_companies.company_type_id,=,2,title.kind_id,>,1,title.season_nr,<,19#124472373
movie_info,movie_companies,movie_keyword,cast_info,title#title.id=movie_info.movie_id,title.id=movie_companies.movie_id,title.id=movie_keyword.movie_id,title.id=cast_info.movie_id#movie_info.info_type_id,>,1,movie_keyword.keyword_id,>,7219,cast_info.role_id,<,10,title.episode_nr,>,2,title.season_nr,<,6,title.kind_id,=,7,title.production_year,<,87#24396650
movie_info,movie_keyword,movie_info_idx,cast_info,title#title.id=movie_info.movie_id,title.id=movie_keyword.movie_id,title.id=movie_info_idx.movie_id,title.id=cast_info.movie_id#movie_info.info_type_id,>,1,movie_keyword.keyword_id,<,117,cast_info.nr_order,>,1,title.kind_id,=,7#6178458
cast_info,movie_keyword,movie_companies,movie_info_idx,title#title.id=cast_info.movie_id,title.id=movie_keyword.movie_id,title.id=movie_companies.movie_id,title.id=movie_info_idx.movie_id#cast_info.nr_order,>,2,movie_keyword.keyword_id,>,370,movie_companies.company_type_id,<,2,title.phonetic_code,<,11962,title.episode_nr,<,193,title.kind_id,>,1,title.season_nr,=,1#9926736
movie_info_idx,cast_info,movie_keyword,movie_companies,title#title.id=movie_info_idx.movie_id,title.id=cast_info.movie_id,title.id=movie_keyword.movie_id,title.id=movie_companies.movie_id#movie_info_idx.info_type_id,=,99,title.production_year,<,126,title.imdb_index,<,2,title.episode_nr,>,0#70203929
movie_info,movie_companies,movie_info_idx,cast_info,title#title.id=movie_info.movie_id,title.id=movie_companies.movie_id,title.id=movie_info_idx.movie_id,title.id=cast_info.movie_id#movie_info.info_type_id,>,2,movie_companies.company_type_id,<,2,cast_info.role_id,<,10,title.season_nr,=,0#7976669028
movie_companies,movie_info,cast_info,movie_info_idx,title#title.id=movie_companies.movie_id,title.id=movie_info.movie_id,title.id=cast_info.movie_id,title.id=movie_info_idx.movie_id#cast_info.role_id,>,1,title.production_year,<,125#10632486623
movie_info_idx,movie_companies,movie_info,cast_info,title#title.id=movie_info_idx.movie_id,title.id=movie_companies.movie_id,title.id=movie_info.movie_id,title.id=cast_info.movie_id#movie_info_idx.info_type_id,<,101,movie_info.info_type_id,<,18,cast_info.role_id,>,1,title.kind_id,>,1#511467880
cast_info,movie_keyword,movie_companies,movie_info,title#title.id=cast_info.movie_id,title.id=movie_keyword.movie_id,title.id=movie_companies.movie_id,title.id=movie_info.movie_id#cast_info.nr_order,>,1,movie_keyword.keyword_id,>,229,movie_info.info_type_id,>,1,title.imdb_index,=,0,title.episode_nr,>,0,title.production_year,>,48,title.season_nr,>,0#519558850
movie_keyword,movie_info,cast_info,movie_info_idx,title#title.id=movie_keyword.movie_id,title.id=movie_info.movie_id,title.id=cast_info.movie_id,title.id=movie_info_idx.movie_id#movie_info.info_type_id,<,105,cast_info.role_id,<,10,title.kind_id,=,2,title.production_year,>,82#174996456
cast_info,movie_keyword,movie_info,movie_info_idx,title#title.id=cast_info.movie_id,title.id=movie_keyword.movie_id,title.id=movie_info.movie_id,title.id=movie_info_idx.movie_id#movie_info_idx.info_type_id,=,99,title.season_nr,=,5,title.production_year,<,117,title.phonetic_code,>,16915,title.episode_nr,>,8#538612
cast_info,movie_info_idx,movie_info,movie_keyword,title#title.id=cast_info.movie_id,title.id=movie_info_idx.movie_id,title.id=movie_info.movie_id,title.id=movie_keyword.movie_id#cast_info.nr_order,<,28,movie_info.info_type_id,<,16,title.series_years,>,0#24452838
movie_keyword,movie_info_idx,movie_companies,movie_info,title#title.id=movie_keyword.movie_id,title.id=movie_info_idx.movie_id,title.id=movie_companies.movie_id,title.id=movie_info.movie_id#title.production_year,>,86#13270534765
movie_info,movie_companies,movie_keyword,movie_info_idx,title#title.id=movie_info.movie_id,title.id=movie_companies.movie_id,title.id=movie_keyword.movie_id,title.id=movie_info_idx.movie_id#movie_info_idx.info_type_id,=,101,title.phonetic_code,>,20505,title.kind_id,=,7#1336946
movie_info,movie_keyword,cast_info,movie_companies,title#title.id=movie_info.movie_id,title.id=movie_keyword.movie_id,title.id=cast_info.movie_id,title.id=movie_companies.movie_id#movie_info.info_type_id,>,2,cast_info.nr_order,<,36,title.kind_id,=,7#562351873
movie_info,movie_keyword,movie_companies,cast_info,title#title.id=movie_info.movie_id,title.id=movie_keyword.movie_id,title.id=movie_companies.movie_id,title.id=cast_info.movie_id#movie_companies.company_type_id,>,1,title.imdb_index,>,0#2776540478
movie_info,movie_info_idx,movie_companies,cast_info,title#title.id=movie_info.movie_id,title.id=movie_info_idx.movie_id,title.id=movie_companies.movie_id,title.id=cast_info.movie_id#movie_info_idx.info_type_id,<,101,cast_info.role_id,<,10,title.phonetic_code,<,15014,title.production_year,>,89,title.series_years,>,0#33294012
movie_info_idx,movie_keyword,cast_info,movie_companies,title#title.id=movie_info_idx.movie_id,title.id=movie_keyword.movie_id,title.id=cast_info.movie_id,title.id=movie_companies.movie_id#movie_keyword.keyword_id,<,86162,title.phonetic_code,>,11519,title.season_nr,<,4,title.imdb_index,=,0#3665405915
cast_info,movie_companies,movie_info,movie_info_idx,title#title.id=cast_info.movie_id,title.id=movie_companies.movie_id,title.id=movie_info.movie_id,title.id=movie_info_idx.movie_id#cast_info.nr_order,>,0,title.phonetic_code,>,1538,title.series_years,<,1403#5410087966
movie_companies,movie_info_idx,movie_keyword,movie_info,title#title.id=movie_companies.movie_id,title.id=movie_info_idx.movie_id,title.id=movie_keyword.movie_id,title.id=movie_info.movie_id#movie_companies.company_type_id,>,1,movie_keyword.keyword_id,<,121697,title.production_year,<,111,title.phonetic_code,<,2038,title.season_nr,<,1#89875077
movie_info,movie_keyword,movie_companies,cast_info,title#title.id=movie_info.movie_id,title.id=movie_keyword.movie_id,title.id=movie_companies.movie_id,title.id=cast_info.movie_id#movie_info.info_type_id,<,16,cast_info.role_id,<,2,title.phonetic_code,>,0,title.series_years,>,0#168268307
movie_info_idx,movie_keyword,movie_companies,cast_info,title#title.id=movie_info_idx.movie_id,title.id=movie_keyword.movie_id,title.id=movie_companies.movie_id,title.id=cast_info.movie_id#movie_companies.company_type_id,>,1,title.episode_nr,<,168,title.season_nr,<,44,title.production_year,<,127,title.phonetic_code,>,0#1785304196
movie_info_idx,movie_info,movie_companies,movie_keyword,title#title.id=movie_info_idx.movie_id,title.id=movie_info.movie_id,title.id=movie_companies.movie_id,title.id=movie_keyword.movie_id#movie_info.info_type_id,>,2,title.episode_nr,<,12#14835137993
cast_info,movie_keyword,movie_companies,movie_info_idx,title#title.id=cast_info.movie_id,title.id=movie_keyword.movie_id,title.id=movie_companies.movie_id,title.id=movie_info_idx.movie_id#cast_info.role_id,=,8,movie_info_idx.info_type_id,<,101,title.phonetic_code,<,2401,title.season_nr,<,2,title.kind_id,=,7,title.production_year,<,127#221134
movie_companies,cast_info,movie_info,movie_keyword,title#title.id=movie_companies.movie_id,title.id=cast_info.movie_id,title.id=movie_info.movie_id,title.id=movie_keyword.movie_id#cast_info.role_id,=,3,title.episode_nr,<,92,title.phonetic_code,<,2992,title.production_year,<,125,title.kind_id,=,7#52776450
movie_info_idx,cast_info,movie_keyword,movie_companies,title#title.id=movie_info_idx.movie_id,title.id=cast_info.movie_id,title.id=movie_keyword.movie_id,title.id=movie_companies.movie_id#cast_info.role_id,=,1,title.season_nr,>,0,title.phonetic_code,<,19763,title.episode_nr,<,30#53061819
movie_info_idx,movie_info,cast_info,movie_companies,title#title.id=movie_info_idx.movie_id,title.id=movie_info.movie_id,title.id=cast_info.movie_id,title.id=movie_companies.movie_id#cast_info.role_id,<,10,movie_companies.company_type_id,=,2,title.episode_nr,>,6#117643368
movie_companies,movie_keyword,movie_info,movie_info_idx,title#title.id=movie_companies.movie_id,title.id=movie_keyword.movie_id,title.id=movie_info.movie_id,title.id=movie_info_idx.movie_id#movie_companies.company_type_id,=,2,movie_info.info_type_id,>,1,movie_info_idx.info_type_id,<,101,title.season_nr,>,0,title.production_year,>,120,title.series_years,<,1366#9737826
movie_info,movie_companies,movie_keyword,movie_info_idx,title#title.id=movie_info.movie_id,title.id=movie_companies.movie_id,title.id=movie_keyword.movie_id,title.id=movie_info_idx.movie_id#movie_keyword.keyword_id,<,76476,title.phonetic_code,<,16779#11412400068
movie_info,cast_info,movie_keyword,movie_companies,title#title.id=movie_info.movie_id,title.id=cast_info.movie_id,title.id=movie_keyword.movie_id,title.id=movie_companies.movie_id#cast_info.nr_order,<,33,title.phonetic_code,>,0,title.production_year,>,0,title.episode_nr,>,6#263276174
movie_info,movie_companies,cast_info,movie_info_idx,title#title.id=movie_info.movie_id,title.id=movie_companies.movie_id,title.id=cast_info.movie_id,title.id=movie_info_idx.movie_id#movie_companies.company_type_id,<,2,cast_info.nr_order,>,1,movie_info_idx.info_type_id,<,101,title.phonetic_code,<,7333#1322480274
movie_info,movie_companies,movie_keyword,movie_info_idx,title#title.id=movie_info.movie_id,title.id=movie_companies.movie_id,title.id=movie_keyword.movie_id,title.id=movie_info_idx.movie_id#title.kind_id,=,7#85956579
cast_info,movie_companies,movie_info,movie_info_idx,title#title.id=cast_info.movie_id,title.id=movie_companies.movie_id,title.id=movie_info.movie_id,title.id=movie_info_idx.movie_id#cast_info.role_id,=,1,movie_info_idx.info_type_id,=,101,title.production_year,>,106#1261655364
movie_info_idx,movie_companies,cast_info,movie_keyword,title#title.id=movie_info_idx.movie_id,title.id=movie_companies.movie_id,title.id=cast_info.movie_id,title.id=movie_keyword.movie_id#movie_companies.company_type_id,<,2,cast_info.nr_order,>,0,title.series_years,<,1296#2724940057
cast_info,movie_info_idx,movie_keyword,movie_companies,title#title.id=cast_info.movie_id,title.id=movie_info_idx.movie_id,title.id=movie_keyword.movie_id,title.id=movie_companies.movie_id#cast_info.nr_order,<,37,movie_info_idx.info_type_id,>,99,title.production_year,>,123#199611055
cast_info,movie_info_idx,movie_info,movie_keyword,title#title.id=cast_info.movie_id,title.id=movie_info_idx.movie_id,title.id=movie_info.movie_id,title.id=movie_keyword.movie_id#movie_info.info_type_id,>,1,title.kind_id,>,1,title.production_year,>,33,title.imdb_index,>,0#7717128
movie_info_idx,movie_companies,movie_info,cast_info,title#title.id=movie_info_idx.movie_id,title.id=movie_companies.movie_id,title.id=movie_info.movie_id,title.id=cast_info.movie_id#movie_companies.company_type_id,=,2,movie_info.info_type_id,>,2,cast_info.role_id,=,1,title.kind_id,>,4,title.episode_nr,>,0,title.production_year,>,114#36683919
movie_info,movie_info_idx,movie_companies,movie_keyword,title#title.id=movie_info.movie_id,title.id=movie_info_idx.movie_id,title.id=movie_companies.movie_id,title.id=movie_keyword.movie_id#movie_info_idx.info_type_id,>,99,movie_companies.company_type_id,<,2,title.series_years,<,1374,title.season_nr,=,0,title.phonetic_code,<,16661#6728825829
movie_companies,cast_info,movie_keyword,movie_info,title#title.id=movie_companies.movie_id,title.id=cast_info.movie_id,title.id=movie_keyword.movie_id,title.id=movie_info.movie_id#movie_keyword.keyword_id,<,19968,movie_info.info_type_id,<,15,title.season_nr,=,0,title.imdb_index,>,0#4331963563
movie_companies,movie_info_idx,movie_keyword,cast_info,title#title.id=movie_companies.movie_id,title.id=movie_info_idx.movie_id,title.id=movie_keyword.movie_id,title.id=cast_info.movie_id#movie_companies.company_type_id,=,1,title.series_years,>,0,title.kind_id,>,1,title.production_year,>,70,title.phonetic_code,<,19375#34109733
movie_info,movie_keyword,movie_companies,cast_info,title#title.id=movie_info.movie_id,title.id=movie_keyword.movie_id,title.id=movie_companies.movie_id,title.id=cast_info.movie_id#movie_info.info_type_id,<,16,movie_companies.company_type_id,>,1,cast_info.role_id,=,1,title.episode_nr,>,0#94904757
movie_companies,movie_info,cast_info,movie_info_idx,title#title.id=movie_companies.movie_id,title.id=movie_info.movie_id,title.id=cast_info.movie_id,title.id=movie_info_idx.movie_id#movie_companies.company_type_id,>,1,title.season_nr,<,3#3009550732
movie_companies,cast_info,movie_keyword,movie_info_idx,title#title.id=movie_companies.movie_id,title.id=cast_info.movie_id,title.id=movie_keyword.movie_id,title.id=movie_info_idx.movie_id#movie_companies.company_type_id,<,2,title.production_year,<,125,title.season_nr,=,0#6831956880
movie_companies,movie_info_idx,cast_info,movie_keyword,title#title.id=movie_companies.movie_id,title.id=movie_info_idx.movie_id,title.id=cast_info.movie_id,title.id=movie_keyword.movie_id#title.kind_id,=,3#158656308
movie_info,movie_keyword,movie_info_idx,cast_info,title#title.id=movie_info.movie_id,title.id=movie_keyword.movie_id,title.id=movie_info_idx.movie_id,title.id=cast_info.movie_id#movie_keyword.keyword_id,>,117,title.episode_nr,>,0,title.production_year,<,110#156651219
movie_info,movie_info_idx,movie_keyword,movie_companies,title#title.id=movie_info.movie_id,title.id=movie_info_idx.movie_id,title.id=movie_keyword.movie_id,title.id=movie_companies.movie_id#movie_companies.company_type_id,<,2,title.production_year,<,103,title.imdb_index,=,0,title.season_nr,>,0,title.phonetic_code,>,1853#6470781
cast_info,movie_info,movie_companies,movie_keyword,title#title.id=cast_info.movie_id,title.id=movie_info.movie_id,title.id=movie_companies.movie_id,title.id=movie_keyword.movie_id#movie_info.info_type_id,<,98,title.production_year,<,122,title.series_years,>,0,title.phonetic_code,<,3952#600634793
movie_companies,movie_info_idx,movie_info,movie_keyword,title#title.id=movie_companies.movie_id,title.id=movie_info_idx.movie_id,title.id=movie_info.movie_id,title.id=movie_keyword.movie_id#movie_companies.company_type_id,>,1,title.phonetic_code,>,0,title.episode_nr,>,0,title.imdb_index,=,0,title.kind_id,>,1#30452688
movie_info_idx,movie_info,movie_companies,movie_keyword,title#title.id=movie_info_idx.movie_id,title.id=movie_info.movie_id,title.id=movie_companies.movie_id,title.id=movie_keyword.movie_id#movie_info_idx.info_type_id,<,101,movie_info.info_type_id,<,98,movie_companies.company_type_id,>,1,movie_keyword.keyword_id,>,229,title.episode_nr,>,0,title.production_year,<,122,title.phonetic_code,<,14088#7008558
movie_keyword,movie_info,movie_info_idx,movie_companies,title#title.id=movie_keyword.movie_id,title.id=movie_info.movie_id,title.id=movie_info_idx.movie_id,title.id=movie_companies.movie_id#movie_keyword.keyword_id,>,224,movie_info.info_type_id,<,110,movie_info_idx.info_type_id,<,101,title.phonetic_code,<,1407#936418328
movie_keyword,movie_companies,movie_info,cast_info,title#title.id=movie_keyword.movie_id,title.id=movie_companies.movie_id,title.id=movie_info.movie_id,title.id=cast_info.movie_id#movie_keyword.keyword_id,>,56,movie_companies.company_type_id,=,1,movie_info.info_type_id,<,96,title.series_years,>,0,title.production_year,>,65#1408619494
movie_info_idx,cast_info,movie_info,movie_companies,title#title.id=movie_info_idx.movie_id,title.id=cast_info.movie_id,title.id=movie_info.movie_id,title.id=movie_companies.movie_id#movie_info_idx.info_type_id,=,101,movie_info.info_type_id,<,98,title.phonetic_code,>,11781,title.season_nr,>,0#83151865
movie_info_idx,movie_keyword,cast_info,movie_info,title#title.id=movie_info_idx.movie_id,title.id=movie_keyword.movie_id,title.id=cast_info.movie_id,title.id=movie_info.movie_id#movie_info_idx.info_type_id,>,99,cast_info.role_id,=,1,movie_info.info_type_id,>,1,title.series_years,<,710,title.production_year,<,86,title.phonetic_code,<,8132,title.kind_id,<,2#1100469265
movie_info_idx,cast_info,movie_keyword,movie_info,title#title.id=movie_info_idx.movie_id,title.id=cast_info.movie_id,title.id=movie_keyword.movie_id,title.id=movie_info.movie_id#movie_info_idx.info_type_id,>,99,movie_info.info_type_id,<,8,title.phonetic_code,>,16855#1939299578
movie_info,movie_info_idx,movie_keyword,cast_info,title#title.id=movie_info.movie_id,title.id=movie_info_idx.movie_id,title.id=movie_keyword.movie_id,title.id=cast_info.movie_id#movie_info.info_type_id,<,16,title.phonetic_code,>,16973,title.episode_nr,>,0#82237167
movie_info,cast_info,movie_info_idx,movie_keyword,title#title.id=movie_info.movie_id,title.id=cast_info.movie_id,title.id=movie_info_idx.movie_id,title.id=movie_keyword.movie_id#movie_info_idx.info_type_id,<,100,title.episode_nr,>,0#273903694
cast_info,movie_keyword,movie_companies,movie_info_idx,title#title.id=cast_info.movie_id,title.id=movie_keyword.movie_id,title.id=movie_companies.movie_id,title.id=movie_info_idx.movie_id#movie_companies.company_type_id,>,1,title.phonetic_code,>,0,title.season_nr,<,4,title.kind_id,=,3#63212538
movie_info,movie_keyword,movie_info_idx,cast_info,title#title.id=movie_info.movie_id,title.id=movie_keyword.movie_id,title.id=movie_info_idx.movie_id,title.id=cast_info.movie_id#movie_info.info_type_id,>,1,cast_info.nr_order,<,22,title.production_year,>,97,title.phonetic_code,<,5253#3304014942
cast_info,movie_companies,movie_info_idx,movie_keyword,title#title.id=cast_info.movie_id,title.id=movie_companies.movie_id,title.id=movie_info_idx.movie_id,title.id=movie_keyword.movie_id#movie_companies.company_type_id,=,2,movie_keyword.keyword_id,>,1531,title.series_years,>,0,title.phonetic_code,<,6770,title.production_year,<,102#881703
movie_companies,movie_info_idx,movie_info,cast_info,title#title.id=movie_companies.movie_id,title.id=movie_info_idx.movie_id,title.id=movie_info.movie_id,title.id=cast_info.movie_id#movie_companies.company_type_id,=,2,movie_info.info_type_id,>,3,cast_info.nr_order,<,14,title.phonetic_code,<,3948#117931064
movie_companies,movie_keyword,movie_info,movie_info_idx,title#title.id=movie_companies.movie_id,title.id=movie_keyword.movie_id,title.id=movie_info.movie_id,title.id=movie_info_idx.movie_id#movie_companies.company_type_id,=,1,title.production_year,>,31#12834479245
cast_info,movie_info_idx,movie_keyword,movie_companies,title#title.id=cast_info.movie_id,title.id=movie_info_idx.movie_id,title.id=movie_keyword.movie_id,title.id=movie_companies.movie_id#cast_info.nr_order,<,23,movie_keyword.keyword_id,<,75028,title.season_nr,>,0,title.episode_nr,>,0#72616035
movie_info_idx,movie_keyword,cast_info,movie_info,title#title.id=movie_info_idx.movie_id,title.id=movie_keyword.movie_id,title.id=cast_info.movie_id,title.id=movie_info.movie_id#movie_info_idx.info_type_id,<,101,cast_info.role_id,>,1,movie_info.info_type_id,<,18,title.phonetic_code,<,16704#18308298096
movie_info,movie_companies,cast_info,movie_keyword,title#title.id=movie_info.movie_id,title.id=movie_companies.movie_id,title.id=cast_info.movie_id,title.id=movie_keyword.movie_id#movie_info.info_type_id,>,2,movie_companies.company_type_id,=,2,cast_info.nr_order,<,1,movie_keyword.keyword_id,<,72501,title.imdb_index,>,0,title.phonetic_code,<,5341#5323721
movie_info_idx,cast_info,movie_keyword,movie_companies,title#title.id=movie_info_idx.movie_id,title.id=cast_info.movie_id,title.id=movie_keyword.movie_id,title.id=movie_companies.movie_id#movie_info_idx.info_type_id,=,101,cast_info.role_id,=,9,title.kind_id,>,1,title.season_nr,>,0#1554095
movie_keyword,cast_info,movie_info_idx,movie_info,title#title.id=movie_keyword.movie_id,title.id=cast_info.movie_id,title.id=movie_info_idx.movie_id,title.id=movie_info.movie_id#cast_info.nr_order,>,0,title.series_years,>,0#47277303
cast_info,movie_info,movie_info_idx,movie_keyword,title#title.id=cast_info.movie_id,title.id=movie_info.movie_id,title.id=movie_info_idx.movie_id,title.id=movie_keyword.movie_id#movie_info.info_type_id,>,5,movie_keyword.keyword_id,<,38683,title.phonetic_code,<,17040,title.season_nr,>,0#509455275
movie_info_idx,movie_keyword,cast_info,movie_companies,title#title.id=movie_info_idx.movie_id,title.id=movie_keyword.movie_id,title.id=cast_info.movie_id,title.id=movie_companies.movie_id#movie_keyword.keyword_id,>,3483,cast_info.role_id,<,6,title.production_year,<,111,title.phonetic_code,<,3906,title.kind_id,=,2#1390119
movie_info_idx,movie_info,cast_info,movie_keyword,title#title.id=movie_info_idx.movie_id,title.id=movie_info.movie_id,title.id=cast_info.movie_id,title.id=movie_keyword.movie_id#movie_info_idx.info_type_id,=,99,movie_info.info_type_id,<,8,cast_info.role_id,>,1,movie_keyword.keyword_id,<,13847,title.imdb_index,=,0#2184313938
movie_companies,movie_info,movie_info_idx,cast_info,title#title.id=movie_companies.movie_id,title.id=movie_info.movie_id,title.id=movie_info_idx.movie_id,title.id=cast_info.movie_id#cast_info.nr_order,<,33,title.season_nr,=,1,title.imdb_index,=,0#82917906
movie_info,movie_companies,movie_keyword,cast_info,title#title.id=movie_info.movie_id,title.id=movie_companies.movie_id,title.id=movie_keyword.movie_id,title.id=cast_info.movie_id#movie_companies.company_type_id,<,2,cast_info.role_id,<,9,title.imdb_index,=,0,title.season_nr,>,0,title.series_years,>,0#13893
movie_info,movie_companies,cast_info,movie_info_idx,title#title.id=movie_info.movie_id,title.id=movie_companies.movie_id,title.id=cast_info.movie_id,title.id=movie_info_idx.movie_id#title.production_year,<,125,title.imdb_index,>,0#306628221
movie_keyword,movie_info,cast_info,movie_companies,title#title.id=movie_keyword.movie_id,title.id=movie_info.movie_id,title.id=cast_info.movie_id,title.id=movie_companies.movie_id#movie_keyword.keyword_id,<,27539,movie_companies.company_type_id,<,2,title.phonetic_code,<,16815,title.season_nr,=,0,title.imdb_index,>,6#208546
movie_companies,cast_info,movie_info,movie_keyword,title#title.id=movie_companies.movie_id,title.id=cast_info.movie_id,title.id=movie_info.movie_id,title.id=movie_keyword.movie_id#movie_companies.company_type_id,>,1,movie_info.info_type_id,>,1,title.kind_id,<,7,title.production_year,<,73#1713742749
cast_info,movie_info,movie_info_idx,movie_companies,title#title.id=cast_info.movie_id,title.id=movie_info.movie_id,title.id=movie_info_idx.movie_id,title.id=movie_companies.movie_id#cast_info.role_id,>,1,movie_info.info_type_id,>,1,title.season_nr,<,8#11640337056
movie_info_idx,cast_info,movie_info,movie_keyword,title#title.id=movie_info_idx.movie_id,title.id=cast_info.movie_id,title.id=movie_info.movie_id,title.id=movie_keyword.movie_id#cast_info.role_id,>,1,title.kind_id,=,7,title.production_year,<,126,title.imdb_index,=,0#580845657
cast_info,movie_keyword,movie_info_idx,movie_info,title#title.id=cast_info.movie_id,title.id=movie_keyword.movie_id,title.id=movie_info_idx.movie_id,title.id=movie_info.movie_id#movie_keyword.keyword_id,>,117,movie_info_idx.info_type_id,=,101,title.season_nr,>,0#267794344
movie_info,movie_keyword,movie_info_idx,movie_companies,title#title.id=movie_info.movie_id,title.id=movie_keyword.movie_id,title.id=movie_info_idx.movie_id,title.id=movie_companies.movie_id#movie_info.info_type_id,>,2,movie_info_idx.info_type_id,>,99,title.episode_nr,>,0#51705106
movie_companies,cast_info,movie_info_idx,movie_info,title#title.id=movie_companies.movie_id,title.id=cast_info.movie_id,title.id=movie_info_idx.movie_id,title.id=movie_info.movie_id#movie_info_idx.info_type_id,=,100,title.phonetic_code,>,12252#2083690380
movie_keyword,movie_companies,movie_info,movie_info_idx,title#title.id=movie_keyword.movie_id,title.id=movie_companies.movie_id,title.id=movie_info.movie_id,title.id=movie_info_idx.movie_id#title.season_nr,<,4,title.episode_nr,>,0,title.phonetic_code,>,0#60398814
cast_info,movie_keyword,movie_info_idx,movie_companies,title#title.id=cast_info.movie_id,title.id=movie_keyword.movie_id,title.id=movie_info_idx.movie_id,title.id=movie_companies.movie_id#cast_info.role_id,=,2,title.production_year,>,0,title.episode_nr,>,0,title.phonetic_code,>,0#29187165
movie_info,movie_companies,cast_info,movie_keyword,title#title.id=movie_info.movie_id,title.id=movie_companies.movie_id,title.id=cast_info.movie_id,title.id=movie_keyword.movie_id#movie_companies.company_type_id,>,1,title.series_years,>,0#412635712
cast_info,movie_companies,movie_info,movie_keyword,title#title.id=cast_info.movie_id,title.id=movie_companies.movie_id,title.id=movie_info.movie_id,title.id=movie_keyword.movie_id#movie_info.info_type_id,>,2,title.kind_id,>,1,title.episode_nr,>,0,title.production_year,<,126#1520569971
movie_info_idx,cast_info,movie_companies,movie_info,title#title.id=movie_info_idx.movie_id,title.id=cast_info.movie_id,title.id=movie_companies.movie_id,title.id=movie_info.movie_id#movie_info.info_type_id,>,2,title.production_year,<,27#1710258
movie_companies,cast_info,movie_info_idx,movie_info,title#title.id=movie_companies.movie_id,title.id=cast_info.movie_id,title.id=movie_info_idx.movie_id,title.id=movie_info.movie_id#movie_companies.company_type_id,>,1,cast_info.role_id,>,1,title.phonetic_code,>,2991,title.episode_nr,<,27#1654615013
movie_keyword,movie_info_idx,movie_info,movie_companies,title#title.id=movie_keyword.movie_id,title.id=movie_info_idx.movie_id,title.id=movie_info.movie_id,title.id=movie_companies.movie_id#movie_info_idx.info_type_id,=,100,movie_info.info_type_id,>,2,movie_companies.company_type_id,<,2,title.kind_id,>,1,title.episode_nr,>,0#16498159
movie_keyword,cast_info,movie_companies,movie_info,title#title.id=movie_keyword.movie_id,title.id=cast_info.movie_id,title.id=movie_companies.movie_id,title.id=movie_info.movie_id#movie_keyword.keyword_id,<,103103,cast_info.nr_order,<,41,movie_info.info_type_id,<,107,title.episode_nr,>,0#611940186
movie_info_idx,movie_companies,movie_info,movie_keyword,title#title.id=movie_info_idx.movie_id,title.id=movie_companies.movie_id,title.id=movie_info.movie_id,title.id=movie_keyword.movie_id#title.episode_nr,<,99,title.imdb_index,>,0#342862386
cast_info,movie_keyword,movie_companies,movie_info_idx,title#title.id=cast_info.movie_id,title.id=movie_keyword.movie_id,title.id=movie_companies.movie_id,title.id=movie_info_idx.movie_id#movie_keyword.keyword_id,>,216,title.production_year,<,113#2937714544
cast_info,movie_keyword,movie_info,movie_companies,title#title.id=cast_info.movie_id,title.id=movie_keyword.movie_id,title.id=movie_info.movie_id,title.id=movie_companies.movie_id#cast_info.role_id,<,4,movie_companies.company_type_id,>,1,title.phonetic_code,<,14588,title.episode_nr,>,0,title.production_year,<,120#90621265
movie_keyword,cast_info,movie_info_idx,movie_info,title#title.id=movie_keyword.movie_id,title.id=cast_info.movie_id,title.id=movie_info_idx.movie_id,title.id=movie_info.movie_id#cast_info.nr_order,<,15,title.phonetic_code,<,17912,title.series_years,>,0,title.episode_nr,<,14#26706105
movie_info_idx,movie_info,movie_companies,cast_info,title#title.id=movie_info_idx.movie_id,title.id=movie_info.movie_id,title.id=movie_companies.movie_id,title.id=cast_info.movie_id#movie_info_idx.info_type_id,<,101,movie_info.info_type_id,>,15,movie_companies.company_type_id,>,1,title.season_nr,=,0,title.series_years,>,397#12239728
cast_info,movie_info,movie_companies,movie_keyword,title#title.id=cast_info.movie_id,title.id=movie_info.movie_id,title.id=movie_companies.movie_id,title.id=movie_keyword.movie_id#movie_info.info_type_id,>,1,movie_companies.company_type_id,>,1,title.series_years,>,0#404129240
movie_info,cast_info,movie_info_idx,movie_keyword,title#title.id=movie_info.movie_id,title.id=cast_info.movie_id,title.id=movie_info_idx.movie_id,title.id=movie_keyword.movie_id#movie_keyword.keyword_id,<,82529,title.imdb_index,>,0,title.production_year,<,124,title.phonetic_code,<,11923#710668797
cast_info,movie_keyword,movie_companies,movie_info_idx,title#title.id=cast_info.movie_id,title.id=movie_keyword.movie_id,title.id=movie_companies.movie_id,title.id=movie_info_idx.movie_id#movie_companies.company_type_id,<,2,movie_info_idx.info_type_id,<,101,title.production_year,>,91,title.episode_nr,>,0,title.kind_id,>,1#86045986
movie_info,movie_info_idx,cast_info,movie_companies,title#title.id=movie_info.movie_id,title.id=movie_info_idx.movie_id,title.id=cast_info.movie_id,title.id=movie_companies.movie_id#movie_info.info_type_id,<,106,cast_info.nr_order,>,2,title.kind_id,=,1#4451333254
cast_info,movie_info_idx,movie_info,movie_keyword,title#title.id=cast_info.movie_id,title.id=movie_info_idx.movie_id,title.id=movie_info.movie_id,title.id=movie_keyword.movie_id#movie_info_idx.info_type_id,<,101,movie_info.info_type_id,<,17,title.imdb_index,=,0,title.phonetic_code,<,1129#2333089992
cast_info,movie_info_idx,movie_keyword,movie_companies,title#title.id=cast_info.movie_id,title.id=movie_info_idx.movie_id,title.id=movie_keyword.movie_id,title.id=movie_companies.movie_id#title.phonetic_code,>,0,title.imdb_index,>,0#275854083
movie_companies,movie_info_idx,movie_keyword,movie_info,title#title.id=movie_companies.movie_id,title.id=movie_info_idx.movie_id,title.id=movie_keyword.movie_id,title.id=movie_info.movie_id#title.episode_nr,>,0#84916701
cast_info,movie_keyword,movie_info,movie_companies,title#title.id=cast_info.movie_id,title.id=movie_keyword.movie_id,title.id=movie_info.movie_id,title.id=movie_companies.movie_id#cast_info.nr_order,<,32,movie_info.info_type_id,<,16,title.kind_id,=,7,title.production_year,<,99,title.episode_nr,>,20#6475713
movie_info,movie_companies,movie_keyword,movie_info_idx,title#title.id=movie_info.movie_id,title.id=movie_companies.movie_id,title.id=movie_keyword.movie_id,title.id=movie_info_idx.movie_id#movie_keyword.keyword_id,<,26823,title.production_year,<,127,title.kind_id,>,1,title.imdb_index,=,0#420474690
cast_info,movie_info_idx,movie_companies,movie_keyword,title#title.id=cast_info.movie_id,title.id=movie_info_idx.movie_id,title.id=movie_companies.movie_id,title.id=movie_keyword.movie_id#cast_info.nr_order,<,50,movie_companies.company_type_id,<,2,title.imdb_index,=,0,title.series_years,<,1381,title.season_nr,>,0#48904560
movie_keyword,movie_info_idx,cast_info,movie_info,title#title.id=movie_keyword.movie_id,title.id=movie_info_idx.movie_id,title.id=cast_info.movie_id,title.id=movie_info.movie_id#movie_keyword.keyword_id,<,77085,cast_info.role_id,<,8,title.season_nr,>,0#554945436
movie_info_idx,movie_companies,movie_keyword,cast_info,title#title.id=movie_info_idx.movie_id,title.id=movie_companies.movie_id,title.id=movie_keyword.movie_id,title.id=cast_info.movie_id#movie_keyword.keyword_id,>,121,title.kind_id,>,1#561408660
movie_companies,movie_keyword,movie_info_idx,cast_info,title#title.id=movie_companies.movie_id,title.id=movie_keyword.movie_id,title.id=movie_info_idx.movie_id,title.id=cast_info.movie_id#cast_info.nr_order,<,18,title.season_nr,=,3#7160979
movie_info_idx,movie_keyword,movie_companies,movie_info,title#title.id=movie_info_idx.movie_id,title.id=movie_keyword.movie_id,title.id=movie_companies.movie_id,title.id=movie_info.movie_id#movie_keyword.keyword_id,>,335,movie_companies.company_type_id,<,2,title.series_years,>,0,title.kind_id,>,1#167025549
movie_keyword,movie_info,movie_companies,movie_info_idx,title#title.id=movie_keyword.movie_id,title.id=movie_info.movie_id,title.id=movie_companies.movie_id,title.id=movie_info_idx.movie_id#title.imdb_index,=,0,title.production_year,<,126,title.episode_nr,>,0#80897274
movie_keyword,movie_companies,cast_info,movie_info,title#title.id=movie_keyword.movie_id,title.id=movie_companies.movie_id,title.id=cast_info.movie_id,title.id=movie_info.movie_id#movie_keyword.keyword_id,>,230,movie_companies.company_type_id,=,2,cast_info.nr_order,<,1001,title.production_year,<,123,title.phonetic_code,>,6244,title.kind_id,=,7,title.season_nr,=,5#4923402
movie_info,cast_info,movie_keyword,movie_companies,title#title.id=movie_info.movie_id,title.id=cast_info.movie_id,title.id=movie_keyword.movie_id,title.id=movie_companies.movie_id#cast_info.nr_order,>,2,movie_keyword.keyword_id,>,1,title.imdb_index,=,0,title.season_nr,=,0,title.kind_id,>,6#2003107
movie_companies,movie_info_idx,movie_info,movie_keyword,title#title.id=movie_companies.movie_id,title.id=movie_info_idx.movie_id,title.id=movie_info.movie_id,title.id=movie_keyword.movie_id#movie_keyword.keyword_id,<,16155,title.series_years,>,0#188850780
movie_info_idx,movie_keyword,movie_companies,cast_info,title#title.id=movie_info_idx.movie_id,title.id=movie_keyword.movie_id,title.id=movie_companies.movie_id,title.id=cast_info.movie_id#cast_info.role_id,=,3,title.kind_id,>,1,title.phonetic_code,>,22308#168951
movie_companies,movie_info_idx,movie_keyword,movie_info,title#title.id=movie_companies.movie_id,title.id=movie_info_idx.movie_id,title.id=movie_keyword.movie_id,title.id=movie_info.movie_id#movie_info_idx.info_type_id,>,99,movie_info.info_type_id,<,8,title.imdb_index,>,0,title.phonetic_code,>,1500#43589808
movie_companies,movie_keyword,cast_info,movie_info_idx,title#title.id=movie_companies.movie_id,title.id=movie_keyword.movie_id,title.id=cast_info.movie_id,title.id=movie_info_idx.movie_id#cast_info.nr_order,>,1,title.episode_nr,>,8,title.phonetic_code,>,15769#7765398
movie_info,cast_info,movie_keyword,movie_info_idx,title#title.id=movie_info.movie_id,title.id=cast_info.movie_id,title.id=movie_keyword.movie_id,title.id=movie_info_idx.movie_id#movie_info.info_type_id,<,18,movie_keyword.keyword_id,<,6252,title.series_years,>,0,title.season_nr,=,0#198109389
movie_info,movie_companies,movie_info_idx,cast_info,title#title.id=movie_info.movie_id,title.id=movie_companies.movie_id,title.id=movie_info_idx.movie_id,title.id=cast_info.movie_id#movie_companies.company_type_id,>,1,movie_info_idx.info_type_id,>,99,title.season_nr,>,0,title.imdb_index,=,0,title.phonetic_code,>,5340#120855470
movie_info,cast_info,movie_companies,movie_keyword,title#title.id=movie_info.movie_id,title.id=cast_info.movie_id,title.id=movie_companies.movie_id,title.id=movie_keyword.movie_id#movie_companies.company_type_id,<,2,title.imdb_index,>,0,title.season_nr,<,7#15049473698
cast_info,movie_info,movie_keyword,movie_companies,title#title.id=cast_info.movie_id,title.id=movie_info.movie_id,title.id=movie_keyword.movie_id,title.id=movie_companies.movie_id#cast_info.nr_order,>,1,title.season_nr,=,9,title.episode_nr,>,0#9734056
movie_info,movie_info_idx,movie_companies,cast_info,title#title.id=movie_info.movie_id,title.id=movie_info_idx.movie_id,title.id=movie_companies.movie_id,title.id=cast_info.movie_id#movie_info.info_type_id,<,18,movie_companies.company_type_id,=,2,title.series_years,>,0,title.production_year,<,100#15162288
movie_info_idx,cast_info,movie_companies,movie_info,title#title.id=movie_info_idx.movie_id,title.id=cast_info.movie_id,title.id=movie_companies.movie_id,title.id=movie_info.movie_id#movie_info_idx.info_type_id,=,100,movie_info.info_type_id,>,2,title.phonetic_code,>,3945#4003309714
movie_companies,movie_keyword,movie_info,cast_info,title#title.id=movie_companies.movie_id,title.id=movie_keyword.movie_id,title.id=movie_info.movie_id,title.id=cast_info.movie_id#movie_info.info_type_id,<,106,cast_info.nr_order,<,37,title.series_years,>,0,title.phonetic_code,<,5478#33668827
cast_info,movie_info_idx,movie_companies,movie_info,title#title.id=cast_info.movie_id,title.id=movie_info_idx.movie_id,title.id=movie_companies.movie_id,title.id=movie_info.movie_id#cast_info.role_id,>,1,title.kind_id,=,7,title.phonetic_code,<,20810,title.series_years,<,1407#463626528
movie_keyword,movie_info,movie_companies,movie_info_idx,title#title.id=movie_keyword.movie_id,title.id=movie_info.movie_id,title.id=movie_companies.movie_id,title.id=movie_info_idx.movie_id#movie_keyword.keyword_id,>,856,movie_info.info_type_id,>,3,movie_companies.company_type_id,=,1,title.season_nr,=,0,title.production_year,<,108#3458280366
movie_info,movie_info_idx,cast_info,movie_companies,title#title.id=movie_info.movie_id,title.id=movie_info_idx.movie_id,title.id=cast_info.movie_id,title.id=movie_companies.movie_id#movie_info.info_type_id,>,1,movie_companies.company_type_id,>,1,title.episode_nr,>,0#253850196
movie_info,movie_info_idx,cast_info,movie_companies,title#title.id=movie_info.movie_id,title.id=movie_info_idx.movie_id,title.id=cast_info.movie_id,title.id=movie_companies.movie_id#movie_info_idx.info_type_id,<,101,movie_companies.company_type_id,>,1,title.series_years,<,1267,title.phonetic_code,<,5197#629730786
cast_info,movie_info_idx,movie_keyword,movie_info,title#title.id=cast_info.movie_id,title.id=movie_info_idx.movie_id,title.id=movie_keyword.movie_id,title.id=movie_info.movie_id#movie_info_idx.info_type_id,<,101,title.episode_nr,>,0#547807388
movie_info,movie_keyword,movie_companies,cast_info,title#title.id=movie_info.movie_id,title.id=movie_keyword.movie_id,title.id=movie_companies.movie_id,title.id=cast_info.movie_id#movie_keyword.keyword_id,>,406,cast_info.role_id,<,3,title.season_nr,>,0,title.kind_id,>,1,title.episode_nr,>,0#615161806
cast_info,movie_keyword,movie_info,movie_info_idx,title#title.id=cast_info.movie_id,title.id=movie_keyword.movie_id,title.id=movie_info.movie_id,title.id=movie_info_idx.movie_id#title.episode_nr,>,0#821711082
movie_keyword,cast_info,movie_companies,movie_info,title#title.id=movie_keyword.movie_id,title.id=cast_info.movie_id,title.id=movie_companies.movie_id,title.id=movie_info.movie_id#movie_keyword.keyword_id,<,10821,movie_companies.company_type_id,<,2,movie_info.info_type_id,<,18,title.production_year,<,122,title.imdb_index,>,0,title.kind_id,>,1#9266682
movie_info,movie_companies,cast_info,movie_keyword,title#title.id=movie_info.movie_id,title.id=movie_companies.movie_id,title.id=cast_info.movie_id,title.id=movie_keyword.movie_id#movie_info.info_type_id,<,8,title.imdb_index,>,0,title.production_year,>,49#3606374872
cast_info,movie_info_idx,movie_info,movie_companies,title#title.id=cast_info.movie_id,title.id=movie_info_idx.movie_id,title.id=movie_info.movie_id,title.id=movie_companies.movie_id#cast_info.nr_order,<,32,title.series_years,>,0,title.season_nr,=,0#24739197
movie_companies,movie_info_idx,movie_keyword,cast_info,title#title.id=movie_companies.movie_id,title.id=movie_info_idx.movie_id,title.id=movie_keyword.movie_id,title.id=cast_info.movie_id#movie_keyword.keyword_id,>,42,title.phonetic_code,<,21025#9230311701
movie_keyword,cast_info,movie_info_idx,movie_companies,title#title.id=movie_keyword.movie_id,title.id=cast_info.movie_id,title.id=movie_info_idx.movie_id,title.id=movie_companies.movie_id#movie_companies.company_type_id,<,2,title.episode_nr,<,14,title.season_nr,<,2,title.production_year,<,112,title.phonetic_code,>,17650#291534701
movie_info_idx,movie_info,cast_info,movie_keyword,title#title.id=movie_info_idx.movie_id,title.id=movie_info.movie_id,title.id=cast_info.movie_id,title.id=movie_keyword.movie_id#movie_info_idx.info_type_id,<,101,title.kind_id,=,7,title.production_year,>,125,title.season_nr,=,1,title.phonetic_code,>,1289#7552228
movie_companies,movie_info,movie_keyword,cast_info,title#title.id=movie_companies.movie_id,title.id=movie_info.movie_id,title.id=movie_keyword.movie_id,title.id=cast_info.movie_id#movie_companies.company_type_id,>,1,movie_info.info_type_id,<,16,cast_info.role_id,=,8,title.series_years,>,0#7094605
movie_info_idx,movie_info,movie_keyword,cast_info,title#title.id=movie_info_idx.movie_id,title.id=movie_info.movie_id,title.id=movie_keyword.movie_id,title.id=cast_info.movie_id#movie_info_idx.info_type_id,>,99,movie_info.info_type_id,<,96,movie_keyword.keyword_id,<,359,title.phonetic_code,>,11314#1236185790
movie_keyword,movie_companies,cast_info,movie_info_idx,title#title.id=movie_keyword.movie_id,title.id=movie_companies.movie_id,title.id=cast_info.movie_id,title.id=movie_info_idx.movie_id#movie_companies.company_type_id,<,2,title.series_years,>,0#37262616
movie_info_idx,movie_info,movie_companies,cast_info,title#title.id=movie_info_idx.movie_id,title.id=movie_info.movie_id,title.id=movie_companies.movie_id,title.id=cast_info.movie_id#movie_info_idx.info_type_id,=,101,cast_info.nr_order,>,1,title.season_nr,=,0,title.phonetic_code,<,1737#231209346
cast_info,movie_companies,movie_keyword,movie_info_idx,title#title.id=cast_info.movie_id,title.id=movie_companies.movie_id,title.id=movie_keyword.movie_id,title.id=movie_info_idx.movie_id#movie_companies.company_type_id,=,1,movie_info_idx.info_type_id,=,100,title.kind_id,>,1,title.phonetic_code,>,5330,title.season_nr,=,0#49906566
movie_info,cast_info,movie_keyword,movie_info_idx,title#title.id=movie_info.movie_id,title.id=cast_info.movie_id,title.id=movie_keyword.movie_id,title.id=movie_info_idx.movie_id#movie_info.info_type_id,<,16,movie_keyword.keyword_id,>,585,title.phonetic_code,>,20491#1322098851
cast_info,movie_companies,movie_info_idx,movie_info,title#title.id=cast_info.movie_id,title.id=movie_companies.movie_id,title.id=movie_info_idx.movie_id,title.id=movie_info.movie_id#cast_info.nr_order,<,18,movie_companies.company_type_id,>,1,title.episode_nr,>,0,title.season_nr,<,7,title.kind_id,=,7#69998973
movie_companies,movie_keyword,movie_info_idx,cast_info,title#title.id=movie_companies.movie_id,title.id=movie_keyword.movie_id,title.id=movie_info_idx.movie_id,title.id=cast_info.movie_id#movie_companies.company_type_id,<,2,movie_info_idx.info_type_id,<,101,title.season_nr,=,0,title.production_year,>,107,title.imdb_index,>,0,title.series_years,<,1174#150998006
movie_keyword,movie_companies,cast_info,movie_info,title#title.id=movie_keyword.movie_id,title.id=movie_companies.movie_id,title.id=cast_info.movie_id,title.id=movie_info.movie_id#movie_keyword.keyword_id,>,869,movie_info.info_type_id,>,1,title.phonetic_code,<,3896,title.series_years,>,0#461644612
movie_keyword,movie_companies,movie_info,movie_info_idx,title#title.id=movie_keyword.movie_id,title.id=movie_companies.movie_id,title.id=movie_info.movie_id,title.id=movie_info_idx.movie_id#movie_keyword.keyword_id,<,92745,title.kind_id,=,4,title.imdb_index,=,0#52871361
movie_companies,cast_info,movie_info_idx,movie_info,title#title.id=movie_companies.movie_id,title.id=cast_info.movie_id,title.id=movie_info_idx.movie_id,title.id=movie_info.movie_id#movie_info.info_type_id,<,16,title.production_year,<,92,title.episode_nr,<,1,title.imdb_index,=,0,title.season_nr,>,2#2292
movie_info,movie_keyword,movie_info_idx,cast_info,title#title.id=movie_info.movie_id,title.id=movie_keyword.movie_id,title.id=movie_info_idx.movie_id,title.id=cast_info.movie_id#title.season_nr,=,1,title.phonetic_code,<,20302,title.production_year,>,97#276212283
cast_info,movie_keyword,movie_info,movie_companies,title#title.id=cast_info.movie_id,title.id=movie_keyword.movie_id,title.id=movie_info.movie_id,title.id=movie_companies.movie_id#movie_keyword.keyword_id,>,137,movie_info.info_type_id,<,94,title.series_years,>,0,title.episode_nr,>,0,title.imdb_index,=,0,title.kind_id,>,4#13472
movie_keyword,movie_companies,movie_info_idx,movie_info,title#title.id=movie_keyword.movie_id,title.id=movie_companies.movie_id,title.id=movie_info_idx.movie_id,title.id=movie_info.movie_id#movie_companies.company_type_id,<,2,movie_info.info_type_id,>,2,title.episode_nr,>,0#49494477
movie_info_idx,movie_companies,movie_info,cast_info,title#title.id=movie_info_idx.movie_id,title.id=movie_companies.movie_id,title.id=movie_info.movie_id,title.id=cast_info.movie_id#movie_info_idx.info_type_id,<,101,movie_companies.company_type_id,<,2,title.phonetic_code,>,5566,title.kind_id,>,2#267936918
movie_info_idx,movie_companies,cast_info,movie_keyword,title#title.id=movie_info_idx.movie_id,title.id=movie_companies.movie_id,title.id=cast_info.movie_id,title.id=movie_keyword.movie_id#movie_info_idx.info_type_id,>,99,movie_companies.company_type_id,>,1,title.kind_id,>,1#144651870
movie_info,cast_info,movie_companies,movie_info_idx,title#title.id=movie_info.movie_id,title.id=cast_info.movie_id,title.id=movie_companies.movie_id,title.id=movie_info_idx.movie_id#movie_info_idx.info_type_id,>,99,title.imdb_index,<,1#11569620873
movie_keyword,cast_info,movie_companies,movie_info,title#title.id=movie_keyword.movie_id,title.id=cast_info.movie_id,title.id=movie_companies.movie_id,title.id=movie_info.movie_id#movie_keyword.keyword_id,>,797,movie_companies.company_type_id,<,2,title.phonetic_code,<,8519,title.episode_nr,>,0,title.production_year,>,124#65162808
cast_info,movie_keyword,movie_info_idx,movie_info,title#title.id=cast_info.movie_id,title.id=movie_keyword.movie_id,title.id=movie_info_idx.movie_id,title.id=movie_info.movie_id#movie_info_idx.info_type_id,=,99,movie_info.info_type_id,>,16,title.production_year,>,125,title.imdb_index,>,0#17167746
movie_companies,movie_info,movie_keyword,movie_info_idx,title#title.id=movie_companies.movie_id,title.id=movie_info.movie_id,title.id=movie_keyword.movie_id,title.id=movie_info_idx.movie_id#movie_info.info_type_id,>,1,movie_info_idx.info_type_id,=,101,title.production_year,<,123,title.imdb_index,>,0#62188781
movie_companies,movie_info_idx,cast_info,movie_keyword,title#title.id=movie_companies.movie_id,title.id=movie_info_idx.movie_id,title.id=cast_info.movie_id,title.id=movie_keyword.movie_id#movie_companies.company_type_id,=,2,title.episode_nr,<,22,title.production_year,>,81,title.series_years,>,0#18157443
movie_keyword,movie_info,cast_info,movie_info_idx,title#title.id=movie_keyword.movie_id,title.id=movie_info.movie_id,title.id=cast_info.movie_id,title.id=movie_info_idx.movie_id#movie_keyword.keyword_id,>,99,title.series_years,>,0#350386938
movie_info,cast_info,movie_info_idx,movie_keyword,title#title.id=movie_info.movie_id,title.id=cast_info.movie_id,title.id=movie_info_idx.movie_id,title.id=movie_keyword.movie_id#cast_info.nr_order,>,1,movie_keyword.keyword_id,>,50,title.phonetic_code,>,6233,title.series_years,>,0#29042379
movie_companies,movie_keyword,cast_info,movie_info_idx,title#title.id=movie_companies.movie_id,title.id=movie_keyword.movie_id,title.id=cast_info.movie_id,title.id=movie_info_idx.movie_id#movie_companies.company_type_id,=,2,title.kind_id,>,1#216977805
movie_companies,movie_info,movie_keyword,movie_info_idx,title#title.id=movie_companies.movie_id,title.id=movie_info.movie_id,title.id=movie_keyword.movie_id,title.id=movie_info_idx.movie_id#movie_companies.company_type_id,=,2,movie_keyword.keyword_id,>,498,movie_info_idx.info_type_id,>,99,title.phonetic_code,>,3658,title.imdb_index,>,0,title.season_nr,=,0,title.kind_id,=,1#24708112
movie_companies,movie_keyword,cast_info,movie_info_idx,title#title.id=movie_companies.movie_id,title.id=movie_keyword.movie_id,title.id=cast_info.movie_id,title.id=movie_info_idx.movie_id#title.series_years,>,0#56447892
movie_companies,movie_info_idx,movie_keyword,movie_info,title#title.id=movie_companies.movie_id,title.id=movie_info_idx.movie_id,title.id=movie_keyword.movie_id,title.id=movie_info.movie_id#movie_info_idx.info_type_id,<,101,title.imdb_index,=,0,title.kind_id,>,1,title.phonetic_code,<,16775#244105158
movie_companies,movie_keyword,movie_info,movie_info_idx,title#title.id=movie_companies.movie_id,title.id=movie_keyword.movie_id,title.id=movie_info.movie_id,title.id=movie_info_idx.movie_id#movie_keyword.keyword_id,<,100689,title.series_years,>,0,title.imdb_index,=,0#236761473
movie_info,cast_info,movie_info_idx,movie_companies,title#title.id=movie_info.movie_id,title.id=cast_info.movie_id,title.id=movie_info_idx.movie_id,title.id=movie_companies.movie_id#movie_info.info_type_id,>,2,title.season_nr,<,16#17086690202
movie_companies,cast_info,movie_info_idx,movie_info,title#title.id=movie_companies.movie_id,title.id=cast_info.movie_id,title.id=movie_info_idx.movie_id,title.id=movie_info.movie_id#movie_companies.company_type_id,<,2,cast_info.role_id,<,3,title.kind_id,>,1,title.imdb_index,>,0#616773
movie_keyword,movie_info_idx,movie_companies,cast_info,title#title.id=movie_keyword.movie_id,title.id=movie_info_idx.movie_id,title.id=movie_companies.movie_id,title.id=cast_info.movie_id#movie_companies.company_type_id,<,2,cast_info.nr_order,>,1,title.production_year,>,100#2085877237
movie_info,movie_info_idx,cast_info,movie_companies,title#title.id=movie_info.movie_id,title.id=movie_info_idx.movie_id,title.id=cast_info.movie_id,title.id=movie_companies.movie_id#movie_info.info_type_id,<,98,cast_info.role_id,>,1,movie_companies.company_type_id,=,2,title.series_years,>,0#42097155
cast_info,movie_info_idx,movie_info,movie_keyword,title#title.id=cast_info.movie_id,title.id=movie_info_idx.movie_id,title.id=movie_info.movie_id,title.id=movie_keyword.movie_id#cast_info.nr_order,<,26,movie_info.info_type_id,>,2,title.phonetic_code,<,18277,title.kind_id,=,7,title.series_years,<,1351#241180569
cast_info,movie_companies,movie_info,movie_keyword,title#title.id=cast_info.movie_id,title.id=movie_companies.movie_id,title.id=movie_info.movie_id,title.id=movie_keyword.movie_id#cast_info.nr_order,<,1001,movie_companies.company_type_id,>,1,movie_info.info_type_id,<,9,title.production_year,>,0,title.phonetic_code,<,18960,title.season_nr,<,20#6123380297
cast_info,movie_keyword,movie_info,movie_companies,title#title.id=cast_info.movie_id,title.id=movie_keyword.movie_id,title.id=movie_info.movie_id,title.id=movie_companies.movie_id#movie_info.info_type_id,<,106,movie_companies.company_type_id,<,2,title.imdb_index,=,0,title.episode_nr,>,0,title.phonetic_code,>,13962,title.production_year,<,82#6082575
movie_keyword,movie_info,movie_companies,cast_info,title#title.id=movie_keyword.movie_id,title.id=movie_info.movie_id,title.id=movie_companies.movie_id,title.id=cast_info.movie_id#movie_keyword.keyword_id,>,181,movie_companies.company_type_id,>,1,cast_info.nr_order,<,100,title.production_year,<,55#151847578
cast_info,movie_info_idx,movie_info,movie_keyword,title#title.id=cast_info.movie_id,title.id=movie_info_idx.movie_id,title.id=movie_info.movie_id,title.id=movie_keyword.movie_id#movie_info_idx.info_type_id,<,101,movie_info.info_type_id,>,1,title.kind_id,=,4#288338848
movie_info_idx,movie_info,movie_keyword,movie_companies,title#title.id=movie_info_idx.movie_id,title.id=movie_info.movie_id,title.id=movie_keyword.movie_id,title.id=movie_companies.movie_id#movie_keyword.keyword_id,>,196,title.production_year,<,91,title.kind_id,=,7#9373605
movie_companies,cast_info,movie_info_idx,movie_keyword,title#title.id=movie_companies.movie_id,title.id=cast_info.movie_id,title.id=movie_info_idx.movie_id,title.id=movie_keyword.movie_id#movie_info_idx.info_type_id,>,99,title.imdb_index,>,0,title.phonetic_code,<,17524#161060402
movie_info,movie_companies,movie_keyword,movie_info_idx,title#title.id=movie_info.movie_id,title.id=movie_companies.movie_id,title.id=movie_keyword.movie_id,title.id=movie_info_idx.movie_id#movie_info.info_type_id,<,16,movie_companies.company_type_id,<,2,movie_keyword.keyword_id,>,2560,title.series_years,>,0,title.kind_id,>,1,title.production_year,>,117,title.phonetic_code,>,9960#5505333
movie_info,movie_info_idx,cast_info,movie_keyword,title#title.id=movie_info.movie_id,title.id=movie_info_idx.movie_id,title.id=cast_info.movie_id,title.id=movie_keyword.movie_id#title.phonetic_code,<,17080,title.season_nr,<,5,title.episode_nr,>,0#526819272
movie_keyword,cast_info,movie_info,movie_info_idx,title#title.id=movie_keyword.movie_id,title.id=cast_info.movie_id,title.id=movie_info.movie_id,title.id=movie_info_idx.movie_id#movie_keyword.keyword_id,<,77586,cast_info.role_id,=,4,title.kind_id,>,1,title.episode_nr,<,11,title.season_nr,=,0#95934792
movie_companies,movie_info_idx,movie_info,cast_info,title#title.id=movie_companies.movie_id,title.id=movie_info_idx.movie_id,title.id=movie_info.movie_id,title.id=cast_info.movie_id#cast_info.nr_order,<,38,title.episode_nr,>,0#224648259
cast_info,movie_companies,movie_info,movie_info_idx,title#title.id=cast_info.movie_id,title.id=movie_companies.movie_id,title.id=movie_info.movie_id,title.id=movie_info_idx.movie_id#movie_companies.company_type_id,<,2,movie_info.info_type_id,<,98,movie_info_idx.info_type_id,<,101,title.production_year,<,81#621484012
movie_keyword,movie_info,movie_companies,cast_info,title#title.id=movie_keyword.movie_id,title.id=movie_info.movie_id,title.id=movie_companies.movie_id,title.id=cast_info.movie_id#movie_keyword.keyword_id,>,263,movie_info.info_type_id,>,3,title.phonetic_code,<,17160,title.series_years,<,1324,title.production_year,<,124,title.season_nr,=,2#146728468
movie_info_idx,movie_keyword,movie_companies,cast_info,title#title.id=movie_info_idx.movie_id,title.id=movie_keyword.movie_id,title.id=movie_companies.movie_id,title.id=cast_info.movie_id#movie_info_idx.info_type_id,>,99,movie_keyword.keyword_id,>,117,movie_companies.company_type_id,>,1,cast_info.nr_order,<,5,title.production_year,>,123#8347996
cast_info,movie_companies,movie_info,movie_keyword,title#title.id=cast_info.movie_id,title.id=movie_companies.movie_id,title.id=movie_info.movie_id,title.id=movie_keyword.movie_id#cast_info.nr_order,<,15,movie_keyword.keyword_id,>,137,title.series_years,>,0,title.season_nr,=,0,title.production_year,>,0#72436070
cast_info,movie_info_idx,movie_info,movie_keyword,title#title.id=cast_info.movie_id,title.id=movie_info_idx.movie_id,title.id=movie_info.movie_id,title.id=movie_keyword.movie_id#cast_info.nr_order,<,46,movie_info.info_type_id,<,105,title.imdb_index,=,1#358720602
movie_companies,cast_info,movie_info_idx,movie_keyword,title#title.id=movie_companies.movie_id,title.id=cast_info.movie_id,title.id=movie_info_idx.movie_id,title.id=movie_keyword.movie_id#movie_companies.company_type_id,>,1,title.imdb_index,=,0,title.episode_nr,<,13767,title.series_years,<,1374,title.phonetic_code,<,18360#1598076154
cast_info,movie_info,movie_companies,movie_keyword,title#title.id=cast_info.movie_id,title.id=movie_info.movie_id,title.id=movie_companies.movie_id,title.id=movie_keyword.movie_id#cast_info.role_id,=,3,movie_companies.company_type_id,=,2,movie_keyword.keyword_id,<,32454,title.episode_nr,>,10#31673700
cast_info,movie_companies,movie_keyword,movie_info_idx,title#title.id=cast_info.movie_id,title.id=movie_companies.movie_id,title.id=movie_keyword.movie_id,title.id=movie_info_idx.movie_id#cast_info.role_id,<,8,movie_companies.company_type_id,<,2,movie_keyword.keyword_id,<,112499,movie_info_idx.info_type_id,=,100,title.season_nr,>,0#29795150
cast_info,movie_keyword,movie_companies,movie_info_idx,title#title.id=cast_info.movie_id,title.id=movie_keyword.movie_id,title.id=movie_companies.movie_id,title.id=movie_info_idx.movie_id#movie_companies.company_type_id,=,2,title.episode_nr,>,0#90124176
movie_info_idx,cast_info,movie_keyword,movie_companies,title#title.id=movie_info_idx.movie_id,title.id=cast_info.movie_id,title.id=movie_keyword.movie_id,title.id=movie_companies.movie_id#movie_info_idx.info_type_id,>,99,movie_keyword.keyword_id,<,62844,movie_companies.company_type_id,<,2,title.imdb_index,=,0,title.phonetic_code,<,1645#602671573
movie_companies,movie_keyword,movie_info,cast_info,title#title.id=movie_companies.movie_id,title.id=movie_keyword.movie_id,title.id=movie_info.movie_id,title.id=cast_info.movie_id#movie_companies.company_type_id,>,1,movie_info.info_type_id,<,18,cast_info.nr_order,>,1,title.season_nr,=,7#4234841
movie_keyword,cast_info,movie_companies,movie_info,title#title.id=movie_keyword.movie_id,title.id=cast_info.movie_id,title.id=movie_companies.movie_id,title.id=movie_info.movie_id#movie_keyword.keyword_id,<,23751,movie_info.info_type_id,<,7,title.imdb_index,>,0,title.production_year,<,40#2954085
movie_info,movie_keyword,movie_companies,cast_info,title#title.id=movie_info.movie_id,title.id=movie_keyword.movie_id,title.id=movie_companies.movie_id,title.id=cast_info.movie_id#movie_info.info_type_id,>,2,cast_info.nr_order,<,40,title.series_years,>,0#110776907
cast_info,movie_keyword,movie_info,movie_companies,title#title.id=cast_info.movie_id,title.id=movie_keyword.movie_id,title.id=movie_info.movie_id,title.id=movie_companies.movie_id#movie_info.info_type_id,>,2,movie_companies.company_type_id,<,2,title.season_nr,>,0,title.production_year,>,121#600014902
movie_companies,movie_info_idx,movie_info,movie_keyword,title#title.id=movie_companies.movie_id,title.id=movie_info_idx.movie_id,title.id=movie_info.movie_id,title.id=movie_keyword.movie_id#movie_companies.company_type_id,=,1,movie_info.info_type_id,>,1,title.season_nr,=,0,title.production_year,<,115#6135783804
movie_info,movie_keyword,movie_companies,movie_info_idx,title#title.id=movie_info.movie_id,title.id=movie_keyword.movie_id,title.id=movie_companies.movie_id,title.id=movie_info_idx.movie_id#movie_info_idx.info_type_id,<,101,title.phonetic_code,<,20834,title.production_year,>,90,title.season_nr,<,1,title.imdb_index,>,0#223158290
movie_companies,movie_info,cast_info,movie_info_idx,title#title.id=movie_companies.movie_id,title.id=movie_info.movie_id,title.id=cast_info.movie_id,title.id=movie_info_idx.movie_id#title.imdb_index,=,0,title.production_year,>,0,title.phonetic_code,<,20394#16324607757
movie_companies,cast_info,movie_info_idx,movie_info,title#title.id=movie_companies.movie_id,title.id=cast_info.movie_id,title.id=movie_info_idx.movie_id,title.id=movie_info.movie_id#movie_companies.company_type_id,=,1,movie_info_idx.info_type_id,<,101,movie_info.info_type_id,>,1,title.imdb_index,=,0#8931369566
movie_keyword,movie_info_idx,cast_info,movie_companies,title#title.id=movie_keyword.movie_id,title.id=movie_info_idx.movie_id,title.id=cast_info.movie_id,title.id=movie_companies.movie_id#movie_info_idx.info_type_id,=,101,movie_companies.company_type_id,>,1,title.episode_nr,>,0#30041392
movie_companies,movie_info_idx,movie_keyword,movie_info,title#title.id=movie_companies.movie_id,title.id=movie_info_idx.movie_id,title.id=movie_keyword.movie_id,title.id=movie_info.movie_id#movie_info.info_type_id,>,1,title.season_nr,>,3,title.production_year,<,122#12066567
cast_info,movie_companies,movie_keyword,movie_info,title#title.id=cast_info.movie_id,title.id=movie_companies.movie_id,title.id=movie_keyword.movie_id,title.id=movie_info.movie_id#cast_info.role_id,<,10,title.series_years,>,0,title.season_nr,<,1#746898624
movie_info_idx,cast_info,movie_keyword,movie_companies,title#title.id=movie_info_idx.movie_id,title.id=cast_info.movie_id,title.id=movie_keyword.movie_id,title.id=movie_companies.movie_id#cast_info.nr_order,>,1,title.series_years,<,1374,title.season_nr,>,0,title.kind_id,=,7,title.production_year,>,68#73713057
movie_keyword,movie_companies,movie_info,movie_info_idx,title#title.id=movie_keyword.movie_id,title.id=movie_companies.movie_id,title.id=movie_info.movie_id,title.id=movie_info_idx.movie_id#movie_companies.company_type_id,<,2,movie_info.info_type_id,>,2,title.production_year,>,51,title.episode_nr,>,0,title.phonetic_code,<,19425,title.imdb_index,=,0#46060590
movie_companies,movie_info_idx,movie_info,cast_info,title#title.id=movie_companies.movie_id,title.id=movie_info_idx.movie_id,title.id=movie_info.movie_id,title.id=cast_info.movie_id#movie_companies.company_type_id,<,2,movie_info.info_type_id,<,16,title.episode_nr,<,6,title.season_nr,<,2,title.production_year,<,125,title.phonetic_code,>,16805#1151715958
movie_info,movie_companies,movie_info_idx,cast_info,title#title.id=movie_info.movie_id,title.id=movie_companies.movie_id,title.id=movie_info_idx.movie_id,title.id=cast_info.movie_id#movie_info.info_type_id,>,1,cast_info.role_id,=,1,title.production_year,<,126,title.imdb_index,>,0,title.phonetic_code,>,3846#68526561
movie_keyword,movie_info,movie_info_idx,cast_info,title#title.id=movie_keyword.movie_id,title.id=movie_info.movie_id,title.id=movie_info_idx.movie_id,title.id=cast_info.movie_id#movie_keyword.keyword_id,>,3,movie_info.info_type_id,<,107,movie_info_idx.info_type_id,=,100,cast_info.nr_order,>,9,title.episode_nr,>,0#47902829
movie_keyword,cast_info,movie_info,movie_companies,title#title.id=movie_keyword.movie_id,title.id=cast_info.movie_id,title.id=movie_info.movie_id,title.id=movie_companies.movie_id#movie_keyword.keyword_id,<,53865,movie_info.info_type_id,<,98,title.episode_nr,>,0#1567954943
movie_companies,movie_info,movie_keyword,cast_info,title#title.id=movie_companies.movie_id,title.id=movie_info.movie_id,title.id=movie_keyword.movie_id,title.id=cast_info.movie_id#movie_companies.company_type_id,=,2,title.episode_nr,>,0#627785581
cast_info,movie_companies,movie_info,movie_info_idx,title#title.id=cast_info.movie_id,title.id=movie_companies.movie_id,title.id=movie_info.movie_id,title.id=movie_info_idx.movie_id#movie_companies.company_type_id,>,1,title.series_years,>,0#58621722
movie_info_idx,movie_info,movie_keyword,movie_companies,title#title.id=movie_info_idx.movie_id,title.id=movie_info.movie_id,title.id=movie_keyword.movie_id,title.id=movie_companies.movie_id#movie_info.info_type_id,<,107,movie_keyword.keyword_id,>,3337,title.season_nr,<,2,title.series_years,>,0,title.phonetic_code,<,16303,title.production_year,<,119#61352229
movie_info_idx,movie_keyword,movie_info,movie_companies,title#title.id=movie_info_idx.movie_id,title.id=movie_keyword.movie_id,title.id=movie_info.movie_id,title.id=movie_companies.movie_id#movie_info_idx.info_type_id,=,101,title.season_nr,<,4#4822021370
movie_info_idx,cast_info,movie_info,movie_keyword,title#title.id=movie_info_idx.movie_id,title.id=cast_info.movie_id,title.id=movie_info.movie_id,title.id=movie_keyword.movie_id#movie_info_idx.info_type_id,=,100,movie_info.info_type_id,<,16,title.season_nr,>,1#98680869
movie_companies,cast_info,movie_info,movie_keyword,title#title.id=movie_companies.movie_id,title.id=cast_info.movie_id,title.id=movie_info.movie_id,title.id=movie_keyword.movie_id#cast_info.role_id,=,1,title.phonetic_code,<,17131,title.season_nr,>,0,title.series_years,>,0#8019
movie_companies,cast_info,movie_keyword,movie_info,title#title.id=movie_companies.movie_id,title.id=cast_info.movie_id,title.id=movie_keyword.movie_id,title.id=movie_info.movie_id#movie_companies.company_type_id,>,1,movie_info.info_type_id,<,16,title.season_nr,=,1#169361299
movie_companies,movie_info,cast_info,movie_keyword,title#title.id=movie_companies.movie_id,title.id=movie_info.movie_id,title.id=cast_info.movie_id,title.id=movie_keyword.movie_id#movie_companies.company_type_id,<,2,movie_keyword.keyword_id,<,3,title.imdb_index,>,0,title.kind_id,=,2#20587
movie_info,movie_keyword,cast_info,movie_companies,title#title.id=movie_info.movie_id,title.id=movie_keyword.movie_id,title.id=cast_info.movie_id,title.id=movie_companies.movie_id#movie_info.info_type_id,<,16,title.kind_id,>,1#5138007359
movie_info_idx,cast_info,movie_keyword,movie_info,title#title.id=movie_info_idx.movie_id,title.id=cast_info.movie_id,title.id=movie_keyword.movie_id,title.id=movie_info.movie_id#movie_info_idx.info_type_id,<,101,cast_info.nr_order,<,10,title.season_nr,>,0#115649564
movie_info_idx,movie_info,cast_info,movie_keyword,title#title.id=movie_info_idx.movie_id,title.id=movie_info.movie_id,title.id=cast_info.movie_id,title.id=movie_keyword.movie_id#movie_info_idx.info_type_id,=,100,title.kind_id,>,1#1017298890
movie_keyword,movie_companies,cast_info,movie_info_idx,title#title.id=movie_keyword.movie_id,title.id=movie_companies.movie_id,title.id=cast_info.movie_id,title.id=movie_info_idx.movie_id#movie_companies.company_type_id,>,1,title.season_nr,<,8#1794650150
movie_info_idx,movie_info,cast_info,movie_keyword,title#title.id=movie_info_idx.movie_id,title.id=movie_info.movie_id,title.id=cast_info.movie_id,title.id=movie_keyword.movie_id#movie_info_idx.info_type_id,>,99,title.episode_nr,>,0#547807388
cast_info,movie_companies,movie_info_idx,movie_info,title#title.id=cast_info.movie_id,title.id=movie_companies.movie_id,title.id=movie_info_idx.movie_id,title.id=movie_info.movie_id#cast_info.nr_order,<,26,movie_info_idx.info_type_id,=,99,title.season_nr,>,1#45580659
movie_companies,movie_keyword,cast_info,movie_info_idx,title#title.id=movie_companies.movie_id,title.id=movie_keyword.movie_id,title.id=cast_info.movie_id,title.id=movie_info_idx.movie_id#movie_companies.company_type_id,>,1,cast_info.nr_order,<,1,title.episode_nr,>,11,title.season_nr,>,2,title.phonetic_code,<,16120#135840
movie_companies,movie_keyword,movie_info_idx,cast_info,title#title.id=movie_companies.movie_id,title.id=movie_keyword.movie_id,title.id=movie_info_idx.movie_id,title.id=cast_info.movie_id#movie_keyword.keyword_id,<,75688,cast_info.nr_order,>,1,title.phonetic_code,>,3149#2356934547
movie_companies,movie_keyword,movie_info,movie_info_idx,title#title.id=movie_companies.movie_id,title.id=movie_keyword.movie_id,title.id=movie_info.movie_id,title.id=movie_info_idx.movie_id#movie_companies.company_type_id,=,1,movie_info_idx.info_type_id,=,99,title.imdb_index,>,0,title.phonetic_code,<,1964,title.kind_id,>,1#116391
movie_info_idx,movie_info,cast_info,movie_keyword,title#title.id=movie_info_idx.movie_id,title.id=movie_info.movie_id,title.id=cast_info.movie_id,title.id=movie_keyword.movie_id#movie_info_idx.info_type_id,<,101,movie_info.info_type_id,>,15,cast_info.role_id,=,9,title.production_year,<,126#303672802
movie_info_idx,movie_keyword,cast_info,movie_info,title#title.id=movie_info_idx.movie_id,title.id=movie_keyword.movie_id,title.id=cast_info.movie_id,title.id=movie_info.movie_id#movie_info_idx.info_type_id,>,99,title.phonetic_code,<,17184,title.imdb_index,=,0,title.kind_id,>,1,title.season_nr,=,1#190560226
movie_info_idx,movie_companies,cast_info,movie_info,title#title.id=movie_info_idx.movie_id,title.id=movie_companies.movie_id,title.id=cast_info.movie_id,title.id=movie_info.movie_id#movie_info_idx.info_type_id,<,101,cast_info.nr_order,<,17,movie_info.info_type_id,>,1,title.series_years,>,0,title.phonetic_code,>,13202#2269976
movie_keyword,movie_info_idx,cast_info,movie_companies,title#title.id=movie_keyword.movie_id,title.id=movie_info_idx.movie_id,title.id=cast_info.movie_id,title.id=movie_companies.movie_id#title.imdb_index,>,0,title.kind_id,<,7#287447823
movie_companies,movie_info,movie_keyword,cast_info,title#title.id=movie_companies.movie_id,title.id=movie_info.movie_id,title.id=movie_keyword.movie_id,title.id=cast_info.movie_id#movie_info.info_type_id,>,2,title.imdb_index,>,0,title.series_years,>,0,title.production_year,>,93#4917935
movie_companies,cast_info,movie_info_idx,movie_info,title#title.id=movie_companies.movie_id,title.id=cast_info.movie_id,title.id=movie_info_idx.movie_id,title.id=movie_info.movie_id#movie_companies.company_type_id,<,2,movie_info.info_type_id,>,1,title.kind_id,>,1#729699846
movie_info_idx,cast_info,movie_keyword,movie_companies,title#title.id=movie_info_idx.movie_id,title.id=cast_info.movie_id,title.id=movie_keyword.movie_id,title.id=movie_companies.movie_id#cast_info.nr_order,>,1,movie_companies.company_type_id,>,1,title.imdb_index,=,0,title.production_year,<,126#613228507
movie_companies,movie_info,movie_keyword,movie_info_idx,title#title.id=movie_companies.movie_id,title.id=movie_info.movie_id,title.id=movie_keyword.movie_id,title.id=movie_info_idx.movie_id#movie_info.info_type_id,<,107,movie_info_idx.info_type_id,<,101,title.kind_id,<,7,title.phonetic_code,>,10311,title.season_nr,<,5,title.production_year,>,109#2636210932
movie_info_idx,movie_info,movie_keyword,movie_companies,title#title.id=movie_info_idx.movie_id,title.id=movie_info.movie_id,title.id=movie_keyword.movie_id,title.id=movie_companies.movie_id#title.series_years,>,0,title.production_year,>,42,title.imdb_index,=,0#236761473
cast_info,movie_info,movie_companies,movie_info_idx,title#title.id=cast_info.movie_id,title.id=movie_info.movie_id,title.id=movie_companies.movie_id,title.id=movie_info_idx.movie_id#cast_info.role_id,=,2,movie_info.info_type_id,<,16,movie_companies.company_type_id,>,1,title.episode_nr,<,24,title.kind_id,<,7,title.imdb_index,>,0,title.production_year,>,74#4576770
movie_companies,movie_keyword,movie_info_idx,movie_info,title#title.id=movie_companies.movie_id,title.id=movie_keyword.movie_id,title.id=movie_info_idx.movie_id,title.id=movie_info.movie_id#movie_companies.company_type_id,=,2,title.season_nr,<,7,title.series_years,>,0#46940259
cast_info,movie_info_idx,movie_keyword,movie_info,title#title.id=cast_info.movie_id,title.id=movie_info_idx.movie_id,title.id=movie_keyword.movie_id,title.id=movie_info.movie_id#cast_info.role_id,=,8,movie_info.info_type_id,>,2,title.production_year,<,80,title.kind_id,=,1#100198615
movie_info_idx,movie_info,cast_info,movie_companies,title#title.id=movie_info_idx.movie_id,title.id=movie_info.movie_id,title.id=cast_info.movie_id,title.id=movie_companies.movie_id#movie_info_idx.info_type_id,<,101,cast_info.nr_order,<,14,movie_companies.company_type_id,<,2,title.imdb_index,=,0#1143091694
movie_keyword,movie_info_idx,movie_info,movie_companies,title#title.id=movie_keyword.movie_id,title.id=movie_info_idx.movie_id,title.id=movie_info.movie_id,title.id=movie_companies.movie_id#movie_keyword.keyword_id,>,824,movie_info.info_type_id,<,103,title.series_years,>,0#186637893
movie_info_idx,movie_info,movie_companies,cast_info,title#title.id=movie_info_idx.movie_id,title.id=movie_info.movie_id,title.id=movie_companies.movie_id,title.id=cast_info.movie_id#movie_info_idx.info_type_id,>,99,title.episode_nr,<,9,title.production_year,>,119#4176788302
movie_keyword,movie_companies,movie_info,cast_info,title#title.id=movie_keyword.movie_id,title.id=movie_companies.movie_id,title.id=movie_info.movie_id,title.id=cast_info.movie_id#movie_info.info_type_id,>,2,cast_info.role_id,=,1,title.production_year,>,91,title.phonetic_code,>,20967,title.series_years,>,0#1304072
movie_keyword,movie_companies,movie_info,movie_info_idx,title#title.id=movie_keyword.movie_id,title.id=movie_companies.movie_id,title.id=movie_info.movie_id,title.id=movie_info_idx.movie_id#movie_info_idx.info_type_id,>,99,title.phonetic_code,<,10327,title.episode_nr,<,5#5221364742
movie_keyword,movie_info,cast_info,movie_info_idx,title#title.id=movie_keyword.movie_id,title.id=movie_info.movie_id,title.id=cast_info.movie_id,title.id=movie_info_idx.movie_id#title.imdb_index,>,0,title.episode_nr,<,20,title.phonetic_code,>,3459#1314755607
movie_info_idx,movie_keyword,cast_info,movie_info,title#title.id=movie_info_idx.movie_id,title.id=movie_keyword.movie_id,title.id=cast_info.movie_id,title.id=movie_info.movie_id#movie_keyword.keyword_id,>,178,movie_info.info_type_id,<,8,title.imdb_index,>,0,title.series_years,>,0,title.production_year,<,125,title.phonetic_code,<,22158#449886
movie_info,movie_keyword,cast_info,movie_companies,title#title.id=movie_info.movie_id,title.id=movie_keyword.movie_id,title.id=cast_info.movie_id,title.id=movie_companies.movie_id#cast_info.nr_order,>,3,movie_companies.company_type_id,>,1,title.episode_nr,<,13,title.series_years,>,0#36168920
movie_keyword,movie_info_idx,movie_companies,movie_info,title#title.id=movie_keyword.movie_id,title.id=movie_info_idx.movie_id,title.id=movie_companies.movie_id,title.id=movie_info.movie_id#movie_keyword.keyword_id,>,1968,title.episode_nr,>,0#61975575
movie_companies,movie_info,movie_keyword,movie_info_idx,title#title.id=movie_companies.movie_id,title.id=movie_info.movie_id,title.id=movie_keyword.movie_id,title.id=movie_info_idx.movie_id#movie_keyword.keyword_id,<,52822,movie_info_idx.info_type_id,<,101,title.kind_id,>,1,title.season_nr,>,0#55040368
movie_info_idx,movie_companies,movie_keyword,movie_info,title#title.id=movie_info_idx.movie_id,title.id=movie_companies.movie_id,title.id=movie_keyword.movie_id,title.id=movie_info.movie_id#movie_info.info_type_id,>,2,title.imdb_index,>,0#337492305
cast_info,movie_info_idx,movie_info,movie_keyword,title#title.id=cast_info.movie_id,title.id=movie_info_idx.movie_id,title.id=movie_info.movie_id,title.id=movie_keyword.movie_id#cast_info.nr_order,<,121,title.imdb_index,=,0,title.production_year,<,124,title.episode_nr,>,45#1278132
movie_keyword,movie_info,movie_companies,cast_info,title#title.id=movie_keyword.movie_id,title.id=movie_info.movie_id,title.id=movie_companies.movie_id,title.id=cast_info.movie_id#movie_info.info_type_id,<,94,cast_info.role_id,>,1,title.season_nr,>,0#1216977178
movie_info,movie_info_idx,movie_companies,movie_keyword,title#title.id=movie_info.movie_id,title.id=movie_info_idx.movie_id,title.id=movie_companies.movie_id,title.id=movie_keyword.movie_id#movie_info_idx.info_type_id,=,101,movie_companies.company_type_id,=,2,movie_keyword.keyword_id,<,21233,title.production_year,>,114,title.series_years,>,0,title.phonetic_code,>,761#4776515
movie_info,cast_info,movie_keyword,movie_info_idx,title#title.id=movie_info.movie_id,title.id=cast_info.movie_id,title.id=movie_keyword.movie_id,title.id=movie_info_idx.movie_id#cast_info.nr_order,>,1,movie_info_idx.info_type_id,>,99,title.production_year,<,101,title.imdb_index,>,0#5425254
movie_info,movie_info_idx,movie_companies,movie_keyword,title#title.id=movie_info.movie_id,title.id=movie_info_idx.movie_id,title.id=movie_companies.movie_id,title.id=movie_keyword.movie_id#movie_info.info_type_id,>,1,movie_info_idx.info_type_id,>,99,movie_companies.company_type_id,<,2,movie_keyword.keyword_id,>,373,title.phonetic_code,>,16973#1408693354
movie_info_idx,cast_info,movie_keyword,movie_info,title#title.id=movie_info_idx.movie_id,title.id=cast_info.movie_id,title.id=movie_keyword.movie_id,title.id=movie_info.movie_id#movie_info_idx.info_type_id,=,100,cast_info.nr_order,<,11,title.phonetic_code,>,9903,title.production_year,<,117#771060224
cast_info,movie_info_idx,movie_keyword,movie_companies,title#title.id=cast_info.movie_id,title.id=movie_info_idx.movie_id,title.id=movie_keyword.movie_id,title.id=movie_companies.movie_id#movie_info_idx.info_type_id,<,101,movie_companies.company_type_id,<,2,title.phonetic_code,<,19580#4667488736
movie_companies,movie_info_idx,movie_keyword,cast_info,title#title.id=movie_companies.movie_id,title.id=movie_info_idx.movie_id,title.id=movie_keyword.movie_id,title.id=cast_info.movie_id#movie_companies.company_type_id,<,2,movie_keyword.keyword_id,>,585,title.series_years,<,1188,title.phonetic_code,>,0#6764160140
movie_companies,movie_info,movie_info_idx,movie_keyword,title#title.id=movie_companies.movie_id,title.id=movie_info.movie_id,title.id=movie_info_idx.movie_id,title.id=movie_keyword.movie_id#movie_companies.company_type_id,=,1,movie_info.info_type_id,<,16,title.production_year,>,110,title.series_years,>,0#67966422
movie_info,movie_keyword,cast_info,movie_companies,title#title.id=movie_info.movie_id,title.id=movie_keyword.movie_id,title.id=cast_info.movie_id,title.id=movie_companies.movie_id#movie_keyword.keyword_id,>,335,movie_companies.company_type_id,=,2,title.kind_id,=,7#593588589
movie_companies,cast_info,movie_info,movie_keyword,title#title.id=movie_companies.movie_id,title.id=cast_info.movie_id,title.id=movie_info.movie_id,title.id=movie_keyword.movie_id#movie_companies.company_type_id,=,1,cast_info.nr_order,>,3,title.phonetic_code,<,13494,title.kind_id,=,2,title.series_years,>,666#46145880
movie_info_idx,movie_keyword,movie_info,cast_info,title#title.id=movie_info_idx.movie_id,title.id=movie_keyword.movie_id,title.id=movie_info.movie_id,title.id=cast_info.movie_id#movie_info.info_type_id,<,103,title.imdb_index,>,0,title.production_year,>,123,title.episode_nr,<,8#481604607
movie_info,movie_info_idx,movie_keyword,movie_companies,title#title.id=movie_info.movie_id,title.id=movie_info_idx.movie_id,title.id=movie_keyword.movie_id,title.id=movie_companies.movie_id#movie_info_idx.info_type_id,<,101,title.production_year,<,124#8670095854
movie_keyword,cast_info,movie_companies,movie_info,title#title.id=movie_keyword.movie_id,title.id=cast_info.movie_id,title.id=movie_companies.movie_id,title.id=movie_info.movie_id#title.episode_nr,>,0,title.season_nr,<,2,title.phonetic_code,<,22004,title.production_year,>,0#864522401
movie_info,movie_keyword,movie_companies,movie_info_idx,title#title.id=movie_info.movie_id,title.id=movie_keyword.movie_id,title.id=movie_companies.movie_id,title.id=movie_info_idx.movie_id#movie_info.info_type_id,>,1,movie_info_idx.info_type_id,=,101,title.phonetic_code,>,17206#710873723
cast_info,movie_companies,movie_keyword,movie_info_idx,title#title.id=cast_info.movie_id,title.id=movie_companies.movie_id,title.id=movie_keyword.movie_id,title.id=movie_info_idx.movie_id#cast_info.nr_order,>,1,movie_companies.company_type_id,=,2,movie_keyword.keyword_id,>,117,title.production_year,>,111#439144325
movie_info,movie_companies,movie_info_idx,movie_keyword,title#title.id=movie_info.movie_id,title.id=movie_companies.movie_id,title.id=movie_info_idx.movie_id,title.id=movie_keyword.movie_id#movie_keyword.keyword_id,<,44741,title.season_nr,>,0#80628153
movie_companies,movie_info_idx,movie_keyword,movie_info,title#title.id=movie_companies.movie_id,title.id=movie_info_idx.movie_id,title.id=movie_keyword.movie_id,title.id=movie_info.movie_id#movie_info_idx.info_type_id,>,99,movie_info.info_type_id,<,98,title.production_year,<,92,title.phonetic_code,>,16960#281116135
movie_info_idx,movie_info,movie_keyword,movie_companies,title#title.id=movie_info_idx.movie_id,title.id=movie_info.movie_id,title.id=movie_keyword.movie_id,title.id=movie_companies.movie_id#movie_info_idx.info_type_id,>,99,title.kind_id,=,1#9943718040
movie_info,movie_keyword,cast_info,movie_info_idx,title#title.id=movie_info.movie_id,title.id=movie_keyword.movie_id,title.id=cast_info.movie_id,title.id=movie_info_idx.movie_id#cast_info.role_id,=,10,title.season_nr,=,1#97876932
movie_companies,movie_info,cast_info,movie_info_idx,title#title.id=movie_companies.movie_id,title.id=movie_info.movie_id,title.id=cast_info.movie_id,title.id=movie_info_idx.movie_id#movie_companies.company_type_id,<,2,title.production_year,<,67,title.series_years,>,0,title.phonetic_code,>,16973#108840
movie_keyword,movie_info,movie_info_idx,cast_info,title#title.id=movie_keyword.movie_id,title.id=movie_info.movie_id,title.id=movie_info_idx.movie_id,title.id=cast_info.movie_id#movie_info.info_type_id,<,16,title.episode_nr,>,0#490812339
movie_companies,movie_keyword,movie_info_idx,movie_info,title#title.id=movie_companies.movie_id,title.id=movie_keyword.movie_id,title.id=movie_info_idx.movie_id,title.id=movie_info.movie_id#movie_companies.company_type_id,>,1,title.imdb_index,=,0,title.episode_nr,<,28#2199508370
movie_keyword,movie_companies,cast_info,movie_info_idx,title#title.id=movie_keyword.movie_id,title.id=movie_companies.movie_id,title.id=cast_info.movie_id,title.id=movie_info_idx.movie_id#movie_keyword.keyword_id,<,38436,cast_info.role_id,>,1,title.imdb_index,=,0,title.production_year,>,122#1245042211
movie_info,movie_info_idx,movie_companies,cast_info,title#title.id=movie_info.movie_id,title.id=movie_info_idx.movie_id,title.id=movie_companies.movie_id,title.id=cast_info.movie_id#movie_info_idx.info_type_id,<,101,cast_info.nr_order,>,1,title.phonetic_code,<,11412,title.episode_nr,>,0,title.season_nr,>,0#76916604
movie_keyword,cast_info,movie_info_idx,movie_info,title#title.id=movie_keyword.movie_id,title.id=cast_info.movie_id,title.id=movie_info_idx.movie_id,title.id=movie_info.movie_id#cast_info.nr_order,>,1,title.series_years,>,0#44783688
cast_info,movie_companies,movie_info_idx,movie_info,title#title.id=cast_info.movie_id,title.id=movie_companies.movie_id,title.id=movie_info_idx.movie_id,title.id=movie_info.movie_id#cast_info.role_id,>,1,title.phonetic_code,>,0#11771655092
movie_info_idx,movie_companies,cast_info,movie_keyword,title#title.id=movie_info_idx.movie_id,title.id=movie_companies.movie_id,title.id=cast_info.movie_id,title.id=movie_keyword.movie_id#movie_info_idx.info_type_id,=,101,movie_companies.company_type_id,=,2,title.episode_nr,<,23,title.production_year,>,0#593458672
movie_info,movie_companies,movie_keyword,cast_info,title#title.id=movie_info.movie_id,title.id=movie_companies.movie_id,title.id=movie_keyword.movie_id,title.id=cast_info.movie_id#movie_companies.company_type_id,<,2,movie_keyword.keyword_id,<,56256,cast_info.role_id,>,1,title.episode_nr,>,0,title.kind_id,>,1,title.series_years,>,0,title.production_year,<,112#5874
movie_info,movie_keyword,movie_info_idx,cast_info,title#title.id=movie_info.movie_id,title.id=movie_keyword.movie_id,title.id=movie_info_idx.movie_id,title.id=cast_info.movie_id#movie_info_idx.info_type_id,<,101,title.production_year,>,120,title.season_nr,>,3,title.episode_nr,>,22#2143674
cast_info,movie_keyword,movie_companies,movie_info_idx,title#title.id=cast_info.movie_id,title.id=movie_keyword.movie_id,title.id=movie_companies.movie_id,title.id=movie_info_idx.movie_id#movie_keyword.keyword_id,>,964,movie_info_idx.info_type_id,<,101,title.series_years,>,0,title.production_year,>,110,title.kind_id,>,1#16264194
movie_keyword,movie_companies,movie_info_idx,cast_info,title#title.id=movie_keyword.movie_id,title.id=movie_companies.movie_id,title.id=movie_info_idx.movie_id,title.id=cast_info.movie_id#movie_keyword.keyword_id,<,88525,movie_companies.company_type_id,<,2,movie_info_idx.info_type_id,>,99,cast_info.nr_order,<,24,title.production_year,<,115,title.kind_id,>,1,title.phonetic_code,<,10047#12280112
movie_keyword,movie_info,movie_companies,movie_info_idx,title#title.id=movie_keyword.movie_id,title.id=movie_info.movie_id,title.id=movie_companies.movie_id,title.id=movie_info_idx.movie_id#movie_keyword.keyword_id,>,807,movie_info.info_type_id,<,16,title.series_years,>,0#98824515
movie_keyword,movie_info_idx,movie_info,movie_companies,title#title.id=movie_keyword.movie_id,title.id=movie_info_idx.movie_id,title.id=movie_info.movie_id,title.id=movie_companies.movie_id#movie_keyword.keyword_id,<,42246,movie_info.info_type_id,>,2,title.episode_nr,>,0#72239457
cast_info,movie_info_idx,movie_info,movie_keyword,title#title.id=cast_info.movie_id,title.id=movie_info_idx.movie_id,title.id=movie_info.movie_id,title.id=movie_keyword.movie_id#movie_info.info_type_id,<,106,title.phonetic_code,>,1199,title.series_years,>,0#326507754
movie_info,movie_keyword,movie_companies,cast_info,title#title.id=movie_info.movie_id,title.id=movie_keyword.movie_id,title.id=movie_companies.movie_id,title.id=cast_info.movie_id#movie_info.info_type_id,<,16,movie_keyword.keyword_id,>,213,title.phonetic_code,>,22300,title.season_nr,=,0#1590928319
movie_keyword,movie_info,movie_companies,cast_info,title#title.id=movie_keyword.movie_id,title.id=movie_info.movie_id,title.id=movie_companies.movie_id,title.id=cast_info.movie_id#title.season_nr,=,2,title.phonetic_code,<,12400#174167288
movie_companies,cast_info,movie_keyword,movie_info_idx,title#title.id=movie_companies.movie_id,title.id=cast_info.movie_id,title.id=movie_keyword.movie_id,title.id=movie_info_idx.movie_id#movie_companies.company_type_id,>,1,title.kind_id,=,3,title.production_year,>,62#63517779
movie_info_idx,movie_info,movie_keyword,movie_companies,title#title.id=movie_info_idx.movie_id,title.id=movie_info.movie_id,title.id=movie_keyword.movie_id,title.id=movie_companies.movie_id#movie_info_idx.info_type_id,<,101,movie_companies.company_type_id,=,1,title.episode_nr,<,16#8181780998
movie_info,movie_info_idx,movie_keyword,cast_info,title#title.id=movie_info.movie_id,title.id=movie_info_idx.movie_id,title.id=movie_keyword.movie_id,title.id=cast_info.movie_id#movie_keyword.keyword_id,>,41,cast_info.role_id,=,2,title.phonetic_code,>,4091,title.production_year,<,104,title.kind_id,>,1#37871646
movie_info,movie_keyword,movie_info_idx,movie_companies,title#title.id=movie_info.movie_id,title.id=movie_keyword.movie_id,title.id=movie_info_idx.movie_id,title.id=movie_companies.movie_id#movie_companies.company_type_id,=,2,title.season_nr,=,0,title.kind_id,>,4,title.production_year,<,126#8633238
movie_info_idx,movie_keyword,cast_info,movie_companies,title#title.id=movie_info_idx.movie_id,title.id=movie_keyword.movie_id,title.id=cast_info.movie_id,title.id=movie_companies.movie_id#cast_info.role_id,<,10,title.episode_nr,>,0#157187565
movie_companies,movie_info_idx,movie_info,movie_keyword,title#title.id=movie_companies.movie_id,title.id=movie_info_idx.movie_id,title.id=movie_info.movie_id,title.id=movie_keyword.movie_id#movie_companies.company_type_id,=,2,movie_info_idx.info_type_id,>,99,movie_keyword.keyword_id,<,3540,title.production_year,>,116#322570748
movie_companies,movie_info_idx,movie_info,cast_info,title#title.id=movie_companies.movie_id,title.id=movie_info_idx.movie_id,title.id=movie_info.movie_id,title.id=cast_info.movie_id#title.phonetic_code,>,0,title.imdb_index,=,0#17029692378
movie_keyword,movie_info_idx,cast_info,movie_info,title#title.id=movie_keyword.movie_id,title.id=movie_info_idx.movie_id,title.id=cast_info.movie_id,title.id=movie_info.movie_id#movie_keyword.keyword_id,<,9527,movie_info_idx.info_type_id,=,99,movie_info.info_type_id,<,98,title.kind_id,=,3,title.production_year,<,119#115955113
movie_companies,movie_info_idx,cast_info,movie_keyword,title#title.id=movie_companies.movie_id,title.id=movie_info_idx.movie_id,title.id=cast_info.movie_id,title.id=movie_keyword.movie_id#movie_companies.company_type_id,>,1,movie_info_idx.info_type_id,<,101,cast_info.role_id,>,10,title.season_nr,=,0,title.series_years,>,0#111650
movie_companies,cast_info,movie_info,movie_keyword,title#title.id=movie_companies.movie_id,title.id=cast_info.movie_id,title.id=movie_info.movie_id,title.id=movie_keyword.movie_id#cast_info.nr_order,>,2,movie_info.info_type_id,<,98,title.episode_nr,<,122,title.imdb_index,>,0#3867925553
movie_info,movie_info_idx,movie_keyword,movie_companies,title#title.id=movie_info.movie_id,title.id=movie_info_idx.movie_id,title.id=movie_keyword.movie_id,title.id=movie_companies.movie_id#title.production_year,>,87,title.imdb_index,>,0,title.kind_id,>,1,title.season_nr,=,0#2039985
movie_keyword,movie_companies,movie_info_idx,cast_info,title#title.id=movie_keyword.movie_id,title.id=movie_companies.movie_id,title.id=movie_info_idx.movie_id,title.id=cast_info.movie_id#movie_companies.company_type_id,<,2,title.kind_id,<,7#7490608364
movie_keyword,movie_info,movie_companies,cast_info,title#title.id=movie_keyword.movie_id,title.id=movie_info.movie_id,title.id=movie_companies.movie_id,title.id=cast_info.movie_id#title.series_years,<,1397,title.imdb_index,=,2,title.production_year,>,68#542445772
movie_info_idx,movie_keyword,movie_companies,movie_info,title#title.id=movie_info_idx.movie_id,title.id=movie_keyword.movie_id,title.id=movie_companies.movie_id,title.id=movie_info.movie_id#movie_info_idx.info_type_id,<,101,title.season_nr,=,2#9726540
movie_keyword,movie_info,movie_info_idx,cast_info,title#title.id=movie_keyword.movie_id,title.id=movie_info.movie_id,title.id=movie_info_idx.movie_id,title.id=cast_info.movie_id#movie_keyword.keyword_id,<,34467,cast_info.role_id,<,10,title.series_years,>,0,title.phonetic_code,>,10183,title.production_year,>,85#75805302
movie_info,movie_keyword,movie_info_idx,cast_info,title#title.id=movie_info.movie_id,title.id=movie_keyword.movie_id,title.id=movie_info_idx.movie_id,title.id=cast_info.movie_id#movie_info.info_type_id,>,1,movie_info_idx.info_type_id,=,101,cast_info.nr_order,>,0,title.episode_nr,>,19#8263608
movie_info_idx,cast_info,movie_info,movie_companies,title#title.id=movie_info_idx.movie_id,title.id=cast_info.movie_id,title.id=movie_info.movie_id,title.id=movie_companies.movie_id#movie_info_idx.info_type_id,=,101,cast_info.role_id,<,10,title.production_year,>,124#273542806
cast_info,movie_keyword,movie_info,movie_info_idx,title#title.id=cast_info.movie_id,title.id=movie_keyword.movie_id,title.id=movie_info.movie_id,title.id=movie_info_idx.movie_id#movie_keyword.keyword_id,<,62956,movie_info.info_type_id,<,98,title.series_years,>,0#358917072
movie_info_idx,cast_info,movie_info,movie_keyword,title#title.id=movie_info_idx.movie_id,title.id=cast_info.movie_id,title.id=movie_info.movie_id,title.id=movie_keyword.movie_id#title.season_nr,>,0#827540361
movie_companies,cast_info,movie_info_idx,movie_info,title#title.id=movie_companies.movie_id,title.id=cast_info.movie_id,title.id=movie_info_idx.movie_id,title.id=movie_info.movie_id#cast_info.nr_order,<,70,title.production_year,<,112,title.phonetic_code,>,0,title.season_nr,>,0#58848870
movie_keyword,cast_info,movie_info,movie_info_idx,title#title.id=movie_keyword.movie_id,title.id=cast_info.movie_id,title.id=movie_info.movie_id,title.id=movie_info_idx.movie_id#cast_info.nr_order,>,0,movie_info.info_type_id,<,18,title.imdb_index,>,0,title.phonetic_code,<,10349,title.kind_id,<,2#198144720
movie_keyword,movie_info_idx,cast_info,movie_companies,title#title.id=movie_keyword.movie_id,title.id=movie_info_idx.movie_id,title.id=cast_info.movie_id,title.id=movie_companies.movie_id#movie_keyword.keyword_id,<,16203,title.phonetic_code,<,11513#4083730728
movie_info,movie_info_idx,movie_companies,cast_info,title#title.id=movie_info.movie_id,title.id=movie_info_idx.movie_id,title.id=movie_companies.movie_id,title.id=cast_info.movie_id#cast_info.role_id,>,1,title.imdb_index,>,0,title.series_years,>,0,title.season_nr,=,0#709896
movie_keyword,movie_info,movie_companies,movie_info_idx,title#title.id=movie_keyword.movie_id,title.id=movie_info.movie_id,title.id=movie_companies.movie_id,title.id=movie_info_idx.movie_id#movie_info.info_type_id,>,2,title.series_years,>,0#231683070
movie_info_idx,cast_info,movie_info,movie_keyword,title#title.id=movie_info_idx.movie_id,title.id=cast_info.movie_id,title.id=movie_info.movie_id,title.id=movie_keyword.movie_id#movie_info.info_type_id,<,16,title.series_years,>,0#233548464
movie_companies,movie_info,cast_info,movie_keyword,title#title.id=movie_companies.movie_id,title.id=movie_info.movie_id,title.id=cast_info.movie_id,title.id=movie_keyword.movie_id#cast_info.nr_order,<,39,title.season_nr,=,2#100904755
cast_info,movie_companies,movie_keyword,movie_info,title#title.id=cast_info.movie_id,title.id=movie_companies.movie_id,title.id=movie_keyword.movie_id,title.id=movie_info.movie_id#movie_info.info_type_id,>,2,title.season_nr,>,0,title.episode_nr,>,0,title.production_year,>,87,title.phonetic_code,<,2989#334895027
cast_info,movie_companies,movie_keyword,movie_info_idx,title#title.id=cast_info.movie_id,title.id=movie_companies.movie_id,title.id=movie_keyword.movie_id,title.id=movie_info_idx.movie_id#title.imdb_index,>,0,title.series_years,>,0,title.episode_nr,<,171,title.phonetic_code,<,18949#336633
movie_keyword,cast_info,movie_info_idx,movie_companies,title#title.id=movie_keyword.movie_id,title.id=cast_info.movie_id,title.id=movie_info_idx.movie_id,title.id=movie_companies.movie_id#movie_keyword.keyword_id,<,112991,title.series_years,<,572,title.imdb_index,>,0,title.phonetic_code,>,0#271387875
movie_keyword,movie_companies,cast_info,movie_info_idx,title#title.id=movie_keyword.movie_id,title.id=movie_companies.movie_id,title.id=cast_info.movie_id,title.id=movie_info_idx.movie_id#movie_info_idx.info_type_id,=,100,title.phonetic_code,>,230,title.production_year,<,108,title.episode_nr,>,3#6074768
movie_companies,movie_info,movie_info_idx,movie_keyword,title#title.id=movie_companies.movie_id,title.id=movie_info.movie_id,title.id=movie_info_idx.movie_id,title.id=movie_keyword.movie_id#movie_info.info_type_id,<,104,movie_keyword.keyword_id,>,240,title.series_years,>,0,title.kind_id,>,1,title.phonetic_code,<,1318,title.season_nr,=,0#24867525
movie_companies,movie_keyword,movie_info_idx,cast_info,title#title.id=movie_companies.movie_id,title.id=movie_keyword.movie_id,title.id=movie_info_idx.movie_id,title.id=cast_info.movie_id#movie_keyword.keyword_id,<,67351,cast_info.nr_order,>,1,title.phonetic_code,>,14332#971800473
movie_info_idx,cast_info,movie_keyword,movie_info,title#title.id=movie_info_idx.movie_id,title.id=cast_info.movie_id,title.id=movie_keyword.movie_id,title.id=movie_info.movie_id#cast_info.nr_order,<,31,movie_info.info_type_id,<,17,title.episode_nr,<,6#10522003771
movie_companies,movie_info,movie_info_idx,movie_keyword,title#title.id=movie_companies.movie_id,title.id=movie_info.movie_id,title.id=movie_info_idx.movie_id,title.id=movie_keyword.movie_id#movie_info_idx.info_type_id,<,101,title.series_years,>,0#158600286
movie_companies,cast_info,movie_info_idx,movie_keyword,title#title.id=movie_companies.movie_id,title.id=cast_info.movie_id,title.id=movie_info_idx.movie_id,title.id=movie_keyword.movie_id#movie_info_idx.info_type_id,=,100,movie_keyword.keyword_id,<,29415,title.kind_id,<,7,title.phonetic_code,<,4403#767699987
movie_info_idx,movie_keyword,movie_info,movie_companies,title#title.id=movie_info_idx.movie_id,title.id=movie_keyword.movie_id,title.id=movie_info.movie_id,title.id=movie_companies.movie_id#movie_info_idx.info_type_id,>,99,movie_info.info_type_id,<,18,title.phonetic_code,>,9244#3572697391
cast_info,movie_keyword,movie_info_idx,movie_companies,title#title.id=cast_info.movie_id,title.id=movie_keyword.movie_id,title.id=movie_info_idx.movie_id,title.id=movie_companies.movie_id#title.season_nr,<,2,title.episode_nr,<,12#9285544267
movie_companies,movie_info,movie_keyword,movie_info_idx,title#title.id=movie_companies.movie_id,title.id=movie_info.movie_id,title.id=movie_keyword.movie_id,title.id=movie_info_idx.movie_id#movie_companies.company_type_id,>,1,movie_keyword.keyword_id,>,186,movie_info_idx.info_type_id,>,99,title.imdb_index,>,0#38339892
movie_keyword,movie_companies,movie_info,movie_info_idx,title#title.id=movie_keyword.movie_id,title.id=movie_companies.movie_id,title.id=movie_info.movie_id,title.id=movie_info_idx.movie_id#movie_keyword.keyword_id,>,62,movie_info_idx.info_type_id,>,99,title.phonetic_code,<,20710,title.kind_id,=,1,title.season_nr,=,0,title.imdb_index,=,0#9389040904
movie_info_idx,cast_info,movie_info,movie_keyword,title#title.id=movie_info_idx.movie_id,title.id=cast_info.movie_id,title.id=movie_info.movie_id,title.id=movie_keyword.movie_id#movie_info_idx.info_type_id,>,99,cast_info.role_id,=,1,movie_keyword.keyword_id,<,4901,title.season_nr,>,0#67880736
movie_keyword,movie_info,movie_info_idx,cast_info,title#title.id=movie_keyword.movie_id,title.id=movie_info.movie_id,title.id=movie_info_idx.movie_id,title.id=cast_info.movie_id#movie_keyword.keyword_id,>,1644,movie_info.info_type_id,<,108,cast_info.nr_order,>,4,title.imdb_index,=,1,title.phonetic_code,>,15597#94247502
movie_keyword,cast_info,movie_info,movie_info_idx,title#title.id=movie_keyword.movie_id,title.id=cast_info.movie_id,title.id=movie_info.movie_id,title.id=movie_info_idx.movie_id#cast_info.nr_order,>,1,movie_info.info_type_id,<,103,title.episode_nr,>,9#93238545
movie_companies,movie_info,movie_info_idx,movie_keyword,title#title.id=movie_companies.movie_id,title.id=movie_info.movie_id,title.id=movie_info_idx.movie_id,title.id=movie_keyword.movie_id#movie_info_idx.info_type_id,<,101,title.phonetic_code,<,18886#8997281522
movie_info_idx,cast_info,movie_companies,movie_keyword,title#title.id=movie_info_idx.movie_id,title.id=cast_info.movie_id,title.id=movie_companies.movie_id,title.id=movie_keyword.movie_id#movie_companies.company_type_id,>,1,title.imdb_index,>,0,title.phonetic_code,>,0#52488474
movie_info_idx,movie_companies,movie_keyword,cast_info,title#title.id=movie_info_idx.movie_id,title.id=movie_companies.movie_id,title.id=movie_keyword.movie_id,title.id=cast_info.movie_id#movie_companies.company_type_id,<,2,title.season_nr,<,2,title.production_year,>,0#7553378720
movie_info_idx,movie_info,cast_info,movie_keyword,title#title.id=movie_info_idx.movie_id,title.id=movie_info.movie_id,title.id=cast_info.movie_id,title.id=movie_keyword.movie_id#movie_info_idx.info_type_id,=,99,movie_info.info_type_id,<,105,title.episode_nr,>,0#273116921
movie_companies,movie_info,cast_info,movie_info_idx,title#title.id=movie_companies.movie_id,title.id=movie_info.movie_id,title.id=cast_info.movie_id,title.id=movie_info_idx.movie_id#movie_info.info_type_id,<,57,title.imdb_index,>,0#318109325
movie_info,movie_info_idx,cast_info,movie_keyword,title#title.id=movie_info.movie_id,title.id=movie_info_idx.movie_id,title.id=cast_info.movie_id,title.id=movie_keyword.movie_id#cast_info.nr_order,>,0,title.kind_id,>,1#1156725969
movie_info_idx,movie_keyword,movie_info,movie_companies,title#title.id=movie_info_idx.movie_id,title.id=movie_keyword.movie_id,title.id=movie_info.movie_id,title.id=movie_companies.movie_id#movie_info_idx.info_type_id,=,99,movie_keyword.keyword_id,<,14578,movie_info.info_type_id,>,1,title.imdb_index,=,0#3349583261
movie_info,cast_info,movie_keyword,movie_info_idx,title#title.id=movie_info.movie_id,title.id=cast_info.movie_id,title.id=movie_keyword.movie_id,title.id=movie_info_idx.movie_id#movie_info.info_type_id,>,2,title.production_year,<,126,title.episode_nr,>,0,title.phonetic_code,>,0#700236531
movie_companies,movie_info,movie_info_idx,cast_info,title#title.id=movie_companies.movie_id,title.id=movie_info.movie_id,title.id=movie_info_idx.movie_id,title.id=cast_info.movie_id#movie_info.info_type_id,>,3,title.imdb_index,=,0#16337774827
cast_info,movie_info_idx,movie_companies,movie_info,title#title.id=cast_info.movie_id,title.id=movie_info_idx.movie_id,title.id=movie_companies.movie_id,title.id=movie_info.movie_id#cast_info.role_id,>,1,title.kind_id,<,7,title.series_years,<,1397#11343687119
movie_info,cast_info,movie_companies,movie_keyword,title#title.id=movie_info.movie_id,title.id=cast_info.movie_id,title.id=movie_companies.movie_id,title.id=movie_keyword.movie_id#movie_info.info_type_id,>,1,movie_companies.company_type_id,=,1,title.series_years,>,0,title.phonetic_code,>,21003#137703268
movie_info,movie_info_idx,cast_info,movie_keyword,title#title.id=movie_info.movie_id,title.id=movie_info_idx.movie_id,title.id=cast_info.movie_id,title.id=movie_keyword.movie_id#movie_info.info_type_id,>,2,cast_info.role_id,>,1,title.episode_nr,<,54,title.series_years,>,0#282122265
cast_info,movie_companies,movie_keyword,movie_info,title#title.id=cast_info.movie_id,title.id=movie_companies.movie_id,title.id=movie_keyword.movie_id,title.id=movie_info.movie_id#cast_info.nr_order,<,28,movie_companies.company_type_id,=,2,movie_keyword.keyword_id,>,359,movie_info.info_type_id,<,104,title.series_years,>,0,title.production_year,>,88#14579604
movie_keyword,movie_info,movie_info_idx,movie_companies,title#title.id=movie_keyword.movie_id,title.id=movie_info.movie_id,title.id=movie_info_idx.movie_id,title.id=movie_companies.movie_id#title.episode_nr,<,16,title.production_year,>,115,title.phonetic_code,>,868,title.kind_id,<,7#6936118650
movie_companies,movie_info,cast_info,movie_info_idx,title#title.id=movie_companies.movie_id,title.id=movie_info.movie_id,title.id=cast_info.movie_id,title.id=movie_info_idx.movie_id#movie_info.info_type_id,<,76,title.kind_id,=,7,title.production_year,<,126,title.episode_nr,>,0#550100487
movie_keyword,movie_companies,movie_info_idx,cast_info,title#title.id=movie_keyword.movie_id,title.id=movie_companies.movie_id,title.id=movie_info_idx.movie_id,title.id=cast_info.movie_id#title.production_year,<,125#8589645898
movie_companies,cast_info,movie_keyword,movie_info,title#title.id=movie_companies.movie_id,title.id=cast_info.movie_id,title.id=movie_keyword.movie_id,title.id=movie_info.movie_id#movie_companies.company_type_id,<,2,cast_info.role_id,=,10,title.series_years,>,0,title.imdb_index,>,0#1971330
movie_info_idx,movie_companies,movie_info,cast_info,title#title.id=movie_info_idx.movie_id,title.id=movie_companies.movie_id,title.id=movie_info.movie_id,title.id=cast_info.movie_id#cast_info.role_id,=,1,title.season_nr,>,0#158756235
movie_keyword,movie_companies,cast_info,movie_info,title#title.id=movie_keyword.movie_id,title.id=movie_companies.movie_id,title.id=cast_info.movie_id,title.id=movie_info.movie_id#title.season_nr,=,1,title.production_year,<,126#832770723
movie_info_idx,movie_keyword,movie_companies,movie_info,title#title.id=movie_info_idx.movie_id,title.id=movie_keyword.movie_id,title.id=movie_companies.movie_id,title.id=movie_info.movie_id#movie_companies.company_type_id,=,2,movie_info.info_type_id,<,16,title.episode_nr,>,0,title.imdb_index,=,0#18810654
movie_keyword,movie_companies,cast_info,movie_info,title#title.id=movie_keyword.movie_id,title.id=movie_companies.movie_id,title.id=cast_info.movie_id,title.id=movie_info.movie_id#title.imdb_index,>,0#17826014176
movie_companies,movie_keyword,cast_info,movie_info,title#title.id=movie_companies.movie_id,title.id=movie_keyword.movie_id,title.id=cast_info.movie_id,title.id=movie_info.movie_id#movie_companies.company_type_id,=,1,movie_keyword.keyword_id,<,82412,movie_info.info_type_id,>,3,title.series_years,>,0,title.phonetic_code,>,21004#136187887
cast_info,movie_info_idx,movie_keyword,movie_companies,title#title.id=cast_info.movie_id,title.id=movie_info_idx.movie_id,title.id=movie_keyword.movie_id,title.id=movie_companies.movie_id#movie_info_idx.info_type_id,=,101,movie_companies.company_type_id,<,2,title.phonetic_code,>,1224#2262309611
movie_info_idx,movie_companies,movie_keyword,cast_info,title#title.id=movie_info_idx.movie_id,title.id=movie_companies.movie_id,title.id=movie_keyword.movie_id,title.id=cast_info.movie_id#movie_info_idx.info_type_id,<,101,title.kind_id,<,7,title.season_nr,<,63,title.phonetic_code,>,0#5970655934
movie_companies,movie_keyword,movie_info_idx,movie_info,title#title.id=movie_companies.movie_id,title.id=movie_keyword.movie_id,title.id=movie_info_idx.movie_id,title.id=movie_info.movie_id#movie_companies.company_type_id,<,2,title.kind_id,>,1,title.phonetic_code,<,16955#269744739
movie_companies,movie_info_idx,cast_info,movie_keyword,title#title.id=movie_companies.movie_id,title.id=movie_info_idx.movie_id,title.id=cast_info.movie_id,title.id=movie_keyword.movie_id#movie_info_idx.info_type_id,=,99,title.production_year,<,124,title.kind_id,>,1#159067138
cast_info,movie_info,movie_companies,movie_info_idx,title#title.id=cast_info.movie_id,title.id=movie_info.movie_id,title.id=movie_companies.movie_id,title.id=movie_info_idx.movie_id#movie_info_idx.info_type_id,>,99,title.phonetic_code,>,20849#275992695
movie_info_idx,movie_info,movie_keyword,cast_info,title#title.id=movie_info_idx.movie_id,title.id=movie_info.movie_id,title.id=movie_keyword.movie_id,title.id=cast_info.movie_id#movie_info_idx.info_type_id,<,101,movie_info.info_type_id,>,15,cast_info.role_id,=,10,title.production_year,<,121,title.episode_nr,>,0#24956192
movie_companies,movie_keyword,cast_info,movie_info,title#title.id=movie_companies.movie_id,title.id=movie_keyword.movie_id,title.id=cast_info.movie_id,title.id=movie_info.movie_id#movie_companies.company_type_id,=,2,movie_keyword.keyword_id,<,11567,cast_info.nr_order,<,21,title.series_years,>,0#20993190
cast_info,movie_info,movie_keyword,movie_companies,title#title.id=cast_info.movie_id,title.id=movie_info.movie_id,title.id=movie_keyword.movie_id,title.id=movie_companies.movie_id#cast_info.nr_order,<,1000,movie_companies.company_type_id,>,1,title.production_year,<,61#255074492
cast_info,movie_keyword,movie_info,movie_companies,title#title.id=cast_info.movie_id,title.id=movie_keyword.movie_id,title.id=movie_info.movie_id,title.id=movie_companies.movie_id#cast_info.nr_order,>,0,movie_info.info_type_id,>,2,movie_companies.company_type_id,<,2,title.kind_id,>,1#1672013170
movie_info,movie_companies,movie_info_idx,cast_info,title#title.id=movie_info.movie_id,title.id=movie_companies.movie_id,title.id=movie_info_idx.movie_id,title.id=cast_info.movie_id#movie_companies.company_type_id,<,2,title.imdb_index,>,0#338012150
movie_info,movie_keyword,movie_companies,movie_info_idx,title#title.id=movie_info.movie_id,title.id=movie_keyword.movie_id,title.id=movie_companies.movie_id,title.id=movie_info_idx.movie_id#movie_info.info_type_id,<,107,movie_info_idx.info_type_id,<,101,title.season_nr,=,0,title.series_years,>,1296,title.phonetic_code,<,17667#56359826
movie_companies,movie_keyword,movie_info_idx,movie_info,title#title.id=movie_companies.movie_id,title.id=movie_keyword.movie_id,title.id=movie_info_idx.movie_id,title.id=movie_info.movie_id#movie_keyword.keyword_id,>,117,movie_info_idx.info_type_id,>,99,movie_info.info_type_id,>,2,title.phonetic_code,<,2776#2028656999
movie_keyword,movie_info_idx,cast_info,movie_companies,title#title.id=movie_keyword.movie_id,title.id=movie_info_idx.movie_id,title.id=cast_info.movie_id,title.id=movie_companies.movie_id#movie_info_idx.info_type_id,=,100,cast_info.role_id,=,10,title.production_year,<,113#225665966
movie_keyword,cast_info,movie_companies,movie_info,title#title.id=movie_keyword.movie_id,title.id=cast_info.movie_id,title.id=movie_companies.movie_id,title.id=movie_info.movie_id#movie_keyword.keyword_id,<,45115,movie_info.info_type_id,>,2,title.imdb_index,>,0,title.production_year,>,114#14981642271
movie_info,cast_info,movie_info_idx,movie_companies,title#title.id=movie_info.movie_id,title.id=cast_info.movie_id,title.id=movie_info_idx.movie_id,title.id=movie_companies.movie_id#movie_info.info_type_id,<,93,movie_companies.company_type_id,<,2,title.series_years,>,0#129945402
movie_info,movie_companies,cast_info,movie_info_idx,title#title.id=movie_info.movie_id,title.id=movie_companies.movie_id,title.id=cast_info.movie_id,title.id=movie_info_idx.movie_id#movie_companies.company_type_id,=,2,title.series_years,>,0#58621722
cast_info,movie_info,movie_companies,movie_info_idx,title#title.id=cast_info.movie_id,title.id=movie_info.movie_id,title.id=movie_companies.movie_id,title.id=movie_info_idx.movie_id#cast_info.role_id,=,7,movie_info.info_type_id,<,16,title.series_years,>,0#748572
movie_info,movie_info_idx,movie_keyword,cast_info,title#title.id=movie_info.movie_id,title.id=movie_info_idx.movie_id,title.id=movie_keyword.movie_id,title.id=cast_info.movie_id#movie_info_idx.info_type_id,<,101,movie_keyword.keyword_id,>,242,cast_info.nr_order,<,15,title.episode_nr,>,7,title.phonetic_code,<,802#3246254
movie_companies,movie_keyword,cast_info,movie_info_idx,title#title.id=movie_companies.movie_id,title.id=movie_keyword.movie_id,title.id=cast_info.movie_id,title.id=movie_info_idx.movie_id#cast_info.role_id,=,8,title.production_year,>,110#61917456
cast_info,movie_keyword,movie_info_idx,movie_info,title#title.id=cast_info.movie_id,title.id=movie_keyword.movie_id,title.id=movie_info_idx.movie_id,title.id=movie_info.movie_id#movie_info.info_type_id,<,18,title.kind_id,>,1,title.production_year,>,118,title.season_nr,=,0#684336864
movie_info,movie_info_idx,cast_info,movie_keyword,title#title.id=movie_info.movie_id,title.id=movie_info_idx.movie_id,title.id=cast_info.movie_id,title.id=movie_keyword.movie_id#title.production_year,>,0,title.episode_nr,<,82,title.season_nr,=,1#329053011
movie_info,movie_info_idx,movie_keyword,cast_info,title#title.id=movie_info.movie_id,title.id=movie_info_idx.movie_id,title.id=movie_keyword.movie_id,title.id=cast_info.movie_id#movie_keyword.keyword_id,>,245,cast_info.nr_order,<,36,title.phonetic_code,>,16925#3482306186
movie_keyword,movie_info_idx,movie_info,movie_companies,title#title.id=movie_keyword.movie_id,title.id=movie_info_idx.movie_id,title.id=movie_info.movie_id,title.id=movie_companies.movie_id#movie_keyword.keyword_id,<,73464,movie_info_idx.info_type_id,>,99,movie_info.info_type_id,<,106,title.phonetic_code,>,1196,title.production_year,>,116,title.kind_id,=,1#3052422788
movie_info,movie_keyword,cast_info,movie_companies,title#title.id=movie_info.movie_id,title.id=movie_keyword.movie_id,title.id=cast_info.movie_id,title.id=movie_companies.movie_id#movie_companies.company_type_id,=,2,title.season_nr,=,1#288399706
cast_info,movie_info,movie_info_idx,movie_keyword,title#title.id=cast_info.movie_id,title.id=movie_info.movie_id,title.id=movie_info_idx.movie_id,title.id=movie_keyword.movie_id#cast_info.nr_order,<,1000,movie_info_idx.info_type_id,>,99,title.kind_id,=,7,title.episode_nr,>,0,title.phonetic_code,<,17328#175444102
movie_keyword,movie_companies,cast_info,movie_info_idx,title#title.id=movie_keyword.movie_id,title.id=movie_companies.movie_id,title.id=cast_info.movie_id,title.id=movie_info_idx.movie_id#movie_companies.company_type_id,=,2,title.episode_nr,>,20,title.phonetic_code,<,16816#4313076
movie_keyword,movie_info_idx,movie_info,movie_companies,title#title.id=movie_keyword.movie_id,title.id=movie_info_idx.movie_id,title.id=movie_info.movie_id,title.id=movie_companies.movie_id#movie_info.info_type_id,<,16,movie_companies.company_type_id,<,2,title.phonetic_code,<,7166,title.series_years,>,0,title.season_nr,=,0#46989378
movie_info,movie_info_idx,movie_keyword,cast_info,title#title.id=movie_info.movie_id,title.id=movie_info_idx.movie_id,title.id=movie_keyword.movie_id,title.id=cast_info.movie_id#movie_info.info_type_id,>,2,cast_info.nr_order,<,14,title.production_year,<,111#3886628825
movie_keyword,movie_info_idx,movie_companies,movie_info,title#title.id=movie_keyword.movie_id,title.id=movie_info_idx.movie_id,title.id=movie_companies.movie_id,title.id=movie_info.movie_id#movie_info_idx.info_type_id,=,101,movie_info.info_type_id,<,16,title.season_nr,=,0,title.imdb_index,>,0#48292011
movie_companies,movie_keyword,movie_info_idx,movie_info,title#title.id=movie_companies.movie_id,title.id=movie_keyword.movie_id,title.id=movie_info_idx.movie_id,title.id=movie_info.movie_id#movie_companies.company_type_id,<,2,title.kind_id,>,1,title.season_nr,=,0,title.imdb_index,=,0#299589588
cast_info,movie_info_idx,movie_info,movie_keyword,title#title.id=cast_info.movie_id,title.id=movie_info_idx.movie_id,title.id=movie_info.movie_id,title.id=movie_keyword.movie_id#cast_info.nr_order,<,29,title.production_year,>,16,title.phonetic_code,<,16973,title.imdb_index,>,0,title.season_nr,<,8#282763230
movie_keyword,cast_info,movie_companies,movie_info_idx,title#title.id=movie_keyword.movie_id,title.id=cast_info.movie_id,title.id=movie_companies.movie_id,title.id=movie_info_idx.movie_id#movie_keyword.keyword_id,>,254,title.phonetic_code,>,0#8891739998
cast_info,movie_info_idx,movie_info,movie_keyword,title#title.id=cast_info.movie_id,title.id=movie_info_idx.movie_id,title.id=movie_info.movie_id,title.id=movie_keyword.movie_id#cast_info.role_id,=,1,movie_info.info_type_id,<,16,movie_keyword.keyword_id,<,16264,title.phonetic_code,>,6934,title.production_year,>,124#277543496
movie_info,movie_info_idx,movie_companies,cast_info,title#title.id=movie_info.movie_id,title.id=movie_info_idx.movie_id,title.id=movie_companies.movie_id,title.id=cast_info.movie_id#movie_info_idx.info_type_id,=,100,title.phonetic_code,<,17078#4714714025
movie_companies,cast_info,movie_info,movie_keyword,title#title.id=movie_companies.movie_id,title.id=cast_info.movie_id,title.id=movie_info.movie_id,title.id=movie_keyword.movie_id#movie_companies.company_type_id,=,1,movie_info.info_type_id,<,17,movie_keyword.keyword_id,>,70,title.imdb_index,>,0#9814845747
movie_info_idx,movie_info,cast_info,movie_companies,title#title.id=movie_info_idx.movie_id,title.id=movie_info.movie_id,title.id=cast_info.movie_id,title.id=movie_companies.movie_id#title.episode_nr,>,0,title.production_year,<,126,title.phonetic_code,<,10300#298534707
movie_keyword,movie_info_idx,movie_info,movie_companies,title#title.id=movie_keyword.movie_id,title.id=movie_info_idx.movie_id,title.id=movie_info.movie_id,title.id=movie_companies.movie_id#movie_info_idx.info_type_id,=,100,movie_info.info_type_id,<,18,movie_companies.company_type_id,=,1,title.phonetic_code,<,6288,title.series_years,>,0#20023501
movie_info_idx,movie_info,movie_companies,movie_keyword,title#title.id=movie_info_idx.movie_id,title.id=movie_info.movie_id,title.id=movie_companies.movie_id,title.id=movie_keyword.movie_id#movie_info_idx.info_type_id,<,101,title.phonetic_code,>,0,title.imdb_index,>,0#217889622
cast_info,movie_info_idx,movie_keyword,movie_info,title#title.id=cast_info.movie_id,title.id=movie_info_idx.movie_id,title.id=movie_keyword.movie_id,title.id=movie_info.movie_id#cast_info.nr_order,<,22,movie_keyword.keyword_id,>,221,movie_info.info_type_id,<,107,title.series_years,>,0,title.kind_id,>,1#28805061
movie_info,movie_info_idx,movie_keyword,movie_companies,title#title.id=movie_info.movie_id,title.id=movie_info_idx.movie_id,title.id=movie_keyword.movie_id,title.id=movie_companies.movie_id#movie_info_idx.info_type_id,<,101,title.phonetic_code,<,18273#8762379528
movie_info,movie_companies,movie_info_idx,cast_info,title#title.id=movie_info.movie_id,title.id=movie_companies.movie_id,title.id=movie_info_idx.movie_id,title.id=cast_info.movie_id#movie_info.info_type_id,>,1,title.kind_id,=,7,title.episode_nr,>,0#603825063
movie_info_idx,movie_keyword,movie_companies,movie_info,title#title.id=movie_info_idx.movie_id,title.id=movie_keyword.movie_id,title.id=movie_companies.movie_id,title.id=movie_info.movie_id#movie_info_idx.info_type_id,>,99,movie_companies.company_type_id,<,2,title.kind_id,=,7,title.phonetic_code,<,2554,title.production_year,<,125,title.season_nr,<,1#22714
movie_info,movie_keyword,movie_companies,cast_info,title#title.id=movie_info.movie_id,title.id=movie_keyword.movie_id,title.id=movie_companies.movie_id,title.id=cast_info.movie_id#movie_info.info_type_id,>,1,cast_info.role_id,=,2,title.phonetic_code,>,13617,title.season_nr,=,1#46408167
movie_info_idx,movie_keyword,cast_info,movie_companies,title#title.id=movie_info_idx.movie_id,title.id=movie_keyword.movie_id,title.id=cast_info.movie_id,title.id=movie_companies.movie_id#cast_info.role_id,=,3,movie_companies.company_type_id,>,1,title.episode_nr,>,0#15727284
movie_info,movie_keyword,movie_companies,cast_info,title#title.id=movie_info.movie_id,title.id=movie_keyword.movie_id,title.id=movie_companies.movie_id,title.id=cast_info.movie_id#movie_keyword.keyword_id,>,820,movie_companies.company_type_id,=,2,cast_info.role_id,>,1,title.imdb_index,>,0,title.kind_id,>,2,title.phonetic_code,>,718#1293811
movie_keyword,cast_info,movie_companies,movie_info_idx,title#title.id=movie_keyword.movie_id,title.id=cast_info.movie_id,title.id=movie_companies.movie_id,title.id=movie_info_idx.movie_id#cast_info.nr_order,>,0,title.season_nr,<,1#3324320872
movie_info_idx,movie_keyword,movie_info,movie_companies,title#title.id=movie_info_idx.movie_id,title.id=movie_keyword.movie_id,title.id=movie_info.movie_id,title.id=movie_companies.movie_id#movie_info.info_type_id,<,16,title.kind_id,<,7,title.production_year,>,126#11577807
movie_keyword,movie_info_idx,movie_info,movie_companies,title#title.id=movie_keyword.movie_id,title.id=movie_info_idx.movie_id,title.id=movie_info.movie_id,title.id=movie_companies.movie_id#movie_info_idx.info_type_id,=,101,title.series_years,>,0#79300143
movie_companies,movie_info,cast_info,movie_info_idx,title#title.id=movie_companies.movie_id,title.id=movie_info.movie_id,title.id=cast_info.movie_id,title.id=movie_info_idx.movie_id#movie_info.info_type_id,<,98,cast_info.nr_order,>,1,title.imdb_index,>,0#92196291
movie_companies,cast_info,movie_info_idx,movie_keyword,title#title.id=movie_companies.movie_id,title.id=cast_info.movie_id,title.id=movie_info_idx.movie_id,title.id=movie_keyword.movie_id#cast_info.nr_order,>,1,movie_keyword.keyword_id,>,137,title.kind_id,=,7#71722707
movie_info,movie_info_idx,cast_info,movie_companies,title#title.id=movie_info.movie_id,title.id=movie_info_idx.movie_id,title.id=cast_info.movie_id,title.id=movie_companies.movie_id#movie_info_idx.info_type_id,<,101,cast_info.role_id,<,10,title.season_nr,=,4,title.phonetic_code,<,2441#4959872
movie_companies,movie_info_idx,movie_keyword,movie_info,title#title.id=movie_companies.movie_id,title.id=movie_info_idx.movie_id,title.id=movie_keyword.movie_id,title.id=movie_info.movie_id#movie_info_idx.info_type_id,>,99,title.production_year,>,118,title.season_nr,=,0,title.imdb_index,>,0#174754410
movie_info,movie_companies,movie_keyword,cast_info,title#title.id=movie_info.movie_id,title.id=movie_companies.movie_id,title.id=movie_keyword.movie_id,title.id=cast_info.movie_id#movie_companies.company_type_id,<,2,movie_keyword.keyword_id,>,335,title.season_nr,>,0,title.kind_id,>,4,title.production_year,<,109#109582396
movie_companies,movie_keyword,cast_info,movie_info,title#title.id=movie_companies.movie_id,title.id=movie_keyword.movie_id,title.id=cast_info.movie_id,title.id=movie_info.movie_id#cast_info.role_id,>,2,movie_info.info_type_id,<,98,title.season_nr,=,4#66025430
movie_info,movie_keyword,movie_companies,cast_info,title#title.id=movie_info.movie_id,title.id=movie_keyword.movie_id,title.id=movie_companies.movie_id,title.id=cast_info.movie_id#movie_info.info_type_id,>,1,movie_keyword.keyword_id,<,62369,title.phonetic_code,>,11760,title.series_years,>,0#780733642
movie_companies,cast_info,movie_info,movie_info_idx,title#title.id=movie_companies.movie_id,title.id=cast_info.movie_id,title.id=movie_info.movie_id,title.id=movie_info_idx.movie_id#movie_companies.company_type_id,=,1,title.series_years,>,0#137403552
movie_info,movie_keyword,movie_companies,cast_info,title#title.id=movie_info.movie_id,title.id=movie_keyword.movie_id,title.id=movie_companies.movie_id,title.id=cast_info.movie_id#movie_companies.company_type_id,>,1,cast_info.role_id,>,1,title.kind_id,=,7,title.episode_nr,>,4,title.production_year,>,84#277985578
movie_info,cast_info,movie_info_idx,movie_keyword,title#title.id=movie_info.movie_id,title.id=cast_info.movie_id,title.id=movie_info_idx.movie_id,title.id=movie_keyword.movie_id#cast_info.role_id,=,1,movie_info_idx.info_type_id,<,101,title.series_years,>,0,title.phonetic_code,<,11795#34167474
movie_keyword,movie_info,movie_info_idx,cast_info,title#title.id=movie_keyword.movie_id,title.id=movie_info.movie_id,title.id=movie_info_idx.movie_id,title.id=cast_info.movie_id#title.season_nr,<,11,title.kind_id,<,7,title.imdb_index,>,0#1845768582
movie_info,cast_info,movie_info_idx,movie_keyword,title#title.id=movie_info.movie_id,title.id=cast_info.movie_id,title.id=movie_info_idx.movie_id,title.id=movie_keyword.movie_id#movie_info.info_type_id,<,107,movie_keyword.keyword_id,>,724,title.series_years,>,0#290722947
movie_info_idx,cast_info,movie_info,movie_keyword,title#title.id=movie_info_idx.movie_id,title.id=cast_info.movie_id,title.id=movie_info.movie_id,title.id=movie_keyword.movie_id#cast_info.nr_order,>,1,title.episode_nr,>,0#273967470
cast_info,movie_info_idx,movie_companies,movie_keyword,title#title.id=cast_info.movie_id,title.id=movie_info_idx.movie_id,title.id=movie_companies.movie_id,title.id=movie_keyword.movie_id#cast_info.nr_order,<,20000,title.series_years,>,0,title.production_year,>,0,title.episode_nr,<,193#7548339
movie_info_idx,movie_companies,cast_info,movie_keyword,title#title.id=movie_info_idx.movie_id,title.id=movie_companies.movie_id,title.id=cast_info.movie_id,title.id=movie_keyword.movie_id#movie_keyword.keyword_id,<,37272,title.kind_id,>,3,title.imdb_index,=,0,title.production_year,<,125#287094723
movie_companies,movie_info_idx,cast_info,movie_info,title#title.id=movie_companies.movie_id,title.id=movie_info_idx.movie_id,title.id=cast_info.movie_id,title.id=movie_info.movie_id#cast_info.role_id,>,1,movie_info.info_type_id,>,4,title.series_years,>,0,title.imdb_index,=,0#134071728
movie_info_idx,movie_info,movie_companies,movie_keyword,title#title.id=movie_info_idx.movie_id,title.id=movie_info.movie_id,title.id=movie_companies.movie_id,title.id=movie_keyword.movie_id#movie_companies.company_type_id,<,2,title.phonetic_code,<,19542#12149309577
movie_info,movie_info_idx,cast_info,movie_keyword,title#title.id=movie_info.movie_id,title.id=movie_info_idx.movie_id,title.id=cast_info.movie_id,title.id=movie_keyword.movie_id#movie_keyword.keyword_id,<,20318,title.season_nr,>,0,title.phonetic_code,<,8094#298709850
movie_info_idx,movie_keyword,cast_info,movie_companies,title#title.id=movie_info_idx.movie_id,title.id=movie_keyword.movie_id,title.id=cast_info.movie_id,title.id=movie_companies.movie_id#cast_info.role_id,=,10,title.season_nr,<,2,title.series_years,<,1281,title.episode_nr,<,422,title.imdb_index,>,0#132073335
cast_info,movie_companies,movie_info_idx,movie_info,title#title.id=cast_info.movie_id,title.id=movie_companies.movie_id,title.id=movie_info_idx.movie_id,title.id=movie_info.movie_id#movie_companies.company_type_id,<,2,movie_info_idx.info_type_id,>,99,title.kind_id,=,1,title.production_year,>,91#8208512664
movie_info,cast_info,movie_companies,movie_keyword,title#title.id=movie_info.movie_id,title.id=cast_info.movie_id,title.id=movie_companies.movie_id,title.id=movie_keyword.movie_id#movie_companies.company_type_id,<,2,movie_keyword.keyword_id,<,40806,title.phonetic_code,>,12699,title.kind_id,>,2#1128605822
movie_info_idx,movie_info,movie_companies,cast_info,title#title.id=movie_info_idx.movie_id,title.id=movie_info.movie_id,title.id=movie_companies.movie_id,title.id=cast_info.movie_id#movie_info_idx.info_type_id,<,101,movie_info.info_type_id,>,1,movie_companies.company_type_id,>,1,title.production_year,<,125#1816801774
movie_info,movie_companies,cast_info,movie_info_idx,title#title.id=movie_info.movie_id,title.id=movie_companies.movie_id,title.id=cast_info.movie_id,title.id=movie_info_idx.movie_id#movie_companies.company_type_id,>,1,cast_info.role_id,>,1,movie_info_idx.info_type_id,=,99,title.phonetic_code,<,3229#163570503
movie_companies,movie_info_idx,movie_keyword,cast_info,title#title.id=movie_companies.movie_id,title.id=movie_info_idx.movie_id,title.id=movie_keyword.movie_id,title.id=cast_info.movie_id#movie_keyword.keyword_id,<,86894,title.kind_id,>,1#575166945
movie_keyword,movie_info,cast_info,movie_companies,title#title.id=movie_keyword.movie_id,title.id=movie_info.movie_id,title.id=cast_info.movie_id,title.id=movie_companies.movie_id#cast_info.role_id,=,2,title.kind_id,>,1,title.episode_nr,>,0,title.season_nr,<,4,title.imdb_index,=,0#170379037
movie_keyword,movie_companies,movie_info_idx,movie_info,title#title.id=movie_keyword.movie_id,title.id=movie_companies.movie_id,title.id=movie_info_idx.movie_id,title.id=movie_info.movie_id#title.episode_nr,<,182,title.kind_id,=,7,title.imdb_index,=,0,title.phonetic_code,>,0#84018225
movie_info,movie_info_idx,movie_keyword,cast_info,title#title.id=movie_info.movie_id,title.id=movie_info_idx.movie_id,title.id=movie_keyword.movie_id,title.id=cast_info.movie_id#movie_info.info_type_id,<,87,movie_info_idx.info_type_id,=,101,movie_keyword.keyword_id,>,117,cast_info.role_id,>,1,title.production_year,<,118,title.phonetic_code,<,3005,title.episode_nr,>,0,title.kind_id,>,1#11963078
movie_keyword,cast_info,movie_companies,movie_info_idx,title#title.id=movie_keyword.movie_id,title.id=cast_info.movie_id,title.id=movie_companies.movie_id,title.id=movie_info_idx.movie_id#cast_info.role_id,<,10,title.episode_nr,<,11882,title.phonetic_code,<,22740#5787398837
movie_info,cast_info,movie_companies,movie_keyword,title#title.id=movie_info.movie_id,title.id=cast_info.movie_id,title.id=movie_companies.movie_id,title.id=movie_keyword.movie_id#movie_info.info_type_id,>,2,movie_companies.company_type_id,=,2,movie_keyword.keyword_id,>,348,title.phonetic_code,>,14432,title.kind_id,>,1,title.production_year,<,126,title.series_years,>,0#115740033
movie_keyword,movie_companies,movie_info_idx,cast_info,title#title.id=movie_keyword.movie_id,title.id=movie_companies.movie_id,title.id=movie_info_idx.movie_id,title.id=cast_info.movie_id#movie_keyword.keyword_id,>,766,movie_companies.company_type_id,=,1,movie_info_idx.info_type_id,>,99,title.episode_nr,>,0#79715648
movie_info_idx,movie_info,movie_companies,movie_keyword,title#title.id=movie_info_idx.movie_id,title.id=movie_info.movie_id,title.id=movie_companies.movie_id,title.id=movie_keyword.movie_id#title.season_nr,>,0,title.production_year,<,127,title.phonetic_code,<,18168,title.imdb_index,=,0#76494417
movie_companies,cast_info,movie_keyword,movie_info_idx,title#title.id=movie_companies.movie_id,title.id=cast_info.movie_id,title.id=movie_keyword.movie_id,title.id=movie_info_idx.movie_id#cast_info.role_id,>,2,movie_info_idx.info_type_id,=,100,title.production_year,<,84#73450289
movie_keyword,cast_info,movie_companies,movie_info_idx,title#title.id=movie_keyword.movie_id,title.id=cast_info.movie_id,title.id=movie_companies.movie_id,title.id=movie_info_idx.movie_id#cast_info.role_id,>,1,movie_companies.company_type_id,<,2,title.phonetic_code,<,18104,title.production_year,>,114#2999769175
movie_info,movie_companies,movie_info_idx,movie_keyword,title#title.id=movie_info.movie_id,title.id=movie_companies.movie_id,title.id=movie_info_idx.movie_id,title.id=movie_keyword.movie_id#movie_info.info_type_id,<,96,movie_keyword.keyword_id,>,56,title.phonetic_code,>,22522,title.production_year,<,84#3055590
movie_companies,movie_keyword,movie_info_idx,cast_info,title#title.id=movie_companies.movie_id,title.id=movie_keyword.movie_id,title.id=movie_info_idx.movie_id,title.id=cast_info.movie_id#movie_keyword.keyword_id,<,24382,title.production_year,<,120,title.episode_nr,>,0,title.season_nr,>,0#63001689
movie_info_idx,movie_keyword,movie_companies,cast_info,title#title.id=movie_info_idx.movie_id,title.id=movie_keyword.movie_id,title.id=movie_companies.movie_id,title.id=cast_info.movie_id#movie_info_idx.info_type_id,<,101,title.phonetic_code,>,16026#1561866020
movie_companies,cast_info,movie_keyword,movie_info_idx,title#title.id=movie_companies.movie_id,title.id=cast_info.movie_id,title.id=movie_keyword.movie_id,title.id=movie_info_idx.movie_id#movie_companies.company_type_id,<,2,cast_info.role_id,<,9,title.episode_nr,>,0#91485240
movie_info,movie_keyword,movie_companies,movie_info_idx,title#title.id=movie_info.movie_id,title.id=movie_keyword.movie_id,title.id=movie_companies.movie_id,title.id=movie_info_idx.movie_id#movie_keyword.keyword_id,>,196,movie_companies.company_type_id,>,1,movie_info_idx.info_type_id,>,99,title.phonetic_code,<,9951,title.episode_nr,<,5#720603043
movie_companies,movie_keyword,cast_info,movie_info,title#title.id=movie_companies.movie_id,title.id=movie_keyword.movie_id,title.id=cast_info.movie_id,title.id=movie_info.movie_id#movie_companies.company_type_id,=,2,movie_keyword.keyword_id,<,518,cast_info.role_id,>,1,title.phonetic_code,<,10068,title.season_nr,=,0,title.production_year,>,99,title.series_years,>,0#22897322
cast_info,movie_companies,movie_info,movie_keyword,title#title.id=cast_info.movie_id,title.id=movie_companies.movie_id,title.id=movie_info.movie_id,title.id=movie_keyword.movie_id#cast_info.role_id,=,10,title.kind_id,=,7#534227652
movie_keyword,movie_info_idx,cast_info,movie_companies,title#title.id=movie_keyword.movie_id,title.id=movie_info_idx.movie_id,title.id=cast_info.movie_id,title.id=movie_companies.movie_id#title.phonetic_code,<,17790,title.imdb_index,=,0#8027830314
movie_info,cast_info,movie_info_idx,movie_companies,title#title.id=movie_info.movie_id,title.id=cast_info.movie_id,title.id=movie_info_idx.movie_id,title.id=movie_companies.movie_id#movie_info.info_type_id,>,2,cast_info.role_id,=,1,title.series_years,>,0,title.season_nr,=,0,title.kind_id,<,7,title.episode_nr,<,28#38023845
movie_keyword,movie_companies,cast_info,movie_info_idx,title#title.id=movie_keyword.movie_id,title.id=movie_companies.movie_id,title.id=cast_info.movie_id,title.id=movie_info_idx.movie_id#movie_companies.company_type_id,<,2,cast_info.role_id,>,1,title.episode_nr,<,32,title.imdb_index,>,0,title.kind_id,>,1,title.production_year,<,126#798009
movie_companies,movie_info,movie_keyword,movie_info_idx,title#title.id=movie_companies.movie_id,title.id=movie_info.movie_id,title.id=movie_keyword.movie_id,title.id=movie_info_idx.movie_id#movie_companies.company_type_id,>,1,movie_info_idx.info_type_id,=,101,title.phonetic_code,>,3427,title.kind_id,=,1#522989121
movie_companies,movie_info,movie_info_idx,cast_info,title#title.id=movie_companies.movie_id,title.id=movie_info.movie_id,title.id=movie_info_idx.movie_id,title.id=cast_info.movie_id#movie_companies.company_type_id,=,1,cast_info.role_id,=,1,title.phonetic_code,>,11161#2071380899
movie_companies,cast_info,movie_keyword,movie_info_idx,title#title.id=movie_companies.movie_id,title.id=cast_info.movie_id,title.id=movie_keyword.movie_id,title.id=movie_info_idx.movie_id#movie_info_idx.info_type_id,<,101,title.series_years,>,0#37631928
movie_keyword,movie_companies,movie_info_idx,cast_info,title#title.id=movie_keyword.movie_id,title.id=movie_companies.movie_id,title.id=movie_info_idx.movie_id,title.id=cast_info.movie_id#movie_keyword.keyword_id,<,21534,movie_companies.company_type_id,=,1,movie_info_idx.info_type_id,=,100,title.phonetic_code,<,1437,title.series_years,>,0#1420699
movie_companies,movie_keyword,movie_info,movie_info_idx,title#title.id=movie_companies.movie_id,title.id=movie_keyword.movie_id,title.id=movie_info.movie_id,title.id=movie_info_idx.movie_id#movie_keyword.keyword_id,<,83549,movie_info.info_type_id,<,98,movie_info_idx.info_type_id,=,101,title.series_years,>,0,title.phonetic_code,>,4227,title.kind_id,>,1#55926268
movie_info,movie_info_idx,movie_keyword,cast_info,title#title.id=movie_info.movie_id,title.id=movie_info_idx.movie_id,title.id=movie_keyword.movie_id,title.id=cast_info.movie_id#movie_info.info_type_id,>,3,title.kind_id,=,1,title.imdb_index,>,0,title.phonetic_code,>,0,title.production_year,<,125#1346629314
movie_keyword,movie_info_idx,movie_companies,cast_info,title#title.id=movie_keyword.movie_id,title.id=movie_info_idx.movie_id,title.id=movie_companies.movie_id,title.id=cast_info.movie_id#movie_info_idx.info_type_id,=,101,title.kind_id,>,1,title.production_year,>,33,title.episode_nr,<,76,title.season_nr,<,8#187497520
movie_info_idx,movie_companies,movie_info,cast_info,title#title.id=movie_info_idx.movie_id,title.id=movie_companies.movie_id,title.id=movie_info.movie_id,title.id=cast_info.movie_id#movie_info_idx.info_type_id,<,101,cast_info.nr_order,<,33,title.imdb_index,>,0#57264256
movie_info,movie_keyword,cast_info,movie_companies,title#title.id=movie_info.movie_id,title.id=movie_keyword.movie_id,title.id=cast_info.movie_id,title.id=movie_companies.movie_id#movie_info.info_type_id,<,64,title.season_nr,>,0#1624841748
movie_info,movie_info_idx,cast_info,movie_keyword,title#title.id=movie_info.movie_id,title.id=movie_info_idx.movie_id,title.id=cast_info.movie_id,title.id=movie_keyword.movie_id#movie_info.info_type_id,>,3,movie_keyword.keyword_id,<,3295,title.series_years,>,0#169599069
movie_companies,movie_info,movie_info_idx,cast_info,title#title.id=movie_companies.movie_id,title.id=movie_info.movie_id,title.id=movie_info_idx.movie_id,title.id=cast_info.movie_id#movie_companies.company_type_id,>,1,cast_info.role_id,>,1,title.production_year,<,125,title.series_years,>,0,title.kind_id,<,7#42467598
movie_companies,cast_info,movie_info,movie_keyword,title#title.id=movie_companies.movie_id,title.id=cast_info.movie_id,title.id=movie_info.movie_id,title.id=movie_keyword.movie_id#movie_companies.company_type_id,=,1,movie_info.info_type_id,>,2,title.imdb_index,=,0,title.series_years,>,0,title.production_year,<,121,title.season_nr,=,0#1384002008
movie_info_idx,movie_keyword,movie_info,cast_info,title#title.id=movie_info_idx.movie_id,title.id=movie_keyword.movie_id,title.id=movie_info.movie_id,title.id=cast_info.movie_id#movie_info.info_type_id,>,2,title.series_years,>,0#352946406
movie_keyword,movie_info_idx,cast_info,movie_companies,title#title.id=movie_keyword.movie_id,title.id=movie_info_idx.movie_id,title.id=cast_info.movie_id,title.id=movie_companies.movie_id#movie_keyword.keyword_id,<,34126,movie_info_idx.info_type_id,=,100,cast_info.nr_order,>,1,title.phonetic_code,<,12016#581583898
cast_info,movie_info_idx,movie_companies,movie_info,title#title.id=cast_info.movie_id,title.id=movie_info_idx.movie_id,title.id=movie_companies.movie_id,title.id=movie_info.movie_id#movie_info_idx.info_type_id,>,99,title.season_nr,=,10#4744050
movie_info,movie_companies,movie_keyword,cast_info,title#title.id=movie_info.movie_id,title.id=movie_companies.movie_id,title.id=movie_keyword.movie_id,title.id=cast_info.movie_id#movie_info.info_type_id,>,2,movie_companies.company_type_id,<,2,cast_info.role_id,<,10,title.season_nr,>,0,title.series_years,>,0,title.production_year,>,92#13893
movie_companies,cast_info,movie_info,movie_keyword,title#title.id=movie_companies.movie_id,title.id=cast_info.movie_id,title.id=movie_info.movie_id,title.id=movie_keyword.movie_id#cast_info.role_id,<,10,title.season_nr,>,0,title.phonetic_code,<,19222,title.kind_id,>,1#1111067271
cast_info,movie_info,movie_keyword,movie_info_idx,title#title.id=cast_info.movie_id,title.id=movie_info.movie_id,title.id=movie_keyword.movie_id,title.id=movie_info_idx.movie_id#movie_info.info_type_id,<,18,title.phonetic_code,>,25,title.series_years,>,0#302945871
movie_keyword,movie_info_idx,movie_companies,cast_info,title#title.id=movie_keyword.movie_id,title.id=movie_info_idx.movie_id,title.id=movie_companies.movie_id,title.id=cast_info.movie_id#cast_info.role_id,>,1,title.phonetic_code,>,71#6211811754
movie_info_idx,movie_keyword,cast_info,movie_info,title#title.id=movie_info_idx.movie_id,title.id=movie_keyword.movie_id,title.id=cast_info.movie_id,title.id=movie_info.movie_id#movie_info_idx.info_type_id,=,100,movie_keyword.keyword_id,<,51767,title.imdb_index,>,0#561109225
movie_keyword,movie_info,movie_companies,movie_info_idx,title#title.id=movie_keyword.movie_id,title.id=movie_info.movie_id,title.id=movie_companies.movie_id,title.id=movie_info_idx.movie_id#movie_keyword.keyword_id,<,49343,movie_info.info_type_id,>,2,title.phonetic_code,>,0#13547322374
movie_info_idx,movie_keyword,movie_companies,movie_info,title#title.id=movie_info_idx.movie_id,title.id=movie_keyword.movie_id,title.id=movie_companies.movie_id,title.id=movie_info.movie_id#movie_companies.company_type_id,<,2,title.phonetic_code,>,16782,title.episode_nr,>,0#9933330
cast_info,movie_info_idx,movie_info,movie_companies,title#title.id=cast_info.movie_id,title.id=movie_info_idx.movie_id,title.id=movie_info.movie_id,title.id=movie_companies.movie_id#cast_info.nr_order,>,0,movie_info_idx.info_type_id,<,101,title.imdb_index,=,0,title.phonetic_code,<,12429#2492604816
cast_info,movie_keyword,movie_info_idx,movie_companies,title#title.id=cast_info.movie_id,title.id=movie_keyword.movie_id,title.id=movie_info_idx.movie_id,title.id=movie_companies.movie_id#cast_info.nr_order,<,30,movie_keyword.keyword_id,<,1035,movie_companies.company_type_id,<,2,title.phonetic_code,<,5685,title.kind_id,<,7,title.episode_nr,<,15#112901190
cast_info,movie_info_idx,movie_companies,movie_info,title#title.id=cast_info.movie_id,title.id=movie_info_idx.movie_id,title.id=movie_companies.movie_id,title.id=movie_info.movie_id#movie_info_idx.info_type_id,>,99,movie_companies.company_type_id,>,1,movie_info.info_type_id,>,1,title.episode_nr,>,2#140667024
movie_info_idx,movie_companies,cast_info,movie_keyword,title#title.id=movie_info_idx.movie_id,title.id=movie_companies.movie_id,title.id=cast_info.movie_id,title.id=movie_keyword.movie_id#movie_companies.company_type_id,=,1,title.episode_nr,>,2#104178858
cast_info,movie_companies,movie_info,movie_keyword,title#title.id=cast_info.movie_id,title.id=movie_companies.movie_id,title.id=movie_info.movie_id,title.id=movie_keyword.movie_id#cast_info.role_id,<,9,title.series_years,>,0,title.production_year,<,126#710729972
movie_keyword,movie_companies,cast_info,movie_info,title#title.id=movie_keyword.movie_id,title.id=movie_companies.movie_id,title.id=cast_info.movie_id,title.id=movie_info.movie_id#movie_keyword.keyword_id,<,103766,movie_companies.company_type_id,=,2,movie_info.info_type_id,<,16,title.phonetic_code,>,1895,title.production_year,<,69,title.kind_id,>,1#3013445
movie_info_idx,movie_keyword,cast_info,movie_info,title#title.id=movie_info_idx.movie_id,title.id=movie_keyword.movie_id,title.id=cast_info.movie_id,title.id=movie_info.movie_id#movie_info_idx.info_type_id,<,101,movie_keyword.keyword_id,<,69887,cast_info.nr_order,>,1,title.phonetic_code,>,5498#10743749076
movie_companies,movie_keyword,cast_info,movie_info_idx,title#title.id=movie_companies.movie_id,title.id=movie_keyword.movie_id,title.id=cast_info.movie_id,title.id=movie_info_idx.movie_id#cast_info.nr_order,>,2,title.season_nr,<,2,title.series_years,>,0#6770493
cast_info,movie_info,movie_info_idx,movie_keyword,title#title.id=cast_info.movie_id,title.id=movie_info.movie_id,title.id=movie_info_idx.movie_id,title.id=movie_keyword.movie_id#cast_info.nr_order,<,20,title.episode_nr,>,0,title.season_nr,>,0#261825390
cast_info,movie_info,movie_companies,movie_keyword,title#title.id=cast_info.movie_id,title.id=movie_info.movie_id,title.id=movie_companies.movie_id,title.id=movie_keyword.movie_id#movie_info.info_type_id,<,107,movie_companies.company_type_id,>,1,title.episode_nr,>,10,title.season_nr,>,6#26973188
movie_companies,cast_info,movie_keyword,movie_info,title#title.id=movie_companies.movie_id,title.id=cast_info.movie_id,title.id=movie_keyword.movie_id,title.id=movie_info.movie_id#movie_companies.company_type_id,>,1,title.phonetic_code,>,17174,title.episode_nr,>,0,title.production_year,>,50#97321608
cast_info,movie_keyword,movie_info,movie_companies,title#title.id=cast_info.movie_id,title.id=movie_keyword.movie_id,title.id=movie_info.movie_id,title.id=movie_companies.movie_id#movie_keyword.keyword_id,>,56,movie_info.info_type_id,>,15,movie_companies.company_type_id,=,1,title.production_year,<,117,title.phonetic_code,>,12524,title.imdb_index,>,0,title.season_nr,=,0#255148973
movie_companies,cast_info,movie_info_idx,movie_info,title#title.id=movie_companies.movie_id,title.id=cast_info.movie_id,title.id=movie_info_idx.movie_id,title.id=movie_info.movie_id#movie_companies.company_type_id,=,2,movie_info.info_type_id,<,8,title.kind_id,>,1#178491057
cast_info,movie_info,movie_info_idx,movie_companies,title#title.id=cast_info.movie_id,title.id=movie_info.movie_id,title.id=movie_info_idx.movie_id,title.id=movie_companies.movie_id#title.phonetic_code,>,0,title.episode_nr,<,8,title.season_nr,<,14,title.kind_id,>,1#891746010
cast_info,movie_info,movie_keyword,movie_companies,title#title.id=cast_info.movie_id,title.id=movie_info.movie_id,title.id=movie_keyword.movie_id,title.id=movie_companies.movie_id#movie_info.info_type_id,>,2,movie_companies.company_type_id,=,1,title.imdb_index,>,0#14871837822
cast_info,movie_info_idx,movie_info,movie_companies,title#title.id=cast_info.movie_id,title.id=movie_info_idx.movie_id,title.id=movie_info.movie_id,title.id=movie_companies.movie_id#cast_info.role_id,=,1,title.episode_nr,<,7,title.kind_id,=,7,title.imdb_index,=,0,title.production_year,>,0#69590439
movie_info_idx,cast_info,movie_info,movie_keyword,title#title.id=movie_info_idx.movie_id,title.id=cast_info.movie_id,title.id=movie_info.movie_id,title.id=movie_keyword.movie_id#movie_info_idx.info_type_id,>,99,cast_info.role_id,<,11,movie_keyword.keyword_id,<,8100,title.season_nr,>,0,title.phonetic_code,<,5213#101218784
movie_keyword,cast_info,movie_companies,movie_info_idx,title#title.id=movie_keyword.movie_id,title.id=cast_info.movie_id,title.id=movie_companies.movie_id,title.id=movie_info_idx.movie_id#movie_keyword.keyword_id,<,113323,title.kind_id,=,1,title.phonetic_code,<,14027,title.imdb_index,>,0,title.production_year,<,121#45963168
cast_info,movie_keyword,movie_info,movie_info_idx,title#title.id=cast_info.movie_id,title.id=movie_keyword.movie_id,title.id=movie_info.movie_id,title.id=movie_info_idx.movie_id#movie_keyword.keyword_id,>,992,movie_info.info_type_id,<,16,title.season_nr,>,28#1437060
movie_info_idx,movie_info,cast_info,movie_keyword,title#title.id=movie_info_idx.movie_id,title.id=movie_info.movie_id,title.id=cast_info.movie_id,title.id=movie_keyword.movie_id#movie_info_idx.info_type_id,>,99,movie_info.info_type_id,<,16,title.imdb_index,=,0,title.season_nr,>,0#329643738
movie_info,cast_info,movie_keyword,movie_info_idx,title#title.id=movie_info.movie_id,title.id=cast_info.movie_id,title.id=movie_keyword.movie_id,title.id=movie_info_idx.movie_id#movie_info.info_type_id,>,2,title.series_years,>,0,title.imdb_index,<,1#351141150
movie_info_idx,movie_keyword,cast_info,movie_companies,title#title.id=movie_info_idx.movie_id,title.id=movie_keyword.movie_id,title.id=cast_info.movie_id,title.id=movie_companies.movie_id#movie_info_idx.info_type_id,<,101,title.season_nr,>,0#151466056
movie_info_idx,movie_keyword,movie_companies,cast_info,title#title.id=movie_info_idx.movie_id,title.id=movie_keyword.movie_id,title.id=movie_companies.movie_id,title.id=cast_info.movie_id#movie_keyword.keyword_id,<,49723,title.production_year,>,53,title.series_years,>,0#55049568
movie_info_idx,movie_keyword,movie_info,movie_companies,title#title.id=movie_info_idx.movie_id,title.id=movie_keyword.movie_id,title.id=movie_info.movie_id,title.id=movie_companies.movie_id#title.episode_nr,<,231,title.season_nr,<,10,title.imdb_index,>,0,title.series_years,>,0#1138956
movie_companies,movie_keyword,movie_info_idx,movie_info,title#title.id=movie_companies.movie_id,title.id=movie_keyword.movie_id,title.id=movie_info_idx.movie_id,title.id=movie_info.movie_id#movie_companies.company_type_id,<,2,movie_info_idx.info_type_id,<,101,title.production_year,<,39,title.phonetic_code,>,7333,title.kind_id,>,1#4854
movie_companies,movie_info_idx,movie_info,movie_keyword,title#title.id=movie_companies.movie_id,title.id=movie_info_idx.movie_id,title.id=movie_info.movie_id,title.id=movie_keyword.movie_id#movie_info_idx.info_type_id,=,100,title.kind_id,=,1,title.season_nr,=,0#4666425747
movie_keyword,movie_info_idx,movie_companies,movie_info,title#title.id=movie_keyword.movie_id,title.id=movie_info_idx.movie_id,title.id=movie_companies.movie_id,title.id=movie_info.movie_id#movie_info_idx.info_type_id,>,100,title.kind_id,<,7#5411822333
movie_info,movie_keyword,movie_info_idx,cast_info,title#title.id=movie_info.movie_id,title.id=movie_keyword.movie_id,title.id=movie_info_idx.movie_id,title.id=cast_info.movie_id#movie_info.info_type_id,>,1,movie_info_idx.info_type_id,=,100,cast_info.role_id,<,9,title.kind_id,>,1,title.production_year,<,123,title.series_years,>,0#62780075
cast_info,movie_info,movie_keyword,movie_companies,title#title.id=cast_info.movie_id,title.id=movie_info.movie_id,title.id=movie_keyword.movie_id,title.id=movie_companies.movie_id#movie_info.info_type_id,<,98,movie_companies.company_type_id,<,2,title.episode_nr,<,20,title.production_year,<,127,title.kind_id,=,7,title.season_nr,>,2#295850047
movie_keyword,movie_companies,movie_info,cast_info,title#title.id=movie_keyword.movie_id,title.id=movie_companies.movie_id,title.id=movie_info.movie_id,title.id=cast_info.movie_id#movie_keyword.keyword_id,<,73584,movie_companies.company_type_id,<,2,movie_info.info_type_id,>,4,cast_info.nr_order,>,0,title.season_nr,>,0,title.phonetic_code,>,17234,title.episode_nr,>,0#51310701
movie_info,movie_companies,cast_info,movie_keyword,title#title.id=movie_info.movie_id,title.id=movie_companies.movie_id,title.id=cast_info.movie_id,title.id=movie_keyword.movie_id#movie_info.info_type_id,>,1,movie_companies.company_type_id,>,1,movie_keyword.keyword_id,>,85,title.phonetic_code,<,20506,title.season_nr,>,0#562593516
movie_info_idx,movie_info,movie_keyword,cast_info,title#title.id=movie_info_idx.movie_id,title.id=movie_info.movie_id,title.id=movie_keyword.movie_id,title.id=cast_info.movie_id#movie_info_idx.info_type_id,<,101,cast_info.nr_order,<,84,title.phonetic_code,>,18252,title.episode_nr,>,0#19589980
movie_keyword,movie_companies,movie_info_idx,cast_info,title#title.id=movie_keyword.movie_id,title.id=movie_companies.movie_id,title.id=movie_info_idx.movie_id,title.id=cast_info.movie_id#cast_info.nr_order,<,33,title.episode_nr,<,13,title.imdb_index,>,0,title.series_years,>,0#34530
cast_info,movie_companies,movie_keyword,movie_info,title#title.id=cast_info.movie_id,title.id=movie_companies.movie_id,title.id=movie_keyword.movie_id,title.id=movie_info.movie_id#movie_keyword.keyword_id,>,1002,title.imdb_index,=,0,title.phonetic_code,<,6497,title.series_years,>,0,title.episode_nr,>,0#10946
cast_info,movie_info_idx,movie_companies,movie_info,title#title.id=cast_info.movie_id,title.id=movie_info_idx.movie_id,title.id=movie_companies.movie_id,title.id=movie_info.movie_id#cast_info.nr_order,>,2,movie_info_idx.info_type_id,>,99,movie_info.info_type_id,<,98,title.production_year,>,106#2213893900
movie_keyword,cast_info,movie_companies,movie_info,title#title.id=movie_keyword.movie_id,title.id=cast_info.movie_id,title.id=movie_companies.movie_id,title.id=movie_info.movie_id#cast_info.nr_order,<,1000,movie_companies.company_type_id,=,2,title.series_years,>,0,title.production_year,<,114,title.phonetic_code,>,6873#17951421
movie_info_idx,movie_info,movie_companies,movie_keyword,title#title.id=movie_info_idx.movie_id,title.id=movie_info.movie_id,title.id=movie_companies.movie_id,title.id=movie_keyword.movie_id#movie_info_idx.info_type_id,=,101,movie_companies.company_type_id,<,2,title.production_year,<,127,title.phonetic_code,>,298,title.episode_nr,<,12,title.season_nr,<,15#3973838730
cast_info,movie_info,movie_keyword,movie_companies,title#title.id=cast_info.movie_id,title.id=movie_info.movie_id,title.id=movie_keyword.movie_id,title.id=movie_companies.movie_id#title.production_year,>,29,title.season_nr,=,1#877278133
movie_info,cast_info,movie_companies,movie_info_idx,title#title.id=movie_info.movie_id,title.id=cast_info.movie_id,title.id=movie_companies.movie_id,title.id=movie_info_idx.movie_id#movie_info.info_type_id,>,1,cast_info.role_id,=,5,movie_info_idx.info_type_id,=,101,title.imdb_index,=,0,title.production_year,>,120,title.episode_nr,>,0#1470094
movie_companies,cast_info,movie_info_idx,movie_keyword,title#title.id=movie_companies.movie_id,title.id=cast_info.movie_id,title.id=movie_info_idx.movie_id,title.id=movie_keyword.movie_id#cast_info.role_id,=,1,title.kind_id,<,7#3085907752
cast_info,movie_info_idx,movie_info,movie_companies,title#title.id=cast_info.movie_id,title.id=movie_info_idx.movie_id,title.id=movie_info.movie_id,title.id=movie_companies.movie_id#cast_info.nr_order,<,21,movie_info.info_type_id,>,2,movie_companies.company_type_id,=,1,title.kind_id,>,1,title.phonetic_code,<,6721,title.series_years,>,0#11687811
movie_info,movie_companies,cast_info,movie_info_idx,title#title.id=movie_info.movie_id,title.id=movie_companies.movie_id,title.id=cast_info.movie_id,title.id=movie_info_idx.movie_id#cast_info.nr_order,<,28,title.kind_id,>,1,title.series_years,>,0#24176100
cast_info,movie_companies,movie_info,movie_keyword,title#title.id=cast_info.movie_id,title.id=movie_companies.movie_id,title.id=movie_info.movie_id,title.id=movie_keyword.movie_id#cast_info.nr_order,<,9,movie_companies.company_type_id,>,1,movie_info.info_type_id,<,8,movie_keyword.keyword_id,<,2849,title.production_year,>,35#524474635
movie_companies,movie_info_idx,movie_keyword,cast_info,title#title.id=movie_companies.movie_id,title.id=movie_info_idx.movie_id,title.id=movie_keyword.movie_id,title.id=cast_info.movie_id#movie_info_idx.info_type_id,>,99,movie_keyword.keyword_id,<,38890,cast_info.nr_order,<,62,title.production_year,>,110,title.phonetic_code,>,5508,title.kind_id,>,3#41503122
movie_info_idx,movie_companies,cast_info,movie_info,title#title.id=movie_info_idx.movie_id,title.id=movie_companies.movie_id,title.id=cast_info.movie_id,title.id=movie_info.movie_id#movie_info_idx.info_type_id,<,101,movie_companies.company_type_id,>,1,cast_info.nr_order,<,21,movie_info.info_type_id,>,2,title.imdb_index,=,0#395669978
cast_info,movie_companies,movie_info_idx,movie_keyword,title#title.id=cast_info.movie_id,title.id=movie_companies.movie_id,title.id=movie_info_idx.movie_id,title.id=movie_keyword.movie_id#movie_companies.company_type_id,>,1,title.kind_id,>,1,title.season_nr,=,0,title.production_year,<,119#81147300
movie_info_idx,movie_info,movie_keyword,cast_info,title#title.id=movie_info_idx.movie_id,title.id=movie_info.movie_id,title.id=movie_keyword.movie_id,title.id=cast_info.movie_id#movie_info_idx.info_type_id,<,101,movie_info.info_type_id,>,16,title.season_nr,>,2#48782860
movie_info_idx,cast_info,movie_info,movie_keyword,title#title.id=movie_info_idx.movie_id,title.id=cast_info.movie_id,title.id=movie_info.movie_id,title.id=movie_keyword.movie_id#cast_info.nr_order,<,22,movie_info.info_type_id,<,16,title.series_years,>,0,title.imdb_index,>,0,title.kind_id,<,7#71529
movie_info,movie_keyword,movie_companies,movie_info_idx,title#title.id=movie_info.movie_id,title.id=movie_keyword.movie_id,title.id=movie_companies.movie_id,title.id=movie_info_idx.movie_id#movie_keyword.keyword_id,>,117,title.episode_nr,>,0#82610562
movie_companies,cast_info,movie_keyword,movie_info,title#title.id=movie_companies.movie_id,title.id=cast_info.movie_id,title.id=movie_keyword.movie_id,title.id=movie_info.movie_id#cast_info.nr_order,>,0,movie_info.info_type_id,>,1,title.production_year,>,124,title.episode_nr,>,151,title.imdb_index,=,0#59511
movie_info_idx,cast_info,movie_keyword,movie_info,title#title.id=movie_info_idx.movie_id,title.id=cast_info.movie_id,title.id=movie_keyword.movie_id,title.id=movie_info.movie_id#cast_info.role_id,=,4,title.production_year,>,82#1586769161
movie_info_idx,movie_info,movie_companies,cast_info,title#title.id=movie_info_idx.movie_id,title.id=movie_info.movie_id,title.id=movie_companies.movie_id,title.id=cast_info.movie_id#movie_info.info_type_id,>,1,movie_companies.company_type_id,<,2,title.kind_id,>,3,title.season_nr,>,0#351380520
cast_info,movie_companies,movie_info_idx,movie_info,title#title.id=cast_info.movie_id,title.id=movie_companies.movie_id,title.id=movie_info_idx.movie_id,title.id=movie_info.movie_id#movie_companies.company_type_id,>,1,movie_info_idx.info_type_id,<,101,title.kind_id,=,1#1738038358
movie_info_idx,movie_info,movie_companies,cast_info,title#title.id=movie_info_idx.movie_id,title.id=movie_info.movie_id,title.id=movie_companies.movie_id,title.id=cast_info.movie_id#movie_info_idx.info_type_id,<,101,movie_companies.company_type_id,=,2,cast_info.role_id,<,10,title.production_year,<,80,title.episode_nr,<,11#94161986
movie_info_idx,cast_info,movie_info,movie_companies,title#title.id=movie_info_idx.movie_id,title.id=cast_info.movie_id,title.id=movie_info.movie_id,title.id=movie_companies.movie_id#movie_info_idx.info_type_id,<,101,movie_info.info_type_id,>,1,title.kind_id,>,1#796696354
movie_companies,movie_info_idx,movie_info,cast_info,title#title.id=movie_companies.movie_id,title.id=movie_info_idx.movie_id,title.id=movie_info.movie_id,title.id=cast_info.movie_id#movie_companies.company_type_id,>,1,movie_info.info_type_id,>,1,title.series_years,<,1081,title.episode_nr,>,0,title.production_year,>,102,title.phonetic_code,<,17168#180550044
cast_info,movie_info,movie_keyword,movie_info_idx,title#title.id=cast_info.movie_id,title.id=movie_info.movie_id,title.id=movie_keyword.movie_id,title.id=movie_info_idx.movie_id#movie_keyword.keyword_id,>,131,title.episode_nr,>,0,title.production_year,<,72,title.phonetic_code,>,14227#1435890
movie_info_idx,movie_keyword,movie_companies,movie_info,title#title.id=movie_info_idx.movie_id,title.id=movie_keyword.movie_id,title.id=movie_companies.movie_id,title.id=movie_info.movie_id#title.kind_id,>,1,title.season_nr,<,6#477680493
cast_info,movie_info,movie_companies,movie_info_idx,title#title.id=cast_info.movie_id,title.id=movie_info.movie_id,title.id=movie_companies.movie_id,title.id=movie_info_idx.movie_id#cast_info.nr_order,<,19,movie_info_idx.info_type_id,<,101,title.series_years,>,0,title.production_year,<,117#13829576
movie_keyword,movie_info_idx,movie_companies,cast_info,title#title.id=movie_keyword.movie_id,title.id=movie_info_idx.movie_id,title.id=movie_companies.movie_id,title.id=cast_info.movie_id#movie_keyword.keyword_id,<,71480,movie_companies.company_type_id,>,1,cast_info.nr_order,>,1,title.season_nr,=,4,title.phonetic_code,<,8457#1029345
movie_info_idx,movie_info,movie_companies,cast_info,title#title.id=movie_info_idx.movie_id,title.id=movie_info.movie_id,title.id=movie_companies.movie_id,title.id=cast_info.movie_id#movie_info_idx.info_type_id,>,99,movie_info.info_type_id,>,3,movie_companies.company_type_id,<,2,title.imdb_index,>,0,title.production_year,>,87#216195108
movie_info_idx,movie_info,movie_companies,cast_info,title#title.id=movie_info_idx.movie_id,title.id=movie_info.movie_id,title.id=movie_companies.movie_id,title.id=cast_info.movie_id#movie_info_idx.info_type_id,=,101,movie_info.info_type_id,>,16,title.kind_id,=,7#34913213
movie_info,movie_companies,movie_info_idx,cast_info,title#title.id=movie_info.movie_id,title.id=movie_companies.movie_id,title.id=movie_info_idx.movie_id,title.id=cast_info.movie_id#movie_info.info_type_id,<,86,movie_companies.company_type_id,>,1,cast_info.nr_order,>,1,title.phonetic_code,>,12895#306862641
movie_keyword,movie_info_idx,movie_info,movie_companies,title#title.id=movie_keyword.movie_id,title.id=movie_info_idx.movie_id,title.id=movie_info.movie_id,title.id=movie_companies.movie_id#movie_keyword.keyword_id,<,106549,title.production_year,<,96,title.phonetic_code,>,276,title.imdb_index,>,0#3904707
movie_keyword,movie_info,cast_info,movie_companies,title#title.id=movie_keyword.movie_id,title.id=movie_info.movie_id,title.id=cast_info.movie_id,title.id=movie_companies.movie_id#movie_companies.company_type_id,<,2,title.production_year,>,116,title.kind_id,>,1,title.season_nr,=,0#2211369082
movie_info,cast_info,movie_keyword,movie_companies,title#title.id=movie_info.movie_id,title.id=cast_info.movie_id,title.id=movie_keyword.movie_id,title.id=movie_companies.movie_id#cast_info.role_id,=,2,movie_keyword.keyword_id,>,117,title.kind_id,=,7#224827807
movie_info,movie_companies,movie_keyword,cast_info,title#title.id=movie_info.movie_id,title.id=movie_companies.movie_id,title.id=movie_keyword.movie_id,title.id=cast_info.movie_id#movie_keyword.keyword_id,>,323,title.episode_nr,>,0,title.season_nr,>,0,title.phonetic_code,<,14706,title.kind_id,>,1#1194740659
movie_info,cast_info,movie_keyword,movie_info_idx,title#title.id=movie_info.movie_id,title.id=cast_info.movie_id,title.id=movie_keyword.movie_id,title.id=movie_info_idx.movie_id#movie_keyword.keyword_id,<,72067,title.season_nr,=,0,title.series_years,>,0,title.imdb_index,=,0#368405682
cast_info,movie_keyword,movie_info,movie_companies,title#title.id=cast_info.movie_id,title.id=movie_keyword.movie_id,title.id=movie_info.movie_id,title.id=movie_companies.movie_id#movie_keyword.keyword_id,>,121,movie_companies.company_type_id,>,1,title.production_year,<,93,title.kind_id,>,1#125736288
movie_companies,movie_info_idx,movie_keyword,cast_info,title#title.id=movie_companies.movie_id,title.id=movie_info_idx.movie_id,title.id=movie_keyword.movie_id,title.id=cast_info.movie_id#movie_companies.company_type_id,<,2,title.season_nr,<,2,title.series_years,<,1400,title.phonetic_code,<,16857#6072115234
movie_info_idx,movie_info,movie_companies,movie_keyword,title#title.id=movie_info_idx.movie_id,title.id=movie_info.movie_id,title.id=movie_companies.movie_id,title.id=movie_keyword.movie_id#movie_companies.company_type_id,>,1,title.series_years,<,1317#2243930987
movie_info_idx,cast_info,movie_info,movie_keyword,title#title.id=movie_info_idx.movie_id,title.id=cast_info.movie_id,title.id=movie_info.movie_id,title.id=movie_keyword.movie_id#movie_info_idx.info_type_id,>,99,cast_info.role_id,>,1,title.imdb_index,>,0#897061724
movie_info_idx,movie_companies,movie_info,movie_keyword,title#title.id=movie_info_idx.movie_id,title.id=movie_companies.movie_id,title.id=movie_info.movie_id,title.id=movie_keyword.movie_id#movie_info.info_type_id,<,18,title.phonetic_code,<,18011,title.series_years,>,0,title.imdb_index,>,0#915042
movie_info_idx,cast_info,movie_keyword,movie_companies,title#title.id=movie_info_idx.movie_id,title.id=cast_info.movie_id,title.id=movie_keyword.movie_id,title.id=movie_companies.movie_id#movie_companies.company_type_id,<,2,title.season_nr,=,0,title.series_years,>,0#37262616
movie_info_idx,movie_keyword,movie_companies,cast_info,title#title.id=movie_info_idx.movie_id,title.id=movie_keyword.movie_id,title.id=movie_companies.movie_id,title.id=cast_info.movie_id#movie_info_idx.info_type_id,>,99,title.kind_id,=,4,title.production_year,>,119#27775788
movie_info_idx,cast_info,movie_info,movie_companies,title#title.id=movie_info_idx.movie_id,title.id=cast_info.movie_id,title.id=movie_info.movie_id,title.id=movie_companies.movie_id#cast_info.role_id,<,11,movie_info.info_type_id,>,2,movie_companies.company_type_id,=,2,title.season_nr,>,1#155790486
movie_info_idx,cast_info,movie_companies,movie_keyword,title#title.id=movie_info_idx.movie_id,title.id=cast_info.movie_id,title.id=movie_companies.movie_id,title.id=movie_keyword.movie_id#movie_keyword.keyword_id,<,76719,title.season_nr,=,0,title.phonetic_code,>,16565#2056105767
cast_info,movie_info_idx,movie_keyword,movie_companies,title#title.id=cast_info.movie_id,title.id=movie_info_idx.movie_id,title.id=movie_keyword.movie_id,title.id=movie_companies.movie_id#cast_info.role_id,=,1,title.phonetic_code,>,0#3128518098
movie_companies,movie_info_idx,movie_keyword,cast_info,title#title.id=movie_companies.movie_id,title.id=movie_info_idx.movie_id,title.id=movie_keyword.movie_id,title.id=cast_info.movie_id#movie_companies.company_type_id,<,2,movie_info_idx.info_type_id,<,101,cast_info.nr_order,>,2,title.phonetic_code,>,2958#1264534822
movie_companies,cast_info,movie_keyword,movie_info,title#title.id=movie_companies.movie_id,title.id=cast_info.movie_id,title.id=movie_keyword.movie_id,title.id=movie_info.movie_id#title.imdb_index,>,0,title.series_years,>,0#5199193
cast_info,movie_keyword,movie_info_idx,movie_info,title#title.id=cast_info.movie_id,title.id=movie_keyword.movie_id,title.id=movie_info_idx.movie_id,title.id=movie_info.movie_id#cast_info.nr_order,>,1,movie_info_idx.info_type_id,<,101,title.phonetic_code,<,10826#9254557218
movie_companies,cast_info,movie_info_idx,movie_info,title#title.id=movie_companies.movie_id,title.id=cast_info.movie_id,title.id=movie_info_idx.movie_id,title.id=movie_info.movie_id#movie_info_idx.info_type_id,>,99,movie_info.info_type_id,>,1,title.phonetic_code,<,18748,title.episode_nr,>,0,title.season_nr,>,0#372098946
movie_keyword,cast_info,movie_info_idx,movie_companies,title#title.id=movie_keyword.movie_id,title.id=cast_info.movie_id,title.id=movie_info_idx.movie_id,title.id=movie_companies.movie_id#movie_companies.company_type_id,<,2,title.kind_id,>,1,title.phonetic_code,<,17167#311687550
movie_info,movie_companies,movie_keyword,movie_info_idx,title#title.id=movie_info.movie_id,title.id=movie_companies.movie_id,title.id=movie_keyword.movie_id,title.id=movie_info_idx.movie_id#movie_info.info_type_id,<,88,title.production_year,<,127,title.season_nr,<,4,title.phonetic_code,<,19428,title.series_years,>,0#206121300
cast_info,movie_companies,movie_info_idx,movie_info,title#title.id=cast_info.movie_id,title.id=movie_companies.movie_id,title.id=movie_info_idx.movie_id,title.id=movie_info.movie_id#cast_info.role_id,=,8,movie_info_idx.info_type_id,>,99,title.imdb_index,>,0#2350052
movie_keyword,movie_info_idx,movie_companies,cast_info,title#title.id=movie_keyword.movie_id,title.id=movie_info_idx.movie_id,title.id=movie_companies.movie_id,title.id=cast_info.movie_id#movie_info_idx.info_type_id,=,100,title.episode_nr,<,56#3074467641
cast_info,movie_info,movie_companies,movie_info_idx,title#title.id=cast_info.movie_id,title.id=movie_info.movie_id,title.id=movie_companies.movie_id,title.id=movie_info_idx.movie_id#movie_companies.company_type_id,<,2,title.phonetic_code,<,13600,title.production_year,>,77#8831195880
movie_companies,movie_info,movie_info_idx,cast_info,title#title.id=movie_companies.movie_id,title.id=movie_info.movie_id,title.id=movie_info_idx.movie_id,title.id=cast_info.movie_id#movie_info.info_type_id,>,3,cast_info.role_id,>,1,title.production_year,<,123,title.season_nr,>,3,title.imdb_index,=,0#96638796
movie_companies,cast_info,movie_info,movie_info_idx,title#title.id=movie_companies.movie_id,title.id=cast_info.movie_id,title.id=movie_info.movie_id,title.id=movie_info_idx.movie_id#cast_info.role_id,=,1,title.kind_id,<,7,title.production_year,<,83#698940527
movie_companies,movie_info_idx,movie_keyword,cast_info,title#title.id=movie_companies.movie_id,title.id=movie_info_idx.movie_id,title.id=movie_keyword.movie_id,title.id=cast_info.movie_id#movie_companies.company_type_id,=,1,movie_info_idx.info_type_id,>,99,title.series_years,>,0,title.episode_nr,<,1364,title.production_year,>,38,title.imdb_index,=,0#24705958
movie_info,movie_keyword,movie_companies,cast_info,title#title.id=movie_info.movie_id,title.id=movie_keyword.movie_id,title.id=movie_companies.movie_id,title.id=cast_info.movie_id#movie_info.info_type_id,<,105,movie_keyword.keyword_id,>,117,title.kind_id,=,7,title.episode_nr,>,0,title.imdb_index,=,0,title.series_years,>,0#13472
movie_companies,movie_keyword,movie_info,cast_info,title#title.id=movie_companies.movie_id,title.id=movie_keyword.movie_id,title.id=movie_info.movie_id,title.id=cast_info.movie_id#movie_keyword.keyword_id,>,585,cast_info.role_id,>,1,title.series_years,>,0,title.phonetic_code,<,11797,title.imdb_index,>,0,title.episode_nr,<,10#3635892
movie_keyword,movie_info,cast_info,movie_info_idx,title#title.id=movie_keyword.movie_id,title.id=movie_info.movie_id,title.id=cast_info.movie_id,title.id=movie_info_idx.movie_id#movie_info.info_type_id,<,17,title.kind_id,=,7,title.production_year,<,126#649279941
cast_info,movie_info,movie_companies,movie_info_idx,title#title.id=cast_info.movie_id,title.id=movie_info.movie_id,title.id=movie_companies.movie_id,title.id=movie_info_idx.movie_id#cast_info.role_id,<,9,movie_info.info_type_id,>,2,title.episode_nr,<,185#9923806719
movie_keyword,movie_info,movie_info_idx,movie_companies,title#title.id=movie_keyword.movie_id,title.id=movie_info.movie_id,title.id=movie_info_idx.movie_id,title.id=movie_companies.movie_id#movie_keyword.keyword_id,<,43316,movie_companies.company_type_id,<,2,title.production_year,<,120,title.imdb_index,>,0#67666662
movie_info_idx,movie_keyword,movie_info,movie_companies,title#title.id=movie_info_idx.movie_id,title.id=movie_keyword.movie_id,title.id=movie_info.movie_id,title.id=movie_companies.movie_id#movie_info_idx.info_type_id,>,99,movie_info.info_type_id,<,98,movie_companies.company_type_id,>,1,title.season_nr,=,11#131780
movie_info,movie_info_idx,cast_info,movie_companies,title#title.id=movie_info.movie_id,title.id=movie_info_idx.movie_id,title.id=cast_info.movie_id,title.id=movie_companies.movie_id#movie_info.info_type_id,>,3,movie_companies.company_type_id,=,2,title.production_year,>,27,title.phonetic_code,<,12048,title.series_years,>,0#31120980
cast_info,movie_keyword,movie_info_idx,movie_info,title#title.id=cast_info.movie_id,title.id=movie_keyword.movie_id,title.id=movie_info_idx.movie_id,title.id=movie_info.movie_id#movie_keyword.keyword_id,>,1578,title.episode_nr,>,0#650844141
movie_keyword,movie_companies,movie_info,cast_info,title#title.id=movie_keyword.movie_id,title.id=movie_companies.movie_id,title.id=movie_info.movie_id,title.id=cast_info.movie_id#movie_companies.company_type_id,=,2,title.episode_nr,<,30,title.phonetic_code,<,20060,title.season_nr,=,1#265498637
movie_companies,movie_info_idx,movie_keyword,movie_info,title#title.id=movie_companies.movie_id,title.id=movie_info_idx.movie_id,title.id=movie_keyword.movie_id,title.id=movie_info.movie_id#movie_companies.company_type_id,>,1,movie_info_idx.info_type_id,<,101,title.kind_id,>,1,title.season_nr,<,5,title.episode_nr,<,2,title.imdb_index,>,0#331580
movie_companies,movie_keyword,cast_info,movie_info,title#title.id=movie_companies.movie_id,title.id=movie_keyword.movie_id,title.id=cast_info.movie_id,title.id=movie_info.movie_id#movie_companies.company_type_id,=,2,cast_info.role_id,>,1,movie_info.info_type_id,>,2,title.season_nr,>,0#430823673
movie_keyword,cast_info,movie_companies,movie_info_idx,title#title.id=movie_keyword.movie_id,title.id=cast_info.movie_id,title.id=movie_companies.movie_id,title.id=movie_info_idx.movie_id#movie_keyword.keyword_id,<,76839,movie_info_idx.info_type_id,>,99,title.production_year,<,121#3985977610
movie_info_idx,movie_keyword,movie_info,cast_info,title#title.id=movie_info_idx.movie_id,title.id=movie_keyword.movie_id,title.id=movie_info.movie_id,title.id=cast_info.movie_id#movie_keyword.keyword_id,<,68250,movie_info.info_type_id,>,2,cast_info.nr_order,<,10,title.season_nr,>,0,title.production_year,>,123#31827834
movie_keyword,movie_companies,movie_info,movie_info_idx,title#title.id=movie_keyword.movie_id,title.id=movie_companies.movie_id,title.id=movie_info.movie_id,title.id=movie_info_idx.movie_id#movie_companies.company_type_id,=,2,movie_info.info_type_id,>,1,title.season_nr,<,1,title.kind_id,=,1,title.production_year,<,127,title.phonetic_code,>,0#2088292577
cast_info,movie_companies,movie_keyword,movie_info_idx,title#title.id=cast_info.movie_id,title.id=movie_companies.movie_id,title.id=movie_keyword.movie_id,title.id=movie_info_idx.movie_id#movie_companies.company_type_id,>,1,movie_keyword.keyword_id,>,41866,movie_info_idx.info_type_id,<,101,title.phonetic_code,<,6963#46828518
movie_companies,movie_info,movie_info_idx,cast_info,title#title.id=movie_companies.movie_id,title.id=movie_info.movie_id,title.id=movie_info_idx.movie_id,title.id=cast_info.movie_id#movie_info.info_type_id,>,2,cast_info.nr_order,>,1,title.episode_nr,>,0#185171733
movie_companies,cast_info,movie_info,movie_info_idx,title#title.id=movie_companies.movie_id,title.id=cast_info.movie_id,title.id=movie_info.movie_id,title.id=movie_info_idx.movie_id#movie_companies.company_type_id,<,2,title.production_year,>,105#11207753072
movie_keyword,movie_info,movie_companies,movie_info_idx,title#title.id=movie_keyword.movie_id,title.id=movie_info.movie_id,title.id=movie_companies.movie_id,title.id=movie_info_idx.movie_id#movie_keyword.keyword_id,<,124879,movie_info.info_type_id,<,105,movie_companies.company_type_id,<,2,title.series_years,>,0,title.kind_id,>,1#190659099
movie_info,movie_info_idx,movie_companies,cast_info,title#title.id=movie_info.movie_id,title.id=movie_info_idx.movie_id,title.id=movie_companies.movie_id,title.id=cast_info.movie_id#movie_info.info_type_id,<,17,title.production_year,>,77#9910521753
movie_info,movie_companies,cast_info,movie_info_idx,title#title.id=movie_info.movie_id,title.id=movie_companies.movie_id,title.id=cast_info.movie_id,title.id=movie_info_idx.movie_id#movie_info.info_type_id,>,1,movie_info_idx.info_type_id,<,101,title.kind_id,>,3#519934480
movie_companies,movie_keyword,movie_info_idx,movie_info,title#title.id=movie_companies.movie_id,title.id=movie_keyword.movie_id,title.id=movie_info_idx.movie_id,title.id=movie_info.movie_id#movie_keyword.keyword_id,>,335,movie_info.info_type_id,>,1,title.phonetic_code,>,6486#8714160688
movie_keyword,movie_info_idx,movie_companies,cast_info,title#title.id=movie_keyword.movie_id,title.id=movie_info_idx.movie_id,title.id=movie_companies.movie_id,title.id=cast_info.movie_id#movie_info_idx.info_type_id,=,99,movie_companies.company_type_id,<,2,title.kind_id,=,7,title.production_year,<,93,title.episode_nr,<,5,title.season_nr,>,4#133892
movie_keyword,movie_info,cast_info,movie_companies,title#title.id=movie_keyword.movie_id,title.id=movie_info.movie_id,title.id=cast_info.movie_id,title.id=movie_companies.movie_id#movie_keyword.keyword_id,>,50,movie_info.info_type_id,>,2,cast_info.role_id,=,2,title.phonetic_code,>,11315,title.series_years,>,0#29511473
cast_info,movie_keyword,movie_info_idx,movie_info,title#title.id=cast_info.movie_id,title.id=movie_keyword.movie_id,title.id=movie_info_idx.movie_id,title.id=movie_info.movie_id#cast_info.nr_order,<,15,movie_info_idx.info_type_id,<,101,movie_info.info_type_id,<,105,title.episode_nr,>,0#151280334
movie_keyword,cast_info,movie_info_idx,movie_info,title#title.id=movie_keyword.movie_id,title.id=cast_info.movie_id,title.id=movie_info_idx.movie_id,title.id=movie_info.movie_id#movie_keyword.keyword_id,>,347,movie_info_idx.info_type_id,>,99,title.phonetic_code,>,16821,title.series_years,>,0#49085668
movie_companies,movie_info,cast_info,movie_keyword,title#title.id=movie_companies.movie_id,title.id=movie_info.movie_id,title.id=cast_info.movie_id,title.id=movie_keyword.movie_id#title.series_years,>,0#1877307211
movie_keyword,movie_companies,cast_info,movie_info_idx,title#title.id=movie_keyword.movie_id,title.id=movie_companies.movie_id,title.id=cast_info.movie_id,title.id=movie_info_idx.movie_id#movie_companies.company_type_id,<,2,movie_info_idx.info_type_id,>,99,title.series_years,>,0,title.imdb_index,>,0#135786
movie_info_idx,movie_companies,cast_info,movie_keyword,title#title.id=movie_info_idx.movie_id,title.id=movie_companies.movie_id,title.id=cast_info.movie_id,title.id=movie_keyword.movie_id#movie_info_idx.info_type_id,<,101,cast_info.role_id,<,11,title.episode_nr,>,0#148970684
cast_info,movie_keyword,movie_info_idx,movie_companies,title#title.id=cast_info.movie_id,title.id=movie_keyword.movie_id,title.id=movie_info_idx.movie_id,title.id=movie_companies.movie_id#movie_keyword.keyword_id,<,103656,movie_info_idx.info_type_id,<,101,movie_companies.company_type_id,=,1,title.production_year,<,115#1870884632
movie_info_idx,movie_keyword,movie_info,movie_companies,title#title.id=movie_info_idx.movie_id,title.id=movie_keyword.movie_id,title.id=movie_info.movie_id,title.id=movie_companies.movie_id#title.season_nr,<,2,title.imdb_index,>,0,title.series_years,>,0#1138956
movie_keyword,movie_companies,cast_info,movie_info_idx,title#title.id=movie_keyword.movie_id,title.id=movie_companies.movie_id,title.id=cast_info.movie_id,title.id=movie_info_idx.movie_id#movie_keyword.keyword_id,>,83,title.phonetic_code,>,14515#2893061789
movie_keyword,movie_info_idx,movie_info,cast_info,title#title.id=movie_keyword.movie_id,title.id=movie_info_idx.movie_id,title.id=movie_info.movie_id,title.id=cast_info.movie_id#movie_info.info_type_id,<,18,title.production_year,<,101,title.season_nr,=,0#8521075967
cast_info,movie_companies,movie_keyword,movie_info,title#title.id=cast_info.movie_id,title.id=movie_companies.movie_id,title.id=movie_keyword.movie_id,title.id=movie_info.movie_id#movie_companies.company_type_id,=,2,movie_info.info_type_id,<,16,title.season_nr,>,2#135289308
movie_info_idx,movie_info,cast_info,movie_companies,title#title.id=movie_info_idx.movie_id,title.id=movie_info.movie_id,title.id=cast_info.movie_id,title.id=movie_companies.movie_id#movie_info_idx.info_type_id,>,99,movie_info.info_type_id,>,1,movie_companies.company_type_id,<,2,title.kind_id,=,1,title.imdb_index,=,0#8929850399
movie_companies,cast_info,movie_info_idx,movie_keyword,title#title.id=movie_companies.movie_id,title.id=cast_info.movie_id,title.id=movie_info_idx.movie_id,title.id=movie_keyword.movie_id#movie_companies.company_type_id,>,1,title.production_year,<,123,title.episode_nr,>,0#51302901
cast_info,movie_keyword,movie_info,movie_info_idx,title#title.id=cast_info.movie_id,title.id=movie_keyword.movie_id,title.id=movie_info.movie_id,title.id=movie_info_idx.movie_id#movie_keyword.keyword_id,<,87452,title.kind_id,>,2,title.episode_nr,>,0,title.season_nr,>,0#821711082
movie_companies,movie_info_idx,movie_keyword,movie_info,title#title.id=movie_companies.movie_id,title.id=movie_info_idx.movie_id,title.id=movie_keyword.movie_id,title.id=movie_info.movie_id#movie_keyword.keyword_id,<,16503,title.kind_id,>,1#381966672
movie_keyword,movie_companies,cast_info,movie_info,title#title.id=movie_keyword.movie_id,title.id=movie_companies.movie_id,title.id=cast_info.movie_id,title.id=movie_info.movie_id#movie_companies.company_type_id,<,2,movie_info.info_type_id,>,1,title.season_nr,=,1,title.episode_nr,<,16#533948008
movie_info_idx,movie_companies,movie_info,cast_info,title#title.id=movie_info_idx.movie_id,title.id=movie_companies.movie_id,title.id=movie_info.movie_id,title.id=cast_info.movie_id#movie_info_idx.info_type_id,>,99,movie_companies.company_type_id,=,2,movie_info.info_type_id,>,2,title.production_year,<,125#1817537892
movie_info_idx,cast_info,movie_info,movie_keyword,title#title.id=movie_info_idx.movie_id,title.id=cast_info.movie_id,title.id=movie_info.movie_id,title.id=movie_keyword.movie_id#movie_keyword.keyword_id,<,71744,title.episode_nr,>,0#821711082
movie_info,movie_keyword,cast_info,movie_info_idx,title#title.id=movie_info.movie_id,title.id=movie_keyword.movie_id,title.id=cast_info.movie_id,title.id=movie_info_idx.movie_id#movie_keyword.keyword_id,<,16264,title.episode_nr,<,49,title.series_years,>,0#304809528
movie_info_idx,movie_info,movie_keyword,movie_companies,title#title.id=movie_info_idx.movie_id,title.id=movie_info.movie_id,title.id=movie_keyword.movie_id,title.id=movie_companies.movie_id#movie_info.info_type_id,>,3,title.kind_id,>,1#442852248
movie_keyword,movie_info_idx,movie_info,movie_companies,title#title.id=movie_keyword.movie_id,title.id=movie_info_idx.movie_id,title.id=movie_info.movie_id,title.id=movie_companies.movie_id#title.phonetic_code,>,0#15036563304
cast_info,movie_info_idx,movie_keyword,movie_info,title#title.id=cast_info.movie_id,title.id=movie_info_idx.movie_id,title.id=movie_keyword.movie_id,title.id=movie_info.movie_id#cast_info.nr_order,>,2,movie_keyword.keyword_id,>,1002,title.series_years,>,0#27125376
movie_info,cast_info,movie_info_idx,movie_companies,title#title.id=movie_info.movie_id,title.id=cast_info.movie_id,title.id=movie_info_idx.movie_id,title.id=movie_companies.movie_id#movie_info.info_type_id,>,1,cast_info.role_id,=,1,movie_companies.company_type_id,=,1,title.production_year,>,44#4591623873
movie_info_idx,cast_info,movie_info,movie_companies,title#title.id=movie_info_idx.movie_id,title.id=cast_info.movie_id,title.id=movie_info.movie_id,title.id=movie_companies.movie_id#cast_info.nr_order,>,0,movie_info.info_type_id,>,16,title.episode_nr,<,5576#2419240354
movie_info,movie_companies,movie_keyword,cast_info,title#title.id=movie_info.movie_id,title.id=movie_companies.movie_id,title.id=movie_keyword.movie_id,title.id=cast_info.movie_id#cast_info.nr_order,>,0,title.phonetic_code,>,12337,title.season_nr,=,2#38455725
movie_companies,movie_keyword,movie_info,movie_info_idx,title#title.id=movie_companies.movie_id,title.id=movie_keyword.movie_id,title.id=movie_info.movie_id,title.id=movie_info_idx.movie_id#movie_companies.company_type_id,<,2,movie_info_idx.info_type_id,=,99,title.production_year,>,84,title.phonetic_code,>,2106,title.imdb_index,=,0,title.season_nr,>,0#14355139
movie_info_idx,movie_companies,cast_info,movie_keyword,title#title.id=movie_info_idx.movie_id,title.id=movie_companies.movie_id,title.id=cast_info.movie_id,title.id=movie_keyword.movie_id#movie_keyword.keyword_id,<,65162,title.kind_id,=,1,title.phonetic_code,>,9468#4256471552
movie_info,movie_info_idx,movie_keyword,cast_info,title#title.id=movie_info.movie_id,title.id=movie_info_idx.movie_id,title.id=movie_keyword.movie_id,title.id=cast_info.movie_id#movie_keyword.keyword_id,<,27710,title.imdb_index,>,0,title.production_year,>,125,title.phonetic_code,<,20662#135073056
cast_info,movie_companies,movie_keyword,movie_info,title#title.id=cast_info.movie_id,title.id=movie_companies.movie_id,title.id=movie_keyword.movie_id,title.id=movie_info.movie_id#movie_companies.company_type_id,=,2,title.episode_nr,>,20#39339433
movie_info,movie_info_idx,cast_info,movie_companies,title#title.id=movie_info.movie_id,title.id=movie_info_idx.movie_id,title.id=cast_info.movie_id,title.id=movie_companies.movie_id#movie_info.info_type_id,<,18,cast_info.role_id,<,10,movie_companies.company_type_id,>,1,title.series_years,>,0#35320752
movie_keyword,movie_info_idx,movie_companies,movie_info,title#title.id=movie_keyword.movie_id,title.id=movie_info_idx.movie_id,title.id=movie_companies.movie_id,title.id=movie_info.movie_id#movie_keyword.keyword_id,>,181,movie_info_idx.info_type_id,<,101,movie_companies.company_type_id,<,2,title.phonetic_code,<,17708,title.series_years,>,0,title.imdb_index,>,0#574566
movie_info_idx,movie_companies,movie_info,cast_info,title#title.id=movie_info_idx.movie_id,title.id=movie_companies.movie_id,title.id=movie_info.movie_id,title.id=cast_info.movie_id#movie_companies.company_type_id,>,1,movie_info.info_type_id,>,3,cast_info.role_id,=,1,title.season_nr,>,0,title.production_year,<,86,title.episode_nr,>,0#6452547
cast_info,movie_companies,movie_info,movie_info_idx,title#title.id=cast_info.movie_id,title.id=movie_companies.movie_id,title.id=movie_info.movie_id,title.id=movie_info_idx.movie_id#cast_info.role_id,=,7,movie_info.info_type_id,>,2,title.phonetic_code,<,16821#107570747
movie_info,cast_info,movie_companies,movie_keyword,title#title.id=movie_info.movie_id,title.id=cast_info.movie_id,title.id=movie_companies.movie_id,title.id=movie_keyword.movie_id#cast_info.nr_order,>,1,title.imdb_index,>,0#5009845473
cast_info,movie_keyword,movie_companies,movie_info_idx,title#title.id=cast_info.movie_id,title.id=movie_keyword.movie_id,title.id=movie_companies.movie_id,title.id=movie_info_idx.movie_id#cast_info.role_id,<,10,movie_companies.company_type_id,>,1,title.season_nr,=,0#1106144711
movie_info,cast_info,movie_companies,movie_keyword,title#title.id=movie_info.movie_id,title.id=cast_info.movie_id,title.id=movie_companies.movie_id,title.id=movie_keyword.movie_id#movie_companies.company_type_id,<,2,movie_keyword.keyword_id,>,434,title.phonetic_code,<,6031,title.season_nr,>,1,title.kind_id,=,7,title.production_year,<,95#11391962
movie_info_idx,cast_info,movie_companies,movie_info,title#title.id=movie_info_idx.movie_id,title.id=cast_info.movie_id,title.id=movie_companies.movie_id,title.id=movie_info.movie_id#movie_info_idx.info_type_id,>,99,title.series_years,>,0#130683516
cast_info,movie_info_idx,movie_info,movie_companies,title#title.id=cast_info.movie_id,title.id=movie_info_idx.movie_id,title.id=movie_info.movie_id,title.id=movie_companies.movie_id#movie_info_idx.info_type_id,=,101,title.season_nr,=,0,title.kind_id,>,1,title.phonetic_code,<,17163,title.episode_nr,<,60#170517287
movie_info,movie_companies,cast_info,movie_info_idx,title#title.id=movie_info.movie_id,title.id=movie_companies.movie_id,title.id=cast_info.movie_id,title.id=movie_info_idx.movie_id#movie_info_idx.info_type_id,>,99,title.season_nr,=,2,title.imdb_index,=,0#71275680
movie_info_idx,movie_keyword,cast_info,movie_info,title#title.id=movie_info_idx.movie_id,title.id=movie_keyword.movie_id,title.id=cast_info.movie_id,title.id=movie_info.movie_id#movie_info_idx.info_type_id,<,101,movie_keyword.keyword_id,>,25875,title.season_nr,>,0,title.production_year,<,71,title.phonetic_code,>,7422,title.imdb_index,=,0#149112
movie_companies,movie_keyword,movie_info_idx,cast_info,title#title.id=movie_companies.movie_id,title.id=movie_keyword.movie_id,title.id=movie_info_idx.movie_id,title.id=cast_info.movie_id#cast_info.role_id,=,1,title.episode_nr,>,2#42961767
movie_companies,movie_info,movie_info_idx,cast_info,title#title.id=movie_companies.movie_id,title.id=movie_info.movie_id,title.id=movie_info_idx.movie_id,title.id=cast_info.movie_id#movie_info.info_type_id,<,89,movie_info_idx.info_type_id,>,99,title.kind_id,=,2,title.season_nr,=,0#122988746
movie_info,movie_keyword,cast_info,movie_info_idx,title#title.id=movie_info.movie_id,title.id=movie_keyword.movie_id,title.id=cast_info.movie_id,title.id=movie_info_idx.movie_id#movie_keyword.keyword_id,>,55,cast_info.nr_order,<,21,movie_info_idx.info_type_id,=,99,title.imdb_index,=,0#4173840783
movie_info,movie_keyword,movie_companies,movie_info_idx,title#title.id=movie_info.movie_id,title.id=movie_keyword.movie_id,title.id=movie_companies.movie_id,title.id=movie_info_idx.movie_id#movie_companies.company_type_id,>,1,title.phonetic_code,>,3914#1638296996
movie_info_idx,movie_info,cast_info,movie_companies,title#title.id=movie_info_idx.movie_id,title.id=movie_info.movie_id,title.id=cast_info.movie_id,title.id=movie_companies.movie_id#movie_info_idx.info_type_id,=,99,title.kind_id,=,1#5240822686
movie_companies,movie_info,cast_info,movie_info_idx,title#title.id=movie_companies.movie_id,title.id=movie_info.movie_id,title.id=cast_info.movie_id,title.id=movie_info_idx.movie_id#movie_companies.company_type_id,<,2,movie_info.info_type_id,>,16,title.kind_id,<,7,title.production_year,>,124,title.phonetic_code,>,16043#118265414
cast_info,movie_companies,movie_info_idx,movie_keyword,title#title.id=cast_info.movie_id,title.id=movie_companies.movie_id,title.id=movie_info_idx.movie_id,title.id=movie_keyword.movie_id#cast_info.role_id,<,9,movie_companies.company_type_id,>,1,title.kind_id,<,7,title.phonetic_code,>,0,title.series_years,>,0,title.episode_nr,<,144#12725571
movie_companies,movie_keyword,cast_info,movie_info_idx,title#title.id=movie_companies.movie_id,title.id=movie_keyword.movie_id,title.id=cast_info.movie_id,title.id=movie_info_idx.movie_id#title.episode_nr,<,21,title.imdb_index,>,0,title.season_nr,<,7,title.production_year,>,15#287447247
movie_companies,movie_info,movie_info_idx,movie_keyword,title#title.id=movie_companies.movie_id,title.id=movie_info.movie_id,title.id=movie_info_idx.movie_id,title.id=movie_keyword.movie_id#movie_info_idx.info_type_id,=,99,title.episode_nr,>,0#28305567
movie_info,movie_keyword,movie_companies,cast_info,title#title.id=movie_info.movie_id,title.id=movie_keyword.movie_id,title.id=movie_companies.movie_id,title.id=cast_info.movie_id#movie_info.info_type_id,<,94,movie_companies.company_type_id,=,2,title.phonetic_code,>,679,title.series_years,>,0#376272505
movie_info_idx,movie_info,cast_info,movie_companies,title#title.id=movie_info_idx.movie_id,title.id=movie_info.movie_id,title.id=cast_info.movie_id,title.id=movie_companies.movie_id#movie_info_idx.info_type_id,>,99,cast_info.nr_order,<,51,movie_companies.company_type_id,>,1,title.series_years,>,0,title.phonetic_code,<,5290,title.kind_id,>,1#1476438
cast_info,movie_keyword,movie_info_idx,movie_info,title#title.id=cast_info.movie_id,title.id=movie_keyword.movie_id,title.id=movie_info_idx.movie_id,title.id=movie_info.movie_id#cast_info.role_id,<,11,movie_info_idx.info_type_id,>,99,movie_info.info_type_id,<,16,title.series_years,>,0,title.episode_nr,<,3#154481830
movie_keyword,movie_info_idx,movie_info,movie_companies,title#title.id=movie_keyword.movie_id,title.id=movie_info_idx.movie_id,title.id=movie_info.movie_id,title.id=movie_companies.movie_id#movie_keyword.keyword_id,>,382,movie_info.info_type_id,>,2,title.season_nr,>,0#72278967
movie_info_idx,movie_info,movie_keyword,movie_companies,title#title.id=movie_info_idx.movie_id,title.id=movie_info.movie_id,title.id=movie_keyword.movie_id,title.id=movie_companies.movie_id#movie_info.info_type_id,>,1,title.imdb_index,=,0#14620249197
