votes v,posts p,badges b,users u#p.Id=v.PostId,u.Id=p.OwnerUserId,u.Id=b.UserId#p.Score,>,-5,p.Score,<,73,p.CommentCount,>,5,p.CommentCount,<,8,u.DownVotes,>,324,u.DownVotes,<,817,v.CreationDate,>,1274877677,v.CreationDate,<,1402290874,v.VoteTypeId,>,6,v.VoteTypeId,<,14,b.Date,>,1285255897,b.Date,<,1287659026#21
votes v,posts p,badges b,users u#p.Id=v.PostId,u.Id=p.OwnerUserId,u.Id=b.UserId#p.Score,>,111,p.Score,<,150,p.CommentCount,>,10,p.CommentCount,<,38,u.DownVotes,>,210,u.DownVotes,<,1828,v.CreationDate,>,1262318944,v.CreationDate,<,1333759801,v.VoteTypeId,>,1,v.VoteTypeId,<,10,b.Date,>,1305286673,b.Date,<,1403164180#15252
votes v,posts p,badges b,users u#p.Id=v.PostId,u.Id=p.OwnerUserId,u.Id=b.UserId#p.Score,>,-10,p.Score,<,64,p.CommentCount,>,31,p.CommentCount,<,40,u.DownVotes,>,117,u.DownVotes,<,1730,v.CreationDate,>,1299048119,v.CreationDate,<,1379889134,v.VoteTypeId,>,2,v.VoteTypeId,<,8,b.Date,>,1364733323,b.Date,<,1383396123#16
votes v,posts p,badges b,users u#p.Id=v.PostId,u.Id=p.OwnerUserId,u.Id=b.UserId#p.Score,>,8,p.Score,<,68,p.CommentCount,>,19,p.CommentCount,<,24,u.DownVotes,>,511,u.DownVotes,<,1867,v.CreationDate,>,1250057184,v.CreationDate,<,1388757222,v.VoteTypeId,>,1,v.VoteTypeId,<,14,b.Date,>,1289943469,b.Date,<,1402998135#4050
votes v,posts p,badges b,users u#p.Id=v.PostId,u.Id=p.OwnerUserId,u.Id=b.UserId#p.Score,>,36,p.Score,<,149,p.CommentCount,>,11,p.CommentCount,<,22,u.DownVotes,>,11,u.DownVotes,<,977,v.CreationDate,>,1246884086,v.CreationDate,<,1391455254,v.VoteTypeId,>,2,v.VoteTypeId,<,15,b.Date,>,1352334319,b.Date,<,1357356185#14
votes v,posts p,badges b,users u#p.Id=v.PostId,u.Id=p.OwnerUserId,u.Id=b.UserId#p.Score,>,-11,p.Score,<,43,p.CommentCount,>,3,p.CommentCount,<,36,u.DownVotes,>,709,u.DownVotes,<,1560,v.CreationDate,>,1289651862,v.CreationDate,<,1339174799,v.VoteTypeId,>,7,v.VoteTypeId,<,13,b.Date,>,1391371177,b.Date,<,1408516042#585
votes v,posts p,badges b,users u#p.Id=v.PostId,u.Id=p.OwnerUserId,u.Id=b.UserId#p.Score,>,3,p.Score,<,130,p.CommentCount,>,3,p.CommentCount,<,20,u.DownVotes,>,775,u.DownVotes,<,1724,v.CreationDate,>,1373636597,v.CreationDate,<,1381139913,v.VoteTypeId,>,1,v.VoteTypeId,<,3,b.Date,>,1312541955,b.Date,<,1360760711#33485
votes v,posts p,badges b,users u#p.Id=v.PostId,u.Id=p.OwnerUserId,u.Id=b.UserId#p.Score,>,32,p.Score,<,105,p.CommentCount,>,2,p.CommentCount,<,15,u.DownVotes,>,475,u.DownVotes,<,1706,v.CreationDate,>,1314361114,v.CreationDate,<,1371639163,v.VoteTypeId,>,1,v.VoteTypeId,<,14,b.Date,>,1399438634,b.Date,<,1399883247#1194
votes v,posts p,badges b,users u#p.Id=v.PostId,u.Id=p.OwnerUserId,u.Id=b.UserId#p.Score,>,12,p.Score,<,55,p.CommentCount,>,0,p.CommentCount,<,31,u.DownVotes,>,133,u.DownVotes,<,1441,v.CreationDate,>,1292359622,v.CreationDate,<,1315567784,v.VoteTypeId,>,4,v.VoteTypeId,<,6,b.Date,>,1293898747,b.Date,<,1347635136#783
votes v,posts p,badges b,users u#p.Id=v.PostId,u.Id=p.OwnerUserId,u.Id=b.UserId#p.Score,>,-11,p.Score,<,131,p.CommentCount,>,18,p.CommentCount,<,29,u.DownVotes,>,184,u.DownVotes,<,1045,v.CreationDate,>,1249212745,v.CreationDate,<,1370057767,v.VoteTypeId,>,7,v.VoteTypeId,<,12,b.Date,>,1373448577,b.Date,<,1408204731#184
votes v,posts p,badges b,users u#p.Id=v.PostId,u.Id=p.OwnerUserId,u.Id=b.UserId#p.Score,>,98,p.Score,<,138,p.CommentCount,>,1,p.CommentCount,<,34,u.DownVotes,>,276,u.DownVotes,<,851,v.CreationDate,>,1321952421,v.CreationDate,<,1389877297,v.VoteTypeId,>,1,v.VoteTypeId,<,9,b.Date,>,1334804754,b.Date,<,1398046119#24024
votes v,posts p,badges b,users u#p.Id=v.PostId,u.Id=p.OwnerUserId,u.Id=b.UserId#p.Score,>,61,p.Score,<,154,p.CommentCount,>,0,p.CommentCount,<,23,u.DownVotes,>,70,u.DownVotes,<,772,v.CreationDate,>,1234964070,v.CreationDate,<,1391011801,v.VoteTypeId,>,5,v.VoteTypeId,<,12,b.Date,>,1321920145,b.Date,<,1406995770#233
votes v,posts p,badges b,users u#p.Id=v.PostId,u.Id=p.OwnerUserId,u.Id=b.UserId#p.Score,>,-16,p.Score,<,110,p.CommentCount,>,4,p.CommentCount,<,33,u.DownVotes,>,167,u.DownVotes,<,1703,v.CreationDate,>,1341683153,v.CreationDate,<,1364329315,v.VoteTypeId,>,1,v.VoteTypeId,<,3,b.Date,>,1319224915,b.Date,<,1397141194#183500
votes v,posts p,badges b,users u#p.Id=v.PostId,u.Id=p.OwnerUserId,u.Id=b.UserId#p.Score,>,-16,p.Score,<,42,p.CommentCount,>,1,p.CommentCount,<,15,u.DownVotes,>,549,u.DownVotes,<,1622,v.CreationDate,>,1338321924,v.CreationDate,<,1345141480,v.VoteTypeId,>,1,v.VoteTypeId,<,15,b.Date,>,1365396593,b.Date,<,1399958302#40470
votes v,posts p,badges b,users u#p.Id=v.PostId,u.Id=p.OwnerUserId,u.Id=b.UserId#p.Score,>,73,p.Score,<,122,p.CommentCount,>,4,p.CommentCount,<,25,u.DownVotes,>,33,u.DownVotes,<,181,v.CreationDate,>,1330125192,v.CreationDate,<,1359828603,v.VoteTypeId,>,2,v.VoteTypeId,<,12,b.Date,>,1370270717,b.Date,<,1404002083#20
votes v,posts p,badges b,users u#p.Id=v.PostId,u.Id=p.OwnerUserId,u.Id=b.UserId#p.Score,>,21,p.Score,<,170,p.CommentCount,>,1,p.CommentCount,<,26,u.DownVotes,>,239,u.DownVotes,<,963,v.CreationDate,>,1346448749,v.CreationDate,<,1397829249,v.VoteTypeId,>,4,v.VoteTypeId,<,15,b.Date,>,1324404634,b.Date,<,1410362591#5464
votes v,posts p,badges b,users u#p.Id=v.PostId,u.Id=p.OwnerUserId,u.Id=b.UserId#p.Score,>,0,p.Score,<,185,p.CommentCount,>,6,p.CommentCount,<,39,u.DownVotes,>,622,u.DownVotes,<,1444,v.CreationDate,>,1253548761,v.CreationDate,<,1361276450,v.VoteTypeId,>,2,v.VoteTypeId,<,11,b.Date,>,1326364786,b.Date,<,1360541331#2278
votes v,posts p,badges b,users u#p.Id=v.PostId,u.Id=p.OwnerUserId,u.Id=b.UserId#p.Score,>,-13,p.Score,<,159,p.CommentCount,>,1,p.CommentCount,<,34,u.DownVotes,>,151,u.DownVotes,<,1860,v.CreationDate,>,1282122993,v.CreationDate,<,1403817020,v.VoteTypeId,>,5,v.VoteTypeId,<,14,b.Date,>,1345649070,b.Date,<,1348474596#690
votes v,posts p,badges b,users u#p.Id=v.PostId,u.Id=p.OwnerUserId,u.Id=b.UserId#p.Score,>,18,p.Score,<,47,p.CommentCount,>,13,p.CommentCount,<,44,u.DownVotes,>,127,u.DownVotes,<,1655,v.CreationDate,>,1236197849,v.CreationDate,<,1393630277,v.VoteTypeId,>,1,v.VoteTypeId,<,7,b.Date,>,1350108227,b.Date,<,1351192414#250
votes v,posts p,badges b,users u#p.Id=v.PostId,u.Id=p.OwnerUserId,u.Id=b.UserId#p.Score,>,3,p.Score,<,52,p.CommentCount,>,1,p.CommentCount,<,30,u.DownVotes,>,376,u.DownVotes,<,1538,v.CreationDate,>,1268638026,v.CreationDate,<,1284183436,v.VoteTypeId,>,3,v.VoteTypeId,<,13,b.Date,>,1321610788,b.Date,<,1387099760#496
votes v,posts p,badges b,users u#p.Id=v.PostId,u.Id=p.OwnerUserId,u.Id=b.UserId#p.Score,>,21,p.Score,<,169,p.CommentCount,>,6,p.CommentCount,<,33,u.DownVotes,>,595,u.DownVotes,<,1462,v.CreationDate,>,1252326370,v.CreationDate,<,1322561049,v.VoteTypeId,>,1,v.VoteTypeId,<,8,b.Date,>,1287015542,b.Date,<,1293369416#2646
votes v,posts p,badges b,users u#p.Id=v.PostId,u.Id=p.OwnerUserId,u.Id=b.UserId#p.Score,>,-15,p.Score,<,134,p.CommentCount,>,8,p.CommentCount,<,19,u.DownVotes,>,321,u.DownVotes,<,1791,v.CreationDate,>,1341533940,v.CreationDate,<,1360611684,v.VoteTypeId,>,7,v.VoteTypeId,<,13,b.Date,>,1280101574,b.Date,<,1348480288#575
votes v,posts p,badges b,users u#p.Id=v.PostId,u.Id=p.OwnerUserId,u.Id=b.UserId#p.Score,>,126,p.Score,<,176,p.CommentCount,>,3,p.CommentCount,<,23,u.DownVotes,>,511,u.DownVotes,<,1461,v.CreationDate,>,1265420112,v.CreationDate,<,1399454677,v.VoteTypeId,>,1,v.VoteTypeId,<,13,b.Date,>,1330920899,b.Date,<,1367007263#18029
votes v,posts p,badges b,users u#p.Id=v.PostId,u.Id=p.OwnerUserId,u.Id=b.UserId#p.Score,>,-3,p.Score,<,128,p.CommentCount,>,2,p.CommentCount,<,21,u.DownVotes,>,170,u.DownVotes,<,1760,v.CreationDate,>,1235877314,v.CreationDate,<,1384920496,v.VoteTypeId,>,9,v.VoteTypeId,<,14,b.Date,>,1343532033,b.Date,<,1395331222#984
votes v,posts p,badges b,users u#p.Id=v.PostId,u.Id=p.OwnerUserId,u.Id=b.UserId#p.Score,>,-2,p.Score,<,142,p.CommentCount,>,8,p.CommentCount,<,43,u.DownVotes,>,764,u.DownVotes,<,1174,v.CreationDate,>,1238323744,v.CreationDate,<,1373822423,v.VoteTypeId,>,5,v.VoteTypeId,<,12,b.Date,>,1363764970,b.Date,<,1400631500#296
votes v,posts p,badges b,users u#p.Id=v.PostId,u.Id=p.OwnerUserId,u.Id=b.UserId#p.Score,>,29,p.Score,<,92,p.CommentCount,>,2,p.CommentCount,<,35,u.DownVotes,>,105,u.DownVotes,<,421,v.CreationDate,>,1309129938,v.CreationDate,<,1369417955,v.VoteTypeId,>,4,v.VoteTypeId,<,6,b.Date,>,1347034392,b.Date,<,1354567325#280
votes v,posts p,badges b,users u#p.Id=v.PostId,u.Id=p.OwnerUserId,u.Id=b.UserId#p.Score,>,-13,p.Score,<,114,p.CommentCount,>,8,p.CommentCount,<,17,u.DownVotes,>,2,u.DownVotes,<,1908,v.CreationDate,>,1302598679,v.CreationDate,<,1345711198,v.VoteTypeId,>,1,v.VoteTypeId,<,11,b.Date,>,1325123790,b.Date,<,1383510221#173024
votes v,posts p,badges b,users u#p.Id=v.PostId,u.Id=p.OwnerUserId,u.Id=b.UserId#p.Score,>,-12,p.Score,<,92,p.CommentCount,>,3,p.CommentCount,<,29,u.DownVotes,>,584,u.DownVotes,<,970,v.CreationDate,>,1312216362,v.CreationDate,<,1318479300,v.VoteTypeId,>,3,v.VoteTypeId,<,8,b.Date,>,1315916372,b.Date,<,1382095730#254
votes v,posts p,badges b,users u#p.Id=v.PostId,u.Id=p.OwnerUserId,u.Id=b.UserId#p.Score,>,-16,p.Score,<,168,p.CommentCount,>,6,p.CommentCount,<,34,u.DownVotes,>,83,u.DownVotes,<,519,v.CreationDate,>,1351777918,v.CreationDate,<,1378361313,v.VoteTypeId,>,7,v.VoteTypeId,<,11,b.Date,>,1317998996,b.Date,<,1392972124#566
votes v,posts p,badges b,users u#p.Id=v.PostId,u.Id=p.OwnerUserId,u.Id=b.UserId#p.Score,>,18,p.Score,<,175,p.CommentCount,>,13,p.CommentCount,<,23,u.DownVotes,>,78,u.DownVotes,<,1060,v.CreationDate,>,1297126406,v.CreationDate,<,1359672994,v.VoteTypeId,>,3,v.VoteTypeId,<,12,b.Date,>,1296779665,b.Date,<,1405329735#130
votes v,posts p,badges b,users u#p.Id=v.PostId,u.Id=p.OwnerUserId,u.Id=b.UserId#p.Score,>,-2,p.Score,<,152,p.CommentCount,>,1,p.CommentCount,<,23,u.DownVotes,>,272,u.DownVotes,<,1789,v.CreationDate,>,1273813312,v.CreationDate,<,1389990099,v.VoteTypeId,>,1,v.VoteTypeId,<,11,b.Date,>,1324744067,b.Date,<,1408955652#1600381
votes v,posts p,badges b,users u#p.Id=v.PostId,u.Id=p.OwnerUserId,u.Id=b.UserId#p.Score,>,24,p.Score,<,120,p.CommentCount,>,1,p.CommentCount,<,42,u.DownVotes,>,210,u.DownVotes,<,1761,v.CreationDate,>,1288471772,v.CreationDate,<,1305987357,v.VoteTypeId,>,1,v.VoteTypeId,<,6,b.Date,>,1281039317,b.Date,<,1402729120#61376
votes v,posts p,badges b,users u#p.Id=v.PostId,u.Id=p.OwnerUserId,u.Id=b.UserId#p.Score,>,-9,p.Score,<,38,p.CommentCount,>,4,p.CommentCount,<,9,u.DownVotes,>,17,u.DownVotes,<,769,v.CreationDate,>,1395960747,v.CreationDate,<,1402746353,v.VoteTypeId,>,2,v.VoteTypeId,<,9,b.Date,>,1301450160,b.Date,<,1371705716#865
votes v,posts p,badges b,users u#p.Id=v.PostId,u.Id=p.OwnerUserId,u.Id=b.UserId#p.Score,>,-9,p.Score,<,188,p.CommentCount,>,5,p.CommentCount,<,16,u.DownVotes,>,178,u.DownVotes,<,1611,v.CreationDate,>,1247982989,v.CreationDate,<,1308574676,v.VoteTypeId,>,2,v.VoteTypeId,<,7,b.Date,>,1339249849,b.Date,<,1358908279#643
votes v,posts p,badges b,users u#p.Id=v.PostId,u.Id=p.OwnerUserId,u.Id=b.UserId#p.Score,>,0,p.Score,<,64,p.CommentCount,>,0,p.CommentCount,<,44,u.DownVotes,>,218,u.DownVotes,<,1185,v.CreationDate,>,1300508164,v.CreationDate,<,1309295475,v.VoteTypeId,>,6,v.VoteTypeId,<,12,b.Date,>,1324267854,b.Date,<,1358334482#270
votes v,posts p,badges b,users u#p.Id=v.PostId,u.Id=p.OwnerUserId,u.Id=b.UserId#p.Score,>,1,p.Score,<,166,p.CommentCount,>,12,p.CommentCount,<,37,u.DownVotes,>,117,u.DownVotes,<,1399,v.CreationDate,>,1279676960,v.CreationDate,<,1361602398,v.VoteTypeId,>,1,v.VoteTypeId,<,6,b.Date,>,1351358972,b.Date,<,1402393454#45084
votes v,posts p,badges b,users u#p.Id=v.PostId,u.Id=p.OwnerUserId,u.Id=b.UserId#p.Score,>,73,p.Score,<,174,p.CommentCount,>,5,p.CommentCount,<,25,u.DownVotes,>,69,u.DownVotes,<,417,v.CreationDate,>,1334953651,v.CreationDate,<,1366701945,v.VoteTypeId,>,8,v.VoteTypeId,<,14,b.Date,>,1280367719,b.Date,<,1323656180#9
votes v,posts p,badges b,users u#p.Id=v.PostId,u.Id=p.OwnerUserId,u.Id=b.UserId#p.Score,>,36,p.Score,<,89,p.CommentCount,>,0,p.CommentCount,<,33,u.DownVotes,>,508,u.DownVotes,<,1614,v.CreationDate,>,1315573193,v.CreationDate,<,1337306720,v.VoteTypeId,>,1,v.VoteTypeId,<,11,b.Date,>,1280060298,b.Date,<,1296339146#5510
votes v,posts p,badges b,users u#p.Id=v.PostId,u.Id=p.OwnerUserId,u.Id=b.UserId#p.Score,>,-1,p.Score,<,12,p.CommentCount,>,11,p.CommentCount,<,25,u.DownVotes,>,204,u.DownVotes,<,1866,v.CreationDate,>,1283283432,v.CreationDate,<,1346419705,v.VoteTypeId,>,1,v.VoteTypeId,<,10,b.Date,>,1287638119,b.Date,<,1381620750#28268
votes v,posts p,badges b,users u#p.Id=v.PostId,u.Id=p.OwnerUserId,u.Id=b.UserId#p.Score,>,38,p.Score,<,82,p.CommentCount,>,3,p.CommentCount,<,19,u.DownVotes,>,391,u.DownVotes,<,1083,v.CreationDate,>,1298462805,v.CreationDate,<,1363260175,v.VoteTypeId,>,4,v.VoteTypeId,<,9,b.Date,>,1284430032,b.Date,<,1379179514#2560
votes v,posts p,badges b,users u#p.Id=v.PostId,u.Id=p.OwnerUserId,u.Id=b.UserId#p.Score,>,-18,p.Score,<,123,p.CommentCount,>,11,p.CommentCount,<,44,u.DownVotes,>,40,u.DownVotes,<,1316,v.CreationDate,>,1234994472,v.CreationDate,<,1325461646,v.VoteTypeId,>,1,v.VoteTypeId,<,5,b.Date,>,1319718741,b.Date,<,1330125819#4323
votes v,posts p,badges b,users u#p.Id=v.PostId,u.Id=p.OwnerUserId,u.Id=b.UserId#p.Score,>,-8,p.Score,<,70,p.CommentCount,>,15,p.CommentCount,<,36,u.DownVotes,>,202,u.DownVotes,<,1624,v.CreationDate,>,1256532707,v.CreationDate,<,1390358386,v.VoteTypeId,>,6,v.VoteTypeId,<,13,b.Date,>,1332618201,b.Date,<,1385306249#278
votes v,posts p,badges b,users u#p.Id=v.PostId,u.Id=p.OwnerUserId,u.Id=b.UserId#p.Score,>,7,p.Score,<,58,p.CommentCount,>,6,p.CommentCount,<,12,u.DownVotes,>,249,u.DownVotes,<,1634,v.CreationDate,>,1406722887,v.CreationDate,<,1409441687,v.VoteTypeId,>,2,v.VoteTypeId,<,10,b.Date,>,1335183000,b.Date,<,1403804498#293
votes v,posts p,badges b,users u#p.Id=v.PostId,u.Id=p.OwnerUserId,u.Id=b.UserId#p.Score,>,48,p.Score,<,86,p.CommentCount,>,9,p.CommentCount,<,44,u.DownVotes,>,747,u.DownVotes,<,1028,v.CreationDate,>,1304977842,v.CreationDate,<,1372086573,v.VoteTypeId,>,1,v.VoteTypeId,<,10,b.Date,>,1300043946,b.Date,<,1307262426#1000
votes v,posts p,badges b,users u#p.Id=v.PostId,u.Id=p.OwnerUserId,u.Id=b.UserId#p.Score,>,-2,p.Score,<,148,p.CommentCount,>,16,p.CommentCount,<,37,u.DownVotes,>,257,u.DownVotes,<,1910,v.CreationDate,>,1329693554,v.CreationDate,<,1333666619,v.VoteTypeId,>,1,v.VoteTypeId,<,5,b.Date,>,1287607473,b.Date,<,1404402671#417
votes v,posts p,badges b,users u#p.Id=v.PostId,u.Id=p.OwnerUserId,u.Id=b.UserId#p.Score,>,15,p.Score,<,132,p.CommentCount,>,12,p.CommentCount,<,19,u.DownVotes,>,36,u.DownVotes,<,370,v.CreationDate,>,1262310971,v.CreationDate,<,1376416078,v.VoteTypeId,>,1,v.VoteTypeId,<,12,b.Date,>,1348318347,b.Date,<,1396697081#12758
votes v,posts p,badges b,users u#p.Id=v.PostId,u.Id=p.OwnerUserId,u.Id=b.UserId#p.Score,>,29,p.Score,<,51,p.CommentCount,>,8,p.CommentCount,<,43,u.DownVotes,>,4,u.DownVotes,<,849,v.CreationDate,>,1379004111,v.CreationDate,<,1401709346,v.VoteTypeId,>,8,v.VoteTypeId,<,10,b.Date,>,1280071818,b.Date,<,1359168816#253
votes v,posts p,badges b,users u#p.Id=v.PostId,u.Id=p.OwnerUserId,u.Id=b.UserId#p.Score,>,-8,p.Score,<,41,p.CommentCount,>,19,p.CommentCount,<,42,u.DownVotes,>,664,u.DownVotes,<,852,v.CreationDate,>,1330785484,v.CreationDate,<,1368529320,v.VoteTypeId,>,1,v.VoteTypeId,<,10,b.Date,>,1335816052,b.Date,<,1364791659#132
votes v,posts p,badges b,users u#p.Id=v.PostId,u.Id=p.OwnerUserId,u.Id=b.UserId#p.Score,>,8,p.Score,<,25,p.CommentCount,>,4,p.CommentCount,<,41,u.DownVotes,>,326,u.DownVotes,<,1790,v.CreationDate,>,1309396593,v.CreationDate,<,1321597794,v.VoteTypeId,>,3,v.VoteTypeId,<,7,b.Date,>,1312427085,b.Date,<,1387828491#560
votes v,posts p,badges b,users u#p.Id=v.PostId,u.Id=p.OwnerUserId,u.Id=b.UserId#p.Score,>,5,p.Score,<,137,p.CommentCount,>,3,p.CommentCount,<,14,u.DownVotes,>,295,u.DownVotes,<,1888,v.CreationDate,>,1337111694,v.CreationDate,<,1358494389,v.VoteTypeId,>,5,v.VoteTypeId,<,11,b.Date,>,1290473715,b.Date,<,1341232336#319
votes v,posts p,badges b,users u#p.Id=v.PostId,u.Id=p.OwnerUserId,u.Id=b.UserId#p.Score,>,-5,p.Score,<,123,p.CommentCount,>,0,p.CommentCount,<,20,u.DownVotes,>,23,u.DownVotes,<,1242,v.CreationDate,>,1266532786,v.CreationDate,<,1363427763,v.VoteTypeId,>,3,v.VoteTypeId,<,6,b.Date,>,1288943112,b.Date,<,1400874867#100260
votes v,posts p,badges b,users u#p.Id=v.PostId,u.Id=p.OwnerUserId,u.Id=b.UserId#p.Score,>,2,p.Score,<,120,p.CommentCount,>,7,p.CommentCount,<,41,u.DownVotes,>,381,u.DownVotes,<,1762,v.CreationDate,>,1238153557,v.CreationDate,<,1321646288,v.VoteTypeId,>,1,v.VoteTypeId,<,10,b.Date,>,1339676985,b.Date,<,1401541477#81347
votes v,posts p,badges b,users u#p.Id=v.PostId,u.Id=p.OwnerUserId,u.Id=b.UserId#p.Score,>,-8,p.Score,<,18,p.CommentCount,>,6,p.CommentCount,<,43,u.DownVotes,>,666,u.DownVotes,<,1204,v.CreationDate,>,1310745531,v.CreationDate,<,1369804000,v.VoteTypeId,>,5,v.VoteTypeId,<,11,b.Date,>,1321821525,b.Date,<,1366406937#168
votes v,posts p,badges b,users u#p.Id=v.PostId,u.Id=p.OwnerUserId,u.Id=b.UserId#p.Score,>,-3,p.Score,<,164,p.CommentCount,>,10,p.CommentCount,<,22,u.DownVotes,>,70,u.DownVotes,<,1274,v.CreationDate,>,1333613728,v.CreationDate,<,1354328629,v.VoteTypeId,>,4,v.VoteTypeId,<,12,b.Date,>,1342395189,b.Date,<,1362867912#189
votes v,posts p,badges b,users u#p.Id=v.PostId,u.Id=p.OwnerUserId,u.Id=b.UserId#p.Score,>,13,p.Score,<,88,p.CommentCount,>,5,p.CommentCount,<,25,u.DownVotes,>,454,u.DownVotes,<,878,v.CreationDate,>,1341907240,v.CreationDate,<,1402264008,v.VoteTypeId,>,7,v.VoteTypeId,<,15,b.Date,>,1297469959,b.Date,<,1319654853#63
votes v,posts p,badges b,users u#p.Id=v.PostId,u.Id=p.OwnerUserId,u.Id=b.UserId#p.Score,>,37,p.Score,<,96,p.CommentCount,>,7,p.CommentCount,<,33,u.DownVotes,>,18,u.DownVotes,<,1470,v.CreationDate,>,1337579246,v.CreationDate,<,1377206982,v.VoteTypeId,>,3,v.VoteTypeId,<,15,b.Date,>,1279980999,b.Date,<,1341093258#336
votes v,posts p,badges b,users u#p.Id=v.PostId,u.Id=p.OwnerUserId,u.Id=b.UserId#p.Score,>,75,p.Score,<,116,p.CommentCount,>,9,p.CommentCount,<,34,u.DownVotes,>,571,u.DownVotes,<,1179,v.CreationDate,>,1269104550,v.CreationDate,<,1348500766,v.VoteTypeId,>,1,v.VoteTypeId,<,7,b.Date,>,1325939270,b.Date,<,1337704493#1036
votes v,posts p,badges b,users u#p.Id=v.PostId,u.Id=p.OwnerUserId,u.Id=b.UserId#p.Score,>,114,p.Score,<,162,p.CommentCount,>,2,p.CommentCount,<,13,u.DownVotes,>,94,u.DownVotes,<,949,v.CreationDate,>,1333728044,v.CreationDate,<,1371867593,v.VoteTypeId,>,3,v.VoteTypeId,<,10,b.Date,>,1299202612,b.Date,<,1322170761#6
votes v,posts p,badges b,users u#p.Id=v.PostId,u.Id=p.OwnerUserId,u.Id=b.UserId#p.Score,>,-7,p.Score,<,176,p.CommentCount,>,5,p.CommentCount,<,25,u.DownVotes,>,767,u.DownVotes,<,1049,v.CreationDate,>,1242342351,v.CreationDate,<,1347502179,v.VoteTypeId,>,9,v.VoteTypeId,<,13,b.Date,>,1326682199,b.Date,<,1393649149#265
votes v,posts p,badges b,users u#p.Id=v.PostId,u.Id=p.OwnerUserId,u.Id=b.UserId#p.Score,>,3,p.Score,<,49,p.CommentCount,>,0,p.CommentCount,<,35,u.DownVotes,>,345,u.DownVotes,<,1023,v.CreationDate,>,1269427121,v.CreationDate,<,1392042327,v.VoteTypeId,>,5,v.VoteTypeId,<,12,b.Date,>,1371692940,b.Date,<,1385955034#1200
votes v,posts p,badges b,users u#p.Id=v.PostId,u.Id=p.OwnerUserId,u.Id=b.UserId#p.Score,>,-12,p.Score,<,26,p.CommentCount,>,14,p.CommentCount,<,25,u.DownVotes,>,707,u.DownVotes,<,863,v.CreationDate,>,1237418575,v.CreationDate,<,1314842973,v.VoteTypeId,>,1,v.VoteTypeId,<,7,b.Date,>,1318535491,b.Date,<,1331377289#1518
votes v,posts p,badges b,users u#p.Id=v.PostId,u.Id=p.OwnerUserId,u.Id=b.UserId#p.Score,>,38,p.Score,<,168,p.CommentCount,>,11,p.CommentCount,<,33,u.DownVotes,>,45,u.DownVotes,<,445,v.CreationDate,>,1256319566,v.CreationDate,<,1351307468,v.VoteTypeId,>,1,v.VoteTypeId,<,6,b.Date,>,1282707720,b.Date,<,1313918443#775
votes v,posts p,badges b,users u#p.Id=v.PostId,u.Id=p.OwnerUserId,u.Id=b.UserId#p.Score,>,-10,p.Score,<,183,p.CommentCount,>,10,p.CommentCount,<,39,u.DownVotes,>,603,u.DownVotes,<,1371,v.CreationDate,>,1284429490,v.CreationDate,<,1309489335,v.VoteTypeId,>,6,v.VoteTypeId,<,15,b.Date,>,1310228198,b.Date,<,1407022865#364
votes v,posts p,badges b,users u#p.Id=v.PostId,u.Id=p.OwnerUserId,u.Id=b.UserId#p.Score,>,-5,p.Score,<,89,p.CommentCount,>,5,p.CommentCount,<,17,u.DownVotes,>,446,u.DownVotes,<,1704,v.CreationDate,>,1281800698,v.CreationDate,<,1315805171,v.VoteTypeId,>,8,v.VoteTypeId,<,11,b.Date,>,1290511575,b.Date,<,1308838953#92
votes v,posts p,badges b,users u#p.Id=v.PostId,u.Id=p.OwnerUserId,u.Id=b.UserId#p.Score,>,7,p.Score,<,80,p.CommentCount,>,1,p.CommentCount,<,40,u.DownVotes,>,53,u.DownVotes,<,1755,v.CreationDate,>,1260082886,v.CreationDate,<,1296653986,v.VoteTypeId,>,1,v.VoteTypeId,<,5,b.Date,>,1295780583,b.Date,<,1367703605#194401
votes v,posts p,badges b,users u#p.Id=v.PostId,u.Id=p.OwnerUserId,u.Id=b.UserId#p.Score,>,33,p.Score,<,101,p.CommentCount,>,0,p.CommentCount,<,35,u.DownVotes,>,65,u.DownVotes,<,566,v.CreationDate,>,1366433983,v.CreationDate,<,1400489691,v.VoteTypeId,>,3,v.VoteTypeId,<,8,b.Date,>,1302194478,b.Date,<,1408534277#4988
votes v,posts p,badges b,users u#p.Id=v.PostId,u.Id=p.OwnerUserId,u.Id=b.UserId#p.Score,>,-15,p.Score,<,140,p.CommentCount,>,10,p.CommentCount,<,43,u.DownVotes,>,270,u.DownVotes,<,685,v.CreationDate,>,1296896880,v.CreationDate,<,1405983051,v.VoteTypeId,>,7,v.VoteTypeId,<,11,b.Date,>,1301384791,b.Date,<,1324936279#45
votes v,posts p,badges b,users u#p.Id=v.PostId,u.Id=p.OwnerUserId,u.Id=b.UserId#p.Score,>,11,p.Score,<,38,p.CommentCount,>,1,p.CommentCount,<,36,u.DownVotes,>,546,u.DownVotes,<,1859,v.CreationDate,>,1386231015,v.CreationDate,<,1405516554,v.VoteTypeId,>,5,v.VoteTypeId,<,12,b.Date,>,1282160252,b.Date,<,1351901848#696
votes v,posts p,badges b,users u#p.Id=v.PostId,u.Id=p.OwnerUserId,u.Id=b.UserId#p.Score,>,19,p.Score,<,175,p.CommentCount,>,3,p.CommentCount,<,14,u.DownVotes,>,505,u.DownVotes,<,979,v.CreationDate,>,1384606312,v.CreationDate,<,1397034788,v.VoteTypeId,>,2,v.VoteTypeId,<,14,b.Date,>,1297217134,b.Date,<,1349687471#189
votes v,posts p,badges b,users u#p.Id=v.PostId,u.Id=p.OwnerUserId,u.Id=b.UserId#p.Score,>,58,p.Score,<,168,p.CommentCount,>,7,p.CommentCount,<,29,u.DownVotes,>,717,u.DownVotes,<,1182,v.CreationDate,>,1267627448,v.CreationDate,<,1319018868,v.VoteTypeId,>,1,v.VoteTypeId,<,4,b.Date,>,1377091306,b.Date,<,1384328756#1189
votes v,posts p,badges b,users u#p.Id=v.PostId,u.Id=p.OwnerUserId,u.Id=b.UserId#p.Score,>,-9,p.Score,<,135,p.CommentCount,>,6,p.CommentCount,<,36,u.DownVotes,>,106,u.DownVotes,<,1133,v.CreationDate,>,1282315995,v.CreationDate,<,1388143042,v.VoteTypeId,>,2,v.VoteTypeId,<,9,b.Date,>,1362810924,b.Date,<,1401560643#4717
votes v,posts p,badges b,users u#p.Id=v.PostId,u.Id=p.OwnerUserId,u.Id=b.UserId#p.Score,>,3,p.Score,<,187,p.CommentCount,>,0,p.CommentCount,<,26,u.DownVotes,>,204,u.DownVotes,<,394,v.CreationDate,>,1259186144,v.CreationDate,<,1378641287,v.VoteTypeId,>,2,v.VoteTypeId,<,15,b.Date,>,1330591697,b.Date,<,1352362897#2450
votes v,posts p,badges b,users u#p.Id=v.PostId,u.Id=p.OwnerUserId,u.Id=b.UserId#p.Score,>,54,p.Score,<,190,p.CommentCount,>,0,p.CommentCount,<,4,u.DownVotes,>,74,u.DownVotes,<,1422,v.CreationDate,>,1368953433,v.CreationDate,<,1377582263,v.VoteTypeId,>,2,v.VoteTypeId,<,9,b.Date,>,1346704704,b.Date,<,1381867950#99
votes v,posts p,badges b,users u#p.Id=v.PostId,u.Id=p.OwnerUserId,u.Id=b.UserId#p.Score,>,79,p.Score,<,155,p.CommentCount,>,0,p.CommentCount,<,35,u.DownVotes,>,392,u.DownVotes,<,1845,v.CreationDate,>,1288451825,v.CreationDate,<,1407202111,v.VoteTypeId,>,2,v.VoteTypeId,<,12,b.Date,>,1293297685,b.Date,<,1303403099#25
votes v,posts p,badges b,users u#p.Id=v.PostId,u.Id=p.OwnerUserId,u.Id=b.UserId#p.Score,>,44,p.Score,<,160,p.CommentCount,>,1,p.CommentCount,<,17,u.DownVotes,>,735,u.DownVotes,<,908,v.CreationDate,>,1374537358,v.CreationDate,<,1396039398,v.VoteTypeId,>,3,v.VoteTypeId,<,11,b.Date,>,1314791426,b.Date,<,1394588776#912
votes v,posts p,badges b,users u#p.Id=v.PostId,u.Id=p.OwnerUserId,u.Id=b.UserId#p.Score,>,-5,p.Score,<,50,p.CommentCount,>,17,p.CommentCount,<,43,u.DownVotes,>,295,u.DownVotes,<,1074,v.CreationDate,>,1290525735,v.CreationDate,<,1313092584,v.VoteTypeId,>,3,v.VoteTypeId,<,12,b.Date,>,1312505476,b.Date,<,1313950617#6
votes v,posts p,badges b,users u#p.Id=v.PostId,u.Id=p.OwnerUserId,u.Id=b.UserId#p.Score,>,36,p.Score,<,104,p.CommentCount,>,14,p.CommentCount,<,36,u.DownVotes,>,125,u.DownVotes,<,1297,v.CreationDate,>,1263962415,v.CreationDate,<,1408961488,v.VoteTypeId,>,7,v.VoteTypeId,<,10,b.Date,>,1351802069,b.Date,<,1359739769#9
votes v,posts p,badges b,users u#p.Id=v.PostId,u.Id=p.OwnerUserId,u.Id=b.UserId#p.Score,>,-17,p.Score,<,46,p.CommentCount,>,6,p.CommentCount,<,44,u.DownVotes,>,191,u.DownVotes,<,1773,v.CreationDate,>,1237597465,v.CreationDate,<,1299767053,v.VoteTypeId,>,2,v.VoteTypeId,<,13,b.Date,>,1286698617,b.Date,<,1312870953#658
votes v,posts p,badges b,users u#p.Id=v.PostId,u.Id=p.OwnerUserId,u.Id=b.UserId#p.Score,>,123,p.Score,<,188,p.CommentCount,>,3,p.CommentCount,<,22,u.DownVotes,>,40,u.DownVotes,<,231,v.CreationDate,>,1249234612,v.CreationDate,<,1387277987,v.VoteTypeId,>,8,v.VoteTypeId,<,10,b.Date,>,1355159695,b.Date,<,1390491005#81
votes v,posts p,badges b,users u#p.Id=v.PostId,u.Id=p.OwnerUserId,u.Id=b.UserId#p.Score,>,23,p.Score,<,123,p.CommentCount,>,8,p.CommentCount,<,34,u.DownVotes,>,394,u.DownVotes,<,1323,v.CreationDate,>,1336190418,v.CreationDate,<,1402932710,v.VoteTypeId,>,2,v.VoteTypeId,<,8,b.Date,>,1349461033,b.Date,<,1385856396#126
votes v,posts p,badges b,users u#p.Id=v.PostId,u.Id=p.OwnerUserId,u.Id=b.UserId#p.Score,>,-12,p.Score,<,152,p.CommentCount,>,6,p.CommentCount,<,44,u.DownVotes,>,252,u.DownVotes,<,1268,v.CreationDate,>,1287594450,v.CreationDate,<,1409335677,v.VoteTypeId,>,7,v.VoteTypeId,<,12,b.Date,>,1297691986,b.Date,<,1302334104#84
votes v,posts p,badges b,users u#p.Id=v.PostId,u.Id=p.OwnerUserId,u.Id=b.UserId#p.Score,>,12,p.Score,<,69,p.CommentCount,>,13,p.CommentCount,<,27,u.DownVotes,>,188,u.DownVotes,<,1035,v.CreationDate,>,1262229233,v.CreationDate,<,1385173508,v.VoteTypeId,>,6,v.VoteTypeId,<,15,b.Date,>,1297173913,b.Date,<,1398894191#123
votes v,posts p,badges b,users u#p.Id=v.PostId,u.Id=p.OwnerUserId,u.Id=b.UserId#p.Score,>,-12,p.Score,<,62,p.CommentCount,>,5,p.CommentCount,<,16,u.DownVotes,>,629,u.DownVotes,<,1351,v.CreationDate,>,1264956152,v.CreationDate,<,1342842153,v.VoteTypeId,>,1,v.VoteTypeId,<,7,b.Date,>,1297453184,b.Date,<,1334114665#76992
votes v,posts p,badges b,users u#p.Id=v.PostId,u.Id=p.OwnerUserId,u.Id=b.UserId#p.Score,>,72,p.Score,<,111,p.CommentCount,>,1,p.CommentCount,<,8,u.DownVotes,>,58,u.DownVotes,<,1500,v.CreationDate,>,1244146383,v.CreationDate,<,1408852853,v.VoteTypeId,>,2,v.VoteTypeId,<,6,b.Date,>,1321614516,b.Date,<,1377726024#3932
votes v,posts p,badges b,users u#p.Id=v.PostId,u.Id=p.OwnerUserId,u.Id=b.UserId#p.Score,>,11,p.Score,<,48,p.CommentCount,>,3,p.CommentCount,<,40,u.DownVotes,>,156,u.DownVotes,<,918,v.CreationDate,>,1254212823,v.CreationDate,<,1338745576,v.VoteTypeId,>,5,v.VoteTypeId,<,13,b.Date,>,1349634370,b.Date,<,1366379514#266
votes v,posts p,badges b,users u#p.Id=v.PostId,u.Id=p.OwnerUserId,u.Id=b.UserId#p.Score,>,27,p.Score,<,80,p.CommentCount,>,0,p.CommentCount,<,33,u.DownVotes,>,4,u.DownVotes,<,997,v.CreationDate,>,1328609186,v.CreationDate,<,1366016458,v.VoteTypeId,>,3,v.VoteTypeId,<,11,b.Date,>,1298737772,b.Date,<,1322662581#5596
votes v,posts p,badges b,users u#p.Id=v.PostId,u.Id=p.OwnerUserId,u.Id=b.UserId#p.Score,>,-8,p.Score,<,34,p.CommentCount,>,3,p.CommentCount,<,26,u.DownVotes,>,537,u.DownVotes,<,1849,v.CreationDate,>,1276107328,v.CreationDate,<,1351555756,v.VoteTypeId,>,4,v.VoteTypeId,<,6,b.Date,>,1287962658,b.Date,<,1321410046#744
votes v,posts p,badges b,users u#p.Id=v.PostId,u.Id=p.OwnerUserId,u.Id=b.UserId#p.Score,>,-10,p.Score,<,132,p.CommentCount,>,16,p.CommentCount,<,43,u.DownVotes,>,94,u.DownVotes,<,1727,v.CreationDate,>,1306094143,v.CreationDate,<,1322419485,v.VoteTypeId,>,2,v.VoteTypeId,<,12,b.Date,>,1282802354,b.Date,<,1298047596#32
votes v,posts p,badges b,users u#p.Id=v.PostId,u.Id=p.OwnerUserId,u.Id=b.UserId#p.Score,>,104,p.Score,<,172,p.CommentCount,>,2,p.CommentCount,<,30,u.DownVotes,>,5,u.DownVotes,<,1223,v.CreationDate,>,1290490183,v.CreationDate,<,1392661531,v.VoteTypeId,>,1,v.VoteTypeId,<,10,b.Date,>,1285227708,b.Date,<,1314896913#17231
votes v,posts p,badges b,users u#p.Id=v.PostId,u.Id=p.OwnerUserId,u.Id=b.UserId#p.Score,>,-18,p.Score,<,133,p.CommentCount,>,6,p.CommentCount,<,29,u.DownVotes,>,299,u.DownVotes,<,1145,v.CreationDate,>,1260043205,v.CreationDate,<,1288112257,v.VoteTypeId,>,4,v.VoteTypeId,<,14,b.Date,>,1319891075,b.Date,<,1359917674#152
votes v,posts p,badges b,users u#p.Id=v.PostId,u.Id=p.OwnerUserId,u.Id=b.UserId#p.Score,>,13,p.Score,<,59,p.CommentCount,>,0,p.CommentCount,<,17,u.DownVotes,>,774,u.DownVotes,<,813,v.CreationDate,>,1247758846,v.CreationDate,<,1342221427,v.VoteTypeId,>,2,v.VoteTypeId,<,6,b.Date,>,1297156047,b.Date,<,1394846335#710
votes v,posts p,badges b,users u#p.Id=v.PostId,u.Id=p.OwnerUserId,u.Id=b.UserId#p.Score,>,18,p.Score,<,185,p.CommentCount,>,3,p.CommentCount,<,40,u.DownVotes,>,94,u.DownVotes,<,1291,v.CreationDate,>,1287655332,v.CreationDate,<,1292626002,v.VoteTypeId,>,1,v.VoteTypeId,<,12,b.Date,>,1360432124,b.Date,<,1363078914#212
votes v,posts p,badges b,users u#p.Id=v.PostId,u.Id=p.OwnerUserId,u.Id=b.UserId#p.Score,>,4,p.Score,<,172,p.CommentCount,>,7,p.CommentCount,<,22,u.DownVotes,>,61,u.DownVotes,<,1359,v.CreationDate,>,1282713814,v.CreationDate,<,1328216442,v.VoteTypeId,>,7,v.VoteTypeId,<,12,b.Date,>,1297477800,b.Date,<,1405586431#1140
votes v,posts p,badges b,users u#p.Id=v.PostId,u.Id=p.OwnerUserId,u.Id=b.UserId#p.Score,>,-7,p.Score,<,109,p.CommentCount,>,4,p.CommentCount,<,40,u.DownVotes,>,374,u.DownVotes,<,416,v.CreationDate,>,1305590033,v.CreationDate,<,1357684589,v.VoteTypeId,>,1,v.VoteTypeId,<,13,b.Date,>,1340928197,b.Date,<,1368906629#27335
votes v,posts p,badges b,users u#p.Id=v.PostId,u.Id=p.OwnerUserId,u.Id=b.UserId#p.Score,>,-18,p.Score,<,3,p.CommentCount,>,7,p.CommentCount,<,36,u.DownVotes,>,84,u.DownVotes,<,1158,v.CreationDate,>,1311723025,v.CreationDate,<,1406480611,v.VoteTypeId,>,8,v.VoteTypeId,<,11,b.Date,>,1309146436,b.Date,<,1376917734#112
votes v,posts p,badges b,users u#p.Id=v.PostId,u.Id=p.OwnerUserId,u.Id=b.UserId#p.Score,>,3,p.Score,<,107,p.CommentCount,>,1,p.CommentCount,<,10,u.DownVotes,>,30,u.DownVotes,<,1692,v.CreationDate,>,1371920533,v.CreationDate,<,1396909567,v.VoteTypeId,>,1,v.VoteTypeId,<,5,b.Date,>,1344806736,b.Date,<,1403623474#664725
votes v,posts p,badges b,users u#p.Id=v.PostId,u.Id=p.OwnerUserId,u.Id=b.UserId#p.Score,>,-3,p.Score,<,111,p.CommentCount,>,19,p.CommentCount,<,28,u.DownVotes,>,603,u.DownVotes,<,981,v.CreationDate,>,1253420604,v.CreationDate,<,1408569854,v.VoteTypeId,>,7,v.VoteTypeId,<,15,b.Date,>,1393543983,b.Date,<,1409485024#66
votes v,posts p,badges b,users u#p.Id=v.PostId,u.Id=p.OwnerUserId,u.Id=b.UserId#p.Score,>,-9,p.Score,<,120,p.CommentCount,>,17,p.CommentCount,<,43,u.DownVotes,>,298,u.DownVotes,<,1885,v.CreationDate,>,1255038804,v.CreationDate,<,1400199775,v.VoteTypeId,>,4,v.VoteTypeId,<,15,b.Date,>,1287591836,b.Date,<,1342323720#175
votes v,posts p,badges b,users u#p.Id=v.PostId,u.Id=p.OwnerUserId,u.Id=b.UserId#p.Score,>,21,p.Score,<,76,p.CommentCount,>,10,p.CommentCount,<,39,u.DownVotes,>,141,u.DownVotes,<,1176,v.CreationDate,>,1254149287,v.CreationDate,<,1353330239,v.VoteTypeId,>,3,v.VoteTypeId,<,11,b.Date,>,1287234527,b.Date,<,1346043503#75
votes v,posts p,badges b,users u#p.Id=v.PostId,u.Id=p.OwnerUserId,u.Id=b.UserId#p.Score,>,13,p.Score,<,67,p.CommentCount,>,3,p.CommentCount,<,18,u.DownVotes,>,371,u.DownVotes,<,1030,v.CreationDate,>,1259726450,v.CreationDate,<,1369808061,v.VoteTypeId,>,6,v.VoteTypeId,<,12,b.Date,>,1310462398,b.Date,<,1328186516#189
votes v,posts p,badges b,users u#p.Id=v.PostId,u.Id=p.OwnerUserId,u.Id=b.UserId#p.Score,>,135,p.Score,<,175,p.CommentCount,>,6,p.CommentCount,<,22,u.DownVotes,>,106,u.DownVotes,<,1846,v.CreationDate,>,1275509723,v.CreationDate,<,1388428960,v.VoteTypeId,>,5,v.VoteTypeId,<,12,b.Date,>,1351862581,b.Date,<,1379048516#57
votes v,posts p,badges b,users u#p.Id=v.PostId,u.Id=p.OwnerUserId,u.Id=b.UserId#p.Score,>,-10,p.Score,<,63,p.CommentCount,>,3,p.CommentCount,<,29,u.DownVotes,>,29,u.DownVotes,<,499,v.CreationDate,>,1399244607,v.CreationDate,<,1408168690,v.VoteTypeId,>,8,v.VoteTypeId,<,11,b.Date,>,1313531029,b.Date,<,1343348533#157
votes v,posts p,badges b,users u#p.Id=v.PostId,u.Id=p.OwnerUserId,u.Id=b.UserId#p.Score,>,21,p.Score,<,125,p.CommentCount,>,3,p.CommentCount,<,11,u.DownVotes,>,132,u.DownVotes,<,808,v.CreationDate,>,1269787013,v.CreationDate,<,1365152294,v.VoteTypeId,>,2,v.VoteTypeId,<,5,b.Date,>,1291468342,b.Date,<,1392662999#1308
votes v,posts p,badges b,users u#p.Id=v.PostId,u.Id=p.OwnerUserId,u.Id=b.UserId#p.Score,>,-7,p.Score,<,70,p.CommentCount,>,1,p.CommentCount,<,32,u.DownVotes,>,4,u.DownVotes,<,797,v.CreationDate,>,1246578878,v.CreationDate,<,1295796711,v.VoteTypeId,>,2,v.VoteTypeId,<,7,b.Date,>,1335848539,b.Date,<,1404250396#20439
votes v,posts p,badges b,users u#p.Id=v.PostId,u.Id=p.OwnerUserId,u.Id=b.UserId#p.Score,>,-10,p.Score,<,69,p.CommentCount,>,2,p.CommentCount,<,9,u.DownVotes,>,369,u.DownVotes,<,1162,v.CreationDate,>,1321377163,v.CreationDate,<,1377857973,v.VoteTypeId,>,1,v.VoteTypeId,<,3,b.Date,>,1390860909,b.Date,<,1401655660#74026
votes v,posts p,badges b,users u#p.Id=v.PostId,u.Id=p.OwnerUserId,u.Id=b.UserId#p.Score,>,42,p.Score,<,86,p.CommentCount,>,2,p.CommentCount,<,28,u.DownVotes,>,353,u.DownVotes,<,1217,v.CreationDate,>,1257501007,v.CreationDate,<,1349212477,v.VoteTypeId,>,1,v.VoteTypeId,<,13,b.Date,>,1343018428,b.Date,<,1350106552#10990
votes v,posts p,badges b,users u#p.Id=v.PostId,u.Id=p.OwnerUserId,u.Id=b.UserId#p.Score,>,42,p.Score,<,161,p.CommentCount,>,3,p.CommentCount,<,28,u.DownVotes,>,327,u.DownVotes,<,1217,v.CreationDate,>,1261088332,v.CreationDate,<,1329190731,v.VoteTypeId,>,1,v.VoteTypeId,<,9,b.Date,>,1285788429,b.Date,<,1335276063#27430
votes v,posts p,badges b,users u#p.Id=v.PostId,u.Id=p.OwnerUserId,u.Id=b.UserId#p.Score,>,-12,p.Score,<,37,p.CommentCount,>,5,p.CommentCount,<,9,u.DownVotes,>,372,u.DownVotes,<,453,v.CreationDate,>,1287062872,v.CreationDate,<,1386810672,v.VoteTypeId,>,2,v.VoteTypeId,<,10,b.Date,>,1291765571,b.Date,<,1383757270#760
votes v,posts p,badges b,users u#p.Id=v.PostId,u.Id=p.OwnerUserId,u.Id=b.UserId#p.Score,>,-10,p.Score,<,117,p.CommentCount,>,23,p.CommentCount,<,30,u.DownVotes,>,0,u.DownVotes,<,159,v.CreationDate,>,1279988134,v.CreationDate,<,1356495739,v.VoteTypeId,>,1,v.VoteTypeId,<,4,b.Date,>,1325166335,b.Date,<,1395604527#1064
votes v,posts p,badges b,users u#p.Id=v.PostId,u.Id=p.OwnerUserId,u.Id=b.UserId#p.Score,>,36,p.Score,<,115,p.CommentCount,>,0,p.CommentCount,<,14,u.DownVotes,>,108,u.DownVotes,<,1838,v.CreationDate,>,1321039183,v.CreationDate,<,1382504664,v.VoteTypeId,>,3,v.VoteTypeId,<,13,b.Date,>,1298943098,b.Date,<,1398275560#11344
votes v,posts p,badges b,users u#p.Id=v.PostId,u.Id=p.OwnerUserId,u.Id=b.UserId#p.Score,>,112,p.Score,<,179,p.CommentCount,>,3,p.CommentCount,<,12,u.DownVotes,>,122,u.DownVotes,<,1481,v.CreationDate,>,1237827292,v.CreationDate,<,1343374255,v.VoteTypeId,>,3,v.VoteTypeId,<,10,b.Date,>,1282432060,b.Date,<,1362362235#113
votes v,posts p,badges b,users u#p.Id=v.PostId,u.Id=p.OwnerUserId,u.Id=b.UserId#p.Score,>,-18,p.Score,<,190,p.CommentCount,>,21,p.CommentCount,<,23,u.DownVotes,>,114,u.DownVotes,<,1497,v.CreationDate,>,1347712371,v.CreationDate,<,1402622566,v.VoteTypeId,>,8,v.VoteTypeId,<,11,b.Date,>,1303778547,b.Date,<,1374542243#38
votes v,posts p,badges b,users u#p.Id=v.PostId,u.Id=p.OwnerUserId,u.Id=b.UserId#p.Score,>,5,p.Score,<,152,p.CommentCount,>,14,p.CommentCount,<,36,u.DownVotes,>,200,u.DownVotes,<,831,v.CreationDate,>,1252293799,v.CreationDate,<,1410340435,v.VoteTypeId,>,4,v.VoteTypeId,<,15,b.Date,>,1298763501,b.Date,<,1334316577#137
votes v,posts p,badges b,users u#p.Id=v.PostId,u.Id=p.OwnerUserId,u.Id=b.UserId#p.Score,>,-2,p.Score,<,105,p.CommentCount,>,1,p.CommentCount,<,23,u.DownVotes,>,661,u.DownVotes,<,1204,v.CreationDate,>,1290822340,v.CreationDate,<,1301244251,v.VoteTypeId,>,7,v.VoteTypeId,<,10,b.Date,>,1295023711,b.Date,<,1375744938#1120
votes v,posts p,badges b,users u#p.Id=v.PostId,u.Id=p.OwnerUserId,u.Id=b.UserId#p.Score,>,-1,p.Score,<,150,p.CommentCount,>,6,p.CommentCount,<,29,u.DownVotes,>,394,u.DownVotes,<,929,v.CreationDate,>,1256192335,v.CreationDate,<,1336820388,v.VoteTypeId,>,4,v.VoteTypeId,<,10,b.Date,>,1345202196,b.Date,<,1393990597#2068
votes v,posts p,badges b,users u#p.Id=v.PostId,u.Id=p.OwnerUserId,u.Id=b.UserId#p.Score,>,-14,p.Score,<,68,p.CommentCount,>,7,p.CommentCount,<,20,u.DownVotes,>,116,u.DownVotes,<,499,v.CreationDate,>,1293322867,v.CreationDate,<,1361629686,v.VoteTypeId,>,10,v.VoteTypeId,<,14,b.Date,>,1326533392,b.Date,<,1380583361#136
votes v,posts p,badges b,users u#p.Id=v.PostId,u.Id=p.OwnerUserId,u.Id=b.UserId#p.Score,>,-8,p.Score,<,189,p.CommentCount,>,8,p.CommentCount,<,34,u.DownVotes,>,251,u.DownVotes,<,1398,v.CreationDate,>,1281424943,v.CreationDate,<,1365351661,v.VoteTypeId,>,2,v.VoteTypeId,<,8,b.Date,>,1301027456,b.Date,<,1401702287#1918
votes v,posts p,badges b,users u#p.Id=v.PostId,u.Id=p.OwnerUserId,u.Id=b.UserId#p.Score,>,-3,p.Score,<,46,p.CommentCount,>,18,p.CommentCount,<,28,u.DownVotes,>,41,u.DownVotes,<,1359,v.CreationDate,>,1266651169,v.CreationDate,<,1330622249,v.VoteTypeId,>,7,v.VoteTypeId,<,14,b.Date,>,1368123711,b.Date,<,1407251998#197
votes v,posts p,badges b,users u#p.Id=v.PostId,u.Id=p.OwnerUserId,u.Id=b.UserId#p.Score,>,6,p.Score,<,14,p.CommentCount,>,11,p.CommentCount,<,21,u.DownVotes,>,617,u.DownVotes,<,1340,v.CreationDate,>,1267907208,v.CreationDate,<,1382154834,v.VoteTypeId,>,5,v.VoteTypeId,<,11,b.Date,>,1306192440,b.Date,<,1394285805#333
votes v,posts p,badges b,users u#p.Id=v.PostId,u.Id=p.OwnerUserId,u.Id=b.UserId#p.Score,>,-8,p.Score,<,121,p.CommentCount,>,18,p.CommentCount,<,42,u.DownVotes,>,492,u.DownVotes,<,788,v.CreationDate,>,1334388141,v.CreationDate,<,1379200535,v.VoteTypeId,>,1,v.VoteTypeId,<,8,b.Date,>,1311367500,b.Date,<,1398974859#335
votes v,posts p,badges b,users u#p.Id=v.PostId,u.Id=p.OwnerUserId,u.Id=b.UserId#p.Score,>,13,p.Score,<,158,p.CommentCount,>,1,p.CommentCount,<,13,u.DownVotes,>,128,u.DownVotes,<,1697,v.CreationDate,>,1257492423,v.CreationDate,<,1372285592,v.VoteTypeId,>,7,v.VoteTypeId,<,14,b.Date,>,1300450224,b.Date,<,1323856284#284
votes v,posts p,badges b,users u#p.Id=v.PostId,u.Id=p.OwnerUserId,u.Id=b.UserId#p.Score,>,-12,p.Score,<,171,p.CommentCount,>,16,p.CommentCount,<,27,u.DownVotes,>,134,u.DownVotes,<,1227,v.CreationDate,>,1318542050,v.CreationDate,<,1359124672,v.VoteTypeId,>,1,v.VoteTypeId,<,4,b.Date,>,1300385160,b.Date,<,1323682936#1560
votes v,posts p,badges b,users u#p.Id=v.PostId,u.Id=p.OwnerUserId,u.Id=b.UserId#p.Score,>,35,p.Score,<,176,p.CommentCount,>,4,p.CommentCount,<,23,u.DownVotes,>,117,u.DownVotes,<,645,v.CreationDate,>,1316175258,v.CreationDate,<,1345913766,v.VoteTypeId,>,8,v.VoteTypeId,<,15,b.Date,>,1363132239,b.Date,<,1374179725#21
votes v,posts p,badges b,users u#p.Id=v.PostId,u.Id=p.OwnerUserId,u.Id=b.UserId#p.Score,>,40,p.Score,<,91,p.CommentCount,>,7,p.CommentCount,<,32,u.DownVotes,>,15,u.DownVotes,<,1761,v.CreationDate,>,1330633204,v.CreationDate,<,1401817498,v.VoteTypeId,>,2,v.VoteTypeId,<,5,b.Date,>,1297964436,b.Date,<,1356144395#207
votes v,posts p,badges b,users u#p.Id=v.PostId,u.Id=p.OwnerUserId,u.Id=b.UserId#p.Score,>,-7,p.Score,<,185,p.CommentCount,>,2,p.CommentCount,<,19,u.DownVotes,>,143,u.DownVotes,<,1386,v.CreationDate,>,1326700176,v.CreationDate,<,1355945205,v.VoteTypeId,>,2,v.VoteTypeId,<,9,b.Date,>,1300822421,b.Date,<,1319003790#746
votes v,posts p,badges b,users u#p.Id=v.PostId,u.Id=p.OwnerUserId,u.Id=b.UserId#p.Score,>,43,p.Score,<,60,p.CommentCount,>,11,p.CommentCount,<,36,u.DownVotes,>,24,u.DownVotes,<,1112,v.CreationDate,>,1240331567,v.CreationDate,<,1338468150,v.VoteTypeId,>,5,v.VoteTypeId,<,12,b.Date,>,1287053032,b.Date,<,1357457627#87
votes v,posts p,badges b,users u#p.Id=v.PostId,u.Id=p.OwnerUserId,u.Id=b.UserId#p.Score,>,21,p.Score,<,156,p.CommentCount,>,1,p.CommentCount,<,23,u.DownVotes,>,217,u.DownVotes,<,1485,v.CreationDate,>,1291945455,v.CreationDate,<,1360364882,v.VoteTypeId,>,3,v.VoteTypeId,<,6,b.Date,>,1312958282,b.Date,<,1390953896#2361
votes v,posts p,badges b,users u#p.Id=v.PostId,u.Id=p.OwnerUserId,u.Id=b.UserId#p.Score,>,44,p.Score,<,143,p.CommentCount,>,1,p.CommentCount,<,10,u.DownVotes,>,98,u.DownVotes,<,1693,v.CreationDate,>,1324169314,v.CreationDate,<,1328903024,v.VoteTypeId,>,4,v.VoteTypeId,<,15,b.Date,>,1301640091,b.Date,<,1352591007#136
votes v,posts p,badges b,users u#p.Id=v.PostId,u.Id=p.OwnerUserId,u.Id=b.UserId#p.Score,>,17,p.Score,<,147,p.CommentCount,>,5,p.CommentCount,<,18,u.DownVotes,>,70,u.DownVotes,<,235,v.CreationDate,>,1317628388,v.CreationDate,<,1405775406,v.VoteTypeId,>,7,v.VoteTypeId,<,15,b.Date,>,1335614397,b.Date,<,1383462664#662
votes v,posts p,badges b,users u#p.Id=v.PostId,u.Id=p.OwnerUserId,u.Id=b.UserId#p.Score,>,-13,p.Score,<,16,p.CommentCount,>,12,p.CommentCount,<,25,u.DownVotes,>,778,u.DownVotes,<,1289,v.CreationDate,>,1286313134,v.CreationDate,<,1325863602,v.VoteTypeId,>,6,v.VoteTypeId,<,14,b.Date,>,1355137578,b.Date,<,1359814091#9
votes v,posts p,badges b,users u#p.Id=v.PostId,u.Id=p.OwnerUserId,u.Id=b.UserId#p.Score,>,5,p.Score,<,165,p.CommentCount,>,18,p.CommentCount,<,37,u.DownVotes,>,410,u.DownVotes,<,912,v.CreationDate,>,1263167349,v.CreationDate,<,1348145289,v.VoteTypeId,>,6,v.VoteTypeId,<,11,b.Date,>,1352576020,b.Date,<,1405594186#198
votes v,posts p,badges b,users u#p.Id=v.PostId,u.Id=p.OwnerUserId,u.Id=b.UserId#p.Score,>,67,p.Score,<,106,p.CommentCount,>,2,p.CommentCount,<,35,u.DownVotes,>,201,u.DownVotes,<,1552,v.CreationDate,>,1315703918,v.CreationDate,<,1338831173,v.VoteTypeId,>,2,v.VoteTypeId,<,9,b.Date,>,1300165090,b.Date,<,1403906513#379
votes v,posts p,badges b,users u#p.Id=v.PostId,u.Id=p.OwnerUserId,u.Id=b.UserId#p.Score,>,24,p.Score,<,167,p.CommentCount,>,8,p.CommentCount,<,39,u.DownVotes,>,73,u.DownVotes,<,1365,v.CreationDate,>,1394884529,v.CreationDate,<,1406727814,v.VoteTypeId,>,6,v.VoteTypeId,<,11,b.Date,>,1371096865,b.Date,<,1371674940#6
votes v,posts p,badges b,users u#p.Id=v.PostId,u.Id=p.OwnerUserId,u.Id=b.UserId#p.Score,>,12,p.Score,<,170,p.CommentCount,>,10,p.CommentCount,<,22,u.DownVotes,>,354,u.DownVotes,<,793,v.CreationDate,>,1281355982,v.CreationDate,<,1323751465,v.VoteTypeId,>,1,v.VoteTypeId,<,13,b.Date,>,1360280001,b.Date,<,1405525682#11392
votes v,posts p,badges b,users u#p.Id=v.PostId,u.Id=p.OwnerUserId,u.Id=b.UserId#p.Score,>,-12,p.Score,<,139,p.CommentCount,>,3,p.CommentCount,<,20,u.DownVotes,>,615,u.DownVotes,<,1087,v.CreationDate,>,1313503686,v.CreationDate,<,1391754825,v.VoteTypeId,>,7,v.VoteTypeId,<,12,b.Date,>,1360252779,b.Date,<,1384230730#450
votes v,posts p,badges b,users u#p.Id=v.PostId,u.Id=p.OwnerUserId,u.Id=b.UserId#p.Score,>,-16,p.Score,<,141,p.CommentCount,>,11,p.CommentCount,<,23,u.DownVotes,>,108,u.DownVotes,<,1186,v.CreationDate,>,1348423150,v.CreationDate,<,1389651859,v.VoteTypeId,>,2,v.VoteTypeId,<,12,b.Date,>,1294879759,b.Date,<,1311343734#29
votes v,posts p,badges b,users u#p.Id=v.PostId,u.Id=p.OwnerUserId,u.Id=b.UserId#p.Score,>,12,p.Score,<,33,p.CommentCount,>,2,p.CommentCount,<,11,u.DownVotes,>,771,u.DownVotes,<,1624,v.CreationDate,>,1282858649,v.CreationDate,<,1388867491,v.VoteTypeId,>,4,v.VoteTypeId,<,12,b.Date,>,1327960568,b.Date,<,1351111281#1080
votes v,posts p,badges b,users u#p.Id=v.PostId,u.Id=p.OwnerUserId,u.Id=b.UserId#p.Score,>,16,p.Score,<,58,p.CommentCount,>,6,p.CommentCount,<,19,u.DownVotes,>,296,u.DownVotes,<,950,v.CreationDate,>,1248489077,v.CreationDate,<,1386822290,v.VoteTypeId,>,1,v.VoteTypeId,<,12,b.Date,>,1305585094,b.Date,<,1327431473#28627
votes v,posts p,badges b,users u#p.Id=v.PostId,u.Id=p.OwnerUserId,u.Id=b.UserId#p.Score,>,110,p.Score,<,183,p.CommentCount,>,6,p.CommentCount,<,33,u.DownVotes,>,0,u.DownVotes,<,213,v.CreationDate,>,1254627030,v.CreationDate,<,1340385671,v.VoteTypeId,>,4,v.VoteTypeId,<,7,b.Date,>,1319390313,b.Date,<,1342031707#1225
votes v,posts p,badges b,users u#p.Id=v.PostId,u.Id=p.OwnerUserId,u.Id=b.UserId#p.Score,>,-4,p.Score,<,109,p.CommentCount,>,4,p.CommentCount,<,29,u.DownVotes,>,596,u.DownVotes,<,1804,v.CreationDate,>,1310081107,v.CreationDate,<,1361625750,v.VoteTypeId,>,2,v.VoteTypeId,<,6,b.Date,>,1300481242,b.Date,<,1397417358#5205
votes v,posts p,badges b,users u#p.Id=v.PostId,u.Id=p.OwnerUserId,u.Id=b.UserId#p.Score,>,36,p.Score,<,45,p.CommentCount,>,1,p.CommentCount,<,16,u.DownVotes,>,19,u.DownVotes,<,229,v.CreationDate,>,1234330189,v.CreationDate,<,1377110273,v.VoteTypeId,>,1,v.VoteTypeId,<,11,b.Date,>,1280079303,b.Date,<,1390298826#88227
votes v,posts p,badges b,users u#p.Id=v.PostId,u.Id=p.OwnerUserId,u.Id=b.UserId#p.Score,>,-10,p.Score,<,144,p.CommentCount,>,1,p.CommentCount,<,22,u.DownVotes,>,30,u.DownVotes,<,940,v.CreationDate,>,1313690686,v.CreationDate,<,1353343984,v.VoteTypeId,>,1,v.VoteTypeId,<,11,b.Date,>,1281611980,b.Date,<,1341742445#778195
votes v,posts p,badges b,users u#p.Id=v.PostId,u.Id=p.OwnerUserId,u.Id=b.UserId#p.Score,>,57,p.Score,<,108,p.CommentCount,>,4,p.CommentCount,<,7,u.DownVotes,>,766,u.DownVotes,<,1645,v.CreationDate,>,1365650153,v.CreationDate,<,1370108389,v.VoteTypeId,>,1,v.VoteTypeId,<,9,b.Date,>,1311478044,b.Date,<,1359233211#885
votes v,posts p,badges b,users u#p.Id=v.PostId,u.Id=p.OwnerUserId,u.Id=b.UserId#p.Score,>,-1,p.Score,<,182,p.CommentCount,>,6,p.CommentCount,<,22,u.DownVotes,>,586,u.DownVotes,<,1231,v.CreationDate,>,1288292525,v.CreationDate,<,1289771281,v.VoteTypeId,>,4,v.VoteTypeId,<,9,b.Date,>,1291524141,b.Date,<,1357501630#227
votes v,posts p,badges b,users u#p.Id=v.PostId,u.Id=p.OwnerUserId,u.Id=b.UserId#p.Score,>,59,p.Score,<,176,p.CommentCount,>,5,p.CommentCount,<,12,u.DownVotes,>,282,u.DownVotes,<,1686,v.CreationDate,>,1290874345,v.CreationDate,<,1373182369,v.VoteTypeId,>,1,v.VoteTypeId,<,12,b.Date,>,1287275406,b.Date,<,1291332600#1614
votes v,posts p,badges b,users u#p.Id=v.PostId,u.Id=p.OwnerUserId,u.Id=b.UserId#p.Score,>,-13,p.Score,<,102,p.CommentCount,>,0,p.CommentCount,<,29,u.DownVotes,>,120,u.DownVotes,<,350,v.CreationDate,>,1265020746,v.CreationDate,<,1408640946,v.VoteTypeId,>,7,v.VoteTypeId,<,14,b.Date,>,1279790915,b.Date,<,1282116714#55
votes v,posts p,badges b,users u#p.Id=v.PostId,u.Id=p.OwnerUserId,u.Id=b.UserId#p.Score,>,21,p.Score,<,41,p.CommentCount,>,9,p.CommentCount,<,30,u.DownVotes,>,345,u.DownVotes,<,806,v.CreationDate,>,1266365604,v.CreationDate,<,1290408041,v.VoteTypeId,>,1,v.VoteTypeId,<,8,b.Date,>,1303599469,b.Date,<,1366398668#1568
votes v,posts p,badges b,users u#p.Id=v.PostId,u.Id=p.OwnerUserId,u.Id=b.UserId#p.Score,>,87,p.Score,<,184,p.CommentCount,>,1,p.CommentCount,<,28,u.DownVotes,>,124,u.DownVotes,<,268,v.CreationDate,>,1314573948,v.CreationDate,<,1359099903,v.VoteTypeId,>,3,v.VoteTypeId,<,10,b.Date,>,1394482698,b.Date,<,1400104485#18
votes v,posts p,badges b,users u#p.Id=v.PostId,u.Id=p.OwnerUserId,u.Id=b.UserId#p.Score,>,-16,p.Score,<,138,p.CommentCount,>,13,p.CommentCount,<,36,u.DownVotes,>,252,u.DownVotes,<,1157,v.CreationDate,>,1242368563,v.CreationDate,<,1382003302,v.VoteTypeId,>,2,v.VoteTypeId,<,11,b.Date,>,1324198673,b.Date,<,1407798933#645
votes v,posts p,badges b,users u#p.Id=v.PostId,u.Id=p.OwnerUserId,u.Id=b.UserId#p.Score,>,42,p.Score,<,128,p.CommentCount,>,1,p.CommentCount,<,36,u.DownVotes,>,477,u.DownVotes,<,1809,v.CreationDate,>,1280305443,v.CreationDate,<,1324771799,v.VoteTypeId,>,1,v.VoteTypeId,<,14,b.Date,>,1318745585,b.Date,<,1360849639#31104
votes v,posts p,badges b,users u#p.Id=v.PostId,u.Id=p.OwnerUserId,u.Id=b.UserId#p.Score,>,42,p.Score,<,50,p.CommentCount,>,3,p.CommentCount,<,26,u.DownVotes,>,776,u.DownVotes,<,973,v.CreationDate,>,1250849526,v.CreationDate,<,1301296623,v.VoteTypeId,>,1,v.VoteTypeId,<,14,b.Date,>,1397107719,b.Date,<,1410204568#1904
votes v,posts p,badges b,users u#p.Id=v.PostId,u.Id=p.OwnerUserId,u.Id=b.UserId#p.Score,>,-13,p.Score,<,11,p.CommentCount,>,8,p.CommentCount,<,15,u.DownVotes,>,186,u.DownVotes,<,432,v.CreationDate,>,1337162111,v.CreationDate,<,1384897966,v.VoteTypeId,>,7,v.VoteTypeId,<,9,b.Date,>,1379456165,b.Date,<,1409596177#27
votes v,posts p,badges b,users u#p.Id=v.PostId,u.Id=p.OwnerUserId,u.Id=b.UserId#p.Score,>,18,p.Score,<,152,p.CommentCount,>,18,p.CommentCount,<,30,u.DownVotes,>,59,u.DownVotes,<,1667,v.CreationDate,>,1286737261,v.CreationDate,<,1339305861,v.VoteTypeId,>,3,v.VoteTypeId,<,14,b.Date,>,1283631716,b.Date,<,1395845775#133
votes v,posts p,badges b,users u#p.Id=v.PostId,u.Id=p.OwnerUserId,u.Id=b.UserId#p.Score,>,-11,p.Score,<,54,p.CommentCount,>,11,p.CommentCount,<,31,u.DownVotes,>,671,u.DownVotes,<,1615,v.CreationDate,>,1281644608,v.CreationDate,<,1324089128,v.VoteTypeId,>,1,v.VoteTypeId,<,7,b.Date,>,1283844552,b.Date,<,1323576797#11232
votes v,posts p,badges b,users u#p.Id=v.PostId,u.Id=p.OwnerUserId,u.Id=b.UserId#p.Score,>,20,p.Score,<,88,p.CommentCount,>,0,p.CommentCount,<,22,u.DownVotes,>,29,u.DownVotes,<,1555,v.CreationDate,>,1369074262,v.CreationDate,<,1399119378,v.VoteTypeId,>,8,v.VoteTypeId,<,14,b.Date,>,1390739588,b.Date,<,1395095120#83
votes v,posts p,badges b,users u#p.Id=v.PostId,u.Id=p.OwnerUserId,u.Id=b.UserId#p.Score,>,33,p.Score,<,67,p.CommentCount,>,19,p.CommentCount,<,28,u.DownVotes,>,125,u.DownVotes,<,421,v.CreationDate,>,1237886259,v.CreationDate,<,1358836596,v.VoteTypeId,>,2,v.VoteTypeId,<,11,b.Date,>,1280762425,b.Date,<,1329549611#49
votes v,posts p,badges b,users u#p.Id=v.PostId,u.Id=p.OwnerUserId,u.Id=b.UserId#p.Score,>,8,p.Score,<,91,p.CommentCount,>,3,p.CommentCount,<,6,u.DownVotes,>,166,u.DownVotes,<,1096,v.CreationDate,>,1289404021,v.CreationDate,<,1402647610,v.VoteTypeId,>,5,v.VoteTypeId,<,12,b.Date,>,1335937840,b.Date,<,1337647953#28
votes v,posts p,badges b,users u#p.Id=v.PostId,u.Id=p.OwnerUserId,u.Id=b.UserId#p.Score,>,42,p.Score,<,147,p.CommentCount,>,2,p.CommentCount,<,34,u.DownVotes,>,572,u.DownVotes,<,1498,v.CreationDate,>,1236594452,v.CreationDate,<,1375040945,v.VoteTypeId,>,4,v.VoteTypeId,<,14,b.Date,>,1352910031,b.Date,<,1353386835#12
votes v,posts p,badges b,users u#p.Id=v.PostId,u.Id=p.OwnerUserId,u.Id=b.UserId#p.Score,>,3,p.Score,<,125,p.CommentCount,>,7,p.CommentCount,<,32,u.DownVotes,>,59,u.DownVotes,<,1908,v.CreationDate,>,1244393584,v.CreationDate,<,1347564141,v.VoteTypeId,>,3,v.VoteTypeId,<,8,b.Date,>,1349045883,b.Date,<,1397697678#1928
votes v,posts p,badges b,users u#p.Id=v.PostId,u.Id=p.OwnerUserId,u.Id=b.UserId#p.Score,>,5,p.Score,<,132,p.CommentCount,>,0,p.CommentCount,<,39,u.DownVotes,>,468,u.DownVotes,<,1816,v.CreationDate,>,1240434107,v.CreationDate,<,1348148498,v.VoteTypeId,>,8,v.VoteTypeId,<,10,b.Date,>,1347282526,b.Date,<,1348113695#18
votes v,posts p,badges b,users u#p.Id=v.PostId,u.Id=p.OwnerUserId,u.Id=b.UserId#p.Score,>,30,p.Score,<,110,p.CommentCount,>,7,p.CommentCount,<,31,u.DownVotes,>,43,u.DownVotes,<,530,v.CreationDate,>,1302059471,v.CreationDate,<,1328659451,v.VoteTypeId,>,3,v.VoteTypeId,<,15,b.Date,>,1319683350,b.Date,<,1326340914#222
votes v,posts p,badges b,users u#p.Id=v.PostId,u.Id=p.OwnerUserId,u.Id=b.UserId#p.Score,>,13,p.Score,<,184,p.CommentCount,>,8,p.CommentCount,<,27,u.DownVotes,>,468,u.DownVotes,<,842,v.CreationDate,>,1240904906,v.CreationDate,<,1410575746,v.VoteTypeId,>,2,v.VoteTypeId,<,6,b.Date,>,1341819812,b.Date,<,1380363598#459
votes v,posts p,badges b,users u#p.Id=v.PostId,u.Id=p.OwnerUserId,u.Id=b.UserId#p.Score,>,44,p.Score,<,138,p.CommentCount,>,1,p.CommentCount,<,33,u.DownVotes,>,16,u.DownVotes,<,782,v.CreationDate,>,1322137797,v.CreationDate,<,1409467409,v.VoteTypeId,>,2,v.VoteTypeId,<,10,b.Date,>,1344671674,b.Date,<,1355293689#3845
votes v,posts p,badges b,users u#p.Id=v.PostId,u.Id=p.OwnerUserId,u.Id=b.UserId#p.Score,>,-14,p.Score,<,57,p.CommentCount,>,2,p.CommentCount,<,26,u.DownVotes,>,66,u.DownVotes,<,574,v.CreationDate,>,1247729800,v.CreationDate,<,1346573721,v.VoteTypeId,>,4,v.VoteTypeId,<,15,b.Date,>,1334867581,b.Date,<,1361431574#4259
votes v,posts p,badges b,users u#p.Id=v.PostId,u.Id=p.OwnerUserId,u.Id=b.UserId#p.Score,>,-7,p.Score,<,152,p.CommentCount,>,18,p.CommentCount,<,44,u.DownVotes,>,678,u.DownVotes,<,1803,v.CreationDate,>,1323919549,v.CreationDate,<,1401109982,v.VoteTypeId,>,1,v.VoteTypeId,<,5,b.Date,>,1293497658,b.Date,<,1302419578#46
votes v,posts p,badges b,users u#p.Id=v.PostId,u.Id=p.OwnerUserId,u.Id=b.UserId#p.Score,>,1,p.Score,<,139,p.CommentCount,>,0,p.CommentCount,<,19,u.DownVotes,>,747,u.DownVotes,<,903,v.CreationDate,>,1350347574,v.CreationDate,<,1395166350,v.VoteTypeId,>,6,v.VoteTypeId,<,11,b.Date,>,1348415388,b.Date,<,1402903946#1236
votes v,posts p,badges b,users u#p.Id=v.PostId,u.Id=p.OwnerUserId,u.Id=b.UserId#p.Score,>,82,p.Score,<,145,p.CommentCount,>,3,p.CommentCount,<,27,u.DownVotes,>,737,u.DownVotes,<,1502,v.CreationDate,>,1239718117,v.CreationDate,<,1408869608,v.VoteTypeId,>,2,v.VoteTypeId,<,15,b.Date,>,1292918860,b.Date,<,1406779541#409
votes v,posts p,badges b,users u#p.Id=v.PostId,u.Id=p.OwnerUserId,u.Id=b.UserId#p.Score,>,9,p.Score,<,164,p.CommentCount,>,7,p.CommentCount,<,20,u.DownVotes,>,185,u.DownVotes,<,1009,v.CreationDate,>,1306739776,v.CreationDate,<,1378057751,v.VoteTypeId,>,6,v.VoteTypeId,<,13,b.Date,>,1367317389,b.Date,<,1371692160#6
votes v,posts p,badges b,users u#p.Id=v.PostId,u.Id=p.OwnerUserId,u.Id=b.UserId#p.Score,>,-11,p.Score,<,20,p.CommentCount,>,5,p.CommentCount,<,20,u.DownVotes,>,475,u.DownVotes,<,1235,v.CreationDate,>,1234287928,v.CreationDate,<,1383994509,v.VoteTypeId,>,4,v.VoteTypeId,<,6,b.Date,>,1300486989,b.Date,<,1308135347#143
votes v,posts p,badges b,users u#p.Id=v.PostId,u.Id=p.OwnerUserId,u.Id=b.UserId#p.Score,>,1,p.Score,<,145,p.CommentCount,>,34,p.CommentCount,<,37,u.DownVotes,>,115,u.DownVotes,<,1478,v.CreationDate,>,1345014305,v.CreationDate,<,1381458614,v.VoteTypeId,>,1,v.VoteTypeId,<,11,b.Date,>,1335264984,b.Date,<,1377419401#530
votes v,posts p,badges b,users u#p.Id=v.PostId,u.Id=p.OwnerUserId,u.Id=b.UserId#p.Score,>,-6,p.Score,<,16,p.CommentCount,>,16,p.CommentCount,<,42,u.DownVotes,>,309,u.DownVotes,<,1171,v.CreationDate,>,1297728119,v.CreationDate,<,1397809511,v.VoteTypeId,>,1,v.VoteTypeId,<,5,b.Date,>,1356466417,b.Date,<,1369931563#1858
votes v,posts p,badges b,users u#p.Id=v.PostId,u.Id=p.OwnerUserId,u.Id=b.UserId#p.Score,>,5,p.Score,<,64,p.CommentCount,>,11,p.CommentCount,<,14,u.DownVotes,>,10,u.DownVotes,<,1293,v.CreationDate,>,1294805864,v.CreationDate,<,1405723850,v.VoteTypeId,>,6,v.VoteTypeId,<,10,b.Date,>,1316599583,b.Date,<,1330588451#12
votes v,posts p,badges b,users u#p.Id=v.PostId,u.Id=p.OwnerUserId,u.Id=b.UserId#p.Score,>,18,p.Score,<,86,p.CommentCount,>,9,p.CommentCount,<,27,u.DownVotes,>,292,u.DownVotes,<,790,v.CreationDate,>,1260765403,v.CreationDate,<,1385128191,v.VoteTypeId,>,1,v.VoteTypeId,<,12,b.Date,>,1313133414,b.Date,<,1340808640#20224
votes v,posts p,badges b,users u#p.Id=v.PostId,u.Id=p.OwnerUserId,u.Id=b.UserId#p.Score,>,-6,p.Score,<,13,p.CommentCount,>,13,p.CommentCount,<,27,u.DownVotes,>,542,u.DownVotes,<,1029,v.CreationDate,>,1248302354,v.CreationDate,<,1372371785,v.VoteTypeId,>,4,v.VoteTypeId,<,13,b.Date,>,1290040296,b.Date,<,1403530935#408
votes v,posts p,badges b,users u#p.Id=v.PostId,u.Id=p.OwnerUserId,u.Id=b.UserId#p.Score,>,17,p.Score,<,79,p.CommentCount,>,25,p.CommentCount,<,34,u.DownVotes,>,93,u.DownVotes,<,167,v.CreationDate,>,1239071646,v.CreationDate,<,1389844694,v.VoteTypeId,>,1,v.VoteTypeId,<,7,b.Date,>,1361367668,b.Date,<,1398435835#5782
votes v,posts p,badges b,users u#p.Id=v.PostId,u.Id=p.OwnerUserId,u.Id=b.UserId#p.Score,>,-9,p.Score,<,26,p.CommentCount,>,2,p.CommentCount,<,22,u.DownVotes,>,5,u.DownVotes,<,1038,v.CreationDate,>,1363895885,v.CreationDate,<,1410308973,v.VoteTypeId,>,2,v.VoteTypeId,<,13,b.Date,>,1386212154,b.Date,<,1394967650#7306
votes v,posts p,badges b,users u#p.Id=v.PostId,u.Id=p.OwnerUserId,u.Id=b.UserId#p.Score,>,-2,p.Score,<,158,p.CommentCount,>,13,p.CommentCount,<,34,u.DownVotes,>,11,u.DownVotes,<,1751,v.CreationDate,>,1387261297,v.CreationDate,<,1396525471,v.VoteTypeId,>,5,v.VoteTypeId,<,13,b.Date,>,1317082785,b.Date,<,1330620990#38
votes v,posts p,badges b,users u#p.Id=v.PostId,u.Id=p.OwnerUserId,u.Id=b.UserId#p.Score,>,18,p.Score,<,66,p.CommentCount,>,2,p.CommentCount,<,18,u.DownVotes,>,541,u.DownVotes,<,897,v.CreationDate,>,1383458097,v.CreationDate,<,1391320931,v.VoteTypeId,>,3,v.VoteTypeId,<,8,b.Date,>,1291905814,b.Date,<,1345629800#177
votes v,posts p,badges b,users u#p.Id=v.PostId,u.Id=p.OwnerUserId,u.Id=b.UserId#p.Score,>,7,p.Score,<,137,p.CommentCount,>,4,p.CommentCount,<,18,u.DownVotes,>,361,u.DownVotes,<,850,v.CreationDate,>,1240423894,v.CreationDate,<,1342941654,v.VoteTypeId,>,6,v.VoteTypeId,<,15,b.Date,>,1283543188,b.Date,<,1386566051#1700
votes v,posts p,badges b,users u#p.Id=v.PostId,u.Id=p.OwnerUserId,u.Id=b.UserId#p.Score,>,-13,p.Score,<,191,p.CommentCount,>,17,p.CommentCount,<,21,u.DownVotes,>,225,u.DownVotes,<,528,v.CreationDate,>,1344578123,v.CreationDate,<,1374612775,v.VoteTypeId,>,1,v.VoteTypeId,<,13,b.Date,>,1296987076,b.Date,<,1388638360#152
votes v,posts p,badges b,users u#p.Id=v.PostId,u.Id=p.OwnerUserId,u.Id=b.UserId#p.Score,>,24,p.Score,<,166,p.CommentCount,>,4,p.CommentCount,<,14,u.DownVotes,>,303,u.DownVotes,<,822,v.CreationDate,>,1340499799,v.CreationDate,<,1394541475,v.VoteTypeId,>,4,v.VoteTypeId,<,14,b.Date,>,1298381810,b.Date,<,1353165231#3000
votes v,posts p,badges b,users u#p.Id=v.PostId,u.Id=p.OwnerUserId,u.Id=b.UserId#p.Score,>,-9,p.Score,<,95,p.CommentCount,>,10,p.CommentCount,<,30,u.DownVotes,>,313,u.DownVotes,<,1147,v.CreationDate,>,1254376747,v.CreationDate,<,1379848050,v.VoteTypeId,>,1,v.VoteTypeId,<,6,b.Date,>,1311756308,b.Date,<,1370603135#78936
votes v,posts p,badges b,users u#p.Id=v.PostId,u.Id=p.OwnerUserId,u.Id=b.UserId#p.Score,>,-11,p.Score,<,170,p.CommentCount,>,2,p.CommentCount,<,17,u.DownVotes,>,242,u.DownVotes,<,1095,v.CreationDate,>,1246704799,v.CreationDate,<,1284332509,v.VoteTypeId,>,3,v.VoteTypeId,<,8,b.Date,>,1362523165,b.Date,<,1395492803#129
votes v,posts p,badges b,users u#p.Id=v.PostId,u.Id=p.OwnerUserId,u.Id=b.UserId#p.Score,>,12,p.Score,<,28,p.CommentCount,>,14,p.CommentCount,<,28,u.DownVotes,>,324,u.DownVotes,<,1669,v.CreationDate,>,1280026019,v.CreationDate,<,1308072280,v.VoteTypeId,>,1,v.VoteTypeId,<,9,b.Date,>,1343476296,b.Date,<,1350465964#528
votes v,posts p,badges b,users u#p.Id=v.PostId,u.Id=p.OwnerUserId,u.Id=b.UserId#p.Score,>,-18,p.Score,<,33,p.CommentCount,>,2,p.CommentCount,<,11,u.DownVotes,>,725,u.DownVotes,<,1514,v.CreationDate,>,1276150107,v.CreationDate,<,1377880973,v.VoteTypeId,>,6,v.VoteTypeId,<,9,b.Date,>,1286741819,b.Date,<,1382139998#334
votes v,posts p,badges b,users u#p.Id=v.PostId,u.Id=p.OwnerUserId,u.Id=b.UserId#p.Score,>,3,p.Score,<,85,p.CommentCount,>,5,p.CommentCount,<,42,u.DownVotes,>,33,u.DownVotes,<,591,v.CreationDate,>,1272746598,v.CreationDate,<,1377348068,v.VoteTypeId,>,5,v.VoteTypeId,<,8,b.Date,>,1373427243,b.Date,<,1374501489#3
votes v,posts p,badges b,users u#p.Id=v.PostId,u.Id=p.OwnerUserId,u.Id=b.UserId#p.Score,>,-4,p.Score,<,132,p.CommentCount,>,3,p.CommentCount,<,23,u.DownVotes,>,390,u.DownVotes,<,1448,v.CreationDate,>,1290927188,v.CreationDate,<,1338487903,v.VoteTypeId,>,1,v.VoteTypeId,<,4,b.Date,>,1353736676,b.Date,<,1358532696#14426
votes v,posts p,badges b,users u#p.Id=v.PostId,u.Id=p.OwnerUserId,u.Id=b.UserId#p.Score,>,8,p.Score,<,16,p.CommentCount,>,10,p.CommentCount,<,12,u.DownVotes,>,101,u.DownVotes,<,833,v.CreationDate,>,1305606093,v.CreationDate,<,1402735972,v.VoteTypeId,>,1,v.VoteTypeId,<,15,b.Date,>,1288207537,b.Date,<,1369611444#6218
votes v,posts p,badges b,users u#p.Id=v.PostId,u.Id=p.OwnerUserId,u.Id=b.UserId#p.Score,>,39,p.Score,<,89,p.CommentCount,>,11,p.CommentCount,<,29,u.DownVotes,>,173,u.DownVotes,<,1760,v.CreationDate,>,1266681382,v.CreationDate,<,1379996975,v.VoteTypeId,>,5,v.VoteTypeId,<,10,b.Date,>,1282406876,b.Date,<,1392602357#133
votes v,posts p,badges b,users u#p.Id=v.PostId,u.Id=p.OwnerUserId,u.Id=b.UserId#p.Score,>,9,p.Score,<,96,p.CommentCount,>,0,p.CommentCount,<,15,u.DownVotes,>,528,u.DownVotes,<,1411,v.CreationDate,>,1242941404,v.CreationDate,<,1296075196,v.VoteTypeId,>,1,v.VoteTypeId,<,15,b.Date,>,1310964156,b.Date,<,1349463357#46053
votes v,posts p,badges b,users u#p.Id=v.PostId,u.Id=p.OwnerUserId,u.Id=b.UserId#p.Score,>,60,p.Score,<,102,p.CommentCount,>,26,p.CommentCount,<,35,u.DownVotes,>,43,u.DownVotes,<,1425,v.CreationDate,>,1375604347,v.CreationDate,<,1392030071,v.VoteTypeId,>,1,v.VoteTypeId,<,15,b.Date,>,1282624357,b.Date,<,1360506423#864
votes v,posts p,badges b,users u#p.Id=v.PostId,u.Id=p.OwnerUserId,u.Id=b.UserId#p.Score,>,11,p.Score,<,67,p.CommentCount,>,3,p.CommentCount,<,43,u.DownVotes,>,434,u.DownVotes,<,1187,v.CreationDate,>,1304840004,v.CreationDate,<,1387455441,v.VoteTypeId,>,4,v.VoteTypeId,<,8,b.Date,>,1344878730,b.Date,<,1349670717#588
votes v,posts p,badges b,users u#p.Id=v.PostId,u.Id=p.OwnerUserId,u.Id=b.UserId#p.Score,>,47,p.Score,<,100,p.CommentCount,>,7,p.CommentCount,<,17,u.DownVotes,>,579,u.DownVotes,<,1292,v.CreationDate,>,1389752488,v.CreationDate,<,1409457046,v.VoteTypeId,>,1,v.VoteTypeId,<,14,b.Date,>,1290506460,b.Date,<,1371072441#8277
votes v,posts p,badges b,users u#p.Id=v.PostId,u.Id=p.OwnerUserId,u.Id=b.UserId#p.Score,>,9,p.Score,<,175,p.CommentCount,>,5,p.CommentCount,<,13,u.DownVotes,>,602,u.DownVotes,<,1050,v.CreationDate,>,1363495595,v.CreationDate,<,1380001023,v.VoteTypeId,>,2,v.VoteTypeId,<,14,b.Date,>,1350194245,b.Date,<,1408384398#1302
votes v,posts p,badges b,users u#p.Id=v.PostId,u.Id=p.OwnerUserId,u.Id=b.UserId#p.Score,>,31,p.Score,<,165,p.CommentCount,>,8,p.CommentCount,<,42,u.DownVotes,>,646,u.DownVotes,<,1233,v.CreationDate,>,1313270052,v.CreationDate,<,1343029460,v.VoteTypeId,>,2,v.VoteTypeId,<,11,b.Date,>,1384844415,b.Date,<,1395142250#43
votes v,posts p,badges b,users u#p.Id=v.PostId,u.Id=p.OwnerUserId,u.Id=b.UserId#p.Score,>,20,p.Score,<,182,p.CommentCount,>,0,p.CommentCount,<,23,u.DownVotes,>,727,u.DownVotes,<,782,v.CreationDate,>,1238986049,v.CreationDate,<,1376580428,v.VoteTypeId,>,2,v.VoteTypeId,<,10,b.Date,>,1367188008,b.Date,<,1371329231#195
votes v,posts p,badges b,users u#p.Id=v.PostId,u.Id=p.OwnerUserId,u.Id=b.UserId#p.Score,>,1,p.Score,<,10,p.CommentCount,>,6,p.CommentCount,<,23,u.DownVotes,>,692,u.DownVotes,<,1504,v.CreationDate,>,1240774513,v.CreationDate,<,1373896544,v.VoteTypeId,>,2,v.VoteTypeId,<,4,b.Date,>,1292937174,b.Date,<,1351409561#414
votes v,posts p,badges b,users u#p.Id=v.PostId,u.Id=p.OwnerUserId,u.Id=b.UserId#p.Score,>,112,p.Score,<,179,p.CommentCount,>,7,p.CommentCount,<,25,u.DownVotes,>,78,u.DownVotes,<,1737,v.CreationDate,>,1298128953,v.CreationDate,<,1349555561,v.VoteTypeId,>,6,v.VoteTypeId,<,12,b.Date,>,1325815556,b.Date,<,1357795100#93
votes v,posts p,badges b,users u#p.Id=v.PostId,u.Id=p.OwnerUserId,u.Id=b.UserId#p.Score,>,-5,p.Score,<,138,p.CommentCount,>,0,p.CommentCount,<,9,u.DownVotes,>,728,u.DownVotes,<,1285,v.CreationDate,>,1298311466,v.CreationDate,<,1330970222,v.VoteTypeId,>,8,v.VoteTypeId,<,10,b.Date,>,1325275548,b.Date,<,1341052690#414
votes v,posts p,badges b,users u#p.Id=v.PostId,u.Id=p.OwnerUserId,u.Id=b.UserId#p.Score,>,-10,p.Score,<,78,p.CommentCount,>,10,p.CommentCount,<,35,u.DownVotes,>,175,u.DownVotes,<,716,v.CreationDate,>,1305738101,v.CreationDate,<,1346164972,v.VoteTypeId,>,3,v.VoteTypeId,<,12,b.Date,>,1358276372,b.Date,<,1369732375#56
votes v,posts p,badges b,users u#p.Id=v.PostId,u.Id=p.OwnerUserId,u.Id=b.UserId#p.Score,>,-17,p.Score,<,175,p.CommentCount,>,12,p.CommentCount,<,41,u.DownVotes,>,584,u.DownVotes,<,1216,v.CreationDate,>,1272735708,v.CreationDate,<,1399317831,v.VoteTypeId,>,1,v.VoteTypeId,<,5,b.Date,>,1403476780,b.Date,<,1407506538#2167
votes v,posts p,badges b,users u#p.Id=v.PostId,u.Id=p.OwnerUserId,u.Id=b.UserId#p.Score,>,8,p.Score,<,64,p.CommentCount,>,3,p.CommentCount,<,7,u.DownVotes,>,733,u.DownVotes,<,1355,v.CreationDate,>,1304490977,v.CreationDate,<,1403222741,v.VoteTypeId,>,1,v.VoteTypeId,<,4,b.Date,>,1286316326,b.Date,<,1377930218#240845
votes v,posts p,badges b,users u#p.Id=v.PostId,u.Id=p.OwnerUserId,u.Id=b.UserId#p.Score,>,7,p.Score,<,149,p.CommentCount,>,2,p.CommentCount,<,30,u.DownVotes,>,181,u.DownVotes,<,889,v.CreationDate,>,1292926371,v.CreationDate,<,1409929731,v.VoteTypeId,>,1,v.VoteTypeId,<,12,b.Date,>,1284802267,b.Date,<,1385405907#1322958
votes v,posts p,badges b,users u#p.Id=v.PostId,u.Id=p.OwnerUserId,u.Id=b.UserId#p.Score,>,16,p.Score,<,60,p.CommentCount,>,6,p.CommentCount,<,35,u.DownVotes,>,16,u.DownVotes,<,1679,v.CreationDate,>,1295905114,v.CreationDate,<,1307444381,v.VoteTypeId,>,6,v.VoteTypeId,<,12,b.Date,>,1309532973,b.Date,<,1363519501#273
votes v,posts p,badges b,users u#p.Id=v.PostId,u.Id=p.OwnerUserId,u.Id=b.UserId#p.Score,>,-15,p.Score,<,173,p.CommentCount,>,0,p.CommentCount,<,10,u.DownVotes,>,8,u.DownVotes,<,907,v.CreationDate,>,1342026070,v.CreationDate,<,1375584738,v.VoteTypeId,>,6,v.VoteTypeId,<,10,b.Date,>,1296375171,b.Date,<,1389286495#5520
votes v,posts p,badges b,users u#p.Id=v.PostId,u.Id=p.OwnerUserId,u.Id=b.UserId#p.Score,>,4,p.Score,<,187,p.CommentCount,>,14,p.CommentCount,<,41,u.DownVotes,>,209,u.DownVotes,<,1783,v.CreationDate,>,1238308623,v.CreationDate,<,1364374643,v.VoteTypeId,>,2,v.VoteTypeId,<,12,b.Date,>,1363756835,b.Date,<,1406597292#243
votes v,posts p,badges b,users u#p.Id=v.PostId,u.Id=p.OwnerUserId,u.Id=b.UserId#p.Score,>,13,p.Score,<,40,p.CommentCount,>,14,p.CommentCount,<,36,u.DownVotes,>,743,u.DownVotes,<,1427,v.CreationDate,>,1332593877,v.CreationDate,<,1374095693,v.VoteTypeId,>,1,v.VoteTypeId,<,4,b.Date,>,1336051931,b.Date,<,1345745302#660
votes v,posts p,badges b,users u#p.Id=v.PostId,u.Id=p.OwnerUserId,u.Id=b.UserId#p.Score,>,23,p.Score,<,177,p.CommentCount,>,1,p.CommentCount,<,25,u.DownVotes,>,23,u.DownVotes,<,1519,v.CreationDate,>,1351503084,v.CreationDate,<,1403103629,v.VoteTypeId,>,7,v.VoteTypeId,<,14,b.Date,>,1306156668,b.Date,<,1356019053#610
votes v,posts p,badges b,users u#p.Id=v.PostId,u.Id=p.OwnerUserId,u.Id=b.UserId#p.Score,>,1,p.Score,<,57,p.CommentCount,>,7,p.CommentCount,<,43,u.DownVotes,>,89,u.DownVotes,<,1595,v.CreationDate,>,1255161341,v.CreationDate,<,1360370985,v.VoteTypeId,>,2,v.VoteTypeId,<,11,b.Date,>,1281175493,b.Date,<,1298298836#297
votes v,posts p,badges b,users u#p.Id=v.PostId,u.Id=p.OwnerUserId,u.Id=b.UserId#p.Score,>,-5,p.Score,<,142,p.CommentCount,>,7,p.CommentCount,<,22,u.DownVotes,>,590,u.DownVotes,<,1668,v.CreationDate,>,1368800723,v.CreationDate,<,1372535901,v.VoteTypeId,>,1,v.VoteTypeId,<,4,b.Date,>,1352771591,b.Date,<,1352926472#25
votes v,posts p,badges b,users u#p.Id=v.PostId,u.Id=p.OwnerUserId,u.Id=b.UserId#p.Score,>,-12,p.Score,<,159,p.CommentCount,>,17,p.CommentCount,<,38,u.DownVotes,>,627,u.DownVotes,<,918,v.CreationDate,>,1376275490,v.CreationDate,<,1391508613,v.VoteTypeId,>,1,v.VoteTypeId,<,9,b.Date,>,1382528945,b.Date,<,1408822709#612
votes v,posts p,badges b,users u#p.Id=v.PostId,u.Id=p.OwnerUserId,u.Id=b.UserId#p.Score,>,69,p.Score,<,190,p.CommentCount,>,1,p.CommentCount,<,9,u.DownVotes,>,25,u.DownVotes,<,37,v.CreationDate,>,1243830715,v.CreationDate,<,1317992026,v.VoteTypeId,>,1,v.VoteTypeId,<,15,b.Date,>,1321135361,b.Date,<,1350689610#399
votes v,posts p,badges b,users u#p.Id=v.PostId,u.Id=p.OwnerUserId,u.Id=b.UserId#p.Score,>,70,p.Score,<,89,p.CommentCount,>,6,p.CommentCount,<,31,u.DownVotes,>,24,u.DownVotes,<,520,v.CreationDate,>,1334326147,v.CreationDate,<,1410125371,v.VoteTypeId,>,1,v.VoteTypeId,<,8,b.Date,>,1308818913,b.Date,<,1395302377#3074
votes v,posts p,badges b,users u#p.Id=v.PostId,u.Id=p.OwnerUserId,u.Id=b.UserId#p.Score,>,15,p.Score,<,111,p.CommentCount,>,6,p.CommentCount,<,28,u.DownVotes,>,140,u.DownVotes,<,1551,v.CreationDate,>,1338473720,v.CreationDate,<,1344406209,v.VoteTypeId,>,3,v.VoteTypeId,<,12,b.Date,>,1382049257,b.Date,<,1391915267#16
votes v,posts p,badges b,users u#p.Id=v.PostId,u.Id=p.OwnerUserId,u.Id=b.UserId#p.Score,>,1,p.Score,<,187,p.CommentCount,>,0,p.CommentCount,<,9,u.DownVotes,>,270,u.DownVotes,<,1500,v.CreationDate,>,1304141774,v.CreationDate,<,1401969925,v.VoteTypeId,>,1,v.VoteTypeId,<,7,b.Date,>,1309908058,b.Date,<,1371239971#1065915
votes v,posts p,badges b,users u#p.Id=v.PostId,u.Id=p.OwnerUserId,u.Id=b.UserId#p.Score,>,33,p.Score,<,94,p.CommentCount,>,6,p.CommentCount,<,39,u.DownVotes,>,619,u.DownVotes,<,986,v.CreationDate,>,1299429252,v.CreationDate,<,1409998959,v.VoteTypeId,>,2,v.VoteTypeId,<,14,b.Date,>,1286938163,b.Date,<,1325511921#312
votes v,posts p,badges b,users u#p.Id=v.PostId,u.Id=p.OwnerUserId,u.Id=b.UserId#p.Score,>,5,p.Score,<,97,p.CommentCount,>,15,p.CommentCount,<,40,u.DownVotes,>,505,u.DownVotes,<,978,v.CreationDate,>,1279936089,v.CreationDate,<,1359151018,v.VoteTypeId,>,1,v.VoteTypeId,<,10,b.Date,>,1344280703,b.Date,<,1357024692#2907
votes v,posts p,badges b,users u#p.Id=v.PostId,u.Id=p.OwnerUserId,u.Id=b.UserId#p.Score,>,68,p.Score,<,186,p.CommentCount,>,3,p.CommentCount,<,41,u.DownVotes,>,101,u.DownVotes,<,1878,v.CreationDate,>,1284776093,v.CreationDate,<,1401450788,v.VoteTypeId,>,1,v.VoteTypeId,<,12,b.Date,>,1303243007,b.Date,<,1310783167#5300
votes v,posts p,badges b,users u#p.Id=v.PostId,u.Id=p.OwnerUserId,u.Id=b.UserId#p.Score,>,11,p.Score,<,87,p.CommentCount,>,2,p.CommentCount,<,35,u.DownVotes,>,182,u.DownVotes,<,1870,v.CreationDate,>,1306796097,v.CreationDate,<,1375430257,v.VoteTypeId,>,6,v.VoteTypeId,<,10,b.Date,>,1286239148,b.Date,<,1390802649#638
votes v,posts p,badges b,users u#p.Id=v.PostId,u.Id=p.OwnerUserId,u.Id=b.UserId#p.Score,>,15,p.Score,<,175,p.CommentCount,>,8,p.CommentCount,<,33,u.DownVotes,>,23,u.DownVotes,<,480,v.CreationDate,>,1327151986,v.CreationDate,<,1349842574,v.VoteTypeId,>,2,v.VoteTypeId,<,9,b.Date,>,1323679925,b.Date,<,1360579208#855
votes v,posts p,badges b,users u#p.Id=v.PostId,u.Id=p.OwnerUserId,u.Id=b.UserId#p.Score,>,4,p.Score,<,68,p.CommentCount,>,1,p.CommentCount,<,44,u.DownVotes,>,317,u.DownVotes,<,1130,v.CreationDate,>,1245249941,v.CreationDate,<,1350420051,v.VoteTypeId,>,3,v.VoteTypeId,<,11,b.Date,>,1293051714,b.Date,<,1370263471#5235
votes v,posts p,badges b,users u#p.Id=v.PostId,u.Id=p.OwnerUserId,u.Id=b.UserId#p.Score,>,-15,p.Score,<,83,p.CommentCount,>,2,p.CommentCount,<,18,u.DownVotes,>,70,u.DownVotes,<,508,v.CreationDate,>,1259366194,v.CreationDate,<,1303101485,v.VoteTypeId,>,4,v.VoteTypeId,<,11,b.Date,>,1334940276,b.Date,<,1364753609#1140
votes v,posts p,badges b,users u#p.Id=v.PostId,u.Id=p.OwnerUserId,u.Id=b.UserId#p.Score,>,13,p.Score,<,31,p.CommentCount,>,0,p.CommentCount,<,22,u.DownVotes,>,152,u.DownVotes,<,569,v.CreationDate,>,1262020034,v.CreationDate,<,1375304960,v.VoteTypeId,>,5,v.VoteTypeId,<,9,b.Date,>,1336988075,b.Date,<,1391789409#139
votes v,posts p,badges b,users u#p.Id=v.PostId,u.Id=p.OwnerUserId,u.Id=b.UserId#p.Score,>,-1,p.Score,<,183,p.CommentCount,>,21,p.CommentCount,<,37,u.DownVotes,>,33,u.DownVotes,<,1612,v.CreationDate,>,1247331821,v.CreationDate,<,1391846513,v.VoteTypeId,>,6,v.VoteTypeId,<,10,b.Date,>,1343943328,b.Date,<,1390011313#46
votes v,posts p,badges b,users u#p.Id=v.PostId,u.Id=p.OwnerUserId,u.Id=b.UserId#p.Score,>,57,p.Score,<,123,p.CommentCount,>,1,p.CommentCount,<,28,u.DownVotes,>,463,u.DownVotes,<,1476,v.CreationDate,>,1341384501,v.CreationDate,<,1385438189,v.VoteTypeId,>,1,v.VoteTypeId,<,9,b.Date,>,1389971926,b.Date,<,1399489908#5782
votes v,posts p,badges b,users u#p.Id=v.PostId,u.Id=p.OwnerUserId,u.Id=b.UserId#p.Score,>,15,p.Score,<,152,p.CommentCount,>,4,p.CommentCount,<,15,u.DownVotes,>,196,u.DownVotes,<,1215,v.CreationDate,>,1308879514,v.CreationDate,<,1325160057,v.VoteTypeId,>,2,v.VoteTypeId,<,11,b.Date,>,1289195418,b.Date,<,1311708439#224
votes v,posts p,badges b,users u#p.Id=v.PostId,u.Id=p.OwnerUserId,u.Id=b.UserId#p.Score,>,62,p.Score,<,101,p.CommentCount,>,18,p.CommentCount,<,41,u.DownVotes,>,65,u.DownVotes,<,1342,v.CreationDate,>,1280331061,v.CreationDate,<,1396379658,v.VoteTypeId,>,1,v.VoteTypeId,<,13,b.Date,>,1351044313,b.Date,<,1405890578#9072
votes v,posts p,badges b,users u#p.Id=v.PostId,u.Id=p.OwnerUserId,u.Id=b.UserId#p.Score,>,-8,p.Score,<,162,p.CommentCount,>,11,p.CommentCount,<,15,u.DownVotes,>,166,u.DownVotes,<,725,v.CreationDate,>,1267049686,v.CreationDate,<,1379107650,v.VoteTypeId,>,3,v.VoteTypeId,<,9,b.Date,>,1319245101,b.Date,<,1389147493#711
votes v,posts p,badges b,users u#p.Id=v.PostId,u.Id=p.OwnerUserId,u.Id=b.UserId#p.Score,>,-10,p.Score,<,83,p.CommentCount,>,4,p.CommentCount,<,11,u.DownVotes,>,240,u.DownVotes,<,643,v.CreationDate,>,1357739482,v.CreationDate,<,1370427066,v.VoteTypeId,>,1,v.VoteTypeId,<,15,b.Date,>,1330133564,b.Date,<,1375126178#5443
votes v,posts p,badges b,users u#p.Id=v.PostId,u.Id=p.OwnerUserId,u.Id=b.UserId#p.Score,>,82,p.Score,<,140,p.CommentCount,>,7,p.CommentCount,<,40,u.DownVotes,>,19,u.DownVotes,<,1114,v.CreationDate,>,1244561693,v.CreationDate,<,1385958481,v.VoteTypeId,>,1,v.VoteTypeId,<,4,b.Date,>,1321914947,b.Date,<,1374261845#44088
votes v,posts p,badges b,users u#p.Id=v.PostId,u.Id=p.OwnerUserId,u.Id=b.UserId#p.Score,>,43,p.Score,<,48,p.CommentCount,>,13,p.CommentCount,<,34,u.DownVotes,>,56,u.DownVotes,<,829,v.CreationDate,>,1262499805,v.CreationDate,<,1310642978,v.VoteTypeId,>,7,v.VoteTypeId,<,10,b.Date,>,1361390798,b.Date,<,1399051700#36
votes v,posts p,badges b,users u#p.Id=v.PostId,u.Id=p.OwnerUserId,u.Id=b.UserId#p.Score,>,-6,p.Score,<,94,p.CommentCount,>,4,p.CommentCount,<,17,u.DownVotes,>,167,u.DownVotes,<,1781,v.CreationDate,>,1288333307,v.CreationDate,<,1388874383,v.VoteTypeId,>,1,v.VoteTypeId,<,4,b.Date,>,1315255022,b.Date,<,1398453959#816759
votes v,posts p,badges b,users u#p.Id=v.PostId,u.Id=p.OwnerUserId,u.Id=b.UserId#p.Score,>,17,p.Score,<,144,p.CommentCount,>,2,p.CommentCount,<,17,u.DownVotes,>,408,u.DownVotes,<,1693,v.CreationDate,>,1341986921,v.CreationDate,<,1408652892,v.VoteTypeId,>,1,v.VoteTypeId,<,15,b.Date,>,1306576071,b.Date,<,1331737668#63280
votes v,posts p,badges b,users u#p.Id=v.PostId,u.Id=p.OwnerUserId,u.Id=b.UserId#p.Score,>,32,p.Score,<,120,p.CommentCount,>,15,p.CommentCount,<,27,u.DownVotes,>,159,u.DownVotes,<,1879,v.CreationDate,>,1289282809,v.CreationDate,<,1366665881,v.VoteTypeId,>,1,v.VoteTypeId,<,9,b.Date,>,1345961596,b.Date,<,1395883610#1566
votes v,posts p,badges b,users u#p.Id=v.PostId,u.Id=p.OwnerUserId,u.Id=b.UserId#p.Score,>,4,p.Score,<,155,p.CommentCount,>,7,p.CommentCount,<,19,u.DownVotes,>,5,u.DownVotes,<,1099,v.CreationDate,>,1322150047,v.CreationDate,<,1367758422,v.VoteTypeId,>,3,v.VoteTypeId,<,13,b.Date,>,1366149880,b.Date,<,1374301522#753
votes v,posts p,badges b,users u#p.Id=v.PostId,u.Id=p.OwnerUserId,u.Id=b.UserId#p.Score,>,0,p.Score,<,157,p.CommentCount,>,8,p.CommentCount,<,26,u.DownVotes,>,731,u.DownVotes,<,1852,v.CreationDate,>,1279763190,v.CreationDate,<,1323989425,v.VoteTypeId,>,3,v.VoteTypeId,<,14,b.Date,>,1385515305,b.Date,<,1398064033#48
votes v,posts p,badges b,users u#p.Id=v.PostId,u.Id=p.OwnerUserId,u.Id=b.UserId#p.Score,>,1,p.Score,<,82,p.CommentCount,>,0,p.CommentCount,<,39,u.DownVotes,>,5,u.DownVotes,<,1404,v.CreationDate,>,1246486738,v.CreationDate,<,1344029456,v.VoteTypeId,>,2,v.VoteTypeId,<,4,b.Date,>,1358421617,b.Date,<,1375446623#2342
votes v,posts p,badges b,users u#p.Id=v.PostId,u.Id=p.OwnerUserId,u.Id=b.UserId#p.Score,>,26,p.Score,<,86,p.CommentCount,>,19,p.CommentCount,<,39,u.DownVotes,>,13,u.DownVotes,<,1656,v.CreationDate,>,1256545695,v.CreationDate,<,1360724016,v.VoteTypeId,>,5,v.VoteTypeId,<,14,b.Date,>,1280363798,b.Date,<,1385504245#111
votes v,posts p,badges b,users u#p.Id=v.PostId,u.Id=p.OwnerUserId,u.Id=b.UserId#p.Score,>,2,p.Score,<,61,p.CommentCount,>,9,p.CommentCount,<,33,u.DownVotes,>,597,u.DownVotes,<,1010,v.CreationDate,>,1326929969,v.CreationDate,<,1361285413,v.VoteTypeId,>,2,v.VoteTypeId,<,14,b.Date,>,1306323779,b.Date,<,1347253530#154
votes v,posts p,badges b,users u#p.Id=v.PostId,u.Id=p.OwnerUserId,u.Id=b.UserId#p.Score,>,4,p.Score,<,21,p.CommentCount,>,6,p.CommentCount,<,37,u.DownVotes,>,606,u.DownVotes,<,1823,v.CreationDate,>,1291031877,v.CreationDate,<,1388575608,v.VoteTypeId,>,7,v.VoteTypeId,<,14,b.Date,>,1325483319,b.Date,<,1337894451#150
votes v,posts p,badges b,users u#p.Id=v.PostId,u.Id=p.OwnerUserId,u.Id=b.UserId#p.Score,>,36,p.Score,<,167,p.CommentCount,>,9,p.CommentCount,<,32,u.DownVotes,>,151,u.DownVotes,<,592,v.CreationDate,>,1249685354,v.CreationDate,<,1388092320,v.VoteTypeId,>,3,v.VoteTypeId,<,12,b.Date,>,1302260766,b.Date,<,1398003191#117
votes v,posts p,badges b,users u#p.Id=v.PostId,u.Id=p.OwnerUserId,u.Id=b.UserId#p.Score,>,-8,p.Score,<,91,p.CommentCount,>,6,p.CommentCount,<,10,u.DownVotes,>,772,u.DownVotes,<,1061,v.CreationDate,>,1267366074,v.CreationDate,<,1370881213,v.VoteTypeId,>,7,v.VoteTypeId,<,10,b.Date,>,1373979342,b.Date,<,1395441477#273
votes v,posts p,badges b,users u#p.Id=v.PostId,u.Id=p.OwnerUserId,u.Id=b.UserId#p.Score,>,82,p.Score,<,164,p.CommentCount,>,9,p.CommentCount,<,42,u.DownVotes,>,80,u.DownVotes,<,1020,v.CreationDate,>,1329033019,v.CreationDate,<,1342334232,v.VoteTypeId,>,6,v.VoteTypeId,<,11,b.Date,>,1396479412,b.Date,<,1397063027#1
votes v,posts p,badges b,users u#p.Id=v.PostId,u.Id=p.OwnerUserId,u.Id=b.UserId#p.Score,>,15,p.Score,<,23,p.CommentCount,>,10,p.CommentCount,<,24,u.DownVotes,>,237,u.DownVotes,<,1883,v.CreationDate,>,1260705196,v.CreationDate,<,1346735401,v.VoteTypeId,>,2,v.VoteTypeId,<,9,b.Date,>,1330946508,b.Date,<,1383877419#378
votes v,posts p,badges b,users u#p.Id=v.PostId,u.Id=p.OwnerUserId,u.Id=b.UserId#p.Score,>,21,p.Score,<,93,p.CommentCount,>,0,p.CommentCount,<,20,u.DownVotes,>,58,u.DownVotes,<,1526,v.CreationDate,>,1383688092,v.CreationDate,<,1403580136,v.VoteTypeId,>,7,v.VoteTypeId,<,13,b.Date,>,1293706605,b.Date,<,1390264465#1126
votes v,posts p,badges b,users u#p.Id=v.PostId,u.Id=p.OwnerUserId,u.Id=b.UserId#p.Score,>,21,p.Score,<,116,p.CommentCount,>,0,p.CommentCount,<,40,u.DownVotes,>,758,u.DownVotes,<,951,v.CreationDate,>,1296090822,v.CreationDate,<,1410376612,v.VoteTypeId,>,8,v.VoteTypeId,<,14,b.Date,>,1366694678,b.Date,<,1390143145#172
votes v,posts p,badges b,users u#p.Id=v.PostId,u.Id=p.OwnerUserId,u.Id=b.UserId#p.Score,>,32,p.Score,<,101,p.CommentCount,>,9,p.CommentCount,<,39,u.DownVotes,>,162,u.DownVotes,<,1281,v.CreationDate,>,1283382905,v.CreationDate,<,1322205394,v.VoteTypeId,>,1,v.VoteTypeId,<,15,b.Date,>,1283919656,b.Date,<,1318528462#4862
votes v,posts p,badges b,users u#p.Id=v.PostId,u.Id=p.OwnerUserId,u.Id=b.UserId#p.Score,>,23,p.Score,<,186,p.CommentCount,>,4,p.CommentCount,<,18,u.DownVotes,>,373,u.DownVotes,<,1372,v.CreationDate,>,1281802920,v.CreationDate,<,1393296754,v.VoteTypeId,>,4,v.VoteTypeId,<,11,b.Date,>,1284086252,b.Date,<,1387554051#5265
votes v,posts p,badges b,users u#p.Id=v.PostId,u.Id=p.OwnerUserId,u.Id=b.UserId#p.Score,>,-10,p.Score,<,56,p.CommentCount,>,16,p.CommentCount,<,22,u.DownVotes,>,442,u.DownVotes,<,1226,v.CreationDate,>,1237128571,v.CreationDate,<,1371832637,v.VoteTypeId,>,6,v.VoteTypeId,<,11,b.Date,>,1312614966,b.Date,<,1404776128#355
votes v,posts p,badges b,users u#p.Id=v.PostId,u.Id=p.OwnerUserId,u.Id=b.UserId#p.Score,>,28,p.Score,<,117,p.CommentCount,>,9,p.CommentCount,<,27,u.DownVotes,>,119,u.DownVotes,<,993,v.CreationDate,>,1242202573,v.CreationDate,<,1365060472,v.VoteTypeId,>,5,v.VoteTypeId,<,11,b.Date,>,1302464609,b.Date,<,1393891803#117
votes v,posts p,badges b,users u#p.Id=v.PostId,u.Id=p.OwnerUserId,u.Id=b.UserId#p.Score,>,26,p.Score,<,108,p.CommentCount,>,4,p.CommentCount,<,17,u.DownVotes,>,366,u.DownVotes,<,1757,v.CreationDate,>,1271418290,v.CreationDate,<,1332481033,v.VoteTypeId,>,1,v.VoteTypeId,<,11,b.Date,>,1284619432,b.Date,<,1350239522#56721
votes v,posts p,badges b,users u#p.Id=v.PostId,u.Id=p.OwnerUserId,u.Id=b.UserId#p.Score,>,-15,p.Score,<,189,p.CommentCount,>,6,p.CommentCount,<,21,u.DownVotes,>,27,u.DownVotes,<,457,v.CreationDate,>,1268815122,v.CreationDate,<,1352886831,v.VoteTypeId,>,2,v.VoteTypeId,<,6,b.Date,>,1364781735,b.Date,<,1379956771#2476
votes v,posts p,badges b,users u#p.Id=v.PostId,u.Id=p.OwnerUserId,u.Id=b.UserId#p.Score,>,3,p.Score,<,91,p.CommentCount,>,8,p.CommentCount,<,28,u.DownVotes,>,10,u.DownVotes,<,1442,v.CreationDate,>,1352010535,v.CreationDate,<,1399691543,v.VoteTypeId,>,2,v.VoteTypeId,<,7,b.Date,>,1282786118,b.Date,<,1294848401#409
votes v,posts p,badges b,users u#p.Id=v.PostId,u.Id=p.OwnerUserId,u.Id=b.UserId#p.Score,>,-4,p.Score,<,116,p.CommentCount,>,2,p.CommentCount,<,17,u.DownVotes,>,84,u.DownVotes,<,846,v.CreationDate,>,1384104821,v.CreationDate,<,1396983084,v.VoteTypeId,>,2,v.VoteTypeId,<,8,b.Date,>,1292346419,b.Date,<,1314665263#368
votes v,posts p,badges b,users u#p.Id=v.PostId,u.Id=p.OwnerUserId,u.Id=b.UserId#p.Score,>,20,p.Score,<,114,p.CommentCount,>,12,p.CommentCount,<,22,u.DownVotes,>,375,u.DownVotes,<,1845,v.CreationDate,>,1249422076,v.CreationDate,<,1365082668,v.VoteTypeId,>,1,v.VoteTypeId,<,5,b.Date,>,1280459680,b.Date,<,1396452011#11970
votes v,posts p,badges b,users u#p.Id=v.PostId,u.Id=p.OwnerUserId,u.Id=b.UserId#p.Score,>,52,p.Score,<,188,p.CommentCount,>,1,p.CommentCount,<,37,u.DownVotes,>,367,u.DownVotes,<,1308,v.CreationDate,>,1313138905,v.CreationDate,<,1391304837,v.VoteTypeId,>,1,v.VoteTypeId,<,14,b.Date,>,1298414647,b.Date,<,1359389741#92442
votes v,posts p,badges b,users u#p.Id=v.PostId,u.Id=p.OwnerUserId,u.Id=b.UserId#p.Score,>,-4,p.Score,<,64,p.CommentCount,>,6,p.CommentCount,<,25,u.DownVotes,>,70,u.DownVotes,<,214,v.CreationDate,>,1251461932,v.CreationDate,<,1388653501,v.VoteTypeId,>,5,v.VoteTypeId,<,14,b.Date,>,1330266411,b.Date,<,1376634596#908
votes v,posts p,badges b,users u#p.Id=v.PostId,u.Id=p.OwnerUserId,u.Id=b.UserId#p.Score,>,20,p.Score,<,24,p.CommentCount,>,8,p.CommentCount,<,30,u.DownVotes,>,43,u.DownVotes,<,599,v.CreationDate,>,1381629926,v.CreationDate,<,1386359277,v.VoteTypeId,>,1,v.VoteTypeId,<,12,b.Date,>,1320510159,b.Date,<,1329403983#58
votes v,posts p,badges b,users u#p.Id=v.PostId,u.Id=p.OwnerUserId,u.Id=b.UserId#p.Score,>,16,p.Score,<,101,p.CommentCount,>,17,p.CommentCount,<,22,u.DownVotes,>,3,u.DownVotes,<,1566,v.CreationDate,>,1286243598,v.CreationDate,<,1304624028,v.VoteTypeId,>,8,v.VoteTypeId,<,15,b.Date,>,1293979868,b.Date,<,1394585843#133
votes v,posts p,badges b,users u#p.Id=v.PostId,u.Id=p.OwnerUserId,u.Id=b.UserId#p.Score,>,2,p.Score,<,89,p.CommentCount,>,3,p.CommentCount,<,17,u.DownVotes,>,155,u.DownVotes,<,693,v.CreationDate,>,1369708751,v.CreationDate,<,1392759834,v.VoteTypeId,>,6,v.VoteTypeId,<,10,b.Date,>,1349066990,b.Date,<,1369594081#25
votes v,posts p,badges b,users u#p.Id=v.PostId,u.Id=p.OwnerUserId,u.Id=b.UserId#p.Score,>,0,p.Score,<,132,p.CommentCount,>,3,p.CommentCount,<,36,u.DownVotes,>,247,u.DownVotes,<,735,v.CreationDate,>,1245844047,v.CreationDate,<,1398262506,v.VoteTypeId,>,6,v.VoteTypeId,<,11,b.Date,>,1319020668,b.Date,<,1347848546#396
votes v,posts p,badges b,users u#p.Id=v.PostId,u.Id=p.OwnerUserId,u.Id=b.UserId#p.Score,>,28,p.Score,<,64,p.CommentCount,>,12,p.CommentCount,<,43,u.DownVotes,>,482,u.DownVotes,<,1758,v.CreationDate,>,1285412086,v.CreationDate,<,1396487904,v.VoteTypeId,>,3,v.VoteTypeId,<,15,b.Date,>,1310622094,b.Date,<,1331299206#56
votes v,posts p,badges b,users u#p.Id=v.PostId,u.Id=p.OwnerUserId,u.Id=b.UserId#p.Score,>,120,p.Score,<,152,p.CommentCount,>,8,p.CommentCount,<,29,u.DownVotes,>,23,u.DownVotes,<,1442,v.CreationDate,>,1302579174,v.CreationDate,<,1315453247,v.VoteTypeId,>,1,v.VoteTypeId,<,5,b.Date,>,1378572418,b.Date,<,1400600387#1953
votes v,posts p,badges b,users u#p.Id=v.PostId,u.Id=p.OwnerUserId,u.Id=b.UserId#p.Score,>,-5,p.Score,<,181,p.CommentCount,>,15,p.CommentCount,<,26,u.DownVotes,>,375,u.DownVotes,<,924,v.CreationDate,>,1245233064,v.CreationDate,<,1309064752,v.VoteTypeId,>,2,v.VoteTypeId,<,11,b.Date,>,1364191101,b.Date,<,1392107016#111
votes v,posts p,badges b,users u#p.Id=v.PostId,u.Id=p.OwnerUserId,u.Id=b.UserId#p.Score,>,23,p.Score,<,58,p.CommentCount,>,12,p.CommentCount,<,19,u.DownVotes,>,303,u.DownVotes,<,1303,v.CreationDate,>,1249911645,v.CreationDate,<,1340758245,v.VoteTypeId,>,1,v.VoteTypeId,<,4,b.Date,>,1308002313,b.Date,<,1379614163#5586
votes v,posts p,badges b,users u#p.Id=v.PostId,u.Id=p.OwnerUserId,u.Id=b.UserId#p.Score,>,4,p.Score,<,10,p.CommentCount,>,7,p.CommentCount,<,28,u.DownVotes,>,307,u.DownVotes,<,1861,v.CreationDate,>,1255896382,v.CreationDate,<,1383674187,v.VoteTypeId,>,2,v.VoteTypeId,<,11,b.Date,>,1320450896,b.Date,<,1410311888#1716
votes v,posts p,badges b,users u#p.Id=v.PostId,u.Id=p.OwnerUserId,u.Id=b.UserId#p.Score,>,-14,p.Score,<,139,p.CommentCount,>,3,p.CommentCount,<,23,u.DownVotes,>,209,u.DownVotes,<,409,v.CreationDate,>,1259566704,v.CreationDate,<,1370157673,v.VoteTypeId,>,10,v.VoteTypeId,<,14,b.Date,>,1282264282,b.Date,<,1304063476#159
votes v,posts p,badges b,users u#p.Id=v.PostId,u.Id=p.OwnerUserId,u.Id=b.UserId#p.Score,>,-14,p.Score,<,14,p.CommentCount,>,33,p.CommentCount,<,43,u.DownVotes,>,121,u.DownVotes,<,1751,v.CreationDate,>,1289930515,v.CreationDate,<,1346982015,v.VoteTypeId,>,1,v.VoteTypeId,<,12,b.Date,>,1364460386,b.Date,<,1399538519#256
votes v,posts p,badges b,users u#p.Id=v.PostId,u.Id=p.OwnerUserId,u.Id=b.UserId#p.Score,>,9,p.Score,<,190,p.CommentCount,>,2,p.CommentCount,<,29,u.DownVotes,>,673,u.DownVotes,<,1007,v.CreationDate,>,1238258638,v.CreationDate,<,1335616637,v.VoteTypeId,>,5,v.VoteTypeId,<,11,b.Date,>,1288723809,b.Date,<,1377643497#1525
votes v,posts p,badges b,users u#p.Id=v.PostId,u.Id=p.OwnerUserId,u.Id=b.UserId#p.Score,>,10,p.Score,<,154,p.CommentCount,>,7,p.CommentCount,<,21,u.DownVotes,>,436,u.DownVotes,<,1555,v.CreationDate,>,1369786057,v.CreationDate,<,1410582586,v.VoteTypeId,>,2,v.VoteTypeId,<,13,b.Date,>,1294763966,b.Date,<,1320230261#345
votes v,posts p,badges b,users u#p.Id=v.PostId,u.Id=p.OwnerUserId,u.Id=b.UserId#p.Score,>,42,p.Score,<,185,p.CommentCount,>,14,p.CommentCount,<,27,u.DownVotes,>,83,u.DownVotes,<,640,v.CreationDate,>,1328761066,v.CreationDate,<,1364292349,v.VoteTypeId,>,1,v.VoteTypeId,<,12,b.Date,>,1292246669,b.Date,<,1369603866#5256
votes v,posts p,badges b,users u#p.Id=v.PostId,u.Id=p.OwnerUserId,u.Id=b.UserId#p.Score,>,-5,p.Score,<,130,p.CommentCount,>,18,p.CommentCount,<,31,u.DownVotes,>,113,u.DownVotes,<,866,v.CreationDate,>,1262472045,v.CreationDate,<,1368632443,v.VoteTypeId,>,4,v.VoteTypeId,<,14,b.Date,>,1329814620,b.Date,<,1390934648#315
votes v,posts p,badges b,users u#p.Id=v.PostId,u.Id=p.OwnerUserId,u.Id=b.UserId#p.Score,>,10,p.Score,<,125,p.CommentCount,>,11,p.CommentCount,<,16,u.DownVotes,>,98,u.DownVotes,<,1723,v.CreationDate,>,1237294174,v.CreationDate,<,1339537018,v.VoteTypeId,>,4,v.VoteTypeId,<,7,b.Date,>,1385657753,b.Date,<,1389480085#3
votes v,posts p,badges b,users u#p.Id=v.PostId,u.Id=p.OwnerUserId,u.Id=b.UserId#p.Score,>,0,p.Score,<,144,p.CommentCount,>,19,p.CommentCount,<,36,u.DownVotes,>,521,u.DownVotes,<,1621,v.CreationDate,>,1265480116,v.CreationDate,<,1388384864,v.VoteTypeId,>,7,v.VoteTypeId,<,14,b.Date,>,1369749723,b.Date,<,1394011957#107
votes v,posts p,badges b,users u#p.Id=v.PostId,u.Id=p.OwnerUserId,u.Id=b.UserId#p.Score,>,43,p.Score,<,141,p.CommentCount,>,6,p.CommentCount,<,29,u.DownVotes,>,266,u.DownVotes,<,1118,v.CreationDate,>,1302637744,v.CreationDate,<,1336428200,v.VoteTypeId,>,2,v.VoteTypeId,<,5,b.Date,>,1289595362,b.Date,<,1392991055#728
votes v,posts p,badges b,users u#p.Id=v.PostId,u.Id=p.OwnerUserId,u.Id=b.UserId#p.Score,>,2,p.Score,<,128,p.CommentCount,>,13,p.CommentCount,<,35,u.DownVotes,>,573,u.DownVotes,<,1666,v.CreationDate,>,1276138685,v.CreationDate,<,1375987054,v.VoteTypeId,>,1,v.VoteTypeId,<,4,b.Date,>,1299868654,b.Date,<,1371514198#31571
votes v,posts p,badges b,users u#p.Id=v.PostId,u.Id=p.OwnerUserId,u.Id=b.UserId#p.Score,>,2,p.Score,<,188,p.CommentCount,>,2,p.CommentCount,<,23,u.DownVotes,>,237,u.DownVotes,<,1070,v.CreationDate,>,1389055078,v.CreationDate,<,1396812125,v.VoteTypeId,>,3,v.VoteTypeId,<,6,b.Date,>,1303112359,b.Date,<,1334957060#40
votes v,posts p,badges b,users u#p.Id=v.PostId,u.Id=p.OwnerUserId,u.Id=b.UserId#p.Score,>,43,p.Score,<,45,p.CommentCount,>,3,p.CommentCount,<,17,u.DownVotes,>,417,u.DownVotes,<,1871,v.CreationDate,>,1263336068,v.CreationDate,<,1326867603,v.VoteTypeId,>,1,v.VoteTypeId,<,3,b.Date,>,1348562862,b.Date,<,1368996594#1200
votes v,posts p,badges b,users u#p.Id=v.PostId,u.Id=p.OwnerUserId,u.Id=b.UserId#p.Score,>,41,p.Score,<,180,p.CommentCount,>,5,p.CommentCount,<,39,u.DownVotes,>,12,u.DownVotes,<,393,v.CreationDate,>,1239226645,v.CreationDate,<,1350130758,v.VoteTypeId,>,8,v.VoteTypeId,<,13,b.Date,>,1354624161,b.Date,<,1378669350#74
votes v,posts p,badges b,users u#p.Id=v.PostId,u.Id=p.OwnerUserId,u.Id=b.UserId#p.Score,>,56,p.Score,<,124,p.CommentCount,>,25,p.CommentCount,<,31,u.DownVotes,>,48,u.DownVotes,<,1805,v.CreationDate,>,1317482822,v.CreationDate,<,1344351634,v.VoteTypeId,>,1,v.VoteTypeId,<,11,b.Date,>,1308398688,b.Date,<,1382656522#3674
votes v,posts p,badges b,users u#p.Id=v.PostId,u.Id=p.OwnerUserId,u.Id=b.UserId#p.Score,>,0,p.Score,<,153,p.CommentCount,>,2,p.CommentCount,<,22,u.DownVotes,>,679,u.DownVotes,<,1668,v.CreationDate,>,1260648153,v.CreationDate,<,1348922187,v.VoteTypeId,>,6,v.VoteTypeId,<,11,b.Date,>,1345471039,b.Date,<,1362313875#737
votes v,posts p,badges b,users u#p.Id=v.PostId,u.Id=p.OwnerUserId,u.Id=b.UserId#p.Score,>,39,p.Score,<,114,p.CommentCount,>,0,p.CommentCount,<,30,u.DownVotes,>,583,u.DownVotes,<,1242,v.CreationDate,>,1332326855,v.CreationDate,<,1351333073,v.VoteTypeId,>,1,v.VoteTypeId,<,10,b.Date,>,1297805799,b.Date,<,1369153152#30734
votes v,posts p,badges b,users u#p.Id=v.PostId,u.Id=p.OwnerUserId,u.Id=b.UserId#p.Score,>,-11,p.Score,<,74,p.CommentCount,>,0,p.CommentCount,<,31,u.DownVotes,>,132,u.DownVotes,<,146,v.CreationDate,>,1275175308,v.CreationDate,<,1304661179,v.VoteTypeId,>,1,v.VoteTypeId,<,15,b.Date,>,1297796206,b.Date,<,1373337345#1444
votes v,posts p,badges b,users u#p.Id=v.PostId,u.Id=p.OwnerUserId,u.Id=b.UserId#p.Score,>,-9,p.Score,<,108,p.CommentCount,>,11,p.CommentCount,<,33,u.DownVotes,>,642,u.DownVotes,<,1275,v.CreationDate,>,1271456243,v.CreationDate,<,1308393607,v.VoteTypeId,>,1,v.VoteTypeId,<,5,b.Date,>,1311017669,b.Date,<,1325673463#2684
votes v,posts p,badges b,users u#p.Id=v.PostId,u.Id=p.OwnerUserId,u.Id=b.UserId#p.Score,>,5,p.Score,<,77,p.CommentCount,>,5,p.CommentCount,<,23,u.DownVotes,>,307,u.DownVotes,<,1893,v.CreationDate,>,1280712212,v.CreationDate,<,1378366236,v.VoteTypeId,>,1,v.VoteTypeId,<,6,b.Date,>,1308309212,b.Date,<,1314559264#30076
votes v,posts p,badges b,users u#p.Id=v.PostId,u.Id=p.OwnerUserId,u.Id=b.UserId#p.Score,>,0,p.Score,<,81,p.CommentCount,>,24,p.CommentCount,<,41,u.DownVotes,>,98,u.DownVotes,<,661,v.CreationDate,>,1270692881,v.CreationDate,<,1353697848,v.VoteTypeId,>,1,v.VoteTypeId,<,12,b.Date,>,1329022775,b.Date,<,1355205075#3537
votes v,posts p,badges b,users u#p.Id=v.PostId,u.Id=p.OwnerUserId,u.Id=b.UserId#p.Score,>,8,p.Score,<,117,p.CommentCount,>,15,p.CommentCount,<,43,u.DownVotes,>,647,u.DownVotes,<,1616,v.CreationDate,>,1271187881,v.CreationDate,<,1381970632,v.VoteTypeId,>,4,v.VoteTypeId,<,12,b.Date,>,1397038105,b.Date,<,1403469132#31
votes v,posts p,badges b,users u#p.Id=v.PostId,u.Id=p.OwnerUserId,u.Id=b.UserId#p.Score,>,12,p.Score,<,181,p.CommentCount,>,1,p.CommentCount,<,27,u.DownVotes,>,43,u.DownVotes,<,387,v.CreationDate,>,1311330061,v.CreationDate,<,1405123025,v.VoteTypeId,>,2,v.VoteTypeId,<,15,b.Date,>,1373138528,b.Date,<,1376856751#3326
votes v,posts p,badges b,users u#p.Id=v.PostId,u.Id=p.OwnerUserId,u.Id=b.UserId#p.Score,>,-5,p.Score,<,168,p.CommentCount,>,0,p.CommentCount,<,29,u.DownVotes,>,270,u.DownVotes,<,1612,v.CreationDate,>,1259081793,v.CreationDate,<,1306470572,v.VoteTypeId,>,3,v.VoteTypeId,<,11,b.Date,>,1402761505,b.Date,<,1409735365#270
votes v,posts p,badges b,users u#p.Id=v.PostId,u.Id=p.OwnerUserId,u.Id=b.UserId#p.Score,>,-17,p.Score,<,90,p.CommentCount,>,7,p.CommentCount,<,21,u.DownVotes,>,95,u.DownVotes,<,1876,v.CreationDate,>,1245559677,v.CreationDate,<,1375947980,v.VoteTypeId,>,4,v.VoteTypeId,<,14,b.Date,>,1385020343,b.Date,<,1405079299#897
votes v,posts p,badges b,users u#p.Id=v.PostId,u.Id=p.OwnerUserId,u.Id=b.UserId#p.Score,>,-11,p.Score,<,67,p.CommentCount,>,1,p.CommentCount,<,35,u.DownVotes,>,469,u.DownVotes,<,1138,v.CreationDate,>,1239713421,v.CreationDate,<,1326921426,v.VoteTypeId,>,4,v.VoteTypeId,<,14,b.Date,>,1326948519,b.Date,<,1341798777#1235
votes v,posts p,badges b,users u#p.Id=v.PostId,u.Id=p.OwnerUserId,u.Id=b.UserId#p.Score,>,8,p.Score,<,37,p.CommentCount,>,7,p.CommentCount,<,15,u.DownVotes,>,85,u.DownVotes,<,1338,v.CreationDate,>,1257842413,v.CreationDate,<,1323569011,v.VoteTypeId,>,1,v.VoteTypeId,<,9,b.Date,>,1339029481,b.Date,<,1397664771#38216
votes v,posts p,badges b,users u#p.Id=v.PostId,u.Id=p.OwnerUserId,u.Id=b.UserId#p.Score,>,15,p.Score,<,170,p.CommentCount,>,5,p.CommentCount,<,29,u.DownVotes,>,77,u.DownVotes,<,1443,v.CreationDate,>,1363605261,v.CreationDate,<,1403905875,v.VoteTypeId,>,8,v.VoteTypeId,<,10,b.Date,>,1387454263,b.Date,<,1389545546#15
votes v,posts p,badges b,users u#p.Id=v.PostId,u.Id=p.OwnerUserId,u.Id=b.UserId#p.Score,>,17,p.Score,<,84,p.CommentCount,>,0,p.CommentCount,<,21,u.DownVotes,>,12,u.DownVotes,<,427,v.CreationDate,>,1259696395,v.CreationDate,<,1375618097,v.VoteTypeId,>,2,v.VoteTypeId,<,4,b.Date,>,1316618561,b.Date,<,1381615885#2037
votes v,posts p,badges b,users u#p.Id=v.PostId,u.Id=p.OwnerUserId,u.Id=b.UserId#p.Score,>,50,p.Score,<,112,p.CommentCount,>,1,p.CommentCount,<,11,u.DownVotes,>,272,u.DownVotes,<,1194,v.CreationDate,>,1390739903,v.CreationDate,<,1392289238,v.VoteTypeId,>,1,v.VoteTypeId,<,15,b.Date,>,1328725977,b.Date,<,1382268878#1998
votes v,posts p,badges b,users u#p.Id=v.PostId,u.Id=p.OwnerUserId,u.Id=b.UserId#p.Score,>,41,p.Score,<,94,p.CommentCount,>,2,p.CommentCount,<,36,u.DownVotes,>,100,u.DownVotes,<,987,v.CreationDate,>,1273288614,v.CreationDate,<,1390248936,v.VoteTypeId,>,1,v.VoteTypeId,<,10,b.Date,>,1346805302,b.Date,<,1365990926#54292
votes v,posts p,badges b,users u#p.Id=v.PostId,u.Id=p.OwnerUserId,u.Id=b.UserId#p.Score,>,40,p.Score,<,182,p.CommentCount,>,4,p.CommentCount,<,25,u.DownVotes,>,667,u.DownVotes,<,782,v.CreationDate,>,1235885914,v.CreationDate,<,1399441371,v.VoteTypeId,>,1,v.VoteTypeId,<,12,b.Date,>,1301386311,b.Date,<,1371156937#159936
votes v,posts p,badges b,users u#p.Id=v.PostId,u.Id=p.OwnerUserId,u.Id=b.UserId#p.Score,>,49,p.Score,<,155,p.CommentCount,>,2,p.CommentCount,<,43,u.DownVotes,>,704,u.DownVotes,<,871,v.CreationDate,>,1393788341,v.CreationDate,<,1396104387,v.VoteTypeId,>,1,v.VoteTypeId,<,14,b.Date,>,1308536633,b.Date,<,1407146277#2968
votes v,posts p,badges b,users u#p.Id=v.PostId,u.Id=p.OwnerUserId,u.Id=b.UserId#p.Score,>,-14,p.Score,<,123,p.CommentCount,>,7,p.CommentCount,<,27,u.DownVotes,>,704,u.DownVotes,<,1534,v.CreationDate,>,1237127867,v.CreationDate,<,1389342894,v.VoteTypeId,>,7,v.VoteTypeId,<,11,b.Date,>,1290095358,b.Date,<,1353447746#657
votes v,posts p,badges b,users u#p.Id=v.PostId,u.Id=p.OwnerUserId,u.Id=b.UserId#p.Score,>,22,p.Score,<,104,p.CommentCount,>,2,p.CommentCount,<,23,u.DownVotes,>,503,u.DownVotes,<,1107,v.CreationDate,>,1257899683,v.CreationDate,<,1402771009,v.VoteTypeId,>,3,v.VoteTypeId,<,10,b.Date,>,1361778682,b.Date,<,1403679346#2952
votes v,posts p,badges b,users u#p.Id=v.PostId,u.Id=p.OwnerUserId,u.Id=b.UserId#p.Score,>,55,p.Score,<,120,p.CommentCount,>,5,p.CommentCount,<,30,u.DownVotes,>,139,u.DownVotes,<,629,v.CreationDate,>,1286748138,v.CreationDate,<,1324994033,v.VoteTypeId,>,1,v.VoteTypeId,<,13,b.Date,>,1402325609,b.Date,<,1403697401#22
votes v,posts p,badges b,users u#p.Id=v.PostId,u.Id=p.OwnerUserId,u.Id=b.UserId#p.Score,>,-7,p.Score,<,9,p.CommentCount,>,9,p.CommentCount,<,36,u.DownVotes,>,547,u.DownVotes,<,1159,v.CreationDate,>,1249917098,v.CreationDate,<,1374731652,v.VoteTypeId,>,1,v.VoteTypeId,<,12,b.Date,>,1336615626,b.Date,<,1399190574#29700
votes v,posts p,badges b,users u#p.Id=v.PostId,u.Id=p.OwnerUserId,u.Id=b.UserId#p.Score,>,49,p.Score,<,167,p.CommentCount,>,10,p.CommentCount,<,43,u.DownVotes,>,325,u.DownVotes,<,1485,v.CreationDate,>,1284079365,v.CreationDate,<,1353513873,v.VoteTypeId,>,1,v.VoteTypeId,<,3,b.Date,>,1283479274,b.Date,<,1335239509#11830
votes v,posts p,badges b,users u#p.Id=v.PostId,u.Id=p.OwnerUserId,u.Id=b.UserId#p.Score,>,119,p.Score,<,165,p.CommentCount,>,10,p.CommentCount,<,41,u.DownVotes,>,32,u.DownVotes,<,1570,v.CreationDate,>,1246236594,v.CreationDate,<,1350376085,v.VoteTypeId,>,6,v.VoteTypeId,<,13,b.Date,>,1359423668,b.Date,<,1369337639#20
votes v,posts p,badges b,users u#p.Id=v.PostId,u.Id=p.OwnerUserId,u.Id=b.UserId#p.Score,>,0,p.Score,<,125,p.CommentCount,>,9,p.CommentCount,<,35,u.DownVotes,>,718,u.DownVotes,<,1293,v.CreationDate,>,1304600115,v.CreationDate,<,1332128219,v.VoteTypeId,>,6,v.VoteTypeId,<,12,b.Date,>,1291238840,b.Date,<,1384992866#330
votes v,posts p,badges b,users u#p.Id=v.PostId,u.Id=p.OwnerUserId,u.Id=b.UserId#p.Score,>,-15,p.Score,<,61,p.CommentCount,>,5,p.CommentCount,<,25,u.DownVotes,>,1,u.DownVotes,<,1442,v.CreationDate,>,1243874021,v.CreationDate,<,1401938237,v.VoteTypeId,>,1,v.VoteTypeId,<,5,b.Date,>,1383977482,b.Date,<,1407220892#537962
votes v,posts p,badges b,users u#p.Id=v.PostId,u.Id=p.OwnerUserId,u.Id=b.UserId#p.Score,>,11,p.Score,<,29,p.CommentCount,>,5,p.CommentCount,<,41,u.DownVotes,>,143,u.DownVotes,<,1478,v.CreationDate,>,1362232003,v.CreationDate,<,1408979597,v.VoteTypeId,>,1,v.VoteTypeId,<,7,b.Date,>,1280296733,b.Date,<,1339491413#41901
votes v,posts p,badges b,users u#p.Id=v.PostId,u.Id=p.OwnerUserId,u.Id=b.UserId#p.Score,>,7,p.Score,<,48,p.CommentCount,>,3,p.CommentCount,<,29,u.DownVotes,>,191,u.DownVotes,<,1075,v.CreationDate,>,1233996451,v.CreationDate,<,1320374722,v.VoteTypeId,>,4,v.VoteTypeId,<,6,b.Date,>,1319481911,b.Date,<,1372040017#2670
votes v,posts p,badges b,users u#p.Id=v.PostId,u.Id=p.OwnerUserId,u.Id=b.UserId#p.Score,>,-6,p.Score,<,88,p.CommentCount,>,0,p.CommentCount,<,31,u.DownVotes,>,689,u.DownVotes,<,942,v.CreationDate,>,1269851443,v.CreationDate,<,1332613972,v.VoteTypeId,>,5,v.VoteTypeId,<,14,b.Date,>,1294080734,b.Date,<,1376163059#4290
votes v,posts p,badges b,users u#p.Id=v.PostId,u.Id=p.OwnerUserId,u.Id=b.UserId#p.Score,>,-13,p.Score,<,185,p.CommentCount,>,14,p.CommentCount,<,41,u.DownVotes,>,608,u.DownVotes,<,1783,v.CreationDate,>,1276879968,v.CreationDate,<,1333935359,v.VoteTypeId,>,6,v.VoteTypeId,<,12,b.Date,>,1306458110,b.Date,<,1401937499#364
votes v,posts p,badges b,users u#p.Id=v.PostId,u.Id=p.OwnerUserId,u.Id=b.UserId#p.Score,>,77,p.Score,<,187,p.CommentCount,>,2,p.CommentCount,<,44,u.DownVotes,>,213,u.DownVotes,<,1574,v.CreationDate,>,1364261274,v.CreationDate,<,1409117755,v.VoteTypeId,>,1,v.VoteTypeId,<,14,b.Date,>,1370532786,b.Date,<,1372422080#846
votes v,posts p,badges b,users u#p.Id=v.PostId,u.Id=p.OwnerUserId,u.Id=b.UserId#p.Score,>,57,p.Score,<,64,p.CommentCount,>,6,p.CommentCount,<,39,u.DownVotes,>,156,u.DownVotes,<,1592,v.CreationDate,>,1243879510,v.CreationDate,<,1342804440,v.VoteTypeId,>,1,v.VoteTypeId,<,4,b.Date,>,1325699468,b.Date,<,1390272892#16751
votes v,posts p,badges b,users u#p.Id=v.PostId,u.Id=p.OwnerUserId,u.Id=b.UserId#p.Score,>,32,p.Score,<,170,p.CommentCount,>,9,p.CommentCount,<,21,u.DownVotes,>,87,u.DownVotes,<,1912,v.CreationDate,>,1260973870,v.CreationDate,<,1395876682,v.VoteTypeId,>,3,v.VoteTypeId,<,10,b.Date,>,1280294695,b.Date,<,1371910831#234
votes v,posts p,badges b,users u#p.Id=v.PostId,u.Id=p.OwnerUserId,u.Id=b.UserId#p.Score,>,-7,p.Score,<,138,p.CommentCount,>,3,p.CommentCount,<,25,u.DownVotes,>,174,u.DownVotes,<,996,v.CreationDate,>,1273167906,v.CreationDate,<,1409680263,v.VoteTypeId,>,3,v.VoteTypeId,<,14,b.Date,>,1323602349,b.Date,<,1403754788#22736
votes v,posts p,badges b,users u#p.Id=v.PostId,u.Id=p.OwnerUserId,u.Id=b.UserId#p.Score,>,19,p.Score,<,127,p.CommentCount,>,4,p.CommentCount,<,17,u.DownVotes,>,230,u.DownVotes,<,1847,v.CreationDate,>,1273593134,v.CreationDate,<,1358735367,v.VoteTypeId,>,1,v.VoteTypeId,<,10,b.Date,>,1302239301,b.Date,<,1310023477#11782
votes v,posts p,badges b,users u#p.Id=v.PostId,u.Id=p.OwnerUserId,u.Id=b.UserId#p.Score,>,-3,p.Score,<,154,p.CommentCount,>,8,p.CommentCount,<,37,u.DownVotes,>,106,u.DownVotes,<,1131,v.CreationDate,>,1293017426,v.CreationDate,<,1330155390,v.VoteTypeId,>,4,v.VoteTypeId,<,15,b.Date,>,1286504073,b.Date,<,1334079350#226
votes v,posts p,badges b,users u#p.Id=v.PostId,u.Id=p.OwnerUserId,u.Id=b.UserId#p.Score,>,48,p.Score,<,103,p.CommentCount,>,5,p.CommentCount,<,23,u.DownVotes,>,492,u.DownVotes,<,883,v.CreationDate,>,1242572083,v.CreationDate,<,1383522471,v.VoteTypeId,>,4,v.VoteTypeId,<,7,b.Date,>,1354752063,b.Date,<,1379032143#1204
votes v,posts p,badges b,users u#p.Id=v.PostId,u.Id=p.OwnerUserId,u.Id=b.UserId#p.Score,>,55,p.Score,<,103,p.CommentCount,>,10,p.CommentCount,<,26,u.DownVotes,>,723,u.DownVotes,<,1172,v.CreationDate,>,1317992505,v.CreationDate,<,1344542915,v.VoteTypeId,>,1,v.VoteTypeId,<,11,b.Date,>,1317661914,b.Date,<,1374055605#6752
votes v,posts p,badges b,users u#p.Id=v.PostId,u.Id=p.OwnerUserId,u.Id=b.UserId#p.Score,>,53,p.Score,<,126,p.CommentCount,>,5,p.CommentCount,<,12,u.DownVotes,>,102,u.DownVotes,<,731,v.CreationDate,>,1266996661,v.CreationDate,<,1340069936,v.VoteTypeId,>,1,v.VoteTypeId,<,13,b.Date,>,1287329053,b.Date,<,1344359769#6646
votes v,posts p,badges b,users u#p.Id=v.PostId,u.Id=p.OwnerUserId,u.Id=b.UserId#p.Score,>,-16,p.Score,<,41,p.CommentCount,>,10,p.CommentCount,<,22,u.DownVotes,>,130,u.DownVotes,<,1245,v.CreationDate,>,1336583926,v.CreationDate,<,1386454811,v.VoteTypeId,>,4,v.VoteTypeId,<,13,b.Date,>,1332372511,b.Date,<,1353002724#879
votes v,posts p,badges b,users u#p.Id=v.PostId,u.Id=p.OwnerUserId,u.Id=b.UserId#p.Score,>,99,p.Score,<,158,p.CommentCount,>,2,p.CommentCount,<,18,u.DownVotes,>,0,u.DownVotes,<,1185,v.CreationDate,>,1302124566,v.CreationDate,<,1324261936,v.VoteTypeId,>,2,v.VoteTypeId,<,12,b.Date,>,1340946063,b.Date,<,1356603931#678
votes v,posts p,badges b,users u#p.Id=v.PostId,u.Id=p.OwnerUserId,u.Id=b.UserId#p.Score,>,56,p.Score,<,129,p.CommentCount,>,2,p.CommentCount,<,5,u.DownVotes,>,27,u.DownVotes,<,931,v.CreationDate,>,1249148211,v.CreationDate,<,1331585830,v.VoteTypeId,>,1,v.VoteTypeId,<,9,b.Date,>,1307011513,b.Date,<,1396667557#15842
votes v,posts p,badges b,users u#p.Id=v.PostId,u.Id=p.OwnerUserId,u.Id=b.UserId#p.Score,>,-7,p.Score,<,23,p.CommentCount,>,10,p.CommentCount,<,16,u.DownVotes,>,219,u.DownVotes,<,1033,v.CreationDate,>,1329544855,v.CreationDate,<,1369949490,v.VoteTypeId,>,4,v.VoteTypeId,<,14,b.Date,>,1318529740,b.Date,<,1327330196#30
votes v,posts p,badges b,users u#p.Id=v.PostId,u.Id=p.OwnerUserId,u.Id=b.UserId#p.Score,>,5,p.Score,<,162,p.CommentCount,>,9,p.CommentCount,<,15,u.DownVotes,>,56,u.DownVotes,<,748,v.CreationDate,>,1366047244,v.CreationDate,<,1407518990,v.VoteTypeId,>,5,v.VoteTypeId,<,11,b.Date,>,1335295583,b.Date,<,1346252670#49
votes v,posts p,badges b,users u#p.Id=v.PostId,u.Id=p.OwnerUserId,u.Id=b.UserId#p.Score,>,39,p.Score,<,153,p.CommentCount,>,2,p.CommentCount,<,26,u.DownVotes,>,137,u.DownVotes,<,1179,v.CreationDate,>,1311265167,v.CreationDate,<,1348818342,v.VoteTypeId,>,2,v.VoteTypeId,<,13,b.Date,>,1349509525,b.Date,<,1365124176#94
votes v,posts p,badges b,users u#p.Id=v.PostId,u.Id=p.OwnerUserId,u.Id=b.UserId#p.Score,>,21,p.Score,<,122,p.CommentCount,>,3,p.CommentCount,<,26,u.DownVotes,>,194,u.DownVotes,<,781,v.CreationDate,>,1254966203,v.CreationDate,<,1381020905,v.VoteTypeId,>,2,v.VoteTypeId,<,12,b.Date,>,1321896343,b.Date,<,1377285343#3368
votes v,posts p,badges b,users u#p.Id=v.PostId,u.Id=p.OwnerUserId,u.Id=b.UserId#p.Score,>,9,p.Score,<,142,p.CommentCount,>,8,p.CommentCount,<,11,u.DownVotes,>,54,u.DownVotes,<,1149,v.CreationDate,>,1355893412,v.CreationDate,<,1387131952,v.VoteTypeId,>,1,v.VoteTypeId,<,5,b.Date,>,1353330305,b.Date,<,1357556110#1803
votes v,posts p,badges b,users u#p.Id=v.PostId,u.Id=p.OwnerUserId,u.Id=b.UserId#p.Score,>,18,p.Score,<,137,p.CommentCount,>,6,p.CommentCount,<,31,u.DownVotes,>,671,u.DownVotes,<,894,v.CreationDate,>,1337819874,v.CreationDate,<,1387918079,v.VoteTypeId,>,2,v.VoteTypeId,<,12,b.Date,>,1338344986,b.Date,<,1369717297#131
votes v,posts p,badges b,users u#p.Id=v.PostId,u.Id=p.OwnerUserId,u.Id=b.UserId#p.Score,>,42,p.Score,<,126,p.CommentCount,>,0,p.CommentCount,<,43,u.DownVotes,>,77,u.DownVotes,<,616,v.CreationDate,>,1263796431,v.CreationDate,<,1294374721,v.VoteTypeId,>,1,v.VoteTypeId,<,3,b.Date,>,1289078212,b.Date,<,1390798224#8640
votes v,posts p,badges b,users u#p.Id=v.PostId,u.Id=p.OwnerUserId,u.Id=b.UserId#p.Score,>,52,p.Score,<,99,p.CommentCount,>,3,p.CommentCount,<,27,u.DownVotes,>,520,u.DownVotes,<,1459,v.CreationDate,>,1286769826,v.CreationDate,<,1303772321,v.VoteTypeId,>,1,v.VoteTypeId,<,5,b.Date,>,1290211643,b.Date,<,1392799861#6188
votes v,posts p,badges b,users u#p.Id=v.PostId,u.Id=p.OwnerUserId,u.Id=b.UserId#p.Score,>,0,p.Score,<,122,p.CommentCount,>,11,p.CommentCount,<,37,u.DownVotes,>,115,u.DownVotes,<,1572,v.CreationDate,>,1269601928,v.CreationDate,<,1346939782,v.VoteTypeId,>,2,v.VoteTypeId,<,11,b.Date,>,1370068868,b.Date,<,1401053765#331
votes v,posts p,badges b,users u#p.Id=v.PostId,u.Id=p.OwnerUserId,u.Id=b.UserId#p.Score,>,15,p.Score,<,54,p.CommentCount,>,1,p.CommentCount,<,23,u.DownVotes,>,486,u.DownVotes,<,1307,v.CreationDate,>,1304397493,v.CreationDate,<,1390475100,v.VoteTypeId,>,4,v.VoteTypeId,<,15,b.Date,>,1305352574,b.Date,<,1384813455#6174
votes v,posts p,badges b,users u#p.Id=v.PostId,u.Id=p.OwnerUserId,u.Id=b.UserId#p.Score,>,26,p.Score,<,87,p.CommentCount,>,7,p.CommentCount,<,31,u.DownVotes,>,75,u.DownVotes,<,874,v.CreationDate,>,1252674898,v.CreationDate,<,1343015085,v.VoteTypeId,>,1,v.VoteTypeId,<,10,b.Date,>,1334918482,b.Date,<,1396228013#65347
votes v,posts p,badges b,users u#p.Id=v.PostId,u.Id=p.OwnerUserId,u.Id=b.UserId#p.Score,>,2,p.Score,<,163,p.CommentCount,>,16,p.CommentCount,<,25,u.DownVotes,>,695,u.DownVotes,<,1499,v.CreationDate,>,1253255342,v.CreationDate,<,1362941993,v.VoteTypeId,>,1,v.VoteTypeId,<,13,b.Date,>,1346231260,b.Date,<,1400534207#7344
votes v,posts p,badges b,users u#p.Id=v.PostId,u.Id=p.OwnerUserId,u.Id=b.UserId#p.Score,>,-14,p.Score,<,102,p.CommentCount,>,15,p.CommentCount,<,23,u.DownVotes,>,45,u.DownVotes,<,1205,v.CreationDate,>,1248561554,v.CreationDate,<,1354033923,v.VoteTypeId,>,2,v.VoteTypeId,<,13,b.Date,>,1340247657,b.Date,<,1394146691#575
votes v,posts p,badges b,users u#p.Id=v.PostId,u.Id=p.OwnerUserId,u.Id=b.UserId#p.Score,>,-15,p.Score,<,121,p.CommentCount,>,15,p.CommentCount,<,25,u.DownVotes,>,12,u.DownVotes,<,228,v.CreationDate,>,1327723270,v.CreationDate,<,1384181937,v.VoteTypeId,>,3,v.VoteTypeId,<,13,b.Date,>,1294987984,b.Date,<,1376175726#261
votes v,posts p,badges b,users u#p.Id=v.PostId,u.Id=p.OwnerUserId,u.Id=b.UserId#p.Score,>,54,p.Score,<,183,p.CommentCount,>,2,p.CommentCount,<,39,u.DownVotes,>,295,u.DownVotes,<,1755,v.CreationDate,>,1245270190,v.CreationDate,<,1405829210,v.VoteTypeId,>,2,v.VoteTypeId,<,15,b.Date,>,1301661056,b.Date,<,1323284084#189
votes v,posts p,badges b,users u#p.Id=v.PostId,u.Id=p.OwnerUserId,u.Id=b.UserId#p.Score,>,-13,p.Score,<,46,p.CommentCount,>,14,p.CommentCount,<,38,u.DownVotes,>,423,u.DownVotes,<,1587,v.CreationDate,>,1249803388,v.CreationDate,<,1328205682,v.VoteTypeId,>,7,v.VoteTypeId,<,14,b.Date,>,1312389379,b.Date,<,1362770819#190
votes v,posts p,badges b,users u#p.Id=v.PostId,u.Id=p.OwnerUserId,u.Id=b.UserId#p.Score,>,33,p.Score,<,191,p.CommentCount,>,8,p.CommentCount,<,28,u.DownVotes,>,412,u.DownVotes,<,1853,v.CreationDate,>,1274067459,v.CreationDate,<,1409738152,v.VoteTypeId,>,2,v.VoteTypeId,<,4,b.Date,>,1301945892,b.Date,<,1304329600#6
votes v,posts p,badges b,users u#p.Id=v.PostId,u.Id=p.OwnerUserId,u.Id=b.UserId#p.Score,>,-17,p.Score,<,163,p.CommentCount,>,12,p.CommentCount,<,21,u.DownVotes,>,486,u.DownVotes,<,1556,v.CreationDate,>,1264135196,v.CreationDate,<,1405390082,v.VoteTypeId,>,1,v.VoteTypeId,<,15,b.Date,>,1311296228,b.Date,<,1374010565#47380
votes v,posts p,badges b,users u#p.Id=v.PostId,u.Id=p.OwnerUserId,u.Id=b.UserId#p.Score,>,19,p.Score,<,119,p.CommentCount,>,2,p.CommentCount,<,29,u.DownVotes,>,129,u.DownVotes,<,635,v.CreationDate,>,1320921809,v.CreationDate,<,1369496161,v.VoteTypeId,>,9,v.VoteTypeId,<,13,b.Date,>,1293571429,b.Date,<,1378977277#148
votes v,posts p,badges b,users u#p.Id=v.PostId,u.Id=p.OwnerUserId,u.Id=b.UserId#p.Score,>,38,p.Score,<,47,p.CommentCount,>,4,p.CommentCount,<,39,u.DownVotes,>,106,u.DownVotes,<,675,v.CreationDate,>,1272900139,v.CreationDate,<,1310316274,v.VoteTypeId,>,5,v.VoteTypeId,<,10,b.Date,>,1293407464,b.Date,<,1397425076#133
votes v,posts p,badges b,users u#p.Id=v.PostId,u.Id=p.OwnerUserId,u.Id=b.UserId#p.Score,>,-17,p.Score,<,109,p.CommentCount,>,6,p.CommentCount,<,13,u.DownVotes,>,100,u.DownVotes,<,1396,v.CreationDate,>,1378151393,v.CreationDate,<,1395555107,v.VoteTypeId,>,6,v.VoteTypeId,<,11,b.Date,>,1353269923,b.Date,<,1355377973#16
votes v,posts p,badges b,users u#p.Id=v.PostId,u.Id=p.OwnerUserId,u.Id=b.UserId#p.Score,>,102,p.Score,<,180,p.CommentCount,>,7,p.CommentCount,<,34,u.DownVotes,>,310,u.DownVotes,<,1119,v.CreationDate,>,1261242886,v.CreationDate,<,1392810972,v.VoteTypeId,>,1,v.VoteTypeId,<,5,b.Date,>,1388264342,b.Date,<,1391516053#2478
votes v,posts p,badges b,users u#p.Id=v.PostId,u.Id=p.OwnerUserId,u.Id=b.UserId#p.Score,>,-18,p.Score,<,153,p.CommentCount,>,5,p.CommentCount,<,39,u.DownVotes,>,563,u.DownVotes,<,1724,v.CreationDate,>,1264729478,v.CreationDate,<,1389817813,v.VoteTypeId,>,7,v.VoteTypeId,<,10,b.Date,>,1282380864,b.Date,<,1407123217#2160
votes v,posts p,badges b,users u#p.Id=v.PostId,u.Id=p.OwnerUserId,u.Id=b.UserId#p.Score,>,22,p.Score,<,87,p.CommentCount,>,5,p.CommentCount,<,38,u.DownVotes,>,316,u.DownVotes,<,942,v.CreationDate,>,1271086780,v.CreationDate,<,1340126991,v.VoteTypeId,>,2,v.VoteTypeId,<,15,b.Date,>,1302926961,b.Date,<,1370748032#702
votes v,posts p,badges b,users u#p.Id=v.PostId,u.Id=p.OwnerUserId,u.Id=b.UserId#p.Score,>,-9,p.Score,<,117,p.CommentCount,>,1,p.CommentCount,<,15,u.DownVotes,>,218,u.DownVotes,<,1448,v.CreationDate,>,1248706865,v.CreationDate,<,1347918214,v.VoteTypeId,>,1,v.VoteTypeId,<,14,b.Date,>,1345066658,b.Date,<,1408737846#695673
votes v,posts p,badges b,users u#p.Id=v.PostId,u.Id=p.OwnerUserId,u.Id=b.UserId#p.Score,>,0,p.Score,<,174,p.CommentCount,>,6,p.CommentCount,<,31,u.DownVotes,>,548,u.DownVotes,<,1704,v.CreationDate,>,1301718546,v.CreationDate,<,1352347573,v.VoteTypeId,>,6,v.VoteTypeId,<,12,b.Date,>,1301684765,b.Date,<,1332114180#234
votes v,posts p,badges b,users u#p.Id=v.PostId,u.Id=p.OwnerUserId,u.Id=b.UserId#p.Score,>,40,p.Score,<,86,p.CommentCount,>,4,p.CommentCount,<,27,u.DownVotes,>,203,u.DownVotes,<,1311,v.CreationDate,>,1348692802,v.CreationDate,<,1375960657,v.VoteTypeId,>,1,v.VoteTypeId,<,14,b.Date,>,1301676206,b.Date,<,1360722426#40889
votes v,posts p,badges b,users u#p.Id=v.PostId,u.Id=p.OwnerUserId,u.Id=b.UserId#p.Score,>,3,p.Score,<,75,p.CommentCount,>,8,p.CommentCount,<,29,u.DownVotes,>,223,u.DownVotes,<,1649,v.CreationDate,>,1252967395,v.CreationDate,<,1375150302,v.VoteTypeId,>,2,v.VoteTypeId,<,13,b.Date,>,1316912154,b.Date,<,1402042000#2872
votes v,posts p,badges b,users u#p.Id=v.PostId,u.Id=p.OwnerUserId,u.Id=b.UserId#p.Score,>,-16,p.Score,<,188,p.CommentCount,>,6,p.CommentCount,<,29,u.DownVotes,>,427,u.DownVotes,<,1359,v.CreationDate,>,1234853883,v.CreationDate,<,1316480719,v.VoteTypeId,>,3,v.VoteTypeId,<,7,b.Date,>,1348625784,b.Date,<,1394262625#835
votes v,posts p,badges b,users u#p.Id=v.PostId,u.Id=p.OwnerUserId,u.Id=b.UserId#p.Score,>,22,p.Score,<,79,p.CommentCount,>,3,p.CommentCount,<,24,u.DownVotes,>,251,u.DownVotes,<,1216,v.CreationDate,>,1300517692,v.CreationDate,<,1327461460,v.VoteTypeId,>,4,v.VoteTypeId,<,6,b.Date,>,1327581820,b.Date,<,1378782872#26
votes v,posts p,badges b,users u#p.Id=v.PostId,u.Id=p.OwnerUserId,u.Id=b.UserId#p.Score,>,74,p.Score,<,144,p.CommentCount,>,0,p.CommentCount,<,44,u.DownVotes,>,27,u.DownVotes,<,613,v.CreationDate,>,1371009058,v.CreationDate,<,1401988483,v.VoteTypeId,>,1,v.VoteTypeId,<,7,b.Date,>,1324956391,b.Date,<,1369948963#18578
votes v,posts p,badges b,users u#p.Id=v.PostId,u.Id=p.OwnerUserId,u.Id=b.UserId#p.Score,>,0,p.Score,<,100,p.CommentCount,>,8,p.CommentCount,<,29,u.DownVotes,>,418,u.DownVotes,<,1581,v.CreationDate,>,1250995103,v.CreationDate,<,1347666461,v.VoteTypeId,>,4,v.VoteTypeId,<,13,b.Date,>,1281876996,b.Date,<,1391993537#762
votes v,posts p,badges b,users u#p.Id=v.PostId,u.Id=p.OwnerUserId,u.Id=b.UserId#p.Score,>,22,p.Score,<,113,p.CommentCount,>,7,p.CommentCount,<,44,u.DownVotes,>,234,u.DownVotes,<,1414,v.CreationDate,>,1298346337,v.CreationDate,<,1408673743,v.VoteTypeId,>,6,v.VoteTypeId,<,12,b.Date,>,1388346344,b.Date,<,1409247129#93
votes v,posts p,badges b,users u#p.Id=v.PostId,u.Id=p.OwnerUserId,u.Id=b.UserId#p.Score,>,-10,p.Score,<,57,p.CommentCount,>,2,p.CommentCount,<,12,u.DownVotes,>,142,u.DownVotes,<,1194,v.CreationDate,>,1286749248,v.CreationDate,<,1307392942,v.VoteTypeId,>,2,v.VoteTypeId,<,6,b.Date,>,1356220261,b.Date,<,1372337812#367
votes v,posts p,badges b,users u#p.Id=v.PostId,u.Id=p.OwnerUserId,u.Id=b.UserId#p.Score,>,13,p.Score,<,160,p.CommentCount,>,0,p.CommentCount,<,24,u.DownVotes,>,553,u.DownVotes,<,849,v.CreationDate,>,1243759476,v.CreationDate,<,1377529058,v.VoteTypeId,>,2,v.VoteTypeId,<,5,b.Date,>,1340044897,b.Date,<,1387693703#600
votes v,posts p,badges b,users u#p.Id=v.PostId,u.Id=p.OwnerUserId,u.Id=b.UserId#p.Score,>,12,p.Score,<,162,p.CommentCount,>,0,p.CommentCount,<,2,u.DownVotes,>,96,u.DownVotes,<,1227,v.CreationDate,>,1329923411,v.CreationDate,<,1344919050,v.VoteTypeId,>,3,v.VoteTypeId,<,15,b.Date,>,1294615669,b.Date,<,1320080392#15
votes v,posts p,badges b,users u#p.Id=v.PostId,u.Id=p.OwnerUserId,u.Id=b.UserId#p.Score,>,-4,p.Score,<,77,p.CommentCount,>,7,p.CommentCount,<,38,u.DownVotes,>,735,u.DownVotes,<,1170,v.CreationDate,>,1301368818,v.CreationDate,<,1387011732,v.VoteTypeId,>,2,v.VoteTypeId,<,11,b.Date,>,1291942048,b.Date,<,1294962019#60
votes v,posts p,badges b,users u#p.Id=v.PostId,u.Id=p.OwnerUserId,u.Id=b.UserId#p.Score,>,47,p.Score,<,173,p.CommentCount,>,2,p.CommentCount,<,43,u.DownVotes,>,343,u.DownVotes,<,1760,v.CreationDate,>,1275300065,v.CreationDate,<,1320219923,v.VoteTypeId,>,1,v.VoteTypeId,<,14,b.Date,>,1324497479,b.Date,<,1402945335#48822
votes v,posts p,badges b,users u#p.Id=v.PostId,u.Id=p.OwnerUserId,u.Id=b.UserId#p.Score,>,-4,p.Score,<,27,p.CommentCount,>,11,p.CommentCount,<,30,u.DownVotes,>,575,u.DownVotes,<,1354,v.CreationDate,>,1259939482,v.CreationDate,<,1319382209,v.VoteTypeId,>,3,v.VoteTypeId,<,14,b.Date,>,1287476677,b.Date,<,1403279787#413
votes v,posts p,badges b,users u#p.Id=v.PostId,u.Id=p.OwnerUserId,u.Id=b.UserId#p.Score,>,35,p.Score,<,160,p.CommentCount,>,10,p.CommentCount,<,31,u.DownVotes,>,52,u.DownVotes,<,144,v.CreationDate,>,1310441776,v.CreationDate,<,1337201371,v.VoteTypeId,>,1,v.VoteTypeId,<,13,b.Date,>,1316717299,b.Date,<,1375175300#3124
votes v,posts p,badges b,users u#p.Id=v.PostId,u.Id=p.OwnerUserId,u.Id=b.UserId#p.Score,>,9,p.Score,<,121,p.CommentCount,>,3,p.CommentCount,<,10,u.DownVotes,>,417,u.DownVotes,<,991,v.CreationDate,>,1262971663,v.CreationDate,<,1345255403,v.VoteTypeId,>,6,v.VoteTypeId,<,14,b.Date,>,1309369976,b.Date,<,1365083192#1020
votes v,posts p,badges b,users u#p.Id=v.PostId,u.Id=p.OwnerUserId,u.Id=b.UserId#p.Score,>,4,p.Score,<,51,p.CommentCount,>,4,p.CommentCount,<,29,u.DownVotes,>,463,u.DownVotes,<,1856,v.CreationDate,>,1259958449,v.CreationDate,<,1343063888,v.VoteTypeId,>,8,v.VoteTypeId,<,10,b.Date,>,1330519409,b.Date,<,1347529378#430
votes v,posts p,badges b,users u#p.Id=v.PostId,u.Id=p.OwnerUserId,u.Id=b.UserId#p.Score,>,42,p.Score,<,78,p.CommentCount,>,4,p.CommentCount,<,7,u.DownVotes,>,225,u.DownVotes,<,841,v.CreationDate,>,1259138118,v.CreationDate,<,1373030705,v.VoteTypeId,>,2,v.VoteTypeId,<,7,b.Date,>,1325778235,b.Date,<,1363831889#1683
votes v,posts p,badges b,users u#p.Id=v.PostId,u.Id=p.OwnerUserId,u.Id=b.UserId#p.Score,>,3,p.Score,<,28,p.CommentCount,>,5,p.CommentCount,<,8,u.DownVotes,>,374,u.DownVotes,<,493,v.CreationDate,>,1320102829,v.CreationDate,<,1381938851,v.VoteTypeId,>,5,v.VoteTypeId,<,13,b.Date,>,1335722996,b.Date,<,1369165740#204
votes v,posts p,badges b,users u#p.Id=v.PostId,u.Id=p.OwnerUserId,u.Id=b.UserId#p.Score,>,24,p.Score,<,169,p.CommentCount,>,0,p.CommentCount,<,3,u.DownVotes,>,402,u.DownVotes,<,633,v.CreationDate,>,1259617981,v.CreationDate,<,1399572046,v.VoteTypeId,>,2,v.VoteTypeId,<,7,b.Date,>,1307727591,b.Date,<,1398169630#163
votes v,posts p,badges b,users u#p.Id=v.PostId,u.Id=p.OwnerUserId,u.Id=b.UserId#p.Score,>,18,p.Score,<,162,p.CommentCount,>,1,p.CommentCount,<,14,u.DownVotes,>,342,u.DownVotes,<,966,v.CreationDate,>,1266225544,v.CreationDate,<,1355868833,v.VoteTypeId,>,2,v.VoteTypeId,<,11,b.Date,>,1346873249,b.Date,<,1378636563#1191
votes v,posts p,badges b,users u#p.Id=v.PostId,u.Id=p.OwnerUserId,u.Id=b.UserId#p.Score,>,-8,p.Score,<,64,p.CommentCount,>,11,p.CommentCount,<,38,u.DownVotes,>,139,u.DownVotes,<,1885,v.CreationDate,>,1319724010,v.CreationDate,<,1377317444,v.VoteTypeId,>,10,v.VoteTypeId,<,13,b.Date,>,1306590759,b.Date,<,1380113472#151
votes v,posts p,badges b,users u#p.Id=v.PostId,u.Id=p.OwnerUserId,u.Id=b.UserId#p.Score,>,-16,p.Score,<,188,p.CommentCount,>,7,p.CommentCount,<,17,u.DownVotes,>,586,u.DownVotes,<,1567,v.CreationDate,>,1261321754,v.CreationDate,<,1333549549,v.VoteTypeId,>,2,v.VoteTypeId,<,7,b.Date,>,1295975221,b.Date,<,1385989821#318
votes v,posts p,badges b,users u#p.Id=v.PostId,u.Id=p.OwnerUserId,u.Id=b.UserId#p.Score,>,81,p.Score,<,179,p.CommentCount,>,4,p.CommentCount,<,35,u.DownVotes,>,458,u.DownVotes,<,1110,v.CreationDate,>,1304891990,v.CreationDate,<,1356965806,v.VoteTypeId,>,1,v.VoteTypeId,<,9,b.Date,>,1354284120,b.Date,<,1361440424#2247
votes v,posts p,badges b,users u#p.Id=v.PostId,u.Id=p.OwnerUserId,u.Id=b.UserId#p.Score,>,10,p.Score,<,54,p.CommentCount,>,6,p.CommentCount,<,21,u.DownVotes,>,55,u.DownVotes,<,1434,v.CreationDate,>,1253443614,v.CreationDate,<,1289472806,v.VoteTypeId,>,2,v.VoteTypeId,<,15,b.Date,>,1324556153,b.Date,<,1382774998#1134
votes v,posts p,badges b,users u#p.Id=v.PostId,u.Id=p.OwnerUserId,u.Id=b.UserId#p.Score,>,31,p.Score,<,121,p.CommentCount,>,3,p.CommentCount,<,27,u.DownVotes,>,41,u.DownVotes,<,206,v.CreationDate,>,1276997366,v.CreationDate,<,1302560912,v.VoteTypeId,>,1,v.VoteTypeId,<,6,b.Date,>,1301028903,b.Date,<,1407907401#15952
votes v,posts p,badges b,users u#p.Id=v.PostId,u.Id=p.OwnerUserId,u.Id=b.UserId#p.Score,>,-3,p.Score,<,73,p.CommentCount,>,18,p.CommentCount,<,26,u.DownVotes,>,5,u.DownVotes,<,1015,v.CreationDate,>,1281814228,v.CreationDate,<,1382451117,v.VoteTypeId,>,1,v.VoteTypeId,<,13,b.Date,>,1310364514,b.Date,<,1348373148#10460
votes v,posts p,badges b,users u#p.Id=v.PostId,u.Id=p.OwnerUserId,u.Id=b.UserId#p.Score,>,67,p.Score,<,178,p.CommentCount,>,3,p.CommentCount,<,36,u.DownVotes,>,425,u.DownVotes,<,1255,v.CreationDate,>,1276967229,v.CreationDate,<,1370807133,v.VoteTypeId,>,2,v.VoteTypeId,<,7,b.Date,>,1299785919,b.Date,<,1330318464#76
votes v,posts p,badges b,users u#p.Id=v.PostId,u.Id=p.OwnerUserId,u.Id=b.UserId#p.Score,>,19,p.Score,<,181,p.CommentCount,>,11,p.CommentCount,<,22,u.DownVotes,>,436,u.DownVotes,<,1743,v.CreationDate,>,1235174030,v.CreationDate,<,1394202468,v.VoteTypeId,>,7,v.VoteTypeId,<,14,b.Date,>,1369338486,b.Date,<,1382597526#64
votes v,posts p,badges b,users u#p.Id=v.PostId,u.Id=p.OwnerUserId,u.Id=b.UserId#p.Score,>,44,p.Score,<,66,p.CommentCount,>,2,p.CommentCount,<,20,u.DownVotes,>,45,u.DownVotes,<,769,v.CreationDate,>,1346319695,v.CreationDate,<,1391202602,v.VoteTypeId,>,3,v.VoteTypeId,<,12,b.Date,>,1369875997,b.Date,<,1375669620#117
votes v,posts p,badges b,users u#p.Id=v.PostId,u.Id=p.OwnerUserId,u.Id=b.UserId#p.Score,>,0,p.Score,<,24,p.CommentCount,>,1,p.CommentCount,<,32,u.DownVotes,>,455,u.DownVotes,<,1477,v.CreationDate,>,1238250118,v.CreationDate,<,1401198584,v.VoteTypeId,>,1,v.VoteTypeId,<,14,b.Date,>,1287175371,b.Date,<,1380480880#1160886
votes v,posts p,badges b,users u#p.Id=v.PostId,u.Id=p.OwnerUserId,u.Id=b.UserId#p.Score,>,-2,p.Score,<,66,p.CommentCount,>,4,p.CommentCount,<,26,u.DownVotes,>,392,u.DownVotes,<,1559,v.CreationDate,>,1313363213,v.CreationDate,<,1349564478,v.VoteTypeId,>,8,v.VoteTypeId,<,11,b.Date,>,1316935969,b.Date,<,1378463308#605
votes v,posts p,badges b,users u#p.Id=v.PostId,u.Id=p.OwnerUserId,u.Id=b.UserId#p.Score,>,-15,p.Score,<,30,p.CommentCount,>,2,p.CommentCount,<,15,u.DownVotes,>,201,u.DownVotes,<,306,v.CreationDate,>,1352731370,v.CreationDate,<,1397999144,v.VoteTypeId,>,7,v.VoteTypeId,<,15,b.Date,>,1285365263,b.Date,<,1389808830#226
votes v,posts p,badges b,users u#p.Id=v.PostId,u.Id=p.OwnerUserId,u.Id=b.UserId#p.Score,>,-18,p.Score,<,155,p.CommentCount,>,2,p.CommentCount,<,8,u.DownVotes,>,74,u.DownVotes,<,685,v.CreationDate,>,1287471083,v.CreationDate,<,1398152634,v.VoteTypeId,>,9,v.VoteTypeId,<,15,b.Date,>,1312228573,b.Date,<,1360834462#847
votes v,posts p,badges b,users u#p.Id=v.PostId,u.Id=p.OwnerUserId,u.Id=b.UserId#p.Score,>,-14,p.Score,<,110,p.CommentCount,>,8,p.CommentCount,<,35,u.DownVotes,>,702,u.DownVotes,<,928,v.CreationDate,>,1316742194,v.CreationDate,<,1363329642,v.VoteTypeId,>,3,v.VoteTypeId,<,13,b.Date,>,1384932687,b.Date,<,1405988871#86
votes v,posts p,badges b,users u#p.Id=v.PostId,u.Id=p.OwnerUserId,u.Id=b.UserId#p.Score,>,-3,p.Score,<,164,p.CommentCount,>,2,p.CommentCount,<,9,u.DownVotes,>,274,u.DownVotes,<,858,v.CreationDate,>,1285861782,v.CreationDate,<,1372553055,v.VoteTypeId,>,9,v.VoteTypeId,<,13,b.Date,>,1310421682,b.Date,<,1399719419#664
votes v,posts p,badges b,users u#p.Id=v.PostId,u.Id=p.OwnerUserId,u.Id=b.UserId#p.Score,>,122,p.Score,<,174,p.CommentCount,>,6,p.CommentCount,<,29,u.DownVotes,>,102,u.DownVotes,<,569,v.CreationDate,>,1319191060,v.CreationDate,<,1386797281,v.VoteTypeId,>,8,v.VoteTypeId,<,15,b.Date,>,1312832910,b.Date,<,1397027865#200
votes v,posts p,badges b,users u#p.Id=v.PostId,u.Id=p.OwnerUserId,u.Id=b.UserId#p.Score,>,-17,p.Score,<,93,p.CommentCount,>,15,p.CommentCount,<,32,u.DownVotes,>,148,u.DownVotes,<,455,v.CreationDate,>,1316509286,v.CreationDate,<,1364286822,v.VoteTypeId,>,1,v.VoteTypeId,<,13,b.Date,>,1367346526,b.Date,<,1408202608#2128
votes v,posts p,badges b,users u#p.Id=v.PostId,u.Id=p.OwnerUserId,u.Id=b.UserId#p.Score,>,-11,p.Score,<,14,p.CommentCount,>,6,p.CommentCount,<,30,u.DownVotes,>,283,u.DownVotes,<,1014,v.CreationDate,>,1285435930,v.CreationDate,<,1324252503,v.VoteTypeId,>,6,v.VoteTypeId,<,11,b.Date,>,1350987448,b.Date,<,1369731853#50
votes v,posts p,badges b,users u#p.Id=v.PostId,u.Id=p.OwnerUserId,u.Id=b.UserId#p.Score,>,-9,p.Score,<,106,p.CommentCount,>,31,p.CommentCount,<,44,u.DownVotes,>,10,u.DownVotes,<,1111,v.CreationDate,>,1280788858,v.CreationDate,<,1399029928,v.VoteTypeId,>,1,v.VoteTypeId,<,8,b.Date,>,1368691940,b.Date,<,1405306536#448
votes v,posts p,badges b,users u#p.Id=v.PostId,u.Id=p.OwnerUserId,u.Id=b.UserId#p.Score,>,141,p.Score,<,181,p.CommentCount,>,4,p.CommentCount,<,13,u.DownVotes,>,42,u.DownVotes,<,989,v.CreationDate,>,1266284900,v.CreationDate,<,1359983562,v.VoteTypeId,>,1,v.VoteTypeId,<,8,b.Date,>,1350951481,b.Date,<,1352657638#120
votes v,posts p,badges b,users u#p.Id=v.PostId,u.Id=p.OwnerUserId,u.Id=b.UserId#p.Score,>,68,p.Score,<,96,p.CommentCount,>,6,p.CommentCount,<,19,u.DownVotes,>,604,u.DownVotes,<,1306,v.CreationDate,>,1240154651,v.CreationDate,<,1327464453,v.VoteTypeId,>,1,v.VoteTypeId,<,13,b.Date,>,1308011859,b.Date,<,1309585005#276
votes v,posts p,badges b,users u#p.Id=v.PostId,u.Id=p.OwnerUserId,u.Id=b.UserId#p.Score,>,-6,p.Score,<,60,p.CommentCount,>,5,p.CommentCount,<,20,u.DownVotes,>,114,u.DownVotes,<,1004,v.CreationDate,>,1307881339,v.CreationDate,<,1338830180,v.VoteTypeId,>,3,v.VoteTypeId,<,7,b.Date,>,1301160040,b.Date,<,1401973191#1701
votes v,posts p,badges b,users u#p.Id=v.PostId,u.Id=p.OwnerUserId,u.Id=b.UserId#p.Score,>,-8,p.Score,<,126,p.CommentCount,>,6,p.CommentCount,<,38,u.DownVotes,>,617,u.DownVotes,<,1724,v.CreationDate,>,1367095140,v.CreationDate,<,1399944473,v.VoteTypeId,>,8,v.VoteTypeId,<,11,b.Date,>,1349643897,b.Date,<,1386845830#130
votes v,posts p,badges b,users u#p.Id=v.PostId,u.Id=p.OwnerUserId,u.Id=b.UserId#p.Score,>,112,p.Score,<,161,p.CommentCount,>,8,p.CommentCount,<,23,u.DownVotes,>,80,u.DownVotes,<,1365,v.CreationDate,>,1272847728,v.CreationDate,<,1389725275,v.VoteTypeId,>,6,v.VoteTypeId,<,10,b.Date,>,1376744545,b.Date,<,1397459078#55
votes v,posts p,badges b,users u#p.Id=v.PostId,u.Id=p.OwnerUserId,u.Id=b.UserId#p.Score,>,-4,p.Score,<,66,p.CommentCount,>,7,p.CommentCount,<,41,u.DownVotes,>,594,u.DownVotes,<,1324,v.CreationDate,>,1237497150,v.CreationDate,<,1398946720,v.VoteTypeId,>,5,v.VoteTypeId,<,11,b.Date,>,1318101716,b.Date,<,1356682398#604
votes v,posts p,badges b,users u#p.Id=v.PostId,u.Id=p.OwnerUserId,u.Id=b.UserId#p.Score,>,24,p.Score,<,186,p.CommentCount,>,19,p.CommentCount,<,35,u.DownVotes,>,90,u.DownVotes,<,1380,v.CreationDate,>,1379238348,v.CreationDate,<,1400089952,v.VoteTypeId,>,1,v.VoteTypeId,<,5,b.Date,>,1313487509,b.Date,<,1384165231#2008
votes v,posts p,badges b,users u#p.Id=v.PostId,u.Id=p.OwnerUserId,u.Id=b.UserId#p.Score,>,-9,p.Score,<,72,p.CommentCount,>,3,p.CommentCount,<,35,u.DownVotes,>,633,u.DownVotes,<,1853,v.CreationDate,>,1340196221,v.CreationDate,<,1347814678,v.VoteTypeId,>,1,v.VoteTypeId,<,5,b.Date,>,1393088583,b.Date,<,1394648277#1596
votes v,posts p,badges b,users u#p.Id=v.PostId,u.Id=p.OwnerUserId,u.Id=b.UserId#p.Score,>,60,p.Score,<,189,p.CommentCount,>,5,p.CommentCount,<,37,u.DownVotes,>,574,u.DownVotes,<,1605,v.CreationDate,>,1281153660,v.CreationDate,<,1348529160,v.VoteTypeId,>,1,v.VoteTypeId,<,5,b.Date,>,1294820625,b.Date,<,1367242332#49288
votes v,posts p,badges b,users u#p.Id=v.PostId,u.Id=p.OwnerUserId,u.Id=b.UserId#p.Score,>,96,p.Score,<,137,p.CommentCount,>,3,p.CommentCount,<,29,u.DownVotes,>,269,u.DownVotes,<,1262,v.CreationDate,>,1274005435,v.CreationDate,<,1338448307,v.VoteTypeId,>,1,v.VoteTypeId,<,6,b.Date,>,1286861450,b.Date,<,1335171868#6426
votes v,posts p,badges b,users u#p.Id=v.PostId,u.Id=p.OwnerUserId,u.Id=b.UserId#p.Score,>,28,p.Score,<,78,p.CommentCount,>,0,p.CommentCount,<,17,u.DownVotes,>,674,u.DownVotes,<,1312,v.CreationDate,>,1325263856,v.CreationDate,<,1402218258,v.VoteTypeId,>,2,v.VoteTypeId,<,12,b.Date,>,1313264666,b.Date,<,1314317242#90
votes v,posts p,badges b,users u#p.Id=v.PostId,u.Id=p.OwnerUserId,u.Id=b.UserId#p.Score,>,23,p.Score,<,87,p.CommentCount,>,5,p.CommentCount,<,43,u.DownVotes,>,88,u.DownVotes,<,880,v.CreationDate,>,1381040662,v.CreationDate,<,1405673834,v.VoteTypeId,>,2,v.VoteTypeId,<,15,b.Date,>,1288828590,b.Date,<,1349432672#1610
votes v,posts p,badges b,users u#p.Id=v.PostId,u.Id=p.OwnerUserId,u.Id=b.UserId#p.Score,>,-8,p.Score,<,38,p.CommentCount,>,4,p.CommentCount,<,12,u.DownVotes,>,206,u.DownVotes,<,1491,v.CreationDate,>,1255503153,v.CreationDate,<,1386611526,v.VoteTypeId,>,10,v.VoteTypeId,<,13,b.Date,>,1362257768,b.Date,<,1381504726#173
votes v,posts p,badges b,users u#p.Id=v.PostId,u.Id=p.OwnerUserId,u.Id=b.UserId#p.Score,>,-16,p.Score,<,128,p.CommentCount,>,3,p.CommentCount,<,38,u.DownVotes,>,286,u.DownVotes,<,369,v.CreationDate,>,1387465108,v.CreationDate,<,1398286178,v.VoteTypeId,>,4,v.VoteTypeId,<,9,b.Date,>,1320296636,b.Date,<,1338913391#12
votes v,posts p,badges b,users u#p.Id=v.PostId,u.Id=p.OwnerUserId,u.Id=b.UserId#p.Score,>,101,p.Score,<,168,p.CommentCount,>,4,p.CommentCount,<,37,u.DownVotes,>,127,u.DownVotes,<,1029,v.CreationDate,>,1276566078,v.CreationDate,<,1322204085,v.VoteTypeId,>,1,v.VoteTypeId,<,5,b.Date,>,1336291137,b.Date,<,1371451718#3300
votes v,posts p,badges b,users u#p.Id=v.PostId,u.Id=p.OwnerUserId,u.Id=b.UserId#p.Score,>,51,p.Score,<,180,p.CommentCount,>,0,p.CommentCount,<,35,u.DownVotes,>,70,u.DownVotes,<,296,v.CreationDate,>,1339084444,v.CreationDate,<,1391734093,v.VoteTypeId,>,4,v.VoteTypeId,<,7,b.Date,>,1286603771,b.Date,<,1399631680#1848
votes v,posts p,badges b,users u#p.Id=v.PostId,u.Id=p.OwnerUserId,u.Id=b.UserId#p.Score,>,9,p.Score,<,48,p.CommentCount,>,0,p.CommentCount,<,38,u.DownVotes,>,281,u.DownVotes,<,992,v.CreationDate,>,1376362455,v.CreationDate,<,1402632571,v.VoteTypeId,>,8,v.VoteTypeId,<,13,b.Date,>,1312164145,b.Date,<,1359858357#531
votes v,posts p,badges b,users u#p.Id=v.PostId,u.Id=p.OwnerUserId,u.Id=b.UserId#p.Score,>,-17,p.Score,<,137,p.CommentCount,>,13,p.CommentCount,<,20,u.DownVotes,>,254,u.DownVotes,<,498,v.CreationDate,>,1312156057,v.CreationDate,<,1315357054,v.VoteTypeId,>,1,v.VoteTypeId,<,10,b.Date,>,1292001557,b.Date,<,1342319960#291
votes v,posts p,badges b,users u#p.Id=v.PostId,u.Id=p.OwnerUserId,u.Id=b.UserId#p.Score,>,11,p.Score,<,185,p.CommentCount,>,2,p.CommentCount,<,40,u.DownVotes,>,606,u.DownVotes,<,1170,v.CreationDate,>,1360015271,v.CreationDate,<,1388526084,v.VoteTypeId,>,4,v.VoteTypeId,<,13,b.Date,>,1295010136,b.Date,<,1346350591#1690
votes v,posts p,badges b,users u#p.Id=v.PostId,u.Id=p.OwnerUserId,u.Id=b.UserId#p.Score,>,25,p.Score,<,184,p.CommentCount,>,3,p.CommentCount,<,43,u.DownVotes,>,298,u.DownVotes,<,1387,v.CreationDate,>,1304062983,v.CreationDate,<,1329563450,v.VoteTypeId,>,2,v.VoteTypeId,<,7,b.Date,>,1305986921,b.Date,<,1355206671#558
votes v,posts p,badges b,users u#p.Id=v.PostId,u.Id=p.OwnerUserId,u.Id=b.UserId#p.Score,>,35,p.Score,<,62,p.CommentCount,>,8,p.CommentCount,<,16,u.DownVotes,>,620,u.DownVotes,<,1429,v.CreationDate,>,1296881227,v.CreationDate,<,1341214633,v.VoteTypeId,>,1,v.VoteTypeId,<,3,b.Date,>,1296216808,b.Date,<,1306284276#1029
votes v,posts p,badges b,users u#p.Id=v.PostId,u.Id=p.OwnerUserId,u.Id=b.UserId#p.Score,>,14,p.Score,<,160,p.CommentCount,>,5,p.CommentCount,<,42,u.DownVotes,>,667,u.DownVotes,<,986,v.CreationDate,>,1265044269,v.CreationDate,<,1339474135,v.VoteTypeId,>,2,v.VoteTypeId,<,8,b.Date,>,1314943189,b.Date,<,1399261056#1296
votes v,posts p,badges b,users u#p.Id=v.PostId,u.Id=p.OwnerUserId,u.Id=b.UserId#p.Score,>,59,p.Score,<,178,p.CommentCount,>,8,p.CommentCount,<,30,u.DownVotes,>,455,u.DownVotes,<,953,v.CreationDate,>,1252221908,v.CreationDate,<,1334087540,v.VoteTypeId,>,2,v.VoteTypeId,<,14,b.Date,>,1342696814,b.Date,<,1406308189#246
votes v,posts p,badges b,users u#p.Id=v.PostId,u.Id=p.OwnerUserId,u.Id=b.UserId#p.Score,>,115,p.Score,<,187,p.CommentCount,>,1,p.CommentCount,<,22,u.DownVotes,>,85,u.DownVotes,<,1349,v.CreationDate,>,1337827142,v.CreationDate,<,1344602535,v.VoteTypeId,>,1,v.VoteTypeId,<,6,b.Date,>,1305131929,b.Date,<,1326317154#394
votes v,posts p,badges b,users u#p.Id=v.PostId,u.Id=p.OwnerUserId,u.Id=b.UserId#p.Score,>,30,p.Score,<,129,p.CommentCount,>,2,p.CommentCount,<,33,u.DownVotes,>,540,u.DownVotes,<,782,v.CreationDate,>,1366085786,v.CreationDate,<,1404057546,v.VoteTypeId,>,3,v.VoteTypeId,<,10,b.Date,>,1281927247,b.Date,<,1349649407#1582
votes v,posts p,badges b,users u#p.Id=v.PostId,u.Id=p.OwnerUserId,u.Id=b.UserId#p.Score,>,43,p.Score,<,57,p.CommentCount,>,3,p.CommentCount,<,39,u.DownVotes,>,35,u.DownVotes,<,1617,v.CreationDate,>,1317208396,v.CreationDate,<,1346975324,v.VoteTypeId,>,1,v.VoteTypeId,<,13,b.Date,>,1290361727,b.Date,<,1351308930#9367
votes v,posts p,badges b,users u#p.Id=v.PostId,u.Id=p.OwnerUserId,u.Id=b.UserId#p.Score,>,36,p.Score,<,146,p.CommentCount,>,0,p.CommentCount,<,33,u.DownVotes,>,604,u.DownVotes,<,1608,v.CreationDate,>,1277815106,v.CreationDate,<,1295160652,v.VoteTypeId,>,1,v.VoteTypeId,<,5,b.Date,>,1389355016,b.Date,<,1404089220#5325
votes v,posts p,badges b,users u#p.Id=v.PostId,u.Id=p.OwnerUserId,u.Id=b.UserId#p.Score,>,33,p.Score,<,96,p.CommentCount,>,8,p.CommentCount,<,13,u.DownVotes,>,10,u.DownVotes,<,1483,v.CreationDate,>,1333652454,v.CreationDate,<,1385061340,v.VoteTypeId,>,2,v.VoteTypeId,<,15,b.Date,>,1312545934,b.Date,<,1377609979#730
votes v,posts p,badges b,users u#p.Id=v.PostId,u.Id=p.OwnerUserId,u.Id=b.UserId#p.Score,>,-1,p.Score,<,110,p.CommentCount,>,0,p.CommentCount,<,43,u.DownVotes,>,755,u.DownVotes,<,1886,v.CreationDate,>,1332053827,v.CreationDate,<,1348588122,v.VoteTypeId,>,6,v.VoteTypeId,<,10,b.Date,>,1404826669,b.Date,<,1410613154#42
votes v,posts p,badges b,users u#p.Id=v.PostId,u.Id=p.OwnerUserId,u.Id=b.UserId#p.Score,>,-2,p.Score,<,113,p.CommentCount,>,4,p.CommentCount,<,21,u.DownVotes,>,475,u.DownVotes,<,1156,v.CreationDate,>,1235319551,v.CreationDate,<,1282168641,v.VoteTypeId,>,1,v.VoteTypeId,<,12,b.Date,>,1286526367,b.Date,<,1312267922#276
votes v,posts p,badges b,users u#p.Id=v.PostId,u.Id=p.OwnerUserId,u.Id=b.UserId#p.Score,>,-16,p.Score,<,55,p.CommentCount,>,14,p.CommentCount,<,36,u.DownVotes,>,565,u.DownVotes,<,1089,v.CreationDate,>,1246454980,v.CreationDate,<,1320343271,v.VoteTypeId,>,7,v.VoteTypeId,<,13,b.Date,>,1349744712,b.Date,<,1402773300#199
votes v,posts p,badges b,users u#p.Id=v.PostId,u.Id=p.OwnerUserId,u.Id=b.UserId#p.Score,>,4,p.Score,<,59,p.CommentCount,>,1,p.CommentCount,<,15,u.DownVotes,>,9,u.DownVotes,<,30,v.CreationDate,>,1363027072,v.CreationDate,<,1395960630,v.VoteTypeId,>,6,v.VoteTypeId,<,15,b.Date,>,1363484361,b.Date,<,1407198538#694
votes v,posts p,badges b,users u#p.Id=v.PostId,u.Id=p.OwnerUserId,u.Id=b.UserId#p.Score,>,16,p.Score,<,52,p.CommentCount,>,4,p.CommentCount,<,15,u.DownVotes,>,716,u.DownVotes,<,1323,v.CreationDate,>,1384562268,v.CreationDate,<,1391574851,v.VoteTypeId,>,1,v.VoteTypeId,<,15,b.Date,>,1331175061,b.Date,<,1358891090#5289
votes v,posts p,badges b,users u#p.Id=v.PostId,u.Id=p.OwnerUserId,u.Id=b.UserId#p.Score,>,-18,p.Score,<,139,p.CommentCount,>,8,p.CommentCount,<,11,u.DownVotes,>,290,u.DownVotes,<,1157,v.CreationDate,>,1267087020,v.CreationDate,<,1334763303,v.VoteTypeId,>,2,v.VoteTypeId,<,6,b.Date,>,1291632796,b.Date,<,1356999802#225
votes v,posts p,badges b,users u#p.Id=v.PostId,u.Id=p.OwnerUserId,u.Id=b.UserId#p.Score,>,98,p.Score,<,179,p.CommentCount,>,10,p.CommentCount,<,14,u.DownVotes,>,109,u.DownVotes,<,651,v.CreationDate,>,1286537217,v.CreationDate,<,1357744908,v.VoteTypeId,>,4,v.VoteTypeId,<,12,b.Date,>,1327615396,b.Date,<,1405332748#217
votes v,posts p,badges b,users u#p.Id=v.PostId,u.Id=p.OwnerUserId,u.Id=b.UserId#p.Score,>,2,p.Score,<,100,p.CommentCount,>,15,p.CommentCount,<,38,u.DownVotes,>,701,u.DownVotes,<,1342,v.CreationDate,>,1292904844,v.CreationDate,<,1342493699,v.VoteTypeId,>,7,v.VoteTypeId,<,12,b.Date,>,1280983398,b.Date,<,1334207681#136
votes v,posts p,badges b,users u#p.Id=v.PostId,u.Id=p.OwnerUserId,u.Id=b.UserId#p.Score,>,84,p.Score,<,177,p.CommentCount,>,0,p.CommentCount,<,31,u.DownVotes,>,757,u.DownVotes,<,1064,v.CreationDate,>,1338842024,v.CreationDate,<,1398137467,v.VoteTypeId,>,1,v.VoteTypeId,<,7,b.Date,>,1279586988,b.Date,<,1331767533#9170
votes v,posts p,badges b,users u#p.Id=v.PostId,u.Id=p.OwnerUserId,u.Id=b.UserId#p.Score,>,45,p.Score,<,80,p.CommentCount,>,8,p.CommentCount,<,30,u.DownVotes,>,10,u.DownVotes,<,1665,v.CreationDate,>,1297540280,v.CreationDate,<,1373027674,v.VoteTypeId,>,3,v.VoteTypeId,<,13,b.Date,>,1291745681,b.Date,<,1365677101#391
votes v,posts p,badges b,users u#p.Id=v.PostId,u.Id=p.OwnerUserId,u.Id=b.UserId#p.Score,>,9,p.Score,<,21,p.CommentCount,>,4,p.CommentCount,<,34,u.DownVotes,>,599,u.DownVotes,<,1453,v.CreationDate,>,1281418873,v.CreationDate,<,1308411677,v.VoteTypeId,>,1,v.VoteTypeId,<,9,b.Date,>,1325467002,b.Date,<,1380404154#36795
votes v,posts p,badges b,users u#p.Id=v.PostId,u.Id=p.OwnerUserId,u.Id=b.UserId#p.Score,>,9,p.Score,<,79,p.CommentCount,>,0,p.CommentCount,<,33,u.DownVotes,>,323,u.DownVotes,<,1469,v.CreationDate,>,1253331715,v.CreationDate,<,1319161716,v.VoteTypeId,>,7,v.VoteTypeId,<,13,b.Date,>,1350896873,b.Date,<,1353587712#44
votes v,posts p,badges b,users u#p.Id=v.PostId,u.Id=p.OwnerUserId,u.Id=b.UserId#p.Score,>,71,p.Score,<,140,p.CommentCount,>,0,p.CommentCount,<,16,u.DownVotes,>,101,u.DownVotes,<,616,v.CreationDate,>,1328885401,v.CreationDate,<,1400250625,v.VoteTypeId,>,1,v.VoteTypeId,<,5,b.Date,>,1393767194,b.Date,<,1410040683#16980
votes v,posts p,badges b,users u#p.Id=v.PostId,u.Id=p.OwnerUserId,u.Id=b.UserId#p.Score,>,0,p.Score,<,42,p.CommentCount,>,9,p.CommentCount,<,16,u.DownVotes,>,151,u.DownVotes,<,1850,v.CreationDate,>,1283667698,v.CreationDate,<,1364926298,v.VoteTypeId,>,1,v.VoteTypeId,<,15,b.Date,>,1308661567,b.Date,<,1311508393#3352
votes v,posts p,badges b,users u#p.Id=v.PostId,u.Id=p.OwnerUserId,u.Id=b.UserId#p.Score,>,71,p.Score,<,140,p.CommentCount,>,1,p.CommentCount,<,11,u.DownVotes,>,554,u.DownVotes,<,1788,v.CreationDate,>,1251082482,v.CreationDate,<,1328245047,v.VoteTypeId,>,1,v.VoteTypeId,<,5,b.Date,>,1397814749,b.Date,<,1401242020#294
votes v,posts p,badges b,users u#p.Id=v.PostId,u.Id=p.OwnerUserId,u.Id=b.UserId#p.Score,>,6,p.Score,<,58,p.CommentCount,>,3,p.CommentCount,<,18,u.DownVotes,>,699,u.DownVotes,<,967,v.CreationDate,>,1303423031,v.CreationDate,<,1368944689,v.VoteTypeId,>,2,v.VoteTypeId,<,14,b.Date,>,1354547684,b.Date,<,1399037116#3249
votes v,posts p,badges b,users u#p.Id=v.PostId,u.Id=p.OwnerUserId,u.Id=b.UserId#p.Score,>,-9,p.Score,<,10,p.CommentCount,>,3,p.CommentCount,<,17,u.DownVotes,>,329,u.DownVotes,<,1672,v.CreationDate,>,1266285901,v.CreationDate,<,1404825277,v.VoteTypeId,>,1,v.VoteTypeId,<,11,b.Date,>,1316115526,b.Date,<,1322917572#25639
votes v,posts p,badges b,users u#p.Id=v.PostId,u.Id=p.OwnerUserId,u.Id=b.UserId#p.Score,>,16,p.Score,<,143,p.CommentCount,>,4,p.CommentCount,<,32,u.DownVotes,>,403,u.DownVotes,<,1318,v.CreationDate,>,1282848859,v.CreationDate,<,1337198158,v.VoteTypeId,>,2,v.VoteTypeId,<,7,b.Date,>,1381676108,b.Date,<,1410636055#339
votes v,posts p,badges b,users u#p.Id=v.PostId,u.Id=p.OwnerUserId,u.Id=b.UserId#p.Score,>,-9,p.Score,<,34,p.CommentCount,>,1,p.CommentCount,<,25,u.DownVotes,>,504,u.DownVotes,<,793,v.CreationDate,>,1332233770,v.CreationDate,<,1341179966,v.VoteTypeId,>,2,v.VoteTypeId,<,9,b.Date,>,1314327988,b.Date,<,1381699661#256
votes v,posts p,badges b,users u#p.Id=v.PostId,u.Id=p.OwnerUserId,u.Id=b.UserId#p.Score,>,-15,p.Score,<,98,p.CommentCount,>,3,p.CommentCount,<,37,u.DownVotes,>,307,u.DownVotes,<,587,v.CreationDate,>,1254497852,v.CreationDate,<,1408558551,v.VoteTypeId,>,4,v.VoteTypeId,<,14,b.Date,>,1384307290,b.Date,<,1403912618#390
votes v,posts p,badges b,users u#p.Id=v.PostId,u.Id=p.OwnerUserId,u.Id=b.UserId#p.Score,>,8,p.Score,<,95,p.CommentCount,>,12,p.CommentCount,<,22,u.DownVotes,>,323,u.DownVotes,<,1161,v.CreationDate,>,1284200808,v.CreationDate,<,1407085787,v.VoteTypeId,>,2,v.VoteTypeId,<,14,b.Date,>,1292539765,b.Date,<,1367688178#506
votes v,posts p,badges b,users u#p.Id=v.PostId,u.Id=p.OwnerUserId,u.Id=b.UserId#p.Score,>,-15,p.Score,<,15,p.CommentCount,>,1,p.CommentCount,<,11,u.DownVotes,>,546,u.DownVotes,<,900,v.CreationDate,>,1241477160,v.CreationDate,<,1404696014,v.VoteTypeId,>,5,v.VoteTypeId,<,14,b.Date,>,1348691297,b.Date,<,1359615718#493
votes v,posts p,badges b,users u#p.Id=v.PostId,u.Id=p.OwnerUserId,u.Id=b.UserId#p.Score,>,31,p.Score,<,109,p.CommentCount,>,8,p.CommentCount,<,25,u.DownVotes,>,176,u.DownVotes,<,640,v.CreationDate,>,1306238523,v.CreationDate,<,1373179190,v.VoteTypeId,>,1,v.VoteTypeId,<,12,b.Date,>,1295283500,b.Date,<,1312779665#4588
votes v,posts p,badges b,users u#p.Id=v.PostId,u.Id=p.OwnerUserId,u.Id=b.UserId#p.Score,>,10,p.Score,<,46,p.CommentCount,>,14,p.CommentCount,<,33,u.DownVotes,>,0,u.DownVotes,<,1391,v.CreationDate,>,1255685508,v.CreationDate,<,1374622527,v.VoteTypeId,>,10,v.VoteTypeId,<,14,b.Date,>,1311857589,b.Date,<,1369357936#47
votes v,posts p,badges b,users u#p.Id=v.PostId,u.Id=p.OwnerUserId,u.Id=b.UserId#p.Score,>,25,p.Score,<,118,p.CommentCount,>,11,p.CommentCount,<,34,u.DownVotes,>,452,u.DownVotes,<,1822,v.CreationDate,>,1241981601,v.CreationDate,<,1402446423,v.VoteTypeId,>,8,v.VoteTypeId,<,10,b.Date,>,1305939750,b.Date,<,1373669168#244
votes v,posts p,badges b,users u#p.Id=v.PostId,u.Id=p.OwnerUserId,u.Id=b.UserId#p.Score,>,7,p.Score,<,79,p.CommentCount,>,5,p.CommentCount,<,18,u.DownVotes,>,686,u.DownVotes,<,1639,v.CreationDate,>,1377386370,v.CreationDate,<,1383121413,v.VoteTypeId,>,4,v.VoteTypeId,<,8,b.Date,>,1285087118,b.Date,<,1368591939#819
votes v,posts p,badges b,users u#p.Id=v.PostId,u.Id=p.OwnerUserId,u.Id=b.UserId#p.Score,>,8,p.Score,<,59,p.CommentCount,>,17,p.CommentCount,<,22,u.DownVotes,>,647,u.DownVotes,<,1346,v.CreationDate,>,1259812937,v.CreationDate,<,1299256271,v.VoteTypeId,>,1,v.VoteTypeId,<,4,b.Date,>,1303114885,b.Date,<,1304547509#6
votes v,posts p,badges b,users u#p.Id=v.PostId,u.Id=p.OwnerUserId,u.Id=b.UserId#p.Score,>,10,p.Score,<,71,p.CommentCount,>,9,p.CommentCount,<,40,u.DownVotes,>,702,u.DownVotes,<,1227,v.CreationDate,>,1238277717,v.CreationDate,<,1292900801,v.VoteTypeId,>,1,v.VoteTypeId,<,3,b.Date,>,1329557152,b.Date,<,1399728916#3190
votes v,posts p,badges b,users u#p.Id=v.PostId,u.Id=p.OwnerUserId,u.Id=b.UserId#p.Score,>,-7,p.Score,<,170,p.CommentCount,>,20,p.CommentCount,<,26,u.DownVotes,>,91,u.DownVotes,<,1499,v.CreationDate,>,1320858926,v.CreationDate,<,1385851134,v.VoteTypeId,>,8,v.VoteTypeId,<,10,b.Date,>,1345100019,b.Date,<,1366623507#6
votes v,posts p,badges b,users u#p.Id=v.PostId,u.Id=p.OwnerUserId,u.Id=b.UserId#p.Score,>,46,p.Score,<,50,p.CommentCount,>,0,p.CommentCount,<,24,u.DownVotes,>,131,u.DownVotes,<,885,v.CreationDate,>,1287035659,v.CreationDate,<,1376345706,v.VoteTypeId,>,1,v.VoteTypeId,<,15,b.Date,>,1290550259,b.Date,<,1395337474#43384
votes v,posts p,badges b,users u#p.Id=v.PostId,u.Id=p.OwnerUserId,u.Id=b.UserId#p.Score,>,74,p.Score,<,118,p.CommentCount,>,5,p.CommentCount,<,39,u.DownVotes,>,173,u.DownVotes,<,1489,v.CreationDate,>,1312749098,v.CreationDate,<,1404559002,v.VoteTypeId,>,2,v.VoteTypeId,<,4,b.Date,>,1301933312,b.Date,<,1328929718#71
votes v,posts p,badges b,users u#p.Id=v.PostId,u.Id=p.OwnerUserId,u.Id=b.UserId#p.Score,>,3,p.Score,<,124,p.CommentCount,>,1,p.CommentCount,<,10,u.DownVotes,>,659,u.DownVotes,<,1550,v.CreationDate,>,1383721842,v.CreationDate,<,1385684549,v.VoteTypeId,>,6,v.VoteTypeId,<,11,b.Date,>,1301737015,b.Date,<,1346529647#154
votes v,posts p,badges b,users u#p.Id=v.PostId,u.Id=p.OwnerUserId,u.Id=b.UserId#p.Score,>,-3,p.Score,<,188,p.CommentCount,>,0,p.CommentCount,<,30,u.DownVotes,>,720,u.DownVotes,<,1594,v.CreationDate,>,1261861514,v.CreationDate,<,1405001879,v.VoteTypeId,>,1,v.VoteTypeId,<,13,b.Date,>,1357950194,b.Date,<,1389583127#696630
votes v,posts p,badges b,users u#p.Id=v.PostId,u.Id=p.OwnerUserId,u.Id=b.UserId#p.Score,>,10,p.Score,<,35,p.CommentCount,>,3,p.CommentCount,<,39,u.DownVotes,>,308,u.DownVotes,<,1416,v.CreationDate,>,1291760840,v.CreationDate,<,1300097359,v.VoteTypeId,>,7,v.VoteTypeId,<,13,b.Date,>,1301291050,b.Date,<,1395712668#1035
votes v,posts p,badges b,users u#p.Id=v.PostId,u.Id=p.OwnerUserId,u.Id=b.UserId#p.Score,>,6,p.Score,<,132,p.CommentCount,>,16,p.CommentCount,<,43,u.DownVotes,>,178,u.DownVotes,<,1756,v.CreationDate,>,1305944722,v.CreationDate,<,1366160974,v.VoteTypeId,>,7,v.VoteTypeId,<,13,b.Date,>,1315325510,b.Date,<,1402298696#335
votes v,posts p,badges b,users u#p.Id=v.PostId,u.Id=p.OwnerUserId,u.Id=b.UserId#p.Score,>,9,p.Score,<,98,p.CommentCount,>,6,p.CommentCount,<,43,u.DownVotes,>,215,u.DownVotes,<,582,v.CreationDate,>,1268638663,v.CreationDate,<,1397672930,v.VoteTypeId,>,4,v.VoteTypeId,<,8,b.Date,>,1300795388,b.Date,<,1322292546#30
votes v,posts p,badges b,users u#p.Id=v.PostId,u.Id=p.OwnerUserId,u.Id=b.UserId#p.Score,>,-13,p.Score,<,158,p.CommentCount,>,9,p.CommentCount,<,36,u.DownVotes,>,291,u.DownVotes,<,1793,v.CreationDate,>,1303848114,v.CreationDate,<,1336721515,v.VoteTypeId,>,4,v.VoteTypeId,<,13,b.Date,>,1290377057,b.Date,<,1325148859#112
votes v,posts p,badges b,users u#p.Id=v.PostId,u.Id=p.OwnerUserId,u.Id=b.UserId#p.Score,>,9,p.Score,<,79,p.CommentCount,>,9,p.CommentCount,<,44,u.DownVotes,>,28,u.DownVotes,<,491,v.CreationDate,>,1297875231,v.CreationDate,<,1352022054,v.VoteTypeId,>,2,v.VoteTypeId,<,4,b.Date,>,1335633920,b.Date,<,1407633490#193
votes v,posts p,badges b,users u#p.Id=v.PostId,u.Id=p.OwnerUserId,u.Id=b.UserId#p.Score,>,3,p.Score,<,70,p.CommentCount,>,18,p.CommentCount,<,41,u.DownVotes,>,278,u.DownVotes,<,1281,v.CreationDate,>,1281306267,v.CreationDate,<,1351560648,v.VoteTypeId,>,6,v.VoteTypeId,<,10,b.Date,>,1297599821,b.Date,<,1344709815#159
votes v,posts p,badges b,users u#p.Id=v.PostId,u.Id=p.OwnerUserId,u.Id=b.UserId#p.Score,>,-18,p.Score,<,149,p.CommentCount,>,6,p.CommentCount,<,29,u.DownVotes,>,63,u.DownVotes,<,1404,v.CreationDate,>,1249698078,v.CreationDate,<,1387282914,v.VoteTypeId,>,5,v.VoteTypeId,<,15,b.Date,>,1344804848,b.Date,<,1364666001#886
votes v,posts p,badges b,users u#p.Id=v.PostId,u.Id=p.OwnerUserId,u.Id=b.UserId#p.Score,>,-9,p.Score,<,146,p.CommentCount,>,3,p.CommentCount,<,18,u.DownVotes,>,50,u.DownVotes,<,1107,v.CreationDate,>,1345791163,v.CreationDate,<,1405774548,v.VoteTypeId,>,3,v.VoteTypeId,<,15,b.Date,>,1304125293,b.Date,<,1356793826#16388
votes v,posts p,badges b,users u#p.Id=v.PostId,u.Id=p.OwnerUserId,u.Id=b.UserId#p.Score,>,54,p.Score,<,57,p.CommentCount,>,1,p.CommentCount,<,21,u.DownVotes,>,41,u.DownVotes,<,842,v.CreationDate,>,1362460012,v.CreationDate,<,1391025951,v.VoteTypeId,>,4,v.VoteTypeId,<,15,b.Date,>,1334419139,b.Date,<,1371806407#234
votes v,posts p,badges b,users u#p.Id=v.PostId,u.Id=p.OwnerUserId,u.Id=b.UserId#p.Score,>,46,p.Score,<,94,p.CommentCount,>,3,p.CommentCount,<,16,u.DownVotes,>,20,u.DownVotes,<,1298,v.CreationDate,>,1269873690,v.CreationDate,<,1357774449,v.VoteTypeId,>,2,v.VoteTypeId,<,15,b.Date,>,1380030550,b.Date,<,1408181578#1391
votes v,posts p,badges b,users u#p.Id=v.PostId,u.Id=p.OwnerUserId,u.Id=b.UserId#p.Score,>,-11,p.Score,<,136,p.CommentCount,>,12,p.CommentCount,<,38,u.DownVotes,>,366,u.DownVotes,<,589,v.CreationDate,>,1293120407,v.CreationDate,<,1336748394,v.VoteTypeId,>,2,v.VoteTypeId,<,4,b.Date,>,1303613648,b.Date,<,1381875163#152
votes v,posts p,badges b,users u#p.Id=v.PostId,u.Id=p.OwnerUserId,u.Id=b.UserId#p.Score,>,7,p.Score,<,135,p.CommentCount,>,0,p.CommentCount,<,10,u.DownVotes,>,169,u.DownVotes,<,1830,v.CreationDate,>,1252069232,v.CreationDate,<,1323968454,v.VoteTypeId,>,4,v.VoteTypeId,<,8,b.Date,>,1287672094,b.Date,<,1398927616#5894
votes v,posts p,badges b,users u#p.Id=v.PostId,u.Id=p.OwnerUserId,u.Id=b.UserId#p.Score,>,40,p.Score,<,172,p.CommentCount,>,4,p.CommentCount,<,40,u.DownVotes,>,754,u.DownVotes,<,1824,v.CreationDate,>,1282002030,v.CreationDate,<,1388503564,v.VoteTypeId,>,3,v.VoteTypeId,<,13,b.Date,>,1288724530,b.Date,<,1358355946#3480
votes v,posts p,badges b,users u#p.Id=v.PostId,u.Id=p.OwnerUserId,u.Id=b.UserId#p.Score,>,48,p.Score,<,176,p.CommentCount,>,5,p.CommentCount,<,26,u.DownVotes,>,769,u.DownVotes,<,1549,v.CreationDate,>,1347760855,v.CreationDate,<,1360352583,v.VoteTypeId,>,3,v.VoteTypeId,<,11,b.Date,>,1280119992,b.Date,<,1393631768#3112
votes v,posts p,badges b,users u#p.Id=v.PostId,u.Id=p.OwnerUserId,u.Id=b.UserId#p.Score,>,16,p.Score,<,145,p.CommentCount,>,10,p.CommentCount,<,38,u.DownVotes,>,411,u.DownVotes,<,1541,v.CreationDate,>,1242410022,v.CreationDate,<,1405157536,v.VoteTypeId,>,1,v.VoteTypeId,<,3,b.Date,>,1344227550,b.Date,<,1399603868#59616
votes v,posts p,badges b,users u#p.Id=v.PostId,u.Id=p.OwnerUserId,u.Id=b.UserId#p.Score,>,9,p.Score,<,85,p.CommentCount,>,0,p.CommentCount,<,26,u.DownVotes,>,514,u.DownVotes,<,1723,v.CreationDate,>,1292551778,v.CreationDate,<,1389001226,v.VoteTypeId,>,2,v.VoteTypeId,<,12,b.Date,>,1388223307,b.Date,<,1397880756#1476
votes v,posts p,badges b,users u#p.Id=v.PostId,u.Id=p.OwnerUserId,u.Id=b.UserId#p.Score,>,-8,p.Score,<,111,p.CommentCount,>,2,p.CommentCount,<,4,u.DownVotes,>,368,u.DownVotes,<,936,v.CreationDate,>,1354637557,v.CreationDate,<,1406629220,v.VoteTypeId,>,2,v.VoteTypeId,<,6,b.Date,>,1281577041,b.Date,<,1335422917#139
votes v,posts p,badges b,users u#p.Id=v.PostId,u.Id=p.OwnerUserId,u.Id=b.UserId#p.Score,>,4,p.Score,<,121,p.CommentCount,>,8,p.CommentCount,<,17,u.DownVotes,>,611,u.DownVotes,<,1126,v.CreationDate,>,1321270220,v.CreationDate,<,1362405239,v.VoteTypeId,>,6,v.VoteTypeId,<,10,b.Date,>,1337451131,b.Date,<,1385928731#207
votes v,posts p,badges b,users u#p.Id=v.PostId,u.Id=p.OwnerUserId,u.Id=b.UserId#p.Score,>,33,p.Score,<,102,p.CommentCount,>,11,p.CommentCount,<,25,u.DownVotes,>,274,u.DownVotes,<,1505,v.CreationDate,>,1281839869,v.CreationDate,<,1382465371,v.VoteTypeId,>,1,v.VoteTypeId,<,12,b.Date,>,1296590870,b.Date,<,1384485915#10263
votes v,posts p,badges b,users u#p.Id=v.PostId,u.Id=p.OwnerUserId,u.Id=b.UserId#p.Score,>,-15,p.Score,<,77,p.CommentCount,>,1,p.CommentCount,<,23,u.DownVotes,>,31,u.DownVotes,<,1772,v.CreationDate,>,1270136503,v.CreationDate,<,1390667136,v.VoteTypeId,>,2,v.VoteTypeId,<,8,b.Date,>,1309968072,b.Date,<,1393315742#111861
votes v,posts p,badges b,users u#p.Id=v.PostId,u.Id=p.OwnerUserId,u.Id=b.UserId#p.Score,>,-9,p.Score,<,183,p.CommentCount,>,10,p.CommentCount,<,43,u.DownVotes,>,243,u.DownVotes,<,1848,v.CreationDate,>,1329307004,v.CreationDate,<,1381895965,v.VoteTypeId,>,10,v.VoteTypeId,<,13,b.Date,>,1339357972,b.Date,<,1363437646#70
votes v,posts p,badges b,users u#p.Id=v.PostId,u.Id=p.OwnerUserId,u.Id=b.UserId#p.Score,>,-11,p.Score,<,57,p.CommentCount,>,29,p.CommentCount,<,39,u.DownVotes,>,185,u.DownVotes,<,1056,v.CreationDate,>,1272259720,v.CreationDate,<,1367501614,v.VoteTypeId,>,1,v.VoteTypeId,<,15,b.Date,>,1299204808,b.Date,<,1356474519#1677
votes v,posts p,badges b,users u#p.Id=v.PostId,u.Id=p.OwnerUserId,u.Id=b.UserId#p.Score,>,34,p.Score,<,181,p.CommentCount,>,8,p.CommentCount,<,24,u.DownVotes,>,158,u.DownVotes,<,1300,v.CreationDate,>,1279309467,v.CreationDate,<,1329727161,v.VoteTypeId,>,2,v.VoteTypeId,<,4,b.Date,>,1349131604,b.Date,<,1394117915#161
votes v,posts p,badges b,users u#p.Id=v.PostId,u.Id=p.OwnerUserId,u.Id=b.UserId#p.Score,>,-2,p.Score,<,47,p.CommentCount,>,0,p.CommentCount,<,16,u.DownVotes,>,46,u.DownVotes,<,131,v.CreationDate,>,1274686806,v.CreationDate,<,1321028142,v.VoteTypeId,>,4,v.VoteTypeId,<,6,b.Date,>,1330856550,b.Date,<,1365338013#2822
votes v,posts p,badges b,users u#p.Id=v.PostId,u.Id=p.OwnerUserId,u.Id=b.UserId#p.Score,>,40,p.Score,<,104,p.CommentCount,>,2,p.CommentCount,<,31,u.DownVotes,>,614,u.DownVotes,<,1128,v.CreationDate,>,1303183583,v.CreationDate,<,1351651476,v.VoteTypeId,>,2,v.VoteTypeId,<,15,b.Date,>,1314711308,b.Date,<,1384198747#2080
votes v,posts p,badges b,users u#p.Id=v.PostId,u.Id=p.OwnerUserId,u.Id=b.UserId#p.Score,>,5,p.Score,<,46,p.CommentCount,>,0,p.CommentCount,<,41,u.DownVotes,>,249,u.DownVotes,<,1149,v.CreationDate,>,1371827527,v.CreationDate,<,1376561897,v.VoteTypeId,>,4,v.VoteTypeId,<,15,b.Date,>,1316230155,b.Date,<,1351628248#369
votes v,posts p,badges b,users u#p.Id=v.PostId,u.Id=p.OwnerUserId,u.Id=b.UserId#p.Score,>,38,p.Score,<,52,p.CommentCount,>,9,p.CommentCount,<,12,u.DownVotes,>,361,u.DownVotes,<,616,v.CreationDate,>,1250579905,v.CreationDate,<,1398321130,v.VoteTypeId,>,1,v.VoteTypeId,<,7,b.Date,>,1333191894,b.Date,<,1385675585#3944
votes v,posts p,badges b,users u#p.Id=v.PostId,u.Id=p.OwnerUserId,u.Id=b.UserId#p.Score,>,-4,p.Score,<,154,p.CommentCount,>,24,p.CommentCount,<,39,u.DownVotes,>,186,u.DownVotes,<,1109,v.CreationDate,>,1322414095,v.CreationDate,<,1376573522,v.VoteTypeId,>,2,v.VoteTypeId,<,12,b.Date,>,1324155761,b.Date,<,1364603818#121
votes v,posts p,badges b,users u#p.Id=v.PostId,u.Id=p.OwnerUserId,u.Id=b.UserId#p.Score,>,-15,p.Score,<,22,p.CommentCount,>,1,p.CommentCount,<,7,u.DownVotes,>,323,u.DownVotes,<,762,v.CreationDate,>,1297143372,v.CreationDate,<,1306967257,v.VoteTypeId,>,2,v.VoteTypeId,<,8,b.Date,>,1303144438,b.Date,<,1402659404#28
votes v,posts p,badges b,users u#p.Id=v.PostId,u.Id=p.OwnerUserId,u.Id=b.UserId#p.Score,>,-12,p.Score,<,114,p.CommentCount,>,7,p.CommentCount,<,26,u.DownVotes,>,747,u.DownVotes,<,1156,v.CreationDate,>,1272809514,v.CreationDate,<,1362391791,v.VoteTypeId,>,4,v.VoteTypeId,<,13,b.Date,>,1378925784,b.Date,<,1386723455#87
votes v,posts p,badges b,users u#p.Id=v.PostId,u.Id=p.OwnerUserId,u.Id=b.UserId#p.Score,>,-15,p.Score,<,40,p.CommentCount,>,19,p.CommentCount,<,44,u.DownVotes,>,170,u.DownVotes,<,893,v.CreationDate,>,1256092683,v.CreationDate,<,1350931602,v.VoteTypeId,>,8,v.VoteTypeId,<,11,b.Date,>,1311422508,b.Date,<,1373399876#220
votes v,posts p,badges b,users u#p.Id=v.PostId,u.Id=p.OwnerUserId,u.Id=b.UserId#p.Score,>,0,p.Score,<,72,p.CommentCount,>,5,p.CommentCount,<,16,u.DownVotes,>,556,u.DownVotes,<,1503,v.CreationDate,>,1320579840,v.CreationDate,<,1330352845,v.VoteTypeId,>,1,v.VoteTypeId,<,13,b.Date,>,1325517827,b.Date,<,1360421617#17375
votes v,posts p,badges b,users u#p.Id=v.PostId,u.Id=p.OwnerUserId,u.Id=b.UserId#p.Score,>,42,p.Score,<,155,p.CommentCount,>,5,p.CommentCount,<,19,u.DownVotes,>,604,u.DownVotes,<,1189,v.CreationDate,>,1376072250,v.CreationDate,<,1403893325,v.VoteTypeId,>,1,v.VoteTypeId,<,4,b.Date,>,1342098134,b.Date,<,1383065979#27900
votes v,posts p,badges b,users u#p.Id=v.PostId,u.Id=p.OwnerUserId,u.Id=b.UserId#p.Score,>,45,p.Score,<,151,p.CommentCount,>,11,p.CommentCount,<,19,u.DownVotes,>,51,u.DownVotes,<,997,v.CreationDate,>,1370087547,v.CreationDate,<,1404772478,v.VoteTypeId,>,2,v.VoteTypeId,<,10,b.Date,>,1342417244,b.Date,<,1400221710#157
votes v,posts p,badges b,users u#p.Id=v.PostId,u.Id=p.OwnerUserId,u.Id=b.UserId#p.Score,>,83,p.Score,<,139,p.CommentCount,>,7,p.CommentCount,<,35,u.DownVotes,>,263,u.DownVotes,<,1382,v.CreationDate,>,1352071920,v.CreationDate,<,1395266247,v.VoteTypeId,>,1,v.VoteTypeId,<,15,b.Date,>,1352392308,b.Date,<,1392962720#14948
votes v,posts p,badges b,users u#p.Id=v.PostId,u.Id=p.OwnerUserId,u.Id=b.UserId#p.Score,>,-18,p.Score,<,142,p.CommentCount,>,4,p.CommentCount,<,29,u.DownVotes,>,450,u.DownVotes,<,1890,v.CreationDate,>,1359271484,v.CreationDate,<,1374382518,v.VoteTypeId,>,6,v.VoteTypeId,<,12,b.Date,>,1299616475,b.Date,<,1346897945#161
votes v,posts p,badges b,users u#p.Id=v.PostId,u.Id=p.OwnerUserId,u.Id=b.UserId#p.Score,>,86,p.Score,<,146,p.CommentCount,>,8,p.CommentCount,<,37,u.DownVotes,>,20,u.DownVotes,<,302,v.CreationDate,>,1338629286,v.CreationDate,<,1402700127,v.VoteTypeId,>,7,v.VoteTypeId,<,10,b.Date,>,1281130269,b.Date,<,1368548050#123
votes v,posts p,badges b,users u#p.Id=v.PostId,u.Id=p.OwnerUserId,u.Id=b.UserId#p.Score,>,24,p.Score,<,50,p.CommentCount,>,13,p.CommentCount,<,40,u.DownVotes,>,770,u.DownVotes,<,1731,v.CreationDate,>,1292308588,v.CreationDate,<,1387058581,v.VoteTypeId,>,1,v.VoteTypeId,<,8,b.Date,>,1350397610,b.Date,<,1387783879#4454
votes v,posts p,badges b,users u#p.Id=v.PostId,u.Id=p.OwnerUserId,u.Id=b.UserId#p.Score,>,16,p.Score,<,143,p.CommentCount,>,7,p.CommentCount,<,41,u.DownVotes,>,613,u.DownVotes,<,1214,v.CreationDate,>,1269563056,v.CreationDate,<,1319727522,v.VoteTypeId,>,1,v.VoteTypeId,<,6,b.Date,>,1380346302,b.Date,<,1407517430#9801
votes v,posts p,badges b,users u#p.Id=v.PostId,u.Id=p.OwnerUserId,u.Id=b.UserId#p.Score,>,-8,p.Score,<,101,p.CommentCount,>,1,p.CommentCount,<,25,u.DownVotes,>,117,u.DownVotes,<,772,v.CreationDate,>,1298162331,v.CreationDate,<,1344082650,v.VoteTypeId,>,10,v.VoteTypeId,<,14,b.Date,>,1355024289,b.Date,<,1407968886#637
votes v,posts p,badges b,users u#p.Id=v.PostId,u.Id=p.OwnerUserId,u.Id=b.UserId#p.Score,>,0,p.Score,<,133,p.CommentCount,>,10,p.CommentCount,<,39,u.DownVotes,>,551,u.DownVotes,<,1336,v.CreationDate,>,1265573803,v.CreationDate,<,1385804133,v.VoteTypeId,>,3,v.VoteTypeId,<,11,b.Date,>,1300840538,b.Date,<,1352097995#186
votes v,posts p,badges b,users u#p.Id=v.PostId,u.Id=p.OwnerUserId,u.Id=b.UserId#p.Score,>,0,p.Score,<,100,p.CommentCount,>,19,p.CommentCount,<,29,u.DownVotes,>,50,u.DownVotes,<,511,v.CreationDate,>,1288521616,v.CreationDate,<,1348191334,v.VoteTypeId,>,1,v.VoteTypeId,<,9,b.Date,>,1287979520,b.Date,<,1367682007#2525
votes v,posts p,badges b,users u#p.Id=v.PostId,u.Id=p.OwnerUserId,u.Id=b.UserId#p.Score,>,22,p.Score,<,138,p.CommentCount,>,7,p.CommentCount,<,39,u.DownVotes,>,556,u.DownVotes,<,1394,v.CreationDate,>,1389750493,v.CreationDate,<,1398798141,v.VoteTypeId,>,1,v.VoteTypeId,<,11,b.Date,>,1332228129,b.Date,<,1391536328#11500
votes v,posts p,badges b,users u#p.Id=v.PostId,u.Id=p.OwnerUserId,u.Id=b.UserId#p.Score,>,46,p.Score,<,111,p.CommentCount,>,10,p.CommentCount,<,16,u.DownVotes,>,100,u.DownVotes,<,1776,v.CreationDate,>,1243591432,v.CreationDate,<,1398020426,v.VoteTypeId,>,1,v.VoteTypeId,<,6,b.Date,>,1287743016,b.Date,<,1352289359#20539
votes v,posts p,badges b,users u#p.Id=v.PostId,u.Id=p.OwnerUserId,u.Id=b.UserId#p.Score,>,9,p.Score,<,25,p.CommentCount,>,7,p.CommentCount,<,15,u.DownVotes,>,297,u.DownVotes,<,861,v.CreationDate,>,1244565545,v.CreationDate,<,1321771185,v.VoteTypeId,>,1,v.VoteTypeId,<,12,b.Date,>,1327313476,b.Date,<,1336619950#1695
votes v,posts p,badges b,users u#p.Id=v.PostId,u.Id=p.OwnerUserId,u.Id=b.UserId#p.Score,>,69,p.Score,<,122,p.CommentCount,>,12,p.CommentCount,<,21,u.DownVotes,>,55,u.DownVotes,<,172,v.CreationDate,>,1257496954,v.CreationDate,<,1406236524,v.VoteTypeId,>,1,v.VoteTypeId,<,11,b.Date,>,1296332394,b.Date,<,1409417721#23529
votes v,posts p,badges b,users u#p.Id=v.PostId,u.Id=p.OwnerUserId,u.Id=b.UserId#p.Score,>,4,p.Score,<,137,p.CommentCount,>,4,p.CommentCount,<,40,u.DownVotes,>,704,u.DownVotes,<,1615,v.CreationDate,>,1238738000,v.CreationDate,<,1340641806,v.VoteTypeId,>,5,v.VoteTypeId,<,15,b.Date,>,1298045560,b.Date,<,1312734450#200
votes v,posts p,badges b,users u#p.Id=v.PostId,u.Id=p.OwnerUserId,u.Id=b.UserId#p.Score,>,11,p.Score,<,167,p.CommentCount,>,9,p.CommentCount,<,33,u.DownVotes,>,13,u.DownVotes,<,942,v.CreationDate,>,1287627500,v.CreationDate,<,1331721404,v.VoteTypeId,>,4,v.VoteTypeId,<,13,b.Date,>,1308553490,b.Date,<,1368510401#130
votes v,posts p,badges b,users u#p.Id=v.PostId,u.Id=p.OwnerUserId,u.Id=b.UserId#p.Score,>,-6,p.Score,<,105,p.CommentCount,>,0,p.CommentCount,<,37,u.DownVotes,>,709,u.DownVotes,<,1269,v.CreationDate,>,1310449318,v.CreationDate,<,1331068576,v.VoteTypeId,>,7,v.VoteTypeId,<,13,b.Date,>,1323162780,b.Date,<,1375333366#1200
votes v,posts p,badges b,users u#p.Id=v.PostId,u.Id=p.OwnerUserId,u.Id=b.UserId#p.Score,>,8,p.Score,<,146,p.CommentCount,>,21,p.CommentCount,<,40,u.DownVotes,>,49,u.DownVotes,<,504,v.CreationDate,>,1295934289,v.CreationDate,<,1391893241,v.VoteTypeId,>,2,v.VoteTypeId,<,13,b.Date,>,1294462947,b.Date,<,1375813958#145
votes v,posts p,badges b,users u#p.Id=v.PostId,u.Id=p.OwnerUserId,u.Id=b.UserId#p.Score,>,23,p.Score,<,103,p.CommentCount,>,3,p.CommentCount,<,29,u.DownVotes,>,139,u.DownVotes,<,1732,v.CreationDate,>,1356620484,v.CreationDate,<,1396777236,v.VoteTypeId,>,1,v.VoteTypeId,<,4,b.Date,>,1318632772,b.Date,<,1409019901#189561
votes v,posts p,badges b,users u#p.Id=v.PostId,u.Id=p.OwnerUserId,u.Id=b.UserId#p.Score,>,62,p.Score,<,121,p.CommentCount,>,4,p.CommentCount,<,34,u.DownVotes,>,563,u.DownVotes,<,1279,v.CreationDate,>,1256032948,v.CreationDate,<,1366983442,v.VoteTypeId,>,1,v.VoteTypeId,<,9,b.Date,>,1323898861,b.Date,<,1329616361#1000
votes v,posts p,badges b,users u#p.Id=v.PostId,u.Id=p.OwnerUserId,u.Id=b.UserId#p.Score,>,0,p.Score,<,185,p.CommentCount,>,0,p.CommentCount,<,16,u.DownVotes,>,207,u.DownVotes,<,816,v.CreationDate,>,1325757531,v.CreationDate,<,1386922033,v.VoteTypeId,>,1,v.VoteTypeId,<,10,b.Date,>,1326698726,b.Date,<,1345617224#403648
votes v,posts p,badges b,users u#p.Id=v.PostId,u.Id=p.OwnerUserId,u.Id=b.UserId#p.Score,>,23,p.Score,<,149,p.CommentCount,>,11,p.CommentCount,<,26,u.DownVotes,>,91,u.DownVotes,<,344,v.CreationDate,>,1277030077,v.CreationDate,<,1357337356,v.VoteTypeId,>,6,v.VoteTypeId,<,10,b.Date,>,1318871844,b.Date,<,1389979375#82
votes v,posts p,badges b,users u#p.Id=v.PostId,u.Id=p.OwnerUserId,u.Id=b.UserId#p.Score,>,4,p.Score,<,40,p.CommentCount,>,6,p.CommentCount,<,34,u.DownVotes,>,405,u.DownVotes,<,1357,v.CreationDate,>,1263483100,v.CreationDate,<,1307123037,v.VoteTypeId,>,1,v.VoteTypeId,<,7,b.Date,>,1337633375,b.Date,<,1377223690#34170
votes v,posts p,badges b,users u#p.Id=v.PostId,u.Id=p.OwnerUserId,u.Id=b.UserId#p.Score,>,3,p.Score,<,134,p.CommentCount,>,19,p.CommentCount,<,35,u.DownVotes,>,294,u.DownVotes,<,804,v.CreationDate,>,1296290049,v.CreationDate,<,1400160139,v.VoteTypeId,>,1,v.VoteTypeId,<,9,b.Date,>,1312730301,b.Date,<,1330602892#441
votes v,posts p,badges b,users u#p.Id=v.PostId,u.Id=p.OwnerUserId,u.Id=b.UserId#p.Score,>,30,p.Score,<,47,p.CommentCount,>,7,p.CommentCount,<,29,u.DownVotes,>,309,u.DownVotes,<,1910,v.CreationDate,>,1254213895,v.CreationDate,<,1378676000,v.VoteTypeId,>,1,v.VoteTypeId,<,5,b.Date,>,1299934606,b.Date,<,1345991404#16501
votes v,posts p,badges b,users u#p.Id=v.PostId,u.Id=p.OwnerUserId,u.Id=b.UserId#p.Score,>,12,p.Score,<,168,p.CommentCount,>,1,p.CommentCount,<,24,u.DownVotes,>,170,u.DownVotes,<,443,v.CreationDate,>,1320136411,v.CreationDate,<,1365618346,v.VoteTypeId,>,6,v.VoteTypeId,<,10,b.Date,>,1293227715,b.Date,<,1320591856#15
votes v,posts p,badges b,users u#p.Id=v.PostId,u.Id=p.OwnerUserId,u.Id=b.UserId#p.Score,>,8,p.Score,<,182,p.CommentCount,>,0,p.CommentCount,<,39,u.DownVotes,>,246,u.DownVotes,<,971,v.CreationDate,>,1277214423,v.CreationDate,<,1326999906,v.VoteTypeId,>,1,v.VoteTypeId,<,5,b.Date,>,1353982526,b.Date,<,1366563420#45109
votes v,posts p,badges b,users u#p.Id=v.PostId,u.Id=p.OwnerUserId,u.Id=b.UserId#p.Score,>,-7,p.Score,<,166,p.CommentCount,>,15,p.CommentCount,<,36,u.DownVotes,>,670,u.DownVotes,<,1026,v.CreationDate,>,1280756474,v.CreationDate,<,1311486912,v.VoteTypeId,>,6,v.VoteTypeId,<,15,b.Date,>,1289220419,b.Date,<,1400984689#400
votes v,posts p,badges b,users u#p.Id=v.PostId,u.Id=p.OwnerUserId,u.Id=b.UserId#p.Score,>,-15,p.Score,<,84,p.CommentCount,>,13,p.CommentCount,<,44,u.DownVotes,>,349,u.DownVotes,<,1827,v.CreationDate,>,1337777421,v.CreationDate,<,1398910206,v.VoteTypeId,>,7,v.VoteTypeId,<,10,b.Date,>,1383856009,b.Date,<,1405401033#89
votes v,posts p,badges b,users u#p.Id=v.PostId,u.Id=p.OwnerUserId,u.Id=b.UserId#p.Score,>,5,p.Score,<,78,p.CommentCount,>,1,p.CommentCount,<,42,u.DownVotes,>,39,u.DownVotes,<,1877,v.CreationDate,>,1268776518,v.CreationDate,<,1377612979,v.VoteTypeId,>,2,v.VoteTypeId,<,10,b.Date,>,1364834362,b.Date,<,1404846169#35428
votes v,posts p,badges b,users u#p.Id=v.PostId,u.Id=p.OwnerUserId,u.Id=b.UserId#p.Score,>,2,p.Score,<,9,p.CommentCount,>,1,p.CommentCount,<,36,u.DownVotes,>,27,u.DownVotes,<,581,v.CreationDate,>,1262624208,v.CreationDate,<,1372862952,v.VoteTypeId,>,3,v.VoteTypeId,<,10,b.Date,>,1338374652,b.Date,<,1407859236#9494
votes v,posts p,badges b,users u#p.Id=v.PostId,u.Id=p.OwnerUserId,u.Id=b.UserId#p.Score,>,-6,p.Score,<,52,p.CommentCount,>,8,p.CommentCount,<,13,u.DownVotes,>,11,u.DownVotes,<,1280,v.CreationDate,>,1332904812,v.CreationDate,<,1408598429,v.VoteTypeId,>,6,v.VoteTypeId,<,12,b.Date,>,1290945282,b.Date,<,1357677676#1781
votes v,posts p,badges b,users u#p.Id=v.PostId,u.Id=p.OwnerUserId,u.Id=b.UserId#p.Score,>,0,p.Score,<,162,p.CommentCount,>,7,p.CommentCount,<,14,u.DownVotes,>,151,u.DownVotes,<,1230,v.CreationDate,>,1240791630,v.CreationDate,<,1351660393,v.VoteTypeId,>,9,v.VoteTypeId,<,13,b.Date,>,1297832995,b.Date,<,1299682947#3
votes v,posts p,badges b,users u#p.Id=v.PostId,u.Id=p.OwnerUserId,u.Id=b.UserId#p.Score,>,-13,p.Score,<,84,p.CommentCount,>,3,p.CommentCount,<,27,u.DownVotes,>,210,u.DownVotes,<,1485,v.CreationDate,>,1345167057,v.CreationDate,<,1354546212,v.VoteTypeId,>,2,v.VoteTypeId,<,8,b.Date,>,1340190770,b.Date,<,1381328134#1902
votes v,posts p,badges b,users u#p.Id=v.PostId,u.Id=p.OwnerUserId,u.Id=b.UserId#p.Score,>,14,p.Score,<,55,p.CommentCount,>,6,p.CommentCount,<,42,u.DownVotes,>,248,u.DownVotes,<,630,v.CreationDate,>,1236602567,v.CreationDate,<,1334053225,v.VoteTypeId,>,7,v.VoteTypeId,<,15,b.Date,>,1346983838,b.Date,<,1386303414#40
votes v,posts p,badges b,users u#p.Id=v.PostId,u.Id=p.OwnerUserId,u.Id=b.UserId#p.Score,>,64,p.Score,<,99,p.CommentCount,>,3,p.CommentCount,<,38,u.DownVotes,>,354,u.DownVotes,<,1882,v.CreationDate,>,1312325256,v.CreationDate,<,1350680101,v.VoteTypeId,>,1,v.VoteTypeId,<,9,b.Date,>,1290295271,b.Date,<,1316100211#5780
votes v,posts p,badges b,users u#p.Id=v.PostId,u.Id=p.OwnerUserId,u.Id=b.UserId#p.Score,>,23,p.Score,<,50,p.CommentCount,>,3,p.CommentCount,<,43,u.DownVotes,>,626,u.DownVotes,<,961,v.CreationDate,>,1296710237,v.CreationDate,<,1383345318,v.VoteTypeId,>,4,v.VoteTypeId,<,6,b.Date,>,1289898415,b.Date,<,1396411691#5278
votes v,posts p,badges b,users u#p.Id=v.PostId,u.Id=p.OwnerUserId,u.Id=b.UserId#p.Score,>,-10,p.Score,<,100,p.CommentCount,>,3,p.CommentCount,<,39,u.DownVotes,>,481,u.DownVotes,<,1016,v.CreationDate,>,1299101486,v.CreationDate,<,1369923637,v.VoteTypeId,>,7,v.VoteTypeId,<,10,b.Date,>,1283991551,b.Date,<,1325372313#777
votes v,posts p,badges b,users u#p.Id=v.PostId,u.Id=p.OwnerUserId,u.Id=b.UserId#p.Score,>,-6,p.Score,<,111,p.CommentCount,>,9,p.CommentCount,<,40,u.DownVotes,>,523,u.DownVotes,<,1917,v.CreationDate,>,1250025048,v.CreationDate,<,1319804004,v.VoteTypeId,>,2,v.VoteTypeId,<,13,b.Date,>,1291815954,b.Date,<,1322444099#87
votes v,posts p,badges b,users u#p.Id=v.PostId,u.Id=p.OwnerUserId,u.Id=b.UserId#p.Score,>,32,p.Score,<,109,p.CommentCount,>,7,p.CommentCount,<,31,u.DownVotes,>,77,u.DownVotes,<,1419,v.CreationDate,>,1291135752,v.CreationDate,<,1305455699,v.VoteTypeId,>,4,v.VoteTypeId,<,12,b.Date,>,1295623846,b.Date,<,1407365477#139
votes v,posts p,badges b,users u#p.Id=v.PostId,u.Id=p.OwnerUserId,u.Id=b.UserId#p.Score,>,8,p.Score,<,110,p.CommentCount,>,4,p.CommentCount,<,25,u.DownVotes,>,230,u.DownVotes,<,745,v.CreationDate,>,1332648132,v.CreationDate,<,1353888861,v.VoteTypeId,>,5,v.VoteTypeId,<,15,b.Date,>,1290203646,b.Date,<,1393739114#320
votes v,posts p,badges b,users u#p.Id=v.PostId,u.Id=p.OwnerUserId,u.Id=b.UserId#p.Score,>,-13,p.Score,<,35,p.CommentCount,>,14,p.CommentCount,<,19,u.DownVotes,>,634,u.DownVotes,<,1221,v.CreationDate,>,1370592402,v.CreationDate,<,1387740266,v.VoteTypeId,>,1,v.VoteTypeId,<,8,b.Date,>,1291792714,b.Date,<,1343320907#2223
votes v,posts p,badges b,users u#p.Id=v.PostId,u.Id=p.OwnerUserId,u.Id=b.UserId#p.Score,>,54,p.Score,<,143,p.CommentCount,>,0,p.CommentCount,<,15,u.DownVotes,>,457,u.DownVotes,<,966,v.CreationDate,>,1236283171,v.CreationDate,<,1385739709,v.VoteTypeId,>,1,v.VoteTypeId,<,12,b.Date,>,1349510311,b.Date,<,1361961826#17360
votes v,posts p,badges b,users u#p.Id=v.PostId,u.Id=p.OwnerUserId,u.Id=b.UserId#p.Score,>,-16,p.Score,<,94,p.CommentCount,>,6,p.CommentCount,<,41,u.DownVotes,>,403,u.DownVotes,<,714,v.CreationDate,>,1311359100,v.CreationDate,<,1315672798,v.VoteTypeId,>,1,v.VoteTypeId,<,11,b.Date,>,1298763762,b.Date,<,1345431539#2461
votes v,posts p,badges b,users u#p.Id=v.PostId,u.Id=p.OwnerUserId,u.Id=b.UserId#p.Score,>,54,p.Score,<,76,p.CommentCount,>,4,p.CommentCount,<,39,u.DownVotes,>,313,u.DownVotes,<,1458,v.CreationDate,>,1251368010,v.CreationDate,<,1394900352,v.VoteTypeId,>,2,v.VoteTypeId,<,9,b.Date,>,1279699161,b.Date,<,1361914365#536
votes v,posts p,badges b,users u#p.Id=v.PostId,u.Id=p.OwnerUserId,u.Id=b.UserId#p.Score,>,14,p.Score,<,135,p.CommentCount,>,2,p.CommentCount,<,22,u.DownVotes,>,701,u.DownVotes,<,882,v.CreationDate,>,1274358376,v.CreationDate,<,1405463453,v.VoteTypeId,>,6,v.VoteTypeId,<,10,b.Date,>,1356039085,b.Date,<,1391202841#650
votes v,posts p,badges b,users u#p.Id=v.PostId,u.Id=p.OwnerUserId,u.Id=b.UserId#p.Score,>,-2,p.Score,<,11,p.CommentCount,>,11,p.CommentCount,<,27,u.DownVotes,>,33,u.DownVotes,<,1301,v.CreationDate,>,1284434957,v.CreationDate,<,1406405920,v.VoteTypeId,>,3,v.VoteTypeId,<,11,b.Date,>,1284203851,b.Date,<,1316899922#144
votes v,posts p,badges b,users u#p.Id=v.PostId,u.Id=p.OwnerUserId,u.Id=b.UserId#p.Score,>,5,p.Score,<,40,p.CommentCount,>,5,p.CommentCount,<,37,u.DownVotes,>,114,u.DownVotes,<,1236,v.CreationDate,>,1254588161,v.CreationDate,<,1328178724,v.VoteTypeId,>,4,v.VoteTypeId,<,12,b.Date,>,1342826850,b.Date,<,1395706746#2379
votes v,posts p,badges b,users u#p.Id=v.PostId,u.Id=p.OwnerUserId,u.Id=b.UserId#p.Score,>,-13,p.Score,<,104,p.CommentCount,>,2,p.CommentCount,<,20,u.DownVotes,>,396,u.DownVotes,<,1391,v.CreationDate,>,1384994405,v.CreationDate,<,1410023637,v.VoteTypeId,>,3,v.VoteTypeId,<,12,b.Date,>,1309721000,b.Date,<,1335240641#603
votes v,posts p,badges b,users u#p.Id=v.PostId,u.Id=p.OwnerUserId,u.Id=b.UserId#p.Score,>,-7,p.Score,<,64,p.CommentCount,>,0,p.CommentCount,<,19,u.DownVotes,>,187,u.DownVotes,<,1103,v.CreationDate,>,1261650311,v.CreationDate,<,1383594359,v.VoteTypeId,>,7,v.VoteTypeId,<,12,b.Date,>,1314880286,b.Date,<,1384741261#8368
votes v,posts p,badges b,users u#p.Id=v.PostId,u.Id=p.OwnerUserId,u.Id=b.UserId#p.Score,>,65,p.Score,<,131,p.CommentCount,>,8,p.CommentCount,<,43,u.DownVotes,>,89,u.DownVotes,<,1007,v.CreationDate,>,1304874352,v.CreationDate,<,1409895467,v.VoteTypeId,>,1,v.VoteTypeId,<,12,b.Date,>,1286343210,b.Date,<,1354453830#79141
votes v,posts p,badges b,users u#p.Id=v.PostId,u.Id=p.OwnerUserId,u.Id=b.UserId#p.Score,>,76,p.Score,<,144,p.CommentCount,>,10,p.CommentCount,<,41,u.DownVotes,>,139,u.DownVotes,<,1638,v.CreationDate,>,1313522687,v.CreationDate,<,1328976238,v.VoteTypeId,>,1,v.VoteTypeId,<,15,b.Date,>,1304138283,b.Date,<,1410198629#7182
votes v,posts p,badges b,users u#p.Id=v.PostId,u.Id=p.OwnerUserId,u.Id=b.UserId#p.Score,>,-10,p.Score,<,41,p.CommentCount,>,2,p.CommentCount,<,26,u.DownVotes,>,215,u.DownVotes,<,353,v.CreationDate,>,1244161765,v.CreationDate,<,1326068211,v.VoteTypeId,>,1,v.VoteTypeId,<,12,b.Date,>,1313666551,b.Date,<,1336592766#462
votes v,posts p,badges b,users u#p.Id=v.PostId,u.Id=p.OwnerUserId,u.Id=b.UserId#p.Score,>,72,p.Score,<,104,p.CommentCount,>,9,p.CommentCount,<,32,u.DownVotes,>,329,u.DownVotes,<,1091,v.CreationDate,>,1395062054,v.CreationDate,<,1408861227,v.VoteTypeId,>,1,v.VoteTypeId,<,4,b.Date,>,1343314551,b.Date,<,1353214167#405
votes v,posts p,badges b,users u#p.Id=v.PostId,u.Id=p.OwnerUserId,u.Id=b.UserId#p.Score,>,-16,p.Score,<,21,p.CommentCount,>,15,p.CommentCount,<,39,u.DownVotes,>,394,u.DownVotes,<,1546,v.CreationDate,>,1303208363,v.CreationDate,<,1387149255,v.VoteTypeId,>,1,v.VoteTypeId,<,9,b.Date,>,1383185329,b.Date,<,1409333329#5670
votes v,posts p,badges b,users u#p.Id=v.PostId,u.Id=p.OwnerUserId,u.Id=b.UserId#p.Score,>,0,p.Score,<,108,p.CommentCount,>,15,p.CommentCount,<,35,u.DownVotes,>,111,u.DownVotes,<,480,v.CreationDate,>,1294573392,v.CreationDate,<,1410328092,v.VoteTypeId,>,1,v.VoteTypeId,<,3,b.Date,>,1307831570,b.Date,<,1373769581#31746
votes v,posts p,badges b,users u#p.Id=v.PostId,u.Id=p.OwnerUserId,u.Id=b.UserId#p.Score,>,-10,p.Score,<,11,p.CommentCount,>,18,p.CommentCount,<,39,u.DownVotes,>,378,u.DownVotes,<,1655,v.CreationDate,>,1289646917,v.CreationDate,<,1330134311,v.VoteTypeId,>,3,v.VoteTypeId,<,11,b.Date,>,1351619829,b.Date,<,1372241502#57
votes v,posts p,badges b,users u#p.Id=v.PostId,u.Id=p.OwnerUserId,u.Id=b.UserId#p.Score,>,5,p.Score,<,118,p.CommentCount,>,8,p.CommentCount,<,39,u.DownVotes,>,402,u.DownVotes,<,413,v.CreationDate,>,1262270438,v.CreationDate,<,1350797630,v.VoteTypeId,>,4,v.VoteTypeId,<,13,b.Date,>,1286369332,b.Date,<,1340880963#344
votes v,posts p,badges b,users u#p.Id=v.PostId,u.Id=p.OwnerUserId,u.Id=b.UserId#p.Score,>,-5,p.Score,<,53,p.CommentCount,>,3,p.CommentCount,<,28,u.DownVotes,>,550,u.DownVotes,<,852,v.CreationDate,>,1275308854,v.CreationDate,<,1365788459,v.VoteTypeId,>,4,v.VoteTypeId,<,12,b.Date,>,1290478510,b.Date,<,1316912372#2070
votes v,posts p,badges b,users u#p.Id=v.PostId,u.Id=p.OwnerUserId,u.Id=b.UserId#p.Score,>,-13,p.Score,<,18,p.CommentCount,>,6,p.CommentCount,<,39,u.DownVotes,>,135,u.DownVotes,<,927,v.CreationDate,>,1315396062,v.CreationDate,<,1400732638,v.VoteTypeId,>,3,v.VoteTypeId,<,7,b.Date,>,1347013970,b.Date,<,1410211440#2358
votes v,posts p,badges b,users u#p.Id=v.PostId,u.Id=p.OwnerUserId,u.Id=b.UserId#p.Score,>,14,p.Score,<,104,p.CommentCount,>,3,p.CommentCount,<,8,u.DownVotes,>,173,u.DownVotes,<,1090,v.CreationDate,>,1277014511,v.CreationDate,<,1390417840,v.VoteTypeId,>,4,v.VoteTypeId,<,10,b.Date,>,1306765677,b.Date,<,1346842904#5449
votes v,posts p,badges b,users u#p.Id=v.PostId,u.Id=p.OwnerUserId,u.Id=b.UserId#p.Score,>,-8,p.Score,<,63,p.CommentCount,>,12,p.CommentCount,<,23,u.DownVotes,>,21,u.DownVotes,<,1828,v.CreationDate,>,1381142852,v.CreationDate,<,1390516783,v.VoteTypeId,>,2,v.VoteTypeId,<,9,b.Date,>,1313924362,b.Date,<,1320367010#6
votes v,posts p,badges b,users u#p.Id=v.PostId,u.Id=p.OwnerUserId,u.Id=b.UserId#p.Score,>,-4,p.Score,<,157,p.CommentCount,>,14,p.CommentCount,<,44,u.DownVotes,>,245,u.DownVotes,<,616,v.CreationDate,>,1353914400,v.CreationDate,<,1393182215,v.VoteTypeId,>,1,v.VoteTypeId,<,9,b.Date,>,1363308788,b.Date,<,1408335255#246
votes v,posts p,badges b,users u#p.Id=v.PostId,u.Id=p.OwnerUserId,u.Id=b.UserId#p.Score,>,-10,p.Score,<,121,p.CommentCount,>,9,p.CommentCount,<,25,u.DownVotes,>,693,u.DownVotes,<,1849,v.CreationDate,>,1266442850,v.CreationDate,<,1370623533,v.VoteTypeId,>,8,v.VoteTypeId,<,12,b.Date,>,1342943768,b.Date,<,1409172173#518
votes v,posts p,badges b,users u#p.Id=v.PostId,u.Id=p.OwnerUserId,u.Id=b.UserId#p.Score,>,88,p.Score,<,149,p.CommentCount,>,0,p.CommentCount,<,15,u.DownVotes,>,770,u.DownVotes,<,1809,v.CreationDate,>,1328302556,v.CreationDate,<,1354423290,v.VoteTypeId,>,1,v.VoteTypeId,<,14,b.Date,>,1381830885,b.Date,<,1393336926#1161
votes v,posts p,badges b,users u#p.Id=v.PostId,u.Id=p.OwnerUserId,u.Id=b.UserId#p.Score,>,-11,p.Score,<,40,p.CommentCount,>,3,p.CommentCount,<,39,u.DownVotes,>,683,u.DownVotes,<,1279,v.CreationDate,>,1245969076,v.CreationDate,<,1323442491,v.VoteTypeId,>,3,v.VoteTypeId,<,6,b.Date,>,1368892870,b.Date,<,1402671438#864
votes v,posts p,badges b,users u#p.Id=v.PostId,u.Id=p.OwnerUserId,u.Id=b.UserId#p.Score,>,16,p.Score,<,164,p.CommentCount,>,0,p.CommentCount,<,24,u.DownVotes,>,235,u.DownVotes,<,640,v.CreationDate,>,1288691059,v.CreationDate,<,1403978606,v.VoteTypeId,>,3,v.VoteTypeId,<,6,b.Date,>,1380362625,b.Date,<,1403624867#30
votes v,posts p,badges b,users u#p.Id=v.PostId,u.Id=p.OwnerUserId,u.Id=b.UserId#p.Score,>,-11,p.Score,<,49,p.CommentCount,>,9,p.CommentCount,<,21,u.DownVotes,>,388,u.DownVotes,<,1728,v.CreationDate,>,1333594739,v.CreationDate,<,1365270660,v.VoteTypeId,>,4,v.VoteTypeId,<,7,b.Date,>,1327579226,b.Date,<,1346496200#558
votes v,posts p,badges b,users u#p.Id=v.PostId,u.Id=p.OwnerUserId,u.Id=b.UserId#p.Score,>,37,p.Score,<,172,p.CommentCount,>,6,p.CommentCount,<,39,u.DownVotes,>,675,u.DownVotes,<,783,v.CreationDate,>,1312381077,v.CreationDate,<,1405549396,v.VoteTypeId,>,2,v.VoteTypeId,<,4,b.Date,>,1282260316,b.Date,<,1316043557#252
votes v,posts p,badges b,users u#p.Id=v.PostId,u.Id=p.OwnerUserId,u.Id=b.UserId#p.Score,>,-18,p.Score,<,162,p.CommentCount,>,19,p.CommentCount,<,26,u.DownVotes,>,664,u.DownVotes,<,1002,v.CreationDate,>,1263193552,v.CreationDate,<,1355169665,v.VoteTypeId,>,6,v.VoteTypeId,<,11,b.Date,>,1320305935,b.Date,<,1362390197#165
votes v,posts p,badges b,users u#p.Id=v.PostId,u.Id=p.OwnerUserId,u.Id=b.UserId#p.Score,>,-15,p.Score,<,118,p.CommentCount,>,16,p.CommentCount,<,28,u.DownVotes,>,772,u.DownVotes,<,1866,v.CreationDate,>,1252803636,v.CreationDate,<,1317945471,v.VoteTypeId,>,6,v.VoteTypeId,<,11,b.Date,>,1296969917,b.Date,<,1306729005#21
votes v,posts p,badges b,users u#p.Id=v.PostId,u.Id=p.OwnerUserId,u.Id=b.UserId#p.Score,>,-15,p.Score,<,162,p.CommentCount,>,2,p.CommentCount,<,17,u.DownVotes,>,749,u.DownVotes,<,1647,v.CreationDate,>,1277560003,v.CreationDate,<,1332481722,v.VoteTypeId,>,6,v.VoteTypeId,<,15,b.Date,>,1283962524,b.Date,<,1379848388#2961
votes v,posts p,badges b,users u#p.Id=v.PostId,u.Id=p.OwnerUserId,u.Id=b.UserId#p.Score,>,-8,p.Score,<,62,p.CommentCount,>,18,p.CommentCount,<,28,u.DownVotes,>,165,u.DownVotes,<,320,v.CreationDate,>,1293991080,v.CreationDate,<,1319575884,v.VoteTypeId,>,1,v.VoteTypeId,<,8,b.Date,>,1344974447,b.Date,<,1386101596#468
votes v,posts p,badges b,users u#p.Id=v.PostId,u.Id=p.OwnerUserId,u.Id=b.UserId#p.Score,>,5,p.Score,<,88,p.CommentCount,>,6,p.CommentCount,<,24,u.DownVotes,>,367,u.DownVotes,<,1885,v.CreationDate,>,1242104428,v.CreationDate,<,1304410508,v.VoteTypeId,>,1,v.VoteTypeId,<,3,b.Date,>,1303498555,b.Date,<,1351201338#35754
votes v,posts p,badges b,users u#p.Id=v.PostId,u.Id=p.OwnerUserId,u.Id=b.UserId#p.Score,>,2,p.Score,<,174,p.CommentCount,>,7,p.CommentCount,<,9,u.DownVotes,>,276,u.DownVotes,<,1182,v.CreationDate,>,1301242080,v.CreationDate,<,1358136497,v.VoteTypeId,>,1,v.VoteTypeId,<,12,b.Date,>,1310039004,b.Date,<,1367803239#27557
votes v,posts p,badges b,users u#p.Id=v.PostId,u.Id=p.OwnerUserId,u.Id=b.UserId#p.Score,>,19,p.Score,<,175,p.CommentCount,>,14,p.CommentCount,<,34,u.DownVotes,>,456,u.DownVotes,<,1600,v.CreationDate,>,1313425072,v.CreationDate,<,1357956513,v.VoteTypeId,>,1,v.VoteTypeId,<,15,b.Date,>,1299885390,b.Date,<,1335350745#2001
votes v,posts p,badges b,users u#p.Id=v.PostId,u.Id=p.OwnerUserId,u.Id=b.UserId#p.Score,>,5,p.Score,<,119,p.CommentCount,>,5,p.CommentCount,<,23,u.DownVotes,>,464,u.DownVotes,<,1525,v.CreationDate,>,1246799779,v.CreationDate,<,1401368053,v.VoteTypeId,>,4,v.VoteTypeId,<,11,b.Date,>,1338123064,b.Date,<,1370783760#4554
votes v,posts p,badges b,users u#p.Id=v.PostId,u.Id=p.OwnerUserId,u.Id=b.UserId#p.Score,>,19,p.Score,<,116,p.CommentCount,>,5,p.CommentCount,<,10,u.DownVotes,>,106,u.DownVotes,<,854,v.CreationDate,>,1269852212,v.CreationDate,<,1295383586,v.VoteTypeId,>,2,v.VoteTypeId,<,7,b.Date,>,1298919533,b.Date,<,1331981809#77
votes v,posts p,badges b,users u#p.Id=v.PostId,u.Id=p.OwnerUserId,u.Id=b.UserId#p.Score,>,0,p.Score,<,39,p.CommentCount,>,15,p.CommentCount,<,36,u.DownVotes,>,710,u.DownVotes,<,1677,v.CreationDate,>,1294820646,v.CreationDate,<,1378594179,v.VoteTypeId,>,1,v.VoteTypeId,<,14,b.Date,>,1373554514,b.Date,<,1396366381#6200
votes v,posts p,badges b,users u#p.Id=v.PostId,u.Id=p.OwnerUserId,u.Id=b.UserId#p.Score,>,3,p.Score,<,119,p.CommentCount,>,19,p.CommentCount,<,33,u.DownVotes,>,351,u.DownVotes,<,1815,v.CreationDate,>,1291131598,v.CreationDate,<,1321078022,v.VoteTypeId,>,1,v.VoteTypeId,<,5,b.Date,>,1324278346,b.Date,<,1338151852#272
votes v,posts p,badges b,users u#p.Id=v.PostId,u.Id=p.OwnerUserId,u.Id=b.UserId#p.Score,>,-3,p.Score,<,109,p.CommentCount,>,1,p.CommentCount,<,24,u.DownVotes,>,736,u.DownVotes,<,1521,v.CreationDate,>,1315094004,v.CreationDate,<,1376191093,v.VoteTypeId,>,7,v.VoteTypeId,<,14,b.Date,>,1330257053,b.Date,<,1364817414#1029
votes v,posts p,badges b,users u#p.Id=v.PostId,u.Id=p.OwnerUserId,u.Id=b.UserId#p.Score,>,9,p.Score,<,72,p.CommentCount,>,8,p.CommentCount,<,43,u.DownVotes,>,184,u.DownVotes,<,1315,v.CreationDate,>,1315043296,v.CreationDate,<,1359135467,v.VoteTypeId,>,8,v.VoteTypeId,<,12,b.Date,>,1306437736,b.Date,<,1397021658#164
votes v,posts p,badges b,users u#p.Id=v.PostId,u.Id=p.OwnerUserId,u.Id=b.UserId#p.Score,>,-14,p.Score,<,127,p.CommentCount,>,8,p.CommentCount,<,17,u.DownVotes,>,161,u.DownVotes,<,573,v.CreationDate,>,1236574865,v.CreationDate,<,1311338480,v.VoteTypeId,>,1,v.VoteTypeId,<,4,b.Date,>,1335983118,b.Date,<,1358735015#4680
votes v,posts p,badges b,users u#p.Id=v.PostId,u.Id=p.OwnerUserId,u.Id=b.UserId#p.Score,>,-11,p.Score,<,102,p.CommentCount,>,3,p.CommentCount,<,14,u.DownVotes,>,646,u.DownVotes,<,1831,v.CreationDate,>,1264356132,v.CreationDate,<,1355289662,v.VoteTypeId,>,1,v.VoteTypeId,<,11,b.Date,>,1352955149,b.Date,<,1356309100#12194
votes v,posts p,badges b,users u#p.Id=v.PostId,u.Id=p.OwnerUserId,u.Id=b.UserId#p.Score,>,-1,p.Score,<,22,p.CommentCount,>,2,p.CommentCount,<,11,u.DownVotes,>,83,u.DownVotes,<,378,v.CreationDate,>,1296115565,v.CreationDate,<,1368070689,v.VoteTypeId,>,1,v.VoteTypeId,<,14,b.Date,>,1386634374,b.Date,<,1397200631#58104
votes v,posts p,badges b,users u#p.Id=v.PostId,u.Id=p.OwnerUserId,u.Id=b.UserId#p.Score,>,11,p.Score,<,109,p.CommentCount,>,3,p.CommentCount,<,15,u.DownVotes,>,112,u.DownVotes,<,389,v.CreationDate,>,1270101874,v.CreationDate,<,1308127682,v.VoteTypeId,>,6,v.VoteTypeId,<,11,b.Date,>,1337799842,b.Date,<,1372549428#34
votes v,posts p,badges b,users u#p.Id=v.PostId,u.Id=p.OwnerUserId,u.Id=b.UserId#p.Score,>,-8,p.Score,<,54,p.CommentCount,>,5,p.CommentCount,<,25,u.DownVotes,>,263,u.DownVotes,<,983,v.CreationDate,>,1236190698,v.CreationDate,<,1325605926,v.VoteTypeId,>,5,v.VoteTypeId,<,12,b.Date,>,1291492001,b.Date,<,1313056939#290
votes v,posts p,badges b,users u#p.Id=v.PostId,u.Id=p.OwnerUserId,u.Id=b.UserId#p.Score,>,58,p.Score,<,77,p.CommentCount,>,2,p.CommentCount,<,16,u.DownVotes,>,456,u.DownVotes,<,1724,v.CreationDate,>,1268884184,v.CreationDate,<,1372031436,v.VoteTypeId,>,2,v.VoteTypeId,<,6,b.Date,>,1342002233,b.Date,<,1373736770#228
votes v,posts p,badges b,users u#p.Id=v.PostId,u.Id=p.OwnerUserId,u.Id=b.UserId#p.Score,>,-14,p.Score,<,17,p.CommentCount,>,9,p.CommentCount,<,16,u.DownVotes,>,35,u.DownVotes,<,1087,v.CreationDate,>,1252055731,v.CreationDate,<,1320472198,v.VoteTypeId,>,1,v.VoteTypeId,<,7,b.Date,>,1350826368,b.Date,<,1392015056#18972
votes v,posts p,badges b,users u#p.Id=v.PostId,u.Id=p.OwnerUserId,u.Id=b.UserId#p.Score,>,41,p.Score,<,141,p.CommentCount,>,0,p.CommentCount,<,25,u.DownVotes,>,777,u.DownVotes,<,1809,v.CreationDate,>,1334788383,v.CreationDate,<,1357541498,v.VoteTypeId,>,2,v.VoteTypeId,<,10,b.Date,>,1287212647,b.Date,<,1293976552#105
votes v,posts p,badges b,users u#p.Id=v.PostId,u.Id=p.OwnerUserId,u.Id=b.UserId#p.Score,>,-8,p.Score,<,12,p.CommentCount,>,13,p.CommentCount,<,25,u.DownVotes,>,649,u.DownVotes,<,1689,v.CreationDate,>,1298431997,v.CreationDate,<,1368419548,v.VoteTypeId,>,8,v.VoteTypeId,<,15,b.Date,>,1290697141,b.Date,<,1351276169#213
votes v,posts p,badges b,users u#p.Id=v.PostId,u.Id=p.OwnerUserId,u.Id=b.UserId#p.Score,>,-7,p.Score,<,83,p.CommentCount,>,8,p.CommentCount,<,30,u.DownVotes,>,235,u.DownVotes,<,789,v.CreationDate,>,1278973657,v.CreationDate,<,1374156438,v.VoteTypeId,>,5,v.VoteTypeId,<,13,b.Date,>,1305272353,b.Date,<,1390708762#1246
votes v,posts p,badges b,users u#p.Id=v.PostId,u.Id=p.OwnerUserId,u.Id=b.UserId#p.Score,>,3,p.Score,<,18,p.CommentCount,>,15,p.CommentCount,<,29,u.DownVotes,>,102,u.DownVotes,<,1120,v.CreationDate,>,1271089401,v.CreationDate,<,1325492816,v.VoteTypeId,>,4,v.VoteTypeId,<,11,b.Date,>,1332701344,b.Date,<,1385025222#219
votes v,posts p,badges b,users u#p.Id=v.PostId,u.Id=p.OwnerUserId,u.Id=b.UserId#p.Score,>,-7,p.Score,<,163,p.CommentCount,>,1,p.CommentCount,<,33,u.DownVotes,>,218,u.DownVotes,<,1038,v.CreationDate,>,1239082450,v.CreationDate,<,1347935683,v.VoteTypeId,>,6,v.VoteTypeId,<,9,b.Date,>,1280405007,b.Date,<,1388832789#512
votes v,posts p,badges b,users u#p.Id=v.PostId,u.Id=p.OwnerUserId,u.Id=b.UserId#p.Score,>,118,p.Score,<,181,p.CommentCount,>,1,p.CommentCount,<,11,u.DownVotes,>,58,u.DownVotes,<,395,v.CreationDate,>,1340906564,v.CreationDate,<,1404258654,v.VoteTypeId,>,1,v.VoteTypeId,<,12,b.Date,>,1314800900,b.Date,<,1352228782#2160
votes v,posts p,badges b,users u#p.Id=v.PostId,u.Id=p.OwnerUserId,u.Id=b.UserId#p.Score,>,31,p.Score,<,85,p.CommentCount,>,3,p.CommentCount,<,23,u.DownVotes,>,158,u.DownVotes,<,1838,v.CreationDate,>,1365625451,v.CreationDate,<,1375804437,v.VoteTypeId,>,2,v.VoteTypeId,<,9,b.Date,>,1320375900,b.Date,<,1369124931#716
votes v,posts p,badges b,users u#p.Id=v.PostId,u.Id=p.OwnerUserId,u.Id=b.UserId#p.Score,>,72,p.Score,<,153,p.CommentCount,>,1,p.CommentCount,<,20,u.DownVotes,>,34,u.DownVotes,<,1098,v.CreationDate,>,1281471719,v.CreationDate,<,1384553541,v.VoteTypeId,>,7,v.VoteTypeId,<,13,b.Date,>,1308830691,b.Date,<,1410330595#254
votes v,posts p,badges b,users u#p.Id=v.PostId,u.Id=p.OwnerUserId,u.Id=b.UserId#p.Score,>,55,p.Score,<,133,p.CommentCount,>,12,p.CommentCount,<,37,u.DownVotes,>,29,u.DownVotes,<,128,v.CreationDate,>,1293440769,v.CreationDate,<,1409367773,v.VoteTypeId,>,2,v.VoteTypeId,<,10,b.Date,>,1346627968,b.Date,<,1367171597#53
votes v,posts p,badges b,users u#p.Id=v.PostId,u.Id=p.OwnerUserId,u.Id=b.UserId#p.Score,>,-4,p.Score,<,49,p.CommentCount,>,20,p.CommentCount,<,40,u.DownVotes,>,45,u.DownVotes,<,1374,v.CreationDate,>,1239123765,v.CreationDate,<,1287624440,v.VoteTypeId,>,1,v.VoteTypeId,<,4,b.Date,>,1298203480,b.Date,<,1351237408#48
votes v,posts p,badges b,users u#p.Id=v.PostId,u.Id=p.OwnerUserId,u.Id=b.UserId#p.Score,>,-6,p.Score,<,99,p.CommentCount,>,5,p.CommentCount,<,42,u.DownVotes,>,0,u.DownVotes,<,682,v.CreationDate,>,1357080714,v.CreationDate,<,1366884823,v.VoteTypeId,>,10,v.VoteTypeId,<,15,b.Date,>,1325811725,b.Date,<,1355386186#56
votes v,posts p,badges b,users u#p.Id=v.PostId,u.Id=p.OwnerUserId,u.Id=b.UserId#p.Score,>,-8,p.Score,<,159,p.CommentCount,>,0,p.CommentCount,<,35,u.DownVotes,>,86,u.DownVotes,<,1216,v.CreationDate,>,1301439684,v.CreationDate,<,1324010202,v.VoteTypeId,>,3,v.VoteTypeId,<,8,b.Date,>,1300306556,b.Date,<,1404879791#4599
votes v,posts p,badges b,users u#p.Id=v.PostId,u.Id=p.OwnerUserId,u.Id=b.UserId#p.Score,>,14,p.Score,<,65,p.CommentCount,>,3,p.CommentCount,<,15,u.DownVotes,>,123,u.DownVotes,<,1085,v.CreationDate,>,1291748034,v.CreationDate,<,1326719427,v.VoteTypeId,>,2,v.VoteTypeId,<,11,b.Date,>,1299512714,b.Date,<,1401006780#3798
votes v,posts p,badges b,users u#p.Id=v.PostId,u.Id=p.OwnerUserId,u.Id=b.UserId#p.Score,>,43,p.Score,<,47,p.CommentCount,>,1,p.CommentCount,<,40,u.DownVotes,>,28,u.DownVotes,<,156,v.CreationDate,>,1290387945,v.CreationDate,<,1341223772,v.VoteTypeId,>,1,v.VoteTypeId,<,15,b.Date,>,1331038103,b.Date,<,1373773706#1000
votes v,posts p,badges b,users u#p.Id=v.PostId,u.Id=p.OwnerUserId,u.Id=b.UserId#p.Score,>,2,p.Score,<,139,p.CommentCount,>,14,p.CommentCount,<,29,u.DownVotes,>,260,u.DownVotes,<,958,v.CreationDate,>,1240269671,v.CreationDate,<,1318868050,v.VoteTypeId,>,2,v.VoteTypeId,<,14,b.Date,>,1327222163,b.Date,<,1403244475#305
votes v,posts p,badges b,users u#p.Id=v.PostId,u.Id=p.OwnerUserId,u.Id=b.UserId#p.Score,>,5,p.Score,<,79,p.CommentCount,>,0,p.CommentCount,<,44,u.DownVotes,>,369,u.DownVotes,<,1744,v.CreationDate,>,1343399551,v.CreationDate,<,1394682434,v.VoteTypeId,>,4,v.VoteTypeId,<,13,b.Date,>,1324674935,b.Date,<,1366726686#5637
votes v,posts p,badges b,users u#p.Id=v.PostId,u.Id=p.OwnerUserId,u.Id=b.UserId#p.Score,>,16,p.Score,<,141,p.CommentCount,>,2,p.CommentCount,<,12,u.DownVotes,>,3,u.DownVotes,<,1143,v.CreationDate,>,1312881341,v.CreationDate,<,1371740954,v.VoteTypeId,>,4,v.VoteTypeId,<,9,b.Date,>,1363299359,b.Date,<,1398900239#16255
votes v,posts p,badges b,users u#p.Id=v.PostId,u.Id=p.OwnerUserId,u.Id=b.UserId#p.Score,>,49,p.Score,<,169,p.CommentCount,>,3,p.CommentCount,<,38,u.DownVotes,>,231,u.DownVotes,<,1517,v.CreationDate,>,1368879147,v.CreationDate,<,1373958772,v.VoteTypeId,>,1,v.VoteTypeId,<,10,b.Date,>,1301861838,b.Date,<,1339429212#2142
votes v,posts p,badges b,users u#p.Id=v.PostId,u.Id=p.OwnerUserId,u.Id=b.UserId#p.Score,>,-9,p.Score,<,176,p.CommentCount,>,3,p.CommentCount,<,11,u.DownVotes,>,215,u.DownVotes,<,1801,v.CreationDate,>,1253026574,v.CreationDate,<,1347513219,v.VoteTypeId,>,8,v.VoteTypeId,<,10,b.Date,>,1286880031,b.Date,<,1391261578#3424
votes v,posts p,badges b,users u#p.Id=v.PostId,u.Id=p.OwnerUserId,u.Id=b.UserId#p.Score,>,56,p.Score,<,154,p.CommentCount,>,7,p.CommentCount,<,29,u.DownVotes,>,398,u.DownVotes,<,1115,v.CreationDate,>,1363726056,v.CreationDate,<,1402416077,v.VoteTypeId,>,2,v.VoteTypeId,<,12,b.Date,>,1391490807,b.Date,<,1407348666#60
votes v,posts p,badges b,users u#p.Id=v.PostId,u.Id=p.OwnerUserId,u.Id=b.UserId#p.Score,>,-12,p.Score,<,76,p.CommentCount,>,2,p.CommentCount,<,16,u.DownVotes,>,700,u.DownVotes,<,1108,v.CreationDate,>,1250483740,v.CreationDate,<,1334234922,v.VoteTypeId,>,1,v.VoteTypeId,<,11,b.Date,>,1352164916,b.Date,<,1367855350#64113
votes v,posts p,badges b,users u#p.Id=v.PostId,u.Id=p.OwnerUserId,u.Id=b.UserId#p.Score,>,24,p.Score,<,138,p.CommentCount,>,2,p.CommentCount,<,27,u.DownVotes,>,218,u.DownVotes,<,795,v.CreationDate,>,1261024223,v.CreationDate,<,1337249660,v.VoteTypeId,>,3,v.VoteTypeId,<,6,b.Date,>,1320480058,b.Date,<,1372953260#36
votes v,posts p,badges b,users u#p.Id=v.PostId,u.Id=p.OwnerUserId,u.Id=b.UserId#p.Score,>,9,p.Score,<,144,p.CommentCount,>,1,p.CommentCount,<,42,u.DownVotes,>,371,u.DownVotes,<,1876,v.CreationDate,>,1269544176,v.CreationDate,<,1323467617,v.VoteTypeId,>,3,v.VoteTypeId,<,11,b.Date,>,1286323905,b.Date,<,1333818327#1512
votes v,posts p,badges b,users u#p.Id=v.PostId,u.Id=p.OwnerUserId,u.Id=b.UserId#p.Score,>,21,p.Score,<,183,p.CommentCount,>,6,p.CommentCount,<,28,u.DownVotes,>,250,u.DownVotes,<,1748,v.CreationDate,>,1326653819,v.CreationDate,<,1359089345,v.VoteTypeId,>,1,v.VoteTypeId,<,14,b.Date,>,1281649956,b.Date,<,1380467800#91542
votes v,posts p,badges b,users u#p.Id=v.PostId,u.Id=p.OwnerUserId,u.Id=b.UserId#p.Score,>,7,p.Score,<,34,p.CommentCount,>,4,p.CommentCount,<,39,u.DownVotes,>,560,u.DownVotes,<,1151,v.CreationDate,>,1326020754,v.CreationDate,<,1408927972,v.VoteTypeId,>,2,v.VoteTypeId,<,7,b.Date,>,1306499554,b.Date,<,1374522740#2772
votes v,posts p,badges b,users u#p.Id=v.PostId,u.Id=p.OwnerUserId,u.Id=b.UserId#p.Score,>,-1,p.Score,<,68,p.CommentCount,>,3,p.CommentCount,<,41,u.DownVotes,>,200,u.DownVotes,<,1544,v.CreationDate,>,1310397959,v.CreationDate,<,1404428857,v.VoteTypeId,>,2,v.VoteTypeId,<,8,b.Date,>,1367363819,b.Date,<,1399485509#5071
votes v,posts p,badges b,users u#p.Id=v.PostId,u.Id=p.OwnerUserId,u.Id=b.UserId#p.Score,>,23,p.Score,<,96,p.CommentCount,>,14,p.CommentCount,<,39,u.DownVotes,>,200,u.DownVotes,<,595,v.CreationDate,>,1244564540,v.CreationDate,<,1364584563,v.VoteTypeId,>,2,v.VoteTypeId,<,14,b.Date,>,1311684148,b.Date,<,1401501358#106
votes v,posts p,badges b,users u#p.Id=v.PostId,u.Id=p.OwnerUserId,u.Id=b.UserId#p.Score,>,6,p.Score,<,177,p.CommentCount,>,1,p.CommentCount,<,41,u.DownVotes,>,769,u.DownVotes,<,1873,v.CreationDate,>,1292646740,v.CreationDate,<,1376275316,v.VoteTypeId,>,5,v.VoteTypeId,<,14,b.Date,>,1362475409,b.Date,<,1393984819#847
votes v,posts p,badges b,users u#p.Id=v.PostId,u.Id=p.OwnerUserId,u.Id=b.UserId#p.Score,>,17,p.Score,<,142,p.CommentCount,>,5,p.CommentCount,<,39,u.DownVotes,>,67,u.DownVotes,<,1294,v.CreationDate,>,1294190637,v.CreationDate,<,1400761834,v.VoteTypeId,>,1,v.VoteTypeId,<,3,b.Date,>,1376095646,b.Date,<,1376171135#950
votes v,posts p,badges b,users u#p.Id=v.PostId,u.Id=p.OwnerUserId,u.Id=b.UserId#p.Score,>,0,p.Score,<,102,p.CommentCount,>,2,p.CommentCount,<,41,u.DownVotes,>,607,u.DownVotes,<,1258,v.CreationDate,>,1246014522,v.CreationDate,<,1410072537,v.VoteTypeId,>,2,v.VoteTypeId,<,9,b.Date,>,1344270408,b.Date,<,1365319855#3388
votes v,posts p,badges b,users u#p.Id=v.PostId,u.Id=p.OwnerUserId,u.Id=b.UserId#p.Score,>,4,p.Score,<,128,p.CommentCount,>,15,p.CommentCount,<,25,u.DownVotes,>,178,u.DownVotes,<,406,v.CreationDate,>,1292002987,v.CreationDate,<,1392525879,v.VoteTypeId,>,7,v.VoteTypeId,<,13,b.Date,>,1328701565,b.Date,<,1331255713#2
votes v,posts p,badges b,users u#p.Id=v.PostId,u.Id=p.OwnerUserId,u.Id=b.UserId#p.Score,>,-18,p.Score,<,151,p.CommentCount,>,0,p.CommentCount,<,40,u.DownVotes,>,672,u.DownVotes,<,1029,v.CreationDate,>,1273990166,v.CreationDate,<,1355589613,v.VoteTypeId,>,4,v.VoteTypeId,<,10,b.Date,>,1361704811,b.Date,<,1367254826#372
votes v,posts p,badges b,users u#p.Id=v.PostId,u.Id=p.OwnerUserId,u.Id=b.UserId#p.Score,>,-5,p.Score,<,159,p.CommentCount,>,1,p.CommentCount,<,3,u.DownVotes,>,438,u.DownVotes,<,812,v.CreationDate,>,1245329232,v.CreationDate,<,1336300440,v.VoteTypeId,>,5,v.VoteTypeId,<,15,b.Date,>,1310650134,b.Date,<,1317262264#51
votes v,posts p,badges b,users u#p.Id=v.PostId,u.Id=p.OwnerUserId,u.Id=b.UserId#p.Score,>,10,p.Score,<,62,p.CommentCount,>,5,p.CommentCount,<,8,u.DownVotes,>,173,u.DownVotes,<,1676,v.CreationDate,>,1353507372,v.CreationDate,<,1383162632,v.VoteTypeId,>,3,v.VoteTypeId,<,12,b.Date,>,1297767629,b.Date,<,1304271728#144
votes v,posts p,badges b,users u#p.Id=v.PostId,u.Id=p.OwnerUserId,u.Id=b.UserId#p.Score,>,-17,p.Score,<,190,p.CommentCount,>,6,p.CommentCount,<,21,u.DownVotes,>,92,u.DownVotes,<,962,v.CreationDate,>,1305563294,v.CreationDate,<,1337247609,v.VoteTypeId,>,3,v.VoteTypeId,<,13,b.Date,>,1281625892,b.Date,<,1302318606#282
votes v,posts p,badges b,users u#p.Id=v.PostId,u.Id=p.OwnerUserId,u.Id=b.UserId#p.Score,>,-6,p.Score,<,18,p.CommentCount,>,5,p.CommentCount,<,38,u.DownVotes,>,103,u.DownVotes,<,1401,v.CreationDate,>,1239652265,v.CreationDate,<,1388710818,v.VoteTypeId,>,2,v.VoteTypeId,<,6,b.Date,>,1280316604,b.Date,<,1304940283#1212
votes v,posts p,badges b,users u#p.Id=v.PostId,u.Id=p.OwnerUserId,u.Id=b.UserId#p.Score,>,14,p.Score,<,64,p.CommentCount,>,4,p.CommentCount,<,41,u.DownVotes,>,410,u.DownVotes,<,1623,v.CreationDate,>,1274313800,v.CreationDate,<,1373413541,v.VoteTypeId,>,1,v.VoteTypeId,<,6,b.Date,>,1381539175,b.Date,<,1387078475#12208
votes v,posts p,badges b,users u#p.Id=v.PostId,u.Id=p.OwnerUserId,u.Id=b.UserId#p.Score,>,50,p.Score,<,113,p.CommentCount,>,6,p.CommentCount,<,31,u.DownVotes,>,691,u.DownVotes,<,1005,v.CreationDate,>,1348906126,v.CreationDate,<,1392564572,v.VoteTypeId,>,2,v.VoteTypeId,<,15,b.Date,>,1345676965,b.Date,<,1397167549#198
votes v,posts p,badges b,users u#p.Id=v.PostId,u.Id=p.OwnerUserId,u.Id=b.UserId#p.Score,>,45,p.Score,<,166,p.CommentCount,>,27,p.CommentCount,<,43,u.DownVotes,>,4,u.DownVotes,<,1002,v.CreationDate,>,1324771188,v.CreationDate,<,1406997614,v.VoteTypeId,>,1,v.VoteTypeId,<,14,b.Date,>,1302333516,b.Date,<,1397067455#13400
votes v,posts p,badges b,users u#p.Id=v.PostId,u.Id=p.OwnerUserId,u.Id=b.UserId#p.Score,>,-11,p.Score,<,25,p.CommentCount,>,3,p.CommentCount,<,7,u.DownVotes,>,2,u.DownVotes,<,1754,v.CreationDate,>,1284481102,v.CreationDate,<,1348401633,v.VoteTypeId,>,7,v.VoteTypeId,<,11,b.Date,>,1358510796,b.Date,<,1367646120#402
votes v,posts p,badges b,users u#p.Id=v.PostId,u.Id=p.OwnerUserId,u.Id=b.UserId#p.Score,>,16,p.Score,<,38,p.CommentCount,>,1,p.CommentCount,<,41,u.DownVotes,>,414,u.DownVotes,<,1209,v.CreationDate,>,1267850071,v.CreationDate,<,1399865115,v.VoteTypeId,>,2,v.VoteTypeId,<,11,b.Date,>,1317993958,b.Date,<,1354320171#725
votes v,posts p,badges b,users u#p.Id=v.PostId,u.Id=p.OwnerUserId,u.Id=b.UserId#p.Score,>,63,p.Score,<,164,p.CommentCount,>,11,p.CommentCount,<,31,u.DownVotes,>,79,u.DownVotes,<,1198,v.CreationDate,>,1355043422,v.CreationDate,<,1409484743,v.VoteTypeId,>,1,v.VoteTypeId,<,14,b.Date,>,1302854638,b.Date,<,1327422182#1428
votes v,posts p,badges b,users u#p.Id=v.PostId,u.Id=p.OwnerUserId,u.Id=b.UserId#p.Score,>,26,p.Score,<,54,p.CommentCount,>,3,p.CommentCount,<,14,u.DownVotes,>,688,u.DownVotes,<,1074,v.CreationDate,>,1355135935,v.CreationDate,<,1409392526,v.VoteTypeId,>,4,v.VoteTypeId,<,15,b.Date,>,1357355331,b.Date,<,1399073876#1620
votes v,posts p,badges b,users u#p.Id=v.PostId,u.Id=p.OwnerUserId,u.Id=b.UserId#p.Score,>,100,p.Score,<,153,p.CommentCount,>,10,p.CommentCount,<,27,u.DownVotes,>,119,u.DownVotes,<,230,v.CreationDate,>,1283822606,v.CreationDate,<,1362256571,v.VoteTypeId,>,1,v.VoteTypeId,<,4,b.Date,>,1301963159,b.Date,<,1369978111#7224
votes v,posts p,badges b,users u#p.Id=v.PostId,u.Id=p.OwnerUserId,u.Id=b.UserId#p.Score,>,31,p.Score,<,184,p.CommentCount,>,0,p.CommentCount,<,18,u.DownVotes,>,73,u.DownVotes,<,1340,v.CreationDate,>,1276744192,v.CreationDate,<,1368080408,v.VoteTypeId,>,1,v.VoteTypeId,<,15,b.Date,>,1322411421,b.Date,<,1400791654#372578
votes v,posts p,badges b,users u#p.Id=v.PostId,u.Id=p.OwnerUserId,u.Id=b.UserId#p.Score,>,5,p.Score,<,125,p.CommentCount,>,22,p.CommentCount,<,34,u.DownVotes,>,1,u.DownVotes,<,1901,v.CreationDate,>,1348855703,v.CreationDate,<,1393712756,v.VoteTypeId,>,4,v.VoteTypeId,<,15,b.Date,>,1285814177,b.Date,<,1401169012#612
votes v,posts p,badges b,users u#p.Id=v.PostId,u.Id=p.OwnerUserId,u.Id=b.UserId#p.Score,>,68,p.Score,<,131,p.CommentCount,>,4,p.CommentCount,<,12,u.DownVotes,>,138,u.DownVotes,<,972,v.CreationDate,>,1329594716,v.CreationDate,<,1410197429,v.VoteTypeId,>,1,v.VoteTypeId,<,14,b.Date,>,1361366136,b.Date,<,1407705532#36158
votes v,posts p,badges b,users u#p.Id=v.PostId,u.Id=p.OwnerUserId,u.Id=b.UserId#p.Score,>,5,p.Score,<,8,p.CommentCount,>,2,p.CommentCount,<,17,u.DownVotes,>,284,u.DownVotes,<,1084,v.CreationDate,>,1264451424,v.CreationDate,<,1385887090,v.VoteTypeId,>,1,v.VoteTypeId,<,10,b.Date,>,1328919317,b.Date,<,1356743359#65769
votes v,posts p,badges b,users u#p.Id=v.PostId,u.Id=p.OwnerUserId,u.Id=b.UserId#p.Score,>,54,p.Score,<,184,p.CommentCount,>,5,p.CommentCount,<,41,u.DownVotes,>,388,u.DownVotes,<,1088,v.CreationDate,>,1246134811,v.CreationDate,<,1364469926,v.VoteTypeId,>,1,v.VoteTypeId,<,13,b.Date,>,1372990765,b.Date,<,1404601649#38502
votes v,posts p,badges b,users u#p.Id=v.PostId,u.Id=p.OwnerUserId,u.Id=b.UserId#p.Score,>,-7,p.Score,<,139,p.CommentCount,>,3,p.CommentCount,<,19,u.DownVotes,>,734,u.DownVotes,<,1154,v.CreationDate,>,1347772138,v.CreationDate,<,1362252807,v.VoteTypeId,>,2,v.VoteTypeId,<,5,b.Date,>,1340832827,b.Date,<,1365459599#110
votes v,posts p,badges b,users u#p.Id=v.PostId,u.Id=p.OwnerUserId,u.Id=b.UserId#p.Score,>,-15,p.Score,<,142,p.CommentCount,>,6,p.CommentCount,<,29,u.DownVotes,>,444,u.DownVotes,<,1257,v.CreationDate,>,1298371250,v.CreationDate,<,1386500135,v.VoteTypeId,>,2,v.VoteTypeId,<,6,b.Date,>,1287505216,b.Date,<,1322629223#1188
votes v,posts p,badges b,users u#p.Id=v.PostId,u.Id=p.OwnerUserId,u.Id=b.UserId#p.Score,>,7,p.Score,<,92,p.CommentCount,>,14,p.CommentCount,<,38,u.DownVotes,>,266,u.DownVotes,<,1129,v.CreationDate,>,1276125860,v.CreationDate,<,1313230143,v.VoteTypeId,>,5,v.VoteTypeId,<,12,b.Date,>,1288665834,b.Date,<,1334747035#119
votes v,posts p,badges b,users u#p.Id=v.PostId,u.Id=p.OwnerUserId,u.Id=b.UserId#p.Score,>,15,p.Score,<,29,p.CommentCount,>,8,p.CommentCount,<,28,u.DownVotes,>,301,u.DownVotes,<,952,v.CreationDate,>,1348819087,v.CreationDate,<,1407949415,v.VoteTypeId,>,1,v.VoteTypeId,<,6,b.Date,>,1312716129,b.Date,<,1320899604#1145
votes v,posts p,badges b,users u#p.Id=v.PostId,u.Id=p.OwnerUserId,u.Id=b.UserId#p.Score,>,62,p.Score,<,114,p.CommentCount,>,5,p.CommentCount,<,42,u.DownVotes,>,109,u.DownVotes,<,690,v.CreationDate,>,1281839810,v.CreationDate,<,1395975571,v.VoteTypeId,>,1,v.VoteTypeId,<,6,b.Date,>,1299665773,b.Date,<,1404832043#33060
votes v,posts p,badges b,users u#p.Id=v.PostId,u.Id=p.OwnerUserId,u.Id=b.UserId#p.Score,>,-17,p.Score,<,134,p.CommentCount,>,8,p.CommentCount,<,32,u.DownVotes,>,614,u.DownVotes,<,1274,v.CreationDate,>,1349451749,v.CreationDate,<,1367115504,v.VoteTypeId,>,1,v.VoteTypeId,<,6,b.Date,>,1363322684,b.Date,<,1401250757#16200
votes v,posts p,badges b,users u#p.Id=v.PostId,u.Id=p.OwnerUserId,u.Id=b.UserId#p.Score,>,2,p.Score,<,114,p.CommentCount,>,6,p.CommentCount,<,28,u.DownVotes,>,64,u.DownVotes,<,915,v.CreationDate,>,1236922695,v.CreationDate,<,1379445091,v.VoteTypeId,>,8,v.VoteTypeId,<,14,b.Date,>,1350358753,b.Date,<,1354392813#90
votes v,posts p,badges b,users u#p.Id=v.PostId,u.Id=p.OwnerUserId,u.Id=b.UserId#p.Score,>,32,p.Score,<,176,p.CommentCount,>,10,p.CommentCount,<,17,u.DownVotes,>,96,u.DownVotes,<,260,v.CreationDate,>,1280853693,v.CreationDate,<,1359924537,v.VoteTypeId,>,1,v.VoteTypeId,<,13,b.Date,>,1305908416,b.Date,<,1397369410#23194
votes v,posts p,badges b,users u#p.Id=v.PostId,u.Id=p.OwnerUserId,u.Id=b.UserId#p.Score,>,24,p.Score,<,178,p.CommentCount,>,3,p.CommentCount,<,14,u.DownVotes,>,308,u.DownVotes,<,1764,v.CreationDate,>,1275392226,v.CreationDate,<,1354626411,v.VoteTypeId,>,4,v.VoteTypeId,<,8,b.Date,>,1377486706,b.Date,<,1378977816#55
votes v,posts p,badges b,users u#p.Id=v.PostId,u.Id=p.OwnerUserId,u.Id=b.UserId#p.Score,>,2,p.Score,<,151,p.CommentCount,>,4,p.CommentCount,<,16,u.DownVotes,>,570,u.DownVotes,<,1169,v.CreationDate,>,1260843012,v.CreationDate,<,1392676840,v.VoteTypeId,>,1,v.VoteTypeId,<,12,b.Date,>,1327892575,b.Date,<,1395329049#583168
votes v,posts p,badges b,users u#p.Id=v.PostId,u.Id=p.OwnerUserId,u.Id=b.UserId#p.Score,>,19,p.Score,<,57,p.CommentCount,>,6,p.CommentCount,<,16,u.DownVotes,>,356,u.DownVotes,<,1276,v.CreationDate,>,1257425455,v.CreationDate,<,1396251495,v.VoteTypeId,>,1,v.VoteTypeId,<,3,b.Date,>,1323673707,b.Date,<,1363602845#59568
votes v,posts p,badges b,users u#p.Id=v.PostId,u.Id=p.OwnerUserId,u.Id=b.UserId#p.Score,>,-6,p.Score,<,151,p.CommentCount,>,4,p.CommentCount,<,8,u.DownVotes,>,698,u.DownVotes,<,1286,v.CreationDate,>,1316601159,v.CreationDate,<,1358076890,v.VoteTypeId,>,1,v.VoteTypeId,<,5,b.Date,>,1357466545,b.Date,<,1409862992#98778
votes v,posts p,badges b,users u#p.Id=v.PostId,u.Id=p.OwnerUserId,u.Id=b.UserId#p.Score,>,130,p.Score,<,151,p.CommentCount,>,1,p.CommentCount,<,13,u.DownVotes,>,97,u.DownVotes,<,1413,v.CreationDate,>,1241215888,v.CreationDate,<,1370453943,v.VoteTypeId,>,6,v.VoteTypeId,<,15,b.Date,>,1288137270,b.Date,<,1408729552#249
votes v,posts p,badges b,users u#p.Id=v.PostId,u.Id=p.OwnerUserId,u.Id=b.UserId#p.Score,>,49,p.Score,<,156,p.CommentCount,>,0,p.CommentCount,<,42,u.DownVotes,>,524,u.DownVotes,<,1583,v.CreationDate,>,1246800033,v.CreationDate,<,1395827742,v.VoteTypeId,>,2,v.VoteTypeId,<,7,b.Date,>,1296107216,b.Date,<,1398318230#1095
votes v,posts p,badges b,users u#p.Id=v.PostId,u.Id=p.OwnerUserId,u.Id=b.UserId#p.Score,>,21,p.Score,<,115,p.CommentCount,>,0,p.CommentCount,<,11,u.DownVotes,>,677,u.DownVotes,<,1778,v.CreationDate,>,1334380685,v.CreationDate,<,1393172351,v.VoteTypeId,>,1,v.VoteTypeId,<,7,b.Date,>,1320063328,b.Date,<,1324201841#11130
votes v,posts p,badges b,users u#p.Id=v.PostId,u.Id=p.OwnerUserId,u.Id=b.UserId#p.Score,>,-10,p.Score,<,119,p.CommentCount,>,7,p.CommentCount,<,19,u.DownVotes,>,350,u.DownVotes,<,1614,v.CreationDate,>,1278245588,v.CreationDate,<,1376954861,v.VoteTypeId,>,5,v.VoteTypeId,<,14,b.Date,>,1282973237,b.Date,<,1304941390#98
votes v,posts p,badges b,users u#p.Id=v.PostId,u.Id=p.OwnerUserId,u.Id=b.UserId#p.Score,>,61,p.Score,<,158,p.CommentCount,>,4,p.CommentCount,<,37,u.DownVotes,>,546,u.DownVotes,<,1464,v.CreationDate,>,1267123233,v.CreationDate,<,1339749535,v.VoteTypeId,>,1,v.VoteTypeId,<,14,b.Date,>,1323794117,b.Date,<,1368462269#29848
votes v,posts p,badges b,users u#p.Id=v.PostId,u.Id=p.OwnerUserId,u.Id=b.UserId#p.Score,>,89,p.Score,<,136,p.CommentCount,>,4,p.CommentCount,<,30,u.DownVotes,>,680,u.DownVotes,<,1340,v.CreationDate,>,1302854166,v.CreationDate,<,1404078354,v.VoteTypeId,>,1,v.VoteTypeId,<,10,b.Date,>,1350625859,b.Date,<,1398196530#21328
votes v,posts p,badges b,users u#p.Id=v.PostId,u.Id=p.OwnerUserId,u.Id=b.UserId#p.Score,>,-2,p.Score,<,110,p.CommentCount,>,6,p.CommentCount,<,39,u.DownVotes,>,444,u.DownVotes,<,1235,v.CreationDate,>,1366194927,v.CreationDate,<,1378589697,v.VoteTypeId,>,3,v.VoteTypeId,<,11,b.Date,>,1344379673,b.Date,<,1382424446#294
votes v,posts p,badges b,users u#p.Id=v.PostId,u.Id=p.OwnerUserId,u.Id=b.UserId#p.Score,>,22,p.Score,<,157,p.CommentCount,>,0,p.CommentCount,<,13,u.DownVotes,>,22,u.DownVotes,<,1822,v.CreationDate,>,1262065599,v.CreationDate,<,1304150719,v.VoteTypeId,>,7,v.VoteTypeId,<,15,b.Date,>,1294821031,b.Date,<,1343190678#176
votes v,posts p,badges b,users u#p.Id=v.PostId,u.Id=p.OwnerUserId,u.Id=b.UserId#p.Score,>,15,p.Score,<,102,p.CommentCount,>,0,p.CommentCount,<,25,u.DownVotes,>,694,u.DownVotes,<,1136,v.CreationDate,>,1294237390,v.CreationDate,<,1324001317,v.VoteTypeId,>,4,v.VoteTypeId,<,8,b.Date,>,1309655292,b.Date,<,1351424828#165
votes v,posts p,badges b,users u#p.Id=v.PostId,u.Id=p.OwnerUserId,u.Id=b.UserId#p.Score,>,-1,p.Score,<,34,p.CommentCount,>,12,p.CommentCount,<,33,u.DownVotes,>,9,u.DownVotes,<,1084,v.CreationDate,>,1352262763,v.CreationDate,<,1367236348,v.VoteTypeId,>,2,v.VoteTypeId,<,11,b.Date,>,1325569066,b.Date,<,1365094137#177
votes v,posts p,badges b,users u#p.Id=v.PostId,u.Id=p.OwnerUserId,u.Id=b.UserId#p.Score,>,9,p.Score,<,26,p.CommentCount,>,0,p.CommentCount,<,39,u.DownVotes,>,34,u.DownVotes,<,1260,v.CreationDate,>,1279761671,v.CreationDate,<,1314985418,v.VoteTypeId,>,4,v.VoteTypeId,<,9,b.Date,>,1310516211,b.Date,<,1397380485#10866
votes v,posts p,badges b,users u#p.Id=v.PostId,u.Id=p.OwnerUserId,u.Id=b.UserId#p.Score,>,29,p.Score,<,173,p.CommentCount,>,1,p.CommentCount,<,34,u.DownVotes,>,480,u.DownVotes,<,1185,v.CreationDate,>,1284200848,v.CreationDate,<,1362463012,v.VoteTypeId,>,2,v.VoteTypeId,<,10,b.Date,>,1351554962,b.Date,<,1386464546#1200
votes v,posts p,badges b,users u#p.Id=v.PostId,u.Id=p.OwnerUserId,u.Id=b.UserId#p.Score,>,9,p.Score,<,112,p.CommentCount,>,1,p.CommentCount,<,33,u.DownVotes,>,96,u.DownVotes,<,996,v.CreationDate,>,1318478841,v.CreationDate,<,1362787112,v.VoteTypeId,>,3,v.VoteTypeId,<,13,b.Date,>,1345735632,b.Date,<,1361147661#2800
votes v,posts p,badges b,users u#p.Id=v.PostId,u.Id=p.OwnerUserId,u.Id=b.UserId#p.Score,>,0,p.Score,<,167,p.CommentCount,>,8,p.CommentCount,<,20,u.DownVotes,>,766,u.DownVotes,<,1454,v.CreationDate,>,1328319675,v.CreationDate,<,1386095811,v.VoteTypeId,>,2,v.VoteTypeId,<,13,b.Date,>,1346085624,b.Date,<,1378911724#248
votes v,posts p,badges b,users u#p.Id=v.PostId,u.Id=p.OwnerUserId,u.Id=b.UserId#p.Score,>,18,p.Score,<,116,p.CommentCount,>,1,p.CommentCount,<,24,u.DownVotes,>,96,u.DownVotes,<,1598,v.CreationDate,>,1247724059,v.CreationDate,<,1384093096,v.VoteTypeId,>,5,v.VoteTypeId,<,12,b.Date,>,1324211550,b.Date,<,1395401257#789
votes v,posts p,badges b,users u#p.Id=v.PostId,u.Id=p.OwnerUserId,u.Id=b.UserId#p.Score,>,25,p.Score,<,73,p.CommentCount,>,6,p.CommentCount,<,23,u.DownVotes,>,8,u.DownVotes,<,1728,v.CreationDate,>,1236642328,v.CreationDate,<,1327981601,v.VoteTypeId,>,2,v.VoteTypeId,<,5,b.Date,>,1361020319,b.Date,<,1372771542#81
votes v,posts p,badges b,users u#p.Id=v.PostId,u.Id=p.OwnerUserId,u.Id=b.UserId#p.Score,>,7,p.Score,<,171,p.CommentCount,>,5,p.CommentCount,<,30,u.DownVotes,>,161,u.DownVotes,<,282,v.CreationDate,>,1271953821,v.CreationDate,<,1356691494,v.VoteTypeId,>,4,v.VoteTypeId,<,9,b.Date,>,1347428357,b.Date,<,1387637290#240
votes v,posts p,badges b,users u#p.Id=v.PostId,u.Id=p.OwnerUserId,u.Id=b.UserId#p.Score,>,128,p.Score,<,190,p.CommentCount,>,6,p.CommentCount,<,15,u.DownVotes,>,94,u.DownVotes,<,1152,v.CreationDate,>,1331487104,v.CreationDate,<,1381045324,v.VoteTypeId,>,6,v.VoteTypeId,<,10,b.Date,>,1305975355,b.Date,<,1346995366#70
votes v,posts p,badges b,users u#p.Id=v.PostId,u.Id=p.OwnerUserId,u.Id=b.UserId#p.Score,>,-14,p.Score,<,56,p.CommentCount,>,11,p.CommentCount,<,37,u.DownVotes,>,297,u.DownVotes,<,897,v.CreationDate,>,1246414183,v.CreationDate,<,1394963194,v.VoteTypeId,>,7,v.VoteTypeId,<,9,b.Date,>,1301917942,b.Date,<,1346031519#110
votes v,posts p,badges b,users u#p.Id=v.PostId,u.Id=p.OwnerUserId,u.Id=b.UserId#p.Score,>,0,p.Score,<,148,p.CommentCount,>,19,p.CommentCount,<,41,u.DownVotes,>,770,u.DownVotes,<,1271,v.CreationDate,>,1292605867,v.CreationDate,<,1394820392,v.VoteTypeId,>,6,v.VoteTypeId,<,11,b.Date,>,1301443156,b.Date,<,1361074483#209
votes v,posts p,badges b,users u#p.Id=v.PostId,u.Id=p.OwnerUserId,u.Id=b.UserId#p.Score,>,41,p.Score,<,148,p.CommentCount,>,5,p.CommentCount,<,31,u.DownVotes,>,178,u.DownVotes,<,437,v.CreationDate,>,1262509035,v.CreationDate,<,1387953577,v.VoteTypeId,>,7,v.VoteTypeId,<,14,b.Date,>,1322082577,b.Date,<,1372970462#63
votes v,posts p,badges b,users u#p.Id=v.PostId,u.Id=p.OwnerUserId,u.Id=b.UserId#p.Score,>,-16,p.Score,<,102,p.CommentCount,>,10,p.CommentCount,<,28,u.DownVotes,>,189,u.DownVotes,<,566,v.CreationDate,>,1281880488,v.CreationDate,<,1359420159,v.VoteTypeId,>,7,v.VoteTypeId,<,12,b.Date,>,1280704684,b.Date,<,1345386938#500
votes v,posts p,badges b,users u#p.Id=v.PostId,u.Id=p.OwnerUserId,u.Id=b.UserId#p.Score,>,3,p.Score,<,179,p.CommentCount,>,5,p.CommentCount,<,30,u.DownVotes,>,35,u.DownVotes,<,1329,v.CreationDate,>,1328157203,v.CreationDate,<,1395262755,v.VoteTypeId,>,1,v.VoteTypeId,<,7,b.Date,>,1385386277,b.Date,<,1403814320#246223
votes v,posts p,badges b,users u#p.Id=v.PostId,u.Id=p.OwnerUserId,u.Id=b.UserId#p.Score,>,-4,p.Score,<,170,p.CommentCount,>,6,p.CommentCount,<,29,u.DownVotes,>,75,u.DownVotes,<,1818,v.CreationDate,>,1249853283,v.CreationDate,<,1360647476,v.VoteTypeId,>,2,v.VoteTypeId,<,7,b.Date,>,1346831377,b.Date,<,1406728662#9051
votes v,posts p,badges b,users u#p.Id=v.PostId,u.Id=p.OwnerUserId,u.Id=b.UserId#p.Score,>,-3,p.Score,<,32,p.CommentCount,>,0,p.CommentCount,<,13,u.DownVotes,>,540,u.DownVotes,<,1046,v.CreationDate,>,1244640517,v.CreationDate,<,1398376330,v.VoteTypeId,>,7,v.VoteTypeId,<,14,b.Date,>,1280955115,b.Date,<,1308060197#1365
votes v,posts p,badges b,users u#p.Id=v.PostId,u.Id=p.OwnerUserId,u.Id=b.UserId#p.Score,>,38,p.Score,<,112,p.CommentCount,>,0,p.CommentCount,<,38,u.DownVotes,>,82,u.DownVotes,<,1509,v.CreationDate,>,1335200830,v.CreationDate,<,1383709654,v.VoteTypeId,>,3,v.VoteTypeId,<,14,b.Date,>,1332338501,b.Date,<,1338241416#328
votes v,posts p,badges b,users u#p.Id=v.PostId,u.Id=p.OwnerUserId,u.Id=b.UserId#p.Score,>,-1,p.Score,<,17,p.CommentCount,>,10,p.CommentCount,<,38,u.DownVotes,>,611,u.DownVotes,<,926,v.CreationDate,>,1298942516,v.CreationDate,<,1408935675,v.VoteTypeId,>,1,v.VoteTypeId,<,13,b.Date,>,1293094718,b.Date,<,1306517317#6420
votes v,posts p,badges b,users u#p.Id=v.PostId,u.Id=p.OwnerUserId,u.Id=b.UserId#p.Score,>,53,p.Score,<,147,p.CommentCount,>,2,p.CommentCount,<,10,u.DownVotes,>,31,u.DownVotes,<,347,v.CreationDate,>,1303071231,v.CreationDate,<,1330406876,v.VoteTypeId,>,1,v.VoteTypeId,<,5,b.Date,>,1289796919,b.Date,<,1292039387#461
votes v,posts p,badges b,users u#p.Id=v.PostId,u.Id=p.OwnerUserId,u.Id=b.UserId#p.Score,>,1,p.Score,<,104,p.CommentCount,>,15,p.CommentCount,<,28,u.DownVotes,>,129,u.DownVotes,<,1190,v.CreationDate,>,1272083765,v.CreationDate,<,1342463337,v.VoteTypeId,>,1,v.VoteTypeId,<,12,b.Date,>,1334093221,b.Date,<,1402886090#20723
votes v,posts p,badges b,users u#p.Id=v.PostId,u.Id=p.OwnerUserId,u.Id=b.UserId#p.Score,>,0,p.Score,<,122,p.CommentCount,>,6,p.CommentCount,<,38,u.DownVotes,>,213,u.DownVotes,<,1189,v.CreationDate,>,1317892701,v.CreationDate,<,1395329366,v.VoteTypeId,>,4,v.VoteTypeId,<,10,b.Date,>,1364737611,b.Date,<,1387157454#844
votes v,posts p,badges b,users u#p.Id=v.PostId,u.Id=p.OwnerUserId,u.Id=b.UserId#p.Score,>,70,p.Score,<,183,p.CommentCount,>,7,p.CommentCount,<,26,u.DownVotes,>,16,u.DownVotes,<,612,v.CreationDate,>,1300499628,v.CreationDate,<,1392217190,v.VoteTypeId,>,3,v.VoteTypeId,<,13,b.Date,>,1294633429,b.Date,<,1386508186#174
votes v,posts p,badges b,users u#p.Id=v.PostId,u.Id=p.OwnerUserId,u.Id=b.UserId#p.Score,>,-15,p.Score,<,22,p.CommentCount,>,1,p.CommentCount,<,43,u.DownVotes,>,755,u.DownVotes,<,1665,v.CreationDate,>,1343755000,v.CreationDate,<,1347493931,v.VoteTypeId,>,1,v.VoteTypeId,<,5,b.Date,>,1317987447,b.Date,<,1387371230#35757
votes v,posts p,badges b,users u#p.Id=v.PostId,u.Id=p.OwnerUserId,u.Id=b.UserId#p.Score,>,-4,p.Score,<,123,p.CommentCount,>,0,p.CommentCount,<,13,u.DownVotes,>,172,u.DownVotes,<,1088,v.CreationDate,>,1238728514,v.CreationDate,<,1354101645,v.VoteTypeId,>,6,v.VoteTypeId,<,15,b.Date,>,1353614488,b.Date,<,1373127510#1384
votes v,posts p,badges b,users u#p.Id=v.PostId,u.Id=p.OwnerUserId,u.Id=b.UserId#p.Score,>,58,p.Score,<,151,p.CommentCount,>,0,p.CommentCount,<,41,u.DownVotes,>,57,u.DownVotes,<,601,v.CreationDate,>,1325457114,v.CreationDate,<,1352917791,v.VoteTypeId,>,4,v.VoteTypeId,<,7,b.Date,>,1286736729,b.Date,<,1317079188#525
votes v,posts p,badges b,users u#p.Id=v.PostId,u.Id=p.OwnerUserId,u.Id=b.UserId#p.Score,>,2,p.Score,<,177,p.CommentCount,>,8,p.CommentCount,<,34,u.DownVotes,>,729,u.DownVotes,<,1303,v.CreationDate,>,1325820516,v.CreationDate,<,1381828668,v.VoteTypeId,>,7,v.VoteTypeId,<,15,b.Date,>,1327205625,b.Date,<,1360514629#134
votes v,posts p,badges b,users u#p.Id=v.PostId,u.Id=p.OwnerUserId,u.Id=b.UserId#p.Score,>,10,p.Score,<,68,p.CommentCount,>,17,p.CommentCount,<,36,u.DownVotes,>,73,u.DownVotes,<,731,v.CreationDate,>,1258452108,v.CreationDate,<,1339389995,v.VoteTypeId,>,1,v.VoteTypeId,<,9,b.Date,>,1310671910,b.Date,<,1378180442#3665
votes v,posts p,badges b,users u#p.Id=v.PostId,u.Id=p.OwnerUserId,u.Id=b.UserId#p.Score,>,129,p.Score,<,174,p.CommentCount,>,7,p.CommentCount,<,44,u.DownVotes,>,15,u.DownVotes,<,1070,v.CreationDate,>,1334424704,v.CreationDate,<,1342318694,v.VoteTypeId,>,1,v.VoteTypeId,<,5,b.Date,>,1298632397,b.Date,<,1365483732#1952
votes v,posts p,badges b,users u#p.Id=v.PostId,u.Id=p.OwnerUserId,u.Id=b.UserId#p.Score,>,-15,p.Score,<,76,p.CommentCount,>,3,p.CommentCount,<,37,u.DownVotes,>,198,u.DownVotes,<,258,v.CreationDate,>,1242468879,v.CreationDate,<,1363502489,v.VoteTypeId,>,3,v.VoteTypeId,<,11,b.Date,>,1330129460,b.Date,<,1376261959#1716
votes v,posts p,badges b,users u#p.Id=v.PostId,u.Id=p.OwnerUserId,u.Id=b.UserId#p.Score,>,95,p.Score,<,112,p.CommentCount,>,14,p.CommentCount,<,42,u.DownVotes,>,21,u.DownVotes,<,341,v.CreationDate,>,1242732737,v.CreationDate,<,1365933343,v.VoteTypeId,>,1,v.VoteTypeId,<,12,b.Date,>,1340860603,b.Date,<,1405816385#8820
votes v,posts p,badges b,users u#p.Id=v.PostId,u.Id=p.OwnerUserId,u.Id=b.UserId#p.Score,>,44,p.Score,<,152,p.CommentCount,>,3,p.CommentCount,<,21,u.DownVotes,>,143,u.DownVotes,<,1408,v.CreationDate,>,1283600047,v.CreationDate,<,1361850995,v.VoteTypeId,>,4,v.VoteTypeId,<,9,b.Date,>,1291641894,b.Date,<,1388536507#2688
votes v,posts p,badges b,users u#p.Id=v.PostId,u.Id=p.OwnerUserId,u.Id=b.UserId#p.Score,>,-17,p.Score,<,83,p.CommentCount,>,7,p.CommentCount,<,22,u.DownVotes,>,94,u.DownVotes,<,1505,v.CreationDate,>,1318724206,v.CreationDate,<,1338483023,v.VoteTypeId,>,3,v.VoteTypeId,<,7,b.Date,>,1282043984,b.Date,<,1379027007#236
votes v,posts p,badges b,users u#p.Id=v.PostId,u.Id=p.OwnerUserId,u.Id=b.UserId#p.Score,>,111,p.Score,<,169,p.CommentCount,>,6,p.CommentCount,<,35,u.DownVotes,>,46,u.DownVotes,<,1189,v.CreationDate,>,1246789177,v.CreationDate,<,1344063496,v.VoteTypeId,>,6,v.VoteTypeId,<,13,b.Date,>,1327797583,b.Date,<,1354568293#84
votes v,posts p,badges b,users u#p.Id=v.PostId,u.Id=p.OwnerUserId,u.Id=b.UserId#p.Score,>,6,p.Score,<,133,p.CommentCount,>,0,p.CommentCount,<,22,u.DownVotes,>,541,u.DownVotes,<,1893,v.CreationDate,>,1256995001,v.CreationDate,<,1404625156,v.VoteTypeId,>,5,v.VoteTypeId,<,15,b.Date,>,1342623107,b.Date,<,1381876893#2128
votes v,posts p,badges b,users u#p.Id=v.PostId,u.Id=p.OwnerUserId,u.Id=b.UserId#p.Score,>,-16,p.Score,<,186,p.CommentCount,>,18,p.CommentCount,<,30,u.DownVotes,>,190,u.DownVotes,<,548,v.CreationDate,>,1251086245,v.CreationDate,<,1335122323,v.VoteTypeId,>,8,v.VoteTypeId,<,12,b.Date,>,1313386567,b.Date,<,1346255456#44
votes v,posts p,badges b,users u#p.Id=v.PostId,u.Id=p.OwnerUserId,u.Id=b.UserId#p.Score,>,11,p.Score,<,63,p.CommentCount,>,7,p.CommentCount,<,33,u.DownVotes,>,56,u.DownVotes,<,673,v.CreationDate,>,1331169899,v.CreationDate,<,1362434544,v.VoteTypeId,>,3,v.VoteTypeId,<,6,b.Date,>,1352930096,b.Date,<,1397854242#876
votes v,posts p,badges b,users u#p.Id=v.PostId,u.Id=p.OwnerUserId,u.Id=b.UserId#p.Score,>,-16,p.Score,<,160,p.CommentCount,>,15,p.CommentCount,<,27,u.DownVotes,>,228,u.DownVotes,<,690,v.CreationDate,>,1349784704,v.CreationDate,<,1375746561,v.VoteTypeId,>,1,v.VoteTypeId,<,13,b.Date,>,1299398372,b.Date,<,1341223914#264
votes v,posts p,badges b,users u#p.Id=v.PostId,u.Id=p.OwnerUserId,u.Id=b.UserId#p.Score,>,10,p.Score,<,123,p.CommentCount,>,11,p.CommentCount,<,19,u.DownVotes,>,108,u.DownVotes,<,1770,v.CreationDate,>,1317088445,v.CreationDate,<,1353633268,v.VoteTypeId,>,4,v.VoteTypeId,<,10,b.Date,>,1283261115,b.Date,<,1340417921#374
votes v,posts p,badges b,users u#p.Id=v.PostId,u.Id=p.OwnerUserId,u.Id=b.UserId#p.Score,>,-9,p.Score,<,41,p.CommentCount,>,16,p.CommentCount,<,33,u.DownVotes,>,578,u.DownVotes,<,1882,v.CreationDate,>,1328310111,v.CreationDate,<,1368881991,v.VoteTypeId,>,1,v.VoteTypeId,<,4,b.Date,>,1347491005,b.Date,<,1356291957#231
votes v,posts p,badges b,users u#p.Id=v.PostId,u.Id=p.OwnerUserId,u.Id=b.UserId#p.Score,>,-11,p.Score,<,26,p.CommentCount,>,4,p.CommentCount,<,26,u.DownVotes,>,311,u.DownVotes,<,1475,v.CreationDate,>,1294254380,v.CreationDate,<,1371136606,v.VoteTypeId,>,2,v.VoteTypeId,<,15,b.Date,>,1321713788,b.Date,<,1407261877#7044
votes v,posts p,badges b,users u#p.Id=v.PostId,u.Id=p.OwnerUserId,u.Id=b.UserId#p.Score,>,4,p.Score,<,140,p.CommentCount,>,4,p.CommentCount,<,40,u.DownVotes,>,773,u.DownVotes,<,865,v.CreationDate,>,1253098134,v.CreationDate,<,1351803826,v.VoteTypeId,>,2,v.VoteTypeId,<,6,b.Date,>,1323154809,b.Date,<,1408087471#5576
votes v,posts p,badges b,users u#p.Id=v.PostId,u.Id=p.OwnerUserId,u.Id=b.UserId#p.Score,>,-13,p.Score,<,168,p.CommentCount,>,12,p.CommentCount,<,18,u.DownVotes,>,421,u.DownVotes,<,1796,v.CreationDate,>,1306691515,v.CreationDate,<,1394629059,v.VoteTypeId,>,2,v.VoteTypeId,<,11,b.Date,>,1292038594,b.Date,<,1364791764#248
votes v,posts p,badges b,users u#p.Id=v.PostId,u.Id=p.OwnerUserId,u.Id=b.UserId#p.Score,>,9,p.Score,<,105,p.CommentCount,>,3,p.CommentCount,<,9,u.DownVotes,>,770,u.DownVotes,<,1114,v.CreationDate,>,1248134034,v.CreationDate,<,1355837549,v.VoteTypeId,>,4,v.VoteTypeId,<,8,b.Date,>,1299830471,b.Date,<,1328226575#1080
votes v,posts p,badges b,users u#p.Id=v.PostId,u.Id=p.OwnerUserId,u.Id=b.UserId#p.Score,>,-2,p.Score,<,73,p.CommentCount,>,9,p.CommentCount,<,24,u.DownVotes,>,85,u.DownVotes,<,1384,v.CreationDate,>,1253616226,v.CreationDate,<,1368152082,v.VoteTypeId,>,1,v.VoteTypeId,<,10,b.Date,>,1348097348,b.Date,<,1393268269#106387
votes v,posts p,badges b,users u#p.Id=v.PostId,u.Id=p.OwnerUserId,u.Id=b.UserId#p.Score,>,-4,p.Score,<,29,p.CommentCount,>,10,p.CommentCount,<,15,u.DownVotes,>,86,u.DownVotes,<,593,v.CreationDate,>,1327913732,v.CreationDate,<,1378590092,v.VoteTypeId,>,3,v.VoteTypeId,<,13,b.Date,>,1335946318,b.Date,<,1339278022#267
votes v,posts p,badges b,users u#p.Id=v.PostId,u.Id=p.OwnerUserId,u.Id=b.UserId#p.Score,>,23,p.Score,<,45,p.CommentCount,>,4,p.CommentCount,<,32,u.DownVotes,>,693,u.DownVotes,<,1490,v.CreationDate,>,1319299376,v.CreationDate,<,1405982805,v.VoteTypeId,>,7,v.VoteTypeId,<,10,b.Date,>,1374303751,b.Date,<,1389444276#53
votes v,posts p,badges b,users u#p.Id=v.PostId,u.Id=p.OwnerUserId,u.Id=b.UserId#p.Score,>,75,p.Score,<,183,p.CommentCount,>,3,p.CommentCount,<,20,u.DownVotes,>,102,u.DownVotes,<,1902,v.CreationDate,>,1246115219,v.CreationDate,<,1347232142,v.VoteTypeId,>,8,v.VoteTypeId,<,14,b.Date,>,1309132231,b.Date,<,1379184346#150
votes v,posts p,badges b,users u#p.Id=v.PostId,u.Id=p.OwnerUserId,u.Id=b.UserId#p.Score,>,48,p.Score,<,190,p.CommentCount,>,0,p.CommentCount,<,29,u.DownVotes,>,374,u.DownVotes,<,1034,v.CreationDate,>,1345794584,v.CreationDate,<,1410158124,v.VoteTypeId,>,2,v.VoteTypeId,<,7,b.Date,>,1345791454,b.Date,<,1404719751#4176
votes v,posts p,badges b,users u#p.Id=v.PostId,u.Id=p.OwnerUserId,u.Id=b.UserId#p.Score,>,-7,p.Score,<,116,p.CommentCount,>,18,p.CommentCount,<,40,u.DownVotes,>,101,u.DownVotes,<,1209,v.CreationDate,>,1368122532,v.CreationDate,<,1386249563,v.VoteTypeId,>,3,v.VoteTypeId,<,11,b.Date,>,1370420170,b.Date,<,1402824399#39
votes v,posts p,badges b,users u#p.Id=v.PostId,u.Id=p.OwnerUserId,u.Id=b.UserId#p.Score,>,-11,p.Score,<,174,p.CommentCount,>,1,p.CommentCount,<,17,u.DownVotes,>,349,u.DownVotes,<,1298,v.CreationDate,>,1271476001,v.CreationDate,<,1330452254,v.VoteTypeId,>,6,v.VoteTypeId,<,14,b.Date,>,1333219613,b.Date,<,1344144760#768
votes v,posts p,badges b,users u#p.Id=v.PostId,u.Id=p.OwnerUserId,u.Id=b.UserId#p.Score,>,23,p.Score,<,82,p.CommentCount,>,8,p.CommentCount,<,34,u.DownVotes,>,302,u.DownVotes,<,541,v.CreationDate,>,1264359368,v.CreationDate,<,1390605084,v.VoteTypeId,>,1,v.VoteTypeId,<,15,b.Date,>,1326663462,b.Date,<,1360823064#3570
votes v,posts p,badges b,users u#p.Id=v.PostId,u.Id=p.OwnerUserId,u.Id=b.UserId#p.Score,>,21,p.Score,<,146,p.CommentCount,>,6,p.CommentCount,<,21,u.DownVotes,>,755,u.DownVotes,<,896,v.CreationDate,>,1372475972,v.CreationDate,<,1410183941,v.VoteTypeId,>,5,v.VoteTypeId,<,15,b.Date,>,1281308132,b.Date,<,1378091333#328
votes v,posts p,badges b,users u#p.Id=v.PostId,u.Id=p.OwnerUserId,u.Id=b.UserId#p.Score,>,-12,p.Score,<,-8,p.CommentCount,>,0,p.CommentCount,<,35,u.DownVotes,>,1,u.DownVotes,<,1586,v.CreationDate,>,1331925201,v.CreationDate,<,1366116918,v.VoteTypeId,>,1,v.VoteTypeId,<,8,b.Date,>,1289627658,b.Date,<,1371971614#104
votes v,posts p,badges b,users u#p.Id=v.PostId,u.Id=p.OwnerUserId,u.Id=b.UserId#p.Score,>,-7,p.Score,<,178,p.CommentCount,>,6,p.CommentCount,<,41,u.DownVotes,>,167,u.DownVotes,<,1694,v.CreationDate,>,1272396657,v.CreationDate,<,1359483905,v.VoteTypeId,>,7,v.VoteTypeId,<,10,b.Date,>,1337836995,b.Date,<,1393068295#1604
votes v,posts p,badges b,users u#p.Id=v.PostId,u.Id=p.OwnerUserId,u.Id=b.UserId#p.Score,>,-17,p.Score,<,108,p.CommentCount,>,19,p.CommentCount,<,28,u.DownVotes,>,419,u.DownVotes,<,867,v.CreationDate,>,1244727043,v.CreationDate,<,1324479977,v.VoteTypeId,>,7,v.VoteTypeId,<,12,b.Date,>,1348784636,b.Date,<,1393126302#161
votes v,posts p,badges b,users u#p.Id=v.PostId,u.Id=p.OwnerUserId,u.Id=b.UserId#p.Score,>,13,p.Score,<,59,p.CommentCount,>,6,p.CommentCount,<,24,u.DownVotes,>,721,u.DownVotes,<,1736,v.CreationDate,>,1256113593,v.CreationDate,<,1378645658,v.VoteTypeId,>,1,v.VoteTypeId,<,11,b.Date,>,1343844578,b.Date,<,1401241780#112548
votes v,posts p,badges b,users u#p.Id=v.PostId,u.Id=p.OwnerUserId,u.Id=b.UserId#p.Score,>,22,p.Score,<,78,p.CommentCount,>,8,p.CommentCount,<,44,u.DownVotes,>,190,u.DownVotes,<,574,v.CreationDate,>,1286420606,v.CreationDate,<,1401639150,v.VoteTypeId,>,2,v.VoteTypeId,<,12,b.Date,>,1320339928,b.Date,<,1327678943#10
votes v,posts p,badges b,users u#p.Id=v.PostId,u.Id=p.OwnerUserId,u.Id=b.UserId#p.Score,>,-7,p.Score,<,24,p.CommentCount,>,0,p.CommentCount,<,26,u.DownVotes,>,327,u.DownVotes,<,1896,v.CreationDate,>,1340851431,v.CreationDate,<,1399335986,v.VoteTypeId,>,2,v.VoteTypeId,<,11,b.Date,>,1294936809,b.Date,<,1317372416#1350
votes v,posts p,badges b,users u#p.Id=v.PostId,u.Id=p.OwnerUserId,u.Id=b.UserId#p.Score,>,-2,p.Score,<,40,p.CommentCount,>,11,p.CommentCount,<,41,u.DownVotes,>,599,u.DownVotes,<,873,v.CreationDate,>,1264865427,v.CreationDate,<,1345612149,v.VoteTypeId,>,7,v.VoteTypeId,<,13,b.Date,>,1292867839,b.Date,<,1396936977#370
votes v,posts p,badges b,users u#p.Id=v.PostId,u.Id=p.OwnerUserId,u.Id=b.UserId#p.Score,>,61,p.Score,<,74,p.CommentCount,>,4,p.CommentCount,<,27,u.DownVotes,>,555,u.DownVotes,<,1691,v.CreationDate,>,1366992539,v.CreationDate,<,1389490094,v.VoteTypeId,>,1,v.VoteTypeId,<,15,b.Date,>,1364154031,b.Date,<,1379962403#2880
votes v,posts p,badges b,users u#p.Id=v.PostId,u.Id=p.OwnerUserId,u.Id=b.UserId#p.Score,>,49,p.Score,<,116,p.CommentCount,>,9,p.CommentCount,<,42,u.DownVotes,>,4,u.DownVotes,<,586,v.CreationDate,>,1288349897,v.CreationDate,<,1380908031,v.VoteTypeId,>,2,v.VoteTypeId,<,5,b.Date,>,1324218665,b.Date,<,1402687284#209
votes v,posts p,badges b,users u#p.Id=v.PostId,u.Id=p.OwnerUserId,u.Id=b.UserId#p.Score,>,0,p.Score,<,6,p.CommentCount,>,9,p.CommentCount,<,15,u.DownVotes,>,435,u.DownVotes,<,1698,v.CreationDate,>,1299744154,v.CreationDate,<,1383767741,v.VoteTypeId,>,4,v.VoteTypeId,<,14,b.Date,>,1338561660,b.Date,<,1353661814#89
votes v,posts p,badges b,users u#p.Id=v.PostId,u.Id=p.OwnerUserId,u.Id=b.UserId#p.Score,>,47,p.Score,<,115,p.CommentCount,>,4,p.CommentCount,<,29,u.DownVotes,>,320,u.DownVotes,<,1804,v.CreationDate,>,1304231429,v.CreationDate,<,1337591514,v.VoteTypeId,>,1,v.VoteTypeId,<,6,b.Date,>,1308768149,b.Date,<,1324903864#6273
votes v,posts p,badges b,users u#p.Id=v.PostId,u.Id=p.OwnerUserId,u.Id=b.UserId#p.Score,>,69,p.Score,<,170,p.CommentCount,>,0,p.CommentCount,<,32,u.DownVotes,>,176,u.DownVotes,<,1663,v.CreationDate,>,1324321787,v.CreationDate,<,1399064505,v.VoteTypeId,>,1,v.VoteTypeId,<,3,b.Date,>,1309995815,b.Date,<,1382763079#54450
votes v,posts p,badges b,users u#p.Id=v.PostId,u.Id=p.OwnerUserId,u.Id=b.UserId#p.Score,>,68,p.Score,<,189,p.CommentCount,>,6,p.CommentCount,<,16,u.DownVotes,>,255,u.DownVotes,<,1053,v.CreationDate,>,1252220760,v.CreationDate,<,1405643744,v.VoteTypeId,>,2,v.VoteTypeId,<,15,b.Date,>,1350593872,b.Date,<,1390398339#272
votes v,posts p,badges b,users u#p.Id=v.PostId,u.Id=p.OwnerUserId,u.Id=b.UserId#p.Score,>,-3,p.Score,<,164,p.CommentCount,>,6,p.CommentCount,<,12,u.DownVotes,>,375,u.DownVotes,<,1422,v.CreationDate,>,1251256230,v.CreationDate,<,1347794170,v.VoteTypeId,>,2,v.VoteTypeId,<,7,b.Date,>,1287272567,b.Date,<,1312348728#729
votes v,posts p,badges b,users u#p.Id=v.PostId,u.Id=p.OwnerUserId,u.Id=b.UserId#p.Score,>,30,p.Score,<,46,p.CommentCount,>,4,p.CommentCount,<,40,u.DownVotes,>,92,u.DownVotes,<,797,v.CreationDate,>,1289826546,v.CreationDate,<,1405624992,v.VoteTypeId,>,2,v.VoteTypeId,<,7,b.Date,>,1328892404,b.Date,<,1356498286#211
votes v,posts p,badges b,users u#p.Id=v.PostId,u.Id=p.OwnerUserId,u.Id=b.UserId#p.Score,>,34,p.Score,<,134,p.CommentCount,>,4,p.CommentCount,<,13,u.DownVotes,>,171,u.DownVotes,<,1551,v.CreationDate,>,1326126827,v.CreationDate,<,1407044735,v.VoteTypeId,>,3,v.VoteTypeId,<,15,b.Date,>,1348867555,b.Date,<,1356498035#352
votes v,posts p,badges b,users u#p.Id=v.PostId,u.Id=p.OwnerUserId,u.Id=b.UserId#p.Score,>,-12,p.Score,<,50,p.CommentCount,>,7,p.CommentCount,<,42,u.DownVotes,>,168,u.DownVotes,<,1410,v.CreationDate,>,1372134102,v.CreationDate,<,1400205159,v.VoteTypeId,>,1,v.VoteTypeId,<,5,b.Date,>,1294822151,b.Date,<,1387686979#67511
votes v,posts p,badges b,users u#p.Id=v.PostId,u.Id=p.OwnerUserId,u.Id=b.UserId#p.Score,>,17,p.Score,<,31,p.CommentCount,>,2,p.CommentCount,<,12,u.DownVotes,>,218,u.DownVotes,<,1875,v.CreationDate,>,1317358097,v.CreationDate,<,1320182682,v.VoteTypeId,>,2,v.VoteTypeId,<,13,b.Date,>,1309516503,b.Date,<,1313262839#1
votes v,posts p,badges b,users u#p.Id=v.PostId,u.Id=p.OwnerUserId,u.Id=b.UserId#p.Score,>,0,p.Score,<,150,p.CommentCount,>,8,p.CommentCount,<,10,u.DownVotes,>,19,u.DownVotes,<,1780,v.CreationDate,>,1386727855,v.CreationDate,<,1396860090,v.VoteTypeId,>,1,v.VoteTypeId,<,6,b.Date,>,1356859489,b.Date,<,1363260015#872
votes v,posts p,badges b,users u#p.Id=v.PostId,u.Id=p.OwnerUserId,u.Id=b.UserId#p.Score,>,-13,p.Score,<,126,p.CommentCount,>,5,p.CommentCount,<,7,u.DownVotes,>,132,u.DownVotes,<,941,v.CreationDate,>,1306008097,v.CreationDate,<,1331516998,v.VoteTypeId,>,1,v.VoteTypeId,<,14,b.Date,>,1294105499,b.Date,<,1313887667#5879
votes v,posts p,badges b,users u#p.Id=v.PostId,u.Id=p.OwnerUserId,u.Id=b.UserId#p.Score,>,-6,p.Score,<,111,p.CommentCount,>,0,p.CommentCount,<,24,u.DownVotes,>,203,u.DownVotes,<,293,v.CreationDate,>,1320262875,v.CreationDate,<,1328060578,v.VoteTypeId,>,1,v.VoteTypeId,<,6,b.Date,>,1282539331,b.Date,<,1301348558#10516
votes v,posts p,badges b,users u#p.Id=v.PostId,u.Id=p.OwnerUserId,u.Id=b.UserId#p.Score,>,43,p.Score,<,171,p.CommentCount,>,2,p.CommentCount,<,11,u.DownVotes,>,49,u.DownVotes,<,1461,v.CreationDate,>,1321558709,v.CreationDate,<,1366276891,v.VoteTypeId,>,1,v.VoteTypeId,<,3,b.Date,>,1323973847,b.Date,<,1347858210#31256
votes v,posts p,badges b,users u#p.Id=v.PostId,u.Id=p.OwnerUserId,u.Id=b.UserId#p.Score,>,67,p.Score,<,187,p.CommentCount,>,0,p.CommentCount,<,27,u.DownVotes,>,651,u.DownVotes,<,1006,v.CreationDate,>,1269907190,v.CreationDate,<,1360719020,v.VoteTypeId,>,2,v.VoteTypeId,<,8,b.Date,>,1288935179,b.Date,<,1321909454#90
votes v,posts p,badges b,users u#p.Id=v.PostId,u.Id=p.OwnerUserId,u.Id=b.UserId#p.Score,>,15,p.Score,<,127,p.CommentCount,>,0,p.CommentCount,<,44,u.DownVotes,>,637,u.DownVotes,<,1073,v.CreationDate,>,1253573987,v.CreationDate,<,1326296262,v.VoteTypeId,>,1,v.VoteTypeId,<,3,b.Date,>,1285054676,b.Date,<,1332690260#71672
votes v,posts p,badges b,users u#p.Id=v.PostId,u.Id=p.OwnerUserId,u.Id=b.UserId#p.Score,>,35,p.Score,<,70,p.CommentCount,>,11,p.CommentCount,<,26,u.DownVotes,>,102,u.DownVotes,<,567,v.CreationDate,>,1263070007,v.CreationDate,<,1398365466,v.VoteTypeId,>,1,v.VoteTypeId,<,14,b.Date,>,1314533961,b.Date,<,1316136678#43
votes v,posts p,badges b,users u#p.Id=v.PostId,u.Id=p.OwnerUserId,u.Id=b.UserId#p.Score,>,2,p.Score,<,149,p.CommentCount,>,1,p.CommentCount,<,4,u.DownVotes,>,133,u.DownVotes,<,1610,v.CreationDate,>,1268031751,v.CreationDate,<,1319602875,v.VoteTypeId,>,4,v.VoteTypeId,<,6,b.Date,>,1297257329,b.Date,<,1368108098#330
votes v,posts p,badges b,users u#p.Id=v.PostId,u.Id=p.OwnerUserId,u.Id=b.UserId#p.Score,>,12,p.Score,<,89,p.CommentCount,>,6,p.CommentCount,<,17,u.DownVotes,>,741,u.DownVotes,<,1913,v.CreationDate,>,1259218262,v.CreationDate,<,1356146663,v.VoteTypeId,>,2,v.VoteTypeId,<,15,b.Date,>,1296575916,b.Date,<,1401601825#3465
votes v,posts p,badges b,users u#p.Id=v.PostId,u.Id=p.OwnerUserId,u.Id=b.UserId#p.Score,>,83,p.Score,<,133,p.CommentCount,>,5,p.CommentCount,<,36,u.DownVotes,>,463,u.DownVotes,<,1732,v.CreationDate,>,1296874374,v.CreationDate,<,1410539759,v.VoteTypeId,>,2,v.VoteTypeId,<,7,b.Date,>,1309959435,b.Date,<,1347119422#142
votes v,posts p,badges b,users u#p.Id=v.PostId,u.Id=p.OwnerUserId,u.Id=b.UserId#p.Score,>,-9,p.Score,<,141,p.CommentCount,>,7,p.CommentCount,<,27,u.DownVotes,>,19,u.DownVotes,<,1163,v.CreationDate,>,1311734626,v.CreationDate,<,1317446089,v.VoteTypeId,>,2,v.VoteTypeId,<,7,b.Date,>,1299879326,b.Date,<,1368454925#548
votes v,posts p,badges b,users u#p.Id=v.PostId,u.Id=p.OwnerUserId,u.Id=b.UserId#p.Score,>,46,p.Score,<,181,p.CommentCount,>,3,p.CommentCount,<,16,u.DownVotes,>,65,u.DownVotes,<,1439,v.CreationDate,>,1368857085,v.CreationDate,<,1407172420,v.VoteTypeId,>,4,v.VoteTypeId,<,15,b.Date,>,1350635518,b.Date,<,1388618819#780
votes v,posts p,badges b,users u#p.Id=v.PostId,u.Id=p.OwnerUserId,u.Id=b.UserId#p.Score,>,0,p.Score,<,132,p.CommentCount,>,4,p.CommentCount,<,32,u.DownVotes,>,329,u.DownVotes,<,1332,v.CreationDate,>,1254507529,v.CreationDate,<,1390272048,v.VoteTypeId,>,3,v.VoteTypeId,<,13,b.Date,>,1357273465,b.Date,<,1390824707#4697
votes v,posts p,badges b,users u#p.Id=v.PostId,u.Id=p.OwnerUserId,u.Id=b.UserId#p.Score,>,10,p.Score,<,19,p.CommentCount,>,5,p.CommentCount,<,7,u.DownVotes,>,0,u.DownVotes,<,587,v.CreationDate,>,1268394272,v.CreationDate,<,1385276451,v.VoteTypeId,>,4,v.VoteTypeId,<,12,b.Date,>,1313353300,b.Date,<,1347081481#1253
votes v,posts p,badges b,users u#p.Id=v.PostId,u.Id=p.OwnerUserId,u.Id=b.UserId#p.Score,>,36,p.Score,<,153,p.CommentCount,>,9,p.CommentCount,<,35,u.DownVotes,>,230,u.DownVotes,<,1503,v.CreationDate,>,1252250082,v.CreationDate,<,1331366202,v.VoteTypeId,>,1,v.VoteTypeId,<,14,b.Date,>,1349863119,b.Date,<,1380264217#8362
votes v,posts p,badges b,users u#p.Id=v.PostId,u.Id=p.OwnerUserId,u.Id=b.UserId#p.Score,>,31,p.Score,<,61,p.CommentCount,>,6,p.CommentCount,<,41,u.DownVotes,>,215,u.DownVotes,<,1229,v.CreationDate,>,1280185073,v.CreationDate,<,1384369861,v.VoteTypeId,>,1,v.VoteTypeId,<,9,b.Date,>,1320583812,b.Date,<,1398405678#70668
votes v,posts p,badges b,users u#p.Id=v.PostId,u.Id=p.OwnerUserId,u.Id=b.UserId#p.Score,>,10,p.Score,<,143,p.CommentCount,>,15,p.CommentCount,<,25,u.DownVotes,>,112,u.DownVotes,<,1035,v.CreationDate,>,1280293227,v.CreationDate,<,1349141620,v.VoteTypeId,>,8,v.VoteTypeId,<,13,b.Date,>,1307534440,b.Date,<,1393881405#106
votes v,posts p,badges b,users u#p.Id=v.PostId,u.Id=p.OwnerUserId,u.Id=b.UserId#p.Score,>,19,p.Score,<,53,p.CommentCount,>,13,p.CommentCount,<,18,u.DownVotes,>,627,u.DownVotes,<,1592,v.CreationDate,>,1364524691,v.CreationDate,<,1394457757,v.VoteTypeId,>,3,v.VoteTypeId,<,14,b.Date,>,1326761214,b.Date,<,1402175108#300
votes v,posts p,badges b,users u#p.Id=v.PostId,u.Id=p.OwnerUserId,u.Id=b.UserId#p.Score,>,-9,p.Score,<,29,p.CommentCount,>,4,p.CommentCount,<,41,u.DownVotes,>,660,u.DownVotes,<,1425,v.CreationDate,>,1242226519,v.CreationDate,<,1390963677,v.VoteTypeId,>,10,v.VoteTypeId,<,15,b.Date,>,1316383139,b.Date,<,1401627062#333
votes v,posts p,badges b,users u#p.Id=v.PostId,u.Id=p.OwnerUserId,u.Id=b.UserId#p.Score,>,0,p.Score,<,155,p.CommentCount,>,7,p.CommentCount,<,15,u.DownVotes,>,691,u.DownVotes,<,942,v.CreationDate,>,1328807588,v.CreationDate,<,1361433400,v.VoteTypeId,>,8,v.VoteTypeId,<,12,b.Date,>,1296959924,b.Date,<,1399946107#378
votes v,posts p,badges b,users u#p.Id=v.PostId,u.Id=p.OwnerUserId,u.Id=b.UserId#p.Score,>,4,p.Score,<,21,p.CommentCount,>,3,p.CommentCount,<,13,u.DownVotes,>,307,u.DownVotes,<,599,v.CreationDate,>,1258819772,v.CreationDate,<,1363740005,v.VoteTypeId,>,5,v.VoteTypeId,<,11,b.Date,>,1328072406,b.Date,<,1357375482#330
votes v,posts p,badges b,users u#p.Id=v.PostId,u.Id=p.OwnerUserId,u.Id=b.UserId#p.Score,>,48,p.Score,<,175,p.CommentCount,>,1,p.CommentCount,<,27,u.DownVotes,>,607,u.DownVotes,<,1108,v.CreationDate,>,1277720169,v.CreationDate,<,1383386999,v.VoteTypeId,>,2,v.VoteTypeId,<,4,b.Date,>,1299474105,b.Date,<,1371415037#490
votes v,posts p,badges b,users u#p.Id=v.PostId,u.Id=p.OwnerUserId,u.Id=b.UserId#p.Score,>,-16,p.Score,<,97,p.CommentCount,>,0,p.CommentCount,<,9,u.DownVotes,>,460,u.DownVotes,<,783,v.CreationDate,>,1313302314,v.CreationDate,<,1354905580,v.VoteTypeId,>,6,v.VoteTypeId,<,14,b.Date,>,1294283282,b.Date,<,1319302627#414
votes v,posts p,badges b,users u#p.Id=v.PostId,u.Id=p.OwnerUserId,u.Id=b.UserId#p.Score,>,3,p.Score,<,31,p.CommentCount,>,11,p.CommentCount,<,18,u.DownVotes,>,323,u.DownVotes,<,1915,v.CreationDate,>,1321829610,v.CreationDate,<,1336947604,v.VoteTypeId,>,7,v.VoteTypeId,<,12,b.Date,>,1332815573,b.Date,<,1380502507#116
votes v,posts p,badges b,users u#p.Id=v.PostId,u.Id=p.OwnerUserId,u.Id=b.UserId#p.Score,>,5,p.Score,<,60,p.CommentCount,>,14,p.CommentCount,<,36,u.DownVotes,>,116,u.DownVotes,<,1859,v.CreationDate,>,1262206274,v.CreationDate,<,1327354030,v.VoteTypeId,>,5,v.VoteTypeId,<,13,b.Date,>,1379936657,b.Date,<,1400325072#108
votes v,posts p,badges b,users u#p.Id=v.PostId,u.Id=p.OwnerUserId,u.Id=b.UserId#p.Score,>,16,p.Score,<,186,p.CommentCount,>,14,p.CommentCount,<,44,u.DownVotes,>,260,u.DownVotes,<,1304,v.CreationDate,>,1352445780,v.CreationDate,<,1378753134,v.VoteTypeId,>,1,v.VoteTypeId,<,4,b.Date,>,1289385537,b.Date,<,1294373261#12
votes v,posts p,badges b,users u#p.Id=v.PostId,u.Id=p.OwnerUserId,u.Id=b.UserId#p.Score,>,-12,p.Score,<,90,p.CommentCount,>,8,p.CommentCount,<,24,u.DownVotes,>,657,u.DownVotes,<,845,v.CreationDate,>,1315851180,v.CreationDate,<,1332829276,v.VoteTypeId,>,1,v.VoteTypeId,<,5,b.Date,>,1325622036,b.Date,<,1341780908#7700
votes v,posts p,badges b,users u#p.Id=v.PostId,u.Id=p.OwnerUserId,u.Id=b.UserId#p.Score,>,-3,p.Score,<,18,p.CommentCount,>,26,p.CommentCount,<,44,u.DownVotes,>,312,u.DownVotes,<,1048,v.CreationDate,>,1331638287,v.CreationDate,<,1398919331,v.VoteTypeId,>,2,v.VoteTypeId,<,12,b.Date,>,1387562768,b.Date,<,1402871809#19
votes v,posts p,badges b,users u#p.Id=v.PostId,u.Id=p.OwnerUserId,u.Id=b.UserId#p.Score,>,3,p.Score,<,33,p.CommentCount,>,12,p.CommentCount,<,40,u.DownVotes,>,663,u.DownVotes,<,1164,v.CreationDate,>,1244461861,v.CreationDate,<,1394801606,v.VoteTypeId,>,6,v.VoteTypeId,<,14,b.Date,>,1358466574,b.Date,<,1399903094#328
votes v,posts p,badges b,users u#p.Id=v.PostId,u.Id=p.OwnerUserId,u.Id=b.UserId#p.Score,>,22,p.Score,<,165,p.CommentCount,>,1,p.CommentCount,<,37,u.DownVotes,>,344,u.DownVotes,<,1556,v.CreationDate,>,1292387339,v.CreationDate,<,1327723933,v.VoteTypeId,>,2,v.VoteTypeId,<,15,b.Date,>,1308198719,b.Date,<,1405179109#1182
votes v,posts p,badges b,users u#p.Id=v.PostId,u.Id=p.OwnerUserId,u.Id=b.UserId#p.Score,>,12,p.Score,<,57,p.CommentCount,>,2,p.CommentCount,<,20,u.DownVotes,>,623,u.DownVotes,<,1191,v.CreationDate,>,1343562346,v.CreationDate,<,1406604325,v.VoteTypeId,>,6,v.VoteTypeId,<,15,b.Date,>,1377488122,b.Date,<,1378356215#18
votes v,posts p,badges b,users u#p.Id=v.PostId,u.Id=p.OwnerUserId,u.Id=b.UserId#p.Score,>,14,p.Score,<,184,p.CommentCount,>,1,p.CommentCount,<,8,u.DownVotes,>,258,u.DownVotes,<,1249,v.CreationDate,>,1390596351,v.CreationDate,<,1407711642,v.VoteTypeId,>,8,v.VoteTypeId,<,10,b.Date,>,1355026194,b.Date,<,1367618830#36
votes v,posts p,badges b,users u#p.Id=v.PostId,u.Id=p.OwnerUserId,u.Id=b.UserId#p.Score,>,19,p.Score,<,73,p.CommentCount,>,7,p.CommentCount,<,29,u.DownVotes,>,50,u.DownVotes,<,680,v.CreationDate,>,1269219760,v.CreationDate,<,1340519589,v.VoteTypeId,>,1,v.VoteTypeId,<,7,b.Date,>,1286956856,b.Date,<,1403463630#46343
votes v,posts p,badges b,users u#p.Id=v.PostId,u.Id=p.OwnerUserId,u.Id=b.UserId#p.Score,>,1,p.Score,<,152,p.CommentCount,>,3,p.CommentCount,<,15,u.DownVotes,>,159,u.DownVotes,<,1360,v.CreationDate,>,1234441970,v.CreationDate,<,1349583442,v.VoteTypeId,>,3,v.VoteTypeId,<,14,b.Date,>,1293597358,b.Date,<,1317939916#2058
votes v,posts p,badges b,users u#p.Id=v.PostId,u.Id=p.OwnerUserId,u.Id=b.UserId#p.Score,>,6,p.Score,<,169,p.CommentCount,>,4,p.CommentCount,<,20,u.DownVotes,>,12,u.DownVotes,<,983,v.CreationDate,>,1405162346,v.CreationDate,<,1407000081,v.VoteTypeId,>,2,v.VoteTypeId,<,13,b.Date,>,1284488390,b.Date,<,1332962506#524
votes v,posts p,badges b,users u#p.Id=v.PostId,u.Id=p.OwnerUserId,u.Id=b.UserId#p.Score,>,-5,p.Score,<,159,p.CommentCount,>,19,p.CommentCount,<,36,u.DownVotes,>,712,u.DownVotes,<,1312,v.CreationDate,>,1262698177,v.CreationDate,<,1403642881,v.VoteTypeId,>,8,v.VoteTypeId,<,10,b.Date,>,1291421858,b.Date,<,1352181796#215
votes v,posts p,badges b,users u#p.Id=v.PostId,u.Id=p.OwnerUserId,u.Id=b.UserId#p.Score,>,27,p.Score,<,160,p.CommentCount,>,7,p.CommentCount,<,40,u.DownVotes,>,164,u.DownVotes,<,1466,v.CreationDate,>,1281755355,v.CreationDate,<,1379453920,v.VoteTypeId,>,6,v.VoteTypeId,<,12,b.Date,>,1308566197,b.Date,<,1401109900#106
votes v,posts p,badges b,users u#p.Id=v.PostId,u.Id=p.OwnerUserId,u.Id=b.UserId#p.Score,>,13,p.Score,<,159,p.CommentCount,>,5,p.CommentCount,<,28,u.DownVotes,>,774,u.DownVotes,<,1828,v.CreationDate,>,1250541523,v.CreationDate,<,1344769463,v.VoteTypeId,>,2,v.VoteTypeId,<,8,b.Date,>,1310797570,b.Date,<,1323013865#160
votes v,posts p,badges b,users u#p.Id=v.PostId,u.Id=p.OwnerUserId,u.Id=b.UserId#p.Score,>,81,p.Score,<,149,p.CommentCount,>,0,p.CommentCount,<,17,u.DownVotes,>,10,u.DownVotes,<,1914,v.CreationDate,>,1260207431,v.CreationDate,<,1404631289,v.VoteTypeId,>,4,v.VoteTypeId,<,14,b.Date,>,1374677503,b.Date,<,1397466382#1150
votes v,posts p,badges b,users u#p.Id=v.PostId,u.Id=p.OwnerUserId,u.Id=b.UserId#p.Score,>,14,p.Score,<,79,p.CommentCount,>,1,p.CommentCount,<,13,u.DownVotes,>,675,u.DownVotes,<,909,v.CreationDate,>,1278585022,v.CreationDate,<,1355735395,v.VoteTypeId,>,4,v.VoteTypeId,<,10,b.Date,>,1313040088,b.Date,<,1394123436#3684
votes v,posts p,badges b,users u#p.Id=v.PostId,u.Id=p.OwnerUserId,u.Id=b.UserId#p.Score,>,-9,p.Score,<,158,p.CommentCount,>,2,p.CommentCount,<,13,u.DownVotes,>,13,u.DownVotes,<,1276,v.CreationDate,>,1252933681,v.CreationDate,<,1380036372,v.VoteTypeId,>,5,v.VoteTypeId,<,9,b.Date,>,1305966880,b.Date,<,1307214327#22
votes v,posts p,badges b,users u#p.Id=v.PostId,u.Id=p.OwnerUserId,u.Id=b.UserId#p.Score,>,107,p.Score,<,190,p.CommentCount,>,9,p.CommentCount,<,40,u.DownVotes,>,19,u.DownVotes,<,918,v.CreationDate,>,1241379457,v.CreationDate,<,1343247064,v.VoteTypeId,>,1,v.VoteTypeId,<,7,b.Date,>,1323040355,b.Date,<,1325739795#337
votes v,posts p,badges b,users u#p.Id=v.PostId,u.Id=p.OwnerUserId,u.Id=b.UserId#p.Score,>,-18,p.Score,<,92,p.CommentCount,>,2,p.CommentCount,<,41,u.DownVotes,>,177,u.DownVotes,<,1721,v.CreationDate,>,1248364813,v.CreationDate,<,1370106128,v.VoteTypeId,>,9,v.VoteTypeId,<,13,b.Date,>,1302621133,b.Date,<,1400948780#2214
votes v,posts p,badges b,users u#p.Id=v.PostId,u.Id=p.OwnerUserId,u.Id=b.UserId#p.Score,>,108,p.Score,<,171,p.CommentCount,>,8,p.CommentCount,<,37,u.DownVotes,>,755,u.DownVotes,<,1840,v.CreationDate,>,1287946192,v.CreationDate,<,1328458197,v.VoteTypeId,>,1,v.VoteTypeId,<,8,b.Date,>,1287126617,b.Date,<,1381140898#10432
votes v,posts p,badges b,users u#p.Id=v.PostId,u.Id=p.OwnerUserId,u.Id=b.UserId#p.Score,>,30,p.Score,<,107,p.CommentCount,>,5,p.CommentCount,<,33,u.DownVotes,>,477,u.DownVotes,<,1138,v.CreationDate,>,1297451103,v.CreationDate,<,1400962861,v.VoteTypeId,>,4,v.VoteTypeId,<,8,b.Date,>,1310222763,b.Date,<,1369183719#3328
votes v,posts p,badges b,users u#p.Id=v.PostId,u.Id=p.OwnerUserId,u.Id=b.UserId#p.Score,>,15,p.Score,<,75,p.CommentCount,>,1,p.CommentCount,<,42,u.DownVotes,>,49,u.DownVotes,<,1176,v.CreationDate,>,1286247005,v.CreationDate,<,1407558691,v.VoteTypeId,>,4,v.VoteTypeId,<,7,b.Date,>,1338132862,b.Date,<,1358772770#13545
votes v,posts p,badges b,users u#p.Id=v.PostId,u.Id=p.OwnerUserId,u.Id=b.UserId#p.Score,>,65,p.Score,<,76,p.CommentCount,>,3,p.CommentCount,<,32,u.DownVotes,>,193,u.DownVotes,<,845,v.CreationDate,>,1240436487,v.CreationDate,<,1327624688,v.VoteTypeId,>,2,v.VoteTypeId,<,8,b.Date,>,1344129525,b.Date,<,1397978756#203
votes v,posts p,badges b,users u#p.Id=v.PostId,u.Id=p.OwnerUserId,u.Id=b.UserId#p.Score,>,-17,p.Score,<,74,p.CommentCount,>,15,p.CommentCount,<,38,u.DownVotes,>,583,u.DownVotes,<,1374,v.CreationDate,>,1264455614,v.CreationDate,<,1356994119,v.VoteTypeId,>,7,v.VoteTypeId,<,10,b.Date,>,1298405484,b.Date,<,1307717402#23
votes v,posts p,badges b,users u#p.Id=v.PostId,u.Id=p.OwnerUserId,u.Id=b.UserId#p.Score,>,27,p.Score,<,184,p.CommentCount,>,11,p.CommentCount,<,16,u.DownVotes,>,151,u.DownVotes,<,1328,v.CreationDate,>,1356846770,v.CreationDate,<,1358274795,v.VoteTypeId,>,1,v.VoteTypeId,<,7,b.Date,>,1349294793,b.Date,<,1378728406#126
votes v,posts p,badges b,users u#p.Id=v.PostId,u.Id=p.OwnerUserId,u.Id=b.UserId#p.Score,>,2,p.Score,<,17,p.CommentCount,>,14,p.CommentCount,<,41,u.DownVotes,>,393,u.DownVotes,<,1118,v.CreationDate,>,1237738172,v.CreationDate,<,1339181372,v.VoteTypeId,>,7,v.VoteTypeId,<,13,b.Date,>,1291222638,b.Date,<,1354972869#221
votes v,posts p,badges b,users u#p.Id=v.PostId,u.Id=p.OwnerUserId,u.Id=b.UserId#p.Score,>,3,p.Score,<,130,p.CommentCount,>,29,p.CommentCount,<,42,u.DownVotes,>,241,u.DownVotes,<,1385,v.CreationDate,>,1291621345,v.CreationDate,<,1359727028,v.VoteTypeId,>,1,v.VoteTypeId,<,10,b.Date,>,1383617981,b.Date,<,1409496949#312
votes v,posts p,badges b,users u#p.Id=v.PostId,u.Id=p.OwnerUserId,u.Id=b.UserId#p.Score,>,20,p.Score,<,54,p.CommentCount,>,2,p.CommentCount,<,18,u.DownVotes,>,13,u.DownVotes,<,1697,v.CreationDate,>,1326530232,v.CreationDate,<,1406451767,v.VoteTypeId,>,6,v.VoteTypeId,<,11,b.Date,>,1336262570,b.Date,<,1374658139#991
votes v,posts p,badges b,users u#p.Id=v.PostId,u.Id=p.OwnerUserId,u.Id=b.UserId#p.Score,>,12,p.Score,<,34,p.CommentCount,>,15,p.CommentCount,<,38,u.DownVotes,>,744,u.DownVotes,<,1560,v.CreationDate,>,1291857861,v.CreationDate,<,1407856338,v.VoteTypeId,>,1,v.VoteTypeId,<,12,b.Date,>,1363560649,b.Date,<,1409346642#4500
votes v,posts p,badges b,users u#p.Id=v.PostId,u.Id=p.OwnerUserId,u.Id=b.UserId#p.Score,>,-2,p.Score,<,94,p.CommentCount,>,11,p.CommentCount,<,15,u.DownVotes,>,224,u.DownVotes,<,1815,v.CreationDate,>,1240486615,v.CreationDate,<,1348125023,v.VoteTypeId,>,4,v.VoteTypeId,<,12,b.Date,>,1293836978,b.Date,<,1409126481#704
votes v,posts p,badges b,users u#p.Id=v.PostId,u.Id=p.OwnerUserId,u.Id=b.UserId#p.Score,>,34,p.Score,<,153,p.CommentCount,>,5,p.CommentCount,<,22,u.DownVotes,>,236,u.DownVotes,<,1601,v.CreationDate,>,1318456998,v.CreationDate,<,1353071138,v.VoteTypeId,>,2,v.VoteTypeId,<,6,b.Date,>,1309989989,b.Date,<,1374902670#2187
votes v,posts p,badges b,users u#p.Id=v.PostId,u.Id=p.OwnerUserId,u.Id=b.UserId#p.Score,>,16,p.Score,<,69,p.CommentCount,>,0,p.CommentCount,<,5,u.DownVotes,>,340,u.DownVotes,<,798,v.CreationDate,>,1279121688,v.CreationDate,<,1356960672,v.VoteTypeId,>,5,v.VoteTypeId,<,15,b.Date,>,1322190126,b.Date,<,1357800944#115
votes v,posts p,badges b,users u#p.Id=v.PostId,u.Id=p.OwnerUserId,u.Id=b.UserId#p.Score,>,5,p.Score,<,108,p.CommentCount,>,8,p.CommentCount,<,40,u.DownVotes,>,35,u.DownVotes,<,154,v.CreationDate,>,1272335903,v.CreationDate,<,1289528731,v.VoteTypeId,>,4,v.VoteTypeId,<,10,b.Date,>,1292632366,b.Date,<,1319516806#309
votes v,posts p,badges b,users u#p.Id=v.PostId,u.Id=p.OwnerUserId,u.Id=b.UserId#p.Score,>,38,p.Score,<,107,p.CommentCount,>,0,p.CommentCount,<,23,u.DownVotes,>,612,u.DownVotes,<,1046,v.CreationDate,>,1268850624,v.CreationDate,<,1369919978,v.VoteTypeId,>,1,v.VoteTypeId,<,12,b.Date,>,1346389071,b.Date,<,1354286041#17465
votes v,posts p,badges b,users u#p.Id=v.PostId,u.Id=p.OwnerUserId,u.Id=b.UserId#p.Score,>,49,p.Score,<,71,p.CommentCount,>,4,p.CommentCount,<,25,u.DownVotes,>,518,u.DownVotes,<,1434,v.CreationDate,>,1261809443,v.CreationDate,<,1410405141,v.VoteTypeId,>,2,v.VoteTypeId,<,6,b.Date,>,1307791000,b.Date,<,1363979078#208
votes v,posts p,badges b,users u#p.Id=v.PostId,u.Id=p.OwnerUserId,u.Id=b.UserId#p.Score,>,0,p.Score,<,23,p.CommentCount,>,1,p.CommentCount,<,18,u.DownVotes,>,18,u.DownVotes,<,92,v.CreationDate,>,1316245487,v.CreationDate,<,1361158504,v.VoteTypeId,>,7,v.VoteTypeId,<,9,b.Date,>,1381620053,b.Date,<,1383275520#24
votes v,posts p,badges b,users u#p.Id=v.PostId,u.Id=p.OwnerUserId,u.Id=b.UserId#p.Score,>,0,p.Score,<,85,p.CommentCount,>,19,p.CommentCount,<,26,u.DownVotes,>,255,u.DownVotes,<,1258,v.CreationDate,>,1270266596,v.CreationDate,<,1361328571,v.VoteTypeId,>,8,v.VoteTypeId,<,14,b.Date,>,1386301529,b.Date,<,1404469002#76
votes v,posts p,badges b,users u#p.Id=v.PostId,u.Id=p.OwnerUserId,u.Id=b.UserId#p.Score,>,80,p.Score,<,177,p.CommentCount,>,9,p.CommentCount,<,18,u.DownVotes,>,0,u.DownVotes,<,250,v.CreationDate,>,1310250649,v.CreationDate,<,1369261813,v.VoteTypeId,>,2,v.VoteTypeId,<,12,b.Date,>,1308725496,b.Date,<,1369114743#126
votes v,posts p,badges b,users u#p.Id=v.PostId,u.Id=p.OwnerUserId,u.Id=b.UserId#p.Score,>,-17,p.Score,<,20,p.CommentCount,>,1,p.CommentCount,<,7,u.DownVotes,>,310,u.DownVotes,<,1745,v.CreationDate,>,1236198998,v.CreationDate,<,1398794529,v.VoteTypeId,>,3,v.VoteTypeId,<,10,b.Date,>,1348535667,b.Date,<,1368952810#1043
votes v,posts p,badges b,users u#p.Id=v.PostId,u.Id=p.OwnerUserId,u.Id=b.UserId#p.Score,>,-12,p.Score,<,137,p.CommentCount,>,4,p.CommentCount,<,41,u.DownVotes,>,31,u.DownVotes,<,1697,v.CreationDate,>,1308950857,v.CreationDate,<,1397967770,v.VoteTypeId,>,8,v.VoteTypeId,<,15,b.Date,>,1371245343,b.Date,<,1409661438#2204
votes v,posts p,badges b,users u#p.Id=v.PostId,u.Id=p.OwnerUserId,u.Id=b.UserId#p.Score,>,-7,p.Score,<,136,p.CommentCount,>,15,p.CommentCount,<,19,u.DownVotes,>,279,u.DownVotes,<,866,v.CreationDate,>,1256908194,v.CreationDate,<,1328899681,v.VoteTypeId,>,1,v.VoteTypeId,<,14,b.Date,>,1318009272,b.Date,<,1330462621#330
votes v,posts p,badges b,users u#p.Id=v.PostId,u.Id=p.OwnerUserId,u.Id=b.UserId#p.Score,>,0,p.Score,<,40,p.CommentCount,>,34,p.CommentCount,<,41,u.DownVotes,>,92,u.DownVotes,<,839,v.CreationDate,>,1330937887,v.CreationDate,<,1344079825,v.VoteTypeId,>,2,v.VoteTypeId,<,7,b.Date,>,1354766199,b.Date,<,1377507950#18
votes v,posts p,badges b,users u#p.Id=v.PostId,u.Id=p.OwnerUserId,u.Id=b.UserId#p.Score,>,79,p.Score,<,104,p.CommentCount,>,7,p.CommentCount,<,34,u.DownVotes,>,329,u.DownVotes,<,1875,v.CreationDate,>,1296072080,v.CreationDate,<,1341695252,v.VoteTypeId,>,1,v.VoteTypeId,<,8,b.Date,>,1294626566,b.Date,<,1374194962#9350
votes v,posts p,badges b,users u#p.Id=v.PostId,u.Id=p.OwnerUserId,u.Id=b.UserId#p.Score,>,29,p.Score,<,141,p.CommentCount,>,2,p.CommentCount,<,38,u.DownVotes,>,433,u.DownVotes,<,1201,v.CreationDate,>,1381842182,v.CreationDate,<,1387071803,v.VoteTypeId,>,1,v.VoteTypeId,<,13,b.Date,>,1349977011,b.Date,<,1406599899#14280
votes v,posts p,badges b,users u#p.Id=v.PostId,u.Id=p.OwnerUserId,u.Id=b.UserId#p.Score,>,-4,p.Score,<,176,p.CommentCount,>,21,p.CommentCount,<,31,u.DownVotes,>,21,u.DownVotes,<,915,v.CreationDate,>,1313645670,v.CreationDate,<,1400198633,v.VoteTypeId,>,8,v.VoteTypeId,<,13,b.Date,>,1342387184,b.Date,<,1378493534#41
votes v,posts p,badges b,users u#p.Id=v.PostId,u.Id=p.OwnerUserId,u.Id=b.UserId#p.Score,>,1,p.Score,<,107,p.CommentCount,>,4,p.CommentCount,<,34,u.DownVotes,>,27,u.DownVotes,<,1903,v.CreationDate,>,1234243165,v.CreationDate,<,1296569771,v.VoteTypeId,>,5,v.VoteTypeId,<,14,b.Date,>,1389879184,b.Date,<,1398548165#175
votes v,posts p,badges b,users u#p.Id=v.PostId,u.Id=p.OwnerUserId,u.Id=b.UserId#p.Score,>,-3,p.Score,<,24,p.CommentCount,>,1,p.CommentCount,<,3,u.DownVotes,>,436,u.DownVotes,<,1780,v.CreationDate,>,1301355102,v.CreationDate,<,1367455975,v.VoteTypeId,>,5,v.VoteTypeId,<,15,b.Date,>,1357345974,b.Date,<,1369781222#62
votes v,posts p,badges b,users u#p.Id=v.PostId,u.Id=p.OwnerUserId,u.Id=b.UserId#p.Score,>,-11,p.Score,<,90,p.CommentCount,>,5,p.CommentCount,<,16,u.DownVotes,>,769,u.DownVotes,<,1757,v.CreationDate,>,1242227863,v.CreationDate,<,1372780817,v.VoteTypeId,>,7,v.VoteTypeId,<,13,b.Date,>,1369796382,b.Date,<,1408867626#825
votes v,posts p,badges b,users u#p.Id=v.PostId,u.Id=p.OwnerUserId,u.Id=b.UserId#p.Score,>,-4,p.Score,<,165,p.CommentCount,>,6,p.CommentCount,<,40,u.DownVotes,>,395,u.DownVotes,<,947,v.CreationDate,>,1313007178,v.CreationDate,<,1382869898,v.VoteTypeId,>,2,v.VoteTypeId,<,15,b.Date,>,1366829072,b.Date,<,1401096660#1894
votes v,posts p,badges b,users u#p.Id=v.PostId,u.Id=p.OwnerUserId,u.Id=b.UserId#p.Score,>,-18,p.Score,<,158,p.CommentCount,>,4,p.CommentCount,<,12,u.DownVotes,>,44,u.DownVotes,<,379,v.CreationDate,>,1266955860,v.CreationDate,<,1407867263,v.VoteTypeId,>,2,v.VoteTypeId,<,10,b.Date,>,1333294491,b.Date,<,1376709567#20852
votes v,posts p,badges b,users u#p.Id=v.PostId,u.Id=p.OwnerUserId,u.Id=b.UserId#p.Score,>,-18,p.Score,<,168,p.CommentCount,>,21,p.CommentCount,<,27,u.DownVotes,>,33,u.DownVotes,<,612,v.CreationDate,>,1351281185,v.CreationDate,<,1386727684,v.VoteTypeId,>,1,v.VoteTypeId,<,15,b.Date,>,1302287366,b.Date,<,1344585121#128
votes v,posts p,badges b,users u#p.Id=v.PostId,u.Id=p.OwnerUserId,u.Id=b.UserId#p.Score,>,4,p.Score,<,109,p.CommentCount,>,13,p.CommentCount,<,37,u.DownVotes,>,199,u.DownVotes,<,790,v.CreationDate,>,1288280789,v.CreationDate,<,1339238230,v.VoteTypeId,>,7,v.VoteTypeId,<,14,b.Date,>,1324693515,b.Date,<,1337883782#45
votes v,posts p,badges b,users u#p.Id=v.PostId,u.Id=p.OwnerUserId,u.Id=b.UserId#p.Score,>,-2,p.Score,<,172,p.CommentCount,>,9,p.CommentCount,<,14,u.DownVotes,>,170,u.DownVotes,<,1312,v.CreationDate,>,1346387710,v.CreationDate,<,1368478325,v.VoteTypeId,>,8,v.VoteTypeId,<,11,b.Date,>,1363378544,b.Date,<,1392489041#37
votes v,posts p,badges b,users u#p.Id=v.PostId,u.Id=p.OwnerUserId,u.Id=b.UserId#p.Score,>,4,p.Score,<,26,p.CommentCount,>,3,p.CommentCount,<,39,u.DownVotes,>,278,u.DownVotes,<,1667,v.CreationDate,>,1237661737,v.CreationDate,<,1336630410,v.VoteTypeId,>,6,v.VoteTypeId,<,10,b.Date,>,1310583054,b.Date,<,1320631956#240
votes v,posts p,badges b,users u#p.Id=v.PostId,u.Id=p.OwnerUserId,u.Id=b.UserId#p.Score,>,14,p.Score,<,63,p.CommentCount,>,0,p.CommentCount,<,23,u.DownVotes,>,273,u.DownVotes,<,684,v.CreationDate,>,1273050250,v.CreationDate,<,1353516750,v.VoteTypeId,>,3,v.VoteTypeId,<,13,b.Date,>,1352257570,b.Date,<,1375188253#129
votes v,posts p,badges b,users u#p.Id=v.PostId,u.Id=p.OwnerUserId,u.Id=b.UserId#p.Score,>,-18,p.Score,<,74,p.CommentCount,>,7,p.CommentCount,<,22,u.DownVotes,>,558,u.DownVotes,<,1470,v.CreationDate,>,1260975628,v.CreationDate,<,1369712056,v.VoteTypeId,>,1,v.VoteTypeId,<,14,b.Date,>,1367991762,b.Date,<,1403337314#101232
votes v,posts p,badges b,users u#p.Id=v.PostId,u.Id=p.OwnerUserId,u.Id=b.UserId#p.Score,>,80,p.Score,<,114,p.CommentCount,>,11,p.CommentCount,<,38,u.DownVotes,>,14,u.DownVotes,<,1267,v.CreationDate,>,1375281600,v.CreationDate,<,1377662074,v.VoteTypeId,>,1,v.VoteTypeId,<,4,b.Date,>,1297346361,b.Date,<,1377737527#441
votes v,posts p,badges b,users u#p.Id=v.PostId,u.Id=p.OwnerUserId,u.Id=b.UserId#p.Score,>,7,p.Score,<,121,p.CommentCount,>,3,p.CommentCount,<,13,u.DownVotes,>,559,u.DownVotes,<,1559,v.CreationDate,>,1372705532,v.CreationDate,<,1375664494,v.VoteTypeId,>,3,v.VoteTypeId,<,9,b.Date,>,1377393869,b.Date,<,1405472886#230
votes v,posts p,badges b,users u#p.Id=v.PostId,u.Id=p.OwnerUserId,u.Id=b.UserId#p.Score,>,-8,p.Score,<,111,p.CommentCount,>,16,p.CommentCount,<,37,u.DownVotes,>,13,u.DownVotes,<,440,v.CreationDate,>,1240182220,v.CreationDate,<,1320372584,v.VoteTypeId,>,8,v.VoteTypeId,<,14,b.Date,>,1344410045,b.Date,<,1403034005#62
votes v,posts p,badges b,users u#p.Id=v.PostId,u.Id=p.OwnerUserId,u.Id=b.UserId#p.Score,>,17,p.Score,<,86,p.CommentCount,>,16,p.CommentCount,<,32,u.DownVotes,>,198,u.DownVotes,<,696,v.CreationDate,>,1254878698,v.CreationDate,<,1314985594,v.VoteTypeId,>,5,v.VoteTypeId,<,11,b.Date,>,1310952751,b.Date,<,1400838390#106
votes v,posts p,badges b,users u#p.Id=v.PostId,u.Id=p.OwnerUserId,u.Id=b.UserId#p.Score,>,-5,p.Score,<,19,p.CommentCount,>,2,p.CommentCount,<,33,u.DownVotes,>,551,u.DownVotes,<,836,v.CreationDate,>,1262653855,v.CreationDate,<,1376312921,v.VoteTypeId,>,6,v.VoteTypeId,<,14,b.Date,>,1353609634,b.Date,<,1367127028#532
votes v,posts p,badges b,users u#p.Id=v.PostId,u.Id=p.OwnerUserId,u.Id=b.UserId#p.Score,>,11,p.Score,<,16,p.CommentCount,>,1,p.CommentCount,<,10,u.DownVotes,>,299,u.DownVotes,<,1264,v.CreationDate,>,1264995876,v.CreationDate,<,1312894970,v.VoteTypeId,>,2,v.VoteTypeId,<,9,b.Date,>,1298667460,b.Date,<,1322890211#75
votes v,posts p,badges b,users u#p.Id=v.PostId,u.Id=p.OwnerUserId,u.Id=b.UserId#p.Score,>,0,p.Score,<,108,p.CommentCount,>,4,p.CommentCount,<,17,u.DownVotes,>,695,u.DownVotes,<,1076,v.CreationDate,>,1255825733,v.CreationDate,<,1332022622,v.VoteTypeId,>,1,v.VoteTypeId,<,5,b.Date,>,1290008147,b.Date,<,1333440287#97216
votes v,posts p,badges b,users u#p.Id=v.PostId,u.Id=p.OwnerUserId,u.Id=b.UserId#p.Score,>,26,p.Score,<,140,p.CommentCount,>,2,p.CommentCount,<,41,u.DownVotes,>,41,u.DownVotes,<,1583,v.CreationDate,>,1238561109,v.CreationDate,<,1341378617,v.VoteTypeId,>,3,v.VoteTypeId,<,15,b.Date,>,1312391912,b.Date,<,1336708485#4857
votes v,posts p,badges b,users u#p.Id=v.PostId,u.Id=p.OwnerUserId,u.Id=b.UserId#p.Score,>,123,p.Score,<,189,p.CommentCount,>,0,p.CommentCount,<,20,u.DownVotes,>,172,u.DownVotes,<,1599,v.CreationDate,>,1269897821,v.CreationDate,<,1385511965,v.VoteTypeId,>,1,v.VoteTypeId,<,12,b.Date,>,1362712026,b.Date,<,1374619478#4515
votes v,posts p,badges b,users u#p.Id=v.PostId,u.Id=p.OwnerUserId,u.Id=b.UserId#p.Score,>,-13,p.Score,<,40,p.CommentCount,>,16,p.CommentCount,<,24,u.DownVotes,>,32,u.DownVotes,<,176,v.CreationDate,>,1273523927,v.CreationDate,<,1386573847,v.VoteTypeId,>,8,v.VoteTypeId,<,15,b.Date,>,1292288357,b.Date,<,1381353560#45
votes v,posts p,badges b,users u#p.Id=v.PostId,u.Id=p.OwnerUserId,u.Id=b.UserId#p.Score,>,-13,p.Score,<,79,p.CommentCount,>,11,p.CommentCount,<,41,u.DownVotes,>,772,u.DownVotes,<,1751,v.CreationDate,>,1305987995,v.CreationDate,<,1341145269,v.VoteTypeId,>,5,v.VoteTypeId,<,13,b.Date,>,1346000976,b.Date,<,1377089089#114
votes v,posts p,badges b,users u#p.Id=v.PostId,u.Id=p.OwnerUserId,u.Id=b.UserId#p.Score,>,-9,p.Score,<,18,p.CommentCount,>,19,p.CommentCount,<,44,u.DownVotes,>,246,u.DownVotes,<,1338,v.CreationDate,>,1305492756,v.CreationDate,<,1325034768,v.VoteTypeId,>,8,v.VoteTypeId,<,11,b.Date,>,1337303552,b.Date,<,1357136318#105
votes v,posts p,badges b,users u#p.Id=v.PostId,u.Id=p.OwnerUserId,u.Id=b.UserId#p.Score,>,21,p.Score,<,105,p.CommentCount,>,13,p.CommentCount,<,43,u.DownVotes,>,304,u.DownVotes,<,1246,v.CreationDate,>,1341569379,v.CreationDate,<,1358276642,v.VoteTypeId,>,1,v.VoteTypeId,<,13,b.Date,>,1343516219,b.Date,<,1361093147#603
votes v,posts p,badges b,users u#p.Id=v.PostId,u.Id=p.OwnerUserId,u.Id=b.UserId#p.Score,>,-1,p.Score,<,149,p.CommentCount,>,5,p.CommentCount,<,44,u.DownVotes,>,504,u.DownVotes,<,963,v.CreationDate,>,1298011573,v.CreationDate,<,1303984316,v.VoteTypeId,>,1,v.VoteTypeId,<,11,b.Date,>,1330270445,b.Date,<,1385433730#17775
votes v,posts p,badges b,users u#p.Id=v.PostId,u.Id=p.OwnerUserId,u.Id=b.UserId#p.Score,>,9,p.Score,<,140,p.CommentCount,>,6,p.CommentCount,<,34,u.DownVotes,>,191,u.DownVotes,<,1026,v.CreationDate,>,1245156707,v.CreationDate,<,1388835245,v.VoteTypeId,>,2,v.VoteTypeId,<,10,b.Date,>,1311516520,b.Date,<,1395590024#6711
votes v,posts p,badges b,users u#p.Id=v.PostId,u.Id=p.OwnerUserId,u.Id=b.UserId#p.Score,>,83,p.Score,<,132,p.CommentCount,>,7,p.CommentCount,<,11,u.DownVotes,>,748,u.DownVotes,<,1548,v.CreationDate,>,1291092492,v.CreationDate,<,1352847252,v.VoteTypeId,>,1,v.VoteTypeId,<,5,b.Date,>,1327220641,b.Date,<,1350395081#4160
votes v,posts p,badges b,users u#p.Id=v.PostId,u.Id=p.OwnerUserId,u.Id=b.UserId#p.Score,>,41,p.Score,<,49,p.CommentCount,>,13,p.CommentCount,<,40,u.DownVotes,>,105,u.DownVotes,<,844,v.CreationDate,>,1394067911,v.CreationDate,<,1409820159,v.VoteTypeId,>,1,v.VoteTypeId,<,11,b.Date,>,1346578428,b.Date,<,1354771456#30
votes v,posts p,badges b,users u#p.Id=v.PostId,u.Id=p.OwnerUserId,u.Id=b.UserId#p.Score,>,-7,p.Score,<,136,p.CommentCount,>,2,p.CommentCount,<,21,u.DownVotes,>,38,u.DownVotes,<,1129,v.CreationDate,>,1306657625,v.CreationDate,<,1391878013,v.VoteTypeId,>,10,v.VoteTypeId,<,13,b.Date,>,1323199432,b.Date,<,1344273642#688
votes v,posts p,badges b,users u#p.Id=v.PostId,u.Id=p.OwnerUserId,u.Id=b.UserId#p.Score,>,2,p.Score,<,72,p.CommentCount,>,8,p.CommentCount,<,42,u.DownVotes,>,78,u.DownVotes,<,1040,v.CreationDate,>,1234544175,v.CreationDate,<,1332986758,v.VoteTypeId,>,2,v.VoteTypeId,<,8,b.Date,>,1381990715,b.Date,<,1389756661#125
votes v,posts p,badges b,users u#p.Id=v.PostId,u.Id=p.OwnerUserId,u.Id=b.UserId#p.Score,>,15,p.Score,<,125,p.CommentCount,>,3,p.CommentCount,<,42,u.DownVotes,>,58,u.DownVotes,<,843,v.CreationDate,>,1276875552,v.CreationDate,<,1387531958,v.VoteTypeId,>,6,v.VoteTypeId,<,14,b.Date,>,1298916893,b.Date,<,1399436621#2535
votes v,posts p,badges b,users u#p.Id=v.PostId,u.Id=p.OwnerUserId,u.Id=b.UserId#p.Score,>,35,p.Score,<,54,p.CommentCount,>,7,p.CommentCount,<,30,u.DownVotes,>,777,u.DownVotes,<,1313,v.CreationDate,>,1289709533,v.CreationDate,<,1397390918,v.VoteTypeId,>,1,v.VoteTypeId,<,3,b.Date,>,1357382823,b.Date,<,1370299143#1023
votes v,posts p,badges b,users u#p.Id=v.PostId,u.Id=p.OwnerUserId,u.Id=b.UserId#p.Score,>,14,p.Score,<,79,p.CommentCount,>,9,p.CommentCount,<,15,u.DownVotes,>,378,u.DownVotes,<,996,v.CreationDate,>,1245134989,v.CreationDate,<,1406509146,v.VoteTypeId,>,1,v.VoteTypeId,<,13,b.Date,>,1323640325,b.Date,<,1374259179#48924
votes v,posts p,badges b,users u#p.Id=v.PostId,u.Id=p.OwnerUserId,u.Id=b.UserId#p.Score,>,-4,p.Score,<,116,p.CommentCount,>,2,p.CommentCount,<,15,u.DownVotes,>,444,u.DownVotes,<,1763,v.CreationDate,>,1260043186,v.CreationDate,<,1360547366,v.VoteTypeId,>,2,v.VoteTypeId,<,15,b.Date,>,1334367809,b.Date,<,1377159200#6370
votes v,posts p,badges b,users u#p.Id=v.PostId,u.Id=p.OwnerUserId,u.Id=b.UserId#p.Score,>,12,p.Score,<,172,p.CommentCount,>,5,p.CommentCount,<,33,u.DownVotes,>,518,u.DownVotes,<,1577,v.CreationDate,>,1262867928,v.CreationDate,<,1378328580,v.VoteTypeId,>,4,v.VoteTypeId,<,15,b.Date,>,1302310017,b.Date,<,1404887851#7640
votes v,posts p,badges b,users u#p.Id=v.PostId,u.Id=p.OwnerUserId,u.Id=b.UserId#p.Score,>,-6,p.Score,<,91,p.CommentCount,>,18,p.CommentCount,<,33,u.DownVotes,>,111,u.DownVotes,<,427,v.CreationDate,>,1275509529,v.CreationDate,<,1403314717,v.VoteTypeId,>,3,v.VoteTypeId,<,12,b.Date,>,1355845969,b.Date,<,1373352827#52
votes v,posts p,badges b,users u#p.Id=v.PostId,u.Id=p.OwnerUserId,u.Id=b.UserId#p.Score,>,27,p.Score,<,125,p.CommentCount,>,16,p.CommentCount,<,41,u.DownVotes,>,42,u.DownVotes,<,781,v.CreationDate,>,1283893562,v.CreationDate,<,1328364871,v.VoteTypeId,>,6,v.VoteTypeId,<,11,b.Date,>,1340974518,b.Date,<,1371008486#34
votes v,posts p,badges b,users u#p.Id=v.PostId,u.Id=p.OwnerUserId,u.Id=b.UserId#p.Score,>,-3,p.Score,<,188,p.CommentCount,>,7,p.CommentCount,<,43,u.DownVotes,>,160,u.DownVotes,<,1774,v.CreationDate,>,1339627111,v.CreationDate,<,1369036696,v.VoteTypeId,>,1,v.VoteTypeId,<,4,b.Date,>,1335758082,b.Date,<,1406164925#108789
votes v,posts p,badges b,users u#p.Id=v.PostId,u.Id=p.OwnerUserId,u.Id=b.UserId#p.Score,>,-1,p.Score,<,129,p.CommentCount,>,6,p.CommentCount,<,19,u.DownVotes,>,312,u.DownVotes,<,969,v.CreationDate,>,1294584035,v.CreationDate,<,1402940617,v.VoteTypeId,>,3,v.VoteTypeId,<,8,b.Date,>,1365275882,b.Date,<,1390137227#953
votes v,posts p,badges b,users u#p.Id=v.PostId,u.Id=p.OwnerUserId,u.Id=b.UserId#p.Score,>,14,p.Score,<,104,p.CommentCount,>,11,p.CommentCount,<,13,u.DownVotes,>,188,u.DownVotes,<,966,v.CreationDate,>,1265924019,v.CreationDate,<,1405678091,v.VoteTypeId,>,2,v.VoteTypeId,<,10,b.Date,>,1334448274,b.Date,<,1366472762#297
votes v,posts p,badges b,users u#p.Id=v.PostId,u.Id=p.OwnerUserId,u.Id=b.UserId#p.Score,>,122,p.Score,<,184,p.CommentCount,>,6,p.CommentCount,<,41,u.DownVotes,>,697,u.DownVotes,<,1776,v.CreationDate,>,1384674180,v.CreationDate,<,1403751797,v.VoteTypeId,>,1,v.VoteTypeId,<,3,b.Date,>,1351588150,b.Date,<,1396880359#4212
votes v,posts p,badges b,users u#p.Id=v.PostId,u.Id=p.OwnerUserId,u.Id=b.UserId#p.Score,>,53,p.Score,<,132,p.CommentCount,>,5,p.CommentCount,<,7,u.DownVotes,>,99,u.DownVotes,<,1092,v.CreationDate,>,1340477740,v.CreationDate,<,1408254427,v.VoteTypeId,>,1,v.VoteTypeId,<,9,b.Date,>,1294105900,b.Date,<,1314756093#2530
votes v,posts p,badges b,users u#p.Id=v.PostId,u.Id=p.OwnerUserId,u.Id=b.UserId#p.Score,>,-13,p.Score,<,34,p.CommentCount,>,9,p.CommentCount,<,31,u.DownVotes,>,711,u.DownVotes,<,1709,v.CreationDate,>,1273214650,v.CreationDate,<,1316712089,v.VoteTypeId,>,6,v.VoteTypeId,<,14,b.Date,>,1291960563,b.Date,<,1328488443#100
votes v,posts p,badges b,users u#p.Id=v.PostId,u.Id=p.OwnerUserId,u.Id=b.UserId#p.Score,>,1,p.Score,<,128,p.CommentCount,>,17,p.CommentCount,<,28,u.DownVotes,>,303,u.DownVotes,<,1032,v.CreationDate,>,1273189182,v.CreationDate,<,1334539100,v.VoteTypeId,>,5,v.VoteTypeId,<,13,b.Date,>,1375403750,b.Date,<,1380182326#25
votes v,posts p,badges b,users u#p.Id=v.PostId,u.Id=p.OwnerUserId,u.Id=b.UserId#p.Score,>,-14,p.Score,<,151,p.CommentCount,>,9,p.CommentCount,<,13,u.DownVotes,>,87,u.DownVotes,<,1056,v.CreationDate,>,1316990975,v.CreationDate,<,1377499970,v.VoteTypeId,>,6,v.VoteTypeId,<,12,b.Date,>,1326115264,b.Date,<,1378752456#922
votes v,posts p,badges b,users u#p.Id=v.PostId,u.Id=p.OwnerUserId,u.Id=b.UserId#p.Score,>,-15,p.Score,<,67,p.CommentCount,>,6,p.CommentCount,<,29,u.DownVotes,>,117,u.DownVotes,<,1715,v.CreationDate,>,1382781883,v.CreationDate,<,1391322258,v.VoteTypeId,>,6,v.VoteTypeId,<,11,b.Date,>,1280916771,b.Date,<,1341862771#24
votes v,posts p,badges b,users u#p.Id=v.PostId,u.Id=p.OwnerUserId,u.Id=b.UserId#p.Score,>,76,p.Score,<,173,p.CommentCount,>,6,p.CommentCount,<,18,u.DownVotes,>,594,u.DownVotes,<,1059,v.CreationDate,>,1305517932,v.CreationDate,<,1397846862,v.VoteTypeId,>,1,v.VoteTypeId,<,11,b.Date,>,1326520678,b.Date,<,1399276234#57511
votes v,posts p,badges b,users u#p.Id=v.PostId,u.Id=p.OwnerUserId,u.Id=b.UserId#p.Score,>,-13,p.Score,<,184,p.CommentCount,>,17,p.CommentCount,<,33,u.DownVotes,>,404,u.DownVotes,<,1639,v.CreationDate,>,1284064637,v.CreationDate,<,1312183845,v.VoteTypeId,>,3,v.VoteTypeId,<,15,b.Date,>,1319254017,b.Date,<,1399279486#311
votes v,posts p,badges b,users u#p.Id=v.PostId,u.Id=p.OwnerUserId,u.Id=b.UserId#p.Score,>,-18,p.Score,<,35,p.CommentCount,>,4,p.CommentCount,<,37,u.DownVotes,>,223,u.DownVotes,<,1771,v.CreationDate,>,1383638977,v.CreationDate,<,1396646328,v.VoteTypeId,>,4,v.VoteTypeId,<,12,b.Date,>,1325505048,b.Date,<,1380719859#446
votes v,posts p,badges b,users u#p.Id=v.PostId,u.Id=p.OwnerUserId,u.Id=b.UserId#p.Score,>,49,p.Score,<,161,p.CommentCount,>,17,p.CommentCount,<,33,u.DownVotes,>,121,u.DownVotes,<,922,v.CreationDate,>,1342142931,v.CreationDate,<,1356067195,v.VoteTypeId,>,1,v.VoteTypeId,<,10,b.Date,>,1291705204,b.Date,<,1371745346#3930
votes v,posts p,badges b,users u#p.Id=v.PostId,u.Id=p.OwnerUserId,u.Id=b.UserId#p.Score,>,123,p.Score,<,168,p.CommentCount,>,9,p.CommentCount,<,13,u.DownVotes,>,429,u.DownVotes,<,1575,v.CreationDate,>,1254354817,v.CreationDate,<,1352824499,v.VoteTypeId,>,1,v.VoteTypeId,<,10,b.Date,>,1375844547,b.Date,<,1410570998#8120
votes v,posts p,badges b,users u#p.Id=v.PostId,u.Id=p.OwnerUserId,u.Id=b.UserId#p.Score,>,4,p.Score,<,165,p.CommentCount,>,5,p.CommentCount,<,8,u.DownVotes,>,152,u.DownVotes,<,655,v.CreationDate,>,1282090636,v.CreationDate,<,1385896497,v.VoteTypeId,>,1,v.VoteTypeId,<,3,b.Date,>,1281674265,b.Date,<,1357943572#60519
votes v,posts p,badges b,users u#p.Id=v.PostId,u.Id=p.OwnerUserId,u.Id=b.UserId#p.Score,>,-13,p.Score,<,26,p.CommentCount,>,1,p.CommentCount,<,4,u.DownVotes,>,353,u.DownVotes,<,1197,v.CreationDate,>,1252363689,v.CreationDate,<,1397163907,v.VoteTypeId,>,3,v.VoteTypeId,<,9,b.Date,>,1302726772,b.Date,<,1351775220#630
votes v,posts p,badges b,users u#p.Id=v.PostId,u.Id=p.OwnerUserId,u.Id=b.UserId#p.Score,>,20,p.Score,<,121,p.CommentCount,>,8,p.CommentCount,<,26,u.DownVotes,>,240,u.DownVotes,<,1469,v.CreationDate,>,1262656681,v.CreationDate,<,1315716658,v.VoteTypeId,>,1,v.VoteTypeId,<,11,b.Date,>,1370446626,b.Date,<,1373351650#648
votes v,posts p,badges b,users u#p.Id=v.PostId,u.Id=p.OwnerUserId,u.Id=b.UserId#p.Score,>,-16,p.Score,<,117,p.CommentCount,>,4,p.CommentCount,<,19,u.DownVotes,>,482,u.DownVotes,<,1245,v.CreationDate,>,1293705285,v.CreationDate,<,1334365652,v.VoteTypeId,>,5,v.VoteTypeId,<,14,b.Date,>,1386360352,b.Date,<,1403434491#216
votes v,posts p,badges b,users u#p.Id=v.PostId,u.Id=p.OwnerUserId,u.Id=b.UserId#p.Score,>,-2,p.Score,<,176,p.CommentCount,>,18,p.CommentCount,<,25,u.DownVotes,>,302,u.DownVotes,<,1325,v.CreationDate,>,1280212725,v.CreationDate,<,1343321950,v.VoteTypeId,>,6,v.VoteTypeId,<,13,b.Date,>,1296654895,b.Date,<,1381722044#305
votes v,posts p,badges b,users u#p.Id=v.PostId,u.Id=p.OwnerUserId,u.Id=b.UserId#p.Score,>,26,p.Score,<,175,p.CommentCount,>,18,p.CommentCount,<,26,u.DownVotes,>,7,u.DownVotes,<,692,v.CreationDate,>,1269546328,v.CreationDate,<,1407543023,v.VoteTypeId,>,1,v.VoteTypeId,<,12,b.Date,>,1285636282,b.Date,<,1358731054#4005
votes v,posts p,badges b,users u#p.Id=v.PostId,u.Id=p.OwnerUserId,u.Id=b.UserId#p.Score,>,9,p.Score,<,81,p.CommentCount,>,6,p.CommentCount,<,23,u.DownVotes,>,280,u.DownVotes,<,925,v.CreationDate,>,1263354253,v.CreationDate,<,1331082472,v.VoteTypeId,>,6,v.VoteTypeId,<,11,b.Date,>,1298428225,b.Date,<,1381376152#906
votes v,posts p,badges b,users u#p.Id=v.PostId,u.Id=p.OwnerUserId,u.Id=b.UserId#p.Score,>,23,p.Score,<,76,p.CommentCount,>,5,p.CommentCount,<,35,u.DownVotes,>,0,u.DownVotes,<,816,v.CreationDate,>,1303536376,v.CreationDate,<,1333695268,v.VoteTypeId,>,5,v.VoteTypeId,<,11,b.Date,>,1313492606,b.Date,<,1332199255#24
votes v,posts p,badges b,users u#p.Id=v.PostId,u.Id=p.OwnerUserId,u.Id=b.UserId#p.Score,>,110,p.Score,<,171,p.CommentCount,>,0,p.CommentCount,<,12,u.DownVotes,>,749,u.DownVotes,<,1344,v.CreationDate,>,1290734841,v.CreationDate,<,1375510605,v.VoteTypeId,>,1,v.VoteTypeId,<,6,b.Date,>,1286448880,b.Date,<,1297009428#2460
votes v,posts p,badges b,users u#p.Id=v.PostId,u.Id=p.OwnerUserId,u.Id=b.UserId#p.Score,>,0,p.Score,<,176,p.CommentCount,>,5,p.CommentCount,<,11,u.DownVotes,>,684,u.DownVotes,<,1245,v.CreationDate,>,1244706018,v.CreationDate,<,1361213626,v.VoteTypeId,>,4,v.VoteTypeId,<,11,b.Date,>,1294253032,b.Date,<,1374853064#5620
votes v,posts p,badges b,users u#p.Id=v.PostId,u.Id=p.OwnerUserId,u.Id=b.UserId#p.Score,>,-18,p.Score,<,120,p.CommentCount,>,13,p.CommentCount,<,23,u.DownVotes,>,96,u.DownVotes,<,239,v.CreationDate,>,1238487288,v.CreationDate,<,1298804532,v.VoteTypeId,>,2,v.VoteTypeId,<,14,b.Date,>,1357450622,b.Date,<,1384599504#24
votes v,posts p,badges b,users u#p.Id=v.PostId,u.Id=p.OwnerUserId,u.Id=b.UserId#p.Score,>,-8,p.Score,<,29,p.CommentCount,>,5,p.CommentCount,<,39,u.DownVotes,>,70,u.DownVotes,<,887,v.CreationDate,>,1316773306,v.CreationDate,<,1371399160,v.VoteTypeId,>,8,v.VoteTypeId,<,14,b.Date,>,1323714080,b.Date,<,1395157625#1367
votes v,posts p,badges b,users u#p.Id=v.PostId,u.Id=p.OwnerUserId,u.Id=b.UserId#p.Score,>,-13,p.Score,<,170,p.CommentCount,>,16,p.CommentCount,<,32,u.DownVotes,>,430,u.DownVotes,<,923,v.CreationDate,>,1350056803,v.CreationDate,<,1407761417,v.VoteTypeId,>,1,v.VoteTypeId,<,11,b.Date,>,1297139708,b.Date,<,1396547216#2520
votes v,posts p,badges b,users u#p.Id=v.PostId,u.Id=p.OwnerUserId,u.Id=b.UserId#p.Score,>,7,p.Score,<,99,p.CommentCount,>,12,p.CommentCount,<,44,u.DownVotes,>,676,u.DownVotes,<,928,v.CreationDate,>,1291154901,v.CreationDate,<,1316756160,v.VoteTypeId,>,1,v.VoteTypeId,<,3,b.Date,>,1373488293,b.Date,<,1384615279#2438
votes v,posts p,badges b,users u#p.Id=v.PostId,u.Id=p.OwnerUserId,u.Id=b.UserId#p.Score,>,5,p.Score,<,67,p.CommentCount,>,11,p.CommentCount,<,32,u.DownVotes,>,155,u.DownVotes,<,1640,v.CreationDate,>,1248595703,v.CreationDate,<,1405450543,v.VoteTypeId,>,2,v.VoteTypeId,<,7,b.Date,>,1299855322,b.Date,<,1385756715#658
votes v,posts p,badges b,users u#p.Id=v.PostId,u.Id=p.OwnerUserId,u.Id=b.UserId#p.Score,>,-6,p.Score,<,167,p.CommentCount,>,6,p.CommentCount,<,29,u.DownVotes,>,119,u.DownVotes,<,518,v.CreationDate,>,1267348329,v.CreationDate,<,1386323111,v.VoteTypeId,>,1,v.VoteTypeId,<,12,b.Date,>,1332569215,b.Date,<,1396115970#251802
votes v,posts p,badges b,users u#p.Id=v.PostId,u.Id=p.OwnerUserId,u.Id=b.UserId#p.Score,>,43,p.Score,<,141,p.CommentCount,>,27,p.CommentCount,<,35,u.DownVotes,>,120,u.DownVotes,<,1209,v.CreationDate,>,1246366606,v.CreationDate,<,1405885616,v.VoteTypeId,>,1,v.VoteTypeId,<,10,b.Date,>,1303760220,b.Date,<,1366485689#8174
votes v,posts p,badges b,users u#p.Id=v.PostId,u.Id=p.OwnerUserId,u.Id=b.UserId#p.Score,>,23,p.Score,<,145,p.CommentCount,>,3,p.CommentCount,<,34,u.DownVotes,>,43,u.DownVotes,<,1649,v.CreationDate,>,1323368314,v.CreationDate,<,1403063452,v.VoteTypeId,>,4,v.VoteTypeId,<,10,b.Date,>,1284076022,b.Date,<,1331767535#6458
votes v,posts p,badges b,users u#p.Id=v.PostId,u.Id=p.OwnerUserId,u.Id=b.UserId#p.Score,>,2,p.Score,<,59,p.CommentCount,>,5,p.CommentCount,<,20,u.DownVotes,>,652,u.DownVotes,<,1901,v.CreationDate,>,1261786109,v.CreationDate,<,1311530995,v.VoteTypeId,>,7,v.VoteTypeId,<,15,b.Date,>,1315981859,b.Date,<,1318271918#28
votes v,posts p,badges b,users u#p.Id=v.PostId,u.Id=p.OwnerUserId,u.Id=b.UserId#p.Score,>,30,p.Score,<,105,p.CommentCount,>,15,p.CommentCount,<,29,u.DownVotes,>,121,u.DownVotes,<,1097,v.CreationDate,>,1274234475,v.CreationDate,<,1385874329,v.VoteTypeId,>,3,v.VoteTypeId,<,13,b.Date,>,1296310723,b.Date,<,1349807155#81
votes v,posts p,badges b,users u#p.Id=v.PostId,u.Id=p.OwnerUserId,u.Id=b.UserId#p.Score,>,93,p.Score,<,189,p.CommentCount,>,9,p.CommentCount,<,21,u.DownVotes,>,105,u.DownVotes,<,126,v.CreationDate,>,1266259299,v.CreationDate,<,1359081420,v.VoteTypeId,>,4,v.VoteTypeId,<,11,b.Date,>,1288290786,b.Date,<,1330746356#22
votes v,posts p,badges b,users u#p.Id=v.PostId,u.Id=p.OwnerUserId,u.Id=b.UserId#p.Score,>,-2,p.Score,<,169,p.CommentCount,>,8,p.CommentCount,<,11,u.DownVotes,>,680,u.DownVotes,<,1887,v.CreationDate,>,1310111346,v.CreationDate,<,1368573511,v.VoteTypeId,>,5,v.VoteTypeId,<,14,b.Date,>,1280563516,b.Date,<,1360889878#261
votes v,posts p,badges b,users u#p.Id=v.PostId,u.Id=p.OwnerUserId,u.Id=b.UserId#p.Score,>,4,p.Score,<,110,p.CommentCount,>,32,p.CommentCount,<,41,u.DownVotes,>,13,u.DownVotes,<,786,v.CreationDate,>,1316263295,v.CreationDate,<,1356899596,v.VoteTypeId,>,1,v.VoteTypeId,<,4,b.Date,>,1317707634,b.Date,<,1339410452#600
votes v,posts p,badges b,users u#p.Id=v.PostId,u.Id=p.OwnerUserId,u.Id=b.UserId#p.Score,>,-11,p.Score,<,189,p.CommentCount,>,7,p.CommentCount,<,39,u.DownVotes,>,333,u.DownVotes,<,1088,v.CreationDate,>,1279670712,v.CreationDate,<,1325609997,v.VoteTypeId,>,2,v.VoteTypeId,<,6,b.Date,>,1312934730,b.Date,<,1378033306#379
votes v,posts p,badges b,users u#p.Id=v.PostId,u.Id=p.OwnerUserId,u.Id=b.UserId#p.Score,>,-1,p.Score,<,165,p.CommentCount,>,3,p.CommentCount,<,25,u.DownVotes,>,496,u.DownVotes,<,1670,v.CreationDate,>,1353385983,v.CreationDate,<,1381504774,v.VoteTypeId,>,3,v.VoteTypeId,<,13,b.Date,>,1307374161,b.Date,<,1398422675#3096
votes v,posts p,badges b,users u#p.Id=v.PostId,u.Id=p.OwnerUserId,u.Id=b.UserId#p.Score,>,97,p.Score,<,189,p.CommentCount,>,5,p.CommentCount,<,29,u.DownVotes,>,104,u.DownVotes,<,480,v.CreationDate,>,1335187481,v.CreationDate,<,1374891822,v.VoteTypeId,>,1,v.VoteTypeId,<,3,b.Date,>,1333758133,b.Date,<,1383299520#15618
votes v,posts p,badges b,users u#p.Id=v.PostId,u.Id=p.OwnerUserId,u.Id=b.UserId#p.Score,>,7,p.Score,<,103,p.CommentCount,>,6,p.CommentCount,<,23,u.DownVotes,>,224,u.DownVotes,<,1667,v.CreationDate,>,1319783582,v.CreationDate,<,1343775631,v.VoteTypeId,>,2,v.VoteTypeId,<,9,b.Date,>,1338325465,b.Date,<,1375447677#495
votes v,posts p,badges b,users u#p.Id=v.PostId,u.Id=p.OwnerUserId,u.Id=b.UserId#p.Score,>,-18,p.Score,<,10,p.CommentCount,>,3,p.CommentCount,<,17,u.DownVotes,>,416,u.DownVotes,<,1494,v.CreationDate,>,1332154604,v.CreationDate,<,1333427884,v.VoteTypeId,>,1,v.VoteTypeId,<,6,b.Date,>,1279738492,b.Date,<,1303511775#495
votes v,posts p,badges b,users u#p.Id=v.PostId,u.Id=p.OwnerUserId,u.Id=b.UserId#p.Score,>,-7,p.Score,<,144,p.CommentCount,>,7,p.CommentCount,<,42,u.DownVotes,>,7,u.DownVotes,<,370,v.CreationDate,>,1339159979,v.CreationDate,<,1348008500,v.VoteTypeId,>,1,v.VoteTypeId,<,11,b.Date,>,1306826898,b.Date,<,1318161110#1636
votes v,posts p,badges b,users u#p.Id=v.PostId,u.Id=p.OwnerUserId,u.Id=b.UserId#p.Score,>,3,p.Score,<,154,p.CommentCount,>,10,p.CommentCount,<,42,u.DownVotes,>,61,u.DownVotes,<,488,v.CreationDate,>,1368152519,v.CreationDate,<,1390005651,v.VoteTypeId,>,8,v.VoteTypeId,<,13,b.Date,>,1329360953,b.Date,<,1374034325#74
votes v,posts p,badges b,users u#p.Id=v.PostId,u.Id=p.OwnerUserId,u.Id=b.UserId#p.Score,>,-18,p.Score,<,69,p.CommentCount,>,11,p.CommentCount,<,18,u.DownVotes,>,19,u.DownVotes,<,750,v.CreationDate,>,1271694094,v.CreationDate,<,1342075601,v.VoteTypeId,>,3,v.VoteTypeId,<,8,b.Date,>,1289506967,b.Date,<,1298904112#27
votes v,posts p,badges b,users u#p.Id=v.PostId,u.Id=p.OwnerUserId,u.Id=b.UserId#p.Score,>,2,p.Score,<,171,p.CommentCount,>,3,p.CommentCount,<,42,u.DownVotes,>,43,u.DownVotes,<,526,v.CreationDate,>,1298617528,v.CreationDate,<,1383712718,v.VoteTypeId,>,1,v.VoteTypeId,<,12,b.Date,>,1344885948,b.Date,<,1351337029#89929
votes v,posts p,badges b,users u#p.Id=v.PostId,u.Id=p.OwnerUserId,u.Id=b.UserId#p.Score,>,4,p.Score,<,173,p.CommentCount,>,6,p.CommentCount,<,27,u.DownVotes,>,102,u.DownVotes,<,1074,v.CreationDate,>,1261875492,v.CreationDate,<,1397905580,v.VoteTypeId,>,6,v.VoteTypeId,<,14,b.Date,>,1298476365,b.Date,<,1376970569#3368
votes v,posts p,badges b,users u#p.Id=v.PostId,u.Id=p.OwnerUserId,u.Id=b.UserId#p.Score,>,57,p.Score,<,92,p.CommentCount,>,6,p.CommentCount,<,37,u.DownVotes,>,693,u.DownVotes,<,1521,v.CreationDate,>,1304270784,v.CreationDate,<,1377692056,v.VoteTypeId,>,1,v.VoteTypeId,<,7,b.Date,>,1300911313,b.Date,<,1310025390#3003
votes v,posts p,badges b,users u#p.Id=v.PostId,u.Id=p.OwnerUserId,u.Id=b.UserId#p.Score,>,-16,p.Score,<,50,p.CommentCount,>,8,p.CommentCount,<,28,u.DownVotes,>,270,u.DownVotes,<,861,v.CreationDate,>,1264350077,v.CreationDate,<,1319756810,v.VoteTypeId,>,2,v.VoteTypeId,<,5,b.Date,>,1358046417,b.Date,<,1376505669#15
votes v,posts p,badges b,users u#p.Id=v.PostId,u.Id=p.OwnerUserId,u.Id=b.UserId#p.Score,>,-5,p.Score,<,71,p.CommentCount,>,1,p.CommentCount,<,37,u.DownVotes,>,144,u.DownVotes,<,1714,v.CreationDate,>,1298875754,v.CreationDate,<,1320761964,v.VoteTypeId,>,3,v.VoteTypeId,<,11,b.Date,>,1375211529,b.Date,<,1398192310#897
votes v,posts p,badges b,users u#p.Id=v.PostId,u.Id=p.OwnerUserId,u.Id=b.UserId#p.Score,>,103,p.Score,<,173,p.CommentCount,>,0,p.CommentCount,<,13,u.DownVotes,>,73,u.DownVotes,<,1237,v.CreationDate,>,1296861843,v.CreationDate,<,1348732617,v.VoteTypeId,>,5,v.VoteTypeId,<,13,b.Date,>,1294574513,b.Date,<,1331356048#22
votes v,posts p,badges b,users u#p.Id=v.PostId,u.Id=p.OwnerUserId,u.Id=b.UserId#p.Score,>,0,p.Score,<,70,p.CommentCount,>,19,p.CommentCount,<,35,u.DownVotes,>,52,u.DownVotes,<,1007,v.CreationDate,>,1254078539,v.CreationDate,<,1348081509,v.VoteTypeId,>,1,v.VoteTypeId,<,15,b.Date,>,1309911035,b.Date,<,1408164128#13148
votes v,posts p,badges b,users u#p.Id=v.PostId,u.Id=p.OwnerUserId,u.Id=b.UserId#p.Score,>,91,p.Score,<,155,p.CommentCount,>,10,p.CommentCount,<,25,u.DownVotes,>,556,u.DownVotes,<,1877,v.CreationDate,>,1351184621,v.CreationDate,<,1372694155,v.VoteTypeId,>,1,v.VoteTypeId,<,15,b.Date,>,1291639691,b.Date,<,1387272430#6346
votes v,posts p,badges b,users u#p.Id=v.PostId,u.Id=p.OwnerUserId,u.Id=b.UserId#p.Score,>,7,p.Score,<,152,p.CommentCount,>,12,p.CommentCount,<,20,u.DownVotes,>,115,u.DownVotes,<,442,v.CreationDate,>,1325650489,v.CreationDate,<,1356840000,v.VoteTypeId,>,4,v.VoteTypeId,<,8,b.Date,>,1361363092,b.Date,<,1377486129#24
votes v,posts p,badges b,users u#p.Id=v.PostId,u.Id=p.OwnerUserId,u.Id=b.UserId#p.Score,>,29,p.Score,<,155,p.CommentCount,>,24,p.CommentCount,<,41,u.DownVotes,>,66,u.DownVotes,<,635,v.CreationDate,>,1338547084,v.CreationDate,<,1356913769,v.VoteTypeId,>,1,v.VoteTypeId,<,4,b.Date,>,1350010179,b.Date,<,1376645589#1800
votes v,posts p,badges b,users u#p.Id=v.PostId,u.Id=p.OwnerUserId,u.Id=b.UserId#p.Score,>,-1,p.Score,<,100,p.CommentCount,>,0,p.CommentCount,<,10,u.DownVotes,>,148,u.DownVotes,<,1347,v.CreationDate,>,1330319252,v.CreationDate,<,1383399579,v.VoteTypeId,>,7,v.VoteTypeId,<,13,b.Date,>,1391823055,b.Date,<,1397820484#137
votes v,posts p,badges b,users u#p.Id=v.PostId,u.Id=p.OwnerUserId,u.Id=b.UserId#p.Score,>,-9,p.Score,<,174,p.CommentCount,>,15,p.CommentCount,<,34,u.DownVotes,>,344,u.DownVotes,<,1707,v.CreationDate,>,1296513139,v.CreationDate,<,1376882715,v.VoteTypeId,>,1,v.VoteTypeId,<,5,b.Date,>,1339980074,b.Date,<,1388849393#14554
votes v,posts p,badges b,users u#p.Id=v.PostId,u.Id=p.OwnerUserId,u.Id=b.UserId#p.Score,>,106,p.Score,<,157,p.CommentCount,>,0,p.CommentCount,<,12,u.DownVotes,>,775,u.DownVotes,<,1273,v.CreationDate,>,1315174816,v.CreationDate,<,1346720721,v.VoteTypeId,>,1,v.VoteTypeId,<,7,b.Date,>,1282914426,b.Date,<,1410585036#14784
votes v,posts p,badges b,users u#p.Id=v.PostId,u.Id=p.OwnerUserId,u.Id=b.UserId#p.Score,>,-9,p.Score,<,115,p.CommentCount,>,14,p.CommentCount,<,42,u.DownVotes,>,80,u.DownVotes,<,968,v.CreationDate,>,1305411356,v.CreationDate,<,1373258292,v.VoteTypeId,>,2,v.VoteTypeId,<,12,b.Date,>,1382956284,b.Date,<,1383918990#8
votes v,posts p,badges b,users u#p.Id=v.PostId,u.Id=p.OwnerUserId,u.Id=b.UserId#p.Score,>,-6,p.Score,<,159,p.CommentCount,>,1,p.CommentCount,<,33,u.DownVotes,>,126,u.DownVotes,<,252,v.CreationDate,>,1255374852,v.CreationDate,<,1328858189,v.VoteTypeId,>,6,v.VoteTypeId,<,15,b.Date,>,1365408012,b.Date,<,1380143975#192
votes v,posts p,badges b,users u#p.Id=v.PostId,u.Id=p.OwnerUserId,u.Id=b.UserId#p.Score,>,7,p.Score,<,139,p.CommentCount,>,2,p.CommentCount,<,12,u.DownVotes,>,775,u.DownVotes,<,1580,v.CreationDate,>,1316222101,v.CreationDate,<,1320700313,v.VoteTypeId,>,1,v.VoteTypeId,<,4,b.Date,>,1309896294,b.Date,<,1325938536#3300
votes v,posts p,badges b,users u#p.Id=v.PostId,u.Id=p.OwnerUserId,u.Id=b.UserId#p.Score,>,8,p.Score,<,144,p.CommentCount,>,8,p.CommentCount,<,39,u.DownVotes,>,530,u.DownVotes,<,1570,v.CreationDate,>,1278894779,v.CreationDate,<,1387473557,v.VoteTypeId,>,8,v.VoteTypeId,<,12,b.Date,>,1365344893,b.Date,<,1384274148#73
votes v,posts p,badges b,users u#p.Id=v.PostId,u.Id=p.OwnerUserId,u.Id=b.UserId#p.Score,>,22,p.Score,<,73,p.CommentCount,>,3,p.CommentCount,<,34,u.DownVotes,>,266,u.DownVotes,<,1260,v.CreationDate,>,1273233845,v.CreationDate,<,1371468805,v.VoteTypeId,>,2,v.VoteTypeId,<,15,b.Date,>,1331818224,b.Date,<,1399121152#3720
votes v,posts p,badges b,users u#p.Id=v.PostId,u.Id=p.OwnerUserId,u.Id=b.UserId#p.Score,>,10,p.Score,<,176,p.CommentCount,>,4,p.CommentCount,<,19,u.DownVotes,>,324,u.DownVotes,<,1828,v.CreationDate,>,1241074497,v.CreationDate,<,1399750152,v.VoteTypeId,>,1,v.VoteTypeId,<,15,b.Date,>,1303117111,b.Date,<,1343886403#259971
votes v,posts p,badges b,users u#p.Id=v.PostId,u.Id=p.OwnerUserId,u.Id=b.UserId#p.Score,>,5,p.Score,<,65,p.CommentCount,>,1,p.CommentCount,<,6,u.DownVotes,>,393,u.DownVotes,<,1790,v.CreationDate,>,1348540817,v.CreationDate,<,1379332306,v.VoteTypeId,>,7,v.VoteTypeId,<,15,b.Date,>,1357322084,b.Date,<,1396281585#35
votes v,posts p,badges b,users u#p.Id=v.PostId,u.Id=p.OwnerUserId,u.Id=b.UserId#p.Score,>,-12,p.Score,<,115,p.CommentCount,>,16,p.CommentCount,<,36,u.DownVotes,>,205,u.DownVotes,<,1407,v.CreationDate,>,1311928948,v.CreationDate,<,1360495612,v.VoteTypeId,>,2,v.VoteTypeId,<,4,b.Date,>,1295495581,b.Date,<,1350907964#126
votes v,posts p,badges b,users u#p.Id=v.PostId,u.Id=p.OwnerUserId,u.Id=b.UserId#p.Score,>,-3,p.Score,<,95,p.CommentCount,>,4,p.CommentCount,<,13,u.DownVotes,>,285,u.DownVotes,<,915,v.CreationDate,>,1289079543,v.CreationDate,<,1404978734,v.VoteTypeId,>,6,v.VoteTypeId,<,10,b.Date,>,1381522501,b.Date,<,1407295024#885
votes v,posts p,badges b,users u#p.Id=v.PostId,u.Id=p.OwnerUserId,u.Id=b.UserId#p.Score,>,9,p.Score,<,77,p.CommentCount,>,5,p.CommentCount,<,8,u.DownVotes,>,602,u.DownVotes,<,1113,v.CreationDate,>,1269774924,v.CreationDate,<,1363781348,v.VoteTypeId,>,8,v.VoteTypeId,<,12,b.Date,>,1311861253,b.Date,<,1346161792#127
votes v,posts p,badges b,users u#p.Id=v.PostId,u.Id=p.OwnerUserId,u.Id=b.UserId#p.Score,>,-6,p.Score,<,112,p.CommentCount,>,7,p.CommentCount,<,16,u.DownVotes,>,118,u.DownVotes,<,1115,v.CreationDate,>,1346185394,v.CreationDate,<,1371262096,v.VoteTypeId,>,3,v.VoteTypeId,<,9,b.Date,>,1339893235,b.Date,<,1409450703#678
votes v,posts p,badges b,users u#p.Id=v.PostId,u.Id=p.OwnerUserId,u.Id=b.UserId#p.Score,>,80,p.Score,<,138,p.CommentCount,>,14,p.CommentCount,<,26,u.DownVotes,>,112,u.DownVotes,<,423,v.CreationDate,>,1342484833,v.CreationDate,<,1410453265,v.VoteTypeId,>,1,v.VoteTypeId,<,3,b.Date,>,1339462961,b.Date,<,1350948696#3285
votes v,posts p,badges b,users u#p.Id=v.PostId,u.Id=p.OwnerUserId,u.Id=b.UserId#p.Score,>,4,p.Score,<,36,p.CommentCount,>,0,p.CommentCount,<,25,u.DownVotes,>,518,u.DownVotes,<,1823,v.CreationDate,>,1266117714,v.CreationDate,<,1339675210,v.VoteTypeId,>,1,v.VoteTypeId,<,12,b.Date,>,1385582934,b.Date,<,1401425654#145320
votes v,posts p,badges b,users u#p.Id=v.PostId,u.Id=p.OwnerUserId,u.Id=b.UserId#p.Score,>,-5,p.Score,<,52,p.CommentCount,>,12,p.CommentCount,<,29,u.DownVotes,>,315,u.DownVotes,<,1308,v.CreationDate,>,1238150647,v.CreationDate,<,1382439001,v.VoteTypeId,>,6,v.VoteTypeId,<,15,b.Date,>,1296661459,b.Date,<,1375846059#278
votes v,posts p,badges b,users u#p.Id=v.PostId,u.Id=p.OwnerUserId,u.Id=b.UserId#p.Score,>,20,p.Score,<,163,p.CommentCount,>,4,p.CommentCount,<,28,u.DownVotes,>,169,u.DownVotes,<,905,v.CreationDate,>,1241402617,v.CreationDate,<,1338361822,v.VoteTypeId,>,1,v.VoteTypeId,<,3,b.Date,>,1299195298,b.Date,<,1313120308#21999
votes v,posts p,badges b,users u#p.Id=v.PostId,u.Id=p.OwnerUserId,u.Id=b.UserId#p.Score,>,31,p.Score,<,155,p.CommentCount,>,3,p.CommentCount,<,16,u.DownVotes,>,46,u.DownVotes,<,1729,v.CreationDate,>,1316730991,v.CreationDate,<,1378188085,v.VoteTypeId,>,2,v.VoteTypeId,<,13,b.Date,>,1303938385,b.Date,<,1344697493#4494
votes v,posts p,badges b,users u#p.Id=v.PostId,u.Id=p.OwnerUserId,u.Id=b.UserId#p.Score,>,76,p.Score,<,156,p.CommentCount,>,5,p.CommentCount,<,41,u.DownVotes,>,585,u.DownVotes,<,908,v.CreationDate,>,1286781441,v.CreationDate,<,1320682795,v.VoteTypeId,>,1,v.VoteTypeId,<,8,b.Date,>,1288005728,b.Date,<,1369937428#5896
votes v,posts p,badges b,users u#p.Id=v.PostId,u.Id=p.OwnerUserId,u.Id=b.UserId#p.Score,>,13,p.Score,<,52,p.CommentCount,>,3,p.CommentCount,<,35,u.DownVotes,>,348,u.DownVotes,<,1737,v.CreationDate,>,1270062805,v.CreationDate,<,1408611993,v.VoteTypeId,>,2,v.VoteTypeId,<,4,b.Date,>,1345542726,b.Date,<,1395099141#592
votes v,posts p,badges b,users u#p.Id=v.PostId,u.Id=p.OwnerUserId,u.Id=b.UserId#p.Score,>,-12,p.Score,<,165,p.CommentCount,>,10,p.CommentCount,<,13,u.DownVotes,>,125,u.DownVotes,<,1377,v.CreationDate,>,1275357903,v.CreationDate,<,1391051444,v.VoteTypeId,>,6,v.VoteTypeId,<,12,b.Date,>,1364399944,b.Date,<,1395707022#422
votes v,posts p,badges b,users u#p.Id=v.PostId,u.Id=p.OwnerUserId,u.Id=b.UserId#p.Score,>,3,p.Score,<,168,p.CommentCount,>,6,p.CommentCount,<,24,u.DownVotes,>,108,u.DownVotes,<,751,v.CreationDate,>,1307955808,v.CreationDate,<,1354076977,v.VoteTypeId,>,2,v.VoteTypeId,<,7,b.Date,>,1291140519,b.Date,<,1293713930#2
votes v,posts p,badges b,users u#p.Id=v.PostId,u.Id=p.OwnerUserId,u.Id=b.UserId#p.Score,>,25,p.Score,<,99,p.CommentCount,>,18,p.CommentCount,<,24,u.DownVotes,>,182,u.DownVotes,<,1507,v.CreationDate,>,1280091441,v.CreationDate,<,1323752875,v.VoteTypeId,>,6,v.VoteTypeId,<,13,b.Date,>,1324250770,b.Date,<,1371249899#58
votes v,posts p,badges b,users u#p.Id=v.PostId,u.Id=p.OwnerUserId,u.Id=b.UserId#p.Score,>,28,p.Score,<,185,p.CommentCount,>,3,p.CommentCount,<,19,u.DownVotes,>,729,u.DownVotes,<,888,v.CreationDate,>,1274300438,v.CreationDate,<,1396332114,v.VoteTypeId,>,3,v.VoteTypeId,<,11,b.Date,>,1297199083,b.Date,<,1337056210#1680
votes v,posts p,badges b,users u#p.Id=v.PostId,u.Id=p.OwnerUserId,u.Id=b.UserId#p.Score,>,8,p.Score,<,28,p.CommentCount,>,10,p.CommentCount,<,30,u.DownVotes,>,512,u.DownVotes,<,1408,v.CreationDate,>,1260942322,v.CreationDate,<,1333751351,v.VoteTypeId,>,1,v.VoteTypeId,<,7,b.Date,>,1386122708,b.Date,<,1393101081#2407
votes v,posts p,badges b,users u#p.Id=v.PostId,u.Id=p.OwnerUserId,u.Id=b.UserId#p.Score,>,17,p.Score,<,95,p.CommentCount,>,8,p.CommentCount,<,39,u.DownVotes,>,319,u.DownVotes,<,1783,v.CreationDate,>,1268344414,v.CreationDate,<,1325533334,v.VoteTypeId,>,2,v.VoteTypeId,<,9,b.Date,>,1329673748,b.Date,<,1363187103#146
votes v,posts p,badges b,users u#p.Id=v.PostId,u.Id=p.OwnerUserId,u.Id=b.UserId#p.Score,>,-6,p.Score,<,122,p.CommentCount,>,12,p.CommentCount,<,22,u.DownVotes,>,97,u.DownVotes,<,666,v.CreationDate,>,1319523213,v.CreationDate,<,1399151622,v.VoteTypeId,>,3,v.VoteTypeId,<,10,b.Date,>,1298232962,b.Date,<,1400632734#433
votes v,posts p,badges b,users u#p.Id=v.PostId,u.Id=p.OwnerUserId,u.Id=b.UserId#p.Score,>,51,p.Score,<,128,p.CommentCount,>,20,p.CommentCount,<,33,u.DownVotes,>,102,u.DownVotes,<,736,v.CreationDate,>,1269600661,v.CreationDate,<,1365036306,v.VoteTypeId,>,1,v.VoteTypeId,<,11,b.Date,>,1282569016,b.Date,<,1390837195#7200
votes v,posts p,badges b,users u#p.Id=v.PostId,u.Id=p.OwnerUserId,u.Id=b.UserId#p.Score,>,13,p.Score,<,85,p.CommentCount,>,1,p.CommentCount,<,30,u.DownVotes,>,646,u.DownVotes,<,1205,v.CreationDate,>,1235241762,v.CreationDate,<,1356965787,v.VoteTypeId,>,3,v.VoteTypeId,<,11,b.Date,>,1331898727,b.Date,<,1377424315#2280
votes v,posts p,badges b,users u#p.Id=v.PostId,u.Id=p.OwnerUserId,u.Id=b.UserId#p.Score,>,44,p.Score,<,57,p.CommentCount,>,2,p.CommentCount,<,15,u.DownVotes,>,597,u.DownVotes,<,1397,v.CreationDate,>,1356348860,v.CreationDate,<,1402705449,v.VoteTypeId,>,3,v.VoteTypeId,<,15,b.Date,>,1279646782,b.Date,<,1312219789#702
votes v,posts p,badges b,users u#p.Id=v.PostId,u.Id=p.OwnerUserId,u.Id=b.UserId#p.Score,>,19,p.Score,<,59,p.CommentCount,>,12,p.CommentCount,<,36,u.DownVotes,>,645,u.DownVotes,<,1751,v.CreationDate,>,1250515895,v.CreationDate,<,1344079624,v.VoteTypeId,>,1,v.VoteTypeId,<,9,b.Date,>,1306957830,b.Date,<,1386317500#6216
votes v,posts p,badges b,users u#p.Id=v.PostId,u.Id=p.OwnerUserId,u.Id=b.UserId#p.Score,>,-13,p.Score,<,114,p.CommentCount,>,6,p.CommentCount,<,12,u.DownVotes,>,594,u.DownVotes,<,1494,v.CreationDate,>,1323832346,v.CreationDate,<,1351564062,v.VoteTypeId,>,1,v.VoteTypeId,<,3,b.Date,>,1302402745,b.Date,<,1403383287#121125
votes v,posts p,badges b,users u#p.Id=v.PostId,u.Id=p.OwnerUserId,u.Id=b.UserId#p.Score,>,49,p.Score,<,84,p.CommentCount,>,3,p.CommentCount,<,26,u.DownVotes,>,727,u.DownVotes,<,1111,v.CreationDate,>,1309113495,v.CreationDate,<,1406726587,v.VoteTypeId,>,2,v.VoteTypeId,<,9,b.Date,>,1386056945,b.Date,<,1409293722#192
votes v,posts p,badges b,users u#p.Id=v.PostId,u.Id=p.OwnerUserId,u.Id=b.UserId#p.Score,>,29,p.Score,<,71,p.CommentCount,>,6,p.CommentCount,<,36,u.DownVotes,>,562,u.DownVotes,<,1137,v.CreationDate,>,1284952726,v.CreationDate,<,1396228310,v.VoteTypeId,>,8,v.VoteTypeId,<,11,b.Date,>,1313730617,b.Date,<,1373070473#210
votes v,posts p,badges b,users u#p.Id=v.PostId,u.Id=p.OwnerUserId,u.Id=b.UserId#p.Score,>,22,p.Score,<,167,p.CommentCount,>,17,p.CommentCount,<,40,u.DownVotes,>,85,u.DownVotes,<,613,v.CreationDate,>,1281341137,v.CreationDate,<,1301517434,v.VoteTypeId,>,4,v.VoteTypeId,<,10,b.Date,>,1329169531,b.Date,<,1340604946#18
votes v,posts p,badges b,users u#p.Id=v.PostId,u.Id=p.OwnerUserId,u.Id=b.UserId#p.Score,>,-7,p.Score,<,52,p.CommentCount,>,0,p.CommentCount,<,4,u.DownVotes,>,192,u.DownVotes,<,1277,v.CreationDate,>,1323273899,v.CreationDate,<,1339611158,v.VoteTypeId,>,3,v.VoteTypeId,<,15,b.Date,>,1318825967,b.Date,<,1370980054#1109
votes v,posts p,badges b,users u#p.Id=v.PostId,u.Id=p.OwnerUserId,u.Id=b.UserId#p.Score,>,5,p.Score,<,80,p.CommentCount,>,19,p.CommentCount,<,22,u.DownVotes,>,561,u.DownVotes,<,1690,v.CreationDate,>,1305672241,v.CreationDate,<,1365698973,v.VoteTypeId,>,1,v.VoteTypeId,<,6,b.Date,>,1319034050,b.Date,<,1395435919#2682
votes v,posts p,badges b,users u#p.Id=v.PostId,u.Id=p.OwnerUserId,u.Id=b.UserId#p.Score,>,109,p.Score,<,151,p.CommentCount,>,7,p.CommentCount,<,24,u.DownVotes,>,129,u.DownVotes,<,1500,v.CreationDate,>,1354341661,v.CreationDate,<,1398961868,v.VoteTypeId,>,1,v.VoteTypeId,<,15,b.Date,>,1339419265,b.Date,<,1403654737#17112
votes v,posts p,badges b,users u#p.Id=v.PostId,u.Id=p.OwnerUserId,u.Id=b.UserId#p.Score,>,1,p.Score,<,86,p.CommentCount,>,9,p.CommentCount,<,18,u.DownVotes,>,210,u.DownVotes,<,1614,v.CreationDate,>,1283401912,v.CreationDate,<,1410281579,v.VoteTypeId,>,1,v.VoteTypeId,<,15,b.Date,>,1339231579,b.Date,<,1353855862#70469
votes v,posts p,badges b,users u#p.Id=v.PostId,u.Id=p.OwnerUserId,u.Id=b.UserId#p.Score,>,-8,p.Score,<,40,p.CommentCount,>,2,p.CommentCount,<,40,u.DownVotes,>,333,u.DownVotes,<,641,v.CreationDate,>,1256705543,v.CreationDate,<,1401983357,v.VoteTypeId,>,4,v.VoteTypeId,<,13,b.Date,>,1285303106,b.Date,<,1403108103#3141
votes v,posts p,badges b,users u#p.Id=v.PostId,u.Id=p.OwnerUserId,u.Id=b.UserId#p.Score,>,34,p.Score,<,182,p.CommentCount,>,7,p.CommentCount,<,42,u.DownVotes,>,135,u.DownVotes,<,1278,v.CreationDate,>,1238315509,v.CreationDate,<,1372394009,v.VoteTypeId,>,1,v.VoteTypeId,<,15,b.Date,>,1298698664,b.Date,<,1312403099#13443
votes v,posts p,badges b,users u#p.Id=v.PostId,u.Id=p.OwnerUserId,u.Id=b.UserId#p.Score,>,-14,p.Score,<,30,p.CommentCount,>,17,p.CommentCount,<,32,u.DownVotes,>,614,u.DownVotes,<,1290,v.CreationDate,>,1294166590,v.CreationDate,<,1358821814,v.VoteTypeId,>,1,v.VoteTypeId,<,11,b.Date,>,1329967447,b.Date,<,1395577099#8160
votes v,posts p,badges b,users u#p.Id=v.PostId,u.Id=p.OwnerUserId,u.Id=b.UserId#p.Score,>,0,p.Score,<,117,p.CommentCount,>,32,p.CommentCount,<,42,u.DownVotes,>,20,u.DownVotes,<,1084,v.CreationDate,>,1280501136,v.CreationDate,<,1385511419,v.VoteTypeId,>,2,v.VoteTypeId,<,12,b.Date,>,1361447556,b.Date,<,1388123676#17
votes v,posts p,badges b,users u#p.Id=v.PostId,u.Id=p.OwnerUserId,u.Id=b.UserId#p.Score,>,-11,p.Score,<,159,p.CommentCount,>,4,p.CommentCount,<,6,u.DownVotes,>,35,u.DownVotes,<,573,v.CreationDate,>,1369171048,v.CreationDate,<,1378610140,v.VoteTypeId,>,10,v.VoteTypeId,<,14,b.Date,>,1341392904,b.Date,<,1407991478#86
votes v,posts p,badges b,users u#p.Id=v.PostId,u.Id=p.OwnerUserId,u.Id=b.UserId#p.Score,>,28,p.Score,<,191,p.CommentCount,>,11,p.CommentCount,<,15,u.DownVotes,>,606,u.DownVotes,<,1339,v.CreationDate,>,1335576990,v.CreationDate,<,1397985415,v.VoteTypeId,>,3,v.VoteTypeId,<,12,b.Date,>,1296726757,b.Date,<,1316787253#53
votes v,posts p,badges b,users u#p.Id=v.PostId,u.Id=p.OwnerUserId,u.Id=b.UserId#p.Score,>,-11,p.Score,<,178,p.CommentCount,>,5,p.CommentCount,<,44,u.DownVotes,>,380,u.DownVotes,<,444,v.CreationDate,>,1245334740,v.CreationDate,<,1398010978,v.VoteTypeId,>,3,v.VoteTypeId,<,9,b.Date,>,1375197762,b.Date,<,1387436564#63
votes v,posts p,badges b,users u#p.Id=v.PostId,u.Id=p.OwnerUserId,u.Id=b.UserId#p.Score,>,0,p.Score,<,174,p.CommentCount,>,8,p.CommentCount,<,41,u.DownVotes,>,549,u.DownVotes,<,1223,v.CreationDate,>,1336498949,v.CreationDate,<,1360108702,v.VoteTypeId,>,1,v.VoteTypeId,<,6,b.Date,>,1292775108,b.Date,<,1364694782#58072
votes v,posts p,badges b,users u#p.Id=v.PostId,u.Id=p.OwnerUserId,u.Id=b.UserId#p.Score,>,-18,p.Score,<,47,p.CommentCount,>,0,p.CommentCount,<,43,u.DownVotes,>,4,u.DownVotes,<,952,v.CreationDate,>,1302996183,v.CreationDate,<,1404211883,v.VoteTypeId,>,5,v.VoteTypeId,<,10,b.Date,>,1286315666,b.Date,<,1300185961#2145
votes v,posts p,badges b,users u#p.Id=v.PostId,u.Id=p.OwnerUserId,u.Id=b.UserId#p.Score,>,-7,p.Score,<,133,p.CommentCount,>,5,p.CommentCount,<,42,u.DownVotes,>,435,u.DownVotes,<,1036,v.CreationDate,>,1310737123,v.CreationDate,<,1376277322,v.VoteTypeId,>,1,v.VoteTypeId,<,12,b.Date,>,1339723872,b.Date,<,1341767900#37014
votes v,posts p,badges b,users u#p.Id=v.PostId,u.Id=p.OwnerUserId,u.Id=b.UserId#p.Score,>,50,p.Score,<,98,p.CommentCount,>,1,p.CommentCount,<,23,u.DownVotes,>,623,u.DownVotes,<,1312,v.CreationDate,>,1353686676,v.CreationDate,<,1406857758,v.VoteTypeId,>,2,v.VoteTypeId,<,15,b.Date,>,1296542612,b.Date,<,1399912664#379
votes v,posts p,badges b,users u#p.Id=v.PostId,u.Id=p.OwnerUserId,u.Id=b.UserId#p.Score,>,-12,p.Score,<,54,p.CommentCount,>,8,p.CommentCount,<,19,u.DownVotes,>,722,u.DownVotes,<,1225,v.CreationDate,>,1253471554,v.CreationDate,<,1389433679,v.VoteTypeId,>,8,v.VoteTypeId,<,13,b.Date,>,1374836859,b.Date,<,1385425870#38
votes v,posts p,badges b,users u#p.Id=v.PostId,u.Id=p.OwnerUserId,u.Id=b.UserId#p.Score,>,22,p.Score,<,53,p.CommentCount,>,2,p.CommentCount,<,33,u.DownVotes,>,92,u.DownVotes,<,972,v.CreationDate,>,1296676039,v.CreationDate,<,1298010249,v.VoteTypeId,>,1,v.VoteTypeId,<,12,b.Date,>,1283275161,b.Date,<,1351873923#144
votes v,posts p,badges b,users u#p.Id=v.PostId,u.Id=p.OwnerUserId,u.Id=b.UserId#p.Score,>,-17,p.Score,<,127,p.CommentCount,>,4,p.CommentCount,<,19,u.DownVotes,>,467,u.DownVotes,<,1186,v.CreationDate,>,1321800153,v.CreationDate,<,1354219496,v.VoteTypeId,>,1,v.VoteTypeId,<,8,b.Date,>,1381112223,b.Date,<,1390487759#16824
votes v,posts p,badges b,users u#p.Id=v.PostId,u.Id=p.OwnerUserId,u.Id=b.UserId#p.Score,>,106,p.Score,<,169,p.CommentCount,>,5,p.CommentCount,<,26,u.DownVotes,>,773,u.DownVotes,<,1170,v.CreationDate,>,1341276601,v.CreationDate,<,1400576382,v.VoteTypeId,>,1,v.VoteTypeId,<,11,b.Date,>,1354000242,b.Date,<,1408067546#13869
votes v,posts p,badges b,users u#p.Id=v.PostId,u.Id=p.OwnerUserId,u.Id=b.UserId#p.Score,>,2,p.Score,<,182,p.CommentCount,>,19,p.CommentCount,<,30,u.DownVotes,>,555,u.DownVotes,<,1483,v.CreationDate,>,1257350737,v.CreationDate,<,1328785845,v.VoteTypeId,>,2,v.VoteTypeId,<,13,b.Date,>,1283577325,b.Date,<,1322006918#103
votes v,posts p,badges b,users u#p.Id=v.PostId,u.Id=p.OwnerUserId,u.Id=b.UserId#p.Score,>,-14,p.Score,<,159,p.CommentCount,>,2,p.CommentCount,<,34,u.DownVotes,>,355,u.DownVotes,<,455,v.CreationDate,>,1264516589,v.CreationDate,<,1409898891,v.VoteTypeId,>,4,v.VoteTypeId,<,6,b.Date,>,1387583917,b.Date,<,1409962549#192
votes v,posts p,badges b,users u#p.Id=v.PostId,u.Id=p.OwnerUserId,u.Id=b.UserId#p.Score,>,1,p.Score,<,155,p.CommentCount,>,7,p.CommentCount,<,27,u.DownVotes,>,225,u.DownVotes,<,1052,v.CreationDate,>,1374402707,v.CreationDate,<,1407202852,v.VoteTypeId,>,6,v.VoteTypeId,<,9,b.Date,>,1288407877,b.Date,<,1345476650#23
votes v,posts p,badges b,users u#p.Id=v.PostId,u.Id=p.OwnerUserId,u.Id=b.UserId#p.Score,>,22,p.Score,<,178,p.CommentCount,>,0,p.CommentCount,<,28,u.DownVotes,>,78,u.DownVotes,<,285,v.CreationDate,>,1251266914,v.CreationDate,<,1305399024,v.VoteTypeId,>,6,v.VoteTypeId,<,11,b.Date,>,1328275400,b.Date,<,1380338813#61
votes v,posts p,badges b,users u#p.Id=v.PostId,u.Id=p.OwnerUserId,u.Id=b.UserId#p.Score,>,-10,p.Score,<,160,p.CommentCount,>,1,p.CommentCount,<,36,u.DownVotes,>,78,u.DownVotes,<,1572,v.CreationDate,>,1368341833,v.CreationDate,<,1407966488,v.VoteTypeId,>,1,v.VoteTypeId,<,14,b.Date,>,1285798409,b.Date,<,1407579300#2154494
votes v,posts p,badges b,users u#p.Id=v.PostId,u.Id=p.OwnerUserId,u.Id=b.UserId#p.Score,>,47,p.Score,<,172,p.CommentCount,>,6,p.CommentCount,<,24,u.DownVotes,>,333,u.DownVotes,<,1749,v.CreationDate,>,1286882441,v.CreationDate,<,1395523253,v.VoteTypeId,>,2,v.VoteTypeId,<,11,b.Date,>,1299719269,b.Date,<,1305250780#21
votes v,posts p,badges b,users u#p.Id=v.PostId,u.Id=p.OwnerUserId,u.Id=b.UserId#p.Score,>,35,p.Score,<,61,p.CommentCount,>,3,p.CommentCount,<,18,u.DownVotes,>,204,u.DownVotes,<,1812,v.CreationDate,>,1358750872,v.CreationDate,<,1369217706,v.VoteTypeId,>,3,v.VoteTypeId,<,10,b.Date,>,1329982563,b.Date,<,1399999646#584
votes v,posts p,badges b,users u#p.Id=v.PostId,u.Id=p.OwnerUserId,u.Id=b.UserId#p.Score,>,4,p.Score,<,174,p.CommentCount,>,3,p.CommentCount,<,14,u.DownVotes,>,14,u.DownVotes,<,68,v.CreationDate,>,1322213230,v.CreationDate,<,1400493584,v.VoteTypeId,>,3,v.VoteTypeId,<,15,b.Date,>,1372770625,b.Date,<,1408186736#9835
votes v,posts p,badges b,users u#p.Id=v.PostId,u.Id=p.OwnerUserId,u.Id=b.UserId#p.Score,>,-17,p.Score,<,166,p.CommentCount,>,19,p.CommentCount,<,42,u.DownVotes,>,470,u.DownVotes,<,1660,v.CreationDate,>,1352049609,v.CreationDate,<,1380772872,v.VoteTypeId,>,1,v.VoteTypeId,<,8,b.Date,>,1293165799,b.Date,<,1348888399#195
votes v,posts p,badges b,users u#p.Id=v.PostId,u.Id=p.OwnerUserId,u.Id=b.UserId#p.Score,>,98,p.Score,<,165,p.CommentCount,>,7,p.CommentCount,<,18,u.DownVotes,>,376,u.DownVotes,<,1274,v.CreationDate,>,1349198846,v.CreationDate,<,1362374445,v.VoteTypeId,>,1,v.VoteTypeId,<,9,b.Date,>,1281747305,b.Date,<,1304455575#605
votes v,posts p,badges b,users u#p.Id=v.PostId,u.Id=p.OwnerUserId,u.Id=b.UserId#p.Score,>,19,p.Score,<,107,p.CommentCount,>,1,p.CommentCount,<,38,u.DownVotes,>,74,u.DownVotes,<,1363,v.CreationDate,>,1345879606,v.CreationDate,<,1397135465,v.VoteTypeId,>,4,v.VoteTypeId,<,11,b.Date,>,1318992157,b.Date,<,1331311299#1834
votes v,posts p,badges b,users u#p.Id=v.PostId,u.Id=p.OwnerUserId,u.Id=b.UserId#p.Score,>,-12,p.Score,<,92,p.CommentCount,>,8,p.CommentCount,<,27,u.DownVotes,>,348,u.DownVotes,<,659,v.CreationDate,>,1296403079,v.CreationDate,<,1365152311,v.VoteTypeId,>,5,v.VoteTypeId,<,11,b.Date,>,1390314589,b.Date,<,1408095669#54
votes v,posts p,badges b,users u#p.Id=v.PostId,u.Id=p.OwnerUserId,u.Id=b.UserId#p.Score,>,-12,p.Score,<,155,p.CommentCount,>,4,p.CommentCount,<,8,u.DownVotes,>,417,u.DownVotes,<,1083,v.CreationDate,>,1251970076,v.CreationDate,<,1385017336,v.VoteTypeId,>,1,v.VoteTypeId,<,3,b.Date,>,1310201688,b.Date,<,1347956226#160034
votes v,posts p,badges b,users u#p.Id=v.PostId,u.Id=p.OwnerUserId,u.Id=b.UserId#p.Score,>,50,p.Score,<,130,p.CommentCount,>,4,p.CommentCount,<,36,u.DownVotes,>,633,u.DownVotes,<,1051,v.CreationDate,>,1288782213,v.CreationDate,<,1393054598,v.VoteTypeId,>,2,v.VoteTypeId,<,14,b.Date,>,1307054949,b.Date,<,1332340198#210
votes v,posts p,badges b,users u#p.Id=v.PostId,u.Id=p.OwnerUserId,u.Id=b.UserId#p.Score,>,-13,p.Score,<,81,p.CommentCount,>,7,p.CommentCount,<,27,u.DownVotes,>,406,u.DownVotes,<,907,v.CreationDate,>,1292523167,v.CreationDate,<,1385847560,v.VoteTypeId,>,4,v.VoteTypeId,<,15,b.Date,>,1319462493,b.Date,<,1364245255#1844
votes v,posts p,badges b,users u#p.Id=v.PostId,u.Id=p.OwnerUserId,u.Id=b.UserId#p.Score,>,-16,p.Score,<,51,p.CommentCount,>,7,p.CommentCount,<,23,u.DownVotes,>,146,u.DownVotes,<,1646,v.CreationDate,>,1290462006,v.CreationDate,<,1304151583,v.VoteTypeId,>,4,v.VoteTypeId,<,11,b.Date,>,1329809217,b.Date,<,1386678301#62
votes v,posts p,badges b,users u#p.Id=v.PostId,u.Id=p.OwnerUserId,u.Id=b.UserId#p.Score,>,13,p.Score,<,130,p.CommentCount,>,1,p.CommentCount,<,32,u.DownVotes,>,256,u.DownVotes,<,712,v.CreationDate,>,1266908820,v.CreationDate,<,1407113693,v.VoteTypeId,>,2,v.VoteTypeId,<,8,b.Date,>,1378301898,b.Date,<,1394348123#69
votes v,posts p,badges b,users u#p.Id=v.PostId,u.Id=p.OwnerUserId,u.Id=b.UserId#p.Score,>,-13,p.Score,<,51,p.CommentCount,>,7,p.CommentCount,<,36,u.DownVotes,>,170,u.DownVotes,<,1902,v.CreationDate,>,1256678216,v.CreationDate,<,1345888818,v.VoteTypeId,>,1,v.VoteTypeId,<,8,b.Date,>,1284828735,b.Date,<,1343569632#139065
votes v,posts p,badges b,users u#p.Id=v.PostId,u.Id=p.OwnerUserId,u.Id=b.UserId#p.Score,>,10,p.Score,<,24,p.CommentCount,>,2,p.CommentCount,<,16,u.DownVotes,>,380,u.DownVotes,<,850,v.CreationDate,>,1314502487,v.CreationDate,<,1372183270,v.VoteTypeId,>,1,v.VoteTypeId,<,5,b.Date,>,1312976816,b.Date,<,1346254378#88875
votes v,posts p,badges b,users u#p.Id=v.PostId,u.Id=p.OwnerUserId,u.Id=b.UserId#p.Score,>,-7,p.Score,<,22,p.CommentCount,>,6,p.CommentCount,<,25,u.DownVotes,>,23,u.DownVotes,<,1712,v.CreationDate,>,1283677572,v.CreationDate,<,1367569100,v.VoteTypeId,>,2,v.VoteTypeId,<,8,b.Date,>,1332992797,b.Date,<,1398827412#13744
votes v,posts p,badges b,users u#p.Id=v.PostId,u.Id=p.OwnerUserId,u.Id=b.UserId#p.Score,>,0,p.Score,<,148,p.CommentCount,>,3,p.CommentCount,<,6,u.DownVotes,>,643,u.DownVotes,<,1779,v.CreationDate,>,1331973572,v.CreationDate,<,1395348010,v.VoteTypeId,>,1,v.VoteTypeId,<,8,b.Date,>,1341804803,b.Date,<,1399730401#104638
votes v,posts p,badges b,users u#p.Id=v.PostId,u.Id=p.OwnerUserId,u.Id=b.UserId#p.Score,>,47,p.Score,<,86,p.CommentCount,>,2,p.CommentCount,<,35,u.DownVotes,>,208,u.DownVotes,<,1807,v.CreationDate,>,1285409875,v.CreationDate,<,1334453742,v.VoteTypeId,>,2,v.VoteTypeId,<,8,b.Date,>,1289953971,b.Date,<,1324131929#190
votes v,posts p,badges b,users u#p.Id=v.PostId,u.Id=p.OwnerUserId,u.Id=b.UserId#p.Score,>,-17,p.Score,<,181,p.CommentCount,>,11,p.CommentCount,<,39,u.DownVotes,>,680,u.DownVotes,<,1105,v.CreationDate,>,1250792428,v.CreationDate,<,1310932249,v.VoteTypeId,>,1,v.VoteTypeId,<,14,b.Date,>,1312823200,b.Date,<,1392187886#18848
votes v,posts p,badges b,users u#p.Id=v.PostId,u.Id=p.OwnerUserId,u.Id=b.UserId#p.Score,>,37,p.Score,<,124,p.CommentCount,>,5,p.CommentCount,<,10,u.DownVotes,>,525,u.DownVotes,<,1724,v.CreationDate,>,1302242489,v.CreationDate,<,1368355772,v.VoteTypeId,>,4,v.VoteTypeId,<,10,b.Date,>,1327553113,b.Date,<,1403444091#3050
votes v,posts p,badges b,users u#p.Id=v.PostId,u.Id=p.OwnerUserId,u.Id=b.UserId#p.Score,>,18,p.Score,<,110,p.CommentCount,>,28,p.CommentCount,<,42,u.DownVotes,>,1,u.DownVotes,<,1600,v.CreationDate,>,1239327289,v.CreationDate,<,1360772632,v.VoteTypeId,>,4,v.VoteTypeId,<,13,b.Date,>,1344681870,b.Date,<,1385724058#36
votes v,posts p,badges b,users u#p.Id=v.PostId,u.Id=p.OwnerUserId,u.Id=b.UserId#p.Score,>,40,p.Score,<,89,p.CommentCount,>,3,p.CommentCount,<,30,u.DownVotes,>,617,u.DownVotes,<,1631,v.CreationDate,>,1299117568,v.CreationDate,<,1377006552,v.VoteTypeId,>,4,v.VoteTypeId,<,6,b.Date,>,1303636744,b.Date,<,1395055857#4068
votes v,posts p,badges b,users u#p.Id=v.PostId,u.Id=p.OwnerUserId,u.Id=b.UserId#p.Score,>,16,p.Score,<,134,p.CommentCount,>,6,p.CommentCount,<,11,u.DownVotes,>,658,u.DownVotes,<,890,v.CreationDate,>,1333997559,v.CreationDate,<,1362883117,v.VoteTypeId,>,1,v.VoteTypeId,<,7,b.Date,>,1321481900,b.Date,<,1388978012#41666
votes v,posts p,badges b,users u#p.Id=v.PostId,u.Id=p.OwnerUserId,u.Id=b.UserId#p.Score,>,17,p.Score,<,23,p.CommentCount,>,1,p.CommentCount,<,22,u.DownVotes,>,156,u.DownVotes,<,481,v.CreationDate,>,1264015970,v.CreationDate,<,1379199016,v.VoteTypeId,>,5,v.VoteTypeId,<,12,b.Date,>,1294518158,b.Date,<,1344497867#178
votes v,posts p,badges b,users u#p.Id=v.PostId,u.Id=p.OwnerUserId,u.Id=b.UserId#p.Score,>,1,p.Score,<,117,p.CommentCount,>,0,p.CommentCount,<,5,u.DownVotes,>,28,u.DownVotes,<,1794,v.CreationDate,>,1292583959,v.CreationDate,<,1350455395,v.VoteTypeId,>,4,v.VoteTypeId,<,15,b.Date,>,1300322744,b.Date,<,1338683144#14406
votes v,posts p,badges b,users u#p.Id=v.PostId,u.Id=p.OwnerUserId,u.Id=b.UserId#p.Score,>,37,p.Score,<,112,p.CommentCount,>,14,p.CommentCount,<,44,u.DownVotes,>,106,u.DownVotes,<,1408,v.CreationDate,>,1405988896,v.CreationDate,<,1407842711,v.VoteTypeId,>,1,v.VoteTypeId,<,10,b.Date,>,1392509285,b.Date,<,1410152362#408
votes v,posts p,badges b,users u#p.Id=v.PostId,u.Id=p.OwnerUserId,u.Id=b.UserId#p.Score,>,0,p.Score,<,117,p.CommentCount,>,0,p.CommentCount,<,24,u.DownVotes,>,692,u.DownVotes,<,1549,v.CreationDate,>,1347391611,v.CreationDate,<,1374069005,v.VoteTypeId,>,1,v.VoteTypeId,<,9,b.Date,>,1377280134,b.Date,<,1379725618#20774
votes v,posts p,badges b,users u#p.Id=v.PostId,u.Id=p.OwnerUserId,u.Id=b.UserId#p.Score,>,17,p.Score,<,71,p.CommentCount,>,3,p.CommentCount,<,17,u.DownVotes,>,520,u.DownVotes,<,1250,v.CreationDate,>,1261214850,v.CreationDate,<,1294724834,v.VoteTypeId,>,1,v.VoteTypeId,<,12,b.Date,>,1297370707,b.Date,<,1409983594#28152
votes v,posts p,badges b,users u#p.Id=v.PostId,u.Id=p.OwnerUserId,u.Id=b.UserId#p.Score,>,-8,p.Score,<,178,p.CommentCount,>,2,p.CommentCount,<,9,u.DownVotes,>,26,u.DownVotes,<,191,v.CreationDate,>,1295285294,v.CreationDate,<,1296936434,v.VoteTypeId,>,4,v.VoteTypeId,<,11,b.Date,>,1284856673,b.Date,<,1303582548#53
votes v,posts p,badges b,users u#p.Id=v.PostId,u.Id=p.OwnerUserId,u.Id=b.UserId#p.Score,>,57,p.Score,<,98,p.CommentCount,>,1,p.CommentCount,<,38,u.DownVotes,>,196,u.DownVotes,<,965,v.CreationDate,>,1273214815,v.CreationDate,<,1401368720,v.VoteTypeId,>,2,v.VoteTypeId,<,6,b.Date,>,1299402329,b.Date,<,1369088270#711
votes v,posts p,badges b,users u#p.Id=v.PostId,u.Id=p.OwnerUserId,u.Id=b.UserId#p.Score,>,113,p.Score,<,177,p.CommentCount,>,1,p.CommentCount,<,33,u.DownVotes,>,312,u.DownVotes,<,1271,v.CreationDate,>,1266867091,v.CreationDate,<,1364635878,v.VoteTypeId,>,1,v.VoteTypeId,<,10,b.Date,>,1342108490,b.Date,<,1364623557#5822
votes v,posts p,badges b,users u#p.Id=v.PostId,u.Id=p.OwnerUserId,u.Id=b.UserId#p.Score,>,41,p.Score,<,191,p.CommentCount,>,6,p.CommentCount,<,8,u.DownVotes,>,295,u.DownVotes,<,1550,v.CreationDate,>,1362102784,v.CreationDate,<,1389507698,v.VoteTypeId,>,1,v.VoteTypeId,<,10,b.Date,>,1291402225,b.Date,<,1339152166#1560
votes v,posts p,badges b,users u#p.Id=v.PostId,u.Id=p.OwnerUserId,u.Id=b.UserId#p.Score,>,-15,p.Score,<,42,p.CommentCount,>,0,p.CommentCount,<,17,u.DownVotes,>,89,u.DownVotes,<,117,v.CreationDate,>,1264698454,v.CreationDate,<,1361551116,v.VoteTypeId,>,6,v.VoteTypeId,<,12,b.Date,>,1286784240,b.Date,<,1293486939#4
votes v,posts p,badges b,users u#p.Id=v.PostId,u.Id=p.OwnerUserId,u.Id=b.UserId#p.Score,>,18,p.Score,<,96,p.CommentCount,>,0,p.CommentCount,<,19,u.DownVotes,>,206,u.DownVotes,<,642,v.CreationDate,>,1263166313,v.CreationDate,<,1295214812,v.VoteTypeId,>,3,v.VoteTypeId,<,7,b.Date,>,1331589650,b.Date,<,1346892667#265
votes v,posts p,badges b,users u#p.Id=v.PostId,u.Id=p.OwnerUserId,u.Id=b.UserId#p.Score,>,17,p.Score,<,143,p.CommentCount,>,11,p.CommentCount,<,38,u.DownVotes,>,354,u.DownVotes,<,814,v.CreationDate,>,1253467762,v.CreationDate,<,1304177137,v.VoteTypeId,>,1,v.VoteTypeId,<,3,b.Date,>,1378556619,b.Date,<,1387857541#217
votes v,posts p,badges b,users u#p.Id=v.PostId,u.Id=p.OwnerUserId,u.Id=b.UserId#p.Score,>,83,p.Score,<,182,p.CommentCount,>,1,p.CommentCount,<,28,u.DownVotes,>,19,u.DownVotes,<,883,v.CreationDate,>,1304239542,v.CreationDate,<,1386552899,v.VoteTypeId,>,3,v.VoteTypeId,<,14,b.Date,>,1290808183,b.Date,<,1393616083#191
votes v,posts p,badges b,users u#p.Id=v.PostId,u.Id=p.OwnerUserId,u.Id=b.UserId#p.Score,>,15,p.Score,<,138,p.CommentCount,>,0,p.CommentCount,<,42,u.DownVotes,>,312,u.DownVotes,<,952,v.CreationDate,>,1312285342,v.CreationDate,<,1396698765,v.VoteTypeId,>,4,v.VoteTypeId,<,13,b.Date,>,1300075217,b.Date,<,1316427491#878
votes v,posts p,badges b,users u#p.Id=v.PostId,u.Id=p.OwnerUserId,u.Id=b.UserId#p.Score,>,-12,p.Score,<,166,p.CommentCount,>,1,p.CommentCount,<,16,u.DownVotes,>,78,u.DownVotes,<,943,v.CreationDate,>,1289005424,v.CreationDate,<,1394905197,v.VoteTypeId,>,9,v.VoteTypeId,<,15,b.Date,>,1338179105,b.Date,<,1338371791#13
votes v,posts p,badges b,users u#p.Id=v.PostId,u.Id=p.OwnerUserId,u.Id=b.UserId#p.Score,>,22,p.Score,<,83,p.CommentCount,>,4,p.CommentCount,<,13,u.DownVotes,>,524,u.DownVotes,<,1238,v.CreationDate,>,1353643657,v.CreationDate,<,1362918765,v.VoteTypeId,>,1,v.VoteTypeId,<,4,b.Date,>,1340831000,b.Date,<,1398078642#16284
votes v,posts p,badges b,users u#p.Id=v.PostId,u.Id=p.OwnerUserId,u.Id=b.UserId#p.Score,>,17,p.Score,<,113,p.CommentCount,>,4,p.CommentCount,<,35,u.DownVotes,>,681,u.DownVotes,<,1542,v.CreationDate,>,1360463263,v.CreationDate,<,1398227873,v.VoteTypeId,>,5,v.VoteTypeId,<,11,b.Date,>,1336952065,b.Date,<,1349486288#84
votes v,posts p,badges b,users u#p.Id=v.PostId,u.Id=p.OwnerUserId,u.Id=b.UserId#p.Score,>,41,p.Score,<,115,p.CommentCount,>,2,p.CommentCount,<,39,u.DownVotes,>,689,u.DownVotes,<,1055,v.CreationDate,>,1312308425,v.CreationDate,<,1378812078,v.VoteTypeId,>,4,v.VoteTypeId,<,8,b.Date,>,1303600034,b.Date,<,1343172362#1680
votes v,posts p,badges b,users u#p.Id=v.PostId,u.Id=p.OwnerUserId,u.Id=b.UserId#p.Score,>,65,p.Score,<,160,p.CommentCount,>,10,p.CommentCount,<,30,u.DownVotes,>,95,u.DownVotes,<,1014,v.CreationDate,>,1299327760,v.CreationDate,<,1381807999,v.VoteTypeId,>,7,v.VoteTypeId,<,14,b.Date,>,1312508925,b.Date,<,1328965251#18
votes v,posts p,badges b,users u#p.Id=v.PostId,u.Id=p.OwnerUserId,u.Id=b.UserId#p.Score,>,69,p.Score,<,154,p.CommentCount,>,9,p.CommentCount,<,21,u.DownVotes,>,719,u.DownVotes,<,1690,v.CreationDate,>,1328486445,v.CreationDate,<,1343860660,v.VoteTypeId,>,1,v.VoteTypeId,<,12,b.Date,>,1369035383,b.Date,<,1387211658#3268
votes v,posts p,badges b,users u#p.Id=v.PostId,u.Id=p.OwnerUserId,u.Id=b.UserId#p.Score,>,-7,p.Score,<,183,p.CommentCount,>,5,p.CommentCount,<,30,u.DownVotes,>,68,u.DownVotes,<,871,v.CreationDate,>,1239611103,v.CreationDate,<,1350946606,v.VoteTypeId,>,3,v.VoteTypeId,<,13,b.Date,>,1318303011,b.Date,<,1364438358#6040
votes v,posts p,badges b,users u#p.Id=v.PostId,u.Id=p.OwnerUserId,u.Id=b.UserId#p.Score,>,68,p.Score,<,129,p.CommentCount,>,3,p.CommentCount,<,13,u.DownVotes,>,2,u.DownVotes,<,57,v.CreationDate,>,1318031697,v.CreationDate,<,1384609878,v.VoteTypeId,>,3,v.VoteTypeId,<,9,b.Date,>,1361738655,b.Date,<,1385565183#308
votes v,posts p,badges b,users u#p.Id=v.PostId,u.Id=p.OwnerUserId,u.Id=b.UserId#p.Score,>,-4,p.Score,<,112,p.CommentCount,>,6,p.CommentCount,<,34,u.DownVotes,>,595,u.DownVotes,<,1209,v.CreationDate,>,1262845461,v.CreationDate,<,1331148366,v.VoteTypeId,>,8,v.VoteTypeId,<,11,b.Date,>,1320648311,b.Date,<,1351549874#399
votes v,posts p,badges b,users u#p.Id=v.PostId,u.Id=p.OwnerUserId,u.Id=b.UserId#p.Score,>,6,p.Score,<,183,p.CommentCount,>,7,p.CommentCount,<,22,u.DownVotes,>,211,u.DownVotes,<,1758,v.CreationDate,>,1282656051,v.CreationDate,<,1359362737,v.VoteTypeId,>,10,v.VoteTypeId,<,15,b.Date,>,1358359734,b.Date,<,1363391765#14
votes v,posts p,badges b,users u#p.Id=v.PostId,u.Id=p.OwnerUserId,u.Id=b.UserId#p.Score,>,40,p.Score,<,48,p.CommentCount,>,17,p.CommentCount,<,43,u.DownVotes,>,33,u.DownVotes,<,1640,v.CreationDate,>,1249752364,v.CreationDate,<,1319536501,v.VoteTypeId,>,1,v.VoteTypeId,<,15,b.Date,>,1337102955,b.Date,<,1356785979#351
votes v,posts p,badges b,users u#p.Id=v.PostId,u.Id=p.OwnerUserId,u.Id=b.UserId#p.Score,>,-7,p.Score,<,81,p.CommentCount,>,7,p.CommentCount,<,17,u.DownVotes,>,372,u.DownVotes,<,1307,v.CreationDate,>,1262487132,v.CreationDate,<,1378397547,v.VoteTypeId,>,2,v.VoteTypeId,<,11,b.Date,>,1316280679,b.Date,<,1373803724#2400
votes v,posts p,badges b,users u#p.Id=v.PostId,u.Id=p.OwnerUserId,u.Id=b.UserId#p.Score,>,62,p.Score,<,107,p.CommentCount,>,8,p.CommentCount,<,41,u.DownVotes,>,438,u.DownVotes,<,1509,v.CreationDate,>,1248930597,v.CreationDate,<,1383404399,v.VoteTypeId,>,1,v.VoteTypeId,<,8,b.Date,>,1307669284,b.Date,<,1391499861#36888
votes v,posts p,badges b,users u#p.Id=v.PostId,u.Id=p.OwnerUserId,u.Id=b.UserId#p.Score,>,69,p.Score,<,103,p.CommentCount,>,2,p.CommentCount,<,26,u.DownVotes,>,359,u.DownVotes,<,1051,v.CreationDate,>,1352854535,v.CreationDate,<,1389859091,v.VoteTypeId,>,2,v.VoteTypeId,<,4,b.Date,>,1290615110,b.Date,<,1358744002#231
votes v,posts p,badges b,users u#p.Id=v.PostId,u.Id=p.OwnerUserId,u.Id=b.UserId#p.Score,>,43,p.Score,<,116,p.CommentCount,>,0,p.CommentCount,<,36,u.DownVotes,>,284,u.DownVotes,<,1559,v.CreationDate,>,1364778056,v.CreationDate,<,1392670758,v.VoteTypeId,>,4,v.VoteTypeId,<,6,b.Date,>,1305805174,b.Date,<,1364386826#1498
votes v,posts p,badges b,users u#p.Id=v.PostId,u.Id=p.OwnerUserId,u.Id=b.UserId#p.Score,>,-9,p.Score,<,179,p.CommentCount,>,4,p.CommentCount,<,28,u.DownVotes,>,142,u.DownVotes,<,1095,v.CreationDate,>,1322038293,v.CreationDate,<,1407585199,v.VoteTypeId,>,3,v.VoteTypeId,<,6,b.Date,>,1309223035,b.Date,<,1317803632#630
votes v,posts p,badges b,users u#p.Id=v.PostId,u.Id=p.OwnerUserId,u.Id=b.UserId#p.Score,>,-14,p.Score,<,151,p.CommentCount,>,9,p.CommentCount,<,14,u.DownVotes,>,238,u.DownVotes,<,1729,v.CreationDate,>,1274337206,v.CreationDate,<,1404150970,v.VoteTypeId,>,3,v.VoteTypeId,<,15,b.Date,>,1331787278,b.Date,<,1332606892#52
votes v,posts p,badges b,users u#p.Id=v.PostId,u.Id=p.OwnerUserId,u.Id=b.UserId#p.Score,>,9,p.Score,<,178,p.CommentCount,>,13,p.CommentCount,<,32,u.DownVotes,>,160,u.DownVotes,<,917,v.CreationDate,>,1328040879,v.CreationDate,<,1365975950,v.VoteTypeId,>,1,v.VoteTypeId,<,3,b.Date,>,1293586948,b.Date,<,1328071819#6138
votes v,posts p,badges b,users u#p.Id=v.PostId,u.Id=p.OwnerUserId,u.Id=b.UserId#p.Score,>,-2,p.Score,<,18,p.CommentCount,>,3,p.CommentCount,<,42,u.DownVotes,>,5,u.DownVotes,<,1659,v.CreationDate,>,1292021128,v.CreationDate,<,1371303533,v.VoteTypeId,>,1,v.VoteTypeId,<,3,b.Date,>,1291621038,b.Date,<,1300454566#78543
votes v,posts p,badges b,users u#p.Id=v.PostId,u.Id=p.OwnerUserId,u.Id=b.UserId#p.Score,>,40,p.Score,<,95,p.CommentCount,>,13,p.CommentCount,<,33,u.DownVotes,>,84,u.DownVotes,<,762,v.CreationDate,>,1279718041,v.CreationDate,<,1358981163,v.VoteTypeId,>,6,v.VoteTypeId,<,15,b.Date,>,1305083139,b.Date,<,1397342075#110
votes v,posts p,badges b,users u#p.Id=v.PostId,u.Id=p.OwnerUserId,u.Id=b.UserId#p.Score,>,9,p.Score,<,147,p.CommentCount,>,6,p.CommentCount,<,36,u.DownVotes,>,82,u.DownVotes,<,1558,v.CreationDate,>,1276592981,v.CreationDate,<,1308960035,v.VoteTypeId,>,4,v.VoteTypeId,<,10,b.Date,>,1383377407,b.Date,<,1399289862#544
votes v,posts p,badges b,users u#p.Id=v.PostId,u.Id=p.OwnerUserId,u.Id=b.UserId#p.Score,>,-18,p.Score,<,137,p.CommentCount,>,4,p.CommentCount,<,44,u.DownVotes,>,410,u.DownVotes,<,445,v.CreationDate,>,1347761685,v.CreationDate,<,1378047796,v.VoteTypeId,>,2,v.VoteTypeId,<,9,b.Date,>,1315280328,b.Date,<,1387850822#822
votes v,posts p,badges b,users u#p.Id=v.PostId,u.Id=p.OwnerUserId,u.Id=b.UserId#p.Score,>,0,p.Score,<,45,p.CommentCount,>,10,p.CommentCount,<,22,u.DownVotes,>,239,u.DownVotes,<,1871,v.CreationDate,>,1298577372,v.CreationDate,<,1401246507,v.VoteTypeId,>,1,v.VoteTypeId,<,4,b.Date,>,1345304567,b.Date,<,1372620260#30372
votes v,posts p,badges b,users u#p.Id=v.PostId,u.Id=p.OwnerUserId,u.Id=b.UserId#p.Score,>,11,p.Score,<,154,p.CommentCount,>,0,p.CommentCount,<,22,u.DownVotes,>,132,u.DownVotes,<,237,v.CreationDate,>,1313046921,v.CreationDate,<,1404626494,v.VoteTypeId,>,5,v.VoteTypeId,<,10,b.Date,>,1289928156,b.Date,<,1403355655#1413
votes v,posts p,badges b,users u#p.Id=v.PostId,u.Id=p.OwnerUserId,u.Id=b.UserId#p.Score,>,14,p.Score,<,30,p.CommentCount,>,6,p.CommentCount,<,36,u.DownVotes,>,628,u.DownVotes,<,825,v.CreationDate,>,1276793981,v.CreationDate,<,1365225579,v.VoteTypeId,>,8,v.VoteTypeId,<,14,b.Date,>,1361174134,b.Date,<,1388928766#196
votes v,posts p,badges b,users u#p.Id=v.PostId,u.Id=p.OwnerUserId,u.Id=b.UserId#p.Score,>,27,p.Score,<,88,p.CommentCount,>,7,p.CommentCount,<,25,u.DownVotes,>,142,u.DownVotes,<,1426,v.CreationDate,>,1281788636,v.CreationDate,<,1350946892,v.VoteTypeId,>,2,v.VoteTypeId,<,5,b.Date,>,1347946351,b.Date,<,1355235919#29
votes v,posts p,badges b,users u#p.Id=v.PostId,u.Id=p.OwnerUserId,u.Id=b.UserId#p.Score,>,-15,p.Score,<,10,p.CommentCount,>,16,p.CommentCount,<,38,u.DownVotes,>,726,u.DownVotes,<,1246,v.CreationDate,>,1275201925,v.CreationDate,<,1352987185,v.VoteTypeId,>,3,v.VoteTypeId,<,15,b.Date,>,1317846909,b.Date,<,1363076781#175
votes v,posts p,badges b,users u#p.Id=v.PostId,u.Id=p.OwnerUserId,u.Id=b.UserId#p.Score,>,54,p.Score,<,135,p.CommentCount,>,2,p.CommentCount,<,8,u.DownVotes,>,753,u.DownVotes,<,1519,v.CreationDate,>,1289137645,v.CreationDate,<,1303150445,v.VoteTypeId,>,1,v.VoteTypeId,<,9,b.Date,>,1297288581,b.Date,<,1385349498#313
votes v,posts p,badges b,users u#p.Id=v.PostId,u.Id=p.OwnerUserId,u.Id=b.UserId#p.Score,>,15,p.Score,<,76,p.CommentCount,>,4,p.CommentCount,<,40,u.DownVotes,>,358,u.DownVotes,<,1011,v.CreationDate,>,1260015114,v.CreationDate,<,1356990887,v.VoteTypeId,>,3,v.VoteTypeId,<,10,b.Date,>,1314035030,b.Date,<,1399734746#4437
votes v,posts p,badges b,users u#p.Id=v.PostId,u.Id=p.OwnerUserId,u.Id=b.UserId#p.Score,>,29,p.Score,<,161,p.CommentCount,>,13,p.CommentCount,<,18,u.DownVotes,>,98,u.DownVotes,<,367,v.CreationDate,>,1374062449,v.CreationDate,<,1394909558,v.VoteTypeId,>,1,v.VoteTypeId,<,4,b.Date,>,1372203225,b.Date,<,1405186941#2658
votes v,posts p,badges b,users u#p.Id=v.PostId,u.Id=p.OwnerUserId,u.Id=b.UserId#p.Score,>,5,p.Score,<,151,p.CommentCount,>,7,p.CommentCount,<,33,u.DownVotes,>,162,u.DownVotes,<,795,v.CreationDate,>,1334997378,v.CreationDate,<,1388363136,v.VoteTypeId,>,5,v.VoteTypeId,<,15,b.Date,>,1337365221,b.Date,<,1375097437#324
votes v,posts p,badges b,users u#p.Id=v.PostId,u.Id=p.OwnerUserId,u.Id=b.UserId#p.Score,>,25,p.Score,<,47,p.CommentCount,>,8,p.CommentCount,<,42,u.DownVotes,>,453,u.DownVotes,<,1064,v.CreationDate,>,1388938306,v.CreationDate,<,1409840318,v.VoteTypeId,>,2,v.VoteTypeId,<,15,b.Date,>,1291842098,b.Date,<,1389164186#338
votes v,posts p,badges b,users u#p.Id=v.PostId,u.Id=p.OwnerUserId,u.Id=b.UserId#p.Score,>,107,p.Score,<,130,p.CommentCount,>,8,p.CommentCount,<,14,u.DownVotes,>,57,u.DownVotes,<,1303,v.CreationDate,>,1370176585,v.CreationDate,<,1375123526,v.VoteTypeId,>,1,v.VoteTypeId,<,11,b.Date,>,1356807470,b.Date,<,1379102440#480
votes v,posts p,badges b,users u#p.Id=v.PostId,u.Id=p.OwnerUserId,u.Id=b.UserId#p.Score,>,-7,p.Score,<,53,p.CommentCount,>,3,p.CommentCount,<,44,u.DownVotes,>,268,u.DownVotes,<,1159,v.CreationDate,>,1286436216,v.CreationDate,<,1356301875,v.VoteTypeId,>,1,v.VoteTypeId,<,11,b.Date,>,1317117267,b.Date,<,1353443685#311936
votes v,posts p,badges b,users u#p.Id=v.PostId,u.Id=p.OwnerUserId,u.Id=b.UserId#p.Score,>,-5,p.Score,<,172,p.CommentCount,>,2,p.CommentCount,<,39,u.DownVotes,>,199,u.DownVotes,<,1861,v.CreationDate,>,1338954222,v.CreationDate,<,1374816688,v.VoteTypeId,>,7,v.VoteTypeId,<,14,b.Date,>,1317646408,b.Date,<,1374454992#1372
votes v,posts p,badges b,users u#p.Id=v.PostId,u.Id=p.OwnerUserId,u.Id=b.UserId#p.Score,>,-9,p.Score,<,157,p.CommentCount,>,8,p.CommentCount,<,14,u.DownVotes,>,92,u.DownVotes,<,476,v.CreationDate,>,1273705873,v.CreationDate,<,1343456040,v.VoteTypeId,>,7,v.VoteTypeId,<,12,b.Date,>,1289755166,b.Date,<,1331755705#78
votes v,posts p,badges b,users u#p.Id=v.PostId,u.Id=p.OwnerUserId,u.Id=b.UserId#p.Score,>,2,p.Score,<,116,p.CommentCount,>,8,p.CommentCount,<,36,u.DownVotes,>,153,u.DownVotes,<,653,v.CreationDate,>,1356778148,v.CreationDate,<,1366518084,v.VoteTypeId,>,6,v.VoteTypeId,<,11,b.Date,>,1353737626,b.Date,<,1356122589#6
votes v,posts p,badges b,users u#p.Id=v.PostId,u.Id=p.OwnerUserId,u.Id=b.UserId#p.Score,>,14,p.Score,<,157,p.CommentCount,>,9,p.CommentCount,<,42,u.DownVotes,>,97,u.DownVotes,<,1669,v.CreationDate,>,1336817560,v.CreationDate,<,1395365705,v.VoteTypeId,>,5,v.VoteTypeId,<,9,b.Date,>,1305637567,b.Date,<,1324044308#17
votes v,posts p,badges b,users u#p.Id=v.PostId,u.Id=p.OwnerUserId,u.Id=b.UserId#p.Score,>,56,p.Score,<,149,p.CommentCount,>,0,p.CommentCount,<,24,u.DownVotes,>,66,u.DownVotes,<,1911,v.CreationDate,>,1264235753,v.CreationDate,<,1307949781,v.VoteTypeId,>,1,v.VoteTypeId,<,15,b.Date,>,1346757511,b.Date,<,1378635196#9022
votes v,posts p,badges b,users u#p.Id=v.PostId,u.Id=p.OwnerUserId,u.Id=b.UserId#p.Score,>,-11,p.Score,<,113,p.CommentCount,>,0,p.CommentCount,<,38,u.DownVotes,>,374,u.DownVotes,<,1865,v.CreationDate,>,1309019922,v.CreationDate,<,1379610079,v.VoteTypeId,>,7,v.VoteTypeId,<,9,b.Date,>,1309728527,b.Date,<,1395635986#471
votes v,posts p,badges b,users u#p.Id=v.PostId,u.Id=p.OwnerUserId,u.Id=b.UserId#p.Score,>,-2,p.Score,<,141,p.CommentCount,>,9,p.CommentCount,<,34,u.DownVotes,>,174,u.DownVotes,<,712,v.CreationDate,>,1259371788,v.CreationDate,<,1379683616,v.VoteTypeId,>,1,v.VoteTypeId,<,6,b.Date,>,1301090360,b.Date,<,1336223629#23887
votes v,posts p,badges b,users u#p.Id=v.PostId,u.Id=p.OwnerUserId,u.Id=b.UserId#p.Score,>,23,p.Score,<,178,p.CommentCount,>,2,p.CommentCount,<,43,u.DownVotes,>,706,u.DownVotes,<,1661,v.CreationDate,>,1393322101,v.CreationDate,<,1395773989,v.VoteTypeId,>,7,v.VoteTypeId,<,12,b.Date,>,1290551416,b.Date,<,1303406593#33
votes v,posts p,badges b,users u#p.Id=v.PostId,u.Id=p.OwnerUserId,u.Id=b.UserId#p.Score,>,97,p.Score,<,160,p.CommentCount,>,8,p.CommentCount,<,40,u.DownVotes,>,54,u.DownVotes,<,1857,v.CreationDate,>,1339335154,v.CreationDate,<,1387888489,v.VoteTypeId,>,8,v.VoteTypeId,<,15,b.Date,>,1334973781,b.Date,<,1353794367#64
votes v,posts p,badges b,users u#p.Id=v.PostId,u.Id=p.OwnerUserId,u.Id=b.UserId#p.Score,>,81,p.Score,<,147,p.CommentCount,>,0,p.CommentCount,<,29,u.DownVotes,>,63,u.DownVotes,<,469,v.CreationDate,>,1275315037,v.CreationDate,<,1331217652,v.VoteTypeId,>,1,v.VoteTypeId,<,6,b.Date,>,1346488556,b.Date,<,1407702609#10129
votes v,posts p,badges b,users u#p.Id=v.PostId,u.Id=p.OwnerUserId,u.Id=b.UserId#p.Score,>,123,p.Score,<,181,p.CommentCount,>,5,p.CommentCount,<,18,u.DownVotes,>,442,u.DownVotes,<,1645,v.CreationDate,>,1336413255,v.CreationDate,<,1389190806,v.VoteTypeId,>,1,v.VoteTypeId,<,7,b.Date,>,1318512756,b.Date,<,1378949690#14384
votes v,posts p,badges b,users u#p.Id=v.PostId,u.Id=p.OwnerUserId,u.Id=b.UserId#p.Score,>,-10,p.Score,<,176,p.CommentCount,>,8,p.CommentCount,<,37,u.DownVotes,>,300,u.DownVotes,<,1918,v.CreationDate,>,1312896873,v.CreationDate,<,1336556762,v.VoteTypeId,>,8,v.VoteTypeId,<,12,b.Date,>,1306180223,b.Date,<,1325791989#15
votes v,posts p,badges b,users u#p.Id=v.PostId,u.Id=p.OwnerUserId,u.Id=b.UserId#p.Score,>,-12,p.Score,<,15,p.CommentCount,>,4,p.CommentCount,<,43,u.DownVotes,>,750,u.DownVotes,<,1040,v.CreationDate,>,1269482434,v.CreationDate,<,1302380197,v.VoteTypeId,>,3,v.VoteTypeId,<,10,b.Date,>,1388443354,b.Date,<,1393179292#104
votes v,posts p,badges b,users u#p.Id=v.PostId,u.Id=p.OwnerUserId,u.Id=b.UserId#p.Score,>,16,p.Score,<,84,p.CommentCount,>,1,p.CommentCount,<,23,u.DownVotes,>,30,u.DownVotes,<,903,v.CreationDate,>,1386603421,v.CreationDate,<,1395412875,v.VoteTypeId,>,1,v.VoteTypeId,<,14,b.Date,>,1366611055,b.Date,<,1391745009#44780
votes v,posts p,badges b,users u#p.Id=v.PostId,u.Id=p.OwnerUserId,u.Id=b.UserId#p.Score,>,-13,p.Score,<,21,p.CommentCount,>,0,p.CommentCount,<,8,u.DownVotes,>,672,u.DownVotes,<,1842,v.CreationDate,>,1353022473,v.CreationDate,<,1382013516,v.VoteTypeId,>,4,v.VoteTypeId,<,7,b.Date,>,1384758640,b.Date,<,1385010721#3
votes v,posts p,badges b,users u#p.Id=v.PostId,u.Id=p.OwnerUserId,u.Id=b.UserId#p.Score,>,-15,p.Score,<,172,p.CommentCount,>,4,p.CommentCount,<,8,u.DownVotes,>,19,u.DownVotes,<,1562,v.CreationDate,>,1303573863,v.CreationDate,<,1367072059,v.VoteTypeId,>,1,v.VoteTypeId,<,7,b.Date,>,1334659915,b.Date,<,1404068001#506646
votes v,posts p,badges b,users u#p.Id=v.PostId,u.Id=p.OwnerUserId,u.Id=b.UserId#p.Score,>,9,p.Score,<,48,p.CommentCount,>,5,p.CommentCount,<,9,u.DownVotes,>,179,u.DownVotes,<,1271,v.CreationDate,>,1314492090,v.CreationDate,<,1361514180,v.VoteTypeId,>,3,v.VoteTypeId,<,6,b.Date,>,1288030495,b.Date,<,1357182593#984
votes v,posts p,badges b,users u#p.Id=v.PostId,u.Id=p.OwnerUserId,u.Id=b.UserId#p.Score,>,8,p.Score,<,184,p.CommentCount,>,7,p.CommentCount,<,11,u.DownVotes,>,505,u.DownVotes,<,1084,v.CreationDate,>,1276276652,v.CreationDate,<,1307657375,v.VoteTypeId,>,7,v.VoteTypeId,<,15,b.Date,>,1319489028,b.Date,<,1405616974#335
votes v,posts p,badges b,users u#p.Id=v.PostId,u.Id=p.OwnerUserId,u.Id=b.UserId#p.Score,>,15,p.Score,<,57,p.CommentCount,>,5,p.CommentCount,<,39,u.DownVotes,>,197,u.DownVotes,<,697,v.CreationDate,>,1241806820,v.CreationDate,<,1314065515,v.VoteTypeId,>,3,v.VoteTypeId,<,14,b.Date,>,1318019011,b.Date,<,1332235921#64
votes v,posts p,badges b,users u#p.Id=v.PostId,u.Id=p.OwnerUserId,u.Id=b.UserId#p.Score,>,-4,p.Score,<,156,p.CommentCount,>,0,p.CommentCount,<,24,u.DownVotes,>,412,u.DownVotes,<,1305,v.CreationDate,>,1358034545,v.CreationDate,<,1398109953,v.VoteTypeId,>,5,v.VoteTypeId,<,13,b.Date,>,1350725226,b.Date,<,1364983538#220
votes v,posts p,badges b,users u#p.Id=v.PostId,u.Id=p.OwnerUserId,u.Id=b.UserId#p.Score,>,1,p.Score,<,175,p.CommentCount,>,1,p.CommentCount,<,43,u.DownVotes,>,721,u.DownVotes,<,1433,v.CreationDate,>,1247066309,v.CreationDate,<,1316482436,v.VoteTypeId,>,7,v.VoteTypeId,<,10,b.Date,>,1347455190,b.Date,<,1388659798#1314
votes v,posts p,badges b,users u#p.Id=v.PostId,u.Id=p.OwnerUserId,u.Id=b.UserId#p.Score,>,40,p.Score,<,146,p.CommentCount,>,9,p.CommentCount,<,36,u.DownVotes,>,412,u.DownVotes,<,1526,v.CreationDate,>,1306954807,v.CreationDate,<,1377946339,v.VoteTypeId,>,1,v.VoteTypeId,<,4,b.Date,>,1326920355,b.Date,<,1403770721#60479
votes v,posts p,badges b,users u#p.Id=v.PostId,u.Id=p.OwnerUserId,u.Id=b.UserId#p.Score,>,17,p.Score,<,153,p.CommentCount,>,8,p.CommentCount,<,10,u.DownVotes,>,45,u.DownVotes,<,1355,v.CreationDate,>,1245362127,v.CreationDate,<,1300895840,v.VoteTypeId,>,4,v.VoteTypeId,<,15,b.Date,>,1314641499,b.Date,<,1349434584#243
votes v,posts p,badges b,users u#p.Id=v.PostId,u.Id=p.OwnerUserId,u.Id=b.UserId#p.Score,>,0,p.Score,<,112,p.CommentCount,>,7,p.CommentCount,<,43,u.DownVotes,>,622,u.DownVotes,<,1286,v.CreationDate,>,1260377316,v.CreationDate,<,1392948332,v.VoteTypeId,>,1,v.VoteTypeId,<,10,b.Date,>,1324180338,b.Date,<,1388977845#217485
votes v,posts p,badges b,users u#p.Id=v.PostId,u.Id=p.OwnerUserId,u.Id=b.UserId#p.Score,>,13,p.Score,<,77,p.CommentCount,>,3,p.CommentCount,<,22,u.DownVotes,>,459,u.DownVotes,<,1417,v.CreationDate,>,1258859080,v.CreationDate,<,1299497844,v.VoteTypeId,>,2,v.VoteTypeId,<,14,b.Date,>,1339806983,b.Date,<,1396983377#482
votes v,posts p,badges b,users u#p.Id=v.PostId,u.Id=p.OwnerUserId,u.Id=b.UserId#p.Score,>,-9,p.Score,<,111,p.CommentCount,>,10,p.CommentCount,<,20,u.DownVotes,>,170,u.DownVotes,<,1585,v.CreationDate,>,1272393297,v.CreationDate,<,1311975199,v.VoteTypeId,>,1,v.VoteTypeId,<,15,b.Date,>,1356175687,b.Date,<,1408695634#14938
votes v,posts p,badges b,users u#p.Id=v.PostId,u.Id=p.OwnerUserId,u.Id=b.UserId#p.Score,>,-8,p.Score,<,178,p.CommentCount,>,1,p.CommentCount,<,27,u.DownVotes,>,528,u.DownVotes,<,1764,v.CreationDate,>,1243234017,v.CreationDate,<,1359066935,v.VoteTypeId,>,1,v.VoteTypeId,<,11,b.Date,>,1287521250,b.Date,<,1380014956#997347
votes v,posts p,badges b,users u#p.Id=v.PostId,u.Id=p.OwnerUserId,u.Id=b.UserId#p.Score,>,-15,p.Score,<,108,p.CommentCount,>,18,p.CommentCount,<,36,u.DownVotes,>,5,u.DownVotes,<,1048,v.CreationDate,>,1246729271,v.CreationDate,<,1394230103,v.VoteTypeId,>,4,v.VoteTypeId,<,12,b.Date,>,1343096569,b.Date,<,1409121441#402
votes v,posts p,badges b,users u#p.Id=v.PostId,u.Id=p.OwnerUserId,u.Id=b.UserId#p.Score,>,6,p.Score,<,189,p.CommentCount,>,1,p.CommentCount,<,21,u.DownVotes,>,772,u.DownVotes,<,970,v.CreationDate,>,1334048061,v.CreationDate,<,1361115315,v.VoteTypeId,>,1,v.VoteTypeId,<,3,b.Date,>,1297341497,b.Date,<,1301430702#11760
votes v,posts p,badges b,users u#p.Id=v.PostId,u.Id=p.OwnerUserId,u.Id=b.UserId#p.Score,>,-18,p.Score,<,77,p.CommentCount,>,1,p.CommentCount,<,19,u.DownVotes,>,189,u.DownVotes,<,1040,v.CreationDate,>,1359360522,v.CreationDate,<,1365474629,v.VoteTypeId,>,5,v.VoteTypeId,<,12,b.Date,>,1320266177,b.Date,<,1356191901#144
votes v,posts p,badges b,users u#p.Id=v.PostId,u.Id=p.OwnerUserId,u.Id=b.UserId#p.Score,>,9,p.Score,<,74,p.CommentCount,>,3,p.CommentCount,<,40,u.DownVotes,>,275,u.DownVotes,<,1224,v.CreationDate,>,1348848663,v.CreationDate,<,1406559569,v.VoteTypeId,>,4,v.VoteTypeId,<,15,b.Date,>,1287186764,b.Date,<,1319214506#2269
votes v,posts p,badges b,users u#p.Id=v.PostId,u.Id=p.OwnerUserId,u.Id=b.UserId#p.Score,>,-16,p.Score,<,191,p.CommentCount,>,2,p.CommentCount,<,10,u.DownVotes,>,744,u.DownVotes,<,1785,v.CreationDate,>,1347961526,v.CreationDate,<,1408764951,v.VoteTypeId,>,4,v.VoteTypeId,<,9,b.Date,>,1314003337,b.Date,<,1396853492#6594
votes v,posts p,badges b,users u#p.Id=v.PostId,u.Id=p.OwnerUserId,u.Id=b.UserId#p.Score,>,-5,p.Score,<,19,p.CommentCount,>,8,p.CommentCount,<,14,u.DownVotes,>,355,u.DownVotes,<,1260,v.CreationDate,>,1277354875,v.CreationDate,<,1366049136,v.VoteTypeId,>,1,v.VoteTypeId,<,3,b.Date,>,1399022246,b.Date,<,1403932948#4911
votes v,posts p,badges b,users u#p.Id=v.PostId,u.Id=p.OwnerUserId,u.Id=b.UserId#p.Score,>,-12,p.Score,<,2,p.CommentCount,>,3,p.CommentCount,<,16,u.DownVotes,>,444,u.DownVotes,<,1387,v.CreationDate,>,1370478472,v.CreationDate,<,1393770330,v.VoteTypeId,>,1,v.VoteTypeId,<,6,b.Date,>,1367977165,b.Date,<,1381536383#122
votes v,posts p,badges b,users u#p.Id=v.PostId,u.Id=p.OwnerUserId,u.Id=b.UserId#p.Score,>,26,p.Score,<,139,p.CommentCount,>,16,p.CommentCount,<,39,u.DownVotes,>,57,u.DownVotes,<,826,v.CreationDate,>,1259111896,v.CreationDate,<,1300300435,v.VoteTypeId,>,3,v.VoteTypeId,<,10,b.Date,>,1281158351,b.Date,<,1321988366#39
votes v,posts p,badges b,users u#p.Id=v.PostId,u.Id=p.OwnerUserId,u.Id=b.UserId#p.Score,>,-14,p.Score,<,128,p.CommentCount,>,5,p.CommentCount,<,42,u.DownVotes,>,424,u.DownVotes,<,1430,v.CreationDate,>,1271707823,v.CreationDate,<,1361771154,v.VoteTypeId,>,1,v.VoteTypeId,<,6,b.Date,>,1390023701,b.Date,<,1394242331#33982
votes v,posts p,badges b,users u#p.Id=v.PostId,u.Id=p.OwnerUserId,u.Id=b.UserId#p.Score,>,-1,p.Score,<,164,p.CommentCount,>,2,p.CommentCount,<,13,u.DownVotes,>,281,u.DownVotes,<,1645,v.CreationDate,>,1276685263,v.CreationDate,<,1309843736,v.VoteTypeId,>,1,v.VoteTypeId,<,8,b.Date,>,1325366772,b.Date,<,1382689158#192818
votes v,posts p,badges b,users u#p.Id=v.PostId,u.Id=p.OwnerUserId,u.Id=b.UserId#p.Score,>,-14,p.Score,<,18,p.CommentCount,>,5,p.CommentCount,<,14,u.DownVotes,>,28,u.DownVotes,<,81,v.CreationDate,>,1274277431,v.CreationDate,<,1408273827,v.VoteTypeId,>,7,v.VoteTypeId,<,9,b.Date,>,1319540034,b.Date,<,1387406705#334
votes v,posts p,badges b,users u#p.Id=v.PostId,u.Id=p.OwnerUserId,u.Id=b.UserId#p.Score,>,28,p.Score,<,131,p.CommentCount,>,14,p.CommentCount,<,37,u.DownVotes,>,156,u.DownVotes,<,1171,v.CreationDate,>,1239060891,v.CreationDate,<,1300878822,v.VoteTypeId,>,8,v.VoteTypeId,<,12,b.Date,>,1326616262,b.Date,<,1329989971#4
votes v,posts p,badges b,users u#p.Id=v.PostId,u.Id=p.OwnerUserId,u.Id=b.UserId#p.Score,>,11,p.Score,<,31,p.CommentCount,>,8,p.CommentCount,<,28,u.DownVotes,>,652,u.DownVotes,<,1505,v.CreationDate,>,1378047596,v.CreationDate,<,1386210257,v.VoteTypeId,>,1,v.VoteTypeId,<,15,b.Date,>,1344791262,b.Date,<,1374883169#1725
votes v,posts p,badges b,users u#p.Id=v.PostId,u.Id=p.OwnerUserId,u.Id=b.UserId#p.Score,>,17,p.Score,<,37,p.CommentCount,>,0,p.CommentCount,<,20,u.DownVotes,>,138,u.DownVotes,<,1518,v.CreationDate,>,1266971571,v.CreationDate,<,1306416169,v.VoteTypeId,>,2,v.VoteTypeId,<,14,b.Date,>,1280235212,b.Date,<,1377790440#1724
votes v,posts p,badges b,users u#p.Id=v.PostId,u.Id=p.OwnerUserId,u.Id=b.UserId#p.Score,>,29,p.Score,<,102,p.CommentCount,>,7,p.CommentCount,<,18,u.DownVotes,>,122,u.DownVotes,<,1521,v.CreationDate,>,1238847331,v.CreationDate,<,1396588812,v.VoteTypeId,>,8,v.VoteTypeId,<,10,b.Date,>,1298622992,b.Date,<,1309698109#31
votes v,posts p,badges b,users u#p.Id=v.PostId,u.Id=p.OwnerUserId,u.Id=b.UserId#p.Score,>,-16,p.Score,<,94,p.CommentCount,>,5,p.CommentCount,<,19,u.DownVotes,>,777,u.DownVotes,<,1161,v.CreationDate,>,1275758467,v.CreationDate,<,1358459642,v.VoteTypeId,>,5,v.VoteTypeId,<,12,b.Date,>,1333224692,b.Date,<,1384680185#1085
votes v,posts p,badges b,users u#p.Id=v.PostId,u.Id=p.OwnerUserId,u.Id=b.UserId#p.Score,>,-14,p.Score,<,32,p.CommentCount,>,0,p.CommentCount,<,27,u.DownVotes,>,266,u.DownVotes,<,1363,v.CreationDate,>,1251597276,v.CreationDate,<,1311322471,v.VoteTypeId,>,8,v.VoteTypeId,<,11,b.Date,>,1311746623,b.Date,<,1395420156#2552
votes v,posts p,badges b,users u#p.Id=v.PostId,u.Id=p.OwnerUserId,u.Id=b.UserId#p.Score,>,52,p.Score,<,78,p.CommentCount,>,2,p.CommentCount,<,17,u.DownVotes,>,225,u.DownVotes,<,930,v.CreationDate,>,1277072188,v.CreationDate,<,1387105596,v.VoteTypeId,>,2,v.VoteTypeId,<,14,b.Date,>,1306966344,b.Date,<,1350791764#338
votes v,posts p,badges b,users u#p.Id=v.PostId,u.Id=p.OwnerUserId,u.Id=b.UserId#p.Score,>,-11,p.Score,<,31,p.CommentCount,>,6,p.CommentCount,<,33,u.DownVotes,>,60,u.DownVotes,<,1675,v.CreationDate,>,1285266090,v.CreationDate,<,1406653384,v.VoteTypeId,>,7,v.VoteTypeId,<,13,b.Date,>,1319063768,b.Date,<,1409915610#5927
votes v,posts p,badges b,users u#p.Id=v.PostId,u.Id=p.OwnerUserId,u.Id=b.UserId#p.Score,>,114,p.Score,<,191,p.CommentCount,>,9,p.CommentCount,<,21,u.DownVotes,>,117,u.DownVotes,<,1699,v.CreationDate,>,1270071953,v.CreationDate,<,1392276448,v.VoteTypeId,>,1,v.VoteTypeId,<,7,b.Date,>,1362820429,b.Date,<,1382548268#14496
votes v,posts p,badges b,users u#p.Id=v.PostId,u.Id=p.OwnerUserId,u.Id=b.UserId#p.Score,>,57,p.Score,<,171,p.CommentCount,>,8,p.CommentCount,<,16,u.DownVotes,>,762,u.DownVotes,<,818,v.CreationDate,>,1353104385,v.CreationDate,<,1389120577,v.VoteTypeId,>,1,v.VoteTypeId,<,10,b.Date,>,1300402334,b.Date,<,1341578593#13700
votes v,posts p,badges b,users u#p.Id=v.PostId,u.Id=p.OwnerUserId,u.Id=b.UserId#p.Score,>,-3,p.Score,<,68,p.CommentCount,>,2,p.CommentCount,<,38,u.DownVotes,>,189,u.DownVotes,<,1383,v.CreationDate,>,1279632830,v.CreationDate,<,1321132156,v.VoteTypeId,>,1,v.VoteTypeId,<,14,b.Date,>,1346930381,b.Date,<,1386391499#219943
votes v,posts p,badges b,users u#p.Id=v.PostId,u.Id=p.OwnerUserId,u.Id=b.UserId#p.Score,>,14,p.Score,<,132,p.CommentCount,>,3,p.CommentCount,<,27,u.DownVotes,>,764,u.DownVotes,<,1220,v.CreationDate,>,1259635594,v.CreationDate,<,1302857724,v.VoteTypeId,>,4,v.VoteTypeId,<,13,b.Date,>,1308149060,b.Date,<,1357484816#372
votes v,posts p,badges b,users u#p.Id=v.PostId,u.Id=p.OwnerUserId,u.Id=b.UserId#p.Score,>,-6,p.Score,<,123,p.CommentCount,>,12,p.CommentCount,<,40,u.DownVotes,>,605,u.DownVotes,<,825,v.CreationDate,>,1367866057,v.CreationDate,<,1397543091,v.VoteTypeId,>,7,v.VoteTypeId,<,14,b.Date,>,1341677799,b.Date,<,1382153715#157
votes v,posts p,badges b,users u#p.Id=v.PostId,u.Id=p.OwnerUserId,u.Id=b.UserId#p.Score,>,-5,p.Score,<,112,p.CommentCount,>,1,p.CommentCount,<,44,u.DownVotes,>,411,u.DownVotes,<,1809,v.CreationDate,>,1262724583,v.CreationDate,<,1395016380,v.VoteTypeId,>,2,v.VoteTypeId,<,15,b.Date,>,1320474609,b.Date,<,1346379161#8331
votes v,posts p,badges b,users u#p.Id=v.PostId,u.Id=p.OwnerUserId,u.Id=b.UserId#p.Score,>,25,p.Score,<,109,p.CommentCount,>,4,p.CommentCount,<,20,u.DownVotes,>,753,u.DownVotes,<,1276,v.CreationDate,>,1240784862,v.CreationDate,<,1329318954,v.VoteTypeId,>,1,v.VoteTypeId,<,12,b.Date,>,1343048799,b.Date,<,1375066271#31320
votes v,posts p,badges b,users u#p.Id=v.PostId,u.Id=p.OwnerUserId,u.Id=b.UserId#p.Score,>,-14,p.Score,<,183,p.CommentCount,>,2,p.CommentCount,<,15,u.DownVotes,>,174,u.DownVotes,<,684,v.CreationDate,>,1260364048,v.CreationDate,<,1339908424,v.VoteTypeId,>,1,v.VoteTypeId,<,6,b.Date,>,1292333986,b.Date,<,1377416961#256135
votes v,posts p,badges b,users u#p.Id=v.PostId,u.Id=p.OwnerUserId,u.Id=b.UserId#p.Score,>,46,p.Score,<,73,p.CommentCount,>,10,p.CommentCount,<,25,u.DownVotes,>,296,u.DownVotes,<,1671,v.CreationDate,>,1259931167,v.CreationDate,<,1403789624,v.VoteTypeId,>,1,v.VoteTypeId,<,6,b.Date,>,1378288235,b.Date,<,1407568712#6441
votes v,posts p,badges b,users u#p.Id=v.PostId,u.Id=p.OwnerUserId,u.Id=b.UserId#p.Score,>,-16,p.Score,<,24,p.CommentCount,>,9,p.CommentCount,<,39,u.DownVotes,>,663,u.DownVotes,<,1831,v.CreationDate,>,1335110873,v.CreationDate,<,1360446574,v.VoteTypeId,>,3,v.VoteTypeId,<,15,b.Date,>,1318757417,b.Date,<,1333089455#35
votes v,posts p,badges b,users u#p.Id=v.PostId,u.Id=p.OwnerUserId,u.Id=b.UserId#p.Score,>,116,p.Score,<,178,p.CommentCount,>,9,p.CommentCount,<,35,u.DownVotes,>,63,u.DownVotes,<,1575,v.CreationDate,>,1346088527,v.CreationDate,<,1403842013,v.VoteTypeId,>,1,v.VoteTypeId,<,12,b.Date,>,1322045709,b.Date,<,1338111994#6496
votes v,posts p,badges b,users u#p.Id=v.PostId,u.Id=p.OwnerUserId,u.Id=b.UserId#p.Score,>,-10,p.Score,<,134,p.CommentCount,>,3,p.CommentCount,<,13,u.DownVotes,>,182,u.DownVotes,<,1034,v.CreationDate,>,1297680640,v.CreationDate,<,1327422291,v.VoteTypeId,>,4,v.VoteTypeId,<,10,b.Date,>,1293193896,b.Date,<,1389177869#3725
votes v,posts p,badges b,users u#p.Id=v.PostId,u.Id=p.OwnerUserId,u.Id=b.UserId#p.Score,>,-10,p.Score,<,110,p.CommentCount,>,0,p.CommentCount,<,24,u.DownVotes,>,82,u.DownVotes,<,145,v.CreationDate,>,1272451887,v.CreationDate,<,1284407386,v.VoteTypeId,>,1,v.VoteTypeId,<,8,b.Date,>,1304285517,b.Date,<,1393691475#19560
votes v,posts p,badges b,users u#p.Id=v.PostId,u.Id=p.OwnerUserId,u.Id=b.UserId#p.Score,>,1,p.Score,<,100,p.CommentCount,>,20,p.CommentCount,<,44,u.DownVotes,>,48,u.DownVotes,<,1528,v.CreationDate,>,1356111735,v.CreationDate,<,1383503812,v.VoteTypeId,>,7,v.VoteTypeId,<,13,b.Date,>,1349631637,b.Date,<,1397811184#48
votes v,posts p,badges b,users u#p.Id=v.PostId,u.Id=p.OwnerUserId,u.Id=b.UserId#p.Score,>,-3,p.Score,<,36,p.CommentCount,>,1,p.CommentCount,<,14,u.DownVotes,>,320,u.DownVotes,<,1692,v.CreationDate,>,1266355528,v.CreationDate,<,1314545676,v.VoteTypeId,>,2,v.VoteTypeId,<,7,b.Date,>,1334379850,b.Date,<,1379639417#1533
votes v,posts p,badges b,users u#p.Id=v.PostId,u.Id=p.OwnerUserId,u.Id=b.UserId#p.Score,>,2,p.Score,<,184,p.CommentCount,>,11,p.CommentCount,<,30,u.DownVotes,>,229,u.DownVotes,<,643,v.CreationDate,>,1261547642,v.CreationDate,<,1377986514,v.VoteTypeId,>,4,v.VoteTypeId,<,13,b.Date,>,1320381048,b.Date,<,1349719083#432
votes v,posts p,badges b,users u#p.Id=v.PostId,u.Id=p.OwnerUserId,u.Id=b.UserId#p.Score,>,0,p.Score,<,138,p.CommentCount,>,17,p.CommentCount,<,36,u.DownVotes,>,173,u.DownVotes,<,847,v.CreationDate,>,1292968862,v.CreationDate,<,1368868952,v.VoteTypeId,>,5,v.VoteTypeId,<,14,b.Date,>,1357669947,b.Date,<,1393732368#183
votes v,posts p,badges b,users u#p.Id=v.PostId,u.Id=p.OwnerUserId,u.Id=b.UserId#p.Score,>,-12,p.Score,<,130,p.CommentCount,>,8,p.CommentCount,<,12,u.DownVotes,>,265,u.DownVotes,<,612,v.CreationDate,>,1357075700,v.CreationDate,<,1405185480,v.VoteTypeId,>,6,v.VoteTypeId,<,13,b.Date,>,1313789308,b.Date,<,1394578395#300
votes v,posts p,badges b,users u#p.Id=v.PostId,u.Id=p.OwnerUserId,u.Id=b.UserId#p.Score,>,-17,p.Score,<,171,p.CommentCount,>,2,p.CommentCount,<,40,u.DownVotes,>,345,u.DownVotes,<,1887,v.CreationDate,>,1279296003,v.CreationDate,<,1285532542,v.VoteTypeId,>,2,v.VoteTypeId,<,8,b.Date,>,1312558850,b.Date,<,1376769411#480
votes v,posts p,badges b,users u#p.Id=v.PostId,u.Id=p.OwnerUserId,u.Id=b.UserId#p.Score,>,7,p.Score,<,190,p.CommentCount,>,5,p.CommentCount,<,30,u.DownVotes,>,523,u.DownVotes,<,1525,v.CreationDate,>,1267559733,v.CreationDate,<,1321739848,v.VoteTypeId,>,4,v.VoteTypeId,<,14,b.Date,>,1301570240,b.Date,<,1351800377#1840
votes v,posts p,badges b,users u#p.Id=v.PostId,u.Id=p.OwnerUserId,u.Id=b.UserId#p.Score,>,40,p.Score,<,113,p.CommentCount,>,18,p.CommentCount,<,29,u.DownVotes,>,98,u.DownVotes,<,1080,v.CreationDate,>,1278794824,v.CreationDate,<,1389708613,v.VoteTypeId,>,8,v.VoteTypeId,<,10,b.Date,>,1299245173,b.Date,<,1390230291#99
votes v,posts p,badges b,users u#p.Id=v.PostId,u.Id=p.OwnerUserId,u.Id=b.UserId#p.Score,>,-13,p.Score,<,156,p.CommentCount,>,8,p.CommentCount,<,39,u.DownVotes,>,39,u.DownVotes,<,400,v.CreationDate,>,1241304662,v.CreationDate,<,1338873500,v.VoteTypeId,>,6,v.VoteTypeId,<,13,b.Date,>,1332452431,b.Date,<,1389616282#197
votes v,posts p,badges b,users u#p.Id=v.PostId,u.Id=p.OwnerUserId,u.Id=b.UserId#p.Score,>,-12,p.Score,<,15,p.CommentCount,>,6,p.CommentCount,<,42,u.DownVotes,>,233,u.DownVotes,<,1409,v.CreationDate,>,1293705057,v.CreationDate,<,1307817684,v.VoteTypeId,>,1,v.VoteTypeId,<,8,b.Date,>,1335541096,b.Date,<,1410197696#33903
votes v,posts p,badges b,users u#p.Id=v.PostId,u.Id=p.OwnerUserId,u.Id=b.UserId#p.Score,>,9,p.Score,<,58,p.CommentCount,>,5,p.CommentCount,<,27,u.DownVotes,>,747,u.DownVotes,<,1230,v.CreationDate,>,1350513386,v.CreationDate,<,1386443843,v.VoteTypeId,>,3,v.VoteTypeId,<,14,b.Date,>,1294321021,b.Date,<,1357305870#4360
votes v,posts p,badges b,users u#p.Id=v.PostId,u.Id=p.OwnerUserId,u.Id=b.UserId#p.Score,>,52,p.Score,<,150,p.CommentCount,>,7,p.CommentCount,<,32,u.DownVotes,>,181,u.DownVotes,<,746,v.CreationDate,>,1302916722,v.CreationDate,<,1323290486,v.VoteTypeId,>,1,v.VoteTypeId,<,8,b.Date,>,1284644978,b.Date,<,1314139002#166
votes v,posts p,badges b,users u#p.Id=v.PostId,u.Id=p.OwnerUserId,u.Id=b.UserId#p.Score,>,5,p.Score,<,125,p.CommentCount,>,23,p.CommentCount,<,27,u.DownVotes,>,44,u.DownVotes,<,59,v.CreationDate,>,1341132229,v.CreationDate,<,1395653312,v.VoteTypeId,>,1,v.VoteTypeId,<,9,b.Date,>,1356385091,b.Date,<,1370735985#19
votes v,posts p,badges b,users u#p.Id=v.PostId,u.Id=p.OwnerUserId,u.Id=b.UserId#p.Score,>,14,p.Score,<,122,p.CommentCount,>,10,p.CommentCount,<,26,u.DownVotes,>,345,u.DownVotes,<,997,v.CreationDate,>,1276470067,v.CreationDate,<,1333644275,v.VoteTypeId,>,7,v.VoteTypeId,<,14,b.Date,>,1312898153,b.Date,<,1384549536#139
votes v,posts p,badges b,users u#p.Id=v.PostId,u.Id=p.OwnerUserId,u.Id=b.UserId#p.Score,>,-6,p.Score,<,180,p.CommentCount,>,7,p.CommentCount,<,25,u.DownVotes,>,293,u.DownVotes,<,1158,v.CreationDate,>,1293602965,v.CreationDate,<,1342702004,v.VoteTypeId,>,2,v.VoteTypeId,<,12,b.Date,>,1280891040,b.Date,<,1341617900#1035
votes v,posts p,badges b,users u#p.Id=v.PostId,u.Id=p.OwnerUserId,u.Id=b.UserId#p.Score,>,26,p.Score,<,55,p.CommentCount,>,3,p.CommentCount,<,21,u.DownVotes,>,135,u.DownVotes,<,1490,v.CreationDate,>,1258060611,v.CreationDate,<,1304834823,v.VoteTypeId,>,1,v.VoteTypeId,<,15,b.Date,>,1280116267,b.Date,<,1386584155#34268
votes v,posts p,badges b,users u#p.Id=v.PostId,u.Id=p.OwnerUserId,u.Id=b.UserId#p.Score,>,-4,p.Score,<,135,p.CommentCount,>,4,p.CommentCount,<,12,u.DownVotes,>,232,u.DownVotes,<,1572,v.CreationDate,>,1331642314,v.CreationDate,<,1339165094,v.VoteTypeId,>,8,v.VoteTypeId,<,15,b.Date,>,1315036751,b.Date,<,1380175988#272
votes v,posts p,badges b,users u#p.Id=v.PostId,u.Id=p.OwnerUserId,u.Id=b.UserId#p.Score,>,-3,p.Score,<,82,p.CommentCount,>,14,p.CommentCount,<,41,u.DownVotes,>,279,u.DownVotes,<,393,v.CreationDate,>,1248557890,v.CreationDate,<,1404286595,v.VoteTypeId,>,1,v.VoteTypeId,<,3,b.Date,>,1317930346,b.Date,<,1406138509#69
votes v,posts p,badges b,users u#p.Id=v.PostId,u.Id=p.OwnerUserId,u.Id=b.UserId#p.Score,>,-2,p.Score,<,65,p.CommentCount,>,16,p.CommentCount,<,44,u.DownVotes,>,512,u.DownVotes,<,1295,v.CreationDate,>,1306371309,v.CreationDate,<,1403579332,v.VoteTypeId,>,1,v.VoteTypeId,<,3,b.Date,>,1339737637,b.Date,<,1379967987#5907
votes v,posts p,badges b,users u#p.Id=v.PostId,u.Id=p.OwnerUserId,u.Id=b.UserId#p.Score,>,-7,p.Score,<,99,p.CommentCount,>,2,p.CommentCount,<,42,u.DownVotes,>,482,u.DownVotes,<,1850,v.CreationDate,>,1284546174,v.CreationDate,<,1407789361,v.VoteTypeId,>,5,v.VoteTypeId,<,12,b.Date,>,1333264344,b.Date,<,1400129161#5680
votes v,posts p,badges b,users u#p.Id=v.PostId,u.Id=p.OwnerUserId,u.Id=b.UserId#p.Score,>,40,p.Score,<,119,p.CommentCount,>,2,p.CommentCount,<,5,u.DownVotes,>,193,u.DownVotes,<,1384,v.CreationDate,>,1248759483,v.CreationDate,<,1307457276,v.VoteTypeId,>,1,v.VoteTypeId,<,6,b.Date,>,1366309027,b.Date,<,1380353647#1512
votes v,posts p,badges b,users u#p.Id=v.PostId,u.Id=p.OwnerUserId,u.Id=b.UserId#p.Score,>,5,p.Score,<,179,p.CommentCount,>,1,p.CommentCount,<,3,u.DownVotes,>,297,u.DownVotes,<,464,v.CreationDate,>,1277829304,v.CreationDate,<,1374226521,v.VoteTypeId,>,2,v.VoteTypeId,<,9,b.Date,>,1322576459,b.Date,<,1343581984#270
votes v,posts p,badges b,users u#p.Id=v.PostId,u.Id=p.OwnerUserId,u.Id=b.UserId#p.Score,>,18,p.Score,<,50,p.CommentCount,>,10,p.CommentCount,<,43,u.DownVotes,>,132,u.DownVotes,<,841,v.CreationDate,>,1247898332,v.CreationDate,<,1342474129,v.VoteTypeId,>,7,v.VoteTypeId,<,11,b.Date,>,1314790232,b.Date,<,1338546322#29
votes v,posts p,badges b,users u#p.Id=v.PostId,u.Id=p.OwnerUserId,u.Id=b.UserId#p.Score,>,10,p.Score,<,48,p.CommentCount,>,2,p.CommentCount,<,18,u.DownVotes,>,96,u.DownVotes,<,385,v.CreationDate,>,1273304944,v.CreationDate,<,1402470711,v.VoteTypeId,>,3,v.VoteTypeId,<,15,b.Date,>,1311662536,b.Date,<,1397075909#19507
votes v,posts p,badges b,users u#p.Id=v.PostId,u.Id=p.OwnerUserId,u.Id=b.UserId#p.Score,>,48,p.Score,<,122,p.CommentCount,>,6,p.CommentCount,<,11,u.DownVotes,>,255,u.DownVotes,<,1158,v.CreationDate,>,1276528780,v.CreationDate,<,1320255447,v.VoteTypeId,>,1,v.VoteTypeId,<,6,b.Date,>,1297553840,b.Date,<,1300078663#588
votes v,posts p,badges b,users u#p.Id=v.PostId,u.Id=p.OwnerUserId,u.Id=b.UserId#p.Score,>,60,p.Score,<,133,p.CommentCount,>,3,p.CommentCount,<,8,u.DownVotes,>,313,u.DownVotes,<,1733,v.CreationDate,>,1300353909,v.CreationDate,<,1377206445,v.VoteTypeId,>,2,v.VoteTypeId,<,9,b.Date,>,1354297424,b.Date,<,1395044394#152
votes v,posts p,badges b,users u#p.Id=v.PostId,u.Id=p.OwnerUserId,u.Id=b.UserId#p.Score,>,-13,p.Score,<,76,p.CommentCount,>,14,p.CommentCount,<,24,u.DownVotes,>,18,u.DownVotes,<,1431,v.CreationDate,>,1303205902,v.CreationDate,<,1354097821,v.VoteTypeId,>,3,v.VoteTypeId,<,13,b.Date,>,1319119075,b.Date,<,1382841168#370
votes v,posts p,badges b,users u#p.Id=v.PostId,u.Id=p.OwnerUserId,u.Id=b.UserId#p.Score,>,-6,p.Score,<,146,p.CommentCount,>,14,p.CommentCount,<,39,u.DownVotes,>,107,u.DownVotes,<,613,v.CreationDate,>,1248293402,v.CreationDate,<,1330938736,v.VoteTypeId,>,2,v.VoteTypeId,<,11,b.Date,>,1306696398,b.Date,<,1369170223#74
votes v,posts p,badges b,users u#p.Id=v.PostId,u.Id=p.OwnerUserId,u.Id=b.UserId#p.Score,>,20,p.Score,<,186,p.CommentCount,>,0,p.CommentCount,<,8,u.DownVotes,>,484,u.DownVotes,<,1572,v.CreationDate,>,1291031810,v.CreationDate,<,1304538379,v.VoteTypeId,>,1,v.VoteTypeId,<,11,b.Date,>,1305770143,b.Date,<,1403311641#24420
votes v,posts p,badges b,users u#p.Id=v.PostId,u.Id=p.OwnerUserId,u.Id=b.UserId#p.Score,>,49,p.Score,<,145,p.CommentCount,>,3,p.CommentCount,<,26,u.DownVotes,>,734,u.DownVotes,<,937,v.CreationDate,>,1237042853,v.CreationDate,<,1344340810,v.VoteTypeId,>,1,v.VoteTypeId,<,12,b.Date,>,1281655689,b.Date,<,1349951449#55632
votes v,posts p,badges b,users u#p.Id=v.PostId,u.Id=p.OwnerUserId,u.Id=b.UserId#p.Score,>,2,p.Score,<,83,p.CommentCount,>,1,p.CommentCount,<,12,u.DownVotes,>,338,u.DownVotes,<,1689,v.CreationDate,>,1344244357,v.CreationDate,<,1371068280,v.VoteTypeId,>,4,v.VoteTypeId,<,8,b.Date,>,1342273383,b.Date,<,1378629737#1846
votes v,posts p,badges b,users u#p.Id=v.PostId,u.Id=p.OwnerUserId,u.Id=b.UserId#p.Score,>,22,p.Score,<,73,p.CommentCount,>,9,p.CommentCount,<,42,u.DownVotes,>,498,u.DownVotes,<,971,v.CreationDate,>,1269610380,v.CreationDate,<,1289295996,v.VoteTypeId,>,1,v.VoteTypeId,<,15,b.Date,>,1330149049,b.Date,<,1406396064#2177
votes v,posts p,badges b,users u#p.Id=v.PostId,u.Id=p.OwnerUserId,u.Id=b.UserId#p.Score,>,101,p.Score,<,174,p.CommentCount,>,7,p.CommentCount,<,26,u.DownVotes,>,16,u.DownVotes,<,996,v.CreationDate,>,1273278783,v.CreationDate,<,1333749776,v.VoteTypeId,>,1,v.VoteTypeId,<,11,b.Date,>,1289418031,b.Date,<,1307530531#1681
votes v,posts p,badges b,users u#p.Id=v.PostId,u.Id=p.OwnerUserId,u.Id=b.UserId#p.Score,>,100,p.Score,<,139,p.CommentCount,>,0,p.CommentCount,<,24,u.DownVotes,>,548,u.DownVotes,<,1552,v.CreationDate,>,1268470338,v.CreationDate,<,1375139177,v.VoteTypeId,>,1,v.VoteTypeId,<,15,b.Date,>,1336266999,b.Date,<,1371345322#12300
votes v,posts p,badges b,users u#p.Id=v.PostId,u.Id=p.OwnerUserId,u.Id=b.UserId#p.Score,>,16,p.Score,<,133,p.CommentCount,>,15,p.CommentCount,<,21,u.DownVotes,>,78,u.DownVotes,<,1450,v.CreationDate,>,1248081443,v.CreationDate,<,1345331658,v.VoteTypeId,>,4,v.VoteTypeId,<,13,b.Date,>,1294360348,b.Date,<,1344038444#72
votes v,posts p,badges b,users u#p.Id=v.PostId,u.Id=p.OwnerUserId,u.Id=b.UserId#p.Score,>,25,p.Score,<,51,p.CommentCount,>,3,p.CommentCount,<,38,u.DownVotes,>,86,u.DownVotes,<,1445,v.CreationDate,>,1332937939,v.CreationDate,<,1400255075,v.VoteTypeId,>,3,v.VoteTypeId,<,7,b.Date,>,1334299943,b.Date,<,1361073125#2020
votes v,posts p,badges b,users u#p.Id=v.PostId,u.Id=p.OwnerUserId,u.Id=b.UserId#p.Score,>,1,p.Score,<,90,p.CommentCount,>,11,p.CommentCount,<,32,u.DownVotes,>,184,u.DownVotes,<,1274,v.CreationDate,>,1268587881,v.CreationDate,<,1344259078,v.VoteTypeId,>,5,v.VoteTypeId,<,11,b.Date,>,1356762503,b.Date,<,1407624728#291
votes v,posts p,badges b,users u#p.Id=v.PostId,u.Id=p.OwnerUserId,u.Id=b.UserId#p.Score,>,-3,p.Score,<,115,p.CommentCount,>,5,p.CommentCount,<,40,u.DownVotes,>,421,u.DownVotes,<,1834,v.CreationDate,>,1253219536,v.CreationDate,<,1402697376,v.VoteTypeId,>,4,v.VoteTypeId,<,9,b.Date,>,1381312378,b.Date,<,1395258924#1508
votes v,posts p,badges b,users u#p.Id=v.PostId,u.Id=p.OwnerUserId,u.Id=b.UserId#p.Score,>,-12,p.Score,<,169,p.CommentCount,>,19,p.CommentCount,<,31,u.DownVotes,>,251,u.DownVotes,<,1272,v.CreationDate,>,1245033605,v.CreationDate,<,1395462764,v.VoteTypeId,>,1,v.VoteTypeId,<,13,b.Date,>,1370043096,b.Date,<,1403628561#1470
votes v,posts p,badges b,users u#p.Id=v.PostId,u.Id=p.OwnerUserId,u.Id=b.UserId#p.Score,>,-16,p.Score,<,45,p.CommentCount,>,1,p.CommentCount,<,6,u.DownVotes,>,535,u.DownVotes,<,1744,v.CreationDate,>,1295780608,v.CreationDate,<,1317003375,v.VoteTypeId,>,2,v.VoteTypeId,<,13,b.Date,>,1285267888,b.Date,<,1377139895#930
votes v,posts p,badges b,users u#p.Id=v.PostId,u.Id=p.OwnerUserId,u.Id=b.UserId#p.Score,>,10,p.Score,<,36,p.CommentCount,>,4,p.CommentCount,<,19,u.DownVotes,>,207,u.DownVotes,<,1528,v.CreationDate,>,1240150927,v.CreationDate,<,1290165225,v.VoteTypeId,>,2,v.VoteTypeId,<,9,b.Date,>,1279927959,b.Date,<,1312972033#346
votes v,posts p,badges b,users u#p.Id=v.PostId,u.Id=p.OwnerUserId,u.Id=b.UserId#p.Score,>,-16,p.Score,<,26,p.CommentCount,>,12,p.CommentCount,<,34,u.DownVotes,>,520,u.DownVotes,<,1816,v.CreationDate,>,1262188188,v.CreationDate,<,1406152549,v.VoteTypeId,>,1,v.VoteTypeId,<,10,b.Date,>,1342094932,b.Date,<,1354015315#8925
votes v,posts p,badges b,users u#p.Id=v.PostId,u.Id=p.OwnerUserId,u.Id=b.UserId#p.Score,>,6,p.Score,<,27,p.CommentCount,>,4,p.CommentCount,<,12,u.DownVotes,>,167,u.DownVotes,<,955,v.CreationDate,>,1268622859,v.CreationDate,<,1340659700,v.VoteTypeId,>,5,v.VoteTypeId,<,11,b.Date,>,1354795538,b.Date,<,1392759411#568
votes v,posts p,badges b,users u#p.Id=v.PostId,u.Id=p.OwnerUserId,u.Id=b.UserId#p.Score,>,104,p.Score,<,179,p.CommentCount,>,8,p.CommentCount,<,21,u.DownVotes,>,22,u.DownVotes,<,486,v.CreationDate,>,1248617579,v.CreationDate,<,1402226374,v.VoteTypeId,>,6,v.VoteTypeId,<,12,b.Date,>,1381084768,b.Date,<,1386718983#11
votes v,posts p,badges b,users u#p.Id=v.PostId,u.Id=p.OwnerUserId,u.Id=b.UserId#p.Score,>,-17,p.Score,<,8,p.CommentCount,>,6,p.CommentCount,<,16,u.DownVotes,>,129,u.DownVotes,<,1123,v.CreationDate,>,1286673804,v.CreationDate,<,1372200674,v.VoteTypeId,>,3,v.VoteTypeId,<,11,b.Date,>,1371338830,b.Date,<,1392950767#215
votes v,posts p,badges b,users u#p.Id=v.PostId,u.Id=p.OwnerUserId,u.Id=b.UserId#p.Score,>,109,p.Score,<,149,p.CommentCount,>,6,p.CommentCount,<,41,u.DownVotes,>,124,u.DownVotes,<,1219,v.CreationDate,>,1284752489,v.CreationDate,<,1370679837,v.VoteTypeId,>,7,v.VoteTypeId,<,14,b.Date,>,1301781373,b.Date,<,1400892728#214
votes v,posts p,badges b,users u#p.Id=v.PostId,u.Id=p.OwnerUserId,u.Id=b.UserId#p.Score,>,-11,p.Score,<,157,p.CommentCount,>,4,p.CommentCount,<,25,u.DownVotes,>,97,u.DownVotes,<,987,v.CreationDate,>,1273313524,v.CreationDate,<,1316476972,v.VoteTypeId,>,1,v.VoteTypeId,<,9,b.Date,>,1319269368,b.Date,<,1399178230#281630
votes v,posts p,badges b,users u#p.Id=v.PostId,u.Id=p.OwnerUserId,u.Id=b.UserId#p.Score,>,0,p.Score,<,74,p.CommentCount,>,17,p.CommentCount,<,37,u.DownVotes,>,669,u.DownVotes,<,1850,v.CreationDate,>,1275533713,v.CreationDate,<,1333254686,v.VoteTypeId,>,8,v.VoteTypeId,<,11,b.Date,>,1314159841,b.Date,<,1395675324#312
votes v,posts p,badges b,users u#p.Id=v.PostId,u.Id=p.OwnerUserId,u.Id=b.UserId#p.Score,>,-15,p.Score,<,65,p.CommentCount,>,11,p.CommentCount,<,37,u.DownVotes,>,411,u.DownVotes,<,867,v.CreationDate,>,1274882690,v.CreationDate,<,1326212589,v.VoteTypeId,>,1,v.VoteTypeId,<,12,b.Date,>,1279740115,b.Date,<,1366688465#31942
votes v,posts p,badges b,users u#p.Id=v.PostId,u.Id=p.OwnerUserId,u.Id=b.UserId#p.Score,>,20,p.Score,<,160,p.CommentCount,>,0,p.CommentCount,<,24,u.DownVotes,>,276,u.DownVotes,<,1633,v.CreationDate,>,1318757229,v.CreationDate,<,1355578679,v.VoteTypeId,>,1,v.VoteTypeId,<,13,b.Date,>,1302219018,b.Date,<,1372075568#160548
votes v,posts p,badges b,users u#p.Id=v.PostId,u.Id=p.OwnerUserId,u.Id=b.UserId#p.Score,>,59,p.Score,<,90,p.CommentCount,>,2,p.CommentCount,<,39,u.DownVotes,>,755,u.DownVotes,<,1152,v.CreationDate,>,1297060797,v.CreationDate,<,1353072190,v.VoteTypeId,>,1,v.VoteTypeId,<,15,b.Date,>,1295729316,b.Date,<,1404563812#70310
votes v,posts p,badges b,users u#p.Id=v.PostId,u.Id=p.OwnerUserId,u.Id=b.UserId#p.Score,>,10,p.Score,<,125,p.CommentCount,>,16,p.CommentCount,<,20,u.DownVotes,>,548,u.DownVotes,<,1467,v.CreationDate,>,1330547579,v.CreationDate,<,1406599989,v.VoteTypeId,>,1,v.VoteTypeId,<,6,b.Date,>,1282977811,b.Date,<,1288056009#48
votes v,posts p,badges b,users u#p.Id=v.PostId,u.Id=p.OwnerUserId,u.Id=b.UserId#p.Score,>,113,p.Score,<,135,p.CommentCount,>,4,p.CommentCount,<,44,u.DownVotes,>,225,u.DownVotes,<,1212,v.CreationDate,>,1284141861,v.CreationDate,<,1338596066,v.VoteTypeId,>,1,v.VoteTypeId,<,11,b.Date,>,1356872715,b.Date,<,1390972242#6171
votes v,posts p,badges b,users u#p.Id=v.PostId,u.Id=p.OwnerUserId,u.Id=b.UserId#p.Score,>,3,p.Score,<,173,p.CommentCount,>,14,p.CommentCount,<,34,u.DownVotes,>,145,u.DownVotes,<,1061,v.CreationDate,>,1298419807,v.CreationDate,<,1337753780,v.VoteTypeId,>,3,v.VoteTypeId,<,13,b.Date,>,1301739580,b.Date,<,1311987230#36
votes v,posts p,badges b,users u#p.Id=v.PostId,u.Id=p.OwnerUserId,u.Id=b.UserId#p.Score,>,2,p.Score,<,108,p.CommentCount,>,14,p.CommentCount,<,34,u.DownVotes,>,163,u.DownVotes,<,1452,v.CreationDate,>,1296748540,v.CreationDate,<,1408762660,v.VoteTypeId,>,1,v.VoteTypeId,<,13,b.Date,>,1375318305,b.Date,<,1395820665#11060
votes v,posts p,badges b,users u#p.Id=v.PostId,u.Id=p.OwnerUserId,u.Id=b.UserId#p.Score,>,42,p.Score,<,64,p.CommentCount,>,5,p.CommentCount,<,35,u.DownVotes,>,182,u.DownVotes,<,1583,v.CreationDate,>,1280620116,v.CreationDate,<,1335927209,v.VoteTypeId,>,1,v.VoteTypeId,<,15,b.Date,>,1333672786,b.Date,<,1396010011#38890
votes v,posts p,badges b,users u#p.Id=v.PostId,u.Id=p.OwnerUserId,u.Id=b.UserId#p.Score,>,-8,p.Score,<,69,p.CommentCount,>,3,p.CommentCount,<,19,u.DownVotes,>,516,u.DownVotes,<,1422,v.CreationDate,>,1281164317,v.CreationDate,<,1335210086,v.VoteTypeId,>,3,v.VoteTypeId,<,7,b.Date,>,1374851203,b.Date,<,1385533214#273
votes v,posts p,badges b,users u#p.Id=v.PostId,u.Id=p.OwnerUserId,u.Id=b.UserId#p.Score,>,14,p.Score,<,184,p.CommentCount,>,7,p.CommentCount,<,19,u.DownVotes,>,13,u.DownVotes,<,249,v.CreationDate,>,1286385304,v.CreationDate,<,1297642381,v.VoteTypeId,>,7,v.VoteTypeId,<,11,b.Date,>,1304535105,b.Date,<,1397296277#154
votes v,posts p,badges b,users u#p.Id=v.PostId,u.Id=p.OwnerUserId,u.Id=b.UserId#p.Score,>,15,p.Score,<,28,p.CommentCount,>,5,p.CommentCount,<,12,u.DownVotes,>,104,u.DownVotes,<,1619,v.CreationDate,>,1329164363,v.CreationDate,<,1357653941,v.VoteTypeId,>,7,v.VoteTypeId,<,13,b.Date,>,1335277183,b.Date,<,1402159066#129
votes v,posts p,badges b,users u#p.Id=v.PostId,u.Id=p.OwnerUserId,u.Id=b.UserId#p.Score,>,8,p.Score,<,81,p.CommentCount,>,3,p.CommentCount,<,6,u.DownVotes,>,140,u.DownVotes,<,1455,v.CreationDate,>,1293832176,v.CreationDate,<,1326451037,v.VoteTypeId,>,1,v.VoteTypeId,<,4,b.Date,>,1399824380,b.Date,<,1407847085#6346
votes v,posts p,badges b,users u#p.Id=v.PostId,u.Id=p.OwnerUserId,u.Id=b.UserId#p.Score,>,-17,p.Score,<,110,p.CommentCount,>,15,p.CommentCount,<,24,u.DownVotes,>,169,u.DownVotes,<,657,v.CreationDate,>,1257873679,v.CreationDate,<,1362121057,v.VoteTypeId,>,2,v.VoteTypeId,<,14,b.Date,>,1326598596,b.Date,<,1341827169#22
votes v,posts p,badges b,users u#p.Id=v.PostId,u.Id=p.OwnerUserId,u.Id=b.UserId#p.Score,>,9,p.Score,<,123,p.CommentCount,>,6,p.CommentCount,<,15,u.DownVotes,>,161,u.DownVotes,<,710,v.CreationDate,>,1236666274,v.CreationDate,<,1339232492,v.VoteTypeId,>,3,v.VoteTypeId,<,13,b.Date,>,1301550950,b.Date,<,1310519772#26
votes v,posts p,badges b,users u#p.Id=v.PostId,u.Id=p.OwnerUserId,u.Id=b.UserId#p.Score,>,4,p.Score,<,169,p.CommentCount,>,16,p.CommentCount,<,23,u.DownVotes,>,130,u.DownVotes,<,243,v.CreationDate,>,1281687535,v.CreationDate,<,1402765508,v.VoteTypeId,>,2,v.VoteTypeId,<,14,b.Date,>,1306410479,b.Date,<,1366696252#85
votes v,posts p,badges b,users u#p.Id=v.PostId,u.Id=p.OwnerUserId,u.Id=b.UserId#p.Score,>,134,p.Score,<,184,p.CommentCount,>,3,p.CommentCount,<,20,u.DownVotes,>,2,u.DownVotes,<,1406,v.CreationDate,>,1281518933,v.CreationDate,<,1406980011,v.VoteTypeId,>,1,v.VoteTypeId,<,3,b.Date,>,1331006460,b.Date,<,1338894366#9378
votes v,posts p,badges b,users u#p.Id=v.PostId,u.Id=p.OwnerUserId,u.Id=b.UserId#p.Score,>,-16,p.Score,<,72,p.CommentCount,>,12,p.CommentCount,<,26,u.DownVotes,>,19,u.DownVotes,<,1425,v.CreationDate,>,1286163866,v.CreationDate,<,1308980013,v.VoteTypeId,>,8,v.VoteTypeId,<,13,b.Date,>,1306330486,b.Date,<,1329341458#87
votes v,posts p,badges b,users u#p.Id=v.PostId,u.Id=p.OwnerUserId,u.Id=b.UserId#p.Score,>,35,p.Score,<,166,p.CommentCount,>,2,p.CommentCount,<,41,u.DownVotes,>,586,u.DownVotes,<,1004,v.CreationDate,>,1336574091,v.CreationDate,<,1353448753,v.VoteTypeId,>,3,v.VoteTypeId,<,13,b.Date,>,1308009229,b.Date,<,1331114001#455
votes v,posts p,badges b,users u#p.Id=v.PostId,u.Id=p.OwnerUserId,u.Id=b.UserId#p.Score,>,-12,p.Score,<,131,p.CommentCount,>,9,p.CommentCount,<,40,u.DownVotes,>,641,u.DownVotes,<,1047,v.CreationDate,>,1233843469,v.CreationDate,<,1351864277,v.VoteTypeId,>,6,v.VoteTypeId,<,15,b.Date,>,1307283304,b.Date,<,1406798884#752
votes v,posts p,badges b,users u#p.Id=v.PostId,u.Id=p.OwnerUserId,u.Id=b.UserId#p.Score,>,-2,p.Score,<,118,p.CommentCount,>,0,p.CommentCount,<,17,u.DownVotes,>,486,u.DownVotes,<,1501,v.CreationDate,>,1294866822,v.CreationDate,<,1381633877,v.VoteTypeId,>,4,v.VoteTypeId,<,7,b.Date,>,1320558545,b.Date,<,1330953841#520
votes v,posts p,badges b,users u#p.Id=v.PostId,u.Id=p.OwnerUserId,u.Id=b.UserId#p.Score,>,12,p.Score,<,23,p.CommentCount,>,9,p.CommentCount,<,35,u.DownVotes,>,188,u.DownVotes,<,879,v.CreationDate,>,1318367503,v.CreationDate,<,1405021329,v.VoteTypeId,>,7,v.VoteTypeId,<,13,b.Date,>,1357110051,b.Date,<,1365929618#16
votes v,posts p,badges b,users u#p.Id=v.PostId,u.Id=p.OwnerUserId,u.Id=b.UserId#p.Score,>,51,p.Score,<,110,p.CommentCount,>,2,p.CommentCount,<,21,u.DownVotes,>,551,u.DownVotes,<,1464,v.CreationDate,>,1285560460,v.CreationDate,<,1328721313,v.VoteTypeId,>,1,v.VoteTypeId,<,3,b.Date,>,1308301318,b.Date,<,1394980622#42510
votes v,posts p,badges b,users u#p.Id=v.PostId,u.Id=p.OwnerUserId,u.Id=b.UserId#p.Score,>,0,p.Score,<,129,p.CommentCount,>,7,p.CommentCount,<,44,u.DownVotes,>,393,u.DownVotes,<,1229,v.CreationDate,>,1269709962,v.CreationDate,<,1335438911,v.VoteTypeId,>,2,v.VoteTypeId,<,14,b.Date,>,1281837730,b.Date,<,1360646691#1179
votes v,posts p,badges b,users u#p.Id=v.PostId,u.Id=p.OwnerUserId,u.Id=b.UserId#p.Score,>,6,p.Score,<,14,p.CommentCount,>,6,p.CommentCount,<,21,u.DownVotes,>,548,u.DownVotes,<,1694,v.CreationDate,>,1326627821,v.CreationDate,<,1406465746,v.VoteTypeId,>,4,v.VoteTypeId,<,9,b.Date,>,1305853997,b.Date,<,1317280330#66
votes v,posts p,badges b,users u#p.Id=v.PostId,u.Id=p.OwnerUserId,u.Id=b.UserId#p.Score,>,52,p.Score,<,145,p.CommentCount,>,0,p.CommentCount,<,3,u.DownVotes,>,7,u.DownVotes,<,1872,v.CreationDate,>,1315759906,v.CreationDate,<,1325321919,v.VoteTypeId,>,4,v.VoteTypeId,<,10,b.Date,>,1295092406,b.Date,<,1324769137#243
votes v,posts p,badges b,users u#p.Id=v.PostId,u.Id=p.OwnerUserId,u.Id=b.UserId#p.Score,>,7,p.Score,<,180,p.CommentCount,>,17,p.CommentCount,<,37,u.DownVotes,>,774,u.DownVotes,<,1313,v.CreationDate,>,1272292493,v.CreationDate,<,1319626729,v.VoteTypeId,>,6,v.VoteTypeId,<,11,b.Date,>,1322358521,b.Date,<,1374331185#198
votes v,posts p,badges b,users u#p.Id=v.PostId,u.Id=p.OwnerUserId,u.Id=b.UserId#p.Score,>,9,p.Score,<,102,p.CommentCount,>,2,p.CommentCount,<,19,u.DownVotes,>,285,u.DownVotes,<,1070,v.CreationDate,>,1330923886,v.CreationDate,<,1348119753,v.VoteTypeId,>,1,v.VoteTypeId,<,9,b.Date,>,1303745039,b.Date,<,1359917372#120103
votes v,posts p,badges b,users u#p.Id=v.PostId,u.Id=p.OwnerUserId,u.Id=b.UserId#p.Score,>,8,p.Score,<,151,p.CommentCount,>,14,p.CommentCount,<,42,u.DownVotes,>,692,u.DownVotes,<,1273,v.CreationDate,>,1243421986,v.CreationDate,<,1378471257,v.VoteTypeId,>,3,v.VoteTypeId,<,12,b.Date,>,1360727374,b.Date,<,1389944258#104
votes v,posts p,badges b,users u#p.Id=v.PostId,u.Id=p.OwnerUserId,u.Id=b.UserId#p.Score,>,-10,p.Score,<,73,p.CommentCount,>,4,p.CommentCount,<,25,u.DownVotes,>,201,u.DownVotes,<,1570,v.CreationDate,>,1257403283,v.CreationDate,<,1409416676,v.VoteTypeId,>,2,v.VoteTypeId,<,4,b.Date,>,1295086439,b.Date,<,1379689620#4375
votes v,posts p,badges b,users u#p.Id=v.PostId,u.Id=p.OwnerUserId,u.Id=b.UserId#p.Score,>,5,p.Score,<,167,p.CommentCount,>,0,p.CommentCount,<,43,u.DownVotes,>,460,u.DownVotes,<,1091,v.CreationDate,>,1355511534,v.CreationDate,<,1391247597,v.VoteTypeId,>,8,v.VoteTypeId,<,15,b.Date,>,1282858580,b.Date,<,1333478604#252
votes v,posts p,badges b,users u#p.Id=v.PostId,u.Id=p.OwnerUserId,u.Id=b.UserId#p.Score,>,20,p.Score,<,91,p.CommentCount,>,2,p.CommentCount,<,42,u.DownVotes,>,207,u.DownVotes,<,1392,v.CreationDate,>,1238488699,v.CreationDate,<,1367723517,v.VoteTypeId,>,2,v.VoteTypeId,<,7,b.Date,>,1366409546,b.Date,<,1387876366#1075
votes v,posts p,badges b,users u#p.Id=v.PostId,u.Id=p.OwnerUserId,u.Id=b.UserId#p.Score,>,10,p.Score,<,77,p.CommentCount,>,5,p.CommentCount,<,19,u.DownVotes,>,311,u.DownVotes,<,1865,v.CreationDate,>,1274067755,v.CreationDate,<,1328947014,v.VoteTypeId,>,2,v.VoteTypeId,<,12,b.Date,>,1322771548,b.Date,<,1360364533#1144
votes v,posts p,badges b,users u#p.Id=v.PostId,u.Id=p.OwnerUserId,u.Id=b.UserId#p.Score,>,98,p.Score,<,170,p.CommentCount,>,6,p.CommentCount,<,16,u.DownVotes,>,113,u.DownVotes,<,511,v.CreationDate,>,1307180592,v.CreationDate,<,1394298468,v.VoteTypeId,>,1,v.VoteTypeId,<,12,b.Date,>,1296519381,b.Date,<,1358390158#11660
votes v,posts p,badges b,users u#p.Id=v.PostId,u.Id=p.OwnerUserId,u.Id=b.UserId#p.Score,>,20,p.Score,<,146,p.CommentCount,>,2,p.CommentCount,<,24,u.DownVotes,>,364,u.DownVotes,<,1390,v.CreationDate,>,1327242690,v.CreationDate,<,1350526551,v.VoteTypeId,>,5,v.VoteTypeId,<,15,b.Date,>,1304165844,b.Date,<,1391665192#160
votes v,posts p,badges b,users u#p.Id=v.PostId,u.Id=p.OwnerUserId,u.Id=b.UserId#p.Score,>,8,p.Score,<,115,p.CommentCount,>,4,p.CommentCount,<,8,u.DownVotes,>,154,u.DownVotes,<,303,v.CreationDate,>,1242812456,v.CreationDate,<,1343156981,v.VoteTypeId,>,2,v.VoteTypeId,<,4,b.Date,>,1312775574,b.Date,<,1329804297#88
votes v,posts p,badges b,users u#p.Id=v.PostId,u.Id=p.OwnerUserId,u.Id=b.UserId#p.Score,>,19,p.Score,<,125,p.CommentCount,>,12,p.CommentCount,<,41,u.DownVotes,>,59,u.DownVotes,<,1490,v.CreationDate,>,1242121621,v.CreationDate,<,1385279592,v.VoteTypeId,>,2,v.VoteTypeId,<,7,b.Date,>,1369281772,b.Date,<,1369973183#2
votes v,posts p,badges b,users u#p.Id=v.PostId,u.Id=p.OwnerUserId,u.Id=b.UserId#p.Score,>,18,p.Score,<,55,p.CommentCount,>,1,p.CommentCount,<,5,u.DownVotes,>,232,u.DownVotes,<,1144,v.CreationDate,>,1236376322,v.CreationDate,<,1312142600,v.VoteTypeId,>,1,v.VoteTypeId,<,15,b.Date,>,1330096809,b.Date,<,1389062249#15542
votes v,posts p,badges b,users u#p.Id=v.PostId,u.Id=p.OwnerUserId,u.Id=b.UserId#p.Score,>,3,p.Score,<,163,p.CommentCount,>,2,p.CommentCount,<,25,u.DownVotes,>,137,u.DownVotes,<,1184,v.CreationDate,>,1260465909,v.CreationDate,<,1332934117,v.VoteTypeId,>,4,v.VoteTypeId,<,10,b.Date,>,1321808448,b.Date,<,1329380922#858
votes v,posts p,badges b,users u#p.Id=v.PostId,u.Id=p.OwnerUserId,u.Id=b.UserId#p.Score,>,90,p.Score,<,184,p.CommentCount,>,6,p.CommentCount,<,44,u.DownVotes,>,64,u.DownVotes,<,1488,v.CreationDate,>,1267935155,v.CreationDate,<,1346722571,v.VoteTypeId,>,4,v.VoteTypeId,<,13,b.Date,>,1317899898,b.Date,<,1361287740#109
votes v,posts p,badges b,users u#p.Id=v.PostId,u.Id=p.OwnerUserId,u.Id=b.UserId#p.Score,>,95,p.Score,<,122,p.CommentCount,>,4,p.CommentCount,<,16,u.DownVotes,>,87,u.DownVotes,<,1227,v.CreationDate,>,1283627445,v.CreationDate,<,1331685938,v.VoteTypeId,>,1,v.VoteTypeId,<,12,b.Date,>,1356317065,b.Date,<,1369181383#340
votes v,posts p,badges b,users u#p.Id=v.PostId,u.Id=p.OwnerUserId,u.Id=b.UserId#p.Score,>,-15,p.Score,<,98,p.CommentCount,>,5,p.CommentCount,<,20,u.DownVotes,>,26,u.DownVotes,<,897,v.CreationDate,>,1298467651,v.CreationDate,<,1380995094,v.VoteTypeId,>,1,v.VoteTypeId,<,7,b.Date,>,1290930124,b.Date,<,1330235407#262725
votes v,posts p,badges b,users u#p.Id=v.PostId,u.Id=p.OwnerUserId,u.Id=b.UserId#p.Score,>,-11,p.Score,<,170,p.CommentCount,>,15,p.CommentCount,<,37,u.DownVotes,>,617,u.DownVotes,<,1587,v.CreationDate,>,1265392080,v.CreationDate,<,1389697324,v.VoteTypeId,>,6,v.VoteTypeId,<,15,b.Date,>,1320926718,b.Date,<,1358169432#146
votes v,posts p,badges b,users u#p.Id=v.PostId,u.Id=p.OwnerUserId,u.Id=b.UserId#p.Score,>,3,p.Score,<,130,p.CommentCount,>,9,p.CommentCount,<,26,u.DownVotes,>,369,u.DownVotes,<,569,v.CreationDate,>,1268132833,v.CreationDate,<,1410110670,v.VoteTypeId,>,7,v.VoteTypeId,<,12,b.Date,>,1303493818,b.Date,<,1384471379#608
votes v,posts p,badges b,users u#p.Id=v.PostId,u.Id=p.OwnerUserId,u.Id=b.UserId#p.Score,>,27,p.Score,<,65,p.CommentCount,>,0,p.CommentCount,<,17,u.DownVotes,>,260,u.DownVotes,<,1183,v.CreationDate,>,1305355467,v.CreationDate,<,1409826935,v.VoteTypeId,>,1,v.VoteTypeId,<,15,b.Date,>,1341340777,b.Date,<,1377065709#120251
votes v,posts p,badges b,users u#p.Id=v.PostId,u.Id=p.OwnerUserId,u.Id=b.UserId#p.Score,>,62,p.Score,<,154,p.CommentCount,>,3,p.CommentCount,<,24,u.DownVotes,>,714,u.DownVotes,<,1776,v.CreationDate,>,1246893474,v.CreationDate,<,1326851785,v.VoteTypeId,>,2,v.VoteTypeId,<,11,b.Date,>,1282771404,b.Date,<,1322741426#107
votes v,posts p,badges b,users u#p.Id=v.PostId,u.Id=p.OwnerUserId,u.Id=b.UserId#p.Score,>,47,p.Score,<,164,p.CommentCount,>,5,p.CommentCount,<,34,u.DownVotes,>,474,u.DownVotes,<,821,v.CreationDate,>,1274592419,v.CreationDate,<,1319122966,v.VoteTypeId,>,1,v.VoteTypeId,<,13,b.Date,>,1316798231,b.Date,<,1363310872#22320
votes v,posts p,badges b,users u#p.Id=v.PostId,u.Id=p.OwnerUserId,u.Id=b.UserId#p.Score,>,21,p.Score,<,113,p.CommentCount,>,5,p.CommentCount,<,28,u.DownVotes,>,652,u.DownVotes,<,1222,v.CreationDate,>,1288170520,v.CreationDate,<,1364038060,v.VoteTypeId,>,2,v.VoteTypeId,<,15,b.Date,>,1344048815,b.Date,<,1381749613#1595
votes v,posts p,badges b,users u#p.Id=v.PostId,u.Id=p.OwnerUserId,u.Id=b.UserId#p.Score,>,-8,p.Score,<,173,p.CommentCount,>,13,p.CommentCount,<,16,u.DownVotes,>,194,u.DownVotes,<,1414,v.CreationDate,>,1326567201,v.CreationDate,<,1339215788,v.VoteTypeId,>,1,v.VoteTypeId,<,7,b.Date,>,1323242290,b.Date,<,1376322609#2676
votes v,posts p,badges b,users u#p.Id=v.PostId,u.Id=p.OwnerUserId,u.Id=b.UserId#p.Score,>,0,p.Score,<,153,p.CommentCount,>,19,p.CommentCount,<,29,u.DownVotes,>,161,u.DownVotes,<,606,v.CreationDate,>,1247074152,v.CreationDate,<,1351045589,v.VoteTypeId,>,7,v.VoteTypeId,<,12,b.Date,>,1343851404,b.Date,<,1406017203#64
votes v,posts p,badges b,users u#p.Id=v.PostId,u.Id=p.OwnerUserId,u.Id=b.UserId#p.Score,>,-17,p.Score,<,76,p.CommentCount,>,7,p.CommentCount,<,28,u.DownVotes,>,56,u.DownVotes,<,177,v.CreationDate,>,1324888861,v.CreationDate,<,1397128985,v.VoteTypeId,>,7,v.VoteTypeId,<,14,b.Date,>,1325807006,b.Date,<,1349296040#186
votes v,posts p,badges b,users u#p.Id=v.PostId,u.Id=p.OwnerUserId,u.Id=b.UserId#p.Score,>,57,p.Score,<,133,p.CommentCount,>,2,p.CommentCount,<,27,u.DownVotes,>,88,u.DownVotes,<,1700,v.CreationDate,>,1315628259,v.CreationDate,<,1366198705,v.VoteTypeId,>,2,v.VoteTypeId,<,8,b.Date,>,1334426234,b.Date,<,1402674181#578
votes v,posts p,badges b,users u#p.Id=v.PostId,u.Id=p.OwnerUserId,u.Id=b.UserId#p.Score,>,9,p.Score,<,33,p.CommentCount,>,7,p.CommentCount,<,44,u.DownVotes,>,729,u.DownVotes,<,1270,v.CreationDate,>,1248234559,v.CreationDate,<,1357512827,v.VoteTypeId,>,8,v.VoteTypeId,<,12,b.Date,>,1400592407,b.Date,<,1408854804#27
votes v,posts p,badges b,users u#p.Id=v.PostId,u.Id=p.OwnerUserId,u.Id=b.UserId#p.Score,>,101,p.Score,<,184,p.CommentCount,>,3,p.CommentCount,<,34,u.DownVotes,>,764,u.DownVotes,<,1846,v.CreationDate,>,1332494206,v.CreationDate,<,1368521056,v.VoteTypeId,>,1,v.VoteTypeId,<,3,b.Date,>,1282294126,b.Date,<,1334161984#4550
votes v,posts p,badges b,users u#p.Id=v.PostId,u.Id=p.OwnerUserId,u.Id=b.UserId#p.Score,>,-18,p.Score,<,109,p.CommentCount,>,9,p.CommentCount,<,12,u.DownVotes,>,141,u.DownVotes,<,941,v.CreationDate,>,1242153283,v.CreationDate,<,1388045913,v.VoteTypeId,>,8,v.VoteTypeId,<,12,b.Date,>,1326084464,b.Date,<,1390725963#518
votes v,posts p,badges b,users u#p.Id=v.PostId,u.Id=p.OwnerUserId,u.Id=b.UserId#p.Score,>,50,p.Score,<,174,p.CommentCount,>,4,p.CommentCount,<,24,u.DownVotes,>,89,u.DownVotes,<,899,v.CreationDate,>,1356897908,v.CreationDate,<,1395112540,v.VoteTypeId,>,1,v.VoteTypeId,<,14,b.Date,>,1337507249,b.Date,<,1364258431#35040
votes v,posts p,badges b,users u#p.Id=v.PostId,u.Id=p.OwnerUserId,u.Id=b.UserId#p.Score,>,43,p.Score,<,124,p.CommentCount,>,12,p.CommentCount,<,30,u.DownVotes,>,2,u.DownVotes,<,1093,v.CreationDate,>,1298329127,v.CreationDate,<,1313283223,v.VoteTypeId,>,6,v.VoteTypeId,<,13,b.Date,>,1341501315,b.Date,<,1408560508#71
votes v,posts p,badges b,users u#p.Id=v.PostId,u.Id=p.OwnerUserId,u.Id=b.UserId#p.Score,>,-1,p.Score,<,137,p.CommentCount,>,14,p.CommentCount,<,31,u.DownVotes,>,481,u.DownVotes,<,928,v.CreationDate,>,1251278113,v.CreationDate,<,1376290230,v.VoteTypeId,>,5,v.VoteTypeId,<,12,b.Date,>,1327905252,b.Date,<,1344074722#74
votes v,posts p,badges b,users u#p.Id=v.PostId,u.Id=p.OwnerUserId,u.Id=b.UserId#p.Score,>,13,p.Score,<,59,p.CommentCount,>,3,p.CommentCount,<,42,u.DownVotes,>,348,u.DownVotes,<,442,v.CreationDate,>,1275926554,v.CreationDate,<,1353683044,v.VoteTypeId,>,1,v.VoteTypeId,<,14,b.Date,>,1297819134,b.Date,<,1319302947#4145
votes v,posts p,badges b,users u#p.Id=v.PostId,u.Id=p.OwnerUserId,u.Id=b.UserId#p.Score,>,30,p.Score,<,46,p.CommentCount,>,14,p.CommentCount,<,27,u.DownVotes,>,209,u.DownVotes,<,1765,v.CreationDate,>,1300429922,v.CreationDate,<,1360791708,v.VoteTypeId,>,1,v.VoteTypeId,<,9,b.Date,>,1310945898,b.Date,<,1322424515#192
votes v,posts p,badges b,users u#p.Id=v.PostId,u.Id=p.OwnerUserId,u.Id=b.UserId#p.Score,>,-6,p.Score,<,65,p.CommentCount,>,0,p.CommentCount,<,32,u.DownVotes,>,222,u.DownVotes,<,1284,v.CreationDate,>,1329209777,v.CreationDate,<,1402469984,v.VoteTypeId,>,2,v.VoteTypeId,<,10,b.Date,>,1305329148,b.Date,<,1306756527#137
votes v,posts p,badges b,users u#p.Id=v.PostId,u.Id=p.OwnerUserId,u.Id=b.UserId#p.Score,>,11,p.Score,<,179,p.CommentCount,>,8,p.CommentCount,<,34,u.DownVotes,>,641,u.DownVotes,<,1413,v.CreationDate,>,1288447890,v.CreationDate,<,1314109729,v.VoteTypeId,>,1,v.VoteTypeId,<,14,b.Date,>,1304055741,b.Date,<,1381941582#34440
votes v,posts p,badges b,users u#p.Id=v.PostId,u.Id=p.OwnerUserId,u.Id=b.UserId#p.Score,>,8,p.Score,<,90,p.CommentCount,>,24,p.CommentCount,<,41,u.DownVotes,>,157,u.DownVotes,<,878,v.CreationDate,>,1249293635,v.CreationDate,<,1340609126,v.VoteTypeId,>,2,v.VoteTypeId,<,6,b.Date,>,1320905250,b.Date,<,1390124428#142
votes v,posts p,badges b,users u#p.Id=v.PostId,u.Id=p.OwnerUserId,u.Id=b.UserId#p.Score,>,64,p.Score,<,92,p.CommentCount,>,8,p.CommentCount,<,34,u.DownVotes,>,214,u.DownVotes,<,1028,v.CreationDate,>,1306761774,v.CreationDate,<,1347486167,v.VoteTypeId,>,1,v.VoteTypeId,<,12,b.Date,>,1302804291,b.Date,<,1318677023#2394
votes v,posts p,badges b,users u#p.Id=v.PostId,u.Id=p.OwnerUserId,u.Id=b.UserId#p.Score,>,-7,p.Score,<,150,p.CommentCount,>,17,p.CommentCount,<,25,u.DownVotes,>,119,u.DownVotes,<,1071,v.CreationDate,>,1268144998,v.CreationDate,<,1364938865,v.VoteTypeId,>,7,v.VoteTypeId,<,12,b.Date,>,1286519487,b.Date,<,1387909808#463
votes v,posts p,badges b,users u#p.Id=v.PostId,u.Id=p.OwnerUserId,u.Id=b.UserId#p.Score,>,13,p.Score,<,180,p.CommentCount,>,3,p.CommentCount,<,31,u.DownVotes,>,634,u.DownVotes,<,1039,v.CreationDate,>,1252546021,v.CreationDate,<,1304713076,v.VoteTypeId,>,2,v.VoteTypeId,<,9,b.Date,>,1318644661,b.Date,<,1401329836#325
votes v,posts p,badges b,users u#p.Id=v.PostId,u.Id=p.OwnerUserId,u.Id=b.UserId#p.Score,>,21,p.Score,<,165,p.CommentCount,>,10,p.CommentCount,<,38,u.DownVotes,>,678,u.DownVotes,<,1396,v.CreationDate,>,1246038963,v.CreationDate,<,1402325029,v.VoteTypeId,>,5,v.VoteTypeId,<,14,b.Date,>,1357727931,b.Date,<,1358310509#1
votes v,posts p,badges b,users u#p.Id=v.PostId,u.Id=p.OwnerUserId,u.Id=b.UserId#p.Score,>,15,p.Score,<,121,p.CommentCount,>,10,p.CommentCount,<,24,u.DownVotes,>,162,u.DownVotes,<,718,v.CreationDate,>,1297415767,v.CreationDate,<,1308122966,v.VoteTypeId,>,3,v.VoteTypeId,<,13,b.Date,>,1341333142,b.Date,<,1372923895#35
votes v,posts p,badges b,users u#p.Id=v.PostId,u.Id=p.OwnerUserId,u.Id=b.UserId#p.Score,>,5,p.Score,<,114,p.CommentCount,>,6,p.CommentCount,<,18,u.DownVotes,>,159,u.DownVotes,<,975,v.CreationDate,>,1236444999,v.CreationDate,<,1381599218,v.VoteTypeId,>,5,v.VoteTypeId,<,10,b.Date,>,1328432669,b.Date,<,1393171040#1209
votes v,posts p,badges b,users u#p.Id=v.PostId,u.Id=p.OwnerUserId,u.Id=b.UserId#p.Score,>,-10,p.Score,<,71,p.CommentCount,>,0,p.CommentCount,<,35,u.DownVotes,>,222,u.DownVotes,<,1047,v.CreationDate,>,1294783491,v.CreationDate,<,1402488600,v.VoteTypeId,>,8,v.VoteTypeId,<,14,b.Date,>,1291733488,b.Date,<,1389667125#8113
votes v,posts p,badges b,users u#p.Id=v.PostId,u.Id=p.OwnerUserId,u.Id=b.UserId#p.Score,>,8,p.Score,<,138,p.CommentCount,>,9,p.CommentCount,<,34,u.DownVotes,>,269,u.DownVotes,<,774,v.CreationDate,>,1271640145,v.CreationDate,<,1357235870,v.VoteTypeId,>,5,v.VoteTypeId,<,15,b.Date,>,1313666162,b.Date,<,1319481374#4
votes v,posts p,badges b,users u#p.Id=v.PostId,u.Id=p.OwnerUserId,u.Id=b.UserId#p.Score,>,24,p.Score,<,54,p.CommentCount,>,0,p.CommentCount,<,43,u.DownVotes,>,36,u.DownVotes,<,1430,v.CreationDate,>,1256919992,v.CreationDate,<,1375043697,v.VoteTypeId,>,4,v.VoteTypeId,<,6,b.Date,>,1318186027,b.Date,<,1379466916#23583
votes v,posts p,badges b,users u#p.Id=v.PostId,u.Id=p.OwnerUserId,u.Id=b.UserId#p.Score,>,88,p.Score,<,179,p.CommentCount,>,5,p.CommentCount,<,32,u.DownVotes,>,239,u.DownVotes,<,876,v.CreationDate,>,1241123777,v.CreationDate,<,1373865374,v.VoteTypeId,>,1,v.VoteTypeId,<,8,b.Date,>,1308441715,b.Date,<,1336389694#5925
votes v,posts p,badges b,users u#p.Id=v.PostId,u.Id=p.OwnerUserId,u.Id=b.UserId#p.Score,>,9,p.Score,<,177,p.CommentCount,>,14,p.CommentCount,<,42,u.DownVotes,>,136,u.DownVotes,<,1427,v.CreationDate,>,1274549313,v.CreationDate,<,1340673694,v.VoteTypeId,>,3,v.VoteTypeId,<,14,b.Date,>,1314239101,b.Date,<,1372409011#71
votes v,posts p,badges b,users u#p.Id=v.PostId,u.Id=p.OwnerUserId,u.Id=b.UserId#p.Score,>,18,p.Score,<,30,p.CommentCount,>,2,p.CommentCount,<,43,u.DownVotes,>,152,u.DownVotes,<,659,v.CreationDate,>,1301396025,v.CreationDate,<,1353646306,v.VoteTypeId,>,9,v.VoteTypeId,<,12,b.Date,>,1300249870,b.Date,<,1405587213#174
votes v,posts p,badges b,users u#p.Id=v.PostId,u.Id=p.OwnerUserId,u.Id=b.UserId#p.Score,>,-9,p.Score,<,78,p.CommentCount,>,5,p.CommentCount,<,18,u.DownVotes,>,631,u.DownVotes,<,1785,v.CreationDate,>,1274961062,v.CreationDate,<,1387698688,v.VoteTypeId,>,5,v.VoteTypeId,<,15,b.Date,>,1300856497,b.Date,<,1357079825#985
votes v,posts p,badges b,users u#p.Id=v.PostId,u.Id=p.OwnerUserId,u.Id=b.UserId#p.Score,>,49,p.Score,<,183,p.CommentCount,>,1,p.CommentCount,<,20,u.DownVotes,>,282,u.DownVotes,<,973,v.CreationDate,>,1241704653,v.CreationDate,<,1323045318,v.VoteTypeId,>,2,v.VoteTypeId,<,9,b.Date,>,1292835960,b.Date,<,1293727919#4
votes v,posts p,badges b,users u#p.Id=v.PostId,u.Id=p.OwnerUserId,u.Id=b.UserId#p.Score,>,38,p.Score,<,184,p.CommentCount,>,8,p.CommentCount,<,43,u.DownVotes,>,24,u.DownVotes,<,1492,v.CreationDate,>,1273347030,v.CreationDate,<,1339615080,v.VoteTypeId,>,1,v.VoteTypeId,<,13,b.Date,>,1341761668,b.Date,<,1342461998#516
votes v,posts p,badges b,users u#p.Id=v.PostId,u.Id=p.OwnerUserId,u.Id=b.UserId#p.Score,>,9,p.Score,<,25,p.CommentCount,>,3,p.CommentCount,<,23,u.DownVotes,>,628,u.DownVotes,<,1716,v.CreationDate,>,1298575499,v.CreationDate,<,1314916513,v.VoteTypeId,>,1,v.VoteTypeId,<,3,b.Date,>,1283808713,b.Date,<,1387861574#56160
votes v,posts p,badges b,users u#p.Id=v.PostId,u.Id=p.OwnerUserId,u.Id=b.UserId#p.Score,>,-11,p.Score,<,183,p.CommentCount,>,3,p.CommentCount,<,35,u.DownVotes,>,90,u.DownVotes,<,1318,v.CreationDate,>,1276408887,v.CreationDate,<,1284698266,v.VoteTypeId,>,4,v.VoteTypeId,<,13,b.Date,>,1286802843,b.Date,<,1351690523#632
votes v,posts p,badges b,users u#p.Id=v.PostId,u.Id=p.OwnerUserId,u.Id=b.UserId#p.Score,>,40,p.Score,<,129,p.CommentCount,>,19,p.CommentCount,<,42,u.DownVotes,>,56,u.DownVotes,<,678,v.CreationDate,>,1244533691,v.CreationDate,<,1345356877,v.VoteTypeId,>,4,v.VoteTypeId,<,14,b.Date,>,1358113890,b.Date,<,1393047856#44
votes v,posts p,badges b,users u#p.Id=v.PostId,u.Id=p.OwnerUserId,u.Id=b.UserId#p.Score,>,22,p.Score,<,139,p.CommentCount,>,0,p.CommentCount,<,2,u.DownVotes,>,383,u.DownVotes,<,1217,v.CreationDate,>,1275943916,v.CreationDate,<,1399241949,v.VoteTypeId,>,1,v.VoteTypeId,<,12,b.Date,>,1307036651,b.Date,<,1410651376#82669
votes v,posts p,badges b,users u#p.Id=v.PostId,u.Id=p.OwnerUserId,u.Id=b.UserId#p.Score,>,-17,p.Score,<,137,p.CommentCount,>,7,p.CommentCount,<,17,u.DownVotes,>,646,u.DownVotes,<,1037,v.CreationDate,>,1387756820,v.CreationDate,<,1409509557,v.VoteTypeId,>,7,v.VoteTypeId,<,15,b.Date,>,1292659302,b.Date,<,1293294871#1
votes v,posts p,badges b,users u#p.Id=v.PostId,u.Id=p.OwnerUserId,u.Id=b.UserId#p.Score,>,26,p.Score,<,180,p.CommentCount,>,13,p.CommentCount,<,35,u.DownVotes,>,755,u.DownVotes,<,789,v.CreationDate,>,1290699420,v.CreationDate,<,1384129186,v.VoteTypeId,>,1,v.VoteTypeId,<,5,b.Date,>,1299112104,b.Date,<,1398125296#3927
votes v,posts p,badges b,users u#p.Id=v.PostId,u.Id=p.OwnerUserId,u.Id=b.UserId#p.Score,>,-2,p.Score,<,38,p.CommentCount,>,5,p.CommentCount,<,38,u.DownVotes,>,768,u.DownVotes,<,1223,v.CreationDate,>,1322701706,v.CreationDate,<,1398596227,v.VoteTypeId,>,2,v.VoteTypeId,<,6,b.Date,>,1384962243,b.Date,<,1387520827#49
votes v,posts p,badges b,users u#p.Id=v.PostId,u.Id=p.OwnerUserId,u.Id=b.UserId#p.Score,>,29,p.Score,<,78,p.CommentCount,>,0,p.CommentCount,<,23,u.DownVotes,>,64,u.DownVotes,<,696,v.CreationDate,>,1285322074,v.CreationDate,<,1389798195,v.VoteTypeId,>,1,v.VoteTypeId,<,14,b.Date,>,1323454027,b.Date,<,1385696592#122989
votes v,posts p,badges b,users u#p.Id=v.PostId,u.Id=p.OwnerUserId,u.Id=b.UserId#p.Score,>,-13,p.Score,<,59,p.CommentCount,>,18,p.CommentCount,<,21,u.DownVotes,>,43,u.DownVotes,<,303,v.CreationDate,>,1240863451,v.CreationDate,<,1382701502,v.VoteTypeId,>,2,v.VoteTypeId,<,15,b.Date,>,1400838005,b.Date,<,1407903077#6
votes v,posts p,badges b,users u#p.Id=v.PostId,u.Id=p.OwnerUserId,u.Id=b.UserId#p.Score,>,6,p.Score,<,105,p.CommentCount,>,3,p.CommentCount,<,14,u.DownVotes,>,61,u.DownVotes,<,502,v.CreationDate,>,1316542570,v.CreationDate,<,1350358423,v.VoteTypeId,>,7,v.VoteTypeId,<,14,b.Date,>,1286996355,b.Date,<,1333668260#233
votes v,posts p,badges b,users u#p.Id=v.PostId,u.Id=p.OwnerUserId,u.Id=b.UserId#p.Score,>,-18,p.Score,<,138,p.CommentCount,>,2,p.CommentCount,<,37,u.DownVotes,>,212,u.DownVotes,<,1831,v.CreationDate,>,1241784589,v.CreationDate,<,1401851169,v.VoteTypeId,>,1,v.VoteTypeId,<,15,b.Date,>,1308577234,b.Date,<,1318719838#153153
votes v,posts p,badges b,users u#p.Id=v.PostId,u.Id=p.OwnerUserId,u.Id=b.UserId#p.Score,>,9,p.Score,<,77,p.CommentCount,>,15,p.CommentCount,<,27,u.DownVotes,>,3,u.DownVotes,<,496,v.CreationDate,>,1270083884,v.CreationDate,<,1343630793,v.VoteTypeId,>,4,v.VoteTypeId,<,6,b.Date,>,1309521333,b.Date,<,1369915441#81
votes v,posts p,badges b,users u#p.Id=v.PostId,u.Id=p.OwnerUserId,u.Id=b.UserId#p.Score,>,-8,p.Score,<,175,p.CommentCount,>,0,p.CommentCount,<,31,u.DownVotes,>,50,u.DownVotes,<,852,v.CreationDate,>,1307390977,v.CreationDate,<,1399075080,v.VoteTypeId,>,1,v.VoteTypeId,<,14,b.Date,>,1315986087,b.Date,<,1406089866#4360840
votes v,posts p,badges b,users u#p.Id=v.PostId,u.Id=p.OwnerUserId,u.Id=b.UserId#p.Score,>,51,p.Score,<,125,p.CommentCount,>,6,p.CommentCount,<,12,u.DownVotes,>,198,u.DownVotes,<,861,v.CreationDate,>,1245807193,v.CreationDate,<,1336850824,v.VoteTypeId,>,2,v.VoteTypeId,<,4,b.Date,>,1332763362,b.Date,<,1388341707#454
votes v,posts p,badges b,users u#p.Id=v.PostId,u.Id=p.OwnerUserId,u.Id=b.UserId#p.Score,>,44,p.Score,<,157,p.CommentCount,>,7,p.CommentCount,<,13,u.DownVotes,>,428,u.DownVotes,<,1567,v.CreationDate,>,1274692757,v.CreationDate,<,1331310021,v.VoteTypeId,>,1,v.VoteTypeId,<,5,b.Date,>,1292547643,b.Date,<,1399609693#34740
votes v,posts p,badges b,users u#p.Id=v.PostId,u.Id=p.OwnerUserId,u.Id=b.UserId#p.Score,>,-3,p.Score,<,186,p.CommentCount,>,12,p.CommentCount,<,16,u.DownVotes,>,319,u.DownVotes,<,655,v.CreationDate,>,1299086409,v.CreationDate,<,1332387366,v.VoteTypeId,>,1,v.VoteTypeId,<,7,b.Date,>,1293688497,b.Date,<,1371321922#720
votes v,posts p,badges b,users u#p.Id=v.PostId,u.Id=p.OwnerUserId,u.Id=b.UserId#p.Score,>,0,p.Score,<,110,p.CommentCount,>,5,p.CommentCount,<,33,u.DownVotes,>,113,u.DownVotes,<,1070,v.CreationDate,>,1247396661,v.CreationDate,<,1300716805,v.VoteTypeId,>,9,v.VoteTypeId,<,12,b.Date,>,1288247700,b.Date,<,1408895339#680
votes v,posts p,badges b,users u#p.Id=v.PostId,u.Id=p.OwnerUserId,u.Id=b.UserId#p.Score,>,14,p.Score,<,37,p.CommentCount,>,4,p.CommentCount,<,22,u.DownVotes,>,80,u.DownVotes,<,1867,v.CreationDate,>,1338472848,v.CreationDate,<,1342080380,v.VoteTypeId,>,9,v.VoteTypeId,<,14,b.Date,>,1359669205,b.Date,<,1382562018#17
votes v,posts p,badges b,users u#p.Id=v.PostId,u.Id=p.OwnerUserId,u.Id=b.UserId#p.Score,>,-14,p.Score,<,55,p.CommentCount,>,18,p.CommentCount,<,31,u.DownVotes,>,373,u.DownVotes,<,1274,v.CreationDate,>,1326463117,v.CreationDate,<,1407033838,v.VoteTypeId,>,1,v.VoteTypeId,<,10,b.Date,>,1290638180,b.Date,<,1405375978#6918
votes v,posts p,badges b,users u#p.Id=v.PostId,u.Id=p.OwnerUserId,u.Id=b.UserId#p.Score,>,86,p.Score,<,189,p.CommentCount,>,3,p.CommentCount,<,22,u.DownVotes,>,10,u.DownVotes,<,120,v.CreationDate,>,1368862636,v.CreationDate,<,1398156380,v.VoteTypeId,>,1,v.VoteTypeId,<,15,b.Date,>,1297890502,b.Date,<,1301789047#32
votes v,posts p,badges b,users u#p.Id=v.PostId,u.Id=p.OwnerUserId,u.Id=b.UserId#p.Score,>,46,p.Score,<,105,p.CommentCount,>,7,p.CommentCount,<,21,u.DownVotes,>,635,u.DownVotes,<,1147,v.CreationDate,>,1240016901,v.CreationDate,<,1378040650,v.VoteTypeId,>,2,v.VoteTypeId,<,8,b.Date,>,1301209519,b.Date,<,1325902472#69
votes v,posts p,badges b,users u#p.Id=v.PostId,u.Id=p.OwnerUserId,u.Id=b.UserId#p.Score,>,-13,p.Score,<,79,p.CommentCount,>,2,p.CommentCount,<,14,u.DownVotes,>,676,u.DownVotes,<,1306,v.CreationDate,>,1385178873,v.CreationDate,<,1408829480,v.VoteTypeId,>,1,v.VoteTypeId,<,10,b.Date,>,1381238289,b.Date,<,1404466802#65611
votes v,posts p,badges b,users u#p.Id=v.PostId,u.Id=p.OwnerUserId,u.Id=b.UserId#p.Score,>,12,p.Score,<,74,p.CommentCount,>,0,p.CommentCount,<,23,u.DownVotes,>,233,u.DownVotes,<,1477,v.CreationDate,>,1330283932,v.CreationDate,<,1385747983,v.VoteTypeId,>,4,v.VoteTypeId,<,13,b.Date,>,1304763172,b.Date,<,1337811127#2141
votes v,posts p,badges b,users u#p.Id=v.PostId,u.Id=p.OwnerUserId,u.Id=b.UserId#p.Score,>,12,p.Score,<,106,p.CommentCount,>,2,p.CommentCount,<,27,u.DownVotes,>,157,u.DownVotes,<,1842,v.CreationDate,>,1254663832,v.CreationDate,<,1357859158,v.VoteTypeId,>,2,v.VoteTypeId,<,13,b.Date,>,1308203163,b.Date,<,1405271884#11722
votes v,posts p,badges b,users u#p.Id=v.PostId,u.Id=p.OwnerUserId,u.Id=b.UserId#p.Score,>,20,p.Score,<,62,p.CommentCount,>,4,p.CommentCount,<,32,u.DownVotes,>,39,u.DownVotes,<,1878,v.CreationDate,>,1265213965,v.CreationDate,<,1292330632,v.VoteTypeId,>,4,v.VoteTypeId,<,8,b.Date,>,1279605096,b.Date,<,1388404113#1727
votes v,posts p,badges b,users u#p.Id=v.PostId,u.Id=p.OwnerUserId,u.Id=b.UserId#p.Score,>,22,p.Score,<,113,p.CommentCount,>,1,p.CommentCount,<,20,u.DownVotes,>,226,u.DownVotes,<,1861,v.CreationDate,>,1234914736,v.CreationDate,<,1316479128,v.VoteTypeId,>,3,v.VoteTypeId,<,7,b.Date,>,1332861992,b.Date,<,1383279161#26
votes v,posts p,badges b,users u#p.Id=v.PostId,u.Id=p.OwnerUserId,u.Id=b.UserId#p.Score,>,33,p.Score,<,158,p.CommentCount,>,4,p.CommentCount,<,33,u.DownVotes,>,216,u.DownVotes,<,1788,v.CreationDate,>,1389472845,v.CreationDate,<,1395317647,v.VoteTypeId,>,1,v.VoteTypeId,<,5,b.Date,>,1322950363,b.Date,<,1331292639#716
votes v,posts p,badges b,users u#p.Id=v.PostId,u.Id=p.OwnerUserId,u.Id=b.UserId#p.Score,>,27,p.Score,<,161,p.CommentCount,>,8,p.CommentCount,<,28,u.DownVotes,>,213,u.DownVotes,<,1242,v.CreationDate,>,1242113537,v.CreationDate,<,1330283082,v.VoteTypeId,>,1,v.VoteTypeId,<,15,b.Date,>,1318876594,b.Date,<,1331341520#4160
votes v,posts p,badges b,users u#p.Id=v.PostId,u.Id=p.OwnerUserId,u.Id=b.UserId#p.Score,>,-4,p.Score,<,26,p.CommentCount,>,1,p.CommentCount,<,12,u.DownVotes,>,257,u.DownVotes,<,1198,v.CreationDate,>,1351370100,v.CreationDate,<,1400601328,v.VoteTypeId,>,1,v.VoteTypeId,<,5,b.Date,>,1328076217,b.Date,<,1377440522#285650
votes v,posts p,badges b,users u#p.Id=v.PostId,u.Id=p.OwnerUserId,u.Id=b.UserId#p.Score,>,10,p.Score,<,106,p.CommentCount,>,2,p.CommentCount,<,31,u.DownVotes,>,250,u.DownVotes,<,1605,v.CreationDate,>,1295157527,v.CreationDate,<,1383833950,v.VoteTypeId,>,4,v.VoteTypeId,<,7,b.Date,>,1299382075,b.Date,<,1334763999#1898
votes v,posts p,badges b,users u#p.Id=v.PostId,u.Id=p.OwnerUserId,u.Id=b.UserId#p.Score,>,35,p.Score,<,185,p.CommentCount,>,7,p.CommentCount,<,36,u.DownVotes,>,112,u.DownVotes,<,1112,v.CreationDate,>,1253018752,v.CreationDate,<,1388310273,v.VoteTypeId,>,8,v.VoteTypeId,<,11,b.Date,>,1294041187,b.Date,<,1363182443#214
votes v,posts p,badges b,users u#p.Id=v.PostId,u.Id=p.OwnerUserId,u.Id=b.UserId#p.Score,>,-15,p.Score,<,71,p.CommentCount,>,1,p.CommentCount,<,21,u.DownVotes,>,183,u.DownVotes,<,1434,v.CreationDate,>,1284819669,v.CreationDate,<,1367291904,v.VoteTypeId,>,2,v.VoteTypeId,<,4,b.Date,>,1344399960,b.Date,<,1353792249#470
votes v,posts p,badges b,users u#p.Id=v.PostId,u.Id=p.OwnerUserId,u.Id=b.UserId#p.Score,>,10,p.Score,<,139,p.CommentCount,>,10,p.CommentCount,<,33,u.DownVotes,>,140,u.DownVotes,<,230,v.CreationDate,>,1290378926,v.CreationDate,<,1310066991,v.VoteTypeId,>,5,v.VoteTypeId,<,12,b.Date,>,1287884038,b.Date,<,1347414233#77
votes v,posts p,badges b,users u#p.Id=v.PostId,u.Id=p.OwnerUserId,u.Id=b.UserId#p.Score,>,56,p.Score,<,159,p.CommentCount,>,7,p.CommentCount,<,29,u.DownVotes,>,248,u.DownVotes,<,785,v.CreationDate,>,1291762576,v.CreationDate,<,1352841990,v.VoteTypeId,>,2,v.VoteTypeId,<,8,b.Date,>,1283610643,b.Date,<,1370164038#276
votes v,posts p,badges b,users u#p.Id=v.PostId,u.Id=p.OwnerUserId,u.Id=b.UserId#p.Score,>,0,p.Score,<,62,p.CommentCount,>,19,p.CommentCount,<,44,u.DownVotes,>,373,u.DownVotes,<,1860,v.CreationDate,>,1300893628,v.CreationDate,<,1348795785,v.VoteTypeId,>,2,v.VoteTypeId,<,7,b.Date,>,1358214967,b.Date,<,1384064317#21
votes v,posts p,badges b,users u#p.Id=v.PostId,u.Id=p.OwnerUserId,u.Id=b.UserId#p.Score,>,-11,p.Score,<,163,p.CommentCount,>,10,p.CommentCount,<,41,u.DownVotes,>,47,u.DownVotes,<,944,v.CreationDate,>,1239624738,v.CreationDate,<,1387182200,v.VoteTypeId,>,10,v.VoteTypeId,<,15,b.Date,>,1317852563,b.Date,<,1340815017#69
votes v,posts p,badges b,users u#p.Id=v.PostId,u.Id=p.OwnerUserId,u.Id=b.UserId#p.Score,>,-3,p.Score,<,150,p.CommentCount,>,18,p.CommentCount,<,38,u.DownVotes,>,9,u.DownVotes,<,1906,v.CreationDate,>,1286674168,v.CreationDate,<,1379370453,v.VoteTypeId,>,3,v.VoteTypeId,<,15,b.Date,>,1368517674,b.Date,<,1368820507#1
votes v,posts p,badges b,users u#p.Id=v.PostId,u.Id=p.OwnerUserId,u.Id=b.UserId#p.Score,>,-12,p.Score,<,50,p.CommentCount,>,2,p.CommentCount,<,8,u.DownVotes,>,718,u.DownVotes,<,1171,v.CreationDate,>,1322233677,v.CreationDate,<,1368091426,v.VoteTypeId,>,7,v.VoteTypeId,<,15,b.Date,>,1309131719,b.Date,<,1394195620#957
votes v,posts p,badges b,users u#p.Id=v.PostId,u.Id=p.OwnerUserId,u.Id=b.UserId#p.Score,>,60,p.Score,<,87,p.CommentCount,>,7,p.CommentCount,<,19,u.DownVotes,>,134,u.DownVotes,<,371,v.CreationDate,>,1316144440,v.CreationDate,<,1342509715,v.VoteTypeId,>,1,v.VoteTypeId,<,7,b.Date,>,1324137899,b.Date,<,1404345973#4615
votes v,posts p,badges b,users u#p.Id=v.PostId,u.Id=p.OwnerUserId,u.Id=b.UserId#p.Score,>,-18,p.Score,<,77,p.CommentCount,>,6,p.CommentCount,<,42,u.DownVotes,>,637,u.DownVotes,<,892,v.CreationDate,>,1286529582,v.CreationDate,<,1358557120,v.VoteTypeId,>,4,v.VoteTypeId,<,8,b.Date,>,1313040476,b.Date,<,1386857993#1932
votes v,posts p,badges b,users u#p.Id=v.PostId,u.Id=p.OwnerUserId,u.Id=b.UserId#p.Score,>,-1,p.Score,<,101,p.CommentCount,>,10,p.CommentCount,<,16,u.DownVotes,>,341,u.DownVotes,<,1559,v.CreationDate,>,1333554953,v.CreationDate,<,1349020328,v.VoteTypeId,>,1,v.VoteTypeId,<,5,b.Date,>,1279620933,b.Date,<,1323303095#9094
votes v,posts p,badges b,users u#p.Id=v.PostId,u.Id=p.OwnerUserId,u.Id=b.UserId#p.Score,>,0,p.Score,<,64,p.CommentCount,>,7,p.CommentCount,<,37,u.DownVotes,>,327,u.DownVotes,<,539,v.CreationDate,>,1285156270,v.CreationDate,<,1357413889,v.VoteTypeId,>,5,v.VoteTypeId,<,13,b.Date,>,1304715271,b.Date,<,1375180118#290
votes v,posts p,badges b,users u#p.Id=v.PostId,u.Id=p.OwnerUserId,u.Id=b.UserId#p.Score,>,-11,p.Score,<,25,p.CommentCount,>,0,p.CommentCount,<,27,u.DownVotes,>,43,u.DownVotes,<,536,v.CreationDate,>,1242786797,v.CreationDate,<,1394748300,v.VoteTypeId,>,3,v.VoteTypeId,<,10,b.Date,>,1302224627,b.Date,<,1390272200#49662
votes v,posts p,badges b,users u#p.Id=v.PostId,u.Id=p.OwnerUserId,u.Id=b.UserId#p.Score,>,-4,p.Score,<,160,p.CommentCount,>,3,p.CommentCount,<,18,u.DownVotes,>,66,u.DownVotes,<,440,v.CreationDate,>,1249354441,v.CreationDate,<,1404459511,v.VoteTypeId,>,1,v.VoteTypeId,<,3,b.Date,>,1388227508,b.Date,<,1396802475#185442
votes v,posts p,badges b,users u#p.Id=v.PostId,u.Id=p.OwnerUserId,u.Id=b.UserId#p.Score,>,11,p.Score,<,191,p.CommentCount,>,12,p.CommentCount,<,39,u.DownVotes,>,414,u.DownVotes,<,1437,v.CreationDate,>,1239711441,v.CreationDate,<,1295089008,v.VoteTypeId,>,1,v.VoteTypeId,<,6,b.Date,>,1322094061,b.Date,<,1331551316#114
votes v,posts p,badges b,users u#p.Id=v.PostId,u.Id=p.OwnerUserId,u.Id=b.UserId#p.Score,>,-1,p.Score,<,53,p.CommentCount,>,11,p.CommentCount,<,14,u.DownVotes,>,157,u.DownVotes,<,883,v.CreationDate,>,1250004008,v.CreationDate,<,1395880378,v.VoteTypeId,>,4,v.VoteTypeId,<,14,b.Date,>,1329356319,b.Date,<,1409290568#890
votes v,posts p,badges b,users u#p.Id=v.PostId,u.Id=p.OwnerUserId,u.Id=b.UserId#p.Score,>,17,p.Score,<,146,p.CommentCount,>,0,p.CommentCount,<,38,u.DownVotes,>,395,u.DownVotes,<,1623,v.CreationDate,>,1274070501,v.CreationDate,<,1378829180,v.VoteTypeId,>,7,v.VoteTypeId,<,14,b.Date,>,1321711113,b.Date,<,1362741471#240
votes v,posts p,badges b,users u#p.Id=v.PostId,u.Id=p.OwnerUserId,u.Id=b.UserId#p.Score,>,-18,p.Score,<,191,p.CommentCount,>,5,p.CommentCount,<,13,u.DownVotes,>,348,u.DownVotes,<,1127,v.CreationDate,>,1407196927,v.CreationDate,<,1409166619,v.VoteTypeId,>,3,v.VoteTypeId,<,8,b.Date,>,1304804090,b.Date,<,1325652135#63
votes v,posts p,badges b,users u#p.Id=v.PostId,u.Id=p.OwnerUserId,u.Id=b.UserId#p.Score,>,-14,p.Score,<,58,p.CommentCount,>,7,p.CommentCount,<,39,u.DownVotes,>,192,u.DownVotes,<,1355,v.CreationDate,>,1324128513,v.CreationDate,<,1389279750,v.VoteTypeId,>,1,v.VoteTypeId,<,15,b.Date,>,1284005523,b.Date,<,1337787589#97652
votes v,posts p,badges b,users u#p.Id=v.PostId,u.Id=p.OwnerUserId,u.Id=b.UserId#p.Score,>,-10,p.Score,<,85,p.CommentCount,>,11,p.CommentCount,<,36,u.DownVotes,>,416,u.DownVotes,<,854,v.CreationDate,>,1386591682,v.CreationDate,<,1398314563,v.VoteTypeId,>,1,v.VoteTypeId,<,5,b.Date,>,1340103377,b.Date,<,1349989235#2312
votes v,posts p,badges b,users u#p.Id=v.PostId,u.Id=p.OwnerUserId,u.Id=b.UserId#p.Score,>,-4,p.Score,<,77,p.CommentCount,>,1,p.CommentCount,<,24,u.DownVotes,>,258,u.DownVotes,<,916,v.CreationDate,>,1317408324,v.CreationDate,<,1406773823,v.VoteTypeId,>,2,v.VoteTypeId,<,11,b.Date,>,1328758832,b.Date,<,1366501306#9957
votes v,posts p,badges b,users u#p.Id=v.PostId,u.Id=p.OwnerUserId,u.Id=b.UserId#p.Score,>,-14,p.Score,<,125,p.CommentCount,>,2,p.CommentCount,<,22,u.DownVotes,>,529,u.DownVotes,<,1405,v.CreationDate,>,1248895077,v.CreationDate,<,1294083144,v.VoteTypeId,>,9,v.VoteTypeId,<,15,b.Date,>,1368419710,b.Date,<,1408146794#162
votes v,posts p,badges b,users u#p.Id=v.PostId,u.Id=p.OwnerUserId,u.Id=b.UserId#p.Score,>,47,p.Score,<,153,p.CommentCount,>,0,p.CommentCount,<,18,u.DownVotes,>,463,u.DownVotes,<,1352,v.CreationDate,>,1262075250,v.CreationDate,<,1365685915,v.VoteTypeId,>,4,v.VoteTypeId,<,11,b.Date,>,1353879090,b.Date,<,1376464724#693
votes v,posts p,badges b,users u#p.Id=v.PostId,u.Id=p.OwnerUserId,u.Id=b.UserId#p.Score,>,29,p.Score,<,137,p.CommentCount,>,3,p.CommentCount,<,8,u.DownVotes,>,121,u.DownVotes,<,711,v.CreationDate,>,1315055200,v.CreationDate,<,1353122925,v.VoteTypeId,>,1,v.VoteTypeId,<,3,b.Date,>,1323774099,b.Date,<,1381509103#17027
votes v,posts p,badges b,users u#p.Id=v.PostId,u.Id=p.OwnerUserId,u.Id=b.UserId#p.Score,>,50,p.Score,<,106,p.CommentCount,>,1,p.CommentCount,<,20,u.DownVotes,>,52,u.DownVotes,<,590,v.CreationDate,>,1290565202,v.CreationDate,<,1311444515,v.VoteTypeId,>,1,v.VoteTypeId,<,4,b.Date,>,1360554485,b.Date,<,1363819203#209
votes v,posts p,badges b,users u#p.Id=v.PostId,u.Id=p.OwnerUserId,u.Id=b.UserId#p.Score,>,22,p.Score,<,142,p.CommentCount,>,0,p.CommentCount,<,26,u.DownVotes,>,335,u.DownVotes,<,1840,v.CreationDate,>,1233890096,v.CreationDate,<,1355745818,v.VoteTypeId,>,4,v.VoteTypeId,<,13,b.Date,>,1295443826,b.Date,<,1359054613#1574
votes v,posts p,badges b,users u#p.Id=v.PostId,u.Id=p.OwnerUserId,u.Id=b.UserId#p.Score,>,-16,p.Score,<,38,p.CommentCount,>,16,p.CommentCount,<,29,u.DownVotes,>,611,u.DownVotes,<,1000,v.CreationDate,>,1306821167,v.CreationDate,<,1337307881,v.VoteTypeId,>,3,v.VoteTypeId,<,14,b.Date,>,1354860688,b.Date,<,1375725020#73
votes v,posts p,badges b,users u#p.Id=v.PostId,u.Id=p.OwnerUserId,u.Id=b.UserId#p.Score,>,-2,p.Score,<,143,p.CommentCount,>,6,p.CommentCount,<,22,u.DownVotes,>,269,u.DownVotes,<,1260,v.CreationDate,>,1258254127,v.CreationDate,<,1407329363,v.VoteTypeId,>,8,v.VoteTypeId,<,14,b.Date,>,1341818095,b.Date,<,1406569053#1485
votes v,posts p,badges b,users u#p.Id=v.PostId,u.Id=p.OwnerUserId,u.Id=b.UserId#p.Score,>,-10,p.Score,<,190,p.CommentCount,>,13,p.CommentCount,<,41,u.DownVotes,>,275,u.DownVotes,<,413,v.CreationDate,>,1268018805,v.CreationDate,<,1340154786,v.VoteTypeId,>,2,v.VoteTypeId,<,7,b.Date,>,1346696536,b.Date,<,1395971880#104
votes v,posts p,badges b,users u#p.Id=v.PostId,u.Id=p.OwnerUserId,u.Id=b.UserId#p.Score,>,-3,p.Score,<,156,p.CommentCount,>,15,p.CommentCount,<,38,u.DownVotes,>,42,u.DownVotes,<,273,v.CreationDate,>,1317752044,v.CreationDate,<,1381136438,v.VoteTypeId,>,6,v.VoteTypeId,<,14,b.Date,>,1363545222,b.Date,<,1368258323#8
votes v,posts p,badges b,users u#p.Id=v.PostId,u.Id=p.OwnerUserId,u.Id=b.UserId#p.Score,>,3,p.Score,<,111,p.CommentCount,>,4,p.CommentCount,<,40,u.DownVotes,>,504,u.DownVotes,<,1679,v.CreationDate,>,1330733321,v.CreationDate,<,1345197024,v.VoteTypeId,>,1,v.VoteTypeId,<,6,b.Date,>,1323365966,b.Date,<,1395139955#87848
votes v,posts p,badges b,users u#p.Id=v.PostId,u.Id=p.OwnerUserId,u.Id=b.UserId#p.Score,>,-10,p.Score,<,134,p.CommentCount,>,0,p.CommentCount,<,12,u.DownVotes,>,524,u.DownVotes,<,1846,v.CreationDate,>,1266094848,v.CreationDate,<,1333136069,v.VoteTypeId,>,5,v.VoteTypeId,<,13,b.Date,>,1310809363,b.Date,<,1327568971#686
votes v,posts p,badges b,users u#p.Id=v.PostId,u.Id=p.OwnerUserId,u.Id=b.UserId#p.Score,>,-8,p.Score,<,105,p.CommentCount,>,9,p.CommentCount,<,22,u.DownVotes,>,668,u.DownVotes,<,1360,v.CreationDate,>,1317994600,v.CreationDate,<,1381850938,v.VoteTypeId,>,1,v.VoteTypeId,<,12,b.Date,>,1378227650,b.Date,<,1385500692#9425
votes v,posts p,badges b,users u#p.Id=v.PostId,u.Id=p.OwnerUserId,u.Id=b.UserId#p.Score,>,-3,p.Score,<,76,p.CommentCount,>,6,p.CommentCount,<,23,u.DownVotes,>,338,u.DownVotes,<,1637,v.CreationDate,>,1242530542,v.CreationDate,<,1368481288,v.VoteTypeId,>,6,v.VoteTypeId,<,14,b.Date,>,1351771847,b.Date,<,1380161559#635
votes v,posts p,badges b,users u#p.Id=v.PostId,u.Id=p.OwnerUserId,u.Id=b.UserId#p.Score,>,34,p.Score,<,105,p.CommentCount,>,10,p.CommentCount,<,27,u.DownVotes,>,360,u.DownVotes,<,1415,v.CreationDate,>,1381412486,v.CreationDate,<,1396530935,v.VoteTypeId,>,1,v.VoteTypeId,<,3,b.Date,>,1284445485,b.Date,<,1399325134#4040
votes v,posts p,badges b,users u#p.Id=v.PostId,u.Id=p.OwnerUserId,u.Id=b.UserId#p.Score,>,0,p.Score,<,33,p.CommentCount,>,5,p.CommentCount,<,9,u.DownVotes,>,681,u.DownVotes,<,1624,v.CreationDate,>,1342070604,v.CreationDate,<,1384136165,v.VoteTypeId,>,1,v.VoteTypeId,<,11,b.Date,>,1332158750,b.Date,<,1362399765#30140
votes v,posts p,badges b,users u#p.Id=v.PostId,u.Id=p.OwnerUserId,u.Id=b.UserId#p.Score,>,-11,p.Score,<,118,p.CommentCount,>,1,p.CommentCount,<,21,u.DownVotes,>,350,u.DownVotes,<,1870,v.CreationDate,>,1338042717,v.CreationDate,<,1372095118,v.VoteTypeId,>,2,v.VoteTypeId,<,10,b.Date,>,1283331368,b.Date,<,1360055499#6629
votes v,posts p,badges b,users u#p.Id=v.PostId,u.Id=p.OwnerUserId,u.Id=b.UserId#p.Score,>,-14,p.Score,<,73,p.CommentCount,>,3,p.CommentCount,<,40,u.DownVotes,>,248,u.DownVotes,<,1327,v.CreationDate,>,1241547860,v.CreationDate,<,1369560549,v.VoteTypeId,>,4,v.VoteTypeId,<,10,b.Date,>,1347226178,b.Date,<,1356444439#1232
votes v,posts p,badges b,users u#p.Id=v.PostId,u.Id=p.OwnerUserId,u.Id=b.UserId#p.Score,>,-2,p.Score,<,94,p.CommentCount,>,9,p.CommentCount,<,27,u.DownVotes,>,194,u.DownVotes,<,1846,v.CreationDate,>,1296214854,v.CreationDate,<,1397272166,v.VoteTypeId,>,2,v.VoteTypeId,<,7,b.Date,>,1326802463,b.Date,<,1349694835#846
votes v,posts p,badges b,users u#p.Id=v.PostId,u.Id=p.OwnerUserId,u.Id=b.UserId#p.Score,>,61,p.Score,<,140,p.CommentCount,>,11,p.CommentCount,<,29,u.DownVotes,>,83,u.DownVotes,<,1803,v.CreationDate,>,1342155699,v.CreationDate,<,1387219849,v.VoteTypeId,>,2,v.VoteTypeId,<,4,b.Date,>,1310634453,b.Date,<,1353512961#97
votes v,posts p,badges b,users u#p.Id=v.PostId,u.Id=p.OwnerUserId,u.Id=b.UserId#p.Score,>,-11,p.Score,<,164,p.CommentCount,>,16,p.CommentCount,<,25,u.DownVotes,>,537,u.DownVotes,<,1420,v.CreationDate,>,1259647320,v.CreationDate,<,1332241233,v.VoteTypeId,>,8,v.VoteTypeId,<,11,b.Date,>,1316594307,b.Date,<,1398169153#310
votes v,posts p,badges b,users u#p.Id=v.PostId,u.Id=p.OwnerUserId,u.Id=b.UserId#p.Score,>,0,p.Score,<,39,p.CommentCount,>,12,p.CommentCount,<,38,u.DownVotes,>,143,u.DownVotes,<,290,v.CreationDate,>,1270293516,v.CreationDate,<,1393634035,v.VoteTypeId,>,1,v.VoteTypeId,<,9,b.Date,>,1334139073,b.Date,<,1347158784#2440
votes v,posts p,badges b,users u#p.Id=v.PostId,u.Id=p.OwnerUserId,u.Id=b.UserId#p.Score,>,5,p.Score,<,187,p.CommentCount,>,8,p.CommentCount,<,28,u.DownVotes,>,234,u.DownVotes,<,1460,v.CreationDate,>,1253488308,v.CreationDate,<,1392176868,v.VoteTypeId,>,1,v.VoteTypeId,<,3,b.Date,>,1369795413,b.Date,<,1389480113#63227
votes v,posts p,badges b,users u#p.Id=v.PostId,u.Id=p.OwnerUserId,u.Id=b.UserId#p.Score,>,13,p.Score,<,185,p.CommentCount,>,13,p.CommentCount,<,44,u.DownVotes,>,407,u.DownVotes,<,627,v.CreationDate,>,1319915934,v.CreationDate,<,1369933533,v.VoteTypeId,>,1,v.VoteTypeId,<,13,b.Date,>,1286646982,b.Date,<,1349448145#3416
votes v,posts p,badges b,users u#p.Id=v.PostId,u.Id=p.OwnerUserId,u.Id=b.UserId#p.Score,>,8,p.Score,<,83,p.CommentCount,>,29,p.CommentCount,<,42,u.DownVotes,>,11,u.DownVotes,<,737,v.CreationDate,>,1334863623,v.CreationDate,<,1392525269,v.VoteTypeId,>,2,v.VoteTypeId,<,11,b.Date,>,1401853189,b.Date,<,1408655936#7
votes v,posts p,badges b,users u#p.Id=v.PostId,u.Id=p.OwnerUserId,u.Id=b.UserId#p.Score,>,53,p.Score,<,102,p.CommentCount,>,9,p.CommentCount,<,35,u.DownVotes,>,78,u.DownVotes,<,135,v.CreationDate,>,1335396082,v.CreationDate,<,1400605346,v.VoteTypeId,>,2,v.VoteTypeId,<,15,b.Date,>,1344799501,b.Date,<,1365416280#57
votes v,posts p,badges b,users u#p.Id=v.PostId,u.Id=p.OwnerUserId,u.Id=b.UserId#p.Score,>,23,p.Score,<,115,p.CommentCount,>,2,p.CommentCount,<,24,u.DownVotes,>,373,u.DownVotes,<,1388,v.CreationDate,>,1378860553,v.CreationDate,<,1393868268,v.VoteTypeId,>,3,v.VoteTypeId,<,9,b.Date,>,1312210853,b.Date,<,1321466396#93
votes v,posts p,badges b,users u#p.Id=v.PostId,u.Id=p.OwnerUserId,u.Id=b.UserId#p.Score,>,-3,p.Score,<,111,p.CommentCount,>,7,p.CommentCount,<,18,u.DownVotes,>,47,u.DownVotes,<,1681,v.CreationDate,>,1244608504,v.CreationDate,<,1324194617,v.VoteTypeId,>,6,v.VoteTypeId,<,9,b.Date,>,1346350157,b.Date,<,1410078577#53
votes v,posts p,badges b,users u#p.Id=v.PostId,u.Id=p.OwnerUserId,u.Id=b.UserId#p.Score,>,-1,p.Score,<,173,p.CommentCount,>,17,p.CommentCount,<,43,u.DownVotes,>,338,u.DownVotes,<,1170,v.CreationDate,>,1260768581,v.CreationDate,<,1392853716,v.VoteTypeId,>,8,v.VoteTypeId,<,10,b.Date,>,1357790446,b.Date,<,1387791361#107
votes v,posts p,badges b,users u#p.Id=v.PostId,u.Id=p.OwnerUserId,u.Id=b.UserId#p.Score,>,-6,p.Score,<,52,p.CommentCount,>,4,p.CommentCount,<,27,u.DownVotes,>,221,u.DownVotes,<,1829,v.CreationDate,>,1331724278,v.CreationDate,<,1395473263,v.VoteTypeId,>,6,v.VoteTypeId,<,11,b.Date,>,1361008003,b.Date,<,1399018050#740
votes v,posts p,badges b,users u#p.Id=v.PostId,u.Id=p.OwnerUserId,u.Id=b.UserId#p.Score,>,7,p.Score,<,94,p.CommentCount,>,1,p.CommentCount,<,31,u.DownVotes,>,154,u.DownVotes,<,438,v.CreationDate,>,1276271288,v.CreationDate,<,1311459899,v.VoteTypeId,>,4,v.VoteTypeId,<,13,b.Date,>,1282751034,b.Date,<,1340476364#2526
votes v,posts p,badges b,users u#p.Id=v.PostId,u.Id=p.OwnerUserId,u.Id=b.UserId#p.Score,>,51,p.Score,<,80,p.CommentCount,>,2,p.CommentCount,<,32,u.DownVotes,>,611,u.DownVotes,<,1899,v.CreationDate,>,1308245496,v.CreationDate,<,1399128886,v.VoteTypeId,>,2,v.VoteTypeId,<,11,b.Date,>,1329848348,b.Date,<,1350389087#206
votes v,posts p,badges b,users u#p.Id=v.PostId,u.Id=p.OwnerUserId,u.Id=b.UserId#p.Score,>,4,p.Score,<,139,p.CommentCount,>,13,p.CommentCount,<,33,u.DownVotes,>,714,u.DownVotes,<,967,v.CreationDate,>,1295008661,v.CreationDate,<,1337448585,v.VoteTypeId,>,2,v.VoteTypeId,<,14,b.Date,>,1304709192,b.Date,<,1408755308#392
votes v,posts p,badges b,users u#p.Id=v.PostId,u.Id=p.OwnerUserId,u.Id=b.UserId#p.Score,>,22,p.Score,<,175,p.CommentCount,>,10,p.CommentCount,<,18,u.DownVotes,>,170,u.DownVotes,<,1809,v.CreationDate,>,1295491386,v.CreationDate,<,1370839525,v.VoteTypeId,>,1,v.VoteTypeId,<,13,b.Date,>,1389692511,b.Date,<,1401229453#11230
votes v,posts p,badges b,users u#p.Id=v.PostId,u.Id=p.OwnerUserId,u.Id=b.UserId#p.Score,>,72,p.Score,<,131,p.CommentCount,>,0,p.CommentCount,<,10,u.DownVotes,>,30,u.DownVotes,<,1888,v.CreationDate,>,1344593579,v.CreationDate,<,1368505014,v.VoteTypeId,>,2,v.VoteTypeId,<,6,b.Date,>,1370622990,b.Date,<,1394263381#210
votes v,posts p,badges b,users u#p.Id=v.PostId,u.Id=p.OwnerUserId,u.Id=b.UserId#p.Score,>,-12,p.Score,<,125,p.CommentCount,>,0,p.CommentCount,<,22,u.DownVotes,>,287,u.DownVotes,<,1509,v.CreationDate,>,1367034359,v.CreationDate,<,1373515635,v.VoteTypeId,>,3,v.VoteTypeId,<,7,b.Date,>,1281966589,b.Date,<,1396034631#828
votes v,posts p,badges b,users u#p.Id=v.PostId,u.Id=p.OwnerUserId,u.Id=b.UserId#p.Score,>,91,p.Score,<,163,p.CommentCount,>,2,p.CommentCount,<,8,u.DownVotes,>,31,u.DownVotes,<,1419,v.CreationDate,>,1286875736,v.CreationDate,<,1379333482,v.VoteTypeId,>,1,v.VoteTypeId,<,4,b.Date,>,1323864727,b.Date,<,1364807601#7079
votes v,posts p,badges b,users u#p.Id=v.PostId,u.Id=p.OwnerUserId,u.Id=b.UserId#p.Score,>,-3,p.Score,<,15,p.CommentCount,>,6,p.CommentCount,<,9,u.DownVotes,>,659,u.DownVotes,<,1266,v.CreationDate,>,1314125159,v.CreationDate,<,1385108075,v.VoteTypeId,>,2,v.VoteTypeId,<,6,b.Date,>,1406813279,b.Date,<,1410514364#54
votes v,posts p,badges b,users u#p.Id=v.PostId,u.Id=p.OwnerUserId,u.Id=b.UserId#p.Score,>,13,p.Score,<,122,p.CommentCount,>,12,p.CommentCount,<,14,u.DownVotes,>,137,u.DownVotes,<,1173,v.CreationDate,>,1244570125,v.CreationDate,<,1394044062,v.VoteTypeId,>,1,v.VoteTypeId,<,8,b.Date,>,1305630756,b.Date,<,1325572785#814
votes v,posts p,badges b,users u#p.Id=v.PostId,u.Id=p.OwnerUserId,u.Id=b.UserId#p.Score,>,31,p.Score,<,139,p.CommentCount,>,5,p.CommentCount,<,21,u.DownVotes,>,65,u.DownVotes,<,1079,v.CreationDate,>,1285623248,v.CreationDate,<,1403324457,v.VoteTypeId,>,1,v.VoteTypeId,<,9,b.Date,>,1371950231,b.Date,<,1400133889#147225
votes v,posts p,badges b,users u#p.Id=v.PostId,u.Id=p.OwnerUserId,u.Id=b.UserId#p.Score,>,0,p.Score,<,173,p.CommentCount,>,7,p.CommentCount,<,25,u.DownVotes,>,73,u.DownVotes,<,825,v.CreationDate,>,1312632156,v.CreationDate,<,1345821186,v.VoteTypeId,>,4,v.VoteTypeId,<,10,b.Date,>,1350811167,b.Date,<,1371834070#563
votes v,posts p,badges b,users u#p.Id=v.PostId,u.Id=p.OwnerUserId,u.Id=b.UserId#p.Score,>,43,p.Score,<,71,p.CommentCount,>,14,p.CommentCount,<,30,u.DownVotes,>,89,u.DownVotes,<,1571,v.CreationDate,>,1237038009,v.CreationDate,<,1316402087,v.VoteTypeId,>,1,v.VoteTypeId,<,8,b.Date,>,1345702666,b.Date,<,1357738616#168
votes v,posts p,badges b,users u#p.Id=v.PostId,u.Id=p.OwnerUserId,u.Id=b.UserId#p.Score,>,0,p.Score,<,156,p.CommentCount,>,9,p.CommentCount,<,14,u.DownVotes,>,255,u.DownVotes,<,1862,v.CreationDate,>,1285570188,v.CreationDate,<,1365892582,v.VoteTypeId,>,7,v.VoteTypeId,<,13,b.Date,>,1347652399,b.Date,<,1397212948#391
votes v,posts p,badges b,users u#p.Id=v.PostId,u.Id=p.OwnerUserId,u.Id=b.UserId#p.Score,>,27,p.Score,<,148,p.CommentCount,>,4,p.CommentCount,<,32,u.DownVotes,>,88,u.DownVotes,<,501,v.CreationDate,>,1241188837,v.CreationDate,<,1319756296,v.VoteTypeId,>,3,v.VoteTypeId,<,13,b.Date,>,1358903011,b.Date,<,1370973254#11
votes v,posts p,badges b,users u#p.Id=v.PostId,u.Id=p.OwnerUserId,u.Id=b.UserId#p.Score,>,65,p.Score,<,154,p.CommentCount,>,8,p.CommentCount,<,29,u.DownVotes,>,237,u.DownVotes,<,1385,v.CreationDate,>,1299058224,v.CreationDate,<,1353317488,v.VoteTypeId,>,1,v.VoteTypeId,<,5,b.Date,>,1297361886,b.Date,<,1359527370#29670
votes v,posts p,badges b,users u#p.Id=v.PostId,u.Id=p.OwnerUserId,u.Id=b.UserId#p.Score,>,8,p.Score,<,117,p.CommentCount,>,10,p.CommentCount,<,36,u.DownVotes,>,175,u.DownVotes,<,476,v.CreationDate,>,1317698253,v.CreationDate,<,1377991654,v.VoteTypeId,>,10,v.VoteTypeId,<,15,b.Date,>,1350108267,b.Date,<,1386705183#28
votes v,posts p,badges b,users u#p.Id=v.PostId,u.Id=p.OwnerUserId,u.Id=b.UserId#p.Score,>,16,p.Score,<,79,p.CommentCount,>,5,p.CommentCount,<,44,u.DownVotes,>,191,u.DownVotes,<,1305,v.CreationDate,>,1309471006,v.CreationDate,<,1386691278,v.VoteTypeId,>,3,v.VoteTypeId,<,12,b.Date,>,1305429322,b.Date,<,1385290517#4562
votes v,posts p,badges b,users u#p.Id=v.PostId,u.Id=p.OwnerUserId,u.Id=b.UserId#p.Score,>,-16,p.Score,<,175,p.CommentCount,>,6,p.CommentCount,<,8,u.DownVotes,>,38,u.DownVotes,<,828,v.CreationDate,>,1255051928,v.CreationDate,<,1386405193,v.VoteTypeId,>,7,v.VoteTypeId,<,14,b.Date,>,1321554056,b.Date,<,1348827329#445
votes v,posts p,badges b,users u#p.Id=v.PostId,u.Id=p.OwnerUserId,u.Id=b.UserId#p.Score,>,-3,p.Score,<,116,p.CommentCount,>,0,p.CommentCount,<,18,u.DownVotes,>,427,u.DownVotes,<,1256,v.CreationDate,>,1369156580,v.CreationDate,<,1390371192,v.VoteTypeId,>,6,v.VoteTypeId,<,15,b.Date,>,1314186578,b.Date,<,1409769569#368
votes v,posts p,badges b,users u#p.Id=v.PostId,u.Id=p.OwnerUserId,u.Id=b.UserId#p.Score,>,28,p.Score,<,184,p.CommentCount,>,1,p.CommentCount,<,36,u.DownVotes,>,406,u.DownVotes,<,1805,v.CreationDate,>,1322793651,v.CreationDate,<,1328840569,v.VoteTypeId,>,1,v.VoteTypeId,<,14,b.Date,>,1338100845,b.Date,<,1382263578#7995
votes v,posts p,badges b,users u#p.Id=v.PostId,u.Id=p.OwnerUserId,u.Id=b.UserId#p.Score,>,8,p.Score,<,78,p.CommentCount,>,11,p.CommentCount,<,24,u.DownVotes,>,58,u.DownVotes,<,1632,v.CreationDate,>,1308782455,v.CreationDate,<,1337167997,v.VoteTypeId,>,1,v.VoteTypeId,<,14,b.Date,>,1298877762,b.Date,<,1409672025#30514
votes v,posts p,badges b,users u#p.Id=v.PostId,u.Id=p.OwnerUserId,u.Id=b.UserId#p.Score,>,110,p.Score,<,185,p.CommentCount,>,4,p.CommentCount,<,37,u.DownVotes,>,587,u.DownVotes,<,1472,v.CreationDate,>,1257499175,v.CreationDate,<,1378957475,v.VoteTypeId,>,1,v.VoteTypeId,<,6,b.Date,>,1310007239,b.Date,<,1397289025#29430
votes v,posts p,badges b,users u#p.Id=v.PostId,u.Id=p.OwnerUserId,u.Id=b.UserId#p.Score,>,0,p.Score,<,171,p.CommentCount,>,18,p.CommentCount,<,38,u.DownVotes,>,293,u.DownVotes,<,1239,v.CreationDate,>,1311477645,v.CreationDate,<,1400801805,v.VoteTypeId,>,2,v.VoteTypeId,<,12,b.Date,>,1326335094,b.Date,<,1407434554#159
votes v,posts p,badges b,users u#p.Id=v.PostId,u.Id=p.OwnerUserId,u.Id=b.UserId#p.Score,>,-10,p.Score,<,106,p.CommentCount,>,5,p.CommentCount,<,21,u.DownVotes,>,305,u.DownVotes,<,1349,v.CreationDate,>,1324341174,v.CreationDate,<,1327114094,v.VoteTypeId,>,2,v.VoteTypeId,<,15,b.Date,>,1299014767,b.Date,<,1312037504#12
votes v,posts p,badges b,users u#p.Id=v.PostId,u.Id=p.OwnerUserId,u.Id=b.UserId#p.Score,>,42,p.Score,<,99,p.CommentCount,>,3,p.CommentCount,<,29,u.DownVotes,>,12,u.DownVotes,<,187,v.CreationDate,>,1300057640,v.CreationDate,<,1365268938,v.VoteTypeId,>,2,v.VoteTypeId,<,5,b.Date,>,1295710456,b.Date,<,1360571055#75
votes v,posts p,badges b,users u#p.Id=v.PostId,u.Id=p.OwnerUserId,u.Id=b.UserId#p.Score,>,72,p.Score,<,151,p.CommentCount,>,5,p.CommentCount,<,35,u.DownVotes,>,274,u.DownVotes,<,1775,v.CreationDate,>,1374885128,v.CreationDate,<,1409487141,v.VoteTypeId,>,1,v.VoteTypeId,<,8,b.Date,>,1315657524,b.Date,<,1397683401#23175
votes v,posts p,badges b,users u#p.Id=v.PostId,u.Id=p.OwnerUserId,u.Id=b.UserId#p.Score,>,-16,p.Score,<,165,p.CommentCount,>,5,p.CommentCount,<,19,u.DownVotes,>,71,u.DownVotes,<,1211,v.CreationDate,>,1363746083,v.CreationDate,<,1402218414,v.VoteTypeId,>,4,v.VoteTypeId,<,13,b.Date,>,1295438553,b.Date,<,1322438930#1423
votes v,posts p,badges b,users u#p.Id=v.PostId,u.Id=p.OwnerUserId,u.Id=b.UserId#p.Score,>,13,p.Score,<,141,p.CommentCount,>,7,p.CommentCount,<,43,u.DownVotes,>,200,u.DownVotes,<,1800,v.CreationDate,>,1326024435,v.CreationDate,<,1364873165,v.VoteTypeId,>,5,v.VoteTypeId,<,10,b.Date,>,1369979835,b.Date,<,1407567306#32
votes v,posts p,badges b,users u#p.Id=v.PostId,u.Id=p.OwnerUserId,u.Id=b.UserId#p.Score,>,9,p.Score,<,173,p.CommentCount,>,3,p.CommentCount,<,38,u.DownVotes,>,746,u.DownVotes,<,1601,v.CreationDate,>,1324348679,v.CreationDate,<,1376340808,v.VoteTypeId,>,1,v.VoteTypeId,<,11,b.Date,>,1337142970,b.Date,<,1390869494#209502
votes v,posts p,badges b,users u#p.Id=v.PostId,u.Id=p.OwnerUserId,u.Id=b.UserId#p.Score,>,-13,p.Score,<,39,p.CommentCount,>,26,p.CommentCount,<,42,u.DownVotes,>,297,u.DownVotes,<,529,v.CreationDate,>,1333167659,v.CreationDate,<,1391632811,v.VoteTypeId,>,1,v.VoteTypeId,<,9,b.Date,>,1290371977,b.Date,<,1370762416#1872
votes v,posts p,badges b,users u#p.Id=v.PostId,u.Id=p.OwnerUserId,u.Id=b.UserId#p.Score,>,-6,p.Score,<,69,p.CommentCount,>,2,p.CommentCount,<,28,u.DownVotes,>,335,u.DownVotes,<,557,v.CreationDate,>,1286416885,v.CreationDate,<,1337964931,v.VoteTypeId,>,1,v.VoteTypeId,<,12,b.Date,>,1379021872,b.Date,<,1396333863#5058
votes v,posts p,badges b,users u#p.Id=v.PostId,u.Id=p.OwnerUserId,u.Id=b.UserId#p.Score,>,-13,p.Score,<,118,p.CommentCount,>,0,p.CommentCount,<,2,u.DownVotes,>,365,u.DownVotes,<,1875,v.CreationDate,>,1254050332,v.CreationDate,<,1350152627,v.VoteTypeId,>,8,v.VoteTypeId,<,10,b.Date,>,1332669104,b.Date,<,1351164460#198
votes v,posts p,badges b,users u#p.Id=v.PostId,u.Id=p.OwnerUserId,u.Id=b.UserId#p.Score,>,45,p.Score,<,94,p.CommentCount,>,2,p.CommentCount,<,33,u.DownVotes,>,511,u.DownVotes,<,1270,v.CreationDate,>,1349021605,v.CreationDate,<,1410425572,v.VoteTypeId,>,2,v.VoteTypeId,<,4,b.Date,>,1373496490,b.Date,<,1399524831#115
votes v,posts p,badges b,users u#p.Id=v.PostId,u.Id=p.OwnerUserId,u.Id=b.UserId#p.Score,>,-2,p.Score,<,8,p.CommentCount,>,6,p.CommentCount,<,21,u.DownVotes,>,338,u.DownVotes,<,1196,v.CreationDate,>,1239459742,v.CreationDate,<,1394118609,v.VoteTypeId,>,2,v.VoteTypeId,<,11,b.Date,>,1339598735,b.Date,<,1349357397#797
votes v,posts p,badges b,users u#p.Id=v.PostId,u.Id=p.OwnerUserId,u.Id=b.UserId#p.Score,>,133,p.Score,<,187,p.CommentCount,>,2,p.CommentCount,<,17,u.DownVotes,>,28,u.DownVotes,<,560,v.CreationDate,>,1248767270,v.CreationDate,<,1354481863,v.VoteTypeId,>,1,v.VoteTypeId,<,15,b.Date,>,1305901725,b.Date,<,1366040707#10886
votes v,posts p,badges b,users u#p.Id=v.PostId,u.Id=p.OwnerUserId,u.Id=b.UserId#p.Score,>,8,p.Score,<,174,p.CommentCount,>,4,p.CommentCount,<,41,u.DownVotes,>,88,u.DownVotes,<,1408,v.CreationDate,>,1261417369,v.CreationDate,<,1294555513,v.VoteTypeId,>,7,v.VoteTypeId,<,10,b.Date,>,1312820048,b.Date,<,1375643773#525
votes v,posts p,badges b,users u#p.Id=v.PostId,u.Id=p.OwnerUserId,u.Id=b.UserId#p.Score,>,0,p.Score,<,175,p.CommentCount,>,2,p.CommentCount,<,41,u.DownVotes,>,531,u.DownVotes,<,1204,v.CreationDate,>,1349067308,v.CreationDate,<,1364159299,v.VoteTypeId,>,8,v.VoteTypeId,<,13,b.Date,>,1299077635,b.Date,<,1388123931#632
votes v,posts p,badges b,users u#p.Id=v.PostId,u.Id=p.OwnerUserId,u.Id=b.UserId#p.Score,>,-13,p.Score,<,19,p.CommentCount,>,17,p.CommentCount,<,29,u.DownVotes,>,188,u.DownVotes,<,1719,v.CreationDate,>,1302846025,v.CreationDate,<,1322964362,v.VoteTypeId,>,2,v.VoteTypeId,<,10,b.Date,>,1326381665,b.Date,<,1383833633#223
votes v,posts p,badges b,users u#p.Id=v.PostId,u.Id=p.OwnerUserId,u.Id=b.UserId#p.Score,>,-16,p.Score,<,117,p.CommentCount,>,2,p.CommentCount,<,25,u.DownVotes,>,444,u.DownVotes,<,1797,v.CreationDate,>,1263952943,v.CreationDate,<,1324584246,v.VoteTypeId,>,1,v.VoteTypeId,<,7,b.Date,>,1303049861,b.Date,<,1332846717#101790
votes v,posts p,badges b,users u#p.Id=v.PostId,u.Id=p.OwnerUserId,u.Id=b.UserId#p.Score,>,2,p.Score,<,56,p.CommentCount,>,33,p.CommentCount,<,41,u.DownVotes,>,370,u.DownVotes,<,717,v.CreationDate,>,1273373326,v.CreationDate,<,1374113894,v.VoteTypeId,>,1,v.VoteTypeId,<,15,b.Date,>,1346443401,b.Date,<,1406645941#806
votes v,posts p,badges b,users u#p.Id=v.PostId,u.Id=p.OwnerUserId,u.Id=b.UserId#p.Score,>,-9,p.Score,<,69,p.CommentCount,>,17,p.CommentCount,<,26,u.DownVotes,>,8,u.DownVotes,<,1163,v.CreationDate,>,1276536649,v.CreationDate,<,1359478348,v.VoteTypeId,>,2,v.VoteTypeId,<,4,b.Date,>,1344554079,b.Date,<,1360229374#60
votes v,posts p,badges b,users u#p.Id=v.PostId,u.Id=p.OwnerUserId,u.Id=b.UserId#p.Score,>,-17,p.Score,<,140,p.CommentCount,>,0,p.CommentCount,<,9,u.DownVotes,>,255,u.DownVotes,<,1731,v.CreationDate,>,1266486957,v.CreationDate,<,1305186602,v.VoteTypeId,>,7,v.VoteTypeId,<,11,b.Date,>,1288796443,b.Date,<,1294651562#84
votes v,posts p,badges b,users u#p.Id=v.PostId,u.Id=p.OwnerUserId,u.Id=b.UserId#p.Score,>,76,p.Score,<,159,p.CommentCount,>,4,p.CommentCount,<,27,u.DownVotes,>,647,u.DownVotes,<,1353,v.CreationDate,>,1301761448,v.CreationDate,<,1404123793,v.VoteTypeId,>,1,v.VoteTypeId,<,8,b.Date,>,1326439897,b.Date,<,1345611562#15708
votes v,posts p,badges b,users u#p.Id=v.PostId,u.Id=p.OwnerUserId,u.Id=b.UserId#p.Score,>,-12,p.Score,<,51,p.CommentCount,>,14,p.CommentCount,<,29,u.DownVotes,>,321,u.DownVotes,<,1116,v.CreationDate,>,1249408574,v.CreationDate,<,1352246423,v.VoteTypeId,>,1,v.VoteTypeId,<,4,b.Date,>,1370816962,b.Date,<,1384827787#5154
votes v,posts p,badges b,users u#p.Id=v.PostId,u.Id=p.OwnerUserId,u.Id=b.UserId#p.Score,>,-10,p.Score,<,54,p.CommentCount,>,3,p.CommentCount,<,11,u.DownVotes,>,589,u.DownVotes,<,1356,v.CreationDate,>,1326715371,v.CreationDate,<,1345028110,v.VoteTypeId,>,1,v.VoteTypeId,<,6,b.Date,>,1291383610,b.Date,<,1374336476#98956
votes v,posts p,badges b,users u#p.Id=v.PostId,u.Id=p.OwnerUserId,u.Id=b.UserId#p.Score,>,33,p.Score,<,143,p.CommentCount,>,6,p.CommentCount,<,32,u.DownVotes,>,32,u.DownVotes,<,243,v.CreationDate,>,1261654325,v.CreationDate,<,1316690583,v.VoteTypeId,>,2,v.VoteTypeId,<,11,b.Date,>,1301349138,b.Date,<,1325491251#426
votes v,posts p,badges b,users u#p.Id=v.PostId,u.Id=p.OwnerUserId,u.Id=b.UserId#p.Score,>,41,p.Score,<,189,p.CommentCount,>,3,p.CommentCount,<,38,u.DownVotes,>,43,u.DownVotes,<,1012,v.CreationDate,>,1255410467,v.CreationDate,<,1388573331,v.VoteTypeId,>,4,v.VoteTypeId,<,9,b.Date,>,1292110859,b.Date,<,1385881889#9575
votes v,posts p,badges b,users u#p.Id=v.PostId,u.Id=p.OwnerUserId,u.Id=b.UserId#p.Score,>,28,p.Score,<,52,p.CommentCount,>,2,p.CommentCount,<,28,u.DownVotes,>,693,u.DownVotes,<,1451,v.CreationDate,>,1238398501,v.CreationDate,<,1352058324,v.VoteTypeId,>,1,v.VoteTypeId,<,13,b.Date,>,1339236089,b.Date,<,1404790867#61600
votes v,posts p,badges b,users u#p.Id=v.PostId,u.Id=p.OwnerUserId,u.Id=b.UserId#p.Score,>,32,p.Score,<,131,p.CommentCount,>,2,p.CommentCount,<,30,u.DownVotes,>,612,u.DownVotes,<,1095,v.CreationDate,>,1234468984,v.CreationDate,<,1384453723,v.VoteTypeId,>,1,v.VoteTypeId,<,10,b.Date,>,1350326877,b.Date,<,1375588228#67408
votes v,posts p,badges b,users u#p.Id=v.PostId,u.Id=p.OwnerUserId,u.Id=b.UserId#p.Score,>,23,p.Score,<,129,p.CommentCount,>,0,p.CommentCount,<,29,u.DownVotes,>,27,u.DownVotes,<,655,v.CreationDate,>,1272782546,v.CreationDate,<,1404780621,v.VoteTypeId,>,1,v.VoteTypeId,<,12,b.Date,>,1373618145,b.Date,<,1385048395#83609
votes v,posts p,badges b,users u#p.Id=v.PostId,u.Id=p.OwnerUserId,u.Id=b.UserId#p.Score,>,-16,p.Score,<,173,p.CommentCount,>,3,p.CommentCount,<,44,u.DownVotes,>,288,u.DownVotes,<,1836,v.CreationDate,>,1242473333,v.CreationDate,<,1335215609,v.VoteTypeId,>,4,v.VoteTypeId,<,15,b.Date,>,1339257124,b.Date,<,1392567945#4035
votes v,posts p,badges b,users u#p.Id=v.PostId,u.Id=p.OwnerUserId,u.Id=b.UserId#p.Score,>,-7,p.Score,<,76,p.CommentCount,>,11,p.CommentCount,<,36,u.DownVotes,>,223,u.DownVotes,<,1257,v.CreationDate,>,1234652902,v.CreationDate,<,1378173296,v.VoteTypeId,>,3,v.VoteTypeId,<,13,b.Date,>,1320107685,b.Date,<,1349187012#541
votes v,posts p,badges b,users u#p.Id=v.PostId,u.Id=p.OwnerUserId,u.Id=b.UserId#p.Score,>,23,p.Score,<,146,p.CommentCount,>,1,p.CommentCount,<,15,u.DownVotes,>,375,u.DownVotes,<,1685,v.CreationDate,>,1258689940,v.CreationDate,<,1356947959,v.VoteTypeId,>,2,v.VoteTypeId,<,14,b.Date,>,1332238283,b.Date,<,1350332633#970
votes v,posts p,badges b,users u#p.Id=v.PostId,u.Id=p.OwnerUserId,u.Id=b.UserId#p.Score,>,2,p.Score,<,175,p.CommentCount,>,8,p.CommentCount,<,24,u.DownVotes,>,68,u.DownVotes,<,491,v.CreationDate,>,1365120574,v.CreationDate,<,1387841300,v.VoteTypeId,>,8,v.VoteTypeId,<,10,b.Date,>,1374758378,b.Date,<,1382797365#34
votes v,posts p,badges b,users u#p.Id=v.PostId,u.Id=p.OwnerUserId,u.Id=b.UserId#p.Score,>,49,p.Score,<,94,p.CommentCount,>,2,p.CommentCount,<,35,u.DownVotes,>,25,u.DownVotes,<,1136,v.CreationDate,>,1287652405,v.CreationDate,<,1303388884,v.VoteTypeId,>,1,v.VoteTypeId,<,9,b.Date,>,1357361806,b.Date,<,1409063841#10467
votes v,posts p,badges b,users u#p.Id=v.PostId,u.Id=p.OwnerUserId,u.Id=b.UserId#p.Score,>,-9,p.Score,<,141,p.CommentCount,>,0,p.CommentCount,<,40,u.DownVotes,>,404,u.DownVotes,<,968,v.CreationDate,>,1277083003,v.CreationDate,<,1324451349,v.VoteTypeId,>,1,v.VoteTypeId,<,13,b.Date,>,1334537510,b.Date,<,1387008972#508670
votes v,posts p,badges b,users u#p.Id=v.PostId,u.Id=p.OwnerUserId,u.Id=b.UserId#p.Score,>,23,p.Score,<,60,p.CommentCount,>,15,p.CommentCount,<,34,u.DownVotes,>,145,u.DownVotes,<,1540,v.CreationDate,>,1266806296,v.CreationDate,<,1327467207,v.VoteTypeId,>,3,v.VoteTypeId,<,14,b.Date,>,1294849993,b.Date,<,1407411063#139
votes v,posts p,badges b,users u#p.Id=v.PostId,u.Id=p.OwnerUserId,u.Id=b.UserId#p.Score,>,6,p.Score,<,52,p.CommentCount,>,12,p.CommentCount,<,44,u.DownVotes,>,728,u.DownVotes,<,1822,v.CreationDate,>,1284038592,v.CreationDate,<,1343496408,v.VoteTypeId,>,1,v.VoteTypeId,<,7,b.Date,>,1330923545,b.Date,<,1341843243#5487
votes v,posts p,badges b,users u#p.Id=v.PostId,u.Id=p.OwnerUserId,u.Id=b.UserId#p.Score,>,-1,p.Score,<,77,p.CommentCount,>,5,p.CommentCount,<,26,u.DownVotes,>,456,u.DownVotes,<,1285,v.CreationDate,>,1291641338,v.CreationDate,<,1354087111,v.VoteTypeId,>,4,v.VoteTypeId,<,7,b.Date,>,1327404861,b.Date,<,1371603295#2197
votes v,posts p,badges b,users u#p.Id=v.PostId,u.Id=p.OwnerUserId,u.Id=b.UserId#p.Score,>,51,p.Score,<,140,p.CommentCount,>,4,p.CommentCount,<,19,u.DownVotes,>,233,u.DownVotes,<,1414,v.CreationDate,>,1358086587,v.CreationDate,<,1380237779,v.VoteTypeId,>,1,v.VoteTypeId,<,5,b.Date,>,1336073995,b.Date,<,1383647555#18450
votes v,posts p,badges b,users u#p.Id=v.PostId,u.Id=p.OwnerUserId,u.Id=b.UserId#p.Score,>,48,p.Score,<,166,p.CommentCount,>,0,p.CommentCount,<,39,u.DownVotes,>,87,u.DownVotes,<,911,v.CreationDate,>,1382692108,v.CreationDate,<,1407453507,v.VoteTypeId,>,4,v.VoteTypeId,<,12,b.Date,>,1302201484,b.Date,<,1310964087#86
votes v,posts p,badges b,users u#p.Id=v.PostId,u.Id=p.OwnerUserId,u.Id=b.UserId#p.Score,>,109,p.Score,<,179,p.CommentCount,>,5,p.CommentCount,<,29,u.DownVotes,>,40,u.DownVotes,<,750,v.CreationDate,>,1357105557,v.CreationDate,<,1386342159,v.VoteTypeId,>,1,v.VoteTypeId,<,9,b.Date,>,1390875759,b.Date,<,1394494063#858
votes v,posts p,badges b,users u#p.Id=v.PostId,u.Id=p.OwnerUserId,u.Id=b.UserId#p.Score,>,22,p.Score,<,126,p.CommentCount,>,13,p.CommentCount,<,30,u.DownVotes,>,175,u.DownVotes,<,506,v.CreationDate,>,1279554307,v.CreationDate,<,1367503369,v.VoteTypeId,>,2,v.VoteTypeId,<,13,b.Date,>,1295173182,b.Date,<,1338083079#60
votes v,posts p,badges b,users u#p.Id=v.PostId,u.Id=p.OwnerUserId,u.Id=b.UserId#p.Score,>,104,p.Score,<,188,p.CommentCount,>,10,p.CommentCount,<,21,u.DownVotes,>,575,u.DownVotes,<,1070,v.CreationDate,>,1342046935,v.CreationDate,<,1376110454,v.VoteTypeId,>,1,v.VoteTypeId,<,11,b.Date,>,1329691677,b.Date,<,1405404249#9952
votes v,posts p,badges b,users u#p.Id=v.PostId,u.Id=p.OwnerUserId,u.Id=b.UserId#p.Score,>,54,p.Score,<,99,p.CommentCount,>,10,p.CommentCount,<,30,u.DownVotes,>,540,u.DownVotes,<,1458,v.CreationDate,>,1334392516,v.CreationDate,<,1344892778,v.VoteTypeId,>,1,v.VoteTypeId,<,10,b.Date,>,1318095557,b.Date,<,1331043372#1056
votes v,posts p,badges b,users u#p.Id=v.PostId,u.Id=p.OwnerUserId,u.Id=b.UserId#p.Score,>,-10,p.Score,<,84,p.CommentCount,>,3,p.CommentCount,<,26,u.DownVotes,>,548,u.DownVotes,<,1261,v.CreationDate,>,1249132892,v.CreationDate,<,1387521469,v.VoteTypeId,>,8,v.VoteTypeId,<,12,b.Date,>,1362936820,b.Date,<,1370384335#180
votes v,posts p,badges b,users u#p.Id=v.PostId,u.Id=p.OwnerUserId,u.Id=b.UserId#p.Score,>,-9,p.Score,<,151,p.CommentCount,>,1,p.CommentCount,<,10,u.DownVotes,>,71,u.DownVotes,<,207,v.CreationDate,>,1261320654,v.CreationDate,<,1294093014,v.VoteTypeId,>,5,v.VoteTypeId,<,14,b.Date,>,1345236877,b.Date,<,1363400326#75
votes v,posts p,badges b,users u#p.Id=v.PostId,u.Id=p.OwnerUserId,u.Id=b.UserId#p.Score,>,25,p.Score,<,189,p.CommentCount,>,9,p.CommentCount,<,18,u.DownVotes,>,82,u.DownVotes,<,128,v.CreationDate,>,1333771081,v.CreationDate,<,1360552339,v.VoteTypeId,>,3,v.VoteTypeId,<,12,b.Date,>,1338364540,b.Date,<,1359813747#69
votes v,posts p,badges b,users u#p.Id=v.PostId,u.Id=p.OwnerUserId,u.Id=b.UserId#p.Score,>,46,p.Score,<,89,p.CommentCount,>,1,p.CommentCount,<,15,u.DownVotes,>,39,u.DownVotes,<,489,v.CreationDate,>,1240934824,v.CreationDate,<,1376593492,v.VoteTypeId,>,2,v.VoteTypeId,<,11,b.Date,>,1339570434,b.Date,<,1355002553#4802
votes v,posts p,badges b,users u#p.Id=v.PostId,u.Id=p.OwnerUserId,u.Id=b.UserId#p.Score,>,11,p.Score,<,58,p.CommentCount,>,1,p.CommentCount,<,27,u.DownVotes,>,610,u.DownVotes,<,936,v.CreationDate,>,1315328295,v.CreationDate,<,1365469411,v.VoteTypeId,>,1,v.VoteTypeId,<,11,b.Date,>,1400249886,b.Date,<,1409054136#25327
votes v,posts p,badges b,users u#p.Id=v.PostId,u.Id=p.OwnerUserId,u.Id=b.UserId#p.Score,>,17,p.Score,<,69,p.CommentCount,>,6,p.CommentCount,<,30,u.DownVotes,>,132,u.DownVotes,<,1719,v.CreationDate,>,1361800334,v.CreationDate,<,1400464230,v.VoteTypeId,>,5,v.VoteTypeId,<,12,b.Date,>,1389608265,b.Date,<,1395467949#117
votes v,posts p,badges b,users u#p.Id=v.PostId,u.Id=p.OwnerUserId,u.Id=b.UserId#p.Score,>,45,p.Score,<,92,p.CommentCount,>,5,p.CommentCount,<,32,u.DownVotes,>,470,u.DownVotes,<,1028,v.CreationDate,>,1250431345,v.CreationDate,<,1396067712,v.VoteTypeId,>,1,v.VoteTypeId,<,4,b.Date,>,1384354727,b.Date,<,1388815634#5346
votes v,posts p,badges b,users u#p.Id=v.PostId,u.Id=p.OwnerUserId,u.Id=b.UserId#p.Score,>,-10,p.Score,<,19,p.CommentCount,>,11,p.CommentCount,<,18,u.DownVotes,>,343,u.DownVotes,<,462,v.CreationDate,>,1303953335,v.CreationDate,<,1345691752,v.VoteTypeId,>,2,v.VoteTypeId,<,7,b.Date,>,1304043946,b.Date,<,1382797899#456
votes v,posts p,badges b,users u#p.Id=v.PostId,u.Id=p.OwnerUserId,u.Id=b.UserId#p.Score,>,3,p.Score,<,78,p.CommentCount,>,3,p.CommentCount,<,42,u.DownVotes,>,420,u.DownVotes,<,1349,v.CreationDate,>,1331108352,v.CreationDate,<,1373077019,v.VoteTypeId,>,6,v.VoteTypeId,<,12,b.Date,>,1301902920,b.Date,<,1400380481#734
votes v,posts p,badges b,users u#p.Id=v.PostId,u.Id=p.OwnerUserId,u.Id=b.UserId#p.Score,>,-17,p.Score,<,74,p.CommentCount,>,11,p.CommentCount,<,26,u.DownVotes,>,295,u.DownVotes,<,1834,v.CreationDate,>,1255858131,v.CreationDate,<,1351523991,v.VoteTypeId,>,3,v.VoteTypeId,<,15,b.Date,>,1317631023,b.Date,<,1371041111#710
votes v,posts p,badges b,users u#p.Id=v.PostId,u.Id=p.OwnerUserId,u.Id=b.UserId#p.Score,>,-15,p.Score,<,171,p.CommentCount,>,1,p.CommentCount,<,15,u.DownVotes,>,126,u.DownVotes,<,1868,v.CreationDate,>,1268459330,v.CreationDate,<,1383095576,v.VoteTypeId,>,3,v.VoteTypeId,<,15,b.Date,>,1335504809,b.Date,<,1410335773#24222
votes v,posts p,badges b,users u#p.Id=v.PostId,u.Id=p.OwnerUserId,u.Id=b.UserId#p.Score,>,79,p.Score,<,170,p.CommentCount,>,8,p.CommentCount,<,34,u.DownVotes,>,95,u.DownVotes,<,851,v.CreationDate,>,1288287054,v.CreationDate,<,1389221199,v.VoteTypeId,>,1,v.VoteTypeId,<,3,b.Date,>,1305877426,b.Date,<,1404563209#108652
votes v,posts p,badges b,users u#p.Id=v.PostId,u.Id=p.OwnerUserId,u.Id=b.UserId#p.Score,>,0,p.Score,<,80,p.CommentCount,>,6,p.CommentCount,<,24,u.DownVotes,>,352,u.DownVotes,<,1399,v.CreationDate,>,1254053596,v.CreationDate,<,1321842588,v.VoteTypeId,>,3,v.VoteTypeId,<,10,b.Date,>,1318397775,b.Date,<,1385029203#2550
votes v,posts p,badges b,users u#p.Id=v.PostId,u.Id=p.OwnerUserId,u.Id=b.UserId#p.Score,>,-13,p.Score,<,115,p.CommentCount,>,5,p.CommentCount,<,28,u.DownVotes,>,376,u.DownVotes,<,1234,v.CreationDate,>,1254621971,v.CreationDate,<,1393024710,v.VoteTypeId,>,3,v.VoteTypeId,<,7,b.Date,>,1286264375,b.Date,<,1380729247#10055
votes v,posts p,badges b,users u#p.Id=v.PostId,u.Id=p.OwnerUserId,u.Id=b.UserId#p.Score,>,14,p.Score,<,150,p.CommentCount,>,5,p.CommentCount,<,12,u.DownVotes,>,38,u.DownVotes,<,1790,v.CreationDate,>,1339829117,v.CreationDate,<,1353886086,v.VoteTypeId,>,2,v.VoteTypeId,<,8,b.Date,>,1341975431,b.Date,<,1387598463#2949
votes v,posts p,badges b,users u#p.Id=v.PostId,u.Id=p.OwnerUserId,u.Id=b.UserId#p.Score,>,-18,p.Score,<,134,p.CommentCount,>,3,p.CommentCount,<,22,u.DownVotes,>,313,u.DownVotes,<,1337,v.CreationDate,>,1354729833,v.CreationDate,<,1410119574,v.VoteTypeId,>,8,v.VoteTypeId,<,10,b.Date,>,1286457014,b.Date,<,1318524352#455
votes v,posts p,badges b,users u#p.Id=v.PostId,u.Id=p.OwnerUserId,u.Id=b.UserId#p.Score,>,0,p.Score,<,143,p.CommentCount,>,1,p.CommentCount,<,4,u.DownVotes,>,82,u.DownVotes,<,1305,v.CreationDate,>,1282459605,v.CreationDate,<,1315049823,v.VoteTypeId,>,1,v.VoteTypeId,<,13,b.Date,>,1302518375,b.Date,<,1306923040#10247
votes v,posts p,badges b,users u#p.Id=v.PostId,u.Id=p.OwnerUserId,u.Id=b.UserId#p.Score,>,10,p.Score,<,124,p.CommentCount,>,5,p.CommentCount,<,30,u.DownVotes,>,373,u.DownVotes,<,794,v.CreationDate,>,1322641094,v.CreationDate,<,1345852711,v.VoteTypeId,>,4,v.VoteTypeId,<,8,b.Date,>,1337539574,b.Date,<,1389766806#423
votes v,posts p,badges b,users u#p.Id=v.PostId,u.Id=p.OwnerUserId,u.Id=b.UserId#p.Score,>,-2,p.Score,<,131,p.CommentCount,>,8,p.CommentCount,<,26,u.DownVotes,>,41,u.DownVotes,<,390,v.CreationDate,>,1282902301,v.CreationDate,<,1301431771,v.VoteTypeId,>,2,v.VoteTypeId,<,14,b.Date,>,1298399625,b.Date,<,1332722420#563
votes v,posts p,badges b,users u#p.Id=v.PostId,u.Id=p.OwnerUserId,u.Id=b.UserId#p.Score,>,-9,p.Score,<,144,p.CommentCount,>,9,p.CommentCount,<,15,u.DownVotes,>,120,u.DownVotes,<,1023,v.CreationDate,>,1240595719,v.CreationDate,<,1370092219,v.VoteTypeId,>,2,v.VoteTypeId,<,7,b.Date,>,1299066954,b.Date,<,1408197062#2171
votes v,posts p,badges b,users u#p.Id=v.PostId,u.Id=p.OwnerUserId,u.Id=b.UserId#p.Score,>,29,p.Score,<,110,p.CommentCount,>,8,p.CommentCount,<,10,u.DownVotes,>,330,u.DownVotes,<,1065,v.CreationDate,>,1366875948,v.CreationDate,<,1390722188,v.VoteTypeId,>,1,v.VoteTypeId,<,10,b.Date,>,1398591057,b.Date,<,1410385036#624
votes v,posts p,badges b,users u#p.Id=v.PostId,u.Id=p.OwnerUserId,u.Id=b.UserId#p.Score,>,69,p.Score,<,121,p.CommentCount,>,15,p.CommentCount,<,25,u.DownVotes,>,1,u.DownVotes,<,1717,v.CreationDate,>,1282474833,v.CreationDate,<,1400832990,v.VoteTypeId,>,1,v.VoteTypeId,<,15,b.Date,>,1382492677,b.Date,<,1402277865#3347
votes v,posts p,badges b,users u#p.Id=v.PostId,u.Id=p.OwnerUserId,u.Id=b.UserId#p.Score,>,51,p.Score,<,120,p.CommentCount,>,6,p.CommentCount,<,27,u.DownVotes,>,549,u.DownVotes,<,1898,v.CreationDate,>,1244352773,v.CreationDate,<,1368195844,v.VoteTypeId,>,1,v.VoteTypeId,<,14,b.Date,>,1285358103,b.Date,<,1359200201#46360
votes v,posts p,badges b,users u#p.Id=v.PostId,u.Id=p.OwnerUserId,u.Id=b.UserId#p.Score,>,2,p.Score,<,143,p.CommentCount,>,1,p.CommentCount,<,25,u.DownVotes,>,658,u.DownVotes,<,1597,v.CreationDate,>,1299974565,v.CreationDate,<,1341851258,v.VoteTypeId,>,1,v.VoteTypeId,<,14,b.Date,>,1282106217,b.Date,<,1370437762#446679
votes v,posts p,badges b,users u#p.Id=v.PostId,u.Id=p.OwnerUserId,u.Id=b.UserId#p.Score,>,80,p.Score,<,182,p.CommentCount,>,10,p.CommentCount,<,14,u.DownVotes,>,75,u.DownVotes,<,1438,v.CreationDate,>,1292803781,v.CreationDate,<,1377732940,v.VoteTypeId,>,1,v.VoteTypeId,<,15,b.Date,>,1317474532,b.Date,<,1347855496#17083
votes v,posts p,badges b,users u#p.Id=v.PostId,u.Id=p.OwnerUserId,u.Id=b.UserId#p.Score,>,-5,p.Score,<,109,p.CommentCount,>,0,p.CommentCount,<,12,u.DownVotes,>,304,u.DownVotes,<,1304,v.CreationDate,>,1320670124,v.CreationDate,<,1392435814,v.VoteTypeId,>,8,v.VoteTypeId,<,14,b.Date,>,1317609363,b.Date,<,1389536227#2831
votes v,posts p,badges b,users u#p.Id=v.PostId,u.Id=p.OwnerUserId,u.Id=b.UserId#p.Score,>,10,p.Score,<,53,p.CommentCount,>,11,p.CommentCount,<,42,u.DownVotes,>,698,u.DownVotes,<,1444,v.CreationDate,>,1287256326,v.CreationDate,<,1318818426,v.VoteTypeId,>,1,v.VoteTypeId,<,15,b.Date,>,1328049935,b.Date,<,1390245200#12100
votes v,posts p,badges b,users u#p.Id=v.PostId,u.Id=p.OwnerUserId,u.Id=b.UserId#p.Score,>,-5,p.Score,<,17,p.CommentCount,>,34,p.CommentCount,<,36,u.DownVotes,>,193,u.DownVotes,<,1355,v.CreationDate,>,1329398797,v.CreationDate,<,1387161322,v.VoteTypeId,>,1,v.VoteTypeId,<,13,b.Date,>,1387468374,b.Date,<,1393338919#104
votes v,posts p,badges b,users u#p.Id=v.PostId,u.Id=p.OwnerUserId,u.Id=b.UserId#p.Score,>,0,p.Score,<,20,p.CommentCount,>,15,p.CommentCount,<,39,u.DownVotes,>,3,u.DownVotes,<,688,v.CreationDate,>,1305433336,v.CreationDate,<,1339962976,v.VoteTypeId,>,2,v.VoteTypeId,<,4,b.Date,>,1357187194,b.Date,<,1396039498#55
votes v,posts p,badges b,users u#p.Id=v.PostId,u.Id=p.OwnerUserId,u.Id=b.UserId#p.Score,>,59,p.Score,<,129,p.CommentCount,>,1,p.CommentCount,<,22,u.DownVotes,>,412,u.DownVotes,<,1649,v.CreationDate,>,1326466740,v.CreationDate,<,1385501989,v.VoteTypeId,>,1,v.VoteTypeId,<,6,b.Date,>,1376657166,b.Date,<,1403029713#25920
votes v,posts p,badges b,users u#p.Id=v.PostId,u.Id=p.OwnerUserId,u.Id=b.UserId#p.Score,>,24,p.Score,<,112,p.CommentCount,>,12,p.CommentCount,<,43,u.DownVotes,>,132,u.DownVotes,<,1417,v.CreationDate,>,1237332126,v.CreationDate,<,1380680625,v.VoteTypeId,>,7,v.VoteTypeId,<,14,b.Date,>,1287778110,b.Date,<,1356178372#87
votes v,posts p,badges b,users u#p.Id=v.PostId,u.Id=p.OwnerUserId,u.Id=b.UserId#p.Score,>,36,p.Score,<,88,p.CommentCount,>,0,p.CommentCount,<,34,u.DownVotes,>,708,u.DownVotes,<,1766,v.CreationDate,>,1261237947,v.CreationDate,<,1316317428,v.VoteTypeId,>,1,v.VoteTypeId,<,9,b.Date,>,1356453351,b.Date,<,1357851949#800
votes v,posts p,badges b,users u#p.Id=v.PostId,u.Id=p.OwnerUserId,u.Id=b.UserId#p.Score,>,22,p.Score,<,64,p.CommentCount,>,3,p.CommentCount,<,15,u.DownVotes,>,48,u.DownVotes,<,995,v.CreationDate,>,1304907400,v.CreationDate,<,1315122825,v.VoteTypeId,>,2,v.VoteTypeId,<,11,b.Date,>,1331371348,b.Date,<,1402758021#507
votes v,posts p,badges b,users u#p.Id=v.PostId,u.Id=p.OwnerUserId,u.Id=b.UserId#p.Score,>,33,p.Score,<,191,p.CommentCount,>,15,p.CommentCount,<,26,u.DownVotes,>,102,u.DownVotes,<,916,v.CreationDate,>,1273875999,v.CreationDate,<,1306129025,v.VoteTypeId,>,7,v.VoteTypeId,<,12,b.Date,>,1325138968,b.Date,<,1363905907#52
votes v,posts p,badges b,users u#p.Id=v.PostId,u.Id=p.OwnerUserId,u.Id=b.UserId#p.Score,>,15,p.Score,<,187,p.CommentCount,>,2,p.CommentCount,<,37,u.DownVotes,>,196,u.DownVotes,<,1000,v.CreationDate,>,1376670713,v.CreationDate,<,1394709987,v.VoteTypeId,>,1,v.VoteTypeId,<,7,b.Date,>,1283016158,b.Date,<,1389113768#122199
votes v,posts p,badges b,users u#p.Id=v.PostId,u.Id=p.OwnerUserId,u.Id=b.UserId#p.Score,>,21,p.Score,<,30,p.CommentCount,>,4,p.CommentCount,<,31,u.DownVotes,>,72,u.DownVotes,<,1646,v.CreationDate,>,1321417291,v.CreationDate,<,1381731139,v.VoteTypeId,>,1,v.VoteTypeId,<,14,b.Date,>,1325581366,b.Date,<,1369116305#40847
votes v,posts p,badges b,users u#p.Id=v.PostId,u.Id=p.OwnerUserId,u.Id=b.UserId#p.Score,>,14,p.Score,<,135,p.CommentCount,>,7,p.CommentCount,<,33,u.DownVotes,>,306,u.DownVotes,<,1317,v.CreationDate,>,1261046107,v.CreationDate,<,1344151007,v.VoteTypeId,>,1,v.VoteTypeId,<,9,b.Date,>,1373756449,b.Date,<,1394950524#31294
votes v,posts p,badges b,users u#p.Id=v.PostId,u.Id=p.OwnerUserId,u.Id=b.UserId#p.Score,>,-1,p.Score,<,182,p.CommentCount,>,8,p.CommentCount,<,36,u.DownVotes,>,133,u.DownVotes,<,1398,v.CreationDate,>,1262382160,v.CreationDate,<,1329441466,v.VoteTypeId,>,4,v.VoteTypeId,<,11,b.Date,>,1341384882,b.Date,<,1362814748#115
votes v,posts p,badges b,users u#p.Id=v.PostId,u.Id=p.OwnerUserId,u.Id=b.UserId#p.Score,>,-10,p.Score,<,31,p.CommentCount,>,8,p.CommentCount,<,22,u.DownVotes,>,217,u.DownVotes,<,1372,v.CreationDate,>,1298870348,v.CreationDate,<,1404441467,v.VoteTypeId,>,7,v.VoteTypeId,<,13,b.Date,>,1366973431,b.Date,<,1394288528#423
votes v,posts p,badges b,users u#p.Id=v.PostId,u.Id=p.OwnerUserId,u.Id=b.UserId#p.Score,>,123,p.Score,<,190,p.CommentCount,>,6,p.CommentCount,<,30,u.DownVotes,>,471,u.DownVotes,<,1612,v.CreationDate,>,1319532420,v.CreationDate,<,1383280166,v.VoteTypeId,>,1,v.VoteTypeId,<,9,b.Date,>,1311817673,b.Date,<,1395173614#23700
votes v,posts p,badges b,users u#p.Id=v.PostId,u.Id=p.OwnerUserId,u.Id=b.UserId#p.Score,>,52,p.Score,<,132,p.CommentCount,>,10,p.CommentCount,<,31,u.DownVotes,>,271,u.DownVotes,<,1071,v.CreationDate,>,1308423503,v.CreationDate,<,1343321478,v.VoteTypeId,>,1,v.VoteTypeId,<,12,b.Date,>,1322016173,b.Date,<,1363994277#13770
votes v,posts p,badges b,users u#p.Id=v.PostId,u.Id=p.OwnerUserId,u.Id=b.UserId#p.Score,>,38,p.Score,<,102,p.CommentCount,>,1,p.CommentCount,<,42,u.DownVotes,>,390,u.DownVotes,<,1642,v.CreationDate,>,1276743872,v.CreationDate,<,1371597978,v.VoteTypeId,>,1,v.VoteTypeId,<,8,b.Date,>,1280830238,b.Date,<,1311789214#37506
votes v,posts p,badges b,users u#p.Id=v.PostId,u.Id=p.OwnerUserId,u.Id=b.UserId#p.Score,>,3,p.Score,<,151,p.CommentCount,>,16,p.CommentCount,<,44,u.DownVotes,>,11,u.DownVotes,<,277,v.CreationDate,>,1280847820,v.CreationDate,<,1336811794,v.VoteTypeId,>,8,v.VoteTypeId,<,11,b.Date,>,1315505441,b.Date,<,1353430055#53
votes v,posts p,badges b,users u#p.Id=v.PostId,u.Id=p.OwnerUserId,u.Id=b.UserId#p.Score,>,9,p.Score,<,88,p.CommentCount,>,5,p.CommentCount,<,19,u.DownVotes,>,168,u.DownVotes,<,999,v.CreationDate,>,1243655032,v.CreationDate,<,1342534232,v.VoteTypeId,>,2,v.VoteTypeId,<,12,b.Date,>,1313266909,b.Date,<,1389196680#5283
votes v,posts p,badges b,users u#p.Id=v.PostId,u.Id=p.OwnerUserId,u.Id=b.UserId#p.Score,>,-1,p.Score,<,55,p.CommentCount,>,6,p.CommentCount,<,28,u.DownVotes,>,62,u.DownVotes,<,858,v.CreationDate,>,1269132002,v.CreationDate,<,1374043834,v.VoteTypeId,>,6,v.VoteTypeId,<,9,b.Date,>,1295306031,b.Date,<,1322698961#135
votes v,posts p,badges b,users u#p.Id=v.PostId,u.Id=p.OwnerUserId,u.Id=b.UserId#p.Score,>,5,p.Score,<,97,p.CommentCount,>,8,p.CommentCount,<,14,u.DownVotes,>,438,u.DownVotes,<,1025,v.CreationDate,>,1385082049,v.CreationDate,<,1409621902,v.VoteTypeId,>,2,v.VoteTypeId,<,15,b.Date,>,1336659534,b.Date,<,1408322077#600
votes v,posts p,badges b,users u#p.Id=v.PostId,u.Id=p.OwnerUserId,u.Id=b.UserId#p.Score,>,0,p.Score,<,19,p.CommentCount,>,3,p.CommentCount,<,16,u.DownVotes,>,281,u.DownVotes,<,1219,v.CreationDate,>,1328335993,v.CreationDate,<,1354779406,v.VoteTypeId,>,5,v.VoteTypeId,<,10,b.Date,>,1288412605,b.Date,<,1393084038#1058
votes v,posts p,badges b,users u#p.Id=v.PostId,u.Id=p.OwnerUserId,u.Id=b.UserId#p.Score,>,-2,p.Score,<,180,p.CommentCount,>,10,p.CommentCount,<,15,u.DownVotes,>,331,u.DownVotes,<,1294,v.CreationDate,>,1313225990,v.CreationDate,<,1366791615,v.VoteTypeId,>,7,v.VoteTypeId,<,13,b.Date,>,1311031095,b.Date,<,1353599739#476
votes v,posts p,badges b,users u#p.Id=v.PostId,u.Id=p.OwnerUserId,u.Id=b.UserId#p.Score,>,-13,p.Score,<,81,p.CommentCount,>,5,p.CommentCount,<,31,u.DownVotes,>,634,u.DownVotes,<,1643,v.CreationDate,>,1370040991,v.CreationDate,<,1406101460,v.VoteTypeId,>,3,v.VoteTypeId,<,12,b.Date,>,1313976360,b.Date,<,1384562966#2926
votes v,posts p,badges b,users u#p.Id=v.PostId,u.Id=p.OwnerUserId,u.Id=b.UserId#p.Score,>,18,p.Score,<,54,p.CommentCount,>,4,p.CommentCount,<,8,u.DownVotes,>,501,u.DownVotes,<,1694,v.CreationDate,>,1272868419,v.CreationDate,<,1368850939,v.VoteTypeId,>,3,v.VoteTypeId,<,14,b.Date,>,1390948195,b.Date,<,1396836715#290
votes v,posts p,badges b,users u#p.Id=v.PostId,u.Id=p.OwnerUserId,u.Id=b.UserId#p.Score,>,-7,p.Score,<,142,p.CommentCount,>,19,p.CommentCount,<,44,u.DownVotes,>,97,u.DownVotes,<,1532,v.CreationDate,>,1251567447,v.CreationDate,<,1300176485,v.VoteTypeId,>,7,v.VoteTypeId,<,13,b.Date,>,1290022064,b.Date,<,1398467424#133
votes v,posts p,badges b,users u#p.Id=v.PostId,u.Id=p.OwnerUserId,u.Id=b.UserId#p.Score,>,-6,p.Score,<,153,p.CommentCount,>,6,p.CommentCount,<,35,u.DownVotes,>,88,u.DownVotes,<,1716,v.CreationDate,>,1308466548,v.CreationDate,<,1367696251,v.VoteTypeId,>,7,v.VoteTypeId,<,13,b.Date,>,1342302917,b.Date,<,1384306249#814
votes v,posts p,badges b,users u#p.Id=v.PostId,u.Id=p.OwnerUserId,u.Id=b.UserId#p.Score,>,-3,p.Score,<,113,p.CommentCount,>,10,p.CommentCount,<,37,u.DownVotes,>,265,u.DownVotes,<,1356,v.CreationDate,>,1307033156,v.CreationDate,<,1360764032,v.VoteTypeId,>,8,v.VoteTypeId,<,13,b.Date,>,1300971493,b.Date,<,1335924884#170
votes v,posts p,badges b,users u#p.Id=v.PostId,u.Id=p.OwnerUserId,u.Id=b.UserId#p.Score,>,18,p.Score,<,85,p.CommentCount,>,1,p.CommentCount,<,7,u.DownVotes,>,28,u.DownVotes,<,887,v.CreationDate,>,1316314816,v.CreationDate,<,1389898200,v.VoteTypeId,>,5,v.VoteTypeId,<,13,b.Date,>,1289000869,b.Date,<,1338367212#198
votes v,posts p,badges b,users u#p.Id=v.PostId,u.Id=p.OwnerUserId,u.Id=b.UserId#p.Score,>,-3,p.Score,<,186,p.CommentCount,>,12,p.CommentCount,<,34,u.DownVotes,>,272,u.DownVotes,<,1278,v.CreationDate,>,1237545006,v.CreationDate,<,1302044194,v.VoteTypeId,>,1,v.VoteTypeId,<,9,b.Date,>,1298587235,b.Date,<,1353665301#4422
votes v,posts p,badges b,users u#p.Id=v.PostId,u.Id=p.OwnerUserId,u.Id=b.UserId#p.Score,>,-5,p.Score,<,121,p.CommentCount,>,4,p.CommentCount,<,9,u.DownVotes,>,267,u.DownVotes,<,1753,v.CreationDate,>,1249565380,v.CreationDate,<,1398666350,v.VoteTypeId,>,1,v.VoteTypeId,<,6,b.Date,>,1346139632,b.Date,<,1381757756#217016
votes v,posts p,badges b,users u#p.Id=v.PostId,u.Id=p.OwnerUserId,u.Id=b.UserId#p.Score,>,-3,p.Score,<,79,p.CommentCount,>,6,p.CommentCount,<,13,u.DownVotes,>,361,u.DownVotes,<,1038,v.CreationDate,>,1308832645,v.CreationDate,<,1408592821,v.VoteTypeId,>,3,v.VoteTypeId,<,11,b.Date,>,1348040555,b.Date,<,1375137511#1221
votes v,posts p,badges b,users u#p.Id=v.PostId,u.Id=p.OwnerUserId,u.Id=b.UserId#p.Score,>,52,p.Score,<,174,p.CommentCount,>,23,p.CommentCount,<,38,u.DownVotes,>,26,u.DownVotes,<,898,v.CreationDate,>,1318241115,v.CreationDate,<,1353515430,v.VoteTypeId,>,1,v.VoteTypeId,<,11,b.Date,>,1297979751,b.Date,<,1326205304#377
votes v,posts p,badges b,users u#p.Id=v.PostId,u.Id=p.OwnerUserId,u.Id=b.UserId#p.Score,>,4,p.Score,<,103,p.CommentCount,>,3,p.CommentCount,<,15,u.DownVotes,>,662,u.DownVotes,<,1810,v.CreationDate,>,1305756642,v.CreationDate,<,1350060749,v.VoteTypeId,>,5,v.VoteTypeId,<,15,b.Date,>,1281502328,b.Date,<,1406531404#1314
votes v,posts p,badges b,users u#p.Id=v.PostId,u.Id=p.OwnerUserId,u.Id=b.UserId#p.Score,>,106,p.Score,<,175,p.CommentCount,>,3,p.CommentCount,<,25,u.DownVotes,>,751,u.DownVotes,<,1685,v.CreationDate,>,1340050614,v.CreationDate,<,1397696008,v.VoteTypeId,>,1,v.VoteTypeId,<,7,b.Date,>,1280295340,b.Date,<,1397378479#27930
votes v,posts p,badges b,users u#p.Id=v.PostId,u.Id=p.OwnerUserId,u.Id=b.UserId#p.Score,>,-12,p.Score,<,130,p.CommentCount,>,5,p.CommentCount,<,10,u.DownVotes,>,691,u.DownVotes,<,1512,v.CreationDate,>,1372299856,v.CreationDate,<,1374585841,v.VoteTypeId,>,1,v.VoteTypeId,<,15,b.Date,>,1342847851,b.Date,<,1346058695#364
votes v,posts p,badges b,users u#p.Id=v.PostId,u.Id=p.OwnerUserId,u.Id=b.UserId#p.Score,>,-1,p.Score,<,99,p.CommentCount,>,1,p.CommentCount,<,19,u.DownVotes,>,9,u.DownVotes,<,42,v.CreationDate,>,1318934017,v.CreationDate,<,1408331640,v.VoteTypeId,>,1,v.VoteTypeId,<,4,b.Date,>,1287304126,b.Date,<,1311753765#39180
votes v,posts p,badges b,users u#p.Id=v.PostId,u.Id=p.OwnerUserId,u.Id=b.UserId#p.Score,>,-1,p.Score,<,85,p.CommentCount,>,0,p.CommentCount,<,5,u.DownVotes,>,102,u.DownVotes,<,523,v.CreationDate,>,1345713425,v.CreationDate,<,1364772624,v.VoteTypeId,>,6,v.VoteTypeId,<,10,b.Date,>,1313937208,b.Date,<,1389682065#297
votes v,posts p,badges b,users u#p.Id=v.PostId,u.Id=p.OwnerUserId,u.Id=b.UserId#p.Score,>,-10,p.Score,<,125,p.CommentCount,>,0,p.CommentCount,<,13,u.DownVotes,>,175,u.DownVotes,<,442,v.CreationDate,>,1252400042,v.CreationDate,<,1287262443,v.VoteTypeId,>,2,v.VoteTypeId,<,14,b.Date,>,1366350566,b.Date,<,1403163190#459
votes v,posts p,badges b,users u#p.Id=v.PostId,u.Id=p.OwnerUserId,u.Id=b.UserId#p.Score,>,-17,p.Score,<,64,p.CommentCount,>,1,p.CommentCount,<,40,u.DownVotes,>,23,u.DownVotes,<,1146,v.CreationDate,>,1278131526,v.CreationDate,<,1335356360,v.VoteTypeId,>,10,v.VoteTypeId,<,12,b.Date,>,1320423724,b.Date,<,1342917671#934
votes v,posts p,badges b,users u#p.Id=v.PostId,u.Id=p.OwnerUserId,u.Id=b.UserId#p.Score,>,27,p.Score,<,167,p.CommentCount,>,19,p.CommentCount,<,23,u.DownVotes,>,9,u.DownVotes,<,1133,v.CreationDate,>,1278147231,v.CreationDate,<,1409072868,v.VoteTypeId,>,8,v.VoteTypeId,<,15,b.Date,>,1301724591,b.Date,<,1353585264#68
votes v,posts p,badges b,users u#p.Id=v.PostId,u.Id=p.OwnerUserId,u.Id=b.UserId#p.Score,>,18,p.Score,<,23,p.CommentCount,>,7,p.CommentCount,<,36,u.DownVotes,>,248,u.DownVotes,<,1264,v.CreationDate,>,1237138309,v.CreationDate,<,1409558256,v.VoteTypeId,>,1,v.VoteTypeId,<,12,b.Date,>,1282798870,b.Date,<,1390479748#7876
votes v,posts p,badges b,users u#p.Id=v.PostId,u.Id=p.OwnerUserId,u.Id=b.UserId#p.Score,>,4,p.Score,<,46,p.CommentCount,>,3,p.CommentCount,<,12,u.DownVotes,>,60,u.DownVotes,<,766,v.CreationDate,>,1347902578,v.CreationDate,<,1403325022,v.VoteTypeId,>,3,v.VoteTypeId,<,11,b.Date,>,1304412270,b.Date,<,1410377500#15036
votes v,posts p,badges b,users u#p.Id=v.PostId,u.Id=p.OwnerUserId,u.Id=b.UserId#p.Score,>,26,p.Score,<,111,p.CommentCount,>,12,p.CommentCount,<,40,u.DownVotes,>,8,u.DownVotes,<,1182,v.CreationDate,>,1353758724,v.CreationDate,<,1370713373,v.VoteTypeId,>,1,v.VoteTypeId,<,11,b.Date,>,1291835374,b.Date,<,1406971558#11634
votes v,posts p,badges b,users u#p.Id=v.PostId,u.Id=p.OwnerUserId,u.Id=b.UserId#p.Score,>,-2,p.Score,<,49,p.CommentCount,>,6,p.CommentCount,<,31,u.DownVotes,>,9,u.DownVotes,<,465,v.CreationDate,>,1362382621,v.CreationDate,<,1395274880,v.VoteTypeId,>,2,v.VoteTypeId,<,8,b.Date,>,1335446230,b.Date,<,1337437274#325
votes v,posts p,badges b,users u#p.Id=v.PostId,u.Id=p.OwnerUserId,u.Id=b.UserId#p.Score,>,-2,p.Score,<,82,p.CommentCount,>,11,p.CommentCount,<,17,u.DownVotes,>,244,u.DownVotes,<,1869,v.CreationDate,>,1288567547,v.CreationDate,<,1374473502,v.VoteTypeId,>,4,v.VoteTypeId,<,7,b.Date,>,1327299382,b.Date,<,1386850390#268
votes v,posts p,badges b,users u#p.Id=v.PostId,u.Id=p.OwnerUserId,u.Id=b.UserId#p.Score,>,-6,p.Score,<,22,p.CommentCount,>,2,p.CommentCount,<,30,u.DownVotes,>,765,u.DownVotes,<,1566,v.CreationDate,>,1337105246,v.CreationDate,<,1401207817,v.VoteTypeId,>,3,v.VoteTypeId,<,10,b.Date,>,1314288966,b.Date,<,1324759227#363
votes v,posts p,badges b,users u#p.Id=v.PostId,u.Id=p.OwnerUserId,u.Id=b.UserId#p.Score,>,57,p.Score,<,82,p.CommentCount,>,0,p.CommentCount,<,21,u.DownVotes,>,756,u.DownVotes,<,901,v.CreationDate,>,1250808406,v.CreationDate,<,1298325156,v.VoteTypeId,>,1,v.VoteTypeId,<,7,b.Date,>,1361739923,b.Date,<,1384553370#581
votes v,posts p,badges b,users u#p.Id=v.PostId,u.Id=p.OwnerUserId,u.Id=b.UserId#p.Score,>,-12,p.Score,<,169,p.CommentCount,>,17,p.CommentCount,<,34,u.DownVotes,>,379,u.DownVotes,<,616,v.CreationDate,>,1286331886,v.CreationDate,<,1374401402,v.VoteTypeId,>,1,v.VoteTypeId,<,6,b.Date,>,1390596523,b.Date,<,1400028005#363
votes v,posts p,badges b,users u#p.Id=v.PostId,u.Id=p.OwnerUserId,u.Id=b.UserId#p.Score,>,-15,p.Score,<,51,p.CommentCount,>,14,p.CommentCount,<,28,u.DownVotes,>,80,u.DownVotes,<,592,v.CreationDate,>,1317769788,v.CreationDate,<,1348177875,v.VoteTypeId,>,1,v.VoteTypeId,<,10,b.Date,>,1291305724,b.Date,<,1388267905#10634
votes v,posts p,badges b,users u#p.Id=v.PostId,u.Id=p.OwnerUserId,u.Id=b.UserId#p.Score,>,12,p.Score,<,31,p.CommentCount,>,2,p.CommentCount,<,42,u.DownVotes,>,523,u.DownVotes,<,801,v.CreationDate,>,1286740103,v.CreationDate,<,1326368415,v.VoteTypeId,>,4,v.VoteTypeId,<,11,b.Date,>,1352371167,b.Date,<,1385883631#464
votes v,posts p,badges b,users u#p.Id=v.PostId,u.Id=p.OwnerUserId,u.Id=b.UserId#p.Score,>,-8,p.Score,<,94,p.CommentCount,>,16,p.CommentCount,<,23,u.DownVotes,>,325,u.DownVotes,<,1897,v.CreationDate,>,1288254073,v.CreationDate,<,1362607434,v.VoteTypeId,>,1,v.VoteTypeId,<,15,b.Date,>,1325136727,b.Date,<,1342773963#5170
votes v,posts p,badges b,users u#p.Id=v.PostId,u.Id=p.OwnerUserId,u.Id=b.UserId#p.Score,>,-16,p.Score,<,181,p.CommentCount,>,2,p.CommentCount,<,24,u.DownVotes,>,306,u.DownVotes,<,1585,v.CreationDate,>,1318205044,v.CreationDate,<,1360893941,v.VoteTypeId,>,1,v.VoteTypeId,<,8,b.Date,>,1283407541,b.Date,<,1406634280#701868
votes v,posts p,badges b,users u#p.Id=v.PostId,u.Id=p.OwnerUserId,u.Id=b.UserId#p.Score,>,1,p.Score,<,77,p.CommentCount,>,4,p.CommentCount,<,10,u.DownVotes,>,253,u.DownVotes,<,1725,v.CreationDate,>,1233953190,v.CreationDate,<,1348855581,v.VoteTypeId,>,10,v.VoteTypeId,<,15,b.Date,>,1382416457,b.Date,<,1386985887#12
votes v,posts p,badges b,users u#p.Id=v.PostId,u.Id=p.OwnerUserId,u.Id=b.UserId#p.Score,>,105,p.Score,<,140,p.CommentCount,>,8,p.CommentCount,<,25,u.DownVotes,>,514,u.DownVotes,<,963,v.CreationDate,>,1314178230,v.CreationDate,<,1398091682,v.VoteTypeId,>,1,v.VoteTypeId,<,8,b.Date,>,1298665611,b.Date,<,1322655830#7500
votes v,posts p,badges b,users u#p.Id=v.PostId,u.Id=p.OwnerUserId,u.Id=b.UserId#p.Score,>,-10,p.Score,<,116,p.CommentCount,>,13,p.CommentCount,<,34,u.DownVotes,>,703,u.DownVotes,<,1497,v.CreationDate,>,1245448415,v.CreationDate,<,1348928892,v.VoteTypeId,>,7,v.VoteTypeId,<,10,b.Date,>,1387072613,b.Date,<,1405307336#78
votes v,posts p,badges b,users u#p.Id=v.PostId,u.Id=p.OwnerUserId,u.Id=b.UserId#p.Score,>,0,p.Score,<,27,p.CommentCount,>,10,p.CommentCount,<,38,u.DownVotes,>,191,u.DownVotes,<,807,v.CreationDate,>,1355320813,v.CreationDate,<,1369521209,v.VoteTypeId,>,6,v.VoteTypeId,<,13,b.Date,>,1293575802,b.Date,<,1385314412#304
votes v,posts p,badges b,users u#p.Id=v.PostId,u.Id=p.OwnerUserId,u.Id=b.UserId#p.Score,>,-14,p.Score,<,89,p.CommentCount,>,6,p.CommentCount,<,23,u.DownVotes,>,382,u.DownVotes,<,1727,v.CreationDate,>,1271873254,v.CreationDate,<,1295575685,v.VoteTypeId,>,4,v.VoteTypeId,<,10,b.Date,>,1292233305,b.Date,<,1343294894#845
votes v,posts p,badges b,users u#p.Id=v.PostId,u.Id=p.OwnerUserId,u.Id=b.UserId#p.Score,>,-11,p.Score,<,147,p.CommentCount,>,12,p.CommentCount,<,18,u.DownVotes,>,380,u.DownVotes,<,544,v.CreationDate,>,1297189430,v.CreationDate,<,1348771617,v.VoteTypeId,>,1,v.VoteTypeId,<,8,b.Date,>,1355429826,b.Date,<,1392674831#155
votes v,posts p,badges b,users u#p.Id=v.PostId,u.Id=p.OwnerUserId,u.Id=b.UserId#p.Score,>,18,p.Score,<,40,p.CommentCount,>,1,p.CommentCount,<,12,u.DownVotes,>,174,u.DownVotes,<,1911,v.CreationDate,>,1253594744,v.CreationDate,<,1367292865,v.VoteTypeId,>,7,v.VoteTypeId,<,14,b.Date,>,1358110062,b.Date,<,1386092962#44
votes v,posts p,badges b,users u#p.Id=v.PostId,u.Id=p.OwnerUserId,u.Id=b.UserId#p.Score,>,102,p.Score,<,188,p.CommentCount,>,8,p.CommentCount,<,12,u.DownVotes,>,95,u.DownVotes,<,351,v.CreationDate,>,1322130472,v.CreationDate,<,1366593276,v.VoteTypeId,>,1,v.VoteTypeId,<,8,b.Date,>,1326944148,b.Date,<,1353780296#5229
votes v,posts p,badges b,users u#p.Id=v.PostId,u.Id=p.OwnerUserId,u.Id=b.UserId#p.Score,>,-9,p.Score,<,69,p.CommentCount,>,0,p.CommentCount,<,17,u.DownVotes,>,444,u.DownVotes,<,1508,v.CreationDate,>,1331024970,v.CreationDate,<,1377824669,v.VoteTypeId,>,1,v.VoteTypeId,<,12,b.Date,>,1318306761,b.Date,<,1337382623#117912
votes v,posts p,badges b,users u#p.Id=v.PostId,u.Id=p.OwnerUserId,u.Id=b.UserId#p.Score,>,19,p.Score,<,117,p.CommentCount,>,5,p.CommentCount,<,27,u.DownVotes,>,311,u.DownVotes,<,654,v.CreationDate,>,1345893546,v.CreationDate,<,1360607771,v.VoteTypeId,>,1,v.VoteTypeId,<,14,b.Date,>,1387441541,b.Date,<,1398926125#84
votes v,posts p,badges b,users u#p.Id=v.PostId,u.Id=p.OwnerUserId,u.Id=b.UserId#p.Score,>,22,p.Score,<,117,p.CommentCount,>,6,p.CommentCount,<,10,u.DownVotes,>,471,u.DownVotes,<,842,v.CreationDate,>,1369883284,v.CreationDate,<,1380103173,v.VoteTypeId,>,1,v.VoteTypeId,<,9,b.Date,>,1307092591,b.Date,<,1348231220#2325
votes v,posts p,badges b,users u#p.Id=v.PostId,u.Id=p.OwnerUserId,u.Id=b.UserId#p.Score,>,6,p.Score,<,152,p.CommentCount,>,5,p.CommentCount,<,19,u.DownVotes,>,281,u.DownVotes,<,1842,v.CreationDate,>,1286597297,v.CreationDate,<,1401844528,v.VoteTypeId,>,8,v.VoteTypeId,<,14,b.Date,>,1317366750,b.Date,<,1388386203#1212
votes v,posts p,badges b,users u#p.Id=v.PostId,u.Id=p.OwnerUserId,u.Id=b.UserId#p.Score,>,8,p.Score,<,61,p.CommentCount,>,9,p.CommentCount,<,31,u.DownVotes,>,454,u.DownVotes,<,1792,v.CreationDate,>,1312435860,v.CreationDate,<,1348367320,v.VoteTypeId,>,1,v.VoteTypeId,<,6,b.Date,>,1368656482,b.Date,<,1375432290#6018
votes v,posts p,badges b,users u#p.Id=v.PostId,u.Id=p.OwnerUserId,u.Id=b.UserId#p.Score,>,44,p.Score,<,65,p.CommentCount,>,0,p.CommentCount,<,36,u.DownVotes,>,364,u.DownVotes,<,1320,v.CreationDate,>,1331944977,v.CreationDate,<,1390001403,v.VoteTypeId,>,3,v.VoteTypeId,<,14,b.Date,>,1308688666,b.Date,<,1368995907#3225
votes v,posts p,badges b,users u#p.Id=v.PostId,u.Id=p.OwnerUserId,u.Id=b.UserId#p.Score,>,-14,p.Score,<,10,p.CommentCount,>,16,p.CommentCount,<,26,u.DownVotes,>,761,u.DownVotes,<,1499,v.CreationDate,>,1248936096,v.CreationDate,<,1319989752,v.VoteTypeId,>,4,v.VoteTypeId,<,13,b.Date,>,1347710980,b.Date,<,1384805009#135
votes v,posts p,badges b,users u#p.Id=v.PostId,u.Id=p.OwnerUserId,u.Id=b.UserId#p.Score,>,-2,p.Score,<,154,p.CommentCount,>,3,p.CommentCount,<,11,u.DownVotes,>,302,u.DownVotes,<,751,v.CreationDate,>,1261024028,v.CreationDate,<,1375498814,v.VoteTypeId,>,1,v.VoteTypeId,<,10,b.Date,>,1287324767,b.Date,<,1316028474#11205
votes v,posts p,badges b,users u#p.Id=v.PostId,u.Id=p.OwnerUserId,u.Id=b.UserId#p.Score,>,9,p.Score,<,63,p.CommentCount,>,6,p.CommentCount,<,39,u.DownVotes,>,324,u.DownVotes,<,1291,v.CreationDate,>,1256687811,v.CreationDate,<,1366653721,v.VoteTypeId,>,1,v.VoteTypeId,<,10,b.Date,>,1297707242,b.Date,<,1390403388#251222
votes v,posts p,badges b,users u#p.Id=v.PostId,u.Id=p.OwnerUserId,u.Id=b.UserId#p.Score,>,107,p.Score,<,160,p.CommentCount,>,1,p.CommentCount,<,21,u.DownVotes,>,35,u.DownVotes,<,374,v.CreationDate,>,1337683446,v.CreationDate,<,1381730966,v.VoteTypeId,>,2,v.VoteTypeId,<,12,b.Date,>,1311359704,b.Date,<,1401703519#216
votes v,posts p,badges b,users u#p.Id=v.PostId,u.Id=p.OwnerUserId,u.Id=b.UserId#p.Score,>,56,p.Score,<,177,p.CommentCount,>,12,p.CommentCount,<,20,u.DownVotes,>,41,u.DownVotes,<,408,v.CreationDate,>,1311901672,v.CreationDate,<,1382531790,v.VoteTypeId,>,1,v.VoteTypeId,<,10,b.Date,>,1334752623,b.Date,<,1346710259#2442
votes v,posts p,badges b,users u#p.Id=v.PostId,u.Id=p.OwnerUserId,u.Id=b.UserId#p.Score,>,-14,p.Score,<,141,p.CommentCount,>,0,p.CommentCount,<,8,u.DownVotes,>,340,u.DownVotes,<,439,v.CreationDate,>,1357214552,v.CreationDate,<,1377124832,v.VoteTypeId,>,4,v.VoteTypeId,<,11,b.Date,>,1291613920,b.Date,<,1326594994#138
votes v,posts p,badges b,users u#p.Id=v.PostId,u.Id=p.OwnerUserId,u.Id=b.UserId#p.Score,>,31,p.Score,<,73,p.CommentCount,>,0,p.CommentCount,<,10,u.DownVotes,>,246,u.DownVotes,<,1734,v.CreationDate,>,1266985179,v.CreationDate,<,1393827020,v.VoteTypeId,>,1,v.VoteTypeId,<,14,b.Date,>,1354800991,b.Date,<,1390867861#92836
votes v,posts p,badges b,users u#p.Id=v.PostId,u.Id=p.OwnerUserId,u.Id=b.UserId#p.Score,>,-6,p.Score,<,60,p.CommentCount,>,0,p.CommentCount,<,11,u.DownVotes,>,127,u.DownVotes,<,703,v.CreationDate,>,1250096569,v.CreationDate,<,1287798812,v.VoteTypeId,>,6,v.VoteTypeId,<,12,b.Date,>,1337441587,b.Date,<,1392445170#345
votes v,posts p,badges b,users u#p.Id=v.PostId,u.Id=p.OwnerUserId,u.Id=b.UserId#p.Score,>,49,p.Score,<,136,p.CommentCount,>,0,p.CommentCount,<,27,u.DownVotes,>,2,u.DownVotes,<,827,v.CreationDate,>,1299310135,v.CreationDate,<,1390707969,v.VoteTypeId,>,5,v.VoteTypeId,<,12,b.Date,>,1313925330,b.Date,<,1403106747#17
votes v,posts p,badges b,users u#p.Id=v.PostId,u.Id=p.OwnerUserId,u.Id=b.UserId#p.Score,>,-13,p.Score,<,139,p.CommentCount,>,10,p.CommentCount,<,40,u.DownVotes,>,389,u.DownVotes,<,1273,v.CreationDate,>,1258584020,v.CreationDate,<,1315347069,v.VoteTypeId,>,5,v.VoteTypeId,<,10,b.Date,>,1286907466,b.Date,<,1311464764#64
votes v,posts p,badges b,users u#p.Id=v.PostId,u.Id=p.OwnerUserId,u.Id=b.UserId#p.Score,>,3,p.Score,<,150,p.CommentCount,>,0,p.CommentCount,<,24,u.DownVotes,>,414,u.DownVotes,<,1192,v.CreationDate,>,1246126275,v.CreationDate,<,1284584868,v.VoteTypeId,>,7,v.VoteTypeId,<,14,b.Date,>,1319198491,b.Date,<,1408071214#343
votes v,posts p,badges b,users u#p.Id=v.PostId,u.Id=p.OwnerUserId,u.Id=b.UserId#p.Score,>,14,p.Score,<,189,p.CommentCount,>,3,p.CommentCount,<,23,u.DownVotes,>,94,u.DownVotes,<,165,v.CreationDate,>,1235627697,v.CreationDate,<,1408735066,v.VoteTypeId,>,5,v.VoteTypeId,<,9,b.Date,>,1292970472,b.Date,<,1390315613#593
votes v,posts p,badges b,users u#p.Id=v.PostId,u.Id=p.OwnerUserId,u.Id=b.UserId#p.Score,>,-6,p.Score,<,146,p.CommentCount,>,4,p.CommentCount,<,12,u.DownVotes,>,561,u.DownVotes,<,992,v.CreationDate,>,1284757085,v.CreationDate,<,1328448375,v.VoteTypeId,>,3,v.VoteTypeId,<,10,b.Date,>,1279596754,b.Date,<,1287768815#144
votes v,posts p,badges b,users u#p.Id=v.PostId,u.Id=p.OwnerUserId,u.Id=b.UserId#p.Score,>,68,p.Score,<,119,p.CommentCount,>,7,p.CommentCount,<,25,u.DownVotes,>,735,u.DownVotes,<,1558,v.CreationDate,>,1292254417,v.CreationDate,<,1343640005,v.VoteTypeId,>,2,v.VoteTypeId,<,10,b.Date,>,1334111606,b.Date,<,1343912071#60
votes v,posts p,badges b,users u#p.Id=v.PostId,u.Id=p.OwnerUserId,u.Id=b.UserId#p.Score,>,-18,p.Score,<,78,p.CommentCount,>,14,p.CommentCount,<,32,u.DownVotes,>,505,u.DownVotes,<,1055,v.CreationDate,>,1299919177,v.CreationDate,<,1400071176,v.VoteTypeId,>,1,v.VoteTypeId,<,6,b.Date,>,1314822293,b.Date,<,1395678789#27810
votes v,posts p,badges b,users u#p.Id=v.PostId,u.Id=p.OwnerUserId,u.Id=b.UserId#p.Score,>,71,p.Score,<,98,p.CommentCount,>,4,p.CommentCount,<,37,u.DownVotes,>,32,u.DownVotes,<,1025,v.CreationDate,>,1302967741,v.CreationDate,<,1363006223,v.VoteTypeId,>,1,v.VoteTypeId,<,12,b.Date,>,1399646981,b.Date,<,1404521347#1099
votes v,posts p,badges b,users u#p.Id=v.PostId,u.Id=p.OwnerUserId,u.Id=b.UserId#p.Score,>,-14,p.Score,<,146,p.CommentCount,>,5,p.CommentCount,<,31,u.DownVotes,>,327,u.DownVotes,<,1054,v.CreationDate,>,1357935813,v.CreationDate,<,1384513913,v.VoteTypeId,>,2,v.VoteTypeId,<,12,b.Date,>,1322372591,b.Date,<,1383694523#3583
votes v,posts p,badges b,users u#p.Id=v.PostId,u.Id=p.OwnerUserId,u.Id=b.UserId#p.Score,>,-12,p.Score,<,161,p.CommentCount,>,5,p.CommentCount,<,20,u.DownVotes,>,527,u.DownVotes,<,821,v.CreationDate,>,1317611889,v.CreationDate,<,1356365043,v.VoteTypeId,>,3,v.VoteTypeId,<,9,b.Date,>,1287305499,b.Date,<,1353274202#2016
votes v,posts p,badges b,users u#p.Id=v.PostId,u.Id=p.OwnerUserId,u.Id=b.UserId#p.Score,>,-7,p.Score,<,139,p.CommentCount,>,1,p.CommentCount,<,44,u.DownVotes,>,235,u.DownVotes,<,1776,v.CreationDate,>,1236923978,v.CreationDate,<,1372162003,v.VoteTypeId,>,5,v.VoteTypeId,<,9,b.Date,>,1294664924,b.Date,<,1393398713#672
votes v,posts p,badges b,users u#p.Id=v.PostId,u.Id=p.OwnerUserId,u.Id=b.UserId#p.Score,>,41,p.Score,<,169,p.CommentCount,>,0,p.CommentCount,<,19,u.DownVotes,>,197,u.DownVotes,<,1098,v.CreationDate,>,1340428032,v.CreationDate,<,1404882135,v.VoteTypeId,>,1,v.VoteTypeId,<,14,b.Date,>,1305149184,b.Date,<,1394626177#186690
votes v,posts p,badges b,users u#p.Id=v.PostId,u.Id=p.OwnerUserId,u.Id=b.UserId#p.Score,>,1,p.Score,<,159,p.CommentCount,>,12,p.CommentCount,<,24,u.DownVotes,>,88,u.DownVotes,<,1900,v.CreationDate,>,1253673234,v.CreationDate,<,1325747110,v.VoteTypeId,>,1,v.VoteTypeId,<,13,b.Date,>,1312876490,b.Date,<,1360830885#17263
votes v,posts p,badges b,users u#p.Id=v.PostId,u.Id=p.OwnerUserId,u.Id=b.UserId#p.Score,>,56,p.Score,<,71,p.CommentCount,>,10,p.CommentCount,<,34,u.DownVotes,>,1,u.DownVotes,<,1614,v.CreationDate,>,1332260867,v.CreationDate,<,1368901494,v.VoteTypeId,>,3,v.VoteTypeId,<,10,b.Date,>,1281648641,b.Date,<,1346087442#176
votes v,posts p,badges b,users u#p.Id=v.PostId,u.Id=p.OwnerUserId,u.Id=b.UserId#p.Score,>,11,p.Score,<,57,p.CommentCount,>,17,p.CommentCount,<,26,u.DownVotes,>,33,u.DownVotes,<,1772,v.CreationDate,>,1311244163,v.CreationDate,<,1334699711,v.VoteTypeId,>,1,v.VoteTypeId,<,10,b.Date,>,1330386289,b.Date,<,1404511558#4322
votes v,posts p,badges b,users u#p.Id=v.PostId,u.Id=p.OwnerUserId,u.Id=b.UserId#p.Score,>,60,p.Score,<,132,p.CommentCount,>,9,p.CommentCount,<,28,u.DownVotes,>,343,u.DownVotes,<,1859,v.CreationDate,>,1286508630,v.CreationDate,<,1332258248,v.VoteTypeId,>,1,v.VoteTypeId,<,6,b.Date,>,1311576742,b.Date,<,1397295894#18088
votes v,posts p,badges b,users u#p.Id=v.PostId,u.Id=p.OwnerUserId,u.Id=b.UserId#p.Score,>,15,p.Score,<,190,p.CommentCount,>,4,p.CommentCount,<,37,u.DownVotes,>,17,u.DownVotes,<,1782,v.CreationDate,>,1298873575,v.CreationDate,<,1362715801,v.VoteTypeId,>,2,v.VoteTypeId,<,10,b.Date,>,1296204496,b.Date,<,1322402123#3691
votes v,posts p,badges b,users u#p.Id=v.PostId,u.Id=p.OwnerUserId,u.Id=b.UserId#p.Score,>,32,p.Score,<,156,p.CommentCount,>,4,p.CommentCount,<,44,u.DownVotes,>,451,u.DownVotes,<,1672,v.CreationDate,>,1362645895,v.CreationDate,<,1397287940,v.VoteTypeId,>,2,v.VoteTypeId,<,14,b.Date,>,1338435533,b.Date,<,1382286694#1552
votes v,posts p,badges b,users u#p.Id=v.PostId,u.Id=p.OwnerUserId,u.Id=b.UserId#p.Score,>,5,p.Score,<,61,p.CommentCount,>,17,p.CommentCount,<,35,u.DownVotes,>,633,u.DownVotes,<,1044,v.CreationDate,>,1294509151,v.CreationDate,<,1327185283,v.VoteTypeId,>,5,v.VoteTypeId,<,11,b.Date,>,1317333439,b.Date,<,1322553739#22
votes v,posts p,badges b,users u#p.Id=v.PostId,u.Id=p.OwnerUserId,u.Id=b.UserId#p.Score,>,1,p.Score,<,71,p.CommentCount,>,4,p.CommentCount,<,43,u.DownVotes,>,154,u.DownVotes,<,1304,v.CreationDate,>,1302112849,v.CreationDate,<,1402338415,v.VoteTypeId,>,7,v.VoteTypeId,<,12,b.Date,>,1301096971,b.Date,<,1339178900#1422
votes v,posts p,badges b,users u#p.Id=v.PostId,u.Id=p.OwnerUserId,u.Id=b.UserId#p.Score,>,53,p.Score,<,159,p.CommentCount,>,8,p.CommentCount,<,38,u.DownVotes,>,616,u.DownVotes,<,1189,v.CreationDate,>,1325503900,v.CreationDate,<,1340891173,v.VoteTypeId,>,1,v.VoteTypeId,<,8,b.Date,>,1303981985,b.Date,<,1342402631#12015
votes v,posts p,badges b,users u#p.Id=v.PostId,u.Id=p.OwnerUserId,u.Id=b.UserId#p.Score,>,3,p.Score,<,38,p.CommentCount,>,3,p.CommentCount,<,14,u.DownVotes,>,227,u.DownVotes,<,948,v.CreationDate,>,1354341441,v.CreationDate,<,1373830426,v.VoteTypeId,>,2,v.VoteTypeId,<,8,b.Date,>,1315362750,b.Date,<,1343647976#674
votes v,posts p,badges b,users u#p.Id=v.PostId,u.Id=p.OwnerUserId,u.Id=b.UserId#p.Score,>,18,p.Score,<,74,p.CommentCount,>,8,p.CommentCount,<,11,u.DownVotes,>,540,u.DownVotes,<,1197,v.CreationDate,>,1259070297,v.CreationDate,<,1340707344,v.VoteTypeId,>,2,v.VoteTypeId,<,13,b.Date,>,1305251614,b.Date,<,1395218467#337
votes v,posts p,badges b,users u#p.Id=v.PostId,u.Id=p.OwnerUserId,u.Id=b.UserId#p.Score,>,-18,p.Score,<,39,p.CommentCount,>,10,p.CommentCount,<,24,u.DownVotes,>,145,u.DownVotes,<,455,v.CreationDate,>,1255026288,v.CreationDate,<,1402896337,v.VoteTypeId,>,5,v.VoteTypeId,<,14,b.Date,>,1292970394,b.Date,<,1347769982#448
votes v,posts p,badges b,users u#p.Id=v.PostId,u.Id=p.OwnerUserId,u.Id=b.UserId#p.Score,>,66,p.Score,<,135,p.CommentCount,>,3,p.CommentCount,<,40,u.DownVotes,>,52,u.DownVotes,<,1727,v.CreationDate,>,1255196114,v.CreationDate,<,1401107804,v.VoteTypeId,>,2,v.VoteTypeId,<,12,b.Date,>,1369295044,b.Date,<,1373024027#41
votes v,posts p,badges b,users u#p.Id=v.PostId,u.Id=p.OwnerUserId,u.Id=b.UserId#p.Score,>,6,p.Score,<,115,p.CommentCount,>,0,p.CommentCount,<,4,u.DownVotes,>,665,u.DownVotes,<,930,v.CreationDate,>,1314412049,v.CreationDate,<,1357414068,v.VoteTypeId,>,8,v.VoteTypeId,<,12,b.Date,>,1337582821,b.Date,<,1380931547#193
votes v,posts p,badges b,users u#p.Id=v.PostId,u.Id=p.OwnerUserId,u.Id=b.UserId#p.Score,>,-12,p.Score,<,171,p.CommentCount,>,2,p.CommentCount,<,21,u.DownVotes,>,252,u.DownVotes,<,1768,v.CreationDate,>,1290996676,v.CreationDate,<,1339381694,v.VoteTypeId,>,8,v.VoteTypeId,<,15,b.Date,>,1291728817,b.Date,<,1360713455#2293
votes v,posts p,badges b,users u#p.Id=v.PostId,u.Id=p.OwnerUserId,u.Id=b.UserId#p.Score,>,-18,p.Score,<,107,p.CommentCount,>,15,p.CommentCount,<,33,u.DownVotes,>,145,u.DownVotes,<,1119,v.CreationDate,>,1265086774,v.CreationDate,<,1404522839,v.VoteTypeId,>,2,v.VoteTypeId,<,6,b.Date,>,1351190794,b.Date,<,1392095630#51
votes v,posts p,badges b,users u#p.Id=v.PostId,u.Id=p.OwnerUserId,u.Id=b.UserId#p.Score,>,24,p.Score,<,37,p.CommentCount,>,3,p.CommentCount,<,11,u.DownVotes,>,226,u.DownVotes,<,356,v.CreationDate,>,1250691695,v.CreationDate,<,1331392254,v.VoteTypeId,>,4,v.VoteTypeId,<,15,b.Date,>,1344795648,b.Date,<,1400538417#39
votes v,posts p,badges b,users u#p.Id=v.PostId,u.Id=p.OwnerUserId,u.Id=b.UserId#p.Score,>,-15,p.Score,<,158,p.CommentCount,>,18,p.CommentCount,<,21,u.DownVotes,>,632,u.DownVotes,<,904,v.CreationDate,>,1239939154,v.CreationDate,<,1375584719,v.VoteTypeId,>,1,v.VoteTypeId,<,5,b.Date,>,1344563219,b.Date,<,1349117430#609
votes v,posts p,badges b,users u#p.Id=v.PostId,u.Id=p.OwnerUserId,u.Id=b.UserId#p.Score,>,21,p.Score,<,91,p.CommentCount,>,19,p.CommentCount,<,24,u.DownVotes,>,27,u.DownVotes,<,1488,v.CreationDate,>,1291143523,v.CreationDate,<,1394060268,v.VoteTypeId,>,3,v.VoteTypeId,<,15,b.Date,>,1330673904,b.Date,<,1390235188#65
votes v,posts p,badges b,users u#p.Id=v.PostId,u.Id=p.OwnerUserId,u.Id=b.UserId#p.Score,>,-17,p.Score,<,120,p.CommentCount,>,7,p.CommentCount,<,42,u.DownVotes,>,367,u.DownVotes,<,784,v.CreationDate,>,1329802795,v.CreationDate,<,1381504820,v.VoteTypeId,>,10,v.VoteTypeId,<,12,b.Date,>,1355535665,b.Date,<,1361711852#6
votes v,posts p,badges b,users u#p.Id=v.PostId,u.Id=p.OwnerUserId,u.Id=b.UserId#p.Score,>,10,p.Score,<,145,p.CommentCount,>,18,p.CommentCount,<,37,u.DownVotes,>,119,u.DownVotes,<,316,v.CreationDate,>,1323573850,v.CreationDate,<,1381019224,v.VoteTypeId,>,1,v.VoteTypeId,<,15,b.Date,>,1300623648,b.Date,<,1385902514#13644
votes v,posts p,badges b,users u#p.Id=v.PostId,u.Id=p.OwnerUserId,u.Id=b.UserId#p.Score,>,-13,p.Score,<,9,p.CommentCount,>,14,p.CommentCount,<,39,u.DownVotes,>,28,u.DownVotes,<,1039,v.CreationDate,>,1285785582,v.CreationDate,<,1400634456,v.VoteTypeId,>,1,v.VoteTypeId,<,8,b.Date,>,1292236708,b.Date,<,1307550577#1039
votes v,posts p,badges b,users u#p.Id=v.PostId,u.Id=p.OwnerUserId,u.Id=b.UserId#p.Score,>,54,p.Score,<,86,p.CommentCount,>,2,p.CommentCount,<,40,u.DownVotes,>,22,u.DownVotes,<,832,v.CreationDate,>,1338884961,v.CreationDate,<,1385695700,v.VoteTypeId,>,2,v.VoteTypeId,<,5,b.Date,>,1313692194,b.Date,<,1323143151#3
votes v,posts p,badges b,users u#p.Id=v.PostId,u.Id=p.OwnerUserId,u.Id=b.UserId#p.Score,>,-12,p.Score,<,102,p.CommentCount,>,3,p.CommentCount,<,18,u.DownVotes,>,380,u.DownVotes,<,1628,v.CreationDate,>,1272050954,v.CreationDate,<,1319964337,v.VoteTypeId,>,5,v.VoteTypeId,<,13,b.Date,>,1364848686,b.Date,<,1391878696#972
votes v,posts p,badges b,users u#p.Id=v.PostId,u.Id=p.OwnerUserId,u.Id=b.UserId#p.Score,>,-4,p.Score,<,42,p.CommentCount,>,7,p.CommentCount,<,23,u.DownVotes,>,95,u.DownVotes,<,121,v.CreationDate,>,1396202098,v.CreationDate,<,1400638474,v.VoteTypeId,>,1,v.VoteTypeId,<,7,b.Date,>,1372946907,b.Date,<,1383164566#109
votes v,posts p,badges b,users u#p.Id=v.PostId,u.Id=p.OwnerUserId,u.Id=b.UserId#p.Score,>,7,p.Score,<,121,p.CommentCount,>,7,p.CommentCount,<,30,u.DownVotes,>,322,u.DownVotes,<,1472,v.CreationDate,>,1299707615,v.CreationDate,<,1331657697,v.VoteTypeId,>,1,v.VoteTypeId,<,15,b.Date,>,1303665693,b.Date,<,1328586143#13718
votes v,posts p,badges b,users u#p.Id=v.PostId,u.Id=p.OwnerUserId,u.Id=b.UserId#p.Score,>,15,p.Score,<,92,p.CommentCount,>,2,p.CommentCount,<,28,u.DownVotes,>,773,u.DownVotes,<,1401,v.CreationDate,>,1283225127,v.CreationDate,<,1329874863,v.VoteTypeId,>,5,v.VoteTypeId,<,13,b.Date,>,1302760381,b.Date,<,1305362788#6
votes v,posts p,badges b,users u#p.Id=v.PostId,u.Id=p.OwnerUserId,u.Id=b.UserId#p.Score,>,6,p.Score,<,25,p.CommentCount,>,10,p.CommentCount,<,26,u.DownVotes,>,313,u.DownVotes,<,836,v.CreationDate,>,1337330211,v.CreationDate,<,1372250525,v.VoteTypeId,>,4,v.VoteTypeId,<,13,b.Date,>,1313193672,b.Date,<,1316564571#18
votes v,posts p,badges b,users u#p.Id=v.PostId,u.Id=p.OwnerUserId,u.Id=b.UserId#p.Score,>,12,p.Score,<,76,p.CommentCount,>,6,p.CommentCount,<,28,u.DownVotes,>,195,u.DownVotes,<,886,v.CreationDate,>,1304759116,v.CreationDate,<,1388456465,v.VoteTypeId,>,5,v.VoteTypeId,<,13,b.Date,>,1287211128,b.Date,<,1387173788#646
votes v,posts p,badges b,users u#p.Id=v.PostId,u.Id=p.OwnerUserId,u.Id=b.UserId#p.Score,>,22,p.Score,<,76,p.CommentCount,>,2,p.CommentCount,<,20,u.DownVotes,>,394,u.DownVotes,<,1871,v.CreationDate,>,1291309153,v.CreationDate,<,1399751552,v.VoteTypeId,>,4,v.VoteTypeId,<,13,b.Date,>,1280827428,b.Date,<,1392694361#6160
votes v,posts p,badges b,users u#p.Id=v.PostId,u.Id=p.OwnerUserId,u.Id=b.UserId#p.Score,>,-10,p.Score,<,73,p.CommentCount,>,5,p.CommentCount,<,32,u.DownVotes,>,137,u.DownVotes,<,171,v.CreationDate,>,1286975752,v.CreationDate,<,1368654277,v.VoteTypeId,>,2,v.VoteTypeId,<,6,b.Date,>,1281625532,b.Date,<,1381043814#168
votes v,posts p,badges b,users u#p.Id=v.PostId,u.Id=p.OwnerUserId,u.Id=b.UserId#p.Score,>,1,p.Score,<,30,p.CommentCount,>,1,p.CommentCount,<,42,u.DownVotes,>,372,u.DownVotes,<,1866,v.CreationDate,>,1275821104,v.CreationDate,<,1365185257,v.VoteTypeId,>,7,v.VoteTypeId,<,9,b.Date,>,1304007244,b.Date,<,1402912778#713
votes v,posts p,badges b,users u#p.Id=v.PostId,u.Id=p.OwnerUserId,u.Id=b.UserId#p.Score,>,-14,p.Score,<,100,p.CommentCount,>,9,p.CommentCount,<,39,u.DownVotes,>,577,u.DownVotes,<,1882,v.CreationDate,>,1263013103,v.CreationDate,<,1349279888,v.VoteTypeId,>,1,v.VoteTypeId,<,12,b.Date,>,1293744239,b.Date,<,1405761512#152250
votes v,posts p,badges b,users u#p.Id=v.PostId,u.Id=p.OwnerUserId,u.Id=b.UserId#p.Score,>,33,p.Score,<,185,p.CommentCount,>,7,p.CommentCount,<,42,u.DownVotes,>,65,u.DownVotes,<,689,v.CreationDate,>,1380675574,v.CreationDate,<,1395972552,v.VoteTypeId,>,1,v.VoteTypeId,<,3,b.Date,>,1352414439,b.Date,<,1369954714#3319
votes v,posts p,badges b,users u#p.Id=v.PostId,u.Id=p.OwnerUserId,u.Id=b.UserId#p.Score,>,116,p.Score,<,153,p.CommentCount,>,1,p.CommentCount,<,41,u.DownVotes,>,228,u.DownVotes,<,1723,v.CreationDate,>,1356150673,v.CreationDate,<,1393097281,v.VoteTypeId,>,1,v.VoteTypeId,<,9,b.Date,>,1333428240,b.Date,<,1390252657#12528
votes v,posts p,badges b,users u#p.Id=v.PostId,u.Id=p.OwnerUserId,u.Id=b.UserId#p.Score,>,59,p.Score,<,148,p.CommentCount,>,5,p.CommentCount,<,23,u.DownVotes,>,323,u.DownVotes,<,1788,v.CreationDate,>,1366522509,v.CreationDate,<,1375735094,v.VoteTypeId,>,1,v.VoteTypeId,<,9,b.Date,>,1295767527,b.Date,<,1361836774#7786
votes v,posts p,badges b,users u#p.Id=v.PostId,u.Id=p.OwnerUserId,u.Id=b.UserId#p.Score,>,13,p.Score,<,153,p.CommentCount,>,0,p.CommentCount,<,40,u.DownVotes,>,158,u.DownVotes,<,952,v.CreationDate,>,1305376498,v.CreationDate,<,1381926236,v.VoteTypeId,>,2,v.VoteTypeId,<,13,b.Date,>,1282078656,b.Date,<,1334929418#4690
votes v,posts p,badges b,users u#p.Id=v.PostId,u.Id=p.OwnerUserId,u.Id=b.UserId#p.Score,>,-13,p.Score,<,8,p.CommentCount,>,4,p.CommentCount,<,42,u.DownVotes,>,524,u.DownVotes,<,917,v.CreationDate,>,1315903897,v.CreationDate,<,1378240564,v.VoteTypeId,>,5,v.VoteTypeId,<,14,b.Date,>,1331992772,b.Date,<,1353048595#327
votes v,posts p,badges b,users u#p.Id=v.PostId,u.Id=p.OwnerUserId,u.Id=b.UserId#p.Score,>,20,p.Score,<,163,p.CommentCount,>,0,p.CommentCount,<,9,u.DownVotes,>,87,u.DownVotes,<,430,v.CreationDate,>,1264648189,v.CreationDate,<,1361165645,v.VoteTypeId,>,1,v.VoteTypeId,<,12,b.Date,>,1297420182,b.Date,<,1336653348#55135
votes v,posts p,badges b,users u#p.Id=v.PostId,u.Id=p.OwnerUserId,u.Id=b.UserId#p.Score,>,6,p.Score,<,44,p.CommentCount,>,4,p.CommentCount,<,26,u.DownVotes,>,544,u.DownVotes,<,1302,v.CreationDate,>,1261282142,v.CreationDate,<,1356906998,v.VoteTypeId,>,3,v.VoteTypeId,<,10,b.Date,>,1372514423,b.Date,<,1407175103#1872
votes v,posts p,badges b,users u#p.Id=v.PostId,u.Id=p.OwnerUserId,u.Id=b.UserId#p.Score,>,35,p.Score,<,57,p.CommentCount,>,3,p.CommentCount,<,37,u.DownVotes,>,30,u.DownVotes,<,1454,v.CreationDate,>,1352537881,v.CreationDate,<,1368666822,v.VoteTypeId,>,3,v.VoteTypeId,<,6,b.Date,>,1339387739,b.Date,<,1393832475#1009
votes v,posts p,badges b,users u#p.Id=v.PostId,u.Id=p.OwnerUserId,u.Id=b.UserId#p.Score,>,94,p.Score,<,184,p.CommentCount,>,7,p.CommentCount,<,16,u.DownVotes,>,461,u.DownVotes,<,881,v.CreationDate,>,1243365426,v.CreationDate,<,1334712669,v.VoteTypeId,>,1,v.VoteTypeId,<,4,b.Date,>,1342308795,b.Date,<,1403970373#9881
votes v,posts p,badges b,users u#p.Id=v.PostId,u.Id=p.OwnerUserId,u.Id=b.UserId#p.Score,>,54,p.Score,<,135,p.CommentCount,>,12,p.CommentCount,<,42,u.DownVotes,>,67,u.DownVotes,<,983,v.CreationDate,>,1344199987,v.CreationDate,<,1391629863,v.VoteTypeId,>,1,v.VoteTypeId,<,9,b.Date,>,1359536358,b.Date,<,1394995501#9944
votes v,posts p,badges b,users u#p.Id=v.PostId,u.Id=p.OwnerUserId,u.Id=b.UserId#p.Score,>,-6,p.Score,<,6,p.CommentCount,>,0,p.CommentCount,<,41,u.DownVotes,>,778,u.DownVotes,<,1150,v.CreationDate,>,1252015333,v.CreationDate,<,1288528754,v.VoteTypeId,>,8,v.VoteTypeId,<,13,b.Date,>,1283112228,b.Date,<,1393597436#381
votes v,posts p,badges b,users u#p.Id=v.PostId,u.Id=p.OwnerUserId,u.Id=b.UserId#p.Score,>,-8,p.Score,<,172,p.CommentCount,>,5,p.CommentCount,<,32,u.DownVotes,>,491,u.DownVotes,<,1410,v.CreationDate,>,1304805749,v.CreationDate,<,1396644595,v.VoteTypeId,>,1,v.VoteTypeId,<,12,b.Date,>,1280693774,b.Date,<,1399064935#685580
votes v,posts p,badges b,users u#p.Id=v.PostId,u.Id=p.OwnerUserId,u.Id=b.UserId#p.Score,>,-2,p.Score,<,36,p.CommentCount,>,4,p.CommentCount,<,33,u.DownVotes,>,34,u.DownVotes,<,1352,v.CreationDate,>,1236586438,v.CreationDate,<,1317567739,v.VoteTypeId,>,7,v.VoteTypeId,<,14,b.Date,>,1279787827,b.Date,<,1291719680#263
votes v,posts p,badges b,users u#p.Id=v.PostId,u.Id=p.OwnerUserId,u.Id=b.UserId#p.Score,>,85,p.Score,<,190,p.CommentCount,>,8,p.CommentCount,<,42,u.DownVotes,>,583,u.DownVotes,<,1722,v.CreationDate,>,1243268003,v.CreationDate,<,1403296512,v.VoteTypeId,>,1,v.VoteTypeId,<,14,b.Date,>,1299430509,b.Date,<,1319657576#6888
votes v,posts p,badges b,users u#p.Id=v.PostId,u.Id=p.OwnerUserId,u.Id=b.UserId#p.Score,>,-7,p.Score,<,181,p.CommentCount,>,5,p.CommentCount,<,28,u.DownVotes,>,465,u.DownVotes,<,1124,v.CreationDate,>,1297912507,v.CreationDate,<,1324991512,v.VoteTypeId,>,7,v.VoteTypeId,<,10,b.Date,>,1297517097,b.Date,<,1314172922#90
votes v,posts p,badges b,users u#p.Id=v.PostId,u.Id=p.OwnerUserId,u.Id=b.UserId#p.Score,>,7,p.Score,<,26,p.CommentCount,>,4,p.CommentCount,<,24,u.DownVotes,>,329,u.DownVotes,<,1710,v.CreationDate,>,1360207548,v.CreationDate,<,1398482204,v.VoteTypeId,>,4,v.VoteTypeId,<,13,b.Date,>,1344465810,b.Date,<,1371541634#376
votes v,posts p,badges b,users u#p.Id=v.PostId,u.Id=p.OwnerUserId,u.Id=b.UserId#p.Score,>,14,p.Score,<,68,p.CommentCount,>,3,p.CommentCount,<,17,u.DownVotes,>,744,u.DownVotes,<,1817,v.CreationDate,>,1261934314,v.CreationDate,<,1404713477,v.VoteTypeId,>,3,v.VoteTypeId,<,14,b.Date,>,1327204596,b.Date,<,1391299416#6858
votes v,posts p,badges b,users u#p.Id=v.PostId,u.Id=p.OwnerUserId,u.Id=b.UserId#p.Score,>,14,p.Score,<,78,p.CommentCount,>,17,p.CommentCount,<,35,u.DownVotes,>,160,u.DownVotes,<,1130,v.CreationDate,>,1245893747,v.CreationDate,<,1409499988,v.VoteTypeId,>,4,v.VoteTypeId,<,13,b.Date,>,1309955749,b.Date,<,1363543379#71
votes v,posts p,badges b,users u#p.Id=v.PostId,u.Id=p.OwnerUserId,u.Id=b.UserId#p.Score,>,-18,p.Score,<,125,p.CommentCount,>,2,p.CommentCount,<,19,u.DownVotes,>,289,u.DownVotes,<,1895,v.CreationDate,>,1257184784,v.CreationDate,<,1343920234,v.VoteTypeId,>,4,v.VoteTypeId,<,6,b.Date,>,1297981735,b.Date,<,1387908838#2461
votes v,posts p,badges b,users u#p.Id=v.PostId,u.Id=p.OwnerUserId,u.Id=b.UserId#p.Score,>,64,p.Score,<,167,p.CommentCount,>,0,p.CommentCount,<,37,u.DownVotes,>,57,u.DownVotes,<,608,v.CreationDate,>,1390310613,v.CreationDate,<,1397975929,v.VoteTypeId,>,2,v.VoteTypeId,<,7,b.Date,>,1281206650,b.Date,<,1300598404#360
votes v,posts p,badges b,users u#p.Id=v.PostId,u.Id=p.OwnerUserId,u.Id=b.UserId#p.Score,>,-3,p.Score,<,172,p.CommentCount,>,3,p.CommentCount,<,9,u.DownVotes,>,535,u.DownVotes,<,1699,v.CreationDate,>,1299299296,v.CreationDate,<,1334931450,v.VoteTypeId,>,5,v.VoteTypeId,<,10,b.Date,>,1345899516,b.Date,<,1384047353#426
votes v,posts p,badges b,users u#p.Id=v.PostId,u.Id=p.OwnerUserId,u.Id=b.UserId#p.Score,>,44,p.Score,<,86,p.CommentCount,>,4,p.CommentCount,<,9,u.DownVotes,>,90,u.DownVotes,<,1053,v.CreationDate,>,1244760772,v.CreationDate,<,1399059161,v.VoteTypeId,>,1,v.VoteTypeId,<,3,b.Date,>,1319058763,b.Date,<,1358131031#49234
votes v,posts p,badges b,users u#p.Id=v.PostId,u.Id=p.OwnerUserId,u.Id=b.UserId#p.Score,>,36,p.Score,<,75,p.CommentCount,>,4,p.CommentCount,<,38,u.DownVotes,>,724,u.DownVotes,<,1777,v.CreationDate,>,1289308752,v.CreationDate,<,1374247968,v.VoteTypeId,>,1,v.VoteTypeId,<,13,b.Date,>,1352773263,b.Date,<,1408342810#76092
votes v,posts p,badges b,users u#p.Id=v.PostId,u.Id=p.OwnerUserId,u.Id=b.UserId#p.Score,>,28,p.Score,<,179,p.CommentCount,>,16,p.CommentCount,<,25,u.DownVotes,>,87,u.DownVotes,<,1259,v.CreationDate,>,1287258375,v.CreationDate,<,1337584986,v.VoteTypeId,>,5,v.VoteTypeId,<,11,b.Date,>,1383277085,b.Date,<,1390517638#5
votes v,posts p,badges b,users u#p.Id=v.PostId,u.Id=p.OwnerUserId,u.Id=b.UserId#p.Score,>,1,p.Score,<,162,p.CommentCount,>,3,p.CommentCount,<,7,u.DownVotes,>,252,u.DownVotes,<,1711,v.CreationDate,>,1338176975,v.CreationDate,<,1341785947,v.VoteTypeId,>,6,v.VoteTypeId,<,15,b.Date,>,1343539686,b.Date,<,1366689934#68
votes v,posts p,badges b,users u#p.Id=v.PostId,u.Id=p.OwnerUserId,u.Id=b.UserId#p.Score,>,9,p.Score,<,153,p.CommentCount,>,7,p.CommentCount,<,19,u.DownVotes,>,106,u.DownVotes,<,1052,v.CreationDate,>,1320768569,v.CreationDate,<,1342251997,v.VoteTypeId,>,1,v.VoteTypeId,<,3,b.Date,>,1325328120,b.Date,<,1326175532#1084
votes v,posts p,badges b,users u#p.Id=v.PostId,u.Id=p.OwnerUserId,u.Id=b.UserId#p.Score,>,23,p.Score,<,121,p.CommentCount,>,3,p.CommentCount,<,44,u.DownVotes,>,276,u.DownVotes,<,777,v.CreationDate,>,1287496122,v.CreationDate,<,1310562253,v.VoteTypeId,>,1,v.VoteTypeId,<,11,b.Date,>,1307738183,b.Date,<,1410519617#203
votes v,posts p,badges b,users u#p.Id=v.PostId,u.Id=p.OwnerUserId,u.Id=b.UserId#p.Score,>,14,p.Score,<,154,p.CommentCount,>,7,p.CommentCount,<,44,u.DownVotes,>,134,u.DownVotes,<,1440,v.CreationDate,>,1269170699,v.CreationDate,<,1335400111,v.VoteTypeId,>,3,v.VoteTypeId,<,14,b.Date,>,1365840739,b.Date,<,1409777618#311
votes v,posts p,badges b,users u#p.Id=v.PostId,u.Id=p.OwnerUserId,u.Id=b.UserId#p.Score,>,-6,p.Score,<,175,p.CommentCount,>,3,p.CommentCount,<,20,u.DownVotes,>,179,u.DownVotes,<,1774,v.CreationDate,>,1301955045,v.CreationDate,<,1367209737,v.VoteTypeId,>,4,v.VoteTypeId,<,9,b.Date,>,1356100791,b.Date,<,1374927448#1457
votes v,posts p,badges b,users u#p.Id=v.PostId,u.Id=p.OwnerUserId,u.Id=b.UserId#p.Score,>,81,p.Score,<,130,p.CommentCount,>,2,p.CommentCount,<,39,u.DownVotes,>,642,u.DownVotes,<,1600,v.CreationDate,>,1288744157,v.CreationDate,<,1342975925,v.VoteTypeId,>,1,v.VoteTypeId,<,10,b.Date,>,1313919716,b.Date,<,1360761279#15225
votes v,posts p,badges b,users u#p.Id=v.PostId,u.Id=p.OwnerUserId,u.Id=b.UserId#p.Score,>,36,p.Score,<,109,p.CommentCount,>,4,p.CommentCount,<,38,u.DownVotes,>,18,u.DownVotes,<,985,v.CreationDate,>,1241485926,v.CreationDate,<,1391004208,v.VoteTypeId,>,4,v.VoteTypeId,<,9,b.Date,>,1321836070,b.Date,<,1382028051#10252
votes v,posts p,badges b,users u#p.Id=v.PostId,u.Id=p.OwnerUserId,u.Id=b.UserId#p.Score,>,28,p.Score,<,91,p.CommentCount,>,8,p.CommentCount,<,22,u.DownVotes,>,208,u.DownVotes,<,562,v.CreationDate,>,1360401123,v.CreationDate,<,1373914871,v.VoteTypeId,>,1,v.VoteTypeId,<,7,b.Date,>,1294957500,b.Date,<,1317598623#948
votes v,posts p,badges b,users u#p.Id=v.PostId,u.Id=p.OwnerUserId,u.Id=b.UserId#p.Score,>,58,p.Score,<,167,p.CommentCount,>,6,p.CommentCount,<,27,u.DownVotes,>,340,u.DownVotes,<,849,v.CreationDate,>,1241086735,v.CreationDate,<,1363400671,v.VoteTypeId,>,1,v.VoteTypeId,<,12,b.Date,>,1302158103,b.Date,<,1327521078#14840
votes v,posts p,badges b,users u#p.Id=v.PostId,u.Id=p.OwnerUserId,u.Id=b.UserId#p.Score,>,0,p.Score,<,81,p.CommentCount,>,0,p.CommentCount,<,28,u.DownVotes,>,724,u.DownVotes,<,1658,v.CreationDate,>,1278547560,v.CreationDate,<,1402950829,v.VoteTypeId,>,2,v.VoteTypeId,<,13,b.Date,>,1289087087,b.Date,<,1372587168#18224
votes v,posts p,badges b,users u#p.Id=v.PostId,u.Id=p.OwnerUserId,u.Id=b.UserId#p.Score,>,3,p.Score,<,68,p.CommentCount,>,5,p.CommentCount,<,19,u.DownVotes,>,32,u.DownVotes,<,680,v.CreationDate,>,1308802533,v.CreationDate,<,1360674889,v.VoteTypeId,>,1,v.VoteTypeId,<,11,b.Date,>,1287213762,b.Date,<,1358078644#187304
votes v,posts p,badges b,users u#p.Id=v.PostId,u.Id=p.OwnerUserId,u.Id=b.UserId#p.Score,>,5,p.Score,<,7,p.CommentCount,>,5,p.CommentCount,<,42,u.DownVotes,>,316,u.DownVotes,<,797,v.CreationDate,>,1271667747,v.CreationDate,<,1358020012,v.VoteTypeId,>,9,v.VoteTypeId,<,12,b.Date,>,1295617067,b.Date,<,1400414255#168
votes v,posts p,badges b,users u#p.Id=v.PostId,u.Id=p.OwnerUserId,u.Id=b.UserId#p.Score,>,0,p.Score,<,93,p.CommentCount,>,2,p.CommentCount,<,28,u.DownVotes,>,306,u.DownVotes,<,807,v.CreationDate,>,1257838984,v.CreationDate,<,1303274505,v.VoteTypeId,>,2,v.VoteTypeId,<,6,b.Date,>,1354401405,b.Date,<,1394375704#618
votes v,posts p,badges b,users u#p.Id=v.PostId,u.Id=p.OwnerUserId,u.Id=b.UserId#p.Score,>,-18,p.Score,<,9,p.CommentCount,>,2,p.CommentCount,<,33,u.DownVotes,>,11,u.DownVotes,<,835,v.CreationDate,>,1320904949,v.CreationDate,<,1386544435,v.VoteTypeId,>,9,v.VoteTypeId,<,13,b.Date,>,1404792590,b.Date,<,1405646679#8
votes v,posts p,badges b,users u#p.Id=v.PostId,u.Id=p.OwnerUserId,u.Id=b.UserId#p.Score,>,-18,p.Score,<,139,p.CommentCount,>,4,p.CommentCount,<,40,u.DownVotes,>,151,u.DownVotes,<,1854,v.CreationDate,>,1244079289,v.CreationDate,<,1410263476,v.VoteTypeId,>,4,v.VoteTypeId,<,13,b.Date,>,1353572953,b.Date,<,1367994075#2183
votes v,posts p,badges b,users u#p.Id=v.PostId,u.Id=p.OwnerUserId,u.Id=b.UserId#p.Score,>,-8,p.Score,<,9,p.CommentCount,>,0,p.CommentCount,<,22,u.DownVotes,>,370,u.DownVotes,<,1217,v.CreationDate,>,1253074350,v.CreationDate,<,1367019909,v.VoteTypeId,>,4,v.VoteTypeId,<,11,b.Date,>,1367671214,b.Date,<,1407243432#2238
votes v,posts p,badges b,users u#p.Id=v.PostId,u.Id=p.OwnerUserId,u.Id=b.UserId#p.Score,>,35,p.Score,<,185,p.CommentCount,>,17,p.CommentCount,<,40,u.DownVotes,>,164,u.DownVotes,<,368,v.CreationDate,>,1250761405,v.CreationDate,<,1330230702,v.VoteTypeId,>,1,v.VoteTypeId,<,12,b.Date,>,1318048614,b.Date,<,1340409483#490
votes v,posts p,badges b,users u#p.Id=v.PostId,u.Id=p.OwnerUserId,u.Id=b.UserId#p.Score,>,137,p.Score,<,144,p.CommentCount,>,1,p.CommentCount,<,14,u.DownVotes,>,83,u.DownVotes,<,1147,v.CreationDate,>,1299204677,v.CreationDate,<,1345414486,v.VoteTypeId,>,3,v.VoteTypeId,<,12,b.Date,>,1292418714,b.Date,<,1321730334#6
votes v,posts p,badges b,users u#p.Id=v.PostId,u.Id=p.OwnerUserId,u.Id=b.UserId#p.Score,>,61,p.Score,<,191,p.CommentCount,>,4,p.CommentCount,<,30,u.DownVotes,>,386,u.DownVotes,<,1392,v.CreationDate,>,1333164344,v.CreationDate,<,1376301882,v.VoteTypeId,>,1,v.VoteTypeId,<,7,b.Date,>,1303999407,b.Date,<,1376945530#36294
votes v,posts p,badges b,users u#p.Id=v.PostId,u.Id=p.OwnerUserId,u.Id=b.UserId#p.Score,>,-7,p.Score,<,176,p.CommentCount,>,4,p.CommentCount,<,17,u.DownVotes,>,8,u.DownVotes,<,1052,v.CreationDate,>,1267681077,v.CreationDate,<,1326911932,v.VoteTypeId,>,10,v.VoteTypeId,<,14,b.Date,>,1335050713,b.Date,<,1349813789#232
votes v,posts p,badges b,users u#p.Id=v.PostId,u.Id=p.OwnerUserId,u.Id=b.UserId#p.Score,>,95,p.Score,<,118,p.CommentCount,>,13,p.CommentCount,<,16,u.DownVotes,>,117,u.DownVotes,<,272,v.CreationDate,>,1285400858,v.CreationDate,<,1409559255,v.VoteTypeId,>,1,v.VoteTypeId,<,6,b.Date,>,1299608555,b.Date,<,1374663252#13860
votes v,posts p,badges b,users u#p.Id=v.PostId,u.Id=p.OwnerUserId,u.Id=b.UserId#p.Score,>,48,p.Score,<,84,p.CommentCount,>,1,p.CommentCount,<,28,u.DownVotes,>,238,u.DownVotes,<,1517,v.CreationDate,>,1234778577,v.CreationDate,<,1378723465,v.VoteTypeId,>,1,v.VoteTypeId,<,3,b.Date,>,1356655218,b.Date,<,1356866117#347
votes v,posts p,badges b,users u#p.Id=v.PostId,u.Id=p.OwnerUserId,u.Id=b.UserId#p.Score,>,4,p.Score,<,100,p.CommentCount,>,1,p.CommentCount,<,41,u.DownVotes,>,246,u.DownVotes,<,957,v.CreationDate,>,1300704507,v.CreationDate,<,1382410848,v.VoteTypeId,>,8,v.VoteTypeId,<,11,b.Date,>,1336211126,b.Date,<,1355183165#705
votes v,posts p,badges b,users u#p.Id=v.PostId,u.Id=p.OwnerUserId,u.Id=b.UserId#p.Score,>,-16,p.Score,<,36,p.CommentCount,>,1,p.CommentCount,<,12,u.DownVotes,>,143,u.DownVotes,<,1059,v.CreationDate,>,1238858231,v.CreationDate,<,1374065833,v.VoteTypeId,>,2,v.VoteTypeId,<,8,b.Date,>,1303194937,b.Date,<,1392182397#13562
votes v,posts p,badges b,users u#p.Id=v.PostId,u.Id=p.OwnerUserId,u.Id=b.UserId#p.Score,>,15,p.Score,<,133,p.CommentCount,>,4,p.CommentCount,<,20,u.DownVotes,>,51,u.DownVotes,<,1149,v.CreationDate,>,1264539788,v.CreationDate,<,1351552360,v.VoteTypeId,>,6,v.VoteTypeId,<,10,b.Date,>,1287257527,b.Date,<,1315613662#243
votes v,posts p,badges b,users u#p.Id=v.PostId,u.Id=p.OwnerUserId,u.Id=b.UserId#p.Score,>,23,p.Score,<,71,p.CommentCount,>,1,p.CommentCount,<,23,u.DownVotes,>,476,u.DownVotes,<,1278,v.CreationDate,>,1235158161,v.CreationDate,<,1316493519,v.VoteTypeId,>,2,v.VoteTypeId,<,11,b.Date,>,1304108461,b.Date,<,1339636387#102
votes v,posts p,badges b,users u#p.Id=v.PostId,u.Id=p.OwnerUserId,u.Id=b.UserId#p.Score,>,-7,p.Score,<,24,p.CommentCount,>,5,p.CommentCount,<,37,u.DownVotes,>,734,u.DownVotes,<,1821,v.CreationDate,>,1282944033,v.CreationDate,<,1291384204,v.VoteTypeId,>,4,v.VoteTypeId,<,15,b.Date,>,1308205767,b.Date,<,1400963000#710
votes v,posts p,badges b,users u#p.Id=v.PostId,u.Id=p.OwnerUserId,u.Id=b.UserId#p.Score,>,5,p.Score,<,16,p.CommentCount,>,3,p.CommentCount,<,5,u.DownVotes,>,291,u.DownVotes,<,731,v.CreationDate,>,1257230025,v.CreationDate,<,1373066649,v.VoteTypeId,>,1,v.VoteTypeId,<,7,b.Date,>,1386239349,b.Date,<,1405832356#2462
votes v,posts p,badges b,users u#p.Id=v.PostId,u.Id=p.OwnerUserId,u.Id=b.UserId#p.Score,>,6,p.Score,<,154,p.CommentCount,>,12,p.CommentCount,<,26,u.DownVotes,>,773,u.DownVotes,<,847,v.CreationDate,>,1242233445,v.CreationDate,<,1373403367,v.VoteTypeId,>,1,v.VoteTypeId,<,4,b.Date,>,1287202174,b.Date,<,1331609982#13452
votes v,posts p,badges b,users u#p.Id=v.PostId,u.Id=p.OwnerUserId,u.Id=b.UserId#p.Score,>,17,p.Score,<,92,p.CommentCount,>,14,p.CommentCount,<,43,u.DownVotes,>,609,u.DownVotes,<,1311,v.CreationDate,>,1256364484,v.CreationDate,<,1341465321,v.VoteTypeId,>,1,v.VoteTypeId,<,11,b.Date,>,1336848398,b.Date,<,1397227247#5355
votes v,posts p,badges b,users u#p.Id=v.PostId,u.Id=p.OwnerUserId,u.Id=b.UserId#p.Score,>,8,p.Score,<,118,p.CommentCount,>,5,p.CommentCount,<,15,u.DownVotes,>,280,u.DownVotes,<,1626,v.CreationDate,>,1252649627,v.CreationDate,<,1310709732,v.VoteTypeId,>,2,v.VoteTypeId,<,8,b.Date,>,1285886170,b.Date,<,1385156956#1715
votes v,posts p,badges b,users u#p.Id=v.PostId,u.Id=p.OwnerUserId,u.Id=b.UserId#p.Score,>,24,p.Score,<,189,p.CommentCount,>,1,p.CommentCount,<,10,u.DownVotes,>,333,u.DownVotes,<,1636,v.CreationDate,>,1296842852,v.CreationDate,<,1309935762,v.VoteTypeId,>,3,v.VoteTypeId,<,13,b.Date,>,1309330080,b.Date,<,1387518380#38
votes v,posts p,badges b,users u#p.Id=v.PostId,u.Id=p.OwnerUserId,u.Id=b.UserId#p.Score,>,-12,p.Score,<,21,p.CommentCount,>,17,p.CommentCount,<,29,u.DownVotes,>,22,u.DownVotes,<,1699,v.CreationDate,>,1282754358,v.CreationDate,<,1379061931,v.VoteTypeId,>,3,v.VoteTypeId,<,13,b.Date,>,1341891112,b.Date,<,1382456861#202
votes v,posts p,badges b,users u#p.Id=v.PostId,u.Id=p.OwnerUserId,u.Id=b.UserId#p.Score,>,8,p.Score,<,185,p.CommentCount,>,13,p.CommentCount,<,44,u.DownVotes,>,180,u.DownVotes,<,1063,v.CreationDate,>,1237960235,v.CreationDate,<,1377820084,v.VoteTypeId,>,8,v.VoteTypeId,<,13,b.Date,>,1371565485,b.Date,<,1374197135#16
votes v,posts p,badges b,users u#p.Id=v.PostId,u.Id=p.OwnerUserId,u.Id=b.UserId#p.Score,>,-9,p.Score,<,24,p.CommentCount,>,12,p.CommentCount,<,36,u.DownVotes,>,624,u.DownVotes,<,1853,v.CreationDate,>,1242206015,v.CreationDate,<,1404827559,v.VoteTypeId,>,6,v.VoteTypeId,<,10,b.Date,>,1378759502,b.Date,<,1394198524#61
votes v,posts p,badges b,users u#p.Id=v.PostId,u.Id=p.OwnerUserId,u.Id=b.UserId#p.Score,>,7,p.Score,<,160,p.CommentCount,>,0,p.CommentCount,<,15,u.DownVotes,>,518,u.DownVotes,<,806,v.CreationDate,>,1342929571,v.CreationDate,<,1401226057,v.VoteTypeId,>,1,v.VoteTypeId,<,5,b.Date,>,1304425005,b.Date,<,1344586259#281424
votes v,posts p,badges b,users u#p.Id=v.PostId,u.Id=p.OwnerUserId,u.Id=b.UserId#p.Score,>,3,p.Score,<,99,p.CommentCount,>,9,p.CommentCount,<,29,u.DownVotes,>,593,u.DownVotes,<,1462,v.CreationDate,>,1262326414,v.CreationDate,<,1325131345,v.VoteTypeId,>,5,v.VoteTypeId,<,14,b.Date,>,1310638935,b.Date,<,1396225336#324
votes v,posts p,badges b,users u#p.Id=v.PostId,u.Id=p.OwnerUserId,u.Id=b.UserId#p.Score,>,30,p.Score,<,145,p.CommentCount,>,4,p.CommentCount,<,8,u.DownVotes,>,667,u.DownVotes,<,1533,v.CreationDate,>,1322252234,v.CreationDate,<,1339602276,v.VoteTypeId,>,2,v.VoteTypeId,<,9,b.Date,>,1349592707,b.Date,<,1388977108#132
votes v,posts p,badges b,users u#p.Id=v.PostId,u.Id=p.OwnerUserId,u.Id=b.UserId#p.Score,>,-14,p.Score,<,185,p.CommentCount,>,13,p.CommentCount,<,21,u.DownVotes,>,61,u.DownVotes,<,931,v.CreationDate,>,1304715725,v.CreationDate,<,1320736896,v.VoteTypeId,>,1,v.VoteTypeId,<,11,b.Date,>,1366165571,b.Date,<,1370445081#198
votes v,posts p,badges b,users u#p.Id=v.PostId,u.Id=p.OwnerUserId,u.Id=b.UserId#p.Score,>,-16,p.Score,<,100,p.CommentCount,>,3,p.CommentCount,<,14,u.DownVotes,>,495,u.DownVotes,<,1628,v.CreationDate,>,1277717306,v.CreationDate,<,1404285582,v.VoteTypeId,>,1,v.VoteTypeId,<,9,b.Date,>,1319251296,b.Date,<,1329266774#62018
votes v,posts p,badges b,users u#p.Id=v.PostId,u.Id=p.OwnerUserId,u.Id=b.UserId#p.Score,>,-3,p.Score,<,178,p.CommentCount,>,18,p.CommentCount,<,24,u.DownVotes,>,597,u.DownVotes,<,1552,v.CreationDate,>,1287119587,v.CreationDate,<,1354608381,v.VoteTypeId,>,1,v.VoteTypeId,<,4,b.Date,>,1356438497,b.Date,<,1357688091#80
votes v,posts p,badges b,users u#p.Id=v.PostId,u.Id=p.OwnerUserId,u.Id=b.UserId#p.Score,>,48,p.Score,<,175,p.CommentCount,>,5,p.CommentCount,<,44,u.DownVotes,>,80,u.DownVotes,<,1400,v.CreationDate,>,1291170695,v.CreationDate,<,1348476917,v.VoteTypeId,>,2,v.VoteTypeId,<,14,b.Date,>,1348026732,b.Date,<,1410247617#654
votes v,posts p,badges b,users u#p.Id=v.PostId,u.Id=p.OwnerUserId,u.Id=b.UserId#p.Score,>,7,p.Score,<,62,p.CommentCount,>,8,p.CommentCount,<,23,u.DownVotes,>,44,u.DownVotes,<,214,v.CreationDate,>,1310555354,v.CreationDate,<,1344387993,v.VoteTypeId,>,4,v.VoteTypeId,<,7,b.Date,>,1331439407,b.Date,<,1367169026#743
votes v,posts p,badges b,users u#p.Id=v.PostId,u.Id=p.OwnerUserId,u.Id=b.UserId#p.Score,>,56,p.Score,<,72,p.CommentCount,>,7,p.CommentCount,<,34,u.DownVotes,>,34,u.DownVotes,<,385,v.CreationDate,>,1355961704,v.CreationDate,<,1374600693,v.VoteTypeId,>,1,v.VoteTypeId,<,10,b.Date,>,1397962753,b.Date,<,1405166663#685
votes v,posts p,badges b,users u#p.Id=v.PostId,u.Id=p.OwnerUserId,u.Id=b.UserId#p.Score,>,-18,p.Score,<,18,p.CommentCount,>,2,p.CommentCount,<,5,u.DownVotes,>,636,u.DownVotes,<,1740,v.CreationDate,>,1274728265,v.CreationDate,<,1383956702,v.VoteTypeId,>,4,v.VoteTypeId,<,11,b.Date,>,1326190502,b.Date,<,1401188153#1495
votes v,posts p,badges b,users u#p.Id=v.PostId,u.Id=p.OwnerUserId,u.Id=b.UserId#p.Score,>,19,p.Score,<,153,p.CommentCount,>,3,p.CommentCount,<,9,u.DownVotes,>,33,u.DownVotes,<,742,v.CreationDate,>,1262999728,v.CreationDate,<,1320126681,v.VoteTypeId,>,2,v.VoteTypeId,<,9,b.Date,>,1390475347,b.Date,<,1409237268#531
votes v,posts p,badges b,users u#p.Id=v.PostId,u.Id=p.OwnerUserId,u.Id=b.UserId#p.Score,>,-13,p.Score,<,81,p.CommentCount,>,0,p.CommentCount,<,34,u.DownVotes,>,499,u.DownVotes,<,1810,v.CreationDate,>,1260480255,v.CreationDate,<,1354282480,v.VoteTypeId,>,2,v.VoteTypeId,<,6,b.Date,>,1285362726,b.Date,<,1385395614#7889
votes v,posts p,badges b,users u#p.Id=v.PostId,u.Id=p.OwnerUserId,u.Id=b.UserId#p.Score,>,33,p.Score,<,123,p.CommentCount,>,13,p.CommentCount,<,38,u.DownVotes,>,87,u.DownVotes,<,1246,v.CreationDate,>,1328928487,v.CreationDate,<,1347366267,v.VoteTypeId,>,1,v.VoteTypeId,<,8,b.Date,>,1300844550,b.Date,<,1317728239#304
votes v,posts p,badges b,users u#p.Id=v.PostId,u.Id=p.OwnerUserId,u.Id=b.UserId#p.Score,>,89,p.Score,<,173,p.CommentCount,>,6,p.CommentCount,<,29,u.DownVotes,>,688,u.DownVotes,<,1534,v.CreationDate,>,1304216595,v.CreationDate,<,1313063926,v.VoteTypeId,>,1,v.VoteTypeId,<,8,b.Date,>,1310286761,b.Date,<,1397252959#4875
votes v,posts p,badges b,users u#p.Id=v.PostId,u.Id=p.OwnerUserId,u.Id=b.UserId#p.Score,>,-10,p.Score,<,180,p.CommentCount,>,17,p.CommentCount,<,36,u.DownVotes,>,674,u.DownVotes,<,824,v.CreationDate,>,1267883245,v.CreationDate,<,1394618637,v.VoteTypeId,>,1,v.VoteTypeId,<,7,b.Date,>,1337906983,b.Date,<,1376285946#6552
votes v,posts p,badges b,users u#p.Id=v.PostId,u.Id=p.OwnerUserId,u.Id=b.UserId#p.Score,>,-9,p.Score,<,141,p.CommentCount,>,13,p.CommentCount,<,19,u.DownVotes,>,410,u.DownVotes,<,1566,v.CreationDate,>,1312455011,v.CreationDate,<,1356888305,v.VoteTypeId,>,2,v.VoteTypeId,<,12,b.Date,>,1377299455,b.Date,<,1384629370#6
votes v,posts p,badges b,users u#p.Id=v.PostId,u.Id=p.OwnerUserId,u.Id=b.UserId#p.Score,>,0,p.Score,<,22,p.CommentCount,>,5,p.CommentCount,<,32,u.DownVotes,>,124,u.DownVotes,<,1662,v.CreationDate,>,1277502155,v.CreationDate,<,1376810889,v.VoteTypeId,>,4,v.VoteTypeId,<,13,b.Date,>,1288117800,b.Date,<,1340755076#4105
votes v,posts p,badges b,users u#p.Id=v.PostId,u.Id=p.OwnerUserId,u.Id=b.UserId#p.Score,>,-7,p.Score,<,117,p.CommentCount,>,11,p.CommentCount,<,20,u.DownVotes,>,111,u.DownVotes,<,285,v.CreationDate,>,1352674755,v.CreationDate,<,1379820563,v.VoteTypeId,>,1,v.VoteTypeId,<,13,b.Date,>,1327890559,b.Date,<,1361722135#6310
votes v,posts p,badges b,users u#p.Id=v.PostId,u.Id=p.OwnerUserId,u.Id=b.UserId#p.Score,>,7,p.Score,<,20,p.CommentCount,>,11,p.CommentCount,<,24,u.DownVotes,>,743,u.DownVotes,<,1095,v.CreationDate,>,1283230789,v.CreationDate,<,1378225585,v.VoteTypeId,>,4,v.VoteTypeId,<,15,b.Date,>,1346801013,b.Date,<,1350176286#19
votes v,posts p,badges b,users u#p.Id=v.PostId,u.Id=p.OwnerUserId,u.Id=b.UserId#p.Score,>,73,p.Score,<,174,p.CommentCount,>,5,p.CommentCount,<,33,u.DownVotes,>,5,u.DownVotes,<,1686,v.CreationDate,>,1271858100,v.CreationDate,<,1313729922,v.VoteTypeId,>,4,v.VoteTypeId,<,6,b.Date,>,1281047213,b.Date,<,1325771595#400
votes v,posts p,badges b,users u#p.Id=v.PostId,u.Id=p.OwnerUserId,u.Id=b.UserId#p.Score,>,15,p.Score,<,116,p.CommentCount,>,3,p.CommentCount,<,38,u.DownVotes,>,172,u.DownVotes,<,831,v.CreationDate,>,1292138300,v.CreationDate,<,1363343104,v.VoteTypeId,>,1,v.VoteTypeId,<,11,b.Date,>,1314507816,b.Date,<,1381397584#287846
votes v,posts p,badges b,users u#p.Id=v.PostId,u.Id=p.OwnerUserId,u.Id=b.UserId#p.Score,>,-14,p.Score,<,77,p.CommentCount,>,13,p.CommentCount,<,33,u.DownVotes,>,536,u.DownVotes,<,1576,v.CreationDate,>,1325049441,v.CreationDate,<,1397120951,v.VoteTypeId,>,4,v.VoteTypeId,<,11,b.Date,>,1326799170,b.Date,<,1353040452#116
votes v,posts p,badges b,users u#p.Id=v.PostId,u.Id=p.OwnerUserId,u.Id=b.UserId#p.Score,>,3,p.Score,<,160,p.CommentCount,>,15,p.CommentCount,<,22,u.DownVotes,>,354,u.DownVotes,<,1568,v.CreationDate,>,1255419820,v.CreationDate,<,1360173024,v.VoteTypeId,>,1,v.VoteTypeId,<,7,b.Date,>,1292774617,b.Date,<,1316581021#4262
votes v,posts p,badges b,users u#p.Id=v.PostId,u.Id=p.OwnerUserId,u.Id=b.UserId#p.Score,>,-16,p.Score,<,129,p.CommentCount,>,8,p.CommentCount,<,36,u.DownVotes,>,446,u.DownVotes,<,1143,v.CreationDate,>,1371564792,v.CreationDate,<,1391325043,v.VoteTypeId,>,1,v.VoteTypeId,<,11,b.Date,>,1326324565,b.Date,<,1351555047#18645
votes v,posts p,badges b,users u#p.Id=v.PostId,u.Id=p.OwnerUserId,u.Id=b.UserId#p.Score,>,-11,p.Score,<,70,p.CommentCount,>,6,p.CommentCount,<,35,u.DownVotes,>,488,u.DownVotes,<,1068,v.CreationDate,>,1262558837,v.CreationDate,<,1407325446,v.VoteTypeId,>,7,v.VoteTypeId,<,11,b.Date,>,1398267173,b.Date,<,1399801422#78
votes v,posts p,badges b,users u#p.Id=v.PostId,u.Id=p.OwnerUserId,u.Id=b.UserId#p.Score,>,5,p.Score,<,186,p.CommentCount,>,3,p.CommentCount,<,17,u.DownVotes,>,235,u.DownVotes,<,429,v.CreationDate,>,1272265650,v.CreationDate,<,1370579490,v.VoteTypeId,>,1,v.VoteTypeId,<,3,b.Date,>,1296976268,b.Date,<,1334445146#21760
votes v,posts p,badges b,users u#p.Id=v.PostId,u.Id=p.OwnerUserId,u.Id=b.UserId#p.Score,>,-10,p.Score,<,150,p.CommentCount,>,2,p.CommentCount,<,13,u.DownVotes,>,218,u.DownVotes,<,942,v.CreationDate,>,1276218054,v.CreationDate,<,1339820210,v.VoteTypeId,>,6,v.VoteTypeId,<,11,b.Date,>,1314670183,b.Date,<,1361455175#1530
votes v,posts p,badges b,users u#p.Id=v.PostId,u.Id=p.OwnerUserId,u.Id=b.UserId#p.Score,>,0,p.Score,<,166,p.CommentCount,>,7,p.CommentCount,<,36,u.DownVotes,>,346,u.DownVotes,<,1346,v.CreationDate,>,1374875707,v.CreationDate,<,1381709743,v.VoteTypeId,>,2,v.VoteTypeId,<,13,b.Date,>,1305352833,b.Date,<,1345428942#26
votes v,posts p,badges b,users u#p.Id=v.PostId,u.Id=p.OwnerUserId,u.Id=b.UserId#p.Score,>,-14,p.Score,<,165,p.CommentCount,>,7,p.CommentCount,<,12,u.DownVotes,>,105,u.DownVotes,<,1832,v.CreationDate,>,1245282049,v.CreationDate,<,1392546470,v.VoteTypeId,>,3,v.VoteTypeId,<,7,b.Date,>,1309410433,b.Date,<,1354538270#1253
votes v,posts p,badges b,users u#p.Id=v.PostId,u.Id=p.OwnerUserId,u.Id=b.UserId#p.Score,>,19,p.Score,<,183,p.CommentCount,>,3,p.CommentCount,<,30,u.DownVotes,>,125,u.DownVotes,<,813,v.CreationDate,>,1253622731,v.CreationDate,<,1300757290,v.VoteTypeId,>,7,v.VoteTypeId,<,10,b.Date,>,1302537493,b.Date,<,1309669401#9
votes v,posts p,badges b,users u#p.Id=v.PostId,u.Id=p.OwnerUserId,u.Id=b.UserId#p.Score,>,9,p.Score,<,154,p.CommentCount,>,8,p.CommentCount,<,23,u.DownVotes,>,16,u.DownVotes,<,496,v.CreationDate,>,1266172220,v.CreationDate,<,1387848263,v.VoteTypeId,>,5,v.VoteTypeId,<,12,b.Date,>,1355188087,b.Date,<,1377738102#293
votes v,posts p,badges b,users u#p.Id=v.PostId,u.Id=p.OwnerUserId,u.Id=b.UserId#p.Score,>,-6,p.Score,<,138,p.CommentCount,>,22,p.CommentCount,<,36,u.DownVotes,>,73,u.DownVotes,<,1809,v.CreationDate,>,1277051052,v.CreationDate,<,1340451285,v.VoteTypeId,>,2,v.VoteTypeId,<,10,b.Date,>,1405299058,b.Date,<,1410278834#2
votes v,posts p,badges b,users u#p.Id=v.PostId,u.Id=p.OwnerUserId,u.Id=b.UserId#p.Score,>,-11,p.Score,<,169,p.CommentCount,>,4,p.CommentCount,<,19,u.DownVotes,>,748,u.DownVotes,<,1717,v.CreationDate,>,1293889412,v.CreationDate,<,1352301555,v.VoteTypeId,>,5,v.VoteTypeId,<,15,b.Date,>,1319504762,b.Date,<,1350316202#630
votes v,posts p,badges b,users u#p.Id=v.PostId,u.Id=p.OwnerUserId,u.Id=b.UserId#p.Score,>,72,p.Score,<,81,p.CommentCount,>,1,p.CommentCount,<,30,u.DownVotes,>,26,u.DownVotes,<,301,v.CreationDate,>,1375648911,v.CreationDate,<,1397993492,v.VoteTypeId,>,4,v.VoteTypeId,<,7,b.Date,>,1306322207,b.Date,<,1333436202#180
votes v,posts p,badges b,users u#p.Id=v.PostId,u.Id=p.OwnerUserId,u.Id=b.UserId#p.Score,>,23,p.Score,<,148,p.CommentCount,>,3,p.CommentCount,<,30,u.DownVotes,>,767,u.DownVotes,<,1667,v.CreationDate,>,1320960266,v.CreationDate,<,1340042752,v.VoteTypeId,>,1,v.VoteTypeId,<,7,b.Date,>,1328838523,b.Date,<,1406140656#59783
votes v,posts p,badges b,users u#p.Id=v.PostId,u.Id=p.OwnerUserId,u.Id=b.UserId#p.Score,>,1,p.Score,<,110,p.CommentCount,>,1,p.CommentCount,<,39,u.DownVotes,>,554,u.DownVotes,<,1514,v.CreationDate,>,1268059588,v.CreationDate,<,1351838380,v.VoteTypeId,>,3,v.VoteTypeId,<,9,b.Date,>,1339129129,b.Date,<,1345377943#720
votes v,posts p,badges b,users u#p.Id=v.PostId,u.Id=p.OwnerUserId,u.Id=b.UserId#p.Score,>,3,p.Score,<,65,p.CommentCount,>,0,p.CommentCount,<,31,u.DownVotes,>,154,u.DownVotes,<,1077,v.CreationDate,>,1249568349,v.CreationDate,<,1299182200,v.VoteTypeId,>,6,v.VoteTypeId,<,9,b.Date,>,1331428776,b.Date,<,1391799274#385
votes v,posts p,badges b,users u#p.Id=v.PostId,u.Id=p.OwnerUserId,u.Id=b.UserId#p.Score,>,16,p.Score,<,37,p.CommentCount,>,9,p.CommentCount,<,42,u.DownVotes,>,592,u.DownVotes,<,1868,v.CreationDate,>,1323530929,v.CreationDate,<,1340750325,v.VoteTypeId,>,1,v.VoteTypeId,<,11,b.Date,>,1311624641,b.Date,<,1396358182#14445
votes v,posts p,badges b,users u#p.Id=v.PostId,u.Id=p.OwnerUserId,u.Id=b.UserId#p.Score,>,79,p.Score,<,95,p.CommentCount,>,1,p.CommentCount,<,17,u.DownVotes,>,199,u.DownVotes,<,1895,v.CreationDate,>,1290685875,v.CreationDate,<,1369129239,v.VoteTypeId,>,1,v.VoteTypeId,<,13,b.Date,>,1293464295,b.Date,<,1332353671#5100
votes v,posts p,badges b,users u#p.Id=v.PostId,u.Id=p.OwnerUserId,u.Id=b.UserId#p.Score,>,20,p.Score,<,162,p.CommentCount,>,9,p.CommentCount,<,37,u.DownVotes,>,56,u.DownVotes,<,346,v.CreationDate,>,1282919460,v.CreationDate,<,1343034644,v.VoteTypeId,>,1,v.VoteTypeId,<,14,b.Date,>,1331924404,b.Date,<,1379054969#16954
votes v,posts p,badges b,users u#p.Id=v.PostId,u.Id=p.OwnerUserId,u.Id=b.UserId#p.Score,>,40,p.Score,<,46,p.CommentCount,>,14,p.CommentCount,<,34,u.DownVotes,>,159,u.DownVotes,<,847,v.CreationDate,>,1313220315,v.CreationDate,<,1342418750,v.VoteTypeId,>,1,v.VoteTypeId,<,14,b.Date,>,1351549668,b.Date,<,1408787274#440
votes v,posts p,badges b,users u#p.Id=v.PostId,u.Id=p.OwnerUserId,u.Id=b.UserId#p.Score,>,-17,p.Score,<,12,p.CommentCount,>,9,p.CommentCount,<,41,u.DownVotes,>,153,u.DownVotes,<,1408,v.CreationDate,>,1237945429,v.CreationDate,<,1392240888,v.VoteTypeId,>,6,v.VoteTypeId,<,10,b.Date,>,1366487215,b.Date,<,1402655005#403
votes v,posts p,badges b,users u#p.Id=v.PostId,u.Id=p.OwnerUserId,u.Id=b.UserId#p.Score,>,16,p.Score,<,186,p.CommentCount,>,27,p.CommentCount,<,37,u.DownVotes,>,73,u.DownVotes,<,629,v.CreationDate,>,1349627105,v.CreationDate,<,1374770383,v.VoteTypeId,>,1,v.VoteTypeId,<,4,b.Date,>,1317281780,b.Date,<,1352348602#2185
votes v,posts p,badges b,users u#p.Id=v.PostId,u.Id=p.OwnerUserId,u.Id=b.UserId#p.Score,>,72,p.Score,<,174,p.CommentCount,>,0,p.CommentCount,<,25,u.DownVotes,>,560,u.DownVotes,<,1065,v.CreationDate,>,1290791214,v.CreationDate,<,1396697546,v.VoteTypeId,>,2,v.VoteTypeId,<,7,b.Date,>,1328367149,b.Date,<,1340027005#35
votes v,posts p,badges b,users u#p.Id=v.PostId,u.Id=p.OwnerUserId,u.Id=b.UserId#p.Score,>,-3,p.Score,<,72,p.CommentCount,>,15,p.CommentCount,<,31,u.DownVotes,>,338,u.DownVotes,<,1428,v.CreationDate,>,1272540049,v.CreationDate,<,1379477322,v.VoteTypeId,>,1,v.VoteTypeId,<,14,b.Date,>,1325439239,b.Date,<,1401764130#25454
votes v,posts p,badges b,users u#p.Id=v.PostId,u.Id=p.OwnerUserId,u.Id=b.UserId#p.Score,>,-15,p.Score,<,7,p.CommentCount,>,0,p.CommentCount,<,21,u.DownVotes,>,144,u.DownVotes,<,447,v.CreationDate,>,1240717115,v.CreationDate,<,1328988439,v.VoteTypeId,>,2,v.VoteTypeId,<,10,b.Date,>,1374992103,b.Date,<,1385094698#54
votes v,posts p,badges b,users u#p.Id=v.PostId,u.Id=p.OwnerUserId,u.Id=b.UserId#p.Score,>,-1,p.Score,<,29,p.CommentCount,>,19,p.CommentCount,<,31,u.DownVotes,>,302,u.DownVotes,<,946,v.CreationDate,>,1256443592,v.CreationDate,<,1386628259,v.VoteTypeId,>,1,v.VoteTypeId,<,11,b.Date,>,1323274996,b.Date,<,1372010484#1770
votes v,posts p,badges b,users u#p.Id=v.PostId,u.Id=p.OwnerUserId,u.Id=b.UserId#p.Score,>,-12,p.Score,<,56,p.CommentCount,>,10,p.CommentCount,<,18,u.DownVotes,>,59,u.DownVotes,<,1764,v.CreationDate,>,1324270963,v.CreationDate,<,1331927973,v.VoteTypeId,>,2,v.VoteTypeId,<,6,b.Date,>,1347985561,b.Date,<,1385066840#54
votes v,posts p,badges b,users u#p.Id=v.PostId,u.Id=p.OwnerUserId,u.Id=b.UserId#p.Score,>,-14,p.Score,<,21,p.CommentCount,>,14,p.CommentCount,<,36,u.DownVotes,>,361,u.DownVotes,<,1067,v.CreationDate,>,1297267495,v.CreationDate,<,1363137118,v.VoteTypeId,>,5,v.VoteTypeId,<,13,b.Date,>,1302336152,b.Date,<,1333437189#80
votes v,posts p,badges b,users u#p.Id=v.PostId,u.Id=p.OwnerUserId,u.Id=b.UserId#p.Score,>,-16,p.Score,<,190,p.CommentCount,>,18,p.CommentCount,<,32,u.DownVotes,>,164,u.DownVotes,<,1130,v.CreationDate,>,1238474664,v.CreationDate,<,1359350981,v.VoteTypeId,>,7,v.VoteTypeId,<,15,b.Date,>,1291199898,b.Date,<,1322441992#128
votes v,posts p,badges b,users u#p.Id=v.PostId,u.Id=p.OwnerUserId,u.Id=b.UserId#p.Score,>,82,p.Score,<,169,p.CommentCount,>,7,p.CommentCount,<,32,u.DownVotes,>,58,u.DownVotes,<,1883,v.CreationDate,>,1310254600,v.CreationDate,<,1394248108,v.VoteTypeId,>,5,v.VoteTypeId,<,15,b.Date,>,1319895794,b.Date,<,1327587746#14
votes v,posts p,badges b,users u#p.Id=v.PostId,u.Id=p.OwnerUserId,u.Id=b.UserId#p.Score,>,17,p.Score,<,123,p.CommentCount,>,7,p.CommentCount,<,31,u.DownVotes,>,644,u.DownVotes,<,934,v.CreationDate,>,1280984086,v.CreationDate,<,1308035157,v.VoteTypeId,>,1,v.VoteTypeId,<,7,b.Date,>,1290512722,b.Date,<,1362254419#15498
votes v,posts p,badges b,users u#p.Id=v.PostId,u.Id=p.OwnerUserId,u.Id=b.UserId#p.Score,>,6,p.Score,<,164,p.CommentCount,>,3,p.CommentCount,<,40,u.DownVotes,>,177,u.DownVotes,<,1604,v.CreationDate,>,1324881238,v.CreationDate,<,1395080652,v.VoteTypeId,>,2,v.VoteTypeId,<,9,b.Date,>,1352708766,b.Date,<,1402172405#5839
votes v,posts p,badges b,users u#p.Id=v.PostId,u.Id=p.OwnerUserId,u.Id=b.UserId#p.Score,>,23,p.Score,<,165,p.CommentCount,>,1,p.CommentCount,<,17,u.DownVotes,>,191,u.DownVotes,<,1685,v.CreationDate,>,1309570953,v.CreationDate,<,1331722187,v.VoteTypeId,>,2,v.VoteTypeId,<,8,b.Date,>,1331070314,b.Date,<,1357579962#371
votes v,posts p,badges b,users u#p.Id=v.PostId,u.Id=p.OwnerUserId,u.Id=b.UserId#p.Score,>,8,p.Score,<,149,p.CommentCount,>,14,p.CommentCount,<,38,u.DownVotes,>,625,u.DownVotes,<,1755,v.CreationDate,>,1293035644,v.CreationDate,<,1355820608,v.VoteTypeId,>,1,v.VoteTypeId,<,7,b.Date,>,1300116411,b.Date,<,1325550350#4623
votes v,posts p,badges b,users u#p.Id=v.PostId,u.Id=p.OwnerUserId,u.Id=b.UserId#p.Score,>,-13,p.Score,<,150,p.CommentCount,>,14,p.CommentCount,<,17,u.DownVotes,>,5,u.DownVotes,<,119,v.CreationDate,>,1312319709,v.CreationDate,<,1341470685,v.VoteTypeId,>,4,v.VoteTypeId,<,7,b.Date,>,1296638423,b.Date,<,1408194401#129
votes v,posts p,badges b,users u#p.Id=v.PostId,u.Id=p.OwnerUserId,u.Id=b.UserId#p.Score,>,17,p.Score,<,90,p.CommentCount,>,1,p.CommentCount,<,32,u.DownVotes,>,120,u.DownVotes,<,346,v.CreationDate,>,1328751011,v.CreationDate,<,1352827160,v.VoteTypeId,>,4,v.VoteTypeId,<,7,b.Date,>,1280904070,b.Date,<,1389820027#3001
votes v,posts p,badges b,users u#p.Id=v.PostId,u.Id=p.OwnerUserId,u.Id=b.UserId#p.Score,>,12,p.Score,<,55,p.CommentCount,>,5,p.CommentCount,<,10,u.DownVotes,>,728,u.DownVotes,<,1246,v.CreationDate,>,1261192924,v.CreationDate,<,1360721576,v.VoteTypeId,>,6,v.VoteTypeId,<,15,b.Date,>,1284263856,b.Date,<,1375123080#918
votes v,posts p,badges b,users u#p.Id=v.PostId,u.Id=p.OwnerUserId,u.Id=b.UserId#p.Score,>,0,p.Score,<,163,p.CommentCount,>,2,p.CommentCount,<,36,u.DownVotes,>,125,u.DownVotes,<,1436,v.CreationDate,>,1274123010,v.CreationDate,<,1300419095,v.VoteTypeId,>,6,v.VoteTypeId,<,9,b.Date,>,1377566534,b.Date,<,1388541719#38
votes v,posts p,badges b,users u#p.Id=v.PostId,u.Id=p.OwnerUserId,u.Id=b.UserId#p.Score,>,2,p.Score,<,182,p.CommentCount,>,7,p.CommentCount,<,23,u.DownVotes,>,245,u.DownVotes,<,1322,v.CreationDate,>,1272651533,v.CreationDate,<,1369053870,v.VoteTypeId,>,2,v.VoteTypeId,<,15,b.Date,>,1295488304,b.Date,<,1327439666#639
votes v,posts p,badges b,users u#p.Id=v.PostId,u.Id=p.OwnerUserId,u.Id=b.UserId#p.Score,>,50,p.Score,<,171,p.CommentCount,>,1,p.CommentCount,<,26,u.DownVotes,>,383,u.DownVotes,<,1437,v.CreationDate,>,1286397062,v.CreationDate,<,1385836888,v.VoteTypeId,>,1,v.VoteTypeId,<,12,b.Date,>,1286785807,b.Date,<,1346025635#91868
votes v,posts p,badges b,users u#p.Id=v.PostId,u.Id=p.OwnerUserId,u.Id=b.UserId#p.Score,>,-1,p.Score,<,148,p.CommentCount,>,8,p.CommentCount,<,37,u.DownVotes,>,140,u.DownVotes,<,188,v.CreationDate,>,1283109237,v.CreationDate,<,1371315170,v.VoteTypeId,>,6,v.VoteTypeId,<,13,b.Date,>,1322823302,b.Date,<,1391233536#60
votes v,posts p,badges b,users u#p.Id=v.PostId,u.Id=p.OwnerUserId,u.Id=b.UserId#p.Score,>,-2,p.Score,<,158,p.CommentCount,>,4,p.CommentCount,<,37,u.DownVotes,>,236,u.DownVotes,<,1207,v.CreationDate,>,1311763547,v.CreationDate,<,1408612198,v.VoteTypeId,>,1,v.VoteTypeId,<,11,b.Date,>,1315589603,b.Date,<,1320760937#30653
votes v,posts p,badges b,users u#p.Id=v.PostId,u.Id=p.OwnerUserId,u.Id=b.UserId#p.Score,>,53,p.Score,<,79,p.CommentCount,>,3,p.CommentCount,<,29,u.DownVotes,>,654,u.DownVotes,<,860,v.CreationDate,>,1399444633,v.CreationDate,<,1399886379,v.VoteTypeId,>,1,v.VoteTypeId,<,13,b.Date,>,1292753022,b.Date,<,1348797779#196
votes v,posts p,badges b,users u#p.Id=v.PostId,u.Id=p.OwnerUserId,u.Id=b.UserId#p.Score,>,6,p.Score,<,175,p.CommentCount,>,15,p.CommentCount,<,43,u.DownVotes,>,184,u.DownVotes,<,1011,v.CreationDate,>,1266182584,v.CreationDate,<,1394235922,v.VoteTypeId,>,7,v.VoteTypeId,<,13,b.Date,>,1352183774,b.Date,<,1403436649#242
votes v,posts p,badges b,users u#p.Id=v.PostId,u.Id=p.OwnerUserId,u.Id=b.UserId#p.Score,>,-1,p.Score,<,177,p.CommentCount,>,11,p.CommentCount,<,28,u.DownVotes,>,314,u.DownVotes,<,1296,v.CreationDate,>,1243711198,v.CreationDate,<,1289011070,v.VoteTypeId,>,1,v.VoteTypeId,<,11,b.Date,>,1324053784,b.Date,<,1410490261#2373
votes v,posts p,badges b,users u#p.Id=v.PostId,u.Id=p.OwnerUserId,u.Id=b.UserId#p.Score,>,18,p.Score,<,115,p.CommentCount,>,11,p.CommentCount,<,39,u.DownVotes,>,77,u.DownVotes,<,1121,v.CreationDate,>,1261168603,v.CreationDate,<,1334234248,v.VoteTypeId,>,8,v.VoteTypeId,<,12,b.Date,>,1316895010,b.Date,<,1334216682#23
votes v,posts p,badges b,users u#p.Id=v.PostId,u.Id=p.OwnerUserId,u.Id=b.UserId#p.Score,>,6,p.Score,<,110,p.CommentCount,>,0,p.CommentCount,<,18,u.DownVotes,>,350,u.DownVotes,<,1417,v.CreationDate,>,1318634612,v.CreationDate,<,1368415420,v.VoteTypeId,>,6,v.VoteTypeId,<,13,b.Date,>,1309086560,b.Date,<,1343845403#846
votes v,posts p,badges b,users u#p.Id=v.PostId,u.Id=p.OwnerUserId,u.Id=b.UserId#p.Score,>,12,p.Score,<,82,p.CommentCount,>,5,p.CommentCount,<,14,u.DownVotes,>,191,u.DownVotes,<,1547,v.CreationDate,>,1241192136,v.CreationDate,<,1356803525,v.VoteTypeId,>,2,v.VoteTypeId,<,15,b.Date,>,1320705681,b.Date,<,1329864343#501
votes v,posts p,badges b,users u#p.Id=v.PostId,u.Id=p.OwnerUserId,u.Id=b.UserId#p.Score,>,-2,p.Score,<,32,p.CommentCount,>,0,p.CommentCount,<,34,u.DownVotes,>,503,u.DownVotes,<,859,v.CreationDate,>,1238313565,v.CreationDate,<,1302148145,v.VoteTypeId,>,4,v.VoteTypeId,<,13,b.Date,>,1396837744,b.Date,<,1410393468#570
votes v,posts p,badges b,users u#p.Id=v.PostId,u.Id=p.OwnerUserId,u.Id=b.UserId#p.Score,>,62,p.Score,<,150,p.CommentCount,>,2,p.CommentCount,<,41,u.DownVotes,>,646,u.DownVotes,<,1498,v.CreationDate,>,1252854538,v.CreationDate,<,1380413950,v.VoteTypeId,>,2,v.VoteTypeId,<,10,b.Date,>,1311202641,b.Date,<,1366116083#204
votes v,posts p,badges b,users u#p.Id=v.PostId,u.Id=p.OwnerUserId,u.Id=b.UserId#p.Score,>,-3,p.Score,<,63,p.CommentCount,>,5,p.CommentCount,<,31,u.DownVotes,>,206,u.DownVotes,<,535,v.CreationDate,>,1233983933,v.CreationDate,<,1326768417,v.VoteTypeId,>,1,v.VoteTypeId,<,9,b.Date,>,1298739210,b.Date,<,1339440794#29866
votes v,posts p,badges b,users u#p.Id=v.PostId,u.Id=p.OwnerUserId,u.Id=b.UserId#p.Score,>,-17,p.Score,<,85,p.CommentCount,>,7,p.CommentCount,<,37,u.DownVotes,>,97,u.DownVotes,<,460,v.CreationDate,>,1234788012,v.CreationDate,<,1348138595,v.VoteTypeId,>,8,v.VoteTypeId,<,10,b.Date,>,1284548544,b.Date,<,1397509683#133
votes v,posts p,badges b,users u#p.Id=v.PostId,u.Id=p.OwnerUserId,u.Id=b.UserId#p.Score,>,40,p.Score,<,187,p.CommentCount,>,1,p.CommentCount,<,25,u.DownVotes,>,79,u.DownVotes,<,127,v.CreationDate,>,1254813595,v.CreationDate,<,1336457605,v.VoteTypeId,>,2,v.VoteTypeId,<,13,b.Date,>,1391595507,b.Date,<,1401020741#204
votes v,posts p,badges b,users u#p.Id=v.PostId,u.Id=p.OwnerUserId,u.Id=b.UserId#p.Score,>,-13,p.Score,<,15,p.CommentCount,>,4,p.CommentCount,<,23,u.DownVotes,>,727,u.DownVotes,<,1469,v.CreationDate,>,1234980279,v.CreationDate,<,1322081104,v.VoteTypeId,>,4,v.VoteTypeId,<,14,b.Date,>,1319723857,b.Date,<,1370321790#1448
votes v,posts p,badges b,users u#p.Id=v.PostId,u.Id=p.OwnerUserId,u.Id=b.UserId#p.Score,>,53,p.Score,<,121,p.CommentCount,>,6,p.CommentCount,<,9,u.DownVotes,>,48,u.DownVotes,<,851,v.CreationDate,>,1354931341,v.CreationDate,<,1365570191,v.VoteTypeId,>,1,v.VoteTypeId,<,5,b.Date,>,1316383786,b.Date,<,1321262615#18
votes v,posts p,badges b,users u#p.Id=v.PostId,u.Id=p.OwnerUserId,u.Id=b.UserId#p.Score,>,-4,p.Score,<,135,p.CommentCount,>,9,p.CommentCount,<,39,u.DownVotes,>,82,u.DownVotes,<,1796,v.CreationDate,>,1307900962,v.CreationDate,<,1321218870,v.VoteTypeId,>,7,v.VoteTypeId,<,15,b.Date,>,1317589787,b.Date,<,1384681295#256
votes v,posts p,badges b,users u#p.Id=v.PostId,u.Id=p.OwnerUserId,u.Id=b.UserId#p.Score,>,-12,p.Score,<,187,p.CommentCount,>,0,p.CommentCount,<,20,u.DownVotes,>,777,u.DownVotes,<,1881,v.CreationDate,>,1279857221,v.CreationDate,<,1362431936,v.VoteTypeId,>,9,v.VoteTypeId,<,14,b.Date,>,1349825083,b.Date,<,1402332735#196
votes v,posts p,badges b,users u#p.Id=v.PostId,u.Id=p.OwnerUserId,u.Id=b.UserId#p.Score,>,89,p.Score,<,187,p.CommentCount,>,10,p.CommentCount,<,35,u.DownVotes,>,117,u.DownVotes,<,1019,v.CreationDate,>,1369610207,v.CreationDate,<,1378272658,v.VoteTypeId,>,1,v.VoteTypeId,<,13,b.Date,>,1325698116,b.Date,<,1354990969#3539
votes v,posts p,badges b,users u#p.Id=v.PostId,u.Id=p.OwnerUserId,u.Id=b.UserId#p.Score,>,0,p.Score,<,112,p.CommentCount,>,7,p.CommentCount,<,26,u.DownVotes,>,343,u.DownVotes,<,1022,v.CreationDate,>,1276902737,v.CreationDate,<,1316868279,v.VoteTypeId,>,5,v.VoteTypeId,<,13,b.Date,>,1288099977,b.Date,<,1385484399#674
votes v,posts p,badges b,users u#p.Id=v.PostId,u.Id=p.OwnerUserId,u.Id=b.UserId#p.Score,>,65,p.Score,<,151,p.CommentCount,>,9,p.CommentCount,<,33,u.DownVotes,>,266,u.DownVotes,<,1262,v.CreationDate,>,1288250161,v.CreationDate,<,1345850344,v.VoteTypeId,>,1,v.VoteTypeId,<,13,b.Date,>,1319270572,b.Date,<,1347306738#10080
votes v,posts p,badges b,users u#p.Id=v.PostId,u.Id=p.OwnerUserId,u.Id=b.UserId#p.Score,>,15,p.Score,<,153,p.CommentCount,>,4,p.CommentCount,<,27,u.DownVotes,>,265,u.DownVotes,<,542,v.CreationDate,>,1295872068,v.CreationDate,<,1366222265,v.VoteTypeId,>,3,v.VoteTypeId,<,11,b.Date,>,1288151176,b.Date,<,1311257369#33
votes v,posts p,badges b,users u#p.Id=v.PostId,u.Id=p.OwnerUserId,u.Id=b.UserId#p.Score,>,0,p.Score,<,157,p.CommentCount,>,0,p.CommentCount,<,12,u.DownVotes,>,209,u.DownVotes,<,1421,v.CreationDate,>,1293020719,v.CreationDate,<,1321197805,v.VoteTypeId,>,2,v.VoteTypeId,<,8,b.Date,>,1304910144,b.Date,<,1316577215#333
votes v,posts p,badges b,users u#p.Id=v.PostId,u.Id=p.OwnerUserId,u.Id=b.UserId#p.Score,>,-4,p.Score,<,151,p.CommentCount,>,26,p.CommentCount,<,42,u.DownVotes,>,36,u.DownVotes,<,887,v.CreationDate,>,1324576619,v.CreationDate,<,1404329931,v.VoteTypeId,>,1,v.VoteTypeId,<,6,b.Date,>,1311734602,b.Date,<,1346504727#6062
votes v,posts p,badges b,users u#p.Id=v.PostId,u.Id=p.OwnerUserId,u.Id=b.UserId#p.Score,>,-6,p.Score,<,8,p.CommentCount,>,10,p.CommentCount,<,14,u.DownVotes,>,679,u.DownVotes,<,1761,v.CreationDate,>,1246799163,v.CreationDate,<,1372489621,v.VoteTypeId,>,1,v.VoteTypeId,<,13,b.Date,>,1324269695,b.Date,<,1374979613#6304
votes v,posts p,badges b,users u#p.Id=v.PostId,u.Id=p.OwnerUserId,u.Id=b.UserId#p.Score,>,28,p.Score,<,101,p.CommentCount,>,0,p.CommentCount,<,8,u.DownVotes,>,401,u.DownVotes,<,1596,v.CreationDate,>,1273476357,v.CreationDate,<,1333695185,v.VoteTypeId,>,2,v.VoteTypeId,<,9,b.Date,>,1323694542,b.Date,<,1388134246#243
votes v,posts p,badges b,users u#p.Id=v.PostId,u.Id=p.OwnerUserId,u.Id=b.UserId#p.Score,>,-18,p.Score,<,71,p.CommentCount,>,14,p.CommentCount,<,16,u.DownVotes,>,672,u.DownVotes,<,1697,v.CreationDate,>,1313653227,v.CreationDate,<,1395288067,v.VoteTypeId,>,1,v.VoteTypeId,<,7,b.Date,>,1354381050,b.Date,<,1360050187#210
votes v,posts p,badges b,users u#p.Id=v.PostId,u.Id=p.OwnerUserId,u.Id=b.UserId#p.Score,>,28,p.Score,<,116,p.CommentCount,>,1,p.CommentCount,<,23,u.DownVotes,>,353,u.DownVotes,<,1648,v.CreationDate,>,1311208572,v.CreationDate,<,1340556184,v.VoteTypeId,>,2,v.VoteTypeId,<,6,b.Date,>,1288332465,b.Date,<,1380895638#650
votes v,posts p,badges b,users u#p.Id=v.PostId,u.Id=p.OwnerUserId,u.Id=b.UserId#p.Score,>,1,p.Score,<,111,p.CommentCount,>,9,p.CommentCount,<,30,u.DownVotes,>,87,u.DownVotes,<,903,v.CreationDate,>,1257750963,v.CreationDate,<,1357824125,v.VoteTypeId,>,7,v.VoteTypeId,<,15,b.Date,>,1334446948,b.Date,<,1335448353#7
votes v,posts p,badges b,users u#p.Id=v.PostId,u.Id=p.OwnerUserId,u.Id=b.UserId#p.Score,>,39,p.Score,<,154,p.CommentCount,>,0,p.CommentCount,<,22,u.DownVotes,>,193,u.DownVotes,<,623,v.CreationDate,>,1285944555,v.CreationDate,<,1334955633,v.VoteTypeId,>,1,v.VoteTypeId,<,5,b.Date,>,1304518014,b.Date,<,1408658629#18297
votes v,posts p,badges b,users u#p.Id=v.PostId,u.Id=p.OwnerUserId,u.Id=b.UserId#p.Score,>,-9,p.Score,<,178,p.CommentCount,>,21,p.CommentCount,<,29,u.DownVotes,>,14,u.DownVotes,<,1845,v.CreationDate,>,1350691884,v.CreationDate,<,1407297735,v.VoteTypeId,>,2,v.VoteTypeId,<,10,b.Date,>,1279709903,b.Date,<,1392489741#47
votes v,posts p,badges b,users u#p.Id=v.PostId,u.Id=p.OwnerUserId,u.Id=b.UserId#p.Score,>,60,p.Score,<,116,p.CommentCount,>,3,p.CommentCount,<,40,u.DownVotes,>,741,u.DownVotes,<,1266,v.CreationDate,>,1301956912,v.CreationDate,<,1368578585,v.VoteTypeId,>,2,v.VoteTypeId,<,13,b.Date,>,1298839501,b.Date,<,1362097441#452
votes v,posts p,badges b,users u#p.Id=v.PostId,u.Id=p.OwnerUserId,u.Id=b.UserId#p.Score,>,15,p.Score,<,171,p.CommentCount,>,5,p.CommentCount,<,33,u.DownVotes,>,373,u.DownVotes,<,1661,v.CreationDate,>,1304985101,v.CreationDate,<,1382859238,v.VoteTypeId,>,1,v.VoteTypeId,<,10,b.Date,>,1347294017,b.Date,<,1404043256#191841
votes v,posts p,badges b,users u#p.Id=v.PostId,u.Id=p.OwnerUserId,u.Id=b.UserId#p.Score,>,-9,p.Score,<,18,p.CommentCount,>,5,p.CommentCount,<,34,u.DownVotes,>,240,u.DownVotes,<,1230,v.CreationDate,>,1302246606,v.CreationDate,<,1333898407,v.VoteTypeId,>,1,v.VoteTypeId,<,9,b.Date,>,1308087038,b.Date,<,1367927073#66322
votes v,posts p,badges b,users u#p.Id=v.PostId,u.Id=p.OwnerUserId,u.Id=b.UserId#p.Score,>,28,p.Score,<,139,p.CommentCount,>,6,p.CommentCount,<,33,u.DownVotes,>,56,u.DownVotes,<,1163,v.CreationDate,>,1314165574,v.CreationDate,<,1356791517,v.VoteTypeId,>,3,v.VoteTypeId,<,14,b.Date,>,1322897382,b.Date,<,1373879820#1024
votes v,posts p,badges b,users u#p.Id=v.PostId,u.Id=p.OwnerUserId,u.Id=b.UserId#p.Score,>,0,p.Score,<,106,p.CommentCount,>,1,p.CommentCount,<,24,u.DownVotes,>,674,u.DownVotes,<,1651,v.CreationDate,>,1335580663,v.CreationDate,<,1399567179,v.VoteTypeId,>,5,v.VoteTypeId,<,11,b.Date,>,1337560278,b.Date,<,1394949176#1960
votes v,posts p,badges b,users u#p.Id=v.PostId,u.Id=p.OwnerUserId,u.Id=b.UserId#p.Score,>,-15,p.Score,<,180,p.CommentCount,>,10,p.CommentCount,<,15,u.DownVotes,>,239,u.DownVotes,<,435,v.CreationDate,>,1250860374,v.CreationDate,<,1367757256,v.VoteTypeId,>,2,v.VoteTypeId,<,4,b.Date,>,1320263641,b.Date,<,1381595562#137
votes v,posts p,badges b,users u#p.Id=v.PostId,u.Id=p.OwnerUserId,u.Id=b.UserId#p.Score,>,-13,p.Score,<,167,p.CommentCount,>,12,p.CommentCount,<,29,u.DownVotes,>,309,u.DownVotes,<,1555,v.CreationDate,>,1258978640,v.CreationDate,<,1394518578,v.VoteTypeId,>,5,v.VoteTypeId,<,10,b.Date,>,1316980021,b.Date,<,1368779555#382
votes v,posts p,badges b,users u#p.Id=v.PostId,u.Id=p.OwnerUserId,u.Id=b.UserId#p.Score,>,-14,p.Score,<,146,p.CommentCount,>,4,p.CommentCount,<,25,u.DownVotes,>,507,u.DownVotes,<,1675,v.CreationDate,>,1237675766,v.CreationDate,<,1399058883,v.VoteTypeId,>,2,v.VoteTypeId,<,6,b.Date,>,1334230915,b.Date,<,1358189061#3828
votes v,posts p,badges b,users u#p.Id=v.PostId,u.Id=p.OwnerUserId,u.Id=b.UserId#p.Score,>,-3,p.Score,<,78,p.CommentCount,>,6,p.CommentCount,<,19,u.DownVotes,>,766,u.DownVotes,<,1503,v.CreationDate,>,1280263974,v.CreationDate,<,1285213069,v.VoteTypeId,>,4,v.VoteTypeId,<,8,b.Date,>,1324468681,b.Date,<,1333042498#16
votes v,posts p,badges b,users u#p.Id=v.PostId,u.Id=p.OwnerUserId,u.Id=b.UserId#p.Score,>,-7,p.Score,<,57,p.CommentCount,>,4,p.CommentCount,<,22,u.DownVotes,>,378,u.DownVotes,<,1512,v.CreationDate,>,1315997858,v.CreationDate,<,1361000809,v.VoteTypeId,>,4,v.VoteTypeId,<,6,b.Date,>,1313709265,b.Date,<,1405302124#4666
votes v,posts p,badges b,users u#p.Id=v.PostId,u.Id=p.OwnerUserId,u.Id=b.UserId#p.Score,>,112,p.Score,<,166,p.CommentCount,>,2,p.CommentCount,<,13,u.DownVotes,>,726,u.DownVotes,<,1426,v.CreationDate,>,1355431899,v.CreationDate,<,1375567697,v.VoteTypeId,>,1,v.VoteTypeId,<,3,b.Date,>,1326173622,b.Date,<,1404752167#5616
votes v,posts p,badges b,users u#p.Id=v.PostId,u.Id=p.OwnerUserId,u.Id=b.UserId#p.Score,>,26,p.Score,<,85,p.CommentCount,>,3,p.CommentCount,<,26,u.DownVotes,>,180,u.DownVotes,<,1447,v.CreationDate,>,1279852155,v.CreationDate,<,1392351074,v.VoteTypeId,>,1,v.VoteTypeId,<,8,b.Date,>,1327886232,b.Date,<,1342351893#69422
votes v,posts p,badges b,users u#p.Id=v.PostId,u.Id=p.OwnerUserId,u.Id=b.UserId#p.Score,>,126,p.Score,<,176,p.CommentCount,>,5,p.CommentCount,<,29,u.DownVotes,>,338,u.DownVotes,<,1277,v.CreationDate,>,1297053538,v.CreationDate,<,1360218077,v.VoteTypeId,>,1,v.VoteTypeId,<,14,b.Date,>,1380137779,b.Date,<,1402709839#5696
votes v,posts p,badges b,users u#p.Id=v.PostId,u.Id=p.OwnerUserId,u.Id=b.UserId#p.Score,>,-9,p.Score,<,32,p.CommentCount,>,6,p.CommentCount,<,23,u.DownVotes,>,38,u.DownVotes,<,564,v.CreationDate,>,1320785225,v.CreationDate,<,1397952523,v.VoteTypeId,>,5,v.VoteTypeId,<,14,b.Date,>,1316554067,b.Date,<,1351139357#1106
votes v,posts p,badges b,users u#p.Id=v.PostId,u.Id=p.OwnerUserId,u.Id=b.UserId#p.Score,>,-15,p.Score,<,190,p.CommentCount,>,6,p.CommentCount,<,12,u.DownVotes,>,538,u.DownVotes,<,1172,v.CreationDate,>,1247781341,v.CreationDate,<,1339958316,v.VoteTypeId,>,5,v.VoteTypeId,<,13,b.Date,>,1285758250,b.Date,<,1384993918#1029
votes v,posts p,badges b,users u#p.Id=v.PostId,u.Id=p.OwnerUserId,u.Id=b.UserId#p.Score,>,37,p.Score,<,55,p.CommentCount,>,9,p.CommentCount,<,23,u.DownVotes,>,572,u.DownVotes,<,1556,v.CreationDate,>,1296274160,v.CreationDate,<,1336753782,v.VoteTypeId,>,1,v.VoteTypeId,<,8,b.Date,>,1330307646,b.Date,<,1392277735#4112
votes v,posts p,badges b,users u#p.Id=v.PostId,u.Id=p.OwnerUserId,u.Id=b.UserId#p.Score,>,27,p.Score,<,113,p.CommentCount,>,25,p.CommentCount,<,31,u.DownVotes,>,3,u.DownVotes,<,1040,v.CreationDate,>,1334502410,v.CreationDate,<,1401725913,v.VoteTypeId,>,1,v.VoteTypeId,<,4,b.Date,>,1284035617,b.Date,<,1391678724#14280
votes v,posts p,badges b,users u#p.Id=v.PostId,u.Id=p.OwnerUserId,u.Id=b.UserId#p.Score,>,-8,p.Score,<,157,p.CommentCount,>,16,p.CommentCount,<,44,u.DownVotes,>,36,u.DownVotes,<,1297,v.CreationDate,>,1297794306,v.CreationDate,<,1387885638,v.VoteTypeId,>,3,v.VoteTypeId,<,12,b.Date,>,1361398086,b.Date,<,1388032048#158
votes v,posts p,badges b,users u#p.Id=v.PostId,u.Id=p.OwnerUserId,u.Id=b.UserId#p.Score,>,64,p.Score,<,180,p.CommentCount,>,5,p.CommentCount,<,39,u.DownVotes,>,595,u.DownVotes,<,1544,v.CreationDate,>,1239028005,v.CreationDate,<,1323426444,v.VoteTypeId,>,2,v.VoteTypeId,<,8,b.Date,>,1408055373,b.Date,<,1410297790#12
votes v,posts p,badges b,users u#p.Id=v.PostId,u.Id=p.OwnerUserId,u.Id=b.UserId#p.Score,>,58,p.Score,<,117,p.CommentCount,>,6,p.CommentCount,<,41,u.DownVotes,>,63,u.DownVotes,<,1796,v.CreationDate,>,1379033029,v.CreationDate,<,1380914307,v.VoteTypeId,>,1,v.VoteTypeId,<,6,b.Date,>,1374387777,b.Date,<,1391281943#422
votes v,posts p,badges b,users u#p.Id=v.PostId,u.Id=p.OwnerUserId,u.Id=b.UserId#p.Score,>,26,p.Score,<,151,p.CommentCount,>,9,p.CommentCount,<,33,u.DownVotes,>,41,u.DownVotes,<,1091,v.CreationDate,>,1284566984,v.CreationDate,<,1381061028,v.VoteTypeId,>,1,v.VoteTypeId,<,8,b.Date,>,1349681782,b.Date,<,1360822711#17624
votes v,posts p,badges b,users u#p.Id=v.PostId,u.Id=p.OwnerUserId,u.Id=b.UserId#p.Score,>,7,p.Score,<,172,p.CommentCount,>,11,p.CommentCount,<,23,u.DownVotes,>,130,u.DownVotes,<,973,v.CreationDate,>,1360568410,v.CreationDate,<,1404118620,v.VoteTypeId,>,1,v.VoteTypeId,<,11,b.Date,>,1282854062,b.Date,<,1372868934#33902
votes v,posts p,badges b,users u#p.Id=v.PostId,u.Id=p.OwnerUserId,u.Id=b.UserId#p.Score,>,40,p.Score,<,126,p.CommentCount,>,3,p.CommentCount,<,13,u.DownVotes,>,208,u.DownVotes,<,1522,v.CreationDate,>,1268880910,v.CreationDate,<,1368465912,v.VoteTypeId,>,4,v.VoteTypeId,<,13,b.Date,>,1380183267,b.Date,<,1395502677#570
votes v,posts p,badges b,users u#p.Id=v.PostId,u.Id=p.OwnerUserId,u.Id=b.UserId#p.Score,>,9,p.Score,<,26,p.CommentCount,>,0,p.CommentCount,<,5,u.DownVotes,>,24,u.DownVotes,<,886,v.CreationDate,>,1327667095,v.CreationDate,<,1410397087,v.VoteTypeId,>,1,v.VoteTypeId,<,9,b.Date,>,1328371328,b.Date,<,1408269708#852702
votes v,posts p,badges b,users u#p.Id=v.PostId,u.Id=p.OwnerUserId,u.Id=b.UserId#p.Score,>,15,p.Score,<,68,p.CommentCount,>,10,p.CommentCount,<,44,u.DownVotes,>,188,u.DownVotes,<,1064,v.CreationDate,>,1264365663,v.CreationDate,<,1305589579,v.VoteTypeId,>,1,v.VoteTypeId,<,11,b.Date,>,1281923446,b.Date,<,1358860720#12133
votes v,posts p,badges b,users u#p.Id=v.PostId,u.Id=p.OwnerUserId,u.Id=b.UserId#p.Score,>,1,p.Score,<,153,p.CommentCount,>,15,p.CommentCount,<,28,u.DownVotes,>,71,u.DownVotes,<,956,v.CreationDate,>,1250170788,v.CreationDate,<,1330536233,v.VoteTypeId,>,7,v.VoteTypeId,<,15,b.Date,>,1339904526,b.Date,<,1376899745#195
votes v,posts p,badges b,users u#p.Id=v.PostId,u.Id=p.OwnerUserId,u.Id=b.UserId#p.Score,>,-17,p.Score,<,187,p.CommentCount,>,9,p.CommentCount,<,23,u.DownVotes,>,298,u.DownVotes,<,1547,v.CreationDate,>,1250306794,v.CreationDate,<,1339703255,v.VoteTypeId,>,1,v.VoteTypeId,<,9,b.Date,>,1311134320,b.Date,<,1326359841#16088
votes v,posts p,badges b,users u#p.Id=v.PostId,u.Id=p.OwnerUserId,u.Id=b.UserId#p.Score,>,18,p.Score,<,45,p.CommentCount,>,12,p.CommentCount,<,29,u.DownVotes,>,531,u.DownVotes,<,839,v.CreationDate,>,1237726825,v.CreationDate,<,1395904446,v.VoteTypeId,>,6,v.VoteTypeId,<,11,b.Date,>,1286238143,b.Date,<,1313284361#74
votes v,posts p,badges b,users u#p.Id=v.PostId,u.Id=p.OwnerUserId,u.Id=b.UserId#p.Score,>,4,p.Score,<,13,p.CommentCount,>,5,p.CommentCount,<,26,u.DownVotes,>,716,u.DownVotes,<,1263,v.CreationDate,>,1321922770,v.CreationDate,<,1392185430,v.VoteTypeId,>,2,v.VoteTypeId,<,10,b.Date,>,1315623332,b.Date,<,1342217988#204
votes v,posts p,badges b,users u#p.Id=v.PostId,u.Id=p.OwnerUserId,u.Id=b.UserId#p.Score,>,30,p.Score,<,147,p.CommentCount,>,3,p.CommentCount,<,33,u.DownVotes,>,647,u.DownVotes,<,892,v.CreationDate,>,1266885463,v.CreationDate,<,1367379213,v.VoteTypeId,>,3,v.VoteTypeId,<,12,b.Date,>,1290612471,b.Date,<,1308380723#450
votes v,posts p,badges b,users u#p.Id=v.PostId,u.Id=p.OwnerUserId,u.Id=b.UserId#p.Score,>,-8,p.Score,<,158,p.CommentCount,>,7,p.CommentCount,<,26,u.DownVotes,>,516,u.DownVotes,<,1119,v.CreationDate,>,1272036342,v.CreationDate,<,1396256889,v.VoteTypeId,>,3,v.VoteTypeId,<,11,b.Date,>,1299470275,b.Date,<,1356147695#800
votes v,posts p,badges b,users u#p.Id=v.PostId,u.Id=p.OwnerUserId,u.Id=b.UserId#p.Score,>,15,p.Score,<,135,p.CommentCount,>,4,p.CommentCount,<,21,u.DownVotes,>,447,u.DownVotes,<,1707,v.CreationDate,>,1272893909,v.CreationDate,<,1397539330,v.VoteTypeId,>,2,v.VoteTypeId,<,5,b.Date,>,1322914994,b.Date,<,1340238125#180
votes v,posts p,badges b,users u#p.Id=v.PostId,u.Id=p.OwnerUserId,u.Id=b.UserId#p.Score,>,8,p.Score,<,21,p.CommentCount,>,11,p.CommentCount,<,23,u.DownVotes,>,45,u.DownVotes,<,940,v.CreationDate,>,1252588863,v.CreationDate,<,1368381998,v.VoteTypeId,>,8,v.VoteTypeId,<,13,b.Date,>,1354816999,b.Date,<,1363022782#33
votes v,posts p,badges b,users u#p.Id=v.PostId,u.Id=p.OwnerUserId,u.Id=b.UserId#p.Score,>,39,p.Score,<,92,p.CommentCount,>,17,p.CommentCount,<,44,u.DownVotes,>,51,u.DownVotes,<,1366,v.CreationDate,>,1258826097,v.CreationDate,<,1299885601,v.VoteTypeId,>,1,v.VoteTypeId,<,14,b.Date,>,1310553442,b.Date,<,1382708502#1008
votes v,posts p,badges b,users u#p.Id=v.PostId,u.Id=p.OwnerUserId,u.Id=b.UserId#p.Score,>,22,p.Score,<,94,p.CommentCount,>,3,p.CommentCount,<,6,u.DownVotes,>,341,u.DownVotes,<,698,v.CreationDate,>,1308950903,v.CreationDate,<,1409389872,v.VoteTypeId,>,3,v.VoteTypeId,<,13,b.Date,>,1291785050,b.Date,<,1352151704#96
votes v,posts p,badges b,users u#p.Id=v.PostId,u.Id=p.OwnerUserId,u.Id=b.UserId#p.Score,>,-3,p.Score,<,31,p.CommentCount,>,14,p.CommentCount,<,27,u.DownVotes,>,454,u.DownVotes,<,1649,v.CreationDate,>,1264320017,v.CreationDate,<,1399540519,v.VoteTypeId,>,7,v.VoteTypeId,<,11,b.Date,>,1348502854,b.Date,<,1362060195#46
votes v,posts p,badges b,users u#p.Id=v.PostId,u.Id=p.OwnerUserId,u.Id=b.UserId#p.Score,>,24,p.Score,<,94,p.CommentCount,>,10,p.CommentCount,<,18,u.DownVotes,>,378,u.DownVotes,<,1464,v.CreationDate,>,1286586762,v.CreationDate,<,1309740038,v.VoteTypeId,>,1,v.VoteTypeId,<,7,b.Date,>,1338828802,b.Date,<,1339576167#45
votes v,posts p,badges b,users u#p.Id=v.PostId,u.Id=p.OwnerUserId,u.Id=b.UserId#p.Score,>,8,p.Score,<,85,p.CommentCount,>,7,p.CommentCount,<,38,u.DownVotes,>,296,u.DownVotes,<,1713,v.CreationDate,>,1298718626,v.CreationDate,<,1371081534,v.VoteTypeId,>,8,v.VoteTypeId,<,14,b.Date,>,1300869420,b.Date,<,1374191374#658
votes v,posts p,badges b,users u#p.Id=v.PostId,u.Id=p.OwnerUserId,u.Id=b.UserId#p.Score,>,3,p.Score,<,81,p.CommentCount,>,2,p.CommentCount,<,29,u.DownVotes,>,194,u.DownVotes,<,600,v.CreationDate,>,1280283307,v.CreationDate,<,1357472456,v.VoteTypeId,>,4,v.VoteTypeId,<,10,b.Date,>,1320542337,b.Date,<,1355007129#2065
votes v,posts p,badges b,users u#p.Id=v.PostId,u.Id=p.OwnerUserId,u.Id=b.UserId#p.Score,>,11,p.Score,<,119,p.CommentCount,>,1,p.CommentCount,<,4,u.DownVotes,>,627,u.DownVotes,<,892,v.CreationDate,>,1265621995,v.CreationDate,<,1285462479,v.VoteTypeId,>,1,v.VoteTypeId,<,7,b.Date,>,1290421806,b.Date,<,1373028294#2457
votes v,posts p,badges b,users u#p.Id=v.PostId,u.Id=p.OwnerUserId,u.Id=b.UserId#p.Score,>,5,p.Score,<,44,p.CommentCount,>,2,p.CommentCount,<,9,u.DownVotes,>,333,u.DownVotes,<,524,v.CreationDate,>,1300156089,v.CreationDate,<,1406665952,v.VoteTypeId,>,9,v.VoteTypeId,<,12,b.Date,>,1335017214,b.Date,<,1362467137#190
votes v,posts p,badges b,users u#p.Id=v.PostId,u.Id=p.OwnerUserId,u.Id=b.UserId#p.Score,>,19,p.Score,<,48,p.CommentCount,>,0,p.CommentCount,<,10,u.DownVotes,>,65,u.DownVotes,<,933,v.CreationDate,>,1278869005,v.CreationDate,<,1326003972,v.VoteTypeId,>,1,v.VoteTypeId,<,14,b.Date,>,1305466182,b.Date,<,1373649030#101925
votes v,posts p,badges b,users u#p.Id=v.PostId,u.Id=p.OwnerUserId,u.Id=b.UserId#p.Score,>,7,p.Score,<,84,p.CommentCount,>,10,p.CommentCount,<,30,u.DownVotes,>,546,u.DownVotes,<,1519,v.CreationDate,>,1242661927,v.CreationDate,<,1353574149,v.VoteTypeId,>,1,v.VoteTypeId,<,13,b.Date,>,1295490710,b.Date,<,1387435100#64200
votes v,posts p,badges b,users u#p.Id=v.PostId,u.Id=p.OwnerUserId,u.Id=b.UserId#p.Score,>,124,p.Score,<,168,p.CommentCount,>,7,p.CommentCount,<,35,u.DownVotes,>,90,u.DownVotes,<,862,v.CreationDate,>,1368990956,v.CreationDate,<,1401845870,v.VoteTypeId,>,1,v.VoteTypeId,<,15,b.Date,>,1346867452,b.Date,<,1368179953#6559
votes v,posts p,badges b,users u#p.Id=v.PostId,u.Id=p.OwnerUserId,u.Id=b.UserId#p.Score,>,50,p.Score,<,142,p.CommentCount,>,2,p.CommentCount,<,11,u.DownVotes,>,688,u.DownVotes,<,877,v.CreationDate,>,1316566910,v.CreationDate,<,1408534115,v.VoteTypeId,>,2,v.VoteTypeId,<,7,b.Date,>,1328413835,b.Date,<,1368295804#471
votes v,posts p,badges b,users u#p.Id=v.PostId,u.Id=p.OwnerUserId,u.Id=b.UserId#p.Score,>,139,p.Score,<,142,p.CommentCount,>,2,p.CommentCount,<,32,u.DownVotes,>,116,u.DownVotes,<,1180,v.CreationDate,>,1257334312,v.CreationDate,<,1386746650,v.VoteTypeId,>,8,v.VoteTypeId,<,13,b.Date,>,1288869062,b.Date,<,1374019072#137
votes v,posts p,badges b,users u#p.Id=v.PostId,u.Id=p.OwnerUserId,u.Id=b.UserId#p.Score,>,-16,p.Score,<,180,p.CommentCount,>,12,p.CommentCount,<,42,u.DownVotes,>,53,u.DownVotes,<,1493,v.CreationDate,>,1387631863,v.CreationDate,<,1404549237,v.VoteTypeId,>,4,v.VoteTypeId,<,10,b.Date,>,1315585002,b.Date,<,1377117261#286
votes v,posts p,badges b,users u#p.Id=v.PostId,u.Id=p.OwnerUserId,u.Id=b.UserId#p.Score,>,-9,p.Score,<,60,p.CommentCount,>,2,p.CommentCount,<,25,u.DownVotes,>,361,u.DownVotes,<,920,v.CreationDate,>,1239096243,v.CreationDate,<,1298048843,v.VoteTypeId,>,5,v.VoteTypeId,<,14,b.Date,>,1360746497,b.Date,<,1361580128#20
votes v,posts p,badges b,users u#p.Id=v.PostId,u.Id=p.OwnerUserId,u.Id=b.UserId#p.Score,>,15,p.Score,<,52,p.CommentCount,>,2,p.CommentCount,<,26,u.DownVotes,>,559,u.DownVotes,<,1229,v.CreationDate,>,1350479347,v.CreationDate,<,1409925986,v.VoteTypeId,>,4,v.VoteTypeId,<,14,b.Date,>,1379446650,b.Date,<,1387482793#672
votes v,posts p,badges b,users u#p.Id=v.PostId,u.Id=p.OwnerUserId,u.Id=b.UserId#p.Score,>,0,p.Score,<,92,p.CommentCount,>,7,p.CommentCount,<,28,u.DownVotes,>,530,u.DownVotes,<,1134,v.CreationDate,>,1268116177,v.CreationDate,<,1361328744,v.VoteTypeId,>,3,v.VoteTypeId,<,13,b.Date,>,1289891222,b.Date,<,1388601049#1014
votes v,posts p,badges b,users u#p.Id=v.PostId,u.Id=p.OwnerUserId,u.Id=b.UserId#p.Score,>,17,p.Score,<,116,p.CommentCount,>,7,p.CommentCount,<,40,u.DownVotes,>,28,u.DownVotes,<,1834,v.CreationDate,>,1303490285,v.CreationDate,<,1372136851,v.VoteTypeId,>,4,v.VoteTypeId,<,13,b.Date,>,1374422711,b.Date,<,1406849585#2215
votes v,posts p,badges b,users u#p.Id=v.PostId,u.Id=p.OwnerUserId,u.Id=b.UserId#p.Score,>,17,p.Score,<,108,p.CommentCount,>,10,p.CommentCount,<,29,u.DownVotes,>,46,u.DownVotes,<,192,v.CreationDate,>,1306753406,v.CreationDate,<,1325665926,v.VoteTypeId,>,1,v.VoteTypeId,<,10,b.Date,>,1291571142,b.Date,<,1295304679#8
votes v,posts p,badges b,users u#p.Id=v.PostId,u.Id=p.OwnerUserId,u.Id=b.UserId#p.Score,>,14,p.Score,<,68,p.CommentCount,>,7,p.CommentCount,<,24,u.DownVotes,>,109,u.DownVotes,<,419,v.CreationDate,>,1327230695,v.CreationDate,<,1386976787,v.VoteTypeId,>,3,v.VoteTypeId,<,7,b.Date,>,1290269839,b.Date,<,1337158259#268
votes v,posts p,badges b,users u#p.Id=v.PostId,u.Id=p.OwnerUserId,u.Id=b.UserId#p.Score,>,8,p.Score,<,19,p.CommentCount,>,12,p.CommentCount,<,24,u.DownVotes,>,607,u.DownVotes,<,1121,v.CreationDate,>,1283186294,v.CreationDate,<,1376199385,v.VoteTypeId,>,6,v.VoteTypeId,<,12,b.Date,>,1292817706,b.Date,<,1355371273#216
votes v,posts p,badges b,users u#p.Id=v.PostId,u.Id=p.OwnerUserId,u.Id=b.UserId#p.Score,>,26,p.Score,<,137,p.CommentCount,>,3,p.CommentCount,<,33,u.DownVotes,>,327,u.DownVotes,<,1702,v.CreationDate,>,1325528687,v.CreationDate,<,1371807118,v.VoteTypeId,>,4,v.VoteTypeId,<,7,b.Date,>,1393512482,b.Date,<,1397740880#140
votes v,posts p,badges b,users u#p.Id=v.PostId,u.Id=p.OwnerUserId,u.Id=b.UserId#p.Score,>,-18,p.Score,<,173,p.CommentCount,>,2,p.CommentCount,<,14,u.DownVotes,>,745,u.DownVotes,<,1761,v.CreationDate,>,1277532635,v.CreationDate,<,1383631505,v.VoteTypeId,>,10,v.VoteTypeId,<,14,b.Date,>,1308644124,b.Date,<,1338366033#84
votes v,posts p,badges b,users u#p.Id=v.PostId,u.Id=p.OwnerUserId,u.Id=b.UserId#p.Score,>,-8,p.Score,<,147,p.CommentCount,>,7,p.CommentCount,<,34,u.DownVotes,>,326,u.DownVotes,<,1019,v.CreationDate,>,1234703761,v.CreationDate,<,1395450026,v.VoteTypeId,>,7,v.VoteTypeId,<,14,b.Date,>,1285962867,b.Date,<,1332784728#658
votes v,posts p,badges b,users u#p.Id=v.PostId,u.Id=p.OwnerUserId,u.Id=b.UserId#p.Score,>,96,p.Score,<,122,p.CommentCount,>,2,p.CommentCount,<,6,u.DownVotes,>,81,u.DownVotes,<,1262,v.CreationDate,>,1244661489,v.CreationDate,<,1327514092,v.VoteTypeId,>,1,v.VoteTypeId,<,10,b.Date,>,1343092034,b.Date,<,1400759592#1656
votes v,posts p,badges b,users u#p.Id=v.PostId,u.Id=p.OwnerUserId,u.Id=b.UserId#p.Score,>,-3,p.Score,<,111,p.CommentCount,>,5,p.CommentCount,<,37,u.DownVotes,>,689,u.DownVotes,<,1778,v.CreationDate,>,1233652671,v.CreationDate,<,1383619653,v.VoteTypeId,>,4,v.VoteTypeId,<,7,b.Date,>,1362845558,b.Date,<,1410589434#4675
votes v,posts p,badges b,users u#p.Id=v.PostId,u.Id=p.OwnerUserId,u.Id=b.UserId#p.Score,>,-2,p.Score,<,188,p.CommentCount,>,5,p.CommentCount,<,31,u.DownVotes,>,397,u.DownVotes,<,1723,v.CreationDate,>,1302646044,v.CreationDate,<,1352523089,v.VoteTypeId,>,7,v.VoteTypeId,<,10,b.Date,>,1350447980,b.Date,<,1360805993#121
votes v,posts p,badges b,users u#p.Id=v.PostId,u.Id=p.OwnerUserId,u.Id=b.UserId#p.Score,>,21,p.Score,<,116,p.CommentCount,>,2,p.CommentCount,<,10,u.DownVotes,>,698,u.DownVotes,<,808,v.CreationDate,>,1268019165,v.CreationDate,<,1408501581,v.VoteTypeId,>,2,v.VoteTypeId,<,13,b.Date,>,1326269358,b.Date,<,1390232746#5082
votes v,posts p,badges b,users u#p.Id=v.PostId,u.Id=p.OwnerUserId,u.Id=b.UserId#p.Score,>,89,p.Score,<,162,p.CommentCount,>,7,p.CommentCount,<,38,u.DownVotes,>,19,u.DownVotes,<,162,v.CreationDate,>,1289895769,v.CreationDate,<,1354585562,v.VoteTypeId,>,1,v.VoteTypeId,<,5,b.Date,>,1286282539,b.Date,<,1326158276#832
votes v,posts p,badges b,users u#p.Id=v.PostId,u.Id=p.OwnerUserId,u.Id=b.UserId#p.Score,>,79,p.Score,<,140,p.CommentCount,>,10,p.CommentCount,<,29,u.DownVotes,>,496,u.DownVotes,<,1331,v.CreationDate,>,1343813457,v.CreationDate,<,1372525250,v.VoteTypeId,>,1,v.VoteTypeId,<,3,b.Date,>,1291501304,b.Date,<,1389491027#8112
votes v,posts p,badges b,users u#p.Id=v.PostId,u.Id=p.OwnerUserId,u.Id=b.UserId#p.Score,>,5,p.Score,<,184,p.CommentCount,>,6,p.CommentCount,<,10,u.DownVotes,>,424,u.DownVotes,<,979,v.CreationDate,>,1277695430,v.CreationDate,<,1340209313,v.VoteTypeId,>,5,v.VoteTypeId,<,9,b.Date,>,1289568240,b.Date,<,1324920258#96
votes v,posts p,badges b,users u#p.Id=v.PostId,u.Id=p.OwnerUserId,u.Id=b.UserId#p.Score,>,7,p.Score,<,189,p.CommentCount,>,29,p.CommentCount,<,40,u.DownVotes,>,181,u.DownVotes,<,591,v.CreationDate,>,1250414570,v.CreationDate,<,1350301738,v.VoteTypeId,>,1,v.VoteTypeId,<,12,b.Date,>,1333724025,b.Date,<,1362267365#980
votes v,posts p,badges b,users u#p.Id=v.PostId,u.Id=p.OwnerUserId,u.Id=b.UserId#p.Score,>,0,p.Score,<,90,p.CommentCount,>,0,p.CommentCount,<,22,u.DownVotes,>,67,u.DownVotes,<,736,v.CreationDate,>,1338274603,v.CreationDate,<,1394875764,v.VoteTypeId,>,4,v.VoteTypeId,<,10,b.Date,>,1324921151,b.Date,<,1387243924#19854
votes v,posts p,badges b,users u#p.Id=v.PostId,u.Id=p.OwnerUserId,u.Id=b.UserId#p.Score,>,20,p.Score,<,103,p.CommentCount,>,17,p.CommentCount,<,23,u.DownVotes,>,139,u.DownVotes,<,1656,v.CreationDate,>,1242126853,v.CreationDate,<,1314822814,v.VoteTypeId,>,3,v.VoteTypeId,<,12,b.Date,>,1308409863,b.Date,<,1328934437#22
votes v,posts p,badges b,users u#p.Id=v.PostId,u.Id=p.OwnerUserId,u.Id=b.UserId#p.Score,>,-11,p.Score,<,161,p.CommentCount,>,14,p.CommentCount,<,23,u.DownVotes,>,72,u.DownVotes,<,1286,v.CreationDate,>,1390527672,v.CreationDate,<,1401654055,v.VoteTypeId,>,2,v.VoteTypeId,<,9,b.Date,>,1331256658,b.Date,<,1406859452#176
votes v,posts p,badges b,users u#p.Id=v.PostId,u.Id=p.OwnerUserId,u.Id=b.UserId#p.Score,>,5,p.Score,<,73,p.CommentCount,>,9,p.CommentCount,<,19,u.DownVotes,>,321,u.DownVotes,<,1510,v.CreationDate,>,1309737114,v.CreationDate,<,1342197783,v.VoteTypeId,>,7,v.VoteTypeId,<,12,b.Date,>,1290548134,b.Date,<,1361151299#135
votes v,posts p,badges b,users u#p.Id=v.PostId,u.Id=p.OwnerUserId,u.Id=b.UserId#p.Score,>,19,p.Score,<,76,p.CommentCount,>,5,p.CommentCount,<,16,u.DownVotes,>,103,u.DownVotes,<,1713,v.CreationDate,>,1279766156,v.CreationDate,<,1324687372,v.VoteTypeId,>,1,v.VoteTypeId,<,8,b.Date,>,1295448885,b.Date,<,1337609011#35499
votes v,posts p,badges b,users u#p.Id=v.PostId,u.Id=p.OwnerUserId,u.Id=b.UserId#p.Score,>,24,p.Score,<,103,p.CommentCount,>,4,p.CommentCount,<,24,u.DownVotes,>,771,u.DownVotes,<,1687,v.CreationDate,>,1247053901,v.CreationDate,<,1320724595,v.VoteTypeId,>,2,v.VoteTypeId,<,11,b.Date,>,1305840988,b.Date,<,1339921227#100
votes v,posts p,badges b,users u#p.Id=v.PostId,u.Id=p.OwnerUserId,u.Id=b.UserId#p.Score,>,97,p.Score,<,165,p.CommentCount,>,0,p.CommentCount,<,24,u.DownVotes,>,99,u.DownVotes,<,517,v.CreationDate,>,1296423520,v.CreationDate,<,1402769462,v.VoteTypeId,>,2,v.VoteTypeId,<,9,b.Date,>,1385240577,b.Date,<,1389083190#5
votes v,posts p,badges b,users u#p.Id=v.PostId,u.Id=p.OwnerUserId,u.Id=b.UserId#p.Score,>,0,p.Score,<,15,p.CommentCount,>,9,p.CommentCount,<,28,u.DownVotes,>,388,u.DownVotes,<,946,v.CreationDate,>,1236049635,v.CreationDate,<,1353983758,v.VoteTypeId,>,1,v.VoteTypeId,<,14,b.Date,>,1341212941,b.Date,<,1398306797#51500
votes v,posts p,badges b,users u#p.Id=v.PostId,u.Id=p.OwnerUserId,u.Id=b.UserId#p.Score,>,92,p.Score,<,136,p.CommentCount,>,10,p.CommentCount,<,12,u.DownVotes,>,360,u.DownVotes,<,1708,v.CreationDate,>,1292177395,v.CreationDate,<,1401320572,v.VoteTypeId,>,1,v.VoteTypeId,<,4,b.Date,>,1337520741,b.Date,<,1359665166#12810
votes v,posts p,badges b,users u#p.Id=v.PostId,u.Id=p.OwnerUserId,u.Id=b.UserId#p.Score,>,-11,p.Score,<,96,p.CommentCount,>,1,p.CommentCount,<,10,u.DownVotes,>,587,u.DownVotes,<,1589,v.CreationDate,>,1270025204,v.CreationDate,<,1339864558,v.VoteTypeId,>,1,v.VoteTypeId,<,11,b.Date,>,1293543579,b.Date,<,1329100279#185442
votes v,posts p,badges b,users u#p.Id=v.PostId,u.Id=p.OwnerUserId,u.Id=b.UserId#p.Score,>,17,p.Score,<,132,p.CommentCount,>,4,p.CommentCount,<,36,u.DownVotes,>,33,u.DownVotes,<,1738,v.CreationDate,>,1259119827,v.CreationDate,<,1402778172,v.VoteTypeId,>,9,v.VoteTypeId,<,14,b.Date,>,1287558700,b.Date,<,1408286705#175
votes v,posts p,badges b,users u#p.Id=v.PostId,u.Id=p.OwnerUserId,u.Id=b.UserId#p.Score,>,36,p.Score,<,155,p.CommentCount,>,4,p.CommentCount,<,28,u.DownVotes,>,535,u.DownVotes,<,1763,v.CreationDate,>,1285562819,v.CreationDate,<,1364745260,v.VoteTypeId,>,1,v.VoteTypeId,<,10,b.Date,>,1357460671,b.Date,<,1364034976#9702
votes v,posts p,badges b,users u#p.Id=v.PostId,u.Id=p.OwnerUserId,u.Id=b.UserId#p.Score,>,-3,p.Score,<,107,p.CommentCount,>,15,p.CommentCount,<,25,u.DownVotes,>,91,u.DownVotes,<,401,v.CreationDate,>,1266887164,v.CreationDate,<,1340829290,v.VoteTypeId,>,7,v.VoteTypeId,<,12,b.Date,>,1344656441,b.Date,<,1366377238#28
votes v,posts p,badges b,users u#p.Id=v.PostId,u.Id=p.OwnerUserId,u.Id=b.UserId#p.Score,>,-14,p.Score,<,171,p.CommentCount,>,9,p.CommentCount,<,31,u.DownVotes,>,45,u.DownVotes,<,910,v.CreationDate,>,1242488535,v.CreationDate,<,1356841466,v.VoteTypeId,>,3,v.VoteTypeId,<,11,b.Date,>,1305175714,b.Date,<,1379087362#2123
votes v,posts p,badges b,users u#p.Id=v.PostId,u.Id=p.OwnerUserId,u.Id=b.UserId#p.Score,>,69,p.Score,<,135,p.CommentCount,>,8,p.CommentCount,<,27,u.DownVotes,>,261,u.DownVotes,<,1700,v.CreationDate,>,1383980030,v.CreationDate,<,1395129923,v.VoteTypeId,>,2,v.VoteTypeId,<,11,b.Date,>,1352060311,b.Date,<,1408684166#210
votes v,posts p,badges b,users u#p.Id=v.PostId,u.Id=p.OwnerUserId,u.Id=b.UserId#p.Score,>,4,p.Score,<,64,p.CommentCount,>,8,p.CommentCount,<,37,u.DownVotes,>,52,u.DownVotes,<,1324,v.CreationDate,>,1237447743,v.CreationDate,<,1380739547,v.VoteTypeId,>,7,v.VoteTypeId,<,13,b.Date,>,1331932353,b.Date,<,1364074248#949
votes v,posts p,badges b,users u#p.Id=v.PostId,u.Id=p.OwnerUserId,u.Id=b.UserId#p.Score,>,-6,p.Score,<,138,p.CommentCount,>,9,p.CommentCount,<,19,u.DownVotes,>,29,u.DownVotes,<,569,v.CreationDate,>,1234795965,v.CreationDate,<,1364605015,v.VoteTypeId,>,5,v.VoteTypeId,<,10,b.Date,>,1324669082,b.Date,<,1400436931#663
votes v,posts p,badges b,users u#p.Id=v.PostId,u.Id=p.OwnerUserId,u.Id=b.UserId#p.Score,>,45,p.Score,<,107,p.CommentCount,>,4,p.CommentCount,<,13,u.DownVotes,>,57,u.DownVotes,<,263,v.CreationDate,>,1259758076,v.CreationDate,<,1403472297,v.VoteTypeId,>,2,v.VoteTypeId,<,4,b.Date,>,1358538613,b.Date,<,1385117219#72
votes v,posts p,badges b,users u#p.Id=v.PostId,u.Id=p.OwnerUserId,u.Id=b.UserId#p.Score,>,-11,p.Score,<,167,p.CommentCount,>,4,p.CommentCount,<,34,u.DownVotes,>,32,u.DownVotes,<,1735,v.CreationDate,>,1243453987,v.CreationDate,<,1348313959,v.VoteTypeId,>,6,v.VoteTypeId,<,9,b.Date,>,1293880483,b.Date,<,1379624503#876
votes v,posts p,badges b,users u#p.Id=v.PostId,u.Id=p.OwnerUserId,u.Id=b.UserId#p.Score,>,73,p.Score,<,153,p.CommentCount,>,4,p.CommentCount,<,35,u.DownVotes,>,46,u.DownVotes,<,1030,v.CreationDate,>,1262747114,v.CreationDate,<,1376072942,v.VoteTypeId,>,7,v.VoteTypeId,<,14,b.Date,>,1295578352,b.Date,<,1367923604#123
votes v,posts p,badges b,users u#p.Id=v.PostId,u.Id=p.OwnerUserId,u.Id=b.UserId#p.Score,>,-5,p.Score,<,48,p.CommentCount,>,2,p.CommentCount,<,9,u.DownVotes,>,17,u.DownVotes,<,208,v.CreationDate,>,1358534246,v.CreationDate,<,1364777232,v.VoteTypeId,>,1,v.VoteTypeId,<,4,b.Date,>,1368115123,b.Date,<,1397702717#38919
votes v,posts p,badges b,users u#p.Id=v.PostId,u.Id=p.OwnerUserId,u.Id=b.UserId#p.Score,>,-1,p.Score,<,48,p.CommentCount,>,1,p.CommentCount,<,15,u.DownVotes,>,61,u.DownVotes,<,1283,v.CreationDate,>,1296981567,v.CreationDate,<,1351411827,v.VoteTypeId,>,4,v.VoteTypeId,<,6,b.Date,>,1325738228,b.Date,<,1370641223#7469
votes v,posts p,badges b,users u#p.Id=v.PostId,u.Id=p.OwnerUserId,u.Id=b.UserId#p.Score,>,-12,p.Score,<,11,p.CommentCount,>,10,p.CommentCount,<,23,u.DownVotes,>,78,u.DownVotes,<,1873,v.CreationDate,>,1246638489,v.CreationDate,<,1359587060,v.VoteTypeId,>,1,v.VoteTypeId,<,12,b.Date,>,1344771425,b.Date,<,1400072172#29014
votes v,posts p,badges b,users u#p.Id=v.PostId,u.Id=p.OwnerUserId,u.Id=b.UserId#p.Score,>,-14,p.Score,<,114,p.CommentCount,>,8,p.CommentCount,<,17,u.DownVotes,>,541,u.DownVotes,<,1808,v.CreationDate,>,1297278965,v.CreationDate,<,1330967626,v.VoteTypeId,>,2,v.VoteTypeId,<,13,b.Date,>,1334108361,b.Date,<,1390255872#230
votes v,posts p,badges b,users u#p.Id=v.PostId,u.Id=p.OwnerUserId,u.Id=b.UserId#p.Score,>,-5,p.Score,<,98,p.CommentCount,>,7,p.CommentCount,<,36,u.DownVotes,>,204,u.DownVotes,<,426,v.CreationDate,>,1243296638,v.CreationDate,<,1339347114,v.VoteTypeId,>,5,v.VoteTypeId,<,10,b.Date,>,1286518864,b.Date,<,1379188862#107
votes v,posts p,badges b,users u#p.Id=v.PostId,u.Id=p.OwnerUserId,u.Id=b.UserId#p.Score,>,28,p.Score,<,152,p.CommentCount,>,6,p.CommentCount,<,28,u.DownVotes,>,251,u.DownVotes,<,1273,v.CreationDate,>,1274254072,v.CreationDate,<,1402374281,v.VoteTypeId,>,1,v.VoteTypeId,<,13,b.Date,>,1287644947,b.Date,<,1290552328#3636
votes v,posts p,badges b,users u#p.Id=v.PostId,u.Id=p.OwnerUserId,u.Id=b.UserId#p.Score,>,67,p.Score,<,124,p.CommentCount,>,12,p.CommentCount,<,20,u.DownVotes,>,64,u.DownVotes,<,1476,v.CreationDate,>,1264430948,v.CreationDate,<,1390756204,v.VoteTypeId,>,1,v.VoteTypeId,<,9,b.Date,>,1284720562,b.Date,<,1340445278#3588
votes v,posts p,badges b,users u#p.Id=v.PostId,u.Id=p.OwnerUserId,u.Id=b.UserId#p.Score,>,19,p.Score,<,56,p.CommentCount,>,4,p.CommentCount,<,40,u.DownVotes,>,221,u.DownVotes,<,573,v.CreationDate,>,1243836793,v.CreationDate,<,1344107000,v.VoteTypeId,>,1,v.VoteTypeId,<,4,b.Date,>,1336418806,b.Date,<,1390245434#7006
votes v,posts p,badges b,users u#p.Id=v.PostId,u.Id=p.OwnerUserId,u.Id=b.UserId#p.Score,>,103,p.Score,<,143,p.CommentCount,>,7,p.CommentCount,<,23,u.DownVotes,>,451,u.DownVotes,<,1752,v.CreationDate,>,1354480306,v.CreationDate,<,1406719195,v.VoteTypeId,>,1,v.VoteTypeId,<,3,b.Date,>,1332676689,b.Date,<,1395648760#17688
votes v,posts p,badges b,users u#p.Id=v.PostId,u.Id=p.OwnerUserId,u.Id=b.UserId#p.Score,>,4,p.Score,<,37,p.CommentCount,>,4,p.CommentCount,<,22,u.DownVotes,>,375,u.DownVotes,<,1672,v.CreationDate,>,1298603512,v.CreationDate,<,1318796620,v.VoteTypeId,>,1,v.VoteTypeId,<,15,b.Date,>,1347820845,b.Date,<,1406796310#58078
votes v,posts p,badges b,users u#p.Id=v.PostId,u.Id=p.OwnerUserId,u.Id=b.UserId#p.Score,>,-18,p.Score,<,119,p.CommentCount,>,7,p.CommentCount,<,23,u.DownVotes,>,374,u.DownVotes,<,1140,v.CreationDate,>,1239273144,v.CreationDate,<,1407197252,v.VoteTypeId,>,8,v.VoteTypeId,<,11,b.Date,>,1336232658,b.Date,<,1404865762#1308
votes v,posts p,badges b,users u#p.Id=v.PostId,u.Id=p.OwnerUserId,u.Id=b.UserId#p.Score,>,54,p.Score,<,76,p.CommentCount,>,0,p.CommentCount,<,15,u.DownVotes,>,392,u.DownVotes,<,786,v.CreationDate,>,1338605917,v.CreationDate,<,1394553667,v.VoteTypeId,>,1,v.VoteTypeId,<,10,b.Date,>,1285881748,b.Date,<,1295378335#3807
votes v,posts p,badges b,users u#p.Id=v.PostId,u.Id=p.OwnerUserId,u.Id=b.UserId#p.Score,>,29,p.Score,<,69,p.CommentCount,>,8,p.CommentCount,<,31,u.DownVotes,>,478,u.DownVotes,<,962,v.CreationDate,>,1248915759,v.CreationDate,<,1399796941,v.VoteTypeId,>,5,v.VoteTypeId,<,10,b.Date,>,1309851388,b.Date,<,1406379380#366
votes v,posts p,badges b,users u#p.Id=v.PostId,u.Id=p.OwnerUserId,u.Id=b.UserId#p.Score,>,-11,p.Score,<,144,p.CommentCount,>,0,p.CommentCount,<,30,u.DownVotes,>,189,u.DownVotes,<,968,v.CreationDate,>,1313615910,v.CreationDate,<,1313943907,v.VoteTypeId,>,2,v.VoteTypeId,<,9,b.Date,>,1298658331,b.Date,<,1387601142#152
votes v,posts p,badges b,users u#p.Id=v.PostId,u.Id=p.OwnerUserId,u.Id=b.UserId#p.Score,>,-13,p.Score,<,70,p.CommentCount,>,3,p.CommentCount,<,22,u.DownVotes,>,464,u.DownVotes,<,1629,v.CreationDate,>,1260297669,v.CreationDate,<,1366558480,v.VoteTypeId,>,1,v.VoteTypeId,<,11,b.Date,>,1321213023,b.Date,<,1388061312#506268
votes v,posts p,badges b,users u#p.Id=v.PostId,u.Id=p.OwnerUserId,u.Id=b.UserId#p.Score,>,14,p.Score,<,61,p.CommentCount,>,7,p.CommentCount,<,27,u.DownVotes,>,634,u.DownVotes,<,937,v.CreationDate,>,1346933506,v.CreationDate,<,1407741634,v.VoteTypeId,>,8,v.VoteTypeId,<,11,b.Date,>,1281582025,b.Date,<,1337452604#149
votes v,posts p,badges b,users u#p.Id=v.PostId,u.Id=p.OwnerUserId,u.Id=b.UserId#p.Score,>,6,p.Score,<,11,p.CommentCount,>,7,p.CommentCount,<,12,u.DownVotes,>,430,u.DownVotes,<,858,v.CreationDate,>,1350769472,v.CreationDate,<,1364912683,v.VoteTypeId,>,1,v.VoteTypeId,<,7,b.Date,>,1282668244,b.Date,<,1381546285#9380
votes v,posts p,badges b,users u#p.Id=v.PostId,u.Id=p.OwnerUserId,u.Id=b.UserId#p.Score,>,-7,p.Score,<,80,p.CommentCount,>,28,p.CommentCount,<,44,u.DownVotes,>,343,u.DownVotes,<,1195,v.CreationDate,>,1237869986,v.CreationDate,<,1406701492,v.VoteTypeId,>,1,v.VoteTypeId,<,5,b.Date,>,1345900772,b.Date,<,1366838840#406
votes v,posts p,badges b,users u#p.Id=v.PostId,u.Id=p.OwnerUserId,u.Id=b.UserId#p.Score,>,10,p.Score,<,90,p.CommentCount,>,6,p.CommentCount,<,28,u.DownVotes,>,447,u.DownVotes,<,1879,v.CreationDate,>,1271420623,v.CreationDate,<,1336128100,v.VoteTypeId,>,1,v.VoteTypeId,<,10,b.Date,>,1309730656,b.Date,<,1333396647#24318
votes v,posts p,badges b,users u#p.Id=v.PostId,u.Id=p.OwnerUserId,u.Id=b.UserId#p.Score,>,39,p.Score,<,53,p.CommentCount,>,4,p.CommentCount,<,9,u.DownVotes,>,446,u.DownVotes,<,1104,v.CreationDate,>,1254376234,v.CreationDate,<,1409020368,v.VoteTypeId,>,3,v.VoteTypeId,<,11,b.Date,>,1296516260,b.Date,<,1354218390#3468
votes v,posts p,badges b,users u#p.Id=v.PostId,u.Id=p.OwnerUserId,u.Id=b.UserId#p.Score,>,5,p.Score,<,137,p.CommentCount,>,7,p.CommentCount,<,28,u.DownVotes,>,67,u.DownVotes,<,1374,v.CreationDate,>,1261852884,v.CreationDate,<,1380377090,v.VoteTypeId,>,4,v.VoteTypeId,<,11,b.Date,>,1301214241,b.Date,<,1312239818#342
votes v,posts p,badges b,users u#p.Id=v.PostId,u.Id=p.OwnerUserId,u.Id=b.UserId#p.Score,>,84,p.Score,<,141,p.CommentCount,>,3,p.CommentCount,<,13,u.DownVotes,>,68,u.DownVotes,<,1639,v.CreationDate,>,1271967192,v.CreationDate,<,1403085773,v.VoteTypeId,>,4,v.VoteTypeId,<,15,b.Date,>,1356325700,b.Date,<,1401641820#109
votes v,posts p,badges b,users u#p.Id=v.PostId,u.Id=p.OwnerUserId,u.Id=b.UserId#p.Score,>,23,p.Score,<,144,p.CommentCount,>,16,p.CommentCount,<,34,u.DownVotes,>,206,u.DownVotes,<,336,v.CreationDate,>,1276745434,v.CreationDate,<,1335461625,v.VoteTypeId,>,1,v.VoteTypeId,<,13,b.Date,>,1353019185,b.Date,<,1360270186#216
votes v,posts p,badges b,users u#p.Id=v.PostId,u.Id=p.OwnerUserId,u.Id=b.UserId#p.Score,>,-13,p.Score,<,54,p.CommentCount,>,16,p.CommentCount,<,29,u.DownVotes,>,35,u.DownVotes,<,1300,v.CreationDate,>,1269471923,v.CreationDate,<,1406757207,v.VoteTypeId,>,7,v.VoteTypeId,<,12,b.Date,>,1357061011,b.Date,<,1363062806#31
votes v,posts p,badges b,users u#p.Id=v.PostId,u.Id=p.OwnerUserId,u.Id=b.UserId#p.Score,>,29,p.Score,<,138,p.CommentCount,>,1,p.CommentCount,<,39,u.DownVotes,>,23,u.DownVotes,<,1420,v.CreationDate,>,1316045690,v.CreationDate,<,1334799004,v.VoteTypeId,>,1,v.VoteTypeId,<,3,b.Date,>,1363397853,b.Date,<,1370628035#4541
votes v,posts p,badges b,users u#p.Id=v.PostId,u.Id=p.OwnerUserId,u.Id=b.UserId#p.Score,>,-10,p.Score,<,13,p.CommentCount,>,12,p.CommentCount,<,39,u.DownVotes,>,183,u.DownVotes,<,1514,v.CreationDate,>,1260056091,v.CreationDate,<,1403145892,v.VoteTypeId,>,7,v.VoteTypeId,<,10,b.Date,>,1314572129,b.Date,<,1402360535#337
votes v,posts p,badges b,users u#p.Id=v.PostId,u.Id=p.OwnerUserId,u.Id=b.UserId#p.Score,>,70,p.Score,<,148,p.CommentCount,>,2,p.CommentCount,<,35,u.DownVotes,>,57,u.DownVotes,<,526,v.CreationDate,>,1329565857,v.CreationDate,<,1409112809,v.VoteTypeId,>,6,v.VoteTypeId,<,14,b.Date,>,1396006054,b.Date,<,1403938670#28
votes v,posts p,badges b,users u#p.Id=v.PostId,u.Id=p.OwnerUserId,u.Id=b.UserId#p.Score,>,22,p.Score,<,31,p.CommentCount,>,0,p.CommentCount,<,26,u.DownVotes,>,197,u.DownVotes,<,1212,v.CreationDate,>,1249576409,v.CreationDate,<,1293844491,v.VoteTypeId,>,1,v.VoteTypeId,<,15,b.Date,>,1287758806,b.Date,<,1295487976#1864
votes v,posts p,badges b,users u#p.Id=v.PostId,u.Id=p.OwnerUserId,u.Id=b.UserId#p.Score,>,56,p.Score,<,156,p.CommentCount,>,26,p.CommentCount,<,37,u.DownVotes,>,109,u.DownVotes,<,409,v.CreationDate,>,1297747010,v.CreationDate,<,1404616623,v.VoteTypeId,>,1,v.VoteTypeId,<,3,b.Date,>,1301345470,b.Date,<,1406510346#15576
votes v,posts p,badges b,users u#p.Id=v.PostId,u.Id=p.OwnerUserId,u.Id=b.UserId#p.Score,>,29,p.Score,<,182,p.CommentCount,>,12,p.CommentCount,<,17,u.DownVotes,>,397,u.DownVotes,<,1214,v.CreationDate,>,1281833321,v.CreationDate,<,1407187900,v.VoteTypeId,>,4,v.VoteTypeId,<,11,b.Date,>,1280932039,b.Date,<,1295860083#38
votes v,posts p,badges b,users u#p.Id=v.PostId,u.Id=p.OwnerUserId,u.Id=b.UserId#p.Score,>,-17,p.Score,<,166,p.CommentCount,>,5,p.CommentCount,<,34,u.DownVotes,>,242,u.DownVotes,<,1366,v.CreationDate,>,1244620193,v.CreationDate,<,1352953988,v.VoteTypeId,>,4,v.VoteTypeId,<,9,b.Date,>,1335442745,b.Date,<,1399913694#4832
votes v,posts p,badges b,users u#p.Id=v.PostId,u.Id=p.OwnerUserId,u.Id=b.UserId#p.Score,>,40,p.Score,<,89,p.CommentCount,>,7,p.CommentCount,<,20,u.DownVotes,>,671,u.DownVotes,<,1215,v.CreationDate,>,1293660115,v.CreationDate,<,1324608136,v.VoteTypeId,>,2,v.VoteTypeId,<,11,b.Date,>,1318302508,b.Date,<,1329580593#28
votes v,posts p,badges b,users u#p.Id=v.PostId,u.Id=p.OwnerUserId,u.Id=b.UserId#p.Score,>,-4,p.Score,<,21,p.CommentCount,>,5,p.CommentCount,<,12,u.DownVotes,>,717,u.DownVotes,<,1103,v.CreationDate,>,1243693682,v.CreationDate,<,1390303760,v.VoteTypeId,>,3,v.VoteTypeId,<,8,b.Date,>,1339802482,b.Date,<,1358862465#1140
votes v,posts p,badges b,users u#p.Id=v.PostId,u.Id=p.OwnerUserId,u.Id=b.UserId#p.Score,>,5,p.Score,<,136,p.CommentCount,>,14,p.CommentCount,<,40,u.DownVotes,>,485,u.DownVotes,<,1492,v.CreationDate,>,1257549636,v.CreationDate,<,1376190721,v.VoteTypeId,>,7,v.VoteTypeId,<,13,b.Date,>,1292757270,b.Date,<,1344037973#169
votes v,posts p,badges b,users u#p.Id=v.PostId,u.Id=p.OwnerUserId,u.Id=b.UserId#p.Score,>,17,p.Score,<,21,p.CommentCount,>,1,p.CommentCount,<,34,u.DownVotes,>,99,u.DownVotes,<,426,v.CreationDate,>,1267500137,v.CreationDate,<,1369398038,v.VoteTypeId,>,3,v.VoteTypeId,<,8,b.Date,>,1292108007,b.Date,<,1338059943#1662
votes v,posts p,badges b,users u#p.Id=v.PostId,u.Id=p.OwnerUserId,u.Id=b.UserId#p.Score,>,-4,p.Score,<,159,p.CommentCount,>,1,p.CommentCount,<,8,u.DownVotes,>,347,u.DownVotes,<,561,v.CreationDate,>,1283849601,v.CreationDate,<,1355074082,v.VoteTypeId,>,5,v.VoteTypeId,<,15,b.Date,>,1294477752,b.Date,<,1393363808#480
votes v,posts p,badges b,users u#p.Id=v.PostId,u.Id=p.OwnerUserId,u.Id=b.UserId#p.Score,>,27,p.Score,<,35,p.CommentCount,>,5,p.CommentCount,<,31,u.DownVotes,>,213,u.DownVotes,<,1217,v.CreationDate,>,1307535764,v.CreationDate,<,1369685207,v.VoteTypeId,>,1,v.VoteTypeId,<,15,b.Date,>,1379291868,b.Date,<,1384769818#1435
votes v,posts p,badges b,users u#p.Id=v.PostId,u.Id=p.OwnerUserId,u.Id=b.UserId#p.Score,>,29,p.Score,<,91,p.CommentCount,>,19,p.CommentCount,<,27,u.DownVotes,>,136,u.DownVotes,<,1786,v.CreationDate,>,1241279181,v.CreationDate,<,1409829997,v.VoteTypeId,>,5,v.VoteTypeId,<,10,b.Date,>,1304459579,b.Date,<,1379920029#87
votes v,posts p,badges b,users u#p.Id=v.PostId,u.Id=p.OwnerUserId,u.Id=b.UserId#p.Score,>,7,p.Score,<,89,p.CommentCount,>,0,p.CommentCount,<,20,u.DownVotes,>,399,u.DownVotes,<,1586,v.CreationDate,>,1248359852,v.CreationDate,<,1393007765,v.VoteTypeId,>,2,v.VoteTypeId,<,7,b.Date,>,1292688206,b.Date,<,1370571000#9088
votes v,posts p,badges b,users u#p.Id=v.PostId,u.Id=p.OwnerUserId,u.Id=b.UserId#p.Score,>,25,p.Score,<,83,p.CommentCount,>,0,p.CommentCount,<,16,u.DownVotes,>,736,u.DownVotes,<,863,v.CreationDate,>,1295454334,v.CreationDate,<,1373570423,v.VoteTypeId,>,2,v.VoteTypeId,<,15,b.Date,>,1317538953,b.Date,<,1325588914#336
votes v,posts p,badges b,users u#p.Id=v.PostId,u.Id=p.OwnerUserId,u.Id=b.UserId#p.Score,>,102,p.Score,<,169,p.CommentCount,>,5,p.CommentCount,<,40,u.DownVotes,>,489,u.DownVotes,<,1585,v.CreationDate,>,1309454273,v.CreationDate,<,1386737723,v.VoteTypeId,>,1,v.VoteTypeId,<,9,b.Date,>,1296587646,b.Date,<,1343494171#16799
votes v,posts p,badges b,users u#p.Id=v.PostId,u.Id=p.OwnerUserId,u.Id=b.UserId#p.Score,>,-15,p.Score,<,93,p.CommentCount,>,11,p.CommentCount,<,43,u.DownVotes,>,319,u.DownVotes,<,1397,v.CreationDate,>,1234397449,v.CreationDate,<,1356698127,v.VoteTypeId,>,8,v.VoteTypeId,<,15,b.Date,>,1340437281,b.Date,<,1402618571#357
votes v,posts p,badges b,users u#p.Id=v.PostId,u.Id=p.OwnerUserId,u.Id=b.UserId#p.Score,>,-17,p.Score,<,93,p.CommentCount,>,16,p.CommentCount,<,23,u.DownVotes,>,700,u.DownVotes,<,1566,v.CreationDate,>,1288648798,v.CreationDate,<,1365319138,v.VoteTypeId,>,7,v.VoteTypeId,<,11,b.Date,>,1322447337,b.Date,<,1384436492#238
votes v,posts p,badges b,users u#p.Id=v.PostId,u.Id=p.OwnerUserId,u.Id=b.UserId#p.Score,>,42,p.Score,<,88,p.CommentCount,>,10,p.CommentCount,<,23,u.DownVotes,>,149,u.DownVotes,<,1299,v.CreationDate,>,1275236878,v.CreationDate,<,1331449220,v.VoteTypeId,>,8,v.VoteTypeId,<,13,b.Date,>,1285804045,b.Date,<,1380321253#108
votes v,posts p,badges b,users u#p.Id=v.PostId,u.Id=p.OwnerUserId,u.Id=b.UserId#p.Score,>,29,p.Score,<,91,p.CommentCount,>,3,p.CommentCount,<,15,u.DownVotes,>,228,u.DownVotes,<,810,v.CreationDate,>,1270059592,v.CreationDate,<,1365739242,v.VoteTypeId,>,4,v.VoteTypeId,<,7,b.Date,>,1355255794,b.Date,<,1377763328#729
votes v,posts p,badges b,users u#p.Id=v.PostId,u.Id=p.OwnerUserId,u.Id=b.UserId#p.Score,>,2,p.Score,<,190,p.CommentCount,>,3,p.CommentCount,<,25,u.DownVotes,>,405,u.DownVotes,<,1038,v.CreationDate,>,1258871538,v.CreationDate,<,1328737431,v.VoteTypeId,>,1,v.VoteTypeId,<,4,b.Date,>,1315829808,b.Date,<,1384117363#295320
votes v,posts p,badges b,users u#p.Id=v.PostId,u.Id=p.OwnerUserId,u.Id=b.UserId#p.Score,>,3,p.Score,<,51,p.CommentCount,>,0,p.CommentCount,<,25,u.DownVotes,>,218,u.DownVotes,<,1423,v.CreationDate,>,1335970726,v.CreationDate,<,1378884141,v.VoteTypeId,>,4,v.VoteTypeId,<,9,b.Date,>,1321502394,b.Date,<,1345302581#2692
votes v,posts p,badges b,users u#p.Id=v.PostId,u.Id=p.OwnerUserId,u.Id=b.UserId#p.Score,>,-2,p.Score,<,91,p.CommentCount,>,1,p.CommentCount,<,4,u.DownVotes,>,285,u.DownVotes,<,1437,v.CreationDate,>,1359012531,v.CreationDate,<,1404934538,v.VoteTypeId,>,6,v.VoteTypeId,<,9,b.Date,>,1384468713,b.Date,<,1408237393#23
votes v,posts p,badges b,users u#p.Id=v.PostId,u.Id=p.OwnerUserId,u.Id=b.UserId#p.Score,>,-3,p.Score,<,39,p.CommentCount,>,21,p.CommentCount,<,44,u.DownVotes,>,39,u.DownVotes,<,95,v.CreationDate,>,1329622561,v.CreationDate,<,1378655015,v.VoteTypeId,>,1,v.VoteTypeId,<,13,b.Date,>,1279922807,b.Date,<,1302390676#54
votes v,posts p,badges b,users u#p.Id=v.PostId,u.Id=p.OwnerUserId,u.Id=b.UserId#p.Score,>,38,p.Score,<,155,p.CommentCount,>,6,p.CommentCount,<,23,u.DownVotes,>,53,u.DownVotes,<,1296,v.CreationDate,>,1237958175,v.CreationDate,<,1314507678,v.VoteTypeId,>,1,v.VoteTypeId,<,11,b.Date,>,1285519458,b.Date,<,1310501899#8624
votes v,posts p,badges b,users u#p.Id=v.PostId,u.Id=p.OwnerUserId,u.Id=b.UserId#p.Score,>,83,p.Score,<,113,p.CommentCount,>,2,p.CommentCount,<,29,u.DownVotes,>,583,u.DownVotes,<,1178,v.CreationDate,>,1352592038,v.CreationDate,<,1388910666,v.VoteTypeId,>,1,v.VoteTypeId,<,9,b.Date,>,1320075323,b.Date,<,1337866615#1426
votes v,posts p,badges b,users u#p.Id=v.PostId,u.Id=p.OwnerUserId,u.Id=b.UserId#p.Score,>,-7,p.Score,<,179,p.CommentCount,>,3,p.CommentCount,<,13,u.DownVotes,>,388,u.DownVotes,<,1630,v.CreationDate,>,1322699375,v.CreationDate,<,1384199209,v.VoteTypeId,>,4,v.VoteTypeId,<,12,b.Date,>,1287293565,b.Date,<,1408554834#12553
votes v,posts p,badges b,users u#p.Id=v.PostId,u.Id=p.OwnerUserId,u.Id=b.UserId#p.Score,>,121,p.Score,<,169,p.CommentCount,>,3,p.CommentCount,<,13,u.DownVotes,>,346,u.DownVotes,<,1813,v.CreationDate,>,1315812465,v.CreationDate,<,1347593076,v.VoteTypeId,>,1,v.VoteTypeId,<,3,b.Date,>,1317869389,b.Date,<,1398848873#10362
votes v,posts p,badges b,users u#p.Id=v.PostId,u.Id=p.OwnerUserId,u.Id=b.UserId#p.Score,>,-5,p.Score,<,191,p.CommentCount,>,1,p.CommentCount,<,36,u.DownVotes,>,104,u.DownVotes,<,1223,v.CreationDate,>,1262426802,v.CreationDate,<,1296851717,v.VoteTypeId,>,1,v.VoteTypeId,<,12,b.Date,>,1320627902,b.Date,<,1335154796#56316
votes v,posts p,badges b,users u#p.Id=v.PostId,u.Id=p.OwnerUserId,u.Id=b.UserId#p.Score,>,-5,p.Score,<,49,p.CommentCount,>,1,p.CommentCount,<,37,u.DownVotes,>,198,u.DownVotes,<,1431,v.CreationDate,>,1314677573,v.CreationDate,<,1333730511,v.VoteTypeId,>,5,v.VoteTypeId,<,15,b.Date,>,1314128463,b.Date,<,1360958742#963
votes v,posts p,badges b,users u#p.Id=v.PostId,u.Id=p.OwnerUserId,u.Id=b.UserId#p.Score,>,14,p.Score,<,146,p.CommentCount,>,9,p.CommentCount,<,13,u.DownVotes,>,169,u.DownVotes,<,714,v.CreationDate,>,1331220737,v.CreationDate,<,1385633658,v.VoteTypeId,>,3,v.VoteTypeId,<,13,b.Date,>,1372360085,b.Date,<,1391365367#52
votes v,posts p,badges b,users u#p.Id=v.PostId,u.Id=p.OwnerUserId,u.Id=b.UserId#p.Score,>,63,p.Score,<,143,p.CommentCount,>,5,p.CommentCount,<,13,u.DownVotes,>,149,u.DownVotes,<,976,v.CreationDate,>,1380880826,v.CreationDate,<,1400615605,v.VoteTypeId,>,1,v.VoteTypeId,<,15,b.Date,>,1317164924,b.Date,<,1359671483#14018
votes v,posts p,badges b,users u#p.Id=v.PostId,u.Id=p.OwnerUserId,u.Id=b.UserId#p.Score,>,69,p.Score,<,162,p.CommentCount,>,1,p.CommentCount,<,34,u.DownVotes,>,378,u.DownVotes,<,1508,v.CreationDate,>,1235475197,v.CreationDate,<,1331608569,v.VoteTypeId,>,2,v.VoteTypeId,<,15,b.Date,>,1315505955,b.Date,<,1400250103#329
votes v,posts p,badges b,users u#p.Id=v.PostId,u.Id=p.OwnerUserId,u.Id=b.UserId#p.Score,>,0,p.Score,<,115,p.CommentCount,>,3,p.CommentCount,<,41,u.DownVotes,>,499,u.DownVotes,<,1290,v.CreationDate,>,1362219740,v.CreationDate,<,1388623236,v.VoteTypeId,>,1,v.VoteTypeId,<,8,b.Date,>,1294828828,b.Date,<,1296026384#1680
votes v,posts p,badges b,users u#p.Id=v.PostId,u.Id=p.OwnerUserId,u.Id=b.UserId#p.Score,>,15,p.Score,<,64,p.CommentCount,>,5,p.CommentCount,<,9,u.DownVotes,>,302,u.DownVotes,<,1392,v.CreationDate,>,1321269782,v.CreationDate,<,1379609743,v.VoteTypeId,>,9,v.VoteTypeId,<,12,b.Date,>,1325590659,b.Date,<,1339931009#60
votes v,posts p,badges b,users u#p.Id=v.PostId,u.Id=p.OwnerUserId,u.Id=b.UserId#p.Score,>,48,p.Score,<,79,p.CommentCount,>,2,p.CommentCount,<,19,u.DownVotes,>,481,u.DownVotes,<,1821,v.CreationDate,>,1348567819,v.CreationDate,<,1354860006,v.VoteTypeId,>,2,v.VoteTypeId,<,13,b.Date,>,1290920704,b.Date,<,1378298160#2142
votes v,posts p,badges b,users u#p.Id=v.PostId,u.Id=p.OwnerUserId,u.Id=b.UserId#p.Score,>,44,p.Score,<,187,p.CommentCount,>,1,p.CommentCount,<,33,u.DownVotes,>,622,u.DownVotes,<,1874,v.CreationDate,>,1292585502,v.CreationDate,<,1368206477,v.VoteTypeId,>,2,v.VoteTypeId,<,15,b.Date,>,1326765825,b.Date,<,1405923037#3756
votes v,posts p,badges b,users u#p.Id=v.PostId,u.Id=p.OwnerUserId,u.Id=b.UserId#p.Score,>,9,p.Score,<,133,p.CommentCount,>,5,p.CommentCount,<,19,u.DownVotes,>,96,u.DownVotes,<,394,v.CreationDate,>,1241518412,v.CreationDate,<,1355148616,v.VoteTypeId,>,1,v.VoteTypeId,<,4,b.Date,>,1404415569,b.Date,<,1405417887#1026
votes v,posts p,badges b,users u#p.Id=v.PostId,u.Id=p.OwnerUserId,u.Id=b.UserId#p.Score,>,42,p.Score,<,100,p.CommentCount,>,8,p.CommentCount,<,42,u.DownVotes,>,339,u.DownVotes,<,1740,v.CreationDate,>,1299892713,v.CreationDate,<,1322952620,v.VoteTypeId,>,1,v.VoteTypeId,<,3,b.Date,>,1351225546,b.Date,<,1409552587#5475
votes v,posts p,badges b,users u#p.Id=v.PostId,u.Id=p.OwnerUserId,u.Id=b.UserId#p.Score,>,1,p.Score,<,105,p.CommentCount,>,1,p.CommentCount,<,24,u.DownVotes,>,681,u.DownVotes,<,1202,v.CreationDate,>,1294926389,v.CreationDate,<,1311412236,v.VoteTypeId,>,4,v.VoteTypeId,<,7,b.Date,>,1311950766,b.Date,<,1348348295#286
votes v,posts p,badges b,users u#p.Id=v.PostId,u.Id=p.OwnerUserId,u.Id=b.UserId#p.Score,>,10,p.Score,<,139,p.CommentCount,>,10,p.CommentCount,<,20,u.DownVotes,>,200,u.DownVotes,<,823,v.CreationDate,>,1304981992,v.CreationDate,<,1401524411,v.VoteTypeId,>,8,v.VoteTypeId,<,15,b.Date,>,1286793085,b.Date,<,1345314979#296
votes v,posts p,badges b,users u#p.Id=v.PostId,u.Id=p.OwnerUserId,u.Id=b.UserId#p.Score,>,8,p.Score,<,134,p.CommentCount,>,21,p.CommentCount,<,37,u.DownVotes,>,276,u.DownVotes,<,883,v.CreationDate,>,1336045309,v.CreationDate,<,1372982397,v.VoteTypeId,>,1,v.VoteTypeId,<,11,b.Date,>,1318247199,b.Date,<,1400088982#1989
votes v,posts p,badges b,users u#p.Id=v.PostId,u.Id=p.OwnerUserId,u.Id=b.UserId#p.Score,>,77,p.Score,<,142,p.CommentCount,>,12,p.CommentCount,<,34,u.DownVotes,>,81,u.DownVotes,<,679,v.CreationDate,>,1278541770,v.CreationDate,<,1350708183,v.VoteTypeId,>,1,v.VoteTypeId,<,11,b.Date,>,1334899394,b.Date,<,1372706288#2970
votes v,posts p,badges b,users u#p.Id=v.PostId,u.Id=p.OwnerUserId,u.Id=b.UserId#p.Score,>,-1,p.Score,<,190,p.CommentCount,>,11,p.CommentCount,<,43,u.DownVotes,>,21,u.DownVotes,<,333,v.CreationDate,>,1251368414,v.CreationDate,<,1349436008,v.VoteTypeId,>,1,v.VoteTypeId,<,3,b.Date,>,1358091507,b.Date,<,1366358197#3691
votes v,posts p,badges b,users u#p.Id=v.PostId,u.Id=p.OwnerUserId,u.Id=b.UserId#p.Score,>,-14,p.Score,<,41,p.CommentCount,>,13,p.CommentCount,<,38,u.DownVotes,>,588,u.DownVotes,<,1299,v.CreationDate,>,1252804532,v.CreationDate,<,1381429157,v.VoteTypeId,>,7,v.VoteTypeId,<,15,b.Date,>,1345979336,b.Date,<,1370876393#84
votes v,posts p,badges b,users u#p.Id=v.PostId,u.Id=p.OwnerUserId,u.Id=b.UserId#p.Score,>,8,p.Score,<,114,p.CommentCount,>,7,p.CommentCount,<,18,u.DownVotes,>,107,u.DownVotes,<,1506,v.CreationDate,>,1287315908,v.CreationDate,<,1378059010,v.VoteTypeId,>,8,v.VoteTypeId,<,13,b.Date,>,1312000103,b.Date,<,1366782226#376
votes v,posts p,badges b,users u#p.Id=v.PostId,u.Id=p.OwnerUserId,u.Id=b.UserId#p.Score,>,-4,p.Score,<,160,p.CommentCount,>,6,p.CommentCount,<,15,u.DownVotes,>,618,u.DownVotes,<,1750,v.CreationDate,>,1317246388,v.CreationDate,<,1355450620,v.VoteTypeId,>,3,v.VoteTypeId,<,10,b.Date,>,1364682502,b.Date,<,1399504573#420
votes v,posts p,badges b,users u#p.Id=v.PostId,u.Id=p.OwnerUserId,u.Id=b.UserId#p.Score,>,42,p.Score,<,81,p.CommentCount,>,0,p.CommentCount,<,21,u.DownVotes,>,93,u.DownVotes,<,1133,v.CreationDate,>,1309975486,v.CreationDate,<,1335450381,v.VoteTypeId,>,1,v.VoteTypeId,<,6,b.Date,>,1284685522,b.Date,<,1384686428#52334
votes v,posts p,badges b,users u#p.Id=v.PostId,u.Id=p.OwnerUserId,u.Id=b.UserId#p.Score,>,20,p.Score,<,82,p.CommentCount,>,2,p.CommentCount,<,37,u.DownVotes,>,586,u.DownVotes,<,1040,v.CreationDate,>,1254143683,v.CreationDate,<,1402180383,v.VoteTypeId,>,4,v.VoteTypeId,<,7,b.Date,>,1289378794,b.Date,<,1336203225#1920
votes v,posts p,badges b,users u#p.Id=v.PostId,u.Id=p.OwnerUserId,u.Id=b.UserId#p.Score,>,122,p.Score,<,190,p.CommentCount,>,2,p.CommentCount,<,35,u.DownVotes,>,119,u.DownVotes,<,314,v.CreationDate,>,1257079669,v.CreationDate,<,1366283133,v.VoteTypeId,>,7,v.VoteTypeId,<,11,b.Date,>,1302108979,b.Date,<,1404161367#227
votes v,posts p,badges b,users u#p.Id=v.PostId,u.Id=p.OwnerUserId,u.Id=b.UserId#p.Score,>,12,p.Score,<,106,p.CommentCount,>,4,p.CommentCount,<,41,u.DownVotes,>,741,u.DownVotes,<,1306,v.CreationDate,>,1349578688,v.CreationDate,<,1403757526,v.VoteTypeId,>,3,v.VoteTypeId,<,10,b.Date,>,1311865459,b.Date,<,1325149316#861
votes v,posts p,badges b,users u#p.Id=v.PostId,u.Id=p.OwnerUserId,u.Id=b.UserId#p.Score,>,0,p.Score,<,191,p.CommentCount,>,5,p.CommentCount,<,19,u.DownVotes,>,140,u.DownVotes,<,331,v.CreationDate,>,1306868274,v.CreationDate,<,1327854469,v.VoteTypeId,>,5,v.VoteTypeId,<,12,b.Date,>,1392556724,b.Date,<,1397987124#3
votes v,posts p,badges b,users u#p.Id=v.PostId,u.Id=p.OwnerUserId,u.Id=b.UserId#p.Score,>,3,p.Score,<,5,p.CommentCount,>,3,p.CommentCount,<,26,u.DownVotes,>,679,u.DownVotes,<,820,v.CreationDate,>,1297459998,v.CreationDate,<,1336326217,v.VoteTypeId,>,6,v.VoteTypeId,<,13,b.Date,>,1285948368,b.Date,<,1297209794#30
votes v,posts p,badges b,users u#p.Id=v.PostId,u.Id=p.OwnerUserId,u.Id=b.UserId#p.Score,>,10,p.Score,<,105,p.CommentCount,>,10,p.CommentCount,<,25,u.DownVotes,>,309,u.DownVotes,<,992,v.CreationDate,>,1286181795,v.CreationDate,<,1387619279,v.VoteTypeId,>,8,v.VoteTypeId,<,15,b.Date,>,1379856881,b.Date,<,1396318172#15
votes v,posts p,badges b,users u#p.Id=v.PostId,u.Id=p.OwnerUserId,u.Id=b.UserId#p.Score,>,8,p.Score,<,36,p.CommentCount,>,11,p.CommentCount,<,28,u.DownVotes,>,136,u.DownVotes,<,1746,v.CreationDate,>,1373360399,v.CreationDate,<,1397121425,v.VoteTypeId,>,5,v.VoteTypeId,<,10,b.Date,>,1282445006,b.Date,<,1393972128#383
votes v,posts p,badges b,users u#p.Id=v.PostId,u.Id=p.OwnerUserId,u.Id=b.UserId#p.Score,>,-12,p.Score,<,42,p.CommentCount,>,3,p.CommentCount,<,40,u.DownVotes,>,8,u.DownVotes,<,1902,v.CreationDate,>,1336353417,v.CreationDate,<,1384867452,v.VoteTypeId,>,2,v.VoteTypeId,<,12,b.Date,>,1344523476,b.Date,<,1385080814#22160
votes v,posts p,badges b,users u#p.Id=v.PostId,u.Id=p.OwnerUserId,u.Id=b.UserId#p.Score,>,33,p.Score,<,149,p.CommentCount,>,3,p.CommentCount,<,26,u.DownVotes,>,624,u.DownVotes,<,1138,v.CreationDate,>,1251633813,v.CreationDate,<,1332065617,v.VoteTypeId,>,1,v.VoteTypeId,<,11,b.Date,>,1380531187,b.Date,<,1396464425#13737
votes v,posts p,badges b,users u#p.Id=v.PostId,u.Id=p.OwnerUserId,u.Id=b.UserId#p.Score,>,12,p.Score,<,128,p.CommentCount,>,9,p.CommentCount,<,25,u.DownVotes,>,403,u.DownVotes,<,1871,v.CreationDate,>,1278481434,v.CreationDate,<,1365539378,v.VoteTypeId,>,5,v.VoteTypeId,<,9,b.Date,>,1346980892,b.Date,<,1351046745#14
votes v,posts p,badges b,users u#p.Id=v.PostId,u.Id=p.OwnerUserId,u.Id=b.UserId#p.Score,>,-7,p.Score,<,183,p.CommentCount,>,5,p.CommentCount,<,37,u.DownVotes,>,592,u.DownVotes,<,1675,v.CreationDate,>,1334422678,v.CreationDate,<,1342494943,v.VoteTypeId,>,1,v.VoteTypeId,<,11,b.Date,>,1306496279,b.Date,<,1398167651#76725
votes v,posts p,badges b,users u#p.Id=v.PostId,u.Id=p.OwnerUserId,u.Id=b.UserId#p.Score,>,-16,p.Score,<,19,p.CommentCount,>,8,p.CommentCount,<,35,u.DownVotes,>,189,u.DownVotes,<,760,v.CreationDate,>,1330352993,v.CreationDate,<,1372068379,v.VoteTypeId,>,9,v.VoteTypeId,<,15,b.Date,>,1309532035,b.Date,<,1393333133#154
votes v,posts p,badges b,users u#p.Id=v.PostId,u.Id=p.OwnerUserId,u.Id=b.UserId#p.Score,>,-4,p.Score,<,103,p.CommentCount,>,17,p.CommentCount,<,36,u.DownVotes,>,252,u.DownVotes,<,1072,v.CreationDate,>,1298551161,v.CreationDate,<,1340509384,v.VoteTypeId,>,1,v.VoteTypeId,<,13,b.Date,>,1327229857,b.Date,<,1360746268#4981
votes v,posts p,badges b,users u#p.Id=v.PostId,u.Id=p.OwnerUserId,u.Id=b.UserId#p.Score,>,56,p.Score,<,166,p.CommentCount,>,5,p.CommentCount,<,42,u.DownVotes,>,538,u.DownVotes,<,1528,v.CreationDate,>,1288563575,v.CreationDate,<,1339320065,v.VoteTypeId,>,2,v.VoteTypeId,<,13,b.Date,>,1363493786,b.Date,<,1398684062#272
votes v,posts p,badges b,users u#p.Id=v.PostId,u.Id=p.OwnerUserId,u.Id=b.UserId#p.Score,>,-15,p.Score,<,87,p.CommentCount,>,0,p.CommentCount,<,19,u.DownVotes,>,610,u.DownVotes,<,1199,v.CreationDate,>,1267730495,v.CreationDate,<,1373633781,v.VoteTypeId,>,5,v.VoteTypeId,<,14,b.Date,>,1314169509,b.Date,<,1389331063#5263
votes v,posts p,badges b,users u#p.Id=v.PostId,u.Id=p.OwnerUserId,u.Id=b.UserId#p.Score,>,-13,p.Score,<,143,p.CommentCount,>,2,p.CommentCount,<,19,u.DownVotes,>,257,u.DownVotes,<,1079,v.CreationDate,>,1256948538,v.CreationDate,<,1383539204,v.VoteTypeId,>,5,v.VoteTypeId,<,12,b.Date,>,1371622749,b.Date,<,1397168533#1525
votes v,posts p,badges b,users u#p.Id=v.PostId,u.Id=p.OwnerUserId,u.Id=b.UserId#p.Score,>,6,p.Score,<,17,p.CommentCount,>,2,p.CommentCount,<,21,u.DownVotes,>,362,u.DownVotes,<,1894,v.CreationDate,>,1290812111,v.CreationDate,<,1318873605,v.VoteTypeId,>,7,v.VoteTypeId,<,11,b.Date,>,1301906113,b.Date,<,1314785953#140
votes v,posts p,badges b,users u#p.Id=v.PostId,u.Id=p.OwnerUserId,u.Id=b.UserId#p.Score,>,-16,p.Score,<,27,p.CommentCount,>,4,p.CommentCount,<,39,u.DownVotes,>,720,u.DownVotes,<,806,v.CreationDate,>,1311478824,v.CreationDate,<,1378762563,v.VoteTypeId,>,2,v.VoteTypeId,<,8,b.Date,>,1287674359,b.Date,<,1293059285#84
votes v,posts p,badges b,users u#p.Id=v.PostId,u.Id=p.OwnerUserId,u.Id=b.UserId#p.Score,>,-11,p.Score,<,146,p.CommentCount,>,7,p.CommentCount,<,40,u.DownVotes,>,156,u.DownVotes,<,1456,v.CreationDate,>,1362283562,v.CreationDate,<,1364351833,v.VoteTypeId,>,4,v.VoteTypeId,<,13,b.Date,>,1283550667,b.Date,<,1394110747#223
votes v,posts p,badges b,users u#p.Id=v.PostId,u.Id=p.OwnerUserId,u.Id=b.UserId#p.Score,>,16,p.Score,<,61,p.CommentCount,>,5,p.CommentCount,<,40,u.DownVotes,>,48,u.DownVotes,<,992,v.CreationDate,>,1267849451,v.CreationDate,<,1334793688,v.VoteTypeId,>,5,v.VoteTypeId,<,15,b.Date,>,1324399990,b.Date,<,1373048816#403
votes v,posts p,badges b,users u#p.Id=v.PostId,u.Id=p.OwnerUserId,u.Id=b.UserId#p.Score,>,-4,p.Score,<,119,p.CommentCount,>,17,p.CommentCount,<,36,u.DownVotes,>,137,u.DownVotes,<,1845,v.CreationDate,>,1238475207,v.CreationDate,<,1309035129,v.VoteTypeId,>,7,v.VoteTypeId,<,14,b.Date,>,1382784689,b.Date,<,1388768717#15
votes v,posts p,badges b,users u#p.Id=v.PostId,u.Id=p.OwnerUserId,u.Id=b.UserId#p.Score,>,92,p.Score,<,156,p.CommentCount,>,10,p.CommentCount,<,15,u.DownVotes,>,489,u.DownVotes,<,1382,v.CreationDate,>,1257705838,v.CreationDate,<,1379270383,v.VoteTypeId,>,1,v.VoteTypeId,<,10,b.Date,>,1364153426,b.Date,<,1372270543#1890
votes v,posts p,badges b,users u#p.Id=v.PostId,u.Id=p.OwnerUserId,u.Id=b.UserId#p.Score,>,6,p.Score,<,42,p.CommentCount,>,15,p.CommentCount,<,20,u.DownVotes,>,38,u.DownVotes,<,516,v.CreationDate,>,1319351290,v.CreationDate,<,1379193331,v.VoteTypeId,>,4,v.VoteTypeId,<,6,b.Date,>,1297105783,b.Date,<,1333721903#54
votes v,posts p,badges b,users u#p.Id=v.PostId,u.Id=p.OwnerUserId,u.Id=b.UserId#p.Score,>,23,p.Score,<,108,p.CommentCount,>,4,p.CommentCount,<,27,u.DownVotes,>,453,u.DownVotes,<,1016,v.CreationDate,>,1342225306,v.CreationDate,<,1404269532,v.VoteTypeId,>,2,v.VoteTypeId,<,7,b.Date,>,1294061774,b.Date,<,1313415509#972
votes v,posts p,badges b,users u#p.Id=v.PostId,u.Id=p.OwnerUserId,u.Id=b.UserId#p.Score,>,90,p.Score,<,139,p.CommentCount,>,11,p.CommentCount,<,21,u.DownVotes,>,58,u.DownVotes,<,953,v.CreationDate,>,1317788281,v.CreationDate,<,1377260413,v.VoteTypeId,>,2,v.VoteTypeId,<,8,b.Date,>,1356549167,b.Date,<,1366570259#16
votes v,posts p,badges b,users u#p.Id=v.PostId,u.Id=p.OwnerUserId,u.Id=b.UserId#p.Score,>,6,p.Score,<,84,p.CommentCount,>,7,p.CommentCount,<,43,u.DownVotes,>,454,u.DownVotes,<,1785,v.CreationDate,>,1298671151,v.CreationDate,<,1365547341,v.VoteTypeId,>,8,v.VoteTypeId,<,10,b.Date,>,1371591614,b.Date,<,1397345180#212
votes v,posts p,badges b,users u#p.Id=v.PostId,u.Id=p.OwnerUserId,u.Id=b.UserId#p.Score,>,42,p.Score,<,94,p.CommentCount,>,3,p.CommentCount,<,38,u.DownVotes,>,19,u.DownVotes,<,676,v.CreationDate,>,1357812217,v.CreationDate,<,1380706054,v.VoteTypeId,>,1,v.VoteTypeId,<,4,b.Date,>,1343042702,b.Date,<,1378331578#9217
votes v,posts p,badges b,users u#p.Id=v.PostId,u.Id=p.OwnerUserId,u.Id=b.UserId#p.Score,>,-6,p.Score,<,42,p.CommentCount,>,17,p.CommentCount,<,29,u.DownVotes,>,44,u.DownVotes,<,589,v.CreationDate,>,1269460969,v.CreationDate,<,1402426667,v.VoteTypeId,>,3,v.VoteTypeId,<,10,b.Date,>,1343746698,b.Date,<,1369277697#8
votes v,posts p,badges b,users u#p.Id=v.PostId,u.Id=p.OwnerUserId,u.Id=b.UserId#p.Score,>,15,p.Score,<,45,p.CommentCount,>,14,p.CommentCount,<,43,u.DownVotes,>,272,u.DownVotes,<,1481,v.CreationDate,>,1304032924,v.CreationDate,<,1343832455,v.VoteTypeId,>,1,v.VoteTypeId,<,3,b.Date,>,1305809580,b.Date,<,1317161847#736
votes v,posts p,badges b,users u#p.Id=v.PostId,u.Id=p.OwnerUserId,u.Id=b.UserId#p.Score,>,3,p.Score,<,179,p.CommentCount,>,7,p.CommentCount,<,38,u.DownVotes,>,304,u.DownVotes,<,419,v.CreationDate,>,1236226026,v.CreationDate,<,1306920836,v.VoteTypeId,>,1,v.VoteTypeId,<,15,b.Date,>,1334968046,b.Date,<,1372805488#55
votes v,posts p,badges b,users u#p.Id=v.PostId,u.Id=p.OwnerUserId,u.Id=b.UserId#p.Score,>,60,p.Score,<,144,p.CommentCount,>,1,p.CommentCount,<,32,u.DownVotes,>,397,u.DownVotes,<,1124,v.CreationDate,>,1326971859,v.CreationDate,<,1359685688,v.VoteTypeId,>,1,v.VoteTypeId,<,7,b.Date,>,1320900725,b.Date,<,1398022920#30975
votes v,posts p,badges b,users u#p.Id=v.PostId,u.Id=p.OwnerUserId,u.Id=b.UserId#p.Score,>,-9,p.Score,<,122,p.CommentCount,>,11,p.CommentCount,<,14,u.DownVotes,>,400,u.DownVotes,<,1534,v.CreationDate,>,1253597631,v.CreationDate,<,1396980663,v.VoteTypeId,>,9,v.VoteTypeId,<,14,b.Date,>,1312913128,b.Date,<,1368475230#129
votes v,posts p,badges b,users u#p.Id=v.PostId,u.Id=p.OwnerUserId,u.Id=b.UserId#p.Score,>,32,p.Score,<,62,p.CommentCount,>,8,p.CommentCount,<,10,u.DownVotes,>,28,u.DownVotes,<,1787,v.CreationDate,>,1287160565,v.CreationDate,<,1329605112,v.VoteTypeId,>,1,v.VoteTypeId,<,11,b.Date,>,1320419948,b.Date,<,1384795821#3816
votes v,posts p,badges b,users u#p.Id=v.PostId,u.Id=p.OwnerUserId,u.Id=b.UserId#p.Score,>,8,p.Score,<,125,p.CommentCount,>,0,p.CommentCount,<,24,u.DownVotes,>,663,u.DownVotes,<,1837,v.CreationDate,>,1326405654,v.CreationDate,<,1371719300,v.VoteTypeId,>,3,v.VoteTypeId,<,13,b.Date,>,1379334281,b.Date,<,1386245991#324
votes v,posts p,badges b,users u#p.Id=v.PostId,u.Id=p.OwnerUserId,u.Id=b.UserId#p.Score,>,11,p.Score,<,92,p.CommentCount,>,2,p.CommentCount,<,38,u.DownVotes,>,650,u.DownVotes,<,827,v.CreationDate,>,1243998821,v.CreationDate,<,1303455883,v.VoteTypeId,>,2,v.VoteTypeId,<,10,b.Date,>,1294723832,b.Date,<,1304434725#66
votes v,posts p,badges b,users u#p.Id=v.PostId,u.Id=p.OwnerUserId,u.Id=b.UserId#p.Score,>,12,p.Score,<,147,p.CommentCount,>,10,p.CommentCount,<,41,u.DownVotes,>,561,u.DownVotes,<,1560,v.CreationDate,>,1286459950,v.CreationDate,<,1395427013,v.VoteTypeId,>,6,v.VoteTypeId,<,13,b.Date,>,1317834128,b.Date,<,1391513723#286
votes v,posts p,badges b,users u#p.Id=v.PostId,u.Id=p.OwnerUserId,u.Id=b.UserId#p.Score,>,17,p.Score,<,111,p.CommentCount,>,5,p.CommentCount,<,43,u.DownVotes,>,109,u.DownVotes,<,1588,v.CreationDate,>,1250355878,v.CreationDate,<,1284262491,v.VoteTypeId,>,6,v.VoteTypeId,<,11,b.Date,>,1301542499,b.Date,<,1398397791#71
votes v,posts p,badges b,users u#p.Id=v.PostId,u.Id=p.OwnerUserId,u.Id=b.UserId#p.Score,>,-2,p.Score,<,69,p.CommentCount,>,5,p.CommentCount,<,27,u.DownVotes,>,741,u.DownVotes,<,1366,v.CreationDate,>,1262412355,v.CreationDate,<,1305044557,v.VoteTypeId,>,3,v.VoteTypeId,<,9,b.Date,>,1282181133,b.Date,<,1314872857#328
votes v,posts p,badges b,users u#p.Id=v.PostId,u.Id=p.OwnerUserId,u.Id=b.UserId#p.Score,>,-3,p.Score,<,68,p.CommentCount,>,3,p.CommentCount,<,40,u.DownVotes,>,41,u.DownVotes,<,1502,v.CreationDate,>,1347775083,v.CreationDate,<,1400016101,v.VoteTypeId,>,7,v.VoteTypeId,<,9,b.Date,>,1397085372,b.Date,<,1406567075#294
votes v,posts p,badges b,users u#p.Id=v.PostId,u.Id=p.OwnerUserId,u.Id=b.UserId#p.Score,>,2,p.Score,<,64,p.CommentCount,>,11,p.CommentCount,<,21,u.DownVotes,>,714,u.DownVotes,<,1214,v.CreationDate,>,1237761587,v.CreationDate,<,1332933900,v.VoteTypeId,>,5,v.VoteTypeId,<,14,b.Date,>,1325701209,b.Date,<,1341218147#46
votes v,posts p,badges b,users u#p.Id=v.PostId,u.Id=p.OwnerUserId,u.Id=b.UserId#p.Score,>,-18,p.Score,<,136,p.CommentCount,>,3,p.CommentCount,<,26,u.DownVotes,>,430,u.DownVotes,<,1842,v.CreationDate,>,1341328233,v.CreationDate,<,1347175188,v.VoteTypeId,>,7,v.VoteTypeId,<,10,b.Date,>,1301973139,b.Date,<,1389074276#614
votes v,posts p,badges b,users u#p.Id=v.PostId,u.Id=p.OwnerUserId,u.Id=b.UserId#p.Score,>,28,p.Score,<,182,p.CommentCount,>,12,p.CommentCount,<,18,u.DownVotes,>,122,u.DownVotes,<,994,v.CreationDate,>,1285697881,v.CreationDate,<,1336960298,v.VoteTypeId,>,1,v.VoteTypeId,<,10,b.Date,>,1302455908,b.Date,<,1399800268#6186
votes v,posts p,badges b,users u#p.Id=v.PostId,u.Id=p.OwnerUserId,u.Id=b.UserId#p.Score,>,-5,p.Score,<,58,p.CommentCount,>,5,p.CommentCount,<,26,u.DownVotes,>,454,u.DownVotes,<,1032,v.CreationDate,>,1313170913,v.CreationDate,<,1382765787,v.VoteTypeId,>,3,v.VoteTypeId,<,8,b.Date,>,1327785515,b.Date,<,1353559203#2340
votes v,posts p,badges b,users u#p.Id=v.PostId,u.Id=p.OwnerUserId,u.Id=b.UserId#p.Score,>,2,p.Score,<,18,p.CommentCount,>,8,p.CommentCount,<,43,u.DownVotes,>,702,u.DownVotes,<,1660,v.CreationDate,>,1274467506,v.CreationDate,<,1346087860,v.VoteTypeId,>,8,v.VoteTypeId,<,14,b.Date,>,1314549345,b.Date,<,1332435066#88
votes v,posts p,badges b,users u#p.Id=v.PostId,u.Id=p.OwnerUserId,u.Id=b.UserId#p.Score,>,3,p.Score,<,97,p.CommentCount,>,19,p.CommentCount,<,24,u.DownVotes,>,102,u.DownVotes,<,1347,v.CreationDate,>,1252159890,v.CreationDate,<,1405175829,v.VoteTypeId,>,8,v.VoteTypeId,<,10,b.Date,>,1374283293,b.Date,<,1381723274#50
votes v,posts p,badges b,users u#p.Id=v.PostId,u.Id=p.OwnerUserId,u.Id=b.UserId#p.Score,>,6,p.Score,<,81,p.CommentCount,>,10,p.CommentCount,<,25,u.DownVotes,>,157,u.DownVotes,<,954,v.CreationDate,>,1282747205,v.CreationDate,<,1337649642,v.VoteTypeId,>,9,v.VoteTypeId,<,14,b.Date,>,1352355660,b.Date,<,1392381323#34
votes v,posts p,badges b,users u#p.Id=v.PostId,u.Id=p.OwnerUserId,u.Id=b.UserId#p.Score,>,2,p.Score,<,85,p.CommentCount,>,2,p.CommentCount,<,25,u.DownVotes,>,530,u.DownVotes,<,861,v.CreationDate,>,1293473343,v.CreationDate,<,1402982474,v.VoteTypeId,>,8,v.VoteTypeId,<,10,b.Date,>,1303001237,b.Date,<,1307026169#90
votes v,posts p,badges b,users u#p.Id=v.PostId,u.Id=p.OwnerUserId,u.Id=b.UserId#p.Score,>,19,p.Score,<,58,p.CommentCount,>,11,p.CommentCount,<,26,u.DownVotes,>,117,u.DownVotes,<,959,v.CreationDate,>,1235546166,v.CreationDate,<,1343626426,v.VoteTypeId,>,1,v.VoteTypeId,<,15,b.Date,>,1286824936,b.Date,<,1351567473#18136
votes v,posts p,badges b,users u#p.Id=v.PostId,u.Id=p.OwnerUserId,u.Id=b.UserId#p.Score,>,68,p.Score,<,159,p.CommentCount,>,0,p.CommentCount,<,41,u.DownVotes,>,306,u.DownVotes,<,966,v.CreationDate,>,1291427193,v.CreationDate,<,1353266499,v.VoteTypeId,>,1,v.VoteTypeId,<,4,b.Date,>,1361960159,b.Date,<,1379262502#8418
votes v,posts p,badges b,users u#p.Id=v.PostId,u.Id=p.OwnerUserId,u.Id=b.UserId#p.Score,>,3,p.Score,<,110,p.CommentCount,>,6,p.CommentCount,<,36,u.DownVotes,>,33,u.DownVotes,<,1405,v.CreationDate,>,1254669892,v.CreationDate,<,1294110562,v.VoteTypeId,>,2,v.VoteTypeId,<,9,b.Date,>,1287055931,b.Date,<,1313579810#783
votes v,posts p,badges b,users u#p.Id=v.PostId,u.Id=p.OwnerUserId,u.Id=b.UserId#p.Score,>,-14,p.Score,<,115,p.CommentCount,>,19,p.CommentCount,<,40,u.DownVotes,>,203,u.DownVotes,<,1229,v.CreationDate,>,1280634112,v.CreationDate,<,1311022796,v.VoteTypeId,>,1,v.VoteTypeId,<,8,b.Date,>,1286876752,b.Date,<,1408859204#5156
votes v,posts p,badges b,users u#p.Id=v.PostId,u.Id=p.OwnerUserId,u.Id=b.UserId#p.Score,>,5,p.Score,<,74,p.CommentCount,>,8,p.CommentCount,<,39,u.DownVotes,>,767,u.DownVotes,<,1663,v.CreationDate,>,1269010833,v.CreationDate,<,1387581216,v.VoteTypeId,>,4,v.VoteTypeId,<,14,b.Date,>,1348957750,b.Date,<,1373135459#70
votes v,posts p,badges b,users u#p.Id=v.PostId,u.Id=p.OwnerUserId,u.Id=b.UserId#p.Score,>,38,p.Score,<,46,p.CommentCount,>,8,p.CommentCount,<,34,u.DownVotes,>,79,u.DownVotes,<,1731,v.CreationDate,>,1279664570,v.CreationDate,<,1313262246,v.VoteTypeId,>,1,v.VoteTypeId,<,7,b.Date,>,1294002669,b.Date,<,1303292095#660
votes v,posts p,badges b,users u#p.Id=v.PostId,u.Id=p.OwnerUserId,u.Id=b.UserId#p.Score,>,-7,p.Score,<,54,p.CommentCount,>,0,p.CommentCount,<,10,u.DownVotes,>,686,u.DownVotes,<,1572,v.CreationDate,>,1239761956,v.CreationDate,<,1368855093,v.VoteTypeId,>,6,v.VoteTypeId,<,12,b.Date,>,1329853740,b.Date,<,1359660376#2322
votes v,posts p,badges b,users u#p.Id=v.PostId,u.Id=p.OwnerUserId,u.Id=b.UserId#p.Score,>,-7,p.Score,<,30,p.CommentCount,>,9,p.CommentCount,<,44,u.DownVotes,>,166,u.DownVotes,<,882,v.CreationDate,>,1328515019,v.CreationDate,<,1353098823,v.VoteTypeId,>,3,v.VoteTypeId,<,11,b.Date,>,1331788423,b.Date,<,1368189927#590
votes v,posts p,badges b,users u#p.Id=v.PostId,u.Id=p.OwnerUserId,u.Id=b.UserId#p.Score,>,59,p.Score,<,111,p.CommentCount,>,3,p.CommentCount,<,35,u.DownVotes,>,34,u.DownVotes,<,439,v.CreationDate,>,1300605131,v.CreationDate,<,1308449992,v.VoteTypeId,>,3,v.VoteTypeId,<,9,b.Date,>,1329457777,b.Date,<,1398033276#64
votes v,posts p,badges b,users u#p.Id=v.PostId,u.Id=p.OwnerUserId,u.Id=b.UserId#p.Score,>,0,p.Score,<,44,p.CommentCount,>,10,p.CommentCount,<,39,u.DownVotes,>,178,u.DownVotes,<,969,v.CreationDate,>,1296630179,v.CreationDate,<,1383921893,v.VoteTypeId,>,8,v.VoteTypeId,<,13,b.Date,>,1352624646,b.Date,<,1382899755#159
votes v,posts p,badges b,users u#p.Id=v.PostId,u.Id=p.OwnerUserId,u.Id=b.UserId#p.Score,>,-5,p.Score,<,83,p.CommentCount,>,1,p.CommentCount,<,26,u.DownVotes,>,420,u.DownVotes,<,1396,v.CreationDate,>,1295590445,v.CreationDate,<,1315654830,v.VoteTypeId,>,4,v.VoteTypeId,<,8,b.Date,>,1308407525,b.Date,<,1375298952#496
votes v,posts p,badges b,users u#p.Id=v.PostId,u.Id=p.OwnerUserId,u.Id=b.UserId#p.Score,>,-1,p.Score,<,38,p.CommentCount,>,15,p.CommentCount,<,25,u.DownVotes,>,57,u.DownVotes,<,574,v.CreationDate,>,1366028167,v.CreationDate,<,1406814057,v.VoteTypeId,>,8,v.VoteTypeId,<,11,b.Date,>,1351621126,b.Date,<,1375527656#39
votes v,posts p,badges b,users u#p.Id=v.PostId,u.Id=p.OwnerUserId,u.Id=b.UserId#p.Score,>,-7,p.Score,<,122,p.CommentCount,>,11,p.CommentCount,<,39,u.DownVotes,>,433,u.DownVotes,<,1719,v.CreationDate,>,1286743389,v.CreationDate,<,1327380444,v.VoteTypeId,>,1,v.VoteTypeId,<,11,b.Date,>,1291227074,b.Date,<,1395636155#42000
votes v,posts p,badges b,users u#p.Id=v.PostId,u.Id=p.OwnerUserId,u.Id=b.UserId#p.Score,>,4,p.Score,<,95,p.CommentCount,>,0,p.CommentCount,<,20,u.DownVotes,>,411,u.DownVotes,<,1230,v.CreationDate,>,1269896473,v.CreationDate,<,1393680619,v.VoteTypeId,>,1,v.VoteTypeId,<,7,b.Date,>,1284229184,b.Date,<,1340426176#811204
votes v,posts p,badges b,users u#p.Id=v.PostId,u.Id=p.OwnerUserId,u.Id=b.UserId#p.Score,>,-2,p.Score,<,11,p.CommentCount,>,5,p.CommentCount,<,41,u.DownVotes,>,4,u.DownVotes,<,337,v.CreationDate,>,1246654299,v.CreationDate,<,1381775388,v.VoteTypeId,>,7,v.VoteTypeId,<,9,b.Date,>,1297919958,b.Date,<,1381922058#381
votes v,posts p,badges b,users u#p.Id=v.PostId,u.Id=p.OwnerUserId,u.Id=b.UserId#p.Score,>,2,p.Score,<,48,p.CommentCount,>,7,p.CommentCount,<,29,u.DownVotes,>,100,u.DownVotes,<,1170,v.CreationDate,>,1279347809,v.CreationDate,<,1340921290,v.VoteTypeId,>,2,v.VoteTypeId,<,8,b.Date,>,1350969291,b.Date,<,1366714585#321
votes v,posts p,badges b,users u#p.Id=v.PostId,u.Id=p.OwnerUserId,u.Id=b.UserId#p.Score,>,2,p.Score,<,49,p.CommentCount,>,15,p.CommentCount,<,42,u.DownVotes,>,71,u.DownVotes,<,237,v.CreationDate,>,1238613872,v.CreationDate,<,1315579647,v.VoteTypeId,>,2,v.VoteTypeId,<,15,b.Date,>,1353910963,b.Date,<,1400084122#49
votes v,posts p,badges b,users u#p.Id=v.PostId,u.Id=p.OwnerUserId,u.Id=b.UserId#p.Score,>,-9,p.Score,<,84,p.CommentCount,>,3,p.CommentCount,<,17,u.DownVotes,>,656,u.DownVotes,<,844,v.CreationDate,>,1234467517,v.CreationDate,<,1398751366,v.VoteTypeId,>,5,v.VoteTypeId,<,9,b.Date,>,1325571324,b.Date,<,1341992982#70
votes v,posts p,badges b,users u#p.Id=v.PostId,u.Id=p.OwnerUserId,u.Id=b.UserId#p.Score,>,-12,p.Score,<,144,p.CommentCount,>,9,p.CommentCount,<,19,u.DownVotes,>,489,u.DownVotes,<,1587,v.CreationDate,>,1259473165,v.CreationDate,<,1366935523,v.VoteTypeId,>,2,v.VoteTypeId,<,11,b.Date,>,1341820212,b.Date,<,1381006394#153
votes v,posts p,badges b,users u#p.Id=v.PostId,u.Id=p.OwnerUserId,u.Id=b.UserId#p.Score,>,24,p.Score,<,173,p.CommentCount,>,17,p.CommentCount,<,39,u.DownVotes,>,26,u.DownVotes,<,938,v.CreationDate,>,1281819079,v.CreationDate,<,1324143624,v.VoteTypeId,>,8,v.VoteTypeId,<,14,b.Date,>,1319028135,b.Date,<,1352658681#52
votes v,posts p,badges b,users u#p.Id=v.PostId,u.Id=p.OwnerUserId,u.Id=b.UserId#p.Score,>,-10,p.Score,<,107,p.CommentCount,>,13,p.CommentCount,<,18,u.DownVotes,>,133,u.DownVotes,<,1111,v.CreationDate,>,1238931408,v.CreationDate,<,1397045121,v.VoteTypeId,>,3,v.VoteTypeId,<,13,b.Date,>,1385728926,b.Date,<,1386887632#4
votes v,posts p,badges b,users u#p.Id=v.PostId,u.Id=p.OwnerUserId,u.Id=b.UserId#p.Score,>,26,p.Score,<,71,p.CommentCount,>,8,p.CommentCount,<,44,u.DownVotes,>,277,u.DownVotes,<,1738,v.CreationDate,>,1288711534,v.CreationDate,<,1396946358,v.VoteTypeId,>,8,v.VoteTypeId,<,12,b.Date,>,1280891878,b.Date,<,1387151490#358
votes v,posts p,badges b,users u#p.Id=v.PostId,u.Id=p.OwnerUserId,u.Id=b.UserId#p.Score,>,-13,p.Score,<,152,p.CommentCount,>,17,p.CommentCount,<,26,u.DownVotes,>,299,u.DownVotes,<,1811,v.CreationDate,>,1254826252,v.CreationDate,<,1389131502,v.VoteTypeId,>,5,v.VoteTypeId,<,12,b.Date,>,1310595521,b.Date,<,1352204926#164
votes v,posts p,badges b,users u#p.Id=v.PostId,u.Id=p.OwnerUserId,u.Id=b.UserId#p.Score,>,-9,p.Score,<,81,p.CommentCount,>,18,p.CommentCount,<,27,u.DownVotes,>,696,u.DownVotes,<,1748,v.CreationDate,>,1301017915,v.CreationDate,<,1398560504,v.VoteTypeId,>,3,v.VoteTypeId,<,14,b.Date,>,1345648941,b.Date,<,1391488785#180
votes v,posts p,badges b,users u#p.Id=v.PostId,u.Id=p.OwnerUserId,u.Id=b.UserId#p.Score,>,8,p.Score,<,99,p.CommentCount,>,11,p.CommentCount,<,22,u.DownVotes,>,650,u.DownVotes,<,1417,v.CreationDate,>,1305983946,v.CreationDate,<,1409909048,v.VoteTypeId,>,6,v.VoteTypeId,<,13,b.Date,>,1310470087,b.Date,<,1366545275#410
votes v,posts p,badges b,users u#p.Id=v.PostId,u.Id=p.OwnerUserId,u.Id=b.UserId#p.Score,>,23,p.Score,<,112,p.CommentCount,>,1,p.CommentCount,<,15,u.DownVotes,>,332,u.DownVotes,<,1593,v.CreationDate,>,1305826569,v.CreationDate,<,1340952834,v.VoteTypeId,>,1,v.VoteTypeId,<,10,b.Date,>,1282214206,b.Date,<,1344905333#71200
votes v,posts p,badges b,users u#p.Id=v.PostId,u.Id=p.OwnerUserId,u.Id=b.UserId#p.Score,>,9,p.Score,<,73,p.CommentCount,>,15,p.CommentCount,<,44,u.DownVotes,>,5,u.DownVotes,<,1009,v.CreationDate,>,1364689725,v.CreationDate,<,1389221404,v.VoteTypeId,>,4,v.VoteTypeId,<,8,b.Date,>,1282858148,b.Date,<,1356075920#38
votes v,posts p,badges b,users u#p.Id=v.PostId,u.Id=p.OwnerUserId,u.Id=b.UserId#p.Score,>,-4,p.Score,<,61,p.CommentCount,>,11,p.CommentCount,<,21,u.DownVotes,>,688,u.DownVotes,<,1919,v.CreationDate,>,1247626208,v.CreationDate,<,1355987921,v.VoteTypeId,>,5,v.VoteTypeId,<,14,b.Date,>,1339495102,b.Date,<,1382468275#190
votes v,posts p,badges b,users u#p.Id=v.PostId,u.Id=p.OwnerUserId,u.Id=b.UserId#p.Score,>,13,p.Score,<,99,p.CommentCount,>,8,p.CommentCount,<,18,u.DownVotes,>,560,u.DownVotes,<,851,v.CreationDate,>,1350773641,v.CreationDate,<,1364457807,v.VoteTypeId,>,1,v.VoteTypeId,<,8,b.Date,>,1309295747,b.Date,<,1405538818#15372
votes v,posts p,badges b,users u#p.Id=v.PostId,u.Id=p.OwnerUserId,u.Id=b.UserId#p.Score,>,29,p.Score,<,133,p.CommentCount,>,15,p.CommentCount,<,28,u.DownVotes,>,6,u.DownVotes,<,1092,v.CreationDate,>,1268950845,v.CreationDate,<,1342619784,v.VoteTypeId,>,6,v.VoteTypeId,<,14,b.Date,>,1299822572,b.Date,<,1312179717#11
votes v,posts p,badges b,users u#p.Id=v.PostId,u.Id=p.OwnerUserId,u.Id=b.UserId#p.Score,>,14,p.Score,<,182,p.CommentCount,>,4,p.CommentCount,<,33,u.DownVotes,>,27,u.DownVotes,<,388,v.CreationDate,>,1278961922,v.CreationDate,<,1326505316,v.VoteTypeId,>,5,v.VoteTypeId,<,13,b.Date,>,1282562663,b.Date,<,1319642870#274
votes v,posts p,badges b,users u#p.Id=v.PostId,u.Id=p.OwnerUserId,u.Id=b.UserId#p.Score,>,5,p.Score,<,33,p.CommentCount,>,20,p.CommentCount,<,42,u.DownVotes,>,354,u.DownVotes,<,1244,v.CreationDate,>,1268934208,v.CreationDate,<,1390633493,v.VoteTypeId,>,2,v.VoteTypeId,<,9,b.Date,>,1298899750,b.Date,<,1385477224#152
votes v,posts p,badges b,users u#p.Id=v.PostId,u.Id=p.OwnerUserId,u.Id=b.UserId#p.Score,>,-18,p.Score,<,16,p.CommentCount,>,5,p.CommentCount,<,43,u.DownVotes,>,356,u.DownVotes,<,1853,v.CreationDate,>,1375008038,v.CreationDate,<,1395338126,v.VoteTypeId,>,4,v.VoteTypeId,<,7,b.Date,>,1306613158,b.Date,<,1389626348#303
votes v,posts p,badges b,users u#p.Id=v.PostId,u.Id=p.OwnerUserId,u.Id=b.UserId#p.Score,>,-10,p.Score,<,153,p.CommentCount,>,7,p.CommentCount,<,10,u.DownVotes,>,104,u.DownVotes,<,348,v.CreationDate,>,1245596679,v.CreationDate,<,1408327705,v.VoteTypeId,>,1,v.VoteTypeId,<,14,b.Date,>,1311460055,b.Date,<,1327025694#7488
votes v,posts p,badges b,users u#p.Id=v.PostId,u.Id=p.OwnerUserId,u.Id=b.UserId#p.Score,>,116,p.Score,<,151,p.CommentCount,>,9,p.CommentCount,<,32,u.DownVotes,>,172,u.DownVotes,<,993,v.CreationDate,>,1314506716,v.CreationDate,<,1320516377,v.VoteTypeId,>,1,v.VoteTypeId,<,5,b.Date,>,1308942693,b.Date,<,1364368831#203
votes v,posts p,badges b,users u#p.Id=v.PostId,u.Id=p.OwnerUserId,u.Id=b.UserId#p.Score,>,0,p.Score,<,106,p.CommentCount,>,4,p.CommentCount,<,35,u.DownVotes,>,46,u.DownVotes,<,1770,v.CreationDate,>,1313170015,v.CreationDate,<,1384108960,v.VoteTypeId,>,5,v.VoteTypeId,<,9,b.Date,>,1289592670,b.Date,<,1323610921#147
votes v,posts p,badges b,users u#p.Id=v.PostId,u.Id=p.OwnerUserId,u.Id=b.UserId#p.Score,>,-16,p.Score,<,62,p.CommentCount,>,3,p.CommentCount,<,18,u.DownVotes,>,330,u.DownVotes,<,1148,v.CreationDate,>,1397066535,v.CreationDate,<,1401283178,v.VoteTypeId,>,6,v.VoteTypeId,<,11,b.Date,>,1370585163,b.Date,<,1408631771#322
votes v,posts p,badges b,users u#p.Id=v.PostId,u.Id=p.OwnerUserId,u.Id=b.UserId#p.Score,>,75,p.Score,<,91,p.CommentCount,>,9,p.CommentCount,<,25,u.DownVotes,>,238,u.DownVotes,<,1377,v.CreationDate,>,1351293310,v.CreationDate,<,1352149816,v.VoteTypeId,>,1,v.VoteTypeId,<,14,b.Date,>,1314518047,b.Date,<,1343122774#107
votes v,posts p,badges b,users u#p.Id=v.PostId,u.Id=p.OwnerUserId,u.Id=b.UserId#p.Score,>,-2,p.Score,<,9,p.CommentCount,>,0,p.CommentCount,<,38,u.DownVotes,>,33,u.DownVotes,<,659,v.CreationDate,>,1282391314,v.CreationDate,<,1389938268,v.VoteTypeId,>,3,v.VoteTypeId,<,15,b.Date,>,1288089559,b.Date,<,1319290343#4233
votes v,posts p,badges b,users u#p.Id=v.PostId,u.Id=p.OwnerUserId,u.Id=b.UserId#p.Score,>,-13,p.Score,<,77,p.CommentCount,>,18,p.CommentCount,<,29,u.DownVotes,>,547,u.DownVotes,<,1514,v.CreationDate,>,1239754731,v.CreationDate,<,1315409001,v.VoteTypeId,>,6,v.VoteTypeId,<,11,b.Date,>,1300696515,b.Date,<,1324632497#66
votes v,posts p,badges b,users u#p.Id=v.PostId,u.Id=p.OwnerUserId,u.Id=b.UserId#p.Score,>,48,p.Score,<,187,p.CommentCount,>,5,p.CommentCount,<,36,u.DownVotes,>,417,u.DownVotes,<,1086,v.CreationDate,>,1338541009,v.CreationDate,<,1409741706,v.VoteTypeId,>,4,v.VoteTypeId,<,8,b.Date,>,1361602700,b.Date,<,1382373671#1377
votes v,posts p,badges b,users u#p.Id=v.PostId,u.Id=p.OwnerUserId,u.Id=b.UserId#p.Score,>,-15,p.Score,<,119,p.CommentCount,>,0,p.CommentCount,<,5,u.DownVotes,>,236,u.DownVotes,<,1616,v.CreationDate,>,1264270908,v.CreationDate,<,1350946695,v.VoteTypeId,>,6,v.VoteTypeId,<,10,b.Date,>,1370733329,b.Date,<,1376275749#252
votes v,posts p,badges b,users u#p.Id=v.PostId,u.Id=p.OwnerUserId,u.Id=b.UserId#p.Score,>,6,p.Score,<,164,p.CommentCount,>,9,p.CommentCount,<,19,u.DownVotes,>,110,u.DownVotes,<,167,v.CreationDate,>,1290284843,v.CreationDate,<,1401890897,v.VoteTypeId,>,2,v.VoteTypeId,<,5,b.Date,>,1288670744,b.Date,<,1296971171#9
votes v,posts p,badges b,users u#p.Id=v.PostId,u.Id=p.OwnerUserId,u.Id=b.UserId#p.Score,>,14,p.Score,<,72,p.CommentCount,>,2,p.CommentCount,<,12,u.DownVotes,>,106,u.DownVotes,<,1318,v.CreationDate,>,1344995487,v.CreationDate,<,1370461205,v.VoteTypeId,>,1,v.VoteTypeId,<,3,b.Date,>,1282818175,b.Date,<,1328782221#52175
votes v,posts p,badges b,users u#p.Id=v.PostId,u.Id=p.OwnerUserId,u.Id=b.UserId#p.Score,>,-16,p.Score,<,61,p.CommentCount,>,14,p.CommentCount,<,21,u.DownVotes,>,48,u.DownVotes,<,288,v.CreationDate,>,1234700893,v.CreationDate,<,1372982812,v.VoteTypeId,>,5,v.VoteTypeId,<,15,b.Date,>,1350268291,b.Date,<,1397587065#50
votes v,posts p,badges b,users u#p.Id=v.PostId,u.Id=p.OwnerUserId,u.Id=b.UserId#p.Score,>,-2,p.Score,<,34,p.CommentCount,>,2,p.CommentCount,<,33,u.DownVotes,>,603,u.DownVotes,<,1799,v.CreationDate,>,1246537790,v.CreationDate,<,1376022282,v.VoteTypeId,>,3,v.VoteTypeId,<,9,b.Date,>,1290897148,b.Date,<,1334888820#1150
votes v,posts p,badges b,users u#p.Id=v.PostId,u.Id=p.OwnerUserId,u.Id=b.UserId#p.Score,>,-4,p.Score,<,79,p.CommentCount,>,0,p.CommentCount,<,20,u.DownVotes,>,319,u.DownVotes,<,1510,v.CreationDate,>,1314960957,v.CreationDate,<,1364050717,v.VoteTypeId,>,3,v.VoteTypeId,<,13,b.Date,>,1307620791,b.Date,<,1334909335#2176
votes v,posts p,badges b,users u#p.Id=v.PostId,u.Id=p.OwnerUserId,u.Id=b.UserId#p.Score,>,99,p.Score,<,134,p.CommentCount,>,9,p.CommentCount,<,12,u.DownVotes,>,665,u.DownVotes,<,998,v.CreationDate,>,1270402820,v.CreationDate,<,1334660109,v.VoteTypeId,>,1,v.VoteTypeId,<,14,b.Date,>,1375737141,b.Date,<,1379637763#697
votes v,posts p,badges b,users u#p.Id=v.PostId,u.Id=p.OwnerUserId,u.Id=b.UserId#p.Score,>,-12,p.Score,<,25,p.CommentCount,>,7,p.CommentCount,<,15,u.DownVotes,>,213,u.DownVotes,<,1792,v.CreationDate,>,1371047155,v.CreationDate,<,1392630650,v.VoteTypeId,>,3,v.VoteTypeId,<,8,b.Date,>,1346459529,b.Date,<,1376969270#5
votes v,posts p,badges b,users u#p.Id=v.PostId,u.Id=p.OwnerUserId,u.Id=b.UserId#p.Score,>,33,p.Score,<,106,p.CommentCount,>,2,p.CommentCount,<,27,u.DownVotes,>,215,u.DownVotes,<,988,v.CreationDate,>,1295428966,v.CreationDate,<,1410054651,v.VoteTypeId,>,2,v.VoteTypeId,<,4,b.Date,>,1317988326,b.Date,<,1388164908#789
votes v,posts p,badges b,users u#p.Id=v.PostId,u.Id=p.OwnerUserId,u.Id=b.UserId#p.Score,>,27,p.Score,<,116,p.CommentCount,>,11,p.CommentCount,<,31,u.DownVotes,>,105,u.DownVotes,<,485,v.CreationDate,>,1391408013,v.CreationDate,<,1401651247,v.VoteTypeId,>,1,v.VoteTypeId,<,11,b.Date,>,1381723768,b.Date,<,1399910968#790
votes v,posts p,badges b,users u#p.Id=v.PostId,u.Id=p.OwnerUserId,u.Id=b.UserId#p.Score,>,-16,p.Score,<,138,p.CommentCount,>,12,p.CommentCount,<,15,u.DownVotes,>,576,u.DownVotes,<,969,v.CreationDate,>,1318623370,v.CreationDate,<,1395657296,v.VoteTypeId,>,5,v.VoteTypeId,<,10,b.Date,>,1297034967,b.Date,<,1392470349#346
votes v,posts p,badges b,users u#p.Id=v.PostId,u.Id=p.OwnerUserId,u.Id=b.UserId#p.Score,>,13,p.Score,<,40,p.CommentCount,>,0,p.CommentCount,<,26,u.DownVotes,>,472,u.DownVotes,<,1525,v.CreationDate,>,1352170329,v.CreationDate,<,1367150027,v.VoteTypeId,>,1,v.VoteTypeId,<,13,b.Date,>,1310259118,b.Date,<,1341263962#19656
votes v,posts p,badges b,users u#p.Id=v.PostId,u.Id=p.OwnerUserId,u.Id=b.UserId#p.Score,>,117,p.Score,<,160,p.CommentCount,>,5,p.CommentCount,<,22,u.DownVotes,>,500,u.DownVotes,<,1649,v.CreationDate,>,1258929697,v.CreationDate,<,1317850228,v.VoteTypeId,>,1,v.VoteTypeId,<,11,b.Date,>,1364948041,b.Date,<,1402252526#3150
votes v,posts p,badges b,users u#p.Id=v.PostId,u.Id=p.OwnerUserId,u.Id=b.UserId#p.Score,>,87,p.Score,<,169,p.CommentCount,>,7,p.CommentCount,<,22,u.DownVotes,>,104,u.DownVotes,<,1400,v.CreationDate,>,1353127927,v.CreationDate,<,1398404371,v.VoteTypeId,>,1,v.VoteTypeId,<,12,b.Date,>,1300952557,b.Date,<,1344774723#18751
votes v,posts p,badges b,users u#p.Id=v.PostId,u.Id=p.OwnerUserId,u.Id=b.UserId#p.Score,>,22,p.Score,<,174,p.CommentCount,>,11,p.CommentCount,<,15,u.DownVotes,>,715,u.DownVotes,<,1297,v.CreationDate,>,1372243104,v.CreationDate,<,1410403692,v.VoteTypeId,>,6,v.VoteTypeId,<,13,b.Date,>,1343795302,b.Date,<,1390937821#175
votes v,posts p,badges b,users u#p.Id=v.PostId,u.Id=p.OwnerUserId,u.Id=b.UserId#p.Score,>,-13,p.Score,<,126,p.CommentCount,>,5,p.CommentCount,<,13,u.DownVotes,>,388,u.DownVotes,<,1522,v.CreationDate,>,1241629446,v.CreationDate,<,1317723766,v.VoteTypeId,>,8,v.VoteTypeId,<,12,b.Date,>,1309613411,b.Date,<,1330633276#174
votes v,posts p,badges b,users u#p.Id=v.PostId,u.Id=p.OwnerUserId,u.Id=b.UserId#p.Score,>,30,p.Score,<,90,p.CommentCount,>,16,p.CommentCount,<,23,u.DownVotes,>,161,u.DownVotes,<,1404,v.CreationDate,>,1240755564,v.CreationDate,<,1305877081,v.VoteTypeId,>,1,v.VoteTypeId,<,15,b.Date,>,1290347184,b.Date,<,1348344234#960
votes v,posts p,badges b,users u#p.Id=v.PostId,u.Id=p.OwnerUserId,u.Id=b.UserId#p.Score,>,-4,p.Score,<,168,p.CommentCount,>,1,p.CommentCount,<,28,u.DownVotes,>,202,u.DownVotes,<,1314,v.CreationDate,>,1260917339,v.CreationDate,<,1341824603,v.VoteTypeId,>,10,v.VoteTypeId,<,13,b.Date,>,1311356334,b.Date,<,1361170347#1624
votes v,posts p,badges b,users u#p.Id=v.PostId,u.Id=p.OwnerUserId,u.Id=b.UserId#p.Score,>,0,p.Score,<,33,p.CommentCount,>,0,p.CommentCount,<,26,u.DownVotes,>,333,u.DownVotes,<,1681,v.CreationDate,>,1360241612,v.CreationDate,<,1365758037,v.VoteTypeId,>,4,v.VoteTypeId,<,6,b.Date,>,1365680003,b.Date,<,1372133140#21
votes v,posts p,badges b,users u#p.Id=v.PostId,u.Id=p.OwnerUserId,u.Id=b.UserId#p.Score,>,1,p.Score,<,175,p.CommentCount,>,0,p.CommentCount,<,24,u.DownVotes,>,511,u.DownVotes,<,1700,v.CreationDate,>,1266447569,v.CreationDate,<,1306168365,v.VoteTypeId,>,4,v.VoteTypeId,<,11,b.Date,>,1300504278,b.Date,<,1373711970#2510
votes v,posts p,badges b,users u#p.Id=v.PostId,u.Id=p.OwnerUserId,u.Id=b.UserId#p.Score,>,34,p.Score,<,153,p.CommentCount,>,5,p.CommentCount,<,37,u.DownVotes,>,485,u.DownVotes,<,827,v.CreationDate,>,1321277605,v.CreationDate,<,1404091972,v.VoteTypeId,>,1,v.VoteTypeId,<,14,b.Date,>,1346377129,b.Date,<,1386444419#91506
votes v,posts p,badges b,users u#p.Id=v.PostId,u.Id=p.OwnerUserId,u.Id=b.UserId#p.Score,>,-4,p.Score,<,99,p.CommentCount,>,16,p.CommentCount,<,28,u.DownVotes,>,352,u.DownVotes,<,1462,v.CreationDate,>,1275014956,v.CreationDate,<,1359152255,v.VoteTypeId,>,8,v.VoteTypeId,<,12,b.Date,>,1378076029,b.Date,<,1405753980#109
votes v,posts p,badges b,users u#p.Id=v.PostId,u.Id=p.OwnerUserId,u.Id=b.UserId#p.Score,>,0,p.Score,<,85,p.CommentCount,>,1,p.CommentCount,<,34,u.DownVotes,>,71,u.DownVotes,<,1740,v.CreationDate,>,1341670116,v.CreationDate,<,1372650912,v.VoteTypeId,>,2,v.VoteTypeId,<,13,b.Date,>,1313341816,b.Date,<,1352412379#10124
votes v,posts p,badges b,users u#p.Id=v.PostId,u.Id=p.OwnerUserId,u.Id=b.UserId#p.Score,>,34,p.Score,<,152,p.CommentCount,>,4,p.CommentCount,<,12,u.DownVotes,>,302,u.DownVotes,<,1424,v.CreationDate,>,1311448923,v.CreationDate,<,1397449915,v.VoteTypeId,>,1,v.VoteTypeId,<,9,b.Date,>,1325606048,b.Date,<,1336645742#15176
votes v,posts p,badges b,users u#p.Id=v.PostId,u.Id=p.OwnerUserId,u.Id=b.UserId#p.Score,>,8,p.Score,<,183,p.CommentCount,>,32,p.CommentCount,<,41,u.DownVotes,>,246,u.DownVotes,<,1551,v.CreationDate,>,1344318064,v.CreationDate,<,1407316067,v.VoteTypeId,>,1,v.VoteTypeId,<,8,b.Date,>,1321464660,b.Date,<,1394096182#870
votes v,posts p,badges b,users u#p.Id=v.PostId,u.Id=p.OwnerUserId,u.Id=b.UserId#p.Score,>,87,p.Score,<,182,p.CommentCount,>,10,p.CommentCount,<,22,u.DownVotes,>,73,u.DownVotes,<,1237,v.CreationDate,>,1281425754,v.CreationDate,<,1380267403,v.VoteTypeId,>,2,v.VoteTypeId,<,5,b.Date,>,1385277528,b.Date,<,1404851970#57
votes v,posts p,badges b,users u#p.Id=v.PostId,u.Id=p.OwnerUserId,u.Id=b.UserId#p.Score,>,-17,p.Score,<,0,p.CommentCount,>,15,p.CommentCount,<,44,u.DownVotes,>,26,u.DownVotes,<,252,v.CreationDate,>,1260354669,v.CreationDate,<,1342480659,v.VoteTypeId,>,1,v.VoteTypeId,<,7,b.Date,>,1350835327,b.Date,<,1390813793#93
votes v,posts p,badges b,users u#p.Id=v.PostId,u.Id=p.OwnerUserId,u.Id=b.UserId#p.Score,>,8,p.Score,<,30,p.CommentCount,>,11,p.CommentCount,<,44,u.DownVotes,>,177,u.DownVotes,<,435,v.CreationDate,>,1233613545,v.CreationDate,<,1410594935,v.VoteTypeId,>,3,v.VoteTypeId,<,11,b.Date,>,1329830698,b.Date,<,1399483808#684
votes v,posts p,badges b,users u#p.Id=v.PostId,u.Id=p.OwnerUserId,u.Id=b.UserId#p.Score,>,-18,p.Score,<,92,p.CommentCount,>,8,p.CommentCount,<,25,u.DownVotes,>,560,u.DownVotes,<,1462,v.CreationDate,>,1312491584,v.CreationDate,<,1381690116,v.VoteTypeId,>,1,v.VoteTypeId,<,15,b.Date,>,1281133071,b.Date,<,1285837615#4716
votes v,posts p,badges b,users u#p.Id=v.PostId,u.Id=p.OwnerUserId,u.Id=b.UserId#p.Score,>,4,p.Score,<,47,p.CommentCount,>,3,p.CommentCount,<,44,u.DownVotes,>,35,u.DownVotes,<,1302,v.CreationDate,>,1249292793,v.CreationDate,<,1386909869,v.VoteTypeId,>,2,v.VoteTypeId,<,6,b.Date,>,1281027150,b.Date,<,1306751393#8342
votes v,posts p,badges b,users u#p.Id=v.PostId,u.Id=p.OwnerUserId,u.Id=b.UserId#p.Score,>,-16,p.Score,<,104,p.CommentCount,>,18,p.CommentCount,<,21,u.DownVotes,>,765,u.DownVotes,<,790,v.CreationDate,>,1249605455,v.CreationDate,<,1338617655,v.VoteTypeId,>,5,v.VoteTypeId,<,11,b.Date,>,1359593511,b.Date,<,1399414674#159
votes v,posts p,badges b,users u#p.Id=v.PostId,u.Id=p.OwnerUserId,u.Id=b.UserId#p.Score,>,41,p.Score,<,131,p.CommentCount,>,10,p.CommentCount,<,25,u.DownVotes,>,444,u.DownVotes,<,1018,v.CreationDate,>,1283560221,v.CreationDate,<,1312664489,v.VoteTypeId,>,1,v.VoteTypeId,<,13,b.Date,>,1322091365,b.Date,<,1401455116#4680
votes v,posts p,badges b,users u#p.Id=v.PostId,u.Id=p.OwnerUserId,u.Id=b.UserId#p.Score,>,19,p.Score,<,173,p.CommentCount,>,8,p.CommentCount,<,34,u.DownVotes,>,113,u.DownVotes,<,885,v.CreationDate,>,1291331072,v.CreationDate,<,1360803226,v.VoteTypeId,>,1,v.VoteTypeId,<,8,b.Date,>,1320245478,b.Date,<,1341907862#44134
votes v,posts p,badges b,users u#p.Id=v.PostId,u.Id=p.OwnerUserId,u.Id=b.UserId#p.Score,>,23,p.Score,<,69,p.CommentCount,>,15,p.CommentCount,<,17,u.DownVotes,>,694,u.DownVotes,<,1282,v.CreationDate,>,1335874018,v.CreationDate,<,1356491053,v.VoteTypeId,>,1,v.VoteTypeId,<,7,b.Date,>,1311464574,b.Date,<,1394992304#636
votes v,posts p,badges b,users u#p.Id=v.PostId,u.Id=p.OwnerUserId,u.Id=b.UserId#p.Score,>,33,p.Score,<,158,p.CommentCount,>,10,p.CommentCount,<,29,u.DownVotes,>,183,u.DownVotes,<,271,v.CreationDate,>,1337460415,v.CreationDate,<,1370012975,v.VoteTypeId,>,1,v.VoteTypeId,<,12,b.Date,>,1364855219,b.Date,<,1385705759#377
votes v,posts p,badges b,users u#p.Id=v.PostId,u.Id=p.OwnerUserId,u.Id=b.UserId#p.Score,>,54,p.Score,<,152,p.CommentCount,>,23,p.CommentCount,<,37,u.DownVotes,>,75,u.DownVotes,<,275,v.CreationDate,>,1296404778,v.CreationDate,<,1344502854,v.VoteTypeId,>,1,v.VoteTypeId,<,9,b.Date,>,1282279784,b.Date,<,1328753385#442
votes v,posts p,badges b,users u#p.Id=v.PostId,u.Id=p.OwnerUserId,u.Id=b.UserId#p.Score,>,-13,p.Score,<,4,p.CommentCount,>,7,p.CommentCount,<,18,u.DownVotes,>,150,u.DownVotes,<,1904,v.CreationDate,>,1339123385,v.CreationDate,<,1403306853,v.VoteTypeId,>,1,v.VoteTypeId,<,11,b.Date,>,1293404968,b.Date,<,1345250187#2573
votes v,posts p,badges b,users u#p.Id=v.PostId,u.Id=p.OwnerUserId,u.Id=b.UserId#p.Score,>,-12,p.Score,<,133,p.CommentCount,>,14,p.CommentCount,<,41,u.DownVotes,>,717,u.DownVotes,<,1345,v.CreationDate,>,1283303498,v.CreationDate,<,1374246687,v.VoteTypeId,>,3,v.VoteTypeId,<,12,b.Date,>,1285953885,b.Date,<,1311586376#67
votes v,posts p,badges b,users u#p.Id=v.PostId,u.Id=p.OwnerUserId,u.Id=b.UserId#p.Score,>,16,p.Score,<,153,p.CommentCount,>,3,p.CommentCount,<,34,u.DownVotes,>,446,u.DownVotes,<,1007,v.CreationDate,>,1257812268,v.CreationDate,<,1403847269,v.VoteTypeId,>,2,v.VoteTypeId,<,9,b.Date,>,1298951704,b.Date,<,1365487788#5148
votes v,posts p,badges b,users u#p.Id=v.PostId,u.Id=p.OwnerUserId,u.Id=b.UserId#p.Score,>,16,p.Score,<,89,p.CommentCount,>,4,p.CommentCount,<,24,u.DownVotes,>,92,u.DownVotes,<,1607,v.CreationDate,>,1238676688,v.CreationDate,<,1397984319,v.VoteTypeId,>,9,v.VoteTypeId,<,15,b.Date,>,1319146582,b.Date,<,1333068598#68
votes v,posts p,badges b,users u#p.Id=v.PostId,u.Id=p.OwnerUserId,u.Id=b.UserId#p.Score,>,51,p.Score,<,90,p.CommentCount,>,2,p.CommentCount,<,43,u.DownVotes,>,57,u.DownVotes,<,726,v.CreationDate,>,1240024305,v.CreationDate,<,1337171070,v.VoteTypeId,>,1,v.VoteTypeId,<,10,b.Date,>,1287177587,b.Date,<,1330216428#10808
votes v,posts p,badges b,users u#p.Id=v.PostId,u.Id=p.OwnerUserId,u.Id=b.UserId#p.Score,>,14,p.Score,<,145,p.CommentCount,>,7,p.CommentCount,<,16,u.DownVotes,>,11,u.DownVotes,<,1798,v.CreationDate,>,1238708272,v.CreationDate,<,1342940988,v.VoteTypeId,>,2,v.VoteTypeId,<,10,b.Date,>,1283118146,b.Date,<,1290353775#465
votes v,posts p,badges b,users u#p.Id=v.PostId,u.Id=p.OwnerUserId,u.Id=b.UserId#p.Score,>,-17,p.Score,<,29,p.CommentCount,>,18,p.CommentCount,<,31,u.DownVotes,>,690,u.DownVotes,<,1685,v.CreationDate,>,1291423784,v.CreationDate,<,1366133256,v.VoteTypeId,>,5,v.VoteTypeId,<,10,b.Date,>,1329841812,b.Date,<,1335745185#17
votes v,posts p,badges b,users u#p.Id=v.PostId,u.Id=p.OwnerUserId,u.Id=b.UserId#p.Score,>,-8,p.Score,<,130,p.CommentCount,>,14,p.CommentCount,<,19,u.DownVotes,>,14,u.DownVotes,<,702,v.CreationDate,>,1247324136,v.CreationDate,<,1409214523,v.VoteTypeId,>,1,v.VoteTypeId,<,10,b.Date,>,1283542488,b.Date,<,1318242879#1866
votes v,posts p,badges b,users u#p.Id=v.PostId,u.Id=p.OwnerUserId,u.Id=b.UserId#p.Score,>,27,p.Score,<,152,p.CommentCount,>,7,p.CommentCount,<,42,u.DownVotes,>,324,u.DownVotes,<,1278,v.CreationDate,>,1290452262,v.CreationDate,<,1353172806,v.VoteTypeId,>,1,v.VoteTypeId,<,5,b.Date,>,1295332894,b.Date,<,1316776966#13590
votes v,posts p,badges b,users u#p.Id=v.PostId,u.Id=p.OwnerUserId,u.Id=b.UserId#p.Score,>,13,p.Score,<,93,p.CommentCount,>,4,p.CommentCount,<,38,u.DownVotes,>,25,u.DownVotes,<,1690,v.CreationDate,>,1242841718,v.CreationDate,<,1285666477,v.VoteTypeId,>,4,v.VoteTypeId,<,8,b.Date,>,1358411135,b.Date,<,1371691085#187
votes v,posts p,badges b,users u#p.Id=v.PostId,u.Id=p.OwnerUserId,u.Id=b.UserId#p.Score,>,7,p.Score,<,143,p.CommentCount,>,7,p.CommentCount,<,22,u.DownVotes,>,64,u.DownVotes,<,832,v.CreationDate,>,1250562196,v.CreationDate,<,1376679303,v.VoteTypeId,>,3,v.VoteTypeId,<,9,b.Date,>,1283309394,b.Date,<,1383257277#4916
votes v,posts p,badges b,users u#p.Id=v.PostId,u.Id=p.OwnerUserId,u.Id=b.UserId#p.Score,>,76,p.Score,<,168,p.CommentCount,>,8,p.CommentCount,<,29,u.DownVotes,>,547,u.DownVotes,<,1619,v.CreationDate,>,1281659942,v.CreationDate,<,1319320071,v.VoteTypeId,>,1,v.VoteTypeId,<,9,b.Date,>,1315226069,b.Date,<,1384998213#5523
votes v,posts p,badges b,users u#p.Id=v.PostId,u.Id=p.OwnerUserId,u.Id=b.UserId#p.Score,>,18,p.Score,<,27,p.CommentCount,>,10,p.CommentCount,<,24,u.DownVotes,>,391,u.DownVotes,<,991,v.CreationDate,>,1349820430,v.CreationDate,<,1356139014,v.VoteTypeId,>,1,v.VoteTypeId,<,12,b.Date,>,1299123455,b.Date,<,1345480890#157
votes v,posts p,badges b,users u#p.Id=v.PostId,u.Id=p.OwnerUserId,u.Id=b.UserId#p.Score,>,50,p.Score,<,166,p.CommentCount,>,9,p.CommentCount,<,35,u.DownVotes,>,293,u.DownVotes,<,1148,v.CreationDate,>,1311225384,v.CreationDate,<,1332847344,v.VoteTypeId,>,1,v.VoteTypeId,<,3,b.Date,>,1321369335,b.Date,<,1322770361#329
votes v,posts p,badges b,users u#p.Id=v.PostId,u.Id=p.OwnerUserId,u.Id=b.UserId#p.Score,>,99,p.Score,<,169,p.CommentCount,>,5,p.CommentCount,<,23,u.DownVotes,>,286,u.DownVotes,<,944,v.CreationDate,>,1319947202,v.CreationDate,<,1376950615,v.VoteTypeId,>,1,v.VoteTypeId,<,10,b.Date,>,1285178148,b.Date,<,1384831850#21888
votes v,posts p,badges b,users u#p.Id=v.PostId,u.Id=p.OwnerUserId,u.Id=b.UserId#p.Score,>,-4,p.Score,<,148,p.CommentCount,>,18,p.CommentCount,<,25,u.DownVotes,>,653,u.DownVotes,<,1410,v.CreationDate,>,1236107878,v.CreationDate,<,1358320599,v.VoteTypeId,>,2,v.VoteTypeId,<,15,b.Date,>,1393415644,b.Date,<,1408231658#57
votes v,posts p,badges b,users u#p.Id=v.PostId,u.Id=p.OwnerUserId,u.Id=b.UserId#p.Score,>,42,p.Score,<,127,p.CommentCount,>,5,p.CommentCount,<,32,u.DownVotes,>,54,u.DownVotes,<,239,v.CreationDate,>,1250751174,v.CreationDate,<,1376629512,v.VoteTypeId,>,2,v.VoteTypeId,<,13,b.Date,>,1342096161,b.Date,<,1400642756#1465
votes v,posts p,badges b,users u#p.Id=v.PostId,u.Id=p.OwnerUserId,u.Id=b.UserId#p.Score,>,-17,p.Score,<,163,p.CommentCount,>,4,p.CommentCount,<,42,u.DownVotes,>,431,u.DownVotes,<,1365,v.CreationDate,>,1283610503,v.CreationDate,<,1392506696,v.VoteTypeId,>,8,v.VoteTypeId,<,10,b.Date,>,1307185781,b.Date,<,1313776909#161
votes v,posts p,badges b,users u#p.Id=v.PostId,u.Id=p.OwnerUserId,u.Id=b.UserId#p.Score,>,36,p.Score,<,166,p.CommentCount,>,19,p.CommentCount,<,28,u.DownVotes,>,158,u.DownVotes,<,223,v.CreationDate,>,1283077993,v.CreationDate,<,1305457663,v.VoteTypeId,>,3,v.VoteTypeId,<,15,b.Date,>,1303226182,b.Date,<,1402157711#113
votes v,posts p,badges b,users u#p.Id=v.PostId,u.Id=p.OwnerUserId,u.Id=b.UserId#p.Score,>,22,p.Score,<,128,p.CommentCount,>,6,p.CommentCount,<,15,u.DownVotes,>,656,u.DownVotes,<,1081,v.CreationDate,>,1292118999,v.CreationDate,<,1397096332,v.VoteTypeId,>,8,v.VoteTypeId,<,14,b.Date,>,1355174583,b.Date,<,1392408624#139
votes v,posts p,badges b,users u#p.Id=v.PostId,u.Id=p.OwnerUserId,u.Id=b.UserId#p.Score,>,-5,p.Score,<,166,p.CommentCount,>,0,p.CommentCount,<,19,u.DownVotes,>,497,u.DownVotes,<,1803,v.CreationDate,>,1248867984,v.CreationDate,<,1342485718,v.VoteTypeId,>,6,v.VoteTypeId,<,13,b.Date,>,1356742778,b.Date,<,1396688415#2250
votes v,posts p,badges b,users u#p.Id=v.PostId,u.Id=p.OwnerUserId,u.Id=b.UserId#p.Score,>,-2,p.Score,<,173,p.CommentCount,>,17,p.CommentCount,<,42,u.DownVotes,>,451,u.DownVotes,<,932,v.CreationDate,>,1239838828,v.CreationDate,<,1353153198,v.VoteTypeId,>,8,v.VoteTypeId,<,10,b.Date,>,1285899199,b.Date,<,1397442005#390
votes v,posts p,badges b,users u#p.Id=v.PostId,u.Id=p.OwnerUserId,u.Id=b.UserId#p.Score,>,-1,p.Score,<,178,p.CommentCount,>,0,p.CommentCount,<,35,u.DownVotes,>,703,u.DownVotes,<,1089,v.CreationDate,>,1307234677,v.CreationDate,<,1321837714,v.VoteTypeId,>,2,v.VoteTypeId,<,5,b.Date,>,1300829120,b.Date,<,1393915294#674
votes v,posts p,badges b,users u#p.Id=v.PostId,u.Id=p.OwnerUserId,u.Id=b.UserId#p.Score,>,-2,p.Score,<,139,p.CommentCount,>,2,p.CommentCount,<,30,u.DownVotes,>,326,u.DownVotes,<,596,v.CreationDate,>,1246314047,v.CreationDate,<,1324254269,v.VoteTypeId,>,1,v.VoteTypeId,<,13,b.Date,>,1315816616,b.Date,<,1391123045#17713
votes v,posts p,badges b,users u#p.Id=v.PostId,u.Id=p.OwnerUserId,u.Id=b.UserId#p.Score,>,11,p.Score,<,66,p.CommentCount,>,14,p.CommentCount,<,33,u.DownVotes,>,34,u.DownVotes,<,181,v.CreationDate,>,1317078479,v.CreationDate,<,1368380434,v.VoteTypeId,>,1,v.VoteTypeId,<,6,b.Date,>,1366223684,b.Date,<,1376760530#890
votes v,posts p,badges b,users u#p.Id=v.PostId,u.Id=p.OwnerUserId,u.Id=b.UserId#p.Score,>,3,p.Score,<,79,p.CommentCount,>,11,p.CommentCount,<,23,u.DownVotes,>,614,u.DownVotes,<,873,v.CreationDate,>,1306639646,v.CreationDate,<,1396219656,v.VoteTypeId,>,3,v.VoteTypeId,<,10,b.Date,>,1284711621,b.Date,<,1302848425#92
votes v,posts p,badges b,users u#p.Id=v.PostId,u.Id=p.OwnerUserId,u.Id=b.UserId#p.Score,>,29,p.Score,<,187,p.CommentCount,>,8,p.CommentCount,<,37,u.DownVotes,>,630,u.DownVotes,<,1362,v.CreationDate,>,1288072401,v.CreationDate,<,1351606689,v.VoteTypeId,>,1,v.VoteTypeId,<,5,b.Date,>,1309791101,b.Date,<,1370299331#47286
votes v,posts p,badges b,users u#p.Id=v.PostId,u.Id=p.OwnerUserId,u.Id=b.UserId#p.Score,>,9,p.Score,<,98,p.CommentCount,>,9,p.CommentCount,<,27,u.DownVotes,>,39,u.DownVotes,<,1141,v.CreationDate,>,1382538228,v.CreationDate,<,1386856687,v.VoteTypeId,>,1,v.VoteTypeId,<,9,b.Date,>,1288230359,b.Date,<,1400346340#15398
votes v,posts p,badges b,users u#p.Id=v.PostId,u.Id=p.OwnerUserId,u.Id=b.UserId#p.Score,>,73,p.Score,<,98,p.CommentCount,>,8,p.CommentCount,<,33,u.DownVotes,>,423,u.DownVotes,<,1000,v.CreationDate,>,1318559467,v.CreationDate,<,1352908728,v.VoteTypeId,>,1,v.VoteTypeId,<,11,b.Date,>,1285035066,b.Date,<,1320042537#3760
votes v,posts p,badges b,users u#p.Id=v.PostId,u.Id=p.OwnerUserId,u.Id=b.UserId#p.Score,>,11,p.Score,<,21,p.CommentCount,>,5,p.CommentCount,<,21,u.DownVotes,>,333,u.DownVotes,<,980,v.CreationDate,>,1326539435,v.CreationDate,<,1386367438,v.VoteTypeId,>,2,v.VoteTypeId,<,15,b.Date,>,1283965466,b.Date,<,1405289197#2836
votes v,posts p,badges b,users u#p.Id=v.PostId,u.Id=p.OwnerUserId,u.Id=b.UserId#p.Score,>,9,p.Score,<,144,p.CommentCount,>,4,p.CommentCount,<,29,u.DownVotes,>,700,u.DownVotes,<,1349,v.CreationDate,>,1273500652,v.CreationDate,<,1381443571,v.VoteTypeId,>,8,v.VoteTypeId,<,13,b.Date,>,1280241458,b.Date,<,1337173392#432
votes v,posts p,badges b,users u#p.Id=v.PostId,u.Id=p.OwnerUserId,u.Id=b.UserId#p.Score,>,-13,p.Score,<,63,p.CommentCount,>,17,p.CommentCount,<,21,u.DownVotes,>,370,u.DownVotes,<,1858,v.CreationDate,>,1254829687,v.CreationDate,<,1309297600,v.VoteTypeId,>,1,v.VoteTypeId,<,13,b.Date,>,1283942002,b.Date,<,1385363634#5160
votes v,posts p,badges b,users u#p.Id=v.PostId,u.Id=p.OwnerUserId,u.Id=b.UserId#p.Score,>,13,p.Score,<,32,p.CommentCount,>,4,p.CommentCount,<,36,u.DownVotes,>,571,u.DownVotes,<,1244,v.CreationDate,>,1279984913,v.CreationDate,<,1300932199,v.VoteTypeId,>,1,v.VoteTypeId,<,11,b.Date,>,1313739794,b.Date,<,1385682121#22596
votes v,posts p,badges b,users u#p.Id=v.PostId,u.Id=p.OwnerUserId,u.Id=b.UserId#p.Score,>,74,p.Score,<,141,p.CommentCount,>,8,p.CommentCount,<,30,u.DownVotes,>,459,u.DownVotes,<,925,v.CreationDate,>,1306953720,v.CreationDate,<,1409973241,v.VoteTypeId,>,1,v.VoteTypeId,<,14,b.Date,>,1340700483,b.Date,<,1397318011#50504
votes v,posts p,badges b,users u#p.Id=v.PostId,u.Id=p.OwnerUserId,u.Id=b.UserId#p.Score,>,66,p.Score,<,90,p.CommentCount,>,5,p.CommentCount,<,11,u.DownVotes,>,256,u.DownVotes,<,1336,v.CreationDate,>,1321610342,v.CreationDate,<,1401654690,v.VoteTypeId,>,1,v.VoteTypeId,<,7,b.Date,>,1376502403,b.Date,<,1378678037#1640
votes v,posts p,badges b,users u#p.Id=v.PostId,u.Id=p.OwnerUserId,u.Id=b.UserId#p.Score,>,106,p.Score,<,187,p.CommentCount,>,1,p.CommentCount,<,42,u.DownVotes,>,34,u.DownVotes,<,1310,v.CreationDate,>,1291488920,v.CreationDate,<,1385513177,v.VoteTypeId,>,1,v.VoteTypeId,<,12,b.Date,>,1315263145,b.Date,<,1376925752#46976
votes v,posts p,badges b,users u#p.Id=v.PostId,u.Id=p.OwnerUserId,u.Id=b.UserId#p.Score,>,10,p.Score,<,158,p.CommentCount,>,11,p.CommentCount,<,26,u.DownVotes,>,305,u.DownVotes,<,703,v.CreationDate,>,1286341163,v.CreationDate,<,1392794317,v.VoteTypeId,>,1,v.VoteTypeId,<,11,b.Date,>,1283806256,b.Date,<,1389541061#11088
votes v,posts p,badges b,users u#p.Id=v.PostId,u.Id=p.OwnerUserId,u.Id=b.UserId#p.Score,>,-11,p.Score,<,75,p.CommentCount,>,1,p.CommentCount,<,31,u.DownVotes,>,166,u.DownVotes,<,222,v.CreationDate,>,1366144083,v.CreationDate,<,1398630999,v.VoteTypeId,>,2,v.VoteTypeId,<,9,b.Date,>,1305250767,b.Date,<,1336565173#394
votes v,posts p,badges b,users u#p.Id=v.PostId,u.Id=p.OwnerUserId,u.Id=b.UserId#p.Score,>,-12,p.Score,<,132,p.CommentCount,>,1,p.CommentCount,<,19,u.DownVotes,>,745,u.DownVotes,<,1385,v.CreationDate,>,1256851617,v.CreationDate,<,1323154509,v.VoteTypeId,>,7,v.VoteTypeId,<,15,b.Date,>,1341412397,b.Date,<,1367471128#1012
votes v,posts p,badges b,users u#p.Id=v.PostId,u.Id=p.OwnerUserId,u.Id=b.UserId#p.Score,>,-7,p.Score,<,190,p.CommentCount,>,15,p.CommentCount,<,21,u.DownVotes,>,510,u.DownVotes,<,1766,v.CreationDate,>,1251668199,v.CreationDate,<,1350857337,v.VoteTypeId,>,2,v.VoteTypeId,<,10,b.Date,>,1328042048,b.Date,<,1359790088#130
votes v,posts p,badges b,users u#p.Id=v.PostId,u.Id=p.OwnerUserId,u.Id=b.UserId#p.Score,>,28,p.Score,<,86,p.CommentCount,>,6,p.CommentCount,<,36,u.DownVotes,>,405,u.DownVotes,<,1688,v.CreationDate,>,1250995332,v.CreationDate,<,1408357501,v.VoteTypeId,>,4,v.VoteTypeId,<,10,b.Date,>,1298542876,b.Date,<,1358622884#212
votes v,posts p,badges b,users u#p.Id=v.PostId,u.Id=p.OwnerUserId,u.Id=b.UserId#p.Score,>,6,p.Score,<,70,p.CommentCount,>,1,p.CommentCount,<,42,u.DownVotes,>,233,u.DownVotes,<,753,v.CreationDate,>,1304198153,v.CreationDate,<,1379968378,v.VoteTypeId,>,8,v.VoteTypeId,<,14,b.Date,>,1353098275,b.Date,<,1387728452#78
votes v,posts p,badges b,users u#p.Id=v.PostId,u.Id=p.OwnerUserId,u.Id=b.UserId#p.Score,>,1,p.Score,<,90,p.CommentCount,>,4,p.CommentCount,<,8,u.DownVotes,>,758,u.DownVotes,<,1062,v.CreationDate,>,1239929916,v.CreationDate,<,1316246426,v.VoteTypeId,>,8,v.VoteTypeId,<,10,b.Date,>,1308904471,b.Date,<,1337022070#148
votes v,posts p,badges b,users u#p.Id=v.PostId,u.Id=p.OwnerUserId,u.Id=b.UserId#p.Score,>,36,p.Score,<,155,p.CommentCount,>,5,p.CommentCount,<,28,u.DownVotes,>,264,u.DownVotes,<,1469,v.CreationDate,>,1313034198,v.CreationDate,<,1375413654,v.VoteTypeId,>,1,v.VoteTypeId,<,12,b.Date,>,1303609243,b.Date,<,1331140347#31801
votes v,posts p,badges b,users u#p.Id=v.PostId,u.Id=p.OwnerUserId,u.Id=b.UserId#p.Score,>,-15,p.Score,<,93,p.CommentCount,>,13,p.CommentCount,<,23,u.DownVotes,>,8,u.DownVotes,<,1579,v.CreationDate,>,1384038926,v.CreationDate,<,1410651671,v.VoteTypeId,>,1,v.VoteTypeId,<,8,b.Date,>,1327983910,b.Date,<,1384206696#33548
votes v,posts p,badges b,users u#p.Id=v.PostId,u.Id=p.OwnerUserId,u.Id=b.UserId#p.Score,>,-16,p.Score,<,171,p.CommentCount,>,2,p.CommentCount,<,38,u.DownVotes,>,252,u.DownVotes,<,1906,v.CreationDate,>,1288102105,v.CreationDate,<,1296443965,v.VoteTypeId,>,1,v.VoteTypeId,<,9,b.Date,>,1372863301,b.Date,<,1397685545#28609
votes v,posts p,badges b,users u#p.Id=v.PostId,u.Id=p.OwnerUserId,u.Id=b.UserId#p.Score,>,31,p.Score,<,92,p.CommentCount,>,5,p.CommentCount,<,24,u.DownVotes,>,4,u.DownVotes,<,1349,v.CreationDate,>,1242053734,v.CreationDate,<,1283061429,v.VoteTypeId,>,2,v.VoteTypeId,<,6,b.Date,>,1314897321,b.Date,<,1384146034#514
votes v,posts p,badges b,users u#p.Id=v.PostId,u.Id=p.OwnerUserId,u.Id=b.UserId#p.Score,>,-7,p.Score,<,19,p.CommentCount,>,0,p.CommentCount,<,15,u.DownVotes,>,193,u.DownVotes,<,317,v.CreationDate,>,1270011071,v.CreationDate,<,1345470402,v.VoteTypeId,>,6,v.VoteTypeId,<,14,b.Date,>,1334289470,b.Date,<,1342426960#339
votes v,posts p,badges b,users u#p.Id=v.PostId,u.Id=p.OwnerUserId,u.Id=b.UserId#p.Score,>,0,p.Score,<,148,p.CommentCount,>,10,p.CommentCount,<,14,u.DownVotes,>,277,u.DownVotes,<,850,v.CreationDate,>,1284879547,v.CreationDate,<,1403731821,v.VoteTypeId,>,7,v.VoteTypeId,<,15,b.Date,>,1311411030,b.Date,<,1360483708#492
votes v,posts p,badges b,users u#p.Id=v.PostId,u.Id=p.OwnerUserId,u.Id=b.UserId#p.Score,>,27,p.Score,<,163,p.CommentCount,>,11,p.CommentCount,<,41,u.DownVotes,>,211,u.DownVotes,<,389,v.CreationDate,>,1288393830,v.CreationDate,<,1400936459,v.VoteTypeId,>,7,v.VoteTypeId,<,12,b.Date,>,1328249158,b.Date,<,1354087549#36
votes v,posts p,badges b,users u#p.Id=v.PostId,u.Id=p.OwnerUserId,u.Id=b.UserId#p.Score,>,-13,p.Score,<,153,p.CommentCount,>,17,p.CommentCount,<,26,u.DownVotes,>,569,u.DownVotes,<,1548,v.CreationDate,>,1241579090,v.CreationDate,<,1334247940,v.VoteTypeId,>,4,v.VoteTypeId,<,13,b.Date,>,1291255414,b.Date,<,1381694958#321
votes v,posts p,badges b,users u#p.Id=v.PostId,u.Id=p.OwnerUserId,u.Id=b.UserId#p.Score,>,24,p.Score,<,109,p.CommentCount,>,7,p.CommentCount,<,34,u.DownVotes,>,4,u.DownVotes,<,1491,v.CreationDate,>,1349949335,v.CreationDate,<,1397322619,v.VoteTypeId,>,2,v.VoteTypeId,<,11,b.Date,>,1343699320,b.Date,<,1356190500#624
votes v,posts p,badges b,users u#p.Id=v.PostId,u.Id=p.OwnerUserId,u.Id=b.UserId#p.Score,>,64,p.Score,<,129,p.CommentCount,>,9,p.CommentCount,<,27,u.DownVotes,>,94,u.DownVotes,<,924,v.CreationDate,>,1370628463,v.CreationDate,<,1391169910,v.VoteTypeId,>,2,v.VoteTypeId,<,6,b.Date,>,1302611689,b.Date,<,1314379398#32
votes v,posts p,badges b,users u#p.Id=v.PostId,u.Id=p.OwnerUserId,u.Id=b.UserId#p.Score,>,-12,p.Score,<,61,p.CommentCount,>,11,p.CommentCount,<,34,u.DownVotes,>,88,u.DownVotes,<,853,v.CreationDate,>,1256128354,v.CreationDate,<,1321077980,v.VoteTypeId,>,2,v.VoteTypeId,<,6,b.Date,>,1370121954,b.Date,<,1405373198#31
votes v,posts p,badges b,users u#p.Id=v.PostId,u.Id=p.OwnerUserId,u.Id=b.UserId#p.Score,>,-10,p.Score,<,76,p.CommentCount,>,6,p.CommentCount,<,19,u.DownVotes,>,426,u.DownVotes,<,1121,v.CreationDate,>,1272220457,v.CreationDate,<,1333870645,v.VoteTypeId,>,7,v.VoteTypeId,<,9,b.Date,>,1322964287,b.Date,<,1396506812#284
votes v,posts p,badges b,users u#p.Id=v.PostId,u.Id=p.OwnerUserId,u.Id=b.UserId#p.Score,>,15,p.Score,<,62,p.CommentCount,>,7,p.CommentCount,<,31,u.DownVotes,>,367,u.DownVotes,<,824,v.CreationDate,>,1246476822,v.CreationDate,<,1409680967,v.VoteTypeId,>,3,v.VoteTypeId,<,15,b.Date,>,1294138364,b.Date,<,1322731828#224
votes v,posts p,badges b,users u#p.Id=v.PostId,u.Id=p.OwnerUserId,u.Id=b.UserId#p.Score,>,-3,p.Score,<,179,p.CommentCount,>,10,p.CommentCount,<,29,u.DownVotes,>,222,u.DownVotes,<,1586,v.CreationDate,>,1271605267,v.CreationDate,<,1363050758,v.VoteTypeId,>,3,v.VoteTypeId,<,11,b.Date,>,1391675666,b.Date,<,1408982349#210
votes v,posts p,badges b,users u#p.Id=v.PostId,u.Id=p.OwnerUserId,u.Id=b.UserId#p.Score,>,29,p.Score,<,161,p.CommentCount,>,8,p.CommentCount,<,40,u.DownVotes,>,134,u.DownVotes,<,1453,v.CreationDate,>,1280093994,v.CreationDate,<,1406173962,v.VoteTypeId,>,3,v.VoteTypeId,<,15,b.Date,>,1293672804,b.Date,<,1296442759#9
votes v,posts p,badges b,users u#p.Id=v.PostId,u.Id=p.OwnerUserId,u.Id=b.UserId#p.Score,>,34,p.Score,<,145,p.CommentCount,>,16,p.CommentCount,<,22,u.DownVotes,>,189,u.DownVotes,<,959,v.CreationDate,>,1333029575,v.CreationDate,<,1408059751,v.VoteTypeId,>,1,v.VoteTypeId,<,14,b.Date,>,1309833207,b.Date,<,1399638340#3180
votes v,posts p,badges b,users u#p.Id=v.PostId,u.Id=p.OwnerUserId,u.Id=b.UserId#p.Score,>,-4,p.Score,<,83,p.CommentCount,>,0,p.CommentCount,<,17,u.DownVotes,>,191,u.DownVotes,<,1656,v.CreationDate,>,1247452892,v.CreationDate,<,1379201106,v.VoteTypeId,>,1,v.VoteTypeId,<,8,b.Date,>,1298671602,b.Date,<,1364464773#1679567
votes v,posts p,badges b,users u#p.Id=v.PostId,u.Id=p.OwnerUserId,u.Id=b.UserId#p.Score,>,10,p.Score,<,150,p.CommentCount,>,26,p.CommentCount,<,38,u.DownVotes,>,211,u.DownVotes,<,976,v.CreationDate,>,1308676513,v.CreationDate,<,1405343896,v.VoteTypeId,>,2,v.VoteTypeId,<,6,b.Date,>,1284498815,b.Date,<,1344943992#106
votes v,posts p,badges b,users u#p.Id=v.PostId,u.Id=p.OwnerUserId,u.Id=b.UserId#p.Score,>,-2,p.Score,<,150,p.CommentCount,>,10,p.CommentCount,<,13,u.DownVotes,>,713,u.DownVotes,<,1340,v.CreationDate,>,1277456154,v.CreationDate,<,1305145716,v.VoteTypeId,>,1,v.VoteTypeId,<,13,b.Date,>,1324794851,b.Date,<,1409762233#9715
votes v,posts p,badges b,users u#p.Id=v.PostId,u.Id=p.OwnerUserId,u.Id=b.UserId#p.Score,>,-18,p.Score,<,47,p.CommentCount,>,13,p.CommentCount,<,39,u.DownVotes,>,547,u.DownVotes,<,955,v.CreationDate,>,1293288214,v.CreationDate,<,1391616395,v.VoteTypeId,>,1,v.VoteTypeId,<,15,b.Date,>,1354939634,b.Date,<,1369170074#5811
votes v,posts p,badges b,users u#p.Id=v.PostId,u.Id=p.OwnerUserId,u.Id=b.UserId#p.Score,>,9,p.Score,<,75,p.CommentCount,>,4,p.CommentCount,<,6,u.DownVotes,>,323,u.DownVotes,<,772,v.CreationDate,>,1234805943,v.CreationDate,<,1335209038,v.VoteTypeId,>,1,v.VoteTypeId,<,4,b.Date,>,1308648760,b.Date,<,1390945992#3808
votes v,posts p,badges b,users u#p.Id=v.PostId,u.Id=p.OwnerUserId,u.Id=b.UserId#p.Score,>,-10,p.Score,<,123,p.CommentCount,>,0,p.CommentCount,<,2,u.DownVotes,>,151,u.DownVotes,<,1260,v.CreationDate,>,1262248121,v.CreationDate,<,1328611473,v.VoteTypeId,>,3,v.VoteTypeId,<,11,b.Date,>,1317312303,b.Date,<,1366197793#439
votes v,posts p,badges b,users u#p.Id=v.PostId,u.Id=p.OwnerUserId,u.Id=b.UserId#p.Score,>,-10,p.Score,<,146,p.CommentCount,>,0,p.CommentCount,<,3,u.DownVotes,>,115,u.DownVotes,<,151,v.CreationDate,>,1347170985,v.CreationDate,<,1379776310,v.VoteTypeId,>,1,v.VoteTypeId,<,6,b.Date,>,1300554335,b.Date,<,1336489341#13993
votes v,posts p,badges b,users u#p.Id=v.PostId,u.Id=p.OwnerUserId,u.Id=b.UserId#p.Score,>,-2,p.Score,<,64,p.CommentCount,>,17,p.CommentCount,<,34,u.DownVotes,>,84,u.DownVotes,<,1507,v.CreationDate,>,1244251086,v.CreationDate,<,1322749847,v.VoteTypeId,>,8,v.VoteTypeId,<,14,b.Date,>,1368719551,b.Date,<,1382741463#74
votes v,posts p,badges b,users u#p.Id=v.PostId,u.Id=p.OwnerUserId,u.Id=b.UserId#p.Score,>,32,p.Score,<,147,p.CommentCount,>,7,p.CommentCount,<,39,u.DownVotes,>,444,u.DownVotes,<,1250,v.CreationDate,>,1246133379,v.CreationDate,<,1387465260,v.VoteTypeId,>,1,v.VoteTypeId,<,11,b.Date,>,1336455483,b.Date,<,1387540808#75816
votes v,posts p,badges b,users u#p.Id=v.PostId,u.Id=p.OwnerUserId,u.Id=b.UserId#p.Score,>,105,p.Score,<,136,p.CommentCount,>,7,p.CommentCount,<,27,u.DownVotes,>,0,u.DownVotes,<,439,v.CreationDate,>,1280062843,v.CreationDate,<,1400607716,v.VoteTypeId,>,1,v.VoteTypeId,<,3,b.Date,>,1323357886,b.Date,<,1387725386#12539
votes v,posts p,badges b,users u#p.Id=v.PostId,u.Id=p.OwnerUserId,u.Id=b.UserId#p.Score,>,0,p.Score,<,152,p.CommentCount,>,11,p.CommentCount,<,17,u.DownVotes,>,513,u.DownVotes,<,1713,v.CreationDate,>,1257569506,v.CreationDate,<,1409093655,v.VoteTypeId,>,2,v.VoteTypeId,<,13,b.Date,>,1363869122,b.Date,<,1407061343#165
votes v,posts p,badges b,users u#p.Id=v.PostId,u.Id=p.OwnerUserId,u.Id=b.UserId#p.Score,>,35,p.Score,<,188,p.CommentCount,>,7,p.CommentCount,<,37,u.DownVotes,>,145,u.DownVotes,<,1431,v.CreationDate,>,1282617310,v.CreationDate,<,1359487722,v.VoteTypeId,>,8,v.VoteTypeId,<,15,b.Date,>,1323325660,b.Date,<,1400749031#94
votes v,posts p,badges b,users u#p.Id=v.PostId,u.Id=p.OwnerUserId,u.Id=b.UserId#p.Score,>,1,p.Score,<,172,p.CommentCount,>,2,p.CommentCount,<,6,u.DownVotes,>,89,u.DownVotes,<,891,v.CreationDate,>,1240143398,v.CreationDate,<,1369732132,v.VoteTypeId,>,5,v.VoteTypeId,<,9,b.Date,>,1300667453,b.Date,<,1325823814#26
votes v,posts p,badges b,users u#p.Id=v.PostId,u.Id=p.OwnerUserId,u.Id=b.UserId#p.Score,>,7,p.Score,<,113,p.CommentCount,>,2,p.CommentCount,<,7,u.DownVotes,>,178,u.DownVotes,<,1583,v.CreationDate,>,1389561893,v.CreationDate,<,1409760609,v.VoteTypeId,>,2,v.VoteTypeId,<,7,b.Date,>,1297967770,b.Date,<,1370590580#1385
votes v,posts p,badges b,users u#p.Id=v.PostId,u.Id=p.OwnerUserId,u.Id=b.UserId#p.Score,>,-1,p.Score,<,83,p.CommentCount,>,18,p.CommentCount,<,26,u.DownVotes,>,23,u.DownVotes,<,364,v.CreationDate,>,1238601957,v.CreationDate,<,1408515780,v.VoteTypeId,>,1,v.VoteTypeId,<,4,b.Date,>,1313971293,b.Date,<,1409599346#25142
votes v,posts p,badges b,users u#p.Id=v.PostId,u.Id=p.OwnerUserId,u.Id=b.UserId#p.Score,>,16,p.Score,<,51,p.CommentCount,>,4,p.CommentCount,<,29,u.DownVotes,>,765,u.DownVotes,<,1106,v.CreationDate,>,1266575107,v.CreationDate,<,1321841631,v.VoteTypeId,>,2,v.VoteTypeId,<,9,b.Date,>,1316254655,b.Date,<,1388387501#270
votes v,posts p,badges b,users u#p.Id=v.PostId,u.Id=p.OwnerUserId,u.Id=b.UserId#p.Score,>,63,p.Score,<,168,p.CommentCount,>,2,p.CommentCount,<,17,u.DownVotes,>,233,u.DownVotes,<,1379,v.CreationDate,>,1306815203,v.CreationDate,<,1323644872,v.VoteTypeId,>,1,v.VoteTypeId,<,11,b.Date,>,1345475703,b.Date,<,1362622271#3685
votes v,posts p,badges b,users u#p.Id=v.PostId,u.Id=p.OwnerUserId,u.Id=b.UserId#p.Score,>,105,p.Score,<,177,p.CommentCount,>,6,p.CommentCount,<,13,u.DownVotes,>,113,u.DownVotes,<,1096,v.CreationDate,>,1259523684,v.CreationDate,<,1343849447,v.VoteTypeId,>,1,v.VoteTypeId,<,11,b.Date,>,1336694071,b.Date,<,1352615652#6209
votes v,posts p,badges b,users u#p.Id=v.PostId,u.Id=p.OwnerUserId,u.Id=b.UserId#p.Score,>,134,p.Score,<,191,p.CommentCount,>,8,p.CommentCount,<,20,u.DownVotes,>,2,u.DownVotes,<,803,v.CreationDate,>,1327110814,v.CreationDate,<,1343253326,v.VoteTypeId,>,1,v.VoteTypeId,<,5,b.Date,>,1314836487,b.Date,<,1374532739#2520
votes v,posts p,badges b,users u#p.Id=v.PostId,u.Id=p.OwnerUserId,u.Id=b.UserId#p.Score,>,-3,p.Score,<,10,p.CommentCount,>,6,p.CommentCount,<,25,u.DownVotes,>,654,u.DownVotes,<,894,v.CreationDate,>,1281142226,v.CreationDate,<,1368512140,v.VoteTypeId,>,7,v.VoteTypeId,<,15,b.Date,>,1320037862,b.Date,<,1366375086#352
votes v,posts p,badges b,users u#p.Id=v.PostId,u.Id=p.OwnerUserId,u.Id=b.UserId#p.Score,>,-14,p.Score,<,136,p.CommentCount,>,5,p.CommentCount,<,36,u.DownVotes,>,44,u.DownVotes,<,1806,v.CreationDate,>,1309928597,v.CreationDate,<,1391517397,v.VoteTypeId,>,1,v.VoteTypeId,<,4,b.Date,>,1323458707,b.Date,<,1382267668#714950
votes v,posts p,badges b,users u#p.Id=v.PostId,u.Id=p.OwnerUserId,u.Id=b.UserId#p.Score,>,3,p.Score,<,169,p.CommentCount,>,11,p.CommentCount,<,32,u.DownVotes,>,341,u.DownVotes,<,1393,v.CreationDate,>,1262729978,v.CreationDate,<,1291755691,v.VoteTypeId,>,1,v.VoteTypeId,<,15,b.Date,>,1290460596,b.Date,<,1314600005#715
votes v,posts p,badges b,users u#p.Id=v.PostId,u.Id=p.OwnerUserId,u.Id=b.UserId#p.Score,>,2,p.Score,<,63,p.CommentCount,>,6,p.CommentCount,<,13,u.DownVotes,>,467,u.DownVotes,<,1323,v.CreationDate,>,1332841226,v.CreationDate,<,1375869546,v.VoteTypeId,>,2,v.VoteTypeId,<,8,b.Date,>,1351291268,b.Date,<,1363715245#111
votes v,posts p,badges b,users u#p.Id=v.PostId,u.Id=p.OwnerUserId,u.Id=b.UserId#p.Score,>,21,p.Score,<,114,p.CommentCount,>,7,p.CommentCount,<,40,u.DownVotes,>,589,u.DownVotes,<,1549,v.CreationDate,>,1255188206,v.CreationDate,<,1368274123,v.VoteTypeId,>,1,v.VoteTypeId,<,13,b.Date,>,1305269106,b.Date,<,1389178868#88145
votes v,posts p,badges b,users u#p.Id=v.PostId,u.Id=p.OwnerUserId,u.Id=b.UserId#p.Score,>,0,p.Score,<,84,p.CommentCount,>,4,p.CommentCount,<,8,u.DownVotes,>,739,u.DownVotes,<,1656,v.CreationDate,>,1264694291,v.CreationDate,<,1398505767,v.VoteTypeId,>,4,v.VoteTypeId,<,10,b.Date,>,1321297063,b.Date,<,1371787582#5920
votes v,posts p,badges b,users u#p.Id=v.PostId,u.Id=p.OwnerUserId,u.Id=b.UserId#p.Score,>,-6,p.Score,<,40,p.CommentCount,>,9,p.CommentCount,<,19,u.DownVotes,>,67,u.DownVotes,<,1541,v.CreationDate,>,1270914448,v.CreationDate,<,1369600896,v.VoteTypeId,>,8,v.VoteTypeId,<,13,b.Date,>,1362030896,b.Date,<,1371299605#45
votes v,posts p,badges b,users u#p.Id=v.PostId,u.Id=p.OwnerUserId,u.Id=b.UserId#p.Score,>,4,p.Score,<,141,p.CommentCount,>,16,p.CommentCount,<,39,u.DownVotes,>,495,u.DownVotes,<,1780,v.CreationDate,>,1246947745,v.CreationDate,<,1356719394,v.VoteTypeId,>,8,v.VoteTypeId,<,11,b.Date,>,1297897353,b.Date,<,1326145887#83
votes v,posts p,badges b,users u#p.Id=v.PostId,u.Id=p.OwnerUserId,u.Id=b.UserId#p.Score,>,21,p.Score,<,171,p.CommentCount,>,7,p.CommentCount,<,41,u.DownVotes,>,402,u.DownVotes,<,1071,v.CreationDate,>,1287002135,v.CreationDate,<,1328574520,v.VoteTypeId,>,1,v.VoteTypeId,<,15,b.Date,>,1380886672,b.Date,<,1387161182#1952
votes v,posts p,badges b,users u#p.Id=v.PostId,u.Id=p.OwnerUserId,u.Id=b.UserId#p.Score,>,-4,p.Score,<,40,p.CommentCount,>,6,p.CommentCount,<,44,u.DownVotes,>,157,u.DownVotes,<,1870,v.CreationDate,>,1242573391,v.CreationDate,<,1382444071,v.VoteTypeId,>,4,v.VoteTypeId,<,6,b.Date,>,1332705184,b.Date,<,1386966432#3472
votes v,posts p,badges b,users u#p.Id=v.PostId,u.Id=p.OwnerUserId,u.Id=b.UserId#p.Score,>,16,p.Score,<,158,p.CommentCount,>,4,p.CommentCount,<,31,u.DownVotes,>,216,u.DownVotes,<,1428,v.CreationDate,>,1253962162,v.CreationDate,<,1351870140,v.VoteTypeId,>,1,v.VoteTypeId,<,11,b.Date,>,1340895241,b.Date,<,1388690763#142155
votes v,posts p,badges b,users u#p.Id=v.PostId,u.Id=p.OwnerUserId,u.Id=b.UserId#p.Score,>,34,p.Score,<,80,p.CommentCount,>,15,p.CommentCount,<,33,u.DownVotes,>,211,u.DownVotes,<,1490,v.CreationDate,>,1238988596,v.CreationDate,<,1384823407,v.VoteTypeId,>,1,v.VoteTypeId,<,8,b.Date,>,1344750688,b.Date,<,1380470769#1406
votes v,posts p,badges b,users u#p.Id=v.PostId,u.Id=p.OwnerUserId,u.Id=b.UserId#p.Score,>,12,p.Score,<,60,p.CommentCount,>,1,p.CommentCount,<,11,u.DownVotes,>,130,u.DownVotes,<,1913,v.CreationDate,>,1305485623,v.CreationDate,<,1407161250,v.VoteTypeId,>,1,v.VoteTypeId,<,5,b.Date,>,1353516350,b.Date,<,1391640820#332137
votes v,posts p,badges b,users u#p.Id=v.PostId,u.Id=p.OwnerUserId,u.Id=b.UserId#p.Score,>,46,p.Score,<,86,p.CommentCount,>,3,p.CommentCount,<,22,u.DownVotes,>,43,u.DownVotes,<,1340,v.CreationDate,>,1280831057,v.CreationDate,<,1336337424,v.VoteTypeId,>,1,v.VoteTypeId,<,7,b.Date,>,1351844364,b.Date,<,1392988993#31635
votes v,posts p,badges b,users u#p.Id=v.PostId,u.Id=p.OwnerUserId,u.Id=b.UserId#p.Score,>,-11,p.Score,<,78,p.CommentCount,>,1,p.CommentCount,<,8,u.DownVotes,>,731,u.DownVotes,<,1461,v.CreationDate,>,1236359206,v.CreationDate,<,1405204301,v.VoteTypeId,>,4,v.VoteTypeId,<,10,b.Date,>,1325430988,b.Date,<,1394350951#12558
votes v,posts p,badges b,users u#p.Id=v.PostId,u.Id=p.OwnerUserId,u.Id=b.UserId#p.Score,>,80,p.Score,<,97,p.CommentCount,>,2,p.CommentCount,<,29,u.DownVotes,>,295,u.DownVotes,<,1288,v.CreationDate,>,1247500900,v.CreationDate,<,1337618069,v.VoteTypeId,>,1,v.VoteTypeId,<,6,b.Date,>,1285167176,b.Date,<,1407716952#11691
