votes v,posts p,badges b,users u#p.Id=v.PostId,u.Id=p.OwnerUserId,u.Id=b.UserId#p.Score,>,1,p.Score,<,102,p.CommentCount,>,0,p.CommentCount,<,6,u.DownVotes,>,569,u.DownVotes,<,901,v.CreationDate,>,1304220307,v.CreationDate,<,1345477079,v.VoteTypeId,>,2,v.VoteTypeId,<,7,b.Date,>,1340948783,b.Date,<,1384878281#372
votes v,posts p,badges b,users u#p.Id=v.PostId,u.Id=p.OwnerUserId,u.Id=b.UserId#p.Score,>,-16,p.Score,<,37,p.CommentCount,>,3,p.CommentCount,<,7,u.DownVotes,>,624,u.DownVotes,<,1031,v.CreationDate,>,1247619795,v.CreationDate,<,1314951165,v.VoteTypeId,>,6,v.VoteTypeId,<,14,b.Date,>,1358011069,b.Date,<,1368533649#145
votes v,posts p,badges b,users u#p.Id=v.PostId,u.Id=p.OwnerUserId,u.Id=b.UserId#p.Score,>,0,p.Score,<,107,p.CommentCount,>,5,p.CommentCount,<,21,u.DownVotes,>,217,u.DownVotes,<,898,v.CreationDate,>,1248419277,v.CreationDate,<,1336992378,v.VoteTypeId,>,3,v.VoteTypeId,<,12,b.Date,>,1291718715,b.Date,<,1368306442#3226
votes v,posts p,badges b,users u#p.Id=v.PostId,u.Id=p.OwnerUserId,u.Id=b.UserId#p.Score,>,24,p.Score,<,54,p.CommentCount,>,13,p.CommentCount,<,39,u.DownVotes,>,188,u.DownVotes,<,1461,v.CreationDate,>,1316655815,v.CreationDate,<,1371958031,v.VoteTypeId,>,1,v.VoteTypeId,<,6,b.Date,>,1385821990,b.Date,<,1406470601#3326
votes v,posts p,badges b,users u#p.Id=v.PostId,u.Id=p.OwnerUserId,u.Id=b.UserId#p.Score,>,10,p.Score,<,137,p.CommentCount,>,3,p.CommentCount,<,24,u.DownVotes,>,641,u.DownVotes,<,879,v.CreationDate,>,1390262520,v.CreationDate,<,1403905621,v.VoteTypeId,>,8,v.VoteTypeId,<,11,b.Date,>,1323388773,b.Date,<,1346754215#184
votes v,posts p,badges b,users u#p.Id=v.PostId,u.Id=p.OwnerUserId,u.Id=b.UserId#p.Score,>,-7,p.Score,<,166,p.CommentCount,>,9,p.CommentCount,<,30,u.DownVotes,>,767,u.DownVotes,<,1629,v.CreationDate,>,1312297411,v.CreationDate,<,1395059161,v.VoteTypeId,>,1,v.VoteTypeId,<,10,b.Date,>,1307079269,b.Date,<,1314674705#15444
votes v,posts p,badges b,users u#p.Id=v.PostId,u.Id=p.OwnerUserId,u.Id=b.UserId#p.Score,>,46,p.Score,<,183,p.CommentCount,>,20,p.CommentCount,<,44,u.DownVotes,>,51,u.DownVotes,<,1312,v.CreationDate,>,1339390552,v.CreationDate,<,1357077926,v.VoteTypeId,>,1,v.VoteTypeId,<,15,b.Date,>,1365174747,b.Date,<,1375760583#720
votes v,posts p,badges b,users u#p.Id=v.PostId,u.Id=p.OwnerUserId,u.Id=b.UserId#p.Score,>,62,p.Score,<,143,p.CommentCount,>,7,p.CommentCount,<,36,u.DownVotes,>,87,u.DownVotes,<,1142,v.CreationDate,>,1305015561,v.CreationDate,<,1333016616,v.VoteTypeId,>,1,v.VoteTypeId,<,7,b.Date,>,1299708820,b.Date,<,1402802288#32032
votes v,posts p,badges b,users u#p.Id=v.PostId,u.Id=p.OwnerUserId,u.Id=b.UserId#p.Score,>,-6,p.Score,<,179,p.CommentCount,>,8,p.CommentCount,<,20,u.DownVotes,>,71,u.DownVotes,<,1889,v.CreationDate,>,1381797782,v.CreationDate,<,1393931791,v.VoteTypeId,>,8,v.VoteTypeId,<,14,b.Date,>,1290976203,b.Date,<,1297223789#17
votes v,posts p,badges b,users u#p.Id=v.PostId,u.Id=p.OwnerUserId,u.Id=b.UserId#p.Score,>,-11,p.Score,<,110,p.CommentCount,>,10,p.CommentCount,<,22,u.DownVotes,>,208,u.DownVotes,<,1124,v.CreationDate,>,1236504683,v.CreationDate,<,1327466605,v.VoteTypeId,>,4,v.VoteTypeId,<,13,b.Date,>,1323832348,b.Date,<,1393100279#361
votes v,posts p,badges b,users u#p.Id=v.PostId,u.Id=p.OwnerUserId,u.Id=b.UserId#p.Score,>,101,p.Score,<,188,p.CommentCount,>,10,p.CommentCount,<,25,u.DownVotes,>,44,u.DownVotes,<,547,v.CreationDate,>,1281753537,v.CreationDate,<,1363123249,v.VoteTypeId,>,2,v.VoteTypeId,<,14,b.Date,>,1330057171,b.Date,<,1355314457#78
votes v,posts p,badges b,users u#p.Id=v.PostId,u.Id=p.OwnerUserId,u.Id=b.UserId#p.Score,>,-4,p.Score,<,84,p.CommentCount,>,19,p.CommentCount,<,22,u.DownVotes,>,408,u.DownVotes,<,1378,v.CreationDate,>,1302108084,v.CreationDate,<,1369353682,v.VoteTypeId,>,2,v.VoteTypeId,<,12,b.Date,>,1320553123,b.Date,<,1390703602#262
votes v,posts p,badges b,users u#p.Id=v.PostId,u.Id=p.OwnerUserId,u.Id=b.UserId#p.Score,>,-7,p.Score,<,139,p.CommentCount,>,2,p.CommentCount,<,21,u.DownVotes,>,175,u.DownVotes,<,500,v.CreationDate,>,1325691323,v.CreationDate,<,1406888038,v.VoteTypeId,>,2,v.VoteTypeId,<,8,b.Date,>,1325044740,b.Date,<,1374972869#4051
votes v,posts p,badges b,users u#p.Id=v.PostId,u.Id=p.OwnerUserId,u.Id=b.UserId#p.Score,>,-6,p.Score,<,136,p.CommentCount,>,1,p.CommentCount,<,20,u.DownVotes,>,472,u.DownVotes,<,1134,v.CreationDate,>,1252543201,v.CreationDate,<,1359114391,v.VoteTypeId,>,2,v.VoteTypeId,<,10,b.Date,>,1305676748,b.Date,<,1366216833#8140
votes v,posts p,badges b,users u#p.Id=v.PostId,u.Id=p.OwnerUserId,u.Id=b.UserId#p.Score,>,-5,p.Score,<,187,p.CommentCount,>,5,p.CommentCount,<,7,u.DownVotes,>,315,u.DownVotes,<,380,v.CreationDate,>,1257721149,v.CreationDate,<,1315946828,v.VoteTypeId,>,1,v.VoteTypeId,<,10,b.Date,>,1356243208,b.Date,<,1379303462#6
votes v,posts p,badges b,users u#p.Id=v.PostId,u.Id=p.OwnerUserId,u.Id=b.UserId#p.Score,>,-12,p.Score,<,53,p.CommentCount,>,6,p.CommentCount,<,19,u.DownVotes,>,83,u.DownVotes,<,521,v.CreationDate,>,1251944337,v.CreationDate,<,1283884518,v.VoteTypeId,>,2,v.VoteTypeId,<,10,b.Date,>,1358400556,b.Date,<,1407848193#486
votes v,posts p,badges b,users u#p.Id=v.PostId,u.Id=p.OwnerUserId,u.Id=b.UserId#p.Score,>,11,p.Score,<,104,p.CommentCount,>,14,p.CommentCount,<,40,u.DownVotes,>,32,u.DownVotes,<,416,v.CreationDate,>,1271883615,v.CreationDate,<,1403771143,v.VoteTypeId,>,2,v.VoteTypeId,<,14,b.Date,>,1296742017,b.Date,<,1379373912#607
votes v,posts p,badges b,users u#p.Id=v.PostId,u.Id=p.OwnerUserId,u.Id=b.UserId#p.Score,>,-16,p.Score,<,86,p.CommentCount,>,30,p.CommentCount,<,36,u.DownVotes,>,184,u.DownVotes,<,1600,v.CreationDate,>,1278298921,v.CreationDate,<,1348222277,v.VoteTypeId,>,2,v.VoteTypeId,<,8,b.Date,>,1288819133,b.Date,<,1405986335#174
votes v,posts p,badges b,users u#p.Id=v.PostId,u.Id=p.OwnerUserId,u.Id=b.UserId#p.Score,>,86,p.Score,<,159,p.CommentCount,>,6,p.CommentCount,<,13,u.DownVotes,>,429,u.DownVotes,<,1082,v.CreationDate,>,1253523690,v.CreationDate,<,1389770020,v.VoteTypeId,>,1,v.VoteTypeId,<,6,b.Date,>,1282966242,b.Date,<,1306711306#5876
votes v,posts p,badges b,users u#p.Id=v.PostId,u.Id=p.OwnerUserId,u.Id=b.UserId#p.Score,>,-4,p.Score,<,180,p.CommentCount,>,12,p.CommentCount,<,28,u.DownVotes,>,593,u.DownVotes,<,1140,v.CreationDate,>,1233928599,v.CreationDate,<,1397604906,v.VoteTypeId,>,3,v.VoteTypeId,<,11,b.Date,>,1352063715,b.Date,<,1360790345#46
votes v,posts p,badges b,users u#p.Id=v.PostId,u.Id=p.OwnerUserId,u.Id=b.UserId#p.Score,>,1,p.Score,<,28,p.CommentCount,>,14,p.CommentCount,<,44,u.DownVotes,>,82,u.DownVotes,<,1418,v.CreationDate,>,1244580716,v.CreationDate,<,1345338194,v.VoteTypeId,>,5,v.VoteTypeId,<,13,b.Date,>,1296697294,b.Date,<,1371193181#254
votes v,posts p,badges b,users u#p.Id=v.PostId,u.Id=p.OwnerUserId,u.Id=b.UserId#p.Score,>,-13,p.Score,<,30,p.CommentCount,>,5,p.CommentCount,<,16,u.DownVotes,>,296,u.DownVotes,<,975,v.CreationDate,>,1291428668,v.CreationDate,<,1367619260,v.VoteTypeId,>,7,v.VoteTypeId,<,11,b.Date,>,1327262009,b.Date,<,1343496043#632
votes v,posts p,badges b,users u#p.Id=v.PostId,u.Id=p.OwnerUserId,u.Id=b.UserId#p.Score,>,-8,p.Score,<,115,p.CommentCount,>,2,p.CommentCount,<,17,u.DownVotes,>,499,u.DownVotes,<,1589,v.CreationDate,>,1357999262,v.CreationDate,<,1401876466,v.VoteTypeId,>,4,v.VoteTypeId,<,15,b.Date,>,1291384006,b.Date,<,1295628160#285
votes v,posts p,badges b,users u#p.Id=v.PostId,u.Id=p.OwnerUserId,u.Id=b.UserId#p.Score,>,9,p.Score,<,105,p.CommentCount,>,17,p.CommentCount,<,36,u.DownVotes,>,148,u.DownVotes,<,872,v.CreationDate,>,1266817779,v.CreationDate,<,1313925868,v.VoteTypeId,>,7,v.VoteTypeId,<,12,b.Date,>,1333364820,b.Date,<,1343744933#20
votes v,posts p,badges b,users u#p.Id=v.PostId,u.Id=p.OwnerUserId,u.Id=b.UserId#p.Score,>,17,p.Score,<,96,p.CommentCount,>,0,p.CommentCount,<,7,u.DownVotes,>,274,u.DownVotes,<,761,v.CreationDate,>,1295782433,v.CreationDate,<,1354594412,v.VoteTypeId,>,4,v.VoteTypeId,<,9,b.Date,>,1318237894,b.Date,<,1392830528#54
votes v,posts p,badges b,users u#p.Id=v.PostId,u.Id=p.OwnerUserId,u.Id=b.UserId#p.Score,>,6,p.Score,<,97,p.CommentCount,>,6,p.CommentCount,<,20,u.DownVotes,>,307,u.DownVotes,<,1516,v.CreationDate,>,1296024230,v.CreationDate,<,1371703048,v.VoteTypeId,>,3,v.VoteTypeId,<,7,b.Date,>,1302467620,b.Date,<,1379381729#2273
votes v,posts p,badges b,users u#p.Id=v.PostId,u.Id=p.OwnerUserId,u.Id=b.UserId#p.Score,>,5,p.Score,<,112,p.CommentCount,>,9,p.CommentCount,<,16,u.DownVotes,>,152,u.DownVotes,<,1536,v.CreationDate,>,1373612679,v.CreationDate,<,1407203555,v.VoteTypeId,>,1,v.VoteTypeId,<,13,b.Date,>,1324531411,b.Date,<,1383776264#38869
votes v,posts p,badges b,users u#p.Id=v.PostId,u.Id=p.OwnerUserId,u.Id=b.UserId#p.Score,>,30,p.Score,<,57,p.CommentCount,>,5,p.CommentCount,<,42,u.DownVotes,>,53,u.DownVotes,<,245,v.CreationDate,>,1356043033,v.CreationDate,<,1392774857,v.VoteTypeId,>,2,v.VoteTypeId,<,15,b.Date,>,1309988233,b.Date,<,1362518330#802
votes v,posts p,badges b,users u#p.Id=v.PostId,u.Id=p.OwnerUserId,u.Id=b.UserId#p.Score,>,0,p.Score,<,146,p.CommentCount,>,5,p.CommentCount,<,42,u.DownVotes,>,180,u.DownVotes,<,537,v.CreationDate,>,1312218831,v.CreationDate,<,1406707244,v.VoteTypeId,>,3,v.VoteTypeId,<,10,b.Date,>,1356102798,b.Date,<,1386989906#500
votes v,posts p,badges b,users u#p.Id=v.PostId,u.Id=p.OwnerUserId,u.Id=b.UserId#p.Score,>,73,p.Score,<,154,p.CommentCount,>,6,p.CommentCount,<,32,u.DownVotes,>,473,u.DownVotes,<,869,v.CreationDate,>,1287725891,v.CreationDate,<,1399488074,v.VoteTypeId,>,1,v.VoteTypeId,<,9,b.Date,>,1312925090,b.Date,<,1346917017#25870
votes v,posts p,badges b,users u#p.Id=v.PostId,u.Id=p.OwnerUserId,u.Id=b.UserId#p.Score,>,11,p.Score,<,48,p.CommentCount,>,8,p.CommentCount,<,24,u.DownVotes,>,287,u.DownVotes,<,1289,v.CreationDate,>,1259743823,v.CreationDate,<,1348824856,v.VoteTypeId,>,1,v.VoteTypeId,<,6,b.Date,>,1375564460,b.Date,<,1391446859#17381
votes v,posts p,badges b,users u#p.Id=v.PostId,u.Id=p.OwnerUserId,u.Id=b.UserId#p.Score,>,35,p.Score,<,137,p.CommentCount,>,10,p.CommentCount,<,24,u.DownVotes,>,162,u.DownVotes,<,323,v.CreationDate,>,1259946845,v.CreationDate,<,1390076707,v.VoteTypeId,>,1,v.VoteTypeId,<,11,b.Date,>,1300138694,b.Date,<,1404542628#9000
votes v,posts p,badges b,users u#p.Id=v.PostId,u.Id=p.OwnerUserId,u.Id=b.UserId#p.Score,>,14,p.Score,<,18,p.CommentCount,>,1,p.CommentCount,<,33,u.DownVotes,>,172,u.DownVotes,<,306,v.CreationDate,>,1238110339,v.CreationDate,<,1373658382,v.VoteTypeId,>,8,v.VoteTypeId,<,15,b.Date,>,1282910335,b.Date,<,1408169920#275
votes v,posts p,badges b,users u#p.Id=v.PostId,u.Id=p.OwnerUserId,u.Id=b.UserId#p.Score,>,11,p.Score,<,64,p.CommentCount,>,10,p.CommentCount,<,26,u.DownVotes,>,312,u.DownVotes,<,1677,v.CreationDate,>,1335312817,v.CreationDate,<,1362609864,v.VoteTypeId,>,7,v.VoteTypeId,<,9,b.Date,>,1328113672,b.Date,<,1331087406#7
votes v,posts p,badges b,users u#p.Id=v.PostId,u.Id=p.OwnerUserId,u.Id=b.UserId#p.Score,>,17,p.Score,<,172,p.CommentCount,>,5,p.CommentCount,<,13,u.DownVotes,>,62,u.DownVotes,<,1066,v.CreationDate,>,1283975040,v.CreationDate,<,1372929338,v.VoteTypeId,>,3,v.VoteTypeId,<,9,b.Date,>,1329290457,b.Date,<,1365552706#3111
votes v,posts p,badges b,users u#p.Id=v.PostId,u.Id=p.OwnerUserId,u.Id=b.UserId#p.Score,>,31,p.Score,<,159,p.CommentCount,>,2,p.CommentCount,<,4,u.DownVotes,>,696,u.DownVotes,<,1820,v.CreationDate,>,1300964749,v.CreationDate,<,1382135597,v.VoteTypeId,>,1,v.VoteTypeId,<,12,b.Date,>,1375420215,b.Date,<,1392841930#4410
votes v,posts p,badges b,users u#p.Id=v.PostId,u.Id=p.OwnerUserId,u.Id=b.UserId#p.Score,>,23,p.Score,<,140,p.CommentCount,>,7,p.CommentCount,<,42,u.DownVotes,>,776,u.DownVotes,<,1634,v.CreationDate,>,1369223522,v.CreationDate,<,1402178213,v.VoteTypeId,>,8,v.VoteTypeId,<,10,b.Date,>,1310145461,b.Date,<,1402065502#350
votes v,posts p,badges b,users u#p.Id=v.PostId,u.Id=p.OwnerUserId,u.Id=b.UserId#p.Score,>,9,p.Score,<,100,p.CommentCount,>,2,p.CommentCount,<,43,u.DownVotes,>,457,u.DownVotes,<,1368,v.CreationDate,>,1288074176,v.CreationDate,<,1408140493,v.VoteTypeId,>,2,v.VoteTypeId,<,9,b.Date,>,1390014446,b.Date,<,1395889062#1254
votes v,posts p,badges b,users u#p.Id=v.PostId,u.Id=p.OwnerUserId,u.Id=b.UserId#p.Score,>,17,p.Score,<,60,p.CommentCount,>,9,p.CommentCount,<,27,u.DownVotes,>,86,u.DownVotes,<,802,v.CreationDate,>,1335290348,v.CreationDate,<,1348572571,v.VoteTypeId,>,1,v.VoteTypeId,<,9,b.Date,>,1357573857,b.Date,<,1375368647#5246
votes v,posts p,badges b,users u#p.Id=v.PostId,u.Id=p.OwnerUserId,u.Id=b.UserId#p.Score,>,-14,p.Score,<,52,p.CommentCount,>,4,p.CommentCount,<,31,u.DownVotes,>,369,u.DownVotes,<,1910,v.CreationDate,>,1350321481,v.CreationDate,<,1386027048,v.VoteTypeId,>,6,v.VoteTypeId,<,15,b.Date,>,1311662432,b.Date,<,1320199281#31
votes v,posts p,badges b,users u#p.Id=v.PostId,u.Id=p.OwnerUserId,u.Id=b.UserId#p.Score,>,74,p.Score,<,112,p.CommentCount,>,7,p.CommentCount,<,22,u.DownVotes,>,432,u.DownVotes,<,903,v.CreationDate,>,1294704919,v.CreationDate,<,1321592638,v.VoteTypeId,>,1,v.VoteTypeId,<,3,b.Date,>,1330846486,b.Date,<,1393508483#2560
votes v,posts p,badges b,users u#p.Id=v.PostId,u.Id=p.OwnerUserId,u.Id=b.UserId#p.Score,>,33,p.Score,<,68,p.CommentCount,>,2,p.CommentCount,<,37,u.DownVotes,>,240,u.DownVotes,<,1784,v.CreationDate,>,1307711296,v.CreationDate,<,1321366580,v.VoteTypeId,>,1,v.VoteTypeId,<,13,b.Date,>,1316855832,b.Date,<,1391535377#13050
votes v,posts p,badges b,users u#p.Id=v.PostId,u.Id=p.OwnerUserId,u.Id=b.UserId#p.Score,>,-8,p.Score,<,14,p.CommentCount,>,1,p.CommentCount,<,10,u.DownVotes,>,515,u.DownVotes,<,803,v.CreationDate,>,1269056371,v.CreationDate,<,1359744297,v.VoteTypeId,>,3,v.VoteTypeId,<,12,b.Date,>,1379732169,b.Date,<,1408747358#1887
votes v,posts p,badges b,users u#p.Id=v.PostId,u.Id=p.OwnerUserId,u.Id=b.UserId#p.Score,>,23,p.Score,<,189,p.CommentCount,>,5,p.CommentCount,<,39,u.DownVotes,>,283,u.DownVotes,<,1535,v.CreationDate,>,1280958458,v.CreationDate,<,1325513085,v.VoteTypeId,>,2,v.VoteTypeId,<,5,b.Date,>,1309127907,b.Date,<,1330133714#168
votes v,posts p,badges b,users u#p.Id=v.PostId,u.Id=p.OwnerUserId,u.Id=b.UserId#p.Score,>,5,p.Score,<,39,p.CommentCount,>,15,p.CommentCount,<,37,u.DownVotes,>,485,u.DownVotes,<,1728,v.CreationDate,>,1266000554,v.CreationDate,<,1398175146,v.VoteTypeId,>,4,v.VoteTypeId,<,14,b.Date,>,1337471391,b.Date,<,1361916173#119
votes v,posts p,badges b,users u#p.Id=v.PostId,u.Id=p.OwnerUserId,u.Id=b.UserId#p.Score,>,37,p.Score,<,145,p.CommentCount,>,2,p.CommentCount,<,18,u.DownVotes,>,382,u.DownVotes,<,1273,v.CreationDate,>,1329031294,v.CreationDate,<,1374024439,v.VoteTypeId,>,3,v.VoteTypeId,<,13,b.Date,>,1308964761,b.Date,<,1352486169#1848
votes v,posts p,badges b,users u#p.Id=v.PostId,u.Id=p.OwnerUserId,u.Id=b.UserId#p.Score,>,9,p.Score,<,73,p.CommentCount,>,1,p.CommentCount,<,23,u.DownVotes,>,10,u.DownVotes,<,404,v.CreationDate,>,1310482411,v.CreationDate,<,1383869154,v.VoteTypeId,>,2,v.VoteTypeId,<,7,b.Date,>,1306134675,b.Date,<,1405713015#69217
votes v,posts p,badges b,users u#p.Id=v.PostId,u.Id=p.OwnerUserId,u.Id=b.UserId#p.Score,>,29,p.Score,<,188,p.CommentCount,>,18,p.CommentCount,<,32,u.DownVotes,>,181,u.DownVotes,<,831,v.CreationDate,>,1285791272,v.CreationDate,<,1408548659,v.VoteTypeId,>,3,v.VoteTypeId,<,14,b.Date,>,1365086719,b.Date,<,1386795825#12
votes v,posts p,badges b,users u#p.Id=v.PostId,u.Id=p.OwnerUserId,u.Id=b.UserId#p.Score,>,0,p.Score,<,47,p.CommentCount,>,9,p.CommentCount,<,18,u.DownVotes,>,467,u.DownVotes,<,1512,v.CreationDate,>,1266532553,v.CreationDate,<,1382642919,v.VoteTypeId,>,8,v.VoteTypeId,<,12,b.Date,>,1298373940,b.Date,<,1311663240#38
votes v,posts p,badges b,users u#p.Id=v.PostId,u.Id=p.OwnerUserId,u.Id=b.UserId#p.Score,>,35,p.Score,<,125,p.CommentCount,>,10,p.CommentCount,<,22,u.DownVotes,>,5,u.DownVotes,<,186,v.CreationDate,>,1373115959,v.CreationDate,<,1410531703,v.VoteTypeId,>,1,v.VoteTypeId,<,5,b.Date,>,1302150271,b.Date,<,1393999390#16919
votes v,posts p,badges b,users u#p.Id=v.PostId,u.Id=p.OwnerUserId,u.Id=b.UserId#p.Score,>,40,p.Score,<,94,p.CommentCount,>,19,p.CommentCount,<,37,u.DownVotes,>,176,u.DownVotes,<,1002,v.CreationDate,>,1293244629,v.CreationDate,<,1381379762,v.VoteTypeId,>,5,v.VoteTypeId,<,11,b.Date,>,1283175755,b.Date,<,1381681374#111
votes v,posts p,badges b,users u#p.Id=v.PostId,u.Id=p.OwnerUserId,u.Id=b.UserId#p.Score,>,32,p.Score,<,62,p.CommentCount,>,0,p.CommentCount,<,18,u.DownVotes,>,417,u.DownVotes,<,850,v.CreationDate,>,1353991855,v.CreationDate,<,1394995916,v.VoteTypeId,>,2,v.VoteTypeId,<,9,b.Date,>,1280651092,b.Date,<,1334655707#1096
votes v,posts p,badges b,users u#p.Id=v.PostId,u.Id=p.OwnerUserId,u.Id=b.UserId#p.Score,>,-17,p.Score,<,42,p.CommentCount,>,2,p.CommentCount,<,16,u.DownVotes,>,686,u.DownVotes,<,1163,v.CreationDate,>,1393236109,v.CreationDate,<,1408343826,v.VoteTypeId,>,1,v.VoteTypeId,<,7,b.Date,>,1287309804,b.Date,<,1361753755#104918
votes v,posts p,badges b,users u#p.Id=v.PostId,u.Id=p.OwnerUserId,u.Id=b.UserId#p.Score,>,-2,p.Score,<,124,p.CommentCount,>,26,p.CommentCount,<,37,u.DownVotes,>,408,u.DownVotes,<,829,v.CreationDate,>,1241373681,v.CreationDate,<,1407534270,v.VoteTypeId,>,1,v.VoteTypeId,<,13,b.Date,>,1317824161,b.Date,<,1396359015#2086
votes v,posts p,badges b,users u#p.Id=v.PostId,u.Id=p.OwnerUserId,u.Id=b.UserId#p.Score,>,-8,p.Score,<,142,p.CommentCount,>,28,p.CommentCount,<,37,u.DownVotes,>,219,u.DownVotes,<,584,v.CreationDate,>,1296853356,v.CreationDate,<,1339977826,v.VoteTypeId,>,1,v.VoteTypeId,<,10,b.Date,>,1334972190,b.Date,<,1351828154#688
votes v,posts p,badges b,users u#p.Id=v.PostId,u.Id=p.OwnerUserId,u.Id=b.UserId#p.Score,>,44,p.Score,<,73,p.CommentCount,>,5,p.CommentCount,<,19,u.DownVotes,>,761,u.DownVotes,<,1780,v.CreationDate,>,1288491131,v.CreationDate,<,1376047861,v.VoteTypeId,>,3,v.VoteTypeId,<,10,b.Date,>,1285081812,b.Date,<,1357419763#2904
votes v,posts p,badges b,users u#p.Id=v.PostId,u.Id=p.OwnerUserId,u.Id=b.UserId#p.Score,>,10,p.Score,<,107,p.CommentCount,>,12,p.CommentCount,<,22,u.DownVotes,>,5,u.DownVotes,<,570,v.CreationDate,>,1306759658,v.CreationDate,<,1346828557,v.VoteTypeId,>,1,v.VoteTypeId,<,10,b.Date,>,1407491554,b.Date,<,1410138417#681
votes v,posts p,badges b,users u#p.Id=v.PostId,u.Id=p.OwnerUserId,u.Id=b.UserId#p.Score,>,-16,p.Score,<,140,p.CommentCount,>,0,p.CommentCount,<,28,u.DownVotes,>,311,u.DownVotes,<,1206,v.CreationDate,>,1242599766,v.CreationDate,<,1309671436,v.VoteTypeId,>,4,v.VoteTypeId,<,13,b.Date,>,1344379195,b.Date,<,1394788934#2559
votes v,posts p,badges b,users u#p.Id=v.PostId,u.Id=p.OwnerUserId,u.Id=b.UserId#p.Score,>,41,p.Score,<,153,p.CommentCount,>,19,p.CommentCount,<,23,u.DownVotes,>,36,u.DownVotes,<,242,v.CreationDate,>,1274608722,v.CreationDate,<,1299037382,v.VoteTypeId,>,6,v.VoteTypeId,<,14,b.Date,>,1322901577,b.Date,<,1366237585#61
votes v,posts p,badges b,users u#p.Id=v.PostId,u.Id=p.OwnerUserId,u.Id=b.UserId#p.Score,>,-16,p.Score,<,41,p.CommentCount,>,0,p.CommentCount,<,35,u.DownVotes,>,25,u.DownVotes,<,1834,v.CreationDate,>,1347688304,v.CreationDate,<,1361506101,v.VoteTypeId,>,7,v.VoteTypeId,<,10,b.Date,>,1401971338,b.Date,<,1407282329#138
votes v,posts p,badges b,users u#p.Id=v.PostId,u.Id=p.OwnerUserId,u.Id=b.UserId#p.Score,>,8,p.Score,<,38,p.CommentCount,>,7,p.CommentCount,<,35,u.DownVotes,>,225,u.DownVotes,<,1415,v.CreationDate,>,1289378441,v.CreationDate,<,1308959317,v.VoteTypeId,>,4,v.VoteTypeId,<,12,b.Date,>,1338386310,b.Date,<,1343601599#88
votes v,posts p,badges b,users u#p.Id=v.PostId,u.Id=p.OwnerUserId,u.Id=b.UserId#p.Score,>,6,p.Score,<,124,p.CommentCount,>,3,p.CommentCount,<,44,u.DownVotes,>,523,u.DownVotes,<,1030,v.CreationDate,>,1275520179,v.CreationDate,<,1345851980,v.VoteTypeId,>,7,v.VoteTypeId,<,15,b.Date,>,1296049401,b.Date,<,1379593274#1758
votes v,posts p,badges b,users u#p.Id=v.PostId,u.Id=p.OwnerUserId,u.Id=b.UserId#p.Score,>,42,p.Score,<,140,p.CommentCount,>,13,p.CommentCount,<,30,u.DownVotes,>,157,u.DownVotes,<,1438,v.CreationDate,>,1331006271,v.CreationDate,<,1384323004,v.VoteTypeId,>,1,v.VoteTypeId,<,10,b.Date,>,1327197279,b.Date,<,1337543037#336
votes v,posts p,badges b,users u#p.Id=v.PostId,u.Id=p.OwnerUserId,u.Id=b.UserId#p.Score,>,-5,p.Score,<,180,p.CommentCount,>,16,p.CommentCount,<,28,u.DownVotes,>,532,u.DownVotes,<,1167,v.CreationDate,>,1284628502,v.CreationDate,<,1327659163,v.VoteTypeId,>,7,v.VoteTypeId,<,12,b.Date,>,1329760413,b.Date,<,1383736181#222
votes v,posts p,badges b,users u#p.Id=v.PostId,u.Id=p.OwnerUserId,u.Id=b.UserId#p.Score,>,2,p.Score,<,74,p.CommentCount,>,1,p.CommentCount,<,43,u.DownVotes,>,110,u.DownVotes,<,1092,v.CreationDate,>,1288014170,v.CreationDate,<,1325217733,v.VoteTypeId,>,8,v.VoteTypeId,<,13,b.Date,>,1282306408,b.Date,<,1307418259#933
votes v,posts p,badges b,users u#p.Id=v.PostId,u.Id=p.OwnerUserId,u.Id=b.UserId#p.Score,>,9,p.Score,<,145,p.CommentCount,>,0,p.CommentCount,<,40,u.DownVotes,>,399,u.DownVotes,<,1154,v.CreationDate,>,1255871674,v.CreationDate,<,1392904667,v.VoteTypeId,>,1,v.VoteTypeId,<,15,b.Date,>,1289262464,b.Date,<,1323172234#291411
votes v,posts p,badges b,users u#p.Id=v.PostId,u.Id=p.OwnerUserId,u.Id=b.UserId#p.Score,>,34,p.Score,<,128,p.CommentCount,>,21,p.CommentCount,<,39,u.DownVotes,>,42,u.DownVotes,<,491,v.CreationDate,>,1293158462,v.CreationDate,<,1348260990,v.VoteTypeId,>,1,v.VoteTypeId,<,5,b.Date,>,1305240173,b.Date,<,1381311730#4592
votes v,posts p,badges b,users u#p.Id=v.PostId,u.Id=p.OwnerUserId,u.Id=b.UserId#p.Score,>,33,p.Score,<,150,p.CommentCount,>,0,p.CommentCount,<,22,u.DownVotes,>,720,u.DownVotes,<,1765,v.CreationDate,>,1314401385,v.CreationDate,<,1340755982,v.VoteTypeId,>,2,v.VoteTypeId,<,12,b.Date,>,1293407702,b.Date,<,1401790204#784
votes v,posts p,badges b,users u#p.Id=v.PostId,u.Id=p.OwnerUserId,u.Id=b.UserId#p.Score,>,30,p.Score,<,108,p.CommentCount,>,4,p.CommentCount,<,9,u.DownVotes,>,314,u.DownVotes,<,1737,v.CreationDate,>,1237391233,v.CreationDate,<,1373563902,v.VoteTypeId,>,2,v.VoteTypeId,<,11,b.Date,>,1356918797,b.Date,<,1386112798#1296
votes v,posts p,badges b,users u#p.Id=v.PostId,u.Id=p.OwnerUserId,u.Id=b.UserId#p.Score,>,137,p.Score,<,142,p.CommentCount,>,5,p.CommentCount,<,29,u.DownVotes,>,87,u.DownVotes,<,1863,v.CreationDate,>,1330600871,v.CreationDate,<,1382084427,v.VoteTypeId,>,8,v.VoteTypeId,<,14,b.Date,>,1359938864,b.Date,<,1394156313#84
votes v,posts p,badges b,users u#p.Id=v.PostId,u.Id=p.OwnerUserId,u.Id=b.UserId#p.Score,>,30,p.Score,<,126,p.CommentCount,>,4,p.CommentCount,<,28,u.DownVotes,>,349,u.DownVotes,<,1697,v.CreationDate,>,1258383408,v.CreationDate,<,1378183266,v.VoteTypeId,>,2,v.VoteTypeId,<,9,b.Date,>,1285555699,b.Date,<,1354445313#3262
votes v,posts p,badges b,users u#p.Id=v.PostId,u.Id=p.OwnerUserId,u.Id=b.UserId#p.Score,>,141,p.Score,<,169,p.CommentCount,>,0,p.CommentCount,<,24,u.DownVotes,>,24,u.DownVotes,<,1741,v.CreationDate,>,1239003647,v.CreationDate,<,1333951905,v.VoteTypeId,>,2,v.VoteTypeId,<,14,b.Date,>,1291173512,b.Date,<,1310471640#72
votes v,posts p,badges b,users u#p.Id=v.PostId,u.Id=p.OwnerUserId,u.Id=b.UserId#p.Score,>,3,p.Score,<,139,p.CommentCount,>,17,p.CommentCount,<,29,u.DownVotes,>,62,u.DownVotes,<,1467,v.CreationDate,>,1338340382,v.CreationDate,<,1408542626,v.VoteTypeId,>,7,v.VoteTypeId,<,10,b.Date,>,1299514076,b.Date,<,1390720114#46
votes v,posts p,badges b,users u#p.Id=v.PostId,u.Id=p.OwnerUserId,u.Id=b.UserId#p.Score,>,10,p.Score,<,119,p.CommentCount,>,8,p.CommentCount,<,10,u.DownVotes,>,452,u.DownVotes,<,907,v.CreationDate,>,1294507545,v.CreationDate,<,1306096297,v.VoteTypeId,>,1,v.VoteTypeId,<,8,b.Date,>,1291390510,b.Date,<,1339601180#6075
votes v,posts p,badges b,users u#p.Id=v.PostId,u.Id=p.OwnerUserId,u.Id=b.UserId#p.Score,>,47,p.Score,<,166,p.CommentCount,>,10,p.CommentCount,<,38,u.DownVotes,>,617,u.DownVotes,<,1219,v.CreationDate,>,1261693498,v.CreationDate,<,1407014451,v.VoteTypeId,>,1,v.VoteTypeId,<,3,b.Date,>,1333531185,b.Date,<,1359249858#21896
votes v,posts p,badges b,users u#p.Id=v.PostId,u.Id=p.OwnerUserId,u.Id=b.UserId#p.Score,>,56,p.Score,<,91,p.CommentCount,>,3,p.CommentCount,<,14,u.DownVotes,>,89,u.DownVotes,<,906,v.CreationDate,>,1346624592,v.CreationDate,<,1396348263,v.VoteTypeId,>,2,v.VoteTypeId,<,4,b.Date,>,1322894114,b.Date,<,1345941548#90
votes v,posts p,badges b,users u#p.Id=v.PostId,u.Id=p.OwnerUserId,u.Id=b.UserId#p.Score,>,-14,p.Score,<,41,p.CommentCount,>,4,p.CommentCount,<,26,u.DownVotes,>,140,u.DownVotes,<,1380,v.CreationDate,>,1278633685,v.CreationDate,<,1331450730,v.VoteTypeId,>,1,v.VoteTypeId,<,11,b.Date,>,1387097842,b.Date,<,1389738222#6183
votes v,posts p,badges b,users u#p.Id=v.PostId,u.Id=p.OwnerUserId,u.Id=b.UserId#p.Score,>,77,p.Score,<,189,p.CommentCount,>,5,p.CommentCount,<,15,u.DownVotes,>,3,u.DownVotes,<,764,v.CreationDate,>,1237958424,v.CreationDate,<,1292756626,v.VoteTypeId,>,3,v.VoteTypeId,<,6,b.Date,>,1281714077,b.Date,<,1332113428#950
votes v,posts p,badges b,users u#p.Id=v.PostId,u.Id=p.OwnerUserId,u.Id=b.UserId#p.Score,>,65,p.Score,<,110,p.CommentCount,>,4,p.CommentCount,<,31,u.DownVotes,>,186,u.DownVotes,<,1835,v.CreationDate,>,1313108728,v.CreationDate,<,1408582860,v.VoteTypeId,>,1,v.VoteTypeId,<,4,b.Date,>,1280332864,b.Date,<,1361258299#53652
votes v,posts p,badges b,users u#p.Id=v.PostId,u.Id=p.OwnerUserId,u.Id=b.UserId#p.Score,>,16,p.Score,<,89,p.CommentCount,>,5,p.CommentCount,<,15,u.DownVotes,>,626,u.DownVotes,<,910,v.CreationDate,>,1335088781,v.CreationDate,<,1410418252,v.VoteTypeId,>,2,v.VoteTypeId,<,9,b.Date,>,1356941501,b.Date,<,1364375878#456
votes v,posts p,badges b,users u#p.Id=v.PostId,u.Id=p.OwnerUserId,u.Id=b.UserId#p.Score,>,0,p.Score,<,30,p.CommentCount,>,5,p.CommentCount,<,20,u.DownVotes,>,590,u.DownVotes,<,1298,v.CreationDate,>,1282499864,v.CreationDate,<,1401024790,v.VoteTypeId,>,10,v.VoteTypeId,<,12,b.Date,>,1297457705,b.Date,<,1386433092#317
votes v,posts p,badges b,users u#p.Id=v.PostId,u.Id=p.OwnerUserId,u.Id=b.UserId#p.Score,>,-14,p.Score,<,100,p.CommentCount,>,2,p.CommentCount,<,37,u.DownVotes,>,77,u.DownVotes,<,231,v.CreationDate,>,1233655673,v.CreationDate,<,1279655398,v.VoteTypeId,>,2,v.VoteTypeId,<,8,b.Date,>,1366763743,b.Date,<,1392411820#15
votes v,posts p,badges b,users u#p.Id=v.PostId,u.Id=p.OwnerUserId,u.Id=b.UserId#p.Score,>,-12,p.Score,<,14,p.CommentCount,>,1,p.CommentCount,<,6,u.DownVotes,>,251,u.DownVotes,<,966,v.CreationDate,>,1330396827,v.CreationDate,<,1374246813,v.VoteTypeId,>,2,v.VoteTypeId,<,12,b.Date,>,1345679294,b.Date,<,1375039901#760
votes v,posts p,badges b,users u#p.Id=v.PostId,u.Id=p.OwnerUserId,u.Id=b.UserId#p.Score,>,-8,p.Score,<,107,p.CommentCount,>,5,p.CommentCount,<,10,u.DownVotes,>,220,u.DownVotes,<,1665,v.CreationDate,>,1255004102,v.CreationDate,<,1392652258,v.VoteTypeId,>,4,v.VoteTypeId,<,7,b.Date,>,1325704321,b.Date,<,1342417010#2030
votes v,posts p,badges b,users u#p.Id=v.PostId,u.Id=p.OwnerUserId,u.Id=b.UserId#p.Score,>,-18,p.Score,<,102,p.CommentCount,>,7,p.CommentCount,<,31,u.DownVotes,>,111,u.DownVotes,<,840,v.CreationDate,>,1280435967,v.CreationDate,<,1396336689,v.VoteTypeId,>,6,v.VoteTypeId,<,10,b.Date,>,1283518548,b.Date,<,1341988136#1306
votes v,posts p,badges b,users u#p.Id=v.PostId,u.Id=p.OwnerUserId,u.Id=b.UserId#p.Score,>,-6,p.Score,<,144,p.CommentCount,>,7,p.CommentCount,<,14,u.DownVotes,>,494,u.DownVotes,<,1369,v.CreationDate,>,1259651076,v.CreationDate,<,1355253774,v.VoteTypeId,>,1,v.VoteTypeId,<,10,b.Date,>,1296398293,b.Date,<,1364903665#138532
votes v,posts p,badges b,users u#p.Id=v.PostId,u.Id=p.OwnerUserId,u.Id=b.UserId#p.Score,>,10,p.Score,<,158,p.CommentCount,>,4,p.CommentCount,<,29,u.DownVotes,>,704,u.DownVotes,<,850,v.CreationDate,>,1279008478,v.CreationDate,<,1349212731,v.VoteTypeId,>,2,v.VoteTypeId,<,5,b.Date,>,1279988018,b.Date,<,1360883810#783
votes v,posts p,badges b,users u#p.Id=v.PostId,u.Id=p.OwnerUserId,u.Id=b.UserId#p.Score,>,-13,p.Score,<,112,p.CommentCount,>,4,p.CommentCount,<,29,u.DownVotes,>,432,u.DownVotes,<,822,v.CreationDate,>,1248678103,v.CreationDate,<,1323877656,v.VoteTypeId,>,4,v.VoteTypeId,<,11,b.Date,>,1340914470,b.Date,<,1373028472#1430
votes v,posts p,badges b,users u#p.Id=v.PostId,u.Id=p.OwnerUserId,u.Id=b.UserId#p.Score,>,14,p.Score,<,123,p.CommentCount,>,2,p.CommentCount,<,12,u.DownVotes,>,95,u.DownVotes,<,1367,v.CreationDate,>,1291389010,v.CreationDate,<,1370866058,v.VoteTypeId,>,2,v.VoteTypeId,<,14,b.Date,>,1314272778,b.Date,<,1339659459#3434
votes v,posts p,badges b,users u#p.Id=v.PostId,u.Id=p.OwnerUserId,u.Id=b.UserId#p.Score,>,-14,p.Score,<,56,p.CommentCount,>,1,p.CommentCount,<,38,u.DownVotes,>,487,u.DownVotes,<,1561,v.CreationDate,>,1250812004,v.CreationDate,<,1314412972,v.VoteTypeId,>,7,v.VoteTypeId,<,11,b.Date,>,1320547132,b.Date,<,1395373626#2628
votes v,posts p,badges b,users u#p.Id=v.PostId,u.Id=p.OwnerUserId,u.Id=b.UserId#p.Score,>,6,p.Score,<,62,p.CommentCount,>,0,p.CommentCount,<,42,u.DownVotes,>,245,u.DownVotes,<,1645,v.CreationDate,>,1310421063,v.CreationDate,<,1341195725,v.VoteTypeId,>,1,v.VoteTypeId,<,12,b.Date,>,1347700543,b.Date,<,1396245432#199780
votes v,posts p,badges b,users u#p.Id=v.PostId,u.Id=p.OwnerUserId,u.Id=b.UserId#p.Score,>,45,p.Score,<,133,p.CommentCount,>,7,p.CommentCount,<,35,u.DownVotes,>,400,u.DownVotes,<,1079,v.CreationDate,>,1270996774,v.CreationDate,<,1350832275,v.VoteTypeId,>,1,v.VoteTypeId,<,12,b.Date,>,1343387681,b.Date,<,1348808945#5040
votes v,posts p,badges b,users u#p.Id=v.PostId,u.Id=p.OwnerUserId,u.Id=b.UserId#p.Score,>,-4,p.Score,<,45,p.CommentCount,>,6,p.CommentCount,<,44,u.DownVotes,>,458,u.DownVotes,<,1876,v.CreationDate,>,1264132078,v.CreationDate,<,1347759421,v.VoteTypeId,>,2,v.VoteTypeId,<,15,b.Date,>,1300440142,b.Date,<,1329070787#1008
votes v,posts p,badges b,users u#p.Id=v.PostId,u.Id=p.OwnerUserId,u.Id=b.UserId#p.Score,>,113,p.Score,<,151,p.CommentCount,>,0,p.CommentCount,<,32,u.DownVotes,>,701,u.DownVotes,<,788,v.CreationDate,>,1297503713,v.CreationDate,<,1322593332,v.VoteTypeId,>,1,v.VoteTypeId,<,6,b.Date,>,1306723946,b.Date,<,1349186462#3696
votes v,posts p,badges b,users u#p.Id=v.PostId,u.Id=p.OwnerUserId,u.Id=b.UserId#p.Score,>,34,p.Score,<,97,p.CommentCount,>,5,p.CommentCount,<,27,u.DownVotes,>,511,u.DownVotes,<,1240,v.CreationDate,>,1237605481,v.CreationDate,<,1363206572,v.VoteTypeId,>,1,v.VoteTypeId,<,15,b.Date,>,1311441745,b.Date,<,1348729575#59302
votes v,posts p,badges b,users u#p.Id=v.PostId,u.Id=p.OwnerUserId,u.Id=b.UserId#p.Score,>,31,p.Score,<,71,p.CommentCount,>,2,p.CommentCount,<,29,u.DownVotes,>,68,u.DownVotes,<,122,v.CreationDate,>,1309540832,v.CreationDate,<,1376629183,v.VoteTypeId,>,1,v.VoteTypeId,<,9,b.Date,>,1330317177,b.Date,<,1361646119#4107
votes v,posts p,badges b,users u#p.Id=v.PostId,u.Id=p.OwnerUserId,u.Id=b.UserId#p.Score,>,5,p.Score,<,42,p.CommentCount,>,4,p.CommentCount,<,40,u.DownVotes,>,108,u.DownVotes,<,750,v.CreationDate,>,1258087482,v.CreationDate,<,1347532417,v.VoteTypeId,>,6,v.VoteTypeId,<,9,b.Date,>,1283353105,b.Date,<,1284582276#1
votes v,posts p,badges b,users u#p.Id=v.PostId,u.Id=p.OwnerUserId,u.Id=b.UserId#p.Score,>,1,p.Score,<,129,p.CommentCount,>,10,p.CommentCount,<,21,u.DownVotes,>,158,u.DownVotes,<,568,v.CreationDate,>,1286662678,v.CreationDate,<,1307962763,v.VoteTypeId,>,1,v.VoteTypeId,<,10,b.Date,>,1367995081,b.Date,<,1382246684#790
votes v,posts p,badges b,users u#p.Id=v.PostId,u.Id=p.OwnerUserId,u.Id=b.UserId#p.Score,>,-7,p.Score,<,83,p.CommentCount,>,14,p.CommentCount,<,24,u.DownVotes,>,198,u.DownVotes,<,1398,v.CreationDate,>,1254575530,v.CreationDate,<,1317302016,v.VoteTypeId,>,8,v.VoteTypeId,<,12,b.Date,>,1368757472,b.Date,<,1390742168#107
votes v,posts p,badges b,users u#p.Id=v.PostId,u.Id=p.OwnerUserId,u.Id=b.UserId#p.Score,>,24,p.Score,<,110,p.CommentCount,>,5,p.CommentCount,<,39,u.DownVotes,>,247,u.DownVotes,<,1806,v.CreationDate,>,1252016216,v.CreationDate,<,1358309965,v.VoteTypeId,>,2,v.VoteTypeId,<,14,b.Date,>,1281769545,b.Date,<,1378420245#3270
votes v,posts p,badges b,users u#p.Id=v.PostId,u.Id=p.OwnerUserId,u.Id=b.UserId#p.Score,>,-15,p.Score,<,94,p.CommentCount,>,5,p.CommentCount,<,22,u.DownVotes,>,366,u.DownVotes,<,939,v.CreationDate,>,1240308613,v.CreationDate,<,1393424470,v.VoteTypeId,>,5,v.VoteTypeId,<,15,b.Date,>,1323185667,b.Date,<,1384731603#2375
votes v,posts p,badges b,users u#p.Id=v.PostId,u.Id=p.OwnerUserId,u.Id=b.UserId#p.Score,>,-7,p.Score,<,116,p.CommentCount,>,8,p.CommentCount,<,16,u.DownVotes,>,748,u.DownVotes,<,1912,v.CreationDate,>,1361434695,v.CreationDate,<,1393974783,v.VoteTypeId,>,2,v.VoteTypeId,<,5,b.Date,>,1293810097,b.Date,<,1313418828#54
votes v,posts p,badges b,users u#p.Id=v.PostId,u.Id=p.OwnerUserId,u.Id=b.UserId#p.Score,>,3,p.Score,<,149,p.CommentCount,>,6,p.CommentCount,<,37,u.DownVotes,>,420,u.DownVotes,<,1255,v.CreationDate,>,1266563203,v.CreationDate,<,1317652539,v.VoteTypeId,>,1,v.VoteTypeId,<,4,b.Date,>,1339263089,b.Date,<,1404739372#112280
votes v,posts p,badges b,users u#p.Id=v.PostId,u.Id=p.OwnerUserId,u.Id=b.UserId#p.Score,>,-11,p.Score,<,182,p.CommentCount,>,8,p.CommentCount,<,11,u.DownVotes,>,203,u.DownVotes,<,1883,v.CreationDate,>,1348647021,v.CreationDate,<,1406449591,v.VoteTypeId,>,2,v.VoteTypeId,<,8,b.Date,>,1352876110,b.Date,<,1385287442#112
votes v,posts p,badges b,users u#p.Id=v.PostId,u.Id=p.OwnerUserId,u.Id=b.UserId#p.Score,>,-17,p.Score,<,62,p.CommentCount,>,6,p.CommentCount,<,13,u.DownVotes,>,609,u.DownVotes,<,1446,v.CreationDate,>,1324283635,v.CreationDate,<,1381043012,v.VoteTypeId,>,5,v.VoteTypeId,<,13,b.Date,>,1286742307,b.Date,<,1295572524#26
votes v,posts p,badges b,users u#p.Id=v.PostId,u.Id=p.OwnerUserId,u.Id=b.UserId#p.Score,>,-5,p.Score,<,88,p.CommentCount,>,8,p.CommentCount,<,20,u.DownVotes,>,511,u.DownVotes,<,958,v.CreationDate,>,1243486421,v.CreationDate,<,1345970444,v.VoteTypeId,>,5,v.VoteTypeId,<,11,b.Date,>,1285782013,b.Date,<,1386175542#348
votes v,posts p,badges b,users u#p.Id=v.PostId,u.Id=p.OwnerUserId,u.Id=b.UserId#p.Score,>,5,p.Score,<,130,p.CommentCount,>,17,p.CommentCount,<,27,u.DownVotes,>,103,u.DownVotes,<,349,v.CreationDate,>,1236363044,v.CreationDate,<,1306938949,v.VoteTypeId,>,5,v.VoteTypeId,<,11,b.Date,>,1339952024,b.Date,<,1389318822#46
votes v,posts p,badges b,users u#p.Id=v.PostId,u.Id=p.OwnerUserId,u.Id=b.UserId#p.Score,>,19,p.Score,<,184,p.CommentCount,>,15,p.CommentCount,<,36,u.DownVotes,>,40,u.DownVotes,<,820,v.CreationDate,>,1298103336,v.CreationDate,<,1359055770,v.VoteTypeId,>,1,v.VoteTypeId,<,9,b.Date,>,1305677170,b.Date,<,1373761963#14487
votes v,posts p,badges b,users u#p.Id=v.PostId,u.Id=p.OwnerUserId,u.Id=b.UserId#p.Score,>,-15,p.Score,<,107,p.CommentCount,>,4,p.CommentCount,<,13,u.DownVotes,>,13,u.DownVotes,<,1275,v.CreationDate,>,1243765571,v.CreationDate,<,1303227483,v.VoteTypeId,>,9,v.VoteTypeId,<,13,b.Date,>,1283018435,b.Date,<,1288877159#63
votes v,posts p,badges b,users u#p.Id=v.PostId,u.Id=p.OwnerUserId,u.Id=b.UserId#p.Score,>,-8,p.Score,<,149,p.CommentCount,>,8,p.CommentCount,<,20,u.DownVotes,>,68,u.DownVotes,<,519,v.CreationDate,>,1374504836,v.CreationDate,<,1386591775,v.VoteTypeId,>,1,v.VoteTypeId,<,8,b.Date,>,1307057149,b.Date,<,1389205279#31220
votes v,posts p,badges b,users u#p.Id=v.PostId,u.Id=p.OwnerUserId,u.Id=b.UserId#p.Score,>,42,p.Score,<,73,p.CommentCount,>,4,p.CommentCount,<,13,u.DownVotes,>,620,u.DownVotes,<,1896,v.CreationDate,>,1240608742,v.CreationDate,<,1352060166,v.VoteTypeId,>,3,v.VoteTypeId,<,11,b.Date,>,1303694849,b.Date,<,1307269022#42
votes v,posts p,badges b,users u#p.Id=v.PostId,u.Id=p.OwnerUserId,u.Id=b.UserId#p.Score,>,32,p.Score,<,40,p.CommentCount,>,0,p.CommentCount,<,43,u.DownVotes,>,127,u.DownVotes,<,1017,v.CreationDate,>,1313676290,v.CreationDate,<,1406821141,v.VoteTypeId,>,2,v.VoteTypeId,<,11,b.Date,>,1280419131,b.Date,<,1388817813#152
votes v,posts p,badges b,users u#p.Id=v.PostId,u.Id=p.OwnerUserId,u.Id=b.UserId#p.Score,>,2,p.Score,<,18,p.CommentCount,>,1,p.CommentCount,<,27,u.DownVotes,>,94,u.DownVotes,<,1230,v.CreationDate,>,1285821849,v.CreationDate,<,1333919784,v.VoteTypeId,>,6,v.VoteTypeId,<,15,b.Date,>,1314596739,b.Date,<,1322082220#383
votes v,posts p,badges b,users u#p.Id=v.PostId,u.Id=p.OwnerUserId,u.Id=b.UserId#p.Score,>,-18,p.Score,<,100,p.CommentCount,>,19,p.CommentCount,<,21,u.DownVotes,>,300,u.DownVotes,<,1063,v.CreationDate,>,1299955105,v.CreationDate,<,1358612698,v.VoteTypeId,>,1,v.VoteTypeId,<,7,b.Date,>,1304967650,b.Date,<,1324055636#540
votes v,posts p,badges b,users u#p.Id=v.PostId,u.Id=p.OwnerUserId,u.Id=b.UserId#p.Score,>,-17,p.Score,<,67,p.CommentCount,>,12,p.CommentCount,<,22,u.DownVotes,>,730,u.DownVotes,<,896,v.CreationDate,>,1303615774,v.CreationDate,<,1373882922,v.VoteTypeId,>,5,v.VoteTypeId,<,13,b.Date,>,1364014499,b.Date,<,1375408799#42
votes v,posts p,badges b,users u#p.Id=v.PostId,u.Id=p.OwnerUserId,u.Id=b.UserId#p.Score,>,7,p.Score,<,116,p.CommentCount,>,3,p.CommentCount,<,41,u.DownVotes,>,307,u.DownVotes,<,1189,v.CreationDate,>,1343799271,v.CreationDate,<,1366048047,v.VoteTypeId,>,7,v.VoteTypeId,<,13,b.Date,>,1338770691,b.Date,<,1350061387#63
votes v,posts p,badges b,users u#p.Id=v.PostId,u.Id=p.OwnerUserId,u.Id=b.UserId#p.Score,>,9,p.Score,<,141,p.CommentCount,>,2,p.CommentCount,<,25,u.DownVotes,>,91,u.DownVotes,<,1121,v.CreationDate,>,1326462520,v.CreationDate,<,1372381515,v.VoteTypeId,>,6,v.VoteTypeId,<,10,b.Date,>,1308892726,b.Date,<,1372411535#611
votes v,posts p,badges b,users u#p.Id=v.PostId,u.Id=p.OwnerUserId,u.Id=b.UserId#p.Score,>,24,p.Score,<,137,p.CommentCount,>,0,p.CommentCount,<,20,u.DownVotes,>,4,u.DownVotes,<,1168,v.CreationDate,>,1271166417,v.CreationDate,<,1332756753,v.VoteTypeId,>,1,v.VoteTypeId,<,4,b.Date,>,1349977313,b.Date,<,1356639137#25887
votes v,posts p,badges b,users u#p.Id=v.PostId,u.Id=p.OwnerUserId,u.Id=b.UserId#p.Score,>,100,p.Score,<,185,p.CommentCount,>,6,p.CommentCount,<,39,u.DownVotes,>,231,u.DownVotes,<,1283,v.CreationDate,>,1342918953,v.CreationDate,<,1382956068,v.VoteTypeId,>,1,v.VoteTypeId,<,9,b.Date,>,1324834801,b.Date,<,1348118928#4214
votes v,posts p,badges b,users u#p.Id=v.PostId,u.Id=p.OwnerUserId,u.Id=b.UserId#p.Score,>,37,p.Score,<,151,p.CommentCount,>,4,p.CommentCount,<,22,u.DownVotes,>,627,u.DownVotes,<,1405,v.CreationDate,>,1346762340,v.CreationDate,<,1357522264,v.VoteTypeId,>,3,v.VoteTypeId,<,14,b.Date,>,1379241235,b.Date,<,1383194983#119
votes v,posts p,badges b,users u#p.Id=v.PostId,u.Id=p.OwnerUserId,u.Id=b.UserId#p.Score,>,-3,p.Score,<,168,p.CommentCount,>,2,p.CommentCount,<,6,u.DownVotes,>,184,u.DownVotes,<,738,v.CreationDate,>,1268708035,v.CreationDate,<,1344395875,v.VoteTypeId,>,2,v.VoteTypeId,<,11,b.Date,>,1285407402,b.Date,<,1387135582#4118
votes v,posts p,badges b,users u#p.Id=v.PostId,u.Id=p.OwnerUserId,u.Id=b.UserId#p.Score,>,47,p.Score,<,95,p.CommentCount,>,4,p.CommentCount,<,33,u.DownVotes,>,0,u.DownVotes,<,1528,v.CreationDate,>,1292175206,v.CreationDate,<,1364512988,v.VoteTypeId,>,4,v.VoteTypeId,<,8,b.Date,>,1358220060,b.Date,<,1403201536#3243
votes v,posts p,badges b,users u#p.Id=v.PostId,u.Id=p.OwnerUserId,u.Id=b.UserId#p.Score,>,-1,p.Score,<,96,p.CommentCount,>,9,p.CommentCount,<,31,u.DownVotes,>,685,u.DownVotes,<,1576,v.CreationDate,>,1248304403,v.CreationDate,<,1370366761,v.VoteTypeId,>,7,v.VoteTypeId,<,15,b.Date,>,1280146534,b.Date,<,1390790986#740
votes v,posts p,badges b,users u#p.Id=v.PostId,u.Id=p.OwnerUserId,u.Id=b.UserId#p.Score,>,16,p.Score,<,28,p.CommentCount,>,8,p.CommentCount,<,36,u.DownVotes,>,281,u.DownVotes,<,572,v.CreationDate,>,1302748751,v.CreationDate,<,1378608545,v.VoteTypeId,>,1,v.VoteTypeId,<,7,b.Date,>,1400539496,b.Date,<,1409288830#128
votes v,posts p,badges b,users u#p.Id=v.PostId,u.Id=p.OwnerUserId,u.Id=b.UserId#p.Score,>,43,p.Score,<,78,p.CommentCount,>,0,p.CommentCount,<,41,u.DownVotes,>,660,u.DownVotes,<,1706,v.CreationDate,>,1291902475,v.CreationDate,<,1364880934,v.VoteTypeId,>,3,v.VoteTypeId,<,14,b.Date,>,1289650438,b.Date,<,1300372121#240
votes v,posts p,badges b,users u#p.Id=v.PostId,u.Id=p.OwnerUserId,u.Id=b.UserId#p.Score,>,32,p.Score,<,102,p.CommentCount,>,7,p.CommentCount,<,27,u.DownVotes,>,17,u.DownVotes,<,725,v.CreationDate,>,1287552864,v.CreationDate,<,1290538283,v.VoteTypeId,>,2,v.VoteTypeId,<,15,b.Date,>,1304237961,b.Date,<,1308463873#20
votes v,posts p,badges b,users u#p.Id=v.PostId,u.Id=p.OwnerUserId,u.Id=b.UserId#p.Score,>,32,p.Score,<,151,p.CommentCount,>,5,p.CommentCount,<,42,u.DownVotes,>,341,u.DownVotes,<,982,v.CreationDate,>,1303124721,v.CreationDate,<,1401868064,v.VoteTypeId,>,1,v.VoteTypeId,<,14,b.Date,>,1326552117,b.Date,<,1349017537#77724
votes v,posts p,badges b,users u#p.Id=v.PostId,u.Id=p.OwnerUserId,u.Id=b.UserId#p.Score,>,63,p.Score,<,109,p.CommentCount,>,1,p.CommentCount,<,38,u.DownVotes,>,36,u.DownVotes,<,1480,v.CreationDate,>,1287477980,v.CreationDate,<,1388312756,v.VoteTypeId,>,1,v.VoteTypeId,<,12,b.Date,>,1294909299,b.Date,<,1379016653#112326
votes v,posts p,badges b,users u#p.Id=v.PostId,u.Id=p.OwnerUserId,u.Id=b.UserId#p.Score,>,47,p.Score,<,112,p.CommentCount,>,3,p.CommentCount,<,24,u.DownVotes,>,692,u.DownVotes,<,1543,v.CreationDate,>,1271693356,v.CreationDate,<,1370960482,v.VoteTypeId,>,4,v.VoteTypeId,<,12,b.Date,>,1385991181,b.Date,<,1392696243#290
votes v,posts p,badges b,users u#p.Id=v.PostId,u.Id=p.OwnerUserId,u.Id=b.UserId#p.Score,>,34,p.Score,<,85,p.CommentCount,>,3,p.CommentCount,<,41,u.DownVotes,>,37,u.DownVotes,<,939,v.CreationDate,>,1312105453,v.CreationDate,<,1342502562,v.VoteTypeId,>,2,v.VoteTypeId,<,8,b.Date,>,1295263818,b.Date,<,1376294940#3208
votes v,posts p,badges b,users u#p.Id=v.PostId,u.Id=p.OwnerUserId,u.Id=b.UserId#p.Score,>,71,p.Score,<,147,p.CommentCount,>,7,p.CommentCount,<,16,u.DownVotes,>,590,u.DownVotes,<,1626,v.CreationDate,>,1326097412,v.CreationDate,<,1377277506,v.VoteTypeId,>,1,v.VoteTypeId,<,6,b.Date,>,1299330283,b.Date,<,1353413679#20384
votes v,posts p,badges b,users u#p.Id=v.PostId,u.Id=p.OwnerUserId,u.Id=b.UserId#p.Score,>,5,p.Score,<,143,p.CommentCount,>,0,p.CommentCount,<,26,u.DownVotes,>,653,u.DownVotes,<,1885,v.CreationDate,>,1304020874,v.CreationDate,<,1342462457,v.VoteTypeId,>,4,v.VoteTypeId,<,15,b.Date,>,1365088914,b.Date,<,1372904640#180
votes v,posts p,badges b,users u#p.Id=v.PostId,u.Id=p.OwnerUserId,u.Id=b.UserId#p.Score,>,66,p.Score,<,114,p.CommentCount,>,8,p.CommentCount,<,33,u.DownVotes,>,718,u.DownVotes,<,1019,v.CreationDate,>,1281794100,v.CreationDate,<,1309605398,v.VoteTypeId,>,1,v.VoteTypeId,<,8,b.Date,>,1352767536,b.Date,<,1384470669#2090
votes v,posts p,badges b,users u#p.Id=v.PostId,u.Id=p.OwnerUserId,u.Id=b.UserId#p.Score,>,5,p.Score,<,91,p.CommentCount,>,5,p.CommentCount,<,22,u.DownVotes,>,227,u.DownVotes,<,1735,v.CreationDate,>,1255991000,v.CreationDate,<,1318926773,v.VoteTypeId,>,2,v.VoteTypeId,<,9,b.Date,>,1288626370,b.Date,<,1399120391#3160
votes v,posts p,badges b,users u#p.Id=v.PostId,u.Id=p.OwnerUserId,u.Id=b.UserId#p.Score,>,54,p.Score,<,171,p.CommentCount,>,4,p.CommentCount,<,40,u.DownVotes,>,391,u.DownVotes,<,1841,v.CreationDate,>,1303699360,v.CreationDate,<,1363864964,v.VoteTypeId,>,1,v.VoteTypeId,<,9,b.Date,>,1291913832,b.Date,<,1409790271#111540
votes v,posts p,badges b,users u#p.Id=v.PostId,u.Id=p.OwnerUserId,u.Id=b.UserId#p.Score,>,-18,p.Score,<,16,p.CommentCount,>,10,p.CommentCount,<,28,u.DownVotes,>,765,u.DownVotes,<,1213,v.CreationDate,>,1315476645,v.CreationDate,<,1360162400,v.VoteTypeId,>,1,v.VoteTypeId,<,5,b.Date,>,1299436257,b.Date,<,1395146039#24637
votes v,posts p,badges b,users u#p.Id=v.PostId,u.Id=p.OwnerUserId,u.Id=b.UserId#p.Score,>,-17,p.Score,<,86,p.CommentCount,>,2,p.CommentCount,<,18,u.DownVotes,>,290,u.DownVotes,<,604,v.CreationDate,>,1245796526,v.CreationDate,<,1338204725,v.VoteTypeId,>,1,v.VoteTypeId,<,5,b.Date,>,1310745651,b.Date,<,1352843636#35819
votes v,posts p,badges b,users u#p.Id=v.PostId,u.Id=p.OwnerUserId,u.Id=b.UserId#p.Score,>,-15,p.Score,<,108,p.CommentCount,>,30,p.CommentCount,<,38,u.DownVotes,>,242,u.DownVotes,<,1397,v.CreationDate,>,1282804536,v.CreationDate,<,1353751830,v.VoteTypeId,>,1,v.VoteTypeId,<,10,b.Date,>,1385903629,b.Date,<,1409601828#264
votes v,posts p,badges b,users u#p.Id=v.PostId,u.Id=p.OwnerUserId,u.Id=b.UserId#p.Score,>,-16,p.Score,<,164,p.CommentCount,>,10,p.CommentCount,<,43,u.DownVotes,>,203,u.DownVotes,<,915,v.CreationDate,>,1355004099,v.CreationDate,<,1408335990,v.VoteTypeId,>,4,v.VoteTypeId,<,10,b.Date,>,1284529491,b.Date,<,1332294385#308
votes v,posts p,badges b,users u#p.Id=v.PostId,u.Id=p.OwnerUserId,u.Id=b.UserId#p.Score,>,134,p.Score,<,165,p.CommentCount,>,7,p.CommentCount,<,17,u.DownVotes,>,68,u.DownVotes,<,1671,v.CreationDate,>,1237072166,v.CreationDate,<,1351175299,v.VoteTypeId,>,1,v.VoteTypeId,<,14,b.Date,>,1333371604,b.Date,<,1392852814#4524
votes v,posts p,badges b,users u#p.Id=v.PostId,u.Id=p.OwnerUserId,u.Id=b.UserId#p.Score,>,21,p.Score,<,79,p.CommentCount,>,2,p.CommentCount,<,9,u.DownVotes,>,103,u.DownVotes,<,1484,v.CreationDate,>,1247732088,v.CreationDate,<,1314558633,v.VoteTypeId,>,2,v.VoteTypeId,<,4,b.Date,>,1308115828,b.Date,<,1315882481#41
votes v,posts p,badges b,users u#p.Id=v.PostId,u.Id=p.OwnerUserId,u.Id=b.UserId#p.Score,>,1,p.Score,<,16,p.CommentCount,>,15,p.CommentCount,<,22,u.DownVotes,>,5,u.DownVotes,<,1579,v.CreationDate,>,1252819374,v.CreationDate,<,1359346104,v.VoteTypeId,>,7,v.VoteTypeId,<,11,b.Date,>,1387347967,b.Date,<,1398307254#45
votes v,posts p,badges b,users u#p.Id=v.PostId,u.Id=p.OwnerUserId,u.Id=b.UserId#p.Score,>,33,p.Score,<,134,p.CommentCount,>,3,p.CommentCount,<,35,u.DownVotes,>,120,u.DownVotes,<,618,v.CreationDate,>,1296829213,v.CreationDate,<,1340586509,v.VoteTypeId,>,2,v.VoteTypeId,<,14,b.Date,>,1314528997,b.Date,<,1338024757#68
votes v,posts p,badges b,users u#p.Id=v.PostId,u.Id=p.OwnerUserId,u.Id=b.UserId#p.Score,>,17,p.Score,<,184,p.CommentCount,>,2,p.CommentCount,<,20,u.DownVotes,>,114,u.DownVotes,<,696,v.CreationDate,>,1280536420,v.CreationDate,<,1401711413,v.VoteTypeId,>,3,v.VoteTypeId,<,10,b.Date,>,1305687149,b.Date,<,1366616831#7278
votes v,posts p,badges b,users u#p.Id=v.PostId,u.Id=p.OwnerUserId,u.Id=b.UserId#p.Score,>,-7,p.Score,<,77,p.CommentCount,>,9,p.CommentCount,<,27,u.DownVotes,>,287,u.DownVotes,<,849,v.CreationDate,>,1282278027,v.CreationDate,<,1294781243,v.VoteTypeId,>,1,v.VoteTypeId,<,5,b.Date,>,1290694758,b.Date,<,1352113431#4536
votes v,posts p,badges b,users u#p.Id=v.PostId,u.Id=p.OwnerUserId,u.Id=b.UserId#p.Score,>,-11,p.Score,<,116,p.CommentCount,>,5,p.CommentCount,<,18,u.DownVotes,>,475,u.DownVotes,<,1029,v.CreationDate,>,1285936828,v.CreationDate,<,1294835741,v.VoteTypeId,>,7,v.VoteTypeId,<,14,b.Date,>,1332893667,b.Date,<,1371899628#477
votes v,posts p,badges b,users u#p.Id=v.PostId,u.Id=p.OwnerUserId,u.Id=b.UserId#p.Score,>,0,p.Score,<,74,p.CommentCount,>,10,p.CommentCount,<,43,u.DownVotes,>,32,u.DownVotes,<,1085,v.CreationDate,>,1321222410,v.CreationDate,<,1390377201,v.VoteTypeId,>,4,v.VoteTypeId,<,11,b.Date,>,1314463524,b.Date,<,1333127697#782
votes v,posts p,badges b,users u#p.Id=v.PostId,u.Id=p.OwnerUserId,u.Id=b.UserId#p.Score,>,109,p.Score,<,173,p.CommentCount,>,9,p.CommentCount,<,24,u.DownVotes,>,616,u.DownVotes,<,825,v.CreationDate,>,1290200669,v.CreationDate,<,1331174407,v.VoteTypeId,>,1,v.VoteTypeId,<,5,b.Date,>,1315545885,b.Date,<,1350677775#5217
votes v,posts p,badges b,users u#p.Id=v.PostId,u.Id=p.OwnerUserId,u.Id=b.UserId#p.Score,>,15,p.Score,<,50,p.CommentCount,>,4,p.CommentCount,<,18,u.DownVotes,>,42,u.DownVotes,<,385,v.CreationDate,>,1278457553,v.CreationDate,<,1364261839,v.VoteTypeId,>,1,v.VoteTypeId,<,14,b.Date,>,1364218337,b.Date,<,1395620160#54145
votes v,posts p,badges b,users u#p.Id=v.PostId,u.Id=p.OwnerUserId,u.Id=b.UserId#p.Score,>,6,p.Score,<,95,p.CommentCount,>,9,p.CommentCount,<,44,u.DownVotes,>,671,u.DownVotes,<,929,v.CreationDate,>,1276095366,v.CreationDate,<,1395686489,v.VoteTypeId,>,4,v.VoteTypeId,<,14,b.Date,>,1297933737,b.Date,<,1338576568#224
votes v,posts p,badges b,users u#p.Id=v.PostId,u.Id=p.OwnerUserId,u.Id=b.UserId#p.Score,>,-6,p.Score,<,15,p.CommentCount,>,2,p.CommentCount,<,39,u.DownVotes,>,177,u.DownVotes,<,566,v.CreationDate,>,1366747001,v.CreationDate,<,1385204595,v.VoteTypeId,>,1,v.VoteTypeId,<,14,b.Date,>,1281730026,b.Date,<,1377922544#27501
votes v,posts p,badges b,users u#p.Id=v.PostId,u.Id=p.OwnerUserId,u.Id=b.UserId#p.Score,>,3,p.Score,<,69,p.CommentCount,>,11,p.CommentCount,<,37,u.DownVotes,>,463,u.DownVotes,<,1638,v.CreationDate,>,1235008491,v.CreationDate,<,1382381668,v.VoteTypeId,>,1,v.VoteTypeId,<,11,b.Date,>,1293006007,b.Date,<,1397220150#88191
votes v,posts p,badges b,users u#p.Id=v.PostId,u.Id=p.OwnerUserId,u.Id=b.UserId#p.Score,>,-16,p.Score,<,158,p.CommentCount,>,12,p.CommentCount,<,38,u.DownVotes,>,386,u.DownVotes,<,1013,v.CreationDate,>,1242610394,v.CreationDate,<,1359406752,v.VoteTypeId,>,3,v.VoteTypeId,<,11,b.Date,>,1344456782,b.Date,<,1378403392#129
votes v,posts p,badges b,users u#p.Id=v.PostId,u.Id=p.OwnerUserId,u.Id=b.UserId#p.Score,>,-8,p.Score,<,42,p.CommentCount,>,7,p.CommentCount,<,21,u.DownVotes,>,2,u.DownVotes,<,376,v.CreationDate,>,1249903709,v.CreationDate,<,1388247718,v.VoteTypeId,>,8,v.VoteTypeId,<,11,b.Date,>,1338285922,b.Date,<,1363477838#470
votes v,posts p,badges b,users u#p.Id=v.PostId,u.Id=p.OwnerUserId,u.Id=b.UserId#p.Score,>,39,p.Score,<,48,p.CommentCount,>,19,p.CommentCount,<,23,u.DownVotes,>,22,u.DownVotes,<,865,v.CreationDate,>,1273572442,v.CreationDate,<,1305478650,v.VoteTypeId,>,1,v.VoteTypeId,<,9,b.Date,>,1315947684,b.Date,<,1371282140#781
votes v,posts p,badges b,users u#p.Id=v.PostId,u.Id=p.OwnerUserId,u.Id=b.UserId#p.Score,>,-7,p.Score,<,35,p.CommentCount,>,13,p.CommentCount,<,36,u.DownVotes,>,400,u.DownVotes,<,1102,v.CreationDate,>,1353844032,v.CreationDate,<,1368317892,v.VoteTypeId,>,1,v.VoteTypeId,<,5,b.Date,>,1375263468,b.Date,<,1381351912#413
votes v,posts p,badges b,users u#p.Id=v.PostId,u.Id=p.OwnerUserId,u.Id=b.UserId#p.Score,>,-12,p.Score,<,143,p.CommentCount,>,1,p.CommentCount,<,38,u.DownVotes,>,376,u.DownVotes,<,541,v.CreationDate,>,1318120159,v.CreationDate,<,1330574018,v.VoteTypeId,>,1,v.VoteTypeId,<,9,b.Date,>,1340830593,b.Date,<,1383116810#4556
votes v,posts p,badges b,users u#p.Id=v.PostId,u.Id=p.OwnerUserId,u.Id=b.UserId#p.Score,>,21,p.Score,<,67,p.CommentCount,>,0,p.CommentCount,<,6,u.DownVotes,>,52,u.DownVotes,<,898,v.CreationDate,>,1311856759,v.CreationDate,<,1383347605,v.VoteTypeId,>,2,v.VoteTypeId,<,7,b.Date,>,1284861786,b.Date,<,1286373572#157
votes v,posts p,badges b,users u#p.Id=v.PostId,u.Id=p.OwnerUserId,u.Id=b.UserId#p.Score,>,4,p.Score,<,41,p.CommentCount,>,8,p.CommentCount,<,26,u.DownVotes,>,185,u.DownVotes,<,683,v.CreationDate,>,1288618064,v.CreationDate,<,1312576372,v.VoteTypeId,>,1,v.VoteTypeId,<,12,b.Date,>,1377776694,b.Date,<,1387393837#634
votes v,posts p,badges b,users u#p.Id=v.PostId,u.Id=p.OwnerUserId,u.Id=b.UserId#p.Score,>,-9,p.Score,<,162,p.CommentCount,>,11,p.CommentCount,<,15,u.DownVotes,>,81,u.DownVotes,<,1609,v.CreationDate,>,1301611497,v.CreationDate,<,1404208922,v.VoteTypeId,>,4,v.VoteTypeId,<,7,b.Date,>,1350220142,b.Date,<,1393302089#251
votes v,posts p,badges b,users u#p.Id=v.PostId,u.Id=p.OwnerUserId,u.Id=b.UserId#p.Score,>,-10,p.Score,<,66,p.CommentCount,>,13,p.CommentCount,<,17,u.DownVotes,>,123,u.DownVotes,<,1830,v.CreationDate,>,1241548024,v.CreationDate,<,1311712882,v.VoteTypeId,>,1,v.VoteTypeId,<,4,b.Date,>,1360666392,b.Date,<,1393837473#2624
votes v,posts p,badges b,users u#p.Id=v.PostId,u.Id=p.OwnerUserId,u.Id=b.UserId#p.Score,>,5,p.Score,<,139,p.CommentCount,>,0,p.CommentCount,<,3,u.DownVotes,>,681,u.DownVotes,<,1792,v.CreationDate,>,1259590414,v.CreationDate,<,1350311555,v.VoteTypeId,>,5,v.VoteTypeId,<,12,b.Date,>,1314822079,b.Date,<,1356400263#318
votes v,posts p,badges b,users u#p.Id=v.PostId,u.Id=p.OwnerUserId,u.Id=b.UserId#p.Score,>,-7,p.Score,<,70,p.CommentCount,>,18,p.CommentCount,<,30,u.DownVotes,>,465,u.DownVotes,<,1423,v.CreationDate,>,1296231136,v.CreationDate,<,1404907602,v.VoteTypeId,>,8,v.VoteTypeId,<,14,b.Date,>,1336327253,b.Date,<,1379426604#189
votes v,posts p,badges b,users u#p.Id=v.PostId,u.Id=p.OwnerUserId,u.Id=b.UserId#p.Score,>,87,p.Score,<,170,p.CommentCount,>,4,p.CommentCount,<,16,u.DownVotes,>,105,u.DownVotes,<,421,v.CreationDate,>,1290791055,v.CreationDate,<,1363601456,v.VoteTypeId,>,1,v.VoteTypeId,<,13,b.Date,>,1316550922,b.Date,<,1345366903#6868
votes v,posts p,badges b,users u#p.Id=v.PostId,u.Id=p.OwnerUserId,u.Id=b.UserId#p.Score,>,66,p.Score,<,160,p.CommentCount,>,7,p.CommentCount,<,31,u.DownVotes,>,660,u.DownVotes,<,1781,v.CreationDate,>,1295258087,v.CreationDate,<,1381424091,v.VoteTypeId,>,1,v.VoteTypeId,<,9,b.Date,>,1336547426,b.Date,<,1365532186#26600
votes v,posts p,badges b,users u#p.Id=v.PostId,u.Id=p.OwnerUserId,u.Id=b.UserId#p.Score,>,-5,p.Score,<,37,p.CommentCount,>,7,p.CommentCount,<,16,u.DownVotes,>,513,u.DownVotes,<,922,v.CreationDate,>,1294479236,v.CreationDate,<,1354962748,v.VoteTypeId,>,3,v.VoteTypeId,<,15,b.Date,>,1316109457,b.Date,<,1350531537#280
votes v,posts p,badges b,users u#p.Id=v.PostId,u.Id=p.OwnerUserId,u.Id=b.UserId#p.Score,>,43,p.Score,<,79,p.CommentCount,>,3,p.CommentCount,<,19,u.DownVotes,>,169,u.DownVotes,<,339,v.CreationDate,>,1272659521,v.CreationDate,<,1343209698,v.VoteTypeId,>,1,v.VoteTypeId,<,13,b.Date,>,1292221693,b.Date,<,1319105983#2251
votes v,posts p,badges b,users u#p.Id=v.PostId,u.Id=p.OwnerUserId,u.Id=b.UserId#p.Score,>,-5,p.Score,<,141,p.CommentCount,>,9,p.CommentCount,<,31,u.DownVotes,>,726,u.DownVotes,<,1559,v.CreationDate,>,1237178228,v.CreationDate,<,1345278249,v.VoteTypeId,>,7,v.VoteTypeId,<,11,b.Date,>,1307855367,b.Date,<,1346226638#280
votes v,posts p,badges b,users u#p.Id=v.PostId,u.Id=p.OwnerUserId,u.Id=b.UserId#p.Score,>,10,p.Score,<,19,p.CommentCount,>,2,p.CommentCount,<,38,u.DownVotes,>,215,u.DownVotes,<,1103,v.CreationDate,>,1259494523,v.CreationDate,<,1396077698,v.VoteTypeId,>,4,v.VoteTypeId,<,10,b.Date,>,1281210170,b.Date,<,1293510549#372
votes v,posts p,badges b,users u#p.Id=v.PostId,u.Id=p.OwnerUserId,u.Id=b.UserId#p.Score,>,76,p.Score,<,88,p.CommentCount,>,6,p.CommentCount,<,38,u.DownVotes,>,667,u.DownVotes,<,977,v.CreationDate,>,1297560056,v.CreationDate,<,1365219513,v.VoteTypeId,>,1,v.VoteTypeId,<,4,b.Date,>,1288363663,b.Date,<,1395326058#18571
votes v,posts p,badges b,users u#p.Id=v.PostId,u.Id=p.OwnerUserId,u.Id=b.UserId#p.Score,>,18,p.Score,<,149,p.CommentCount,>,5,p.CommentCount,<,35,u.DownVotes,>,334,u.DownVotes,<,1757,v.CreationDate,>,1235138234,v.CreationDate,<,1304642352,v.VoteTypeId,>,1,v.VoteTypeId,<,4,b.Date,>,1336441798,b.Date,<,1368452006#13761
votes v,posts p,badges b,users u#p.Id=v.PostId,u.Id=p.OwnerUserId,u.Id=b.UserId#p.Score,>,52,p.Score,<,102,p.CommentCount,>,7,p.CommentCount,<,21,u.DownVotes,>,109,u.DownVotes,<,1288,v.CreationDate,>,1294999697,v.CreationDate,<,1374240280,v.VoteTypeId,>,1,v.VoteTypeId,<,7,b.Date,>,1322838066,b.Date,<,1352658463#29631
votes v,posts p,badges b,users u#p.Id=v.PostId,u.Id=p.OwnerUserId,u.Id=b.UserId#p.Score,>,0,p.Score,<,39,p.CommentCount,>,4,p.CommentCount,<,31,u.DownVotes,>,514,u.DownVotes,<,1067,v.CreationDate,>,1342024769,v.CreationDate,<,1389829599,v.VoteTypeId,>,3,v.VoteTypeId,<,10,b.Date,>,1344821995,b.Date,<,1401095668#1561
votes v,posts p,badges b,users u#p.Id=v.PostId,u.Id=p.OwnerUserId,u.Id=b.UserId#p.Score,>,42,p.Score,<,135,p.CommentCount,>,1,p.CommentCount,<,41,u.DownVotes,>,64,u.DownVotes,<,1725,v.CreationDate,>,1237890557,v.CreationDate,<,1409501624,v.VoteTypeId,>,3,v.VoteTypeId,<,9,b.Date,>,1304036105,b.Date,<,1360260909#10570
votes v,posts p,badges b,users u#p.Id=v.PostId,u.Id=p.OwnerUserId,u.Id=b.UserId#p.Score,>,99,p.Score,<,127,p.CommentCount,>,2,p.CommentCount,<,19,u.DownVotes,>,0,u.DownVotes,<,1803,v.CreationDate,>,1287326021,v.CreationDate,<,1379891485,v.VoteTypeId,>,1,v.VoteTypeId,<,7,b.Date,>,1290918021,b.Date,<,1359302175#13203
votes v,posts p,badges b,users u#p.Id=v.PostId,u.Id=p.OwnerUserId,u.Id=b.UserId#p.Score,>,60,p.Score,<,112,p.CommentCount,>,5,p.CommentCount,<,19,u.DownVotes,>,96,u.DownVotes,<,1405,v.CreationDate,>,1313414707,v.CreationDate,<,1366781530,v.VoteTypeId,>,1,v.VoteTypeId,<,5,b.Date,>,1291155199,b.Date,<,1337977230#23867
votes v,posts p,badges b,users u#p.Id=v.PostId,u.Id=p.OwnerUserId,u.Id=b.UserId#p.Score,>,26,p.Score,<,56,p.CommentCount,>,1,p.CommentCount,<,25,u.DownVotes,>,139,u.DownVotes,<,1901,v.CreationDate,>,1314717424,v.CreationDate,<,1358746818,v.VoteTypeId,>,4,v.VoteTypeId,<,12,b.Date,>,1386564412,b.Date,<,1402355134#536
votes v,posts p,badges b,users u#p.Id=v.PostId,u.Id=p.OwnerUserId,u.Id=b.UserId#p.Score,>,52,p.Score,<,74,p.CommentCount,>,9,p.CommentCount,<,13,u.DownVotes,>,15,u.DownVotes,<,1910,v.CreationDate,>,1237588599,v.CreationDate,<,1290959817,v.VoteTypeId,>,1,v.VoteTypeId,<,14,b.Date,>,1316342851,b.Date,<,1368484401#1441
votes v,posts p,badges b,users u#p.Id=v.PostId,u.Id=p.OwnerUserId,u.Id=b.UserId#p.Score,>,2,p.Score,<,120,p.CommentCount,>,2,p.CommentCount,<,33,u.DownVotes,>,369,u.DownVotes,<,1764,v.CreationDate,>,1257409365,v.CreationDate,<,1383803011,v.VoteTypeId,>,3,v.VoteTypeId,<,15,b.Date,>,1303705901,b.Date,<,1313637024#1352
votes v,posts p,badges b,users u#p.Id=v.PostId,u.Id=p.OwnerUserId,u.Id=b.UserId#p.Score,>,-18,p.Score,<,32,p.CommentCount,>,1,p.CommentCount,<,26,u.DownVotes,>,92,u.DownVotes,<,949,v.CreationDate,>,1286577943,v.CreationDate,<,1302430036,v.VoteTypeId,>,8,v.VoteTypeId,<,11,b.Date,>,1306093143,b.Date,<,1312901968#92
votes v,posts p,badges b,users u#p.Id=v.PostId,u.Id=p.OwnerUserId,u.Id=b.UserId#p.Score,>,-16,p.Score,<,106,p.CommentCount,>,11,p.CommentCount,<,30,u.DownVotes,>,686,u.DownVotes,<,1889,v.CreationDate,>,1234767369,v.CreationDate,<,1406668132,v.VoteTypeId,>,3,v.VoteTypeId,<,15,b.Date,>,1299027857,b.Date,<,1313458286#86
votes v,posts p,badges b,users u#p.Id=v.PostId,u.Id=p.OwnerUserId,u.Id=b.UserId#p.Score,>,-14,p.Score,<,107,p.CommentCount,>,15,p.CommentCount,<,22,u.DownVotes,>,625,u.DownVotes,<,913,v.CreationDate,>,1288436470,v.CreationDate,<,1326704605,v.VoteTypeId,>,8,v.VoteTypeId,<,15,b.Date,>,1310574851,b.Date,<,1398422601#332
votes v,posts p,badges b,users u#p.Id=v.PostId,u.Id=p.OwnerUserId,u.Id=b.UserId#p.Score,>,-14,p.Score,<,152,p.CommentCount,>,5,p.CommentCount,<,17,u.DownVotes,>,335,u.DownVotes,<,1724,v.CreationDate,>,1285824001,v.CreationDate,<,1310436647,v.VoteTypeId,>,5,v.VoteTypeId,<,10,b.Date,>,1360144051,b.Date,<,1374035175#150
votes v,posts p,badges b,users u#p.Id=v.PostId,u.Id=p.OwnerUserId,u.Id=b.UserId#p.Score,>,83,p.Score,<,150,p.CommentCount,>,13,p.CommentCount,<,43,u.DownVotes,>,44,u.DownVotes,<,1896,v.CreationDate,>,1318430063,v.CreationDate,<,1367108240,v.VoteTypeId,>,1,v.VoteTypeId,<,10,b.Date,>,1352256616,b.Date,<,1385148747#3724
votes v,posts p,badges b,users u#p.Id=v.PostId,u.Id=p.OwnerUserId,u.Id=b.UserId#p.Score,>,25,p.Score,<,120,p.CommentCount,>,6,p.CommentCount,<,44,u.DownVotes,>,81,u.DownVotes,<,637,v.CreationDate,>,1365943961,v.CreationDate,<,1402817841,v.VoteTypeId,>,7,v.VoteTypeId,<,12,b.Date,>,1302399427,b.Date,<,1329581882#2
votes v,posts p,badges b,users u#p.Id=v.PostId,u.Id=p.OwnerUserId,u.Id=b.UserId#p.Score,>,-7,p.Score,<,96,p.CommentCount,>,7,p.CommentCount,<,29,u.DownVotes,>,19,u.DownVotes,<,1713,v.CreationDate,>,1364076166,v.CreationDate,<,1386600150,v.VoteTypeId,>,7,v.VoteTypeId,<,11,b.Date,>,1341352123,b.Date,<,1396607130#645
votes v,posts p,badges b,users u#p.Id=v.PostId,u.Id=p.OwnerUserId,u.Id=b.UserId#p.Score,>,4,p.Score,<,73,p.CommentCount,>,10,p.CommentCount,<,39,u.DownVotes,>,298,u.DownVotes,<,1378,v.CreationDate,>,1296854576,v.CreationDate,<,1313697700,v.VoteTypeId,>,8,v.VoteTypeId,<,12,b.Date,>,1309648555,b.Date,<,1404760820#364
votes v,posts p,badges b,users u#p.Id=v.PostId,u.Id=p.OwnerUserId,u.Id=b.UserId#p.Score,>,-4,p.Score,<,65,p.CommentCount,>,4,p.CommentCount,<,36,u.DownVotes,>,266,u.DownVotes,<,1618,v.CreationDate,>,1335267039,v.CreationDate,<,1341846068,v.VoteTypeId,>,1,v.VoteTypeId,<,6,b.Date,>,1298244557,b.Date,<,1355804459#70196
votes v,posts p,badges b,users u#p.Id=v.PostId,u.Id=p.OwnerUserId,u.Id=b.UserId#p.Score,>,13,p.Score,<,43,p.CommentCount,>,1,p.CommentCount,<,36,u.DownVotes,>,185,u.DownVotes,<,827,v.CreationDate,>,1237697308,v.CreationDate,<,1302662966,v.VoteTypeId,>,4,v.VoteTypeId,<,15,b.Date,>,1319719310,b.Date,<,1385321140#1917
votes v,posts p,badges b,users u#p.Id=v.PostId,u.Id=p.OwnerUserId,u.Id=b.UserId#p.Score,>,-15,p.Score,<,104,p.CommentCount,>,4,p.CommentCount,<,30,u.DownVotes,>,566,u.DownVotes,<,1786,v.CreationDate,>,1237961317,v.CreationDate,<,1326251433,v.VoteTypeId,>,2,v.VoteTypeId,<,6,b.Date,>,1293905853,b.Date,<,1398794968#3780
votes v,posts p,badges b,users u#p.Id=v.PostId,u.Id=p.OwnerUserId,u.Id=b.UserId#p.Score,>,-1,p.Score,<,187,p.CommentCount,>,12,p.CommentCount,<,27,u.DownVotes,>,691,u.DownVotes,<,1648,v.CreationDate,>,1262582858,v.CreationDate,<,1345392646,v.VoteTypeId,>,8,v.VoteTypeId,<,14,b.Date,>,1362222447,b.Date,<,1399672928#146
votes v,posts p,badges b,users u#p.Id=v.PostId,u.Id=p.OwnerUserId,u.Id=b.UserId#p.Score,>,29,p.Score,<,38,p.CommentCount,>,12,p.CommentCount,<,30,u.DownVotes,>,734,u.DownVotes,<,1581,v.CreationDate,>,1338161057,v.CreationDate,<,1395139589,v.VoteTypeId,>,4,v.VoteTypeId,<,14,b.Date,>,1336050900,b.Date,<,1395519680#255
votes v,posts p,badges b,users u#p.Id=v.PostId,u.Id=p.OwnerUserId,u.Id=b.UserId#p.Score,>,14,p.Score,<,128,p.CommentCount,>,0,p.CommentCount,<,39,u.DownVotes,>,479,u.DownVotes,<,1223,v.CreationDate,>,1282725453,v.CreationDate,<,1376887613,v.VoteTypeId,>,3,v.VoteTypeId,<,15,b.Date,>,1366627003,b.Date,<,1368845304#54
votes v,posts p,badges b,users u#p.Id=v.PostId,u.Id=p.OwnerUserId,u.Id=b.UserId#p.Score,>,102,p.Score,<,152,p.CommentCount,>,2,p.CommentCount,<,38,u.DownVotes,>,21,u.DownVotes,<,333,v.CreationDate,>,1330535370,v.CreationDate,<,1348943884,v.VoteTypeId,>,7,v.VoteTypeId,<,11,b.Date,>,1330700759,b.Date,<,1368914240#103
votes v,posts p,badges b,users u#p.Id=v.PostId,u.Id=p.OwnerUserId,u.Id=b.UserId#p.Score,>,81,p.Score,<,169,p.CommentCount,>,1,p.CommentCount,<,12,u.DownVotes,>,633,u.DownVotes,<,1736,v.CreationDate,>,1314184586,v.CreationDate,<,1401636573,v.VoteTypeId,>,2,v.VoteTypeId,<,11,b.Date,>,1300640761,b.Date,<,1360371862#206
votes v,posts p,badges b,users u#p.Id=v.PostId,u.Id=p.OwnerUserId,u.Id=b.UserId#p.Score,>,26,p.Score,<,115,p.CommentCount,>,28,p.CommentCount,<,37,u.DownVotes,>,103,u.DownVotes,<,410,v.CreationDate,>,1332218256,v.CreationDate,<,1345853964,v.VoteTypeId,>,1,v.VoteTypeId,<,9,b.Date,>,1317765178,b.Date,<,1352032819#2632
votes v,posts p,badges b,users u#p.Id=v.PostId,u.Id=p.OwnerUserId,u.Id=b.UserId#p.Score,>,-5,p.Score,<,163,p.CommentCount,>,2,p.CommentCount,<,21,u.DownVotes,>,166,u.DownVotes,<,1685,v.CreationDate,>,1311011002,v.CreationDate,<,1404011052,v.VoteTypeId,>,3,v.VoteTypeId,<,6,b.Date,>,1314225082,b.Date,<,1345320776#5148
votes v,posts p,badges b,users u#p.Id=v.PostId,u.Id=p.OwnerUserId,u.Id=b.UserId#p.Score,>,87,p.Score,<,106,p.CommentCount,>,1,p.CommentCount,<,35,u.DownVotes,>,44,u.DownVotes,<,1606,v.CreationDate,>,1305198857,v.CreationDate,<,1387086698,v.VoteTypeId,>,1,v.VoteTypeId,<,9,b.Date,>,1322655319,b.Date,<,1341391394#3358
votes v,posts p,badges b,users u#p.Id=v.PostId,u.Id=p.OwnerUserId,u.Id=b.UserId#p.Score,>,9,p.Score,<,183,p.CommentCount,>,4,p.CommentCount,<,42,u.DownVotes,>,536,u.DownVotes,<,1203,v.CreationDate,>,1305224668,v.CreationDate,<,1315745016,v.VoteTypeId,>,1,v.VoteTypeId,<,9,b.Date,>,1293424068,b.Date,<,1374334458#40032
votes v,posts p,badges b,users u#p.Id=v.PostId,u.Id=p.OwnerUserId,u.Id=b.UserId#p.Score,>,122,p.Score,<,160,p.CommentCount,>,8,p.CommentCount,<,43,u.DownVotes,>,630,u.DownVotes,<,1828,v.CreationDate,>,1330050303,v.CreationDate,<,1340508843,v.VoteTypeId,>,1,v.VoteTypeId,<,15,b.Date,>,1360806157,b.Date,<,1376113093#935
votes v,posts p,badges b,users u#p.Id=v.PostId,u.Id=p.OwnerUserId,u.Id=b.UserId#p.Score,>,22,p.Score,<,129,p.CommentCount,>,1,p.CommentCount,<,27,u.DownVotes,>,124,u.DownVotes,<,297,v.CreationDate,>,1253876877,v.CreationDate,<,1377520297,v.VoteTypeId,>,4,v.VoteTypeId,<,6,b.Date,>,1318576001,b.Date,<,1344911382#715
votes v,posts p,badges b,users u#p.Id=v.PostId,u.Id=p.OwnerUserId,u.Id=b.UserId#p.Score,>,120,p.Score,<,177,p.CommentCount,>,8,p.CommentCount,<,39,u.DownVotes,>,646,u.DownVotes,<,1800,v.CreationDate,>,1268233932,v.CreationDate,<,1367045822,v.VoteTypeId,>,1,v.VoteTypeId,<,12,b.Date,>,1338691000,b.Date,<,1380626246#13870
votes v,posts p,badges b,users u#p.Id=v.PostId,u.Id=p.OwnerUserId,u.Id=b.UserId#p.Score,>,12,p.Score,<,144,p.CommentCount,>,1,p.CommentCount,<,27,u.DownVotes,>,246,u.DownVotes,<,1296,v.CreationDate,>,1300185649,v.CreationDate,<,1378903243,v.VoteTypeId,>,6,v.VoteTypeId,<,11,b.Date,>,1307943461,b.Date,<,1339857065#165
votes v,posts p,badges b,users u#p.Id=v.PostId,u.Id=p.OwnerUserId,u.Id=b.UserId#p.Score,>,-7,p.Score,<,7,p.CommentCount,>,12,p.CommentCount,<,33,u.DownVotes,>,371,u.DownVotes,<,1224,v.CreationDate,>,1297802765,v.CreationDate,<,1335099281,v.VoteTypeId,>,2,v.VoteTypeId,<,9,b.Date,>,1291455113,b.Date,<,1307736844#3
votes v,posts p,badges b,users u#p.Id=v.PostId,u.Id=p.OwnerUserId,u.Id=b.UserId#p.Score,>,33,p.Score,<,106,p.CommentCount,>,12,p.CommentCount,<,38,u.DownVotes,>,1,u.DownVotes,<,1131,v.CreationDate,>,1353674884,v.CreationDate,<,1404919295,v.VoteTypeId,>,2,v.VoteTypeId,<,4,b.Date,>,1337951050,b.Date,<,1348348186#61
votes v,posts p,badges b,users u#p.Id=v.PostId,u.Id=p.OwnerUserId,u.Id=b.UserId#p.Score,>,52,p.Score,<,189,p.CommentCount,>,13,p.CommentCount,<,28,u.DownVotes,>,64,u.DownVotes,<,865,v.CreationDate,>,1337044747,v.CreationDate,<,1379778169,v.VoteTypeId,>,1,v.VoteTypeId,<,13,b.Date,>,1294487907,b.Date,<,1410023132#10626
votes v,posts p,badges b,users u#p.Id=v.PostId,u.Id=p.OwnerUserId,u.Id=b.UserId#p.Score,>,-18,p.Score,<,16,p.CommentCount,>,2,p.CommentCount,<,13,u.DownVotes,>,269,u.DownVotes,<,1341,v.CreationDate,>,1334674426,v.CreationDate,<,1375396463,v.VoteTypeId,>,3,v.VoteTypeId,<,10,b.Date,>,1299781678,b.Date,<,1409489915#3357
votes v,posts p,badges b,users u#p.Id=v.PostId,u.Id=p.OwnerUserId,u.Id=b.UserId#p.Score,>,2,p.Score,<,102,p.CommentCount,>,32,p.CommentCount,<,40,u.DownVotes,>,249,u.DownVotes,<,1401,v.CreationDate,>,1296777419,v.CreationDate,<,1373306281,v.VoteTypeId,>,2,v.VoteTypeId,<,8,b.Date,>,1281388497,b.Date,<,1338042832#55
votes v,posts p,badges b,users u#p.Id=v.PostId,u.Id=p.OwnerUserId,u.Id=b.UserId#p.Score,>,55,p.Score,<,167,p.CommentCount,>,1,p.CommentCount,<,22,u.DownVotes,>,679,u.DownVotes,<,1692,v.CreationDate,>,1321905962,v.CreationDate,<,1409847153,v.VoteTypeId,>,2,v.VoteTypeId,<,7,b.Date,>,1359289408,b.Date,<,1370668846#108
votes v,posts p,badges b,users u#p.Id=v.PostId,u.Id=p.OwnerUserId,u.Id=b.UserId#p.Score,>,9,p.Score,<,68,p.CommentCount,>,15,p.CommentCount,<,29,u.DownVotes,>,756,u.DownVotes,<,1716,v.CreationDate,>,1234910703,v.CreationDate,<,1380773203,v.VoteTypeId,>,1,v.VoteTypeId,<,14,b.Date,>,1322047238,b.Date,<,1337930144#1596
votes v,posts p,badges b,users u#p.Id=v.PostId,u.Id=p.OwnerUserId,u.Id=b.UserId#p.Score,>,-8,p.Score,<,114,p.CommentCount,>,7,p.CommentCount,<,34,u.DownVotes,>,224,u.DownVotes,<,1813,v.CreationDate,>,1272554227,v.CreationDate,<,1349243974,v.VoteTypeId,>,2,v.VoteTypeId,<,6,b.Date,>,1310319998,b.Date,<,1327893547#152
votes v,posts p,badges b,users u#p.Id=v.PostId,u.Id=p.OwnerUserId,u.Id=b.UserId#p.Score,>,44,p.Score,<,74,p.CommentCount,>,5,p.CommentCount,<,11,u.DownVotes,>,696,u.DownVotes,<,922,v.CreationDate,>,1252681847,v.CreationDate,<,1372102545,v.VoteTypeId,>,4,v.VoteTypeId,<,15,b.Date,>,1328154182,b.Date,<,1332724910#99
votes v,posts p,badges b,users u#p.Id=v.PostId,u.Id=p.OwnerUserId,u.Id=b.UserId#p.Score,>,0,p.Score,<,103,p.CommentCount,>,8,p.CommentCount,<,15,u.DownVotes,>,425,u.DownVotes,<,1156,v.CreationDate,>,1362336798,v.CreationDate,<,1379811794,v.VoteTypeId,>,1,v.VoteTypeId,<,6,b.Date,>,1388264246,b.Date,<,1398507840#4512
votes v,posts p,badges b,users u#p.Id=v.PostId,u.Id=p.OwnerUserId,u.Id=b.UserId#p.Score,>,-18,p.Score,<,87,p.CommentCount,>,13,p.CommentCount,<,15,u.DownVotes,>,42,u.DownVotes,<,658,v.CreationDate,>,1284142746,v.CreationDate,<,1326109425,v.VoteTypeId,>,1,v.VoteTypeId,<,6,b.Date,>,1313877097,b.Date,<,1400058994#3247
votes v,posts p,badges b,users u#p.Id=v.PostId,u.Id=p.OwnerUserId,u.Id=b.UserId#p.Score,>,-8,p.Score,<,142,p.CommentCount,>,11,p.CommentCount,<,37,u.DownVotes,>,307,u.DownVotes,<,776,v.CreationDate,>,1342073368,v.CreationDate,<,1406799006,v.VoteTypeId,>,2,v.VoteTypeId,<,7,b.Date,>,1353182334,b.Date,<,1388087374#52
votes v,posts p,badges b,users u#p.Id=v.PostId,u.Id=p.OwnerUserId,u.Id=b.UserId#p.Score,>,19,p.Score,<,185,p.CommentCount,>,5,p.CommentCount,<,38,u.DownVotes,>,521,u.DownVotes,<,1092,v.CreationDate,>,1398063677,v.CreationDate,<,1405227472,v.VoteTypeId,>,3,v.VoteTypeId,<,11,b.Date,>,1364399202,b.Date,<,1369583181#9
votes v,posts p,badges b,users u#p.Id=v.PostId,u.Id=p.OwnerUserId,u.Id=b.UserId#p.Score,>,-13,p.Score,<,105,p.CommentCount,>,5,p.CommentCount,<,24,u.DownVotes,>,663,u.DownVotes,<,1052,v.CreationDate,>,1296549367,v.CreationDate,<,1375865314,v.VoteTypeId,>,6,v.VoteTypeId,<,11,b.Date,>,1369100541,b.Date,<,1402998061#435
votes v,posts p,badges b,users u#p.Id=v.PostId,u.Id=p.OwnerUserId,u.Id=b.UserId#p.Score,>,24,p.Score,<,181,p.CommentCount,>,13,p.CommentCount,<,37,u.DownVotes,>,672,u.DownVotes,<,1479,v.CreationDate,>,1349755206,v.CreationDate,<,1400949385,v.VoteTypeId,>,5,v.VoteTypeId,<,11,b.Date,>,1340989236,b.Date,<,1358511026#87
votes v,posts p,badges b,users u#p.Id=v.PostId,u.Id=p.OwnerUserId,u.Id=b.UserId#p.Score,>,1,p.Score,<,156,p.CommentCount,>,2,p.CommentCount,<,11,u.DownVotes,>,560,u.DownVotes,<,1060,v.CreationDate,>,1344629663,v.CreationDate,<,1410333142,v.VoteTypeId,>,2,v.VoteTypeId,<,11,b.Date,>,1314153543,b.Date,<,1363119544#6845
votes v,posts p,badges b,users u#p.Id=v.PostId,u.Id=p.OwnerUserId,u.Id=b.UserId#p.Score,>,11,p.Score,<,39,p.CommentCount,>,2,p.CommentCount,<,25,u.DownVotes,>,640,u.DownVotes,<,1529,v.CreationDate,>,1275540310,v.CreationDate,<,1342751538,v.VoteTypeId,>,2,v.VoteTypeId,<,7,b.Date,>,1281807435,b.Date,<,1357836113#1000
votes v,posts p,badges b,users u#p.Id=v.PostId,u.Id=p.OwnerUserId,u.Id=b.UserId#p.Score,>,-16,p.Score,<,153,p.CommentCount,>,4,p.CommentCount,<,25,u.DownVotes,>,382,u.DownVotes,<,844,v.CreationDate,>,1304097163,v.CreationDate,<,1322591632,v.VoteTypeId,>,2,v.VoteTypeId,<,5,b.Date,>,1332761813,b.Date,<,1351350532#285
votes v,posts p,badges b,users u#p.Id=v.PostId,u.Id=p.OwnerUserId,u.Id=b.UserId#p.Score,>,7,p.Score,<,149,p.CommentCount,>,0,p.CommentCount,<,25,u.DownVotes,>,555,u.DownVotes,<,1855,v.CreationDate,>,1367821910,v.CreationDate,<,1375700450,v.VoteTypeId,>,3,v.VoteTypeId,<,10,b.Date,>,1328879690,b.Date,<,1400220895#882
votes v,posts p,badges b,users u#p.Id=v.PostId,u.Id=p.OwnerUserId,u.Id=b.UserId#p.Score,>,-13,p.Score,<,5,p.CommentCount,>,0,p.CommentCount,<,41,u.DownVotes,>,641,u.DownVotes,<,1379,v.CreationDate,>,1309462541,v.CreationDate,<,1385600782,v.VoteTypeId,>,1,v.VoteTypeId,<,15,b.Date,>,1358991619,b.Date,<,1404745438#96460
votes v,posts p,badges b,users u#p.Id=v.PostId,u.Id=p.OwnerUserId,u.Id=b.UserId#p.Score,>,-1,p.Score,<,103,p.CommentCount,>,8,p.CommentCount,<,39,u.DownVotes,>,361,u.DownVotes,<,878,v.CreationDate,>,1275978916,v.CreationDate,<,1302772105,v.VoteTypeId,>,1,v.VoteTypeId,<,7,b.Date,>,1286281387,b.Date,<,1333464581#12625
votes v,posts p,badges b,users u#p.Id=v.PostId,u.Id=p.OwnerUserId,u.Id=b.UserId#p.Score,>,20,p.Score,<,175,p.CommentCount,>,16,p.CommentCount,<,42,u.DownVotes,>,200,u.DownVotes,<,1229,v.CreationDate,>,1234713152,v.CreationDate,<,1388595922,v.VoteTypeId,>,2,v.VoteTypeId,<,10,b.Date,>,1311963066,b.Date,<,1397342845#106
votes v,posts p,badges b,users u#p.Id=v.PostId,u.Id=p.OwnerUserId,u.Id=b.UserId#p.Score,>,-6,p.Score,<,66,p.CommentCount,>,3,p.CommentCount,<,38,u.DownVotes,>,366,u.DownVotes,<,1589,v.CreationDate,>,1275960260,v.CreationDate,<,1346454622,v.VoteTypeId,>,7,v.VoteTypeId,<,11,b.Date,>,1287511402,b.Date,<,1396589768#4541
votes v,posts p,badges b,users u#p.Id=v.PostId,u.Id=p.OwnerUserId,u.Id=b.UserId#p.Score,>,27,p.Score,<,169,p.CommentCount,>,13,p.CommentCount,<,16,u.DownVotes,>,40,u.DownVotes,<,1163,v.CreationDate,>,1334599319,v.CreationDate,<,1400320877,v.VoteTypeId,>,3,v.VoteTypeId,<,10,b.Date,>,1287195473,b.Date,<,1357372472#235
votes v,posts p,badges b,users u#p.Id=v.PostId,u.Id=p.OwnerUserId,u.Id=b.UserId#p.Score,>,2,p.Score,<,190,p.CommentCount,>,19,p.CommentCount,<,29,u.DownVotes,>,90,u.DownVotes,<,695,v.CreationDate,>,1338387803,v.CreationDate,<,1390390759,v.VoteTypeId,>,1,v.VoteTypeId,<,10,b.Date,>,1292304655,b.Date,<,1401398233#9399
votes v,posts p,badges b,users u#p.Id=v.PostId,u.Id=p.OwnerUserId,u.Id=b.UserId#p.Score,>,60,p.Score,<,96,p.CommentCount,>,7,p.CommentCount,<,38,u.DownVotes,>,53,u.DownVotes,<,825,v.CreationDate,>,1303880980,v.CreationDate,<,1361512561,v.VoteTypeId,>,1,v.VoteTypeId,<,8,b.Date,>,1368501589,b.Date,<,1384575887#7916
votes v,posts p,badges b,users u#p.Id=v.PostId,u.Id=p.OwnerUserId,u.Id=b.UserId#p.Score,>,18,p.Score,<,185,p.CommentCount,>,11,p.CommentCount,<,17,u.DownVotes,>,170,u.DownVotes,<,908,v.CreationDate,>,1312558239,v.CreationDate,<,1362129206,v.VoteTypeId,>,1,v.VoteTypeId,<,11,b.Date,>,1364354831,b.Date,<,1380196241#2941
votes v,posts p,badges b,users u#p.Id=v.PostId,u.Id=p.OwnerUserId,u.Id=b.UserId#p.Score,>,-15,p.Score,<,184,p.CommentCount,>,8,p.CommentCount,<,37,u.DownVotes,>,470,u.DownVotes,<,1703,v.CreationDate,>,1240512979,v.CreationDate,<,1343030420,v.VoteTypeId,>,2,v.VoteTypeId,<,6,b.Date,>,1334591848,b.Date,<,1370108998#147
votes v,posts p,badges b,users u#p.Id=v.PostId,u.Id=p.OwnerUserId,u.Id=b.UserId#p.Score,>,-3,p.Score,<,173,p.CommentCount,>,17,p.CommentCount,<,31,u.DownVotes,>,564,u.DownVotes,<,1663,v.CreationDate,>,1240285568,v.CreationDate,<,1352537029,v.VoteTypeId,>,7,v.VoteTypeId,<,15,b.Date,>,1288880830,b.Date,<,1382659877#325
votes v,posts p,badges b,users u#p.Id=v.PostId,u.Id=p.OwnerUserId,u.Id=b.UserId#p.Score,>,-18,p.Score,<,6,p.CommentCount,>,6,p.CommentCount,<,11,u.DownVotes,>,577,u.DownVotes,<,1257,v.CreationDate,>,1353770777,v.CreationDate,<,1393927570,v.VoteTypeId,>,1,v.VoteTypeId,<,14,b.Date,>,1304109987,b.Date,<,1364295971#4991
votes v,posts p,badges b,users u#p.Id=v.PostId,u.Id=p.OwnerUserId,u.Id=b.UserId#p.Score,>,11,p.Score,<,46,p.CommentCount,>,2,p.CommentCount,<,8,u.DownVotes,>,486,u.DownVotes,<,897,v.CreationDate,>,1306342258,v.CreationDate,<,1324972867,v.VoteTypeId,>,3,v.VoteTypeId,<,7,b.Date,>,1279993393,b.Date,<,1362533399#268
votes v,posts p,badges b,users u#p.Id=v.PostId,u.Id=p.OwnerUserId,u.Id=b.UserId#p.Score,>,-10,p.Score,<,104,p.CommentCount,>,6,p.CommentCount,<,37,u.DownVotes,>,225,u.DownVotes,<,1898,v.CreationDate,>,1268692684,v.CreationDate,<,1399432090,v.VoteTypeId,>,6,v.VoteTypeId,<,13,b.Date,>,1307471419,b.Date,<,1328852828#468
votes v,posts p,badges b,users u#p.Id=v.PostId,u.Id=p.OwnerUserId,u.Id=b.UserId#p.Score,>,-14,p.Score,<,165,p.CommentCount,>,1,p.CommentCount,<,9,u.DownVotes,>,601,u.DownVotes,<,1834,v.CreationDate,>,1250650046,v.CreationDate,<,1289100265,v.VoteTypeId,>,4,v.VoteTypeId,<,7,b.Date,>,1347976486,b.Date,<,1352921366#24
votes v,posts p,badges b,users u#p.Id=v.PostId,u.Id=p.OwnerUserId,u.Id=b.UserId#p.Score,>,2,p.Score,<,179,p.CommentCount,>,33,p.CommentCount,<,44,u.DownVotes,>,320,u.DownVotes,<,1416,v.CreationDate,>,1316232871,v.CreationDate,<,1348641711,v.VoteTypeId,>,2,v.VoteTypeId,<,11,b.Date,>,1304193171,b.Date,<,1391030159#157
votes v,posts p,badges b,users u#p.Id=v.PostId,u.Id=p.OwnerUserId,u.Id=b.UserId#p.Score,>,2,p.Score,<,57,p.CommentCount,>,2,p.CommentCount,<,9,u.DownVotes,>,393,u.DownVotes,<,1684,v.CreationDate,>,1302684636,v.CreationDate,<,1389897141,v.VoteTypeId,>,1,v.VoteTypeId,<,12,b.Date,>,1385827178,b.Date,<,1399782218#121404
votes v,posts p,badges b,users u#p.Id=v.PostId,u.Id=p.OwnerUserId,u.Id=b.UserId#p.Score,>,106,p.Score,<,186,p.CommentCount,>,2,p.CommentCount,<,12,u.DownVotes,>,354,u.DownVotes,<,1029,v.CreationDate,>,1248857331,v.CreationDate,<,1331160116,v.VoteTypeId,>,1,v.VoteTypeId,<,7,b.Date,>,1289202433,b.Date,<,1323679837#3515
votes v,posts p,badges b,users u#p.Id=v.PostId,u.Id=p.OwnerUserId,u.Id=b.UserId#p.Score,>,21,p.Score,<,74,p.CommentCount,>,1,p.CommentCount,<,26,u.DownVotes,>,761,u.DownVotes,<,1485,v.CreationDate,>,1276615344,v.CreationDate,<,1340567793,v.VoteTypeId,>,2,v.VoteTypeId,<,15,b.Date,>,1352282353,b.Date,<,1402177239#558
votes v,posts p,badges b,users u#p.Id=v.PostId,u.Id=p.OwnerUserId,u.Id=b.UserId#p.Score,>,19,p.Score,<,111,p.CommentCount,>,18,p.CommentCount,<,22,u.DownVotes,>,150,u.DownVotes,<,949,v.CreationDate,>,1289452852,v.CreationDate,<,1379758561,v.VoteTypeId,>,1,v.VoteTypeId,<,3,b.Date,>,1329525378,b.Date,<,1349155743#1088
votes v,posts p,badges b,users u#p.Id=v.PostId,u.Id=p.OwnerUserId,u.Id=b.UserId#p.Score,>,40,p.Score,<,91,p.CommentCount,>,16,p.CommentCount,<,26,u.DownVotes,>,161,u.DownVotes,<,331,v.CreationDate,>,1319847754,v.CreationDate,<,1406449128,v.VoteTypeId,>,1,v.VoteTypeId,<,11,b.Date,>,1299848130,b.Date,<,1406615963#3751
votes v,posts p,badges b,users u#p.Id=v.PostId,u.Id=p.OwnerUserId,u.Id=b.UserId#p.Score,>,-7,p.Score,<,169,p.CommentCount,>,0,p.CommentCount,<,14,u.DownVotes,>,528,u.DownVotes,<,1217,v.CreationDate,>,1265669855,v.CreationDate,<,1326831174,v.VoteTypeId,>,4,v.VoteTypeId,<,7,b.Date,>,1285887520,b.Date,<,1395721578#2334
votes v,posts p,badges b,users u#p.Id=v.PostId,u.Id=p.OwnerUserId,u.Id=b.UserId#p.Score,>,-9,p.Score,<,136,p.CommentCount,>,4,p.CommentCount,<,12,u.DownVotes,>,22,u.DownVotes,<,1590,v.CreationDate,>,1277241521,v.CreationDate,<,1318319447,v.VoteTypeId,>,9,v.VoteTypeId,<,15,b.Date,>,1313261372,b.Date,<,1317693125#25
votes v,posts p,badges b,users u#p.Id=v.PostId,u.Id=p.OwnerUserId,u.Id=b.UserId#p.Score,>,19,p.Score,<,69,p.CommentCount,>,18,p.CommentCount,<,33,u.DownVotes,>,176,u.DownVotes,<,1408,v.CreationDate,>,1360389065,v.CreationDate,<,1402037871,v.VoteTypeId,>,1,v.VoteTypeId,<,9,b.Date,>,1325123383,b.Date,<,1406669796#1456
votes v,posts p,badges b,users u#p.Id=v.PostId,u.Id=p.OwnerUserId,u.Id=b.UserId#p.Score,>,-3,p.Score,<,38,p.CommentCount,>,12,p.CommentCount,<,21,u.DownVotes,>,282,u.DownVotes,<,790,v.CreationDate,>,1346800298,v.CreationDate,<,1401742658,v.VoteTypeId,>,4,v.VoteTypeId,<,11,b.Date,>,1326959619,b.Date,<,1391995055#259
votes v,posts p,badges b,users u#p.Id=v.PostId,u.Id=p.OwnerUserId,u.Id=b.UserId#p.Score,>,0,p.Score,<,49,p.CommentCount,>,11,p.CommentCount,<,28,u.DownVotes,>,15,u.DownVotes,<,589,v.CreationDate,>,1292420334,v.CreationDate,<,1375837276,v.VoteTypeId,>,2,v.VoteTypeId,<,8,b.Date,>,1330917521,b.Date,<,1391164544#2385
votes v,posts p,badges b,users u#p.Id=v.PostId,u.Id=p.OwnerUserId,u.Id=b.UserId#p.Score,>,1,p.Score,<,72,p.CommentCount,>,2,p.CommentCount,<,38,u.DownVotes,>,568,u.DownVotes,<,1266,v.CreationDate,>,1346211945,v.CreationDate,<,1408541425,v.VoteTypeId,>,10,v.VoteTypeId,<,15,b.Date,>,1297973636,b.Date,<,1402371135#384
votes v,posts p,badges b,users u#p.Id=v.PostId,u.Id=p.OwnerUserId,u.Id=b.UserId#p.Score,>,-9,p.Score,<,154,p.CommentCount,>,8,p.CommentCount,<,30,u.DownVotes,>,270,u.DownVotes,<,1014,v.CreationDate,>,1347961505,v.CreationDate,<,1393881859,v.VoteTypeId,>,3,v.VoteTypeId,<,13,b.Date,>,1284541458,b.Date,<,1344406433#826
votes v,posts p,badges b,users u#p.Id=v.PostId,u.Id=p.OwnerUserId,u.Id=b.UserId#p.Score,>,73,p.Score,<,119,p.CommentCount,>,4,p.CommentCount,<,20,u.DownVotes,>,281,u.DownVotes,<,1750,v.CreationDate,>,1345827901,v.CreationDate,<,1353163019,v.VoteTypeId,>,1,v.VoteTypeId,<,11,b.Date,>,1389795406,b.Date,<,1393425588#88
votes v,posts p,badges b,users u#p.Id=v.PostId,u.Id=p.OwnerUserId,u.Id=b.UserId#p.Score,>,107,p.Score,<,158,p.CommentCount,>,10,p.CommentCount,<,27,u.DownVotes,>,678,u.DownVotes,<,1508,v.CreationDate,>,1308740479,v.CreationDate,<,1392583266,v.VoteTypeId,>,1,v.VoteTypeId,<,14,b.Date,>,1329171467,b.Date,<,1336609383#2223
votes v,posts p,badges b,users u#p.Id=v.PostId,u.Id=p.OwnerUserId,u.Id=b.UserId#p.Score,>,0,p.Score,<,102,p.CommentCount,>,21,p.CommentCount,<,30,u.DownVotes,>,1,u.DownVotes,<,657,v.CreationDate,>,1263816434,v.CreationDate,<,1380531843,v.VoteTypeId,>,1,v.VoteTypeId,<,14,b.Date,>,1293997948,b.Date,<,1392156848#6889
votes v,posts p,badges b,users u#p.Id=v.PostId,u.Id=p.OwnerUserId,u.Id=b.UserId#p.Score,>,-11,p.Score,<,102,p.CommentCount,>,4,p.CommentCount,<,9,u.DownVotes,>,288,u.DownVotes,<,1694,v.CreationDate,>,1241044101,v.CreationDate,<,1348313594,v.VoteTypeId,>,4,v.VoteTypeId,<,15,b.Date,>,1296935140,b.Date,<,1389927763#4696
votes v,posts p,badges b,users u#p.Id=v.PostId,u.Id=p.OwnerUserId,u.Id=b.UserId#p.Score,>,15,p.Score,<,173,p.CommentCount,>,0,p.CommentCount,<,12,u.DownVotes,>,132,u.DownVotes,<,190,v.CreationDate,>,1375840584,v.CreationDate,<,1389744477,v.VoteTypeId,>,4,v.VoteTypeId,<,6,b.Date,>,1319808196,b.Date,<,1387373764#544
votes v,posts p,badges b,users u#p.Id=v.PostId,u.Id=p.OwnerUserId,u.Id=b.UserId#p.Score,>,53,p.Score,<,104,p.CommentCount,>,0,p.CommentCount,<,10,u.DownVotes,>,778,u.DownVotes,<,978,v.CreationDate,>,1371019575,v.CreationDate,<,1394280538,v.VoteTypeId,>,1,v.VoteTypeId,<,15,b.Date,>,1350158919,b.Date,<,1387693626#7991
votes v,posts p,badges b,users u#p.Id=v.PostId,u.Id=p.OwnerUserId,u.Id=b.UserId#p.Score,>,-5,p.Score,<,31,p.CommentCount,>,4,p.CommentCount,<,12,u.DownVotes,>,207,u.DownVotes,<,1381,v.CreationDate,>,1337453373,v.CreationDate,<,1375490831,v.VoteTypeId,>,1,v.VoteTypeId,<,13,b.Date,>,1379193826,b.Date,<,1389535390#19770
votes v,posts p,badges b,users u#p.Id=v.PostId,u.Id=p.OwnerUserId,u.Id=b.UserId#p.Score,>,-14,p.Score,<,46,p.CommentCount,>,3,p.CommentCount,<,26,u.DownVotes,>,78,u.DownVotes,<,582,v.CreationDate,>,1369737660,v.CreationDate,<,1387363520,v.VoteTypeId,>,9,v.VoteTypeId,<,15,b.Date,>,1347629585,b.Date,<,1396703696#48
votes v,posts p,badges b,users u#p.Id=v.PostId,u.Id=p.OwnerUserId,u.Id=b.UserId#p.Score,>,100,p.Score,<,177,p.CommentCount,>,9,p.CommentCount,<,18,u.DownVotes,>,72,u.DownVotes,<,570,v.CreationDate,>,1296543119,v.CreationDate,<,1361758636,v.VoteTypeId,>,1,v.VoteTypeId,<,6,b.Date,>,1359511277,b.Date,<,1383880851#3410
votes v,posts p,badges b,users u#p.Id=v.PostId,u.Id=p.OwnerUserId,u.Id=b.UserId#p.Score,>,39,p.Score,<,91,p.CommentCount,>,1,p.CommentCount,<,40,u.DownVotes,>,134,u.DownVotes,<,812,v.CreationDate,>,1381040019,v.CreationDate,<,1404833845,v.VoteTypeId,>,4,v.VoteTypeId,<,10,b.Date,>,1337512693,b.Date,<,1357369389#408
votes v,posts p,badges b,users u#p.Id=v.PostId,u.Id=p.OwnerUserId,u.Id=b.UserId#p.Score,>,113,p.Score,<,152,p.CommentCount,>,7,p.CommentCount,<,42,u.DownVotes,>,151,u.DownVotes,<,1069,v.CreationDate,>,1258920950,v.CreationDate,<,1394355275,v.VoteTypeId,>,1,v.VoteTypeId,<,10,b.Date,>,1303556112,b.Date,<,1309594562#1936
votes v,posts p,badges b,users u#p.Id=v.PostId,u.Id=p.OwnerUserId,u.Id=b.UserId#p.Score,>,7,p.Score,<,97,p.CommentCount,>,7,p.CommentCount,<,34,u.DownVotes,>,625,u.DownVotes,<,1499,v.CreationDate,>,1298725628,v.CreationDate,<,1397517116,v.VoteTypeId,>,1,v.VoteTypeId,<,6,b.Date,>,1307924034,b.Date,<,1399882610#242541
votes v,posts p,badges b,users u#p.Id=v.PostId,u.Id=p.OwnerUserId,u.Id=b.UserId#p.Score,>,39,p.Score,<,164,p.CommentCount,>,18,p.CommentCount,<,38,u.DownVotes,>,54,u.DownVotes,<,474,v.CreationDate,>,1346887462,v.CreationDate,<,1387815563,v.VoteTypeId,>,1,v.VoteTypeId,<,5,b.Date,>,1313176903,b.Date,<,1344481154#2401
votes v,posts p,badges b,users u#p.Id=v.PostId,u.Id=p.OwnerUserId,u.Id=b.UserId#p.Score,>,35,p.Score,<,109,p.CommentCount,>,6,p.CommentCount,<,34,u.DownVotes,>,235,u.DownVotes,<,1767,v.CreationDate,>,1255339771,v.CreationDate,<,1292985872,v.VoteTypeId,>,1,v.VoteTypeId,<,8,b.Date,>,1311458248,b.Date,<,1349225683#1064
votes v,posts p,badges b,users u#p.Id=v.PostId,u.Id=p.OwnerUserId,u.Id=b.UserId#p.Score,>,0,p.Score,<,33,p.CommentCount,>,3,p.CommentCount,<,18,u.DownVotes,>,276,u.DownVotes,<,1618,v.CreationDate,>,1269820772,v.CreationDate,<,1310163000,v.VoteTypeId,>,2,v.VoteTypeId,<,6,b.Date,>,1333244573,b.Date,<,1397218383#1644
votes v,posts p,badges b,users u#p.Id=v.PostId,u.Id=p.OwnerUserId,u.Id=b.UserId#p.Score,>,2,p.Score,<,44,p.CommentCount,>,0,p.CommentCount,<,43,u.DownVotes,>,511,u.DownVotes,<,984,v.CreationDate,>,1275576705,v.CreationDate,<,1389704494,v.VoteTypeId,>,3,v.VoteTypeId,<,15,b.Date,>,1315394275,b.Date,<,1317937909#231
votes v,posts p,badges b,users u#p.Id=v.PostId,u.Id=p.OwnerUserId,u.Id=b.UserId#p.Score,>,4,p.Score,<,97,p.CommentCount,>,3,p.CommentCount,<,24,u.DownVotes,>,422,u.DownVotes,<,1276,v.CreationDate,>,1257234540,v.CreationDate,<,1309713488,v.VoteTypeId,>,8,v.VoteTypeId,<,11,b.Date,>,1293408618,b.Date,<,1383627454#1896
votes v,posts p,badges b,users u#p.Id=v.PostId,u.Id=p.OwnerUserId,u.Id=b.UserId#p.Score,>,18,p.Score,<,74,p.CommentCount,>,0,p.CommentCount,<,5,u.DownVotes,>,12,u.DownVotes,<,1915,v.CreationDate,>,1327634074,v.CreationDate,<,1397516302,v.VoteTypeId,>,2,v.VoteTypeId,<,10,b.Date,>,1358599528,b.Date,<,1399785196#11403
votes v,posts p,badges b,users u#p.Id=v.PostId,u.Id=p.OwnerUserId,u.Id=b.UserId#p.Score,>,67,p.Score,<,178,p.CommentCount,>,7,p.CommentCount,<,27,u.DownVotes,>,769,u.DownVotes,<,1038,v.CreationDate,>,1243071465,v.CreationDate,<,1354767500,v.VoteTypeId,>,2,v.VoteTypeId,<,13,b.Date,>,1306401923,b.Date,<,1321158922#49
votes v,posts p,badges b,users u#p.Id=v.PostId,u.Id=p.OwnerUserId,u.Id=b.UserId#p.Score,>,23,p.Score,<,164,p.CommentCount,>,16,p.CommentCount,<,34,u.DownVotes,>,120,u.DownVotes,<,471,v.CreationDate,>,1260949528,v.CreationDate,<,1300951470,v.VoteTypeId,>,3,v.VoteTypeId,<,12,b.Date,>,1345193825,b.Date,<,1404226677#64
votes v,posts p,badges b,users u#p.Id=v.PostId,u.Id=p.OwnerUserId,u.Id=b.UserId#p.Score,>,-5,p.Score,<,132,p.CommentCount,>,11,p.CommentCount,<,28,u.DownVotes,>,76,u.DownVotes,<,1683,v.CreationDate,>,1285656817,v.CreationDate,<,1390663450,v.VoteTypeId,>,2,v.VoteTypeId,<,12,b.Date,>,1346330259,b.Date,<,1401753961#2244
votes v,posts p,badges b,users u#p.Id=v.PostId,u.Id=p.OwnerUserId,u.Id=b.UserId#p.Score,>,39,p.Score,<,173,p.CommentCount,>,7,p.CommentCount,<,40,u.DownVotes,>,49,u.DownVotes,<,674,v.CreationDate,>,1277175929,v.CreationDate,<,1404166625,v.VoteTypeId,>,3,v.VoteTypeId,<,13,b.Date,>,1333951984,b.Date,<,1396680205#248
votes v,posts p,badges b,users u#p.Id=v.PostId,u.Id=p.OwnerUserId,u.Id=b.UserId#p.Score,>,66,p.Score,<,100,p.CommentCount,>,8,p.CommentCount,<,34,u.DownVotes,>,85,u.DownVotes,<,1312,v.CreationDate,>,1329948284,v.CreationDate,<,1396704553,v.VoteTypeId,>,2,v.VoteTypeId,<,8,b.Date,>,1371871146,b.Date,<,1393975308#155
votes v,posts p,badges b,users u#p.Id=v.PostId,u.Id=p.OwnerUserId,u.Id=b.UserId#p.Score,>,44,p.Score,<,87,p.CommentCount,>,5,p.CommentCount,<,40,u.DownVotes,>,428,u.DownVotes,<,1736,v.CreationDate,>,1377672998,v.CreationDate,<,1395636682,v.VoteTypeId,>,1,v.VoteTypeId,<,15,b.Date,>,1310201711,b.Date,<,1383728649#25935
votes v,posts p,badges b,users u#p.Id=v.PostId,u.Id=p.OwnerUserId,u.Id=b.UserId#p.Score,>,65,p.Score,<,125,p.CommentCount,>,7,p.CommentCount,<,39,u.DownVotes,>,396,u.DownVotes,<,1683,v.CreationDate,>,1266436379,v.CreationDate,<,1300722252,v.VoteTypeId,>,1,v.VoteTypeId,<,13,b.Date,>,1323242069,b.Date,<,1375780586#3015
votes v,posts p,badges b,users u#p.Id=v.PostId,u.Id=p.OwnerUserId,u.Id=b.UserId#p.Score,>,1,p.Score,<,158,p.CommentCount,>,7,p.CommentCount,<,39,u.DownVotes,>,245,u.DownVotes,<,721,v.CreationDate,>,1286376808,v.CreationDate,<,1352203023,v.VoteTypeId,>,8,v.VoteTypeId,<,15,b.Date,>,1319307980,b.Date,<,1363913952#121
votes v,posts p,badges b,users u#p.Id=v.PostId,u.Id=p.OwnerUserId,u.Id=b.UserId#p.Score,>,-3,p.Score,<,34,p.CommentCount,>,15,p.CommentCount,<,39,u.DownVotes,>,39,u.DownVotes,<,1761,v.CreationDate,>,1239925025,v.CreationDate,<,1342555753,v.VoteTypeId,>,2,v.VoteTypeId,<,14,b.Date,>,1362941917,b.Date,<,1397722613#237
votes v,posts p,badges b,users u#p.Id=v.PostId,u.Id=p.OwnerUserId,u.Id=b.UserId#p.Score,>,7,p.Score,<,40,p.CommentCount,>,0,p.CommentCount,<,24,u.DownVotes,>,378,u.DownVotes,<,1656,v.CreationDate,>,1326577434,v.CreationDate,<,1404299190,v.VoteTypeId,>,1,v.VoteTypeId,<,6,b.Date,>,1323480075,b.Date,<,1325766818#8292
votes v,posts p,badges b,users u#p.Id=v.PostId,u.Id=p.OwnerUserId,u.Id=b.UserId#p.Score,>,18,p.Score,<,121,p.CommentCount,>,0,p.CommentCount,<,15,u.DownVotes,>,243,u.DownVotes,<,826,v.CreationDate,>,1309769549,v.CreationDate,<,1352739549,v.VoteTypeId,>,6,v.VoteTypeId,<,14,b.Date,>,1363993511,b.Date,<,1402681968#68
votes v,posts p,badges b,users u#p.Id=v.PostId,u.Id=p.OwnerUserId,u.Id=b.UserId#p.Score,>,29,p.Score,<,128,p.CommentCount,>,13,p.CommentCount,<,38,u.DownVotes,>,735,u.DownVotes,<,1581,v.CreationDate,>,1326646491,v.CreationDate,<,1400847634,v.VoteTypeId,>,5,v.VoteTypeId,<,11,b.Date,>,1343499042,b.Date,<,1404073201#238
votes v,posts p,badges b,users u#p.Id=v.PostId,u.Id=p.OwnerUserId,u.Id=b.UserId#p.Score,>,5,p.Score,<,52,p.CommentCount,>,6,p.CommentCount,<,25,u.DownVotes,>,672,u.DownVotes,<,1554,v.CreationDate,>,1252517800,v.CreationDate,<,1339617713,v.VoteTypeId,>,6,v.VoteTypeId,<,10,b.Date,>,1292202728,b.Date,<,1402455548#1600
votes v,posts p,badges b,users u#p.Id=v.PostId,u.Id=p.OwnerUserId,u.Id=b.UserId#p.Score,>,71,p.Score,<,87,p.CommentCount,>,6,p.CommentCount,<,18,u.DownVotes,>,223,u.DownVotes,<,1704,v.CreationDate,>,1254516426,v.CreationDate,<,1375719098,v.VoteTypeId,>,1,v.VoteTypeId,<,10,b.Date,>,1300324161,b.Date,<,1354325801#10830
votes v,posts p,badges b,users u#p.Id=v.PostId,u.Id=p.OwnerUserId,u.Id=b.UserId#p.Score,>,-13,p.Score,<,73,p.CommentCount,>,19,p.CommentCount,<,35,u.DownVotes,>,204,u.DownVotes,<,685,v.CreationDate,>,1283978372,v.CreationDate,<,1393653383,v.VoteTypeId,>,2,v.VoteTypeId,<,13,b.Date,>,1328502096,b.Date,<,1384380201#63
votes v,posts p,badges b,users u#p.Id=v.PostId,u.Id=p.OwnerUserId,u.Id=b.UserId#p.Score,>,-8,p.Score,<,107,p.CommentCount,>,7,p.CommentCount,<,24,u.DownVotes,>,388,u.DownVotes,<,1529,v.CreationDate,>,1315044758,v.CreationDate,<,1370887209,v.VoteTypeId,>,9,v.VoteTypeId,<,13,b.Date,>,1335375056,b.Date,<,1347147823#72
votes v,posts p,badges b,users u#p.Id=v.PostId,u.Id=p.OwnerUserId,u.Id=b.UserId#p.Score,>,-5,p.Score,<,81,p.CommentCount,>,4,p.CommentCount,<,22,u.DownVotes,>,406,u.DownVotes,<,443,v.CreationDate,>,1246467669,v.CreationDate,<,1335832022,v.VoteTypeId,>,5,v.VoteTypeId,<,13,b.Date,>,1324673728,b.Date,<,1326529215#1
votes v,posts p,badges b,users u#p.Id=v.PostId,u.Id=p.OwnerUserId,u.Id=b.UserId#p.Score,>,5,p.Score,<,105,p.CommentCount,>,10,p.CommentCount,<,14,u.DownVotes,>,261,u.DownVotes,<,938,v.CreationDate,>,1252638098,v.CreationDate,<,1350872337,v.VoteTypeId,>,2,v.VoteTypeId,<,14,b.Date,>,1282307485,b.Date,<,1312783489#48
votes v,posts p,badges b,users u#p.Id=v.PostId,u.Id=p.OwnerUserId,u.Id=b.UserId#p.Score,>,-1,p.Score,<,71,p.CommentCount,>,16,p.CommentCount,<,33,u.DownVotes,>,213,u.DownVotes,<,1392,v.CreationDate,>,1281468969,v.CreationDate,<,1331641449,v.VoteTypeId,>,7,v.VoteTypeId,<,10,b.Date,>,1308290925,b.Date,<,1382346760#279
votes v,posts p,badges b,users u#p.Id=v.PostId,u.Id=p.OwnerUserId,u.Id=b.UserId#p.Score,>,36,p.Score,<,49,p.CommentCount,>,0,p.CommentCount,<,23,u.DownVotes,>,114,u.DownVotes,<,432,v.CreationDate,>,1259100840,v.CreationDate,<,1387926470,v.VoteTypeId,>,1,v.VoteTypeId,<,14,b.Date,>,1286501143,b.Date,<,1317891777#6713
votes v,posts p,badges b,users u#p.Id=v.PostId,u.Id=p.OwnerUserId,u.Id=b.UserId#p.Score,>,-2,p.Score,<,116,p.CommentCount,>,0,p.CommentCount,<,15,u.DownVotes,>,497,u.DownVotes,<,998,v.CreationDate,>,1341018149,v.CreationDate,<,1392466464,v.VoteTypeId,>,3,v.VoteTypeId,<,14,b.Date,>,1288658446,b.Date,<,1299580360#806
votes v,posts p,badges b,users u#p.Id=v.PostId,u.Id=p.OwnerUserId,u.Id=b.UserId#p.Score,>,34,p.Score,<,54,p.CommentCount,>,1,p.CommentCount,<,8,u.DownVotes,>,442,u.DownVotes,<,1191,v.CreationDate,>,1269234947,v.CreationDate,<,1356687786,v.VoteTypeId,>,1,v.VoteTypeId,<,7,b.Date,>,1313085615,b.Date,<,1393502573#54416
votes v,posts p,badges b,users u#p.Id=v.PostId,u.Id=p.OwnerUserId,u.Id=b.UserId#p.Score,>,-14,p.Score,<,80,p.CommentCount,>,3,p.CommentCount,<,21,u.DownVotes,>,363,u.DownVotes,<,1535,v.CreationDate,>,1328268512,v.CreationDate,<,1361561028,v.VoteTypeId,>,9,v.VoteTypeId,<,15,b.Date,>,1341142481,b.Date,<,1382813246#195
votes v,posts p,badges b,users u#p.Id=v.PostId,u.Id=p.OwnerUserId,u.Id=b.UserId#p.Score,>,54,p.Score,<,125,p.CommentCount,>,1,p.CommentCount,<,40,u.DownVotes,>,334,u.DownVotes,<,1785,v.CreationDate,>,1394298409,v.CreationDate,<,1399551815,v.VoteTypeId,>,1,v.VoteTypeId,<,3,b.Date,>,1283268408,b.Date,<,1297512304#448
votes v,posts p,badges b,users u#p.Id=v.PostId,u.Id=p.OwnerUserId,u.Id=b.UserId#p.Score,>,-12,p.Score,<,37,p.CommentCount,>,2,p.CommentCount,<,15,u.DownVotes,>,169,u.DownVotes,<,342,v.CreationDate,>,1274196081,v.CreationDate,<,1400925095,v.VoteTypeId,>,2,v.VoteTypeId,<,6,b.Date,>,1288666721,b.Date,<,1365108076#5680
votes v,posts p,badges b,users u#p.Id=v.PostId,u.Id=p.OwnerUserId,u.Id=b.UserId#p.Score,>,7,p.Score,<,168,p.CommentCount,>,17,p.CommentCount,<,30,u.DownVotes,>,52,u.DownVotes,<,513,v.CreationDate,>,1273443968,v.CreationDate,<,1347192979,v.VoteTypeId,>,1,v.VoteTypeId,<,6,b.Date,>,1294206098,b.Date,<,1356138756#5658
votes v,posts p,badges b,users u#p.Id=v.PostId,u.Id=p.OwnerUserId,u.Id=b.UserId#p.Score,>,-6,p.Score,<,107,p.CommentCount,>,8,p.CommentCount,<,19,u.DownVotes,>,139,u.DownVotes,<,1879,v.CreationDate,>,1300470746,v.CreationDate,<,1397088185,v.VoteTypeId,>,10,v.VoteTypeId,<,13,b.Date,>,1370565898,b.Date,<,1407291667#31
votes v,posts p,badges b,users u#p.Id=v.PostId,u.Id=p.OwnerUserId,u.Id=b.UserId#p.Score,>,19,p.Score,<,99,p.CommentCount,>,1,p.CommentCount,<,8,u.DownVotes,>,143,u.DownVotes,<,499,v.CreationDate,>,1275212426,v.CreationDate,<,1390897993,v.VoteTypeId,>,1,v.VoteTypeId,<,15,b.Date,>,1289764325,b.Date,<,1308075552#15745
votes v,posts p,badges b,users u#p.Id=v.PostId,u.Id=p.OwnerUserId,u.Id=b.UserId#p.Score,>,20,p.Score,<,93,p.CommentCount,>,9,p.CommentCount,<,26,u.DownVotes,>,752,u.DownVotes,<,1144,v.CreationDate,>,1256511569,v.CreationDate,<,1400880628,v.VoteTypeId,>,5,v.VoteTypeId,<,14,b.Date,>,1310831353,b.Date,<,1331463072#55
votes v,posts p,badges b,users u#p.Id=v.PostId,u.Id=p.OwnerUserId,u.Id=b.UserId#p.Score,>,41,p.Score,<,117,p.CommentCount,>,1,p.CommentCount,<,6,u.DownVotes,>,13,u.DownVotes,<,1831,v.CreationDate,>,1314202614,v.CreationDate,<,1382794603,v.VoteTypeId,>,1,v.VoteTypeId,<,9,b.Date,>,1280898454,b.Date,<,1382119960#114621
votes v,posts p,badges b,users u#p.Id=v.PostId,u.Id=p.OwnerUserId,u.Id=b.UserId#p.Score,>,-10,p.Score,<,172,p.CommentCount,>,4,p.CommentCount,<,9,u.DownVotes,>,234,u.DownVotes,<,1623,v.CreationDate,>,1296284037,v.CreationDate,<,1392797352,v.VoteTypeId,>,2,v.VoteTypeId,<,14,b.Date,>,1367082892,b.Date,<,1389855331#2706
votes v,posts p,badges b,users u#p.Id=v.PostId,u.Id=p.OwnerUserId,u.Id=b.UserId#p.Score,>,14,p.Score,<,127,p.CommentCount,>,19,p.CommentCount,<,37,u.DownVotes,>,94,u.DownVotes,<,296,v.CreationDate,>,1286004657,v.CreationDate,<,1376502409,v.VoteTypeId,>,6,v.VoteTypeId,<,11,b.Date,>,1380051318,b.Date,<,1384370913#3
votes v,posts p,badges b,users u#p.Id=v.PostId,u.Id=p.OwnerUserId,u.Id=b.UserId#p.Score,>,-11,p.Score,<,125,p.CommentCount,>,3,p.CommentCount,<,43,u.DownVotes,>,734,u.DownVotes,<,1344,v.CreationDate,>,1382767474,v.CreationDate,<,1386797863,v.VoteTypeId,>,2,v.VoteTypeId,<,10,b.Date,>,1309390915,b.Date,<,1322263657#80
votes v,posts p,badges b,users u#p.Id=v.PostId,u.Id=p.OwnerUserId,u.Id=b.UserId#p.Score,>,-14,p.Score,<,85,p.CommentCount,>,5,p.CommentCount,<,24,u.DownVotes,>,112,u.DownVotes,<,1694,v.CreationDate,>,1245213157,v.CreationDate,<,1321940170,v.VoteTypeId,>,8,v.VoteTypeId,<,11,b.Date,>,1316362611,b.Date,<,1376384883#751
votes v,posts p,badges b,users u#p.Id=v.PostId,u.Id=p.OwnerUserId,u.Id=b.UserId#p.Score,>,56,p.Score,<,84,p.CommentCount,>,6,p.CommentCount,<,41,u.DownVotes,>,631,u.DownVotes,<,803,v.CreationDate,>,1318870983,v.CreationDate,<,1339730170,v.VoteTypeId,>,1,v.VoteTypeId,<,14,b.Date,>,1304482879,b.Date,<,1406848563#22538
votes v,posts p,badges b,users u#p.Id=v.PostId,u.Id=p.OwnerUserId,u.Id=b.UserId#p.Score,>,13,p.Score,<,105,p.CommentCount,>,4,p.CommentCount,<,21,u.DownVotes,>,47,u.DownVotes,<,1366,v.CreationDate,>,1317084119,v.CreationDate,<,1363814121,v.VoteTypeId,>,5,v.VoteTypeId,<,10,b.Date,>,1337857163,b.Date,<,1410155546#249
votes v,posts p,badges b,users u#p.Id=v.PostId,u.Id=p.OwnerUserId,u.Id=b.UserId#p.Score,>,1,p.Score,<,159,p.CommentCount,>,12,p.CommentCount,<,41,u.DownVotes,>,765,u.DownVotes,<,1130,v.CreationDate,>,1367815127,v.CreationDate,<,1398795390,v.VoteTypeId,>,1,v.VoteTypeId,<,5,b.Date,>,1318534746,b.Date,<,1350573550#7980
votes v,posts p,badges b,users u#p.Id=v.PostId,u.Id=p.OwnerUserId,u.Id=b.UserId#p.Score,>,-10,p.Score,<,160,p.CommentCount,>,3,p.CommentCount,<,26,u.DownVotes,>,330,u.DownVotes,<,1086,v.CreationDate,>,1241092971,v.CreationDate,<,1378022941,v.VoteTypeId,>,1,v.VoteTypeId,<,9,b.Date,>,1324789361,b.Date,<,1375941040#578056
votes v,posts p,badges b,users u#p.Id=v.PostId,u.Id=p.OwnerUserId,u.Id=b.UserId#p.Score,>,-3,p.Score,<,75,p.CommentCount,>,12,p.CommentCount,<,27,u.DownVotes,>,408,u.DownVotes,<,802,v.CreationDate,>,1286898196,v.CreationDate,<,1371285715,v.VoteTypeId,>,3,v.VoteTypeId,<,15,b.Date,>,1305830214,b.Date,<,1406444990#379
votes v,posts p,badges b,users u#p.Id=v.PostId,u.Id=p.OwnerUserId,u.Id=b.UserId#p.Score,>,14,p.Score,<,167,p.CommentCount,>,6,p.CommentCount,<,41,u.DownVotes,>,15,u.DownVotes,<,643,v.CreationDate,>,1275292265,v.CreationDate,<,1345460885,v.VoteTypeId,>,3,v.VoteTypeId,<,12,b.Date,>,1357303346,b.Date,<,1366201606#580
votes v,posts p,badges b,users u#p.Id=v.PostId,u.Id=p.OwnerUserId,u.Id=b.UserId#p.Score,>,-7,p.Score,<,160,p.CommentCount,>,11,p.CommentCount,<,42,u.DownVotes,>,369,u.DownVotes,<,949,v.CreationDate,>,1315670066,v.CreationDate,<,1370589698,v.VoteTypeId,>,3,v.VoteTypeId,<,14,b.Date,>,1325491459,b.Date,<,1364350970#484
votes v,posts p,badges b,users u#p.Id=v.PostId,u.Id=p.OwnerUserId,u.Id=b.UserId#p.Score,>,-9,p.Score,<,20,p.CommentCount,>,3,p.CommentCount,<,28,u.DownVotes,>,277,u.DownVotes,<,1593,v.CreationDate,>,1253902020,v.CreationDate,<,1332996027,v.VoteTypeId,>,10,v.VoteTypeId,<,13,b.Date,>,1362995606,b.Date,<,1372901529#35
votes v,posts p,badges b,users u#p.Id=v.PostId,u.Id=p.OwnerUserId,u.Id=b.UserId#p.Score,>,-12,p.Score,<,28,p.CommentCount,>,1,p.CommentCount,<,32,u.DownVotes,>,395,u.DownVotes,<,1525,v.CreationDate,>,1303461931,v.CreationDate,<,1352395304,v.VoteTypeId,>,10,v.VoteTypeId,<,13,b.Date,>,1282335092,b.Date,<,1310608998#18
votes v,posts p,badges b,users u#p.Id=v.PostId,u.Id=p.OwnerUserId,u.Id=b.UserId#p.Score,>,6,p.Score,<,50,p.CommentCount,>,10,p.CommentCount,<,35,u.DownVotes,>,93,u.DownVotes,<,634,v.CreationDate,>,1265365099,v.CreationDate,<,1324710531,v.VoteTypeId,>,1,v.VoteTypeId,<,6,b.Date,>,1379511090,b.Date,<,1380656517#128
votes v,posts p,badges b,users u#p.Id=v.PostId,u.Id=p.OwnerUserId,u.Id=b.UserId#p.Score,>,9,p.Score,<,191,p.CommentCount,>,4,p.CommentCount,<,21,u.DownVotes,>,652,u.DownVotes,<,1829,v.CreationDate,>,1273291275,v.CreationDate,<,1363232419,v.VoteTypeId,>,1,v.VoteTypeId,<,7,b.Date,>,1391022896,b.Date,<,1394947964#27255
votes v,posts p,badges b,users u#p.Id=v.PostId,u.Id=p.OwnerUserId,u.Id=b.UserId#p.Score,>,39,p.Score,<,179,p.CommentCount,>,0,p.CommentCount,<,12,u.DownVotes,>,89,u.DownVotes,<,354,v.CreationDate,>,1241347270,v.CreationDate,<,1348406237,v.VoteTypeId,>,3,v.VoteTypeId,<,15,b.Date,>,1283933952,b.Date,<,1358317597#1786
votes v,posts p,badges b,users u#p.Id=v.PostId,u.Id=p.OwnerUserId,u.Id=b.UserId#p.Score,>,69,p.Score,<,98,p.CommentCount,>,1,p.CommentCount,<,38,u.DownVotes,>,52,u.DownVotes,<,934,v.CreationDate,>,1256397002,v.CreationDate,<,1338596052,v.VoteTypeId,>,2,v.VoteTypeId,<,13,b.Date,>,1346197650,b.Date,<,1392084068#1557
votes v,posts p,badges b,users u#p.Id=v.PostId,u.Id=p.OwnerUserId,u.Id=b.UserId#p.Score,>,-8,p.Score,<,39,p.CommentCount,>,5,p.CommentCount,<,36,u.DownVotes,>,221,u.DownVotes,<,940,v.CreationDate,>,1329033715,v.CreationDate,<,1362878434,v.VoteTypeId,>,2,v.VoteTypeId,<,4,b.Date,>,1314558554,b.Date,<,1402850257#654
votes v,posts p,badges b,users u#p.Id=v.PostId,u.Id=p.OwnerUserId,u.Id=b.UserId#p.Score,>,-6,p.Score,<,101,p.CommentCount,>,14,p.CommentCount,<,32,u.DownVotes,>,119,u.DownVotes,<,816,v.CreationDate,>,1269197659,v.CreationDate,<,1325511683,v.VoteTypeId,>,6,v.VoteTypeId,<,15,b.Date,>,1281729354,b.Date,<,1380603953#450
votes v,posts p,badges b,users u#p.Id=v.PostId,u.Id=p.OwnerUserId,u.Id=b.UserId#p.Score,>,-10,p.Score,<,183,p.CommentCount,>,8,p.CommentCount,<,42,u.DownVotes,>,15,u.DownVotes,<,1304,v.CreationDate,>,1302791058,v.CreationDate,<,1357352298,v.VoteTypeId,>,10,v.VoteTypeId,<,14,b.Date,>,1372579665,b.Date,<,1407572273#60
votes v,posts p,badges b,users u#p.Id=v.PostId,u.Id=p.OwnerUserId,u.Id=b.UserId#p.Score,>,11,p.Score,<,179,p.CommentCount,>,4,p.CommentCount,<,21,u.DownVotes,>,117,u.DownVotes,<,310,v.CreationDate,>,1258340282,v.CreationDate,<,1384832232,v.VoteTypeId,>,3,v.VoteTypeId,<,9,b.Date,>,1339312284,b.Date,<,1380286179#120
votes v,posts p,badges b,users u#p.Id=v.PostId,u.Id=p.OwnerUserId,u.Id=b.UserId#p.Score,>,-1,p.Score,<,180,p.CommentCount,>,1,p.CommentCount,<,25,u.DownVotes,>,604,u.DownVotes,<,873,v.CreationDate,>,1261121768,v.CreationDate,<,1399826897,v.VoteTypeId,>,4,v.VoteTypeId,<,15,b.Date,>,1281337876,b.Date,<,1319547102#4998
votes v,posts p,badges b,users u#p.Id=v.PostId,u.Id=p.OwnerUserId,u.Id=b.UserId#p.Score,>,19,p.Score,<,57,p.CommentCount,>,11,p.CommentCount,<,40,u.DownVotes,>,446,u.DownVotes,<,892,v.CreationDate,>,1351910726,v.CreationDate,<,1406913533,v.VoteTypeId,>,3,v.VoteTypeId,<,10,b.Date,>,1317316644,b.Date,<,1348014823#124
votes v,posts p,badges b,users u#p.Id=v.PostId,u.Id=p.OwnerUserId,u.Id=b.UserId#p.Score,>,-11,p.Score,<,13,p.CommentCount,>,7,p.CommentCount,<,41,u.DownVotes,>,242,u.DownVotes,<,1024,v.CreationDate,>,1282205582,v.CreationDate,<,1328096385,v.VoteTypeId,>,6,v.VoteTypeId,<,13,b.Date,>,1358600246,b.Date,<,1368094968#29
votes v,posts p,badges b,users u#p.Id=v.PostId,u.Id=p.OwnerUserId,u.Id=b.UserId#p.Score,>,59,p.Score,<,92,p.CommentCount,>,1,p.CommentCount,<,26,u.DownVotes,>,402,u.DownVotes,<,1182,v.CreationDate,>,1382272919,v.CreationDate,<,1391022629,v.VoteTypeId,>,2,v.VoteTypeId,<,6,b.Date,>,1308536765,b.Date,<,1319404702#35
votes v,posts p,badges b,users u#p.Id=v.PostId,u.Id=p.OwnerUserId,u.Id=b.UserId#p.Score,>,94,p.Score,<,141,p.CommentCount,>,5,p.CommentCount,<,34,u.DownVotes,>,125,u.DownVotes,<,1288,v.CreationDate,>,1279824383,v.CreationDate,<,1366223802,v.VoteTypeId,>,1,v.VoteTypeId,<,3,b.Date,>,1284877946,b.Date,<,1405270413#31171
votes v,posts p,badges b,users u#p.Id=v.PostId,u.Id=p.OwnerUserId,u.Id=b.UserId#p.Score,>,3,p.Score,<,49,p.CommentCount,>,12,p.CommentCount,<,30,u.DownVotes,>,52,u.DownVotes,<,1281,v.CreationDate,>,1344510733,v.CreationDate,<,1362524559,v.VoteTypeId,>,1,v.VoteTypeId,<,6,b.Date,>,1294566570,b.Date,<,1295970497#92
votes v,posts p,badges b,users u#p.Id=v.PostId,u.Id=p.OwnerUserId,u.Id=b.UserId#p.Score,>,-9,p.Score,<,142,p.CommentCount,>,8,p.CommentCount,<,41,u.DownVotes,>,197,u.DownVotes,<,528,v.CreationDate,>,1328620331,v.CreationDate,<,1365340147,v.VoteTypeId,>,4,v.VoteTypeId,<,6,b.Date,>,1304310500,b.Date,<,1368330292#852
votes v,posts p,badges b,users u#p.Id=v.PostId,u.Id=p.OwnerUserId,u.Id=b.UserId#p.Score,>,-14,p.Score,<,77,p.CommentCount,>,12,p.CommentCount,<,38,u.DownVotes,>,98,u.DownVotes,<,1718,v.CreationDate,>,1237770338,v.CreationDate,<,1408557526,v.VoteTypeId,>,4,v.VoteTypeId,<,15,b.Date,>,1339152498,b.Date,<,1367959670#435
votes v,posts p,badges b,users u#p.Id=v.PostId,u.Id=p.OwnerUserId,u.Id=b.UserId#p.Score,>,1,p.Score,<,179,p.CommentCount,>,1,p.CommentCount,<,34,u.DownVotes,>,449,u.DownVotes,<,1120,v.CreationDate,>,1261821101,v.CreationDate,<,1312750870,v.VoteTypeId,>,1,v.VoteTypeId,<,11,b.Date,>,1356508186,b.Date,<,1391572856#166964
votes v,posts p,badges b,users u#p.Id=v.PostId,u.Id=p.OwnerUserId,u.Id=b.UserId#p.Score,>,81,p.Score,<,151,p.CommentCount,>,1,p.CommentCount,<,25,u.DownVotes,>,672,u.DownVotes,<,1603,v.CreationDate,>,1312040884,v.CreationDate,<,1373295547,v.VoteTypeId,>,1,v.VoteTypeId,<,12,b.Date,>,1291326506,b.Date,<,1304445371#4012
votes v,posts p,badges b,users u#p.Id=v.PostId,u.Id=p.OwnerUserId,u.Id=b.UserId#p.Score,>,-8,p.Score,<,142,p.CommentCount,>,0,p.CommentCount,<,42,u.DownVotes,>,52,u.DownVotes,<,1115,v.CreationDate,>,1366104865,v.CreationDate,<,1401822374,v.VoteTypeId,>,4,v.VoteTypeId,<,11,b.Date,>,1328950435,b.Date,<,1375948158#16429
votes v,posts p,badges b,users u#p.Id=v.PostId,u.Id=p.OwnerUserId,u.Id=b.UserId#p.Score,>,-8,p.Score,<,94,p.CommentCount,>,5,p.CommentCount,<,15,u.DownVotes,>,417,u.DownVotes,<,997,v.CreationDate,>,1298661556,v.CreationDate,<,1325614273,v.VoteTypeId,>,7,v.VoteTypeId,<,13,b.Date,>,1324643612,b.Date,<,1376862385#201
votes v,posts p,badges b,users u#p.Id=v.PostId,u.Id=p.OwnerUserId,u.Id=b.UserId#p.Score,>,-7,p.Score,<,24,p.CommentCount,>,15,p.CommentCount,<,24,u.DownVotes,>,238,u.DownVotes,<,1394,v.CreationDate,>,1261613849,v.CreationDate,<,1366878968,v.VoteTypeId,>,8,v.VoteTypeId,<,11,b.Date,>,1355859409,b.Date,<,1375762490#71
votes v,posts p,badges b,users u#p.Id=v.PostId,u.Id=p.OwnerUserId,u.Id=b.UserId#p.Score,>,8,p.Score,<,29,p.CommentCount,>,4,p.CommentCount,<,35,u.DownVotes,>,123,u.DownVotes,<,1073,v.CreationDate,>,1254227431,v.CreationDate,<,1395661527,v.VoteTypeId,>,6,v.VoteTypeId,<,13,b.Date,>,1317874682,b.Date,<,1400920657#2902
votes v,posts p,badges b,users u#p.Id=v.PostId,u.Id=p.OwnerUserId,u.Id=b.UserId#p.Score,>,22,p.Score,<,42,p.CommentCount,>,14,p.CommentCount,<,25,u.DownVotes,>,237,u.DownVotes,<,1847,v.CreationDate,>,1285833207,v.CreationDate,<,1371577128,v.VoteTypeId,>,1,v.VoteTypeId,<,3,b.Date,>,1279853057,b.Date,<,1345975400#4715
votes v,posts p,badges b,users u#p.Id=v.PostId,u.Id=p.OwnerUserId,u.Id=b.UserId#p.Score,>,48,p.Score,<,113,p.CommentCount,>,5,p.CommentCount,<,21,u.DownVotes,>,391,u.DownVotes,<,1056,v.CreationDate,>,1263821181,v.CreationDate,<,1385806610,v.VoteTypeId,>,2,v.VoteTypeId,<,5,b.Date,>,1281528432,b.Date,<,1392015087#766
votes v,posts p,badges b,users u#p.Id=v.PostId,u.Id=p.OwnerUserId,u.Id=b.UserId#p.Score,>,0,p.Score,<,182,p.CommentCount,>,14,p.CommentCount,<,42,u.DownVotes,>,206,u.DownVotes,<,1163,v.CreationDate,>,1337731079,v.CreationDate,<,1373118710,v.VoteTypeId,>,2,v.VoteTypeId,<,8,b.Date,>,1298285840,b.Date,<,1320796218#15
votes v,posts p,badges b,users u#p.Id=v.PostId,u.Id=p.OwnerUserId,u.Id=b.UserId#p.Score,>,-17,p.Score,<,39,p.CommentCount,>,7,p.CommentCount,<,11,u.DownVotes,>,384,u.DownVotes,<,1683,v.CreationDate,>,1294978443,v.CreationDate,<,1356266509,v.VoteTypeId,>,4,v.VoteTypeId,<,10,b.Date,>,1282635201,b.Date,<,1340279846#308
votes v,posts p,badges b,users u#p.Id=v.PostId,u.Id=p.OwnerUserId,u.Id=b.UserId#p.Score,>,13,p.Score,<,165,p.CommentCount,>,6,p.CommentCount,<,17,u.DownVotes,>,497,u.DownVotes,<,935,v.CreationDate,>,1300089134,v.CreationDate,<,1392800331,v.VoteTypeId,>,6,v.VoteTypeId,<,14,b.Date,>,1290163144,b.Date,<,1383125687#324
votes v,posts p,badges b,users u#p.Id=v.PostId,u.Id=p.OwnerUserId,u.Id=b.UserId#p.Score,>,3,p.Score,<,64,p.CommentCount,>,6,p.CommentCount,<,30,u.DownVotes,>,753,u.DownVotes,<,1548,v.CreationDate,>,1250660952,v.CreationDate,<,1358052667,v.VoteTypeId,>,8,v.VoteTypeId,<,13,b.Date,>,1299274588,b.Date,<,1363636332#912
votes v,posts p,badges b,users u#p.Id=v.PostId,u.Id=p.OwnerUserId,u.Id=b.UserId#p.Score,>,35,p.Score,<,174,p.CommentCount,>,7,p.CommentCount,<,42,u.DownVotes,>,48,u.DownVotes,<,996,v.CreationDate,>,1272804580,v.CreationDate,<,1307832609,v.VoteTypeId,>,1,v.VoteTypeId,<,8,b.Date,>,1334052457,b.Date,<,1382334334#9478
votes v,posts p,badges b,users u#p.Id=v.PostId,u.Id=p.OwnerUserId,u.Id=b.UserId#p.Score,>,-15,p.Score,<,186,p.CommentCount,>,11,p.CommentCount,<,15,u.DownVotes,>,13,u.DownVotes,<,1683,v.CreationDate,>,1268179494,v.CreationDate,<,1365675096,v.VoteTypeId,>,4,v.VoteTypeId,<,15,b.Date,>,1367536870,b.Date,<,1396793922#291
votes v,posts p,badges b,users u#p.Id=v.PostId,u.Id=p.OwnerUserId,u.Id=b.UserId#p.Score,>,50,p.Score,<,120,p.CommentCount,>,3,p.CommentCount,<,30,u.DownVotes,>,525,u.DownVotes,<,1356,v.CreationDate,>,1248779826,v.CreationDate,<,1402794761,v.VoteTypeId,>,2,v.VoteTypeId,<,6,b.Date,>,1281220299,b.Date,<,1386159763#1071
votes v,posts p,badges b,users u#p.Id=v.PostId,u.Id=p.OwnerUserId,u.Id=b.UserId#p.Score,>,50,p.Score,<,127,p.CommentCount,>,9,p.CommentCount,<,23,u.DownVotes,>,764,u.DownVotes,<,1522,v.CreationDate,>,1248522411,v.CreationDate,<,1395466817,v.VoteTypeId,>,1,v.VoteTypeId,<,3,b.Date,>,1328543632,b.Date,<,1341384211#8113
votes v,posts p,badges b,users u#p.Id=v.PostId,u.Id=p.OwnerUserId,u.Id=b.UserId#p.Score,>,15,p.Score,<,184,p.CommentCount,>,9,p.CommentCount,<,37,u.DownVotes,>,192,u.DownVotes,<,950,v.CreationDate,>,1324051285,v.CreationDate,<,1399161322,v.VoteTypeId,>,1,v.VoteTypeId,<,5,b.Date,>,1370683815,b.Date,<,1405297793#64088
votes v,posts p,badges b,users u#p.Id=v.PostId,u.Id=p.OwnerUserId,u.Id=b.UserId#p.Score,>,-9,p.Score,<,51,p.CommentCount,>,6,p.CommentCount,<,28,u.DownVotes,>,340,u.DownVotes,<,1744,v.CreationDate,>,1273121925,v.CreationDate,<,1333936004,v.VoteTypeId,>,1,v.VoteTypeId,<,6,b.Date,>,1281673833,b.Date,<,1338776753#79812
votes v,posts p,badges b,users u#p.Id=v.PostId,u.Id=p.OwnerUserId,u.Id=b.UserId#p.Score,>,4,p.Score,<,172,p.CommentCount,>,6,p.CommentCount,<,38,u.DownVotes,>,448,u.DownVotes,<,1802,v.CreationDate,>,1262956593,v.CreationDate,<,1351983127,v.VoteTypeId,>,4,v.VoteTypeId,<,10,b.Date,>,1339978305,b.Date,<,1389947595#2665
votes v,posts p,badges b,users u#p.Id=v.PostId,u.Id=p.OwnerUserId,u.Id=b.UserId#p.Score,>,27,p.Score,<,168,p.CommentCount,>,1,p.CommentCount,<,5,u.DownVotes,>,417,u.DownVotes,<,1746,v.CreationDate,>,1323556450,v.CreationDate,<,1340547801,v.VoteTypeId,>,1,v.VoteTypeId,<,12,b.Date,>,1317462140,b.Date,<,1390245518#6504
votes v,posts p,badges b,users u#p.Id=v.PostId,u.Id=p.OwnerUserId,u.Id=b.UserId#p.Score,>,0,p.Score,<,171,p.CommentCount,>,6,p.CommentCount,<,34,u.DownVotes,>,186,u.DownVotes,<,1014,v.CreationDate,>,1235895060,v.CreationDate,<,1310932645,v.VoteTypeId,>,4,v.VoteTypeId,<,9,b.Date,>,1290348740,b.Date,<,1297726018#108
votes v,posts p,badges b,users u#p.Id=v.PostId,u.Id=p.OwnerUserId,u.Id=b.UserId#p.Score,>,7,p.Score,<,184,p.CommentCount,>,16,p.CommentCount,<,32,u.DownVotes,>,744,u.DownVotes,<,1896,v.CreationDate,>,1241118708,v.CreationDate,<,1314727378,v.VoteTypeId,>,6,v.VoteTypeId,<,15,b.Date,>,1399037250,b.Date,<,1401291699#9
votes v,posts p,badges b,users u#p.Id=v.PostId,u.Id=p.OwnerUserId,u.Id=b.UserId#p.Score,>,0,p.Score,<,14,p.CommentCount,>,7,p.CommentCount,<,30,u.DownVotes,>,425,u.DownVotes,<,1064,v.CreationDate,>,1254773470,v.CreationDate,<,1362387635,v.VoteTypeId,>,5,v.VoteTypeId,<,12,b.Date,>,1363964816,b.Date,<,1393934254#232
votes v,posts p,badges b,users u#p.Id=v.PostId,u.Id=p.OwnerUserId,u.Id=b.UserId#p.Score,>,4,p.Score,<,161,p.CommentCount,>,1,p.CommentCount,<,20,u.DownVotes,>,56,u.DownVotes,<,543,v.CreationDate,>,1269737595,v.CreationDate,<,1283864102,v.VoteTypeId,>,3,v.VoteTypeId,<,13,b.Date,>,1298319137,b.Date,<,1386793359#3111
votes v,posts p,badges b,users u#p.Id=v.PostId,u.Id=p.OwnerUserId,u.Id=b.UserId#p.Score,>,-15,p.Score,<,139,p.CommentCount,>,6,p.CommentCount,<,44,u.DownVotes,>,251,u.DownVotes,<,627,v.CreationDate,>,1276491437,v.CreationDate,<,1394746785,v.VoteTypeId,>,4,v.VoteTypeId,<,10,b.Date,>,1299859679,b.Date,<,1348938197#1212
votes v,posts p,badges b,users u#p.Id=v.PostId,u.Id=p.OwnerUserId,u.Id=b.UserId#p.Score,>,24,p.Score,<,56,p.CommentCount,>,1,p.CommentCount,<,21,u.DownVotes,>,158,u.DownVotes,<,1844,v.CreationDate,>,1275280230,v.CreationDate,<,1307980774,v.VoteTypeId,>,5,v.VoteTypeId,<,15,b.Date,>,1306041794,b.Date,<,1391738694#104
votes v,posts p,badges b,users u#p.Id=v.PostId,u.Id=p.OwnerUserId,u.Id=b.UserId#p.Score,>,70,p.Score,<,137,p.CommentCount,>,0,p.CommentCount,<,28,u.DownVotes,>,22,u.DownVotes,<,405,v.CreationDate,>,1260785052,v.CreationDate,<,1281010448,v.VoteTypeId,>,2,v.VoteTypeId,<,10,b.Date,>,1288663186,b.Date,<,1352130834#265
votes v,posts p,badges b,users u#p.Id=v.PostId,u.Id=p.OwnerUserId,u.Id=b.UserId#p.Score,>,54,p.Score,<,88,p.CommentCount,>,1,p.CommentCount,<,4,u.DownVotes,>,245,u.DownVotes,<,1703,v.CreationDate,>,1235769735,v.CreationDate,<,1368298652,v.VoteTypeId,>,1,v.VoteTypeId,<,9,b.Date,>,1323908336,b.Date,<,1341144748#1728
votes v,posts p,badges b,users u#p.Id=v.PostId,u.Id=p.OwnerUserId,u.Id=b.UserId#p.Score,>,86,p.Score,<,186,p.CommentCount,>,7,p.CommentCount,<,16,u.DownVotes,>,734,u.DownVotes,<,1585,v.CreationDate,>,1301118095,v.CreationDate,<,1353285620,v.VoteTypeId,>,1,v.VoteTypeId,<,7,b.Date,>,1321290594,b.Date,<,1324932356#580
votes v,posts p,badges b,users u#p.Id=v.PostId,u.Id=p.OwnerUserId,u.Id=b.UserId#p.Score,>,-8,p.Score,<,47,p.CommentCount,>,6,p.CommentCount,<,43,u.DownVotes,>,348,u.DownVotes,<,1408,v.CreationDate,>,1244197204,v.CreationDate,<,1355144112,v.VoteTypeId,>,5,v.VoteTypeId,<,9,b.Date,>,1281253049,b.Date,<,1362414625#403
votes v,posts p,badges b,users u#p.Id=v.PostId,u.Id=p.OwnerUserId,u.Id=b.UserId#p.Score,>,16,p.Score,<,179,p.CommentCount,>,7,p.CommentCount,<,36,u.DownVotes,>,635,u.DownVotes,<,1019,v.CreationDate,>,1307074324,v.CreationDate,<,1375504624,v.VoteTypeId,>,1,v.VoteTypeId,<,15,b.Date,>,1286267829,b.Date,<,1383391342#112892
votes v,posts p,badges b,users u#p.Id=v.PostId,u.Id=p.OwnerUserId,u.Id=b.UserId#p.Score,>,2,p.Score,<,125,p.CommentCount,>,5,p.CommentCount,<,32,u.DownVotes,>,368,u.DownVotes,<,1114,v.CreationDate,>,1330997702,v.CreationDate,<,1338296554,v.VoteTypeId,>,2,v.VoteTypeId,<,7,b.Date,>,1369411212,b.Date,<,1379950838#55
votes v,posts p,badges b,users u#p.Id=v.PostId,u.Id=p.OwnerUserId,u.Id=b.UserId#p.Score,>,4,p.Score,<,103,p.CommentCount,>,3,p.CommentCount,<,27,u.DownVotes,>,608,u.DownVotes,<,1719,v.CreationDate,>,1272081599,v.CreationDate,<,1337099303,v.VoteTypeId,>,4,v.VoteTypeId,<,6,b.Date,>,1379328719,b.Date,<,1392941767#392
votes v,posts p,badges b,users u#p.Id=v.PostId,u.Id=p.OwnerUserId,u.Id=b.UserId#p.Score,>,-15,p.Score,<,155,p.CommentCount,>,11,p.CommentCount,<,18,u.DownVotes,>,138,u.DownVotes,<,355,v.CreationDate,>,1372668286,v.CreationDate,<,1404133575,v.VoteTypeId,>,1,v.VoteTypeId,<,14,b.Date,>,1306378321,b.Date,<,1379249368#11995
votes v,posts p,badges b,users u#p.Id=v.PostId,u.Id=p.OwnerUserId,u.Id=b.UserId#p.Score,>,92,p.Score,<,180,p.CommentCount,>,0,p.CommentCount,<,22,u.DownVotes,>,479,u.DownVotes,<,800,v.CreationDate,>,1236514409,v.CreationDate,<,1330648217,v.VoteTypeId,>,1,v.VoteTypeId,<,5,b.Date,>,1307223437,b.Date,<,1370046011#8214
votes v,posts p,badges b,users u#p.Id=v.PostId,u.Id=p.OwnerUserId,u.Id=b.UserId#p.Score,>,-7,p.Score,<,17,p.CommentCount,>,11,p.CommentCount,<,34,u.DownVotes,>,194,u.DownVotes,<,1405,v.CreationDate,>,1305193311,v.CreationDate,<,1337310226,v.VoteTypeId,>,7,v.VoteTypeId,<,10,b.Date,>,1284897897,b.Date,<,1320096834#94
votes v,posts p,badges b,users u#p.Id=v.PostId,u.Id=p.OwnerUserId,u.Id=b.UserId#p.Score,>,-7,p.Score,<,87,p.CommentCount,>,1,p.CommentCount,<,15,u.DownVotes,>,728,u.DownVotes,<,1080,v.CreationDate,>,1249413002,v.CreationDate,<,1315944288,v.VoteTypeId,>,5,v.VoteTypeId,<,14,b.Date,>,1291710037,b.Date,<,1374839096#2610
votes v,posts p,badges b,users u#p.Id=v.PostId,u.Id=p.OwnerUserId,u.Id=b.UserId#p.Score,>,69,p.Score,<,181,p.CommentCount,>,4,p.CommentCount,<,13,u.DownVotes,>,260,u.DownVotes,<,1003,v.CreationDate,>,1345559803,v.CreationDate,<,1391006235,v.VoteTypeId,>,1,v.VoteTypeId,<,10,b.Date,>,1312811870,b.Date,<,1344321580#14042
votes v,posts p,badges b,users u#p.Id=v.PostId,u.Id=p.OwnerUserId,u.Id=b.UserId#p.Score,>,40,p.Score,<,140,p.CommentCount,>,0,p.CommentCount,<,16,u.DownVotes,>,103,u.DownVotes,<,1114,v.CreationDate,>,1243044040,v.CreationDate,<,1280356295,v.VoteTypeId,>,3,v.VoteTypeId,<,11,b.Date,>,1326250354,b.Date,<,1329280050#3
votes v,posts p,badges b,users u#p.Id=v.PostId,u.Id=p.OwnerUserId,u.Id=b.UserId#p.Score,>,20,p.Score,<,166,p.CommentCount,>,2,p.CommentCount,<,22,u.DownVotes,>,339,u.DownVotes,<,485,v.CreationDate,>,1376448292,v.CreationDate,<,1390126172,v.VoteTypeId,>,1,v.VoteTypeId,<,6,b.Date,>,1314490074,b.Date,<,1393708389#3080
votes v,posts p,badges b,users u#p.Id=v.PostId,u.Id=p.OwnerUserId,u.Id=b.UserId#p.Score,>,66,p.Score,<,151,p.CommentCount,>,8,p.CommentCount,<,35,u.DownVotes,>,97,u.DownVotes,<,1755,v.CreationDate,>,1335308883,v.CreationDate,<,1352722851,v.VoteTypeId,>,7,v.VoteTypeId,<,10,b.Date,>,1379448219,b.Date,<,1386321951#19
votes v,posts p,badges b,users u#p.Id=v.PostId,u.Id=p.OwnerUserId,u.Id=b.UserId#p.Score,>,-9,p.Score,<,44,p.CommentCount,>,8,p.CommentCount,<,11,u.DownVotes,>,598,u.DownVotes,<,1176,v.CreationDate,>,1271414797,v.CreationDate,<,1319735615,v.VoteTypeId,>,1,v.VoteTypeId,<,6,b.Date,>,1284904130,b.Date,<,1403556593#27430
votes v,posts p,badges b,users u#p.Id=v.PostId,u.Id=p.OwnerUserId,u.Id=b.UserId#p.Score,>,-9,p.Score,<,5,p.CommentCount,>,5,p.CommentCount,<,42,u.DownVotes,>,29,u.DownVotes,<,169,v.CreationDate,>,1289414372,v.CreationDate,<,1395696474,v.VoteTypeId,>,2,v.VoteTypeId,<,10,b.Date,>,1315815351,b.Date,<,1407947581#10726
votes v,posts p,badges b,users u#p.Id=v.PostId,u.Id=p.OwnerUserId,u.Id=b.UserId#p.Score,>,30,p.Score,<,100,p.CommentCount,>,0,p.CommentCount,<,41,u.DownVotes,>,778,u.DownVotes,<,859,v.CreationDate,>,1287147510,v.CreationDate,<,1387770642,v.VoteTypeId,>,3,v.VoteTypeId,<,6,b.Date,>,1327484482,b.Date,<,1373184674#2565
votes v,posts p,badges b,users u#p.Id=v.PostId,u.Id=p.OwnerUserId,u.Id=b.UserId#p.Score,>,9,p.Score,<,23,p.CommentCount,>,5,p.CommentCount,<,11,u.DownVotes,>,533,u.DownVotes,<,1157,v.CreationDate,>,1251661433,v.CreationDate,<,1372885404,v.VoteTypeId,>,7,v.VoteTypeId,<,9,b.Date,>,1282506387,b.Date,<,1292893753#23
votes v,posts p,badges b,users u#p.Id=v.PostId,u.Id=p.OwnerUserId,u.Id=b.UserId#p.Score,>,51,p.Score,<,90,p.CommentCount,>,0,p.CommentCount,<,11,u.DownVotes,>,60,u.DownVotes,<,1656,v.CreationDate,>,1291026539,v.CreationDate,<,1295614730,v.VoteTypeId,>,3,v.VoteTypeId,<,11,b.Date,>,1357356244,b.Date,<,1394578975#77
votes v,posts p,badges b,users u#p.Id=v.PostId,u.Id=p.OwnerUserId,u.Id=b.UserId#p.Score,>,15,p.Score,<,51,p.CommentCount,>,3,p.CommentCount,<,31,u.DownVotes,>,107,u.DownVotes,<,1091,v.CreationDate,>,1323604066,v.CreationDate,<,1378484643,v.VoteTypeId,>,3,v.VoteTypeId,<,8,b.Date,>,1402028506,b.Date,<,1405924596#307
votes v,posts p,badges b,users u#p.Id=v.PostId,u.Id=p.OwnerUserId,u.Id=b.UserId#p.Score,>,29,p.Score,<,148,p.CommentCount,>,5,p.CommentCount,<,40,u.DownVotes,>,753,u.DownVotes,<,1232,v.CreationDate,>,1242702819,v.CreationDate,<,1355982710,v.VoteTypeId,>,2,v.VoteTypeId,<,11,b.Date,>,1283767795,b.Date,<,1397619095#3519
votes v,posts p,badges b,users u#p.Id=v.PostId,u.Id=p.OwnerUserId,u.Id=b.UserId#p.Score,>,72,p.Score,<,176,p.CommentCount,>,10,p.CommentCount,<,43,u.DownVotes,>,435,u.DownVotes,<,1682,v.CreationDate,>,1254782053,v.CreationDate,<,1346245844,v.VoteTypeId,>,1,v.VoteTypeId,<,5,b.Date,>,1283339235,b.Date,<,1303510640#2538
votes v,posts p,badges b,users u#p.Id=v.PostId,u.Id=p.OwnerUserId,u.Id=b.UserId#p.Score,>,0,p.Score,<,161,p.CommentCount,>,9,p.CommentCount,<,31,u.DownVotes,>,120,u.DownVotes,<,315,v.CreationDate,>,1358956424,v.CreationDate,<,1403664664,v.VoteTypeId,>,3,v.VoteTypeId,<,12,b.Date,>,1312026211,b.Date,<,1333938419#88
votes v,posts p,badges b,users u#p.Id=v.PostId,u.Id=p.OwnerUserId,u.Id=b.UserId#p.Score,>,81,p.Score,<,139,p.CommentCount,>,0,p.CommentCount,<,40,u.DownVotes,>,747,u.DownVotes,<,1061,v.CreationDate,>,1281318872,v.CreationDate,<,1319769919,v.VoteTypeId,>,1,v.VoteTypeId,<,11,b.Date,>,1282273133,b.Date,<,1326764280#2478
votes v,posts p,badges b,users u#p.Id=v.PostId,u.Id=p.OwnerUserId,u.Id=b.UserId#p.Score,>,10,p.Score,<,169,p.CommentCount,>,1,p.CommentCount,<,35,u.DownVotes,>,697,u.DownVotes,<,822,v.CreationDate,>,1293163099,v.CreationDate,<,1368788682,v.VoteTypeId,>,8,v.VoteTypeId,<,10,b.Date,>,1279664497,b.Date,<,1343352614#975
votes v,posts p,badges b,users u#p.Id=v.PostId,u.Id=p.OwnerUserId,u.Id=b.UserId#p.Score,>,32,p.Score,<,133,p.CommentCount,>,4,p.CommentCount,<,10,u.DownVotes,>,312,u.DownVotes,<,1519,v.CreationDate,>,1294058168,v.CreationDate,<,1380508424,v.VoteTypeId,>,4,v.VoteTypeId,<,12,b.Date,>,1311712089,b.Date,<,1326515454#552
votes v,posts p,badges b,users u#p.Id=v.PostId,u.Id=p.OwnerUserId,u.Id=b.UserId#p.Score,>,-11,p.Score,<,30,p.CommentCount,>,4,p.CommentCount,<,18,u.DownVotes,>,199,u.DownVotes,<,1501,v.CreationDate,>,1285045684,v.CreationDate,<,1367155877,v.VoteTypeId,>,3,v.VoteTypeId,<,8,b.Date,>,1306321560,b.Date,<,1362153494#2426
votes v,posts p,badges b,users u#p.Id=v.PostId,u.Id=p.OwnerUserId,u.Id=b.UserId#p.Score,>,35,p.Score,<,107,p.CommentCount,>,6,p.CommentCount,<,32,u.DownVotes,>,257,u.DownVotes,<,1891,v.CreationDate,>,1307668103,v.CreationDate,<,1319738008,v.VoteTypeId,>,1,v.VoteTypeId,<,12,b.Date,>,1365391448,b.Date,<,1371419451#374
votes v,posts p,badges b,users u#p.Id=v.PostId,u.Id=p.OwnerUserId,u.Id=b.UserId#p.Score,>,-18,p.Score,<,31,p.CommentCount,>,23,p.CommentCount,<,44,u.DownVotes,>,107,u.DownVotes,<,1741,v.CreationDate,>,1270250986,v.CreationDate,<,1409611164,v.VoteTypeId,>,2,v.VoteTypeId,<,11,b.Date,>,1338101297,b.Date,<,1365389735#80
votes v,posts p,badges b,users u#p.Id=v.PostId,u.Id=p.OwnerUserId,u.Id=b.UserId#p.Score,>,4,p.Score,<,144,p.CommentCount,>,2,p.CommentCount,<,37,u.DownVotes,>,218,u.DownVotes,<,940,v.CreationDate,>,1337088024,v.CreationDate,<,1384658332,v.VoteTypeId,>,7,v.VoteTypeId,<,14,b.Date,>,1326850131,b.Date,<,1383567432#1129
votes v,posts p,badges b,users u#p.Id=v.PostId,u.Id=p.OwnerUserId,u.Id=b.UserId#p.Score,>,-13,p.Score,<,16,p.CommentCount,>,12,p.CommentCount,<,30,u.DownVotes,>,107,u.DownVotes,<,1894,v.CreationDate,>,1253008498,v.CreationDate,<,1395958751,v.VoteTypeId,>,3,v.VoteTypeId,<,14,b.Date,>,1344774203,b.Date,<,1357229569#118
votes v,posts p,badges b,users u#p.Id=v.PostId,u.Id=p.OwnerUserId,u.Id=b.UserId#p.Score,>,-11,p.Score,<,13,p.CommentCount,>,2,p.CommentCount,<,36,u.DownVotes,>,75,u.DownVotes,<,1666,v.CreationDate,>,1275994392,v.CreationDate,<,1283953641,v.VoteTypeId,>,4,v.VoteTypeId,<,6,b.Date,>,1374911083,b.Date,<,1388759925#33
votes v,posts p,badges b,users u#p.Id=v.PostId,u.Id=p.OwnerUserId,u.Id=b.UserId#p.Score,>,13,p.Score,<,191,p.CommentCount,>,7,p.CommentCount,<,25,u.DownVotes,>,17,u.DownVotes,<,357,v.CreationDate,>,1265513985,v.CreationDate,<,1282916047,v.VoteTypeId,>,1,v.VoteTypeId,<,4,b.Date,>,1294138770,b.Date,<,1374309137#1475
votes v,posts p,badges b,users u#p.Id=v.PostId,u.Id=p.OwnerUserId,u.Id=b.UserId#p.Score,>,-8,p.Score,<,122,p.CommentCount,>,9,p.CommentCount,<,33,u.DownVotes,>,77,u.DownVotes,<,305,v.CreationDate,>,1295055341,v.CreationDate,<,1366261283,v.VoteTypeId,>,4,v.VoteTypeId,<,11,b.Date,>,1337785417,b.Date,<,1372688313#270
votes v,posts p,badges b,users u#p.Id=v.PostId,u.Id=p.OwnerUserId,u.Id=b.UserId#p.Score,>,-9,p.Score,<,173,p.CommentCount,>,11,p.CommentCount,<,15,u.DownVotes,>,121,u.DownVotes,<,1466,v.CreationDate,>,1255939564,v.CreationDate,<,1359914751,v.VoteTypeId,>,1,v.VoteTypeId,<,7,b.Date,>,1311500458,b.Date,<,1339402347#17644
votes v,posts p,badges b,users u#p.Id=v.PostId,u.Id=p.OwnerUserId,u.Id=b.UserId#p.Score,>,-10,p.Score,<,88,p.CommentCount,>,10,p.CommentCount,<,26,u.DownVotes,>,248,u.DownVotes,<,1175,v.CreationDate,>,1357095464,v.CreationDate,<,1392793433,v.VoteTypeId,>,4,v.VoteTypeId,<,6,b.Date,>,1293341047,b.Date,<,1327996524#76
votes v,posts p,badges b,users u#p.Id=v.PostId,u.Id=p.OwnerUserId,u.Id=b.UserId#p.Score,>,12,p.Score,<,48,p.CommentCount,>,2,p.CommentCount,<,20,u.DownVotes,>,63,u.DownVotes,<,1777,v.CreationDate,>,1302977235,v.CreationDate,<,1310483791,v.VoteTypeId,>,4,v.VoteTypeId,<,9,b.Date,>,1310162858,b.Date,<,1346933769#648
votes v,posts p,badges b,users u#p.Id=v.PostId,u.Id=p.OwnerUserId,u.Id=b.UserId#p.Score,>,-17,p.Score,<,38,p.CommentCount,>,4,p.CommentCount,<,16,u.DownVotes,>,118,u.DownVotes,<,1100,v.CreationDate,>,1317470448,v.CreationDate,<,1381321799,v.VoteTypeId,>,1,v.VoteTypeId,<,10,b.Date,>,1390604894,b.Date,<,1407206561#166070
votes v,posts p,badges b,users u#p.Id=v.PostId,u.Id=p.OwnerUserId,u.Id=b.UserId#p.Score,>,-5,p.Score,<,121,p.CommentCount,>,7,p.CommentCount,<,23,u.DownVotes,>,728,u.DownVotes,<,843,v.CreationDate,>,1313078744,v.CreationDate,<,1373391580,v.VoteTypeId,>,7,v.VoteTypeId,<,14,b.Date,>,1300045648,b.Date,<,1326423117#72
votes v,posts p,badges b,users u#p.Id=v.PostId,u.Id=p.OwnerUserId,u.Id=b.UserId#p.Score,>,-2,p.Score,<,114,p.CommentCount,>,4,p.CommentCount,<,34,u.DownVotes,>,66,u.DownVotes,<,1769,v.CreationDate,>,1308120080,v.CreationDate,<,1327040561,v.VoteTypeId,>,2,v.VoteTypeId,<,8,b.Date,>,1364093068,b.Date,<,1378965441#592
votes v,posts p,badges b,users u#p.Id=v.PostId,u.Id=p.OwnerUserId,u.Id=b.UserId#p.Score,>,-15,p.Score,<,9,p.CommentCount,>,12,p.CommentCount,<,42,u.DownVotes,>,389,u.DownVotes,<,901,v.CreationDate,>,1306610877,v.CreationDate,<,1366897909,v.VoteTypeId,>,2,v.VoteTypeId,<,4,b.Date,>,1309598089,b.Date,<,1373099316#138
votes v,posts p,badges b,users u#p.Id=v.PostId,u.Id=p.OwnerUserId,u.Id=b.UserId#p.Score,>,10,p.Score,<,136,p.CommentCount,>,22,p.CommentCount,<,36,u.DownVotes,>,255,u.DownVotes,<,1423,v.CreationDate,>,1310917029,v.CreationDate,<,1403253759,v.VoteTypeId,>,2,v.VoteTypeId,<,11,b.Date,>,1288309432,b.Date,<,1363269659#135
votes v,posts p,badges b,users u#p.Id=v.PostId,u.Id=p.OwnerUserId,u.Id=b.UserId#p.Score,>,5,p.Score,<,66,p.CommentCount,>,1,p.CommentCount,<,38,u.DownVotes,>,361,u.DownVotes,<,990,v.CreationDate,>,1248519655,v.CreationDate,<,1387168994,v.VoteTypeId,>,10,v.VoteTypeId,<,13,b.Date,>,1326729480,b.Date,<,1385930462#408
votes v,posts p,badges b,users u#p.Id=v.PostId,u.Id=p.OwnerUserId,u.Id=b.UserId#p.Score,>,11,p.Score,<,168,p.CommentCount,>,18,p.CommentCount,<,26,u.DownVotes,>,249,u.DownVotes,<,1361,v.CreationDate,>,1233568391,v.CreationDate,<,1395184180,v.VoteTypeId,>,1,v.VoteTypeId,<,4,b.Date,>,1325937301,b.Date,<,1372106456#5817
votes v,posts p,badges b,users u#p.Id=v.PostId,u.Id=p.OwnerUserId,u.Id=b.UserId#p.Score,>,0,p.Score,<,156,p.CommentCount,>,6,p.CommentCount,<,40,u.DownVotes,>,484,u.DownVotes,<,1332,v.CreationDate,>,1247938533,v.CreationDate,<,1401014960,v.VoteTypeId,>,6,v.VoteTypeId,<,10,b.Date,>,1335531630,b.Date,<,1346652472#408
votes v,posts p,badges b,users u#p.Id=v.PostId,u.Id=p.OwnerUserId,u.Id=b.UserId#p.Score,>,53,p.Score,<,170,p.CommentCount,>,6,p.CommentCount,<,44,u.DownVotes,>,678,u.DownVotes,<,1735,v.CreationDate,>,1329884144,v.CreationDate,<,1395372610,v.VoteTypeId,>,2,v.VoteTypeId,<,9,b.Date,>,1318583417,b.Date,<,1371925865#196
votes v,posts p,badges b,users u#p.Id=v.PostId,u.Id=p.OwnerUserId,u.Id=b.UserId#p.Score,>,86,p.Score,<,119,p.CommentCount,>,9,p.CommentCount,<,26,u.DownVotes,>,9,u.DownVotes,<,1679,v.CreationDate,>,1297846162,v.CreationDate,<,1398670214,v.VoteTypeId,>,2,v.VoteTypeId,<,15,b.Date,>,1320068306,b.Date,<,1364340838#121
votes v,posts p,badges b,users u#p.Id=v.PostId,u.Id=p.OwnerUserId,u.Id=b.UserId#p.Score,>,42,p.Score,<,113,p.CommentCount,>,5,p.CommentCount,<,33,u.DownVotes,>,442,u.DownVotes,<,1882,v.CreationDate,>,1259498001,v.CreationDate,<,1392628461,v.VoteTypeId,>,1,v.VoteTypeId,<,15,b.Date,>,1292745945,b.Date,<,1331876115#53856
votes v,posts p,badges b,users u#p.Id=v.PostId,u.Id=p.OwnerUserId,u.Id=b.UserId#p.Score,>,17,p.Score,<,107,p.CommentCount,>,4,p.CommentCount,<,24,u.DownVotes,>,454,u.DownVotes,<,1804,v.CreationDate,>,1266268102,v.CreationDate,<,1303679461,v.VoteTypeId,>,1,v.VoteTypeId,<,15,b.Date,>,1393054686,b.Date,<,1395775729#1464
votes v,posts p,badges b,users u#p.Id=v.PostId,u.Id=p.OwnerUserId,u.Id=b.UserId#p.Score,>,67,p.Score,<,178,p.CommentCount,>,24,p.CommentCount,<,39,u.DownVotes,>,34,u.DownVotes,<,651,v.CreationDate,>,1343304918,v.CreationDate,<,1386876370,v.VoteTypeId,>,1,v.VoteTypeId,<,7,b.Date,>,1316484835,b.Date,<,1388838698#10032
votes v,posts p,badges b,users u#p.Id=v.PostId,u.Id=p.OwnerUserId,u.Id=b.UserId#p.Score,>,46,p.Score,<,168,p.CommentCount,>,5,p.CommentCount,<,36,u.DownVotes,>,686,u.DownVotes,<,1346,v.CreationDate,>,1265076035,v.CreationDate,<,1387315981,v.VoteTypeId,>,4,v.VoteTypeId,<,8,b.Date,>,1322997172,b.Date,<,1327182596#135
votes v,posts p,badges b,users u#p.Id=v.PostId,u.Id=p.OwnerUserId,u.Id=b.UserId#p.Score,>,11,p.Score,<,73,p.CommentCount,>,9,p.CommentCount,<,27,u.DownVotes,>,233,u.DownVotes,<,1302,v.CreationDate,>,1303839004,v.CreationDate,<,1373263044,v.VoteTypeId,>,3,v.VoteTypeId,<,12,b.Date,>,1360903583,b.Date,<,1376595801#40
votes v,posts p,badges b,users u#p.Id=v.PostId,u.Id=p.OwnerUserId,u.Id=b.UserId#p.Score,>,64,p.Score,<,160,p.CommentCount,>,5,p.CommentCount,<,8,u.DownVotes,>,557,u.DownVotes,<,1227,v.CreationDate,>,1298433074,v.CreationDate,<,1343831894,v.VoteTypeId,>,1,v.VoteTypeId,<,11,b.Date,>,1377482971,b.Date,<,1396563569#1463
votes v,posts p,badges b,users u#p.Id=v.PostId,u.Id=p.OwnerUserId,u.Id=b.UserId#p.Score,>,-9,p.Score,<,191,p.CommentCount,>,4,p.CommentCount,<,18,u.DownVotes,>,401,u.DownVotes,<,1561,v.CreationDate,>,1281531629,v.CreationDate,<,1353506978,v.VoteTypeId,>,10,v.VoteTypeId,<,14,b.Date,>,1315989161,b.Date,<,1361439760#533
votes v,posts p,badges b,users u#p.Id=v.PostId,u.Id=p.OwnerUserId,u.Id=b.UserId#p.Score,>,-8,p.Score,<,40,p.CommentCount,>,18,p.CommentCount,<,39,u.DownVotes,>,565,u.DownVotes,<,1709,v.CreationDate,>,1295166602,v.CreationDate,<,1389372700,v.VoteTypeId,>,4,v.VoteTypeId,<,13,b.Date,>,1315769128,b.Date,<,1381404388#252
votes v,posts p,badges b,users u#p.Id=v.PostId,u.Id=p.OwnerUserId,u.Id=b.UserId#p.Score,>,-16,p.Score,<,16,p.CommentCount,>,4,p.CommentCount,<,39,u.DownVotes,>,12,u.DownVotes,<,1018,v.CreationDate,>,1240340454,v.CreationDate,<,1302541606,v.VoteTypeId,>,4,v.VoteTypeId,<,10,b.Date,>,1308175933,b.Date,<,1339317984#1213
votes v,posts p,badges b,users u#p.Id=v.PostId,u.Id=p.OwnerUserId,u.Id=b.UserId#p.Score,>,-6,p.Score,<,24,p.CommentCount,>,2,p.CommentCount,<,9,u.DownVotes,>,273,u.DownVotes,<,1049,v.CreationDate,>,1249814301,v.CreationDate,<,1294423821,v.VoteTypeId,>,5,v.VoteTypeId,<,13,b.Date,>,1311128120,b.Date,<,1372028345#872
votes v,posts p,badges b,users u#p.Id=v.PostId,u.Id=p.OwnerUserId,u.Id=b.UserId#p.Score,>,28,p.Score,<,108,p.CommentCount,>,5,p.CommentCount,<,17,u.DownVotes,>,327,u.DownVotes,<,1113,v.CreationDate,>,1273287760,v.CreationDate,<,1404431058,v.VoteTypeId,>,5,v.VoteTypeId,<,13,b.Date,>,1280142402,b.Date,<,1347626470#214
votes v,posts p,badges b,users u#p.Id=v.PostId,u.Id=p.OwnerUserId,u.Id=b.UserId#p.Score,>,76,p.Score,<,182,p.CommentCount,>,7,p.CommentCount,<,36,u.DownVotes,>,487,u.DownVotes,<,803,v.CreationDate,>,1240214704,v.CreationDate,<,1394250809,v.VoteTypeId,>,1,v.VoteTypeId,<,10,b.Date,>,1309031482,b.Date,<,1392669398#62370
votes v,posts p,badges b,users u#p.Id=v.PostId,u.Id=p.OwnerUserId,u.Id=b.UserId#p.Score,>,-4,p.Score,<,181,p.CommentCount,>,6,p.CommentCount,<,15,u.DownVotes,>,599,u.DownVotes,<,1886,v.CreationDate,>,1243844912,v.CreationDate,<,1317731971,v.VoteTypeId,>,8,v.VoteTypeId,<,13,b.Date,>,1298466414,b.Date,<,1309774824#62
votes v,posts p,badges b,users u#p.Id=v.PostId,u.Id=p.OwnerUserId,u.Id=b.UserId#p.Score,>,106,p.Score,<,133,p.CommentCount,>,8,p.CommentCount,<,24,u.DownVotes,>,159,u.DownVotes,<,1857,v.CreationDate,>,1325216089,v.CreationDate,<,1378767874,v.VoteTypeId,>,1,v.VoteTypeId,<,15,b.Date,>,1326164444,b.Date,<,1341108266#2730
votes v,posts p,badges b,users u#p.Id=v.PostId,u.Id=p.OwnerUserId,u.Id=b.UserId#p.Score,>,55,p.Score,<,154,p.CommentCount,>,5,p.CommentCount,<,27,u.DownVotes,>,11,u.DownVotes,<,1510,v.CreationDate,>,1281321288,v.CreationDate,<,1305971803,v.VoteTypeId,>,2,v.VoteTypeId,<,15,b.Date,>,1298628644,b.Date,<,1368136115#73
votes v,posts p,badges b,users u#p.Id=v.PostId,u.Id=p.OwnerUserId,u.Id=b.UserId#p.Score,>,35,p.Score,<,175,p.CommentCount,>,0,p.CommentCount,<,34,u.DownVotes,>,618,u.DownVotes,<,1699,v.CreationDate,>,1323405781,v.CreationDate,<,1399414246,v.VoteTypeId,>,1,v.VoteTypeId,<,10,b.Date,>,1289562022,b.Date,<,1308358039#32265
votes v,posts p,badges b,users u#p.Id=v.PostId,u.Id=p.OwnerUserId,u.Id=b.UserId#p.Score,>,-11,p.Score,<,138,p.CommentCount,>,2,p.CommentCount,<,20,u.DownVotes,>,206,u.DownVotes,<,830,v.CreationDate,>,1249474767,v.CreationDate,<,1375577163,v.VoteTypeId,>,3,v.VoteTypeId,<,13,b.Date,>,1301445628,b.Date,<,1383067454#16730
votes v,posts p,badges b,users u#p.Id=v.PostId,u.Id=p.OwnerUserId,u.Id=b.UserId#p.Score,>,-2,p.Score,<,122,p.CommentCount,>,14,p.CommentCount,<,37,u.DownVotes,>,66,u.DownVotes,<,907,v.CreationDate,>,1328081163,v.CreationDate,<,1374500115,v.VoteTypeId,>,2,v.VoteTypeId,<,7,b.Date,>,1329086934,b.Date,<,1377782059#384
votes v,posts p,badges b,users u#p.Id=v.PostId,u.Id=p.OwnerUserId,u.Id=b.UserId#p.Score,>,53,p.Score,<,139,p.CommentCount,>,6,p.CommentCount,<,18,u.DownVotes,>,68,u.DownVotes,<,1214,v.CreationDate,>,1244988569,v.CreationDate,<,1400029975,v.VoteTypeId,>,1,v.VoteTypeId,<,3,b.Date,>,1357875683,b.Date,<,1367383248#13602
votes v,posts p,badges b,users u#p.Id=v.PostId,u.Id=p.OwnerUserId,u.Id=b.UserId#p.Score,>,12,p.Score,<,26,p.CommentCount,>,2,p.CommentCount,<,10,u.DownVotes,>,168,u.DownVotes,<,1560,v.CreationDate,>,1338523382,v.CreationDate,<,1344521727,v.VoteTypeId,>,1,v.VoteTypeId,<,14,b.Date,>,1317172713,b.Date,<,1395360961#29829
votes v,posts p,badges b,users u#p.Id=v.PostId,u.Id=p.OwnerUserId,u.Id=b.UserId#p.Score,>,36,p.Score,<,148,p.CommentCount,>,8,p.CommentCount,<,28,u.DownVotes,>,667,u.DownVotes,<,814,v.CreationDate,>,1348816668,v.CreationDate,<,1400912864,v.VoteTypeId,>,2,v.VoteTypeId,<,5,b.Date,>,1326753228,b.Date,<,1331736916#6
votes v,posts p,badges b,users u#p.Id=v.PostId,u.Id=p.OwnerUserId,u.Id=b.UserId#p.Score,>,-1,p.Score,<,27,p.CommentCount,>,19,p.CommentCount,<,44,u.DownVotes,>,772,u.DownVotes,<,1044,v.CreationDate,>,1298389504,v.CreationDate,<,1314920882,v.VoteTypeId,>,1,v.VoteTypeId,<,13,b.Date,>,1287795322,b.Date,<,1321867675#855
votes v,posts p,badges b,users u#p.Id=v.PostId,u.Id=p.OwnerUserId,u.Id=b.UserId#p.Score,>,46,p.Score,<,179,p.CommentCount,>,13,p.CommentCount,<,28,u.DownVotes,>,96,u.DownVotes,<,1665,v.CreationDate,>,1237274254,v.CreationDate,<,1391646997,v.VoteTypeId,>,2,v.VoteTypeId,<,7,b.Date,>,1353679488,b.Date,<,1398008115#106
votes v,posts p,badges b,users u#p.Id=v.PostId,u.Id=p.OwnerUserId,u.Id=b.UserId#p.Score,>,-14,p.Score,<,77,p.CommentCount,>,10,p.CommentCount,<,38,u.DownVotes,>,159,u.DownVotes,<,808,v.CreationDate,>,1242461580,v.CreationDate,<,1344953777,v.VoteTypeId,>,2,v.VoteTypeId,<,13,b.Date,>,1313171346,b.Date,<,1373424378#1230
votes v,posts p,badges b,users u#p.Id=v.PostId,u.Id=p.OwnerUserId,u.Id=b.UserId#p.Score,>,-8,p.Score,<,39,p.CommentCount,>,1,p.CommentCount,<,41,u.DownVotes,>,385,u.DownVotes,<,514,v.CreationDate,>,1339258843,v.CreationDate,<,1362668531,v.VoteTypeId,>,4,v.VoteTypeId,<,7,b.Date,>,1323012230,b.Date,<,1356642417#912
votes v,posts p,badges b,users u#p.Id=v.PostId,u.Id=p.OwnerUserId,u.Id=b.UserId#p.Score,>,-3,p.Score,<,131,p.CommentCount,>,17,p.CommentCount,<,43,u.DownVotes,>,488,u.DownVotes,<,1294,v.CreationDate,>,1304576155,v.CreationDate,<,1382454631,v.VoteTypeId,>,7,v.VoteTypeId,<,13,b.Date,>,1293881022,b.Date,<,1383735084#316
votes v,posts p,badges b,users u#p.Id=v.PostId,u.Id=p.OwnerUserId,u.Id=b.UserId#p.Score,>,6,p.Score,<,32,p.CommentCount,>,12,p.CommentCount,<,36,u.DownVotes,>,97,u.DownVotes,<,1151,v.CreationDate,>,1339534098,v.CreationDate,<,1374497471,v.VoteTypeId,>,2,v.VoteTypeId,<,11,b.Date,>,1354572833,b.Date,<,1361039453#20
votes v,posts p,badges b,users u#p.Id=v.PostId,u.Id=p.OwnerUserId,u.Id=b.UserId#p.Score,>,29,p.Score,<,178,p.CommentCount,>,2,p.CommentCount,<,26,u.DownVotes,>,74,u.DownVotes,<,1432,v.CreationDate,>,1315989743,v.CreationDate,<,1340086032,v.VoteTypeId,>,3,v.VoteTypeId,<,7,b.Date,>,1292422204,b.Date,<,1388003661#1498
votes v,posts p,badges b,users u#p.Id=v.PostId,u.Id=p.OwnerUserId,u.Id=b.UserId#p.Score,>,-3,p.Score,<,95,p.CommentCount,>,18,p.CommentCount,<,35,u.DownVotes,>,390,u.DownVotes,<,1711,v.CreationDate,>,1284005184,v.CreationDate,<,1314903604,v.VoteTypeId,>,7,v.VoteTypeId,<,15,b.Date,>,1287804494,b.Date,<,1297343475#23
votes v,posts p,badges b,users u#p.Id=v.PostId,u.Id=p.OwnerUserId,u.Id=b.UserId#p.Score,>,5,p.Score,<,9,p.CommentCount,>,3,p.CommentCount,<,20,u.DownVotes,>,295,u.DownVotes,<,1360,v.CreationDate,>,1337658246,v.CreationDate,<,1394117390,v.VoteTypeId,>,6,v.VoteTypeId,<,12,b.Date,>,1376298531,b.Date,<,1394503224#123
votes v,posts p,badges b,users u#p.Id=v.PostId,u.Id=p.OwnerUserId,u.Id=b.UserId#p.Score,>,-3,p.Score,<,89,p.CommentCount,>,3,p.CommentCount,<,17,u.DownVotes,>,331,u.DownVotes,<,453,v.CreationDate,>,1309574450,v.CreationDate,<,1355171571,v.VoteTypeId,>,1,v.VoteTypeId,<,4,b.Date,>,1328278357,b.Date,<,1332497329#7384
votes v,posts p,badges b,users u#p.Id=v.PostId,u.Id=p.OwnerUserId,u.Id=b.UserId#p.Score,>,28,p.Score,<,123,p.CommentCount,>,9,p.CommentCount,<,25,u.DownVotes,>,175,u.DownVotes,<,752,v.CreationDate,>,1237932711,v.CreationDate,<,1322266153,v.VoteTypeId,>,1,v.VoteTypeId,<,8,b.Date,>,1295090580,b.Date,<,1399169043#7220
votes v,posts p,badges b,users u#p.Id=v.PostId,u.Id=p.OwnerUserId,u.Id=b.UserId#p.Score,>,39,p.Score,<,85,p.CommentCount,>,10,p.CommentCount,<,32,u.DownVotes,>,61,u.DownVotes,<,1323,v.CreationDate,>,1282465779,v.CreationDate,<,1360584828,v.VoteTypeId,>,2,v.VoteTypeId,<,14,b.Date,>,1311616384,b.Date,<,1313991989#4
votes v,posts p,badges b,users u#p.Id=v.PostId,u.Id=p.OwnerUserId,u.Id=b.UserId#p.Score,>,-13,p.Score,<,70,p.CommentCount,>,9,p.CommentCount,<,27,u.DownVotes,>,613,u.DownVotes,<,1074,v.CreationDate,>,1258844869,v.CreationDate,<,1381972844,v.VoteTypeId,>,5,v.VoteTypeId,<,13,b.Date,>,1338431811,b.Date,<,1342570155#78
votes v,posts p,badges b,users u#p.Id=v.PostId,u.Id=p.OwnerUserId,u.Id=b.UserId#p.Score,>,-17,p.Score,<,49,p.CommentCount,>,7,p.CommentCount,<,39,u.DownVotes,>,46,u.DownVotes,<,584,v.CreationDate,>,1373130574,v.CreationDate,<,1405796250,v.VoteTypeId,>,6,v.VoteTypeId,<,12,b.Date,>,1318761424,b.Date,<,1375971026#1069
votes v,posts p,badges b,users u#p.Id=v.PostId,u.Id=p.OwnerUserId,u.Id=b.UserId#p.Score,>,2,p.Score,<,26,p.CommentCount,>,5,p.CommentCount,<,26,u.DownVotes,>,60,u.DownVotes,<,157,v.CreationDate,>,1305891554,v.CreationDate,<,1410428955,v.VoteTypeId,>,2,v.VoteTypeId,<,11,b.Date,>,1334869810,b.Date,<,1398986298#6197
votes v,posts p,badges b,users u#p.Id=v.PostId,u.Id=p.OwnerUserId,u.Id=b.UserId#p.Score,>,42,p.Score,<,155,p.CommentCount,>,1,p.CommentCount,<,38,u.DownVotes,>,1,u.DownVotes,<,598,v.CreationDate,>,1297122947,v.CreationDate,<,1338054484,v.VoteTypeId,>,3,v.VoteTypeId,<,8,b.Date,>,1360505504,b.Date,<,1364816373#1027
votes v,posts p,badges b,users u#p.Id=v.PostId,u.Id=p.OwnerUserId,u.Id=b.UserId#p.Score,>,-8,p.Score,<,27,p.CommentCount,>,17,p.CommentCount,<,37,u.DownVotes,>,487,u.DownVotes,<,1202,v.CreationDate,>,1240626821,v.CreationDate,<,1356078927,v.VoteTypeId,>,2,v.VoteTypeId,<,15,b.Date,>,1339997524,b.Date,<,1372959041#136
votes v,posts p,badges b,users u#p.Id=v.PostId,u.Id=p.OwnerUserId,u.Id=b.UserId#p.Score,>,40,p.Score,<,80,p.CommentCount,>,4,p.CommentCount,<,38,u.DownVotes,>,367,u.DownVotes,<,1284,v.CreationDate,>,1312354284,v.CreationDate,<,1355611462,v.VoteTypeId,>,3,v.VoteTypeId,<,7,b.Date,>,1289138641,b.Date,<,1347451075#1344
votes v,posts p,badges b,users u#p.Id=v.PostId,u.Id=p.OwnerUserId,u.Id=b.UserId#p.Score,>,43,p.Score,<,160,p.CommentCount,>,16,p.CommentCount,<,43,u.DownVotes,>,181,u.DownVotes,<,999,v.CreationDate,>,1351533402,v.CreationDate,<,1361997337,v.VoteTypeId,>,1,v.VoteTypeId,<,11,b.Date,>,1368271818,b.Date,<,1375980251#2
votes v,posts p,badges b,users u#p.Id=v.PostId,u.Id=p.OwnerUserId,u.Id=b.UserId#p.Score,>,-14,p.Score,<,71,p.CommentCount,>,4,p.CommentCount,<,26,u.DownVotes,>,516,u.DownVotes,<,1515,v.CreationDate,>,1256648849,v.CreationDate,<,1352897908,v.VoteTypeId,>,2,v.VoteTypeId,<,6,b.Date,>,1340679642,b.Date,<,1347924889#1007
votes v,posts p,badges b,users u#p.Id=v.PostId,u.Id=p.OwnerUserId,u.Id=b.UserId#p.Score,>,9,p.Score,<,119,p.CommentCount,>,6,p.CommentCount,<,30,u.DownVotes,>,289,u.DownVotes,<,1582,v.CreationDate,>,1259121138,v.CreationDate,<,1404606334,v.VoteTypeId,>,8,v.VoteTypeId,<,14,b.Date,>,1297134304,b.Date,<,1337233011#366
votes v,posts p,badges b,users u#p.Id=v.PostId,u.Id=p.OwnerUserId,u.Id=b.UserId#p.Score,>,1,p.Score,<,35,p.CommentCount,>,12,p.CommentCount,<,30,u.DownVotes,>,351,u.DownVotes,<,1000,v.CreationDate,>,1331224361,v.CreationDate,<,1400377998,v.VoteTypeId,>,6,v.VoteTypeId,<,10,b.Date,>,1283032583,b.Date,<,1325709824#111
votes v,posts p,badges b,users u#p.Id=v.PostId,u.Id=p.OwnerUserId,u.Id=b.UserId#p.Score,>,36,p.Score,<,66,p.CommentCount,>,5,p.CommentCount,<,28,u.DownVotes,>,57,u.DownVotes,<,615,v.CreationDate,>,1250807796,v.CreationDate,<,1356726049,v.VoteTypeId,>,3,v.VoteTypeId,<,14,b.Date,>,1288650742,b.Date,<,1322485233#617
votes v,posts p,badges b,users u#p.Id=v.PostId,u.Id=p.OwnerUserId,u.Id=b.UserId#p.Score,>,96,p.Score,<,152,p.CommentCount,>,8,p.CommentCount,<,41,u.DownVotes,>,120,u.DownVotes,<,163,v.CreationDate,>,1288459168,v.CreationDate,<,1370548918,v.VoteTypeId,>,7,v.VoteTypeId,<,14,b.Date,>,1310522377,b.Date,<,1393248332#188
votes v,posts p,badges b,users u#p.Id=v.PostId,u.Id=p.OwnerUserId,u.Id=b.UserId#p.Score,>,-5,p.Score,<,108,p.CommentCount,>,7,p.CommentCount,<,13,u.DownVotes,>,263,u.DownVotes,<,1246,v.CreationDate,>,1287114081,v.CreationDate,<,1404790605,v.VoteTypeId,>,7,v.VoteTypeId,<,9,b.Date,>,1334129463,b.Date,<,1385213262#237
votes v,posts p,badges b,users u#p.Id=v.PostId,u.Id=p.OwnerUserId,u.Id=b.UserId#p.Score,>,-5,p.Score,<,117,p.CommentCount,>,16,p.CommentCount,<,33,u.DownVotes,>,232,u.DownVotes,<,1534,v.CreationDate,>,1236903130,v.CreationDate,<,1354019524,v.VoteTypeId,>,5,v.VoteTypeId,<,10,b.Date,>,1361355969,b.Date,<,1394345461#129
votes v,posts p,badges b,users u#p.Id=v.PostId,u.Id=p.OwnerUserId,u.Id=b.UserId#p.Score,>,-1,p.Score,<,120,p.CommentCount,>,0,p.CommentCount,<,32,u.DownVotes,>,752,u.DownVotes,<,1363,v.CreationDate,>,1254899397,v.CreationDate,<,1330317922,v.VoteTypeId,>,2,v.VoteTypeId,<,14,b.Date,>,1288996508,b.Date,<,1392907470#9490
votes v,posts p,badges b,users u#p.Id=v.PostId,u.Id=p.OwnerUserId,u.Id=b.UserId#p.Score,>,3,p.Score,<,116,p.CommentCount,>,8,p.CommentCount,<,19,u.DownVotes,>,26,u.DownVotes,<,1730,v.CreationDate,>,1292764592,v.CreationDate,<,1397505789,v.VoteTypeId,>,2,v.VoteTypeId,<,14,b.Date,>,1309666110,b.Date,<,1326898572#2232
votes v,posts p,badges b,users u#p.Id=v.PostId,u.Id=p.OwnerUserId,u.Id=b.UserId#p.Score,>,90,p.Score,<,181,p.CommentCount,>,0,p.CommentCount,<,9,u.DownVotes,>,18,u.DownVotes,<,1345,v.CreationDate,>,1237390100,v.CreationDate,<,1319713235,v.VoteTypeId,>,1,v.VoteTypeId,<,15,b.Date,>,1318346313,b.Date,<,1324269507#589
votes v,posts p,badges b,users u#p.Id=v.PostId,u.Id=p.OwnerUserId,u.Id=b.UserId#p.Score,>,-4,p.Score,<,88,p.CommentCount,>,3,p.CommentCount,<,36,u.DownVotes,>,455,u.DownVotes,<,1199,v.CreationDate,>,1244667165,v.CreationDate,<,1303854477,v.VoteTypeId,>,9,v.VoteTypeId,<,15,b.Date,>,1360549281,b.Date,<,1396354717#141
votes v,posts p,badges b,users u#p.Id=v.PostId,u.Id=p.OwnerUserId,u.Id=b.UserId#p.Score,>,43,p.Score,<,114,p.CommentCount,>,1,p.CommentCount,<,36,u.DownVotes,>,28,u.DownVotes,<,950,v.CreationDate,>,1254658461,v.CreationDate,<,1377296296,v.VoteTypeId,>,3,v.VoteTypeId,<,12,b.Date,>,1287866037,b.Date,<,1362257013#23912
votes v,posts p,badges b,users u#p.Id=v.PostId,u.Id=p.OwnerUserId,u.Id=b.UserId#p.Score,>,-6,p.Score,<,182,p.CommentCount,>,0,p.CommentCount,<,21,u.DownVotes,>,767,u.DownVotes,<,1746,v.CreationDate,>,1408917270,v.CreationDate,<,1409083565,v.VoteTypeId,>,3,v.VoteTypeId,<,9,b.Date,>,1304038943,b.Date,<,1330270507#71
votes v,posts p,badges b,users u#p.Id=v.PostId,u.Id=p.OwnerUserId,u.Id=b.UserId#p.Score,>,8,p.Score,<,190,p.CommentCount,>,8,p.CommentCount,<,33,u.DownVotes,>,154,u.DownVotes,<,820,v.CreationDate,>,1301523361,v.CreationDate,<,1328715391,v.VoteTypeId,>,2,v.VoteTypeId,<,11,b.Date,>,1281831759,b.Date,<,1362655073#532
votes v,posts p,badges b,users u#p.Id=v.PostId,u.Id=p.OwnerUserId,u.Id=b.UserId#p.Score,>,91,p.Score,<,178,p.CommentCount,>,6,p.CommentCount,<,39,u.DownVotes,>,21,u.DownVotes,<,1430,v.CreationDate,>,1326614317,v.CreationDate,<,1351523729,v.VoteTypeId,>,1,v.VoteTypeId,<,11,b.Date,>,1289361938,b.Date,<,1333744752#5053
votes v,posts p,badges b,users u#p.Id=v.PostId,u.Id=p.OwnerUserId,u.Id=b.UserId#p.Score,>,13,p.Score,<,109,p.CommentCount,>,1,p.CommentCount,<,10,u.DownVotes,>,729,u.DownVotes,<,1151,v.CreationDate,>,1279817928,v.CreationDate,<,1341326144,v.VoteTypeId,>,2,v.VoteTypeId,<,9,b.Date,>,1292386246,b.Date,<,1296286075#55
votes v,posts p,badges b,users u#p.Id=v.PostId,u.Id=p.OwnerUserId,u.Id=b.UserId#p.Score,>,7,p.Score,<,94,p.CommentCount,>,12,p.CommentCount,<,31,u.DownVotes,>,106,u.DownVotes,<,1757,v.CreationDate,>,1241797013,v.CreationDate,<,1407767559,v.VoteTypeId,>,7,v.VoteTypeId,<,13,b.Date,>,1315042310,b.Date,<,1392124317#782
votes v,posts p,badges b,users u#p.Id=v.PostId,u.Id=p.OwnerUserId,u.Id=b.UserId#p.Score,>,57,p.Score,<,106,p.CommentCount,>,4,p.CommentCount,<,42,u.DownVotes,>,24,u.DownVotes,<,1198,v.CreationDate,>,1345026782,v.CreationDate,<,1346168394,v.VoteTypeId,>,1,v.VoteTypeId,<,11,b.Date,>,1281133479,b.Date,<,1354311330#632
votes v,posts p,badges b,users u#p.Id=v.PostId,u.Id=p.OwnerUserId,u.Id=b.UserId#p.Score,>,66,p.Score,<,161,p.CommentCount,>,0,p.CommentCount,<,38,u.DownVotes,>,30,u.DownVotes,<,775,v.CreationDate,>,1247227850,v.CreationDate,<,1363174607,v.VoteTypeId,>,2,v.VoteTypeId,<,4,b.Date,>,1371018876,b.Date,<,1374667554#37
votes v,posts p,badges b,users u#p.Id=v.PostId,u.Id=p.OwnerUserId,u.Id=b.UserId#p.Score,>,17,p.Score,<,57,p.CommentCount,>,3,p.CommentCount,<,32,u.DownVotes,>,573,u.DownVotes,<,1494,v.CreationDate,>,1341628354,v.CreationDate,<,1370460533,v.VoteTypeId,>,3,v.VoteTypeId,<,15,b.Date,>,1380574380,b.Date,<,1386415426#150
votes v,posts p,badges b,users u#p.Id=v.PostId,u.Id=p.OwnerUserId,u.Id=b.UserId#p.Score,>,2,p.Score,<,59,p.CommentCount,>,19,p.CommentCount,<,37,u.DownVotes,>,158,u.DownVotes,<,1775,v.CreationDate,>,1289825661,v.CreationDate,<,1359602962,v.VoteTypeId,>,1,v.VoteTypeId,<,7,b.Date,>,1294821959,b.Date,<,1397048862#8999
votes v,posts p,badges b,users u#p.Id=v.PostId,u.Id=p.OwnerUserId,u.Id=b.UserId#p.Score,>,87,p.Score,<,144,p.CommentCount,>,2,p.CommentCount,<,21,u.DownVotes,>,369,u.DownVotes,<,1085,v.CreationDate,>,1239321548,v.CreationDate,<,1385338650,v.VoteTypeId,>,1,v.VoteTypeId,<,14,b.Date,>,1338858768,b.Date,<,1348018078#6592
votes v,posts p,badges b,users u#p.Id=v.PostId,u.Id=p.OwnerUserId,u.Id=b.UserId#p.Score,>,12,p.Score,<,35,p.CommentCount,>,14,p.CommentCount,<,18,u.DownVotes,>,307,u.DownVotes,<,1387,v.CreationDate,>,1236034597,v.CreationDate,<,1404240828,v.VoteTypeId,>,1,v.VoteTypeId,<,11,b.Date,>,1292731294,b.Date,<,1306243058#1620
votes v,posts p,badges b,users u#p.Id=v.PostId,u.Id=p.OwnerUserId,u.Id=b.UserId#p.Score,>,14,p.Score,<,98,p.CommentCount,>,17,p.CommentCount,<,22,u.DownVotes,>,186,u.DownVotes,<,373,v.CreationDate,>,1326640964,v.CreationDate,<,1339814884,v.VoteTypeId,>,1,v.VoteTypeId,<,8,b.Date,>,1353643716,b.Date,<,1372345523#144
votes v,posts p,badges b,users u#p.Id=v.PostId,u.Id=p.OwnerUserId,u.Id=b.UserId#p.Score,>,-18,p.Score,<,147,p.CommentCount,>,5,p.CommentCount,<,35,u.DownVotes,>,288,u.DownVotes,<,853,v.CreationDate,>,1316207979,v.CreationDate,<,1369366140,v.VoteTypeId,>,3,v.VoteTypeId,<,8,b.Date,>,1291469492,b.Date,<,1400431349#6350
votes v,posts p,badges b,users u#p.Id=v.PostId,u.Id=p.OwnerUserId,u.Id=b.UserId#p.Score,>,29,p.Score,<,147,p.CommentCount,>,0,p.CommentCount,<,18,u.DownVotes,>,111,u.DownVotes,<,877,v.CreationDate,>,1328769383,v.CreationDate,<,1330887089,v.VoteTypeId,>,3,v.VoteTypeId,<,14,b.Date,>,1353203111,b.Date,<,1355749070#4
votes v,posts p,badges b,users u#p.Id=v.PostId,u.Id=p.OwnerUserId,u.Id=b.UserId#p.Score,>,64,p.Score,<,75,p.CommentCount,>,5,p.CommentCount,<,42,u.DownVotes,>,733,u.DownVotes,<,853,v.CreationDate,>,1264145704,v.CreationDate,<,1322416448,v.VoteTypeId,>,1,v.VoteTypeId,<,9,b.Date,>,1309923192,b.Date,<,1381728902#8704
votes v,posts p,badges b,users u#p.Id=v.PostId,u.Id=p.OwnerUserId,u.Id=b.UserId#p.Score,>,-18,p.Score,<,165,p.CommentCount,>,13,p.CommentCount,<,24,u.DownVotes,>,49,u.DownVotes,<,916,v.CreationDate,>,1252741150,v.CreationDate,<,1409034679,v.VoteTypeId,>,5,v.VoteTypeId,<,13,b.Date,>,1313581907,b.Date,<,1388642657#677
votes v,posts p,badges b,users u#p.Id=v.PostId,u.Id=p.OwnerUserId,u.Id=b.UserId#p.Score,>,-13,p.Score,<,89,p.CommentCount,>,9,p.CommentCount,<,19,u.DownVotes,>,601,u.DownVotes,<,1121,v.CreationDate,>,1377510820,v.CreationDate,<,1391236326,v.VoteTypeId,>,1,v.VoteTypeId,<,15,b.Date,>,1287713700,b.Date,<,1288595244#66
votes v,posts p,badges b,users u#p.Id=v.PostId,u.Id=p.OwnerUserId,u.Id=b.UserId#p.Score,>,28,p.Score,<,42,p.CommentCount,>,1,p.CommentCount,<,17,u.DownVotes,>,172,u.DownVotes,<,1134,v.CreationDate,>,1258056661,v.CreationDate,<,1293308440,v.VoteTypeId,>,1,v.VoteTypeId,<,9,b.Date,>,1301971764,b.Date,<,1401272450#16134
votes v,posts p,badges b,users u#p.Id=v.PostId,u.Id=p.OwnerUserId,u.Id=b.UserId#p.Score,>,3,p.Score,<,181,p.CommentCount,>,9,p.CommentCount,<,17,u.DownVotes,>,299,u.DownVotes,<,694,v.CreationDate,>,1288447494,v.CreationDate,<,1351323881,v.VoteTypeId,>,1,v.VoteTypeId,<,11,b.Date,>,1306834742,b.Date,<,1373485044#12528
votes v,posts p,badges b,users u#p.Id=v.PostId,u.Id=p.OwnerUserId,u.Id=b.UserId#p.Score,>,-11,p.Score,<,136,p.CommentCount,>,1,p.CommentCount,<,4,u.DownVotes,>,90,u.DownVotes,<,1778,v.CreationDate,>,1244751039,v.CreationDate,<,1365716297,v.VoteTypeId,>,5,v.VoteTypeId,<,9,b.Date,>,1306671044,b.Date,<,1308695767#8
votes v,posts p,badges b,users u#p.Id=v.PostId,u.Id=p.OwnerUserId,u.Id=b.UserId#p.Score,>,30,p.Score,<,105,p.CommentCount,>,2,p.CommentCount,<,43,u.DownVotes,>,53,u.DownVotes,<,1177,v.CreationDate,>,1364718414,v.CreationDate,<,1365477657,v.VoteTypeId,>,4,v.VoteTypeId,<,13,b.Date,>,1382389133,b.Date,<,1391619258#3
votes v,posts p,badges b,users u#p.Id=v.PostId,u.Id=p.OwnerUserId,u.Id=b.UserId#p.Score,>,-8,p.Score,<,157,p.CommentCount,>,0,p.CommentCount,<,29,u.DownVotes,>,131,u.DownVotes,<,285,v.CreationDate,>,1244362256,v.CreationDate,<,1379998770,v.VoteTypeId,>,7,v.VoteTypeId,<,10,b.Date,>,1358604313,b.Date,<,1396609594#739
votes v,posts p,badges b,users u#p.Id=v.PostId,u.Id=p.OwnerUserId,u.Id=b.UserId#p.Score,>,15,p.Score,<,84,p.CommentCount,>,6,p.CommentCount,<,36,u.DownVotes,>,761,u.DownVotes,<,878,v.CreationDate,>,1251991021,v.CreationDate,<,1375926079,v.VoteTypeId,>,2,v.VoteTypeId,<,10,b.Date,>,1322244775,b.Date,<,1325216018#64
votes v,posts p,badges b,users u#p.Id=v.PostId,u.Id=p.OwnerUserId,u.Id=b.UserId#p.Score,>,7,p.Score,<,41,p.CommentCount,>,17,p.CommentCount,<,43,u.DownVotes,>,79,u.DownVotes,<,567,v.CreationDate,>,1401765690,v.CreationDate,<,1409116173,v.VoteTypeId,>,1,v.VoteTypeId,<,12,b.Date,>,1295013657,b.Date,<,1355201183#80
votes v,posts p,badges b,users u#p.Id=v.PostId,u.Id=p.OwnerUserId,u.Id=b.UserId#p.Score,>,0,p.Score,<,105,p.CommentCount,>,3,p.CommentCount,<,38,u.DownVotes,>,329,u.DownVotes,<,1862,v.CreationDate,>,1344091021,v.CreationDate,<,1399366495,v.VoteTypeId,>,8,v.VoteTypeId,<,12,b.Date,>,1328496097,b.Date,<,1401118338#1341
votes v,posts p,badges b,users u#p.Id=v.PostId,u.Id=p.OwnerUserId,u.Id=b.UserId#p.Score,>,11,p.Score,<,104,p.CommentCount,>,6,p.CommentCount,<,23,u.DownVotes,>,352,u.DownVotes,<,585,v.CreationDate,>,1267488253,v.CreationDate,<,1337319309,v.VoteTypeId,>,4,v.VoteTypeId,<,12,b.Date,>,1302485719,b.Date,<,1405092773#174
votes v,posts p,badges b,users u#p.Id=v.PostId,u.Id=p.OwnerUserId,u.Id=b.UserId#p.Score,>,23,p.Score,<,89,p.CommentCount,>,5,p.CommentCount,<,28,u.DownVotes,>,362,u.DownVotes,<,920,v.CreationDate,>,1333271348,v.CreationDate,<,1398513895,v.VoteTypeId,>,3,v.VoteTypeId,<,11,b.Date,>,1386005436,b.Date,<,1401200915#1056
votes v,posts p,badges b,users u#p.Id=v.PostId,u.Id=p.OwnerUserId,u.Id=b.UserId#p.Score,>,-9,p.Score,<,173,p.CommentCount,>,8,p.CommentCount,<,18,u.DownVotes,>,195,u.DownVotes,<,1589,v.CreationDate,>,1267267852,v.CreationDate,<,1387519537,v.VoteTypeId,>,2,v.VoteTypeId,<,14,b.Date,>,1374809966,b.Date,<,1406683653#850
votes v,posts p,badges b,users u#p.Id=v.PostId,u.Id=p.OwnerUserId,u.Id=b.UserId#p.Score,>,-6,p.Score,<,10,p.CommentCount,>,1,p.CommentCount,<,16,u.DownVotes,>,380,u.DownVotes,<,1415,v.CreationDate,>,1258935599,v.CreationDate,<,1364609298,v.VoteTypeId,>,10,v.VoteTypeId,<,14,b.Date,>,1291042833,b.Date,<,1409222605#606
votes v,posts p,badges b,users u#p.Id=v.PostId,u.Id=p.OwnerUserId,u.Id=b.UserId#p.Score,>,0,p.Score,<,105,p.CommentCount,>,0,p.CommentCount,<,15,u.DownVotes,>,749,u.DownVotes,<,799,v.CreationDate,>,1258204069,v.CreationDate,<,1340593366,v.VoteTypeId,>,5,v.VoteTypeId,<,12,b.Date,>,1282746820,b.Date,<,1350473891#3080
votes v,posts p,badges b,users u#p.Id=v.PostId,u.Id=p.OwnerUserId,u.Id=b.UserId#p.Score,>,66,p.Score,<,119,p.CommentCount,>,2,p.CommentCount,<,22,u.DownVotes,>,171,u.DownVotes,<,1623,v.CreationDate,>,1283012174,v.CreationDate,<,1300450759,v.VoteTypeId,>,1,v.VoteTypeId,<,8,b.Date,>,1293835636,b.Date,<,1352863164#2912
votes v,posts p,badges b,users u#p.Id=v.PostId,u.Id=p.OwnerUserId,u.Id=b.UserId#p.Score,>,40,p.Score,<,176,p.CommentCount,>,13,p.CommentCount,<,43,u.DownVotes,>,11,u.DownVotes,<,299,v.CreationDate,>,1279648791,v.CreationDate,<,1401905349,v.VoteTypeId,>,1,v.VoteTypeId,<,8,b.Date,>,1319081790,b.Date,<,1321475646#1066
votes v,posts p,badges b,users u#p.Id=v.PostId,u.Id=p.OwnerUserId,u.Id=b.UserId#p.Score,>,-6,p.Score,<,124,p.CommentCount,>,1,p.CommentCount,<,22,u.DownVotes,>,692,u.DownVotes,<,1024,v.CreationDate,>,1373054121,v.CreationDate,<,1407896090,v.VoteTypeId,>,4,v.VoteTypeId,<,8,b.Date,>,1319980267,b.Date,<,1369241206#1611
votes v,posts p,badges b,users u#p.Id=v.PostId,u.Id=p.OwnerUserId,u.Id=b.UserId#p.Score,>,-3,p.Score,<,188,p.CommentCount,>,9,p.CommentCount,<,38,u.DownVotes,>,195,u.DownVotes,<,1823,v.CreationDate,>,1315030784,v.CreationDate,<,1364919108,v.VoteTypeId,>,1,v.VoteTypeId,<,7,b.Date,>,1358149247,b.Date,<,1374664251#25776
votes v,posts p,badges b,users u#p.Id=v.PostId,u.Id=p.OwnerUserId,u.Id=b.UserId#p.Score,>,8,p.Score,<,191,p.CommentCount,>,6,p.CommentCount,<,36,u.DownVotes,>,196,u.DownVotes,<,652,v.CreationDate,>,1237616269,v.CreationDate,<,1294963485,v.VoteTypeId,>,7,v.VoteTypeId,<,14,b.Date,>,1365118709,b.Date,<,1397393882#48
votes v,posts p,badges b,users u#p.Id=v.PostId,u.Id=p.OwnerUserId,u.Id=b.UserId#p.Score,>,-12,p.Score,<,161,p.CommentCount,>,0,p.CommentCount,<,20,u.DownVotes,>,158,u.DownVotes,<,1149,v.CreationDate,>,1300818546,v.CreationDate,<,1320064501,v.VoteTypeId,>,3,v.VoteTypeId,<,15,b.Date,>,1287017304,b.Date,<,1339573218#2464
votes v,posts p,badges b,users u#p.Id=v.PostId,u.Id=p.OwnerUserId,u.Id=b.UserId#p.Score,>,15,p.Score,<,117,p.CommentCount,>,1,p.CommentCount,<,38,u.DownVotes,>,635,u.DownVotes,<,1457,v.CreationDate,>,1238504119,v.CreationDate,<,1308151972,v.VoteTypeId,>,5,v.VoteTypeId,<,14,b.Date,>,1379003421,b.Date,<,1408440402#351
votes v,posts p,badges b,users u#p.Id=v.PostId,u.Id=p.OwnerUserId,u.Id=b.UserId#p.Score,>,0,p.Score,<,152,p.CommentCount,>,1,p.CommentCount,<,21,u.DownVotes,>,266,u.DownVotes,<,1080,v.CreationDate,>,1313121417,v.CreationDate,<,1383603000,v.VoteTypeId,>,6,v.VoteTypeId,<,9,b.Date,>,1321007496,b.Date,<,1360100246#370
votes v,posts p,badges b,users u#p.Id=v.PostId,u.Id=p.OwnerUserId,u.Id=b.UserId#p.Score,>,22,p.Score,<,72,p.CommentCount,>,7,p.CommentCount,<,18,u.DownVotes,>,164,u.DownVotes,<,352,v.CreationDate,>,1284817783,v.CreationDate,<,1382279538,v.VoteTypeId,>,1,v.VoteTypeId,<,7,b.Date,>,1315003988,b.Date,<,1352070629#15722
votes v,posts p,badges b,users u#p.Id=v.PostId,u.Id=p.OwnerUserId,u.Id=b.UserId#p.Score,>,-11,p.Score,<,130,p.CommentCount,>,17,p.CommentCount,<,23,u.DownVotes,>,1,u.DownVotes,<,1006,v.CreationDate,>,1370387070,v.CreationDate,<,1377238913,v.VoteTypeId,>,4,v.VoteTypeId,<,13,b.Date,>,1287957614,b.Date,<,1380439034#45
votes v,posts p,badges b,users u#p.Id=v.PostId,u.Id=p.OwnerUserId,u.Id=b.UserId#p.Score,>,131,p.Score,<,188,p.CommentCount,>,7,p.CommentCount,<,21,u.DownVotes,>,99,u.DownVotes,<,1248,v.CreationDate,>,1257589852,v.CreationDate,<,1395094871,v.VoteTypeId,>,1,v.VoteTypeId,<,10,b.Date,>,1329844843,b.Date,<,1334862617#1356
votes v,posts p,badges b,users u#p.Id=v.PostId,u.Id=p.OwnerUserId,u.Id=b.UserId#p.Score,>,-18,p.Score,<,57,p.CommentCount,>,8,p.CommentCount,<,39,u.DownVotes,>,684,u.DownVotes,<,784,v.CreationDate,>,1334685857,v.CreationDate,<,1381825404,v.VoteTypeId,>,1,v.VoteTypeId,<,10,b.Date,>,1323005128,b.Date,<,1353438138#33642
votes v,posts p,badges b,users u#p.Id=v.PostId,u.Id=p.OwnerUserId,u.Id=b.UserId#p.Score,>,-5,p.Score,<,60,p.CommentCount,>,2,p.CommentCount,<,40,u.DownVotes,>,639,u.DownVotes,<,1229,v.CreationDate,>,1255391398,v.CreationDate,<,1334345556,v.VoteTypeId,>,4,v.VoteTypeId,<,13,b.Date,>,1314986093,b.Date,<,1372478372#3485
votes v,posts p,badges b,users u#p.Id=v.PostId,u.Id=p.OwnerUserId,u.Id=b.UserId#p.Score,>,76,p.Score,<,167,p.CommentCount,>,2,p.CommentCount,<,28,u.DownVotes,>,91,u.DownVotes,<,1266,v.CreationDate,>,1290116319,v.CreationDate,<,1408941863,v.VoteTypeId,>,7,v.VoteTypeId,<,14,b.Date,>,1304719762,b.Date,<,1390032341#178
votes v,posts p,badges b,users u#p.Id=v.PostId,u.Id=p.OwnerUserId,u.Id=b.UserId#p.Score,>,16,p.Score,<,104,p.CommentCount,>,8,p.CommentCount,<,18,u.DownVotes,>,199,u.DownVotes,<,969,v.CreationDate,>,1390171938,v.CreationDate,<,1403739078,v.VoteTypeId,>,3,v.VoteTypeId,<,14,b.Date,>,1367976256,b.Date,<,1379710885#56
votes v,posts p,badges b,users u#p.Id=v.PostId,u.Id=p.OwnerUserId,u.Id=b.UserId#p.Score,>,24,p.Score,<,124,p.CommentCount,>,2,p.CommentCount,<,17,u.DownVotes,>,696,u.DownVotes,<,1464,v.CreationDate,>,1339240772,v.CreationDate,<,1356237111,v.VoteTypeId,>,1,v.VoteTypeId,<,8,b.Date,>,1291986749,b.Date,<,1352988378#35856
votes v,posts p,badges b,users u#p.Id=v.PostId,u.Id=p.OwnerUserId,u.Id=b.UserId#p.Score,>,-15,p.Score,<,112,p.CommentCount,>,19,p.CommentCount,<,43,u.DownVotes,>,530,u.DownVotes,<,785,v.CreationDate,>,1289179411,v.CreationDate,<,1348479538,v.VoteTypeId,>,1,v.VoteTypeId,<,3,b.Date,>,1359502985,b.Date,<,1373642201#384
votes v,posts p,badges b,users u#p.Id=v.PostId,u.Id=p.OwnerUserId,u.Id=b.UserId#p.Score,>,9,p.Score,<,75,p.CommentCount,>,8,p.CommentCount,<,38,u.DownVotes,>,234,u.DownVotes,<,1750,v.CreationDate,>,1343881160,v.CreationDate,<,1397459319,v.VoteTypeId,>,1,v.VoteTypeId,<,4,b.Date,>,1309452458,b.Date,<,1373596359#55900
votes v,posts p,badges b,users u#p.Id=v.PostId,u.Id=p.OwnerUserId,u.Id=b.UserId#p.Score,>,-13,p.Score,<,115,p.CommentCount,>,7,p.CommentCount,<,17,u.DownVotes,>,120,u.DownVotes,<,232,v.CreationDate,>,1283312648,v.CreationDate,<,1370764044,v.VoteTypeId,>,7,v.VoteTypeId,<,15,b.Date,>,1296733495,b.Date,<,1406307595#287
votes v,posts p,badges b,users u#p.Id=v.PostId,u.Id=p.OwnerUserId,u.Id=b.UserId#p.Score,>,-7,p.Score,<,46,p.CommentCount,>,12,p.CommentCount,<,22,u.DownVotes,>,711,u.DownVotes,<,1369,v.CreationDate,>,1366312599,v.CreationDate,<,1406594354,v.VoteTypeId,>,1,v.VoteTypeId,<,7,b.Date,>,1292332538,b.Date,<,1298365750#938
votes v,posts p,badges b,users u#p.Id=v.PostId,u.Id=p.OwnerUserId,u.Id=b.UserId#p.Score,>,71,p.Score,<,163,p.CommentCount,>,2,p.CommentCount,<,21,u.DownVotes,>,380,u.DownVotes,<,1526,v.CreationDate,>,1281852792,v.CreationDate,<,1391489017,v.VoteTypeId,>,2,v.VoteTypeId,<,5,b.Date,>,1373476728,b.Date,<,1381807405#47
votes v,posts p,badges b,users u#p.Id=v.PostId,u.Id=p.OwnerUserId,u.Id=b.UserId#p.Score,>,-6,p.Score,<,151,p.CommentCount,>,9,p.CommentCount,<,34,u.DownVotes,>,321,u.DownVotes,<,1809,v.CreationDate,>,1272995807,v.CreationDate,<,1322176677,v.VoteTypeId,>,1,v.VoteTypeId,<,6,b.Date,>,1287622359,b.Date,<,1307383304#7785
votes v,posts p,badges b,users u#p.Id=v.PostId,u.Id=p.OwnerUserId,u.Id=b.UserId#p.Score,>,-15,p.Score,<,152,p.CommentCount,>,13,p.CommentCount,<,35,u.DownVotes,>,230,u.DownVotes,<,1411,v.CreationDate,>,1296566671,v.CreationDate,<,1318977402,v.VoteTypeId,>,3,v.VoteTypeId,<,12,b.Date,>,1339209885,b.Date,<,1399995543#262
votes v,posts p,badges b,users u#p.Id=v.PostId,u.Id=p.OwnerUserId,u.Id=b.UserId#p.Score,>,4,p.Score,<,154,p.CommentCount,>,17,p.CommentCount,<,30,u.DownVotes,>,142,u.DownVotes,<,1294,v.CreationDate,>,1274000735,v.CreationDate,<,1338875515,v.VoteTypeId,>,2,v.VoteTypeId,<,13,b.Date,>,1339802254,b.Date,<,1350132898#86
votes v,posts p,badges b,users u#p.Id=v.PostId,u.Id=p.OwnerUserId,u.Id=b.UserId#p.Score,>,0,p.Score,<,78,p.CommentCount,>,5,p.CommentCount,<,39,u.DownVotes,>,7,u.DownVotes,<,628,v.CreationDate,>,1367988274,v.CreationDate,<,1390068087,v.VoteTypeId,>,1,v.VoteTypeId,<,9,b.Date,>,1343512683,b.Date,<,1379121981#109194
votes v,posts p,badges b,users u#p.Id=v.PostId,u.Id=p.OwnerUserId,u.Id=b.UserId#p.Score,>,20,p.Score,<,132,p.CommentCount,>,1,p.CommentCount,<,33,u.DownVotes,>,266,u.DownVotes,<,548,v.CreationDate,>,1350675903,v.CreationDate,<,1404117171,v.VoteTypeId,>,4,v.VoteTypeId,<,8,b.Date,>,1375375154,b.Date,<,1388349118#6
votes v,posts p,badges b,users u#p.Id=v.PostId,u.Id=p.OwnerUserId,u.Id=b.UserId#p.Score,>,1,p.Score,<,145,p.CommentCount,>,16,p.CommentCount,<,29,u.DownVotes,>,88,u.DownVotes,<,1259,v.CreationDate,>,1394157405,v.CreationDate,<,1408140718,v.VoteTypeId,>,2,v.VoteTypeId,<,8,b.Date,>,1283950909,b.Date,<,1405673258#58
votes v,posts p,badges b,users u#p.Id=v.PostId,u.Id=p.OwnerUserId,u.Id=b.UserId#p.Score,>,5,p.Score,<,100,p.CommentCount,>,6,p.CommentCount,<,29,u.DownVotes,>,748,u.DownVotes,<,1658,v.CreationDate,>,1279593093,v.CreationDate,<,1348463829,v.VoteTypeId,>,8,v.VoteTypeId,<,11,b.Date,>,1284338256,b.Date,<,1294079986#66
votes v,posts p,badges b,users u#p.Id=v.PostId,u.Id=p.OwnerUserId,u.Id=b.UserId#p.Score,>,-15,p.Score,<,158,p.CommentCount,>,1,p.CommentCount,<,41,u.DownVotes,>,647,u.DownVotes,<,1326,v.CreationDate,>,1244520105,v.CreationDate,<,1384722420,v.VoteTypeId,>,6,v.VoteTypeId,<,10,b.Date,>,1284734341,b.Date,<,1331670966#2057
votes v,posts p,badges b,users u#p.Id=v.PostId,u.Id=p.OwnerUserId,u.Id=b.UserId#p.Score,>,86,p.Score,<,147,p.CommentCount,>,9,p.CommentCount,<,17,u.DownVotes,>,186,u.DownVotes,<,1717,v.CreationDate,>,1322124989,v.CreationDate,<,1327420065,v.VoteTypeId,>,1,v.VoteTypeId,<,4,b.Date,>,1328787630,b.Date,<,1372190735#1020
votes v,posts p,badges b,users u#p.Id=v.PostId,u.Id=p.OwnerUserId,u.Id=b.UserId#p.Score,>,7,p.Score,<,170,p.CommentCount,>,2,p.CommentCount,<,43,u.DownVotes,>,603,u.DownVotes,<,1180,v.CreationDate,>,1322156304,v.CreationDate,<,1374198003,v.VoteTypeId,>,1,v.VoteTypeId,<,9,b.Date,>,1306634655,b.Date,<,1316283484#36540
votes v,posts p,badges b,users u#p.Id=v.PostId,u.Id=p.OwnerUserId,u.Id=b.UserId#p.Score,>,22,p.Score,<,45,p.CommentCount,>,18,p.CommentCount,<,25,u.DownVotes,>,172,u.DownVotes,<,1585,v.CreationDate,>,1263012106,v.CreationDate,<,1407813754,v.VoteTypeId,>,2,v.VoteTypeId,<,11,b.Date,>,1315264259,b.Date,<,1342919352#39
votes v,posts p,badges b,users u#p.Id=v.PostId,u.Id=p.OwnerUserId,u.Id=b.UserId#p.Score,>,6,p.Score,<,142,p.CommentCount,>,3,p.CommentCount,<,37,u.DownVotes,>,262,u.DownVotes,<,530,v.CreationDate,>,1241272886,v.CreationDate,<,1335400625,v.VoteTypeId,>,7,v.VoteTypeId,<,12,b.Date,>,1372744278,b.Date,<,1395321256#19
votes v,posts p,badges b,users u#p.Id=v.PostId,u.Id=p.OwnerUserId,u.Id=b.UserId#p.Score,>,8,p.Score,<,122,p.CommentCount,>,6,p.CommentCount,<,43,u.DownVotes,>,334,u.DownVotes,<,1906,v.CreationDate,>,1233650644,v.CreationDate,<,1292309659,v.VoteTypeId,>,4,v.VoteTypeId,<,8,b.Date,>,1292604927,b.Date,<,1364496898#488
votes v,posts p,badges b,users u#p.Id=v.PostId,u.Id=p.OwnerUserId,u.Id=b.UserId#p.Score,>,-5,p.Score,<,11,p.CommentCount,>,2,p.CommentCount,<,19,u.DownVotes,>,43,u.DownVotes,<,757,v.CreationDate,>,1334374866,v.CreationDate,<,1356194720,v.VoteTypeId,>,5,v.VoteTypeId,<,13,b.Date,>,1281774727,b.Date,<,1353598611#468
votes v,posts p,badges b,users u#p.Id=v.PostId,u.Id=p.OwnerUserId,u.Id=b.UserId#p.Score,>,20,p.Score,<,94,p.CommentCount,>,0,p.CommentCount,<,20,u.DownVotes,>,314,u.DownVotes,<,1830,v.CreationDate,>,1302375808,v.CreationDate,<,1316273702,v.VoteTypeId,>,4,v.VoteTypeId,<,10,b.Date,>,1286832182,b.Date,<,1343951606#23
votes v,posts p,badges b,users u#p.Id=v.PostId,u.Id=p.OwnerUserId,u.Id=b.UserId#p.Score,>,-13,p.Score,<,16,p.CommentCount,>,4,p.CommentCount,<,40,u.DownVotes,>,287,u.DownVotes,<,1822,v.CreationDate,>,1300163973,v.CreationDate,<,1359032086,v.VoteTypeId,>,4,v.VoteTypeId,<,8,b.Date,>,1320135284,b.Date,<,1348424543#663
votes v,posts p,badges b,users u#p.Id=v.PostId,u.Id=p.OwnerUserId,u.Id=b.UserId#p.Score,>,139,p.Score,<,149,p.CommentCount,>,8,p.CommentCount,<,15,u.DownVotes,>,2,u.DownVotes,<,1813,v.CreationDate,>,1271797678,v.CreationDate,<,1410125935,v.VoteTypeId,>,5,v.VoteTypeId,<,14,b.Date,>,1344330885,b.Date,<,1398343949#144
votes v,posts p,badges b,users u#p.Id=v.PostId,u.Id=p.OwnerUserId,u.Id=b.UserId#p.Score,>,-16,p.Score,<,14,p.CommentCount,>,5,p.CommentCount,<,24,u.DownVotes,>,67,u.DownVotes,<,1766,v.CreationDate,>,1287744963,v.CreationDate,<,1409152848,v.VoteTypeId,>,2,v.VoteTypeId,<,12,b.Date,>,1310653675,b.Date,<,1377064696#11378
votes v,posts p,badges b,users u#p.Id=v.PostId,u.Id=p.OwnerUserId,u.Id=b.UserId#p.Score,>,8,p.Score,<,172,p.CommentCount,>,3,p.CommentCount,<,18,u.DownVotes,>,668,u.DownVotes,<,1327,v.CreationDate,>,1343311333,v.CreationDate,<,1382857138,v.VoteTypeId,>,3,v.VoteTypeId,<,15,b.Date,>,1331781155,b.Date,<,1345955657#1332
votes v,posts p,badges b,users u#p.Id=v.PostId,u.Id=p.OwnerUserId,u.Id=b.UserId#p.Score,>,3,p.Score,<,147,p.CommentCount,>,5,p.CommentCount,<,20,u.DownVotes,>,165,u.DownVotes,<,1342,v.CreationDate,>,1333197743,v.CreationDate,<,1373284052,v.VoteTypeId,>,1,v.VoteTypeId,<,8,b.Date,>,1288860539,b.Date,<,1324809714#89492
votes v,posts p,badges b,users u#p.Id=v.PostId,u.Id=p.OwnerUserId,u.Id=b.UserId#p.Score,>,-13,p.Score,<,167,p.CommentCount,>,12,p.CommentCount,<,18,u.DownVotes,>,117,u.DownVotes,<,1485,v.CreationDate,>,1355789466,v.CreationDate,<,1409090544,v.VoteTypeId,>,2,v.VoteTypeId,<,11,b.Date,>,1347984090,b.Date,<,1361698122#145
votes v,posts p,badges b,users u#p.Id=v.PostId,u.Id=p.OwnerUserId,u.Id=b.UserId#p.Score,>,0,p.Score,<,22,p.CommentCount,>,27,p.CommentCount,<,36,u.DownVotes,>,257,u.DownVotes,<,1600,v.CreationDate,>,1237608546,v.CreationDate,<,1353331183,v.VoteTypeId,>,1,v.VoteTypeId,<,3,b.Date,>,1351219190,b.Date,<,1378977088#220
votes v,posts p,badges b,users u#p.Id=v.PostId,u.Id=p.OwnerUserId,u.Id=b.UserId#p.Score,>,-7,p.Score,<,154,p.CommentCount,>,10,p.CommentCount,<,14,u.DownVotes,>,123,u.DownVotes,<,1123,v.CreationDate,>,1248816529,v.CreationDate,<,1380602372,v.VoteTypeId,>,7,v.VoteTypeId,<,10,b.Date,>,1296024485,b.Date,<,1394743182#732
votes v,posts p,badges b,users u#p.Id=v.PostId,u.Id=p.OwnerUserId,u.Id=b.UserId#p.Score,>,10,p.Score,<,46,p.CommentCount,>,2,p.CommentCount,<,41,u.DownVotes,>,557,u.DownVotes,<,997,v.CreationDate,>,1331093430,v.CreationDate,<,1404321069,v.VoteTypeId,>,3,v.VoteTypeId,<,9,b.Date,>,1305694587,b.Date,<,1355429862#930
votes v,posts p,badges b,users u#p.Id=v.PostId,u.Id=p.OwnerUserId,u.Id=b.UserId#p.Score,>,16,p.Score,<,104,p.CommentCount,>,12,p.CommentCount,<,35,u.DownVotes,>,241,u.DownVotes,<,1150,v.CreationDate,>,1331868672,v.CreationDate,<,1385329003,v.VoteTypeId,>,1,v.VoteTypeId,<,10,b.Date,>,1402713881,b.Date,<,1409351199#364
votes v,posts p,badges b,users u#p.Id=v.PostId,u.Id=p.OwnerUserId,u.Id=b.UserId#p.Score,>,-17,p.Score,<,139,p.CommentCount,>,8,p.CommentCount,<,10,u.DownVotes,>,421,u.DownVotes,<,943,v.CreationDate,>,1241448186,v.CreationDate,<,1395144323,v.VoteTypeId,>,1,v.VoteTypeId,<,13,b.Date,>,1363393258,b.Date,<,1383220354#13764
votes v,posts p,badges b,users u#p.Id=v.PostId,u.Id=p.OwnerUserId,u.Id=b.UserId#p.Score,>,27,p.Score,<,150,p.CommentCount,>,11,p.CommentCount,<,26,u.DownVotes,>,40,u.DownVotes,<,725,v.CreationDate,>,1239816133,v.CreationDate,<,1381380397,v.VoteTypeId,>,1,v.VoteTypeId,<,9,b.Date,>,1305213995,b.Date,<,1390509680#17646
votes v,posts p,badges b,users u#p.Id=v.PostId,u.Id=p.OwnerUserId,u.Id=b.UserId#p.Score,>,-15,p.Score,<,51,p.CommentCount,>,19,p.CommentCount,<,40,u.DownVotes,>,432,u.DownVotes,<,1690,v.CreationDate,>,1273426533,v.CreationDate,<,1410235798,v.VoteTypeId,>,4,v.VoteTypeId,<,12,b.Date,>,1293203410,b.Date,<,1397823784#371
votes v,posts p,badges b,users u#p.Id=v.PostId,u.Id=p.OwnerUserId,u.Id=b.UserId#p.Score,>,2,p.Score,<,156,p.CommentCount,>,2,p.CommentCount,<,34,u.DownVotes,>,641,u.DownVotes,<,1647,v.CreationDate,>,1286857403,v.CreationDate,<,1400616737,v.VoteTypeId,>,4,v.VoteTypeId,<,10,b.Date,>,1298376259,b.Date,<,1347071518#7568
votes v,posts p,badges b,users u#p.Id=v.PostId,u.Id=p.OwnerUserId,u.Id=b.UserId#p.Score,>,4,p.Score,<,123,p.CommentCount,>,4,p.CommentCount,<,8,u.DownVotes,>,30,u.DownVotes,<,859,v.CreationDate,>,1356054802,v.CreationDate,<,1370290788,v.VoteTypeId,>,5,v.VoteTypeId,<,12,b.Date,>,1301531107,b.Date,<,1339466554#76
votes v,posts p,badges b,users u#p.Id=v.PostId,u.Id=p.OwnerUserId,u.Id=b.UserId#p.Score,>,3,p.Score,<,21,p.CommentCount,>,5,p.CommentCount,<,32,u.DownVotes,>,412,u.DownVotes,<,1372,v.CreationDate,>,1323760562,v.CreationDate,<,1337120514,v.VoteTypeId,>,2,v.VoteTypeId,<,10,b.Date,>,1373503085,b.Date,<,1402614235#128
votes v,posts p,badges b,users u#p.Id=v.PostId,u.Id=p.OwnerUserId,u.Id=b.UserId#p.Score,>,32,p.Score,<,111,p.CommentCount,>,14,p.CommentCount,<,42,u.DownVotes,>,60,u.DownVotes,<,1740,v.CreationDate,>,1236431687,v.CreationDate,<,1347144321,v.VoteTypeId,>,7,v.VoteTypeId,<,11,b.Date,>,1328768149,b.Date,<,1393996961#85
votes v,posts p,badges b,users u#p.Id=v.PostId,u.Id=p.OwnerUserId,u.Id=b.UserId#p.Score,>,0,p.Score,<,144,p.CommentCount,>,13,p.CommentCount,<,36,u.DownVotes,>,12,u.DownVotes,<,470,v.CreationDate,>,1308658112,v.CreationDate,<,1367405249,v.VoteTypeId,>,2,v.VoteTypeId,<,11,b.Date,>,1329723143,b.Date,<,1354396062#584
votes v,posts p,badges b,users u#p.Id=v.PostId,u.Id=p.OwnerUserId,u.Id=b.UserId#p.Score,>,0,p.Score,<,100,p.CommentCount,>,10,p.CommentCount,<,29,u.DownVotes,>,99,u.DownVotes,<,725,v.CreationDate,>,1286752879,v.CreationDate,<,1403650591,v.VoteTypeId,>,6,v.VoteTypeId,<,11,b.Date,>,1292306853,b.Date,<,1348141476#463
votes v,posts p,badges b,users u#p.Id=v.PostId,u.Id=p.OwnerUserId,u.Id=b.UserId#p.Score,>,3,p.Score,<,80,p.CommentCount,>,11,p.CommentCount,<,42,u.DownVotes,>,524,u.DownVotes,<,1500,v.CreationDate,>,1282779654,v.CreationDate,<,1313828623,v.VoteTypeId,>,6,v.VoteTypeId,<,13,b.Date,>,1337208113,b.Date,<,1354137074#98
votes v,posts p,badges b,users u#p.Id=v.PostId,u.Id=p.OwnerUserId,u.Id=b.UserId#p.Score,>,0,p.Score,<,73,p.CommentCount,>,5,p.CommentCount,<,10,u.DownVotes,>,182,u.DownVotes,<,992,v.CreationDate,>,1263957841,v.CreationDate,<,1374929268,v.VoteTypeId,>,1,v.VoteTypeId,<,9,b.Date,>,1328204757,b.Date,<,1342670380#109268
votes v,posts p,badges b,users u#p.Id=v.PostId,u.Id=p.OwnerUserId,u.Id=b.UserId#p.Score,>,4,p.Score,<,104,p.CommentCount,>,19,p.CommentCount,<,39,u.DownVotes,>,202,u.DownVotes,<,1346,v.CreationDate,>,1273326811,v.CreationDate,<,1378843601,v.VoteTypeId,>,8,v.VoteTypeId,<,15,b.Date,>,1321010097,b.Date,<,1408625997#442
votes v,posts p,badges b,users u#p.Id=v.PostId,u.Id=p.OwnerUserId,u.Id=b.UserId#p.Score,>,-9,p.Score,<,77,p.CommentCount,>,3,p.CommentCount,<,9,u.DownVotes,>,261,u.DownVotes,<,1386,v.CreationDate,>,1296207810,v.CreationDate,<,1369689686,v.VoteTypeId,>,2,v.VoteTypeId,<,11,b.Date,>,1367712310,b.Date,<,1379209410#1316
votes v,posts p,badges b,users u#p.Id=v.PostId,u.Id=p.OwnerUserId,u.Id=b.UserId#p.Score,>,102,p.Score,<,159,p.CommentCount,>,1,p.CommentCount,<,28,u.DownVotes,>,22,u.DownVotes,<,1095,v.CreationDate,>,1299718638,v.CreationDate,<,1370288674,v.VoteTypeId,>,8,v.VoteTypeId,<,15,b.Date,>,1282421380,b.Date,<,1399725808#209
votes v,posts p,badges b,users u#p.Id=v.PostId,u.Id=p.OwnerUserId,u.Id=b.UserId#p.Score,>,27,p.Score,<,190,p.CommentCount,>,3,p.CommentCount,<,28,u.DownVotes,>,316,u.DownVotes,<,1867,v.CreationDate,>,1316545807,v.CreationDate,<,1323014609,v.VoteTypeId,>,2,v.VoteTypeId,<,14,b.Date,>,1329173090,b.Date,<,1339818005#70
votes v,posts p,badges b,users u#p.Id=v.PostId,u.Id=p.OwnerUserId,u.Id=b.UserId#p.Score,>,-2,p.Score,<,124,p.CommentCount,>,2,p.CommentCount,<,25,u.DownVotes,>,559,u.DownVotes,<,1720,v.CreationDate,>,1247668808,v.CreationDate,<,1395434032,v.VoteTypeId,>,1,v.VoteTypeId,<,8,b.Date,>,1286044624,b.Date,<,1312280751#241155
votes v,posts p,badges b,users u#p.Id=v.PostId,u.Id=p.OwnerUserId,u.Id=b.UserId#p.Score,>,-16,p.Score,<,17,p.CommentCount,>,32,p.CommentCount,<,41,u.DownVotes,>,300,u.DownVotes,<,1878,v.CreationDate,>,1314268868,v.CreationDate,<,1405298602,v.VoteTypeId,>,1,v.VoteTypeId,<,4,b.Date,>,1304005898,b.Date,<,1395228514#2282
votes v,posts p,badges b,users u#p.Id=v.PostId,u.Id=p.OwnerUserId,u.Id=b.UserId#p.Score,>,8,p.Score,<,162,p.CommentCount,>,12,p.CommentCount,<,35,u.DownVotes,>,611,u.DownVotes,<,1742,v.CreationDate,>,1249342949,v.CreationDate,<,1314624020,v.VoteTypeId,>,2,v.VoteTypeId,<,10,b.Date,>,1290632921,b.Date,<,1348397011#199
votes v,posts p,badges b,users u#p.Id=v.PostId,u.Id=p.OwnerUserId,u.Id=b.UserId#p.Score,>,42,p.Score,<,188,p.CommentCount,>,3,p.CommentCount,<,25,u.DownVotes,>,545,u.DownVotes,<,1736,v.CreationDate,>,1241277146,v.CreationDate,<,1385922885,v.VoteTypeId,>,3,v.VoteTypeId,<,12,b.Date,>,1363419138,b.Date,<,1365003685#15
votes v,posts p,badges b,users u#p.Id=v.PostId,u.Id=p.OwnerUserId,u.Id=b.UserId#p.Score,>,-7,p.Score,<,70,p.CommentCount,>,16,p.CommentCount,<,24,u.DownVotes,>,183,u.DownVotes,<,561,v.CreationDate,>,1253103472,v.CreationDate,<,1384271433,v.VoteTypeId,>,7,v.VoteTypeId,<,14,b.Date,>,1337479893,b.Date,<,1347831663#17
votes v,posts p,badges b,users u#p.Id=v.PostId,u.Id=p.OwnerUserId,u.Id=b.UserId#p.Score,>,79,p.Score,<,156,p.CommentCount,>,4,p.CommentCount,<,36,u.DownVotes,>,62,u.DownVotes,<,1821,v.CreationDate,>,1282187824,v.CreationDate,<,1337422265,v.VoteTypeId,>,1,v.VoteTypeId,<,8,b.Date,>,1311742989,b.Date,<,1315044220#858
votes v,posts p,badges b,users u#p.Id=v.PostId,u.Id=p.OwnerUserId,u.Id=b.UserId#p.Score,>,-6,p.Score,<,134,p.CommentCount,>,0,p.CommentCount,<,27,u.DownVotes,>,570,u.DownVotes,<,1429,v.CreationDate,>,1321252915,v.CreationDate,<,1342471419,v.VoteTypeId,>,4,v.VoteTypeId,<,14,b.Date,>,1324656124,b.Date,<,1401742304#1220
votes v,posts p,badges b,users u#p.Id=v.PostId,u.Id=p.OwnerUserId,u.Id=b.UserId#p.Score,>,6,p.Score,<,187,p.CommentCount,>,6,p.CommentCount,<,43,u.DownVotes,>,324,u.DownVotes,<,1558,v.CreationDate,>,1252066330,v.CreationDate,<,1336838086,v.VoteTypeId,>,6,v.VoteTypeId,<,13,b.Date,>,1313057615,b.Date,<,1394109814#1375
votes v,posts p,badges b,users u#p.Id=v.PostId,u.Id=p.OwnerUserId,u.Id=b.UserId#p.Score,>,5,p.Score,<,68,p.CommentCount,>,15,p.CommentCount,<,31,u.DownVotes,>,133,u.DownVotes,<,890,v.CreationDate,>,1250999294,v.CreationDate,<,1320868296,v.VoteTypeId,>,2,v.VoteTypeId,<,12,b.Date,>,1396910635,b.Date,<,1403421382#32
votes v,posts p,badges b,users u#p.Id=v.PostId,u.Id=p.OwnerUserId,u.Id=b.UserId#p.Score,>,-6,p.Score,<,186,p.CommentCount,>,6,p.CommentCount,<,19,u.DownVotes,>,743,u.DownVotes,<,1340,v.CreationDate,>,1355277418,v.CreationDate,<,1376318998,v.VoteTypeId,>,4,v.VoteTypeId,<,7,b.Date,>,1281441483,b.Date,<,1332679942#133
votes v,posts p,badges b,users u#p.Id=v.PostId,u.Id=p.OwnerUserId,u.Id=b.UserId#p.Score,>,-2,p.Score,<,94,p.CommentCount,>,9,p.CommentCount,<,21,u.DownVotes,>,282,u.DownVotes,<,1857,v.CreationDate,>,1300072775,v.CreationDate,<,1316052203,v.VoteTypeId,>,7,v.VoteTypeId,<,13,b.Date,>,1320125181,b.Date,<,1321882730#8
votes v,posts p,badges b,users u#p.Id=v.PostId,u.Id=p.OwnerUserId,u.Id=b.UserId#p.Score,>,1,p.Score,<,75,p.CommentCount,>,12,p.CommentCount,<,26,u.DownVotes,>,719,u.DownVotes,<,1300,v.CreationDate,>,1257281639,v.CreationDate,<,1407273345,v.VoteTypeId,>,1,v.VoteTypeId,<,6,b.Date,>,1327593445,b.Date,<,1374665741#38352
votes v,posts p,badges b,users u#p.Id=v.PostId,u.Id=p.OwnerUserId,u.Id=b.UserId#p.Score,>,81,p.Score,<,119,p.CommentCount,>,0,p.CommentCount,<,28,u.DownVotes,>,367,u.DownVotes,<,1383,v.CreationDate,>,1287747595,v.CreationDate,<,1406285448,v.VoteTypeId,>,1,v.VoteTypeId,<,8,b.Date,>,1402652910,b.Date,<,1407943281#1280
votes v,posts p,badges b,users u#p.Id=v.PostId,u.Id=p.OwnerUserId,u.Id=b.UserId#p.Score,>,73,p.Score,<,124,p.CommentCount,>,5,p.CommentCount,<,15,u.DownVotes,>,233,u.DownVotes,<,1257,v.CreationDate,>,1307575079,v.CreationDate,<,1390782712,v.VoteTypeId,>,1,v.VoteTypeId,<,12,b.Date,>,1280794352,b.Date,<,1307128177#4453
votes v,posts p,badges b,users u#p.Id=v.PostId,u.Id=p.OwnerUserId,u.Id=b.UserId#p.Score,>,-5,p.Score,<,94,p.CommentCount,>,12,p.CommentCount,<,27,u.DownVotes,>,19,u.DownVotes,<,1742,v.CreationDate,>,1239920334,v.CreationDate,<,1317327135,v.VoteTypeId,>,2,v.VoteTypeId,<,6,b.Date,>,1373061102,b.Date,<,1378675830#4
votes v,posts p,badges b,users u#p.Id=v.PostId,u.Id=p.OwnerUserId,u.Id=b.UserId#p.Score,>,-17,p.Score,<,42,p.CommentCount,>,3,p.CommentCount,<,14,u.DownVotes,>,615,u.DownVotes,<,790,v.CreationDate,>,1292636168,v.CreationDate,<,1373327793,v.VoteTypeId,>,6,v.VoteTypeId,<,10,b.Date,>,1299144486,b.Date,<,1314355135#430
votes v,posts p,badges b,users u#p.Id=v.PostId,u.Id=p.OwnerUserId,u.Id=b.UserId#p.Score,>,16,p.Score,<,108,p.CommentCount,>,3,p.CommentCount,<,25,u.DownVotes,>,623,u.DownVotes,<,1885,v.CreationDate,>,1335930269,v.CreationDate,<,1377226631,v.VoteTypeId,>,4,v.VoteTypeId,<,11,b.Date,>,1314597765,b.Date,<,1360023483#2028
votes v,posts p,badges b,users u#p.Id=v.PostId,u.Id=p.OwnerUserId,u.Id=b.UserId#p.Score,>,-18,p.Score,<,107,p.CommentCount,>,17,p.CommentCount,<,32,u.DownVotes,>,157,u.DownVotes,<,1626,v.CreationDate,>,1291403930,v.CreationDate,<,1335799488,v.VoteTypeId,>,6,v.VoteTypeId,<,12,b.Date,>,1317316036,b.Date,<,1384208222#335
votes v,posts p,badges b,users u#p.Id=v.PostId,u.Id=p.OwnerUserId,u.Id=b.UserId#p.Score,>,0,p.Score,<,59,p.CommentCount,>,0,p.CommentCount,<,20,u.DownVotes,>,518,u.DownVotes,<,1412,v.CreationDate,>,1277625723,v.CreationDate,<,1334886056,v.VoteTypeId,>,1,v.VoteTypeId,<,13,b.Date,>,1293090833,b.Date,<,1326147703#230454
votes v,posts p,badges b,users u#p.Id=v.PostId,u.Id=p.OwnerUserId,u.Id=b.UserId#p.Score,>,40,p.Score,<,109,p.CommentCount,>,5,p.CommentCount,<,15,u.DownVotes,>,102,u.DownVotes,<,1483,v.CreationDate,>,1295797257,v.CreationDate,<,1401823693,v.VoteTypeId,>,4,v.VoteTypeId,<,6,b.Date,>,1319976116,b.Date,<,1392643922#4512
votes v,posts p,badges b,users u#p.Id=v.PostId,u.Id=p.OwnerUserId,u.Id=b.UserId#p.Score,>,56,p.Score,<,119,p.CommentCount,>,4,p.CommentCount,<,38,u.DownVotes,>,590,u.DownVotes,<,1587,v.CreationDate,>,1296599103,v.CreationDate,<,1376099347,v.VoteTypeId,>,1,v.VoteTypeId,<,6,b.Date,>,1279686012,b.Date,<,1401131372#105078
votes v,posts p,badges b,users u#p.Id=v.PostId,u.Id=p.OwnerUserId,u.Id=b.UserId#p.Score,>,10,p.Score,<,82,p.CommentCount,>,0,p.CommentCount,<,26,u.DownVotes,>,326,u.DownVotes,<,1235,v.CreationDate,>,1262509576,v.CreationDate,<,1384261161,v.VoteTypeId,>,9,v.VoteTypeId,<,14,b.Date,>,1281443241,b.Date,<,1343332310#315
votes v,posts p,badges b,users u#p.Id=v.PostId,u.Id=p.OwnerUserId,u.Id=b.UserId#p.Score,>,46,p.Score,<,164,p.CommentCount,>,4,p.CommentCount,<,25,u.DownVotes,>,17,u.DownVotes,<,1428,v.CreationDate,>,1292317455,v.CreationDate,<,1343163619,v.VoteTypeId,>,1,v.VoteTypeId,<,6,b.Date,>,1348908549,b.Date,<,1385661529#46537
votes v,posts p,badges b,users u#p.Id=v.PostId,u.Id=p.OwnerUserId,u.Id=b.UserId#p.Score,>,-10,p.Score,<,37,p.CommentCount,>,19,p.CommentCount,<,31,u.DownVotes,>,232,u.DownVotes,<,1591,v.CreationDate,>,1256722107,v.CreationDate,<,1400440911,v.VoteTypeId,>,7,v.VoteTypeId,<,12,b.Date,>,1304910183,b.Date,<,1404143121#376
votes v,posts p,badges b,users u#p.Id=v.PostId,u.Id=p.OwnerUserId,u.Id=b.UserId#p.Score,>,-7,p.Score,<,166,p.CommentCount,>,6,p.CommentCount,<,22,u.DownVotes,>,596,u.DownVotes,<,1286,v.CreationDate,>,1255195732,v.CreationDate,<,1385564489,v.VoteTypeId,>,7,v.VoteTypeId,<,14,b.Date,>,1352366567,b.Date,<,1387146847#600
votes v,posts p,badges b,users u#p.Id=v.PostId,u.Id=p.OwnerUserId,u.Id=b.UserId#p.Score,>,-15,p.Score,<,181,p.CommentCount,>,1,p.CommentCount,<,32,u.DownVotes,>,351,u.DownVotes,<,517,v.CreationDate,>,1326014935,v.CreationDate,<,1383796052,v.VoteTypeId,>,10,v.VoteTypeId,<,12,b.Date,>,1293657419,b.Date,<,1372857433#432
votes v,posts p,badges b,users u#p.Id=v.PostId,u.Id=p.OwnerUserId,u.Id=b.UserId#p.Score,>,53,p.Score,<,125,p.CommentCount,>,27,p.CommentCount,<,39,u.DownVotes,>,51,u.DownVotes,<,785,v.CreationDate,>,1274362983,v.CreationDate,<,1352164317,v.VoteTypeId,>,1,v.VoteTypeId,<,10,b.Date,>,1286229249,b.Date,<,1353448948#2813
votes v,posts p,badges b,users u#p.Id=v.PostId,u.Id=p.OwnerUserId,u.Id=b.UserId#p.Score,>,-7,p.Score,<,73,p.CommentCount,>,8,p.CommentCount,<,26,u.DownVotes,>,162,u.DownVotes,<,1588,v.CreationDate,>,1294731035,v.CreationDate,<,1354589673,v.VoteTypeId,>,7,v.VoteTypeId,<,15,b.Date,>,1319372832,b.Date,<,1352410955#545
votes v,posts p,badges b,users u#p.Id=v.PostId,u.Id=p.OwnerUserId,u.Id=b.UserId#p.Score,>,94,p.Score,<,158,p.CommentCount,>,1,p.CommentCount,<,15,u.DownVotes,>,27,u.DownVotes,<,490,v.CreationDate,>,1276171173,v.CreationDate,<,1354867328,v.VoteTypeId,>,2,v.VoteTypeId,<,4,b.Date,>,1292186165,b.Date,<,1408941525#336
votes v,posts p,badges b,users u#p.Id=v.PostId,u.Id=p.OwnerUserId,u.Id=b.UserId#p.Score,>,-13,p.Score,<,2,p.CommentCount,>,1,p.CommentCount,<,23,u.DownVotes,>,207,u.DownVotes,<,836,v.CreationDate,>,1291349986,v.CreationDate,<,1360204273,v.VoteTypeId,>,1,v.VoteTypeId,<,12,b.Date,>,1304198045,b.Date,<,1362178404#3777
votes v,posts p,badges b,users u#p.Id=v.PostId,u.Id=p.OwnerUserId,u.Id=b.UserId#p.Score,>,134,p.Score,<,151,p.CommentCount,>,2,p.CommentCount,<,19,u.DownVotes,>,124,u.DownVotes,<,1359,v.CreationDate,>,1270822820,v.CreationDate,<,1354533538,v.VoteTypeId,>,3,v.VoteTypeId,<,12,b.Date,>,1365999864,b.Date,<,1409566544#131
votes v,posts p,badges b,users u#p.Id=v.PostId,u.Id=p.OwnerUserId,u.Id=b.UserId#p.Score,>,89,p.Score,<,137,p.CommentCount,>,2,p.CommentCount,<,18,u.DownVotes,>,91,u.DownVotes,<,145,v.CreationDate,>,1264704100,v.CreationDate,<,1294187544,v.VoteTypeId,>,1,v.VoteTypeId,<,10,b.Date,>,1299373988,b.Date,<,1318275403#357
votes v,posts p,badges b,users u#p.Id=v.PostId,u.Id=p.OwnerUserId,u.Id=b.UserId#p.Score,>,17,p.Score,<,156,p.CommentCount,>,2,p.CommentCount,<,32,u.DownVotes,>,369,u.DownVotes,<,593,v.CreationDate,>,1326410614,v.CreationDate,<,1371300635,v.VoteTypeId,>,4,v.VoteTypeId,<,12,b.Date,>,1302206103,b.Date,<,1406559850#174
votes v,posts p,badges b,users u#p.Id=v.PostId,u.Id=p.OwnerUserId,u.Id=b.UserId#p.Score,>,48,p.Score,<,164,p.CommentCount,>,4,p.CommentCount,<,9,u.DownVotes,>,461,u.DownVotes,<,930,v.CreationDate,>,1237760344,v.CreationDate,<,1379953497,v.VoteTypeId,>,1,v.VoteTypeId,<,6,b.Date,>,1368271894,b.Date,<,1370329544#558
votes v,posts p,badges b,users u#p.Id=v.PostId,u.Id=p.OwnerUserId,u.Id=b.UserId#p.Score,>,-16,p.Score,<,82,p.CommentCount,>,9,p.CommentCount,<,21,u.DownVotes,>,512,u.DownVotes,<,1555,v.CreationDate,>,1340058151,v.CreationDate,<,1361854542,v.VoteTypeId,>,2,v.VoteTypeId,<,14,b.Date,>,1289059014,b.Date,<,1348853189#204
votes v,posts p,badges b,users u#p.Id=v.PostId,u.Id=p.OwnerUserId,u.Id=b.UserId#p.Score,>,-17,p.Score,<,153,p.CommentCount,>,7,p.CommentCount,<,36,u.DownVotes,>,363,u.DownVotes,<,1890,v.CreationDate,>,1339773468,v.CreationDate,<,1407679210,v.VoteTypeId,>,2,v.VoteTypeId,<,10,b.Date,>,1323116879,b.Date,<,1338610140#625
votes v,posts p,badges b,users u#p.Id=v.PostId,u.Id=p.OwnerUserId,u.Id=b.UserId#p.Score,>,18,p.Score,<,99,p.CommentCount,>,1,p.CommentCount,<,31,u.DownVotes,>,24,u.DownVotes,<,1682,v.CreationDate,>,1358396529,v.CreationDate,<,1379625446,v.VoteTypeId,>,3,v.VoteTypeId,<,8,b.Date,>,1318547260,b.Date,<,1369588361#7519
votes v,posts p,badges b,users u#p.Id=v.PostId,u.Id=p.OwnerUserId,u.Id=b.UserId#p.Score,>,-5,p.Score,<,33,p.CommentCount,>,3,p.CommentCount,<,13,u.DownVotes,>,68,u.DownVotes,<,290,v.CreationDate,>,1315868228,v.CreationDate,<,1408796175,v.VoteTypeId,>,1,v.VoteTypeId,<,7,b.Date,>,1285660417,b.Date,<,1346143652#201897
votes v,posts p,badges b,users u#p.Id=v.PostId,u.Id=p.OwnerUserId,u.Id=b.UserId#p.Score,>,23,p.Score,<,53,p.CommentCount,>,18,p.CommentCount,<,44,u.DownVotes,>,115,u.DownVotes,<,673,v.CreationDate,>,1355993902,v.CreationDate,<,1359803498,v.VoteTypeId,>,1,v.VoteTypeId,<,9,b.Date,>,1289477950,b.Date,<,1404740248#136
votes v,posts p,badges b,users u#p.Id=v.PostId,u.Id=p.OwnerUserId,u.Id=b.UserId#p.Score,>,0,p.Score,<,61,p.CommentCount,>,3,p.CommentCount,<,23,u.DownVotes,>,209,u.DownVotes,<,1841,v.CreationDate,>,1240078381,v.CreationDate,<,1320925374,v.VoteTypeId,>,3,v.VoteTypeId,<,8,b.Date,>,1293296721,b.Date,<,1340585936#2084
votes v,posts p,badges b,users u#p.Id=v.PostId,u.Id=p.OwnerUserId,u.Id=b.UserId#p.Score,>,-14,p.Score,<,77,p.CommentCount,>,4,p.CommentCount,<,19,u.DownVotes,>,368,u.DownVotes,<,1016,v.CreationDate,>,1289850791,v.CreationDate,<,1314064339,v.VoteTypeId,>,2,v.VoteTypeId,<,8,b.Date,>,1281718649,b.Date,<,1304047004#220
votes v,posts p,badges b,users u#p.Id=v.PostId,u.Id=p.OwnerUserId,u.Id=b.UserId#p.Score,>,12,p.Score,<,45,p.CommentCount,>,1,p.CommentCount,<,30,u.DownVotes,>,727,u.DownVotes,<,1789,v.CreationDate,>,1303192307,v.CreationDate,<,1376710259,v.VoteTypeId,>,6,v.VoteTypeId,<,15,b.Date,>,1333897083,b.Date,<,1400496391#286
votes v,posts p,badges b,users u#p.Id=v.PostId,u.Id=p.OwnerUserId,u.Id=b.UserId#p.Score,>,11,p.Score,<,57,p.CommentCount,>,9,p.CommentCount,<,39,u.DownVotes,>,185,u.DownVotes,<,1646,v.CreationDate,>,1309387734,v.CreationDate,<,1384473828,v.VoteTypeId,>,3,v.VoteTypeId,<,13,b.Date,>,1396057123,b.Date,<,1401947878#30
votes v,posts p,badges b,users u#p.Id=v.PostId,u.Id=p.OwnerUserId,u.Id=b.UserId#p.Score,>,-6,p.Score,<,110,p.CommentCount,>,5,p.CommentCount,<,34,u.DownVotes,>,122,u.DownVotes,<,497,v.CreationDate,>,1291679173,v.CreationDate,<,1410254539,v.VoteTypeId,>,3,v.VoteTypeId,<,12,b.Date,>,1339440211,b.Date,<,1357677356#1480
votes v,posts p,badges b,users u#p.Id=v.PostId,u.Id=p.OwnerUserId,u.Id=b.UserId#p.Score,>,-12,p.Score,<,58,p.CommentCount,>,6,p.CommentCount,<,18,u.DownVotes,>,175,u.DownVotes,<,1891,v.CreationDate,>,1255528521,v.CreationDate,<,1379805164,v.VoteTypeId,>,4,v.VoteTypeId,<,15,b.Date,>,1284027504,b.Date,<,1397238907#8090
votes v,posts p,badges b,users u#p.Id=v.PostId,u.Id=p.OwnerUserId,u.Id=b.UserId#p.Score,>,15,p.Score,<,155,p.CommentCount,>,7,p.CommentCount,<,40,u.DownVotes,>,439,u.DownVotes,<,1542,v.CreationDate,>,1265752492,v.CreationDate,<,1353884583,v.VoteTypeId,>,2,v.VoteTypeId,<,5,b.Date,>,1342771135,b.Date,<,1393068966#194
votes v,posts p,badges b,users u#p.Id=v.PostId,u.Id=p.OwnerUserId,u.Id=b.UserId#p.Score,>,-5,p.Score,<,181,p.CommentCount,>,2,p.CommentCount,<,26,u.DownVotes,>,289,u.DownVotes,<,1284,v.CreationDate,>,1238785246,v.CreationDate,<,1344068150,v.VoteTypeId,>,2,v.VoteTypeId,<,5,b.Date,>,1287168822,b.Date,<,1363889050#2139
votes v,posts p,badges b,users u#p.Id=v.PostId,u.Id=p.OwnerUserId,u.Id=b.UserId#p.Score,>,0,p.Score,<,6,p.CommentCount,>,6,p.CommentCount,<,20,u.DownVotes,>,761,u.DownVotes,<,906,v.CreationDate,>,1250259146,v.CreationDate,<,1327214687,v.VoteTypeId,>,2,v.VoteTypeId,<,9,b.Date,>,1352029524,b.Date,<,1395794870#160
votes v,posts p,badges b,users u#p.Id=v.PostId,u.Id=p.OwnerUserId,u.Id=b.UserId#p.Score,>,-14,p.Score,<,120,p.CommentCount,>,10,p.CommentCount,<,44,u.DownVotes,>,218,u.DownVotes,<,1285,v.CreationDate,>,1282858273,v.CreationDate,<,1383321173,v.VoteTypeId,>,9,v.VoteTypeId,<,14,b.Date,>,1317405211,b.Date,<,1361971377#120
votes v,posts p,badges b,users u#p.Id=v.PostId,u.Id=p.OwnerUserId,u.Id=b.UserId#p.Score,>,2,p.Score,<,30,p.CommentCount,>,10,p.CommentCount,<,22,u.DownVotes,>,290,u.DownVotes,<,1066,v.CreationDate,>,1288506466,v.CreationDate,<,1325640733,v.VoteTypeId,>,6,v.VoteTypeId,<,12,b.Date,>,1331469449,b.Date,<,1360035253#126
votes v,posts p,badges b,users u#p.Id=v.PostId,u.Id=p.OwnerUserId,u.Id=b.UserId#p.Score,>,-16,p.Score,<,176,p.CommentCount,>,6,p.CommentCount,<,17,u.DownVotes,>,244,u.DownVotes,<,687,v.CreationDate,>,1303863573,v.CreationDate,<,1382716447,v.VoteTypeId,>,7,v.VoteTypeId,<,11,b.Date,>,1327497181,b.Date,<,1365057267#365
votes v,posts p,badges b,users u#p.Id=v.PostId,u.Id=p.OwnerUserId,u.Id=b.UserId#p.Score,>,59,p.Score,<,77,p.CommentCount,>,4,p.CommentCount,<,24,u.DownVotes,>,19,u.DownVotes,<,961,v.CreationDate,>,1345237840,v.CreationDate,<,1356360342,v.VoteTypeId,>,2,v.VoteTypeId,<,10,b.Date,>,1301183769,b.Date,<,1391372040#178
votes v,posts p,badges b,users u#p.Id=v.PostId,u.Id=p.OwnerUserId,u.Id=b.UserId#p.Score,>,18,p.Score,<,29,p.CommentCount,>,3,p.CommentCount,<,5,u.DownVotes,>,213,u.DownVotes,<,530,v.CreationDate,>,1311846659,v.CreationDate,<,1369604286,v.VoteTypeId,>,3,v.VoteTypeId,<,6,b.Date,>,1316806168,b.Date,<,1348917352#524
votes v,posts p,badges b,users u#p.Id=v.PostId,u.Id=p.OwnerUserId,u.Id=b.UserId#p.Score,>,-16,p.Score,<,154,p.CommentCount,>,4,p.CommentCount,<,7,u.DownVotes,>,632,u.DownVotes,<,1671,v.CreationDate,>,1282784874,v.CreationDate,<,1396378206,v.VoteTypeId,>,4,v.VoteTypeId,<,6,b.Date,>,1336686833,b.Date,<,1349037866#1245
votes v,posts p,badges b,users u#p.Id=v.PostId,u.Id=p.OwnerUserId,u.Id=b.UserId#p.Score,>,-10,p.Score,<,14,p.CommentCount,>,0,p.CommentCount,<,11,u.DownVotes,>,289,u.DownVotes,<,1478,v.CreationDate,>,1310221280,v.CreationDate,<,1404719014,v.VoteTypeId,>,2,v.VoteTypeId,<,12,b.Date,>,1352865110,b.Date,<,1382361441#3170
votes v,posts p,badges b,users u#p.Id=v.PostId,u.Id=p.OwnerUserId,u.Id=b.UserId#p.Score,>,22,p.Score,<,53,p.CommentCount,>,13,p.CommentCount,<,44,u.DownVotes,>,77,u.DownVotes,<,1338,v.CreationDate,>,1333034791,v.CreationDate,<,1397064417,v.VoteTypeId,>,6,v.VoteTypeId,<,12,b.Date,>,1349149791,b.Date,<,1394838257#166
votes v,posts p,badges b,users u#p.Id=v.PostId,u.Id=p.OwnerUserId,u.Id=b.UserId#p.Score,>,7,p.Score,<,188,p.CommentCount,>,0,p.CommentCount,<,6,u.DownVotes,>,563,u.DownVotes,<,786,v.CreationDate,>,1313237080,v.CreationDate,<,1408168074,v.VoteTypeId,>,2,v.VoteTypeId,<,9,b.Date,>,1296498476,b.Date,<,1384382374#933
votes v,posts p,badges b,users u#p.Id=v.PostId,u.Id=p.OwnerUserId,u.Id=b.UserId#p.Score,>,-11,p.Score,<,130,p.CommentCount,>,9,p.CommentCount,<,11,u.DownVotes,>,284,u.DownVotes,<,1530,v.CreationDate,>,1325632137,v.CreationDate,<,1368947794,v.VoteTypeId,>,3,v.VoteTypeId,<,10,b.Date,>,1304849755,b.Date,<,1330066134#69
votes v,posts p,badges b,users u#p.Id=v.PostId,u.Id=p.OwnerUserId,u.Id=b.UserId#p.Score,>,-15,p.Score,<,42,p.CommentCount,>,1,p.CommentCount,<,21,u.DownVotes,>,743,u.DownVotes,<,1074,v.CreationDate,>,1262921132,v.CreationDate,<,1326445873,v.VoteTypeId,>,6,v.VoteTypeId,<,11,b.Date,>,1291420056,b.Date,<,1354534548#2409
votes v,posts p,badges b,users u#p.Id=v.PostId,u.Id=p.OwnerUserId,u.Id=b.UserId#p.Score,>,57,p.Score,<,86,p.CommentCount,>,16,p.CommentCount,<,39,u.DownVotes,>,0,u.DownVotes,<,1344,v.CreationDate,>,1385905118,v.CreationDate,<,1395182284,v.VoteTypeId,>,2,v.VoteTypeId,<,7,b.Date,>,1306835341,b.Date,<,1367015878#96
votes v,posts p,badges b,users u#p.Id=v.PostId,u.Id=p.OwnerUserId,u.Id=b.UserId#p.Score,>,4,p.Score,<,60,p.CommentCount,>,14,p.CommentCount,<,30,u.DownVotes,>,161,u.DownVotes,<,430,v.CreationDate,>,1264870777,v.CreationDate,<,1302040604,v.VoteTypeId,>,4,v.VoteTypeId,<,12,b.Date,>,1342849188,b.Date,<,1394522630#63
votes v,posts p,badges b,users u#p.Id=v.PostId,u.Id=p.OwnerUserId,u.Id=b.UserId#p.Score,>,33,p.Score,<,44,p.CommentCount,>,4,p.CommentCount,<,16,u.DownVotes,>,409,u.DownVotes,<,1092,v.CreationDate,>,1291718165,v.CreationDate,<,1361097565,v.VoteTypeId,>,1,v.VoteTypeId,<,9,b.Date,>,1369279539,b.Date,<,1385207487#3720
votes v,posts p,badges b,users u#p.Id=v.PostId,u.Id=p.OwnerUserId,u.Id=b.UserId#p.Score,>,17,p.Score,<,37,p.CommentCount,>,2,p.CommentCount,<,8,u.DownVotes,>,136,u.DownVotes,<,938,v.CreationDate,>,1275979083,v.CreationDate,<,1360940991,v.VoteTypeId,>,4,v.VoteTypeId,<,6,b.Date,>,1365368205,b.Date,<,1386827787#373
votes v,posts p,badges b,users u#p.Id=v.PostId,u.Id=p.OwnerUserId,u.Id=b.UserId#p.Score,>,32,p.Score,<,131,p.CommentCount,>,11,p.CommentCount,<,39,u.DownVotes,>,113,u.DownVotes,<,845,v.CreationDate,>,1271463694,v.CreationDate,<,1376841295,v.VoteTypeId,>,4,v.VoteTypeId,<,14,b.Date,>,1346119467,b.Date,<,1348743453#6
votes v,posts p,badges b,users u#p.Id=v.PostId,u.Id=p.OwnerUserId,u.Id=b.UserId#p.Score,>,20,p.Score,<,74,p.CommentCount,>,1,p.CommentCount,<,39,u.DownVotes,>,220,u.DownVotes,<,1039,v.CreationDate,>,1279198099,v.CreationDate,<,1353538169,v.VoteTypeId,>,10,v.VoteTypeId,<,15,b.Date,>,1348026488,b.Date,<,1352315693#14
votes v,posts p,badges b,users u#p.Id=v.PostId,u.Id=p.OwnerUserId,u.Id=b.UserId#p.Score,>,-10,p.Score,<,92,p.CommentCount,>,16,p.CommentCount,<,29,u.DownVotes,>,374,u.DownVotes,<,999,v.CreationDate,>,1255386312,v.CreationDate,<,1331607813,v.VoteTypeId,>,8,v.VoteTypeId,<,11,b.Date,>,1345556579,b.Date,<,1402227973#223
votes v,posts p,badges b,users u#p.Id=v.PostId,u.Id=p.OwnerUserId,u.Id=b.UserId#p.Score,>,65,p.Score,<,101,p.CommentCount,>,4,p.CommentCount,<,12,u.DownVotes,>,197,u.DownVotes,<,1524,v.CreationDate,>,1301562811,v.CreationDate,<,1374347544,v.VoteTypeId,>,1,v.VoteTypeId,<,6,b.Date,>,1300841594,b.Date,<,1309859008#2337
votes v,posts p,badges b,users u#p.Id=v.PostId,u.Id=p.OwnerUserId,u.Id=b.UserId#p.Score,>,104,p.Score,<,131,p.CommentCount,>,4,p.CommentCount,<,27,u.DownVotes,>,443,u.DownVotes,<,1014,v.CreationDate,>,1241821238,v.CreationDate,<,1384766454,v.VoteTypeId,>,1,v.VoteTypeId,<,10,b.Date,>,1304869597,b.Date,<,1383899405#28420
votes v,posts p,badges b,users u#p.Id=v.PostId,u.Id=p.OwnerUserId,u.Id=b.UserId#p.Score,>,8,p.Score,<,166,p.CommentCount,>,8,p.CommentCount,<,17,u.DownVotes,>,198,u.DownVotes,<,1096,v.CreationDate,>,1265775047,v.CreationDate,<,1315364867,v.VoteTypeId,>,1,v.VoteTypeId,<,13,b.Date,>,1288323588,b.Date,<,1342158896#29871
votes v,posts p,badges b,users u#p.Id=v.PostId,u.Id=p.OwnerUserId,u.Id=b.UserId#p.Score,>,41,p.Score,<,128,p.CommentCount,>,2,p.CommentCount,<,16,u.DownVotes,>,226,u.DownVotes,<,1560,v.CreationDate,>,1348909442,v.CreationDate,<,1402871075,v.VoteTypeId,>,4,v.VoteTypeId,<,8,b.Date,>,1292980386,b.Date,<,1356521961#3472
votes v,posts p,badges b,users u#p.Id=v.PostId,u.Id=p.OwnerUserId,u.Id=b.UserId#p.Score,>,-3,p.Score,<,142,p.CommentCount,>,8,p.CommentCount,<,22,u.DownVotes,>,342,u.DownVotes,<,1798,v.CreationDate,>,1328187456,v.CreationDate,<,1374503319,v.VoteTypeId,>,1,v.VoteTypeId,<,3,b.Date,>,1302925770,b.Date,<,1375818909#138765
votes v,posts p,badges b,users u#p.Id=v.PostId,u.Id=p.OwnerUserId,u.Id=b.UserId#p.Score,>,-12,p.Score,<,144,p.CommentCount,>,21,p.CommentCount,<,36,u.DownVotes,>,173,u.DownVotes,<,1717,v.CreationDate,>,1323077385,v.CreationDate,<,1355697958,v.VoteTypeId,>,1,v.VoteTypeId,<,14,b.Date,>,1298623540,b.Date,<,1396430811#1968
votes v,posts p,badges b,users u#p.Id=v.PostId,u.Id=p.OwnerUserId,u.Id=b.UserId#p.Score,>,10,p.Score,<,53,p.CommentCount,>,0,p.CommentCount,<,28,u.DownVotes,>,483,u.DownVotes,<,1240,v.CreationDate,>,1346252292,v.CreationDate,<,1366379302,v.VoteTypeId,>,2,v.VoteTypeId,<,8,b.Date,>,1288319502,b.Date,<,1345118524#2024
votes v,posts p,badges b,users u#p.Id=v.PostId,u.Id=p.OwnerUserId,u.Id=b.UserId#p.Score,>,-1,p.Score,<,69,p.CommentCount,>,1,p.CommentCount,<,17,u.DownVotes,>,589,u.DownVotes,<,1792,v.CreationDate,>,1248474753,v.CreationDate,<,1354547192,v.VoteTypeId,>,6,v.VoteTypeId,<,13,b.Date,>,1316905528,b.Date,<,1385538667#3668
votes v,posts p,badges b,users u#p.Id=v.PostId,u.Id=p.OwnerUserId,u.Id=b.UserId#p.Score,>,113,p.Score,<,191,p.CommentCount,>,8,p.CommentCount,<,42,u.DownVotes,>,301,u.DownVotes,<,1062,v.CreationDate,>,1383210707,v.CreationDate,<,1396780664,v.VoteTypeId,>,1,v.VoteTypeId,<,15,b.Date,>,1314603307,b.Date,<,1400219147#8275
votes v,posts p,badges b,users u#p.Id=v.PostId,u.Id=p.OwnerUserId,u.Id=b.UserId#p.Score,>,4,p.Score,<,36,p.CommentCount,>,10,p.CommentCount,<,34,u.DownVotes,>,93,u.DownVotes,<,1435,v.CreationDate,>,1256813834,v.CreationDate,<,1321286031,v.VoteTypeId,>,5,v.VoteTypeId,<,12,b.Date,>,1318160468,b.Date,<,1339150594#56
votes v,posts p,badges b,users u#p.Id=v.PostId,u.Id=p.OwnerUserId,u.Id=b.UserId#p.Score,>,-14,p.Score,<,150,p.CommentCount,>,4,p.CommentCount,<,25,u.DownVotes,>,575,u.DownVotes,<,1462,v.CreationDate,>,1240809283,v.CreationDate,<,1352894360,v.VoteTypeId,>,1,v.VoteTypeId,<,7,b.Date,>,1370869930,b.Date,<,1400356283#192701
votes v,posts p,badges b,users u#p.Id=v.PostId,u.Id=p.OwnerUserId,u.Id=b.UserId#p.Score,>,125,p.Score,<,173,p.CommentCount,>,5,p.CommentCount,<,43,u.DownVotes,>,152,u.DownVotes,<,1469,v.CreationDate,>,1310368971,v.CreationDate,<,1325836002,v.VoteTypeId,>,1,v.VoteTypeId,<,3,b.Date,>,1337345727,b.Date,<,1357648203#2544
votes v,posts p,badges b,users u#p.Id=v.PostId,u.Id=p.OwnerUserId,u.Id=b.UserId#p.Score,>,36,p.Score,<,113,p.CommentCount,>,4,p.CommentCount,<,8,u.DownVotes,>,602,u.DownVotes,<,1669,v.CreationDate,>,1297402127,v.CreationDate,<,1373355874,v.VoteTypeId,>,1,v.VoteTypeId,<,13,b.Date,>,1309567333,b.Date,<,1356189101#39072
votes v,posts p,badges b,users u#p.Id=v.PostId,u.Id=p.OwnerUserId,u.Id=b.UserId#p.Score,>,13,p.Score,<,108,p.CommentCount,>,4,p.CommentCount,<,7,u.DownVotes,>,756,u.DownVotes,<,1918,v.CreationDate,>,1280188593,v.CreationDate,<,1382249008,v.VoteTypeId,>,1,v.VoteTypeId,<,6,b.Date,>,1327092831,b.Date,<,1404997689#126360
votes v,posts p,badges b,users u#p.Id=v.PostId,u.Id=p.OwnerUserId,u.Id=b.UserId#p.Score,>,5,p.Score,<,55,p.CommentCount,>,16,p.CommentCount,<,44,u.DownVotes,>,406,u.DownVotes,<,1775,v.CreationDate,>,1290210564,v.CreationDate,<,1396041313,v.VoteTypeId,>,3,v.VoteTypeId,<,10,b.Date,>,1355146379,b.Date,<,1378389737#83
votes v,posts p,badges b,users u#p.Id=v.PostId,u.Id=p.OwnerUserId,u.Id=b.UserId#p.Score,>,14,p.Score,<,26,p.CommentCount,>,7,p.CommentCount,<,17,u.DownVotes,>,129,u.DownVotes,<,1136,v.CreationDate,>,1294328848,v.CreationDate,<,1390937063,v.VoteTypeId,>,6,v.VoteTypeId,<,12,b.Date,>,1304802781,b.Date,<,1327770171#106
votes v,posts p,badges b,users u#p.Id=v.PostId,u.Id=p.OwnerUserId,u.Id=b.UserId#p.Score,>,17,p.Score,<,92,p.CommentCount,>,7,p.CommentCount,<,37,u.DownVotes,>,602,u.DownVotes,<,1718,v.CreationDate,>,1298130009,v.CreationDate,<,1343388010,v.VoteTypeId,>,2,v.VoteTypeId,<,13,b.Date,>,1305504282,b.Date,<,1377975374#270
votes v,posts p,badges b,users u#p.Id=v.PostId,u.Id=p.OwnerUserId,u.Id=b.UserId#p.Score,>,27,p.Score,<,159,p.CommentCount,>,6,p.CommentCount,<,20,u.DownVotes,>,28,u.DownVotes,<,1072,v.CreationDate,>,1378604756,v.CreationDate,<,1381068336,v.VoteTypeId,>,1,v.VoteTypeId,<,8,b.Date,>,1362548336,b.Date,<,1396550872#2848
votes v,posts p,badges b,users u#p.Id=v.PostId,u.Id=p.OwnerUserId,u.Id=b.UserId#p.Score,>,27,p.Score,<,189,p.CommentCount,>,1,p.CommentCount,<,43,u.DownVotes,>,402,u.DownVotes,<,1899,v.CreationDate,>,1323025174,v.CreationDate,<,1365997769,v.VoteTypeId,>,2,v.VoteTypeId,<,9,b.Date,>,1282678687,b.Date,<,1306209414#468
votes v,posts p,badges b,users u#p.Id=v.PostId,u.Id=p.OwnerUserId,u.Id=b.UserId#p.Score,>,-8,p.Score,<,26,p.CommentCount,>,4,p.CommentCount,<,23,u.DownVotes,>,1,u.DownVotes,<,1304,v.CreationDate,>,1322065262,v.CreationDate,<,1401467382,v.VoteTypeId,>,8,v.VoteTypeId,<,14,b.Date,>,1305091713,b.Date,<,1367796705#4309
votes v,posts p,badges b,users u#p.Id=v.PostId,u.Id=p.OwnerUserId,u.Id=b.UserId#p.Score,>,-8,p.Score,<,44,p.CommentCount,>,1,p.CommentCount,<,11,u.DownVotes,>,574,u.DownVotes,<,802,v.CreationDate,>,1241991036,v.CreationDate,<,1373253365,v.VoteTypeId,>,1,v.VoteTypeId,<,15,b.Date,>,1387348871,b.Date,<,1409964780#267235
votes v,posts p,badges b,users u#p.Id=v.PostId,u.Id=p.OwnerUserId,u.Id=b.UserId#p.Score,>,5,p.Score,<,184,p.CommentCount,>,6,p.CommentCount,<,13,u.DownVotes,>,134,u.DownVotes,<,1491,v.CreationDate,>,1320238967,v.CreationDate,<,1358426738,v.VoteTypeId,>,2,v.VoteTypeId,<,15,b.Date,>,1317411130,b.Date,<,1338702281#559
votes v,posts p,badges b,users u#p.Id=v.PostId,u.Id=p.OwnerUserId,u.Id=b.UserId#p.Score,>,58,p.Score,<,66,p.CommentCount,>,6,p.CommentCount,<,41,u.DownVotes,>,266,u.DownVotes,<,1213,v.CreationDate,>,1303222413,v.CreationDate,<,1348790897,v.VoteTypeId,>,1,v.VoteTypeId,<,3,b.Date,>,1298900181,b.Date,<,1351793143#8970
votes v,posts p,badges b,users u#p.Id=v.PostId,u.Id=p.OwnerUserId,u.Id=b.UserId#p.Score,>,2,p.Score,<,40,p.CommentCount,>,5,p.CommentCount,<,13,u.DownVotes,>,776,u.DownVotes,<,957,v.CreationDate,>,1293867598,v.CreationDate,<,1404827612,v.VoteTypeId,>,3,v.VoteTypeId,<,11,b.Date,>,1302552038,b.Date,<,1394834012#4407
votes v,posts p,badges b,users u#p.Id=v.PostId,u.Id=p.OwnerUserId,u.Id=b.UserId#p.Score,>,-7,p.Score,<,64,p.CommentCount,>,19,p.CommentCount,<,34,u.DownVotes,>,82,u.DownVotes,<,1310,v.CreationDate,>,1272726510,v.CreationDate,<,1398343177,v.VoteTypeId,>,3,v.VoteTypeId,<,14,b.Date,>,1367998019,b.Date,<,1372481376#33
votes v,posts p,badges b,users u#p.Id=v.PostId,u.Id=p.OwnerUserId,u.Id=b.UserId#p.Score,>,-9,p.Score,<,97,p.CommentCount,>,9,p.CommentCount,<,15,u.DownVotes,>,132,u.DownVotes,<,328,v.CreationDate,>,1256760198,v.CreationDate,<,1410063200,v.VoteTypeId,>,3,v.VoteTypeId,<,9,b.Date,>,1386402735,b.Date,<,1402989037#1544
votes v,posts p,badges b,users u#p.Id=v.PostId,u.Id=p.OwnerUserId,u.Id=b.UserId#p.Score,>,40,p.Score,<,109,p.CommentCount,>,3,p.CommentCount,<,28,u.DownVotes,>,151,u.DownVotes,<,337,v.CreationDate,>,1269402907,v.CreationDate,<,1355159943,v.VoteTypeId,>,1,v.VoteTypeId,<,3,b.Date,>,1306045583,b.Date,<,1317176515#1182
votes v,posts p,badges b,users u#p.Id=v.PostId,u.Id=p.OwnerUserId,u.Id=b.UserId#p.Score,>,26,p.Score,<,125,p.CommentCount,>,8,p.CommentCount,<,15,u.DownVotes,>,417,u.DownVotes,<,1193,v.CreationDate,>,1374927053,v.CreationDate,<,1399587652,v.VoteTypeId,>,1,v.VoteTypeId,<,13,b.Date,>,1298669638,b.Date,<,1390417770#24124
votes v,posts p,badges b,users u#p.Id=v.PostId,u.Id=p.OwnerUserId,u.Id=b.UserId#p.Score,>,-13,p.Score,<,68,p.CommentCount,>,8,p.CommentCount,<,29,u.DownVotes,>,81,u.DownVotes,<,648,v.CreationDate,>,1361351021,v.CreationDate,<,1382926437,v.VoteTypeId,>,3,v.VoteTypeId,<,12,b.Date,>,1376391147,b.Date,<,1392630851#382
votes v,posts p,badges b,users u#p.Id=v.PostId,u.Id=p.OwnerUserId,u.Id=b.UserId#p.Score,>,0,p.Score,<,118,p.CommentCount,>,6,p.CommentCount,<,40,u.DownVotes,>,486,u.DownVotes,<,887,v.CreationDate,>,1371573573,v.CreationDate,<,1387971486,v.VoteTypeId,>,1,v.VoteTypeId,<,3,b.Date,>,1291300534,b.Date,<,1368996989#41600
votes v,posts p,badges b,users u#p.Id=v.PostId,u.Id=p.OwnerUserId,u.Id=b.UserId#p.Score,>,-4,p.Score,<,126,p.CommentCount,>,20,p.CommentCount,<,30,u.DownVotes,>,35,u.DownVotes,<,164,v.CreationDate,>,1336916411,v.CreationDate,<,1342855247,v.VoteTypeId,>,1,v.VoteTypeId,<,4,b.Date,>,1323396518,b.Date,<,1345141492#140
votes v,posts p,badges b,users u#p.Id=v.PostId,u.Id=p.OwnerUserId,u.Id=b.UserId#p.Score,>,48,p.Score,<,172,p.CommentCount,>,4,p.CommentCount,<,8,u.DownVotes,>,718,u.DownVotes,<,1817,v.CreationDate,>,1272647040,v.CreationDate,<,1396175248,v.VoteTypeId,>,4,v.VoteTypeId,<,7,b.Date,>,1304355723,b.Date,<,1389179665#4590
votes v,posts p,badges b,users u#p.Id=v.PostId,u.Id=p.OwnerUserId,u.Id=b.UserId#p.Score,>,29,p.Score,<,183,p.CommentCount,>,0,p.CommentCount,<,18,u.DownVotes,>,62,u.DownVotes,<,1731,v.CreationDate,>,1277528536,v.CreationDate,<,1391737560,v.VoteTypeId,>,2,v.VoteTypeId,<,8,b.Date,>,1281795172,b.Date,<,1309423724#4037
votes v,posts p,badges b,users u#p.Id=v.PostId,u.Id=p.OwnerUserId,u.Id=b.UserId#p.Score,>,10,p.Score,<,153,p.CommentCount,>,1,p.CommentCount,<,15,u.DownVotes,>,147,u.DownVotes,<,1899,v.CreationDate,>,1329165831,v.CreationDate,<,1330849354,v.VoteTypeId,>,4,v.VoteTypeId,<,8,b.Date,>,1332828140,b.Date,<,1345669161#52
votes v,posts p,badges b,users u#p.Id=v.PostId,u.Id=p.OwnerUserId,u.Id=b.UserId#p.Score,>,28,p.Score,<,176,p.CommentCount,>,15,p.CommentCount,<,35,u.DownVotes,>,139,u.DownVotes,<,1749,v.CreationDate,>,1295056154,v.CreationDate,<,1308968605,v.VoteTypeId,>,7,v.VoteTypeId,<,13,b.Date,>,1311562311,b.Date,<,1351483940#57
votes v,posts p,badges b,users u#p.Id=v.PostId,u.Id=p.OwnerUserId,u.Id=b.UserId#p.Score,>,-6,p.Score,<,155,p.CommentCount,>,1,p.CommentCount,<,16,u.DownVotes,>,256,u.DownVotes,<,1124,v.CreationDate,>,1274630305,v.CreationDate,<,1390442788,v.VoteTypeId,>,3,v.VoteTypeId,<,15,b.Date,>,1302652878,b.Date,<,1334009904#4434
votes v,posts p,badges b,users u#p.Id=v.PostId,u.Id=p.OwnerUserId,u.Id=b.UserId#p.Score,>,-12,p.Score,<,99,p.CommentCount,>,1,p.CommentCount,<,43,u.DownVotes,>,7,u.DownVotes,<,1580,v.CreationDate,>,1351949912,v.CreationDate,<,1381238983,v.VoteTypeId,>,7,v.VoteTypeId,<,10,b.Date,>,1304693410,b.Date,<,1349530665#2558
votes v,posts p,badges b,users u#p.Id=v.PostId,u.Id=p.OwnerUserId,u.Id=b.UserId#p.Score,>,12,p.Score,<,99,p.CommentCount,>,10,p.CommentCount,<,39,u.DownVotes,>,53,u.DownVotes,<,1581,v.CreationDate,>,1274996615,v.CreationDate,<,1402455742,v.VoteTypeId,>,3,v.VoteTypeId,<,6,b.Date,>,1310303872,b.Date,<,1369408974#1156
votes v,posts p,badges b,users u#p.Id=v.PostId,u.Id=p.OwnerUserId,u.Id=b.UserId#p.Score,>,-13,p.Score,<,84,p.CommentCount,>,4,p.CommentCount,<,7,u.DownVotes,>,626,u.DownVotes,<,797,v.CreationDate,>,1336783601,v.CreationDate,<,1410580032,v.VoteTypeId,>,2,v.VoteTypeId,<,13,b.Date,>,1284762558,b.Date,<,1410543240#9834
votes v,posts p,badges b,users u#p.Id=v.PostId,u.Id=p.OwnerUserId,u.Id=b.UserId#p.Score,>,11,p.Score,<,182,p.CommentCount,>,3,p.CommentCount,<,32,u.DownVotes,>,55,u.DownVotes,<,424,v.CreationDate,>,1250193294,v.CreationDate,<,1369908539,v.VoteTypeId,>,6,v.VoteTypeId,<,12,b.Date,>,1305330254,b.Date,<,1370534241#1093
votes v,posts p,badges b,users u#p.Id=v.PostId,u.Id=p.OwnerUserId,u.Id=b.UserId#p.Score,>,-17,p.Score,<,127,p.CommentCount,>,7,p.CommentCount,<,35,u.DownVotes,>,226,u.DownVotes,<,1910,v.CreationDate,>,1286283264,v.CreationDate,<,1352304117,v.VoteTypeId,>,3,v.VoteTypeId,<,12,b.Date,>,1315422345,b.Date,<,1389188885#1367
votes v,posts p,badges b,users u#p.Id=v.PostId,u.Id=p.OwnerUserId,u.Id=b.UserId#p.Score,>,-1,p.Score,<,36,p.CommentCount,>,12,p.CommentCount,<,19,u.DownVotes,>,171,u.DownVotes,<,278,v.CreationDate,>,1234241844,v.CreationDate,<,1364195938,v.VoteTypeId,>,1,v.VoteTypeId,<,13,b.Date,>,1373139741,b.Date,<,1386252511#1059
votes v,posts p,badges b,users u#p.Id=v.PostId,u.Id=p.OwnerUserId,u.Id=b.UserId#p.Score,>,22,p.Score,<,49,p.CommentCount,>,1,p.CommentCount,<,42,u.DownVotes,>,189,u.DownVotes,<,1526,v.CreationDate,>,1375439984,v.CreationDate,<,1409626831,v.VoteTypeId,>,2,v.VoteTypeId,<,11,b.Date,>,1325774240,b.Date,<,1398841404#939
votes v,posts p,badges b,users u#p.Id=v.PostId,u.Id=p.OwnerUserId,u.Id=b.UserId#p.Score,>,-12,p.Score,<,74,p.CommentCount,>,6,p.CommentCount,<,31,u.DownVotes,>,721,u.DownVotes,<,1789,v.CreationDate,>,1270200171,v.CreationDate,<,1377385142,v.VoteTypeId,>,4,v.VoteTypeId,<,10,b.Date,>,1341164487,b.Date,<,1342459643#390
votes v,posts p,badges b,users u#p.Id=v.PostId,u.Id=p.OwnerUserId,u.Id=b.UserId#p.Score,>,79,p.Score,<,186,p.CommentCount,>,6,p.CommentCount,<,35,u.DownVotes,>,91,u.DownVotes,<,1905,v.CreationDate,>,1296176036,v.CreationDate,<,1409759294,v.VoteTypeId,>,1,v.VoteTypeId,<,7,b.Date,>,1288816865,b.Date,<,1402980828#140410
votes v,posts p,badges b,users u#p.Id=v.PostId,u.Id=p.OwnerUserId,u.Id=b.UserId#p.Score,>,22,p.Score,<,52,p.CommentCount,>,2,p.CommentCount,<,14,u.DownVotes,>,0,u.DownVotes,<,531,v.CreationDate,>,1322520469,v.CreationDate,<,1342933867,v.VoteTypeId,>,2,v.VoteTypeId,<,11,b.Date,>,1319710276,b.Date,<,1374166638#8685
votes v,posts p,badges b,users u#p.Id=v.PostId,u.Id=p.OwnerUserId,u.Id=b.UserId#p.Score,>,-16,p.Score,<,49,p.CommentCount,>,3,p.CommentCount,<,31,u.DownVotes,>,363,u.DownVotes,<,1251,v.CreationDate,>,1272621577,v.CreationDate,<,1293024554,v.VoteTypeId,>,7,v.VoteTypeId,<,14,b.Date,>,1293301906,b.Date,<,1355557259#430
votes v,posts p,badges b,users u#p.Id=v.PostId,u.Id=p.OwnerUserId,u.Id=b.UserId#p.Score,>,17,p.Score,<,115,p.CommentCount,>,12,p.CommentCount,<,39,u.DownVotes,>,12,u.DownVotes,<,1305,v.CreationDate,>,1322489435,v.CreationDate,<,1366791141,v.VoteTypeId,>,1,v.VoteTypeId,<,4,b.Date,>,1334437860,b.Date,<,1364521250#16467
votes v,posts p,badges b,users u#p.Id=v.PostId,u.Id=p.OwnerUserId,u.Id=b.UserId#p.Score,>,-11,p.Score,<,153,p.CommentCount,>,9,p.CommentCount,<,40,u.DownVotes,>,43,u.DownVotes,<,1260,v.CreationDate,>,1317153202,v.CreationDate,<,1323159761,v.VoteTypeId,>,1,v.VoteTypeId,<,5,b.Date,>,1367549112,b.Date,<,1381173138#1865
votes v,posts p,badges b,users u#p.Id=v.PostId,u.Id=p.OwnerUserId,u.Id=b.UserId#p.Score,>,100,p.Score,<,187,p.CommentCount,>,2,p.CommentCount,<,19,u.DownVotes,>,70,u.DownVotes,<,1559,v.CreationDate,>,1284496893,v.CreationDate,<,1403599668,v.VoteTypeId,>,1,v.VoteTypeId,<,9,b.Date,>,1294722617,b.Date,<,1347787956#36826
votes v,posts p,badges b,users u#p.Id=v.PostId,u.Id=p.OwnerUserId,u.Id=b.UserId#p.Score,>,3,p.Score,<,126,p.CommentCount,>,8,p.CommentCount,<,17,u.DownVotes,>,60,u.DownVotes,<,1203,v.CreationDate,>,1262202866,v.CreationDate,<,1300873622,v.VoteTypeId,>,1,v.VoteTypeId,<,8,b.Date,>,1306989809,b.Date,<,1349178055#22908
votes v,posts p,badges b,users u#p.Id=v.PostId,u.Id=p.OwnerUserId,u.Id=b.UserId#p.Score,>,16,p.Score,<,130,p.CommentCount,>,10,p.CommentCount,<,21,u.DownVotes,>,98,u.DownVotes,<,815,v.CreationDate,>,1284440862,v.CreationDate,<,1401821586,v.VoteTypeId,>,1,v.VoteTypeId,<,13,b.Date,>,1309832518,b.Date,<,1382638894#118043
votes v,posts p,badges b,users u#p.Id=v.PostId,u.Id=p.OwnerUserId,u.Id=b.UserId#p.Score,>,0,p.Score,<,70,p.CommentCount,>,5,p.CommentCount,<,28,u.DownVotes,>,16,u.DownVotes,<,1565,v.CreationDate,>,1342249304,v.CreationDate,<,1377331583,v.VoteTypeId,>,4,v.VoteTypeId,<,14,b.Date,>,1309271998,b.Date,<,1394776221#18179
votes v,posts p,badges b,users u#p.Id=v.PostId,u.Id=p.OwnerUserId,u.Id=b.UserId#p.Score,>,0,p.Score,<,83,p.CommentCount,>,1,p.CommentCount,<,44,u.DownVotes,>,221,u.DownVotes,<,399,v.CreationDate,>,1293841920,v.CreationDate,<,1368834302,v.VoteTypeId,>,4,v.VoteTypeId,<,9,b.Date,>,1280682523,b.Date,<,1340646160#154
votes v,posts p,badges b,users u#p.Id=v.PostId,u.Id=p.OwnerUserId,u.Id=b.UserId#p.Score,>,74,p.Score,<,173,p.CommentCount,>,1,p.CommentCount,<,42,u.DownVotes,>,16,u.DownVotes,<,946,v.CreationDate,>,1240079681,v.CreationDate,<,1349094597,v.VoteTypeId,>,2,v.VoteTypeId,<,9,b.Date,>,1356800839,b.Date,<,1380370729#1230
votes v,posts p,badges b,users u#p.Id=v.PostId,u.Id=p.OwnerUserId,u.Id=b.UserId#p.Score,>,15,p.Score,<,163,p.CommentCount,>,8,p.CommentCount,<,26,u.DownVotes,>,100,u.DownVotes,<,117,v.CreationDate,>,1314651713,v.CreationDate,<,1369087351,v.VoteTypeId,>,3,v.VoteTypeId,<,7,b.Date,>,1312853241,b.Date,<,1385466596#238
votes v,posts p,badges b,users u#p.Id=v.PostId,u.Id=p.OwnerUserId,u.Id=b.UserId#p.Score,>,27,p.Score,<,187,p.CommentCount,>,1,p.CommentCount,<,38,u.DownVotes,>,18,u.DownVotes,<,1502,v.CreationDate,>,1270154441,v.CreationDate,<,1305504503,v.VoteTypeId,>,7,v.VoteTypeId,<,15,b.Date,>,1355241104,b.Date,<,1407345031#200
votes v,posts p,badges b,users u#p.Id=v.PostId,u.Id=p.OwnerUserId,u.Id=b.UserId#p.Score,>,106,p.Score,<,156,p.CommentCount,>,6,p.CommentCount,<,40,u.DownVotes,>,47,u.DownVotes,<,594,v.CreationDate,>,1288167332,v.CreationDate,<,1364709446,v.VoteTypeId,>,7,v.VoteTypeId,<,14,b.Date,>,1302512896,b.Date,<,1334198332#31
votes v,posts p,badges b,users u#p.Id=v.PostId,u.Id=p.OwnerUserId,u.Id=b.UserId#p.Score,>,28,p.Score,<,176,p.CommentCount,>,8,p.CommentCount,<,43,u.DownVotes,>,351,u.DownVotes,<,1569,v.CreationDate,>,1364734072,v.CreationDate,<,1372332862,v.VoteTypeId,>,1,v.VoteTypeId,<,12,b.Date,>,1299771250,b.Date,<,1335826287#2162
votes v,posts p,badges b,users u#p.Id=v.PostId,u.Id=p.OwnerUserId,u.Id=b.UserId#p.Score,>,133,p.Score,<,190,p.CommentCount,>,3,p.CommentCount,<,17,u.DownVotes,>,11,u.DownVotes,<,1693,v.CreationDate,>,1318319502,v.CreationDate,<,1373098262,v.VoteTypeId,>,4,v.VoteTypeId,<,14,b.Date,>,1322052512,b.Date,<,1383643206#162
votes v,posts p,badges b,users u#p.Id=v.PostId,u.Id=p.OwnerUserId,u.Id=b.UserId#p.Score,>,-9,p.Score,<,60,p.CommentCount,>,1,p.CommentCount,<,7,u.DownVotes,>,33,u.DownVotes,<,522,v.CreationDate,>,1241356898,v.CreationDate,<,1344931591,v.VoteTypeId,>,3,v.VoteTypeId,<,6,b.Date,>,1356726236,b.Date,<,1368600640#2909
votes v,posts p,badges b,users u#p.Id=v.PostId,u.Id=p.OwnerUserId,u.Id=b.UserId#p.Score,>,14,p.Score,<,72,p.CommentCount,>,5,p.CommentCount,<,10,u.DownVotes,>,192,u.DownVotes,<,731,v.CreationDate,>,1272476059,v.CreationDate,<,1341548291,v.VoteTypeId,>,6,v.VoteTypeId,<,15,b.Date,>,1305001577,b.Date,<,1337698214#138
votes v,posts p,badges b,users u#p.Id=v.PostId,u.Id=p.OwnerUserId,u.Id=b.UserId#p.Score,>,31,p.Score,<,191,p.CommentCount,>,2,p.CommentCount,<,38,u.DownVotes,>,108,u.DownVotes,<,317,v.CreationDate,>,1240226718,v.CreationDate,<,1305384629,v.VoteTypeId,>,2,v.VoteTypeId,<,11,b.Date,>,1294101923,b.Date,<,1394649205#133
votes v,posts p,badges b,users u#p.Id=v.PostId,u.Id=p.OwnerUserId,u.Id=b.UserId#p.Score,>,-13,p.Score,<,19,p.CommentCount,>,5,p.CommentCount,<,29,u.DownVotes,>,595,u.DownVotes,<,814,v.CreationDate,>,1281778411,v.CreationDate,<,1330317895,v.VoteTypeId,>,7,v.VoteTypeId,<,9,b.Date,>,1346305330,b.Date,<,1347557294#9
votes v,posts p,badges b,users u#p.Id=v.PostId,u.Id=p.OwnerUserId,u.Id=b.UserId#p.Score,>,35,p.Score,<,160,p.CommentCount,>,3,p.CommentCount,<,23,u.DownVotes,>,27,u.DownVotes,<,553,v.CreationDate,>,1252080958,v.CreationDate,<,1395308390,v.VoteTypeId,>,4,v.VoteTypeId,<,8,b.Date,>,1333866587,b.Date,<,1334589054#22
votes v,posts p,badges b,users u#p.Id=v.PostId,u.Id=p.OwnerUserId,u.Id=b.UserId#p.Score,>,88,p.Score,<,184,p.CommentCount,>,9,p.CommentCount,<,28,u.DownVotes,>,148,u.DownVotes,<,1719,v.CreationDate,>,1306490157,v.CreationDate,<,1366548075,v.VoteTypeId,>,1,v.VoteTypeId,<,3,b.Date,>,1321842303,b.Date,<,1370792958#12994
votes v,posts p,badges b,users u#p.Id=v.PostId,u.Id=p.OwnerUserId,u.Id=b.UserId#p.Score,>,11,p.Score,<,133,p.CommentCount,>,1,p.CommentCount,<,10,u.DownVotes,>,0,u.DownVotes,<,747,v.CreationDate,>,1259475887,v.CreationDate,<,1366112622,v.VoteTypeId,>,4,v.VoteTypeId,<,7,b.Date,>,1328066432,b.Date,<,1328957795#1429
votes v,posts p,badges b,users u#p.Id=v.PostId,u.Id=p.OwnerUserId,u.Id=b.UserId#p.Score,>,-1,p.Score,<,160,p.CommentCount,>,7,p.CommentCount,<,40,u.DownVotes,>,150,u.DownVotes,<,332,v.CreationDate,>,1268411055,v.CreationDate,<,1358739830,v.VoteTypeId,>,6,v.VoteTypeId,<,11,b.Date,>,1330944886,b.Date,<,1402870940#125
votes v,posts p,badges b,users u#p.Id=v.PostId,u.Id=p.OwnerUserId,u.Id=b.UserId#p.Score,>,-16,p.Score,<,171,p.CommentCount,>,2,p.CommentCount,<,27,u.DownVotes,>,193,u.DownVotes,<,1506,v.CreationDate,>,1303808185,v.CreationDate,<,1330868377,v.VoteTypeId,>,10,v.VoteTypeId,<,13,b.Date,>,1287848023,b.Date,<,1335716320#356
votes v,posts p,badges b,users u#p.Id=v.PostId,u.Id=p.OwnerUserId,u.Id=b.UserId#p.Score,>,46,p.Score,<,133,p.CommentCount,>,7,p.CommentCount,<,17,u.DownVotes,>,544,u.DownVotes,<,1666,v.CreationDate,>,1285798758,v.CreationDate,<,1299687845,v.VoteTypeId,>,1,v.VoteTypeId,<,13,b.Date,>,1286634795,b.Date,<,1380443988#3984
votes v,posts p,badges b,users u#p.Id=v.PostId,u.Id=p.OwnerUserId,u.Id=b.UserId#p.Score,>,26,p.Score,<,32,p.CommentCount,>,2,p.CommentCount,<,9,u.DownVotes,>,66,u.DownVotes,<,1174,v.CreationDate,>,1270175341,v.CreationDate,<,1325116571,v.VoteTypeId,>,3,v.VoteTypeId,<,8,b.Date,>,1380592148,b.Date,<,1392983552#4
votes v,posts p,badges b,users u#p.Id=v.PostId,u.Id=p.OwnerUserId,u.Id=b.UserId#p.Score,>,-8,p.Score,<,172,p.CommentCount,>,6,p.CommentCount,<,21,u.DownVotes,>,20,u.DownVotes,<,1368,v.CreationDate,>,1319970214,v.CreationDate,<,1404932601,v.VoteTypeId,>,3,v.VoteTypeId,<,15,b.Date,>,1289810857,b.Date,<,1316675718#3273
votes v,posts p,badges b,users u#p.Id=v.PostId,u.Id=p.OwnerUserId,u.Id=b.UserId#p.Score,>,17,p.Score,<,154,p.CommentCount,>,2,p.CommentCount,<,40,u.DownVotes,>,167,u.DownVotes,<,597,v.CreationDate,>,1356866261,v.CreationDate,<,1390364327,v.VoteTypeId,>,1,v.VoteTypeId,<,14,b.Date,>,1304163790,b.Date,<,1316598227#3944
votes v,posts p,badges b,users u#p.Id=v.PostId,u.Id=p.OwnerUserId,u.Id=b.UserId#p.Score,>,-9,p.Score,<,107,p.CommentCount,>,8,p.CommentCount,<,32,u.DownVotes,>,384,u.DownVotes,<,783,v.CreationDate,>,1251668120,v.CreationDate,<,1392132481,v.VoteTypeId,>,1,v.VoteTypeId,<,14,b.Date,>,1308304671,b.Date,<,1332631183#55000
votes v,posts p,badges b,users u#p.Id=v.PostId,u.Id=p.OwnerUserId,u.Id=b.UserId#p.Score,>,3,p.Score,<,130,p.CommentCount,>,9,p.CommentCount,<,43,u.DownVotes,>,64,u.DownVotes,<,1017,v.CreationDate,>,1329111997,v.CreationDate,<,1406034444,v.VoteTypeId,>,1,v.VoteTypeId,<,6,b.Date,>,1368879835,b.Date,<,1404899786#199644
votes v,posts p,badges b,users u#p.Id=v.PostId,u.Id=p.OwnerUserId,u.Id=b.UserId#p.Score,>,41,p.Score,<,122,p.CommentCount,>,2,p.CommentCount,<,43,u.DownVotes,>,513,u.DownVotes,<,1843,v.CreationDate,>,1273779500,v.CreationDate,<,1336616984,v.VoteTypeId,>,1,v.VoteTypeId,<,15,b.Date,>,1358936100,b.Date,<,1371387173#9204
votes v,posts p,badges b,users u#p.Id=v.PostId,u.Id=p.OwnerUserId,u.Id=b.UserId#p.Score,>,-16,p.Score,<,27,p.CommentCount,>,8,p.CommentCount,<,20,u.DownVotes,>,560,u.DownVotes,<,1337,v.CreationDate,>,1321953558,v.CreationDate,<,1391274835,v.VoteTypeId,>,7,v.VoteTypeId,<,15,b.Date,>,1290855318,b.Date,<,1389449749#340
votes v,posts p,badges b,users u#p.Id=v.PostId,u.Id=p.OwnerUserId,u.Id=b.UserId#p.Score,>,0,p.Score,<,89,p.CommentCount,>,6,p.CommentCount,<,12,u.DownVotes,>,5,u.DownVotes,<,966,v.CreationDate,>,1249820307,v.CreationDate,<,1358911992,v.VoteTypeId,>,1,v.VoteTypeId,<,10,b.Date,>,1286347567,b.Date,<,1336478430#231704
votes v,posts p,badges b,users u#p.Id=v.PostId,u.Id=p.OwnerUserId,u.Id=b.UserId#p.Score,>,-10,p.Score,<,103,p.CommentCount,>,14,p.CommentCount,<,40,u.DownVotes,>,761,u.DownVotes,<,1108,v.CreationDate,>,1250916600,v.CreationDate,<,1380317027,v.VoteTypeId,>,2,v.VoteTypeId,<,12,b.Date,>,1337489804,b.Date,<,1401395651#274
votes v,posts p,badges b,users u#p.Id=v.PostId,u.Id=p.OwnerUserId,u.Id=b.UserId#p.Score,>,67,p.Score,<,148,p.CommentCount,>,13,p.CommentCount,<,40,u.DownVotes,>,82,u.DownVotes,<,1533,v.CreationDate,>,1333447266,v.CreationDate,<,1403456447,v.VoteTypeId,>,2,v.VoteTypeId,<,11,b.Date,>,1340251585,b.Date,<,1381310325#120
votes v,posts p,badges b,users u#p.Id=v.PostId,u.Id=p.OwnerUserId,u.Id=b.UserId#p.Score,>,14,p.Score,<,85,p.CommentCount,>,6,p.CommentCount,<,13,u.DownVotes,>,233,u.DownVotes,<,1265,v.CreationDate,>,1239653886,v.CreationDate,<,1382929158,v.VoteTypeId,>,3,v.VoteTypeId,<,12,b.Date,>,1302264618,b.Date,<,1387110578#2736
votes v,posts p,badges b,users u#p.Id=v.PostId,u.Id=p.OwnerUserId,u.Id=b.UserId#p.Score,>,-12,p.Score,<,43,p.CommentCount,>,5,p.CommentCount,<,12,u.DownVotes,>,80,u.DownVotes,<,941,v.CreationDate,>,1257375548,v.CreationDate,<,1334000009,v.VoteTypeId,>,3,v.VoteTypeId,<,10,b.Date,>,1281302130,b.Date,<,1404028545#7251
votes v,posts p,badges b,users u#p.Id=v.PostId,u.Id=p.OwnerUserId,u.Id=b.UserId#p.Score,>,14,p.Score,<,145,p.CommentCount,>,19,p.CommentCount,<,21,u.DownVotes,>,25,u.DownVotes,<,851,v.CreationDate,>,1285836744,v.CreationDate,<,1388976225,v.VoteTypeId,>,5,v.VoteTypeId,<,10,b.Date,>,1317579781,b.Date,<,1343845618#40
votes v,posts p,badges b,users u#p.Id=v.PostId,u.Id=p.OwnerUserId,u.Id=b.UserId#p.Score,>,21,p.Score,<,157,p.CommentCount,>,2,p.CommentCount,<,24,u.DownVotes,>,336,u.DownVotes,<,1049,v.CreationDate,>,1280613526,v.CreationDate,<,1407373509,v.VoteTypeId,>,1,v.VoteTypeId,<,15,b.Date,>,1307815185,b.Date,<,1315885168#35284
votes v,posts p,badges b,users u#p.Id=v.PostId,u.Id=p.OwnerUserId,u.Id=b.UserId#p.Score,>,77,p.Score,<,176,p.CommentCount,>,5,p.CommentCount,<,22,u.DownVotes,>,435,u.DownVotes,<,1467,v.CreationDate,>,1351408041,v.CreationDate,<,1404094621,v.VoteTypeId,>,2,v.VoteTypeId,<,13,b.Date,>,1335957681,b.Date,<,1363220548#129
votes v,posts p,badges b,users u#p.Id=v.PostId,u.Id=p.OwnerUserId,u.Id=b.UserId#p.Score,>,126,p.Score,<,186,p.CommentCount,>,4,p.CommentCount,<,29,u.DownVotes,>,314,u.DownVotes,<,986,v.CreationDate,>,1369019656,v.CreationDate,<,1409253247,v.VoteTypeId,>,1,v.VoteTypeId,<,12,b.Date,>,1338365353,b.Date,<,1402327589#14196
votes v,posts p,badges b,users u#p.Id=v.PostId,u.Id=p.OwnerUserId,u.Id=b.UserId#p.Score,>,90,p.Score,<,145,p.CommentCount,>,8,p.CommentCount,<,30,u.DownVotes,>,632,u.DownVotes,<,838,v.CreationDate,>,1306383925,v.CreationDate,<,1328217185,v.VoteTypeId,>,1,v.VoteTypeId,<,4,b.Date,>,1388735228,b.Date,<,1401895221#2016
votes v,posts p,badges b,users u#p.Id=v.PostId,u.Id=p.OwnerUserId,u.Id=b.UserId#p.Score,>,-11,p.Score,<,43,p.CommentCount,>,5,p.CommentCount,<,8,u.DownVotes,>,633,u.DownVotes,<,1764,v.CreationDate,>,1284750200,v.CreationDate,<,1361458482,v.VoteTypeId,>,1,v.VoteTypeId,<,15,b.Date,>,1280735587,b.Date,<,1288547047#6562
votes v,posts p,badges b,users u#p.Id=v.PostId,u.Id=p.OwnerUserId,u.Id=b.UserId#p.Score,>,-13,p.Score,<,88,p.CommentCount,>,2,p.CommentCount,<,31,u.DownVotes,>,749,u.DownVotes,<,1655,v.CreationDate,>,1239431342,v.CreationDate,<,1304633786,v.VoteTypeId,>,2,v.VoteTypeId,<,14,b.Date,>,1323244040,b.Date,<,1351269655#1200
votes v,posts p,badges b,users u#p.Id=v.PostId,u.Id=p.OwnerUserId,u.Id=b.UserId#p.Score,>,94,p.Score,<,185,p.CommentCount,>,6,p.CommentCount,<,38,u.DownVotes,>,61,u.DownVotes,<,1046,v.CreationDate,>,1242839110,v.CreationDate,<,1358904297,v.VoteTypeId,>,1,v.VoteTypeId,<,12,b.Date,>,1345684149,b.Date,<,1352014446#4468
votes v,posts p,badges b,users u#p.Id=v.PostId,u.Id=p.OwnerUserId,u.Id=b.UserId#p.Score,>,-5,p.Score,<,132,p.CommentCount,>,9,p.CommentCount,<,32,u.DownVotes,>,43,u.DownVotes,<,1427,v.CreationDate,>,1260226783,v.CreationDate,<,1303117976,v.VoteTypeId,>,2,v.VoteTypeId,<,5,b.Date,>,1286844972,b.Date,<,1314281270#29
votes v,posts p,badges b,users u#p.Id=v.PostId,u.Id=p.OwnerUserId,u.Id=b.UserId#p.Score,>,57,p.Score,<,163,p.CommentCount,>,26,p.CommentCount,<,40,u.DownVotes,>,71,u.DownVotes,<,184,v.CreationDate,>,1353424327,v.CreationDate,<,1388773504,v.VoteTypeId,>,1,v.VoteTypeId,<,11,b.Date,>,1379248681,b.Date,<,1395457474#1288
votes v,posts p,badges b,users u#p.Id=v.PostId,u.Id=p.OwnerUserId,u.Id=b.UserId#p.Score,>,6,p.Score,<,170,p.CommentCount,>,16,p.CommentCount,<,43,u.DownVotes,>,384,u.DownVotes,<,832,v.CreationDate,>,1298153271,v.CreationDate,<,1349313622,v.VoteTypeId,>,4,v.VoteTypeId,<,12,b.Date,>,1310241723,b.Date,<,1404168490#359
votes v,posts p,badges b,users u#p.Id=v.PostId,u.Id=p.OwnerUserId,u.Id=b.UserId#p.Score,>,1,p.Score,<,168,p.CommentCount,>,2,p.CommentCount,<,40,u.DownVotes,>,262,u.DownVotes,<,1679,v.CreationDate,>,1349674424,v.CreationDate,<,1366133076,v.VoteTypeId,>,1,v.VoteTypeId,<,8,b.Date,>,1372199483,b.Date,<,1380831850#23704
votes v,posts p,badges b,users u#p.Id=v.PostId,u.Id=p.OwnerUserId,u.Id=b.UserId#p.Score,>,5,p.Score,<,61,p.CommentCount,>,18,p.CommentCount,<,25,u.DownVotes,>,183,u.DownVotes,<,314,v.CreationDate,>,1289588054,v.CreationDate,<,1408249932,v.VoteTypeId,>,6,v.VoteTypeId,<,15,b.Date,>,1310600257,b.Date,<,1330417889#23
votes v,posts p,badges b,users u#p.Id=v.PostId,u.Id=p.OwnerUserId,u.Id=b.UserId#p.Score,>,-9,p.Score,<,66,p.CommentCount,>,2,p.CommentCount,<,21,u.DownVotes,>,138,u.DownVotes,<,1314,v.CreationDate,>,1278069197,v.CreationDate,<,1338264031,v.VoteTypeId,>,10,v.VoteTypeId,<,15,b.Date,>,1344741718,b.Date,<,1349143761#150
votes v,posts p,badges b,users u#p.Id=v.PostId,u.Id=p.OwnerUserId,u.Id=b.UserId#p.Score,>,-15,p.Score,<,90,p.CommentCount,>,6,p.CommentCount,<,14,u.DownVotes,>,694,u.DownVotes,<,1133,v.CreationDate,>,1279877182,v.CreationDate,<,1367408975,v.VoteTypeId,>,7,v.VoteTypeId,<,11,b.Date,>,1311920915,b.Date,<,1387878463#1124
votes v,posts p,badges b,users u#p.Id=v.PostId,u.Id=p.OwnerUserId,u.Id=b.UserId#p.Score,>,-18,p.Score,<,93,p.CommentCount,>,12,p.CommentCount,<,14,u.DownVotes,>,503,u.DownVotes,<,1346,v.CreationDate,>,1347763700,v.CreationDate,<,1387689978,v.VoteTypeId,>,1,v.VoteTypeId,<,9,b.Date,>,1344852168,b.Date,<,1372323451#855
votes v,posts p,badges b,users u#p.Id=v.PostId,u.Id=p.OwnerUserId,u.Id=b.UserId#p.Score,>,59,p.Score,<,115,p.CommentCount,>,0,p.CommentCount,<,25,u.DownVotes,>,634,u.DownVotes,<,878,v.CreationDate,>,1283778161,v.CreationDate,<,1325345884,v.VoteTypeId,>,2,v.VoteTypeId,<,11,b.Date,>,1347292063,b.Date,<,1405290327#444
votes v,posts p,badges b,users u#p.Id=v.PostId,u.Id=p.OwnerUserId,u.Id=b.UserId#p.Score,>,20,p.Score,<,26,p.CommentCount,>,8,p.CommentCount,<,42,u.DownVotes,>,665,u.DownVotes,<,1041,v.CreationDate,>,1287232598,v.CreationDate,<,1344540869,v.VoteTypeId,>,1,v.VoteTypeId,<,14,b.Date,>,1294343864,b.Date,<,1358359916#7848
votes v,posts p,badges b,users u#p.Id=v.PostId,u.Id=p.OwnerUserId,u.Id=b.UserId#p.Score,>,43,p.Score,<,111,p.CommentCount,>,3,p.CommentCount,<,20,u.DownVotes,>,655,u.DownVotes,<,1330,v.CreationDate,>,1346147929,v.CreationDate,<,1359724894,v.VoteTypeId,>,4,v.VoteTypeId,<,8,b.Date,>,1304729822,b.Date,<,1345406395#1160
votes v,posts p,badges b,users u#p.Id=v.PostId,u.Id=p.OwnerUserId,u.Id=b.UserId#p.Score,>,-3,p.Score,<,147,p.CommentCount,>,1,p.CommentCount,<,37,u.DownVotes,>,754,u.DownVotes,<,1350,v.CreationDate,>,1272605794,v.CreationDate,<,1337782592,v.VoteTypeId,>,5,v.VoteTypeId,<,14,b.Date,>,1387024173,b.Date,<,1392981654#364
votes v,posts p,badges b,users u#p.Id=v.PostId,u.Id=p.OwnerUserId,u.Id=b.UserId#p.Score,>,-10,p.Score,<,49,p.CommentCount,>,6,p.CommentCount,<,24,u.DownVotes,>,639,u.DownVotes,<,1441,v.CreationDate,>,1305987063,v.CreationDate,<,1323219150,v.VoteTypeId,>,1,v.VoteTypeId,<,11,b.Date,>,1280576239,b.Date,<,1395403150#67716
votes v,posts p,badges b,users u#p.Id=v.PostId,u.Id=p.OwnerUserId,u.Id=b.UserId#p.Score,>,0,p.Score,<,133,p.CommentCount,>,2,p.CommentCount,<,31,u.DownVotes,>,100,u.DownVotes,<,1063,v.CreationDate,>,1233862702,v.CreationDate,<,1311475189,v.VoteTypeId,>,9,v.VoteTypeId,<,12,b.Date,>,1283926272,b.Date,<,1348838336#973
votes v,posts p,badges b,users u#p.Id=v.PostId,u.Id=p.OwnerUserId,u.Id=b.UserId#p.Score,>,-2,p.Score,<,103,p.CommentCount,>,1,p.CommentCount,<,17,u.DownVotes,>,606,u.DownVotes,<,1528,v.CreationDate,>,1304350389,v.CreationDate,<,1356006873,v.VoteTypeId,>,5,v.VoteTypeId,<,13,b.Date,>,1286451224,b.Date,<,1288095856#49
votes v,posts p,badges b,users u#p.Id=v.PostId,u.Id=p.OwnerUserId,u.Id=b.UserId#p.Score,>,-15,p.Score,<,187,p.CommentCount,>,4,p.CommentCount,<,27,u.DownVotes,>,683,u.DownVotes,<,992,v.CreationDate,>,1237801956,v.CreationDate,<,1393327087,v.VoteTypeId,>,5,v.VoteTypeId,<,9,b.Date,>,1283647766,b.Date,<,1353271090#232
votes v,posts p,badges b,users u#p.Id=v.PostId,u.Id=p.OwnerUserId,u.Id=b.UserId#p.Score,>,2,p.Score,<,155,p.CommentCount,>,1,p.CommentCount,<,21,u.DownVotes,>,30,u.DownVotes,<,1550,v.CreationDate,>,1255953272,v.CreationDate,<,1402135936,v.VoteTypeId,>,5,v.VoteTypeId,<,7,b.Date,>,1344826559,b.Date,<,1355551736#27
votes v,posts p,badges b,users u#p.Id=v.PostId,u.Id=p.OwnerUserId,u.Id=b.UserId#p.Score,>,-11,p.Score,<,14,p.CommentCount,>,28,p.CommentCount,<,41,u.DownVotes,>,123,u.DownVotes,<,1628,v.CreationDate,>,1256006897,v.CreationDate,<,1354601696,v.VoteTypeId,>,2,v.VoteTypeId,<,15,b.Date,>,1363358497,b.Date,<,1382331397#17
votes v,posts p,badges b,users u#p.Id=v.PostId,u.Id=p.OwnerUserId,u.Id=b.UserId#p.Score,>,-5,p.Score,<,99,p.CommentCount,>,3,p.CommentCount,<,20,u.DownVotes,>,600,u.DownVotes,<,1788,v.CreationDate,>,1307743520,v.CreationDate,<,1400094927,v.VoteTypeId,>,6,v.VoteTypeId,<,12,b.Date,>,1329727775,b.Date,<,1361210377#1233
votes v,posts p,badges b,users u#p.Id=v.PostId,u.Id=p.OwnerUserId,u.Id=b.UserId#p.Score,>,26,p.Score,<,73,p.CommentCount,>,6,p.CommentCount,<,29,u.DownVotes,>,203,u.DownVotes,<,447,v.CreationDate,>,1248064700,v.CreationDate,<,1362971260,v.VoteTypeId,>,5,v.VoteTypeId,<,14,b.Date,>,1291600522,b.Date,<,1403015630#134
votes v,posts p,badges b,users u#p.Id=v.PostId,u.Id=p.OwnerUserId,u.Id=b.UserId#p.Score,>,39,p.Score,<,78,p.CommentCount,>,2,p.CommentCount,<,6,u.DownVotes,>,257,u.DownVotes,<,1772,v.CreationDate,>,1303540040,v.CreationDate,<,1350325132,v.VoteTypeId,>,1,v.VoteTypeId,<,12,b.Date,>,1398024184,b.Date,<,1399167571#348
votes v,posts p,badges b,users u#p.Id=v.PostId,u.Id=p.OwnerUserId,u.Id=b.UserId#p.Score,>,15,p.Score,<,168,p.CommentCount,>,2,p.CommentCount,<,20,u.DownVotes,>,111,u.DownVotes,<,1535,v.CreationDate,>,1260152111,v.CreationDate,<,1374817756,v.VoteTypeId,>,4,v.VoteTypeId,<,9,b.Date,>,1363340472,b.Date,<,1398013918#4805
votes v,posts p,badges b,users u#p.Id=v.PostId,u.Id=p.OwnerUserId,u.Id=b.UserId#p.Score,>,9,p.Score,<,107,p.CommentCount,>,9,p.CommentCount,<,28,u.DownVotes,>,604,u.DownVotes,<,1321,v.CreationDate,>,1311071996,v.CreationDate,<,1364295626,v.VoteTypeId,>,1,v.VoteTypeId,<,6,b.Date,>,1281822187,b.Date,<,1392976208#94848
votes v,posts p,badges b,users u#p.Id=v.PostId,u.Id=p.OwnerUserId,u.Id=b.UserId#p.Score,>,25,p.Score,<,104,p.CommentCount,>,24,p.CommentCount,<,32,u.DownVotes,>,27,u.DownVotes,<,1755,v.CreationDate,>,1316035414,v.CreationDate,<,1368035861,v.VoteTypeId,>,1,v.VoteTypeId,<,3,b.Date,>,1323587685,b.Date,<,1380817870#6665
votes v,posts p,badges b,users u#p.Id=v.PostId,u.Id=p.OwnerUserId,u.Id=b.UserId#p.Score,>,35,p.Score,<,184,p.CommentCount,>,0,p.CommentCount,<,12,u.DownVotes,>,71,u.DownVotes,<,689,v.CreationDate,>,1344878357,v.CreationDate,<,1405405889,v.VoteTypeId,>,4,v.VoteTypeId,<,13,b.Date,>,1329054075,b.Date,<,1404398722#7964
votes v,posts p,badges b,users u#p.Id=v.PostId,u.Id=p.OwnerUserId,u.Id=b.UserId#p.Score,>,52,p.Score,<,135,p.CommentCount,>,24,p.CommentCount,<,37,u.DownVotes,>,106,u.DownVotes,<,1910,v.CreationDate,>,1237032042,v.CreationDate,<,1373997707,v.VoteTypeId,>,1,v.VoteTypeId,<,6,b.Date,>,1328286293,b.Date,<,1351847998#3927
votes v,posts p,badges b,users u#p.Id=v.PostId,u.Id=p.OwnerUserId,u.Id=b.UserId#p.Score,>,-10,p.Score,<,155,p.CommentCount,>,0,p.CommentCount,<,8,u.DownVotes,>,332,u.DownVotes,<,1505,v.CreationDate,>,1332815977,v.CreationDate,<,1392429385,v.VoteTypeId,>,6,v.VoteTypeId,<,15,b.Date,>,1311637291,b.Date,<,1316505525#80
votes v,posts p,badges b,users u#p.Id=v.PostId,u.Id=p.OwnerUserId,u.Id=b.UserId#p.Score,>,-18,p.Score,<,163,p.CommentCount,>,16,p.CommentCount,<,20,u.DownVotes,>,7,u.DownVotes,<,1210,v.CreationDate,>,1310192161,v.CreationDate,<,1379077265,v.VoteTypeId,>,1,v.VoteTypeId,<,7,b.Date,>,1329192684,b.Date,<,1348807011#7528
votes v,posts p,badges b,users u#p.Id=v.PostId,u.Id=p.OwnerUserId,u.Id=b.UserId#p.Score,>,11,p.Score,<,76,p.CommentCount,>,5,p.CommentCount,<,25,u.DownVotes,>,186,u.DownVotes,<,1087,v.CreationDate,>,1258704501,v.CreationDate,<,1393895443,v.VoteTypeId,>,5,v.VoteTypeId,<,12,b.Date,>,1286265159,b.Date,<,1338851441#955
votes v,posts p,badges b,users u#p.Id=v.PostId,u.Id=p.OwnerUserId,u.Id=b.UserId#p.Score,>,-16,p.Score,<,101,p.CommentCount,>,2,p.CommentCount,<,6,u.DownVotes,>,65,u.DownVotes,<,1253,v.CreationDate,>,1320190420,v.CreationDate,<,1327572360,v.VoteTypeId,>,1,v.VoteTypeId,<,3,b.Date,>,1342104074,b.Date,<,1394775092#32573
votes v,posts p,badges b,users u#p.Id=v.PostId,u.Id=p.OwnerUserId,u.Id=b.UserId#p.Score,>,-15,p.Score,<,24,p.CommentCount,>,4,p.CommentCount,<,41,u.DownVotes,>,590,u.DownVotes,<,1422,v.CreationDate,>,1237972243,v.CreationDate,<,1356741776,v.VoteTypeId,>,9,v.VoteTypeId,<,15,b.Date,>,1377463756,b.Date,<,1400199234#96
votes v,posts p,badges b,users u#p.Id=v.PostId,u.Id=p.OwnerUserId,u.Id=b.UserId#p.Score,>,-14,p.Score,<,39,p.CommentCount,>,0,p.CommentCount,<,32,u.DownVotes,>,693,u.DownVotes,<,1164,v.CreationDate,>,1388287862,v.CreationDate,<,1405040661,v.VoteTypeId,>,1,v.VoteTypeId,<,15,b.Date,>,1330138558,b.Date,<,1400382607#246666
votes v,posts p,badges b,users u#p.Id=v.PostId,u.Id=p.OwnerUserId,u.Id=b.UserId#p.Score,>,-11,p.Score,<,122,p.CommentCount,>,6,p.CommentCount,<,28,u.DownVotes,>,507,u.DownVotes,<,1327,v.CreationDate,>,1261304672,v.CreationDate,<,1341522402,v.VoteTypeId,>,4,v.VoteTypeId,<,8,b.Date,>,1334903562,b.Date,<,1338354381#98
votes v,posts p,badges b,users u#p.Id=v.PostId,u.Id=p.OwnerUserId,u.Id=b.UserId#p.Score,>,-10,p.Score,<,31,p.CommentCount,>,0,p.CommentCount,<,41,u.DownVotes,>,23,u.DownVotes,<,677,v.CreationDate,>,1322576128,v.CreationDate,<,1408647107,v.VoteTypeId,>,7,v.VoteTypeId,<,12,b.Date,>,1307085739,b.Date,<,1392335007#12148
votes v,posts p,badges b,users u#p.Id=v.PostId,u.Id=p.OwnerUserId,u.Id=b.UserId#p.Score,>,48,p.Score,<,178,p.CommentCount,>,7,p.CommentCount,<,44,u.DownVotes,>,44,u.DownVotes,<,373,v.CreationDate,>,1298561605,v.CreationDate,<,1410133170,v.VoteTypeId,>,3,v.VoteTypeId,<,14,b.Date,>,1293888617,b.Date,<,1343459483#56
votes v,posts p,badges b,users u#p.Id=v.PostId,u.Id=p.OwnerUserId,u.Id=b.UserId#p.Score,>,-11,p.Score,<,65,p.CommentCount,>,2,p.CommentCount,<,9,u.DownVotes,>,187,u.DownVotes,<,1258,v.CreationDate,>,1260960219,v.CreationDate,<,1406037521,v.VoteTypeId,>,3,v.VoteTypeId,<,12,b.Date,>,1308028970,b.Date,<,1387211101#18956
votes v,posts p,badges b,users u#p.Id=v.PostId,u.Id=p.OwnerUserId,u.Id=b.UserId#p.Score,>,-18,p.Score,<,15,p.CommentCount,>,1,p.CommentCount,<,5,u.DownVotes,>,323,u.DownVotes,<,1126,v.CreationDate,>,1315471422,v.CreationDate,<,1329557119,v.VoteTypeId,>,7,v.VoteTypeId,<,10,b.Date,>,1359610778,b.Date,<,1383905334#279
votes v,posts p,badges b,users u#p.Id=v.PostId,u.Id=p.OwnerUserId,u.Id=b.UserId#p.Score,>,13,p.Score,<,120,p.CommentCount,>,0,p.CommentCount,<,19,u.DownVotes,>,17,u.DownVotes,<,1447,v.CreationDate,>,1302108165,v.CreationDate,<,1371719484,v.VoteTypeId,>,7,v.VoteTypeId,<,11,b.Date,>,1323133928,b.Date,<,1386903651#1243
votes v,posts p,badges b,users u#p.Id=v.PostId,u.Id=p.OwnerUserId,u.Id=b.UserId#p.Score,>,-16,p.Score,<,44,p.CommentCount,>,3,p.CommentCount,<,27,u.DownVotes,>,180,u.DownVotes,<,1294,v.CreationDate,>,1384355806,v.CreationDate,<,1398934989,v.VoteTypeId,>,2,v.VoteTypeId,<,13,b.Date,>,1365118057,b.Date,<,1404073488#851
votes v,posts p,badges b,users u#p.Id=v.PostId,u.Id=p.OwnerUserId,u.Id=b.UserId#p.Score,>,-16,p.Score,<,68,p.CommentCount,>,8,p.CommentCount,<,43,u.DownVotes,>,503,u.DownVotes,<,1419,v.CreationDate,>,1283903031,v.CreationDate,<,1344475065,v.VoteTypeId,>,1,v.VoteTypeId,<,13,b.Date,>,1305478915,b.Date,<,1333619862#28259
votes v,posts p,badges b,users u#p.Id=v.PostId,u.Id=p.OwnerUserId,u.Id=b.UserId#p.Score,>,-10,p.Score,<,17,p.CommentCount,>,5,p.CommentCount,<,33,u.DownVotes,>,37,u.DownVotes,<,1894,v.CreationDate,>,1301881411,v.CreationDate,<,1355939409,v.VoteTypeId,>,3,v.VoteTypeId,<,12,b.Date,>,1380961234,b.Date,<,1390649391#471
votes v,posts p,badges b,users u#p.Id=v.PostId,u.Id=p.OwnerUserId,u.Id=b.UserId#p.Score,>,13,p.Score,<,111,p.CommentCount,>,12,p.CommentCount,<,23,u.DownVotes,>,70,u.DownVotes,<,162,v.CreationDate,>,1266394505,v.CreationDate,<,1393564531,v.VoteTypeId,>,1,v.VoteTypeId,<,7,b.Date,>,1328959610,b.Date,<,1396423410#19847
votes v,posts p,badges b,users u#p.Id=v.PostId,u.Id=p.OwnerUserId,u.Id=b.UserId#p.Score,>,11,p.Score,<,156,p.CommentCount,>,2,p.CommentCount,<,24,u.DownVotes,>,148,u.DownVotes,<,1245,v.CreationDate,>,1340081903,v.CreationDate,<,1385191582,v.VoteTypeId,>,7,v.VoteTypeId,<,10,b.Date,>,1303058592,b.Date,<,1379220767#236
votes v,posts p,badges b,users u#p.Id=v.PostId,u.Id=p.OwnerUserId,u.Id=b.UserId#p.Score,>,101,p.Score,<,188,p.CommentCount,>,6,p.CommentCount,<,29,u.DownVotes,>,384,u.DownVotes,<,1177,v.CreationDate,>,1378716351,v.CreationDate,<,1400125686,v.VoteTypeId,>,1,v.VoteTypeId,<,10,b.Date,>,1323271450,b.Date,<,1403710992#10395
votes v,posts p,badges b,users u#p.Id=v.PostId,u.Id=p.OwnerUserId,u.Id=b.UserId#p.Score,>,26,p.Score,<,54,p.CommentCount,>,6,p.CommentCount,<,10,u.DownVotes,>,31,u.DownVotes,<,160,v.CreationDate,>,1313050006,v.CreationDate,<,1345000959,v.VoteTypeId,>,4,v.VoteTypeId,<,9,b.Date,>,1298239396,b.Date,<,1301225475#64
votes v,posts p,badges b,users u#p.Id=v.PostId,u.Id=p.OwnerUserId,u.Id=b.UserId#p.Score,>,5,p.Score,<,183,p.CommentCount,>,8,p.CommentCount,<,19,u.DownVotes,>,233,u.DownVotes,<,1136,v.CreationDate,>,1262957220,v.CreationDate,<,1355952382,v.VoteTypeId,>,4,v.VoteTypeId,<,11,b.Date,>,1313106664,b.Date,<,1372667593#393
votes v,posts p,badges b,users u#p.Id=v.PostId,u.Id=p.OwnerUserId,u.Id=b.UserId#p.Score,>,-3,p.Score,<,140,p.CommentCount,>,18,p.CommentCount,<,43,u.DownVotes,>,262,u.DownVotes,<,1586,v.CreationDate,>,1260242980,v.CreationDate,<,1407769527,v.VoteTypeId,>,4,v.VoteTypeId,<,13,b.Date,>,1295934787,b.Date,<,1309412696#33
votes v,posts p,badges b,users u#p.Id=v.PostId,u.Id=p.OwnerUserId,u.Id=b.UserId#p.Score,>,-3,p.Score,<,111,p.CommentCount,>,5,p.CommentCount,<,11,u.DownVotes,>,623,u.DownVotes,<,1482,v.CreationDate,>,1300638890,v.CreationDate,<,1367748933,v.VoteTypeId,>,1,v.VoteTypeId,<,4,b.Date,>,1295580461,b.Date,<,1330037745#75592
votes v,posts p,badges b,users u#p.Id=v.PostId,u.Id=p.OwnerUserId,u.Id=b.UserId#p.Score,>,-6,p.Score,<,40,p.CommentCount,>,7,p.CommentCount,<,36,u.DownVotes,>,158,u.DownVotes,<,1162,v.CreationDate,>,1302498638,v.CreationDate,<,1352111760,v.VoteTypeId,>,4,v.VoteTypeId,<,12,b.Date,>,1290010119,b.Date,<,1322287274#327
votes v,posts p,badges b,users u#p.Id=v.PostId,u.Id=p.OwnerUserId,u.Id=b.UserId#p.Score,>,75,p.Score,<,168,p.CommentCount,>,1,p.CommentCount,<,3,u.DownVotes,>,72,u.DownVotes,<,911,v.CreationDate,>,1305990808,v.CreationDate,<,1325480689,v.VoteTypeId,>,4,v.VoteTypeId,<,6,b.Date,>,1328199311,b.Date,<,1331439391#27
votes v,posts p,badges b,users u#p.Id=v.PostId,u.Id=p.OwnerUserId,u.Id=b.UserId#p.Score,>,32,p.Score,<,86,p.CommentCount,>,8,p.CommentCount,<,28,u.DownVotes,>,734,u.DownVotes,<,1213,v.CreationDate,>,1244808787,v.CreationDate,<,1351648356,v.VoteTypeId,>,1,v.VoteTypeId,<,15,b.Date,>,1343935868,b.Date,<,1399105775#35805
votes v,posts p,badges b,users u#p.Id=v.PostId,u.Id=p.OwnerUserId,u.Id=b.UserId#p.Score,>,37,p.Score,<,139,p.CommentCount,>,8,p.CommentCount,<,12,u.DownVotes,>,121,u.DownVotes,<,901,v.CreationDate,>,1277515905,v.CreationDate,<,1327236468,v.VoteTypeId,>,2,v.VoteTypeId,<,8,b.Date,>,1350669820,b.Date,<,1365482335#46
votes v,posts p,badges b,users u#p.Id=v.PostId,u.Id=p.OwnerUserId,u.Id=b.UserId#p.Score,>,-13,p.Score,<,146,p.CommentCount,>,18,p.CommentCount,<,27,u.DownVotes,>,208,u.DownVotes,<,981,v.CreationDate,>,1328567590,v.CreationDate,<,1363261178,v.VoteTypeId,>,1,v.VoteTypeId,<,12,b.Date,>,1305093700,b.Date,<,1398431124#7660
votes v,posts p,badges b,users u#p.Id=v.PostId,u.Id=p.OwnerUserId,u.Id=b.UserId#p.Score,>,15,p.Score,<,17,p.CommentCount,>,11,p.CommentCount,<,14,u.DownVotes,>,44,u.DownVotes,<,1355,v.CreationDate,>,1251139666,v.CreationDate,<,1354244728,v.VoteTypeId,>,9,v.VoteTypeId,<,13,b.Date,>,1337342740,b.Date,<,1367850987#91
votes v,posts p,badges b,users u#p.Id=v.PostId,u.Id=p.OwnerUserId,u.Id=b.UserId#p.Score,>,66,p.Score,<,189,p.CommentCount,>,7,p.CommentCount,<,21,u.DownVotes,>,262,u.DownVotes,<,1859,v.CreationDate,>,1284259369,v.CreationDate,<,1364738541,v.VoteTypeId,>,2,v.VoteTypeId,<,13,b.Date,>,1315888667,b.Date,<,1344854597#109
votes v,posts p,badges b,users u#p.Id=v.PostId,u.Id=p.OwnerUserId,u.Id=b.UserId#p.Score,>,64,p.Score,<,175,p.CommentCount,>,3,p.CommentCount,<,21,u.DownVotes,>,582,u.DownVotes,<,934,v.CreationDate,>,1271847655,v.CreationDate,<,1360499131,v.VoteTypeId,>,1,v.VoteTypeId,<,12,b.Date,>,1364895344,b.Date,<,1401159737#26492
votes v,posts p,badges b,users u#p.Id=v.PostId,u.Id=p.OwnerUserId,u.Id=b.UserId#p.Score,>,-5,p.Score,<,123,p.CommentCount,>,16,p.CommentCount,<,25,u.DownVotes,>,473,u.DownVotes,<,890,v.CreationDate,>,1299795709,v.CreationDate,<,1360992175,v.VoteTypeId,>,2,v.VoteTypeId,<,14,b.Date,>,1285040776,b.Date,<,1388610179#351
votes v,posts p,badges b,users u#p.Id=v.PostId,u.Id=p.OwnerUserId,u.Id=b.UserId#p.Score,>,3,p.Score,<,61,p.CommentCount,>,0,p.CommentCount,<,25,u.DownVotes,>,62,u.DownVotes,<,1756,v.CreationDate,>,1236950295,v.CreationDate,<,1324149431,v.VoteTypeId,>,1,v.VoteTypeId,<,5,b.Date,>,1367233043,b.Date,<,1373617870#57922
votes v,posts p,badges b,users u#p.Id=v.PostId,u.Id=p.OwnerUserId,u.Id=b.UserId#p.Score,>,-13,p.Score,<,121,p.CommentCount,>,8,p.CommentCount,<,22,u.DownVotes,>,321,u.DownVotes,<,1278,v.CreationDate,>,1311399778,v.CreationDate,<,1381334677,v.VoteTypeId,>,3,v.VoteTypeId,<,6,b.Date,>,1299742242,b.Date,<,1309441342#36
votes v,posts p,badges b,users u#p.Id=v.PostId,u.Id=p.OwnerUserId,u.Id=b.UserId#p.Score,>,47,p.Score,<,84,p.CommentCount,>,8,p.CommentCount,<,29,u.DownVotes,>,256,u.DownVotes,<,795,v.CreationDate,>,1271667568,v.CreationDate,<,1373538180,v.VoteTypeId,>,2,v.VoteTypeId,<,13,b.Date,>,1279967934,b.Date,<,1382782178#346
votes v,posts p,badges b,users u#p.Id=v.PostId,u.Id=p.OwnerUserId,u.Id=b.UserId#p.Score,>,14,p.Score,<,29,p.CommentCount,>,3,p.CommentCount,<,12,u.DownVotes,>,153,u.DownVotes,<,1217,v.CreationDate,>,1235251248,v.CreationDate,<,1397703487,v.VoteTypeId,>,8,v.VoteTypeId,<,11,b.Date,>,1332560344,b.Date,<,1390784176#474
votes v,posts p,badges b,users u#p.Id=v.PostId,u.Id=p.OwnerUserId,u.Id=b.UserId#p.Score,>,-4,p.Score,<,100,p.CommentCount,>,9,p.CommentCount,<,21,u.DownVotes,>,96,u.DownVotes,<,650,v.CreationDate,>,1283172037,v.CreationDate,<,1352264253,v.VoteTypeId,>,2,v.VoteTypeId,<,11,b.Date,>,1326186597,b.Date,<,1332784549#203
votes v,posts p,badges b,users u#p.Id=v.PostId,u.Id=p.OwnerUserId,u.Id=b.UserId#p.Score,>,-14,p.Score,<,120,p.CommentCount,>,18,p.CommentCount,<,22,u.DownVotes,>,398,u.DownVotes,<,1275,v.CreationDate,>,1243515584,v.CreationDate,<,1323357868,v.VoteTypeId,>,6,v.VoteTypeId,<,14,b.Date,>,1331066309,b.Date,<,1334710365#7
votes v,posts p,badges b,users u#p.Id=v.PostId,u.Id=p.OwnerUserId,u.Id=b.UserId#p.Score,>,129,p.Score,<,173,p.CommentCount,>,5,p.CommentCount,<,22,u.DownVotes,>,112,u.DownVotes,<,352,v.CreationDate,>,1251025625,v.CreationDate,<,1403600334,v.VoteTypeId,>,4,v.VoteTypeId,<,13,b.Date,>,1281217896,b.Date,<,1337238731#38
votes v,posts p,badges b,users u#p.Id=v.PostId,u.Id=p.OwnerUserId,u.Id=b.UserId#p.Score,>,17,p.Score,<,56,p.CommentCount,>,10,p.CommentCount,<,15,u.DownVotes,>,99,u.DownVotes,<,1723,v.CreationDate,>,1273250884,v.CreationDate,<,1300083649,v.VoteTypeId,>,1,v.VoteTypeId,<,12,b.Date,>,1297679726,b.Date,<,1322030985#1113
votes v,posts p,badges b,users u#p.Id=v.PostId,u.Id=p.OwnerUserId,u.Id=b.UserId#p.Score,>,13,p.Score,<,84,p.CommentCount,>,5,p.CommentCount,<,27,u.DownVotes,>,700,u.DownVotes,<,1337,v.CreationDate,>,1285192446,v.CreationDate,<,1316762881,v.VoteTypeId,>,6,v.VoteTypeId,<,14,b.Date,>,1338905413,b.Date,<,1348418535#207
votes v,posts p,badges b,users u#p.Id=v.PostId,u.Id=p.OwnerUserId,u.Id=b.UserId#p.Score,>,20,p.Score,<,77,p.CommentCount,>,12,p.CommentCount,<,33,u.DownVotes,>,624,u.DownVotes,<,791,v.CreationDate,>,1242445638,v.CreationDate,<,1398516746,v.VoteTypeId,>,7,v.VoteTypeId,<,13,b.Date,>,1304855264,b.Date,<,1341464120#131
votes v,posts p,badges b,users u#p.Id=v.PostId,u.Id=p.OwnerUserId,u.Id=b.UserId#p.Score,>,-7,p.Score,<,58,p.CommentCount,>,1,p.CommentCount,<,18,u.DownVotes,>,43,u.DownVotes,<,926,v.CreationDate,>,1304949519,v.CreationDate,<,1355449670,v.VoteTypeId,>,1,v.VoteTypeId,<,9,b.Date,>,1293762390,b.Date,<,1362614514#1050833
votes v,posts p,badges b,users u#p.Id=v.PostId,u.Id=p.OwnerUserId,u.Id=b.UserId#p.Score,>,6,p.Score,<,144,p.CommentCount,>,9,p.CommentCount,<,44,u.DownVotes,>,598,u.DownVotes,<,1275,v.CreationDate,>,1243897333,v.CreationDate,<,1375563442,v.VoteTypeId,>,1,v.VoteTypeId,<,15,b.Date,>,1371373820,b.Date,<,1401599281#65631
votes v,posts p,badges b,users u#p.Id=v.PostId,u.Id=p.OwnerUserId,u.Id=b.UserId#p.Score,>,-15,p.Score,<,124,p.CommentCount,>,2,p.CommentCount,<,37,u.DownVotes,>,110,u.DownVotes,<,551,v.CreationDate,>,1355226590,v.CreationDate,<,1381336187,v.VoteTypeId,>,7,v.VoteTypeId,<,14,b.Date,>,1318096512,b.Date,<,1357884877#409
votes v,posts p,badges b,users u#p.Id=v.PostId,u.Id=p.OwnerUserId,u.Id=b.UserId#p.Score,>,-12,p.Score,<,91,p.CommentCount,>,2,p.CommentCount,<,31,u.DownVotes,>,32,u.DownVotes,<,810,v.CreationDate,>,1267683977,v.CreationDate,<,1283876564,v.VoteTypeId,>,2,v.VoteTypeId,<,8,b.Date,>,1302993542,b.Date,<,1402950902#5539
votes v,posts p,badges b,users u#p.Id=v.PostId,u.Id=p.OwnerUserId,u.Id=b.UserId#p.Score,>,-10,p.Score,<,42,p.CommentCount,>,1,p.CommentCount,<,34,u.DownVotes,>,516,u.DownVotes,<,1141,v.CreationDate,>,1358564825,v.CreationDate,<,1385649463,v.VoteTypeId,>,3,v.VoteTypeId,<,15,b.Date,>,1332244785,b.Date,<,1383594466#1080
votes v,posts p,badges b,users u#p.Id=v.PostId,u.Id=p.OwnerUserId,u.Id=b.UserId#p.Score,>,0,p.Score,<,172,p.CommentCount,>,12,p.CommentCount,<,38,u.DownVotes,>,361,u.DownVotes,<,1841,v.CreationDate,>,1239017352,v.CreationDate,<,1301886726,v.VoteTypeId,>,1,v.VoteTypeId,<,5,b.Date,>,1282991730,b.Date,<,1396589431#8602
votes v,posts p,badges b,users u#p.Id=v.PostId,u.Id=p.OwnerUserId,u.Id=b.UserId#p.Score,>,-9,p.Score,<,80,p.CommentCount,>,3,p.CommentCount,<,9,u.DownVotes,>,330,u.DownVotes,<,966,v.CreationDate,>,1314565022,v.CreationDate,<,1386431349,v.VoteTypeId,>,4,v.VoteTypeId,<,15,b.Date,>,1333520899,b.Date,<,1343306395#1902
votes v,posts p,badges b,users u#p.Id=v.PostId,u.Id=p.OwnerUserId,u.Id=b.UserId#p.Score,>,66,p.Score,<,83,p.CommentCount,>,4,p.CommentCount,<,24,u.DownVotes,>,642,u.DownVotes,<,1542,v.CreationDate,>,1333855641,v.CreationDate,<,1407845813,v.VoteTypeId,>,1,v.VoteTypeId,<,7,b.Date,>,1363638015,b.Date,<,1384004019#6290
votes v,posts p,badges b,users u#p.Id=v.PostId,u.Id=p.OwnerUserId,u.Id=b.UserId#p.Score,>,20,p.Score,<,58,p.CommentCount,>,3,p.CommentCount,<,39,u.DownVotes,>,589,u.DownVotes,<,901,v.CreationDate,>,1281430257,v.CreationDate,<,1408736755,v.VoteTypeId,>,4,v.VoteTypeId,<,12,b.Date,>,1325642821,b.Date,<,1333531764#270
votes v,posts p,badges b,users u#p.Id=v.PostId,u.Id=p.OwnerUserId,u.Id=b.UserId#p.Score,>,63,p.Score,<,172,p.CommentCount,>,4,p.CommentCount,<,17,u.DownVotes,>,296,u.DownVotes,<,784,v.CreationDate,>,1318466229,v.CreationDate,<,1346187844,v.VoteTypeId,>,2,v.VoteTypeId,<,10,b.Date,>,1374147548,b.Date,<,1396386424#91
votes v,posts p,badges b,users u#p.Id=v.PostId,u.Id=p.OwnerUserId,u.Id=b.UserId#p.Score,>,44,p.Score,<,161,p.CommentCount,>,4,p.CommentCount,<,44,u.DownVotes,>,145,u.DownVotes,<,985,v.CreationDate,>,1280918263,v.CreationDate,<,1372500513,v.VoteTypeId,>,2,v.VoteTypeId,<,4,b.Date,>,1318967294,b.Date,<,1355797508#292
votes v,posts p,badges b,users u#p.Id=v.PostId,u.Id=p.OwnerUserId,u.Id=b.UserId#p.Score,>,-4,p.Score,<,47,p.CommentCount,>,0,p.CommentCount,<,31,u.DownVotes,>,153,u.DownVotes,<,1688,v.CreationDate,>,1273427440,v.CreationDate,<,1311064286,v.VoteTypeId,>,6,v.VoteTypeId,<,13,b.Date,>,1332923029,b.Date,<,1409792127#4389
votes v,posts p,badges b,users u#p.Id=v.PostId,u.Id=p.OwnerUserId,u.Id=b.UserId#p.Score,>,25,p.Score,<,73,p.CommentCount,>,4,p.CommentCount,<,40,u.DownVotes,>,173,u.DownVotes,<,1712,v.CreationDate,>,1302801177,v.CreationDate,<,1398885786,v.VoteTypeId,>,4,v.VoteTypeId,<,10,b.Date,>,1380603901,b.Date,<,1385507690#176
votes v,posts p,badges b,users u#p.Id=v.PostId,u.Id=p.OwnerUserId,u.Id=b.UserId#p.Score,>,58,p.Score,<,65,p.CommentCount,>,9,p.CommentCount,<,20,u.DownVotes,>,14,u.DownVotes,<,1527,v.CreationDate,>,1253987342,v.CreationDate,<,1387029275,v.VoteTypeId,>,1,v.VoteTypeId,<,7,b.Date,>,1320299411,b.Date,<,1341954550#6200
votes v,posts p,badges b,users u#p.Id=v.PostId,u.Id=p.OwnerUserId,u.Id=b.UserId#p.Score,>,44,p.Score,<,166,p.CommentCount,>,1,p.CommentCount,<,8,u.DownVotes,>,137,u.DownVotes,<,1550,v.CreationDate,>,1358971779,v.CreationDate,<,1393015729,v.VoteTypeId,>,4,v.VoteTypeId,<,15,b.Date,>,1307703106,b.Date,<,1336284262#553
votes v,posts p,badges b,users u#p.Id=v.PostId,u.Id=p.OwnerUserId,u.Id=b.UserId#p.Score,>,-10,p.Score,<,23,p.CommentCount,>,4,p.CommentCount,<,17,u.DownVotes,>,63,u.DownVotes,<,517,v.CreationDate,>,1244968003,v.CreationDate,<,1308674328,v.VoteTypeId,>,5,v.VoteTypeId,<,15,b.Date,>,1305641834,b.Date,<,1334558276#96
votes v,posts p,badges b,users u#p.Id=v.PostId,u.Id=p.OwnerUserId,u.Id=b.UserId#p.Score,>,41,p.Score,<,56,p.CommentCount,>,4,p.CommentCount,<,44,u.DownVotes,>,53,u.DownVotes,<,631,v.CreationDate,>,1244861241,v.CreationDate,<,1309304299,v.VoteTypeId,>,4,v.VoteTypeId,<,8,b.Date,>,1326923634,b.Date,<,1407410391#770
votes v,posts p,badges b,users u#p.Id=v.PostId,u.Id=p.OwnerUserId,u.Id=b.UserId#p.Score,>,22,p.Score,<,31,p.CommentCount,>,4,p.CommentCount,<,42,u.DownVotes,>,494,u.DownVotes,<,1146,v.CreationDate,>,1307071181,v.CreationDate,<,1406688936,v.VoteTypeId,>,8,v.VoteTypeId,<,13,b.Date,>,1294630280,b.Date,<,1402537529#392
votes v,posts p,badges b,users u#p.Id=v.PostId,u.Id=p.OwnerUserId,u.Id=b.UserId#p.Score,>,-10,p.Score,<,113,p.CommentCount,>,1,p.CommentCount,<,21,u.DownVotes,>,348,u.DownVotes,<,1501,v.CreationDate,>,1259589285,v.CreationDate,<,1334481036,v.VoteTypeId,>,4,v.VoteTypeId,<,15,b.Date,>,1331251446,b.Date,<,1395222657#5608
votes v,posts p,badges b,users u#p.Id=v.PostId,u.Id=p.OwnerUserId,u.Id=b.UserId#p.Score,>,113,p.Score,<,167,p.CommentCount,>,8,p.CommentCount,<,25,u.DownVotes,>,294,u.DownVotes,<,1723,v.CreationDate,>,1301856197,v.CreationDate,<,1376169891,v.VoteTypeId,>,1,v.VoteTypeId,<,11,b.Date,>,1316438927,b.Date,<,1365753448#15810
votes v,posts p,badges b,users u#p.Id=v.PostId,u.Id=p.OwnerUserId,u.Id=b.UserId#p.Score,>,26,p.Score,<,40,p.CommentCount,>,9,p.CommentCount,<,40,u.DownVotes,>,133,u.DownVotes,<,1241,v.CreationDate,>,1293448211,v.CreationDate,<,1370288710,v.VoteTypeId,>,1,v.VoteTypeId,<,3,b.Date,>,1341775176,b.Date,<,1373096995#7176
votes v,posts p,badges b,users u#p.Id=v.PostId,u.Id=p.OwnerUserId,u.Id=b.UserId#p.Score,>,34,p.Score,<,41,p.CommentCount,>,2,p.CommentCount,<,12,u.DownVotes,>,701,u.DownVotes,<,1435,v.CreationDate,>,1321573728,v.CreationDate,<,1385557918,v.VoteTypeId,>,1,v.VoteTypeId,<,13,b.Date,>,1309478227,b.Date,<,1332984243#2016
votes v,posts p,badges b,users u#p.Id=v.PostId,u.Id=p.OwnerUserId,u.Id=b.UserId#p.Score,>,100,p.Score,<,166,p.CommentCount,>,10,p.CommentCount,<,40,u.DownVotes,>,774,u.DownVotes,<,981,v.CreationDate,>,1350599143,v.CreationDate,<,1383009778,v.VoteTypeId,>,1,v.VoteTypeId,<,4,b.Date,>,1342734443,b.Date,<,1343629790#152
votes v,posts p,badges b,users u#p.Id=v.PostId,u.Id=p.OwnerUserId,u.Id=b.UserId#p.Score,>,66,p.Score,<,140,p.CommentCount,>,6,p.CommentCount,<,43,u.DownVotes,>,546,u.DownVotes,<,1293,v.CreationDate,>,1348119171,v.CreationDate,<,1377370587,v.VoteTypeId,>,1,v.VoteTypeId,<,11,b.Date,>,1317273263,b.Date,<,1404336102#20801
votes v,posts p,badges b,users u#p.Id=v.PostId,u.Id=p.OwnerUserId,u.Id=b.UserId#p.Score,>,8,p.Score,<,28,p.CommentCount,>,8,p.CommentCount,<,30,u.DownVotes,>,663,u.DownVotes,<,817,v.CreationDate,>,1267823736,v.CreationDate,<,1402571378,v.VoteTypeId,>,1,v.VoteTypeId,<,10,b.Date,>,1309200596,b.Date,<,1406809480#117024
votes v,posts p,badges b,users u#p.Id=v.PostId,u.Id=p.OwnerUserId,u.Id=b.UserId#p.Score,>,5,p.Score,<,73,p.CommentCount,>,5,p.CommentCount,<,30,u.DownVotes,>,246,u.DownVotes,<,1919,v.CreationDate,>,1278369392,v.CreationDate,<,1362362422,v.VoteTypeId,>,8,v.VoteTypeId,<,14,b.Date,>,1329063552,b.Date,<,1394336355#1364
votes v,posts p,badges b,users u#p.Id=v.PostId,u.Id=p.OwnerUserId,u.Id=b.UserId#p.Score,>,6,p.Score,<,166,p.CommentCount,>,8,p.CommentCount,<,20,u.DownVotes,>,73,u.DownVotes,<,593,v.CreationDate,>,1261732705,v.CreationDate,<,1379379106,v.VoteTypeId,>,7,v.VoteTypeId,<,15,b.Date,>,1287005720,b.Date,<,1400085505#1425
votes v,posts p,badges b,users u#p.Id=v.PostId,u.Id=p.OwnerUserId,u.Id=b.UserId#p.Score,>,12,p.Score,<,170,p.CommentCount,>,2,p.CommentCount,<,39,u.DownVotes,>,408,u.DownVotes,<,1807,v.CreationDate,>,1328051396,v.CreationDate,<,1378204314,v.VoteTypeId,>,5,v.VoteTypeId,<,13,b.Date,>,1328577951,b.Date,<,1372962000#375
votes v,posts p,badges b,users u#p.Id=v.PostId,u.Id=p.OwnerUserId,u.Id=b.UserId#p.Score,>,66,p.Score,<,168,p.CommentCount,>,14,p.CommentCount,<,30,u.DownVotes,>,122,u.DownVotes,<,1504,v.CreationDate,>,1238968685,v.CreationDate,<,1385862818,v.VoteTypeId,>,1,v.VoteTypeId,<,7,b.Date,>,1319823257,b.Date,<,1357961163#7738
votes v,posts p,badges b,users u#p.Id=v.PostId,u.Id=p.OwnerUserId,u.Id=b.UserId#p.Score,>,-4,p.Score,<,163,p.CommentCount,>,5,p.CommentCount,<,27,u.DownVotes,>,37,u.DownVotes,<,1374,v.CreationDate,>,1287807923,v.CreationDate,<,1289757304,v.VoteTypeId,>,5,v.VoteTypeId,<,13,b.Date,>,1381432645,b.Date,<,1393917867#15
votes v,posts p,badges b,users u#p.Id=v.PostId,u.Id=p.OwnerUserId,u.Id=b.UserId#p.Score,>,29,p.Score,<,84,p.CommentCount,>,13,p.CommentCount,<,24,u.DownVotes,>,153,u.DownVotes,<,1866,v.CreationDate,>,1237257745,v.CreationDate,<,1317743511,v.VoteTypeId,>,1,v.VoteTypeId,<,9,b.Date,>,1303285755,b.Date,<,1353404380#1449
votes v,posts p,badges b,users u#p.Id=v.PostId,u.Id=p.OwnerUserId,u.Id=b.UserId#p.Score,>,20,p.Score,<,76,p.CommentCount,>,0,p.CommentCount,<,13,u.DownVotes,>,523,u.DownVotes,<,1740,v.CreationDate,>,1321505184,v.CreationDate,<,1401815341,v.VoteTypeId,>,3,v.VoteTypeId,<,9,b.Date,>,1295881727,b.Date,<,1361639690#3632
votes v,posts p,badges b,users u#p.Id=v.PostId,u.Id=p.OwnerUserId,u.Id=b.UserId#p.Score,>,-3,p.Score,<,66,p.CommentCount,>,10,p.CommentCount,<,39,u.DownVotes,>,41,u.DownVotes,<,1633,v.CreationDate,>,1344535771,v.CreationDate,<,1352861424,v.VoteTypeId,>,1,v.VoteTypeId,<,10,b.Date,>,1340949542,b.Date,<,1408102885#15382
votes v,posts p,badges b,users u#p.Id=v.PostId,u.Id=p.OwnerUserId,u.Id=b.UserId#p.Score,>,-15,p.Score,<,174,p.CommentCount,>,2,p.CommentCount,<,33,u.DownVotes,>,11,u.DownVotes,<,17,v.CreationDate,>,1258265401,v.CreationDate,<,1312006411,v.VoteTypeId,>,7,v.VoteTypeId,<,9,b.Date,>,1309683504,b.Date,<,1342642899#7
votes v,posts p,badges b,users u#p.Id=v.PostId,u.Id=p.OwnerUserId,u.Id=b.UserId#p.Score,>,95,p.Score,<,167,p.CommentCount,>,3,p.CommentCount,<,26,u.DownVotes,>,5,u.DownVotes,<,1028,v.CreationDate,>,1312878403,v.CreationDate,<,1316004008,v.VoteTypeId,>,1,v.VoteTypeId,<,7,b.Date,>,1294435377,b.Date,<,1299558313#122
votes v,posts p,badges b,users u#p.Id=v.PostId,u.Id=p.OwnerUserId,u.Id=b.UserId#p.Score,>,6,p.Score,<,44,p.CommentCount,>,7,p.CommentCount,<,16,u.DownVotes,>,605,u.DownVotes,<,1336,v.CreationDate,>,1276207015,v.CreationDate,<,1394193838,v.VoteTypeId,>,5,v.VoteTypeId,<,11,b.Date,>,1320373322,b.Date,<,1344875425#194
votes v,posts p,badges b,users u#p.Id=v.PostId,u.Id=p.OwnerUserId,u.Id=b.UserId#p.Score,>,-9,p.Score,<,12,p.CommentCount,>,4,p.CommentCount,<,23,u.DownVotes,>,105,u.DownVotes,<,1697,v.CreationDate,>,1311161474,v.CreationDate,<,1405183762,v.VoteTypeId,>,5,v.VoteTypeId,<,13,b.Date,>,1351373892,b.Date,<,1403709491#2207
votes v,posts p,badges b,users u#p.Id=v.PostId,u.Id=p.OwnerUserId,u.Id=b.UserId#p.Score,>,24,p.Score,<,108,p.CommentCount,>,18,p.CommentCount,<,37,u.DownVotes,>,97,u.DownVotes,<,1488,v.CreationDate,>,1265449822,v.CreationDate,<,1331589673,v.VoteTypeId,>,3,v.VoteTypeId,<,12,b.Date,>,1303141957,b.Date,<,1375246784#83
votes v,posts p,badges b,users u#p.Id=v.PostId,u.Id=p.OwnerUserId,u.Id=b.UserId#p.Score,>,41,p.Score,<,71,p.CommentCount,>,0,p.CommentCount,<,10,u.DownVotes,>,566,u.DownVotes,<,1316,v.CreationDate,>,1247459389,v.CreationDate,<,1354620328,v.VoteTypeId,>,2,v.VoteTypeId,<,14,b.Date,>,1304432301,b.Date,<,1325803688#512
votes v,posts p,badges b,users u#p.Id=v.PostId,u.Id=p.OwnerUserId,u.Id=b.UserId#p.Score,>,-4,p.Score,<,181,p.CommentCount,>,17,p.CommentCount,<,36,u.DownVotes,>,115,u.DownVotes,<,910,v.CreationDate,>,1271937170,v.CreationDate,<,1387434551,v.VoteTypeId,>,2,v.VoteTypeId,<,7,b.Date,>,1300019263,b.Date,<,1348010737#112
votes v,posts p,badges b,users u#p.Id=v.PostId,u.Id=p.OwnerUserId,u.Id=b.UserId#p.Score,>,2,p.Score,<,108,p.CommentCount,>,7,p.CommentCount,<,15,u.DownVotes,>,35,u.DownVotes,<,1270,v.CreationDate,>,1287532611,v.CreationDate,<,1302529332,v.VoteTypeId,>,3,v.VoteTypeId,<,10,b.Date,>,1288177316,b.Date,<,1357122427#678
votes v,posts p,badges b,users u#p.Id=v.PostId,u.Id=p.OwnerUserId,u.Id=b.UserId#p.Score,>,18,p.Score,<,30,p.CommentCount,>,0,p.CommentCount,<,16,u.DownVotes,>,277,u.DownVotes,<,1720,v.CreationDate,>,1397892553,v.CreationDate,<,1405103999,v.VoteTypeId,>,8,v.VoteTypeId,<,13,b.Date,>,1315968728,b.Date,<,1405925102#347
votes v,posts p,badges b,users u#p.Id=v.PostId,u.Id=p.OwnerUserId,u.Id=b.UserId#p.Score,>,-17,p.Score,<,89,p.CommentCount,>,1,p.CommentCount,<,44,u.DownVotes,>,181,u.DownVotes,<,1796,v.CreationDate,>,1316321523,v.CreationDate,<,1335559566,v.VoteTypeId,>,10,v.VoteTypeId,<,13,b.Date,>,1340473937,b.Date,<,1376879191#230
votes v,posts p,badges b,users u#p.Id=v.PostId,u.Id=p.OwnerUserId,u.Id=b.UserId#p.Score,>,78,p.Score,<,162,p.CommentCount,>,3,p.CommentCount,<,16,u.DownVotes,>,405,u.DownVotes,<,1841,v.CreationDate,>,1237190729,v.CreationDate,<,1390104670,v.VoteTypeId,>,1,v.VoteTypeId,<,15,b.Date,>,1302585529,b.Date,<,1380308840#53196
votes v,posts p,badges b,users u#p.Id=v.PostId,u.Id=p.OwnerUserId,u.Id=b.UserId#p.Score,>,2,p.Score,<,93,p.CommentCount,>,2,p.CommentCount,<,34,u.DownVotes,>,31,u.DownVotes,<,898,v.CreationDate,>,1239123865,v.CreationDate,<,1330446429,v.VoteTypeId,>,6,v.VoteTypeId,<,13,b.Date,>,1288954796,b.Date,<,1396390408#6438
votes v,posts p,badges b,users u#p.Id=v.PostId,u.Id=p.OwnerUserId,u.Id=b.UserId#p.Score,>,17,p.Score,<,93,p.CommentCount,>,4,p.CommentCount,<,32,u.DownVotes,>,227,u.DownVotes,<,1100,v.CreationDate,>,1291987365,v.CreationDate,<,1405029500,v.VoteTypeId,>,5,v.VoteTypeId,<,14,b.Date,>,1397297705,b.Date,<,1409554957#66
votes v,posts p,badges b,users u#p.Id=v.PostId,u.Id=p.OwnerUserId,u.Id=b.UserId#p.Score,>,59,p.Score,<,189,p.CommentCount,>,8,p.CommentCount,<,32,u.DownVotes,>,108,u.DownVotes,<,1262,v.CreationDate,>,1287928824,v.CreationDate,<,1374715706,v.VoteTypeId,>,1,v.VoteTypeId,<,3,b.Date,>,1364432092,b.Date,<,1375245215#12462
votes v,posts p,badges b,users u#p.Id=v.PostId,u.Id=p.OwnerUserId,u.Id=b.UserId#p.Score,>,-3,p.Score,<,133,p.CommentCount,>,7,p.CommentCount,<,43,u.DownVotes,>,558,u.DownVotes,<,1660,v.CreationDate,>,1299566783,v.CreationDate,<,1332055993,v.VoteTypeId,>,3,v.VoteTypeId,<,11,b.Date,>,1294396432,b.Date,<,1330195404#184
votes v,posts p,badges b,users u#p.Id=v.PostId,u.Id=p.OwnerUserId,u.Id=b.UserId#p.Score,>,22,p.Score,<,40,p.CommentCount,>,7,p.CommentCount,<,35,u.DownVotes,>,389,u.DownVotes,<,614,v.CreationDate,>,1316833924,v.CreationDate,<,1391800689,v.VoteTypeId,>,1,v.VoteTypeId,<,5,b.Date,>,1281690667,b.Date,<,1375327238#3335
votes v,posts p,badges b,users u#p.Id=v.PostId,u.Id=p.OwnerUserId,u.Id=b.UserId#p.Score,>,-16,p.Score,<,76,p.CommentCount,>,18,p.CommentCount,<,44,u.DownVotes,>,655,u.DownVotes,<,1732,v.CreationDate,>,1244436644,v.CreationDate,<,1358034520,v.VoteTypeId,>,2,v.VoteTypeId,<,14,b.Date,>,1285285101,b.Date,<,1358762959#244
votes v,posts p,badges b,users u#p.Id=v.PostId,u.Id=p.OwnerUserId,u.Id=b.UserId#p.Score,>,87,p.Score,<,152,p.CommentCount,>,6,p.CommentCount,<,28,u.DownVotes,>,273,u.DownVotes,<,1864,v.CreationDate,>,1283311136,v.CreationDate,<,1374524966,v.VoteTypeId,>,1,v.VoteTypeId,<,8,b.Date,>,1354030777,b.Date,<,1408335817#16281
votes v,posts p,badges b,users u#p.Id=v.PostId,u.Id=p.OwnerUserId,u.Id=b.UserId#p.Score,>,45,p.Score,<,189,p.CommentCount,>,2,p.CommentCount,<,20,u.DownVotes,>,630,u.DownVotes,<,1481,v.CreationDate,>,1357721201,v.CreationDate,<,1410500322,v.VoteTypeId,>,2,v.VoteTypeId,<,10,b.Date,>,1338918133,b.Date,<,1387886778#2277
votes v,posts p,badges b,users u#p.Id=v.PostId,u.Id=p.OwnerUserId,u.Id=b.UserId#p.Score,>,-4,p.Score,<,100,p.CommentCount,>,3,p.CommentCount,<,23,u.DownVotes,>,193,u.DownVotes,<,795,v.CreationDate,>,1329750345,v.CreationDate,<,1360974835,v.VoteTypeId,>,6,v.VoteTypeId,<,12,b.Date,>,1281968596,b.Date,<,1367388721#1550
votes v,posts p,badges b,users u#p.Id=v.PostId,u.Id=p.OwnerUserId,u.Id=b.UserId#p.Score,>,31,p.Score,<,87,p.CommentCount,>,1,p.CommentCount,<,44,u.DownVotes,>,29,u.DownVotes,<,988,v.CreationDate,>,1335338544,v.CreationDate,<,1365676533,v.VoteTypeId,>,3,v.VoteTypeId,<,8,b.Date,>,1342255498,b.Date,<,1368868207#5071
votes v,posts p,badges b,users u#p.Id=v.PostId,u.Id=p.OwnerUserId,u.Id=b.UserId#p.Score,>,79,p.Score,<,155,p.CommentCount,>,4,p.CommentCount,<,28,u.DownVotes,>,241,u.DownVotes,<,1665,v.CreationDate,>,1254579554,v.CreationDate,<,1394539228,v.VoteTypeId,>,1,v.VoteTypeId,<,5,b.Date,>,1393970290,b.Date,<,1399867957#5346
votes v,posts p,badges b,users u#p.Id=v.PostId,u.Id=p.OwnerUserId,u.Id=b.UserId#p.Score,>,0,p.Score,<,147,p.CommentCount,>,6,p.CommentCount,<,29,u.DownVotes,>,389,u.DownVotes,<,1556,v.CreationDate,>,1265491715,v.CreationDate,<,1380504079,v.VoteTypeId,>,4,v.VoteTypeId,<,9,b.Date,>,1283010275,b.Date,<,1397724753#5797
votes v,posts p,badges b,users u#p.Id=v.PostId,u.Id=p.OwnerUserId,u.Id=b.UserId#p.Score,>,-6,p.Score,<,165,p.CommentCount,>,0,p.CommentCount,<,32,u.DownVotes,>,762,u.DownVotes,<,836,v.CreationDate,>,1243825270,v.CreationDate,<,1321035219,v.VoteTypeId,>,1,v.VoteTypeId,<,13,b.Date,>,1319202248,b.Date,<,1330494989#57540
votes v,posts p,badges b,users u#p.Id=v.PostId,u.Id=p.OwnerUserId,u.Id=b.UserId#p.Score,>,6,p.Score,<,181,p.CommentCount,>,0,p.CommentCount,<,21,u.DownVotes,>,337,u.DownVotes,<,1429,v.CreationDate,>,1395795268,v.CreationDate,<,1405101677,v.VoteTypeId,>,4,v.VoteTypeId,<,15,b.Date,>,1299862296,b.Date,<,1395000606#1873
votes v,posts p,badges b,users u#p.Id=v.PostId,u.Id=p.OwnerUserId,u.Id=b.UserId#p.Score,>,-14,p.Score,<,111,p.CommentCount,>,4,p.CommentCount,<,36,u.DownVotes,>,407,u.DownVotes,<,1539,v.CreationDate,>,1291187446,v.CreationDate,<,1298127224,v.VoteTypeId,>,7,v.VoteTypeId,<,11,b.Date,>,1305391446,b.Date,<,1359129681#390
votes v,posts p,badges b,users u#p.Id=v.PostId,u.Id=p.OwnerUserId,u.Id=b.UserId#p.Score,>,12,p.Score,<,156,p.CommentCount,>,8,p.CommentCount,<,42,u.DownVotes,>,346,u.DownVotes,<,617,v.CreationDate,>,1264204393,v.CreationDate,<,1381590954,v.VoteTypeId,>,1,v.VoteTypeId,<,14,b.Date,>,1308204360,b.Date,<,1402507796#20708
votes v,posts p,badges b,users u#p.Id=v.PostId,u.Id=p.OwnerUserId,u.Id=b.UserId#p.Score,>,-13,p.Score,<,28,p.CommentCount,>,3,p.CommentCount,<,40,u.DownVotes,>,311,u.DownVotes,<,966,v.CreationDate,>,1304529532,v.CreationDate,<,1346142675,v.VoteTypeId,>,1,v.VoteTypeId,<,5,b.Date,>,1303384371,b.Date,<,1341557085#155862
votes v,posts p,badges b,users u#p.Id=v.PostId,u.Id=p.OwnerUserId,u.Id=b.UserId#p.Score,>,74,p.Score,<,178,p.CommentCount,>,5,p.CommentCount,<,32,u.DownVotes,>,499,u.DownVotes,<,1662,v.CreationDate,>,1242746113,v.CreationDate,<,1318605371,v.VoteTypeId,>,1,v.VoteTypeId,<,7,b.Date,>,1306674403,b.Date,<,1341892335#2709
votes v,posts p,badges b,users u#p.Id=v.PostId,u.Id=p.OwnerUserId,u.Id=b.UserId#p.Score,>,-2,p.Score,<,46,p.CommentCount,>,11,p.CommentCount,<,26,u.DownVotes,>,221,u.DownVotes,<,772,v.CreationDate,>,1275979150,v.CreationDate,<,1337955368,v.VoteTypeId,>,3,v.VoteTypeId,<,14,b.Date,>,1316436519,b.Date,<,1363336886#120
votes v,posts p,badges b,users u#p.Id=v.PostId,u.Id=p.OwnerUserId,u.Id=b.UserId#p.Score,>,7,p.Score,<,171,p.CommentCount,>,18,p.CommentCount,<,29,u.DownVotes,>,703,u.DownVotes,<,1590,v.CreationDate,>,1295824286,v.CreationDate,<,1359371351,v.VoteTypeId,>,1,v.VoteTypeId,<,5,b.Date,>,1370371628,b.Date,<,1400311148#2856
votes v,posts p,badges b,users u#p.Id=v.PostId,u.Id=p.OwnerUserId,u.Id=b.UserId#p.Score,>,-8,p.Score,<,46,p.CommentCount,>,4,p.CommentCount,<,19,u.DownVotes,>,166,u.DownVotes,<,909,v.CreationDate,>,1296071295,v.CreationDate,<,1326948358,v.VoteTypeId,>,4,v.VoteTypeId,<,15,b.Date,>,1291343788,b.Date,<,1314176220#385
votes v,posts p,badges b,users u#p.Id=v.PostId,u.Id=p.OwnerUserId,u.Id=b.UserId#p.Score,>,13,p.Score,<,121,p.CommentCount,>,6,p.CommentCount,<,27,u.DownVotes,>,201,u.DownVotes,<,1374,v.CreationDate,>,1289278095,v.CreationDate,<,1381286267,v.VoteTypeId,>,9,v.VoteTypeId,<,15,b.Date,>,1372396129,b.Date,<,1390159645#13
votes v,posts p,badges b,users u#p.Id=v.PostId,u.Id=p.OwnerUserId,u.Id=b.UserId#p.Score,>,-6,p.Score,<,163,p.CommentCount,>,3,p.CommentCount,<,33,u.DownVotes,>,452,u.DownVotes,<,1803,v.CreationDate,>,1289757812,v.CreationDate,<,1343276158,v.VoteTypeId,>,9,v.VoteTypeId,<,14,b.Date,>,1330532674,b.Date,<,1409108684#324
votes v,posts p,badges b,users u#p.Id=v.PostId,u.Id=p.OwnerUserId,u.Id=b.UserId#p.Score,>,-4,p.Score,<,34,p.CommentCount,>,12,p.CommentCount,<,42,u.DownVotes,>,53,u.DownVotes,<,1671,v.CreationDate,>,1307610776,v.CreationDate,<,1328142234,v.VoteTypeId,>,8,v.VoteTypeId,<,11,b.Date,>,1357798247,b.Date,<,1388968124#108
votes v,posts p,badges b,users u#p.Id=v.PostId,u.Id=p.OwnerUserId,u.Id=b.UserId#p.Score,>,41,p.Score,<,139,p.CommentCount,>,3,p.CommentCount,<,26,u.DownVotes,>,170,u.DownVotes,<,1391,v.CreationDate,>,1271255039,v.CreationDate,<,1402717812,v.VoteTypeId,>,1,v.VoteTypeId,<,5,b.Date,>,1290437171,b.Date,<,1380415781#245898
votes v,posts p,badges b,users u#p.Id=v.PostId,u.Id=p.OwnerUserId,u.Id=b.UserId#p.Score,>,-1,p.Score,<,98,p.CommentCount,>,7,p.CommentCount,<,15,u.DownVotes,>,142,u.DownVotes,<,569,v.CreationDate,>,1270315995,v.CreationDate,<,1397667007,v.VoteTypeId,>,4,v.VoteTypeId,<,6,b.Date,>,1297950265,b.Date,<,1377827931#1854
votes v,posts p,badges b,users u#p.Id=v.PostId,u.Id=p.OwnerUserId,u.Id=b.UserId#p.Score,>,22,p.Score,<,31,p.CommentCount,>,7,p.CommentCount,<,42,u.DownVotes,>,428,u.DownVotes,<,1449,v.CreationDate,>,1248579909,v.CreationDate,<,1403089576,v.VoteTypeId,>,2,v.VoteTypeId,<,12,b.Date,>,1309114871,b.Date,<,1330379688#57
votes v,posts p,badges b,users u#p.Id=v.PostId,u.Id=p.OwnerUserId,u.Id=b.UserId#p.Score,>,11,p.Score,<,37,p.CommentCount,>,1,p.CommentCount,<,38,u.DownVotes,>,96,u.DownVotes,<,873,v.CreationDate,>,1246817194,v.CreationDate,<,1327105567,v.VoteTypeId,>,6,v.VoteTypeId,<,13,b.Date,>,1312247338,b.Date,<,1365832363#1299
votes v,posts p,badges b,users u#p.Id=v.PostId,u.Id=p.OwnerUserId,u.Id=b.UserId#p.Score,>,-3,p.Score,<,92,p.CommentCount,>,2,p.CommentCount,<,9,u.DownVotes,>,177,u.DownVotes,<,810,v.CreationDate,>,1324380003,v.CreationDate,<,1338245506,v.VoteTypeId,>,3,v.VoteTypeId,<,13,b.Date,>,1370605113,b.Date,<,1377742715#95
votes v,posts p,badges b,users u#p.Id=v.PostId,u.Id=p.OwnerUserId,u.Id=b.UserId#p.Score,>,35,p.Score,<,95,p.CommentCount,>,6,p.CommentCount,<,10,u.DownVotes,>,80,u.DownVotes,<,240,v.CreationDate,>,1267154330,v.CreationDate,<,1380611059,v.VoteTypeId,>,1,v.VoteTypeId,<,10,b.Date,>,1341487196,b.Date,<,1381173381#2142
votes v,posts p,badges b,users u#p.Id=v.PostId,u.Id=p.OwnerUserId,u.Id=b.UserId#p.Score,>,109,p.Score,<,147,p.CommentCount,>,7,p.CommentCount,<,41,u.DownVotes,>,311,u.DownVotes,<,1100,v.CreationDate,>,1277868190,v.CreationDate,<,1402836384,v.VoteTypeId,>,1,v.VoteTypeId,<,4,b.Date,>,1281484108,b.Date,<,1371523513#35746
votes v,posts p,badges b,users u#p.Id=v.PostId,u.Id=p.OwnerUserId,u.Id=b.UserId#p.Score,>,-5,p.Score,<,34,p.CommentCount,>,11,p.CommentCount,<,18,u.DownVotes,>,3,u.DownVotes,<,818,v.CreationDate,>,1328252809,v.CreationDate,<,1370256910,v.VoteTypeId,>,4,v.VoteTypeId,<,7,b.Date,>,1351475545,b.Date,<,1374325366#319
votes v,posts p,badges b,users u#p.Id=v.PostId,u.Id=p.OwnerUserId,u.Id=b.UserId#p.Score,>,-1,p.Score,<,115,p.CommentCount,>,5,p.CommentCount,<,19,u.DownVotes,>,437,u.DownVotes,<,1383,v.CreationDate,>,1288196751,v.CreationDate,<,1304347319,v.VoteTypeId,>,6,v.VoteTypeId,<,11,b.Date,>,1367233477,b.Date,<,1378324610#98
votes v,posts p,badges b,users u#p.Id=v.PostId,u.Id=p.OwnerUserId,u.Id=b.UserId#p.Score,>,-4,p.Score,<,105,p.CommentCount,>,3,p.CommentCount,<,36,u.DownVotes,>,124,u.DownVotes,<,176,v.CreationDate,>,1294431942,v.CreationDate,<,1396586218,v.VoteTypeId,>,3,v.VoteTypeId,<,13,b.Date,>,1318752894,b.Date,<,1401884049#5586
votes v,posts p,badges b,users u#p.Id=v.PostId,u.Id=p.OwnerUserId,u.Id=b.UserId#p.Score,>,44,p.Score,<,117,p.CommentCount,>,28,p.CommentCount,<,39,u.DownVotes,>,82,u.DownVotes,<,474,v.CreationDate,>,1382372544,v.CreationDate,<,1401867494,v.VoteTypeId,>,1,v.VoteTypeId,<,5,b.Date,>,1392404328,b.Date,<,1403509574#312
votes v,posts p,badges b,users u#p.Id=v.PostId,u.Id=p.OwnerUserId,u.Id=b.UserId#p.Score,>,8,p.Score,<,106,p.CommentCount,>,11,p.CommentCount,<,15,u.DownVotes,>,742,u.DownVotes,<,1186,v.CreationDate,>,1293590866,v.CreationDate,<,1321704286,v.VoteTypeId,>,1,v.VoteTypeId,<,6,b.Date,>,1290162137,b.Date,<,1356695797#3616
votes v,posts p,badges b,users u#p.Id=v.PostId,u.Id=p.OwnerUserId,u.Id=b.UserId#p.Score,>,10,p.Score,<,109,p.CommentCount,>,11,p.CommentCount,<,23,u.DownVotes,>,457,u.DownVotes,<,1574,v.CreationDate,>,1317541886,v.CreationDate,<,1359231188,v.VoteTypeId,>,1,v.VoteTypeId,<,3,b.Date,>,1281028165,b.Date,<,1329243939#9176
votes v,posts p,badges b,users u#p.Id=v.PostId,u.Id=p.OwnerUserId,u.Id=b.UserId#p.Score,>,20,p.Score,<,147,p.CommentCount,>,4,p.CommentCount,<,29,u.DownVotes,>,3,u.DownVotes,<,1281,v.CreationDate,>,1298820125,v.CreationDate,<,1408400759,v.VoteTypeId,>,7,v.VoteTypeId,<,9,b.Date,>,1282344475,b.Date,<,1303481737#28
votes v,posts p,badges b,users u#p.Id=v.PostId,u.Id=p.OwnerUserId,u.Id=b.UserId#p.Score,>,24,p.Score,<,188,p.CommentCount,>,0,p.CommentCount,<,27,u.DownVotes,>,90,u.DownVotes,<,1531,v.CreationDate,>,1252510455,v.CreationDate,<,1373414812,v.VoteTypeId,>,4,v.VoteTypeId,<,9,b.Date,>,1318812298,b.Date,<,1374062837#6553
votes v,posts p,badges b,users u#p.Id=v.PostId,u.Id=p.OwnerUserId,u.Id=b.UserId#p.Score,>,-4,p.Score,<,151,p.CommentCount,>,17,p.CommentCount,<,42,u.DownVotes,>,767,u.DownVotes,<,1600,v.CreationDate,>,1257545700,v.CreationDate,<,1399597245,v.VoteTypeId,>,3,v.VoteTypeId,<,14,b.Date,>,1280675156,b.Date,<,1336442898#142
votes v,posts p,badges b,users u#p.Id=v.PostId,u.Id=p.OwnerUserId,u.Id=b.UserId#p.Score,>,-14,p.Score,<,158,p.CommentCount,>,1,p.CommentCount,<,37,u.DownVotes,>,537,u.DownVotes,<,1714,v.CreationDate,>,1279436884,v.CreationDate,<,1294154551,v.VoteTypeId,>,1,v.VoteTypeId,<,13,b.Date,>,1361540062,b.Date,<,1388983460#48672
votes v,posts p,badges b,users u#p.Id=v.PostId,u.Id=p.OwnerUserId,u.Id=b.UserId#p.Score,>,60,p.Score,<,178,p.CommentCount,>,7,p.CommentCount,<,16,u.DownVotes,>,41,u.DownVotes,<,553,v.CreationDate,>,1336446185,v.CreationDate,<,1390319764,v.VoteTypeId,>,7,v.VoteTypeId,<,10,b.Date,>,1321632245,b.Date,<,1364475425#115
votes v,posts p,badges b,users u#p.Id=v.PostId,u.Id=p.OwnerUserId,u.Id=b.UserId#p.Score,>,62,p.Score,<,96,p.CommentCount,>,2,p.CommentCount,<,17,u.DownVotes,>,480,u.DownVotes,<,1216,v.CreationDate,>,1233860625,v.CreationDate,<,1393572564,v.VoteTypeId,>,2,v.VoteTypeId,<,15,b.Date,>,1346364966,b.Date,<,1401499521#434
votes v,posts p,badges b,users u#p.Id=v.PostId,u.Id=p.OwnerUserId,u.Id=b.UserId#p.Score,>,-7,p.Score,<,6,p.CommentCount,>,4,p.CommentCount,<,28,u.DownVotes,>,311,u.DownVotes,<,607,v.CreationDate,>,1274152733,v.CreationDate,<,1323785827,v.VoteTypeId,>,1,v.VoteTypeId,<,8,b.Date,>,1349222173,b.Date,<,1402303097#1578
votes v,posts p,badges b,users u#p.Id=v.PostId,u.Id=p.OwnerUserId,u.Id=b.UserId#p.Score,>,16,p.Score,<,61,p.CommentCount,>,10,p.CommentCount,<,25,u.DownVotes,>,52,u.DownVotes,<,1199,v.CreationDate,>,1265556253,v.CreationDate,<,1359066165,v.VoteTypeId,>,7,v.VoteTypeId,<,11,b.Date,>,1350285252,b.Date,<,1410217481#56
votes v,posts p,badges b,users u#p.Id=v.PostId,u.Id=p.OwnerUserId,u.Id=b.UserId#p.Score,>,69,p.Score,<,191,p.CommentCount,>,3,p.CommentCount,<,36,u.DownVotes,>,36,u.DownVotes,<,1484,v.CreationDate,>,1276830353,v.CreationDate,<,1393444440,v.VoteTypeId,>,3,v.VoteTypeId,<,13,b.Date,>,1313009150,b.Date,<,1343247060#56
votes v,posts p,badges b,users u#p.Id=v.PostId,u.Id=p.OwnerUserId,u.Id=b.UserId#p.Score,>,34,p.Score,<,36,p.CommentCount,>,4,p.CommentCount,<,11,u.DownVotes,>,63,u.DownVotes,<,690,v.CreationDate,>,1318015363,v.CreationDate,<,1369841345,v.VoteTypeId,>,1,v.VoteTypeId,<,3,b.Date,>,1279861230,b.Date,<,1383646776#4267
votes v,posts p,badges b,users u#p.Id=v.PostId,u.Id=p.OwnerUserId,u.Id=b.UserId#p.Score,>,-3,p.Score,<,100,p.CommentCount,>,18,p.CommentCount,<,39,u.DownVotes,>,3,u.DownVotes,<,75,v.CreationDate,>,1349421971,v.CreationDate,<,1406034059,v.VoteTypeId,>,1,v.VoteTypeId,<,14,b.Date,>,1371274130,b.Date,<,1380992319#648
votes v,posts p,badges b,users u#p.Id=v.PostId,u.Id=p.OwnerUserId,u.Id=b.UserId#p.Score,>,-10,p.Score,<,30,p.CommentCount,>,12,p.CommentCount,<,42,u.DownVotes,>,147,u.DownVotes,<,1856,v.CreationDate,>,1291142090,v.CreationDate,<,1404719327,v.VoteTypeId,>,8,v.VoteTypeId,<,10,b.Date,>,1307303603,b.Date,<,1388431199#298
votes v,posts p,badges b,users u#p.Id=v.PostId,u.Id=p.OwnerUserId,u.Id=b.UserId#p.Score,>,1,p.Score,<,90,p.CommentCount,>,17,p.CommentCount,<,21,u.DownVotes,>,632,u.DownVotes,<,1519,v.CreationDate,>,1248311160,v.CreationDate,<,1382241709,v.VoteTypeId,>,1,v.VoteTypeId,<,14,b.Date,>,1312207141,b.Date,<,1343486359#3978
votes v,posts p,badges b,users u#p.Id=v.PostId,u.Id=p.OwnerUserId,u.Id=b.UserId#p.Score,>,-18,p.Score,<,24,p.CommentCount,>,6,p.CommentCount,<,36,u.DownVotes,>,741,u.DownVotes,<,1053,v.CreationDate,>,1263765519,v.CreationDate,<,1374523292,v.VoteTypeId,>,1,v.VoteTypeId,<,8,b.Date,>,1295855287,b.Date,<,1389014969#231196
votes v,posts p,badges b,users u#p.Id=v.PostId,u.Id=p.OwnerUserId,u.Id=b.UserId#p.Score,>,-15,p.Score,<,20,p.CommentCount,>,18,p.CommentCount,<,26,u.DownVotes,>,516,u.DownVotes,<,1909,v.CreationDate,>,1246209529,v.CreationDate,<,1334948743,v.VoteTypeId,>,2,v.VoteTypeId,<,13,b.Date,>,1300679008,b.Date,<,1363401035#220
votes v,posts p,badges b,users u#p.Id=v.PostId,u.Id=p.OwnerUserId,u.Id=b.UserId#p.Score,>,-13,p.Score,<,20,p.CommentCount,>,3,p.CommentCount,<,24,u.DownVotes,>,1,u.DownVotes,<,804,v.CreationDate,>,1249450865,v.CreationDate,<,1387845623,v.VoteTypeId,>,9,v.VoteTypeId,<,12,b.Date,>,1331448137,b.Date,<,1404207392#2113
votes v,posts p,badges b,users u#p.Id=v.PostId,u.Id=p.OwnerUserId,u.Id=b.UserId#p.Score,>,25,p.Score,<,48,p.CommentCount,>,1,p.CommentCount,<,10,u.DownVotes,>,5,u.DownVotes,<,1853,v.CreationDate,>,1349612835,v.CreationDate,<,1402254036,v.VoteTypeId,>,1,v.VoteTypeId,<,11,b.Date,>,1296746191,b.Date,<,1316504721#29762
votes v,posts p,badges b,users u#p.Id=v.PostId,u.Id=p.OwnerUserId,u.Id=b.UserId#p.Score,>,11,p.Score,<,30,p.CommentCount,>,17,p.CommentCount,<,23,u.DownVotes,>,300,u.DownVotes,<,793,v.CreationDate,>,1294587484,v.CreationDate,<,1333164722,v.VoteTypeId,>,1,v.VoteTypeId,<,3,b.Date,>,1335064290,b.Date,<,1376260935#2685
votes v,posts p,badges b,users u#p.Id=v.PostId,u.Id=p.OwnerUserId,u.Id=b.UserId#p.Score,>,88,p.Score,<,159,p.CommentCount,>,2,p.CommentCount,<,31,u.DownVotes,>,491,u.DownVotes,<,1677,v.CreationDate,>,1344559837,v.CreationDate,<,1401515877,v.VoteTypeId,>,1,v.VoteTypeId,<,6,b.Date,>,1374424549,b.Date,<,1401199912#7797
votes v,posts p,badges b,users u#p.Id=v.PostId,u.Id=p.OwnerUserId,u.Id=b.UserId#p.Score,>,-14,p.Score,<,96,p.CommentCount,>,5,p.CommentCount,<,14,u.DownVotes,>,44,u.DownVotes,<,1100,v.CreationDate,>,1378234148,v.CreationDate,<,1406204897,v.VoteTypeId,>,8,v.VoteTypeId,<,14,b.Date,>,1361022493,b.Date,<,1369645380#172
votes v,posts p,badges b,users u#p.Id=v.PostId,u.Id=p.OwnerUserId,u.Id=b.UserId#p.Score,>,1,p.Score,<,174,p.CommentCount,>,0,p.CommentCount,<,16,u.DownVotes,>,80,u.DownVotes,<,640,v.CreationDate,>,1310130693,v.CreationDate,<,1328050597,v.VoteTypeId,>,6,v.VoteTypeId,<,13,b.Date,>,1294495086,b.Date,<,1298397033#39
votes v,posts p,badges b,users u#p.Id=v.PostId,u.Id=p.OwnerUserId,u.Id=b.UserId#p.Score,>,23,p.Score,<,75,p.CommentCount,>,8,p.CommentCount,<,20,u.DownVotes,>,114,u.DownVotes,<,1229,v.CreationDate,>,1322072063,v.CreationDate,<,1378920479,v.VoteTypeId,>,1,v.VoteTypeId,<,7,b.Date,>,1285518758,b.Date,<,1351661961#58873
votes v,posts p,badges b,users u#p.Id=v.PostId,u.Id=p.OwnerUserId,u.Id=b.UserId#p.Score,>,1,p.Score,<,189,p.CommentCount,>,8,p.CommentCount,<,16,u.DownVotes,>,644,u.DownVotes,<,1279,v.CreationDate,>,1250063824,v.CreationDate,<,1349885264,v.VoteTypeId,>,6,v.VoteTypeId,<,13,b.Date,>,1333324622,b.Date,<,1338133926#17
votes v,posts p,badges b,users u#p.Id=v.PostId,u.Id=p.OwnerUserId,u.Id=b.UserId#p.Score,>,33,p.Score,<,147,p.CommentCount,>,3,p.CommentCount,<,9,u.DownVotes,>,466,u.DownVotes,<,1682,v.CreationDate,>,1328683725,v.CreationDate,<,1391930895,v.VoteTypeId,>,3,v.VoteTypeId,<,11,b.Date,>,1294444154,b.Date,<,1370157295#3750
votes v,posts p,badges b,users u#p.Id=v.PostId,u.Id=p.OwnerUserId,u.Id=b.UserId#p.Score,>,9,p.Score,<,31,p.CommentCount,>,11,p.CommentCount,<,25,u.DownVotes,>,543,u.DownVotes,<,1681,v.CreationDate,>,1345754737,v.CreationDate,<,1373130465,v.VoteTypeId,>,1,v.VoteTypeId,<,11,b.Date,>,1293988094,b.Date,<,1313463158#1620
votes v,posts p,badges b,users u#p.Id=v.PostId,u.Id=p.OwnerUserId,u.Id=b.UserId#p.Score,>,2,p.Score,<,180,p.CommentCount,>,14,p.CommentCount,<,39,u.DownVotes,>,80,u.DownVotes,<,1316,v.CreationDate,>,1346047267,v.CreationDate,<,1378388127,v.VoteTypeId,>,1,v.VoteTypeId,<,12,b.Date,>,1364817857,b.Date,<,1400979811#18847
votes v,posts p,badges b,users u#p.Id=v.PostId,u.Id=p.OwnerUserId,u.Id=b.UserId#p.Score,>,-12,p.Score,<,30,p.CommentCount,>,1,p.CommentCount,<,39,u.DownVotes,>,153,u.DownVotes,<,1178,v.CreationDate,>,1302786657,v.CreationDate,<,1376022121,v.VoteTypeId,>,3,v.VoteTypeId,<,8,b.Date,>,1342215198,b.Date,<,1395830107#3741
votes v,posts p,badges b,users u#p.Id=v.PostId,u.Id=p.OwnerUserId,u.Id=b.UserId#p.Score,>,50,p.Score,<,114,p.CommentCount,>,6,p.CommentCount,<,16,u.DownVotes,>,624,u.DownVotes,<,1546,v.CreationDate,>,1268675742,v.CreationDate,<,1392908749,v.VoteTypeId,>,2,v.VoteTypeId,<,5,b.Date,>,1299882078,b.Date,<,1357569544#597
votes v,posts p,badges b,users u#p.Id=v.PostId,u.Id=p.OwnerUserId,u.Id=b.UserId#p.Score,>,-15,p.Score,<,57,p.CommentCount,>,0,p.CommentCount,<,34,u.DownVotes,>,215,u.DownVotes,<,755,v.CreationDate,>,1265727985,v.CreationDate,<,1324781806,v.VoteTypeId,>,1,v.VoteTypeId,<,13,b.Date,>,1306546113,b.Date,<,1372435605#28465
votes v,posts p,badges b,users u#p.Id=v.PostId,u.Id=p.OwnerUserId,u.Id=b.UserId#p.Score,>,4,p.Score,<,160,p.CommentCount,>,11,p.CommentCount,<,33,u.DownVotes,>,92,u.DownVotes,<,388,v.CreationDate,>,1389456127,v.CreationDate,<,1393342062,v.VoteTypeId,>,1,v.VoteTypeId,<,3,b.Date,>,1377108914,b.Date,<,1385547737#1169
votes v,posts p,badges b,users u#p.Id=v.PostId,u.Id=p.OwnerUserId,u.Id=b.UserId#p.Score,>,-7,p.Score,<,191,p.CommentCount,>,15,p.CommentCount,<,33,u.DownVotes,>,331,u.DownVotes,<,810,v.CreationDate,>,1266863918,v.CreationDate,<,1336188771,v.VoteTypeId,>,8,v.VoteTypeId,<,12,b.Date,>,1344785791,b.Date,<,1378146609#129
votes v,posts p,badges b,users u#p.Id=v.PostId,u.Id=p.OwnerUserId,u.Id=b.UserId#p.Score,>,-17,p.Score,<,65,p.CommentCount,>,0,p.CommentCount,<,3,u.DownVotes,>,327,u.DownVotes,<,1198,v.CreationDate,>,1277167683,v.CreationDate,<,1374509579,v.VoteTypeId,>,2,v.VoteTypeId,<,5,b.Date,>,1319466749,b.Date,<,1324084742#16
votes v,posts p,badges b,users u#p.Id=v.PostId,u.Id=p.OwnerUserId,u.Id=b.UserId#p.Score,>,52,p.Score,<,190,p.CommentCount,>,1,p.CommentCount,<,20,u.DownVotes,>,19,u.DownVotes,<,1868,v.CreationDate,>,1245357206,v.CreationDate,<,1383628472,v.VoteTypeId,>,4,v.VoteTypeId,<,7,b.Date,>,1313649216,b.Date,<,1410293382#10383
votes v,posts p,badges b,users u#p.Id=v.PostId,u.Id=p.OwnerUserId,u.Id=b.UserId#p.Score,>,80,p.Score,<,162,p.CommentCount,>,7,p.CommentCount,<,33,u.DownVotes,>,13,u.DownVotes,<,1397,v.CreationDate,>,1372897380,v.CreationDate,<,1387547524,v.VoteTypeId,>,2,v.VoteTypeId,<,8,b.Date,>,1295824553,b.Date,<,1336386876#104
votes v,posts p,badges b,users u#p.Id=v.PostId,u.Id=p.OwnerUserId,u.Id=b.UserId#p.Score,>,-13,p.Score,<,187,p.CommentCount,>,2,p.CommentCount,<,37,u.DownVotes,>,262,u.DownVotes,<,1016,v.CreationDate,>,1311752776,v.CreationDate,<,1342940140,v.VoteTypeId,>,7,v.VoteTypeId,<,14,b.Date,>,1323514988,b.Date,<,1344459728#613
votes v,posts p,badges b,users u#p.Id=v.PostId,u.Id=p.OwnerUserId,u.Id=b.UserId#p.Score,>,3,p.Score,<,75,p.CommentCount,>,7,p.CommentCount,<,28,u.DownVotes,>,503,u.DownVotes,<,1480,v.CreationDate,>,1272559536,v.CreationDate,<,1329457276,v.VoteTypeId,>,7,v.VoteTypeId,<,13,b.Date,>,1289459033,b.Date,<,1314534807#130
votes v,posts p,badges b,users u#p.Id=v.PostId,u.Id=p.OwnerUserId,u.Id=b.UserId#p.Score,>,7,p.Score,<,150,p.CommentCount,>,2,p.CommentCount,<,25,u.DownVotes,>,450,u.DownVotes,<,1671,v.CreationDate,>,1316914843,v.CreationDate,<,1348117320,v.VoteTypeId,>,6,v.VoteTypeId,<,14,b.Date,>,1357648574,b.Date,<,1388103762#109
votes v,posts p,badges b,users u#p.Id=v.PostId,u.Id=p.OwnerUserId,u.Id=b.UserId#p.Score,>,-13,p.Score,<,77,p.CommentCount,>,11,p.CommentCount,<,20,u.DownVotes,>,133,u.DownVotes,<,415,v.CreationDate,>,1290540209,v.CreationDate,<,1395213184,v.VoteTypeId,>,2,v.VoteTypeId,<,7,b.Date,>,1298670209,b.Date,<,1316681373#46
votes v,posts p,badges b,users u#p.Id=v.PostId,u.Id=p.OwnerUserId,u.Id=b.UserId#p.Score,>,65,p.Score,<,136,p.CommentCount,>,3,p.CommentCount,<,26,u.DownVotes,>,290,u.DownVotes,<,1248,v.CreationDate,>,1309153341,v.CreationDate,<,1366186636,v.VoteTypeId,>,1,v.VoteTypeId,<,4,b.Date,>,1286584203,b.Date,<,1313910850#13350
votes v,posts p,badges b,users u#p.Id=v.PostId,u.Id=p.OwnerUserId,u.Id=b.UserId#p.Score,>,12,p.Score,<,152,p.CommentCount,>,8,p.CommentCount,<,25,u.DownVotes,>,308,u.DownVotes,<,1465,v.CreationDate,>,1343122965,v.CreationDate,<,1384636841,v.VoteTypeId,>,1,v.VoteTypeId,<,5,b.Date,>,1322149132,b.Date,<,1325355349#1648
votes v,posts p,badges b,users u#p.Id=v.PostId,u.Id=p.OwnerUserId,u.Id=b.UserId#p.Score,>,2,p.Score,<,85,p.CommentCount,>,8,p.CommentCount,<,26,u.DownVotes,>,458,u.DownVotes,<,1556,v.CreationDate,>,1280460597,v.CreationDate,<,1320747221,v.VoteTypeId,>,3,v.VoteTypeId,<,12,b.Date,>,1289922641,b.Date,<,1331374224#108
votes v,posts p,badges b,users u#p.Id=v.PostId,u.Id=p.OwnerUserId,u.Id=b.UserId#p.Score,>,32,p.Score,<,81,p.CommentCount,>,3,p.CommentCount,<,10,u.DownVotes,>,272,u.DownVotes,<,793,v.CreationDate,>,1273243474,v.CreationDate,<,1392317075,v.VoteTypeId,>,2,v.VoteTypeId,<,11,b.Date,>,1306942456,b.Date,<,1359020468#3264
votes v,posts p,badges b,users u#p.Id=v.PostId,u.Id=p.OwnerUserId,u.Id=b.UserId#p.Score,>,-1,p.Score,<,59,p.CommentCount,>,5,p.CommentCount,<,8,u.DownVotes,>,89,u.DownVotes,<,1453,v.CreationDate,>,1234272479,v.CreationDate,<,1294889855,v.VoteTypeId,>,3,v.VoteTypeId,<,14,b.Date,>,1333934136,b.Date,<,1375440578#1118
votes v,posts p,badges b,users u#p.Id=v.PostId,u.Id=p.OwnerUserId,u.Id=b.UserId#p.Score,>,-5,p.Score,<,47,p.CommentCount,>,1,p.CommentCount,<,29,u.DownVotes,>,33,u.DownVotes,<,1443,v.CreationDate,>,1243804478,v.CreationDate,<,1344106133,v.VoteTypeId,>,4,v.VoteTypeId,<,7,b.Date,>,1300639174,b.Date,<,1313889257#4117
votes v,posts p,badges b,users u#p.Id=v.PostId,u.Id=p.OwnerUserId,u.Id=b.UserId#p.Score,>,-5,p.Score,<,105,p.CommentCount,>,8,p.CommentCount,<,23,u.DownVotes,>,261,u.DownVotes,<,465,v.CreationDate,>,1294140358,v.CreationDate,<,1371592534,v.VoteTypeId,>,2,v.VoteTypeId,<,13,b.Date,>,1341515754,b.Date,<,1357614758#407
votes v,posts p,badges b,users u#p.Id=v.PostId,u.Id=p.OwnerUserId,u.Id=b.UserId#p.Score,>,3,p.Score,<,160,p.CommentCount,>,1,p.CommentCount,<,36,u.DownVotes,>,513,u.DownVotes,<,1436,v.CreationDate,>,1263141906,v.CreationDate,<,1323901033,v.VoteTypeId,>,1,v.VoteTypeId,<,3,b.Date,>,1285532582,b.Date,<,1372185665#449730
votes v,posts p,badges b,users u#p.Id=v.PostId,u.Id=p.OwnerUserId,u.Id=b.UserId#p.Score,>,2,p.Score,<,68,p.CommentCount,>,9,p.CommentCount,<,41,u.DownVotes,>,186,u.DownVotes,<,1096,v.CreationDate,>,1286456413,v.CreationDate,<,1306790521,v.VoteTypeId,>,4,v.VoteTypeId,<,12,b.Date,>,1352949344,b.Date,<,1354834064#1
votes v,posts p,badges b,users u#p.Id=v.PostId,u.Id=p.OwnerUserId,u.Id=b.UserId#p.Score,>,59,p.Score,<,131,p.CommentCount,>,7,p.CommentCount,<,15,u.DownVotes,>,122,u.DownVotes,<,1429,v.CreationDate,>,1242459671,v.CreationDate,<,1325080707,v.VoteTypeId,>,2,v.VoteTypeId,<,5,b.Date,>,1334027095,b.Date,<,1399816380#280
votes v,posts p,badges b,users u#p.Id=v.PostId,u.Id=p.OwnerUserId,u.Id=b.UserId#p.Score,>,31,p.Score,<,97,p.CommentCount,>,11,p.CommentCount,<,32,u.DownVotes,>,523,u.DownVotes,<,1283,v.CreationDate,>,1305779302,v.CreationDate,<,1407776405,v.VoteTypeId,>,1,v.VoteTypeId,<,8,b.Date,>,1326575805,b.Date,<,1391901252#6192
votes v,posts p,badges b,users u#p.Id=v.PostId,u.Id=p.OwnerUserId,u.Id=b.UserId#p.Score,>,-18,p.Score,<,86,p.CommentCount,>,3,p.CommentCount,<,39,u.DownVotes,>,394,u.DownVotes,<,1203,v.CreationDate,>,1291497339,v.CreationDate,<,1296035074,v.VoteTypeId,>,6,v.VoteTypeId,<,15,b.Date,>,1308338314,b.Date,<,1356940806#546
votes v,posts p,badges b,users u#p.Id=v.PostId,u.Id=p.OwnerUserId,u.Id=b.UserId#p.Score,>,17,p.Score,<,139,p.CommentCount,>,2,p.CommentCount,<,20,u.DownVotes,>,276,u.DownVotes,<,1318,v.CreationDate,>,1302479053,v.CreationDate,<,1386486721,v.VoteTypeId,>,1,v.VoteTypeId,<,3,b.Date,>,1301093695,b.Date,<,1375439454#312791
votes v,posts p,badges b,users u#p.Id=v.PostId,u.Id=p.OwnerUserId,u.Id=b.UserId#p.Score,>,20,p.Score,<,98,p.CommentCount,>,3,p.CommentCount,<,44,u.DownVotes,>,430,u.DownVotes,<,1496,v.CreationDate,>,1240874713,v.CreationDate,<,1400864322,v.VoteTypeId,>,1,v.VoteTypeId,<,5,b.Date,>,1304534023,b.Date,<,1375303387#268324
votes v,posts p,badges b,users u#p.Id=v.PostId,u.Id=p.OwnerUserId,u.Id=b.UserId#p.Score,>,26,p.Score,<,171,p.CommentCount,>,1,p.CommentCount,<,21,u.DownVotes,>,255,u.DownVotes,<,1185,v.CreationDate,>,1288919330,v.CreationDate,<,1382178033,v.VoteTypeId,>,4,v.VoteTypeId,<,13,b.Date,>,1298268783,b.Date,<,1351724547#2758
votes v,posts p,badges b,users u#p.Id=v.PostId,u.Id=p.OwnerUserId,u.Id=b.UserId#p.Score,>,2,p.Score,<,189,p.CommentCount,>,0,p.CommentCount,<,35,u.DownVotes,>,336,u.DownVotes,<,951,v.CreationDate,>,1284102535,v.CreationDate,<,1336804660,v.VoteTypeId,>,3,v.VoteTypeId,<,12,b.Date,>,1373361036,b.Date,<,1387730153#1290
votes v,posts p,badges b,users u#p.Id=v.PostId,u.Id=p.OwnerUserId,u.Id=b.UserId#p.Score,>,27,p.Score,<,38,p.CommentCount,>,3,p.CommentCount,<,8,u.DownVotes,>,524,u.DownVotes,<,1667,v.CreationDate,>,1275167633,v.CreationDate,<,1312018028,v.VoteTypeId,>,1,v.VoteTypeId,<,4,b.Date,>,1354359338,b.Date,<,1390416850#1364
votes v,posts p,badges b,users u#p.Id=v.PostId,u.Id=p.OwnerUserId,u.Id=b.UserId#p.Score,>,125,p.Score,<,146,p.CommentCount,>,2,p.CommentCount,<,13,u.DownVotes,>,49,u.DownVotes,<,1861,v.CreationDate,>,1326281632,v.CreationDate,<,1359087039,v.VoteTypeId,>,1,v.VoteTypeId,<,14,b.Date,>,1335318769,b.Date,<,1392805682#16131
votes v,posts p,badges b,users u#p.Id=v.PostId,u.Id=p.OwnerUserId,u.Id=b.UserId#p.Score,>,26,p.Score,<,91,p.CommentCount,>,10,p.CommentCount,<,14,u.DownVotes,>,143,u.DownVotes,<,1267,v.CreationDate,>,1264413875,v.CreationDate,<,1400204541,v.VoteTypeId,>,1,v.VoteTypeId,<,11,b.Date,>,1304598004,b.Date,<,1353424029#19931
votes v,posts p,badges b,users u#p.Id=v.PostId,u.Id=p.OwnerUserId,u.Id=b.UserId#p.Score,>,-8,p.Score,<,63,p.CommentCount,>,7,p.CommentCount,<,37,u.DownVotes,>,60,u.DownVotes,<,1671,v.CreationDate,>,1279984254,v.CreationDate,<,1397683040,v.VoteTypeId,>,1,v.VoteTypeId,<,8,b.Date,>,1370081956,b.Date,<,1403643622#286304
votes v,posts p,badges b,users u#p.Id=v.PostId,u.Id=p.OwnerUserId,u.Id=b.UserId#p.Score,>,19,p.Score,<,89,p.CommentCount,>,8,p.CommentCount,<,33,u.DownVotes,>,603,u.DownVotes,<,1260,v.CreationDate,>,1267536782,v.CreationDate,<,1318940583,v.VoteTypeId,>,1,v.VoteTypeId,<,12,b.Date,>,1362984064,b.Date,<,1363252970#110
votes v,posts p,badges b,users u#p.Id=v.PostId,u.Id=p.OwnerUserId,u.Id=b.UserId#p.Score,>,4,p.Score,<,138,p.CommentCount,>,0,p.CommentCount,<,28,u.DownVotes,>,104,u.DownVotes,<,1643,v.CreationDate,>,1372796024,v.CreationDate,<,1377843047,v.VoteTypeId,>,4,v.VoteTypeId,<,15,b.Date,>,1287192425,b.Date,<,1367215611#1748
votes v,posts p,badges b,users u#p.Id=v.PostId,u.Id=p.OwnerUserId,u.Id=b.UserId#p.Score,>,-18,p.Score,<,102,p.CommentCount,>,10,p.CommentCount,<,12,u.DownVotes,>,56,u.DownVotes,<,1400,v.CreationDate,>,1248383056,v.CreationDate,<,1375518103,v.VoteTypeId,>,6,v.VoteTypeId,<,15,b.Date,>,1328855212,b.Date,<,1342206836#152
votes v,posts p,badges b,users u#p.Id=v.PostId,u.Id=p.OwnerUserId,u.Id=b.UserId#p.Score,>,-7,p.Score,<,111,p.CommentCount,>,5,p.CommentCount,<,33,u.DownVotes,>,243,u.DownVotes,<,1062,v.CreationDate,>,1242416323,v.CreationDate,<,1375354663,v.VoteTypeId,>,9,v.VoteTypeId,<,15,b.Date,>,1315003616,b.Date,<,1328473283#47
votes v,posts p,badges b,users u#p.Id=v.PostId,u.Id=p.OwnerUserId,u.Id=b.UserId#p.Score,>,-8,p.Score,<,106,p.CommentCount,>,0,p.CommentCount,<,11,u.DownVotes,>,215,u.DownVotes,<,1109,v.CreationDate,>,1352274221,v.CreationDate,<,1368162075,v.VoteTypeId,>,6,v.VoteTypeId,<,14,b.Date,>,1292574395,b.Date,<,1398004288#1119
votes v,posts p,badges b,users u#p.Id=v.PostId,u.Id=p.OwnerUserId,u.Id=b.UserId#p.Score,>,6,p.Score,<,56,p.CommentCount,>,5,p.CommentCount,<,37,u.DownVotes,>,107,u.DownVotes,<,882,v.CreationDate,>,1264146935,v.CreationDate,<,1329335731,v.VoteTypeId,>,8,v.VoteTypeId,<,14,b.Date,>,1367591683,b.Date,<,1381621194#247
votes v,posts p,badges b,users u#p.Id=v.PostId,u.Id=p.OwnerUserId,u.Id=b.UserId#p.Score,>,-4,p.Score,<,187,p.CommentCount,>,5,p.CommentCount,<,39,u.DownVotes,>,576,u.DownVotes,<,1856,v.CreationDate,>,1266860965,v.CreationDate,<,1372929089,v.VoteTypeId,>,7,v.VoteTypeId,<,12,b.Date,>,1358946587,b.Date,<,1365518863#138
votes v,posts p,badges b,users u#p.Id=v.PostId,u.Id=p.OwnerUserId,u.Id=b.UserId#p.Score,>,55,p.Score,<,128,p.CommentCount,>,7,p.CommentCount,<,18,u.DownVotes,>,57,u.DownVotes,<,1472,v.CreationDate,>,1311556563,v.CreationDate,<,1388804331,v.VoteTypeId,>,2,v.VoteTypeId,<,7,b.Date,>,1337657162,b.Date,<,1385432342#538
votes v,posts p,badges b,users u#p.Id=v.PostId,u.Id=p.OwnerUserId,u.Id=b.UserId#p.Score,>,43,p.Score,<,174,p.CommentCount,>,10,p.CommentCount,<,22,u.DownVotes,>,156,u.DownVotes,<,568,v.CreationDate,>,1257768623,v.CreationDate,<,1401600861,v.VoteTypeId,>,1,v.VoteTypeId,<,7,b.Date,>,1331342391,b.Date,<,1400515681#3526
votes v,posts p,badges b,users u#p.Id=v.PostId,u.Id=p.OwnerUserId,u.Id=b.UserId#p.Score,>,-16,p.Score,<,40,p.CommentCount,>,9,p.CommentCount,<,17,u.DownVotes,>,387,u.DownVotes,<,1083,v.CreationDate,>,1343112514,v.CreationDate,<,1363517652,v.VoteTypeId,>,1,v.VoteTypeId,<,15,b.Date,>,1332724476,b.Date,<,1400189086#21337
votes v,posts p,badges b,users u#p.Id=v.PostId,u.Id=p.OwnerUserId,u.Id=b.UserId#p.Score,>,48,p.Score,<,154,p.CommentCount,>,5,p.CommentCount,<,25,u.DownVotes,>,222,u.DownVotes,<,795,v.CreationDate,>,1269879636,v.CreationDate,<,1347840805,v.VoteTypeId,>,1,v.VoteTypeId,<,12,b.Date,>,1308400047,b.Date,<,1398388193#85767
votes v,posts p,badges b,users u#p.Id=v.PostId,u.Id=p.OwnerUserId,u.Id=b.UserId#p.Score,>,7,p.Score,<,124,p.CommentCount,>,9,p.CommentCount,<,11,u.DownVotes,>,9,u.DownVotes,<,500,v.CreationDate,>,1259584927,v.CreationDate,<,1381913539,v.VoteTypeId,>,1,v.VoteTypeId,<,6,b.Date,>,1356363812,b.Date,<,1386949574#10353
votes v,posts p,badges b,users u#p.Id=v.PostId,u.Id=p.OwnerUserId,u.Id=b.UserId#p.Score,>,-17,p.Score,<,5,p.CommentCount,>,1,p.CommentCount,<,39,u.DownVotes,>,437,u.DownVotes,<,840,v.CreationDate,>,1344142808,v.CreationDate,<,1377727356,v.VoteTypeId,>,1,v.VoteTypeId,<,4,b.Date,>,1289394180,b.Date,<,1291746085#330
votes v,posts p,badges b,users u#p.Id=v.PostId,u.Id=p.OwnerUserId,u.Id=b.UserId#p.Score,>,-4,p.Score,<,44,p.CommentCount,>,11,p.CommentCount,<,39,u.DownVotes,>,179,u.DownVotes,<,1743,v.CreationDate,>,1244632766,v.CreationDate,<,1345487275,v.VoteTypeId,>,2,v.VoteTypeId,<,14,b.Date,>,1330458233,b.Date,<,1371059164#960
votes v,posts p,badges b,users u#p.Id=v.PostId,u.Id=p.OwnerUserId,u.Id=b.UserId#p.Score,>,-18,p.Score,<,156,p.CommentCount,>,0,p.CommentCount,<,33,u.DownVotes,>,664,u.DownVotes,<,1834,v.CreationDate,>,1282322250,v.CreationDate,<,1352247747,v.VoteTypeId,>,5,v.VoteTypeId,<,14,b.Date,>,1284345447,b.Date,<,1373983640#5049
votes v,posts p,badges b,users u#p.Id=v.PostId,u.Id=p.OwnerUserId,u.Id=b.UserId#p.Score,>,1,p.Score,<,189,p.CommentCount,>,2,p.CommentCount,<,6,u.DownVotes,>,377,u.DownVotes,<,1511,v.CreationDate,>,1268444397,v.CreationDate,<,1410595051,v.VoteTypeId,>,2,v.VoteTypeId,<,10,b.Date,>,1332458304,b.Date,<,1392797490#4338
votes v,posts p,badges b,users u#p.Id=v.PostId,u.Id=p.OwnerUserId,u.Id=b.UserId#p.Score,>,29,p.Score,<,177,p.CommentCount,>,5,p.CommentCount,<,42,u.DownVotes,>,428,u.DownVotes,<,1868,v.CreationDate,>,1324354382,v.CreationDate,<,1366647356,v.VoteTypeId,>,4,v.VoteTypeId,<,7,b.Date,>,1307718984,b.Date,<,1344159912#1215
votes v,posts p,badges b,users u#p.Id=v.PostId,u.Id=p.OwnerUserId,u.Id=b.UserId#p.Score,>,5,p.Score,<,114,p.CommentCount,>,10,p.CommentCount,<,34,u.DownVotes,>,149,u.DownVotes,<,1532,v.CreationDate,>,1252147463,v.CreationDate,<,1360856345,v.VoteTypeId,>,8,v.VoteTypeId,<,10,b.Date,>,1288044325,b.Date,<,1347780333#389
votes v,posts p,badges b,users u#p.Id=v.PostId,u.Id=p.OwnerUserId,u.Id=b.UserId#p.Score,>,7,p.Score,<,114,p.CommentCount,>,1,p.CommentCount,<,43,u.DownVotes,>,722,u.DownVotes,<,1570,v.CreationDate,>,1234461287,v.CreationDate,<,1377709027,v.VoteTypeId,>,4,v.VoteTypeId,<,12,b.Date,>,1290854361,b.Date,<,1361204370#6960
votes v,posts p,badges b,users u#p.Id=v.PostId,u.Id=p.OwnerUserId,u.Id=b.UserId#p.Score,>,-16,p.Score,<,96,p.CommentCount,>,1,p.CommentCount,<,13,u.DownVotes,>,459,u.DownVotes,<,1670,v.CreationDate,>,1250902980,v.CreationDate,<,1329444227,v.VoteTypeId,>,5,v.VoteTypeId,<,13,b.Date,>,1306451399,b.Date,<,1334117487#912
votes v,posts p,badges b,users u#p.Id=v.PostId,u.Id=p.OwnerUserId,u.Id=b.UserId#p.Score,>,-12,p.Score,<,105,p.CommentCount,>,9,p.CommentCount,<,11,u.DownVotes,>,671,u.DownVotes,<,829,v.CreationDate,>,1309824259,v.CreationDate,<,1376022864,v.VoteTypeId,>,6,v.VoteTypeId,<,13,b.Date,>,1352314488,b.Date,<,1380932010#104
votes v,posts p,badges b,users u#p.Id=v.PostId,u.Id=p.OwnerUserId,u.Id=b.UserId#p.Score,>,11,p.Score,<,185,p.CommentCount,>,3,p.CommentCount,<,37,u.DownVotes,>,216,u.DownVotes,<,1374,v.CreationDate,>,1295913469,v.CreationDate,<,1366838359,v.VoteTypeId,>,5,v.VoteTypeId,<,14,b.Date,>,1280691574,b.Date,<,1392615768#1250
votes v,posts p,badges b,users u#p.Id=v.PostId,u.Id=p.OwnerUserId,u.Id=b.UserId#p.Score,>,-6,p.Score,<,186,p.CommentCount,>,7,p.CommentCount,<,35,u.DownVotes,>,130,u.DownVotes,<,852,v.CreationDate,>,1280647133,v.CreationDate,<,1390648026,v.VoteTypeId,>,3,v.VoteTypeId,<,13,b.Date,>,1395168984,b.Date,<,1396916490#123
votes v,posts p,badges b,users u#p.Id=v.PostId,u.Id=p.OwnerUserId,u.Id=b.UserId#p.Score,>,24,p.Score,<,151,p.CommentCount,>,6,p.CommentCount,<,32,u.DownVotes,>,108,u.DownVotes,<,754,v.CreationDate,>,1302625513,v.CreationDate,<,1386027213,v.VoteTypeId,>,6,v.VoteTypeId,<,11,b.Date,>,1302140954,b.Date,<,1372027102#132
votes v,posts p,badges b,users u#p.Id=v.PostId,u.Id=p.OwnerUserId,u.Id=b.UserId#p.Score,>,126,p.Score,<,160,p.CommentCount,>,7,p.CommentCount,<,30,u.DownVotes,>,308,u.DownVotes,<,1114,v.CreationDate,>,1247453891,v.CreationDate,<,1317248469,v.VoteTypeId,>,1,v.VoteTypeId,<,5,b.Date,>,1314721494,b.Date,<,1363874379#3885
votes v,posts p,badges b,users u#p.Id=v.PostId,u.Id=p.OwnerUserId,u.Id=b.UserId#p.Score,>,12,p.Score,<,136,p.CommentCount,>,5,p.CommentCount,<,7,u.DownVotes,>,404,u.DownVotes,<,1412,v.CreationDate,>,1283095006,v.CreationDate,<,1392286031,v.VoteTypeId,>,10,v.VoteTypeId,<,15,b.Date,>,1313956033,b.Date,<,1403440776#160
votes v,posts p,badges b,users u#p.Id=v.PostId,u.Id=p.OwnerUserId,u.Id=b.UserId#p.Score,>,-5,p.Score,<,57,p.CommentCount,>,2,p.CommentCount,<,11,u.DownVotes,>,514,u.DownVotes,<,1418,v.CreationDate,>,1272523473,v.CreationDate,<,1370773456,v.VoteTypeId,>,9,v.VoteTypeId,<,13,b.Date,>,1325485012,b.Date,<,1358231636#133
votes v,posts p,badges b,users u#p.Id=v.PostId,u.Id=p.OwnerUserId,u.Id=b.UserId#p.Score,>,6,p.Score,<,139,p.CommentCount,>,0,p.CommentCount,<,38,u.DownVotes,>,141,u.DownVotes,<,960,v.CreationDate,>,1279133812,v.CreationDate,<,1337951913,v.VoteTypeId,>,8,v.VoteTypeId,<,12,b.Date,>,1335013115,b.Date,<,1345062485#665
votes v,posts p,badges b,users u#p.Id=v.PostId,u.Id=p.OwnerUserId,u.Id=b.UserId#p.Score,>,-5,p.Score,<,34,p.CommentCount,>,7,p.CommentCount,<,42,u.DownVotes,>,159,u.DownVotes,<,1054,v.CreationDate,>,1260776544,v.CreationDate,<,1397470593,v.VoteTypeId,>,4,v.VoteTypeId,<,9,b.Date,>,1389781806,b.Date,<,1406098958#219
votes v,posts p,badges b,users u#p.Id=v.PostId,u.Id=p.OwnerUserId,u.Id=b.UserId#p.Score,>,32,p.Score,<,164,p.CommentCount,>,5,p.CommentCount,<,16,u.DownVotes,>,88,u.DownVotes,<,176,v.CreationDate,>,1331811537,v.CreationDate,<,1391108440,v.VoteTypeId,>,6,v.VoteTypeId,<,14,b.Date,>,1284677226,b.Date,<,1372764149#132
votes v,posts p,badges b,users u#p.Id=v.PostId,u.Id=p.OwnerUserId,u.Id=b.UserId#p.Score,>,-2,p.Score,<,100,p.CommentCount,>,14,p.CommentCount,<,33,u.DownVotes,>,163,u.DownVotes,<,1059,v.CreationDate,>,1236960897,v.CreationDate,<,1352076430,v.VoteTypeId,>,5,v.VoteTypeId,<,12,b.Date,>,1347224732,b.Date,<,1348197964#4
votes v,posts p,badges b,users u#p.Id=v.PostId,u.Id=p.OwnerUserId,u.Id=b.UserId#p.Score,>,-9,p.Score,<,57,p.CommentCount,>,4,p.CommentCount,<,15,u.DownVotes,>,207,u.DownVotes,<,1361,v.CreationDate,>,1302829752,v.CreationDate,<,1344650937,v.VoteTypeId,>,10,v.VoteTypeId,<,15,b.Date,>,1310477019,b.Date,<,1369282614#625
votes v,posts p,badges b,users u#p.Id=v.PostId,u.Id=p.OwnerUserId,u.Id=b.UserId#p.Score,>,5,p.Score,<,40,p.CommentCount,>,14,p.CommentCount,<,25,u.DownVotes,>,531,u.DownVotes,<,1612,v.CreationDate,>,1282654259,v.CreationDate,<,1328819393,v.VoteTypeId,>,1,v.VoteTypeId,<,12,b.Date,>,1338288380,b.Date,<,1375922161#7260
votes v,posts p,badges b,users u#p.Id=v.PostId,u.Id=p.OwnerUserId,u.Id=b.UserId#p.Score,>,19,p.Score,<,117,p.CommentCount,>,1,p.CommentCount,<,12,u.DownVotes,>,47,u.DownVotes,<,1246,v.CreationDate,>,1265955102,v.CreationDate,<,1281361378,v.VoteTypeId,>,1,v.VoteTypeId,<,7,b.Date,>,1291869061,b.Date,<,1378771592#12089
votes v,posts p,badges b,users u#p.Id=v.PostId,u.Id=p.OwnerUserId,u.Id=b.UserId#p.Score,>,-4,p.Score,<,157,p.CommentCount,>,32,p.CommentCount,<,38,u.DownVotes,>,57,u.DownVotes,<,651,v.CreationDate,>,1325835998,v.CreationDate,<,1343899598,v.VoteTypeId,>,2,v.VoteTypeId,<,14,b.Date,>,1345019011,b.Date,<,1379387244#41
votes v,posts p,badges b,users u#p.Id=v.PostId,u.Id=p.OwnerUserId,u.Id=b.UserId#p.Score,>,21,p.Score,<,51,p.CommentCount,>,4,p.CommentCount,<,32,u.DownVotes,>,224,u.DownVotes,<,1264,v.CreationDate,>,1246436864,v.CreationDate,<,1386623497,v.VoteTypeId,>,4,v.VoteTypeId,<,13,b.Date,>,1289308716,b.Date,<,1363252636#3735
votes v,posts p,badges b,users u#p.Id=v.PostId,u.Id=p.OwnerUserId,u.Id=b.UserId#p.Score,>,78,p.Score,<,188,p.CommentCount,>,0,p.CommentCount,<,42,u.DownVotes,>,57,u.DownVotes,<,561,v.CreationDate,>,1248009754,v.CreationDate,<,1387721486,v.VoteTypeId,>,4,v.VoteTypeId,<,8,b.Date,>,1317598383,b.Date,<,1353482099#1482
votes v,posts p,badges b,users u#p.Id=v.PostId,u.Id=p.OwnerUserId,u.Id=b.UserId#p.Score,>,20,p.Score,<,178,p.CommentCount,>,2,p.CommentCount,<,4,u.DownVotes,>,288,u.DownVotes,<,1692,v.CreationDate,>,1323702233,v.CreationDate,<,1375348341,v.VoteTypeId,>,1,v.VoteTypeId,<,3,b.Date,>,1356933116,b.Date,<,1390100244#6032
votes v,posts p,badges b,users u#p.Id=v.PostId,u.Id=p.OwnerUserId,u.Id=b.UserId#p.Score,>,32,p.Score,<,147,p.CommentCount,>,3,p.CommentCount,<,24,u.DownVotes,>,649,u.DownVotes,<,1538,v.CreationDate,>,1279244603,v.CreationDate,<,1334906785,v.VoteTypeId,>,2,v.VoteTypeId,<,11,b.Date,>,1303204319,b.Date,<,1391386941#652
votes v,posts p,badges b,users u#p.Id=v.PostId,u.Id=p.OwnerUserId,u.Id=b.UserId#p.Score,>,0,p.Score,<,174,p.CommentCount,>,8,p.CommentCount,<,11,u.DownVotes,>,475,u.DownVotes,<,1532,v.CreationDate,>,1330299094,v.CreationDate,<,1384422518,v.VoteTypeId,>,3,v.VoteTypeId,<,14,b.Date,>,1319744314,b.Date,<,1392828612#283
votes v,posts p,badges b,users u#p.Id=v.PostId,u.Id=p.OwnerUserId,u.Id=b.UserId#p.Score,>,-17,p.Score,<,176,p.CommentCount,>,19,p.CommentCount,<,27,u.DownVotes,>,158,u.DownVotes,<,1090,v.CreationDate,>,1242172336,v.CreationDate,<,1353195056,v.VoteTypeId,>,5,v.VoteTypeId,<,14,b.Date,>,1294049728,b.Date,<,1353543329#294
votes v,posts p,badges b,users u#p.Id=v.PostId,u.Id=p.OwnerUserId,u.Id=b.UserId#p.Score,>,10,p.Score,<,73,p.CommentCount,>,7,p.CommentCount,<,36,u.DownVotes,>,25,u.DownVotes,<,1701,v.CreationDate,>,1254568735,v.CreationDate,<,1312351467,v.VoteTypeId,>,3,v.VoteTypeId,<,15,b.Date,>,1293668924,b.Date,<,1315762098#498
votes v,posts p,badges b,users u#p.Id=v.PostId,u.Id=p.OwnerUserId,u.Id=b.UserId#p.Score,>,99,p.Score,<,156,p.CommentCount,>,0,p.CommentCount,<,9,u.DownVotes,>,50,u.DownVotes,<,1155,v.CreationDate,>,1275283622,v.CreationDate,<,1324816836,v.VoteTypeId,>,1,v.VoteTypeId,<,14,b.Date,>,1325514044,b.Date,<,1385313780#8834
votes v,posts p,badges b,users u#p.Id=v.PostId,u.Id=p.OwnerUserId,u.Id=b.UserId#p.Score,>,44,p.Score,<,71,p.CommentCount,>,8,p.CommentCount,<,42,u.DownVotes,>,32,u.DownVotes,<,1436,v.CreationDate,>,1308170969,v.CreationDate,<,1335287691,v.VoteTypeId,>,1,v.VoteTypeId,<,6,b.Date,>,1328596807,b.Date,<,1350544123#1612
votes v,posts p,badges b,users u#p.Id=v.PostId,u.Id=p.OwnerUserId,u.Id=b.UserId#p.Score,>,0,p.Score,<,111,p.CommentCount,>,6,p.CommentCount,<,37,u.DownVotes,>,115,u.DownVotes,<,1482,v.CreationDate,>,1248210288,v.CreationDate,<,1307859055,v.VoteTypeId,>,3,v.VoteTypeId,<,11,b.Date,>,1384878895,b.Date,<,1400847474#519
votes v,posts p,badges b,users u#p.Id=v.PostId,u.Id=p.OwnerUserId,u.Id=b.UserId#p.Score,>,12,p.Score,<,118,p.CommentCount,>,0,p.CommentCount,<,14,u.DownVotes,>,606,u.DownVotes,<,1831,v.CreationDate,>,1244858734,v.CreationDate,<,1398584805,v.VoteTypeId,>,1,v.VoteTypeId,<,9,b.Date,>,1348293532,b.Date,<,1394240716#377910
votes v,posts p,badges b,users u#p.Id=v.PostId,u.Id=p.OwnerUserId,u.Id=b.UserId#p.Score,>,16,p.Score,<,159,p.CommentCount,>,5,p.CommentCount,<,28,u.DownVotes,>,109,u.DownVotes,<,1809,v.CreationDate,>,1252973136,v.CreationDate,<,1386484722,v.VoteTypeId,>,5,v.VoteTypeId,<,9,b.Date,>,1382135036,b.Date,<,1398074787#12
votes v,posts p,badges b,users u#p.Id=v.PostId,u.Id=p.OwnerUserId,u.Id=b.UserId#p.Score,>,9,p.Score,<,116,p.CommentCount,>,5,p.CommentCount,<,9,u.DownVotes,>,237,u.DownVotes,<,1064,v.CreationDate,>,1350699244,v.CreationDate,<,1365078502,v.VoteTypeId,>,1,v.VoteTypeId,<,8,b.Date,>,1300181148,b.Date,<,1395161021#43028
votes v,posts p,badges b,users u#p.Id=v.PostId,u.Id=p.OwnerUserId,u.Id=b.UserId#p.Score,>,13,p.Score,<,94,p.CommentCount,>,3,p.CommentCount,<,26,u.DownVotes,>,234,u.DownVotes,<,931,v.CreationDate,>,1268671893,v.CreationDate,<,1403100652,v.VoteTypeId,>,4,v.VoteTypeId,<,7,b.Date,>,1355331276,b.Date,<,1405503472#4257
votes v,posts p,badges b,users u#p.Id=v.PostId,u.Id=p.OwnerUserId,u.Id=b.UserId#p.Score,>,20,p.Score,<,119,p.CommentCount,>,13,p.CommentCount,<,19,u.DownVotes,>,479,u.DownVotes,<,864,v.CreationDate,>,1292337269,v.CreationDate,<,1408181240,v.VoteTypeId,>,1,v.VoteTypeId,<,3,b.Date,>,1339377155,b.Date,<,1406493726#15565
votes v,posts p,badges b,users u#p.Id=v.PostId,u.Id=p.OwnerUserId,u.Id=b.UserId#p.Score,>,-11,p.Score,<,134,p.CommentCount,>,4,p.CommentCount,<,19,u.DownVotes,>,324,u.DownVotes,<,1450,v.CreationDate,>,1274011819,v.CreationDate,<,1389590154,v.VoteTypeId,>,1,v.VoteTypeId,<,6,b.Date,>,1326880724,b.Date,<,1402817683#741336
votes v,posts p,badges b,users u#p.Id=v.PostId,u.Id=p.OwnerUserId,u.Id=b.UserId#p.Score,>,13,p.Score,<,118,p.CommentCount,>,11,p.CommentCount,<,15,u.DownVotes,>,338,u.DownVotes,<,1051,v.CreationDate,>,1306371313,v.CreationDate,<,1388529298,v.VoteTypeId,>,5,v.VoteTypeId,<,13,b.Date,>,1309407616,b.Date,<,1352292481#240
votes v,posts p,badges b,users u#p.Id=v.PostId,u.Id=p.OwnerUserId,u.Id=b.UserId#p.Score,>,49,p.Score,<,102,p.CommentCount,>,2,p.CommentCount,<,43,u.DownVotes,>,667,u.DownVotes,<,849,v.CreationDate,>,1339409311,v.CreationDate,<,1366369604,v.VoteTypeId,>,1,v.VoteTypeId,<,14,b.Date,>,1296658163,b.Date,<,1332074997#7905
votes v,posts p,badges b,users u#p.Id=v.PostId,u.Id=p.OwnerUserId,u.Id=b.UserId#p.Score,>,6,p.Score,<,145,p.CommentCount,>,1,p.CommentCount,<,25,u.DownVotes,>,166,u.DownVotes,<,716,v.CreationDate,>,1298554595,v.CreationDate,<,1303427026,v.VoteTypeId,>,7,v.VoteTypeId,<,15,b.Date,>,1288292618,b.Date,<,1316275303#32
votes v,posts p,badges b,users u#p.Id=v.PostId,u.Id=p.OwnerUserId,u.Id=b.UserId#p.Score,>,4,p.Score,<,77,p.CommentCount,>,16,p.CommentCount,<,30,u.DownVotes,>,773,u.DownVotes,<,1672,v.CreationDate,>,1281177765,v.CreationDate,<,1364540888,v.VoteTypeId,>,3,v.VoteTypeId,<,11,b.Date,>,1302009477,b.Date,<,1318896777#46
votes v,posts p,badges b,users u#p.Id=v.PostId,u.Id=p.OwnerUserId,u.Id=b.UserId#p.Score,>,-14,p.Score,<,15,p.CommentCount,>,4,p.CommentCount,<,29,u.DownVotes,>,9,u.DownVotes,<,276,v.CreationDate,>,1243617563,v.CreationDate,<,1327463991,v.VoteTypeId,>,3,v.VoteTypeId,<,10,b.Date,>,1310180627,b.Date,<,1403789438#4555
votes v,posts p,badges b,users u#p.Id=v.PostId,u.Id=p.OwnerUserId,u.Id=b.UserId#p.Score,>,2,p.Score,<,63,p.CommentCount,>,19,p.CommentCount,<,38,u.DownVotes,>,39,u.DownVotes,<,570,v.CreationDate,>,1242125411,v.CreationDate,<,1352381835,v.VoteTypeId,>,5,v.VoteTypeId,<,12,b.Date,>,1341478356,b.Date,<,1393808320#65
votes v,posts p,badges b,users u#p.Id=v.PostId,u.Id=p.OwnerUserId,u.Id=b.UserId#p.Score,>,71,p.Score,<,158,p.CommentCount,>,1,p.CommentCount,<,14,u.DownVotes,>,494,u.DownVotes,<,1055,v.CreationDate,>,1339670052,v.CreationDate,<,1343028559,v.VoteTypeId,>,1,v.VoteTypeId,<,14,b.Date,>,1305313275,b.Date,<,1312894218#75
votes v,posts p,badges b,users u#p.Id=v.PostId,u.Id=p.OwnerUserId,u.Id=b.UserId#p.Score,>,-10,p.Score,<,87,p.CommentCount,>,10,p.CommentCount,<,25,u.DownVotes,>,567,u.DownVotes,<,1875,v.CreationDate,>,1292954346,v.CreationDate,<,1376763828,v.VoteTypeId,>,2,v.VoteTypeId,<,10,b.Date,>,1348050225,b.Date,<,1359766176#38
votes v,posts p,badges b,users u#p.Id=v.PostId,u.Id=p.OwnerUserId,u.Id=b.UserId#p.Score,>,2,p.Score,<,179,p.CommentCount,>,10,p.CommentCount,<,30,u.DownVotes,>,311,u.DownVotes,<,414,v.CreationDate,>,1353919907,v.CreationDate,<,1385064482,v.VoteTypeId,>,1,v.VoteTypeId,<,11,b.Date,>,1319078675,b.Date,<,1373240423#2838
votes v,posts p,badges b,users u#p.Id=v.PostId,u.Id=p.OwnerUserId,u.Id=b.UserId#p.Score,>,10,p.Score,<,189,p.CommentCount,>,3,p.CommentCount,<,18,u.DownVotes,>,235,u.DownVotes,<,1864,v.CreationDate,>,1315053846,v.CreationDate,<,1354173223,v.VoteTypeId,>,8,v.VoteTypeId,<,14,b.Date,>,1289271064,b.Date,<,1357679883#489
votes v,posts p,badges b,users u#p.Id=v.PostId,u.Id=p.OwnerUserId,u.Id=b.UserId#p.Score,>,-18,p.Score,<,29,p.CommentCount,>,5,p.CommentCount,<,27,u.DownVotes,>,221,u.DownVotes,<,900,v.CreationDate,>,1303569908,v.CreationDate,<,1377071240,v.VoteTypeId,>,4,v.VoteTypeId,<,7,b.Date,>,1387981171,b.Date,<,1406332819#616
votes v,posts p,badges b,users u#p.Id=v.PostId,u.Id=p.OwnerUserId,u.Id=b.UserId#p.Score,>,8,p.Score,<,132,p.CommentCount,>,9,p.CommentCount,<,26,u.DownVotes,>,249,u.DownVotes,<,1221,v.CreationDate,>,1310090370,v.CreationDate,<,1390302587,v.VoteTypeId,>,1,v.VoteTypeId,<,7,b.Date,>,1330219260,b.Date,<,1409390889#172782
votes v,posts p,badges b,users u#p.Id=v.PostId,u.Id=p.OwnerUserId,u.Id=b.UserId#p.Score,>,-2,p.Score,<,129,p.CommentCount,>,10,p.CommentCount,<,28,u.DownVotes,>,746,u.DownVotes,<,1826,v.CreationDate,>,1351338864,v.CreationDate,<,1389580477,v.VoteTypeId,>,1,v.VoteTypeId,<,11,b.Date,>,1315400873,b.Date,<,1379516284#36542
votes v,posts p,badges b,users u#p.Id=v.PostId,u.Id=p.OwnerUserId,u.Id=b.UserId#p.Score,>,0,p.Score,<,85,p.CommentCount,>,1,p.CommentCount,<,32,u.DownVotes,>,437,u.DownVotes,<,1848,v.CreationDate,>,1299177107,v.CreationDate,<,1355929102,v.VoteTypeId,>,8,v.VoteTypeId,<,15,b.Date,>,1318720510,b.Date,<,1383156200#1976
votes v,posts p,badges b,users u#p.Id=v.PostId,u.Id=p.OwnerUserId,u.Id=b.UserId#p.Score,>,5,p.Score,<,119,p.CommentCount,>,3,p.CommentCount,<,7,u.DownVotes,>,255,u.DownVotes,<,1424,v.CreationDate,>,1308958586,v.CreationDate,<,1374483763,v.VoteTypeId,>,9,v.VoteTypeId,<,13,b.Date,>,1334067559,b.Date,<,1342783669#62
votes v,posts p,badges b,users u#p.Id=v.PostId,u.Id=p.OwnerUserId,u.Id=b.UserId#p.Score,>,25,p.Score,<,94,p.CommentCount,>,9,p.CommentCount,<,17,u.DownVotes,>,468,u.DownVotes,<,1732,v.CreationDate,>,1324655984,v.CreationDate,<,1369924672,v.VoteTypeId,>,1,v.VoteTypeId,<,5,b.Date,>,1331692849,b.Date,<,1373087571#22275
votes v,posts p,badges b,users u#p.Id=v.PostId,u.Id=p.OwnerUserId,u.Id=b.UserId#p.Score,>,-18,p.Score,<,10,p.CommentCount,>,7,p.CommentCount,<,26,u.DownVotes,>,741,u.DownVotes,<,1769,v.CreationDate,>,1333325014,v.CreationDate,<,1355995432,v.VoteTypeId,>,8,v.VoteTypeId,<,13,b.Date,>,1380922992,b.Date,<,1389052323#18
votes v,posts p,badges b,users u#p.Id=v.PostId,u.Id=p.OwnerUserId,u.Id=b.UserId#p.Score,>,-5,p.Score,<,103,p.CommentCount,>,8,p.CommentCount,<,31,u.DownVotes,>,623,u.DownVotes,<,1229,v.CreationDate,>,1383098331,v.CreationDate,<,1388831754,v.VoteTypeId,>,2,v.VoteTypeId,<,10,b.Date,>,1300564014,b.Date,<,1327798466#72
votes v,posts p,badges b,users u#p.Id=v.PostId,u.Id=p.OwnerUserId,u.Id=b.UserId#p.Score,>,-18,p.Score,<,140,p.CommentCount,>,6,p.CommentCount,<,18,u.DownVotes,>,590,u.DownVotes,<,1306,v.CreationDate,>,1296032808,v.CreationDate,<,1408382083,v.VoteTypeId,>,8,v.VoteTypeId,<,15,b.Date,>,1336088252,b.Date,<,1376722583#531
votes v,posts p,badges b,users u#p.Id=v.PostId,u.Id=p.OwnerUserId,u.Id=b.UserId#p.Score,>,30,p.Score,<,127,p.CommentCount,>,2,p.CommentCount,<,24,u.DownVotes,>,707,u.DownVotes,<,1324,v.CreationDate,>,1359767952,v.CreationDate,<,1381743707,v.VoteTypeId,>,4,v.VoteTypeId,<,13,b.Date,>,1286406538,b.Date,<,1382374523#1348
votes v,posts p,badges b,users u#p.Id=v.PostId,u.Id=p.OwnerUserId,u.Id=b.UserId#p.Score,>,68,p.Score,<,189,p.CommentCount,>,19,p.CommentCount,<,35,u.DownVotes,>,8,u.DownVotes,<,1364,v.CreationDate,>,1235078500,v.CreationDate,<,1371769130,v.VoteTypeId,>,1,v.VoteTypeId,<,5,b.Date,>,1291857032,b.Date,<,1368311753#6273
votes v,posts p,badges b,users u#p.Id=v.PostId,u.Id=p.OwnerUserId,u.Id=b.UserId#p.Score,>,47,p.Score,<,149,p.CommentCount,>,1,p.CommentCount,<,42,u.DownVotes,>,531,u.DownVotes,<,1690,v.CreationDate,>,1270160180,v.CreationDate,<,1328460598,v.VoteTypeId,>,1,v.VoteTypeId,<,8,b.Date,>,1349652216,b.Date,<,1389278025#28944
votes v,posts p,badges b,users u#p.Id=v.PostId,u.Id=p.OwnerUserId,u.Id=b.UserId#p.Score,>,58,p.Score,<,158,p.CommentCount,>,2,p.CommentCount,<,40,u.DownVotes,>,8,u.DownVotes,<,1321,v.CreationDate,>,1257344468,v.CreationDate,<,1318931714,v.VoteTypeId,>,3,v.VoteTypeId,<,8,b.Date,>,1353697349,b.Date,<,1373562313#56
votes v,posts p,badges b,users u#p.Id=v.PostId,u.Id=p.OwnerUserId,u.Id=b.UserId#p.Score,>,35,p.Score,<,54,p.CommentCount,>,6,p.CommentCount,<,22,u.DownVotes,>,170,u.DownVotes,<,1407,v.CreationDate,>,1237528759,v.CreationDate,<,1377133952,v.VoteTypeId,>,7,v.VoteTypeId,<,15,b.Date,>,1285201049,b.Date,<,1324135805#44
votes v,posts p,badges b,users u#p.Id=v.PostId,u.Id=p.OwnerUserId,u.Id=b.UserId#p.Score,>,-5,p.Score,<,17,p.CommentCount,>,16,p.CommentCount,<,32,u.DownVotes,>,65,u.DownVotes,<,1693,v.CreationDate,>,1277806303,v.CreationDate,<,1339944099,v.VoteTypeId,>,1,v.VoteTypeId,<,5,b.Date,>,1308873477,b.Date,<,1410099792#12686
votes v,posts p,badges b,users u#p.Id=v.PostId,u.Id=p.OwnerUserId,u.Id=b.UserId#p.Score,>,22,p.Score,<,116,p.CommentCount,>,1,p.CommentCount,<,9,u.DownVotes,>,105,u.DownVotes,<,746,v.CreationDate,>,1355146101,v.CreationDate,<,1382229185,v.VoteTypeId,>,7,v.VoteTypeId,<,11,b.Date,>,1358131398,b.Date,<,1393774129#170
votes v,posts p,badges b,users u#p.Id=v.PostId,u.Id=p.OwnerUserId,u.Id=b.UserId#p.Score,>,-2,p.Score,<,116,p.CommentCount,>,13,p.CommentCount,<,17,u.DownVotes,>,559,u.DownVotes,<,1561,v.CreationDate,>,1335429142,v.CreationDate,<,1337654357,v.VoteTypeId,>,1,v.VoteTypeId,<,15,b.Date,>,1345254367,b.Date,<,1409333018#2016
votes v,posts p,badges b,users u#p.Id=v.PostId,u.Id=p.OwnerUserId,u.Id=b.UserId#p.Score,>,21,p.Score,<,190,p.CommentCount,>,4,p.CommentCount,<,19,u.DownVotes,>,264,u.DownVotes,<,1631,v.CreationDate,>,1322062801,v.CreationDate,<,1401032977,v.VoteTypeId,>,1,v.VoteTypeId,<,5,b.Date,>,1302890074,b.Date,<,1386095609#257112
votes v,posts p,badges b,users u#p.Id=v.PostId,u.Id=p.OwnerUserId,u.Id=b.UserId#p.Score,>,39,p.Score,<,99,p.CommentCount,>,15,p.CommentCount,<,29,u.DownVotes,>,76,u.DownVotes,<,526,v.CreationDate,>,1254700386,v.CreationDate,<,1301237451,v.VoteTypeId,>,4,v.VoteTypeId,<,15,b.Date,>,1376935369,b.Date,<,1398529316#31
votes v,posts p,badges b,users u#p.Id=v.PostId,u.Id=p.OwnerUserId,u.Id=b.UserId#p.Score,>,1,p.Score,<,7,p.CommentCount,>,0,p.CommentCount,<,15,u.DownVotes,>,245,u.DownVotes,<,974,v.CreationDate,>,1243278502,v.CreationDate,<,1370786907,v.VoteTypeId,>,5,v.VoteTypeId,<,14,b.Date,>,1293197339,b.Date,<,1370702249#3684
votes v,posts p,badges b,users u#p.Id=v.PostId,u.Id=p.OwnerUserId,u.Id=b.UserId#p.Score,>,-18,p.Score,<,173,p.CommentCount,>,0,p.CommentCount,<,39,u.DownVotes,>,138,u.DownVotes,<,1811,v.CreationDate,>,1341689500,v.CreationDate,<,1379727125,v.VoteTypeId,>,6,v.VoteTypeId,<,14,b.Date,>,1327928958,b.Date,<,1352073224#1094
votes v,posts p,badges b,users u#p.Id=v.PostId,u.Id=p.OwnerUserId,u.Id=b.UserId#p.Score,>,0,p.Score,<,191,p.CommentCount,>,4,p.CommentCount,<,12,u.DownVotes,>,588,u.DownVotes,<,1440,v.CreationDate,>,1257259890,v.CreationDate,<,1319933015,v.VoteTypeId,>,1,v.VoteTypeId,<,15,b.Date,>,1293790377,b.Date,<,1349288253#116821
votes v,posts p,badges b,users u#p.Id=v.PostId,u.Id=p.OwnerUserId,u.Id=b.UserId#p.Score,>,42,p.Score,<,127,p.CommentCount,>,6,p.CommentCount,<,30,u.DownVotes,>,630,u.DownVotes,<,994,v.CreationDate,>,1350323965,v.CreationDate,<,1383221862,v.VoteTypeId,>,1,v.VoteTypeId,<,7,b.Date,>,1301828840,b.Date,<,1352264677#13690
votes v,posts p,badges b,users u#p.Id=v.PostId,u.Id=p.OwnerUserId,u.Id=b.UserId#p.Score,>,24,p.Score,<,105,p.CommentCount,>,1,p.CommentCount,<,7,u.DownVotes,>,431,u.DownVotes,<,941,v.CreationDate,>,1243868988,v.CreationDate,<,1358689025,v.VoteTypeId,>,2,v.VoteTypeId,<,14,b.Date,>,1319420745,b.Date,<,1388147746#2322
votes v,posts p,badges b,users u#p.Id=v.PostId,u.Id=p.OwnerUserId,u.Id=b.UserId#p.Score,>,37,p.Score,<,74,p.CommentCount,>,18,p.CommentCount,<,33,u.DownVotes,>,176,u.DownVotes,<,611,v.CreationDate,>,1236929588,v.CreationDate,<,1392254702,v.VoteTypeId,>,1,v.VoteTypeId,<,7,b.Date,>,1382692882,b.Date,<,1406915246#1066
votes v,posts p,badges b,users u#p.Id=v.PostId,u.Id=p.OwnerUserId,u.Id=b.UserId#p.Score,>,20,p.Score,<,124,p.CommentCount,>,4,p.CommentCount,<,17,u.DownVotes,>,524,u.DownVotes,<,1265,v.CreationDate,>,1237824698,v.CreationDate,<,1401132040,v.VoteTypeId,>,2,v.VoteTypeId,<,9,b.Date,>,1283307394,b.Date,<,1289859436#294
votes v,posts p,badges b,users u#p.Id=v.PostId,u.Id=p.OwnerUserId,u.Id=b.UserId#p.Score,>,51,p.Score,<,190,p.CommentCount,>,8,p.CommentCount,<,37,u.DownVotes,>,206,u.DownVotes,<,518,v.CreationDate,>,1316367804,v.CreationDate,<,1378014258,v.VoteTypeId,>,1,v.VoteTypeId,<,4,b.Date,>,1308806848,b.Date,<,1361617567#8202
votes v,posts p,badges b,users u#p.Id=v.PostId,u.Id=p.OwnerUserId,u.Id=b.UserId#p.Score,>,-12,p.Score,<,91,p.CommentCount,>,19,p.CommentCount,<,21,u.DownVotes,>,16,u.DownVotes,<,399,v.CreationDate,>,1243947599,v.CreationDate,<,1351121257,v.VoteTypeId,>,3,v.VoteTypeId,<,14,b.Date,>,1348885120,b.Date,<,1378971875#26
votes v,posts p,badges b,users u#p.Id=v.PostId,u.Id=p.OwnerUserId,u.Id=b.UserId#p.Score,>,9,p.Score,<,146,p.CommentCount,>,6,p.CommentCount,<,23,u.DownVotes,>,535,u.DownVotes,<,954,v.CreationDate,>,1320822082,v.CreationDate,<,1340176524,v.VoteTypeId,>,4,v.VoteTypeId,<,7,b.Date,>,1331217643,b.Date,<,1397497880#269
votes v,posts p,badges b,users u#p.Id=v.PostId,u.Id=p.OwnerUserId,u.Id=b.UserId#p.Score,>,80,p.Score,<,116,p.CommentCount,>,3,p.CommentCount,<,39,u.DownVotes,>,51,u.DownVotes,<,1643,v.CreationDate,>,1284617262,v.CreationDate,<,1333785876,v.VoteTypeId,>,1,v.VoteTypeId,<,8,b.Date,>,1345302450,b.Date,<,1349935909#855
votes v,posts p,badges b,users u#p.Id=v.PostId,u.Id=p.OwnerUserId,u.Id=b.UserId#p.Score,>,-12,p.Score,<,128,p.CommentCount,>,0,p.CommentCount,<,23,u.DownVotes,>,163,u.DownVotes,<,1904,v.CreationDate,>,1247777665,v.CreationDate,<,1292567171,v.VoteTypeId,>,7,v.VoteTypeId,<,14,b.Date,>,1296214389,b.Date,<,1382520502#1384
votes v,posts p,badges b,users u#p.Id=v.PostId,u.Id=p.OwnerUserId,u.Id=b.UserId#p.Score,>,16,p.Score,<,181,p.CommentCount,>,16,p.CommentCount,<,34,u.DownVotes,>,0,u.DownVotes,<,447,v.CreationDate,>,1248691793,v.CreationDate,<,1289074950,v.VoteTypeId,>,1,v.VoteTypeId,<,15,b.Date,>,1340386235,b.Date,<,1347845645#39
votes v,posts p,badges b,users u#p.Id=v.PostId,u.Id=p.OwnerUserId,u.Id=b.UserId#p.Score,>,-7,p.Score,<,146,p.CommentCount,>,11,p.CommentCount,<,17,u.DownVotes,>,117,u.DownVotes,<,1368,v.CreationDate,>,1251076352,v.CreationDate,<,1401074322,v.VoteTypeId,>,1,v.VoteTypeId,<,3,b.Date,>,1279753298,b.Date,<,1299242843#14728
votes v,posts p,badges b,users u#p.Id=v.PostId,u.Id=p.OwnerUserId,u.Id=b.UserId#p.Score,>,83,p.Score,<,124,p.CommentCount,>,9,p.CommentCount,<,18,u.DownVotes,>,55,u.DownVotes,<,926,v.CreationDate,>,1367815661,v.CreationDate,<,1378793701,v.VoteTypeId,>,1,v.VoteTypeId,<,14,b.Date,>,1311264100,b.Date,<,1382651152#4601
votes v,posts p,badges b,users u#p.Id=v.PostId,u.Id=p.OwnerUserId,u.Id=b.UserId#p.Score,>,35,p.Score,<,42,p.CommentCount,>,5,p.CommentCount,<,29,u.DownVotes,>,485,u.DownVotes,<,1240,v.CreationDate,>,1269360627,v.CreationDate,<,1362233647,v.VoteTypeId,>,1,v.VoteTypeId,<,4,b.Date,>,1333451627,b.Date,<,1408796002#15700
votes v,posts p,badges b,users u#p.Id=v.PostId,u.Id=p.OwnerUserId,u.Id=b.UserId#p.Score,>,22,p.Score,<,62,p.CommentCount,>,5,p.CommentCount,<,16,u.DownVotes,>,557,u.DownVotes,<,1260,v.CreationDate,>,1282912101,v.CreationDate,<,1379839101,v.VoteTypeId,>,1,v.VoteTypeId,<,11,b.Date,>,1289869535,b.Date,<,1324082398#41040
votes v,posts p,badges b,users u#p.Id=v.PostId,u.Id=p.OwnerUserId,u.Id=b.UserId#p.Score,>,48,p.Score,<,165,p.CommentCount,>,5,p.CommentCount,<,13,u.DownVotes,>,103,u.DownVotes,<,1458,v.CreationDate,>,1267672293,v.CreationDate,<,1385615520,v.VoteTypeId,>,1,v.VoteTypeId,<,10,b.Date,>,1331632700,b.Date,<,1391490853#156049
votes v,posts p,badges b,users u#p.Id=v.PostId,u.Id=p.OwnerUserId,u.Id=b.UserId#p.Score,>,-8,p.Score,<,165,p.CommentCount,>,13,p.CommentCount,<,15,u.DownVotes,>,195,u.DownVotes,<,446,v.CreationDate,>,1266775991,v.CreationDate,<,1398246674,v.VoteTypeId,>,1,v.VoteTypeId,<,11,b.Date,>,1324365350,b.Date,<,1363370090#2142
votes v,posts p,badges b,users u#p.Id=v.PostId,u.Id=p.OwnerUserId,u.Id=b.UserId#p.Score,>,-16,p.Score,<,176,p.CommentCount,>,8,p.CommentCount,<,10,u.DownVotes,>,57,u.DownVotes,<,158,v.CreationDate,>,1263531051,v.CreationDate,<,1333804627,v.VoteTypeId,>,4,v.VoteTypeId,<,10,b.Date,>,1345809819,b.Date,<,1372846362#275
votes v,posts p,badges b,users u#p.Id=v.PostId,u.Id=p.OwnerUserId,u.Id=b.UserId#p.Score,>,44,p.Score,<,104,p.CommentCount,>,5,p.CommentCount,<,32,u.DownVotes,>,71,u.DownVotes,<,479,v.CreationDate,>,1257761268,v.CreationDate,<,1306178617,v.VoteTypeId,>,1,v.VoteTypeId,<,9,b.Date,>,1363794117,b.Date,<,1389567734#578
votes v,posts p,badges b,users u#p.Id=v.PostId,u.Id=p.OwnerUserId,u.Id=b.UserId#p.Score,>,3,p.Score,<,156,p.CommentCount,>,12,p.CommentCount,<,44,u.DownVotes,>,371,u.DownVotes,<,956,v.CreationDate,>,1301216542,v.CreationDate,<,1322456507,v.VoteTypeId,>,1,v.VoteTypeId,<,13,b.Date,>,1302141090,b.Date,<,1401432378#14800
votes v,posts p,badges b,users u#p.Id=v.PostId,u.Id=p.OwnerUserId,u.Id=b.UserId#p.Score,>,0,p.Score,<,150,p.CommentCount,>,18,p.CommentCount,<,41,u.DownVotes,>,541,u.DownVotes,<,980,v.CreationDate,>,1317698099,v.CreationDate,<,1385021829,v.VoteTypeId,>,1,v.VoteTypeId,<,6,b.Date,>,1365698886,b.Date,<,1370227662#14
votes v,posts p,badges b,users u#p.Id=v.PostId,u.Id=p.OwnerUserId,u.Id=b.UserId#p.Score,>,1,p.Score,<,91,p.CommentCount,>,1,p.CommentCount,<,32,u.DownVotes,>,334,u.DownVotes,<,1596,v.CreationDate,>,1276961259,v.CreationDate,<,1340059051,v.VoteTypeId,>,7,v.VoteTypeId,<,13,b.Date,>,1334571590,b.Date,<,1402208513#4247
votes v,posts p,badges b,users u#p.Id=v.PostId,u.Id=p.OwnerUserId,u.Id=b.UserId#p.Score,>,57,p.Score,<,164,p.CommentCount,>,1,p.CommentCount,<,42,u.DownVotes,>,163,u.DownVotes,<,1499,v.CreationDate,>,1248159414,v.CreationDate,<,1377425236,v.VoteTypeId,>,2,v.VoteTypeId,<,11,b.Date,>,1341765547,b.Date,<,1358491521#126
votes v,posts p,badges b,users u#p.Id=v.PostId,u.Id=p.OwnerUserId,u.Id=b.UserId#p.Score,>,136,p.Score,<,185,p.CommentCount,>,8,p.CommentCount,<,42,u.DownVotes,>,14,u.DownVotes,<,1514,v.CreationDate,>,1267705107,v.CreationDate,<,1386225966,v.VoteTypeId,>,2,v.VoteTypeId,<,10,b.Date,>,1327281393,b.Date,<,1347844498#63
votes v,posts p,badges b,users u#p.Id=v.PostId,u.Id=p.OwnerUserId,u.Id=b.UserId#p.Score,>,69,p.Score,<,152,p.CommentCount,>,3,p.CommentCount,<,11,u.DownVotes,>,411,u.DownVotes,<,1795,v.CreationDate,>,1268247814,v.CreationDate,<,1391293112,v.VoteTypeId,>,1,v.VoteTypeId,<,11,b.Date,>,1323697059,b.Date,<,1378936873#28408
votes v,posts p,badges b,users u#p.Id=v.PostId,u.Id=p.OwnerUserId,u.Id=b.UserId#p.Score,>,44,p.Score,<,162,p.CommentCount,>,7,p.CommentCount,<,27,u.DownVotes,>,128,u.DownVotes,<,963,v.CreationDate,>,1243830778,v.CreationDate,<,1338066039,v.VoteTypeId,>,2,v.VoteTypeId,<,6,b.Date,>,1285765811,b.Date,<,1320625908#95
votes v,posts p,badges b,users u#p.Id=v.PostId,u.Id=p.OwnerUserId,u.Id=b.UserId#p.Score,>,63,p.Score,<,107,p.CommentCount,>,4,p.CommentCount,<,26,u.DownVotes,>,256,u.DownVotes,<,1766,v.CreationDate,>,1274285559,v.CreationDate,<,1370887189,v.VoteTypeId,>,1,v.VoteTypeId,<,8,b.Date,>,1400120018,b.Date,<,1403774630#1716
votes v,posts p,badges b,users u#p.Id=v.PostId,u.Id=p.OwnerUserId,u.Id=b.UserId#p.Score,>,15,p.Score,<,77,p.CommentCount,>,6,p.CommentCount,<,38,u.DownVotes,>,84,u.DownVotes,<,1626,v.CreationDate,>,1243613511,v.CreationDate,<,1283286604,v.VoteTypeId,>,1,v.VoteTypeId,<,10,b.Date,>,1359797392,b.Date,<,1386313968#1043
votes v,posts p,badges b,users u#p.Id=v.PostId,u.Id=p.OwnerUserId,u.Id=b.UserId#p.Score,>,-9,p.Score,<,12,p.CommentCount,>,2,p.CommentCount,<,36,u.DownVotes,>,396,u.DownVotes,<,1342,v.CreationDate,>,1281987056,v.CreationDate,<,1304943170,v.VoteTypeId,>,3,v.VoteTypeId,<,12,b.Date,>,1358949434,b.Date,<,1386126952#624
votes v,posts p,badges b,users u#p.Id=v.PostId,u.Id=p.OwnerUserId,u.Id=b.UserId#p.Score,>,-5,p.Score,<,43,p.CommentCount,>,10,p.CommentCount,<,29,u.DownVotes,>,378,u.DownVotes,<,1457,v.CreationDate,>,1270222157,v.CreationDate,<,1359099348,v.VoteTypeId,>,9,v.VoteTypeId,<,12,b.Date,>,1339252057,b.Date,<,1354232009#62
votes v,posts p,badges b,users u#p.Id=v.PostId,u.Id=p.OwnerUserId,u.Id=b.UserId#p.Score,>,-5,p.Score,<,19,p.CommentCount,>,1,p.CommentCount,<,28,u.DownVotes,>,109,u.DownVotes,<,241,v.CreationDate,>,1317678513,v.CreationDate,<,1397764908,v.VoteTypeId,>,1,v.VoteTypeId,<,9,b.Date,>,1314182158,b.Date,<,1361871707#324048
votes v,posts p,badges b,users u#p.Id=v.PostId,u.Id=p.OwnerUserId,u.Id=b.UserId#p.Score,>,1,p.Score,<,11,p.CommentCount,>,3,p.CommentCount,<,18,u.DownVotes,>,272,u.DownVotes,<,513,v.CreationDate,>,1291416789,v.CreationDate,<,1395926197,v.VoteTypeId,>,3,v.VoteTypeId,<,7,b.Date,>,1361718547,b.Date,<,1385204249#108
votes v,posts p,badges b,users u#p.Id=v.PostId,u.Id=p.OwnerUserId,u.Id=b.UserId#p.Score,>,71,p.Score,<,164,p.CommentCount,>,7,p.CommentCount,<,16,u.DownVotes,>,9,u.DownVotes,<,953,v.CreationDate,>,1261662113,v.CreationDate,<,1314841845,v.VoteTypeId,>,1,v.VoteTypeId,<,5,b.Date,>,1399599778,b.Date,<,1403983861#378
votes v,posts p,badges b,users u#p.Id=v.PostId,u.Id=p.OwnerUserId,u.Id=b.UserId#p.Score,>,36,p.Score,<,155,p.CommentCount,>,5,p.CommentCount,<,32,u.DownVotes,>,732,u.DownVotes,<,831,v.CreationDate,>,1254917544,v.CreationDate,<,1291960772,v.VoteTypeId,>,1,v.VoteTypeId,<,15,b.Date,>,1401060908,b.Date,<,1406147589#420
votes v,posts p,badges b,users u#p.Id=v.PostId,u.Id=p.OwnerUserId,u.Id=b.UserId#p.Score,>,-5,p.Score,<,60,p.CommentCount,>,3,p.CommentCount,<,25,u.DownVotes,>,471,u.DownVotes,<,1039,v.CreationDate,>,1285997348,v.CreationDate,<,1384274649,v.VoteTypeId,>,6,v.VoteTypeId,<,9,b.Date,>,1371218492,b.Date,<,1397597805#107
votes v,posts p,badges b,users u#p.Id=v.PostId,u.Id=p.OwnerUserId,u.Id=b.UserId#p.Score,>,11,p.Score,<,83,p.CommentCount,>,9,p.CommentCount,<,43,u.DownVotes,>,121,u.DownVotes,<,1708,v.CreationDate,>,1322221952,v.CreationDate,<,1332472345,v.VoteTypeId,>,2,v.VoteTypeId,<,15,b.Date,>,1301806678,b.Date,<,1410060173#176
votes v,posts p,badges b,users u#p.Id=v.PostId,u.Id=p.OwnerUserId,u.Id=b.UserId#p.Score,>,-16,p.Score,<,43,p.CommentCount,>,4,p.CommentCount,<,8,u.DownVotes,>,127,u.DownVotes,<,1223,v.CreationDate,>,1280798441,v.CreationDate,<,1348499352,v.VoteTypeId,>,1,v.VoteTypeId,<,12,b.Date,>,1335820166,b.Date,<,1346388420#66474
votes v,posts p,badges b,users u#p.Id=v.PostId,u.Id=p.OwnerUserId,u.Id=b.UserId#p.Score,>,52,p.Score,<,167,p.CommentCount,>,0,p.CommentCount,<,29,u.DownVotes,>,45,u.DownVotes,<,565,v.CreationDate,>,1268596723,v.CreationDate,<,1339930742,v.VoteTypeId,>,1,v.VoteTypeId,<,7,b.Date,>,1292741048,b.Date,<,1300028407#3814
votes v,posts p,badges b,users u#p.Id=v.PostId,u.Id=p.OwnerUserId,u.Id=b.UserId#p.Score,>,4,p.Score,<,131,p.CommentCount,>,16,p.CommentCount,<,24,u.DownVotes,>,5,u.DownVotes,<,1463,v.CreationDate,>,1236023214,v.CreationDate,<,1341188647,v.VoteTypeId,>,3,v.VoteTypeId,<,15,b.Date,>,1349715899,b.Date,<,1354649286#20
votes v,posts p,badges b,users u#p.Id=v.PostId,u.Id=p.OwnerUserId,u.Id=b.UserId#p.Score,>,-12,p.Score,<,161,p.CommentCount,>,17,p.CommentCount,<,25,u.DownVotes,>,401,u.DownVotes,<,862,v.CreationDate,>,1235633235,v.CreationDate,<,1361063130,v.VoteTypeId,>,4,v.VoteTypeId,<,10,b.Date,>,1295457458,b.Date,<,1338881933#114
votes v,posts p,badges b,users u#p.Id=v.PostId,u.Id=p.OwnerUserId,u.Id=b.UserId#p.Score,>,60,p.Score,<,140,p.CommentCount,>,9,p.CommentCount,<,17,u.DownVotes,>,20,u.DownVotes,<,1800,v.CreationDate,>,1254654484,v.CreationDate,<,1379365980,v.VoteTypeId,>,2,v.VoteTypeId,<,7,b.Date,>,1327234087,b.Date,<,1403422222#211
votes v,posts p,badges b,users u#p.Id=v.PostId,u.Id=p.OwnerUserId,u.Id=b.UserId#p.Score,>,80,p.Score,<,190,p.CommentCount,>,10,p.CommentCount,<,15,u.DownVotes,>,160,u.DownVotes,<,1742,v.CreationDate,>,1308470619,v.CreationDate,<,1322198490,v.VoteTypeId,>,1,v.VoteTypeId,<,6,b.Date,>,1335764605,b.Date,<,1389967200#4884
votes v,posts p,badges b,users u#p.Id=v.PostId,u.Id=p.OwnerUserId,u.Id=b.UserId#p.Score,>,115,p.Score,<,163,p.CommentCount,>,8,p.CommentCount,<,18,u.DownVotes,>,140,u.DownVotes,<,808,v.CreationDate,>,1280551679,v.CreationDate,<,1353277281,v.VoteTypeId,>,1,v.VoteTypeId,<,7,b.Date,>,1285937207,b.Date,<,1353206492#13398
votes v,posts p,badges b,users u#p.Id=v.PostId,u.Id=p.OwnerUserId,u.Id=b.UserId#p.Score,>,10,p.Score,<,153,p.CommentCount,>,6,p.CommentCount,<,38,u.DownVotes,>,348,u.DownVotes,<,1629,v.CreationDate,>,1273338679,v.CreationDate,<,1328362917,v.VoteTypeId,>,4,v.VoteTypeId,<,13,b.Date,>,1361053595,b.Date,<,1391385027#600
votes v,posts p,badges b,users u#p.Id=v.PostId,u.Id=p.OwnerUserId,u.Id=b.UserId#p.Score,>,-15,p.Score,<,69,p.CommentCount,>,4,p.CommentCount,<,35,u.DownVotes,>,737,u.DownVotes,<,1109,v.CreationDate,>,1245513944,v.CreationDate,<,1315140989,v.VoteTypeId,>,6,v.VoteTypeId,<,9,b.Date,>,1319059952,b.Date,<,1391848913#283
votes v,posts p,badges b,users u#p.Id=v.PostId,u.Id=p.OwnerUserId,u.Id=b.UserId#p.Score,>,10,p.Score,<,137,p.CommentCount,>,6,p.CommentCount,<,43,u.DownVotes,>,644,u.DownVotes,<,1711,v.CreationDate,>,1365710144,v.CreationDate,<,1378930376,v.VoteTypeId,>,3,v.VoteTypeId,<,10,b.Date,>,1377602514,b.Date,<,1379601413#8
votes v,posts p,badges b,users u#p.Id=v.PostId,u.Id=p.OwnerUserId,u.Id=b.UserId#p.Score,>,22,p.Score,<,87,p.CommentCount,>,11,p.CommentCount,<,25,u.DownVotes,>,68,u.DownVotes,<,1787,v.CreationDate,>,1248764836,v.CreationDate,<,1408397623,v.VoteTypeId,>,8,v.VoteTypeId,<,12,b.Date,>,1289327742,b.Date,<,1326026037#146
votes v,posts p,badges b,users u#p.Id=v.PostId,u.Id=p.OwnerUserId,u.Id=b.UserId#p.Score,>,-6,p.Score,<,137,p.CommentCount,>,6,p.CommentCount,<,14,u.DownVotes,>,525,u.DownVotes,<,1037,v.CreationDate,>,1286226336,v.CreationDate,<,1336496235,v.VoteTypeId,>,4,v.VoteTypeId,<,6,b.Date,>,1362994421,b.Date,<,1367294098#66
votes v,posts p,badges b,users u#p.Id=v.PostId,u.Id=p.OwnerUserId,u.Id=b.UserId#p.Score,>,-10,p.Score,<,175,p.CommentCount,>,1,p.CommentCount,<,15,u.DownVotes,>,257,u.DownVotes,<,1193,v.CreationDate,>,1246793996,v.CreationDate,<,1360239067,v.VoteTypeId,>,2,v.VoteTypeId,<,9,b.Date,>,1346780546,b.Date,<,1385711934#4157
votes v,posts p,badges b,users u#p.Id=v.PostId,u.Id=p.OwnerUserId,u.Id=b.UserId#p.Score,>,8,p.Score,<,184,p.CommentCount,>,10,p.CommentCount,<,38,u.DownVotes,>,391,u.DownVotes,<,1328,v.CreationDate,>,1342534837,v.CreationDate,<,1392443093,v.VoteTypeId,>,1,v.VoteTypeId,<,6,b.Date,>,1332278778,b.Date,<,1382583464#37237
votes v,posts p,badges b,users u#p.Id=v.PostId,u.Id=p.OwnerUserId,u.Id=b.UserId#p.Score,>,-12,p.Score,<,176,p.CommentCount,>,1,p.CommentCount,<,9,u.DownVotes,>,694,u.DownVotes,<,1196,v.CreationDate,>,1273832246,v.CreationDate,<,1300540462,v.VoteTypeId,>,4,v.VoteTypeId,<,12,b.Date,>,1302250653,b.Date,<,1383229296#2920
votes v,posts p,badges b,users u#p.Id=v.PostId,u.Id=p.OwnerUserId,u.Id=b.UserId#p.Score,>,0,p.Score,<,32,p.CommentCount,>,0,p.CommentCount,<,12,u.DownVotes,>,665,u.DownVotes,<,1648,v.CreationDate,>,1371500019,v.CreationDate,<,1407053126,v.VoteTypeId,>,4,v.VoteTypeId,<,10,b.Date,>,1331390190,b.Date,<,1366765285#1341
votes v,posts p,badges b,users u#p.Id=v.PostId,u.Id=p.OwnerUserId,u.Id=b.UserId#p.Score,>,-9,p.Score,<,30,p.CommentCount,>,16,p.CommentCount,<,29,u.DownVotes,>,593,u.DownVotes,<,1061,v.CreationDate,>,1304249807,v.CreationDate,<,1373077603,v.VoteTypeId,>,3,v.VoteTypeId,<,15,b.Date,>,1328412513,b.Date,<,1408627652#324
votes v,posts p,badges b,users u#p.Id=v.PostId,u.Id=p.OwnerUserId,u.Id=b.UserId#p.Score,>,8,p.Score,<,26,p.CommentCount,>,7,p.CommentCount,<,24,u.DownVotes,>,544,u.DownVotes,<,1761,v.CreationDate,>,1243713171,v.CreationDate,<,1337034506,v.VoteTypeId,>,1,v.VoteTypeId,<,14,b.Date,>,1326085585,b.Date,<,1386158833#37206
votes v,posts p,badges b,users u#p.Id=v.PostId,u.Id=p.OwnerUserId,u.Id=b.UserId#p.Score,>,-3,p.Score,<,153,p.CommentCount,>,5,p.CommentCount,<,26,u.DownVotes,>,234,u.DownVotes,<,1239,v.CreationDate,>,1310170693,v.CreationDate,<,1402101063,v.VoteTypeId,>,6,v.VoteTypeId,<,10,b.Date,>,1399217149,b.Date,<,1399993124#16
votes v,posts p,badges b,users u#p.Id=v.PostId,u.Id=p.OwnerUserId,u.Id=b.UserId#p.Score,>,-16,p.Score,<,155,p.CommentCount,>,0,p.CommentCount,<,38,u.DownVotes,>,212,u.DownVotes,<,1523,v.CreationDate,>,1382546050,v.CreationDate,<,1386489089,v.VoteTypeId,>,6,v.VoteTypeId,<,14,b.Date,>,1372773638,b.Date,<,1389983390#71
votes v,posts p,badges b,users u#p.Id=v.PostId,u.Id=p.OwnerUserId,u.Id=b.UserId#p.Score,>,-14,p.Score,<,156,p.CommentCount,>,18,p.CommentCount,<,42,u.DownVotes,>,226,u.DownVotes,<,1356,v.CreationDate,>,1329066288,v.CreationDate,<,1376605291,v.VoteTypeId,>,2,v.VoteTypeId,<,5,b.Date,>,1301546270,b.Date,<,1348439473#118
votes v,posts p,badges b,users u#p.Id=v.PostId,u.Id=p.OwnerUserId,u.Id=b.UserId#p.Score,>,2,p.Score,<,166,p.CommentCount,>,8,p.CommentCount,<,23,u.DownVotes,>,336,u.DownVotes,<,1771,v.CreationDate,>,1357752195,v.CreationDate,<,1406570668,v.VoteTypeId,>,5,v.VoteTypeId,<,11,b.Date,>,1375272643,b.Date,<,1401280311#153
votes v,posts p,badges b,users u#p.Id=v.PostId,u.Id=p.OwnerUserId,u.Id=b.UserId#p.Score,>,-10,p.Score,<,32,p.CommentCount,>,3,p.CommentCount,<,9,u.DownVotes,>,325,u.DownVotes,<,684,v.CreationDate,>,1315447831,v.CreationDate,<,1358297061,v.VoteTypeId,>,5,v.VoteTypeId,<,14,b.Date,>,1324764551,b.Date,<,1327947208#12
votes v,posts p,badges b,users u#p.Id=v.PostId,u.Id=p.OwnerUserId,u.Id=b.UserId#p.Score,>,15,p.Score,<,27,p.CommentCount,>,7,p.CommentCount,<,37,u.DownVotes,>,279,u.DownVotes,<,489,v.CreationDate,>,1311594471,v.CreationDate,<,1336127265,v.VoteTypeId,>,1,v.VoteTypeId,<,5,b.Date,>,1280391204,b.Date,<,1323194205#165
votes v,posts p,badges b,users u#p.Id=v.PostId,u.Id=p.OwnerUserId,u.Id=b.UserId#p.Score,>,3,p.Score,<,108,p.CommentCount,>,14,p.CommentCount,<,29,u.DownVotes,>,91,u.DownVotes,<,1509,v.CreationDate,>,1315742772,v.CreationDate,<,1404675158,v.VoteTypeId,>,1,v.VoteTypeId,<,12,b.Date,>,1317863319,b.Date,<,1327917003#4437
votes v,posts p,badges b,users u#p.Id=v.PostId,u.Id=p.OwnerUserId,u.Id=b.UserId#p.Score,>,-13,p.Score,<,19,p.CommentCount,>,9,p.CommentCount,<,36,u.DownVotes,>,514,u.DownVotes,<,1787,v.CreationDate,>,1364516180,v.CreationDate,<,1379042080,v.VoteTypeId,>,1,v.VoteTypeId,<,13,b.Date,>,1299349999,b.Date,<,1315804329#1620
votes v,posts p,badges b,users u#p.Id=v.PostId,u.Id=p.OwnerUserId,u.Id=b.UserId#p.Score,>,-3,p.Score,<,171,p.CommentCount,>,31,p.CommentCount,<,36,u.DownVotes,>,200,u.DownVotes,<,1286,v.CreationDate,>,1238895534,v.CreationDate,<,1349670466,v.VoteTypeId,>,1,v.VoteTypeId,<,5,b.Date,>,1333672163,b.Date,<,1399749433#1320
votes v,posts p,badges b,users u#p.Id=v.PostId,u.Id=p.OwnerUserId,u.Id=b.UserId#p.Score,>,118,p.Score,<,176,p.CommentCount,>,10,p.CommentCount,<,15,u.DownVotes,>,31,u.DownVotes,<,485,v.CreationDate,>,1274594847,v.CreationDate,<,1343849406,v.VoteTypeId,>,1,v.VoteTypeId,<,4,b.Date,>,1373249893,b.Date,<,1401531166#1458
votes v,posts p,badges b,users u#p.Id=v.PostId,u.Id=p.OwnerUserId,u.Id=b.UserId#p.Score,>,99,p.Score,<,142,p.CommentCount,>,8,p.CommentCount,<,40,u.DownVotes,>,99,u.DownVotes,<,196,v.CreationDate,>,1265506216,v.CreationDate,<,1349517557,v.VoteTypeId,>,3,v.VoteTypeId,<,11,b.Date,>,1355272196,b.Date,<,1385870631#73
votes v,posts p,badges b,users u#p.Id=v.PostId,u.Id=p.OwnerUserId,u.Id=b.UserId#p.Score,>,42,p.Score,<,92,p.CommentCount,>,9,p.CommentCount,<,31,u.DownVotes,>,155,u.DownVotes,<,1508,v.CreationDate,>,1270923558,v.CreationDate,<,1396940506,v.VoteTypeId,>,1,v.VoteTypeId,<,11,b.Date,>,1345017127,b.Date,<,1402751455#41860
votes v,posts p,badges b,users u#p.Id=v.PostId,u.Id=p.OwnerUserId,u.Id=b.UserId#p.Score,>,-18,p.Score,<,4,p.CommentCount,>,6,p.CommentCount,<,35,u.DownVotes,>,767,u.DownVotes,<,1441,v.CreationDate,>,1321896909,v.CreationDate,<,1404054910,v.VoteTypeId,>,1,v.VoteTypeId,<,4,b.Date,>,1285790538,b.Date,<,1340005556#3300
votes v,posts p,badges b,users u#p.Id=v.PostId,u.Id=p.OwnerUserId,u.Id=b.UserId#p.Score,>,127,p.Score,<,186,p.CommentCount,>,7,p.CommentCount,<,16,u.DownVotes,>,486,u.DownVotes,<,1887,v.CreationDate,>,1297220108,v.CreationDate,<,1364402235,v.VoteTypeId,>,1,v.VoteTypeId,<,10,b.Date,>,1363067565,b.Date,<,1401846792#10863
votes v,posts p,badges b,users u#p.Id=v.PostId,u.Id=p.OwnerUserId,u.Id=b.UserId#p.Score,>,-4,p.Score,<,53,p.CommentCount,>,7,p.CommentCount,<,30,u.DownVotes,>,344,u.DownVotes,<,665,v.CreationDate,>,1241178542,v.CreationDate,<,1343917412,v.VoteTypeId,>,1,v.VoteTypeId,<,4,b.Date,>,1301480435,b.Date,<,1313819978#3024
votes v,posts p,badges b,users u#p.Id=v.PostId,u.Id=p.OwnerUserId,u.Id=b.UserId#p.Score,>,-12,p.Score,<,105,p.CommentCount,>,3,p.CommentCount,<,18,u.DownVotes,>,550,u.DownVotes,<,1779,v.CreationDate,>,1329447598,v.CreationDate,<,1402612818,v.VoteTypeId,>,2,v.VoteTypeId,<,11,b.Date,>,1373749982,b.Date,<,1405374193#4655
votes v,posts p,badges b,users u#p.Id=v.PostId,u.Id=p.OwnerUserId,u.Id=b.UserId#p.Score,>,13,p.Score,<,71,p.CommentCount,>,8,p.CommentCount,<,44,u.DownVotes,>,68,u.DownVotes,<,1190,v.CreationDate,>,1249789791,v.CreationDate,<,1324574335,v.VoteTypeId,>,2,v.VoteTypeId,<,11,b.Date,>,1329440106,b.Date,<,1336948246#71
votes v,posts p,badges b,users u#p.Id=v.PostId,u.Id=p.OwnerUserId,u.Id=b.UserId#p.Score,>,34,p.Score,<,94,p.CommentCount,>,9,p.CommentCount,<,32,u.DownVotes,>,199,u.DownVotes,<,1578,v.CreationDate,>,1244736011,v.CreationDate,<,1326383359,v.VoteTypeId,>,7,v.VoteTypeId,<,10,b.Date,>,1300405877,b.Date,<,1360513497#80
votes v,posts p,badges b,users u#p.Id=v.PostId,u.Id=p.OwnerUserId,u.Id=b.UserId#p.Score,>,4,p.Score,<,30,p.CommentCount,>,8,p.CommentCount,<,33,u.DownVotes,>,24,u.DownVotes,<,1825,v.CreationDate,>,1329773015,v.CreationDate,<,1367450282,v.VoteTypeId,>,9,v.VoteTypeId,<,14,b.Date,>,1298825141,b.Date,<,1326171380#15
votes v,posts p,badges b,users u#p.Id=v.PostId,u.Id=p.OwnerUserId,u.Id=b.UserId#p.Score,>,33,p.Score,<,106,p.CommentCount,>,15,p.CommentCount,<,41,u.DownVotes,>,75,u.DownVotes,<,1815,v.CreationDate,>,1354251745,v.CreationDate,<,1356573564,v.VoteTypeId,>,1,v.VoteTypeId,<,6,b.Date,>,1317464971,b.Date,<,1327505742#28
votes v,posts p,badges b,users u#p.Id=v.PostId,u.Id=p.OwnerUserId,u.Id=b.UserId#p.Score,>,25,p.Score,<,108,p.CommentCount,>,11,p.CommentCount,<,21,u.DownVotes,>,247,u.DownVotes,<,1087,v.CreationDate,>,1299039057,v.CreationDate,<,1371317573,v.VoteTypeId,>,1,v.VoteTypeId,<,4,b.Date,>,1287743427,b.Date,<,1320304236#2610
votes v,posts p,badges b,users u#p.Id=v.PostId,u.Id=p.OwnerUserId,u.Id=b.UserId#p.Score,>,29,p.Score,<,188,p.CommentCount,>,3,p.CommentCount,<,26,u.DownVotes,>,696,u.DownVotes,<,1147,v.CreationDate,>,1253967088,v.CreationDate,<,1395700459,v.VoteTypeId,>,2,v.VoteTypeId,<,6,b.Date,>,1311101283,b.Date,<,1350739185#2790
votes v,posts p,badges b,users u#p.Id=v.PostId,u.Id=p.OwnerUserId,u.Id=b.UserId#p.Score,>,22,p.Score,<,143,p.CommentCount,>,1,p.CommentCount,<,17,u.DownVotes,>,17,u.DownVotes,<,1252,v.CreationDate,>,1331197944,v.CreationDate,<,1346714529,v.VoteTypeId,>,4,v.VoteTypeId,<,7,b.Date,>,1407165158,b.Date,<,1407267414#5
votes v,posts p,badges b,users u#p.Id=v.PostId,u.Id=p.OwnerUserId,u.Id=b.UserId#p.Score,>,86,p.Score,<,167,p.CommentCount,>,4,p.CommentCount,<,22,u.DownVotes,>,166,u.DownVotes,<,1402,v.CreationDate,>,1310253816,v.CreationDate,<,1339560658,v.VoteTypeId,>,1,v.VoteTypeId,<,15,b.Date,>,1298381827,b.Date,<,1363996612#11883
votes v,posts p,badges b,users u#p.Id=v.PostId,u.Id=p.OwnerUserId,u.Id=b.UserId#p.Score,>,0,p.Score,<,160,p.CommentCount,>,16,p.CommentCount,<,22,u.DownVotes,>,99,u.DownVotes,<,851,v.CreationDate,>,1325897350,v.CreationDate,<,1354075776,v.VoteTypeId,>,1,v.VoteTypeId,<,12,b.Date,>,1349562962,b.Date,<,1350824483#262
votes v,posts p,badges b,users u#p.Id=v.PostId,u.Id=p.OwnerUserId,u.Id=b.UserId#p.Score,>,-9,p.Score,<,71,p.CommentCount,>,6,p.CommentCount,<,31,u.DownVotes,>,697,u.DownVotes,<,1440,v.CreationDate,>,1284454341,v.CreationDate,<,1340712709,v.VoteTypeId,>,2,v.VoteTypeId,<,7,b.Date,>,1376213718,b.Date,<,1399585352#768
votes v,posts p,badges b,users u#p.Id=v.PostId,u.Id=p.OwnerUserId,u.Id=b.UserId#p.Score,>,29,p.Score,<,50,p.CommentCount,>,11,p.CommentCount,<,26,u.DownVotes,>,727,u.DownVotes,<,1794,v.CreationDate,>,1300229820,v.CreationDate,<,1395314760,v.VoteTypeId,>,1,v.VoteTypeId,<,13,b.Date,>,1302686693,b.Date,<,1403914208#19928
votes v,posts p,badges b,users u#p.Id=v.PostId,u.Id=p.OwnerUserId,u.Id=b.UserId#p.Score,>,-12,p.Score,<,26,p.CommentCount,>,12,p.CommentCount,<,28,u.DownVotes,>,413,u.DownVotes,<,958,v.CreationDate,>,1280492609,v.CreationDate,<,1366788812,v.VoteTypeId,>,8,v.VoteTypeId,<,15,b.Date,>,1338040069,b.Date,<,1395925981#248
votes v,posts p,badges b,users u#p.Id=v.PostId,u.Id=p.OwnerUserId,u.Id=b.UserId#p.Score,>,-10,p.Score,<,60,p.CommentCount,>,3,p.CommentCount,<,23,u.DownVotes,>,57,u.DownVotes,<,1539,v.CreationDate,>,1262401862,v.CreationDate,<,1313030319,v.VoteTypeId,>,7,v.VoteTypeId,<,11,b.Date,>,1393653357,b.Date,<,1399229830#181
votes v,posts p,badges b,users u#p.Id=v.PostId,u.Id=p.OwnerUserId,u.Id=b.UserId#p.Score,>,42,p.Score,<,114,p.CommentCount,>,18,p.CommentCount,<,32,u.DownVotes,>,178,u.DownVotes,<,1834,v.CreationDate,>,1261450949,v.CreationDate,<,1333827701,v.VoteTypeId,>,7,v.VoteTypeId,<,14,b.Date,>,1360423610,b.Date,<,1397773262#37
votes v,posts p,badges b,users u#p.Id=v.PostId,u.Id=p.OwnerUserId,u.Id=b.UserId#p.Score,>,-10,p.Score,<,158,p.CommentCount,>,3,p.CommentCount,<,39,u.DownVotes,>,388,u.DownVotes,<,646,v.CreationDate,>,1254689002,v.CreationDate,<,1359142743,v.VoteTypeId,>,2,v.VoteTypeId,<,10,b.Date,>,1306174372,b.Date,<,1331735974#420
votes v,posts p,badges b,users u#p.Id=v.PostId,u.Id=p.OwnerUserId,u.Id=b.UserId#p.Score,>,10,p.Score,<,173,p.CommentCount,>,6,p.CommentCount,<,21,u.DownVotes,>,483,u.DownVotes,<,1593,v.CreationDate,>,1243849055,v.CreationDate,<,1369381184,v.VoteTypeId,>,4,v.VoteTypeId,<,11,b.Date,>,1282433577,b.Date,<,1367095788#1911
votes v,posts p,badges b,users u#p.Id=v.PostId,u.Id=p.OwnerUserId,u.Id=b.UserId#p.Score,>,-5,p.Score,<,129,p.CommentCount,>,13,p.CommentCount,<,38,u.DownVotes,>,361,u.DownVotes,<,1680,v.CreationDate,>,1250422656,v.CreationDate,<,1405757342,v.VoteTypeId,>,1,v.VoteTypeId,<,7,b.Date,>,1339998437,b.Date,<,1389361581#41009
votes v,posts p,badges b,users u#p.Id=v.PostId,u.Id=p.OwnerUserId,u.Id=b.UserId#p.Score,>,6,p.Score,<,107,p.CommentCount,>,3,p.CommentCount,<,19,u.DownVotes,>,338,u.DownVotes,<,1628,v.CreationDate,>,1267011965,v.CreationDate,<,1301286152,v.VoteTypeId,>,3,v.VoteTypeId,<,11,b.Date,>,1303857846,b.Date,<,1405996871#2315
votes v,posts p,badges b,users u#p.Id=v.PostId,u.Id=p.OwnerUserId,u.Id=b.UserId#p.Score,>,58,p.Score,<,137,p.CommentCount,>,5,p.CommentCount,<,12,u.DownVotes,>,300,u.DownVotes,<,872,v.CreationDate,>,1255931473,v.CreationDate,<,1394315207,v.VoteTypeId,>,1,v.VoteTypeId,<,13,b.Date,>,1315971183,b.Date,<,1337562433#22243
votes v,posts p,badges b,users u#p.Id=v.PostId,u.Id=p.OwnerUserId,u.Id=b.UserId#p.Score,>,27,p.Score,<,168,p.CommentCount,>,8,p.CommentCount,<,43,u.DownVotes,>,635,u.DownVotes,<,1865,v.CreationDate,>,1319409267,v.CreationDate,<,1403104732,v.VoteTypeId,>,1,v.VoteTypeId,<,15,b.Date,>,1281228835,b.Date,<,1393390500#143978
votes v,posts p,badges b,users u#p.Id=v.PostId,u.Id=p.OwnerUserId,u.Id=b.UserId#p.Score,>,-8,p.Score,<,136,p.CommentCount,>,9,p.CommentCount,<,19,u.DownVotes,>,624,u.DownVotes,<,1424,v.CreationDate,>,1387161995,v.CreationDate,<,1404907561,v.VoteTypeId,>,5,v.VoteTypeId,<,15,b.Date,>,1324303543,b.Date,<,1396067383#281
votes v,posts p,badges b,users u#p.Id=v.PostId,u.Id=p.OwnerUserId,u.Id=b.UserId#p.Score,>,-13,p.Score,<,97,p.CommentCount,>,3,p.CommentCount,<,11,u.DownVotes,>,48,u.DownVotes,<,384,v.CreationDate,>,1291576263,v.CreationDate,<,1322677514,v.VoteTypeId,>,3,v.VoteTypeId,<,11,b.Date,>,1370619515,b.Date,<,1379482711#247
votes v,posts p,badges b,users u#p.Id=v.PostId,u.Id=p.OwnerUserId,u.Id=b.UserId#p.Score,>,-15,p.Score,<,14,p.CommentCount,>,8,p.CommentCount,<,44,u.DownVotes,>,35,u.DownVotes,<,709,v.CreationDate,>,1253678254,v.CreationDate,<,1282870810,v.VoteTypeId,>,2,v.VoteTypeId,<,15,b.Date,>,1382100509,b.Date,<,1409323147#20
votes v,posts p,badges b,users u#p.Id=v.PostId,u.Id=p.OwnerUserId,u.Id=b.UserId#p.Score,>,22,p.Score,<,137,p.CommentCount,>,2,p.CommentCount,<,31,u.DownVotes,>,425,u.DownVotes,<,1095,v.CreationDate,>,1328663747,v.CreationDate,<,1387771342,v.VoteTypeId,>,2,v.VoteTypeId,<,5,b.Date,>,1352547155,b.Date,<,1373389885#58
votes v,posts p,badges b,users u#p.Id=v.PostId,u.Id=p.OwnerUserId,u.Id=b.UserId#p.Score,>,14,p.Score,<,163,p.CommentCount,>,2,p.CommentCount,<,42,u.DownVotes,>,516,u.DownVotes,<,1367,v.CreationDate,>,1253351993,v.CreationDate,<,1341749550,v.VoteTypeId,>,6,v.VoteTypeId,<,10,b.Date,>,1322561022,b.Date,<,1324760265#12
votes v,posts p,badges b,users u#p.Id=v.PostId,u.Id=p.OwnerUserId,u.Id=b.UserId#p.Score,>,-4,p.Score,<,151,p.CommentCount,>,7,p.CommentCount,<,40,u.DownVotes,>,72,u.DownVotes,<,534,v.CreationDate,>,1330303675,v.CreationDate,<,1393788178,v.VoteTypeId,>,5,v.VoteTypeId,<,9,b.Date,>,1296285034,b.Date,<,1370296696#629
votes v,posts p,badges b,users u#p.Id=v.PostId,u.Id=p.OwnerUserId,u.Id=b.UserId#p.Score,>,-12,p.Score,<,169,p.CommentCount,>,33,p.CommentCount,<,43,u.DownVotes,>,109,u.DownVotes,<,506,v.CreationDate,>,1358281860,v.CreationDate,<,1409829072,v.VoteTypeId,>,1,v.VoteTypeId,<,13,b.Date,>,1342803207,b.Date,<,1352413864#52
votes v,posts p,badges b,users u#p.Id=v.PostId,u.Id=p.OwnerUserId,u.Id=b.UserId#p.Score,>,34,p.Score,<,108,p.CommentCount,>,7,p.CommentCount,<,22,u.DownVotes,>,194,u.DownVotes,<,1752,v.CreationDate,>,1239300870,v.CreationDate,<,1341027487,v.VoteTypeId,>,2,v.VoteTypeId,<,5,b.Date,>,1346117833,b.Date,<,1394734084#187
votes v,posts p,badges b,users u#p.Id=v.PostId,u.Id=p.OwnerUserId,u.Id=b.UserId#p.Score,>,38,p.Score,<,130,p.CommentCount,>,5,p.CommentCount,<,23,u.DownVotes,>,44,u.DownVotes,<,425,v.CreationDate,>,1372144419,v.CreationDate,<,1380078136,v.VoteTypeId,>,1,v.VoteTypeId,<,12,b.Date,>,1321696725,b.Date,<,1361144369#4371
votes v,posts p,badges b,users u#p.Id=v.PostId,u.Id=p.OwnerUserId,u.Id=b.UserId#p.Score,>,31,p.Score,<,99,p.CommentCount,>,1,p.CommentCount,<,37,u.DownVotes,>,35,u.DownVotes,<,140,v.CreationDate,>,1242544154,v.CreationDate,<,1374098198,v.VoteTypeId,>,6,v.VoteTypeId,<,11,b.Date,>,1351211799,b.Date,<,1381634892#88
votes v,posts p,badges b,users u#p.Id=v.PostId,u.Id=p.OwnerUserId,u.Id=b.UserId#p.Score,>,2,p.Score,<,170,p.CommentCount,>,9,p.CommentCount,<,35,u.DownVotes,>,712,u.DownVotes,<,1758,v.CreationDate,>,1279903802,v.CreationDate,<,1329253276,v.VoteTypeId,>,1,v.VoteTypeId,<,14,b.Date,>,1325139476,b.Date,<,1329115228#1020
votes v,posts p,badges b,users u#p.Id=v.PostId,u.Id=p.OwnerUserId,u.Id=b.UserId#p.Score,>,10,p.Score,<,177,p.CommentCount,>,26,p.CommentCount,<,37,u.DownVotes,>,92,u.DownVotes,<,733,v.CreationDate,>,1327041232,v.CreationDate,<,1365768811,v.VoteTypeId,>,1,v.VoteTypeId,<,12,b.Date,>,1335243354,b.Date,<,1357917952#4122
votes v,posts p,badges b,users u#p.Id=v.PostId,u.Id=p.OwnerUserId,u.Id=b.UserId#p.Score,>,3,p.Score,<,118,p.CommentCount,>,4,p.CommentCount,<,26,u.DownVotes,>,167,u.DownVotes,<,1029,v.CreationDate,>,1327832854,v.CreationDate,<,1395304309,v.VoteTypeId,>,7,v.VoteTypeId,<,11,b.Date,>,1390017877,b.Date,<,1410382369#363
votes v,posts p,badges b,users u#p.Id=v.PostId,u.Id=p.OwnerUserId,u.Id=b.UserId#p.Score,>,15,p.Score,<,191,p.CommentCount,>,1,p.CommentCount,<,8,u.DownVotes,>,410,u.DownVotes,<,1349,v.CreationDate,>,1253092712,v.CreationDate,<,1351997699,v.VoteTypeId,>,4,v.VoteTypeId,<,8,b.Date,>,1296323061,b.Date,<,1310951083#296
votes v,posts p,badges b,users u#p.Id=v.PostId,u.Id=p.OwnerUserId,u.Id=b.UserId#p.Score,>,16,p.Score,<,152,p.CommentCount,>,3,p.CommentCount,<,15,u.DownVotes,>,237,u.DownVotes,<,1377,v.CreationDate,>,1269095165,v.CreationDate,<,1401999951,v.VoteTypeId,>,5,v.VoteTypeId,<,15,b.Date,>,1338840697,b.Date,<,1380092562#830
votes v,posts p,badges b,users u#p.Id=v.PostId,u.Id=p.OwnerUserId,u.Id=b.UserId#p.Score,>,-2,p.Score,<,18,p.CommentCount,>,6,p.CommentCount,<,26,u.DownVotes,>,18,u.DownVotes,<,122,v.CreationDate,>,1345101986,v.CreationDate,<,1364888031,v.VoteTypeId,>,2,v.VoteTypeId,<,8,b.Date,>,1333534862,b.Date,<,1364958383#1694
votes v,posts p,badges b,users u#p.Id=v.PostId,u.Id=p.OwnerUserId,u.Id=b.UserId#p.Score,>,12,p.Score,<,173,p.CommentCount,>,8,p.CommentCount,<,32,u.DownVotes,>,656,u.DownVotes,<,786,v.CreationDate,>,1311508199,v.CreationDate,<,1353289513,v.VoteTypeId,>,1,v.VoteTypeId,<,7,b.Date,>,1303554958,b.Date,<,1397869960#94458
votes v,posts p,badges b,users u#p.Id=v.PostId,u.Id=p.OwnerUserId,u.Id=b.UserId#p.Score,>,39,p.Score,<,174,p.CommentCount,>,4,p.CommentCount,<,7,u.DownVotes,>,640,u.DownVotes,<,1291,v.CreationDate,>,1330035167,v.CreationDate,<,1351445337,v.VoteTypeId,>,4,v.VoteTypeId,<,13,b.Date,>,1312693892,b.Date,<,1400309866#1360
votes v,posts p,badges b,users u#p.Id=v.PostId,u.Id=p.OwnerUserId,u.Id=b.UserId#p.Score,>,6,p.Score,<,128,p.CommentCount,>,6,p.CommentCount,<,10,u.DownVotes,>,177,u.DownVotes,<,1854,v.CreationDate,>,1241360531,v.CreationDate,<,1318701798,v.VoteTypeId,>,5,v.VoteTypeId,<,14,b.Date,>,1390031914,b.Date,<,1391545425#60
votes v,posts p,badges b,users u#p.Id=v.PostId,u.Id=p.OwnerUserId,u.Id=b.UserId#p.Score,>,70,p.Score,<,166,p.CommentCount,>,2,p.CommentCount,<,41,u.DownVotes,>,543,u.DownVotes,<,823,v.CreationDate,>,1342014030,v.CreationDate,<,1358641381,v.VoteTypeId,>,1,v.VoteTypeId,<,14,b.Date,>,1306731768,b.Date,<,1336268140#1968
votes v,posts p,badges b,users u#p.Id=v.PostId,u.Id=p.OwnerUserId,u.Id=b.UserId#p.Score,>,33,p.Score,<,83,p.CommentCount,>,0,p.CommentCount,<,11,u.DownVotes,>,105,u.DownVotes,<,1767,v.CreationDate,>,1320034378,v.CreationDate,<,1364966378,v.VoteTypeId,>,2,v.VoteTypeId,<,15,b.Date,>,1327979381,b.Date,<,1358701452#2988
votes v,posts p,badges b,users u#p.Id=v.PostId,u.Id=p.OwnerUserId,u.Id=b.UserId#p.Score,>,48,p.Score,<,112,p.CommentCount,>,3,p.CommentCount,<,41,u.DownVotes,>,391,u.DownVotes,<,1082,v.CreationDate,>,1342984156,v.CreationDate,<,1383071299,v.VoteTypeId,>,1,v.VoteTypeId,<,8,b.Date,>,1381820610,b.Date,<,1398325111#10920
votes v,posts p,badges b,users u#p.Id=v.PostId,u.Id=p.OwnerUserId,u.Id=b.UserId#p.Score,>,16,p.Score,<,85,p.CommentCount,>,0,p.CommentCount,<,43,u.DownVotes,>,335,u.DownVotes,<,1182,v.CreationDate,>,1266548760,v.CreationDate,<,1366140976,v.VoteTypeId,>,3,v.VoteTypeId,<,10,b.Date,>,1302155933,b.Date,<,1403618729#3854
votes v,posts p,badges b,users u#p.Id=v.PostId,u.Id=p.OwnerUserId,u.Id=b.UserId#p.Score,>,47,p.Score,<,171,p.CommentCount,>,7,p.CommentCount,<,43,u.DownVotes,>,89,u.DownVotes,<,1023,v.CreationDate,>,1322783139,v.CreationDate,<,1408860917,v.VoteTypeId,>,8,v.VoteTypeId,<,15,b.Date,>,1327987611,b.Date,<,1398131747#189
votes v,posts p,badges b,users u#p.Id=v.PostId,u.Id=p.OwnerUserId,u.Id=b.UserId#p.Score,>,-3,p.Score,<,101,p.CommentCount,>,4,p.CommentCount,<,24,u.DownVotes,>,28,u.DownVotes,<,1660,v.CreationDate,>,1258809027,v.CreationDate,<,1292522334,v.VoteTypeId,>,2,v.VoteTypeId,<,4,b.Date,>,1329279012,b.Date,<,1341384641#308
votes v,posts p,badges b,users u#p.Id=v.PostId,u.Id=p.OwnerUserId,u.Id=b.UserId#p.Score,>,0,p.Score,<,145,p.CommentCount,>,1,p.CommentCount,<,42,u.DownVotes,>,595,u.DownVotes,<,793,v.CreationDate,>,1262840197,v.CreationDate,<,1309888902,v.VoteTypeId,>,7,v.VoteTypeId,<,11,b.Date,>,1379731859,b.Date,<,1396658393#496
votes v,posts p,badges b,users u#p.Id=v.PostId,u.Id=p.OwnerUserId,u.Id=b.UserId#p.Score,>,37,p.Score,<,78,p.CommentCount,>,11,p.CommentCount,<,28,u.DownVotes,>,540,u.DownVotes,<,847,v.CreationDate,>,1283799826,v.CreationDate,<,1332317232,v.VoteTypeId,>,1,v.VoteTypeId,<,13,b.Date,>,1304184836,b.Date,<,1392565916#6580
votes v,posts p,badges b,users u#p.Id=v.PostId,u.Id=p.OwnerUserId,u.Id=b.UserId#p.Score,>,-17,p.Score,<,62,p.CommentCount,>,3,p.CommentCount,<,22,u.DownVotes,>,670,u.DownVotes,<,1148,v.CreationDate,>,1256892588,v.CreationDate,<,1311711976,v.VoteTypeId,>,7,v.VoteTypeId,<,10,b.Date,>,1331143001,b.Date,<,1350164706#686
votes v,posts p,badges b,users u#p.Id=v.PostId,u.Id=p.OwnerUserId,u.Id=b.UserId#p.Score,>,-11,p.Score,<,83,p.CommentCount,>,15,p.CommentCount,<,44,u.DownVotes,>,476,u.DownVotes,<,1169,v.CreationDate,>,1306885716,v.CreationDate,<,1314256983,v.VoteTypeId,>,2,v.VoteTypeId,<,12,b.Date,>,1330491842,b.Date,<,1395346132#268
votes v,posts p,badges b,users u#p.Id=v.PostId,u.Id=p.OwnerUserId,u.Id=b.UserId#p.Score,>,-18,p.Score,<,191,p.CommentCount,>,9,p.CommentCount,<,14,u.DownVotes,>,452,u.DownVotes,<,1169,v.CreationDate,>,1298543333,v.CreationDate,<,1408776095,v.VoteTypeId,>,4,v.VoteTypeId,<,15,b.Date,>,1350021501,b.Date,<,1363902275#45
votes v,posts p,badges b,users u#p.Id=v.PostId,u.Id=p.OwnerUserId,u.Id=b.UserId#p.Score,>,-5,p.Score,<,45,p.CommentCount,>,11,p.CommentCount,<,15,u.DownVotes,>,1,u.DownVotes,<,1789,v.CreationDate,>,1339770027,v.CreationDate,<,1366272534,v.VoteTypeId,>,2,v.VoteTypeId,<,11,b.Date,>,1316734693,b.Date,<,1347517945#1028
votes v,posts p,badges b,users u#p.Id=v.PostId,u.Id=p.OwnerUserId,u.Id=b.UserId#p.Score,>,-10,p.Score,<,89,p.CommentCount,>,9,p.CommentCount,<,44,u.DownVotes,>,217,u.DownVotes,<,884,v.CreationDate,>,1308132842,v.CreationDate,<,1379510191,v.VoteTypeId,>,7,v.VoteTypeId,<,10,b.Date,>,1350070432,b.Date,<,1371274126#188
votes v,posts p,badges b,users u#p.Id=v.PostId,u.Id=p.OwnerUserId,u.Id=b.UserId#p.Score,>,16,p.Score,<,104,p.CommentCount,>,2,p.CommentCount,<,33,u.DownVotes,>,326,u.DownVotes,<,1192,v.CreationDate,>,1246074544,v.CreationDate,<,1364497922,v.VoteTypeId,>,5,v.VoteTypeId,<,15,b.Date,>,1281893379,b.Date,<,1399720567#580
votes v,posts p,badges b,users u#p.Id=v.PostId,u.Id=p.OwnerUserId,u.Id=b.UserId#p.Score,>,-11,p.Score,<,69,p.CommentCount,>,1,p.CommentCount,<,26,u.DownVotes,>,403,u.DownVotes,<,1176,v.CreationDate,>,1235264165,v.CreationDate,<,1335204925,v.VoteTypeId,>,7,v.VoteTypeId,<,10,b.Date,>,1326326455,b.Date,<,1355830089#1452
votes v,posts p,badges b,users u#p.Id=v.PostId,u.Id=p.OwnerUserId,u.Id=b.UserId#p.Score,>,13,p.Score,<,108,p.CommentCount,>,4,p.CommentCount,<,18,u.DownVotes,>,405,u.DownVotes,<,1535,v.CreationDate,>,1359521611,v.CreationDate,<,1409531790,v.VoteTypeId,>,1,v.VoteTypeId,<,6,b.Date,>,1315768666,b.Date,<,1382334858#166723
votes v,posts p,badges b,users u#p.Id=v.PostId,u.Id=p.OwnerUserId,u.Id=b.UserId#p.Score,>,34,p.Score,<,174,p.CommentCount,>,1,p.CommentCount,<,8,u.DownVotes,>,500,u.DownVotes,<,1081,v.CreationDate,>,1235714573,v.CreationDate,<,1299811759,v.VoteTypeId,>,1,v.VoteTypeId,<,15,b.Date,>,1360247860,b.Date,<,1377687395#4623
votes v,posts p,badges b,users u#p.Id=v.PostId,u.Id=p.OwnerUserId,u.Id=b.UserId#p.Score,>,34,p.Score,<,50,p.CommentCount,>,16,p.CommentCount,<,24,u.DownVotes,>,62,u.DownVotes,<,292,v.CreationDate,>,1263692051,v.CreationDate,<,1303998417,v.VoteTypeId,>,6,v.VoteTypeId,<,12,b.Date,>,1384992778,b.Date,<,1393410780#22
votes v,posts p,badges b,users u#p.Id=v.PostId,u.Id=p.OwnerUserId,u.Id=b.UserId#p.Score,>,130,p.Score,<,161,p.CommentCount,>,9,p.CommentCount,<,27,u.DownVotes,>,71,u.DownVotes,<,306,v.CreationDate,>,1314732830,v.CreationDate,<,1397325382,v.VoteTypeId,>,1,v.VoteTypeId,<,10,b.Date,>,1326359704,b.Date,<,1331697820#1062
votes v,posts p,badges b,users u#p.Id=v.PostId,u.Id=p.OwnerUserId,u.Id=b.UserId#p.Score,>,-15,p.Score,<,48,p.CommentCount,>,5,p.CommentCount,<,17,u.DownVotes,>,753,u.DownVotes,<,1700,v.CreationDate,>,1281179250,v.CreationDate,<,1395085691,v.VoteTypeId,>,4,v.VoteTypeId,<,8,b.Date,>,1323725517,b.Date,<,1344173397#972
votes v,posts p,badges b,users u#p.Id=v.PostId,u.Id=p.OwnerUserId,u.Id=b.UserId#p.Score,>,60,p.Score,<,79,p.CommentCount,>,1,p.CommentCount,<,23,u.DownVotes,>,35,u.DownVotes,<,439,v.CreationDate,>,1369797848,v.CreationDate,<,1382436609,v.VoteTypeId,>,1,v.VoteTypeId,<,15,b.Date,>,1346261601,b.Date,<,1396025230#2828
votes v,posts p,badges b,users u#p.Id=v.PostId,u.Id=p.OwnerUserId,u.Id=b.UserId#p.Score,>,7,p.Score,<,26,p.CommentCount,>,8,p.CommentCount,<,42,u.DownVotes,>,102,u.DownVotes,<,1656,v.CreationDate,>,1315800917,v.CreationDate,<,1406652201,v.VoteTypeId,>,8,v.VoteTypeId,<,11,b.Date,>,1290903464,b.Date,<,1335656886#80
votes v,posts p,badges b,users u#p.Id=v.PostId,u.Id=p.OwnerUserId,u.Id=b.UserId#p.Score,>,-3,p.Score,<,38,p.CommentCount,>,3,p.CommentCount,<,16,u.DownVotes,>,499,u.DownVotes,<,1908,v.CreationDate,>,1263571413,v.CreationDate,<,1360772875,v.VoteTypeId,>,2,v.VoteTypeId,<,12,b.Date,>,1370016580,b.Date,<,1407923421#3792
votes v,posts p,badges b,users u#p.Id=v.PostId,u.Id=p.OwnerUserId,u.Id=b.UserId#p.Score,>,-8,p.Score,<,70,p.CommentCount,>,8,p.CommentCount,<,31,u.DownVotes,>,36,u.DownVotes,<,1137,v.CreationDate,>,1327098497,v.CreationDate,<,1371517624,v.VoteTypeId,>,7,v.VoteTypeId,<,11,b.Date,>,1301948266,b.Date,<,1374180330#852
votes v,posts p,badges b,users u#p.Id=v.PostId,u.Id=p.OwnerUserId,u.Id=b.UserId#p.Score,>,6,p.Score,<,54,p.CommentCount,>,5,p.CommentCount,<,26,u.DownVotes,>,623,u.DownVotes,<,1388,v.CreationDate,>,1236462114,v.CreationDate,<,1353009965,v.VoteTypeId,>,4,v.VoteTypeId,<,12,b.Date,>,1327887754,b.Date,<,1335463457#285
votes v,posts p,badges b,users u#p.Id=v.PostId,u.Id=p.OwnerUserId,u.Id=b.UserId#p.Score,>,13,p.Score,<,137,p.CommentCount,>,7,p.CommentCount,<,26,u.DownVotes,>,108,u.DownVotes,<,1682,v.CreationDate,>,1292253209,v.CreationDate,<,1401230652,v.VoteTypeId,>,6,v.VoteTypeId,<,14,b.Date,>,1363000643,b.Date,<,1384271559#425
votes v,posts p,badges b,users u#p.Id=v.PostId,u.Id=p.OwnerUserId,u.Id=b.UserId#p.Score,>,8,p.Score,<,80,p.CommentCount,>,0,p.CommentCount,<,17,u.DownVotes,>,290,u.DownVotes,<,491,v.CreationDate,>,1312711114,v.CreationDate,<,1401267505,v.VoteTypeId,>,2,v.VoteTypeId,<,9,b.Date,>,1296224088,b.Date,<,1361628799#917
votes v,posts p,badges b,users u#p.Id=v.PostId,u.Id=p.OwnerUserId,u.Id=b.UserId#p.Score,>,102,p.Score,<,142,p.CommentCount,>,7,p.CommentCount,<,31,u.DownVotes,>,340,u.DownVotes,<,836,v.CreationDate,>,1311888875,v.CreationDate,<,1332569948,v.VoteTypeId,>,1,v.VoteTypeId,<,14,b.Date,>,1312650255,b.Date,<,1337392895#1700
votes v,posts p,badges b,users u#p.Id=v.PostId,u.Id=p.OwnerUserId,u.Id=b.UserId#p.Score,>,13,p.Score,<,106,p.CommentCount,>,4,p.CommentCount,<,26,u.DownVotes,>,280,u.DownVotes,<,1896,v.CreationDate,>,1394290274,v.CreationDate,<,1409203739,v.VoteTypeId,>,4,v.VoteTypeId,<,12,b.Date,>,1287197062,b.Date,<,1339658709#426
votes v,posts p,badges b,users u#p.Id=v.PostId,u.Id=p.OwnerUserId,u.Id=b.UserId#p.Score,>,0,p.Score,<,174,p.CommentCount,>,18,p.CommentCount,<,41,u.DownVotes,>,107,u.DownVotes,<,1215,v.CreationDate,>,1289335242,v.CreationDate,<,1386646812,v.VoteTypeId,>,1,v.VoteTypeId,<,9,b.Date,>,1284592780,b.Date,<,1407982394#45789
votes v,posts p,badges b,users u#p.Id=v.PostId,u.Id=p.OwnerUserId,u.Id=b.UserId#p.Score,>,97,p.Score,<,165,p.CommentCount,>,13,p.CommentCount,<,40,u.DownVotes,>,67,u.DownVotes,<,1013,v.CreationDate,>,1275866125,v.CreationDate,<,1389289867,v.VoteTypeId,>,1,v.VoteTypeId,<,15,b.Date,>,1287834542,b.Date,<,1356578905#8056
votes v,posts p,badges b,users u#p.Id=v.PostId,u.Id=p.OwnerUserId,u.Id=b.UserId#p.Score,>,114,p.Score,<,135,p.CommentCount,>,1,p.CommentCount,<,43,u.DownVotes,>,35,u.DownVotes,<,1792,v.CreationDate,>,1269936914,v.CreationDate,<,1321351271,v.VoteTypeId,>,1,v.VoteTypeId,<,15,b.Date,>,1305934640,b.Date,<,1385149061#6446
votes v,posts p,badges b,users u#p.Id=v.PostId,u.Id=p.OwnerUserId,u.Id=b.UserId#p.Score,>,42,p.Score,<,179,p.CommentCount,>,3,p.CommentCount,<,28,u.DownVotes,>,2,u.DownVotes,<,407,v.CreationDate,>,1253152711,v.CreationDate,<,1365746722,v.VoteTypeId,>,1,v.VoteTypeId,<,15,b.Date,>,1382906516,b.Date,<,1406122039#31150
votes v,posts p,badges b,users u#p.Id=v.PostId,u.Id=p.OwnerUserId,u.Id=b.UserId#p.Score,>,2,p.Score,<,56,p.CommentCount,>,4,p.CommentCount,<,15,u.DownVotes,>,271,u.DownVotes,<,1551,v.CreationDate,>,1294346550,v.CreationDate,<,1396793672,v.VoteTypeId,>,7,v.VoteTypeId,<,13,b.Date,>,1321168691,b.Date,<,1338553963#525
votes v,posts p,badges b,users u#p.Id=v.PostId,u.Id=p.OwnerUserId,u.Id=b.UserId#p.Score,>,-12,p.Score,<,160,p.CommentCount,>,8,p.CommentCount,<,32,u.DownVotes,>,367,u.DownVotes,<,661,v.CreationDate,>,1323776000,v.CreationDate,<,1331717075,v.VoteTypeId,>,1,v.VoteTypeId,<,3,b.Date,>,1382086063,b.Date,<,1393936352#64
votes v,posts p,badges b,users u#p.Id=v.PostId,u.Id=p.OwnerUserId,u.Id=b.UserId#p.Score,>,34,p.Score,<,64,p.CommentCount,>,7,p.CommentCount,<,34,u.DownVotes,>,8,u.DownVotes,<,1358,v.CreationDate,>,1401403694,v.CreationDate,<,1406578897,v.VoteTypeId,>,3,v.VoteTypeId,<,6,b.Date,>,1312976277,b.Date,<,1368862105#213
votes v,posts p,badges b,users u#p.Id=v.PostId,u.Id=p.OwnerUserId,u.Id=b.UserId#p.Score,>,-14,p.Score,<,82,p.CommentCount,>,5,p.CommentCount,<,11,u.DownVotes,>,91,u.DownVotes,<,1906,v.CreationDate,>,1250286636,v.CreationDate,<,1318190683,v.VoteTypeId,>,3,v.VoteTypeId,<,7,b.Date,>,1302411959,b.Date,<,1354246749#1478
votes v,posts p,badges b,users u#p.Id=v.PostId,u.Id=p.OwnerUserId,u.Id=b.UserId#p.Score,>,7,p.Score,<,38,p.CommentCount,>,6,p.CommentCount,<,38,u.DownVotes,>,265,u.DownVotes,<,956,v.CreationDate,>,1320826747,v.CreationDate,<,1343828267,v.VoteTypeId,>,5,v.VoteTypeId,<,12,b.Date,>,1302029543,b.Date,<,1379854204#149
votes v,posts p,badges b,users u#p.Id=v.PostId,u.Id=p.OwnerUserId,u.Id=b.UserId#p.Score,>,-17,p.Score,<,10,p.CommentCount,>,9,p.CommentCount,<,26,u.DownVotes,>,45,u.DownVotes,<,1815,v.CreationDate,>,1259028344,v.CreationDate,<,1361369783,v.VoteTypeId,>,1,v.VoteTypeId,<,7,b.Date,>,1360584374,b.Date,<,1371006739#6440
votes v,posts p,badges b,users u#p.Id=v.PostId,u.Id=p.OwnerUserId,u.Id=b.UserId#p.Score,>,124,p.Score,<,138,p.CommentCount,>,8,p.CommentCount,<,32,u.DownVotes,>,588,u.DownVotes,<,1186,v.CreationDate,>,1301811656,v.CreationDate,<,1398990704,v.VoteTypeId,>,1,v.VoteTypeId,<,15,b.Date,>,1292312649,b.Date,<,1292551461#242
votes v,posts p,badges b,users u#p.Id=v.PostId,u.Id=p.OwnerUserId,u.Id=b.UserId#p.Score,>,25,p.Score,<,136,p.CommentCount,>,8,p.CommentCount,<,16,u.DownVotes,>,422,u.DownVotes,<,1734,v.CreationDate,>,1252281154,v.CreationDate,<,1319858086,v.VoteTypeId,>,1,v.VoteTypeId,<,4,b.Date,>,1332890100,b.Date,<,1353222774#7208
votes v,posts p,badges b,users u#p.Id=v.PostId,u.Id=p.OwnerUserId,u.Id=b.UserId#p.Score,>,2,p.Score,<,62,p.CommentCount,>,14,p.CommentCount,<,19,u.DownVotes,>,409,u.DownVotes,<,1109,v.CreationDate,>,1311466724,v.CreationDate,<,1389967369,v.VoteTypeId,>,1,v.VoteTypeId,<,3,b.Date,>,1302515740,b.Date,<,1372460298#14448
votes v,posts p,badges b,users u#p.Id=v.PostId,u.Id=p.OwnerUserId,u.Id=b.UserId#p.Score,>,-15,p.Score,<,55,p.CommentCount,>,6,p.CommentCount,<,17,u.DownVotes,>,124,u.DownVotes,<,1255,v.CreationDate,>,1298958719,v.CreationDate,<,1394278651,v.VoteTypeId,>,7,v.VoteTypeId,<,15,b.Date,>,1318871738,b.Date,<,1338645355#450
votes v,posts p,badges b,users u#p.Id=v.PostId,u.Id=p.OwnerUserId,u.Id=b.UserId#p.Score,>,41,p.Score,<,76,p.CommentCount,>,0,p.CommentCount,<,16,u.DownVotes,>,355,u.DownVotes,<,782,v.CreationDate,>,1314064205,v.CreationDate,<,1343557888,v.VoteTypeId,>,2,v.VoteTypeId,<,15,b.Date,>,1319996785,b.Date,<,1403504996#654
votes v,posts p,badges b,users u#p.Id=v.PostId,u.Id=p.OwnerUserId,u.Id=b.UserId#p.Score,>,-7,p.Score,<,81,p.CommentCount,>,3,p.CommentCount,<,40,u.DownVotes,>,397,u.DownVotes,<,1894,v.CreationDate,>,1358418918,v.CreationDate,<,1406152354,v.VoteTypeId,>,1,v.VoteTypeId,<,12,b.Date,>,1358011531,b.Date,<,1401974049#193122
votes v,posts p,badges b,users u#p.Id=v.PostId,u.Id=p.OwnerUserId,u.Id=b.UserId#p.Score,>,-15,p.Score,<,-3,p.CommentCount,>,13,p.CommentCount,<,22,u.DownVotes,>,69,u.DownVotes,<,1038,v.CreationDate,>,1311086037,v.CreationDate,<,1405823667,v.VoteTypeId,>,2,v.VoteTypeId,<,8,b.Date,>,1342404236,b.Date,<,1410405601#136
votes v,posts p,badges b,users u#p.Id=v.PostId,u.Id=p.OwnerUserId,u.Id=b.UserId#p.Score,>,-7,p.Score,<,172,p.CommentCount,>,11,p.CommentCount,<,19,u.DownVotes,>,344,u.DownVotes,<,1774,v.CreationDate,>,1240855694,v.CreationDate,<,1345577025,v.VoteTypeId,>,5,v.VoteTypeId,<,10,b.Date,>,1300621669,b.Date,<,1343014315#104
votes v,posts p,badges b,users u#p.Id=v.PostId,u.Id=p.OwnerUserId,u.Id=b.UserId#p.Score,>,79,p.Score,<,100,p.CommentCount,>,6,p.CommentCount,<,36,u.DownVotes,>,313,u.DownVotes,<,1002,v.CreationDate,>,1330613256,v.CreationDate,<,1401002816,v.VoteTypeId,>,2,v.VoteTypeId,<,9,b.Date,>,1324726215,b.Date,<,1342172998#73
votes v,posts p,badges b,users u#p.Id=v.PostId,u.Id=p.OwnerUserId,u.Id=b.UserId#p.Score,>,15,p.Score,<,160,p.CommentCount,>,0,p.CommentCount,<,43,u.DownVotes,>,42,u.DownVotes,<,497,v.CreationDate,>,1384227207,v.CreationDate,<,1402476450,v.VoteTypeId,>,1,v.VoteTypeId,<,9,b.Date,>,1280416131,b.Date,<,1347120496#97937
votes v,posts p,badges b,users u#p.Id=v.PostId,u.Id=p.OwnerUserId,u.Id=b.UserId#p.Score,>,45,p.Score,<,169,p.CommentCount,>,6,p.CommentCount,<,13,u.DownVotes,>,160,u.DownVotes,<,999,v.CreationDate,>,1283730138,v.CreationDate,<,1403593189,v.VoteTypeId,>,1,v.VoteTypeId,<,6,b.Date,>,1367432438,b.Date,<,1399297463#63348
votes v,posts p,badges b,users u#p.Id=v.PostId,u.Id=p.OwnerUserId,u.Id=b.UserId#p.Score,>,9,p.Score,<,169,p.CommentCount,>,0,p.CommentCount,<,8,u.DownVotes,>,182,u.DownVotes,<,1251,v.CreationDate,>,1322993283,v.CreationDate,<,1389670190,v.VoteTypeId,>,1,v.VoteTypeId,<,6,b.Date,>,1288185860,b.Date,<,1399105796#820504
votes v,posts p,badges b,users u#p.Id=v.PostId,u.Id=p.OwnerUserId,u.Id=b.UserId#p.Score,>,15,p.Score,<,32,p.CommentCount,>,2,p.CommentCount,<,27,u.DownVotes,>,355,u.DownVotes,<,1663,v.CreationDate,>,1307600956,v.CreationDate,<,1350142785,v.VoteTypeId,>,6,v.VoteTypeId,<,12,b.Date,>,1302819976,b.Date,<,1403207307#513
votes v,posts p,badges b,users u#p.Id=v.PostId,u.Id=p.OwnerUserId,u.Id=b.UserId#p.Score,>,19,p.Score,<,128,p.CommentCount,>,9,p.CommentCount,<,40,u.DownVotes,>,40,u.DownVotes,<,1416,v.CreationDate,>,1256946263,v.CreationDate,<,1340581753,v.VoteTypeId,>,1,v.VoteTypeId,<,14,b.Date,>,1388970201,b.Date,<,1398493050#10376
votes v,posts p,badges b,users u#p.Id=v.PostId,u.Id=p.OwnerUserId,u.Id=b.UserId#p.Score,>,3,p.Score,<,180,p.CommentCount,>,1,p.CommentCount,<,24,u.DownVotes,>,113,u.DownVotes,<,1376,v.CreationDate,>,1269034897,v.CreationDate,<,1294543672,v.VoteTypeId,>,7,v.VoteTypeId,<,14,b.Date,>,1309709909,b.Date,<,1334459746#585
votes v,posts p,badges b,users u#p.Id=v.PostId,u.Id=p.OwnerUserId,u.Id=b.UserId#p.Score,>,-15,p.Score,<,47,p.CommentCount,>,0,p.CommentCount,<,6,u.DownVotes,>,212,u.DownVotes,<,1505,v.CreationDate,>,1312949016,v.CreationDate,<,1393138588,v.VoteTypeId,>,9,v.VoteTypeId,<,12,b.Date,>,1296124580,b.Date,<,1368987569#311
votes v,posts p,badges b,users u#p.Id=v.PostId,u.Id=p.OwnerUserId,u.Id=b.UserId#p.Score,>,7,p.Score,<,138,p.CommentCount,>,7,p.CommentCount,<,29,u.DownVotes,>,350,u.DownVotes,<,1177,v.CreationDate,>,1326255070,v.CreationDate,<,1364384677,v.VoteTypeId,>,4,v.VoteTypeId,<,9,b.Date,>,1302301926,b.Date,<,1375257907#435
votes v,posts p,badges b,users u#p.Id=v.PostId,u.Id=p.OwnerUserId,u.Id=b.UserId#p.Score,>,-17,p.Score,<,64,p.CommentCount,>,0,p.CommentCount,<,36,u.DownVotes,>,420,u.DownVotes,<,1702,v.CreationDate,>,1386513703,v.CreationDate,<,1397667870,v.VoteTypeId,>,2,v.VoteTypeId,<,15,b.Date,>,1335056466,b.Date,<,1387569981#442
votes v,posts p,badges b,users u#p.Id=v.PostId,u.Id=p.OwnerUserId,u.Id=b.UserId#p.Score,>,3,p.Score,<,117,p.CommentCount,>,2,p.CommentCount,<,28,u.DownVotes,>,412,u.DownVotes,<,787,v.CreationDate,>,1283727260,v.CreationDate,<,1336089600,v.VoteTypeId,>,6,v.VoteTypeId,<,14,b.Date,>,1287903731,b.Date,<,1295742392#220
votes v,posts p,badges b,users u#p.Id=v.PostId,u.Id=p.OwnerUserId,u.Id=b.UserId#p.Score,>,19,p.Score,<,114,p.CommentCount,>,2,p.CommentCount,<,41,u.DownVotes,>,704,u.DownVotes,<,1427,v.CreationDate,>,1295143013,v.CreationDate,<,1307810693,v.VoteTypeId,>,1,v.VoteTypeId,<,12,b.Date,>,1284457447,b.Date,<,1407438148#45360
votes v,posts p,badges b,users u#p.Id=v.PostId,u.Id=p.OwnerUserId,u.Id=b.UserId#p.Score,>,-3,p.Score,<,125,p.CommentCount,>,16,p.CommentCount,<,40,u.DownVotes,>,589,u.DownVotes,<,1511,v.CreationDate,>,1286158100,v.CreationDate,<,1401791060,v.VoteTypeId,>,1,v.VoteTypeId,<,12,b.Date,>,1364665601,b.Date,<,1402830492#6160
votes v,posts p,badges b,users u#p.Id=v.PostId,u.Id=p.OwnerUserId,u.Id=b.UserId#p.Score,>,0,p.Score,<,133,p.CommentCount,>,1,p.CommentCount,<,22,u.DownVotes,>,423,u.DownVotes,<,1849,v.CreationDate,>,1264504795,v.CreationDate,<,1391128252,v.VoteTypeId,>,7,v.VoteTypeId,<,11,b.Date,>,1290273579,b.Date,<,1376460812#5032
votes v,posts p,badges b,users u#p.Id=v.PostId,u.Id=p.OwnerUserId,u.Id=b.UserId#p.Score,>,108,p.Score,<,159,p.CommentCount,>,9,p.CommentCount,<,16,u.DownVotes,>,378,u.DownVotes,<,861,v.CreationDate,>,1265403531,v.CreationDate,<,1346079383,v.VoteTypeId,>,1,v.VoteTypeId,<,4,b.Date,>,1358660481,b.Date,<,1365815265#1350
votes v,posts p,badges b,users u#p.Id=v.PostId,u.Id=p.OwnerUserId,u.Id=b.UserId#p.Score,>,-8,p.Score,<,47,p.CommentCount,>,19,p.CommentCount,<,42,u.DownVotes,>,259,u.DownVotes,<,1559,v.CreationDate,>,1310653260,v.CreationDate,<,1387855741,v.VoteTypeId,>,2,v.VoteTypeId,<,10,b.Date,>,1336458853,b.Date,<,1353574524#82
votes v,posts p,badges b,users u#p.Id=v.PostId,u.Id=p.OwnerUserId,u.Id=b.UserId#p.Score,>,57,p.Score,<,79,p.CommentCount,>,1,p.CommentCount,<,40,u.DownVotes,>,223,u.DownVotes,<,1845,v.CreationDate,>,1239242878,v.CreationDate,<,1373456669,v.VoteTypeId,>,2,v.VoteTypeId,<,5,b.Date,>,1304150064,b.Date,<,1379075440#546
votes v,posts p,badges b,users u#p.Id=v.PostId,u.Id=p.OwnerUserId,u.Id=b.UserId#p.Score,>,-12,p.Score,<,59,p.CommentCount,>,12,p.CommentCount,<,30,u.DownVotes,>,97,u.DownVotes,<,1810,v.CreationDate,>,1265363354,v.CreationDate,<,1345892788,v.VoteTypeId,>,6,v.VoteTypeId,<,15,b.Date,>,1296849975,b.Date,<,1306940528#43
votes v,posts p,badges b,users u#p.Id=v.PostId,u.Id=p.OwnerUserId,u.Id=b.UserId#p.Score,>,5,p.Score,<,138,p.CommentCount,>,7,p.CommentCount,<,42,u.DownVotes,>,346,u.DownVotes,<,1025,v.CreationDate,>,1336425806,v.CreationDate,<,1358594753,v.VoteTypeId,>,2,v.VoteTypeId,<,15,b.Date,>,1303207986,b.Date,<,1351165922#882
votes v,posts p,badges b,users u#p.Id=v.PostId,u.Id=p.OwnerUserId,u.Id=b.UserId#p.Score,>,90,p.Score,<,168,p.CommentCount,>,0,p.CommentCount,<,26,u.DownVotes,>,643,u.DownVotes,<,1386,v.CreationDate,>,1363427764,v.CreationDate,<,1400532518,v.VoteTypeId,>,1,v.VoteTypeId,<,12,b.Date,>,1322314624,b.Date,<,1389271265#13052
votes v,posts p,badges b,users u#p.Id=v.PostId,u.Id=p.OwnerUserId,u.Id=b.UserId#p.Score,>,3,p.Score,<,27,p.CommentCount,>,4,p.CommentCount,<,10,u.DownVotes,>,352,u.DownVotes,<,1743,v.CreationDate,>,1265871429,v.CreationDate,<,1301537811,v.VoteTypeId,>,9,v.VoteTypeId,<,13,b.Date,>,1290962433,b.Date,<,1341922607#167
votes v,posts p,badges b,users u#p.Id=v.PostId,u.Id=p.OwnerUserId,u.Id=b.UserId#p.Score,>,112,p.Score,<,131,p.CommentCount,>,8,p.CommentCount,<,18,u.DownVotes,>,761,u.DownVotes,<,1601,v.CreationDate,>,1243357255,v.CreationDate,<,1327940103,v.VoteTypeId,>,1,v.VoteTypeId,<,11,b.Date,>,1286934103,b.Date,<,1330495353#3164
votes v,posts p,badges b,users u#p.Id=v.PostId,u.Id=p.OwnerUserId,u.Id=b.UserId#p.Score,>,-14,p.Score,<,128,p.CommentCount,>,6,p.CommentCount,<,22,u.DownVotes,>,279,u.DownVotes,<,1309,v.CreationDate,>,1289869491,v.CreationDate,<,1304783123,v.VoteTypeId,>,1,v.VoteTypeId,<,3,b.Date,>,1296443302,b.Date,<,1373163737#44802
votes v,posts p,badges b,users u#p.Id=v.PostId,u.Id=p.OwnerUserId,u.Id=b.UserId#p.Score,>,-18,p.Score,<,66,p.CommentCount,>,8,p.CommentCount,<,38,u.DownVotes,>,90,u.DownVotes,<,1796,v.CreationDate,>,1236065090,v.CreationDate,<,1365637041,v.VoteTypeId,>,10,v.VoteTypeId,<,13,b.Date,>,1295862136,b.Date,<,1307299479#3
votes v,posts p,badges b,users u#p.Id=v.PostId,u.Id=p.OwnerUserId,u.Id=b.UserId#p.Score,>,-11,p.Score,<,42,p.CommentCount,>,3,p.CommentCount,<,32,u.DownVotes,>,545,u.DownVotes,<,868,v.CreationDate,>,1285006613,v.CreationDate,<,1380498051,v.VoteTypeId,>,8,v.VoteTypeId,<,15,b.Date,>,1297367855,b.Date,<,1337758901#1320
votes v,posts p,badges b,users u#p.Id=v.PostId,u.Id=p.OwnerUserId,u.Id=b.UserId#p.Score,>,-14,p.Score,<,89,p.CommentCount,>,3,p.CommentCount,<,43,u.DownVotes,>,124,u.DownVotes,<,1014,v.CreationDate,>,1285564108,v.CreationDate,<,1336066559,v.VoteTypeId,>,2,v.VoteTypeId,<,4,b.Date,>,1294664425,b.Date,<,1294960343#11
votes v,posts p,badges b,users u#p.Id=v.PostId,u.Id=p.OwnerUserId,u.Id=b.UserId#p.Score,>,24,p.Score,<,153,p.CommentCount,>,6,p.CommentCount,<,27,u.DownVotes,>,333,u.DownVotes,<,676,v.CreationDate,>,1332784457,v.CreationDate,<,1371673492,v.VoteTypeId,>,1,v.VoteTypeId,<,13,b.Date,>,1310531001,b.Date,<,1398622557#8480
votes v,posts p,badges b,users u#p.Id=v.PostId,u.Id=p.OwnerUserId,u.Id=b.UserId#p.Score,>,-8,p.Score,<,191,p.CommentCount,>,15,p.CommentCount,<,33,u.DownVotes,>,763,u.DownVotes,<,1308,v.CreationDate,>,1240484624,v.CreationDate,<,1317332154,v.VoteTypeId,>,7,v.VoteTypeId,<,13,b.Date,>,1328073188,b.Date,<,1371421718#168
votes v,posts p,badges b,users u#p.Id=v.PostId,u.Id=p.OwnerUserId,u.Id=b.UserId#p.Score,>,58,p.Score,<,185,p.CommentCount,>,1,p.CommentCount,<,8,u.DownVotes,>,773,u.DownVotes,<,1201,v.CreationDate,>,1365678282,v.CreationDate,<,1375959054,v.VoteTypeId,>,1,v.VoteTypeId,<,10,b.Date,>,1326608899,b.Date,<,1338084670#621
votes v,posts p,badges b,users u#p.Id=v.PostId,u.Id=p.OwnerUserId,u.Id=b.UserId#p.Score,>,33,p.Score,<,147,p.CommentCount,>,4,p.CommentCount,<,38,u.DownVotes,>,636,u.DownVotes,<,1270,v.CreationDate,>,1238058460,v.CreationDate,<,1312683421,v.VoteTypeId,>,1,v.VoteTypeId,<,8,b.Date,>,1403694015,b.Date,<,1404687984#508
votes v,posts p,badges b,users u#p.Id=v.PostId,u.Id=p.OwnerUserId,u.Id=b.UserId#p.Score,>,40,p.Score,<,145,p.CommentCount,>,15,p.CommentCount,<,33,u.DownVotes,>,166,u.DownVotes,<,336,v.CreationDate,>,1277138050,v.CreationDate,<,1361195912,v.VoteTypeId,>,3,v.VoteTypeId,<,11,b.Date,>,1361739663,b.Date,<,1401953492#35
votes v,posts p,badges b,users u#p.Id=v.PostId,u.Id=p.OwnerUserId,u.Id=b.UserId#p.Score,>,22,p.Score,<,188,p.CommentCount,>,3,p.CommentCount,<,34,u.DownVotes,>,43,u.DownVotes,<,1824,v.CreationDate,>,1357771913,v.CreationDate,<,1381600650,v.VoteTypeId,>,1,v.VoteTypeId,<,15,b.Date,>,1286832684,b.Date,<,1324677037#39926
votes v,posts p,badges b,users u#p.Id=v.PostId,u.Id=p.OwnerUserId,u.Id=b.UserId#p.Score,>,36,p.Score,<,134,p.CommentCount,>,6,p.CommentCount,<,16,u.DownVotes,>,170,u.DownVotes,<,1386,v.CreationDate,>,1257390385,v.CreationDate,<,1365760252,v.VoteTypeId,>,2,v.VoteTypeId,<,15,b.Date,>,1300055047,b.Date,<,1350094490#352
votes v,posts p,badges b,users u#p.Id=v.PostId,u.Id=p.OwnerUserId,u.Id=b.UserId#p.Score,>,3,p.Score,<,173,p.CommentCount,>,5,p.CommentCount,<,26,u.DownVotes,>,294,u.DownVotes,<,1467,v.CreationDate,>,1259458106,v.CreationDate,<,1355205520,v.VoteTypeId,>,4,v.VoteTypeId,<,13,b.Date,>,1291577730,b.Date,<,1319767476#1749
votes v,posts p,badges b,users u#p.Id=v.PostId,u.Id=p.OwnerUserId,u.Id=b.UserId#p.Score,>,26,p.Score,<,83,p.CommentCount,>,11,p.CommentCount,<,34,u.DownVotes,>,436,u.DownVotes,<,1731,v.CreationDate,>,1397146740,v.CreationDate,<,1401779996,v.VoteTypeId,>,1,v.VoteTypeId,<,5,b.Date,>,1296872355,b.Date,<,1340492280#366
votes v,posts p,badges b,users u#p.Id=v.PostId,u.Id=p.OwnerUserId,u.Id=b.UserId#p.Score,>,8,p.Score,<,116,p.CommentCount,>,4,p.CommentCount,<,23,u.DownVotes,>,501,u.DownVotes,<,1296,v.CreationDate,>,1243162173,v.CreationDate,<,1402273664,v.VoteTypeId,>,4,v.VoteTypeId,<,10,b.Date,>,1282991923,b.Date,<,1322988080#3638
votes v,posts p,badges b,users u#p.Id=v.PostId,u.Id=p.OwnerUserId,u.Id=b.UserId#p.Score,>,35,p.Score,<,77,p.CommentCount,>,0,p.CommentCount,<,32,u.DownVotes,>,23,u.DownVotes,<,703,v.CreationDate,>,1293860565,v.CreationDate,<,1409919429,v.VoteTypeId,>,8,v.VoteTypeId,<,14,b.Date,>,1381112950,b.Date,<,1397574079#23
votes v,posts p,badges b,users u#p.Id=v.PostId,u.Id=p.OwnerUserId,u.Id=b.UserId#p.Score,>,67,p.Score,<,117,p.CommentCount,>,1,p.CommentCount,<,31,u.DownVotes,>,80,u.DownVotes,<,961,v.CreationDate,>,1241140203,v.CreationDate,<,1393188005,v.VoteTypeId,>,2,v.VoteTypeId,<,6,b.Date,>,1298020042,b.Date,<,1335956965#1602
votes v,posts p,badges b,users u#p.Id=v.PostId,u.Id=p.OwnerUserId,u.Id=b.UserId#p.Score,>,5,p.Score,<,107,p.CommentCount,>,13,p.CommentCount,<,29,u.DownVotes,>,398,u.DownVotes,<,1444,v.CreationDate,>,1239488157,v.CreationDate,<,1337855117,v.VoteTypeId,>,5,v.VoteTypeId,<,10,b.Date,>,1340928014,b.Date,<,1346023616#40
votes v,posts p,badges b,users u#p.Id=v.PostId,u.Id=p.OwnerUserId,u.Id=b.UserId#p.Score,>,-3,p.Score,<,24,p.CommentCount,>,10,p.CommentCount,<,18,u.DownVotes,>,703,u.DownVotes,<,1467,v.CreationDate,>,1343591971,v.CreationDate,<,1351455279,v.VoteTypeId,>,1,v.VoteTypeId,<,7,b.Date,>,1283515958,b.Date,<,1385740378#5536
votes v,posts p,badges b,users u#p.Id=v.PostId,u.Id=p.OwnerUserId,u.Id=b.UserId#p.Score,>,27,p.Score,<,97,p.CommentCount,>,1,p.CommentCount,<,27,u.DownVotes,>,92,u.DownVotes,<,523,v.CreationDate,>,1305520626,v.CreationDate,<,1383616564,v.VoteTypeId,>,2,v.VoteTypeId,<,4,b.Date,>,1346481592,b.Date,<,1363810767#49
votes v,posts p,badges b,users u#p.Id=v.PostId,u.Id=p.OwnerUserId,u.Id=b.UserId#p.Score,>,-7,p.Score,<,102,p.CommentCount,>,17,p.CommentCount,<,44,u.DownVotes,>,453,u.DownVotes,<,1499,v.CreationDate,>,1266667918,v.CreationDate,<,1354854332,v.VoteTypeId,>,6,v.VoteTypeId,<,11,b.Date,>,1319541061,b.Date,<,1367296660#178
votes v,posts p,badges b,users u#p.Id=v.PostId,u.Id=p.OwnerUserId,u.Id=b.UserId#p.Score,>,2,p.Score,<,104,p.CommentCount,>,17,p.CommentCount,<,44,u.DownVotes,>,3,u.DownVotes,<,833,v.CreationDate,>,1293643822,v.CreationDate,<,1335715035,v.VoteTypeId,>,2,v.VoteTypeId,<,15,b.Date,>,1389714090,b.Date,<,1403904007#122
votes v,posts p,badges b,users u#p.Id=v.PostId,u.Id=p.OwnerUserId,u.Id=b.UserId#p.Score,>,53,p.Score,<,120,p.CommentCount,>,7,p.CommentCount,<,30,u.DownVotes,>,219,u.DownVotes,<,1170,v.CreationDate,>,1320767775,v.CreationDate,<,1394312040,v.VoteTypeId,>,1,v.VoteTypeId,<,11,b.Date,>,1367049852,b.Date,<,1367947278#346
votes v,posts p,badges b,users u#p.Id=v.PostId,u.Id=p.OwnerUserId,u.Id=b.UserId#p.Score,>,16,p.Score,<,183,p.CommentCount,>,3,p.CommentCount,<,38,u.DownVotes,>,377,u.DownVotes,<,1884,v.CreationDate,>,1294439206,v.CreationDate,<,1401278888,v.VoteTypeId,>,9,v.VoteTypeId,<,14,b.Date,>,1345246412,b.Date,<,1408467019#314
votes v,posts p,badges b,users u#p.Id=v.PostId,u.Id=p.OwnerUserId,u.Id=b.UserId#p.Score,>,6,p.Score,<,72,p.CommentCount,>,17,p.CommentCount,<,42,u.DownVotes,>,699,u.DownVotes,<,1531,v.CreationDate,>,1279900586,v.CreationDate,<,1408418167,v.VoteTypeId,>,1,v.VoteTypeId,<,4,b.Date,>,1281114794,b.Date,<,1321242844#3564
votes v,posts p,badges b,users u#p.Id=v.PostId,u.Id=p.OwnerUserId,u.Id=b.UserId#p.Score,>,0,p.Score,<,47,p.CommentCount,>,7,p.CommentCount,<,28,u.DownVotes,>,18,u.DownVotes,<,1830,v.CreationDate,>,1275936936,v.CreationDate,<,1375639534,v.VoteTypeId,>,10,v.VoteTypeId,<,12,b.Date,>,1305660105,b.Date,<,1335054905#126
votes v,posts p,badges b,users u#p.Id=v.PostId,u.Id=p.OwnerUserId,u.Id=b.UserId#p.Score,>,-14,p.Score,<,46,p.CommentCount,>,3,p.CommentCount,<,27,u.DownVotes,>,414,u.DownVotes,<,1123,v.CreationDate,>,1234814805,v.CreationDate,<,1391973616,v.VoteTypeId,>,1,v.VoteTypeId,<,7,b.Date,>,1294194167,b.Date,<,1359992028#480788
votes v,posts p,badges b,users u#p.Id=v.PostId,u.Id=p.OwnerUserId,u.Id=b.UserId#p.Score,>,43,p.Score,<,84,p.CommentCount,>,7,p.CommentCount,<,14,u.DownVotes,>,497,u.DownVotes,<,1069,v.CreationDate,>,1256744528,v.CreationDate,<,1345913551,v.VoteTypeId,>,1,v.VoteTypeId,<,4,b.Date,>,1284479120,b.Date,<,1392412408#26250
votes v,posts p,badges b,users u#p.Id=v.PostId,u.Id=p.OwnerUserId,u.Id=b.UserId#p.Score,>,27,p.Score,<,102,p.CommentCount,>,4,p.CommentCount,<,35,u.DownVotes,>,300,u.DownVotes,<,971,v.CreationDate,>,1290155438,v.CreationDate,<,1398418313,v.VoteTypeId,>,8,v.VoteTypeId,<,14,b.Date,>,1287587459,b.Date,<,1335639163#125
votes v,posts p,badges b,users u#p.Id=v.PostId,u.Id=p.OwnerUserId,u.Id=b.UserId#p.Score,>,76,p.Score,<,155,p.CommentCount,>,9,p.CommentCount,<,26,u.DownVotes,>,441,u.DownVotes,<,981,v.CreationDate,>,1340486043,v.CreationDate,<,1403331502,v.VoteTypeId,>,2,v.VoteTypeId,<,10,b.Date,>,1326314734,b.Date,<,1372353215#170
votes v,posts p,badges b,users u#p.Id=v.PostId,u.Id=p.OwnerUserId,u.Id=b.UserId#p.Score,>,13,p.Score,<,93,p.CommentCount,>,19,p.CommentCount,<,31,u.DownVotes,>,98,u.DownVotes,<,1357,v.CreationDate,>,1242546048,v.CreationDate,<,1379242801,v.VoteTypeId,>,1,v.VoteTypeId,<,5,b.Date,>,1292153197,b.Date,<,1325263034#2250
votes v,posts p,badges b,users u#p.Id=v.PostId,u.Id=p.OwnerUserId,u.Id=b.UserId#p.Score,>,38,p.Score,<,180,p.CommentCount,>,5,p.CommentCount,<,12,u.DownVotes,>,72,u.DownVotes,<,313,v.CreationDate,>,1324890571,v.CreationDate,<,1395697393,v.VoteTypeId,>,8,v.VoteTypeId,<,11,b.Date,>,1344672119,b.Date,<,1380011029#92
votes v,posts p,badges b,users u#p.Id=v.PostId,u.Id=p.OwnerUserId,u.Id=b.UserId#p.Score,>,8,p.Score,<,113,p.CommentCount,>,12,p.CommentCount,<,44,u.DownVotes,>,154,u.DownVotes,<,1300,v.CreationDate,>,1244249519,v.CreationDate,<,1346031005,v.VoteTypeId,>,1,v.VoteTypeId,<,15,b.Date,>,1316424755,b.Date,<,1325788479#3216
votes v,posts p,badges b,users u#p.Id=v.PostId,u.Id=p.OwnerUserId,u.Id=b.UserId#p.Score,>,33,p.Score,<,139,p.CommentCount,>,8,p.CommentCount,<,41,u.DownVotes,>,55,u.DownVotes,<,1480,v.CreationDate,>,1239836797,v.CreationDate,<,1306646358,v.VoteTypeId,>,8,v.VoteTypeId,<,13,b.Date,>,1291838988,b.Date,<,1353564679#84
votes v,posts p,badges b,users u#p.Id=v.PostId,u.Id=p.OwnerUserId,u.Id=b.UserId#p.Score,>,31,p.Score,<,169,p.CommentCount,>,1,p.CommentCount,<,23,u.DownVotes,>,187,u.DownVotes,<,524,v.CreationDate,>,1290766498,v.CreationDate,<,1299206271,v.VoteTypeId,>,3,v.VoteTypeId,<,14,b.Date,>,1378040300,b.Date,<,1398726681#27
votes v,posts p,badges b,users u#p.Id=v.PostId,u.Id=p.OwnerUserId,u.Id=b.UserId#p.Score,>,8,p.Score,<,163,p.CommentCount,>,2,p.CommentCount,<,31,u.DownVotes,>,154,u.DownVotes,<,419,v.CreationDate,>,1243843981,v.CreationDate,<,1388798182,v.VoteTypeId,>,1,v.VoteTypeId,<,5,b.Date,>,1298704892,b.Date,<,1345045075#197482
votes v,posts p,badges b,users u#p.Id=v.PostId,u.Id=p.OwnerUserId,u.Id=b.UserId#p.Score,>,-4,p.Score,<,88,p.CommentCount,>,12,p.CommentCount,<,29,u.DownVotes,>,225,u.DownVotes,<,693,v.CreationDate,>,1379402037,v.CreationDate,<,1402844671,v.VoteTypeId,>,1,v.VoteTypeId,<,9,b.Date,>,1305264482,b.Date,<,1322252603#54
votes v,posts p,badges b,users u#p.Id=v.PostId,u.Id=p.OwnerUserId,u.Id=b.UserId#p.Score,>,-3,p.Score,<,132,p.CommentCount,>,0,p.CommentCount,<,36,u.DownVotes,>,70,u.DownVotes,<,637,v.CreationDate,>,1361929509,v.CreationDate,<,1390420554,v.VoteTypeId,>,1,v.VoteTypeId,<,10,b.Date,>,1304221643,b.Date,<,1376120265#503177
votes v,posts p,badges b,users u#p.Id=v.PostId,u.Id=p.OwnerUserId,u.Id=b.UserId#p.Score,>,-9,p.Score,<,15,p.CommentCount,>,9,p.CommentCount,<,39,u.DownVotes,>,19,u.DownVotes,<,503,v.CreationDate,>,1340785195,v.CreationDate,<,1376733846,v.VoteTypeId,>,4,v.VoteTypeId,<,8,b.Date,>,1305934816,b.Date,<,1398848770#1443
votes v,posts p,badges b,users u#p.Id=v.PostId,u.Id=p.OwnerUserId,u.Id=b.UserId#p.Score,>,28,p.Score,<,156,p.CommentCount,>,13,p.CommentCount,<,26,u.DownVotes,>,69,u.DownVotes,<,1087,v.CreationDate,>,1316878150,v.CreationDate,<,1377813386,v.VoteTypeId,>,2,v.VoteTypeId,<,15,b.Date,>,1366332829,b.Date,<,1393563835#69
votes v,posts p,badges b,users u#p.Id=v.PostId,u.Id=p.OwnerUserId,u.Id=b.UserId#p.Score,>,71,p.Score,<,137,p.CommentCount,>,12,p.CommentCount,<,24,u.DownVotes,>,8,u.DownVotes,<,1707,v.CreationDate,>,1378647951,v.CreationDate,<,1397077693,v.VoteTypeId,>,1,v.VoteTypeId,<,15,b.Date,>,1354385474,b.Date,<,1379020077#1040
votes v,posts p,badges b,users u#p.Id=v.PostId,u.Id=p.OwnerUserId,u.Id=b.UserId#p.Score,>,-9,p.Score,<,133,p.CommentCount,>,8,p.CommentCount,<,30,u.DownVotes,>,627,u.DownVotes,<,1117,v.CreationDate,>,1328089757,v.CreationDate,<,1335095304,v.VoteTypeId,>,1,v.VoteTypeId,<,3,b.Date,>,1282641087,b.Date,<,1375452099#17922
votes v,posts p,badges b,users u#p.Id=v.PostId,u.Id=p.OwnerUserId,u.Id=b.UserId#p.Score,>,-15,p.Score,<,105,p.CommentCount,>,1,p.CommentCount,<,41,u.DownVotes,>,152,u.DownVotes,<,1658,v.CreationDate,>,1254610340,v.CreationDate,<,1349263355,v.VoteTypeId,>,1,v.VoteTypeId,<,15,b.Date,>,1401107013,b.Date,<,1405947512#56307
votes v,posts p,badges b,users u#p.Id=v.PostId,u.Id=p.OwnerUserId,u.Id=b.UserId#p.Score,>,-9,p.Score,<,106,p.CommentCount,>,9,p.CommentCount,<,43,u.DownVotes,>,41,u.DownVotes,<,474,v.CreationDate,>,1242951902,v.CreationDate,<,1344979512,v.VoteTypeId,>,10,v.VoteTypeId,<,13,b.Date,>,1315643280,b.Date,<,1327759794#4
votes v,posts p,badges b,users u#p.Id=v.PostId,u.Id=p.OwnerUserId,u.Id=b.UserId#p.Score,>,-6,p.Score,<,184,p.CommentCount,>,3,p.CommentCount,<,15,u.DownVotes,>,665,u.DownVotes,<,981,v.CreationDate,>,1284193939,v.CreationDate,<,1317781590,v.VoteTypeId,>,4,v.VoteTypeId,<,11,b.Date,>,1305128599,b.Date,<,1324357681#732
votes v,posts p,badges b,users u#p.Id=v.PostId,u.Id=p.OwnerUserId,u.Id=b.UserId#p.Score,>,36,p.Score,<,48,p.CommentCount,>,18,p.CommentCount,<,36,u.DownVotes,>,159,u.DownVotes,<,1833,v.CreationDate,>,1248002720,v.CreationDate,<,1347636606,v.VoteTypeId,>,8,v.VoteTypeId,<,14,b.Date,>,1320581496,b.Date,<,1378988851#71
votes v,posts p,badges b,users u#p.Id=v.PostId,u.Id=p.OwnerUserId,u.Id=b.UserId#p.Score,>,-18,p.Score,<,104,p.CommentCount,>,18,p.CommentCount,<,42,u.DownVotes,>,179,u.DownVotes,<,736,v.CreationDate,>,1284261757,v.CreationDate,<,1361028459,v.VoteTypeId,>,8,v.VoteTypeId,<,11,b.Date,>,1316620027,b.Date,<,1400396526#101
votes v,posts p,badges b,users u#p.Id=v.PostId,u.Id=p.OwnerUserId,u.Id=b.UserId#p.Score,>,-15,p.Score,<,42,p.CommentCount,>,14,p.CommentCount,<,42,u.DownVotes,>,266,u.DownVotes,<,1361,v.CreationDate,>,1236770147,v.CreationDate,<,1410416847,v.VoteTypeId,>,2,v.VoteTypeId,<,14,b.Date,>,1390736339,b.Date,<,1391643214#35
votes v,posts p,badges b,users u#p.Id=v.PostId,u.Id=p.OwnerUserId,u.Id=b.UserId#p.Score,>,14,p.Score,<,84,p.CommentCount,>,6,p.CommentCount,<,35,u.DownVotes,>,12,u.DownVotes,<,1645,v.CreationDate,>,1262282580,v.CreationDate,<,1356251064,v.VoteTypeId,>,3,v.VoteTypeId,<,8,b.Date,>,1380598678,b.Date,<,1393568398#1130
votes v,posts p,badges b,users u#p.Id=v.PostId,u.Id=p.OwnerUserId,u.Id=b.UserId#p.Score,>,20,p.Score,<,71,p.CommentCount,>,2,p.CommentCount,<,14,u.DownVotes,>,599,u.DownVotes,<,1263,v.CreationDate,>,1237777098,v.CreationDate,<,1410296304,v.VoteTypeId,>,5,v.VoteTypeId,<,11,b.Date,>,1327844552,b.Date,<,1379910651#213
votes v,posts p,badges b,users u#p.Id=v.PostId,u.Id=p.OwnerUserId,u.Id=b.UserId#p.Score,>,51,p.Score,<,168,p.CommentCount,>,0,p.CommentCount,<,18,u.DownVotes,>,34,u.DownVotes,<,1882,v.CreationDate,>,1391373311,v.CreationDate,<,1396045865,v.VoteTypeId,>,1,v.VoteTypeId,<,11,b.Date,>,1378141798,b.Date,<,1392405269#2891
votes v,posts p,badges b,users u#p.Id=v.PostId,u.Id=p.OwnerUserId,u.Id=b.UserId#p.Score,>,49,p.Score,<,96,p.CommentCount,>,5,p.CommentCount,<,37,u.DownVotes,>,310,u.DownVotes,<,1445,v.CreationDate,>,1322120256,v.CreationDate,<,1372009520,v.VoteTypeId,>,1,v.VoteTypeId,<,8,b.Date,>,1315528299,b.Date,<,1391959596#51156
