3.425032046911223205e+01
2.122916783569945398e+00
1.554506338762737805e+00
1.283173310915446175e+00
1.025624849422652307e+00
1.287210751776460160e+00
1.285850041838833002e+00
1.193886317984937939e+00
1.028882910588051702e+00
2.401262179687229104e+00
1.225922143829681898e+00
1.051288280057667723e+00
1.253476240159347332e+00
1.235880629451648671e+00
1.247521518709282073e+00
1.012702814295253884e+00
1.526921627731725684e+00
1.124608896410669301e+00
1.530908693752730532e+00
3.138913498959796211e+00
1.789715227988963653e+00
1.172189173991535771e+00
1.582199717097541258e+00
1.710047244713852388e+00
2.818495408204729991e+00
1.200637772097924882e+00
1.246026244119831539e+00
1.296969395866454766e+00
1.265615186514552626e+00
1.217638712793575939e+00
2.565074622220147038e+00
2.226993094171066279e+00
1.033355656963674818e+00
1.076929518417270915e+00
1.356770242685416239e+00
1.264514327065903165e+00
1.298116330586212230e+00
1.074333224391161856e+00
1.277885576148267477e+00
1.239608412074065358e+00
2.189690762280585012e+00
1.669630403143830710e+00
1.615341905114433985e+00
1.287839519964252721e+00
1.384184703180457943e+00
1.425530331488188418e+00
1.242030718636720321e+00
1.562324277051396093e+00
1.239391911389995826e+00
1.128464907881097989e+00
1.256826841995143385e+00
1.624240767071347902e+00
1.044217089443220114e+00
1.383581925105703103e+00
1.371310841623414989e+00
1.111582686003719234e+00
1.248624157365454845e+00
1.272496681054110068e+00
1.302665478876128047e+00
1.264266477587247195e+00
1.246481335781099764e+00
1.043209844055093871e+00
1.194863435538476182e+00
1.448437477518955907e+00
1.178304984688042012e+00
1.276925761101677548e+00
1.310476478357723407e+00
1.049274725274725206e+00
1.050561416371363022e+00
1.174689861770363608e+00
1.293347377264106424e+00
1.846384194831014014e+00
1.209775083917213667e+00
1.177044991862615353e+00
2.139578878915371796e+00
1.011301078066724868e+00
1.522737311638751923e+00
1.142096967154091702e+00
1.087426175580332499e+00
1.307577807848443907e+00
1.300720104185286274e+00
1.477458067077968451e+00
1.578516738112347273e+00
1.246462307834784289e+00
1.229645126106862607e+00
1.696217203191362710e+00
1.544111625902381268e+00
1.097064039210047692e+00
1.424391860511250218e+00
2.991574110483765203e+00
1.463866725973701044e+00
1.238734915304277262e+00
1.349276358404082332e+00
1.170976445792899057e+00
1.506869933237958925e+00
1.455611450906590498e+00
1.071749955491775319e+00
2.757664131862881618e+00
1.120512845771928445e+00
1.044241451478386651e+00
1.390391722099039162e+00
2.152459350141897598e+00
1.297625909015732049e+00
2.412323873480214154e+00
1.022965846682490243e+00
1.227781799731457291e+00
1.250981745185371086e+00
1.549052257019684742e+00
1.284030907920154618e+00
1.072481804125655191e+00
1.655628448667445962e+00
1.196768734020717595e+00
1.417679222357229651e+00
1.227892715559960379e+00
1.169377846295607259e+00
1.239939437653115872e+00
1.261526363186666888e+00
1.109408388333827933e+00
1.090201532291110498e+00
1.122474804283271954e+00
1.073983447663541479e+00
1.465026478375992980e+00
1.296172974244691689e+00
1.251278784476723249e+00
1.202095760512625011e+00
2.121321306499179382e+00
1.109654229320211405e+00
1.068603266192001300e+00
1.411214560139095298e+00
1.185187108959981028e+00
2.555083492849028026e+00
1.383341542705152305e+00
1.674144433903325124e+00
1.208393589176656180e+00
1.490164272864010320e+00
1.311307309951684097e+00
1.181853780559792844e+00
1.883153499972889389e+00
1.228466264997274848e+00
1.466842425471506894e+00
2.572131096517165094e+00
1.236463255437680431e+00
1.362839337165110631e+00
1.240268669669541302e+00
1.268752960151559694e+00
2.785842991568971971e+00
1.310421757829375311e+00
1.462056894686004416e+00
1.260716921912701460e+00
1.206269402679424729e+00
1.162305889330542685e+00
1.395906092355452044e+00
1.552980132450331174e+00
1.224822845375810099e+00
1.113617071182048779e+00
1.304497822243305016e+00
1.395018259491490387e+00
1.253513251574905896e+00
1.680347327056708640e+00
1.345712179036409495e+00
1.302613409706950387e+00
1.225477495840521680e+00
1.357392789251538501e+00
1.453288624300674181e+00
1.060389090520922339e+00
1.769354896333257932e+00
1.291435186888494790e+00
1.226457093676278420e+00
1.414423927623505328e+00
1.390311581340199609e+00
1.420800164020191492e+00
1.644528924434243145e+00
1.245377513285822690e+00
1.006350285762859231e+00
1.231430158632183192e+00
1.122110411513379757e+00
1.497253633682757101e+00
1.162186059907834190e+00
1.246490518888725640e+00
1.309323507813607179e+00
1.441168242399896604e+00
1.134842209789532319e+00
1.262360525971884195e+00
1.249886511229083341e+00
1.276502259398134775e+00
1.632038136355459690e+00
1.247353639414872539e+00
1.428483629852782322e+00
1.253349693856787850e+00
1.948180172337036664e+00
1.012707846955316127e+00
3.075951327053005890e+00
1.917475442909048144e+00
1.199504944539351747e+00
1.030298080015519258e+00
1.226222320610499184e+00
1.468130232558139570e+00
2.536711382240343760e+00
1.006066576791454947e+00
1.342626747876812132e+00
1.398668607549902188e+00
1.260235540564973222e+00
1.444476335352027796e+00
2.065737222236203152e+00
1.282356353364732859e+00
1.420265780730896932e+00
1.149782201418735994e+00
1.995886340193526287e+00
1.187178917715267623e+00
1.282931448049488665e+00
1.395797321986989026e+00
1.038066699552604000e+00
1.240832005080947154e+00
1.237868088022911373e+00
1.204652640567133615e+00
1.046546685897034035e+00
1.224368397158247301e+00
1.245989156209860615e+00
1.456340565293823941e+00
1.271444504317096769e+00
1.042989792282378536e+00
1.385371393412577978e+00
1.116687480049952219e+00
1.221007507991178631e+00
1.199589817771095523e+00
1.483107984451293104e+00
1.108948942984470554e+00
1.271256109159737413e+00
1.242328267972831357e+00
3.017997851002865328e+00
1.259884707542313187e+00
1.211089375229245535e+00
1.252248257993107350e+00
2.464558942170238520e+00
1.800347901911236059e+00
2.038228374954759392e+00
1.490730803722379871e+00
1.951375089992800627e+00
6.755970400269088572e+00
1.995276467053480829e+00
1.876201689984762444e+00
2.024393040530435339e+00
1.043739730935056231e+00
2.025423898264416600e+00
1.458815968058138735e+00
1.207391947177474334e+00
1.044623772732555578e+00
1.017252253830636111e+00
1.998604381455964196e+00
2.753222888562841142e+00
1.934994618996371374e+00
2.024013207263995362e+00
1.992326637948798496e+00
3.494008820347821231e+00
2.445694404537334332e+00
1.563580593331744595e+00
1.939910433794532540e+00
2.066055846422338416e+00
1.973365793923844036e+00
2.008973445724009821e+00
2.037293609828247032e+00
2.066218643479680761e+00
1.936975510320718685e+00
1.974499815286500315e+00
7.288597376387487614e+00
2.008006773819780655e+00
1.868237555999153754e+00
1.951847833392543308e+00
1.913658835161730742e+00
1.309076076792612175e+00
1.977206026217961155e+00
2.032878592105131332e+00
1.861997562830415065e+00
2.079454089209812118e+00
1.980680386392272174e+00
2.105762054811559203e+00
1.891907325064357659e+00
1.925139839291291732e+00
1.987739647520988973e+00
1.944339035024675422e+00
2.023200478874644492e+00
2.031385151369534015e+00
1.966075708615954820e+00
2.029774651269838248e+00
2.005669716809970637e+00
2.141526784100693970e+00
1.943955075974455049e+00
1.901415770105901792e+00
1.882814958807738526e+00
7.037504204507231798e+00
2.121458823529411841e+00
-4.313832695462001432e+00
1.976355259193016911e+00
1.966247117415654166e+00
1.950110896678860506e+00
2.006451644749831953e+00
1.945067221572275074e+00
1.016758193267387700e+00
1.139978797040560377e+00
2.145304393859184700e+00
1.264326571768235485e+00
-4.244213595771824110e+00
1.133506641302710616e+00
1.995637719220592743e+00
1.998856173703827954e+00
2.039504054271033873e+00
2.093971740924092551e+00
1.345325600662800269e+00
1.018617381914973752e+00
1.289164255866281028e+00
2.000083734767660548e+00
1.049488702165931597e+00
2.053512753889860765e+00
2.069301429357910393e+00
1.894025107410134190e+00
1.043948182421756465e+00
2.000192133370117809e+00
1.236046971494630498e+00
2.037588294651866860e+01
1.052945593909418109e+00
2.644783572325028587e+00
1.998751825393693116e+00
-4.169915102236039672e+00
1.096991564073640291e+00
1.964777747636025529e+00
1.984332698040365495e+00
2.065941947889430530e+00
1.067440206167804329e+00
2.218624307139629881e+00
1.917480947709952366e+00
1.048261431472706118e+00
1.985495197668277312e+00
2.127634586749994838e+00
3.416122033898305155e+00
1.944777589686205843e+00
1.180896639638643331e+00
1.988753698152393223e+00
2.028954062546760362e+00
2.098765048382752241e+00
1.390929166896704094e+00
1.365783766085096218e+00
1.950618114702093786e+00
1.948375108948633638e+00
1.943505014546011322e+00
1.258908599718692178e+00
2.120400269088462863e+01
1.287356718344979889e+00
1.043761992374206526e+00
1.208456796261310640e+00
2.026669721845859584e+00
2.429662329996802761e+00
1.875792130192337925e+00
1.322261034936369484e+00
1.871109003168054175e+00
1.221029836381135603e+00
1.785151128514232965e+00
1.942639511279635300e+00
1.901874279933683631e+00
2.018345011811376821e+00
1.419006365667552005e+00
1.823148355838679180e+00
1.959998197891533067e+00
1.086449522546702795e+00
2.122280831537529444e+00
1.932347465998024427e+00
1.933061150599310274e+00
1.897628425296796761e+00
1.992471326340554905e+00
2.033699523451216518e+00
1.918954526136846583e+00
1.940938333444857555e+00
2.507728268994438015e+00
1.887470565788371468e+00
1.892395139161113349e+00
1.960817939403308063e+00
1.921119773210488990e+00
1.835703258308279739e+00
1.749031041284562438e+00
2.166946489302165268e+00
1.925342563178606969e+00
1.172100643177864887e+00
7.654221325260679443e+00
1.786573022830085788e+00
1.927360763199063243e+00
1.528703425480769207e+00
1.495172984022232532e+00
1.088692388706823166e+00
1.916157401218417489e+00
1.983168520002345225e+00
2.205227546782189130e+00
1.922737296396899387e+00
2.093513585645510489e+00
2.119848212794387621e+00
2.055078097320497843e+00
2.032493960323586535e+00
2.083241523460425793e+00
1.849417773609985716e+00
2.029320817780624342e+00
7.249411368987554560e+00
1.809970705820548753e+00
2.369127976486998133e+00
1.880221499939809693e+00
2.060593708281955205e+00
1.834386664022070290e+00
1.959838737678671228e+00
2.072631772380631343e+00
1.803939031414772520e+00
1.822879172762932320e+00
2.149820635005621927e+00
2.114416079473258492e+00
2.834789644012944976e+00
1.942345058626465670e+00
2.017306107044603447e+00
2.059420126700166609e+00
2.062356163825584066e+00
2.064031270967610965e+00
1.912463160281115293e+00
1.990032406952764399e+00
7.007904473595695016e+00
2.308773916393308756e+00
1.932305585407374293e+00
1.852277597920751528e+00
1.865713132351052295e+00
1.884373573763773457e+00
2.467171354295941033e+00
1.948731480770707014e+00
1.897007872545082741e+00
1.911017984327138208e+00
1.946676675049484162e+00
1.915328962242821564e+00
1.950120849398630396e+00
1.929410927042293666e+00
1.958668818929603539e+00
1.827483852369670370e+00
2.021143324131195129e+00
2.271731269069951598e+00
2.469668922214856455e+00
-4.532531437944231634e+00
1.826605084563180048e+00
1.508734597473205818e+00
1.152140415377469473e+00
1.119917688755660778e+00
1.957776173285198595e+00
1.975145829282519916e+00
2.047552709698989837e+00
2.036820423382246670e+00
1.865910429086626854e+00
5.360736688889819135e+00
-5.449836621081931121e+00
1.890474549755089217e+00
1.566593718213482145e+00
1.969345243862266726e+00
1.735469939279911111e+00
1.013227328846230346e+00
2.311218121298154404e+00
1.919136164814148504e+00
1.868912945587546171e+00
1.823987930600955432e+00
1.760979170722211329e+00
2.442028900719592777e+00
1.970014255024394201e+00
1.186852307692307651e+00
1.865747878763764467e+00
1.034461375410824946e+00
1.016237232141853797e+00
1.743830362767258224e+00
1.864351676889832055e+00
1.179897475207205559e+00
1.419415253355530204e+00
2.640514555626277016e+00
1.538346084444019768e+00
1.552705628654329928e+00
1.820022856700112435e+00
1.073819229594614288e+00
1.910591020310728361e+00
1.335663728632478620e+00
2.598408263390057815e+00
1.707097327776415874e+00
9.798132596108706238e+00
2.033742485473591266e+00
1.623539246980141737e+00
4.574074774127698362e+00
1.482430548893691746e+00
2.001702004472129204e+00
1.076897280357079323e+00
1.070701208829712758e+00
1.695877486521658373e+00
1.821881889075565031e+00
1.326558859035907867e+00
1.297454898864119466e+00
1.405528578251870719e+00
1.704512733256048795e+00
1.741425054835588959e+00
1.110210820576674307e+00
1.000369349971409472e+00
1.960873383752134602e+00
1.186940192481128697e+00
2.029260986691327151e+00
1.161705203204823400e+00
1.750257011366147530e+00
1.824859844565818845e+00
1.702813342160967469e+00
1.883229983156587295e+00
1.620627902822436628e+00
1.373157328196702665e+00
2.602716774362556773e+00
1.551075820548343476e+00
1.167248160184863659e+00
1.706674270542150040e+00
1.381216159283473965e+00
1.725112325106834765e+00
2.652422185515924014e+00
2.011939880601194108e+00
1.913555318500457236e+00
1.421224953770042987e+00
1.893109093615121363e+00
2.059910458312060655e+00
1.698970680266390199e+00
2.209071992374132432e+00
2.112823784077718425e+00
2.116875972026788233e+00
1.151242301974941595e+00
1.789483472256661711e+00
2.545153064016548505e+00
2.331050801276306039e+00
1.720462070353229622e+00
1.945325394000194219e+00
2.249348562718218592e+00
1.705476823423693222e+00
2.866121649014001349e+00
1.772634885439763552e+00
2.071761722066393752e+00
1.418311201524932397e+00
1.417409033374457339e+00
1.294536437085033187e+00
1.694604798543750679e+00
1.793441061809957437e+00
2.091737954569196756e+00
2.050464849719816574e+00
1.720686846491892741e+00
2.390272188095742489e+00
1.409052991181377612e+00
1.940951877468904740e+00
2.130757049223595434e+00
1.755955825617284027e+00
1.667336016832860590e+00
1.709327671620665345e+00
1.410424347632205588e+00
2.241904502175794622e+00
2.046315297019702051e+00
1.976830250227103791e+00
4.479981627497512164e+00
2.444393183106733591e+00
1.809257689815045644e+00
1.503958563932708659e+00
1.992181112548512267e+00
1.510607902994022256e+00
1.766475630806229491e+00
1.784829295154185091e+00
1.854400693705411607e+00
1.961961124432426873e+00
1.428284991867038167e+00
2.178919113163167331e+00
1.804846754198944581e+00
1.654243087872981022e+00
1.676357818663283039e+00
1.783706575524154569e+00
1.815408339859423181e+00
1.706682297772567303e+00
1.486084875960206553e+00
1.149317258247789963e+00
1.695912788745008726e+00
1.766674423339829492e+00
1.730582061977410824e+00
2.037255383170788914e+00
1.678088625313098659e+00
1.681092507092395882e+00
1.744895111400530219e+00
2.180031048200174570e+00
2.366903914590747338e+00
2.019798707023214845e+00
1.461648253111657692e+00
1.698404567426352152e+00
1.784947862261073492e+00
1.987182918488119565e+00
1.742764026876471695e+00
1.818304492776631198e+00
1.775523405701982194e+00
2.300485618680615296e+00
2.312918618667130666e+00
2.003426397254735480e+00
4.830896425017224161e+00
2.113402061855670144e+00
1.715802466800347981e+00
2.505815957742563160e+00
1.729441561767802726e+00
2.098975129674275131e+00
2.113745783578728332e+00
2.098666840020802393e+00
1.792954648570808551e+00
1.090767734566714608e+00
2.149091083658708268e+00
1.443413853986049489e+00
1.328428354879493734e+00
2.283792229019192987e+00
1.427485599101288249e+00
2.044481012400273023e+00
1.653390991841290791e+00
1.226961609054756819e+00
1.848323050150292746e+00
1.598172123577689119e+00
2.197388993975442517e+00
8.001587721619475957e+00
2.735367350720340873e+00
1.082693754277214371e+00
1.496028414800117057e+00
1.657429757651829760e+00
1.387880265714940276e+00
2.603460757966324923e+00
2.602316731653066206e+00
1.631994126232282349e+00
1.797705599558655498e+00
2.153454054806549500e+00
2.196541886776079533e+00
1.120929302869091870e+00
1.451176776405457503e+00
2.060868629520696160e+00
1.624208775660491266e+00
1.592743593557248927e+00
2.077420453611153572e+00
1.367975975258101551e+00
2.017892255216693354e+00
1.957944915254237195e+00
1.940101769329596992e+00
2.207240261725677222e+00
1.052120491478398812e+00
1.337799747434224695e+00
-4.970308272936775573e+00
1.123980668681344941e+00
2.234944804776427318e+00
1.225008181865685497e+00
1.751631010576011560e+00
1.784506654609078646e+00
1.593304968089100271e+00
1.555563359261145084e+00
1.720412149347524622e+00
1.393524264120922895e+00
1.867022861342284568e+00
1.079341106345274692e+00
1.585502507642135184e+00
1.723263787224798671e+00
1.741894149360264210e+00
6.951083212125851674e+00
1.856659479868368212e+00
1.662167844313019227e+00
1.486600412925214609e+00
1.731200552674414306e+00
1.416725124754874665e+00
1.955621571748674237e+00
1.631120972926637602e+00
1.086470669693120117e+00
1.102823129251700784e+00
1.079997749295174003e+00
1.457057617155960383e+00
2.049210479515523708e+00
1.103855547848180629e+00
1.664715978600251889e+00
1.564443549216580465e+00
1.109262617288758523e+00
1.694072541382668051e+00
1.055836485500033284e+00
1.925249417846995215e+00
2.178638643212253534e+00
1.293764961514381362e+00
1.195475309010568976e+00
1.656703276754107224e+00
1.131527399293095648e+00
4.551940595575288739e+00
2.131121634620466665e+00
1.423042512615659838e+00
-2.816119624997553306e+00
1.853748412950325442e+00
1.428836180904522690e+00
2.135927014585990769e+00
1.989350445979833015e+00
1.267781879710813797e+00
2.230180201100712800e+00
1.537798755958216468e+00
2.176115081586085243e+00
1.852778327071386233e+00
1.441580671981219641e+00
1.079685103993434314e+00
1.428313903823928532e+00
1.086715848690203323e+00
1.142809381490299314e+00
1.353441159843713271e+00
1.008378408102460488e+00
1.015157514289485086e+00
1.076419479913115929e+00
1.015146289007020197e+00
1.432518023705755317e+00
1.017265378638712692e+00
-9.090841013516766100e-01
1.006212243254128058e+00
-9.169715823917213848e-01
1.042698058515629800e+00
2.017404525987684050e+00
1.012366631878653944e+00
1.371268408780641046e+00
1.172752724727527340e+00
1.444403379091869111e+00
3.980910361529593189e+01
3.886064979623395033e+01
1.039632526243895505e+01
4.445810984508035801e+01
3.941538124720298697e+01
3.754028064283172483e+01
4.007752012882447445e+01
4.203759720500394792e+01
1.382164526110179636e+01
4.140115391797652222e+01
1.953294682267217919e+00
3.951913135067754723e+01
4.009659107374576337e+01
4.018543468600464763e+01
3.896419861665490458e+01
3.926030123566521723e+01
4.223469693407241010e+01
3.940095887279318987e+01
4.005708416114168102e+01
1.013240175934249407e+02
8.799591383696602875e+00
7.039456409075204313e+00
1.884958451432439785e+00
1.471189200134144244e+02
2.511326837452410246e+02
7.748026284514881468e+01
1.771200619409300145e+02
1.656365002425422688e+02
2.909740698407819650e+02
2.912156743523689215e+02
4.688340761954702174e+00
1.520276877295175382e+02
1.867862886650472944e+02
3.001909177768333166e+02
8.380029214331434773e+00
1.586775226536293246e+02
1.608949520782953186e+02
1.237944791045680120e+02
2.546549813294948876e+02
1.378763633132677455e+02
2.697661966494009675e+02
8.332027369141293605e+01
1.612651585429561862e+02
5.250590626592918397e+02
3.343341852649373003e+00
1.606016800873265709e+02
1.921748736344366648e+02
1.583719830134924393e+02
1.782264536198320002e+02
1.333841286580543226e+02
3.170397271173222364e+01
4.778237745245380097e+02
-1.351066856330014332e+00
-1.055405029597552691e+01
2.580673748152086944e+00
2.879239100608525614e+00
-3.521336114377437987e+00
1.966270809609023340e+00
-9.159276047470168436e+00
-5.482467429907460499e+00
4.570139622762352971e+00
-1.321723861032869429e+00
3.555514202094364862e+00
3.315141542859201707e+00
-1.344490282074218390e+00
2.330656535129378426e+00
2.367748924854732095e+00
3.212368525501091643e+00
-1.433270727939171874e+00
-9.362613366718588459e-01
6.350663447559026231e+00
3.018952160722658817e+00
-1.003367872551480211e+01
-1.302394942483285023e+00
-1.252385289414311931e+00
-9.931752264279356979e+00
-4.512939334909392919e+00
3.298046700048822277e+00
-2.105046199950054131e+01
-3.507141978342869670e+00
-1.001799442337686807e+00
7.464034058749702716e+00
5.354257879562013933e+00
3.071378428418360507e+00
3.621620288949885857e+00
-3.561552484343744496e+00
-1.353674149907534430e+00
2.649299760539873816e+00
3.519130837786736965e+00
1.365333861177091546e+00
1.263987371776121416e+00
5.160572485499308470e+00
2.825965171320623526e+00
3.101557659583751292e+00
5.311684243500052638e+00
2.548542725843142787e+00
3.755584307178631231e+00
5.489266444298182002e+00
5.721997391466368654e+00
1.301635394761019970e+00
4.974317193129325965e+00
6.026294814995655891e+00
1.299115100993908243e+02
2.897483138019537829e+00
1.269363361206586882e+00
4.269696255769918736e+00
4.952333368080142684e+00
3.857309969585535292e+00
2.989314680153318360e+00
4.892380422691879716e+01
3.077753142182469759e+00
5.686624469689063766e+00
3.623334252108025400e+00
1.600725240206947619e+00
2.739895867797377704e+01
3.078911582246512957e+00
5.434353438806703629e+00
2.778176046557767265e+01
2.948518882735537971e+00
5.372941794565107898e+00
1.992589683474756068e+00
1.190193139332540895e+00
8.065309754586776236e+00
1.445428306129526774e+00
4.649322795652988560e+00
1.210488879591009592e+01
2.446753045299229878e+00
1.059175034579013630e+00
1.809354401655764111e+00
7.340715233688439589e+00
2.869760924914730449e+00
2.842385380949729257e+00
1.079697030939957392e+00
2.892435535820845782e+00
7.486183235112240375e+00
5.295279059695028323e+00
5.241790487273145338e+00
5.512382938318035386e+00
1.225327387716397265e+00
1.258999236671889399e+00
3.182796413151776704e+01
3.956519466141829255e+00
4.157864290586335443e+00
2.856767658659017606e+00
4.600669008899080481e+00
5.247355214364946008e+00
1.780190567096196164e+00
6.421875112263886187e+00
1.750162467506498620e+00
1.115657297191335440e+00
2.512550354003906250e+00
1.951515381261964777e+00
2.654156693077139639e+00
3.995426293847258226e+00
2.891432894156212630e+00
3.039656571473444480e+00
3.401277458892581151e+00
5.229154788389659636e+00
4.270643998915116413e+01
6.170686563752348519e+01
3.423233930671832681e+00
7.722377445712626631e+00
4.391218418285654401e+00
5.139525775492531423e+00
1.380405330983588419e+00
3.010941218692153587e+00
2.791720433399967671e+00
2.970502709944583319e+00
1.346277408030888356e+00
5.372729949204527067e+00
2.732105871448351486e+00
5.317994019821456142e+00
2.573619270676593462e+00
2.461811064657718262e+00
2.096652652075774892e+00
5.180110648179769406e+00
2.738419472606701266e+00
2.686867077261391401e+00
2.520070951452586971e+00
5.203486400578333892e+00
5.117584504367641784e+00
3.121801663423021012e+01
3.656186224489795933e+01
1.375327143569292199e+00
5.364256053818333037e+00
1.991608522594240149e+00
2.718269683699994665e+00
5.243160428977894583e+00
2.543623151661517312e+00
5.034015025792958120e+00
1.856994455526020049e+00
2.923366817731755329e+00
2.373819006013113153e+01
2.722223771821119520e+00
5.389038607566666528e+00
2.855948765508264930e+00
3.006766927134461476e+00
2.694434047093546170e+00
3.322968149072183852e+00
3.013271897098947605e+01
2.435332386951342087e+01
5.228280434223618656e+00
2.992766005684752262e+00
1.806296638160162837e+00
3.102235531167620852e+00
1.658008315690125745e+00
1.497368849686141257e+00
3.002334134646847730e+00
7.830208682066733594e+00
2.246457463276166688e+00
2.447206494827553147e+00
2.319659369520774561e+00
2.853306603098124228e+00
1.063683781671442841e+00
1.333510128312355825e+00
3.070519991878237320e+00
3.225772168714712507e+01
1.527932466551829904e+00
5.627184730938806112e+00
2.553629672911222226e+00
2.959570708723251009e+00
3.638265306122448806e+01
5.760437875142124575e+00
2.242286967036078327e+00
3.123811572209808318e+00
2.700838304809177082e+00
2.417773021583704551e+00
1.069243465958450212e+00
1.692597908782997873e+00
3.237986769300588374e+00
2.732283621704683974e+00
5.341519661717862633e+00
2.832897262201242494e+00
2.763332219065128825e+01
1.044546542086917107e+00
5.432501889644746562e+00
3.015205751565446235e+00
2.919855394883203559e+01
2.665277672247971630e+00
2.377024391986000396e+01
2.945302981724911717e+01
9.590032484000820645e+00
2.147767539509240819e+00
3.226107300430843594e+00
2.707496396146253925e+00
3.061869061292680438e+00
5.393565296382061725e+00
2.910160599210499743e+00
1.447742184971438473e+00
2.681139156079490160e+00
2.904900104789708948e+00
5.473868458147567395e+00
3.023687654568233629e+00
2.880993250562453145e+00
1.623103318204494938e+00
5.300612483754460591e+00
1.045315015473419873e+00
2.898702083184307554e+00
5.205309190748971915e+00
1.926586408002149753e+00
2.897400388811412597e+01
2.617260707346847681e+00
2.001905206630866019e+00
2.332163052458770025e+01
1.506436931349079522e+00
6.427659328918026382e+00
2.170896940789075469e+00
3.544266465557088708e+01
2.887742388189943110e+00
3.912680756395995729e+01
5.354403303222729171e+00
1.528185711773933919e+00
3.538414491624464198e+00
3.074466762611942627e+00
2.920048633571468155e+00
3.470209232813019185e+01
3.184870025877003297e+00
3.033013692094842728e+00
3.081821007373128474e+00
2.585329569728409993e+00
5.170451198574784080e+00
5.367609891867681782e+00
3.862327669124719165e+01
3.032086616652462929e+00
2.840766999246904234e+00
6.107837220330215366e+00
3.192024178372521614e+00
5.141090112887884089e+00
5.052992128814290496e+00
1.194411251034102506e+00
5.232898051667337569e+00
5.262853372204431501e+00
2.717074154242955508e+00
5.355970832929890513e+00
5.065008653935924698e+00
5.149961636161828338e+00
3.025455454032421443e+00
2.940670859538784043e+00
4.778627438273605144e+00
4.005341571492058605e+00
3.152633374602549221e+00
2.360895947012213281e+00
1.432751591366075328e+00
5.182056891206971549e+00
2.907843020367610443e+00
1.873376567178818508e+00
1.052213216957605946e+00
2.537179966241028595e+00
5.124340428586812379e+00
2.538747105355043221e+00
3.417801394885420052e+01
6.113150509061594740e+00
2.691858663085029413e+00
3.420551066915268112e+00
1.397075583010836786e+00
1.854495413571703333e+00
2.873371616192884304e+01
4.664689587382436109e+00
3.514691317266424875e+01
2.845785507448627349e+00
2.904198015483589579e+00
2.930852359698274956e+00
1.447109385831138129e+00
5.075162683186832169e+00
2.617862488773575524e+00
3.466629789076216550e+00
2.903358678263777470e+00
2.161423521373615042e+00
2.636759330615267238e+00
1.017375714591766567e+00
2.848495817765769100e+00
5.023270024298017056e+00
3.288363308018791731e+00
2.727118932282242447e+00
4.583145097286784875e+00
3.230317654219202694e+00
5.209328057939914380e+00
5.094973231288850712e+00
2.455258623457516975e+01
2.681076352572026256e+00
3.073914441942746834e+01
3.117681504933153214e+00
3.043668834397311063e+00
5.391252367114345745e+00
5.162903688818716752e+00
5.208188553542199450e+00
5.650603179165369028e+00
2.700577269215986842e+00
3.082042378166984342e+00
-6.410708531808423372e-01
-6.306078848762665112e-01
-4.743334973699881552e+00
-6.606640142595398002e-01
-6.301148470581842131e-01
-6.342802218799578062e-01
-1.134717848220938130e+00
-5.948482918265570740e-01
-6.858147777978034210e-01
-6.557803953779237638e-01
-5.312049161497817806e+00
-6.635654845532722446e-01
-6.233992061723861999e-01
-4.793581863786930519e+00
-4.884111664481804560e+00
5.991694512583778831e+00
4.847366630118340680e+00
4.840409258469794196e+00
-2.253861412893280569e+00
-2.759831467085412271e+00
4.431471215351812099e+00
7.227090354678221473e+00
6.046790556556366880e+00
2.561081669718543452e+00
-2.399245516499821207e+00
-4.583390793726342061e+00
1.304634663676036688e+01
-9.653078251421254308e-01
1.391093179634966326e+01
-9.582477299968632511e-01
-3.115533314727192971e-01
4.754348391745561564e+00
-3.496954310322418769e-01
4.595227546047218503e+00
2.150597979439730079e+00
5.484694568603548426e+00
7.088083659365973510e+00
-2.367046480285447618e+00
1.715067952800247042e+00
-2.266774729160785373e+00
-2.275559619560967306e+00
1.172180099510115925e+00
-4.710701468451181206e+00
-2.905184834233653479e+00
4.373217744752468938e+00
-2.961352863636540267e+00
-2.892825796744429745e+00
3.872853373777588093e+00
5.284533982230773752e+00
4.420116664816801766e+00
4.796632768811319281e+00
4.062356688878287159e+00
1.071696540225093752e+00
1.014145977372721497e+01
-9.624416789249971016e-01
6.191292914536157710e+00
6.130190476190476190e+00
5.166232515647955381e+00
5.133645632405621662e+00
1.040407304847698811e+02
-1.123051874653190785e+00
-2.399544906973631431e+00
5.069999422288124613e+00
1.349091578124281376e+01
-3.026391646915636446e+00
-2.343219871205151961e+00
4.637804332545210961e+00
4.575905145034935728e+00
6.116400242069993887e+00
6.708672764167867619e+00
-5.814841672709692988e-01
1.060255895346835686e+01
6.106954930221917266e+00
-1.439207851614100697e+00
2.606728590124166089e+01
2.233182702502393369e+00
4.393935909859894906e+00
2.614113097934809726e+00
4.689588087844662745e+00
-1.147658391370516462e+01
-1.272231713742834813e+01
1.393833239697280124e+00
7.452777057959747431e+00
7.815561847872464440e+00
4.752376954041439561e+00
7.281064760613715769e+00
4.002567890811875806e+00
-3.157612424863843081e+00
1.292126500698662639e+00
6.969198940987543445e+00
-3.445777032372393300e+00
4.788497919031403427e+00
-2.809517511773007570e+00
4.937445908260409411e+00
-3.331598619110802240e+00
4.379702200637912490e+00
1.470299396747141607e+01
5.005060440716133208e+00
5.403395159931871916e+00
3.306217261162384791e+00
5.598045186925374672e+00
3.034098676193999466e+01
1.043893303169938003e+00
1.726344866620730389e+00
-2.521755835760135511e+00
-3.180170466618921221e+00
5.128892089189054815e+00
5.531234757813379588e+00
-3.337842794656485701e+00
-3.090781306758058733e+00
1.506302287822116170e+00
4.303969289827255018e+00
7.437059282486124800e+00
8.272544110953438334e+00
1.280653668864025096e+00
5.539074587651438009e+00
8.293196948988139638e+00
5.108526150574654423e+00
4.363588093825155667e+00
4.403658217925268126e+00
4.926149710452598640e+00
-1.557719908124220787e+00
7.046059218995852191e+00
6.324921787379729210e+00
5.096037557234210702e+00
5.016000142381689564e+00
4.170341478946111735e+00
1.074049702044657995e+00
-1.221469143470159890e+00
1.899402021282692843e+01
-4.777301971588304497e+00
3.761350016779327632e+01
-2.413231819375164289e+00
-3.702212090168083058e+00
2.293142567333101844e+00
-1.215775317330189287e+00
4.598672238746031482e+00
1.277370706070530915e+01
8.864433643279797437e+00
5.077438692787312746e+00
-2.618785302580525443e+00
3.206981878528353036e+01
-2.168627590374293312e+00
-6.900984386201108878e-01
5.942335326565614473e+00
4.348962877918101988e+00
1.211332742690798625e+01
-1.341839167562356883e+00
1.062428641758057513e+00
7.987735169321911854e+00
1.041196001252519876e+00
-3.420182517655903975e+00
1.647538648781624593e+00
4.534540934114722255e+00
-1.197093070968094919e+00
-3.516983491592543309e+00
-4.874652529494192255e-01
5.001669616741359903e+00
4.564045487539317492e+00
8.276436182534167685e+00
5.449731024388388967e+00
-4.748283430040957320e+00
6.031002012817250346e+00
-1.051037463261913496e+00
1.027126279717741397e+00
5.062217525812570784e+00
5.358673011141050324e+00
5.123496361099588725e+00
1.145769765955046360e+01
-7.689294303394338392e+00
-6.930000283082805579e-01
3.788937409024745406e+00
1.129994306189000097e+00
-1.482364918914987895e+00
1.258451831380238417e+00
-1.669168963537571271e+00
-4.502417446764735764e+00
5.549978117329172456e+00
-1.103607032586917835e+00
1.544553961322520230e+01
1.048649057664347906e+00
5.413284062553572085e+00
-1.274840526805857355e+00
-2.856848823294774853e+00
-1.483536731473142467e+00
8.677007111202721390e+00
5.774644175013178504e+00
7.075887175540888308e+00
-5.024965840790439842e+00
4.992237037037036806e+00
5.502121035220859824e+00
3.951351090987909931e+00
-2.390157240479291456e+00
-1.233388355444350770e+00
5.243521772060740993e+00
1.031569076891019066e+00
-1.098271833306283307e+00
-1.559370067296707019e+00
1.147148936828348553e+01
4.683669688511226781e+00
2.204670418192926196e+00
5.074368349026737057e+00
6.235751406605677616e+00
5.922341316846271297e+00
4.816686457339744543e+00
4.337403505364858525e+00
2.257097599078381034e+00
4.302279006358054048e+00
1.479398922265870375e+01
3.986535732295007683e+00
1.158977741333618638e+00
-7.391738556460908605e+00
4.779370778617520799e+00
1.029937384898710917e+01
-2.175621877012088312e+00
5.066289123729585064e+00
1.235537159264645624e+01
7.113676853055916638e+01
4.153164213849514397e+00
1.026560954875869625e+00
5.773112301881109687e+00
1.521186783546864518e+01
2.081380279066879613e+00
1.117027222795740737e+00
5.121957930016757921e+00
-1.339775743822068987e+00
4.862922459067037018e+00
2.529535048188355173e+00
4.927005048753227534e+00
-8.696278417938337668e+00
-3.249979555914239149e-01
1.076822229766785988e+00
-1.822362928843286767e+00
5.014795101093550755e+00
5.355295202686149558e+00
4.582871303107445726e+00
1.712479100479501026e+00
-4.759880125943628748e+00
2.096599902593449194e+00
-2.442158236912581604e+00
1.022103498297102897e+00
1.187777031564808539e+01
5.158228100227064239e+00
5.048262050027356729e+00
8.844331153007567892e+00
4.464137965408961684e+00
1.069283907425931934e+00
-9.518298673466123461e+00
2.181532277134074249e+01
4.944715788953049973e+00
5.861667401852669101e+00
4.235278904747280748e+00
-2.229480207581983342e-01
-1.378363639782620886e+00
4.986219628172375629e+00
4.658780651555356478e+00
-3.165592045558122791e+00
5.139776357827476438e+00
-6.974168041360624404e-01
-2.731674561703374415e+00
-1.623900773121763308e+01
4.264698742535320442e+00
-8.505305287046139862e-01
-2.829945967458021627e+00
-2.458567073637770051e+00
-2.467812666569753510e+00
4.971336188062570827e+00
5.014994347615439274e+00
7.071168193700406057e+00
5.708627582856929727e+00
5.249951679616529532e+00
-3.378602404347587296e+00
4.579414650489386673e+00
-2.790943935555122657e+00
3.497256655151391946e+00
-1.077990428971166104e+01
1.900858470319096227e+01
1.409922167659789238e+01
3.393542526047665930e+00
1.410790977757212739e+00
-1.288660696986799792e+01
1.824892853409526339e+01
7.766558184536898501e+00
-1.802502887218614447e+01
8.511920273772533463e+00
1.906802114748293775e+01
1.168686884026058870e+01
2.951765086679451144e+00
1.918896898288753050e+01
-3.746191289431909599e+00
3.233267170619569253e+00
-2.168855982497449730e+01
5.822001821677967648e+00
1.534847216662421054e+01
1.743098660319204285e+01
-3.045327538031667114e+00
1.786955462430562491e+01
2.006974631007637555e+01
1.670550568449540307e+01
1.910112072271700612e+01
2.532095957109818052e+00
2.374798879471340385e+01
-7.485229096757732847e+00
-8.252506148567327671e+00
2.168092960818860604e+01
1.560590478720376417e+01
-6.628467604200734442e+00
-8.582135743143631812e-01
-1.206109643884468596e+01
3.015227555585455121e+01
-1.234968044042270563e+00
-1.072950262868623383e+01
-8.409414340448822855e+00
-1.232234078181502213e+01
-2.042233301140664636e+01
-1.254056481412919144e+00
-5.643073549355108298e+00
-1.438765028944634139e+01
-6.878686757193829493e+00
1.805386422593118212e+01
1.499636648356353774e+01
8.359198934644540557e+00
1.649086957055666858e+01
-1.220034111781684638e+00
2.449413492182676677e+01
2.070888946722682888e+01
1.125268450656212771e+01
1.657830351566805049e+01
2.377113318749912807e+01
-1.070619396903015463e+01
2.143267138823311413e+01
4.763208211733923392e+00
-3.394891876070221803e-01
-5.563894446970113705e+00
3.551773961721764294e+01
-9.201698458322445262e+00
1.898493780226654692e+01
2.338376834240789037e+01
-1.140448062957287956e+00
2.904507977821118025e+00
-4.268771477383487500e+00
1.642236944372478646e+01
6.021428147444648715e+00
1.815372367373525364e+01
1.882291578833250867e+01
2.156829914887679678e+01
4.855750394944707438e+01
6.567047410420904008e+00
2.042789118157321582e+01
1.785568672755935893e+01
-1.208433319833896569e+00
2.250376517596434667e+01
6.754946805776841146e+00
2.084086100760274718e+01
-1.174663745087225042e+00
3.173723102103692284e+01
-1.930315476378824968e+01
1.870685832622731226e+01
1.272954048790640336e+01
-9.115185083463028803e+00
-6.660046272823167079e+00
2.256937213615344273e+00
1.952313679245283140e+01
1.939494705326576351e+01
2.313278305788922040e+01
7.663405958203645696e+01
1.345622303541171227e+01
1.685240828838729144e+01
3.478248195446973767e+01
1.373778863505235570e+01
2.700314732946746066e+00
1.204654905162519274e+00
2.324020670111685405e+01
-7.302296405036440952e+00
1.601468106856502516e+01
-1.315972968172475888e+01
1.373739091012127389e+01
-1.278655185285296803e+01
1.836057409224730108e+01
-1.679948148565631527e+01
-3.297924397371533090e+00
3.593605671843349114e+01
-1.963367130515752024e+01
2.558538851409910553e+00
9.639448422715641840e+00
2.047369251287052094e+01
-2.155102146803165297e+01
2.107255253219715385e+01
-9.180223015947817089e+00
-1.361517115743094308e+00
1.965992540841519087e+01
1.533760817900542506e+01
1.616848615117747912e+01
-1.961166411434405177e+01
1.544706381878934387e+01
2.589186580576449614e+01
3.327712323024281993e+00
1.865974834608898547e+01
1.962276942446914063e+01
-1.269183664850711679e+01
1.435691756406188802e+01
-1.525380220338579340e+00
-8.101688057060668413e+00
1.993431809606327931e+01
-8.318683446272991944e+00
-6.081199511522964229e+00
-3.095486640251955635e+00
-1.145003630341252077e+00
-1.483793398774622796e+00
-1.170447762443543027e+01
1.717158041406182534e+01
-4.169084249084249336e+02
2.811499569219607153e+01
1.871123575392326543e+01
-1.946607154408435392e+01
-1.407405513438420286e+01
1.907479478512795623e+01
1.383907839348044355e+01
-6.347512273641851444e+00
1.868605379100176123e+01
5.408627978478094178e+00
6.404250266840962524e+01
-1.898712639792670132e+00
1.328756898787190366e+01
1.850757749297710575e+01
4.532914526779163822e+01
-1.413973290729937204e+01
1.803923645320196911e+01
-7.982170534033195430e+00
-1.476951454149374232e+00
1.968846280507885282e+01
2.045997640413285268e+01
-1.844882260892516967e+01
-2.061835520663216670e+01
1.748478998369351345e+01
-1.515429779375468300e+01
2.110959352369570396e+01
1.303916021211137455e+01
3.099685195689166051e+01
2.092037511076105005e+01
-2.192812373179420238e-01
1.107294671970227240e+00
2.291257387975240789e+01
2.994762312732998311e+01
2.040919705924751426e+01
-3.010430910904562829e+00
-4.482302168091022665e+00
-3.728345973971379235e-01
-8.156604527528275028e+00
-8.761382587776909148e+00
1.516749789346632937e+01
2.636353821962496013e+01
9.797571112081373101e+00
1.803170004260758574e+01
2.742929545902757837e+00
-2.001443952188016695e+01
1.940202105858243087e+01
2.526225394210691810e+00
2.004729590133973360e+01
2.216531972996575917e+01
-2.511758930594366035e+01
2.123286982142215606e+01
1.094904134669175555e+01
-2.097018705850888232e+00
2.609001578810943300e+01
2.277137403222555534e+01
-1.820073532198764354e+01
-1.560603664857077577e+00
1.986551847865088050e+01
-2.287798915516949805e+01
1.903183661210391975e+01
1.756897110548239382e+01
7.004799328094066801e+00
-7.244358924937031041e+00
2.365150269326934307e+01
2.916462553968781179e+00
-1.187580407397480542e+01
-1.446121040944642111e+01
2.084814183265005028e+01
7.339535636275382302e+00
5.819385762471152468e+00
-1.843139269692488824e+01
-1.769142516576026125e+01
1.733445549911328953e+01
-4.572616222313195422e+00
-1.407334552796953187e+00
-1.831004130098089888e+01
2.664122023077236001e+00
2.917940767298122129e+00
1.408288304789815903e+01
1.946952183099842060e+01
-1.006795821077188346e+00
3.199745791010049967e+00
-9.887287784345838659e+00
-1.930274716194398721e+01
1.959940177583080256e+01
-2.732270765671575230e+00
1.492912907995434191e+00
2.009698055729773358e+01
-1.087574358974358972e+02
2.179210448204214856e+01
-2.341904345486344852e+00
-4.863706675620682596e+00
-2.169730510413404900e+01
-2.318830699831472941e+01
4.005796942432887420e+00
5.763905841325196455e+00
-1.210423181636888001e+00
2.184645476772616135e+01
2.028298629971633815e+01
2.342209340376793847e+01
-7.361890694239290767e+00
1.833879394565817478e+01
6.668354987888130303e+00
-6.681847887841995792e+00
2.116011345506115759e+01
2.516127814225704284e+01
1.753693051912107848e+01
1.959388113221942618e+01
1.814027412406115314e+00
2.084328886623049115e+01
1.081318000884564299e+02
2.714287463571131198e+01
1.936369007305791357e+01
3.094119604487545061e+01
1.597485689992863911e+01
-3.423322829998609151e+00
-6.287758682089768847e+00
1.590372796525963217e+01
-3.772959272247491391e-01
2.055276310152791552e+01
2.172363575493806565e+01
1.542283915283342992e+02
2.444026764555550457e+01
-1.869800296503008719e+00
-3.020356993212101049e+00
-1.942235378022380132e+01
-6.373740936297341619e+00
-1.433659955334729830e+01
1.985064122331259284e+01
2.017746138545506884e+00
4.580098564724823795e+00
1.048226395671021605e+00
1.051845098281616986e+00
1.086352225725472964e+00
1.264521176431345983e+00
1.476188263178073834e+00
1.270560520750143363e+00
1.636395693914504346e+00
1.510676769075550485e+00
4.626302231745959226e+00
6.945918922237620308e+00
1.552610932921060449e+00
2.998051700360905070e+00
1.558114805080154985e+00
-4.762859373343485636e+00
1.116979847937094927e+00
6.696029968332432247e+00
1.834247326569783398e+00
2.080666315334841698e+00
3.088633579445750232e+00
2.230105562736231839e+00
2.661901055378768977e+00
1.528385212621981681e+00
1.212256550974561531e+00
1.078555835562520215e+00
2.693120669751835727e+00
1.489480360899517741e+00
-1.765766119917840271e+00
2.425854023139736970e+00
9.353438993751733932e+00
8.261744169946792837e+00
1.684454969062714724e+01
1.527312956984380854e+00
1.458030041654394759e+00
5.584263472565143438e+00
5.935800385728061457e+00
-2.097985032796074290e+00
4.321875828386443352e+00
1.418859609587051596e+00
1.587930642722265251e+00
1.058871815158670238e+01
1.846364332223670912e+00
2.074142005176099701e+00
-7.756517579526429618e-01
1.415511140090396580e+00
1.047832216450049181e+01
1.207758904766184305e+00
2.357702773827254461e+00
4.081325759496881034e+00
-8.410138506843231054e-01
9.895358528351890115e+00
2.966042161137015132e+00
5.229102695325827277e+00
2.465006938912127410e+00
1.282671385335580450e+00
2.031228608746222353e+00
1.452149605746976713e+00
1.389345243966015220e+00
-2.593383966718610267e+00
1.508906928291144034e+00
2.445663313607689293e+00
1.514019874675612387e+00
1.956547392862666879e+00
7.443813023414801222e+00
5.556014236016480368e+00
1.126349434134568339e+00
7.650607221892372856e+00
1.533289206266821081e+00
1.549278475889799278e+00
1.514388197424468174e+00
7.414313118459288532e+00
1.326928606328454663e+00
3.376250470717291119e+00
7.438966145779998484e+00
7.206154689427011206e+00
-6.431974116191654378e-01
1.622062197988833887e+00
1.904204746984265562e+00
1.979777837862196410e+00
-1.668008995345431789e+00
1.365754747214960485e+00
2.084983811635208628e+00
1.488864683314340853e+00
1.524165758897945810e+00
2.286683625395082853e+00
1.075185746850172208e+00
1.685033441373184449e+00
2.076231893969718634e+00
9.989485498015474363e+00
6.854516541907458738e+00
4.170144988919279427e+00
3.531683442896370373e+00
1.281037471662888283e+00
-2.267147876929522798e+00
-6.802342108965309997e+00
1.814333833283150677e+00
7.009141305947572675e+00
1.025156950672645673e+00
1.053518682915018934e+00
-1.399514031262542479e+00
5.592685705676863961e+00
1.582296245607116791e+00
2.209666529765899501e+00
7.195946797878066015e+00
1.102691315814771977e+00
4.359903925987427264e+00
9.507302152271842388e+00
1.311966248438518834e+00
1.689188108404551913e+00
-2.417663464806701246e+00
4.054378608889636304e+00
1.543239077688422167e+00
1.183085522215385543e+00
1.067490413131874760e+00
1.846892715713850608e+00
1.455697793858371503e+00
-2.197609760920132160e+00
1.148322594200868574e+00
1.556522038488461490e+00
1.427013916595233578e+00
-1.142615182757477532e+00
1.816444127221767735e+00
1.575386760121594731e+00
-6.033476873435590804e+00
4.667300529307978785e+00
1.501465332103177897e+00
1.400649573129071124e+00
1.824913168286996568e+00
1.542393253256747476e+00
4.922663174858985080e+00
2.387287835040805106e+00
8.116801836983984941e+00
1.357584063238594707e+00
1.624412832335916823e+00
1.775596744190498733e+00
1.358850827306133491e+00
3.597156147153703465e+00
-1.023123819949267821e+00
7.207960574511066199e+00
1.734508240086013231e+00
1.109264277593483783e+00
8.087988316903979680e+00
1.072786381552403689e+00
1.541158059467918617e+00
1.074783499432731881e+00
1.077738888997516797e+00
3.241488525861453418e+00
1.966234125494336071e+00
1.118416616354469761e+00
1.124300781904921553e+00
-6.350228630876055824e+00
4.196983680097194913e+00
1.371681328593619575e+00
8.646831109831397910e+00
1.560199914525855824e+00
1.126275412351361638e+00
4.104449844106185630e+00
1.000630035652605665e+00
5.029276809096403511e+00
1.129937529289197107e+00
1.095032180209171369e+00
2.483802258469259616e+00
8.410710495193619352e+00
4.965357721846496375e+00
1.490492884973093846e+00
1.456451593839753311e+00
3.481379054245536508e+01
-6.977938051700482092e+00
1.097123427405644280e+00
-5.225576647848243494e-01
1.863309655248419405e+00
-8.661629392677568928e-01
7.599594090900220422e+00
1.285079449094137072e+00
2.634097173816615012e+00
1.698528387725732225e+00
1.142169448654508201e+01
3.740354547704213495e+00
1.241168212287188766e+01
1.195458815381407192e+00
3.315489902963018043e+00
9.011743693646113940e+00
1.070442261487926983e+00
1.368335003005409778e+00
8.064275897025996898e+00
1.197242256396526150e+00
2.679367247246159600e+00
2.508914112954408360e+00
8.464432053394162381e+00
1.366484846239203410e+00
1.095711323423964600e+00
1.064328217976824220e+01
1.644612804920198901e+00
-9.810784055033749951e-01
1.453806198617178636e+00
1.819282835270067178e+00
3.114359425504364065e+00
1.827688926104249489e+01
1.522059245679713735e+00
3.440153229492899367e+00
1.979211636543281916e+00
1.128275753366630108e+00
2.053024191540430365e+00
1.621593526998932333e+00
2.024261201240088681e+00
2.144061311242815293e+00
1.412361403628304313e+00
9.163586126054465097e+00
1.090792207643122014e+00
5.342400169390507436e+00
1.892164777377868923e+00
2.177927265083035469e+00
1.360276698569127252e+00
1.451052920857421435e+00
1.506924974598740308e+00
1.633029203696882981e+00
1.116431648661307063e+00
1.296991598727283090e+00
-1.445687238083752879e+00
1.310300277290048054e+00
3.325949270137843694e+00
3.959217415265913420e+00
9.901839748244977812e+00
-6.536928764631539046e+00
1.063271554672486241e+00
7.414390540243190664e+00
1.576648631087974595e+00
4.060473584026412119e+00
1.111998139823283216e+00
1.405995377865109575e+01
1.239798099436419720e+00
1.483013419227157570e+00
2.549438458999466750e+00
4.186419939392209244e+00
1.412526112807327650e+00
-1.020962385414116547e+00
1.768429022800375705e+01
1.950841596616083251e+00
4.482088277093914996e+00
1.032908970132062398e+00
1.086585739138520967e+00
1.475004454498268558e+00
1.133921218709248668e+00
1.077162490941091288e+00
2.433151940569739580e+01
4.413139158311054189e+00
1.911084212457867970e+00
2.910920842472471737e+00
1.419048777520982796e+00
2.511065656420155001e+00
1.015911533645802223e+01
1.382568296225551663e+00
1.537582922509931560e+00
1.745381856900344530e+00
6.190525497257919341e+00
1.461236999248625823e+00
1.806202502834975299e+00
4.303348739862213002e+00
1.119564388570087887e+00
1.823746701846965834e+01
2.145140981888000731e+00
1.959679946760970015e+00
3.438410682183744793e+00
1.055928536534301010e+01
1.588379199034473555e+00
1.470198937314188159e+00
6.377318424765723748e+00
1.134297223994894743e+01
1.420456138203598062e+00
1.187318134166772898e+00
5.095323880481272383e+00
1.085698672225650974e+00
1.101411029000730935e+01
5.385414986055731212e+00
1.086715730073785524e+00
1.183979254641515322e+00
1.114372267601830169e+00
7.801354057819574805e+00
-1.416045543858310385e+00
1.046142682675379465e+00
2.124268175218452903e+00
-1.008175232741567173e+00
1.631593529675304799e+00
3.564174414461109830e+00
5.057129565015119788e+00
3.694532961961102036e+00
1.280338691517339589e+00
9.494938893553502623e+00
3.721511389125833347e+00
3.553148058425930955e+00
1.211036524634003353e+00
4.907172245343198291e+00
3.803371565196299375e+00
3.052807843063884086e+00
5.107110327777712122e+00
1.531065536861926368e+00
3.902073912365507713e+00
5.117330997917060920e+00
4.023944540110444557e+00
4.545156394466444816e+00
4.385686691133861004e+00
3.602319964510457773e+00
1.083189544403245330e+00
3.947146051160649538e+00
4.026558702038503412e+00
3.720852314474651035e+00
3.472812546847226400e+00
7.986833325501621061e+00
4.721578163979790688e+00
8.407728717834519472e+00
-7.127482475676172768e+00
4.067591730578829612e+00
1.015534573415502884e+01
5.468001234831754154e+00
4.773708676467117940e+00
4.839168374569502440e+00
5.369132111641069294e+00
4.572005219334065451e+00
3.339349785907434143e+00
4.168272688048324071e+00
1.087381655212269926e+01
3.853596707818930156e+00
2.064372239794150410e+00
4.702286614473935700e+00
6.684348608454367735e+00
6.673992100363661528e+00
1.613458198160112378e+00
3.363192153950328844e+01
2.750697230717431996e+00
7.128644444444444339e+00
5.442014065694023017e+00
5.191809355692850403e+00
7.962221654631155943e+00
5.558815994324340259e+00
5.790184139094710858e+00
5.169005660393713342e+00
6.753499473010287524e+00
4.150557552502553982e+00
4.307422960903767972e+00
4.053547319781703351e+00
1.974708961285082554e+00
-7.718850944761945776e-01
3.649525411510272654e+00
1.014315011062058680e+00
1.085651491219269849e+00
1.155774998846384571e+00
1.240882123088448141e+00
5.188061424777739461e+00
4.698561572800649344e+00
4.229215886442078798e+00
7.544874925389332354e+00
-1.188594386936216996e+00
5.282279183824550195e+00
5.140993477170095360e+00
-3.205663716814159514e+00
4.403314969514797284e+00
3.542403528526774537e+00
5.371582465674369367e+00
3.917456408833551507e+00
2.190994693065825949e+00
5.619987277870261089e+00
4.423023436541371645e+00
5.600035523314511821e+00
5.284738831402193249e+00
1.014043075251640502e+00
5.204456369575361840e+00
4.593386140972573806e+00
5.737228586690632071e+00
2.594704863523113580e+00
3.856068370677557144e+00
4.406671297319483038e+00
4.605568866937122863e+00
7.979840465174625308e+00
4.812611842940762052e+00
4.054264370201286383e+00
3.968404089074098362e+00
5.505099382118663343e+00
1.002097044656737879e+00
4.437026125384515574e+00
4.495123885034687738e+00
1.165657554981746946e+00
6.716332133256072368e+00
3.249118165784832257e+00
3.588323316967427346e+00
4.294414645155195664e+00
3.086864497066636570e+00
3.933908535456397182e+00
1.117697845783013566e+00
4.906811238759089200e+00
6.971120213979761893e+00
6.229767813337897309e+00
3.660432891843179881e+00
4.618847109351972513e+00
1.034464075107722181e+01
6.028733191790516699e+00
9.457838897242641707e+00
-4.805140877770720742e+00
3.844516453433152847e+00
3.848694829863205769e+00
3.689644718843580140e+00
1.743969890361642783e+01
4.266822613580803392e+00
-4.293598644406317000e+00
1.112721030042918535e+01
3.107889520532575389e+00
3.879123069993428263e+00
1.487545920356827756e+00
3.716405026993021110e+00
4.600340401882630381e+00
4.151684286558539938e+00
-6.594078708452525417e-01
3.814296438897849750e+00
5.519070938855463737e+00
4.313368630046326757e+00
4.750582865804931387e+00
2.148718448494298716e+00
5.078627933477564582e+00
4.931333617547171144e+00
5.866378975531868711e+00
1.728653459062681641e+00
4.457394326228749648e+00
3.694275245410459707e+00
2.337676854238574187e+00
4.331907081832945039e+00
3.364107525395618747e+00
-3.448023259423274034e+00
1.127997432900135211e+00
4.418066078262906871e+00
8.606046696016859343e+00
3.845950884699380623e+00
5.475234084026593173e+00
4.867743126196423908e+00
-2.527297369305084196e+00
6.246352851917592375e+00
3.929164069290675076e+00
3.991627309914069777e+00
7.375983478042565267e+00
4.136827191286509553e+00
7.407426112892544268e+00
4.333801136762332362e+00
3.396172693914179419e+00
4.577971439665214248e+00
2.991225283145815261e+00
1.005531125562208139e+01
3.612316482550522956e+00
4.680937560785839224e+00
2.932718554039099956e+01
1.265479588696584168e+00
4.252892181265649718e+00
3.909593027571973689e+00
1.020344173492884421e+00
3.061494823700194878e+00
4.595431827510442879e+00
4.375191337377402512e+00
4.110493925831201878e+00
4.478784278784278428e+00
4.237190140680227479e+00
2.803515042907864352e+00
4.960824034334764043e+00
4.710942661427726996e+00
1.252007958473662619e+01
5.439005996167398216e+00
8.369646634286979747e+00
-2.118285925378648127e+00
4.746738433396759937e+00
4.485591994655272252e+00
2.941226268285091816e+00
2.907941200624127642e+00
5.194852463278304633e+00
5.781668946648427010e+00
3.770402091816496437e+00
1.067491171782919190e+00
-1.150003500536134649e+00
3.707558675670048043e+00
1.299505627896711601e+01
4.688321244612635219e+00
3.712007089056269304e+00
3.137203266615031438e+01
5.553414028979149819e+00
7.882822618989064445e+00
1.040038337417805003e+01
3.642025925562211608e+00
6.807561181103904957e+00
1.317534022896043266e+00
3.641121797462216314e+00
1.140090798016920814e+00
1.629927567990424153e+00
1.016613033174238900e+00
1.612769070626129286e+00
1.066520096961497188e+00
1.069633111580289286e+00
3.093375716911144213e+00
5.721855114727548042e+00
1.222297469882059007e+00
1.203764981374044307e+00
2.697187912929416509e+00
1.010615445978480853e+00
1.456110440034512621e+00
4.008370295691277896e+00
1.214286919404093057e+00
4.615487509401328126e+00
1.202284995037881554e+00
2.185572591403878384e+00
1.089748440058873502e+00
1.205138354143427737e+00
2.967476169024670707e+00
1.013843549030330582e+00
1.149596167445619432e+00
6.348564669947558414e+00
-6.866913268093208789e-01
1.055340913448632900e+00
1.177347452852076426e+00
1.422276021291605241e+00
5.437110285318385472e+00
2.853896277210950849e+00
1.773139787300023640e+00
2.747765170341720076e+00
6.553329546745427336e+00
7.277807542124595130e+00
1.262237239676402778e+00
1.420163067430586068e+00
1.332385481727987209e+00
1.347009920307579822e+00
2.703581771359035546e+00
3.812510864801470944e+00
1.320837655749478534e+00
1.185285074080317136e+00
1.019435850360951523e+00
1.019967321668543869e+00
1.028307444848643559e+00
1.522831941611422657e+00
1.094404884044573922e+00
1.955444493442435538e+00
2.205633652770581321e+01
2.181937006095641784e+00
2.528299870660964732e+00
1.566588201726228702e+00
1.371724562610932008e+00
1.110684090956849390e+00
4.046497444952120937e+00
1.266352036357280220e+00
1.268625952640637156e+00
-1.321745982085954951e+00
1.870931751716410130e+00
1.581033893338542606e+00
1.931913665524876533e+00
2.139356865260536367e+00
1.125007565975304713e+00
3.265973923252796141e+01
1.968219225632891645e+00
1.523879516202725881e+00
1.457454398697002773e+00
1.225324681361384060e+00
1.035268990995151128e+00
3.255747397034196666e+01
2.244295861515755774e+00
3.334321461907643336e+00
1.078256071441536257e+01
1.114596389439210800e+00
2.618523304562268805e+01
1.454134709121421620e+00
3.724703773575563304e+01
2.605436550084123670e+00
2.246973377310108599e+00
1.737317273566198361e+00
1.308920601135922679e+00
6.960789333383437416e+00
2.272461256586320033e+00
1.483647777184744054e+00
1.124061109693452964e+00
2.102724992720202302e+00
1.071621333382793528e+00
1.000655197242152017e+00
2.111477868772771327e+00
1.922989396612852619e+00
2.172268781421686334e+00
1.817036777179214857e+00
2.041881066817453405e+00
9.867176865752028903e+00
2.330496711293777778e+00
1.123155073581354690e+00
2.674152058838686941e+01
2.165104197910042938e+00
2.931347685861565022e+00
2.452894015438913389e+00
1.013239163292343870e+00
1.224316421969636970e+00
2.207850606346687616e+00
1.073931245628878983e+00
2.966998458818620676e+00
1.441013734599525753e+00
1.317563156496643462e+00
1.614354327053736160e+00
1.117550384914799855e+00
1.079948540629468656e+00
1.246511065818554531e+00
7.932588689507806379e+00
1.111428735324486494e+00
1.159077327909756150e+00
1.134051217793092592e+00
1.158229284903518730e+00
5.579702931147571654e+00
1.076706710703008829e+00
2.548900700196959690e+00
4.220887408785934269e+00
1.161895505188172084e+00
4.058849594556670937e+00
3.777513701231754339e+01
3.952991127889617040e+00
1.923750591735984283e+00
1.233375582149383920e+00
1.125361576014696441e+00
2.470052024223495124e+00
1.331877592737329419e+00
1.215729399719388759e+00
6.179793842818055438e+00
2.003695278017153747e+00
2.692799556448314480e+00
1.055979930659300292e+00
5.346208182085745442e+00
1.027111822846391131e+00
1.745909654437828529e+00
1.507738907726367206e+00
1.102128116453063855e+00
1.041152855452161630e+00
1.167172687560042776e+00
1.127306607118608195e+00
1.930071449660466509e+00
-5.669074863569328881e-01
-1.794027911413745180e+00
1.047388496257050772e+00
1.384714413832341728e+00
3.312903946370404640e+00
1.058145268254680360e+00
1.317196982182874621e+01
1.155009647603516099e+00
1.123775836196033495e+00
1.110861801242235991e+00
1.051106469728615433e+00
1.925126439620088004e+00
1.503073022846439066e+00
1.011704196426948643e+00
3.865702721480334958e+01
3.352584880649437160e+00
1.188173692995208031e+00
1.459800263466248360e+00
1.292017571481851146e+00
2.252287557011869890e+00
3.384176312502925299e+01
2.599710798183088478e+00
1.600062733086859978e+00
1.128977910894795933e+00
2.039327099762003215e+00
1.055843851517849963e+01
1.080881448334921391e+00
2.090083083252010976e+00
3.370231290145291769e+00
1.560759564263672461e+00
1.742289610119781118e+00
1.227045285973771271e+00
2.291562339884571919e+00
1.344131837549509489e+00
1.974796007327083824e+00
1.520086977019401431e+00
1.444961075537370077e+00
2.238853643385068537e+00
1.063832256566985102e+00
1.151410744646479634e+00
2.095946827103245536e+00
1.384421794995652544e+00
1.258826412806521855e+00
2.127465138852719040e+00
1.084782896894340487e+00
1.634909094399293661e+00
1.059726954245346686e+00
2.399318222730618011e+00
1.080344980097302177e+00
1.518741287934223694e+00
2.775428604581451797e+00
2.182597148312929392e+00
1.053362014630326415e+00
2.076921959017584474e+00
1.464072317862231687e+00
1.794698553082448189e+00
2.002499360033510811e+00
1.295103723173931520e+00
1.769390908233655635e+00
2.542566976681837509e+00
3.070828789531079650e+01
9.225039186164607941e+00
1.605089578471461165e+00
1.915431837425910278e+00
1.076561576883828364e+00
1.247232521069827627e+00
5.198022606265872092e+00
7.679360812781834689e+00
2.239251372694461395e+00
6.007213470836663127e+00
1.184306108621488960e+02
1.180952165744500792e+00
1.432142073124291537e+00
2.390565877100045533e+00
1.644209064851307689e+00
1.612060948453017772e+02
3.297713791837846298e+00
2.835393161197631962e+00
1.166981024425933544e+00
1.154003050539659236e+00
3.007453165278751062e+00
1.531614421739595500e+00
3.506103015567928338e+01
3.098076123945686877e+00
4.254843784225093906e+00
1.289405462411995273e+00
2.081020724644842890e+00
1.160072926615727473e+00
1.022185310803338520e+00
1.558218631381035113e+00
1.356526952589921731e+00
3.969851915797861786e+00
2.464685699781990813e+00
-2.937876026305414889e-01
1.087699790841093028e+00
3.633141458550514624e+00
1.063750347782223926e+01
1.123310291600200239e+00
1.526074214346904823e+00
1.194446627844564901e+00
3.515594641532644715e+01
3.686207525580007083e+00
3.197052007570572840e+00
1.087464769829552980e+00
1.285419084425315273e+00
2.183524204702627980e+00
6.475216342810535153e+00
2.376814262915852183e+00
1.169251772704504901e+02
2.990822099790277022e+00
2.208833631383235296e+00
5.314416840131004349e+00
3.101353181902439804e+00
8.193555605813523712e+00
1.598764004320595289e+00
8.036940128404816974e+00
2.884780825576072072e+00
1.045187962484469324e+00
1.128681523871889283e+02
8.447658405465890752e+00
1.233766736121139518e+00
1.445649876717153948e+00
9.381559493647957382e+00
1.048512695847302556e+00
1.000998747107423315e+00
2.769718473572114537e+00
4.926842748477131551e+00
2.530938963916562923e+00
-2.568890257286302603e+00
1.476206652193964297e+00
2.573867780651150294e+00
1.847440108946651804e+01
1.202215401417932261e+00
1.015278319948914376e+00
1.027152007430383929e+00
4.025105276371197860e+00
1.051686556408557349e+00
1.540372692105742480e+01
1.574168578429077536e+00
1.652806700748498088e+02
1.122216439231313867e+00
4.114205214945456213e+00
2.387293879075724323e+00
1.545160598006174446e+00
1.267894258785226436e+00
1.025801079163479068e+00
1.290647238627997950e+01
1.126141263975698905e+02
1.636607824472446682e+00
5.036786947210469378e+00
1.100106286833028024e+00
-2.297984215702262745e+00
1.906233104558729519e+00
1.029780910830826990e+01
1.218571964352686887e+00
5.478896904784035904e+00
8.514814289093919797e+00
1.970863772487035925e+00
2.605963110211897060e+01
2.612539294777108445e+00
1.005314475731065045e+02
3.205631500672339929e+00
1.203918804243874652e+00
1.602883966058897824e+00
4.123631883559681022e+00
1.016054363205927125e+00
-6.644738803374639069e-01
2.182224592728986945e+00
1.769765979397593281e+00
6.577359811237680098e+00
2.112943001023393830e+00
2.517243252306696988e+00
2.997947296673088236e+00
-1.878804222974660210e+00
1.260238679956603658e+00
-2.184329432035854168e+00
3.180978970594857458e+00
1.730270182360719167e+00
-1.628574659625579679e+00
5.221209543301614353e+00
1.099338708470517734e+00
1.637217498664450659e+02
3.994776612847940278e+00
2.621187724722970458e+00
3.525657749883400971e+00
-1.308544778038785239e+02
-2.169554347576779119e+00
1.055939732880946558e+00
3.388758096498599048e+00
4.546586150910075119e+00
4.071508687228931223e+00
2.769791367265350690e+00
1.530566626849431788e+00
2.380299070749305912e+01
1.388747821757530421e+00
1.635904385012797890e+00
1.955050002028022815e+00
1.220025709465189623e+00
1.319032537980064035e+00
1.981978162708795566e+00
2.527530431054905691e+01
3.974487458549241126e+00
8.846582925069309766e+00
2.305083544232009896e+00
4.423525089934906340e+00
1.028769673771003701e+00
-1.214919570394129344e+01
-6.769796252958364846e+00
1.038372392480041206e+00
1.086070014241307335e+00
1.734260093727469254e+00
3.567688133088977143e+00
1.248226950354609954e+00
2.555235669817791599e+00
1.262500177240437393e+00
1.928402852902257658e+00
2.706960114600968303e+00
2.579821551783415323e+00
2.829830990926881285e+00
1.048292545074323234e+00
2.499495707595638105e+00
2.886454055517684303e+00
1.103505731209405871e+00
2.339400630914826529e+00
3.297598962950254009e+00
6.607101837715072179e+01
1.038033862071470459e+01
1.049110716647523533e+00
1.856142106579935058e+00
1.222768696020396506e+00
1.707414188776808617e+00
3.178376883595524838e+00
1.078960968184466296e+00
3.521303589738743245e+00
4.132821652191476680e+00
1.223058221716103677e+00
3.246330619495929160e+00
-1.613554443053817344e+00
1.193918596315232890e+02
1.993506478926368564e+00
4.776898327510875397e+00
4.604208111729121811e+00
1.794099068627670546e+00
1.543087209977056951e+00
1.106258895251756691e+00
1.404783955833474263e+00
1.164714169199970284e+00
1.461773465703971153e+00
2.284590766635950398e+00
4.656638954255416962e+01
1.015853723216179949e+00
5.427607843137255195e+00
6.855912968405419861e+01
1.139966231315488798e+00
1.244559859035766713e+00
6.268334598364529775e+00
2.199507216723013858e+00
-4.229992218364659329e-01
3.571976767322651902e+00
3.508892905496578862e+01
2.968606192595398152e+00
1.686705810380985326e+00
5.564755742712041986e+00
2.240441471921786665e+00
1.069899883585564648e+00
1.633228636023807301e+00
4.567229567321923867e+00
5.052559022012302670e+00
3.358439169265765578e+00
1.428860963054452649e+00
5.762133032255921883e+00
1.453283115663216485e+01
1.108997862740441764e+00
4.274347558444161699e+00
-4.758242720998374087e-01
4.257270725364010744e+00
3.403190394898985716e+01
5.585351838649915912e+00
1.118884165500488415e+00
3.484134005154044189e+01
2.168432940588291657e+01
2.611333750189479996e+00
1.017549329248731427e+00
1.028145821746763833e+00
1.232606449899508627e+00
1.168895096125069522e+01
4.951345726042830186e+00
1.127501797114144182e+02
3.266412900484174742e+01
4.004213152175724488e+00
1.717614894187222241e+00
1.417283950617283850e+00
4.603934429328178979e+00
3.273140583931235525e+00
3.229911025181596784e+00
1.018422661597657264e+00
4.283956479270675466e+00
1.409522212686723508e+00
1.760216571148806253e+00
5.422304486033955762e+00
-1.203820787523511626e+01
4.676177697845149694e+00
2.386500301069816388e+01
1.632326672191898753e+00
1.040980111332044711e+00
1.881223075792975763e+00
9.024867264629411068e+01
4.901514289507121092e+00
2.944133124733324003e+00
1.005994994470636117e+00
1.987394700696963312e+01
1.052436232726679854e+01
1.011392164579120845e+00
1.718885598426259209e+00
1.281706554360199535e+00
1.230465376298012226e+00
2.668225141068803818e+00
1.957599317761460123e+00
4.035449935094676199e+00
3.086999246691627174e+00
6.122393573647962661e+00
4.015480480409004294e+00
1.706869976749949780e+00
1.198854842897948636e+00
1.156057728898248769e+02
1.854361280037258197e+00
3.457834847904994291e+00
4.050286340299338761e+00
1.321987848849389691e+00
3.333927167435088101e+00
3.856093216034264248e+00
1.469886555093788516e+00
3.955256558068771966e+00
1.650249146234873177e+00
1.241785454625569995e+00
1.084197439055564649e+00
4.053434750925189789e+00
1.907882935255622359e+00
1.032225061549026712e+00
1.504566184809449370e+00
1.291597860203240300e+00
1.327078222045399380e+00
1.068485520711792258e+00
1.054802424219305035e+00
2.892233935043596826e+00
1.256619687397118490e+00
1.055104876299749028e+00
7.194216572419799505e+00
1.027514570869482835e+00
3.307818069483389412e+00
1.585984800297774777e+00
1.149074380690143116e+00
2.470782810860874701e+00
1.384676471379987950e+00
-1.867094376839892655e+00
1.174094387755101998e+00
1.100294021561581292e+00
3.083689797774524788e+00
1.131446499272272144e+00
1.048057553956834642e+00
2.022022712463930105e+01
1.256059745036535169e+00
6.161668046265017296e+00
1.167402172756611094e+02
1.498080776861646424e+00
2.550493111495897125e+01
1.034082790502206306e+00
1.575312209087875281e+00
1.961255972193222785e+00
2.105688067887664161e+00
5.369926813040585500e+00
2.892248924715011782e+01
5.474538638985006145e+00
2.411471680240868221e+00
6.299953682260305499e+00
4.783923087960970122e+01
4.544730218974172509e+00
2.758879987149368329e+00
5.552195804195804385e+00
1.026498304004013873e+00
4.963083164300202910e+00
5.131159522136331752e+00
1.526509072283359458e+01
1.126463106143973825e+00
1.014150822855974576e+00
4.487780463756800842e+00
2.583966153865641324e+00
1.860415291433600959e+00
1.101826290753573856e+00
1.190736263456595223e+00
4.240348052269771628e+00
1.005203439682993638e+00
3.103962261754032337e+00
2.815593069328673703e+00
7.552104899930986548e+00
1.011063050645216066e+00
1.197171056406725143e+01
8.350774153747385853e+00
1.113471605390473629e+00
3.224696806793283077e+00
1.219462155012049687e+00
1.028932313094860218e+00
6.624956430812130037e+00
1.179287643786114170e+00
7.391321333891446521e+00
5.478044789236037104e+00
1.210582569377978368e+00
1.071652316434744678e+00
1.076851170670140245e+00
1.262226867751729653e+00
1.641789326019136963e+00
1.038195031265844115e+00
1.118889940081993117e+01
2.423919558104123961e+00
1.046884216835165526e+00
1.677443522960218925e+00
1.186838606953217079e+00
1.097552689961175831e+00
1.064983610868483144e+00
2.657064133728168631e+00
1.229223542636903810e+00
1.069039705657674366e+00
2.625435323383084452e+01
5.405772735621141578e+00
1.001911840906248408e+00
1.041880543966562600e+00
1.264680782301760731e+00
3.584115949673922774e+00
2.360468983696505596e+00
1.137208632455907198e+00
2.880740479364332529e+00
1.818051962480359407e+01
1.661764559655559914e+00
7.939170095681920003e+00
2.942735310716749098e+01
4.409995285242810326e+01
1.056986831867932519e+00
2.028331159778747228e+00
1.336370015749996121e+01
2.461652040441789868e+00
1.708178689737239964e+01
1.506060568060693550e+00
1.184552738736371902e+00
1.073540818305216193e+00
1.102392505989564508e+00
1.018932330673840259e+00
1.012530689028473097e+00
3.042710376327809385e+01
1.155409056836208759e+00
1.057107646552582159e+00
2.993384545865341195e+00
1.066350843395540648e+00
2.826377033833328500e+00
1.027419333921253397e+00
1.260136890874310245e+00
3.503003553678246895e+00
1.843493675449929370e+00
1.080070557526815911e+00
1.313478934072202842e+00
1.318100674778595938e+00
1.189408371657962427e+01
6.939070538713380643e+00
1.059556493524957066e+00
2.399468431196827733e+00
1.588454361942872595e+00
-1.087559602596201325e+00
1.105689391758740481e+00
1.045811044095394493e+00
1.418728664069341061e+00
1.063405348624037350e+00
6.099855241700566921e+00
1.136635311506698054e+00
1.045841340952768928e+00
1.096996179954379258e+00
3.191316694538226084e+00
5.006966935693829335e+00
1.087002821832706134e+00
1.000865312033974330e+00
1.078662216074256719e+00
1.021190063547082527e+00
1.065969744346812353e+00
1.061251987218837955e+00
5.862375805564163933e+00
1.010288419205465527e+00
1.739926410302557569e+00
1.114568290103592263e+00
1.001160098710153434e+00
7.847464992080290358e+00
2.022106961161434402e+00
1.137656942197226018e+00
2.478862262587830934e+00
9.926671296361909924e+00
1.458143596877656734e+01
1.222186972896060153e+00
2.917897593204341611e+00
1.073770546909139867e+00
1.531018886376138477e+00
1.113118691263487614e+00
1.718587376556462099e+00
7.453549476097965254e+00
1.474452600246232592e+00
1.062467328802927380e+00
1.292474422793105981e+00
5.524951676848624871e+00
3.255258900703726255e+00
1.190523088733667745e+00
1.150047721906866993e+00
2.646613412938740417e+00
1.031443235762958377e+00
1.065881338113594090e+00
2.158659687120337178e+00
1.072774151041071322e+00
5.219929725931131692e+00
1.087187830360943019e+00
1.190593511795820625e+00
3.782227056561772827e+00
7.140194546503934703e+00
1.636929532693152334e+00
1.086206778336201717e+00
1.661945433717006537e+00
1.033348092487807346e+00
1.580130913142379612e+01
4.328878697826236355e+00
1.189215205773333839e+00
1.074037512339585332e+00
1.281278236250828373e+00
1.088429746438979162e+00
4.596024899421548682e+00
1.416259095191324757e+00
1.068819388974959761e+00
2.110180212678396394e+00
1.129049787991676990e+00
1.372655970060118635e+00
1.593518389479418707e+00
4.273547425386435350e+01
1.030953478856682759e+00
5.002516215611719552e+00
1.493532818532818496e+00
4.638564878931658697e+00
1.715924512029626925e+00
3.096271110110335290e+00
1.205726382157677357e+00
1.326995217501294899e+00
-4.121730807128177965e+00
1.906937578489659391e+00
2.409292201638060682e+00
-4.493298747888341715e+00
3.304787874082987020e+00
1.295427142188076086e+00
-4.106026710053555462e+00
3.796337389471445167e+00
-4.082000577468855695e+00
2.638294564227148697e+00
1.650112400510359123e+00
3.383084649537812183e+00
-4.229684753229246752e+00
1.320459947324468475e+00
1.589929343991339561e+00
-3.124610525611835610e-01
1.779700618540709378e+00
1.513196099674972928e+00
3.240564441728961853e+00
1.555633378221768170e+00
1.908901015503595922e+00
1.119832193359883599e+00
1.616335259302723149e+00
-3.073846058175147444e+00
-3.070148095412184919e+00
2.548478041791624626e+00
1.385491678909467561e+00
2.369192870037411414e+00
2.426570124350700297e+00
-4.211558649259883325e+00
1.388354891215363818e+00
1.179224822847326548e+00
1.267876443208607817e+00
1.393028625530147169e+00
1.580752569520404327e+00
2.664491373038524902e+00
1.463814616755793274e+00
1.411153728658226081e+00
1.129260313959671969e+00
1.631380399913167301e+00
2.856163885996561458e+00
2.793640316819381741e+00
2.755885955526722331e+00
1.550197175651560899e+00
-4.164295218851425950e+00
5.527568995037580812e+00
1.201626446599138642e+00
-2.997518003643521833e+00
5.851709834563256329e+00
1.321128461488497274e+00
2.591801532754810289e+00
1.180523257367996237e+00
-4.235569301873366221e+00
6.779227053140096437e+00
1.384191389221094859e+00
-1.836495102207798880e+00
2.815939925995791793e+00
1.001627698809330225e+00
1.001659181077311223e+00
1.283208927308751468e+00
3.945029393061198597e+00
1.670832174007718107e+00
-4.059817543859649547e+00
-1.550573343098566870e+00
-2.694019300149590901e+00
1.104123989280439089e+00
1.429221360381861539e+00
3.691810636692526515e+00
1.530296662782479222e+00
1.373306339328158154e+00
2.896831507543565554e+00
1.697829241367341702e+00
3.795636891850203476e+00
3.161134201622426865e+00
-1.917847246006787687e+00
1.004680079360873002e+00
3.392865119982908073e+00
-4.169149581378488456e+00
1.756430580661375807e+00
1.011020033886313341e+00
-3.895774145290347157e+00
3.212740952542496142e+00
1.097949234123141382e+00
1.030893375649942545e+00
-2.779192601167279619e+00
2.629593946230676327e+00
1.690660066485693891e+00
-2.355195798277870622e+00
-4.194167365727458296e+00
3.725162097957191332e+00
1.551471314605685770e+00
3.530162635823646422e+00
2.407524495941915532e+00
1.025955166677389396e+00
-8.341166354191630106e+00
-6.011775393726725092e+00
3.986220548661258967e+00
1.182584586314811892e+00
5.260484934429814352e+00
-9.704120945490609662e-01
2.136492576276324495e+00
2.456973121645039448e+00
3.550395095236720255e+00
5.665132101804648102e+00
1.514054313878468783e+00
2.470225003406193220e+00
-3.875764679770838939e+00
1.366927859288396663e+00
2.370019305859981884e+00
1.014397206337301904e+00
-3.937792628343955492e+00
1.486285772304657415e+00
-7.491957104557640967e+00
1.429854656300769244e+00
2.230004615946039159e+00
-2.963811061570735816e+00
1.108505695710298999e+00
1.680895393388361914e+00
1.499432022327147784e+00
1.786364229418046623e+00
1.001767562042137572e+00
1.499606336181677602e+00
-3.633474806834258164e+00
1.509146880605148455e+00
2.284154141929555237e+00
1.615236608884677594e+01
-4.003083740215722663e+00
-4.004440466526514086e+00
1.004900862098844438e+00
-7.335072951739618041e+00
5.731613801034521671e+00
1.235990300977599876e+00
3.365530184246201983e+00
4.255424284840529481e+00
1.877438159304334331e+00
1.839668386163731961e+00
5.893873839449175200e+00
4.965490887140743048e+00
-4.308942974886408095e+00
3.428645456240480449e+00
4.085072044433458949e+00
2.634888113920371921e+00
2.943170885206056298e+00
1.485308572970472696e+00
7.510015662352650168e+00
2.456213215850481024e+00
4.414130862553991896e+00
-3.476109768152915724e-01
1.388659335991427213e+00
-4.138759755444735511e+00
1.186714788249805919e+00
3.033323317598937585e+00
2.708987579521357159e+00
-4.112017855897328822e+00
3.053924421424275781e+00
-4.224334734139206127e+00
1.039509924969132859e+00
2.115561689847210936e+00
1.260725706485826825e+00
1.529636144935179409e+00
1.280171135169290153e+00
1.061871035464891699e+00
1.909878296440982837e+00
1.228907357237203568e+00
-8.217198775036079539e+00
3.737444842537705370e+00
-6.405711745749528063e+00
3.089657779565645246e+00
2.509503410919805777e+00
1.671091434723179781e+00
2.837998599572118419e+00
-4.221051445314700779e+00
-4.247217778028375079e+00
3.305119651921682333e+00
1.456327164588041567e+00
1.426488661724056861e+00
1.001922759228326409e+00
1.130287996376886150e+00
1.329030145587707823e+00
1.779232390010051734e+00
1.208604936588026701e+00
3.857109114949218043e+00
3.102673796791443728e+00
2.838327753338264703e+00
-4.188950844864899103e+00
2.986721203710466899e+00
3.440893045941832984e+00
2.218590338779538040e+00
1.030077113507668729e+00
4.334484618745530149e+00
1.541380696596451605e+00
3.935068771793878373e+00
3.193400576648642186e+00
1.021561819734920551e+00
-2.134044647460616950e+00
1.270032910023805250e+00
1.830903382318187722e+00
1.039251285731371821e+00
3.109694945619894124e+00
1.790334001126145269e+00
3.074271844660194208e+00
1.349715499326974655e+00
-7.950086862309230229e-01
2.586470740205085495e+00
1.264706589880153276e+00
1.290661029791464465e+00
4.164574514669391547e+00
1.463046110807498801e+00
-1.479936522330537230e+01
1.977465768647269639e+00
1.405506256891247086e+00
1.583401356612946342e+00
2.721282141803567978e+00
4.284269763633412609e+00
1.491396593888387079e+00
1.499727579425932378e+00
-4.166874555153873061e+00
1.547272634916948997e+00
1.339483430423209054e+00
1.601907728716146950e+00
1.425863821506264228e+00
4.873993779507309831e+00
1.620420231960318036e+00
2.462153127741804504e+00
1.866729701321327983e+00
-8.173357086023701257e+00
1.080256877635454194e+00
-7.843162015405985343e+00
1.796723416684167240e+00
1.126552125831239426e+00
1.546318221195495335e+00
1.664546370821899934e+00
3.822273704311328846e+00
-4.327869753005884945e+00
1.342394633927814773e+00
1.131700395608624010e+00
2.987464464862662261e+00
-4.816691215296112105e+00
3.693172453243617870e+00
2.511623532178181506e+01
2.948729122676919889e+00
1.283352593956085697e+00
2.919021810203280776e+00
2.606915717639034735e+00
3.880346845996310634e+00
-4.335850995685013309e+00
3.603573177774366254e+00
-4.088334887373018312e+00
-1.672902724886309089e+00
1.247878508404424602e+00
1.286992545906308649e+01
6.515372007608839056e+00
1.331684872765970695e+00
1.087866283087388419e+00
1.039709096268593091e+00
1.763756727197390628e+00
2.344027645469214605e+00
1.005514574231898495e+00
1.494009944135674672e+00
1.838434416543217598e+00
2.818847313852566927e+00
1.077884620677128424e+00
1.195712955328386151e+01
4.391348195958852507e+00
1.124881338272748277e+00
1.057199460795563928e+00
-2.840502283236744363e-01
1.402763141561484073e+00
1.349279326363151510e+00
1.874950845458120297e+00
1.244210543010226822e+00
-1.468916443944833894e+00
2.203953400500450410e+00
1.394139040388074013e+00
4.359074981369611024e+00
2.556579142090019019e+00
1.366639737537420407e+00
1.430162295251430793e+00
1.787144584566019656e+00
1.596363942694978721e+00
2.030986266305946142e+00
2.801411979048052725e+00
2.209790543189210421e+00
1.171351962526247847e+00
-1.446120796749396975e+00
1.150532077535604714e+00
1.140727234414946389e+00
1.188889853951008213e+00
1.160563803634880209e+00
3.012634213819906481e+00
2.860441796443817797e+00
2.045724401922079494e+00
1.146611145489548900e+00
-8.363841301947826379e-01
1.547358227764144001e+00
1.324263895449535511e+01
1.024628997968042299e+00
5.037270293570488278e+00
1.211667394396946262e+00
1.374466159155893319e+00
1.357799468920814379e+00
1.304853020113037054e+00
1.002553898220105211e+00
1.164095720080867924e+00
1.559960465627059145e+00
1.029654407068898658e+00
1.260885307098312591e+00
1.423129172744706405e+00
1.213988979946033941e+00
1.019787960091796508e+00
1.162594939562929142e+00
1.875141403089541692e+00
-2.345310559180759924e+00
1.303067225224987080e+00
1.609200785277544732e+00
-3.003204959806651808e-01
6.260989119945004511e+00
4.111180647304699676e+00
1.350956059263011211e+00
1.056043041294004681e+01
1.338616852146263803e+00
1.388542873075108375e+00
1.411267553652820528e+00
1.131980838519488941e+00
1.218598749038199092e+00
1.017799336068784921e+00
1.058494379941048003e+00
1.197019140755158029e+00
1.262388435804813858e+00
1.333489416548186846e+01
3.660021822062583308e+00
3.200428105553450919e+00
2.723444300050347433e+00
4.737847525977766594e+00
5.167354351976901405e+00
1.123876085325329566e+00
6.104736687260959194e+00
6.752132665643322262e+00
1.165401669196661549e+00
1.827738364634072354e+00
1.128225523945984188e+00
1.220622865699296566e+00
1.191082819329867704e+00
1.427188430665665697e+00
4.594789083940080232e+00
1.032183520816116085e+00
1.865982967648839752e+00
1.019453744308745025e+00
1.571389453815581261e+00
4.170107130758808012e+00
4.887947426800711703e+00
1.196554585868410348e+00
1.210566041705567919e+00
1.382175458673066570e+00
1.366202579739450140e+00
1.131879681186029218e+00
1.170614414376410561e+00
1.559228430072481242e+00
1.323461663284933643e+00
1.068996151496062641e+00
-3.924149992426015920e-01
1.282614311547403796e+00
6.669344837454818986e+00
8.810966007603353134e+00
1.457806460500764345e+00
1.328371084996475604e+00
2.126525899916853479e+00
1.023857139865558263e+00
1.316050776787299981e+00
1.504249411864442720e+00
1.076171286676227190e+00
1.584824822795312338e+00
1.118728091480786224e+00
1.456521122042885530e+00
4.862234126427920522e+00
2.629117852944672595e+00
3.920339669489304679e+00
1.271996194333490093e+00
1.522864217585182089e+00
1.800443845145014876e+00
1.252935227876523339e+00
2.103609652224349702e+00
2.043897292709432101e+00
3.546354105937099099e+00
-9.540870181602446598e-01
1.277320873591407890e+00
1.220356873909844042e+00
1.411134399437542708e+00
5.144406339790527305e+00
1.033504782506366482e+01
1.289355203709418252e+00
3.137978994574126990e+00
1.658191580801595899e+00
3.391461521107321353e+00
4.608067233166813104e+00
2.824575405439918363e+00
9.896894057580485793e+00
1.410170891302966689e+00
1.071156499852704780e+00
2.406600083140582047e+00
6.692091240534729479e+00
3.004872568791197018e+00
2.533539370358572906e+00
2.922618874181833526e+00
1.627230792886064314e+00
1.376875845451471125e+00
-3.992697879047008014e-01
5.003143463623703546e+00
-9.830075695800077895e-01
1.473289298183151574e+00
1.047731373651885400e+00
1.297282577061557696e+00
1.306148416237035148e+00
2.659482426263158228e+00
3.612828133123307417e+00
1.158318319034948418e+00
6.979487451583806568e+00
1.552608483666504169e+00
1.232451927200370445e+00
1.456534591792565392e+00
4.033230697728461323e+00
1.763680477790220191e+00
3.367194159060645120e+00
1.264237984037914586e+01
1.263431065163969080e+00
1.150049790038830899e+00
1.180043818598384808e+00
1.317616230637014496e+00
1.208689934509876052e+00
-5.747716666409967701e+00
1.893729612562503828e+00
1.259705792345113595e+00
6.463080600681607280e+00
2.149399048094249309e+00
1.255404780465890546e+00
1.264347503153473218e+00
1.326447444231927841e+00
1.062646967943313037e+00
2.210826013908679055e+00
4.458808212745976718e+00
6.037973073927487278e+00
1.255012665100991409e+00
1.286276869938377310e+00
1.265976904204797027e+00
1.422352207479409048e+00
9.918524705203655145e+00
1.860860773430945247e+00
1.921440209662886200e+00
1.432066508313539099e+00
-2.284953272644462796e+00
1.155570009842795232e+00
1.211422295442064812e+00
1.018969649609540840e+00
9.183564318611116661e+00
6.844600065024894597e+00
8.016638316955956967e+00
1.165532558967168786e+00
2.645189238607280391e+00
1.248895496578411812e+00
1.347283522488440521e+00
1.250848639424576580e+00
4.611861467941222870e+00
6.614753643901777558e+00
1.362899210164835173e+00
9.013820280550898900e+00
2.720018024704447868e+00
1.239948623130985084e+00
1.941043421801906366e+00
2.196006271100853002e+00
1.005980679390748866e+00
1.356975388584294340e+00
3.759930965970378125e+00
1.151183743683474869e+00
1.715929928395909743e+00
1.669852062362221501e+00
-8.786577376619595370e-01
1.154969839241672291e+00
1.293730936346147331e+00
1.890043898622034257e+00
1.289585520591743251e+00
1.988887182935287212e+00
4.868948950266546838e+00
-3.928015430185299861e-01
1.159235120405685882e+00
1.515478723404255268e+00
4.209183692805627430e+00
1.356050451211145758e+00
1.226634225380732079e+00
1.424975475446594197e+00
2.985875863976405586e+00
1.284514622660176464e+00
1.190815280999069747e+00
1.372171417851490283e+01
1.139085551788767470e+00
1.031183039122262945e+00
1.000843231200070127e+00
2.199996802097823778e+00
1.108798621256391614e+00
1.316048917657045791e+01
1.376510447564432083e+00
1.541307151693822153e+00
3.153480496110369291e+00
8.733512027272098521e+00
1.694301896978468225e+00
3.597993045153851543e+00
1.316368169584727577e+00
2.832822837053293519e+00
1.273311880129563978e+00
1.220589554325631987e+00
1.298938738424642025e+00
1.159391602467161331e+00
6.705898700974269211e+00
1.244419379863433317e+00
1.312936739749325232e+00
-1.954349097781577616e+00
3.946558580524967219e+00
3.228943452380952372e+00
1.096107422227817985e+00
3.615578530857106454e+00
1.997922865174344143e+00
1.222123519984097184e+00
1.080000468434285432e+00
1.719383246007196497e+00
1.549377531994908352e+00
1.835645677694770495e+00
4.312178041404797213e+00
1.319344531750066496e+00
1.561768922450350150e+00
1.558189780712670558e+00
4.935616602793807317e+00
6.561402865161325870e+00
2.356450833727059990e+00
1.127518614022749777e+00
1.301958113762658797e+00
1.665103121155215860e+00
1.269469135118449277e+00
1.412886177466744497e+00
-3.953324317535039656e-01
1.226507874919825491e+00
1.870308447304057431e+00
1.940386363156003657e+00
5.035144009033726498e+00
1.208425242986144621e+00
1.146476868327402032e+00
1.304586155964583050e+00
1.211940759682488888e+01
2.217223752306138884e+00
8.511181159977413202e+00
1.121193320572899443e+00
1.252649306493382797e+00
1.991113534259042694e+00
5.450988813618882212e+00
2.079276578048890212e+00
-2.607825631868977645e+00
1.215857556961793762e+00
2.640840683214171314e+00
1.632531138088695766e+00
2.833024388567016327e+00
-8.590001930129318453e-01
1.163549937002272827e+00
1.171138643256355216e+01
2.252108047804086244e+00
1.804327946008888794e+00
2.209581029078213188e+00
2.170687289509791729e+00
1.757131455260279695e+00
2.052098450107389560e+00
2.276988216759116224e+00
2.346828165725455939e+00
2.172129916455458609e+00
2.165006935736914606e+00
1.994213145391907416e+00
1.948446098154146267e+00
2.424372166149613150e+00
2.453757737142533202e+00
2.173961959884742168e+00
2.296459705862780254e+00
7.378580938561191793e+00
5.798673469387755297e+00
5.307402427079702001e+00
1.191490179392508564e+00
-4.116672861870831923e+00
-4.557829631451227215e+00
6.217492227979274588e+00
5.204178441663302124e+00
7.253230642779951332e+00
1.580641445911225240e+00
6.180790239420082877e+00
1.297383260269890703e+00
-4.210970891206632594e+00
-1.736334692011308078e+00
4.728277536417071047e+00
5.310402572174961477e+00
6.502160815787792814e+00
5.361684305481724699e+00
-4.257389876132034345e+00
5.789532392795122107e+00
5.850888166124593504e+00
1.530695810311475613e+00
8.055120366832250411e+00
-3.105589586230410037e-01
6.648956581940461241e+00
8.588669408136290429e+00
-2.349788879885469584e+00
1.361987779344528526e+01
-4.156005106282453454e+00
7.365877367517732921e+00
6.473699769417236460e+00
-4.125032423060646103e+00
-3.610344788694269114e-01
6.196768387631701458e+00
6.121348404842692936e+00
1.294963750710905748e+00
-2.652747654238976960e+00
-3.604132298455796635e-01
-7.473591450267179637e-01
4.910472617911944226e+00
-3.622602997988245699e-01
-8.371261730191600359e-01
7.630120119298437587e+00
4.951535091457697213e+00
6.182287085165933505e+00
-4.194238607318028222e+00
1.194577877212607753e+01
6.092085626911314833e+00
1.220896374219752056e+00
2.537995055563714519e+00
5.692098413404313995e+00
5.739510735431399446e+00
-4.045822377895254895e+00
4.817256307921260472e+00
1.857200698339586120e+00
-4.473383768281136597e+00
-1.024472081403406287e+00
5.385051218360602299e+00
7.523973028787539263e+00
-4.396601717610121085e+00
5.798431441004476383e+00
-1.571728138696000476e+00
-3.188364659813020530e-01
-1.637992128017851323e+00
-1.988712804258854661e+00
-4.237599064097486767e+00
-1.531459684846522062e+00
-3.269952791729997088e+00
-2.024738807331638579e+00
-7.298777759815329169e-01
-1.578411089929253830e+00
7.348492137847213002e+00
1.163516722888650179e+01
-4.276345917825282505e+00
-1.499689583433637896e+00
1.777003559024055601e+00
5.875838549729644811e+00
5.687709932438473004e+00
-1.640288436298503738e+00
1.222376444448138422e+00
-4.187121486139321114e+00
5.915624134719460692e+00
-2.056154315517711773e+00
6.900373197364581657e+00
5.411668146262206491e+00
-1.509699254885910724e+00
-6.174640949258599631e-01
-2.959876151900761254e+00
4.896109869890918453e+00
-2.575030057165041408e-01
1.144483692452608103e+01
5.515436840279498654e+00
-3.319003005856772326e+00
1.760314718195559847e+00
5.305763902966416978e+00
-1.852777901537090655e+00
-1.001435879331823875e+00
6.567250077403609332e+00
7.295479585977870940e+00
4.917011678922325935e+00
5.742360422860918412e+00
5.757615976441798900e+00
1.196925787808432506e+00
-1.139643842284601583e+00
6.958441791580647795e+00
4.961599924797893912e+00
-1.691302757586841121e+00
5.546853883282141240e+00
3.567953985209531709e+01
8.337377091048397304e+00
-9.361713486801493955e-01
5.993120723819493456e+00
3.633422755246962232e+00
-4.299090929907719350e+00
-4.293627088300039141e+00
5.764188772362738966e+00
5.419585909135511415e+00
6.158456486042693356e+00
7.719058823529412194e+00
5.161736147074054593e+00
1.514787673028885395e+00
1.795374391037793282e+00
-5.563828381176559867e-01
5.680373250388802475e+00
7.160419006014366872e+00
1.505613978048589097e+00
-4.732072242362688641e+00
7.151146431423248018e+00
-4.170655758848782924e+00
5.014608099939552588e+00
6.356353531186904604e+00
-1.681330922242314728e+03
5.631754067772282824e+00
1.230544381575457535e+00
-1.530750740021301848e+00
6.110461338531513853e+00
-1.649897280312618397e+00
1.271068552005588659e+00
-3.388455130957492401e+00
3.614594484375796668e+00
6.068016676593209979e+00
6.666574147501982850e+00
2.048759051462052838e+00
1.054449179904429812e+01
1.138931441081354023e+00
3.821605889402499567e+00
5.909691882459336298e+00
-2.382787518501663926e-01
-4.444643624756486666e+00
-7.156353804557744525e+01
-4.253156028207357942e+00
-7.378498342053458892e-01
-6.446286204669985365e-01
6.154055747799787035e+00
6.403500205090142394e+00
-1.381064719133977103e+00
1.145512563521903449e+00
-3.315531967824861148e+00
7.481802426343154622e+00
1.519011188787126265e+00
-8.837973875299727222e-01
5.997676034101673714e+00
-1.521401246177663591e+00
7.646547895178404275e+00
6.964835264988683328e+00
-2.529597055604568268e-01
7.552570703678830100e+00
1.562933643771827752e+00
-1.548403499360586189e+00
-5.700902490546474466e-01
5.649199399391821252e+00
5.097431215212544053e+00
5.665750398191439885e+00
5.992288104765369106e+00
-3.108048462535968781e+00
-2.545558999168493486e-01
7.821826937251240786e+00
-3.818874160290261166e+00
-3.120669986176166422e+00
5.468555222108630431e+00
5.776463507183419388e+00
-3.638619277157351117e-01
-1.343923765267033943e+00
-2.429115518307572164e-01
5.460578893442622928e+00
1.866056932157868387e+00
-7.121601438616159685e-01
3.934981008110050027e+01
8.681109256016615205e+00
2.914055472263867852e+00
-9.353521512055434917e-01
7.753298450291665311e+00
-4.621652858038014067e+00
-7.400671156191529487e-01
1.119453689888672088e+01
-3.251370054113262409e+00
5.168527071013480523e+00
5.561089673149165691e+00
6.355865987924707028e+00
-4.013624405778372761e+00
-7.728598065347699331e-01
-5.836828310794991426e-01
9.501210883707678079e+00
3.940631923999150299e+00
5.866961706727926718e+00
6.120141877989977885e+00
7.202376577238760014e+00
7.284588984139943157e+00
-1.512670766171102299e+00
-4.093706915471320151e+00
5.543176937593544906e+00
-1.574996837428325858e+00
-1.581175274760180383e+00
-1.814139154927892905e+00
-4.078630298912410801e+00
5.686057363280034416e+00
-4.236939033552619804e+00
5.452603901821925447e+00
-8.559248750542191031e-01
5.627741742341084041e+00
4.699421687519023116e+00
6.911219243481454555e+00
1.210401216418606429e+00
-2.150080394216987045e+00
-1.890972466404733154e+00
5.681620439057510019e+00
1.105187731899104797e+01
6.130558852496275080e+00
5.314273897533992042e+00
1.823808239094104389e+00
-3.549159582798969703e-01
5.181905354709553713e+00
5.066368949759433526e+00
-1.441618314544352408e+00
-1.719672013946556444e+00
5.771129022232352135e+00
4.307231372193652597e+00
6.096053005975367256e+00
5.596492346125903516e+00
5.787902687617545006e+00
6.831889956772976724e+00
-8.057213952614100672e-01
-1.493150473047871962e+00
-2.939464517311857872e+00
6.520753323485967812e+00
5.430004189465399200e+00
7.097165929981799515e+00
1.062984824656359173e+01
-1.603477871288547130e+00
8.678990015916655310e+00
5.108562410540609555e+00
5.533884731521596656e+00
5.998490507615195533e+00
4.500024860367601853e+00
-1.569692911125992518e+00
5.994444093692783859e+00
5.777161433473516183e+00
-3.493179885455460210e-01
6.709384798027457464e+00
-1.829998789217430977e+00
7.945282723333159325e+00
-1.834488110415165352e+00
-1.859223832645759522e+00
4.025465313028765202e+00
-1.868842727795712033e+00
-1.844986028500392283e+00
5.595061659349570782e+00
2.615617865296803846e+00
3.234332425068119932e+01
5.050626566416039687e+00
2.893460562023986604e+00
3.680836787053483494e+00
4.022253023425838236e+00
-1.890560037345548450e+00
3.154624760631022262e+00
3.120402003891348475e+00
5.650460014154282007e+00
3.565729794036731182e+00
-1.928051360618662002e+00
1.105694585081247849e+00
1.461457281820684573e+00
3.921673152531493400e+00
3.265632432598321255e+00
-1.227072995505655628e+00
3.172064087267768784e+00
-5.747242922937396692e-01
1.052418502069548900e+00
4.225048368102288343e+00
-5.343273500531615650e-01
-1.854607448854694862e+00
-2.896925916751236785e-01
3.533694137238220900e+00
-1.864723006671651584e+00
-1.487071758682323441e+00
-8.619658239569011116e+00
3.185498186957875344e+00
-1.157339853241982519e+00
4.198847384069100741e+00
1.032058988239686448e+00
1.350358414651066097e+00
4.203531427438653267e+00
9.141800518849699131e+00
-2.094401179467341834e+00
3.418527949221813245e+00
1.005687047049349969e+00
3.120461183704842600e+00
3.929269808974793499e+00
3.964169443855830366e+00
1.091896860374571565e+00
4.033321097924059018e+00
3.053039910481163854e+00
3.924578729348764394e+00
-1.924069155746760629e+00
3.213368780858336660e+00
-2.043458039010493721e+00
9.821474941573617556e+00
1.085018328474398830e+00
3.151908769362117280e+00
-1.862775643339104725e+00
1.406914388261374382e+00
-2.043548493198745764e+00
2.626878823595442558e+00
1.043134384384384328e+00
3.371987901751587025e+00
-1.914781472339189827e+00
-2.096225687855787445e+00
-1.998289761224355532e+00
-1.945626609298540810e+00
3.281349370938753118e+00
1.067892222434549954e+00
-6.562711480927071461e-01
3.887482734162093667e+00
3.741104678454076016e+00
-1.879031818231399420e+00
1.029100985406386393e+00
4.483611426102921627e+00
3.058108575640427595e+00
4.046398046398046233e+00
4.589989980872575259e+00
-2.290790118635354755e+00
3.148238079339545248e+00
4.153264174826497346e+00
-1.962832065193580000e+00
3.024966458612845077e+00
-1.967668112996832752e+00
2.837664201860631064e+00
-1.948547572730650712e+00
-1.158945674660945535e+01
1.827805862547423388e+00
2.721086057216104415e+00
1.170339753657931681e+01
-1.902388702780926755e+00
1.755774838789173131e+01
-2.821526486320673488e-01
1.062634435352383333e+00
1.038174516356225485e+00
1.153248193097378138e+00
3.188149874506991832e+00
1.064096194693451514e+00
-1.845684198939624654e+00
3.874982389901665325e+00
1.275942836121834123e+00
1.736232196806214878e+00
1.104235978619069414e+00
1.063834137254753509e+00
3.031927957429390030e+00
1.076205293747914515e+00
-2.825175093175438246e-01
3.033825010366684616e+00
2.853435210911846376e+00
-5.136451457092255923e-01
-1.878369515195657424e+00
5.234087551061795907e+00
-1.963373279358137991e+00
3.119725081015633172e+00
-2.069654466934030879e+00
2.392599196351279822e+00
-2.734643310111574799e+00
3.485747740495444447e+00
-1.893490092355091248e+00
2.924705864068012584e+00
4.343271555197421030e+00
4.113449438867083252e+00
-5.223659444956149089e-01
4.101870135904285952e+00
5.343761067170345491e+00
5.778571678750306084e+00
4.794847213900538918e+00
-1.962346596908372875e+00
4.029035485450326526e+00
-6.755451136619976538e-01
3.646467396236003022e+00
4.631430427090098334e+00
3.676562727670114938e+00
1.169652202261457496e+00
-1.817011020550843625e+00
3.990408148829313273e+00
-1.916643530120177852e+00
-4.328297487814610212e-01
3.277407316774746171e+00
5.156589916018469388e+00
6.156909933217014519e+00
1.113124403693461995e+00
-8.840750399596197795e-01
-1.958323242635032102e+00
3.711158774679645944e+00
3.961950015654640112e+00
-2.050182428058612505e+00
4.331763459638977132e+00
1.050711052174310600e+00
1.014684548121832286e+00
4.922644435827840503e+00
1.366590185774554156e+00
2.867931547619047450e+00
1.066558053905822812e+00
2.852201520594869866e+00
1.175250265138777506e+00
1.018221187088321988e+00
4.021535540726257629e+00
-3.049074236801025517e+00
3.654522456396643637e+00
-1.979316006274095985e+00
3.125743875106267833e+00
1.043502609708563789e+00
-1.265885571547519906e+00
-1.992997892035560437e+00
-1.945218960144333264e+00
4.262578775074628901e+00
1.347891322914983592e+00
3.437398544273969847e+00
2.401124253500823702e+00
3.235501401700834556e+00
3.534343921295552526e+00
3.979074757117716743e+00
4.179793023714857725e+00
1.015264550551833178e+00
-2.914666513910370016e-01
3.540682192823027208e+00
3.889998739160280827e+00
-1.951775364562652326e+00
1.016596629427354070e+00
4.026436823235432172e+00
-1.315702619475136004e+00
2.949992546090010048e+00
3.089574981138216270e+00
4.658398573753972371e+00
-1.988605600226271752e+00
4.164624774297524645e+00
3.469282155896232567e+00
2.983746176452947818e+00
5.296331880696925509e+01
1.597747242219363262e+00
1.776959130533227738e+00
-5.366434688047251322e-01
1.303795619371754588e+00
1.602204363322663472e+00
1.238737859176447964e+00
3.383647750688248301e+00
1.069485964272694112e+01
3.704683816143931097e+01
1.226206389598350155e+00
1.246958838395365454e+01
1.833900497563112131e+00
1.430604444406426312e+00
4.258233787857764518e+00
1.618880805630898756e+00
2.843550998772863547e+00
2.201155868570183216e+01
4.808662494779482266e+00
1.045695510508015325e+01
1.845125934023227998e+00
1.549419306062702173e+00
1.493788374772832883e+00
1.704649372415343578e+01
3.533916768213877013e+00
2.905032581866409114e+00
2.528231709373840452e+00
1.243306727642493614e+00
-2.147305703812491640e+00
4.096489465526149232e+00
8.133952025380382977e+00
1.371498570845242959e+00
4.061756443031228514e+00
8.811930696498459170e+00
2.054889260147652941e+00
2.971685596395818418e+00
2.478664918817188756e+00
1.268377987797872777e+02
3.031696087731069245e+00
1.228720724598622471e+00
1.573374394393859843e+00
3.679944469792475470e+00
1.613608374237896603e+00
-8.487411017151593740e+00
2.303576164699232542e+00
1.932381161614699749e+01
4.411621774605497315e+00
3.357681745244423421e+00
3.202733281689528422e+00
1.492313396894672017e+01
5.869473215730701021e+00
1.420220233870642890e+00
2.955392714093350470e+00
1.683152506394642201e+00
2.092932566025957897e+00
6.585466717164996098e+00
2.488918672451432723e+00
1.768572144338590846e+01
1.136249211559017036e+00
1.074114645858343309e+01
1.063927914451474699e+01
1.434151838431277248e+00
1.399779637294898960e+00
1.141227042810223224e+02
1.111515760870082747e+00
2.122238342730160987e+00
2.094136443365205658e+00
1.027714761234157059e+00
1.705756559652758853e+00
2.195519917507869323e+01
-2.191267997057415595e+00
1.142957580286731334e+00
1.359363734329816165e+00
2.216029022353800837e+00
1.761234756534600265e+00
-6.466645631565514085e-01
1.580487193240315724e+00
2.872013039660901512e+01
3.805038489031762339e+00
1.025433186777716443e+00
5.257699824582559245e+00
1.317757767070941943e+00
2.244622382617194933e+00
2.570460420747549435e+00
3.464897686562632639e+00
1.293488662026126335e+00
4.181497340976586763e+00
1.705428167404299034e+00
9.274062637103034135e+00
4.058782435129740129e+00
4.103555237818446955e+01
1.395336704923807014e+00
5.854305488358185094e+00
1.996287471047939732e+01
3.284615209501063671e+00
5.096993989199486208e+00
8.789479462582512781e+00
3.033888333235276846e+00
5.238373801792486795e+00
2.910537994746852597e+00
-7.469238041217621804e-01
1.913951907476728609e+00
5.006573043835821579e+00
1.035209861639892370e+00
1.332294164486922661e+01
3.272329787323364059e+01
-1.345044282084774778e+01
1.979164833185631522e+00
-1.536851840040819006e+01
1.926011110482397370e+01
3.191180744098770283e+00
2.770498782065525578e+00
-1.942452826108580943e+00
2.377623381201818376e+00
3.767797795422425366e+01
9.463478986804268800e+00
1.212055841092011121e+01
2.300111270068351477e+00
1.414476345798882484e+00
-6.686882683023261942e-01
9.713096679580003112e+00
7.036870636558142600e+00
2.090045343464125516e+00
1.076012308602647405e+00
1.155029167879748631e+00
2.672120956461890184e+00
1.499955672948617114e+01
1.073031847599755118e+00
1.775078339916579040e+00
5.097309080762456368e+00
1.122220629937516350e+02
1.008696254377807300e+00
2.197089345068827271e+01
3.353273228051727894e+00
2.470718968774308077e+00
1.134766873569381218e+00
4.410151066565105360e+00
1.048751278997266168e+00
1.150508057623147451e+00
1.248681843509030776e+00
4.268490950074014023e+00
7.445697664322306508e+00
1.128691723419757764e+00
2.484129322245042459e+00
1.059323004558609060e+00
1.682472521710946367e+01
1.146030830488133923e+00
1.051423259392229692e+00
1.911572773364335021e+01
3.420283234353586277e+00
-4.772280557527745160e+00
1.473178405810934066e+00
1.455860116405940374e+00
2.028521418123761855e+00
1.257385044873502444e+00
-1.899915463252660253e+00
1.544254639176757982e+00
4.012872050441917082e+00
3.559147431233941461e+01
-1.323408389704292309e+00
2.314147264647763880e+00
1.708218199142448768e+01
1.334020832661947376e+00
7.632792721218249810e+00
6.422971458028613689e+00
6.819363866293256748e+00
1.535866301968901837e+00
9.482623852004168796e+00
1.638949094111670446e+00
-7.408608274683698980e+00
2.053338604726841510e+01
1.688010051557558029e+02
1.135517350226401989e+00
2.431417070477508435e+00
2.300293267551057230e+00
4.935645577075645996e+00
1.766720722556337053e+00
1.711996782009012286e+00
3.411004330407799046e+01
8.094637337781443875e+01
5.910892200728531165e+00
5.950020996894164860e+00
1.011012234211514205e+00
1.865327153985982367e+00
1.744393501679481817e+00
6.332663917359590222e+00
2.208897112890939596e+00
-4.228983485570822487e-01
1.099782298994276042e+00
2.817338655006440096e+00
7.546803136607511675e+00
2.532042485243927832e+00
5.946002076843198481e+00
2.027876572662573817e+00
2.153099817622819323e+00
4.384431038581714546e+01
3.290206016039398662e+00
4.900518454246233446e+00
-1.468366600480718986e+01
3.172605851602485316e+00
2.911363080605927856e+00
1.069019689047643773e+01
3.619709862695763292e+01
3.480270025749878204e+00
1.061572056925375129e+01
1.312758600347598836e+01
2.515061596752131479e+00
4.140055431525512830e+01
2.450329840900271616e+00
1.269814312392093303e+00
5.654454605983457505e+00
4.207842241027235985e+01
1.063940242482636744e+00
6.829243765084473061e+00
5.665151745382713599e+00
4.871481906950029028e+00
4.288061213007764216e+00
3.692000026933669243e+00
4.140958057979290174e+00
5.018834396586916213e+00
5.499945957630782090e+00
3.361214574898785390e+00
4.711974829975211776e+00
4.478536139826462481e+00
5.984542841293055915e+00
4.225411558669001977e+00
4.184192222016781315e+00
4.225492663981587960e+00
5.188429076036437770e+00
4.228503113187336737e+00
1.451777076761303853e+00
4.116767808056767564e+00
4.130091016466337805e+00
4.194045490969610768e+00
4.162335054900928810e+00
4.152817541273079449e+00
4.315319503530546719e+00
5.116808634207724360e+00
3.577501268323943329e+00
5.755587801338877263e+00
4.860794536049143133e+00
2.403452255024521644e+00
4.052107924353372859e+00
4.520002488645554983e+00
4.774912778574552874e+00
-3.103785895948962259e-01
-2.768700166437339849e+00
3.658096785498104353e+00
-3.043361142849847933e+00
1.006607695521922974e+00
-7.773145038110642613e-01
3.585077759242318418e+00
6.618610189674236643e+00
1.330870149668446523e+00
4.066475749024990094e+00
4.847966743058146122e+00
-5.223837673749800459e+00
5.352113643781025942e+00
4.213627133290127169e+00
1.353322712790168358e+00
4.896590465025400185e+00
1.196732386999288078e+00
4.439287103433831483e+00
4.194854893091822134e+00
5.021574283948073258e+00
4.810089941073090181e+00
6.236898605945144780e+00
-1.499496525632497912e+00
5.904970448240348446e+00
1.366759486166833071e+00
4.012226080607228518e+00
4.001319339315466017e+00
7.410652533224364014e+00
4.965933269051470589e+00
4.164664719819273664e+00
5.794383887264348942e+00
4.969478206704891932e+00
1.802347167124402461e+00
4.200747826086956849e+00
6.154444033985962292e+00
4.365504891452968828e+00
4.724516593492389838e+00
4.377359186080802544e+00
4.577297186491056991e+00
7.115664408853379364e+00
4.345089257946134431e+00
4.985793854433944183e+00
4.340628958990977893e+00
1.336240138618555173e+00
7.139332577945100233e+00
2.101145770886237774e+00
6.201008323140717593e+00
4.178668660077336838e+00
6.028245346353371836e+00
5.560219701172267825e+00
3.465353371242891889e+00
6.094781773297174965e+00
4.930012031731141775e+00
1.820725962870601178e+00
3.337258006671944610e+00
7.147000402139871866e+00
6.108661106936523311e+00
6.192479993173603425e+00
4.180775107902097609e+00
2.352958228574932864e+00
1.259724427117872025e+00
1.047407385674607783e+00
6.675080467558868413e+00
-3.108703057414084370e+00
3.636786571386434463e+00
6.881007358639809723e+00
5.161260860979463239e+00
3.988463039310496949e+00
5.550870760769935686e+00
5.983309108527131492e+00
4.049912126537785539e+00
6.974349217331142547e+00
4.054173440061457967e+00
-3.167972308252869240e+00
-1.731956224876425754e+00
1.461251924835424099e+00
5.414438799470605801e+00
5.706092648539778267e+00
1.332830801345239458e+00
5.761460520310360600e+00
-7.558825221493499225e-01
4.878206714509610187e+00
4.054555245643588712e+00
4.227375910084987254e+00
1.344146256313677235e+00
5.789758201797470250e+00
4.872134084730049608e+00
5.851501574231048330e+00
4.752306088072511869e+00
4.113930634635523553e+00
4.135076222378527788e+00
5.111161172047354206e+00
5.604498202391237527e+00
5.814492647685878701e+00
4.159792437054467662e+00
3.461180640911591055e+00
4.192133236865538848e+00
4.786203705919420237e+00
4.126843555930118868e+00
-5.453305651578757018e-01
5.239718938145982996e+00
6.912680648143642692e+00
3.984376939093503989e+00
3.415284038769399899e+00
4.123301801126696198e+00
1.478224888251665758e+00
4.130254503860451898e+00
1.419468251742511899e+00
5.926864124534620970e+00
3.996302428256070627e+00
6.112430460556315559e+00
-8.045892835347248084e-01
-9.476658306153403766e-01
4.743429004568454843e+00
6.081027093774968861e+00
4.961875326009949738e+00
3.002522700226594843e+00
5.114106042548875131e+00
7.213179660454799524e+00
-1.210901009652913141e+00
4.756341900777047549e+00
4.084873823284283390e+00
4.187455818144015574e+00
5.587047379068893704e+00
1.795628422867350249e+00
5.566480883532484825e+00
4.230577823117060099e+00
5.025356214248570375e+00
4.833757447547802677e+00
5.165657155367437525e+00
6.950110921941908160e+00
7.474871211937988313e+00
-3.079426489206506190e+00
1.243602944714430114e+00
4.823101019256149868e+00
-4.080149078278507702e-01
-2.475404979809476380e+00
4.168963516603528596e+00
5.832244977352933013e+00
1.464031528414182048e+00
1.172696293399625667e+00
4.186036244231207348e+00
4.006398856070423342e+00
1.017346499942840765e+00
1.010502922227089595e+00
2.287392547745516147e+00
1.258089413999881279e+00
-3.801244010254872130e+00
1.016061510836430370e+00
1.515396802374231466e+00
2.358408655162969048e+00
-8.634672545516743014e+00
1.258557552752037623e+00
1.283397750829580852e+00
1.173739777569405618e+00
1.547967225994099305e+00
-1.390285458078015211e+02
1.036785932045173775e+00
5.017184183491054661e+00
1.329199099690518526e+00
1.300759639363130660e+00
1.084148717319927568e+00
1.044407429181091640e+00
2.306274287722861249e+00
2.575068698476143059e+00
1.341873457500416533e+00
1.142866514866154093e+00
1.238018491498674933e+00
-7.970692374832017979e-01
3.169714836634239141e+00
1.134609997999256770e+00
1.356215326217435013e+00
-1.170237507125213767e+02
1.350029529601430189e+00
1.032217577729417579e+00
1.015765765765765716e+00
1.265712682379348974e+00
1.096380358199322336e+00
1.353901353148718956e+00
1.071260277132453531e+00
-2.371244635193133110e+00
1.036693151464671114e+00
3.350992436324590429e+00
1.290214451238888005e+00
2.201838127538416234e+00
-9.111248493091403944e+00
1.027381900719126051e+00
1.490146655081572291e+00
1.004465667418313668e+00
1.184310955611403982e+00
-4.012677672130510409e+00
1.243759699001551811e+00
-1.343425955676474048e+00
1.343381718884737008e+00
1.306659149185949609e+00
1.088576085345977162e+00
1.134118456961620724e+00
1.007463788323682330e+00
-2.539361097758160923e+01
1.064763824695971417e+00
1.002569478593082097e+00
1.039685823897994243e+00
1.350930409380127317e+00
1.412287502990011268e+00
1.137053420311307628e+00
-1.821049723756906076e+02
1.563140388865325914e+00
1.002391694587525972e+00
1.550197782606273389e+00
1.033902618783768768e+00
8.393766956629896470e+00
1.145969714500299386e+00
1.082208502989816523e+00
1.018952500577577247e+00
2.678675805203717175e+00
1.887150814937074372e+00
2.095393085373428832e+00
-2.144970224298398875e+01
1.313334567586956991e+00
1.459041539660961506e+00
1.837275950842764960e+00
1.736405325032656100e+00
2.384246939861628611e+00
2.161849603452659085e+00
2.414198285271809574e+00
1.602702322152802061e+00
1.330023822085791396e+00
2.299335969121390821e+00
2.065546069014585484e+00
1.627851997851831767e+00
1.494660756979846683e+00
1.112116498590786984e+00
3.204834005950452092e+00
1.080426974870227319e+00
1.160714333806431853e+00
1.311165744881599871e+00
1.053563091436361621e+00
1.677836432857829241e+00
1.174424012717188326e+00
-4.600386482250726772e+00
1.199864507898697807e+00
1.235019133762393473e+00
1.325632321032530703e+00
1.015112480886281476e+00
1.034463000451362413e+00
-8.378230057988989010e-01
1.686162799431389914e+00
7.937938993725112802e+00
1.327097371168264317e+00
2.481539538138558321e+00
1.354593911286101848e+00
2.626182077534834125e+00
2.495783860350789585e+00
1.048712491055820806e+01
1.312769995095844244e+00
4.091451269488770137e+00
1.348179708958151979e+00
2.662392762704802962e+00
1.398113368618746799e+00
1.925805258814669907e+00
1.323551682141127950e+00
5.855932426041721151e+00
-3.776476537755183660e+00
2.752077651914277556e+00
2.250035141027673102e+00
6.981065537508690078e+00
2.714605102359817668e+00
3.880906265483536899e+00
1.292178523546933189e+00
5.763478682758202076e+00
4.469192880607508300e+00
2.409164764289239535e+00
2.450144167331845590e+00
6.851511519509921655e+00
1.686750764590764007e+00
4.386968890310639857e+00
1.365116725295810740e+00
7.366882377067857313e+00
1.258614984281696048e+00
1.400231653822162414e+00
-3.525769714570335722e+00
2.381805795734423192e+00
6.186747167413085613e+00
2.787202766969303802e+00
1.157963968318893366e+00
4.972435282837967208e+00
6.068889278820845945e+00
5.474223570009411510e+00
1.310389073377013602e+00
1.828722973221849735e+00
1.884698344609271325e+00
1.261692607584786074e+00
3.825039215348283950e+00
5.469485944144653722e+00
3.289664471840851867e+00
2.489512942653520966e+00
1.327093841698471444e+00
2.436460359042766921e+00
4.026741924936758643e+00
4.072812636315632062e+00
5.938813647872041024e+00
9.929847867229582903e+00
2.689487896076689033e+00
4.621874166999866418e+00
3.102073191286845777e+00
2.557830936107994280e+00
3.500347156472890298e+00
7.203468859682832459e+00
2.310355523980107684e+00
-4.115043951043088732e+00
2.057479487957757147e+00
1.757835845376627626e+00
2.548371481628309621e+00
1.490516007331397885e+00
1.294167297842022224e+00
6.120494284953500674e+00
6.279160446122771688e+00
6.000998897767980012e+00
1.242189343363544252e+00
-3.356083212914589553e-01
-1.951005707767683450e+00
1.808764370555375534e+00
5.877974574621743997e+00
6.301902006833919323e+00
2.645416671732461200e+00
1.709109558535740536e+00
6.212336537887383159e+00
6.003585391050702214e+00
1.774335923749695398e+00
4.081373702303589646e+00
1.979665580976329275e+00
1.320184005208500100e+00
3.873273807487484621e+00
1.473673297592057896e+00
1.235581459894532275e+00
2.149077698467521280e+00
1.255743104740093541e+00
1.113105271855891587e+00
1.882951618059081289e+00
-1.193917967706744188e+00
4.331366609622734565e+00
2.490913147835733810e+00
4.525000180506718372e+00
-1.062415962205705533e+01
3.886989477541019422e+00
2.164884415083853764e+00
6.252134430301148349e+00
8.513428128896617153e+00
6.292155905050307751e+00
1.856749758888826429e+00
3.028770115937013507e+00
2.998803986710963265e+00
9.755142118863048495e+00
2.782695938252235823e+00
3.312136716438689898e+00
2.998796053110767357e+00
3.767942852556384725e+00
3.349083998479665425e+00
2.504429269668778435e+00
1.556324064449064437e+01
8.124148520198044565e+00
1.983011826893508189e+00
3.055296737586179923e+00
2.438145541320670517e+00
2.912381669983098664e+00
3.578035428811342289e+00
3.013780788124411636e+00
3.085207811010275858e+00
3.099286015210980239e+00
1.492590870118162494e+00
7.906626857921724039e+00
3.825622862527517931e+00
1.673631936381178242e+00
8.146622542339887474e+00
3.737165758047767294e+00
1.529358927222971953e+00
1.727336754339432900e+00
2.955744695237652486e+00
2.696873957462832205e+00
1.491572903388291627e+00
2.961175937800237801e+00
2.964029599759406608e+00
1.335053575333479126e+00
2.982121362165669254e+00
1.502860797869078002e+00
1.354468872849803551e+00
9.635244624493612520e+00
1.437049980039753372e+00
1.380587681044618042e+00
1.525337986709675242e+00
3.938284544324469394e+00
3.838180787153083084e+00
5.020118331353520702e+00
1.728367891929320166e+00
1.484578445239786992e+00
1.364426265016078332e+00
2.659454445086837371e+00
1.355742530673214707e+00
1.785885068147116073e+01
1.377647215583074569e+00
7.802338117815159180e+00
2.988337389522223830e+00
3.102851925571807001e+00
2.906107917455870382e+00
1.672320667108879055e+00
2.607595462136039988e+00
5.991283092794622789e+00
3.015572580888274512e+00
2.679553191209715468e+00
2.937088443493291567e+00
1.765251176390169041e+00
2.530776672802316885e+00
2.931641311442486408e+00
1.389322195525166226e+00
2.078052322377268002e+00
7.927590867060246183e+00
3.231231022735688185e+00
3.632722756907792672e+00
2.673344445681575365e+00
3.718366461174919646e+00
3.484096779125061438e+00
3.559625985055734798e+00
3.756030781692992981e+00
3.096121636372474839e+00
7.637991618730315402e+00
2.696528531719449173e+00
7.760610766045548559e+00
1.151713542897660147e+00
2.605526539962288446e+00
-3.552035441948669936e-01
1.422866869990779382e+00
1.005468304566423043e+01
2.852803099826654254e+00
1.364364833744933225e+00
3.013820776709088101e+00
2.786599587655127053e+00
1.315958958352743791e+00
3.065709480175902613e+00
2.664586341065497965e+00
7.589133029133028785e+00
3.734344673006488868e+00
7.756443566826023428e+00
3.945709741420302841e+00
3.098453546612815579e+00
3.178841561867509657e+00
8.549304804522817491e+00
2.595848733013544241e+00
4.461544865017856409e+00
3.849536645652681610e+00
2.667789569955985929e+00
1.200715775463996238e+01
8.411747198426461125e+00
2.420422413295631792e+00
2.916600264496184813e+00
1.557245279608924449e+00
2.644957790228709360e+00
1.952929112732738304e+01
1.741272847661723633e+00
7.831155518069162547e+00
9.851561893423742333e+00
1.527369808687175201e+00
1.375135274628306981e+00
1.548995058482937726e+00
4.887908682244280989e+00
3.608086840724748612e+00
2.892703587640458540e+00
1.486518855177496601e+00
1.422804499985357074e+00
3.558166615451796133e+00
3.750500953032598783e+00
3.017985704499334343e+00
2.622603001486933927e+00
1.415402180212024241e+00
3.549479671643720469e+00
1.354952990301442783e+00
3.133376386908125255e+00
1.499514598371427976e+00
2.907350240562392329e+00
3.679745216704270572e+00
3.030187456807187374e+00
2.043062440538781388e+00
3.663799476426130131e+00
3.014627430364037686e+00
3.620043247110085183e+00
3.057287891358456022e+00
7.909014857231794871e+00
7.768978742767990830e+00
-9.051365030545251988e-01
2.613044188123661460e+00
3.556257250635751266e+00
7.949189343804038188e+00
5.527110746103444328e+00
3.089782754779041074e+00
1.493260288497647359e+00
-2.525948229475539986e+00
3.794763622310962425e+00
2.392456234512213342e+00
1.349501625270359551e+00
1.594452851217734057e+00
1.527079222562119476e+00
-8.991290853944425843e-01
3.479240430086521840e+00
2.695385179338654513e+00
9.553976091476091170e+00
1.524872930927742010e+00
2.191439685287730033e+00
2.721912216599654322e+00
2.971919489653766622e+00
3.088714660217312780e+00
1.406579490020787526e+00
1.525642973412913683e+01
1.711423860038976130e+01
2.022347965249200019e+00
1.619586746644275044e+00
1.149723533110681872e+00
9.103805982099963501e+00
9.083379925391602328e+00
9.339676429466344132e+00
-2.939813969305565156e+00
1.502976903767801575e+00
3.051443138748894057e+00
-1.829251419868190620e+00
1.446779515281668926e+00
9.610490852230665126e+00
1.090212870075850304e+01
2.344412685186082257e+01
1.779917534242247257e+01
-2.469001493945862880e+00
-7.483121195351411181e+00
-2.297939699735351393e+00
-1.642883582359048589e+01
1.169421260203613677e+01
1.726861759684516828e+00
1.349523057387964853e+00
1.136571512330975864e+00
1.685564191984868287e+00
-1.261077215570540977e+00
5.989085347615311861e+00
-4.648747223326963329e+00
1.471123498269191643e+00
5.703738920300374993e+00
1.122777035515584210e+01
2.075971493496631570e+00
1.213821468192764597e+00
-3.970811074181704470e+01
2.636402113355311272e+00
-7.412525428654460846e+00
2.197543780434307870e+00
1.737420446851726474e+00
7.801903932775654305e+00
1.421374207391584710e+00
5.750590808411258692e+00
1.798770454846837197e+01
1.684303994706453622e+01
1.730982580818131389e+00
1.080818852928566498e+00
2.410446381495607415e+00
7.471992197025115523e+00
1.676730520375909705e+01
5.715005843180174239e+00
-4.876462351506391180e+00
1.506949263165126496e+01
-2.030395532805956194e+01
2.037438210745252665e+00
2.329751458099031503e+00
1.439651582454192180e+01
7.716818019589958944e+00
5.921416158470573343e+00
1.306505824393388249e+00
1.412138644353409411e+01
1.835850698040515283e+01
-1.306034514078110753e+01
7.965781663911406518e+00
1.238133974994645836e+00
1.428982206920233899e+01
1.342402087975823388e+00
1.064329070019510048e+00
2.000113391540990992e+00
-2.303055931631160291e+00
1.872983818602114159e+00
1.630564577504796731e+01
1.718445595854922203e+01
1.344930291751158524e+00
1.636925840578963287e+00
-2.090691283534225953e+00
2.063645560580814120e+01
1.800301924370593554e+01
6.197005009510032636e+00
-1.452123144537561750e+01
-4.330567898165698537e+00
1.303211383203114471e+00
4.539534818069967947e+00
8.487761292008825009e+00
1.771414580498593239e+00
2.504036646417476319e+01
2.348849392888581633e+00
5.697532553684005130e+00
6.153958332848000978e+00
1.466280272694934883e+00
5.337761377613776403e+01
-3.359983234662335505e+00
1.497341309952225918e+00
7.629491570322995742e+00
6.189203348196095078e+00
1.738361857286941614e+01
3.131500390059386962e+00
1.596905194508284609e+00
-3.532766173766129114e+00
1.524009857761046360e+00
1.647251578299552932e+00
-7.265362595419847302e+00
1.331879778938602543e+00
-2.254715525554483957e+00
-2.216767440990027094e+00
-2.164019647973802751e+00
1.721325164758695081e+01
-7.834077481070105264e+00
6.129309568238851647e+00
6.304207594867018649e+00
-1.453388778820404603e+01
3.440152481325242206e+01
1.448026513078775723e+00
9.438036525140034882e+00
1.155662494151795450e+01
1.138239951278928075e+01
1.642701921702911250e+01
9.236439208995452788e+00
1.809804199400685221e+01
-6.442731505431971151e+00
-1.950483845793663074e+00
-1.505800835035977592e+01
1.199163268491425516e+00
7.586322713993282285e+00
1.184080681112803957e+00
1.522366480075808548e+00
1.690488807528021331e+00
1.188275808572701653e+00
1.654234898425938383e+01
-7.636032468818055641e+00
7.914328728470926499e+00
-2.254198668278809770e+00
8.160367891517378069e+00
1.418965211741775434e+01
-1.610329104780822362e+01
1.651903147856830012e+00
1.434871347243705353e+00
7.573780511849836472e+00
7.599887076284002951e+00
-9.120474420237711932e-01
4.855109489051095295e+00
5.723899185989661298e+00
1.834394697194029478e+00
1.623994563605278785e+01
7.838103185901526437e+00
-5.733317131457965843e+00
1.172862755284262537e+00
1.840779762653583163e+01
1.847365816712951414e+01
9.948819441248216933e+00
1.836574661943906062e+00
2.033445696527805602e+00
1.592748416725306448e+01
1.300669033715777978e+01
-1.215366365106943825e+01
1.929761846862182439e+00
2.493288457731142493e+00
2.436190695134917483e+00
1.705672275666806126e+00
2.098431403357163560e+01
8.479982739607805797e+00
1.611616983029810157e+01
1.699027345627482255e+00
1.199108386648432667e+00
5.117563860660976793e+00
2.757835323481861778e+00
1.219458975338996165e+00
1.486995887527091886e+00
1.644163738996565760e+00
1.546061942313418536e+00
1.564300291667953369e+00
1.819540977513473434e+00
2.853485511334732827e+00
1.512174214423857910e+00
2.422737857618097124e+00
1.042566590474413468e+00
2.484355782335538443e+00
2.756148881020549890e+00
1.505113177971542537e+00
2.856904550185771274e+00
5.529526856417645853e+00
3.097239643255681241e+00
1.301638866682023332e+00
4.631921632047977688e+00
1.073391074911093312e+00
1.859758818908883171e+00
2.152018788563198726e+00
1.535756676193261283e+00
1.349007636337439697e+00
1.432191165727527027e+00
1.823170369930878998e+00
1.852575435765392742e+00
1.150634575980916896e+00
2.000066925916532679e+00
1.636472781270734034e+00
1.710225789256108353e+00
1.527058632859326304e+00
1.436889280600852192e+00
4.742795601824242979e+00
2.808070530488111505e+00
1.515024617229112192e+00
2.584763397107016747e+00
1.828191039729501366e+00
2.198085278396566089e+00
5.146976118171010306e+00
1.407832275802290312e+00
4.871062576474537664e+00
4.828108293985401644e+00
1.593954225079704967e+00
4.162981178261713211e+00
1.163810046334744941e+00
2.161955559106920610e+00
1.435437300421287699e+00
2.246489207270891075e+00
5.308860747435038441e+00
2.990986153197038977e+00
4.122203553602530768e+00
3.283194348460416023e+00
1.336505922846830341e+00
2.955457768336253288e+00
1.463153801888112948e+00
2.150193393267823438e+00
1.719333948191514860e+00
3.958188430503466471e+00
1.394953824002519660e+00
1.589514286277791344e+00
3.482577946440122307e+00
3.626544023189169685e+00
1.187394613466993709e+00
3.995164739448691105e+00
5.134123825052752998e+00
1.747340133998119827e+00
1.441663012484542206e+00
1.524448193932715911e+00
5.425766761768901603e+00
1.613643807414570253e+00
1.582090760171514843e+00
2.074508290136392041e+00
1.541693135719966579e+00
3.671606421681519183e+00
1.049514577731583032e+01
1.759885754026231153e+00
2.197810139987168565e+00
2.180158784270054273e+00
2.131527824969345897e+00
2.471820058367143691e+00
2.878018815716657297e+00
2.894417592860695887e+00
1.521667580910586848e+00
1.270290606481464080e+00
1.237973729614670226e+00
2.133069720595366814e+00
1.772635250879870394e+00
1.630197958335357633e+00
2.162267255945534039e+00
2.776317865063237189e+00
5.292152248914892887e+00
2.160721423212044190e+00
5.289208346128154936e+00
1.954665260113254588e+00
2.835965382553419456e+00
4.908873825296564242e+00
1.748512127417723105e+00
5.572513759268569622e+00
9.074141795446502456e+00
1.249162313984428785e+00
1.509441699572064532e+00
4.643516423853045083e+00
1.615210298961137880e+00
1.803762824411497823e+00
2.811883226654722456e+00
1.188900510611548889e+00
1.303045334615536843e+00
1.930974029979643403e+00
1.723187160660035522e+00
1.174224388485426429e+00
2.130827020235209979e+00
1.241496970417013124e+01
4.047594930675135316e+00
1.978919516350715391e+00
2.123115354454837345e+00
1.228664616780166252e+00
3.823853545999236658e+00
2.147580318118325504e+00
5.273849562711789396e+00
2.688329877124021383e+00
1.474469021153078208e+00
2.871511156933500342e+00
1.042978603327280673e+01
5.390820830698867638e+00
2.837679771464119316e+00
1.154201220994624411e+00
1.978672751880856451e+00
5.205371075803683745e+00
1.590177995926096877e+00
1.477476290438016759e+00
3.331056758059935063e+00
3.366105624438862964e+00
1.079550990801121602e+00
1.274535519125683081e+00
7.078696606752803433e+00
2.262937964023814086e+00
1.223202967549726905e+00
1.660120219097526828e+00
1.699428751398255777e+00
1.658909468001555476e+00
4.062370628608780621e+00
1.996808075392906501e+00
2.267191487160624241e+00
4.126389509998083405e+00
1.567801828557527699e+00
2.235527330785928246e+00
1.372339684361739920e+00
1.886979032711662008e+00
2.119942563031478322e+00
4.721360412235847903e+00
1.542817099646334844e+00
1.281006990086116915e+01
1.512957446172546794e+00
1.823287959936706892e+00
2.136568814793638360e+00
2.077498434154370521e+00
1.115674513605719120e+00
4.672654858805620037e+00
2.574596541829325513e+00
5.202324531357040982e+00
1.090173849032496589e+00
1.275275737665997333e+00
1.377854510634593632e+00
2.491259806535151000e+00
1.290310787268403647e+00
3.782176330777164974e+00
1.077272033658143169e+00
1.084756769330675441e+00
4.278519921974929474e+00
2.174857413044120502e+00
1.201106788721938656e+00
1.188472771524186289e+00
1.145758115424415635e+00
1.237985844929515356e+00
1.523153958705901534e+00
4.786827262347295608e+00
2.211759520931965373e+00
1.053219409472370138e+00
2.582528661391894076e+00
1.015635490664229978e+00
1.280911581785760811e+00
2.186330858203627159e+00
2.332624897683702514e+00
2.119304613118720759e+00
1.959318339151311594e+00
1.875730207248001324e+00
2.611592246841375253e+00
1.366754917632431843e+00
2.396246007569009517e+00
2.015349807018322004e+00
1.007535923085218776e+00
1.025925346713871145e+00
1.879795782732161191e+00
1.221999865303020183e+00
1.568158658990166598e+00
1.284159682866517160e+00
1.016214358611209567e+00
1.730120440109680358e+00
1.017272435823283194e+00
1.156812836132510514e+00
1.819789229742514225e+00
1.082852746984023451e+00
1.055873744527254132e+00
1.788534735637118178e+00
3.153476616856711434e+00
1.037093495098483142e+00
4.450027622513974102e+00
1.006861354128940400e+00
1.383388580394087164e+01
1.005427352623734283e+00
1.007075933528706946e+00
2.159130826279048065e+00
2.022576025608626260e+00
1.324888775816405184e+00
1.422014318641070929e+01
1.325482023287708033e+00
1.036063384728727055e+00
1.246862848134524526e+00
1.233238336736754759e+00
2.775767154718475904e+00
1.108195122462783955e+00
2.138171890883558302e+00
1.531822107081174522e+01
1.973351172530080744e+00
1.001205636564705292e+00
1.692197064033533760e+00
2.463533962908180719e+00
1.965732675229565629e+00
1.667175486734779888e+00
1.095064894167397718e+00
1.886585356666641511e+00
2.018645096655431015e+00
6.109742692741488845e+00
2.234620297933888722e+00
1.308877105336196500e+01
2.139256010026204891e+01
1.256482325838112812e+00
6.014734511233104541e+00
1.538922478761304546e+01
1.007112572125232530e+00
1.197180761833365192e+00
2.389116102137556652e+00
1.201657634215057113e+00
1.002507092645969378e+00
1.312979052261205704e+00
1.354822992081030408e+00
2.043586223303810012e+00
1.451520552523114516e+00
1.604251633464795379e+00
1.482203737550822575e+00
1.772130729329062682e+00
1.074326750448832968e+00
1.138586844238195894e+00
3.730681308665387608e+00
1.018310565525121003e+00
1.686167477552312111e+00
1.122244859647960391e+00
1.333565228914066036e+00
2.168100771755522072e+00
2.436591951686893864e+01
1.013568334069568033e+00
1.271072708888684621e+00
1.078417964655147498e+00
1.103934390496430717e+00
1.021320737697524406e+00
1.173083615803048207e+00
7.465741287655050407e+00
6.874641635526029582e+00
1.027924062154606411e+00
1.025256459559753974e+00
1.258689053172793448e+00
2.287988756812005864e+00
1.695279485746226911e+01
1.474625085049072082e+00
2.682036442669766707e+00
2.075364491881547480e+00
2.662277806450064066e+00
1.495339968375034800e+00
1.187168953930370696e+00
1.055368823588608285e+00
1.044967761434616227e+00
1.957949041695848269e+00
1.347024666330045051e+01
1.540939520763689563e+00
1.754590924685361486e+00
1.879295232279858618e+00
1.550684246703742941e+00
2.457363053191614188e+00
2.763775826737605801e+00
1.286702813676203538e+00
1.932735686712246048e+00
9.710469137313706867e+00
1.381143726304796981e+00
1.011951600312255950e+00
1.131416466714186830e+00
1.021898451871265934e+00
1.144517156010163461e+00
7.305524063090797426e+01
1.168125721064006139e+00
3.044159203753505238e+01
3.783418400471448617e+00
1.302521884275798625e+00
3.100613266391821998e+00
7.657780588873698058e+00
4.731922720211537481e+00
2.180708359446597022e+00
1.016390427379597838e+01
5.356057355714119339e+00
7.089786849986472816e+02
4.763905882826197313e+00
3.381480599654764774e+00
5.836120418437331203e+00
2.210943913968741015e+00
3.860408759066726425e+00
1.420249384937882775e+00
6.738743945155682979e+00
1.757797421756851719e+00
7.414698834566408436e+00
1.026617387272693360e+00
3.137170159059759378e+00
1.738999566217401815e+00
1.384119748686508666e+00
1.611227191546396487e+00
4.966147470516918183e+00
1.238668411873403929e+00
7.666787311518645787e+00
2.983711312069951660e+00
2.986409981959708304e+00
9.461867367725916438e+02
1.386057913712525735e+00
1.782768327385639040e+01
1.083250053213731912e+00
7.658594667455803346e+02
3.301622496575900012e+00
1.045049476099061625e+00
4.462123756654756690e+00
2.719882397712615330e+01
4.913384603958056651e+00
3.216433598383231924e+02
6.655505205424712578e+00
1.933124664218186695e+02
9.052588769326481710e+00
2.667774530460590210e+00
3.519876623616009503e+00
4.632359568243431980e+00
7.857646074143989523e+00
1.776535888841309543e+02
2.379581002803751399e+00
7.450906963214863232e+00
1.398571223581985601e+00
3.368371745269634232e+00
4.189239271091877548e+00
4.121659598676912672e+00
2.934151595146615055e+00
3.782261473279215913e+00
2.029018625278876442e+00
2.298081185293135320e+00
1.070141872538489025e+00
3.614803667946051569e+00
5.497822011976007950e+00
1.485095232454956671e+00
1.955186596850636560e+00
3.742167232089403495e+00
1.485276709215666679e+00
5.319419726360344214e+00
1.183464477917538282e+00
1.705448909172545768e+00
1.115215279720609409e+00
4.170436400876545768e+00
1.765671481859345970e+00
3.884908967935180257e+00
3.679466654317638863e+00
1.387156726660523365e+00
1.911826775199300776e+00
5.324675055943290936e+00
3.254861271232034614e+00
1.252300769256556201e+00
3.648816612711139662e+00
1.262630881796392046e+00
2.893113954074851613e+00
1.925950983215839685e+00
1.531661217237305861e+00
2.618532864275900707e+00
2.307909792053109310e+00
5.413483248717714247e+00
3.240334905016752920e+00
1.487762241131744601e+00
4.502919953554399335e+00
1.547462116009262756e+00
3.253003811575272852e+00
2.742528176685575581e+00
1.475307729378627641e+00
1.584570213485044787e+00
2.521550074257804752e+00
1.625604743191785939e+00
1.444395689539305749e+00
1.313572048366255407e+00
1.301826359808590405e+00
1.193943618424543107e+00
2.163013740998900758e+00
1.783365496096172453e+00
2.804285542037240120e+00
5.096265346699850873e+00
7.400363926498245704e+00
1.198427534533452965e+00
1.087519777905046725e+00
4.035906818993217016e+00
2.861948442317998609e+00
6.582907735821235562e+00
1.456051492484638388e+00
5.982999536742762636e+00
2.824251975628883304e+00
1.472465578380905082e+00
4.022577605665886402e+00
1.305560965929345008e+00
5.668178988088555137e+00
1.455812950288764229e+00
5.567331784084113444e+00
3.203884585624786840e+00
2.011141938192228640e+00
1.498614298003177581e+00
3.249795502967584682e+00
5.713977458892057548e+00
1.624665256430452009e+00
1.414256720021824565e+00
1.631193127755665495e+00
4.811330144413532572e+00
1.414195747400375458e+00
2.271885640318541455e+00
1.681581121799581302e+00
1.085587783368894721e+00
1.547333579095400591e+00
2.216378429110299475e+00
4.615554742583477754e+00
1.561315549073192255e+00
1.117429327491211488e+00
2.520160217765688326e+00
2.841319683413626951e+00
2.717106347195154648e+00
3.192311881072587010e+00
1.224986337731282626e+00
3.000658917227104538e+00
1.707405780549942964e+00
1.484362420995238629e+00
2.583689500969567288e+00
1.294391516249908225e+00
2.532150255788033988e+00
3.731162416833491591e+00
3.276440898568291793e+00
2.517089247777951844e+00
2.419537404716607831e+00
1.184709689088972340e+00
2.316903267815560330e+00
1.511961892925770767e+00
2.210711919959259752e+00
1.172445655705744771e+00
1.371871096482766506e+00
1.403387993349982876e+00
1.613749495493071340e+00
1.624840304393712076e+00
1.569463064913331651e+00
2.310179733607857777e+00
1.796549734795351627e+00
8.898681210664992847e+00
1.533515903480991316e+00
1.186093221898333328e+00
1.315766644979396993e+00
3.973865245835300541e+00
1.179120671017020117e+00
1.127936028493858656e+00
1.121248317187128807e+00
1.272002996712907841e+00
1.642986947006409348e+00
5.523291824680804041e+00
1.237220338469922298e+00
2.025216975673568065e+00
1.315480328880849425e+00
2.906525581352309207e+00
3.648932100922722466e+00
5.304527360228150634e+00
1.670726295107705317e+00
1.329463433838994790e+00
4.483660149916582682e+00
1.902990846386633095e+01
2.519072696764245833e+00
1.355286719626558778e+00
2.663491186732203975e+00
1.070887916421382702e+00
1.659611727963271388e+00
1.080765373389977579e+00
1.522535359324464821e+00
1.780993803944912024e+00
1.129833507649040003e+00
2.973531676233279075e+00
1.598723330215968197e+01
1.110706289630660537e+00
1.723251911071767672e+00
2.646856360662380503e+00
5.948448802637458499e+01
1.030212300651884627e+00
1.658905042233684846e+00
1.613754128052113490e+00
2.637607860947111860e+00
1.083927458187062154e+00
3.947179721568686350e+00
2.303639883362469387e+00
1.562685257982023845e+00
1.814466230820831072e+01
2.042176192418679648e+00
1.019529990984720635e+00
1.143091374196064880e+00
2.539228526242957251e+00
5.304532935429180363e+00
2.071721787622957223e+00
3.163571397658667461e+00
5.173607415672474730e+00
2.366584732399591662e+00
1.824535063130705570e+00
4.464883665147517000e+00
2.185162935523099481e+00
2.607844047103466956e+00
1.921645796871334966e+00
2.122556492947734519e+00
1.064454764102435114e+00
1.013629543181060244e+00
2.830101757894886383e+00
5.161822089769840360e+00
1.651624610538569460e+00
1.730067631770163761e+00
1.265446554823081105e+00
1.503662332845638216e+00
1.477834353434016146e+00
1.321376273574122129e+00
2.533825813893018974e+00
5.788430002966901355e+00
1.597694702679453016e+00
2.828886702483148330e+00
1.302623201696232025e+00
1.819522704673516733e+00
2.640287983051450293e+00
1.002858316841853892e+00
6.055254566269203664e+00
1.799202095642585153e+00
1.019409761280813731e+00
1.140531722982049967e+00
1.767893778135607219e+00
1.672270703826967519e+00
1.186570755452845960e+00
1.017900339243734686e+00
1.343426057515465732e+00
2.702689607007703998e+00
1.827222434502350668e+00
1.263007126695463889e+00
1.316545686374908319e+00
1.150598093030153146e+00
3.271598953664916820e+00
1.400988189845838505e+00
2.405526315789473735e+00
1.863152345518177988e+00
1.324446911190140463e+00
1.782920527194193472e+00
1.878196301980559868e+00
3.588923793724188904e+00
1.223678904301686909e+00
1.526881107607883648e+00
3.400795232401450097e+00
1.918831797721300081e+00
2.129927374893977987e+00
2.099374435804443717e+00
1.489612318324770035e+00
3.558638900288862761e+00
1.243656824649466142e+00
2.285876552574191756e+00
2.762851491959755990e+00
1.367763945849816665e+01
1.568965908060567571e+00
1.758574723427543951e+00
1.471782330444141307e+00
2.218707071145837428e+00
2.993136035116659599e+00
1.887027067751568365e+00
3.770065804198934778e+00
1.495441943269697704e+00
2.210847212656211980e+00
1.477706787669731403e+00
1.436370781533323759e+00
1.221533440018558236e+00
1.039793560792398042e+00
1.087378214050252812e+00
2.580012741953838340e+00
6.272462346607380113e+00
2.725531404697381888e+01
1.520300177071881809e+00
3.512016776225879156e+00
2.248858120613888900e+00
3.216649530691224612e+00
2.694038887534579096e+00
1.017320610751271115e+00
1.294563720610365287e+00
1.548872369374586500e+00
4.366822619667662941e+00
1.865858764421287619e+00
1.414541976228091524e+00
3.536486991310364481e+00
2.296139636872461587e+00
2.530348201662786511e+00
1.568632188085257084e+01
8.215647596908200967e+01
1.210358715275910324e+00
2.550871161364093354e+01
1.541889565310263777e+01
3.520660355038335521e+00
1.059652222249612086e+00
1.809174381931020292e+01
4.278255289354001789e+00
1.531448759970296436e+01
1.598967518585263825e+01
2.542463743957326106e+00
2.536361552075301784e+00
1.972391653580749749e+00
6.084442496845417736e+01
2.394883647465515963e+00
1.027755440091839167e+00
1.356187441898246249e+00
2.619555944383480828e+00
1.647933303467837174e+00
2.890606939006153731e+00
2.174440958784454647e+00
1.083086613330921111e+01
1.408006307773708610e+00
2.810512432093606350e+00
2.605795987554237136e+00
2.555345969434041464e+00
4.034700090619367963e+00
5.781727696035447117e+00
2.884487638561253675e+00
2.814215294761576391e+00
3.911632783103246691e+00
4.929583628480083135e+00
6.879260667360090231e+00
1.095097745004570378e+01
8.395363161411257380e+00
3.078458621203747914e+00
1.001575544912218341e+00
6.522578341740445929e+00
1.529842003822073915e+00
4.173913043478260754e+00
1.251297565971051462e+00
2.365696048231874737e+00
8.372015796834789469e+00
1.753592530213433198e+00
4.376523435140196483e+00
1.285950499474452169e+00
1.731218338785509570e+00
2.397209209113016115e+01
1.671970584073589450e+01
2.533748665854924198e+00
2.581730774023535790e+00
1.591051308158249000e+01
4.404807886301428610e+00
4.603544510397179046e+00
1.504632371736921215e+00
2.940632956936982456e+00
4.389438925940835290e+00
2.140491992504724550e+00
1.640899331705393704e+00
4.181078874270243162e+00
3.344466693577733629e+00
7.343384098414626138e+00
1.241977178360140099e+00
2.394214911608215957e+01
1.258896548875616528e+00
4.139368533163199970e+00
1.578800729597126384e+01
1.510704560460663703e+00
1.321032493590176937e+00
2.926314556156515145e+00
1.845300902101758567e+00
5.800497273483685490e+00
2.413691865942740655e+00
9.409695521497908999e+01
2.098281523548466865e+00
5.102239973774709725e+00
2.968026865553525351e+00
1.633347576798172662e+00
1.228418441295315766e+01
1.334830513495551374e+00
1.010419346450067035e+00
2.610376946376184559e+00
2.687303043057678753e+00
3.845288105119919475e+00
1.598082843217923932e+00
9.184826381288928587e+00
1.913311167145338887e+00
5.688961895361269399e+02
7.365751153227123815e+00
8.775320903375890325e+00
2.196037547563221448e+00
4.235079835042825813e+00
3.706586373626373643e+01
2.098244994590662031e+02
1.572534371966727740e+00
1.713090311856709747e+01
1.041097935481011483e+00
1.200885715811875754e+00
1.110162843715228007e+02
3.043390945970757571e+02
4.119236941151299014e+00
1.122860247026120106e+02
2.007129564417956313e+00
7.040190622188156055e+00
1.288407279255434634e+00
1.807563090701901798e+00
1.978056072235103784e+02
4.855004221400014863e+00
1.743058914298802886e+00
5.223997709606275066e+02
1.757822870810284988e+00
3.401019320131629442e+00
3.174366973977869044e+00
3.808513266300791678e+00
2.574108760954295860e+00
6.010106808754922270e+01
6.492296286331623811e+00
1.121578900841032400e+00
4.015052961769947970e+00
1.577408582384948410e+00
2.424895917468879336e+00
2.760181493338083936e+00
3.364550256195671718e+00
8.126036202058598334e+00
2.146068755177333998e+01
2.816182081825002683e+02
1.649882200016248301e+00
1.033539397664499759e+00
5.959347911359394345e+00
1.564289104839630511e+02
8.524499395607869019e+02
1.437533928054429699e+00
7.565342648602077702e+01
1.120087033859244130e+00
1.091039741091814452e+00
1.677142252270080958e+00
1.229256335247151499e+00
9.751376771239403496e+00
1.261331340878749874e+00
5.004294123595425248e+00
1.375703880084066411e+00
3.121335509019114163e+00
2.621623132984941318e+00
1.013378881336975734e+00
1.944469445953602937e+00
1.078541149681933575e+01
1.550611938408671620e+00
1.408436333102206728e+00
1.104174495749854259e+03
1.896568538530230219e+00
2.832535219557087203e+00
1.016123965756102310e+00
1.555270140490134789e+00
3.715042192716462743e+00
2.507253434859540775e+01
1.638487647207002965e+03
1.116911276031744338e+00
9.539731158802926529e+02
1.685958189427039677e+00
1.827344498441065213e+01
1.229815954676441152e+03
5.784741718196301896e+00
5.153588022715539729e+00
1.584467031315833996e+00
9.649415586452899873e+00
1.098461921351248982e+01
6.092640481070312717e+02
2.542956674383955828e+02
3.939221742259005055e+02
2.745668565590976495e+00
4.745217113926032653e+03
1.015062192509484618e+02
1.030739416395763328e+02
3.701356575234888258e+00
5.827067941694402720e+01
1.471430430821293767e+00
1.201086870229323811e+00
1.537994989337677199e+00
1.195597909343975743e+03
2.054494809854758408e+00
2.296820654305813392e+00
1.306454268881287017e+00
2.521761175004518574e+00
2.731284396953173932e+00
4.103513127209809319e+00
3.458015612702943713e+02
4.625128998689016058e+00
1.270270120306242090e+00
1.073019774046720443e+01
1.398764753647913750e+01
1.138066422284197330e+02
1.568813714221108269e+00
7.217901383798628956e+01
9.630550033927140703e+02
1.220208407839262765e+00
1.908694295875715152e+00
1.063283501659424068e+01
2.423392320922115761e+00
4.080366578081245166e+01
5.017184791962089108e+00
1.575729101963921464e+00
1.012238457752034693e+00
1.309250054165144128e+01
3.643868435763750302e+00
7.896474800601819055e+00
8.085062005860589096e+00
1.371492067731126197e+00
1.292745458786900947e+00
3.324533522718452705e+00
1.120198243391075321e+00
1.345230563244026012e+00
8.351073351690251556e+00
8.506352210910455014e+00
2.787698269609931057e+00
1.026194723114623741e+01
3.137270674805585635e+00
3.026605742624405071e+00
3.634260631768504624e+01
2.261508763405535092e+02
2.012324992895055953e+00
1.389364834645888003e+00
3.681710022950723804e+00
3.293261807458026436e+00
1.244086874960816225e+01
2.768609891421502933e+00
1.526125274245267116e+00
1.118151997596875979e+01
1.754312152672641290e+00
1.003366327055152496e+00
1.483984620254149789e+00
2.144753464525558151e+00
1.735730570186308830e+00
1.670584004370869069e+00
1.771426988205504482e+00
1.581590177493195082e+00
2.056667798951186565e+00
1.443703189820138988e+01
3.552958604515618735e+00
3.932222227381997115e+00
5.817349062402277227e+00
1.587224161088956293e+02
1.702936024353257638e+00
4.940227691392957254e+00
2.576121642502968268e+00
6.009398292802289099e+00
1.589563750270087610e+02
8.791125032873727818e+00
3.376313515633166418e+01
4.231081911011452235e+01
2.620836196553228774e+02
1.264319879250674239e+00
1.297766158168119466e+00
2.478129716901378288e+00
2.864546046064680773e+00
2.055498419620023220e+00
2.061962988503090344e+00
1.989163459861597971e+01
4.402713618999138490e+00
4.597215461851206442e+01
2.859625292043221023e+01
6.115638216673926308e+01
1.724559198340247068e+00
4.987145397492478338e+01
1.567159697847372302e+00
2.640905029203077792e+00
1.820593642091434674e+02
8.564131281594322331e+01
2.042591515458051532e+01
2.097954735166487339e+00
7.907981246705690026e+00
1.827147366819895868e+00
1.551550323768855044e+00
3.210042542527610898e+00
3.363448957721470123e+00
2.580999358390738685e+00
2.992259185759038331e+01
3.332675166034821945e+00
1.062322191995373366e+00
2.205244471742675572e+00
1.942156601623389323e+00
1.467930210539583502e+00
1.822453911971850582e+00
3.216469799690140352e+00
2.350728456994378934e+00
1.279698170039817562e+00
3.170115690589756507e+00
1.757171984956231281e+00
2.348783287052323754e+00
1.707982723054680019e+00
2.363912857120864714e+02
2.882495039109429058e+00
2.514919998797942924e+00
3.179406740574981516e+00
1.774502059027055267e+00
7.093521075332618331e+00
4.376208298391466300e+00
3.968347033235808397e+01
2.156687751758759575e+01
5.814036915702158304e+00
4.341018567137669315e+00
1.038519328199678293e+00
3.858730449871472246e+01
1.545862858479844837e+00
1.972041210762423802e+01
1.206722363808745202e+00
7.749109137838045669e+00
2.190918911752797626e+00
1.631686010228716555e+02
1.563746295440964440e+00
1.021662440137052840e+03
1.540981899676848066e+00
4.857796850474402461e+00
2.748189348873176119e+00
2.029952525317894718e+00
1.749962990615707481e+00
1.603854975536953553e+00
1.002207395840726889e+01
1.126967081855312358e+00
3.557087860704445603e+00
5.065316166329750125e+00
2.447952039948906755e+00
3.858716354976570617e+00
4.078262217936976697e+01
2.111405152316685907e+00
3.464905598004522691e+00
1.308250055952452806e+00
2.830492389426082056e+00
2.480643475004360887e+00
3.047139890318684596e+00
1.224892564335987144e+00
1.044500662192032525e+00
1.603911108922692286e+00
2.521987937952698822e+00
2.032618238378410922e+02
5.771373862317864223e+01
3.010814059675345433e+00
2.987610616609335246e+00
4.585506895775929337e+01
2.457593877525786752e+01
1.679600231477861083e+00
8.062945085905900200e+00
4.057691153556337582e+00
1.813186972597165880e+00
3.252112877372456357e+00
1.439530554571583423e+02
2.548500860269522050e+00
5.661091110809219451e+00
1.104702184549061439e+00
5.016814689152779394e+00
4.013823329787584271e+01
1.679177614388572826e+00
1.986597411624458331e+01
1.036316898923131280e+00
1.203677308850376493e+00
1.095489945360415334e+02
4.438687624777942986e+00
1.406184360466906869e+00
1.630281499034563542e+00
2.108550158080660708e+00
1.412893413545590704e+02
2.641297181930374549e+01
2.047865624072961133e+00
7.525816465005160438e+00
2.102620832124758365e+01
1.676696973488179765e+02
3.646884895316413910e+00
1.594449232410819262e+00
1.634636901166237166e+00
3.560846869521975933e+00
2.538615085702375929e+00
3.884558694220147768e+00
1.271387575468886144e+00
8.790683270534001892e+00
1.442544618864070287e+02
3.434180557601217654e+00
1.188183008951473996e+00
2.429684114596130318e+00
6.650339033821687451e+00
6.501719830933065047e+00
2.464177626287001210e+00
8.833887166689514459e+00
1.887276283230401530e+00
3.226310265479698458e+00
5.269904981869221849e+00
4.343138162840613603e+00
1.192852988873545739e+00
2.743166430292650393e+00
2.290306988534099020e+01
2.367178745765509973e+01
1.276375591722248792e+00
1.202369367353417262e+00
9.872241147682563778e+00
1.515668719558233457e+00
1.914564270000611357e+00
2.272288267415299767e+00
2.985839967336502365e+00
4.991389704392035043e+01
1.264434386999080617e+00
9.971298497381602033e+01
1.278714412750261573e+02
2.934896821750334617e+00
3.706599702268072747e+02
8.211236862751190912e+00
2.523821559372557921e+00
1.393366269364264998e+00
3.131576842841246489e+00
1.914077349423487284e+00
4.753729717166141455e+00
2.016284289276808028e+00
2.340234227800276123e+00
2.049183225976588307e+00
2.988676842758686725e+00
6.565255548781713024e+00
8.303161600433281109e+00
1.163354844636336516e+01
3.992744211873949123e+00
2.426834354986034725e+00
6.411548105711169399e+00
8.062626289272485565e+02
1.258320027795236662e+00
2.459195186160210600e+00
1.253878546631390423e+00
3.828919584863583481e+01
1.034234027936798750e+00
1.628315813673649970e+00
7.348171884698104783e+00
1.455832699998754087e+00
1.372915878959372504e+00
2.508978569065444475e+00
2.733882345112131684e+00
1.100305859411521148e+00
1.099107513365522593e+00
-6.251837051837052073e+00
5.516570337928393464e+00
3.387170661724411946e+00
3.682909790402156158e+00
1.864423690684977375e+00
1.970259747806380357e+00
1.390251171572097988e+01
2.517531998820694561e+00
3.518683730782119046e+00
1.383193192349818901e+01
3.875296184986992465e+00
3.264682035471929922e+00
2.370060468163319278e+00
2.744531768797365601e+00
2.972665547862406665e+00
1.397887233912826321e+00
1.401869781271239734e+00
1.746095384807173412e+00
2.355000023002359999e+00
1.549441247221460927e+00
1.290023854994489794e+00
5.273833863651749709e+01
2.797956007447781612e+00
1.969389103225367421e+00
1.163968614982646921e+00
3.100633833714625975e+00
2.078466261291996631e+00
7.129299511429604941e+00
1.387934781427593522e+00
1.806662760286404268e+00
2.815485640303668546e+00
8.538839164318650532e+00
2.867103244567581921e+00
1.565233456499831988e+01
1.353578915277466876e+00
3.685738424537569280e+00
3.057043437042144429e+00
2.861360338527224378e+00
2.028468426779393763e+00
1.316109930517418425e+00
1.038547381852088058e+00
3.287371154742952495e+00
1.320978935928972975e+00
1.173010505651664648e+00
1.688099675380335896e+00
1.766919652014431019e+00
3.519283845442072511e+00
2.279076347710552675e+00
3.200974201695832466e+00
1.787260621494113133e+00
2.506264358385296820e+00
3.093163034159523761e+00
1.163796669463781353e+00
3.352565763716175873e+00
2.443827679684845045e+00
1.829226424497480519e+00
1.982444525253163947e+00
2.730420671576582414e+00
1.166687919984032318e+00
2.854953791569651678e+00
3.693745058480329302e+00
3.972534588373643150e+00
3.367035757881928770e+00
1.207742890672914848e+00
3.111827918593417230e+00
1.294903314143774020e+00
2.894282323521308875e+00
3.223469228636773209e+00
3.348869314215344062e+00
5.393772196361545035e+00
5.030375818095944851e+01
7.142891689106167341e+00
3.172725649564886563e+00
1.300385514252042407e+00
1.109660518157830067e+00
2.625764292396311372e+00
4.837312017788901741e+00
2.539489861330039400e+00
4.908091396071688095e+00
1.452060498093306062e+00
-7.802909349916444803e+00
2.870634079533040861e+01
5.097679291531588497e+00
1.500256437464629222e+00
2.523326087256249295e+00
1.152684234179268330e+01
2.177633446692596841e+00
5.201692768818011459e+00
1.869206085860534605e+00
2.947979180810138100e+00
1.991948902544929068e+00
1.765439194274532442e+00
2.210257501596084140e+00
3.047226541852751325e+00
2.016704960315415907e+00
-2.902567818626128560e+00
2.061352838910742946e+00
2.369005805563060729e+00
1.746537251781112632e+00
1.935876874737215703e+00
1.262970392324789248e+00
1.823342966346602090e+00
7.131144917720435572e+00
2.038372424019753826e+00
1.626676225284678257e+00
1.467783273500864283e+01
-1.048160231553150901e+01
1.090010037793302189e+00
1.664255246320334836e+00
3.400184824248941418e+00
1.150548063127690090e+00
1.090780823201756844e+00
1.626552565666945060e+00
1.621772557601343978e+00
1.595073365381594277e+00
2.329680974727687648e+00
6.295439480747901939e+00
-8.980112605132879011e+00
2.878119245989359420e+00
2.430301527082392443e+00
3.959755002565418014e+00
1.550186738752671323e+00
1.273344872645672421e+00
1.715143323266098641e+00
3.785254914342191856e+00
3.884951463960414575e+00
2.239735919125231955e+00
1.754088202348567105e+00
2.137508623638334715e+00
3.287937917907169716e+00
1.404095841497498443e+00
1.679350322860570177e+00
1.167974283967519122e+00
3.043591472911336027e+00
1.782583427329500037e+00
5.760874487693318002e+00
2.940167301376400033e+00
5.153623936270692596e+00
2.679509111873719540e+00
2.303283761343652092e+00
1.471681304260044509e+00
1.981977068979277057e+00
1.955276618021470680e+00
1.719343531128736391e+00
2.470935706676746335e+00
1.744036913030244440e+00
7.419544287983922182e+00
-1.084206891259304761e+01
1.177565735503648403e+00
1.108686363399510100e+00
5.622245008153848644e+00
2.335878879020004018e+00
3.747373942424283566e+00
2.492882987244454451e+00
-2.613165788981126170e+00
1.626601447253601762e+01
1.128520901691737244e+00
2.850335560267839963e+00
2.787422473370217979e+00
1.745968900012308644e+00
2.160024192789375963e+00
2.004491867725637366e+00
2.769177069159320936e+00
2.276915472834691201e+00
1.553050975294182567e+00
6.281038921900694127e+00
1.574137409481241923e+00
1.071736550937697485e+00
-1.683114176413322172e+00
1.668012856732648430e+00
1.148987673272128474e+00
-1.828834555136517048e+00
4.561308615650447429e+00
1.630555121603258772e+00
1.568264420404498205e+00
1.279332372549349950e+00
1.227701601210594129e+00
3.654954545098008545e+00
1.155377432086940992e+00
-3.678013815683953691e+00
2.691021517302573329e+00
1.364050618073836763e+00
7.221122973455068816e+00
2.916190659848520106e+00
3.011695593799212034e+00
6.936343105127978248e+00
3.169849079652916846e+00
2.691914377919089496e+00
1.843508638668888588e+00
6.129657512542390663e+00
1.037251586585486107e+00
1.081712796072599625e+00
1.494413008551537025e+00
3.038182435647994950e+00
2.442299005584178229e+00
1.298282485556024879e+00
-4.011123284928505228e+00
-1.571618750742042048e+00
1.911082841925052289e+00
2.743095129419185874e+00
-5.907455723444644313e+00
5.411191074525173228e+00
3.902470479293260297e+01
1.376447575674565194e+01
1.764922382601252693e+01
2.616018259407419055e+00
9.837208017807530069e+00
6.189875788095003273e+00
3.226461103010549891e+01
3.737246565854560831e+00
2.416839383766252070e+01
3.824818388307981820e+01
1.808467943597283245e+00
4.276173055558431635e+00
3.329881399223934668e+00
1.069703922016384467e+01
3.645017297176654125e+01
3.116669889235698765e+00
4.682223239784200963e+00
1.221647486613921529e+01
1.096576414631689866e+00
1.171846746512953841e+00
1.509864710943547905e+00
1.044235101626415085e+00
2.581815736012738327e+01
1.228608136096696057e+00
2.004283171311419753e+00
1.539224148454247931e+00
3.781981004270901447e+00
1.020439689187898935e+01
7.562677052898108876e+00
1.038855833727025058e+00
4.379290632518080884e+01
2.899229441198923229e+00
1.931797776125885768e+00
2.005229561453745646e+01
4.515952852456168287e+00
1.727593136470394919e+00
1.157828262648589046e+01
1.026209836625274763e+00
5.603825226267965753e+00
2.628509872569369854e+00
2.609555610649323398e+00
4.854151533502371940e+00
1.219086194739914575e+01
1.145225304637414565e+00
1.655264713415833144e+00
1.485119031416201052e+00
4.586516425661671548e+01
8.296235533693766229e+01
1.136966587282405294e+00
2.395295310757870944e+00
1.029146500620539362e+00
2.424009778807685755e+00
1.116012552068840202e+00
1.131017461849228134e+00
1.216833591515315449e+00
2.314320350247930147e+00
4.002004876917563081e+01
2.017386246002841332e+01
6.787084784552749994e+00
1.944648908863592762e+00
1.122642088592348042e+00
1.437904786996414552e+00
1.588192278281771896e+00
1.031826540548162185e+01
2.644628341637370816e+00
1.120789283036873751e+00
1.497330343615464354e+00
1.769445189180345990e+00
7.047209794703321961e+01
4.159654567520429502e+00
1.543832930151815885e+00
1.107658532320240807e+00
9.965418444071474369e+00
7.077665441619924991e+01
2.183354139800331328e+00
1.776190144342519428e+00
6.941209799374937006e+01
2.591423494437566699e+00
6.620021073652968546e+00
1.041156797984531979e+00
3.483065753000605014e+01
1.559878559047346736e+00
4.696479491403235507e+00
3.196783765993325144e+00
2.496241444488354091e+02
2.499713587556176009e+00
2.353222008224578943e+00
4.823741591304323784e+00
1.308713779321592385e+00
1.468781894819042311e+00
1.347982802743061654e+02
1.504223432781182535e+00
1.123294334544139739e+00
5.279391753004426313e+00
6.314190481782491204e+00
3.857719114615628442e+00
1.040658495135575912e+01
1.216990796393689012e+00
1.144587312450644845e+01
4.354309098671462408e+01
1.669018864490040599e+01
1.557091434177530154e+00
6.009329171769063294e+01
1.293541404079484591e+00
6.544301488874887696e+01
4.687286618135192207e+00
1.578802245241278657e+00
4.333446408094186353e+00
1.385576377058489461e+00
6.757344748390158529e+00
1.337674168752630566e+00
6.770224322590130406e+00
1.881986248722827781e+01
1.610177701304282394e+00
1.138214089521091381e+02
2.091276087426243269e+00
6.289210545759272186e+00
2.176646624065949887e+00
2.447252553902130590e+00
3.791113666000061926e+02
1.671268239894782326e+01
1.772836340555269397e+00
3.401121374141391929e+00
5.354571584744155288e+00
1.506716488653589314e+00
1.138454459034562438e+00
1.259523015834723925e+00
1.025496730826260805e+00
4.260561917458761449e+00
8.780906940566030983e+01
1.392009809539516318e+01
7.996996920958641120e+00
2.220371700743286159e+00
1.243038053955903610e+00
6.614576474804655604e+00
1.641226732395394849e+00
2.526639380708041838e+00
1.196109542848031282e+01
5.550207446558135693e+00
1.980200018787689364e+00
1.549875204446708565e+01
3.819126427223087372e+00
1.016564222270559803e+01
1.001676369292240310e+01
2.824721550106550794e+00
1.082869629490622465e+01
2.315399719978247894e+00
3.392110697505571704e+00
2.307844148078872504e+00
3.028539643684246219e+00
3.114201801911139267e+00
5.135155956108187638e+02
2.369411629180323331e+00
5.963702478090338488e+00
1.487147561523082695e+00
2.335492464199166118e+00
1.340749087247285143e+00
8.369816003672102767e+00
1.007470898194743558e+00
7.516870387003554299e+01
1.475577910068173848e+00
3.301635622904734113e+00
1.859295381435334571e+00
1.737593918387681402e+00
7.327385874264106924e+00
1.253000696858529661e+00
1.000417540374498770e+02
3.272349730525600631e+00
5.754698146935452741e+01
4.898306169605737281e+00
2.597057980957439671e+00
1.536481637801387468e+00
2.377289094484727361e+00
1.713986784071587000e+00
2.783382409115935161e+02
2.207613040672880000e+00
2.155835887111120730e+00
3.416930194474645965e+00
1.161062625552861078e+02
1.410514175540133586e+00
2.304006115672578048e+01
1.306892446851362521e+00
1.797394580348695703e+00
1.538408064270539555e+00
3.852467359406615000e+00
4.294615084271490701e+01
3.416523632803190935e+00
1.968174625582810311e+00
3.806997931985294059e+01
2.077276588291730093e+02
2.028451461524046984e+00
2.024994492005539470e+01
2.627804820876872505e+00
1.090204133220038063e+00
3.763500880700591189e+00
2.194680355372887082e+00
3.869282692338459118e+00
1.409938790780166373e+00
3.725325334492485929e+00
1.815045603018485565e+01
1.766546054482185468e+01
1.077863727898864532e+00
4.964662189424346934e+02
1.254506755111804539e+00
1.331064829519642556e+00
2.172330040854857369e+00
2.745822056126659749e+00
2.059773232441484225e+01
1.164791064297485912e+00
1.284066183063779398e+00
1.710321479001079226e+00
9.238443003204203308e+00
2.281019057171514675e+01
1.818685971450775440e+01
2.462516592741282651e+00
8.245384958232843786e+00
2.965617618683256129e+00
1.411486086862942635e+00
1.566932355668505528e+00
3.381432930920935220e+00
1.680979113735912023e+00
7.119111981901651731e+00
1.028051685974443963e+00
1.463479941847123600e+00
1.054209099483886414e+00
1.043414655686691450e+00
3.420785748974632057e+00
1.877892571878849060e+00
4.675270074251258734e+00
6.195073951391962375e+00
1.670394311758496642e+01
1.927522844334580210e+00
5.219687169690563877e+01
1.654911430385857862e+00
5.357540288983673804e+01
1.817219053273149809e+00
1.962076593013609482e+00
4.186861893831596859e+01
3.643064731451359339e+00
3.767502754578595958e+00
1.587173623278015366e+00
1.550321338062854215e+00
4.445476895168989806e+00
2.133872514487893834e+00
1.450444469910881162e+00
1.753628950477582382e+00
1.551740561522788608e+00
4.078136342394627079e+00
3.120186180182431546e+00
9.013061833064062611e+00
1.754324698199582855e+01
1.165629782862414388e+01
9.873064250206194714e+00
9.069740863028490594e+02
2.370737862799005669e+01
4.085766848186543143e+01
7.400561935165811178e+00
1.607002262033552498e+01
6.257794057319927994e+00
8.766996327289309221e+00
1.121872003372029667e+02
6.279399705583054470e+01
7.246740246764412063e+01
1.273372969695784462e+02
5.427982490589170794e+01
4.381003874382772523e+01
9.096075455016638500e+00
2.008320136584952564e+01
1.511200761135670234e+02
1.260990618393653449e+03
2.795724048094120562e+01
8.475512777480427928e+01
2.180659441556950906e+00
8.796422247117921245e+01
1.568492030316292301e+02
1.058541603519697283e+01
4.423687618856711801e+00
5.489010378469675544e+00
1.124038199181446096e+00
5.229398897002187852e+01
1.531407392598174599e+00
2.094521244717293840e+01
1.009094450273047698e+02
7.278330417668925634e+01
2.188901468228986857e+02
4.634325702763610622e+01
2.531756844541609297e+01
5.283360853976479632e+01
3.599744960057886800e+01
2.837322291798396918e+02
2.306187705993408201e+02
1.134485148227073026e+01
7.915616893914200602e+01
2.061741269060501835e+01
1.245013597642443557e+02
1.974120017694679419e+01
3.360764323548934840e+01
2.777752326555706119e+01
2.925728656392653093e+01
3.295778673727283614e+00
1.956367266263601223e+01
2.555822163359441035e+01
4.480269723051123037e+03
3.117583930238392753e+01
4.254716857952393738e+00
6.718238475844347413e+00
1.013745143903183106e+02
5.836956107234107627e+00
7.828406192328941415e+00
3.205284496303737285e+01
1.779251905800126821e+00
6.391706542353890796e+01
7.092889161710314738e+01
2.093403847849631294e+00
2.896188398357289628e+01
3.785659205535409022e+00
3.478039398272861238e+00
1.208585852907114067e+00
1.032240226467932231e+00
1.776329715120398056e+00
3.057402246085744846e+00
1.043342856193734924e+01
3.715714091156709475e+00
1.193722836823389866e+00
2.424542107524883416e+00
3.903916270826977897e+00
1.069035775354755691e+00
4.741549332635435654e+00
1.196978757864573639e+00
3.662654235930927094e+00
5.850582901554403747e+00
3.313037885017790618e+00
1.502608550480668992e+00
1.406533888311434000e+00
2.996151794019462855e+00
2.042423662033490128e+00
5.199217810832037934e+00
1.515826101066191312e+00
3.671048536373613835e+00
2.576926859250153523e+00
8.935567173637515737e+00
2.538762872602022824e+00
1.663145258103241320e+00
4.289103032025121998e+00
2.505200113932918082e+00
1.484344733591720278e+01
3.055271687855548368e+00
3.919391796785492321e+00
1.109030339615892036e+00
1.034821913371500424e+00
2.307855144048832852e+00
6.749723427793378860e+00
9.266733230788604558e+00
1.979106758892256623e+00
1.263523628644844132e+00
3.017383458092791404e+00
1.873971246876005248e+00
1.373029696294858493e+00
1.795478492624271727e+00
1.500208596616775969e+00
1.316714644782916999e+00
1.598280808949086307e+00
2.100350781698872016e+00
3.718973065452346294e+00
1.698487379265268826e+00
1.628231723714033352e+00
2.407483895820403674e+00
4.695369545859305660e+00
5.159928012136173692e+00
2.117341356673960728e+00
5.535554567565447392e+00
4.714598090545118581e+00
2.364155780849398258e+00
1.198471819954244788e+00
1.808274701118710803e+00
5.466432235074556445e+00
6.101992517723900278e+00
1.208693508878695200e+00
1.988171663467831474e+00
1.774460507872347437e+00
1.182999237389693814e+00
6.590426168927820072e+00
1.630893975098750115e+00
4.793402648288756396e+00
4.848128110075810682e+00
1.432008223759915211e+00
1.138265689590379548e+00
2.312984888938591332e+00
1.455798093346092781e+00
2.067364962004518247e+00
2.579975991768606391e+01
1.590488716434964811e+00
1.412305996472663194e+00
1.199892169873921777e+00
2.689187176648082822e+00
3.479552324817260178e+00
1.567233170215579952e+00
1.785627121980022602e+00
1.073563664230800407e+00
2.083246044215905535e+00
2.233330764636754395e+00
1.295120835024704764e+00
1.875556190189633821e+00
1.125632488827959410e+00
1.564447020264598809e+00
1.118214643780576889e+00
1.347644677569903804e+00
1.259089383599955259e+00
2.609204575685022398e+00
1.320525352264349417e+00
1.183302269926915784e+00
5.205942295976094591e+00
1.636593698595470103e+00
2.406237077877325881e+00
2.427416246790711885e+00
2.203751881000022728e+00
1.492240825428020612e+00
3.218301726233892435e+00
2.192137018616121757e+00
2.174467899686940697e+01
2.327849980443053912e+00
2.870382163709624734e+00
2.041146319909102225e+00
1.874636980590214108e+00
1.090962504727429838e+00
6.364374484198261683e+00
2.335373959745818961e+00
1.407122897608346968e+00
1.760217411676506361e+00
4.176290756769154733e+00
3.469591877288770831e+00
1.672255800350945565e+00
2.626402421140501708e+00
1.037052045526621891e+00
1.619700899922275283e+00
2.169193718125151715e+00
1.731412148068401269e+00
1.428787903962781325e+00
1.958280273494896528e+00
1.714050537649970396e+00
1.879986007506783574e+00
4.761594126725501752e+00
3.628212810410380573e+00
1.039082455300127661e+00
1.278216098084972385e+00
1.308286413347875987e+00
1.231347205365298292e+00
7.513682608573119204e+00
1.755999232098291341e+00
1.538743161363542056e+00
3.139678045512323212e+00
3.163790167568098166e+00
2.984754625463643674e+00
3.741547535253998635e+00
2.567817365444049038e+00
4.302100122100122270e+00
1.068610433382291669e+00
2.763881993810273219e+00
1.134452257543670850e+00
1.056924450195599219e+00
6.987244043786220438e+00
1.222320046325293452e+00
1.234981987961156102e+00
2.846264582806606658e+00
1.282573666777319321e+00
1.309798144723897551e+00
1.616625654387107591e+00
1.456533235447826202e+00
2.418872289033445533e+00
1.599967502207397141e+00
2.753444622393402597e+00
1.136420128113663663e+00
1.035509930903160791e+00
4.331546781006015756e+00
1.693699395473691194e+00
1.028862823087641765e+00
1.272073912080077918e+00
1.189236227752769715e+00
1.665695517498530176e+00
1.270012171751178309e+00
1.492316117091700534e+00
2.878962545308095144e+00
1.677074196609473988e+00
1.708265661811435576e+00
2.973036917994732242e+00
2.008841374593081319e+00
2.375909349180770569e+00
1.249980974579864457e+00
5.166777804239104377e+00
2.212354011656032071e+00
2.806280316445949996e+00
1.288828470503156964e+00
1.615837084127162981e+00
2.862799088492214317e+00
1.441178089733003098e+00
1.057418814773027016e+00
1.711504245684748460e+00
4.323805936837406882e+00
1.227264153547472869e+00
1.238548954696562898e+00
1.509428323008368711e+00
1.593935084905504285e+00
1.231241541575098353e+01
1.481862804441852033e+00
2.396742896742896534e+00
1.425808303346957961e+00
1.252063256948679992e+01
1.738154563889146687e+00
1.438231371028010797e+00
1.971269758241493975e+00
6.855004091234530250e+00
1.412528780572570586e+00
2.067792529821731673e+00
1.151459592415702726e+00
1.786380726918256556e+00
1.552612095457357677e+00
1.212536585029129865e+00
1.358589489467900480e+00
1.074193661713183312e+00
1.363814439880104645e+00
1.138653794445653622e+00
1.044234335572918226e+00
2.713853543820885506e+00
2.025898584576767636e+00
2.294180461483476652e+00
1.154281132528391263e+00
1.997163108579413260e+00
1.184386491145900777e+00
1.678597917970784170e+00
1.809494575644733150e+00
1.844748652683708556e+01
2.432405539251650595e+00
1.055896434899822767e+00
1.129828317101444268e+00
1.540575165488190068e+00
1.066831097557567887e+00
1.374397620475904747e+00
1.120669138462309311e+00
2.289945550963942811e+00
2.392382781720816975e+00
1.763858379635611762e+00
3.484985963838590717e+00
1.325309251985122172e+00
6.672656200644387248e+00
1.304964619474983989e+00
1.847713742786422086e+00
5.065321018918516494e+00
1.043416044832029765e+00
2.792986377851940372e+00
1.635767192010980198e+00
1.049629552579570246e+00
1.097699948368696665e+00
1.480359884233043877e+00
2.069605323646667827e+00
1.705547003470665013e+00
3.165756420384936654e+00
2.001363612726281715e+00
1.836053397503545792e+00
1.430875817276623163e+00
1.188786576631880587e+00
4.644953588197920702e+00
1.220772737633918359e+00
1.812643462144139406e+00
1.377665551261313626e+00
1.741042784022726719e+00
1.229156473236128866e+00
1.722668399645644666e+00
2.034044351121581329e+00
2.425602544279401585e+00
3.185652930515774361e+00
1.120273379876368880e+00
1.517487479378669679e+00
1.591230524148113501e+00
2.598871492295935504e+00
1.857304343320161255e+00
1.158961981385076445e+00
3.392809502990614234e+00
1.822470768039601063e+00
1.543505558532011879e+00
1.050779414068619744e+00
1.420648057451455948e+00
2.420477797322037716e+00
1.447898174417511452e+00
2.565759362964892265e+00
1.917813212149787505e+00
1.004464817821755007e+00
2.589926323001408459e+00
2.272111615205039126e+00
1.477537060045991169e+00
1.003793807998205390e+00
2.774074534431087535e+00
2.495114890026163046e+00
1.408459377071643104e+01
3.745159492570867332e+00
4.400084876313991700e+00
1.503825318183166670e+00
1.314358020245668834e+00
2.180647493309284535e+00
3.900922610039034844e+00
3.879877794164994675e+00
7.418037614209730179e+00
2.326327854353423152e+00
6.243835007951102689e+00
4.768798709501875344e+00
2.735837080634404117e+00
2.347839963353252291e+00
1.263403855555662147e+00
4.895227532541182036e+00
1.503177674765890037e+00
5.910640471688704878e+00
1.271368611984055041e+00
3.982664114240871189e+00
2.357059146105497938e+00
3.657513346469056348e+00
6.219445790882775604e+00
1.758053878880234899e+00
1.641764415804608745e+00
1.877392917175449982e+00
1.020784392154287401e+00
2.045422923807060922e+00
1.245016074484535773e+00
3.954011435506964656e+00
3.303864223796528332e+00
1.170376948801080896e+00
3.746407742333402791e+00
2.038286296668215591e+00
1.256726525673870665e+00
1.614271030536953200e+00
1.105730530991210436e+01
1.467831885092417021e+00
2.859239503564827256e+00
2.412484749451346833e+00
2.780652758960576953e+00
2.966395045001451791e+00
5.988258453280670857e+00
1.390020645679937106e+00
1.886080078431231266e+00
2.001490008246444319e+01
2.272561911474116680e+00
2.050063901652314335e+00
3.359573940722187402e+00
2.363921497501454194e+00
2.550916623161025854e+00
2.909793427262850063e+00
1.143371327063555709e+00
2.764338501120454872e+00
4.545961074639185640e+00
1.836523941926232473e+00
6.117256318244634450e+00
7.551334176961663758e+00
9.484032513176821055e+00
9.109954310194250837e+00
7.428243244910802900e+00
1.041791212674346490e+00
3.072735823334769023e+00
1.525349066019741739e+00
2.876660525835633475e+00
1.197309485826481712e+01
4.484971369816873477e+01
3.804771482342383937e+00
5.482549940069056049e+00
2.556717407781707863e+00
3.679545454545454675e+00
8.468995284899950349e+00
3.053484636422382881e+00
2.165310150733099626e+00
1.383008378136516470e+01
1.296052925531000710e+00
1.037475240319855274e+00
1.166782540402918622e+00
3.744697713671934824e+00
1.138960526089867864e+00
3.579934719823735900e+00
2.264553193425441258e+00
5.767163393270259064e+00
1.443270427578621673e+00
9.606787623600734349e+00
4.232518997080615186e+00
5.630197261686352483e+00
1.214409677666895115e+00
2.502159178712772825e+00
2.802106922950691192e+00
1.833344354560216383e+00
1.280620093819594629e+01
2.225317608386638213e+01
2.759895038061589645e+00
4.945449526157755571e+00
1.535090723055759998e+00
1.159001417933126943e+00
7.009670515818934966e+00
3.855546580301009829e+00
1.628959221748401021e+01
4.693502696116057749e+00
4.075533650315048995e+00
1.305893198184791970e+02
2.993893398453804089e+00
1.564387155039606903e+00
1.814115113366423504e+00
1.244706158807252772e+00
1.177949675356756210e+00
6.136526584629672598e+00
5.032652313438569003e+00
9.347786733178610348e+02
2.376460760784563586e+00
1.520651802281772769e+00
2.453358875464287880e+00
8.057177936350219838e+00
1.429049867844827570e+00
1.689023407537784793e+00
4.990436720910322776e+01
1.604746384123867609e+00
1.045969681417139086e+00
1.852531253759363850e+01
1.060840536637434894e+01
5.199868971094866232e+00
1.230946384292687554e+02
2.245792860634259203e+00
1.076567380157840326e+01
1.088502069718427334e+00
1.484566628571709401e+00
1.642605520109222539e+01
1.490920534521760432e+00
1.869465250116545185e+00
6.754230194319880809e+01
2.240498741350118195e+01
6.889870103931121648e+00
7.150971820063887208e+00
1.029684935135872159e+01
1.723706777425952019e+00
6.855015326401832532e+00
1.411164847383552612e+01
1.287138320994362539e+00
1.050087787308047993e+01
1.794361625284559114e+00
4.012783811475409834e+01
2.064760801910689558e+00
1.196326040744294605e+00
1.060959927497183264e+00
1.400783785017678307e+00
8.717121951045482930e+00
8.509451189177905661e+00
1.697574360334311550e+01
1.970705122338457072e+00
1.120174183646169297e+01
1.382747454066960202e+00
1.644599318788849018e+01
3.291728893601341355e+00
8.418435184440710373e+00
5.163114093729644694e+00
1.801593287733117332e+00
2.876088090323433821e+00
1.105557079937654397e+00
3.213881101698615517e+00
3.489115940704957666e+03
1.289803556419475417e+00
3.007968622906066702e+00
4.700831400882241695e+01
1.138183164048987672e+00
3.212067232412376683e+00
4.974189317408048261e+00
8.084437825436449430e+02
2.505518672937135261e+00
4.878330216482429371e+00
7.557986300170200344e+00
4.379307597635217064e+01
3.179212466083199615e+02
1.944089451450075057e+00
5.069772226567092588e+00
4.569113500171859243e+00
8.274290182022630447e+00
5.920562745326648724e+00
4.647179517563293061e+00
3.053454930622405694e+00
7.348691077903527002e+01
1.517407215092846817e+00
6.871131055230411455e+00
1.301910571502164871e+01
8.701694319388680015e+02
1.347050330940933627e+00
5.972196172203479314e+00
1.301113738545588427e+00
4.477648292534262886e+00
7.464195933030995320e+02
1.835453595568993990e+01
3.346003343721672252e+01
3.349018152398082293e+02
2.069679208898263312e+01
2.815017477353994657e+00
2.200118174079421784e+00
4.841270879672030958e+00
3.526285166113942715e+00
3.275517978916203443e+00
1.679856620093991060e+00
1.734891826255547542e+01
2.105621380359798067e+00
1.400916953530574327e+00
3.148846380426740144e+00
1.489051741348796698e+00
3.928921496210722175e+00
1.619164732939899265e+00
1.501172856427299918e+00
1.185532373473640888e+01
5.425470066278530901e+00
5.072453263365037657e+00
9.215043656708244768e+00
1.325514675463479453e+00
6.025756323285959226e+00
1.252911758393501440e+00
6.257408278044900740e+00
4.804797837297441987e+01
4.053819160902759222e+02
2.092895370618142792e+01
8.525530004679836793e+01
3.145806822449195650e+01
2.291923740735906101e+00
2.784430342744391051e+00
2.470881458100279815e+00
1.845449139320909815e+00
1.137432683455406046e+00
1.792588232386661096e+00
1.176491096222982335e+01
4.588973342182585569e+00
6.251319933112070792e+00
1.918587252979428825e+01
6.029218461586340005e+00
3.174853347971627660e+00
1.305612528788117066e+00
1.048337518569015714e+02
1.736287859748528284e+00
3.515354349454545169e+00
1.892485379510742050e+01
6.673496204104302443e+00
1.025883610169753624e+01
4.013764152210962166e+00
4.080652208244242907e+00
1.502323047256601818e+00
1.493856454971925540e+00
7.832814436591073459e+00
7.072149963830597130e+00
8.943080999586738855e+00
9.145681846442269602e+01
1.157030817111756704e+00
1.926932793218632867e+00
1.653285383589164992e+00
1.664295946116348546e+02
3.215857699192864771e+01
2.191239074269800469e+00
7.432620325502703018e+00
3.558383287005767226e+00
6.808824138458233755e+00
4.071859334773876071e+00
2.682734184378457698e+01
1.799553608588647364e+02
2.565920658161221013e+02
2.226827537328396645e+01
1.124145853883394386e+00
6.696453390194986532e+00
2.511380434370617643e+00
3.284315132738331755e+01
1.778206631940223019e+02
1.131496440854194985e+00
1.531285362102803083e+00
1.023035079060147901e+00
1.082597851572418612e+00
3.843372495613608386e+00
2.306139319228590612e+00
1.612182214333499619e+00
1.526855662593556984e+00
4.464351210566361416e+00
1.106478443870149819e+00
1.955565834305109441e+00
3.556134354828286881e+00
4.893136149682810014e+02
6.727658463066673811e+00
6.929544712723443922e+01
2.705071611091674413e+02
1.107154081873183094e+00
2.517081383974072821e+02
4.865844995311060295e+00
4.065058454947392264e+00
1.017462822543589027e+03
3.964466471857751362e+00
7.956562580515874394e+00
1.709203877326131993e+00
3.895981800581979115e+01
1.697487594284561974e+00
3.112936629526462440e+00
6.501320502865805651e+00
1.580516988121196453e+00
1.768093343276784246e+00
2.568128001344796463e+00
6.385475309634871977e+00
3.848327481958260243e+00
7.570205079809634086e+00
4.846093047383138064e+00
1.268232968802742722e+00
2.896744966322600234e+01
1.483331352860792540e+00
4.496498550933845983e+00
3.840584320209488922e+00
5.468896156551080523e+00
2.345235859897583541e+00
8.011779510617328981e+01
8.589425162638129052e+00
3.648406278660672797e+01
1.365448251770459587e+00
1.694809159547483013e+00
2.985924605532448872e+00
1.579484076231145728e+00
1.560765497925812317e+00
1.263921430741467899e+00
3.556694670239014311e+00
1.480574836056095966e+00
2.202994227774804248e+00
2.907696809472996247e+00
2.757576500705231481e+01
6.893022009796677452e+00
2.355604127397001424e+00
1.437754715982490605e+00
2.966832322251880427e+00
2.800937412266795157e+00
1.745136914989834764e+01
3.730915316332694243e+00
4.900649852396330886e+00
1.394326161678176357e+00
7.561131327873445684e+01
7.404617123135517431e+01
1.570405534945398474e+00
3.190898196356458882e+00
3.031659674711954633e+00
1.756915931959777799e+00
1.347371529828706338e+00
1.856705279642114181e+00
9.405305810328773930e+01
1.101658198598296501e+00
2.959852258575795148e+00
2.391734859045310468e+00
1.769830155957569762e+00
2.147754344747329291e+00
2.632117357261265944e+00
1.197013407023883591e+00
1.531077556300794784e+00
3.391755163202814671e+00
2.113491860049687432e+02
2.355657978467142755e+00
2.509859439030087014e+00
3.403667757736258181e+02
4.987973341187110776e+00
1.436727799786141402e+00
6.449151038697116256e+00
1.604797495847706701e+00
1.122884464970072145e+02
1.232980232824418376e+00
1.510551848694885679e+00
2.407666424421084344e+02
1.107149950919291692e+00
3.497374679788934237e+00
2.040356387705696495e+00
1.098195793185785973e+00
5.639700973307583354e+00
1.030794886360792617e+01
3.065597593714243896e+00
1.371980268982672113e+00
2.269760262105031234e+00
2.378758379531160649e+00
2.189545702142392969e+01
4.535520930772239012e+01
4.342988681390464123e+00
1.113852987279761786e+00
1.538299739387082310e+00
5.472191401218839069e+00
1.840175018883337454e+00
2.201237116595296683e+01
1.224056171484700029e+00
1.656902540792283940e+00
1.912489545547002123e+00
1.012722309702630696e+03
1.582336582048150309e+00
3.655558945248298386e+00
1.031660368819451667e+00
4.257763852818116312e+00
1.589509001741811971e+03
3.396488755268255666e+00
3.648054036103204112e+00
5.842633683119167642e+00
4.250067496725936422e+00
1.321683434877286567e+00
1.477748921183034136e+00
3.958595359001367608e+00
1.509554844430553544e+02
4.332910125369415333e+00
9.115026465080019236e+00
1.000669258235646675e+00
2.640723489587201378e+00
1.422079542748273306e+00
7.017684660760028947e+00
4.358202606820906766e+00
5.267214167806363534e+00
5.716938468207231061e+00
1.024076329901306082e+02
1.585457588434144194e+00
2.389074614960528198e+00
3.203609139766424363e+01
2.849831698611631214e+00
1.500485313138069765e+00
2.137420090566538811e+00
1.978482188387848728e+00
1.562021117096620060e+00
1.820223942458126132e+00
2.521415283108168204e+00
1.231771384303909533e+00
1.561254145651669090e+00
5.101680592293100780e+00
3.985959737839984030e+00
4.045620615025039335e+00
1.630356965645253897e+00
2.462852949552036108e+01
5.477382934883852528e+00
2.064916169171127969e+00
3.029276123759486072e+00
2.370922378474144665e+00
7.461023257020222843e+00
1.681059939326845720e+00
1.235879228929084528e+00
1.333620679143412646e+00
1.928111214968114551e+00
1.140489045971309290e+00
1.978063475206274013e+00
1.791143859477264400e+01
1.239184668268512146e+00
1.458070735848513655e+00
1.541107126389038351e+00
1.347119267701696188e+01
2.947757965172805861e+00
1.164541906550343064e+00
3.794260058898986543e+00
2.266614382607457845e+00
1.872375392535890626e+01
1.219995946165072098e+01
1.424711020337215306e+00
1.808904737025834653e+00
1.811239958085923973e+01
2.373445041339656569e+01
2.737136427689287110e+00
2.091783992795093639e+00
1.205062065778570890e+01
8.277328448315589782e+00
1.841402891791574570e+00
1.143545083956129282e+01
1.452481708937789495e+00
1.361638629204025230e+00
1.788210248939448466e+00
1.407337284916844178e+00
1.363588885967521147e+00
5.889207032240647344e+00
4.570137403918395513e+00
3.575972968391884610e+00
5.402302398303424980e+01
1.138597941462629493e+00
2.418275608998786019e+00
2.820010885921941490e+00
1.364416216219416000e+00
1.757996232963314975e+00
5.291229210868523936e+00
1.213443349188272125e+00
4.906244093350085045e+00
1.752467545122545989e+00
3.236635839770199308e+00
4.546693638973249740e+00
1.637795702592087466e+01
1.220447374807863472e+00
1.883863264657110959e+00
9.560877165043832449e+00
2.365028135896320993e+00
1.588299213728485171e+01
2.956435116130406993e+00
1.638310732510622714e+01
5.497004414249945015e+00
4.355396648580018848e+00
1.108971485617194652e+01
2.265312356414750816e+00
1.147054115969293342e+01
1.282119508588692502e+00
8.726266560879047063e+00
1.034202480878388730e+00
1.918447350759301617e+00
1.812483168102084985e+00
1.207882762419471945e+01
1.700083658672615794e+00
1.047920885054435480e+01
4.921482929821534569e+00
4.230628300777981465e+00
2.230867999452973649e+00
4.493520578731397208e+00
1.728146197414535568e+00
1.344306099391763265e+00
7.794200984511946650e+00
1.000170737831342649e+01
1.574104480559230623e+01
2.571211502618265587e+00
1.459892640472636005e+00
8.727615450486805315e+00
1.198087577982160701e+00
2.090798581316858140e+00
1.270354442053489130e+00
2.736725261886762794e+00
1.167134992892559175e+00
7.136755388574478332e+00
3.844527853799576178e+00
2.728481528921152588e+00
6.614505424162792302e+00
1.646155115471507724e+00
1.868043356878871908e+00
9.038363326848248391e+00
3.889915217440983675e+00
1.719214691404771012e+00
2.162150710576719259e+00
6.657885107939992331e+00
4.301547479914579419e+00
1.995339537029916066e+00
5.461355151143496123e+00
4.769838387506809774e+00
6.845907248280695967e+00
1.144509283357345275e+01
6.572939457428467414e+00
1.079309430951839621e+00
2.146549719882703045e+00
1.340655471289274203e+00
9.216424944645508432e+00
9.793385200592988227e+00
3.568215889945518526e+00
2.317494950178859625e+01
1.156368829017789679e+01
1.309885203172694856e+00
6.336249440115568454e+00
4.274928533769305261e+00
1.153584150138725661e+01
6.465507472773849962e+00
2.408241810222493395e+00
6.232365814824150085e+00
1.574261003014008509e+00
1.092648416707403092e+00
1.946603829215890480e+00
1.455998841488484707e+01
1.239304210858993560e+00
1.504426886633711469e+01
1.870579035943012336e+00
3.059760629104735585e+01
8.267263095625818181e+00
7.640123652723533887e+00
2.424385270933661296e+00
2.945994907085884851e+00
8.314796644601374354e+00
3.109553002510136999e+00
1.531551579282000031e+00
3.332089179108209009e+00
1.776503855379294672e+00
5.618883106850052656e+00
7.524078008498356063e+00
9.378840744901557613e+00
1.277351352136404605e+00
2.674993405433922611e+00
1.516430107453533793e+00
5.472947753970528240e+00
1.027629009157588591e+01
1.806601144198327802e+01
1.453989932951629926e+00
9.040136021751658646e+00
4.231792117001926812e+00
4.707693397117139966e+00
5.630924207340419763e+00
2.557522890373669711e+01
6.498447101731457565e+00
2.538300656949291678e+01
1.765402151563012279e+00
1.035239770864050612e+00
2.984888006804649940e+00
2.023631638590971615e+00
1.588593294603595441e+00
1.228289589185393282e+01
1.648049209930021775e+01
1.286593696853831181e+00
1.368648496624385258e+00
1.054902570540617868e+00
2.233211509139412243e+00
1.891449883799385390e+01
6.233487810112797511e+00
4.329657372728533460e+00
1.796956271293145724e+00
2.619756725815684195e+00
1.018409217291201152e+00
2.229694468726292289e+00
1.543457949482768043e+01
1.006951476430637449e+01
1.045605577327330282e+00
1.118075995014981672e+00
3.526078756204971132e+00
2.191589761168927897e+00
1.163528839824382288e+01
1.514017897732188311e+00
4.523554866757909743e+00
5.342206117363617501e+00
1.089143896452200888e+00
3.325101194830529128e+00
1.470797269262314799e+01
1.879153467781603482e+01
5.580243369556463939e+00
1.170709018311004046e+00
6.660170210398965729e+00
3.293591862080579080e+00
8.089293295043075815e+00
1.235630996309963203e+00
1.194013499611815687e+00
3.996392467370248447e+00
9.260449410609037812e+00
5.083164048781495303e+00
3.402474613058443342e+00
2.821323844390763114e+00
4.451451701564139718e+00
8.609302113794813138e+00
4.905543742087113301e+00
1.131941909975669169e+01
2.369758342149898223e+00
5.164454212104200970e+00
9.103360201826818709e+00
1.017283390621723349e+01
4.546213282412862355e+01
1.674504868647685640e+01
7.397167052997576775e+01
1.245856354780781317e+01
8.879694263541706434e+00
6.766509313871091535e+01
4.756640787351831534e+01
1.029811327580904878e+00
3.371587154638650219e+01
4.384079541717865958e+00
1.657482352941176629e+01
2.878437239392484344e+02
7.763074557718537960e+01
1.063698225123727212e+02
6.348964312356745410e+00
4.136758857663203770e+01
9.137634172440476377e+00
2.403148777191108465e+01
1.411744908056851422e+01
3.239841891783198946e+01
7.862215207675720308e+01
2.928084350763131027e+01
6.055520469200661005e+00
4.385811417959623526e+01
6.058515604161109458e+00
2.023222988733932084e+02
1.330917360628626739e+03
1.135989908116934828e+02
1.323194306086299177e+00
2.757275063526953574e+01
4.378031425704944013e+02
1.783467956825932177e+00
6.530720434165363741e+00
5.864898297214165446e+00
9.869315536880264972e+00
5.961373564906534916e+00
1.731240593481141943e+01
1.148230330108279462e+00
9.146819838802356628e+01
1.123714974257859645e+01
1.210818823116803333e+00
1.446666082495194683e+00
9.724456529435924423e+00
3.051020064396274734e+01
2.240931909150008750e+01
7.299787916152897083e+01
1.271085395006956986e+01
4.653995388950558976e+00
6.876996826913234884e+01
1.203402400282740592e+00
5.057426872521035399e+00
4.582110298578297147e+01
9.099154384771847504e+01
5.157543021498562439e+02
3.034469360027969032e+01
2.372672474926552511e+01
1.322618106421734012e+02
8.738942218685867402e+00
1.402137098714098151e+01
8.102302602642346585e+00
1.014168862902522079e+02
1.482144217617971371e+01
4.129345697207573274e+00
1.291752086559962986e+00
3.086504085238783279e+00
2.108645886846258755e+00
1.220061784331861521e+00
4.969531111999883066e+00
1.385412188938727240e+01
1.168511469882907994e+00
3.529793498658532425e+00
1.137242400180640516e+02
4.043461663058824485e+00
1.578114275456436566e+01
2.848561834785086688e+01
3.065888357631046119e+02
2.548777768126123000e+00
3.602080321514849359e+00
1.389045579387979013e+00
3.324448189308768065e+01
4.132916853480105956e+00
4.406438664959401308e+01
3.239277111444431867e+00
1.065313789970610214e+00
1.649291565925459002e+00
4.534696971208026071e+02
7.570502695066260834e+00
2.033467162005559103e+00
4.226896647856145250e+02
1.098401262277390211e+00
1.107513053200247555e+02
2.937001701460498104e+00
4.334246805431735083e+01
2.404499105647949886e+00
2.726769601808914256e+00
2.263120204252900614e+00
5.045496530047454797e+01
1.052575421864960248e+01
2.709765005849224906e+01
7.103044311980929670e+00
5.185339497334631176e+00
3.594030271261957523e+02
5.586790915381389055e+00
3.747189740911331057e+00
1.203134654982240193e+01
1.157361418521462504e+01
4.730962779949896913e+01
5.505729948030151810e+00
1.846273353535453765e+01
1.270550952865585259e+01
3.141687586784003283e+00
1.055587224504797250e+00
1.873306191689672717e+00
3.376059053729488255e+02
1.312464520182394345e+00
4.182801135368317880e+00
1.973233829846100207e+01
1.740391882424937586e+00
1.421903041967655668e+02
1.959620868011660733e+01
1.768605606606844738e+00
1.370673343188701310e+01
1.537455470108426780e+01
1.121470102754453890e+01
4.447165910666293520e+00
1.282997053366801197e+02
3.562659489543596436e+01
2.623880804357901830e+00
1.330423495934774891e+01
1.081174087483441237e+00
3.945764540857441993e+00
1.017211951012239046e+00
3.898092272494253496e+00
4.713455258227505773e+00
1.522224997069989927e+00
1.071941191189813303e+01
9.925036581933845525e+00
5.761369958672966085e+00
6.198921506619267063e+01
2.035256282172047406e+02
1.312340140596372828e+00
3.879645809461450057e+01
2.044699662935975049e+00
2.327317080815566186e+01
7.910207670630995835e+01
4.658807318435998823e+00
5.990391719902979695e+00
1.875267239572416589e+00
6.552755298651251792e+01
1.899734882435228300e+01
3.270372384816829481e+02
6.417655686485279887e+01
5.403806485333490173e+01
1.133286590084395584e+01
2.591258034819875711e+00
5.843314168726760727e+01
2.676920462699037273e+00
1.716000616777489940e+00
6.826185318053926920e+00
1.324815936714412423e+01
1.000812981572996918e+00
8.468143648178159566e+00
1.347928163381092670e+00
4.108057415013177227e+00
1.600753105299558277e+00
1.016929997213908905e+02
4.869076102971899189e+00
1.823388281412818834e+00
1.600434707503736433e+02
2.903579251915143988e+00
1.592669145315802837e+02
1.001705170863226726e+03
8.660349220157833372e+00
1.890510556228522532e+01
2.046075533724728146e+01
4.930064955766318917e+02
1.232736703851662563e+00
1.983554284355299346e+00
1.033043253527574423e+00
1.550697427222941904e+00
2.620293755196579255e+01
4.966214274243690596e+01
3.863660354447499223e+00
1.806356859742796805e+00
1.616190806446655914e+00
1.565100334073227089e+02
2.633466405781089179e+02
2.175929530511306709e+01
2.677428982468118335e+01
3.131474933571082975e+00
7.623116381752842230e+00
9.175418450344615167e+02
2.265032123000274122e+00
5.915687422625953218e+01
5.401175785911966898e+00
5.087728062589806655e+01
3.950461240815318575e+00
5.021362469619698565e+00
2.736189441945392709e+00
8.458268936894384638e+00
9.122656670727781858e+00
2.426411258166859000e+02
2.791626337349817177e+01
2.423417274602500004e+00
6.350620550440928582e+02
8.893657313540818166e+01
6.150376583419957299e+00
3.867511444344967941e+01
1.415839488055428497e+01
2.113548221815435824e+01
3.585281111265260989e+01
1.234064417323287621e+01
4.627603468790532304e+00
4.154419039161068028e+00
8.814383327882140406e+00
1.127101705689370403e+00
1.243217308029131907e+01
1.110608048218666077e+01
2.420402661860236559e+00
5.121891782899591306e+01
1.295594489415545780e+01
2.835175327627299957e+00
1.936395101907549332e+01
1.663296824316582878e+00
1.525375979906280932e+00
1.718700730866606685e+00
1.346984480838358422e+02
4.334164978648200872e+01
1.273151268637332745e+00
2.043037761829966428e+02
5.788915132411325430e+02
1.777794642724419916e+01
2.197776476743316998e+00
5.373891382038244124e+00
3.327507950607845988e+00
4.008906632618308485e+00
1.174465810450496761e+01
9.504978618036521709e+01
6.862537051074786731e+00
6.296535999374603421e+01
1.415683857548504454e+00
6.052031968197440648e+01
1.040497060172636736e+02
5.216731753601686172e+00
1.840971967575074331e+01
2.642402765308619195e+01
5.447155421341503967e+01
6.730044101478176799e+01
1.151702461872393890e+01
7.202686351445154287e+02
2.232381666159215072e+00
7.435167439674724221e+01
3.295646233939310576e+01
9.911110677185034135e+00
7.203777941348327829e+01
1.415374626702686811e+01
1.500614391228811506e+01
2.148757392005689439e+02
1.811176161894453784e+01
6.568670992549867549e+01
1.344918206382596182e+01
5.980505445537345111e+01
6.488013447929940014e+01
8.294059988012422835e+00
1.778653942319037640e+01
1.544176420655873017e+01
3.419883275132408329e+01
4.520129589066250730e+01
8.894984555046669072e+00
3.442645678512688789e+01
4.384963192901918205e+01
4.738593007377594368e+00
7.005791325174955730e+00
1.507232702043877737e+02
4.558504870565104738e+01
2.245446983876570073e+02
1.017191793569511837e+01
1.476658712402612252e+02
4.047019573115053248e+01
2.611206323153237463e+01
5.562100314626472652e+01
2.307166579699823927e+01
1.471365257323182263e+01
3.029209073663575946e+00
3.560529147491352298e+00
4.665020592139491384e+01
1.724996078397197508e+01
3.853743208464398151e+01
9.704700872034069903e+01
8.018083536784359922e+01
2.734034710574542970e+01
2.599490308736420729e+01
1.518154938146420641e+01
1.353824040034805698e+01
3.192744513143196627e+00
7.653896193333912912e+00
2.689320578445358123e+01
2.199621653405854431e+02
2.413060061558730354e+02
5.106323979309227923e+01
6.774902043960214826e+01
4.019315005923339612e+01
5.165013328071819387e+01
4.388981336074389219e+02
7.445627343595816683e+01
2.023369619035493372e+01
1.954187627607400657e+01
2.501006607929515368e+01
1.473306405825107390e+01
1.357156533081240291e+01
5.394742197489509294e+01
1.240959340900629115e+01
4.811057211147873147e+01
8.762678206338874531e+01
2.005358733012092216e+02
3.076545353870935173e+01
1.191181903138914855e+01
2.561290550826561230e+02
3.272489831761878065e+01
4.061807575532389336e+01
1.016654084769957223e+02
4.437451763716420317e+01
6.077811684400722925e+01
2.209065427999636100e+01
1.108034838844268251e+02
1.050840803990410244e+01
3.049803762834832810e+01
3.543739692504122729e+01
3.997976356384256746e+01
3.507683082747752934e+01
3.383785309458757951e+01
4.066242999199908326e+01
3.231330620573197621e+01
1.762691106645388928e+01
3.645912718703452526e+01
3.056280179799283303e+01
6.847586618468453068e+00
5.187538346356454610e+00
9.228003693036971100e+00
2.897560419492351436e+00
2.017479856698293883e+00
7.425119848444379222e+00
2.714137733798547103e+01
1.334989936168565627e+01
3.478941623310059406e+00
1.048119614270932054e+01
5.478453330630800089e+00
5.189290269556547486e+00
3.002698574338085535e+01
8.866993686210236092e+00
3.925653839817165647e+00
1.359812088192474455e+01
1.327053503974232029e+01
1.154040907192477583e+01
4.523665544084859214e+00
9.777741759290918822e+00
2.446547122668745633e+00
6.775849177526169775e+00
8.525321289451891715e+00
2.173470757450288282e+00
7.261840045470854932e+00
3.588774548121167385e+01
1.050932560183083986e+01
2.411813147402069202e+00
1.245704822856189864e+01
1.090687151796039878e+01
1.567771342534088008e+00
5.685013702758062060e+00
1.578864896280400609e+00
1.327231371672556826e+01
7.209512388006756645e+00
4.250916557552672614e+00
3.517313479501309459e+00
1.686679389147246511e+01
3.860689219800215177e+00
7.286859535568946278e+00
9.690604692693089106e+00
5.893853778687070388e+00
4.828361858190708844e+00
2.959943400108329126e+00
8.251047521537744345e+00
2.596247534320928807e+00
5.838869738751814253e+00
1.319704464708946867e+00
3.048482254344400566e+00
2.514075603032699391e+00
2.747868419605038692e+00
9.923166806114837257e+00
1.013207574402526623e+00
3.069237633084667323e+02
1.805584976173379630e+01
1.398059119459411193e+01
2.509650778151417239e+00
1.489126557788130079e+00
3.728663700707785438e+02
9.126307939162467520e+00
2.421973628002814394e+01
6.935038830215049188e+01
6.294583786250117718e+00
1.393976315092938023e+01
2.311636808950359612e+00
3.933869284030762525e+00
2.027595775200253669e+01
8.419477298004695243e+00
1.121086152327734276e+01
1.721039656952875196e+00
1.078378548442191232e+01
1.845356338653210670e+01
1.151488099263727882e+01
7.759137747614129665e+00
3.421999337029777877e+00
1.240575055824572814e+01
1.340800620813709365e+01
4.482535106438104044e+00
6.099160992969145489e+00
3.571972417229705155e+00
1.462043037890295771e+00
5.617319883294171312e+00
1.630536619328383008e+00
1.688664242502832202e+00
3.244074778870211873e+01
5.580855469332935748e+00
6.633753407437747995e+00
5.708528563159829261e+00
1.654838943039902688e+01
1.452766394138955253e+00
1.949578854023350871e+01
1.476319158996234782e+00
2.776724726861109271e+00
3.008915185854755592e+00
1.209981742168915986e+01
1.926740320752883262e+00
3.024914049574694452e+00
7.604448952632572478e+00
3.401244148942084156e+00
8.623132063071242470e+00
4.755066335335946803e+00
5.399454692521497456e+00
1.298240048278118053e+01
1.427795572172477279e+01
5.891548503291211603e+00
1.696579393916152867e+00
7.323219943575353774e+00
1.303476980129663509e+00
8.905975569198133712e+00
1.234877046950655632e+01
6.891368997614167213e+00
2.772103550714386966e+00
6.580928407198921803e+00
2.254893874563675382e+01
2.146338071577301498e+00
3.038097002773753719e+00
1.775550854199692274e+00
6.075610236220472693e+00
1.329873208488399738e+00
1.648480907414546781e+00
7.411014966027343576e+01
1.291954541755143993e+01
8.610846524502246524e+00
1.894125600552807853e+01
1.214854336887945507e+01
1.225983470713943113e+01
1.935476721701621372e+01
4.957200020697149156e+00
3.435166017132273453e+01
2.153298573821899708e+01
1.999135325973132282e+01
9.585178662757384416e+01
1.642417374156454457e+02
5.506691530869864692e+01
3.148187646926257521e+00
2.742581371118983213e+01
2.154139157196477328e+01
6.584338877414211311e+00
1.922810183514256366e+01
2.586766416001240287e+01
3.876832182191525078e+01
3.701470196367810672e+01
9.250930166948290889e+01
1.407105869795940434e+00
4.283334742404227313e+01
4.088694281508820438e+01
2.189537436777133195e+00
2.029460490932481065e+01
2.249685017404698506e+00
3.479509951513255572e+01
1.702989259350627194e+01
1.406692521877486115e+02
2.341053276580844766e+01
2.095009293040545018e+01
3.693255636666050634e+01
3.928308104786907506e+01
2.903195297731569013e+01
1.024244161997518177e+01
1.183452275741230242e+00
1.862036824801048596e+00
2.656418420081210741e+01
3.284093761204732687e+01
9.702072363739860350e+01
1.971381370026293567e+01
2.686202571185927823e+01
2.833513625962138605e+01
3.742402771927713445e+01
1.009969013806922078e+02
6.999740951920367138e+01
3.211627675872635024e+01
3.936207391583976545e+01
1.754994828996103706e+01
6.624931526671007376e+00
4.815939824580881634e+01
1.170495700647977477e+00
4.508344069397921317e+01
8.956392376887619378e+01
4.818105506835316021e+01
1.352570194913817545e+02
3.731289304669729034e+01
1.081421174641513616e+01
2.379105580310761070e+01
2.545634375826584161e+01
1.909101570306172846e+01
1.580962822827987502e+01
4.675735681334653293e+01
4.924491088947024053e+01
1.151788948957382530e+01
1.118754005146458042e+01
4.966309372011475887e+01
4.516642551732797273e+01
3.832544441017385140e+01
9.592283494665836940e+01
2.221043625268019017e+00
3.782600422367899995e+01
3.362375248434594965e+01
2.187982472195605155e+01
3.011015607450672427e+00
2.695681429829868136e+01
9.532283494010428626e+00
2.909397628008068892e+00
1.003842591515069138e+01
2.771226345756200971e+01
3.089898052893757807e+01
2.303971411038515527e+01
1.239870254630937723e+02
2.353226494687775006e+00
2.713654750520400505e+00
4.586790726679399022e+00
3.032191134620143558e+01
1.721793052775596067e+01
6.969213655993983458e+00
4.741155824843676214e+01
2.494745440258075320e+01
6.595569181356984245e+01
5.668317942915541607e+01
8.125394076639581442e+01
4.012043942027793264e+01
4.882183644069566242e+01
2.687454039509309212e+01
6.911837223682176727e+02
1.772492565424266431e+01
2.118929522471676918e+01
1.181203148111970158e+01
9.700028697875517025e+00
1.731567505775171156e+01
1.249748316010585336e+00
2.839419387402914552e+00
1.510446957706284934e+02
2.007091083076403937e+00
6.071219316706027769e+00
1.639893243771266640e+01
6.019675422847963375e+01
2.693672121473478676e+00
4.754908229473485903e+00
4.124535237306930391e+00
5.209753979906152210e+01
1.268069993884278990e+00
2.429769872583822377e+01
1.830917416795349766e+02
7.297834066602537462e+01
4.496906656427771765e+00
1.242479836325893494e+01
5.094360600033387243e+01
1.642447091344460830e+01
1.614202774002718002e+02
4.577190577597420429e+00
6.844387333068760881e+01
7.434760421686990917e+00
4.657930660739765472e+00
1.897988085579038398e+01
4.906431018665868038e+01
1.054011762889549120e+00
7.317703459015946237e+02
4.655831395989644079e+02
8.309193910957560547e+01
2.770609802494841123e+00
1.865259358078945384e+00
6.250482290938705319e+02
2.875680017197534255e+01
1.076063041488016347e+00
1.218271374475884699e+02
2.122934188247702991e+01
2.866417653143316713e+01
2.480763746218947929e+01
5.651466412451124022e+00
4.276728145493261302e+00
1.513257269616356915e+01
1.758652873424288554e+00
7.113239700273798860e+01
4.855027224037157794e+02
6.949861307589824833e+01
3.843825872978673885e+01
6.871528745992939946e+00
5.121943371943372014e+00
2.161027624391893109e+00
1.675628311099150380e+02
5.765181749839697112e+00
3.370498072103554232e+00
4.563984642823630367e+00
1.393106683623004116e+01
3.039626810839264337e+01
8.199906668162896040e+00
2.316492365227417238e+01
1.419221732611716469e+01
1.191192756134107533e+01
1.489189710522713206e+00
1.230127353432101334e+00
5.133366407351818594e+00
3.002353578105456222e+00
8.581010819599072192e+00
1.079362108043765467e+01
9.438138613746717809e+00
1.728981394431096774e+01
3.172692644843835730e+00
1.455171341156819054e+01
1.234220803185965210e+01
1.142186414874099887e+00
1.710354016948186562e+00
1.598205624764005739e+00
1.617430095967182124e+00
2.399916608100028270e+00
2.528351157051347187e+01
4.404920843923202156e+00
1.184997620400401797e+00
1.127110709859494975e+01
2.957897077033496469e+00
3.987346286066262291e+00
1.538453896284441313e+01
2.903779037442291155e+01
2.586560803164484668e+01
1.895377060590221818e+00
6.307990508454957457e+00
1.767437724879760363e+00
6.232126309875044257e+01
3.417338187130368965e+01
2.070826792550848783e+00
1.037055035674921966e+00
1.259234527549267790e+00
1.702390500432235143e+01
1.931233576007193165e+01
2.030473093305497301e+00
1.561202188097055732e+01
5.170899880391191417e+00
3.103625807684577076e+00
3.339370460048426192e+00
1.742305784865315177e+00
1.196648723488058508e+01
1.253222933168471664e+00
4.134008336634878766e+00
2.763573470407498789e+00
1.508806352839669573e+00
3.088680936160679291e+00
2.263174097917795446e+00
1.045370643041494185e+00
5.672628768784159448e+00
1.473994801602959726e+01
4.008734892327074029e+00
1.066751219990734301e+00
1.906596770415223796e+00
5.654440910203082815e+00
1.174948639001960338e+00
1.077756526273129012e+00
3.017231838696847745e+00
6.122890916225230740e+00
7.522248040455876250e+00
1.016745738256399356e+00
9.110306975361533333e+00
2.437152864846281020e+00
3.683713956960948721e+00
1.073293457102741710e+00
1.235972200936852339e+00
3.679814360898718828e+00
4.750738467769333617e+00
1.023543819317414005e+01
2.082965120089124866e+01
3.593462923917477347e+00
2.338989147234445056e+02
5.537349860597338136e+00
1.408968850036936793e+01
7.676326890849010098e+00
1.070071306123465433e+02
5.135390569568374808e+00
1.168363162084553508e+01
7.767467039970694032e+01
1.248744913256377842e+01
1.313498502770890184e+02
3.670182840165209015e+00
1.290371012263218553e+01
5.698731055412279289e+01
3.811385295095623071e+00
1.152599560147396218e+01
3.326994644575878013e+00
1.300581592800135855e+00
2.313623133240711027e+01
4.695066324936255420e+00
2.310300470107355508e+00
4.308189808371123775e+01
1.614755182569341585e+00
1.379000338261336651e+02
2.133901696769959777e+00
1.777938214417232432e+00
9.251389723947797350e+00
7.100661089739063847e+00
7.429866704998424609e+00
3.881935529176288924e+01
1.449924482538652448e+01
1.006401459210439242e+02
7.281223240937190866e+00
2.035768425853881070e+01
7.463818390277459969e+01
4.263938973274576938e+01
2.304419708837357916e+01
4.169929475839207811e+00
3.191221938350023279e+01
4.934118883568842762e+01
2.671588982011272151e+02
1.537530591973682270e+01
1.023165205409894725e+02
1.184014088751226712e+00
2.719891016693085639e+00
2.614869161651043896e+02
5.719425429611904121e+01
3.563396790774014988e+01
1.629296277616750110e+00
1.709077461953319244e+01
4.949512444953295009e+00
9.116255748221872679e+00
9.667321947201077137e+01
6.484931120425162021e+01
3.753361452204180182e+01
1.053726284406711500e+02
2.970460566059878715e+01
1.853514196795319480e+00
5.156150532798228880e+00
2.136812215822054029e+01
6.639910022905985443e+01
2.867656613972392421e+01
4.230465044326134461e+00
2.527575999595145007e+00
3.043945289449172531e+00
1.464944910505672055e+02
2.724213125424608251e+01
4.165933784612025903e+00
1.170832767353139836e+01
2.191707357969794501e+01
8.576522984110359005e+01
1.143403374459109472e+02
4.194489484682667779e+01
2.522996317170936109e+01
3.132643229583383704e+00
1.877762005878205853e+00
3.135732226228424935e+01
1.759689091039546405e+00
1.629706728309198525e+02
2.714656823343777337e+00
5.449243789770130206e+02
8.036533670742731061e+00
7.995339228889396743e+00
1.550381319302445426e+01
2.912558275780728323e+01
2.393537782896157484e+00
1.443943726584601350e+01
3.961309947523447761e+01
