movie_info_idx,movie_companies,movie_info,title#title.id=movie_info_idx.movie_id,title.id=movie_companies.movie_id,title.id=movie_info.movie_id#movie_info_idx.info_type_id,<,101,title.season_nr,<,4#113174420
movie_companies,title#title.id=movie_companies.movie_id#movie_companies.company_type_id,<,2,title.series_years,>,0#95975
movie_info_idx,movie_companies,title#title.id=movie_info_idx.movie_id,title.id=movie_companies.movie_id#movie_info_idx.info_type_id,<,101,title.kind_id,=,7#593784
movie_info,cast_info,title#title.id=movie_info.movie_id,title.id=cast_info.movie_id#title.imdb_index,<,8,title.phonetic_code,<,21996#456361388
title##title.kind_id,>,1,title.season_nr,<,10#1778095
movie_info_idx,movie_info,movie_companies,title#title.id=movie_info_idx.movie_id,title.id=movie_info.movie_id,title.id=movie_companies.movie_id#movie_companies.company_type_id,=,2,title.imdb_index,>,0#818394
movie_companies,movie_info_idx,cast_info,movie_keyword,title#title.id=movie_companies.movie_id,title.id=movie_info_idx.movie_id,title.id=cast_info.movie_id,title.id=movie_keyword.movie_id#movie_info_idx.info_type_id,=,99,title.production_year,>,113#2005607834
movie_companies,movie_info,movie_keyword,title#title.id=movie_companies.movie_id,title.id=movie_info.movie_id,title.id=movie_keyword.movie_id#movie_companies.company_type_id,>,1,title.season_nr,=,9#201053
movie_keyword,movie_info_idx,title#title.id=movie_keyword.movie_id,title.id=movie_info_idx.movie_id#movie_keyword.keyword_id,>,140,title.imdb_index,=,0#9825304
cast_info,movie_info,movie_companies,title#title.id=cast_info.movie_id,title.id=movie_info.movie_id,title.id=movie_companies.movie_id#movie_info.info_type_id,>,4,title.kind_id,>,3#254870272
title##title.episode_nr,<,33,title.production_year,>,72#1966353
movie_companies,movie_keyword,title#title.id=movie_companies.movie_id,title.id=movie_keyword.movie_id#title.season_nr,<,9,title.phonetic_code,>,0#34615227
movie_info_idx,movie_keyword,title#title.id=movie_info_idx.movie_id,title.id=movie_keyword.movie_id#title.series_years,<,1284,title.kind_id,=,3#606708
movie_info,title#title.id=movie_info.movie_id#title.episode_nr,>,0,title.season_nr,<,32#3269300
movie_info,movie_companies,title#title.id=movie_info.movie_id,title.id=movie_companies.movie_id#movie_info.info_type_id,<,105,title.phonetic_code,>,0#59925329
movie_companies,title#title.id=movie_companies.movie_id#title.season_nr,>,0,title.episode_nr,<,4801#665628
title##title.episode_nr,<,2892,title.kind_id,>,1#1826472
movie_keyword,cast_info,title#title.id=movie_keyword.movie_id,title.id=cast_info.movie_id#movie_keyword.keyword_id,<,61416,title.series_years,>,0#2956625
movie_info,title#title.id=movie_info.movie_id#title.season_nr,>,0,title.phonetic_code,>,0#2508179
movie_info,title#title.id=movie_info.movie_id#title.kind_id,>,1,title.production_year,<,126#6151472
movie_companies,title#title.id=movie_companies.movie_id#title.season_nr,>,0,title.kind_id,>,1#672805
movie_info_idx,title#title.id=movie_info_idx.movie_id#title.phonetic_code,<,4907,title.production_year,>,70#386101
movie_keyword,movie_info_idx,title#title.id=movie_keyword.movie_id,title.id=movie_info_idx.movie_id#movie_info_idx.info_type_id,<,101,title.phonetic_code,>,10490#3369916
cast_info,title#title.id=cast_info.movie_id#title.episode_nr,>,0,title.season_nr,>,0#18829001
movie_companies,title#title.id=movie_companies.movie_id#movie_companies.company_type_id,<,2,title.series_years,>,0#95975
movie_info,title#title.id=movie_info.movie_id#title.phonetic_code,<,20699,title.kind_id,<,7#10528767
movie_keyword,movie_info,movie_companies,title#title.id=movie_keyword.movie_id,title.id=movie_info.movie_id,title.id=movie_companies.movie_id#movie_companies.company_type_id,>,1,title.production_year,>,112#512600435
movie_companies,title#title.id=movie_companies.movie_id#title.series_years,>,0,title.kind_id,<,7#194243
movie_companies,cast_info,title#title.id=movie_companies.movie_id,title.id=cast_info.movie_id#movie_companies.company_type_id,=,2,title.production_year,>,96#25935814
movie_info_idx,movie_companies,title#title.id=movie_info_idx.movie_id,title.id=movie_companies.movie_id#movie_companies.company_type_id,<,2,title.imdb_index,>,0#33455
movie_info,movie_info_idx,movie_keyword,movie_companies,title#title.id=movie_info.movie_id,title.id=movie_info_idx.movie_id,title.id=movie_keyword.movie_id,title.id=movie_companies.movie_id#movie_info.info_type_id,>,1,title.series_years,>,0#234633813
movie_keyword,movie_companies,movie_info_idx,movie_info,title#title.id=movie_keyword.movie_id,title.id=movie_companies.movie_id,title.id=movie_info_idx.movie_id,title.id=movie_info.movie_id#title.production_year,<,121,title.season_nr,<,4#11165427371
cast_info,movie_keyword,title#title.id=cast_info.movie_id,title.id=movie_keyword.movie_id#cast_info.role_id,<,10,title.phonetic_code,>,2692#124523304
movie_info_idx,movie_info,cast_info,title#title.id=movie_info_idx.movie_id,title.id=movie_info.movie_id,title.id=cast_info.movie_id#title.series_years,>,0,title.production_year,<,127#23895780
cast_info,movie_companies,title#title.id=cast_info.movie_id,title.id=movie_companies.movie_id#cast_info.nr_order,<,30,title.series_years,>,0#294051
movie_keyword,movie_info,movie_info_idx,title#title.id=movie_keyword.movie_id,title.id=movie_info.movie_id,title.id=movie_info_idx.movie_id#movie_info_idx.info_type_id,<,101,title.production_year,<,125#431565724
cast_info,movie_info,movie_companies,title#title.id=cast_info.movie_id,title.id=movie_info.movie_id,title.id=movie_companies.movie_id#title.phonetic_code,>,0,title.episode_nr,<,639#5752229809
movie_info,movie_info_idx,movie_keyword,title#title.id=movie_info.movie_id,title.id=movie_info_idx.movie_id,title.id=movie_keyword.movie_id#movie_info_idx.info_type_id,<,101,title.kind_id,<,4#432941654
movie_info_idx,title#title.id=movie_info_idx.movie_id#movie_info_idx.info_type_id,=,100,title.kind_id,=,2#37686
movie_companies,title#title.id=movie_companies.movie_id#movie_companies.company_type_id,>,1,title.imdb_index,>,0#19842
movie_keyword,movie_companies,movie_info_idx,title#title.id=movie_keyword.movie_id,title.id=movie_companies.movie_id,title.id=movie_info_idx.movie_id#movie_companies.company_type_id,=,1,title.season_nr,>,0#2417538
movie_info,movie_info_idx,title#title.id=movie_info.movie_id,title.id=movie_info_idx.movie_id#movie_info.info_type_id,>,1,title.imdb_index,>,0#320838
movie_info_idx,movie_info,cast_info,movie_keyword,title#title.id=movie_info_idx.movie_id,title.id=movie_info.movie_id,title.id=cast_info.movie_id,title.id=movie_keyword.movie_id#movie_info_idx.info_type_id,<,101,title.kind_id,=,7#554659868
movie_companies,cast_info,movie_info,title#title.id=movie_companies.movie_id,title.id=cast_info.movie_id,title.id=movie_info.movie_id#title.production_year,<,129,title.season_nr,<,1#5537026392
movie_companies,movie_keyword,cast_info,movie_info,title#title.id=movie_companies.movie_id,title.id=movie_keyword.movie_id,title.id=cast_info.movie_id,title.id=movie_info.movie_id#movie_companies.company_type_id,<,2,title.kind_id,>,1#5645351389
movie_companies,movie_keyword,title#title.id=movie_companies.movie_id,title.id=movie_keyword.movie_id#movie_keyword.keyword_id,<,101633,title.series_years,>,0#996653
title##title.season_nr,<,6,title.production_year,>,0#2290022
movie_info,movie_info_idx,title#title.id=movie_info.movie_id,title.id=movie_info_idx.movie_id#movie_info_idx.info_type_id,<,101,title.phonetic_code,>,13591#4867252
movie_companies,title#title.id=movie_companies.movie_id#movie_companies.company_type_id,=,2,title.production_year,<,122#982082
cast_info,movie_keyword,title#title.id=cast_info.movie_id,title.id=movie_keyword.movie_id#title.production_year,>,27,title.kind_id,=,7#21723076
movie_info_idx,movie_keyword,title#title.id=movie_info_idx.movie_id,title.id=movie_keyword.movie_id#movie_keyword.keyword_id,>,56,title.phonetic_code,<,3478#2486180
movie_info,movie_companies,movie_keyword,title#title.id=movie_info.movie_id,title.id=movie_companies.movie_id,title.id=movie_keyword.movie_id#title.season_nr,=,0,title.production_year,>,91#4107045491
movie_info,cast_info,movie_keyword,title#title.id=movie_info.movie_id,title.id=cast_info.movie_id,title.id=movie_keyword.movie_id#movie_info.info_type_id,<,18,title.production_year,<,124#15126707067
movie_info,title#title.id=movie_info.movie_id#title.imdb_index,=,0,title.season_nr,<,7#14059178
movie_keyword,title#title.id=movie_keyword.movie_id#title.production_year,>,32,title.series_years,>,0#183092
movie_info,movie_companies,title#title.id=movie_info.movie_id,title.id=movie_companies.movie_id#title.phonetic_code,<,18995,title.season_nr,=,0#57145597
movie_info_idx,cast_info,title#title.id=movie_info_idx.movie_id,title.id=cast_info.movie_id#cast_info.role_id,>,1,title.kind_id,<,3#12245647
cast_info,movie_info_idx,movie_keyword,title#title.id=cast_info.movie_id,title.id=movie_info_idx.movie_id,title.id=movie_keyword.movie_id#movie_keyword.keyword_id,<,11555,title.production_year,>,124#29140482
movie_companies,movie_info,title#title.id=movie_companies.movie_id,title.id=movie_info.movie_id#title.kind_id,>,1,title.season_nr,<,4#11750501
cast_info,movie_companies,movie_keyword,movie_info_idx,title#title.id=cast_info.movie_id,title.id=movie_companies.movie_id,title.id=movie_keyword.movie_id,title.id=movie_info_idx.movie_id#movie_keyword.keyword_id,<,83238,title.phonetic_code,<,19#57383597
cast_info,movie_companies,title#title.id=cast_info.movie_id,title.id=movie_companies.movie_id#movie_companies.company_type_id,=,1,title.imdb_index,>,0#904849
movie_info_idx,title#title.id=movie_info_idx.movie_id#movie_info_idx.info_type_id,=,101,title.production_year,>,82#390088
cast_info,movie_info_idx,title#title.id=cast_info.movie_id,title.id=movie_info_idx.movie_id#movie_info_idx.info_type_id,=,101,title.series_years,>,1281#251425
movie_companies,cast_info,movie_info_idx,title#title.id=movie_companies.movie_id,title.id=cast_info.movie_id,title.id=movie_info_idx.movie_id#cast_info.role_id,<,10,title.phonetic_code,<,17168#118511534
cast_info,movie_info_idx,title#title.id=cast_info.movie_id,title.id=movie_info_idx.movie_id#cast_info.role_id,<,7,title.kind_id,=,1#14472887
movie_info,cast_info,title#title.id=movie_info.movie_id,title.id=cast_info.movie_id#movie_info.info_type_id,<,46,title.production_year,<,80#48836974
movie_info,title#title.id=movie_info.movie_id#title.season_nr,<,5,title.production_year,>,0#14002124
movie_keyword,title#title.id=movie_keyword.movie_id#movie_keyword.keyword_id,<,39794,title.phonetic_code,>,756#3769729
movie_companies,cast_info,movie_info_idx,title#title.id=movie_companies.movie_id,title.id=cast_info.movie_id,title.id=movie_info_idx.movie_id#title.phonetic_code,<,20296,title.episode_nr,<,131#181116105
movie_info_idx,movie_info,title#title.id=movie_info_idx.movie_id,title.id=movie_info.movie_id#movie_info.info_type_id,>,1,title.kind_id,>,4#3691902
cast_info,movie_info,movie_companies,movie_info_idx,title#title.id=cast_info.movie_id,title.id=movie_info.movie_id,title.id=movie_companies.movie_id,title.id=movie_info_idx.movie_id#movie_info.info_type_id,<,18,title.series_years,>,0#158874867
movie_info_idx,title#title.id=movie_info_idx.movie_id#movie_info_idx.info_type_id,<,100,title.season_nr,>,6#19057
cast_info,title#title.id=cast_info.movie_id#cast_info.nr_order,>,0,title.season_nr,=,1#3273215
movie_info,title#title.id=movie_info.movie_id#title.kind_id,<,7,title.episode_nr,<,46#10872384
movie_keyword,movie_companies,movie_info_idx,cast_info,title#title.id=movie_keyword.movie_id,title.id=movie_companies.movie_id,title.id=movie_info_idx.movie_id,title.id=cast_info.movie_id#movie_keyword.keyword_id,<,17481,title.episode_nr,>,0#173405832
title##title.season_nr,=,0,title.phonetic_code,<,20504#1379366
movie_info,cast_info,movie_info_idx,movie_keyword,title#title.id=movie_info.movie_id,title.id=cast_info.movie_id,title.id=movie_info_idx.movie_id,title.id=movie_keyword.movie_id#cast_info.role_id,>,1,title.series_years,>,0#294321576
movie_info,movie_keyword,movie_companies,cast_info,title#title.id=movie_info.movie_id,title.id=movie_keyword.movie_id,title.id=movie_companies.movie_id,title.id=cast_info.movie_id#title.phonetic_code,<,18099,title.kind_id,=,7#1555236564
movie_keyword,movie_info_idx,movie_companies,title#title.id=movie_keyword.movie_id,title.id=movie_info_idx.movie_id,title.id=movie_companies.movie_id#movie_info_idx.info_type_id,>,99,title.production_year,<,100#19995795
movie_keyword,movie_info_idx,title#title.id=movie_keyword.movie_id,title.id=movie_info_idx.movie_id#movie_keyword.keyword_id,>,85,title.production_year,<,84#2201866
movie_info,title#title.id=movie_info.movie_id#movie_info.info_type_id,>,2,title.series_years,>,0#630878
movie_keyword,title#title.id=movie_keyword.movie_id#title.series_years,>,0,title.kind_id,>,1#183226
movie_companies,movie_keyword,title#title.id=movie_companies.movie_id,title.id=movie_keyword.movie_id#title.production_year,<,127,title.series_years,<,1338#34328472
movie_companies,movie_info_idx,title#title.id=movie_companies.movie_id,title.id=movie_info_idx.movie_id#title.imdb_index,>,0,title.phonetic_code,<,16973#47420
movie_info,movie_info_idx,movie_companies,movie_keyword,title#title.id=movie_info.movie_id,title.id=movie_info_idx.movie_id,title.id=movie_companies.movie_id,title.id=movie_keyword.movie_id#movie_keyword.keyword_id,<,41569,title.imdb_index,=,0#13235552046
cast_info,movie_companies,title#title.id=cast_info.movie_id,title.id=movie_companies.movie_id#movie_companies.company_type_id,=,1,title.production_year,>,77#41558991
movie_companies,movie_info,title#title.id=movie_companies.movie_id,title.id=movie_info.movie_id#movie_companies.company_type_id,>,1,title.phonetic_code,>,716#18336812
movie_info_idx,cast_info,movie_keyword,movie_companies,title#title.id=movie_info_idx.movie_id,title.id=cast_info.movie_id,title.id=movie_keyword.movie_id,title.id=movie_companies.movie_id#movie_info_idx.info_type_id,<,101,title.episode_nr,>,0#150903338
movie_companies,movie_info_idx,cast_info,title#title.id=movie_companies.movie_id,title.id=movie_info_idx.movie_id,title.id=cast_info.movie_id#cast_info.nr_order,>,0,title.series_years,>,0#764859
movie_keyword,cast_info,title#title.id=movie_keyword.movie_id,title.id=cast_info.movie_id#cast_info.role_id,=,10,title.series_years,>,0#620333
cast_info,movie_keyword,title#title.id=cast_info.movie_id,title.id=movie_keyword.movie_id#movie_keyword.keyword_id,>,500,title.phonetic_code,>,4028#135795110
cast_info,movie_companies,title#title.id=cast_info.movie_id,title.id=movie_companies.movie_id#cast_info.role_id,>,1,title.episode_nr,>,0#15303105
movie_info,movie_info_idx,title#title.id=movie_info.movie_id,title.id=movie_info_idx.movie_id#movie_info.info_type_id,>,4,title.production_year,<,90#3640961
movie_keyword,cast_info,movie_companies,title#title.id=movie_keyword.movie_id,title.id=cast_info.movie_id,title.id=movie_companies.movie_id#movie_companies.company_type_id,=,1,title.production_year,<,126#2395238997
title##title.phonetic_code,>,0,title.episode_nr,>,0#711394
movie_info,cast_info,movie_info_idx,movie_companies,title#title.id=movie_info.movie_id,title.id=cast_info.movie_id,title.id=movie_info_idx.movie_id,title.id=movie_companies.movie_id#movie_info_idx.info_type_id,=,99,title.kind_id,<,7#5444049424
movie_keyword,movie_companies,title#title.id=movie_keyword.movie_id,title.id=movie_companies.movie_id#title.season_nr,>,0,title.episode_nr,<,336#1516740
cast_info,movie_companies,movie_info_idx,movie_keyword,title#title.id=cast_info.movie_id,title.id=movie_companies.movie_id,title.id=movie_info_idx.movie_id,title.id=movie_keyword.movie_id#cast_info.role_id,>,1,title.phonetic_code,>,17283#932677226
movie_keyword,movie_info,title#title.id=movie_keyword.movie_id,title.id=movie_info.movie_id#movie_info.info_type_id,>,2,title.imdb_index,=,0#221860472
movie_info,title#title.id=movie_info.movie_id#title.production_year,<,127,title.imdb_index,>,0#276463
movie_info_idx,movie_companies,movie_info,cast_info,title#title.id=movie_info_idx.movie_id,title.id=movie_companies.movie_id,title.id=movie_info.movie_id,title.id=cast_info.movie_id#title.episode_nr,>,0,title.production_year,>,81#605367867
movie_info,movie_companies,cast_info,title#title.id=movie_info.movie_id,title.id=movie_companies.movie_id,title.id=cast_info.movie_id#title.kind_id,=,7,title.phonetic_code,<,22520#248439359
cast_info,title#title.id=cast_info.movie_id#title.episode_nr,>,0,title.production_year,>,70#18319334
movie_keyword,movie_companies,movie_info,movie_info_idx,title#title.id=movie_keyword.movie_id,title.id=movie_companies.movie_id,title.id=movie_info.movie_id,title.id=movie_info_idx.movie_id#movie_companies.company_type_id,=,2,title.season_nr,<,6#2254434887
movie_info_idx,title#title.id=movie_info_idx.movie_id#movie_info_idx.info_type_id,>,99,title.season_nr,=,2#49320
movie_info_idx,movie_keyword,cast_info,movie_info,title#title.id=movie_info_idx.movie_id,title.id=movie_keyword.movie_id,title.id=cast_info.movie_id,title.id=movie_info.movie_id#movie_info_idx.info_type_id,<,101,title.series_years,>,0#246893236
movie_info_idx,movie_keyword,title#title.id=movie_info_idx.movie_id,title.id=movie_keyword.movie_id#movie_keyword.keyword_id,>,212,title.season_nr,=,0#8864956
cast_info,movie_companies,title#title.id=cast_info.movie_id,title.id=movie_companies.movie_id#movie_companies.company_type_id,<,2,title.phonetic_code,>,16952#8649910
movie_info,title#title.id=movie_info.movie_id#movie_info.info_type_id,>,2,title.kind_id,=,1#7232899
movie_info,movie_companies,cast_info,title#title.id=movie_info.movie_id,title.id=movie_companies.movie_id,title.id=cast_info.movie_id#movie_info.info_type_id,<,105,title.production_year,>,88#4323214998
cast_info,movie_keyword,title#title.id=cast_info.movie_id,title.id=movie_keyword.movie_id#title.production_year,<,126,title.season_nr,=,0#187797933
cast_info,movie_keyword,title#title.id=cast_info.movie_id,title.id=movie_keyword.movie_id#title.kind_id,=,7,title.episode_nr,>,0#20888911
movie_keyword,movie_info_idx,title#title.id=movie_keyword.movie_id,title.id=movie_info_idx.movie_id#movie_info_idx.info_type_id,=,99,title.kind_id,>,4#422569
movie_keyword,movie_info,title#title.id=movie_keyword.movie_id,title.id=movie_info.movie_id#title.phonetic_code,<,19422,title.kind_id,=,7#6287675
cast_info,movie_info,movie_info_idx,title#title.id=cast_info.movie_id,title.id=movie_info.movie_id,title.id=movie_info_idx.movie_id#title.episode_nr,>,0,title.phonetic_code,<,18099#134977929
movie_companies,movie_info,title#title.id=movie_companies.movie_id,title.id=movie_info.movie_id#movie_companies.company_type_id,>,1,title.episode_nr,<,3#16969038
movie_info_idx,title#title.id=movie_info_idx.movie_id#movie_info_idx.info_type_id,<,101,title.episode_nr,>,0#273910
movie_companies,movie_info_idx,title#title.id=movie_companies.movie_id,title.id=movie_info_idx.movie_id#title.phonetic_code,<,13895,title.imdb_index,=,0#2652959
movie_info_idx,cast_info,movie_companies,title#title.id=movie_info_idx.movie_id,title.id=cast_info.movie_id,title.id=movie_companies.movie_id#movie_companies.company_type_id,>,1,title.episode_nr,>,6#11278128
movie_keyword,movie_info,title#title.id=movie_keyword.movie_id,title.id=movie_info.movie_id#title.episode_nr,<,117,title.kind_id,=,7#6420137
cast_info,title#title.id=cast_info.movie_id#cast_info.nr_order,>,3,title.kind_id,=,7#4470365
movie_info,movie_companies,movie_keyword,title#title.id=movie_info.movie_id,title.id=movie_companies.movie_id,title.id=movie_keyword.movie_id#title.imdb_index,>,0,title.phonetic_code,>,0#109208534
cast_info,title#title.id=cast_info.movie_id#title.phonetic_code,>,0,title.series_years,>,0#889554
movie_info,cast_info,movie_keyword,title#title.id=movie_info.movie_id,title.id=cast_info.movie_id,title.id=movie_keyword.movie_id#movie_info.info_type_id,<,18,title.season_nr,=,1#110729263
movie_keyword,title#title.id=movie_keyword.movie_id#title.production_year,<,127,title.season_nr,=,2#90084
cast_info,title#title.id=cast_info.movie_id#title.episode_nr,>,0,title.series_years,<,1124#18828999
movie_companies,movie_keyword,title#title.id=movie_companies.movie_id,title.id=movie_keyword.movie_id#movie_companies.company_type_id,<,2,title.season_nr,=,0#25563289
movie_info_idx,movie_keyword,movie_companies,title#title.id=movie_info_idx.movie_id,title.id=movie_keyword.movie_id,title.id=movie_companies.movie_id#title.imdb_index,>,0,title.episode_nr,<,61#2312253
movie_info,movie_info_idx,title#title.id=movie_info.movie_id,title.id=movie_info_idx.movie_id#movie_info_idx.info_type_id,=,100,title.episode_nr,<,14#6547575
movie_keyword,movie_info_idx,movie_info,title#title.id=movie_keyword.movie_id,title.id=movie_info_idx.movie_id,title.id=movie_info.movie_id#movie_info.info_type_id,>,2,title.phonetic_code,<,10702#357354983
movie_info,movie_companies,title#title.id=movie_info.movie_id,title.id=movie_companies.movie_id#movie_info.info_type_id,>,2,title.kind_id,>,1#11815773
movie_info,title#title.id=movie_info.movie_id#title.season_nr,<,17,title.kind_id,=,1#8301049
cast_info,movie_companies,title#title.id=cast_info.movie_id,title.id=movie_companies.movie_id#movie_companies.company_type_id,>,1,title.series_years,>,0#1214631
movie_info,title#title.id=movie_info.movie_id#movie_info.info_type_id,<,84,title.kind_id,=,3#769468
movie_companies,title#title.id=movie_companies.movie_id#movie_companies.company_type_id,<,2,title.phonetic_code,>,2022#1051679
movie_keyword,movie_info,movie_companies,movie_info_idx,title#title.id=movie_keyword.movie_id,title.id=movie_info.movie_id,title.id=movie_companies.movie_id,title.id=movie_info_idx.movie_id#movie_info_idx.info_type_id,=,99,title.season_nr,<,3#4819210650
movie_info,cast_info,title#title.id=movie_info.movie_id,title.id=cast_info.movie_id#title.phonetic_code,<,18362,title.imdb_index,>,0#7987548
cast_info,movie_info_idx,movie_companies,title#title.id=cast_info.movie_id,title.id=movie_info_idx.movie_id,title.id=movie_companies.movie_id#title.series_years,>,0,title.imdb_index,>,0#31119
movie_info,movie_info_idx,title#title.id=movie_info.movie_id,title.id=movie_info_idx.movie_id#movie_info.info_type_id,>,2,title.episode_nr,>,0#3149181
movie_info_idx,movie_info,title#title.id=movie_info_idx.movie_id,title.id=movie_info.movie_id#movie_info.info_type_id,>,2,title.production_year,<,90#4298220
movie_companies,cast_info,title#title.id=movie_companies.movie_id,title.id=cast_info.movie_id#title.kind_id,>,1,title.imdb_index,=,0#32662112
movie_keyword,movie_companies,movie_info_idx,title#title.id=movie_keyword.movie_id,title.id=movie_companies.movie_id,title.id=movie_info_idx.movie_id#movie_info_idx.info_type_id,<,101,title.season_nr,>,0#2719140
movie_companies,movie_info_idx,title#title.id=movie_companies.movie_id,title.id=movie_info_idx.movie_id#movie_companies.company_type_id,=,2,title.phonetic_code,<,13872#1154152
cast_info,movie_info_idx,movie_info,movie_keyword,title#title.id=cast_info.movie_id,title.id=movie_info_idx.movie_id,title.id=movie_info.movie_id,title.id=movie_keyword.movie_id#cast_info.role_id,<,10,title.episode_nr,>,0#584606208
movie_info_idx,movie_keyword,movie_info,title#title.id=movie_info_idx.movie_id,title.id=movie_keyword.movie_id,title.id=movie_info.movie_id#title.phonetic_code,>,0,title.series_years,>,0#16288947
movie_info,movie_info_idx,movie_companies,title#title.id=movie_info.movie_id,title.id=movie_info_idx.movie_id,title.id=movie_companies.movie_id#movie_info_idx.info_type_id,>,99,title.phonetic_code,>,11350#53077786
movie_info_idx,movie_keyword,movie_companies,title#title.id=movie_info_idx.movie_id,title.id=movie_keyword.movie_id,title.id=movie_companies.movie_id#movie_info_idx.info_type_id,=,100,title.phonetic_code,>,0#33088716
movie_companies,title#title.id=movie_companies.movie_id#title.imdb_index,=,0,title.production_year,<,127#2519794
title##title.imdb_index,=,0,title.production_year,>,0#2430144
movie_companies,movie_keyword,title#title.id=movie_companies.movie_id,title.id=movie_keyword.movie_id#movie_companies.company_type_id,=,2,title.series_years,>,0#343962
cast_info,movie_info_idx,title#title.id=cast_info.movie_id,title.id=movie_info_idx.movie_id#cast_info.nr_order,<,32,title.production_year,<,126#12060841
movie_info_idx,movie_companies,movie_info,title#title.id=movie_info_idx.movie_id,title.id=movie_companies.movie_id,title.id=movie_info.movie_id#movie_info_idx.info_type_id,<,101,title.series_years,>,0#5472446
movie_info_idx,cast_info,title#title.id=movie_info_idx.movie_id,title.id=cast_info.movie_id#movie_info_idx.info_type_id,=,99,title.production_year,>,120#4101339
cast_info,movie_info_idx,movie_companies,movie_info,title#title.id=cast_info.movie_id,title.id=movie_info_idx.movie_id,title.id=movie_companies.movie_id,title.id=movie_info.movie_id#cast_info.nr_order,>,0,title.imdb_index,<,2#6124006016
movie_companies,title#title.id=movie_companies.movie_id#movie_companies.company_type_id,=,1,title.kind_id,=,1#667070
movie_info,title#title.id=movie_info.movie_id#title.season_nr,=,0,title.production_year,<,126#10735538
cast_info,movie_info_idx,title#title.id=cast_info.movie_id,title.id=movie_info_idx.movie_id#title.season_nr,<,18,title.kind_id,<,7#25762173
movie_keyword,movie_info_idx,title#title.id=movie_keyword.movie_id,title.id=movie_info_idx.movie_id#movie_keyword.keyword_id,>,335,title.imdb_index,=,0#9399649
cast_info,movie_info,title#title.id=cast_info.movie_id,title.id=movie_info.movie_id#title.phonetic_code,<,17838,title.production_year,<,127#400104966
movie_keyword,cast_info,movie_companies,movie_info,title#title.id=movie_keyword.movie_id,title.id=cast_info.movie_id,title.id=movie_companies.movie_id,title.id=movie_info.movie_id#movie_keyword.keyword_id,>,85,title.season_nr,>,0#1724149810
movie_companies,cast_info,title#title.id=movie_companies.movie_id,title.id=cast_info.movie_id#movie_companies.company_type_id,=,2,title.production_year,<,127#31810004
movie_keyword,movie_companies,title#title.id=movie_keyword.movie_id,title.id=movie_companies.movie_id#movie_companies.company_type_id,<,2,title.imdb_index,=,0#25837289
movie_info_idx,movie_keyword,movie_info,title#title.id=movie_info_idx.movie_id,title.id=movie_keyword.movie_id,title.id=movie_info.movie_id#movie_info.info_type_id,<,16,title.kind_id,=,7#10064124
cast_info,movie_info,movie_info_idx,title#title.id=cast_info.movie_id,title.id=movie_info.movie_id,title.id=movie_info_idx.movie_id#cast_info.role_id,<,10,title.episode_nr,<,4548#789212081
movie_info,cast_info,movie_keyword,title#title.id=movie_info.movie_id,title.id=cast_info.movie_id,title.id=movie_keyword.movie_id#cast_info.role_id,<,10,title.episode_nr,>,0#215835072
movie_info_idx,movie_info,cast_info,movie_companies,title#title.id=movie_info_idx.movie_id,title.id=movie_info.movie_id,title.id=cast_info.movie_id,title.id=movie_companies.movie_id#cast_info.role_id,=,2,title.series_years,<,1324#2339203852
movie_companies,cast_info,movie_info_idx,movie_info,title#title.id=movie_companies.movie_id,title.id=cast_info.movie_id,title.id=movie_info_idx.movie_id,title.id=movie_info.movie_id#movie_info.info_type_id,<,18,title.production_year,<,123#9440823970
movie_info_idx,movie_keyword,movie_info,cast_info,title#title.id=movie_info_idx.movie_id,title.id=movie_keyword.movie_id,title.id=movie_info.movie_id,title.id=cast_info.movie_id#movie_info_idx.info_type_id,<,101,title.series_years,>,0#246893236
movie_info,movie_keyword,title#title.id=movie_info.movie_id,title.id=movie_keyword.movie_id#title.phonetic_code,>,0,title.season_nr,>,0#5946288
movie_info_idx,movie_companies,title#title.id=movie_info_idx.movie_id,title.id=movie_companies.movie_id#movie_info_idx.info_type_id,<,101,title.production_year,<,123#2212578
movie_info,title#title.id=movie_info.movie_id#movie_info.info_type_id,>,2,title.episode_nr,<,1#9896651
cast_info,movie_info_idx,movie_info,movie_companies,title#title.id=cast_info.movie_id,title.id=movie_info_idx.movie_id,title.id=movie_info.movie_id,title.id=movie_companies.movie_id#movie_info.info_type_id,>,1,title.imdb_index,=,0#16880552100
movie_companies,title#title.id=movie_companies.movie_id#movie_companies.company_type_id,=,1,title.series_years,>,1397#6798
movie_info_idx,movie_keyword,cast_info,title#title.id=movie_info_idx.movie_id,title.id=movie_keyword.movie_id,title.id=cast_info.movie_id#movie_info_idx.info_type_id,<,101,title.phonetic_code,<,20060#379141854
movie_info_idx,movie_companies,movie_info,cast_info,title#title.id=movie_info_idx.movie_id,title.id=movie_companies.movie_id,title.id=movie_info.movie_id,title.id=cast_info.movie_id#movie_info_idx.info_type_id,>,99,title.imdb_index,>,0#277447332
title##title.episode_nr,>,0,title.kind_id,>,1#1102414
cast_info,title#title.id=cast_info.movie_id#title.season_nr,=,0,title.phonetic_code,<,18267#15882677
movie_companies,movie_info,title#title.id=movie_companies.movie_id,title.id=movie_info.movie_id#movie_companies.company_type_id,<,2,title.phonetic_code,<,16964#39301930
movie_info,cast_info,title#title.id=movie_info.movie_id,title.id=cast_info.movie_id#cast_info.nr_order,<,7,title.kind_id,<,2#31220090
movie_info_idx,title#title.id=movie_info_idx.movie_id#movie_info_idx.info_type_id,=,100,title.phonetic_code,<,18198#412933
movie_companies,title#title.id=movie_companies.movie_id#title.kind_id,=,7,title.phonetic_code,>,0#592515
cast_info,movie_companies,title#title.id=cast_info.movie_id,title.id=movie_companies.movie_id#title.production_year,>,71,title.season_nr,<,8#70895736
movie_keyword,title#title.id=movie_keyword.movie_id#movie_keyword.keyword_id,>,247,title.series_years,>,0#151639
cast_info,title#title.id=cast_info.movie_id#cast_info.nr_order,>,1,title.season_nr,>,3#1248345
cast_info,movie_keyword,movie_companies,title#title.id=cast_info.movie_id,title.id=movie_keyword.movie_id,title.id=movie_companies.movie_id#movie_keyword.keyword_id,<,59998,title.season_nr,>,0#77897303
cast_info,title#title.id=cast_info.movie_id#cast_info.nr_order,<,1000,title.season_nr,=,1#3293679
movie_companies,movie_info,title#title.id=movie_companies.movie_id,title.id=movie_info.movie_id#movie_companies.company_type_id,>,1,title.season_nr,=,0#16568263
movie_info,cast_info,movie_keyword,title#title.id=movie_info.movie_id,title.id=cast_info.movie_id,title.id=movie_keyword.movie_id#movie_info.info_type_id,>,1,title.series_years,>,0#123233342
movie_info,movie_companies,title#title.id=movie_info.movie_id,title.id=movie_companies.movie_id#movie_info.info_type_id,>,2,title.season_nr,=,0#57843537
movie_info,movie_companies,movie_info_idx,title#title.id=movie_info.movie_id,title.id=movie_companies.movie_id,title.id=movie_info_idx.movie_id#movie_info_idx.info_type_id,=,99,title.series_years,>,0#2736223
movie_companies,cast_info,movie_info,title#title.id=movie_companies.movie_id,title.id=cast_info.movie_id,title.id=movie_info.movie_id#cast_info.role_id,>,1,title.season_nr,<,4#3846212065
movie_companies,cast_info,title#title.id=movie_companies.movie_id,title.id=cast_info.movie_id#cast_info.nr_order,>,2,title.season_nr,=,0#18157581
movie_info_idx,cast_info,title#title.id=movie_info_idx.movie_id,title.id=cast_info.movie_id#title.kind_id,=,7,title.imdb_index,<,2#15149568
movie_info_idx,movie_keyword,movie_companies,movie_info,title#title.id=movie_info_idx.movie_id,title.id=movie_keyword.movie_id,title.id=movie_companies.movie_id,title.id=movie_info.movie_id#movie_info_idx.info_type_id,=,101,title.phonetic_code,>,0#4808888586
movie_companies,title#title.id=movie_companies.movie_id#movie_companies.company_type_id,>,1,title.production_year,<,120#884327
movie_keyword,cast_info,movie_info_idx,movie_info,title#title.id=movie_keyword.movie_id,title.id=cast_info.movie_id,title.id=movie_info_idx.movie_id,title.id=movie_info.movie_id#movie_keyword.keyword_id,<,74187,title.episode_nr,>,0#821711082
movie_companies,movie_info_idx,cast_info,title#title.id=movie_companies.movie_id,title.id=movie_info_idx.movie_id,title.id=cast_info.movie_id#movie_info_idx.info_type_id,=,101,title.kind_id,>,1#21398252
movie_info_idx,title#title.id=movie_info_idx.movie_id#movie_info_idx.info_type_id,>,99,title.series_years,>,0#75370
movie_keyword,movie_info_idx,cast_info,title#title.id=movie_keyword.movie_id,title.id=movie_info_idx.movie_id,title.id=cast_info.movie_id#movie_info_idx.info_type_id,<,101,title.production_year,>,73#357698506
movie_info_idx,movie_keyword,movie_companies,title#title.id=movie_info_idx.movie_id,title.id=movie_keyword.movie_id,title.id=movie_companies.movie_id#movie_keyword.keyword_id,>,121,title.imdb_index,=,0#96176800
cast_info,title#title.id=cast_info.movie_id#cast_info.nr_order,<,37,title.kind_id,=,1#2914182
cast_info,title#title.id=cast_info.movie_id#title.episode_nr,<,3791,title.production_year,<,125#29796566
movie_info_idx,title#title.id=movie_info_idx.movie_id#title.phonetic_code,<,22784,title.production_year,>,34#1357937
movie_companies,title#title.id=movie_companies.movie_id#title.production_year,<,126,title.kind_id,=,7#658417
movie_companies,title#title.id=movie_companies.movie_id#movie_companies.company_type_id,<,2,title.production_year,<,99#489038
movie_companies,cast_info,title#title.id=movie_companies.movie_id,title.id=cast_info.movie_id#movie_companies.company_type_id,<,2,title.season_nr,>,0#10198288
movie_info,cast_info,movie_companies,movie_keyword,title#title.id=movie_info.movie_id,title.id=cast_info.movie_id,title.id=movie_companies.movie_id,title.id=movie_keyword.movie_id#movie_keyword.keyword_id,>,1095,title.production_year,<,46#881460590
title##title.series_years,<,1397,title.phonetic_code,<,14728#1981504
movie_info,cast_info,title#title.id=movie_info.movie_id,title.id=cast_info.movie_id#title.kind_id,=,7,title.series_years,<,1234#90419128
movie_keyword,movie_info,title#title.id=movie_keyword.movie_id,title.id=movie_info.movie_id#title.imdb_index,>,0,title.phonetic_code,<,19874#4475733
movie_info_idx,movie_info,title#title.id=movie_info_idx.movie_id,title.id=movie_info.movie_id#title.production_year,>,89,title.imdb_index,>,0#315631
cast_info,movie_info_idx,title#title.id=cast_info.movie_id,title.id=movie_info_idx.movie_id#title.kind_id,=,7,title.episode_nr,>,0#14878308
cast_info,title#title.id=cast_info.movie_id#cast_info.nr_order,<,35,title.imdb_index,=,0#10036810
cast_info,title#title.id=cast_info.movie_id#title.episode_nr,>,0,title.production_year,>,11#18516070
movie_keyword,movie_info_idx,title#title.id=movie_keyword.movie_id,title.id=movie_info_idx.movie_id#movie_info_idx.info_type_id,<,101,title.production_year,>,114#2805860
cast_info,title#title.id=cast_info.movie_id#title.phonetic_code,<,21022,title.season_nr,>,0#18661671
movie_info_idx,title#title.id=movie_info_idx.movie_id#movie_info_idx.info_type_id,=,101,title.phonetic_code,<,19864#432811
movie_info_idx,movie_companies,title#title.id=movie_info_idx.movie_id,title.id=movie_companies.movie_id#title.phonetic_code,<,20325,title.series_years,>,0#313344
cast_info,title#title.id=cast_info.movie_id#title.episode_nr,<,11,title.imdb_index,>,0#378741
movie_companies,movie_info_idx,movie_info,cast_info,title#title.id=movie_companies.movie_id,title.id=movie_info_idx.movie_id,title.id=movie_info.movie_id,title.id=cast_info.movie_id#movie_info.info_type_id,>,3,title.imdb_index,=,0#16337774827
cast_info,movie_info,title#title.id=cast_info.movie_id,title.id=movie_info.movie_id#movie_info.info_type_id,<,17,title.production_year,>,61#316583899
cast_info,movie_info_idx,title#title.id=cast_info.movie_id,title.id=movie_info_idx.movie_id#cast_info.nr_order,<,29,title.kind_id,<,7#7572744
movie_companies,title#title.id=movie_companies.movie_id#title.episode_nr,>,0,title.production_year,<,122#473924
title##title.imdb_index,=,0,title.season_nr,<,5#2291583
movie_info,movie_keyword,title#title.id=movie_info.movie_id,title.id=movie_keyword.movie_id#movie_info.info_type_id,<,17,title.series_years,>,0#3737116
movie_info_idx,movie_keyword,title#title.id=movie_info_idx.movie_id,title.id=movie_keyword.movie_id#movie_info_idx.info_type_id,=,100,title.season_nr,>,0#362496
movie_info_idx,movie_keyword,movie_info,title#title.id=movie_info_idx.movie_id,title.id=movie_keyword.movie_id,title.id=movie_info.movie_id#movie_info_idx.info_type_id,=,99,title.series_years,>,0#5476615
movie_companies,title#title.id=movie_companies.movie_id#movie_companies.company_type_id,<,2,title.kind_id,>,1#607176
movie_info_idx,movie_info,movie_companies,title#title.id=movie_info_idx.movie_id,title.id=movie_info.movie_id,title.id=movie_companies.movie_id#movie_info_idx.info_type_id,>,99,title.production_year,>,92#95344124
movie_keyword,movie_info_idx,title#title.id=movie_keyword.movie_id,title.id=movie_info_idx.movie_id#movie_keyword.keyword_id,>,382,title.kind_id,=,1#6798103
movie_companies,movie_info,movie_info_idx,title#title.id=movie_companies.movie_id,title.id=movie_info.movie_id,title.id=movie_info_idx.movie_id#movie_companies.company_type_id,=,1,title.phonetic_code,<,356#3556305
cast_info,movie_info,title#title.id=cast_info.movie_id,title.id=movie_info.movie_id#movie_info.info_type_id,>,2,title.episode_nr,>,0#74518398
movie_info,cast_info,movie_keyword,movie_companies,title#title.id=movie_info.movie_id,title.id=cast_info.movie_id,title.id=movie_keyword.movie_id,title.id=movie_companies.movie_id#title.kind_id,=,7,title.series_years,>,0#13893
movie_keyword,movie_companies,title#title.id=movie_keyword.movie_id,title.id=movie_companies.movie_id#movie_companies.company_type_id,>,1,title.episode_nr,>,5#396880
cast_info,title#title.id=cast_info.movie_id#title.imdb_index,=,0,title.season_nr,>,0#18854565
movie_info_idx,movie_info,cast_info,title#title.id=movie_info_idx.movie_id,title.id=movie_info.movie_id,title.id=cast_info.movie_id#title.season_nr,>,0,title.imdb_index,=,0#151839582
movie_companies,title#title.id=movie_companies.movie_id#title.season_nr,>,0,title.episode_nr,>,0#671526
cast_info,movie_companies,movie_info_idx,title#title.id=cast_info.movie_id,title.id=movie_companies.movie_id,title.id=movie_info_idx.movie_id#cast_info.role_id,>,1,title.episode_nr,<,9801#124952257
movie_companies,movie_info_idx,movie_keyword,cast_info,title#title.id=movie_companies.movie_id,title.id=movie_info_idx.movie_id,title.id=movie_keyword.movie_id,title.id=cast_info.movie_id#movie_companies.company_type_id,>,1,title.imdb_index,>,0#53726889
movie_companies,title#title.id=movie_companies.movie_id#movie_companies.company_type_id,=,1,title.phonetic_code,>,12089#481591
movie_keyword,cast_info,movie_companies,movie_info,title#title.id=movie_keyword.movie_id,title.id=cast_info.movie_id,title.id=movie_companies.movie_id,title.id=movie_info.movie_id#title.production_year,<,126,title.imdb_index,>,0#16240499037
movie_keyword,movie_info,cast_info,title#title.id=movie_keyword.movie_id,title.id=movie_info.movie_id,title.id=cast_info.movie_id#movie_keyword.keyword_id,<,100360,title.series_years,>,0#126408868
cast_info,movie_info,movie_keyword,title#title.id=cast_info.movie_id,title.id=movie_info.movie_id,title.id=movie_keyword.movie_id#movie_info.info_type_id,>,3,title.episode_nr,>,0#268240765
cast_info,movie_keyword,movie_companies,title#title.id=cast_info.movie_id,title.id=movie_keyword.movie_id,title.id=movie_companies.movie_id#movie_companies.company_type_id,<,2,title.kind_id,=,1#2367801774
cast_info,movie_info_idx,movie_keyword,movie_companies,title#title.id=cast_info.movie_id,title.id=movie_info_idx.movie_id,title.id=movie_keyword.movie_id,title.id=movie_companies.movie_id#cast_info.role_id,>,1,title.production_year,>,0#6286899894
cast_info,title#title.id=cast_info.movie_id#title.production_year,<,127,title.phonetic_code,>,0#27877625
movie_info,title#title.id=movie_info.movie_id#title.production_year,>,29,title.imdb_index,=,0#13773069
movie_info,movie_keyword,movie_companies,title#title.id=movie_info.movie_id,title.id=movie_keyword.movie_id,title.id=movie_companies.movie_id#movie_keyword.keyword_id,>,3,title.production_year,>,70#4565503201
movie_info_idx,title#title.id=movie_info_idx.movie_id#title.imdb_index,=,0,title.production_year,<,127#1347598
movie_info,cast_info,movie_keyword,title#title.id=movie_info.movie_id,title.id=cast_info.movie_id,title.id=movie_keyword.movie_id#title.episode_nr,<,2270,title.series_years,>,0#126408868
movie_companies,movie_keyword,movie_info_idx,movie_info,title#title.id=movie_companies.movie_id,title.id=movie_keyword.movie_id,title.id=movie_info_idx.movie_id,title.id=movie_info.movie_id#movie_info.info_type_id,<,16,title.imdb_index,>,0#145239783
movie_info_idx,title#title.id=movie_info_idx.movie_id#title.episode_nr,<,8721,title.production_year,<,126#1310228
cast_info,title#title.id=cast_info.movie_id#title.series_years,>,0,title.season_nr,=,0#889398
movie_keyword,title#title.id=movie_keyword.movie_id#title.imdb_index,=,0,title.production_year,<,126#4309758
cast_info,title#title.id=cast_info.movie_id#cast_info.role_id,>,1,title.production_year,<,123#16258923
movie_info,movie_info_idx,movie_companies,movie_keyword,title#title.id=movie_info.movie_id,title.id=movie_info_idx.movie_id,title.id=movie_companies.movie_id,title.id=movie_keyword.movie_id#movie_companies.company_type_id,<,2,title.season_nr,>,1#28073397
movie_keyword,title#title.id=movie_keyword.movie_id#movie_keyword.keyword_id,>,347,title.season_nr,=,0#3529405
movie_companies,title#title.id=movie_companies.movie_id#movie_companies.company_type_id,<,2,title.phonetic_code,<,17486#1104525
movie_info,cast_info,title#title.id=movie_info.movie_id,title.id=cast_info.movie_id#title.episode_nr,<,15,title.season_nr,>,0#54647478
movie_info,title#title.id=movie_info.movie_id#movie_info.info_type_id,<,16,title.imdb_index,=,0#9360892
cast_info,movie_companies,movie_info_idx,movie_keyword,title#title.id=cast_info.movie_id,title.id=movie_companies.movie_id,title.id=movie_info_idx.movie_id,title.id=movie_keyword.movie_id#cast_info.role_id,=,1,title.kind_id,>,1#177797367
movie_keyword,title#title.id=movie_keyword.movie_id#title.production_year,>,31,title.episode_nr,<,7918#4455911
movie_companies,cast_info,movie_info_idx,title#title.id=movie_companies.movie_id,title.id=cast_info.movie_id,title.id=movie_info_idx.movie_id#movie_companies.company_type_id,=,2,title.season_nr,=,0#48876093
movie_info,movie_info_idx,title#title.id=movie_info.movie_id,title.id=movie_info_idx.movie_id#title.series_years,>,0,title.production_year,<,127#1306719
movie_keyword,title#title.id=movie_keyword.movie_id#movie_keyword.keyword_id,<,25674,title.production_year,<,127#3755357
movie_keyword,title#title.id=movie_keyword.movie_id#movie_keyword.keyword_id,<,41369,title.series_years,>,0#175413
movie_info_idx,movie_keyword,title#title.id=movie_info_idx.movie_id,title.id=movie_keyword.movie_id#movie_info_idx.info_type_id,<,101,title.imdb_index,=,0#6814868
movie_keyword,movie_info,movie_companies,movie_info_idx,title#title.id=movie_keyword.movie_id,title.id=movie_info.movie_id,title.id=movie_companies.movie_id,title.id=movie_info_idx.movie_id#movie_info.info_type_id,>,3,title.series_years,>,0#223407255
movie_info_idx,movie_info,title#title.id=movie_info_idx.movie_id,title.id=movie_info.movie_id#movie_info_idx.info_type_id,>,99,title.imdb_index,=,0#13729850
movie_keyword,movie_companies,movie_info_idx,movie_info,title#title.id=movie_keyword.movie_id,title.id=movie_companies.movie_id,title.id=movie_info_idx.movie_id,title.id=movie_info.movie_id#movie_keyword.keyword_id,<,98464,title.season_nr,>,0#85546116
movie_info,cast_info,title#title.id=movie_info.movie_id,title.id=cast_info.movie_id#cast_info.nr_order,>,2,title.season_nr,=,18#75960
cast_info,movie_keyword,movie_info_idx,title#title.id=cast_info.movie_id,title.id=movie_keyword.movie_id,title.id=movie_info_idx.movie_id#cast_info.role_id,<,10,title.imdb_index,=,0#424371769
cast_info,title#title.id=cast_info.movie_id#cast_info.nr_order,<,45,title.episode_nr,>,0#5824431
movie_info,cast_info,movie_companies,movie_info_idx,title#title.id=movie_info.movie_id,title.id=cast_info.movie_id,title.id=movie_companies.movie_id,title.id=movie_info_idx.movie_id#movie_companies.company_type_id,<,2,title.phonetic_code,>,5193#9964599953
movie_info_idx,title#title.id=movie_info_idx.movie_id#title.production_year,>,29,title.kind_id,<,7#940604
movie_keyword,movie_info,movie_info_idx,movie_companies,title#title.id=movie_keyword.movie_id,title.id=movie_info.movie_id,title.id=movie_info_idx.movie_id,title.id=movie_companies.movie_id#movie_info_idx.info_type_id,=,101,title.production_year,<,109#1547526404
movie_info,movie_companies,movie_keyword,title#title.id=movie_info.movie_id,title.id=movie_companies.movie_id,title.id=movie_keyword.movie_id#movie_info.info_type_id,>,5,title.kind_id,<,7#4161417855
movie_info,movie_companies,movie_info_idx,title#title.id=movie_info.movie_id,title.id=movie_companies.movie_id,title.id=movie_info_idx.movie_id#movie_info.info_type_id,<,98,title.imdb_index,=,0#149111593
title##title.episode_nr,<,7901,title.imdb_index,>,0#26270
movie_keyword,movie_info_idx,movie_info,title#title.id=movie_keyword.movie_id,title.id=movie_info_idx.movie_id,title.id=movie_info.movie_id#movie_info_idx.info_type_id,>,99,title.episode_nr,>,0#10604806
movie_keyword,movie_info_idx,movie_info,movie_companies,title#title.id=movie_keyword.movie_id,title.id=movie_info_idx.movie_id,title.id=movie_info.movie_id,title.id=movie_companies.movie_id#movie_info_idx.info_type_id,>,99,title.phonetic_code,<,18968#9605863463
movie_info_idx,cast_info,movie_info,movie_keyword,title#title.id=movie_info_idx.movie_id,title.id=cast_info.movie_id,title.id=movie_info.movie_id,title.id=movie_keyword.movie_id#movie_info_idx.info_type_id,>,99,title.episode_nr,>,48#1941302
movie_info_idx,cast_info,title#title.id=movie_info_idx.movie_id,title.id=cast_info.movie_id#cast_info.nr_order,>,2,title.phonetic_code,>,11628#4942182
cast_info,movie_info_idx,movie_info,title#title.id=cast_info.movie_id,title.id=movie_info_idx.movie_id,title.id=movie_info.movie_id#movie_info.info_type_id,>,3,title.imdb_index,=,0#983147644
movie_keyword,movie_info_idx,cast_info,movie_companies,title#title.id=movie_keyword.movie_id,title.id=movie_info_idx.movie_id,title.id=cast_info.movie_id,title.id=movie_companies.movie_id#title.phonetic_code,>,0,title.kind_id,=,7#222886698
movie_companies,movie_info,movie_keyword,title#title.id=movie_companies.movie_id,title.id=movie_info.movie_id,title.id=movie_keyword.movie_id#movie_keyword.keyword_id,<,33759,title.kind_id,=,3#26129382
movie_keyword,title#title.id=movie_keyword.movie_id#movie_keyword.keyword_id,>,228,title.phonetic_code,>,8047#2385083
movie_companies,title#title.id=movie_companies.movie_id#movie_companies.company_type_id,<,2,title.production_year,>,125#63157
movie_companies,title#title.id=movie_companies.movie_id#title.imdb_index,=,0,title.season_nr,>,0#672805
movie_info,title#title.id=movie_info.movie_id#movie_info.info_type_id,<,103,title.season_nr,>,29#37845
movie_keyword,movie_info,movie_companies,title#title.id=movie_keyword.movie_id,title.id=movie_info.movie_id,title.id=movie_companies.movie_id#title.production_year,<,122,title.series_years,<,1219#3758274714
movie_keyword,movie_info_idx,title#title.id=movie_keyword.movie_id,title.id=movie_info_idx.movie_id#title.season_nr,=,0,title.production_year,<,124#8651768
cast_info,title#title.id=cast_info.movie_id#title.episode_nr,<,154,title.season_nr,>,0#16949446
movie_info,title#title.id=movie_info.movie_id#title.episode_nr,<,111,title.imdb_index,=,0#14214820
movie_companies,title#title.id=movie_companies.movie_id#title.season_nr,=,1,title.kind_id,=,7#310341
movie_companies,cast_info,title#title.id=movie_companies.movie_id,title.id=cast_info.movie_id#movie_companies.company_type_id,>,1,title.kind_id,>,1#16582761
movie_keyword,title#title.id=movie_keyword.movie_id#title.phonetic_code,<,18223,title.season_nr,<,3#3879531
movie_keyword,movie_info_idx,movie_info,movie_companies,title#title.id=movie_keyword.movie_id,title.id=movie_info_idx.movie_id,title.id=movie_info.movie_id,title.id=movie_companies.movie_id#movie_info.info_type_id,<,18,title.phonetic_code,<,9434#4899725574
movie_keyword,movie_info,title#title.id=movie_keyword.movie_id,title.id=movie_info.movie_id#title.production_year,>,54,title.season_nr,>,0#6437565
cast_info,title#title.id=cast_info.movie_id#title.phonetic_code,>,0,title.production_year,<,127#27877625
movie_companies,title#title.id=movie_companies.movie_id#title.series_years,>,0,title.production_year,>,79#182657
movie_companies,movie_info_idx,cast_info,movie_keyword,title#title.id=movie_companies.movie_id,title.id=movie_info_idx.movie_id,title.id=cast_info.movie_id,title.id=movie_keyword.movie_id#cast_info.role_id,>,1,title.production_year,>,123#1026471146
movie_companies,movie_info,cast_info,movie_info_idx,title#title.id=movie_companies.movie_id,title.id=movie_info.movie_id,title.id=cast_info.movie_id,title.id=movie_info_idx.movie_id#movie_info.info_type_id,>,1,title.phonetic_code,>,11692#7095061659
movie_info,cast_info,movie_companies,title#title.id=movie_info.movie_id,title.id=cast_info.movie_id,title.id=movie_companies.movie_id#movie_info.info_type_id,>,1,title.episode_nr,>,0#233961732
cast_info,movie_companies,title#title.id=cast_info.movie_id,title.id=movie_companies.movie_id#title.series_years,<,1267,title.season_nr,>,0#21092184
movie_keyword,movie_companies,movie_info,title#title.id=movie_keyword.movie_id,title.id=movie_companies.movie_id,title.id=movie_info.movie_id#movie_info.info_type_id,<,16,title.phonetic_code,<,2689#410452366
movie_info,movie_info_idx,movie_keyword,title#title.id=movie_info.movie_id,title.id=movie_info_idx.movie_id,title.id=movie_keyword.movie_id#title.season_nr,<,8,title.production_year,>,41#691662565
cast_info,title#title.id=cast_info.movie_id#cast_info.nr_order,>,1,title.season_nr,>,26#39170
movie_info,cast_info,movie_keyword,title#title.id=movie_info.movie_id,title.id=cast_info.movie_id,title.id=movie_keyword.movie_id#cast_info.role_id,=,1,title.episode_nr,<,521#8338924186
movie_companies,cast_info,movie_info,title#title.id=movie_companies.movie_id,title.id=cast_info.movie_id,title.id=movie_info.movie_id#title.imdb_index,=,0,title.kind_id,=,7#248834118
movie_companies,cast_info,title#title.id=movie_companies.movie_id,title.id=cast_info.movie_id#cast_info.nr_order,<,50,title.phonetic_code,<,20660#25423758
cast_info,title#title.id=cast_info.movie_id#title.episode_nr,<,304,title.phonetic_code,<,17184#30292763
movie_companies,cast_info,title#title.id=movie_companies.movie_id,title.id=cast_info.movie_id#cast_info.nr_order,<,33,title.season_nr,=,1#3008238
movie_info_idx,movie_info,title#title.id=movie_info_idx.movie_id,title.id=movie_info.movie_id#movie_info.info_type_id,>,3,title.kind_id,>,1#5754294
movie_companies,cast_info,movie_keyword,title#title.id=movie_companies.movie_id,title.id=cast_info.movie_id,title.id=movie_keyword.movie_id#title.season_nr,=,3,title.episode_nr,>,0#8028647
cast_info,movie_info_idx,title#title.id=cast_info.movie_id,title.id=movie_info_idx.movie_id#movie_info_idx.info_type_id,=,100,title.phonetic_code,<,18262#12337092
movie_info_idx,title#title.id=movie_info_idx.movie_id#title.phonetic_code,<,18097,title.episode_nr,<,20#1164721
movie_info,title#title.id=movie_info.movie_id#movie_info.info_type_id,>,2,title.season_nr,>,0#2854055
movie_companies,title#title.id=movie_companies.movie_id#title.phonetic_code,>,0,title.episode_nr,<,9594#2481553
movie_info_idx,movie_keyword,cast_info,movie_companies,title#title.id=movie_info_idx.movie_id,title.id=movie_keyword.movie_id,title.id=cast_info.movie_id,title.id=movie_companies.movie_id#movie_info_idx.info_type_id,>,99,title.imdb_index,=,0#6163608029
cast_info,movie_info,movie_info_idx,title#title.id=cast_info.movie_id,title.id=movie_info.movie_id,title.id=movie_info_idx.movie_id#movie_info.info_type_id,>,1,title.kind_id,<,7#940760510
cast_info,movie_info_idx,title#title.id=cast_info.movie_id,title.id=movie_info_idx.movie_id#cast_info.nr_order,<,16,title.episode_nr,<,2984#10098993
movie_keyword,title#title.id=movie_keyword.movie_id#movie_keyword.keyword_id,>,359,title.production_year,<,26#28570
movie_info,cast_info,movie_keyword,title#title.id=movie_info.movie_id,title.id=cast_info.movie_id,title.id=movie_keyword.movie_id#cast_info.nr_order,<,38,title.phonetic_code,>,17215#928157028
cast_info,movie_companies,title#title.id=cast_info.movie_id,title.id=movie_companies.movie_id#movie_companies.company_type_id,=,2,title.episode_nr,>,0#10872932
movie_info_idx,title#title.id=movie_info_idx.movie_id#title.production_year,>,67,title.series_years,>,0#112005
movie_info,movie_info_idx,title#title.id=movie_info.movie_id,title.id=movie_info_idx.movie_id#title.imdb_index,=,0,title.season_nr,<,12#20399032
movie_info_idx,movie_info,title#title.id=movie_info_idx.movie_id,title.id=movie_info.movie_id#movie_info.info_type_id,<,18,title.phonetic_code,>,12948#6194403
movie_companies,title#title.id=movie_companies.movie_id#movie_companies.company_type_id,<,2,title.imdb_index,>,0#17258
movie_info_idx,title#title.id=movie_info_idx.movie_id#title.season_nr,<,5,title.imdb_index,=,0#1261099
cast_info,title#title.id=cast_info.movie_id#cast_info.nr_order,>,0,title.phonetic_code,<,1444#3107096
movie_info,movie_keyword,movie_companies,title#title.id=movie_info.movie_id,title.id=movie_keyword.movie_id,title.id=movie_companies.movie_id#movie_info.info_type_id,<,18,title.kind_id,<,7#3234482158
movie_keyword,movie_companies,movie_info_idx,cast_info,title#title.id=movie_keyword.movie_id,title.id=movie_companies.movie_id,title.id=movie_info_idx.movie_id,title.id=cast_info.movie_id#movie_keyword.keyword_id,>,236,title.imdb_index,=,0#8709756946
movie_companies,movie_info,title#title.id=movie_companies.movie_id,title.id=movie_info.movie_id#movie_companies.company_type_id,<,2,title.imdb_index,>,1#124598
movie_companies,movie_keyword,movie_info_idx,cast_info,title#title.id=movie_companies.movie_id,title.id=movie_keyword.movie_id,title.id=movie_info_idx.movie_id,title.id=cast_info.movie_id#cast_info.role_id,>,1,title.kind_id,>,4#205126752
movie_info,movie_keyword,title#title.id=movie_info.movie_id,title.id=movie_keyword.movie_id#title.imdb_index,>,0,title.kind_id,<,7#4762520
cast_info,movie_companies,movie_info_idx,title#title.id=cast_info.movie_id,title.id=movie_companies.movie_id,title.id=movie_info_idx.movie_id#movie_companies.company_type_id,<,2,title.season_nr,=,1#7789626
movie_companies,movie_keyword,movie_info_idx,title#title.id=movie_companies.movie_id,title.id=movie_keyword.movie_id,title.id=movie_info_idx.movie_id#movie_companies.company_type_id,=,2,title.production_year,>,98#18142732
title##title.phonetic_code,>,0,title.series_years,>,0#90770
movie_info_idx,movie_keyword,title#title.id=movie_info_idx.movie_id,title.id=movie_keyword.movie_id#movie_info_idx.info_type_id,<,101,title.phonetic_code,>,0#6883220
cast_info,movie_keyword,title#title.id=cast_info.movie_id,title.id=movie_keyword.movie_id#movie_keyword.keyword_id,<,20319,title.phonetic_code,>,10870#78464505
cast_info,title#title.id=cast_info.movie_id#cast_info.nr_order,>,1,title.episode_nr,>,21#1844627
movie_companies,movie_info,movie_keyword,title#title.id=movie_companies.movie_id,title.id=movie_info.movie_id,title.id=movie_keyword.movie_id#movie_info.info_type_id,>,2,title.kind_id,=,7#27364042
movie_info_idx,title#title.id=movie_info_idx.movie_id#movie_info_idx.info_type_id,<,101,title.season_nr,=,0#645186
movie_info,title#title.id=movie_info.movie_id#movie_info.info_type_id,<,16,title.kind_id,>,1#3893611
movie_keyword,movie_info_idx,cast_info,title#title.id=movie_keyword.movie_id,title.id=movie_info_idx.movie_id,title.id=cast_info.movie_id#movie_info_idx.info_type_id,=,99,title.phonetic_code,<,20511#192244510
movie_keyword,movie_info_idx,cast_info,title#title.id=movie_keyword.movie_id,title.id=movie_info_idx.movie_id,title.id=cast_info.movie_id#movie_keyword.keyword_id,<,34367,title.phonetic_code,<,20350#507793272
cast_info,movie_companies,title#title.id=cast_info.movie_id,title.id=movie_companies.movie_id#cast_info.role_id,<,9,title.episode_nr,>,16#4367603
cast_info,movie_companies,movie_keyword,title#title.id=cast_info.movie_id,title.id=movie_companies.movie_id,title.id=movie_keyword.movie_id#title.episode_nr,<,35,title.kind_id,>,1#204082027
movie_companies,cast_info,title#title.id=movie_companies.movie_id,title.id=cast_info.movie_id#cast_info.nr_order,>,1,title.phonetic_code,>,0#24890864
movie_companies,movie_keyword,movie_info,movie_info_idx,title#title.id=movie_companies.movie_id,title.id=movie_keyword.movie_id,title.id=movie_info.movie_id,title.id=movie_info_idx.movie_id#movie_companies.company_type_id,=,1,title.kind_id,=,7#54553488
movie_companies,title#title.id=movie_companies.movie_id#movie_companies.company_type_id,<,2,title.kind_id,>,1#607176
movie_info_idx,movie_keyword,title#title.id=movie_info_idx.movie_id,title.id=movie_keyword.movie_id#title.season_nr,<,3,title.series_years,>,0#427512
movie_companies,title#title.id=movie_companies.movie_id#movie_companies.company_type_id,=,1,title.season_nr,>,1#167278
movie_info,movie_companies,movie_keyword,title#title.id=movie_info.movie_id,title.id=movie_companies.movie_id,title.id=movie_keyword.movie_id#movie_keyword.keyword_id,>,355,title.episode_nr,<,24#4517495336
movie_keyword,movie_info,title#title.id=movie_keyword.movie_id,title.id=movie_info.movie_id#movie_keyword.keyword_id,<,44981,title.production_year,<,111#91720727
cast_info,movie_info,title#title.id=cast_info.movie_id,title.id=movie_info.movie_id#title.kind_id,>,1,title.season_nr,=,0#55298322
cast_info,title#title.id=cast_info.movie_id#cast_info.nr_order,<,20,title.phonetic_code,<,2004#2852877
movie_keyword,cast_info,movie_info_idx,title#title.id=movie_keyword.movie_id,title.id=cast_info.movie_id,title.id=movie_info_idx.movie_id#movie_keyword.keyword_id,<,59978,title.imdb_index,=,0#558428551
movie_info_idx,title#title.id=movie_info_idx.movie_id#movie_info_idx.info_type_id,=,101,title.kind_id,=,1#209880
title##title.episode_nr,<,255,title.imdb_index,>,0#26270
movie_info,movie_info_idx,title#title.id=movie_info.movie_id,title.id=movie_info_idx.movie_id#movie_info_idx.info_type_id,<,101,title.imdb_index,=,0#13636252
movie_keyword,title#title.id=movie_keyword.movie_id#title.production_year,<,126,title.season_nr,<,3#4168295
movie_info_idx,movie_companies,title#title.id=movie_info_idx.movie_id,title.id=movie_companies.movie_id#movie_companies.company_type_id,<,2,title.phonetic_code,>,1789#2020257
movie_keyword,movie_info_idx,movie_companies,title#title.id=movie_keyword.movie_id,title.id=movie_info_idx.movie_id,title.id=movie_companies.movie_id#title.phonetic_code,<,16709,title.kind_id,>,1#9708618
movie_info,cast_info,movie_companies,title#title.id=movie_info.movie_id,title.id=cast_info.movie_id,title.id=movie_companies.movie_id#cast_info.role_id,>,1,title.kind_id,=,1#3570941639
movie_companies,movie_keyword,cast_info,movie_info,title#title.id=movie_companies.movie_id,title.id=movie_keyword.movie_id,title.id=cast_info.movie_id,title.id=movie_info.movie_id#title.imdb_index,>,0,title.kind_id,=,3#14687483
cast_info,title#title.id=cast_info.movie_id#title.production_year,>,81,title.episode_nr,<,6#19606161
cast_info,movie_info_idx,movie_info,title#title.id=cast_info.movie_id,title.id=movie_info_idx.movie_id,title.id=movie_info.movie_id#movie_info.info_type_id,<,71,title.series_years,>,0#22592883
movie_info_idx,movie_keyword,movie_info,title#title.id=movie_info_idx.movie_id,title.id=movie_keyword.movie_id,title.id=movie_info.movie_id#movie_info_idx.info_type_id,=,100,title.season_nr,<,2#223457543
movie_info_idx,movie_info,title#title.id=movie_info_idx.movie_id,title.id=movie_info.movie_id#movie_info.info_type_id,>,1,title.kind_id,>,1#6847794
movie_info_idx,cast_info,movie_companies,title#title.id=movie_info_idx.movie_id,title.id=cast_info.movie_id,title.id=movie_companies.movie_id#movie_info_idx.info_type_id,>,99,title.episode_nr,>,0#26639994
movie_info_idx,movie_keyword,title#title.id=movie_info_idx.movie_id,title.id=movie_keyword.movie_id#movie_info_idx.info_type_id,=,101,title.episode_nr,>,0#360930
movie_keyword,title#title.id=movie_keyword.movie_id#title.production_year,<,128,title.imdb_index,>,0#68484
movie_info,movie_companies,title#title.id=movie_info.movie_id,title.id=movie_companies.movie_id#movie_info.info_type_id,>,1,title.production_year,<,54#4287344
movie_info,movie_info_idx,movie_keyword,movie_companies,title#title.id=movie_info.movie_id,title.id=movie_info_idx.movie_id,title.id=movie_keyword.movie_id,title.id=movie_companies.movie_id#movie_companies.company_type_id,=,2,title.phonetic_code,>,2703#1808725312
movie_info,movie_keyword,movie_info_idx,movie_companies,title#title.id=movie_info.movie_id,title.id=movie_keyword.movie_id,title.id=movie_info_idx.movie_id,title.id=movie_companies.movie_id#movie_info.info_type_id,<,16,title.episode_nr,>,0#50227956
movie_info,title#title.id=movie_info.movie_id#movie_info.info_type_id,<,16,title.production_year,<,120#6669899
movie_info,movie_companies,title#title.id=movie_info.movie_id,title.id=movie_companies.movie_id#movie_companies.company_type_id,=,1,title.imdb_index,>,0#928116
movie_info_idx,title#title.id=movie_info_idx.movie_id#title.series_years,>,0,title.episode_nr,<,67#113055
movie_info,cast_info,title#title.id=movie_info.movie_id,title.id=cast_info.movie_id#title.episode_nr,<,416,title.imdb_index,>,0#8792297
movie_keyword,movie_companies,title#title.id=movie_keyword.movie_id,title.id=movie_companies.movie_id#movie_companies.company_type_id,=,2,title.production_year,<,120#5671808
movie_companies,cast_info,movie_info_idx,movie_keyword,title#title.id=movie_companies.movie_id,title.id=cast_info.movie_id,title.id=movie_info_idx.movie_id,title.id=movie_keyword.movie_id#movie_companies.company_type_id,<,2,title.production_year,<,124#6491634887
movie_companies,movie_keyword,movie_info_idx,movie_info,title#title.id=movie_companies.movie_id,title.id=movie_keyword.movie_id,title.id=movie_info_idx.movie_id,title.id=movie_info.movie_id#movie_keyword.keyword_id,<,59979,title.season_nr,=,1#38832525
movie_keyword,movie_info,title#title.id=movie_keyword.movie_id,title.id=movie_info.movie_id#movie_info.info_type_id,>,3,title.episode_nr,>,0#5712704
movie_info,cast_info,movie_companies,title#title.id=movie_info.movie_id,title.id=cast_info.movie_id,title.id=movie_companies.movie_id#movie_info.info_type_id,>,1,title.phonetic_code,<,16284#4293597094
title##title.phonetic_code,>,0,title.kind_id,=,7#826418
movie_keyword,title#title.id=movie_keyword.movie_id#title.imdb_index,>,0,title.production_year,>,85#62752
movie_companies,title#title.id=movie_companies.movie_id#movie_companies.company_type_id,>,1,title.kind_id,=,1#640620
movie_keyword,title#title.id=movie_keyword.movie_id#title.phonetic_code,>,0,title.episode_nr,<,40#4368503
movie_keyword,movie_info_idx,movie_companies,title#title.id=movie_keyword.movie_id,title.id=movie_info_idx.movie_id,title.id=movie_companies.movie_id#title.kind_id,=,3,title.imdb_index,<,1#2810229
movie_keyword,movie_companies,movie_info,title#title.id=movie_keyword.movie_id,title.id=movie_companies.movie_id,title.id=movie_info.movie_id#title.series_years,>,0,title.production_year,<,127#79823262
movie_info_idx,title#title.id=movie_info_idx.movie_id#title.production_year,<,125,title.kind_id,>,1#671199
title##title.episode_nr,>,0,title.kind_id,>,1#1102414
movie_info_idx,movie_keyword,title#title.id=movie_info_idx.movie_id,title.id=movie_keyword.movie_id#movie_info_idx.info_type_id,<,101,title.season_nr,>,0#724992
movie_keyword,movie_info_idx,title#title.id=movie_keyword.movie_id,title.id=movie_info_idx.movie_id#movie_info_idx.info_type_id,<,101,title.kind_id,>,1#1916974
cast_info,title#title.id=cast_info.movie_id#cast_info.role_id,>,1,title.kind_id,=,7#14189281
cast_info,movie_keyword,title#title.id=cast_info.movie_id,title.id=movie_keyword.movie_id#cast_info.role_id,=,2,title.series_years,>,0#494272
movie_keyword,title#title.id=movie_keyword.movie_id#movie_keyword.keyword_id,<,83976,title.kind_id,>,1#1624403
movie_info_idx,cast_info,movie_companies,movie_keyword,title#title.id=movie_info_idx.movie_id,title.id=cast_info.movie_id,title.id=movie_companies.movie_id,title.id=movie_keyword.movie_id#movie_keyword.keyword_id,>,229,title.phonetic_code,<,6438#3435473033
cast_info,movie_info_idx,movie_info,movie_companies,title#title.id=cast_info.movie_id,title.id=movie_info_idx.movie_id,title.id=movie_info.movie_id,title.id=movie_companies.movie_id#movie_info.info_type_id,>,1,title.imdb_index,>,0#409798977
movie_info_idx,movie_companies,movie_info,title#title.id=movie_info_idx.movie_id,title.id=movie_companies.movie_id,title.id=movie_info.movie_id#movie_info.info_type_id,>,2,title.imdb_index,=,0#165922092
movie_info_idx,movie_companies,movie_keyword,title#title.id=movie_info_idx.movie_id,title.id=movie_companies.movie_id,title.id=movie_keyword.movie_id#movie_info_idx.info_type_id,=,100,title.phonetic_code,>,1593#29462115
movie_companies,movie_info,title#title.id=movie_companies.movie_id,title.id=movie_info.movie_id#movie_companies.company_type_id,>,1,title.production_year,>,109#11571443
movie_companies,movie_info,title#title.id=movie_companies.movie_id,title.id=movie_info.movie_id#movie_info.info_type_id,>,3,title.series_years,>,0#2664374
movie_keyword,movie_info_idx,title#title.id=movie_keyword.movie_id,title.id=movie_info_idx.movie_id#movie_keyword.keyword_id,<,31491,title.kind_id,=,1#6521973
movie_keyword,title#title.id=movie_keyword.movie_id#movie_keyword.keyword_id,<,19968,title.episode_nr,>,0#452646
title##title.season_nr,>,0,title.imdb_index,=,0#1103803
cast_info,movie_info_idx,title#title.id=cast_info.movie_id,title.id=movie_info_idx.movie_id#movie_info_idx.info_type_id,>,99,title.kind_id,>,1#14847482
cast_info,movie_companies,movie_info,movie_info_idx,title#title.id=cast_info.movie_id,title.id=movie_companies.movie_id,title.id=movie_info.movie_id,title.id=movie_info_idx.movie_id#movie_info_idx.info_type_id,>,99,title.season_nr,=,0#11424601955
movie_info,movie_companies,cast_info,title#title.id=movie_info.movie_id,title.id=movie_companies.movie_id,title.id=cast_info.movie_id#cast_info.role_id,>,1,title.series_years,>,0#55041040
cast_info,title#title.id=cast_info.movie_id#title.season_nr,>,0,title.episode_nr,<,18#11838972
cast_info,movie_companies,movie_info_idx,movie_info,title#title.id=cast_info.movie_id,title.id=movie_companies.movie_id,title.id=movie_info_idx.movie_id,title.id=movie_info.movie_id#cast_info.role_id,=,3,title.kind_id,=,7#114674442
movie_info_idx,movie_keyword,movie_companies,title#title.id=movie_info_idx.movie_id,title.id=movie_keyword.movie_id,title.id=movie_companies.movie_id#movie_info_idx.info_type_id,=,101,title.kind_id,>,1#4073474
movie_info_idx,title#title.id=movie_info_idx.movie_id#movie_info_idx.info_type_id,<,101,title.imdb_index,=,0#907960
movie_info,movie_info_idx,movie_keyword,title#title.id=movie_info.movie_id,title.id=movie_info_idx.movie_id,title.id=movie_keyword.movie_id#movie_info.info_type_id,>,2,title.series_years,>,0#15566337
movie_companies,title#title.id=movie_companies.movie_id#movie_companies.company_type_id,<,2,title.kind_id,=,7#316839
movie_info_idx,title#title.id=movie_info_idx.movie_id#title.episode_nr,>,0,title.production_year,<,126#380652
cast_info,movie_info,movie_keyword,title#title.id=cast_info.movie_id,title.id=movie_info.movie_id,title.id=movie_keyword.movie_id#cast_info.role_id,>,1,title.production_year,>,28#17129710805
movie_companies,title#title.id=movie_companies.movie_id#movie_companies.company_type_id,>,1,title.phonetic_code,>,445#1235361
cast_info,movie_keyword,movie_info_idx,movie_companies,title#title.id=cast_info.movie_id,title.id=movie_keyword.movie_id,title.id=movie_info_idx.movie_id,title.id=movie_companies.movie_id#cast_info.role_id,=,2,title.phonetic_code,>,853#1221216744
movie_companies,title#title.id=movie_companies.movie_id#movie_companies.company_type_id,<,2,title.phonetic_code,<,16875#1034961
title##title.production_year,>,89,title.season_nr,<,1#1091627
cast_info,movie_companies,movie_info_idx,movie_info,title#title.id=cast_info.movie_id,title.id=movie_companies.movie_id,title.id=movie_info_idx.movie_id,title.id=movie_info.movie_id#cast_info.nr_order,<,26,title.series_years,>,0#23873694
movie_info,title#title.id=movie_info.movie_id#title.imdb_index,>,0,title.series_years,>,0#4352
movie_companies,movie_keyword,movie_info,cast_info,title#title.id=movie_companies.movie_id,title.id=movie_keyword.movie_id,title.id=movie_info.movie_id,title.id=cast_info.movie_id#movie_info.info_type_id,<,18,title.season_nr,>,0#1522458777
movie_companies,title#title.id=movie_companies.movie_id#movie_companies.company_type_id,>,1,title.series_years,>,0#98272
cast_info,movie_companies,title#title.id=cast_info.movie_id,title.id=movie_companies.movie_id#cast_info.nr_order,<,20,title.season_nr,=,1#2734497
movie_keyword,movie_info_idx,movie_info,movie_companies,title#title.id=movie_keyword.movie_id,title.id=movie_info_idx.movie_id,title.id=movie_info.movie_id,title.id=movie_companies.movie_id#movie_companies.company_type_id,<,2,title.season_nr,=,0#12786259057
movie_companies,movie_info,movie_keyword,title#title.id=movie_companies.movie_id,title.id=movie_info.movie_id,title.id=movie_keyword.movie_id#movie_info.info_type_id,>,1,title.production_year,<,113#1942685934
movie_info,movie_companies,movie_info_idx,title#title.id=movie_info.movie_id,title.id=movie_companies.movie_id,title.id=movie_info_idx.movie_id#movie_companies.company_type_id,>,1,title.phonetic_code,>,18335#3760016
movie_keyword,title#title.id=movie_keyword.movie_id#title.series_years,>,0,title.season_nr,<,38#183226
movie_keyword,cast_info,movie_companies,title#title.id=movie_keyword.movie_id,title.id=cast_info.movie_id,title.id=movie_companies.movie_id#movie_companies.company_type_id,>,1,title.imdb_index,=,0#588565410
movie_companies,title#title.id=movie_companies.movie_id#title.episode_nr,>,0,title.kind_id,>,1#671526
movie_keyword,movie_info,movie_companies,title#title.id=movie_keyword.movie_id,title.id=movie_info.movie_id,title.id=movie_companies.movie_id#movie_keyword.keyword_id,<,11014,title.season_nr,>,0#19499406
movie_companies,movie_info_idx,cast_info,movie_info,title#title.id=movie_companies.movie_id,title.id=movie_info_idx.movie_id,title.id=cast_info.movie_id,title.id=movie_info.movie_id#movie_companies.company_type_id,=,2,title.imdb_index,>,0#75955098
movie_keyword,title#title.id=movie_keyword.movie_id#title.kind_id,>,1,title.phonetic_code,>,0#1502809
cast_info,title#title.id=cast_info.movie_id#cast_info.nr_order,>,2,title.episode_nr,>,136#636614
movie_companies,movie_keyword,title#title.id=movie_companies.movie_id,title.id=movie_keyword.movie_id#movie_companies.company_type_id,<,2,title.season_nr,<,1#25563289
movie_companies,movie_keyword,movie_info,title#title.id=movie_companies.movie_id,title.id=movie_keyword.movie_id,title.id=movie_info.movie_id#movie_keyword.keyword_id,<,71516,title.production_year,<,115#2120356948
movie_companies,cast_info,movie_info,title#title.id=movie_companies.movie_id,title.id=cast_info.movie_id,title.id=movie_info.movie_id#title.series_years,>,0,title.kind_id,>,1#70146801
movie_keyword,title#title.id=movie_keyword.movie_id#movie_keyword.keyword_id,<,82641,title.imdb_index,=,0#4358792
movie_info,cast_info,title#title.id=movie_info.movie_id,title.id=cast_info.movie_id#movie_info.info_type_id,>,3,title.series_years,>,0#7858776
movie_info_idx,movie_companies,movie_keyword,title#title.id=movie_info_idx.movie_id,title.id=movie_companies.movie_id,title.id=movie_keyword.movie_id#movie_companies.company_type_id,<,2,title.imdb_index,=,0#76131745
movie_companies,movie_keyword,title#title.id=movie_companies.movie_id,title.id=movie_keyword.movie_id#movie_companies.company_type_id,>,1,title.production_year,>,84#7217330
movie_companies,movie_info_idx,title#title.id=movie_companies.movie_id,title.id=movie_info_idx.movie_id#movie_info_idx.info_type_id,=,99,title.series_years,>,0#109947
movie_companies,movie_info,movie_info_idx,title#title.id=movie_companies.movie_id,title.id=movie_info.movie_id,title.id=movie_info_idx.movie_id#movie_info.info_type_id,<,16,title.production_year,<,125#80735059
cast_info,title#title.id=cast_info.movie_id#title.series_years,>,0,title.phonetic_code,>,0#889554
cast_info,movie_info_idx,movie_keyword,movie_companies,title#title.id=cast_info.movie_id,title.id=movie_info_idx.movie_id,title.id=movie_keyword.movie_id,title.id=movie_companies.movie_id#cast_info.nr_order,<,26,title.imdb_index,=,0#2049045358
title##title.phonetic_code,<,17234,title.kind_id,>,1#1687863
movie_info,movie_companies,title#title.id=movie_info.movie_id,title.id=movie_companies.movie_id#movie_companies.company_type_id,=,2,title.series_years,>,0#1151123
cast_info,title#title.id=cast_info.movie_id#cast_info.role_id,>,1,title.season_nr,<,1#10861168
cast_info,movie_info_idx,movie_info,title#title.id=cast_info.movie_id,title.id=movie_info_idx.movie_id,title.id=movie_info.movie_id#cast_info.role_id,=,1,title.production_year,<,126#375985734
movie_info_idx,title#title.id=movie_info_idx.movie_id#movie_info_idx.info_type_id,<,101,title.episode_nr,>,0#273910
cast_info,movie_companies,movie_info,title#title.id=cast_info.movie_id,title.id=movie_companies.movie_id,title.id=movie_info.movie_id#movie_info.info_type_id,<,105,title.episode_nr,>,0#245524587
cast_info,movie_companies,movie_info,title#title.id=cast_info.movie_id,title.id=movie_companies.movie_id,title.id=movie_info.movie_id#movie_companies.company_type_id,>,1,title.phonetic_code,>,22833#4738831
movie_companies,movie_keyword,movie_info,cast_info,title#title.id=movie_companies.movie_id,title.id=movie_keyword.movie_id,title.id=movie_info.movie_id,title.id=cast_info.movie_id#cast_info.nr_order,>,1,title.imdb_index,>,0#5009845473
movie_info_idx,title#title.id=movie_info_idx.movie_id#movie_info_idx.info_type_id,>,99,title.phonetic_code,>,7582#529955
movie_keyword,movie_info,title#title.id=movie_keyword.movie_id,title.id=movie_info.movie_id#title.season_nr,>,0,title.episode_nr,>,0#6447330
cast_info,movie_companies,movie_info_idx,movie_info,title#title.id=cast_info.movie_id,title.id=movie_companies.movie_id,title.id=movie_info_idx.movie_id,title.id=movie_info.movie_id#cast_info.nr_order,>,1,title.episode_nr,<,11#5792968898
movie_info_idx,title#title.id=movie_info_idx.movie_id#title.kind_id,>,1,title.season_nr,=,0#338139
movie_companies,cast_info,movie_info_idx,movie_keyword,title#title.id=movie_companies.movie_id,title.id=cast_info.movie_id,title.id=movie_info_idx.movie_id,title.id=movie_keyword.movie_id#movie_info_idx.info_type_id,=,99,title.series_years,>,0#18815964
movie_info_idx,movie_info,movie_keyword,title#title.id=movie_info_idx.movie_id,title.id=movie_info.movie_id,title.id=movie_keyword.movie_id#movie_info.info_type_id,<,18,title.series_years,>,0#12763731
movie_companies,title#title.id=movie_companies.movie_id#movie_companies.company_type_id,>,1,title.phonetic_code,<,11392#762722
title##title.series_years,>,0,title.kind_id,>,1#90875
movie_info_idx,cast_info,movie_companies,title#title.id=movie_info_idx.movie_id,title.id=cast_info.movie_id,title.id=movie_companies.movie_id#cast_info.nr_order,<,1000,title.episode_nr,<,3#58771633
movie_keyword,title#title.id=movie_keyword.movie_id#movie_keyword.keyword_id,<,69018,title.phonetic_code,>,14542#1350755
cast_info,title#title.id=cast_info.movie_id#cast_info.nr_order,<,33,title.imdb_index,=,0#9964207
movie_companies,cast_info,movie_info,title#title.id=movie_companies.movie_id,title.id=cast_info.movie_id,title.id=movie_info.movie_id#movie_companies.company_type_id,<,2,title.kind_id,=,7#138218759
movie_companies,title#title.id=movie_companies.movie_id#title.episode_nr,<,16,title.imdb_index,=,0#2338051
movie_info,title#title.id=movie_info.movie_id#title.episode_nr,>,0,title.series_years,<,1146#3301553
movie_companies,title#title.id=movie_companies.movie_id#movie_companies.company_type_id,>,1,title.kind_id,>,1#694263
cast_info,movie_companies,title#title.id=cast_info.movie_id,title.id=movie_companies.movie_id#movie_companies.company_type_id,=,1,title.phonetic_code,<,19929#44876977
movie_keyword,movie_info_idx,movie_info,title#title.id=movie_keyword.movie_id,title.id=movie_info_idx.movie_id,title.id=movie_info.movie_id#movie_info_idx.info_type_id,<,101,title.phonetic_code,>,18989#31146298
movie_info,title#title.id=movie_info.movie_id#title.imdb_index,>,0,title.kind_id,>,1#14119
cast_info,title#title.id=cast_info.movie_id#cast_info.nr_order,<,1102,title.phonetic_code,>,665#8024577
cast_info,movie_info_idx,movie_companies,title#title.id=cast_info.movie_id,title.id=movie_info_idx.movie_id,title.id=movie_companies.movie_id#title.series_years,>,0,title.kind_id,<,7#5140737
movie_companies,cast_info,movie_info,title#title.id=movie_companies.movie_id,title.id=cast_info.movie_id,title.id=movie_info.movie_id#movie_info.info_type_id,<,107,title.kind_id,=,7#248731639
movie_companies,movie_keyword,title#title.id=movie_companies.movie_id,title.id=movie_keyword.movie_id#movie_companies.company_type_id,<,2,title.production_year,<,119#17788964
movie_keyword,movie_companies,movie_info_idx,title#title.id=movie_keyword.movie_id,title.id=movie_companies.movie_id,title.id=movie_info_idx.movie_id#movie_keyword.keyword_id,<,78213,title.kind_id,>,1#12081315
movie_companies,title#title.id=movie_companies.movie_id#title.season_nr,=,1,title.kind_id,>,1#310341
movie_info,movie_info_idx,cast_info,title#title.id=movie_info.movie_id,title.id=movie_info_idx.movie_id,title.id=cast_info.movie_id#cast_info.nr_order,>,0,title.kind_id,<,7#353998628
movie_info_idx,cast_info,movie_keyword,title#title.id=movie_info_idx.movie_id,title.id=cast_info.movie_id,title.id=movie_keyword.movie_id#movie_info_idx.info_type_id,>,99,title.episode_nr,>,0#32726464
cast_info,title#title.id=cast_info.movie_id#cast_info.role_id,<,9,title.series_years,>,0#770455
movie_info,title#title.id=movie_info.movie_id#title.season_nr,=,0,title.episode_nr,<,5843#11527318
movie_keyword,title#title.id=movie_keyword.movie_id#movie_keyword.keyword_id,>,1,title.imdb_index,>,0#68619
movie_keyword,cast_info,movie_companies,title#title.id=movie_keyword.movie_id,title.id=cast_info.movie_id,title.id=movie_companies.movie_id#cast_info.nr_order,<,48,title.season_nr,>,1#15698232
movie_companies,cast_info,title#title.id=movie_companies.movie_id,title.id=cast_info.movie_id#movie_companies.company_type_id,<,2,title.season_nr,>,0#10198288
movie_companies,movie_info,cast_info,movie_keyword,title#title.id=movie_companies.movie_id,title.id=movie_info.movie_id,title.id=cast_info.movie_id,title.id=movie_keyword.movie_id#title.episode_nr,>,0,title.production_year,>,14#1744910054
movie_info_idx,movie_companies,title#title.id=movie_info_idx.movie_id,title.id=movie_companies.movie_id#movie_companies.company_type_id,=,1,title.imdb_index,>,0#33455
cast_info,movie_companies,title#title.id=cast_info.movie_id,title.id=movie_companies.movie_id#title.production_year,>,88,title.kind_id,>,2#27208450
movie_keyword,movie_info_idx,movie_companies,movie_info,title#title.id=movie_keyword.movie_id,title.id=movie_info_idx.movie_id,title.id=movie_companies.movie_id,title.id=movie_info.movie_id#movie_keyword.keyword_id,<,52403,title.kind_id,<,7#13828133394
movie_companies,title#title.id=movie_companies.movie_id#title.season_nr,<,7,title.series_years,>,0#194247
movie_info_idx,movie_companies,movie_keyword,cast_info,title#title.id=movie_info_idx.movie_id,title.id=movie_companies.movie_id,title.id=movie_keyword.movie_id,title.id=cast_info.movie_id#movie_info_idx.info_type_id,<,100,title.phonetic_code,<,10210#1566488639
movie_companies,movie_keyword,movie_info,title#title.id=movie_companies.movie_id,title.id=movie_keyword.movie_id,title.id=movie_info.movie_id#movie_keyword.keyword_id,<,88732,title.imdb_index,=,0#4614942091
movie_companies,title#title.id=movie_companies.movie_id#title.kind_id,=,7,title.series_years,<,1205#717308
movie_info,movie_keyword,title#title.id=movie_info.movie_id,title.id=movie_keyword.movie_id#movie_keyword.keyword_id,<,64211,title.series_years,>,0#5738527
movie_keyword,movie_info_idx,movie_companies,cast_info,title#title.id=movie_keyword.movie_id,title.id=movie_info_idx.movie_id,title.id=movie_companies.movie_id,title.id=cast_info.movie_id#title.season_nr,=,0,title.kind_id,>,1#353814648
movie_info,title#title.id=movie_info.movie_id#movie_info.info_type_id,<,16,title.series_years,>,0#555645
movie_info,title#title.id=movie_info.movie_id#title.phonetic_code,<,18362,title.season_nr,>,0#3108014
movie_keyword,movie_info,movie_companies,title#title.id=movie_keyword.movie_id,title.id=movie_info.movie_id,title.id=movie_companies.movie_id#movie_info.info_type_id,<,98,title.kind_id,=,7#27788769
cast_info,title#title.id=cast_info.movie_id#title.series_years,>,0,title.episode_nr,>,0#1383
movie_companies,movie_keyword,movie_info_idx,movie_info,title#title.id=movie_companies.movie_id,title.id=movie_keyword.movie_id,title.id=movie_info_idx.movie_id,title.id=movie_info.movie_id#movie_companies.company_type_id,=,1,title.episode_nr,>,0#53932692
movie_info,cast_info,movie_info_idx,title#title.id=movie_info.movie_id,title.id=cast_info.movie_id,title.id=movie_info_idx.movie_id#title.production_year,>,51,title.kind_id,>,1#261960000
movie_info,title#title.id=movie_info.movie_id#movie_info.info_type_id,>,1,title.series_years,>,0#719017
cast_info,movie_info,title#title.id=cast_info.movie_id,title.id=movie_info.movie_id#movie_info.info_type_id,>,4,title.production_year,<,102#90158889
movie_info,cast_info,title#title.id=movie_info.movie_id,title.id=cast_info.movie_id#movie_info.info_type_id,>,2,title.kind_id,<,7#342799270
movie_keyword,movie_companies,cast_info,title#title.id=movie_keyword.movie_id,title.id=movie_companies.movie_id,title.id=cast_info.movie_id#movie_keyword.keyword_id,<,53420,title.production_year,>,80#2627856214
cast_info,title#title.id=cast_info.movie_id#title.series_years,>,0,title.imdb_index,<,2#888105
movie_info_idx,movie_info,movie_keyword,title#title.id=movie_info_idx.movie_id,title.id=movie_info.movie_id,title.id=movie_keyword.movie_id#movie_info.info_type_id,>,2,title.kind_id,=,7#14648316
movie_keyword,movie_info,title#title.id=movie_keyword.movie_id,title.id=movie_info.movie_id#title.season_nr,>,0,title.series_years,<,1035#6488126
title##title.phonetic_code,<,17529,title.production_year,<,124#1791140
movie_info,movie_info_idx,movie_companies,title#title.id=movie_info.movie_id,title.id=movie_info_idx.movie_id,title.id=movie_companies.movie_id#movie_companies.company_type_id,=,2,title.kind_id,<,7#37022756
movie_info_idx,title#title.id=movie_info_idx.movie_id#movie_info_idx.info_type_id,=,100,title.season_nr,=,0#322593
movie_keyword,movie_info,movie_companies,title#title.id=movie_keyword.movie_id,title.id=movie_info.movie_id,title.id=movie_companies.movie_id#title.production_year,<,126,title.episode_nr,<,11#4722101506
movie_companies,title#title.id=movie_companies.movie_id#movie_companies.company_type_id,<,2,title.kind_id,>,3#423110
cast_info,movie_info,movie_companies,title#title.id=cast_info.movie_id,title.id=movie_info.movie_id,title.id=movie_companies.movie_id#movie_companies.company_type_id,>,1,title.imdb_index,=,0#1077695430
movie_keyword,movie_companies,title#title.id=movie_keyword.movie_id,title.id=movie_companies.movie_id#title.season_nr,=,26,title.production_year,>,0#691
movie_companies,cast_info,movie_info_idx,title#title.id=movie_companies.movie_id,title.id=cast_info.movie_id,title.id=movie_info_idx.movie_id#movie_companies.company_type_id,>,1,title.season_nr,>,0#18676680
movie_companies,title#title.id=movie_companies.movie_id#movie_companies.company_type_id,>,1,title.production_year,<,127#1298553
cast_info,movie_keyword,movie_info_idx,movie_companies,title#title.id=cast_info.movie_id,title.id=movie_keyword.movie_id,title.id=movie_info_idx.movie_id,title.id=movie_companies.movie_id#movie_info_idx.info_type_id,>,99,title.episode_nr,>,0#150903338
movie_keyword,movie_info_idx,title#title.id=movie_keyword.movie_id,title.id=movie_info_idx.movie_id#title.season_nr,>,0,title.episode_nr,>,0#1082790
cast_info,movie_companies,movie_info,movie_keyword,title#title.id=cast_info.movie_id,title.id=movie_companies.movie_id,title.id=movie_info.movie_id,title.id=movie_keyword.movie_id#movie_companies.company_type_id,<,2,title.production_year,<,45#851405811
movie_keyword,title#title.id=movie_keyword.movie_id#title.episode_nr,<,13860,title.phonetic_code,>,0#4382958
movie_info,movie_keyword,movie_info_idx,title#title.id=movie_info.movie_id,title.id=movie_keyword.movie_id,title.id=movie_info_idx.movie_id#movie_keyword.keyword_id,<,93266,title.production_year,<,120#504999084
cast_info,title#title.id=cast_info.movie_id#cast_info.role_id,>,1,title.season_nr,=,24#16582
title##title.kind_id,<,7,title.phonetic_code,>,0#983595
movie_info_idx,title#title.id=movie_info_idx.movie_id#title.imdb_index,>,0,title.season_nr,=,0#17836
movie_info,title#title.id=movie_info.movie_id#movie_info.info_type_id,>,2,title.imdb_index,=,0#12502090
movie_keyword,title#title.id=movie_keyword.movie_id#title.phonetic_code,>,0,title.season_nr,<,5#4284347
movie_companies,title#title.id=movie_companies.movie_id#title.episode_nr,<,190,title.kind_id,>,1#1274268
title##title.series_years,<,975,title.episode_nr,<,28#2145457
cast_info,movie_info_idx,title#title.id=cast_info.movie_id,title.id=movie_info_idx.movie_id#movie_info_idx.info_type_id,=,100,title.kind_id,=,2#498621
movie_companies,movie_info_idx,title#title.id=movie_companies.movie_id,title.id=movie_info_idx.movie_id#title.kind_id,>,1,title.phonetic_code,<,17166#1464990
cast_info,title#title.id=cast_info.movie_id#cast_info.role_id,<,10,title.phonetic_code,>,1244#22738328
movie_companies,title#title.id=movie_companies.movie_id#movie_companies.company_type_id,<,2,title.episode_nr,>,0#295610
movie_info,title#title.id=movie_info.movie_id#title.kind_id,>,1,title.production_year,<,126#6151472
movie_info,title#title.id=movie_info.movie_id#title.kind_id,>,1,title.season_nr,>,0#3308402
movie_keyword,movie_companies,movie_info,title#title.id=movie_keyword.movie_id,title.id=movie_companies.movie_id,title.id=movie_info.movie_id#title.production_year,<,126,title.episode_nr,>,0#28232907
cast_info,movie_companies,title#title.id=cast_info.movie_id,title.id=movie_companies.movie_id#movie_companies.company_type_id,<,2,title.phonetic_code,>,7821#26534355
movie_info_idx,title#title.id=movie_info_idx.movie_id#title.phonetic_code,>,0,title.imdb_index,>,0#17749
movie_companies,movie_info,movie_keyword,title#title.id=movie_companies.movie_id,title.id=movie_info.movie_id,title.id=movie_keyword.movie_id#movie_info.info_type_id,<,98,title.production_year,<,126#3861167037
movie_info_idx,title#title.id=movie_info_idx.movie_id#movie_info_idx.info_type_id,=,99,title.production_year,>,125#23155
movie_companies,title#title.id=movie_companies.movie_id#title.production_year,>,102,title.season_nr,<,2#1335888
cast_info,title#title.id=cast_info.movie_id#title.phonetic_code,>,0,title.imdb_index,=,0#28310811
cast_info,movie_companies,movie_keyword,title#title.id=cast_info.movie_id,title.id=movie_companies.movie_id,title.id=movie_keyword.movie_id#movie_keyword.keyword_id,<,16264,title.phonetic_code,>,11394#982782029
movie_keyword,movie_info_idx,title#title.id=movie_keyword.movie_id,title.id=movie_info_idx.movie_id#title.imdb_index,=,0,title.production_year,<,126#10036137
movie_keyword,title#title.id=movie_keyword.movie_id#title.kind_id,<,7,title.phonetic_code,<,22984#3869918
movie_info_idx,title#title.id=movie_info_idx.movie_id#title.phonetic_code,<,17222,title.kind_id,=,7#364932
cast_info,movie_info_idx,movie_info,movie_keyword,title#title.id=cast_info.movie_id,title.id=movie_info_idx.movie_id,title.id=movie_info.movie_id,title.id=movie_keyword.movie_id#title.episode_nr,>,0,title.production_year,>,96#740510277
movie_companies,title#title.id=movie_companies.movie_id#movie_companies.company_type_id,=,2,title.kind_id,=,2#98281
movie_companies,movie_info_idx,movie_info,title#title.id=movie_companies.movie_id,title.id=movie_info_idx.movie_id,title.id=movie_info.movie_id#movie_info.info_type_id,>,2,title.imdb_index,>,0#3296557
movie_info,cast_info,title#title.id=movie_info.movie_id,title.id=cast_info.movie_id#movie_info.info_type_id,<,98,title.imdb_index,=,0#400499322
movie_companies,title#title.id=movie_companies.movie_id#title.production_year,>,88,title.series_years,>,0#172466
movie_info,movie_info_idx,movie_keyword,title#title.id=movie_info.movie_id,title.id=movie_info_idx.movie_id,title.id=movie_keyword.movie_id#movie_info.info_type_id,>,1,title.episode_nr,>,38#125853
movie_companies,movie_info_idx,title#title.id=movie_companies.movie_id,title.id=movie_info_idx.movie_id#movie_companies.company_type_id,=,1,title.series_years,>,0#173523
cast_info,title#title.id=cast_info.movie_id#title.production_year,<,124,title.episode_nr,<,33#24846503
movie_keyword,title#title.id=movie_keyword.movie_id#movie_keyword.keyword_id,>,1,title.phonetic_code,>,20834#113327
movie_info,movie_info_idx,cast_info,movie_keyword,title#title.id=movie_info.movie_id,title.id=movie_info_idx.movie_id,title.id=cast_info.movie_id,title.id=movie_keyword.movie_id#movie_info.info_type_id,>,2,title.phonetic_code,<,1247#6948235847
movie_info_idx,movie_companies,movie_info,title#title.id=movie_info_idx.movie_id,title.id=movie_companies.movie_id,title.id=movie_info.movie_id#movie_info_idx.info_type_id,<,101,title.imdb_index,=,0#113702448
movie_info,title#title.id=movie_info.movie_id#movie_info.info_type_id,<,98,title.series_years,>,0#745101
movie_keyword,movie_info,movie_info_idx,movie_companies,title#title.id=movie_keyword.movie_id,title.id=movie_info.movie_id,title.id=movie_info_idx.movie_id,title.id=movie_companies.movie_id#movie_info.info_type_id,<,105,title.episode_nr,<,36#12612683910
movie_info,title#title.id=movie_info.movie_id#movie_info.info_type_id,>,3,title.production_year,<,109#4905505
movie_info,movie_companies,title#title.id=movie_info.movie_id,title.id=movie_companies.movie_id#movie_info.info_type_id,>,3,title.imdb_index,>,0#1168379
movie_companies,title#title.id=movie_companies.movie_id#title.season_nr,<,4,title.series_years,>,0#194247
movie_info,title#title.id=movie_info.movie_id#movie_info.info_type_id,<,107,title.kind_id,>,6#3963167
movie_companies,cast_info,movie_info,title#title.id=movie_companies.movie_id,title.id=cast_info.movie_id,title.id=movie_info.movie_id#movie_companies.company_type_id,<,2,title.season_nr,<,2#4596752733
movie_companies,title#title.id=movie_companies.movie_id#title.episode_nr,>,0,title.season_nr,>,0#671526
cast_info,movie_companies,title#title.id=cast_info.movie_id,title.id=movie_companies.movie_id#cast_info.nr_order,>,1,title.production_year,<,113#12203403
movie_keyword,movie_info_idx,title#title.id=movie_keyword.movie_id,title.id=movie_info_idx.movie_id#movie_keyword.keyword_id,>,262,title.season_nr,=,1#400605
cast_info,movie_info_idx,movie_companies,title#title.id=cast_info.movie_id,title.id=movie_info_idx.movie_id,title.id=movie_companies.movie_id#movie_info_idx.info_type_id,>,99,title.episode_nr,<,167#127444084
cast_info,movie_companies,title#title.id=cast_info.movie_id,title.id=movie_companies.movie_id#movie_companies.company_type_id,>,1,title.phonetic_code,<,16776#26132033
movie_info_idx,cast_info,movie_info,movie_companies,title#title.id=movie_info_idx.movie_id,title.id=cast_info.movie_id,title.id=movie_info.movie_id,title.id=movie_companies.movie_id#cast_info.role_id,<,8,title.production_year,>,99#7862433061
title##title.production_year,>,101,title.imdb_index,>,0#21973
movie_keyword,title#title.id=movie_keyword.movie_id#movie_keyword.keyword_id,<,97871,title.imdb_index,>,0#67509
movie_keyword,title#title.id=movie_keyword.movie_id#movie_keyword.keyword_id,>,580,title.production_year,>,119#1074943
movie_info,movie_companies,title#title.id=movie_info.movie_id,title.id=movie_companies.movie_id#movie_companies.company_type_id,<,2,title.production_year,>,46#46166577
movie_keyword,movie_companies,title#title.id=movie_keyword.movie_id,title.id=movie_companies.movie_id#movie_companies.company_type_id,=,2,title.production_year,<,116#4261104
movie_info_idx,title#title.id=movie_info_idx.movie_id#movie_info_idx.info_type_id,>,99,title.production_year,>,87#749644
movie_info,title#title.id=movie_info.movie_id#title.phonetic_code,<,18353,title.season_nr,<,20#13564724
movie_info,title#title.id=movie_info.movie_id#title.kind_id,<,7,title.series_years,>,0#769513
movie_keyword,movie_info_idx,title#title.id=movie_keyword.movie_id,title.id=movie_info_idx.movie_id#title.kind_id,=,1,title.phonetic_code,>,0#7531299
movie_companies,title#title.id=movie_companies.movie_id#title.production_year,<,126,title.phonetic_code,>,0#2325235
title##title.episode_nr,>,0,title.kind_id,>,1#1102414
movie_keyword,movie_info_idx,movie_companies,movie_info,title#title.id=movie_keyword.movie_id,title.id=movie_info_idx.movie_id,title.id=movie_companies.movie_id,title.id=movie_info.movie_id#movie_keyword.keyword_id,<,71440,title.production_year,>,120#3698152975
movie_info,movie_companies,movie_info_idx,movie_keyword,title#title.id=movie_info.movie_id,title.id=movie_companies.movie_id,title.id=movie_info_idx.movie_id,title.id=movie_keyword.movie_id#movie_keyword.keyword_id,<,25897,title.production_year,>,107#8631161918
cast_info,movie_companies,title#title.id=cast_info.movie_id,title.id=movie_companies.movie_id#title.production_year,<,127,title.season_nr,>,0#20639731
movie_info,title#title.id=movie_info.movie_id#movie_info.info_type_id,<,103,title.phonetic_code,>,0#13001385
movie_companies,title#title.id=movie_companies.movie_id#title.phonetic_code,<,16082,title.series_years,>,0#143968
movie_info,movie_companies,movie_keyword,title#title.id=movie_info.movie_id,title.id=movie_companies.movie_id,title.id=movie_keyword.movie_id#movie_keyword.keyword_id,<,59272,title.season_nr,=,18#21490
movie_keyword,cast_info,title#title.id=movie_keyword.movie_id,title.id=cast_info.movie_id#movie_keyword.keyword_id,>,1559,title.season_nr,=,0#145582971
movie_info,movie_keyword,movie_companies,title#title.id=movie_info.movie_id,title.id=movie_keyword.movie_id,title.id=movie_companies.movie_id#title.episode_nr,<,9,title.series_years,>,0#79896214
movie_keyword,title#title.id=movie_keyword.movie_id#title.episode_nr,>,0,title.production_year,<,124#467701
movie_info_idx,cast_info,movie_info,movie_keyword,title#title.id=movie_info_idx.movie_id,title.id=cast_info.movie_id,title.id=movie_info.movie_id,title.id=movie_keyword.movie_id#movie_keyword.keyword_id,<,28948,title.production_year,>,122#12511402238
movie_keyword,title#title.id=movie_keyword.movie_id#title.imdb_index,>,0,title.series_years,>,0#1150
movie_keyword,movie_info_idx,movie_info,cast_info,title#title.id=movie_keyword.movie_id,title.id=movie_info_idx.movie_id,title.id=movie_info.movie_id,title.id=cast_info.movie_id#movie_keyword.keyword_id,>,121,title.episode_nr,>,0#797647599
cast_info,movie_keyword,movie_info_idx,title#title.id=cast_info.movie_id,title.id=movie_keyword.movie_id,title.id=movie_info_idx.movie_id#movie_keyword.keyword_id,>,82,title.imdb_index,>,0#13141949
movie_info,cast_info,title#title.id=movie_info.movie_id,title.id=cast_info.movie_id#title.production_year,<,124,title.imdb_index,>,0#5092819
movie_info,title#title.id=movie_info.movie_id#title.series_years,>,0,title.kind_id,>,1#769650
movie_keyword,title#title.id=movie_keyword.movie_id#movie_keyword.keyword_id,>,335,title.phonetic_code,>,20352#192335
movie_info_idx,title#title.id=movie_info_idx.movie_id#title.kind_id,<,7,title.season_nr,<,16#954317
movie_info_idx,movie_companies,cast_info,title#title.id=movie_info_idx.movie_id,title.id=movie_companies.movie_id,title.id=cast_info.movie_id#title.series_years,>,0,title.phonetic_code,>,0#5130714
title##title.series_years,>,0,title.phonetic_code,>,0#90770
cast_info,movie_info_idx,movie_keyword,title#title.id=cast_info.movie_id,title.id=movie_info_idx.movie_id,title.id=movie_keyword.movie_id#title.phonetic_code,>,0,title.series_years,>,0#7859169
movie_companies,title#title.id=movie_companies.movie_id#title.kind_id,>,1,title.phonetic_code,<,22145#1291952
movie_keyword,movie_companies,cast_info,movie_info_idx,title#title.id=movie_keyword.movie_id,title.id=movie_companies.movie_id,title.id=cast_info.movie_id,title.id=movie_info_idx.movie_id#movie_companies.company_type_id,<,2,title.season_nr,>,0#136729581
movie_keyword,cast_info,title#title.id=movie_keyword.movie_id,title.id=cast_info.movie_id#movie_keyword.keyword_id,>,85,title.production_year,<,88#34785928
cast_info,movie_info,title#title.id=cast_info.movie_id,title.id=movie_info.movie_id#title.series_years,>,0,title.production_year,<,126#10178779
title##title.production_year,>,27,title.season_nr,>,0#1048335
movie_keyword,title#title.id=movie_keyword.movie_id#movie_keyword.keyword_id,<,13751,title.production_year,<,126#3133545
movie_info_idx,title#title.id=movie_info_idx.movie_id#title.production_year,<,123,title.season_nr,=,0#810572
movie_keyword,movie_info_idx,movie_companies,title#title.id=movie_keyword.movie_id,title.id=movie_info_idx.movie_id,title.id=movie_companies.movie_id#title.production_year,>,102,title.imdb_index,>,0#2206569
movie_keyword,title#title.id=movie_keyword.movie_id#title.series_years,>,0,title.episode_nr,>,0#100
movie_info,movie_keyword,cast_info,movie_companies,title#title.id=movie_info.movie_id,title.id=movie_keyword.movie_id,title.id=cast_info.movie_id,title.id=movie_companies.movie_id#cast_info.nr_order,>,3,title.series_years,>,0#127754141
movie_companies,title#title.id=movie_companies.movie_id#movie_companies.company_type_id,=,1,title.series_years,>,0#95975
movie_companies,movie_keyword,movie_info,title#title.id=movie_companies.movie_id,title.id=movie_keyword.movie_id,title.id=movie_info.movie_id#movie_info.info_type_id,>,1,title.series_years,>,0#78759431
cast_info,movie_companies,movie_keyword,title#title.id=cast_info.movie_id,title.id=movie_companies.movie_id,title.id=movie_keyword.movie_id#cast_info.role_id,>,1,title.phonetic_code,<,3165#498656483
cast_info,title#title.id=cast_info.movie_id#cast_info.role_id,=,1,title.series_years,>,0#283008
movie_companies,title#title.id=movie_companies.movie_id#title.phonetic_code,<,12252,title.season_nr,>,0#451858
cast_info,title#title.id=cast_info.movie_id#cast_info.role_id,<,10,title.production_year,<,121#19510354
movie_companies,movie_info,title#title.id=movie_companies.movie_id,title.id=movie_info.movie_id#movie_companies.company_type_id,<,2,title.production_year,>,51#45531771
title##title.phonetic_code,<,22746,title.production_year,<,125#2131136
cast_info,title#title.id=cast_info.movie_id#title.series_years,<,1403,title.production_year,>,29#35615873
movie_info,movie_info_idx,cast_info,movie_companies,title#title.id=movie_info.movie_id,title.id=movie_info_idx.movie_id,title.id=cast_info.movie_id,title.id=movie_companies.movie_id#movie_companies.company_type_id,>,1,title.kind_id,>,1#487781397
movie_companies,title#title.id=movie_companies.movie_id#title.production_year,<,126,title.phonetic_code,>,0#2325235
movie_companies,title#title.id=movie_companies.movie_id#movie_companies.company_type_id,>,1,title.production_year,>,111#686207
movie_companies,movie_keyword,title#title.id=movie_companies.movie_id,title.id=movie_keyword.movie_id#movie_companies.company_type_id,>,1,title.episode_nr,<,20#8344389
movie_companies,movie_info_idx,cast_info,movie_keyword,title#title.id=movie_companies.movie_id,title.id=movie_info_idx.movie_id,title.id=cast_info.movie_id,title.id=movie_keyword.movie_id#title.production_year,>,15,title.phonetic_code,>,0#9384110551
movie_info_idx,cast_info,movie_keyword,title#title.id=movie_info_idx.movie_id,title.id=cast_info.movie_id,title.id=movie_keyword.movie_id#cast_info.role_id,>,1,title.production_year,<,127#383579467
cast_info,movie_info_idx,movie_companies,title#title.id=cast_info.movie_id,title.id=movie_info_idx.movie_id,title.id=movie_companies.movie_id#cast_info.role_id,=,1,title.production_year,<,127#65251123
movie_info_idx,movie_info,title#title.id=movie_info_idx.movie_id,title.id=movie_info.movie_id#title.phonetic_code,>,0,title.season_nr,>,0#3448992
cast_info,movie_keyword,title#title.id=cast_info.movie_id,title.id=movie_keyword.movie_id#movie_keyword.keyword_id,>,807,title.season_nr,=,0#162901029
movie_info,movie_companies,cast_info,title#title.id=movie_info.movie_id,title.id=movie_companies.movie_id,title.id=cast_info.movie_id#movie_info.info_type_id,<,98,title.imdb_index,=,0#4626489117
movie_info_idx,cast_info,title#title.id=movie_info_idx.movie_id,title.id=cast_info.movie_id#movie_info_idx.info_type_id,=,100,title.season_nr,>,1#3269200
movie_info,movie_info_idx,cast_info,movie_companies,title#title.id=movie_info.movie_id,title.id=movie_info_idx.movie_id,title.id=cast_info.movie_id,title.id=movie_companies.movie_id#cast_info.role_id,<,10,title.production_year,<,81#1104294745
movie_companies,cast_info,title#title.id=movie_companies.movie_id,title.id=cast_info.movie_id#movie_companies.company_type_id,=,1,title.kind_id,<,7#37059001
movie_info_idx,title#title.id=movie_info_idx.movie_id#movie_info_idx.info_type_id,>,99,title.kind_id,=,1#420020
movie_keyword,title#title.id=movie_keyword.movie_id#movie_keyword.keyword_id,<,58564,title.phonetic_code,<,17912#3754890
movie_keyword,movie_companies,cast_info,movie_info_idx,title#title.id=movie_keyword.movie_id,title.id=movie_companies.movie_id,title.id=cast_info.movie_id,title.id=movie_info_idx.movie_id#cast_info.role_id,<,7,title.kind_id,>,1#375365718
movie_info,title#title.id=movie_info.movie_id#movie_info.info_type_id,<,16,title.season_nr,=,0#7816940
movie_keyword,title#title.id=movie_keyword.movie_id#title.season_nr,=,0,title.phonetic_code,<,22140#3893768
title##title.production_year,<,127,title.season_nr,<,19#2428935
title##title.season_nr,<,3,title.production_year,<,127#2112666
title##title.imdb_index,=,0,title.episode_nr,>,0#1102414
movie_info_idx,movie_info,movie_companies,title#title.id=movie_info_idx.movie_id,title.id=movie_info.movie_id,title.id=movie_companies.movie_id#title.season_nr,>,0,title.imdb_index,=,0#12424443
movie_info,movie_info_idx,movie_keyword,title#title.id=movie_info.movie_id,title.id=movie_info_idx.movie_id,title.id=movie_keyword.movie_id#movie_info.info_type_id,<,98,title.production_year,<,126#575369649
movie_companies,cast_info,title#title.id=movie_companies.movie_id,title.id=cast_info.movie_id#title.phonetic_code,>,0,title.episode_nr,<,58#77149743
movie_info_idx,title#title.id=movie_info_idx.movie_id#title.phonetic_code,>,0,title.season_nr,=,2#70101
movie_info_idx,movie_companies,title#title.id=movie_info_idx.movie_id,title.id=movie_companies.movie_id#movie_info_idx.info_type_id,>,99,title.episode_nr,>,0#584920
cast_info,title#title.id=cast_info.movie_id#title.imdb_index,>,0,title.production_year,>,68#359840
cast_info,movie_info_idx,title#title.id=cast_info.movie_id,title.id=movie_info_idx.movie_id#cast_info.role_id,=,8,title.imdb_index,=,0#1358900
title##title.episode_nr,<,49,title.series_years,>,0#90875
movie_info_idx,title#title.id=movie_info_idx.movie_id#title.episode_nr,<,25,title.phonetic_code,<,18980#1243114
movie_keyword,title#title.id=movie_keyword.movie_id#movie_keyword.keyword_id,>,1649,title.phonetic_code,<,10885#1744093
movie_companies,title#title.id=movie_companies.movie_id#movie_companies.company_type_id,>,1,title.production_year,<,26#54154
movie_info_idx,title#title.id=movie_info_idx.movie_id#movie_info_idx.info_type_id,<,101,title.kind_id,<,7#636038
cast_info,title#title.id=cast_info.movie_id#cast_info.role_id,>,1,title.episode_nr,>,26#3331910
movie_info_idx,title#title.id=movie_info_idx.movie_id#title.imdb_index,=,0,title.series_years,<,1400#1356220
cast_info,movie_companies,title#title.id=cast_info.movie_id,title.id=movie_companies.movie_id#cast_info.role_id,>,1,title.season_nr,>,1#8744252
movie_keyword,cast_info,movie_info,movie_companies,title#title.id=movie_keyword.movie_id,title.id=cast_info.movie_id,title.id=movie_info.movie_id,title.id=movie_companies.movie_id#cast_info.nr_order,>,1,title.episode_nr,>,0#567157788
movie_keyword,movie_info_idx,movie_info,movie_companies,title#title.id=movie_keyword.movie_id,title.id=movie_info_idx.movie_id,title.id=movie_info.movie_id,title.id=movie_companies.movie_id#movie_info_idx.info_type_id,>,99,title.season_nr,=,0#10213051762
movie_companies,movie_keyword,cast_info,movie_info,title#title.id=movie_companies.movie_id,title.id=movie_keyword.movie_id,title.id=cast_info.movie_id,title.id=movie_info.movie_id#title.season_nr,>,0,title.production_year,>,94#1648552867
movie_info_idx,movie_keyword,movie_info,title#title.id=movie_info_idx.movie_id,title.id=movie_keyword.movie_id,title.id=movie_info.movie_id#title.series_years,>,0,title.phonetic_code,<,19473#15474603
movie_info,movie_info_idx,movie_keyword,title#title.id=movie_info.movie_id,title.id=movie_info_idx.movie_id,title.id=movie_keyword.movie_id#movie_info.info_type_id,>,3,title.production_year,<,126#636868951
movie_info,movie_info_idx,movie_companies,title#title.id=movie_info.movie_id,title.id=movie_info_idx.movie_id,title.id=movie_companies.movie_id#movie_info_idx.info_type_id,>,99,title.phonetic_code,<,7794#51461373
cast_info,movie_companies,movie_info_idx,movie_keyword,title#title.id=cast_info.movie_id,title.id=movie_companies.movie_id,title.id=movie_info_idx.movie_id,title.id=movie_keyword.movie_id#cast_info.role_id,>,1,title.kind_id,=,7#170825457
movie_info,cast_info,title#title.id=movie_info.movie_id,title.id=cast_info.movie_id#movie_info.info_type_id,>,1,title.episode_nr,<,211#440479516
cast_info,title#title.id=cast_info.movie_id#title.season_nr,=,0,title.series_years,<,549#16537839
movie_info_idx,movie_keyword,movie_info,title#title.id=movie_info_idx.movie_id,title.id=movie_keyword.movie_id,title.id=movie_info.movie_id#movie_info_idx.info_type_id,=,100,title.kind_id,>,1#20041028
movie_info,movie_companies,title#title.id=movie_info.movie_id,title.id=movie_companies.movie_id#movie_info.info_type_id,<,18,title.kind_id,>,4#5792258
movie_keyword,movie_companies,movie_info_idx,cast_info,title#title.id=movie_keyword.movie_id,title.id=movie_companies.movie_id,title.id=movie_info_idx.movie_id,title.id=cast_info.movie_id#movie_keyword.keyword_id,>,231,title.episode_nr,>,0#215599932
cast_info,title#title.id=cast_info.movie_id#cast_info.nr_order,<,1001,title.episode_nr,>,0#5951806
cast_info,movie_info_idx,movie_keyword,title#title.id=cast_info.movie_id,title.id=movie_info_idx.movie_id,title.id=movie_keyword.movie_id#cast_info.role_id,>,1,title.kind_id,=,7#36267708
movie_companies,title#title.id=movie_companies.movie_id#movie_companies.company_type_id,>,1,title.phonetic_code,<,5461#456050
movie_info_idx,movie_companies,title#title.id=movie_info_idx.movie_id,title.id=movie_companies.movie_id#movie_info_idx.info_type_id,>,99,title.episode_nr,>,0#584920
cast_info,movie_companies,title#title.id=cast_info.movie_id,title.id=movie_companies.movie_id#title.phonetic_code,>,0,title.production_year,>,0#77634204
movie_keyword,movie_companies,title#title.id=movie_keyword.movie_id,title.id=movie_companies.movie_id#title.season_nr,=,0,title.series_years,>,0#996554
movie_info,title#title.id=movie_info.movie_id#movie_info.info_type_id,>,1,title.imdb_index,=,0#13765620
movie_info_idx,movie_info,cast_info,movie_companies,title#title.id=movie_info_idx.movie_id,title.id=movie_info.movie_id,title.id=cast_info.movie_id,title.id=movie_companies.movie_id#movie_companies.company_type_id,=,1,title.phonetic_code,>,3175#11023043730
cast_info,movie_info,movie_companies,title#title.id=cast_info.movie_id,title.id=movie_info.movie_id,title.id=movie_companies.movie_id#title.season_nr,>,0,title.production_year,<,126#230409138
cast_info,movie_info_idx,movie_keyword,title#title.id=cast_info.movie_id,title.id=movie_info_idx.movie_id,title.id=movie_keyword.movie_id#cast_info.role_id,>,1,title.season_nr,=,1#13399044
movie_info,cast_info,title#title.id=movie_info.movie_id,title.id=cast_info.movie_id#title.imdb_index,=,0,title.kind_id,=,7#90419130
movie_companies,movie_info,movie_info_idx,movie_keyword,title#title.id=movie_companies.movie_id,title.id=movie_info.movie_id,title.id=movie_info_idx.movie_id,title.id=movie_keyword.movie_id#movie_companies.company_type_id,>,1,title.imdb_index,<,1#2199910838
title##title.kind_id,=,7,title.imdb_index,=,0#1543264
cast_info,movie_info_idx,title#title.id=cast_info.movie_id,title.id=movie_info_idx.movie_id#movie_info_idx.info_type_id,=,100,title.production_year,<,63#623917
movie_info,title#title.id=movie_info.movie_id#movie_info.info_type_id,<,94,title.imdb_index,>,0#262046
movie_companies,movie_info_idx,title#title.id=movie_companies.movie_id,title.id=movie_info_idx.movie_id#title.phonetic_code,>,0,title.imdb_index,>,0#57470
movie_keyword,title#title.id=movie_keyword.movie_id#movie_keyword.keyword_id,>,25,title.kind_id,=,1#2877425
movie_info_idx,title#title.id=movie_info_idx.movie_id#movie_info_idx.info_type_id,=,99,title.kind_id,>,1#250045
movie_info_idx,movie_companies,cast_info,title#title.id=movie_info_idx.movie_id,title.id=movie_companies.movie_id,title.id=cast_info.movie_id#title.phonetic_code,>,0,title.production_year,<,124#158401573
movie_companies,title#title.id=movie_companies.movie_id#movie_companies.company_type_id,<,2,title.phonetic_code,>,12074#482128
movie_info_idx,cast_info,movie_keyword,title#title.id=movie_info_idx.movie_id,title.id=cast_info.movie_id,title.id=movie_keyword.movie_id#cast_info.nr_order,<,17,title.season_nr,<,8#127043035
movie_info_idx,title#title.id=movie_info_idx.movie_id#title.imdb_index,>,0,title.phonetic_code,<,17349#15523
movie_keyword,movie_info,title#title.id=movie_keyword.movie_id,title.id=movie_info.movie_id#movie_keyword.keyword_id,<,105195,title.phonetic_code,>,512#224945409
movie_companies,movie_info,movie_keyword,title#title.id=movie_companies.movie_id,title.id=movie_info.movie_id,title.id=movie_keyword.movie_id#movie_keyword.keyword_id,<,71485,title.kind_id,<,6#4555665663
movie_companies,title#title.id=movie_companies.movie_id#title.episode_nr,<,68,title.imdb_index,=,0#2520900
movie_companies,title#title.id=movie_companies.movie_id#movie_companies.company_type_id,<,2,title.season_nr,=,0#978039
movie_info_idx,cast_info,movie_companies,movie_info,title#title.id=movie_info_idx.movie_id,title.id=cast_info.movie_id,title.id=movie_companies.movie_id,title.id=movie_info.movie_id#cast_info.role_id,>,1,title.imdb_index,=,0#11520242061
movie_info,movie_info_idx,title#title.id=movie_info.movie_id,title.id=movie_info_idx.movie_id#movie_info.info_type_id,<,98,title.kind_id,>,1#6874917
movie_keyword,title#title.id=movie_keyword.movie_id#movie_keyword.keyword_id,>,50,title.phonetic_code,>,10842#2079122
movie_companies,cast_info,title#title.id=movie_companies.movie_id,title.id=cast_info.movie_id#title.phonetic_code,>,0,title.kind_id,=,1#47437730
movie_info_idx,title#title.id=movie_info_idx.movie_id#movie_info_idx.info_type_id,=,101,title.series_years,>,0#37685
cast_info,movie_info,movie_info_idx,movie_companies,title#title.id=cast_info.movie_id,title.id=movie_info.movie_id,title.id=movie_info_idx.movie_id,title.id=movie_companies.movie_id#title.production_year,>,28,title.season_nr,=,4#54609879
movie_info_idx,movie_keyword,title#title.id=movie_info_idx.movie_id,title.id=movie_keyword.movie_id#movie_info_idx.info_type_id,=,99,title.kind_id,=,7#369140
movie_companies,cast_info,movie_keyword,title#title.id=movie_companies.movie_id,title.id=cast_info.movie_id,title.id=movie_keyword.movie_id#cast_info.role_id,<,8,title.episode_nr,>,0#52512739
movie_companies,movie_keyword,movie_info,title#title.id=movie_companies.movie_id,title.id=movie_keyword.movie_id,title.id=movie_info.movie_id#movie_companies.company_type_id,<,2,title.imdb_index,=,0#4009317369
movie_info,movie_companies,movie_info_idx,title#title.id=movie_info.movie_id,title.id=movie_companies.movie_id,title.id=movie_info_idx.movie_id#movie_companies.company_type_id,=,2,title.phonetic_code,>,0#42339890
cast_info,movie_companies,title#title.id=cast_info.movie_id,title.id=movie_companies.movie_id#title.production_year,<,124,title.phonetic_code,<,22299#64812428
movie_info,title#title.id=movie_info.movie_id#movie_info.info_type_id,<,18,title.episode_nr,>,0#3005531
movie_info,movie_info_idx,cast_info,title#title.id=movie_info.movie_id,title.id=movie_info_idx.movie_id,title.id=cast_info.movie_id#cast_info.nr_order,<,1000,title.episode_nr,>,1#50084565
title##title.production_year,<,127,title.kind_id,=,1#640804
cast_info,movie_companies,title#title.id=cast_info.movie_id,title.id=movie_companies.movie_id#cast_info.role_id,>,2,title.production_year,<,112#12498133
cast_info,movie_info_idx,title#title.id=cast_info.movie_id,title.id=movie_info_idx.movie_id#title.season_nr,=,0,title.production_year,<,125#23776185
movie_companies,cast_info,movie_keyword,title#title.id=movie_companies.movie_id,title.id=cast_info.movie_id,title.id=movie_keyword.movie_id#movie_companies.company_type_id,<,2,title.production_year,>,120#871648558
movie_companies,cast_info,title#title.id=movie_companies.movie_id,title.id=cast_info.movie_id#movie_companies.company_type_id,>,1,title.imdb_index,=,0#32308612
movie_info_idx,cast_info,movie_keyword,movie_companies,title#title.id=movie_info_idx.movie_id,title.id=cast_info.movie_id,title.id=movie_keyword.movie_id,title.id=movie_companies.movie_id#movie_keyword.keyword_id,>,382,title.series_years,>,0#47255085
movie_info,title#title.id=movie_info.movie_id#title.production_year,>,75,title.kind_id,=,2#732956
movie_info_idx,cast_info,movie_info,title#title.id=movie_info_idx.movie_id,title.id=cast_info.movie_id,title.id=movie_info.movie_id#movie_info_idx.info_type_id,<,101,title.phonetic_code,>,3906#540081370
movie_info_idx,movie_keyword,title#title.id=movie_info_idx.movie_id,title.id=movie_keyword.movie_id#title.phonetic_code,>,0,title.production_year,<,123#9036160
movie_info,movie_keyword,title#title.id=movie_info.movie_id,title.id=movie_keyword.movie_id#movie_info.info_type_id,>,2,title.series_years,>,1073#3921344
movie_info,cast_info,movie_keyword,movie_companies,title#title.id=movie_info.movie_id,title.id=cast_info.movie_id,title.id=movie_keyword.movie_id,title.id=movie_companies.movie_id#movie_companies.company_type_id,>,1,title.production_year,>,125#3954215726
movie_keyword,movie_info_idx,cast_info,movie_info,title#title.id=movie_keyword.movie_id,title.id=movie_info_idx.movie_id,title.id=cast_info.movie_id,title.id=movie_info.movie_id#movie_keyword.keyword_id,>,62,title.season_nr,>,0#816386715
movie_info_idx,title#title.id=movie_info_idx.movie_id#movie_info_idx.info_type_id,=,100,title.phonetic_code,>,17079#78706
movie_info_idx,title#title.id=movie_info_idx.movie_id#title.episode_nr,<,147,title.kind_id,>,1#745779
movie_info_idx,cast_info,movie_companies,title#title.id=movie_info_idx.movie_id,title.id=cast_info.movie_id,title.id=movie_companies.movie_id#cast_info.role_id,=,2,title.production_year,>,119#10777417
movie_keyword,movie_companies,cast_info,movie_info_idx,title#title.id=movie_keyword.movie_id,title.id=movie_companies.movie_id,title.id=cast_info.movie_id,title.id=movie_info_idx.movie_id#title.kind_id,>,1,title.phonetic_code,>,0#574067649
movie_companies,movie_info_idx,cast_info,title#title.id=movie_companies.movie_id,title.id=movie_info_idx.movie_id,title.id=cast_info.movie_id#cast_info.role_id,<,10,title.kind_id,=,3#9712053
movie_companies,movie_info,movie_keyword,title#title.id=movie_companies.movie_id,title.id=movie_info.movie_id,title.id=movie_keyword.movie_id#movie_companies.company_type_id,<,2,title.phonetic_code,<,16716#3213738456
movie_companies,title#title.id=movie_companies.movie_id#movie_companies.company_type_id,<,2,title.imdb_index,>,0#17258
movie_info,movie_keyword,title#title.id=movie_info.movie_id,title.id=movie_keyword.movie_id#movie_keyword.keyword_id,<,85901,title.imdb_index,=,0#224692231
movie_info,title#title.id=movie_info.movie_id#title.phonetic_code,>,0,title.season_nr,>,0#2508179
movie_keyword,movie_info_idx,movie_info,title#title.id=movie_keyword.movie_id,title.id=movie_info_idx.movie_id,title.id=movie_info.movie_id#movie_info_idx.info_type_id,=,99,title.kind_id,>,1#20041028
movie_info_idx,movie_info,title#title.id=movie_info_idx.movie_id,title.id=movie_info.movie_id#movie_info_idx.info_type_id,>,99,title.production_year,<,121#10663782
movie_info,movie_keyword,title#title.id=movie_info.movie_id,title.id=movie_keyword.movie_id#movie_info.info_type_id,<,18,title.episode_nr,>,0#5565773
movie_keyword,title#title.id=movie_keyword.movie_id#movie_keyword.keyword_id,>,286,title.phonetic_code,>,3587#3062064
cast_info,title#title.id=cast_info.movie_id#title.season_nr,<,39,title.production_year,>,75#33084855
movie_companies,movie_keyword,title#title.id=movie_companies.movie_id,title.id=movie_keyword.movie_id#movie_keyword.keyword_id,>,1450,title.imdb_index,=,0#26130653
movie_info_idx,movie_companies,movie_keyword,cast_info,title#title.id=movie_info_idx.movie_id,title.id=movie_companies.movie_id,title.id=movie_keyword.movie_id,title.id=cast_info.movie_id#movie_keyword.keyword_id,>,398,title.phonetic_code,>,7187#5021758196
movie_info,movie_keyword,movie_companies,title#title.id=movie_info.movie_id,title.id=movie_keyword.movie_id,title.id=movie_companies.movie_id#movie_companies.company_type_id,=,1,title.series_years,<,1403#4103544159
cast_info,title#title.id=cast_info.movie_id#cast_info.role_id,>,1,title.series_years,>,0#607773
movie_info_idx,movie_keyword,cast_info,title#title.id=movie_info_idx.movie_id,title.id=movie_keyword.movie_id,title.id=cast_info.movie_id#title.episode_nr,<,171,title.phonetic_code,<,20374#577746278
movie_keyword,title#title.id=movie_keyword.movie_id#movie_keyword.keyword_id,>,43,title.season_nr,=,0#3899570
movie_keyword,movie_companies,title#title.id=movie_keyword.movie_id,title.id=movie_companies.movie_id#title.series_years,<,1311,title.production_year,>,0#34335003
movie_info,title#title.id=movie_info.movie_id#movie_info.info_type_id,<,103,title.phonetic_code,>,13648#4582192
movie_companies,movie_info,movie_info_idx,title#title.id=movie_companies.movie_id,title.id=movie_info.movie_id,title.id=movie_info_idx.movie_id#movie_info.info_type_id,>,2,title.phonetic_code,>,9020#89844030
movie_keyword,movie_info_idx,cast_info,movie_info,title#title.id=movie_keyword.movie_id,title.id=movie_info_idx.movie_id,title.id=cast_info.movie_id,title.id=movie_info.movie_id#movie_keyword.keyword_id,<,29290,title.season_nr,=,1#287713752
movie_keyword,title#title.id=movie_keyword.movie_id#movie_keyword.keyword_id,>,121,title.imdb_index,>,0#66709
movie_companies,movie_keyword,title#title.id=movie_companies.movie_id,title.id=movie_keyword.movie_id#movie_keyword.keyword_id,<,36034,title.production_year,<,86#5888625
cast_info,movie_companies,movie_info,title#title.id=cast_info.movie_id,title.id=movie_companies.movie_id,title.id=movie_info.movie_id#cast_info.role_id,>,1,title.season_nr,=,1#68274684
movie_info,movie_companies,title#title.id=movie_info.movie_id,title.id=movie_companies.movie_id#movie_info.info_type_id,<,17,title.kind_id,>,1#11205110
movie_keyword,title#title.id=movie_keyword.movie_id#title.imdb_index,=,0,title.kind_id,>,1#1631866
cast_info,movie_keyword,movie_info_idx,title#title.id=cast_info.movie_id,title.id=movie_keyword.movie_id,title.id=movie_info_idx.movie_id#movie_keyword.keyword_id,>,359,title.production_year,<,118#320860171
movie_companies,movie_info_idx,title#title.id=movie_companies.movie_id,title.id=movie_info_idx.movie_id#movie_info_idx.info_type_id,<,101,title.season_nr,=,0#2123158
movie_companies,movie_keyword,title#title.id=movie_companies.movie_id,title.id=movie_keyword.movie_id#movie_companies.company_type_id,<,2,title.imdb_index,>,0#605898
movie_companies,title#title.id=movie_companies.movie_id#title.imdb_index,=,0,title.kind_id,=,7#717308
movie_info,title#title.id=movie_info.movie_id#title.season_nr,>,0,title.series_years,>,0#133
movie_companies,movie_info_idx,movie_info,movie_keyword,title#title.id=movie_companies.movie_id,title.id=movie_info_idx.movie_id,title.id=movie_info.movie_id,title.id=movie_keyword.movie_id#movie_info.info_type_id,<,18,title.kind_id,=,3#72036501
movie_info_idx,movie_keyword,title#title.id=movie_info_idx.movie_id,title.id=movie_keyword.movie_id#movie_info_idx.info_type_id,=,101,title.production_year,>,66#3014082
movie_info_idx,movie_companies,cast_info,movie_info,title#title.id=movie_info_idx.movie_id,title.id=movie_companies.movie_id,title.id=cast_info.movie_id,title.id=movie_info.movie_id#movie_info.info_type_id,<,18,title.kind_id,=,1#10959897527
cast_info,title#title.id=cast_info.movie_id#title.season_nr,>,0,title.phonetic_code,>,0#13212671
movie_companies,movie_keyword,movie_info,title#title.id=movie_companies.movie_id,title.id=movie_keyword.movie_id,title.id=movie_info.movie_id#movie_companies.company_type_id,<,2,title.imdb_index,>,0#94261129
cast_info,movie_keyword,movie_info_idx,movie_info,title#title.id=cast_info.movie_id,title.id=movie_keyword.movie_id,title.id=movie_info_idx.movie_id,title.id=movie_info.movie_id#cast_info.nr_order,>,2,title.phonetic_code,<,1294#2387351293
cast_info,movie_companies,movie_info,movie_info_idx,title#title.id=cast_info.movie_id,title.id=movie_companies.movie_id,title.id=movie_info.movie_id,title.id=movie_info_idx.movie_id#movie_companies.company_type_id,>,1,title.episode_nr,<,100#3139961341
movie_info_idx,title#title.id=movie_info_idx.movie_id#title.imdb_index,>,0,title.phonetic_code,>,0#17749
movie_info_idx,movie_keyword,title#title.id=movie_info_idx.movie_id,title.id=movie_keyword.movie_id#title.phonetic_code,>,0,title.production_year,<,127#10326153
movie_info_idx,movie_companies,cast_info,title#title.id=movie_info_idx.movie_id,title.id=movie_companies.movie_id,title.id=cast_info.movie_id#cast_info.role_id,=,1,title.season_nr,>,1#6515700
movie_companies,title#title.id=movie_companies.movie_id#title.episode_nr,<,193,title.production_year,>,79#1978783
movie_info_idx,title#title.id=movie_info_idx.movie_id#movie_info_idx.info_type_id,<,101,title.kind_id,>,2#424718
movie_keyword,title#title.id=movie_keyword.movie_id#movie_keyword.keyword_id,<,79577,title.imdb_index,>,0#66257
movie_info,cast_info,movie_keyword,movie_info_idx,title#title.id=movie_info.movie_id,title.id=cast_info.movie_id,title.id=movie_keyword.movie_id,title.id=movie_info_idx.movie_id#movie_info_idx.info_type_id,<,101,title.imdb_index,>,0#1226104888
cast_info,movie_info,title#title.id=cast_info.movie_id,title.id=movie_info.movie_id#movie_info.info_type_id,>,1,title.season_nr,=,0#362518810
cast_info,movie_keyword,title#title.id=cast_info.movie_id,title.id=movie_keyword.movie_id#title.kind_id,>,1,title.phonetic_code,<,22157#46615922
movie_info_idx,title#title.id=movie_info_idx.movie_id#movie_info_idx.info_type_id,<,101,title.phonetic_code,>,3020#710036
movie_companies,title#title.id=movie_companies.movie_id#movie_companies.company_type_id,>,1,title.phonetic_code,>,0#1267182
cast_info,movie_keyword,movie_info,title#title.id=cast_info.movie_id,title.id=movie_keyword.movie_id,title.id=movie_info.movie_id#cast_info.role_id,=,4,title.series_years,>,0#12296423
movie_keyword,title#title.id=movie_keyword.movie_id#movie_keyword.keyword_id,<,87865,title.imdb_index,>,0#66861
movie_keyword,movie_companies,title#title.id=movie_keyword.movie_id,title.id=movie_companies.movie_id#movie_companies.company_type_id,>,1,title.kind_id,=,1#6477392
movie_keyword,movie_companies,title#title.id=movie_keyword.movie_id,title.id=movie_companies.movie_id#movie_keyword.keyword_id,<,104738,title.kind_id,>,1#4894210
movie_companies,cast_info,title#title.id=movie_companies.movie_id,title.id=cast_info.movie_id#title.series_years,>,0,title.phonetic_code,>,0#2384457
movie_keyword,movie_info_idx,movie_info,title#title.id=movie_keyword.movie_id,title.id=movie_info_idx.movie_id,title.id=movie_info.movie_id#movie_keyword.keyword_id,<,7169,title.kind_id,>,1#34939875
movie_info_idx,title#title.id=movie_info_idx.movie_id#title.kind_id,<,7,title.phonetic_code,>,0#952768
movie_keyword,movie_info,title#title.id=movie_keyword.movie_id,title.id=movie_info.movie_id#movie_keyword.keyword_id,<,71325,title.season_nr,=,0#217182261
cast_info,movie_info_idx,movie_keyword,title#title.id=cast_info.movie_id,title.id=movie_info_idx.movie_id,title.id=movie_keyword.movie_id#title.episode_nr,>,0,title.season_nr,>,0#49089696
movie_keyword,title#title.id=movie_keyword.movie_id#movie_keyword.keyword_id,>,107,title.series_years,>,0#164481
movie_keyword,movie_companies,cast_info,title#title.id=movie_keyword.movie_id,title.id=movie_companies.movie_id,title.id=cast_info.movie_id#cast_info.nr_order,<,3003,title.episode_nr,>,0#29544578
movie_keyword,movie_companies,title#title.id=movie_keyword.movie_id,title.id=movie_companies.movie_id#title.kind_id,>,1,title.production_year,<,126#4748669
cast_info,movie_keyword,title#title.id=cast_info.movie_id,title.id=movie_keyword.movie_id#movie_keyword.keyword_id,>,3,title.production_year,<,83#30219022
cast_info,title#title.id=cast_info.movie_id#cast_info.role_id,=,3,title.imdb_index,=,0#3957045
movie_info,movie_keyword,title#title.id=movie_info.movie_id,title.id=movie_keyword.movie_id#title.episode_nr,<,30,title.phonetic_code,<,20987#230470109
movie_info_idx,movie_companies,movie_keyword,cast_info,title#title.id=movie_info_idx.movie_id,title.id=movie_companies.movie_id,title.id=movie_keyword.movie_id,title.id=cast_info.movie_id#title.kind_id,>,1,title.phonetic_code,<,18102#527139447
movie_info_idx,title#title.id=movie_info_idx.movie_id#movie_info_idx.info_type_id,>,99,title.phonetic_code,>,19564#58569
cast_info,movie_keyword,movie_info,movie_companies,title#title.id=cast_info.movie_id,title.id=movie_keyword.movie_id,title.id=movie_info.movie_id,title.id=movie_companies.movie_id#cast_info.nr_order,<,20,title.episode_nr,>,0#515814211
movie_info,title#title.id=movie_info.movie_id#movie_info.info_type_id,<,98,title.phonetic_code,>,14385#4136225
movie_info,title#title.id=movie_info.movie_id#title.phonetic_code,>,0,title.kind_id,>,1#5238944
movie_companies,cast_info,movie_info_idx,title#title.id=movie_companies.movie_id,title.id=cast_info.movie_id,title.id=movie_info_idx.movie_id#movie_companies.company_type_id,=,1,title.kind_id,=,7#21470913
movie_info,movie_companies,title#title.id=movie_info.movie_id,title.id=movie_companies.movie_id#movie_companies.company_type_id,<,2,title.season_nr,>,0#3096478
cast_info,title#title.id=cast_info.movie_id#cast_info.role_id,>,1,title.series_years,>,0#607773
movie_companies,title#title.id=movie_companies.movie_id#movie_companies.company_type_id,=,1,title.episode_nr,>,0#295610
movie_keyword,movie_companies,movie_info,title#title.id=movie_keyword.movie_id,title.id=movie_companies.movie_id,title.id=movie_info.movie_id#title.imdb_index,=,0,title.season_nr,<,28#4733664853
title##title.production_year,>,0,title.imdb_index,>,0#26074
movie_keyword,movie_info_idx,movie_info,movie_companies,title#title.id=movie_keyword.movie_id,title.id=movie_info_idx.movie_id,title.id=movie_info.movie_id,title.id=movie_companies.movie_id#movie_info.info_type_id,<,63,title.kind_id,=,3#78183552
cast_info,movie_info_idx,title#title.id=cast_info.movie_id,title.id=movie_info_idx.movie_id#movie_info_idx.info_type_id,<,101,title.phonetic_code,<,18257#24635816
movie_companies,movie_info,cast_info,movie_keyword,title#title.id=movie_companies.movie_id,title.id=movie_info.movie_id,title.id=cast_info.movie_id,title.id=movie_keyword.movie_id#movie_keyword.keyword_id,<,58605,title.episode_nr,>,0#1704081957
movie_info,movie_companies,cast_info,title#title.id=movie_info.movie_id,title.id=movie_companies.movie_id,title.id=cast_info.movie_id#title.phonetic_code,>,0,title.production_year,>,0#5751625577
movie_keyword,movie_info_idx,movie_info,cast_info,title#title.id=movie_keyword.movie_id,title.id=movie_info_idx.movie_id,title.id=movie_info.movie_id,title.id=cast_info.movie_id#cast_info.nr_order,<,25,title.imdb_index,>,0#311617128
movie_info_idx,movie_info,title#title.id=movie_info_idx.movie_id,title.id=movie_info.movie_id#movie_info.info_type_id,>,1,title.episode_nr,>,0#3396108
title##title.imdb_index,=,0,title.series_years,>,0#90383
cast_info,title#title.id=cast_info.movie_id#title.imdb_index,>,0,title.season_nr,<,1#378741
movie_info_idx,movie_keyword,title#title.id=movie_info_idx.movie_id,title.id=movie_keyword.movie_id#movie_keyword.keyword_id,<,68256,title.imdb_index,=,0#9800351
movie_info,movie_keyword,cast_info,movie_info_idx,title#title.id=movie_info.movie_id,title.id=movie_keyword.movie_id,title.id=cast_info.movie_id,title.id=movie_info_idx.movie_id#cast_info.role_id,=,1,title.phonetic_code,<,3873#7415490105
movie_info,title#title.id=movie_info.movie_id#title.phonetic_code,>,0,title.series_years,>,0#768373
movie_companies,movie_info,movie_keyword,title#title.id=movie_companies.movie_id,title.id=movie_info.movie_id,title.id=movie_keyword.movie_id#movie_companies.company_type_id,<,2,title.series_years,>,0#63923377
title##title.imdb_index,<,2,title.episode_nr,<,8#1817188
movie_info_idx,title#title.id=movie_info_idx.movie_id#movie_info_idx.info_type_id,>,99,title.phonetic_code,>,2678#737662
cast_info,movie_info,title#title.id=cast_info.movie_id,title.id=movie_info.movie_id#movie_info.info_type_id,<,16,title.production_year,>,120#72063153
movie_info_idx,movie_info,title#title.id=movie_info_idx.movie_id,title.id=movie_info.movie_id#movie_info.info_type_id,<,18,title.phonetic_code,<,5182#5114632
movie_info_idx,movie_info,title#title.id=movie_info_idx.movie_id,title.id=movie_info.movie_id#title.production_year,>,63,title.season_nr,<,7#18748191
movie_info_idx,movie_companies,title#title.id=movie_info_idx.movie_id,title.id=movie_companies.movie_id#title.phonetic_code,>,0,title.kind_id,=,1#2323129
movie_keyword,title#title.id=movie_keyword.movie_id#title.imdb_index,=,0,title.series_years,>,0#182076
cast_info,movie_info_idx,title#title.id=cast_info.movie_id,title.id=movie_info_idx.movie_id#cast_info.nr_order,>,2,title.phonetic_code,<,20856#11396262
movie_companies,cast_info,movie_info_idx,title#title.id=movie_companies.movie_id,title.id=cast_info.movie_id,title.id=movie_info_idx.movie_id#movie_companies.company_type_id,<,2,title.episode_nr,<,165#123168035
movie_info_idx,movie_keyword,movie_info,title#title.id=movie_info_idx.movie_id,title.id=movie_keyword.movie_id,title.id=movie_info.movie_id#movie_info_idx.info_type_id,>,99,title.imdb_index,>,0#9233370
movie_keyword,title#title.id=movie_keyword.movie_id#title.imdb_index,=,0,title.episode_nr,>,0#590773
movie_info,movie_companies,movie_keyword,title#title.id=movie_info.movie_id,title.id=movie_companies.movie_id,title.id=movie_keyword.movie_id#movie_info.info_type_id,>,2,title.imdb_index,=,0#4652307016
cast_info,movie_companies,movie_info_idx,movie_info,title#title.id=cast_info.movie_id,title.id=movie_companies.movie_id,title.id=movie_info_idx.movie_id,title.id=movie_info.movie_id#cast_info.nr_order,<,26,title.series_years,>,0#23873694
title##title.kind_id,<,7,title.phonetic_code,<,18103#871469
movie_info_idx,movie_keyword,cast_info,title#title.id=movie_info_idx.movie_id,title.id=movie_keyword.movie_id,title.id=cast_info.movie_id#title.imdb_index,>,0,title.production_year,<,126#12121557
movie_info_idx,title#title.id=movie_info_idx.movie_id#movie_info_idx.info_type_id,<,101,title.phonetic_code,>,6855#558908
movie_keyword,movie_companies,title#title.id=movie_keyword.movie_id,title.id=movie_companies.movie_id#title.imdb_index,=,0,title.phonetic_code,<,18259#30886741
movie_info_idx,movie_keyword,title#title.id=movie_info_idx.movie_id,title.id=movie_keyword.movie_id#movie_info_idx.info_type_id,=,100,title.kind_id,=,7#369140
title##title.imdb_index,=,0,title.kind_id,>,1#1863765
movie_info_idx,movie_keyword,title#title.id=movie_info_idx.movie_id,title.id=movie_keyword.movie_id#movie_info_idx.info_type_id,>,99,title.season_nr,<,5#6795970
cast_info,movie_keyword,movie_info_idx,title#title.id=cast_info.movie_id,title.id=movie_keyword.movie_id,title.id=movie_info_idx.movie_id#movie_info_idx.info_type_id,<,101,title.kind_id,=,7#33166418
movie_info_idx,movie_keyword,title#title.id=movie_info_idx.movie_id,title.id=movie_keyword.movie_id#movie_info_idx.info_type_id,>,99,title.imdb_index,=,0#6854043
movie_companies,movie_info,title#title.id=movie_companies.movie_id,title.id=movie_info.movie_id#movie_info.info_type_id,<,17,title.phonetic_code,<,18994#43154728
movie_keyword,cast_info,movie_info_idx,title#title.id=movie_keyword.movie_id,title.id=cast_info.movie_id,title.id=movie_info_idx.movie_id#movie_info_idx.info_type_id,<,101,title.imdb_index,>,0#8865428
movie_info_idx,movie_info,title#title.id=movie_info_idx.movie_id,title.id=movie_info.movie_id#movie_info.info_type_id,>,3,title.episode_nr,>,13#1000554
movie_info,cast_info,title#title.id=movie_info.movie_id,title.id=cast_info.movie_id#cast_info.role_id,<,10,title.imdb_index,=,0#339016564
cast_info,movie_info_idx,movie_keyword,title#title.id=cast_info.movie_id,title.id=movie_info_idx.movie_id,title.id=movie_keyword.movie_id#movie_info_idx.info_type_id,=,99,title.season_nr,>,0#16429863
movie_keyword,title#title.id=movie_keyword.movie_id#movie_keyword.keyword_id,>,117,title.production_year,<,124#3896108
cast_info,movie_info_idx,title#title.id=cast_info.movie_id,title.id=movie_info_idx.movie_id#title.kind_id,=,3,title.episode_nr,<,119#3478620
cast_info,movie_companies,title#title.id=cast_info.movie_id,title.id=movie_companies.movie_id#cast_info.nr_order,<,44,title.series_years,>,0#315456
cast_info,title#title.id=cast_info.movie_id#title.episode_nr,<,7,title.kind_id,<,7#14824459
cast_info,movie_info_idx,movie_keyword,title#title.id=cast_info.movie_id,title.id=movie_info_idx.movie_id,title.id=movie_keyword.movie_id#cast_info.role_id,=,5,title.production_year,>,23#9593191
movie_companies,movie_info,movie_info_idx,title#title.id=movie_companies.movie_id,title.id=movie_info.movie_id,title.id=movie_info_idx.movie_id#movie_companies.company_type_id,>,1,title.episode_nr,<,13#40613933
cast_info,movie_companies,title#title.id=cast_info.movie_id,title.id=movie_companies.movie_id#title.episode_nr,<,7481,title.series_years,>,0#2389194
movie_keyword,title#title.id=movie_keyword.movie_id#movie_keyword.keyword_id,>,71,title.production_year,>,74#3687744
movie_info,title#title.id=movie_info.movie_id#title.production_year,>,42,title.phonetic_code,>,0#12260985
cast_info,movie_companies,title#title.id=cast_info.movie_id,title.id=movie_companies.movie_id#movie_companies.company_type_id,=,2,title.episode_nr,>,0#10872932
movie_companies,title#title.id=movie_companies.movie_id#title.kind_id,<,7,title.phonetic_code,<,19371#1758908
cast_info,movie_info,movie_info_idx,title#title.id=cast_info.movie_id,title.id=movie_info.movie_id,title.id=movie_info_idx.movie_id#title.series_years,>,0,title.production_year,<,127#23895780
movie_keyword,movie_info_idx,title#title.id=movie_keyword.movie_id,title.id=movie_info_idx.movie_id#title.phonetic_code,<,16976,title.production_year,<,124#7781241
movie_companies,movie_keyword,movie_info_idx,title#title.id=movie_companies.movie_id,title.id=movie_keyword.movie_id,title.id=movie_info_idx.movie_id#movie_keyword.keyword_id,>,97,title.phonetic_code,>,20542#3814281
title##title.episode_nr,>,0,title.season_nr,<,28#1087398
movie_companies,cast_info,movie_info,title#title.id=movie_companies.movie_id,title.id=cast_info.movie_id,title.id=movie_info.movie_id#movie_info.info_type_id,>,1,title.kind_id,=,7#236825386
cast_info,movie_info,movie_companies,title#title.id=cast_info.movie_id,title.id=movie_info.movie_id,title.id=movie_companies.movie_id#title.series_years,>,0,title.episode_nr,>,0#447
cast_info,movie_keyword,title#title.id=cast_info.movie_id,title.id=movie_keyword.movie_id#title.phonetic_code,<,18546,title.series_years,>,0#2751577
movie_info_idx,cast_info,movie_companies,movie_keyword,title#title.id=movie_info_idx.movie_id,title.id=cast_info.movie_id,title.id=movie_companies.movie_id,title.id=movie_keyword.movie_id#title.production_year,<,126,title.episode_nr,<,3466#9053113148
cast_info,title#title.id=cast_info.movie_id#title.phonetic_code,<,16802,title.series_years,<,1035#29674430
movie_companies,movie_info_idx,title#title.id=movie_companies.movie_id,title.id=movie_info_idx.movie_id#title.kind_id,<,7,title.phonetic_code,<,17412#2729766
cast_info,movie_companies,title#title.id=cast_info.movie_id,title.id=movie_companies.movie_id#title.season_nr,>,0,title.episode_nr,<,5440#20952081
cast_info,movie_keyword,title#title.id=cast_info.movie_id,title.id=movie_keyword.movie_id#cast_info.role_id,<,11,title.episode_nr,>,0#20669492
movie_companies,movie_info_idx,movie_info,title#title.id=movie_companies.movie_id,title.id=movie_info_idx.movie_id,title.id=movie_info.movie_id#movie_companies.company_type_id,<,2,title.kind_id,=,1#117573561
movie_keyword,movie_companies,movie_info_idx,title#title.id=movie_keyword.movie_id,title.id=movie_companies.movie_id,title.id=movie_info_idx.movie_id#movie_keyword.keyword_id,<,53725,title.series_years,>,0#2708469
movie_info,cast_info,movie_keyword,title#title.id=movie_info.movie_id,title.id=cast_info.movie_id,title.id=movie_keyword.movie_id#title.production_year,<,127,title.episode_nr,>,0#294556658
movie_info,movie_info_idx,cast_info,movie_keyword,title#title.id=movie_info.movie_id,title.id=movie_info_idx.movie_id,title.id=cast_info.movie_id,title.id=movie_keyword.movie_id#movie_info.info_type_id,>,2,title.imdb_index,>,0#1815761190
movie_info,movie_info_idx,movie_keyword,movie_companies,title#title.id=movie_info.movie_id,title.id=movie_info_idx.movie_id,title.id=movie_keyword.movie_id,title.id=movie_companies.movie_id#movie_keyword.keyword_id,<,43932,title.phonetic_code,<,2866#2874833839
movie_companies,movie_keyword,cast_info,title#title.id=movie_companies.movie_id,title.id=movie_keyword.movie_id,title.id=cast_info.movie_id#cast_info.role_id,=,1,title.production_year,<,101#269056946
movie_info,movie_keyword,title#title.id=movie_info.movie_id,title.id=movie_keyword.movie_id#movie_info.info_type_id,>,3,title.production_year,>,26#217412604
movie_info_idx,movie_companies,movie_keyword,title#title.id=movie_info_idx.movie_id,title.id=movie_companies.movie_id,title.id=movie_keyword.movie_id#movie_companies.company_type_id,<,2,title.production_year,<,113#38226945
movie_companies,cast_info,movie_info,movie_keyword,title#title.id=movie_companies.movie_id,title.id=cast_info.movie_id,title.id=movie_info.movie_id,title.id=movie_keyword.movie_id#movie_info.info_type_id,<,107,title.episode_nr,>,0#1742291438
movie_info,cast_info,movie_keyword,title#title.id=movie_info.movie_id,title.id=cast_info.movie_id,title.id=movie_keyword.movie_id#movie_info.info_type_id,>,3,title.imdb_index,>,0#592902005
title##title.production_year,<,126,title.series_years,>,0#83024
cast_info,title#title.id=cast_info.movie_id#cast_info.role_id,=,1,title.episode_nr,>,0#6133121
cast_info,movie_info_idx,movie_companies,title#title.id=cast_info.movie_id,title.id=movie_info_idx.movie_id,title.id=movie_companies.movie_id#movie_info_idx.info_type_id,<,101,title.season_nr,>,1#17229464
movie_companies,title#title.id=movie_companies.movie_id#title.season_nr,>,0,title.production_year,>,0#660789
movie_info,cast_info,title#title.id=movie_info.movie_id,title.id=cast_info.movie_id#movie_info.info_type_id,<,16,title.production_year,>,78#218577090
movie_companies,movie_keyword,movie_info_idx,title#title.id=movie_companies.movie_id,title.id=movie_keyword.movie_id,title.id=movie_info_idx.movie_id#movie_info_idx.info_type_id,=,99,title.production_year,>,122#5265503
movie_info,movie_info_idx,title#title.id=movie_info.movie_id,title.id=movie_info_idx.movie_id#title.production_year,>,85,title.season_nr,=,0#13649636
movie_info,movie_keyword,title#title.id=movie_info.movie_id,title.id=movie_keyword.movie_id#movie_keyword.keyword_id,<,115394,title.phonetic_code,<,5487#76560468
movie_info_idx,title#title.id=movie_info_idx.movie_id#title.kind_id,>,2,title.episode_nr,<,307#634341
movie_companies,title#title.id=movie_companies.movie_id#movie_companies.company_type_id,<,2,title.kind_id,<,7#957407
cast_info,movie_info_idx,title#title.id=cast_info.movie_id,title.id=movie_info_idx.movie_id#title.phonetic_code,>,0,title.season_nr,>,0#14036256
movie_info,movie_companies,cast_info,title#title.id=movie_info.movie_id,title.id=movie_companies.movie_id,title.id=cast_info.movie_id#movie_info.info_type_id,<,85,title.imdb_index,=,0#4436501552
movie_info_idx,title#title.id=movie_info_idx.movie_id#movie_info_idx.info_type_id,=,100,title.kind_id,<,4#284615
movie_info,movie_info_idx,cast_info,movie_companies,title#title.id=movie_info.movie_id,title.id=movie_info_idx.movie_id,title.id=cast_info.movie_id,title.id=movie_companies.movie_id#movie_companies.company_type_id,<,2,title.phonetic_code,<,10835#7630356245
movie_info_idx,title#title.id=movie_info_idx.movie_id#movie_info_idx.info_type_id,=,101,title.imdb_index,=,0#453980
movie_companies,cast_info,movie_keyword,title#title.id=movie_companies.movie_id,title.id=cast_info.movie_id,title.id=movie_keyword.movie_id#cast_info.role_id,=,3,title.production_year,<,127#190613570
movie_companies,title#title.id=movie_companies.movie_id#movie_companies.company_type_id,=,1,title.episode_nr,>,9#159895
movie_companies,cast_info,movie_info_idx,title#title.id=movie_companies.movie_id,title.id=cast_info.movie_id,title.id=movie_info_idx.movie_id#cast_info.nr_order,>,3,title.kind_id,<,7#47873485
movie_info,movie_companies,title#title.id=movie_info.movie_id,title.id=movie_companies.movie_id#movie_companies.company_type_id,<,2,title.phonetic_code,<,21407#47350815
movie_info_idx,title#title.id=movie_info_idx.movie_id#title.season_nr,<,19,title.production_year,>,77#1209976
movie_keyword,title#title.id=movie_keyword.movie_id#movie_keyword.keyword_id,<,86030,title.production_year,>,120#1046856
movie_info_idx,movie_keyword,title#title.id=movie_info_idx.movie_id,title.id=movie_keyword.movie_id#movie_info_idx.info_type_id,>,99,title.phonetic_code,>,9502#3696628
movie_companies,cast_info,title#title.id=movie_companies.movie_id,title.id=cast_info.movie_id#movie_companies.company_type_id,=,2,title.phonetic_code,>,1447#28698683
movie_companies,movie_info_idx,cast_info,movie_keyword,title#title.id=movie_companies.movie_id,title.id=movie_info_idx.movie_id,title.id=cast_info.movie_id,title.id=movie_keyword.movie_id#movie_keyword.keyword_id,<,24288,title.phonetic_code,>,4577#5348837967
movie_companies,movie_info,movie_info_idx,title#title.id=movie_companies.movie_id,title.id=movie_info.movie_id,title.id=movie_info_idx.movie_id#movie_companies.company_type_id,<,2,title.production_year,>,0#134833857
movie_keyword,movie_companies,movie_info,cast_info,title#title.id=movie_keyword.movie_id,title.id=movie_companies.movie_id,title.id=movie_info.movie_id,title.id=cast_info.movie_id#movie_info.info_type_id,<,98,title.season_nr,>,1#805984996
movie_keyword,cast_info,title#title.id=movie_keyword.movie_id,title.id=cast_info.movie_id#title.kind_id,=,1,title.season_nr,<,3#168881428
movie_companies,movie_info_idx,title#title.id=movie_companies.movie_id,title.id=movie_info_idx.movie_id#movie_info_idx.info_type_id,>,99,title.phonetic_code,>,13357#960571
cast_info,movie_info,movie_companies,title#title.id=cast_info.movie_id,title.id=movie_info.movie_id,title.id=movie_companies.movie_id#title.phonetic_code,>,0,title.season_nr,<,25#5751305639
movie_keyword,movie_info_idx,movie_info,title#title.id=movie_keyword.movie_id,title.id=movie_info_idx.movie_id,title.id=movie_info.movie_id#movie_info_idx.info_type_id,<,101,title.imdb_index,>,1#725768
movie_info,movie_keyword,title#title.id=movie_info.movie_id,title.id=movie_keyword.movie_id#movie_keyword.keyword_id,>,275,title.imdb_index,>,0#4477080
title##title.kind_id,<,7,title.production_year,<,126#904058
movie_info,cast_info,movie_info_idx,title#title.id=movie_info.movie_id,title.id=cast_info.movie_id,title.id=movie_info_idx.movie_id#cast_info.nr_order,<,191,title.production_year,<,121#319445823
cast_info,movie_info,movie_keyword,movie_companies,title#title.id=cast_info.movie_id,title.id=movie_info.movie_id,title.id=movie_keyword.movie_id,title.id=movie_companies.movie_id#title.imdb_index,>,0,title.kind_id,<,7#17826014176
movie_keyword,cast_info,title#title.id=movie_keyword.movie_id,title.id=cast_info.movie_id#movie_keyword.keyword_id,>,460,title.kind_id,=,1#150747318
movie_info_idx,title#title.id=movie_info_idx.movie_id#movie_info_idx.info_type_id,>,99,title.series_years,>,0#75370
title##title.phonetic_code,>,0,title.episode_nr,<,108#1778657
movie_companies,title#title.id=movie_companies.movie_id#movie_companies.company_type_id,=,1,title.kind_id,=,7#316839
movie_keyword,movie_companies,movie_info,movie_info_idx,title#title.id=movie_keyword.movie_id,title.id=movie_companies.movie_id,title.id=movie_info.movie_id,title.id=movie_info_idx.movie_id#movie_info_idx.info_type_id,>,99,title.series_years,>,0#158600286
movie_keyword,cast_info,movie_companies,movie_info,title#title.id=movie_keyword.movie_id,title.id=cast_info.movie_id,title.id=movie_companies.movie_id,title.id=movie_info.movie_id#movie_keyword.keyword_id,>,115,title.season_nr,>,0#1713282979
movie_keyword,movie_info,title#title.id=movie_keyword.movie_id,title.id=movie_info.movie_id#movie_keyword.keyword_id,<,131787,title.season_nr,=,0#228763198
cast_info,movie_info,title#title.id=cast_info.movie_id,title.id=movie_info.movie_id#movie_info.info_type_id,<,98,title.episode_nr,>,0#80473027
movie_keyword,movie_companies,title#title.id=movie_keyword.movie_id,title.id=movie_companies.movie_id#title.production_year,<,127,title.series_years,>,0#990575
cast_info,title#title.id=cast_info.movie_id#title.production_year,<,127,title.imdb_index,=,0#34901213
movie_info_idx,title#title.id=movie_info_idx.movie_id#title.series_years,>,0,title.imdb_index,>,0#747
movie_info,movie_companies,movie_keyword,title#title.id=movie_info.movie_id,title.id=movie_companies.movie_id,title.id=movie_keyword.movie_id#movie_companies.company_type_id,>,1,title.kind_id,>,1#47682711
cast_info,movie_info_idx,title#title.id=cast_info.movie_id,title.id=movie_info_idx.movie_id#cast_info.nr_order,<,1000,title.series_years,>,0#243990
movie_info,movie_companies,movie_info_idx,title#title.id=movie_info.movie_id,title.id=movie_companies.movie_id,title.id=movie_info_idx.movie_id#movie_companies.company_type_id,=,2,title.season_nr,=,2#984882
movie_keyword,title#title.id=movie_keyword.movie_id#movie_keyword.keyword_id,<,51356,title.phonetic_code,>,9892#2145527
movie_keyword,cast_info,title#title.id=movie_keyword.movie_id,title.id=cast_info.movie_id#title.imdb_index,>,0,title.season_nr,<,8#4632026
movie_companies,movie_keyword,movie_info,cast_info,title#title.id=movie_companies.movie_id,title.id=movie_keyword.movie_id,title.id=movie_info.movie_id,title.id=cast_info.movie_id#title.series_years,>,0,title.imdb_index,>,0#5199193
movie_info_idx,movie_keyword,movie_info,title#title.id=movie_info_idx.movie_id,title.id=movie_keyword.movie_id,title.id=movie_info.movie_id#movie_info_idx.info_type_id,>,100,title.episode_nr,>,0#5302403
movie_companies,cast_info,movie_keyword,title#title.id=movie_companies.movie_id,title.id=cast_info.movie_id,title.id=movie_keyword.movie_id#movie_companies.company_type_id,=,1,title.kind_id,=,2#12702528
movie_keyword,movie_info,title#title.id=movie_keyword.movie_id,title.id=movie_info.movie_id#movie_keyword.keyword_id,>,1,title.episode_nr,>,0#6431445
cast_info,movie_info_idx,movie_info,title#title.id=cast_info.movie_id,title.id=movie_info_idx.movie_id,title.id=movie_info.movie_id#movie_info_idx.info_type_id,=,100,title.production_year,<,120#249132244
movie_info,title#title.id=movie_info.movie_id#movie_info.info_type_id,<,18,title.episode_nr,>,0#3005531
cast_info,movie_info,movie_keyword,title#title.id=cast_info.movie_id,title.id=movie_info.movie_id,title.id=movie_keyword.movie_id#movie_info.info_type_id,<,110,title.kind_id,>,6#303316523
movie_companies,movie_info_idx,movie_keyword,cast_info,title#title.id=movie_companies.movie_id,title.id=movie_info_idx.movie_id,title.id=movie_keyword.movie_id,title.id=cast_info.movie_id#movie_companies.company_type_id,>,1,title.phonetic_code,>,0#1794989267
cast_info,title#title.id=cast_info.movie_id#cast_info.nr_order,>,0,title.series_years,>,0#136323
cast_info,movie_companies,movie_info_idx,movie_info,title#title.id=cast_info.movie_id,title.id=movie_companies.movie_id,title.id=movie_info_idx.movie_id,title.id=movie_info.movie_id#cast_info.role_id,<,4,title.phonetic_code,>,0#9006362646
movie_info_idx,movie_keyword,title#title.id=movie_info_idx.movie_id,title.id=movie_keyword.movie_id#movie_info_idx.info_type_id,<,101,title.episode_nr,>,0#721860
cast_info,title#title.id=cast_info.movie_id#cast_info.role_id,>,1,title.phonetic_code,<,10373#14172334
cast_info,movie_companies,movie_keyword,title#title.id=cast_info.movie_id,title.id=movie_companies.movie_id,title.id=movie_keyword.movie_id#movie_companies.company_type_id,=,2,title.episode_nr,>,0#32300249
movie_companies,title#title.id=movie_companies.movie_id#movie_companies.company_type_id,<,2,title.series_years,>,0#95975
cast_info,movie_keyword,title#title.id=cast_info.movie_id,title.id=movie_keyword.movie_id#movie_keyword.keyword_id,<,41222,title.phonetic_code,>,16005#50135589
cast_info,movie_keyword,movie_info_idx,movie_companies,title#title.id=cast_info.movie_id,title.id=movie_keyword.movie_id,title.id=movie_info_idx.movie_id,title.id=movie_companies.movie_id#movie_info_idx.info_type_id,>,99,title.episode_nr,<,4#6250140309
movie_info,title#title.id=movie_info.movie_id#movie_info.info_type_id,>,5,title.series_years,>,0#410031
movie_info,movie_info_idx,movie_keyword,title#title.id=movie_info.movie_id,title.id=movie_info_idx.movie_id,title.id=movie_keyword.movie_id#movie_keyword.keyword_id,<,94449,title.episode_nr,>,0#15907209
movie_keyword,title#title.id=movie_keyword.movie_id#title.episode_nr,>,0,title.imdb_index,=,0#590773
movie_keyword,cast_info,movie_info,title#title.id=movie_keyword.movie_id,title.id=cast_info.movie_id,title.id=movie_info.movie_id#cast_info.nr_order,<,100,title.episode_nr,<,10#8646143924
movie_keyword,title#title.id=movie_keyword.movie_id#title.imdb_index,>,0,title.series_years,>,0#1150
title##title.production_year,<,126,title.phonetic_code,>,0#1647001
movie_info_idx,title#title.id=movie_info_idx.movie_id#movie_info_idx.info_type_id,<,101,title.phonetic_code,>,15892#240564
cast_info,movie_companies,title#title.id=cast_info.movie_id,title.id=movie_companies.movie_id#title.phonetic_code,>,0,title.season_nr,>,0#19032283
cast_info,movie_info_idx,title#title.id=cast_info.movie_id,title.id=movie_info_idx.movie_id#title.season_nr,=,0,title.production_year,>,86#21172169
movie_companies,movie_info,title#title.id=movie_companies.movie_id,title.id=movie_info.movie_id#movie_info.info_type_id,>,1,title.series_years,>,0#3164953
movie_info_idx,movie_keyword,cast_info,title#title.id=movie_info_idx.movie_id,title.id=movie_keyword.movie_id,title.id=cast_info.movie_id#movie_info_idx.info_type_id,=,100,title.phonetic_code,<,5780#67986960
movie_keyword,movie_info,cast_info,title#title.id=movie_keyword.movie_id,title.id=movie_info.movie_id,title.id=cast_info.movie_id#cast_info.nr_order,>,1,title.season_nr,=,12#492617
movie_info,movie_info_idx,title#title.id=movie_info.movie_id,title.id=movie_info_idx.movie_id#movie_info_idx.info_type_id,<,101,title.kind_id,>,1#4831244
movie_info,title#title.id=movie_info.movie_id#title.series_years,>,0,title.phonetic_code,>,0#768373
cast_info,title#title.id=cast_info.movie_id#title.phonetic_code,<,20035,title.season_nr,=,0#16531224
movie_info_idx,cast_info,movie_info,movie_keyword,title#title.id=movie_info_idx.movie_id,title.id=cast_info.movie_id,title.id=movie_info.movie_id,title.id=movie_keyword.movie_id#cast_info.nr_order,<,35,title.kind_id,>,1#914414964
movie_info_idx,movie_keyword,title#title.id=movie_info_idx.movie_id,title.id=movie_keyword.movie_id#movie_keyword.keyword_id,>,1382,title.production_year,>,124#426559
movie_companies,movie_info,movie_info_idx,cast_info,title#title.id=movie_companies.movie_id,title.id=movie_info.movie_id,title.id=movie_info_idx.movie_id,title.id=cast_info.movie_id#movie_info_idx.info_type_id,=,101,title.series_years,>,0#65341758
movie_info,movie_companies,movie_keyword,title#title.id=movie_info.movie_id,title.id=movie_companies.movie_id,title.id=movie_keyword.movie_id#movie_info.info_type_id,<,66,title.season_nr,<,8#3624887659
cast_info,movie_info_idx,movie_keyword,title#title.id=cast_info.movie_id,title.id=movie_info_idx.movie_id,title.id=movie_keyword.movie_id#cast_info.nr_order,>,1,title.production_year,>,72#201572348
movie_companies,movie_info_idx,title#title.id=movie_companies.movie_id,title.id=movie_info_idx.movie_id#title.kind_id,>,1,title.episode_nr,>,0#877380
movie_keyword,movie_info_idx,title#title.id=movie_keyword.movie_id,title.id=movie_info_idx.movie_id#title.imdb_index,=,0,title.production_year,<,127#10224856
movie_info,title#title.id=movie_info.movie_id#title.episode_nr,<,35,title.season_nr,>,0#2668910
movie_info_idx,title#title.id=movie_info_idx.movie_id#title.season_nr,>,0,title.episode_nr,>,0#410865
movie_companies,movie_info,cast_info,title#title.id=movie_companies.movie_id,title.id=movie_info.movie_id,title.id=cast_info.movie_id#title.season_nr,>,0,title.imdb_index,=,0#246598709
movie_companies,cast_info,title#title.id=movie_companies.movie_id,title.id=cast_info.movie_id#cast_info.role_id,<,8,title.episode_nr,<,18#53496397
cast_info,movie_keyword,movie_companies,title#title.id=cast_info.movie_id,title.id=movie_keyword.movie_id,title.id=movie_companies.movie_id#movie_keyword.keyword_id,>,335,title.imdb_index,=,0#2807457553
movie_info,cast_info,movie_keyword,movie_companies,title#title.id=movie_info.movie_id,title.id=cast_info.movie_id,title.id=movie_keyword.movie_id,title.id=movie_companies.movie_id#movie_companies.company_type_id,<,2,title.season_nr,>,3#262409346
movie_info,title#title.id=movie_info.movie_id#title.episode_nr,>,0,title.imdb_index,=,0#3301555
movie_keyword,cast_info,title#title.id=movie_keyword.movie_id,title.id=cast_info.movie_id#movie_keyword.keyword_id,>,117,title.series_years,>,0#2631886
cast_info,movie_info_idx,movie_companies,title#title.id=cast_info.movie_id,title.id=movie_info_idx.movie_id,title.id=movie_companies.movie_id#title.production_year,>,77,title.episode_nr,>,0#38846235
movie_info,title#title.id=movie_info.movie_id#title.phonetic_code,<,17664,title.series_years,>,0#665387
movie_info,movie_companies,title#title.id=movie_info.movie_id,title.id=movie_companies.movie_id#movie_info.info_type_id,<,16,title.imdb_index,=,0#34854858
movie_keyword,movie_info_idx,movie_info,title#title.id=movie_keyword.movie_id,title.id=movie_info_idx.movie_id,title.id=movie_info.movie_id#movie_info_idx.info_type_id,>,99,title.phonetic_code,<,19235#439953183
movie_info_idx,title#title.id=movie_info_idx.movie_id#title.production_year,<,126,title.kind_id,>,1#707523
movie_keyword,cast_info,title#title.id=movie_keyword.movie_id,title.id=cast_info.movie_id#title.imdb_index,>,0,title.production_year,<,125#3760540
movie_info_idx,title#title.id=movie_info_idx.movie_id#movie_info_idx.info_type_id,=,99,title.episode_nr,>,0#136955
movie_info_idx,movie_info,cast_info,movie_keyword,title#title.id=movie_info_idx.movie_id,title.id=movie_info.movie_id,title.id=cast_info.movie_id,title.id=movie_keyword.movie_id#cast_info.role_id,<,6,title.episode_nr,>,0#525300177
movie_info_idx,movie_info,movie_companies,title#title.id=movie_info_idx.movie_id,title.id=movie_info.movie_id,title.id=movie_companies.movie_id#title.production_year,<,124,title.series_years,>,0#7620291
movie_info,movie_info_idx,movie_companies,title#title.id=movie_info.movie_id,title.id=movie_info_idx.movie_id,title.id=movie_companies.movie_id#movie_info_idx.info_type_id,=,100,title.season_nr,>,0#4141481
movie_info_idx,movie_info,movie_keyword,title#title.id=movie_info_idx.movie_id,title.id=movie_info.movie_id,title.id=movie_keyword.movie_id#movie_info.info_type_id,>,2,title.production_year,<,126#659283626
title##title.production_year,>,0,title.imdb_index,>,0#26074
movie_keyword,cast_info,title#title.id=movie_keyword.movie_id,title.id=cast_info.movie_id#title.series_years,>,0,title.phonetic_code,<,18888#2757915
movie_companies,movie_keyword,cast_info,title#title.id=movie_companies.movie_id,title.id=movie_keyword.movie_id,title.id=cast_info.movie_id#cast_info.nr_order,<,35,title.season_nr,<,1#806075083
movie_info,cast_info,title#title.id=movie_info.movie_id,title.id=cast_info.movie_id#movie_info.info_type_id,>,1,title.kind_id,=,1#310370860
movie_info,movie_companies,title#title.id=movie_info.movie_id,title.id=movie_companies.movie_id#movie_info.info_type_id,>,2,title.season_nr,>,2#2240702
movie_companies,cast_info,movie_info_idx,title#title.id=movie_companies.movie_id,title.id=cast_info.movie_id,title.id=movie_info_idx.movie_id#movie_companies.company_type_id,=,2,title.season_nr,>,0#18676680
movie_info,title#title.id=movie_info.movie_id#title.production_year,<,126,title.series_years,>,0#714626
cast_info,movie_info,title#title.id=cast_info.movie_id,title.id=movie_info.movie_id#movie_info.info_type_id,<,16,title.imdb_index,>,0#4781118
cast_info,movie_keyword,movie_companies,title#title.id=cast_info.movie_id,title.id=movie_keyword.movie_id,title.id=movie_companies.movie_id#movie_companies.company_type_id,<,2,title.phonetic_code,<,11774#1505034535
movie_companies,cast_info,title#title.id=movie_companies.movie_id,title.id=cast_info.movie_id#cast_info.nr_order,>,1,title.episode_nr,>,29#655516
movie_companies,title#title.id=movie_companies.movie_id#title.phonetic_code,<,18348,title.kind_id,=,7#668715
movie_info,title#title.id=movie_info.movie_id#movie_info.info_type_id,<,16,title.phonetic_code,>,0#9023771
cast_info,movie_companies,title#title.id=cast_info.movie_id,title.id=movie_companies.movie_id#movie_companies.company_type_id,=,1,title.production_year,>,123#8050141
movie_companies,cast_info,movie_keyword,title#title.id=movie_companies.movie_id,title.id=cast_info.movie_id,title.id=movie_keyword.movie_id#movie_keyword.keyword_id,>,1,title.episode_nr,>,1#68613829
movie_info,movie_info_idx,title#title.id=movie_info.movie_id,title.id=movie_info_idx.movie_id#title.production_year,>,0,title.kind_id,>,1#7245393
movie_keyword,movie_info,movie_companies,title#title.id=movie_keyword.movie_id,title.id=movie_info.movie_id,title.id=movie_companies.movie_id#movie_info.info_type_id,>,1,title.phonetic_code,>,10333#2339328067
movie_companies,cast_info,movie_keyword,title#title.id=movie_companies.movie_id,title.id=cast_info.movie_id,title.id=movie_keyword.movie_id#cast_info.nr_order,>,0,title.season_nr,>,0#28530774
movie_keyword,movie_info_idx,cast_info,movie_companies,title#title.id=movie_keyword.movie_id,title.id=movie_info_idx.movie_id,title.id=cast_info.movie_id,title.id=movie_companies.movie_id#movie_keyword.keyword_id,<,75171,title.production_year,<,126#8671215963
movie_companies,title#title.id=movie_companies.movie_id#title.kind_id,>,1,title.season_nr,=,7#17085
cast_info,title#title.id=cast_info.movie_id#cast_info.role_id,=,3,title.episode_nr,>,2#2099133
movie_companies,movie_keyword,movie_info_idx,cast_info,title#title.id=movie_companies.movie_id,title.id=movie_keyword.movie_id,title.id=movie_info_idx.movie_id,title.id=cast_info.movie_id#movie_companies.company_type_id,>,1,title.kind_id,=,7#90929847
movie_info,movie_companies,title#title.id=movie_info.movie_id,title.id=movie_companies.movie_id#title.imdb_index,=,0,title.season_nr,<,2#62414050
movie_companies,title#title.id=movie_companies.movie_id#title.season_nr,=,0,title.imdb_index,=,0#1899224
movie_info,cast_info,movie_info_idx,movie_companies,title#title.id=movie_info.movie_id,title.id=cast_info.movie_id,title.id=movie_info_idx.movie_id,title.id=movie_companies.movie_id#title.episode_nr,>,0,title.phonetic_code,<,22643#630562272
movie_keyword,movie_info_idx,title#title.id=movie_keyword.movie_id,title.id=movie_info_idx.movie_id#title.kind_id,>,1,title.imdb_index,>,0#9843
cast_info,title#title.id=cast_info.movie_id#cast_info.role_id,=,1,title.season_nr,=,5#246889
movie_companies,title#title.id=movie_companies.movie_id#title.series_years,>,0,title.episode_nr,<,266#194247
cast_info,movie_keyword,movie_companies,title#title.id=cast_info.movie_id,title.id=movie_keyword.movie_id,title.id=movie_companies.movie_id#title.season_nr,<,3,title.production_year,>,67#2893503870
movie_info_idx,movie_companies,cast_info,movie_keyword,title#title.id=movie_info_idx.movie_id,title.id=movie_companies.movie_id,title.id=cast_info.movie_id,title.id=movie_keyword.movie_id#movie_keyword.keyword_id,<,44457,title.season_nr,=,0#8335275910
movie_companies,movie_keyword,title#title.id=movie_companies.movie_id,title.id=movie_keyword.movie_id#movie_keyword.keyword_id,>,117,title.kind_id,<,4#31149087
title##title.phonetic_code,>,0,title.series_years,<,1400#1802129
cast_info,movie_keyword,movie_companies,title#title.id=cast_info.movie_id,title.id=movie_keyword.movie_id,title.id=movie_companies.movie_id#title.imdb_index,>,0,title.season_nr,<,5#95925486
movie_info,movie_keyword,movie_companies,cast_info,title#title.id=movie_info.movie_id,title.id=movie_keyword.movie_id,title.id=movie_companies.movie_id,title.id=cast_info.movie_id#cast_info.role_id,=,2,title.episode_nr,>,0#228522887
movie_keyword,title#title.id=movie_keyword.movie_id#title.series_years,>,0,title.kind_id,<,7#183126
movie_keyword,movie_info,movie_companies,movie_info_idx,title#title.id=movie_keyword.movie_id,title.id=movie_info.movie_id,title.id=movie_companies.movie_id,title.id=movie_info_idx.movie_id#movie_companies.company_type_id,=,2,title.episode_nr,>,7#14298282
movie_info,cast_info,title#title.id=movie_info.movie_id,title.id=cast_info.movie_id#movie_info.info_type_id,>,2,title.season_nr,>,0#74721247
movie_companies,movie_info,movie_keyword,title#title.id=movie_companies.movie_id,title.id=movie_info.movie_id,title.id=movie_keyword.movie_id#movie_info.info_type_id,>,3,title.phonetic_code,<,63#54217612
movie_info_idx,movie_companies,movie_info,title#title.id=movie_info_idx.movie_id,title.id=movie_companies.movie_id,title.id=movie_info.movie_id#movie_companies.company_type_id,>,1,title.series_years,>,0#2526831
cast_info,title#title.id=cast_info.movie_id#cast_info.nr_order,>,2,title.kind_id,>,1#5777405
cast_info,title#title.id=cast_info.movie_id#cast_info.role_id,<,11,title.season_nr,=,0#17236950
movie_companies,movie_info,title#title.id=movie_companies.movie_id,title.id=movie_info.movie_id#movie_info.info_type_id,>,2,title.phonetic_code,>,14729#18616615
movie_info_idx,cast_info,movie_companies,title#title.id=movie_info_idx.movie_id,title.id=cast_info.movie_id,title.id=movie_companies.movie_id#cast_info.nr_order,<,47,title.phonetic_code,<,19230#60697027
movie_info,title#title.id=movie_info.movie_id#movie_info.info_type_id,<,16,title.episode_nr,>,0#1744139
movie_keyword,title#title.id=movie_keyword.movie_id#movie_keyword.keyword_id,>,117,title.phonetic_code,>,345#4147415
cast_info,title#title.id=cast_info.movie_id#cast_info.role_id,=,10,title.imdb_index,=,0#4281223
movie_companies,movie_info,movie_info_idx,movie_keyword,title#title.id=movie_companies.movie_id,title.id=movie_info.movie_id,title.id=movie_info_idx.movie_id,title.id=movie_keyword.movie_id#movie_keyword.keyword_id,<,100091,title.imdb_index,=,0#14510297839
movie_info_idx,movie_info,movie_keyword,title#title.id=movie_info_idx.movie_id,title.id=movie_info.movie_id,title.id=movie_keyword.movie_id#movie_info_idx.info_type_id,<,101,title.season_nr,=,0#442705068
movie_info_idx,cast_info,movie_keyword,title#title.id=movie_info_idx.movie_id,title.id=cast_info.movie_id,title.id=movie_keyword.movie_id#cast_info.role_id,>,1,title.series_years,>,0#5526624
movie_companies,movie_info_idx,movie_keyword,title#title.id=movie_companies.movie_id,title.id=movie_info_idx.movie_id,title.id=movie_keyword.movie_id#movie_keyword.keyword_id,>,766,title.phonetic_code,>,19022#5844408
movie_keyword,movie_info_idx,title#title.id=movie_keyword.movie_id,title.id=movie_info_idx.movie_id#movie_keyword.keyword_id,>,2102,title.production_year,>,51#6735452
movie_info,movie_companies,movie_info_idx,cast_info,title#title.id=movie_info.movie_id,title.id=movie_companies.movie_id,title.id=movie_info_idx.movie_id,title.id=cast_info.movie_id#movie_info.info_type_id,<,98,title.kind_id,=,1#13097461041
movie_info,movie_companies,title#title.id=movie_info.movie_id,title.id=movie_companies.movie_id#movie_info.info_type_id,<,18,title.series_years,>,0#2680606
movie_keyword,title#title.id=movie_keyword.movie_id#movie_keyword.keyword_id,>,38,title.episode_nr,>,0#585380
cast_info,title#title.id=cast_info.movie_id#cast_info.role_id,<,9,title.imdb_index,>,0#311584
movie_companies,title#title.id=movie_companies.movie_id#movie_companies.company_type_id,>,1,title.production_year,>,115#593136
movie_keyword,title#title.id=movie_keyword.movie_id#title.season_nr,<,23,title.episode_nr,<,18#4363452
movie_info,title#title.id=movie_info.movie_id#title.series_years,>,0,title.production_year,<,124#642484
movie_keyword,movie_companies,movie_info,title#title.id=movie_keyword.movie_id,title.id=movie_companies.movie_id,title.id=movie_info.movie_id#movie_companies.company_type_id,>,1,title.imdb_index,>,0#19752706
movie_info_idx,movie_keyword,movie_info,title#title.id=movie_info_idx.movie_id,title.id=movie_keyword.movie_id,title.id=movie_info.movie_id#movie_info.info_type_id,>,2,title.production_year,>,124#32461431
movie_info,title#title.id=movie_info.movie_id#movie_info.info_type_id,>,2,title.production_year,<,102#4615638
cast_info,movie_companies,movie_info_idx,movie_info,title#title.id=cast_info.movie_id,title.id=movie_companies.movie_id,title.id=movie_info_idx.movie_id,title.id=movie_info.movie_id#cast_info.nr_order,<,17,title.series_years,>,0#22041930
movie_keyword,movie_info_idx,title#title.id=movie_keyword.movie_id,title.id=movie_info_idx.movie_id#movie_keyword.keyword_id,>,500,title.phonetic_code,>,14493#2914231
cast_info,movie_companies,title#title.id=cast_info.movie_id,title.id=movie_companies.movie_id#cast_info.role_id,<,10,title.series_years,>,0#1982015
movie_info_idx,title#title.id=movie_info_idx.movie_id#movie_info_idx.info_type_id,>,99,title.series_years,>,0#75370
movie_info_idx,movie_info,title#title.id=movie_info_idx.movie_id,title.id=movie_info.movie_id#title.imdb_index,<,2,title.series_years,>,0#1312260
cast_info,title#title.id=cast_info.movie_id#title.episode_nr,<,214,title.season_nr,<,4#29791179
movie_companies,title#title.id=movie_companies.movie_id#title.episode_nr,<,29,title.production_year,<,126#2351947
movie_keyword,movie_companies,title#title.id=movie_keyword.movie_id,title.id=movie_companies.movie_id#movie_keyword.keyword_id,<,74019,title.phonetic_code,>,1478#29893714
movie_companies,movie_info,title#title.id=movie_companies.movie_id,title.id=movie_info.movie_id#movie_info.info_type_id,>,2,title.season_nr,>,1#3152729
cast_info,movie_companies,title#title.id=cast_info.movie_id,title.id=movie_companies.movie_id#movie_companies.company_type_id,<,2,title.kind_id,=,7#10411010
cast_info,movie_companies,movie_keyword,title#title.id=cast_info.movie_id,title.id=movie_companies.movie_id,title.id=movie_keyword.movie_id#movie_keyword.keyword_id,<,14762,title.season_nr,=,0#2198946988
title##title.season_nr,<,12,title.production_year,<,124#1944705
movie_keyword,movie_info,cast_info,title#title.id=movie_keyword.movie_id,title.id=movie_info.movie_id,title.id=cast_info.movie_id#cast_info.role_id,=,3,title.series_years,>,0#8423167
movie_info_idx,movie_keyword,cast_info,movie_info,title#title.id=movie_info_idx.movie_id,title.id=movie_keyword.movie_id,title.id=cast_info.movie_id,title.id=movie_info.movie_id#cast_info.role_id,<,10,title.season_nr,>,7#60833208
movie_info_idx,title#title.id=movie_info_idx.movie_id#title.production_year,<,127,title.kind_id,=,7#417450
movie_companies,movie_info,title#title.id=movie_companies.movie_id,title.id=movie_info.movie_id#movie_info.info_type_id,<,18,title.production_year,<,113#24525889
movie_keyword,title#title.id=movie_keyword.movie_id#movie_keyword.keyword_id,<,29029,title.episode_nr,>,11#194646
movie_companies,title#title.id=movie_companies.movie_id#title.series_years,>,0,title.kind_id,<,7#194243
movie_keyword,title#title.id=movie_keyword.movie_id#movie_keyword.keyword_id,>,679,title.episode_nr,>,0#513285
movie_keyword,cast_info,title#title.id=movie_keyword.movie_id,title.id=cast_info.movie_id#movie_keyword.keyword_id,<,22112,title.phonetic_code,>,0#172534422
movie_info_idx,movie_companies,movie_keyword,title#title.id=movie_info_idx.movie_id,title.id=movie_companies.movie_id,title.id=movie_keyword.movie_id#movie_companies.company_type_id,>,1,title.season_nr,<,5#22770688
movie_companies,title#title.id=movie_companies.movie_id#movie_companies.company_type_id,>,1,title.series_years,>,0#98272
cast_info,movie_info,movie_companies,title#title.id=cast_info.movie_id,title.id=movie_info.movie_id,title.id=movie_companies.movie_id#title.imdb_index,>,0,title.kind_id,>,1#944507
movie_info,title#title.id=movie_info.movie_id#movie_info.info_type_id,>,2,title.kind_id,<,7#9302357
movie_companies,movie_info,cast_info,title#title.id=movie_companies.movie_id,title.id=movie_info.movie_id,title.id=cast_info.movie_id#cast_info.nr_order,<,52,title.season_nr,>,0#87590544
cast_info,title#title.id=cast_info.movie_id#title.production_year,<,127,title.episode_nr,>,0#18379433
movie_keyword,movie_info,movie_info_idx,title#title.id=movie_keyword.movie_id,title.id=movie_info.movie_id,title.id=movie_info_idx.movie_id#movie_info_idx.info_type_id,<,101,title.production_year,>,121#78582270
movie_info_idx,movie_companies,cast_info,title#title.id=movie_info_idx.movie_id,title.id=movie_companies.movie_id,title.id=cast_info.movie_id#movie_companies.company_type_id,>,1,title.kind_id,<,2#37612404
movie_keyword,movie_companies,title#title.id=movie_keyword.movie_id,title.id=movie_companies.movie_id#movie_companies.company_type_id,>,1,title.phonetic_code,<,1686#982418
movie_companies,movie_info,title#title.id=movie_companies.movie_id,title.id=movie_info.movie_id#movie_companies.company_type_id,=,1,title.season_nr,=,0#44806923
movie_info_idx,movie_companies,movie_info,title#title.id=movie_info_idx.movie_id,title.id=movie_companies.movie_id,title.id=movie_info.movie_id#movie_companies.company_type_id,>,1,title.production_year,<,69#2313731
cast_info,movie_companies,title#title.id=cast_info.movie_id,title.id=movie_companies.movie_id#cast_info.role_id,<,10,title.series_years,>,0#1982015
movie_info_idx,movie_keyword,movie_info,movie_companies,title#title.id=movie_info_idx.movie_id,title.id=movie_keyword.movie_id,title.id=movie_info.movie_id,title.id=movie_companies.movie_id#title.season_nr,<,6,title.episode_nr,>,0#73068489
cast_info,movie_companies,movie_info_idx,movie_keyword,title#title.id=cast_info.movie_id,title.id=movie_companies.movie_id,title.id=movie_info_idx.movie_id,title.id=movie_keyword.movie_id#cast_info.nr_order,>,0,title.episode_nr,<,84#3405413983
movie_keyword,title#title.id=movie_keyword.movie_id#title.episode_nr,>,0,title.season_nr,>,0#590773
cast_info,movie_info_idx,title#title.id=cast_info.movie_id,title.id=movie_info_idx.movie_id#cast_info.nr_order,<,2001,title.phonetic_code,>,0#13828811
title##title.series_years,>,0,title.phonetic_code,<,21022#88824
movie_info,cast_info,movie_keyword,title#title.id=movie_info.movie_id,title.id=cast_info.movie_id,title.id=movie_keyword.movie_id#title.series_years,>,0,title.kind_id,<,7#126394975
cast_info,movie_keyword,movie_info_idx,title#title.id=cast_info.movie_id,title.id=movie_keyword.movie_id,title.id=movie_info_idx.movie_id#title.season_nr,>,0,title.imdb_index,=,0#49289589
movie_info_idx,title#title.id=movie_info_idx.movie_id#title.season_nr,>,0,title.production_year,<,126#381738
movie_keyword,movie_info_idx,title#title.id=movie_keyword.movie_id,title.id=movie_info_idx.movie_id#movie_keyword.keyword_id,<,44755,title.imdb_index,=,0#9388480
movie_keyword,cast_info,title#title.id=movie_keyword.movie_id,title.id=cast_info.movie_id#cast_info.nr_order,>,1,title.kind_id,<,4#66107134
movie_companies,title#title.id=movie_companies.movie_id#title.phonetic_code,>,0,title.season_nr,<,13#2467225
title##title.phonetic_code,>,0,title.production_year,>,73#1538220
cast_info,title#title.id=cast_info.movie_id#cast_info.nr_order,>,2,title.production_year,>,95#6491442
cast_info,movie_info_idx,movie_keyword,title#title.id=cast_info.movie_id,title.id=movie_info_idx.movie_id,title.id=movie_keyword.movie_id#cast_info.role_id,>,1,title.production_year,<,125#353735730
movie_info,title#title.id=movie_info.movie_id#movie_info.info_type_id,>,1,title.episode_nr,<,2#11092654
cast_info,movie_keyword,title#title.id=cast_info.movie_id,title.id=movie_keyword.movie_id#cast_info.role_id,=,4,title.production_year,<,127#8792956
title##title.episode_nr,<,18,title.season_nr,<,5#1981238
movie_info_idx,movie_info,movie_companies,cast_info,title#title.id=movie_info_idx.movie_id,title.id=movie_info.movie_id,title.id=movie_companies.movie_id,title.id=cast_info.movie_id#movie_info.info_type_id,<,103,title.production_year,<,26#1538166
movie_info_idx,movie_keyword,title#title.id=movie_info_idx.movie_id,title.id=movie_keyword.movie_id#movie_keyword.keyword_id,>,1,title.kind_id,<,4#8564530
movie_info,title#title.id=movie_info.movie_id#title.phonetic_code,>,0,title.production_year,>,0#13476801
movie_info,movie_companies,movie_info_idx,movie_keyword,title#title.id=movie_info.movie_id,title.id=movie_companies.movie_id,title.id=movie_info_idx.movie_id,title.id=movie_keyword.movie_id#movie_keyword.keyword_id,<,22515,title.production_year,>,122#1870178282
cast_info,title#title.id=cast_info.movie_id#cast_info.role_id,<,11,title.phonetic_code,<,10385#21839293
movie_keyword,movie_info_idx,cast_info,movie_info,title#title.id=movie_keyword.movie_id,title.id=movie_info_idx.movie_id,title.id=cast_info.movie_id,title.id=movie_info.movie_id#movie_keyword.keyword_id,>,500,title.series_years,>,0#300293772
movie_info,title#title.id=movie_info.movie_id#movie_info.info_type_id,<,110,title.season_nr,>,3#1011036
movie_info,title#title.id=movie_info.movie_id#movie_info.info_type_id,<,98,title.kind_id,<,3#8405897
movie_companies,cast_info,title#title.id=movie_companies.movie_id,title.id=cast_info.movie_id#title.production_year,<,122,title.imdb_index,>,0#527863
movie_keyword,title#title.id=movie_keyword.movie_id#title.production_year,>,85,title.kind_id,<,7#2934383
movie_info_idx,cast_info,movie_companies,movie_keyword,title#title.id=movie_info_idx.movie_id,title.id=cast_info.movie_id,title.id=movie_companies.movie_id,title.id=movie_keyword.movie_id#movie_companies.company_type_id,>,1,title.season_nr,<,1#1711901261
movie_keyword,title#title.id=movie_keyword.movie_id#title.imdb_index,<,2,title.episode_nr,<,69#4449667
movie_keyword,title#title.id=movie_keyword.movie_id#title.imdb_index,=,0,title.episode_nr,<,29#4366768
movie_info_idx,movie_companies,title#title.id=movie_info_idx.movie_id,title.id=movie_companies.movie_id#movie_companies.company_type_id,<,2,title.episode_nr,>,13#136596
cast_info,movie_keyword,title#title.id=cast_info.movie_id,title.id=movie_keyword.movie_id#cast_info.role_id,=,3,title.episode_nr,<,92#15664545
movie_info_idx,movie_companies,title#title.id=movie_info_idx.movie_id,title.id=movie_companies.movie_id#title.episode_nr,>,0,title.season_nr,>,0#877380
movie_info_idx,title#title.id=movie_info_idx.movie_id#title.kind_id,=,1,title.production_year,>,27#617732
movie_info_idx,movie_companies,title#title.id=movie_info_idx.movie_id,title.id=movie_companies.movie_id#movie_companies.company_type_id,=,2,title.series_years,>,0#156318
movie_companies,movie_info,title#title.id=movie_companies.movie_id,title.id=movie_info.movie_id#title.kind_id,=,7,title.season_nr,<,9#5779215
cast_info,movie_info,movie_keyword,title#title.id=cast_info.movie_id,title.id=movie_info.movie_id,title.id=movie_keyword.movie_id#cast_info.nr_order,<,36,title.imdb_index,>,0#135652813
movie_companies,title#title.id=movie_companies.movie_id#title.season_nr,=,0,title.kind_id,>,1#628634
movie_companies,movie_info_idx,title#title.id=movie_companies.movie_id,title.id=movie_info_idx.movie_id#movie_info_idx.info_type_id,=,101,title.production_year,<,120#927183
movie_info_idx,movie_keyword,movie_info,movie_companies,title#title.id=movie_info_idx.movie_id,title.id=movie_keyword.movie_id,title.id=movie_info.movie_id,title.id=movie_companies.movie_id#movie_info.info_type_id,<,18,title.kind_id,>,3#146448894
movie_keyword,movie_companies,title#title.id=movie_keyword.movie_id,title.id=movie_companies.movie_id#movie_companies.company_type_id,<,2,title.episode_nr,>,0#876379
movie_info,cast_info,movie_info_idx,movie_companies,title#title.id=movie_info.movie_id,title.id=cast_info.movie_id,title.id=movie_info_idx.movie_id,title.id=movie_companies.movie_id#movie_info_idx.info_type_id,<,101,title.imdb_index,>,0#273039832
movie_keyword,title#title.id=movie_keyword.movie_id#movie_keyword.keyword_id,>,255,title.phonetic_code,>,11515#1809159
movie_info_idx,title#title.id=movie_info_idx.movie_id#movie_info_idx.info_type_id,>,99,title.series_years,>,782#67420
movie_info_idx,movie_keyword,title#title.id=movie_info_idx.movie_id,title.id=movie_keyword.movie_id#movie_keyword.keyword_id,<,79133,title.season_nr,>,4#250296
movie_companies,cast_info,movie_info_idx,title#title.id=movie_companies.movie_id,title.id=cast_info.movie_id,title.id=movie_info_idx.movie_id#movie_companies.company_type_id,<,2,title.imdb_index,=,0#120697278
movie_companies,title#title.id=movie_companies.movie_id#movie_companies.company_type_id,<,2,title.kind_id,=,1#667070
movie_info_idx,title#title.id=movie_info_idx.movie_id#title.production_year,<,126,title.season_nr,=,0#928826
movie_keyword,title#title.id=movie_keyword.movie_id#movie_keyword.keyword_id,>,992,title.phonetic_code,<,2722#754037
movie_info_idx,cast_info,title#title.id=movie_info_idx.movie_id,title.id=cast_info.movie_id#title.production_year,>,0,title.phonetic_code,<,20434#39049332
movie_info,title#title.id=movie_info.movie_id#title.imdb_index,=,0,title.production_year,>,13#14447913
movie_info,movie_companies,movie_keyword,title#title.id=movie_info.movie_id,title.id=movie_companies.movie_id,title.id=movie_keyword.movie_id#movie_keyword.keyword_id,>,56,title.season_nr,>,0#29509675
movie_info,cast_info,movie_companies,title#title.id=movie_info.movie_id,title.id=cast_info.movie_id,title.id=movie_companies.movie_id#movie_info.info_type_id,>,1,title.season_nr,>,1#145178749
movie_companies,movie_info,movie_keyword,title#title.id=movie_companies.movie_id,title.id=movie_info.movie_id,title.id=movie_keyword.movie_id#title.episode_nr,>,0,title.production_year,<,127#29425462
movie_companies,title#title.id=movie_companies.movie_id#title.phonetic_code,<,16011,title.kind_id,<,7#1396339
movie_companies,movie_info_idx,movie_keyword,title#title.id=movie_companies.movie_id,title.id=movie_info_idx.movie_id,title.id=movie_keyword.movie_id#movie_info_idx.info_type_id,=,100,title.series_years,<,1403#33225241
movie_keyword,title#title.id=movie_keyword.movie_id#movie_keyword.keyword_id,<,72031,title.production_year,>,113#2002026
movie_info_idx,title#title.id=movie_info_idx.movie_id#title.imdb_index,=,0,title.phonetic_code,<,17230#1155466
movie_keyword,title#title.id=movie_keyword.movie_id#title.series_years,>,0,title.imdb_index,>,0#1150
cast_info,movie_keyword,movie_info_idx,title#title.id=cast_info.movie_id,title.id=movie_keyword.movie_id,title.id=movie_info_idx.movie_id#movie_keyword.keyword_id,>,137,title.production_year,<,99#133060698
movie_info,movie_info_idx,movie_keyword,title#title.id=movie_info.movie_id,title.id=movie_info_idx.movie_id,title.id=movie_keyword.movie_id#movie_info.info_type_id,<,16,title.phonetic_code,<,16835#261907707
movie_companies,movie_keyword,movie_info_idx,cast_info,title#title.id=movie_companies.movie_id,title.id=movie_keyword.movie_id,title.id=movie_info_idx.movie_id,title.id=cast_info.movie_id#movie_companies.company_type_id,=,1,title.series_years,>,0#37262616
movie_info_idx,title#title.id=movie_info_idx.movie_id#movie_info_idx.info_type_id,=,101,title.production_year,>,125#23155
movie_keyword,cast_info,movie_info,movie_companies,title#title.id=movie_keyword.movie_id,title.id=cast_info.movie_id,title.id=movie_info.movie_id,title.id=movie_companies.movie_id#cast_info.role_id,>,1,title.season_nr,>,0#1313582655
movie_keyword,title#title.id=movie_keyword.movie_id#title.phonetic_code,>,0,title.episode_nr,>,0#488214
movie_info_idx,cast_info,movie_keyword,movie_info,title#title.id=movie_info_idx.movie_id,title.id=cast_info.movie_id,title.id=movie_keyword.movie_id,title.id=movie_info.movie_id#cast_info.nr_order,<,11,title.phonetic_code,>,0#7645249518
movie_keyword,cast_info,movie_info_idx,movie_info,title#title.id=movie_keyword.movie_id,title.id=cast_info.movie_id,title.id=movie_info_idx.movie_id,title.id=movie_info.movie_id#title.kind_id,>,1,title.season_nr,=,2#144969276
cast_info,title#title.id=cast_info.movie_id#cast_info.nr_order,>,2,title.production_year,<,103#2433363
movie_info_idx,title#title.id=movie_info_idx.movie_id#title.phonetic_code,<,20956,title.production_year,>,77#1190634
cast_info,title#title.id=cast_info.movie_id#cast_info.role_id,<,10,title.production_year,>,125#2903521
movie_keyword,movie_info_idx,title#title.id=movie_keyword.movie_id,title.id=movie_info_idx.movie_id#movie_info_idx.info_type_id,=,99,title.imdb_index,=,0#3407434
movie_companies,movie_keyword,cast_info,title#title.id=movie_companies.movie_id,title.id=movie_keyword.movie_id,title.id=cast_info.movie_id#movie_companies.company_type_id,=,2,title.kind_id,=,7#32738605
movie_info,title#title.id=movie_info.movie_id#title.phonetic_code,>,0,title.production_year,>,87#9756956
movie_info_idx,title#title.id=movie_info_idx.movie_id#title.kind_id,>,1,title.phonetic_code,>,0#717393
movie_companies,title#title.id=movie_companies.movie_id#movie_companies.company_type_id,=,2,title.production_year,<,118#803781
movie_companies,cast_info,movie_keyword,title#title.id=movie_companies.movie_id,title.id=cast_info.movie_id,title.id=movie_keyword.movie_id#cast_info.nr_order,<,30,title.season_nr,=,0#736135524
movie_keyword,movie_info_idx,title#title.id=movie_keyword.movie_id,title.id=movie_info_idx.movie_id#movie_keyword.keyword_id,>,382,title.kind_id,=,7#1018659
title##title.season_nr,>,0,title.kind_id,>,1#1103803
movie_info_idx,movie_companies,title#title.id=movie_info_idx.movie_id,title.id=movie_companies.movie_id#movie_info_idx.info_type_id,=,101,title.season_nr,>,0#293304
cast_info,title#title.id=cast_info.movie_id#cast_info.role_id,=,6,title.season_nr,=,1#185912
movie_info,movie_info_idx,title#title.id=movie_info.movie_id,title.id=movie_info_idx.movie_id#title.series_years,>,0,title.phonetic_code,>,0#1313196
movie_info,movie_companies,movie_info_idx,title#title.id=movie_info.movie_id,title.id=movie_companies.movie_id,title.id=movie_info_idx.movie_id#movie_info_idx.info_type_id,=,99,title.kind_id,>,1#9588997
movie_info,cast_info,title#title.id=movie_info.movie_id,title.id=cast_info.movie_id#movie_info.info_type_id,<,98,title.kind_id,=,1#273990465
movie_info,cast_info,movie_companies,movie_keyword,title#title.id=movie_info.movie_id,title.id=cast_info.movie_id,title.id=movie_companies.movie_id,title.id=movie_keyword.movie_id#cast_info.role_id,>,1,title.imdb_index,>,0#13049464555
movie_info_idx,movie_keyword,title#title.id=movie_info_idx.movie_id,title.id=movie_keyword.movie_id#movie_info_idx.info_type_id,<,101,title.phonetic_code,>,0#6883220
movie_keyword,cast_info,title#title.id=movie_keyword.movie_id,title.id=cast_info.movie_id#cast_info.nr_order,<,22,title.production_year,>,107#30712521
movie_keyword,movie_companies,movie_info_idx,cast_info,title#title.id=movie_keyword.movie_id,title.id=movie_companies.movie_id,title.id=movie_info_idx.movie_id,title.id=cast_info.movie_id#movie_companies.company_type_id,=,2,title.kind_id,<,7#1711440917
movie_info,movie_companies,movie_keyword,title#title.id=movie_info.movie_id,title.id=movie_companies.movie_id,title.id=movie_keyword.movie_id#title.kind_id,<,7,title.episode_nr,<,515#4817703980
movie_keyword,movie_info_idx,cast_info,movie_info,title#title.id=movie_keyword.movie_id,title.id=movie_info_idx.movie_id,title.id=cast_info.movie_id,title.id=movie_info.movie_id#title.series_years,>,0,title.episode_nr,<,31#370339854
movie_info,title#title.id=movie_info.movie_id#title.season_nr,=,1,title.series_years,>,0#128
cast_info,title#title.id=cast_info.movie_id#title.episode_nr,<,1836,title.imdb_index,=,0#35019623
movie_companies,movie_info_idx,movie_keyword,title#title.id=movie_companies.movie_id,title.id=movie_info_idx.movie_id,title.id=movie_keyword.movie_id#movie_companies.company_type_id,=,2,title.season_nr,>,0#1661172
movie_keyword,movie_companies,title#title.id=movie_keyword.movie_id,title.id=movie_companies.movie_id#title.imdb_index,>,0,title.series_years,>,0#6552
cast_info,movie_info_idx,movie_keyword,movie_companies,title#title.id=cast_info.movie_id,title.id=movie_info_idx.movie_id,title.id=movie_keyword.movie_id,title.id=movie_companies.movie_id#cast_info.role_id,<,8,title.imdb_index,=,0#5428814167
movie_keyword,movie_info_idx,cast_info,title#title.id=movie_keyword.movie_id,title.id=movie_info_idx.movie_id,title.id=cast_info.movie_id#movie_keyword.keyword_id,<,48190,title.episode_nr,<,230#559248000
cast_info,title#title.id=cast_info.movie_id#title.production_year,>,19,title.episode_nr,>,0#18516069
movie_info,movie_info_idx,movie_companies,title#title.id=movie_info.movie_id,title.id=movie_info_idx.movie_id,title.id=movie_companies.movie_id#movie_companies.company_type_id,>,1,title.kind_id,=,2#2526912
movie_info,movie_keyword,movie_info_idx,movie_companies,title#title.id=movie_info.movie_id,title.id=movie_keyword.movie_id,title.id=movie_info_idx.movie_id,title.id=movie_companies.movie_id#movie_info.info_type_id,>,2,title.season_nr,>,0#78142335
movie_info_idx,cast_info,movie_keyword,title#title.id=movie_info_idx.movie_id,title.id=cast_info.movie_id,title.id=movie_keyword.movie_id#cast_info.nr_order,>,1,title.episode_nr,<,9#213451428
movie_info,movie_keyword,movie_companies,cast_info,title#title.id=movie_info.movie_id,title.id=movie_keyword.movie_id,title.id=movie_companies.movie_id,title.id=cast_info.movie_id#movie_keyword.keyword_id,<,19796,title.series_years,>,0#1605043217
movie_keyword,movie_companies,movie_info,cast_info,title#title.id=movie_keyword.movie_id,title.id=movie_companies.movie_id,title.id=movie_info.movie_id,title.id=cast_info.movie_id#cast_info.role_id,>,1,title.season_nr,=,1#650874082
movie_companies,movie_info_idx,movie_keyword,title#title.id=movie_companies.movie_id,title.id=movie_info_idx.movie_id,title.id=movie_keyword.movie_id#title.series_years,>,0,title.episode_nr,<,28#2775273
movie_keyword,cast_info,movie_companies,movie_info_idx,title#title.id=movie_keyword.movie_id,title.id=cast_info.movie_id,title.id=movie_companies.movie_id,title.id=movie_info_idx.movie_id#cast_info.role_id,<,10,title.production_year,>,100#4416396373
movie_keyword,title#title.id=movie_keyword.movie_id#title.imdb_index,=,0,title.episode_nr,<,3775#4421490
movie_keyword,movie_info_idx,title#title.id=movie_keyword.movie_id,title.id=movie_info_idx.movie_id#movie_keyword.keyword_id,<,35759,title.kind_id,>,1#2589576
title##title.phonetic_code,>,0,title.season_nr,<,5#1673038
movie_info_idx,movie_info,cast_info,movie_companies,title#title.id=movie_info_idx.movie_id,title.id=movie_info.movie_id,title.id=cast_info.movie_id,title.id=movie_companies.movie_id#movie_companies.company_type_id,>,1,title.series_years,>,1357#5356023
movie_info,movie_info_idx,cast_info,title#title.id=movie_info.movie_id,title.id=movie_info_idx.movie_id,title.id=cast_info.movie_id#cast_info.nr_order,<,23,title.season_nr,>,0#51615087
title##title.kind_id,<,7,title.phonetic_code,>,0#983595
movie_keyword,movie_info,movie_info_idx,cast_info,title#title.id=movie_keyword.movie_id,title.id=movie_info.movie_id,title.id=movie_info_idx.movie_id,title.id=cast_info.movie_id#cast_info.nr_order,>,0,title.episode_nr,>,0#303519132
movie_info_idx,movie_companies,movie_info,cast_info,title#title.id=movie_info_idx.movie_id,title.id=movie_companies.movie_id,title.id=movie_info.movie_id,title.id=cast_info.movie_id#movie_info.info_type_id,<,107,title.phonetic_code,<,17701#13733319427
movie_info,movie_companies,movie_info_idx,title#title.id=movie_info.movie_id,title.id=movie_companies.movie_id,title.id=movie_info_idx.movie_id#movie_companies.company_type_id,=,2,title.kind_id,<,7#37022756
movie_info_idx,movie_info,movie_keyword,title#title.id=movie_info_idx.movie_id,title.id=movie_info.movie_id,title.id=movie_keyword.movie_id#movie_keyword.keyword_id,>,2330,title.season_nr,=,0#463404939
movie_keyword,movie_companies,movie_info,title#title.id=movie_keyword.movie_id,title.id=movie_companies.movie_id,title.id=movie_info.movie_id#movie_companies.company_type_id,<,2,title.kind_id,=,1#3981712476
title##title.phonetic_code,>,0,title.imdb_index,>,0#26196
movie_companies,movie_info,title#title.id=movie_companies.movie_id,title.id=movie_info.movie_id#movie_info.info_type_id,<,98,title.series_years,>,0#3210655
movie_info,movie_keyword,movie_info_idx,title#title.id=movie_info.movie_id,title.id=movie_keyword.movie_id,title.id=movie_info_idx.movie_id#movie_info_idx.info_type_id,<,101,title.kind_id,=,3#8680452
movie_info,cast_info,movie_keyword,movie_companies,title#title.id=movie_info.movie_id,title.id=cast_info.movie_id,title.id=movie_keyword.movie_id,title.id=movie_companies.movie_id#movie_info.info_type_id,>,2,title.imdb_index,>,0#17607125821
movie_info,title#title.id=movie_info.movie_id#title.kind_id,=,7,title.season_nr,=,4#231221
cast_info,movie_info_idx,title#title.id=cast_info.movie_id,title.id=movie_info_idx.movie_id#title.kind_id,<,7,title.production_year,<,125#23558205
movie_keyword,cast_info,title#title.id=movie_keyword.movie_id,title.id=cast_info.movie_id#movie_keyword.keyword_id,>,56,title.season_nr,>,0#20640725
movie_info_idx,movie_companies,title#title.id=movie_info_idx.movie_id,title.id=movie_companies.movie_id#title.series_years,>,0,title.production_year,>,34#329793
cast_info,title#title.id=cast_info.movie_id#cast_info.nr_order,>,1,title.season_nr,>,0#5161155
movie_companies,movie_keyword,movie_info_idx,title#title.id=movie_companies.movie_id,title.id=movie_keyword.movie_id,title.id=movie_info_idx.movie_id#movie_companies.company_type_id,=,2,title.phonetic_code,<,1226#1785474
movie_companies,movie_keyword,cast_info,movie_info,title#title.id=movie_companies.movie_id,title.id=movie_keyword.movie_id,title.id=cast_info.movie_id,title.id=movie_info.movie_id#movie_info.info_type_id,>,1,title.kind_id,=,7#1694219817
movie_info_idx,movie_info,title#title.id=movie_info_idx.movie_id,title.id=movie_info.movie_id#title.season_nr,<,33,title.phonetic_code,>,0#20696954
movie_info,movie_companies,title#title.id=movie_info.movie_id,title.id=movie_companies.movie_id#title.season_nr,<,8,title.phonetic_code,>,0#66217157
movie_info,movie_info_idx,title#title.id=movie_info.movie_id,title.id=movie_info_idx.movie_id#title.production_year,<,127,title.season_nr,>,0#3536022
cast_info,movie_keyword,title#title.id=cast_info.movie_id,title.id=movie_keyword.movie_id#title.imdb_index,=,0,title.season_nr,=,0#190174977
cast_info,movie_companies,title#title.id=cast_info.movie_id,title.id=movie_companies.movie_id#cast_info.nr_order,<,23,title.imdb_index,=,0#21025181
movie_info,title#title.id=movie_info.movie_id#title.phonetic_code,<,17183,title.production_year,>,0#12593493
cast_info,movie_keyword,title#title.id=cast_info.movie_id,title.id=movie_keyword.movie_id#movie_keyword.keyword_id,<,32629,title.imdb_index,>,0#3997216
movie_info,title#title.id=movie_info.movie_id#movie_info.info_type_id,<,98,title.series_years,>,0#745101
movie_info,movie_keyword,movie_companies,movie_info_idx,title#title.id=movie_info.movie_id,title.id=movie_keyword.movie_id,title.id=movie_companies.movie_id,title.id=movie_info_idx.movie_id#movie_info.info_type_id,>,2,title.production_year,<,126#14497927719
title##title.imdb_index,=,0,title.kind_id,=,7#1543264
movie_keyword,title#title.id=movie_keyword.movie_id#movie_keyword.keyword_id,>,1599,title.series_years,>,0#104130
movie_keyword,movie_info,title#title.id=movie_keyword.movie_id,title.id=movie_info.movie_id#title.episode_nr,<,426,title.imdb_index,=,0#230452559
cast_info,movie_info_idx,movie_keyword,title#title.id=cast_info.movie_id,title.id=movie_info_idx.movie_id,title.id=movie_keyword.movie_id#cast_info.role_id,=,1,title.season_nr,>,0#13290240
movie_info,cast_info,movie_companies,title#title.id=movie_info.movie_id,title.id=cast_info.movie_id,title.id=movie_companies.movie_id#movie_info.info_type_id,<,98,title.kind_id,=,7#232776233
movie_info_idx,title#title.id=movie_info_idx.movie_id#movie_info_idx.info_type_id,>,99,title.imdb_index,<,2#915298
movie_info,title#title.id=movie_info.movie_id#movie_info.info_type_id,<,16,title.imdb_index,=,0#9360892
movie_companies,movie_info,cast_info,title#title.id=movie_companies.movie_id,title.id=movie_info.movie_id,title.id=cast_info.movie_id#movie_companies.company_type_id,=,2,title.production_year,<,82#76053622
cast_info,movie_keyword,movie_info_idx,title#title.id=cast_info.movie_id,title.id=movie_keyword.movie_id,title.id=movie_info_idx.movie_id#movie_info_idx.info_type_id,>,99,title.production_year,<,81#52441322
movie_info,title#title.id=movie_info.movie_id#title.phonetic_code,>,4380,title.kind_id,<,7#7927197
movie_keyword,movie_companies,title#title.id=movie_keyword.movie_id,title.id=movie_companies.movie_id#movie_companies.company_type_id,=,1,title.kind_id,>,1#2969732
cast_info,movie_info,movie_info_idx,title#title.id=cast_info.movie_id,title.id=movie_info.movie_id,title.id=movie_info_idx.movie_id#movie_info_idx.info_type_id,<,101,title.phonetic_code,<,14493#504076598
cast_info,movie_keyword,title#title.id=cast_info.movie_id,title.id=movie_keyword.movie_id#cast_info.role_id,>,1,title.production_year,>,122#28151148
cast_info,movie_info_idx,movie_info,movie_keyword,title#title.id=cast_info.movie_id,title.id=movie_info_idx.movie_id,title.id=movie_info.movie_id,title.id=movie_keyword.movie_id#movie_keyword.keyword_id,<,60463,title.episode_nr,>,0#803912763
movie_info,cast_info,title#title.id=movie_info.movie_id,title.id=cast_info.movie_id#movie_info.info_type_id,<,71,title.season_nr,=,6#3679358
movie_info_idx,title#title.id=movie_info_idx.movie_id#movie_info_idx.info_type_id,=,100,title.series_years,>,0#37685
movie_info,title#title.id=movie_info.movie_id#title.episode_nr,>,0,title.season_nr,>,0#3301555
cast_info,movie_info_idx,title#title.id=cast_info.movie_id,title.id=movie_info_idx.movie_id#title.episode_nr,<,3818,title.season_nr,<,2#31088685
movie_info_idx,movie_keyword,title#title.id=movie_info_idx.movie_id,title.id=movie_keyword.movie_id#title.imdb_index,>,0,title.season_nr,<,2#163149
movie_info_idx,movie_info,title#title.id=movie_info_idx.movie_id,title.id=movie_info.movie_id#movie_info.info_type_id,<,18,title.production_year,<,67#1574179
movie_companies,movie_info,movie_keyword,cast_info,title#title.id=movie_companies.movie_id,title.id=movie_info.movie_id,title.id=movie_keyword.movie_id,title.id=cast_info.movie_id#cast_info.nr_order,<,58,title.series_years,>,0#132352333
movie_info_idx,cast_info,movie_keyword,title#title.id=movie_info_idx.movie_id,title.id=cast_info.movie_id,title.id=movie_keyword.movie_id#cast_info.role_id,>,1,title.production_year,<,127#383579467
movie_companies,movie_info_idx,title#title.id=movie_companies.movie_id,title.id=movie_info_idx.movie_id#movie_companies.company_type_id,>,1,title.imdb_index,=,0#1729010
movie_companies,movie_info,title#title.id=movie_companies.movie_id,title.id=movie_info.movie_id#movie_companies.company_type_id,=,1,title.episode_nr,>,5#2071555
movie_info,title#title.id=movie_info.movie_id#title.season_nr,=,0,title.phonetic_code,>,0#11015636
cast_info,movie_info,movie_companies,movie_info_idx,title#title.id=cast_info.movie_id,title.id=movie_info.movie_id,title.id=movie_companies.movie_id,title.id=movie_info_idx.movie_id#movie_info.info_type_id,>,1,title.episode_nr,<,339#17289444960
movie_info_idx,movie_companies,cast_info,title#title.id=movie_info_idx.movie_id,title.id=movie_companies.movie_id,title.id=cast_info.movie_id#title.kind_id,>,1,title.series_years,>,0#5140737
movie_info_idx,title#title.id=movie_info_idx.movie_id#title.season_nr,<,25,title.production_year,>,40#1353361
cast_info,movie_info_idx,title#title.id=cast_info.movie_id,title.id=movie_info_idx.movie_id#cast_info.nr_order,<,29,title.kind_id,=,7#4867410
movie_keyword,movie_info,movie_companies,cast_info,title#title.id=movie_keyword.movie_id,title.id=movie_info.movie_id,title.id=movie_companies.movie_id,title.id=cast_info.movie_id#movie_keyword.keyword_id,>,117,title.episode_nr,>,0#1697936752
title##title.production_year,>,0,title.kind_id,>,1#1799907
movie_keyword,movie_companies,movie_info_idx,movie_info,title#title.id=movie_keyword.movie_id,title.id=movie_companies.movie_id,title.id=movie_info_idx.movie_id,title.id=movie_info.movie_id#movie_companies.company_type_id,<,2,title.season_nr,>,10#1577088
movie_info,movie_keyword,title#title.id=movie_info.movie_id,title.id=movie_keyword.movie_id#movie_keyword.keyword_id,>,571,title.kind_id,<,3#192353923
movie_info_idx,movie_keyword,cast_info,title#title.id=movie_info_idx.movie_id,title.id=movie_keyword.movie_id,title.id=cast_info.movie_id#movie_info_idx.info_type_id,>,99,title.imdb_index,>,0#8880803
movie_companies,title#title.id=movie_companies.movie_id#movie_companies.company_type_id,>,1,title.kind_id,=,7#400469
title##title.series_years,<,1357,title.kind_id,>,1#1828242
movie_info_idx,cast_info,title#title.id=movie_info_idx.movie_id,title.id=cast_info.movie_id#movie_info_idx.info_type_id,<,101,title.series_years,>,0#997240
movie_companies,movie_info_idx,movie_keyword,title#title.id=movie_companies.movie_id,title.id=movie_info_idx.movie_id,title.id=movie_keyword.movie_id#movie_info_idx.info_type_id,>,99,title.episode_nr,<,207#67813685
movie_info_idx,movie_companies,title#title.id=movie_info_idx.movie_id,title.id=movie_companies.movie_id#title.production_year,>,27,title.kind_id,>,1#1745181
movie_info_idx,movie_info,title#title.id=movie_info_idx.movie_id,title.id=movie_info.movie_id#movie_info_idx.info_type_id,>,99,title.imdb_index,=,0#13729850
title##title.phonetic_code,<,23163,title.episode_nr,>,0#1102094
movie_info_idx,title#title.id=movie_info_idx.movie_id#title.production_year,>,78,title.imdb_index,>,0#16750
movie_info,cast_info,title#title.id=movie_info.movie_id,title.id=cast_info.movie_id#cast_info.nr_order,<,20,title.production_year,<,93#29504890
cast_info,movie_info_idx,movie_keyword,movie_info,title#title.id=cast_info.movie_id,title.id=movie_info_idx.movie_id,title.id=movie_keyword.movie_id,title.id=movie_info.movie_id#movie_info.info_type_id,>,2,title.episode_nr,>,30#5365743
movie_companies,cast_info,title#title.id=movie_companies.movie_id,title.id=cast_info.movie_id#movie_companies.company_type_id,>,1,title.episode_nr,<,31#31647093
movie_info,title#title.id=movie_info.movie_id#movie_info.info_type_id,<,16,title.phonetic_code,>,0#9023771
movie_keyword,title#title.id=movie_keyword.movie_id#title.phonetic_code,>,0,title.imdb_index,>,0#68186
movie_info_idx,movie_keyword,movie_companies,title#title.id=movie_info_idx.movie_id,title.id=movie_keyword.movie_id,title.id=movie_companies.movie_id#movie_info_idx.info_type_id,=,101,title.series_years,>,0#925091
movie_info_idx,movie_info,movie_companies,title#title.id=movie_info_idx.movie_id,title.id=movie_info.movie_id,title.id=movie_companies.movie_id#movie_info.info_type_id,>,1,title.series_years,>,1281#3724830
movie_info,title#title.id=movie_info.movie_id#movie_info.info_type_id,>,1,title.phonetic_code,>,18237#1285213
movie_companies,movie_info_idx,movie_keyword,title#title.id=movie_companies.movie_id,title.id=movie_info_idx.movie_id,title.id=movie_keyword.movie_id#movie_info_idx.info_type_id,<,101,title.season_nr,>,0#2719140
cast_info,movie_info_idx,movie_info,movie_keyword,title#title.id=cast_info.movie_id,title.id=movie_info_idx.movie_id,title.id=movie_info.movie_id,title.id=movie_keyword.movie_id#movie_info.info_type_id,<,16,title.season_nr,>,0#494465607
movie_info_idx,cast_info,movie_companies,movie_keyword,title#title.id=movie_info_idx.movie_id,title.id=cast_info.movie_id,title.id=movie_companies.movie_id,title.id=movie_keyword.movie_id#cast_info.role_id,>,1,title.phonetic_code,<,13316#4133791029
cast_info,title#title.id=cast_info.movie_id#title.season_nr,<,8,title.series_years,>,0#890781
movie_companies,movie_info_idx,movie_info,title#title.id=movie_companies.movie_id,title.id=movie_info_idx.movie_id,title.id=movie_info.movie_id#movie_info.info_type_id,<,107,title.production_year,>,87#135441032
movie_info_idx,movie_companies,movie_keyword,title#title.id=movie_info_idx.movie_id,title.id=movie_companies.movie_id,title.id=movie_keyword.movie_id#movie_info_idx.info_type_id,=,100,title.phonetic_code,>,0#33088716
cast_info,movie_keyword,title#title.id=cast_info.movie_id,title.id=movie_keyword.movie_id#cast_info.role_id,=,2,title.imdb_index,=,0#35120018
movie_info,movie_keyword,movie_info_idx,title#title.id=movie_info.movie_id,title.id=movie_keyword.movie_id,title.id=movie_info_idx.movie_id#movie_info.info_type_id,>,1,title.episode_nr,<,1482#684256655
movie_companies,title#title.id=movie_companies.movie_id#title.production_year,>,23,title.season_nr,>,0#660789
movie_companies,title#title.id=movie_companies.movie_id#title.season_nr,=,0,title.series_years,>,0#194243
movie_companies,movie_info,title#title.id=movie_companies.movie_id,title.id=movie_info.movie_id#movie_companies.company_type_id,=,1,title.series_years,>,0#2151595
cast_info,movie_keyword,title#title.id=cast_info.movie_id,title.id=movie_keyword.movie_id#movie_keyword.keyword_id,<,61081,title.production_year,<,63#15403716
cast_info,movie_keyword,movie_companies,title#title.id=cast_info.movie_id,title.id=movie_keyword.movie_id,title.id=movie_companies.movie_id#movie_keyword.keyword_id,<,45042,title.series_years,>,0#18841999
title##title.production_year,<,121,title.kind_id,<,7#682960
movie_keyword,movie_info,cast_info,movie_companies,title#title.id=movie_keyword.movie_id,title.id=movie_info.movie_id,title.id=cast_info.movie_id,title.id=movie_companies.movie_id#movie_info.info_type_id,>,1,title.series_years,>,0#1851153826
movie_info_idx,title#title.id=movie_info_idx.movie_id#movie_info_idx.info_type_id,=,99,title.phonetic_code,<,6047#162298
movie_info,title#title.id=movie_info.movie_id#movie_info.info_type_id,<,98,title.season_nr,=,0#10793159
title##title.phonetic_code,<,20273,title.season_nr,=,3#85205
movie_companies,title#title.id=movie_companies.movie_id#title.kind_id,>,1,title.season_nr,>,0#672805
cast_info,title#title.id=cast_info.movie_id#cast_info.nr_order,<,37,title.phonetic_code,<,1517#3053555
movie_keyword,title#title.id=movie_keyword.movie_id#movie_keyword.keyword_id,>,1535,title.production_year,>,118#1053162
movie_info_idx,cast_info,movie_info,title#title.id=movie_info_idx.movie_id,title.id=cast_info.movie_id,title.id=movie_info.movie_id#cast_info.nr_order,>,0,title.season_nr,>,6#8512266
cast_info,movie_companies,title#title.id=cast_info.movie_id,title.id=movie_companies.movie_id#movie_companies.company_type_id,>,1,title.production_year,>,49#31764270
movie_companies,movie_info_idx,title#title.id=movie_companies.movie_id,title.id=movie_info_idx.movie_id#title.imdb_index,=,0,title.season_nr,<,8#3931818
movie_keyword,movie_info_idx,cast_info,title#title.id=movie_keyword.movie_id,title.id=movie_info_idx.movie_id,title.id=cast_info.movie_id#cast_info.nr_order,>,4,title.phonetic_code,<,14682#135527687
movie_companies,title#title.id=movie_companies.movie_id#movie_companies.company_type_id,<,2,title.kind_id,=,7#316839
movie_keyword,movie_companies,movie_info_idx,movie_info,title#title.id=movie_keyword.movie_id,title.id=movie_companies.movie_id,title.id=movie_info_idx.movie_id,title.id=movie_info.movie_id#movie_info_idx.info_type_id,=,99,title.series_years,<,1374#4823722905
cast_info,title#title.id=cast_info.movie_id#title.imdb_index,=,0,title.season_nr,<,11#34580423
movie_keyword,cast_info,title#title.id=movie_keyword.movie_id,title.id=cast_info.movie_id#movie_keyword.keyword_id,<,92004,title.episode_nr,<,95#210448185
cast_info,movie_keyword,movie_info_idx,movie_info,title#title.id=cast_info.movie_id,title.id=movie_keyword.movie_id,title.id=movie_info_idx.movie_id,title.id=movie_info.movie_id#cast_info.nr_order,<,2000,title.season_nr,>,0#317261331
title##title.series_years,>,0,title.episode_nr,<,226#90875
cast_info,movie_info,movie_keyword,title#title.id=cast_info.movie_id,title.id=movie_info.movie_id,title.id=movie_keyword.movie_id#cast_info.nr_order,<,1000,title.series_years,<,1376#9002842982
cast_info,movie_info_idx,title#title.id=cast_info.movie_id,title.id=movie_info_idx.movie_id#cast_info.nr_order,<,26,title.phonetic_code,>,7619#6939699
movie_info,movie_companies,cast_info,movie_info_idx,title#title.id=movie_info.movie_id,title.id=movie_companies.movie_id,title.id=cast_info.movie_id,title.id=movie_info_idx.movie_id#movie_companies.company_type_id,>,1,title.production_year,>,121#860640905
cast_info,title#title.id=cast_info.movie_id#title.production_year,>,0,title.imdb_index,>,0#377456
movie_info,title#title.id=movie_info.movie_id#title.series_years,>,0,title.episode_nr,>,0#133
movie_info,title#title.id=movie_info.movie_id#movie_info.info_type_id,<,18,title.production_year,>,55#11354083
cast_info,movie_keyword,movie_companies,title#title.id=cast_info.movie_id,title.id=movie_keyword.movie_id,title.id=movie_companies.movie_id#movie_keyword.keyword_id,>,606,title.season_nr,=,0#2684739755
cast_info,title#title.id=cast_info.movie_id#cast_info.nr_order,>,0,title.phonetic_code,>,16274#2022185
movie_info,movie_companies,title#title.id=movie_info.movie_id,title.id=movie_companies.movie_id#movie_info.info_type_id,>,1,title.production_year,<,104#22128545
movie_keyword,title#title.id=movie_keyword.movie_id#movie_keyword.keyword_id,>,230,title.production_year,<,72#656248
cast_info,movie_info_idx,movie_info,title#title.id=cast_info.movie_id,title.id=movie_info_idx.movie_id,title.id=movie_info.movie_id#cast_info.nr_order,<,1000,title.production_year,>,104#277814177
movie_info_idx,movie_info,title#title.id=movie_info_idx.movie_id,title.id=movie_info.movie_id#title.kind_id,=,7,title.season_nr,=,1#1189908
movie_keyword,title#title.id=movie_keyword.movie_id#movie_keyword.keyword_id,<,90832,title.production_year,>,122#671461
movie_companies,cast_info,movie_info,title#title.id=movie_companies.movie_id,title.id=cast_info.movie_id,title.id=movie_info.movie_id#movie_companies.company_type_id,=,1,title.production_year,>,114#2740547736
movie_info,movie_companies,cast_info,title#title.id=movie_info.movie_id,title.id=movie_companies.movie_id,title.id=cast_info.movie_id#movie_companies.company_type_id,<,2,title.phonetic_code,<,7063#1854983638
cast_info,movie_info_idx,title#title.id=cast_info.movie_id,title.id=movie_info_idx.movie_id#title.imdb_index,=,0,title.phonetic_code,>,0#39392489
movie_info,title#title.id=movie_info.movie_id#title.production_year,<,127,title.phonetic_code,>,0#13255667
title##title.phonetic_code,<,17724,title.production_year,<,124#1807918
movie_keyword,title#title.id=movie_keyword.movie_id#title.production_year,>,97,title.imdb_index,=,0#3018503
movie_info,movie_info_idx,title#title.id=movie_info.movie_id,title.id=movie_info_idx.movie_id#title.imdb_index,=,0,title.kind_id,<,7#16914232
movie_info,movie_info_idx,cast_info,movie_keyword,title#title.id=movie_info.movie_id,title.id=movie_info_idx.movie_id,title.id=cast_info.movie_id,title.id=movie_keyword.movie_id#movie_info.info_type_id,<,47,title.episode_nr,>,0#758931627
movie_keyword,title#title.id=movie_keyword.movie_id#movie_keyword.keyword_id,<,110465,title.phonetic_code,>,11733#1875557
title##title.imdb_index,>,0,title.series_years,>,0#492
cast_info,movie_info_idx,title#title.id=cast_info.movie_id,title.id=movie_info_idx.movie_id#cast_info.nr_order,<,1000,title.phonetic_code,>,0#13655319
movie_info,movie_info_idx,movie_companies,title#title.id=movie_info.movie_id,title.id=movie_info_idx.movie_id,title.id=movie_companies.movie_id#movie_info_idx.info_type_id,<,101,title.kind_id,=,1#96790110
movie_info_idx,title#title.id=movie_info_idx.movie_id#title.imdb_index,>,0,title.kind_id,>,1#1752
cast_info,movie_keyword,movie_companies,title#title.id=cast_info.movie_id,title.id=movie_keyword.movie_id,title.id=movie_companies.movie_id#movie_companies.company_type_id,>,1,title.imdb_index,=,0#588565410
cast_info,movie_keyword,movie_companies,movie_info_idx,title#title.id=cast_info.movie_id,title.id=movie_keyword.movie_id,title.id=movie_companies.movie_id,title.id=movie_info_idx.movie_id#movie_info_idx.info_type_id,>,99,title.season_nr,=,0#6204030105
movie_info,title#title.id=movie_info.movie_id#movie_info.info_type_id,<,103,title.phonetic_code,>,15098#3763742
movie_keyword,movie_info,title#title.id=movie_keyword.movie_id,title.id=movie_info.movie_id#movie_keyword.keyword_id,<,72581,title.season_nr,>,0#6488126
cast_info,movie_info,movie_info_idx,title#title.id=cast_info.movie_id,title.id=movie_info.movie_id,title.id=movie_info_idx.movie_id#cast_info.role_id,=,1,title.series_years,>,0#6695781
movie_info_idx,title#title.id=movie_info_idx.movie_id#movie_info_idx.info_type_id,<,101,title.season_nr,>,0#274664
cast_info,title#title.id=cast_info.movie_id#cast_info.role_id,=,3,title.phonetic_code,>,10429#1626665
movie_info,title#title.id=movie_info.movie_id#movie_info.info_type_id,>,2,title.production_year,>,126#248640
movie_companies,movie_info,title#title.id=movie_companies.movie_id,title.id=movie_info.movie_id#movie_info.info_type_id,>,3,title.imdb_index,=,0#58466157
movie_keyword,movie_info,movie_info_idx,title#title.id=movie_keyword.movie_id,title.id=movie_info.movie_id,title.id=movie_info_idx.movie_id#movie_keyword.keyword_id,>,335,title.episode_nr,>,5#8674392
movie_keyword,title#title.id=movie_keyword.movie_id#title.imdb_index,<,2,title.production_year,>,27#4467040
movie_companies,title#title.id=movie_companies.movie_id#movie_companies.company_type_id,=,2,title.production_year,>,112#665752
movie_companies,title#title.id=movie_companies.movie_id#title.production_year,<,124,title.imdb_index,>,0#24436
movie_companies,title#title.id=movie_companies.movie_id#movie_companies.company_type_id,<,2,title.production_year,<,113#681280
movie_info,cast_info,movie_info_idx,title#title.id=movie_info.movie_id,title.id=cast_info.movie_id,title.id=movie_info_idx.movie_id#title.phonetic_code,>,0,title.production_year,>,43#1105476389
title##title.phonetic_code,<,19721,title.season_nr,=,0#1356832
movie_info_idx,cast_info,title#title.id=movie_info_idx.movie_id,title.id=cast_info.movie_id#movie_info_idx.info_type_id,=,100,title.series_years,>,0#498620
movie_keyword,cast_info,title#title.id=movie_keyword.movie_id,title.id=cast_info.movie_id#cast_info.nr_order,<,32,title.phonetic_code,>,9487#33799424
movie_info,title#title.id=movie_info.movie_id#movie_info.info_type_id,>,3,title.production_year,>,78#8884612
movie_info,movie_keyword,movie_info_idx,movie_companies,title#title.id=movie_info.movie_id,title.id=movie_keyword.movie_id,title.id=movie_info_idx.movie_id,title.id=movie_companies.movie_id#movie_info_idx.info_type_id,>,99,title.season_nr,>,0#57030744
movie_info,movie_info_idx,title#title.id=movie_info.movie_id,title.id=movie_info_idx.movie_id#movie_info.info_type_id,<,105,title.production_year,>,121#3796536
movie_info_idx,title#title.id=movie_info_idx.movie_id#movie_info_idx.info_type_id,<,101,title.kind_id,>,1#500090
movie_keyword,movie_info_idx,title#title.id=movie_keyword.movie_id,title.id=movie_info_idx.movie_id#movie_keyword.keyword_id,<,33439,title.season_nr,=,0#8178672
movie_companies,movie_keyword,title#title.id=movie_companies.movie_id,title.id=movie_keyword.movie_id#movie_companies.company_type_id,>,1,title.imdb_index,>,0#183610
movie_info,title#title.id=movie_info.movie_id#movie_info.info_type_id,<,94,title.season_nr,=,0#10697443
movie_keyword,movie_companies,cast_info,movie_info_idx,title#title.id=movie_keyword.movie_id,title.id=movie_companies.movie_id,title.id=cast_info.movie_id,title.id=movie_info_idx.movie_id#movie_keyword.keyword_id,>,137,title.series_years,>,0#51791478
cast_info,title#title.id=cast_info.movie_id#cast_info.nr_order,>,1,title.episode_nr,>,21#1844627
movie_companies,title#title.id=movie_companies.movie_id#movie_companies.company_type_id,<,2,title.episode_nr,>,0#295610
movie_keyword,movie_info,movie_companies,title#title.id=movie_keyword.movie_id,title.id=movie_info.movie_id,title.id=movie_companies.movie_id#movie_companies.company_type_id,=,2,title.production_year,<,100#106219313
movie_info_idx,movie_keyword,title#title.id=movie_info_idx.movie_id,title.id=movie_keyword.movie_id#movie_info_idx.info_type_id,>,99,title.phonetic_code,<,17155#5798704
movie_info,movie_keyword,title#title.id=movie_info.movie_id,title.id=movie_keyword.movie_id#title.kind_id,<,7,title.imdb_index,=,0#223987450
movie_info,movie_keyword,movie_companies,title#title.id=movie_info.movie_id,title.id=movie_keyword.movie_id,title.id=movie_companies.movie_id#title.season_nr,>,0,title.phonetic_code,>,0#29126637
title##title.phonetic_code,<,16714,title.season_nr,=,0#1180079
title##title.imdb_index,>,0,title.series_years,>,0#492
cast_info,movie_info_idx,title#title.id=cast_info.movie_id,title.id=movie_info_idx.movie_id#cast_info.nr_order,<,24,title.imdb_index,>,0#109137
movie_info,movie_keyword,movie_companies,title#title.id=movie_info.movie_id,title.id=movie_keyword.movie_id,title.id=movie_companies.movie_id#movie_companies.company_type_id,=,1,title.production_year,>,121#874484960
cast_info,movie_info_idx,title#title.id=cast_info.movie_id,title.id=movie_info_idx.movie_id#movie_info_idx.info_type_id,<,101,title.phonetic_code,>,11284#12339456
movie_info_idx,title#title.id=movie_info_idx.movie_id#movie_info_idx.info_type_id,=,100,title.imdb_index,=,0#453980
movie_info,title#title.id=movie_info.movie_id#movie_info.info_type_id,<,105,title.episode_nr,>,0#3300138
movie_info,title#title.id=movie_info.movie_id#movie_info.info_type_id,<,102,title.imdb_index,=,0#14021039
movie_info_idx,title#title.id=movie_info_idx.movie_id#title.episode_nr,<,12851,title.production_year,<,127#1365161
movie_info_idx,title#title.id=movie_info_idx.movie_id#title.imdb_index,>,0,title.production_year,>,0#17836
cast_info,movie_info_idx,movie_info,title#title.id=cast_info.movie_id,title.id=movie_info_idx.movie_id,title.id=movie_info.movie_id#cast_info.role_id,>,1,title.imdb_index,=,0#714083229
movie_info,cast_info,title#title.id=movie_info.movie_id,title.id=cast_info.movie_id#title.episode_nr,>,0,title.imdb_index,=,0#85162359
movie_companies,cast_info,title#title.id=movie_companies.movie_id,title.id=cast_info.movie_id#cast_info.nr_order,>,1,title.episode_nr,>,3#5017407
cast_info,title#title.id=cast_info.movie_id#cast_info.role_id,=,1,title.imdb_index,=,0#12560979
movie_info_idx,movie_keyword,title#title.id=movie_info_idx.movie_id,title.id=movie_keyword.movie_id#movie_info_idx.info_type_id,>,99,title.episode_nr,>,4#484502
movie_companies,movie_info_idx,movie_info,title#title.id=movie_companies.movie_id,title.id=movie_info_idx.movie_id,title.id=movie_info.movie_id#movie_info.info_type_id,<,107,title.production_year,<,118#104448404
movie_companies,movie_keyword,movie_info_idx,title#title.id=movie_companies.movie_id,title.id=movie_keyword.movie_id,title.id=movie_info_idx.movie_id#movie_keyword.keyword_id,<,26657,title.series_years,>,0#2473794
movie_info,movie_companies,movie_info_idx,title#title.id=movie_info.movie_id,title.id=movie_companies.movie_id,title.id=movie_info_idx.movie_id#movie_companies.company_type_id,=,2,title.production_year,<,125#38909918
movie_keyword,cast_info,movie_info_idx,title#title.id=movie_keyword.movie_id,title.id=cast_info.movie_id,title.id=movie_info_idx.movie_id#movie_info_idx.info_type_id,<,101,title.episode_nr,>,0#32726464
movie_info_idx,cast_info,title#title.id=movie_info_idx.movie_id,title.id=cast_info.movie_id#cast_info.nr_order,>,1,title.phonetic_code,<,937#932949
movie_info,movie_info_idx,cast_info,movie_companies,title#title.id=movie_info.movie_id,title.id=movie_info_idx.movie_id,title.id=cast_info.movie_id,title.id=movie_companies.movie_id#movie_info_idx.info_type_id,<,101,title.kind_id,=,1#10481645372
movie_keyword,title#title.id=movie_keyword.movie_id#title.kind_id,>,1,title.season_nr,>,0#592511
movie_companies,movie_info,title#title.id=movie_companies.movie_id,title.id=movie_info.movie_id#movie_info.info_type_id,<,107,title.kind_id,=,1#49640287
title##title.episode_nr,>,0,title.imdb_index,=,0#1102414
movie_keyword,title#title.id=movie_keyword.movie_id#movie_keyword.keyword_id,>,359,title.phonetic_code,>,14379#1297562
cast_info,movie_companies,movie_keyword,title#title.id=cast_info.movie_id,title.id=movie_companies.movie_id,title.id=movie_keyword.movie_id#movie_companies.company_type_id,=,1,title.episode_nr,<,15#2487857321
movie_keyword,title#title.id=movie_keyword.movie_id#title.kind_id,=,1,title.phonetic_code,<,18248#2597426
movie_info_idx,movie_companies,title#title.id=movie_info_idx.movie_id,title.id=movie_companies.movie_id#title.season_nr,<,11,title.phonetic_code,>,0#4000978
movie_info,title#title.id=movie_info.movie_id#movie_info.info_type_id,<,16,title.imdb_index,>,0#204259
movie_info_idx,cast_info,title#title.id=movie_info_idx.movie_id,title.id=cast_info.movie_id#movie_info_idx.info_type_id,>,99,title.production_year,>,121#6946940
movie_keyword,title#title.id=movie_keyword.movie_id#title.production_year,<,126,title.kind_id,>,1#1571783
movie_info_idx,cast_info,movie_companies,title#title.id=movie_info_idx.movie_id,title.id=cast_info.movie_id,title.id=movie_companies.movie_id#title.imdb_index,>,0,title.phonetic_code,>,0#3530591
movie_keyword,cast_info,movie_info_idx,title#title.id=movie_keyword.movie_id,title.id=cast_info.movie_id,title.id=movie_info_idx.movie_id#movie_keyword.keyword_id,>,359,title.imdb_index,>,0#12199825
movie_info_idx,title#title.id=movie_info_idx.movie_id#movie_info_idx.info_type_id,=,101,title.production_year,<,126#436770
movie_companies,title#title.id=movie_companies.movie_id#movie_companies.company_type_id,>,1,title.imdb_index,>,0#19842
movie_info_idx,title#title.id=movie_info_idx.movie_id#movie_info_idx.info_type_id,<,101,title.production_year,>,123#128126
movie_info_idx,cast_info,movie_keyword,title#title.id=movie_info_idx.movie_id,title.id=cast_info.movie_id,title.id=movie_keyword.movie_id#movie_info_idx.info_type_id,<,101,title.kind_id,>,1#74978918
movie_companies,movie_info_idx,movie_keyword,title#title.id=movie_companies.movie_id,title.id=movie_info_idx.movie_id,title.id=movie_keyword.movie_id#movie_companies.company_type_id,=,2,title.imdb_index,>,0#514878
movie_info_idx,cast_info,title#title.id=movie_info_idx.movie_id,title.id=cast_info.movie_id#title.imdb_index,=,0,title.season_nr,>,0#14916303
movie_keyword,movie_info_idx,movie_info,title#title.id=movie_keyword.movie_id,title.id=movie_info_idx.movie_id,title.id=movie_info.movie_id#title.kind_id,<,7,title.episode_nr,<,85#679984982
cast_info,movie_companies,title#title.id=cast_info.movie_id,title.id=movie_companies.movie_id#title.phonetic_code,>,0,title.episode_nr,<,22#75131197
cast_info,movie_info,movie_keyword,movie_companies,title#title.id=cast_info.movie_id,title.id=movie_info.movie_id,title.id=movie_keyword.movie_id,title.id=movie_companies.movie_id#movie_companies.company_type_id,<,2,title.season_nr,=,1#590225684
movie_info_idx,title#title.id=movie_info_idx.movie_id#title.production_year,>,0,title.episode_nr,<,649#1378409
movie_info_idx,movie_companies,movie_info,movie_keyword,title#title.id=movie_info_idx.movie_id,title.id=movie_companies.movie_id,title.id=movie_info.movie_id,title.id=movie_keyword.movie_id#movie_companies.company_type_id,<,2,title.kind_id,<,7#12786045514
movie_keyword,movie_companies,cast_info,title#title.id=movie_keyword.movie_id,title.id=movie_companies.movie_id,title.id=cast_info.movie_id#title.production_year,<,125,title.series_years,<,1397#2822822274
movie_companies,cast_info,title#title.id=movie_companies.movie_id,title.id=cast_info.movie_id#cast_info.nr_order,>,2,title.season_nr,>,0#5745915
movie_keyword,movie_info_idx,cast_info,movie_info,title#title.id=movie_keyword.movie_id,title.id=movie_info_idx.movie_id,title.id=cast_info.movie_id,title.id=movie_info.movie_id#cast_info.role_id,<,10,title.production_year,>,125#1620865537
cast_info,movie_info_idx,movie_companies,title#title.id=cast_info.movie_id,title.id=movie_info_idx.movie_id,title.id=movie_companies.movie_id#cast_info.role_id,=,2,title.kind_id,<,7#24865487
movie_info_idx,cast_info,movie_info,title#title.id=movie_info_idx.movie_id,title.id=cast_info.movie_id,title.id=movie_info.movie_id#title.production_year,>,87,title.phonetic_code,<,19106#901361885
movie_keyword,title#title.id=movie_keyword.movie_id#title.series_years,>,0,title.phonetic_code,>,0#182836
movie_info_idx,title#title.id=movie_info_idx.movie_id#movie_info_idx.info_type_id,>,99,title.imdb_index,=,0#908219
movie_keyword,movie_info,movie_info_idx,title#title.id=movie_keyword.movie_id,title.id=movie_info.movie_id,title.id=movie_info_idx.movie_id#movie_info.info_type_id,>,3,title.production_year,>,92#519596460
cast_info,title#title.id=cast_info.movie_id#cast_info.role_id,<,10,title.series_years,>,0#807686
movie_info,movie_companies,movie_keyword,cast_info,title#title.id=movie_info.movie_id,title.id=movie_companies.movie_id,title.id=movie_keyword.movie_id,title.id=cast_info.movie_id#movie_info.info_type_id,<,98,title.kind_id,=,7#1632466925
movie_info_idx,title#title.id=movie_info_idx.movie_id#movie_info_idx.info_type_id,>,99,title.episode_nr,>,0#273910
title##title.imdb_index,=,0,title.production_year,>,0#2430144
cast_info,movie_companies,movie_info,title#title.id=cast_info.movie_id,title.id=movie_companies.movie_id,title.id=movie_info.movie_id#title.production_year,>,62,title.kind_id,=,7#248510072
movie_keyword,title#title.id=movie_keyword.movie_id#movie_keyword.keyword_id,<,52300,title.episode_nr,>,0#566274
movie_info,movie_info_idx,movie_keyword,title#title.id=movie_info.movie_id,title.id=movie_info_idx.movie_id,title.id=movie_keyword.movie_id#movie_info_idx.info_type_id,>,99,title.kind_id,=,1#429399794
cast_info,title#title.id=cast_info.movie_id#title.production_year,>,17,title.phonetic_code,>,0#28380095
movie_info,movie_keyword,cast_info,movie_info_idx,title#title.id=movie_info.movie_id,title.id=movie_keyword.movie_id,title.id=cast_info.movie_id,title.id=movie_info_idx.movie_id#title.episode_nr,>,0,title.season_nr,<,8#740831133
movie_info_idx,movie_companies,movie_keyword,cast_info,title#title.id=movie_info_idx.movie_id,title.id=movie_companies.movie_id,title.id=movie_keyword.movie_id,title.id=cast_info.movie_id#movie_info_idx.info_type_id,=,99,title.production_year,>,77#2841704448
movie_keyword,title#title.id=movie_keyword.movie_id#title.production_year,>,35,title.episode_nr,<,14529#4448358
cast_info,movie_keyword,movie_info,movie_info_idx,title#title.id=cast_info.movie_id,title.id=movie_keyword.movie_id,title.id=movie_info.movie_id,title.id=movie_info_idx.movie_id#movie_info_idx.info_type_id,<,101,title.episode_nr,>,7#248968224
movie_info_idx,movie_info,title#title.id=movie_info_idx.movie_id,title.id=movie_info.movie_id#movie_info.info_type_id,<,98,title.kind_id,=,1#12145501
cast_info,title#title.id=cast_info.movie_id#title.production_year,<,126,title.season_nr,>,0#16929575
movie_companies,movie_keyword,movie_info,title#title.id=movie_companies.movie_id,title.id=movie_keyword.movie_id,title.id=movie_info.movie_id#movie_companies.company_type_id,<,2,title.season_nr,>,0#18691716
movie_keyword,movie_companies,title#title.id=movie_keyword.movie_id,title.id=movie_companies.movie_id#movie_companies.company_type_id,<,2,title.phonetic_code,<,18941#24521780
movie_info_idx,title#title.id=movie_info_idx.movie_id#title.phonetic_code,>,0,title.production_year,<,127#1332004
cast_info,movie_keyword,movie_companies,title#title.id=cast_info.movie_id,title.id=movie_keyword.movie_id,title.id=movie_companies.movie_id#title.season_nr,<,3,title.episode_nr,>,0#50033766
movie_companies,title#title.id=movie_companies.movie_id#movie_companies.company_type_id,>,1,title.season_nr,>,4#67523
movie_keyword,movie_info,cast_info,title#title.id=movie_keyword.movie_id,title.id=movie_info.movie_id,title.id=cast_info.movie_id#title.series_years,>,0,title.phonetic_code,>,0#125492799
movie_keyword,title#title.id=movie_keyword.movie_id#title.season_nr,>,0,title.series_years,<,1403#592511
cast_info,title#title.id=cast_info.movie_id#cast_info.role_id,>,1,title.series_years,>,0#607773
movie_companies,movie_info,title#title.id=movie_companies.movie_id,title.id=movie_info.movie_id#title.season_nr,=,0,title.series_years,>,0#3302699
movie_info,title#title.id=movie_info.movie_id#movie_info.info_type_id,<,98,title.episode_nr,>,0#3163832
cast_info,title#title.id=cast_info.movie_id#cast_info.nr_order,>,0,title.season_nr,<,1#4663312
cast_info,movie_info,title#title.id=cast_info.movie_id,title.id=movie_info.movie_id#title.season_nr,=,0,title.series_years,<,849#366514541
title##title.episode_nr,<,6067,title.production_year,<,125#2121552
movie_keyword,movie_info,movie_info_idx,title#title.id=movie_keyword.movie_id,title.id=movie_info.movie_id,title.id=movie_info_idx.movie_id#movie_info.info_type_id,>,1,title.phonetic_code,>,14161#227281873
movie_info_idx,title#title.id=movie_info_idx.movie_id#movie_info_idx.info_type_id,<,101,title.production_year,>,122#168348
movie_companies,movie_keyword,title#title.id=movie_companies.movie_id,title.id=movie_keyword.movie_id#title.kind_id,>,1,title.season_nr,=,0#3383091
movie_companies,cast_info,movie_info_idx,title#title.id=movie_companies.movie_id,title.id=cast_info.movie_id,title.id=movie_info_idx.movie_id#title.imdb_index,>,0,title.series_years,>,0#31119
movie_info_idx,movie_keyword,title#title.id=movie_info_idx.movie_id,title.id=movie_keyword.movie_id#movie_info_idx.info_type_id,<,100,title.season_nr,=,0#3099296
title##title.episode_nr,<,34,title.kind_id,<,7#985048
movie_info,movie_info_idx,movie_keyword,title#title.id=movie_info.movie_id,title.id=movie_info_idx.movie_id,title.id=movie_keyword.movie_id#title.imdb_index,=,0,title.kind_id,<,7#666151052
cast_info,movie_companies,title#title.id=cast_info.movie_id,title.id=movie_companies.movie_id#title.kind_id,=,1,title.production_year,>,0#47479506
cast_info,title#title.id=cast_info.movie_id#cast_info.nr_order,<,25,title.phonetic_code,>,11219#3502644
movie_companies,title#title.id=movie_companies.movie_id#title.season_nr,>,0,title.production_year,<,126#617307
movie_companies,cast_info,movie_keyword,title#title.id=movie_companies.movie_id,title.id=cast_info.movie_id,title.id=movie_keyword.movie_id#title.imdb_index,=,0,title.production_year,>,78#2756931376
movie_info,movie_companies,title#title.id=movie_info.movie_id,title.id=movie_companies.movie_id#title.series_years,>,0,title.episode_nr,>,0#19
movie_companies,cast_info,title#title.id=movie_companies.movie_id,title.id=cast_info.movie_id#cast_info.role_id,>,1,title.episode_nr,<,16#48393575
movie_info_idx,title#title.id=movie_info_idx.movie_id#movie_info_idx.info_type_id,=,101,title.series_years,>,0#37685
movie_companies,title#title.id=movie_companies.movie_id#movie_companies.company_type_id,>,1,title.series_years,>,0#98272
cast_info,movie_keyword,movie_info,movie_companies,title#title.id=cast_info.movie_id,title.id=movie_keyword.movie_id,title.id=movie_info.movie_id,title.id=movie_companies.movie_id#cast_info.nr_order,<,201,title.series_years,>,0#144247134
movie_info,movie_keyword,title#title.id=movie_info.movie_id,title.id=movie_keyword.movie_id#movie_info.info_type_id,<,16,title.kind_id,>,1#15974510
movie_companies,movie_keyword,title#title.id=movie_companies.movie_id,title.id=movie_keyword.movie_id#title.season_nr,>,0,title.production_year,<,127#1512698
movie_keyword,movie_info,title#title.id=movie_keyword.movie_id,title.id=movie_info.movie_id#movie_info.info_type_id,<,18,title.production_year,>,41#166517661
movie_info_idx,cast_info,title#title.id=movie_info_idx.movie_id,title.id=cast_info.movie_id#cast_info.role_id,=,3,title.phonetic_code,<,18097#4074752
cast_info,title#title.id=cast_info.movie_id#title.production_year,>,0,title.imdb_index,>,0#377456
movie_companies,movie_info_idx,title#title.id=movie_companies.movie_id,title.id=movie_info_idx.movie_id#movie_companies.company_type_id,=,2,title.season_nr,<,2#1478936
movie_info_idx,movie_keyword,cast_info,title#title.id=movie_info_idx.movie_id,title.id=movie_keyword.movie_id,title.id=cast_info.movie_id#movie_keyword.keyword_id,>,1047,title.production_year,<,122#369568733
movie_info,movie_info_idx,movie_keyword,title#title.id=movie_info.movie_id,title.id=movie_info_idx.movie_id,title.id=movie_keyword.movie_id#movie_keyword.keyword_id,<,20319,title.phonetic_code,<,6277#197022340
cast_info,title#title.id=cast_info.movie_id#cast_info.role_id,=,1,title.episode_nr,<,1#6537567
movie_companies,movie_keyword,title#title.id=movie_companies.movie_id,title.id=movie_keyword.movie_id#movie_keyword.keyword_id,>,128,title.episode_nr,>,0#1473931
cast_info,title#title.id=cast_info.movie_id#cast_info.role_id,=,10,title.season_nr,=,0#1612534
movie_companies,movie_keyword,movie_info_idx,title#title.id=movie_companies.movie_id,title.id=movie_keyword.movie_id,title.id=movie_info_idx.movie_id#movie_info_idx.info_type_id,>,99,title.production_year,<,115#35377491
movie_info_idx,cast_info,title#title.id=movie_info_idx.movie_id,title.id=cast_info.movie_id#cast_info.nr_order,<,1000,title.production_year,>,68#13015775
movie_companies,title#title.id=movie_companies.movie_id#movie_companies.company_type_id,>,1,title.season_nr,=,3#37782
movie_info_idx,title#title.id=movie_info_idx.movie_id#title.series_years,<,1400,title.season_nr,=,2#73980
movie_info_idx,movie_companies,movie_info,title#title.id=movie_info_idx.movie_id,title.id=movie_companies.movie_id,title.id=movie_info.movie_id#movie_info_idx.info_type_id,<,101,title.episode_nr,>,0#8246516
movie_companies,title#title.id=movie_companies.movie_id#movie_companies.company_type_id,>,1,title.episode_nr,>,0#375916
movie_companies,cast_info,movie_keyword,movie_info_idx,title#title.id=movie_companies.movie_id,title.id=cast_info.movie_id,title.id=movie_keyword.movie_id,title.id=movie_info_idx.movie_id#movie_info_idx.info_type_id,>,99,title.phonetic_code,>,3957#4498474446
movie_info,title#title.id=movie_info.movie_id#movie_info.info_type_id,<,18,title.episode_nr,>,27#717618
movie_info_idx,movie_keyword,title#title.id=movie_info_idx.movie_id,title.id=movie_keyword.movie_id#movie_info_idx.info_type_id,<,101,title.episode_nr,>,0#721860
movie_info_idx,movie_companies,title#title.id=movie_info_idx.movie_id,title.id=movie_companies.movie_id#movie_info_idx.info_type_id,=,100,title.series_years,>,0#109947
movie_info,title#title.id=movie_info.movie_id#title.kind_id,<,7,title.phonetic_code,<,15599#7751810
cast_info,movie_keyword,title#title.id=cast_info.movie_id,title.id=movie_keyword.movie_id#cast_info.nr_order,<,100,title.episode_nr,>,22#935893
movie_keyword,movie_companies,title#title.id=movie_keyword.movie_id,title.id=movie_companies.movie_id#movie_companies.company_type_id,=,2,title.series_years,>,0#343962
cast_info,movie_info,title#title.id=cast_info.movie_id,title.id=movie_info.movie_id#title.production_year,>,103,title.phonetic_code,<,11916#207920058
movie_keyword,movie_info,title#title.id=movie_keyword.movie_id,title.id=movie_info.movie_id#movie_info.info_type_id,<,105,title.series_years,>,0#5766952
cast_info,title#title.id=cast_info.movie_id#title.series_years,<,1400,title.season_nr,=,0#17339697
movie_companies,title#title.id=movie_companies.movie_id#title.phonetic_code,>,0,title.episode_nr,<,144#2476257
movie_info_idx,movie_info,title#title.id=movie_info_idx.movie_id,title.id=movie_info.movie_id#movie_info_idx.info_type_id,>,99,title.episode_nr,>,0#2373762
cast_info,movie_info_idx,title#title.id=cast_info.movie_id,title.id=movie_info_idx.movie_id#movie_info_idx.info_type_id,=,99,title.season_nr,=,0#8654394
movie_companies,movie_keyword,title#title.id=movie_companies.movie_id,title.id=movie_keyword.movie_id#movie_companies.company_type_id,=,2,title.episode_nr,<,12#8219194
movie_companies,title#title.id=movie_companies.movie_id#title.phonetic_code,<,19126,title.series_years,<,1146#2298547
movie_info_idx,cast_info,title#title.id=movie_info_idx.movie_id,title.id=cast_info.movie_id#movie_info_idx.info_type_id,<,101,title.series_years,>,0#997240
movie_info,title#title.id=movie_info.movie_id#title.production_year,>,0,title.episode_nr,>,0#3278956
movie_keyword,movie_companies,title#title.id=movie_keyword.movie_id,title.id=movie_companies.movie_id#movie_companies.company_type_id,=,2,title.series_years,>,0#343962
movie_info_idx,title#title.id=movie_info_idx.movie_id#movie_info_idx.info_type_id,=,101,title.kind_id,=,1#209880
cast_info,title#title.id=cast_info.movie_id#cast_info.role_id,=,10,title.phonetic_code,>,8599#2023670
movie_info,movie_companies,title#title.id=movie_info.movie_id,title.id=movie_companies.movie_id#title.season_nr,>,0,title.production_year,<,123#4570888
movie_info_idx,title#title.id=movie_info_idx.movie_id#title.season_nr,=,0,title.production_year,>,33#951875
movie_keyword,title#title.id=movie_keyword.movie_id#title.imdb_index,=,0,title.kind_id,=,7#645461
movie_companies,cast_info,title#title.id=movie_companies.movie_id,title.id=cast_info.movie_id#title.phonetic_code,<,21691,title.series_years,<,1374#78877617
cast_info,movie_info,movie_keyword,movie_info_idx,title#title.id=cast_info.movie_id,title.id=movie_info.movie_id,title.id=movie_keyword.movie_id,title.id=movie_info_idx.movie_id#cast_info.nr_order,<,23,title.season_nr,>,0#277748820
movie_companies,cast_info,title#title.id=movie_companies.movie_id,title.id=cast_info.movie_id#movie_companies.company_type_id,=,2,title.kind_id,<,7#21667959
movie_info_idx,title#title.id=movie_info_idx.movie_id#title.series_years,<,1381,title.kind_id,>,1#721446
cast_info,title#title.id=cast_info.movie_id#title.series_years,>,0,title.phonetic_code,<,11879#518464
cast_info,movie_info,movie_info_idx,movie_companies,title#title.id=cast_info.movie_id,title.id=movie_info.movie_id,title.id=movie_info_idx.movie_id,title.id=movie_companies.movie_id#movie_info_idx.info_type_id,<,101,title.episode_nr,>,0#420875200
movie_info,movie_companies,movie_info_idx,title#title.id=movie_info.movie_id,title.id=movie_companies.movie_id,title.id=movie_info_idx.movie_id#movie_info.info_type_id,>,2,title.season_nr,<,3#164180548
movie_info_idx,title#title.id=movie_info_idx.movie_id#title.production_year,<,127,title.season_nr,>,0#403878
movie_info_idx,movie_companies,title#title.id=movie_info_idx.movie_id,title.id=movie_companies.movie_id#movie_companies.company_type_id,=,1,title.kind_id,=,7#458721
movie_keyword,title#title.id=movie_keyword.movie_id#title.imdb_index,<,2,title.phonetic_code,<,22603#4485761
movie_keyword,movie_companies,movie_info_idx,title#title.id=movie_keyword.movie_id,title.id=movie_companies.movie_id,title.id=movie_info_idx.movie_id#title.season_nr,=,13,title.episode_nr,<,64#6705
movie_keyword,movie_info_idx,title#title.id=movie_keyword.movie_id,title.id=movie_info_idx.movie_id#movie_keyword.keyword_id,<,44042,title.series_years,>,0#411516
movie_info_idx,title#title.id=movie_info_idx.movie_id#title.phonetic_code,<,16973,title.production_year,>,0#1131263
movie_companies,title#title.id=movie_companies.movie_id#movie_companies.company_type_id,>,1,title.imdb_index,=,0#1315041
movie_info_idx,movie_companies,title#title.id=movie_info_idx.movie_id,title.id=movie_companies.movie_id#title.phonetic_code,<,20661,title.season_nr,=,3#104619
title##title.production_year,>,0,title.episode_nr,<,703#2397886
movie_keyword,title#title.id=movie_keyword.movie_id#movie_keyword.keyword_id,<,80091,title.imdb_index,=,0#4347493
cast_info,title#title.id=cast_info.movie_id#cast_info.role_id,>,1,title.season_nr,>,5#2084930
cast_info,movie_companies,movie_info,title#title.id=cast_info.movie_id,title.id=movie_companies.movie_id,title.id=movie_info.movie_id#cast_info.nr_order,>,1,title.season_nr,>,0#79174243
movie_info,cast_info,movie_companies,title#title.id=movie_info.movie_id,title.id=cast_info.movie_id,title.id=movie_companies.movie_id#movie_info.info_type_id,<,16,title.season_nr,>,0#146669178
movie_info_idx,title#title.id=movie_info_idx.movie_id#title.imdb_index,>,0,title.season_nr,=,0#17836
movie_info,cast_info,movie_companies,movie_info_idx,title#title.id=movie_info.movie_id,title.id=cast_info.movie_id,title.id=movie_companies.movie_id,title.id=movie_info_idx.movie_id#movie_info.info_type_id,<,88,title.episode_nr,>,0#588000483
movie_info_idx,movie_info,movie_keyword,cast_info,title#title.id=movie_info_idx.movie_id,title.id=movie_info.movie_id,title.id=movie_keyword.movie_id,title.id=cast_info.movie_id#movie_info.info_type_id,<,110,title.kind_id,=,7#831980136
movie_companies,movie_info,title#title.id=movie_companies.movie_id,title.id=movie_info.movie_id#movie_info.info_type_id,<,18,title.imdb_index,=,0#49498231
movie_keyword,title#title.id=movie_keyword.movie_id#title.production_year,>,67,title.season_nr,>,0#578839
movie_info_idx,movie_companies,cast_info,title#title.id=movie_info_idx.movie_id,title.id=movie_companies.movie_id,title.id=cast_info.movie_id#cast_info.nr_order,>,1,title.production_year,<,98#14991143
movie_info,title#title.id=movie_info.movie_id#movie_info.info_type_id,>,1,title.season_nr,=,1#1403746
cast_info,title#title.id=cast_info.movie_id#cast_info.role_id,>,1,title.imdb_index,=,0#23304624
movie_info_idx,movie_keyword,movie_info,movie_companies,title#title.id=movie_info_idx.movie_id,title.id=movie_keyword.movie_id,title.id=movie_info.movie_id,title.id=movie_companies.movie_id#movie_info_idx.info_type_id,>,99,title.season_nr,>,0#57030744
movie_info_idx,movie_companies,movie_keyword,title#title.id=movie_info_idx.movie_id,title.id=movie_companies.movie_id,title.id=movie_keyword.movie_id#title.production_year,>,80,title.season_nr,<,3#83776273
movie_companies,movie_info,movie_keyword,title#title.id=movie_companies.movie_id,title.id=movie_info.movie_id,title.id=movie_keyword.movie_id#movie_keyword.keyword_id,>,412,title.production_year,<,120#3040161932
cast_info,movie_info_idx,movie_companies,title#title.id=cast_info.movie_id,title.id=movie_info_idx.movie_id,title.id=movie_companies.movie_id#cast_info.nr_order,<,32,title.episode_nr,<,173#58565051
cast_info,movie_companies,movie_info,title#title.id=cast_info.movie_id,title.id=movie_companies.movie_id,title.id=movie_info.movie_id#cast_info.role_id,>,1,title.production_year,<,117#1773760754
movie_keyword,movie_info,title#title.id=movie_keyword.movie_id,title.id=movie_info.movie_id#movie_keyword.keyword_id,>,121,title.imdb_index,=,0#224686026
movie_keyword,movie_companies,cast_info,movie_info_idx,title#title.id=movie_keyword.movie_id,title.id=movie_companies.movie_id,title.id=cast_info.movie_id,title.id=movie_info_idx.movie_id#movie_companies.company_type_id,>,1,title.phonetic_code,<,8936#848859852
movie_info_idx,title#title.id=movie_info_idx.movie_id#movie_info_idx.info_type_id,=,101,title.season_nr,>,0#137332
cast_info,title#title.id=cast_info.movie_id#title.production_year,<,123,title.kind_id,<,7#11243431
movie_keyword,title#title.id=movie_keyword.movie_id#movie_keyword.keyword_id,>,382,title.series_years,>,0#141311
movie_companies,movie_info_idx,movie_keyword,movie_info,title#title.id=movie_companies.movie_id,title.id=movie_info_idx.movie_id,title.id=movie_keyword.movie_id,title.id=movie_info.movie_id#movie_info_idx.info_type_id,<,101,title.phonetic_code,<,702#470481122
movie_info,movie_keyword,movie_companies,title#title.id=movie_info.movie_id,title.id=movie_keyword.movie_id,title.id=movie_companies.movie_id#title.episode_nr,>,0,title.phonetic_code,>,0#28917829
movie_info,movie_companies,movie_keyword,title#title.id=movie_info.movie_id,title.id=movie_companies.movie_id,title.id=movie_keyword.movie_id#title.production_year,<,126,title.imdb_index,>,0#105804464
movie_info_idx,movie_companies,movie_keyword,title#title.id=movie_info_idx.movie_id,title.id=movie_companies.movie_id,title.id=movie_keyword.movie_id#movie_info_idx.info_type_id,>,99,title.phonetic_code,>,1549#60262859
cast_info,movie_info_idx,movie_companies,movie_keyword,title#title.id=cast_info.movie_id,title.id=movie_info_idx.movie_id,title.id=movie_companies.movie_id,title.id=movie_keyword.movie_id#cast_info.role_id,>,1,title.production_year,>,86#5862663842
movie_info,movie_keyword,title#title.id=movie_info.movie_id,title.id=movie_keyword.movie_id#title.production_year,>,44,title.kind_id,>,1#24033749
movie_companies,movie_info_idx,movie_keyword,cast_info,title#title.id=movie_companies.movie_id,title.id=movie_info_idx.movie_id,title.id=movie_keyword.movie_id,title.id=cast_info.movie_id#title.production_year,<,125,title.phonetic_code,<,16013#6407206354
movie_keyword,cast_info,title#title.id=movie_keyword.movie_id,title.id=cast_info.movie_id#title.phonetic_code,>,0,title.kind_id,>,1#44062322
movie_companies,title#title.id=movie_companies.movie_id#movie_companies.company_type_id,<,2,title.imdb_index,>,0#17258
movie_info,movie_companies,movie_info_idx,title#title.id=movie_info.movie_id,title.id=movie_companies.movie_id,title.id=movie_info_idx.movie_id#movie_companies.company_type_id,>,1,title.production_year,<,124#36970331
movie_info_idx,cast_info,movie_info,title#title.id=movie_info_idx.movie_id,title.id=cast_info.movie_id,title.id=movie_info.movie_id#title.phonetic_code,>,0,title.production_year,<,126#1063462840
title##title.phonetic_code,>,0,title.kind_id,>,1#1148393
movie_companies,movie_info,movie_keyword,title#title.id=movie_companies.movie_id,title.id=movie_info.movie_id,title.id=movie_keyword.movie_id#movie_info.info_type_id,<,18,title.kind_id,<,7#3234482158
movie_info_idx,cast_info,movie_info,movie_keyword,title#title.id=movie_info_idx.movie_id,title.id=cast_info.movie_id,title.id=movie_info.movie_id,title.id=movie_keyword.movie_id#title.imdb_index,>,0,title.phonetic_code,>,0#1737295731
movie_info,cast_info,title#title.id=movie_info.movie_id,title.id=cast_info.movie_id#title.series_years,<,1387,title.phonetic_code,<,18418#425112843
cast_info,title#title.id=cast_info.movie_id#cast_info.role_id,>,1,title.production_year,>,119#11117196
movie_info_idx,movie_companies,movie_keyword,cast_info,title#title.id=movie_info_idx.movie_id,title.id=movie_companies.movie_id,title.id=movie_keyword.movie_id,title.id=cast_info.movie_id#cast_info.role_id,>,1,title.season_nr,>,0#170314749
movie_info,movie_info_idx,title#title.id=movie_info.movie_id,title.id=movie_info_idx.movie_id#movie_info.info_type_id,<,54,title.phonetic_code,>,21477#261836
movie_info,cast_info,movie_companies,movie_info_idx,title#title.id=movie_info.movie_id,title.id=cast_info.movie_id,title.id=movie_companies.movie_id,title.id=movie_info_idx.movie_id#movie_info.info_type_id,<,106,title.season_nr,>,0#633132801
movie_companies,movie_info,title#title.id=movie_companies.movie_id,title.id=movie_info.movie_id#movie_info.info_type_id,>,1,title.series_years,>,0#3164953
movie_info,movie_keyword,title#title.id=movie_info.movie_id,title.id=movie_keyword.movie_id#movie_keyword.keyword_id,<,81439,title.imdb_index,=,0#223575117
movie_companies,movie_keyword,movie_info,title#title.id=movie_companies.movie_id,title.id=movie_keyword.movie_id,title.id=movie_info.movie_id#movie_keyword.keyword_id,>,1116,title.season_nr,=,0#3914681250
movie_info,movie_companies,movie_info_idx,cast_info,title#title.id=movie_info.movie_id,title.id=movie_companies.movie_id,title.id=movie_info_idx.movie_id,title.id=cast_info.movie_id#movie_info.info_type_id,>,2,title.episode_nr,>,0#568568961
movie_keyword,title#title.id=movie_keyword.movie_id#title.season_nr,=,0,title.episode_nr,<,37#3931419
movie_info,movie_keyword,movie_companies,movie_info_idx,title#title.id=movie_info.movie_id,title.id=movie_keyword.movie_id,title.id=movie_companies.movie_id,title.id=movie_info_idx.movie_id#movie_info.info_type_id,<,106,title.kind_id,=,7#85632837
movie_info_idx,movie_keyword,title#title.id=movie_info_idx.movie_id,title.id=movie_keyword.movie_id#movie_keyword.keyword_id,<,34322,title.production_year,<,105#3779970
movie_info_idx,movie_keyword,title#title.id=movie_info_idx.movie_id,title.id=movie_keyword.movie_id#title.episode_nr,<,34,title.season_nr,=,0#9337138
movie_keyword,title#title.id=movie_keyword.movie_id#title.kind_id,>,1,title.episode_nr,<,13#1423766
movie_companies,movie_keyword,movie_info,title#title.id=movie_companies.movie_id,title.id=movie_keyword.movie_id,title.id=movie_info.movie_id#movie_keyword.keyword_id,<,102116,title.kind_id,=,1#4604339751
movie_companies,title#title.id=movie_companies.movie_id#title.production_year,>,0,title.phonetic_code,>,0#2460331
movie_companies,title#title.id=movie_companies.movie_id#title.kind_id,=,1,title.production_year,<,125#1180538
movie_companies,movie_info,cast_info,movie_info_idx,title#title.id=movie_companies.movie_id,title.id=movie_info.movie_id,title.id=cast_info.movie_id,title.id=movie_info_idx.movie_id#cast_info.role_id,>,1,title.production_year,<,125#10632486623
movie_info,title#title.id=movie_info.movie_id#movie_info.info_type_id,>,3,title.season_nr,>,0#2844281
movie_info,title#title.id=movie_info.movie_id#movie_info.info_type_id,>,3,title.production_year,>,57#9872846
movie_info,title#title.id=movie_info.movie_id#title.phonetic_code,>,0,title.series_years,<,1324#13158912
cast_info,movie_info_idx,title#title.id=cast_info.movie_id,title.id=movie_info_idx.movie_id#movie_info_idx.info_type_id,=,99,title.episode_nr,>,0#4959436
movie_info_idx,title#title.id=movie_info_idx.movie_id#title.kind_id,<,7,title.phonetic_code,>,0#952768
movie_info,title#title.id=movie_info.movie_id#movie_info.info_type_id,>,3,title.kind_id,=,7#3427955
cast_info,movie_info,title#title.id=cast_info.movie_id,title.id=movie_info.movie_id#cast_info.nr_order,<,11,title.series_years,>,0#1253904
movie_companies,title#title.id=movie_companies.movie_id#movie_companies.company_type_id,>,1,title.series_years,>,0#98272
cast_info,movie_companies,movie_info_idx,title#title.id=cast_info.movie_id,title.id=movie_companies.movie_id,title.id=movie_info_idx.movie_id#movie_companies.company_type_id,=,2,title.season_nr,>,0#18676680
movie_keyword,movie_info_idx,title#title.id=movie_keyword.movie_id,title.id=movie_info_idx.movie_id#movie_info_idx.info_type_id,=,101,title.episode_nr,>,1#324199
movie_keyword,cast_info,title#title.id=movie_keyword.movie_id,title.id=cast_info.movie_id#cast_info.role_id,=,8,title.series_years,>,0#139591
movie_companies,title#title.id=movie_companies.movie_id#title.phonetic_code,<,20040,title.episode_nr,<,41#2405117
movie_companies,movie_keyword,title#title.id=movie_companies.movie_id,title.id=movie_keyword.movie_id#movie_companies.company_type_id,=,2,title.episode_nr,>,9#257977
movie_info,title#title.id=movie_info.movie_id#movie_info.info_type_id,>,3,title.episode_nr,>,0#2838584
movie_keyword,title#title.id=movie_keyword.movie_id#title.series_years,>,0,title.imdb_index,=,0#182076
movie_info_idx,title#title.id=movie_info_idx.movie_id#movie_info_idx.info_type_id,=,100,title.season_nr,=,0#322593
movie_keyword,title#title.id=movie_keyword.movie_id#movie_keyword.keyword_id,>,1135,title.production_year,<,104#1305311
cast_info,movie_companies,movie_info_idx,title#title.id=cast_info.movie_id,title.id=movie_companies.movie_id,title.id=movie_info_idx.movie_id#cast_info.nr_order,>,1,title.season_nr,<,15#65213733
movie_companies,title#title.id=movie_companies.movie_id#movie_companies.company_type_id,>,1,title.phonetic_code,<,20486#1280831
movie_keyword,title#title.id=movie_keyword.movie_id#title.production_year,>,40,title.episode_nr,>,0#582317
movie_companies,title#title.id=movie_companies.movie_id#movie_companies.company_type_id,<,2,title.production_year,<,51#140578
cast_info,title#title.id=cast_info.movie_id#title.series_years,>,0,title.imdb_index,>,0#5013
movie_info,movie_keyword,movie_companies,cast_info,title#title.id=movie_info.movie_id,title.id=movie_keyword.movie_id,title.id=movie_companies.movie_id,title.id=cast_info.movie_id#movie_companies.company_type_id,>,1,title.imdb_index,>,0#2776540478
movie_info_idx,title#title.id=movie_info_idx.movie_id#movie_info_idx.info_type_id,=,99,title.imdb_index,=,0#453980
movie_keyword,title#title.id=movie_keyword.movie_id#title.season_nr,<,21,title.phonetic_code,>,0#4375977
movie_companies,movie_info_idx,title#title.id=movie_companies.movie_id,title.id=movie_info_idx.movie_id#movie_info_idx.info_type_id,=,100,title.imdb_index,>,0#19266
cast_info,movie_keyword,title#title.id=cast_info.movie_id,title.id=movie_keyword.movie_id#cast_info.nr_order,>,1,title.episode_nr,>,0#6730477
movie_companies,title#title.id=movie_companies.movie_id#movie_companies.company_type_id,>,1,title.phonetic_code,<,11768#794158
movie_companies,title#title.id=movie_companies.movie_id#movie_companies.company_type_id,<,2,title.episode_nr,>,22#59448
cast_info,movie_companies,title#title.id=cast_info.movie_id,title.id=movie_companies.movie_id#title.series_years,>,0,title.imdb_index,=,0#2375909
movie_info_idx,movie_info,movie_companies,movie_keyword,title#title.id=movie_info_idx.movie_id,title.id=movie_info.movie_id,title.id=movie_companies.movie_id,title.id=movie_keyword.movie_id#movie_info.info_type_id,>,2,title.episode_nr,<,12#14835137993
movie_info,movie_info_idx,movie_keyword,title#title.id=movie_info.movie_id,title.id=movie_info_idx.movie_id,title.id=movie_keyword.movie_id#movie_info.info_type_id,<,18,title.series_years,>,0#12763731
movie_info_idx,movie_keyword,title#title.id=movie_info_idx.movie_id,title.id=movie_keyword.movie_id#title.series_years,>,0,title.phonetic_code,<,20985#417147
movie_info,movie_companies,movie_keyword,movie_info_idx,title#title.id=movie_info.movie_id,title.id=movie_companies.movie_id,title.id=movie_keyword.movie_id,title.id=movie_info_idx.movie_id#movie_keyword.keyword_id,<,76476,title.phonetic_code,<,16779#11412400068
movie_info,movie_info_idx,movie_keyword,title#title.id=movie_info.movie_id,title.id=movie_info_idx.movie_id,title.id=movie_keyword.movie_id#movie_info.info_type_id,<,104,title.phonetic_code,>,0#600683349
movie_companies,cast_info,title#title.id=movie_companies.movie_id,title.id=cast_info.movie_id#title.season_nr,=,0,title.kind_id,<,7#58726960
movie_keyword,movie_companies,title#title.id=movie_keyword.movie_id,title.id=movie_companies.movie_id#movie_keyword.keyword_id,<,13641,title.episode_nr,<,25#24904214
movie_keyword,movie_info,title#title.id=movie_keyword.movie_id,title.id=movie_info.movie_id#movie_info.info_type_id,>,3,title.series_years,>,0#5034799
movie_keyword,title#title.id=movie_keyword.movie_id#movie_keyword.keyword_id,>,562,title.phonetic_code,<,20484#3676213
cast_info,title#title.id=cast_info.movie_id#cast_info.nr_order,>,1,title.production_year,>,114#4789846
movie_companies,title#title.id=movie_companies.movie_id#movie_companies.company_type_id,=,2,title.production_year,>,124#176197
movie_info,cast_info,movie_info_idx,title#title.id=movie_info.movie_id,title.id=cast_info.movie_id,title.id=movie_info_idx.movie_id#cast_info.role_id,<,10,title.kind_id,=,1#589136969
movie_info,title#title.id=movie_info.movie_id#movie_info.info_type_id,>,1,title.kind_id,=,1#7858009
movie_info_idx,movie_info,title#title.id=movie_info_idx.movie_id,title.id=movie_info.movie_id#title.phonetic_code,>,0,title.production_year,<,127#20577077
movie_companies,cast_info,movie_info_idx,title#title.id=movie_companies.movie_id,title.id=cast_info.movie_id,title.id=movie_info_idx.movie_id#cast_info.role_id,=,2,title.phonetic_code,>,8184#16786071
movie_companies,movie_info,cast_info,movie_info_idx,title#title.id=movie_companies.movie_id,title.id=movie_info.movie_id,title.id=cast_info.movie_id,title.id=movie_info_idx.movie_id#movie_companies.company_type_id,>,1,title.season_nr,<,3#3009550732
movie_info_idx,cast_info,title#title.id=movie_info_idx.movie_id,title.id=cast_info.movie_id#movie_info_idx.info_type_id,>,99,title.season_nr,>,0#9944202
movie_info,title#title.id=movie_info.movie_id#title.kind_id,>,1,title.series_years,>,0#769650
movie_info,cast_info,title#title.id=movie_info.movie_id,title.id=cast_info.movie_id#movie_info.info_type_id,<,16,title.season_nr,=,0#205222964
cast_info,title#title.id=cast_info.movie_id#cast_info.role_id,=,10,title.production_year,<,123#2750322
movie_keyword,movie_info_idx,cast_info,title#title.id=movie_keyword.movie_id,title.id=movie_info_idx.movie_id,title.id=cast_info.movie_id#title.series_years,>,0,title.imdb_index,=,0#7809846
movie_companies,cast_info,title#title.id=movie_companies.movie_id,title.id=cast_info.movie_id#movie_companies.company_type_id,=,1,title.series_years,>,0#1174563
cast_info,movie_info_idx,movie_companies,title#title.id=cast_info.movie_id,title.id=movie_info_idx.movie_id,title.id=movie_companies.movie_id#movie_info_idx.info_type_id,>,99,title.kind_id,=,7#26848264
movie_info_idx,movie_companies,cast_info,title#title.id=movie_info_idx.movie_id,title.id=movie_companies.movie_id,title.id=cast_info.movie_id#movie_info_idx.info_type_id,>,99,title.episode_nr,<,2#103262152
movie_keyword,cast_info,movie_companies,title#title.id=movie_keyword.movie_id,title.id=cast_info.movie_id,title.id=movie_companies.movie_id#cast_info.role_id,>,1,title.kind_id,=,7#59753091
cast_info,movie_info_idx,title#title.id=cast_info.movie_id,title.id=movie_info_idx.movie_id#cast_info.role_id,=,2,title.production_year,>,76#6397597
movie_companies,movie_keyword,title#title.id=movie_companies.movie_id,title.id=movie_keyword.movie_id#movie_companies.company_type_id,<,2,title.episode_nr,>,0#876379
movie_keyword,title#title.id=movie_keyword.movie_id#movie_keyword.keyword_id,>,1,title.season_nr,=,0#3918590
cast_info,movie_keyword,title#title.id=cast_info.movie_id,title.id=movie_keyword.movie_id#title.production_year,>,0,title.season_nr,=,1#9307938
movie_keyword,title#title.id=movie_keyword.movie_id#title.imdb_index,>,0,title.production_year,<,124#50332
cast_info,title#title.id=cast_info.movie_id#cast_info.nr_order,>,1,title.imdb_index,>,0#63598
movie_info,movie_companies,title#title.id=movie_info.movie_id,title.id=movie_companies.movie_id#movie_info.info_type_id,>,1,title.series_years,>,0#3164953
movie_keyword,title#title.id=movie_keyword.movie_id#title.imdb_index,=,0,title.kind_id,>,1#1631866
cast_info,title#title.id=cast_info.movie_id#cast_info.role_id,<,10,title.episode_nr,<,142#29720917
movie_info,cast_info,movie_info_idx,movie_keyword,title#title.id=movie_info.movie_id,title.id=cast_info.movie_id,title.id=movie_info_idx.movie_id,title.id=movie_keyword.movie_id#movie_info_idx.info_type_id,<,100,title.episode_nr,>,0#273903694
movie_info_idx,title#title.id=movie_info_idx.movie_id#movie_info_idx.info_type_id,<,101,title.kind_id,<,4#569230
movie_companies,title#title.id=movie_companies.movie_id#title.phonetic_code,<,16806,title.imdb_index,>,0#29276
movie_info_idx,cast_info,movie_keyword,title#title.id=movie_info_idx.movie_id,title.id=cast_info.movie_id,title.id=movie_keyword.movie_id#title.phonetic_code,<,16933,title.kind_id,=,4#14220591
movie_companies,movie_keyword,movie_info,movie_info_idx,title#title.id=movie_companies.movie_id,title.id=movie_keyword.movie_id,title.id=movie_info.movie_id,title.id=movie_info_idx.movie_id#movie_companies.company_type_id,=,1,title.production_year,>,31#12834479245
movie_info_idx,movie_keyword,title#title.id=movie_info_idx.movie_id,title.id=movie_keyword.movie_id#title.production_year,<,126,title.imdb_index,<,1#10036137
movie_info,movie_info_idx,movie_keyword,title#title.id=movie_info.movie_id,title.id=movie_info_idx.movie_id,title.id=movie_keyword.movie_id#movie_info.info_type_id,<,86,title.kind_id,=,4#8902227
movie_info_idx,cast_info,title#title.id=movie_info_idx.movie_id,title.id=cast_info.movie_id#title.production_year,>,82,title.episode_nr,<,35#35460811
movie_companies,movie_keyword,title#title.id=movie_companies.movie_id,title.id=movie_keyword.movie_id#title.kind_id,=,4,title.phonetic_code,<,12106#611507
movie_info_idx,title#title.id=movie_info_idx.movie_id#movie_info_idx.info_type_id,>,99,title.series_years,<,292#845988
movie_keyword,title#title.id=movie_keyword.movie_id#movie_keyword.keyword_id,<,62602,title.episode_nr,>,0#581027
cast_info,movie_keyword,title#title.id=cast_info.movie_id,title.id=movie_keyword.movie_id#cast_info.role_id,<,10,title.phonetic_code,<,12679#99545074
movie_keyword,cast_info,movie_info_idx,movie_info,title#title.id=movie_keyword.movie_id,title.id=cast_info.movie_id,title.id=movie_info_idx.movie_id,title.id=movie_info.movie_id#cast_info.nr_order,>,0,title.series_years,>,0#47277303
movie_info,title#title.id=movie_info.movie_id#movie_info.info_type_id,<,107,title.imdb_index,>,0#283088
movie_info,title#title.id=movie_info.movie_id#movie_info.info_type_id,>,2,title.kind_id,=,7#3442295
movie_info_idx,movie_keyword,title#title.id=movie_info_idx.movie_id,title.id=movie_keyword.movie_id#movie_keyword.keyword_id,>,43,title.episode_nr,>,0#1073145
movie_info,movie_companies,cast_info,movie_info_idx,title#title.id=movie_info.movie_id,title.id=movie_companies.movie_id,title.id=cast_info.movie_id,title.id=movie_info_idx.movie_id#title.production_year,<,125,title.imdb_index,>,0#306628221
movie_info,title#title.id=movie_info.movie_id#title.series_years,>,0,title.imdb_index,>,0#4352
cast_info,movie_info_idx,title#title.id=cast_info.movie_id,title.id=movie_info_idx.movie_id#cast_info.role_id,>,1,title.kind_id,<,7#15643099
movie_info_idx,movie_companies,title#title.id=movie_info_idx.movie_id,title.id=movie_companies.movie_id#movie_info_idx.info_type_id,<,101,title.imdb_index,=,0#2671234
movie_info,movie_keyword,movie_info_idx,title#title.id=movie_info.movie_id,title.id=movie_keyword.movie_id,title.id=movie_info_idx.movie_id#movie_info_idx.info_type_id,>,99,title.season_nr,=,0#458796908
movie_info_idx,cast_info,title#title.id=movie_info_idx.movie_id,title.id=cast_info.movie_id#movie_info_idx.info_type_id,>,99,title.series_years,>,0#997240
movie_companies,movie_info_idx,cast_info,title#title.id=movie_companies.movie_id,title.id=movie_info_idx.movie_id,title.id=cast_info.movie_id#title.kind_id,>,1,title.phonetic_code,<,20553#61747221
movie_companies,cast_info,movie_info_idx,movie_info,title#title.id=movie_companies.movie_id,title.id=cast_info.movie_id,title.id=movie_info_idx.movie_id,title.id=movie_info.movie_id#movie_info_idx.info_type_id,=,100,title.phonetic_code,>,12252#2083690380
movie_info,movie_companies,cast_info,movie_keyword,title#title.id=movie_info.movie_id,title.id=movie_companies.movie_id,title.id=cast_info.movie_id,title.id=movie_keyword.movie_id#movie_companies.company_type_id,>,1,title.series_years,>,0#412635712
movie_info,cast_info,title#title.id=movie_info.movie_id,title.id=cast_info.movie_id#cast_info.nr_order,<,25,title.kind_id,=,1#76292769
movie_info_idx,cast_info,movie_companies,movie_info,title#title.id=movie_info_idx.movie_id,title.id=cast_info.movie_id,title.id=movie_companies.movie_id,title.id=movie_info.movie_id#movie_info.info_type_id,>,2,title.production_year,<,27#1710258
movie_info,movie_keyword,cast_info,title#title.id=movie_info.movie_id,title.id=movie_keyword.movie_id,title.id=cast_info.movie_id#movie_keyword.keyword_id,<,77000,title.season_nr,>,0#299201166
movie_companies,title#title.id=movie_companies.movie_id#movie_companies.company_type_id,>,1,title.imdb_index,>,0#19842
cast_info,movie_info_idx,title#title.id=cast_info.movie_id,title.id=movie_info_idx.movie_id#title.kind_id,<,7,title.series_years,>,0#1495860
movie_info_idx,movie_companies,movie_info,movie_keyword,title#title.id=movie_info_idx.movie_id,title.id=movie_companies.movie_id,title.id=movie_info.movie_id,title.id=movie_keyword.movie_id#title.episode_nr,<,99,title.imdb_index,>,0#342862386
cast_info,movie_keyword,movie_companies,movie_info_idx,title#title.id=cast_info.movie_id,title.id=movie_keyword.movie_id,title.id=movie_companies.movie_id,title.id=movie_info_idx.movie_id#movie_keyword.keyword_id,>,216,title.production_year,<,113#2937714544
title##title.season_nr,<,4,title.kind_id,>,1#1595840
movie_keyword,title#title.id=movie_keyword.movie_id#title.phonetic_code,>,0,title.kind_id,=,7#512129
movie_keyword,title#title.id=movie_keyword.movie_id#movie_keyword.keyword_id,<,78294,title.production_year,>,63#3879307
movie_companies,movie_keyword,movie_info,title#title.id=movie_companies.movie_id,title.id=movie_keyword.movie_id,title.id=movie_info.movie_id#movie_info.info_type_id,>,1,title.phonetic_code,<,15910#3528311750
movie_keyword,movie_companies,cast_info,title#title.id=movie_keyword.movie_id,title.id=movie_companies.movie_id,title.id=cast_info.movie_id#movie_companies.company_type_id,>,1,title.production_year,<,112#157886047
movie_info_idx,title#title.id=movie_info_idx.movie_id#title.production_year,<,124,title.series_years,>,0#95226
movie_info_idx,movie_keyword,movie_companies,title#title.id=movie_info_idx.movie_id,title.id=movie_keyword.movie_id,title.id=movie_companies.movie_id#movie_companies.company_type_id,<,2,title.imdb_index,>,0#1797375
cast_info,movie_info_idx,movie_keyword,movie_companies,title#title.id=cast_info.movie_id,title.id=movie_info_idx.movie_id,title.id=movie_keyword.movie_id,title.id=movie_companies.movie_id#title.phonetic_code,>,0,title.imdb_index,>,0#275854083
cast_info,movie_companies,title#title.id=cast_info.movie_id,title.id=movie_companies.movie_id#cast_info.nr_order,>,1,title.phonetic_code,>,0#24890864
movie_info,movie_companies,movie_keyword,title#title.id=movie_info.movie_id,title.id=movie_companies.movie_id,title.id=movie_keyword.movie_id#title.imdb_index,>,0,title.episode_nr,<,7#114013835
movie_info,movie_keyword,title#title.id=movie_info.movie_id,title.id=movie_keyword.movie_id#movie_info.info_type_id,<,107,title.episode_nr,<,12#215246348
movie_info_idx,cast_info,title#title.id=movie_info_idx.movie_id,title.id=cast_info.movie_id#cast_info.nr_order,>,2,title.production_year,>,113#5384206
title##title.season_nr,<,1,title.imdb_index,=,0#1398239
movie_info,title#title.id=movie_info.movie_id#title.kind_id,<,7,title.phonetic_code,<,18345#9896723
cast_info,title#title.id=cast_info.movie_id#title.season_nr,=,0,title.imdb_index,=,0#17011038
movie_info_idx,movie_companies,movie_keyword,cast_info,title#title.id=movie_info_idx.movie_id,title.id=movie_companies.movie_id,title.id=movie_keyword.movie_id,title.id=cast_info.movie_id#movie_keyword.keyword_id,>,121,title.kind_id,>,1#561408660
movie_companies,movie_keyword,movie_info_idx,cast_info,title#title.id=movie_companies.movie_id,title.id=movie_keyword.movie_id,title.id=movie_info_idx.movie_id,title.id=cast_info.movie_id#cast_info.nr_order,<,18,title.season_nr,=,3#7160979
title##title.imdb_index,>,0,title.season_nr,<,1#26270
movie_keyword,movie_companies,title#title.id=movie_keyword.movie_id,title.id=movie_companies.movie_id#movie_companies.company_type_id,<,2,title.episode_nr,>,8#359208
movie_keyword,cast_info,title#title.id=movie_keyword.movie_id,title.id=cast_info.movie_id#cast_info.nr_order,<,32,title.season_nr,<,1#57647213
movie_companies,movie_info_idx,movie_info,movie_keyword,title#title.id=movie_companies.movie_id,title.id=movie_info_idx.movie_id,title.id=movie_info.movie_id,title.id=movie_keyword.movie_id#movie_keyword.keyword_id,<,16155,title.series_years,>,0#188850780
movie_info,movie_info_idx,movie_keyword,title#title.id=movie_info.movie_id,title.id=movie_info_idx.movie_id,title.id=movie_keyword.movie_id#movie_keyword.keyword_id,>,1535,title.season_nr,=,0#523764212
movie_keyword,movie_companies,title#title.id=movie_keyword.movie_id,title.id=movie_companies.movie_id#movie_companies.company_type_id,<,2,title.episode_nr,<,14#26266509
movie_keyword,title#title.id=movie_keyword.movie_id#movie_keyword.keyword_id,>,1,title.phonetic_code,<,16740#3537653
movie_companies,title#title.id=movie_companies.movie_id#title.kind_id,=,7,title.episode_nr,>,0#671526
movie_info_idx,cast_info,title#title.id=movie_info_idx.movie_id,title.id=cast_info.movie_id#movie_info_idx.info_type_id,>,99,title.production_year,<,53#650416
movie_info_idx,movie_keyword,title#title.id=movie_info_idx.movie_id,title.id=movie_keyword.movie_id#movie_keyword.keyword_id,>,47,title.phonetic_code,>,2586#8455350
movie_companies,title#title.id=movie_companies.movie_id#movie_companies.company_type_id,<,2,title.production_year,<,90#401387
movie_keyword,movie_companies,movie_info_idx,title#title.id=movie_keyword.movie_id,title.id=movie_companies.movie_id,title.id=movie_info_idx.movie_id#movie_companies.company_type_id,<,2,title.episode_nr,>,0#2407176
movie_companies,title#title.id=movie_companies.movie_id#movie_companies.company_type_id,<,2,title.season_nr,=,0#978039
cast_info,movie_keyword,title#title.id=cast_info.movie_id,title.id=movie_keyword.movie_id#title.season_nr,>,0,title.phonetic_code,<,18274#19251519
movie_keyword,title#title.id=movie_keyword.movie_id#movie_keyword.keyword_id,<,59988,title.season_nr,=,0#3690682
movie_info_idx,movie_info,title#title.id=movie_info_idx.movie_id,title.id=movie_info.movie_id#title.kind_id,=,7,title.imdb_index,<,2#3633744
movie_companies,movie_keyword,movie_info_idx,title#title.id=movie_companies.movie_id,title.id=movie_keyword.movie_id,title.id=movie_info_idx.movie_id#movie_companies.company_type_id,>,1,title.production_year,>,66#21609576
movie_keyword,cast_info,title#title.id=movie_keyword.movie_id,title.id=cast_info.movie_id#title.episode_nr,>,0,title.season_nr,>,0#20888911
cast_info,movie_info_idx,movie_keyword,movie_info,title#title.id=cast_info.movie_id,title.id=movie_info_idx.movie_id,title.id=movie_keyword.movie_id,title.id=movie_info.movie_id#movie_info_idx.info_type_id,<,101,title.episode_nr,>,0#547807388
movie_info_idx,title#title.id=movie_info_idx.movie_id#title.episode_nr,<,105,title.production_year,>,26#1362506
movie_info_idx,cast_info,title#title.id=movie_info_idx.movie_id,title.id=cast_info.movie_id#title.production_year,<,126,title.season_nr,<,3#31888513
movie_info,title#title.id=movie_info.movie_id#movie_info.info_type_id,<,17,title.season_nr,<,1#9645772
movie_companies,movie_info_idx,movie_keyword,cast_info,title#title.id=movie_companies.movie_id,title.id=movie_info_idx.movie_id,title.id=movie_keyword.movie_id,title.id=cast_info.movie_id#movie_keyword.keyword_id,>,42,title.phonetic_code,<,21025#9230311701
movie_info_idx,movie_info,title#title.id=movie_info_idx.movie_id,title.id=movie_info.movie_id#movie_info.info_type_id,<,106,title.imdb_index,>,0#314521
movie_keyword,movie_companies,title#title.id=movie_keyword.movie_id,title.id=movie_companies.movie_id#title.kind_id,=,7,title.production_year,>,28#1552542
movie_info_idx,title#title.id=movie_info_idx.movie_id#title.season_nr,<,1,title.imdb_index,>,0#17836
movie_keyword,movie_companies,cast_info,movie_info_idx,title#title.id=movie_keyword.movie_id,title.id=movie_companies.movie_id,title.id=cast_info.movie_id,title.id=movie_info_idx.movie_id#movie_companies.company_type_id,<,2,title.series_years,>,0#37262616
movie_keyword,title#title.id=movie_keyword.movie_id#movie_keyword.keyword_id,<,58249,title.season_nr,>,0#576941
movie_info,movie_keyword,movie_info_idx,title#title.id=movie_info.movie_id,title.id=movie_keyword.movie_id,title.id=movie_info_idx.movie_id#movie_keyword.keyword_id,<,69799,title.phonetic_code,>,8335#358866649
movie_info,cast_info,movie_companies,movie_info_idx,title#title.id=movie_info.movie_id,title.id=cast_info.movie_id,title.id=movie_companies.movie_id,title.id=movie_info_idx.movie_id#movie_info_idx.info_type_id,>,99,title.imdb_index,<,1#11569620873
movie_companies,movie_keyword,title#title.id=movie_companies.movie_id,title.id=movie_keyword.movie_id#movie_companies.company_type_id,>,1,title.imdb_index,>,0#183610
movie_info,title#title.id=movie_info.movie_id#movie_info.info_type_id,>,1,title.production_year,<,101#4945020
movie_info_idx,title#title.id=movie_info_idx.movie_id#movie_info_idx.info_type_id,<,101,title.production_year,<,115#477222
movie_keyword,movie_info,cast_info,movie_info_idx,title#title.id=movie_keyword.movie_id,title.id=movie_info.movie_id,title.id=cast_info.movie_id,title.id=movie_info_idx.movie_id#movie_keyword.keyword_id,>,99,title.series_years,>,0#350386938
cast_info,title#title.id=cast_info.movie_id#cast_info.nr_order,>,0,title.episode_nr,>,12#2936156
movie_companies,movie_keyword,cast_info,movie_info_idx,title#title.id=movie_companies.movie_id,title.id=movie_keyword.movie_id,title.id=cast_info.movie_id,title.id=movie_info_idx.movie_id#movie_companies.company_type_id,=,2,title.kind_id,>,1#216977805
movie_keyword,movie_info,cast_info,title#title.id=movie_keyword.movie_id,title.id=movie_info.movie_id,title.id=cast_info.movie_id#title.phonetic_code,>,0,title.episode_nr,>,0#283827376
movie_keyword,title#title.id=movie_keyword.movie_id#title.phonetic_code,>,0,title.episode_nr,>,0#488214
movie_info,cast_info,movie_info_idx,movie_companies,title#title.id=movie_info.movie_id,title.id=cast_info.movie_id,title.id=movie_info_idx.movie_id,title.id=movie_companies.movie_id#movie_info.info_type_id,>,2,title.season_nr,<,16#17086690202
movie_info_idx,title#title.id=movie_info_idx.movie_id#title.phonetic_code,>,0,title.series_years,>,0#112911
cast_info,movie_companies,title#title.id=cast_info.movie_id,title.id=movie_companies.movie_id#movie_companies.company_type_id,>,1,title.phonetic_code,>,18258#3085780
movie_keyword,movie_info,cast_info,title#title.id=movie_keyword.movie_id,title.id=movie_info.movie_id,title.id=cast_info.movie_id#movie_keyword.keyword_id,>,338,title.episode_nr,>,0#277342609
movie_keyword,title#title.id=movie_keyword.movie_id#title.kind_id,>,1,title.season_nr,<,4#1471229
movie_info,movie_companies,title#title.id=movie_info.movie_id,title.id=movie_companies.movie_id#movie_info.info_type_id,<,16,title.series_years,>,0#2075279
movie_companies,movie_info_idx,title#title.id=movie_companies.movie_id,title.id=movie_info_idx.movie_id#movie_companies.company_type_id,>,1,title.production_year,>,126#21420
movie_info,title#title.id=movie_info.movie_id#title.imdb_index,=,2,title.phonetic_code,<,16167#76232
movie_info,cast_info,title#title.id=movie_info.movie_id,title.id=cast_info.movie_id#cast_info.nr_order,<,26,title.production_year,<,78#17964150
movie_info,cast_info,title#title.id=movie_info.movie_id,title.id=cast_info.movie_id#movie_info.info_type_id,<,77,title.imdb_index,=,0#387910767
movie_info_idx,cast_info,movie_keyword,title#title.id=movie_info_idx.movie_id,title.id=cast_info.movie_id,title.id=movie_keyword.movie_id#cast_info.role_id,=,1,title.kind_id,=,7#13481919
movie_keyword,cast_info,movie_companies,title#title.id=movie_keyword.movie_id,title.id=cast_info.movie_id,title.id=movie_companies.movie_id#cast_info.role_id,=,2,title.season_nr,<,7#433210832
movie_companies,title#title.id=movie_companies.movie_id#title.season_nr,<,4,title.episode_nr,<,13#2221694
cast_info,movie_keyword,title#title.id=cast_info.movie_id,title.id=movie_keyword.movie_id#title.season_nr,<,1,title.production_year,<,125#180871208
movie_info_idx,title#title.id=movie_info_idx.movie_id#movie_info_idx.info_type_id,=,100,title.production_year,>,116#194990
title##title.kind_id,<,7,title.series_years,>,0#90785
movie_companies,movie_keyword,title#title.id=movie_companies.movie_id,title.id=movie_keyword.movie_id#movie_companies.company_type_id,>,1,title.imdb_index,=,0#8236841
movie_companies,movie_info_idx,movie_info,cast_info,title#title.id=movie_companies.movie_id,title.id=movie_info_idx.movie_id,title.id=movie_info.movie_id,title.id=cast_info.movie_id#cast_info.nr_order,<,38,title.episode_nr,>,0#224648259
movie_info,movie_keyword,title#title.id=movie_info.movie_id,title.id=movie_keyword.movie_id#title.series_years,<,1387,title.production_year,<,124#214787330
movie_info_idx,title#title.id=movie_info_idx.movie_id#movie_info_idx.info_type_id,<,101,title.imdb_index,>,0#11890
movie_info_idx,movie_companies,title#title.id=movie_info_idx.movie_id,title.id=movie_companies.movie_id#movie_info_idx.info_type_id,>,99,title.phonetic_code,<,18267#2464589
movie_companies,cast_info,title#title.id=movie_companies.movie_id,title.id=cast_info.movie_id#movie_companies.company_type_id,=,2,title.kind_id,<,3#17436175
movie_info_idx,movie_companies,title#title.id=movie_info_idx.movie_id,title.id=movie_companies.movie_id#movie_companies.company_type_id,<,2,title.kind_id,>,1#900561
movie_info_idx,movie_companies,movie_info,title#title.id=movie_info_idx.movie_id,title.id=movie_companies.movie_id,title.id=movie_info.movie_id#movie_companies.company_type_id,=,1,title.season_nr,<,5#133192386
cast_info,movie_keyword,title#title.id=cast_info.movie_id,title.id=movie_keyword.movie_id#title.season_nr,>,0,title.episode_nr,<,18#17100038
cast_info,title#title.id=cast_info.movie_id#cast_info.role_id,=,2,title.kind_id,=,1#1840956
cast_info,title#title.id=cast_info.movie_id#title.season_nr,=,0,title.series_years,>,0#889398
cast_info,title#title.id=cast_info.movie_id#title.kind_id,<,7,title.series_years,>,0#889336
movie_info_idx,cast_info,title#title.id=movie_info_idx.movie_id,title.id=cast_info.movie_id#title.production_year,>,71,title.phonetic_code,<,22136#37594792
cast_info,movie_keyword,movie_companies,movie_info_idx,title#title.id=cast_info.movie_id,title.id=movie_keyword.movie_id,title.id=movie_companies.movie_id,title.id=movie_info_idx.movie_id#movie_companies.company_type_id,=,2,title.episode_nr,>,0#90124176
movie_info,title#title.id=movie_info.movie_id#title.episode_nr,>,0,title.series_years,>,0#133
movie_keyword,title#title.id=movie_keyword.movie_id#title.kind_id,>,1,title.production_year,>,51#1621642
movie_info_idx,movie_info,title#title.id=movie_info_idx.movie_id,title.id=movie_info.movie_id#movie_info_idx.info_type_id,=,99,title.kind_id,=,2#438659
movie_info_idx,title#title.id=movie_info_idx.movie_id#title.series_years,>,0,title.production_year,>,0#113037
movie_info_idx,movie_keyword,movie_companies,title#title.id=movie_info_idx.movie_id,title.id=movie_keyword.movie_id,title.id=movie_companies.movie_id#movie_info_idx.info_type_id,<,101,title.episode_nr,<,48#66441754
movie_keyword,movie_companies,movie_info,title#title.id=movie_keyword.movie_id,title.id=movie_companies.movie_id,title.id=movie_info.movie_id#title.season_nr,=,0,title.imdb_index,>,0#114013835
movie_info,movie_keyword,movie_companies,title#title.id=movie_info.movie_id,title.id=movie_keyword.movie_id,title.id=movie_companies.movie_id#movie_info.info_type_id,<,17,title.production_year,<,125#2646795135
movie_info,cast_info,movie_info_idx,title#title.id=movie_info.movie_id,title.id=cast_info.movie_id,title.id=movie_info_idx.movie_id#movie_info.info_type_id,>,2,title.imdb_index,=,0#1031564302
movie_info_idx,title#title.id=movie_info_idx.movie_id#movie_info_idx.info_type_id,>,99,title.production_year,>,71#840130
cast_info,movie_keyword,title#title.id=cast_info.movie_id,title.id=movie_keyword.movie_id#cast_info.nr_order,<,1100,title.kind_id,=,7#8262517
movie_info_idx,title#title.id=movie_info_idx.movie_id#movie_info_idx.info_type_id,=,101,title.production_year,<,113#216625
movie_info_idx,cast_info,movie_keyword,title#title.id=movie_info_idx.movie_id,title.id=cast_info.movie_id,title.id=movie_keyword.movie_id#movie_info_idx.info_type_id,>,99,title.series_years,>,0#5248534
movie_info_idx,movie_info,title#title.id=movie_info_idx.movie_id,title.id=movie_info.movie_id#title.production_year,<,123,title.episode_nr,<,261#17665044
movie_info,title#title.id=movie_info.movie_id#title.kind_id,<,7,title.phonetic_code,<,20823#10572377
cast_info,title#title.id=cast_info.movie_id#cast_info.nr_order,<,52,title.production_year,<,50#420590
movie_info,movie_companies,title#title.id=movie_info.movie_id,title.id=movie_companies.movie_id#movie_info.info_type_id,>,2,title.episode_nr,>,0#5172923
cast_info,movie_keyword,title#title.id=cast_info.movie_id,title.id=movie_keyword.movie_id#movie_keyword.keyword_id,>,196,title.imdb_index,=,1#3894333
cast_info,movie_companies,title#title.id=cast_info.movie_id,title.id=movie_companies.movie_id#cast_info.role_id,>,1,title.episode_nr,<,20#49769942
cast_info,title#title.id=cast_info.movie_id#title.phonetic_code,<,12977,title.episode_nr,>,0#13977590
movie_info_idx,movie_companies,title#title.id=movie_info_idx.movie_id,title.id=movie_companies.movie_id#movie_companies.company_type_id,<,2,title.series_years,>,0#173523
cast_info,movie_info_idx,title#title.id=cast_info.movie_id,title.id=movie_info_idx.movie_id#movie_info_idx.info_type_id,=,101,title.episode_nr,<,6#10380512
movie_companies,movie_info,movie_keyword,cast_info,title#title.id=movie_companies.movie_id,title.id=movie_info.movie_id,title.id=movie_keyword.movie_id,title.id=cast_info.movie_id#movie_companies.company_type_id,=,2,title.episode_nr,>,0#627785581
movie_keyword,movie_info_idx,cast_info,title#title.id=movie_keyword.movie_id,title.id=movie_info_idx.movie_id,title.id=cast_info.movie_id#movie_info_idx.info_type_id,=,99,title.imdb_index,>,0#4432714
movie_companies,title#title.id=movie_companies.movie_id#movie_companies.company_type_id,<,2,title.series_years,>,0#95975
cast_info,movie_companies,movie_info,movie_info_idx,title#title.id=cast_info.movie_id,title.id=movie_companies.movie_id,title.id=movie_info.movie_id,title.id=movie_info_idx.movie_id#movie_companies.company_type_id,>,1,title.series_years,>,0#58621722
movie_info_idx,movie_keyword,movie_info,movie_companies,title#title.id=movie_info_idx.movie_id,title.id=movie_keyword.movie_id,title.id=movie_info.movie_id,title.id=movie_companies.movie_id#movie_info_idx.info_type_id,=,101,title.season_nr,<,4#4822021370
movie_info_idx,title#title.id=movie_info_idx.movie_id#movie_info_idx.info_type_id,=,99,title.imdb_index,>,0#5945
title##title.season_nr,=,1,title.production_year,>,30#552334
movie_info,movie_keyword,cast_info,movie_companies,title#title.id=movie_info.movie_id,title.id=movie_keyword.movie_id,title.id=cast_info.movie_id,title.id=movie_companies.movie_id#movie_info.info_type_id,<,16,title.kind_id,>,1#5138007359
cast_info,movie_keyword,title#title.id=cast_info.movie_id,title.id=movie_keyword.movie_id#title.imdb_index,=,0,title.phonetic_code,>,0#207903434
cast_info,movie_info_idx,movie_keyword,title#title.id=cast_info.movie_id,title.id=movie_info_idx.movie_id,title.id=movie_keyword.movie_id#title.series_years,<,1387,title.imdb_index,=,0#593610980
movie_companies,cast_info,movie_keyword,title#title.id=movie_companies.movie_id,title.id=cast_info.movie_id,title.id=movie_keyword.movie_id#cast_info.role_id,<,10,title.episode_nr,<,150#1921433523
movie_info,movie_keyword,title#title.id=movie_info.movie_id,title.id=movie_keyword.movie_id#movie_keyword.keyword_id,<,77141,title.phonetic_code,<,5198#70107853
movie_companies,movie_keyword,movie_info_idx,title#title.id=movie_companies.movie_id,title.id=movie_keyword.movie_id,title.id=movie_info_idx.movie_id#movie_keyword.keyword_id,<,85951,title.season_nr,=,0#94391501
movie_companies,movie_keyword,title#title.id=movie_companies.movie_id,title.id=movie_keyword.movie_id#movie_companies.company_type_id,=,1,title.season_nr,>,0#879898
movie_info_idx,movie_info,cast_info,movie_keyword,title#title.id=movie_info_idx.movie_id,title.id=movie_info.movie_id,title.id=cast_info.movie_id,title.id=movie_keyword.movie_id#movie_info_idx.info_type_id,=,100,title.kind_id,>,1#1017298890
title##title.season_nr,<,39,title.episode_nr,<,31#2233438
movie_info,cast_info,movie_keyword,title#title.id=movie_info.movie_id,title.id=cast_info.movie_id,title.id=movie_keyword.movie_id#cast_info.nr_order,<,36,title.episode_nr,>,0#108707482
movie_companies,cast_info,title#title.id=movie_companies.movie_id,title.id=cast_info.movie_id#title.imdb_index,=,0,title.kind_id,<,7#57326493
movie_keyword,movie_companies,cast_info,movie_info_idx,title#title.id=movie_keyword.movie_id,title.id=movie_companies.movie_id,title.id=cast_info.movie_id,title.id=movie_info_idx.movie_id#movie_companies.company_type_id,>,1,title.season_nr,<,8#1794650150
movie_info_idx,movie_info,cast_info,movie_keyword,title#title.id=movie_info_idx.movie_id,title.id=movie_info.movie_id,title.id=cast_info.movie_id,title.id=movie_keyword.movie_id#movie_info_idx.info_type_id,>,99,title.episode_nr,>,0#547807388
cast_info,movie_info_idx,title#title.id=cast_info.movie_id,title.id=movie_info_idx.movie_id#title.series_years,>,0,title.phonetic_code,<,17849#1312671
movie_info_idx,movie_keyword,movie_companies,title#title.id=movie_info_idx.movie_id,title.id=movie_keyword.movie_id,title.id=movie_companies.movie_id#movie_info_idx.info_type_id,>,99,title.series_years,>,0#1850182
movie_companies,movie_info_idx,title#title.id=movie_companies.movie_id,title.id=movie_info_idx.movie_id#movie_info_idx.info_type_id,=,101,title.phonetic_code,<,20844#1321474
movie_keyword,movie_info_idx,cast_info,movie_companies,title#title.id=movie_keyword.movie_id,title.id=movie_info_idx.movie_id,title.id=cast_info.movie_id,title.id=movie_companies.movie_id#title.imdb_index,>,0,title.kind_id,<,7#287447823
movie_info,title#title.id=movie_info.movie_id#movie_info.info_type_id,>,2,title.kind_id,>,1#5511753
movie_info_idx,movie_info,title#title.id=movie_info_idx.movie_id,title.id=movie_info.movie_id#movie_info_idx.info_type_id,=,101,title.imdb_index,=,0#6818126
movie_keyword,movie_info_idx,title#title.id=movie_keyword.movie_id,title.id=movie_info_idx.movie_id#title.episode_nr,>,0,title.phonetic_code,<,19397#1014864
movie_info,title#title.id=movie_info.movie_id#title.episode_nr,<,557,title.kind_id,>,1#6382759
movie_keyword,movie_info_idx,cast_info,title#title.id=movie_keyword.movie_id,title.id=movie_info_idx.movie_id,title.id=cast_info.movie_id#movie_keyword.keyword_id,<,71602,title.episode_nr,>,0#49089696
cast_info,movie_companies,title#title.id=cast_info.movie_id,title.id=movie_companies.movie_id#movie_companies.company_type_id,=,2,title.series_years,>,1393#97980
cast_info,title#title.id=cast_info.movie_id#cast_info.role_id,>,1,title.production_year,>,90#20416279
movie_keyword,movie_companies,cast_info,title#title.id=movie_keyword.movie_id,title.id=movie_companies.movie_id,title.id=cast_info.movie_id#movie_keyword.keyword_id,>,500,title.series_years,>,0#15585379
movie_info,movie_info_idx,title#title.id=movie_info.movie_id,title.id=movie_info_idx.movie_id#title.series_years,>,0,title.imdb_index,>,0#8262
movie_keyword,movie_info_idx,title#title.id=movie_keyword.movie_id,title.id=movie_info_idx.movie_id#movie_info_idx.info_type_id,<,101,title.phonetic_code,>,14659#2135086
title##title.season_nr,<,10,title.phonetic_code,<,15958#1978434
movie_keyword,movie_info,title#title.id=movie_keyword.movie_id,title.id=movie_info.movie_id#movie_keyword.keyword_id,<,62808,title.imdb_index,=,0#216884235
movie_info_idx,movie_companies,movie_info,title#title.id=movie_info_idx.movie_id,title.id=movie_companies.movie_id,title.id=movie_info.movie_id#movie_info_idx.info_type_id,>,99,title.kind_id,>,1#19177994
cast_info,movie_info,title#title.id=cast_info.movie_id,title.id=movie_info.movie_id#movie_info.info_type_id,>,1,title.phonetic_code,<,14079#300757037
movie_info,movie_keyword,cast_info,title#title.id=movie_info.movie_id,title.id=movie_keyword.movie_id,title.id=cast_info.movie_id#movie_keyword.keyword_id,<,59592,title.series_years,>,0#124649796
cast_info,title#title.id=cast_info.movie_id#cast_info.nr_order,>,1,title.production_year,<,69#645925
movie_keyword,title#title.id=movie_keyword.movie_id#title.production_year,<,122,title.phonetic_code,>,0#3546361
movie_keyword,movie_info_idx,movie_companies,movie_info,title#title.id=movie_keyword.movie_id,title.id=movie_info_idx.movie_id,title.id=movie_companies.movie_id,title.id=movie_info.movie_id#movie_keyword.keyword_id,>,1968,title.episode_nr,>,0#61975575
cast_info,movie_info,title#title.id=cast_info.movie_id,title.id=movie_info.movie_id#movie_info.info_type_id,<,18,title.kind_id,>,1#125035348
cast_info,movie_info,title#title.id=cast_info.movie_id,title.id=movie_info.movie_id#cast_info.role_id,=,5,title.production_year,<,124#7906531
movie_info_idx,movie_companies,movie_keyword,movie_info,title#title.id=movie_info_idx.movie_id,title.id=movie_companies.movie_id,title.id=movie_keyword.movie_id,title.id=movie_info.movie_id#movie_info.info_type_id,>,2,title.imdb_index,>,0#337492305
movie_companies,movie_info_idx,title#title.id=movie_companies.movie_id,title.id=movie_info_idx.movie_id#movie_info_idx.info_type_id,=,99,title.series_years,<,1397#1343914
title##title.production_year,<,120,title.episode_nr,>,0#615270
movie_keyword,movie_info_idx,movie_companies,title#title.id=movie_keyword.movie_id,title.id=movie_info_idx.movie_id,title.id=movie_companies.movie_id#title.episode_nr,<,98,title.kind_id,>,1#12204417
movie_info_idx,title#title.id=movie_info_idx.movie_id#movie_info_idx.info_type_id,<,101,title.season_nr,<,1#645186
movie_companies,cast_info,movie_keyword,title#title.id=movie_companies.movie_id,title.id=cast_info.movie_id,title.id=movie_keyword.movie_id#movie_companies.company_type_id,=,1,title.phonetic_code,>,15786#669948859
movie_companies,movie_keyword,movie_info,title#title.id=movie_companies.movie_id,title.id=movie_keyword.movie_id,title.id=movie_info.movie_id#movie_keyword.keyword_id,>,84,title.imdb_index,=,0#4675926951
movie_info,movie_companies,title#title.id=movie_info.movie_id,title.id=movie_companies.movie_id#title.episode_nr,<,127,title.production_year,>,96#49066352
movie_info_idx,movie_keyword,title#title.id=movie_info_idx.movie_id,title.id=movie_keyword.movie_id#title.kind_id,=,7,title.season_nr,=,1#424845
cast_info,title#title.id=cast_info.movie_id#cast_info.role_id,<,8,title.kind_id,>,1#20569075
movie_companies,cast_info,title#title.id=movie_companies.movie_id,title.id=cast_info.movie_id#title.imdb_index,=,0,title.episode_nr,>,0#21050750
movie_keyword,cast_info,title#title.id=movie_keyword.movie_id,title.id=cast_info.movie_id#movie_keyword.keyword_id,<,11652,title.production_year,>,120#41644106
movie_keyword,movie_info_idx,movie_companies,title#title.id=movie_keyword.movie_id,title.id=movie_info_idx.movie_id,title.id=movie_companies.movie_id#title.kind_id,<,7,title.episode_nr,<,489#96940070
movie_info_idx,movie_info,title#title.id=movie_info_idx.movie_id,title.id=movie_info.movie_id#title.series_years,<,1381,title.episode_nr,<,21#20158904
movie_keyword,cast_info,title#title.id=movie_keyword.movie_id,title.id=cast_info.movie_id#movie_keyword.keyword_id,>,47,title.series_years,<,1374#213973414
movie_info_idx,movie_info,movie_keyword,title#title.id=movie_info_idx.movie_id,title.id=movie_info.movie_id,title.id=movie_keyword.movie_id#movie_info_idx.info_type_id,=,100,title.kind_id,>,1#20041028
movie_info_idx,movie_keyword,movie_info,title#title.id=movie_info_idx.movie_id,title.id=movie_keyword.movie_id,title.id=movie_info.movie_id#movie_info_idx.info_type_id,>,99,title.season_nr,>,0#10684942
movie_info,movie_info_idx,movie_keyword,movie_companies,title#title.id=movie_info.movie_id,title.id=movie_info_idx.movie_id,title.id=movie_keyword.movie_id,title.id=movie_companies.movie_id#movie_info_idx.info_type_id,<,101,title.production_year,<,124#8670095854
movie_info_idx,cast_info,title#title.id=movie_info_idx.movie_id,title.id=cast_info.movie_id#title.episode_nr,<,8649,title.season_nr,<,5#36824073
title##title.episode_nr,>,0,title.production_year,<,126#997275
title##title.kind_id,>,1,title.imdb_index,=,0#1863765
movie_companies,cast_info,movie_info,title#title.id=movie_companies.movie_id,title.id=cast_info.movie_id,title.id=movie_info.movie_id#cast_info.role_id,=,3,title.kind_id,<,7#305453287
movie_info,movie_companies,cast_info,title#title.id=movie_info.movie_id,title.id=movie_companies.movie_id,title.id=cast_info.movie_id#movie_info.info_type_id,>,3,title.production_year,>,69#5263691989
movie_keyword,movie_info_idx,movie_companies,title#title.id=movie_keyword.movie_id,title.id=movie_info_idx.movie_id,title.id=movie_companies.movie_id#movie_companies.company_type_id,>,1,title.production_year,<,123#19149681
movie_keyword,title#title.id=movie_keyword.movie_id#title.production_year,>,63,title.kind_id,<,7#3346620
movie_companies,movie_info_idx,movie_info,title#title.id=movie_companies.movie_id,title.id=movie_info_idx.movie_id,title.id=movie_info.movie_id#movie_companies.company_type_id,<,2,title.production_year,<,68#10498958
movie_info_idx,movie_keyword,movie_info,title#title.id=movie_info_idx.movie_id,title.id=movie_keyword.movie_id,title.id=movie_info.movie_id#movie_info.info_type_id,<,18,title.season_nr,=,0#477406622
cast_info,movie_info,movie_companies,title#title.id=cast_info.movie_id,title.id=movie_info.movie_id,title.id=movie_companies.movie_id#movie_info.info_type_id,<,18,title.imdb_index,>,0#102092313
movie_info,movie_companies,movie_info_idx,movie_keyword,title#title.id=movie_info.movie_id,title.id=movie_companies.movie_id,title.id=movie_info_idx.movie_id,title.id=movie_keyword.movie_id#movie_keyword.keyword_id,<,44741,title.season_nr,>,0#80628153
movie_info_idx,movie_info,movie_keyword,movie_companies,title#title.id=movie_info_idx.movie_id,title.id=movie_info.movie_id,title.id=movie_keyword.movie_id,title.id=movie_companies.movie_id#movie_info_idx.info_type_id,>,99,title.kind_id,=,1#9943718040
cast_info,movie_info,title#title.id=cast_info.movie_id,title.id=movie_info.movie_id#title.season_nr,<,11,title.production_year,<,123#361811787
movie_info,movie_keyword,cast_info,movie_info_idx,title#title.id=movie_info.movie_id,title.id=movie_keyword.movie_id,title.id=cast_info.movie_id,title.id=movie_info_idx.movie_id#cast_info.role_id,=,10,title.season_nr,=,1#97876932
cast_info,movie_info,title#title.id=cast_info.movie_id,title.id=movie_info.movie_id#title.phonetic_code,<,19085,title.episode_nr,>,0#80174683
movie_keyword,movie_info,movie_info_idx,cast_info,title#title.id=movie_keyword.movie_id,title.id=movie_info.movie_id,title.id=movie_info_idx.movie_id,title.id=cast_info.movie_id#movie_info.info_type_id,<,16,title.episode_nr,>,0#490812339
cast_info,movie_keyword,title#title.id=cast_info.movie_id,title.id=movie_keyword.movie_id#cast_info.nr_order,>,2,title.production_year,<,125#68564288
movie_companies,cast_info,movie_info_idx,title#title.id=movie_companies.movie_id,title.id=cast_info.movie_id,title.id=movie_info_idx.movie_id#cast_info.role_id,>,1,title.production_year,>,120#44333498
movie_keyword,cast_info,movie_info_idx,movie_info,title#title.id=movie_keyword.movie_id,title.id=cast_info.movie_id,title.id=movie_info_idx.movie_id,title.id=movie_info.movie_id#cast_info.nr_order,>,1,title.series_years,>,0#44783688
movie_info,movie_companies,movie_info_idx,title#title.id=movie_info.movie_id,title.id=movie_companies.movie_id,title.id=movie_info_idx.movie_id#movie_info.info_type_id,<,16,title.kind_id,=,1#68179600
cast_info,movie_companies,movie_info_idx,movie_info,title#title.id=cast_info.movie_id,title.id=movie_companies.movie_id,title.id=movie_info_idx.movie_id,title.id=movie_info.movie_id#cast_info.role_id,>,1,title.phonetic_code,>,0#11771655092
movie_companies,movie_info,title#title.id=movie_companies.movie_id,title.id=movie_info.movie_id#movie_info.info_type_id,>,2,title.kind_id,=,1#51218851
movie_info,title#title.id=movie_info.movie_id#movie_info.info_type_id,<,16,title.phonetic_code,>,158#8940168
cast_info,movie_info_idx,movie_keyword,title#title.id=cast_info.movie_id,title.id=movie_info_idx.movie_id,title.id=movie_keyword.movie_id#movie_info_idx.info_type_id,=,101,title.kind_id,<,7#183959292
movie_keyword,title#title.id=movie_keyword.movie_id#movie_keyword.keyword_id,<,82765,title.season_nr,>,0#592511
movie_info,title#title.id=movie_info.movie_id#movie_info.info_type_id,>,3,title.season_nr,=,0#8366462
movie_companies,title#title.id=movie_companies.movie_id#movie_companies.company_type_id,>,1,title.series_years,>,0#98272
movie_info_idx,title#title.id=movie_info_idx.movie_id#title.season_nr,>,0,title.kind_id,>,1#411996
movie_companies,movie_info_idx,movie_keyword,title#title.id=movie_companies.movie_id,title.id=movie_info_idx.movie_id,title.id=movie_keyword.movie_id#movie_info_idx.info_type_id,<,101,title.imdb_index,=,0#64916770
cast_info,movie_keyword,movie_info_idx,title#title.id=cast_info.movie_id,title.id=movie_keyword.movie_id,title.id=movie_info_idx.movie_id#title.imdb_index,>,0,title.phonetic_code,>,0#13001928
movie_keyword,movie_info_idx,cast_info,title#title.id=movie_keyword.movie_id,title.id=movie_info_idx.movie_id,title.id=cast_info.movie_id#movie_keyword.keyword_id,>,335,title.production_year,>,121#131055468
movie_keyword,movie_info,movie_companies,cast_info,title#title.id=movie_keyword.movie_id,title.id=movie_info.movie_id,title.id=movie_companies.movie_id,title.id=cast_info.movie_id#title.season_nr,=,2,title.phonetic_code,<,12400#174167288
movie_info,cast_info,title#title.id=movie_info.movie_id,title.id=cast_info.movie_id#cast_info.role_id,>,1,title.episode_nr,<,9844#299969675
title##title.production_year,<,126,title.season_nr,=,1#535592
movie_info_idx,movie_info,movie_companies,title#title.id=movie_info_idx.movie_id,title.id=movie_info.movie_id,title.id=movie_companies.movie_id#movie_info_idx.info_type_id,>,99,title.imdb_index,>,0#2287156
movie_info_idx,movie_keyword,cast_info,movie_companies,title#title.id=movie_info_idx.movie_id,title.id=movie_keyword.movie_id,title.id=cast_info.movie_id,title.id=movie_companies.movie_id#cast_info.role_id,<,10,title.episode_nr,>,0#157187565
movie_companies,movie_info_idx,movie_info,cast_info,title#title.id=movie_companies.movie_id,title.id=movie_info_idx.movie_id,title.id=movie_info.movie_id,title.id=cast_info.movie_id#title.phonetic_code,>,0,title.imdb_index,=,0#17029692378
movie_keyword,movie_info_idx,movie_companies,title#title.id=movie_keyword.movie_id,title.id=movie_info_idx.movie_id,title.id=movie_companies.movie_id#title.phonetic_code,<,12442,title.production_year,<,120#44751741
movie_keyword,movie_companies,movie_info_idx,cast_info,title#title.id=movie_keyword.movie_id,title.id=movie_companies.movie_id,title.id=movie_info_idx.movie_id,title.id=cast_info.movie_id#movie_companies.company_type_id,<,2,title.kind_id,<,7#7490608364
movie_info,movie_companies,title#title.id=movie_info.movie_id,title.id=movie_companies.movie_id#movie_info.info_type_id,>,2,title.production_year,<,121#47316353
movie_info,movie_keyword,title#title.id=movie_info.movie_id,title.id=movie_keyword.movie_id#movie_info.info_type_id,<,18,title.production_year,>,87#135938713
movie_info_idx,movie_keyword,movie_companies,movie_info,title#title.id=movie_info_idx.movie_id,title.id=movie_keyword.movie_id,title.id=movie_companies.movie_id,title.id=movie_info.movie_id#movie_info_idx.info_type_id,<,101,title.season_nr,=,2#9726540
movie_keyword,cast_info,movie_info,title#title.id=movie_keyword.movie_id,title.id=cast_info.movie_id,title.id=movie_info.movie_id#title.phonetic_code,<,21787,title.series_years,>,0#125913325
movie_keyword,movie_info,title#title.id=movie_keyword.movie_id,title.id=movie_info.movie_id#movie_keyword.keyword_id,<,37353,title.series_years,>,0#5411890
movie_info,cast_info,title#title.id=movie_info.movie_id,title.id=cast_info.movie_id#title.production_year,<,126,title.episode_nr,<,1560#431173383
movie_info,title#title.id=movie_info.movie_id#title.phonetic_code,>,0,title.imdb_index,=,0#13237522
movie_info_idx,cast_info,title#title.id=movie_info_idx.movie_id,title.id=cast_info.movie_id#title.season_nr,=,0,title.kind_id,<,7#25762173
cast_info,title#title.id=cast_info.movie_id#cast_info.nr_order,>,2,title.episode_nr,>,7#3051662
movie_info,movie_keyword,title#title.id=movie_info.movie_id,title.id=movie_keyword.movie_id#movie_keyword.keyword_id,<,60477,title.kind_id,<,7#213852507
movie_keyword,movie_info_idx,cast_info,title#title.id=movie_keyword.movie_id,title.id=movie_info_idx.movie_id,title.id=cast_info.movie_id#cast_info.nr_order,>,2,title.phonetic_code,>,1342#191146211
cast_info,title#title.id=cast_info.movie_id#cast_info.nr_order,<,22,title.episode_nr,>,0#5351725
movie_info,title#title.id=movie_info.movie_id#movie_info.info_type_id,>,1,title.kind_id,>,1#6175571
cast_info,title#title.id=cast_info.movie_id#title.series_years,<,962,title.season_nr,<,2#26345150
title##title.imdb_index,=,0,title.series_years,>,0#90383
title##title.episode_nr,<,23,title.season_nr,<,13#2139302
cast_info,title#title.id=cast_info.movie_id#cast_info.nr_order,>,0,title.series_years,>,0#136323
movie_companies,title#title.id=movie_companies.movie_id#movie_companies.company_type_id,<,2,title.phonetic_code,<,19005#1185144
movie_keyword,movie_info_idx,cast_info,movie_companies,title#title.id=movie_keyword.movie_id,title.id=movie_info_idx.movie_id,title.id=cast_info.movie_id,title.id=movie_companies.movie_id#movie_keyword.keyword_id,<,16203,title.phonetic_code,<,11513#4083730728
movie_keyword,movie_info,movie_companies,movie_info_idx,title#title.id=movie_keyword.movie_id,title.id=movie_info.movie_id,title.id=movie_companies.movie_id,title.id=movie_info_idx.movie_id#movie_info.info_type_id,>,2,title.series_years,>,0#231683070
movie_info_idx,cast_info,movie_info,movie_keyword,title#title.id=movie_info_idx.movie_id,title.id=cast_info.movie_id,title.id=movie_info.movie_id,title.id=movie_keyword.movie_id#movie_info.info_type_id,<,16,title.series_years,>,0#233548464
movie_info_idx,movie_keyword,title#title.id=movie_info_idx.movie_id,title.id=movie_keyword.movie_id#movie_info_idx.info_type_id,=,100,title.production_year,>,38#3438926
movie_companies,movie_info,cast_info,movie_keyword,title#title.id=movie_companies.movie_id,title.id=movie_info.movie_id,title.id=cast_info.movie_id,title.id=movie_keyword.movie_id#cast_info.nr_order,<,39,title.season_nr,=,2#100904755
movie_info_idx,movie_keyword,cast_info,title#title.id=movie_info_idx.movie_id,title.id=movie_keyword.movie_id,title.id=cast_info.movie_id#movie_info_idx.info_type_id,>,99,title.kind_id,<,7#373565042
movie_info_idx,movie_info,movie_keyword,title#title.id=movie_info_idx.movie_id,title.id=movie_info.movie_id,title.id=movie_keyword.movie_id#movie_info_idx.info_type_id,<,101,title.imdb_index,>,0#9201120
cast_info,title#title.id=cast_info.movie_id#title.production_year,<,126,title.kind_id,>,1#23443268
cast_info,title#title.id=cast_info.movie_id#title.imdb_index,=,0,title.production_year,<,127#34901213
movie_info_idx,title#title.id=movie_info_idx.movie_id#movie_info_idx.info_type_id,>,99,title.season_nr,>,0#274664
cast_info,movie_info,title#title.id=cast_info.movie_id,title.id=movie_info.movie_id#title.episode_nr,>,0,title.kind_id,=,7#85162359
movie_keyword,movie_info,movie_companies,title#title.id=movie_keyword.movie_id,title.id=movie_info.movie_id,title.id=movie_companies.movie_id#movie_keyword.keyword_id,>,141,title.series_years,>,0#74128151
movie_info_idx,title#title.id=movie_info_idx.movie_id#title.phonetic_code,>,0,title.production_year,>,44#1317346
movie_companies,movie_info,movie_info_idx,movie_keyword,title#title.id=movie_companies.movie_id,title.id=movie_info.movie_id,title.id=movie_info_idx.movie_id,title.id=movie_keyword.movie_id#movie_info_idx.info_type_id,<,101,title.series_years,>,0#158600286
movie_info_idx,movie_companies,cast_info,title#title.id=movie_info_idx.movie_id,title.id=movie_companies.movie_id,title.id=cast_info.movie_id#movie_companies.company_type_id,>,1,title.episode_nr,>,0#18630180
cast_info,movie_info_idx,title#title.id=cast_info.movie_id,title.id=movie_info_idx.movie_id#movie_info_idx.info_type_id,>,99,title.production_year,<,118#15605553
movie_info_idx,title#title.id=movie_info_idx.movie_id#title.episode_nr,>,0,title.production_year,<,126#380652
cast_info,movie_keyword,movie_info_idx,movie_companies,title#title.id=cast_info.movie_id,title.id=movie_keyword.movie_id,title.id=movie_info_idx.movie_id,title.id=movie_companies.movie_id#title.season_nr,<,2,title.episode_nr,<,12#9285544267
cast_info,movie_info,movie_keyword,title#title.id=cast_info.movie_id,title.id=movie_info.movie_id,title.id=movie_keyword.movie_id#movie_info.info_type_id,<,106,title.series_years,>,0#126354942
cast_info,movie_info_idx,title#title.id=cast_info.movie_id,title.id=movie_info_idx.movie_id#cast_info.nr_order,>,3,title.episode_nr,>,24#194343
movie_info_idx,movie_keyword,movie_info,title#title.id=movie_info_idx.movie_id,title.id=movie_keyword.movie_id,title.id=movie_info.movie_id#movie_info_idx.info_type_id,=,101,title.episode_nr,>,8#2247668
cast_info,movie_info_idx,title#title.id=cast_info.movie_id,title.id=movie_info_idx.movie_id#cast_info.role_id,>,1,title.phonetic_code,<,22912#26436331
cast_info,movie_keyword,title#title.id=cast_info.movie_id,title.id=movie_keyword.movie_id#movie_keyword.keyword_id,<,75050,title.phonetic_code,<,16278#157236816
movie_info_idx,title#title.id=movie_info_idx.movie_id#movie_info_idx.info_type_id,<,101,title.series_years,>,0#75370
cast_info,movie_keyword,movie_info,title#title.id=cast_info.movie_id,title.id=movie_keyword.movie_id,title.id=movie_info.movie_id#cast_info.role_id,=,2,title.phonetic_code,<,19022#3184825399
movie_companies,title#title.id=movie_companies.movie_id#title.episode_nr,>,0,title.phonetic_code,>,0#573251
movie_companies,movie_info,movie_info_idx,movie_keyword,title#title.id=movie_companies.movie_id,title.id=movie_info.movie_id,title.id=movie_info_idx.movie_id,title.id=movie_keyword.movie_id#movie_info_idx.info_type_id,<,101,title.phonetic_code,<,18886#8997281522
movie_keyword,title#title.id=movie_keyword.movie_id#title.series_years,<,1390,title.production_year,>,74#3736602
movie_companies,movie_info,cast_info,title#title.id=movie_companies.movie_id,title.id=movie_info.movie_id,title.id=cast_info.movie_id#movie_info.info_type_id,<,18,title.production_year,<,125#3597514213
movie_companies,movie_info,cast_info,movie_info_idx,title#title.id=movie_companies.movie_id,title.id=movie_info.movie_id,title.id=cast_info.movie_id,title.id=movie_info_idx.movie_id#movie_info.info_type_id,<,57,title.imdb_index,>,0#318109325
movie_info,movie_keyword,cast_info,title#title.id=movie_info.movie_id,title.id=movie_keyword.movie_id,title.id=cast_info.movie_id#cast_info.nr_order,>,1,title.production_year,<,118#5015957953
movie_info,movie_info_idx,cast_info,movie_keyword,title#title.id=movie_info.movie_id,title.id=movie_info_idx.movie_id,title.id=cast_info.movie_id,title.id=movie_keyword.movie_id#cast_info.nr_order,>,0,title.kind_id,>,1#1156725969
movie_keyword,cast_info,title#title.id=movie_keyword.movie_id,title.id=cast_info.movie_id#cast_info.nr_order,>,1,title.episode_nr,<,6#72769880
movie_info_idx,cast_info,title#title.id=movie_info_idx.movie_id,title.id=cast_info.movie_id#movie_info_idx.info_type_id,=,101,title.imdb_index,=,0#13460550
movie_info_idx,title#title.id=movie_info_idx.movie_id#movie_info_idx.info_type_id,<,101,title.phonetic_code,>,2630#739724
movie_companies,movie_info,movie_info_idx,cast_info,title#title.id=movie_companies.movie_id,title.id=movie_info.movie_id,title.id=movie_info_idx.movie_id,title.id=cast_info.movie_id#movie_info.info_type_id,>,3,title.imdb_index,=,0#16337774827
movie_info_idx,movie_info,title#title.id=movie_info_idx.movie_id,title.id=movie_info.movie_id#title.season_nr,>,0,title.kind_id,>,1#3575157
movie_info_idx,title#title.id=movie_info_idx.movie_id#movie_info_idx.info_type_id,=,100,title.phonetic_code,>,19362#31939
movie_companies,cast_info,movie_info,title#title.id=movie_companies.movie_id,title.id=cast_info.movie_id,title.id=movie_info.movie_id#movie_info.info_type_id,>,1,title.series_years,>,0#67958585
movie_info,title#title.id=movie_info.movie_id#title.production_year,>,82,title.kind_id,<,7#8061493
movie_info,cast_info,movie_keyword,title#title.id=movie_info.movie_id,title.id=cast_info.movie_id,title.id=movie_keyword.movie_id#cast_info.nr_order,<,66,title.kind_id,=,7#113505284
movie_keyword,movie_info_idx,title#title.id=movie_keyword.movie_id,title.id=movie_info_idx.movie_id#movie_keyword.keyword_id,<,26208,title.phonetic_code,>,0#8722811
movie_info_idx,title#title.id=movie_info_idx.movie_id#title.phonetic_code,<,19170,title.kind_id,>,1#699069
title##title.series_years,>,0,title.season_nr,>,0#88
movie_info,movie_keyword,title#title.id=movie_info.movie_id,title.id=movie_keyword.movie_id#movie_info.info_type_id,<,98,title.production_year,>,68#179924256
cast_info,movie_companies,title#title.id=cast_info.movie_id,title.id=movie_companies.movie_id#cast_info.role_id,>,1,title.kind_id,<,7#37327827
cast_info,movie_keyword,title#title.id=cast_info.movie_id,title.id=movie_keyword.movie_id#cast_info.role_id,=,2,title.imdb_index,=,0#35120018
movie_info,cast_info,title#title.id=movie_info.movie_id,title.id=cast_info.movie_id#cast_info.nr_order,>,1,title.production_year,>,123#16483779
movie_info_idx,movie_companies,movie_info,cast_info,title#title.id=movie_info_idx.movie_id,title.id=movie_companies.movie_id,title.id=movie_info.movie_id,title.id=cast_info.movie_id#cast_info.role_id,=,1,title.season_nr,>,0#158756235
movie_keyword,movie_companies,cast_info,movie_info,title#title.id=movie_keyword.movie_id,title.id=movie_companies.movie_id,title.id=cast_info.movie_id,title.id=movie_info.movie_id#title.season_nr,=,1,title.production_year,<,126#832770723
movie_info,movie_info_idx,title#title.id=movie_info.movie_id,title.id=movie_info_idx.movie_id#movie_info.info_type_id,>,1,title.imdb_index,>,0#320838
movie_keyword,title#title.id=movie_keyword.movie_id#title.season_nr,<,2,title.phonetic_code,>,0#4112732
movie_info,title#title.id=movie_info.movie_id#movie_info.info_type_id,<,103,title.season_nr,=,0#11028004
movie_info_idx,title#title.id=movie_info_idx.movie_id#movie_info_idx.info_type_id,=,101,title.kind_id,<,3#247566
movie_info_idx,movie_info,title#title.id=movie_info_idx.movie_id,title.id=movie_info.movie_id#movie_info_idx.info_type_id,<,101,title.series_years,<,1316#13481138
cast_info,movie_info,movie_companies,movie_info_idx,title#title.id=cast_info.movie_id,title.id=movie_info.movie_id,title.id=movie_companies.movie_id,title.id=movie_info_idx.movie_id#movie_info_idx.info_type_id,>,99,title.phonetic_code,>,20849#275992695
movie_info_idx,movie_companies,title#title.id=movie_info_idx.movie_id,title.id=movie_companies.movie_id#movie_info_idx.info_type_id,=,101,title.phonetic_code,<,1128#100018
movie_info,movie_companies,movie_info_idx,cast_info,title#title.id=movie_info.movie_id,title.id=movie_companies.movie_id,title.id=movie_info_idx.movie_id,title.id=cast_info.movie_id#movie_companies.company_type_id,<,2,title.imdb_index,>,0#338012150
cast_info,title#title.id=cast_info.movie_id#title.season_nr,=,2,title.kind_id,=,7#2562180
movie_info_idx,title#title.id=movie_info_idx.movie_id#title.phonetic_code,>,0,title.episode_nr,<,7328#1346032
cast_info,movie_keyword,title#title.id=cast_info.movie_id,title.id=movie_keyword.movie_id#cast_info.role_id,>,1,title.kind_id,>,1#31131074
movie_keyword,movie_companies,cast_info,title#title.id=movie_keyword.movie_id,title.id=movie_companies.movie_id,title.id=cast_info.movie_id#title.series_years,>,0,title.production_year,>,96#16687524
movie_info,movie_companies,title#title.id=movie_info.movie_id,title.id=movie_companies.movie_id#movie_companies.company_type_id,=,2,title.imdb_index,>,0#385287
cast_info,movie_info_idx,movie_companies,title#title.id=cast_info.movie_id,title.id=movie_info_idx.movie_id,title.id=movie_companies.movie_id#title.episode_nr,<,165,title.production_year,>,0#190598912
movie_info_idx,title#title.id=movie_info_idx.movie_id#title.phonetic_code,<,20692,title.season_nr,<,13#1319771
movie_info,movie_companies,cast_info,movie_info_idx,title#title.id=movie_info.movie_id,title.id=movie_companies.movie_id,title.id=cast_info.movie_id,title.id=movie_info_idx.movie_id#movie_companies.company_type_id,=,2,title.series_years,>,0#58621722
movie_keyword,movie_info,title#title.id=movie_keyword.movie_id,title.id=movie_info.movie_id#movie_info.info_type_id,<,106,title.episode_nr,>,0#6436897
movie_companies,movie_info,cast_info,title#title.id=movie_companies.movie_id,title.id=movie_info.movie_id,title.id=cast_info.movie_id#cast_info.nr_order,<,20,title.production_year,>,125#33104453
movie_info,movie_info_idx,movie_keyword,title#title.id=movie_info.movie_id,title.id=movie_info_idx.movie_id,title.id=movie_keyword.movie_id#movie_info_idx.info_type_id,>,99,title.season_nr,<,8#468471414
movie_keyword,title#title.id=movie_keyword.movie_id#movie_keyword.keyword_id,>,398,title.imdb_index,>,0#60676
movie_companies,movie_keyword,cast_info,movie_info_idx,title#title.id=movie_companies.movie_id,title.id=movie_keyword.movie_id,title.id=cast_info.movie_id,title.id=movie_info_idx.movie_id#cast_info.role_id,=,8,title.production_year,>,110#61917456
movie_info,title#title.id=movie_info.movie_id#movie_info.info_type_id,<,94,title.phonetic_code,<,3673#4391435
movie_keyword,title#title.id=movie_keyword.movie_id#movie_keyword.keyword_id,<,83243,title.imdb_index,=,0#4360977
movie_info,cast_info,title#title.id=movie_info.movie_id,title.id=cast_info.movie_id#title.episode_nr,>,0,title.series_years,>,0#3507
cast_info,title#title.id=cast_info.movie_id#title.episode_nr,<,194,title.phonetic_code,<,16543#27847553
movie_companies,title#title.id=movie_companies.movie_id#movie_companies.company_type_id,<,2,title.imdb_index,>,0#17258
movie_companies,cast_info,title#title.id=movie_companies.movie_id,title.id=cast_info.movie_id#title.series_years,>,0,title.imdb_index,<,2#2382532
movie_info_idx,cast_info,title#title.id=movie_info_idx.movie_id,title.id=cast_info.movie_id#cast_info.nr_order,>,1,title.series_years,>,0#220032
movie_companies,movie_keyword,title#title.id=movie_companies.movie_id,title.id=movie_keyword.movie_id#movie_companies.company_type_id,<,2,title.kind_id,<,7#25548231
movie_info,movie_info_idx,title#title.id=movie_info.movie_id,title.id=movie_info_idx.movie_id#title.imdb_index,=,0,title.season_nr,=,1#1189908
movie_info,movie_keyword,cast_info,movie_companies,title#title.id=movie_info.movie_id,title.id=movie_keyword.movie_id,title.id=cast_info.movie_id,title.id=movie_companies.movie_id#movie_companies.company_type_id,=,2,title.season_nr,=,1#288399706
movie_keyword,title#title.id=movie_keyword.movie_id#movie_keyword.keyword_id,>,335,title.season_nr,=,0#3541972
movie_keyword,movie_info,cast_info,title#title.id=movie_keyword.movie_id,title.id=movie_info.movie_id,title.id=cast_info.movie_id#movie_info.info_type_id,<,18,title.production_year,>,54#17221327827
movie_companies,movie_keyword,cast_info,title#title.id=movie_companies.movie_id,title.id=movie_keyword.movie_id,title.id=cast_info.movie_id#title.imdb_index,=,0,title.phonetic_code,<,19371#2817250528
movie_info,movie_keyword,movie_companies,title#title.id=movie_info.movie_id,title.id=movie_keyword.movie_id,title.id=movie_companies.movie_id#title.episode_nr,<,101,title.phonetic_code,<,20607#4683133600
movie_info,title#title.id=movie_info.movie_id#movie_info.info_type_id,<,81,title.production_year,>,14#13684759
movie_info_idx,title#title.id=movie_info_idx.movie_id#title.season_nr,<,15,title.phonetic_code,>,0#1334125
movie_info_idx,title#title.id=movie_info_idx.movie_id#movie_info_idx.info_type_id,=,100,title.season_nr,>,0#137332
title##title.season_nr,>,0,title.production_year,<,125#921242
movie_keyword,cast_info,movie_companies,movie_info_idx,title#title.id=movie_keyword.movie_id,title.id=cast_info.movie_id,title.id=movie_companies.movie_id,title.id=movie_info_idx.movie_id#movie_keyword.keyword_id,>,254,title.phonetic_code,>,0#8891739998
movie_companies,cast_info,title#title.id=movie_companies.movie_id,title.id=cast_info.movie_id#title.episode_nr,>,0,title.phonetic_code,>,0#18992094
cast_info,title#title.id=cast_info.movie_id#cast_info.nr_order,<,22,title.production_year,<,123#7039482
cast_info,title#title.id=cast_info.movie_id#title.kind_id,>,1,title.production_year,>,14#25478848
movie_info,movie_info_idx,movie_companies,cast_info,title#title.id=movie_info.movie_id,title.id=movie_info_idx.movie_id,title.id=movie_companies.movie_id,title.id=cast_info.movie_id#movie_info_idx.info_type_id,=,100,title.phonetic_code,<,17078#4714714025
movie_info,title#title.id=movie_info.movie_id#title.production_year,<,127,title.season_nr,>,0#3261955
cast_info,movie_info,movie_info_idx,title#title.id=cast_info.movie_id,title.id=movie_info.movie_id,title.id=movie_info_idx.movie_id#cast_info.nr_order,>,3,title.kind_id,>,1#71379381
title##title.series_years,>,0,title.kind_id,>,1#90875
movie_info_idx,movie_keyword,title#title.id=movie_info_idx.movie_id,title.id=movie_keyword.movie_id#movie_info_idx.info_type_id,<,101,title.imdb_index,=,0#6814868
cast_info,title#title.id=cast_info.movie_id#title.kind_id,<,7,title.season_nr,<,4#14824459
movie_info_idx,title#title.id=movie_info_idx.movie_id#title.imdb_index,=,0,title.phonetic_code,<,20800#1322818
movie_companies,title#title.id=movie_companies.movie_id#movie_companies.company_type_id,>,1,title.production_year,<,23#40528
movie_info,movie_info_idx,movie_keyword,movie_companies,title#title.id=movie_info.movie_id,title.id=movie_info_idx.movie_id,title.id=movie_keyword.movie_id,title.id=movie_companies.movie_id#movie_info_idx.info_type_id,<,101,title.phonetic_code,<,18273#8762379528
movie_keyword,movie_info_idx,title#title.id=movie_keyword.movie_id,title.id=movie_info_idx.movie_id#title.kind_id,<,7,title.phonetic_code,<,20856#9085862
cast_info,movie_info_idx,movie_keyword,title#title.id=cast_info.movie_id,title.id=movie_info_idx.movie_id,title.id=movie_keyword.movie_id#cast_info.role_id,>,1,title.series_years,>,0#5526624
cast_info,title#title.id=cast_info.movie_id#title.episode_nr,<,69,title.phonetic_code,<,10816#19614398
title##title.episode_nr,>,0,title.phonetic_code,<,19526#1055543
movie_companies,cast_info,title#title.id=movie_companies.movie_id,title.id=cast_info.movie_id#movie_companies.company_type_id,=,2,title.phonetic_code,>,20567#1183523
movie_info,title#title.id=movie_info.movie_id#title.series_years,>,0,title.imdb_index,<,1#765298
movie_keyword,cast_info,movie_companies,movie_info_idx,title#title.id=movie_keyword.movie_id,title.id=cast_info.movie_id,title.id=movie_companies.movie_id,title.id=movie_info_idx.movie_id#cast_info.nr_order,>,0,title.season_nr,<,1#3324320872
movie_info_idx,cast_info,movie_companies,title#title.id=movie_info_idx.movie_id,title.id=cast_info.movie_id,title.id=movie_companies.movie_id#movie_info_idx.info_type_id,>,99,title.episode_nr,>,0#26639994
movie_keyword,movie_info_idx,movie_info,movie_companies,title#title.id=movie_keyword.movie_id,title.id=movie_info_idx.movie_id,title.id=movie_info.movie_id,title.id=movie_companies.movie_id#movie_info_idx.info_type_id,=,101,title.series_years,>,0#79300143
movie_keyword,cast_info,movie_info,title#title.id=movie_keyword.movie_id,title.id=cast_info.movie_id,title.id=movie_info.movie_id#title.episode_nr,>,0,title.kind_id,=,7#297243995
cast_info,title#title.id=cast_info.movie_id#cast_info.role_id,<,10,title.kind_id,=,7#18344451
cast_info,movie_info,title#title.id=cast_info.movie_id,title.id=movie_info.movie_id#movie_info.info_type_id,>,2,title.episode_nr,<,16#397349739
cast_info,movie_companies,movie_keyword,title#title.id=cast_info.movie_id,title.id=movie_companies.movie_id,title.id=movie_keyword.movie_id#movie_companies.company_type_id,>,1,title.production_year,<,117#256117447
movie_keyword,movie_companies,title#title.id=movie_keyword.movie_id,title.id=movie_companies.movie_id#title.season_nr,>,0,title.production_year,>,65#1520411
cast_info,movie_companies,movie_info,title#title.id=cast_info.movie_id,title.id=movie_companies.movie_id,title.id=movie_info.movie_id#title.series_years,>,0,title.phonetic_code,<,22035#69459006
cast_info,title#title.id=cast_info.movie_id#cast_info.role_id,>,1,title.kind_id,<,7#9384375
movie_companies,cast_info,movie_info,movie_info_idx,title#title.id=movie_companies.movie_id,title.id=cast_info.movie_id,title.id=movie_info.movie_id,title.id=movie_info_idx.movie_id#movie_companies.company_type_id,=,1,title.series_years,>,0#137403552
movie_info_idx,cast_info,title#title.id=movie_info_idx.movie_id,title.id=cast_info.movie_id#movie_info_idx.info_type_id,=,101,title.series_years,>,0#498620
title##title.production_year,>,0,title.phonetic_code,<,13230#1813348
movie_info,cast_info,movie_keyword,title#title.id=movie_info.movie_id,title.id=cast_info.movie_id,title.id=movie_keyword.movie_id#movie_keyword.keyword_id,<,60811,title.series_years,>,0#124824140
movie_info_idx,movie_info,cast_info,title#title.id=movie_info_idx.movie_id,title.id=movie_info.movie_id,title.id=cast_info.movie_id#movie_info_idx.info_type_id,>,99,title.season_nr,>,0#101226388
movie_info_idx,cast_info,movie_info,movie_keyword,title#title.id=movie_info_idx.movie_id,title.id=cast_info.movie_id,title.id=movie_info.movie_id,title.id=movie_keyword.movie_id#cast_info.nr_order,>,1,title.episode_nr,>,0#273967470
movie_info,title#title.id=movie_info.movie_id#title.season_nr,<,2,title.kind_id,=,7#2131490
movie_companies,title#title.id=movie_companies.movie_id#movie_companies.company_type_id,>,1,title.phonetic_code,>,3117#995959
movie_info_idx,movie_info,movie_companies,movie_keyword,title#title.id=movie_info_idx.movie_id,title.id=movie_info.movie_id,title.id=movie_companies.movie_id,title.id=movie_keyword.movie_id#movie_companies.company_type_id,<,2,title.phonetic_code,<,19542#12149309577
cast_info,movie_info_idx,title#title.id=cast_info.movie_id,title.id=movie_info_idx.movie_id#cast_info.role_id,<,10,title.episode_nr,<,17#31138331
cast_info,title#title.id=cast_info.movie_id#title.season_nr,>,0,title.imdb_index,=,0#18854565
movie_info_idx,cast_info,movie_info,title#title.id=movie_info_idx.movie_id,title.id=cast_info.movie_id,title.id=movie_info.movie_id#cast_info.nr_order,>,0,title.phonetic_code,<,2784#83682632
cast_info,title#title.id=cast_info.movie_id#title.kind_id,=,1,title.season_nr,=,0#10396795
movie_companies,movie_info_idx,movie_keyword,cast_info,title#title.id=movie_companies.movie_id,title.id=movie_info_idx.movie_id,title.id=movie_keyword.movie_id,title.id=cast_info.movie_id#movie_keyword.keyword_id,<,86894,title.kind_id,>,1#575166945
movie_companies,title#title.id=movie_companies.movie_id#title.production_year,>,69,title.phonetic_code,<,19424#2032815
movie_companies,movie_keyword,cast_info,title#title.id=movie_companies.movie_id,title.id=movie_keyword.movie_id,title.id=cast_info.movie_id#movie_keyword.keyword_id,<,44060,title.phonetic_code,>,1740#2441646901
movie_companies,movie_info,cast_info,title#title.id=movie_companies.movie_id,title.id=movie_info.movie_id,title.id=cast_info.movie_id#movie_info.info_type_id,<,107,title.imdb_index,=,0#5093087812
movie_keyword,movie_companies,title#title.id=movie_keyword.movie_id,title.id=movie_companies.movie_id#movie_keyword.keyword_id,<,36091,title.kind_id,=,7#1401158
movie_keyword,title#title.id=movie_keyword.movie_id#movie_keyword.keyword_id,>,56,title.season_nr,=,0#3873902
movie_info_idx,title#title.id=movie_info_idx.movie_id#movie_info_idx.info_type_id,=,99,title.production_year,>,118#162856
movie_info,title#title.id=movie_info.movie_id#title.season_nr,<,24,title.kind_id,=,7#3898904
movie_companies,movie_info,movie_keyword,title#title.id=movie_companies.movie_id,title.id=movie_info.movie_id,title.id=movie_keyword.movie_id#movie_companies.company_type_id,<,2,title.episode_nr,<,22#4102673427
movie_info,title#title.id=movie_info.movie_id#movie_info.info_type_id,<,107,title.episode_nr,>,0#3301386
movie_keyword,cast_info,movie_info,title#title.id=movie_keyword.movie_id,title.id=cast_info.movie_id,title.id=movie_info.movie_id#movie_info.info_type_id,<,17,title.imdb_index,>,0#407036776
movie_info,title#title.id=movie_info.movie_id#title.production_year,>,76,title.episode_nr,>,0#2922074
movie_info,title#title.id=movie_info.movie_id#title.production_year,>,0,title.imdb_index,>,0#286806
movie_keyword,cast_info,title#title.id=movie_keyword.movie_id,title.id=cast_info.movie_id#movie_keyword.keyword_id,<,12320,title.phonetic_code,>,9009#79826980
cast_info,movie_info_idx,movie_companies,title#title.id=cast_info.movie_id,title.id=movie_info_idx.movie_id,title.id=movie_companies.movie_id#movie_info_idx.info_type_id,<,101,title.imdb_index,=,0#124055976
movie_keyword,movie_info,title#title.id=movie_keyword.movie_id,title.id=movie_info.movie_id#movie_info.info_type_id,<,17,title.season_nr,>,4#1186024
movie_info_idx,movie_keyword,movie_companies,cast_info,title#title.id=movie_info_idx.movie_id,title.id=movie_keyword.movie_id,title.id=movie_companies.movie_id,title.id=cast_info.movie_id#movie_info_idx.info_type_id,<,101,title.phonetic_code,>,16026#1561866020
title##title.production_year,>,13,title.imdb_index,>,0#25803
movie_info,movie_companies,movie_keyword,title#title.id=movie_info.movie_id,title.id=movie_companies.movie_id,title.id=movie_keyword.movie_id#title.season_nr,<,1,title.episode_nr,<,1703#4817921546
movie_keyword,movie_info,title#title.id=movie_keyword.movie_id,title.id=movie_info.movie_id#movie_keyword.keyword_id,>,156,title.production_year,>,124#11666308
title##title.imdb_index,>,0,title.kind_id,<,7#26270
movie_info,title#title.id=movie_info.movie_id#title.season_nr,>,0,title.episode_nr,>,0#3301555
movie_info_idx,movie_keyword,title#title.id=movie_info_idx.movie_id,title.id=movie_keyword.movie_id#movie_info_idx.info_type_id,>,99,title.kind_id,>,1#1916974
cast_info,movie_companies,movie_info,movie_keyword,title#title.id=cast_info.movie_id,title.id=movie_companies.movie_id,title.id=movie_info.movie_id,title.id=movie_keyword.movie_id#cast_info.role_id,=,10,title.kind_id,=,7#534227652
movie_keyword,movie_companies,title#title.id=movie_keyword.movie_id,title.id=movie_companies.movie_id#title.production_year,<,127,title.phonetic_code,>,0#34543258
movie_info_idx,title#title.id=movie_info_idx.movie_id#title.season_nr,>,0,title.phonetic_code,>,0#385353
movie_keyword,movie_info_idx,cast_info,movie_companies,title#title.id=movie_keyword.movie_id,title.id=movie_info_idx.movie_id,title.id=cast_info.movie_id,title.id=movie_companies.movie_id#title.phonetic_code,<,17790,title.imdb_index,=,0#8027830314
cast_info,movie_keyword,movie_info_idx,title#title.id=cast_info.movie_id,title.id=movie_keyword.movie_id,title.id=movie_info_idx.movie_id#cast_info.nr_order,<,1102,title.series_years,<,1347#237290847
cast_info,title#title.id=cast_info.movie_id#cast_info.nr_order,>,1,title.series_years,>,0#117154
cast_info,movie_info,movie_companies,title#title.id=cast_info.movie_id,title.id=movie_info.movie_id,title.id=movie_companies.movie_id#cast_info.role_id,>,1,title.phonetic_code,>,0#3887624356
cast_info,title#title.id=cast_info.movie_id#title.season_nr,<,2,title.imdb_index,=,0#26705783
movie_companies,cast_info,movie_keyword,movie_info_idx,title#title.id=movie_companies.movie_id,title.id=cast_info.movie_id,title.id=movie_keyword.movie_id,title.id=movie_info_idx.movie_id#movie_info_idx.info_type_id,<,101,title.series_years,>,0#37631928
movie_companies,movie_info,movie_info_idx,title#title.id=movie_companies.movie_id,title.id=movie_info.movie_id,title.id=movie_info_idx.movie_id#movie_info.info_type_id,>,1,title.phonetic_code,>,0#172474347
movie_companies,title#title.id=movie_companies.movie_id#movie_companies.company_type_id,>,1,title.kind_id,=,1#640620
movie_companies,title#title.id=movie_companies.movie_id#title.phonetic_code,>,0,title.episode_nr,>,0#573251
movie_info_idx,title#title.id=movie_info_idx.movie_id#movie_info_idx.info_type_id,=,101,title.episode_nr,>,7#75646
movie_info,movie_keyword,cast_info,movie_companies,title#title.id=movie_info.movie_id,title.id=movie_keyword.movie_id,title.id=cast_info.movie_id,title.id=movie_companies.movie_id#movie_info.info_type_id,<,64,title.season_nr,>,0#1624841748
movie_info_idx,movie_companies,title#title.id=movie_info_idx.movie_id,title.id=movie_companies.movie_id#movie_companies.company_type_id,<,2,title.series_years,>,0#173523
movie_info_idx,movie_companies,title#title.id=movie_info_idx.movie_id,title.id=movie_companies.movie_id#movie_companies.company_type_id,<,2,title.episode_nr,<,19#2246037
movie_info_idx,cast_info,title#title.id=movie_info_idx.movie_id,title.id=cast_info.movie_id#cast_info.nr_order,<,1002,title.production_year,>,108#7992640
movie_info,cast_info,movie_companies,title#title.id=movie_info.movie_id,title.id=cast_info.movie_id,title.id=movie_companies.movie_id#cast_info.nr_order,>,0,title.production_year,<,124#1792162122
cast_info,title#title.id=cast_info.movie_id#title.kind_id,=,7,title.series_years,>,0#1445
movie_info_idx,title#title.id=movie_info_idx.movie_id#title.imdb_index,=,0,title.episode_nr,>,0#410865
movie_info_idx,cast_info,movie_info,title#title.id=movie_info_idx.movie_id,title.id=cast_info.movie_id,title.id=movie_info.movie_id#cast_info.role_id,>,1,title.episode_nr,<,9#673206346
movie_info,title#title.id=movie_info.movie_id#title.phonetic_code,<,17088,title.production_year,<,127#12261159
movie_info_idx,movie_keyword,movie_info,title#title.id=movie_info_idx.movie_id,title.id=movie_keyword.movie_id,title.id=movie_info.movie_id#title.phonetic_code,>,0,title.kind_id,=,1#634241375
movie_info_idx,movie_keyword,movie_info,cast_info,title#title.id=movie_info_idx.movie_id,title.id=movie_keyword.movie_id,title.id=movie_info.movie_id,title.id=cast_info.movie_id#movie_info.info_type_id,>,2,title.series_years,>,0#352946406
movie_info_idx,movie_companies,cast_info,title#title.id=movie_info_idx.movie_id,title.id=movie_companies.movie_id,title.id=cast_info.movie_id#title.production_year,>,84,title.phonetic_code,<,5992#58343046
movie_info,title#title.id=movie_info.movie_id#movie_info.info_type_id,<,17,title.series_years,>,0#641257
cast_info,title#title.id=cast_info.movie_id#title.episode_nr,>,0,title.production_year,<,127#18379433
cast_info,title#title.id=cast_info.movie_id#title.season_nr,>,0,title.episode_nr,>,0#18829001
movie_keyword,title#title.id=movie_keyword.movie_id#title.series_years,>,0,title.production_year,>,0#183092
cast_info,movie_info_idx,movie_companies,movie_info,title#title.id=cast_info.movie_id,title.id=movie_info_idx.movie_id,title.id=movie_companies.movie_id,title.id=movie_info.movie_id#movie_info_idx.info_type_id,>,99,title.season_nr,=,10#4744050
cast_info,title#title.id=cast_info.movie_id#cast_info.nr_order,>,1,title.episode_nr,>,74#1036203
movie_info,movie_companies,title#title.id=movie_info.movie_id,title.id=movie_companies.movie_id#title.phonetic_code,>,0,title.season_nr,>,0#5598382
cast_info,movie_info,title#title.id=cast_info.movie_id,title.id=movie_info.movie_id#title.season_nr,>,0,title.episode_nr,>,0#85162359
movie_keyword,movie_info_idx,movie_companies,cast_info,title#title.id=movie_keyword.movie_id,title.id=movie_info_idx.movie_id,title.id=movie_companies.movie_id,title.id=cast_info.movie_id#cast_info.role_id,>,1,title.phonetic_code,>,71#6211811754
movie_companies,title#title.id=movie_companies.movie_id#movie_companies.company_type_id,>,1,title.phonetic_code,<,1205#161861
movie_info_idx,cast_info,title#title.id=movie_info_idx.movie_id,title.id=cast_info.movie_id#cast_info.nr_order,<,33,title.season_nr,>,0#4879992
movie_keyword,movie_info,title#title.id=movie_keyword.movie_id,title.id=movie_info.movie_id#movie_keyword.keyword_id,>,347,title.phonetic_code,<,218#3983985
movie_info_idx,title#title.id=movie_info_idx.movie_id#title.kind_id,<,7,title.phonetic_code,>,0#952768
cast_info,movie_keyword,movie_info_idx,title#title.id=cast_info.movie_id,title.id=movie_keyword.movie_id,title.id=movie_info_idx.movie_id#movie_info_idx.info_type_id,>,99,title.series_years,>,0#5248534
movie_keyword,movie_companies,title#title.id=movie_keyword.movie_id,title.id=movie_companies.movie_id#movie_companies.company_type_id,=,1,title.season_nr,=,0#25563289
movie_keyword,cast_info,title#title.id=movie_keyword.movie_id,title.id=cast_info.movie_id#movie_keyword.keyword_id,<,31177,title.imdb_index,>,0#3971034
movie_keyword,movie_info_idx,title#title.id=movie_keyword.movie_id,title.id=movie_info_idx.movie_id#movie_keyword.keyword_id,>,103,title.series_years,>,0#395541
movie_info_idx,movie_companies,cast_info,movie_keyword,title#title.id=movie_info_idx.movie_id,title.id=movie_companies.movie_id,title.id=cast_info.movie_id,title.id=movie_keyword.movie_id#movie_companies.company_type_id,=,1,title.episode_nr,>,2#104178858
movie_info,cast_info,movie_keyword,title#title.id=movie_info.movie_id,title.id=cast_info.movie_id,title.id=movie_keyword.movie_id#movie_info.info_type_id,>,1,title.imdb_index,>,1#26994054
movie_keyword,title#title.id=movie_keyword.movie_id#movie_keyword.keyword_id,>,56,title.production_year,<,114#2409740
movie_keyword,movie_info_idx,title#title.id=movie_keyword.movie_id,title.id=movie_info_idx.movie_id#title.production_year,<,125,title.imdb_index,>,0#139032
title##title.imdb_index,>,0,title.phonetic_code,<,20343#25222
movie_companies,movie_keyword,title#title.id=movie_companies.movie_id,title.id=movie_keyword.movie_id#movie_companies.company_type_id,<,2,title.production_year,<,122#21112840
movie_info,movie_companies,title#title.id=movie_info.movie_id,title.id=movie_companies.movie_id#movie_info.info_type_id,<,106,title.phonetic_code,<,14703#42697321
movie_info_idx,movie_companies,title#title.id=movie_info_idx.movie_id,title.id=movie_companies.movie_id#title.episode_nr,<,13,title.production_year,>,69#3363663
movie_info,movie_keyword,cast_info,title#title.id=movie_info.movie_id,title.id=movie_keyword.movie_id,title.id=cast_info.movie_id#title.imdb_index,=,0,title.kind_id,=,7#303321041
movie_keyword,cast_info,title#title.id=movie_keyword.movie_id,title.id=cast_info.movie_id#cast_info.nr_order,<,100,title.season_nr,=,0#73372788
movie_companies,movie_info_idx,movie_info,title#title.id=movie_companies.movie_id,title.id=movie_info_idx.movie_id,title.id=movie_info.movie_id#movie_info.info_type_id,<,17,title.production_year,>,125#4038592
movie_info_idx,title#title.id=movie_info_idx.movie_id#title.phonetic_code,<,22816,title.kind_id,>,1#748377
movie_info,title#title.id=movie_info.movie_id#movie_info.info_type_id,<,98,title.imdb_index,=,0#13699760
movie_companies,title#title.id=movie_companies.movie_id#title.series_years,>,0,title.production_year,>,27#193966
movie_info_idx,title#title.id=movie_info_idx.movie_id#movie_info_idx.info_type_id,<,101,title.series_years,>,0#75370
movie_info,cast_info,title#title.id=movie_info.movie_id,title.id=cast_info.movie_id#movie_info.info_type_id,>,1,title.production_year,<,89#70273575
movie_info,movie_keyword,title#title.id=movie_info.movie_id,title.id=movie_keyword.movie_id#movie_keyword.keyword_id,>,676,title.phonetic_code,>,18285#18412657
movie_info_idx,cast_info,title#title.id=movie_info_idx.movie_id,title.id=cast_info.movie_id#cast_info.role_id,=,3,title.imdb_index,<,2#4555697
cast_info,movie_keyword,title#title.id=cast_info.movie_id,title.id=movie_keyword.movie_id#movie_keyword.keyword_id,<,90239,title.phonetic_code,>,13326#73425201
movie_companies,movie_info,title#title.id=movie_companies.movie_id,title.id=movie_info.movie_id#movie_info.info_type_id,>,3,title.production_year,>,112#31084745
movie_info_idx,movie_keyword,cast_info,movie_companies,title#title.id=movie_info_idx.movie_id,title.id=movie_keyword.movie_id,title.id=cast_info.movie_id,title.id=movie_companies.movie_id#movie_info_idx.info_type_id,<,101,title.season_nr,>,0#151466056
movie_info,cast_info,title#title.id=movie_info.movie_id,title.id=cast_info.movie_id#cast_info.nr_order,<,101,title.phonetic_code,<,15669#115168684
movie_companies,title#title.id=movie_companies.movie_id#title.phonetic_code,>,0,title.imdb_index,>,0#36947
movie_keyword,title#title.id=movie_keyword.movie_id#movie_keyword.keyword_id,<,81952,title.series_years,>,0#183226
movie_keyword,movie_info_idx,title#title.id=movie_keyword.movie_id,title.id=movie_info_idx.movie_id#movie_keyword.keyword_id,<,42033,title.production_year,>,91#6811477
movie_keyword,movie_info_idx,movie_companies,movie_info,title#title.id=movie_keyword.movie_id,title.id=movie_info_idx.movie_id,title.id=movie_companies.movie_id,title.id=movie_info.movie_id#movie_info_idx.info_type_id,>,100,title.kind_id,<,7#5411822333
movie_info_idx,movie_info,cast_info,title#title.id=movie_info_idx.movie_id,title.id=movie_info.movie_id,title.id=cast_info.movie_id#movie_info_idx.info_type_id,=,101,title.season_nr,=,0#317665742
movie_companies,movie_keyword,title#title.id=movie_companies.movie_id,title.id=movie_keyword.movie_id#movie_companies.company_type_id,<,2,title.kind_id,<,7#25548231
movie_info,title#title.id=movie_info.movie_id#movie_info.info_type_id,>,3,title.phonetic_code,>,3024#7960059
title##title.kind_id,>,1,title.imdb_index,>,0#1722
movie_info_idx,movie_info,title#title.id=movie_info_idx.movie_id,title.id=movie_info.movie_id#movie_info_idx.info_type_id,<,101,title.production_year,<,122#11156948
movie_keyword,movie_companies,movie_info,title#title.id=movie_keyword.movie_id,title.id=movie_companies.movie_id,title.id=movie_info.movie_id#movie_keyword.keyword_id,<,42677,title.season_nr,=,0#4335902330
title##title.kind_id,>,1,title.episode_nr,<,316#1789613
movie_companies,movie_info_idx,cast_info,title#title.id=movie_companies.movie_id,title.id=movie_info_idx.movie_id,title.id=cast_info.movie_id#movie_companies.company_type_id,=,2,title.season_nr,<,1#48876093
movie_keyword,movie_info,title#title.id=movie_keyword.movie_id,title.id=movie_info.movie_id#movie_info.info_type_id,<,71,title.series_years,>,0#5219802
cast_info,movie_info,movie_keyword,movie_companies,title#title.id=cast_info.movie_id,title.id=movie_info.movie_id,title.id=movie_keyword.movie_id,title.id=movie_companies.movie_id#title.production_year,>,29,title.season_nr,=,1#877278133
movie_keyword,title#title.id=movie_keyword.movie_id#title.kind_id,<,7,title.series_years,<,823#3720450
movie_companies,cast_info,movie_info_idx,movie_keyword,title#title.id=movie_companies.movie_id,title.id=cast_info.movie_id,title.id=movie_info_idx.movie_id,title.id=movie_keyword.movie_id#cast_info.role_id,=,1,title.kind_id,<,7#3085907752
movie_info_idx,title#title.id=movie_info_idx.movie_id#movie_info_idx.info_type_id,>,99,title.phonetic_code,<,11522#524789
movie_keyword,title#title.id=movie_keyword.movie_id#title.episode_nr,>,0,title.kind_id,=,7#590773
movie_keyword,movie_companies,movie_info_idx,title#title.id=movie_keyword.movie_id,title.id=movie_companies.movie_id,title.id=movie_info_idx.movie_id#movie_keyword.keyword_id,<,116226,title.imdb_index,=,0#98081247
movie_companies,title#title.id=movie_companies.movie_id#movie_companies.company_type_id,>,1,title.imdb_index,>,0#19842
movie_info,movie_companies,cast_info,title#title.id=movie_info.movie_id,title.id=movie_companies.movie_id,title.id=cast_info.movie_id#movie_companies.company_type_id,=,2,title.episode_nr,>,0#109051774
movie_info,movie_info_idx,title#title.id=movie_info.movie_id,title.id=movie_info_idx.movie_id#movie_info.info_type_id,>,1,title.episode_nr,<,34#19800550
movie_info,movie_keyword,movie_companies,movie_info_idx,title#title.id=movie_info.movie_id,title.id=movie_keyword.movie_id,title.id=movie_companies.movie_id,title.id=movie_info_idx.movie_id#movie_keyword.keyword_id,>,117,title.episode_nr,>,0#82610562
cast_info,movie_info_idx,title#title.id=cast_info.movie_id,title.id=movie_info_idx.movie_id#cast_info.nr_order,>,2,title.series_years,>,0#198768
movie_info_idx,cast_info,movie_keyword,movie_info,title#title.id=movie_info_idx.movie_id,title.id=cast_info.movie_id,title.id=movie_keyword.movie_id,title.id=movie_info.movie_id#cast_info.role_id,=,4,title.production_year,>,82#1586769161
movie_keyword,movie_info,title#title.id=movie_keyword.movie_id,title.id=movie_info.movie_id#movie_keyword.keyword_id,>,348,title.episode_nr,>,0#5954680
movie_companies,movie_info_idx,title#title.id=movie_companies.movie_id,title.id=movie_info_idx.movie_id#movie_companies.company_type_id,>,1,title.episode_nr,>,0#424698
movie_companies,movie_keyword,title#title.id=movie_companies.movie_id,title.id=movie_keyword.movie_id#movie_keyword.keyword_id,<,101334,title.kind_id,>,1#4891120
movie_info_idx,movie_keyword,movie_companies,movie_info,title#title.id=movie_info_idx.movie_id,title.id=movie_keyword.movie_id,title.id=movie_companies.movie_id,title.id=movie_info.movie_id#title.kind_id,>,1,title.season_nr,<,6#477680493
cast_info,movie_info_idx,title#title.id=cast_info.movie_id,title.id=movie_info_idx.movie_id#movie_info_idx.info_type_id,<,100,title.phonetic_code,<,14718#9620937
movie_info_idx,movie_companies,title#title.id=movie_info_idx.movie_id,title.id=movie_companies.movie_id#movie_info_idx.info_type_id,=,100,title.episode_nr,>,0#292460
movie_info,movie_info_idx,title#title.id=movie_info.movie_id,title.id=movie_info_idx.movie_id#movie_info.info_type_id,<,105,title.phonetic_code,>,0#19642965
movie_info,movie_info_idx,title#title.id=movie_info.movie_id,title.id=movie_info_idx.movie_id#title.episode_nr,>,0,title.production_year,<,127#3521565
cast_info,title#title.id=cast_info.movie_id#title.phonetic_code,>,0,title.episode_nr,<,130#28240150
cast_info,movie_companies,title#title.id=cast_info.movie_id,title.id=movie_companies.movie_id#cast_info.role_id,<,11,title.season_nr,=,0#58626316
movie_companies,movie_keyword,title#title.id=movie_companies.movie_id,title.id=movie_keyword.movie_id#movie_companies.company_type_id,<,2,title.series_years,>,0#652691
movie_info_idx,title#title.id=movie_info_idx.movie_id#title.production_year,<,124,title.phonetic_code,<,16936#964106
movie_info_idx,movie_info,title#title.id=movie_info_idx.movie_id,title.id=movie_info.movie_id#movie_info_idx.info_type_id,<,101,title.phonetic_code,<,6505#5140796
movie_keyword,movie_companies,title#title.id=movie_keyword.movie_id,title.id=movie_companies.movie_id#movie_keyword.keyword_id,>,245,title.phonetic_code,<,19371#30753242
movie_info_idx,movie_info,movie_companies,movie_keyword,title#title.id=movie_info_idx.movie_id,title.id=movie_info.movie_id,title.id=movie_companies.movie_id,title.id=movie_keyword.movie_id#movie_companies.company_type_id,>,1,title.series_years,<,1317#2243930987
movie_companies,movie_keyword,title#title.id=movie_companies.movie_id,title.id=movie_keyword.movie_id#movie_companies.company_type_id,<,2,title.episode_nr,<,5#25882874
movie_info,title#title.id=movie_info.movie_id#movie_info.info_type_id,<,94,title.episode_nr,>,0#3163421
movie_info_idx,cast_info,movie_companies,title#title.id=movie_info_idx.movie_id,title.id=cast_info.movie_id,title.id=movie_companies.movie_id#movie_companies.company_type_id,=,2,title.production_year,<,123#51568545
cast_info,movie_info_idx,movie_keyword,movie_companies,title#title.id=cast_info.movie_id,title.id=movie_info_idx.movie_id,title.id=movie_keyword.movie_id,title.id=movie_companies.movie_id#cast_info.role_id,=,1,title.phonetic_code,>,0#3128518098
movie_companies,cast_info,movie_keyword,movie_info,title#title.id=movie_companies.movie_id,title.id=cast_info.movie_id,title.id=movie_keyword.movie_id,title.id=movie_info.movie_id#title.imdb_index,>,0,title.series_years,>,0#5199193
movie_info,movie_keyword,movie_info_idx,title#title.id=movie_info.movie_id,title.id=movie_keyword.movie_id,title.id=movie_info_idx.movie_id#movie_info.info_type_id,>,2,title.series_years,>,0#15566337
movie_info_idx,movie_keyword,title#title.id=movie_info_idx.movie_id,title.id=movie_keyword.movie_id#title.season_nr,=,0,title.kind_id,>,1#1787973
movie_companies,movie_info,movie_info_idx,title#title.id=movie_companies.movie_id,title.id=movie_info.movie_id,title.id=movie_info_idx.movie_id#movie_info.info_type_id,>,2,title.series_years,<,1324#166561555
cast_info,title#title.id=cast_info.movie_id#cast_info.nr_order,>,0,title.episode_nr,>,2#5189201
movie_companies,movie_info,movie_info_idx,title#title.id=movie_companies.movie_id,title.id=movie_info.movie_id,title.id=movie_info_idx.movie_id#title.kind_id,<,7,title.production_year,<,126#159997610
movie_keyword,movie_info_idx,movie_companies,cast_info,title#title.id=movie_keyword.movie_id,title.id=movie_info_idx.movie_id,title.id=movie_companies.movie_id,title.id=cast_info.movie_id#movie_info_idx.info_type_id,=,100,title.episode_nr,<,56#3074467641
movie_info_idx,title#title.id=movie_info_idx.movie_id#title.series_years,<,1374,title.imdb_index,=,0#1328167
movie_keyword,title#title.id=movie_keyword.movie_id#movie_keyword.keyword_id,>,335,title.phonetic_code,>,12504#1526445
title##title.season_nr,=,2,title.episode_nr,>,0#155596
cast_info,title#title.id=cast_info.movie_id#cast_info.role_id,>,1,title.imdb_index,=,0#23304624
movie_info_idx,cast_info,title#title.id=movie_info_idx.movie_id,title.id=cast_info.movie_id#cast_info.role_id,<,10,title.season_nr,>,0#11481216
movie_info,title#title.id=movie_info.movie_id#movie_info.info_type_id,<,62,title.episode_nr,>,0#3161856
movie_companies,title#title.id=movie_companies.movie_id#movie_companies.company_type_id,=,2,title.series_years,>,0#98272
cast_info,movie_companies,movie_keyword,title#title.id=cast_info.movie_id,title.id=movie_companies.movie_id,title.id=movie_keyword.movie_id#movie_keyword.keyword_id,<,92037,title.episode_nr,>,0#79393316
movie_info,title#title.id=movie_info.movie_id#movie_info.info_type_id,>,4,title.series_years,<,1387#9832904
cast_info,title#title.id=cast_info.movie_id#cast_info.nr_order,<,24,title.season_nr,=,0#4000778
movie_keyword,title#title.id=movie_keyword.movie_id#movie_keyword.keyword_id,>,359,title.phonetic_code,<,7306#1699238
movie_info_idx,title#title.id=movie_info_idx.movie_id#title.season_nr,<,8,title.imdb_index,>,0#17836
cast_info,movie_keyword,movie_info_idx,movie_info,title#title.id=cast_info.movie_id,title.id=movie_keyword.movie_id,title.id=movie_info_idx.movie_id,title.id=movie_info.movie_id#movie_keyword.keyword_id,>,1578,title.episode_nr,>,0#650844141
movie_info_idx,movie_companies,title#title.id=movie_info_idx.movie_id,title.id=movie_companies.movie_id#movie_companies.company_type_id,=,1,title.episode_nr,>,6#277875
movie_info,title#title.id=movie_info.movie_id#movie_info.info_type_id,>,1,title.imdb_index,>,0#267960
title##title.series_years,>,0,title.season_nr,=,0#90787
movie_info,movie_keyword,movie_info_idx,title#title.id=movie_info.movie_id,title.id=movie_keyword.movie_id,title.id=movie_info_idx.movie_id#movie_info_idx.info_type_id,<,101,title.kind_id,=,7#10794582
cast_info,title#title.id=cast_info.movie_id#title.imdb_index,>,0,title.production_year,<,124#180662
movie_keyword,movie_info,movie_companies,title#title.id=movie_keyword.movie_id,title.id=movie_info.movie_id,title.id=movie_companies.movie_id#movie_info.info_type_id,>,2,title.episode_nr,>,47#109308
cast_info,title#title.id=cast_info.movie_id#cast_info.nr_order,<,100,title.series_years,>,0#135459
cast_info,title#title.id=cast_info.movie_id#title.season_nr,<,25,title.production_year,<,126#32587903
cast_info,movie_keyword,title#title.id=cast_info.movie_id,title.id=movie_keyword.movie_id#movie_keyword.keyword_id,<,65045,title.imdb_index,>,0#4340716
movie_companies,movie_info_idx,title#title.id=movie_companies.movie_id,title.id=movie_info_idx.movie_id#movie_companies.company_type_id,<,2,title.kind_id,=,1#1419114
movie_info_idx,movie_info,title#title.id=movie_info_idx.movie_id,title.id=movie_info.movie_id#movie_info.info_type_id,<,18,title.season_nr,<,1#13829136
cast_info,title#title.id=cast_info.movie_id#title.season_nr,<,2,title.kind_id,<,7#14824459
movie_companies,title#title.id=movie_companies.movie_id#title.episode_nr,<,42,title.phonetic_code,<,16906#2061804
movie_companies,cast_info,title#title.id=movie_companies.movie_id,title.id=cast_info.movie_id#title.imdb_index,=,0,title.phonetic_code,>,0#76464300
movie_companies,cast_info,movie_info,movie_info_idx,title#title.id=movie_companies.movie_id,title.id=cast_info.movie_id,title.id=movie_info.movie_id,title.id=movie_info_idx.movie_id#movie_companies.company_type_id,<,2,title.production_year,>,105#11207753072
movie_companies,title#title.id=movie_companies.movie_id#movie_companies.company_type_id,=,1,title.series_years,>,0#95975
movie_companies,movie_info,movie_keyword,title#title.id=movie_companies.movie_id,title.id=movie_info.movie_id,title.id=movie_keyword.movie_id#title.phonetic_code,>,0,title.kind_id,=,7#29331592
movie_info,movie_info_idx,movie_companies,cast_info,title#title.id=movie_info.movie_id,title.id=movie_info_idx.movie_id,title.id=movie_companies.movie_id,title.id=cast_info.movie_id#movie_info.info_type_id,<,17,title.production_year,>,77#9910521753
movie_companies,cast_info,title#title.id=movie_companies.movie_id,title.id=cast_info.movie_id#cast_info.role_id,>,1,title.phonetic_code,>,0#51305448
title##title.phonetic_code,<,8487,title.kind_id,=,7#1081769
movie_companies,movie_info,movie_info_idx,title#title.id=movie_companies.movie_id,title.id=movie_info.movie_id,title.id=movie_info_idx.movie_id#movie_info_idx.info_type_id,=,101,title.episode_nr,<,8#55714777
movie_info_idx,title#title.id=movie_info_idx.movie_id#title.episode_nr,<,48,title.kind_id,=,1#629900
movie_info,cast_info,title#title.id=movie_info.movie_id,title.id=cast_info.movie_id#title.episode_nr,<,24,title.series_years,>,0#10559215
movie_info_idx,movie_info,movie_keyword,title#title.id=movie_info_idx.movie_id,title.id=movie_info.movie_id,title.id=movie_keyword.movie_id#movie_info.info_type_id,<,15,title.season_nr,=,0#234454295
movie_info,title#title.id=movie_info.movie_id#title.imdb_index,<,7,title.kind_id,>,1#6534671
title##title.phonetic_code,<,23000,title.kind_id,<,7#982788
movie_info,movie_keyword,title#title.id=movie_info.movie_id,title.id=movie_keyword.movie_id#movie_info.info_type_id,<,89,title.kind_id,=,1#170751692
cast_info,title#title.id=cast_info.movie_id#cast_info.role_id,<,10,title.kind_id,=,7#18344451
movie_companies,movie_info_idx,movie_keyword,title#title.id=movie_companies.movie_id,title.id=movie_info_idx.movie_id,title.id=movie_keyword.movie_id#movie_companies.company_type_id,=,2,title.production_year,<,86#3108214
movie_info,cast_info,title#title.id=movie_info.movie_id,title.id=cast_info.movie_id#title.kind_id,=,7,title.phonetic_code,<,20336#86627093
movie_keyword,movie_info_idx,title#title.id=movie_keyword.movie_id,title.id=movie_info_idx.movie_id#title.phonetic_code,<,22155,title.episode_nr,>,0#1078602
movie_keyword,movie_companies,cast_info,movie_info_idx,title#title.id=movie_keyword.movie_id,title.id=movie_companies.movie_id,title.id=cast_info.movie_id,title.id=movie_info_idx.movie_id#movie_keyword.keyword_id,>,83,title.phonetic_code,>,14515#2893061789
movie_info,cast_info,title#title.id=movie_info.movie_id,title.id=cast_info.movie_id#title.kind_id,=,2,title.season_nr,<,12#10556210
cast_info,movie_keyword,title#title.id=cast_info.movie_id,title.id=movie_keyword.movie_id#movie_keyword.keyword_id,>,56,title.phonetic_code,>,10256#105473167
movie_info_idx,movie_companies,cast_info,title#title.id=movie_info_idx.movie_id,title.id=movie_companies.movie_id,title.id=cast_info.movie_id#cast_info.role_id,<,10,title.season_nr,<,2#121977405
movie_companies,movie_info_idx,movie_keyword,movie_info,title#title.id=movie_companies.movie_id,title.id=movie_info_idx.movie_id,title.id=movie_keyword.movie_id,title.id=movie_info.movie_id#movie_keyword.keyword_id,<,16503,title.kind_id,>,1#381966672
movie_info_idx,movie_keyword,title#title.id=movie_info_idx.movie_id,title.id=movie_keyword.movie_id#movie_info_idx.info_type_id,=,101,title.series_years,<,1397#3454220
cast_info,movie_info_idx,title#title.id=cast_info.movie_id,title.id=movie_info_idx.movie_id#cast_info.role_id,<,10,title.production_year,>,93#26382765
movie_info_idx,cast_info,movie_info,movie_keyword,title#title.id=movie_info_idx.movie_id,title.id=cast_info.movie_id,title.id=movie_info.movie_id,title.id=movie_keyword.movie_id#movie_keyword.keyword_id,<,71744,title.episode_nr,>,0#821711082
title##title.episode_nr,>,0,title.phonetic_code,>,0#711394
movie_info_idx,movie_info,movie_keyword,movie_companies,title#title.id=movie_info_idx.movie_id,title.id=movie_info.movie_id,title.id=movie_keyword.movie_id,title.id=movie_companies.movie_id#movie_info.info_type_id,>,3,title.kind_id,>,1#442852248
movie_keyword,title#title.id=movie_keyword.movie_id#title.series_years,>,0,title.phonetic_code,>,0#182836
movie_companies,movie_info_idx,title#title.id=movie_companies.movie_id,title.id=movie_info_idx.movie_id#movie_companies.company_type_id,=,1,title.imdb_index,=,0#2286220
cast_info,title#title.id=cast_info.movie_id#cast_info.role_id,=,9,title.phonetic_code,>,16284#241711
movie_keyword,title#title.id=movie_keyword.movie_id#title.episode_nr,<,13,title.phonetic_code,>,0#4243663
cast_info,movie_companies,movie_keyword,movie_info,title#title.id=cast_info.movie_id,title.id=movie_companies.movie_id,title.id=movie_keyword.movie_id,title.id=movie_info.movie_id#movie_companies.company_type_id,=,2,title.episode_nr,>,20#39339433
movie_info,title#title.id=movie_info.movie_id#title.production_year,>,30,title.kind_id,>,1#6505057
movie_info_idx,movie_companies,title#title.id=movie_info_idx.movie_id,title.id=movie_companies.movie_id#title.kind_id,>,1,title.season_nr,<,2#1182753
movie_info_idx,movie_keyword,movie_info,title#title.id=movie_info_idx.movie_id,title.id=movie_keyword.movie_id,title.id=movie_info.movie_id#movie_info_idx.info_type_id,<,101,title.production_year,<,126#443831172
movie_keyword,title#title.id=movie_keyword.movie_id#title.episode_nr,<,8,title.series_years,>,0#183225
movie_info_idx,movie_keyword,cast_info,title#title.id=movie_info_idx.movie_id,title.id=movie_keyword.movie_id,title.id=cast_info.movie_id#movie_info_idx.info_type_id,>,99,title.phonetic_code,>,10367#198484307
movie_companies,cast_info,title#title.id=movie_companies.movie_id,title.id=cast_info.movie_id#title.season_nr,=,1,title.episode_nr,<,27#7435695
movie_info,movie_keyword,title#title.id=movie_info.movie_id,title.id=movie_keyword.movie_id#title.episode_nr,<,16,title.series_years,<,1336#232430286
movie_info_idx,movie_info,title#title.id=movie_info_idx.movie_id,title.id=movie_info.movie_id#movie_info_idx.info_type_id,<,101,title.production_year,>,118#4442876
movie_info,cast_info,movie_companies,movie_keyword,title#title.id=movie_info.movie_id,title.id=cast_info.movie_id,title.id=movie_companies.movie_id,title.id=movie_keyword.movie_id#cast_info.nr_order,>,1,title.imdb_index,>,0#5009845473
movie_companies,cast_info,title#title.id=movie_companies.movie_id,title.id=cast_info.movie_id#cast_info.nr_order,<,24,title.phonetic_code,<,18960#20078798
movie_info_idx,movie_companies,title#title.id=movie_info_idx.movie_id,title.id=movie_companies.movie_id#title.imdb_index,>,0,title.phonetic_code,>,0#57470
movie_info_idx,cast_info,movie_companies,movie_info,title#title.id=movie_info_idx.movie_id,title.id=cast_info.movie_id,title.id=movie_companies.movie_id,title.id=movie_info.movie_id#movie_info_idx.info_type_id,>,99,title.series_years,>,0#130683516
cast_info,movie_info_idx,movie_keyword,title#title.id=cast_info.movie_id,title.id=movie_info_idx.movie_id,title.id=movie_keyword.movie_id#title.phonetic_code,<,18103,title.imdb_index,=,0#529457511
movie_companies,title#title.id=movie_companies.movie_id#title.episode_nr,<,6,title.production_year,<,125#1902076
movie_info,movie_keyword,movie_companies,title#title.id=movie_info.movie_id,title.id=movie_keyword.movie_id,title.id=movie_companies.movie_id#movie_info.info_type_id,>,1,title.phonetic_code,>,11627#1994862353
movie_info,cast_info,title#title.id=movie_info.movie_id,title.id=cast_info.movie_id#cast_info.role_id,=,1,title.episode_nr,>,14#9966320
movie_info,movie_companies,title#title.id=movie_info.movie_id,title.id=movie_companies.movie_id#movie_info.info_type_id,<,94,title.season_nr,>,2#2446615
movie_companies,movie_keyword,movie_info_idx,cast_info,title#title.id=movie_companies.movie_id,title.id=movie_keyword.movie_id,title.id=movie_info_idx.movie_id,title.id=cast_info.movie_id#cast_info.role_id,=,1,title.episode_nr,>,2#42961767
movie_keyword,title#title.id=movie_keyword.movie_id#movie_keyword.keyword_id,<,76726,title.kind_id,>,4#727256
movie_keyword,movie_companies,title#title.id=movie_keyword.movie_id,title.id=movie_companies.movie_id#movie_companies.company_type_id,<,2,title.imdb_index,>,0#605898
movie_companies,title#title.id=movie_companies.movie_id#title.production_year,<,126,title.episode_nr,<,594#2422371
cast_info,movie_companies,title#title.id=cast_info.movie_id,title.id=movie_companies.movie_id#movie_companies.company_type_id,=,1,title.episode_nr,>,11#4260878
cast_info,movie_info_idx,movie_companies,title#title.id=cast_info.movie_id,title.id=movie_info_idx.movie_id,title.id=movie_companies.movie_id#movie_info_idx.info_type_id,>,99,title.production_year,>,0#127552916
movie_info,movie_keyword,movie_companies,movie_info_idx,title#title.id=movie_info.movie_id,title.id=movie_keyword.movie_id,title.id=movie_companies.movie_id,title.id=movie_info_idx.movie_id#movie_companies.company_type_id,>,1,title.phonetic_code,>,3914#1638296996
movie_info_idx,movie_info,title#title.id=movie_info_idx.movie_id,title.id=movie_info.movie_id#movie_info.info_type_id,>,2,title.episode_nr,>,13#1005516
movie_info_idx,title#title.id=movie_info_idx.movie_id#movie_info_idx.info_type_id,<,101,title.phonetic_code,<,15598#662112
movie_info_idx,movie_info,cast_info,movie_companies,title#title.id=movie_info_idx.movie_id,title.id=movie_info.movie_id,title.id=cast_info.movie_id,title.id=movie_companies.movie_id#movie_info_idx.info_type_id,=,99,title.kind_id,=,1#5240822686
movie_info,title#title.id=movie_info.movie_id#title.season_nr,<,8,title.production_year,<,124#12080736
movie_info_idx,cast_info,title#title.id=movie_info_idx.movie_id,title.id=cast_info.movie_id#movie_info_idx.info_type_id,=,101,title.season_nr,=,2#861218
cast_info,movie_info_idx,title#title.id=cast_info.movie_id,title.id=movie_info_idx.movie_id#movie_info_idx.info_type_id,<,101,title.kind_id,=,1#12405508
movie_companies,movie_info,movie_info_idx,movie_keyword,title#title.id=movie_companies.movie_id,title.id=movie_info.movie_id,title.id=movie_info_idx.movie_id,title.id=movie_keyword.movie_id#movie_info_idx.info_type_id,=,99,title.episode_nr,>,0#28305567
movie_info,title#title.id=movie_info.movie_id#movie_info.info_type_id,>,2,title.series_years,>,0#630878
movie_info_idx,title#title.id=movie_info_idx.movie_id#title.production_year,>,86,title.series_years,>,0#103542
movie_keyword,movie_info_idx,title#title.id=movie_keyword.movie_id,title.id=movie_info_idx.movie_id#movie_info_idx.info_type_id,>,99,title.episode_nr,<,16#6832346
movie_info_idx,title#title.id=movie_info_idx.movie_id#title.kind_id,>,1,title.production_year,<,127#739788
cast_info,movie_info_idx,title#title.id=cast_info.movie_id,title.id=movie_info_idx.movie_id#title.imdb_index,>,0,title.production_year,<,126#431590
movie_info,title#title.id=movie_info.movie_id#title.imdb_index,=,0,title.production_year,<,127#14267774
movie_keyword,title#title.id=movie_keyword.movie_id#title.production_year,<,125,title.phonetic_code,<,12227#2590202
movie_info_idx,movie_companies,cast_info,title#title.id=movie_info_idx.movie_id,title.id=movie_companies.movie_id,title.id=cast_info.movie_id#title.production_year,>,90,title.episode_nr,<,80#160651818
movie_info,title#title.id=movie_info.movie_id#movie_info.info_type_id,<,18,title.imdb_index,>,2#33488
title##title.production_year,<,127,title.imdb_index,>,0#25003
cast_info,title#title.id=cast_info.movie_id#cast_info.role_id,<,8,title.episode_nr,>,138#1816576
movie_info_idx,movie_companies,title#title.id=movie_info_idx.movie_id,title.id=movie_companies.movie_id#movie_info_idx.info_type_id,<,101,title.imdb_index,=,0#2671234
movie_info_idx,movie_info,movie_keyword,movie_companies,title#title.id=movie_info_idx.movie_id,title.id=movie_info.movie_id,title.id=movie_keyword.movie_id,title.id=movie_companies.movie_id#movie_info.info_type_id,>,1,title.imdb_index,=,0#14620249197
movie_info,movie_info_idx,title#title.id=movie_info.movie_id,title.id=movie_info_idx.movie_id#movie_info.info_type_id,>,2,title.episode_nr,>,0#3149181
movie_keyword,movie_companies,movie_info,title#title.id=movie_keyword.movie_id,title.id=movie_companies.movie_id,title.id=movie_info.movie_id#title.kind_id,<,7,title.imdb_index,>,0#114013835
