4.351849472000000000e+09
1.761592320000000000e+09
8.816456250000000000e+05
1.225029600000000000e+08
1.157542846679687500e+03
5.990432421875000000e+04
3.878426112000000000e+09
8.537072500000000000e+05
5.452355000000000000e+05
1.602168701171875000e+03
1.427625625000000000e+05
5.586973600000000000e+07
4.773647812500000000e+05
9.408175000000000000e+04
2.062261250000000000e+05
1.107662812500000000e+05
9.068397600000000000e+07
6.894724218750000000e+04
4.382148828125000000e+04
6.124492578125000000e+04
8.387563500000000000e+06
2.017034500000000000e+06
1.414730224609375000e+03
5.130760192871093750e+01
6.285837890625000000e+04
1.149990844726562500e+03
5.228281860351562500e+02
2.403552539062500000e+04
4.406568908691406250e+01
3.150526809692382812e+01
7.200489472000000000e+10
7.200489472000000000e+10
6.077119200000000000e+07
5.990190720000000000e+08
5.584023125000000000e+05
2.899446289062500000e+04
7.200489472000000000e+10
2.212357376000000000e+09
1.158006640000000000e+08
6.575505468750000000e+04
2.826222848000000000e+09
1.783262890625000000e+04
2.249828437500000000e+05
9.452576562500000000e+04
3.059243750000000000e+04
4.230285644531250000e+02
1.900533294677734375e+01
1.578455810546875000e+03
5.339953899383544922e+00
3.804441250000000000e+05
3.406800231933593750e+02
2.576172065734863281e+01
8.434082031250000000e+02
1.125386581420898438e+02
5.806305408477783203e+00
1.366256713867187500e+00
0.000000000000000000e+00
3.029310054400000000e+10
3.878073139200000000e+10
9.935595520000000000e+08
8.387563500000000000e+06
9.429851000000000000e+06
2.518382500000000000e+05
1.097111961600000000e+10
1.019501760000000000e+08
2.437377760000000000e+08
1.805153593750000000e+05
3.477032800000000000e+07
8.469824000000000000e+09
1.279760486400000000e+10
5.250358125000000000e+05
4.712208000000000000e+06
7.381599375000000000e+05
5.149121484375000000e+04
1.194094899200000000e+10
5.069189375000000000e+05
6.502722656250000000e+04
1.302777187500000000e+05
1.012803500000000000e+06
2.850113536000000000e+10
3.154114150400000000e+10
7.172111718750000000e+04
8.621021000000000000e+06
5.770803906250000000e+04
5.531778906250000000e+04
1.045518643200000000e+10
7.782907812500000000e+04
7.757402343750000000e+04
5.467716406250000000e+04
7.820690625000000000e+04
1.282470410156250000e+04
1.009147558593750000e+04
6.933575500000000000e+06
6.097154375000000000e+05
2.684672851562500000e+03
4.774079513549804688e+01
3.903205625000000000e+05
1.829258155822753906e+01
8.565594624000000000e+09
1.536153440000000000e+08
7.947141875000000000e+05
1.206905625000000000e+05
7.381049375000000000e+05
8.715592773437500000e+03
3.382628160000000000e+08
7.593057500000000000e+05
3.765735546875000000e+04
8.691892578125000000e+03
1.033785625000000000e+05
1.685714687500000000e+05
4.630909179687500000e+03
4.444073500000000000e+06
9.652679443359375000e+01
9.972553710937500000e+02
0.000000000000000000e+00
1.081466388702392578e+01
0.000000000000000000e+00
3.512000320000000000e+08
1.528407142400000000e+10
9.184829000000000000e+06
4.336529500000000000e+06
4.782455566406250000e+03
1.488276718750000000e+05
1.013136384000000000e+09
1.193174000000000000e+06
3.973397500000000000e+05
7.145266406250000000e+04
8.577632500000000000e+05
5.526925824000000000e+09
1.402411800000000000e+07
2.349019500000000000e+06
1.316038625000000000e+06
1.869614400000000000e+07
8.420818560000000000e+08
2.219020156250000000e+05
7.045344000000000000e+06
8.850277120000000000e+08
2.374864500000000000e+06
6.836544375000000000e+05
4.965832812500000000e+04
5.548324375000000000e+05
1.394564250000000000e+06
3.958154541015625000e+03
2.798774169921875000e+03
1.212580300000000000e+07
5.682247680000000000e+08
4.795153600000000000e+07
5.795181250000000000e+04
2.710621452331542969e+01
1.941988867187500000e+04
8.124008000000000000e+07
1.274976171875000000e+04
4.484187187500000000e+05
7.783858489990234375e+01
4.737458984375000000e+04
2.896342500000000000e+06
1.228061625000000000e+06
4.645597656250000000e+03
0.000000000000000000e+00
7.125437500000000000e+03
8.376039428710937500e+02
2.008908987045288086e+00
8.745446205139160156e+00
1.416089600000000000e+09
2.891392187500000000e+05
1.836134400000000000e+08
1.696151250000000000e+05
8.441675000000000000e+06
4.163916992187500000e+03
4.150779062500000000e+05
1.125825500000000000e+07
2.372162304687500000e+04
3.693951171875000000e+03
3.306508789062500000e+03
2.522725990400000000e+10
1.730102886400000000e+10
8.964940160000000000e+08
9.219442000000000000e+06
8.844758000000000000e+06
1.939747500000000000e+05
8.390840832000000000e+09
7.995753600000000000e+07
8.633178400000000000e+07
1.229616484375000000e+05
2.646009600000000000e+07
4.704264000000000000e+07
7.200489472000000000e+10
8.488284800000000000e+07
4.887090625000000000e+04
5.539493164062500000e+03
2.248844970703125000e+03
7.084871200000000000e+07
7.479236718750000000e+04
3.633074880000000000e+08
9.454054260253906250e+01
1.527114062500000000e+05
8.630256640000000000e+09
7.503747584000000000e+09
1.448243652343750000e+04
2.837176500000000000e+06
2.497922851562500000e+03
1.017353591918945312e+02
4.363119104000000000e+09
1.398643457031250000e+04
7.316406250000000000e+02
2.227214813232421875e+02
7.261670898437500000e+03
2.970476800000000000e+08
1.228061625000000000e+06
8.104364062500000000e+04
9.394627343750000000e+04
1.748056875000000000e+05
3.113090400000000000e+07
2.553899169921875000e+03
6.666449218750000000e+03
1.496149218750000000e+05
7.178331542968750000e+03
2.928122558593750000e+02
7.203334375000000000e+04
2.373994384765625000e+03
3.863660583496093750e+02
1.178816757202148438e+02
5.368942642211914062e+01
4.550680500000000000e+06
1.357425097656250000e+04
1.323652500000000000e+06
3.490553710937500000e+03
9.157837890625000000e+03
1.650971718750000000e+05
5.727853393554687500e+02
1.600376953125000000e+03
1.739471840000000000e+08
2.674477187500000000e+05
5.205054687500000000e+05
8.136858520507812500e+02
1.274520859375000000e+05
2.650447753906250000e+03
8.202635192871093750e+01
6.260361862182617188e+01
5.716711875000000000e+05
2.622964257812500000e+04
4.751145996093750000e+03
3.018038281250000000e+04
7.507728027343750000e+03
1.092227539062500000e+03
9.828906250000000000e+02
1.274881591796875000e+02
7.200489472000000000e+10
3.793268224000000000e+09
7.200489472000000000e+10
2.274999520000000000e+08
6.154613120000000000e+08
1.879275520000000000e+08
7.200489472000000000e+10
7.200489472000000000e+10
6.786936832000000000e+09
2.419429600000000000e+08
7.200489472000000000e+10
2.440480781250000000e+05
5.277266601562500000e+03
5.967364257812500000e+03
1.689936875000000000e+05
7.969001464843750000e+02
2.328849853515625000e+03
1.107578979492187500e+03
7.137916259765625000e+02
4.787050560000000000e+08
1.138238500000000000e+07
7.901655000000000000e+05
3.128315917968750000e+03
4.149345750000000000e+06
7.041810625000000000e+05
3.074566406250000000e+03
5.363232812500000000e+04
2.926600000000000000e+08
2.112344843750000000e+05
2.161230224609375000e+03
1.371355743408203125e+02
5.336265563964843750e+01
9.266813354492187500e+02
2.246758984375000000e+04
2.719342651367187500e+02
4.185255737304687500e+02
1.164263153076171875e+01
8.377223968505859375e+01
3.400837200000000000e+07
3.401610880000000000e+08
2.912157500000000000e+06
7.872913750000000000e+05
9.907920312500000000e+04
6.126157000000000000e+06
3.402569600000000000e+07
8.091367500000000000e+05
3.392690750000000000e+06
1.153263593750000000e+05
8.932470000000000000e+05
9.174336000000000000e+08
3.500035750000000000e+06
1.437478750000000000e+06
2.858507500000000000e+05
1.148180125000000000e+06
3.979182800000000000e+07
1.891703125000000000e+04
6.412501562500000000e+04
7.200489472000000000e+10
7.200489472000000000e+10
7.200489472000000000e+10
5.990190720000000000e+08
7.942713344000000000e+09
5.864264000000000000e+06
7.200489472000000000e+10
7.200489472000000000e+10
7.200489472000000000e+10
5.990190720000000000e+08
7.200489472000000000e+10
7.200489472000000000e+10
6.348512400000000000e+07
2.538845600000000000e+08
2.800140500000000000e+06
7.731756250000000000e+05
1.725436875000000000e+05
1.496441120000000000e+08
1.551744000000000000e+09
2.951041000000000000e+06
9.283457812500000000e+04
4.459909500000000000e+06
1.567010375000000000e+06
8.387563500000000000e+06
5.999008789062500000e+03
5.441016113281250000e+03
1.945410346984863281e+01
4.404854736328125000e+02
7.867734863281250000e+03
2.024387207031250000e+02
2.701695251464843750e+02
5.900615310668945312e+01
8.433044433593750000e+01
4.506351040000000000e+08
1.008552875000000000e+06
1.299463000000000000e+07
5.368425292968750000e+03
3.889676513671875000e+03
9.893817901611328125e+00
3.640148125000000000e+05
1.814965468750000000e+05
3.781522216796875000e+02
2.010474395751953125e+01
5.419144287109375000e+02
1.149263828125000000e+05
1.373481689453125000e+03
4.328064575195312500e+02
1.881386328125000000e+04
2.723334655761718750e+02
4.754340362548828125e+01
1.847441253662109375e+02
2.868692016601562500e+01
1.010225920000000000e+08
7.944898750000000000e+05
1.314272558593750000e+04
1.263743750000000000e+04
4.857954296875000000e+04
1.072866160000000000e+08
1.660718261718750000e+03
4.954825195312500000e+03
9.532014080000000000e+08
1.501432100000000000e+07
7.680363750000000000e+05
2.240666389465332031e+01
1.185406300000000000e+07
1.039760625000000000e+05
3.781304168701171875e+01
4.441398437500000000e+04
1.611254240000000000e+08
4.717069760000000000e+08
1.833407200000000000e+07
9.944476000000000000e+06
1.049516900000000000e+07
4.396464000000000000e+06
9.091205600000000000e+07
1.298556960000000000e+08
8.611201000000000000e+06
8.571628000000000000e+06
9.785993600000000000e+07
2.685078125000000000e+05
8.968243750000000000e+05
8.219712500000000000e+05
1.038075937500000000e+06
1.083186718750000000e+05
3.135906640625000000e+04
1.806221250000000000e+05
1.115879785156250000e+04
1.377107000000000000e+06
2.398707031250000000e+04
6.624330468750000000e+04
1.880706445312500000e+04
6.058028320312500000e+03
1.036259765625000000e+04
1.035585571289062500e+03
5.906970214843750000e+02
6.614425190400000000e+10
2.232361816406250000e+03
1.403255664062500000e+04
1.489471069335937500e+03
6.442451660156250000e+03
6.156965625000000000e+05
1.642679929733276367e+00
0.000000000000000000e+00
8.149557120000000000e+08
8.565594624000000000e+09
2.901465937500000000e+05
1.396679125000000000e+06
2.654686875000000000e+05
1.952432812500000000e+05
3.458272256000000000e+09
9.824386718750000000e+04
2.209241406250000000e+05
1.073068359375000000e+05
2.020245156250000000e+05
8.132025000000000000e+06
1.275625300000000000e+07
7.200489472000000000e+10
5.320854492187500000e+02
9.707609863281250000e+02
4.550539687500000000e+05
8.963421250000000000e+05
8.399347000000000000e+06
1.341270000000000000e+07
5.372807006835937500e+02
9.212643750000000000e+05
6.446121582031250000e+03
2.553358203125000000e+04
1.891212768554687500e+03
5.878481500000000000e+06
3.675267944335937500e+02
6.937738037109375000e+01
1.891212768554687500e+03
6.937738037109375000e+01
8.049041920000000000e+09
4.690393437500000000e+05
5.990190720000000000e+08
3.052543554687500000e+04
1.542676875000000000e+05
1.792752929687500000e+04
1.715575750000000000e+06
9.551264800000000000e+07
2.740236132812500000e+04
1.802963989257812500e+03
6.367887695312500000e+03
2.064490291200000000e+10
3.793268224000000000e+09
4.612500800000000000e+07
5.022511040000000000e+08
2.224347412109375000e+03
9.053239843750000000e+04
1.084342681600000000e+10
2.467371000000000000e+06
3.032337500000000000e+06
4.591791796875000000e+04
2.981467500000000000e+06
7.200489472000000000e+10
7.200489472000000000e+10
7.200489472000000000e+10
6.258752000000000000e+08
7.942713344000000000e+09
5.778145000000000000e+06
7.200489472000000000e+10
7.200489472000000000e+10
7.200489472000000000e+10
6.258752000000000000e+08
7.200489472000000000e+10
2.627517500000000000e+06
1.257091430664062500e+03
1.022511816406250000e+04
2.138257750000000000e+06
4.815604858398437500e+02
2.478035937500000000e+05
9.873789062500000000e+02
4.910353088378906250e+01
3.793268224000000000e+09
7.200489472000000000e+10
7.200489472000000000e+10
9.073497000000000000e+06
1.354663200000000000e+08
5.831544500000000000e+06
4.317464064000000000e+09
3.793268224000000000e+09
7.200489472000000000e+10
9.073497000000000000e+06
4.317464064000000000e+09
9.583303000000000000e+06
6.870471191406250000e+02
7.952027200000000000e+07
1.479195861816406250e+02
1.645765429687500000e+04
8.066386108398437500e+02
4.683573730468750000e+03
4.265179000000000000e+06
8.774450683593750000e+02
1.136200195312500000e+03
1.618926367187500000e+04
5.214919500000000000e+06
1.255008984375000000e+05
1.072173828125000000e+04
7.243498046875000000e+03
3.037196289062500000e+04
2.311255615234375000e+03
1.834228149414062500e+03
5.549602661132812500e+02
3.166566500000000000e+06
1.857602187500000000e+05
1.556690468750000000e+05
5.894988281250000000e+04
3.406672656250000000e+04
2.134078125000000000e+04
1.016030639648437500e+03
5.211627807617187500e+02
4.014237952000000000e+09
4.804454400000000000e+07
4.193297851562500000e+03
3.314625625000000000e+05
1.780235595703125000e+03
5.011851882934570312e+01
2.545721440000000000e+08
2.333732177734375000e+03
2.975007629394531250e+02
1.079203186035156250e+02
1.505230712890625000e+03
4.303830080000000000e+08
4.064269250000000000e+06
1.005076660156250000e+04
1.219759179687500000e+04
3.401160937500000000e+05
2.159681440000000000e+08
1.300638732910156250e+02
2.459631250000000000e+05
1.796281856000000000e+09
1.402411800000000000e+07
2.705703750000000000e+05
6.417790985107421875e+01
1.265054750000000000e+06
2.379337890625000000e+04
9.420787811279296875e+01
2.791285351562500000e+04
2.475781250000000000e+06
1.044039218750000000e+05
4.597760156250000000e+04
1.922511250000000000e+05
1.165608398437500000e+04
2.731383007812500000e+04
4.925998535156250000e+03
3.133435058593750000e+03
1.500559840000000000e+08
5.179432320000000000e+08
7.289261600000000000e+07
6.109750500000000000e+06
3.319083251953125000e+03
1.757122500000000000e+05
3.942973760000000000e+08
2.013707031250000000e+05
5.992331250000000000e+05
1.011002890625000000e+05
1.082869875000000000e+06
7.200489472000000000e+10
2.732424396800000000e+10
2.158526259200000000e+10
5.990190720000000000e+08
7.942713344000000000e+09
5.864264000000000000e+06
7.200489472000000000e+10
7.200489472000000000e+10
2.732424396800000000e+10
5.990190720000000000e+08
7.200489472000000000e+10
8.739385344000000000e+09
2.497225920000000000e+08
2.787788125000000000e+05
4.770198437500000000e+05
3.096239375000000000e+05
8.540546264648437500e+02
1.117958528000000000e+09
4.379842812500000000e+05
1.079715332031250000e+04
8.674301757812500000e+03
8.181485156250000000e+04
6.406775500000000000e+06
5.182570190429687500e+02
1.914127343750000000e+04
8.600782470703125000e+02
3.225458374023437500e+02
2.899598884582519531e+01
4.400655031204223633e-01
0.000000000000000000e+00
7.200489472000000000e+10
7.200489472000000000e+10
7.200489472000000000e+10
4.099549500000000000e+06
5.268910080000000000e+08
7.956589500000000000e+06
7.200489472000000000e+10
7.200489472000000000e+10
7.200489472000000000e+10
5.516879000000000000e+06
7.200489472000000000e+10
7.850753906250000000e+04
6.376776953125000000e+04
2.429176513671875000e+03
3.030371093750000000e+02
1.592895050048828125e+02
1.802423632812500000e+04
2.787201904296875000e+03
1.679918945312500000e+03
8.506352996826171875e+01
1.505761337280273438e+01
1.230170288085937500e+02
4.629799500000000000e+06
9.844416992187500000e+03
1.352685625000000000e+06
3.651238037109375000e+03
4.988128906250000000e+03
1.687408281250000000e+05
6.191469116210937500e+02
1.000179504394531250e+03
2.597138800000000000e+07
1.085702348800000000e+10
8.137608000000000000e+07
6.086024000000000000e+06
4.114129257202148438e+01
9.073760156250000000e+04
6.483837440000000000e+08
6.001394531250000000e+04
6.311617000000000000e+06
2.321597265625000000e+04
8.646186250000000000e+05
1.000293400000000000e+07
1.405145156250000000e+05
2.033568000000000000e+06
9.208384765625000000e+03
2.178571484375000000e+04
1.591425468750000000e+05
4.516048828125000000e+03
4.943843750000000000e+05
8.724617187500000000e+03
2.733128356933593750e+02
8.541651611328125000e+02
4.729399062500000000e+05
2.351211200000000000e+07
1.580259179687500000e+04
2.705294189453125000e+03
3.751968002319335938e+01
1.505740844726562500e+03
2.984714843750000000e+03
2.283168792724609375e+02
1.869443511962890625e+02
4.449544143676757812e+01
2.719071388244628906e+01
5.671585280000000000e+09
1.745381375000000000e+06
4.779105000000000000e+05
3.251136962890625000e+03
9.414938750000000000e+05
2.834271750000000000e+06
2.782749023437500000e+03
7.810800781250000000e+04
2.472209152000000000e+09
1.173871440000000000e+08
2.728623750000000000e+06
2.664850937500000000e+05
1.406296875000000000e+06
6.858156250000000000e+03
3.644255680000000000e+08
1.350481500000000000e+06
2.467165625000000000e+04
1.483158691406250000e+04
1.814697187500000000e+05
6.551568500000000000e+06
1.470849800109863281e+01
1.305361375000000000e+06
7.739499664306640625e+01
1.222571754455566406e+01
1.874567500000000000e+05
3.642837524414062500e+01
1.740639114379882812e+01
1.407144531250000000e+05
2.869273500000000000e+06
9.159878125000000000e+05
1.253984619140625000e+03
7.546185913085937500e+02
2.375155468750000000e+05
2.101215087890625000e+03
1.235975878906250000e+04
2.813819921875000000e+04
2.185048980712890625e+02
2.455981445312500000e+02
8.388601344000000000e+09
1.414566400000000000e+08
6.922839375000000000e+05
3.589842500000000000e+05
3.984508125000000000e+05
3.271277832031250000e+03
3.563063360000000000e+08
3.771124687500000000e+05
2.611305468750000000e+04
1.268395117187500000e+04
1.389055312500000000e+05
2.410191616000000000e+09
9.705944000000000000e+06
2.728792750000000000e+06
2.257974218750000000e+04
6.244941875000000000e+05
1.526444458007812500e+03
1.663244640000000000e+08
5.848536250000000000e+05
1.110330664062500000e+04
9.901021118164062500e+02
6.750155468750000000e+04
7.200489472000000000e+10
7.200489472000000000e+10
8.748459000000000000e+06
5.407439000000000000e+06
1.342792187500000000e+04
1.238297729492187500e+03
7.200489472000000000e+10
4.861075500000000000e+06
3.897554800000000000e+07
4.110378265380859375e+01
3.780191200000000000e+07
1.005432320000000000e+09
1.939737600000000000e+09
1.228061625000000000e+06
4.068690750000000000e+06
1.005275546875000000e+05
9.920054687500000000e+03
1.033288192000000000e+09
1.227030078125000000e+05
3.517703437500000000e+05
1.324802187500000000e+05
1.215848875000000000e+06
1.692492800000000000e+10
3.125832448000000000e+09
9.940094726562500000e+03
1.009248900000000000e+07
8.756446289062500000e+03
4.862647094726562500e+02
3.125832448000000000e+09
9.940094726562500000e+03
1.214848632812500000e+03
4.862647094726562500e+02
1.214848632812500000e+03
5.525450240000000000e+09
4.193297851562500000e+03
1.537637695312500000e+04
2.822786000000000000e+06
8.724371948242187500e+02
1.072711232000000000e+09
1.413651855468750000e+03
1.438506221771240234e+01
7.200489472000000000e+10
9.142338560000000000e+09
2.882405625000000000e+05
4.485951488000000000e+09
6.813883593750000000e+04
1.251176464843750000e+04
7.200489472000000000e+10
1.719075625000000000e+06
5.488541015625000000e+04
6.146664062500000000e+04
3.108416875000000000e+05
1.436355456000000000e+09
8.292072448000000000e+09
5.460857500000000000e+05
1.150290875000000000e+06
6.827739062500000000e+04
7.018406250000000000e+04
2.067318528000000000e+09
2.214516875000000000e+05
2.306283125000000000e+05
2.776441406250000000e+04
9.392898437500000000e+04
8.457754882812500000e+03
1.009147558593750000e+04
1.302022109375000000e+05
1.077159375000000000e+05
3.280119018554687500e+02
4.881246643066406250e+02
7.351858886718750000e+03
1.654817962646484375e+01
5.063242800000000000e+07
4.111465000000000000e+05
2.902780000000000000e+06
3.693299750000000000e+06
2.992826250000000000e+05
2.055321000000000000e+06
3.025166875000000000e+05
2.887007617187500000e+04
2.122762400000000000e+08
8.387563500000000000e+06
1.253439453125000000e+05
3.014427929687500000e+04
2.891090820312500000e+04
1.962018359375000000e+04
4.818365625000000000e+04
4.834715937500000000e+05
9.772877929687500000e+03
3.450048217773437500e+02
1.873144989013671875e+02
3.789525937500000000e+05
3.487486875000000000e+05
3.593079375000000000e+05
2.118778750000000000e+05
3.742831640625000000e+04
9.281704101562500000e+03
7.017951171875000000e+03
6.674419555664062500e+02
7.200489472000000000e+10
7.200489472000000000e+10
8.859160000000000000e+06
5.602011520000000000e+08
5.454164375000000000e+05
7.124397656250000000e+04
7.200489472000000000e+10
2.385893920000000000e+08
3.680678400000000000e+08
5.149956640625000000e+04
7.804013440000000000e+08
1.570955878400000000e+10
7.200489472000000000e+10
9.330431000000000000e+06
3.088213750000000000e+06
2.969116015625000000e+04
1.861151953125000000e+04
2.069926528000000000e+09
9.463599218750000000e+04
7.210498400000000000e+07
1.628794555664062500e+03
4.925983437500000000e+05
1.131024640000000000e+09
6.676173824000000000e+09
6.487863125000000000e+05
5.178664375000000000e+05
2.987257031250000000e+04
1.306630859375000000e+05
3.490290560000000000e+08
2.454546289062500000e+04
1.652556406250000000e+05
2.245908593750000000e+04
6.166979687500000000e+04
4.593786880000000000e+09
3.494542336000000000e+09
8.359892578125000000e+03
9.011754375000000000e+05
2.578307373046875000e+03
5.293467407226562500e+02
3.656274432000000000e+09
1.125841992187500000e+04
4.073233886718750000e+03
2.068047485351562500e+02
1.261043164062500000e+04
2.496707840000000000e+09
6.923802500000000000e+06
2.449349250000000000e+06
2.645501464843750000e+03
2.699693250000000000e+06
6.045726250000000000e+05
3.015784179687500000e+03
2.489036718750000000e+04
1.953193250000000000e+06
8.899102000000000000e+06
1.892199250000000000e+06
1.001139648437500000e+04
7.343269042968750000e+02
5.153159375000000000e+04
8.516069335937500000e+03
1.478923925781250000e+04
2.145191210937500000e+04
4.145003509521484375e+01
1.438220520019531250e+02
8.280740864000000000e+09
9.379906250000000000e+05
8.850918750000000000e+04
3.174293136596679688e+01
6.246856250000000000e+04
9.658668750000000000e+04
1.461155891418457031e+01
3.694718170166015625e+01
3.339295500000000000e+06
1.637622343750000000e+05
2.498112304687500000e+03
2.787540937500000000e+05
4.001083750000000000e+05
3.054079345703125000e+03
1.220942875000000000e+06
1.640427929687500000e+04
4.088334655761718750e+02
1.027775000000000000e+04
5.326579589843750000e+03
2.058623437500000000e+04
3.539901733398437500e+00
3.590185546875000000e+04
3.302554626464843750e+02
3.386041641235351562e+00
0.000000000000000000e+00
9.331563949584960938e+00
0.000000000000000000e+00
4.420859520000000000e+08
1.402411800000000000e+07
2.582014531250000000e+05
6.197556250000000000e+04
2.599748250000000000e+06
6.302088400000000000e+07
9.661699218750000000e+03
1.488278125000000000e+05
2.240597248000000000e+09
1.802828390400000000e+10
7.200489472000000000e+10
2.869960000000000000e+07
2.612652500000000000e+06
2.617030400000000000e+08
2.352816332800000000e+10
1.999838464000000000e+09
1.693316300800000000e+10
2.793799600000000000e+07
2.151366246400000000e+10
1.299568000000000000e+06
1.825782656250000000e+05
5.179081000000000000e+06
2.043883750000000000e+05
1.708227500000000000e+05
4.509957031250000000e+03
1.504445000000000000e+05
1.805105346679687500e+03
4.782535168000000000e+09
3.625442968750000000e+04
5.990190720000000000e+08
2.041973242187500000e+04
2.343425200000000000e+07
3.494968017578125000e+03
1.466185742187500000e+04
1.056895920000000000e+08
4.417584960937500000e+03
4.623222961425781250e+02
1.942065185546875000e+03
6.105910800000000000e+07
2.090929062500000000e+05
1.156476400000000000e+07
1.231079101562500000e+03
9.906250976562500000e+03
2.030908203125000000e+03
9.673510742187500000e+03
1.607453906250000000e+05
5.080886230468750000e+02
2.338967704772949219e+01
8.076101684570312500e+01
3.899501363200000000e+10
1.320111120000000000e+08
7.034213125000000000e+05
7.413374375000000000e+05
3.005055937500000000e+05
4.854013125000000000e+05
6.479000800000000000e+07
4.371668125000000000e+05
1.508007343750000000e+05
3.919478125000000000e+04
3.932204687500000000e+04
3.087896679687500000e+04
4.947305625000000000e+05
3.561505078125000000e+04
7.315572656250000000e+04
8.160855957031250000e+03
6.772834960937500000e+03
1.577596875000000000e+04
1.756752319335937500e+03
7.200489472000000000e+10
3.793268224000000000e+09
7.200489472000000000e+10
1.683739680000000000e+08
2.263464640000000000e+08
1.354663200000000000e+08
5.993922150400000000e+10
7.200489472000000000e+10
3.793268224000000000e+09
1.683739680000000000e+08
5.993922150400000000e+10
7.200489472000000000e+10
7.200489472000000000e+10
6.702957500000000000e+05
1.156476400000000000e+07
1.160557656250000000e+05
8.062810937500000000e+04
7.200489472000000000e+10
1.326671625000000000e+06
1.476406000000000000e+06
1.866943906250000000e+05
7.643645000000000000e+06
6.179075600000000000e+07
7.200489472000000000e+10
6.806934400000000000e+07
4.393602343750000000e+04
7.375667968750000000e+03
2.818750488281250000e+03
1.529758880000000000e+08
1.372241250000000000e+05
9.691322880000000000e+08
1.115358505249023438e+02
2.741077812500000000e+05
7.200489472000000000e+10
8.741330560000000000e+08
3.415260160000000000e+10
1.339649100000000000e+07
1.548631900000000000e+07
4.950602500000000000e+06
1.096289894400000000e+10
6.579144704000000000e+10
2.005322560000000000e+08
6.570734500000000000e+06
1.061820608000000000e+09
2.908518066406250000e+03
2.931913452148437500e+02
4.000363826751708984e+00
1.236424865722656250e+02
3.930615234375000000e+01
0.000000000000000000e+00
2.334290504455566406e+00
0.000000000000000000e+00
1.230895900000000000e+07
9.920054687500000000e+03
1.619654000000000000e+06
5.946823120117187500e+02
9.229434570312500000e+03
6.404580688476562500e+01
1.616342353820800781e+01
0.000000000000000000e+00
6.989796500000000000e+06
8.295790405273437500e+02
2.562582968750000000e+05
1.129190795898437500e+03
8.295790405273437500e+02
3.020222167968750000e+02
5.776541709899902344e+00
4.371069669723510742e-01
8.128945152000000000e+09
1.939737600000000000e+09
3.711668701171875000e+03
1.248593375000000000e+06
2.521878173828125000e+03
3.093860473632812500e+02
2.992588800000000000e+09
4.564858886718750000e+03
2.435833496093750000e+03
2.650606994628906250e+02
8.740883789062500000e+03
9.507569600000000000e+07
7.701083750000000000e+05
1.267696015625000000e+05
2.306033935546875000e+02
8.574192968750000000e+04
1.150417343750000000e+05
5.048235321044921875e+01
3.979478454589843750e+01
5.525450240000000000e+09
1.228061625000000000e+06
5.762504375000000000e+05
2.886867500000000000e+06
6.015726875000000000e+05
1.745155328000000000e+09
1.859666796875000000e+04
1.181960742187500000e+04
1.327651712000000000e+09
3.513154750000000000e+06
1.997849375000000000e+05
4.357675933837890625e+01
3.358800750000000000e+06
8.909763125000000000e+05
1.494198913574218750e+02
2.591329296875000000e+04
5.410334472656250000e+02
4.869038574218750000e+03
3.944416259765625000e+03
2.470572343750000000e+05
3.478347778320312500e+00
5.271339893341064453e+00
5.372575683593750000e+02
0.000000000000000000e+00
1.672056934400000000e+10
3.742723328000000000e+09
1.200797656250000000e+04
9.332496000000000000e+06
7.394046875000000000e+04
3.607029541015625000e+03
3.714603264000000000e+09
1.183684570312500000e+04
3.544512939453125000e+03
3.587763916015625000e+03
3.522895019531250000e+03
7.856709375000000000e+04
1.412512695312500000e+04
6.146258750000000000e+05
3.757091552734375000e+03
3.163120361328125000e+03
2.134987831115722656e+01
2.261747802734375000e+03
3.210802078247070312e+00
6.002786816000000000e+09
1.950983936000000000e+09
1.231904375000000000e+06
1.015296500000000000e+06
2.635500312500000000e+05
9.920054687500000000e+03
3.041518336000000000e+09
7.046203750000000000e+05
3.530770937500000000e+05
5.268166015625000000e+04
1.955905625000000000e+06
6.023178240000000000e+09
2.023012400000000000e+07
4.629799500000000000e+06
1.955064400000000000e+07
7.653981500000000000e+06
1.196825984000000000e+09
6.790843750000000000e+05
4.598267500000000000e+06
3.028118528000000000e+09
1.402411800000000000e+07
1.740273625000000000e+06
6.697143125000000000e+05
5.144936000000000000e+06
5.719104800000000000e+07
4.412814453125000000e+04
9.301623125000000000e+05
8.128945152000000000e+09
1.939737600000000000e+09
1.228061625000000000e+06
1.248593375000000000e+06
3.096239375000000000e+05
9.920054687500000000e+03
2.992588800000000000e+09
7.621808750000000000e+05
3.517703437500000000e+05
8.175300000000000000e+04
1.877624375000000000e+06
2.884489500000000000e+06
2.023012400000000000e+07
9.060817382812500000e+03
2.506074414062500000e+04
1.234750546875000000e+05
2.482152500000000000e+06
8.144169921875000000e+03
2.238970156250000000e+05
2.740534179687500000e+04
3.164360351562500000e+02
1.011686462402343750e+03
8.912328750000000000e+05
9.566822052001953125e+01
2.250984344482421875e+02
2.402543334960937500e+02
3.484355545043945312e+01
2.948273000000000000e+06
1.787782812500000000e+05
1.461975875000000000e+06
1.250840072631835938e+02
1.018408671875000000e+05
2.068245887756347656e+01
9.655698394775390625e+01
1.133388328552246094e+01
2.577809920000000000e+09
3.494542336000000000e+09
7.944898750000000000e+05
1.041587437500000000e+06
5.401845625000000000e+05
6.514876562500000000e+04
3.939231744000000000e+09
8.954535625000000000e+05
2.341639375000000000e+05
3.577850000000000000e+04
9.868672500000000000e+05
7.200489472000000000e+10
7.200489472000000000e+10
7.839915500000000000e+06
1.264798100000000000e+07
1.055236621093750000e+04
1.364494750976562500e+03
7.200489472000000000e+10
3.246717200000000000e+07
4.053921200000000000e+07
5.004946517944335938e+01
9.660111200000000000e+07
7.393315200000000000e+08
3.793268224000000000e+09
4.522415600000000000e+07
8.431730000000000000e+06
1.265611801147460938e+02
8.923180468750000000e+04
1.498412672000000000e+09
4.093088750000000000e+05
2.984013250000000000e+06
4.920035156250000000e+03
6.085536250000000000e+05
6.926359000000000000e+06
8.402246000000000000e+06
1.355498080000000000e+08
4.194593750000000000e+03
1.950571718750000000e+05
5.864264000000000000e+06
9.220214843750000000e+03
6.926359000000000000e+06
8.402246000000000000e+06
4.194593750000000000e+03
9.220214843750000000e+03
7.200489472000000000e+10
7.200489472000000000e+10
8.248968000000000000e+07
5.990190720000000000e+08
5.119092187500000000e+05
1.979412841796875000e+03
7.200489472000000000e+10
4.510024704000000000e+09
3.048504000000000000e+08
2.118800976562500000e+04
4.909499904000000000e+09
6.561204687500000000e+04
2.669752807617187500e+02
3.538164794921875000e+03
1.149697589874267578e+01
1.512210083007812500e+02
1.351005554199218750e+01
2.402238845825195312e+00
0.000000000000000000e+00
7.200489472000000000e+10
3.793268224000000000e+09
2.952268288000000000e+09
2.916838144000000000e+09
2.654932400000000000e+07
8.844758000000000000e+06
7.200489472000000000e+10
7.200489472000000000e+10
5.676590400000000000e+07
5.408440000000000000e+06
1.819800704000000000e+09
6.837242880000000000e+08
8.128945152000000000e+09
1.228061625000000000e+06
2.148822500000000000e+06
8.895921875000000000e+04
3.096239375000000000e+05
3.249748800000000000e+08
8.406554687500000000e+04
7.621808750000000000e+05
4.879727343750000000e+04
6.861525781250000000e+04
1.176145546875000000e+05
2.489758398437500000e+04
4.046793945312500000e+03
5.864264000000000000e+06
1.597324829101562500e+03
6.187106323242187500e+02
4.046793945312500000e+03
6.187106323242187500e+02
8.475571840000000000e+08
6.095187968000000000e+09
7.427703500000000000e+06
3.847620750000000000e+06
6.385592041015625000e+02
1.470400976562500000e+04
8.822220800000000000e+09
8.887570000000000000e+05
4.045641875000000000e+05
5.893095703125000000e+03
3.335447500000000000e+06
5.386620800000000000e+08
1.667380992000000000e+09
7.481235625000000000e+05
9.611598125000000000e+05
1.435481250000000000e+05
3.141757812500000000e+05
3.514131200000000000e+08
1.490742656250000000e+05
7.142656250000000000e+05
1.171017265625000000e+05
3.578736875000000000e+05
7.200489472000000000e+10
3.059621478400000000e+10
7.200489472000000000e+10
8.516701440000000000e+08
1.493163264000000000e+09
1.354663200000000000e+08
7.200489472000000000e+10
7.200489472000000000e+10
3.059621478400000000e+10
8.516701440000000000e+08
7.200489472000000000e+10
7.200489472000000000e+10
7.200489472000000000e+10
7.200489472000000000e+10
6.025806080000000000e+08
9.585347584000000000e+09
6.175124500000000000e+06
7.200489472000000000e+10
7.200489472000000000e+10
7.200489472000000000e+10
7.431290240000000000e+08
7.200489472000000000e+10
7.200489472000000000e+10
1.237063280000000000e+08
7.200489472000000000e+10
2.205993600000000000e+08
6.393968128000000000e+09
1.008637437500000000e+06
7.200489472000000000e+10
7.200489472000000000e+10
9.458083200000000000e+07
1.628252000000000000e+08
7.200489472000000000e+10
4.639732800000000000e+08
4.337612800000000000e+09
2.538142750000000000e+06
6.047191500000000000e+06
1.646943250000000000e+06
4.687146875000000000e+05
4.021662400000000000e+08
2.894090000000000000e+05
7.614129375000000000e+05
8.919173750000000000e+05
4.161885625000000000e+05
1.794206640625000000e+04
5.310810546875000000e+02
6.268833750000000000e+05
1.720546875000000000e+05
3.733705749511718750e+02
1.009581756591796875e+01
3.940887890625000000e+04
6.132177352905273438e+00
1.742146355200000000e+10
8.921038848000000000e+09
2.531294250000000000e+06
2.265746250000000000e+06
7.381599375000000000e+05
2.632216210937500000e+04
1.594195046400000000e+10
1.170381625000000000e+06
1.495928125000000000e+05
8.270658593750000000e+04
2.455706500000000000e+06
4.152160000000000000e+09
4.278721500000000000e+06
4.631219062500000000e+05
7.199379272460937500e+02
3.059453500000000000e+06
2.904946250000000000e+05
4.421812744140625000e+02
2.128670898437500000e+04
2.957475750000000000e+06
1.086915375000000000e+06
8.810780000000000000e+06
2.114122558593750000e+03
4.407356643676757812e+01
9.179789733886718750e+01
7.091534375000000000e+04
1.611084863281250000e+04
1.610884765625000000e+03
6.401500225067138672e+00
1.073867263793945312e+02
2.410776406250000000e+05
6.268485107421875000e+02
6.934482031250000000e+04
2.606505156250000000e+05
8.970928955078125000e+01
6.431418945312500000e+03
8.293224487304687500e+02
1.255390472412109375e+02
6.486939200000000000e+07
8.021550750732421875e+01
1.157279600000000000e+07
9.419498443603515625e+01
5.075666015625000000e+04
1.295730133056640625e+02
1.016071395874023438e+02
3.817980312500000000e+05
1.189113998413085938e+02
9.585406494140625000e+01
1.561204376220703125e+02
2.208297472000000000e+09
2.139693906250000000e+05
1.488958300781250000e+04
4.880820000000000000e+05
6.344940625000000000e+04
4.648484480000000000e+08
7.201077880859375000e+02
7.092498046875000000e+03
2.725576960000000000e+08
3.674830250000000000e+06
1.903359531250000000e+05
3.885547485351562500e+02
3.223066875000000000e+05
5.724387500000000000e+04
2.182321166992187500e+02
1.933168945312500000e+04
7.200489472000000000e+10
7.200489472000000000e+10
6.907625625000000000e+05
1.478344625000000000e+06
8.638906250000000000e+03
5.035532714843750000e+03
7.200489472000000000e+10
2.550332500000000000e+06
2.417595000000000000e+06
7.769151855468750000e+03
1.079588200000000000e+07
2.299589427200000000e+10
6.766140928000000000e+09
9.439898125000000000e+05
1.516383000000000000e+06
4.252820937500000000e+05
2.125662187500000000e+05
8.489438080000000000e+08
8.447727343750000000e+04
2.935451875000000000e+05
3.680532031250000000e+04
7.085747656250000000e+04
7.200489472000000000e+10
7.200489472000000000e+10
3.972419200000000000e+07
6.841193000000000000e+06
1.687201562500000000e+04
2.442854980468750000e+03
7.200489472000000000e+10
2.101266000000000000e+07
7.005673600000000000e+08
2.443609375000000000e+03
8.818779200000000000e+07
8.589431296000000000e+09
1.632528160000000000e+08
1.642845312500000000e+05
1.206905625000000000e+05
7.018406250000000000e+04
1.541309692382812500e+03
3.384319360000000000e+08
1.621754062500000000e+05
1.775283789062500000e+04
1.436777832031250000e+03
2.478292382812500000e+04
7.200489472000000000e+10
7.200489472000000000e+10
7.217667200000000000e+07
1.843869875000000000e+06
3.663847656250000000e+03
3.048304687500000000e+04
7.200489472000000000e+10
5.679622800000000000e+07
1.168048880000000000e+08
2.248518981933593750e+02
5.383395200000000000e+08
5.192729600000000000e+09
4.399300160000000000e+08
2.690794500000000000e+06
6.941091500000000000e+06
2.160988500000000000e+06
6.795831875000000000e+05
1.561419040000000000e+08
9.159310000000000000e+05
2.996925000000000000e+05
2.379381718750000000e+05
1.461902031250000000e+05
4.151492187500000000e+05
5.035106562500000000e+05
1.110504875000000000e+06
2.238635546875000000e+04
2.479263671875000000e+04
1.654364624023437500e+03
8.764743164062500000e+03
2.305816345214843750e+02
2.791030937500000000e+05
6.634805000000000000e+05
2.070298583984375000e+03
2.448679882812500000e+04
1.316747949218750000e+04
2.002801971435546875e+02
1.219361230468750000e+04
1.789231414794921875e+02
7.200489472000000000e+10
8.769557504000000000e+09
7.200489472000000000e+10
2.916838144000000000e+09
7.942713344000000000e+09
1.354663200000000000e+08
7.200489472000000000e+10
7.200489472000000000e+10
8.769557504000000000e+09
2.916838144000000000e+09
7.200489472000000000e+10
1.685876800000000000e+08
2.307278800000000000e+07
1.228471406250000000e+05
1.891851125000000000e+06
2.295910644531250000e+03
2.044518066406250000e+03
7.791260000000000000e+05
8.183225781250000000e+04
5.332354003906250000e+03
8.183589477539062500e+02
1.512557983398437500e+03
7.200489472000000000e+10
7.200489472000000000e+10
8.003566400000000000e+07
6.889014400000000000e+08
4.854568750000000000e+05
1.868490966796875000e+03
7.200489472000000000e+10
3.883570944000000000e+09
2.511364480000000000e+08
2.190672656250000000e+04
3.647595520000000000e+09
7.410036132812500000e+03
1.959082187500000000e+05
9.633719531250000000e+04
1.275065002441406250e+02
3.024101318359375000e+03
9.868249893188476562e+00
1.235967540740966797e+01
6.296703815460205078e-01
1.428427656250000000e+05
1.246577453613281250e+02
2.587585205078125000e+03
9.896796264648437500e+02
4.288783645629882812e+01
1.172836971282958984e+01
0.000000000000000000e+00
0.000000000000000000e+00
6.105910800000000000e+07
1.053987421875000000e+05
1.156476400000000000e+07
3.252694396972656250e+02
9.906250976562500000e+03
2.857304687500000000e+03
1.678046752929687500e+03
1.607453906250000000e+05
1.461197631835937500e+03
1.803647232055664062e+01
8.866661834716796875e+01
5.962639360000000000e+08
1.445158281250000000e+05
2.565972812500000000e+05
1.234035937500000000e+04
2.369796875000000000e+04
7.661358750000000000e+05
4.296079101562500000e+02
1.240777683258056641e+01
3.938804250000000000e+06
7.200489472000000000e+10
7.045062656000000000e+10
9.906250976562500000e+03
2.820609375000000000e+05
5.604201000000000000e+06
9.236603000000000000e+06
3.665058500000000000e+06
7.200489472000000000e+10
9.014218750000000000e+03
8.371955500000000000e+06
7.200489472000000000e+10
8.503849472000000000e+09
8.195831250000000000e+05
2.916838144000000000e+09
3.125222412109375000e+03
1.280272705078125000e+03
7.200489472000000000e+10
2.883758000000000000e+06
5.938171093750000000e+04
3.018241943359375000e+03
5.729346875000000000e+05
2.897448960000000000e+10
7.200489472000000000e+10
5.025976562500000000e+05
8.014437000000000000e+06
1.116930761718750000e+04
1.844432128906250000e+03
1.271514828800000000e+10
1.724044921875000000e+04
5.208259000000000000e+06
8.761851806640625000e+02
2.896702500000000000e+05
1.252811520000000000e+09
3.554040800000000000e+07
2.891882812500000000e+05
7.354046093750000000e+04
3.627517000000000000e+06
1.101814480000000000e+08
3.022387500000000000e+04
1.009435250000000000e+06
6.105480625000000000e+05
8.387563500000000000e+06
4.806176875000000000e+05
2.030517944335937500e+03
1.627871856689453125e+02
5.466861328125000000e+04
2.033402929687500000e+04
1.921544335937500000e+04
3.280613671875000000e+04
1.784761810302734375e+02
7.246338500976562500e+02
8.237588867187500000e+03
7.613849639892578125e+01
5.396364746093750000e+03
1.617239685058593750e+02
3.432064453125000000e+03
3.498060546875000000e+03
2.269711914062500000e+02
2.951487060546875000e+03
4.862388992309570312e+01
4.958459854125976562e+01
3.485101623535156250e+02
1.461126720000000000e+08
7.942713344000000000e+09
5.990190720000000000e+08
1.396421562500000000e+05
2.359576367187500000e+04
5.864264000000000000e+06
1.461126720000000000e+08
1.186686600000000000e+07
5.990190720000000000e+08
2.359576367187500000e+04
1.186686600000000000e+07
2.616738406400000000e+10
2.864441139200000000e+10
8.622847360000000000e+08
8.387563500000000000e+06
8.844758000000000000e+06
2.466080781250000000e+05
9.760838656000000000e+09
8.278789600000000000e+07
1.764803200000000000e+08
1.716045468750000000e+05
2.922470800000000000e+07
2.466646528000000000e+09
2.113598250000000000e+06
5.536095500000000000e+06
2.284453369140625000e+03
2.113598250000000000e+06
1.823203515625000000e+04
1.600792480468750000e+03
1.656448242187500000e+04
5.766711000000000000e+06
1.012274707031250000e+04
1.217388281250000000e+05
6.777712500000000000e+04
4.432463867187500000e+03
1.648303906250000000e+04
9.315684204101562500e+02
8.769287719726562500e+02
2.180047680000000000e+08
3.059621478400000000e+10
1.459445248000000000e+09
9.275703125000000000e+05
4.014313232421875000e+03
8.861441000000000000e+06
6.325191168000000000e+09
6.361320000000000000e+06
1.799535360000000000e+08
8.350518750000000000e+04
7.840861600000000000e+07
7.200489472000000000e+10
7.200489472000000000e+10
3.782982400000000000e+07
9.539525760000000000e+08
4.110641250000000000e+05
1.975877685546875000e+03
7.200489472000000000e+10
1.785517600000000000e+08
2.113708160000000000e+08
2.885754882812500000e+04
4.101834880000000000e+08
1.284891264000000000e+09
4.810545920000000000e+08
7.073729740800000000e+10
6.897487500000000000e+05
2.747380000000000000e+05
1.690339875000000000e+06
1.213328896000000000e+09
1.662578400000000000e+08
9.895023200000000000e+07
4.600133125000000000e+05
2.770077760000000000e+08
9.630629888000000000e+09
7.425002496000000000e+09
2.467625000000000000e+06
1.650229125000000000e+06
9.781243125000000000e+05
6.514876562500000000e+04
8.178664448000000000e+09
1.236144750000000000e+06
7.402607500000000000e+05
9.180046093750000000e+04
5.699967000000000000e+06
6.860803276800000000e+10
2.759513600000000000e+07
9.869736250000000000e+05
6.690644375000000000e+05
2.409548000000000000e+06
2.297105468750000000e+05
2.501510000000000000e+07
1.286457625000000000e+06
1.557782031250000000e+05
7.728558593750000000e+04
7.485324218750000000e+04
4.172778515625000000e+04
3.595087812500000000e+05
2.045067500000000000e+05
1.709729003906250000e+03
5.993141113281250000e+03
3.037721557617187500e+02
2.673889465332031250e+02
1.677131462097167969e+01
1.238402432000000000e+09
1.741402800000000000e+07
1.596253125000000000e+05
2.781467500000000000e+05
7.381599375000000000e+05
1.009147558593750000e+04
5.722891200000000000e+07
2.228155625000000000e+05
1.441485742187500000e+04
1.720992578125000000e+04
4.440872656250000000e+04
5.259686500000000000e+06
8.972040625000000000e+04
6.752635200000000000e+07
1.122158593750000000e+04
3.052031738281250000e+03
2.994382226562500000e+04
4.296167578125000000e+04
8.111015000000000000e+05
1.831151757812500000e+04
1.020957641601562500e+02
1.862423095703125000e+03
1.662794880000000000e+09
3.793268224000000000e+09
2.021031562500000000e+05
3.535461200000000000e+07
3.498500823974609375e+01
1.369086425781250000e+03
1.697969408000000000e+09
5.293621582031250000e+03
1.162159472656250000e+04
1.239818603515625000e+03
4.452433203125000000e+04
7.200489472000000000e+10
7.200489472000000000e+10
1.609671300000000000e+07
1.546416160000000000e+08
1.283597363281250000e+04
2.929960693359375000e+03
7.200489472000000000e+10
8.568870400000000000e+07
5.992450000000000000e+07
2.768405029296875000e+03
5.887184000000000000e+08
1.947750800000000000e+07
7.200489472000000000e+10
2.696840640000000000e+08
3.277564453125000000e+04
1.084325097656250000e+04
5.896978515625000000e+04
1.077743280000000000e+08
4.891365312500000000e+05
9.025504640000000000e+08
6.840340576171875000e+02
2.095047250000000000e+06
1.104227000000000000e+07
9.837270400000000000e+07
1.137427625000000000e+06
1.733866093750000000e+05
9.906250976562500000e+03
4.689461000000000000e+06
6.371125500000000000e+06
5.274842578125000000e+04
8.537439375000000000e+05
5.989260742187500000e+03
4.016762500000000000e+04
2.754389504000000000e+09
9.105217968750000000e+04
5.990190720000000000e+08
5.544618750000000000e+04
8.114138000000000000e+06
1.786297607421875000e+03
4.751871484375000000e+04
1.573991600000000000e+07
4.324297851562500000e+03
2.902335815429687500e+02
1.424381469726562500e+03
3.972938240000000000e+09
7.251289500000000000e+06
1.790606500000000000e+06
2.822786000000000000e+06
9.227324000000000000e+06
1.117510912000000000e+09
5.828469921875000000e+04
1.389763375000000000e+06
2.265441992187500000e+04
2.120269531250000000e+03
2.604038671875000000e+04
5.882698500000000000e+06
1.090398330688476562e+02
1.199186157226562500e+03
2.120269531250000000e+03
1.090398330688476562e+02
7.200489472000000000e+10
7.200489472000000000e+10
4.888062720000000000e+08
6.421186000000000000e+06
2.899911250000000000e+05
6.984553125000000000e+04
7.200489472000000000e+10
1.543381888000000000e+09
1.711019008000000000e+09
5.045875488281250000e+03
8.449798656000000000e+09
5.022511040000000000e+08
8.621777000000000000e+06
8.855701293945312500e+02
1.793913875000000000e+06
2.852542724609375000e+02
8.128655242919921875e+01
3.336558000000000000e+06
5.595545410156250000e+03
3.729620361328125000e+01
1.724415130615234375e+02
1.959873046875000000e+02
1.398351625000000000e+06
8.114138000000000000e+06
1.817660125000000000e+06
5.120621582031250000e+03
2.883102416992187500e+02
5.951607812500000000e+04
3.295121875000000000e+04
4.456860156250000000e+04
2.144289257812500000e+04
1.192056579589843750e+02
8.775850219726562500e+02
1.431516480000000000e+08
2.676960000000000000e+07
5.725198080000000000e+08
1.735030859375000000e+04
9.324542968750000000e+03
5.396613750000000000e+05
7.565402500000000000e+05
3.369044250000000000e+06
1.169112000000000000e+06
6.479174804687500000e+02
9.342253125000000000e+04
5.873393066406250000e+03
1.789821093750000000e+04
9.928843750000000000e+04
1.545919238281250000e+04
6.071008789062500000e+03
3.575296936035156250e+02
7.094283691406250000e+03
3.674851379394531250e+02
7.200489472000000000e+10
7.200489472000000000e+10
6.636563500000000000e+06
1.156476400000000000e+07
1.995966406250000000e+04
2.107372265625000000e+04
7.200489472000000000e+10
2.570354400000000000e+07
1.827267360000000000e+08
5.337084350585937500e+02
9.228262400000000000e+07
3.964900390625000000e+03
6.044353027343750000e+02
4.447340625000000000e+04
1.605014648437500000e+04
7.705950736999511719e+00
4.641896057128906250e+02
3.746069030761718750e+02
9.641453742980957031e+00
7.200489472000000000e+10
7.200489472000000000e+10
8.986605000000000000e+06
5.990190720000000000e+08
4.725789453125000000e+04
1.924970458984375000e+03
7.200489472000000000e+10
9.923033600000000000e+07
4.954431600000000000e+07
3.718984130859375000e+03
6.682260480000000000e+08
4.408185058593750000e+03
1.009147558593750000e+04
3.004021562500000000e+05
1.786906250000000000e+04
5.280766601562500000e+02
2.267882728576660156e+01
5.883524902343750000e+03
8.875900268554687500e+00
2.134174240000000000e+08
3.468147500000000000e+05
7.104767500000000000e+05
2.597044062500000000e+05
6.161888125000000000e+05
5.272003200000000000e+07
6.742580078125000000e+03
6.242383203125000000e+04
8.990854144000000000e+09
8.363826250000000000e+05
2.436462343750000000e+05
1.279957265625000000e+05
7.629671093750000000e+04
2.037594240000000000e+09
3.597541503906250000e+03
2.815967407226562500e+02
3.793268224000000000e+09
7.200489472000000000e+10
7.200489472000000000e+10
8.387563500000000000e+06
1.354663200000000000e+08
5.864264000000000000e+06
4.075742720000000000e+09
3.793268224000000000e+09
7.200489472000000000e+10
8.387563500000000000e+06
4.075742720000000000e+09
5.160384512000000000e+09
5.682247680000000000e+08
1.922577187500000000e+05
1.305149520000000000e+08
2.566431884765625000e+02
1.899299163818359375e+02
7.428229120000000000e+08
5.010024609375000000e+04
1.728601806640625000e+03
7.593925170898437500e+02
1.373648535156250000e+04
7.200489472000000000e+10
3.059621478400000000e+10
1.791664000000000000e+06
2.916838144000000000e+09
5.578708203125000000e+04
6.374004296875000000e+04
7.200489472000000000e+10
1.149976600000000000e+07
7.406651562500000000e+04
6.691664062500000000e+03
1.386883625000000000e+06
5.513856000000000000e+08
7.200489472000000000e+10
2.309992640000000000e+08
1.043803937500000000e+06
3.048875937500000000e+05
5.430932421875000000e+04
5.305547200000000000e+08
2.240107750000000000e+06
1.005405504000000000e+09
2.965238525390625000e+03
4.478003437500000000e+05
2.389947343750000000e+05
2.409455718994140625e+02
6.904079101562500000e+03
2.510560312500000000e+05
3.561543884277343750e+02
8.342752929687500000e+03
5.172660522460937500e+02
6.857710266113281250e+01
1.257299840000000000e+09
3.494542336000000000e+09
9.655375000000000000e+05
4.225301000000000000e+06
3.396597187500000000e+05
2.116187695312500000e+04
1.934959488000000000e+09
1.972988750000000000e+05
9.650787500000000000e+04
2.585145937500000000e+05
6.660988750000000000e+05
6.105910800000000000e+07
3.073104687500000000e+04
1.156476400000000000e+07
6.409454345703125000e+02
9.906250976562500000e+03
1.896542773437500000e+04
7.085385742187500000e+02
1.607453906250000000e+05
5.125110473632812500e+02
1.859650993347167969e+01
1.638101768493652344e+01
3.740989184000000000e+09
3.885497344000000000e+09
7.917375000000000000e+05
2.877124000000000000e+06
4.193920312500000000e+05
6.514876562500000000e+04
3.199147776000000000e+09
5.356925625000000000e+05
2.407961718750000000e+05
1.424937812500000000e+05
1.080462250000000000e+06
1.260655206400000000e+10
4.081756160000000000e+09
2.108666259765625000e+03
2.877321500000000000e+06
4.728959472656250000e+03
1.671073455810546875e+02
1.391351168000000000e+09
1.153239624023437500e+03
1.503816223144531250e+02
7.815443420410156250e+01
5.900752639770507812e+01
1.498444160000000000e+09
2.546797363200000000e+10
8.743108750000000000e+05
8.387563500000000000e+06
1.224599531250000000e+05
1.926057812500000000e+04
3.679688640000000000e+08
4.124903125000000000e+04
3.513590250000000000e+06
9.577592773437500000e+03
6.132119921875000000e+04
2.274999520000000000e+08
7.782148125000000000e+05
3.716510250000000000e+06
1.006317600000000000e+07
8.387563500000000000e+06
2.547541406250000000e+05
2.459359218750000000e+05
6.564301875000000000e+05
4.391414062500000000e+03
1.871769843750000000e+05
3.260591308593750000e+03
1.757134000000000000e+07
2.363224800000000000e+07
1.941824875000000000e+06
1.173573144531250000e+04
4.886206542968750000e+03
5.650442187500000000e+04
4.350219531250000000e+04
6.296698437500000000e+04
2.243161914062500000e+04
3.405493927001953125e+01
2.809653320312500000e+02
4.363319296000000000e+09
5.961670625000000000e+05
1.291433750000000000e+05
5.787790527343750000e+02
1.149614531250000000e+05
1.171903359375000000e+05
1.829112815856933594e+01
3.480936431884765625e+01
1.470655625000000000e+05
2.383880126953125000e+03
2.951367187500000000e+03
2.989411718750000000e+04
2.866267395019531250e+02
5.334863891601562500e+02
2.741100883483886719e+01
4.187533569335937500e+01
1.456594250000000000e+06
3.989037322998046875e+01
4.977215820312500000e+03
1.360463256835937500e+03
7.081072998046875000e+02
3.925126953125000000e+03
2.773237609863281250e+01
2.038793029785156250e+02
1.915211680000000000e+08
3.568257600000000000e+07
9.980555664062500000e+03
1.114723358154296875e+02
1.262232375000000000e+06
4.428405078125000000e+04
7.647147369384765625e+01
4.334048828125000000e+04
6.553643000000000000e+06
1.661331800000000000e+07
1.325643500000000000e+06
5.720666500000000000e+06
3.549705000000000000e+05
1.912628906250000000e+05
1.594837250000000000e+06
2.236714062500000000e+05
3.591065088000000000e+09
1.939737600000000000e+09
8.363826250000000000e+05
9.909688750000000000e+05
2.479489687500000000e+05
2.631822070312500000e+04
2.927036928000000000e+09
6.626389375000000000e+05
2.226105937500000000e+05
1.708121875000000000e+04
1.037653312500000000e+06
5.039101562500000000e+04
6.376776953125000000e+04
4.901334533691406250e+02
2.772177734375000000e+03
9.224955444335937500e+02
6.574048461914062500e+02
1.404301025390625000e+03
1.162400024414062500e+03
5.539309978485107422e+00
3.222058410644531250e+02
1.006243362426757812e+02
6.881377500000000000e+05
3.595087812500000000e+05
2.480826406250000000e+05
1.439306488037109375e+02
2.824283593750000000e+04
8.070878601074218750e+01
9.692650794982910156e+00
5.576625347137451172e+00
1.223199744000000000e+09
3.674830250000000000e+06
2.380488000000000000e+06
2.810773925781250000e+02
1.908011500000000000e+06
4.219926171875000000e+04
8.411527709960937500e+02
1.016841992187500000e+04
7.200489472000000000e+10
3.779618048000000000e+09
2.886168750000000000e+05
2.916838144000000000e+09
2.640462402343750000e+03
1.668394165039062500e+03
7.200489472000000000e+10
4.199358000000000000e+06
1.766467773437500000e+04
3.969835205078125000e+03
2.471142656250000000e+05
7.200489472000000000e+10
2.040758125000000000e+06
5.240650500000000000e+06
5.143109062500000000e+05
1.071912000000000000e+06
8.475697600000000000e+07
1.617628281250000000e+05
1.042629394531250000e+04
7.200489472000000000e+10
1.741618176000000000e+10
6.678048125000000000e+05
4.300542000000000000e+06
4.272137500000000000e+05
3.096239375000000000e+05
9.446338560000000000e+09
6.256978125000000000e+05
6.558382500000000000e+05
4.843049218750000000e+04
2.917339375000000000e+05
1.335639040000000000e+08
3.652690673828125000e+03
4.424298800000000000e+07
3.135141296386718750e+02
1.006206812500000000e+06
6.306007080078125000e+02
2.318079833984375000e+03
1.700315040000000000e+08
7.924704589843750000e+02
1.300650482177734375e+02
2.034137207031250000e+03
3.037777500000000000e+05
7.942713344000000000e+09
6.138750720000000000e+08
5.404769897460937500e+02
4.827150726318359375e+01
6.003010500000000000e+06
3.037777500000000000e+05
3.316415625000000000e+04
6.138750720000000000e+08
4.827150726318359375e+01
3.316415625000000000e+04
1.734569344000000000e+09
2.023012400000000000e+07
1.048483000000000000e+06
3.777299499511718750e+01
2.639472250000000000e+06
4.814573730468750000e+03
2.713881301879882812e+01
1.800755273437500000e+04
7.200489472000000000e+10
4.942685184000000000e+09
1.122598437500000000e+04
5.990190720000000000e+08
1.306422949218750000e+04
1.608436523437500000e+03
7.200489472000000000e+10
4.661150781250000000e+04
3.472136328125000000e+04
2.564214111328125000e+03
3.952923437500000000e+05
8.451257600000000000e+07
1.198646125000000000e+06
2.090610250000000000e+06
1.300345375000000000e+06
1.975966375000000000e+06
2.065351406250000000e+05
5.110224687500000000e+05
1.548552100000000000e+07
2.767674414062500000e+04
8.697805468750000000e+04
1.863464453125000000e+04
4.644770000000000000e+06
1.310157031250000000e+05
1.346270125000000000e+06
1.372990900000000000e+07
1.231593984375000000e+05
4.189542500000000000e+05
1.144248359375000000e+05
1.959882617187500000e+04
2.914928960000000000e+08
1.900135000000000000e+05
1.636389700000000000e+07
1.877851318359375000e+03
1.663579101562500000e+04
1.825721679687500000e+03
1.665661914062500000e+04
2.294160000000000000e+06
4.967546997070312500e+02
2.658256835937500000e+02
2.428206542968750000e+03
7.119564800000000000e+07
3.528512187500000000e+05
6.038715520000000000e+08
6.608380737304687500e+02
4.394187988281250000e+03
1.613157421875000000e+04
4.659741406250000000e+04
1.493356250000000000e+06
2.453619531250000000e+04
6.063736724853515625e+01
5.770170898437500000e+02
1.315960720000000000e+08
6.865598144531250000e+03
1.800668320000000000e+08
1.577652587890625000e+02
9.906250976562500000e+03
3.469036132812500000e+03
4.593040084838867188e+01
3.649387500000000000e+05
3.636274414062500000e+03
4.297962665557861328e+00
1.194290542602539062e+01
2.616182812500000000e+05
1.301367309570312500e+03
1.802580356597900391e+00
1.246029281616210938e+02
1.833972625732421875e+02
0.000000000000000000e+00
9.130740165710449219e+00
0.000000000000000000e+00
1.000513359375000000e+05
2.288314971923828125e+02
4.234497680664062500e+02
2.487201250000000000e+05
2.696803894042968750e+02
1.944038238525390625e+02
1.327805938720703125e+02
7.723195648193359375e+01
5.340948800000000000e+07
1.758971084800000000e+10
7.200489472000000000e+10
2.805979062500000000e+05
4.520578613281250000e+03
2.699825920000000000e+08
1.081700096000000000e+09
5.340948800000000000e+07
1.758971084800000000e+10
2.805979062500000000e+05
1.081700096000000000e+09
3.010922187500000000e+05
1.310157031250000000e+05
3.529680312500000000e+05
2.921764257812500000e+04
2.763472851562500000e+04
5.100780761718750000e+03
9.335639190673828125e+01
1.314283294677734375e+02
5.040437760000000000e+08
8.128945152000000000e+09
2.505650500000000000e+06
1.321924250000000000e+06
3.244812812500000000e+05
6.896869375000000000e+05
3.751877440000000000e+08
4.593114843750000000e+04
1.421594875000000000e+06
6.750000781250000000e+04
6.917842187500000000e+04
8.094489088000000000e+09
7.615302656000000000e+09
8.026820500000000000e+06
3.502746800000000000e+07
1.367829500000000000e+06
1.606738125000000000e+05
1.115145344000000000e+09
3.373934500000000000e+06
9.487221000000000000e+06
2.440624804687500000e+04
1.051129125000000000e+06
4.312540000000000000e+05
1.009147558593750000e+04
1.363254625000000000e+06
4.445168750000000000e+05
7.320112304687500000e+03
5.960179199218750000e+03
2.923297460937500000e+04
1.790336608886718750e+02
3.976180800000000000e+08
6.087196250000000000e+05
5.990190720000000000e+08
2.695710205078125000e+03
1.551218906250000000e+05
3.039714453125000000e+04
2.530625390625000000e+04
1.287021200000000000e+07
7.561522656250000000e+04
4.162679748535156250e+02
4.490790039062500000e+03
2.823939941406250000e+03
2.808095550537109375e+01
7.239428710937500000e+02
4.539655456542968750e+02
8.908651351928710938e+00
2.091321754455566406e+01
2.374083328247070312e+01
2.968941688537597656e+00
7.032503040000000000e+08
4.594560625000000000e+05
5.920316250000000000e+05
5.313431152343750000e+03
7.562740625000000000e+04
1.030189453125000000e+05
1.465363281250000000e+03
1.235879287719726562e+02
7.200489472000000000e+10
7.200489472000000000e+10
7.200489472000000000e+10
4.633712640000000000e+09
7.942713344000000000e+09
2.662906240000000000e+08
7.200489472000000000e+10
7.200489472000000000e+10
7.200489472000000000e+10
4.633712640000000000e+09
7.200489472000000000e+10
1.599495019531250000e+04
2.119114062500000000e+04
4.779733657836914062e+01
3.261440917968750000e+03
1.371681671142578125e+02
0.000000000000000000e+00
3.581724166870117188e+01
0.000000000000000000e+00
5.377932617187500000e+03
1.001087207031250000e+04
1.703590781250000000e+05
1.696802520751953125e+02
2.496874511718750000e+03
1.598380851745605469e+01
1.752209472656250000e+02
1.049779653549194336e+00
1.119433625600000000e+10
6.704448640000000000e+08
9.655375000000000000e+05
2.123929531250000000e+05
5.834435625000000000e+05
1.581799062500000000e+05
6.297378400000000000e+07
9.697989843750000000e+04
6.739513750000000000e+05
2.034692968750000000e+04
1.433446875000000000e+05
7.018258300781250000e+03
1.832005119323730469e+01
1.291768310546875000e+03
5.829355468750000000e+02
3.488436889648437500e+01
2.797126197814941406e+01
1.867352867126464844e+01
8.212463378906250000e+00
7.200489472000000000e+10
7.200489472000000000e+10
9.343841000000000000e+06
5.990190720000000000e+08
4.611109375000000000e+04
5.501173706054687500e+02
7.200489472000000000e+10
2.784932480000000000e+08
1.072471280000000000e+08
1.433307495117187500e+03
1.324831360000000000e+09
2.236244500000000000e+06
1.602398281250000000e+05
1.773344000000000000e+06
1.645963281250000000e+04
1.685211562500000000e+05
1.711187304687500000e+04
6.250729980468750000e+02
3.866060791015625000e+02
1.452633600000000000e+10
8.848816000000000000e+06
8.996142968750000000e+04
1.612952148437500000e+03
9.843125625000000000e+05
1.396332750000000000e+06
3.173531188964843750e+02
2.007507031250000000e+04
3.562030400000000000e+08
1.895891500000000000e+06
1.303547890625000000e+05
5.232776641845703125e+01
8.866659375000000000e+05
2.809158447265625000e+03
3.025935935974121094e+01
2.808810058593750000e+03
1.997542400000000000e+08
9.440564375000000000e+05
5.756100390625000000e+04
1.222943115234375000e+02
4.250549687500000000e+05
1.662416406250000000e+04
1.815492630004882812e+01
5.208576049804687500e+02
8.683679200000000000e+07
5.799625000000000000e+05
5.990190720000000000e+08
5.102006149291992188e+01
5.249047363281250000e+03
2.196889404296875000e+03
4.154901171875000000e+04
1.045138100000000000e+07
2.390932226562500000e+04
6.256969070434570312e+01
1.637476855468750000e+04
7.200489472000000000e+10
3.793268224000000000e+09
2.406772320000000000e+08
2.274999520000000000e+08
4.441355000000000000e+05
1.791037125000000000e+06
7.200489472000000000e+10
7.776108800000000000e+08
1.373168900000000000e+07
1.462063750000000000e+05
5.192483500000000000e+06
7.200489472000000000e+10
7.200489472000000000e+10
8.352866875000000000e+05
6.153673600000000000e+08
3.733879296875000000e+04
3.339100341796875000e+03
7.200489472000000000e+10
1.128874500000000000e+07
1.407728900000000000e+07
4.600217773437500000e+03
7.010696000000000000e+07
1.349770560000000000e+08
2.098004250000000000e+06
2.026043281250000000e+05
2.581855468750000000e+03
6.348126875000000000e+05
8.102463281250000000e+04
7.759092407226562500e+02
6.306005859375000000e+03
7.200489472000000000e+10
7.200489472000000000e+10
8.403338125000000000e+05
2.029905120000000000e+08
5.615681762695312500e+02
4.445427246093750000e+02
7.200489472000000000e+10
8.683726875000000000e+05
1.347716800000000000e+07
8.656803131103515625e+01
1.519179900000000000e+07
1.251237200000000000e+08
1.616840900000000000e+07
6.471161600000000000e+08
4.892315917968750000e+03
8.018318847656250000e+03
5.884097265625000000e+04
2.287032812500000000e+05
1.456937375000000000e+06
9.277428750000000000e+05
1.509258575439453125e+02
8.498964843750000000e+03
8.465712800000000000e+07
2.223522406400000000e+10
8.538328800000000000e+07
1.715057125000000000e+06
1.760499633789062500e+03
1.219607734375000000e+05
4.307304000000000000e+08
1.221601000000000000e+06
1.048368500000000000e+07
2.861266406250000000e+04
4.416294500000000000e+06
3.528041984000000000e+09
6.675233750000000000e+05
6.236849280000000000e+08
1.968150878906250000e+03
2.558675937500000000e+05
2.250875488281250000e+03
2.783385937500000000e+05
1.070938160000000000e+08
2.688896875000000000e+04
7.494185791015625000e+02
2.075027343750000000e+04
3.522852454400000000e+10
1.215336303710937500e+03
7.813581500000000000e+06
1.389730371093750000e+04
1.352685625000000000e+06
3.353798339843750000e+03
9.675974609375000000e+03
1.676053120000000000e+08
9.184371185302734375e+01
5.822128295898437500e+02
6.256245727539062500e+02
6.176420703125000000e+04
1.891851125000000000e+06
3.130225312500000000e+05
4.081953515625000000e+04
1.183784667968750000e+03
3.972023925781250000e+02
4.401714062500000000e+04
4.468571472167968750e+01
2.131799296000000000e+09
2.023012400000000000e+07
1.852689218750000000e+05
1.304790527343750000e+03
2.541109250000000000e+06
5.017251250000000000e+05
7.808173217773437500e+02
1.110856484375000000e+05
3.698753906250000000e+03
1.658819213867187500e+03
2.779184570312500000e+02
1.986713671875000000e+04
1.352042388916015625e+01
1.892679214477539062e+00
1.038265914916992188e+02
0.000000000000000000e+00
2.510902812500000000e+05
4.456881640625000000e+04
3.804499375000000000e+05
2.501567500000000000e+06
4.586180419921875000e+02
1.235931152343750000e+04
1.829303125000000000e+04
7.732132568359375000e+02
7.200489472000000000e+10
7.200489472000000000e+10
4.501066000000000000e+07
1.834400400000000000e+07
3.114782187500000000e+05
1.988078002929687500e+03
7.200489472000000000e+10
2.284270848000000000e+09
6.464277760000000000e+08
7.046190185546875000e+02
9.379980288000000000e+09
7.540085156250000000e+04
5.042183203125000000e+04
8.318063360000000000e+08
3.927738666534423828e+00
7.137181854248046875e+01
6.162154541015625000e+02
1.170422210693359375e+02
4.037178515625000000e+04
3.196454345703125000e+03
2.947907209396362305e+00
2.515144348144531250e+02
7.200489472000000000e+10
4.067118896484375000e+03
2.864367968750000000e+04
6.036599218750000000e+04
1.161900000000000000e+04
8.044055000000000000e+06
5.678158569335937500e+01
6.924128532409667969e+00
1.779826562500000000e+05
4.176892089843750000e+01
1.422267822265625000e+03
6.403377734375000000e+04
5.944864654541015625e+01
4.421453247070312500e+02
2.162967872619628906e+01
3.532524108886718750e+01
7.200489472000000000e+10
7.200489472000000000e+10
7.200489472000000000e+10
5.990190720000000000e+08
7.942713344000000000e+09
5.864264000000000000e+06
7.200489472000000000e+10
7.200489472000000000e+10
7.200489472000000000e+10
5.990190720000000000e+08
7.200489472000000000e+10
3.201727250000000000e+06
1.440133750000000000e+05
2.208910250000000000e+06
6.524240625000000000e+05
1.079603984375000000e+05
1.971746679687500000e+04
1.276978515625000000e+05
2.316992919921875000e+03
2.916838144000000000e+09
1.501274687500000000e+05
5.990190720000000000e+08
2.434650000000000000e+04
8.387563500000000000e+06
8.684736328125000000e+02
9.202326562500000000e+04
1.627332300000000000e+07
1.551313085937500000e+04
9.486630859375000000e+02
1.492861572265625000e+03
1.502775878906250000e+02
3.009763183593750000e+02
3.242547912597656250e+02
1.236886160000000000e+08
8.387563500000000000e+06
5.626790000000000000e+06
1.540700073242187500e+02
6.914380645751953125e+01
3.258113098144531250e+02
7.998097500000000000e+06
7.218920135498046875e+01
4.299541500000000000e+06
1.513280200000000000e+07
1.620763375000000000e+06
5.864264000000000000e+06
4.885146562500000000e+05
6.197449609375000000e+04
1.620763375000000000e+06
6.197449609375000000e+04
1.395751200000000000e+07
9.498809000000000000e+06
4.297728906250000000e+04
1.846164375000000000e+06
5.802208984375000000e+03
5.004938964843750000e+03
6.647566875000000000e+05
4.466664062500000000e+04
1.150041699218750000e+04
1.765139648437500000e+03
1.933550659179687500e+03
1.159688100000000000e+07
6.249053125000000000e+05
1.706988125000000000e+05
3.990234130859375000e+03
6.165015625000000000e+04
1.051358750000000000e+06
8.554808349609375000e+02
7.344898925781250000e+03
5.862564086914062500e+01
1.603969116210937500e+02
4.796147766113281250e+02
1.335432031250000000e+04
4.428311250000000000e+05
5.870660000000000000e+06
2.394042015075683594e+01
5.862564086914062500e+01
1.603969116210937500e+02
1.335432031250000000e+04
2.394042015075683594e+01
1.092127280000000000e+08
1.268633200000000000e+08
1.156476400000000000e+07
6.388947000000000000e+06
1.022416812500000000e+06
2.724440000000000000e+06
2.669974000000000000e+07
3.870493750000000000e+05
2.551096500000000000e+06
3.560568125000000000e+05
3.078106250000000000e+05
5.794932861328125000e+02
6.292243957519531250e+01
3.001719482421875000e+03
6.473294830322265625e+01
1.263191604614257812e+01
0.000000000000000000e+00
0.000000000000000000e+00
0.000000000000000000e+00
9.474914062500000000e+03
5.313740234375000000e+03
2.579653710937500000e+04
5.894188000000000000e+06
2.989373474121093750e+02
9.869247436523437500e+02
5.313740234375000000e+03
2.989373474121093750e+02
7.821683200000000000e+07
6.455896875000000000e+04
3.543779500000000000e+06
7.555086517333984375e+01
2.891763671875000000e+04
1.052581054687500000e+04
6.084034667968750000e+03
1.809258906250000000e+05
3.076220092773437500e+02
1.143754196166992188e+02
3.162657775878906250e+02
9.927676800000000000e+08
1.596253125000000000e+05
1.146845000000000000e+06
2.941301367187500000e+04
5.166367187500000000e+04
2.212053250000000000e+06
3.081374804687500000e+04
2.730101013183593750e+02
2.913916562500000000e+05
2.529893440000000000e+08
2.046612875000000000e+06
1.285448535156250000e+04
2.912355224609375000e+03
5.948103500000000000e+06
2.913916562500000000e+05
5.591230859375000000e+04
2.046612875000000000e+06
2.912355224609375000e+03
5.591230859375000000e+04
7.200489472000000000e+10
7.200489472000000000e+10
2.213064000000000000e+06
7.295312000000000000e+07
5.840003906250000000e+03
3.494491455078125000e+03
7.200489472000000000e+10
7.859303500000000000e+06
5.342616500000000000e+06
1.297663818359375000e+03
1.232534160000000000e+08
3.742723328000000000e+09
2.388156800000000000e+08
7.944898750000000000e+05
5.421643125000000000e+05
4.193920312500000000e+05
4.814955078125000000e+03
7.398619520000000000e+08
5.370614375000000000e+05
1.063312890625000000e+04
1.861879882812500000e+04
1.294111640625000000e+05
2.966048000000000000e+07
4.414473437500000000e+04
3.758615750000000000e+06
9.819040298461914062e+00
8.139014160156250000e+03
4.806338195800781250e+02
6.753561496734619141e-01
0.000000000000000000e+00
7.574939843750000000e+04
3.909088125000000000e+05
2.770383125000000000e+05
5.742711425781250000e+03
4.762401562500000000e+04
4.271457031250000000e+03
1.399390502929687500e+03
3.137845153808593750e+02
6.449392578125000000e+03
9.413054809570312500e+02
3.194436132812500000e+04
3.811666748046875000e+03
1.241821746826171875e+02
5.437496948242187500e+01
4.712280883789062500e+02
2.770471572875976562e+01
8.136421888000000000e+09
1.942699648000000000e+09
2.038997656250000000e+04
1.248593375000000000e+06
6.731007324218750000e+03
7.732830810546875000e+02
2.994587136000000000e+09
1.352296289062500000e+04
7.677865234375000000e+03
6.611922607421875000e+02
2.574313085937500000e+04
5.712701500000000000e+06
3.059621478400000000e+10
2.450054443359375000e+03
1.403733691406250000e+04
1.394013881683349609e+01
4.951582908630371094e+00
6.770410240000000000e+08
1.810641967773437500e+03
3.373955383300781250e+02
2.171159172058105469e+01
1.936780883789062500e+03
7.226734720000000000e+08
1.550319238281250000e+04
6.193426560000000000e+08
7.043407592773437500e+02
1.117852578125000000e+05
2.716634277343750000e+03
6.037281494140625000e+02
8.509466000000000000e+06
5.125195312500000000e+03
1.840267562866210938e+01
1.370178375244140625e+02
1.021244620800000000e+10
2.063232480000000000e+08
3.393881500000000000e+06
1.238897920000000000e+08
7.485796250000000000e+05
1.923875781250000000e+05
1.754179200000000000e+09
6.536328500000000000e+06
8.367704375000000000e+05
2.373412187500000000e+05
1.286055375000000000e+06
1.659559936000000000e+09
8.128945152000000000e+09
2.728792750000000000e+06
4.442676250000000000e+05
4.564416406250000000e+04
7.381599375000000000e+05
5.860721280000000000e+08
5.976355078125000000e+04
1.529410500000000000e+06
1.983979492187500000e+04
1.604810000000000000e+05
3.336146250000000000e+05
6.679271250000000000e+05
3.768666250000000000e+06
1.078049804687500000e+03
8.786857910156250000e+02
2.649769687500000000e+05
4.295838867187500000e+03
1.276136718750000000e+04
3.757747558593750000e+03
2.707421264648437500e+02
6.968134155273437500e+02
8.105968627929687500e+02
2.829808044433593750e+01
5.323264770507812500e+02
1.321337343750000000e+05
8.387563500000000000e+06
2.045503125000000000e+04
5.765238761901855469e+00
3.847745361328125000e+02
1.110703563690185547e+01
1.022473828125000000e+04
5.924331665039062500e+00
8.297209000000000000e+06
1.514000000000000000e+08
5.990190720000000000e+08
2.367220458984375000e+03
4.265711364746093750e+02
1.795908125000000000e+06
9.538264375000000000e+05
2.173424531250000000e+05
4.108151600000000000e+07
6.607323608398437500e+02
2.392285000000000000e+05
1.256369792000000000e+09
8.070963200000000000e+09
1.228061625000000000e+06
6.872156000000000000e+06
1.107252000000000000e+06
3.047611562500000000e+05
5.015008768000000000e+09
1.381096000000000000e+06
7.587931875000000000e+05
4.908505937500000000e+05
7.992182500000000000e+05
6.105910800000000000e+07
2.037422656250000000e+05
1.392974700000000000e+07
1.206008789062500000e+03
1.345095605468750000e+04
3.143129150390625000e+03
9.399558593750000000e+03
1.556334218750000000e+05
5.436546020507812500e+02
3.276352310180664062e+01
6.940893554687500000e+01
3.588249280000000000e+08
2.728792750000000000e+06
1.719498593750000000e+05
7.998065948486328125e+01
7.346530468750000000e+04
5.854213867187500000e+03
1.400271511077880859e+01
8.626059532165527344e+00
7.200489472000000000e+10
7.200489472000000000e+10
9.742768000000000000e+07
1.156476400000000000e+07
4.217605078125000000e+04
3.046651171875000000e+04
7.200489472000000000e+10
6.390430080000000000e+08
3.351734800000000000e+07
9.919166259765625000e+02
7.126890880000000000e+08
1.169249280000000000e+10
7.200489472000000000e+10
8.256551875000000000e+05
1.095552300000000000e+07
6.780190917968750000e+03
3.503282958984375000e+03
5.109594521600000000e+10
3.623056562500000000e+05
1.564154600000000000e+07
1.460897949218750000e+03
2.337987750000000000e+06
7.466869760000000000e+09
7.829321875000000000e+05
3.937330468750000000e+04
1.955064400000000000e+07
6.866804375000000000e+05
1.400943104000000000e+09
1.409890014648437500e+03
1.049255781250000000e+05
4.309801875000000000e+05
8.912045000000000000e+06
1.648473281250000000e+05
2.388365173339843750e+02
3.407483642578125000e+03
1.936740156250000000e+05
4.080961669921875000e+03
1.351946875000000000e+04
3.345077343750000000e+04
6.607778930664062500e+01
2.231811828613281250e+02
7.200489472000000000e+10
7.200489472000000000e+10
7.789911200000000000e+07
7.970898000000000000e+06
2.974671093750000000e+04
2.799969335937500000e+04
7.200489472000000000e+10
4.513740160000000000e+08
2.608427600000000000e+07
6.401221923828125000e+02
6.120780800000000000e+08
7.200489472000000000e+10
6.602945200000000000e+07
9.575304800000000000e+07
8.185964160000000000e+08
3.576011500000000000e+06
5.893877441406250000e+03
7.200489472000000000e+10
1.279347456000000000e+09
1.917070507812500000e+04
1.866027148437500000e+04
8.364457500000000000e+05
7.200489472000000000e+10
1.464666406250000000e+05
7.200489472000000000e+10
9.510277343750000000e+03
7.942713344000000000e+09
4.772816894531250000e+03
1.372400937500000000e+05
7.200489472000000000e+10
1.464666406250000000e+05
9.510277343750000000e+03
1.372400937500000000e+05
6.183953515625000000e+04
1.341841625000000000e+06
1.171662900000000000e+07
1.305863380432128906e+01
2.813436584472656250e+02
1.584240312500000000e+05
1.083186721801757812e+02
3.944254394531250000e+03
1.325018554687500000e+04
5.210877895355224609e+00
3.200039291381835938e+01
6.535470581054687500e+02
5.877991333007812500e+02
1.031841328125000000e+05
2.356043052673339844e+01
7.261732101440429688e+00
0.000000000000000000e+00
3.351077079772949219e+00
0.000000000000000000e+00
7.200489472000000000e+10
3.793268224000000000e+09
2.952268288000000000e+09
4.671380160000000000e+08
1.771268500000000000e+06
8.844758000000000000e+06
7.200489472000000000e+10
4.472779161600000000e+10
5.676590400000000000e+07
5.185810312500000000e+05
2.198315520000000000e+08
6.645578240000000000e+08
2.402771500000000000e+06
1.965832812500000000e+05
7.266285644531250000e+03
7.760929375000000000e+05
1.021628312500000000e+06
3.327183105468750000e+03
6.726353125000000000e+04
1.262622400000000000e+08
1.034938750000000000e+05
8.544943237304687500e+02
2.419665156250000000e+05
4.041851806640625000e+03
7.800344238281250000e+02
1.161696015625000000e+05
5.094686718750000000e+04
1.846717453002929688e+01
3.454545593261718750e+02
3.053036499023437500e+02
4.070366464000000000e+09
2.052529792000000000e+09
2.740526250000000000e+06
2.877124000000000000e+06
4.193920312500000000e+05
6.514876562500000000e+04
2.832245248000000000e+09
7.059037500000000000e+05
5.936587500000000000e+05
1.424937812500000000e+05
2.788835500000000000e+06
1.701429687500000000e+04
1.566356849670410156e+01
1.293519375000000000e+05
1.720424346923828125e+02
4.479857921600341797e+00
3.969319534301757812e+01
5.830457687377929688e+01
3.597476959228515625e+00
4.503372500000000000e+06
9.992536718750000000e+04
6.864248535156250000e+03
1.634142773437500000e+04
9.527772460937500000e+03
8.780325317382812500e+02
1.383087890625000000e+03
1.826284637451171875e+02
6.678899712000000000e+09
1.366655840000000000e+08
2.958085937500000000e+05
4.556089062500000000e+05
5.516467500000000000e+05
3.881562744140625000e+03
3.600521280000000000e+08
2.957781250000000000e+05
1.657753710937500000e+04
1.578757324218750000e+04
7.398970312500000000e+04
2.130905088000000000e+09
2.023012400000000000e+07
5.040525312500000000e+05
7.552937500000000000e+04
4.239549500000000000e+06
1.506829280000000000e+08
8.638501953125000000e+03
6.628860000000000000e+05
6.700574720000000000e+08
1.897791562500000000e+05
1.836324687500000000e+05
1.114741325378417969e+00
1.342682128906250000e+04
8.882980346679687500e+02
0.000000000000000000e+00
0.000000000000000000e+00
8.493038080000000000e+09
1.895891500000000000e+06
7.163536875000000000e+05
9.143661718750000000e+04
4.949573000000000000e+06
8.719350400000000000e+08
1.007072558593750000e+04
4.888497187500000000e+05
1.314598906250000000e+05
1.488790625000000000e+05
2.690435312500000000e+05
8.730219726562500000e+03
2.872454296875000000e+04
1.083727172851562500e+03
4.201089172363281250e+02
2.309445648193359375e+02
8.150700625000000000e+05
3.826035937500000000e+05
8.320587890625000000e+03
5.864264000000000000e+06
3.517028808593750000e+03
2.370670654296875000e+03
8.320587890625000000e+03
2.370670654296875000e+03
1.246235500000000000e+06
7.200489472000000000e+10
5.184813500000000000e+06
6.990312988281250000e+03
2.158024024963378906e+01
6.234921264648437500e+02
6.268415000000000000e+05
4.105817260742187500e+02
6.549586400000000000e+07
5.629443168640136719e+00
3.677532348632812500e+02
8.693111328125000000e+03
2.265835449218750000e+03
5.236830078125000000e+03
5.973415234375000000e+04
3.390081481933593750e+02
4.182789993286132812e+01
8.115756988525390625e+01
2.278090286254882812e+01
6.806210560000000000e+08
1.306843440000000000e+08
1.895521484375000000e+03
5.599045000000000000e+05
4.629813964843750000e+03
3.725186920166015625e+01
1.281921200000000000e+08
2.493779785156250000e+03
1.883366241455078125e+02
3.927388916015625000e+02
1.549114501953125000e+03
7.200489472000000000e+10
7.200489472000000000e+10
1.178159000000000000e+06
1.156476400000000000e+07
2.974532165527343750e+02
2.682303466796875000e+02
7.200489472000000000e+10
2.147808250000000000e+06
9.251590000000000000e+06
1.362761116027832031e+01
3.306064800000000000e+07
7.200489472000000000e+10
5.312149440000000000e+08
1.395259680000000000e+08
6.270437760000000000e+08
8.805831000000000000e+06
2.858739062500000000e+05
7.200489472000000000e+10
8.245846528000000000e+09
1.231418125000000000e+06
2.110935156250000000e+05
9.028352000000000000e+06
1.646705625000000000e+05
7.845486328125000000e+03
7.019088750000000000e+05
5.835110000000000000e+06
8.980415039062500000e+02
4.618979296875000000e+04
7.832924804687500000e+03
8.978073730468750000e+02
1.132084838400000000e+10
3.445417200000000000e+07
2.863371750000000000e+06
4.166668701171875000e+01
7.907736500000000000e+06
1.062546484375000000e+04
1.254999446868896484e+01
6.138184814453125000e+02
6.357056875000000000e+05
5.676514062500000000e+04
6.567612915039062500e+02
6.664261000000000000e+06
2.978103320312500000e+04
1.088531005859375000e+03
7.122111206054687500e+02
1.197233886718750000e+03
4.698388480000000000e+10
3.609998592000000000e+09
1.316744262695312500e+03
2.845690500000000000e+06
1.545322167968750000e+04
9.854263916015625000e+02
3.042034688000000000e+09
8.916977539062500000e+02
7.716878662109375000e+02
2.664906616210937500e+02
9.997590942382812500e+02
3.744001536000000000e+09
3.173338250000000000e+06
4.928561000000000000e+06
5.946583175659179688e+01
4.979856500000000000e+06
2.375313671875000000e+04
2.145762786865234375e+02
1.458424609375000000e+04
1.821591093750000000e+05
1.310200781250000000e+05
3.761875488281250000e+03
6.044827000000000000e+06
4.565338378906250000e+03
6.101295166015625000e+02
3.897978515625000000e+03
6.590494995117187500e+02
7.941726684570312500e+02
9.485481262207031250e+01
9.765046386718750000e+02
6.212893500000000000e+06
0.000000000000000000e+00
1.540866661071777344e+01
9.805652618408203125e+01
0.000000000000000000e+00
7.200489472000000000e+10
7.200489472000000000e+10
9.311094400000000000e+07
5.407439000000000000e+06
5.549880625000000000e+05
7.662200781250000000e+04
7.200489472000000000e+10
3.427564480000000000e+08
3.494700480000000000e+08
8.608218750000000000e+03
1.518092416000000000e+09
7.200489472000000000e+10
7.200489472000000000e+10
1.583717248000000000e+09
1.834400400000000000e+07
5.992565500000000000e+06
2.540505625000000000e+05
7.200489472000000000e+10
1.660539289600000000e+10
2.525709568000000000e+09
2.871821679687500000e+04
2.886940057600000000e+10
7.200489472000000000e+10
7.200489472000000000e+10
4.879710500000000000e+06
5.966325120000000000e+08
6.756318750000000000e+04
6.812345581054687500e+02
7.200489472000000000e+10
5.062760000000000000e+07
2.130577600000000000e+07
2.845359130859375000e+03
2.849800960000000000e+08
1.611399424000000000e+09
7.944898750000000000e+05
7.321674500000000000e+06
2.422791290283203125e+01
2.971125312500000000e+05
2.131404785156250000e+03
2.025316238403320312e+01
4.780257940292358398e-01
7.200489472000000000e+10
3.793268224000000000e+09
7.200489472000000000e+10
2.913012992000000000e+09
8.152235008000000000e+09
1.354663200000000000e+08
7.200489472000000000e+10
7.200489472000000000e+10
3.793268224000000000e+09
2.913012992000000000e+09
7.200489472000000000e+10
3.885330322265625000e+03
2.849406127929687500e+02
2.817363037109375000e+03
3.065423828125000000e+04
9.988816833496093750e+01
2.371541786193847656e+01
3.840234680175781250e+02
2.297434997558593750e+01
3.717108437500000000e+05
9.158206054687500000e+03
2.186874531250000000e+05
4.882931640625000000e+03
1.913904663085937500e+03
4.758861541748046875e+01
1.020323104858398438e+02
0.000000000000000000e+00
3.389558400000000000e+08
5.713252000000000000e+06
1.228061625000000000e+06
3.604027734375000000e+04
2.527395468750000000e+05
7.469850097656250000e+03
4.576856000000000000e+06
4.066522812500000000e+05
2.194384179687500000e+04
5.147688964843750000e+03
1.871272265625000000e+04
7.200489472000000000e+10
1.076050880000000000e+08
8.014870400000000000e+07
1.809675520000000000e+08
1.541048046875000000e+04
1.104679492187500000e+04
3.419379712000000000e+10
1.548928160000000000e+08
3.905727734375000000e+04
9.058928833007812500e+02
9.135260156250000000e+04
2.486525600000000000e+07
2.344636523437500000e+04
6.817571250000000000e+05
2.188324400000000000e+07
5.446960546875000000e+04
1.945439625000000000e+06
4.862002929687500000e+03
4.860602050781250000e+03
7.200489472000000000e+10
7.200489472000000000e+10
7.200489472000000000e+10
8.421348480000000000e+08
8.161133568000000000e+09
5.864264000000000000e+06
7.200489472000000000e+10
7.200489472000000000e+10
7.200489472000000000e+10
8.421348480000000000e+08
7.200489472000000000e+10
2.608641600000000000e+07
1.366386500000000000e+07
9.163544960000000000e+08
7.831027343750000000e+03
8.503963012695312500e+02
2.075201562500000000e+05
6.405858750000000000e+05
4.499493437500000000e+05
8.011664375000000000e+05
2.024700622558593750e+02
1.902292578125000000e+04
1.287666585600000000e+10
2.553684570312500000e+03
2.482663600000000000e+07
4.857112304687500000e+03
2.718346250000000000e+05
3.492365234375000000e+03
7.547886230468750000e+03
5.393269200000000000e+07
9.230269622802734375e+01
6.563912353515625000e+02
3.519450988769531250e+02
7.200489472000000000e+10
7.200489472000000000e+10
1.731537812500000000e+05
6.005680640000000000e+08
2.722524902343750000e+03
9.719436645507812500e+01
7.200489472000000000e+10
5.338896875000000000e+05
2.626968750000000000e+06
9.892678833007812500e+01
1.710134625000000000e+06
9.608113280000000000e+08
1.160701660156250000e+04
9.275413600000000000e+07
1.675963867187500000e+03
1.352685625000000000e+06
8.089467773437500000e+02
3.678325000000000000e+04
1.369664800000000000e+08
1.478619262695312500e+03
1.320633300781250000e+03
2.324222656250000000e+04
3.731023200000000000e+07
6.427387500000000000e+05
4.176351360000000000e+08
5.860024414062500000e+03
1.807427929687500000e+04
6.723384399414062500e+02
2.026707812500000000e+05
1.428231875000000000e+06
2.201599414062500000e+04
1.231590805053710938e+02
4.007682373046875000e+03
6.954003906250000000e+03
3.110679626464843750e+00
2.781680603027343750e+02
5.826145629882812500e+02
2.978132963180541992e-01
7.048505401611328125e+01
3.075168132781982422e+00
4.193209648132324219e+00
1.414116000000000000e+06
8.968243750000000000e+05
2.815454500000000000e+06
2.683566589355468750e+02
2.869246562500000000e+05
9.776830291748046875e+01
8.156116485595703125e+01
3.446549224853515625e+01
3.232519680000000000e+08
3.793268224000000000e+09
7.200489472000000000e+10
1.292573375000000000e+06
1.404938750000000000e+05
1.354663200000000000e+08
1.530386944000000000e+09
3.232519680000000000e+08
3.793268224000000000e+09
1.292573375000000000e+06
1.530386944000000000e+09
4.895531827200000000e+10
1.973377000000000000e+06
2.860192812500000000e+05
2.509908789062500000e+04
5.421003500000000000e+06
6.397104500000000000e+06
4.576355361938476562e+01
5.501621875000000000e+04
4.885736000000000000e+06
1.962098073600000000e+10
2.503807680000000000e+08
8.390070000000000000e+05
1.865308380126953125e+01
1.858801250000000000e+06
5.004867520000000000e+08
2.332060546875000000e+04
2.526757200000000000e+07
1.062731054687500000e+04
8.854458750000000000e+05
2.777205250000000000e+06
1.314962125000000000e+06
1.203258743286132812e+02
6.596213531494140625e+01
1.841732226562500000e+04
3.343700408935546875e+01
5.681173706054687500e+01
1.588769912719726562e+01
9.402992640000000000e+08
6.241611776000000000e+09
7.477384320000000000e+08
1.511722400000000000e+07
1.010419726562500000e+04
9.888852500000000000e+05
3.279884902400000000e+10
2.903828800000000000e+07
2.674331600000000000e+07
1.324031250000000000e+06
1.569828160000000000e+08
2.865556445312500000e+04
1.009349609375000000e+04
1.375850156250000000e+05
3.284406250000000000e+06
2.224904174804687500e+02
2.698203369140625000e+03
4.882479492187500000e+03
2.803851013183593750e+02
6.022620312500000000e+04
1.518050312500000000e+05
1.103250683593750000e+04
1.763378051757812500e+03
3.848827209472656250e+02
5.779908203125000000e+04
1.928650512695312500e+02
7.224953613281250000e+02
2.120320434570312500e+02
3.144306564331054688e+01
5.798686504364013672e+00
8.128945152000000000e+09
5.781996400000000000e+07
2.728792750000000000e+06
3.589842500000000000e+05
7.381599375000000000e+05
1.050956933593750000e+04
3.419676160000000000e+08
1.529410500000000000e+06
8.291263281250000000e+04
2.136766406250000000e+04
5.231160937500000000e+05
1.104842750000000000e+06
1.141095825195312500e+03
7.980542187500000000e+04
5.864264000000000000e+06
6.796423339843750000e+02
3.108965625000000000e+04
1.141095825195312500e+03
6.796423339843750000e+02
2.597241446400000000e+10
6.970124000000000000e+07
2.135494500000000000e+06
6.431879600000000000e+07
5.688244628906250000e+03
6.064206542968750000e+02
4.179676416000000000e+09
4.507133437500000000e+05
3.698919433593750000e+03
1.741288671875000000e+04
6.958197656250000000e+04
3.793268224000000000e+09
7.200489472000000000e+10
8.295020000000000000e+05
8.387563500000000000e+06
5.970979003906250000e+03
4.399857482910156250e+02
4.075742720000000000e+09
9.039565625000000000e+04
1.321851300000000000e+07
2.689553833007812500e+02
5.405246250000000000e+05
3.596455937500000000e+05
8.968243750000000000e+05
1.123163500000000000e+06
4.387353897094726562e+01
1.832912968750000000e+05
1.337920532226562500e+02
6.037233352661132812e+01
8.570454406738281250e+01
1.177769375000000000e+06
3.469797363281250000e+03
9.558425625000000000e+05
1.407299400000000000e+07
5.112378417968750000e+03
5.209766113281250000e+03
2.131126562500000000e+05
1.350635070800781250e+02
8.565594624000000000e+09
3.494542336000000000e+09
7.276811250000000000e+05
1.248593375000000000e+06
6.896869375000000000e+05
6.014854296875000000e+04
2.418042368000000000e+09
7.081490000000000000e+05
2.173536406250000000e+05
7.479387500000000000e+04
9.132549375000000000e+05
9.438391040000000000e+08
1.939737600000000000e+09
2.728792750000000000e+06
3.306711500000000000e+06
1.198890875000000000e+06
6.514876562500000000e+04
1.398993792000000000e+09
7.893603125000000000e+05
5.705807500000000000e+05
4.215766562500000000e+05
5.999942500000000000e+06
1.857051840000000000e+08
1.243015600000000000e+07
1.354663200000000000e+08
5.620160000000000000e+05
2.534695500000000000e+06
8.660567000000000000e+06
8.782385625000000000e+05
1.857051840000000000e+08
1.243015600000000000e+07
5.620160000000000000e+05
8.782385625000000000e+05
7.200489472000000000e+10
7.200489472000000000e+10
7.200489472000000000e+10
5.990190720000000000e+08
7.850582016000000000e+09
5.834604000000000000e+06
7.200489472000000000e+10
7.200489472000000000e+10
7.200489472000000000e+10
5.917253120000000000e+08
7.200489472000000000e+10
8.652507136000000000e+09
7.200489472000000000e+10
3.315462720000000000e+08
8.387563500000000000e+06
1.884629875000000000e+06
5.824958203125000000e+04
3.768130304000000000e+09
1.051342100000000000e+07
1.766999360000000000e+08
2.205703906250000000e+04
2.702673750000000000e+06
1.667108352000000000e+10
8.128945152000000000e+09
1.228061625000000000e+06
3.004994750000000000e+06
7.318227500000000000e+05
3.096239375000000000e+05
4.572003840000000000e+09
5.427928750000000000e+05
7.621808750000000000e+05
1.996687500000000000e+05
5.066405937500000000e+05
2.407932108800000000e+10
5.513729920000000000e+08
3.716510250000000000e+06
1.955064400000000000e+07
1.352685625000000000e+06
5.864264000000000000e+06
2.407932108800000000e+10
1.180281200000000000e+08
3.716510250000000000e+06
1.352685625000000000e+06
1.180281200000000000e+08
7.200489472000000000e+10
7.200489472000000000e+10
7.200489472000000000e+10
6.970007680000000000e+08
8.270244864000000000e+09
5.864264000000000000e+06
7.200489472000000000e+10
7.200489472000000000e+10
7.200489472000000000e+10
6.970007680000000000e+08
7.200489472000000000e+10
2.435335577600000000e+10
6.090610500000000000e+06
1.029017750000000000e+06
2.321646881103515625e+02
3.257280750000000000e+06
2.645184687500000000e+05
1.184356567382812500e+03
2.767640429687500000e+04
2.746497920000000000e+08
1.832893250000000000e+06
1.099811440000000000e+08
3.107145625000000000e+05
9.987568000000000000e+06
1.125948671875000000e+05
4.791111562500000000e+05
1.381547520000000000e+08
1.760957187500000000e+05
4.580367968750000000e+04
1.416149531250000000e+05
6.441078400000000000e+08
5.431822265625000000e+03
1.574211000000000000e+07
1.395247265625000000e+04
9.009207000000000000e+06
4.140797363281250000e+03
2.442692871093750000e+03
1.864569750000000000e+06
1.393083953857421875e+02
7.828229370117187500e+02
1.212153625488281250e+02
6.506015232000000000e+09
3.494542336000000000e+09
7.944898750000000000e+05
9.821390625000000000e+05
5.871807500000000000e+05
6.514876562500000000e+04
3.312878848000000000e+09
8.718046250000000000e+05
2.341639375000000000e+05
5.179104687500000000e+04
1.060735000000000000e+06
4.203156500000000000e+06
9.355695000000000000e+05
1.128266000000000000e+08
1.600873718261718750e+02
1.682020996093750000e+03
5.786642968750000000e+04
7.749687011718750000e+03
9.131348125000000000e+05
1.633412500000000000e+05
4.506707763671875000e+01
4.932684570312500000e+03
2.801481018066406250e+02
2.381797607421875000e+03
2.236362695312500000e+04
3.482019653320312500e+02
4.042765045166015625e+01
2.616342067718505859e+00
9.355390548706054688e+00
0.000000000000000000e+00
2.255588966400000000e+10
3.971934750000000000e+06
2.056677500000000000e+05
2.835644836425781250e+02
4.829858750000000000e+05
1.266346375000000000e+06
4.066650772094726562e+01
5.176320800781250000e+03
1.355232656250000000e+05
6.514876562500000000e+04
2.522930937500000000e+05
1.879634857177734375e+01
8.164600219726562500e+02
2.554154634475708008e+00
1.255934143066406250e+01
6.787912845611572266e-01
7.200489472000000000e+10
3.749360896000000000e+09
5.188541250000000000e+05
2.895044352000000000e+09
2.927206054687500000e+03
1.899462036132812500e+03
7.200489472000000000e+10
1.610205375000000000e+06
1.622357812500000000e+04
1.492795410156250000e+03
2.674153125000000000e+05
1.332853120000000000e+09
7.942713344000000000e+09
5.990190720000000000e+08
2.550013593750000000e+05
1.239947500000000000e+05
5.864264000000000000e+06
1.332853120000000000e+09
7.987754240000000000e+08
5.990190720000000000e+08
1.239947500000000000e+05
7.987754240000000000e+08
3.022381120000000000e+08
7.942713344000000000e+09
1.030207443237304688e+02
4.428311250000000000e+05
9.730984687805175781e+00
1.711520195007324219e+01
3.022381120000000000e+08
6.150033187866210938e+01
1.030207443237304688e+02
9.730984687805175781e+00
6.150033187866210938e+01
1.514420224000000000e+10
8.128945152000000000e+09
9.687971250000000000e+05
6.765045000000000000e+06
5.641909375000000000e+05
1.663834843750000000e+05
8.025648128000000000e+09
9.613294375000000000e+05
4.575919062500000000e+05
1.655376718750000000e+05
4.553239687500000000e+05
7.664260937500000000e+04
3.384470312500000000e+04
3.157548125000000000e+05
7.181436920166015625e+01
8.472160644531250000e+02
3.248334884643554688e+00
1.603020668029785156e+01
0.000000000000000000e+00
1.462041406250000000e+05
1.610984008789062500e+03
1.605039257812500000e+04
5.930594238281250000e+03
6.931044921875000000e+02
1.960280395507812500e+03
6.140703735351562500e+02
2.656590576171875000e+02
8.344718500000000000e+06
5.416542578125000000e+04
5.252894531250000000e+04
4.600879821777343750e+02
2.612725585937500000e+04
1.421608300781250000e+04
2.053014755249023438e+01
3.962084960937500000e+02
3.222530000000000000e+06
1.205414921875000000e+05
2.097926000000000000e+06
2.116435394287109375e+02
1.905019375000000000e+05
2.373969116210937500e+02
3.865267639160156250e+02
6.034447860717773438e+01
7.433128800000000000e+07
2.080341600000000000e+07
4.675041015625000000e+04
1.883436523437500000e+04
3.403646562500000000e+05
2.126213600000000000e+07
7.480671997070312500e+02
1.818997656250000000e+05
8.749876224000000000e+09
7.200489472000000000e+10
1.890996718750000000e+05
8.614635000000000000e+06
2.025749664306640625e+02
2.478203887939453125e+02
3.869234944000000000e+09
1.336729199218750000e+04
6.534260000000000000e+05
3.851673507690429688e+01
5.552418359375000000e+04
2.243399414062500000e+04
8.137775421142578125e+01
1.063184448242187500e+03
6.252268359375000000e+04
1.825332183837890625e+02
6.493594360351562500e+02
3.086513710021972656e+01
1.530903320312500000e+02
1.596103906250000000e+05
4.318593978881835938e+01
1.041600097656250000e+03
5.432897186279296875e+01
1.800723457336425781e+01
4.900956630706787109e+00
0.000000000000000000e+00
0.000000000000000000e+00
2.382904400000000000e+07
3.720719531250000000e+04
6.038473600000000000e+08
1.240098510742187500e+03
6.295104492187500000e+03
8.140411132812500000e+03
1.063824218750000000e+04
9.023743125000000000e+05
4.988219238281250000e+03
2.034528198242187500e+02
2.862724853515625000e+03
3.065862109375000000e+04
2.533999414062500000e+04
6.154495117187500000e+03
7.514778000000000000e+06
1.747342651367187500e+03
5.750120849609375000e+02
6.154495117187500000e+03
5.750120849609375000e+02
7.200489472000000000e+10
7.200489472000000000e+10
7.200489472000000000e+10
1.596259520000000000e+08
7.622405120000000000e+08
5.864264000000000000e+06
7.200489472000000000e+10
7.200489472000000000e+10
7.200489472000000000e+10
1.596259520000000000e+08
7.200489472000000000e+10
3.811411520000000000e+08
2.264074500000000000e+06
7.002386875000000000e+05
4.288809082031250000e+03
3.140250937500000000e+05
5.186168500000000000e+06
3.449401611328125000e+03
4.651552734375000000e+03
2.336119193600000000e+10
1.402411800000000000e+07
1.565919875000000000e+06
7.352428125000000000e+05
1.025967800000000000e+07
3.406969344000000000e+09
3.821145312500000000e+04
4.029996000000000000e+06
7.200489472000000000e+10
7.200489472000000000e+10
1.441208500000000000e+07
5.990190720000000000e+08
9.101771093750000000e+04
8.210866699218750000e+02
7.200489472000000000e+10
5.113908160000000000e+08
1.408044000000000000e+08
1.718884155273437500e+03
1.873282048000000000e+09
1.153032400000000000e+08
7.944898750000000000e+05
3.304550937500000000e+05
4.875187011718750000e+03
6.091696093750000000e+04
6.316910500000000000e+06
1.147387011718750000e+04
9.609222412109375000e+02
7.200489472000000000e+10
1.169239687500000000e+05
1.489053000000000000e+06
3.911406250000000000e+02
2.305256500244140625e+02
9.789875793457031250e+01
4.815041992187500000e+03
1.544076250000000000e+06
3.882970214843750000e+03
5.463368415832519531e+00
3.424965820312500000e+02
2.416678707200000000e+10
1.245412250000000000e+06
1.281666000000000000e+06
5.009986816406250000e+03
7.864823750000000000e+05
1.145217625000000000e+06
1.798463897705078125e+02
1.454860687255859375e+02
5.046875312500000000e+05
8.387257344000000000e+09
7.200489472000000000e+10
1.094935913085937500e+03
3.223638427734375000e+03
1.313395360000000000e+08
1.409328125000000000e+05
5.046875312500000000e+05
8.387257344000000000e+09
1.094935913085937500e+03
1.409328125000000000e+05
7.200489472000000000e+10
7.200489472000000000e+10
7.200489472000000000e+10
8.054316000000000000e+07
5.374552320000000000e+08
5.867358000000000000e+06
7.200489472000000000e+10
7.200489472000000000e+10
7.200489472000000000e+10
8.054316000000000000e+07
7.200489472000000000e+10
3.403361250000000000e+05
6.514876562500000000e+04
3.488365000000000000e+05
2.066175460815429688e+01
9.867504882812500000e+02
4.601806163787841797e+00
8.104616403579711914e-01
0.000000000000000000e+00
7.200489472000000000e+10
1.005258700000000000e+07
7.200489472000000000e+10
1.994896320000000000e+08
7.845028864000000000e+09
3.154210312500000000e+05
7.200489472000000000e+10
7.200489472000000000e+10
9.926169000000000000e+06
1.969354880000000000e+08
7.200489472000000000e+10
1.169249280000000000e+10
7.200489472000000000e+10
2.649202560000000000e+08
1.095552300000000000e+07
2.228999218750000000e+05
5.803609765625000000e+04
5.109594521600000000e+10
2.348083200000000000e+07
8.869271040000000000e+08
4.547557812500000000e+04
3.690637200000000000e+07
1.546437504000000000e+09
2.752205000000000000e+06
6.597516406250000000e+04
4.468655395507812500e+02
1.921572000000000000e+06
7.307010156250000000e+04
7.533168792724609375e+01
4.152948046875000000e+04
7.200489472000000000e+10
3.636106240000000000e+09
2.979977984000000000e+09
2.813642496000000000e+09
2.684348000000000000e+07
8.591523000000000000e+06
7.200489472000000000e+10
7.200489472000000000e+10
5.517356400000000000e+07
5.214760000000000000e+06
1.786285056000000000e+09
1.618046668800000000e+10
1.565206656000000000e+09
2.338689208984375000e+03
2.672506400000000000e+07
4.068502343750000000e+04
1.089246582031250000e+03
1.565206656000000000e+09
2.338689208984375000e+03
7.696038208007812500e+02
1.089246582031250000e+03
7.696038208007812500e+02
5.412139500000000000e+06
3.321649169921875000e+02
1.537637695312500000e+04
2.870592750000000000e+06
3.168774108886718750e+02
1.084542890625000000e+05
1.362313476562500000e+03
1.628400039672851562e+01
2.408297187500000000e+05
9.920054687500000000e+03
6.258183125000000000e+05
7.920771789550781250e+01
3.866201416015625000e+03
7.296395301818847656e-02
3.523890304565429688e+01
0.000000000000000000e+00
6.417622528000000000e+09
1.325634500000000000e+06
5.762504375000000000e+05
4.396824645996093750e+01
6.493879375000000000e+05
4.194694335937500000e+03
2.426700115203857422e+00
1.777545928955078125e+00
1.031694480000000000e+08
1.029741600000000000e+07
1.354663200000000000e+08
3.642355468750000000e+04
1.354904375000000000e+05
7.328352500000000000e+06
7.667403125000000000e+05
1.031694480000000000e+08
1.029741600000000000e+07
3.642355468750000000e+04
7.667403125000000000e+05
7.200489472000000000e+10
3.793268224000000000e+09
7.491851875000000000e+05
1.541051360000000000e+08
2.383315734863281250e+02
1.473478125000000000e+04
7.200489472000000000e+10
2.200290000000000000e+06
2.405194335937500000e+04
3.016066932678222656e+01
1.436986230468750000e+04
8.635603200000000000e+08
1.395844400000000000e+07
1.788847187500000000e+05
5.499250781250000000e+04
7.789789375000000000e+05
3.663006800000000000e+07
1.289289160156250000e+04
2.370706562500000000e+05
7.200489472000000000e+10
7.200489472000000000e+10
7.200489472000000000e+10
5.990190720000000000e+08
7.942713344000000000e+09
5.864264000000000000e+06
7.200489472000000000e+10
7.200489472000000000e+10
7.200489472000000000e+10
5.990190720000000000e+08
7.200489472000000000e+10
2.916838144000000000e+09
5.610215625000000000e+05
5.990190720000000000e+08
1.220407109375000000e+05
8.387563500000000000e+06
1.845266210937500000e+04
6.752821093750000000e+04
1.627332300000000000e+07
3.162564648437500000e+04
9.468924804687500000e+03
2.867058105468750000e+03
5.047512500000000000e+06
1.138542968750000000e+03
9.555475585937500000e+03
7.745852500000000000e+05
1.721266601562500000e+03
2.872603000000000000e+06
9.510284423828125000e+02
2.707363281250000000e+02
2.549565937500000000e+05
1.147611392000000000e+09
1.455257400000000000e+07
7.686342773437500000e+03
1.586012939453125000e+03
5.941776500000000000e+06
2.549565937500000000e+05
5.170005078125000000e+04
1.455257400000000000e+07
1.586012939453125000e+03
5.170005078125000000e+04
5.894970000000000000e+06
8.968243750000000000e+05
1.737305600000000000e+07
3.143737792968750000e+03
1.565271875000000000e+06
8.369308471679687500e+02
1.767434570312500000e+03
3.795512390136718750e+02
8.054826240000000000e+08
6.565498125000000000e+05
5.664120625000000000e+05
1.124343437500000000e+05
1.340440312500000000e+05
6.310002400000000000e+07
4.381359375000000000e+04
2.296220458984375000e+03
8.874075000000000000e+06
8.860365824000000000e+09
7.200489472000000000e+10
1.561133500000000000e+06
5.053568750000000000e+04
1.354663200000000000e+08
1.207706880000000000e+09
8.874075000000000000e+06
8.860365824000000000e+09
1.561133500000000000e+06
1.207706880000000000e+09
5.187391360000000000e+08
3.880635750000000000e+06
8.056878750000000000e+05
2.633072460937500000e+04
9.598096875000000000e+05
9.455571000000000000e+06
5.679332031250000000e+03
4.572817187500000000e+04
4.625075781250000000e+04
6.156285644531250000e+03
7.291570312500000000e+03
2.408179843750000000e+05
2.240208129882812500e+02
4.173242187500000000e+02
2.119672851562500000e+03
6.839701843261718750e+01
2.887772800000000000e+07
7.942713344000000000e+09
5.990190720000000000e+08
2.537040781250000000e+05
1.390876171875000000e+04
5.864264000000000000e+06
2.887772800000000000e+07
3.137953250000000000e+06
5.990190720000000000e+08
1.390876171875000000e+04
3.137953250000000000e+06
7.200489472000000000e+10
7.200489472000000000e+10
7.200489472000000000e+10
9.141862400000000000e+08
6.801075200000000000e+09
5.864264000000000000e+06
7.200489472000000000e+10
7.200489472000000000e+10
7.200489472000000000e+10
9.141862400000000000e+08
7.200489472000000000e+10
7.218362368000000000e+09
5.449336960000000000e+08
3.716510250000000000e+06
1.786140000000000000e+07
1.891851125000000000e+06
5.836507500000000000e+06
7.130497536000000000e+09
2.259952000000000000e+07
3.691571250000000000e+06
1.890280250000000000e+06
2.243802400000000000e+07
1.514420224000000000e+10
2.023012400000000000e+07
5.445621500000000000e+06
3.351636230468750000e+03
1.991048400000000000e+07
5.312305000000000000e+06
1.809277587890625000e+03
2.063978906250000000e+05
7.200489472000000000e+10
7.200489472000000000e+10
7.200489472000000000e+10
9.380888320000000000e+08
4.815946752000000000e+09
5.864264000000000000e+06
7.200489472000000000e+10
7.200489472000000000e+10
7.200489472000000000e+10
9.380888320000000000e+08
7.200489472000000000e+10
2.320900960000000000e+08
1.705641920000000000e+08
2.523234750000000000e+06
2.185709062500000000e+05
8.572383125000000000e+05
8.721014648437500000e+03
2.444751600000000000e+07
2.349381093750000000e+05
6.813688281250000000e+04
5.137325000000000000e+04
1.463249375000000000e+05
4.687183984375000000e+04
3.614180625000000000e+05
1.239755859375000000e+05
6.704859375000000000e+04
2.458175000000000000e+04
4.920851562500000000e+03
9.756606445312500000e+03
1.775810913085937500e+03
5.433312640000000000e+08
7.200489472000000000e+10
1.505241728000000000e+09
6.451312000000000000e+06
4.123369140625000000e+04
4.642750000000000000e+06
1.295589478400000000e+10
2.453004800000000000e+07
2.921151680000000000e+08
3.157021250000000000e+05
1.535224960000000000e+08
2.543414531250000000e+05
5.743067932128906250e+01
1.004948181152343750e+03
2.053599414062500000e+04
3.591841888427734375e+01
3.660397949218750000e+02
3.254487609863281250e+01
1.466768741607666016e+01
1.308532736000000000e+09
1.939737600000000000e+09
2.728792750000000000e+06
4.730578500000000000e+06
1.075004625000000000e+06
6.514876562500000000e+04
1.067557440000000000e+09
8.262396250000000000e+05
5.705807500000000000e+05
3.811380937500000000e+05
3.404040250000000000e+06
7.200489472000000000e+10
4.337378880000000000e+08
5.687298750000000000e+05
2.916838144000000000e+09
5.578998125000000000e+05
1.229427734375000000e+05
7.200489472000000000e+10
2.857525750000000000e+06
4.669185937500000000e+04
6.687603125000000000e+04
1.720176125000000000e+06
5.999941015625000000e+04
4.409486718750000000e+04
3.187775878906250000e+03
5.586581000000000000e+06
9.901385742187500000e+03
1.245475952148437500e+03
2.808808593750000000e+03
1.205127319335937500e+03
3.213902750000000000e+06
1.255919067382812500e+03
2.146149023437500000e+04
3.707111083984375000e+03
1.810275115966796875e+02
4.782223144531250000e+03
3.337589721679687500e+02
2.127357330322265625e+02
2.138146484375000000e+04
5.257711328125000000e+04
1.320580322265625000e+03
8.908192138671875000e+02
1.339250335693359375e+02
1.855446815490722656e+00
2.348069763183593750e+02
1.522994041442871094e-02
2.849594240000000000e+08
1.831654528000000000e+09
1.228061625000000000e+06
2.874318250000000000e+06
1.056249531250000000e+05
1.001435468750000000e+05
1.329120720000000000e+08
1.562699843750000000e+05
1.584364218750000000e+05
3.493607031250000000e+04
3.576638671875000000e+04
7.265152000000000000e+07
2.306029600000000000e+07
2.597640480000000000e+08
2.897071875000000000e+04
1.259089687500000000e+05
5.864264000000000000e+06
4.009804687500000000e+05
7.265152000000000000e+07
2.306029600000000000e+07
2.897071875000000000e+04
4.009804687500000000e+05
1.418998784000000000e+09
7.942713344000000000e+09
5.990190720000000000e+08
1.684437031250000000e+05
2.335243359375000000e+04
5.864264000000000000e+06
1.418998784000000000e+09
4.020946800000000000e+07
5.990190720000000000e+08
2.335243359375000000e+04
4.020946800000000000e+07
4.170539840000000000e+08
1.306109542400000000e+10
2.472661500000000000e+06
6.552125000000000000e+06
7.357696250000000000e+05
5.188898828125000000e+04
8.060620800000000000e+08
2.861420625000000000e+05
3.050740625000000000e+05
5.512260000000000000e+05
2.150993500000000000e+06
9.873568750000000000e+05
7.392437500000000000e+03
7.116845000000000000e+05
2.083087500000000000e+06
5.177822265625000000e+03
4.743589453125000000e+04
3.079083398437500000e+04
2.086376953125000000e+02
1.595380250000000000e+06
1.401582625000000000e+06
6.375971984863281250e+01
2.318827972412109375e+02
1.806557617187500000e+04
3.753347778320312500e+01
1.250721588134765625e+02
6.389694213867187500e+01
3.493762750000000000e+06
1.440133750000000000e+05
2.350139750000000000e+06
2.822786000000000000e+06
1.543727968750000000e+05
5.563337890625000000e+04
2.336446250000000000e+05
5.339856445312500000e+03
1.426222592000000000e+10
6.689495500000000000e+06
1.834400400000000000e+07
2.388039500000000000e+06
1.891851125000000000e+06
2.412526875000000000e+05
2.440819200000000000e+07
5.599637200000000000e+07
3.528248828125000000e+04
1.517361406250000000e+05
2.524719218750000000e+05
1.354860416000000000e+09
2.195900400000000000e+07
3.980121562500000000e+05
2.843128125000000000e+04
2.262751250000000000e+06
3.327015600000000000e+07
3.514107666015625000e+03
2.131953906250000000e+05
9.053521920000000000e+08
1.228061625000000000e+06
9.472958750000000000e+05
3.907948913574218750e+02
1.064530125000000000e+06
1.137031875000000000e+05
1.563593139648437500e+02
2.036795349121093750e+02
7.200489472000000000e+10
6.059836620800000000e+10
9.052399360000000000e+08
8.026149120000000000e+08
3.680834750000000000e+06
4.970021000000000000e+06
7.200489472000000000e+10
5.529698816000000000e+09
1.458681920000000000e+08
1.365488625000000000e+06
2.382088160000000000e+08
6.373817500000000000e+05
1.939737600000000000e+09
1.228061625000000000e+06
1.427780781250000000e+05
1.455636093750000000e+05
9.920054687500000000e+03
1.024422625000000000e+06
2.158201875000000000e+05
3.517703437500000000e+05
9.991269531250000000e+04
2.227994062500000000e+05
4.462058500000000000e+06
3.982210388183593750e+02
1.658931375000000000e+06
1.183662490844726562e+02
1.678303527832031250e+02
6.413021484375000000e+04
2.005168304443359375e+02
2.446871185302734375e+02
1.612098252800000000e+10
7.152155136000000000e+09
1.504795379638671875e+02
1.684400400000000000e+07
7.807260513305664062e+00
2.425265121459960938e+01
1.456398131200000000e+10
8.514662933349609375e+01
1.463999633789062500e+02
7.669362068176269531e+00
8.325476074218750000e+01
2.387137792000000000e+09
1.723660492800000000e+10
6.139228750000000000e+05
4.107960000000000000e+06
5.672370000000000000e+05
3.021750000000000000e+05
6.005500416000000000e+09
2.191954843750000000e+05
6.102098750000000000e+05
3.186142812500000000e+05
4.526349062500000000e+05
3.268313088000000000e+10
1.749328691200000000e+10
2.852865234375000000e+03
6.850444500000000000e+06
4.068502343750000000e+04
1.565082763671875000e+03
1.749328691200000000e+10
2.852865234375000000e+03
2.806103759765625000e+03
1.565082763671875000e+03
2.806103759765625000e+03
9.730533760000000000e+08
4.385025625000000000e+05
7.231093750000000000e+04
5.446867187500000000e+04
1.867210937500000000e+05
2.294236800000000000e+07
2.756499938964843750e+02
2.038452514648437500e+03
8.144522880000000000e+08
4.551705859375000000e+04
3.985845500000000000e+06
1.622643188476562500e+03
3.838443437500000000e+05
2.262240966796875000e+03
2.519876953125000000e+04
8.347257500000000000e+06
2.049474334716796875e+02
2.657210998535156250e+02
3.906558837890625000e+02
8.039259200000000000e+07
1.572171750000000000e+06
8.394161718750000000e+04
2.778899414062500000e+03
1.498527875000000000e+06
7.961031250000000000e+05
1.042792358398437500e+03
5.471743359375000000e+04
4.305692000000000000e+07
3.919271250000000000e+06
1.129210327148437500e+03
2.598372187500000000e+05
9.020686523437500000e+03
1.080648040771484375e+02
5.085165000000000000e+06
4.190864868164062500e+02
2.017217407226562500e+02
6.500740356445312500e+02
4.174782409667968750e+02
1.307761664000000000e+09
2.728792750000000000e+06
2.553517656250000000e+05
4.888326644897460938e+01
1.545855156250000000e+05
4.429219921875000000e+04
3.615485763549804688e+01
1.613767051696777344e+01
3.178639974400000000e+10
1.740226969600000000e+10
2.053320625000000000e+06
6.850444500000000000e+06
3.913056750000000000e+06
3.927188125000000000e+05
1.740226969600000000e+10
2.053320625000000000e+06
9.503316250000000000e+05
3.927188125000000000e+05
9.503316250000000000e+05
9.528620032000000000e+09
2.402135937500000000e+05
5.990190720000000000e+08
2.134552343750000000e+04
1.830900312500000000e+05
9.118625976562500000e+03
1.030223500000000000e+06
1.287073680000000000e+08
1.493050976562500000e+04
1.376326538085937500e+03
3.978030761718750000e+03
5.472366720000000000e+08
1.402411800000000000e+07
4.434429500000000000e+06
4.654775625000000000e+05
1.401214599609375000e+03
7.896402500000000000e+06
1.182509218750000000e+05
3.416303437500000000e+05
2.403109619140625000e+03
2.087432656250000000e+05
4.014237952000000000e+09
1.939737600000000000e+09
1.142709472656250000e+04
2.877124000000000000e+06
2.459677978515625000e+03
5.293467407226562500e+02
2.850987776000000000e+09
3.812023437500000000e+03
4.253055175781250000e+03
5.639941406250000000e+02
1.640308984375000000e+04
3.599815936000000000e+09
7.572689408000000000e+09
8.010678750000000000e+05
3.640103500000000000e+06
8.446092968750000000e+04
7.375506347656250000e+03
4.850025984000000000e+09
2.648183125000000000e+05
1.413654687500000000e+05
2.935833593750000000e+04
8.902764375000000000e+05
3.790517760000000000e+08
6.461151171875000000e+04
3.716510250000000000e+06
3.279579467773437500e+02
1.266696625000000000e+06
1.975962402343750000e+03
1.306103906250000000e+04
8.456831000000000000e+06
2.312335052490234375e+02
5.151713867187500000e+02
3.340032653808593750e+02
5.160384512000000000e+09
1.169249280000000000e+10
8.455770000000000000e+05
1.219399840000000000e+08
1.076778222656250000e+04
7.169791992187500000e+03
7.200489472000000000e+10
2.165052343750000000e+05
3.475679687500000000e+05
1.185297851562500000e+04
6.516437500000000000e+05
8.224836800000000000e+07
7.200489472000000000e+10
8.438001600000000000e+07
6.376776953125000000e+04
6.231891113281250000e+03
1.980797973632812500e+03
1.048195120000000000e+08
9.950418750000000000e+04
3.111590400000000000e+08
8.484658813476562500e+01
1.756618125000000000e+05
1.071621312000000000e+09
9.242869760000000000e+08
2.134358886718750000e+03
3.917339000000000000e+06
5.381992187500000000e+03
7.648162841796875000e+01
5.694559200000000000e+07
1.278765747070312500e+03
1.316298675537109375e+02
6.276477432250976562e+01
6.076102066040039062e+01
4.360714752000000000e+09
7.942713344000000000e+09
5.990190720000000000e+08
2.530390400000000000e+08
2.167802000000000000e+07
5.864264000000000000e+06
4.360714752000000000e+09
9.501895200000000000e+07
5.990190720000000000e+08
2.167802000000000000e+07
9.501895200000000000e+07
3.002403125000000000e+05
2.062385742187500000e+03
2.815710144042968750e+02
3.458849609375000000e+04
2.428471923828125000e+03
1.332024841308593750e+02
6.367961120605468750e+01
3.703860473632812500e+01
6.110024609375000000e+04
2.389926000000000000e+06
2.774550000000000000e+05
5.667477500000000000e+06
2.316804492187500000e+04
6.099833984375000000e+03
2.774550000000000000e+05
6.099833984375000000e+03
4.887724400000000000e+07
2.020864400000000000e+07
1.340664062500000000e+04
9.240854375000000000e+05
5.594271240234375000e+02
1.803871704101562500e+03
7.388128125000000000e+05
1.268147167968750000e+04
1.505077209472656250e+02
2.252882537841796875e+02
3.058187866210937500e+02
1.332853120000000000e+09
2.654932400000000000e+07
5.995322880000000000e+08
1.764161328125000000e+04
1.243927187500000000e+05
2.473830781250000000e+05
9.455084000000000000e+06
7.995360640000000000e+08
1.258335750000000000e+06
8.528464843750000000e+03
3.633880750000000000e+06
2.119418880000000000e+10
1.066418750000000000e+04
2.694766800000000000e+07
9.429295043945312500e+02
6.344378125000000000e+04
4.364901733398437500e+02
3.191047460937500000e+04
5.463582000000000000e+07
2.856877136230468750e+01
1.260786533355712891e+01
1.503337097167968750e+02
8.542342500000000000e+05
1.310157031250000000e+05
2.070234218750000000e+05
1.124872894287109375e+02
1.456262343750000000e+05
7.149543762207031250e+01
2.957170486450195312e+01
2.336426162719726562e+01
7.200489472000000000e+10
7.200489472000000000e+10
4.604177200000000000e+07
7.007063680000000000e+08
4.764529375000000000e+05
1.983395263671875000e+03
7.200489472000000000e+10
2.210834432000000000e+09
6.570384640000000000e+08
2.266505273437500000e+04
7.089745408000000000e+09
2.087371264000000000e+09
7.225906875000000000e+05
2.582529101562500000e+04
1.925077968750000000e+05
4.378097500000000000e+05
5.592070000000000000e+07
3.821701660156250000e+02
2.033683984375000000e+04
9.174221679687500000e+03
1.310157031250000000e+05
6.713618164062500000e+03
1.767964453125000000e+04
4.666955566406250000e+02
6.510601806640625000e+02
9.258612823486328125e+01
2.053310012817382812e+01
4.849776128000000000e+09
2.728792750000000000e+06
1.465467000000000000e+06
2.528342773437500000e+03
8.908250000000000000e+05
6.105707812500000000e+04
2.300574798583984375e+02
6.537081241607666016e+00
7.200489472000000000e+10
7.200489472000000000e+10
8.027815500000000000e+06
6.063297920000000000e+08
5.092501250000000000e+05
1.737937304687500000e+04
7.200489472000000000e+10
8.700772800000000000e+07
7.256897600000000000e+07
2.908422460937500000e+04
1.323807600000000000e+08
6.051363840000000000e+08
5.267098800000000000e+07
5.928603600000000000e+07
5.990190720000000000e+08
7.942713344000000000e+09
5.864264000000000000e+06
6.309864960000000000e+09
6.051363840000000000e+08
5.267098800000000000e+07
5.990190720000000000e+08
6.309864960000000000e+09
7.694798500000000000e+06
2.346006000000000000e+07
3.338622500000000000e+05
3.774586181640625000e+03
1.668328735351562500e+03
2.579321679687500000e+04
1.153731933593750000e+04
3.164818554687500000e+04
5.747216308593750000e+03
7.661094665527343750e+01
1.233888320922851562e+02
2.010345156250000000e+05
4.183844921875000000e+04
6.615565917968750000e+03
2.372947265625000000e+04
2.301294433593750000e+03
7.502758026123046875e+01
1.097607299804687500e+03
1.499685382843017578e+01
7.200489472000000000e+10
7.200489472000000000e+10
2.649202560000000000e+08
9.232006000000000000e+06
1.065646500000000000e+06
5.293332031250000000e+04
7.200489472000000000e+10
2.096888192000000000e+09
7.968945280000000000e+08
1.185096582031250000e+04
6.422312448000000000e+09
1.838178437500000000e+05
6.514876562500000000e+04
6.216236000000000000e+06
5.550235000000000000e+05
1.118128808593750000e+04
8.971947631835937500e+02
3.412158437500000000e+05
1.333577575683593750e+02
1.458631680000000000e+08
1.830102000000000000e+07
7.644631835937500000e+03
3.293708190917968750e+02
2.209211328125000000e+04
1.013980781250000000e+05
4.016859436035156250e+01
1.987734741210937500e+03
1.947883008000000000e+09
5.709780992000000000e+09
5.205273437500000000e+05
4.406231500000000000e+06
7.345483125000000000e+05
6.188294921875000000e+04
5.086672896000000000e+09
4.977390312500000000e+05
1.745604531250000000e+05
1.937734218750000000e+05
1.409546250000000000e+06
1.292576093750000000e+05
8.968243750000000000e+05
6.252885625000000000e+05
1.788108007812500000e+04
1.094869765625000000e+05
7.751092285156250000e+03
2.836122460937500000e+04
7.069601562500000000e+03
7.200489472000000000e+10
7.200489472000000000e+10
7.200489472000000000e+10
2.109438000000000000e+07
2.804286400000000000e+08
6.343424000000000000e+06
1.508659916800000000e+10
7.200489472000000000e+10
7.200489472000000000e+10
2.081242800000000000e+07
1.663144652800000000e+10
7.200489472000000000e+10
7.200489472000000000e+10
7.200489472000000000e+10
1.156476400000000000e+07
1.147611392000000000e+09
5.864264000000000000e+06
7.200489472000000000e+10
7.200489472000000000e+10
7.200489472000000000e+10
1.156476400000000000e+07
7.200489472000000000e+10
7.061878906250000000e+04
6.514876562500000000e+04
1.447656500000000000e+06
8.723244476318359375e+01
1.133637695312500000e+04
1.211603832244873047e+01
4.670157623291015625e+01
0.000000000000000000e+00
3.041787084800000000e+10
7.200489472000000000e+10
1.353807400000000000e+07
8.892332000000000000e+06
6.562255468750000000e+04
2.292989257812500000e+03
1.282788454400000000e+10
5.840287500000000000e+06
8.287937600000000000e+07
2.360071777343750000e+03
6.771519500000000000e+06
2.389488250000000000e+06
2.071175577600000000e+10
8.096148800000000000e+07
5.532196093750000000e+04
4.098422527313232422e-01
1.095696015625000000e+05
1.132929800000000000e+07
1.644478710937500000e+04
8.677407000000000000e+06
4.355434570312500000e+02
2.850450390625000000e+04
7.200489472000000000e+10
3.187701440000000000e+08
7.200489472000000000e+10
1.987585120000000000e+08
7.218248320000000000e+08
2.671510000000000000e+06
7.200489472000000000e+10
7.200489472000000000e+10
3.538384640000000000e+08
2.232456800000000000e+08
7.200489472000000000e+10
7.826305625000000000e+05
1.542800125000000000e+06
3.476196875000000000e+05
2.186388587951660156e+01
1.106654453125000000e+05
1.087305297851562500e+02
1.778605079650878906e+01
4.052295303344726562e+01
3.549764812800000000e+10
6.575729152000000000e+09
6.878746875000000000e+05
9.397228000000000000e+06
1.366687375000000000e+06
1.320095468750000000e+05
6.575729152000000000e+09
6.878746875000000000e+05
1.619205625000000000e+05
1.320095468750000000e+05
1.619205625000000000e+05
2.628224000000000000e+06
1.872143125000000000e+05
9.001026250000000000e+05
3.519888437500000000e+05
2.240270996093750000e+03
1.183772558593750000e+04
4.357407031250000000e+04
3.541447021484375000e+03
1.691768593750000000e+05
8.968243750000000000e+05
2.825751875000000000e+05
6.897183593750000000e+04
4.147450390625000000e+04
1.203522949218750000e+04
6.862651367187500000e+03
1.782656127929687500e+03
7.151032960000000000e+08
7.200489472000000000e+10
7.972829000000000000e+06
1.003443200000000000e+08
5.808537890625000000e+04
1.675923750000000000e+05
4.227737600000000000e+10
2.581778250000000000e+06
5.240313437500000000e+05
1.264755625000000000e+06
3.722458000000000000e+07
1.531155865600000000e+10
4.014237952000000000e+09
7.282886875000000000e+05
9.397228000000000000e+06
1.443259000000000000e+06
1.370440468750000000e+05
4.014237952000000000e+09
7.282886875000000000e+05
1.681878281250000000e+05
1.370440468750000000e+05
1.681878281250000000e+05
1.377835136000000000e+09
2.087707500000000000e+06
2.075347968750000000e+05
4.396408386230468750e+02
1.055570859375000000e+05
1.533459687500000000e+05
2.511967620849609375e+02
1.163622314453125000e+03
1.079391872000000000e+09
1.130352230400000000e+10
8.739523750000000000e+05
6.347679000000000000e+06
3.150044062500000000e+05
1.354467382812500000e+04
1.569164416000000000e+09
1.461638593750000000e+05
7.833142187500000000e+04
1.449459062500000000e+05
8.523552500000000000e+05
1.953685200000000000e+07
7.608813056000000000e+09
6.260732500000000000e+05
2.031274750000000000e+06
3.570142745971679688e+01
1.739993408203125000e+03
5.846229120000000000e+08
1.197949316406250000e+04
2.784080468750000000e+04
3.441920776367187500e+02
2.095269726562500000e+04
6.589347656250000000e+04
3.661311035156250000e+03
1.996893750000000000e+04
1.765721679687500000e+04
8.667114257812500000e+02
1.522918945312500000e+03
1.916691650390625000e+03
6.957131958007812500e+02
3.429939375000000000e+05
1.738598437500000000e+05
1.607999687500000000e+05
7.896908750000000000e+05
1.008050878906250000e+04
1.467635253906250000e+04
3.334829687500000000e+04
1.111959106445312500e+03
8.587170816000000000e+09
5.063151616000000000e+09
2.330679843750000000e+05
3.894935750000000000e+06
2.786230312500000000e+05
5.743725585937500000e+03
7.020230656000000000e+09
2.454656562500000000e+05
4.839104492187500000e+03
2.897660742187500000e+04
2.221357500000000000e+05
2.098275390625000000e+04
9.906250976562500000e+03
3.196606250000000000e+05
8.098785644531250000e+03
1.455348144531250000e+04
5.864264000000000000e+06
8.998900756835937500e+02
2.098275390625000000e+04
9.906250976562500000e+03
8.098785644531250000e+03
8.998900756835937500e+02
1.369649125000000000e+06
1.910124414062500000e+04
1.060271750000000000e+06
1.159646606445312500e+02
4.468122070312500000e+03
4.156864746093750000e+03
1.729017791748046875e+02
1.559010505676269531e+01
2.625748800000000000e+07
1.762107596800000000e+10
2.797935937500000000e+05
1.171021796875000000e+05
8.644678115844726562e+00
4.819793457031250000e+03
3.810822400000000000e+08
2.874830273437500000e+04
1.048359531250000000e+05
2.611883544921875000e+02
3.639900390625000000e+04
1.268573440000000000e+09
1.252568900000000000e+07
1.689167968750000000e+05
1.425625750000000000e+06
2.252475000000000000e+06
3.303116480000000000e+08
5.659215820312500000e+03
7.476300000000000000e+05
7.200489472000000000e+10
7.200489472000000000e+10
3.719108000000000000e+07
3.716510250000000000e+06
6.491607031250000000e+04
1.984624023437500000e+03
7.200489472000000000e+10
2.595179040000000000e+08
2.119756160000000000e+08
2.322605590820312500e+02
4.424072960000000000e+08
8.842785280000000000e+08
1.730887343750000000e+05
1.139440429687500000e+03
4.814417839050292969e+00
2.296690429687500000e+04
3.883320922851562500e+02
1.050957918167114258e+00
2.031035308837890625e+02
7.200489472000000000e+10
2.477502800000000000e+07
2.153832656250000000e+05
1.918213280000000000e+08
3.088132324218750000e+03
3.574923706054687500e+01
7.200489472000000000e+10
6.582770625000000000e+05
4.059389343261718750e+02
1.882195587158203125e+02
3.210873779296875000e+03
3.415441152000000000e+09
4.481015000000000000e+05
9.152155520000000000e+08
1.283305000000000000e+05
2.363224800000000000e+07
2.055347167968750000e+03
1.035923937500000000e+06
1.351728640000000000e+08
2.755798437500000000e+04
5.510886230468750000e+03
3.556960156250000000e+04
1.103139968000000000e+09
2.052414400000000000e+07
2.718001250000000000e+05
1.072854453125000000e+05
4.130517250000000000e+06
8.543085600000000000e+07
1.070507226562500000e+04
3.940363750000000000e+05
3.483083500000000000e+06
2.931632000000000000e+07
1.891851125000000000e+06
5.234591000000000000e+06
1.175482968750000000e+05
1.622664160156250000e+04
1.810945000000000000e+06
2.877867187500000000e+04
5.763793305600000000e+10
7.005118750000000000e+05
5.990190720000000000e+08
1.012083007812500000e+03
8.620637500000000000e+05
2.574074951171875000e+03
8.555990000000000000e+05
8.446265600000000000e+08
2.869688867187500000e+04
6.364085693359375000e+02
2.705775937500000000e+05
2.510748535156250000e+03
1.640967968750000000e+05
7.294118000000000000e+06
6.390110500000000000e+06
2.740246887207031250e+02
8.463995361328125000e+02
2.499904843750000000e+05
3.227256164550781250e+02
7.200489472000000000e+10
7.200489472000000000e+10
7.200489472000000000e+10
8.113148000000000000e+06
8.935713920000000000e+08
5.871780500000000000e+06
7.200489472000000000e+10
7.200489472000000000e+10
7.200489472000000000e+10
8.113148000000000000e+06
7.200489472000000000e+10
2.033982080000000000e+08
1.901453875000000000e+06
9.618104687500000000e+04
8.658381835937500000e+03
2.719997812500000000e+05
7.138473000000000000e+06
1.016946679687500000e+04
1.409426406250000000e+05
2.188695750000000000e+06
1.310157031250000000e+05
3.170465937500000000e+05
3.167505798339843750e+02
2.624272656250000000e+04
2.962513732910156250e+02
5.772138595581054688e+00
4.872962951660156250e+00
9.087961875000000000e+05
7.585132031250000000e+04
1.333870312500000000e+05
2.013699375000000000e+05
2.694744873046875000e+03
6.692091796875000000e+03
2.892807373046875000e+03
1.220229003906250000e+03
8.128945152000000000e+09
4.216826800000000000e+07
1.184720000000000000e+06
9.249999218750000000e+04
2.067911562500000000e+05
1.452601806640625000e+03
3.874402240000000000e+08
6.862025000000000000e+05
3.109567773437500000e+04
5.853253906250000000e+03
1.878753593750000000e+05
1.044437760000000000e+09
3.793268224000000000e+09
3.653388288000000000e+09
5.555908000000000000e+06
1.698527539062500000e+04
1.046354900000000000e+07
2.066344960000000000e+09
1.798964400000000000e+07
6.900939200000000000e+07
1.492874062500000000e+05
2.929050000000000000e+07
8.091343750000000000e+04
3.101535034179687500e+01
5.376930541992187500e+02
6.378164672851562500e+02
1.413568258285522461e+00
2.259053344726562500e+02
2.463299989700317383e+00
2.621565818786621094e+00
1.190369408000000000e+09
5.527232500000000000e+06
1.720265920000000000e+08
9.982369000000000000e+06
8.340096000000000000e+06
2.723985312500000000e+05
1.585633000000000000e+06
1.064607800000000000e+07
2.113531562500000000e+05
1.991222500000000000e+05
3.748064843750000000e+04
1.046605504000000000e+09
1.260539875000000000e+06
9.177417500000000000e+05
9.940706875000000000e+05
1.097426875000000000e+06
1.419450080000000000e+08
1.409447265625000000e+04
4.485403515625000000e+04
7.200489472000000000e+10
7.200489472000000000e+10
2.240348160000000000e+08
1.045635200000000000e+08
1.003119687500000000e+06
5.835606250000000000e+04
7.200489472000000000e+10
7.013174400000000000e+08
2.889162880000000000e+08
1.509227500000000000e+05
1.863685734400000000e+10
7.200489472000000000e+10
2.047050400000000000e+07
8.468081000000000000e+06
2.897110937500000000e+05
4.034128800000000000e+07
6.942605600000000000e+07
4.400181640625000000e+04
1.757863125000000000e+06
7.200489472000000000e+10
7.200489472000000000e+10
7.200489472000000000e+10
1.774581920000000000e+08
9.284993280000000000e+08
5.625207000000000000e+06
7.200489472000000000e+10
7.200489472000000000e+10
7.200489472000000000e+10
1.614432000000000000e+08
7.200489472000000000e+10
3.513965312000000000e+09
7.200489472000000000e+10
1.043158000000000000e+06
7.245634500000000000e+06
1.291812500000000000e+04
3.565317626953125000e+03
3.484658432000000000e+09
2.125121289062500000e+04
1.498313800000000000e+07
6.135836791992187500e+02
6.142702734375000000e+04
1.666210240000000000e+08
4.014237952000000000e+09
2.728792750000000000e+06
2.478202250000000000e+06
7.462003750000000000e+05
4.193920312500000000e+05
2.059976640000000000e+08
2.450048906250000000e+05
7.041791250000000000e+05
2.967613750000000000e+05
2.653998125000000000e+05
7.200489472000000000e+10
3.793268224000000000e+09
4.649635200000000000e+07
2.916838144000000000e+09
5.184589062500000000e+05
9.106581250000000000e+04
7.200489472000000000e+10
2.559940864000000000e+09
3.052491250000000000e+06
5.619918750000000000e+05
5.283812000000000000e+07
3.019832031250000000e+03
8.650925445556640625e+01
2.902502929687500000e+03
1.354998779296875000e+02
3.218076705932617188e+00
0.000000000000000000e+00
0.000000000000000000e+00
0.000000000000000000e+00
7.200489472000000000e+10
7.200489472000000000e+10
8.454487500000000000e+05
5.990190720000000000e+08
3.135863281250000000e+03
1.209181060791015625e+02
7.200489472000000000e+10
2.984676500000000000e+06
3.881201750000000000e+06
2.128295135498046875e+02
1.008985200000000000e+07
1.564472000000000000e+06
2.044590234375000000e+04
6.528718471527099609e+00
1.356979846954345703e+01
8.071494140625000000e+03
3.642117023468017578e+00
1.903782367706298828e+00
8.164672851562500000e-01
2.914858240000000000e+09
2.597297200000000000e+07
6.642308480000000000e+08
8.844758000000000000e+06
9.954743000000000000e+06
2.527938125000000000e+05
5.231661500000000000e+06
2.158687600000000000e+07
1.087011750000000000e+06
1.730793125000000000e+05
1.173242968750000000e+05
7.200489472000000000e+10
3.381958656000000000e+09
5.095884500000000000e+06
6.407834240000000000e+08
8.738841796875000000e+03
4.579435058593750000e+03
7.200489472000000000e+10
5.604879500000000000e+06
2.178022812500000000e+05
3.398202636718750000e+03
2.498808281250000000e+05
1.267987968000000000e+09
1.939737600000000000e+09
1.228061625000000000e+06
3.295233750000000000e+06
1.794970156250000000e+05
9.920054687500000000e+03
1.546850432000000000e+09
2.562952343750000000e+05
3.517703437500000000e+05
3.956395703125000000e+04
1.404486250000000000e+06
1.559781920000000000e+08
1.822751220703125000e+03
3.096793945312500000e+03
6.929447174072265625e+01
7.913974609375000000e+02
2.786213476562500000e+04
2.604965448379516602e+00
0.000000000000000000e+00
1.601830297600000000e+10
2.531378400000000000e+07
5.990190720000000000e+08
2.395686562500000000e+05
1.388917656250000000e+05
7.868803906250000000e+04
5.676991200000000000e+07
3.217179200000000000e+08
1.204080250000000000e+06
1.831396606445312500e+03
2.097495937500000000e+05
1.969790781250000000e+05
2.887062500000000000e+04
3.020958203125000000e+04
5.864264000000000000e+06
5.101714843750000000e+03
1.066855175781250000e+04
2.887062500000000000e+04
5.101714843750000000e+03
8.520222400000000000e+07
5.405880832000000000e+09
5.990190720000000000e+08
1.489556093750000000e+05
5.483782226562500000e+03
5.267657500000000000e+06
6.313229200000000000e+07
3.964513500000000000e+06
4.287795200000000000e+08
5.137583496093750000e+03
3.293044250000000000e+06
8.185964160000000000e+08
7.942713344000000000e+09
5.990190720000000000e+08
1.911284000000000000e+06
4.393602343750000000e+04
5.864264000000000000e+06
8.185964160000000000e+08
1.209149250000000000e+06
5.990190720000000000e+08
4.393602343750000000e+04
1.209149250000000000e+06
3.520914240000000000e+08
6.405806080000000000e+08
7.531488000000000000e+06
3.391835625000000000e+05
8.501132812500000000e+04
5.432596500000000000e+06
5.032503040000000000e+08
5.286725200000000000e+07
1.647765100000000000e+07
1.374087812500000000e+05
1.043808000000000000e+08
6.414007500000000000e+06
1.145765078125000000e+05
9.949561523437500000e+03
4.733561718750000000e+04
1.180845312500000000e+04
6.778421630859375000e+02
3.413643493652343750e+02
5.598768997192382812e+01
9.882650400000000000e+07
3.742723328000000000e+09
1.169894409179687500e+03
6.740150000000000000e+05
1.522927551269531250e+02
2.082388153076171875e+02
2.012023200000000000e+08
1.414210052490234375e+02
4.015452575683593750e+02
5.597380447387695312e+01
1.618227081298828125e+02
9.760603750000000000e+05
2.286529218750000000e+05
6.513610000000000000e+05
2.259370781250000000e+05
4.532775390625000000e+04
1.463486621093750000e+04
1.514418164062500000e+04
1.578858154296875000e+03
4.072818560000000000e+08
1.565081933593750000e+04
3.716510250000000000e+06
1.314310424804687500e+03
2.576754882812500000e+04
1.906351757812500000e+04
1.449562812500000000e+05
2.525926250000000000e+06
1.889618530273437500e+02
1.807001342773437500e+02
6.517994384765625000e+02
6.951586201600000000e+10
7.942713344000000000e+09
5.990190720000000000e+08
1.955064400000000000e+07
1.352685625000000000e+06
5.864264000000000000e+06
6.951586201600000000e+10
9.232615040000000000e+08
5.990190720000000000e+08
1.352685625000000000e+06
9.232615040000000000e+08
7.200489472000000000e+10
7.200489472000000000e+10
4.897392000000000000e+07
1.834400400000000000e+07
3.895000390625000000e+04
1.994955859375000000e+04
7.200489472000000000e+10
2.464989760000000000e+08
6.885648000000000000e+07
7.816304931640625000e+02
2.594124960000000000e+08
4.846129500000000000e+06
2.307667031250000000e+05
5.444364500000000000e+06
6.383842500000000000e+06
1.971624414062500000e+04
2.247962656250000000e+05
3.477788750000000000e+05
2.462173437500000000e+04
3.166209792000000000e+09
9.565684375000000000e+05
5.430455859375000000e+04
1.962168164062500000e+04
2.542350585937500000e+04
1.822707520000000000e+08
2.955987060546875000e+03
1.615971801757812500e+03
7.200489472000000000e+10
7.200489472000000000e+10
4.731602400000000000e+07
1.667745760000000000e+08
5.869514062500000000e+04
1.894708618164062500e+03
7.200489472000000000e+10
1.102840560000000000e+08
6.747411200000000000e+08
6.290831054687500000e+03
3.939665600000000000e+08
7.200489472000000000e+10
5.832847360000000000e+10
2.023016000000000000e+07
5.568135680000000000e+08
9.259990625000000000e+04
3.187837219238281250e+02
7.200489472000000000e+10
8.068988800000000000e+08
3.114254800000000000e+07
1.066922729492187500e+03
6.628665600000000000e+08
8.782281000000000000e+06
3.653996875000000000e+04
5.478747520000000000e+08
2.388167419433593750e+02
2.967802429199218750e+02
2.727301562500000000e+04
1.146704296875000000e+04
8.174208593750000000e+04
9.094514648437500000e+03
3.297407913208007812e+01
9.280239257812500000e+02
7.200489472000000000e+10
7.200489472000000000e+10
5.164897812500000000e+05
9.834976000000000000e+06
1.260292358398437500e+03
2.953182617187500000e+03
7.200489472000000000e+10
4.619767187500000000e+05
6.741666500000000000e+06
3.091018486022949219e+01
5.491598500000000000e+06
1.703119750000000000e+06
8.387563500000000000e+06
1.354663200000000000e+08
8.619385986328125000e+02
5.856172656250000000e+04
5.864264000000000000e+06
2.881695800781250000e+03
1.703119750000000000e+06
8.387563500000000000e+06
8.619385986328125000e+02
2.881695800781250000e+03
7.200489472000000000e+10
3.634102528000000000e+09
7.200489472000000000e+10
1.022536320000000000e+09
7.620849280000000000e+08
1.354663200000000000e+08
7.200489472000000000e+10
7.200489472000000000e+10
3.634102528000000000e+09
1.022536320000000000e+09
7.200489472000000000e+10
7.200489472000000000e+10
3.793268224000000000e+09
7.200489472000000000e+10
8.516701440000000000e+08
1.493163264000000000e+09
1.354663200000000000e+08
7.200489472000000000e+10
7.200489472000000000e+10
3.793268224000000000e+09
8.516701440000000000e+08
7.200489472000000000e+10
4.694343680000000000e+08
5.312149440000000000e+08
5.375825625000000000e+05
1.343247375000000000e+06
1.464189453125000000e+02
3.352627868652343750e+02
1.333107328000000000e+09
7.698882812500000000e+04
2.820287841796875000e+03
4.162637939453125000e+02
3.542910156250000000e+04
2.257091601562500000e+04
6.226721679687500000e+03
5.542830000000000000e+05
2.491039306640625000e+03
6.226721679687500000e+03
5.057381439208984375e+01
3.094899597167968750e+02
1.739288711547851562e+01
1.126220375000000000e+06
4.158701171875000000e+03
8.936170400000000000e+07
2.099416017532348633e+00
1.133083129882812500e+03
6.304917602539062500e+02
6.309042358398437500e+01
1.744499250000000000e+06
9.564683227539062500e+02
3.928373813629150391e+00
3.203848266601562500e+02
3.134413414400000000e+10
5.762889216000000000e+09
1.576011625000000000e+06
9.397228000000000000e+06
4.014246500000000000e+06
2.586031406250000000e+05
5.762889216000000000e+09
1.576011625000000000e+06
3.456910312500000000e+05
2.586031406250000000e+05
3.456910312500000000e+05
5.474221875000000000e+05
1.439080781250000000e+05
5.990190720000000000e+08
1.021776855468750000e+04
2.789525451660156250e+02
4.515577343750000000e+04
3.251650781250000000e+04
6.577845312500000000e+04
1.414728125000000000e+05
6.119730468750000000e+03
4.012742187500000000e+04
7.016214528000000000e+09
3.716978000000000000e+06
3.662741562500000000e+05
4.479348754882812500e+02
2.213948750000000000e+06
1.626755781250000000e+05
1.356857604980468750e+02
2.029537695312500000e+04
6.612683125000000000e+05
9.697916992187500000e+03
1.198353808593750000e+04
2.466080781250000000e+05
7.700687255859375000e+02
3.763309326171875000e+02
1.978272460937500000e+03
1.412034301757812500e+02
3.541789440000000000e+09
1.228061625000000000e+06
5.603018750000000000e+05
1.404734039306640625e+02
5.676520000000000000e+05
2.013948906250000000e+05
1.451916046142578125e+02
2.713480834960937500e+02
4.543543750000000000e+04
5.906556152343750000e+03
7.289803906250000000e+04
1.096927642822265625e+02
6.077202758789062500e+02
5.839267730712890625e+00
5.816770553588867188e+00
0.000000000000000000e+00
2.274999520000000000e+08
6.894463125000000000e+05
3.716510250000000000e+06
8.861441000000000000e+06
8.387563500000000000e+06
2.470572343750000000e+05
2.370889531250000000e+05
6.564301875000000000e+05
3.841548095703125000e+03
1.720715781250000000e+05
2.963095214843750000e+03
5.480325760000000000e+08
5.482376875000000000e+05
5.990190720000000000e+08
9.575118164062500000e+03
2.599141015625000000e+04
1.909638085937500000e+04
4.439030312500000000e+05
1.609662100000000000e+07
2.936508593750000000e+04
1.570822509765625000e+03
3.635698828125000000e+04
7.730340480000000000e+08
3.559447600000000000e+07
4.186722500000000000e+05
1.803726196289062500e+01
3.505517500000000000e+06
2.238362060546875000e+03
2.708123779296875000e+01
1.420547070312500000e+04
2.740752320000000000e+08
5.259243125000000000e+05
6.048317440000000000e+08
4.662200546264648438e+01
6.960633300781250000e+03
2.939796630859375000e+03
4.810463671875000000e+04
3.390966000000000000e+07
3.635879296875000000e+04
1.411290740966796875e+02
4.009666406250000000e+04
9.800115200000000000e+07
6.985651562500000000e+04
3.664851600000000000e+07
1.351520214843750000e+04
6.035292187500000000e+04
2.997199414062500000e+04
9.030991406250000000e+04
1.010618500000000000e+07
1.385337011718750000e+04
9.313977661132812500e+02
2.934476171875000000e+04
2.004410781250000000e+05
7.942713344000000000e+09
5.990190720000000000e+08
7.853549804687500000e+03
1.786112670898437500e+03
5.864264000000000000e+06
2.004410781250000000e+05
2.166847500000000000e+05
5.990190720000000000e+08
1.786112670898437500e+03
2.166847500000000000e+05
1.201117000000000000e+07
7.200489472000000000e+10
7.200489472000000000e+10
1.096369531250000000e+04
3.179522500000000000e+05
6.136296000000000000e+06
2.479682000000000000e+07
1.253795000000000000e+07
7.200489472000000000e+10
1.091029785156250000e+04
2.530046400000000000e+07
1.062295500000000000e+07
8.387563500000000000e+06
5.956496875000000000e+04
1.566003125000000000e+04
7.249030303955078125e+01
8.166264648437500000e+02
1.046187500000000000e+04
6.412839843750000000e+03
1.243492919921875000e+03
2.383745956420898438e+01
6.061038589477539062e+01
1.796050250000000000e+06
1.118146875000000000e+04
2.328713750000000000e+05
6.082743453979492188e+01
1.319434472656250000e+04
7.245028018951416016e-01
7.527639865875244141e-01
0.000000000000000000e+00
4.014237952000000000e+09
8.085592800000000000e+07
7.284491250000000000e+05
5.704300000000000000e+05
1.374924062500000000e+05
3.706556701660156250e+02
7.392596480000000000e+08
1.687606093750000000e+05
9.535053100585937500e+02
3.491512451171875000e+03
6.447196484375000000e+04
8.731487232000000000e+09
1.577665440000000000e+08
5.452775625000000000e+05
1.206905625000000000e+05
7.381599375000000000e+05
8.721014648437500000e+03
3.177460800000000000e+08
5.192848125000000000e+05
3.012944726562500000e+04
8.690350585937500000e+03
1.220953046875000000e+05
3.508880320000000000e+08
8.565594624000000000e+09
9.649538750000000000e+05
7.039366875000000000e+05
3.779802187500000000e+05
3.984508125000000000e+05
1.146014592000000000e+09
1.526547656250000000e+05
5.756127500000000000e+05
1.020932031250000000e+05
2.312061718750000000e+05
5.119165625000000000e+05
2.664142080000000000e+09
2.652996250000000000e+06
3.783393066406250000e+03
1.409687622070312500e+03
2.051074414062500000e+04
1.986252000000000000e+06
8.364757812500000000e+03
2.226957343750000000e+05
5.101106567382812500e+02
1.891488671875000000e+04
3.613427840000000000e+08
3.562103200000000000e+07
3.193948828125000000e+04
1.445833301544189453e+01
2.385101000000000000e+06
5.184976171875000000e+04
3.660980224609375000e+01
5.484386328125000000e+04
9.989789440000000000e+08
4.724149169921875000e+02
1.907417440000000000e+08
6.645688476562500000e+03
8.522436000000000000e+06
5.163416137695312500e+02
5.362631835937500000e+02
1.243255100000000000e+07
8.958882904052734375e+01
3.246092224121093750e+02
1.005957946777343750e+02
2.529146500000000000e+06
9.920054687500000000e+03
1.366687375000000000e+06
1.797719600000000000e+07
9.920054687500000000e+03
7.999179687500000000e+04
1.131459921875000000e+05
3.777117004394531250e+02
3.987587187500000000e+05
2.837550537109375000e+03
9.196272460937500000e+03
5.864264000000000000e+06
1.331080322265625000e+03
2.552948974609375000e+03
2.837550537109375000e+03
1.331080322265625000e+03
2.723567104000000000e+09
2.728623750000000000e+06
1.855038250000000000e+06
2.735987500000000000e+04
6.919539375000000000e+05
2.169034800000000000e+07
1.604996386718750000e+04
8.721879882812500000e+03
2.965759750000000000e+06
3.037737280000000000e+08
1.596253125000000000e+05
8.181719531250000000e+04
1.005247363281250000e+04
6.514876562500000000e+04
6.362655500000000000e+06
1.221384179687500000e+04
6.048470703125000000e+04
1.279459106445312500e+03
9.734131835937500000e+03
8.128945152000000000e+09
1.939737600000000000e+09
1.228061625000000000e+06
1.248593375000000000e+06
3.096239375000000000e+05
9.920054687500000000e+03
2.992588800000000000e+09
7.621808750000000000e+05
3.517703437500000000e+05
8.175300000000000000e+04
1.877624375000000000e+06
1.169249280000000000e+10
7.200489472000000000e+10
7.200489472000000000e+10
1.103652100000000000e+07
1.719386000000000000e+07
5.943646500000000000e+06
5.094520422400000000e+10
1.169249280000000000e+10
7.200489472000000000e+10
1.103652100000000000e+07
5.094520422400000000e+10
8.928175781250000000e+03
4.604434375000000000e+04
6.165792187500000000e+04
9.936664581298828125e+01
1.794778594970703125e+02
1.261851787567138672e-01
8.937246322631835938e+00
0.000000000000000000e+00
1.661567625000000000e+06
6.584183125000000000e+05
2.047133906250000000e+05
6.838689422607421875e+01
6.264730859375000000e+04
2.185997619628906250e+02
2.364332199096679688e+01
2.947377014160156250e+01
3.860484687500000000e+05
5.282058800000000000e+07
3.716510250000000000e+06
4.071827636718750000e+03
6.651573486328125000e+02
3.021659500000000000e+06
9.131139843750000000e+04
5.733161621093750000e+03
1.314584750000000000e+06
2.526264495849609375e+02
2.866135498046875000e+03
7.200489472000000000e+10
8.809583200000000000e+07
8.228037600000000000e+07
9.172231200000000000e+07
1.276341796875000000e+05
2.324623046875000000e+03
4.909323468800000000e+10
6.046161280000000000e+08
6.914761718750000000e+04
2.198615820312500000e+04
7.105404375000000000e+05
7.200489472000000000e+10
1.273141760000000000e+08
8.402313750000000000e+05
3.874459600000000000e+07
5.122463378906250000e+03
2.355954895019531250e+02
7.200489472000000000e+10
3.728338500000000000e+06
1.018732543945312500e+03
8.994467926025390625e+01
8.744760742187500000e+03
3.336010240000000000e+09
2.293248750000000000e+05
2.746373750000000000e+05
1.429332656250000000e+05
5.934915625000000000e+04
9.859662400000000000e+07
9.792845703125000000e+03
1.741214843750000000e+03
1.612098252800000000e+10
2.654932400000000000e+07
6.057160960000000000e+08
1.928825875000000000e+06
1.810414875000000000e+06
2.383912968750000000e+05
1.246399520000000000e+08
9.254883200000000000e+08
1.206228375000000000e+06
1.156578906250000000e+05
4.527677000000000000e+06
3.992865250000000000e+06
1.310157031250000000e+05
1.107252000000000000e+06
1.069536666870117188e+02
3.432442812500000000e+05
2.602378234863281250e+02
1.220102119445800781e+01
1.827024841308593750e+01
3.267604003906250000e+03
4.685963671875000000e+04
4.688958593750000000e+04
1.113127807617187500e+03
4.508493957519531250e+02
7.520214080810546875e+00
9.060025024414062500e+01
5.436966419219970703e-01
3.575861250000000000e+06
1.095552300000000000e+07
2.588124267578125000e+03
8.110976074218750000e+03
1.862907562255859375e+02
8.526777343750000000e+02
2.526060937500000000e+04
5.097003784179687500e+02
7.806678466796875000e+02
7.857996368408203125e+01
6.944506835937500000e+01
1.823276625000000000e+06
1.676892773437500000e+04
1.031755312500000000e+06
5.864264000000000000e+06
3.861571777343750000e+03
4.590058593750000000e+04
1.676892773437500000e+04
3.861571777343750000e+03
1.741124218750000000e+04
6.514876562500000000e+04
7.882172656250000000e+04
2.585485351562500000e+03
1.026286499023437500e+03
1.937879791259765625e+02
4.679509765625000000e+03
6.631341552734375000e+01
2.874143437500000000e+05
7.942713344000000000e+09
6.188762240000000000e+08
9.786877343750000000e+04
5.355836718750000000e+04
5.899553000000000000e+06
2.874143437500000000e+05
4.405354687500000000e+05
6.188762240000000000e+08
5.355836718750000000e+04
4.405354687500000000e+05
1.003724023437500000e+04
3.167148193359375000e+03
1.122313842773437500e+03
7.101826500000000000e+06
5.843017578125000000e+02
5.178192138671875000e+02
1.122313842773437500e+03
5.178192138671875000e+02
5.107260800000000000e+08
1.716877184000000000e+09
1.228061625000000000e+06
3.677045500000000000e+06
1.060375390625000000e+05
3.763591552734375000e+03
9.272375040000000000e+08
1.060274375000000000e+05
5.120147265625000000e+04
3.396294921875000000e+04
4.977693750000000000e+05
4.232827000000000000e+06
8.968243750000000000e+05
4.171155750000000000e+06
4.520848750000000000e+05
2.095470468750000000e+05
3.096250976562500000e+04
3.720358203125000000e+04
3.273628906250000000e+03
6.080636160000000000e+08
3.743560156250000000e+04
6.026829440000000000e+08
7.893680419921875000e+02
4.268420703125000000e+04
6.865865722656250000e+03
5.521690625000000000e+04
2.770516480000000000e+08
6.529730957031250000e+03
1.641861877441406250e+02
8.151901855468750000e+03
9.114472000000000000e+07
8.565594624000000000e+09
7.944898750000000000e+05
1.010817562500000000e+06
7.016056875000000000e+05
7.381599375000000000e+05
4.669313600000000000e+08
1.413790781250000000e+05
7.594926250000000000e+05
3.796702812500000000e+05
3.650967500000000000e+05
2.543155000000000000e+05
1.813806835937500000e+04
1.492941131591796875e+02
2.106490478515625000e+03
5.683040771484375000e+02
2.597453689575195312e+01
2.333306312561035156e+01
2.409036636352539062e+00
4.295014400000000000e+08
2.780851968000000000e+09
2.478587500000000000e+06
3.504895750000000000e+06
3.932900312500000000e+05
1.149009863281250000e+04
8.488628480000000000e+08
1.556448437500000000e+05
2.658666992187500000e+04
1.294180781250000000e+05
7.975651875000000000e+05
4.700930000000000000e+05
8.754250488281250000e+02
3.698220825195312500e+02
2.470572343750000000e+05
4.093015747070312500e+02
6.275764770507812500e+02
2.060279388427734375e+02
1.571045227050781250e+02
3.793268224000000000e+09
7.200489472000000000e+10
2.520376320000000000e+08
8.387563500000000000e+06
1.799465500000000000e+06
5.825147265625000000e+04
4.075742720000000000e+09
1.195448900000000000e+07
1.182641152000000000e+09
2.083550781250000000e+04
3.791742000000000000e+06
3.059621478400000000e+10
7.200489472000000000e+10
7.200489472000000000e+10
8.387563500000000000e+06
1.515655680000000000e+08
6.223722000000000000e+06
1.307677491200000000e+10
3.902715904000000000e+10
7.200489472000000000e+10
8.547823000000000000e+06
1.697219072000000000e+10
1.185183872000000000e+09
2.784068125000000000e+05
2.889004394531250000e+03
1.272379150390625000e+03
1.108280859375000000e+05
6.485419000000000000e+06
1.581566619873046875e+02
2.387247851562500000e+04
6.018107031250000000e+04
6.311518359375000000e+04
1.957533569335937500e+02
4.323976074218750000e+03
3.187514160156250000e+03
2.180045890808105469e+01
1.844220733642578125e+01
3.555094242095947266e+00
1.531155865600000000e+10
5.385491333007812500e+02
2.298859863281250000e+03
1.936835000000000000e+06
5.385491333007812500e+02
5.429303680000000000e+08
6.819783020019531250e+01
1.651442337036132812e+01
5.064024800000000000e+07
9.811309570312500000e+03
9.746665000000000000e+06
5.407179565429687500e+02
1.264391210937500000e+04
1.124692382812500000e+03
5.729998168945312500e+02
1.256105703125000000e+05
5.014575576782226562e+01
1.438414859771728516e+01
1.497663688659667969e+01
1.498179276800000000e+10
2.654932400000000000e+07
5.990190720000000000e+08
1.677166375000000000e+06
1.742500625000000000e+06
2.466080781250000000e+05
1.119295840000000000e+08
1.010534848000000000e+09
1.258058750000000000e+06
9.451044531250000000e+04
4.046286250000000000e+06
4.014237952000000000e+09
1.939737600000000000e+09
2.728792750000000000e+06
2.877124000000000000e+06
4.193920312500000000e+05
6.514876562500000000e+04
2.850987776000000000e+09
7.041791250000000000e+05
5.705807500000000000e+05
1.424937812500000000e+05
2.784801000000000000e+06
1.901092454400000000e+10
1.570127520000000000e+08
2.482689750000000000e+06
2.842810312500000000e+05
6.882289375000000000e+05
1.050454882812500000e+04
6.121889920000000000e+08
1.288272375000000000e+06
9.289585937500000000e+04
1.414313671875000000e+04
5.528190625000000000e+05
9.568818000000000000e+06
6.454455859375000000e+04
5.990190720000000000e+08
1.479073791503906250e+02
8.299517822265625000e+02
6.264689941406250000e+02
4.661778320312500000e+03
9.178958125000000000e+05
2.965371582031250000e+03
3.815301513671875000e+01
4.285839843750000000e+03
8.326210048000000000e+09
7.200489472000000000e+10
7.200489472000000000e+10
8.387563500000000000e+06
1.354663200000000000e+08
5.864264000000000000e+06
3.655549184000000000e+09
8.326210048000000000e+09
7.200489472000000000e+10
8.387563500000000000e+06
3.655549184000000000e+09
1.179647692800000000e+10
3.658611562500000000e+05
6.048860160000000000e+08
6.670850585937500000e+03
3.074315937500000000e+05
1.949260937500000000e+04
1.557629750000000000e+06
1.110539392000000000e+09
2.190325781250000000e+04
9.109499511718750000e+02
8.317565625000000000e+04
7.200489472000000000e+10
7.200489472000000000e+10
1.024945375000000000e+06
2.361093600000000000e+07
2.356259179687500000e+04
6.029401367187500000e+03
1.685280460800000000e+10
9.016749218750000000e+04
5.862754500000000000e+06
9.318651733398437500e+02
2.177478437500000000e+05
3.223857664000000000e+09
4.379829500000000000e+06
1.110428625000000000e+06
1.049545288085937500e+03
2.003299000000000000e+06
1.029860312500000000e+05
3.877029785156250000e+03
2.688107421875000000e+04
7.200489472000000000e+10
7.200489472000000000e+10
8.975749600000000000e+07
5.990190720000000000e+08
5.630777500000000000e+05
2.143361572265625000e+03
7.200489472000000000e+10
4.988953600000000000e+09
3.177976000000000000e+08
2.323876757812500000e+04
5.279737344000000000e+09
1.477976900000000000e+07
2.564856000000000000e+08
1.228061625000000000e+06
8.671437500000000000e+05
4.029229248046875000e+03
1.067821093750000000e+05
1.374767600000000000e+07
1.139175097656250000e+04
9.489474218750000000e+04
8.103954589843750000e+03
6.225569335937500000e+03
7.658363750000000000e+05
3.485169921875000000e+03
9.688804800000000000e+07
8.871875000000000000e+01
4.115339355468750000e+03
8.672929077148437500e+02
4.927608032226562500e+02
4.149211562500000000e+05
2.518399810791015625e+02
2.528981018066406250e+02
2.025483032226562500e+03
1.339780937500000000e+05
6.514876562500000000e+04
3.358434687500000000e+05
7.958776250000000000e+05
6.657985351562500000e+03
7.998162109375000000e+03
8.737471093750000000e+04
6.163946533203125000e+02
1.214819520000000000e+08
5.063835937500000000e+05
6.231950080000000000e+08
4.569242248535156250e+02
2.687294726562500000e+04
1.741927929687500000e+04
1.127647656250000000e+05
1.966467600000000000e+07
2.933849414062500000e+04
4.558124084472656250e+02
7.413167968750000000e+03
3.648680960000000000e+09
5.393182720000000000e+09
4.557531562500000000e+05
2.877124000000000000e+06
3.646388437500000000e+05
5.618196484375000000e+04
3.238025728000000000e+09
3.816924375000000000e+05
1.546240000000000000e+05
1.232322500000000000e+05
8.957208750000000000e+05
4.647531724800000000e+10
5.241528832000000000e+09
2.515354250000000000e+06
1.119820400000000000e+07
5.388906000000000000e+06
1.338959000000000000e+06
3.139779072000000000e+09
7.417983750000000000e+05
8.919803750000000000e+05
4.057415000000000000e+05
4.706806562500000000e+05
7.200489472000000000e+10
7.200489472000000000e+10
3.500529200000000000e+07
5.383043600000000000e+07
6.312391406250000000e+04
3.102526562500000000e+04
7.200489472000000000e+10
5.712073200000000000e+07
4.455148000000000000e+07
1.439260253906250000e+04
6.536049920000000000e+08
6.968671250000000000e+05
4.722773925781250000e+03
2.909740429687500000e+04
1.869085351562500000e+04
7.515932617187500000e+03
6.815118652343750000e+03
2.660267089843750000e+03
2.980785156250000000e+03
3.329442560000000000e+08
2.486798750000000000e+06
6.713278906250000000e+04
2.300516875000000000e+05
1.324597500000000000e+05
1.420010720000000000e+08
2.975956640625000000e+04
2.235358593750000000e+04
1.724455000000000000e+06
3.595087812500000000e+05
3.642760250000000000e+06
1.493576093750000000e+05
2.937645000000000000e+05
1.072607519531250000e+04
7.429828125000000000e+04
7.090448242187500000e+03
1.737263680000000000e+08
1.939737600000000000e+09
1.228061625000000000e+06
1.384671250000000000e+06
5.197753125000000000e+05
9.920054687500000000e+03
2.341161600000000000e+08
7.255115000000000000e+05
3.517703437500000000e+05
2.216689218750000000e+05
1.948737250000000000e+06
2.214013916015625000e+03
3.148147583007812500e+01
4.204492675781250000e+03
1.995171875000000000e+03
0.000000000000000000e+00
5.935512924194335938e+01
2.301663398742675781e+00
0.000000000000000000e+00
7.200489472000000000e+10
7.200489472000000000e+10
4.846772000000000000e+06
1.626864480000000000e+08
1.696489531250000000e+05
1.893454101562500000e+04
7.200489472000000000e+10
1.560816600000000000e+07
7.695177600000000000e+07
1.465587402343750000e+04
1.730325600000000000e+08
7.200489472000000000e+10
7.200489472000000000e+10
1.751132800000000000e+08
1.834400400000000000e+07
1.993735125000000000e+06
7.420388281250000000e+04
7.200489472000000000e+10
1.490320768000000000e+09
1.285935616000000000e+09
3.609001562500000000e+04
1.294616268800000000e+10
1.298623840000000000e+08
3.424220416000000000e+09
1.184720000000000000e+06
1.878546875000000000e+06
3.438326875000000000e+05
5.376937500000000000e+03
2.366875360000000000e+08
1.497683906250000000e+05
5.207345312500000000e+04
1.256394375000000000e+05
2.848816250000000000e+05
3.564844160000000000e+08
8.128945152000000000e+09
9.687971250000000000e+05
7.579331000000000000e+06
2.053807812500000000e+05
1.663834843750000000e+05
1.562176384000000000e+09
3.073776562500000000e+05
4.575919062500000000e+05
1.925410468750000000e+05
2.085102656250000000e+05
9.685945312500000000e+04
4.003964111328125000e+03
1.310670566558837891e+01
1.154106201171875000e+03
3.975565185546875000e+03
2.384704780578613281e+01
1.310670566558837891e+01
2.384704780578613281e+01
8.565594624000000000e+09
3.494542336000000000e+09
9.633705625000000000e+05
1.248593375000000000e+06
3.943224062500000000e+05
2.078957421875000000e+04
2.418042368000000000e+09
5.728668750000000000e+05
9.524316406250000000e+04
4.194248046875000000e+04
6.138110625000000000e+05
2.165187520000000000e+08
8.387563500000000000e+06
4.564503906250000000e+04
5.462665000000000000e+05
2.770677539062500000e+04
7.260666992187500000e+03
8.728679375000000000e+05
8.195769375000000000e+05
3.369106933593750000e+03
5.764598144531250000e+03
8.612759765625000000e+03
3.125905517578125000e+03
3.881562744140625000e+03
5.194300781250000000e+04
2.058585205078125000e+02
1.560356445312500000e+02
5.491214990615844727e-01
8.420269012451171875e+00
0.000000000000000000e+00
8.593359360000000000e+08
7.200489472000000000e+10
5.726617600000000000e+08
1.708136250000000000e+05
4.125752734375000000e+04
8.853754687500000000e+04
8.408396160000000000e+08
3.411654375000000000e+05
2.422727936000000000e+09
1.723960693359375000e+03
7.314661875000000000e+05
9.385170898437500000e+03
3.033661193847656250e+02
1.163470703125000000e+03
7.164844531250000000e+04
3.526305389404296875e+01
1.857749938964843750e+02
4.571851348876953125e+01
1.779199790954589844e+01
7.817370000000000000e+05
1.507161750000000000e+06
1.207538250000000000e+06
5.864264000000000000e+06
3.566879296875000000e+04
5.179030859375000000e+04
1.207538250000000000e+06
5.179030859375000000e+04
4.531657280000000000e+08
6.382984500000000000e+06
5.319248750000000000e+05
5.454206640625000000e+04
1.420005500000000000e+06
1.005247363281250000e+04
6.455823500000000000e+06
3.055553437500000000e+05
1.586883398437500000e+04
1.882168750000000000e+04
3.304654687500000000e+04
4.915337109375000000e+04
2.486096093750000000e+05
1.801394531250000000e+04
5.727326500000000000e+06
4.046738281250000000e+02
2.328585968017578125e+02
1.801394531250000000e+04
2.328585968017578125e+02
2.695031808000000000e+09
3.674830250000000000e+06
2.395130500000000000e+06
1.709842529296875000e+03
3.188685250000000000e+06
1.347475625000000000e+05
7.045967407226562500e+02
2.366481445312500000e+04
1.434081406250000000e+05
1.184090332031250000e+03
1.592816699218750000e+04
2.704869531250000000e+04
4.139721679687500000e+01
1.388681274414062500e+03
7.052353515625000000e+02
1.228219070434570312e+02
2.098954750000000000e+06
7.776275781250000000e+04
5.990190720000000000e+08
2.919984579086303711e+00
8.300892944335937500e+02
7.082137451171875000e+02
8.981636810302734375e+01
5.337761250000000000e+05
3.399185058593750000e+03
9.830992698669433594e+00
3.058144226074218750e+02
1.724106496000000000e+09
3.494542336000000000e+09
8.585530625000000000e+05
4.759413500000000000e+06
5.229973437500000000e+05
1.857750585937500000e+04
1.363025024000000000e+09
3.205092812500000000e+05
8.655207812500000000e+04
2.223701718750000000e+05
7.082611875000000000e+05
2.868146176000000000e+09
7.887398912000000000e+09
8.916867840000000000e+08
6.887305000000000000e+06
1.741688437500000000e+05
5.881319000000000000e+06
2.868146176000000000e+09
4.710752000000000000e+06
8.916867840000000000e+08
1.741688437500000000e+05
4.710752000000000000e+06
6.933827500000000000e+05
8.968243750000000000e+05
1.811807125000000000e+06
1.422385156250000000e+05
1.608309531250000000e+05
1.325377539062500000e+04
4.744996484375000000e+04
4.660693359375000000e+03
1.826963200000000000e+07
3.678815917968750000e+02
1.363601093750000000e+05
2.283518800000000000e+07
8.310783081054687500e+02
9.873653125000000000e+05
1.071418359375000000e+04
1.443854064941406250e+02
1.457432187500000000e+05
2.810932617187500000e+02
9.247841796875000000e+03
3.888070983886718750e+02
8.709602661132812500e+02
3.251061401367187500e+02
7.487611770629882812e+00
3.545668601989746094e+00
7.357617500000000000e+06
3.047011328125000000e+04
3.853871093750000000e+04
2.496892812500000000e+05
2.426661523437500000e+04
4.548598828125000000e+04
3.977188476562500000e+03
2.774573730468750000e+03
9.213704320000000000e+08
2.122480000000000000e+06
6.585458125000000000e+05
6.317607421875000000e+02
5.083442187500000000e+05
8.089922656250000000e+04
2.310543823242187500e+01
3.938198471069335938e+01
8.105303552000000000e+09
1.519623200000000000e+07
3.567672500000000000e+06
5.353453125000000000e+05
1.559163625000000000e+06
5.025098240000000000e+08
3.725417187500000000e+04
5.173412187500000000e+05
7.200489472000000000e+10
3.862379315200000000e+10
2.842189250000000000e+06
1.434542400000000000e+08
2.136735937500000000e+04
7.018526367187500000e+03
7.200489472000000000e+10
5.838015500000000000e+06
3.245659000000000000e+06
1.998206909179687500e+03
4.163734000000000000e+07
2.926189772800000000e+10
7.944898750000000000e+05
1.810851625000000000e+06
4.883406250000000000e+03
3.553688125000000000e+05
2.234040500000000000e+06
2.285699462890625000e+02
1.323629760742187500e+01
3.081581120000000000e+08
8.128945152000000000e+09
2.675043750000000000e+06
7.063320625000000000e+05
3.969655312500000000e+05
7.213259375000000000e+05
4.903648320000000000e+08
1.202311562500000000e+05
1.535500375000000000e+06
1.141110937500000000e+05
1.354914687500000000e+05
1.531155865600000000e+10
3.674830250000000000e+06
6.989796500000000000e+06
1.894365875000000000e+06
3.674830250000000000e+06
5.271453120000000000e+08
4.461529687500000000e+04
9.807385937500000000e+04
2.045154720000000000e+08
4.533983398437500000e+03
3.716510250000000000e+06
2.729041442871093750e+02
1.255008984375000000e+05
6.383140869140625000e+02
2.663209533691406250e+02
1.118118000000000000e+06
1.924365425109863281e+01
6.411798858642578125e+01
6.411870002746582031e+00
5.208737280000000000e+08
1.291555900000000000e+07
6.306721280000000000e+08
3.341531640625000000e+04
2.804507226562500000e+04
1.222717187500000000e+05
1.499713437500000000e+05
8.457866250000000000e+05
4.602524687500000000e+05
7.035679321289062500e+02
3.530349853515625000e+03
1.117303625000000000e+06
2.820955078125000000e+03
4.639157104492187500e+01
2.056107177734375000e+03
1.095856445312500000e+03
8.155619621276855469e+00
1.271822357177734375e+01
3.907616138458251953e+00
3.386955520000000000e+09
5.986799316406250000e+03
2.421998046875000000e+04
2.415663500000000000e+06
9.049718750000000000e+03
1.131667584000000000e+09
8.084492187500000000e+03
5.742957153320312500e+02
4.685199609375000000e+04
4.393602343750000000e+04
5.539493164062500000e+03
6.250184082031250000e+03
1.299023437500000000e+02
1.981135986328125000e+03
7.347933197021484375e+01
1.550730133056640625e+01
8.437326049804687500e+01
3.144343566894531250e+02
3.537733554840087891e-01
5.238293457031250000e+03
2.131333740234375000e+03
4.939089062500000000e+05
3.283032226562500000e+01
1.417812500000000000e+02
0.000000000000000000e+00
1.347692108154296875e+01
0.000000000000000000e+00
7.200489472000000000e+10
2.584151859200000000e+10
6.544451993600000000e+10
9.117613000000000000e+06
8.935713920000000000e+08
7.686188500000000000e+06
7.200489472000000000e+10
7.200489472000000000e+10
2.584151859200000000e+10
9.117613000000000000e+06
7.200489472000000000e+10
7.095369600000000000e+08
4.773728960000000000e+08
7.944898750000000000e+05
3.514424062500000000e+05
2.139765468750000000e+05
4.783792812500000000e+05
1.025207440000000000e+08
1.790197187500000000e+05
4.485940937500000000e+05
4.688242968750000000e+04
1.037021406250000000e+05
4.721261600000000000e+07
1.002865312500000000e+05
3.716510250000000000e+06
2.080542236328125000e+03
1.309306835937500000e+04
3.162740234375000000e+03
8.450223632812500000e+03
7.812133593750000000e+04
3.736200561523437500e+02
2.634320640563964844e+01
5.050911712646484375e+01
2.692237056000000000e+09
8.128945152000000000e+09
2.728792750000000000e+06
1.311571875000000000e+06
1.223626375000000000e+06
7.381599375000000000e+05
2.188021760000000000e+09
8.523145000000000000e+05
1.529410500000000000e+06
4.299370937500000000e+05
1.259938875000000000e+06
1.918213280000000000e+08
1.717130800000000000e+07
6.060408320000000000e+08
4.302704101562500000e+03
1.072128808593750000e+04
6.056944531250000000e+04
4.495986718750000000e+04
4.282727500000000000e+05
9.058507500000000000e+05
7.158422851562500000e+01
1.369180541992187500e+03
6.653924218750000000e+04
4.418183898925781250e+02
4.658923828125000000e+03
6.295392500000000000e+06
2.336885986328125000e+02
1.496786621093750000e+03
4.815772399902343750e+02
2.511496276855468750e+02
5.536095500000000000e+06
1.651380300000000000e+07
1.891851125000000000e+06
5.581676000000000000e+06
5.185568125000000000e+05
7.760243750000000000e+04
1.873148000000000000e+06
7.588577343750000000e+04
7.200489472000000000e+10
3.668640972800000000e+10
2.267148800000000000e+07
6.021049600000000000e+08
5.951501875000000000e+05
3.044272070312500000e+04
7.200489472000000000e+10
6.210022400000000000e+08
7.176911500000000000e+06
7.432032031250000000e+04
9.519024000000000000e+08
1.180074624000000000e+09
2.728792750000000000e+06
8.019452343750000000e+04
7.500912475585937500e+02
9.864841406250000000e+04
1.056385000000000000e+06
7.381741333007812500e+01
1.683435363769531250e+02
7.200489472000000000e+10
7.200489472000000000e+10
3.254618240000000000e+08
5.990190720000000000e+08
2.101518400000000000e+07
1.405756250000000000e+05
7.200489472000000000e+10
1.909720268800000000e+10
2.490192640000000000e+09
1.242008125000000000e+06
6.594849587200000000e+10
5.223304062500000000e+05
8.387563500000000000e+06
1.208383281250000000e+05
2.820158447265625000e+03
3.194726257324218750e+02
1.905822656250000000e+04
1.351815332031250000e+04
5.793840820312500000e+03
9.467451171875000000e+03
3.650027160644531250e+02
2.893075256347656250e+02
2.966513600000000000e+08
1.147611392000000000e+09
1.217091700000000000e+07
5.622073750000000000e+05
8.962138281250000000e+04
6.363419500000000000e+06
2.966513600000000000e+08
1.550858875000000000e+06
1.217091700000000000e+07
8.962138281250000000e+04
1.550858875000000000e+06
7.200489472000000000e+10
7.200489472000000000e+10
5.051922432000000000e+09
5.990190720000000000e+08
2.698835600000000000e+07
2.486057968750000000e+05
7.200489472000000000e+10
7.200489472000000000e+10
3.326238464000000000e+09
1.269214250000000000e+06
7.200489472000000000e+10
1.454017200000000000e+07
1.457364480000000000e+09
2.158526259200000000e+10
2.859474400000000000e+07
2.092042187500000000e+05
1.164443040000000000e+08
3.967287040000000000e+08
1.454017200000000000e+07
1.457364480000000000e+09
2.859474400000000000e+07
3.967287040000000000e+08
8.460954880000000000e+08
5.630121472000000000e+09
2.277872750000000000e+06
8.883028750000000000e+05
3.836152812500000000e+05
4.976208437500000000e+05
9.035064320000000000e+08
2.611722968750000000e+05
9.935786875000000000e+05
1.512505468750000000e+05
3.086693125000000000e+05
1.295108800000000000e+08
5.012883200000000000e+08
6.220534400000000000e+07
2.129011500000000000e+06
1.255008984375000000e+05
5.745944000000000000e+06
9.112472000000000000e+07
5.557946400000000000e+07
7.016247200000000000e+07
1.378597812500000000e+05
5.602339600000000000e+07
1.666820507812500000e+04
6.514876562500000000e+04
6.797119531250000000e+04
7.421901855468750000e+02
6.016075439453125000e+02
5.587920379638671875e+01
2.077994689941406250e+02
9.114456176757812500e-02
7.200489472000000000e+10
7.200489472000000000e+10
7.200489472000000000e+10
3.716510250000000000e+06
3.751856000000000000e+08
5.309165000000000000e+06
7.200489472000000000e+10
7.200489472000000000e+10
7.200489472000000000e+10
3.190397500000000000e+06
7.200489472000000000e+10
7.200489472000000000e+10
7.200489472000000000e+10
6.737852096557617188e+00
6.468051840000000000e+08
2.127943038940429688e+00
6.947529315948486328e-02
7.200489472000000000e+10
1.293426990509033203e+01
7.580148696899414062e+00
9.284338951110839844e-01
2.649915695190429688e+01
4.038788480000000000e+08
1.228061625000000000e+06
7.675085937500000000e+04
1.021169824218750000e+04
1.175859531250000000e+05
8.642899200000000000e+07
4.787476074218750000e+03
5.908348632812500000e+03
7.200489472000000000e+10
7.200489472000000000e+10
7.200489472000000000e+10
5.468666000000000000e+06
6.946251520000000000e+08
6.004974000000000000e+06
7.200489472000000000e+10
7.200489472000000000e+10
7.200489472000000000e+10
5.468666000000000000e+06
7.200489472000000000e+10
7.637263360000000000e+08
3.674830250000000000e+06
5.233443359375000000e+04
1.767063331604003906e+01
5.877616875000000000e+05
2.347115234375000000e+04
6.900292396545410156e+00
1.006841735839843750e+03
9.387014843750000000e+04
1.492215454101562500e+03
3.272223632812500000e+04
4.690167968750000000e+03
2.975394726562500000e+04
1.880837500000000000e+04
2.560124755859375000e+03
5.994958984375000000e+04
3.510023803710937500e+02
2.651840332031250000e+03
1.561356567382812500e+03
2.326425156250000000e+05
4.765522155761718750e+02
5.079451660156250000e+03
3.496566796875000000e+04
1.437714538574218750e+02
1.188129028320312500e+03
4.447592773437500000e+02
5.569691085815429688e+01
2.174550468750000000e+05
1.739548593750000000e+05
3.728189062500000000e+05
1.017511328125000000e+04
4.786529687500000000e+04
5.441898925781250000e+03
5.697991699218750000e+03
2.072000976562500000e+03
4.730093158400000000e+10
1.493163264000000000e+09
2.404059600000000000e+07
1.955064400000000000e+07
1.212377625000000000e+06
5.885987000000000000e+06
4.730093158400000000e+10
2.126048480000000000e+08
2.404059600000000000e+07
1.212377625000000000e+06
2.126048480000000000e+08
3.793268224000000000e+09
7.200489472000000000e+10
5.354126250000000000e+05
8.387563500000000000e+06
1.856094970703125000e+03
3.978492736816406250e+02
4.075742720000000000e+09
1.674896679687500000e+04
1.282969900000000000e+07
6.461398315429687500e+01
6.089889843750000000e+04
6.308510400000000000e+07
1.006319726562500000e+04
2.741930000000000000e+06
1.218115768432617188e+02
1.219163574218750000e+04
3.003208203125000000e+04
1.336480102539062500e+03
6.919407000000000000e+06
1.329839935302734375e+02
1.447227764129638672e+01
7.116508483886718750e+01
1.761592320000000000e+09
2.732424396800000000e+10
2.158526259200000000e+10
8.387563500000000000e+06
1.354663200000000000e+08
5.864264000000000000e+06
4.525912960000000000e+08
1.761592320000000000e+09
2.732424396800000000e+10
8.387563500000000000e+06
4.525912960000000000e+08
7.866522400000000000e+07
4.521771562500000000e+05
2.741930000000000000e+06
8.106405000000000000e+05
3.366638500000000000e+06
2.475029375000000000e+05
6.579450781250000000e+04
1.394363375000000000e+06
2.659419433593750000e+03
3.199064453125000000e+04
2.406346923828125000e+03
1.557503283200000000e+10
2.728792750000000000e+06
1.950851375000000000e+06
1.434903750000000000e+06
8.458221250000000000e+05
3.309960960000000000e+09
2.546154375000000000e+05
5.344514160156250000e+03
3.339039040000000000e+08
7.216926720000000000e+08
8.419428000000000000e+06
1.427356000000000000e+08
9.163150000000000000e+06
5.915525000000000000e+06
3.416090560000000000e+08
1.292308375000000000e+06
9.471546000000000000e+06
9.260135000000000000e+06
1.393181625000000000e+06
7.200489472000000000e+10
7.291879375000000000e+05
1.066303250000000000e+06
1.002415332031250000e+04
1.107671250000000000e+06
1.792665500000000000e+06
2.485296821594238281e+01
4.036997604370117188e+01
2.074483712000000000e+09
7.200489472000000000e+10
6.675893760000000000e+09
1.095552300000000000e+07
4.106433437500000000e+05
3.026182187500000000e+05
6.611420160000000000e+09
4.807938000000000000e+07
5.496889856000000000e+09
1.170336328125000000e+05
6.902768800000000000e+07
8.213713920000000000e+09
2.013486976000000000e+09
1.253046500000000000e+06
1.248593375000000000e+06
3.096239375000000000e+05
9.920054687500000000e+03
2.998525184000000000e+09
7.703420000000000000e+05
3.607379687500000000e+05
8.175300000000000000e+04
1.885762625000000000e+06
8.565594624000000000e+09
1.252953088000000000e+10
7.944898750000000000e+05
4.518834500000000000e+06
7.381599375000000000e+05
4.852675781250000000e+04
7.388976640000000000e+09
7.594926250000000000e+05
5.659929296875000000e+04
1.259375468750000000e+05
1.010411750000000000e+06
1.824626250000000000e+06
8.710829162597656250e+01
1.198484453125000000e+05
1.983215698242187500e+03
2.223897361755371094e+01
2.787033203125000000e+03
4.789428329467773438e+01
2.921349525451660156e+01
1.068534640000000000e+08
1.057726750000000000e+06
2.249480000000000000e+07
3.226526875000000000e+05
1.095552300000000000e+07
2.466080781250000000e+05
2.861764375000000000e+05
1.239169600000000000e+08
4.108260546875000000e+04
8.517753125000000000e+04
2.371215156250000000e+05
1.527388480000000000e+08
7.481235625000000000e+05
7.521296875000000000e+03
1.523784062500000000e+05
1.316113964843750000e+04
9.008697600000000000e+07
1.612528808593750000e+03
7.076340332031250000e+02
7.200489472000000000e+10
3.546980864000000000e+09
7.200489472000000000e+10
4.532158400000000000e+08
3.917075200000000000e+08
1.363822720000000000e+08
7.200489472000000000e+10
7.200489472000000000e+10
3.778126592000000000e+09
4.782176960000000000e+08
7.200489472000000000e+10
1.418723900000000000e+07
1.549164875000000000e+06
1.156476400000000000e+07
1.375673828125000000e+03
4.689666992187500000e+03
5.827597656250000000e+04
3.188612060546875000e+03
1.677009375000000000e+05
1.676777734375000000e+04
1.219146881103515625e+02
2.647240905761718750e+02
4.136532421875000000e+04
3.571179199218750000e+03
6.872329101562500000e+02
5.864264000000000000e+06
2.856036071777343750e+02
1.923226318359375000e+02
6.872329101562500000e+02
1.923226318359375000e+02
4.314985984000000000e+09
3.742723328000000000e+09
7.944898750000000000e+05
5.675990000000000000e+05
9.831791406250000000e+04
4.193920312500000000e+05
2.785245760000000000e+08
1.223885000000000000e+05
5.370614375000000000e+05
2.042883007812500000e+04
6.986884375000000000e+04
1.969264640000000000e+08
6.823810560000000000e+08
9.483396480000000000e+08
8.307252343750000000e+04
1.051741015625000000e+04
3.157339000000000000e+06
1.936286800000000000e+07
8.695743125000000000e+05
1.639861760000000000e+08
2.813644287109375000e+03
2.324522500000000000e+05
7.707446400000000000e+08
6.858956500000000000e+06
1.549440312500000000e+05
5.773677734375000000e+04
1.792962875000000000e+06
1.567356800000000000e+08
9.424683593750000000e+03
2.363365312500000000e+05
7.200489472000000000e+10
7.200489472000000000e+10
7.071803200000000000e+07
5.990190720000000000e+08
5.857154375000000000e+05
3.022814257812500000e+04
7.200489472000000000e+10
2.372634880000000000e+09
1.165476240000000000e+08
7.177702343750000000e+04
3.274457600000000000e+09
2.431857664000000000e+09
2.098004250000000000e+06
2.938886250000000000e+05
6.374060058593750000e+02
1.136453875000000000e+06
5.858752500000000000e+05
2.620546875000000000e+02
2.006858007812500000e+04
2.916838144000000000e+09
5.609830000000000000e+05
5.990190720000000000e+08
7.315735625000000000e+05
8.387563500000000000e+06
2.723779882812500000e+04
2.215879687500000000e+05
1.627332300000000000e+07
6.707276562500000000e+04
6.495924316406250000e+03
1.379146191406250000e+04
7.200489472000000000e+10
7.200489472000000000e+10
5.201477200000000000e+07
6.258334080000000000e+08
5.548509375000000000e+05
2.023173828125000000e+03
7.200489472000000000e+10
2.899260672000000000e+09
7.278636800000000000e+08
2.378770703125000000e+04
7.691120640000000000e+09
3.624221200000000000e+07
6.179075600000000000e+07
7.200489472000000000e+10
1.090690625000000000e+04
7.854199829101562500e+02
1.911284000000000000e+06
1.074563400000000000e+07
3.624221200000000000e+07
6.179075600000000000e+07
1.090690625000000000e+04
1.074563400000000000e+07
1.752782028800000000e+10
1.619696960000000000e+08
7.285130625000000000e+05
2.781467500000000000e+05
2.001184531250000000e+05
1.958107177734375000e+03
5.515139200000000000e+08
8.432013750000000000e+05
3.498571484375000000e+04
1.281999609375000000e+04
2.409666406250000000e+05
5.942716875000000000e+05
2.181565625000000000e+04
8.056339263916015625e+01
3.997615966796875000e+02
1.162949951171875000e+03
0.000000000000000000e+00
7.760049438476562500e+01
0.000000000000000000e+00
9.975235937500000000e+04
2.303182812500000000e+04
2.123127734375000000e+04
2.466080781250000000e+05
1.266693359375000000e+03
8.989837646484375000e+02
1.705376220703125000e+03
2.797387390136718750e+02
4.495054199218750000e+03
2.053936767578125000e+03
2.676007812500000000e+05
4.446041564941406250e+02
3.051054992675781250e+02
0.000000000000000000e+00
1.541835479736328125e+02
0.000000000000000000e+00
1.150374375000000000e+06
7.039568125000000000e+05
9.085448125000000000e+05
5.943725500000000000e+06
4.559700000000000000e+04
1.252186093750000000e+05
7.039568125000000000e+05
4.559700000000000000e+04
1.663638375000000000e+06
6.200008125000000000e+05
1.825233984375000000e+04
5.940275000000000000e+06
4.119245703125000000e+04
6.404716308593750000e+03
1.825233984375000000e+04
6.404716308593750000e+03
5.524474400000000000e+07
2.250570937500000000e+05
1.254428900000000000e+07
1.463586914062500000e+03
4.541451171875000000e+04
2.101109863281250000e+03
5.401395996093750000e+03
3.437949687500000000e+05
5.426493530273437500e+02
2.042651824951171875e+02
1.540006561279296875e+02
1.496786560000000000e+08
5.622690625000000000e+05
7.713607500000000000e+06
2.862415429687500000e+04
7.796634375000000000e+05
7.564096875000000000e+04
6.412796875000000000e+03
3.839547607421875000e+03
3.281727294921875000e+03
5.338793750000000000e+04
4.395744531250000000e+04
7.382545166015625000e+02
1.541527709960937500e+02
1.502376079559326172e+00
1.300220031738281250e+02
0.000000000000000000e+00
1.836792800000000000e+08
4.309240800000000000e+07
1.544376367187500000e+04
6.919162500000000000e+06
2.473429687500000000e+05
1.416156250000000000e+04
2.252744640000000000e+08
2.101086914062500000e+04
2.821641357421875000e+03
7.578617968750000000e+04
4.135924609375000000e+04
1.356775840000000000e+08
3.793268224000000000e+09
7.200489472000000000e+10
1.265636500000000000e+06
1.763686718750000000e+04
1.350375680000000000e+08
9.266487680000000000e+08
1.346366240000000000e+08
3.772315392000000000e+09
1.257307750000000000e+06
9.209082880000000000e+08
4.014237952000000000e+09
5.268103200000000000e+07
5.281272500000000000e+05
3.869194687500000000e+05
2.256252148437500000e+04
2.508409179687500000e+03
2.292672000000000000e+08
4.047653125000000000e+04
4.171139843750000000e+04
1.169374633789062500e+03
3.080293554687500000e+04
3.059621478400000000e+10
7.200489472000000000e+10
2.478501562500000000e+05
8.387563500000000000e+06
1.437728393554687500e+03
1.393751983642578125e+02
1.307677491200000000e+10
1.195452050781250000e+04
4.727778000000000000e+06
6.678604125976562500e+01
6.953932031250000000e+04
1.958038800000000000e+07
2.654932400000000000e+07
5.995768960000000000e+08
1.966664062500000000e+03
1.324791015625000000e+03
2.474467968750000000e+05
6.317326250000000000e+05
5.759043125000000000e+05
1.258350250000000000e+06
4.803550720214843750e+02
3.509910937500000000e+04
4.683941000000000000e+06
1.652446375000000000e+06
6.537270312500000000e+04
6.231010937500000000e+04
6.293516796875000000e+04
1.122506542968750000e+04
3.604054199218750000e+03
4.720209350585937500e+02
7.200489472000000000e+10
6.241611776000000000e+09
7.200489472000000000e+10
6.599561600000000000e+08
7.942713344000000000e+09
2.347612800000000000e+07
7.200489472000000000e+10
7.200489472000000000e+10
6.241611776000000000e+09
6.599561600000000000e+08
7.200489472000000000e+10
3.264236083984375000e+03
2.453855957031250000e+03
2.802747851562500000e+04
6.547378125000000000e+04
9.266024017333984375e+01
2.853376770019531250e+01
5.781372070312500000e+02
1.647599029541015625e+01
4.556740937500000000e+05
1.276538848876953125e+02
4.862596191406250000e+03
1.024244873046875000e+03
4.002108001708984375e+01
5.324153423309326172e+00
1.885689258575439453e+00
0.000000000000000000e+00
4.912289687500000000e+05
2.381797607421875000e+03
2.361521500000000000e+06
5.628652000000000000e+06
3.765512451171875000e+03
1.445219140625000000e+04
1.507327343750000000e+05
1.770332031250000000e+02
9.208814453125000000e+03
6.514876562500000000e+04
6.639914843750000000e+04
1.027367309570312500e+03
1.136485351562500000e+03
6.045450439453125000e+02
9.682278442382812500e+02
2.699290466308593750e+01
2.145539062500000000e+04
6.514876562500000000e+04
9.181840625000000000e+04
4.212798690795898438e+01
2.791277343750000000e+03
3.012052154541015625e+01
2.348638534545898438e+01
5.979797840118408203e-01
7.200489472000000000e+10
3.059621478400000000e+10
2.121951718750000000e+05
2.916838144000000000e+09
3.020955566406250000e+03
1.249416748046875000e+03
7.200489472000000000e+10
6.477760625000000000e+05
1.131383496093750000e+04
2.962304931640625000e+03
1.233272500000000000e+05
1.015678720000000000e+09
1.402411800000000000e+07
3.471556500000000000e+06
1.377966796875000000e+03
4.514819500000000000e+06
9.569064453125000000e+03
5.180255737304687500e+02
2.532146289062500000e+04
3.013592832000000000e+09
3.122364416000000000e+09
1.224952625000000000e+06
2.857782250000000000e+06
9.116443750000000000e+04
4.182248535156250000e+03
7.423374336000000000e+09
2.694710625000000000e+05
4.809941015625000000e+04
1.439773730468750000e+04
5.339818125000000000e+05
8.110428800000000000e+07
8.387563500000000000e+06
1.885393875000000000e+06
6.586582812500000000e+04
1.375127343750000000e+05
5.827597656250000000e+04
1.803133593750000000e+05
2.912160250000000000e+06
2.206852929687500000e+04
6.481483764648437500e+02
2.616826171875000000e+03
7.200489472000000000e+10
7.200489472000000000e+10
3.786801600000000000e+07
5.990190720000000000e+08
5.232263750000000000e+05
2.015645019531250000e+03
7.200489472000000000e+10
7.400143360000000000e+08
2.154973920000000000e+08
2.164606054687500000e+04
1.681481216000000000e+09
1.352589920000000000e+08
2.659009750000000000e+06
3.367085156250000000e+04
2.550013593750000000e+05
2.851981445312500000e+04
4.686362000000000000e+07
5.466045532226562500e+02
2.057618164062500000e+03
6.457377280000000000e+08
7.942713344000000000e+09
6.031543680000000000e+08
1.578298750000000000e+05
5.033991015625000000e+04
8.419115000000000000e+06
6.457377280000000000e+08
3.179376640000000000e+08
6.031543680000000000e+08
5.033991015625000000e+04
3.179376640000000000e+08
1.229309900000000000e+07
1.238402432000000000e+09
1.596253125000000000e+05
1.097845625000000000e+06
7.220844375000000000e+05
7.381599375000000000e+05
1.215167280000000000e+08
3.876282421875000000e+04
2.228155625000000000e+05
3.728007500000000000e+05
9.125063281250000000e+04
2.584135468750000000e+05
1.118146875000000000e+04
3.279008593750000000e+04
7.048583125000000000e+05
1.064783203125000000e+03
4.160246093750000000e+04
4.424800292968750000e+03
3.333496856689453125e+01
1.608712524414062500e+03
6.615320312500000000e+03
2.976902500000000000e+05
7.964721679687500000e+02
2.344932708740234375e+02
0.000000000000000000e+00
7.485824584960937500e+02
0.000000000000000000e+00
7.062337500000000000e+04
2.115429878234863281e+01
1.026958694458007812e+02
8.372797241210937500e+02
2.068355560302734375e+02
5.316001586914062500e+02
6.520882844924926758e-01
7.206279754638671875e+01
7.221700800000000000e+07
2.592465510400000000e+10
7.200489472000000000e+10
8.036809375000000000e+04
2.602819250000000000e+06
6.790014000000000000e+06
1.865373120000000000e+08
7.221700800000000000e+07
2.592465510400000000e+10
8.036809375000000000e+04
1.865373120000000000e+08
5.536095500000000000e+06
2.231668457031250000e+03
1.897199125000000000e+06
1.998868530273437500e+03
7.096541748046875000e+02
7.788195312500000000e+04
8.039427490234375000e+02
8.689874877929687500e+02
8.908723840000000000e+08
5.781996400000000000e+07
1.228061625000000000e+06
1.252947187500000000e+05
2.921777812500000000e+05
2.859313232421875000e+03
3.237943680000000000e+08
6.798457500000000000e+05
1.406110312500000000e+05
9.127005859375000000e+03
3.846222812500000000e+05
7.200489472000000000e+10
3.078793420800000000e+10
7.200489472000000000e+10
1.156476400000000000e+07
1.210952320000000000e+09
6.072446000000000000e+06
7.200489472000000000e+10
7.200489472000000000e+10
3.534873804800000000e+10
1.354897500000000000e+07
7.200489472000000000e+10
3.325306112000000000e+09
1.234138560000000000e+08
1.895521484375000000e+03
4.584331562500000000e+05
1.000870544433593750e+03
4.065205001831054688e+01
2.925193600000000000e+08
9.179656982421875000e+02
2.037586975097656250e+02
9.860367584228515625e+01
7.762152709960937500e+02
1.443296400000000000e+07
1.352685625000000000e+06
9.325945312500000000e+04
1.573118066406250000e+04
2.163165937500000000e+05
2.077998046875000000e+04
1.368266699218750000e+04
3.055918457031250000e+03
3.905778198242187500e+02
1.309306835937500000e+04
6.599466250000000000e+05
2.320555267333984375e+02
1.792077514648437500e+03
5.707909000000000000e+06
1.265634775161743164e+00
6.933971557617187500e+02
1.616644433593750000e+04
4.354531250000000000e+02
2.415947914123535156e+00
1.154079600000000000e+08
3.607265937500000000e+05
4.026507750000000000e+06
2.246881347656250000e+03
3.607265937500000000e+05
1.987903442382812500e+03
1.257262329101562500e+03
1.502835937500000000e+03
2.362396800000000000e+08
5.535170000000000000e+05
2.041667250000000000e+06
2.597329500000000000e+06
2.131730000000000000e+05
1.172778250000000000e+06
6.681382031250000000e+04
7.969901367187500000e+03
7.125619375000000000e+05
2.521241699218750000e+03
3.400181875000000000e+05
5.900264282226562500e+02
2.004311645507812500e+03
2.557081835937500000e+04
1.076496582031250000e+03
6.781376953125000000e+02
1.259558258056640625e+02
1.256080810546875000e+03
6.915751562500000000e+04
9.412210464477539062e+00
8.210600280761718750e+01
0.000000000000000000e+00
9.077994346618652344e+00
0.000000000000000000e+00
7.741092800000000000e+07
2.260272320000000000e+08
3.299368400000000000e+07
1.757323375000000000e+06
2.961117858886718750e+02
6.627806152343750000e+03
1.706087680000000000e+08
3.946488281250000000e+04
1.841704101562500000e+04
2.543355957031250000e+03
1.171941113281250000e+04
3.687548437500000000e+04
1.346057128906250000e+02
2.641072021484375000e+03
7.902240600585937500e+02
5.200127410888671875e+01
6.415383911132812500e+01
4.223814964294433594e+00
0.000000000000000000e+00
7.200489472000000000e+10
1.153179680000000000e+08
1.455966848000000000e+09
1.405296480000000000e+08
2.654932400000000000e+07
1.885793164062500000e+04
7.200489472000000000e+10
7.200489472000000000e+10
2.318230625000000000e+05
1.661386718750000000e+05
1.044080200000000000e+07
5.369144375000000000e+05
6.109428800000000000e+07
2.631607500000000000e+05
1.107483700000000000e+07
4.800898437500000000e+03
1.782785937500000000e+05
3.338253600000000000e+07
1.944522265625000000e+04
2.652403710937500000e+04
1.876350625000000000e+05
8.529996875000000000e+04
3.066506250000000000e+05
2.523950683593750000e+03
6.885901855468750000e+03
2.284110000000000000e+05
7.587995605468750000e+02
4.088633789062500000e+03
4.493342590332031250e+02
2.049828948974609375e+02
8.128945152000000000e+09
5.268103200000000000e+07
1.308504296875000000e+04
2.781467500000000000e+05
4.455417968750000000e+03
4.517050170898437500e+01
3.585800320000000000e+08
1.233732421875000000e+04
2.121570129394531250e+02
1.659978485107421875e+02
2.328480957031250000e+03
2.854209945600000000e+10
5.068158566400000000e+10
2.219752000000000000e+07
2.749898400000000000e+07
8.169486875000000000e+05
5.403746875000000000e+04
1.107291136000000000e+10
1.647216375000000000e+06
9.071281000000000000e+06
8.805708984375000000e+03
4.513779375000000000e+05
7.200489472000000000e+10
7.200489472000000000e+10
7.200489472000000000e+10
6.048778880000000000e+08
8.648811520000000000e+09
6.042118500000000000e+06
7.200489472000000000e+10
7.200489472000000000e+10
7.200489472000000000e+10
6.626869760000000000e+08
7.200489472000000000e+10
3.793268224000000000e+09
7.200489472000000000e+10
1.972075200000000000e+07
8.387563500000000000e+06
7.920264062500000000e+04
1.080528686523437500e+03
4.075742720000000000e+09
3.563384500000000000e+06
1.861367520000000000e+08
1.648845214843750000e+03
3.159531750000000000e+06
2.210674432000000000e+09
4.014237952000000000e+09
2.728792750000000000e+06
1.137053800000000000e+07
2.923037000000000000e+06
4.193920312500000000e+05
9.121310720000000000e+08
1.813468250000000000e+06
7.041791250000000000e+05
5.193536250000000000e+05
2.476625625000000000e+05
2.971597600000000000e+07
3.327224375000000000e+05
2.147428515625000000e+04
5.186919921875000000e+04
1.271948144531250000e+04
4.077702750000000000e+06
1.331354125976562500e+03
7.377272949218750000e+02
9.737608320000000000e+08
1.980771328000000000e+10
1.552008691406250000e+04
3.376885625000000000e+05
2.015182031250000000e+04
1.819447851562500000e+04
1.045875072000000000e+09
7.461084472656250000e+03
1.060545898437500000e+04
1.381448730468750000e+04
8.268800781250000000e+03
6.797588750000000000e+05
3.945905078125000000e+04
9.328673125000000000e+05
2.364518890380859375e+02
6.011760253906250000e+03
5.840934375000000000e+04
3.263935546875000000e+02
9.814778125000000000e+04
9.406066284179687500e+02
1.526855010986328125e+02
9.905738067626953125e+01
4.515625920000000000e+08
2.023012400000000000e+07
6.694965625000000000e+05
9.928667968750000000e+03
6.127308500000000000e+06
1.054727000000000000e+06
4.355827148437500000e+03
1.959386718750000000e+05
3.586103125000000000e+04
3.881562744140625000e+03
2.142934843750000000e+05
7.137743164062500000e+03
2.944007873535156250e+02
3.335316658020019531e+00
1.631214904785156250e+02
0.000000000000000000e+00
4.067617187500000000e+04
1.705151977539062500e+02
1.002368408203125000e+03
6.344320500000000000e+06
6.351107025146484375e+01
2.634743957519531250e+02
2.512779388427734375e+02
6.025695800781250000e+01
5.578199600000000000e+07
5.352845214843750000e+03
1.156476400000000000e+07
1.359865039062500000e+04
1.202948144531250000e+04
7.018386230468750000e+03
2.637761962890625000e+03
1.961987656250000000e+05
1.463918151855468750e+02
4.485545959472656250e+02
5.393654632568359375e+01
7.708633600000000000e+07
1.683608437500000000e+05
5.144290937500000000e+05
2.265315551757812500e+02
4.549276562500000000e+05
1.046392734375000000e+05
7.156654357910156250e+01
3.307644287109375000e+03
7.200489472000000000e+10
7.200489472000000000e+10
1.074061889648437500e+03
1.156476400000000000e+07
1.775161552429199219e+01
8.438115692138671875e+01
7.200489472000000000e+10
2.775773925781250000e+02
3.696023681640625000e+03
4.403466415405273438e+01
1.665520629882812500e+03
1.190875360000000000e+08
5.528961914062500000e+03
1.493426500000000000e+07
3.002361083984375000e+03
1.496079980468750000e+04
5.747862792968750000e+03
3.307066796875000000e+04
1.601617000000000000e+07
1.260157623291015625e+02
6.029486083984375000e+02
3.782873291015625000e+03
4.014237952000000000e+09
8.934925600000000000e+07
2.227942500000000000e+06
4.912561250000000000e+05
2.376533281250000000e+05
9.083923339843750000e+02
5.808472320000000000e+08
3.814384687500000000e+05
3.685422851562500000e+03
8.347002929687500000e+03
1.607910937500000000e+05
1.031718160000000000e+08
3.494542336000000000e+09
9.637721250000000000e+05
1.867046625000000000e+06
3.417955625000000000e+05
2.084341601562500000e+04
1.972403360000000000e+08
8.149938281250000000e+04
9.542918750000000000e+04
2.015982031250000000e+05
2.908000937500000000e+05
7.200489472000000000e+10
7.200489472000000000e+10
6.192974800000000000e+07
6.247612160000000000e+08
4.408711000000000000e+06
6.191235546875000000e+04
7.200489472000000000e+10
1.076611968000000000e+09
2.015745280000000000e+08
2.949370625000000000e+05
5.438997504000000000e+09
3.927153320312500000e+03
1.378049707031250000e+04
3.505796051025390625e+01
7.091864013671875000e+02
3.485478210449218750e+01
0.000000000000000000e+00
2.081479310989379883e+00
0.000000000000000000e+00
1.447536987304687500e+03
4.403758593750000000e+04
1.448180053710937500e+03
2.634505615234375000e+02
1.820463371276855469e+01
2.050286621093750000e+03
6.439020156860351562e+00
4.191992950439453125e+01
6.725139617919921875e+01
8.457874298095703125e+00
3.454844951629638672e-01
7.720205468750000000e+04
1.233090698242187500e+03
2.158392968750000000e+04
1.782488769531250000e+03
8.039765014648437500e+02
1.727928833007812500e+03
7.100765380859375000e+02
9.033923950195312500e+02
8.750177280000000000e+09
7.200489472000000000e+10
3.137712320000000000e+08
1.035364400000000000e+07
1.425298250000000000e+06
3.988355078125000000e+04
4.144018432000000000e+09
3.926888250000000000e+06
6.286721200000000000e+07
1.117394238281250000e+04
1.762200250000000000e+06
7.200489472000000000e+10
7.200489472000000000e+10
9.667570312500000000e+04
6.011231500000000000e+06
3.215722274780273438e+01
6.673905181884765625e+01
7.200489472000000000e+10
1.050262890625000000e+05
4.692561000000000000e+06
4.023331403732299805e-01
8.818659375000000000e+05
2.916838144000000000e+09
6.003411250000000000e+05
5.990190720000000000e+08
1.308029609375000000e+05
8.387563500000000000e+06
2.029255078125000000e+04
7.243587500000000000e+04
1.627332300000000000e+07
3.195908007812500000e+04
1.013809082031250000e+04
3.238272705078125000e+03
2.490533593750000000e+05
2.134477148437500000e+04
7.876184375000000000e+04
6.074525390625000000e+03
2.133361083984375000e+03
2.382504638671875000e+03
4.421451416015625000e+02
8.565429077148437500e+02
7.200489472000000000e+10
3.184876800000000000e+09
6.351516400000000000e+07
5.535310080000000000e+08
3.916944921875000000e+04
7.284213125000000000e+05
7.200489472000000000e+10
2.190392480000000000e+08
3.048043250000000000e+06
1.383388183593750000e+04
4.179808250000000000e+06
8.773350000000000000e+06
8.128945152000000000e+09
1.228061625000000000e+06
6.039260625000000000e+05
7.502218750000000000e+04
3.096239375000000000e+05
1.237843700000000000e+07
9.015578906250000000e+04
7.621808750000000000e+05
2.176042382812500000e+04
2.853023437500000000e+04
1.802828390400000000e+10
7.200489472000000000e+10
2.387204800000000000e+08
2.363224800000000000e+07
1.858907500000000000e+06
5.198215234375000000e+04
1.706610073600000000e+10
3.442356400000000000e+07
1.081316352000000000e+09
1.992522070312500000e+04
7.129193500000000000e+06
1.420174531250000000e+05
1.043344125000000000e+06
2.210149200000000000e+07
2.882626464843750000e+03
6.674052246093750000e+03
6.136062500000000000e+06
7.768270019531250000e+03
1.420174531250000000e+05
1.043344125000000000e+06
2.882626464843750000e+03
7.768270019531250000e+03
1.037012700000000000e+07
6.369531640625000000e+04
1.424560449218750000e+04
3.350520324707031250e+02
1.369082946777343750e+02
2.075862500000000000e+05
7.704509375000000000e+04
2.034734954833984375e+02
1.718223419189453125e+02
1.095307714843750000e+04
1.531155865600000000e+10
7.431720312500000000e+04
9.195289375000000000e+05
2.234652000000000000e+06
7.431720312500000000e+04
6.155047680000000000e+08
1.321842773437500000e+04
1.090955200195312500e+03
2.582549248000000000e+09
2.089248800000000000e+07
1.584724500000000000e+06
5.789370727539062500e+01
3.974943750000000000e+06
3.968385009765625000e+03
1.558749542236328125e+02
4.719421093750000000e+04
1.796688800000000000e+08
1.668094335937500000e+04
1.983647125000000000e+06
3.320302490234375000e+03
1.533640781250000000e+05
8.163722656250000000e+04
7.967190551757812500e+02
2.968652812500000000e+05
4.597773742675781250e+02
1.592072906494140625e+02
3.017071723937988281e+01
1.083400750000000000e+06
3.157268798828125000e+03
2.697191162109375000e+02
6.958250000000000000e+03
9.280874023437500000e+02
6.410208892822265625e+01
1.581741943359375000e+02
2.501533699035644531e+01
1.358068750000000000e+05
1.777380615234375000e+03
2.198027099609375000e+03
3.686422348022460938e+01
1.953133850097656250e+02
1.512846069335937500e+02
0.000000000000000000e+00
0.000000000000000000e+00
7.200489472000000000e+10
3.793268224000000000e+09
5.808659500000000000e+06
1.476350080000000000e+09
1.147072949218750000e+04
1.746456250000000000e+04
7.200489472000000000e+10
2.406817200000000000e+07
4.041681562500000000e+05
5.188441894531250000e+03
1.289405625000000000e+06
7.200489472000000000e+10
7.200489472000000000e+10
7.200489472000000000e+10
8.179026000000000000e+06
8.726488320000000000e+08
5.883669000000000000e+06
7.200489472000000000e+10
7.200489472000000000e+10
7.200489472000000000e+10
8.179026000000000000e+06
7.200489472000000000e+10
2.415243125000000000e+05
1.217938461303710938e+02
3.132983886718750000e+03
3.979219360351562500e+02
8.665011596679687500e+01
7.705487060546875000e+02
8.698825836181640625e+01
7.134124755859375000e+01
5.160384512000000000e+09
3.793268224000000000e+09
8.147532800000000000e+07
6.249137920000000000e+08
6.601512500000000000e+04
8.771788125000000000e+05
3.639096576000000000e+09
3.367046250000000000e+06
3.130677500000000000e+06
5.251289375000000000e+05
4.515947500000000000e+06
8.128945152000000000e+09
1.939737600000000000e+09
2.728792750000000000e+06
1.248593375000000000e+06
7.381599375000000000e+05
6.514876562500000000e+04
2.992588800000000000e+09
1.529410500000000000e+06
5.705807500000000000e+05
8.033537500000000000e+04
2.634435000000000000e+06
7.265228800000000000e+09
1.556409125000000000e+06
4.955542968750000000e+04
1.345214691162109375e+02
1.326395875000000000e+06
4.935289375000000000e+05
2.079318618774414062e+01
1.849147265625000000e+04
5.861819392000000000e+09
2.459446750000000000e+06
3.289662187500000000e+05
3.795720312500000000e+04
3.061915312500000000e+05
5.257566080000000000e+08
1.966111450195312500e+03
1.398805664062500000e+03
2.916838144000000000e+09
3.676743359375000000e+04
5.990190720000000000e+08
1.622688867187500000e+04
8.387563500000000000e+06
3.514556884765625000e+03
4.189315917968750000e+03
1.627332300000000000e+07
4.448168945312500000e+03
8.374567871093750000e+02
5.499663085937500000e+02
1.469419520000000000e+09
4.466773125000000000e+05
8.715642880000000000e+08
4.371521606445312500e+02
3.702560625000000000e+05
2.000606811523437500e+03
9.624638281250000000e+04
2.129043200000000000e+08
2.566914062500000000e+04
1.907691650390625000e+02
1.253390722656250000e+04
5.108939264000000000e+09
8.586908672000000000e+09
1.575733691406250000e+04
6.794483500000000000e+06
3.949572265625000000e+04
6.901979003906250000e+03
3.038248192000000000e+09
7.941704101562500000e+03
8.987948242187500000e+03
6.166758789062500000e+03
1.378060156250000000e+04
8.565594624000000000e+09
3.494542336000000000e+09
7.481235625000000000e+05
1.248593375000000000e+06
3.096239375000000000e+05
9.920054687500000000e+03
2.418042368000000000e+09
6.633887500000000000e+05
2.471444218750000000e+05
8.175300000000000000e+04
7.894386250000000000e+05
7.200489472000000000e+10
3.023883673600000000e+10
1.816554321289062500e+03
1.369766560000000000e+08
8.160228729248046875e+00
9.441834259033203125e+01
7.200489472000000000e+10
2.240347747802734375e+02
1.072685791015625000e+03
2.177501201629638672e+00
1.239733734130859375e+02
3.254953280000000000e+08
3.029390745600000000e+10
7.200489472000000000e+10
8.720630000000000000e+06
1.877252656250000000e+05
1.339200240000000000e+08
1.218450124800000000e+10
3.209254720000000000e+08
3.001370419200000000e+10
8.654688000000000000e+06
1.198341017600000000e+10
8.280253500000000000e+06
8.860365824000000000e+09
8.192520800000000000e+07
1.544007000000000000e+06
2.591374755859375000e+03
3.077518000000000000e+06
1.225060736000000000e+09
1.526589355468750000e+04
7.083692000000000000e+06
2.881352148437500000e+04
2.399988125000000000e+05
1.621780750000000000e+06
1.310157031250000000e+05
7.500259375000000000e+05
6.685718261718750000e+03
1.092956328125000000e+05
8.790604858398437500e+02
2.030858154296875000e+02
6.478157806396484375e+01
7.200489472000000000e+10
6.179075600000000000e+07
9.046918000000000000e+06
8.185964160000000000e+08
5.147486250000000000e+05
2.606722167968750000e+03
7.200489472000000000e+10
2.369404480000000000e+08
2.353467578125000000e+04
9.495785156250000000e+03
4.300375312500000000e+05
2.264621562500000000e+05
2.078957421875000000e+04
1.314453125000000000e+06
4.359872500000000000e+05
1.215833300781250000e+04
4.461597167968750000e+03
1.253361875000000000e+05
5.579528198242187500e+02
2.829483750000000000e+05
1.131587250000000000e+06
3.220591125488281250e+02
4.958438415527343750e+02
7.718240722656250000e+03
5.244880676269531250e+00
4.929524841308593750e+02
1.348179101943969727e+00
2.819041250000000000e+05
4.537859062500000000e+05
4.446262187500000000e+05
3.148161621093750000e+03
2.655304492187500000e+04
4.471415710449218750e+02
2.543405914306640625e+02
3.159077453613281250e+01
1.245543906250000000e+05
1.834543304443359375e+02
3.290913085937500000e+03
1.224106953125000000e+05
6.195593261718750000e+01
5.983773437500000000e+03
3.630888366699218750e+02
7.396166801452636719e+00
6.179075600000000000e+07
7.200489472000000000e+10
7.200489472000000000e+10
4.393602343750000000e+04
1.911284000000000000e+06
5.864264000000000000e+06
1.529758880000000000e+08
6.179075600000000000e+07
7.200489472000000000e+10
4.393602343750000000e+04
1.529758880000000000e+08
5.706482176000000000e+09
3.163303500000000000e+06
1.230695937500000000e+05
2.671196875000000000e+04
5.851599375000000000e+05
4.093485600000000000e+07
1.268304077148437500e+03
3.294235937500000000e+04
6.279360921600000000e+10
3.774023270400000000e+10
7.200489472000000000e+10
2.235229600000000000e+07
2.613493600000000000e+08
5.864264000000000000e+06
9.440412672000000000e+09
6.279360921600000000e+10
3.774023270400000000e+10
2.235229600000000000e+07
9.440412672000000000e+09
4.499898400000000000e+07
1.091199104000000000e+09
2.847901000976562500e+02
2.860249750000000000e+06
8.263771057128906250e+00
8.870124816894531250e+01
4.499898400000000000e+07
5.611876296997070312e+01
2.847901000976562500e+02
8.263771057128906250e+00
5.611876296997070312e+01
3.793268224000000000e+09
7.200489472000000000e+10
2.986977280000000000e+09
8.743305000000000000e+06
8.927936000000000000e+06
2.341657187500000000e+05
4.218825984000000000e+09
5.739835600000000000e+07
9.003106304000000000e+09
1.612671406250000000e+05
5.411972400000000000e+07
4.139192064000000000e+09
3.490142400000000000e+07
1.076212000000000000e+06
1.292706718750000000e+05
2.852915200000000000e+07
2.510031600000000000e+07
2.091913281250000000e+04
1.159045375000000000e+06
5.372111500000000000e+06
1.253488693237304688e+02
2.271606093750000000e+05
6.771333007812500000e+02
1.525128631591796875e+02
1.093083789062500000e+04
2.964860534667968750e+01
5.777965164184570312e+01
4.739526367187500000e+03
5.083699062500000000e+05
3.262170750000000000e+06
6.133078500000000000e+06
3.210193176269531250e+02
2.191541748046875000e+03
5.766880625000000000e+05
3.138906555175781250e+02
1.562596125000000000e+06
1.007997949218750000e+04
4.677328125000000000e+05
1.371947631835937500e+03
8.045284179687500000e+03
2.204947662353515625e+01
3.184405517578125000e+01
0.000000000000000000e+00
3.927533760000000000e+08
3.161263308800000000e+10
7.389931000000000000e+06
1.085175280000000000e+08
4.252426757812500000e+03
1.013859765625000000e+05
3.506970214400000000e+10
1.532193000000000000e+06
1.215163593750000000e+05
8.446388125000000000e+05
6.537706500000000000e+06
5.514568710327148438e+01
3.287575244903564453e+00
3.053927612304687500e+02
1.864946594238281250e+02
1.179382812500000000e+03
3.214634375000000000e+04
0.000000000000000000e+00
6.461341857910156250e+01
6.014843463897705078e+00
4.222555923461914062e+01
1.404107809066772461e+00
3.147450195312500000e+03
3.608020507812500000e+03
7.004925537109375000e+02
5.864264000000000000e+06
2.321932678222656250e+02
5.082305908203125000e+01
7.004925537109375000e+02
5.082305908203125000e+01
1.398550080000000000e+08
2.578152000000000000e+06
8.026071093750000000e+04
8.251303100585937500e+02
7.444168750000000000e+04
5.930171250000000000e+05
2.035522918701171875e+02
1.071196533203125000e+03
1.925169920000000000e+08
5.549408400000000000e+07
2.909792250000000000e+06
1.931556875000000000e+05
9.908526250000000000e+05
8.721014648437500000e+03
4.304197200000000000e+07
3.892262500000000000e+05
7.521511718750000000e+04
5.336278906250000000e+04
2.348433593750000000e+05
1.687429500000000000e+06
4.245134765625000000e+04
2.070638671875000000e+04
7.115372500000000000e+05
1.804341406250000000e+04
3.823707812500000000e+04
2.987826757812500000e+04
1.828375195312500000e+04
1.042544824218750000e+04
2.631822070312500000e+04
8.401531250000000000e+03
3.385293359375000000e+04
1.938828277587890625e+02
1.270958557128906250e+02
3.057001647949218750e+02
7.572276115417480469e+00
2.109858281250000000e+05
1.788618593750000000e+05
3.920987000000000000e+06
5.864264000000000000e+06
2.185234863281250000e+03
2.142061132812500000e+04
1.788618593750000000e+05
2.185234863281250000e+03
2.274999520000000000e+08
7.083389062500000000e+04
3.716510250000000000e+06
9.687849218750000000e+04
8.387563500000000000e+06
2.154979003906250000e+03
1.040246640625000000e+05
6.564301875000000000e+05
2.525658416748046875e+02
1.900295898437500000e+03
4.214187622070312500e+02
1.538620160000000000e+09
3.488039600000000000e+07
8.250720312500000000e+04
3.069811706542968750e+02
1.381845500000000000e+06
1.865427500000000000e+05
1.350738067626953125e+02
2.562540625000000000e+04
1.095051757812500000e+04
2.337987548828125000e+03
4.567983750000000000e+05
1.180311625000000000e+06
1.227902069091796875e+02
1.904947357177734375e+02
6.702896093750000000e+04
9.399066925048828125e+00
7.200489472000000000e+10
7.200489472000000000e+10
4.943679600000000000e+07
5.990190720000000000e+08
5.532557500000000000e+05
2.111987304687500000e+03
7.200489472000000000e+10
2.786724352000000000e+09
7.044316800000000000e+08
2.284607031250000000e+04
9.806595072000000000e+09
3.793268224000000000e+09
7.200489472000000000e+10
9.270261000000000000e+06
8.387563500000000000e+06
4.893689843750000000e+04
1.970482788085937500e+03
4.075742720000000000e+09
1.150141750000000000e+06
5.039550800000000000e+07
3.223258972167968750e+02
7.057354375000000000e+05
2.529146500000000000e+06
6.927674804687500000e+03
1.452197500000000000e+06
1.261828002929687500e+03
6.927674804687500000e+03
9.876757812500000000e+01
2.123336791992187500e+01
0.000000000000000000e+00
1.531155865600000000e+10
2.131811250000000000e+06
2.436279750000000000e+06
4.147447500000000000e+05
4.026507750000000000e+06
2.066661562500000000e+05
2.131811250000000000e+06
2.436279750000000000e+06
1.420744843750000000e+05
2.066661562500000000e+05
1.420744843750000000e+05
7.008353125000000000e+05
1.440133750000000000e+05
4.209170312500000000e+05
5.034370727539062500e+02
3.224684570312500000e+04
2.008888549804687500e+02
3.148205184936523438e+01
1.014386081695556641e+01
2.891853440000000000e+08
2.023012400000000000e+07
9.050425781250000000e+04
2.627885131835937500e+02
3.142658250000000000e+06
8.422688476562500000e+03
3.455900573730468750e+02
1.591483398437500000e+04
3.545376640000000000e+08
1.353183886718750000e+04
1.033011200000000000e+07
1.745347045898437500e+03
1.892968359375000000e+04
1.597352294921875000e+03
3.254896289062500000e+04
2.893375000000000000e+06
8.717053222656250000e+01
6.934342956542968750e+01
3.655855712890625000e+02
4.236873500000000000e+06
8.387563500000000000e+06
4.446785156250000000e+04
3.798523437500000000e+03
6.062329101562500000e+03
7.104630859375000000e+03
1.221658007812500000e+04
4.157525390625000000e+04
3.211835449218750000e+03
8.977915649414062500e+02
1.105162597656250000e+03
1.183971123200000000e+10
1.705115040000000000e+08
6.653560625000000000e+05
1.922434375000000000e+05
3.512752187500000000e+05
1.382759277343750000e+03
4.796775040000000000e+08
5.595404375000000000e+05
3.214107226562500000e+04
1.311800585937500000e+04
2.145415156250000000e+05
7.200489472000000000e+10
7.200489472000000000e+10
1.161906125000000000e+06
5.990190720000000000e+08
3.814736328125000000e+04
7.163804199218750000e+03
7.200489472000000000e+10
6.312249500000000000e+06
1.449354300000000000e+07
4.767452636718750000e+03
3.809440000000000000e+07
2.546223104000000000e+09
5.725463040000000000e+09
2.697634765625000000e+03
3.014098750000000000e+06
3.128537597656250000e+02
3.343712615966796875e+01
6.525862912000000000e+09
1.137995361328125000e+03
2.653499755859375000e+02
5.362213516235351562e+01
1.430863891601562500e+03
2.891275520000000000e+09
7.972735488000000000e+09
9.066499840000000000e+08
1.354663200000000000e+08
9.210742000000000000e+06
5.924377500000000000e+06
2.891275520000000000e+09
2.554446000000000000e+07
9.066499840000000000e+08
9.210742000000000000e+06
2.554446000000000000e+07
1.639384064000000000e+09
7.942713344000000000e+09
5.990190720000000000e+08
1.132982375000000000e+06
3.659860937500000000e+05
5.864264000000000000e+06
1.639384064000000000e+09
2.860703680000000000e+08
5.990190720000000000e+08
3.659860937500000000e+05
2.860703680000000000e+08
2.916838144000000000e+09
6.675172656250000000e+04
5.990190720000000000e+08
1.622636425781250000e+04
8.387563500000000000e+06
6.463477783203125000e+02
3.208132226562500000e+04
1.627332300000000000e+07
3.083030761718750000e+03
1.272114105224609375e+02
6.552893676757812500e+02
3.817413440000000000e+08
8.387563500000000000e+06
1.191353046875000000e+05
2.910675312500000000e+05
3.592072656250000000e+04
1.816635742187500000e+04
7.181876250000000000e+05
1.389002750000000000e+06
9.288248046875000000e+03
1.233164794921875000e+03
2.878932861328125000e+03
1.677660160000000000e+10
7.584138240000000000e+09
2.489997750000000000e+06
1.248593375000000000e+06
7.381599375000000000e+05
6.514876562500000000e+04
4.960412672000000000e+09
1.140638625000000000e+06
7.429141875000000000e+05
8.033537500000000000e+04
2.847536750000000000e+06
4.001129375000000000e+05
2.944465500000000000e+06
5.957032400000000000e+07
9.874171752929687500e+02
9.167973632812500000e+02
2.466080781250000000e+05
2.422496875000000000e+04
8.836867187500000000e+04
1.112515781250000000e+05
2.650783386230468750e+02
5.832149414062500000e+03
6.009748480000000000e+08
3.139389696000000000e+09
1.142709472656250000e+04
5.050645000000000000e+05
1.387121875000000000e+04
1.248384628295898438e+02
4.892390400000000000e+08
4.214094921875000000e+04
1.758192993164062500e+03
1.293130126953125000e+03
3.764938671875000000e+04
1.287395840000000000e+09
7.783704101562500000e+03
1.613296160000000000e+08
1.617039257812500000e+04
8.387563500000000000e+06
3.483109130859375000e+03
8.644180908203125000e+02
1.045327500000000000e+07
1.811777465820312500e+03
8.272444458007812500e+02
3.184002990722656250e+02
2.007030273437500000e+04
1.292660351562500000e+04
1.073185546875000000e+04
1.120074296875000000e+05
5.904422760009765625e+01
1.145355957031250000e+03
1.020913330078125000e+03
7.275012731552124023e-01
5.270864843750000000e+04
9.500253295898437500e+02
1.314584655761718750e+02
7.005985839843750000e+03
2.888893737792968750e+02
2.078279113769531250e+01
2.790205078125000000e+02
2.726675224304199219e+01
1.449290800000000000e+07
7.200489472000000000e+10
7.200489472000000000e+10
3.087104492187500000e+04
1.133891562500000000e+05
5.864264000000000000e+06
8.562253600000000000e+07
1.449290800000000000e+07
7.200489472000000000e+10
3.087104492187500000e+04
8.562253600000000000e+07
2.276687500000000000e+04
5.203429199218750000e+03
1.533234082031250000e+04
5.600695133209228516e+00
8.413836669921875000e+01
0.000000000000000000e+00
2.244715690612792969e+00
0.000000000000000000e+00
4.563148437500000000e+03
5.177536487579345703e+00
8.336410522460937500e+02
1.446114746093750000e+03
5.072088241577148438e-01
2.637110900878906250e+01
2.372805356979370117e+00
3.001892566680908203e-02
7.200489472000000000e+10
7.200489472000000000e+10
7.545519200000000000e+07
5.990190720000000000e+08
5.036239687500000000e+05
1.952727905273437500e+03
7.200489472000000000e+10
3.922744320000000000e+09
2.632755840000000000e+08
2.085542773437500000e+04
4.044688384000000000e+09
8.565594624000000000e+09
3.494542336000000000e+09
7.944898750000000000e+05
1.248593375000000000e+06
7.381599375000000000e+05
6.514876562500000000e+04
2.418042368000000000e+09
7.594926250000000000e+05
2.341639375000000000e+05
8.033537500000000000e+04
9.831042500000000000e+05
2.756782284800000000e+10
7.200489472000000000e+10
7.200489472000000000e+10
1.095552300000000000e+07
1.637460500000000000e+07
5.479989500000000000e+06
5.483718656000000000e+10
2.537071616000000000e+10
7.200489472000000000e+10
1.028281500000000000e+07
5.259648204800000000e+10
1.420145000000000000e+06
3.105252539062500000e+04
3.068855625000000000e+05
7.014958984375000000e+03
1.162515332031250000e+04
1.369678027343750000e+04
8.269968872070312500e+02
5.373836059570312500e+02
1.626788556800000000e+10
9.411728906250000000e+04
2.658019360000000000e+08
3.781505859375000000e+03
1.594753500000000000e+06
2.387811889648437500e+02
1.472325781250000000e+05
2.541300800000000000e+07
7.545431640625000000e+03
1.814199066162109375e+02
1.110344433593750000e+04
1.533583744000000000e+09
2.023012400000000000e+07
2.823152500000000000e+05
1.456137573242187500e+03
3.158097750000000000e+06
1.729512750000000000e+06
2.124125000000000000e+03
1.522061406250000000e+05
1.235624800000000000e+08
1.486392750000000000e+06
1.611567680000000000e+08
4.459031738281250000e+03
9.906250976562500000e+03
5.911128515625000000e+04
6.978934570312500000e+03
3.510719375000000000e+05
2.048161093750000000e+05
7.495410156250000000e+01
6.289381103515625000e+02
1.238402432000000000e+09
3.037737280000000000e+08
1.577505625000000000e+05
1.248593375000000000e+06
7.311272500000000000e+05
6.439884375000000000e+04
4.197265280000000000e+08
2.208287031250000000e+05
5.982485937500000000e+04
7.951946875000000000e+04
2.439550156250000000e+05
7.200489472000000000e+10
3.059621478400000000e+10
5.181815937500000000e+05
1.125114112000000000e+09
7.430440917968750000e+03
1.626477246093750000e+04
7.200489472000000000e+10
1.703486750000000000e+06
1.956852929687500000e+04
8.272065429687500000e+02
1.130781406250000000e+05
2.857766250000000000e+05
8.534681640625000000e+03
9.418547363281250000e+02
2.539175625000000000e+05
5.935585937500000000e+03
2.081846923828125000e+03
8.074407958984375000e+02
9.559270019531250000e+02
3.793268224000000000e+09
7.200489472000000000e+10
7.200489472000000000e+10
8.387563500000000000e+06
1.354663200000000000e+08
5.864264000000000000e+06
4.075742720000000000e+09
3.793268224000000000e+09
7.200489472000000000e+10
8.387563500000000000e+06
4.075742720000000000e+09
3.228802000000000000e+07
6.991965332031250000e+02
3.716510250000000000e+06
1.570411987304687500e+02
9.906250976562500000e+03
3.484628417968750000e+03
1.039293479919433594e+01
8.252427343750000000e+04
4.181744384765625000e+01
4.884760379791259766e+00
9.971039295196533203e-01
3.031438000000000000e+07
3.763497216000000000e+09
7.200489472000000000e+10
7.923001875000000000e+05
1.048357031250000000e+04
7.888820000000000000e+07
5.288472960000000000e+08
9.672126000000000000e+06
1.606204416000000000e+09
4.848924062500000000e+05
2.243897760000000000e+08
1.103606406250000000e+05
1.681501953125000000e+04
1.892371840000000000e+08
2.535684013366699219e+01
8.100766754150390625e+01
7.079893188476562500e+02
8.698820190429687500e+02
2.697385742187500000e+04
4.501901855468750000e+02
5.205286502838134766e+00
4.473696289062500000e+02
5.807286132812500000e+03
1.404673730468750000e+04
1.701715454101562500e+03
5.911639500000000000e+06
1.124092529296875000e+03
2.216155090332031250e+02
1.745868408203125000e+03
2.273140869140625000e+02
2.327940000000000000e+07
7.200489472000000000e+10
7.200489472000000000e+10
9.130305664062500000e+03
2.922379687500000000e+05
5.864264000000000000e+06
5.034689200000000000e+07
2.327940000000000000e+07
7.200489472000000000e+10
9.130305664062500000e+03
5.034689200000000000e+07
1.320281292800000000e+10
3.122731000000000000e+06
1.156476400000000000e+07
7.184829375000000000e+05
2.477887187500000000e+05
2.466080781250000000e+05
1.536788400000000000e+07
4.730014000000000000e+07
1.410594238281250000e+04
2.346065429687500000e+04
2.549753125000000000e+05
7.455771500000000000e+06
8.387563500000000000e+06
6.093085546875000000e+04
5.445299804687500000e+03
2.896749496459960938e+01
8.350928955078125000e+02
6.036161718750000000e+04
4.114954589843750000e+03
1.271285400390625000e+03
1.941216659545898438e+01
1.351368865966796875e+02
2.344120832000000000e+09
3.955121200000000000e+07
7.200489472000000000e+10
3.208617000000000000e+06
2.412067750000000000e+06
4.428311250000000000e+05
6.095013376000000000e+09
2.344120832000000000e+09
3.955121200000000000e+07
3.208617000000000000e+06
6.095013376000000000e+09
5.160384512000000000e+09
6.179075600000000000e+07
4.762042000000000000e+06
5.677456800000000000e+07
7.863854370117187500e+02
3.380270690917968750e+02
1.743521792000000000e+09
1.358500000000000000e+05
2.514061035156250000e+03
8.962465209960937500e+02
3.944185546875000000e+04
4.606810546875000000e+04
7.546078491210937500e+02
2.169816796875000000e+04
5.090353088378906250e+02
7.155053100585937500e+02
7.341184234619140625e+01
1.320913848876953125e+02
1.209936904907226562e+01
8.750376960000000000e+09
7.200489472000000000e+10
5.237401600000000000e+09
8.387563500000000000e+06
8.894672000000000000e+06
2.479522968750000000e+05
3.821590016000000000e+09
6.581594800000000000e+07
4.076488704000000000e+09
1.730147812500000000e+05
4.997643600000000000e+07
2.009503360000000000e+08
2.056038400000000000e+07
2.850575585937500000e+04
4.948869323730468750e+02
1.770221375000000000e+06
1.552143250000000000e+06
7.872362060546875000e+02
3.071660625000000000e+05
3.793268224000000000e+09
7.200489472000000000e+10
7.200489472000000000e+10
8.387563500000000000e+06
9.667704800000000000e+07
5.102746500000000000e+06
4.075742720000000000e+09
2.375460608000000000e+09
7.200489472000000000e+10
6.744245500000000000e+06
4.330371072000000000e+09
1.797268906250000000e+05
1.614627685546875000e+03
5.654433125000000000e+05
2.106024750000000000e+06
1.614627685546875000e+03
5.063988113403320312e+01
2.638165771484375000e+03
1.711024999618530273e+00
3.260129280000000000e+08
3.793268224000000000e+09
3.538534400000000000e+09
2.539688320000000000e+08
1.080778359375000000e+05
1.157160400000000000e+07
6.492156416000000000e+09
1.605093750000000000e+06
7.446567200000000000e+07
8.417405000000000000e+06
1.148471280000000000e+08
3.742723328000000000e+09
8.562246144000000000e+09
1.305155175781250000e+04
4.265358500000000000e+06
3.953313232421875000e+03
1.447350311279296875e+02
6.858509824000000000e+09
3.843369628906250000e+03
6.213031616210937500e+02
5.396201782226562500e+02
1.048138964843750000e+04
3.366434240000000000e+08
7.200489472000000000e+10
1.187118750000000000e+06
1.389737000000000000e+07
2.165539062500000000e+03
2.549353125000000000e+04
1.447000576000000000e+10
2.305964062500000000e+05
1.322273906250000000e+05
3.789344140625000000e+04
3.272138750000000000e+06
5.708947265625000000e+04
9.054224375000000000e+05
4.204275625000000000e+05
5.871690500000000000e+06
1.379439208984375000e+03
1.643676879882812500e+03
4.204275625000000000e+05
1.643676879882812500e+03
7.200489472000000000e+10
7.200489472000000000e+10
5.452063744000000000e+09
5.990190720000000000e+08
2.669617600000000000e+07
2.475029375000000000e+05
7.200489472000000000e+10
7.200489472000000000e+10
4.168967424000000000e+09
1.265439750000000000e+06
7.200489472000000000e+10
2.959807488000000000e+10
1.895891500000000000e+06
5.063217812500000000e+05
2.988763122558593750e+02
1.255929750000000000e+06
3.645046250000000000e+05
1.048084182739257812e+02
7.234750000000000000e+03
7.200489472000000000e+10
7.200489472000000000e+10
7.200489472000000000e+10
5.990190720000000000e+08
7.942713344000000000e+09
5.864264000000000000e+06
7.200489472000000000e+10
7.200489472000000000e+10
7.200489472000000000e+10
5.990190720000000000e+08
7.200489472000000000e+10
6.179075600000000000e+07
7.200489472000000000e+10
7.200489472000000000e+10
4.393602343750000000e+04
1.911284000000000000e+06
5.864264000000000000e+06
1.529758880000000000e+08
6.179075600000000000e+07
7.200489472000000000e+10
4.393602343750000000e+04
1.529758880000000000e+08
3.590386944000000000e+09
4.814887680000000000e+08
7.200489472000000000e+10
1.426038100000000000e+07
5.458995000000000000e+06
3.969776000000000000e+06
5.038883328000000000e+09
3.590386944000000000e+09
4.814887680000000000e+08
1.426038100000000000e+07
5.038883328000000000e+09
1.558146750000000000e+06
3.618189453125000000e+04
5.990190720000000000e+08
1.201977310180664062e+02
4.988181762695312500e+02
3.496882568359375000e+03
1.303876220703125000e+03
2.427250468750000000e+05
4.424446289062500000e+03
5.012451553344726562e+01
2.090438720703125000e+03
7.200489472000000000e+10
7.200489472000000000e+10
1.496340500000000000e+07
3.939319250000000000e+06
1.796920898437500000e+04
1.362335449218750000e+03
7.200489472000000000e+10
1.382805120000000000e+08
2.540264960000000000e+08
1.906716918945312500e+02
1.432074368000000000e+09
3.064493200000000000e+07
7.944898750000000000e+05
1.920944375000000000e+05
4.111917968750000000e+03
7.621053906250000000e+04
1.754354500000000000e+06
6.571637207031250000e+03
2.819763183593750000e+03
1.595355875000000000e+06
7.290585327148437500e+01
1.852458789062500000e+04
2.529530029296875000e+03
4.097432708740234375e+01
5.730323730468750000e+03
6.306338500976562500e+01
2.561763916015625000e+02
7.597931875000000000e+05
1.682138977050781250e+02
1.792294531250000000e+04
6.316350555419921875e+01
1.296028900146484375e+02
2.145847656250000000e+03
2.418269653320312500e+02
1.508718414306640625e+02
2.156072021484375000e+03
1.034341064453125000e+03
6.151190625000000000e+04
4.564190234375000000e+04
1.969165649414062500e+02
2.540786933898925781e+01
5.628159667968750000e+03
1.309709167480468750e+01
5.650988125000000000e+05
1.043803937500000000e+06
1.911127375000000000e+06
1.238888305664062500e+03
1.415801074218750000e+04
2.466080781250000000e+05
1.314332519531250000e+03
1.401967343750000000e+05
3.615760937500000000e+04
3.934602966308593750e+02
2.612386169433593750e+02
2.910217000000000000e+06
4.158288574218750000e+02
4.895108984375000000e+04
6.395963134765625000e+02
5.086820373535156250e+02
1.345493359375000000e+04
4.076831054687500000e+01
1.099109115600585938e+02
6.992239379882812500e+02
7.328887207031250000e+03
5.994303512573242188e+01
5.894988281250000000e+04
3.519429779052734375e+01
0.000000000000000000e+00
7.572580718994140625e+01
0.000000000000000000e+00
2.413868593750000000e+05
1.010246154785156250e+03
3.571466064453125000e+02
1.907999609375000000e+04
1.115277832031250000e+03
1.271602020263671875e+02
2.783652954101562500e+02
5.375390243530273438e+01
7.953260160000000000e+08
1.402411800000000000e+07
1.189812875000000000e+06
1.701489687500000000e+05
4.191404000000000000e+06
2.295847600000000000e+07
3.319975390625000000e+04
7.932997500000000000e+05
8.248975872000000000e+09
2.101024609375000000e+04
3.773839453125000000e+04
3.717321875000000000e+04
7.716900878906250000e+03
1.292800250000000000e+06
2.453301849365234375e+02
6.941531658172607422e+00
8.128945152000000000e+09
1.939737600000000000e+09
2.728792750000000000e+06
1.248593375000000000e+06
7.381599375000000000e+05
6.514876562500000000e+04
2.992588800000000000e+09
1.529410500000000000e+06
5.705807500000000000e+05
8.033537500000000000e+04
2.634435000000000000e+06
3.372834000000000000e+07
3.127066880000000000e+09
1.912064400000000000e+07
4.458892187500000000e+04
3.285034790039062500e+02
4.134433984375000000e+04
5.053382400000000000e+07
1.637951875000000000e+05
9.631589062500000000e+04
1.209042358398437500e+03
1.087336015625000000e+05
7.599141500000000000e+06
7.804198500000000000e+06
2.228982617187500000e+04
1.496328222656250000e+04
6.537105712890625000e+02
3.002346679687500000e+03
1.264701171875000000e+04
1.508061645507812500e+03
9.369973754882812500e+02
9.906703186035156250e+01
7.895385742187500000e+01
7.956938281250000000e+04
2.724120117187500000e+03
1.649916992187500000e+03
2.466080781250000000e+05
1.116807006835937500e+03
1.218405517578125000e+03
4.703749694824218750e+02
8.272298583984375000e+02
4.543315200000000000e+08
7.080923125000000000e+05
4.274592578125000000e+04
7.592124218750000000e+04
1.270529174804687500e+02
1.102851953125000000e+05
6.277900390625000000e+04
2.190757751464843750e+01
5.600740909576416016e-01
4.789474010467529297e+00
6.693159375000000000e+05
4.757894897460937500e+02
1.779470898437500000e+04
3.845159912109375000e+02
5.998910522460937500e+02
5.531540527343750000e+03
4.419573364257812500e+02
7.601434936523437500e+02
1.044706240000000000e+08
7.701083750000000000e+05
9.937882031250000000e+04
1.371317993164062500e+03
5.230130468750000000e+04
1.277178125000000000e+06
6.289818725585937500e+02
3.825713806152343750e+02
6.814718720000000000e+08
1.402411800000000000e+07
3.147720000000000000e+05
1.279294921875000000e+03
4.202002000000000000e+06
5.897850781250000000e+04
1.188194335937500000e+03
1.629308281250000000e+05
7.200489472000000000e+10
7.200489472000000000e+10
1.854403593750000000e+05
6.043647360000000000e+08
2.979393554687500000e+03
1.143010101318359375e+02
7.200489472000000000e+10
3.124885000000000000e+06
6.759370000000000000e+06
1.943655242919921875e+02
1.208362100000000000e+07
3.225803437500000000e+05
2.325595947265625000e+03
2.107065200000000000e+07
2.077752113342285156e+00
5.250968627929687500e+02
7.759251708984375000e+02
8.197196960449218750e+01
5.023780468750000000e+04
6.842855834960937500e+02
1.243336439132690430e+00
5.200412750244140625e+01
8.128945152000000000e+09
1.140070800000000000e+08
4.193297851562500000e+03
9.041780625000000000e+05
2.787834960937500000e+03
6.386447906494140625e+00
8.624624000000000000e+08
5.066966796875000000e+03
1.378023071289062500e+02
1.781939849853515625e+02
3.077767822265625000e+03
8.078641113281250000e+03
1.403937866210937500e+03
3.967314147949218750e+02
5.820506347656250000e+03
7.408988647460937500e+02
5.281927490234375000e+02
1.055898971557617188e+02
1.717103881835937500e+02
5.933650000000000000e+05
1.310157031250000000e+05
6.182708984375000000e+04
6.373757324218750000e+03
3.071551562500000000e+04
1.993517456054687500e+03
6.052412719726562500e+02
4.127227478027343750e+02
1.659334560000000000e+08
1.241403000000000000e+06
4.753267578125000000e+04
3.034487792968750000e+03
1.694649218750000000e+05
1.049051125000000000e+06
2.013750152587890625e+02
1.594442626953125000e+03
1.174754560000000000e+09
9.440578000000000000e+06
1.279185875000000000e+06
1.192785522460937500e+03
3.433082000000000000e+06
2.607584218750000000e+05
5.508164062500000000e+03
1.690112343750000000e+05
2.148879872000000000e+09
2.654932400000000000e+07
5.990190720000000000e+08
4.130616250000000000e+05
3.602392187500000000e+04
2.466080781250000000e+05
4.851880800000000000e+07
3.726606800000000000e+07
1.258058750000000000e+06
9.026142578125000000e+03
7.180438125000000000e+05
7.200489472000000000e+10
3.759101542400000000e+10
7.200489472000000000e+10
5.990190720000000000e+08
9.409582080000000000e+09
6.143961500000000000e+06
7.200489472000000000e+10
7.200489472000000000e+10
4.794886144000000000e+10
7.270410240000000000e+08
7.200489472000000000e+10
1.373165234375000000e+04
8.721014648437500000e+03
1.605476625000000000e+06
3.614557189941406250e+02
8.668193969726562500e+02
0.000000000000000000e+00
7.039426422119140625e+01
0.000000000000000000e+00
2.917304320000000000e+08
7.481235625000000000e+05
6.046791600000000000e+07
2.659242812500000000e+05
8.175822753906250000e+03
2.481181250000000000e+05
1.758176800000000000e+07
1.436026611328125000e+03
2.571357421875000000e+03
1.692692138671875000e+03
8.438750208000000000e+09
7.200489472000000000e+10
2.125252750000000000e+06
8.387563500000000000e+06
1.548375156250000000e+05
2.251224609375000000e+04
3.059649024000000000e+09
5.057488281250000000e+04
1.956971200000000000e+07
1.165619531250000000e+04
3.619800000000000000e+05
7.526955520000000000e+09
2.001606800000000000e+07
9.737886080000000000e+08
2.145691250000000000e+06
1.754911625000000000e+06
2.388145468750000000e+05
6.777370400000000000e+07
4.329501760000000000e+08
1.562403875000000000e+06
1.239117578125000000e+05
3.141091000000000000e+06
3.696227840000000000e+09
2.553009200000000000e+07
1.396275390625000000e+03
1.173223925781250000e+04
1.060141113281250000e+03
7.055633544921875000e+01
8.197741600000000000e+07
8.829310302734375000e+02
3.134751281738281250e+02
5.070281982421875000e+00
4.102358703613281250e+02
4.510358400000000000e+08
4.014237952000000000e+09
1.142709472656250000e+04
7.114456250000000000e+05
1.062567504882812500e+03
2.459677978515625000e+03
1.366043360000000000e+08
1.087504394531250000e+03
3.812023437500000000e+03
2.738591003417968750e+02
3.170413085937500000e+03
4.864849920000000000e+09
1.664201800000000000e+07
5.990190720000000000e+08
1.941528750000000000e+06
2.363224800000000000e+07
5.849000390625000000e+04
4.566200500000000000e+06
1.034492480000000000e+08
8.725200000000000000e+05
2.281589062500000000e+04
2.696852187500000000e+05
4.014237952000000000e+09
4.919730800000000000e+07
2.728792750000000000e+06
2.975131562500000000e+05
4.193920312500000000e+05
8.808086914062500000e+03
2.605316320000000000e+08
7.041791250000000000e+05
7.936346875000000000e+04
1.539599609375000000e+04
3.563714062500000000e+05
7.658720000000000000e+06
5.292882812500000000e+04
1.443296400000000000e+07
5.568214000000000000e+06
1.004619921875000000e+05
5.451023828125000000e+04
1.126312625000000000e+06
1.370949584960937500e+03
1.749195161600000000e+10
8.632906752000000000e+09
7.665897500000000000e+05
1.037212125000000000e+06
2.087850781250000000e+05
6.255795898437500000e+03
7.304745984000000000e+09
8.781556250000000000e+05
1.365183437500000000e+05
3.995474218750000000e+04
1.896242250000000000e+06
8.631008640000000000e+08
7.200489472000000000e+10
1.020322720000000000e+08
1.009828000000000000e+06
1.827123906250000000e+05
3.084626953125000000e+04
4.110324480000000000e+08
4.082391562500000000e+05
3.656145200000000000e+07
1.284044799804687500e+03
1.842671718750000000e+05
3.192962187500000000e+05
1.271746500000000000e+06
7.000683593750000000e+04
5.446503125000000000e+04
7.284911132812500000e+03
2.566655578613281250e+02
2.730891113281250000e+03
4.315568161010742188e+01
8.438203392000000000e+09
4.804454400000000000e+07
1.142709472656250000e+04
2.411749375000000000e+05
4.214061035156250000e+03
6.853874969482421875e+01
3.794185280000000000e+08
8.049521484375000000e+03
6.065913085937500000e+02
1.315102081298828125e+02
2.392384521484375000e+03
4.776208384000000000e+09
8.221833216000000000e+09
7.944898750000000000e+05
4.682527187500000000e+05
5.619790000000000000e+05
2.773482617187500000e+04
6.521458176000000000e+09
8.972400625000000000e+05
3.900479687500000000e+04
2.434752148437500000e+04
7.527302500000000000e+05
7.341575040000000000e+08
8.344876032000000000e+09
5.349518125000000000e+05
2.641065937500000000e+05
8.902206054687500000e+03
6.864137500000000000e+04
8.639672320000000000e+08
5.625509765625000000e+04
2.248580000000000000e+05
5.303891601562500000e+03
4.297372265625000000e+04
1.751684000000000000e+08
3.159308750000000000e+06
2.620089062500000000e+04
1.511990722656250000e+04
6.530235546875000000e+04
4.740971000000000000e+06
6.220885009765625000e+02
5.140966308593750000e+03
3.793268224000000000e+09
7.200489472000000000e+10
7.200489472000000000e+10
8.387563500000000000e+06
1.674129600000000000e+08
6.414680500000000000e+06
4.075742720000000000e+09
5.550377984000000000e+09
7.200489472000000000e+10
8.397136000000000000e+06
5.372125696000000000e+09
2.916838144000000000e+09
2.603408203125000000e+03
5.990190720000000000e+08
1.258310913085937500e+03
8.387563500000000000e+06
9.590664672851562500e+01
3.009199951171875000e+03
1.627332300000000000e+07
2.207025604248046875e+02
5.773903274536132812e+01
1.041249771118164062e+02
6.353430800000000000e+07
2.023012400000000000e+07
1.663628125000000000e+04
7.548581695556640625e+01
7.738889375000000000e+05
7.346951562500000000e+04
1.060774078369140625e+02
1.343631093750000000e+05
5.824547656250000000e+04
7.226781005859375000e+02
2.035733276367187500e+03
6.717807617187500000e+03
2.668014221191406250e+02
6.338763427734375000e+02
1.023771953582763672e+01
6.798845672607421875e+01
9.729712000000000000e+07
1.402411800000000000e+07
4.043320703125000000e+04
6.716623783111572266e+00
7.806113125000000000e+05
5.125391113281250000e+03
8.044915199279785156e+00
4.620531250000000000e+03
1.343896320000000000e+09
1.493745600000000000e+07
4.566554296875000000e+04
8.464436340332031250e+01
7.711101250000000000e+05
2.146960625000000000e+05
2.383004188537597656e+00
1.823222656250000000e+04
1.632323993600000000e+10
2.594185728000000000e+09
7.922888750000000000e+05
4.175704500000000000e+06
2.902780000000000000e+06
6.009351250000000000e+05
9.664263040000000000e+08
6.520670625000000000e+05
5.999273125000000000e+05
1.628118437500000000e+05
2.126217656250000000e+05
5.081180500000000000e+06
8.827438354492187500e+02
1.480137812500000000e+05
2.027503540039062500e+03
4.269142150878906250e+02
4.775399609375000000e+04
2.490673980712890625e+02
6.284762573242187500e+02
1.076050880000000000e+08
7.200489472000000000e+10
6.930129600000000000e+07
6.366944140625000000e+04
1.108787695312500000e+04
3.081454101562500000e+04
2.389400640000000000e+08
3.436110937500000000e+04
1.321534560000000000e+08
1.374106292724609375e+02
4.720591796875000000e+04
1.125738752000000000e+09
8.051128832000000000e+09
3.915135232000000000e+09
7.458735200000000000e+07
2.715374375000000000e+05
9.166734000000000000e+06
1.452447104000000000e+09
1.457905000000000000e+07
1.135515760000000000e+08
1.559584600000000000e+07
1.085694960000000000e+08
1.260353280000000000e+08
6.080338750000000000e+05
8.973907031250000000e+04
1.993580627441406250e+02
7.416965625000000000e+05
3.742223750000000000e+05
7.666709899902343750e+01
9.781801757812500000e+03
1.307676375000000000e+06
2.095004425048828125e+02
2.187470214843750000e+03
4.531964355468750000e+03
2.296507415771484375e+02
7.243049316406250000e+02
4.477837524414062500e+02
3.943794555664062500e+02
3.184711680000000000e+08
1.169249280000000000e+10
2.961425600000000000e+08
2.312376000000000000e+06
1.730200073242187500e+03
2.342461250000000000e+05
4.761328128000000000e+09
1.331161875000000000e+06
2.567576400000000000e+07
2.378212695312500000e+04
7.017849500000000000e+06
1.492846625000000000e+06
5.269213750000000000e+05
1.687901562500000000e+04
5.864264000000000000e+06
3.687070312500000000e+04
5.681710449218750000e+03
1.687901562500000000e+04
5.681710449218750000e+03
7.200489472000000000e+10
7.200489472000000000e+10
2.952268288000000000e+09
5.798941440000000000e+08
2.654932400000000000e+07
4.847416875000000000e+05
7.200489472000000000e+10
7.200489472000000000e+10
1.259213209600000000e+10
1.173939750000000000e+06
7.200489472000000000e+10
2.373332968750000000e+05
2.454705810546875000e+03
3.373988952636718750e+02
5.982407500000000000e+06
1.627947753906250000e+03
2.391242218017578125e+02
3.410391235351562500e+02
2.451801300048828125e+02
5.035316480000000000e+08
1.306843440000000000e+08
1.611690625000000000e+05
2.072474218750000000e+05
2.181134218750000000e+05
2.508409179687500000e+03
2.816889600000000000e+08
3.232005000000000000e+05
2.602787304687500000e+04
1.612185449218750000e+04
9.333837500000000000e+04
2.438848500000000000e+06
1.954702800000000000e+07
8.927936000000000000e+06
1.869894775390625000e+03
2.831853759765625000e+03
7.116003750000000000e+05
1.200907519531250000e+04
1.033546093750000000e+05
4.460209062500000000e+05
3.360691833496093750e+02
8.833745117187500000e+02
2.093593505859375000e+03
1.976465312500000000e+05
8.128897460937500000e+03
5.449151515960693359e+00
8.397094726562500000e+02
3.637529611587524414e-01
3.706629753112792969e+00
0.000000000000000000e+00
7.200489472000000000e+10
7.200489472000000000e+10
1.459445248000000000e+09
1.832935200000000000e+07
5.426331000000000000e+06
2.673406250000000000e+05
7.200489472000000000e+10
1.486276403200000000e+10
2.260605184000000000e+09
2.475722070312500000e+04
2.673152614400000000e+10
1.669055750000000000e+06
5.449523925781250000e+01
1.827899023437500000e+04
1.883310937500000000e+04
2.391720733642578125e+02
5.640149902343750000e+03
4.033928298950195312e+01
8.860952854156494141e-01
2.233212187500000000e+05
7.392867187500000000e+03
9.737562500000000000e+04
2.457652343750000000e+05
1.143355346679687500e+03
1.724497924804687500e+03
4.336053222656250000e+03
1.422987270355224609e+01
2.988345625000000000e+05
1.345009765625000000e+03
5.597625500000000000e+06
2.580374267578125000e+03
1.345009765625000000e+03
3.757877349853515625e+00
7.234393310546875000e+01
0.000000000000000000e+00
3.199415312500000000e+05
2.102658935546875000e+03
2.772693847656250000e+03
1.884281054687500000e+04
1.116292236328125000e+03
1.640957641601562500e+03
2.157247772216796875e+02
1.910839691162109375e+02
2.545358750000000000e+06
1.009188906250000000e+05
8.121586718750000000e+04
2.495645751953125000e+03
6.277631250000000000e+04
2.829545937500000000e+05
5.521068725585937500e+02
7.243027343750000000e+04
2.192690917968750000e+03
6.873355712890625000e+02
4.319006729125976562e+01
7.200489472000000000e+10
7.200489472000000000e+10
1.840960937500000000e+05
6.096662400000000000e+08
2.985335937500000000e+03
1.101080932617187500e+02
7.200489472000000000e+10
3.122257500000000000e+06
6.621277500000000000e+06
1.945096893310546875e+02
1.207940500000000000e+07
1.150208256000000000e+09
1.802648704000000000e+09
1.933714400000000000e+07
3.246725440000000000e+08
4.608324000000000000e+07
2.012160400000000000e+07
1.671635200000000000e+09
5.050799600000000000e+07
3.062694000000000000e+07
4.704308800000000000e+07
8.885827200000000000e+07
1.160876406250000000e+05
8.968243750000000000e+05
7.150705000000000000e+05
1.520747985839843750e+02
1.325621093750000000e+05
1.349363250732421875e+02
2.183332061767578125e+02
1.314197387695312500e+02
2.586169335937500000e+04
6.258740234375000000e+04
8.295984375000000000e+05
3.244297790527343750e+02
1.758160278320312500e+03
1.771063089370727539e+00
3.890735473632812500e+02
0.000000000000000000e+00
5.510558984375000000e+04
9.067309570312500000e+03
8.016943359375000000e+02
6.451576500000000000e+06
1.657649169921875000e+03
2.612507629394531250e+02
2.001996948242187500e+03
6.480969848632812500e+02
1.734011084800000000e+10
8.565594624000000000e+09
1.730524218750000000e+04
8.497693125000000000e+05
3.733932812500000000e+04
1.667103515625000000e+04
1.104226048000000000e+09
2.143099218750000000e+04
9.221259765625000000e+03
1.564378906250000000e+04
1.291626464843750000e+04
1.013508300000000000e+07
8.529844000000000000e+06
1.354663200000000000e+08
2.822910156250000000e+04
1.147955859375000000e+05
5.873331000000000000e+06
1.443699375000000000e+05
1.013508300000000000e+07
8.529844000000000000e+06
2.822910156250000000e+04
1.443699375000000000e+05
7.200489472000000000e+10
7.200489472000000000e+10
4.555706250000000000e+05
5.990190720000000000e+08
2.234751708984375000e+03
4.598531799316406250e+02
7.200489472000000000e+10
7.723428750000000000e+05
6.990783000000000000e+06
2.833134460449218750e+02
1.091096000000000000e+07
7.200489472000000000e+10
7.200489472000000000e+10
7.200489472000000000e+10
6.104679040000000000e+08
8.065485312000000000e+09
6.023104000000000000e+06
7.200489472000000000e+10
7.200489472000000000e+10
7.200489472000000000e+10
6.213315840000000000e+08
7.200489472000000000e+10
3.580660480000000000e+08
1.867737625000000000e+06
6.434726562500000000e+04
3.099436340332031250e+02
6.796454375000000000e+05
3.844561328125000000e+04
1.931446228027343750e+02
1.587716210937500000e+04
1.691661132812500000e+03
4.874904479980468750e+02
7.465280532836914062e+00
1.709937866210937500e+03
2.934376478195190430e+00
0.000000000000000000e+00
6.931697845458984375e+00
0.000000000000000000e+00
4.408086400000000000e+08
2.654932400000000000e+07
6.014611200000000000e+08
6.219114062500000000e+04
1.923291601562500000e+04
2.442210781250000000e+05
7.131166875000000000e+05
6.424218750000000000e+05
1.244686625000000000e+06
7.462674560546875000e+02
4.671762695312500000e+03
1.214554882812500000e+04
3.221470947265625000e+02
1.239947500000000000e+05
3.011766992187500000e+04
6.413236236572265625e+01
2.978956054687500000e+03
1.280035400390625000e+02
5.902821731567382812e+01
1.106369500000000000e+06
5.383762500000000000e+05
2.153448046875000000e+04
5.864264000000000000e+06
8.923690625000000000e+04
1.016114843750000000e+04
2.153448046875000000e+04
1.016114843750000000e+04
1.692492800000000000e+10
3.476794750000000000e+06
3.475535250000000000e+06
2.475907226562500000e+03
3.476794750000000000e+06
7.609905000000000000e+05
2.523133850097656250e+02
6.300570312500000000e+03
2.172119140625000000e+04
8.336934375000000000e+05
2.275682421875000000e+04
1.040271289062500000e+04
5.809723632812500000e+03
9.208606567382812500e+02
1.440767944335937500e+03
2.144860534667968750e+02
2.138873984000000000e+09
1.142709472656250000e+04
3.418693603515625000e+03
2.814064453125000000e+03
4.678974121093750000e+03
1.903426000000000000e+06
3.661962509155273438e+00
2.000061798095703125e+01
5.022511040000000000e+08
9.347370000000000000e+06
1.354663200000000000e+08
1.238051250000000000e+06
1.797719600000000000e+07
5.624407500000000000e+06
2.483881000000000000e+06
5.022511040000000000e+08
9.347370000000000000e+06
1.238051250000000000e+06
2.483881000000000000e+06
9.753458400000000000e+07
7.750729375000000000e+05
3.716510250000000000e+06
3.433008984375000000e+04
2.268866992187500000e+04
2.551480156250000000e+05
4.292180312500000000e+05
7.514893750000000000e+05
4.357988769531250000e+03
3.812015869140625000e+03
7.005056640625000000e+03
4.956241408000000000e+09
3.519810800000000000e+07
2.411114375000000000e+05
4.235933105468750000e+03
6.444136500000000000e+06
2.497901200000000000e+07
1.934200073242187500e+03
6.831349375000000000e+05
8.128945152000000000e+09
5.268103200000000000e+07
2.598922750000000000e+06
2.781467500000000000e+05
7.102240625000000000e+05
9.727747070312500000e+03
3.585800320000000000e+08
1.467243125000000000e+06
7.967545312500000000e+04
1.640646875000000000e+04
4.465078125000000000e+05
1.565257000000000000e+06
2.748317750000000000e+06
1.178323593750000000e+05
5.907029500000000000e+06
3.716460546875000000e+04
9.055684570312500000e+03
1.178323593750000000e+05
9.055684570312500000e+03
1.709094656000000000e+09
2.023012400000000000e+07
3.689128437500000000e+05
2.368737792968750000e+02
7.338838125000000000e+05
4.908984375000000000e+04
2.346903228759765625e+02
5.048683984375000000e+04
7.200489472000000000e+10
7.200489472000000000e+10
7.200489472000000000e+10
5.990190720000000000e+08
7.942713344000000000e+09
5.864264000000000000e+06
7.200489472000000000e+10
7.200489472000000000e+10
7.200489472000000000e+10
5.990190720000000000e+08
7.200489472000000000e+10
7.725785600000000000e+08
3.042444580078125000e+03
5.537263360000000000e+08
4.830200195312500000e+01
3.735296875000000000e+04
3.610298156738281250e+02
5.679998046875000000e+03
1.563621440000000000e+08
3.725924072265625000e+02
4.831256103515625000e+02
1.773260156250000000e+04
7.200489472000000000e+10
6.316487168000000000e+09
2.132006718750000000e+05
2.148432320000000000e+08
5.278993164062500000e+03
7.090339843750000000e+03
6.306812313600000000e+10
2.078749062500000000e+05
5.944613671875000000e+04
1.135258666992187500e+03
2.625108984375000000e+04
1.133740527343750000e+04
6.514876562500000000e+04
1.131064140625000000e+05
5.075407226562500000e+03
2.885718261718750000e+03
1.134176483154296875e+02
1.023626220703125000e+03
1.197557640075683594e+01
7.200489472000000000e+10
7.200489472000000000e+10
1.455966848000000000e+09
5.990190720000000000e+08
2.654932400000000000e+07
2.466080781250000000e+05
7.200489472000000000e+10
7.200489472000000000e+10
2.203740672000000000e+09
1.258058750000000000e+06
6.597176934400000000e+10
7.200489472000000000e+10
3.059621478400000000e+10
3.487992800000000000e+07
2.916838144000000000e+09
4.713509062500000000e+05
9.066450781250000000e+04
7.200489472000000000e+10
6.891274880000000000e+08
5.428127000000000000e+06
5.476038750000000000e+05
4.069019200000000000e+07
7.200489472000000000e+10
7.200489472000000000e+10
2.483233280000000000e+08
8.739047040000000000e+08
1.473498700000000000e+07
5.245855859375000000e+04
7.200489472000000000e+10
4.281512960000000000e+09
3.011074560000000000e+08
1.046014125000000000e+06
6.683780608000000000e+09
5.083445248000000000e+10
3.516064000000000000e+09
2.842024062500000000e+05
1.215057600000000000e+07
1.845447875000000000e+06
1.320095468750000000e+05
1.097433728000000000e+09
3.086901875000000000e+05
1.488316562500000000e+05
1.085385234375000000e+05
2.088101406250000000e+05
9.494006784000000000e+09
1.912349687500000000e+05
1.567748875000000000e+06
1.051462402343750000e+02
2.920379687500000000e+04
3.796744384765625000e+03
5.884057998657226562e+00
0.000000000000000000e+00
1.072970560000000000e+08
2.134476806640625000e+03
6.393700500000000000e+06
2.774305114746093750e+02
1.255008984375000000e+05
6.328411865234375000e+02
9.270558166503906250e+01
8.246008125000000000e+05
1.653735542297363281e+01
6.352863311767578125e+01
3.760941028594970703e+00
7.200489472000000000e+10
2.611647488000000000e+10
1.024150000000000000e+06
2.916838144000000000e+09
4.157287500000000000e+04
1.564790820312500000e+04
7.200489472000000000e+10
3.599315000000000000e+06
2.771293359375000000e+04
4.690780761718750000e+03
4.745234062500000000e+05
1.022777687500000000e+06
1.114833281250000000e+05
1.384928710937500000e+04
1.894218444824218750e+01
7.127089355468750000e+03
1.127789154052734375e+02
0.000000000000000000e+00
0.000000000000000000e+00
2.193629500000000000e+06
7.357926269531250000e+03
7.307981875000000000e+05
1.052838203125000000e+05
6.846561035156250000e+03
2.977668750000000000e+04
3.371702734375000000e+04
1.533053894042968750e+02
7.790954000000000000e+06
5.879613125000000000e+05
6.039372160000000000e+08
1.103447952270507812e+02
9.639957275390625000e+02
2.368578125000000000e+03
1.286833496093750000e+04
3.232964062500000000e+05
2.462633593750000000e+04
7.229254150390625000e+01
3.611505126953125000e+03
3.742723328000000000e+09
3.494542336000000000e+09
7.701083750000000000e+05
2.877124000000000000e+06
4.082808437500000000e+05
6.329854687500000000e+04
3.193940992000000000e+09
5.229529687500000000e+05
2.279868437500000000e+05
1.385112031250000000e+05
1.062841125000000000e+06
7.200489472000000000e+10
3.875950592000000000e+10
4.080506400000000000e+07
5.990190720000000000e+08
9.744912500000000000e+05
3.686060937500000000e+04
7.200489472000000000e+10
1.289366656000000000e+09
1.150169600000000000e+07
9.048466406250000000e+04
9.353872640000000000e+08
4.870139648437500000e+03
1.163573364257812500e+03
3.392644375000000000e+05
1.891399536132812500e+03
4.367620544433593750e+02
0.000000000000000000e+00
4.069068298339843750e+02
0.000000000000000000e+00
1.178034400000000000e+08
6.916350464000000000e+09
3.812439000000000000e+06
7.731128000000000000e+06
1.214995574951171875e+02
1.603080957031250000e+04
7.879816960000000000e+08
5.163525000000000000e+04
1.291763906250000000e+05
1.498182861328125000e+03
6.626617968750000000e+04
3.793268224000000000e+09
7.200489472000000000e+10
4.571476400000000000e+07
8.387563500000000000e+06
8.993955468750000000e+04
1.971093017578125000e+03
4.075742720000000000e+09
3.010172000000000000e+06
6.525038720000000000e+08
1.729427490234375000e+03
3.744073500000000000e+06
7.200489472000000000e+10
7.200489472000000000e+10
5.084734000000000000e+06
1.737385200000000000e+07
2.040513085937500000e+04
2.114864257812500000e+04
7.200489472000000000e+10
6.854542500000000000e+06
7.897461600000000000e+07
6.287049560546875000e+02
2.605936400000000000e+07
8.320565600000000000e+07
1.915577875000000000e+06
7.180303710937500000e+03
1.265467500000000000e+06
4.988464843750000000e+04
6.995288574218750000e+03
1.132609765625000000e+05
7.320785937500000000e+04
4.508619079589843750e+02
3.854943359375000000e+03
2.716558837890625000e+02
1.616757500000000000e+07
3.793268224000000000e+09
2.952268288000000000e+09
8.321763281250000000e+04
1.076462158203125000e+03
8.844758000000000000e+06
1.127962720000000000e+08
9.808435625000000000e+05
5.676590400000000000e+07
7.850329589843750000e+03
4.508692000000000000e+06
4.329543040000000000e+08
8.387563500000000000e+06
1.839831176757812500e+03
1.802674250000000000e+06
1.193518920898437500e+03
4.015274047851562500e+02
3.116602250000000000e+06
1.433573632812500000e+04
6.419255828857421875e+01
5.547850952148437500e+02
1.513377319335937500e+03
1.914953250000000000e+06
2.326084800000000000e+07
4.273787000000000000e+06
1.367624804687500000e+04
2.811657617187500000e+04
2.751585625000000000e+05
5.401854492187500000e+03
1.645799687500000000e+05
1.482584843750000000e+05
3.091206298828125000e+03
1.081097167968750000e+03
3.059621478400000000e+10
7.200489472000000000e+10
7.200489472000000000e+10
8.565972000000000000e+06
1.409857920000000000e+08
5.976910500000000000e+06
1.313013452800000000e+10
4.205347225600000000e+10
7.200489472000000000e+10
7.297840000000000000e+06
2.159473459200000000e+10
1.363828608000000000e+09
2.136378250000000000e+06
1.997287040000000000e+08
1.042166687500000000e+06
8.387563500000000000e+06
7.800081250000000000e+04
6.525833750000000000e+05
1.146087700000000000e+07
2.938244375000000000e+05
6.922640625000000000e+04
9.694271875000000000e+04
1.020616500000000000e+06
3.197499694824218750e+02
4.561070312500000000e+04
3.009030625000000000e+05
7.556093750000000000e+02
2.835927343750000000e+04
2.090948242187500000e+03
5.627777099609375000e+01
6.477192500000000000e+06
2.654932400000000000e+07
5.990190720000000000e+08
1.443300903320312500e+03
1.898019042968750000e+03
2.466080781250000000e+05
2.555830000000000000e+05
1.615639750000000000e+06
1.258058750000000000e+06
7.008853759765625000e+02
8.938033593750000000e+04
7.233064320000000000e+08
7.982138061523437500e+02
1.257960500000000000e+07
1.325286102294921875e+02
2.172966562500000000e+05
5.866196899414062500e+02
9.993540039062500000e+02
3.759240000000000000e+06
1.991998100280761719e+01
1.491772155761718750e+02
1.629045410156250000e+02
2.197172000000000000e+06
3.494542336000000000e+09
7.944898750000000000e+05
2.094777187500000000e+05
1.420293750000000000e+05
6.514876562500000000e+04
2.289205750000000000e+06
2.642789062500000000e+05
2.341639375000000000e+05
5.085463671875000000e+04
1.836107343750000000e+05
8.559856640000000000e+08
1.550027875000000000e+06
1.072932625000000000e+06
2.470566015625000000e+04
1.125586875000000000e+06
2.787295600000000000e+07
3.309783203125000000e+04
2.452655625000000000e+05
7.200489472000000000e+10
7.200489472000000000e+10
2.216678000000000000e+06
1.070558320000000000e+08
5.854253906250000000e+03
6.947605957031250000e+03
7.200489472000000000e+10
2.081240625000000000e+06
3.348444400000000000e+07
1.426587158203125000e+03
3.147432800000000000e+07
2.596217200000000000e+07
6.027165696000000000e+09
9.787063040000000000e+08
1.069427539062500000e+04
3.170597656250000000e+03
5.947842500000000000e+06
2.596217200000000000e+07
4.512340000000000000e+06
9.787063040000000000e+08
3.170597656250000000e+03
4.512340000000000000e+06
5.926886250000000000e+05
1.308060455322265625e+02
7.383943125000000000e+05
1.372191894531250000e+03
6.728643035888671875e+01
3.177936132812500000e+04
2.375751342773437500e+02
1.935697174072265625e+02
3.107646679687500000e+04
1.797233123779296875e+02
1.801983947753906250e+02
2.420905664062500000e+04
7.117438507080078125e+01
6.912239074707031250e+01
1.456312656402587891e+01
1.013746356964111328e+01
6.732104704000000000e+09
7.440824320000000000e+09
2.506551500000000000e+06
2.877124000000000000e+06
4.193920312500000000e+05
6.514876562500000000e+04
4.791611392000000000e+09
6.295415625000000000e+05
7.487751875000000000e+05
1.424937812500000000e+05
2.665362000000000000e+06
6.602926592000000000e+09
7.452755456000000000e+09
2.458011132812500000e+04
2.877124000000000000e+06
4.220803222656250000e+03
8.011651000976562500e+02
4.615550464000000000e+09
4.945829589843750000e+03
1.696207812500000000e+04
9.859533081054687500e+02
3.031177539062500000e+04
8.128945152000000000e+09
4.804454400000000000e+07
9.387790625000000000e+05
2.119983593750000000e+05
1.626146250000000000e+05
1.813468994140625000e+03
3.711811200000000000e+08
4.452894687500000000e+05
8.447268750000000000e+04
6.464321289062500000e+03
1.647876093750000000e+05
1.941569500000000000e+06
3.273872558593750000e+03
5.083699062500000000e+05
3.488742431640625000e+03
2.409738311767578125e+02
1.279693164062500000e+04
8.898170166015625000e+02
2.531300506591796875e+02
7.200489472000000000e+10
7.200489472000000000e+10
5.527866015625000000e+04
6.009827000000000000e+06
2.399646301269531250e+02
1.836879272460937500e+02
7.200489472000000000e+10
5.121968750000000000e+04
9.075446875000000000e+05
2.078886985778808594e+00
1.733920625000000000e+05
1.102770176000000000e+10
2.367741000000000000e+06
1.443296400000000000e+07
3.859538269042968750e+02
1.080009000000000000e+06
7.382162500000000000e+05
1.655390167236328125e+02
1.263506469726562500e+02
2.864101250000000000e+05
4.689666992187500000e+03
6.043513671875000000e+03
2.466080781250000000e+05
5.241361694335937500e+02
2.449351348876953125e+02
1.028022094726562500e+03
6.948176574707031250e+01
2.187449120000000000e+08
2.231644928000000000e+09
2.436351750000000000e+06
2.183635750000000000e+06
3.554688437500000000e+05
7.797755859375000000e+03
3.251459840000000000e+08
9.949336718750000000e+04
2.309971484375000000e+04
1.230597343750000000e+05
6.479317500000000000e+05
7.200489472000000000e+10
7.200489472000000000e+10
1.742081600000000000e+08
5.990190720000000000e+08
2.274861500000000000e+06
6.675038574218750000e+03
7.200489472000000000e+10
1.735099596800000000e+10
2.384544000000000000e+09
9.115000781250000000e+04
4.054430105600000000e+10
3.441092187500000000e+05
7.692554375000000000e+05
8.701124023437500000e+03
5.864264000000000000e+06
4.120035546875000000e+04
3.749211425781250000e+03
8.701124023437500000e+03
3.749211425781250000e+03
7.200489472000000000e+10
7.200489472000000000e+10
7.200489472000000000e+10
6.228064640000000000e+08
8.039237120000000000e+09
5.864264000000000000e+06
7.200489472000000000e+10
7.200489472000000000e+10
7.200489472000000000e+10
6.228064640000000000e+08
7.200489472000000000e+10
7.200489472000000000e+10
3.420410470400000000e+10
1.607196480000000000e+08
5.990190720000000000e+08
1.652227700000000000e+07
5.819605468750000000e+04
7.200489472000000000e+10
2.283569152000000000e+09
4.386922000000000000e+07
8.677915000000000000e+05
3.143979776000000000e+09
6.989796500000000000e+06
1.096517562866210938e+02
1.484593505859375000e+03
1.797719600000000000e+07
1.096517562866210938e+02
7.364622656250000000e+04
1.957739868164062500e+02
1.624890708923339844e+01
1.844265600000000000e+07
2.836202500000000000e+06
3.507894800000000000e+07
1.219344125000000000e+06
1.910201600000000000e+07
6.618235000000000000e+06
3.026887304687500000e+04
1.844265600000000000e+07
2.836202500000000000e+06
1.219344125000000000e+06
3.026887304687500000e+04
5.254314800000000000e+07
5.323208000000000000e+06
4.781311035156250000e+03
6.493677978515625000e+02
4.280979687500000000e+05
1.101820750000000000e+06
5.146752548217773438e+01
1.000067890625000000e+05
1.925104750000000000e+06
5.718005760000000000e+08
2.138814800000000000e+07
8.751155468750000000e+04
1.982547460937500000e+04
5.633012500000000000e+06
1.849316875000000000e+06
3.722706562500000000e+05
1.957355200000000000e+07
1.865288671875000000e+04
3.597090625000000000e+05
4.886580480000000000e+08
8.736121000000000000e+06
1.642240820312500000e+04
1.802340625000000000e+06
1.428554980468750000e+04
3.409600097656250000e+03
3.378812750000000000e+06
3.759325312500000000e+05
8.114780883789062500e+02
1.888021484375000000e+03
3.441191650390625000e+03
7.200489472000000000e+10
3.575866163200000000e+10
9.313070080000000000e+08
1.701868000000000000e+07
2.185379500000000000e+06
2.466080781250000000e+05
7.200489472000000000e+10
1.461507174400000000e+10
2.153728960000000000e+08
1.329008984375000000e+04
1.014045593600000000e+10
2.022806000000000000e+06
9.920054687500000000e+03
1.312943500000000000e+06
1.801531372070312500e+03
8.770304687500000000e+03
3.081836509704589844e+01
1.173146896362304688e+02
0.000000000000000000e+00
2.982223750000000000e+06
2.310216308593750000e+03
3.379601250000000000e+05
2.781735107421875000e+03
7.478358154296875000e+02
3.874198046875000000e+04
2.140599365234375000e+02
3.518493652343750000e+02
1.408763840000000000e+08
1.471635449218750000e+04
2.012152800000000000e+07
8.214204375000000000e+05
8.422736000000000000e+06
3.011807226562500000e+04
1.401796386718750000e+03
3.952188500000000000e+06
5.523584960937500000e+03
6.514899414062500000e+03
7.876656494140625000e+02
7.200489472000000000e+10
7.200489472000000000e+10
2.675914880000000000e+08
9.023985600000000000e+07
8.982615625000000000e+05
5.894988281250000000e+04
7.200489472000000000e+10
2.147474432000000000e+09
7.819062400000000000e+08
1.384192968750000000e+05
3.825129062400000000e+10
2.419710000000000000e+07
8.565594624000000000e+09
7.481235625000000000e+05
5.415741796875000000e+04
2.300228125000000000e+04
3.096239375000000000e+05
2.831329600000000000e+07
6.617775781250000000e+04
6.633887500000000000e+05
1.048559082031250000e+04
8.557496093750000000e+04
3.571542578125000000e+04
3.384780078125000000e+04
1.562935180664062500e+03
1.510315673828125000e+03
2.296932861328125000e+03
3.283868750000000000e+04
9.177370452880859375e+01
1.262774414062500000e+03
4.365554809570312500e+01
1.775579376220703125e+02
2.055657577514648438e+01
3.223587072000000000e+09
3.779287250000000000e+06
7.642808125000000000e+05
2.231766992187500000e+04
2.163801250000000000e+06
1.662945500000000000e+07
1.842668579101562500e+03
7.973018750000000000e+04
7.200489472000000000e+10
7.200489472000000000e+10
7.200489472000000000e+10
1.141202080000000000e+08
5.798222720000000000e+08
5.925858000000000000e+06
7.200489472000000000e+10
7.200489472000000000e+10
7.200489472000000000e+10
1.190739120000000000e+08
7.200489472000000000e+10
7.200489472000000000e+10
3.793268224000000000e+09
2.449150500000000000e+06
1.250207360000000000e+09
7.908564843750000000e+04
3.901331250000000000e+04
7.200489472000000000e+10
2.827244400000000000e+07
7.975277343750000000e+04
8.981633789062500000e+03
8.739198125000000000e+05
7.200489472000000000e+10
7.200489472000000000e+10
8.753854375000000000e+05
5.407439000000000000e+06
2.123708251953125000e+03
6.258983886718750000e+03
7.200489472000000000e+10
8.091668125000000000e+05
1.431351900000000000e+07
5.685376739501953125e+01
9.813745000000000000e+06
8.342604375000000000e+05
1.519635000000000000e+05
2.610003320312500000e+04
5.459410000000000000e+05
1.620361083984375000e+03
2.243233398437500000e+03
1.645683789062500000e+04
2.128681250000000000e+04
2.717716308593750000e+03
3.071321716308593750e+02
8.438274536132812500e+02
4.329921484375000000e+04
2.295204687500000000e+05
5.987348828125000000e+04
3.458486557006835938e+01
1.682682617187500000e+04
1.716650962829589844e+01
1.105615615844726562e+01
1.014056015014648438e+01
7.200489472000000000e+10
7.200489472000000000e+10
9.030522000000000000e+06
3.716510250000000000e+06
4.023709960937500000e+03
1.920706420898437500e+03
7.200489472000000000e+10
3.054782800000000000e+07
4.979498800000000000e+07
3.819019317626953125e+01
1.449606880000000000e+08
7.200489472000000000e+10
2.104666726400000000e+10
2.898999360000000000e+08
4.844626944000000000e+09
1.655508300000000000e+07
1.927617875000000000e+06
7.200489472000000000e+10
1.423078707200000000e+10
3.220235200000000000e+07
4.534431500000000000e+06
2.082848160000000000e+08
1.037992300000000000e+07
4.851305770874023438e+01
8.991045000000000000e+06
3.935680770874023438e+01
1.043803937500000000e+06
1.019791183471679688e+02
1.536997795104980469e+00
2.836035000000000000e+05
5.869089508056640625e+01
4.591582775115966797e+00
1.145803928375244141e+00
4.541861376000000000e+09
5.327818750000000000e+05
5.990190720000000000e+08
1.171181484375000000e+05
2.237447600000000000e+07
2.046146606445312500e+03
1.403148750000000000e+06
9.770216000000000000e+07
2.202945703125000000e+04
5.163336914062500000e+03
2.685073828125000000e+04
1.531155865600000000e+10
3.674830250000000000e+06
6.989796500000000000e+06
1.824620971679687500e+03
7.588963317871093750e+01
3.674830250000000000e+06
1.147770625000000000e+06
3.947491210937500000e+03
3.924618835449218750e+02
1.947590429687500000e+04
1.984506496000000000e+09
7.942713344000000000e+09
5.990190720000000000e+08
8.196340000000000000e+05
1.571637792968750000e+04
5.864264000000000000e+06
1.984506496000000000e+09
2.267828000000000000e+07
5.990190720000000000e+08
1.571637792968750000e+04
2.267828000000000000e+07
4.947285461425781250e+02
5.631716918945312500e+02
2.442613769531250000e+03
5.864264000000000000e+06
2.275059223175048828e+00
4.418999099731445312e+01
5.631716918945312500e+02
2.275059223175048828e+00
1.983514750000000000e+06
5.554106250000000000e+05
4.823237000000000000e+06
6.246844140625000000e+04
4.458342773437500000e+03
2.206209531250000000e+05
1.127877812500000000e+05
3.561967187500000000e+05
2.101181054687500000e+04
7.267531127929687500e+02
4.038164453125000000e+04
1.724301721600000000e+10
7.200489472000000000e+10
9.177878000000000000e+06
2.191260400000000000e+07
1.657792343750000000e+05
1.922754296875000000e+04
1.637494272000000000e+10
5.016366250000000000e+05
1.667338880000000000e+08
1.105195898437500000e+04
4.149991250000000000e+06
7.101696000000000000e+09
1.552492675781250000e+04
3.716510250000000000e+06
1.424734062500000000e+05
1.846164375000000000e+06
1.896542773437500000e+04
4.937304062500000000e+05
2.237840400000000000e+07
1.877708435058593750e+02
2.275037890625000000e+04
1.818553100585937500e+03
4.637520640000000000e+08
7.200489472000000000e+10
3.764211600000000000e+07
5.300364062500000000e+04
3.014892333984375000e+03
2.005316772460937500e+03
1.607953920000000000e+08
9.693809375000000000e+04
2.143246560000000000e+08
7.009097290039062500e+01
1.649522343750000000e+05
1.544723281250000000e+05
5.506983184814453125e+01
1.080625976562500000e+04
1.844762084960937500e+03
3.911979293823242188e+01
2.530859375000000000e+01
7.855249404907226562e+00
0.000000000000000000e+00
4.629799500000000000e+06
1.267901562500000000e+05
2.674696750000000000e+06
1.955064400000000000e+07
4.878047187500000000e+05
6.790843750000000000e+05
2.612338437500000000e+05
9.154298437500000000e+04
1.518114720000000000e+08
5.506003125000000000e+05
5.990190720000000000e+08
9.056635742187500000e+03
8.527805664062500000e+03
1.915093359375000000e+04
1.426052656250000000e+05
1.641837000000000000e+06
2.947971289062500000e+04
7.538300170898437500e+02
3.054519775390625000e+03
3.652702000000000000e+07
4.111465000000000000e+05
2.011860750000000000e+06
8.291111328125000000e+03
1.587752500000000000e+05
7.778643066406250000e+03
1.589305175781250000e+03
4.789796447753906250e+02
5.682247680000000000e+08
7.200489472000000000e+10
1.268952560000000000e+08
1.043803937500000000e+06
3.083750312500000000e+05
8.502576562500000000e+04
5.329249920000000000e+08
1.019311187500000000e+06
9.238798080000000000e+08
3.791511230468750000e+03
5.935818125000000000e+05
2.101609881600000000e+10
2.023012400000000000e+07
4.328736500000000000e+06
7.385602569580078125e+01
6.065315000000000000e+06
2.798982187500000000e+05
6.188993072509765625e+01
4.047904687500000000e+04
9.505406000000000000e+06
1.024699120000000000e+08
7.041568500000000000e+06
1.004629900000000000e+07
2.866090625000000000e+05
2.466080781250000000e+05
1.496457250000000000e+06
5.870659375000000000e+05
4.211036500000000000e+06
7.683971093750000000e+04
7.894481250000000000e+04
7.200489472000000000e+10
7.200489472000000000e+10
7.200489472000000000e+10
5.990190720000000000e+08
4.010534144000000000e+09
5.021350500000000000e+06
7.200489472000000000e+10
7.200489472000000000e+10
7.200489472000000000e+10
3.943356800000000000e+08
7.200489472000000000e+10
1.801434560000000000e+08
3.600302812500000000e+05
1.929291500000000000e+06
8.256017500000000000e+05
1.175502031250000000e+05
8.876600625000000000e+05
7.607489062500000000e+04
1.940685351562500000e+04
7.200489472000000000e+10
3.059621478400000000e+10
7.200489472000000000e+10
2.916838144000000000e+09
7.942713344000000000e+09
1.354663200000000000e+08
7.200489472000000000e+10
7.200489472000000000e+10
3.059621478400000000e+10
2.916838144000000000e+09
7.200489472000000000e+10
2.148879872000000000e+09
1.656329700000000000e+07
6.030289920000000000e+08
2.557808593750000000e+04
3.565900000000000000e+04
5.597713281250000000e+04
2.269416250000000000e+06
3.679384800000000000e+07
8.625456250000000000e+05
3.463017578125000000e+02
4.755570312500000000e+04
1.837063964843750000e+03
6.681760864257812500e+02
9.274979687500000000e+04
4.298688281250000000e+04
4.063395261764526367e-01
4.321627807617187500e+01
1.104232025146484375e+02
1.095430850982666016e+00
7.681180672000000000e+09
7.200489472000000000e+10
9.656315200000000000e+07
1.889651200000000000e+07
6.904009375000000000e+05
4.628512890625000000e+04
5.624755200000000000e+09
1.829883750000000000e+06
4.114479600000000000e+07
6.949938476562500000e+03
1.602168125000000000e+06
7.571045898437500000e+03
2.500266601562500000e+03
1.042423515625000000e+05
5.553301500000000000e+06
1.794765853881835938e+01
5.927542724609375000e+02
2.273349365234375000e+03
1.908892822265625000e+01
3.206489843750000000e+04
7.491987609863281250e+01
1.010891479492187500e+03
6.305043334960937500e+02
3.844922065734863281e+00
7.879005432128906250e+01
2.653554677963256836e+00
1.285848140716552734e+00
3.742723328000000000e+09
1.195123680000000000e+08
2.950692812500000000e+05
4.363129687500000000e+05
2.125662187500000000e+05
4.203478027343750000e+03
2.945977920000000000e+08
2.194071250000000000e+05
1.799505468750000000e+04
9.877287109375000000e+03
6.683969531250000000e+04
7.200489472000000000e+10
3.029413683200000000e+10
7.200489472000000000e+10
2.916838144000000000e+09
7.942713344000000000e+09
1.354663200000000000e+08
7.200489472000000000e+10
7.200489472000000000e+10
3.029413683200000000e+10
2.916838144000000000e+09
7.200489472000000000e+10
7.200489472000000000e+10
7.200489472000000000e+10
8.352338000000000000e+06
3.274613760000000000e+09
4.674625000000000000e+05
1.651368593750000000e+05
7.200489472000000000e+10
6.039841600000000000e+07
4.751130000000000000e+05
1.575892187500000000e+05
1.653039125000000000e+06
3.059621478400000000e+10
7.200489472000000000e+10
1.455966848000000000e+09
8.387563500000000000e+06
8.844758000000000000e+06
2.466080781250000000e+05
1.307677491200000000e+10
1.794349760000000000e+08
2.203740672000000000e+09
1.716045468750000000e+05
7.251238400000000000e+07
3.059621478400000000e+10
7.200489472000000000e+10
1.147127125000000000e+06
8.387563500000000000e+06
4.086740625000000000e+04
6.799042480468750000e+03
1.307677491200000000e+10
5.129750781250000000e+04
1.341479700000000000e+07
3.079920654296875000e+03
7.882710625000000000e+05
7.844392968750000000e+04
3.162618750000000000e+06
6.647415000000000000e+05
4.466261875000000000e+05
3.248656738281250000e+03
1.086907104492187500e+03
9.259522656250000000e+04
2.178207244873046875e+02
3.274779200000000000e+07
4.692777280000000000e+08
3.157598000000000000e+06
9.421382812500000000e+04
6.273291503906250000e+03
7.789690429687500000e+03
2.767372400000000000e+07
7.756711875000000000e+05
2.546371484375000000e+04
6.609460937500000000e+03
4.606643437500000000e+05
3.793268224000000000e+09
7.200489472000000000e+10
1.170480384000000000e+09
9.059299000000000000e+06
5.525335500000000000e+06
7.089321875000000000e+05
4.317093888000000000e+09
8.485241600000000000e+07
1.441389568000000000e+10
5.069919687500000000e+05
2.457459840000000000e+08
7.200489472000000000e+10
2.647937024000000000e+10
2.907473250000000000e+06
2.916838144000000000e+09
3.631055468750000000e+04
4.342857421875000000e+04
7.200489472000000000e+10
7.968777000000000000e+06
1.425835000000000000e+05
4.334415527343750000e+03
1.239084625000000000e+06
1.040808640000000000e+09
5.987258750000000000e+05
5.990190720000000000e+08
6.569645312500000000e+04
3.095795000000000000e+06
3.007674023437500000e+04
3.249183593750000000e+04
2.548752000000000000e+07
7.481548437500000000e+04
7.919780883789062500e+02
2.802072265625000000e+03
7.200489472000000000e+10
7.200489472000000000e+10
2.250434240000000000e+08
6.051144320000000000e+08
1.679469600000000000e+07
6.018158984375000000e+04
7.200489472000000000e+10
5.467131904000000000e+09
2.874272960000000000e+08
8.844853750000000000e+05
8.824693760000000000e+09
4.864849920000000000e+09
1.663126200000000000e+07
5.990190720000000000e+08
1.940753125000000000e+06
2.363224800000000000e+07
5.846328906250000000e+04
4.563362000000000000e+06
1.034492480000000000e+08
8.720891250000000000e+05
2.280390429687500000e+04
2.695345312500000000e+05
8.128945152000000000e+09
1.939737600000000000e+09
2.647327500000000000e+06
1.248593375000000000e+06
7.206122500000000000e+05
6.329854687500000000e+04
2.992588800000000000e+09
1.490479500000000000e+06
5.529968125000000000e+05
7.831409375000000000e+04
2.569470000000000000e+06
7.200489472000000000e+10
8.441519104000000000e+09
7.200489472000000000e+10
2.274999520000000000e+08
5.513729920000000000e+08
1.354663200000000000e+08
7.200489472000000000e+10
7.200489472000000000e+10
8.441519104000000000e+09
2.274999520000000000e+08
7.200489472000000000e+10
7.415480000000000000e+05
1.393856152343750000e+04
1.226591500000000000e+06
6.139645312500000000e+04
1.119037231445312500e+03
3.340320703125000000e+04
2.326692382812500000e+03
1.633705688476562500e+03
1.455261696000000000e+09
5.781616640000000000e+09
2.696186250000000000e+06
9.715655000000000000e+05
1.099672000000000000e+06
6.383155000000000000e+05
1.883557504000000000e+09
3.842347812500000000e+05
1.744379625000000000e+06
1.234853046875000000e+05
5.292531875000000000e+05
9.017549600000000000e+07
8.264693760000000000e+09
1.265677500000000000e+06
3.930695250000000000e+06
1.864575625000000000e+05
3.096239375000000000e+05
1.713549280000000000e+08
9.974893750000000000e+04
7.743850625000000000e+05
9.393910156250000000e+04
1.199867109375000000e+05
4.530051584000000000e+09
1.755606016000000000e+10
1.601923750000000000e+06
2.468029750000000000e+06
4.808795000000000000e+05
3.336486875000000000e+05
2.349321984000000000e+09
1.030078359375000000e+05
8.133315000000000000e+05
1.026156406250000000e+05
9.023836718750000000e+04
1.824002343750000000e+05
2.022263916015625000e+03
1.798426818847656250e+02
2.470572343750000000e+05
1.572873657226562500e+03
2.543959960937500000e+02
1.085426940917968750e+02
7.160475158691406250e+01
2.916838144000000000e+09
2.654932400000000000e+07
5.990190720000000000e+08
8.844758000000000000e+06
8.387563500000000000e+06
2.466080781250000000e+05
5.408440000000000000e+06
1.627332300000000000e+07
1.258058750000000000e+06
1.716045468750000000e+05
1.088783515625000000e+05
1.454889856000000000e+09
1.279952768000000000e+09
1.983271680000000000e+08
1.354663200000000000e+08
8.462713000000000000e+06
5.917393000000000000e+06
1.454889856000000000e+09
1.155334300000000000e+07
1.983271680000000000e+08
8.462713000000000000e+06
1.155334300000000000e+07
4.112384800000000000e+07
8.081577636718750000e+03
1.747193250000000000e+06
8.417040625000000000e+04
8.835105000000000000e+06
1.757347778320312500e+03
1.237645117187500000e+04
1.826108281250000000e+05
4.084535598754882812e+01
1.518469482421875000e+03
1.164612503051757812e+02
6.863714560000000000e+08
7.436312064000000000e+09
1.217751562500000000e+04
6.748755000000000000e+06
5.645623046875000000e+03
5.293467407226562500e+02
1.895703680000000000e+09
2.228617187500000000e+03
1.035035839843750000e+04
2.003567749023437500e+03
2.570662304687500000e+04
4.014237952000000000e+09
1.939737600000000000e+09
6.256446777343750000e+03
2.877124000000000000e+06
3.253988952636718750e+02
3.427146148681640625e+01
2.850987776000000000e+09
6.485958251953125000e+02
1.578678588867187500e+02
3.755025100708007812e+01
9.185162353515625000e+02
5.888206080000000000e+08
1.452530468750000000e+04
2.520266723632812500e+02
2.883398125000000000e+05
8.510904296875000000e+03
2.195683840000000000e+08
3.942782211303710938e+01
2.823083251953125000e+03
2.136423552000000000e+09
2.584537500000000000e+06
7.428476250000000000e+05
4.622667812500000000e+05
1.705396562500000000e+05
1.089642880000000000e+08
5.461853906250000000e+04
1.203325683593750000e+04
7.885498657226562500e+02
1.009147558593750000e+04
7.427895625000000000e+05
1.483099218750000000e+04
1.120209716796875000e+03
5.112247943878173828e+00
2.215505273437500000e+04
6.943471908569335938e+00
7.200489472000000000e+10
1.857603515625000000e+04
2.952268288000000000e+09
1.092346191406250000e+02
2.244622656250000000e+05
7.263079071044921875e+01
2.416913818359375000e+03
1.932160512000000000e+09
2.603306396484375000e+03
8.180892944335937500e+00
3.005919494628906250e+02
7.200489472000000000e+10
2.870216499200000000e+10
3.565802880000000000e+08
1.462850816000000000e+09
3.387495000000000000e+06
2.641111250000000000e+06
7.200489472000000000e+10
4.087560704000000000e+09
7.088927200000000000e+07
9.340993750000000000e+05
9.550176000000000000e+08
8.128945152000000000e+09
1.939737600000000000e+09
7.205002500000000000e+05
1.248593375000000000e+06
1.977194687500000000e+05
6.783561035156250000e+03
2.992588800000000000e+09
5.219236250000000000e+05
7.342181250000000000e+04
1.900500781250000000e+04
5.124142812500000000e+05
8.755078906250000000e+04
6.569582031250000000e+04
1.520007690429687500e+03
8.051079711914062500e+02
7.479522705078125000e+02
7.124404907226562500e+00
2.123667144775390625e+02
4.637928962707519531e+00
4.870284062500000000e+05
1.028400683593750000e+04
2.060399023437500000e+04
5.620938476562500000e+03
4.920410156250000000e+03
1.517710449218750000e+03
1.587896850585937500e+03
5.336490478515625000e+02
1.802828390400000000e+10
7.200489472000000000e+10
2.959179520000000000e+09
2.279441600000000000e+07
4.617039500000000000e+06
2.280485937500000000e+05
1.638047334400000000e+10
1.384892800000000000e+08
8.584960000000000000e+09
1.285709687500000000e+05
9.344204000000000000e+07
4.970183360000000000e+08
8.990496000000000000e+06
1.130029200000000000e+07
1.558426250000000000e+06
3.383778750000000000e+06
1.778954375000000000e+05
3.009707000000000000e+06
9.485363200000000000e+07
1.820375468750000000e+05
1.966363593750000000e+05
1.122857265625000000e+05
7.200489472000000000e+10
7.200489472000000000e+10
9.039294000000000000e+06
5.990190720000000000e+08
5.511850625000000000e+05
1.933157812500000000e+04
7.200489472000000000e+10
2.446044800000000000e+08
1.662258240000000000e+08
2.963031250000000000e+04
5.058273920000000000e+08
8.128945152000000000e+09
1.939737600000000000e+09
7.094184375000000000e+05
1.248593375000000000e+06
1.957113906250000000e+05
6.695168945312500000e+03
2.992588800000000000e+09
5.149002812500000000e+05
7.248507812500000000e+04
1.876079101562500000e+04
5.067507500000000000e+05
6.741898125000000000e+05
3.242295000000000000e+05
8.561570312500000000e+03
2.810944091796875000e+03
3.708451660156250000e+03
2.199372406005859375e+02
2.585920654296875000e+03
7.408889007568359375e+01
4.014237952000000000e+09
1.939737600000000000e+09
2.728792750000000000e+06
2.877124000000000000e+06
4.193920312500000000e+05
6.514876562500000000e+04
2.850987776000000000e+09
7.041791250000000000e+05
5.705807500000000000e+05
1.424937812500000000e+05
2.784801000000000000e+06
4.151075000000000000e+04
1.321581726074218750e+02
1.445502929687500000e+03
2.819798583984375000e+02
2.017515563964843750e+01
5.057427978515625000e+02
3.131629333496093750e+02
1.018490753173828125e+02
6.497715200000000000e+08
1.493163264000000000e+09
1.834400400000000000e+07
1.177645600000000000e+08
7.153289000000000000e+06
5.864264000000000000e+06
6.497715200000000000e+08
1.626517375000000000e+06
1.834400400000000000e+07
7.153289000000000000e+06
1.626517375000000000e+06
2.276008550400000000e+10
4.014237952000000000e+09
2.728792750000000000e+06
3.342093000000000000e+06
5.237422000000000000e+06
4.193920312500000000e+05
2.040110208000000000e+09
6.660747500000000000e+05
7.041791250000000000e+05
1.469998125000000000e+05
3.644893437500000000e+05
8.128945152000000000e+09
4.804454400000000000e+07
2.647327500000000000e+06
2.119983593750000000e+05
7.206122500000000000e+05
9.481649414062500000e+03
3.711811200000000000e+08
1.490479500000000000e+06
7.886406250000000000e+04
1.353054882812500000e+04
3.958208437500000000e+05
9.422028800000000000e+09
2.023012400000000000e+07
3.363432500000000000e+06
4.126939392089843750e+02
1.206793600000000000e+07
5.137280468750000000e+04
3.356757812500000000e+02
2.895255000000000000e+05
1.420075683593750000e+04
2.414855194091796875e+02
8.016184234619140625e+01
2.667953515625000000e+04
5.037935256958007812e+01
5.573155593872070312e+01
4.477896499633789062e+01
7.067963600158691406e+00
1.541275625000000000e+05
1.749740625000000000e+04
3.374256896972656250e+02
3.551248046875000000e+03
4.176025878906250000e+03
2.511255264282226562e+01
6.165156250000000000e+02
7.422096252441406250e+00
4.234555000000000000e+06
1.787782812500000000e+05
4.840342000000000000e+06
6.183977508544921875e+01
3.221502500000000000e+05
4.926890945434570312e+01
7.063453674316406250e+01
2.194276618957519531e+01
1.732906803200000000e+10
7.427849728000000000e+09
2.453332750000000000e+06
1.248593375000000000e+06
7.381599375000000000e+05
6.514876562500000000e+04
6.695365632000000000e+09
1.140346000000000000e+06
7.369971875000000000e+05
8.033537500000000000e+04
3.413692500000000000e+06
2.795400320000000000e+08
3.337557031250000000e+04
1.156476400000000000e+07
7.711839355468750000e+03
1.255008984375000000e+05
1.996295703125000000e+04
7.350750000000000000e+04
2.596452750000000000e+06
5.462250366210937500e+02
2.042289550781250000e+03
8.309616699218750000e+02
2.751714000000000000e+07
7.354461669921875000e+02
1.513878875000000000e+06
3.633793830871582031e+00
7.391479003906250000e+03
8.048997802734375000e+02
1.060497360229492188e+02
4.010006750000000000e+06
1.248870086669921875e+01
1.941844224929809570e+00
5.719601821899414062e+01
7.200489472000000000e+10
7.200489472000000000e+10
1.200964864000000000e+09
1.156476400000000000e+07
5.534141500000000000e+06
1.522518750000000000e+05
7.200489472000000000e+10
1.609287065600000000e+10
3.088219648000000000e+09
5.790164843750000000e+04
4.440325734400000000e+10
1.874122500000000000e+05
2.642961181640625000e+03
1.156476400000000000e+07
3.448412322998046875e+01
8.490620727539062500e+02
4.015201416015625000e+03
4.379799652099609375e+01
1.610308984375000000e+04
6.720399475097656250e+01
6.385150146484375000e+01
1.520965576171875000e+02
8.135517440000000000e+08
1.290043261718750000e+04
5.990190720000000000e+08
2.896833740234375000e+03
6.800942871093750000e+03
1.549168457031250000e+03
1.002665820312500000e+04
1.598689900000000000e+07
2.549132812500000000e+03
5.688383178710937500e+02
3.647085205078125000e+03
7.200489472000000000e+10
7.200489472000000000e+10
2.738880000000000000e+06
2.979750500000000000e+06
5.193468627929687500e+02
2.280276855468750000e+03
7.200489472000000000e+10
3.575943000000000000e+06
4.243481000000000000e+06
2.307628822326660156e+01
3.800216400000000000e+07
7.200489472000000000e+10
7.200489472000000000e+10
8.324293750000000000e+05
5.990190720000000000e+08
3.658041796875000000e+04
3.520949218750000000e+03
7.200489472000000000e+10
1.153779700000000000e+07
1.577619400000000000e+07
4.469456542968750000e+03
6.951098400000000000e+07
4.815681000000000000e+06
1.587831665039062500e+03
4.893278125000000000e+05
2.025217407226562500e+03
2.518276611328125000e+03
5.719487109375000000e+04
3.059484558105468750e+02
1.921161987304687500e+03
7.200489472000000000e+10
7.200489472000000000e+10
3.448180480000000000e+08
8.428892000000000000e+06
1.030084062500000000e+06
5.930044140625000000e+04
7.200489472000000000e+10
4.264934912000000000e+09
1.855964800000000000e+08
1.282356640625000000e+04
5.504171008000000000e+09
7.200489472000000000e+10
3.095599975585937500e+02
2.303524800000000000e+08
2.368244628906250000e+02
1.713767200000000000e+07
2.290963888168334961e+00
1.407642211914062500e+03
5.652265472000000000e+09
3.824641418457031250e+01
1.936469841003417969e+01
1.492270660400390625e+02
2.520516864000000000e+09
1.356947558593750000e+04
1.622425878906250000e+04
2.719369697570800781e+01
9.157489257812500000e+03
1.046778984375000000e+05
7.502822875976562500e+00
2.341553115844726562e+01
5.865096192000000000e+09
2.022800000000000000e+07
6.632641875000000000e+05
1.627753257751464844e+01
6.823906500000000000e+06
6.136806250000000000e+04
9.210337638854980469e+00
2.023368359375000000e+04
7.200489472000000000e+10
3.726745600000000000e+09
2.379917280000000000e+08
2.916838144000000000e+09
1.541612000000000000e+07
1.773283125000000000e+06
7.200489472000000000e+10
2.522292838400000000e+10
1.243046500000000000e+07
2.282820000000000000e+06
1.355741120000000000e+08
1.240029492187500000e+04
7.216550903320312500e+02
1.239947500000000000e+05
6.498916406250000000e+04
5.619654846191406250e+01
3.019240966796875000e+03
1.871687164306640625e+02
9.634295654296875000e+01
2.885851500000000000e+06
1.595472145080566406e+01
2.073861083984375000e+03
1.039272232055664062e+02
2.062699432373046875e+02
2.625118896484375000e+03
2.850059509277343750e+01
1.449455871582031250e+02
4.745289728000000000e+09
2.182897949218750000e+03
6.072522880000000000e+08
3.757955322265625000e+03
2.280585200000000000e+07
4.010478210449218750e+02
3.306647216796875000e+03
1.032265360000000000e+08
2.561469726562500000e+02
1.756641693115234375e+02
3.609997863769531250e+02
7.200489472000000000e+10
7.200489472000000000e+10
1.003048500000000000e+07
2.089193200000000000e+07
1.532934531250000000e+05
1.949684765625000000e+04
1.511030067200000000e+10
4.331839375000000000e+05
8.068938400000000000e+07
1.001222851562500000e+04
2.881910250000000000e+06
1.005258700000000000e+07
7.200489472000000000e+10
8.871452000000000000e+06
1.051481250000000000e+04
6.432369995117187500e+02
1.839499414062500000e+04
2.372302000000000000e+07
4.351641601562500000e+03
1.532091840000000000e+08
1.843109512329101562e+01
4.077953125000000000e+04
6.743374848000000000e+09
7.449032704000000000e+09
2.515541250000000000e+06
2.877124000000000000e+06
4.193920312500000000e+05
6.514876562500000000e+04
4.803442176000000000e+09
6.307693750000000000e+05
7.509105000000000000e+05
1.424937812500000000e+05
2.671479500000000000e+06
7.200489472000000000e+10
8.766931968000000000e+09
5.207676928000000000e+09
8.516701440000000000e+08
5.406573000000000000e+06
8.844758000000000000e+06
7.200489472000000000e+10
7.200489472000000000e+10
6.529380000000000000e+07
1.048834125000000000e+06
4.384757760000000000e+08
7.093840640000000000e+08
2.157438720000000000e+09
1.228061625000000000e+06
2.582623000000000000e+06
6.177197500000000000e+05
4.306950625000000000e+05
2.792059520000000000e+08
5.816225625000000000e+05
6.274845000000000000e+05
1.623310781250000000e+05
2.903550312500000000e+05
1.612098252800000000e+10
1.472560742187500000e+04
5.990190720000000000e+08
2.503468554687500000e+04
1.891851125000000000e+06
3.261048828125000000e+03
1.540462812500000000e+05
9.814711040000000000e+08
6.105625976562500000e+03
2.539056152343750000e+03
3.910237890625000000e+04
9.044437500000000000e+05
8.387563500000000000e+06
1.200299765625000000e+05
3.356112976074218750e+02
6.499169921875000000e+02
2.006228320312500000e+04
1.990048095703125000e+03
4.100913281250000000e+04
9.122775390625000000e+03
4.303381729125976562e+01
1.728122406005859375e+02
2.314726000000000000e+06
9.906250976562500000e+03
4.261424804687500000e+03
1.692402343750000000e+04
1.506707812500000000e+04
5.697216015625000000e+04
7.193359375000000000e+02
5.595571777343750000e+03
6.964730834960937500e+01
2.069430999755859375e+02
1.218799591064453125e+01
3.793268224000000000e+09
7.200489472000000000e+10
1.984702400000000000e+08
8.387563500000000000e+06
9.456188125000000000e+05
7.308446093750000000e+04
4.075742720000000000e+09
1.199228400000000000e+07
1.075879040000000000e+09
5.032963671875000000e+04
1.839200000000000000e+07
1.123728080000000000e+08
7.254386688000000000e+09
5.191229200000000000e+07
7.015574375000000000e+05
5.168831787109375000e+02
1.268754296875000000e+05
5.417128960000000000e+08
1.583821875000000000e+05
9.639265625000000000e+05
4.519518066406250000e+03
3.565297812500000000e+05
2.565794400000000000e+07
7.200489472000000000e+10
1.064160750000000000e+06
9.906250976562500000e+03
1.621339416503906250e+02
3.580604492187500000e+03
5.465406000000000000e+07
8.034407958984375000e+02
4.915328000000000000e+06
4.974288940429687500e+00
3.304966552734375000e+03
7.200489472000000000e+10
7.200489472000000000e+10
1.412628125000000000e+06
2.003487520000000000e+08
2.269916875000000000e+05
1.461783496093750000e+04
7.200489472000000000e+10
4.638731500000000000e+06
9.787930000000000000e+06
1.385137500000000000e+04
7.557532000000000000e+07
1.591371360000000000e+08
6.461810156250000000e+04
6.070863600000000000e+07
3.432344531250000000e+04
2.709845937500000000e+05
3.056391601562500000e+04
6.955503906250000000e+04
7.850424800000000000e+07
1.503143750000000000e+04
6.486859130859375000e+02
6.912526367187500000e+03
2.745590820312500000e+04
9.920054687500000000e+03
2.806070000000000000e+05
5.212766113281250000e+02
1.490719726562500000e+03
2.722002410888671875e+01
1.138524322509765625e+02
2.642542123794555664e+00
7.200489472000000000e+10
3.059621478400000000e+10
7.200489472000000000e+10
1.251321344000000000e+09
1.187512192000000000e+09
1.379356960000000000e+08
7.200489472000000000e+10
7.200489472000000000e+10
3.939624550400000000e+10
1.398793600000000000e+09
7.200489472000000000e+10
2.636483125000000000e+05
1.169883178710937500e+03
2.662401428222656250e+02
2.026004531250000000e+05
3.663246459960937500e+02
3.087394714355468750e+02
3.141363906860351562e+01
7.171166992187500000e+01
7.547159200000000000e+07
2.921343261718750000e+03
1.230074600000000000e+07
3.352691406250000000e+03
4.233981445312500000e+03
1.489229370117187500e+03
8.523195312500000000e+03
7.550626250000000000e+05
1.607138214111328125e+02
6.357578735351562500e+02
1.112493286132812500e+03
7.200489472000000000e+10
7.200489472000000000e+10
8.723283000000000000e+06
6.141889280000000000e+08
1.066261093750000000e+05
9.183952026367187500e+02
7.200489472000000000e+10
9.681895200000000000e+07
4.307687600000000000e+07
1.968949218750000000e+03
3.901736960000000000e+08
5.481820800000000000e+08
9.817471000000000000e+06
7.706390625000000000e+04
8.382216875000000000e+05
1.437114125000000000e+06
4.345717440000000000e+08
5.365737792968750000e+03
2.233026500000000000e+06
1.192357120000000000e+08
3.059621478400000000e+10
7.523325500000000000e+06
5.078751562500000000e+05
1.729174232482910156e+01
6.264957031250000000e+04
2.208466176000000000e+09
2.849520898437500000e+04
2.415675000000000000e+06
2.432799377441406250e+02
2.376265781250000000e+05
7.728818400000000000e+07
8.128945152000000000e+09
1.228061625000000000e+06
3.012576875000000000e+05
6.927309375000000000e+04
3.096239375000000000e+05
2.999221120000000000e+08
5.747674609375000000e+04
7.621808750000000000e+05
7.092257812500000000e+04
2.181681562500000000e+05
1.451200320000000000e+08
6.179075600000000000e+07
4.623564000000000000e+07
1.133842812500000000e+05
4.251088619232177734e+00
5.562095214843750000e+03
3.627141440000000000e+08
1.385612812500000000e+05
1.038373281250000000e+05
1.520263366699218750e+02
1.623337187500000000e+05
7.200489472000000000e+10
8.860365824000000000e+09
4.269490240000000000e+08
4.671380160000000000e+08
1.827053500000000000e+06
8.977919000000000000e+06
7.200489472000000000e+10
1.279737984000000000e+09
3.932066800000000000e+07
5.324344375000000000e+05
1.001011600000000000e+08
9.640304375000000000e+05
1.276543750000000000e+05
1.312027893066406250e+02
1.255950469970703125e+02
4.158816406250000000e+03
2.958041763305664062e+01
4.251384353637695312e+01
4.527347087860107422e+00
6.527514375000000000e+05
3.300626562500000000e+05
5.428788671875000000e+04
4.038542187500000000e+04
8.128299804687500000e+03
4.338183593750000000e+03
6.374827148437500000e+03
1.836571807861328125e+02
7.200489472000000000e+10
7.200489472000000000e+10
4.881296000000000000e+07
6.019235840000000000e+08
5.458586875000000000e+05
2.132582519531250000e+03
7.200489472000000000e+10
2.738167040000000000e+09
7.022664320000000000e+08
2.264735351562500000e+04
9.763687424000000000e+09
7.070649856000000000e+09
3.729255750000000000e+06
4.833886250000000000e+05
1.553070373535156250e+02
1.643163875000000000e+06
1.713108750000000000e+06
1.717329406738281250e+02
3.403623046875000000e+04
1.349854800000000000e+07
1.868371750000000000e+06
1.928825875000000000e+06
2.440997656250000000e+05
2.274066406250000000e+05
4.717331562500000000e+05
1.185278750000000000e+05
2.125715039062500000e+04
8.565594624000000000e+09
3.494542336000000000e+09
8.678271250000000000e+05
1.248593375000000000e+06
3.501203437500000000e+05
1.803878710937500000e+04
2.418042368000000000e+09
5.243407500000000000e+05
8.478883593750000000e+04
3.712280468750000000e+04
5.591131250000000000e+05
7.200489472000000000e+10
2.732424396800000000e+10
1.875300659179687500e+03
3.716510250000000000e+06
3.437608718872070312e+00
2.704266166687011719e+01
7.200489472000000000e+10
4.038727722167968750e+02
1.118881933593750000e+04
6.181915283203125000e+00
5.357917968750000000e+03
9.655657600000000000e+08
1.142709472656250000e+04
8.751203125000000000e+03
2.201103057861328125e+02
4.228456542968750000e+03
2.911286250000000000e+05
5.953598499298095703e+00
2.881857633590698242e+00
8.347953125000000000e+05
8.387563500000000000e+06
1.354663200000000000e+08
3.706615295410156250e+02
3.185957519531250000e+03
5.864264000000000000e+06
6.162860351562500000e+03
8.347953125000000000e+05
8.387563500000000000e+06
3.706615295410156250e+02
6.162860351562500000e+03
1.307253555200000000e+10
2.023012400000000000e+07
2.307292250000000000e+06
1.689158020019531250e+02
1.482737500000000000e+07
2.919652099609375000e+03
1.267384948730468750e+02
7.810179199218750000e+03
4.076189200000000000e+07
2.569016400000000000e+07
7.040528640000000000e+08
1.920968281250000000e+05
1.257465000000000000e+06
2.481112812500000000e+05
7.961775625000000000e+05
6.229878800000000000e+07
1.349935625000000000e+06
5.957638671875000000e+04
9.560905000000000000e+05
6.911531500000000000e+06
1.028175062500000000e+06
4.106035156250000000e+02
4.020982250000000000e+06
1.060141113281250000e+03
2.376571083068847656e+01
4.188431250000000000e+06
2.753401794433593750e+02
6.236260223388671875e+01
1.327631835937500000e+02
4.426172180175781250e+02
4.137014000000000000e+06
1.781696406250000000e+05
2.824032750000000000e+06
2.194248750000000000e+06
2.244076875000000000e+05
3.040121875000000000e+05
2.420365429687500000e+04
5.360755371093750000e+03
7.200489472000000000e+10
5.682247680000000000e+08
2.718313600000000000e+08
6.599561600000000000e+08
1.688253600000000000e+07
3.194174375000000000e+05
7.200489472000000000e+10
2.423510425600000000e+10
2.297216500000000000e+06
6.797063125000000000e+05
2.127702400000000000e+07
2.897133977600000000e+10
3.493783961600000000e+10
1.567761562500000000e+05
8.387563500000000000e+06
1.108184326171875000e+03
1.218233566284179688e+02
1.074569113600000000e+10
2.549036914062500000e+04
5.527985000000000000e+05
5.507154846191406250e+01
9.535768750000000000e+04
7.200489472000000000e+10
7.200489472000000000e+10
4.044654000000000000e+06
1.130232560000000000e+08
3.607184082031250000e+03
6.408799438476562500e+02
7.200489472000000000e+10
1.004588312500000000e+06
8.020360800000000000e+07
1.464401489257812500e+03
8.760103200000000000e+07
9.448426250000000000e+05
4.418718125000000000e+05
1.364636718750000000e+05
6.180320500000000000e+06
4.937310546875000000e+04
2.101176953125000000e+04
1.254501484375000000e+05
2.451191601562500000e+04
8.380175500000000000e+06
5.925929199218750000e+03
1.520187792968750000e+04
8.923291250000000000e+05
2.716693847656250000e+03
3.438031640625000000e+04
5.455234375000000000e+03
6.488067626953125000e+02
5.615145200000000000e+07
5.656580500000000000e+06
1.268657500000000000e+05
1.246432720000000000e+08
6.139457812500000000e+04
2.408425781250000000e+03
2.623060400000000000e+07
1.114372753906250000e+04
4.966765747070312500e+02
2.871527187500000000e+05
3.333433984375000000e+04
1.812764000000000000e+08
1.052322240000000000e+09
1.848037200000000000e+07
1.556315000000000000e+05
2.694950976562500000e+04
7.638543500000000000e+06
2.181037440000000000e+08
2.329357200000000000e+07
2.120616400000000000e+07
2.908447460937500000e+04
2.851909200000000000e+07
8.860974080000000000e+09
8.128945152000000000e+09
6.982035000000000000e+05
4.070235250000000000e+06
5.731057500000000000e+05
1.929141562500000000e+05
3.072163072000000000e+09
8.737613281250000000e+04
5.077322500000000000e+05
9.314612500000000000e+04
9.522172656250000000e+04
2.980193792000000000e+09
4.014237952000000000e+09
2.450550000000000000e+06
2.843319500000000000e+06
5.959357500000000000e+05
2.567470781250000000e+05
7.806871680000000000e+08
9.939228125000000000e+05
4.158735937500000000e+05
1.070275156250000000e+05
1.807022343750000000e+05
1.061915781250000000e+05
2.116187695312500000e+04
9.713385625000000000e+05
2.699495239257812500e+02
1.764654785156250000e+03
5.560568332672119141e+00
4.975977325439453125e+01
6.710922718048095703e-01
3.059621478400000000e+10
7.200489472000000000e+10
2.762975360000000000e+08
8.628202000000000000e+06
2.205668500000000000e+06
6.590843750000000000e+04
1.335357747200000000e+10
3.378196800000000000e+07
3.344986240000000000e+08
2.684423242187500000e+04
3.766219250000000000e+06
1.095572875000000000e+06
1.379221093750000000e+05
6.586582812500000000e+04
5.778596875000000000e+04
6.778703125000000000e+03
4.083173583984375000e+03
6.715311279296875000e+02
4.813430786132812500e+02
1.029745125000000000e+06
2.855351562500000000e+02
8.048539375000000000e+05
3.246956054687500000e+03
9.125276947021484375e+01
7.716495312500000000e+04
2.532605224609375000e+03
1.004349670410156250e+03
8.085469600000000000e+07
1.498741000000000000e+06
3.278972800000000000e+07
7.092673828125000000e+03
1.165184814453125000e+03
1.142079223632812500e+03
3.425536562500000000e+05
2.859866601562500000e+04
2.080506445312500000e+04
1.294821929931640625e+02
3.243664550781250000e+03
1.192050816000000000e+09
3.741235500000000000e+06
1.102943515625000000e+05
1.049647235870361328e+01
2.132226093750000000e+05
9.718292968750000000e+04
1.285734558105468750e+01
2.390490722656250000e+03
6.255097200000000000e+07
1.238402432000000000e+09
1.596253125000000000e+05
5.701064375000000000e+05
7.991039375000000000e+05
7.381599375000000000e+05
3.313180800000000000e+08
4.233814062500000000e+04
2.228155625000000000e+05
1.593042812500000000e+05
1.205571250000000000e+05
7.105797760000000000e+08
5.926901855468750000e+03
1.283839680000000000e+08
5.390765380859375000e+02
6.376776953125000000e+04
3.486220703125000000e+03
9.193716430664062500e+01
1.847267000000000000e+06
1.577373168945312500e+03
1.458629798889160156e+01
2.408648872375488281e+01
7.125619375000000000e+05
1.267901562500000000e+05
3.249170000000000000e+05
5.057690429687500000e+03
2.784401757812500000e+04
2.760452148437500000e+03
7.645607757568359375e+01
7.535859680175781250e+01
1.802828390400000000e+10
7.200489472000000000e+10
1.829835136000000000e+09
4.007012800000000000e+07
3.082179250000000000e+06
4.861323437500000000e+05
2.005879193600000000e+10
1.163723600000000000e+08
9.409582080000000000e+09
2.295012031250000000e+05
1.526200320000000000e+08
4.159726171875000000e+04
9.250346679687500000e+02
1.627752031250000000e+05
1.112080478668212891e+01
2.862063903808593750e+02
0.000000000000000000e+00
2.819671392440795898e+00
0.000000000000000000e+00
3.339039040000000000e+08
1.408390625000000000e+06
5.407439000000000000e+06
1.116776700000000000e+07
8.387563500000000000e+06
2.595523906250000000e+05
3.778274375000000000e+05
8.460359375000000000e+05
7.416817871093750000e+03
2.011254375000000000e+05
5.104499511718750000e+03
5.122444458007812500e+02
2.918880615234375000e+03
4.970713281250000000e+04
1.444323425292968750e+02
1.173505096435546875e+02
0.000000000000000000e+00
1.745556449890136719e+01
0.000000000000000000e+00
5.223040312500000000e+05
8.213794500000000000e+06
9.983454000000000000e+06
4.732167480468750000e+03
1.884088134765625000e+03
2.849808437500000000e+05
1.044296386718750000e+04
3.424301562500000000e+04
2.073298437500000000e+05
1.023082641601562500e+03
1.011627563476562500e+03
1.384772096000000000e+09
5.287668125000000000e+05
1.386429531250000000e+05
7.097403808593750000e+03
2.740596875000000000e+05
7.468260500000000000e+06
2.887608337402343750e+02
2.234005371093750000e+03
6.023178240000000000e+09
2.728792750000000000e+06
1.443296400000000000e+07
1.128629200000000000e+07
1.550224625000000000e+06
3.379797120000000000e+08
1.157748375000000000e+06
3.496967187500000000e+04
4.857688960000000000e+08
7.746045000000000000e+05
4.319293500000000000e+06
2.566402539062500000e+04
9.780410003662109375e+01
1.911819335937500000e+04
5.417962890625000000e+04
1.041351928710937500e+03
2.958255386352539062e+01
4.867889785766601562e+01
4.810427500000000000e+05
2.177030273437500000e+04
9.350671386718750000e+02
5.515595500000000000e+06
1.755656445312500000e+04
1.921559692382812500e+03
9.077949829101562500e+02
1.886599609375000000e+03
4.464183680000000000e+08
6.846598750000000000e+05
3.036032226562500000e+04
4.860891342163085938e+00
5.684564453125000000e+04
1.059375195312500000e+04
1.165744972229003906e+01
6.083881378173828125e+01
7.200489472000000000e+10
7.200489472000000000e+10
4.308842496000000000e+09
8.128149120000000000e+08
3.304627200000000000e+07
3.045757812500000000e+05
7.200489472000000000e+10
7.200489472000000000e+10
1.499122483200000000e+10
1.953817625000000000e+06
7.200489472000000000e+10
3.633083904000000000e+09
7.200489472000000000e+10
8.847491000000000000e+06
8.854514000000000000e+06
1.162342109375000000e+05
1.571513476562500000e+04
4.226267648000000000e+09
7.050950781250000000e+04
1.223075520000000000e+08
8.853129882812500000e+03
6.939761875000000000e+05
1.081910000000000000e+06
1.698287968750000000e+05
1.771504875000000000e+06
5.695231323242187500e+02
1.717751562500000000e+05
2.329277496337890625e+02
4.460906372070312500e+02
9.562712097167968750e+01
5.873195200000000000e+07
8.387563500000000000e+06
1.563306406250000000e+05
1.500724414062500000e+04
9.164943359375000000e+03
8.421853515625000000e+03
2.202206250000000000e+04
6.688930468750000000e+04
3.362534179687500000e+03
3.445349121093750000e+02
5.994371337890625000e+02
1.817524480000000000e+08
8.886646093750000000e+04
1.367255520000000000e+08
1.370234667968750000e+04
6.488723125000000000e+05
2.549552343750000000e+04
3.469283203125000000e+04
9.082765600000000000e+07
1.947404492187500000e+04
7.951963500976562500e+02
1.122133984375000000e+04
5.708278125000000000e+05
1.576766113281250000e+03
5.427751541137695312e+01
2.006717895507812500e+03
5.066201477050781250e+02
2.311435127258300781e+01
8.750929832458496094e+00
2.340667486190795898e+00
1.582636160000000000e+09
3.362335232000000000e+09
7.537503750000000000e+05
2.472980000000000000e+06
1.125104875000000000e+06
1.169370750000000000e+06
8.923485440000000000e+08
1.778520156250000000e+05
6.978314375000000000e+05
4.946145312500000000e+05
5.006893125000000000e+05
3.578191104000000000e+09
1.228061625000000000e+06
1.681495375000000000e+06
2.027897250000000000e+06
1.477735875000000000e+06
5.465022720000000000e+08
6.622157031250000000e+04
1.080983515625000000e+05
2.936422400000000000e+07
8.199250944000000000e+09
7.200489472000000000e+10
3.760525000000000000e+04
1.245475952148437500e+03
1.354663200000000000e+08
3.342140000000000000e+07
2.936422400000000000e+07
8.199250944000000000e+09
3.760525000000000000e+04
3.342140000000000000e+07
1.343396608000000000e+09
1.696043125000000000e+06
1.230783906250000000e+05
1.278021362304687500e+03
4.756792187500000000e+05
3.598308437500000000e+05
1.073454971313476562e+02
2.854051953125000000e+04
2.424840704000000000e+09
3.981939062500000000e+04
2.217685156250000000e+05
1.830785156250000000e+03
3.981939062500000000e+04
1.117795937500000000e+05
2.068526840209960938e+01
1.057475376129150391e+01
7.200489472000000000e+10
2.186896384000000000e+10
2.063725375000000000e+06
4.717810176000000000e+09
2.907108007812500000e+04
1.693065820312500000e+04
7.200489472000000000e+10
1.919108800000000000e+07
1.701872656250000000e+05
1.157109472656250000e+04
2.472334000000000000e+06
4.009731250000000000e+04
3.063227294921875000e+03
1.630789062500000000e+03
5.727631250000000000e+04
8.811801147460937500e+02
2.666600952148437500e+02
8.474296569824218750e+01
9.235881805419921875e+01
1.531155865600000000e+10
2.501555750000000000e+06
4.490879000000000000e+06
1.797719600000000000e+07
2.501555750000000000e+06
7.612369920000000000e+09
5.071258203125000000e+04
1.927545312500000000e+05
1.049510080000000000e+09
3.674830250000000000e+06
7.332646875000000000e+05
4.582183593750000000e+03
1.079060750000000000e+06
3.707835937500000000e+05
8.626342773437500000e+02
2.014720507812500000e+04
4.526094080000000000e+08
5.677614080000000000e+09
2.728792750000000000e+06
1.295540400000000000e+07
3.924469750000000000e+06
1.352172375000000000e+06
1.021440896000000000e+09
2.609514687500000000e+05
1.564179500000000000e+06
2.170456250000000000e+06
5.082491875000000000e+05
2.667762500000000000e+06
5.077108984375000000e+04
2.284098400000000000e+07
9.132079315185546875e+01
9.130618286132812500e+02
2.941088281250000000e+04
1.021413330078125000e+03
9.133152343750000000e+04
1.504870239257812500e+03
1.719910621643066406e+01
1.520921630859375000e+02
5.892247200000000000e+07
7.200489472000000000e+10
7.200489472000000000e+10
4.163441406250000000e+04
1.831427125000000000e+06
5.864264000000000000e+06
1.445856960000000000e+08
5.892247200000000000e+07
7.200489472000000000e+10
4.163441406250000000e+04
1.445856960000000000e+08
2.274999520000000000e+08
6.473869140625000000e+04
3.826795000000000000e+06
9.026642968750000000e+04
9.466488000000000000e+06
2.185964843750000000e+03
9.704437500000000000e+04
6.982667500000000000e+05
2.237829895019531250e+02
2.029906860351562500e+03
4.002371520996093750e+02
4.490897500000000000e+05
6.149070358276367188e+01
1.506399780273437500e+03
1.996792724609375000e+03
4.499260711669921875e+01
2.419885742187500000e+03
1.023906517028808594e+01
4.172196197509765625e+01
6.441078400000000000e+08
3.890623046875000000e+04
1.156476400000000000e+07
5.457068359375000000e+04
8.387563500000000000e+06
4.011312011718750000e+03
1.191304394531250000e+04
1.421824000000000000e+06
1.405317871093750000e+03
2.117209960937500000e+03
1.207909545898437500e+03
4.093467250000000000e+06
6.179075600000000000e+07
9.186792000000000000e+06
2.495868359375000000e+04
1.951129341125488281e+01
9.877617187500000000e+02
2.620328250000000000e+06
1.104635253906250000e+04
8.849000976562500000e+03
2.672845458984375000e+02
4.182811035156250000e+03
1.033338880000000000e+08
2.040415156250000000e+05
5.990190720000000000e+08
2.326007232666015625e+02
6.670533203125000000e+03
1.884724731445312500e+03
4.335181640625000000e+04
3.536271500000000000e+06
1.213532617187500000e+04
3.258777236938476562e+01
6.374359375000000000e+03
9.361123328000000000e+09
8.500136448000000000e+09
2.777827812500000000e+05
3.106095500000000000e+06
3.437219062500000000e+05
8.058539550781250000e+03
8.022708736000000000e+09
2.920621562500000000e+05
8.850993164062500000e+03
3.305827343750000000e+04
3.055346562500000000e+05
7.624218400000000000e+07
2.023012400000000000e+07
1.808218750000000000e+03
6.995243072509765625e+01
3.033606640625000000e+04
2.630559960937500000e+04
1.180699348449707031e+01
9.186242065429687500e+02
7.200489472000000000e+10
2.773012992000000000e+09
7.200489472000000000e+10
1.875626400000000000e+08
1.493163264000000000e+09
3.304210800000000000e+07
1.463822745600000000e+10
7.200489472000000000e+10
2.773012992000000000e+09
1.875626400000000000e+08
1.463822745600000000e+10
8.107104000000000000e+07
7.200489472000000000e+10
9.449404000000000000e+06
2.331958398437500000e+04
2.361335205078125000e+03
1.562264648437500000e+04
6.332029600000000000e+07
1.550712500000000000e+04
1.243637760000000000e+08
5.002574920654296875e+01
1.302726250000000000e+05
8.565594624000000000e+09
3.494542336000000000e+09
7.944898750000000000e+05
1.248593375000000000e+06
7.381599375000000000e+05
6.514876562500000000e+04
2.418042368000000000e+09
7.594926250000000000e+05
2.341639375000000000e+05
8.033537500000000000e+04
9.831042500000000000e+05
7.200489472000000000e+10
7.200489472000000000e+10
7.200489472000000000e+10
5.481807600000000000e+07
3.717372800000000000e+08
6.409538000000000000e+06
7.200489472000000000e+10
7.200489472000000000e+10
7.200489472000000000e+10
5.481807600000000000e+07
7.200489472000000000e+10
5.862126350402832031e-01
5.413371484375000000e+04
2.094654798507690430e+00
1.831464767456054688e-01
0.000000000000000000e+00
0.000000000000000000e+00
0.000000000000000000e+00
0.000000000000000000e+00
2.880350000000000000e+05
9.043563842773437500e+02
1.491009044647216797e+01
2.277485107421875000e+03
6.235731811523437500e+02
2.292368698120117188e+01
2.975846862792968750e+01
1.007586288452148438e+01
4.660185546875000000e+02
2.921133300781250000e+03
2.260764648437500000e+04
3.649814208984375000e+03
9.526366424560546875e+01
0.000000000000000000e+00
4.014385375976562500e+02
5.108647346496582031e-01
7.200489472000000000e+10
2.732424396800000000e+10
3.267211750000000000e+06
5.990190720000000000e+08
2.877190312500000000e+05
2.009661987304687500e+03
7.200489472000000000e+10
1.271809360000000000e+08
1.799730000000000000e+07
1.515582714843750000e+04
3.570294720000000000e+08
7.200489472000000000e+10
3.304239616000000000e+09
8.360572500000000000e+05
2.581927360000000000e+08
7.229577636718750000e+02
1.466934179687500000e+04
7.200489472000000000e+10
5.198057000000000000e+06
2.252038671875000000e+04
7.913416290283203125e+01
2.769337890625000000e+04
2.902547812500000000e+05
6.329854687500000000e+04
2.015034875000000000e+06
6.852088378906250000e+03
6.455080078125000000e+03
1.080754516601562500e+03
1.267179882812500000e+04
1.480380249023437500e+02
1.612098252800000000e+10
2.009815406799316406e+01
5.990190720000000000e+08
7.560100555419921875e+00
1.891851125000000000e+06
7.411347389221191406e+00
3.758979415893554688e+01
9.814711040000000000e+08
1.336687374114990234e+01
2.827792644500732422e+00
1.977608299255371094e+01
5.210290176000000000e+09
2.728792750000000000e+06
3.189899000000000000e+06
3.542708250000000000e+06
1.770690750000000000e+06
1.105212288000000000e+09
4.508689687500000000e+05
2.670814648437500000e+04
3.418495680000000000e+08
8.251784800000000000e+07
2.618092500000000000e+06
1.285452000000000000e+06
1.020604858398437500e+03
4.855556335449218750e+02
4.270491840000000000e+08
8.124189062500000000e+04
3.509464599609375000e+03
2.930603515625000000e+03
2.707695703125000000e+04
1.883578240000000000e+08
2.811128217600000000e+10
7.200489472000000000e+10
3.840618500000000000e+06
1.969853906250000000e+04
1.335825120000000000e+08
2.338204160000000000e+09
1.962403040000000000e+08
3.129867264000000000e+10
3.936911500000000000e+06
2.464643072000000000e+09
7.200489472000000000e+10
7.200489472000000000e+10
1.455966848000000000e+09
5.990190720000000000e+08
2.654932400000000000e+07
2.466080781250000000e+05
7.200489472000000000e+10
7.200489472000000000e+10
2.203740672000000000e+09
1.258058750000000000e+06
6.597176934400000000e+10
7.200489472000000000e+10
3.771501708984375000e+03
7.190181875000000000e+05
4.795821838378906250e+02
3.827965820312500000e+03
6.219723224639892578e+00
9.003666992187500000e+03
1.796943000000000000e+06
7.046832275390625000e+02
1.508866119384765625e+01
1.139678100585937500e+03
4.498500000000000000e+04
1.030176640625000000e+05
3.087104492187500000e+04
2.173838800000000000e+07
1.043803937500000000e+06
5.631621000000000000e+06
4.146085937500000000e+04
1.680084960937500000e+04
2.809818945312500000e+04
1.001418312500000000e+06
1.559567089843750000e+04
6.641380400000000000e+07
3.059621478400000000e+10
4.581537500000000000e+06
3.430794250000000000e+06
0.000000000000000000e+00
1.844437500000000000e+04
2.705853440000000000e+09
5.159926757812500000e+02
5.059998437500000000e+05
3.185523986816406250e+01
1.821624511718750000e+03
2.626227200000000000e+09
7.200489472000000000e+10
7.200489472000000000e+10
7.049295000000000000e+06
1.137792160000000000e+08
5.907238000000000000e+06
3.568771328000000000e+09
2.626227200000000000e+09
7.200489472000000000e+10
7.049295000000000000e+06
3.568771328000000000e+09
6.956944000000000000e+06
1.106060900000000000e+07
5.066066284179687500e+02
2.461513916015625000e+03
4.626449890136718750e+02
4.284487304687500000e+02
7.277121093750000000e+04
3.327669372558593750e+02
8.462075805664062500e+01
1.999630737304687500e+01
1.578042221069335938e+01
7.200489472000000000e+10
1.950358007812500000e+04
7.200489472000000000e+10
7.342443847656250000e+02
1.297537664000000000e+09
6.070020141601562500e+02
1.552378710937500000e+04
7.200489472000000000e+10
1.950778515625000000e+04
7.344744262695312500e+02
1.552864550781250000e+04
7.200489472000000000e+10
3.525883904000000000e+10
1.273970160000000000e+08
6.038899840000000000e+08
1.198318400000000000e+07
6.612507812500000000e+04
7.200489472000000000e+10
2.399581952000000000e+09
6.435438400000000000e+07
6.221123750000000000e+05
4.231389440000000000e+09
2.946414400000000000e+07
2.260579296875000000e+04
3.855481250000000000e+05
2.514135156250000000e+05
6.837593750000000000e+05
4.050756750000000000e+06
5.976520703125000000e+04
1.882176400000000000e+07
1.007291601562500000e+04
2.186880781250000000e+05
5.832962890625000000e+04
1.348349023437500000e+04
9.389292144775390625e+01
1.842834014892578125e+02
4.863670000000000000e+05
7.124493408203125000e+01
1.751220855712890625e+02
2.100531005859375000e+01
4.976803207397460938e+01
1.734106931200000000e+10
1.732817715200000000e+10
2.891940917968750000e+03
2.718597500000000000e+06
5.747013183593750000e+03
1.565082763671875000e+03
1.333341900800000000e+10
9.461860961914062500e+02
2.804150146484375000e+03
4.766314697265625000e+02
1.929182128906250000e+03
7.924308480000000000e+08
3.028844480000000000e+08
5.288942187500000000e+04
2.877124000000000000e+06
2.125662187500000000e+05
2.631822070312500000e+04
5.750478720000000000e+08
5.322769140625000000e+04
2.239169335937500000e+04
5.937417187500000000e+04
9.898957812500000000e+04
7.200489472000000000e+10
7.200489472000000000e+10
4.548714400000000000e+07
6.575900000000000000e+05
1.005823730468750000e+04
1.878669921875000000e+04
7.200489472000000000e+10
3.562796400000000000e+07
7.028087200000000000e+07
1.011354446411132812e+02
8.316377600000000000e+07
2.761259264000000000e+09
1.705885920000000000e+08
1.913819600000000000e+07
4.255859375000000000e+05
5.695788574218750000e+01
7.351221923828125000e+02
1.861837184000000000e+09
1.851415781250000000e+05
9.386397460937500000e+03
1.996268920898437500e+02
6.129178906250000000e+04
1.800493280000000000e+08
8.935713920000000000e+08
1.244503100000000000e+07
1.701898593750000000e+05
3.600623046875000000e+04
8.872350000000000000e+06
1.800493280000000000e+08
2.112558400000000000e+07
1.244503100000000000e+07
3.600623046875000000e+04
2.112558400000000000e+07
3.845892812500000000e+05
8.968243750000000000e+05
1.346535875000000000e+06
2.465493554687500000e+04
1.740310468750000000e+05
4.762984375000000000e+03
8.436774414062500000e+03
1.928502807617187500e+03
4.868114560000000000e+08
8.128945152000000000e+09
9.975444335937500000e+03
8.556349375000000000e+05
7.652314453125000000e+02
3.355078125000000000e+03
4.376144000000000000e+08
1.802716674804687500e+02
7.239665039062500000e+03
1.817744445800781250e+02
2.167662963867187500e+02
7.200489472000000000e+10
7.200489472000000000e+10
4.674907600000000000e+07
6.030922880000000000e+08
5.147756250000000000e+05
2.754751220703125000e+03
7.200489472000000000e+10
2.536485120000000000e+09
7.588417280000000000e+08
2.334866796875000000e+04
9.641712640000000000e+09
1.333263250000000000e+06
1.230256953125000000e+05
2.012069531250000000e+05
1.630453491210937500e+02
5.515407031250000000e+04
1.125824902343750000e+04
7.904800415039062500e+01
9.314528808593750000e+02
5.536095500000000000e+06
7.144183593750000000e+04
1.426001125000000000e+06
4.193132934570312500e+02
7.144183593750000000e+04
2.479031066894531250e+02
5.523236083984375000e+01
1.544357872009277344e+01
9.471377500000000000e+05
1.268194099200000000e+10
5.997004160000000000e+08
4.687501171875000000e+04
2.126003125000000000e+04
6.362218000000000000e+06
9.417785625000000000e+05
9.562181875000000000e+05
1.114819968000000000e+09
1.794913476562500000e+04
1.163197875000000000e+06
7.200489472000000000e+10
2.732424396800000000e+10
2.234627686400000000e+10
8.866497280000000000e+08
7.865495040000000000e+09
5.949261000000000000e+06
7.200489472000000000e+10
7.200489472000000000e+10
2.909566156800000000e+10
9.324053760000000000e+08
7.200489472000000000e+10
3.061039687500000000e+05
6.197519000000000000e+06
8.732981120000000000e+08
5.483174896240234375e+01
1.073236923217773438e+02
6.440823828125000000e+04
5.363337890625000000e+03
5.833741796875000000e+04
2.135981250000000000e+06
6.880806922912597656e+00
1.793635131835937500e+03
1.156774023437500000e+04
5.682645703125000000e+04
7.769818847656250000e+03
9.182409375000000000e+04
4.756510253906250000e+03
2.639388750000000000e+05
1.121625122070312500e+03
1.227521118164062500e+03
1.842777465820312500e+03
2.165801513671875000e+03
1.281150512695312500e+02
1.385583232000000000e+09
1.242253250000000000e+06
8.562589843750000000e+04
7.851462500000000000e+05
3.105646562500000000e+05
3.772752320000000000e+08
7.055367431640625000e+02
7.486105468750000000e+03
1.531155865600000000e+10
8.101532160000000000e+09
2.728792750000000000e+06
6.830509000000000000e+06
1.389013700000000000e+07
7.288535625000000000e+05
8.101532160000000000e+09
2.728792750000000000e+06
1.546064000000000000e+06
7.288535625000000000e+05
1.546064000000000000e+06
3.881748736000000000e+09
3.674830250000000000e+06
4.526714500000000000e+06
2.151522460937500000e+04
2.063477250000000000e+06
1.743862500000000000e+06
7.427216796875000000e+03
8.889535937500000000e+04
1.058269500000000000e+06
1.283643984375000000e+05
2.800175625000000000e+05
1.369675170898437500e+03
5.785726562500000000e+04
3.709293823242187500e+02
9.314655303955078125e+01
4.218024063110351562e+01
1.255839355468750000e+03
1.703101196289062500e+02
1.014589904785156250e+03
2.371263183593750000e+03
1.166817382812500000e+04
5.571083984375000000e+04
3.766061401367187500e+02
1.047228637695312500e+03
3.494506835937500000e+02
1.782162780761718750e+02
4.118784790039062500e+02
8.661694335937500000e+03
4.033318996429443359e+00
2.972456640625000000e+04
4.138367462158203125e+01
5.603604316711425781e-01
3.112530517578125000e+01
1.424441576004028320e+00
0.000000000000000000e+00
1.657729600000000000e+07
4.880704687500000000e+04
5.990190720000000000e+08
7.671718597412109375e+01
1.444085449218750000e+03
1.911009521484375000e+03
1.672197875976562500e+03
1.553302625000000000e+06
3.711463378906250000e+03
7.769541168212890625e+01
1.861404174804687500e+03
2.942510284800000000e+10
2.473369250000000000e+06
1.440040500000000000e+06
3.679542541503906250e+01
7.295642500000000000e+05
2.823095937500000000e+05
5.429194927215576172e+00
2.265684318542480469e+01
1.033788320000000000e+08
3.529438000000000000e+07
9.394071875000000000e+04
3.502665039062500000e+03
3.203275500000000000e+06
7.807421000000000000e+06
8.366953125000000000e+03
1.333716000000000000e+06
1.157357177734375000e+03
1.897502197265625000e+03
8.518598437500000000e+04
2.639896728515625000e+03
2.409027481079101562e+01
1.723640441894531250e+01
8.515004272460937500e+02
0.000000000000000000e+00
2.937189257812500000e+04
2.139457343750000000e+05
9.170384375000000000e+04
5.530551433563232422e+00
1.628773046875000000e+04
2.229508876800537109e+00
4.514739513397216797e+00
6.766427755355834961e-01
7.200489472000000000e+10
5.682247680000000000e+08
2.952268288000000000e+09
2.580173200000000000e+07
1.669793000000000000e+06
1.911127375000000000e+06
3.107916185600000000e+10
1.174179430400000000e+10
1.003299100000000000e+07
9.362454687500000000e+04
2.522014800000000000e+07
6.714587648000000000e+09
1.671302880000000000e+08
6.854543125000000000e+05
3.728402187500000000e+05
1.320095468750000000e+05
2.387595947265625000e+03
2.967928320000000000e+08
1.670224375000000000e+05
5.572417968750000000e+04
7.206664062500000000e+03
1.440757500000000000e+05
1.076050880000000000e+08
7.200489472000000000e+10
7.200489472000000000e+10
6.376776953125000000e+04
3.063812750000000000e+06
5.864264000000000000e+06
2.392163840000000000e+08
1.076050880000000000e+08
7.200489472000000000e+10
6.376776953125000000e+04
2.392163840000000000e+08
4.603593728000000000e+09
5.196612812500000000e+05
5.990190720000000000e+08
1.166841328125000000e+05
2.267019600000000000e+07
2.004269409179687500e+03
1.411894000000000000e+06
9.978892000000000000e+07
2.150184960937500000e+04
5.151957519531250000e+03
2.690231054687500000e+04
7.200489472000000000e+10
1.806270259200000000e+10
2.952268288000000000e+09
4.717000192000000000e+09
2.654932400000000000e+07
4.405214500000000000e+06
7.200489472000000000e+10
7.200489472000000000e+10
1.378247200000000000e+08
4.083045500000000000e+06
1.842734592000000000e+09
2.916838144000000000e+09
1.813302400000000000e+07
5.990190720000000000e+08
1.984347250000000000e+06
8.387563500000000000e+06
6.101458984375000000e+04
3.312146250000000000e+06
1.627332300000000000e+07
9.286713750000000000e+05
2.299052734375000000e+04
6.409151562500000000e+04
8.241759500000000000e+06
2.578731600000000000e+07
1.156476400000000000e+07
9.163507080078125000e+02
6.870897460937500000e+03
9.396345000000000000e+05
2.774812500000000000e+05
4.967479062500000000e+05
1.313385500000000000e+06
7.841400146484375000e+02
5.069798750000000000e+05
2.388155500000000000e+06
8.387563500000000000e+06
9.027289062500000000e+04
4.656333984375000000e+03
3.858144378662109375e+01
1.979754760742187500e+03
2.638044140625000000e+04
9.267175903320312500e+02
1.737377807617187500e+03
2.141092300415039062e+01
8.935635375976562500e+01
8.727497070312500000e+03
4.941430282592773438e+01
9.096623046875000000e+03
2.721947265625000000e+03
1.331988372802734375e+02
1.347378063201904297e+01
6.151380920410156250e+01
6.563025712966918945e-01
7.200489472000000000e+10
7.200489472000000000e+10
7.245570400000000000e+07
5.990190720000000000e+08
7.619636250000000000e+05
2.926582031250000000e+03
7.200489472000000000e+10
3.408360448000000000e+09
9.511583360000000000e+08
3.647148828125000000e+04
1.062386278400000000e+10
3.598861568000000000e+09
7.200489472000000000e+10
2.597783840000000000e+08
8.387563500000000000e+06
1.922506875000000000e+06
5.832401562500000000e+04
4.206307584000000000e+09
1.067837300000000000e+07
9.017365760000000000e+08
2.186675000000000000e+04
2.876320000000000000e+06
5.668854400000000000e+07
8.128945152000000000e+09
1.228061625000000000e+06
5.026087187500000000e+05
1.412899316406250000e+04
3.096239375000000000e+05
1.174529920000000000e+08
3.853941015625000000e+04
7.621808750000000000e+05
2.758959375000000000e+04
4.652415234375000000e+04
6.181777920000000000e+08
3.671736750000000000e+06
3.771980625000000000e+05
1.371283935546875000e+03
4.780527187500000000e+05
4.506216015625000000e+04
3.817218627929687500e+02
9.650278320312500000e+03
7.200489472000000000e+10
7.200489472000000000e+10
5.099286000000000000e+07
6.887767040000000000e+08
5.492425625000000000e+05
2.221414062500000000e+03
7.200489472000000000e+10
2.634736640000000000e+09
7.294717440000000000e+08
2.562841210937500000e+04
8.640105472000000000e+09
8.128945152000000000e+09
1.279235200000000000e+09
2.264074500000000000e+06
6.971263750000000000e+05
3.712669375000000000e+05
8.639730468750000000e+03
2.571749888000000000e+09
1.202970375000000000e+06
7.893810156250000000e+04
1.894658984375000000e+04
1.330368625000000000e+06
2.444630250000000000e+06
2.167736093750000000e+05
1.815490560000000000e+08
1.877149505615234375e+02
2.259113281250000000e+03
1.896542773437500000e+04
2.005553125000000000e+04
4.643637812500000000e+05
1.345937500000000000e+04
1.952998809814453125e+02
6.693042480468750000e+03
2.725879808000000000e+09
2.545402734375000000e+04
3.620384375000000000e+04
2.171580810546875000e+03
4.494595214843750000e+03
5.792798750000000000e+05
3.237371826171875000e+01
3.597400188446044922e+00
1.657411406250000000e+05
4.165830230712890625e+01
1.266289550781250000e+04
7.121401855468750000e+03
2.853592300415039062e+01
1.021047306060791016e+01
9.878849983215332031e+00
0.000000000000000000e+00
2.669202750000000000e+06
1.330945156250000000e+05
1.231417890625000000e+05
2.995770703125000000e+04
2.515223828125000000e+04
2.346291796875000000e+04
8.517293090820312500e+02
4.824737243652343750e+02
7.200489472000000000e+10
2.832052428800000000e+10
7.200489472000000000e+10
2.916838144000000000e+09
9.293060096000000000e+09
1.467427520000000000e+08
7.200489472000000000e+10
7.200489472000000000e+10
3.447381196800000000e+10
3.353522688000000000e+09
7.200489472000000000e+10
7.200489472000000000e+10
7.200489472000000000e+10
7.200489472000000000e+10
1.156476400000000000e+07
1.147611392000000000e+09
5.864264000000000000e+06
7.200489472000000000e+10
7.200489472000000000e+10
7.200489472000000000e+10
1.156476400000000000e+07
7.200489472000000000e+10
4.548732000000000000e+07
3.037737280000000000e+08
5.300223388671875000e+02
2.416433250000000000e+06
3.255178833007812500e+01
3.223292160034179688e+01
5.731291200000000000e+07
5.397155761718750000e+01
1.158887710571289062e+02
1.661329841613769531e+01
7.308987426757812500e+01
5.099269440000000000e+08
2.728792750000000000e+06
3.265914687500000000e+05
9.289746093750000000e+03
3.844227500000000000e+05
1.745374750000000000e+06
8.068588867187500000e+02
2.328260345458984375e+02
9.747178240000000000e+08
1.778433600000000000e+07
8.204980468750000000e+04
3.833308105468750000e+03
2.034879375000000000e+06
8.692709375000000000e+05
1.368726562500000000e+03
1.219945156250000000e+05
8.799703000000000000e+06
5.385260009765625000e+01
2.147646562500000000e+05
1.147552185058593750e+02
3.869237136840820312e+01
1.287161230468750000e+04
2.451224327087402344e+01
2.484746932983398438e+01
7.200489472000000000e+10
8.284801024000000000e+09
3.294155200000000000e+07
2.754389504000000000e+09
1.542638750000000000e+05
7.664100781250000000e+04
7.200489472000000000e+10
4.408448000000000000e+08
6.447677500000000000e+05
4.112701953125000000e+04
2.071642400000000000e+07
2.198537600000000000e+08
8.775801000000000000e+06
8.844758000000000000e+06
9.961328750000000000e+05
1.411788750000000000e+05
2.307191718750000000e+05
6.587191500000000000e+06
1.540339200000000000e+07
1.574944062500000000e+05
3.013571484375000000e+04
7.615640625000000000e+04
1.520207488000000000e+09
4.014237952000000000e+09
1.356947558593750000e+04
4.129734062500000000e+05
5.282060546875000000e+03
2.242612792968750000e+03
3.973595520000000000e+08
3.018046142578125000e+03
4.502469726562500000e+03
2.907047424316406250e+02
1.404160400390625000e+03
7.698016406250000000e+04
9.335333593750000000e+04
2.016258906250000000e+05
1.533753593750000000e+05
2.955918945312500000e+04
3.305962890625000000e+04
9.646625976562500000e+03
1.128258496093750000e+04
8.687390400000000000e+07
3.742723328000000000e+09
6.497293125000000000e+05
3.643996562500000000e+05
1.505024414062500000e+04
9.127039062500000000e+04
1.531157120000000000e+08
3.002417773437500000e+04
2.275205000000000000e+05
1.418820898437500000e+04
4.771716406250000000e+04
4.506359360000000000e+08
1.147611392000000000e+09
1.418426300000000000e+07
8.456979375000000000e+05
9.696232031250000000e+04
5.941697000000000000e+06
4.506359360000000000e+08
1.831839375000000000e+06
1.418426300000000000e+07
9.696232031250000000e+04
1.831839375000000000e+06
7.200489472000000000e+10
7.200489472000000000e+10
9.053892000000000000e+06
1.236248700000000000e+07
3.064672460937500000e+04
1.928815234375000000e+04
7.200489472000000000e+10
3.281776000000000000e+07
1.658711040000000000e+08
5.364904785156250000e+02
1.134156240000000000e+08
1.157202187500000000e+05
2.364595507812500000e+04
1.905607910156250000e+03
1.898028320312500000e+04
4.086982421875000000e+02
4.138363265991210938e+01
1.231830810546875000e+03
1.633493423461914062e+01
7.121632000000000000e+08
8.741774375000000000e+05
3.701346093750000000e+04
7.007651250000000000e+05
1.685283660888671875e+01
1.252675859375000000e+05
2.898030517578125000e+03
1.369765377044677734e+01
1.051239967346191406e+00
2.820777893066406250e-01
2.025432473600000000e+10
3.793268224000000000e+09
4.522415600000000000e+07
4.887335680000000000e+08
2.141314208984375000e+03
8.923180468750000000e+04
1.057429401600000000e+10
2.379283000000000000e+06
2.984013250000000000e+06
4.419132031250000000e+04
2.872507000000000000e+06
5.941385000000000000e+06
4.393602343750000000e+04
1.711294921875000000e+04
1.761960156250000000e+04
5.091248535156250000e+03
5.588650000000000000e+04
1.021397753906250000e+04
4.260904687500000000e+04
2.847655944824218750e+02
1.911737518310546875e+02
1.928578338623046875e+02
8.202356000000000000e+07
9.029475781250000000e+04
7.544860625000000000e+05
3.163184375000000000e+05
6.061226562500000000e+04
7.929961500000000000e+06
8.990408203125000000e+03
2.430414306640625000e+03
1.173223424000000000e+10
2.023012400000000000e+07
1.327358750000000000e+06
1.677622460937500000e+04
1.324519000000000000e+07
4.696169500000000000e+06
5.460856933593750000e+03
3.057570625000000000e+05
8.565594624000000000e+09
4.916433920000000000e+09
7.944898750000000000e+05
1.037499000000000000e+06
7.381599375000000000e+05
5.447376562500000000e+04
2.646512128000000000e+09
7.594926250000000000e+05
2.584862656250000000e+05
7.247228125000000000e+04
1.152899375000000000e+06
2.437186523437500000e+03
2.508409179687500000e+03
3.035406640625000000e+04
1.036818828125000000e+05
2.972002563476562500e+02
1.528065681457519531e+01
5.185403442382812500e+02
1.872426986694335938e+00
2.367664250000000000e+06
8.771996459960937500e+02
3.314605957031250000e+03
2.592439062500000000e+05
3.369143676757812500e+02
6.822011718750000000e+04
1.245743637084960938e+02
3.116302871704101562e+01
1.436773920000000000e+08
1.492648046875000000e+04
1.028940551757812500e+03
5.578453125000000000e+04
9.990645141601562500e+02
1.530391200000000000e+07
1.145686264038085938e+02
1.404267272949218750e+02
1.990867875000000000e+06
3.791362187500000000e+05
1.374874750000000000e+06
5.300998046875000000e+03
2.386952187500000000e+05
4.918777343750000000e+03
9.433390502929687500e+02
8.401329956054687500e+02
2.254249120000000000e+08
4.993684082031250000e+03
3.299613600000000000e+07
3.731283984375000000e+04
2.216733750000000000e+05
3.496252197265625000e+03
4.701330859375000000e+04
3.778021600000000000e+07
2.717080078125000000e+03
9.236231689453125000e+02
6.086077636718750000e+03
2.111523925781250000e+03
8.234513408000000000e+09
6.018512640000000000e+08
3.052472839355468750e+02
1.779045562744140625e+02
5.938026000000000000e+06
2.117856445312500000e+03
2.506911621093750000e+03
6.262800000000000000e+08
1.783780517578125000e+02
2.510400146484375000e+03
1.071051500000000000e+06
8.697379840000000000e+09
6.877762500000000000e+05
8.448944531250000000e+04
1.597524687500000000e+05
3.335445556640625000e+03
9.054016250000000000e+05
2.350651718750000000e+05
3.491398437500000000e+04
5.425817578125000000e+04
1.416803437500000000e+05
3.698571264000000000e+10
4.011230750000000000e+06
2.514245468750000000e+05
2.704224414062500000e+04
1.365406625000000000e+06
8.720826400000000000e+07
1.468475952148437500e+03
3.574527734375000000e+04
1.531155865600000000e+10
2.023012400000000000e+07
5.536095500000000000e+06
9.627566406250000000e+04
2.023012400000000000e+07
3.132379750000000000e+06
1.909159179687500000e+04
3.018371562500000000e+05
1.254346496000000000e+09
5.534151250000000000e+05
5.990190720000000000e+08
3.308720458984375000e+03
6.376776953125000000e+04
1.921676367187500000e+04
1.092389648437500000e+04
1.497943500000000000e+06
2.961810742187500000e+04
1.033029098510742188e+02
2.678109741210937500e+02
9.031852539062500000e+03
6.736131835937500000e+03
3.779164375000000000e+05
5.396145019531250000e+02
1.409560241699218750e+02
0.000000000000000000e+00
5.974682235717773438e+01
0.000000000000000000e+00
1.263438200000000000e+07
3.742216448000000000e+09
7.200489472000000000e+10
1.614348750000000000e+05
1.092946191406250000e+04
1.354663200000000000e+08
3.427930560000000000e+08
1.263438200000000000e+07
3.742216448000000000e+09
1.614348750000000000e+05
3.427930560000000000e+08
7.200489472000000000e+10
3.680668057600000000e+10
7.200489472000000000e+10
6.085880320000000000e+08
8.603926528000000000e+09
5.973542500000000000e+06
7.200489472000000000e+10
7.200489472000000000e+10
4.436956364800000000e+10
6.664313600000000000e+08
7.200489472000000000e+10
2.299296500000000000e+06
1.729327239990234375e+02
6.591037500000000000e+05
1.517891693115234375e+02
3.172357559204101562e+01
1.749787304687500000e+04
3.467939453125000000e+02
1.181777267456054688e+02
5.155863671875000000e+04
6.224234765625000000e+04
1.234794140625000000e+05
7.838300781250000000e+02
5.147163574218750000e+03
4.422485046386718750e+02
7.431838035583496094e+00
2.216867208480834961e+00
7.200489472000000000e+10
7.200489472000000000e+10
3.424037632000000000e+09
5.990190720000000000e+08
3.615859200000000000e+07
2.536448125000000000e+05
7.200489472000000000e+10
7.200489472000000000e+10
1.156328243200000000e+10
1.429740500000000000e+06
7.200489472000000000e+10
7.200489472000000000e+10
4.997670502400000000e+10
6.661721093750000000e+04
1.058313400000000000e+07
3.095338249206542969e+01
1.717720642089843750e+02
7.200489472000000000e+10
4.914198046875000000e+04
3.561124687500000000e+05
7.456603050231933594e+00
6.371471875000000000e+05
7.200489472000000000e+10
7.200489472000000000e+10
7.200489472000000000e+10
5.990190720000000000e+08
7.942713344000000000e+09
5.864264000000000000e+06
7.200489472000000000e+10
7.200489472000000000e+10
7.200489472000000000e+10
5.990190720000000000e+08
7.200489472000000000e+10
2.784832031250000000e+04
1.752611816406250000e+03
5.523839500000000000e+06
1.341788940429687500e+02
1.775943969726562500e+03
2.262654542922973633e+00
1.577225494384765625e+02
0.000000000000000000e+00
4.905652736000000000e+09
3.741359872000000000e+09
2.962817812500000000e+05
2.305504000000000000e+06
2.852304062500000000e+05
2.125662187500000000e+05
1.090498048000000000e+09
1.028635390625000000e+05
2.193088125000000000e+05
5.491362890625000000e+04
8.226590625000000000e+04
7.200489472000000000e+10
7.200489472000000000e+10
7.200489472000000000e+10
8.466412500000000000e+05
1.030084080000000000e+08
5.864264000000000000e+06
7.200489472000000000e+10
7.200489472000000000e+10
7.200489472000000000e+10
8.466412500000000000e+05
7.200489472000000000e+10
2.358002880000000000e+08
5.478034375000000000e+05
5.990190720000000000e+08
7.643032226562500000e+02
7.124466308593750000e+03
1.888611523437500000e+04
1.999004375000000000e+05
8.372930000000000000e+06
2.947928906250000000e+04
2.693411865234375000e+02
2.111127929687500000e+04
7.200489472000000000e+10
7.200489472000000000e+10
8.957854000000000000e+06
5.990190720000000000e+08
5.510751875000000000e+05
1.916225976562500000e+04
7.200489472000000000e+10
2.423424640000000000e+08
1.643077120000000000e+08
2.950275000000000000e+04
5.013724480000000000e+08
7.200489472000000000e+10
3.059621478400000000e+10
5.554863125000000000e+05
6.085772400000000000e+07
2.022775726318359375e+02
1.696515039062500000e+04
7.200489472000000000e+10
4.686896875000000000e+05
1.959357421875000000e+04
2.000421714782714844e+01
9.249738281250000000e+03
7.200489472000000000e+10
7.200489472000000000e+10
4.632781000000000000e+06
1.976180480000000000e+08
5.263808593750000000e+03
4.756318054199218750e+02
7.200489472000000000e+10
4.887581500000000000e+06
2.943634000000000000e+07
1.567954467773437500e+03
1.865351680000000000e+08
7.199499000000000000e+06
1.700556875000000000e+06
1.423426367187500000e+04
3.343792724609375000e+03
1.006819296875000000e+05
4.869433593750000000e+02
1.783914550781250000e+03
5.875357437133789062e+01
9.800667136000000000e+09
1.119697792000000000e+09
9.655375000000000000e+05
2.559457500000000000e+06
3.603900250000000000e+06
1.726034531250000000e+05
1.237807360000000000e+09
4.917539375000000000e+05
7.163851250000000000e+05
2.610692187500000000e+05
8.271921250000000000e+05
1.166505312500000000e+05
5.057461547851562500e+01
1.664799072265625000e+03
4.097161132812500000e+03
3.858259582519531250e+01
1.023333282470703125e+02
1.883143424987792969e+01
0.000000000000000000e+00
7.601990625000000000e+05
1.310157031250000000e+05
7.376180000000000000e+05
7.894435058593750000e+03
7.335846875000000000e+04
4.832579040527343750e+02
5.609416503906250000e+02
8.857939147949218750e+01
8.213243904000000000e+09
4.360403200000000000e+07
2.737039250000000000e+06
9.249999218750000000e+04
7.381599375000000000e+05
8.228346679687500000e+03
3.827511040000000000e+08
1.540638750000000000e+06
6.767875000000000000e+04
6.913693847656250000e+03
2.639129375000000000e+05
1.483445068359375000e+03
1.099757519531250000e+04
1.016628906250000000e+05
1.939843359375000000e+04
1.006851867675781250e+03
1.402194976806640625e+02
8.473912109375000000e+03
9.488955688476562500e+01
8.537596000000000000e+07
1.797487360000000000e+08
7.200489472000000000e+10
5.609414000000000000e+06
1.012596953125000000e+05
4.549544000000000000e+06
2.289809280000000000e+08
8.537596000000000000e+07
1.797487360000000000e+08
5.609414000000000000e+06
2.289809280000000000e+08
5.752788574218750000e+03
1.835652343750000000e+03
6.874055468750000000e+04
5.864264000000000000e+06
9.225952148437500000e+00
2.342280578613281250e+02
1.835652343750000000e+03
9.225952148437500000e+00
1.006927296000000000e+09
1.740369715200000000e+10
6.707446875000000000e+05
3.605501562500000000e+05
6.090842578125000000e+04
3.096239375000000000e+05
1.940281472000000000e+09
5.854246484375000000e+04
6.396891250000000000e+05
3.621603515625000000e+04
2.106900468750000000e+05
2.776040192000000000e+09
4.804454400000000000e+07
7.281178125000000000e+05
2.343587500000000000e+05
1.250263828125000000e+05
9.118984375000000000e+02
2.444319360000000000e+08
1.647836718750000000e+05
7.973003417968750000e+03
2.880386474609375000e+03
5.251391796875000000e+04
2.521929440000000000e+08
1.329708100000000000e+07
5.876767578125000000e+04
5.532490253448486328e+00
9.797180000000000000e+05
9.626567382812500000e+02
1.644095611572265625e+01
3.363669921875000000e+03
5.692436875000000000e+05
2.159626367187500000e+04
9.809231445312500000e+03
5.864264000000000000e+06
1.637962500000000000e+04
5.239652832031250000e+03
9.809231445312500000e+03
5.239652832031250000e+03
7.200489472000000000e+10
1.166318080000000000e+10
7.200489472000000000e+10
2.148432320000000000e+08
1.147611392000000000e+09
1.719386000000000000e+07
7.200489472000000000e+10
7.200489472000000000e+10
1.166318080000000000e+10
2.148432320000000000e+08
7.200489472000000000e+10
3.003760937500000000e+04
1.567706250000000000e+05
8.195268750000000000e+05
6.063406500000000000e+06
3.184210937500000000e+03
9.126726562500000000e+03
1.696728906250000000e+05
3.202870605468750000e+03
4.591493750000000000e+04
3.832916748046875000e+03
4.781713256835937500e+02
5.864264000000000000e+06
9.580360351562500000e+03
2.507141113281250000e+03
4.781713256835937500e+02
2.507141113281250000e+03
4.942977734375000000e+04
6.224234765625000000e+04
1.728612343750000000e+05
2.331068750000000000e+04
1.013432910156250000e+04
6.529159545898437500e+02
1.424927246093750000e+04
2.491056518554687500e+02
5.577149609375000000e+04
2.095003906250000000e+04
9.582127500000000000e+05
1.484945000000000000e+05
1.255635009765625000e+03
1.958992919921875000e+02
3.337321484375000000e+04
2.496883964538574219e+01
7.200489472000000000e+10
3.775122432000000000e+09
2.683745440000000000e+08
6.441078400000000000e+08
1.559871375000000000e+06
1.894523000000000000e+06
7.200489472000000000e+10
2.637854208000000000e+09
1.095874200000000000e+07
4.576861875000000000e+05
1.537114000000000000e+07
7.282858880000000000e+08
3.971631750000000000e+06
3.027536250000000000e+05
3.506676875000000000e+05
5.407706250000000000e+05
3.739589120000000000e+08
8.718294921875000000e+03
1.400890156250000000e+05
5.455874511718750000e+03
2.368561935424804688e+01
1.388892089843750000e+03
1.168744354248046875e+02
1.536985397338867188e+01
6.293734741210937500e+01
1.638458061218261719e+01
7.920742988586425781e+00
6.299399680000000000e+08
3.093757019042968750e+02
2.929608800000000000e+07
1.266249023437500000e+03
8.387563500000000000e+06
1.203778839111328125e+02
5.131245117187500000e+02
2.671013500000000000e+06
4.657454967498779297e+00
5.714462661743164062e+01
1.398818969726562500e+01
3.706902784000000000e+09
7.200489472000000000e+10
1.002445900000000000e+07
8.387563500000000000e+06
1.215801093750000000e+05
1.915093359375000000e+04
4.147308032000000000e+09
7.554457812500000000e+04
1.738052480000000000e+08
9.517982421875000000e+03
8.861046250000000000e+05
2.846825937500000000e+05
7.811281738281250000e+03
7.593701171875000000e+02
4.190970214843750000e+03
9.690942993164062500e+02
1.376889038085937500e+02
4.011872253417968750e+02
3.689922332763671875e+01
1.143629500000000000e+06
1.891851125000000000e+06
1.797719600000000000e+07
5.864264000000000000e+06
1.640662695312500000e+04
9.013576562500000000e+04
1.891851125000000000e+06
1.640662695312500000e+04
1.362218875000000000e+06
8.910281250000000000e+05
9.059016875000000000e+05
2.048470125000000000e+06
9.951596093750000000e+04
1.173955937500000000e+05
3.519511328125000000e+04
6.366891601562500000e+03
1.848507648000000000e+09
3.749171600000000000e+07
7.200489472000000000e+10
1.208008125000000000e+06
4.524221562500000000e+05
1.509398375000000000e+06
1.128998000000000000e+08
2.080689280000000000e+09
3.982007600000000000e+07
1.322910500000000000e+06
1.249851360000000000e+08
1.348328448000000000e+10
4.014237952000000000e+09
1.228061625000000000e+06
8.773051875000000000e+05
5.199914375000000000e+05
1.320095468750000000e+05
8.335326720000000000e+08
3.871172812500000000e+05
2.199765781250000000e+05
2.382555664062500000e+04
6.951266406250000000e+04
3.793268224000000000e+09
7.200489472000000000e+10
7.200489472000000000e+10
9.045175000000000000e+06
1.585158080000000000e+08
6.856981000000000000e+06
4.359301120000000000e+09
5.056453632000000000e+09
7.200489472000000000e+10
9.272242000000000000e+06
5.473057792000000000e+09
4.047679687500000000e+05
1.190368576049804688e+02
1.261489550781250000e+04
6.947605957031250000e+03
7.952938842773437500e+02
1.281856079101562500e+03
6.985269927978515625e+01
2.365832519531250000e+02
1.855015200000000000e+07
1.253045250000000000e+06
1.259526000000000000e+07
1.797719600000000000e+07
1.253045250000000000e+06
7.773358125000000000e+05
2.878183000000000000e+06
2.785034687500000000e+05
2.452591104000000000e+09
3.674830250000000000e+06
9.639068750000000000e+04
2.428759765625000000e+02
6.009603125000000000e+05
6.480274609375000000e+04
2.724622344970703125e+01
1.848354736328125000e+03
3.061045657600000000e+10
1.490407400000000000e+07
2.162815312500000000e+05
1.641139678955078125e+02
8.490279000000000000e+06
3.832725937500000000e+05
6.389585876464843750e+01
8.181758593750000000e+04
7.200489472000000000e+10
7.200489472000000000e+10
7.108844000000000000e+07
4.773627500000000000e+06
1.387325585937500000e+04
3.794062890625000000e+04
7.200489472000000000e+10
1.261883200000000000e+08
1.196382640000000000e+08
1.923495330810546875e+02
3.099016320000000000e+08
1.455261696000000000e+09
8.128945152000000000e+09
1.142709472656250000e+04
1.213463750000000000e+06
2.708480859375000000e+04
3.832993408203125000e+03
2.085938432000000000e+09
3.389319091796875000e+03
8.236906250000000000e+03
1.524583862304687500e+03
7.860684570312500000e+03
4.212505371093750000e+03
1.938627807617187500e+03
6.421846875000000000e+04
1.651444091796875000e+02
1.326895294189453125e+02
0.000000000000000000e+00
1.681818389892578125e+01
0.000000000000000000e+00
1.732460544000000000e+10
7.200489472000000000e+10
5.256972000000000000e+07
2.273696800000000000e+07
1.315471718750000000e+05
2.230513671875000000e+03
1.635905433600000000e+10
1.202120900000000000e+07
7.483120000000000000e+08
5.721536132812500000e+03
9.090350000000000000e+06
9.191061760000000000e+08
3.742723328000000000e+09
7.944898750000000000e+05
1.026916812500000000e+06
3.177594687500000000e+05
4.193920312500000000e+05
4.846176960000000000e+08
2.381708750000000000e+05
5.370614375000000000e+05
1.066149296875000000e+05
1.888563750000000000e+05
1.531155865600000000e+10
3.674830250000000000e+06
6.989796500000000000e+06
1.797719600000000000e+07
3.674830250000000000e+06
7.612369920000000000e+09
7.364622656250000000e+04
1.826960156250000000e+05
2.433878400000000000e+07
2.614903200000000000e+07
6.000368000000000000e+08
3.352982666015625000e+03
1.343580078125000000e+04
2.469957500000000000e+05
4.707349687500000000e+05
5.492342500000000000e+06
1.238223625000000000e+06
1.365412597656250000e+03
9.200686718750000000e+04
1.515669000000000000e+07
8.387563500000000000e+06
8.140182500000000000e+05
1.911897851562500000e+04
2.894443115234375000e+03
3.005572070312500000e+04
8.119357031250000000e+04
5.010473828125000000e+04
6.448500976562500000e+03
7.640313720703125000e+02
1.392318847656250000e+03
1.986958131200000000e+10
9.777351000000000000e+06
2.721183750000000000e+06
7.167156982421875000e+01
2.256824750000000000e+06
2.561898906250000000e+05
1.252021331787109375e+02
2.631239843750000000e+04
8.211787264000000000e+09
7.200489472000000000e+10
5.362942464000000000e+09
8.522436000000000000e+06
8.894672000000000000e+06
2.519619687500000000e+05
3.632723712000000000e+09
6.412464400000000000e+07
3.871678208000000000e+09
1.764057031250000000e+05
4.936075600000000000e+07
6.989796500000000000e+06
2.408232910156250000e+03
1.891851125000000000e+06
4.402108459472656250e+02
8.863181762695312500e+02
7.467598437500000000e+04
1.046559936523437500e+03
5.918882446289062500e+02
1.349854800000000000e+07
1.891851125000000000e+06
9.481540625000000000e+04
6.983955566406250000e+03
2.298146250000000000e+05
1.094448144531250000e+04
9.020875000000000000e+03
1.802641357421875000e+03
1.176898359375000000e+05
6.381434570312500000e+03
1.881880937500000000e+05
1.404938750000000000e+05
5.951256103515625000e+02
5.784006347656250000e+02
4.277214355468750000e+03
2.550422286987304688e+01
1.739861606400000000e+10
7.493664256000000000e+09
2.483310546875000000e+04
1.248593375000000000e+06
6.901979003906250000e+03
8.011651000976562500e+02
6.537885696000000000e+09
1.236984277343750000e+04
1.681126757812500000e+04
6.842483520507812500e+02
3.565651562500000000e+04
4.578577343750000000e+04
1.240187500000000000e+05
2.550327187500000000e+05
5.864264000000000000e+06
5.528049316406250000e+03
1.463214550781250000e+04
1.240187500000000000e+05
5.528049316406250000e+03
7.200489472000000000e+10
7.200489472000000000e+10
7.200489472000000000e+10
1.417920400000000000e+07
1.039733184000000000e+09
5.864264000000000000e+06
7.200489472000000000e+10
7.200489472000000000e+10
7.200489472000000000e+10
1.417920400000000000e+07
7.200489472000000000e+10
2.916838144000000000e+09
5.822196224000000000e+09
5.990190720000000000e+08
1.062920320000000000e+08
8.387563500000000000e+06
5.388865000000000000e+06
2.252728320000000000e+09
1.627332300000000000e+07
4.625815680000000000e+08
7.228884000000000000e+06
1.350382600000000000e+07
2.115566500000000000e+06
8.114138000000000000e+06
4.508218750000000000e+04
8.813321289062500000e+03
5.354435920715332031e+00
1.940627685546875000e+03
3.983333203125000000e+04
3.533253173828125000e+02
2.967558288574218750e+02
1.003376293182373047e+01
4.634850692749023438e+01
4.935440896000000000e+09
6.631231000000000000e+06
6.816090000000000000e+05
2.373714828491210938e+01
5.665845000000000000e+06
1.310947558593750000e+04
1.765843200683593750e+01
3.725915283203125000e+03
1.130381824000000000e+09
1.171336375000000000e+06
6.842992968750000000e+04
3.310466308593750000e+03
2.522678125000000000e+05
1.251257900000000000e+07
1.032365875244140625e+02
1.621546630859375000e+03
6.441078400000000000e+08
1.860948730468750000e+03
1.391426600000000000e+07
2.896417382812500000e+04
1.436748500000000000e+07
5.686031250000000000e+03
5.649386596679687500e+02
2.060046125000000000e+06
1.324719543457031250e+02
1.881484130859375000e+03
9.540753173828125000e+01
1.044232000000000000e+06
2.806858886718750000e+03
1.910228393554687500e+03
3.504775250000000000e+06
6.316106933593750000e+03
6.878015136718750000e+02
4.510455627441406250e+02
9.715355834960937500e+02
1.508874804687500000e+04
2.859313232421875000e+03
7.527166250000000000e+05
7.783065795898437500e+01
6.092175292968750000e+02
0.000000000000000000e+00
1.896006774902343750e+01
0.000000000000000000e+00
1.522906496000000000e+09
2.784068125000000000e+05
8.613680664062500000e+03
7.137426757812500000e+01
2.217981250000000000e+05
1.671385937500000000e+04
2.671398353576660156e+01
4.458763671875000000e+03
3.012103040000000000e+08
3.296728750000000000e+05
1.834400400000000000e+07
2.823078002929687500e+02
1.255008984375000000e+05
2.100545410156250000e+03
1.697356835937500000e+04
3.451320750000000000e+06
7.436871337890625000e+02
1.564921722412109375e+02
1.236747665405273438e+02
8.519336960000000000e+09
7.200489472000000000e+10
6.551682031250000000e+04
1.879132875000000000e+06
2.544902734375000000e+04
1.600247363281250000e+04
7.200489472000000000e+10
1.402994531250000000e+05
1.610943593750000000e+05
4.840302343750000000e+04
6.668934375000000000e+05
3.529578086400000000e+10
4.066539453125000000e+04
6.002794880000000000e+08
8.235883789062500000e+03
1.423376125000000000e+06
4.527379394531250000e+03
3.056288125000000000e+05
1.569619200000000000e+09
5.124614257812500000e+03
1.394580200195312500e+03
3.010334179687500000e+04
8.173946400000000000e+07
2.737861750000000000e+06
1.550433007812500000e+04
6.233182983398437500e+02
2.184323828125000000e+04
2.913402500000000000e+05
6.632096099853515625e+01
2.433762550354003906e+01
1.291278848000000000e+09
4.014237952000000000e+09
7.284491250000000000e+05
3.987670937500000000e+05
3.118483398437500000e+04
1.374924062500000000e+05
1.810362560000000000e+08
3.468072265625000000e+04
1.687606093750000000e+05
5.402472656250000000e+03
2.039721289062500000e+04
3.793268224000000000e+09
7.200489472000000000e+10
2.263094250000000000e+06
8.506220000000000000e+06
4.386761328125000000e+04
6.699109863281250000e+03
4.133968640000000000e+09
5.246736328125000000e+04
3.307048400000000000e+07
3.021978759765625000e+03
6.175224375000000000e+05
2.239644416000000000e+09
2.544909218750000000e+05
8.518367500000000000e+05
1.290067749023437500e+02
2.375721875000000000e+05
4.723608593750000000e+04
2.211182098388671875e+02
1.097790985107421875e+02
3.059621478400000000e+10
7.200489472000000000e+10
1.703852800000000000e+07
9.089224000000000000e+06
4.307870312500000000e+05
1.868345703125000000e+04
1.386852966400000000e+10
1.539786750000000000e+06
1.892605600000000000e+07
4.702056152343750000e+03
7.643792500000000000e+05
1.353097558593750000e+04
5.340728515625000000e+04
6.983707031250000000e+04
3.799309814453125000e+03
1.305779052734375000e+03
1.679682731628417969e+01
1.090233276367187500e+03
4.529260635375976562e+00
9.602566144000000000e+09
2.178045250000000000e+06
2.023184000000000000e+06
3.002145703125000000e+04
6.591213750000000000e+05
2.138066000000000000e+06
5.451616821289062500e+02
7.530126953125000000e+02
1.154079600000000000e+08
4.111465000000000000e+05
1.389013700000000000e+07
1.797719600000000000e+07
4.111465000000000000e+05
1.933218250000000000e+06
3.506373500000000000e+06
4.036247265625000000e+04
8.085503360000000000e+08
3.077356000000000000e+07
2.411522500000000000e+06
4.022926875000000000e+05
1.788129218750000000e+05
1.854996250000000000e+05
2.549208800000000000e+07
2.084842031250000000e+05
2.592753125000000000e+05
6.980756250000000000e+04
1.461492187500000000e+05
1.793800170898437500e+03
1.769051635742187500e+03
3.588489746093750000e+03
1.126632875000000000e+06
5.182671200000000000e+07
5.864264000000000000e+06
2.175489746093750000e+03
1.793800170898437500e+03
1.769051635742187500e+03
1.126632875000000000e+06
2.175489746093750000e+03
4.736344640000000000e+08
1.762107596800000000e+10
5.276528125000000000e+04
3.734131500000000000e+06
9.061113357543945312e+00
9.207217407226562500e+02
9.583020160000000000e+08
5.307479492187500000e+03
2.084377343750000000e+04
3.407791137695312500e+02
6.566799804687500000e+03
1.482098437500000000e+05
2.939286041259765625e+01
8.455786895751953125e+01
3.562530029296875000e+03
6.333738327026367188e+00
1.740949707031250000e+02
4.501421451568603516e+00
4.610367298126220703e+00
7.200489472000000000e+10
3.059621478400000000e+10
2.455112800000000000e+08
8.516701440000000000e+08
2.346339250000000000e+06
2.019509750000000000e+06
7.200489472000000000e+10
1.246212352000000000e+09
2.945807600000000000e+07
6.392085625000000000e+05
2.398801200000000000e+07
7.200489472000000000e+10
7.200489472000000000e+10
4.562040625000000000e+04
2.872416500000000000e+06
1.909800415039062500e+02
4.960127868652343750e+02
7.200489472000000000e+10
8.086614062500000000e+04
1.804220250000000000e+06
1.566664505004882812e+01
8.059736875000000000e+05
1.463183906250000000e+05
1.310157031250000000e+05
2.719167578125000000e+04
5.604069531250000000e+04
7.322166015625000000e+03
2.744967968750000000e+04
2.430305633544921875e+02
1.578311309814453125e+02
1.788105312500000000e+05
1.638224365234375000e+03
5.073390808105468750e+02
5.736394140625000000e+04
1.837699432373046875e+02
2.443157577514648438e+01
4.207466888427734375e+01
4.464138984680175781e+00
3.435168000000000000e+07
1.909967656250000000e+05
1.470878900000000000e+07
7.844241333007812500e+01
1.977690429687500000e+04
2.202019531250000000e+03
1.644193359375000000e+04
9.637505000000000000e+06
5.572893066406250000e+02
5.498809204101562500e+02
3.382259765625000000e+04
1.378792343750000000e+05
3.067312890625000000e+04
2.259556579589843750e+02
7.856494750976562500e+02
2.653721923828125000e+03
2.001834297180175781e+01
2.405719604492187500e+02
1.593480682373046875e+01
3.576263125000000000e+05
6.514876562500000000e+04
4.509347500000000000e+05
8.544396362304687500e+02
8.020505859375000000e+03
1.334251098632812500e+02
3.040911560058593750e+02
7.834253311157226562e+00
1.510869920000000000e+08
3.497447680000000000e+08
9.029475781250000000e+04
3.352135250000000000e+06
5.688073750000000000e+05
3.096239375000000000e+05
3.468311680000000000e+08
1.147240078125000000e+05
1.553503281250000000e+05
3.654385000000000000e+05
2.853711250000000000e+05
3.666022656000000000e+09
2.067912960000000000e+08
5.199299687500000000e+05
6.624714375000000000e+05
4.082808437500000000e+05
6.017531250000000000e+03
5.872503680000000000e+08
4.234785937500000000e+05
1.268068554687500000e+04
1.987342773437500000e+04
1.700587656250000000e+05
3.742723328000000000e+09
1.234059776000000000e+10
7.944898750000000000e+05
6.344689000000000000e+06
4.193920312500000000e+05
5.003735937500000000e+04
7.428203520000000000e+09
5.370614375000000000e+05
5.701863671875000000e+04
1.378724062500000000e+05
8.251686875000000000e+05
7.200489472000000000e+10
4.920242688000000000e+09
2.544442368000000000e+10
6.103480320000000000e+08
7.942713344000000000e+09
5.988355500000000000e+06
7.200489472000000000e+10
7.200489472000000000e+10
4.920242688000000000e+09
6.103480320000000000e+08
7.200489472000000000e+10
6.980025600000000000e+08
7.993265000000000000e+05
3.571873500000000000e+06
4.854208679199218750e+02
1.736323281250000000e+05
1.866696484375000000e+04
3.812278137207031250e+02
8.616275787353515625e+00
1.370132500000000000e+06
8.968243750000000000e+05
2.049478250000000000e+06
6.378796093750000000e+04
2.755022500000000000e+05
8.706959960937500000e+03
5.161352050781250000e+03
1.184645996093750000e+03
4.183597760000000000e+08
7.924528125000000000e+05
1.463356750000000000e+06
2.956886291503906250e+01
4.485792578125000000e+04
1.871493164062500000e+03
8.922376632690429688e+00
5.116593837738037109e-01
1.149327257600000000e+10
5.045047808000000000e+09
2.411617000000000000e+06
1.321662000000000000e+06
6.682214375000000000e+05
4.093299687500000000e+05
4.859607680000000000e+08
1.766481093750000000e+05
1.199503750000000000e+06
4.447060937500000000e+04
2.013695625000000000e+05
8.771849216000000000e+09
2.023012400000000000e+07
3.211598500000000000e+06
3.455123901367187500e+02
1.129656500000000000e+07
8.056348750000000000e+05
2.139877777099609375e+02
1.587136250000000000e+05
4.890876400000000000e+07
1.070712900000000000e+07
7.813581500000000000e+06
1.427706445312500000e+04
9.618548828125000000e+03
7.157848750000000000e+05
9.420295312500000000e+04
1.259893281250000000e+05
5.919616250000000000e+05
1.087113647460937500e+03
1.706308007812500000e+04
8.205728515625000000e+03
9.920054687500000000e+03
2.620721289062500000e+04
4.620506591796875000e+02
2.097162628173828125e+02
1.819024848937988281e+01
4.361214065551757812e+01
0.000000000000000000e+00
7.200489472000000000e+10
7.200489472000000000e+10
5.231739904000000000e+09
5.568728000000000000e+07
4.751005000000000000e+06
1.096708125000000000e+06
7.200489472000000000e+10
7.200489472000000000e+10
7.229164544000000000e+09
9.106842187500000000e+04
5.013824716800000000e+10
9.589882880000000000e+09
7.200489472000000000e+10
4.143153750000000000e+06
7.129008000000000000e+07
6.880380249023437500e+02
1.159598437500000000e+04
7.040791347200000000e+10
1.522910781250000000e+05
5.613062500000000000e+05
4.515644042968750000e+03
5.014553437500000000e+05
1.374130500000000000e+07
1.846164375000000000e+06
1.065408477783203125e+02
2.100950012207031250e+02
2.363097343750000000e+05
3.485124969482421875e+01
1.159675521850585938e+02
2.266428375244140625e+01
1.834472250000000000e+06
4.385565000000000000e+05
1.576157700000000000e+07
5.797972500000000000e+06
1.032866308593750000e+04
1.138654140625000000e+05
3.533749062500000000e+05
9.762872070312500000e+03
1.234171406250000000e+05
8.387563500000000000e+06
7.728148437500000000e+03
1.028656127929687500e+03
1.571948051452636719e+01
2.070683837890625000e+03
7.625588378906250000e+03
5.961185302734375000e+02
3.917570495605468750e+02
6.393213653564453125e+01
1.176283798217773438e+02
6.926446080000000000e+08
2.450984750000000000e+06
6.392821484375000000e+04
1.564530781250000000e+05
5.431895000000000000e+05
3.672254800000000000e+07
9.006134643554687500e+02
6.663068750000000000e+04
1.531155865600000000e+10
2.364581750000000000e+06
5.107537000000000000e+06
1.650591210937500000e+04
2.364581750000000000e+06
7.210755625000000000e+05
2.764791748046875000e+03
1.727286010742187500e+03
1.837366400000000000e+07
3.659290625000000000e+04
6.029841280000000000e+08
3.217572021484375000e+02
1.732085815429687500e+03
6.719723632812500000e+03
1.955802734375000000e+04
9.801357500000000000e+05
4.462968261718750000e+03
2.359850463867187500e+02
7.314501464843750000e+03
2.990030937500000000e+05
1.168034843750000000e+05
2.829980859375000000e+04
5.880006000000000000e+06
1.215229199218750000e+04
3.119747558593750000e+03
2.829980859375000000e+04
3.119747558593750000e+03
4.002052096000000000e+09
7.481235625000000000e+05
1.367316406250000000e+05
1.814612121582031250e+02
1.389487343750000000e+05
1.173683375000000000e+06
1.287538909912109375e+01
5.787387847900390625e+01
7.200489472000000000e+10
7.200489472000000000e+10
7.574553600000000000e+09
5.594110080000000000e+08
2.277243840000000000e+08
4.039538750000000000e+06
7.200489472000000000e+10
7.200489472000000000e+10
7.200489472000000000e+10
7.788352000000000000e+07
7.200489472000000000e+10
9.044254080000000000e+08
1.585073625000000000e+06
1.156476400000000000e+07
1.826889875000000000e+06
2.222374000000000000e+07
6.206381640625000000e+04
5.382356250000000000e+05
1.083288700000000000e+07
1.839364257812500000e+04
2.104430078125000000e+04
8.052584960937500000e+03
7.380226560000000000e+08
1.803440537600000000e+10
7.200489472000000000e+10
2.888687750000000000e+06
3.448642187500000000e+04
2.770273280000000000e+08
6.797184000000000000e+09
7.380226560000000000e+08
1.803440537600000000e+10
2.888687750000000000e+06
6.797184000000000000e+09
7.200489472000000000e+10
1.027233187500000000e+06
5.209933500000000000e+06
1.685843125000000000e+05
8.981256835937500000e+03
1.057829093933105469e+01
9.520960800000000000e+07
1.877443600000000000e+07
1.427749023437500000e+02
7.250407409667968750e+01
2.923434570312500000e+03
1.126804224000000000e+09
9.765917440000000000e+08
1.425639040000000000e+08
1.343508640000000000e+08
8.213794500000000000e+06
5.904923000000000000e+06
1.147537024000000000e+09
9.593141000000000000e+06
1.452864800000000000e+08
8.236982500000000000e+06
9.676223000000000000e+06
6.724109312000000000e+09
1.639786720000000000e+08
2.273755250000000000e+06
3.109332812500000000e+05
3.889345937500000000e+05
3.483959960937500000e+03
5.317724800000000000e+08
5.873296875000000000e+05
2.202092968750000000e+04
1.230866894531250000e+04
3.725683125000000000e+05
1.595641875000000000e+06
7.656619531250000000e+04
5.060774218750000000e+04
3.948364500000000000e+06
4.236136328125000000e+04
7.232824707031250000e+03
2.286401171875000000e+04
8.590133789062500000e+03
4.448292500000000000e+06
1.922344726562500000e+03
3.557974609375000000e+04
3.828995361328125000e+03
5.118814086914062500e+02
2.843752441406250000e+03
7.413491821289062500e+01
4.464684295654296875e+01
7.200489472000000000e+10
4.810545920000000000e+08
4.539130000000000000e+06
6.607484160000000000e+08
7.845807031250000000e+04
6.116733398437500000e+02
7.200489472000000000e+10
1.534129200000000000e+07
4.010535644531250000e+03
2.382744384765625000e+03
3.795105078125000000e+04
2.135017120000000000e+08
8.551278592000000000e+09
3.049989687500000000e+05
8.953532000000000000e+06
1.889815979003906250e+02
1.644168359375000000e+04
2.021106483200000000e+10
2.122913281250000000e+04
6.146353125000000000e+04
2.396218505859375000e+03
1.046063437500000000e+05
1.488305000000000000e+05
1.043803937500000000e+06
2.677485600000000000e+07
2.952835693359375000e+03
7.594921386718750000e+03
6.132686500000000000e+06
8.120194824218750000e+03
1.716958906250000000e+05
1.074072125000000000e+06
3.159781738281250000e+03
9.206435546875000000e+03
2.733108437500000000e+05
6.514876562500000000e+04
1.510047750000000000e+06
1.940623168945312500e+03
1.425008886718750000e+04
1.583234100341796875e+02
8.424038085937500000e+02
6.940463542938232422e+00
7.224984320000000000e+08
8.359892578125000000e+03
1.249790527343750000e+04
1.437739990234375000e+03
4.905773925781250000e+02
2.000160742187500000e+04
4.526125907897949219e+00
0.000000000000000000e+00
3.797836032000000000e+09
7.200489472000000000e+10
7.200489472000000000e+10
8.402246000000000000e+06
1.355498080000000000e+08
5.864264000000000000e+06
4.082690560000000000e+09
3.797836032000000000e+09
7.200489472000000000e+10
8.402246000000000000e+06
4.082690560000000000e+09
7.200489472000000000e+10
7.186959500000000000e+06
7.200489472000000000e+10
1.994896320000000000e+08
7.942713344000000000e+09
3.196606250000000000e+05
2.122218086400000000e+10
7.200489472000000000e+10
7.186959500000000000e+06
1.994896320000000000e+08
2.122218086400000000e+10
7.200489472000000000e+10
7.200489472000000000e+10
5.452406250000000000e+05
3.942540000000000000e+06
4.250276855468750000e+03
6.153539428710937500e+02
7.200489472000000000e+10
6.607791875000000000e+05
2.484333500000000000e+06
1.854475021362304688e+01
2.337624250000000000e+06
1.737093120000000000e+10
1.897724960000000000e+08
6.055354003906250000e+03
3.814726875000000000e+05
2.787834960937500000e+03
4.990831375122070312e+00
1.313148032000000000e+09
4.490597167968750000e+03
2.324365692138671875e+02
7.877901458740234375e+01
1.716693359375000000e+03
2.125552656250000000e+05
6.904580688476562500e+01
1.051960571289062500e+03
5.819605468750000000e+04
1.375173339843750000e+02
2.662337646484375000e+02
2.356137275695800781e+01
2.556406402587890625e+01
2.417928281250000000e+05
4.752573437500000000e+04
1.855503540039062500e+03
6.194724500000000000e+06
1.675826416015625000e+02
1.598711242675781250e+02
1.855503540039062500e+03
1.598711242675781250e+02
1.998657343750000000e+05
3.976406250000000000e+04
6.100258789062500000e+03
2.899839062500000000e+04
2.758381591796875000e+03
8.378557586669921875e+01
1.183006835937500000e+03
1.923107528686523438e+01
3.177804800000000000e+07
8.591198750000000000e+05
2.142701875000000000e+05
2.996787890625000000e+04
1.111531562500000000e+05
4.112993750000000000e+06
1.102005468750000000e+04
4.658079589843750000e+03
5.919193000000000000e+06
3.059621478400000000e+10
9.946297000000000000e+06
3.713441562500000000e+05
1.032263946533203125e+02
6.764635937500000000e+04
3.713581440000000000e+08
2.537501171875000000e+04
3.943923500000000000e+06
1.046786621093750000e+03
3.810759687500000000e+05
7.200489472000000000e+10
3.793268224000000000e+09
3.795528089600000000e+10
8.516701440000000000e+08
2.418031840000000000e+08
3.940663600000000000e+07
7.200489472000000000e+10
7.200489472000000000e+10
5.817730560000000000e+08
1.906428160000000000e+08
4.865576140800000000e+10
5.387840400000000000e+07
4.304243000000000000e+06
2.239141601562500000e+04
1.767758131027221680e-01
2.713261875000000000e+05
4.960599121093750000e+03
6.610306549072265625e+01
6.134685058593750000e+03
2.002554000000000000e+06
8.828075000000000000e+05
1.490699023437500000e+04
5.864264000000000000e+06
3.023428320312500000e+04
5.996445800781250000e+03
1.490699023437500000e+04
5.996445800781250000e+03
1.551638900000000000e+07
1.658417773437500000e+04
1.602357750000000000e+06
1.563948242187500000e+03
9.906250976562500000e+03
2.784569580078125000e+03
1.260761474609375000e+03
7.567033593750000000e+04
5.746629714965820312e+01
3.014180183410644531e+01
3.264794921875000000e+01
2.366455360000000000e+08
9.564147000000000000e+06
7.767792640000000000e+08
8.106405000000000000e+05
3.366638500000000000e+06
2.475029375000000000e+05
2.467017343750000000e+05
4.139629600000000000e+07
1.501845625000000000e+06
3.199064453125000000e+04
8.933398437500000000e+04
1.065510400000000000e+08
5.288114843750000000e+04
1.209286375000000000e+06
1.686151875000000000e+05
1.361337890625000000e+04
3.405014500000000000e+06
2.843762890625000000e+04
1.860628814697265625e+02
7.200489472000000000e+10
1.169249280000000000e+10
1.519898700000000000e+07
6.761441280000000000e+08
4.077867578125000000e+04
2.605461669921875000e+03
7.200489472000000000e+10
1.398128800000000000e+08
7.798293125000000000e+05
5.051133789062500000e+03
1.046034125000000000e+06
1.634368400000000000e+07
7.942713344000000000e+09
5.990190720000000000e+08
3.878864257812500000e+03
1.286810455322265625e+02
5.864264000000000000e+06
1.634368400000000000e+07
5.668800625000000000e+05
5.990190720000000000e+08
1.286810455322265625e+02
5.668800625000000000e+05
8.565594624000000000e+09
2.896192000000000000e+08
8.359892578125000000e+03
7.379980000000000000e+05
3.832993408203125000e+03
1.148296546936035156e+01
1.032007936000000000e+09
5.551018554687500000e+03
3.673704528808593750e+02
2.095757446289062500e+02
2.754976074218750000e+03
4.632195703125000000e+04
1.878067968750000000e+04
2.562809570312500000e+04
2.466080781250000000e+05
6.166134643554687500e+02
6.554778442382812500e+02
9.261843261718750000e+02
1.538626556396484375e+02
1.248129638671875000e+03
7.402250289916992188e+00
4.494023437500000000e+02
1.129584350585937500e+03
2.422395229339599609e+00
5.067626237869262695e-01
0.000000000000000000e+00
0.000000000000000000e+00
1.117930240000000000e+08
2.023012400000000000e+07
2.053530859375000000e+04
1.333188018798828125e+02
3.350551875000000000e+05
1.726523281250000000e+05
6.839145660400390625e+01
2.133365820312500000e+04
6.801909350400000000e+10
7.942713344000000000e+09
5.990190720000000000e+08
1.910201600000000000e+07
1.323652500000000000e+06
5.864264000000000000e+06
6.801909350400000000e+10
8.997745280000000000e+08
5.990190720000000000e+08
1.323652500000000000e+06
8.997745280000000000e+08
1.701558272000000000e+09
3.793268224000000000e+09
4.888358800000000000e+07
3.495485600000000000e+07
1.008947814941406250e+03
9.839294531250000000e+04
3.894318848000000000e+09
6.980590625000000000e+05
3.270631500000000000e+06
1.112555761718750000e+04
2.881314000000000000e+06
2.538314240000000000e+09
1.238794000000000000e+06
3.324417187500000000e+05
1.389471250000000000e+05
3.964011250000000000e+05
8.578125600000000000e+07
1.126531640625000000e+04
8.641189453125000000e+03
1.039820480000000000e+09
2.033979392000000000e+09
1.121754101562500000e+04
6.822696875000000000e+05
1.524521240234375000e+03
1.867410546875000000e+04
1.759338400000000000e+08
8.393295898437500000e+02
1.153233593750000000e+04
4.498099060058593750e+02
4.109443359375000000e+03
6.365766796875000000e+04
6.514876562500000000e+04
1.342444500000000000e+06
2.386507324218750000e+03
1.004420312500000000e+04
5.935913085937500000e+01
3.588540771484375000e+03
1.664212989807128906e+01
7.200489472000000000e+10
8.341628928000000000e+09
7.200489472000000000e+10
9.117896800000000000e+07
1.414733600000000000e+08
1.354663200000000000e+08
7.200489472000000000e+10
7.200489472000000000e+10
8.341628928000000000e+09
9.117896800000000000e+07
7.200489472000000000e+10
8.128945152000000000e+09
5.126064000000000000e+07
1.228061625000000000e+06
2.129817968750000000e+05
3.096239375000000000e+05
6.188965454101562500e+02
5.630613120000000000e+08
7.621808750000000000e+05
1.845596875000000000e+04
6.609460937500000000e+03
1.583873281250000000e+05
1.025638707200000000e+10
5.016368750000000000e+04
5.072230468750000000e+04
1.086702758789062500e+03
1.947146484375000000e+04
3.523142800000000000e+07
1.167894172668457031e+01
2.307530784606933594e+01
1.744124518400000000e+10
1.678340160000000000e+08
1.845326625000000000e+06
2.781467500000000000e+05
3.894430937500000000e+05
2.936691162109375000e+03
5.127846400000000000e+08
9.436368750000000000e+05
4.107222656250000000e+04
9.994720703125000000e+03
3.369550937500000000e+05
9.192364032000000000e+09
2.536903500000000000e+06
5.214919500000000000e+06
1.009532226562500000e+03
1.407738125000000000e+06
4.471461562500000000e+05
4.720376281738281250e+02
4.503196716308593750e+02
7.200489472000000000e+10
3.955121200000000000e+07
2.828669760000000000e+08
3.022381120000000000e+08
4.870964500000000000e+06
8.314599609375000000e+03
7.200489472000000000e+10
1.809066393600000000e+10
6.975346093750000000e+04
4.352767968750000000e+04
8.933199000000000000e+06
3.801597500000000000e+05
3.562122802734375000e+02
1.665808203125000000e+04
1.518953613281250000e+03
1.867602844238281250e+02
8.043394470214843750e+01
8.435243606567382812e+00
0.000000000000000000e+00
2.547401562500000000e+04
8.926428833007812500e+02
3.306085937500000000e+04
6.196473000000000000e+06
1.066899185180664062e+02
8.424495849609375000e+02
8.897379760742187500e+02
1.052382049560546875e+02
5.100414400000000000e+07
8.316895000000000000e+06
8.716772000000000000e+06
1.255008984375000000e+05
2.064097187500000000e+05
2.466080781250000000e+05
2.312820156250000000e+05
4.860324500000000000e+06
1.692176875000000000e+05
3.935093359375000000e+04
1.640972460937500000e+04
1.222790880000000000e+08
1.822751220703125000e+03
7.177932739257812500e+02
2.453970703125000000e+04
7.314718627929687500e+02
1.354140600000000000e+07
4.456061172485351562e+01
2.213234329223632812e+01
6.747424640000000000e+08
1.402411800000000000e+07
1.009299562500000000e+06
1.342786875000000000e+05
3.694395500000000000e+06
1.550074100000000000e+07
2.561147851562500000e+04
6.427436250000000000e+05
3.810432256000000000e+09
4.014237952000000000e+09
1.242679875000000000e+06
3.837407500000000000e+06
2.540294687500000000e+05
1.010154687500000000e+05
1.263203584000000000e+09
5.817435000000000000e+05
2.734954375000000000e+05
7.045357812500000000e+04
1.158874375000000000e+05
1.285449902343750000e+04
1.018095800781250000e+04
6.639252441406250000e+03
2.483619687500000000e+05
7.562774658203125000e+02
3.670917968750000000e+02
6.805013427734375000e+02
8.172529602050781250e+01
4.522963968000000000e+09
1.701524000000000000e+07
5.990190720000000000e+08
1.806618625000000000e+06
2.249115600000000000e+07
5.940804687500000000e+04
4.311239500000000000e+06
1.018205600000000000e+08
8.872842500000000000e+05
2.198177539062500000e+04
2.695635937500000000e+05
7.200489472000000000e+10
2.945536614400000000e+10
1.783238281250000000e+05
7.813581500000000000e+06
4.654328002929687500e+02
3.891527709960937500e+02
7.200489472000000000e+10
2.426472812500000000e+05
1.008168187500000000e+06
5.238946437835693359e+00
1.099557625000000000e+06
7.200489472000000000e+10
7.200489472000000000e+10
2.572160640000000000e+08
8.103342500000000000e+06
7.188694375000000000e+05
4.433831250000000000e+04
7.200489472000000000e+10
4.629258240000000000e+08
2.589186720000000000e+08
8.802249023437500000e+03
7.688578560000000000e+08
3.131080750000000000e+06
1.933782812500000000e+04
2.151603125000000000e+05
3.386487548828125000e+03
2.375823242187500000e+04
4.524989318847656250e+02
2.090784912109375000e+02
3.201267242431640625e+01
3.882415616000000000e+09
8.470276096000000000e+09
6.587618750000000000e+05
2.217215250000000000e+06
1.005995687500000000e+06
3.838183437500000000e+05
1.584212608000000000e+09
5.723225000000000000e+04
3.615969687500000000e+05
1.913767343750000000e+05
2.494586406250000000e+05
2.846385500000000000e+06
1.421022949218750000e+03
1.693802343750000000e+04
4.505412597656250000e+03
5.741749877929687500e+02
1.871710083007812500e+03
1.097302818298339844e+01
6.831985950469970703e+00
3.645300480000000000e+09
2.728792750000000000e+06
4.625426000000000000e+06
4.160052500000000000e+05
1.658969500000000000e+06
1.172942560000000000e+08
1.223812734375000000e+05
2.597995703125000000e+04
2.191413281250000000e+05
1.824828125000000000e+03
1.340751708984375000e+03
1.871120312500000000e+05
2.607878906250000000e+03
5.701892700195312500e+02
2.737160034179687500e+02
3.182751464843750000e+02
4.583846707200000000e+10
3.937654528000000000e+09
2.728792750000000000e+06
6.067549000000000000e+06
1.864699600000000000e+07
7.391482500000000000e+05
2.303302144000000000e+09
2.801152750000000000e+06
1.510816875000000000e+06
5.433356250000000000e+05
1.322535750000000000e+06
7.200489472000000000e+10
7.200489472000000000e+10
1.641763085937500000e+04
6.056560000000000000e+08
1.277182714843750000e+04
2.717821533203125000e+03
7.200489472000000000e+10
5.141246093750000000e+04
2.264636132812500000e+04
1.017458984375000000e+04
1.308574843750000000e+05
6.598004224000000000e+09
2.705466624000000000e+09
8.438940625000000000e+05
1.866831250000000000e+06
2.727926562500000000e+05
1.027499609375000000e+04
6.008593920000000000e+09
7.059111250000000000e+05
2.958936718750000000e+04
2.390200390625000000e+04
4.829780312500000000e+05
2.349582275390625000e+03
2.721614685058593750e+02
1.085211816406250000e+04
2.287166900634765625e+02
4.451186370849609375e+01
3.252437114715576172e+00
2.750771141052246094e+01
0.000000000000000000e+00
1.040667648000000000e+09
2.728792750000000000e+06
1.348557375000000000e+06
1.105564687500000000e+05
7.117028125000000000e+05
9.113584800000000000e+07
6.155803906250000000e+04
8.262534179687500000e+03
2.637768704000000000e+09
4.224886779785156250e+02
6.057865600000000000e+08
1.550501220703125000e+03
8.103806000000000000e+06
1.076117324829101562e+02
4.862349243164062500e+02
1.631070400000000000e+07
2.354700927734375000e+02
7.537913513183593750e+01
1.128452835083007812e+02
1.005142265625000000e+05
2.895281250000000000e+03
5.542959960937500000e+03
2.563268945312500000e+04
8.293006591796875000e+02
1.283108276367187500e+03
2.865151123046875000e+03
4.584813232421875000e+02
1.576487040000000000e+09
3.844339200000000000e+08
4.258485000000000000e+06
6.035998080000000000e+08
2.725497200000000000e+07
8.085559375000000000e+05
2.124275097600000000e+10
5.880784000000000000e+07
2.438557600000000000e+07
9.283868000000000000e+06
4.967728960000000000e+08
9.190503750000000000e+05
5.941543750000000000e+05
1.266447750000000000e+06
2.878223144531250000e+03
6.395828125000000000e+04
1.378275146484375000e+03
3.072562255859375000e+02
8.819927215576171875e+01
1.933824204800000000e+10
2.023012400000000000e+07
5.800083750000000000e+05
8.102222656250000000e+04
6.417905500000000000e+06
1.036930240000000000e+08
4.009785644531250000e+03
2.777446562500000000e+05
1.055692185600000000e+10
1.402411800000000000e+07
3.042493250000000000e+06
3.229409500000000000e+06
7.434719000000000000e+06
2.156401920000000000e+09
5.661052343750000000e+04
2.431240750000000000e+06
1.432613273600000000e+10
2.590043750400000000e+10
3.098465000000000000e+06
4.013776640000000000e+08
9.817888183593750000e+02
9.696576171875000000e+03
7.200489472000000000e+10
2.641683125000000000e+05
6.835526875000000000e+05
1.912579882812500000e+04
2.932177750000000000e+06
1.251116032000000000e+09
3.674830250000000000e+06
3.633025000000000000e+05
3.253844250000000000e+06
6.552505625000000000e+05
3.028337920000000000e+09
2.814007617187500000e+04
5.786128750000000000e+05
3.476738048000000000e+09
1.107051360000000000e+08
5.263558750000000000e+05
2.687496562500000000e+05
3.272782421875000000e+04
8.367768125000000000e+05
1.803644000000000000e+07
2.303929882812500000e+04
1.572394375000000000e+05
8.331245117187500000e+03
1.571600390625000000e+04
8.891901440000000000e+08
1.751358464000000000e+10
1.794997250000000000e+06
3.521399500000000000e+06
4.591280312500000000e+05
3.630146875000000000e+05
2.162584320000000000e+09
3.511905000000000000e+05
9.244044375000000000e+05
1.734213437500000000e+05
3.259212812500000000e+05
1.188327808000000000e+09
7.780132812500000000e+04
6.012695040000000000e+08
2.087529785156250000e+03
2.374942187500000000e+04
4.383863769531250000e+03
1.268372031250000000e+05
1.176338500000000000e+07
7.749960937500000000e+03
3.923362121582031250e+02
9.026986328125000000e+03
5.622981760000000000e+08
8.063162880000000000e+09
7.200489472000000000e+10
1.744068800000000000e+07
2.565590937500000000e+05
1.616031040000000000e+08
2.072276992000000000e+09
6.618293760000000000e+08
1.158063104000000000e+10
1.909691600000000000e+07
2.547996416000000000e+09
1.693390234375000000e+04
3.725186920166015625e+01
5.036181640625000000e+03
6.095374298095703125e+01
8.605451965332031250e+01
0.000000000000000000e+00
0.000000000000000000e+00
0.000000000000000000e+00
7.947641875000000000e+05
9.037073437500000000e+04
6.209689375000000000e+05
5.911583500000000000e+06
2.715111816406250000e+03
1.127971289062500000e+04
9.289940625000000000e+04
2.721277343750000000e+03
5.981277184000000000e+09
1.939737600000000000e+09
2.728792750000000000e+06
3.492726500000000000e+06
1.353487000000000000e+06
6.514876562500000000e+04
2.402695936000000000e+09
1.592892875000000000e+06
5.705807500000000000e+05
2.421364218750000000e+05
4.496090000000000000e+06
7.200489472000000000e+10
2.732424396800000000e+10
2.158526259200000000e+10
5.990190720000000000e+08
7.942713344000000000e+09
5.864264000000000000e+06
7.200489472000000000e+10
7.200489472000000000e+10
2.732424396800000000e+10
5.990190720000000000e+08
7.200489472000000000e+10
2.916838144000000000e+09
3.070907958984375000e+03
5.990190720000000000e+08
1.264823730468750000e+03
8.387563500000000000e+06
1.192628784179687500e+02
2.993061035156250000e+03
1.627332300000000000e+07
2.084514465332031250e+02
5.682935333251953125e+01
1.037948150634765625e+02
1.443296400000000000e+07
1.352685625000000000e+06
9.198133593750000000e+04
1.896542773437500000e+04
2.163165937500000000e+05
2.219045312500000000e+04
1.275097753906250000e+04
2.657284179687500000e+03
1.010721328125000000e+05
9.159924926757812500e+02
6.513610000000000000e+05
2.311656005859375000e+03
1.007883728027343750e+03
0.000000000000000000e+00
1.751574401855468750e+02
0.000000000000000000e+00
5.273957031250000000e+04
8.647816960000000000e+08
1.676905700000000000e+07
4.397412890625000000e+04
4.637601562500000000e+03
5.245535000000000000e+06
4.915337109375000000e+04
2.526053515625000000e+04
1.444819500000000000e+07
4.299803222656250000e+03
2.242368554687500000e+04
5.684501000000000000e+06
2.077990000000000000e+07
4.773859863281250000e+03
1.185667578125000000e+04
3.696222839355468750e+02
1.550316772460937500e+03
1.144992871093750000e+04
5.803669433593750000e+03
6.642989501953125000e+02
5.005278015136718750e+02
2.407561035156250000e+02
2.695754000000000000e+07
2.273696800000000000e+07
3.481826904296875000e+03
1.239947500000000000e+05
4.730528640747070312e+01
1.899138031005859375e+02
6.348756250000000000e+05
1.346484252929687500e+03
1.798134613037109375e+02
3.215722656250000000e+01
1.075843429565429688e+02
7.200489472000000000e+10
8.625434624000000000e+09
7.200489472000000000e+10
2.916838144000000000e+09
7.942713344000000000e+09
1.354663200000000000e+08
7.200489472000000000e+10
7.200489472000000000e+10
8.625434624000000000e+09
2.916838144000000000e+09
7.200489472000000000e+10
1.002130600000000000e+07
1.921735717773437500e+03
1.976761875000000000e+06
8.834036254882812500e+02
1.188324707031250000e+03
9.402846875000000000e+04
7.201322021484375000e+02
1.209580322265625000e+03
7.200489472000000000e+10
1.250591232000000000e+09
7.200489472000000000e+10
6.599561600000000000e+08
7.942713344000000000e+09
2.347612800000000000e+07
7.200489472000000000e+10
7.200489472000000000e+10
1.250591232000000000e+09
6.599561600000000000e+08
7.200489472000000000e+10
9.035333593750000000e+04
8.968243750000000000e+05
4.174821562500000000e+05
3.774582519531250000e+03
5.242145312500000000e+04
1.111741088867187500e+03
5.983154907226562500e+02
2.935402832031250000e+02
7.200489472000000000e+10
7.200489472000000000e+10
7.200489472000000000e+10
6.820179840000000000e+08
8.221598208000000000e+09
5.864264000000000000e+06
7.200489472000000000e+10
7.200489472000000000e+10
7.200489472000000000e+10
6.820179840000000000e+08
7.200489472000000000e+10
1.124799902343750000e+04
9.920054687500000000e+03
3.149372656250000000e+04
2.830387451171875000e+03
3.506854553222656250e+02
6.738300323486328125e+01
1.393936004638671875e+02
4.925559759140014648e-01
1.044721356800000000e+10
1.477037440000000000e+09
7.258009600000000000e+08
5.990190720000000000e+08
7.942713344000000000e+09
5.864264000000000000e+06
7.200489472000000000e+10
1.044721356800000000e+10
1.477037440000000000e+09
5.990190720000000000e+08
7.200489472000000000e+10
7.200489472000000000e+10
7.200489472000000000e+10
8.430746400000000000e+07
5.990190720000000000e+08
5.118657812500000000e+05
1.979244873046875000e+03
7.200489472000000000e+10
4.565616640000000000e+09
3.048806400000000000e+08
2.118604882812500000e+04
5.014425088000000000e+09
2.067537200000000000e+07
9.908272460937500000e+03
1.474170468750000000e+05
2.169810781250000000e+05
3.327128906250000000e+03
8.976210000000000000e+05
3.943653259277343750e+02
7.684054565429687500e+01
1.752350924800000000e+10
1.624560640000000000e+08
2.516899500000000000e+06
2.781467500000000000e+05
7.381599375000000000e+05
1.009147558593750000e+04
5.508810240000000000e+08
1.162825125000000000e+06
8.391457031250000000e+04
1.720992578125000000e+04
5.752302500000000000e+05
8.552599040000000000e+09
7.200489472000000000e+10
7.200489472000000000e+10
8.387563500000000000e+06
1.757235680000000000e+08
6.488877000000000000e+06
3.121691648000000000e+09
1.526819123200000000e+10
7.200489472000000000e+10
8.221789000000000000e+06
5.374790656000000000e+09
7.200489472000000000e+10
7.200489472000000000e+10
9.343841000000000000e+06
6.082271360000000000e+08
4.611109375000000000e+04
4.879985046386718750e+02
7.200489472000000000e+10
2.784932480000000000e+08
1.010958400000000000e+08
1.334463745117187500e+03
1.246818560000000000e+09
3.026747000000000000e+06
3.595087812500000000e+05
4.617330000000000000e+06
6.931928634643554688e+00
2.903677500000000000e+05
6.953594207763671875e+00
2.157956600189208984e+00
1.163694381713867188e+00
2.148879872000000000e+09
7.942713344000000000e+09
6.122426880000000000e+08
2.074784375000000000e+06
3.450372656250000000e+04
5.936633000000000000e+06
2.148879872000000000e+09
3.518884800000000000e+07
6.122426880000000000e+08
3.450372656250000000e+04
3.518884800000000000e+07
4.501705216000000000e+09
2.308005250000000000e+06
1.941948281250000000e+05
2.117407031250000000e+04
2.453254531250000000e+05
4.843801600000000000e+08
9.966819335937500000e+03
2.981086669921875000e+03
4.784322187500000000e+05
6.224234765625000000e+04
5.127535312500000000e+05
1.002944335937500000e+02
4.477232421875000000e+04
6.998735046386718750e+01
8.020890235900878906e+00
1.604624032974243164e+00
3.929082946777343750e+02
1.355195808410644531e+01
7.882720947265625000e+02
3.089614062500000000e+04
4.530750751495361328e+00
1.016365528106689453e+01
2.252294301986694336e+00
1.049902439117431641e+00
1.067314560000000000e+08
2.713022668800000000e+10
7.200489472000000000e+10
4.400570500000000000e+06
1.690519726562500000e+04
1.354663200000000000e+08
1.945652428800000000e+10
1.067314560000000000e+08
2.713022668800000000e+10
4.400570500000000000e+06
1.945652428800000000e+10
7.915712640000000000e+08
1.309728149414062500e+03
7.813581500000000000e+06
1.363277832031250000e+04
2.323969200000000000e+07
3.496872314453125000e+03
5.075980529785156250e+02
9.513967000000000000e+06
9.482602691650390625e+01
5.436945800781250000e+02
7.073625946044921875e+01
2.057455520000000000e+08
1.888328875000000000e+06
9.827300781250000000e+04
9.708309570312500000e+03
6.487267968750000000e+04
5.948353000000000000e+06
2.632718505859375000e+03
7.657928466796875000e+02
6.116559765625000000e+04
8.387563500000000000e+06
3.879929296875000000e+04
8.013613891601562500e+02
1.748169517517089844e+01
7.645491943359375000e+02
1.601973632812500000e+03
7.706349182128906250e+01
1.470776733398437500e+03
2.562367630004882812e+01
2.143626022338867188e+01
3.059621478400000000e+10
7.200489472000000000e+10
7.200489472000000000e+10
8.387563500000000000e+06
1.354663200000000000e+08
5.864264000000000000e+06
1.307677491200000000e+10
3.059621478400000000e+10
7.200489472000000000e+10
8.387563500000000000e+06
1.307677491200000000e+10
7.200489472000000000e+10
7.200489472000000000e+10
4.829625344000000000e+09
6.126656000000000000e+08
9.269222400000000000e+07
1.234852125000000000e+06
7.200489472000000000e+10
7.200489472000000000e+10
6.094447411200000000e+10
2.625392800000000000e+07
7.200489472000000000e+10
3.381958656000000000e+09
7.200489472000000000e+10
2.672140640000000000e+08
7.913228000000000000e+06
1.713301375000000000e+06
5.838305859375000000e+04
3.877464576000000000e+09
1.014285700000000000e+07
8.937027200000000000e+08
2.012686914062500000e+04
3.130244500000000000e+06
2.829497656250000000e+04
7.194609375000000000e+02
3.662642578125000000e+04
5.694255078125000000e+04
7.470796203613281250e+01
5.674626464843750000e+02
1.059316329956054688e+02
6.127172088623046875e+01
1.221950234375000000e+05
5.788593750000000000e+03
1.226725781250000000e+05
1.033759460449218750e+02
6.003224487304687500e+02
4.826152801513671875e+00
7.829118347167968750e+01
3.166425228118896484e-02
6.957255249023437500e+02
1.183667114257812500e+03
7.880632031250000000e+04
1.874437500000000000e+03
2.352578353881835938e+01
3.984767913818359375e+00
1.690998992919921875e+02
0.000000000000000000e+00
7.200489472000000000e+10
1.537195417600000000e+10
4.028170000000000000e+07
4.401465920000000000e+08
6.865684375000000000e+05
1.929203125000000000e+06
7.200489472000000000e+10
5.913977600000000000e+07
4.710909500000000000e+06
2.553848906250000000e+05
1.043912900000000000e+07
6.357363128662109375e+01
1.228061625000000000e+06
8.882905006408691406e+00
0.000000000000000000e+00
5.063296318054199219e+00
9.442925453186035156e-03
0.000000000000000000e+00
0.000000000000000000e+00
9.008705536000000000e+09
2.728792750000000000e+06
5.774365000000000000e+05
2.416253125000000000e+04
4.194496250000000000e+05
5.704883500000000000e+06
2.926113037109375000e+03
2.205895019531250000e+03
9.380744320000000000e+08
1.402411800000000000e+07
3.441092187500000000e+05
7.692554375000000000e+05
4.083224250000000000e+06
4.913337920000000000e+08
4.120035546875000000e+04
2.525348500000000000e+06
2.283842031250000000e+05
6.074182421875000000e+04
5.803956875000000000e+05
1.120964233398437500e+03
1.205104687500000000e+04
4.534754638671875000e+02
3.974584045410156250e+02
1.117439270019531250e+02
6.230674800000000000e+07
7.756739500000000000e+06
1.275767250000000000e+06
5.690439062500000000e+04
3.309731006622314453e+00
1.114707794189453125e+02
2.729331200000000000e+07
2.675614990234375000e+03
1.465040893554687500e+03
6.315747833251953125e+01
3.332862792968750000e+03
2.711802062988281250e+02
8.990103759765625000e+02
3.702200317382812500e+01
5.892138671875000000e+04
2.213474512100219727e-01
0.000000000000000000e+00
2.400308418273925781e+01
0.000000000000000000e+00
5.971763600000000000e+07
1.596253125000000000e+05
6.764029687500000000e+04
5.301260625000000000e+05
1.978469604492187500e+03
3.500851171875000000e+04
1.759687890625000000e+04
5.179593658447265625e+01
1.443518432617187500e+03
1.374800777435302734e+01
1.286686000000000000e+06
2.340125760000000000e+08
2.213594000000000000e+06
1.462116503906250000e+04
5.210444946289062500e+02
5.864264000000000000e+06
1.286686000000000000e+06
4.547869921875000000e+04
2.213594000000000000e+06
5.210444946289062500e+02
4.547869921875000000e+04
1.802828390400000000e+10
7.200489472000000000e+10
1.409822000000000000e+06
2.363224800000000000e+07
1.387184082031250000e+04
3.485273193359375000e+03
1.706610073600000000e+10
1.054333281250000000e+05
1.084845700000000000e+07
5.562592163085937500e+02
2.767333437500000000e+05
6.396439500000000000e+06
3.179517696000000000e+09
2.789760000000000000e+08
5.975990625000000000e+04
1.017721652984619141e+01
3.209895000000000000e+05
8.112471200000000000e+07
2.669966796875000000e+04
4.942606000000000000e+06
1.199812377929687500e+03
3.949649062500000000e+05
1.899076875000000000e+05
1.291950488281250000e+04
2.380719750000000000e+06
5.642999877929687500e+02
1.175989868164062500e+03
1.651662109375000000e+04
1.990878173828125000e+03
4.853268359375000000e+04
1.728721008300781250e+02
6.828410339355468750e+01
3.827285156250000000e+02
6.652558125000000000e+05
2.047495000000000000e+05
1.437085500000000000e+07
5.018959808349609375e+01
1.515630371093750000e+03
1.845554321289062500e+03
7.241524047851562500e+02
6.430660156250000000e+04
4.998714904785156250e+02
7.228296661376953125e+01
1.758671417236328125e+02
1.846749125000000000e+06
1.137446000000000000e+06
4.380784606933593750e+02
8.153942260742187500e+02
7.520959375000000000e+04
2.607444458007812500e+02
2.430292816162109375e+02
1.380718078613281250e+02
1.300820625000000000e+05
1.365203417968750000e+04
1.141891375000000000e+06
5.100881958007812500e+01
1.127922973632812500e+03
2.102602720260620117e-01
1.446340656280517578e+01
0.000000000000000000e+00
5.879489024000000000e+09
2.728792750000000000e+06
1.417785200000000000e+07
1.907038000000000000e+07
1.519928750000000000e+06
1.171451904000000000e+09
1.187980625000000000e+06
3.360717187500000000e+04
5.027817500000000000e+05
2.363224800000000000e+07
2.774006080000000000e+08
2.774559082031250000e+03
1.069129609375000000e+05
5.864264000000000000e+06
3.051516601562500000e+03
5.027817500000000000e+05
2.363224800000000000e+07
2.774559082031250000e+03
3.051516601562500000e+03
7.200489472000000000e+10
7.200489472000000000e+10
1.162232000000000000e+06
5.990190720000000000e+08
1.971618750000000000e+04
3.478679687500000000e+03
7.200489472000000000e+10
8.493680000000000000e+06
2.205230800000000000e+07
2.466238769531250000e+03
6.252794800000000000e+07
2.424840704000000000e+09
2.844911200000000000e+07
2.544909218750000000e+05
1.523375250000000000e+06
1.366687375000000000e+06
2.275517500000000000e+05
2.844911200000000000e+07
2.544909218750000000e+05
2.946896250000000000e+05
2.275517500000000000e+05
2.946896250000000000e+05
7.200489472000000000e+10
3.793268224000000000e+09
2.659819680000000000e+08
1.894906400000000000e+07
1.256243847656250000e+04
1.883122500000000000e+06
1.171971072000000000e+10
1.085140160000000000e+08
1.105856300000000000e+07
1.611129272460937500e+03
1.077698125000000000e+06
1.741965120000000000e+08
1.959484800000000000e+07
5.990190720000000000e+08
3.707376708984375000e+03
4.533575000000000000e+04
6.571775781250000000e+04
1.458244062500000000e+05
1.569105900000000000e+07
9.892786875000000000e+05
2.078443908691406250e+02
9.022768554687500000e+03
3.059621478400000000e+10
7.200489472000000000e+10
1.455966848000000000e+09
8.471555000000000000e+06
8.844758000000000000e+06
2.429054375000000000e+05
1.317684838400000000e+10
1.794349760000000000e+08
2.159225344000000000e+09
1.687322968750000000e+05
7.261161600000000000e+07
8.102617187500000000e+04
1.532006530761718750e+02
5.816374588012695312e+01
4.081953515625000000e+04
4.035434341430664062e+01
2.593557548522949219e+01
1.467605304718017578e+01
5.487854957580566406e+00
3.793268224000000000e+09
7.200489472000000000e+10
2.952268288000000000e+09
8.458356000000000000e+06
8.844758000000000000e+06
2.486914218750000000e+05
4.107450368000000000e+09
5.676590400000000000e+07
9.496832000000000000e+09
1.733732031250000000e+05
5.640800000000000000e+07
6.126274218750000000e+04
1.153240776062011719e+01
2.220210693359375000e+03
8.309147949218750000e+02
1.494650077819824219e+01
5.252952880859375000e+02
1.042500228881835938e+02
1.010631942749023438e+02
7.200489472000000000e+10
8.781307904000000000e+09
5.999512576000000000e+09
6.441078400000000000e+08
3.875347000000000000e+06
9.890036000000000000e+06
7.200489472000000000e+10
7.200489472000000000e+10
9.287646400000000000e+07
6.407765625000000000e+05
3.847141120000000000e+08
4.864849920000000000e+09
5.426065625000000000e+05
6.261235840000000000e+08
1.733943750000000000e+05
2.110798400000000000e+07
1.454769433593750000e+04
1.808505156250000000e+05
1.029630320000000000e+08
2.537602929687500000e+04
1.032555078125000000e+04
1.183723925781250000e+04
8.194057031250000000e+04
3.299368400000000000e+07
6.633026733398437500e+02
4.248004150390625000e+01
4.479422851562500000e+03
4.689126892089843750e+02
5.655218601226806641e+00
7.336878204345703125e+01
2.204054720000000000e+08
1.110817138671875000e+03
1.287095600000000000e+08
3.648550415039062500e+01
1.223145234375000000e+05
1.064888076782226562e+02
1.232968872070312500e+03
7.753786400000000000e+07
1.396150207519531250e+02
4.732466125488281250e+01
4.482952575683593750e+02
7.200489472000000000e+10
7.200489472000000000e+10
3.555061504000000000e+09
5.990190720000000000e+08
3.866508400000000000e+07
2.568389062500000000e+05
7.200489472000000000e+10
7.200489472000000000e+10
1.184361881600000000e+10
1.485967375000000000e+06
7.200489472000000000e+10
1.613224038400000000e+10
2.147233996800000000e+10
7.200489472000000000e+10
5.356707000000000000e+06
2.561530400000000000e+07
5.429048500000000000e+06
7.200489472000000000e+10
1.529885900800000000e+10
2.120296038400000000e+10
5.024105000000000000e+06
7.200489472000000000e+10
1.042105125000000000e+06
5.865762207031250000e+03
4.487295898437500000e+03
2.484024687500000000e+05
1.893180786132812500e+03
2.049326416015625000e+03
9.909667968750000000e+02
7.914235839843750000e+02
3.045669500000000000e+06
3.551469375000000000e+05
6.754331000000000000e+06
1.614546020507812500e+03
2.750997812500000000e+05
7.313755493164062500e+02
8.601345214843750000e+02
2.650076599121093750e+02
8.847002880000000000e+08
1.522837708800000000e+10
2.270439200000000000e+08
2.639046562500000000e+05
1.567988891601562500e+03
3.009377812500000000e+05
4.599555584000000000e+09
1.144235234375000000e+05
4.840836000000000000e+06
3.206187500000000000e+03
7.982348750000000000e+05
1.797268906250000000e+05
2.420274658203125000e+03
4.014246500000000000e+06
1.797719600000000000e+07
2.420274658203125000e+03
3.714977294921875000e+03
1.209363625000000000e+06
2.399840393066406250e+02
9.124512640000000000e+08
3.742723328000000000e+09
7.944898750000000000e+05
1.340674000000000000e+07
1.083697900000000000e+07
4.193920312500000000e+05
2.216978432000000000e+09
2.403643906250000000e+05
5.370614375000000000e+05
1.316842125000000000e+06
4.900769375000000000e+05
2.147424320000000000e+08
8.672780288000000000e+09
2.739259062500000000e+05
2.291200468750000000e+05
3.869335156250000000e+04
3.096239375000000000e+05
2.222621120000000000e+08
8.952324218750000000e+03
4.324508750000000000e+05
2.921937109375000000e+04
4.069627343750000000e+04
4.239089375000000000e+05
8.968243750000000000e+05
1.131801000000000000e+06
7.887576250000000000e+05
1.051525625000000000e+05
1.761158593750000000e+04
1.060381562500000000e+05
5.962874511718750000e+03
4.831816562500000000e+05
1.630185742187500000e+04
8.666071875000000000e+05
2.038173242187500000e+04
2.471116455078125000e+03
5.236026000976562500e+01
5.159030151367187500e+02
1.411038398742675781e+00
3.545274880000000000e+08
8.128945152000000000e+09
2.728792750000000000e+06
1.234960500000000000e+06
3.052730937500000000e+05
7.381599375000000000e+05
4.527691520000000000e+08
4.132262812500000000e+05
1.529410500000000000e+06
1.177263359375000000e+05
1.090694765625000000e+05
7.919529600000000000e+07
1.032786406250000000e+05
5.030623437500000000e+05
8.548723125000000000e+05
8.779837500000000000e+04
9.997784000000000000e+06
2.677647656250000000e+04
1.476214062500000000e+04
8.812050625000000000e+05
5.099773437500000000e+03
1.236427124023437500e+03
1.921676367187500000e+04
1.032058471679687500e+03
3.658816528320312500e+02
2.344137725830078125e+02
5.183987426757812500e+01
1.145225585937500000e+04
9.920054687500000000e+03
2.566013476562500000e+04
2.550013593750000000e+05
1.035196762084960938e+02
1.856699096679687500e+03
3.251775878906250000e+03
1.147289562225341797e+01
8.540703750000000000e+05
7.053080566406250000e+03
5.135360546875000000e+04
5.873124000000000000e+06
1.395496215820312500e+03
2.387901367187500000e+04
7.053080566406250000e+03
1.395496215820312500e+03
3.793268224000000000e+09
7.200489472000000000e+10
4.870858000000000000e+06
8.387563500000000000e+06
1.396554687500000000e+04
6.086497802734375000e+02
4.075742720000000000e+09
3.875938437500000000e+05
7.339051200000000000e+07
1.193109970092773438e+02
1.428550312500000000e+05
7.200489472000000000e+10
6.241611776000000000e+09
8.210129000000000000e+06
2.671955600000000000e+07
1.928487890625000000e+04
1.690579101562500000e+04
7.200489472000000000e+10
7.723154500000000000e+06
1.787107421875000000e+04
3.585647888183593750e+02
2.371859179687500000e+04
1.304078808593750000e+04
2.814823632812500000e+04
6.039093750000000000e+03
1.544763305664062500e+03
8.813131103515625000e+02
4.704610900878906250e+02
2.206546783447265625e+01
1.207337760925292969e+01
6.994175200000000000e+07
4.111465000000000000e+05
1.569458750000000000e+06
1.301328125000000000e+05
6.651850000000000000e+04
1.234994375000000000e+05
9.728507812500000000e+03
9.375727539062500000e+02
2.317622375488281250e+02
8.071467285156250000e+02
1.267652954101562500e+03
3.999506103515625000e+03
1.126063108444213867e+00
3.600147724151611328e+00
1.119636993408203125e+02
0.000000000000000000e+00
7.200489472000000000e+10
7.200489472000000000e+10
1.304782900000000000e+07
8.468243000000000000e+06
3.084023632812500000e+04
7.730895385742187500e+02
7.200489472000000000e+10
9.098717600000000000e+07
8.142685600000000000e+07
2.002143707275390625e+02
2.126178080000000000e+08
4.994267578125000000e+04
5.513729920000000000e+08
3.716510250000000000e+06
2.440122070312500000e+04
3.910876220703125000e+03
5.864264000000000000e+06
4.994267578125000000e+04
2.237566015625000000e+04
3.716510250000000000e+06
3.910876220703125000e+03
2.237566015625000000e+04
1.160431500000000000e+07
7.775980468750000000e+03
8.564798750000000000e+05
1.087597808837890625e+02
2.824384277343750000e+03
1.081091022491455078e+01
2.115109252929687500e+01
0.000000000000000000e+00
6.326169600000000000e+09
1.306843440000000000e+08
4.385025625000000000e+05
1.701106718750000000e+05
1.615315781250000000e+05
2.085337890625000000e+03
3.528847680000000000e+08
3.579555937500000000e+05
7.637992187500000000e+04
4.506805175781250000e+03
9.085536718750000000e+04
7.200489472000000000e+10
1.169249280000000000e+10
8.307575625000000000e+05
6.448892800000000000e+07
3.258995056152343750e+02
6.800625488281250000e+03
7.200489472000000000e+10
2.305706250000000000e+06
3.637174375000000000e+05
2.604609985351562500e+02
1.086512968750000000e+05
2.356727000000000000e+06
1.786587500000000000e+04
3.940863250000000000e+06
1.797719600000000000e+07
1.786587500000000000e+04
6.302670312500000000e+04
1.175182000000000000e+06
1.394893066406250000e+03
7.200489472000000000e+10
7.200489472000000000e+10
5.616929280000000000e+09
5.990190720000000000e+08
2.774644800000000000e+07
2.538250781250000000e+05
7.200489472000000000e+10
7.200489472000000000e+10
4.294787584000000000e+09
1.318389000000000000e+06
7.200489472000000000e+10
7.200489472000000000e+10
7.200489472000000000e+10
4.809882400000000000e+07
2.559137600000000000e+07
3.942140234375000000e+04
2.278325195312500000e+04
7.200489472000000000e+10
2.472066400000000000e+08
8.068200800000000000e+07
9.277551269531250000e+02
3.454440640000000000e+08
4.447042240000000000e+08
9.644829600000000000e+07
3.775515000000000000e+05
1.932116000000000000e+06
6.373700390625000000e+04
3.508078750000000000e+05
1.438783200000000000e+07
9.029010937500000000e+04
8.659129687500000000e+04
9.094039843750000000e+04
3.250051367187500000e+04
7.200489472000000000e+10
7.200489472000000000e+10
2.925065280000000000e+08
5.990190720000000000e+08
3.075910000000000000e+06
7.430167968750000000e+04
7.200489472000000000e+10
1.643605504000000000e+10
1.566837504000000000e+09
2.511197500000000000e+05
2.957702758400000000e+10
2.813642496000000000e+09
6.189451250000000000e+05
5.990190720000000000e+08
1.299868203125000000e+05
8.213794500000000000e+06
2.070472851562500000e+04
7.143828906250000000e+04
1.593867300000000000e+07
3.287842578125000000e+04
1.000871386718750000e+04
3.202901367187500000e+03
4.355371875000000000e+05
6.224234765625000000e+04
1.158888671875000000e+05
1.133070875000000000e+06
7.603770507812500000e+03
2.081491015625000000e+04
9.622652587890625000e+02
1.123507919311523438e+02
2.634291600000000000e+07
1.610750156250000000e+05
8.835852000000000000e+07
3.920374511718750000e+03
2.080520507812500000e+04
1.702148632812500000e+04
1.043248984375000000e+05
8.143317500000000000e+06
9.851836914062500000e+03
2.085940917968750000e+03
3.745638281250000000e+04
2.405554492187500000e+04
4.985122558593750000e+03
2.566013476562500000e+04
2.550013593750000000e+05
5.858943176269531250e+01
8.067907104492187500e+02
3.251775878906250000e+03
4.745643138885498047e+00
1.442797184000000000e+09
3.127114752000000000e+09
2.069722812500000000e+05
3.247529000000000000e+06
2.635949707031250000e+01
3.907524414062500000e+02
1.360088473600000000e+10
1.226097812500000000e+05
8.266222656250000000e+03
1.530117431640625000e+03
2.622730625000000000e+05
4.026401367187500000e+03
2.728792750000000000e+06
1.664784179687500000e+03
4.901907653808593750e+02
1.102388061523437500e+03
1.287796020507812500e+03
5.196829223632812500e+02
3.266838989257812500e+02
4.680780800000000000e+08
1.599625088000000000e+09
5.990190720000000000e+08
8.061550781250000000e+04
3.858876562500000000e+04
3.974226750000000000e+06
2.131741440000000000e+08
7.275330400000000000e+07
1.924377120000000000e+08
3.286600781250000000e+04
4.580536400000000000e+07
5.023172480000000000e+08
6.998975781250000000e+04
7.217460800000000000e+07
3.190378125000000000e+05
2.363224800000000000e+07
2.854324218750000000e+04
1.897814648437500000e+04
3.028172800000000000e+07
1.785630273437500000e+04
4.058906250000000000e+03
2.312831787109375000e+03
2.966159769600000000e+10
3.673801523200000000e+10
7.200489472000000000e+10
8.387563500000000000e+06
1.354663200000000000e+08
5.864264000000000000e+06
1.085549158400000000e+10
2.966159769600000000e+10
3.673801523200000000e+10
8.387563500000000000e+06
1.085549158400000000e+10
2.904171315200000000e+10
4.980911718400000000e+10
7.200489472000000000e+10
3.405354800000000000e+07
1.354663200000000000e+08
1.377352700000000000e+07
9.413495808000000000e+09
2.904171315200000000e+10
4.980911718400000000e+10
3.405354800000000000e+07
9.413495808000000000e+09
1.495290283203125000e+03
7.579918945312500000e+03
1.464543593750000000e+05
5.324745117187500000e+03
9.281369018554687500e+02
1.233578186035156250e+02
4.629071777343750000e+03
9.687876892089843750e+01
1.336430800000000000e+07
1.891851125000000000e+06
1.797719600000000000e+07
5.864264000000000000e+06
2.263865625000000000e+05
3.255135250000000000e+06
1.891851125000000000e+06
2.263865625000000000e+05
1.198528700000000000e+07
2.692552089691162109e+00
1.018386328125000000e+05
1.001710176467895508e+00
2.850224971771240234e-01
5.481186718750000000e+04
0.000000000000000000e+00
0.000000000000000000e+00
1.837856250000000000e+04
3.386423110961914062e+01
2.533736083984375000e+03
6.798195190429687500e+02
1.304808139801025391e+01
1.533940124511718750e+02
0.000000000000000000e+00
0.000000000000000000e+00
3.552876800000000000e+08
2.740450500000000000e+06
3.001615937500000000e+05
8.049360656738281250e+01
4.162635937500000000e+05
1.618109531250000000e+05
3.661436843872070312e+01
9.259706115722656250e+01
3.816320000000000000e+07
3.092550625000000000e+05
1.048020125000000000e+06
8.907021484375000000e+03
1.360661406250000000e+05
1.974949804687500000e+04
5.929159545898437500e+02
4.146986694335937500e+02
7.857758208000000000e+09
4.381261200000000000e+07
2.232361816406250000e+03
1.057560859375000000e+05
1.490756591796875000e+03
3.067870330810546875e+01
3.888808960000000000e+08
3.184930419921875000e+03
1.787041473388671875e+02
3.624937057495117188e+01
7.056741943359375000e+02
4.273835264000000000e+09
1.939737600000000000e+09
2.728792750000000000e+06
4.426477500000000000e+06
1.294794000000000000e+06
6.514876562500000000e+04
1.982350080000000000e+09
1.376432000000000000e+06
5.705807500000000000e+05
3.048875937500000000e+05
4.578864500000000000e+06
2.106247656250000000e+05
8.213229492187500000e+03
2.123025634765625000e+03
1.702728281250000000e+05
6.058745117187500000e+03
1.384516967773437500e+03
5.403566894531250000e+02
1.509419433593750000e+03
2.093754750000000000e+06
4.343604003906250000e+03
7.916593750000000000e+04
2.141855712890625000e+03
2.585084472656250000e+03
7.840632934570312500e+02
1.609995841979980469e+01
2.070918560028076172e+00
7.076933760000000000e+08
8.363826250000000000e+05
6.452050625000000000e+05
1.218139687500000000e+05
4.986488750000000000e+05
4.766729600000000000e+07
6.563664062500000000e+04
6.166193847656250000e+03
1.927703281250000000e+05
1.267243530273437500e+03
1.221522293090820312e+02
6.290485937500000000e+04
1.182625366210937500e+03
1.189355392456054688e+02
1.464273643493652344e+01
1.435878372192382812e+01
4.425339843750000000e+04
5.432192993164062500e+02
3.344507324218750000e+03
5.560437011718750000e+02
1.105329345703125000e+03
1.505002319335937500e+03
1.782555999755859375e+02
4.982138977050781250e+02
4.014237952000000000e+09
8.625831000000000000e+06
2.728792750000000000e+06
1.248512109375000000e+04
4.193920312500000000e+05
1.807104492187500000e+03
7.686743200000000000e+07
7.041791250000000000e+05
1.087659277343750000e+04
6.145310058593750000e+02
4.873922656250000000e+04
1.255193250000000000e+06
4.784823608398437500e+02
2.824375000000000000e+05
7.305117187500000000e+03
2.473558349609375000e+02
6.600959375000000000e+04
5.743082885742187500e+02
2.980867614746093750e+02
9.271309600000000000e+07
4.704316250000000000e+05
4.456807617187500000e+03
5.510801171875000000e+04
1.089064921875000000e+05
5.868984800000000000e+07
4.658644714355468750e+02
4.060439453125000000e+04
4.337641200000000000e+07
2.544909218750000000e+05
1.029501953125000000e+05
2.014423095703125000e+03
2.295317382812500000e+04
3.901925292968750000e+03
4.678860473632812500e+01
4.702353954315185547e+00
5.713252000000000000e+06
1.939737600000000000e+09
2.647327500000000000e+06
8.181719531250000000e+04
9.871580078125000000e+03
6.329854687500000000e+04
2.186355200000000000e+07
1.548656640625000000e+04
5.529968125000000000e+05
1.257478271484375000e+03
2.671283593750000000e+04
5.501788672000000000e+09
1.895891500000000000e+06
7.762098750000000000e+05
1.687864648437500000e+04
1.709938750000000000e+06
2.489314000000000000e+06
4.567081054687500000e+03
1.243758750000000000e+05
7.200489472000000000e+10
1.785662668800000000e+10
2.979977984000000000e+09
4.795597312000000000e+09
2.684348000000000000e+07
4.567821000000000000e+06
7.200489472000000000e+10
7.200489472000000000e+10
1.376928000000000000e+08
4.161909000000000000e+06
1.882864256000000000e+09
1.336220800000000000e+09
1.215248925781250000e+04
1.229059100000000000e+07
5.182564697265625000e+02
2.870806875000000000e+05
6.452631225585937500e+02
8.331503906250000000e+02
1.630834000000000000e+07
3.618146514892578125e+01
1.134247360229492188e+02
6.798431396484375000e+01
1.005258700000000000e+07
7.200489472000000000e+10
3.726965760000000000e+09
1.300362890625000000e+04
4.148764062500000000e+04
1.935840781250000000e+05
2.454863200000000000e+07
1.723294218750000000e+05
1.040636313600000000e+10
4.453827209472656250e+02
4.058905312500000000e+05
7.200489472000000000e+10
3.876852940800000000e+10
1.690322031250000000e+05
5.990190720000000000e+08
3.102092285156250000e+03
1.206536407470703125e+02
7.200489472000000000e+10
2.681265000000000000e+05
5.446466250000000000e+05
2.105230102539062500e+02
1.212306000000000000e+06
1.551817984000000000e+09
5.781996400000000000e+07
1.203512000000000000e+06
3.775946875000000000e+05
6.334305859375000000e+04
2.289067871093750000e+03
1.090274800000000000e+08
1.118993906250000000e+05
5.462467968750000000e+04
1.076229980468750000e+04
1.461970312500000000e+05
3.463890176000000000e+09
7.200489472000000000e+10
7.200489472000000000e+10
8.014437000000000000e+06
1.446268000000000000e+08
6.222155500000000000e+06
3.917906432000000000e+09
4.245771776000000000e+09
7.200489472000000000e+10
8.149828000000000000e+06
4.548502016000000000e+09
9.475951616000000000e+09
1.402411800000000000e+07
4.199814500000000000e+06
1.258354200000000000e+07
7.062639000000000000e+06
8.572912640000000000e+08
5.403153750000000000e+05
1.162530250000000000e+06
7.200489472000000000e+10
3.793268224000000000e+09
7.200489472000000000e+10
2.916838144000000000e+09
7.177847296000000000e+09
1.241372080000000000e+08
7.200489472000000000e+10
7.200489472000000000e+10
3.350338304000000000e+09
2.642134272000000000e+09
7.200489472000000000e+10
2.968554086400000000e+10
3.628030771200000000e+10
7.200489472000000000e+10
8.520656000000000000e+06
1.384708000000000000e+08
6.005324000000000000e+06
1.088557568000000000e+10
3.099356160000000000e+10
3.826821939200000000e+10
8.568064000000000000e+06
1.127770214400000000e+10
2.186899250000000000e+06
5.144100864000000000e+09
2.720161562500000000e+05
3.506190625000000000e+04
3.330583984375000000e+03
9.920054687500000000e+03
1.106252800000000000e+07
1.772200000000000000e+04
1.124035859375000000e+05
1.018794311523437500e+03
3.342736718750000000e+04
8.128945152000000000e+09
5.628763600000000000e+07
2.728792750000000000e+06
2.369985468750000000e+05
7.381599375000000000e+05
8.471503906250000000e+03
3.587852480000000000e+08
1.529410500000000000e+06
7.850978906250000000e+04
1.708540625000000000e+04
4.826055312500000000e+05
1.086521500000000000e+06
4.986952734375000000e+04
1.124831700000000000e+07
4.533151562500000000e+04
1.134233281250000000e+05
2.306232604980468750e+02
1.527719628906250000e+04
2.234582061767578125e+02
8.743999360000000000e+08
1.402411800000000000e+07
3.466807812500000000e+05
3.724015235900878906e+00
3.758544500000000000e+06
6.659252319335937500e+02
5.200128078460693359e+00
4.032390136718750000e+03
8.565594624000000000e+09
1.536153440000000000e+08
2.742808789062500000e+04
1.206905625000000000e+05
1.237521093750000000e+04
1.361901092529296875e+02
3.382628160000000000e+08
1.561735839843750000e+04
1.297816894531250000e+03
2.168766784667968750e+02
2.847710937500000000e+03
1.424882421875000000e+04
1.625982519531250000e+04
4.209841015625000000e+04
5.981308593750000000e+03
1.052771777343750000e+04
2.161153437500000000e+05
1.752738952636718750e+02
7.387918945312500000e+03
5.064952697753906250e+02
3.147933837890625000e+03
1.175331649780273438e+02
3.059621478400000000e+10
7.200489472000000000e+10
1.443183250000000000e+06
8.387563500000000000e+06
5.732046484375000000e+04
9.331357421875000000e+03
1.307677491200000000e+10
5.082151953125000000e+04
2.015998000000000000e+07
5.135618652343750000e+03
9.842346875000000000e+05
4.121016000000000000e+08
3.308072320000000000e+08
4.626484000000000000e+07
2.670678400000000000e+08
2.339535600000000000e+07
5.864264000000000000e+06
4.121016000000000000e+08
1.117271000000000000e+07
4.626484000000000000e+07
2.339535600000000000e+07
1.117271000000000000e+07
1.329215104000000000e+09
8.148049926757812500e+01
3.239500480000000000e+08
1.569541740417480469e+01
8.137410156250000000e+04
5.820932388305664062e+01
1.365282897949218750e+02
6.773080800000000000e+07
5.640143585205078125e+01
7.450220108032226562e+00
3.266778564453125000e+01
1.232857900000000000e+07
1.605549670400000000e+10
4.573916015625000000e+04
6.446224400000000000e+07
4.846191024780273438e+01
2.200354003906250000e+03
6.508584448000000000e+09
3.014104248046875000e+03
1.353692675781250000e+04
6.411726074218750000e+03
5.578985156250000000e+04
3.227621760000000000e+08
1.537980544000000000e+09
2.728792750000000000e+06
8.420715000000000000e+05
2.973452500000000000e+05
5.277753125000000000e+05
2.227578400000000000e+08
3.348555312500000000e+05
1.052352875000000000e+06
9.867862500000000000e+04
1.792910312500000000e+05
4.756315200000000000e+08
8.697010560000000000e+08
7.916399000000000000e+06
1.578818875000000000e+06
1.254073375000000000e+06
5.815604500000000000e+06
4.651162880000000000e+08
1.332732300000000000e+07
7.800247000000000000e+06
1.246801500000000000e+06
1.312956200000000000e+07
6.526536875000000000e+05
8.387563500000000000e+06
1.250190429687500000e+03
5.361348266601562500e+02
8.152200317382812500e+01
1.183548812866210938e+02
1.823936889648437500e+03
1.180187500000000000e+03
5.618307495117187500e+01
4.430145645141601562e+01
4.568936157226562500e+01
1.548163200000000000e+08
6.956301440000000000e+08
1.033215859375000000e+05
1.484101093750000000e+05
8.798789843750000000e+04
4.193920312500000000e+05
9.991708800000000000e+07
2.305758789062500000e+04
1.228655312500000000e+05
2.106592578125000000e+04
2.465984960937500000e+04
2.402374375000000000e+05
2.269179229736328125e+02
2.275597851562500000e+04
1.597145843505859375e+01
1.978969879150390625e+02
1.085810279846191406e+01
0.000000000000000000e+00
0.000000000000000000e+00
2.190720214843750000e+03
3.421402343750000000e+04
9.664602539062500000e+03
5.864264000000000000e+06
1.564095916748046875e+02
2.350212860107421875e+02
9.664602539062500000e+03
2.350212860107421875e+02
7.200489472000000000e+10
7.200489472000000000e+10
7.200489472000000000e+10
5.990190720000000000e+08
7.942713344000000000e+09
5.864264000000000000e+06
7.200489472000000000e+10
7.200489472000000000e+10
7.200489472000000000e+10
5.990190720000000000e+08
7.200489472000000000e+10
7.200489472000000000e+10
7.200489472000000000e+10
7.200489472000000000e+10
2.737378500000000000e+06
4.145138880000000000e+08
1.565963500000000000e+07
7.200489472000000000e+10
7.200489472000000000e+10
7.200489472000000000e+10
2.737378500000000000e+06
7.200489472000000000e+10
1.160066048000000000e+10
7.200489472000000000e+10
2.709327680000000000e+08
1.087182200000000000e+07
2.225161406250000000e+05
5.894988281250000000e+04
5.076149452800000000e+10
2.366030000000000000e+07
9.046703360000000000e+08
4.572293750000000000e+04
3.731194400000000000e+07
4.552061500000000000e+06
8.387563500000000000e+06
8.095998750000000000e+05
1.707719531250000000e+04
1.699406372070312500e+03
2.989411718750000000e+04
1.940004843750000000e+05
9.590415625000000000e+04
6.405687011718750000e+03
6.104332885742187500e+02
3.657997802734375000e+03
2.960538125000000000e+05
6.698142187500000000e+04
2.662729500000000000e+06
1.386576250000000000e+05
6.826853906250000000e+04
2.802889404296875000e+02
1.702171484375000000e+04
1.909293365478515625e+02
4.141049446400000000e+10
2.922588000000000000e+06
1.240489375000000000e+06
3.363769531250000000e+04
1.917226375000000000e+06
9.080998400000000000e+07
5.501590332031250000e+03
1.387536718750000000e+05
1.449290800000000000e+07
1.679959347200000000e+10
2.952268288000000000e+09
1.847031562500000000e+05
2.323589843750000000e+03
4.181239500000000000e+06
8.212009000000000000e+06
4.955772500000000000e+05
1.248431280000000000e+08
1.463594140625000000e+04
5.996253125000000000e+05
6.884774912000000000e+09
1.147611392000000000e+09
1.169034179687500000e+03
6.637716000000000000e+06
1.325389099121093750e+02
3.096539794921875000e+03
6.884774912000000000e+09
3.491221618652343750e+02
1.169034179687500000e+03
1.325389099121093750e+02
3.491221618652343750e+02
2.375459218750000000e+05
7.398362792968750000e+03
3.645421875000000000e+05
1.246223242187500000e+04
2.709417968750000000e+03
2.520100585937500000e+03
8.802157226562500000e+03
3.808819961547851562e+01
2.876275968000000000e+09
2.023012400000000000e+07
7.393675000000000000e+05
4.607891845703125000e+02
8.769886000000000000e+06
7.761411621093750000e+03
9.516135406494140625e+01
3.123543164062500000e+04
7.186418560000000000e+08
3.893458984375000000e+04
6.034662400000000000e+08
9.318802490234375000e+02
1.008322109375000000e+05
3.518575683593750000e+03
1.331687011718750000e+03
6.931169500000000000e+06
4.675195312500000000e+03
2.131532669067382812e+01
2.948226928710937500e+02
7.462946400000000000e+07
1.442577734375000000e+04
6.911170625000000000e+05
1.739165625000000000e+05
4.361642000000000000e+07
1.437044062500000000e+05
2.597157714843750000e+03
2.223145750000000000e+06
4.447799072265625000e+02
3.840057421875000000e+04
2.807368469238281250e+02
1.809675520000000000e+08
6.329598750000000000e+05
3.765673750000000000e+06
2.483345898437500000e+04
6.558501562500000000e+04
5.995685156250000000e+04
2.412430859375000000e+04
2.403923437500000000e+05
7.363171386718750000e+03
4.100661010742187500e+02
4.298954772949218750e+02
7.200489472000000000e+10
7.200489472000000000e+10
2.140761250000000000e+06
9.154984320000000000e+08
3.089369531250000000e+04
6.785301269531250000e+03
7.200489472000000000e+10
1.145803500000000000e+07
3.222237600000000000e+07
5.524395996093750000e+03
6.868425600000000000e+07
1.045599250000000000e+06
6.514876562500000000e+04
3.166566500000000000e+06
2.627562011718750000e+03
3.224823046875000000e+04
4.856395339965820312e+01
4.819642028808593750e+02
1.270257234573364258e+00
3.375542812500000000e+05
2.470825347900390625e+02
3.406575000000000000e+04
8.454661865234375000e+02
2.618065490722656250e+02
3.376284912109375000e+03
2.431393890380859375e+02
3.115869445800781250e+02
7.200489472000000000e+10
7.200489472000000000e+10
8.284534000000000000e+06
5.990190720000000000e+08
5.475355000000000000e+05
1.907999609375000000e+04
7.200489472000000000e+10
8.168228000000000000e+07
7.191530400000000000e+07
2.933079882812500000e+04
1.448534400000000000e+08
7.200489472000000000e+10
1.417409400000000000e+07
1.126703828125000000e+05
2.842759680000000000e+08
5.247808837890625000e+02
1.350193023681640625e+01
7.200489472000000000e+10
3.583910937500000000e+05
7.555458374023437500e+02
8.532378196716308594e+00
1.868861938476562500e+03
5.536095500000000000e+06
6.462554931640625000e+02
4.068502343750000000e+04
8.923767187500000000e+04
6.462554931640625000e+02
2.039629687500000000e+04
7.912236022949218750e+01
1.111799335479736328e+01
6.732080500000000000e+06
1.891851125000000000e+06
8.423119531250000000e+04
6.182254687500000000e+04
7.938473437500000000e+04
2.415555273437500000e+04
4.544448242187500000e+03
9.555141601562500000e+02
1.015727168000000000e+09
1.848319531250000000e+05
1.261233520000000000e+08
1.209704687500000000e+05
8.387563500000000000e+06
1.907448437500000000e+04
2.540438281250000000e+04
9.072666000000000000e+06
1.158456542968750000e+04
9.476295898437500000e+03
1.037513427734375000e+03
1.573580500000000000e+07
8.985946240000000000e+08
3.467663040000000000e+08
5.155135937500000000e+04
1.075569140625000000e+04
3.189170312500000000e+05
1.321234750000000000e+06
7.190779375000000000e+05
1.601856500000000000e+06
2.871188720703125000e+03
3.227564257812500000e+04
7.200489472000000000e+10
7.200489472000000000e+10
4.545037200000000000e+07
1.918505920000000000e+08
8.293264843750000000e+04
1.984946899414062500e+03
7.200489472000000000e+10
2.251516160000000000e+08
6.507898880000000000e+08
7.414469238281250000e+03
8.125592320000000000e+08
7.200489472000000000e+10
8.273683968000000000e+09
2.232677500000000000e+06
2.916838144000000000e+09
3.617523437500000000e+04
1.620183691406250000e+04
7.200489472000000000e+10
2.168178400000000000e+07
5.126269140625000000e+04
4.147165527343750000e+03
1.625129625000000000e+06
1.070282750000000000e+06
6.990247070312500000e+03
4.230131875000000000e+05
2.089326750000000000e+06
1.053506933593750000e+04
5.639809765625000000e+04
3.718758203125000000e+04
7.151855468750000000e+02
2.522191872000000000e+10
1.142709472656250000e+04
3.088547851562500000e+04
1.762728281250000000e+05
7.897681152343750000e+03
1.771693600000000000e+08
3.213256225585937500e+02
7.482256317138671875e+01
3.555078000000000000e+07
9.711850585937500000e+02
5.987835500000000000e+06
2.691661621093750000e+03
7.090018125000000000e+05
6.276140625000000000e+03
2.104416259765625000e+03
1.998818125000000000e+06
3.093605995178222656e+01
1.698367797851562500e+03
3.863377990722656250e+02
9.009465820312500000e+03
3.889401562500000000e+05
9.980479492187500000e+03
5.864264000000000000e+06
2.900550537109375000e+02
2.714414672851562500e+02
9.980479492187500000e+03
2.714414672851562500e+02
9.398812500000000000e+04
5.018014221191406250e+02
8.758033447265625000e+02
7.441701660156250000e+02
9.615042114257812500e+01
3.799389648437500000e+03
2.096058654785156250e+01
2.601951837539672852e+00
5.536095500000000000e+06
8.968243750000000000e+05
1.389013700000000000e+07
8.166611718750000000e+04
8.968243750000000000e+05
1.733848046875000000e+04
3.822223828125000000e+04
7.318953125000000000e+03
5.718341200000000000e+07
5.106804062500000000e+05
5.990190720000000000e+08
1.730446052551269531e+01
1.999178588867187500e+03
1.975419677734375000e+03
9.326472656250000000e+03
2.493714250000000000e+06
2.113829687500000000e+04
4.360685825347900391e+00
4.482357177734375000e+02
4.997252187500000000e+05
8.387563500000000000e+06
1.610034082031250000e+04
6.165546875000000000e+03
4.103902282714843750e+02
3.516689941406250000e+03
7.226729492187500000e+03
5.396895019531250000e+03
8.297010498046875000e+02
4.960519104003906250e+02
4.774240112304687500e+02
8.565594624000000000e+09
4.123966976000000000e+09
3.306022705078125000e+03
3.665306500000000000e+06
3.023057373046875000e+03
3.791489028930664062e+01
6.767212032000000000e+09
3.690598144531250000e+03
1.687126464843750000e+02
3.323196716308593750e+02
4.700101562500000000e+03
7.200489472000000000e+10
7.200489472000000000e+10
1.465471600000000000e+07
5.407439000000000000e+06
3.666074218750000000e+04
2.762337304687500000e+04
7.200489472000000000e+10
1.697122400000000000e+07
1.222103040000000000e+08
3.981544189453125000e+02
2.180920000000000000e+07
7.200489472000000000e+10
8.734385152000000000e+09
7.200489472000000000e+10
1.627469600000000000e+08
2.870388800000000000e+08
1.524521760000000000e+08
7.200489472000000000e+10
7.200489472000000000e+10
1.118415667200000000e+10
1.707024960000000000e+08
7.200489472000000000e+10
1.765527221679687500e+03
8.960592773437500000e+03
4.695034790039062500e+02
1.836820507812500000e+04
5.030760955810546875e+01
4.050546169281005859e+00
5.932280883789062500e+02
3.108649730682373047e+00
7.200489472000000000e+10
7.200489472000000000e+10
2.060390144000000000e+09
3.059313200000000000e+07
2.006256750000000000e+06
2.044219218750000000e+05
7.200489472000000000e+10
2.417840537600000000e+10
8.035527168000000000e+09
2.352955859375000000e+04
6.617769574400000000e+10
6.954175200000000000e+07
8.789958984375000000e+03
8.158646500000000000e+06
2.651895312500000000e+04
8.697034000000000000e+06
4.383629882812500000e+03
1.653531127929687500e+03
1.597900125000000000e+06
8.633173217773437500e+02
2.433001220703125000e+03
1.875177307128906250e+02
7.200489472000000000e+10
7.200489472000000000e+10
7.200489472000000000e+10
6.221427840000000000e+08
9.572448256000000000e+09
6.165802500000000000e+06
7.200489472000000000e+10
7.200489472000000000e+10
7.200489472000000000e+10
7.453946240000000000e+08
7.200489472000000000e+10
4.408342812500000000e+05
8.387563500000000000e+06
9.021290625000000000e+04
4.221717773437500000e+03
1.751311683654785156e+01
1.978193115234375000e+03
8.900143554687500000e+03
2.079975128173828125e+02
1.735941040039062500e+03
7.167083740234375000e+01
1.098577270507812500e+02
1.214955600000000000e+07
1.188718945312500000e+04
5.284342000000000000e+06
1.200307128906250000e+03
4.198475341796875000e+02
2.145463281250000000e+04
1.362359497070312500e+03
8.570457031250000000e+04
1.606027526855468750e+02
2.719172096252441406e+01
2.033149147033691406e+01
7.200489472000000000e+10
2.607093555200000000e+10
7.200489472000000000e+10
2.522416640000000000e+09
7.942713344000000000e+09
1.255808560000000000e+08
7.200489472000000000e+10
7.200489472000000000e+10
2.607093555200000000e+10
2.522416640000000000e+09
7.200489472000000000e+10
3.786465792000000000e+09
7.200489472000000000e+10
3.140294144000000000e+09
8.446667000000000000e+06
9.464232000000000000e+06
2.500474687500000000e+05
4.111189248000000000e+09
5.867518800000000000e+07
1.006238617600000000e+10
1.789384687500000000e+05
5.936014800000000000e+07
7.200489472000000000e+10
7.200489472000000000e+10
7.200489472000000000e+10
1.014036100000000000e+07
8.935713920000000000e+08
7.667219500000000000e+06
7.200489472000000000e+10
7.200489472000000000e+10
7.200489472000000000e+10
1.014036100000000000e+07
7.200489472000000000e+10
8.580388480000000000e+08
1.402411800000000000e+07
2.843295625000000000e+05
1.972269287109375000e+02
3.271963750000000000e+06
4.735214453125000000e+04
2.886903991699218750e+02
9.035178125000000000e+04
2.664860937500000000e+05
1.612822167968750000e+04
1.886885864257812500e+03
3.984408593750000000e+04
1.220453979492187500e+03
2.256669769287109375e+02
3.791000061035156250e+02
4.161195373535156250e+01
7.200489472000000000e+10
7.200489472000000000e+10
7.146518000000000000e+06
7.813581500000000000e+06
9.832732421875000000e+03
8.148789672851562500e+02
7.200489472000000000e+10
2.969784400000000000e+07
3.634653600000000000e+07
5.517597198486328125e+01
8.706200800000000000e+07
3.480749609375000000e+04
1.653002875000000000e+06
6.219095703125000000e+04
2.246971289062500000e+04
2.270542382812500000e+04
7.633359863281250000e+03
9.822694335937500000e+03
3.278479248046875000e+03
4.265446912000000000e+09
2.548766800000000000e+07
6.119554560000000000e+08
3.736247500000000000e+06
2.091788800000000000e+07
2.290175781250000000e+05
3.498744500000000000e+06
9.672648000000000000e+07
1.074259625000000000e+06
1.131952109375000000e+05
3.485967500000000000e+05
2.096081250000000000e+04
4.183943786621093750e+02
7.074787139892578125e+00
4.082347656250000000e+03
1.659669647216796875e+02
7.521139144897460938e+00
1.993483924865722656e+01
8.681510925292968750e+00
1.001278960000000000e+08
2.009473125000000000e+05
2.751302978515625000e+03
1.031785774230957031e+01
1.027570800781250000e+03
1.356263085937500000e+04
5.204315185546875000e-01
0.000000000000000000e+00
3.404308203125000000e+04
1.784327087402343750e+02
6.003339233398437500e+02
6.092004687500000000e+04
1.467054595947265625e+02
3.330420532226562500e+02
4.805813598632812500e+01
6.995658874511718750e+01
4.014237952000000000e+09
3.102045750000000000e+06
1.228061625000000000e+06
1.041122851562500000e+04
1.320095468750000000e+05
7.676455688476562500e+02
4.160979600000000000e+07
2.199765781250000000e+05
1.973931274414062500e+03
2.623400573730468750e+02
1.286440820312500000e+04
1.938203648000000000e+10
2.561886800000000000e+07
5.445621500000000000e+06
1.461398750000000000e+05
2.520855600000000000e+07
4.833422500000000000e+06
7.253225585937500000e+03
3.050810312500000000e+05
5.780550041600000000e+10
3.528580500000000000e+06
3.433693437500000000e+05
2.371349750000000000e+06
1.993273000000000000e+06
6.948229632000000000e+09
2.058957226562500000e+04
9.868823125000000000e+05
2.916838144000000000e+09
1.084888458251953125e+02
5.013800960000000000e+08
8.067517089843750000e+01
2.836935200000000000e+07
2.255589294433593750e+02
2.821512413024902344e+01
3.031224000000000000e+07
3.017709045410156250e+02
5.298205947875976562e+01
2.562590026855468750e+01
7.537684326171875000e+02
2.004245727539062500e+03
8.309145000000000000e+05
1.396948394775390625e+02
7.724505615234375000e+02
2.906632423400878906e+00
3.691505813598632812e+01
1.545224189758300781e+00
7.200489472000000000e+10
7.200489472000000000e+10
4.387920640000000000e+08
5.201815200000000000e+07
2.228841500000000000e+06
7.163653125000000000e+05
7.200489472000000000e+10
1.708384256000000000e+09
4.600123840000000000e+08
6.253192187500000000e+04
2.552476160000000000e+09
4.448391680000000000e+08
8.739618816000000000e+09
2.787905000000000000e+05
2.796521875000000000e+05
4.594235937500000000e+04
3.096239375000000000e+05
2.500056800000000000e+08
2.284962304687500000e+04
4.379976562500000000e+05
7.109717187500000000e+04
1.630471093750000000e+05
2.444744960000000000e+09
1.968184320000000000e+09
2.732230250000000000e+06
3.182345250000000000e+06
1.434449500000000000e+06
6.514876562500000000e+04
2.618494464000000000e+09
1.313900500000000000e+06
5.761691250000000000e+05
2.312068125000000000e+05
7.291752500000000000e+06
3.830021600000000000e+07
8.633251840000000000e+09
4.732552320000000000e+08
8.360639200000000000e+07
1.882856640625000000e+04
9.290121000000000000e+06
7.793555840000000000e+08
7.739406250000000000e+05
4.276978400000000000e+07
3.311344000000000000e+06
2.232093600000000000e+07
1.142192300000000000e+07
5.691702148437500000e+03
1.159064500000000000e+07
5.770482177734375000e+02
3.833026367187500000e+03
7.393735351562500000e+03
8.539282226562500000e+02
1.117281250000000000e+05
1.511223907470703125e+02
2.488518905639648438e+01
1.317387580871582031e+01
5.147454720000000000e+08
1.499540500000000000e+07
2.483908935546875000e+03
5.930453125000000000e+03
7.490894531250000000e+04
3.860303600000000000e+07
1.187477035522460938e+02
1.373567285156250000e+04
8.295590000000000000e+05
8.332598114013671875e+01
3.253400585937500000e+04
1.233950042724609375e+02
8.563268280029296875e+01
3.369277343750000000e+03
1.644192657470703125e+02
1.271823883056640625e+02
7.236776320000000000e+08
2.016919250000000000e+06
1.178417625000000000e+06
1.404384218750000000e+05
1.074530029296875000e+03
8.405158750000000000e+05
3.277390000000000000e+05
3.818115234375000000e+03
3.446113891601562500e+02
1.069298046875000000e+04
8.565594624000000000e+09
3.494542336000000000e+09
7.111878750000000000e+05
1.248593375000000000e+06
2.977723125000000000e+05
9.450915039062500000e+03
2.418042368000000000e+09
6.353705000000000000e+05
2.331026875000000000e+05
7.868743750000000000e+04
7.601635625000000000e+05
7.200489472000000000e+10
7.200489472000000000e+10
7.200489472000000000e+10
6.027024640000000000e+08
4.991685632000000000e+09
6.268971500000000000e+06
7.200489472000000000e+10
7.200489472000000000e+10
7.200489472000000000e+10
4.548265600000000000e+08
7.200489472000000000e+10
5.892879000000000000e+06
7.913228000000000000e+06
1.283775920000000000e+08
6.026531738281250000e+03
2.884357812500000000e+05
5.864264000000000000e+06
1.478709472656250000e+04
5.892879000000000000e+06
7.913228000000000000e+06
6.026531738281250000e+03
1.478709472656250000e+04
3.636106240000000000e+09
7.200489472000000000e+10
8.879697000000000000e+06
8.213794500000000000e+06
1.169430390625000000e+05
1.905822656250000000e+04
4.003792640000000000e+09
7.094578906250000000e+04
1.630247200000000000e+08
9.147616210937500000e+03
8.134408750000000000e+05
3.742723328000000000e+09
3.494542336000000000e+09
7.295920625000000000e+05
2.877124000000000000e+06
1.010680859375000000e+05
7.398362792968750000e+03
3.193940992000000000e+09
2.547957031250000000e+05
1.322806093750000000e+05
4.386919921875000000e+04
4.097892812500000000e+05
1.243394750000000000e+06
1.185902734375000000e+04
3.662350312500000000e+05
1.480937031250000000e+05
1.416781860351562500e+03
5.035235351562500000e+03
9.411811523437500000e+03
6.968951702117919922e+00
1.626283496093750000e+04
4.529132812500000000e+04
7.846217968750000000e+04
5.415881250000000000e+04
6.306974121093750000e+03
1.051287963867187500e+03
4.075496484375000000e+04
2.657053466796875000e+03
1.012741718750000000e+05
1.584184277343750000e+04
1.953688281250000000e+05
8.071751562500000000e+04
5.120226074218750000e+03
6.707064819335937500e+02
2.753741406250000000e+04
9.609989929199218750e+01
5.517333299200000000e+10
2.400745881600000000e+10
1.617239520000000000e+08
2.326546000000000000e+07
1.244100500000000000e+06
9.011831250000000000e+04
8.735335424000000000e+09
1.679348000000000000e+07
1.053074640000000000e+08
9.437461718750000000e+04
2.193774000000000000e+07
2.799428125000000000e+05
2.381797607421875000e+03
1.355222875000000000e+06
8.993117065429687500e+02
2.365778808593750000e+03
9.700890779495239258e-01
3.543424987792968750e+01
0.000000000000000000e+00
1.946795468750000000e+05
2.435181835937500000e+04
1.933026885986328125e+02
2.001013476562500000e+04
4.450405761718750000e+03
3.715622314453125000e+03
1.538598266601562500e+03
1.053920532226562500e+03
5.965520381927490234e+00
7.302031250000000000e+02
1.028706665039062500e+02
1.506275584000000000e+09
1.776516480000000000e+09
1.338362875000000000e+06
3.465394000000000000e+06
2.802072187500000000e+05
2.704752197265625000e+03
1.756921472000000000e+09
3.707023125000000000e+05
3.758767578125000000e+04
6.022786718750000000e+04
9.023777500000000000e+05
1.154079600000000000e+08
4.111465000000000000e+05
1.389013700000000000e+07
1.470494375000000000e+05
4.111465000000000000e+05
4.734523437500000000e+04
1.565720800781250000e+04
1.844025634765625000e+03
2.168919062500000000e+05
6.514876562500000000e+04
1.585821406250000000e+05
1.742547988891601562e+01
1.346277343750000000e+03
8.192796707153320312e+00
6.482840776443481445e-01
0.000000000000000000e+00
2.277552320000000000e+08
1.531309661865234375e+02
4.034295250000000000e+06
1.245918334960937500e+03
8.543235000000000000e+06
1.142867660522460938e+02
2.805676269531250000e+02
7.059946250000000000e+05
9.024748802185058594e-01
5.501051330566406250e+01
5.791864871978759766e+00
3.791766800000000000e+07
8.387563500000000000e+06
1.258515136718750000e+03
2.615448046875000000e+04
3.726375579833984375e+01
1.189794616699218750e+02
5.534892578125000000e+04
1.270541259765625000e+03
5.658102416992187500e+01
1.135314178466796875e+01
3.172209167480468750e+01
7.200489472000000000e+10
5.682247680000000000e+08
5.992199500000000000e+06
5.203472000000000000e+07
4.910699707031250000e+03
3.467825195312500000e+03
1.091384934400000000e+10
9.110850000000000000e+06
7.754495312500000000e+04
9.622979736328125000e+02
4.078953125000000000e+04
3.749529200000000000e+07
2.585994752000000000e+09
7.200489472000000000e+10
1.397076000000000000e+06
1.840148437500000000e+04
2.975510800000000000e+07
3.736779840000000000e+08
3.749529200000000000e+07
2.585994752000000000e+09
1.397076000000000000e+06
3.736779840000000000e+08
1.917874531250000000e+05
3.223158569335937500e+02
4.805731506347656250e+02
2.436958984375000000e+04
3.126001892089843750e+02
6.016971435546875000e+02
2.687159538269042969e+01
5.147403717041015625e+01
1.712713867187500000e+04
3.406290527343750000e+03
8.511716250000000000e+05
1.442579250000000000e+06
8.302664794921875000e+02
9.502362823486328125e+01
8.647378125000000000e+04
8.790549278259277344e+00
7.447613281250000000e+04
4.449839062500000000e+04
5.423748046875000000e+04
2.559582812500000000e+04
4.920869445800781250e+02
6.419637451171875000e+02
9.696550903320312500e+02
1.503269195556640625e+02
7.200489472000000000e+10
4.922380160000000000e+08
7.200489472000000000e+10
2.992060400000000000e+07
1.892202240000000000e+08
2.138675600000000000e+07
2.692084326400000000e+10
7.200489472000000000e+10
4.922380160000000000e+08
2.992060400000000000e+07
2.692084326400000000e+10
7.200489472000000000e+10
4.183350720000000000e+08
2.337676640000000000e+08
1.254346496000000000e+09
1.520803400000000000e+07
2.406837304687500000e+04
7.200489472000000000e+10
5.299794944000000000e+09
2.367051093750000000e+05
1.873482656250000000e+05
2.577035600000000000e+07
5.683512890625000000e+04
2.157073632812500000e+04
1.746327187500000000e+05
6.838877500000000000e+06
1.176412475585937500e+03
2.772467285156250000e+03
3.345341796875000000e+04
1.305923583984375000e+03
3.793268224000000000e+09
7.200489472000000000e+10
4.256710400000000000e+09
8.387563500000000000e+06
1.211054800000000000e+07
1.169872750000000000e+06
4.075742720000000000e+09
1.663479360000000000e+08
5.247953715200000000e+10
7.745209375000000000e+05
6.777244800000000000e+08
7.200489472000000000e+10
7.200489472000000000e+10
6.875603125000000000e+04
4.043064400000000000e+07
4.667952880859375000e+02
2.114118804931640625e+02
7.200489472000000000e+10
1.978637812500000000e+05
4.275846562500000000e+05
5.180411987304687500e+02
2.561315500000000000e+06
3.288226562500000000e+03
5.029144042968750000e+03
1.204848510742187500e+03
1.327314500000000000e+06
1.472058105468750000e+04
4.460576562500000000e+04
8.263596679687500000e+03
3.563513183593750000e+02
1.158291015625000000e+03
1.949015429687500000e+04
7.561453247070312500e+02
1.262190600000000000e+07
8.141658125000000000e+05
3.716510250000000000e+06
2.753281835937500000e+04
4.828710937500000000e+04
2.539890312500000000e+05
1.850051406250000000e+05
4.870238125000000000e+05
4.702621582031250000e+03
3.213818603515625000e+03
1.092362597656250000e+04
5.424023500000000000e+06
1.043803937500000000e+06
1.713839843750000000e+04
8.328823242187500000e+02
4.995527648925781250e+02
1.917831445312500000e+04
2.284874023437500000e+03
1.752120117187500000e+04
1.449080932617187500e+03
3.535266494750976562e+01
2.182107734680175781e+01
7.200489472000000000e+10
2.811128217600000000e+10
4.836653600000000000e+07
2.543102464000000000e+09
5.990811250000000000e+05
9.493809375000000000e+04
7.200489472000000000e+10
6.951049600000000000e+08
6.056980000000000000e+06
4.763320312500000000e+05
4.056187600000000000e+07
7.200489472000000000e+10
7.200489472000000000e+10
2.606505500000000000e+06
3.716510250000000000e+06
1.282567016601562500e+03
6.997724121093750000e+03
7.200489472000000000e+10
1.253217375000000000e+06
3.952248000000000000e+07
3.391327667236328125e+01
8.875548000000000000e+06
7.928652288000000000e+09
8.806042880000000000e+08
2.841105250000000000e+06
1.443211000000000000e+07
2.319764843750000000e+04
2.000438842773437500e+03
7.200489472000000000e+10
1.988494000000000000e+06
2.622198250000000000e+06
3.578552001953125000e+03
5.869980800000000000e+07
4.285800000000000000e+08
2.860245898437500000e+04
1.156476400000000000e+07
2.819366210937500000e+03
6.376776953125000000e+04
2.020526171875000000e+04
2.190805664062500000e+03
5.913995625000000000e+05
5.152548828125000000e+02
9.202069854736328125e+01
5.141053390502929688e+01
1.049571520000000000e+08
5.098395625000000000e+05
5.990190720000000000e+08
4.965484619140625000e+02
2.387623046875000000e+03
1.868144335937500000e+04
1.096647265625000000e+05
1.907385625000000000e+06
3.272054687500000000e+04
8.575719451904296875e+01
1.526889257812500000e+04
2.764275937500000000e+05
6.153726577758789062e+00
5.276220000000000000e+06
5.867733001708984375e+00
4.174459960937500000e+03
4.317793273925781250e+01
1.879026889801025391e+00
1.414319750000000000e+06
1.379063987731933594e+01
2.954371452331542969e+00
6.115247249603271484e+00
3.940387200000000000e+08
7.960727040000000000e+08
1.250387760000000000e+08
1.472189375000000000e+06
1.190850375000000000e+06
5.864264000000000000e+06
3.940387200000000000e+08
3.551840320000000000e+08
1.250387760000000000e+08
1.190850375000000000e+06
3.551840320000000000e+08
7.200489472000000000e+10
7.200489472000000000e+10
8.019248125000000000e+05
5.990190720000000000e+08
2.994951904296875000e+03
1.168986663818359375e+02
7.200489472000000000e+10
2.909414750000000000e+06
3.867685500000000000e+06
2.032854003906250000e+02
9.762424000000000000e+06
7.102598144531250000e+03
1.983115081787109375e+02
2.305462402343750000e+03
6.257927246093750000e+03
5.234093475341796875e+01
2.852455139160156250e+02
1.505089416503906250e+02
8.825398254394531250e+01
1.935698593750000000e+05
1.035610546875000000e+04
2.698838806152343750e+02
5.803609765625000000e+04
1.685339599609375000e+03
1.802196502685546875e+02
9.746645355224609375e+01
2.514430427551269531e+01
2.935640429687500000e+04
1.257091430664062500e+03
4.890108032226562500e+02
1.453727929687500000e+04
5.072599792480468750e+01
1.280489013671875000e+03
5.367904281616210938e+01
6.045879364013671875e+00
4.189813500000000000e+06
1.652198486328125000e+02
1.610055937500000000e+05
9.575555419921875000e+02
1.237120361328125000e+02
8.147502929687500000e+03
6.482466125488281250e+01
7.554783630371093750e+01
3.536029760000000000e+08
9.294921875000000000e+04
5.990190720000000000e+08
2.549473144531250000e+03
1.095552300000000000e+07
8.293256225585937500e+02
5.535642578125000000e+03
6.786325760000000000e+08
1.726328613281250000e+03
7.651609497070312500e+02
3.530720458984375000e+03
6.909197600000000000e+07
7.942713344000000000e+09
6.124506240000000000e+08
1.083237343750000000e+05
2.875281005859375000e+03
5.956323000000000000e+06
6.909197600000000000e+07
2.094090375000000000e+06
6.124506240000000000e+08
2.875281005859375000e+03
2.094090375000000000e+06
3.194815200000000000e+07
5.531985280000000000e+08
7.200489472000000000e+10
4.776989062500000000e+04
3.081742675781250000e+03
2.347612800000000000e+07
4.796699200000000000e+07
3.194815200000000000e+07
5.531985280000000000e+08
4.776989062500000000e+04
4.796699200000000000e+07
5.509530419200000000e+10
7.137596250000000000e+05
2.897453000000000000e+06
2.238921875000000000e+03
3.385010937500000000e+05
4.144956562500000000e+05
1.266751342773437500e+03
4.046600830078125000e+03
2.034933105468750000e+03
1.634929931640625000e+03
3.253802500000000000e+05
1.453373718261718750e+02
4.968655014038085938e+01
0.000000000000000000e+00
9.401136398315429688e+00
0.000000000000000000e+00
8.565594624000000000e+09
3.711770368000000000e+09
7.944898750000000000e+05
1.206688625000000000e+06
7.381599375000000000e+05
6.353000000000000000e+04
2.447913216000000000e+09
7.594926250000000000e+05
2.381742656250000000e+05
7.897500000000000000e+04
1.006385250000000000e+06
8.128945152000000000e+09
1.939737600000000000e+09
1.243086375000000000e+06
1.248593375000000000e+06
2.146567343750000000e+05
7.398362792968750000e+03
2.992588800000000000e+09
7.148536875000000000e+05
2.124219218750000000e+05
4.595033593750000000e+04
1.631449875000000000e+06
1.269192375000000000e+06
9.920054687500000000e+03
7.177178750000000000e+05
1.139479687500000000e+05
4.902705566406250000e+03
3.131328430175781250e+02
1.064848632812500000e+03
2.714050292968750000e+00
7.200489472000000000e+10
7.200489472000000000e+10
7.200489472000000000e+10
5.995322880000000000e+08
7.942713344000000000e+09
5.882698500000000000e+06
7.200489472000000000e+10
7.200489472000000000e+10
7.200489472000000000e+10
5.995322880000000000e+08
7.200489472000000000e+10
5.599649000000000000e+06
5.977251875000000000e+05
2.382749786376953125e+02
2.337665283203125000e+03
1.108232343750000000e+05
3.074863281250000000e+02
2.241609039306640625e+02
3.094452819824218750e+02
8.301377536000000000e+09
4.520406400000000000e+07
1.079265332031250000e+04
1.702689218750000000e+05
3.803262207031250000e+03
6.034301757812500000e+01
3.837489280000000000e+08
7.693736816406250000e+03
5.483354492187500000e+02
9.399904632568359375e+01
1.928020874023437500e+03
1.411760480000000000e+08
1.011909437500000000e+06
2.952268288000000000e+09
4.414951660156250000e+03
4.342568359375000000e+03
5.708130493164062500e+02
1.111628000000000000e+06
4.919333500000000000e+06
2.391119140625000000e+04
2.234089965820312500e+02
3.070807617187500000e+04
7.200489472000000000e+10
7.200489472000000000e+10
7.943351500000000000e+06
5.990190720000000000e+08
1.103118125000000000e+05
2.089018066406250000e+03
7.200489472000000000e+10
5.720741200000000000e+07
4.228803600000000000e+07
4.906471679687500000e+03
5.990613120000000000e+08
1.612098252800000000e+10
3.615822656250000000e+04
5.990190720000000000e+08
1.458903027343750000e+04
1.891851125000000000e+06
3.494728027343750000e+03
2.213832656250000000e+05
9.814711040000000000e+08
4.420020996093750000e+03
1.941369384765625000e+03
1.275530664062500000e+04
8.431831552000000000e+09
3.674830250000000000e+06
1.301494600000000000e+07
9.441928000000000000e+06
1.589055875000000000e+06
5.458209920000000000e+08
5.056935000000000000e+05
2.658859687500000000e+05
6.933161621093750000e+03
1.507427246093750000e+03
4.230943298339843750e+01
5.901586328125000000e+04
8.390670776367187500e+01
1.024595022201538086e+00
2.169011878967285156e+01
1.906011104583740234e-01
7.200489472000000000e+10
8.351817728000000000e+09
8.982837500000000000e+05
2.916838144000000000e+09
3.407015380859375000e+03
1.384308227539062500e+03
7.200489472000000000e+10
3.310782000000000000e+06
6.224899218750000000e+04
3.315017333984375000e+03
5.966237500000000000e+05
8.565594624000000000e+09
1.507533760000000000e+08
9.655375000000000000e+05
1.586515781250000000e+05
4.001083750000000000e+05
2.617511474609375000e+03
3.357508160000000000e+08
5.766078125000000000e+05
2.215896289062500000e+04
7.005350585937500000e+03
6.714943750000000000e+04
1.040624312500000000e+06
2.218969335937500000e+04
2.064475156250000000e+05
5.864264000000000000e+06
5.670768554687500000e+03
4.094296875000000000e+04
2.218969335937500000e+04
5.670768554687500000e+03
1.225767116800000000e+10
2.023012400000000000e+07
2.205534000000000000e+06
2.085567871093750000e+03
1.446509800000000000e+07
2.284240000000000000e+06
1.620729003906250000e+03
7.542630000000000000e+05
4.750975040000000000e+08
9.649538750000000000e+05
1.110505875000000000e+06
3.703566589355468750e+02
1.235657578125000000e+05
4.820889062500000000e+04
1.337394866943359375e+02
1.945958137512207031e+01
4.892285200000000000e+07
4.163441406250000000e+04
1.831427125000000000e+06
1.706065312500000000e+05
4.033556500000000000e+06
5.864264000000000000e+06
9.702632812500000000e+04
4.892285200000000000e+07
4.163441406250000000e+04
1.706065312500000000e+05
9.702632812500000000e+04
7.200489472000000000e+10
7.200489472000000000e+10
7.200489472000000000e+10
1.230936560000000000e+08
8.152915200000000000e+08
5.881571000000000000e+06
7.200489472000000000e+10
7.200489472000000000e+10
7.200489472000000000e+10
1.230936560000000000e+08
7.200489472000000000e+10
4.953394240000000000e+08
5.068919808000000000e+09
3.296673024000000000e+09
8.379233000000000000e+06
1.142663520000000000e+08
5.520932000000000000e+06
9.352780800000000000e+07
4.691542400000000000e+08
4.784168448000000000e+09
7.673378000000000000e+06
9.090564800000000000e+07
3.793268224000000000e+09
7.200489472000000000e+10
1.496341875000000000e+05
8.387563500000000000e+06
3.208237609863281250e+02
7.502598571777343750e+01
4.075742720000000000e+09
5.502078125000000000e+03
2.717921000000000000e+06
1.809199523925781250e+01
3.921228125000000000e+04
2.357739929600000000e+10
8.574502912000000000e+09
7.552693125000000000e+05
2.517125250000000000e+06
3.606162187500000000e+05
3.096239375000000000e+05
3.561705984000000000e+09
2.785348125000000000e+05
6.645773125000000000e+05
6.074692578125000000e+04
3.126215937500000000e+05
5.004907187500000000e+05
1.202657890625000000e+05
2.716863750000000000e+06
6.189114500000000000e+06
2.393789794921875000e+03
1.682689257812500000e+04
1.198388593750000000e+05
2.392814697265625000e+03
6.334861718750000000e+04
8.137687683105468750e+00
6.359333496093750000e+02
2.236656494140625000e+03
3.914500713348388672e+00
2.955523071289062500e+02
4.502260684967041016e+00
6.979743003845214844e+00
1.094275456000000000e+09
2.728792750000000000e+06
1.404659125000000000e+06
1.266534843750000000e+05
7.260002500000000000e+05
1.051170320000000000e+08
6.569889062500000000e+04
8.738058593750000000e+03
1.382899687500000000e+05
2.136857343750000000e+05
4.433944921875000000e+04
1.077586412429809570e-01
2.130852343750000000e+04
4.616202831268310547e+00
0.000000000000000000e+00
0.000000000000000000e+00
2.895268250000000000e+06
6.462554931640625000e+02
5.579772656250000000e+04
6.113685000000000000e+06
1.152217407226562500e+03
4.574906875000000000e+05
8.392353515625000000e+03
2.618024291992187500e+02
9.374605468750000000e+03
1.382759277343750000e+03
5.762504375000000000e+05
7.693457031250000000e+03
2.119567871093750000e+02
3.765704154968261719e+00
4.517050170898437500e+01
0.000000000000000000e+00
7.455481250000000000e+05
1.189649500000000000e+06
1.242624609375000000e+04
6.146505859375000000e+04
2.595407812500000000e+04
1.169745849609375000e+03
2.260463134765625000e+03
2.641833496093750000e+02
5.296717200000000000e+07
5.441830625000000000e+05
5.990190720000000000e+08
1.140520019531250000e+02
5.496932128906250000e+03
2.082824462890625000e+03
6.120838378906250000e+03
2.377475250000000000e+06
2.248450390625000000e+04
6.191158676147460938e+01
6.115545898437500000e+03
3.172399872000000000e+09
7.701083750000000000e+05
7.008285000000000000e+06
1.487162353515625000e+03
4.010798750000000000e+05
4.458305468750000000e+04
1.208969726562500000e+03
1.248564682006835938e+02
9.245073280000000000e+08
8.750812000000000000e+06
6.338824960000000000e+08
1.364090625000000000e+04
1.054297070312500000e+04
1.235753125000000000e+05
3.705457500000000000e+06
1.212462400000000000e+07
3.588771250000000000e+05
1.383344116210937500e+03
2.962580625000000000e+05
7.200489472000000000e+10
8.825564800000000000e+08
1.040103520000000000e+08
6.599561600000000000e+08
6.432157500000000000e+05
1.976996875000000000e+05
7.200489472000000000e+10
5.703859200000000000e+09
4.143083125000000000e+05
8.041539843750000000e+04
8.499466000000000000e+06
1.219159250000000000e+06
3.851952552795410156e+00
2.428999023437500000e+03
1.167460174560546875e+02
1.145320320129394531e+01
1.149775146484375000e+03
5.412171363830566406e+00
1.706161117553710938e+01
1.612098252800000000e+10
3.677882812500000000e+04
3.164662720000000000e+08
1.468682519531250000e+04
2.549102250000000000e+06
1.700004101562500000e+04
2.239542187500000000e+05
2.156404800000000000e+08
1.123473632812500000e+04
5.531620117187500000e+03
3.347196093750000000e+04
7.200489472000000000e+10
7.200489472000000000e+10
5.223351000000000000e+06
5.990190720000000000e+08
6.431892578125000000e+04
6.282643432617187500e+02
7.200489472000000000e+10
5.778865200000000000e+07
6.587083200000000000e+07
2.980023437500000000e+03
4.091786240000000000e+08
1.477644400000000000e+07
1.446062625000000000e+06
1.389013700000000000e+07
1.797719600000000000e+07
1.446062625000000000e+06
7.544385625000000000e+05
3.506373500000000000e+06
3.451171875000000000e+05
3.731744000000000000e+08
3.778342400000000000e+09
8.492905625000000000e+05
7.198817600000000000e+07
1.057933349609375000e+02
6.188424804687500000e+03
1.627926784000000000e+09
3.344942968750000000e+04
9.261245312500000000e+04
9.878944335937500000e+03
6.257813125000000000e+05
1.071278387200000000e+10
5.170462500000000000e+05
6.002874880000000000e+08
7.576292114257812500e+02
2.492429843750000000e+05
2.009623535156250000e+03
7.035910000000000000e+05
9.599485440000000000e+08
2.142508789062500000e+04
3.663282165527343750e+02
1.488660000000000000e+05
7.200489472000000000e+10
2.845518233600000000e+10
1.598261120000000000e+08
8.516701440000000000e+08
2.131807500000000000e+06
1.889923500000000000e+06
7.200489472000000000e+10
1.266313088000000000e+09
1.716246800000000000e+07
5.684305000000000000e+05
3.047607200000000000e+07
1.214554882812500000e+04
2.550013593750000000e+05
1.239947500000000000e+05
5.864264000000000000e+06
1.301860595703125000e+03
2.978956054687500000e+03
1.239947500000000000e+05
2.978956054687500000e+03
5.649985600000000000e+07
8.128945152000000000e+09
2.728792750000000000e+06
1.007588625000000000e+06
9.090485000000000000e+05
7.381599375000000000e+05
4.972278720000000000e+08
2.222815625000000000e+05
1.529410500000000000e+06
4.851000937500000000e+05
6.410730000000000000e+05
3.741178500000000000e+06
3.971946250000000000e+05
3.351773828125000000e+04
2.466080781250000000e+05
5.896978515625000000e+04
2.307787109375000000e+04
8.528635742187500000e+03
3.160092041015625000e+03
1.482023375000000000e+06
3.595087812500000000e+05
3.024406750000000000e+06
2.673515136718750000e+03
1.467320156250000000e+05
2.918602600097656250e+02
7.399258422851562500e+02
4.986938476562500000e+01
6.316978560000000000e+08
3.452334592000000000e+09
2.728792750000000000e+06
1.473144500000000000e+06
1.153613125000000000e+06
5.145042578125000000e+04
8.646613120000000000e+08
6.993397500000000000e+05
1.843466093750000000e+05
2.899333437500000000e+05
2.223854000000000000e+06
4.938370000000000000e+06
1.310157031250000000e+05
9.262355625000000000e+05
1.195338516235351562e+02
7.682249218750000000e+04
8.568614959716796875e+01
3.362163162231445312e+01
1.242048358917236328e+01
8.685704960000000000e+08
3.533580800000000000e+07
5.076741015625000000e+04
1.687440338134765625e+02
3.477282250000000000e+06
4.786867187500000000e+04
8.198668670654296875e+01
4.258918359375000000e+04
1.464376093750000000e+05
5.546776562500000000e+04
7.766900000000000000e+04
6.981823730468750000e+01
1.160670605468750000e+04
3.676177597045898438e+01
2.079321622848510742e+00
2.106145858764648438e+00
1.846304640000000000e+08
1.607572375000000000e+06
8.990739062500000000e+04
1.242770996093750000e+03
3.917723750000000000e+05
2.782053500000000000e+06
1.032001708984375000e+03
3.541457421875000000e+04
1.072508000000000000e+06
7.200489472000000000e+10
7.200489472000000000e+10
2.735606445312500000e+04
6.214803515625000000e+04
5.781413500000000000e+06
1.869799500000000000e+06
9.805789375000000000e+05
7.200489472000000000e+10
2.445184179687500000e+04
1.781543125000000000e+06
2.616373046875000000e+03
6.396095752716064453e+00
2.625274218750000000e+04
1.934258300781250000e+03
0.000000000000000000e+00
1.131361923217773438e+02
9.044480323791503906e-01
0.000000000000000000e+00
1.803415125000000000e+06
6.439884375000000000e+04
1.072210900000000000e+07
1.640567138671875000e+03
4.575591406250000000e+04
2.696352195739746094e+01
1.119974853515625000e+03
1.540785312652587891e+00
5.166969604492187500e+02
4.799268554687500000e+03
2.944076660156250000e+03
6.788855468750000000e+03
1.174497604370117188e+01
6.902874946594238281e+00
5.568881835937500000e+02
2.664697170257568359e-02
3.793268224000000000e+09
7.200489472000000000e+10
9.303935000000000000e+06
8.387563500000000000e+06
1.272196484375000000e+05
2.037765234375000000e+04
4.075742720000000000e+09
7.654078906250000000e+04
1.754098080000000000e+08
9.746041992187500000e+03
8.498828125000000000e+05
7.200489472000000000e+10
7.200489472000000000e+10
7.200489472000000000e+10
4.814234500000000000e+06
5.513729920000000000e+08
5.941810500000000000e+06
7.200489472000000000e+10
7.200489472000000000e+10
7.200489472000000000e+10
4.814234500000000000e+06
7.200489472000000000e+10
1.917661328125000000e+04
3.881562744140625000e+03
4.078105078125000000e+04
7.707874755859375000e+02
3.486821899414062500e+02
6.477841138839721680e-01
2.027420043945312500e+01
0.000000000000000000e+00
3.318080000000000000e+07
2.340847600000000000e+07
2.674161328125000000e+04
1.076514355468750000e+04
2.098766357421875000e+03
6.949660156250000000e+03
2.685311718750000000e+04
1.276741699218750000e+04
1.938125000000000000e+03
1.590936431884765625e+02
1.645930633544921875e+02
1.012612800000000000e+09
1.966064384000000000e+09
3.898398437500000000e+03
4.694423000000000000e+06
2.629284912109375000e+03
3.226624450683593750e+02
1.891196416000000000e+09
1.420230468750000000e+03
2.557903076171875000e+03
9.195666503906250000e+02
1.654338867187500000e+04
1.778532800000000000e+08
2.318674000000000000e+07
4.413242000000000000e+06
1.009290000000000000e+05
5.358626875000000000e+05
2.466080781250000000e+05
1.458868593750000000e+05
5.662982000000000000e+06
1.426845625000000000e+05
2.533922070312500000e+04
1.134533300781250000e+04
7.771882880000000000e+08
1.103496400000000000e+07
2.924281445312500000e+04
5.213944091796875000e+02
1.694696375000000000e+06
9.964814843750000000e+04
5.542295074462890625e+01
3.179642968750000000e+04
1.590102812500000000e+05
3.595087812500000000e+05
4.182895312500000000e+05
5.917908691406250000e+03
3.009168554687500000e+04
1.101227905273437500e+03
2.828735351562500000e+03
2.025615692138671875e+02
7.052853125000000000e+05
3.899853750000000000e+05
4.209170312500000000e+05
1.765703125000000000e+03
5.245425390625000000e+04
4.441025695800781250e+02
1.255903472900390625e+02
5.461631011962890625e+01
2.916009216000000000e+09
6.462833593750000000e+04
6.041779840000000000e+08
1.586300878906250000e+04
8.387563500000000000e+06
6.341809692382812500e+02
3.117260937500000000e+04
1.636336600000000000e+07
3.023590576171875000e+03
1.246546325683593750e+02
6.397924194335937500e+02
1.239591992187500000e+04
5.725883789062500000e+02
1.647117004394531250e+02
1.224673800000000000e+07
2.322338409423828125e+02
1.283528747558593750e+02
1.647117004394531250e+02
1.283528747558593750e+02
3.632241600000000000e+07
3.434580078125000000e+03
6.039153280000000000e+08
1.072979831695556641e+01
4.190554687500000000e+03
1.701217041015625000e+02
4.398564758300781250e+02
1.398587750000000000e+06
2.001725463867187500e+02
2.012709617614746094e+01
6.061560058593750000e+02
3.962162812500000000e+05
1.214135937500000000e+05
1.891851125000000000e+06
1.590131738281250000e+04
1.931289062500000000e+03
4.396783691406250000e+03
2.473283984375000000e+04
1.633082153320312500e+03
2.435839360000000000e+08
4.111465000000000000e+05
1.838102400000000000e+07
2.484274000000000000e+07
5.217290000000000000e+05
2.931456500000000000e+06
1.023279187500000000e+06
5.725206640625000000e+04
3.563029440000000000e+08
1.364770125000000000e+06
2.952268288000000000e+09
1.682276757812500000e+04
6.418255371093750000e+03
8.711540527343750000e+02
5.661648500000000000e+06
8.212619000000000000e+06
3.274208789062500000e+04
8.751806030273437500e+02
9.662418750000000000e+04
2.947328000000000000e+09
3.616607744000000000e+09
7.200489472000000000e+10
5.218599600000000000e+07
6.343121875000000000e+05
1.354663200000000000e+08
8.674567168000000000e+09
2.947328000000000000e+09
3.616607744000000000e+09
5.218599600000000000e+07
8.674567168000000000e+09
7.200489472000000000e+10
1.865419200000000000e+08
3.697373200000000000e+07
6.675521280000000000e+08
5.104097187500000000e+05
4.554607910156250000e+03
7.200489472000000000e+10
7.180595840000000000e+08
8.895413281250000000e+04
1.315983750000000000e+05
4.043624250000000000e+06
1.208486600000000000e+07
1.466896512000000000e+09
2.234926800000000000e+07
7.080668945312500000e+03
3.128068115234375000e+03
6.456925500000000000e+06
1.208486600000000000e+07
2.082217500000000000e+06
2.234926800000000000e+07
3.128068115234375000e+03
2.082217500000000000e+06
8.346161875000000000e+05
4.231948125000000000e+05
4.063561706542968750e+02
2.073968994140625000e+03
1.356805078125000000e+04
1.133025817871093750e+02
2.377978515625000000e+02
2.668262863159179688e+01
8.661198242187500000e+03
5.874928222656250000e+03
2.025489000000000000e+06
6.154582812500000000e+04
7.866986083984375000e+02
7.513191986083984375e+01
2.746528710937500000e+04
1.831058502197265625e+00
7.207173000000000000e+06
1.648294625000000000e+06
7.845791406250000000e+04
3.697396480000000000e+08
1.051195781250000000e+05
7.915325781250000000e+04
1.065591100000000000e+07
2.120798281250000000e+05
6.484182031250000000e+04
1.464716796875000000e+04
3.266556250000000000e+05
3.386721280000000000e+08
8.387563500000000000e+06
1.634300195312500000e+04
6.668459375000000000e+04
1.945958496093750000e+03
3.515690185546875000e+03
4.120842812500000000e+05
6.056742187500000000e+04
8.355395507812500000e+02
1.131396179199218750e+02
4.832330017089843750e+02
1.089538960000000000e+08
1.412551757812500000e+04
1.385877800000000000e+07
5.819745483398437500e+02
2.122755078125000000e+04
1.860206054687500000e+04
3.066359863281250000e+02
2.601756562500000000e+05
3.929458312988281250e+02
1.948482322692871094e+01
1.422231674194335938e+01
7.030867200000000000e+08
2.113158800000000000e+07
1.042530000000000000e+05
3.869194687500000000e+05
4.193920312500000000e+05
1.009147558593750000e+04
7.233171200000000000e+07
1.234506875000000000e+05
9.482227539062500000e+03
1.789083984375000000e+04
5.978275781250000000e+04
6.735058944000000000e+09
7.442953216000000000e+09
2.850405761718750000e+03
2.877124000000000000e+06
1.060141113281250000e+03
2.409455718994140625e+02
4.794911744000000000e+09
9.843912963867187500e+02
3.697628173828125000e+03
2.592427673339843750e+02
7.007784179687500000e+03
1.085015335083007812e+02
2.695684204101562500e+02
3.950266723632812500e+02
1.089009250000000000e+06
3.178725000000000000e+05
5.864264000000000000e+06
1.085015335083007812e+02
8.247062683105468750e+01
3.950266723632812500e+02
3.178725000000000000e+05
8.247062683105468750e+01
7.200489472000000000e+10
2.760085000000000000e+05
2.644869200000000000e+07
1.693778686523437500e+03
9.927328906250000000e+04
1.295069824218750000e+03
5.140770312500000000e+04
5.924658400000000000e+07
1.152589531250000000e+05
5.890740356445312500e+02
3.097854882812500000e+04
4.485179520000000000e+08
1.352044062500000000e+05
1.080577100000000000e+07
9.970993750000000000e+04
8.791382000000000000e+06
2.057743896484375000e+03
1.554872812500000000e+05
1.376319125000000000e+06
3.969687194824218750e+02
1.778592163085937500e+03
6.004747314453125000e+02
3.515562744140625000e+03
6.197161132812500000e+03
2.000957656250000000e+05
2.449737890625000000e+04
3.017990722656250000e+02
1.508334503173828125e+02
7.134720703125000000e+03
3.753271102905273438e+00
7.200489472000000000e+10
7.200489472000000000e+10
5.632216250000000000e+05
5.978329500000000000e+06
8.508779296875000000e+03
2.013800415039062500e+03
7.200489472000000000e+10
1.448690875000000000e+06
4.922834500000000000e+06
1.696641967773437500e+03
2.204688400000000000e+07
7.200489472000000000e+10
7.200489472000000000e+10
7.200489472000000000e+10
2.358721200000000000e+07
2.766497920000000000e+08
5.864264000000000000e+06
1.679501107200000000e+10
7.200489472000000000e+10
7.200489472000000000e+10
2.358721200000000000e+07
1.679501107200000000e+10
7.200489472000000000e+10
7.200489472000000000e+10
2.434449200000000000e+07
5.990190720000000000e+08
1.053852734375000000e+05
9.599351806640625000e+02
7.200489472000000000e+10
1.042946816000000000e+09
1.119186960000000000e+08
1.987010375976562500e+03
1.951586944000000000e+09
2.580116992000000000e+09
1.658782900000000000e+07
5.990190720000000000e+08
1.675984750000000000e+06
7.812530500000000000e+06
5.835606250000000000e+04
2.820700250000000000e+06
1.515504300000000000e+07
8.703674375000000000e+05
1.969923437500000000e+04
5.734118359375000000e+04
3.377594880000000000e+09
2.195745600000000000e+07
3.389762812500000000e+05
4.021644210815429688e+01
1.294476750000000000e+06
1.657514062500000000e+05
9.591458320617675781e+00
2.958602294921875000e+03
7.200489472000000000e+10
7.200489472000000000e+10
7.546580000000000000e+06
1.221436750000000000e+06
3.841024169921875000e+02
8.781310424804687500e+02
7.200489472000000000e+10
6.212289000000000000e+06
8.867338400000000000e+07
1.963863945007324219e+01
2.081978240000000000e+08
9.922149120000000000e+08
1.865758336000000000e+09
1.228061625000000000e+06
6.931843000000000000e+06
9.800224218750000000e+04
1.005042500000000000e+05
1.206716080000000000e+08
1.759951718750000000e+05
1.600916718750000000e+05
3.889432421875000000e+04
1.485522753906250000e+04
1.131670323200000000e+10
3.995581000000000000e+06
2.475781250000000000e+06
1.684400156250000000e+05
1.721328125000000000e+06
1.745567200000000000e+08
1.264093261718750000e+04
8.193674218750000000e+04
2.475781250000000000e+06
3.595087812500000000e+05
3.189899000000000000e+06
1.649489648437500000e+04
2.284635000000000000e+05
3.852748779296875000e+03
8.213951171875000000e+03
1.398295776367187500e+03
1.795676875000000000e+06
2.811598437500000000e+04
2.622693125000000000e+05
2.320886914062500000e+04
1.546168457031250000e+04
6.258135375976562500e+02
5.138150634765625000e+02
1.272882652282714844e+01
8.191790720000000000e+08
2.737321000000000000e+06
2.048489625000000000e+06
5.275751953125000000e+02
1.882024531250000000e+05
2.120096679687500000e+04
2.124124908447265625e+02
4.891267395019531250e+01
4.050200064000000000e+09
3.562181632000000000e+09
2.736616500000000000e+06
6.423348500000000000e+06
4.193920312500000000e+05
5.143026171875000000e+04
8.261227008000000000e+09
7.050183750000000000e+05
1.876046406250000000e+05
1.415023750000000000e+05
2.442221000000000000e+06
2.064023680000000000e+08
8.128945152000000000e+09
1.228061625000000000e+06
3.307798750000000000e+05
1.119740234375000000e+04
3.096239375000000000e+05
5.730016000000000000e+08
5.792098046875000000e+04
7.621808750000000000e+05
1.638775000000000000e+04
1.419119843750000000e+05
2.281018000000000000e+06
1.664802734375000000e+04
4.640218257904052734e+00
4.046890735626220703e-01
3.571700195312500000e+03
1.464605808258056641e+00
0.000000000000000000e+00
0.000000000000000000e+00
7.233332500000000000e+05
3.659666015625000000e+03
3.049824062500000000e+05
5.864264000000000000e+06
5.986814575195312500e+02
2.245713476562500000e+04
3.659666015625000000e+03
5.986814575195312500e+02
5.012743500000000000e+06
8.394954223632812500e+02
4.561374609375000000e+04
3.259779052734375000e+02
2.918408508300781250e+02
5.448874511718750000e+03
1.202506790161132812e+02
1.596560363769531250e+02
6.989796500000000000e+06
1.190630703125000000e+05
3.844389500000000000e+06
1.797719600000000000e+07
1.190630703125000000e+05
7.364622656250000000e+04
1.130400750000000000e+06
7.887616210937500000e+03
7.200489472000000000e+10
7.200489472000000000e+10
2.223243500000000000e+06
5.990190720000000000e+08
3.616299218750000000e+04
6.957287597656250000e+03
7.200489472000000000e+10
1.699432000000000000e+07
3.357474400000000000e+07
4.579631835937500000e+03
8.550520000000000000e+07
5.766539264000000000e+09
3.582641600000000000e+08
3.886368750000000000e+05
2.584084250000000000e+06
7.064068750000000000e+04
6.078407421875000000e+04
8.236830400000000000e+07
1.460821875000000000e+05
5.489237500000000000e+04
7.023669921875000000e+03
1.691495312500000000e+04
8.745537536000000000e+09
7.200489472000000000e+10
5.565757440000000000e+08
8.387563500000000000e+06
1.016096687500000000e+06
7.375764062500000000e+04
3.818238464000000000e+09
3.126765600000000000e+07
8.026485760000000000e+08
6.213150390625000000e+04
3.193158000000000000e+07
7.200489472000000000e+10
3.793268224000000000e+09
7.230301600000000000e+07
2.915959296000000000e+09
5.725359375000000000e+05
8.189104375000000000e+05
7.200489472000000000e+10
2.191191552000000000e+09
2.975298000000000000e+06
2.795226250000000000e+05
4.365495600000000000e+07
1.685404625000000000e+06
2.101813964843750000e+02
9.904266601562500000e+03
1.298601750000000000e+06
1.981788635253906250e+02
1.012379882812500000e+04
2.566360473632812500e+02
4.465540885925292969e+00
1.028584160000000000e+08
2.950692812500000000e+05
5.821432031250000000e+04
3.097750091552734375e+01
1.866226367187500000e+04
1.274279785156250000e+03
1.598923110961914062e+01
2.997225522994995117e+00
2.475497728000000000e+09
1.285582109375000000e+05
5.990190720000000000e+08
1.485376855468750000e+04
1.136785703125000000e+05
1.534022558593750000e+04
1.061406875000000000e+06
1.202513680000000000e+08
3.038355273437500000e+04
2.932092773437500000e+04
1.265387812500000000e+05
3.020524000000000000e+07
2.654932400000000000e+07
5.990190720000000000e+08
6.528079589843750000e+03
2.556279541015625000e+03
2.466080781250000000e+05
1.154032250000000000e+06
1.011207187500000000e+06
1.258058750000000000e+06
2.511003265380859375e+02
3.031975585937500000e+04
8.667532031250000000e+04
1.257043164062500000e+04
9.086598632812500000e+03
2.090951757812500000e+04
1.057918579101562500e+03
1.230207031250000000e+03
2.700709472656250000e+03
1.828276672363281250e+02
6.615888691200000000e+10
3.856821452800000000e+10
2.406812400000000000e+07
2.305171600000000000e+07
3.292715937500000000e+05
3.070482617187500000e+04
1.019755622400000000e+10
1.759810625000000000e+06
7.566361000000000000e+06
4.035895507812500000e+03
7.236990000000000000e+05
8.592678000000000000e+06
1.807458129882812500e+03
3.716510250000000000e+06
2.596390625000000000e+04
1.294979250000000000e+06
8.667041015625000000e+03
6.169088867187500000e+03
1.526490700000000000e+07
4.188190841674804688e+01
4.751512695312500000e+03
5.619898437500000000e+03
9.475694080000000000e+08
2.826380371093750000e+03
2.025343994140625000e+03
6.019282226562500000e+03
9.880054321289062500e+02
8.828453750000000000e+05
1.015667629241943359e+01
5.120421409606933594e+00
5.085592960000000000e+08
1.927912125000000000e+06
5.941036718750000000e+04
1.588237047195434570e+00
1.695633906250000000e+05
8.406990234375000000e+03
1.083915252685546875e+02
3.932101318359375000e+03
4.699202048000000000e+09
3.280459000000000000e+06
1.228061625000000000e+06
1.341123339843750000e+04
4.108152812500000000e+05
3.008783447265625000e+03
4.244852400000000000e+07
5.498100625000000000e+05
6.115481933593750000e+03
8.572530517578125000e+02
2.970475781250000000e+04
1.381760742187500000e+03
2.381797607421875000e+03
1.025962578125000000e+05
6.003964843750000000e+04
2.078282165527343750e+01
3.069819450378417969e+00
3.672157714843750000e+03
0.000000000000000000e+00
4.150700800000000000e+08
1.391958625000000000e+06
1.626115900000000000e+07
2.561734375000000000e+04
7.926611718750000000e+04
4.452747656250000000e+04
5.060561718750000000e+04
7.947020000000000000e+05
1.660743164062500000e+04
3.356452941894531250e+02
1.288295776367187500e+03
5.052844000000000000e+06
1.255099765625000000e+05
6.150974121093750000e+03
1.695987695312500000e+04
2.886112890625000000e+04
6.155052734375000000e+03
5.540260620117187500e+02
1.241169509887695312e+02
3.277384800000000000e+07
5.614519375000000000e+05
6.024990080000000000e+08
2.732203979492187500e+02
9.445926513671875000e+02
1.901352929687500000e+04
3.126690625000000000e+04
4.455303437500000000e+05
2.963045507812500000e+04
3.486074066162109375e+01
2.733392944335937500e+02
1.067967600000000000e+07
4.223332480000000000e+08
7.510627200000000000e+07
4.184646875000000000e+04
1.077717041015625000e+03
5.864264000000000000e+06
1.067967600000000000e+07
4.684398750000000000e+05
7.510627200000000000e+07
1.077717041015625000e+03
4.684398750000000000e+05
1.173388437500000000e+05
1.702641113281250000e+03
2.211595153808593750e+02
2.466080781250000000e+05
1.186612670898437500e+03
1.216951599121093750e+02
6.905973052978515625e+01
4.624776077270507812e+01
3.130503040000000000e+08
7.942713344000000000e+09
5.990190720000000000e+08
5.115129296875000000e+04
1.786095312500000000e+04
5.864264000000000000e+06
3.130503040000000000e+08
1.364806400000000000e+08
5.990190720000000000e+08
1.786095312500000000e+04
1.364806400000000000e+08
7.200489472000000000e+10
6.179075600000000000e+07
1.853030156250000000e+05
1.611060640000000000e+08
2.074507141113281250e+02
1.416954193115234375e+02
3.541155840000000000e+10
9.595936875000000000e+05
2.282268066406250000e+03
7.441816711425781250e+01
4.484788085937500000e+03
2.563666093750000000e+05
5.003850097656250000e+03
1.939527221679687500e+03
2.470572343750000000e+05
8.986276855468750000e+02
1.653612976074218750e+02
8.957734985351562500e+02
4.100562286376953125e+01
1.739791974400000000e+10
2.551751000000000000e+06
2.070180875000000000e+06
7.576673339843750000e+03
8.555965000000000000e+05
1.557405375000000000e+06
6.588446655273437500e+02
4.102601623535156250e+01
1.293412960000000000e+08
1.573114875000000000e+06
5.371408125000000000e+05
1.440493621826171875e+02
1.222219750000000000e+06
1.141358984375000000e+04
5.137832031250000000e+02
2.235565234375000000e+04
2.650020250000000000e+06
1.494368125000000000e+05
1.872970400000000000e+08
4.346611328125000000e+02
1.463420043945312500e+03
2.997891015625000000e+04
6.845301269531250000e+03
3.339192500000000000e+05
3.009378125000000000e+04
2.288720512390136719e+01
2.209583251953125000e+03
1.240600400000000000e+08
1.923183398437500000e+04
4.717473000000000000e+06
1.484228593750000000e+05
1.371275000000000000e+06
1.440073144531250000e+04
4.926591015625000000e+04
9.345178000000000000e+06
4.458895874023437500e+02
2.540656445312500000e+04
2.565035156250000000e+03
7.200489472000000000e+10
7.200489472000000000e+10
3.556512768000000000e+09
5.990190720000000000e+08
3.919120800000000000e+07
2.536208750000000000e+05
7.200489472000000000e+10
7.200489472000000000e+10
1.181503180800000000e+10
1.486263750000000000e+06
7.200489472000000000e+10
1.403621250000000000e+06
2.784432373046875000e+02
2.001636108398437500e+03
4.479978027343750000e+03
9.873956298828125000e+01
7.914326171875000000e+02
5.339251708984375000e+01
1.009644012451171875e+02
7.200489472000000000e+10
3.059621478400000000e+10
7.200489472000000000e+10
6.441078400000000000e+08
1.199783424000000000e+09
1.424568160000000000e+08
7.200489472000000000e+10
7.200489472000000000e+10
3.364518297600000000e+10
6.575901440000000000e+08
7.200489472000000000e+10
3.022381120000000000e+08
3.846751464843750000e+03
5.990190720000000000e+08
2.511514091491699219e+01
1.309306835937500000e+04
3.991011047363281250e+02
1.219108734130859375e+02
4.962398750000000000e+05
4.423926696777343750e+02
0.000000000000000000e+00
6.146822452545166016e+00
1.700095232000000000e+09
2.732424396800000000e+10
2.819762109375000000e+04
8.114138000000000000e+06
1.155419067382812500e+03
1.176068801879882812e+02
4.408859520000000000e+08
1.963751953125000000e+03
2.840956875000000000e+05
5.239233016967773438e+01
9.992470703125000000e+03
1.996041760000000000e+08
3.674830250000000000e+06
3.045825976562500000e+04
4.541592773437500000e+03
1.460831718750000000e+05
4.324454687500000000e+05
7.818447875976562500e+01
2.739158447265625000e+03
3.390577812500000000e+05
7.238226318359375000e+02
4.730172157287597656e-01
1.228703308105468750e+02
3.685072631835937500e+02
1.470772027969360352e-01
1.031205654144287109e+00
2.500555515289306641e-01
9.744838750000000000e+05
4.464173889160156250e+01
4.059301269531250000e+03
2.008119995117187500e+03
7.788521575927734375e+01
1.881032714843750000e+03
2.872875976562500000e+01
5.435464859008789062e+01
8.128945152000000000e+09
1.939737600000000000e+09
1.243086375000000000e+06
1.248593375000000000e+06
2.146567343750000000e+05
7.398362792968750000e+03
2.992588800000000000e+09
7.148536875000000000e+05
2.124219218750000000e+05
4.595033593750000000e+04
1.631449875000000000e+06
2.196278710937500000e+04
3.198191796875000000e+04
1.136137656250000000e+05
2.160755781250000000e+05
2.353711090087890625e+02
8.821356201171875000e+02
1.294853125000000000e+04
2.370092153549194336e+00
5.972647424000000000e+09
8.538468352000000000e+09
7.200489472000000000e+10
6.085810560000000000e+08
1.371085800000000000e+07
9.346181600000000000e+07
1.298942259200000000e+10
5.417596416000000000e+09
7.791271424000000000e+09
6.185635200000000000e+08
7.483523072000000000e+09
4.145497250000000000e+06
2.843150634765625000e+02
1.584083875000000000e+06
4.250498352050781250e+02
1.665354309082031250e+02
6.009636328125000000e+04
2.195296936035156250e+02
1.762693023681640625e+02
1.078974464000000000e+10
2.065936800000000000e+07
4.766910312500000000e+05
3.120185058593750000e+03
1.312227700000000000e+07
8.672206875000000000e+05
2.907892150878906250e+02
6.790782031250000000e+04
1.612098252800000000e+10
4.847208593750000000e+04
5.990190720000000000e+08
2.317720214843750000e+03
1.891851125000000000e+06
1.915619384765625000e+03
5.740536718750000000e+04
9.814711040000000000e+08
3.668754150390625000e+03
5.830541381835937500e+02
1.417341113281250000e+04
6.895665000000000000e+06
1.095552300000000000e+07
2.093364257812500000e+04
9.999746093750000000e+03
1.895858917236328125e+02
1.983560058593750000e+03
2.810620312500000000e+05
5.609209472656250000e+03
4.977605957031250000e+03
1.297464370727539062e+01
6.203199462890625000e+02
7.200489472000000000e+10
7.200489472000000000e+10
1.557418060302734375e+01
1.507136200000000000e+07
1.485651493072509766e+00
1.612720727920532227e+00
7.200489472000000000e+10
8.703056335449218750e+00
1.620225334167480469e+01
1.445482254028320312e+00
1.985635948181152344e+01
7.200489472000000000e+10
7.200489472000000000e+10
5.076766250000000000e+05
5.747583360000000000e+08
4.691539843750000000e+04
9.614899414062500000e+03
7.200489472000000000e+10
3.581615500000000000e+06
1.235350700000000000e+07
9.470007812500000000e+03
5.700938800000000000e+07
5.949512863159179688e+01
3.407497882843017578e+00
3.056280822753906250e+02
1.058151367187500000e+03
8.069236450195312500e+02
3.560732421875000000e+03
1.405196666717529297e+00
8.729629516601562500e+01
1.217971611022949219e+01
2.396578788757324219e+01
5.016674518585205078e+00
3.453016500000000000e+06
1.309420078125000000e+05
4.218867812500000000e+05
5.903139843750000000e+04
1.965470117187500000e+04
3.913748437500000000e+04
1.780349365234375000e+03
1.663881225585937500e+03
6.501096400000000000e+07
3.793268224000000000e+09
3.130575616000000000e+09
2.194157187500000000e+05
1.577816650390625000e+03
9.268033000000000000e+06
7.911724000000000000e+07
8.117373500000000000e+06
5.998476800000000000e+07
3.655467968750000000e+04
1.209236000000000000e+07
8.565594624000000000e+09
1.536153440000000000e+08
7.481235625000000000e+05
1.206905625000000000e+05
3.096239375000000000e+05
1.382759277343750000e+03
3.382628160000000000e+08
6.633887500000000000e+05
6.142585156250000000e+04
8.623364257812500000e+03
1.015079765625000000e+05
7.929577000000000000e+06
1.338938625000000000e+06
6.185006400000000000e+07
1.126674511718750000e+04
1.739409765625000000e+04
2.713575312500000000e+05
4.078480937500000000e+05
1.197591800000000000e+07
7.428496093750000000e+04
1.806363159179687500e+03
2.713991875000000000e+05
1.672056934400000000e+10
3.742723328000000000e+09
7.481235625000000000e+05
9.332496000000000000e+06
1.355222875000000000e+06
1.320095468750000000e+05
3.714603264000000000e+09
7.411741250000000000e+05
2.541256562500000000e+05
1.314537500000000000e+05
2.526347187500000000e+05
1.081906432000000000e+09
7.200489472000000000e+10
6.751790625000000000e+04
9.399715000000000000e+05
9.586416625976562500e+02
4.326955871582031250e+02
3.206782720000000000e+08
2.242758300781250000e+03
6.645380625000000000e+05
4.079932022094726562e+01
1.442390722656250000e+04
1.478409984000000000e+09
1.547027584000000000e+09
1.834400400000000000e+07
1.440378250000000000e+06
1.357440527343750000e+04
6.025316000000000000e+06
1.611952768000000000e+09
2.412866000000000000e+06
2.070974800000000000e+07
1.394958593750000000e+04
2.742374500000000000e+06
7.629139200000000000e+08
4.014237952000000000e+09
1.181680000000000000e+06
7.694917500000000000e+05
8.554256250000000000e+04
9.660907031250000000e+04
1.903035040000000000e+08
1.086263359375000000e+05
2.609258281250000000e+05
1.997354492187500000e+04
3.378169140625000000e+04
2.302274048000000000e+09
8.404043750000000000e+05
2.279311875000000000e+05
1.331917114257812500e+03
1.517202031250000000e+05
1.587748625000000000e+06
4.827744293212890625e+01
2.837765884399414062e+01
7.200489472000000000e+10
7.200489472000000000e+10
1.455966848000000000e+09
6.056120960000000000e+08
2.654932400000000000e+07
2.708830312500000000e+05
7.200489472000000000e+10
7.200489472000000000e+10
2.223190528000000000e+09
1.225635000000000000e+06
6.427425996800000000e+10
1.851475328000000000e+09
3.549000800000000000e+07
2.393471562500000000e+05
5.609256835937500000e+03
4.180817250000000000e+06
1.523349000000000000e+06
1.669982910156250000e+03
3.245657812500000000e+05
8.316938476562500000e+03
2.079460937500000000e+05
1.889229492187500000e+04
2.967150878906250000e+02
6.265018920898437500e+02
1.555333328247070312e+01
4.682425308227539062e+01
1.144451856613159180e+00
3.671698250000000000e+06
3.595087812500000000e+05
7.529196500000000000e+06
1.076913125000000000e+06
2.837285312500000000e+05
2.460450195312500000e+04
5.981808125000000000e+05
8.568629882812500000e+03
2.061840896000000000e+09
3.494542336000000000e+09
4.385025625000000000e+05
3.183714000000000000e+06
2.330488906250000000e+05
1.007997949218750000e+04
3.140892928000000000e+09
4.014881875000000000e+05
2.208202968750000000e+05
1.140945625000000000e+05
1.078443500000000000e+06
7.212873000000000000e+06
8.732092500000000000e+05
1.808925375000000000e+06
2.538250781250000000e+05
1.265501171875000000e+05
2.896265937500000000e+05
7.460017187500000000e+04
1.177498339843750000e+04
3.763841792000000000e+09
4.381261200000000000e+07
1.228061625000000000e+06
2.076121875000000000e+05
1.352728906250000000e+05
1.382759277343750000e+03
3.061427840000000000e+08
2.208285156250000000e+05
7.459797656250000000e+04
3.534326171875000000e+03
1.325599531250000000e+05
4.167981568000000000e+09
2.023012400000000000e+07
2.485812250000000000e+06
1.134697500000000000e+05
1.785360000000000000e+07
6.240511200000000000e+07
3.886484375000000000e+04
6.970306250000000000e+05
7.200489472000000000e+10
7.200489472000000000e+10
9.183937000000000000e+06
1.224624700000000000e+07
1.204456542968750000e+04
2.081162841796875000e+03
7.200489472000000000e+10
6.730864800000000000e+07
5.252592000000000000e+07
1.207849273681640625e+02
3.608048960000000000e+08
2.588309000000000000e+06
1.118084480000000000e+09
1.234043600000000000e+07
2.050207187500000000e+05
1.609323437500000000e+04
5.864264000000000000e+06
2.588309000000000000e+06
1.564013281250000000e+05
1.234043600000000000e+07
1.609323437500000000e+04
1.564013281250000000e+05
1.304694160000000000e+08
8.470567424000000000e+09
2.728792750000000000e+06
2.168495156250000000e+05
3.911584375000000000e+04
8.293398125000000000e+05
1.303540000000000000e+08
1.310982617187500000e+04
1.599496625000000000e+06
2.049455273437500000e+04
2.110248242187500000e+04
7.200489472000000000e+10
7.200489472000000000e+10
1.974165625000000000e+06
5.990190720000000000e+08
3.392691796875000000e+04
6.672696777343750000e+03
7.200489472000000000e+10
1.700006000000000000e+07
2.973326400000000000e+07
4.138297363281250000e+03
7.365387200000000000e+07
5.846723584000000000e+09
2.023012400000000000e+07
1.632087750000000000e+06
3.786132812500000000e+04
7.737523000000000000e+06
1.734058000000000000e+07
6.116671875000000000e+03
6.123026250000000000e+05
1.948923392000000000e+09
2.159896500000000000e+06
2.750276250000000000e+06
3.121411621093750000e+03
2.409934000000000000e+06
1.058492187500000000e+05
6.026947021484375000e+02
7.464822265625000000e+03
2.455091875000000000e+05
1.116827800000000000e+07
7.063165625000000000e+04
7.060671997070312500e+02
1.873522033691406250e+02
3.558347656250000000e+04
1.514829882812500000e+04
4.239947265625000000e+03
2.815666601562500000e+04
1.015438461303710938e+02
5.109267578125000000e+02
3.922446594238281250e+02
5.783541202545166016e-01
7.535013427734375000e+02
1.972842651367187500e+03
0.000000000000000000e+00
9.870976448059082031e+00
3.691194057464599609e-01
0.000000000000000000e+00
7.389918080000000000e+08
6.049710693359375000e+02
1.101175840000000000e+08
9.845607757568359375e+01
1.857602187500000000e+05
1.136210021972656250e+02
5.618980102539062500e+02
6.802598400000000000e+07
3.488738098144531250e+02
2.311957931518554688e+01
1.760404510498046875e+02
5.835628000000000000e+06
4.546967968750000000e+04
1.389013700000000000e+07
9.359009375000000000e+04
4.546967968750000000e+04
7.396929168701171875e+01
4.248091015625000000e+04
2.542886257171630859e+00
1.243080320000000000e+08
7.200489472000000000e+10
7.810468000000000000e+06
1.618409625000000000e+06
7.321903991699218750e+01
3.041906835937500000e+04
1.063377715200000000e+10
1.379794843750000000e+05
2.098666500000000000e+06
1.964760253906250000e+03
9.879426250000000000e+05
7.290819531250000000e+04
7.293176879882812500e+02
2.133394335937500000e+04
1.345470214843750000e+04
2.448619689941406250e+02
1.897479614257812500e+03
1.029952270507812500e+03
3.728800354003906250e+02
1.557978125000000000e+05
2.116187695312500000e+04
9.645711875000000000e+05
1.733022212982177734e+00
2.234099121093750000e+03
0.000000000000000000e+00
2.036308050155639648e+00
0.000000000000000000e+00
1.591826406250000000e+05
4.336938476562500000e+03
3.111980750000000000e+06
2.426907031250000000e+04
1.787664184570312500e+03
4.846695661544799805e-01
1.730711914062500000e+03
0.000000000000000000e+00
2.782264648437500000e+03
5.944892578125000000e+02
2.246365722656250000e+03
1.174565429687500000e+02
9.838269805908203125e+01
3.474373474121093750e+02
2.358139190673828125e+02
4.881975173950195312e+01
1.056824843750000000e+05
7.132730102539062500e+02
1.835512304687500000e+04
2.204442138671875000e+03
4.549941101074218750e+02
8.260863281250000000e+03
1.494798217773437500e+03
1.002835449218750000e+03
1.371667968000000000e+09
1.191598464000000000e+09
1.746339840000000000e+08
1.354663200000000000e+08
8.387563500000000000e+06
5.864264000000000000e+06
1.371667968000000000e+09
1.089546600000000000e+07
1.746339840000000000e+08
8.387563500000000000e+06
1.089546600000000000e+07
6.555643750000000000e+05
9.259888916015625000e+02
4.523243904113769531e+00
2.119487792968750000e+03
4.598619384765625000e+02
1.945623397827148438e+01
5.995788574218750000e+00
8.906250953674316406e+00
2.861587520000000000e+08
5.356276875000000000e+05
6.030232320000000000e+08
8.310184326171875000e+02
6.689167187500000000e+04
1.872369921875000000e+04
2.017343750000000000e+05
2.174449760000000000e+08
2.856930468750000000e+04
4.510075988769531250e+02
1.448223906250000000e+05
3.748107000000000000e+06
5.833786621093750000e+02
1.449513250000000000e+06
1.290369262695312500e+02
7.149404687500000000e+04
8.225654907226562500e+02
1.573759918212890625e+02
7.430210156250000000e+04
9.840377807617187500e+00
3.520297241210937500e+01
1.962701988220214844e+01
2.126026342400000000e+10
3.114185937500000000e+04
1.361519000000000000e+07
1.778863476562500000e+04
9.574241406250000000e+04
4.494584375000000000e+04
1.458323250000000000e+06
1.112143440000000000e+08
7.870693969726562500e+02
7.749448242187500000e+02
3.227493652343750000e+03
7.200489472000000000e+10
3.672505139200000000e+10
6.215509120000000000e+08
9.330650400000000000e+07
4.110687750000000000e+06
1.743998750000000000e+05
7.200489472000000000e+10
1.750672896000000000e+09
1.626029920000000000e+08
5.665120000000000000e+05
1.544280780800000000e+10
6.134325760000000000e+08
1.608383200000000000e+08
2.441941500000000000e+06
1.775472968750000000e+05
7.852233125000000000e+05
9.862648437500000000e+03
3.059274240000000000e+08
1.065709500000000000e+06
7.900024218750000000e+04
1.182445507812500000e+04
3.837912812500000000e+05
1.266487656250000000e+05
1.031098535156250000e+04
2.524263906250000000e+05
2.577121582031250000e+02
4.336388183593750000e+03
8.583829879760742188e+00
0.000000000000000000e+00
0.000000000000000000e+00
4.927512500000000000e+06
4.518248046875000000e+04
1.374130500000000000e+07
2.441961562500000000e+05
4.471531640625000000e+04
2.097964599609375000e+03
2.899264062500000000e+05
1.849053802490234375e+02
5.361832500000000000e+05
6.614624023437500000e+01
4.743248535156250000e+03
4.572913574218750000e+03
1.044433670043945312e+02
9.631939697265625000e+02
2.942316589355468750e+02
3.306874389648437500e+02
7.200489472000000000e+10
4.795979200000000000e+08
2.979977984000000000e+09
7.699964000000000000e+07
1.798796375000000000e+06
1.640384750000000000e+06
1.322403328000000000e+10
4.543068160000000000e+10
8.675397000000000000e+06
1.168487187500000000e+05
2.183388000000000000e+07
2.274999520000000000e+08
1.649519062500000000e+05
3.720098750000000000e+06
1.248467125000000000e+06
8.441490000000000000e+06
9.006392968750000000e+04
1.603156562500000000e+05
6.585075000000000000e+05
3.447769775390625000e+03
8.392608593750000000e+04
6.954526855468750000e+03
1.853707031250000000e+05
5.989519653320312500e+02
1.014213281250000000e+04
3.170930175781250000e+02
2.677156372070312500e+02
9.483231544494628906e+00
1.233339843750000000e+02
1.203127861022949219e+00
2.062021760000000000e+09
8.883680625000000000e+05
9.355672656250000000e+04
3.631421386718750000e+03
2.856764453125000000e+04
3.106945200000000000e+07
6.171087036132812500e+02
2.748425292968750000e+02
3.059621478400000000e+10
7.200489472000000000e+10
3.721421600000000000e+07
8.387563500000000000e+06
9.049872656250000000e+04
1.985659179687500000e+03
1.307677491200000000e+10
5.666056000000000000e+06
2.120945120000000000e+08
1.742777465820312500e+03
4.103171750000000000e+06
5.665319140625000000e+04
7.980222320556640625e+01
1.251277832031250000e+04
5.955707031250000000e+03
9.820273399353027344e+00
1.882901763916015625e+01
2.907325363159179688e+01
0.000000000000000000e+00
6.126652000000000000e+07
3.021300531200000000e+10
9.612915200000000000e+08
2.396935200000000000e+07
6.515088671875000000e+04
8.844758000000000000e+06
2.108160896000000000e+09
3.626828750000000000e+06
9.222244000000000000e+07
7.599171875000000000e+05
2.517991600000000000e+07
3.081435241699218750e+02
4.783448410034179688e+01
5.864561157226562500e+02
8.063518750000000000e+04
1.408127375000000000e+06
1.922238867187500000e+04
3.408907699584960938e+01
2.222135314941406250e+02
2.273997879028320312e+01
1.576381738281250000e+04
3.579877090454101562e+01
5.380996608000000000e+09
2.517406000000000000e+06
3.626437750000000000e+06
1.456945312500000000e+04
2.498212500000000000e+05
5.211782000000000000e+06
4.275292480468750000e+03
5.361926269531250000e+03
6.150826953125000000e+04
3.915630798339843750e+02
2.232452539062500000e+04
1.651228437500000000e+05
8.535115814208984375e+01
4.207282409667968750e+02
2.180252441406250000e+03
1.023101043701171875e+01
2.223706880000000000e+08
2.023012400000000000e+07
3.270117431640625000e+03
3.111448632812500000e+04
1.073757343750000000e+05
3.975845200000000000e+07
1.695663452148437500e+02
1.655473828125000000e+04
1.251438336000000000e+09
3.037737280000000000e+08
1.793640625000000000e+05
1.683425375000000000e+06
4.535514062500000000e+05
2.010486523437500000e+04
4.797744960000000000e+08
1.714216718750000000e+05
2.766555859375000000e+04
5.750964843750000000e+04
2.556361250000000000e+05
7.200489472000000000e+10
7.200489472000000000e+10
8.966145000000000000e+06
8.154610560000000000e+08
4.988352812500000000e+05
2.286734570312500000e+04
7.200489472000000000e+10
1.925574080000000000e+08
1.832957280000000000e+08
3.529854296875000000e+04
4.938432640000000000e+08
1.803142187500000000e+05
3.073869531250000000e+04
4.185995703125000000e+04
2.466080781250000000e+05
2.715215332031250000e+03
8.628640747070312500e+02
6.149754394531250000e+03
3.456799621582031250e+02
3.241391360000000000e+08
1.270825000000000000e+06
4.121188437500000000e+05
3.676328857421875000e+03
7.029981250000000000e+05
9.333825625000000000e+05
6.681269531250000000e+02
1.837342407226562500e+03
1.756307520000000000e+08
5.437114843750000000e+04
1.473459500000000000e+07
4.026381640625000000e+04
5.774553500000000000e+06
1.078697343750000000e+05
4.148059570312500000e+03
5.625882500000000000e+06
1.656376220703125000e+03
5.678508300781250000e+03
9.023683471679687500e+02
7.200489472000000000e+10
4.101283430400000000e+10
4.796046500000000000e+06
5.996969600000000000e+08
9.242548437500000000e+04
8.278833618164062500e+02
7.200489472000000000e+10
4.676941200000000000e+07
8.960315000000000000e+06
1.751757446289062500e+03
2.084231200000000000e+08
7.200489472000000000e+10
7.200489472000000000e+10
4.672786000000000000e+07
5.990190720000000000e+08
5.189699062500000000e+05
2.034213012695312500e+03
7.200489472000000000e+10
2.544654848000000000e+09
6.696691200000000000e+08
2.180038671875000000e+04
9.184756736000000000e+09
1.709288281250000000e+05
9.189389375000000000e+05
4.567800000000000000e+04
8.387431640625000000e+03
1.670343750000000000e+04
1.096377929687500000e+04
2.219347900390625000e+03
7.015674438476562500e+02
1.375390937500000000e+05
1.239947500000000000e+05
6.434724121093750000e+02
5.811618750000000000e+04
1.268080468750000000e+04
2.592549438476562500e+02
1.708861694335937500e+02
1.655792846679687500e+02
1.069436352000000000e+09
1.426172160000000000e+08
2.742808789062500000e+04
4.363999375000000000e+05
2.792417187500000000e+04
1.633835601806640625e+02
2.746518720000000000e+08
2.200700976562500000e+04
1.433213134765625000e+03
1.035181274414062500e+03
7.918506835937500000e+03
5.756666015625000000e+04
2.724548632812500000e+04
1.087640722656250000e+04
5.882833000000000000e+06
2.790802001953125000e+03
2.541202392578125000e+03
1.055070605468750000e+04
2.586353271484375000e+03
7.200489472000000000e+10
2.662446694400000000e+10
4.840582000000000000e+06
4.034425750000000000e+06
5.214703125000000000e+03
9.988866577148437500e+02
7.200489472000000000e+10
1.680469600000000000e+07
9.026286000000000000e+06
4.067679214477539062e+01
2.765588800000000000e+07
9.658254720000000000e+08
5.268103200000000000e+07
1.228060500000000000e+06
5.195780312500000000e+05
5.084848125000000000e+05
2.381815917968750000e+03
1.295820480000000000e+08
4.792066562500000000e+05
1.204557578125000000e+05
3.704432421875000000e+04
2.707200937500000000e+05
4.281510720000000000e+08
3.699944960000000000e+09
5.371100625000000000e+05
4.390426500000000000e+06
4.739462812500000000e+05
4.193895937500000000e+05
4.860960640000000000e+08
1.208630000000000000e+05
4.398771875000000000e+05
3.533627500000000000e+05
1.828647500000000000e+05
7.200489472000000000e+10
7.758416800000000000e+07
1.000905280000000000e+09
2.583808000000000000e+07
2.374881718750000000e+05
8.311554687500000000e+03
4.400376832000000000e+09
2.755282688000000000e+09
8.686233593750000000e+04
2.014007934570312500e+03
6.938338750000000000e+05
1.068821094400000000e+10
1.402401100000000000e+07
3.674627000000000000e+06
5.401771163940429688e+01
2.264422250000000000e+06
1.658806093750000000e+05
5.544232559204101562e+01
1.157876757812500000e+04
1.487954080000000000e+08
1.690480000000000000e+07
2.414381875000000000e+05
2.821015625000000000e+04
3.810516000000000000e+06
1.231365700000000000e+07
6.776059570312500000e+03
1.014354937500000000e+06
7.200489472000000000e+10
3.793260800000000000e+09
2.952273664000000000e+09
3.938080320000000000e+08
9.483969375000000000e+05
8.844673000000000000e+06
7.200489472000000000e+10
9.745639424000000000e+09
5.676612000000000000e+07
3.021911250000000000e+05
1.048227120000000000e+08
1.141543046875000000e+05
2.300637207031250000e+03
9.668425750732421875e+01
2.082820312500000000e+03
3.050126953125000000e+02
2.379384803771972656e+01
1.090932540893554688e+02
1.093540096282958984e+01
