1.875552656250000000e+05
2.746808437500000000e+05
1.155905395507812500e+03
1.571590820312500000e+03
5.601146484375000000e+03
4.197064843750000000e+04
7.922998437500000000e+04
1.145990844726562500e+03
2.046053320312500000e+04
1.033542724609375000e+03
2.055147216796875000e+03
2.575983398437500000e+04
6.063977539062500000e+03
2.816934179687500000e+04
1.824090429687500000e+04
5.143958496093750000e+03
6.159828125000000000e+03
4.509526855468750000e+03
9.537634277343750000e+02
2.651121826171875000e+03
3.549267968750000000e+04
8.730984375000000000e+03
1.309595507812500000e+04
6.983681640625000000e+03
6.038551171875000000e+04
4.900896484375000000e+03
2.017930053710937500e+03
3.348100000000000000e+04
2.998657617187500000e+04
6.781833496093750000e+03
7.028731200000000000e+07
7.448921093750000000e+04
1.977284960937500000e+04
7.018225781250000000e+04
4.155123046875000000e+04
6.120615234375000000e+04
1.563562125000000000e+06
1.821667500000000000e+05
3.914763671875000000e+04
1.065512968750000000e+05
1.414907656250000000e+05
1.077056542968750000e+04
1.285227890625000000e+05
2.392214062500000000e+04
6.082153515625000000e+04
7.816237792968750000e+03
6.726540527343750000e+03
4.613616796875000000e+04
9.944163085937500000e+03
1.161855761718750000e+04
6.669845214843750000e+03
5.441779296875000000e+03
5.179435546875000000e+04
2.799166503906250000e+03
1.954862426757812500e+03
1.264746972656250000e+04
6.041243164062500000e+03
3.307512750000000000e+06
4.880234375000000000e+04
2.317089257812500000e+04
3.549267968750000000e+04
3.066034765625000000e+04
7.257776562500000000e+04
8.654002343750000000e+04
2.310199218750000000e+05
3.349693359375000000e+04
1.521092773437500000e+04
3.382521093750000000e+04
1.647579296875000000e+04
3.160649750000000000e+06
7.022503906250000000e+03
3.538473437500000000e+05
3.761378515625000000e+04
7.095536500000000000e+06
7.200169531250000000e+04
1.366431884765625000e+03
1.952993437500000000e+05
5.146053125000000000e+04
3.057849121093750000e+03
3.171350500000000000e+06
4.438074218750000000e+04
1.212037086486816406e+01
3.376091796875000000e+04
1.246826648712158203e+01
1.159449577331542969e+01
8.214767968750000000e+04
1.239864826202392578e+01
9.767970085144042969e+00
9.677874565124511719e+00
9.094808578491210938e+00
1.063763281250000000e+04
1.047231738281250000e+04
1.560202343750000000e+04
1.530875878906250000e+04
2.455156738281250000e+03
7.663137695312500000e+03
3.251999267578125000e+03
2.441546630859375000e+03
1.540225390625000000e+04
5.286971875000000000e+05
7.820413574218750000e+03
3.577477812500000000e+05
3.764378906250000000e+04
1.121173984375000000e+05
7.336973437500000000e+04
1.803033569335937500e+03
2.717705078125000000e+04
6.047623046875000000e+04
1.293179492187500000e+04
3.613875000000000000e+04
1.440652929687500000e+04
5.390857421875000000e+04
1.951306835937500000e+04
8.470389648437500000e+03
9.398992187500000000e+03
5.540274414062500000e+03
3.371939453125000000e+03
3.740237500000000000e+04
5.157684000000000000e+06
4.395853515625000000e+04
8.676929321289062500e+02
2.124272265625000000e+04
4.628263671875000000e+03
1.124016015625000000e+04
2.175948828125000000e+04
4.635699687500000000e+05
6.786797485351562500e+02
1.389355371093750000e+04
3.391643750000000000e+04
1.549383496093750000e+04
5.978295000000000000e+05
1.247210156250000000e+04
3.140045507812500000e+04
3.698224365234375000e+03
8.797589843750000000e+04
2.746699951171875000e+03
5.331532812500000000e+04
6.939241699218750000e+03
3.698988671875000000e+04
1.692536132812500000e+04
3.947615478515625000e+03
1.486262500000000000e+04
1.708614379882812500e+03
8.437931518554687500e+02
4.521902343750000000e+03
7.000630625000000000e+05
1.677186875000000000e+05
5.036479492187500000e+03
3.339234130859375000e+03
2.969362500000000000e+04
8.985446289062500000e+03
2.233298095703125000e+03
2.187174843750000000e+05
1.317150878906250000e+03
3.870869628906250000e+03
1.252876757812500000e+04
1.543338625000000000e+06
2.056850156250000000e+05
1.031251074218750000e+04
1.273202734375000000e+05
6.212981933593750000e+03
6.777370312500000000e+04
3.072427734375000000e+04
1.102771093750000000e+05
1.617818125000000000e+05
6.484293359375000000e+04
1.215426640625000000e+05
3.539728515625000000e+04
6.815274218750000000e+04
1.120655546875000000e+05
4.829060937500000000e+04
5.365995703125000000e+04
2.644505468750000000e+04
1.485001660156250000e+04
2.647148000000000000e+06
3.198152148437500000e+04
1.826864062500000000e+04
3.227656640625000000e+04
3.088691992187500000e+04
5.657107031250000000e+04
7.090121093750000000e+04
1.911928593750000000e+05
2.251274218750000000e+04
1.312745507812500000e+04
2.681839062500000000e+04
1.551943906250000000e+05
6.621128125000000000e+04
4.382345312500000000e+04
4.292312011718750000e+03
4.000873437500000000e+04
5.527866015625000000e+04
6.028878125000000000e+04
1.583356718750000000e+05
1.720908984375000000e+04
7.428017089843750000e+03
2.395412695312500000e+04
1.083921972656250000e+04
2.245228000000000000e+06
6.321459197998046875e+01
2.190209750000000000e+06
6.931750488281250000e+01
3.518258056640625000e+02
5.724513281250000000e+04
1.819470405578613281e+01
1.029282302856445312e+02
9.251004028320312500e+01
3.095023345947265625e+01
1.513762597656250000e+04
1.543338625000000000e+06
2.478962656250000000e+05
7.181722167968750000e+03
1.053360390625000000e+05
1.924953979492187500e+03
6.664740625000000000e+04
3.048601367187500000e+04
4.663748535156250000e+03
7.683244531250000000e+04
4.641410937500000000e+04
4.444868359375000000e+04
2.395146728515625000e+03
1.838299072265625000e+03
1.768935625000000000e+05
4.341044433593750000e+03
5.905046250000000000e+05
1.771034179687500000e+04
1.227556718750000000e+05
3.101570898437500000e+04
3.506414453125000000e+04
8.589866406250000000e+04
3.332893750000000000e+04
3.196621484375000000e+04
1.225038183593750000e+04
1.155743875000000000e+06
2.321061250000000000e+06
2.816605224609375000e+03
6.683011250000000000e+05
3.074478027343750000e+03
1.038791328125000000e+05
5.268462890625000000e+04
6.206756347656250000e+03
1.267694843750000000e+05
2.534726953125000000e+04
6.057707031250000000e+04
1.664888183593750000e+03
1.658241577148437500e+03
1.114861875000000000e+05
5.479295898437500000e+03
1.939672400000000000e+07
4.521731000000000000e+06
3.090389687500000000e+05
2.473831445312500000e+04
1.206258984375000000e+05
2.531542773437500000e+04
2.687173500000000000e+06
2.291101200000000000e+07
4.109222000000000000e+06
2.694853125000000000e+04
3.642020250000000000e+06
5.389157714843750000e+03
1.336901269531250000e+04
9.363756835937500000e+03
8.486795312500000000e+04
8.984725585937500000e+03
8.321429687500000000e+03
3.182385742187500000e+04
1.463256445312500000e+04
1.434100000000000000e+04
1.359719824218750000e+04
9.265473632812500000e+03
5.827400390625000000e+03
4.381054199218750000e+03
6.468202514648437500e+02
1.733300781250000000e+04
8.468852539062500000e+02
6.587125000000000000e+03
2.143375000000000000e+04
1.526251554489135742e+00
1.934875000000000000e+04
3.648438476562500000e+03
1.508001136779785156e+01
7.795919433593750000e+03
4.272136535644531250e+02
3.748123168945312500e+00
6.455492187500000000e+03
1.202053833007812500e+03
2.100866406250000000e+04
4.444753906250000000e+04
1.088226953125000000e+04
3.732298828125000000e+04
4.253641406250000000e+04
8.795903125000000000e+04
2.109240234375000000e+04
3.037851171875000000e+04
1.134967285156250000e+04
4.385844921875000000e+04
2.982850000000000000e+04
9.625602343750000000e+04
7.839023437500000000e+03
5.997715234375000000e+04
4.360337890625000000e+04
4.544882812500000000e+04
2.511113085937500000e+04
3.434007812500000000e+04
1.747585742187500000e+04
7.028731200000000000e+07
7.448921093750000000e+04
9.037660000000000000e+05
7.018225781250000000e+04
8.568778125000000000e+05
8.686805468750000000e+04
1.563562125000000000e+06
7.028731200000000000e+07
7.448921093750000000e+04
7.018225781250000000e+04
1.563562125000000000e+06
1.448798900000000000e+07
1.334111718750000000e+04
2.823187695312500000e+04
2.924624267578125000e+03
1.167328828125000000e+05
5.111008300781250000e+02
1.245193593750000000e+05
3.687349000000000000e+06
5.302515136718750000e+03
2.422705078125000000e+03
6.089994531250000000e+04
3.099817138671875000e+03
3.549267968750000000e+04
9.612752929687500000e+03
6.418573730468750000e+03
3.537324462890625000e+03
3.753716796875000000e+04
3.620311523437500000e+03
6.441484985351562500e+02
5.736038085937500000e+03
3.132580322265625000e+03
6.097074584960937500e+02
9.895890625000000000e+03
2.519714843750000000e+03
2.086640820312500000e+04
2.499564514160156250e+02
9.078569335937500000e+03
9.564864349365234375e+01
1.123625732421875000e+03
5.742618652343750000e+03
6.329656982421875000e+02
5.439438247680664062e+01
2.179797668457031250e+02
4.358404296875000000e+04
6.388335937500000000e+04
2.635431445312500000e+04
4.995249218750000000e+04
3.159770117187500000e+04
1.199067187500000000e+04
4.899970703125000000e+04
1.660267968750000000e+04
9.341250976562500000e+03
7.814858886718750000e+03
3.207006445312500000e+04
1.100888769531250000e+04
2.842492431640625000e+03
1.915880737304687500e+03
4.952504394531250000e+03
3.914386291503906250e+02
9.397719726562500000e+03
5.329738281250000000e+04
2.188536132812500000e+04
3.738636474609375000e+03
3.305382568359375000e+03
1.721980346679687500e+03
1.616206640625000000e+04
3.522317138671875000e+03
5.452406250000000000e+05
5.630050292968750000e+03
1.062472778320312500e+03
1.161425375000000000e+06
2.263671250000000000e+05
9.206681250000000000e+04
3.488508125000000000e+05
9.904746093750000000e+04
7.151268920898437500e+02
1.567918593750000000e+05
7.434335937500000000e+04
8.749987500000000000e+04
3.761378515625000000e+04
5.569160546875000000e+04
2.396333398437500000e+04
3.545493408203125000e+03
4.191429296875000000e+04
2.130036621093750000e+03
2.305089599609375000e+03
4.304503125000000000e+05
6.650612500000000000e+04
7.616912500000000000e+04
4.996725781250000000e+04
7.091953125000000000e+04
2.886655078125000000e+04
6.138304296875000000e+04
3.128026757812500000e+04
1.509184218750000000e+05
3.841830468750000000e+04
1.017433984375000000e+05
1.796059179687500000e+04
3.058654492187500000e+04
1.064725585937500000e+04
5.841284667968750000e+03
3.728781494140625000e+03
5.574996093750000000e+04
1.540225390625000000e+04
1.352956054687500000e+03
1.831183007812500000e+04
6.369580468750000000e+04
1.347522363281250000e+04
4.656467285156250000e+03
2.408575195312500000e+03
1.171892089843750000e+03
2.900558203125000000e+04
1.126187622070312500e+03
1.496587890625000000e+04
5.004998125000000000e+05
1.273972890625000000e+05
2.001646606445312500e+03
8.850174804687500000e+03
6.669820312500000000e+04
9.879934570312500000e+03
1.498583300781250000e+04
4.978182812500000000e+05
2.010126098632812500e+03
9.844604492187500000e+03
2.390385312500000000e+05
4.943874218750000000e+04
7.333364062500000000e+04
8.793655468750000000e+04
8.582857812500000000e+04
6.920990625000000000e+04
7.333364062500000000e+04
6.920990625000000000e+04
1.631285937500000000e+05
7.333635937500000000e+04
7.018225781250000000e+04
5.318734765625000000e+04
8.021907812500000000e+04
5.189705468750000000e+04
6.151108593750000000e+04
1.293562578125000000e+05
3.173596289062500000e+04
5.572258203125000000e+04
4.969495312500000000e+04
1.175351640625000000e+05
4.521731000000000000e+06
1.653817812500000000e+05
8.944761718750000000e+03
5.287666015625000000e+04
1.121326953125000000e+05
2.774828125000000000e+05
4.529650781250000000e+04
1.066826000000000000e+06
2.000256054687500000e+04
1.593718906250000000e+05
7.028731200000000000e+07
5.533995312500000000e+04
9.037660000000000000e+05
5.894105859375000000e+04
8.568778125000000000e+05
9.277191406250000000e+04
1.018503687500000000e+06
7.028731200000000000e+07
5.533995312500000000e+04
5.894105859375000000e+04
1.018503687500000000e+06
5.490528750000000000e+05
1.021117187500000000e+05
1.766238476562500000e+04
5.986228515625000000e+03
2.480666210937500000e+04
7.486238281250000000e+04
3.949980957031250000e+03
1.274240625000000000e+04
4.521731000000000000e+06
5.874419531250000000e+04
9.037660000000000000e+05
3.331549218750000000e+04
6.383865625000000000e+04
9.187578125000000000e+04
5.618250390625000000e+04
4.521731000000000000e+06
5.874419531250000000e+04
3.331549218750000000e+04
5.618250390625000000e+04
7.113901562500000000e+04
3.595191796875000000e+04
1.236308398437500000e+04
6.663684570312500000e+03
6.165709765625000000e+04
3.674429687500000000e+04
1.606333203125000000e+04
1.339785937500000000e+05
3.806788671875000000e+04
1.001630664062500000e+04
2.872796875000000000e+04
1.836282656250000000e+05
2.935573437500000000e+04
1.099749218750000000e+04
5.261648828125000000e+04
8.262256835937500000e+03
1.055353637695312500e+03
2.003448242187500000e+04
3.458376708984375000e+03
8.742290625000000000e+05
1.097786875000000000e+05
3.674713281250000000e+04
5.993250000000000000e+04
2.366075195312500000e+04
3.584229980468750000e+03
6.370260937500000000e+04
1.784077734375000000e+04
8.032242187500000000e+03
1.307393593750000000e+05
4.023418359375000000e+04
8.230208593750000000e+04
3.803173828125000000e+04
1.134813574218750000e+04
1.217513671875000000e+04
1.804506640625000000e+04
7.344443847656250000e+03
1.059438964843750000e+04
3.805403564453125000e+03
5.485861718750000000e+04
9.191905273437500000e+03
1.274710937500000000e+04
3.873363281250000000e+04
8.967946289062500000e+03
7.749244628906250000e+03
5.517592285156250000e+03
1.713437377929687500e+03
8.001786621093750000e+03
1.549383496093750000e+04
4.509397949218750000e+03
5.420285644531250000e+03
2.624659667968750000e+03
7.036329589843750000e+03
3.322460205078125000e+03
2.277659912109375000e+03
9.738825000000000000e+04
3.802644921875000000e+04
6.209614062500000000e+04
8.177623437500000000e+04
1.949922851562500000e+04
3.782573828125000000e+04
1.015086640625000000e+05
2.241028125000000000e+04
6.036467187500000000e+04
6.892667500000000000e+05
2.207002343750000000e+04
8.395491210937500000e+03
2.557289257812500000e+04
8.303496093750000000e+03
4.376936718750000000e+04
2.828564062500000000e+04
4.225339062500000000e+04
9.713580078125000000e+03
2.255490625000000000e+04
4.334594500000000000e+06
3.434907958984375000e+03
2.030439843750000000e+04
7.018225781250000000e+04
8.568778125000000000e+05
8.686805468750000000e+04
6.195734375000000000e+05
4.334594500000000000e+06
3.434907958984375000e+03
7.018225781250000000e+04
6.195734375000000000e+05
1.726844140625000000e+04
7.595831250000000000e+05
1.172307375000000000e+06
2.904355937500000000e+05
1.865683250000000000e+06
3.094351500000000000e+06
1.474842500000000000e+05
8.576413750000000000e+05
2.229662250000000000e+06
1.643655875000000000e+06
1.212708375000000000e+06
3.276533750000000000e+05
3.531655859375000000e+04
3.213153564453125000e+03
1.265223535156250000e+04
1.835970336914062500e+03
1.781931640625000000e+04
1.811271850585937500e+03
2.158499511718750000e+03
1.937960400000000000e+07
7.237800781250000000e+04
7.278331250000000000e+05
5.310832812500000000e+04
1.199348828125000000e+05
8.804607031250000000e+04
2.219533750000000000e+06
1.968411200000000000e+07
6.143891406250000000e+04
5.170182421875000000e+04
2.155104250000000000e+06
8.061653808593750000e+03
5.384112304687500000e+03
2.707965820312500000e+03
5.557647656250000000e+04
1.767893554687500000e+04
5.461061328125000000e+04
3.681673046875000000e+04
3.544573486328125000e+03
2.696910400390625000e+03
2.234633984375000000e+04
2.035504296875000000e+04
5.960908750000000000e+05
2.689112304687500000e+04
1.234387890625000000e+05
4.531699218750000000e+04
6.055506640625000000e+04
8.634744531250000000e+04
8.155046093750000000e+04
6.116349609375000000e+04
1.418149804687500000e+04
1.442332812500000000e+05
1.939192382812500000e+04
1.957973632812500000e+03
2.323985351562500000e+04
5.565603515625000000e+03
8.266261718750000000e+03
8.658581054687500000e+03
4.451443750000000000e+04
1.104851440429687500e+03
4.383040039062500000e+03
3.847738769531250000e+03
2.999693164062500000e+04
1.489552050781250000e+04
1.210058300781250000e+04
9.036703125000000000e+03
6.803461718750000000e+04
4.090592285156250000e+03
1.258428588867187500e+03
3.018941992187500000e+04
6.902485839843750000e+03
1.291107177734375000e+03
3.168444824218750000e+03
9.047449218750000000e+03
1.844293090820312500e+03
5.872272460937500000e+03
2.389351806640625000e+03
3.827936718750000000e+04
3.474477783203125000e+03
9.576149291992187500e+02
1.100919433593750000e+03
4.262075683593750000e+03
1.608920654296875000e+03
7.727203125000000000e+04
8.477379882812500000e+03
1.203777832031250000e+04
4.983761718750000000e+04
6.251883300781250000e+03
9.576979687500000000e+04
1.150470078125000000e+05
4.484852343750000000e+04
5.990906738281250000e+03
4.190329687500000000e+05
1.910862500000000000e+04
4.917793750000000000e+04
1.639206445312500000e+04
4.566523828125000000e+04
1.111007519531250000e+04
8.705703735351562500e+02
1.548817578125000000e+04
2.072086914062500000e+03
4.282587585449218750e+02
2.555537500000000000e+05
4.148899841308593750e+02
1.201519453125000000e+05
7.016032714843750000e+02
7.292536010742187500e+02
5.350644531250000000e+04
1.629033660888671875e+02
2.606004333496093750e+02
2.893034912109375000e+03
4.674361816406250000e+03
7.333592773437500000e+03
9.449267968750000000e+04
2.553752929687500000e+04
6.422238671875000000e+04
8.888961914062500000e+03
3.375096679687500000e+03
2.360100097656250000e+03
6.654990625000000000e+04
1.009005078125000000e+04
1.622580566406250000e+04
4.610797265625000000e+04
5.570356933593750000e+03
2.471404687500000000e+04
1.050631250000000000e+04
9.384794921875000000e+03
4.378184570312500000e+03
1.981867919921875000e+03
3.747727539062500000e+03
7.798400268554687500e+02
6.450997924804687500e+02
7.283041992187500000e+03
2.154827187500000000e+05
1.911327148437500000e+04
1.690173593750000000e+05
1.929437109375000000e+04
2.021966406250000000e+05
1.113536875000000000e+05
1.631092529296875000e+03
1.372632656250000000e+05
1.256709609375000000e+05
7.069299218750000000e+04
8.233331000000000000e+06
4.672892187500000000e+04
3.174664648437500000e+04
2.994670898437500000e+04
7.850589062500000000e+04
5.714138281250000000e+04
7.939611875000000000e+05
6.188736875000000000e+05
1.556316015625000000e+04
8.253002343750000000e+04
1.501472343750000000e+05
5.443591308593750000e+03
1.513177375000000000e+06
1.543338625000000000e+06
1.618018593750000000e+05
2.126359843750000000e+05
4.470935500000000000e+06
6.979965820312500000e+03
1.488562031250000000e+05
1.755889500000000000e+06
1.520681718750000000e+05
1.052557109375000000e+05
1.034827265625000000e+05
6.800605468750000000e+03
6.699276733398437500e+01
4.987784375000000000e+04
2.461186523437500000e+02
3.492232131958007812e+01
6.800605468750000000e+03
6.699276733398437500e+01
8.790706634521484375e+00
3.492232131958007812e+01
8.790706634521484375e+00
4.731976953125000000e+04
4.023418359375000000e+04
2.286113085937500000e+04
1.174205664062500000e+04
7.547296386718750000e+03
3.564501464843750000e+03
6.069440429687500000e+03
2.060728515625000000e+03
9.647400000000000000e+06
5.777538125000000000e+05
8.033935546875000000e+03
2.767094140625000000e+04
6.672537500000000000e+04
3.628869140625000000e+03
3.409479000000000000e+06
9.780775000000000000e+04
2.347558593750000000e+04
7.437311523437500000e+03
1.256005000000000000e+05
6.789085937500000000e+04
1.771101757812500000e+04
1.797309625000000000e+06
4.065056875000000000e+05
2.908211000000000000e+06
2.810622750000000000e+06
1.195645898437500000e+04
1.271639875000000000e+06
1.354286250000000000e+06
1.939781625000000000e+06
9.330292500000000000e+05
1.461436230468750000e+04
1.047231738281250000e+04
4.319424609375000000e+04
1.893009960937500000e+04
1.552145019531250000e+03
5.511096679687500000e+03
2.938290039062500000e+03
1.198661987304687500e+03
1.261554412841796875e+02
6.093539810180664062e+01
7.841278125000000000e+05
1.043972578125000000e+05
7.746770477294921875e+01
6.319818115234375000e+01
8.311173828125000000e+03
3.944281387329101562e+01
2.329571044921875000e+03
3.549267968750000000e+04
5.466255859375000000e+03
9.963160156250000000e+03
1.615045166015625000e+03
5.104364453125000000e+04
4.752133789062500000e+03
7.058845214843750000e+02
6.328541503906250000e+03
5.875528320312500000e+03
1.619111450195312500e+03
5.070687109375000000e+04
9.496554687500000000e+03
2.375059960937500000e+04
5.547607421875000000e+04
1.726392968750000000e+04
5.162505859375000000e+04
9.344459960937500000e+03
1.561350097656250000e+04
7.028731200000000000e+07
6.293822265625000000e+04
4.354088281250000000e+04
4.835646875000000000e+04
7.627335937500000000e+04
4.523943750000000000e+04
1.440245000000000000e+06
1.271972125000000000e+06
4.619014453125000000e+04
1.786711914062500000e+04
2.692999687500000000e+05
1.642102968750000000e+05
4.292362890625000000e+04
1.186769433593750000e+04
4.620217773437500000e+03
8.283704101562500000e+03
4.899194921875000000e+04
2.989371875000000000e+04
7.549971093750000000e+04
2.359351171875000000e+04
3.593339599609375000e+03
2.283498242187500000e+04
4.392869531250000000e+04
7.718859375000000000e+03
1.422472375000000000e+06
1.612037792968750000e+04
5.187482812500000000e+05
6.891274375000000000e+05
3.071481933593750000e+03
3.340928437500000000e+05
4.422065625000000000e+05
1.331366718750000000e+05
7.347834375000000000e+04
9.104382812500000000e+03
1.507190375000000000e+06
1.983616210937500000e+04
7.062444375000000000e+05
9.223442382812500000e+03
3.628462890625000000e+04
4.229157031250000000e+04
8.034065429687500000e+03
2.149008203125000000e+04
5.200828613281250000e+03
4.281353027343750000e+03
2.251188281250000000e+04
3.809904687500000000e+04
3.507407812500000000e+04
1.016900195312500000e+04
2.367646289062500000e+04
1.893862670898437500e+03
6.952473437500000000e+04
8.251727539062500000e+03
1.846574340820312500e+03
3.423876953125000000e+04
8.713440429687500000e+03
1.036039355468750000e+04
2.553498046875000000e+03
5.814085937500000000e+04
7.709544921875000000e+03
9.111952514648437500e+02
3.257020507812500000e+04
1.385898632812500000e+04
3.737491699218750000e+03
3.277908203125000000e+04
5.144787597656250000e+03
1.506667382812500000e+04
1.804188281250000000e+04
3.010845458984375000e+03
1.410336035156250000e+04
3.517921142578125000e+03
1.762910278320312500e+03
4.160272521972656250e+02
2.542300537109375000e+03
1.156366699218750000e+03
7.870762500000000000e+04
1.063231835937500000e+04
2.942221875000000000e+04
4.718865051269531250e+02
2.036159973144531250e+02
1.716582885742187500e+03
2.559213867187500000e+03
3.169615478515625000e+02
9.958630468750000000e+04
7.146687011718750000e+03
1.669084179687500000e+04
3.951614062500000000e+04
4.720662109375000000e+03
1.864275195312500000e+04
1.178729785156250000e+04
4.948566406250000000e+03
3.505635937500000000e+04
1.549383496093750000e+04
2.914728515625000000e+04
2.209535937500000000e+04
1.953215429687500000e+04
1.215045166015625000e+03
2.394295703125000000e+04
7.392817382812500000e+02
4.628824707031250000e+03
5.242069500000000000e+06
8.484978750000000000e+05
2.036113891601562500e+03
1.161578808593750000e+04
3.376220312500000000e+04
2.482860351562500000e+04
4.542450683593750000e+03
4.905373000000000000e+06
2.001555664062500000e+03
2.410374804687500000e+04
1.253228125000000000e+04
2.437200439453125000e+03
1.824261562500000000e+05
1.881824218750000000e+04
2.783309082031250000e+03
1.301969921875000000e+04
2.310737548828125000e+03
2.974830810546875000e+03
3.025141601562500000e+04
3.651356250000000000e+04
7.018225781250000000e+04
1.845458496093750000e+03
8.911517578125000000e+03
4.547262890625000000e+04
3.350910156250000000e+03
5.557927246093750000e+03
7.126055468750000000e+04
2.639883056640625000e+03
2.374528808593750000e+03
9.790930664062500000e+03
2.141434179687500000e+04
4.186455566406250000e+03
2.503809960937500000e+04
1.257770019531250000e+04
5.594601562500000000e+04
4.651530761718750000e+03
1.259799194335937500e+03
3.561017822265625000e+03
4.462329589843750000e+03
6.225161743164062500e+02
5.258824609375000000e+04
2.726171386718750000e+03
1.369637375000000000e+06
3.084108984375000000e+04
1.251162125000000000e+06
1.228686953125000000e+05
2.286722167968750000e+03
5.669162500000000000e+05
8.930902343750000000e+04
1.048039531250000000e+05
7.250221875000000000e+04
1.082388867187500000e+04
3.114697998046875000e+03
2.367641601562500000e+04
2.415239648437500000e+04
2.961717529296875000e+02
1.319882617187500000e+04
1.507164062500000000e+03
4.775018005371093750e+02
2.939555250000000000e+06
4.521731000000000000e+06
9.037660000000000000e+05
6.105538574218750000e+03
4.022988671875000000e+04
6.383865625000000000e+04
9.391586875000000000e+05
2.939555250000000000e+06
4.521731000000000000e+06
6.105538574218750000e+03
9.391586875000000000e+05
5.480962000000000000e+06
7.448921093750000000e+04
1.357791900634765625e+02
4.186455566406250000e+03
6.121571350097656250e+01
7.096739196777343750e+01
2.056159687500000000e+05
9.682875061035156250e+01
5.368249130249023438e+01
2.667239189147949219e+01
4.239955520629882812e+01
1.556301406250000000e+05
7.448921093750000000e+04
1.895364218750000000e+05
4.326538085937500000e+03
4.010355078125000000e+04
6.232502734375000000e+04
4.616662890625000000e+04
2.567786718750000000e+05
1.679338476562500000e+04
7.214566894531250000e+03
2.689923046875000000e+04
1.757881600000000000e+07
9.088889375000000000e+05
8.778379882812500000e+03
5.924453515625000000e+04
7.461099218750000000e+04
2.130084570312500000e+04
1.584234875000000000e+06
2.966919500000000000e+06
2.445098281250000000e+05
1.815587695312500000e+04
3.652325937500000000e+05
2.014845733642578125e+02
1.901425390625000000e+04
2.051893554687500000e+03
4.105569921875000000e+04
2.791853332519531250e+02
5.809818267822265625e+01
7.890716796875000000e+03
8.444367980957031250e+01
5.158319000000000000e+06
4.470935500000000000e+06
4.627288000000000000e+06
4.006536328125000000e+04
4.449438000000000000e+06
8.032426562500000000e+04
4.215034687500000000e+05
4.464648125000000000e+05
6.493935156250000000e+04
9.574925781250000000e+03
5.256662890625000000e+04
2.648276171875000000e+04
9.574925781250000000e+03
2.288314062500000000e+04
5.054006347656250000e+03
1.590545703125000000e+04
1.928279882812500000e+04
1.513177375000000000e+06
3.866347265625000000e+04
1.695322000000000000e+06
9.537332031250000000e+04
6.452849609375000000e+04
7.080843750000000000e+04
3.361075781250000000e+04
2.268542382812500000e+04
3.238207812500000000e+04
9.467217773437500000e+03
1.582601464843750000e+04
7.608892578125000000e+03
6.162217968750000000e+04
8.003686523437500000e+03
5.350707031250000000e+03
1.193318481445312500e+03
2.844383300781250000e+03
2.758830566406250000e+02
4.731976953125000000e+04
1.543338625000000000e+06
3.171752500000000000e+06
7.949935058593750000e+03
1.267663250000000000e+06
3.055416992187500000e+03
8.323055000000000000e+05
4.227901875000000000e+05
2.529250000000000000e+04
6.975035156250000000e+03
2.046492382812500000e+04
9.497251953125000000e+03
1.707012890625000000e+04
9.136768554687500000e+03
8.568016601562500000e+03
2.626211181640625000e+03
1.611685742187500000e+04
4.544470703125000000e+04
3.569891015625000000e+04
7.301089062500000000e+04
7.689092285156250000e+03
1.369313574218750000e+04
6.232770703125000000e+04
1.103682226562500000e+04
1.022282421875000000e+05
8.091357421875000000e+03
4.369673339843750000e+03
6.427330859375000000e+04
4.005951562500000000e+04
5.097944824218750000e+03
8.039117187500000000e+03
4.338030761718750000e+03
1.444490112304687500e+03
5.073844238281250000e+03
1.437426391601562500e+03
9.254082500000000000e+05
3.606815625000000000e+05
6.586389648437500000e+03
3.513903515625000000e+04
4.096304687500000000e+04
5.920781640625000000e+04
1.711129516601562500e+03
4.669762695312500000e+03
1.256380371093750000e+04
1.502799875000000000e+06
1.539773625000000000e+06
1.030091937500000000e+06
1.493977375000000000e+06
4.470935500000000000e+06
6.006657031250000000e+04
9.798543750000000000e+05
1.751906875000000000e+06
1.422670375000000000e+06
1.003431562500000000e+06
1.024574140625000000e+05
4.051048046875000000e+04
5.960908750000000000e+05
7.295702343750000000e+04
8.439868750000000000e+04
2.131663671875000000e+04
1.812477968750000000e+05
3.565410156250000000e+04
1.939155468750000000e+04
1.549383496093750000e+04
2.282962890625000000e+04
1.600812207031250000e+04
4.199646484375000000e+03
3.486466552734375000e+03
1.532792675781250000e+04
1.191496948242187500e+03
1.928279882812500000e+04
1.513177375000000000e+06
1.543338625000000000e+06
1.695322000000000000e+06
1.865683250000000000e+06
4.470935500000000000e+06
7.080843750000000000e+04
1.178977375000000000e+06
1.755889500000000000e+06
1.717636875000000000e+06
1.162589000000000000e+06
3.859800292968750000e+03
4.051048046875000000e+04
3.996775146484375000e+03
4.290073242187500000e+03
2.338856689453125000e+03
1.992637817382812500e+03
2.608696289062500000e+03
1.203293579101562500e+03
2.227541406250000000e+05
1.042303222656250000e+04
5.954218750000000000e+03
1.089183437500000000e+05
4.129137890625000000e+04
2.901571093750000000e+04
9.869545898437500000e+03
2.166963085937500000e+04
3.633797500000000000e+05
1.063231835937500000e+04
1.831553437500000000e+05
3.553099975585937500e+02
2.317518164062500000e+04
6.245886840820312500e+02
1.213821945190429688e+02
1.569783477783203125e+02
7.175422363281250000e+03
1.507190375000000000e+06
7.814858886718750000e+03
4.861267812500000000e+05
7.543143066406250000e+03
7.459811000000000000e+06
2.977836328125000000e+04
5.765164794921875000e+02
1.389072500000000000e+05
1.007224414062500000e+04
1.619364013671875000e+03
4.254109500000000000e+06
3.918573828125000000e+04
2.321535546875000000e+04
8.802224609375000000e+03
1.162751367187500000e+04
5.166820703125000000e+04
3.408538750000000000e+05
1.809468164062500000e+04
5.439786621093750000e+03
7.442754394531250000e+03
4.495324218750000000e+03
6.253013671875000000e+04
4.521731000000000000e+06
1.642024531250000000e+05
8.236465820312500000e+03
2.640281640625000000e+04
1.116887109375000000e+05
1.394366699218750000e+04
3.467380859375000000e+04
1.061644750000000000e+06
7.492577148437500000e+03
2.947279492187500000e+04
1.135849853515625000e+03
3.550046484375000000e+04
6.392839843750000000e+04
7.661142578125000000e+03
5.257741210937500000e+03
8.686805468750000000e+04
5.040809570312500000e+03
1.135849853515625000e+03
3.550046484375000000e+04
7.661142578125000000e+03
5.040809570312500000e+03
8.020160800000000000e+07
6.600959375000000000e+04
4.098887890625000000e+04
7.018225781250000000e+04
3.439770000000000000e+05
5.543492578125000000e+04
2.391661000000000000e+06
1.542110125000000000e+06
1.692384375000000000e+04
1.348814062500000000e+05
1.817905000000000000e+05
8.920346875000000000e+04
4.984237109375000000e+04
1.706041015625000000e+03
6.172531250000000000e+03
9.010839233398437500e+02
6.578773925781250000e+03
3.852650451660156250e+02
2.510161743164062500e+02
7.028731200000000000e+07
4.521731000000000000e+06
4.635200390625000000e+04
1.215275859375000000e+05
1.129293203125000000e+05
3.088691992187500000e+04
5.132067000000000000e+06
3.667788750000000000e+05
1.170678906250000000e+05
1.054230761718750000e+04
1.238855390625000000e+05
7.072555664062500000e+03
1.928279882812500000e+04
1.543338625000000000e+06
1.077775781250000000e+04
7.938121250000000000e+05
1.865683250000000000e+06
1.849576416015625000e+03
1.938639687500000000e+05
1.178977375000000000e+06
4.615271562500000000e+05
2.361533906250000000e+05
7.016183593750000000e+03
6.108806152343750000e+03
6.648656738281250000e+03
8.686805468750000000e+04
3.919944580078125000e+03
2.509840820312500000e+03
6.648656738281250000e+03
2.509840820312500000e+03
5.959139648437500000e+03
2.636103437500000000e+05
2.319685351562500000e+04
7.771375488281250000e+03
2.198670117187500000e+04
3.284958984375000000e+04
1.326024804687500000e+04
8.512358398437500000e+03
6.077856640625000000e+04
5.524507324218750000e+03
1.146292089843750000e+04
3.755073828125000000e+04
6.245613281250000000e+03
1.189930875000000000e+06
7.319602539062500000e+03
5.237660625000000000e+05
7.533005000000000000e+05
6.075057983398437500e+02
2.002721562500000000e+05
3.063641875000000000e+05
1.197709843750000000e+05
4.190597265625000000e+04
6.487170625000000000e+05
1.846542875000000000e+06
1.515407656250000000e+05
1.850992431640625000e+03
1.069458203125000000e+04
6.383865625000000000e+04
3.617546250000000000e+05
6.487170625000000000e+05
1.846542875000000000e+06
1.850992431640625000e+03
3.617546250000000000e+05
1.975708400000000000e+07
4.478380859375000000e+04
1.754081875000000000e+05
6.940966406250000000e+04
9.557021250000000000e+05
8.884950000000000000e+04
6.547371250000000000e+05
2.256157600000000000e+07
4.713416406250000000e+04
8.463129687500000000e+04
6.896685000000000000e+05
7.028731200000000000e+07
4.267645937500000000e+05
7.643668125000000000e+05
2.091574218750000000e+04
8.736115625000000000e+05
2.778083593750000000e+04
5.893670625000000000e+05
6.866972000000000000e+07
4.019881875000000000e+05
1.955940625000000000e+04
5.485096250000000000e+05
2.842496679687500000e+04
5.316898925781250000e+03
1.501410156250000000e+04
8.234635742187500000e+03
3.205478271484375000e+03
5.293616210937500000e+03
3.565912841796875000e+03
3.775796386718750000e+03
9.589580078125000000e+02
2.917098876953125000e+03
1.608824096679687500e+03
1.914083125000000000e+05
6.405058500000000000e+06
1.457109750000000000e+06
2.761541992187500000e+04
3.023977250000000000e+06
1.745848242187500000e+04
1.477142656250000000e+05
4.141424062500000000e+05
1.561238378906250000e+04
1.047355687500000000e+06
1.491836718750000000e+04
5.893779687500000000e+04
3.761378515625000000e+04
9.757215625000000000e+05
8.943652343750000000e+03
2.646965820312500000e+03
7.973825000000000000e+04
1.029642187500000000e+04
4.435362548828125000e+02
2.190419726562500000e+04
3.461373535156250000e+03
1.603184936523437500e+03
2.621703857421875000e+03
9.314746093750000000e+02
1.005856994628906250e+03
6.686500854492187500e+02
1.314799957275390625e+02
4.750008984375000000e+04
2.279952636718750000e+03
3.343756640625000000e+04
4.896044311523437500e+02
2.311760937500000000e+04
2.406918945312500000e+02
1.314812255859375000e+03
2.910981054687500000e+04
1.221426391601562500e+03
2.746326599121093750e+02
6.859204101562500000e+02
3.552105859375000000e+04
5.064680078125000000e+04
2.267063085937500000e+04
7.431125000000000000e+04
1.234955566406250000e+04
5.235945800781250000e+03
2.597099023437500000e+04
4.897653320312500000e+03
2.889734863281250000e+03
3.064630737304687500e+02
4.183912597656250000e+03
2.745195312500000000e+02
6.468012890625000000e+04
3.289452819824218750e+02
2.109325256347656250e+02
5.740061035156250000e+03
2.514739837646484375e+02
2.271632385253906250e+02
1.676656341552734375e+02
7.450149218750000000e+04
2.982446594238281250e+02
1.173125839233398438e+02
2.871550585937500000e+04
9.851903533935546875e+01
2.258997460937500000e+04
9.374977111816406250e+01
5.832827758789062500e+01
6.573944531250000000e+04
7.649248535156250000e+03
1.326502929687500000e+04
7.047606445312500000e+03
1.330571484375000000e+04
3.734715820312500000e+03
1.002571191406250000e+04
4.449229980468750000e+03
2.544611250000000000e+06
7.429587500000000000e+04
4.880755004882812500e+02
1.135414453125000000e+04
2.088567352294921875e+02
8.430502929687500000e+02
7.435981875000000000e+05
2.367785156250000000e+03
6.353180541992187500e+02
1.298444366455078125e+02
4.282468261718750000e+03
8.301597656250000000e+04
7.710301757812500000e+03
1.874834179687500000e+04
4.459262109375000000e+04
4.884419921875000000e+04
2.562741015625000000e+04
6.648941894531250000e+03
1.168220507812500000e+04
7.159124511718750000e+03
1.763015820312500000e+04
4.367710449218750000e+03
1.481651900000000000e+07
7.448921093750000000e+04
1.086615546875000000e+05
2.881758984375000000e+04
6.370534375000000000e+04
5.519926562500000000e+04
4.097243500000000000e+06
1.441550625000000000e+06
1.083067285156250000e+04
1.981371875000000000e+04
8.123857500000000000e+05
1.456800683593750000e+04
5.044320000000000000e+05
1.060690500000000000e+06
3.577477812500000000e+05
2.810622750000000000e+06
3.779013000000000000e+06
7.131719531250000000e+04
7.448779375000000000e+05
1.622218500000000000e+06
2.396425750000000000e+06
8.649386250000000000e+05
6.089826500000000000e+06
7.448921093750000000e+04
2.170547656250000000e+04
2.486573828125000000e+04
5.340499218750000000e+04
6.046001953125000000e+04
1.846102875000000000e+06
2.592982812500000000e+05
3.977017187500000000e+04
6.900638281250000000e+04
2.329117968750000000e+05
7.834599218750000000e+04
4.305520507812500000e+03
5.060166015625000000e+03
1.058340781250000000e+05
1.347863085937500000e+04
2.055023437500000000e+03
3.876327148437500000e+03
2.256532714843750000e+03
1.364572753906250000e+02
9.474683227539062500e+02
1.040008392333984375e+02
8.882419921875000000e+03
1.992242578125000000e+04
3.060837304687500000e+04
4.909162500000000000e+04
1.232531738281250000e+03
1.217442675781250000e+04
4.398343750000000000e+03
2.574375732421875000e+03
9.257683750000000000e+05
1.865710625000000000e+05
2.613667578125000000e+04
5.073444531250000000e+04
1.179667343750000000e+05
8.208574218750000000e+04
3.969903906250000000e+04
3.202211328125000000e+04
8.316456800000000000e+07
6.506172000000000000e+06
1.423674531250000000e+05
1.215275859375000000e+05
8.568778125000000000e+05
6.383865625000000000e+04
8.199230000000000000e+06
8.316456800000000000e+07
6.506172000000000000e+06
1.215275859375000000e+05
8.199230000000000000e+06
3.828575439453125000e+03
9.058423828125000000e+03
1.405968554687500000e+04
2.686745312500000000e+05
5.306367578125000000e+04
5.607955859375000000e+04
1.406179003906250000e+04
2.896482666015625000e+03
1.957716674804687500e+03
9.585039843750000000e+04
4.643555664062500000e+03
7.300824800000000000e+07
5.694428906250000000e+04
3.661846093750000000e+04
6.752176562500000000e+04
3.176191562500000000e+05
5.395322265625000000e+04
2.127225750000000000e+06
1.349104125000000000e+06
1.587016601562500000e+04
1.316144375000000000e+05
1.730558906250000000e+05
5.348876953125000000e+02
1.002117089843750000e+04
4.338146972656250000e+03
5.012664062500000000e+03
7.479385375976562500e+01
1.689810668945312500e+03
1.062035766601562500e+03
3.132906188964843750e+02
8.881115234375000000e+03
1.469946594238281250e+02
3.223985290527343750e+02
3.243100390625000000e+04
8.276416015625000000e+01
2.652152832031250000e+03
1.164959793090820312e+02
4.180692291259765625e+01
9.790930664062500000e+03
1.829498046875000000e+03
4.186455566406250000e+03
5.977754882812500000e+03
1.257770019531250000e+04
1.079565917968750000e+04
7.810425415039062500e+02
1.259799194335937500e+03
6.384067382812500000e+02
9.632276000976562500e+02
1.007613677978515625e+02
1.392642871093750000e+04
2.353511474609375000e+03
7.998333593750000000e+04
2.791735156250000000e+04
1.693500000000000000e+03
1.390970703125000000e+03
1.988865478515625000e+03
1.441299743652343750e+02
1.274986484375000000e+05
6.344757812500000000e+03
4.009460546875000000e+04
1.257770019531250000e+04
6.167750000000000000e+04
8.942705468750000000e+04
1.583409277343750000e+04
1.225578593750000000e+05
5.699454101562500000e+03
1.200250292968750000e+04
1.517458593750000000e+04
7.501107200000000000e+07
6.012940000000000000e+06
3.896114843750000000e+04
1.215275859375000000e+05
9.284342187500000000e+04
1.055977636718750000e+04
7.881641500000000000e+06
1.517157343750000000e+05
2.962117187500000000e+05
9.069610351562500000e+03
3.824838750000000000e+05
1.863988375000000000e+06
4.672892187500000000e+04
1.531275756835937500e+03
3.338938671875000000e+04
1.008512695312500000e+03
1.472316308593750000e+04
6.299155078125000000e+04
5.030266601562500000e+03
3.971755615234375000e+03
2.766520019531250000e+03
6.191312500000000000e+03
6.843731250000000000e+04
3.563757812500000000e+04
1.310139609375000000e+05
3.305508593750000000e+04
6.745135937500000000e+04
1.402251074218750000e+04
3.514771484375000000e+04
1.003258886718750000e+04
3.594125000000000000e+03
3.549267968750000000e+04
6.807666992187500000e+03
1.079565859375000000e+05
1.477514160156250000e+04
7.636870312500000000e+04
3.803758203125000000e+04
1.587839355468750000e+03
9.322204101562500000e+03
3.953887500000000000e+04
1.467570800781250000e+04
2.077718750000000000e+04
2.321212402343750000e+03
4.954257812500000000e+03
3.062867919921875000e+03
7.129047851562500000e+03
4.561509765625000000e+04
9.678474609375000000e+03
1.732128906250000000e+04
2.423123535156250000e+03
1.041858984375000000e+04
1.176721484375000000e+04
3.074212500000000000e+04
8.568778125000000000e+05
7.018225781250000000e+04
1.384882617187500000e+04
2.195631835937500000e+04
8.686805468750000000e+04
3.074212500000000000e+04
4.009368359375000000e+04
7.018225781250000000e+04
2.195631835937500000e+04
4.009368359375000000e+04
2.807601000000000000e+06
4.211499609375000000e+04
1.942331640625000000e+04
3.549267968750000000e+04
3.088691992187500000e+04
7.296745312500000000e+04
8.180307031250000000e+04
2.001858437500000000e+05
2.981186523437500000e+04
1.504883691406250000e+04
3.194914453125000000e+04
1.563637500000000000e+04
5.022504394531250000e+03
3.922838750000000000e+05
3.317930859375000000e+04
5.022504394531250000e+03
7.849835815429687500e+02
4.099747656250000000e+04
8.884986572265625000e+02
1.406025781250000000e+05
9.069653320312500000e+03
2.878377734375000000e+04
6.932253906250000000e+04
3.201279882812500000e+04
6.345164843750000000e+04
4.210137890625000000e+04
8.034549218750000000e+04
2.614661376953125000e+03
1.846542875000000000e+06
1.517164941406250000e+04
2.105083740234375000e+03
5.120020507812500000e+03
3.090507226562500000e+04
8.445292968750000000e+03
2.378812255859375000e+03
9.565843750000000000e+04
2.083526855468750000e+03
3.659404541015625000e+03
1.332719500000000000e+07
4.587253125000000000e+04
3.549498046875000000e+04
2.610087890625000000e+04
1.259044062500000000e+05
5.545100390625000000e+04
5.064516875000000000e+05
8.754673125000000000e+05
9.587234375000000000e+03
6.891608593750000000e+04
1.096704843750000000e+05
1.462097070312500000e+04
2.184677656250000000e+05
2.096405937500000000e+05
3.739178710937500000e+03
8.258239257812500000e+03
1.280204687500000000e+04
1.974360351562500000e+04
6.546680664062500000e+03
1.038690234375000000e+05
2.324570068359375000e+03
8.869281250000000000e+03
7.690632324218750000e+03
2.204133500000000000e+06
1.393756347656250000e+04
1.253077500000000000e+06
1.729337695312500000e+04
7.459811000000000000e+06
5.126845703125000000e+04
8.232093505859375000e+02
1.247475625000000000e+05
2.125644140625000000e+04
1.582305419921875000e+03
1.408668437500000000e+05
4.203302612304687500e+02
1.485899707031250000e+04
9.658990234375000000e+03
9.184082812500000000e+04
7.463226318359375000e+02
9.266787109375000000e+02
3.049046289062500000e+04
1.252593917846679688e+02
1.875089599609375000e+03
2.695477600097656250e+02
5.062903125000000000e+04
9.948736328125000000e+03
2.706921093750000000e+04
1.967771484375000000e+04
4.542927246093750000e+03
8.132277832031250000e+03
1.572795654296875000e+03
1.340724121093750000e+03
4.389571289062500000e+03
2.496616015625000000e+04
2.573260986328125000e+03
7.851795312500000000e+04
3.761378515625000000e+04
1.047231738281250000e+04
3.919600585937500000e+03
7.285885009765625000e+02
2.543183837890625000e+03
3.903046142578125000e+03
4.947523803710937500e+02
5.935520703125000000e+04
5.426805859375000000e+04
5.356612890625000000e+04
2.946492773437500000e+04
9.989764062500000000e+04
6.043892578125000000e+04
3.240914062500000000e+04
1.134625000000000000e+05
6.977661718750000000e+04
6.267563281250000000e+04
7.184961718750000000e+04
2.608368896484375000e+03
4.521731000000000000e+06
4.278728125000000000e+04
1.163530151367187500e+03
7.858771972656250000e+03
1.056604296875000000e+04
9.736796875000000000e+03
7.598616210937500000e+03
1.898466718750000000e+05
2.886315429687500000e+03
3.535160546875000000e+04
7.052621600000000000e+07
6.572314062500000000e+04
2.154686523437500000e+04
5.463233984375000000e+04
1.944507617187500000e+04
4.252241406250000000e+04
8.917861000000000000e+06
8.157582031250000000e+04
1.218435937500000000e+04
3.316207031250000000e+04
6.793671875000000000e+04
6.827885000000000000e+05
7.447073437500000000e+04
3.603460937500000000e+04
2.010034687500000000e+05
1.342971250000000000e+05
5.974816406250000000e+04
6.715716250000000000e+05
3.956336875000000000e+05
6.200819921875000000e+04
1.160569843750000000e+05
3.921462187500000000e+05
9.372923828125000000e+03
1.154785625000000000e+05
1.168491640625000000e+05
5.437876953125000000e+04
1.257770019531250000e+04
9.092904687500000000e+04
8.796157226562500000e+03
2.869723632812500000e+03
1.263357265625000000e+05
9.851376953125000000e+03
2.361379394531250000e+03
1.134913984375000000e+05
4.663053906250000000e+04
7.018225781250000000e+04
1.262177832031250000e+04
3.396220312500000000e+04
5.317680078125000000e+04
2.554900195312500000e+04
1.441887304687500000e+04
7.672393750000000000e+04
9.014931640625000000e+03
8.540407226562500000e+03
2.588817187500000000e+04
8.641065429687500000e+03
3.053124375000000000e+05
1.174205664062500000e+04
3.232690429687500000e+04
1.670098510742187500e+03
5.129614062500000000e+04
1.877126953125000000e+03
6.350888125000000000e+05
8.231180664062500000e+03
7.453566894531250000e+03
8.681621093750000000e+04
1.310495703125000000e+05
1.491591718750000000e+05
8.231180664062500000e+03
1.310495703125000000e+05
1.579103500000000000e+07
6.528000000000000000e+04
4.060795703125000000e+04
2.796862695312500000e+04
1.293659472656250000e+04
6.587500781250000000e+04
9.856718750000000000e+05
3.720712500000000000e+04
6.711172363281250000e+03
7.968776855468750000e+03
2.437109960937500000e+04
8.944761718750000000e+03
3.501726171875000000e+04
6.222452636718750000e+03
2.682470000000000000e+05
1.634742968750000000e+04
2.925670703125000000e+04
4.397668750000000000e+04
4.619177734375000000e+03
8.024746093750000000e+03
2.799173632812500000e+04
9.888720703125000000e+03
4.580089843750000000e+03
3.396220312500000000e+04
8.248682617187500000e+03
9.777782031250000000e+04
4.519066796875000000e+04
6.000713281250000000e+04
2.711763281250000000e+04
4.001582031250000000e+03
3.234975781250000000e+04
2.157952968750000000e+05
4.302186718750000000e+04
2.472439843750000000e+04
1.131197890625000000e+05
5.346104687500000000e+04
1.130149707031250000e+04
3.293720703125000000e+04
7.174217968750000000e+04
1.381659472656250000e+04
3.035041992187500000e+04
5.605191796875000000e+04
1.736487500000000000e+04
2.014399804687500000e+04
4.257183984375000000e+04
3.104793750000000000e+05
6.880649414062500000e+03
7.487175781250000000e+03
1.034023535156250000e+04
1.417418261718750000e+04
1.488813110351562500e+03
3.693725830078125000e+03
5.480962000000000000e+06
7.448921093750000000e+04
2.793389453125000000e+04
4.186455566406250000e+03
6.055318847656250000e+03
6.585742187500000000e+04
2.056159687500000000e+05
1.648547187500000000e+05
6.230232812500000000e+04
3.592671630859375000e+03
1.120342421875000000e+05
2.179535312500000000e+05
5.949801757812500000e+03
6.184107031250000000e+04
6.358830859375000000e+04
8.672458007812500000e+03
5.305841015625000000e+04
1.054074902343750000e+04
9.401440429687500000e+03
7.028731200000000000e+07
7.448921093750000000e+04
1.928123632812500000e+04
7.018225781250000000e+04
3.233649414062500000e+04
3.900736328125000000e+04
1.563562125000000000e+06
5.450790625000000000e+04
1.136452343750000000e+04
5.032478515625000000e+04
2.592397070312500000e+04
8.995177734375000000e+03
1.047231738281250000e+04
5.697208984375000000e+03
1.307803125000000000e+04
6.002946166992187500e+02
5.194988281250000000e+03
2.852969726562500000e+03
6.340524902343750000e+02
7.591466308593750000e+03
5.241030883789062500e+02
2.470221875000000000e+04
6.778455468750000000e+04
3.770246093750000000e+03
1.367516113281250000e+03
8.703705078125000000e+03
5.568972778320312500e+02
1.447620468750000000e+05
3.366362890625000000e+04
5.663536328125000000e+04
5.457442968750000000e+04
7.520829589843750000e+03
1.393842871093750000e+04
1.398145996093750000e+04
2.403635009765625000e+03
4.521731000000000000e+06
7.448921093750000000e+04
9.037660000000000000e+05
3.549267968750000000e+04
6.383865625000000000e+04
8.686805468750000000e+04
6.299034375000000000e+04
4.521731000000000000e+06
7.448921093750000000e+04
3.549267968750000000e+04
6.299034375000000000e+04
6.884650781250000000e+04
7.000630625000000000e+05
4.252225390625000000e+04
1.346862011718750000e+04
1.823687109375000000e+04
1.531048144531250000e+04
2.457434218750000000e+05
1.723382421875000000e+04
1.531336093750000000e+05
1.320311816406250000e+04
1.218958828125000000e+05
1.970822800000000000e+07
1.846542875000000000e+06
4.909365234375000000e+03
1.215275859375000000e+05
2.335758007812500000e+04
4.053531738281250000e+03
2.757041250000000000e+06
7.841596191406250000e+03
1.536094140625000000e+04
1.564978881835937500e+03
1.258497167968750000e+04
6.855170000000000000e+05
7.106503125000000000e+04
2.843234179687500000e+04
2.397547265625000000e+04
5.676494140625000000e+03
6.318009765625000000e+04
2.668963671875000000e+04
5.087996093750000000e+04
5.920528125000000000e+04
7.985066406250000000e+03
9.771535156250000000e+03
3.755523437500000000e+05
6.030430859375000000e+04
2.605310351562500000e+04
1.466065429687500000e+04
1.290930664062500000e+04
4.797813281250000000e+04
8.396868164062500000e+03
6.748865234375000000e+03
4.742881835937500000e+03
1.507190375000000000e+06
5.305095214843750000e+03
1.566385000000000000e+05
1.841728149414062500e+03
3.422532187500000000e+05
6.093908203125000000e+03
1.775803375244140625e+02
5.544354296875000000e+04
1.496208129882812500e+03
1.493868865966796875e+02
9.790930664062500000e+03
8.418753906250000000e+03
4.186455566406250000e+03
2.145800781250000000e+04
1.257770019531250000e+04
5.027729687500000000e+04
4.290097656250000000e+03
1.259799194335937500e+03
3.712603515625000000e+03
7.514362792968750000e+03
1.546348876953125000e+03
7.457577636718750000e+03
1.413773625000000000e+06
6.777403808593750000e+03
9.868700000000000000e+04
9.948736328125000000e+03
7.459811000000000000e+06
1.076695996093750000e+04
1.496412475585937500e+03
1.297091875000000000e+05
1.066407519531250000e+04
1.964376098632812500e+03
1.374357656250000000e+05
7.514133300781250000e+03
1.451309051513671875e+02
4.834092968750000000e+04
3.188860473632812500e+02
2.504534454345703125e+02
3.575631103515625000e+03
9.264608001708984375e+01
6.602008056640625000e+01
1.387135467529296875e+02
3.692086029052734375e+01
2.553308437500000000e+05
3.081875000000000000e+03
1.910253051757812500e+03
3.549267968750000000e+04
5.450719726562500000e+03
5.062072656250000000e+04
1.339496093750000000e+04
5.532685937500000000e+04
4.270397460937500000e+03
6.289534667968750000e+03
1.234014746093750000e+04
2.473831445312500000e+04
1.984238671875000000e+04
5.952515625000000000e+04
3.041791015625000000e+04
3.549267968750000000e+04
7.229225781250000000e+04
3.846982910156250000e+03
5.878515625000000000e+03
3.063845117187500000e+04
1.525647656250000000e+04
1.533037719726562500e+03
2.426538330078125000e+03
9.277427734375000000e+03
5.896480468750000000e+03
3.369484765625000000e+04
2.466554101562500000e+04
6.157846875000000000e+04
1.778717578125000000e+04
1.429305175781250000e+03
5.783742675781250000e+03
6.379002734375000000e+04
1.375928710937500000e+04
1.532837988281250000e+04
7.924316875000000000e+05
9.970499375000000000e+05
1.664577343750000000e+04
2.841869687500000000e+05
1.138885864257812500e+03
2.605051953125000000e+04
8.126439453125000000e+03
9.547176757812500000e+03
2.307286621093750000e+03
7.341403808593750000e+03
6.041045312500000000e+04
1.367204833984375000e+03
2.085379638671875000e+03
3.910033447265625000e+03
2.114543945312500000e+03
2.548842578125000000e+04
3.713127929687500000e+03
6.005981933593750000e+03
2.694550000000000000e+04
2.447690039062500000e+04
3.485426562500000000e+04
2.786489501953125000e+03
1.618515917968750000e+04
1.495176953125000000e+04
3.620594921875000000e+04
1.173498291015625000e+03
2.031144653320312500e+03
4.711152343750000000e+03
3.505208496093750000e+03
1.361885620117187500e+03
2.072359863281250000e+03
2.556514843750000000e+05
5.173531250000000000e+04
1.193973671875000000e+05
8.997232031250000000e+04
5.950983203125000000e+04
5.322048046875000000e+04
8.571372656250000000e+04
5.949655468750000000e+04
7.644143066406250000e+03
1.513177375000000000e+06
3.366362890625000000e+04
5.744743125000000000e+05
4.155332812500000000e+04
1.541716718750000000e+05
4.650241406250000000e+04
1.098552929687500000e+04
2.029131054687500000e+04
3.157435546875000000e+04
5.862165527343750000e+03
2.210324462890625000e+03
5.384112304687500000e+03
3.358480468750000000e+04
3.739610351562500000e+03
3.788933349609375000e+03
4.809482031250000000e+04
1.075474609375000000e+03
2.659959960937500000e+03
9.456143554687500000e+03
3.987722900390625000e+03
1.757813842773437500e+03
2.753255468750000000e+04
9.948736328125000000e+03
4.228560156250000000e+04
5.163671875000000000e+03
8.249682617187500000e+03
5.075954589843750000e+03
1.498671142578125000e+03
1.651055786132812500e+03
1.078862988281250000e+04
7.649248535156250000e+03
1.903533789062500000e+04
4.238907714843750000e+03
9.357471679687500000e+03
2.041690551757812500e+03
2.699014648437500000e+04
8.163409667968750000e+03
6.987760800000000000e+07
4.497260500000000000e+06
3.186026562500000000e+04
1.215275859375000000e+05
6.500187500000000000e+04
6.495100585937500000e+03
5.117620000000000000e+06
2.546844062500000000e+05
1.140644296875000000e+05
6.098478515625000000e+03
3.530161562500000000e+05
4.802578906250000000e+04
7.008365234375000000e+03
2.401487890625000000e+04
7.286793457031250000e+03
1.083281152343750000e+04
3.943061523437500000e+03
2.096064941406250000e+03
8.297102050781250000e+02
9.097909375000000000e+04
1.545782031250000000e+04
1.446357875000000000e+06
1.048623515625000000e+05
1.373581250000000000e+06
1.865683250000000000e+06
1.647046875000000000e+04
6.254484375000000000e+05
1.174802125000000000e+06
8.395913750000000000e+05
6.385797500000000000e+05
2.570702343750000000e+05
1.424720703125000000e+04
4.422361328125000000e+04
2.737877343750000000e+04
3.081389687500000000e+05
4.826896875000000000e+04
2.038194531250000000e+04
3.925465625000000000e+05
2.270724218750000000e+04
6.344589453125000000e+04
3.530726562500000000e+04
2.360789257812500000e+04
8.568778125000000000e+05
6.561342187500000000e+04
1.794732031250000000e+04
3.743706250000000000e+04
8.945367187500000000e+04
2.360789257812500000e+04
4.513476171875000000e+04
6.561342187500000000e+04
3.743706250000000000e+04
4.513476171875000000e+04
2.937489062500000000e+04
4.051048046875000000e+04
2.377924609375000000e+04
5.162164550781250000e+03
1.839508007812500000e+04
4.839575683593750000e+03
7.646768066406250000e+03
6.997851562500000000e+03
1.321559875000000000e+06
3.253730957031250000e+03
7.632671508789062500e+02
7.018225781250000000e+04
1.463999023437500000e+04
2.787295312500000000e+04
4.819785937500000000e+05
2.601231933593750000e+03
9.121413574218750000e+02
3.718335937500000000e+04
2.323216308593750000e+03
7.780207031250000000e+04
2.552678710937500000e+04
6.082321093750000000e+04
2.371832656250000000e+05
5.408072265625000000e+04
5.481845312500000000e+04
2.389425585937500000e+04
2.969991406250000000e+04
1.057012597656250000e+04
5.360062500000000000e+04
1.133826953125000000e+04
3.356593437500000000e+05
1.865683250000000000e+06
3.799224000000000000e+06
1.415666250000000000e+05
1.752871125000000000e+06
1.742618750000000000e+05
9.316457500000000000e+05
5.340602500000000000e+05
4.849950195312500000e+03
2.040585156250000000e+04
3.838925048828125000e+03
2.760214843750000000e+04
3.017283984375000000e+04
5.280923046875000000e+04
7.085127929687500000e+03
5.001798339843750000e+03
3.292576904296875000e+03
2.707644140625000000e+04
7.076712890625000000e+03
7.851638281250000000e+04
7.004904687500000000e+04
6.908493750000000000e+04
7.897658203125000000e+03
9.220863281250000000e+04
4.414068750000000000e+04
1.329934765625000000e+04
1.587025625000000000e+05
4.162396875000000000e+04
1.952226562500000000e+04
2.535239257812500000e+04
6.883189453125000000e+03
1.733720507812500000e+04
6.512553515625000000e+04
9.889211914062500000e+03
1.257770019531250000e+04
3.289721484375000000e+04
1.892166870117187500e+03
2.147677734375000000e+03
3.958203125000000000e+04
6.174946289062500000e+03
1.156338012695312500e+03
8.056802734375000000e+03
9.348970703125000000e+03
2.165506103515625000e+03
4.477360156250000000e+04
2.870250732421875000e+03
8.111802368164062500e+02
4.038953369140625000e+03
9.512308959960937500e+02
3.622023750000000000e+05
9.909368164062500000e+03
7.096429199218750000e+03
7.289233593750000000e+04
9.664325781250000000e+04
5.526980078125000000e+04
1.003704882812500000e+04
4.055508984375000000e+04
2.419044189453125000e+03
5.221085000000000000e+06
9.037660000000000000e+05
6.147103881835937500e+02
4.007977050781250000e+03
3.246767187500000000e+04
1.766532348632812500e+03
2.419044189453125000e+03
5.221085000000000000e+06
6.147103881835937500e+02
1.766532348632812500e+03
5.853314062500000000e+04
1.865683250000000000e+06
7.757976875000000000e+05
3.259845117187500000e+04
5.840582500000000000e+05
1.721434179687500000e+04
8.589899218750000000e+04
7.154520312500000000e+04
7.113561035156250000e+03
1.928279882812500000e+04
1.749001367187500000e+04
2.079085693359375000e+03
2.668082519531250000e+03
3.219543554687500000e+04
9.747257690429687500e+02
2.139187500000000000e+03
2.012620971679687500e+03
5.226426391601562500e+02
2.164467926025390625e+02
5.711665000000000000e+05
8.290438476562500000e+03
9.167241210937500000e+03
7.194768554687500000e+03
2.330492431640625000e+03
4.666995312500000000e+04
1.723739062500000000e+04
2.754765625000000000e+04
7.805264160156250000e+03
2.525564453125000000e+03
4.221652832031250000e+03
7.873763671875000000e+03
1.047231738281250000e+04
1.133144824218750000e+04
4.209431640625000000e+04
4.050124511718750000e+02
8.789204101562500000e+03
3.385951416015625000e+03
6.114983520507812500e+02
1.434482187500000000e+05
4.213737500000000000e+04
7.018225781250000000e+04
5.906372265625000000e+04
9.120017968750000000e+04
6.069289453125000000e+04
5.658245703125000000e+04
9.297172656250000000e+04
9.237181250000000000e+04
7.156744531250000000e+04
4.300266796875000000e+04
3.068521240234375000e+03
1.013601013183593750e+03
1.017295996093750000e+04
1.246042480468750000e+04
2.805679443359375000e+03
1.609824462890625000e+03
4.564119140625000000e+03
1.800440063476562500e+03
2.003891406250000000e+04
4.371603515625000000e+03
7.475650000000000000e+04
3.699953369140625000e+03
6.828007812500000000e+03
4.005328125000000000e+03
1.231020996093750000e+03
9.860979003906250000e+02
1.970822800000000000e+07
1.848583375000000000e+06
1.515407656250000000e+05
2.945360546875000000e+04
8.568778125000000000e+05
3.151478906250000000e+04
1.002696500000000000e+07
1.970822800000000000e+07
1.848583375000000000e+06
2.945360546875000000e+04
1.002696500000000000e+07
8.181797851562500000e+03
3.719119921875000000e+04
9.273385742187500000e+03
6.524153515625000000e+04
7.608022460937500000e+03
4.833393554687500000e+03
2.495249804687500000e+04
8.120388671875000000e+03
6.891265625000000000e+04
2.281604218750000000e+05
5.957371582031250000e+03
1.299698242187500000e+04
1.124306542968750000e+04
8.949002929687500000e+03
5.794755859375000000e+02
1.474895629882812500e+03
5.015852343750000000e+04
4.243398437500000000e+03
5.305095214843750000e+03
1.912936157226562500e+03
7.451164062500000000e+03
1.307267822265625000e+03
8.813021850585937500e+02
1.239106323242187500e+03
1.316615447998046875e+02
6.629936218261718750e+01
4.391769409179687500e+01
3.494548095703125000e+03
2.714938476562500000e+04
9.368287500000000000e+04
4.530614453125000000e+04
1.551921289062500000e+04
3.555732421875000000e+03
6.076065625000000000e+04
9.684070312500000000e+03
7.028731200000000000e+07
7.448921093750000000e+04
2.936998828125000000e+04
7.018225781250000000e+04
3.253841210937500000e+04
3.230083203125000000e+04
1.563562125000000000e+06
5.317781250000000000e+04
5.971873535156250000e+03
3.036796679687500000e+04
6.697992187500000000e+03
3.151997187500000000e+05
6.925104980468750000e+03
1.066882714843750000e+04
2.070942773437500000e+04
3.210316406250000000e+03
2.541638085937500000e+04
5.301684570312500000e+02
5.931300659179687500e+02
6.795861718750000000e+04
1.618018847656250000e+04
1.874757226562500000e+04
1.438387500000000000e+04
1.582038867187500000e+04
8.945375976562500000e+03
6.442267578125000000e+03
4.277793457031250000e+03
1.980293164062500000e+04
3.865470947265625000e+03
3.055396484375000000e+03
4.821347656250000000e+03
2.515043457031250000e+03
3.313063476562500000e+03
5.501175781250000000e+03
3.024248779296875000e+03
1.132110859375000000e+05
1.712768676757812500e+03
4.357963867187500000e+03
1.546700073242187500e+03
2.912881835937500000e+03
2.775426025390625000e+02
9.194041137695312500e+02
2.068500213623046875e+02
5.288826171875000000e+04
3.552336250000000000e+05
7.018225781250000000e+04
1.559430273437500000e+04
9.102786718750000000e+04
5.748579296875000000e+04
2.657333593750000000e+04
1.466312812500000000e+05
1.399863125000000000e+05
2.734383398437500000e+04
4.540788671875000000e+04
1.939672400000000000e+07
4.521731000000000000e+06
2.405669140625000000e+04
2.473831445312500000e+04
1.212801640625000000e+05
8.142818847656250000e+03
2.687173500000000000e+06
4.719115500000000000e+06
1.785598593750000000e+05
3.227983007812500000e+04
6.206693125000000000e+05
7.028731200000000000e+07
6.453335937500000000e+04
2.004562304687500000e+04
6.386021093750000000e+04
3.620567578125000000e+04
4.521916406250000000e+04
1.283145875000000000e+06
5.633951875000000000e+05
4.015337500000000000e+04
6.893514062500000000e+04
6.059226875000000000e+05
4.478909667968750000e+03
5.165149414062500000e+03
8.928216796875000000e+03
6.175735351562500000e+03
2.543911621093750000e+03
1.408184448242187500e+03
5.649620605468750000e+03
1.061471191406250000e+03
5.687850800000000000e+07
7.448921093750000000e+04
2.098257226562500000e+04
2.384906445312500000e+04
1.163058789062500000e+04
3.775077734375000000e+04
5.907999000000000000e+06
1.538592578125000000e+04
2.310628320312500000e+04
1.276691894531250000e+04
1.531176660156250000e+04
5.003902734375000000e+04
9.276731250000000000e+04
7.090729687500000000e+04
2.166481445312500000e+04
2.726550195312500000e+04
5.991855468750000000e+04
5.064617187500000000e+04
2.645275000000000000e+04
2.351759375000000000e+05
4.868993750000000000e+04
7.351843750000000000e+04
3.821553515625000000e+04
5.161980000000000000e+06
4.063275000000000000e+04
1.838678955078125000e+03
2.072090820312500000e+04
1.420193554687500000e+04
1.667623242187500000e+04
4.357780859375000000e+04
6.174016875000000000e+05
2.253187255859375000e+03
2.367377539062500000e+04
1.379640781250000000e+05
3.676761250000000000e+05
6.058481250000000000e+04
5.601531250000000000e+04
3.779973828125000000e+04
5.528456640625000000e+04
1.163543281250000000e+05
5.879317968750000000e+04
1.222321953125000000e+05
4.860595703125000000e+04
5.077825781250000000e+04
1.684346289062500000e+04
8.707375976562500000e+03
1.239943164062500000e+04
1.707478515625000000e+04
1.234387890625000000e+05
3.132848437500000000e+04
7.479902832031250000e+03
3.617726953125000000e+04
2.113529296875000000e+04
3.325343750000000000e+04
2.067175781250000000e+04
3.417505468750000000e+04
2.686745312500000000e+05
6.818296875000000000e+04
6.808757812500000000e+04
1.457759765625000000e+04
4.193485839843750000e+03
8.212850000000000000e+04
5.375419433593750000e+03
6.811992187500000000e+04
4.051048046875000000e+04
5.589422656250000000e+04
2.183030468750000000e+04
3.941760156250000000e+04
1.203195898437500000e+04
2.050362500000000000e+04
1.223720800781250000e+04
9.809792968750000000e+03
5.469964355468750000e+03
1.127402343750000000e+04
5.133348046875000000e+04
2.071905273437500000e+03
5.227307617187500000e+03
4.815033203125000000e+03
1.911884155273437500e+03
1.750086750000000000e+06
6.126315625000000000e+04
1.317751855468750000e+04
3.958358203125000000e+04
1.956391718750000000e+05
1.134481015625000000e+05
3.900345703125000000e+04
5.646343359375000000e+04
1.891142125000000000e+06
7.118882812500000000e+04
1.574193437500000000e+05
1.075618774414062500e+03
1.023512011718750000e+04
5.552138281250000000e+04
8.899350781250000000e+04
2.003352031250000000e+05
1.496725000000000000e+04
1.025858032226562500e+03
7.631678710937500000e+03
1.099350585937500000e+03
5.358753906250000000e+04
6.226912109375000000e+04
1.194317138671875000e+03
2.085594482421875000e+03
4.815934765625000000e+04
1.658697265625000000e+03
2.425659912109375000e+03
1.423534843750000000e+05
2.963220703125000000e+03
4.387230957031250000e+03
1.464275312500000000e+05
3.984811718750000000e+04
1.089366250000000000e+05
2.507612109375000000e+04
2.915251171875000000e+04
1.560468750000000000e+04
7.493092285156250000e+03
4.029463623046875000e+03
4.688061523437500000e+03
3.183399658203125000e+03
8.718861328125000000e+03
5.148925000000000000e+04
2.290358886718750000e+03
5.463123535156250000e+03
1.353593164062500000e+04
5.847612304687500000e+03
1.963386800000000000e+07
4.199727734375000000e+04
1.547011406250000000e+05
7.018225781250000000e+04
8.568778125000000000e+05
8.686805468750000000e+04
6.561191875000000000e+05
1.963386800000000000e+07
4.199727734375000000e+04
7.018225781250000000e+04
6.561191875000000000e+05
1.189206640625000000e+04
2.562741015625000000e+04
1.057247109375000000e+05
1.581884863281250000e+04
1.070828906250000000e+04
7.710434570312500000e+03
3.236392187500000000e+04
8.136389648437500000e+03
1.215275859375000000e+05
4.331771875000000000e+04
7.018225781250000000e+04
1.170685449218750000e+04
3.549267968750000000e+04
5.647438476562500000e+03
1.717912890625000000e+04
1.496400976562500000e+04
1.444986230468750000e+04
1.976146362304687500e+03
1.391686523437500000e+03
4.883664703369140625e+01
8.647170257568359375e+01
8.717305755615234375e+01
5.299555078125000000e+04
3.549267968750000000e+04
8.920619531250000000e+04
4.851753234863281250e+01
6.893956756591796875e+01
8.616925811767578125e+01
3.285635937500000000e+04
6.755702972412109375e+01
3.242440000000000000e+05
7.640703125000000000e+04
2.038231093750000000e+05
8.686805468750000000e+04
1.381627656250000000e+05
4.379801171875000000e+04
2.038231093750000000e+05
4.379801171875000000e+04
5.463988125000000000e+05
2.071735156250000000e+05
8.257087500000000000e+05
2.665122812500000000e+05
5.942164062500000000e+04
7.561990625000000000e+04
1.157154765625000000e+05
3.455980312500000000e+05
1.084569843750000000e+05
1.125304609375000000e+05
7.702980468750000000e+04
2.398444091796875000e+03
2.347592285156250000e+03
1.317485351562500000e+04
3.181806250000000000e+04
6.456228027343750000e+02
1.125559082031250000e+03
1.382435937500000000e+04
4.581278686523437500e+02
7.705263061523437500e+02
1.509202957153320312e+01
1.011866188049316406e+01
1.414843847656250000e+04
6.648913281250000000e+04
8.720788281250000000e+04
1.042656982421875000e+03
7.705263061523437500e+02
1.509202957153320312e+01
1.414843847656250000e+04
1.042656982421875000e+03
8.344622070312500000e+03
6.274094238281250000e+03
4.186455566406250000e+03
3.320102343750000000e+04
2.353777343750000000e+04
8.825261718750000000e+04
1.777167846679687500e+03
6.017000732421875000e+02
1.149413696289062500e+03
5.939652343750000000e+03
1.711739349365234375e+02
9.931021875000000000e+04
1.471422167968750000e+04
6.287309570312500000e+03
7.205344726562500000e+03
2.666756835937500000e+03
4.026792968750000000e+03
1.617206665039062500e+03
6.127233276367187500e+02
7.489015500000000000e+06
7.424940625000000000e+04
4.167012109375000000e+04
9.098559375000000000e+04
1.078690500000000000e+06
2.158803000000000000e+06
7.424940625000000000e+04
1.078690500000000000e+06
9.132926757812500000e+03
7.721751562500000000e+04
1.396573339843750000e+04
1.192218261718750000e+04
8.764409179687500000e+03
2.758230859375000000e+04
7.954007324218750000e+03
4.146449707031250000e+03
1.882865429687500000e+04
4.750665527343750000e+03
5.129362304687500000e+03
7.786994140625000000e+03
2.573260986328125000e+03
3.023180273437500000e+04
1.410609082031250000e+04
3.481853759765625000e+03
1.397537353515625000e+03
2.094995361328125000e+03
1.267494583129882812e+02
1.245964160156250000e+04
1.348847500000000000e+05
1.099102578125000000e+05
6.044678222656250000e+03
1.409830371093750000e+04
8.891486718750000000e+04
1.245964160156250000e+04
2.665382226562500000e+04
1.099102578125000000e+05
1.409830371093750000e+04
2.665382226562500000e+04
4.081082400000000000e+07
6.009103125000000000e+04
2.350116601562500000e+04
5.465339062500000000e+04
1.434492675781250000e+04
4.547341015625000000e+04
2.050872400000000000e+07
5.702043125000000000e+05
5.908513671875000000e+04
2.518104101562500000e+04
8.672356250000000000e+05
8.091357421875000000e+03
1.624758906250000000e+05
7.814858886718750000e+03
9.812550781250000000e+04
9.948736328125000000e+03
1.273197167968750000e+04
3.167458007812500000e+04
1.603954589843750000e+03
6.263588378906250000e+03
1.238327539062500000e+04
2.597690429687500000e+03
1.978754760742187500e+03
1.268723632812500000e+03
9.942835937500000000e+03
3.920060791015625000e+03
7.716425170898437500e+02
6.704598388671875000e+02
1.020130981445312500e+03
2.500318908691406250e+02
2.406853515625000000e+04
2.115025937500000000e+05
1.690634687500000000e+05
2.509324804687500000e+04
7.411660937500000000e+04
1.544804980468750000e+04
9.623248046875000000e+03
9.704486328125000000e+03
3.494341308593750000e+03
2.277450000000000000e+04
1.487392656250000000e+05
4.773100000000000000e+04
6.793720703125000000e+03
2.666001220703125000e+03
8.414713281250000000e+04
3.377128906250000000e+03
1.929396679687500000e+04
1.515043000000000000e+06
9.960205078125000000e+03
1.695322000000000000e+06
1.966962890625000000e+04
4.571722265625000000e+04
7.084247656250000000e+04
8.571743164062500000e+03
1.118102050781250000e+04
1.123050488281250000e+04
3.322114746093750000e+03
3.239252197265625000e+03
1.846542875000000000e+06
9.556974487304687500e+02
1.810584960937500000e+03
2.607391662597656250e+02
6.056035766601562500e+02
1.698995971679687500e+03
1.442444000244140625e+02
1.794147827148437500e+03
1.286856231689453125e+02
1.603445129394531250e+02
1.801805078125000000e+04
1.673046289062500000e+04
6.285814062500000000e+04
2.294744384765625000e+03
3.331467529296875000e+03
3.046436132812500000e+04
1.603509277343750000e+03
4.363612792968750000e+03
4.027084765625000000e+04
1.345596557617187500e+03
7.820181884765625000e+02
4.333706875000000000e+05
3.392045937500000000e+05
1.073035253906250000e+04
1.954814625000000000e+06
1.162018437500000000e+05
1.379572875000000000e+06
8.185996250000000000e+05
2.021796718750000000e+05
1.898894062500000000e+05
8.966695625000000000e+05
3.989675312500000000e+05
5.506818359375000000e+04
1.928279882812500000e+04
1.911327148437500000e+04
2.223324414062500000e+04
3.231226367187500000e+04
3.761378515625000000e+04
7.428265136718750000e+03
1.484973144531250000e+04
2.220951171875000000e+03
5.377117187500000000e+03
1.548128784179687500e+03
5.953162597656250000e+03
2.031760937500000000e+04
5.781744140625000000e+04
2.176098437500000000e+04
2.900417187500000000e+04
7.367404687500000000e+04
6.022326171875000000e+03
1.638679687500000000e+04
2.964814843750000000e+04
3.902090625000000000e+04
1.680820507812500000e+04
7.143647460937500000e+02
1.021356811523437500e+03
1.236700195312500000e+03
5.501505859375000000e+03
3.549267968750000000e+04
5.200957812500000000e+04
3.625097961425781250e+02
9.016359252929687500e+02
1.052927001953125000e+03
6.420202636718750000e+03
7.575788574218750000e+02
7.856014648437500000e+03
2.144277968750000000e+05
7.018225781250000000e+04
2.881742919921875000e+03
4.685593261718750000e+03
6.646047656250000000e+04
5.142010742187500000e+03
7.046712402343750000e+03
5.252314062500000000e+04
4.388893066406250000e+03
6.308490234375000000e+03
2.931681640625000000e+04
1.880668750000000000e+04
1.543338625000000000e+06
3.327608125000000000e+05
4.716461000000000000e+06
1.839459875000000000e+06
1.513732226562500000e+04
1.606162625000000000e+06
1.165214000000000000e+06
3.274635750000000000e+06
1.588116500000000000e+06
9.790930664062500000e+03
2.136595117187500000e+04
3.515995605468750000e+03
2.493679296875000000e+04
1.285341894531250000e+04
5.321469921875000000e+04
4.640800781250000000e+03
1.239797363281250000e+03
2.814194824218750000e+03
4.795634765625000000e+03
6.271237182617187500e+02
3.713583203125000000e+04
1.911327148437500000e+04
2.391922070312500000e+04
6.608458007812500000e+03
1.195098632812500000e+04
3.187742431640625000e+03
1.917115966796875000e+03
9.365246582031250000e+02
3.486137500000000000e+06
6.503206250000000000e+04
2.772580664062500000e+04
4.186455566406250000e+03
2.417230468750000000e+04
6.074878125000000000e+04
3.798079062500000000e+05
8.042160937500000000e+04
4.197157031250000000e+04
3.039297265625000000e+04
1.067463671875000000e+05
9.841206000000000000e+06
7.448921093750000000e+04
2.090467382812500000e+04
3.713073125000000000e+05
9.164465000000000000e+05
4.557126171875000000e+04
5.816552500000000000e+05
2.557632500000000000e+06
4.295270312500000000e+04
2.898252500000000000e+05
4.135985000000000000e+05
8.243453125000000000e+04
1.067170288085937500e+03
4.053620361328125000e+03
7.295702343750000000e+04
1.716647460937500000e+03
1.868590039062500000e+04
7.764083251953125000e+02
2.706304931640625000e+02
6.362313281250000000e+04
2.073156250000000000e+05
4.155318437500000000e+05
3.266726367187500000e+04
1.904432812500000000e+04
5.623139062500000000e+04
4.139961718750000000e+04
3.903769531250000000e+04
7.029820312500000000e+04
3.233634179687500000e+04
2.587664453125000000e+04
6.714217000000000000e+06
5.675333593750000000e+04
2.565646289062500000e+04
1.233206445312500000e+04
2.821462109375000000e+04
6.654317968750000000e+04
6.950624375000000000e+05
1.046050546875000000e+05
3.902287890625000000e+04
3.806908203125000000e+04
1.298740703125000000e+05
6.722820800000000000e+07
1.481692812500000000e+05
6.243249023437500000e+03
1.393396191406250000e+04
4.983571875000000000e+04
3.830530029296875000e+03
2.605667500000000000e+05
4.057697500000000000e+05
1.921685351562500000e+04
6.125277343750000000e+03
4.555818750000000000e+04
6.729388800000000000e+07
9.232063293457031250e+00
8.340583750000000000e+05
2.375544309616088867e+00
8.568778125000000000e+05
3.572947025299072266e+00
2.167281150817871094e+01
6.729388800000000000e+07
9.232063293457031250e+00
2.375544309616088867e+00
2.167281150817871094e+01
8.341644287109375000e+02
5.868557031250000000e+04
1.445502929687500000e+03
3.388979248046875000e+03
4.266159179687500000e+03
2.052549804687500000e+04
2.250491210937500000e+03
8.429138793945312500e+02
8.159198730468750000e+03
6.458312500000000000e+03
3.627380859375000000e+03
7.595848144531250000e+03
4.226570500000000000e+06
3.589062187500000000e+05
3.618236572265625000e+03
4.435153750000000000e+05
3.044288330078125000e+03
5.911613281250000000e+04
1.018357109375000000e+05
1.092301600000000000e+07
4.521731000000000000e+06
4.635200390625000000e+04
7.625733398437500000e+03
1.353763574218750000e+04
3.088691992187500000e+04
1.211884000000000000e+06
9.501554687500000000e+04
1.170678906250000000e+05
2.356504638671875000e+03
3.257579492187500000e+04
7.832963281250000000e+04
3.200085449218750000e+03
1.669243359375000000e+04
3.581106640625000000e+04
2.662183837890625000e+03
3.200427246093750000e+03
1.291346777343750000e+04
7.262096557617187500e+02
8.355612304687500000e+03
3.441680908203125000e+03
2.720428466796875000e+03
1.251314687500000000e+05
3.702196875000000000e+04
4.431852734375000000e+04
2.702358203125000000e+04
2.239191894531250000e+03
7.642368164062500000e+02
3.842537890625000000e+04
3.581755859375000000e+03
7.607150878906250000e+03
1.410955750000000000e+06
1.712018164062500000e+04
9.868700000000000000e+04
9.948736328125000000e+03
7.459811000000000000e+06
7.890091796875000000e+03
1.933765502929687500e+03
1.182747109375000000e+05
1.066407519531250000e+04
1.873366577148437500e+03
1.062217285156250000e+04
1.011721679687500000e+04
6.946421875000000000e+04
4.470439453125000000e+04
1.208253515625000000e+04
5.311739257812500000e+03
1.970543359375000000e+04
3.439426025390625000e+03
5.389798437500000000e+04
4.093668359375000000e+04
2.290224804687500000e+04
5.030060937500000000e+04
1.087404199218750000e+04
3.010785156250000000e+03
2.500726757812500000e+04
4.390865234375000000e+03
1.266779882812500000e+04
4.659799609375000000e+04
8.218574218750000000e+03
4.996220703125000000e+04
1.071073671875000000e+05
7.253758300781250000e+03
4.647140136718750000e+03
4.989727539062500000e+03
1.318334472656250000e+03
5.490235351562500000e+03
7.511065673828125000e+02
4.748627343750000000e+04
4.051048046875000000e+04
1.894733437500000000e+05
2.027423046875000000e+04
4.651412500000000000e+04
5.778978027343750000e+03
1.451123730468750000e+04
3.176016357421875000e+03
1.186661914062500000e+04
4.899550292968750000e+03
3.041016601562500000e+04
3.532773437500000000e+02
3.067833496093750000e+03
6.224798583984375000e+01
4.667091674804687500e+02
3.082832717895507812e+01
1.391065917968750000e+04
3.865470947265625000e+03
5.945622656250000000e+04
1.004948242187500000e+04
3.447004687500000000e+04
3.406303710937500000e+03
4.441339062500000000e+04
8.214004882812500000e+03
3.655523437500000000e+04
1.559227500000000000e+06
1.147200375000000000e+06
1.438508300781250000e+04
5.473193125000000000e+05
1.683576757812500000e+04
1.088910312500000000e+05
7.158860937500000000e+04
4.564747265625000000e+04
4.711016406250000000e+04
3.011985351562500000e+04
8.686805468750000000e+04
1.668560351562500000e+04
1.694933398437500000e+04
3.011985351562500000e+04
1.694933398437500000e+04
2.710051513671875000e+03
7.448921093750000000e+04
3.366179687500000000e+04
1.051443634033203125e+02
1.122868041992187500e+02
4.821725390625000000e+04
1.681923095703125000e+03
1.134491088867187500e+03
1.822358789062500000e+04
5.113068389892578125e+01
4.423803710937500000e+02
1.368354199218750000e+04
5.363150781250000000e+04
6.632295312500000000e+04
6.003632421875000000e+04
2.183307617187500000e+04
1.250411718750000000e+04
9.305458593750000000e+04
2.090722460937500000e+04
4.421791992187500000e+03
4.826842187500000000e+04
1.958062890625000000e+04
1.337403710937500000e+04
1.565563964843750000e+04
8.318794921875000000e+03
1.479279663085937500e+03
5.830791992187500000e+03
3.950606445312500000e+03
1.627294555664062500e+03
7.633441162109375000e+02
5.480962000000000000e+06
7.448921093750000000e+04
5.272898925781250000e+03
4.186455566406250000e+03
1.548355590820312500e+03
4.830020019531250000e+03
2.056159687500000000e+05
4.086973144531250000e+03
1.852953857421875000e+03
1.487904785156250000e+03
1.029492675781250000e+03
7.028731200000000000e+07
6.923466875000000000e+05
1.347181933593750000e+04
5.175929687500000000e+04
9.785001562500000000e+04
3.605330078125000000e+03
1.984496875000000000e+06
2.856065750000000000e+06
3.213172460937500000e+04
5.351635253906250000e+03
1.524560156250000000e+05
1.511262656250000000e+05
2.702974023437500000e+04
2.988909960937500000e+04
8.712425781250000000e+04
4.102053222656250000e+03
2.900766113281250000e+03
2.710359179687500000e+04
4.094406494140625000e+03
5.165451171875000000e+04
3.198972851562500000e+04
3.282285312500000000e+05
2.165648040771484375e+02
7.264728906250000000e+04
3.342581939697265625e+01
3.598953552246093750e+02
4.533002853393554688e+01
1.773852148437500000e+04
4.515286621093750000e+03
7.395914550781250000e+03
8.706817968750000000e+04
4.454174218750000000e+04
1.736805664062500000e+04
7.564037109375000000e+03
1.776915039062500000e+04
8.563814062500000000e+04
9.061050781250000000e+03
2.522177929687500000e+04
6.551350000000000000e+04
3.434646484375000000e+04
3.498337890625000000e+04
9.734949218750000000e+03
8.869796875000000000e+03
1.354353808593750000e+04
1.573736230468750000e+04
4.506731933593750000e+03
1.127133496093750000e+04
8.136204589843750000e+03
9.404113281250000000e+03
2.813443115234375000e+03
4.295588867187500000e+03
8.699110107421875000e+02
5.419427734375000000e+03
1.403960693359375000e+03
1.336914062500000000e+04
5.152830859375000000e+04
6.173841015625000000e+04
8.753567968750000000e+04
4.135890136718750000e+03
5.059997558593750000e+03
6.332796093750000000e+04
5.151274414062500000e+03
5.298313964843750000e+03
1.994050195312500000e+04
1.539273632812500000e+04
8.906117187500000000e+04
1.767668945312500000e+03
1.166882812500000000e+03
1.893159765625000000e+04
1.714107788085937500e+03
8.233331000000000000e+06
4.672892187500000000e+04
1.378591210937500000e+04
2.994670898437500000e+04
5.590889453125000000e+04
7.414100781250000000e+04
7.939611875000000000e+05
5.630411875000000000e+05
1.961258789062500000e+04
7.256281250000000000e+04
3.005199375000000000e+05
6.487170625000000000e+05
4.672892187500000000e+04
1.640306054687500000e+04
1.075618774414062500e+03
4.924528320312500000e+03
7.233404687500000000e+04
8.131957031250000000e+04
2.875921875000000000e+04
2.102457812500000000e+04
2.321746093750000000e+03
1.493898339843750000e+04
8.217497600000000000e+07
4.944067187500000000e+04
1.846301171875000000e+04
5.321449609375000000e+04
6.791475781250000000e+04
4.223082812500000000e+04
1.931679250000000000e+06
3.125375000000000000e+05
1.034866992187500000e+04
1.320715000000000000e+05
9.343224218750000000e+04
1.369670214843750000e+04
7.814858886718750000e+03
6.257989062500000000e+04
9.618971679687500000e+03
6.529711914062500000e+03
1.363625854492187500e+03
2.784666259765625000e+03
3.056122741699218750e+02
7.238539200000000000e+07
4.521731000000000000e+06
9.037660000000000000e+05
1.153955625000000000e+05
8.462183125000000000e+05
6.383865625000000000e+04
5.165377500000000000e+06
7.238539200000000000e+07
4.521731000000000000e+06
1.153955625000000000e+05
5.165377500000000000e+06
1.513753750000000000e+05
1.674690312500000000e+05
1.909610742187500000e+04
3.088571289062500000e+04
4.429634375000000000e+04
1.163442578125000000e+04
7.765240234375000000e+03
1.954641015625000000e+04
1.126368750000000000e+05
3.333116406250000000e+04
4.252586718750000000e+04
1.080173535156250000e+04
8.585464843750000000e+03
8.347718750000000000e+03
2.838103027343750000e+03
1.242094970703125000e+03
1.458274316406250000e+04
6.560952148437500000e+03
1.543338625000000000e+06
4.907833984375000000e+03
4.062444687500000000e+05
6.784956250000000000e+04
3.500910888671875000e+03
1.475319531250000000e+05
5.087956640625000000e+04
3.386203906250000000e+04
2.557886718750000000e+04
1.939672400000000000e+07
2.029934531250000000e+05
2.213260546875000000e+04
1.071010742187500000e+04
3.206284960937500000e+04
1.562263281250000000e+04
3.593898437500000000e+05
1.893922500000000000e+05
4.597462109375000000e+04
6.167687988281250000e+03
5.582870312500000000e+04
2.957943359375000000e+03
2.272547607421875000e+02
5.374117968750000000e+04
7.796622656250000000e+04
4.090009765625000000e+02
8.350925292968750000e+02
8.550252929687500000e+03
1.427284240722656250e+02
7.449237600000000000e+07
7.363885156250000000e+04
8.914683750000000000e+05
6.108975781250000000e+04
6.920225625000000000e+05
8.686805468750000000e+04
1.727598875000000000e+06
7.449237600000000000e+07
7.363885156250000000e+04
6.108975781250000000e+04
1.727598875000000000e+06
2.667141796875000000e+04
9.396203906250000000e+04
4.448630078125000000e+04
4.815717773437500000e+03
9.994577148437500000e+03
8.047777343750000000e+04
1.223744140625000000e+04
2.969674023437500000e+04
7.472877343750000000e+04
4.842817382812500000e+03
1.339645410156250000e+04
7.426345703125000000e+03
5.538182617187500000e+03
1.019533813476562500e+03
1.661658593750000000e+04
7.663917187500000000e+04
4.559982812500000000e+04
4.416350097656250000e+03
6.397462402343750000e+03
7.988510253906250000e+03
4.986082031250000000e+04
1.185565625000000000e+04
1.970822800000000000e+07
3.098490234375000000e+04
1.190290234375000000e+04
5.127520312500000000e+04
7.529635937500000000e+04
3.907952734375000000e+04
5.040631562500000000e+05
1.888210781250000000e+05
1.120148339843750000e+04
7.613912500000000000e+04
6.745534375000000000e+04
6.438127734375000000e+04
5.722930078125000000e+04
5.738084765625000000e+04
3.506885937500000000e+04
1.234387890625000000e+05
4.953643359375000000e+04
4.190805468750000000e+04
7.098855468750000000e+04
3.751572656250000000e+04
2.474407226562500000e+04
2.825932421875000000e+04
6.524769042968750000e+03
1.284684692382812500e+03
2.748616210937500000e+03
1.717546234130859375e+02
1.006362988281250000e+04
1.394372558593750000e+02
9.584669799804687500e+02
1.200088989257812500e+03
5.185510253906250000e+02
8.218287658691406250e+01
2.697112426757812500e+02
2.628636474609375000e+03
7.287711425781250000e+03
1.253164843750000000e+04
4.615223046875000000e+04
2.748706787109375000e+03
4.002307373046875000e+03
1.952934179687500000e+04
7.390470703125000000e+03
1.487897753906250000e+04
3.761378515625000000e+04
1.012326855468750000e+04
3.781578369140625000e+03
2.288177978515625000e+03
3.774561035156250000e+03
1.071302856445312500e+03
8.457725219726562500e+02
4.396212890625000000e+03
4.521731000000000000e+06
9.037660000000000000e+05
3.005814208984375000e+03
1.118729296875000000e+04
6.383865625000000000e+04
5.334567382812500000e+03
4.396212890625000000e+03
4.521731000000000000e+06
3.005814208984375000e+03
5.334567382812500000e+03
5.602562500000000000e+04
5.729935546875000000e+03
1.461600781250000000e+04
2.802849218750000000e+04
3.332144287109375000e+03
1.384161523437500000e+04
3.518733642578125000e+03
1.514568603515625000e+03
2.170768945312500000e+04
4.963797000000000000e+06
3.163358398437500000e+04
3.127656250000000000e+03
1.661790234375000000e+04
5.612666992187500000e+03
9.286795898437500000e+03
1.977135937500000000e+04
1.678779218750000000e+05
3.150892822265625000e+03
6.299561523437500000e+03
4.463229000000000000e+06
1.224837968750000000e+05
3.583169937133789062e+01
5.823897552490234375e+01
3.260331562500000000e+05
2.589996948242187500e+02
6.189985656738281250e+01
3.722950134277343750e+02
1.521301855468750000e+04
2.647071875000000000e+05
1.679607617187500000e+04
8.121673828125000000e+03
3.461483203125000000e+04
5.168176171875000000e+04
2.119019335937500000e+04
1.391211816406250000e+04
8.762797656250000000e+04
1.309094628906250000e+04
1.872059375000000000e+04
1.331831125000000000e+06
2.739747460937500000e+04
2.906622656250000000e+04
9.365964843750000000e+04
2.222590937500000000e+05
1.847429687500000000e+05
3.678128515625000000e+04
1.187685468750000000e+05
2.998230712890625000e+03
4.554625488281250000e+03
1.531467285156250000e+04
5.969521972656250000e+03
6.338835449218750000e+03
4.269210937500000000e+04
2.878655761718750000e+03
2.712702636718750000e+03
5.402647949218750000e+03
7.114185058593750000e+03
2.633391845703125000e+03
1.928279882812500000e+04
3.606648046875000000e+04
1.911327148437500000e+04
2.471404687500000000e+04
3.761378515625000000e+04
4.052379638671875000e+03
5.521162109375000000e+03
2.220951171875000000e+03
2.920969970703125000e+03
1.060843139648437500e+03
4.296811828613281250e+02
1.156094531250000000e+04
6.523959472656250000e+03
4.220553710937500000e+03
8.686805468750000000e+04
3.305518310546875000e+03
1.094600952148437500e+03
6.523959472656250000e+03
3.305518310546875000e+03
9.853736718750000000e+04
1.428294218750000000e+05
1.182240429687500000e+04
1.718989648437500000e+04
1.970650585937500000e+04
3.343665039062500000e+03
6.897479687500000000e+04
1.663829882812500000e+04
1.899863085937500000e+04
4.876875000000000000e+03
1.834903320312500000e+04
4.521731000000000000e+06
7.448921093750000000e+04
2.081989257812500000e+04
3.549267968750000000e+04
9.549243164062500000e+03
3.740829687500000000e+04
6.299034375000000000e+04
3.682554687500000000e+04
2.308390429687500000e+04
5.710484375000000000e+03
7.711883300781250000e+03
6.322730078125000000e+04
3.761378515625000000e+04
3.394332812500000000e+04
2.684623242187500000e+04
1.214203906250000000e+04
3.859237500000000000e+04
7.940121093750000000e+03
1.251959472656250000e+04
4.531622812500000000e+05
2.113322000000000000e+06
3.329272750000000000e+06
3.354127343750000000e+04
1.898965750000000000e+06
4.219685156250000000e+04
8.384903125000000000e+05
4.744808750000000000e+05
1.540225390625000000e+04
1.507190375000000000e+06
7.218951171875000000e+03
1.695322000000000000e+06
3.219543554687500000e+04
6.674450500000000000e+06
8.466569531250000000e+04
1.640577392578125000e+03
1.335372343750000000e+05
4.497491406250000000e+04
4.671059082031250000e+03
4.742796386718750000e+03
1.513177375000000000e+06
1.911327148437500000e+04
7.215860000000000000e+05
1.535180175781250000e+04
7.459811000000000000e+06
9.426176757812500000e+03
9.618253173828125000e+02
1.291544609375000000e+05
2.265846093750000000e+04
9.434881591796875000e+02
7.738977050781250000e+03
4.067520703125000000e+04
6.383865625000000000e+04
1.196464218750000000e+05
1.342679218750000000e+05
8.340091406250000000e+04
2.747220117187500000e+04
7.738977050781250000e+03
4.067520703125000000e+04
1.196464218750000000e+05
2.747220117187500000e+04
1.970822800000000000e+07
4.672892187500000000e+04
1.499125937500000000e+05
7.018225781250000000e+04
8.585226875000000000e+05
8.712782031250000000e+04
6.652031875000000000e+05
1.956116400000000000e+07
4.635112109375000000e+04
7.022730468750000000e+04
6.614108750000000000e+05
6.183958500000000000e+06
6.597201562500000000e+04
6.443060156250000000e+04
3.549267968750000000e+04
8.712600585937500000e+03
5.983820312500000000e+04
8.433246093750000000e+04
2.159859375000000000e+05
5.272528906250000000e+04
3.316276171875000000e+04
2.378886328125000000e+04
1.829591093750000000e+05
1.928279882812500000e+04
1.543338625000000000e+06
8.492608593750000000e+04
1.669477750000000000e+06
1.865683250000000000e+06
6.147460937500000000e+03
7.668419375000000000e+05
1.178977375000000000e+06
1.047960250000000000e+06
5.182928125000000000e+05
2.644982031250000000e+04
1.197567031250000000e+05
5.952515625000000000e+04
7.295702343750000000e+04
1.234387890625000000e+05
8.686805468750000000e+04
2.644982031250000000e+04
5.780542968750000000e+04
5.952515625000000000e+04
1.234387890625000000e+05
5.780542968750000000e+04
7.288052000000000000e+07
7.448921093750000000e+04
9.037660000000000000e+05
7.023789062500000000e+04
8.283935625000000000e+05
8.686805468750000000e+04
1.664711250000000000e+06
7.288052000000000000e+07
7.448921093750000000e+04
7.023789062500000000e+04
1.664711250000000000e+06
8.187027343750000000e+04
6.434621582031250000e+03
1.831930664062500000e+04
2.111144140625000000e+04
1.176963867187500000e+03
2.610229980468750000e+03
2.848692382812500000e+04
1.009289855957031250e+03
1.051382750000000000e+06
6.979485156250000000e+04
2.685073828125000000e+04
7.836821875000000000e+05
2.184958906250000000e+05
3.555077734375000000e+04
5.090976562500000000e+05
1.178266406250000000e+05
6.039225000000000000e+04
1.990762968750000000e+05
1.079902656250000000e+05
3.995124511718750000e+03
6.356290527343750000e+03
3.810144042968750000e+03
2.377275390625000000e+03
3.377057812500000000e+04
5.520521875000000000e+04
1.049408569335937500e+03
5.520277709960937500e+02
1.444984863281250000e+04
5.701553222656250000e+03
1.288052246093750000e+03
1.138541894531250000e+04
1.507190375000000000e+06
7.814858886718750000e+03
9.732588125000000000e+05
1.702143750000000000e+04
7.459811000000000000e+06
5.486589453125000000e+04
9.958731689453125000e+02
1.389072500000000000e+05
2.241241601562500000e+04
2.909636718750000000e+03
1.885048632812500000e+04
4.914427734375000000e+04
4.180163281250000000e+04
1.769432373046875000e+03
6.944624511718750000e+03
5.973021484375000000e+04
1.169099902343750000e+04
1.673741992187500000e+04
7.502247656250000000e+04
9.994014648437500000e+03
2.374479687500000000e+04
2.186122656250000000e+04
1.535813875000000000e+06
3.093509375000000000e+05
1.187771582031250000e+04
1.571118750000000000e+05
4.326261718750000000e+03
2.879113476562500000e+04
1.514397949218750000e+04
8.343218750000000000e+04
6.292450683593750000e+03
7.926765625000000000e+03
1.041100976562500000e+04
4.975364746093750000e+03
2.672497558593750000e+03
1.934559814453125000e+03
6.384384765625000000e+02
1.690183437500000000e+05
7.459811000000000000e+06
4.264653125000000000e+04
9.421699523925781250e+00
3.789069531250000000e+04
2.599658775329589844e+01
5.415956974029541016e+00
1.449524593353271484e+01
7.381152000000000000e+07
4.446536500000000000e+06
1.667485156250000000e+04
1.048482421875000000e+05
2.097641015625000000e+04
5.005353515625000000e+03
5.048827000000000000e+06
1.522240156250000000e+05
4.851875000000000000e+04
8.384992187500000000e+03
1.924701718750000000e+05
3.644697265625000000e+04
8.568778125000000000e+05
7.018225781250000000e+04
2.450614453125000000e+04
7.624012500000000000e+04
8.686805468750000000e+04
3.644697265625000000e+04
1.220433906250000000e+05
7.018225781250000000e+04
7.624012500000000000e+04
1.220433906250000000e+05
3.354987890625000000e+04
8.568778125000000000e+05
3.100326538085937500e+01
6.648913281250000000e+04
2.107613983154296875e+02
1.612571716308593750e+01
3.354987890625000000e+04
2.410710144042968750e+02
3.100326538085937500e+01
2.107613983154296875e+02
2.410710144042968750e+02
1.418333750000000000e+05
1.928279882812500000e+04
2.365513250000000000e+06
3.890722187500000000e+05
6.664464500000000000e+06
2.967697750000000000e+06
1.916004882812500000e+04
2.361089000000000000e+06
1.517067250000000000e+06
2.962158750000000000e+06
1.514195250000000000e+06
1.687247343750000000e+05
1.833048625000000000e+06
1.363197167968750000e+04
8.257995117187500000e+03
2.822675976562500000e+04
5.793377441406250000e+03
2.786633056640625000e+03
1.888624145507812500e+03
1.286168457031250000e+04
1.267368041992187500e+03
1.121958125000000000e+05
7.586963500976562500e+02
6.093304443359375000e+02
2.353846875000000000e+04
3.144218017578125000e+03
1.690693603515625000e+03
6.772755737304687500e+02
3.723419799804687500e+02
4.040364013671875000e+03
2.835397265625000000e+04
2.147015228271484375e+02
9.857759399414062500e+02
6.789677734375000000e+03
3.361944274902343750e+02
9.947135937500000000e+04
8.997213745117187500e+02
6.813305468750000000e+04
1.264445410156250000e+04
5.029162597656250000e+03
2.379916601562500000e+04
8.506203613281250000e+02
2.190212158203125000e+03
4.602651953125000000e+04
4.156181640625000000e+04
7.076962402343750000e+03
2.275007421875000000e+04
9.626157226562500000e+03
8.245906250000000000e+03
7.020936523437500000e+03
2.534531494140625000e+03
6.447634500000000000e+06
6.522224609375000000e+04
7.692992553710937500e+02
3.512878125000000000e+04
6.127962036132812500e+02
8.438934936523437500e+02
8.300837500000000000e+04
1.676716674804687500e+03
3.565057067871093750e+02
1.120388183593750000e+02
2.735108337402343750e+02
8.141225585937500000e+03
1.834628515625000000e+04
5.975921875000000000e+04
4.732947656250000000e+04
2.209972070312500000e+04
2.023241015625000000e+04
5.852917968750000000e+04
4.791942187500000000e+04
3.872937500000000000e+03
9.248274414062500000e+03
1.720274023437500000e+04
1.455573046875000000e+04
4.469827636718750000e+03
1.484083129882812500e+03
3.111021728515625000e+03
9.409986572265625000e+02
2.728457031250000000e+04
2.103912109375000000e+04
6.890214843750000000e+04
7.483363769531250000e+03
1.320667089843750000e+04
5.171158984375000000e+04
5.826205078125000000e+03
2.351186132812500000e+04
1.474395996093750000e+04
1.888521679687500000e+04
9.869913085937500000e+03
1.340978710937500000e+04
1.310930078125000000e+04
1.143969042968750000e+04
8.857675000000000000e+04
5.241727539062500000e+03
1.370918945312500000e+03
1.143969042968750000e+04
1.370918945312500000e+03
5.275876400000000000e+07
7.448921093750000000e+04
9.037660000000000000e+05
2.346774804687500000e+04
1.517837500000000000e+05
8.686805468750000000e+04
6.019210500000000000e+06
5.275876400000000000e+07
7.448921093750000000e+04
2.346774804687500000e+04
6.019210500000000000e+06
1.021189257812500000e+04
6.477264648437500000e+03
6.366040527343750000e+03
6.467386718750000000e+03
1.106779418945312500e+03
1.601724609375000000e+03
6.602828369140625000e+02
1.336681365966796875e+02
1.061326484375000000e+05
1.549383496093750000e+04
3.941861718750000000e+04
6.992323437500000000e+04
7.920991210937500000e+03
1.366312011718750000e+04
2.311652929687500000e+04
1.160579711914062500e+03
7.028731200000000000e+07
7.448921093750000000e+04
4.301111718750000000e+04
7.018225781250000000e+04
5.363708593750000000e+04
5.574171875000000000e+04
1.563562125000000000e+06
8.995894531250000000e+04
9.373407226562500000e+03
5.815582812500000000e+04
1.214787792968750000e+04
9.456623046875000000e+03
7.814858886718750000e+03
2.971211914062500000e+03
9.063479492187500000e+03
1.125942138671875000e+03
2.039388427734375000e+03
9.970265502929687500e+02
2.257194061279296875e+02
8.669136000000000000e+06
1.300820159912109375e+01
7.565912597656250000e+03
2.312690925598144531e+01
1.342029199218750000e+04
2.333135414123535156e+01
5.908031005859375000e+02
5.107588671875000000e+04
2.275151634216308594e+01
5.736201095581054688e+01
2.201635284423828125e+02
2.018411875000000000e+05
1.527378625000000000e+06
2.407333750000000000e+06
2.302901757812500000e+04
9.505356875000000000e+05
1.371726660156250000e+04
1.026081093750000000e+05
4.217396093750000000e+04
2.313080078125000000e+04
6.399642500000000000e+06
1.460930468750000000e+05
6.824888305664062500e+02
1.292734130859375000e+03
5.900303125000000000e+04
8.495729492187500000e+03
2.313080078125000000e+04
6.399642500000000000e+06
6.824888305664062500e+02
8.495729492187500000e+03
2.027261200000000000e+07
4.647426171875000000e+04
1.515407656250000000e+05
5.567344921875000000e+04
3.398012812500000000e+05
8.701065625000000000e+04
3.432198500000000000e+06
2.027261200000000000e+07
4.647426171875000000e+04
5.567344921875000000e+04
3.432198500000000000e+06
2.720080468750000000e+04
7.459811000000000000e+06
2.853072021484375000e+03
2.522859863281250000e+03
5.132979492187500000e+03
3.931051513671875000e+03
8.594813842773437500e+02
1.141034790039062500e+03
7.028731200000000000e+07
3.349973750000000000e+05
8.945402500000000000e+05
3.257837304687500000e+04
8.586243125000000000e+05
6.284022265625000000e+04
4.071707187500000000e+05
7.019220000000000000e+07
3.340144687500000000e+05
3.249651562500000000e+04
4.055519687500000000e+05
9.841206000000000000e+06
7.448921093750000000e+04
3.609001562500000000e+04
3.713073125000000000e+05
1.460379000000000000e+06
5.981093750000000000e+04
5.816552500000000000e+05
3.806321500000000000e+06
6.209696484375000000e+04
3.653796250000000000e+05
4.865136250000000000e+05
8.499107031250000000e+04
6.016727539062500000e+03
1.001450859375000000e+05
3.276697021484375000e+03
3.339524609375000000e+04
2.326394775390625000e+03
3.709622558593750000e+03
1.480588134765625000e+03
7.028731200000000000e+07
4.552560500000000000e+06
4.653502343750000000e+04
1.164136953125000000e+05
1.131834453125000000e+05
2.994787695312500000e+04
5.197794500000000000e+06
3.706305625000000000e+05
1.172527031250000000e+05
1.028930468750000000e+04
1.237204687500000000e+05
1.306376562500000000e+05
5.979038085937500000e+03
3.711671484375000000e+04
1.339137031250000000e+05
9.533403906250000000e+04
2.588609960937500000e+04
5.979038085937500000e+03
3.711671484375000000e+04
1.045572949218750000e+04
2.588609960937500000e+04
1.045572949218750000e+04
1.430307500000000000e+05
3.391763281250000000e+04
2.286113085937500000e+04
1.043304785156250000e+04
2.419684765625000000e+04
5.333206250000000000e+04
5.746223632812500000e+03
1.458456445312500000e+04
9.843528125000000000e+04
4.470935500000000000e+06
1.713569375000000000e+06
1.123160742187500000e+04
1.875298250000000000e+06
2.443048828125000000e+04
8.250327343750000000e+04
7.221321875000000000e+04
4.104528515625000000e+04
1.451013750000000000e+06
3.171752500000000000e+06
9.460880859375000000e+03
1.179418125000000000e+06
1.314703857421875000e+03
1.351695937500000000e+05
4.747667578125000000e+04
7.601899414062500000e+03
3.836485156250000000e+04
6.383865625000000000e+04
9.436939843750000000e+04
2.948421289062500000e+04
8.483041406250000000e+04
6.900052343750000000e+04
7.601899414062500000e+03
3.836485156250000000e+04
9.436939843750000000e+04
6.900052343750000000e+04
1.436085500000000000e+07
4.521731000000000000e+06
1.945459179687500000e+04
1.752273828125000000e+04
2.063986328125000000e+04
4.484989257812500000e+03
3.621454250000000000e+06
4.945438125000000000e+05
5.531800000000000000e+04
5.219813964843750000e+03
1.432495781250000000e+05
5.103775781250000000e+04
1.587897753906250000e+04
5.669746093750000000e+04
3.780712890625000000e+04
4.207043359375000000e+04
1.402403515625000000e+04
2.903082031250000000e+04
7.925231933593750000e+03
7.028731200000000000e+07
7.448921093750000000e+04
9.037660000000000000e+05
7.018225781250000000e+04
8.568778125000000000e+05
8.686805468750000000e+04
1.563562125000000000e+06
7.028731200000000000e+07
7.448921093750000000e+04
7.018225781250000000e+04
1.563562125000000000e+06
1.215275859375000000e+05
7.801441406250000000e+04
7.018225781250000000e+04
5.048417480468750000e+03
3.549267968750000000e+04
5.132819531250000000e+04
6.895023925781250000e+03
1.496400976562500000e+04
3.216060546875000000e+04
6.898970703125000000e+03
3.842669677734375000e+03
2.589364624023437500e+02
3.264763183593750000e+02
6.299910156250000000e+03
2.583566015625000000e+04
4.049427795410156250e+02
1.076363296508789062e+02
1.082805957031250000e+04
4.249592285156250000e+02
2.577098388671875000e+03
2.354978906250000000e+04
3.911547851562500000e+03
6.518342773437500000e+03
4.180983886718750000e+03
8.967686718750000000e+04
2.577098388671875000e+03
1.536583007812500000e+03
3.911547851562500000e+03
4.180983886718750000e+03
1.536583007812500000e+03
6.324961328125000000e+04
3.761378515625000000e+04
5.633047265625000000e+04
1.179798242187500000e+04
8.117685546875000000e+03
1.749106640625000000e+04
1.540571411132812500e+03
2.147940917968750000e+03
2.041708203125000000e+04
4.984085937500000000e+03
5.884311035156250000e+03
4.208893359375000000e+04
1.855436553955078125e+02
7.550139770507812500e+02
9.319972534179687500e+02
2.581118965148925781e+01
8.301162109375000000e+02
7.938885000000000000e+05
4.560548046875000000e+04
1.024226806640625000e+03
3.698965332031250000e+03
6.383865625000000000e+04
1.288132202148437500e+03
8.301162109375000000e+02
7.938885000000000000e+05
1.024226806640625000e+03
1.288132202148437500e+03
8.037024218750000000e+04
7.126382812500000000e+03
3.226579687500000000e+04
3.790489453125000000e+04
2.907720898437500000e+04
1.753292187500000000e+04
1.706108007812500000e+04
9.246554687500000000e+03
5.740251875000000000e+05
9.633389843750000000e+04
3.309846484375000000e+04
7.423637500000000000e+04
1.457662968750000000e+05
8.568217968750000000e+04
5.150000390625000000e+04
7.134617968750000000e+04
4.664504394531250000e+03
8.568778125000000000e+05
7.018225781250000000e+04
2.098187011718750000e+03
2.088745117187500000e+03
8.686805468750000000e+04
4.664504394531250000e+03
4.469584472656250000e+03
7.018225781250000000e+04
2.088745117187500000e+03
4.469584472656250000e+03
6.847327200000000000e+07
7.448921093750000000e+04
9.037660000000000000e+05
4.516597656250000000e+04
4.838520937500000000e+05
8.686805468750000000e+04
1.715772125000000000e+06
6.847327200000000000e+07
7.448921093750000000e+04
4.516597656250000000e+04
1.715772125000000000e+06
4.633878906250000000e+04
1.193856484375000000e+05
5.952515625000000000e+04
1.272397968750000000e+05
2.686745312500000000e+05
8.711394531250000000e+04
4.626919531250000000e+04
6.944057812500000000e+04
5.932029296875000000e+04
2.688762812500000000e+05
6.936962500000000000e+04
1.418333750000000000e+05
4.051048046875000000e+04
3.890722187500000000e+05
4.705762890625000000e+04
4.018053906250000000e+04
4.490185546875000000e+03
5.694689843750000000e+04
4.918256347656250000e+03
8.355939000000000000e+06
6.344757812500000000e+03
4.560548046875000000e+04
3.100328710937500000e+04
2.934064062500000000e+05
8.686805468750000000e+04
5.018375937500000000e+05
8.355939000000000000e+06
6.344757812500000000e+03
3.100328710937500000e+04
5.018375937500000000e+05
2.444506835937500000e+03
2.343900156250000000e+05
1.342986914062500000e+04
2.701425000000000000e+04
8.631139648437500000e+03
1.119093125000000000e+05
3.906137451171875000e+03
3.228430786132812500e+02
9.658160156250000000e+03
3.286021972656250000e+03
7.325410766601562500e+02
2.723208203125000000e+04
3.245900390625000000e+04
9.899978515625000000e+03
2.807641015625000000e+04
2.046521606445312500e+03
1.889703515625000000e+04
2.223333251953125000e+03
1.958897460937500000e+03
1.015057128906250000e+04
1.866083500000000000e+06
1.551129589843750000e+04
1.831747192382812500e+03
4.732789453125000000e+04
1.035370605468750000e+04
8.008406250000000000e+03
1.441559960937500000e+04
1.039075703125000000e+05
4.524016601562500000e+03
1.872082617187500000e+04
3.166296386718750000e+03
3.123127197265625000e+03
8.327804687500000000e+03
4.920843359375000000e+04
2.026609130859375000e+03
3.327433837890625000e+03
3.077074951171875000e+03
1.421773803710937500e+03
8.213323242187500000e+03
1.513177375000000000e+06
1.911327148437500000e+04
1.549159000000000000e+06
4.683626562500000000e+04
7.459811000000000000e+06
1.820827929687500000e+04
2.347123046875000000e+03
1.291544609375000000e+05
7.172159375000000000e+04
1.819612792968750000e+03
5.495004000000000000e+06
3.363983125000000000e+05
1.851398681640625000e+03
1.215275859375000000e+05
7.664291406250000000e+04
5.453345703125000000e+03
1.964384750000000000e+06
2.106898750000000000e+05
6.960414843750000000e+04
7.099198242187500000e+03
2.335831250000000000e+05
2.161470507812500000e+04
2.557616015625000000e+04
4.964473828125000000e+04
9.265662500000000000e+04
1.840164257812500000e+04
2.163039843750000000e+04
4.441067578125000000e+04
2.026562695312500000e+04
1.201402441406250000e+04
6.237492675781250000e+03
1.432545703125000000e+04
4.526287109375000000e+04
8.661859375000000000e+03
5.861494628906250000e+03
2.512284570312500000e+04
1.116323632812500000e+04
2.269743554687500000e+04
6.018417187500000000e+04
2.937774804687500000e+04
5.608603125000000000e+04
1.280820214843750000e+04
8.362628906250000000e+03
4.345372265625000000e+04
9.136969726562500000e+03
4.488514843750000000e+04
6.552121582031250000e+03
1.543338625000000000e+06
2.581236328125000000e+04
2.492772031250000000e+05
2.989953750000000000e+05
3.634009765625000000e+03
1.695278125000000000e+05
2.180080156250000000e+05
3.230175585937500000e+04
1.759954687500000000e+04
4.312467285156250000e+03
2.418104296875000000e+04
7.811299218750000000e+04
9.042221093750000000e+04
2.981789453125000000e+04
8.686805468750000000e+04
4.320953125000000000e+04
4.312467285156250000e+03
2.418104296875000000e+04
9.042221093750000000e+04
4.320953125000000000e+04
6.595559375000000000e+04
8.568778125000000000e+05
7.018225781250000000e+04
5.919144921875000000e+04
9.248843750000000000e+04
8.686805468750000000e+04
6.595559375000000000e+04
7.236902343750000000e+04
7.018225781250000000e+04
9.248843750000000000e+04
7.236902343750000000e+04
3.652307617187500000e+03
1.968334125000000000e+06
1.063883105468750000e+04
2.518586875000000000e+05
1.806828125000000000e+04
7.380605000000000000e+06
3.143857910156250000e+03
6.702102050781250000e+02
1.554342187500000000e+05
2.754046289062500000e+04
4.046769104003906250e+02
2.828973750000000000e+05
2.428851750000000000e+06
3.286854000000000000e+06
1.147550097656250000e+04
2.840921000000000000e+06
3.326504296875000000e+04
1.012940625000000000e+06
9.239100625000000000e+05
1.913905125000000000e+06
1.083484296875000000e+05
3.224541931152343750e+02
9.562442016601562500e+02
2.096196250000000000e+05
2.923536132812500000e+03
1.486750640869140625e+02
1.210100341796875000e+03
1.245030937500000000e+05
2.562741015625000000e+04
2.786202734375000000e+04
1.174205664062500000e+04
3.723204687500000000e+04
3.227823046875000000e+04
1.173527246093750000e+04
1.567978710937500000e+04
9.481060546875000000e+03
4.892811035156250000e+03
1.075618774414062500e+03
4.733412890625000000e+04
2.686745312500000000e+05
7.259528125000000000e+04
6.283035156250000000e+03
9.629114257812500000e+03
2.192888671875000000e+03
6.143856640625000000e+04
7.276383300781250000e+03
4.502474609375000000e+04
3.560089062500000000e+04
1.791597812500000000e+05
1.714747070312500000e+04
4.489760546875000000e+04
3.347051025390625000e+03
1.439157324218750000e+04
3.331181396484375000e+03
5.333592578125000000e+04
1.543338625000000000e+06
3.320711250000000000e+06
4.850070190429687500e+02
1.160925875000000000e+06
3.996685409545898438e+01
9.672310546875000000e+03
3.314438720703125000e+03
1.402262200000000000e+07
2.484568000000000000e+06
1.934142578125000000e+04
3.049212109375000000e+04
1.095941484375000000e+05
1.089551074218750000e+04
1.728213600000000000e+07
3.182905000000000000e+05
3.807435937500000000e+05
1.679716406250000000e+04
2.214415250000000000e+06
1.186178398132324219e+01
1.513177375000000000e+06
1.543338625000000000e+06
3.138862991333007812e+01
1.320276336669921875e+02
4.470935500000000000e+06
1.361552143096923828e+01
6.818726348876953125e+01
1.755889500000000000e+06
1.291184082031250000e+02
6.902443695068359375e+01
3.373643750000000000e+05
2.114866210937500000e+04
2.122235000000000000e+05
4.072104687500000000e+04
5.008405078125000000e+04
4.675410937500000000e+04
3.163524218750000000e+04
1.067460742187500000e+04
8.033630625000000000e+05
8.689840625000000000e+05
4.153861236572265625e+01
1.288358437500000000e+05
2.885279083251953125e+01
2.369315338134765625e+01
7.888929375000000000e+05
5.178889083862304688e+01
4.118816757202148438e+01
2.845427322387695312e+01
5.113747024536132812e+01
2.508394140625000000e+04
1.389188574218750000e+04
1.373225000000000000e+06
1.375337011718750000e+04
7.547573125000000000e+05
1.834818625000000000e+06
3.763781738281250000e+03
3.150630000000000000e+05
1.110793000000000000e+06
6.215578125000000000e+05
2.376059531250000000e+05
1.284159453125000000e+05
1.500136328125000000e+04
3.675165625000000000e+04
3.922838750000000000e+05
9.533403906250000000e+04
9.110273437500000000e+04
1.500136328125000000e+04
3.675165625000000000e+04
3.221014843750000000e+04
9.110273437500000000e+04
3.221014843750000000e+04
4.645400781250000000e+04
1.755228125000000000e+06
1.255885375000000000e+06
3.439419140625000000e+04
4.338809687500000000e+05
3.474752441406250000e+03
8.778982812500000000e+04
2.943041210937500000e+04
1.761649218750000000e+04
2.323967773437500000e+04
1.035415039062500000e+04
6.938272656250000000e+04
1.328324218750000000e+05
5.804218359375000000e+04
2.024499609375000000e+04
3.064417968750000000e+04
6.237653320312500000e+03
8.608211718750000000e+04
3.096883203125000000e+04
8.820275390625000000e+03
5.076337402343750000e+03
4.672761230468750000e+03
6.168670410156250000e+03
4.112690917968750000e+03
1.451223144531250000e+03
3.573012451171875000e+03
1.144123901367187500e+03
4.076411437988281250e+02
1.205642773437500000e+04
5.418822753906250000e+03
1.305579687500000000e+04
8.921926757812500000e+03
5.245133300781250000e+03
3.299187316894531250e+02
7.557933959960937500e+02
1.830177368164062500e+03
1.310570800781250000e+03
2.609151916503906250e+02
3.638768750000000000e+04
1.911327148437500000e+04
2.845637695312500000e+04
2.994636328125000000e+04
1.249678515625000000e+04
2.134362890625000000e+04
7.630841796875000000e+03
4.637208007812500000e+03
1.305646796875000000e+05
1.534820117187500000e+04
6.888923828125000000e+03
3.922838750000000000e+05
1.081555859375000000e+05
1.006918847656250000e+04
1.534820117187500000e+04
6.888923828125000000e+03
2.979022949218750000e+03
1.006918847656250000e+04
2.979022949218750000e+03
2.821658750000000000e+05
4.060485937500000000e+04
7.018225781250000000e+04
4.432254296875000000e+04
1.091716718750000000e+05
2.363405078125000000e+04
5.817041796875000000e+04
1.809498750000000000e+05
1.920478125000000000e+04
5.889262109375000000e+04
5.331273437500000000e+04
1.379744824218750000e+04
1.549383496093750000e+04
1.393361875000000000e+05
9.089253906250000000e+04
8.437354492187500000e+03
2.015441210937500000e+04
7.344723632812500000e+03
1.121660625000000000e+05
2.632881640625000000e+04
1.481521484375000000e+04
8.032242187500000000e+03
1.513177375000000000e+06
1.084494726562500000e+04
9.868700000000000000e+04
1.108781347656250000e+04
3.628462890625000000e+04
8.286461914062500000e+03
4.790897949218750000e+03
1.035378417968750000e+04
1.234648242187500000e+04
4.101974609375000000e+03
4.533624023437500000e+03
2.144738000000000000e+06
9.278295625000000000e+05
5.628069921875000000e+04
4.013541875000000000e+05
2.417742250000000000e+06
5.689118164062500000e+03
2.310333750000000000e+05
9.241268125000000000e+05
2.597316562500000000e+05
1.931089062500000000e+05
2.152363867187500000e+04
7.747354687500000000e+04
5.952515625000000000e+04
3.946751562500000000e+04
4.187038437500000000e+05
5.540078125000000000e+04
2.224191992187500000e+04
5.813503515625000000e+04
5.128782421875000000e+04
8.008828906250000000e+04
4.675045312500000000e+04
6.884650781250000000e+04
9.841206000000000000e+06
1.847555273437500000e+04
1.120012375000000000e+06
2.787132812500000000e+04
8.300258750000000000e+05
2.553886000000000000e+06
3.005509179687500000e+04
2.387859750000000000e+06
3.886387187500000000e+05
9.288149375000000000e+05
2.076322031250000000e+05
6.767107812500000000e+04
4.218984765625000000e+04
5.384112304687500000e+03
4.584978515625000000e+04
5.544925390625000000e+04
7.005025000000000000e+04
1.856854687500000000e+05
1.723971093750000000e+04
8.648015625000000000e+03
2.415502148437500000e+04
3.810875000000000000e+04
4.077833007812500000e+03
1.274228820800781250e+02
2.219538671875000000e+04
2.480621795654296875e+02
1.029821624755859375e+02
1.990917968750000000e+03
6.452722167968750000e+01
2.731777381896972656e+01
8.444432067871093750e+01
1.771243095397949219e+01
2.739447265625000000e+04
8.568778125000000000e+05
7.018225781250000000e+04
2.830679882812500000e+04
8.408649414062500000e+03
8.686805468750000000e+04
2.739447265625000000e+04
5.382433593750000000e+03
7.018225781250000000e+04
8.408649414062500000e+03
5.382433593750000000e+03
1.487523559570312500e+03
1.604499023437500000e+04
9.770631835937500000e+03
5.849731640625000000e+04
3.150348876953125000e+03
2.682326660156250000e+03
2.057838281250000000e+04
5.126310058593750000e+03
1.172670745849609375e+02
1.132144218750000000e+05
9.183732031250000000e+04
9.288682812500000000e+04
3.150171508789062500e+02
3.058660278320312500e+02
9.183732031250000000e+04
3.058660278320312500e+02
7.953933715820312500e+02
7.798008789062500000e+03
1.790347778320312500e+03
2.987200625000000000e+05
2.185847265625000000e+04
4.054635156250000000e+04
5.300022460937500000e+03
1.298992797851562500e+03
9.470749511718750000e+02
5.056745312500000000e+04
3.812557861328125000e+03
3.644697265625000000e+04
1.129293203125000000e+05
7.013193750000000000e+04
9.535436523437500000e+03
7.629598437500000000e+04
7.298304687500000000e+04
1.168845703125000000e+04
1.220600312500000000e+05
6.712805468750000000e+04
2.801935156250000000e+04
4.274184765625000000e+04
1.804382812500000000e+04
2.665717773437500000e+04
3.293579101562500000e+03
2.281064648437500000e+04
8.702750781250000000e+04
4.538372656250000000e+04
3.879625781250000000e+04
3.653188671875000000e+04
2.393487500000000000e+04
3.251821484375000000e+04
7.556496875000000000e+04
5.730345703125000000e+03
1.865683250000000000e+06
4.289103750000000000e+05
4.490580078125000000e+03
3.653914687500000000e+05
6.370354003906250000e+03
1.432166113281250000e+04
1.168545898437500000e+04
7.290791200000000000e+07
7.448921093750000000e+04
1.652736093750000000e+05
7.017060937500000000e+04
3.113671562500000000e+05
5.547475390625000000e+04
1.667546000000000000e+06
3.631982500000000000e+06
1.570207031250000000e+04
1.410619062500000000e+05
2.078592500000000000e+05
1.378824023437500000e+04
2.815924377441406250e+02
2.145789489746093750e+02
1.573033984375000000e+04
6.930238342285156250e+01
5.232071777343750000e+03
1.090526351928710938e+02
2.805058479309082031e+01
4.023797812500000000e+05
1.865683250000000000e+06
5.888008000000000000e+06
1.062326660156250000e+04
5.598421000000000000e+06
1.423057031250000000e+04
3.894564687500000000e+05
4.027525937500000000e+05
2.710806445312500000e+04
1.911327148437500000e+04
1.172405156250000000e+05
6.852885742187500000e+03
1.012485156250000000e+04
3.393388671875000000e+03
1.100564819335937500e+03
5.466032714843750000e+02
1.981777200000000000e+07
4.672892187500000000e+04
1.118203417968750000e+04
7.032000000000000000e+04
7.627292968750000000e+04
4.994077343750000000e+04
6.627128125000000000e+05
3.428634687500000000e+05
2.601667773437500000e+04
3.138898828125000000e+04
1.454628593750000000e+05
1.748263437500000000e+05
3.868137939453125000e+03
4.761299316406250000e+03
7.018225781250000000e+04
8.568778125000000000e+05
8.686805468750000000e+04
1.735022343750000000e+05
1.748263437500000000e+05
3.868137939453125000e+03
7.018225781250000000e+04
1.735022343750000000e+05
2.959905273437500000e+03
8.956995117187500000e+03
1.899047973632812500e+03
1.028576269531250000e+04
2.029530883789062500e+03
5.851974609375000000e+04
1.536934814453125000e+03
4.380845642089843750e+02
2.930037841796875000e+03
3.426791015625000000e+03
1.012712219238281250e+03
1.402874500000000000e+06
1.536724218750000000e+05
2.556394335937500000e+04
5.585938281250000000e+04
1.424564062500000000e+05
1.227463125000000000e+05
9.656200000000000000e+04
5.908141015625000000e+04
1.092301600000000000e+07
6.740352343750000000e+04
3.609001562500000000e+04
1.184084179687500000e+04
9.443592968750000000e+04
5.865462890625000000e+04
4.405380000000000000e+05
2.737574500000000000e+06
6.041489453125000000e+04
6.514106640625000000e+04
6.909101250000000000e+05
3.510210625000000000e+05
7.459811000000000000e+06
1.995580078125000000e+04
1.449138867187500000e+04
7.525767187500000000e+04
7.577194531250000000e+04
3.096601806640625000e+03
6.023734765625000000e+04
9.542099218750000000e+04
5.113763671875000000e+04
1.761137031250000000e+05
2.146169335937500000e+04
3.876485937500000000e+04
4.148099218750000000e+04
3.790504296875000000e+04
4.568728125000000000e+04
5.597942382812500000e+03
3.203462000000000000e+06
6.653281250000000000e+03
5.493694140625000000e+04
6.108812011718750000e+03
6.475240000000000000e+06
6.060213378906250000e+03
4.484825744628906250e+02
8.569664843750000000e+04
3.902576904296875000e+03
8.382223510742187500e+02
1.672168750000000000e+04
3.761378515625000000e+04
9.112514648437500000e+03
1.259141894531250000e+04
1.659872924804687500e+03
1.219386816406250000e+04
1.674638671875000000e+03
1.669993408203125000e+03
1.788464750000000000e+06
4.672892187500000000e+04
1.946485312500000000e+05
8.197913085937500000e+03
2.646309179687500000e+04
8.863910937500000000e+04
7.170387500000000000e+04
2.099033000000000000e+06
5.096203125000000000e+04
8.801032226562500000e+03
8.033322656250000000e+04
5.480962000000000000e+06
7.448921093750000000e+04
9.037660000000000000e+05
4.186455566406250000e+03
2.354978906250000000e+04
8.686805468750000000e+04
2.056159687500000000e+05
5.480962000000000000e+06
7.448921093750000000e+04
4.186455566406250000e+03
2.056159687500000000e+05
7.236679375000000000e+05
7.459811000000000000e+06
1.922266406250000000e+04
3.158718554687500000e+04
3.309347656250000000e+04
4.173857812500000000e+04
4.281675781250000000e+03
7.732557617187500000e+03
1.789044875000000000e+06
4.417252343750000000e+04
3.782522949218750000e+03
3.598398828125000000e+04
7.384348144531250000e+03
2.457732031250000000e+04
6.075480859375000000e+04
7.710625000000000000e+04
1.437311279296875000e+03
1.463131713867187500e+03
3.154474853515625000e+03
4.739587890625000000e+04
5.087173500000000000e+06
4.076091015625000000e+04
2.488441650390625000e+03
1.912997656250000000e+04
1.173517089843750000e+04
8.447734375000000000e+03
3.106488085937500000e+04
5.611210625000000000e+05
2.571616455078125000e+03
7.633637207031250000e+03
8.233331000000000000e+06
1.842216562500000000e+05
1.657092031250000000e+05
7.757083007812500000e+03
9.439910156250000000e+04
1.312829296875000000e+04
3.897447812500000000e+05
8.625650000000000000e+06
1.897236093750000000e+05
7.690170898437500000e+03
4.039061562500000000e+05
2.623056152343750000e+03
7.283535937500000000e+04
2.628405761718750000e+03
1.207004272460937500e+03
4.270036010742187500e+02
1.288223754882812500e+03
1.864834747314453125e+02
1.378575134277343750e+02
9.489907812500000000e+04
6.569079589843750000e+03
1.352207250000000000e+06
6.493935156250000000e+04
4.175469750000000000e+06
6.947105625000000000e+05
6.569079589843750000e+03
1.352207250000000000e+06
4.217206562500000000e+05
6.947105625000000000e+05
4.217206562500000000e+05
1.406232617187500000e+04
1.287988750000000000e+05
1.685439687500000000e+05
7.590770312500000000e+04
1.391493066406250000e+04
8.520634765625000000e+03
1.295043750000000000e+05
7.656869628906250000e+03
5.544613281250000000e+04
3.761378515625000000e+04
3.031287304687500000e+04
3.288450781250000000e+04
9.718241210937500000e+03
2.701695703125000000e+04
6.124372558593750000e+03
3.051374023437500000e+03
2.595506591796875000e+03
1.866671000000000000e+06
1.117202343750000000e+04
2.865045471191406250e+02
2.183109375000000000e+03
5.881202148437500000e+03
3.983738037109375000e+03
1.124003906250000000e+03
1.464218125000000000e+05
1.338630371093750000e+02
2.066741943359375000e+03
1.430134218750000000e+05
8.032242187500000000e+03
4.054366699218750000e+03
6.493935156250000000e+04
3.306637500000000000e+04
1.821705322265625000e+03
8.032242187500000000e+03
4.054366699218750000e+03
7.559453125000000000e+02
1.821705322265625000e+03
7.559453125000000000e+02
3.399778515625000000e+04
5.714658203125000000e+03
2.858882226562500000e+04
1.263350976562500000e+04
4.498468750000000000e+03
4.398549804687500000e+03
1.671014404296875000e+03
5.511516113281250000e+02
4.719603515625000000e+03
1.342358750000000000e+06
1.695083789062500000e+04
2.501803281250000000e+05
1.063847558593750000e+04
4.119285156250000000e+04
3.368393554687500000e+03
3.152889648437500000e+03
7.596992187500000000e+03
7.330502441406250000e+03
5.865258789062500000e+02
3.856006347656250000e+03
5.643110500000000000e+06
1.607090136718750000e+04
5.996704711914062500e+02
5.238413574218750000e+03
4.788421386718750000e+03
2.269734375000000000e+03
7.440135253906250000e+03
3.819746093750000000e+04
1.691014038085937500e+03
1.135724316406250000e+04
1.548587207031250000e+04
2.167585156250000000e+04
5.444592187500000000e+04
5.077341796875000000e+04
2.340668164062500000e+04
8.924607421875000000e+03
4.012436328125000000e+04
1.204899023437500000e+04
4.264079687500000000e+04
9.819164062500000000e+03
4.702680468750000000e+04
8.033276562500000000e+04
1.133039916992187500e+03
3.992754296875000000e+04
2.337580566406250000e+03
1.128975341796875000e+03
1.480966308593750000e+04
4.306177812500000000e+05
6.918918945312500000e+03
1.248195625000000000e+05
1.826904375000000000e+05
2.614559960937500000e+04
2.466796484375000000e+04
7.005264160156250000e+03
7.821428710937500000e+03
2.658309570312500000e+04
3.370087158203125000e+03
5.854532226562500000e+03
1.257770019531250000e+04
6.297623437500000000e+04
2.527757421875000000e+04
1.012596191406250000e+04
8.686805468750000000e+04
1.501829687500000000e+04
5.854532226562500000e+03
1.257770019531250000e+04
2.527757421875000000e+04
1.501829687500000000e+04
1.857987304687500000e+03
1.369183227539062500e+03
1.997206054687500000e+04
2.636764062500000000e+04
5.068043823242187500e+02
7.487965698242187500e+02
7.682825195312500000e+03
2.426586151123046875e+02
9.200773437500000000e+03
5.116370500000000000e+06
1.264612988281250000e+04
1.351774902343750000e+03
2.177836669921875000e+03
7.759599609375000000e+02
8.521114257812500000e+03
2.483078369140625000e+03
3.109395898437500000e+04
4.385210876464843750e+02
3.230287841796875000e+03
5.047980859375000000e+04
2.251031445312500000e+04
2.451949414062500000e+04
9.429661718750000000e+04
6.989026367187500000e+03
7.243622558593750000e+03
1.951643945312500000e+04
1.625879028320312500e+03
1.297496600000000000e+07
4.672892187500000000e+04
3.545374218750000000e+04
5.952515625000000000e+04
7.751323437500000000e+04
5.548718750000000000e+04
1.532653375000000000e+06
9.112783125000000000e+05
9.685169921875000000e+03
5.131351562500000000e+04
2.249742656250000000e+05
6.866966308593750000e+03
4.343165039062500000e+03
4.102964843750000000e+03
2.169147460937500000e+03
2.527667480468750000e+03
3.277688232421875000e+03
2.041207812500000000e+04
8.653148437500000000e+03
1.970822800000000000e+07
1.628795625000000000e+05
1.192964550781250000e+04
3.221014843750000000e+04
9.248217187500000000e+04
1.798601367187500000e+04
3.053301562500000000e+05
1.484071562500000000e+05
6.143382421875000000e+04
1.317981835937500000e+04
1.039026093750000000e+05
3.337209765625000000e+04
2.100422500000000000e+05
4.482889062500000000e+04
1.486441210937500000e+04
9.277427734375000000e+03
5.618453515625000000e+04
3.715659375000000000e+04
4.409194335937500000e+03
1.121238203125000000e+05
2.010208374023437500e+03
2.675817871093750000e+03
8.441228906250000000e+04
4.222466406250000000e+04
2.833759179687500000e+04
4.410546875000000000e+04
2.260283984375000000e+04
7.790715820312500000e+03
6.746010156250000000e+04
8.401570312500000000e+03
6.044584375000000000e+05
1.281904199218750000e+04
2.686745312500000000e+05
4.063740234375000000e+04
9.054759375000000000e+04
6.838922656250000000e+04
1.008646250000000000e+05
4.428151562500000000e+04
5.475669531250000000e+04
3.722117500000000000e+05
7.018225781250000000e+04
4.404199609375000000e+04
8.947185156250000000e+04
6.059683203125000000e+04
7.187031250000000000e+04
1.021729843750000000e+05
1.478340625000000000e+05
6.182443750000000000e+04
9.672744531250000000e+04
3.341326904296875000e+02
1.170606328125000000e+05
7.162405468750000000e+04
8.711719531250000000e+04
3.156542968750000000e+02
2.738948974609375000e+02
1.034690156250000000e+05
2.894735717773437500e+02
6.939980000000000000e+06
6.256628125000000000e+04
1.080348671875000000e+05
1.226677246093750000e+04
4.851148828125000000e+04
8.734913281250000000e+04
7.127637500000000000e+05
6.939980000000000000e+06
6.256628125000000000e+04
1.226677246093750000e+04
7.127637500000000000e+05
2.109107421875000000e+04
1.979179296875000000e+04
1.049460449218750000e+04
6.610992675781250000e+03
8.452957031250000000e+03
4.507299316406250000e+03
1.444108593750000000e+04
6.500355957031250000e+03
6.793930468750000000e+04
1.865683250000000000e+06
1.230551750000000000e+06
1.847127343750000000e+04
7.824417500000000000e+05
1.137495507812500000e+04
6.431758203125000000e+04
4.970907421875000000e+04
4.040992187500000000e+04
3.509934375000000000e+04
2.488722031250000000e+05
8.106922656250000000e+04
5.199118164062500000e+03
2.181660937500000000e+04
5.388873437500000000e+04
9.667920898437500000e+03
1.928279882812500000e+04
4.332260625000000000e+05
9.416438750000000000e+05
4.276923437500000000e+05
1.467747000000000000e+06
3.765874750000000000e+06
1.096049218750000000e+05
6.727395625000000000e+05
2.030904875000000000e+06
2.349519000000000000e+06
1.139779500000000000e+06
4.777194335937500000e+03
4.521731000000000000e+06
5.054725781250000000e+04
1.110380981445312500e+03
1.202620019531250000e+04
3.240135351562500000e+04
2.271472656250000000e+03
5.422897460937500000e+03
1.326864375000000000e+05
1.443347045898437500e+03
1.512824951171875000e+03
1.371591992187500000e+04
2.315569726562500000e+04
3.710475000000000000e+04
4.850038671875000000e+04
5.891487792968750000e+03
5.774338378906250000e+03
2.893722460937500000e+04
1.048774023437500000e+04
7.261300000000000000e+04
1.412374375000000000e+05
4.106368359375000000e+04
3.122214843750000000e+04
3.507227734375000000e+04
7.465348437500000000e+04
2.230522265625000000e+04
3.407813281250000000e+04
6.049012890625000000e+04
1.555939062500000000e+04
6.271371093750000000e+03
4.691239843750000000e+04
1.399467125000000000e+06
3.227586250000000000e+06
3.682533203125000000e+04
1.059328875000000000e+06
9.389871093750000000e+03
2.892329687500000000e+05
1.207677109375000000e+05
2.154960800000000000e+07
4.672892187500000000e+04
5.767217187500000000e+04
5.855151171875000000e+04
6.080669140625000000e+04
5.985247656250000000e+04
3.536389500000000000e+06
2.878065250000000000e+06
6.396993359375000000e+04
8.446221875000000000e+04
1.277435250000000000e+06
1.406308750000000000e+05
3.974882421875000000e+04
3.223337187500000000e+05
1.169253808593750000e+04
5.128483984375000000e+04
4.953823242187500000e+03
1.311203808593750000e+04
3.761419921875000000e+03
4.992213600000000000e+07
6.288560546875000000e+04
1.041227343750000000e+05
3.678107421875000000e+04
2.800837812500000000e+05
8.922218750000000000e+04
2.152015600000000000e+07
5.198859200000000000e+07
5.894273828125000000e+04
3.849558593750000000e+04
2.223748000000000000e+07
5.920124500000000000e+06
8.383497656250000000e+04
2.338945507812500000e+04
2.892478320312500000e+04
3.613417968750000000e+03
4.550855468750000000e+04
6.589611718750000000e+04
5.364583593750000000e+04
5.023051562500000000e+04
9.087274414062500000e+03
2.630627734375000000e+04
2.176083789062500000e+04
8.032242187500000000e+03
1.911327148437500000e+04
7.106066894531250000e+03
5.379415527343750000e+03
9.948736328125000000e+03
3.348280761718750000e+03
5.009423339843750000e+03
2.064485351562500000e+03
2.833813476562500000e+03
1.259397094726562500e+03
7.028731200000000000e+07
4.521731000000000000e+06
1.658684375000000000e+05
1.215275859375000000e+05
3.451369375000000000e+05
1.123074609375000000e+05
5.132067000000000000e+06
3.853492500000000000e+06
1.069003375000000000e+06
2.955206875000000000e+05
2.848218250000000000e+06
1.775887207031250000e+03
3.465682373046875000e+03
6.431338867187500000e+03
1.677534423828125000e+03
5.495621337890625000e+02
1.325721191406250000e+03
9.747750854492187500e+02
4.017091979980468750e+02
7.873742400000000000e+07
6.685410156250000000e+04
4.052052343750000000e+04
7.018225781250000000e+04
9.338529687500000000e+04
4.064945703125000000e+04
2.400996500000000000e+06
1.584195156250000000e+05
2.938166992187500000e+04
6.665051562500000000e+04
1.089033906250000000e+05
8.613139062500000000e+04
5.101099609375000000e+04
2.712897062301635742e+00
4.055562496185302734e+00
1.389416406250000000e+04
2.103574275970458984e+00
3.857633113861083984e+00
3.342887878417968750e+00
1.163215937500000000e+05
1.136312031250000000e+05
6.326608593750000000e+04
3.088691992187500000e+04
3.551621484375000000e+04
6.448599218750000000e+04
1.030835058593750000e+04
1.333433691406250000e+04
6.122115625000000000e+04
1.452241015625000000e+04
3.640279541015625000e+03
3.878348400000000000e+07
4.600609500000000000e+06
9.899931640625000000e+03
2.977700000000000000e+04
8.313520507812500000e+03
3.911048095703125000e+03
5.985951500000000000e+06
1.074726562500000000e+05
8.383329687500000000e+04
2.122387451171875000e+03
9.988716406250000000e+04
3.663889648437500000e+03
1.513177375000000000e+06
1.543338625000000000e+06
2.993120312500000000e+04
3.824299375000000000e+05
4.470935500000000000e+06
2.953437500000000000e+03
2.797167500000000000e+05
1.755889500000000000e+06
3.007002500000000000e+05
2.505387031250000000e+05
9.957877929687500000e+03
9.752225585937500000e+03
3.319792480468750000e+03
1.764620507812500000e+04
1.306331909179687500e+03
2.293339355468750000e+03
3.534528564453125000e+03
6.572595214843750000e+02
1.749290937500000000e+05
1.016744375000000000e+05
7.018225781250000000e+04
3.825929296875000000e+04
1.111454218750000000e+05
6.184826562500000000e+04
1.158225781250000000e+05
2.257423750000000000e+05
2.404563125000000000e+05
1.276967578125000000e+05
2.167742343750000000e+05
6.454986250000000000e+05
1.528437031250000000e+05
6.209199218750000000e+04
8.686805468750000000e+04
1.009218750000000000e+05
2.202473906250000000e+05
1.528437031250000000e+05
1.009218750000000000e+05
4.657822656250000000e+04
8.868156875000000000e+05
7.018225781250000000e+04
1.049360351562500000e+04
6.460925292968750000e+03
9.199923437500000000e+04
4.145160546875000000e+04
3.084373632812500000e+04
7.200134375000000000e+04
6.065521484375000000e+03
2.888547070312500000e+04
1.393396191406250000e+04
8.568778125000000000e+05
7.018225781250000000e+04
1.535306250000000000e+04
4.326538085937500000e+03
8.686805468750000000e+04
1.393396191406250000e+04
2.726911621093750000e+03
7.018225781250000000e+04
4.326538085937500000e+03
2.726911621093750000e+03
1.096680078125000000e+04
1.174622265625000000e+05
4.048012500000000000e+04
3.021364257812500000e+04
7.545565625000000000e+04
5.332661328125000000e+04
1.416593847656250000e+04
2.448250390625000000e+04
3.940121484375000000e+04
8.903704687500000000e+04
2.659554492187500000e+04
8.259639843750000000e+04
4.956128906250000000e+04
2.344050585937500000e+04
6.131839453125000000e+04
1.225527734375000000e+04
5.711410644531250000e+03
7.747103906250000000e+04
2.294813671875000000e+04
3.457649609375000000e+04
8.091357421875000000e+03
6.976787109375000000e+02
2.444181640625000000e+04
1.305067504882812500e+03
9.357137451171875000e+02
3.107937011718750000e+03
4.297561645507812500e+02
2.395272521972656250e+02
5.657985229492187500e+02
1.462276763916015625e+02
5.195071875000000000e+05
9.322400390625000000e+03
1.740042968750000000e+05
3.616764453125000000e+04
1.257491699218750000e+04
9.749326562500000000e+04
1.942843627929687500e+03
2.055254882812500000e+03
8.575709960937500000e+03
4.731503515625000000e+04
5.952515625000000000e+04
1.733579882812500000e+04
1.025475468750000000e+05
5.039183203125000000e+04
2.891163085937500000e+03
3.585313281250000000e+04
3.275105078125000000e+04
2.116666015625000000e+04
9.515494140625000000e+03
1.161645078125000000e+05
8.568778125000000000e+05
7.018225781250000000e+04
7.295702343750000000e+04
1.234387890625000000e+05
8.686805468750000000e+04
1.161645078125000000e+05
1.746817031250000000e+05
7.018225781250000000e+04
1.234387890625000000e+05
1.746817031250000000e+05
1.113368000000000000e+06
6.304443359375000000e+04
2.655712304687500000e+04
1.075618774414062500e+03
5.074192382812500000e+03
5.312296484375000000e+04
1.578005156250000000e+05
9.101025000000000000e+04
5.954060156250000000e+04
1.726561889648437500e+03
5.180014062500000000e+04
1.725688281250000000e+04
9.641070312500000000e+03
4.793923828125000000e+03
8.772254687500000000e+04
3.000786132812500000e+03
5.339598999023437500e+02
1.030401660156250000e+04
3.028839355468750000e+03
2.631550976562500000e+04
4.710990234375000000e+03
1.936545703125000000e+04
5.282137109375000000e+04
2.421662597656250000e+03
8.676974609375000000e+03
3.641002197265625000e+03
5.768919677734375000e+02
3.246253200000000000e+07
6.686442968750000000e+04
1.669149531250000000e+05
1.395714550781250000e+04
4.633331250000000000e+04
5.420758984375000000e+04
3.480188250000000000e+06
2.120838750000000000e+06
1.503530957031250000e+04
1.824151367187500000e+04
6.991810000000000000e+05
8.196209600000000000e+07
3.825848828125000000e+04
3.780619140625000000e+04
4.526433593750000000e+04
5.411317578125000000e+04
4.298220703125000000e+04
1.020088187500000000e+06
5.736580078125000000e+04
1.035682714843750000e+04
4.448520312500000000e+04
8.933353515625000000e+03
8.809809570312500000e+03
2.087007226562500000e+04
4.324449609375000000e+04
4.116689941406250000e+03
4.635713378906250000e+03
3.692200781250000000e+04
3.786931396484375000e+03
8.567803710937500000e+03
1.009162988281250000e+04
3.064639160156250000e+03
3.164233886718750000e+03
4.254109500000000000e+06
4.213066015625000000e+04
1.315135253906250000e+04
1.158757128906250000e+04
1.645674414062500000e+04
4.467634765625000000e+04
3.333233437500000000e+05
2.519312343750000000e+05
2.106395898437500000e+04
3.467480468750000000e+04
2.457736562500000000e+05
1.047897949218750000e+03
3.549267968750000000e+04
6.383865625000000000e+04
6.338437011718750000e+03
3.842629394531250000e+03
8.686805468750000000e+04
2.529883544921875000e+03
1.047897949218750000e+03
3.549267968750000000e+04
6.338437011718750000e+03
2.529883544921875000e+03
4.651648400000000000e+07
4.270959500000000000e+06
8.166900000000000000e+05
3.932504296875000000e+04
1.234279687500000000e+05
6.383865625000000000e+04
6.685471000000000000e+06
4.651648400000000000e+07
4.270959500000000000e+06
3.932504296875000000e+04
6.685471000000000000e+06
1.935841500000000000e+06
4.521731000000000000e+06
9.037660000000000000e+05
1.850992431640625000e+03
1.069458203125000000e+04
6.383865625000000000e+04
3.689518750000000000e+05
1.935841500000000000e+06
4.521731000000000000e+06
1.850992431640625000e+03
3.689518750000000000e+05
1.242149414062500000e+04
6.923466875000000000e+05
1.658576171875000000e+04
6.051317871093750000e+03
5.228599121093750000e+03
2.752694091796875000e+03
4.133424609375000000e+04
8.249847656250000000e+03
2.857783789062500000e+04
2.265436523437500000e+03
9.155576171875000000e+03
1.121332617187500000e+04
4.721460156250000000e+04
2.885205000000000000e+06
5.356653906250000000e+04
4.721460156250000000e+04
3.059871093750000000e+04
3.792013125000000000e+05
5.095692578125000000e+04
1.646644531250000000e+04
1.285658203125000000e+04
2.769726367187500000e+04
1.859672070312500000e+04
5.524998437500000000e+04
4.835204296875000000e+04
1.072828417968750000e+04
4.002208984375000000e+04
2.260040429687500000e+04
4.008939843750000000e+04
2.653395898437500000e+04
7.623772656250000000e+04
6.193125488281250000e+03
5.404230468750000000e+03
6.493935156250000000e+04
1.148029296875000000e+05
1.003513000488281250e+03
6.193125488281250000e+03
5.404230468750000000e+03
1.434009399414062500e+02
1.003513000488281250e+03
1.434009399414062500e+02
2.074315234375000000e+04
8.059918823242187500e+02
7.018225781250000000e+04
1.024062133789062500e+03
3.878223828125000000e+04
6.124099731445312500e+02
1.198946411132812500e+03
3.459377734375000000e+04
7.555916748046875000e+02
1.675349243164062500e+03
1.888168212890625000e+03
8.968499218750000000e+04
7.537016601562500000e+03
6.893553906250000000e+04
2.966115820312500000e+04
3.665832812500000000e+04
1.183764746093750000e+04
7.799767968750000000e+04
2.782108398437500000e+04
1.014065234375000000e+04
1.579394433593750000e+04
1.048677929687500000e+04
7.296745312500000000e+04
8.035314941406250000e+03
7.332480468750000000e+03
1.237018554687500000e+04
7.605888671875000000e+03
4.748835546875000000e+04
1.543338625000000000e+06
1.446744125000000000e+06
2.443582617187500000e+04
5.633280000000000000e+05
2.700897070312500000e+04
3.310850312500000000e+05
1.764480937500000000e+05
4.243842500000000000e+05
3.175754000000000000e+06
3.218628125000000000e+05
1.503523828125000000e+04
4.719410000000000000e+05
1.444787890625000000e+04
7.392318750000000000e+04
8.977750781250000000e+04
2.473831445312500000e+04
2.027600976562500000e+04
5.952515625000000000e+04
3.090507226562500000e+04
3.549267968750000000e+04
7.301089062500000000e+04
3.812641601562500000e+03
5.878515625000000000e+03
3.065683789062500000e+04
1.505987890625000000e+04
1.561049438476562500e+03
9.213119531250000000e+04
7.635763281250000000e+04
7.018225781250000000e+04
1.034358886718750000e+04
1.629685253906250000e+04
5.042947656250000000e+04
3.014744335937500000e+04
4.840076171875000000e+04
2.673829882812500000e+04
1.704206835937500000e+04
2.846424609375000000e+04
2.624733398437500000e+04
3.586558203125000000e+04
6.382444824218750000e+03
4.623427734375000000e+03
1.844579882812500000e+04
7.942477050781250000e+03
8.283972656250000000e+03
9.698471679687500000e+03
9.191179687500000000e+04
1.310210859375000000e+05
7.029223437500000000e+04
2.337870507812500000e+04
1.818461562500000000e+05
2.605213671875000000e+04
3.221748828125000000e+04
1.887636562500000000e+05
9.374820312500000000e+04
8.585051562500000000e+04
9.229942968750000000e+04
5.063912500000000000e+04
4.816587500000000000e+04
4.549917968750000000e+04
7.015206542968750000e+03
4.099387890625000000e+04
6.045541406250000000e+04
2.272676367187500000e+04
1.089417187500000000e+05
5.938238281250000000e+04
2.301997070312500000e+04
3.900542578125000000e+04
1.638896636962890625e+02
8.568778125000000000e+05
7.018225781250000000e+04
1.316184234619140625e+02
9.562302398681640625e+01
8.686805468750000000e+04
1.638896636962890625e+02
1.057543411254882812e+02
7.018225781250000000e+04
9.562302398681640625e+01
1.057543411254882812e+02
3.152448125000000000e+05
5.772554296875000000e+04
7.384950625000000000e+05
1.239464160156250000e+04
6.244735937500000000e+04
8.879521093750000000e+04
3.294587890625000000e+04
3.140256562500000000e+05
5.686126171875000000e+04
1.238269726562500000e+04
3.294361328125000000e+04
6.741640625000000000e+03
3.549267968750000000e+04
4.221282812500000000e+04
5.851076171875000000e+04
1.909969531250000000e+04
5.567142968750000000e+04
3.314104296875000000e+04
5.827789550781250000e+03
1.170584960937500000e+04
1.871627343750000000e+04
6.776666992187500000e+03
1.045746328125000000e+05
4.593262000000000000e+06
2.556939750000000000e+06
9.979650390625000000e+03
2.683255500000000000e+06
2.978886914062500000e+04
1.988296250000000000e+05
2.094557500000000000e+05
8.032242187500000000e+03
1.403204687500000000e+05
4.080736083984375000e+03
1.044918906250000000e+05
1.838170166015625000e+03
2.526412841796875000e+03
2.940493554687500000e+04
7.646952514648437500e+02
9.972383422851562500e+02
2.673320068359375000e+03
4.498179016113281250e+02
1.724184765625000000e+04
4.223698437500000000e+05
7.235647460937500000e+03
3.577477812500000000e+05
3.761378515625000000e+04
1.119093125000000000e+05
8.567817187500000000e+04
1.471963134765625000e+03
1.168741992187500000e+04
6.040619140625000000e+04
8.010606445312500000e+03
3.595050781250000000e+04
1.540225390625000000e+04
5.267520019531250000e+03
3.338065312500000000e+05
9.382190625000000000e+04
1.050631250000000000e+04
1.663569335937500000e+04
7.811437988281250000e+03
7.948941040039062500e+02
1.685937109375000000e+04
2.822000732421875000e+03
3.982819824218750000e+02
1.843184125000000000e+06
8.083535644531250000e+03
1.675462036132812500e+03
4.916890716552734375e+01
3.290211250000000000e+05
7.675256958007812500e+02
2.092283439636230469e+01
2.345190820312500000e+04
1.013546905517578125e+02
3.568840026855468750e+01
2.945947656250000000e+04
3.597074609375000000e+04
8.311855468750000000e+03
2.129010498046875000e+03
8.837395507812500000e+03
7.536978759765625000e+02
3.875343505859375000e+03
7.781354980468750000e+02
3.283142187500000000e+04
9.046362304687500000e+03
1.746319531250000000e+04
9.590133789062500000e+03
3.570957031250000000e+04
4.004950781250000000e+04
2.272339843750000000e+03
1.538498632812500000e+04
1.095303417968750000e+04
5.983494140625000000e+03
1.555508789062500000e+03
7.513149600000000000e+07
4.470935500000000000e+06
4.175469750000000000e+06
1.270928046875000000e+05
4.470935500000000000e+06
8.033630625000000000e+05
9.916126250000000000e+05
1.088920875000000000e+06
6.334483886718750000e+03
1.356613574218750000e+04
7.625064453125000000e+03
8.686805468750000000e+04
8.398358398437500000e+03
2.171344482421875000e+03
1.356613574218750000e+04
8.398358398437500000e+03
1.011163828125000000e+05
1.910862500000000000e+04
6.804085156250000000e+04
7.620552343750000000e+04
1.577864746093750000e+04
3.236441406250000000e+04
1.946981250000000000e+04
4.149041015625000000e+03
1.459147949218750000e+03
4.775834062500000000e+05
2.573260986328125000e+03
1.879553515625000000e+04
1.786826049804687500e+03
7.459811000000000000e+06
3.308364013671875000e+03
2.081223144531250000e+02
6.679177343750000000e+04
2.993146728515625000e+03
5.033384399414062500e+02
1.928279882812500000e+04
1.513177375000000000e+06
1.543338625000000000e+06
1.695322000000000000e+06
1.865683250000000000e+06
4.470935500000000000e+06
7.080843750000000000e+04
1.178977375000000000e+06
1.755889500000000000e+06
1.717636875000000000e+06
1.162589000000000000e+06
9.841206000000000000e+06
6.590912500000000000e+04
9.037660000000000000e+05
3.727314062500000000e+05
2.721217500000000000e+06
8.948849218750000000e+04
5.790600000000000000e+05
9.841206000000000000e+06
6.590912500000000000e+04
3.727314062500000000e+05
5.790600000000000000e+05
7.923009375000000000e+05
4.725037500000000000e+06
3.808786562500000000e+05
1.691730859375000000e+04
4.448577812500000000e+05
1.869819921875000000e+04
7.424192871093750000e+03
8.290154296875000000e+03
4.748237890625000000e+04
4.787848828125000000e+04
3.125924218750000000e+04
1.113003515625000000e+04
7.963397460937500000e+03
2.999567187500000000e+04
2.694814208984375000e+03
3.777691650390625000e+03
5.586948242187500000e+03
5.641579296875000000e+04
5.952515625000000000e+04
1.444582421875000000e+04
1.560221777343750000e+04
9.220336718750000000e+04
6.067588378906250000e+03
9.985762695312500000e+03
2.191226171875000000e+04
2.215034179687500000e+04
1.359945410156250000e+04
8.306944000000000000e+07
3.869002500000000000e+05
4.264388281250000000e+04
6.523088867187500000e+03
1.366364843750000000e+05
1.233914746093750000e+04
5.483192500000000000e+05
1.930863375000000000e+06
1.199942734375000000e+05
6.459070312500000000e+03
2.159223281250000000e+05
3.913817200000000000e+07
4.299768125000000000e+05
1.922484570312500000e+04
4.855690429687500000e+03
1.297376074218750000e+04
3.186006103515625000e+03
4.384766250000000000e+05
3.843879687500000000e+05
4.760289453125000000e+04
1.550919921875000000e+03
3.684022656250000000e+04
4.034507421875000000e+04
1.623850830078125000e+03
5.183685546875000000e+04
5.733637500000000000e+04
2.734848632812500000e+03
4.044139160156250000e+03
7.107308105468750000e+03
3.553740539550781250e+02
8.033630625000000000e+05
1.129293203125000000e+05
6.859524218750000000e+04
5.721118359375000000e+04
2.684568437500000000e+05
7.024740625000000000e+04
8.875685937500000000e+04
3.662206875000000000e+05
6.535518750000000000e+04
6.232705078125000000e+04
6.135021484375000000e+04
3.468448437500000000e+05
1.865683250000000000e+06
4.716461000000000000e+06
6.500982910156250000e+03
3.324906750000000000e+06
4.691575390625000000e+04
1.859770156250000000e+05
1.513433281250000000e+05
4.116908984375000000e+04
2.097055206298828125e+02
1.379092187500000000e+05
5.206755371093750000e+03
4.335077148437500000e+03
2.830292724609375000e+03
7.160556030273437500e+02
2.228694763183593750e+02
2.167572812500000000e+05
3.713073125000000000e+05
3.554650937500000000e+05
8.295859375000000000e+04
1.552087011718750000e+04
5.621761328125000000e+04
9.699071875000000000e+04
5.582029296875000000e+04
6.347828125000000000e+04
2.155841992187500000e+04
2.843874023437500000e+04
2.137958000000000000e+06
1.803999218750000000e+04
9.646552734375000000e+03
8.686805468750000000e+04
1.693637812500000000e+05
5.538512500000000000e+05
1.803999218750000000e+04
1.693637812500000000e+05
2.024215820312500000e+04
7.459811000000000000e+06
6.019925292968750000e+03
1.922625488281250000e+03
5.830458007812500000e+03
3.717635986328125000e+03
4.870125122070312500e+02
7.495832519531250000e+02
7.174873046875000000e+02
8.568778125000000000e+05
6.314233593750000000e+04
4.837967224121093750e+02
3.535401306152343750e+02
9.090207812500000000e+04
7.174873046875000000e+02
4.974032897949218750e+02
6.314233593750000000e+04
3.535401306152343750e+02
4.974032897949218750e+02
5.843703613281250000e+03
7.285438964843750000e+03
1.663042968750000000e+04
8.507532812500000000e+04
6.181357421875000000e+03
7.935593261718750000e+03
1.663042968750000000e+04
7.935593261718750000e+03
4.570466796875000000e+03
7.468767500000000000e+05
1.543338625000000000e+06
1.266296796875000000e+05
1.524260781250000000e+05
2.484826250000000000e+06
2.289242675781250000e+03
9.954404687500000000e+04
1.267700875000000000e+06
1.994607343750000000e+05
1.142996250000000000e+05
5.193503125000000000e+04
3.761378515625000000e+04
5.230813671875000000e+04
3.282992187500000000e+04
8.790378906250000000e+03
2.823586132812500000e+04
8.229554687500000000e+03
4.480268554687500000e+03
5.339023046875000000e+04
2.384767382812500000e+04
6.737183593750000000e+04
5.775825683593750000e+03
9.321054687500000000e+04
5.184145312500000000e+04
6.775994628906250000e+03
1.489598750000000000e+05
1.888764648437500000e+04
1.225938085937500000e+04
1.553661425781250000e+04
1.356890527343750000e+04
1.540225390625000000e+04
7.814858886718750000e+03
8.442160156250000000e+03
5.799292968750000000e+03
3.761378515625000000e+04
3.037630615234375000e+03
2.728940429687500000e+03
1.802598388671875000e+03
1.273697998046875000e+03
4.388536376953125000e+02
1.859466250000000000e+06
6.040642578125000000e+04
1.361322363281250000e+04
5.767189062500000000e+04
1.488890000000000000e+05
2.600226250000000000e+05
3.006997070312500000e+04
8.606332031250000000e+04
2.957181640625000000e+03
1.006851812500000000e+06
6.848899902343750000e+03
1.100559453125000000e+05
1.307163696289062500e+03
2.789117500000000000e+05
1.631716064453125000e+03
6.717942047119140625e+01
1.351190234375000000e+04
4.547436523437500000e+03
6.859428405761718750e+01
6.139222167968750000e+03
6.995976074218750000e+03
1.868556054687500000e+04
7.301089062500000000e+04
5.959855468750000000e+03
8.876812500000000000e+03
1.852208007812500000e+04
6.617339843750000000e+03
4.521731000000000000e+06
7.448921093750000000e+04
2.681879687500000000e+04
3.549267968750000000e+04
7.441036621093750000e+03
6.455496484375000000e+04
6.299034375000000000e+04
1.417830625000000000e+05
5.803881250000000000e+04
3.417362109375000000e+04
1.989079882812500000e+04
1.846542875000000000e+06
4.672892187500000000e+04
1.806055781250000000e+05
3.549267968750000000e+04
5.325028515625000000e+04
8.913374218750000000e+04
6.359091796875000000e+04
2.185519250000000000e+06
4.987760937500000000e+04
3.367059375000000000e+04
6.568028906250000000e+04
5.891053906250000000e+04
1.629809667968750000e+04
9.340965820312500000e+03
3.469375390625000000e+04
1.464898437500000000e+04
6.478110351562500000e+03
2.570929882812500000e+04
2.238932226562500000e+04
3.208750312500000000e+05
8.958685937500000000e+04
1.061628808593750000e+04
5.059282812500000000e+04
3.114111132812500000e+04
2.101026367187500000e+03
2.619521875000000000e+04
9.327985351562500000e+03
1.430134218750000000e+05
1.847588958740234375e+02
3.083024597167968750e+02
5.724650000000000000e+04
1.847588958740234375e+02
2.832695800781250000e+03
1.857904968261718750e+02
9.652536010742187500e+01
1.185876660156250000e+04
1.153974023437500000e+04
1.075189648437500000e+04
2.058081445312500000e+04
1.279112402343750000e+04
5.506608593750000000e+04
5.704093261718750000e+03
1.719902221679687500e+03
9.018811523437500000e+03
3.723246826171875000e+03
7.613562622070312500e+02
6.036364375000000000e+05
1.129293203125000000e+05
7.018225781250000000e+04
5.343714062500000000e+04
2.313076250000000000e+05
7.296745312500000000e+04
7.966102343750000000e+04
2.955787812500000000e+05
6.717864843750000000e+04
5.964432031250000000e+04
5.701602343750000000e+04
8.032242187500000000e+03
1.513177375000000000e+06
1.911327148437500000e+04
9.868700000000000000e+04
9.948736328125000000e+03
7.459811000000000000e+06
8.286461914062500000e+03
2.064485351562500000e+03
1.291544609375000000e+05
1.066407519531250000e+04
1.978808593750000000e+03
9.824166015625000000e+03
2.767738281250000000e+04
1.180812597656250000e+04
1.468867480468750000e+04
2.063213085937500000e+04
4.055403564453125000e+03
3.012362060546875000e+03
1.270284790039062500e+03
2.543790527343750000e+03
4.914252624511718750e+02
1.846266021728515625e+02
2.237158593750000000e+04
6.681031250000000000e+04
7.018225781250000000e+04
7.026362792968750000e+03
3.809428906250000000e+04
4.827505078125000000e+04
1.013569140625000000e+04
5.600650000000000000e+04
1.504996093750000000e+05
2.292473242187500000e+04
3.401400390625000000e+04
6.135032500000000000e+06
6.409066015625000000e+04
1.243867734375000000e+05
3.549267968750000000e+04
6.383865625000000000e+04
8.686805468750000000e+04
8.145803906250000000e+04
6.135032500000000000e+06
6.409066015625000000e+04
3.549267968750000000e+04
8.145803906250000000e+04
1.380218593750000000e+05
6.074078125000000000e+04
6.879460156250000000e+04
2.897605273437500000e+04
9.965081250000000000e+04
5.758840234375000000e+04
2.983191406250000000e+04
1.622984218750000000e+05
3.071850390625000000e+04
1.866646484375000000e+04
3.578968750000000000e+04
1.814417875000000000e+06
4.476882031250000000e+04
8.704735351562500000e+03
9.230772460937500000e+03
1.052978271484375000e+03
4.903537890625000000e+04
7.221418750000000000e+04
6.186058593750000000e+03
1.715818750000000000e+04
1.886377319335937500e+03
5.504645019531250000e+03
4.021960546875000000e+04
8.141475097656250000e+03
6.434775390625000000e+03
4.047635253906250000e+03
3.256128173828125000e+03
3.050943115234375000e+03
1.156817089843750000e+04
2.372015625000000000e+03
7.729260800000000000e+07
6.454025000000000000e+04
3.962883203125000000e+04
7.018225781250000000e+04
3.525966250000000000e+05
5.701161328125000000e+04
2.361990000000000000e+06
1.571146500000000000e+06
1.692841210937500000e+04
1.387670312500000000e+05
1.853795312500000000e+05
1.563706152343750000e+04
3.858110839843750000e+03
1.543338625000000000e+06
6.418414062500000000e+03
9.284555468750000000e+04
1.073458359375000000e+05
1.049383056640625000e+03
6.546260546875000000e+04
6.337490234375000000e+04
1.214222558593750000e+04
6.446244140625000000e+03
9.653915039062500000e+03
1.297606347656250000e+04
6.569832031250000000e+03
8.632925781250000000e+03
8.045538085937500000e+03
5.642424218750000000e+04
8.152741699218750000e+03
1.133396679687500000e+04
1.012881152343750000e+04
1.109802343750000000e+04
7.973125976562500000e+03
8.624641875000000000e+05
7.459811000000000000e+06
2.256590781250000000e+05
2.941582031250000000e+04
2.197564375000000000e+05
5.124748437500000000e+04
5.666009765625000000e+03
8.018486816406250000e+03
4.998045703125000000e+04
7.562452343750000000e+04
7.051488281250000000e+04
1.880397851562500000e+04
6.729419531250000000e+04
4.993076953125000000e+04
1.019134277343750000e+04
8.223037500000000000e+04
3.022629882812500000e+04
3.067309765625000000e+04
1.547158105468750000e+04
8.522830078125000000e+03
3.462355250000000000e+06
5.296697265625000000e+03
9.868700000000000000e+04
7.864838867187500000e+03
6.054496500000000000e+06
1.133939453125000000e+04
6.639078979492187500e+02
8.776823437500000000e+04
9.242630859375000000e+03
1.483471313476562500e+03
1.465043750000000000e+05
1.014054687500000000e+04
1.468031347656250000e+04
1.181000000000000000e+05
6.452351171875000000e+04
7.290930468750000000e+04
8.038610839843750000e+03
1.512871972656250000e+04
1.563426635742187500e+03
1.037780957031250000e+04
1.625453125000000000e+03
1.531889400000000000e+07
4.672892187500000000e+04
3.931818359375000000e+04
2.590054492187500000e+04
3.957233203125000000e+04
6.108311718750000000e+04
2.644332250000000000e+06
2.871702187500000000e+05
5.315793750000000000e+04
5.192710546875000000e+04
1.433188593750000000e+05
9.363515625000000000e+03
5.128410546875000000e+04
1.345464687500000000e+05
5.059639453125000000e+04
2.785023242187500000e+04
3.073368359375000000e+04
7.803332031250000000e+04
1.923075000000000000e+04
1.282823828125000000e+04
1.425045507812500000e+04
3.908571289062500000e+03
3.438802734375000000e+03
3.010676025390625000e+03
3.433957763671875000e+03
6.658320312500000000e+02
5.955183105468750000e+02
1.711978906250000000e+04
9.948736328125000000e+03
2.514393945312500000e+04
1.141675683593750000e+04
5.644955566406250000e+03
9.477616210937500000e+03
3.050242187500000000e+03
3.604308593750000000e+03
1.412968017578125000e+03
1.513177375000000000e+06
1.543338625000000000e+06
4.881179296875000000e+04
7.040871093750000000e+04
4.470935500000000000e+06
1.756785034179687500e+03
5.777907421875000000e+04
1.755889500000000000e+06
6.470862890625000000e+04
5.255439843750000000e+04
7.179042968750000000e+04
2.505680273437500000e+04
8.965805468750000000e+04
5.540543750000000000e+04
1.789432031250000000e+04
1.475227246093750000e+04
3.782270703125000000e+04
1.370796679687500000e+04
2.041618400000000000e+07
4.272151171875000000e+04
1.137176660156250000e+04
3.215425390625000000e+04
6.285514843750000000e+04
6.094613671875000000e+04
2.873989500000000000e+06
6.142865625000000000e+05
2.772538281250000000e+04
6.371177734375000000e+04
2.850697187500000000e+05
1.935841500000000000e+06
7.448921093750000000e+04
1.474438281250000000e+04
1.075618774414062500e+03
2.350851953125000000e+04
7.793864843750000000e+04
9.030983593750000000e+04
4.057697500000000000e+05
3.308991015625000000e+04
1.101413964843750000e+04
1.609615468750000000e+05
3.926827392578125000e+03
2.069219750000000000e+06
9.416438750000000000e+05
2.986098437500000000e+05
5.790915625000000000e+04
1.548321500000000000e+06
9.490606445312500000e+03
2.505221484375000000e+04
6.659604375000000000e+05
6.031575781250000000e+04
2.997556640625000000e+04
1.191762500000000000e+04
1.928279882812500000e+04
2.365513250000000000e+06
1.801528515625000000e+04
1.368635875000000000e+06
2.967697750000000000e+06
3.749858886718750000e+03
5.749604375000000000e+05
1.517067250000000000e+06
9.350477500000000000e+05
4.203866875000000000e+05
4.212837500000000000e+04
1.501105175781250000e+04
2.858742904663085938e+01
6.999334812164306641e+00
1.827785937500000000e+04
1.507795143127441406e+01
2.858742904663085938e+01
1.507795143127441406e+01
1.540225390625000000e+04
1.507190375000000000e+06
5.174124023437500000e+03
1.695322000000000000e+06
1.019180957031250000e+04
3.260760937500000000e+05
8.466569531250000000e+04
7.832991943359375000e+02
5.344901953125000000e+04
1.167387402343750000e+04
2.430643798828125000e+03
7.667875976562500000e+03
3.549267968750000000e+04
3.607115478515625000e+03
1.159014687500000000e+05
3.453207031250000000e+04
5.230733593750000000e+04
2.735797265625000000e+04
2.930445800781250000e+03
4.954063964843750000e+03
8.006567968750000000e+04
8.579718750000000000e+03
3.956663574218750000e+03
7.253758300781250000e+03
1.096441699218750000e+04
2.857478027343750000e+03
1.169578247070312500e+03
1.359372436523437500e+03
3.298949951171875000e+03
6.895411376953125000e+02
2.902819375000000000e+05
6.905207031250000000e+04
4.024907421875000000e+04
3.750124023437500000e+03
3.664766845703125000e+03
7.162152343750000000e+04
6.370989843750000000e+04
3.036017773437500000e+04
7.248888671875000000e+03
1.124463134765625000e+03
1.351493066406250000e+04
3.531528125000000000e+04
4.072982031250000000e+04
1.732067968750000000e+04
5.613719531250000000e+04
1.136940234375000000e+04
4.092583007812500000e+03
2.962279687500000000e+04
8.003076171875000000e+03
8.903714062500000000e+04
1.355822187500000000e+05
4.000301562500000000e+05
8.686805468750000000e+04
4.559730859375000000e+04
4.607351171875000000e+04
4.000301562500000000e+05
4.607351171875000000e+04
1.091004785156250000e+04
1.812959472656250000e+03
6.973424804687500000e+03
1.177426464843750000e+04
4.025567578125000000e+04
1.786826049804687500e+03
2.542322753906250000e+03
2.689170410156250000e+03
2.922557678222656250e+02
2.585287841796875000e+03
4.795017700195312500e+02
1.536919238281250000e+04
4.520558203125000000e+04
7.189121875000000000e+04
9.290419531250000000e+04
6.843446777343750000e+03
2.783951660156250000e+03
7.189121875000000000e+04
2.783951660156250000e+03
6.800017187500000000e+04
7.649248535156250000e+03
2.033195312500000000e+04
2.670315429687500000e+04
9.616228515625000000e+03
9.734262695312500000e+03
2.487114648437500000e+04
1.180624511718750000e+04
2.066945117187500000e+04
2.322600585937500000e+04
1.157780781250000000e+05
4.989987890625000000e+04
8.667652343750000000e+03
2.861471093750000000e+04
3.304563281250000000e+04
5.054410644531250000e+03
1.571075878906250000e+04
7.052363281250000000e+04
7.018225781250000000e+04
3.789475585937500000e+03
1.718979882812500000e+04
4.978066406250000000e+04
6.538387207031250000e+03
1.665229882812500000e+04
1.598164843750000000e+05
1.374346972656250000e+04
1.673662304687500000e+04
5.373389648437500000e+03
1.507190375000000000e+06
4.655170898437500000e+03
1.573527625000000000e+06
3.643184082031250000e+03
2.857629687500000000e+05
1.307822949218750000e+04
3.770585632324218750e+02
4.950172265625000000e+04
3.055207275390625000e+03
6.682374267578125000e+02
1.888908789062500000e+04
6.425928125000000000e+05
5.566076171875000000e+04
2.130308007812500000e+04
9.730715820312500000e+03
8.801197656250000000e+04
1.888908789062500000e+04
3.561045166015625000e+03
5.566076171875000000e+04
9.730715820312500000e+03
3.561045166015625000e+03
7.712315625000000000e+04
3.761378515625000000e+04
4.228551953125000000e+04
4.118633203125000000e+04
5.237974121093750000e+03
2.570638085937500000e+04
3.449270019531250000e+03
3.510435302734375000e+03
3.858118750000000000e+06
5.523391796875000000e+04
6.435763183593750000e+03
5.577819531250000000e+04
8.842151367187500000e+03
2.028765625000000000e+05
2.030084960937500000e+03
2.811162597656250000e+03
7.684304687500000000e+03
6.880439453125000000e+03
2.101334472656250000e+03
3.186766357421875000e+03
1.409829467773437500e+03
4.103281738281250000e+03
1.214358764648437500e+03
1.794057861328125000e+03
2.784672656250000000e+04
1.836512109375000000e+04
1.808936718750000000e+04
7.302517187500000000e+04
4.362126464843750000e+03
2.232199951171875000e+03
1.742110742187500000e+04
2.210747314453125000e+03
5.359684375000000000e+04
5.847154785156250000e+03
3.343724609375000000e+04
1.741629101562500000e+04
3.520717773437500000e+03
4.592777343750000000e+03
1.440634643554687500e+03
3.482227783203125000e+02
1.678454687500000000e+04
1.855275195312500000e+04
6.653607031250000000e+04
1.587054394531250000e+04
3.989613769531250000e+03
1.590411254882812500e+03
4.721807031250000000e+04
1.448804931640625000e+03
2.336423200000000000e+07
4.873560156250000000e+04
7.150744628906250000e+03
6.250133593750000000e+04
4.583785156250000000e+04
5.219158203125000000e+04
8.677697000000000000e+06
5.461509765625000000e+04
2.352464453125000000e+04
3.751483593750000000e+04
5.800743359375000000e+04
3.342835156250000000e+04
7.814858886718750000e+03
1.150937578125000000e+05
1.825879687500000000e+04
7.384516113281250000e+03
3.312911621093750000e+03
2.859147949218750000e+03
4.946704101562500000e+02
2.234614648437500000e+04
1.928279882812500000e+04
1.738638476562500000e+04
5.393562500000000000e+04
6.220750781250000000e+04
4.472528906250000000e+04
5.345859863281250000e+03
7.254824218750000000e+03
2.548913818359375000e+03
5.163411132812500000e+03
8.982708740234375000e+02
1.430134218750000000e+05
7.649248535156250000e+03
6.493935156250000000e+04
5.311926953125000000e+04
7.649248535156250000e+03
2.459493896484375000e+03
9.398759765625000000e+03
1.170823730468750000e+03
2.111846875000000000e+04
7.588106250000000000e+04
5.952515625000000000e+04
1.043072949218750000e+04
2.935573437500000000e+04
4.847231250000000000e+04
1.503579687500000000e+04
2.336760546875000000e+04
9.746853125000000000e+04
3.104328906250000000e+04
3.856632031250000000e+04
3.334305078125000000e+04
9.990069531250000000e+04
6.929390625000000000e+04
3.529026562500000000e+04
1.634828710937500000e+04
7.658416406250000000e+04
2.222940820312500000e+04
5.505611328125000000e+03
1.043756562500000000e+05
7.274017089843750000e+03
2.490736083984375000e+03
5.231188476562500000e+03
1.122383398437500000e+04
5.047492675781250000e+03
5.619128906250000000e+04
4.645292480468750000e+03
1.154451171875000000e+03
8.138042968750000000e+03
2.368819091796875000e+03
9.645350000000000000e+04
1.071457226562500000e+04
8.318279296875000000e+03
7.755508593750000000e+04
5.061604492187500000e+03
4.639052343750000000e+04
5.601082519531250000e+03
2.710576171875000000e+03
1.638092285156250000e+03
4.326538085937500000e+03
4.000873437500000000e+04
1.321016015625000000e+04
2.924009033203125000e+03
5.545200390625000000e+04
5.148881835937500000e+03
2.152399902343750000e+03
7.406390136718750000e+03
6.669903320312500000e+03
3.079374267578125000e+03
1.913687304687500000e+04
3.060393250000000000e+06
2.286681000000000000e+06
2.812876708984375000e+03
1.464345250000000000e+06
5.815617187500000000e+03
1.910754843750000000e+05
1.781701406250000000e+05
2.711109750000000000e+06
3.936969921875000000e+04
1.070015859375000000e+05
1.136308300781250000e+04
4.851148828125000000e+04
8.462250781250000000e+04
7.111634375000000000e+05
2.711109750000000000e+06
3.936969921875000000e+04
1.136308300781250000e+04
7.111634375000000000e+05
4.260144921875000000e+04
3.255158935546875000e+03
7.814858886718750000e+03
7.606737792968750000e+03
1.429306718750000000e+05
1.533050781250000000e+03
1.197295532226562500e+03
5.523379394531250000e+03
3.633214111328125000e+02
4.917029113769531250e+02
1.075113067626953125e+02
1.996192968750000000e+04
7.270544531250000000e+04
5.952515625000000000e+04
2.397782812500000000e+04
1.415632128906250000e+04
5.099061718750000000e+04
1.432691992187500000e+04
3.433066650390625000e+03
5.181436718750000000e+04
4.249872070312500000e+03
2.025049072265625000e+03
6.761921093750000000e+04
1.928279882812500000e+04
1.911327148437500000e+04
3.247061328125000000e+04
2.398281445312500000e+04
3.761378515625000000e+04
6.735656250000000000e+03
6.651225585937500000e+03
2.220951171875000000e+03
3.876404785156250000e+03
7.785970458984375000e+02
3.221014843750000000e+04
9.686241406250000000e+04
6.734395312500000000e+04
1.532953515625000000e+04
1.251539160156250000e+04
5.767931640625000000e+04
1.193427636718750000e+04
5.323999023437500000e+03
2.198235000000000000e+05
1.168143652343750000e+04
5.143300781250000000e+03
2.590889257812500000e+04
3.662694921875000000e+04
2.931997656250000000e+04
8.874017968750000000e+04
1.616482519531250000e+04
9.963996093750000000e+03
3.550087109375000000e+04
1.588628027343750000e+04
3.922838750000000000e+05
1.292127265625000000e+05
2.686745312500000000e+05
8.964266406250000000e+04
2.206575625000000000e+05
6.981654687500000000e+04
2.702284375000000000e+05
7.093848437500000000e+04
1.791404400000000000e+07
4.784115234375000000e+04
4.923740234375000000e+04
6.978453125000000000e+04
4.187968750000000000e+04
6.015221484375000000e+04
1.390253750000000000e+06
2.624644375000000000e+05
6.197703906250000000e+04
9.178347656250000000e+04
2.034908125000000000e+05
5.862867578125000000e+04
1.911327148437500000e+04
3.495606640625000000e+04
2.778878515625000000e+04
6.567701660156250000e+03
5.166430664062500000e+03
2.625007812500000000e+03
4.568287963867187500e+02
7.028731200000000000e+07
7.448921093750000000e+04
1.305942187500000000e+04
7.018225781250000000e+04
1.005255390625000000e+05
9.187972656250000000e+04
1.563562125000000000e+06
2.959530000000000000e+06
2.633373828125000000e+04
1.827944843750000000e+05
9.028063125000000000e+05
3.045208740234375000e+03
3.549267968750000000e+04
5.441769042968750000e+03
6.859647656250000000e+04
1.154797656250000000e+04
5.038573046875000000e+04
1.455752148437500000e+04
1.119319335937500000e+03
6.267323242187500000e+03
2.824396679687500000e+04
6.508806152343750000e+03
9.102160156250000000e+03
2.354978906250000000e+04
4.084587402343750000e+03
3.514155078125000000e+04
3.838523828125000000e+04
8.629953125000000000e+04
9.102160156250000000e+03
1.210369921875000000e+04
4.084587402343750000e+03
3.838523828125000000e+04
1.210369921875000000e+04
6.477616400000000000e+07
5.974508593750000000e+04
3.178306054687500000e+04
7.018225781250000000e+04
1.138321875000000000e+05
7.287607031250000000e+04
2.237368750000000000e+06
3.284787187500000000e+05
4.007720703125000000e+04
6.773538281250000000e+04
5.544238671875000000e+04
3.621675781250000000e+03
2.433058437500000000e+05
2.030439843750000000e+04
1.150634082031250000e+04
5.721674609375000000e+04
4.087060156250000000e+04
2.523058593750000000e+03
3.621675781250000000e+03
2.433058437500000000e+05
1.150634082031250000e+04
2.523058593750000000e+03
2.068649023437500000e+04
6.887944824218750000e+03
1.203191308593750000e+04
4.389998535156250000e+03
6.527849609375000000e+03
5.262031250000000000e+03
1.322737915039062500e+03
3.945176025390625000e+03
4.334537353515625000e+02
2.923331909179687500e+02
1.345797119140625000e+02
1.481017500000000000e+05
3.543873437500000000e+05
5.239925390625000000e+04
5.958843750000000000e+03
2.935573437500000000e+04
8.804221093750000000e+04
1.258284140625000000e+05
1.357212812500000000e+05
7.104782031250000000e+04
2.841472070312500000e+04
1.570681250000000000e+05
2.477037500000000000e+04
7.459811000000000000e+06
3.729909179687500000e+03
4.221797851562500000e+03
4.342353027343750000e+03
6.060444335937500000e+03
1.158850585937500000e+03
1.602251220703125000e+03
1.939672400000000000e+07
7.448921093750000000e+04
6.917810625000000000e+05
5.952515625000000000e+04
1.070577265625000000e+05
9.176850781250000000e+04
2.237757000000000000e+06
1.520208900000000000e+07
5.868310546875000000e+04
5.261578906250000000e+04
1.905243875000000000e+06
2.013196800000000000e+07
4.219890234375000000e+04
9.475961685180664062e+00
6.643917968750000000e+04
2.249601936340332031e+01
1.231843948364257812e+01
6.054750625000000000e+05
3.697048950195312500e+01
2.377297019958496094e+01
3.721304702758789062e+01
1.027538452148437500e+02
2.433152539062500000e+04
1.543338625000000000e+06
2.312544687500000000e+05
1.083673828125000000e+04
1.459395937500000000e+05
5.637105468750000000e+03
6.760128125000000000e+04
4.063685937500000000e+04
1.248923500000000000e+07
6.781178125000000000e+04
1.396396406250000000e+05
2.962246093750000000e+04
9.040772656250000000e+04
8.652723437500000000e+04
1.262928375000000000e+06
1.248923500000000000e+07
6.781178125000000000e+04
2.962246093750000000e+04
1.262928375000000000e+06
5.444103906250000000e+04
7.649248535156250000e+03
5.174696093750000000e+04
7.257724609375000000e+02
1.413945410156250000e+04
1.646753540039062500e+02
2.533807373046875000e+03
4.463537597656250000e+02
7.534814843750000000e+04
2.089129375000000000e+05
2.010335625000000000e+05
5.181896093750000000e+04
1.359954375000000000e+05
5.042471875000000000e+04
8.187229687500000000e+04
7.580880468750000000e+04
1.881529218750000000e+05
7.796428906250000000e+04
7.646498437500000000e+04
3.086957812500000000e+05
3.415925000000000000e+04
2.296124267578125000e+03
5.923148046875000000e+04
8.486973266601562500e+02
6.668650000000000000e+04
2.082346435546875000e+03
1.188120605468750000e+03
1.201244433593750000e+04
1.012994140625000000e+04
4.456152832031250000e+03
9.896740234375000000e+03
1.148773681640625000e+03
1.179276367187500000e+04
2.207764648437500000e+03
2.142778808593750000e+03
7.171515136718750000e+03
1.069458203125000000e+04
1.006867614746093750e+03
7.295702343750000000e+04
1.198781718750000000e+05
9.110168750000000000e+04
7.171515136718750000e+03
9.071625976562500000e+03
1.006867614746093750e+03
1.198781718750000000e+05
9.071625976562500000e+03
4.521731000000000000e+06
7.448921093750000000e+04
1.661413085937500000e+04
3.549267968750000000e+04
4.981234375000000000e+03
3.351866406250000000e+04
6.299034375000000000e+04
4.865572265625000000e+04
1.791527343750000000e+04
8.385871093750000000e+03
9.052006835937500000e+03
1.016288281250000000e+04
2.980427148437500000e+04
8.328217187500000000e+04
1.415535058593750000e+04
6.586514062500000000e+04
5.981139453125000000e+04
4.118391113281250000e+03
2.385008398437500000e+04
4.983771484375000000e+04
4.000606250000000000e+04
1.697075195312500000e+04
2.746808437500000000e+05
3.434907958984375000e+03
2.030439843750000000e+04
3.549267968750000000e+04
6.383865625000000000e+04
8.686805468750000000e+04
1.400158203125000000e+04
2.746808437500000000e+05
3.434907958984375000e+03
3.549267968750000000e+04
1.400158203125000000e+04
6.911623437500000000e+04
2.169227148437500000e+04
8.328217187500000000e+04
7.302846191406250000e+03
4.509660644531250000e+03
7.305400781250000000e+04
2.226103906250000000e+04
9.191133789062500000e+03
3.467331250000000000e+04
2.334500244140625000e+03
3.733023437500000000e+03
1.822166250000000000e+05
1.911327148437500000e+04
4.596550390625000000e+04
1.296708515625000000e+05
6.991526367187500000e+03
3.137175000000000000e+04
4.219366699218750000e+03
6.539657592773437500e+02
1.411172851562500000e+04
9.393014843750000000e+04
2.488191601562500000e+04
5.961975390625000000e+04
3.256893164062500000e+04
9.058196875000000000e+04
1.463958496093750000e+04
2.974135986328125000e+03
2.497625781250000000e+04
3.173762500000000000e+04
2.983069580078125000e+03
1.471288281250000000e+05
1.305441000000000000e+06
2.477951750000000000e+06
2.336802929687500000e+04
8.609471875000000000e+05
1.013802246093750000e+04
1.202018125000000000e+05
8.399078125000000000e+04
9.013005000000000000e+06
6.878489062500000000e+04
3.845309375000000000e+04
3.713073125000000000e+05
8.488808125000000000e+05
7.828586718750000000e+04
5.128518125000000000e+05
2.286463000000000000e+06
4.185740625000000000e+04
1.423932500000000000e+05
1.913028281250000000e+05
1.838795898437500000e+04
1.447109750000000000e+06
1.520560750000000000e+06
1.695322000000000000e+06
1.865683250000000000e+06
4.470935500000000000e+06
6.814813281250000000e+04
1.163768000000000000e+06
1.730040750000000000e+06
1.717636875000000000e+06
1.145551750000000000e+06
1.540225390625000000e+04
1.724132625000000000e+06
7.814858886718750000e+03
2.940896250000000000e+05
3.761378515625000000e+04
5.729233000000000000e+06
5.249018750000000000e+04
1.802598388671875000e+03
1.898792656250000000e+05
4.460696093750000000e+04
2.779406250000000000e+03
1.085802050781250000e+04
2.592414453125000000e+04
4.513996875000000000e+04
5.547310937500000000e+04
3.884937744140625000e+03
6.661161132812500000e+03
4.068292578125000000e+04
5.231771972656250000e+03
9.054068125000000000e+05
6.039294531250000000e+04
1.426863769531250000e+04
7.868252500000000000e+05
3.713073125000000000e+05
7.296745312500000000e+04
3.808662812500000000e+05
1.224318203125000000e+05
2.259113867187500000e+04
1.353496718750000000e+05
8.038625781250000000e+04
3.744998828125000000e+04
1.189930875000000000e+06
6.385547500000000000e+06
2.909226953125000000e+04
1.000271937500000000e+06
8.552731445312500000e+03
1.655100875000000000e+06
2.808209375000000000e+05
4.439167200000000000e+07
4.570269500000000000e+06
8.618730000000000000e+05
6.117621875000000000e+04
2.929268750000000000e+05
5.617457421875000000e+04
9.182045000000000000e+06
4.710198400000000000e+07
4.667153000000000000e+06
6.618185937500000000e+04
9.888377000000000000e+06
4.717344726562500000e+03
6.634673437500000000e+04
4.186455566406250000e+03
3.422671386718750000e+03
5.812688964843750000e+03
5.984151953125000000e+04
8.344320312500000000e+03
2.571468017578125000e+03
3.689314453125000000e+04
1.859578125000000000e+04
1.861373828125000000e+04
7.828323730468750000e+03
1.745360546875000000e+04
2.511249609375000000e+04
8.686805468750000000e+04
6.156526367187500000e+03
8.937188476562500000e+03
2.511249609375000000e+04
8.937188476562500000e+03
2.108689062500000000e+04
8.091357421875000000e+03
7.814858886718750000e+03
5.671968359375000000e+04
5.965962500000000000e+04
9.948736328125000000e+03
3.686825927734375000e+03
3.575498046875000000e+03
1.603954589843750000e+03
1.153358886718750000e+04
8.281058959960937500e+02
2.376092968750000000e+04
1.988288750000000000e+05
4.141264843750000000e+04
3.332731640625000000e+04
1.254896582031250000e+04
9.419890625000000000e+04
1.329262695312500000e+04
4.173182128906250000e+03
3.286626171875000000e+04
5.826761230468750000e+03
2.267041992187500000e+03
1.015288906250000000e+05
1.514000781250000000e+04
2.550953515625000000e+04
3.525964843750000000e+04
6.755989257812500000e+03
2.015387500000000000e+04
6.394900781250000000e+04
1.152573730468750000e+04
6.723616000000000000e+07
6.956916406250000000e+04
2.051635937500000000e+04
7.018225781250000000e+04
4.178899609375000000e+04
6.004096093750000000e+04
1.522310750000000000e+06
1.711968750000000000e+05
3.886736328125000000e+04
9.797477343750000000e+04
1.325052343750000000e+05
2.381406250000000000e+04
5.165149414062500000e+03
2.312985156250000000e+04
2.569302148437500000e+04
2.103497558593750000e+03
4.460908203125000000e+03
1.054832226562500000e+04
1.558545776367187500e+03
1.215275859375000000e+05
4.288700781250000000e+04
7.018225781250000000e+04
9.692396484375000000e+03
3.549267968750000000e+04
7.533817187500000000e+04
1.825569921875000000e+04
1.496400976562500000e+04
1.129110078125000000e+05
1.769457226562500000e+04
9.032749023437500000e+03
7.028731200000000000e+07
5.581901562500000000e+04
1.577696718750000000e+05
5.930021093750000000e+04
3.369685937500000000e+05
5.180887890625000000e+04
1.030635250000000000e+06
3.908118750000000000e+06
1.301471972656250000e+04
1.169893203125000000e+05
1.593310000000000000e+05
3.534365234375000000e+04
1.556301406250000000e+05
9.037660000000000000e+05
2.248527343750000000e+03
2.474636132812500000e+04
1.535306250000000000e+04
6.779770507812500000e+03
3.534365234375000000e+04
1.556301406250000000e+05
2.248527343750000000e+03
6.779770507812500000e+03
1.446667089843750000e+04
5.325846093750000000e+04
8.720258750000000000e+05
7.851795312500000000e+04
1.426251375000000000e+06
8.030942500000000000e+05
9.968796875000000000e+03
7.515732500000000000e+05
4.545239375000000000e+05
4.444201562500000000e+05
3.321501875000000000e+05
9.294035156250000000e+03
1.904007617187500000e+04
4.153686035156250000e+03
3.348862890625000000e+04
4.175981933593750000e+03
1.509904296875000000e+03
1.100975976562500000e+04
3.760964599609375000e+03
2.350629150390625000e+03
8.476712646484375000e+02
1.709144287109375000e+03
7.296745312500000000e+04
5.319782104492187500e+02
7.284600219726562500e+02
1.834217407226562500e+03
7.850015869140625000e+02
4.942082421875000000e+04
2.266859765625000000e+04
1.680379218750000000e+05
1.887001953125000000e+04
1.940981445312500000e+04
6.517198730468750000e+03
8.411256835937500000e+03
7.557236816406250000e+03
2.169576757812500000e+04
2.263882812500000000e+05
6.991056250000000000e+04
8.949882031250000000e+04
2.256706445312500000e+04
2.050180419921875000e+03
2.263882812500000000e+05
2.256706445312500000e+04
2.109316796875000000e+04
1.545167480468750000e+04
1.413257910156250000e+04
8.933074218750000000e+04
1.464320117187500000e+04
8.957003906250000000e+03
1.413257910156250000e+04
8.957003906250000000e+03
2.831641845703125000e+03
2.127363867187500000e+04
4.092797607421875000e+03
3.134838867187500000e+04
6.110810937500000000e+04
5.533646484375000000e+04
4.054548828125000000e+03
5.472505859375000000e+03
3.488729003906250000e+03
2.888828125000000000e+04
6.381397460937500000e+03
5.744207519531250000e+03
2.373826904296875000e+03
3.324249375000000000e+05
4.346566015625000000e+04
3.036683105468750000e+03
8.782723999023437500e+02
7.080255468750000000e+04
6.362833251953125000e+02
9.844758750000000000e+05
4.013756250000000000e+06
4.309144062500000000e+05
2.160219726562500000e+04
3.675190937500000000e+05
3.943068359375000000e+04
6.027164550781250000e+03
1.210605468750000000e+04
5.816288452148437500e+02
3.853517812500000000e+05
2.561635742187500000e+03
2.144877187500000000e+05
2.015091601562500000e+04
4.307129296875000000e+04
3.380371582031250000e+03
1.913077636718750000e+03
4.866377929687500000e+03
1.615493164062500000e+04
9.594262695312500000e+02
1.739461132812500000e+04
4.521731000000000000e+06
9.070048125000000000e+05
2.044736694335937500e+03
1.533357128906250000e+04
6.406572656250000000e+04
4.002024658203125000e+03
1.739767968750000000e+04
4.512413000000000000e+06
2.046989257812500000e+03
4.004262207031250000e+03
8.032242187500000000e+03
7.200512500000000000e+04
1.844976250000000000e+06
5.260721093750000000e+04
1.055919625000000000e+06
2.350462500000000000e+06
7.787060058593750000e+03
5.358535625000000000e+05
1.484157500000000000e+06
5.559585625000000000e+05
3.979772500000000000e+05
1.846542875000000000e+06
4.672892187500000000e+04
1.180111230468750000e+04
3.549267968750000000e+04
1.058874121093750000e+04
4.197941796875000000e+04
6.359091796875000000e+04
7.355504687500000000e+04
1.203427734375000000e+04
1.074191308593750000e+04
2.051197656250000000e+04
2.810671093750000000e+04
1.129293203125000000e+05
7.012698437500000000e+04
9.985382812500000000e+03
9.058078125000000000e+03
7.298513281250000000e+04
1.883244335937500000e+04
2.234463281250000000e+04
6.712428125000000000e+04
9.763179687500000000e+03
1.229663085937500000e+04
2.283108125000000000e+05
2.108082500000000000e+05
6.958377343750000000e+04
6.033272265625000000e+04
2.807775000000000000e+04
1.146734960937500000e+04
2.600908281250000000e+05
3.508455468750000000e+04
1.970822800000000000e+07
2.647071875000000000e+05
1.515407656250000000e+05
5.282907812500000000e+04
8.568778125000000000e+05
1.419527343750000000e+05
9.653856250000000000e+05
1.970822800000000000e+07
2.647071875000000000e+05
5.282907812500000000e+04
9.653856250000000000e+05
2.130656738281250000e+03
3.597087890625000000e+04
1.321835156250000000e+05
6.064544921875000000e+04
1.047497460937500000e+04
1.963834350585937500e+03
2.457260781250000000e+05
4.799803710937500000e+03
2.056948375000000000e+06
1.501612011718750000e+04
1.531505273437500000e+04
2.239423437500000000e+04
4.146437500000000000e+03
5.314187109375000000e+04
1.633968261718750000e+03
1.373333007812500000e+03
3.793936328125000000e+04
1.535813875000000000e+06
2.485587250000000000e+06
8.818691406250000000e+04
1.047319750000000000e+06
1.030539160156250000e+04
4.528028750000000000e+05
3.446347187500000000e+05
2.125715039062500000e+04
7.459811000000000000e+06
3.188414550781250000e+03
7.477348632812500000e+03
3.642168945312500000e+03
7.885690917968750000e+03
1.906429077148437500e+03
2.090545410156250000e+03
2.749920117187500000e+04
7.459811000000000000e+06
3.171483886718750000e+03
7.046645507812500000e+03
4.158134277343750000e+03
8.268958007812500000e+03
1.901171875000000000e+03
2.365537353515625000e+03
1.970822800000000000e+07
1.846542875000000000e+06
1.195957226562500000e+04
1.215275859375000000e+05
9.238000781250000000e+04
1.053616503906250000e+04
2.757041250000000000e+06
1.477899375000000000e+05
7.368817187500000000e+04
9.080118164062500000e+03
2.189023906250000000e+05
8.615857421875000000e+03
1.549383496093750000e+04
2.084995703125000000e+04
2.464640380859375000e+03
3.379245849609375000e+03
4.090638916015625000e+03
3.868993896484375000e+03
2.858993896484375000e+03
6.919340332031250000e+03
2.040713500000000000e+06
9.533808125000000000e+05
6.240562109375000000e+04
4.491539687500000000e+05
1.551418000000000000e+06
3.426098144531250000e+03
2.283408593750000000e+05
6.305462500000000000e+05
2.069663593750000000e+05
1.258554296875000000e+05
1.079371386718750000e+04
3.549267968750000000e+04
8.712767578125000000e+03
7.674999218750000000e+04
2.553073437500000000e+04
5.984151953125000000e+04
1.268282714843750000e+04
2.937946533203125000e+03
3.316399609375000000e+04
4.211326953125000000e+04
7.691696777343750000e+03
1.970822800000000000e+07
4.672892187500000000e+04
3.549755468750000000e+04
7.018225781250000000e+04
3.459756250000000000e+05
5.579575781250000000e+04
6.652031875000000000e+05
1.795000750000000000e+06
9.715276367187500000e+03
1.357765625000000000e+05
1.935750312500000000e+05
6.272926562500000000e+04
4.449739257812500000e+03
1.056073281250000000e+05
2.450614453125000000e+04
1.725097656250000000e+04
1.097995800781250000e+04
1.624669531250000000e+04
6.918772949218750000e+03
5.285039062500000000e+04
8.568778125000000000e+05
6.146053906250000000e+04
2.897022265625000000e+04
9.701902343750000000e+04
8.374786718750000000e+04
5.285039062500000000e+04
1.529323437500000000e+05
6.146053906250000000e+04
9.701902343750000000e+04
1.529323437500000000e+05
3.494021728515625000e+03
4.389571289062500000e+03
2.573260986328125000e+03
8.594821289062500000e+03
6.009799316406250000e+03
3.761378515625000000e+04
9.532827148437500000e+02
1.100642089843750000e+03
7.285885009765625000e+02
1.301716308593750000e+03
1.900832824707031250e+02
3.035472187500000000e+05
4.593262000000000000e+06
2.596363750000000000e+06
1.154888964843750000e+04
2.832615500000000000e+06
3.093597656250000000e+04
6.866863125000000000e+05
6.480887500000000000e+05
3.987666406250000000e+04
4.353141406250000000e+04
2.560485937500000000e+04
4.374908203125000000e+04
6.938923828125000000e+03
1.888710742187500000e+04
1.146679101562500000e+04
3.774399169921875000e+03
2.050483789062500000e+04
1.082697558593750000e+04
2.990198632812500000e+04
5.599112109375000000e+04
1.508395605468750000e+04
1.926030273437500000e+04
1.218512500000000000e+04
1.794709960937500000e+04
2.604373281250000000e+05
3.789513671875000000e+04
1.463167031250000000e+05
4.492914550781250000e+03
1.399476171875000000e+04
9.094170312500000000e+04
5.621771875000000000e+04
2.604373281250000000e+05
3.789513671875000000e+04
4.492914550781250000e+03
5.621771875000000000e+04
3.922838750000000000e+05
5.289627734375000000e+04
2.687383750000000000e+05
5.556900781250000000e+04
1.525082343750000000e+05
6.981648437500000000e+04
9.537450781250000000e+04
2.695346679687500000e+04
3.677251220703125000e+03
3.606648046875000000e+04
1.543338625000000000e+06
2.660223876953125000e+03
7.281754375000000000e+05
9.416789375000000000e+05
1.845285766601562500e+03
4.940530625000000000e+05
7.188633125000000000e+05
2.191005937500000000e+05
2.346570937500000000e+05
1.481901750000000000e+06
4.403082812500000000e+04
1.260680390625000000e+05
4.186455566406250000e+03
2.377248828125000000e+04
8.774739843750000000e+04
3.893094062500000000e+05
1.517538875000000000e+06
4.109491015625000000e+04
4.376931640625000000e+03
3.878759687500000000e+05
7.136837890625000000e+03
1.774515429687500000e+04
1.958062890625000000e+04
2.307179687500000000e+04
3.526839062500000000e+04
5.951691894531250000e+03
4.733223632812500000e+03
1.154098437500000000e+04
2.663630859375000000e+03
4.630833984375000000e+03
1.953754882812500000e+03
7.718644531250000000e+04
1.234387890625000000e+05
2.833513085937500000e+04
4.818599609375000000e+04
2.117536328125000000e+04
1.858354370117187500e+03
1.633753222656250000e+04
3.590502685546875000e+03
1.970923583984375000e+03
1.415632128906250000e+04
5.994616406250000000e+04
1.445558203125000000e+04
7.208795410156250000e+03
5.512272656250000000e+04
4.747421875000000000e+03
1.742760009765625000e+03
1.197846484375000000e+04
1.611055664062500000e+04
4.416358398437500000e+03
8.928468322753906250e+01
6.777676391601562500e+01
1.156391328125000000e+05
5.272056640625000000e+04
6.777676391601562500e+01
3.811544036865234375e+01
2.969528808593750000e+03
2.829344749450683594e+01
1.452486083984375000e+03
2.204622070312500000e+03
3.420854687500000000e+05
7.977080468750000000e+04
1.897100341796875000e+03
3.422852172851562500e+02
1.584731406250000000e+05
8.471453857421875000e+02
3.927787187500000000e+05
2.898426171875000000e+04
3.503396093750000000e+04
3.554959375000000000e+04
4.246102734375000000e+04
9.356088867187500000e+03
1.908294335937500000e+04
1.179970410156250000e+04
3.584728125000000000e+04
4.281121500000000000e+06
1.982865468750000000e+05
4.347770019531250000e+03
4.884540937500000000e+05
1.233550097656250000e+04
3.375972656250000000e+04
1.741547343750000000e+05
8.791132812500000000e+03
1.417479218750000000e+05
3.938919140625000000e+04
9.740113525390625000e+02
1.231786523437500000e+04
1.466775976562500000e+04
4.496006347656250000e+03
9.839207031250000000e+03
5.729067968750000000e+04
4.451913085937500000e+03
6.099852050781250000e+03
3.368330000000000000e+05
2.055998046875000000e+04
6.994087890625000000e+03
1.902727929687500000e+04
8.094151367187500000e+03
3.482018359375000000e+04
3.551508789062500000e+03
3.940128906250000000e+03
1.970822800000000000e+07
1.445201093750000000e+05
1.516217480468750000e+04
2.221702929687500000e+04
1.129293203125000000e+05
1.817442968750000000e+04
3.390309062500000000e+05
1.687012500000000000e+05
8.276040625000000000e+04
1.402980175781250000e+04
1.908318125000000000e+05
9.252615966796875000e+02
4.487448828125000000e+04
1.108184326171875000e+03
1.243074707031250000e+03
5.242639843750000000e+04
5.681460937500000000e+03
1.396184326171875000e+03
5.931544189453125000e+02
2.178110156250000000e+04
1.489631713867187500e+03
1.683402709960937500e+03
2.255694921875000000e+04
6.309935058593750000e+03
1.123642968750000000e+04
6.681541406250000000e+04
1.414574829101562500e+03
2.055510009765625000e+03
1.035484082031250000e+04
1.481029785156250000e+03
1.928279882812500000e+04
7.200512500000000000e+04
3.035796630859375000e+03
7.851795312500000000e+04
8.661544921875000000e+03
8.327448242187500000e+03
1.239060058593750000e+04
2.419450439453125000e+03
3.144610595703125000e+03
2.479267333984375000e+03
8.849590454101562500e+02
3.133022250000000000e+06
3.602433593750000000e+04
4.860322265625000000e+04
4.466501953125000000e+04
9.161708007812500000e+03
4.385175781250000000e+04
6.166103515625000000e+04
6.651119531250000000e+04
4.668549218750000000e+04
1.624492968750000000e+04
1.083429980468750000e+04
7.318349600000000000e+07
5.957201171875000000e+04
8.973341406250000000e+04
6.880057031250000000e+04
9.062913750000000000e+05
8.801592968750000000e+04
2.179213000000000000e+06
7.628102400000000000e+07
5.605731640625000000e+04
7.521755468750000000e+04
2.124969000000000000e+06
4.521731000000000000e+06
7.448921093750000000e+04
4.455223828125000000e+04
3.549267968750000000e+04
4.301066796875000000e+04
5.929320312500000000e+04
6.299034375000000000e+04
1.032117812500000000e+05
9.666519531250000000e+03
1.267729882812500000e+04
8.920334960937500000e+03
5.278671875000000000e+04
8.032242187500000000e+03
1.911327148437500000e+04
1.578272558593750000e+04
2.767357812500000000e+04
9.948736328125000000e+03
2.671607910156250000e+03
4.973689941406250000e+03
2.064485351562500000e+03
4.228807128906250000e+03
5.551851196289062500e+02
1.305402832031250000e+04
3.273794687500000000e+05
2.492031250000000000e+06
2.421970117187500000e+04
2.993383125000000000e+05
2.693399414062500000e+03
7.540465000000000000e+05
9.568937500000000000e+04
6.423837109375000000e+04
1.251694335937500000e+04
1.154146015625000000e+05
1.292185742187500000e+04
1.415597500000000000e+05
9.821594531250000000e+04
4.151931152343750000e+03
1.116292890625000000e+05
6.927917968750000000e+04
1.032273359375000000e+05
6.683899218750000000e+04
1.093728222656250000e+04
6.745985156250000000e+04
1.131534375000000000e+05
4.037051562500000000e+04
8.899358593750000000e+04
5.985972265625000000e+04
8.020429687500000000e+03
2.438607421875000000e+04
1.111529531250000000e+05
1.123180625000000000e+05
2.088030468750000000e+04
1.067995507812500000e+04
4.051048046875000000e+04
1.713174609375000000e+04
4.257236328125000000e+03
1.380271386718750000e+04
2.063806152343750000e+03
9.374461914062500000e+03
2.597518066406250000e+03
1.078336230468750000e+04
7.253758300781250000e+03
6.685103906250000000e+04
2.438909765625000000e+04
9.894179687500000000e+02
1.664045507812500000e+04
1.127583984375000000e+04
2.090576416015625000e+03
3.149377187500000000e+05
2.189830664062500000e+04
1.355821972656250000e+04
8.862473437500000000e+04
5.130758984375000000e+04
7.477240625000000000e+04
2.378999804687500000e+04
5.049011328125000000e+04
3.586655029296875000e+03
2.560894287109375000e+03
4.186455566406250000e+03
1.833309765625000000e+04
8.424886718750000000e+04
5.221756640625000000e+04
2.109675537109375000e+03
6.445850585937500000e+03
4.544180175781250000e+03
5.259175390625000000e+04
4.224243164062500000e+03
1.108416625976562500e+03
4.631311950683593750e+02
8.262549804687500000e+03
3.115007080078125000e+03
6.299445190429687500e+02
2.134649658203125000e+02
1.559262304687500000e+04
3.097173156738281250e+02
1.854178500000000000e+06
4.535789843750000000e+04
5.226101684570312500e+02
4.186455566406250000e+03
3.860095520019531250e+02
4.540859375000000000e+02
1.803267656250000000e+05
4.062866516113281250e+02
3.157062377929687500e+02
2.585997924804687500e+02
2.426958770751953125e+02
7.220094238281250000e+03
2.576067138671875000e+03
3.877947021484375000e+03
3.219368359375000000e+04
8.150155468750000000e+04
4.612499609375000000e+04
6.443588378906250000e+03
1.647799218750000000e+04
4.123099609375000000e+03
4.133456250000000000e+04
1.413066503906250000e+04
8.032242187500000000e+03
8.272600000000000000e+04
6.340384277343750000e+03
6.208784765625000000e+04
8.955088500976562500e+02
7.037107421875000000e+03
1.337864355468750000e+04
1.730744323730468750e+02
1.577356689453125000e+03
4.398373535156250000e+03
2.045470581054687500e+02
1.940472045898437500e+03
1.507190375000000000e+06
5.193204589843750000e+03
4.493941796875000000e+04
1.851193847656250000e+03
3.283678437500000000e+05
2.709406250000000000e+03
1.147872848510742188e+02
5.372344921875000000e+04
1.373747802734375000e+03
1.040894393920898438e+02
1.970822800000000000e+07
3.532178125000000000e+04
7.374261230468750000e+03
5.698737109375000000e+04
5.532929296875000000e+04
4.900948046875000000e+04
5.502018750000000000e+05
2.552955468750000000e+05
1.052987597656250000e+04
1.062900625000000000e+05
1.829577343750000000e+05
2.588123291015625000e+03
6.949576562500000000e+04
2.545198486328125000e+03
1.663283569335937500e+03
5.016203613281250000e+03
5.994680175781250000e+02
9.739732421875000000e+03
1.169236816406250000e+03
4.942432556152343750e+02
4.325906738281250000e+03
3.796773681640625000e+03
9.631299804687500000e+03
2.544062011718750000e+03
2.785286328125000000e+04
1.448772460937500000e+03
4.022418518066406250e+02
1.722719116210937500e+03
5.526362304687500000e+03
8.456054687500000000e+02
2.392059179687500000e+04
1.692996289062500000e+04
6.019766796875000000e+04
4.064631640625000000e+04
1.728589062500000000e+04
3.889543359375000000e+04
2.522031250000000000e+04
2.021489843750000000e+04
6.448470500000000000e+06
5.400207031250000000e+04
2.868761328125000000e+04
3.523275781250000000e+04
9.855125976562500000e+03
6.161989062500000000e+04
7.464914062500000000e+04
5.347088671875000000e+04
4.002980078125000000e+04
1.719119335937500000e+04
1.354988085937500000e+04
1.939672400000000000e+07
6.170026562500000000e+04
9.747212890625000000e+03
4.043362890625000000e+04
1.542377246093750000e+04
7.263222656250000000e+03
1.906858125000000000e+06
1.656987812500000000e+05
5.785044433593750000e+03
1.077192187500000000e+04
3.739035546875000000e+04
1.215275859375000000e+05
7.784230468750000000e+04
7.018225781250000000e+04
5.494578125000000000e+03
3.549267968750000000e+04
5.182637500000000000e+04
7.201806640625000000e+03
1.496400976562500000e+04
2.705279492187500000e+04
6.402395507812500000e+03
3.459482177734375000e+03
7.437747656250000000e+04
2.425812500000000000e+04
1.160445859375000000e+05
5.500194531250000000e+04
8.605467773437500000e+03
2.760588671875000000e+04
3.234068945312500000e+04
6.243099609375000000e+03
5.337885000000000000e+06
4.526136000000000000e+06
1.956375585937500000e+04
3.674933105468750000e+03
2.284761718750000000e+04
7.198661132812500000e+03
6.883333750000000000e+05
8.806790625000000000e+04
2.820762500000000000e+04
5.255233886718750000e+03
3.191549414062500000e+04
4.845557617187500000e+03
1.928279882812500000e+04
1.543338625000000000e+06
5.836316894531250000e+03
2.669182187500000000e+05
1.865683250000000000e+06
2.762463623046875000e+03
1.431134375000000000e+05
1.178977375000000000e+06
2.328036562500000000e+05
1.204090078125000000e+05
5.242069500000000000e+06
7.448921093750000000e+04
2.705434570312500000e+04
9.277427734375000000e+03
6.125885253906250000e+03
6.295442968750000000e+04
7.780942187500000000e+04
1.980374687500000000e+05
6.640263281250000000e+04
5.865740234375000000e+03
2.690898046875000000e+04
3.144787841796875000e+03
2.355324609375000000e+04
1.373468125000000000e+05
1.064391601562500000e+04
8.728395507812500000e+03
8.761794531250000000e+04
6.343063476562500000e+03
3.144787841796875000e+03
2.355324609375000000e+04
1.064391601562500000e+04
6.343063476562500000e+03
1.975806152343750000e+03
1.230653457641601562e+02
2.681883789062500000e+03
5.082315917968750000e+03
6.873218261718750000e+03
4.125775756835937500e+02
3.885657348632812500e+02
1.390001220703125000e+02
1.363731811523437500e+03
1.219213714599609375e+02
1.430134218750000000e+05
9.749407226562500000e+03
1.081483515625000000e+05
5.289093359375000000e+04
9.749407226562500000e+03
2.642143066406250000e+03
1.283969628906250000e+04
1.171560424804687500e+03
2.951820117187500000e+04
4.734889453125000000e+04
5.743472265625000000e+04
9.206602539062500000e+03
2.569657226562500000e+04
1.189033007812500000e+04
2.762801171875000000e+04
2.201515429687500000e+04
5.756076660156250000e+03
2.166342968750000000e+04
3.290502343750000000e+04
3.480020507812500000e+03
4.694437500000000000e+03
3.686278906250000000e+04
1.714158569335937500e+03
1.358258422851562500e+03
2.326788671875000000e+04
2.663562011718750000e+03
1.610183959960937500e+03
7.653882812500000000e+03
1.623791308593750000e+04
5.546673339843750000e+03
5.211533203125000000e+04
5.980754882812500000e+03
1.090490356445312500e+03
6.112775878906250000e+03
1.323453247070312500e+03
2.020612890625000000e+04
2.040876953125000000e+04
2.562406982421875000e+03
9.560142578125000000e+03
1.099714721679687500e+03
1.090239257812500000e+04
3.020897705078125000e+03
1.840337890625000000e+03
7.971389600000000000e+07
4.521731000000000000e+06
3.436366406250000000e+04
1.140440703125000000e+05
2.050378125000000000e+04
1.360466992187500000e+04
1.393958100000000000e+07
3.844316250000000000e+05
9.084851562500000000e+04
1.668869140625000000e+04
3.666095937500000000e+05
4.147165750000000000e+06
4.472507812500000000e+04
1.532164375000000000e+05
1.239590722656250000e+04
4.943595703125000000e+04
8.681454687500000000e+04
3.769862812500000000e+05
4.147165750000000000e+06
4.472507812500000000e+04
1.239590722656250000e+04
3.769862812500000000e+05
1.129141113281250000e+04
2.835211425781250000e+03
5.681640136718750000e+03
3.378923046875000000e+04
5.869562500000000000e+03
4.978921386718750000e+03
5.573688964843750000e+03
6.369789062500000000e+03
6.884650781250000000e+04
4.521731000000000000e+06
2.215788671875000000e+04
3.558409912109375000e+03
3.070778320312500000e+04
9.203809570312500000e+03
2.059615937500000000e+05
2.829789062500000000e+04
2.574774609375000000e+04
8.566055664062500000e+03
3.415104296875000000e+04
1.928279882812500000e+04
1.513177375000000000e+06
1.911327148437500000e+04
1.695322000000000000e+06
3.761378515625000000e+04
7.459811000000000000e+06
7.080843750000000000e+04
2.220951171875000000e+03
1.291544609375000000e+05
5.009054687500000000e+04
6.237813964843750000e+03
7.270045312500000000e+04
4.845895019531250000e+03
5.118501953125000000e+04
4.768968750000000000e+04
1.003494335937500000e+04
6.605780273437500000e+03
4.670285937500000000e+04
2.726898437500000000e+03
1.311708593750000000e+05
1.716293164062500000e+04
7.085477343750000000e+04
5.363253515625000000e+04
1.840406640625000000e+04
5.270311718750000000e+04
7.111756347656250000e+03
2.529622802734375000e+03
1.215275859375000000e+05
3.655812890625000000e+04
7.018225781250000000e+04
4.430721679687500000e+03
3.549267968750000000e+04
4.545221093750000000e+04
7.759399414062500000e+03
1.496400976562500000e+04
7.113657031250000000e+04
1.056941992187500000e+04
9.364355468750000000e+03
4.247461875000000000e+05
2.518327500000000000e+05
5.594015234375000000e+04
3.990675781250000000e+04
1.826268437500000000e+05
5.564584765625000000e+04
4.839554296875000000e+04
2.495805000000000000e+05
1.275076406250000000e+05
5.215655078125000000e+04
9.175328125000000000e+04
7.447222656250000000e+04
1.483884570312500000e+04
1.865046875000000000e+04
3.460697187500000000e+05
2.795865429687500000e+04
2.040215429687500000e+04
1.877235351562500000e+04
9.080802734375000000e+03
1.464927734375000000e+04
1.194025390625000000e+04
3.629914550781250000e+03
1.540225390625000000e+04
1.507190375000000000e+06
1.189930875000000000e+06
1.695322000000000000e+06
1.865683250000000000e+06
4.470935500000000000e+06
8.466569531250000000e+04
7.417432500000000000e+05
1.436752375000000000e+06
1.717636875000000000e+06
8.527714375000000000e+05
2.555576750000000000e+06
1.760203250000000000e+06
4.437150955200195312e+01
6.166812011718750000e+03
1.557901458740234375e+02
2.874806404113769531e+01
1.040792125000000000e+06
4.845492858886718750e+02
7.736181640625000000e+01
7.539453887939453125e+01
3.944537658691406250e+02
5.319171875000000000e+03
3.307600750000000000e+06
1.578547031250000000e+05
2.309702636718750000e+03
3.564267578125000000e+04
6.238062500000000000e+04
5.331158691406250000e+03
5.296191894531250000e+03
3.262986500000000000e+06
2.301918212890625000e+03
5.294974609375000000e+03
8.419470214843750000e+02
7.938885000000000000e+05
2.376482617187500000e+04
1.060703857421875000e+03
1.668533325195312500e+03
8.845322265625000000e+03
1.300876831054687500e+03
2.544495361328125000e+03
1.732449531250000000e+05
4.936376342773437500e+02
4.082277587890625000e+03
2.063134179687500000e+04
1.865683250000000000e+06
1.682010000000000000e+06
9.172332031250000000e+03
7.995445625000000000e+05
1.693532617187500000e+04
1.301691875000000000e+05
6.943071093750000000e+04
7.028731200000000000e+07
1.556301406250000000e+05
4.157108984375000000e+04
1.393396191406250000e+04
7.382666406250000000e+04
3.169203613281250000e+03
2.677470937500000000e+05
1.263015125000000000e+06
6.718916406250000000e+04
2.344000000000000000e+03
4.998608593750000000e+04
7.611741250000000000e+05
3.260760937500000000e+05
7.334364062500000000e+04
1.490005273437500000e+04
1.256752656250000000e+05
4.876433203125000000e+04
1.866997558593750000e+03
6.621298339843750000e+03
1.045736937500000000e+06
3.701896562500000000e+05
2.134694921875000000e+04
3.340814453125000000e+04
1.137686015625000000e+05
5.995164843750000000e+04
2.514240429687500000e+04
2.581728515625000000e+04
5.427183593750000000e+04
4.213333984375000000e+03
1.947402929687500000e+04
3.720215625000000000e+04
5.424487915039062500e+02
3.960283984375000000e+04
2.857539306640625000e+03
2.583571533203125000e+03
8.735424804687500000e+03
5.294973046875000000e+04
6.158023046875000000e+04
4.558143750000000000e+04
2.973794726562500000e+04
8.778539062500000000e+03
1.672412695312500000e+04
1.467053027343750000e+04
1.556301406250000000e+05
7.448921093750000000e+04
9.037660000000000000e+05
4.326538085937500000e+03
1.535306250000000000e+04
8.686805468750000000e+04
4.616662890625000000e+04
1.556301406250000000e+05
7.448921093750000000e+04
4.326538085937500000e+03
4.616662890625000000e+04
8.413179687500000000e+04
8.116640136718750000e+03
4.980716308593750000e+03
1.723952929687500000e+04
3.286379394531250000e+03
8.475933593750000000e+03
7.098067382812500000e+03
2.213040039062500000e+03
2.543602000000000000e+06
4.718566015625000000e+04
1.538305000000000000e+05
8.705274414062500000e+03
3.031972460937500000e+04
8.686805468750000000e+04
7.172064062500000000e+04
2.543602000000000000e+06
4.718566015625000000e+04
8.705274414062500000e+03
7.172064062500000000e+04
2.488999687500000000e+05
2.722749062500000000e+05
2.457145309448242188e+01
4.175565625000000000e+04
1.429407596588134766e+01
9.351021766662597656e+00
2.488999687500000000e+05
8.609392547607421875e+01
2.457145309448242188e+01
1.429407596588134766e+01
8.609392547607421875e+01
4.521731000000000000e+06
6.805414843750000000e+04
4.658200000000000000e+04
3.473156250000000000e+04
3.097707226562500000e+04
6.835694531250000000e+04
6.042410937500000000e+04
1.179030625000000000e+05
1.705195312500000000e+04
1.468207812500000000e+04
2.372329492187500000e+04
2.565778515625000000e+04
3.356521093750000000e+04
2.024350976562500000e+04
7.417758300781250000e+03
9.113878906250000000e+03
1.848427978515625000e+03
1.844293359375000000e+04
2.328764160156250000e+03
7.697371093750000000e+04
1.950350585937500000e+04
5.889969921875000000e+04
4.919003906250000000e+04
2.349213671875000000e+04
2.118815234375000000e+04
4.897751562500000000e+04
2.228264062500000000e+04
5.927003906250000000e+03
1.113724921875000000e+05
1.232216796875000000e+05
8.874661718750000000e+04
1.882923706054687500e+03
2.764432861328125000e+03
1.059649765625000000e+05
1.861822387695312500e+03
5.425284400000000000e+07
7.304928500000000000e+06
6.708892500000000000e+06
4.397434375000000000e+04
7.267392000000000000e+06
8.261136718750000000e+04
6.075330000000000000e+05
5.338515000000000000e+05
1.541356738281250000e+04
1.905749000000000000e+06
1.077788183593750000e+04
6.773875000000000000e+03
1.141509179687500000e+04
4.445293457031250000e+03
2.642304687500000000e+04
5.790830566406250000e+03
1.083257968750000000e+05
3.256560058593750000e+03
1.044301269531250000e+04
4.788133239746093750e+02
1.243917465209960938e+02
8.255408477783203125e+01
2.974399218750000000e+04
4.227523828125000000e+04
6.074901171875000000e+04
5.513294067382812500e+02
1.083819213867187500e+03
1.483815155029296875e+02
7.877656250000000000e+04
8.919221191406250000e+02
1.184116992187500000e+04
6.842024902343750000e+03
5.894349121093750000e+03
8.686805468750000000e+04
6.197492187500000000e+03
4.282791015625000000e+03
5.894349121093750000e+03
4.282791015625000000e+03
1.988925976562500000e+04
6.040776367187500000e+03
1.396810546875000000e+04
1.395059667968750000e+04
2.433831054687500000e+03
2.404740722656250000e+03
3.041864257812500000e+03
2.683992004394531250e+02
2.030774658203125000e+03
3.340116250000000000e+05
2.052951367187500000e+04
1.673437109375000000e+04
4.335548339843750000e+03
1.119093125000000000e+05
2.547666748046875000e+03
3.335658569335937500e+02
2.371250585937500000e+04
1.519957031250000000e+03
2.537512359619140625e+02
2.471126953125000000e+04
1.652755156250000000e+05
4.426531250000000000e+03
1.266037011718750000e+04
9.912498046875000000e+03
4.716651000976562500e+02
2.377580078125000000e+04
2.170553222656250000e+03
3.236070312500000000e+05
1.541716718750000000e+05
4.971476562500000000e+04
4.355819921875000000e+04
2.111017382812500000e+04
6.284375781250000000e+04
1.740508203125000000e+04
8.715451171875000000e+03
5.521641113281250000e+03
1.090249687500000000e+05
4.161230078125000000e+04
8.686805468750000000e+04
7.307694824218750000e+03
1.766424438476562500e+03
1.090249687500000000e+05
7.307694824218750000e+03
2.473831445312500000e+04
7.829989843750000000e+04
5.952515625000000000e+04
1.141582265625000000e+05
3.549267968750000000e+04
5.711774218750000000e+04
3.862105468750000000e+04
5.878515625000000000e+03
5.179401171875000000e+04
2.192856835937500000e+04
1.016939941406250000e+04
2.719434570312500000e+04
3.350642187500000000e+04
4.455766601562500000e+03
8.791341796875000000e+03
9.211213867187500000e+03
4.105310058593750000e+03
5.588541992187500000e+03
2.286988525390625000e+03
7.016913281250000000e+04
3.416564062500000000e+05
1.845473828125000000e+04
9.603155468750000000e+04
2.558550390625000000e+04
1.190250488281250000e+04
1.251055908203125000e+03
2.342257568359375000e+03
7.028731200000000000e+07
7.448921093750000000e+04
1.695658125000000000e+05
7.018225781250000000e+04
3.510357812500000000e+05
5.672065625000000000e+04
1.563562125000000000e+06
3.977290750000000000e+06
1.589281054687500000e+04
1.380562187500000000e+05
2.038141718750000000e+05
4.521731000000000000e+06
7.448921093750000000e+04
1.940763281250000000e+04
3.549267968750000000e+04
1.048153027343750000e+04
3.937566796875000000e+04
6.299034375000000000e+04
2.836203320312500000e+04
1.143834765625000000e+04
9.433848632812500000e+03
4.215862304687500000e+03
7.513149600000000000e+07
2.689953710937500000e+04
3.334671093750000000e+04
2.384699218750000000e+04
2.689953710937500000e+04
4.777595312500000000e+04
1.846135620117187500e+03
3.026416015625000000e+03
1.430134218750000000e+05
2.056359100341796875e+02
7.260416992187500000e+03
1.079161254882812500e+03
1.156391328125000000e+05
1.130701904296875000e+02
2.056359100341796875e+02
7.260416992187500000e+03
1.530033302307128906e+01
1.130701904296875000e+02
1.530033302307128906e+01
5.833158203125000000e+04
2.562741015625000000e+04
2.822172500000000000e+05
1.836622460937500000e+04
4.240700000000000000e+04
3.195390039062500000e+04
7.429271484375000000e+03
1.286594140625000000e+04
1.806914257812500000e+04
4.051048046875000000e+04
2.261660400390625000e+03
4.611183105468750000e+03
6.216816894531250000e+03
7.002698730468750000e+03
3.063197998046875000e+03
5.431055175781250000e+03
1.136709179687500000e+04
1.056994433593750000e+04
1.162309082031250000e+04
4.544102734375000000e+04
8.884687500000000000e+04
6.222133984375000000e+04
6.776815429687500000e+03
1.234922558593750000e+04
1.018612500000000000e+04
3.884124218750000000e+04
1.149612890625000000e+04
1.880675659179687500e+03
3.549267968750000000e+04
3.637735107421875000e+03
5.667578125000000000e+04
2.075009765625000000e+04
5.225373828125000000e+04
1.161151171875000000e+04
1.582278930664062500e+03
4.946673828125000000e+03
4.154001953125000000e+04
4.336206542968750000e+03
1.193547167968750000e+04
2.432970000000000000e+05
1.443725750000000000e+06
3.384726562500000000e+05
1.262690000000000000e+06
5.171312500000000000e+06
4.657067578125000000e+04
8.543319375000000000e+05
2.639613250000000000e+06
1.678254250000000000e+06
1.242683500000000000e+06
1.970822800000000000e+07
4.672892187500000000e+04
4.521182128906250000e+03
7.018225781250000000e+04
2.112632617187500000e+04
5.247436718750000000e+04
6.652031875000000000e+05
6.868276855468750000e+03
1.106063671875000000e+04
1.516683203125000000e+04
5.538419921875000000e+03
6.068659179687500000e+03
1.490850500000000000e+06
1.698906860351562500e+03
2.356827929687500000e+04
1.701054687500000000e+03
6.494418945312500000e+03
3.908093994140625000e+03
3.947120361328125000e+02
2.095032226562500000e+03
1.186339233398437500e+03
3.762963867187500000e+02
9.624453906250000000e+04
6.572401875000000000e+05
5.125648437500000000e+04
6.383865625000000000e+04
3.353375781250000000e+04
9.177051562500000000e+04
9.624453906250000000e+04
1.150448632812500000e+04
5.125648437500000000e+04
3.353375781250000000e+04
1.150448632812500000e+04
2.802994062500000000e+05
8.568778125000000000e+05
7.018225781250000000e+04
9.089427343750000000e+04
1.806827812500000000e+05
8.686805468750000000e+04
2.802994062500000000e+05
2.655220937500000000e+05
7.018225781250000000e+04
1.806827812500000000e+05
2.655220937500000000e+05
1.215275859375000000e+05
6.760070312500000000e+04
7.018225781250000000e+04
1.354760644531250000e+04
3.549267968750000000e+04
4.866337890625000000e+04
4.262493750000000000e+04
1.496400976562500000e+04
1.528320468750000000e+05
1.397808593750000000e+04
1.673422851562500000e+04
8.918617187500000000e+03
3.549267968750000000e+04
5.098208007812500000e+03
1.341325156250000000e+05
4.740835156250000000e+04
5.083669531250000000e+04
5.149391796875000000e+04
5.171124511718750000e+03
6.756601074218750000e+03
5.029504296875000000e+04
1.437246777343750000e+04
8.067375976562500000e+03
1.182459000000000000e+06
6.276972656250000000e+03
1.695322000000000000e+06
3.761378515625000000e+04
7.459811000000000000e+06
5.304095312500000000e+04
1.450307861328125000e+03
5.825019531250000000e+04
5.009054687500000000e+04
2.560234619140625000e+03
2.512421093750000000e+04
1.297960625000000000e+05
5.183354687500000000e+04
1.639203515625000000e+04
4.176230468750000000e+04
7.296745312500000000e+04
2.445795312500000000e+04
2.816032031250000000e+04
4.927887890625000000e+04
3.062308593750000000e+04
2.825390820312500000e+04
2.700317871093750000e+03
1.412504000000000000e+06
1.084494726562500000e+04
2.475678593750000000e+05
3.542991699218750000e+03
1.932895898437500000e+04
3.605079101562500000e+03
1.456966674804687500e+03
1.734373828125000000e+04
5.265012207031250000e+02
1.719105377197265625e+02
1.031543125000000000e+05
1.810505664062500000e+04
6.401270703125000000e+04
4.443110351562500000e+03
3.549267968750000000e+04
4.556417968750000000e+04
3.994446289062500000e+03
4.739691406250000000e+04
3.282037500000000000e+04
1.059379199218750000e+04
1.010680957031250000e+04
3.446606562500000000e+05
3.331650781250000000e+04
1.337827343750000000e+05
1.849725781250000000e+04
4.942299609375000000e+04
3.311576562500000000e+04
1.551928710937500000e+04
9.592329101562500000e+03
7.732321777343750000e+03
2.414926367187500000e+04
1.145476855468750000e+04
5.218078515625000000e+04
5.102274902343750000e+03
2.673336669921875000e+03
2.936645703125000000e+04
5.795831054687500000e+03
6.565428750000000000e+05
7.448921093750000000e+04
9.037660000000000000e+05
2.024005625000000000e+05
2.234618437500000000e+05
8.686805468750000000e+04
6.514119375000000000e+05
6.565428750000000000e+05
7.448921093750000000e+04
2.024005625000000000e+05
6.514119375000000000e+05
3.197277187500000000e+05
2.733340500000000000e+06
4.626357000000000000e+06
9.088228515625000000e+03
2.244907000000000000e+06
1.268866992187500000e+04
5.221540937500000000e+05
3.043870312500000000e+05
6.754296093750000000e+04
7.032692382812500000e+03
5.773881640625000000e+04
2.784946289062500000e+04
1.114456738281250000e+04
1.910057031250000000e+04
1.289065429687500000e+04
1.334508886718750000e+04
6.888958400000000000e+07
5.827158593750000000e+04
3.355919140625000000e+04
7.018225781250000000e+04
3.425052812500000000e+05
5.516879687500000000e+04
2.232728500000000000e+06
1.329288250000000000e+06
1.551660839843750000e+04
1.342320781250000000e+05
1.697784375000000000e+05
1.540225390625000000e+04
1.507190375000000000e+06
7.814858886718750000e+03
1.695322000000000000e+06
3.761378515625000000e+04
7.459811000000000000e+06
8.466569531250000000e+04
1.802598388671875000e+03
1.389072500000000000e+05
5.009054687500000000e+04
5.001754882812500000e+03
5.705857000000000000e+06
4.672892187500000000e+04
1.209665468750000000e+05
3.713073125000000000e+05
2.507192250000000000e+06
9.075664062500000000e+04
3.856890000000000000e+05
5.258407000000000000e+06
3.993341015625000000e+04
3.457042187500000000e+05
3.627624062500000000e+05
3.562595937500000000e+05
7.880713378906250000e+03
2.402000976562500000e+04
5.264193359375000000e+04
6.700305664062500000e+03
8.023505371093750000e+03
1.401303222656250000e+04
6.540058593750000000e+03
4.951593500000000000e+06
1.780765914916992188e+01
3.608010156250000000e+04
2.445886230468750000e+01
5.013936523437500000e+03
1.801751899719238281e+01
2.683214721679687500e+02
1.665795625000000000e+05
5.306062698364257812e+01
4.267660522460937500e+01
2.316680145263671875e+02
9.528740625000000000e+04
4.051048046875000000e+04
1.551876953125000000e+04
5.605096093750000000e+04
4.137289453125000000e+04
6.705166406250000000e+04
5.294200390625000000e+04
5.435896875000000000e+04
6.601710937500000000e+03
6.676732031250000000e+04
6.400080859375000000e+04
1.547885937500000000e+04
1.257770019531250000e+04
5.995387890625000000e+04
4.350308593750000000e+03
2.088393310546875000e+03
1.092307187500000000e+05
1.172743945312500000e+04
2.501597900390625000e+03
4.389571289062500000e+03
4.775834062500000000e+05
2.546497802734375000e+03
1.695322000000000000e+06
3.677458593750000000e+04
7.342862000000000000e+06
2.946698046875000000e+04
7.199008178710937500e+02
6.641422656250000000e+04
4.935756250000000000e+04
2.085179687500000000e+03
2.267352400000000000e+07
1.846542875000000000e+06
1.314352832031250000e+04
9.485528125000000000e+04
1.719873632812500000e+04
4.441830566406250000e+03
1.172979900000000000e+07
3.501416875000000000e+05
3.487115625000000000e+04
3.789500732421875000e+03
2.574949375000000000e+05
4.220369140625000000e+04
1.609886718750000000e+04
7.276482031250000000e+04
7.237027343750000000e+04
1.475987402343750000e+04
5.625493750000000000e+04
3.126138867187500000e+04
2.153550585937500000e+04
4.521731000000000000e+06
7.448921093750000000e+04
9.037660000000000000e+05
3.549267968750000000e+04
6.383865625000000000e+04
8.686805468750000000e+04
6.299034375000000000e+04
4.521731000000000000e+06
7.448921093750000000e+04
3.549267968750000000e+04
6.299034375000000000e+04
1.911447656250000000e+04
1.422114257812500000e+04
5.952515625000000000e+04
9.636206054687500000e+03
1.257770019531250000e+04
3.101369531250000000e+04
4.252491210937500000e+03
3.406849365234375000e+03
3.402870312500000000e+04
6.094594238281250000e+03
2.862469726562500000e+03
4.201353515625000000e+03
4.467304000000000000e+06
3.840761250000000000e+05
1.457865234375000000e+03
5.222802246093750000e+03
1.360099902343750000e+04
1.396850585937500000e+03
3.558284423828125000e+03
1.730870625000000000e+06
1.190500488281250000e+03
1.137374267578125000e+03
6.264520019531250000e+03
6.096480078125000000e+04
6.084258593750000000e+04
3.453695312500000000e+03
9.838409179687500000e+03
5.644092968750000000e+04
4.292213867187500000e+03
2.272574609375000000e+04
3.557632031250000000e+04
5.280136230468750000e+03
7.555053222656250000e+03
2.482007812500000000e+03
2.181646728515625000e+03
4.366902343750000000e+03
8.688089062500000000e+04
9.329885864257812500e+02
1.174969238281250000e+03
4.370215332031250000e+03
1.182887817382812500e+03
1.633965781250000000e+05
4.672892187500000000e+04
1.515407656250000000e+05
1.225972070312500000e+04
6.133371093750000000e+04
8.686805468750000000e+04
2.714200585937500000e+04
1.633965781250000000e+05
4.672892187500000000e+04
1.225972070312500000e+04
2.714200585937500000e+04
5.515124511718750000e+03
8.764643554687500000e+03
4.186455566406250000e+03
3.554379296875000000e+04
7.151852343750000000e+04
7.296745312500000000e+04
5.537020507812500000e+03
7.013667968750000000e+03
5.462946289062500000e+03
4.078447265625000000e+04
8.622772460937500000e+03
3.315681396484375000e+03
3.549267968750000000e+04
4.232437109375000000e+04
6.872181250000000000e+04
2.027339843750000000e+04
5.600174609375000000e+04
1.080755859375000000e+04
5.864945312500000000e+03
1.178746777343750000e+04
3.635667578125000000e+04
9.670512695312500000e+03
6.929888671875000000e+03
1.702405156250000000e+05
1.515407656250000000e+05
6.435131347656250000e+03
3.659639843750000000e+04
6.648913281250000000e+04
3.216977929687500000e+04
6.929888671875000000e+03
1.702405156250000000e+05
6.435131347656250000e+03
3.216977929687500000e+04
6.884650781250000000e+04
1.556301406250000000e+05
2.650565625000000000e+04
7.934935546875000000e+03
3.194640429687500000e+04
2.756663085937500000e+04
7.774592968750000000e+04
4.955519140625000000e+04
1.425931562500000000e+05
1.013802246093750000e+04
9.103359375000000000e+04
1.190160781250000000e+05
6.966749877929687500e+02
6.855304565429687500e+02
2.925955468750000000e+04
6.617734985351562500e+02
1.558828027343750000e+04
3.027312316894531250e+02
3.149098510742187500e+02
6.449528000000000000e+06
6.801508593750000000e+04
3.788017578125000000e+04
3.549267968750000000e+04
3.094158203125000000e+04
7.309853906250000000e+04
8.451337500000000000e+04
3.236619687500000000e+05
4.062562109375000000e+04
1.508234570312500000e+04
4.230496093750000000e+04
9.866863281250000000e+03
3.946725390625000000e+04
4.477508300781250000e+03
8.241063476562500000e+03
4.636066894531250000e+03
5.475623046875000000e+03
3.129536621093750000e+03
2.609252685546875000e+03
4.521731000000000000e+06
7.448921093750000000e+04
6.046931250000000000e+05
3.549267968750000000e+04
2.790018359375000000e+04
9.203064843750000000e+04
6.299034375000000000e+04
2.843813250000000000e+06
5.266267187500000000e+04
2.540241992187500000e+04
5.393875781250000000e+04
6.730649375000000000e+05
2.802652000000000000e+06
2.939429250000000000e+06
5.496853906250000000e+04
2.802652000000000000e+06
1.697641796875000000e+04
2.423965781250000000e+05
2.113191250000000000e+05
1.434571093750000000e+05
4.521731000000000000e+06
3.537656640625000000e+04
1.117520019531250000e+04
3.435432812500000000e+04
2.250080664062500000e+04
3.423223437500000000e+04
2.120048242187500000e+04
1.685134375000000000e+05
4.159153808593750000e+03
4.840388183593750000e+03
8.091357421875000000e+03
8.831603750000000000e+05
4.684176757812500000e+03
9.427602343750000000e+04
5.458481933593750000e+03
3.976516015625000000e+04
9.543425781250000000e+03
1.532371459960937500e+03
1.529346386718750000e+04
6.618525878906250000e+03
1.113860107421875000e+03
7.515803710937500000e+03
1.839784375000000000e+06
4.488053222656250000e+03
1.870427490234375000e+03
1.997966210937500000e+04
1.615926391601562500e+03
2.160979882812500000e+04
4.933320312500000000e+03
2.880272656250000000e+04
7.968807373046875000e+02
6.396315917968750000e+03
9.584811523437500000e+03
8.539014062500000000e+04
1.665365156250000000e+05
8.732947656250000000e+04
5.375968750000000000e+03
7.043164550781250000e+03
1.665365156250000000e+05
7.043164550781250000e+03
7.996500800000000000e+07
6.408508984375000000e+04
3.568914453125000000e+04
7.018225781250000000e+04
1.130575546875000000e+05
7.305400781250000000e+04
2.365308250000000000e+06
3.684026875000000000e+05
3.844344921875000000e+04
6.719024218750000000e+04
5.401170312500000000e+04
1.029704218750000000e+05
3.865470947265625000e+03
5.972725390625000000e+04
3.487149218750000000e+04
7.606395996093750000e+03
7.433723144531250000e+03
3.794464843750000000e+04
3.424578613281250000e+03
1.193979100000000000e+07
6.344757812500000000e+03
4.560548046875000000e+04
7.018225781250000000e+04
8.568778125000000000e+05
8.686805468750000000e+04
6.858178125000000000e+05
1.193979100000000000e+07
6.344757812500000000e+03
7.018225781250000000e+04
6.858178125000000000e+05
1.556301406250000000e+05
7.448921093750000000e+04
9.037660000000000000e+05
4.326538085937500000e+03
1.535306250000000000e+04
8.686805468750000000e+04
4.616662890625000000e+04
1.556301406250000000e+05
7.448921093750000000e+04
4.326538085937500000e+03
4.616662890625000000e+04
1.502976074218750000e+04
2.184650468750000000e+05
9.037660000000000000e+05
7.541323242187500000e+03
3.143089257812500000e+04
2.661140234375000000e+04
6.946660937500000000e+04
1.502976074218750000e+04
2.184650468750000000e+05
7.541323242187500000e+03
6.946660937500000000e+04
6.342894042968750000e+03
3.651757031250000000e+04
7.018225781250000000e+04
2.001592895507812500e+03
4.453756347656250000e+03
4.557917578125000000e+04
2.482148681640625000e+03
8.602498046875000000e+03
7.144837500000000000e+04
4.767575195312500000e+03
5.010986328125000000e+03
3.875964250000000000e+06
7.448921093750000000e+04
4.805116796875000000e+04
1.036316015625000000e+04
9.225966796875000000e+03
2.188780468750000000e+04
7.158728750000000000e+05
1.547077812500000000e+05
5.188901855468750000e+03
3.452753173828125000e+03
3.431653906250000000e+04
1.205634667968750000e+04
7.814858886718750000e+03
2.133490478515625000e+03
3.695889648437500000e+03
2.051429687500000000e+03
1.263517578125000000e+03
4.157584838867187500e+02
1.054866104125976562e+02
1.252426464843750000e+04
9.860683593750000000e+03
1.511460253906250000e+04
5.655542578125000000e+04
1.506046777343750000e+04
5.228235351562500000e+03
4.391313964843750000e+03
4.752496582031250000e+03
5.634487304687500000e+03
7.319546875000000000e+03
6.426374609375000000e+04
2.123300000000000000e+04
1.428978515625000000e+03
1.075097363281250000e+04
1.507834667968750000e+04
2.015329467773437500e+03
1.317921142578125000e+03
1.197584716796875000e+03
1.223413964843750000e+04
5.913174316406250000e+03
4.672360229492187500e+02
6.555927124023437500e+02
3.383930175781250000e+03
2.847893066406250000e+02
5.945280273437500000e+03
2.397547265625000000e+04
6.089373437500000000e+04
2.513372460937500000e+04
1.347140820312500000e+04
7.296745312500000000e+04
8.854252929687500000e+03
4.910793457031250000e+03
1.047719335937500000e+04
1.692111718750000000e+04
5.708022949218750000e+03
3.491903437500000000e+05
3.576666015625000000e+04
6.384535546875000000e+04
4.743114453125000000e+04
1.054104062500000000e+05
6.399091796875000000e+04
5.853610546875000000e+04
8.149550000000000000e+04
4.862044433593750000e+03
2.598640039062500000e+04
1.249220800781250000e+04
5.993250000000000000e+04
2.010843627929687500e+03
2.345894042968750000e+03
3.046029492187500000e+04
3.259201416015625000e+03
1.031896362304687500e+03
1.809851562500000000e+04
8.072717773437500000e+03
5.041058203125000000e+04
3.408604736328125000e+03
7.193036499023437500e+02
1.449980859375000000e+04
2.238667480468750000e+03
1.591380371093750000e+04
1.549383496093750000e+04
2.531371289062500000e+04
1.197397558593750000e+04
8.248335937500000000e+03
2.260873046875000000e+03
2.874065820312500000e+04
2.177065917968750000e+03
1.625946250000000000e+05
1.014536425781250000e+04
8.306941406250000000e+03
3.702126171875000000e+04
2.117814941406250000e+03
3.154131835937500000e+03
1.048482788085937500e+03
2.737852172851562500e+02
1.928279882812500000e+04
1.513177375000000000e+06
1.911327148437500000e+04
1.695322000000000000e+06
3.761378515625000000e+04
7.459811000000000000e+06
7.080843750000000000e+04
2.220951171875000000e+03
1.291544609375000000e+05
5.009054687500000000e+04
6.237813964843750000e+03
6.947194824218750000e+03
6.716151875000000000e+05
4.879639062500000000e+04
2.433750000000000000e+03
4.273523437500000000e+03
8.319636718750000000e+03
1.466429199218750000e+04
3.363470947265625000e+03
2.596873437500000000e+05
3.376977539062500000e+03
1.811296679687500000e+04
1.066224365234375000e+03
2.916858398437500000e+04
2.534772216796875000e+03
1.730428320312500000e+04
6.297837402343750000e+03
2.979631640625000000e+04
5.657208007812500000e+03
1.122444458007812500e+03
7.866962402343750000e+03
1.485252246093750000e+04
5.062314453125000000e+03
2.891884277343750000e+03
8.954253906250000000e+03
1.405300976562500000e+04
7.296745312500000000e+04
2.050173339843750000e+03
6.452549804687500000e+03
1.528566406250000000e+04
5.413620117187500000e+03
2.079822070312500000e+04
7.228822500000000000e+05
4.764320312500000000e+03
2.708427500000000000e+05
7.004895996093750000e+03
6.720748437500000000e+04
4.903278198242187500e+02
2.372329492187500000e+04
5.237843750000000000e+03
1.428014038085937500e+03
3.660878906250000000e+04
9.813574218750000000e+03
6.699579687500000000e+04
3.361697656250000000e+04
2.246934765625000000e+04
2.753447265625000000e+04
2.494412109375000000e+04
2.773895117187500000e+04
1.074738476562500000e+04
7.608892578125000000e+03
1.806444091796875000e+03
7.468938476562500000e+03
1.629720336914062500e+03
3.379575195312500000e+03
1.219458862304687500e+03
3.010486145019531250e+02
5.170961718750000000e+04
1.549383496093750000e+04
1.692673437500000000e+04
2.088259375000000000e+04
1.378488671875000000e+04
3.448460937500000000e+03
3.232018359375000000e+04
5.601248535156250000e+03
7.028731200000000000e+07
7.161442187500000000e+04
4.085135156250000000e+04
6.892935937500000000e+04
9.131043750000000000e+04
4.032964843750000000e+04
1.476061125000000000e+06
4.294825625000000000e+05
3.229233203125000000e+04
6.719339062500000000e+04
1.277699765625000000e+05
1.141916308593750000e+04
1.156483886718750000e+04
2.560725585937500000e+04
5.761239746093750000e+03
2.485027929687500000e+04
5.080145703125000000e+04
5.361179687500000000e+03
1.801285937500000000e+04
1.715663281250000000e+04
1.334371289062500000e+04
1.035192871093750000e+04
1.928279882812500000e+04
8.916732812500000000e+04
4.023418359375000000e+04
5.029576171875000000e+04
1.021117187500000000e+05
2.444516357421875000e+03
1.000661425781250000e+04
3.569125000000000000e+04
2.691024658203125000e+03
1.443515014648437500e+03
7.816961059570312500e+02
9.828847656250000000e+04
6.526232031250000000e+04
1.607985449218750000e+04
4.369279296875000000e+04
9.954738281250000000e+04
7.074849218750000000e+04
3.365916406250000000e+04
9.305529687500000000e+04
5.571951171875000000e+03
1.865683250000000000e+06
4.594740312500000000e+05
2.857942626953125000e+03
2.791405937500000000e+05
3.871870361328125000e+03
1.295298125000000000e+05
1.084859453125000000e+05
1.361785937500000000e+04
9.641260000000000000e+05
2.732582187500000000e+05
8.511554687500000000e+03
1.149234140625000000e+05
2.025532348632812500e+03
1.748239453125000000e+04
9.158458984375000000e+03
4.751426757812500000e+03
9.860042968750000000e+03
2.818762109375000000e+04
8.343071289062500000e+02
1.363887451171875000e+03
3.993350830078125000e+02
4.217684082031250000e+03
4.235566101074218750e+02
5.523797265625000000e+04
1.129293203125000000e+05
7.018225781250000000e+04
3.710298046875000000e+04
4.993791796875000000e+04
7.296745312500000000e+04
4.039535937500000000e+04
7.841004687500000000e+04
6.717864843750000000e+04
5.959473828125000000e+04
4.488527734375000000e+04
1.816632400000000000e+07
4.829982421875000000e+04
1.408378281250000000e+05
7.018225781250000000e+04
9.573386250000000000e+05
8.899078125000000000e+04
1.398479750000000000e+06
1.900277600000000000e+07
4.290987500000000000e+04
8.617403125000000000e+04
1.301201375000000000e+06
7.229977050781250000e+03
1.119093125000000000e+05
8.034548828125000000e+03
5.828239746093750000e+03
2.301607421875000000e+03
1.978381103515625000e+03
9.413967285156250000e+02
5.809357910156250000e+02
7.166983593750000000e+04
1.189930875000000000e+06
1.114616113281250000e+04
7.312632500000000000e+05
3.264340625000000000e+04
1.741386093750000000e+05
1.252261523437500000e+04
2.386924687500000000e+05
7.821182812500000000e+04
2.487933007812500000e+04
7.746495000000000000e+05
5.994815917968750000e+03
5.298061035156250000e+03
3.549267968750000000e+04
5.363675292968750000e+03
5.542282031250000000e+04
2.591351562500000000e+04
1.015069140625000000e+05
1.030138183593750000e+04
7.084775878906250000e+03
2.403391992187500000e+04
1.520163750000000000e+06
1.050327968750000000e+05
3.925501171875000000e+04
5.403607031250000000e+04
2.678193437500000000e+05
6.828878125000000000e+04
1.608257343750000000e+05
3.777157500000000000e+05
6.942382812500000000e+04
6.062000781250000000e+04
9.640235937500000000e+04
8.891998046875000000e+03
1.716912968750000000e+05
2.564877929687500000e+04
1.876955468750000000e+05
3.743284765625000000e+04
2.003300312500000000e+05
9.307854687500000000e+04
1.439794433593750000e+04
9.736977343750000000e+04
1.978205625000000000e+05
7.056554687500000000e+04
1.962868164062500000e+04
8.032242187500000000e+03
1.084494726562500000e+04
8.081261718750000000e+03
2.098336181640625000e+03
1.108781347656250000e+04
2.266128417968750000e+03
1.642275146484375000e+03
4.790897949218750000e+03
1.380317504882812500e+03
4.485138549804687500e+02
3.115938281250000000e+04
9.652527343750000000e+04
7.018225781250000000e+04
5.848934570312500000e+03
9.277427734375000000e+03
5.987045703125000000e+04
1.652859570312500000e+04
5.756680175781250000e+03
2.343565000000000000e+05
5.609733398437500000e+03
3.479071044921875000e+03
8.032242187500000000e+03
1.309145390625000000e+05
1.911327148437500000e+04
7.293183593750000000e+04
9.948736328125000000e+03
2.719979296875000000e+04
1.124386914062500000e+04
2.064485351562500000e+03
7.249760253906250000e+03
7.680377441406250000e+03
1.789128540039062500e+03
1.966641875000000000e+06
3.788387750000000000e+06
7.718644531250000000e+04
2.774530273437500000e+04
9.913885156250000000e+04
7.514850781250000000e+04
3.212301513671875000e+03
1.014820996093750000e+04
1.454239550781250000e+04
1.906032750000000000e+06
9.065300625000000000e+05
7.806901250000000000e+05
1.472320000000000000e+06
2.492972500000000000e+06
5.068555468750000000e+04
7.827612500000000000e+05
9.017358750000000000e+05
1.047661437500000000e+06
6.683648750000000000e+05
9.039901250000000000e+05
6.890931250000000000e+04
2.841312109375000000e+04
2.327639062500000000e+04
8.442571289062500000e+03
6.097584765625000000e+04
4.165502734375000000e+04
5.009738281250000000e+04
4.304251171875000000e+04
1.105230664062500000e+04
9.924284179687500000e+03
3.292514843750000000e+04
1.212674453125000000e+05
3.270307812500000000e+04
5.886056250000000000e+04
1.727328320312500000e+04
9.360898437500000000e+03
2.434135156250000000e+05
3.604777343750000000e+04
1.936196875000000000e+04
1.307393593750000000e+05
1.084494726562500000e+04
1.687495156250000000e+05
2.027504101562500000e+04
7.068988281250000000e+03
2.590422656250000000e+04
8.336857421875000000e+03
5.148165039062500000e+03
4.582087402343750000e+03
1.770364746093750000e+03
9.279703125000000000e+03
1.007577000000000000e+06
7.814858886718750000e+03
3.594437500000000000e+04
1.218534667968750000e+04
1.154103875000000000e+06
8.102501464843750000e+03
7.821601562500000000e+02
7.631170312500000000e+04
4.404217285156250000e+03
2.480075531005859375e+02
6.246498437500000000e+04
1.727394335937500000e+04
1.745396375000000000e+06
7.329538085937500000e+03
4.141289375000000000e+05
2.751735000000000000e+06
2.981226074218750000e+03
2.690001562500000000e+05
1.320074750000000000e+06
2.460996718750000000e+05
1.413367500000000000e+05
6.530640625000000000e+04
8.112190429687500000e+03
1.985162343750000000e+05
1.057304980468750000e+04
4.288332421875000000e+04
5.755851074218750000e+03
1.164395117187500000e+04
5.810870605468750000e+03
4.521731000000000000e+06
7.448921093750000000e+04
6.069215000000000000e+05
3.549267968750000000e+04
4.247925000000000000e+04
8.634175781250000000e+04
6.299034375000000000e+04
4.791187000000000000e+06
6.440252343750000000e+04
3.215557421875000000e+04
6.561267187500000000e+04
1.215275859375000000e+05
7.786516406250000000e+04
7.018225781250000000e+04
7.488283203125000000e+03
3.549267968750000000e+04
4.362579687500000000e+04
7.151248535156250000e+03
1.496400976562500000e+04
6.434235937500000000e+04
9.606694335937500000e+03
5.576805175781250000e+03
3.637106640625000000e+04
4.051048046875000000e+04
1.321004687500000000e+04
7.911447265625000000e+03
1.651835351562500000e+04
5.628278320312500000e+03
1.037431640625000000e+04
7.497868164062500000e+03
3.642327734375000000e+04
1.540848242187500000e+04
6.614368750000000000e+04
5.193607421875000000e+04
8.572986328125000000e+03
2.820719726562500000e+04
2.533412109375000000e+04
9.810840820312500000e+03
1.094125781250000000e+04
1.549383496093750000e+04
3.141522216796875000e+03
3.936548828125000000e+03
2.833948730468750000e+03
1.734315063476562500e+03
3.832806884765625000e+03
1.302654663085937500e+03
7.281417187500000000e+04
2.271428320312500000e+04
3.645552734375000000e+04
8.842431250000000000e+04
1.439003710937500000e+04
2.213509570312500000e+04
2.077851367187500000e+04
5.733013183593750000e+03
8.539265625000000000e+04
6.061646972656250000e+03
6.975826171875000000e+03
5.947340625000000000e+04
7.841278125000000000e+05
1.715761328125000000e+04
2.072159179687500000e+03
1.213753613281250000e+04
1.311996337890625000e+03
1.006921777343750000e+04
5.420747680664062500e+02
1.822390468750000000e+05
2.063624218750000000e+04
1.134882578125000000e+05
5.791639453125000000e+04
2.804282617187500000e+04
4.387250781250000000e+04
3.727783984375000000e+04
1.888489062500000000e+04
2.029934531250000000e+05
7.459220312500000000e+04
1.997659375000000000e+04
5.385026855468750000e+03
1.556512011718750000e+04
5.974423437500000000e+04
5.023349218750000000e+04
5.019240625000000000e+04
4.072434765625000000e+04
7.077245605468750000e+03
2.450483398437500000e+04
1.725734570312500000e+04
5.238621000000000000e+06
7.922601074218750000e+03
4.238831054687500000e+03
2.089337304687500000e+04
1.482557714843750000e+04
2.054118554687500000e+04
4.412741210937500000e+03
2.341683750000000000e+05
3.360404785156250000e+03
3.835239257812500000e+03
8.169938281250000000e+04
4.161404418945312500e+02
1.668099609375000000e+03
2.239229101562500000e+04
1.046689697265625000e+03
9.457371093750000000e+03
5.296826782226562500e+02
1.774625244140625000e+02
1.115787304687500000e+04
2.438773925781250000e+03
3.695244384765625000e+03
1.527728222656250000e+04
3.597647949218750000e+03
1.962602661132812500e+03
2.537306640625000000e+03
2.214509277343750000e+03
5.013051757812500000e+03
9.841206000000000000e+06
3.573160937500000000e+04
1.017017812500000000e+05
3.083639892578125000e+03
1.479701625000000000e+06
2.400787031250000000e+05
8.266278320312500000e+03
3.876503750000000000e+06
7.518550000000000000e+04
2.197912187500000000e+05
2.046174218750000000e+04
1.429914062500000000e+04
1.251318457031250000e+04
8.686805468750000000e+04
1.335565527343750000e+04
8.153333007812500000e+03
1.251318457031250000e+04
8.153333007812500000e+03
7.028731200000000000e+07
6.827264062500000000e+04
4.635200390625000000e+04
5.599768359375000000e+04
1.129293203125000000e+05
7.241756250000000000e+04
1.502266875000000000e+06
3.667788750000000000e+05
1.696507031250000000e+04
5.761856250000000000e+04
2.667604687500000000e+04
1.321043652343750000e+04
6.633985351562500000e+03
1.085429296875000000e+04
8.962412500000000000e+04
6.612619628906250000e+03
1.106790820312500000e+04
1.087894921875000000e+04
1.111390136718750000e+04
3.013443115234375000e+03
4.826842187500000000e+04
1.081524125000000000e+06
3.667589111328125000e+03
4.168511562500000000e+05
2.350462500000000000e+06
6.583421020507812500e+02
1.445442187500000000e+05
8.057678125000000000e+05
2.024424531250000000e+05
8.857615625000000000e+04
5.972139892578125000e+02
4.446102343750000000e+04
3.097707226562500000e+04
1.365850781250000000e+04
4.474391601562500000e+03
6.691189062500000000e+04
4.242059082031250000e+03
6.415383300781250000e+02
1.710058203125000000e+04
7.217285156250000000e+03
1.984408203125000000e+03
7.238540649414062500e+02
3.339425292968750000e+03
1.921434326171875000e+03
9.454001464843750000e+02
2.239982910156250000e+02
2.281037750244140625e+02
2.079508666992187500e+02
9.727728271484375000e+01
6.487170625000000000e+05
4.659435156250000000e+04
1.517164941406250000e+04
1.063853027343750000e+03
4.880021484375000000e+03
7.331692187500000000e+04
8.089645312500000000e+04
2.720752343750000000e+04
1.875665820312500000e+04
2.269187744140625000e+03
1.388363378906250000e+04
1.041998046875000000e+04
1.832269726562500000e+04
1.487103417968750000e+04
4.625593261718750000e+03
1.493067871093750000e+04
3.495168212890625000e+03
4.153523437500000000e+03
3.710458007812500000e+03
1.521654625000000000e+06
3.202084250000000000e+06
3.905909375000000000e+05
1.062120996093750000e+04
5.241197812500000000e+05
6.948893750000000000e+04
9.135939062500000000e+04
1.374739218750000000e+05
9.304153906250000000e+04
1.465823364257812500e+03
2.699340312500000000e+05
2.778414843750000000e+04
1.465823364257812500e+03
7.341045898437500000e+03
9.678696289062500000e+03
1.289716674804687500e+03
7.448628906250000000e+04
2.449044335937500000e+04
1.040528437500000000e+05
5.074291796875000000e+04
2.435643750000000000e+04
4.695474218750000000e+04
4.586596875000000000e+04
2.535573046875000000e+04
2.563531738281250000e+03
3.300205810546875000e+03
7.310197753906250000e+03
2.872257226562500000e+04
3.407296484375000000e+04
7.121218750000000000e+04
4.210830078125000000e+03
2.057437744140625000e+03
1.496418090820312500e+03
3.339349218750000000e+04
3.157446289062500000e+03
7.028731200000000000e+07
6.883594531250000000e+04
4.179130859375000000e+04
6.759496093750000000e+04
9.207330468750000000e+04
3.999931250000000000e+04
1.391151750000000000e+06
4.298423437500000000e+05
3.217959765625000000e+04
6.521211718750000000e+04
1.257014062500000000e+05
2.212023681640625000e+03
1.101124121093750000e+04
5.961594848632812500e+02
3.345192187500000000e+04
7.200377441406250000e+03
3.294188671875000000e+04
3.142823486328125000e+03
2.553590087890625000e+02
6.852731933593750000e+02
8.356003906250000000e+03
2.739381408691406250e+02
7.994737304687500000e+03
3.761378515625000000e+04
5.483044433593750000e+03
3.567144775390625000e+03
1.247898559570312500e+03
3.667837646484375000e+03
6.632805175781250000e+02
5.956562500000000000e+02
9.323828906250000000e+04
6.713929500000000000e+06
8.828423828125000000e+03
5.448946777343750000e+03
1.650222851562500000e+04
1.630031933593750000e+04
1.647652099609375000e+03
6.586917480468750000e+03
5.922764648437500000e+03
5.076871875000000000e+04
4.617367187500000000e+04
8.093032812500000000e+04
8.136731933593750000e+03
9.334971679687500000e+03
4.065581250000000000e+04
9.958039062500000000e+03
3.340779687500000000e+04
1.540225390625000000e+04
1.156630781250000000e+05
7.549682812500000000e+04
1.119156093750000000e+05
1.118002890625000000e+05
4.619345703125000000e+03
9.207480468750000000e+04
7.848882812500000000e+04
9.020447656250000000e+04
5.642445703125000000e+04
1.854959106445312500e+03
3.520642187500000000e+04
6.383865625000000000e+04
1.324787031250000000e+05
4.569599609375000000e+04
8.762546875000000000e+04
2.352498046875000000e+04
1.854959106445312500e+03
3.520642187500000000e+04
1.324787031250000000e+05
2.352498046875000000e+04
1.970822800000000000e+07
4.672892187500000000e+04
7.118244140625000000e+03
7.018225781250000000e+04
2.439565820312500000e+04
3.811340234375000000e+04
6.652031875000000000e+05
8.363042968750000000e+03
1.204324511718750000e+04
1.995437304687500000e+04
6.741633789062500000e+03
7.703665600000000000e+07
5.860095312500000000e+04
1.129892109375000000e+05
6.736245312500000000e+04
8.658175000000000000e+05
8.844995312500000000e+04
2.098752500000000000e+06
7.767818400000000000e+07
5.801263281250000000e+04
6.835003125000000000e+04
2.089332625000000000e+06
1.099931640625000000e+04
8.390248046875000000e+03
2.898997070312500000e+03
5.104314453125000000e+03
5.134041992187500000e+03
1.009017578125000000e+04
9.807604492187500000e+03
1.031268750000000000e+04
1.448449707031250000e+03
4.910226562500000000e+03
3.015504882812500000e+03
4.858343750000000000e+04
9.027302856445312500e+02
8.060784301757812500e+02
4.071365722656250000e+03
1.082026855468750000e+03
3.447773828125000000e+04
1.129293203125000000e+05
6.972799218750000000e+04
4.053776562500000000e+04
1.604624316406250000e+04
7.218437500000000000e+04
2.832818945312500000e+04
5.693651367187500000e+03
6.666532812500000000e+04
8.112871093750000000e+03
2.919405761718750000e+03
4.435716562500000000e+05
1.189168066406250000e+04
7.624012500000000000e+04
6.051395703125000000e+04
1.530874414062500000e+04
8.550503906250000000e+04
2.951879101562500000e+04
3.183848828125000000e+04
2.198448046875000000e+04
4.745901953125000000e+04
2.951290820312500000e+04
8.686805468750000000e+04
1.803598046875000000e+04
9.906109375000000000e+03
2.951290820312500000e+04
9.906109375000000000e+03
1.034827265625000000e+05
1.202802612304687500e+03
4.376414843750000000e+04
5.352639843750000000e+04
1.202802612304687500e+03
3.886612792968750000e+03
2.640354882812500000e+04
5.954730834960937500e+02
1.130257519531250000e+04
2.908702734375000000e+04
1.516916113281250000e+04
1.911210546875000000e+04
1.926490966796875000e+03
6.364419921875000000e+03
3.018653808593750000e+03
1.058986083984375000e+03
4.762723437500000000e+04
1.084494726562500000e+04
7.482728515625000000e+03
1.184855761718750000e+04
2.965275390625000000e+03
4.396661621093750000e+03
1.720552856445312500e+03
1.064422363281250000e+03
8.944761718750000000e+03
3.155671484375000000e+04
6.383865625000000000e+04
2.491673750000000000e+05
1.270928046875000000e+05
9.264937500000000000e+04
3.862975000000000000e+04
8.944761718750000000e+03
3.155671484375000000e+04
2.491673750000000000e+05
3.862975000000000000e+04
9.753461914062500000e+03
1.987587304687500000e+04
5.952515625000000000e+04
1.626890039062500000e+04
1.498178906250000000e+04
7.238166406250000000e+04
5.708562011718750000e+03
8.245828125000000000e+03
3.065871093750000000e+04
1.568390039062500000e+04
6.452044433593750000e+03
1.136335859375000000e+05
3.439717578125000000e+04
2.740978750000000000e+05
3.108571484375000000e+04
3.380541406250000000e+04
5.113051269531250000e+03
2.679992578125000000e+04
4.118076660156250000e+03
1.928279882812500000e+04
7.200512500000000000e+04
1.816534960937500000e+04
7.851795312500000000e+04
3.440206250000000000e+04
9.638127929687500000e+03
1.239060058593750000e+04
2.097685546875000000e+03
4.914561035156250000e+03
3.655207519531250000e+03
1.176972900390625000e+03
2.545197968750000000e+05
1.164413964843750000e+04
2.803892187500000000e+04
8.855081250000000000e+04
4.925618750000000000e+04
6.666461914062500000e+03
2.803892187500000000e+04
6.666461914062500000e+03
3.601722265625000000e+04
4.051048046875000000e+04
4.562949609375000000e+04
9.944220703125000000e+03
1.127296875000000000e+04
2.482172363281250000e+03
8.944684570312500000e+03
2.241779541015625000e+03
7.028731200000000000e+07
7.448921093750000000e+04
9.037660000000000000e+05
7.018225781250000000e+04
8.568778125000000000e+05
8.686805468750000000e+04
1.563562125000000000e+06
7.028731200000000000e+07
7.448921093750000000e+04
7.018225781250000000e+04
1.563562125000000000e+06
7.759126562500000000e+04
9.211037500000000000e+04
4.615425390625000000e+04
2.088358984375000000e+04
7.038991406250000000e+04
3.628798437500000000e+04
2.901731445312500000e+04
1.551103593750000000e+05
4.514513281250000000e+04
1.896304101562500000e+04
2.694387890625000000e+04
1.028456562500000000e+06
2.507826000000000000e+06
1.769452636718750000e+03
1.292499375000000000e+06
2.308369873046875000e+03
3.654723125000000000e+05
2.938182000000000000e+06
1.299460937500000000e+03
3.436373125000000000e+05
2.369395625000000000e+05
5.593568125000000000e+05
1.492851093750000000e+05
7.459811000000000000e+06
5.475115625000000000e+04
1.389802050781250000e+04
2.937329296875000000e+04
1.100568652343750000e+04
1.401934936523437500e+03
1.171043945312500000e+03
1.970822800000000000e+07
4.672892187500000000e+04
1.516217480468750000e+04
7.018225781250000000e+04
1.129293203125000000e+05
7.296745312500000000e+04
6.652031875000000000e+05
1.687012500000000000e+05
1.932932812500000000e+04
6.717864843750000000e+04
3.039636132812500000e+04
1.970822800000000000e+07
1.846542875000000000e+06
3.309233984375000000e+04
1.215275859375000000e+05
3.345599375000000000e+05
1.054578750000000000e+05
2.757041250000000000e+06
1.641665000000000000e+06
6.880780000000000000e+05
2.845229687500000000e+05
1.545250250000000000e+06
2.103519600000000000e+07
4.406657421875000000e+04
5.783994531250000000e+04
5.783630078125000000e+04
9.020627343750000000e+04
6.032777734375000000e+04
5.689777500000000000e+05
4.034429500000000000e+06
6.362404296875000000e+04
2.257781093750000000e+05
1.313819000000000000e+06
1.205687343750000000e+05
8.148023925781250000e+03
1.106841375000000000e+06
4.337422656250000000e+04
4.675635500000000000e+06
6.947105625000000000e+05
1.394116601562500000e+04
1.445503000000000000e+06
3.563428437500000000e+05
7.836418125000000000e+05
4.360953750000000000e+05
2.435320898437500000e+04
4.842258300781250000e+03
3.070503320312500000e+04
6.933068847656250000e+03
3.815213623046875000e+03
3.154137939453125000e+03
4.085978759765625000e+03
1.155331298828125000e+03
2.866893164062500000e+04
6.762939062500000000e+04
5.883109765625000000e+04
1.040820117187500000e+04
2.935573437500000000e+04
4.839725390625000000e+04
1.791609375000000000e+04
2.661366406250000000e+04
8.299760156250000000e+04
3.127991210937500000e+04
4.450072656250000000e+04
1.574559200000000000e+07
2.803237000000000000e+06
1.595568652343750000e+04
1.215275859375000000e+05
3.613699218750000000e+04
3.982218750000000000e+03
3.334814750000000000e+06
3.749121562500000000e+05
4.536048828125000000e+04
7.437921386718750000e+03
2.320323125000000000e+05
1.026391894531250000e+04
1.384721375000000000e+06
7.979410625000000000e+05
2.200988281250000000e+03
2.465523593750000000e+05
2.753845947265625000e+03
6.167167968750000000e+04
2.746329296875000000e+04
1.335165937500000000e+05
2.406399750000000000e+06
2.050344250000000000e+06
2.636286328125000000e+04
1.324134750000000000e+06
3.060058007812500000e+04
6.601763750000000000e+05
4.175319062500000000e+05
1.122344824218750000e+04
3.564104687500000000e+05
6.898762500000000000e+04
3.028154785156250000e+03
3.829740478515625000e+03
5.764670312500000000e+04
7.554203613281250000e+03
7.890490722656250000e+03
1.383925000000000000e+05
3.289993164062500000e+03
5.514204101562500000e+03
8.091357421875000000e+03
1.507190375000000000e+06
7.608892578125000000e+03
9.868700000000000000e+04
9.496554687500000000e+03
7.170090500000000000e+06
1.151951660156250000e+04
1.548535888671875000e+03
1.370554218750000000e+05
1.038225488281250000e+04
2.017675903320312500e+03
1.837927200000000000e+07
4.879312890625000000e+04
3.082585937500000000e+04
7.018225781250000000e+04
4.707827734375000000e+04
5.760383984375000000e+04
1.403263875000000000e+06
2.400521406250000000e+05
7.263017968750000000e+04
1.124800390625000000e+05
2.144404531250000000e+05
3.114447070312500000e+04
9.700236718750000000e+04
6.269230468750000000e+03
3.049197265625000000e+04
1.400995800781250000e+04
1.333590332031250000e+04
7.876166992187500000e+02
2.224207275390625000e+03
1.405684692382812500e+03
5.113214500000000000e+06
1.408415234375000000e+04
7.462118530273437500e+02
7.901926879882812500e+02
1.249005175781250000e+04
1.637260986328125000e+03
1.702106811523437500e+03
6.339751171875000000e+04
4.446802673339843750e+02
3.104067138671875000e+03
4.521731000000000000e+06
7.448921093750000000e+04
1.648418281250000000e+05
3.549267968750000000e+04
1.119335312500000000e+05
5.535166796875000000e+04
6.299034375000000000e+04
1.064450125000000000e+06
1.568392968750000000e+04
2.125798046875000000e+04
2.396662695312500000e+04
2.171423000000000000e+06
4.672892187500000000e+04
1.145424316406250000e+04
3.741726562500000000e+03
4.750402832031250000e+03
6.165403515625000000e+04
2.051407968750000000e+05
4.249545703125000000e+04
2.874134375000000000e+04
3.127656250000000000e+03
2.582307226562500000e+04
6.896227539062500000e+03
1.609691796875000000e+04
7.507191894531250000e+03
1.174081328125000000e+05
2.722063085937500000e+04
5.367136718750000000e+04
1.173726464843750000e+04
3.899004638671875000e+03
3.120024169921875000e+03
2.966237695312500000e+04
4.688392089843750000e+03
8.229854492187500000e+03
4.521731000000000000e+06
4.635200390625000000e+04
5.518629760742187500e+02
4.427097167968750000e+03
3.088691992187500000e+04
6.663489990234375000e+02
4.099831054687500000e+03
1.170678906250000000e+05
6.502172241210937500e+02
5.254908447265625000e+02
7.842000000000000000e+03
3.549267968750000000e+04
4.886416503906250000e+03
2.487632812500000000e+05
2.445676367187500000e+04
3.358621484375000000e+04
4.136985546875000000e+04
6.570709472656250000e+03
8.274339843750000000e+03
3.840721093750000000e+04
7.012156738281250000e+03
1.822626831054687500e+03
8.487752929687500000e+03
9.073037109375000000e+03
5.421653515625000000e+04
3.518548046875000000e+04
7.240631250000000000e+04
7.959904785156250000e+03
2.466443603515625000e+03
3.137179931640625000e+03
6.776006250000000000e+04
8.204045898437500000e+03
1.846542875000000000e+06
4.669871484375000000e+04
1.631327968750000000e+05
3.577850000000000000e+04
2.727031250000000000e+04
8.732181250000000000e+04
6.341794531250000000e+04
1.986426125000000000e+06
4.261701171875000000e+04
2.637762304687500000e+04
6.260979687500000000e+04
8.495444531250000000e+04
2.034003906250000000e+05
4.621142968750000000e+04
7.775223144531250000e+03
3.549267968750000000e+04
6.586212500000000000e+04
3.406883593750000000e+04
3.792076953125000000e+04
1.133631093750000000e+05
8.779551757812500000e+03
5.829118164062500000e+03
1.861049023437500000e+04
3.690792187500000000e+04
2.386694726562500000e+04
5.411446289062500000e+03
2.349294140625000000e+04
1.373941992187500000e+04
7.432900390625000000e+03
1.444732519531250000e+04
1.508789941406250000e+04
1.129293203125000000e+05
7.018225781250000000e+04
6.449706542968750000e+03
6.668255371093750000e+03
7.296745312500000000e+04
1.176512597656250000e+04
1.377066992187500000e+04
6.717864843750000000e+04
8.808985351562500000e+03
1.488631738281250000e+04
8.008535156250000000e+03
4.345842285156250000e+03
3.951081542968750000e+03
1.564968359375000000e+04
4.897112109375000000e+04
3.621614062500000000e+04
3.477986328125000000e+03
1.197832714843750000e+04
4.813081542968750000e+03
1.788792187500000000e+04
9.018115234375000000e+03
1.541680526733398438e+01
1.507190375000000000e+06
7.814858886718750000e+03
9.465565490722656250e+01
2.821677589416503906e+01
7.459811000000000000e+06
1.953857803344726562e+01
4.972108840942382812e+00
1.389072500000000000e+05
2.521066665649414062e+01
5.951869487762451172e+00
9.198833984375000000e+03
4.996991210937500000e+03
3.953758984375000000e+04
2.290991210937500000e+04
2.155274609375000000e+04
6.328686523437500000e+03
1.147193359375000000e+04
2.735683837890625000e+03
9.277991000000000000e+06
7.448921093750000000e+04
1.547924218750000000e+04
7.242082519531250000e+03
4.632216308593750000e+03
5.209694531250000000e+04
1.641639875000000000e+06
1.557814355468750000e+04
2.807954492187500000e+04
4.112682617187500000e+03
1.434704785156250000e+04
2.898008984375000000e+04
4.096415937500000000e+05
3.786887109375000000e+04
1.387424804687500000e+04
2.966893945312500000e+04
8.884959375000000000e+04
2.898008984375000000e+04
4.654847265625000000e+04
3.786887109375000000e+04
2.966893945312500000e+04
4.654847265625000000e+04
2.631864843750000000e+04
1.532997363281250000e+04
2.059988906250000000e+05
2.709336132812500000e+04
3.007587890625000000e+04
3.384464062500000000e+04
3.523081250000000000e+04
1.425360839843750000e+04
6.298179687500000000e+03
1.102484375000000000e+03
8.279352539062500000e+03
7.716171875000000000e+04
1.302936889648437500e+03
2.957827880859375000e+03
1.936744995117187500e+03
1.764713500976562500e+03
7.858262207031250000e+03
2.262555000000000000e+06
1.454633496093750000e+04
9.868700000000000000e+04
9.948736328125000000e+03
7.459811000000000000e+06
9.464229492187500000e+03
1.610403686523437500e+03
1.282606406250000000e+05
1.066407519531250000e+04
2.193439941406250000e+03
7.431228027343750000e+03
2.095199125000000000e+06
5.328510742187500000e+03
9.868700000000000000e+04
9.807688476562500000e+03
4.685735937500000000e+04
9.263308593750000000e+03
3.584640380859375000e+03
8.555089843750000000e+03
1.231441113281250000e+04
3.535523437500000000e+03
1.928279882812500000e+04
1.307393593750000000e+05
2.320178250000000000e+06
1.804879843750000000e+05
2.912535250000000000e+06
3.787629000000000000e+06
2.851266210937500000e+04
1.486558625000000000e+06
2.575262000000000000e+06
2.030054875000000000e+06
1.154407750000000000e+06
1.801691601562500000e+04
2.866116796875000000e+04
1.113724921875000000e+05
4.548147656250000000e+04
6.696708007812500000e+03
1.104782714843750000e+04
5.098866796875000000e+04
9.076776367187500000e+03
4.775909000000000000e+06
6.105265136718750000e+03
5.319835937500000000e+03
2.753935742187500000e+04
2.343460546875000000e+04
4.318642187500000000e+04
5.935070625000000000e+05
1.090523203125000000e+05
4.543065429687500000e+03
1.860294726562500000e+04
3.573239453125000000e+04
6.670023437500000000e+04
8.288137695312500000e+03
7.718644531250000000e+04
1.866968945312500000e+04
9.635480468750000000e+03
3.523856201171875000e+03
3.113979248046875000e+03
5.807094726562500000e+02
1.392380750000000000e+06
5.812688964843750000e+03
7.693354492187500000e+03
7.296745312500000000e+04
1.081858046875000000e+05
1.074180390625000000e+05
5.099428222656250000e+03
2.863483007812500000e+04
3.117090820312500000e+03
1.277414500000000000e+06
7.240672851562500000e+03
5.740646093750000000e+04
1.788989379882812500e+03
1.468465156250000000e+05
1.630733032226562500e+03
7.897601318359375000e+01
6.748260742187500000e+03
1.614119384765625000e+03
4.651963806152343750e+01
7.028731200000000000e+07
7.448921093750000000e+04
2.713536250000000000e+05
7.018225781250000000e+04
4.860479687500000000e+05
8.389328125000000000e+04
1.563562125000000000e+06
7.710121000000000000e+06
2.013549023437500000e+04
1.989345156250000000e+05
2.876625000000000000e+05
1.221678671875000000e+05
2.964574609375000000e+04
2.821034375000000000e+04
8.686805468750000000e+04
2.801694726562500000e+04
1.484963378906250000e+04
2.821034375000000000e+04
1.484963378906250000e+04
2.004296400000000000e+07
4.672892187500000000e+04
1.515407656250000000e+05
7.050768750000000000e+04
8.547916875000000000e+05
8.686805468750000000e+04
6.575310625000000000e+05
2.004296400000000000e+07
4.672892187500000000e+04
7.050768750000000000e+04
6.575310625000000000e+05
1.744451200000000000e+07
4.627833203125000000e+04
1.158463281250000000e+05
7.018225781250000000e+04
9.645202343750000000e+04
5.983119140625000000e+04
1.378963750000000000e+06
4.753199000000000000e+06
7.199166406250000000e+04
2.342666875000000000e+05
1.584497875000000000e+06
6.493935156250000000e+04
5.408447875976562500e+02
1.383165893554687500e+03
1.270928046875000000e+05
5.408447875976562500e+02
1.576067382812500000e+04
8.928798217773437500e+02
4.847345275878906250e+02
2.263717773437500000e+03
4.460687011718750000e+03
1.508394238281250000e+04
1.109269687500000000e+05
7.204331250000000000e+04
9.134799218750000000e+04
4.893655761718750000e+03
2.263717773437500000e+03
4.460687011718750000e+03
1.109269687500000000e+05
4.893655761718750000e+03
7.042177246093750000e+03
1.086675390625000000e+04
4.749540710449218750e+02
5.428300292968750000e+03
6.369841308593750000e+02
4.210473144531250000e+03
5.637331542968750000e+02
5.110161743164062500e+02
5.537226562500000000e+03
3.541947265625000000e+04
2.547566894531250000e+03
1.182093847656250000e+04
3.823744531250000000e+04
8.914274218750000000e+04
5.383727050781250000e+03
4.802226562500000000e+03
2.469151123046875000e+03
3.805339843750000000e+04
4.802680175781250000e+03
8.848791015625000000e+03
3.543558984375000000e+04
4.445645507812500000e+03
2.666648125000000000e+05
5.543524609375000000e+04
4.557791796875000000e+04
4.415007421875000000e+04
5.265364746093750000e+03
1.064691015625000000e+04
6.023889843750000000e+04
1.568062500000000000e+04
1.607836125000000000e+06
4.748401171875000000e+04
2.226441601562500000e+04
3.790393798828125000e+03
7.833933593750000000e+03
7.296745312500000000e+04
3.733102187500000000e+05
3.495553515625000000e+04
3.211940820312500000e+04
5.248091308593750000e+03
1.987227148437500000e+04
6.911885600000000000e+07
4.470935500000000000e+06
4.162940750000000000e+06
4.945953515625000000e+04
4.416568000000000000e+06
1.025643671875000000e+05
4.889271250000000000e+05
4.126454687500000000e+05
7.274036250000000000e+05
3.681392187500000000e+04
1.453293281250000000e+05
6.364048437500000000e+04
4.820649609375000000e+04
3.505374609375000000e+04
4.130484765625000000e+04
1.347911914062500000e+04
6.205288574218750000e+03
1.193999121093750000e+04
4.703510253906250000e+03
9.221788085937500000e+03
3.568784765625000000e+04
6.054022265625000000e+04
5.630576171875000000e+03
5.270812011718750000e+03
1.970361132812500000e+04
1.681610937500000000e+04
3.560124511718750000e+03
5.614181200000000000e+07
6.833563281250000000e+04
3.388261718750000000e+04
5.709464453125000000e+04
5.901501562500000000e+04
5.993250000000000000e+04
9.024479000000000000e+06
5.010936500000000000e+06
5.847444531250000000e+04
7.721839843750000000e+04
2.015190625000000000e+06
4.882270019531250000e+03
1.540225390625000000e+04
1.189930875000000000e+06
8.540088867187500000e+03
1.522216875000000000e+05
1.865683250000000000e+06
1.780130371093750000e+03
7.240016406250000000e+04
7.417432500000000000e+05
1.287292343750000000e+05
5.032387890625000000e+04
6.274991699218750000e+03
9.289994140625000000e+03
7.735575195312500000e+03
5.647115234375000000e+03
1.095714062500000000e+04
6.092666796875000000e+04
3.253895263671875000e+03
7.905292480468750000e+03
3.858235839843750000e+03
1.052772851562500000e+04
4.329531250000000000e+03
2.124053320312500000e+04
7.374141601562500000e+03
7.965417480468750000e+03
8.141203125000000000e+03
2.296467285156250000e+03
1.044607177734375000e+03
1.974953002929687500e+03
5.580349121093750000e+02
3.050922000000000000e+07
6.846948437500000000e+04
1.350847968750000000e+05
2.138984570312500000e+04
1.355418593750000000e+05
8.689514843750000000e+04
1.630289800000000000e+07
3.087733200000000000e+07
6.712626562500000000e+04
2.171344531250000000e+04
1.624389300000000000e+07
7.240762400000000000e+07
4.521731000000000000e+06
9.584272460937500000e+03
9.837231250000000000e+04
1.177577656250000000e+05
1.008214721679687500e+03
1.308042100000000000e+07
1.287897625000000000e+06
4.172659375000000000e+04
2.207294921875000000e+04
9.594024375000000000e+05
8.233331000000000000e+06
4.672892187500000000e+04
7.243069335937500000e+03
2.994670898437500000e+04
2.382464843750000000e+04
6.262365234375000000e+04
7.939611875000000000e+05
3.461518750000000000e+05
2.256613867187500000e+04
5.974207031250000000e+04
3.633939687500000000e+05
3.779891662597656250e+02
1.028317794799804688e+02
6.793561401367187500e+02
1.225943359375000000e+05
4.907383203125000000e+04
5.788110937500000000e+04
3.282544250488281250e+02
3.155074157714843750e+02
8.322282409667968750e+01
7.783532031250000000e+04
2.214858245849609375e+02
1.327292773437500000e+04
7.842257500000000000e+05
9.072720625000000000e+05
1.180199023437500000e+04
2.575259218750000000e+05
3.980105859375000000e+04
1.992983593750000000e+05
1.125557968750000000e+05
1.943064400000000000e+07
7.462238281250000000e+04
1.931926367187500000e+04
5.952515625000000000e+04
2.511930078125000000e+04
3.903103125000000000e+04
2.239734250000000000e+06
7.446803125000000000e+04
1.136624707031250000e+04
5.060576171875000000e+04
5.216092968750000000e+04
6.701670400000000000e+07
4.735986500000000000e+06
5.957615625000000000e+04
3.092553320312500000e+04
9.647161718750000000e+04
5.826360839843750000e+03
1.837513600000000000e+07
8.271603000000000000e+06
2.152179843750000000e+05
1.639492578125000000e+04
1.449477125000000000e+06
1.248888476562500000e+04
1.167275878906250000e+03
3.058219921875000000e+04
5.867906494140625000e+02
2.397547265625000000e+04
8.026072998046875000e+02
3.481323852539062500e+02
6.276817871093750000e+03
5.152647705078125000e+02
1.528595733642578125e+02
1.205084152221679688e+02
2.874180859375000000e+04
3.476303125000000000e+05
7.018225781250000000e+04
1.310250097656250000e+04
8.748264648437500000e+03
5.609523828125000000e+04
4.651195312500000000e+04
5.533630859375000000e+03
1.365171718750000000e+05
1.886414306640625000e+03
3.635611816406250000e+03
1.430134218750000000e+05
7.649248535156250000e+03
6.493935156250000000e+04
4.517675000000000000e+04
8.924857031250000000e+04
7.649248535156250000e+03
6.568992187500000000e+03
4.824039062500000000e+03
3.033939257812500000e+04
1.813679199218750000e+03
7.458153906250000000e+04
8.568778125000000000e+05
7.018225781250000000e+04
2.964280468750000000e+04
1.041027734375000000e+05
8.686805468750000000e+04
7.458153906250000000e+04
1.086295468750000000e+05
7.018225781250000000e+04
1.041027734375000000e+05
1.086295468750000000e+05
2.218055175781250000e+03
7.964665527343750000e+03
5.795339355468750000e+03
8.686805468750000000e+04
1.102961059570312500e+03
1.051286987304687500e+03
7.964665527343750000e+03
1.102961059570312500e+03
2.903713671875000000e+04
6.707468750000000000e+04
1.478135742187500000e+04
3.107409570312500000e+04
4.807230078125000000e+04
7.305895312500000000e+04
2.683061523437500000e+04
3.283104687500000000e+04
1.748105859375000000e+04
3.885421093750000000e+04
2.702958593750000000e+04
4.871963500000000000e+06
7.386913281250000000e+04
4.345053125000000000e+04
7.871149902343750000e+03
5.299293945312500000e+03
5.058293359375000000e+04
7.633310156250000000e+04
4.740078125000000000e+05
6.308184375000000000e+04
2.380957031250000000e+03
8.914700000000000000e+04
4.609896093750000000e+04
4.724446875000000000e+04
5.952515625000000000e+04
5.197417187500000000e+04
2.665122812500000000e+05
5.027729687500000000e+04
2.303128125000000000e+04
6.901019531250000000e+04
3.272691601562500000e+04
7.039185937500000000e+04
3.720350781250000000e+04
1.566141562500000000e+05
4.672892187500000000e+04
3.548218750000000000e+04
9.342640625000000000e+03
1.207364160156250000e+04
5.569267187500000000e+04
3.221156054687500000e+04
5.102067578125000000e+04
9.705328125000000000e+03
1.838352783203125000e+03
7.684510253906250000e+03
3.818307031250000000e+04
9.936104492187500000e+03
5.542610839843750000e+03
2.088080566406250000e+03
6.878484375000000000e+03
7.962273437500000000e+03
1.845641601562500000e+03
3.126382568359375000e+03
5.960908750000000000e+05
1.816564875000000000e+06
4.341698000000000000e+06
7.295702343750000000e+04
2.751496500000000000e+06
1.812477968750000000e+05
1.096519875000000000e+06
7.825521875000000000e+05
5.073982031250000000e+04
7.642685156250000000e+04
7.018225781250000000e+04
1.647290234375000000e+04
2.797876367187500000e+04
5.049300390625000000e+04
1.753776953125000000e+04
2.616979882812500000e+04
2.675314453125000000e+04
1.524337207031250000e+04
1.228379589843750000e+04
9.720724487304687500e+01
6.093539810180664062e+01
4.771051953125000000e+04
3.616385156250000000e+04
6.557949829101562500e+01
3.063409614562988281e+01
1.361788818359375000e+03
2.149152755737304688e+01
7.000630625000000000e+05
7.448921093750000000e+04
1.150130468750000000e+04
2.397547265625000000e+04
2.793290039062500000e+03
7.030732812500000000e+04
2.727444921875000000e+04
2.099434375000000000e+04
2.306728710937500000e+04
2.764937011718750000e+03
4.380139648437500000e+03
6.447540625000000000e+04
4.051048046875000000e+04
5.013939453125000000e+04
2.365590234375000000e+04
1.955379296875000000e+04
1.142557031250000000e+04
2.704149804687500000e+04
7.542942382812500000e+03
1.005011875000000000e+05
4.277344726562500000e+03
2.827235107421875000e+02
3.414082187500000000e+05
7.276388750000000000e+05
7.296745312500000000e+04
2.212716015625000000e+04
3.195783007812500000e+04
3.853875732421875000e+02
1.249674921875000000e+05
7.653349609375000000e+03
1.970822800000000000e+07
4.672892187500000000e+04
9.566710937500000000e+04
7.018225781250000000e+04
1.111245375000000000e+06
8.499528906250000000e+04
6.652031875000000000e+05
1.792446800000000000e+07
2.841114453125000000e+04
1.134620703125000000e+05
4.942495625000000000e+05
1.229017639160156250e+02
6.782896423339843750e+01
1.966443164062500000e+04
3.912815625000000000e+04
8.660636138916015625e+01
7.148862457275390625e+01
1.801249389648437500e+03
4.943292999267578125e+01
1.970822800000000000e+07
1.846542875000000000e+06
1.515407656250000000e+05
1.215275859375000000e+05
8.568778125000000000e+05
6.383865625000000000e+04
2.757041250000000000e+06
1.970822800000000000e+07
1.846542875000000000e+06
1.215275859375000000e+05
2.757041250000000000e+06
5.523797265625000000e+04
9.924763281250000000e+04
6.929853906250000000e+04
5.260951171875000000e+04
4.987541796875000000e+04
6.013322656250000000e+04
1.200709609375000000e+05
7.799924218750000000e+04
2.346170312500000000e+05
1.369250156250000000e+05
2.482696093750000000e+05
2.939212109375000000e+04
2.404960546875000000e+04
7.580591406250000000e+04
5.597264843750000000e+04
3.492798339843750000e+03
3.280099365234375000e+03
6.684039062500000000e+04
1.116588769531250000e+04
6.086256000000000000e+06
4.682707031250000000e+04
2.847700976562500000e+04
3.960023437500000000e+04
7.827428222656250000e+03
4.978659765625000000e+04
6.181247265625000000e+04
4.074132421875000000e+04
3.795800390625000000e+04
1.537428027343750000e+04
9.274076171875000000e+03
8.587111328125000000e+03
5.752415039062500000e+03
7.411139648437500000e+03
9.097804687500000000e+04
3.053217285156250000e+03
3.813397949218750000e+03
5.749310546875000000e+03
3.091867187500000000e+03
3.349939453125000000e+04
1.746919335937500000e+04
5.806876171875000000e+04
4.862255859375000000e+04
4.656911621093750000e+03
8.541914062500000000e+03
2.667319921875000000e+04
4.717969726562500000e+03
8.091357421875000000e+03
1.744558398437500000e+04
8.491817382812500000e+03
2.543483398437500000e+04
2.562741015625000000e+04
3.256143554687500000e+03
5.554773925781250000e+03
4.975592285156250000e+03
6.284852294921875000e+02
4.049423583984375000e+03
1.561071044921875000e+03
1.838358400000000000e+07
3.307632500000000000e+06
1.602370937500000000e+05
1.215275859375000000e+05
8.568778125000000000e+05
6.383865625000000000e+04
3.487288250000000000e+06
1.838358400000000000e+07
3.307632500000000000e+06
1.215275859375000000e+05
3.487288250000000000e+06
1.989237600000000000e+07
1.839784375000000000e+06
1.168259472656250000e+04
3.083923632812500000e+04
5.139633203125000000e+04
5.274332519531250000e+03
1.375808900000000000e+07
2.070242187500000000e+05
1.270201171875000000e+05
4.288379882812500000e+03
3.328985937500000000e+05
1.846542875000000000e+06
4.672892187500000000e+04
1.516217480468750000e+04
3.549267968750000000e+04
3.088691992187500000e+04
7.296745312500000000e+04
6.359091796875000000e+04
9.550711718750000000e+04
1.932932812500000000e+04
1.504883691406250000e+04
1.459910839843750000e+04
1.846542875000000000e+06
4.672892187500000000e+04
4.333390136718750000e+03
3.549267968750000000e+04
3.439816406250000000e+03
5.233792578125000000e+04
6.359091796875000000e+04
1.521702246093750000e+04
1.158299902343750000e+04
5.171355957031250000e+03
1.393672656250000000e+04
4.314994531250000000e+04
2.486494218750000000e+05
7.094003125000000000e+04
7.680204687500000000e+04
8.387239257812500000e+03
5.520429687500000000e+03
7.623198437500000000e+04
4.505851074218750000e+03
3.026736572265625000e+03
2.165909375000000000e+05
1.271023046875000000e+04
2.096795898437500000e+03
4.097574707031250000e+03
2.211042480468750000e+03
7.142748535156250000e+03
3.361661865234375000e+03
2.258047460937500000e+04
9.669835815429687500e+02
3.897316406250000000e+03
4.521731000000000000e+06
5.951573828125000000e+04
6.871834472656250000e+03
3.344637109375000000e+04
5.443713378906250000e+02
1.550323535156250000e+04
5.655914843750000000e+04
1.404068457031250000e+04
1.332358764648437500e+03
7.372210693359375000e+02
2.947830078125000000e+03
1.641601000000000000e+07
2.826527750000000000e+06
6.703476074218750000e+03
1.215275859375000000e+05
2.084466992187500000e+04
3.661695312500000000e+03
3.275651000000000000e+06
5.555695800781250000e+03
3.197054101562500000e+04
1.409499267578125000e+03
9.424630859375000000e+03
8.785609375000000000e+03
4.197581640625000000e+04
7.018225781250000000e+04
1.635850708007812500e+03
4.207923339843750000e+03
6.051626562500000000e+04
2.453108154296875000e+03
1.058967895507812500e+03
9.218630468750000000e+04
1.893217773437500000e+03
6.857006225585937500e+02
1.970822800000000000e+07
4.607069921875000000e+04
5.667961718750000000e+04
6.838139062500000000e+04
9.645661718750000000e+04
5.852438281250000000e+04
6.685975000000000000e+05
3.219919000000000000e+06
6.260376562500000000e+04
2.223315937500000000e+05
1.108748250000000000e+06
3.115938281250000000e+04
9.651846875000000000e+04
7.018225781250000000e+04
5.848738769531250000e+03
9.277427734375000000e+03
5.986628906250000000e+04
1.652699023437500000e+04
5.756680175781250000e+03
2.343471250000000000e+05
5.609926269531250000e+03
3.478925048828125000e+03
1.928279882812500000e+04
1.513177375000000000e+06
1.851859765625000000e+04
1.695322000000000000e+06
3.556291796875000000e+04
7.170090500000000000e+06
7.080843750000000000e+04
2.143099609375000000e+03
1.275384218750000000e+05
4.825488671875000000e+04
6.037054687500000000e+03
1.388958000000000000e+07
5.682880500000000000e+06
9.512097656250000000e+04
2.473831445312500000e+04
1.197567031250000000e+05
6.383865625000000000e+04
3.215905000000000000e+06
1.388958000000000000e+07
5.682880500000000000e+06
2.473831445312500000e+04
3.215905000000000000e+06
8.137558593750000000e+04
8.488122656250000000e+04
4.109489375000000000e+05
6.023579687500000000e+04
9.228887500000000000e+04
1.329617031250000000e+05
2.600590781250000000e+05
2.543150312500000000e+05
6.880882812500000000e+04
1.198875195312500000e+04
1.888101953125000000e+04
3.312179687500000000e+05
1.599312812500000000e+05
1.706889062500000000e+04
9.183353515625000000e+03
6.435358398437500000e+03
1.173105346679687500e+03
1.078709570312500000e+04
6.533273315429687500e+02
3.969577636718750000e+03
1.794227148437500000e+04
1.509248750000000000e+06
5.088287109375000000e+03
3.308763750000000000e+05
1.865683250000000000e+06
2.393417480468750000e+03
2.228952500000000000e+05
1.156103250000000000e+06
3.135340312500000000e+05
1.950374687500000000e+05
1.863617382812500000e+04
1.394510351562500000e+04
4.178862792968750000e+03
4.081794140625000000e+04
4.306831054687500000e+03
7.189644531250000000e+03
6.661339355468750000e+03
1.550706787109375000e+03
1.841238891601562500e+03
6.857550659179687500e+02
7.801141967773437500e+02
4.791103515625000000e+03
7.075909667968750000e+03
6.430615722656250000e+03
7.301089062500000000e+04
6.575950683593750000e+03
4.975326660156250000e+03
4.907646484375000000e+03
5.180642578125000000e+03
1.215275859375000000e+05
1.129293203125000000e+05
7.018225781250000000e+04
3.088691992187500000e+04
3.549267968750000000e+04
7.296745312500000000e+04
1.054230761718750000e+04
1.496400976562500000e+04
6.717864843750000000e+04
1.504883691406250000e+04
4.102627929687500000e+03
1.040220859375000000e+05
4.343993437500000000e+05
5.836352343750000000e+04
6.383865625000000000e+04
3.561277734375000000e+04
8.672245312500000000e+04
1.040220859375000000e+05
4.474414843750000000e+04
5.836352343750000000e+04
3.561277734375000000e+04
4.474414843750000000e+04
4.624241796875000000e+04
1.059462734375000000e+05
1.632151250000000000e+05
1.038251640625000000e+05
3.144213867187500000e+04
5.052657421875000000e+04
5.810299609375000000e+04
2.965765234375000000e+04
1.150862890625000000e+05
1.928263476562500000e+04
2.878048242187500000e+04
2.687189208984375000e+03
2.254389750000000000e+06
6.539858886718750000e+03
5.102753906250000000e+04
6.107623535156250000e+03
3.628462890625000000e+04
3.557921142578125000e+03
1.725678100585937500e+03
8.759695312500000000e+03
4.788997070312500000e+03
1.191101806640625000e+03
8.032242187500000000e+03
1.513177375000000000e+06
6.587527465820312500e+01
9.868700000000000000e+04
7.547702026367187500e+01
3.346324462890625000e+02
8.286461914062500000e+03
1.436007308959960938e+01
1.036725006103515625e+02
8.935458374023437500e+01
2.071655654907226562e+01
5.250946484375000000e+04
5.833045654296875000e+02
6.392789916992187500e+02
4.126666015625000000e+04
7.853974609375000000e+02
2.327166015625000000e+04
1.458700927734375000e+03
1.205153930664062500e+03
4.491443359375000000e+04
1.419011523437500000e+04
9.772094531250000000e+04
5.172174609375000000e+04
7.719809570312500000e+03
7.591234375000000000e+03
7.606584960937500000e+03
7.700665893554687500e+02
3.259043212890625000e+03
1.047231738281250000e+04
1.246015869140625000e+03
1.050552050781250000e+04
2.579797363281250000e+02
3.020889160156250000e+03
7.945181884765625000e+02
5.320787963867187500e+02
7.435350000000000000e+06
3.682370376586914062e+01
4.635200390625000000e+04
1.657808876037597656e+01
3.471781640625000000e+04
9.908913612365722656e+00
3.190340576171875000e+02
2.494665156250000000e+05
1.853606796264648438e+01
6.521026134490966797e+00
2.906675910949707031e+01
2.292316400000000000e+07
3.058359750000000000e+06
8.554346679687500000e+03
1.131644453125000000e+05
2.547330156250000000e+05
1.272598632812500000e+04
1.109464700000000000e+07
3.833361875000000000e+05
9.714160937500000000e+04
4.066686328125000000e+04
6.300576250000000000e+05
1.928279882812500000e+04
1.513177375000000000e+06
4.010397705078125000e+03
1.695322000000000000e+06
1.417887304687500000e+04
2.629014843750000000e+04
7.080843750000000000e+04
3.424588378906250000e+03
3.355855957031250000e+03
2.107597460937500000e+04
2.964229980468750000e+03
2.013404250000000000e+06
5.859162109375000000e+04
2.186526953125000000e+04
5.543524609375000000e+04
3.419664375000000000e+05
1.368224218750000000e+05
1.621850390625000000e+04
9.438757812500000000e+04
5.758039062500000000e+04
1.018803046875000000e+05
7.610827343750000000e+04
1.057823437500000000e+04
6.519955078125000000e+04
1.005412304687500000e+04
5.312139843750000000e+04
4.664637109375000000e+04
5.242069500000000000e+06
6.476080078125000000e+04
4.639791406250000000e+04
9.354713867187500000e+03
1.045606933593750000e+04
6.571017187500000000e+04
7.156737500000000000e+04
2.027744062500000000e+05
1.620695410156250000e+04
3.096636962890625000e+03
2.086167382812500000e+04
8.827455078125000000e+03
3.338658203125000000e+04
1.713388671875000000e+04
2.640430937500000000e+05
2.405492773437500000e+04
5.252579296875000000e+04
4.151019921875000000e+04
3.025691650390625000e+03
1.208697167968750000e+04
4.624656250000000000e+04
1.313999316406250000e+04
7.028731200000000000e+07
7.448921093750000000e+04
4.353814062500000000e+04
7.018225781250000000e+04
7.626994531250000000e+04
5.090830078125000000e+04
1.563562125000000000e+06
1.281163625000000000e+06
6.334553515625000000e+04
2.686226367187500000e+04
4.154402812500000000e+05
1.928279882812500000e+04
1.513177375000000000e+06
3.991593505859375000e+03
1.695322000000000000e+06
1.412056152343750000e+04
2.600933398437500000e+04
7.080843750000000000e+04
3.421832275390625000e+03
3.332856689453125000e+03
2.099788671875000000e+04
2.943503906250000000e+03
5.837319375000000000e+05
3.388249023437500000e+03
1.081638427734375000e+03
4.710594140625000000e+04
7.064176562500000000e+04
1.278407968750000000e+05
3.305357421875000000e+03
6.921195312500000000e+04
8.032242187500000000e+03
1.513177375000000000e+06
1.911327148437500000e+04
9.868700000000000000e+04
9.948736328125000000e+03
7.459811000000000000e+06
8.286461914062500000e+03
2.064485351562500000e+03
1.291544609375000000e+05
1.066407519531250000e+04
1.978808593750000000e+03
8.052032226562500000e+03
1.953116577148437500e+03
2.536141210937500000e+04
9.366650390625000000e+02
1.730839233398437500e+03
7.760989746093750000e+03
1.323230346679687500e+03
1.133977416992187500e+03
1.536635620117187500e+03
1.069458203125000000e+04
1.075618774414062500e+03
4.228830078125000000e+04
2.837948632812500000e+04
8.686805468750000000e+04
1.536635620117187500e+03
1.811225585937500000e+02
1.075618774414062500e+03
2.837948632812500000e+04
1.811225585937500000e+02
7.120499218750000000e+04
8.032242187500000000e+03
1.911327148437500000e+04
1.744644921875000000e+04
6.362840625000000000e+04
9.948736328125000000e+03
3.231221679687500000e+03
1.725207812500000000e+04
2.064485351562500000e+03
3.435805419921875000e+03
8.996582031250000000e+02
1.928279882812500000e+04
1.307393593750000000e+05
1.851859765625000000e+04
1.804879843750000000e+05
3.556291796875000000e+04
2.774000976562500000e+04
2.851266210937500000e+04
2.143099609375000000e+03
7.542711914062500000e+03
1.175189355468750000e+04
3.452410644531250000e+03
1.605952187500000000e+05
4.051048046875000000e+04
7.557268750000000000e+04
1.843960742187500000e+04
1.745046093750000000e+04
3.286329589843750000e+03
2.637963867187500000e+04
4.382195312500000000e+03
2.747254394531250000e+03
1.066979394531250000e+04
2.702356201171875000e+03
7.484075000000000000e+04
2.681791748046875000e+03
7.069548950195312500e+02
5.884844238281250000e+03
1.876818725585937500e+03
5.583761875000000000e+05
1.176611171875000000e+05
2.225083007812500000e+04
4.564943359375000000e+04
9.753297656250000000e+04
6.427667578125000000e+04
5.339180859375000000e+04
4.946500781250000000e+04
2.833351171875000000e+04
1.063231835937500000e+04
2.427402343750000000e+04
6.594159667968750000e+03
5.585983886718750000e+03
6.172932128906250000e+03
9.757283935546875000e+02
1.379462890625000000e+03
1.482996093750000000e+04
2.179441750000000000e+06
1.369081347656250000e+04
1.695322000000000000e+06
3.761378515625000000e+04
7.459811000000000000e+06
8.912633593750000000e+04
2.635498046875000000e+03
1.232883281250000000e+05
5.009054687500000000e+04
4.498549804687500000e+03
6.209154785156250000e+03
8.477663085937500000e+03
4.186455566406250000e+03
1.699235546875000000e+04
2.935573437500000000e+04
5.144571484375000000e+04
4.682590820312500000e+03
5.325339843750000000e+03
3.714240234375000000e+03
2.314101562500000000e+04
4.181306640625000000e+03
1.084013867187500000e+04
4.338995312500000000e+04
1.162129375000000000e+05
2.658702539062500000e+04
7.473590625000000000e+04
5.329575390625000000e+04
8.369707031250000000e+03
1.977352734375000000e+04
5.344667578125000000e+04
4.319692578125000000e+04
1.774170117187500000e+04
5.480962000000000000e+06
7.448921093750000000e+04
3.175106835937500000e+04
4.186455566406250000e+03
6.553062500000000000e+04
6.757047656250000000e+04
2.056159687500000000e+05
2.525293000000000000e+06
6.449841406250000000e+04
2.856677343750000000e+04
5.007976875000000000e+05
1.450076904296875000e+03
1.014922460937500000e+04
4.186455566406250000e+03
1.198663085937500000e+03
1.152925585937500000e+04
4.807372265625000000e+04
1.706131347656250000e+03
2.882028564453125000e+03
1.954001757812500000e+04
5.041530761718750000e+03
3.100675292968750000e+03
7.843248437500000000e+04
1.433081347656250000e+04
7.018225781250000000e+04
1.960821289062500000e+04
7.527467187500000000e+04
2.700173437500000000e+04
1.708533984375000000e+04
6.450345312500000000e+04
3.618358203125000000e+04
2.156530859375000000e+04
1.740689257812500000e+04
2.883059250000000000e+06
4.950318359375000000e+04
2.488191601562500000e+04
9.399943359375000000e+03
4.936770507812500000e+03
4.193983984375000000e+04
1.058472500000000000e+06
1.270141796875000000e+05
5.221911328125000000e+04
1.179079492187500000e+04
2.516274843750000000e+05
7.028731200000000000e+07
7.448921093750000000e+04
2.091374804687500000e+04
7.018225781250000000e+04
3.657124218750000000e+04
4.574989453125000000e+04
1.563562125000000000e+06
5.747565625000000000e+05
4.307762109375000000e+04
7.167933593750000000e+04
6.516349375000000000e+05
1.121069250000000000e+06
7.349228906250000000e+04
1.478698750000000000e+05
5.591918359375000000e+04
3.268497812500000000e+05
4.422875000000000000e+05
8.921282031250000000e+04
3.084995000000000000e+05
7.297228000000000000e+06
6.680706250000000000e+04
6.497242968750000000e+04
1.240539355468750000e+04
9.282625781250000000e+04
5.997875781250000000e+04
7.283421875000000000e+05
2.700460750000000000e+06
5.345380859375000000e+04
6.946819531250000000e+04
7.808986875000000000e+05
1.970822800000000000e+07
4.873683929443359375e+01
5.756012500000000000e+04
2.292984199523925781e+01
9.684163281250000000e+04
5.462991333007812500e+01
1.540931549072265625e+02
3.311723000000000000e+06
1.724545745849609375e+02
8.331359863281250000e+01
4.710839843750000000e+02
6.692746093750000000e+04
3.112989746093750000e+03
1.810181640625000000e+03
1.668119726562500000e+04
8.680430297851562500e+02
1.268395117187500000e+04
1.419246826171875000e+03
7.923766479492187500e+02
1.723627343750000000e+04
3.581775781250000000e+04
2.136715429687500000e+04
9.613991210937500000e+03
5.975879394531250000e+03
7.174888671875000000e+03
7.047653320312500000e+03
4.195566406250000000e+03
6.849469600000000000e+07
4.414913000000000000e+06
2.693735351562500000e+04
1.215275859375000000e+05
1.281410625000000000e+05
8.207614257812500000e+03
5.066108500000000000e+06
8.363137500000000000e+06
1.676452812500000000e+05
1.144782109375000000e+05
2.605002000000000000e+06
4.463825937500000000e+05
2.381124414062500000e+04
7.624012500000000000e+04
6.059862500000000000e+04
3.381224609375000000e+04
8.630727343750000000e+04
6.742164843750000000e+04
8.289398437500000000e+04
1.430680761718750000e+04
2.370719238281250000e+03
6.967926269531250000e+03
4.395819531250000000e+04
1.200216015625000000e+04
1.645520507812500000e+04
3.514050537109375000e+03
7.908754394531250000e+03
3.005443164062500000e+04
2.440566406250000000e+04
6.817809375000000000e+04
1.920046752929687500e+03
8.972274414062500000e+03
3.676178515625000000e+04
1.908848266601562500e+03
5.614845703125000000e+03
1.967824023437500000e+04
1.444395629882812500e+03
8.727707519531250000e+02
1.633447250000000000e+06
4.101898828125000000e+04
1.087678027343750000e+04
8.158802246093750000e+03
4.804118652343750000e+03
5.076929687500000000e+04
6.721517968750000000e+04
1.095366796875000000e+05
2.368752929687500000e+04
2.328536621093750000e+03
4.520083984375000000e+04
3.349973750000000000e+05
7.098375000000000000e+04
4.355662109375000000e+04
1.254499218750000000e+04
2.147786914062500000e+04
4.919482812500000000e+04
3.480729687500000000e+04
1.850330156250000000e+05
6.183776562500000000e+04
7.532036621093750000e+03
3.208652343750000000e+04
7.892876464843750000e+03
2.274434250000000000e+06
1.468324121093750000e+04
9.868700000000000000e+04
9.948736328125000000e+03
7.459811000000000000e+06
9.468472656250000000e+03
1.617213623046875000e+03
1.289880468750000000e+05
1.066407519531250000e+04
2.196486083984375000e+03
1.262728375000000000e+06
6.499554500000000000e+06
3.811889062500000000e+04
1.850992431640625000e+03
4.882605468750000000e+03
3.088691992187500000e+04
6.397879375000000000e+05
1.517792968750000000e+04
3.227883750000000000e+05
8.296649780273437500e+02
3.262990039062500000e+04
5.930535937500000000e+04
6.573499023437500000e+03
1.543338625000000000e+06
4.454293359375000000e+04
8.800193125000000000e+05
3.733369375000000000e+05
3.827962158203125000e+03
3.567233125000000000e+05
2.652470000000000000e+05
9.716291406250000000e+04
5.562769921875000000e+04
8.033630625000000000e+05
1.642746484375000000e+04
7.018225781250000000e+04
2.647117187500000000e+04
2.686745312500000000e+05
3.338005859375000000e+04
1.939292187500000000e+04
3.667754062500000000e+05
4.443584375000000000e+04
4.470042968750000000e+04
3.108106250000000000e+04
6.497628417968750000e+03
3.549267968750000000e+04
4.659906250000000000e+03
1.403084472656250000e+04
1.020541796875000000e+04
5.498590234375000000e+04
2.192551562500000000e+04
4.888696289062500000e+03
5.852131835937500000e+03
8.187051757812500000e+03
9.358310546875000000e+03
9.198308593750000000e+03
1.257770019531250000e+04
1.528709179687500000e+04
3.033979687500000000e+04
2.412863671875000000e+04
6.181623828125000000e+04
1.558015039062500000e+04
9.590234375000000000e+03
1.135628906250000000e+04
4.643244140625000000e+04
2.150396093750000000e+04
4.521731000000000000e+06
7.448921093750000000e+04
2.267828515625000000e+04
3.549267968750000000e+04
5.570595703125000000e+03
5.492635937500000000e+04
6.299034375000000000e+04
1.845700781250000000e+04
5.739891601562500000e+03
6.614102050781250000e+03
6.539946289062500000e+03
8.813887939453125000e+02
4.763164000000000000e+06
2.267208007812500000e+04
1.787396606445312500e+03
5.172451660156250000e+03
5.474369628906250000e+03
2.396038085937500000e+03
1.550563232421875000e+03
4.708270625000000000e+05
8.911842041015625000e+02
2.548910156250000000e+03
1.626135468750000000e+05
4.672892187500000000e+04
9.735970703125000000e+03
1.257770019531250000e+04
9.779152343750000000e+03
3.165531250000000000e+04
2.709873632812500000e+04
2.926449414062500000e+04
2.088082226562500000e+04
6.146716308593750000e+03
9.526446289062500000e+03
1.424113800000000000e+07
4.435876953125000000e+03
5.241052734375000000e+03
5.810321875000000000e+04
1.185241484375000000e+05
4.195448046875000000e+04
2.722292250000000000e+06
4.386777812500000000e+05
7.144411132812500000e+03
6.993883593750000000e+04
2.609815937500000000e+05
1.171741250000000000e+05
3.896281640625000000e+04
2.526617382812500000e+04
2.495934765625000000e+04
1.612760781250000000e+05
6.071136718750000000e+04
3.416840625000000000e+04
2.109240625000000000e+05
5.287917968750000000e+04
6.289118359375000000e+04
6.653353125000000000e+04
1.329821093750000000e+05
4.470935500000000000e+06
9.294076875000000000e+05
2.875781835937500000e+04
8.237031875000000000e+05
2.735222851562500000e+04
1.052888359375000000e+05
8.846016406250000000e+04
2.281216000000000000e+07
1.846542875000000000e+06
1.653155468750000000e+05
9.206242187500000000e+04
4.881057500000000000e+05
3.111312109375000000e+04
1.150217800000000000e+07
3.095830000000000000e+07
1.960097625000000000e+06
1.528068281250000000e+05
1.904486800000000000e+07
3.336621093750000000e+04
2.189997656250000000e+04
2.311145898437500000e+04
7.323181250000000000e+04
2.093865429687500000e+04
1.950700390625000000e+04
2.549579296875000000e+04
1.793055273437500000e+04
6.820020996093750000e+03
5.652439941406250000e+03
4.115202148437500000e+03
9.660740234375000000e+03
4.969139453125000000e+04
2.757183984375000000e+04
5.717629882812500000e+03
8.532705078125000000e+03
1.359766406250000000e+04
1.500336621093750000e+04
1.072776269531250000e+04
1.986231200000000000e+07
4.565269531250000000e+04
2.349841015625000000e+04
6.934355468750000000e+04
5.560170703125000000e+04
5.715059765625000000e+04
6.496115625000000000e+05
3.536030468750000000e+04
7.500728515625000000e+03
6.032295312500000000e+04
1.353167285156250000e+04
6.259057031250000000e+04
1.622935156250000000e+04
4.213721093750000000e+04
2.906731054687500000e+04
1.316081347656250000e+04
5.613079101562500000e+03
1.116104394531250000e+04
1.476113159179687500e+03
1.974263549804687500e+03
1.846542875000000000e+06
2.320052539062500000e+04
2.034663330078125000e+03
6.189487792968750000e+03
4.229140625000000000e+04
2.898643066406250000e+03
2.525291992187500000e+03
9.636734375000000000e+04
1.693331176757812500e+03
3.448197509765625000e+03
6.897920312500000000e+04
1.928279882812500000e+04
1.543338625000000000e+06
3.694860156250000000e+04
3.137128750000000000e+05
1.865683250000000000e+06
5.184973144531250000e+03
2.624829687500000000e+05
1.178977375000000000e+06
2.387575937500000000e+05
1.459393125000000000e+05
1.684800976562500000e+04
1.556301406250000000e+05
1.655266250000000000e+05
5.158349609375000000e+02
8.957763671875000000e+03
4.001208984375000000e+04
1.824122192382812500e+03
9.600823242187500000e+03
2.544132500000000000e+05
8.850789794921875000e+02
3.809529785156250000e+03
2.585178500000000000e+06
7.938885000000000000e+05
2.763228271484375000e+03
7.625733398437500000e+03
1.351602636718750000e+04
3.102964453125000000e+04
7.166721250000000000e+05
2.523383398437500000e+04
4.294033593750000000e+04
2.357246582031250000e+03
2.460164062500000000e+04
1.509730875000000000e+06
1.080225000000000000e+05
1.771456640625000000e+04
4.077498437500000000e+04
1.105682812500000000e+05
1.197302187500000000e+05
1.893425195312500000e+04
3.323393359375000000e+04
1.747761718750000000e+05
3.580798828125000000e+04
2.908319726562500000e+04
5.886421093750000000e+04
4.918411132812500000e+03
1.695308471679687500e+03
2.902512109375000000e+04
2.989062988281250000e+03
7.028731200000000000e+07
7.442075000000000000e+04
1.687950781250000000e+05
6.982727343750000000e+04
3.498446562500000000e+05
5.649983984375000000e+04
1.566245500000000000e+06
3.951366750000000000e+06
1.575802929687500000e+04
1.369383593750000000e+05
2.037110000000000000e+05
5.552159375000000000e+04
7.504822265625000000e+03
9.565260156250000000e+04
1.360848632812500000e+04
2.832537695312500000e+04
5.736842773437500000e+03
1.707755468750000000e+04
6.128462890625000000e+03
1.805370000000000000e+06
2.687498750000000000e+05
5.721118359375000000e+04
7.214369531250000000e+04
2.124328710937500000e+04
5.982061523437500000e+03
6.318708984375000000e+04
9.420019531250000000e+03
1.540225390625000000e+04
1.507190375000000000e+06
4.449103027343750000e+03
1.695322000000000000e+06
7.786712402343750000e+03
2.560098906250000000e+05
8.466569531250000000e+04
6.740390625000000000e+02
4.580512109375000000e+04
9.195124023437500000e+03
2.054271728515625000e+03
2.082543125000000000e+06
3.434907958984375000e+03
1.287692718505859375e+02
5.952515625000000000e+04
5.066426696777343750e+02
4.028075256347656250e+02
5.211581562500000000e+05
2.420741882324218750e+02
4.321226882934570312e+01
2.768134460449218750e+02
7.398255920410156250e+01
9.677451562500000000e+04
1.084494726562500000e+04
6.410166992187500000e+03
1.786316601562500000e+04
2.660560058593750000e+03
4.689228515625000000e+03
4.220844238281250000e+03
1.200665771484375000e+03
2.995560302734375000e+03
3.549267968750000000e+04
6.383865625000000000e+04
3.587909375000000000e+04
1.623583691406250000e+04
8.686805468750000000e+04
1.710082812500000000e+04
2.995560302734375000e+03
3.549267968750000000e+04
3.587909375000000000e+04
1.710082812500000000e+04
1.519380000000000000e+05
4.051048046875000000e+04
6.274150625000000000e+05
9.676099395751953125e+01
2.949149414062500000e+04
7.114021301269531250e+01
2.931726684570312500e+02
1.547231140136718750e+02
5.441601875000000000e+05
1.154666796875000000e+05
7.010130468750000000e+04
2.142707968750000000e+05
1.770608281250000000e+05
7.316591406250000000e+04
2.507920937500000000e+05
1.949645781250000000e+05
7.097400000000000000e+04
9.578606250000000000e+04
1.188485468750000000e+05
2.040788879394531250e+02
3.020114257812500000e+04
2.523981933593750000e+03
9.617701562500000000e+04
3.743284765625000000e+04
7.458559082031250000e+03
1.036882324218750000e+03
1.420717773437500000e+03
5.956741210937500000e+03
4.538250000000000000e+03
1.276302734375000000e+03
7.012738750000000000e+05
1.056887500000000000e+04
1.155886230468750000e+04
5.363105078125000000e+04
7.863969238281250000e+03
6.863024218750000000e+04
2.848924072265625000e+03
4.351350585937500000e+03
7.028731200000000000e+07
7.000630625000000000e+05
3.600932031250000000e+04
5.282907812500000000e+04
9.668087500000000000e+04
5.796616210937500000e+03
1.980513125000000000e+06
7.360986500000000000e+06
5.483356640625000000e+04
9.229250000000000000e+03
3.270346562500000000e+05
3.178393250000000000e+06
4.708964062500000000e+04
1.846008984375000000e+04
3.549267968750000000e+04
1.042304199218750000e+04
4.124383593750000000e+04
8.559805468750000000e+04
1.074426250000000000e+05
1.284346777343750000e+04
1.127685058593750000e+04
2.577954296875000000e+04
2.885735600000000000e+07
6.660559375000000000e+04
9.377501953125000000e+03
1.320165820312500000e+04
6.350509765625000000e+03
3.514184765625000000e+04
3.393878500000000000e+06
8.043993750000000000e+04
3.628588623046875000e+03
2.133494140625000000e+04
7.893607812500000000e+04
7.603093750000000000e+04
1.446864453125000000e+04
7.096317968750000000e+04
8.903101562500000000e+04
5.087064453125000000e+04
1.823951367187500000e+04
7.320828125000000000e+04
1.896181054687500000e+04
5.347488125000000000e+05
1.446250156250000000e+05
1.183758281250000000e+05
3.798701171875000000e+04
1.390007968750000000e+05
5.287917968750000000e+04
8.805866406250000000e+04
1.045998593750000000e+05
2.765725585937500000e+03
2.728363085937500000e+04
3.914421997070312500e+02
8.290858398437500000e+03
3.597008984375000000e+04
1.742651977539062500e+03
9.239282226562500000e+03
4.250947570800781250e+02
6.250589355468750000e+03
1.118709350585937500e+03
1.698893798828125000e+03
1.237995703125000000e+04
2.910456250000000000e+04
3.642273193359375000e+03
3.761023437500000000e+04
9.517196875000000000e+04
8.642126562500000000e+04
1.232479882812500000e+04
2.296219335937500000e+04
3.754683837890625000e+03
9.504853125000000000e+04
2.282333593750000000e+04
1.512199804687500000e+04
1.928279882812500000e+04
3.946422119140625000e+03
1.521117480468750000e+04
1.352691113281250000e+04
1.391300683593750000e+04
1.853120239257812500e+03
2.674025146484375000e+03
3.381354980468750000e+03
5.993884277343750000e+03
2.202434326171875000e+03
6.650295312500000000e+04
8.032242187500000000e+03
7.114564941406250000e+03
4.800559765625000000e+04
1.448630000000000000e+05
9.725242919921875000e+02
4.278458984375000000e+03
3.624997314453125000e+03
1.879667205810546875e+02
1.613968383789062500e+03
1.283957366943359375e+02
7.687591406250000000e+04
3.422532187500000000e+05
6.555060058593750000e+03
4.500631835937500000e+03
5.458794433593750000e+03
3.688890869140625000e+03
2.794950866699218750e+02
3.149960327148437500e+02
1.846542875000000000e+06
4.471582812500000000e+04
5.662207812500000000e+04
3.500420703125000000e+04
8.754000000000000000e+03
6.040457812500000000e+04
6.211225000000000000e+04
2.013244375000000000e+05
6.302141796875000000e+04
3.367830078125000000e+04
3.143131250000000000e+04
1.958447187500000000e+05
2.484706054687500000e+04
7.674999218750000000e+04
6.055680078125000000e+04
6.755784375000000000e+04
6.095427734375000000e+04
4.168960156250000000e+04
8.046379687500000000e+04
1.742941406250000000e+05
2.362399804687500000e+04
4.620195312500000000e+04
1.913121679687500000e+04
3.431320312500000000e+04
2.738180078125000000e+04
1.805713476562500000e+04
1.056484472656250000e+04
2.785760009765625000e+03
1.157037475585937500e+03
2.759969921875000000e+04
2.606799011230468750e+02
2.621068750000000000e+04
2.879220275878906250e+02
5.215581054687500000e+02
5.462347167968750000e+03
9.155855102539062500e+02
1.771849670410156250e+02
4.352477722167968750e+02
1.464550488281250000e+04
7.473071289062500000e+03
2.389594140625000000e+04
3.719303222656250000e+03
1.605650097656250000e+04
2.748432861328125000e+03
8.262494140625000000e+03
3.976642333984375000e+03
1.780370507812500000e+04
4.389571289062500000e+03
2.573260986328125000e+03
2.228149414062500000e+04
1.673411718750000000e+04
3.761378515625000000e+04
1.142609863281250000e+03
2.430198730468750000e+03
7.285885009765625000e+02
1.143044433593750000e+03
1.430463562011718750e+02
5.085424804687500000e+03
1.148863085937500000e+04
3.090182812500000000e+04
5.131686523437500000e+03
5.384112304687500000e+03
4.557330859375000000e+04
1.804943481445312500e+03
2.169063720703125000e+03
2.075957812500000000e+04
5.405060058593750000e+03
1.675364501953125000e+03
3.927787187500000000e+05
1.816564875000000000e+06
2.765510000000000000e+06
1.492306250000000000e+04
1.462588000000000000e+06
6.176591796875000000e+04
1.543461250000000000e+05
1.137170625000000000e+05
5.242069500000000000e+06
6.101499609375000000e+04
5.338106250000000000e+04
8.568563476562500000e+03
8.431080078125000000e+03
7.542716406250000000e+04
7.359321875000000000e+04
1.566250781250000000e+05
1.267748046875000000e+04
3.236114013671875000e+03
1.730256640625000000e+04
3.082059375000000000e+04
7.742864062500000000e+04
1.576566503906250000e+04
9.824456054687500000e+03
5.788113281250000000e+03
4.254710937500000000e+03
1.103287475585937500e+03
1.050203125000000000e+03
1.411172851562500000e+04
1.720667578125000000e+04
2.994670898437500000e+04
2.979864453125000000e+04
3.549267968750000000e+04
7.225647656250000000e+04
3.027108886718750000e+03
3.145486816406250000e+03
2.015097460937500000e+04
1.539372167968750000e+04
8.622926025390625000e+02
1.878796562500000000e+05
3.301413437500000000e+05
5.153179296875000000e+04
2.874265625000000000e+04
1.531580156250000000e+05
5.272735546875000000e+04
3.838606689453125000e+03
4.613885156250000000e+04
8.025180053710937500e+02
3.454129296875000000e+04
3.115837304687500000e+04
2.925439257812500000e+04
1.247354101562500000e+04
7.663836718750000000e+04
4.656871582031250000e+03
1.298521118164062500e+03
1.562443457031250000e+04
2.768144531250000000e+04
5.513694335937500000e+03
7.439989062500000000e+04
1.220249125000000000e+06
3.861630312500000000e+05
2.103452734375000000e+04
1.292497187500000000e+05
6.757028125000000000e+04
8.697664843750000000e+04
4.040283203125000000e+04
1.024574140625000000e+05
1.911327148437500000e+04
7.718644531250000000e+04
5.373349609375000000e+04
1.344723632812500000e+04
1.192537890625000000e+04
2.966725341796875000e+03
9.117082519531250000e+02
3.611111718750000000e+04
1.168845625000000000e+06
1.361814375000000000e+05
5.050497500000000000e+06
2.318223437500000000e+04
8.763936875000000000e+05
1.781303125000000000e+04
9.406287500000000000e+05
7.394048750000000000e+05
1.948626875000000000e+05
1.884663867187500000e+04
4.123115722656250000e+03
4.010615722656250000e+03
9.040168750000000000e+04
2.374115429687500000e+04
1.665496679687500000e+04
3.932318847656250000e+03
1.649266406250000000e+04
3.636003906250000000e+04
7.093928125000000000e+05
3.593878500000000000e+06
2.265308007812500000e+04
8.269641250000000000e+05
6.526834960937500000e+03
7.024746875000000000e+05
1.994306718750000000e+05
7.260192800000000000e+07
6.989556250000000000e+04
4.816150781250000000e+04
6.397639843750000000e+04
1.221902421875000000e+05
7.812565625000000000e+04
1.693670250000000000e+06
4.545958750000000000e+05
1.808688476562500000e+04
7.516284375000000000e+04
3.176542382812500000e+04
4.546638000000000000e+06
6.057089062500000000e+04
4.341317187500000000e+04
3.268477539062500000e+04
5.179699218750000000e+03
4.428760156250000000e+04
5.687297265625000000e+04
1.865269218750000000e+05
5.763669921875000000e+04
5.939510742187500000e+03
5.479764843750000000e+04
2.049029296875000000e+04
9.704560546875000000e+03
3.121101757812500000e+04
3.497042724609375000e+03
5.052632324218750000e+03
8.746872070312500000e+03
9.712489624023437500e+02
1.139261596679687500e+03
4.361086425781250000e+03
3.549267968750000000e+04
1.443662475585937500e+03
2.902755664062500000e+04
2.223294726562500000e+04
2.299184375000000000e+04
2.237470117187500000e+04
4.179604003906250000e+03
4.595989746093750000e+03
4.253791406250000000e+04
1.167051171875000000e+04
2.865511250000000000e+05
4.013480859375000000e+04
2.442541210937500000e+04
4.724077734375000000e+04
1.418619218750000000e+05
5.840021093750000000e+04
6.388963281250000000e+04
1.508612968750000000e+05
6.083551562500000000e+04
9.423225000000000000e+04
6.322066406250000000e+04
2.946728710937500000e+04
1.175151269531250000e+04
3.621738281250000000e+03
5.570616796875000000e+04
5.642232421875000000e+03
1.845113403320312500e+03
6.634909179687500000e+03
4.451637207031250000e+03
2.888111914062500000e+04
7.869948730468750000e+03
6.809810058593750000e+03
2.720552539062500000e+04
2.546806445312500000e+04
2.385823046875000000e+04
3.687117675781250000e+03
2.977289550781250000e+03
8.500597534179687500e+02
3.085255371093750000e+03
5.749659423828125000e+02
8.037070312500000000e+04
1.543338625000000000e+06
1.253867750000000000e+06
3.211322265625000000e+04
5.166474687500000000e+05
2.599125976562500000e+04
3.366550625000000000e+05
1.578008125000000000e+05
1.644442968750000000e+04
5.988161000000000000e+06
1.166005937500000000e+05
2.549816162109375000e+03
1.114685253906250000e+04
6.383865625000000000e+04
6.473317382812500000e+03
1.644442968750000000e+04
5.988161000000000000e+06
2.549816162109375000e+03
6.473317382812500000e+03
4.761983593750000000e+04
3.501392089843750000e+03
3.157646484375000000e+04
1.242254980468750000e+04
4.533628906250000000e+03
3.665651611328125000e+03
1.509532714843750000e+04
4.299507812500000000e+03
1.620664355468750000e+04
4.226462500000000000e+05
5.113151500000000000e+06
2.242340625000000000e+04
4.226462500000000000e+05
7.156026611328125000e+02
2.093982187500000000e+05
2.123083203125000000e+04
8.188755200000000000e+07
5.283702500000000000e+06
2.117098242187500000e+04
3.008549023437500000e+04
3.531042578125000000e+04
1.894770141601562500e+03
1.964885200000000000e+07
4.944315625000000000e+05
8.094654687500000000e+04
3.779450195312500000e+03
3.017131250000000000e+05
3.350600781250000000e+04
5.382454101562500000e+03
1.663333007812500000e+04
6.182001562500000000e+04
8.464130859375000000e+03
8.068068359375000000e+03
1.779063671875000000e+04
1.447219042968750000e+04
1.430134218750000000e+05
3.169185791015625000e+03
6.259063281250000000e+04
1.270928046875000000e+05
3.169185791015625000e+03
1.261939550781250000e+04
3.353881250000000000e+04
2.532330810546875000e+03
9.972535156250000000e+04
7.649248535156250000e+03
1.803149414062500000e+04
5.229651171875000000e+04
1.537972070312500000e+04
1.125133496093750000e+04
2.690384765625000000e+04
6.030821777343750000e+03
1.067050585937500000e+04
1.375751464843750000e+04
1.911327148437500000e+04
2.125735546875000000e+04
7.523018066406250000e+03
6.988090625000000000e+04
4.115853515625000000e+03
4.284687011718750000e+03
3.016227050781250000e+03
6.401185546875000000e+03
7.289796142578125000e+02
3.187648193359375000e+03
1.670136718750000000e+04
1.047430419921875000e+03
1.599400585937500000e+04
7.898872070312500000e+03
5.773495703125000000e+04
7.225598632812500000e+03
2.347998779296875000e+03
1.800288281250000000e+04
3.093376171875000000e+04
1.257995507812500000e+04
1.539364531250000000e+05
7.448921093750000000e+04
9.037660000000000000e+05
4.195214355468750000e+03
1.468641796875000000e+04
8.686805468750000000e+04
4.608322265625000000e+04
1.539364531250000000e+05
7.448921093750000000e+04
4.195214355468750000e+03
4.608322265625000000e+04
2.473831445312500000e+04
7.749046875000000000e+04
5.663903515625000000e+04
1.120439687500000000e+05
3.711830859375000000e+04
5.532032031250000000e+04
3.835116796875000000e+04
5.566362792968750000e+03
4.904810546875000000e+04
2.229660742187500000e+04
9.833118164062500000e+03
1.533915722656250000e+04
3.518629150390625000e+03
1.313891601562500000e+04
5.560807031250000000e+04
1.173679394531250000e+04
8.587438476562500000e+03
6.965022949218750000e+03
5.928337890625000000e+03
3.995124511718750000e+03
2.988261962890625000e+03
4.186455566406250000e+03
9.002944335937500000e+02
3.549267968750000000e+04
1.226173144531250000e+04
7.286969604492187500e+02
5.599677124023437500e+02
2.567446533203125000e+03
2.534772216796875000e+03
3.409504394531250000e+02
5.078987890625000000e+04
1.556301406250000000e+05
1.941390820312500000e+04
2.339509521484375000e+03
1.420165136718750000e+04
1.538944921875000000e+04
6.435051269531250000e+03
1.543491308593750000e+04
5.624099218750000000e+04
3.510110839843750000e+03
7.024131835937500000e+03
6.557364062500000000e+04
1.163617500000000000e+05
7.018225781250000000e+04
1.398967578125000000e+04
6.949403906250000000e+04
3.896750000000000000e+04
1.356788281250000000e+04
6.296367968750000000e+04
7.118461718750000000e+04
1.511699414062500000e+04
2.145309765625000000e+04
1.669816406250000000e+04
8.217087500000000000e+05
8.407536132812500000e+03
8.453055468750000000e+04
2.115025937500000000e+05
2.066036523437500000e+04
2.577103710937500000e+04
8.785826171875000000e+03
7.125812011718750000e+03
2.488125390625000000e+04
2.713304443359375000e+03
8.494698437500000000e+04
4.051048046875000000e+04
3.517237187500000000e+05
2.783297070312500000e+04
3.308596484375000000e+04
3.031593554687500000e+04
2.898039257812500000e+04
1.964488085937500000e+04
3.897819375000000000e+05
4.286022265625000000e+04
4.560548046875000000e+04
1.173378906250000000e+03
1.069458203125000000e+04
1.480233496093750000e+04
4.630102343750000000e+04
3.897819375000000000e+05
4.286022265625000000e+04
1.173378906250000000e+03
4.630102343750000000e+04
3.884375312500000000e+05
5.776839062500000000e+04
4.253750781250000000e+04
9.291624023437500000e+03
1.188678125000000000e+04
4.384452343750000000e+04
3.873082421875000000e+04
1.993517656250000000e+05
5.647797265625000000e+04
5.731160156250000000e+03
3.488433203125000000e+04
1.540225390625000000e+04
1.507190375000000000e+06
7.814858886718750000e+03
1.695322000000000000e+06
3.761378515625000000e+04
7.459811000000000000e+06
8.466569531250000000e+04
1.802598388671875000e+03
1.389072500000000000e+05
5.009054687500000000e+04
5.001754882812500000e+03
4.024376000000000000e+07
6.392455468750000000e+04
1.405484218750000000e+05
4.699779687500000000e+04
2.854443125000000000e+05
8.706196093750000000e+04
1.796605600000000000e+07
4.024376000000000000e+07
6.392455468750000000e+04
4.699779687500000000e+04
1.796605600000000000e+07
5.755945682525634766e+00
4.113715500000000000e+06
5.258389711380004883e-01
2.810557842254638672e+00
9.156447649002075195e-01
3.650304317474365234e+00
1.563175916671752930e-01
5.017416477203369141e-01
3.464009765625000000e+03
8.992673828125000000e+03
2.688362548828125000e+03
5.839425390625000000e+04
1.942655395507812500e+03
6.542249755859375000e+02
4.473743164062500000e+03
1.363934448242187500e+03
9.469650268554687500e+02
1.733013000000000000e+06
1.149882109375000000e+05
3.521416748046875000e+03
6.344251171875000000e+04
7.606836547851562500e+02
3.349903906250000000e+04
2.621453710937500000e+04
4.334594500000000000e+06
3.434907958984375000e+03
5.385370605468750000e+03
7.018225781250000000e+04
2.660163437500000000e+05
5.732363671875000000e+04
6.195734375000000000e+05
2.116797500000000000e+05
1.430026245117187500e+03
1.187890468750000000e+05
4.221612890625000000e+04
3.943942250000000000e+06
4.609877000000000000e+06
2.091404492187500000e+04
5.360024414062500000e+03
7.333592773437500000e+03
4.028479736328125000e+03
1.169047375000000000e+06
1.512417500000000000e+05
5.071466406250000000e+04
1.834942993164062500e+03
5.687655468750000000e+04
3.877051562500000000e+04
7.170090500000000000e+06
7.558289062500000000e+03
5.588478027343750000e+03
6.410552734375000000e+03
6.504741699218750000e+03
8.164877319335937500e+02
1.147903442382812500e+03
8.033630625000000000e+05
3.346986007690429688e+01
7.018225781250000000e+04
6.489266395568847656e+00
2.686745312500000000e+05
1.893921279907226562e+01
2.089369773864746094e+01
3.667754062500000000e+05
5.341697692871093750e+01
1.823983383178710938e+01
5.224896621704101562e+01
1.098854062500000000e+05
1.911327148437500000e+04
4.225753125000000000e+05
4.814337109375000000e+04
8.224957031250000000e+03
1.151158789062500000e+04
8.477849609375000000e+03
1.214110229492187500e+03
9.403842187500000000e+04
2.085076875000000000e+05
1.884441015625000000e+04
4.062543212890625000e+03
2.323508984375000000e+04
4.368230957031250000e+03
1.845827539062500000e+04
2.422744140625000000e+04
5.783084375000000000e+04
4.161248535156250000e+03
2.084071289062500000e+04
1.390216992187500000e+04
1.872942500000000000e+06
1.643362500000000000e+05
1.221397070312500000e+04
4.560039453125000000e+04
4.975920703125000000e+04
4.117553125000000000e+04
1.451522363281250000e+04
2.011972375000000000e+06
1.235402050781250000e+04
4.349390234375000000e+04
1.970822800000000000e+07
4.672892187500000000e+04
1.516217480468750000e+04
7.018225781250000000e+04
1.129293203125000000e+05
7.296745312500000000e+04
6.652031875000000000e+05
1.687012500000000000e+05
1.932932812500000000e+04
6.717864843750000000e+04
3.039636132812500000e+04
8.384178400000000000e+07
3.917689895629882812e+01
1.676195703125000000e+04
1.819980430603027344e+01
2.789473046875000000e+04
5.878779983520507812e+01
1.164288787841796875e+02
8.429314843750000000e+04
1.774997863769531250e+02
7.383610534667968750e+01
3.193352966308593750e+02
2.557058593750000000e+05
2.240245156250000000e+05
2.024005625000000000e+05
1.353434843750000000e+05
2.397547265625000000e+04
8.915584375000000000e+04
2.556353906250000000e+05
1.211423750000000000e+05
2.027206562500000000e+05
2.285485546875000000e+04
1.207128984375000000e+05
1.036005761718750000e+04
1.846542875000000000e+06
1.672449414062500000e+04
1.264700000000000000e+04
1.332922558593750000e+04
1.207155761718750000e+04
1.745611914062500000e+04
8.796173828125000000e+03
8.625576562500000000e+04
7.154462402343750000e+03
2.189538281250000000e+04
4.657522000000000000e+06
7.104517968750000000e+04
9.037660000000000000e+05
2.653792773437500000e+04
3.823284765625000000e+04
8.779527343750000000e+04
5.859369140625000000e+04
4.657522000000000000e+06
7.104517968750000000e+04
2.653792773437500000e+04
5.859369140625000000e+04
1.147476484375000000e+05
3.701762812500000000e+05
4.713886562500000000e+05
7.504767187500000000e+04
4.064997314453125000e+03
3.320605468750000000e+04
4.066601171875000000e+04
4.633106250000000000e+04
1.395637343750000000e+05
1.373331445312500000e+04
2.339597265625000000e+04
7.927449600000000000e+07
3.656290817260742188e+01
9.042021875000000000e+05
2.004988861083984375e+01
4.547051250000000000e+05
8.160694122314453125e+00
2.126198883056640625e+02
7.921131200000000000e+07
3.656848144531250000e+01
2.005599594116210938e+01
2.126342468261718750e+02
1.744125200000000000e+07
4.692730468750000000e+04
4.332201562500000000e+04
6.893659375000000000e+04
9.567285937500000000e+04
7.090080468750000000e+04
1.374860250000000000e+06
2.041714000000000000e+06
3.764177343750000000e+04
1.852618593750000000e+05
1.044429250000000000e+06
3.551430664062500000e+03
9.223265625000000000e+03
2.202575976562500000e+04
1.562382187500000000e+05
4.592492578125000000e+04
9.064263281250000000e+04
1.039469824218750000e+04
2.216204345703125000e+03
5.912137207031250000e+03
1.120608515625000000e+05
7.677623535156250000e+03
5.163499511718750000e+03
1.354294335937500000e+04
2.838833789062500000e+04
9.123071093750000000e+04
5.230475097656250000e+03
8.879074218750000000e+03
2.431473046875000000e+04
7.856419433593750000e+03
5.612263281250000000e+04
1.482652343750000000e+04
3.631730859375000000e+04
4.604017187500000000e+04
1.618188574218750000e+04
9.110273437500000000e+04
8.480082031250000000e+03
5.703189941406250000e+03
3.200831445312500000e+04
1.055018359375000000e+04
5.137995117187500000e+03
1.915059082031250000e+03
4.785321250000000000e+05
3.923936523437500000e+03
9.868700000000000000e+04
2.562741015625000000e+04
1.541716718750000000e+05
4.749944824218750000e+03
3.583395996093750000e+03
4.049400634765625000e+03
2.552657031250000000e+04
3.854601318359375000e+03
1.312553100000000000e+07
6.793678125000000000e+04
3.175839843750000000e+04
1.061455078125000000e+05
2.757068164062500000e+04
5.066487109375000000e+04
9.483385000000000000e+06
8.669743125000000000e+05
6.400264062500000000e+04
5.335047656250000000e+04
1.794213500000000000e+06
3.460756347656250000e+03
4.339840625000000000e+05
3.731942968750000000e+04
1.023764843750000000e+04
1.184537109375000000e+04
1.063146679687500000e+04
7.775118750000000000e+04
4.862257812500000000e+03
9.040289843750000000e+04
3.328475097656250000e+03
1.362458789062500000e+04
1.225592089843750000e+04
4.851148828125000000e+04
9.574359375000000000e+03
4.018950781250000000e+04
8.414728906250000000e+04
8.359099218750000000e+04
1.225592089843750000e+04
2.449623632812500000e+04
9.574359375000000000e+03
8.414728906250000000e+04
2.449623632812500000e+04
8.423990234375000000e+03
3.761378515625000000e+04
2.076858984375000000e+04
6.193054199218750000e+03
1.416416137695312500e+03
5.595545410156250000e+03
8.938875732421875000e+02
8.283145751953125000e+02
8.149352050781250000e+03
1.928279882812500000e+04
9.840848632812500000e+03
2.816041015625000000e+03
1.690179931640625000e+03
1.722030273437500000e+04
1.231499389648437500e+03
1.135629882812500000e+03
7.520722656250000000e+03
5.308677368164062500e+02
3.848286437988281250e+02
7.028731200000000000e+07
7.122088281250000000e+04
1.609191718750000000e+05
6.140049609375000000e+04
3.398178437500000000e+05
5.407948046875000000e+04
1.537707375000000000e+06
3.812617000000000000e+06
1.378409765625000000e+04
1.240392187500000000e+05
2.045447812500000000e+05
5.972645263671875000e+02
8.671682128906250000e+02
2.466045898437500000e+03
3.442551025390625000e+03
2.781180419921875000e+02
1.925546875000000000e+02
2.629865722656250000e+03
1.627129364013671875e+02
3.922838750000000000e+05
1.419886035156250000e+04
3.260607031250000000e+04
1.384448046875000000e+04
1.419886035156250000e+04
5.008662890625000000e+04
1.887218994140625000e+03
1.688998168945312500e+03
5.914098510742187500e+02
9.869576875000000000e+05
7.011688281250000000e+04
3.908856811523437500e+02
2.914610290527343750e+02
7.107960156250000000e+04
5.369072875976562500e+02
3.914358215332031250e+02
1.487683437500000000e+05
2.734548034667968750e+02
3.712854919433593750e+02
3.901322750000000000e+06
3.434907958984375000e+03
2.038352148437500000e+04
5.200704687500000000e+04
6.056604375000000000e+05
8.696644531250000000e+04
5.203710000000000000e+05
3.959073250000000000e+06
3.461089843750000000e+03
5.421483203125000000e+04
5.255091875000000000e+05
3.337041015625000000e+04
4.254878906250000000e+04
2.304435351562500000e+04
8.201566406250000000e+03
1.473604687500000000e+04
5.623348437500000000e+04
2.153493164062500000e+04
2.972102148437500000e+04
1.097818203125000000e+05
1.812418164062500000e+04
3.365216796875000000e+04
5.529768554687500000e+03
6.216307128906250000e+03
8.178248535156250000e+03
8.024478906250000000e+04
2.961986132812500000e+04
7.196989843750000000e+04
4.374411132812500000e+03
3.425477050781250000e+03
2.343003906250000000e+03
5.105908203125000000e+04
2.011615844726562500e+03
6.532272265625000000e+04
9.661629375000000000e+05
1.234297500000000000e+06
4.084679296875000000e+04
4.398096250000000000e+05
3.860941650390625000e+03
7.920807812500000000e+04
3.150132617187500000e+04
1.430134218750000000e+05
1.906490039062500000e+04
1.911327148437500000e+04
3.855867187500000000e+05
1.918345625000000000e+06
3.674369921875000000e+04
1.906490039062500000e+04
1.911327148437500000e+04
2.183931152343750000e+03
3.674369921875000000e+04
2.183931152343750000e+03
1.060525234375000000e+05
7.649248535156250000e+03
1.768574687500000000e+05
3.369484765625000000e+04
2.473477539062500000e+04
1.618523535156250000e+04
5.389315625000000000e+04
1.017949121093750000e+04
1.953040234375000000e+04
1.834818625000000000e+06
1.342288375000000000e+06
3.328157714843750000e+03
8.564113125000000000e+05
7.656029296875000000e+03
2.626675312500000000e+05
1.777801093750000000e+05
2.371596832275390625e+02
1.371362152099609375e+02
1.251719894409179688e+02
3.678444140625000000e+04
1.175736250000000000e+05
6.191908203125000000e+04
1.923426208496093750e+02
2.549260253906250000e+02
1.287437591552734375e+02
1.705339843750000000e+05
2.323463287353515625e+02
4.932915039062500000e+03
1.254966888427734375e+02
1.077415136718750000e+04
6.750007629394531250e+01
6.303971557617187500e+02
2.000787231445312500e+03
2.803844604492187500e+02
4.453565673828125000e+02
1.161856835937500000e+04
3.292294921875000000e+04
7.018225781250000000e+04
1.815451293945312500e+03
3.592843261718750000e+03
3.936298046875000000e+04
2.690885986328125000e+03
1.150492578125000000e+04
5.088781640625000000e+04
2.843279052734375000e+03
3.396572509765625000e+03
4.373848437500000000e+04
1.308958496093750000e+04
1.015788378906250000e+04
1.203880078125000000e+04
5.398418945312500000e+03
6.438729003906250000e+03
1.462810546875000000e+03
1.092369750976562500e+03
1.518700878906250000e+04
3.470252734375000000e+04
1.307958984375000000e+04
3.600968261718750000e+03
1.449205371093750000e+04
3.424330566406250000e+03
4.774497558593750000e+03
4.670421386718750000e+03
3.487614843750000000e+04
1.284383671875000000e+05
1.958709375000000000e+04
1.161060351562500000e+04
2.220038281250000000e+04
1.490681835937500000e+04
6.229964843750000000e+03
1.333227734375000000e+04
5.205435058593750000e+03
8.667635742187500000e+03
7.279860839843750000e+03
1.860439086914062500e+03
1.015013732910156250e+03
1.867006347656250000e+03
5.557924804687500000e+02
2.843265075683593750e+02
2.799731200000000000e+07
7.000630625000000000e+05
4.635200390625000000e+04
1.326747167968750000e+04
1.086693359375000000e+05
6.089373437500000000e+04
8.517148750000000000e+05
1.674301000000000000e+06
3.168229375000000000e+05
9.924512695312500000e+03
2.400258125000000000e+05
7.178948242187500000e+03
4.925834375000000000e+04
1.396284875000000000e+06
5.008447656250000000e+04
6.947105625000000000e+05
1.544291250000000000e+06
5.371734375000000000e+03
4.367563437500000000e+05
9.394812500000000000e+05
3.598778750000000000e+05
3.337998750000000000e+05
2.029934531250000000e+05
7.448921093750000000e+04
9.037660000000000000e+05
5.384112304687500000e+03
1.681654492187500000e+04
8.686805468750000000e+04
5.022481640625000000e+04
2.029934531250000000e+05
7.448921093750000000e+04
5.384112304687500000e+03
5.022481640625000000e+04
2.914700781250000000e+04
3.453473437500000000e+05
7.018225781250000000e+04
1.337235351562500000e+04
8.792733398437500000e+03
5.568199609375000000e+04
4.704923828125000000e+04
5.539762695312500000e+03
1.354954843750000000e+05
1.888770141601562500e+03
3.623842529296875000e+03
7.028731200000000000e+07
5.025643000000000000e+06
4.635200390625000000e+04
2.961237500000000000e+04
1.129293203125000000e+05
1.005140039062500000e+04
1.526930400000000000e+07
3.667788750000000000e+05
2.033844843750000000e+05
8.372629882812500000e+03
5.991131875000000000e+05
1.215275859375000000e+05
1.013084687500000000e+05
7.018225781250000000e+04
8.530515625000000000e+03
3.549267968750000000e+04
6.121000781250000000e+04
8.876735156250000000e+04
1.496400976562500000e+04
2.406024531250000000e+05
3.414276953125000000e+04
2.936603906250000000e+04
6.846881347656250000e+03
2.075194335937500000e+03
4.186455566406250000e+03
3.897703125000000000e+03
2.417712109375000000e+04
2.364703515625000000e+04
1.592046508789062500e+03
6.948116210937500000e+03
3.629203186035156250e+02
1.628958105468750000e+04
2.350281738281250000e+03
6.384756469726562500e+02
3.549267968750000000e+04
1.120470625000000000e+05
1.303339160156250000e+04
4.835653320312500000e+03
5.543851953125000000e+04
3.914257812500000000e+03
1.119819946289062500e+03
2.129052734375000000e+04
8.188800781250000000e+03
3.879678466796875000e+03
3.127660156250000000e+04
1.423642285156250000e+04
9.754931640625000000e+03
2.460257812500000000e+04
1.050754760742187500e+03
1.116883886718750000e+04
1.359788818359375000e+03
4.206574707031250000e+02
7.028731200000000000e+07
7.448921093750000000e+04
1.099897421875000000e+05
7.018225781250000000e+04
2.962922187500000000e+05
4.882995312500000000e+04
1.563562125000000000e+06
4.046127750000000000e+06
1.231275585937500000e+04
1.537885312500000000e+05
2.189811093750000000e+05
4.198453000000000000e+06
6.664466406250000000e+04
3.016504296875000000e+04
3.549267968750000000e+04
8.477939453125000000e+03
6.166374218750000000e+04
5.756347656250000000e+04
1.565799531250000000e+05
5.832023437500000000e+04
3.478237500000000000e+04
2.017274023437500000e+04
1.354002441406250000e+04
1.928279882812500000e+04
1.543338625000000000e+06
5.116486328125000000e+03
1.293127187500000000e+05
1.865683250000000000e+06
2.483852050781250000e+03
7.537338281250000000e+04
1.178977375000000000e+06
8.961753906250000000e+04
5.310989453125000000e+04
6.021166796875000000e+04
7.657643554687500000e+03
6.800179687500000000e+04
2.045425195312500000e+04
1.594394238281250000e+04
6.154571289062500000e+03
1.104500390625000000e+04
3.768441406250000000e+03
7.089955200000000000e+07
7.090668750000000000e+04
1.636268906250000000e+05
7.041663281250000000e+04
3.259759687500000000e+05
5.769538281250000000e+04
1.627271375000000000e+06
3.839886000000000000e+06
1.522050585937500000e+04
1.463934687500000000e+05
2.134132500000000000e+05
1.928279882812500000e+04
8.014270625000000000e+05
6.477264648437500000e+03
1.037599296875000000e+05
9.031948242187500000e+03
8.700053906250000000e+04
2.325648437500000000e+04
9.796213378906250000e+02
6.254507324218750000e+03
5.506372558593750000e+03
5.711921997070312500e+02
1.492347656250000000e+04
1.163603125000000000e+05
6.519190234375000000e+04
6.817687011718750000e+03
1.988298242187500000e+04
5.027729687500000000e+04
1.622404296875000000e+04
1.949361328125000000e+04
7.203568750000000000e+04
2.179506640625000000e+04
2.420880468750000000e+04
1.854355273437500000e+04
5.004503906250000000e+03
1.401563769531250000e+04
9.831973632812500000e+03
5.144144531250000000e+03
1.748584472656250000e+03
1.829807983398437500e+03
2.990289001464843750e+02
1.013540781250000000e+05
1.769025390625000000e+04
2.443372656250000000e+04
2.586228515625000000e+04
4.545124511718750000e+03
8.712177734375000000e+03
3.981591796875000000e+03
1.968325561523437500e+03
7.015280625000000000e+05
9.500293750000000000e+04
1.939919335937500000e+04
6.044722265625000000e+04
2.303180664062500000e+04
3.112054931640625000e+03
2.927398437500000000e+04
7.731598632812500000e+03
1.725858400000000000e+07
3.108596250000000000e+06
1.335317656250000000e+05
1.215275859375000000e+05
9.391596250000000000e+05
5.719835937500000000e+04
3.432623750000000000e+06
1.822244000000000000e+07
3.330593750000000000e+06
1.317826093750000000e+05
3.993306500000000000e+06
5.480962000000000000e+06
7.448921093750000000e+04
9.037660000000000000e+05
4.186455566406250000e+03
2.354978906250000000e+04
8.686805468750000000e+04
2.056159687500000000e+05
5.480962000000000000e+06
7.448921093750000000e+04
4.186455566406250000e+03
2.056159687500000000e+05
1.075928588867187500e+03
4.775834062500000000e+05
1.473656005859375000e+02
6.753439843750000000e+04
1.771075897216796875e+02
1.009877746582031250e+03
1.776143920898437500e+03
4.106961822509765625e+01
2.077622528076171875e+02
2.338934936523437500e+02
6.109500122070312500e+01
6.287151562500000000e+04
1.911327148437500000e+04
2.218412656250000000e+05
1.654353320312500000e+04
5.855985351562500000e+03
2.209321777343750000e+03
2.608483642578125000e+03
3.669480895996093750e+02
7.637192187500000000e+04
1.824114843750000000e+04
1.143881738281250000e+04
5.042154296875000000e+04
9.401135742187500000e+03
3.960019531250000000e+04
4.358974218750000000e+04
3.035224218750000000e+04
1.571093281250000000e+05
1.738182617187500000e+04
8.025045312500000000e+04
3.986544921875000000e+04
2.197380859375000000e+04
2.195376367187500000e+04
2.046197656250000000e+04
1.024204296875000000e+04
8.302810400000000000e+07
6.295944000000000000e+06
1.205711718750000000e+04
1.134913984375000000e+05
3.857728515625000000e+04
1.773948730468750000e+03
8.080253500000000000e+06
3.418640312500000000e+05
1.299218828125000000e+05
3.237732177734375000e+03
1.902911406250000000e+05
4.296208007812500000e+03
3.464462109375000000e+04
3.088691992187500000e+04
3.721613437500000000e+05
4.098723437500000000e+04
6.768501562500000000e+04
3.710783203125000000e+04
3.404120605468750000e+03
1.457800097656250000e+04
1.154561015625000000e+05
2.055396289062500000e+04
5.558262109375000000e+04
8.032242187500000000e+03
3.112989746093750000e+03
2.253510351562500000e+04
5.303086425781250000e+03
6.677096191406250000e+03
2.663212890625000000e+03
1.188401977539062500e+03
1.173519531250000000e+03
1.884546752929687500e+03
5.634746704101562500e+02
1.450784790039062500e+03
1.957716522216796875e+02
1.323834863281250000e+04
3.982425781250000000e+04
1.063540954589843750e+02
2.914724853515625000e+03
4.005270751953125000e+03
1.956077880859375000e+02
3.108562500000000000e+04
8.091357421875000000e+03
6.884751250000000000e+05
1.282729785156250000e+04
1.187805546875000000e+05
4.871645312500000000e+05
1.988334228515625000e+03
4.508374218750000000e+04
1.719547968750000000e+05
3.065780468750000000e+04
1.077595996093750000e+04
9.087916015625000000e+03
2.354978906250000000e+04
3.945168701171875000e+03
3.949591015625000000e+04
4.557026562500000000e+04
8.939824218750000000e+04
9.087916015625000000e+03
1.315933203125000000e+04
3.945168701171875000e+03
4.557026562500000000e+04
1.315933203125000000e+04
5.814030000000000000e+06
7.448921093750000000e+04
4.379124609375000000e+04
4.143749023437500000e+03
8.018823730468750000e+03
5.065298437500000000e+04
2.097285937500000000e+05
2.831570625000000000e+05
6.328303515625000000e+04
3.686330078125000000e+03
1.088835468750000000e+05
1.401239250000000000e+06
2.259602929687500000e+04
6.610652832031250000e+03
5.056620312500000000e+04
1.808144687500000000e+05
1.238750156250000000e+05
8.569502929687500000e+03
5.355101171875000000e+04
1.448973144531250000e+04
4.762443847656250000e+03
5.282872070312500000e+03
4.466502929687500000e+03
2.810939941406250000e+03
2.293292236328125000e+03
1.716769531250000000e+03
1.086162475585937500e+03
4.314934387207031250e+02
2.159847412109375000e+02
1.149910625000000000e+05
4.521731000000000000e+06
1.642024531250000000e+05
8.735700195312500000e+03
5.241150390625000000e+04
1.116887109375000000e+05
2.672098437500000000e+05
4.496479687500000000e+04
1.061644750000000000e+06
1.977064257812500000e+04
1.553481093750000000e+05
5.164321777343750000e+03
4.326538085937500000e+03
2.205361132812500000e+04
1.383478750000000000e+05
4.895071093750000000e+04
6.154558984375000000e+04
1.212041503906250000e+04
1.065462109375000000e+04
1.091853125000000000e+04
1.947506562500000000e+05
2.205598632812500000e+04
2.789577392578125000e+03
2.573883906250000000e+05
3.350431500000000000e+06
3.003557421875000000e+04
2.057409218750000000e+05
1.253255371093750000e+03
7.694506250000000000e+05
6.377128906250000000e+04
1.544383125000000000e+05
4.051048046875000000e+04
3.871066406250000000e+04
3.640729687500000000e+04
1.631780273437500000e+04
1.149798144531250000e+04
2.525619921875000000e+04
5.840638671875000000e+03
1.540225390625000000e+04
1.101295500000000000e+06
7.814858886718750000e+03
7.815871250000000000e+05
3.761378515625000000e+04
4.200560000000000000e+06
5.342201171875000000e+04
1.802598388671875000e+03
9.772794531250000000e+04
2.622113867187500000e+04
2.417455810546875000e+03
1.614638085937500000e+04
2.350462500000000000e+06
6.909496875000000000e+05
5.484083203125000000e+04
2.981619062500000000e+05
3.813961914062500000e+03
2.079474687500000000e+05
1.051240937500000000e+05
4.686482421875000000e+04
8.431246185302734375e+01
1.391687164306640625e+02
3.221060937500000000e+04
7.758838653564453125e+01
2.377185546875000000e+04
1.228683853149414062e+02
8.519224548339843750e+01
9.115105468750000000e+04
2.845344238281250000e+03
4.065802343750000000e+04
1.800599023437500000e+04
9.789240234375000000e+03
1.215877343750000000e+04
6.397371093750000000e+03
2.277848876953125000e+03
3.011623125000000000e+05
7.578964355468750000e+03
6.988523437500000000e+04
4.631833593750000000e+04
2.026026977539062500e+03
2.138716718750000000e+05
5.427199096679687500e+02
1.927911254882812500e+03
4.753910937500000000e+04
1.355123828125000000e+04
4.406153125000000000e+04
2.990922851562500000e+04
1.195271328125000000e+05
3.101283984375000000e+04
1.432980371093750000e+04
7.980816406250000000e+04
2.745470703125000000e+04
5.102719921875000000e+04
2.976955859375000000e+04
1.663120651245117188e+01
8.775311250000000000e+05
6.961510156250000000e+04
1.308793926239013672e+01
8.172871589660644531e+00
8.725579687500000000e+04
1.649588775634765625e+01
1.012860107421875000e+01
7.224132812500000000e+04
8.100040435791015625e+00
1.006497573852539062e+01
1.500112342834472656e+01
8.731860000000000000e+05
8.685068750000000000e+05
5.631864547729492188e+01
2.818071899414062500e+02
1.310204125000000000e+06
1.494032764434814453e+01
1.348249511718750000e+02
6.623993750000000000e+05
3.874734802246093750e+02
1.445896453857421875e+02
4.538407421875000000e+04
5.743533203125000000e+03
1.586729003906250000e+04
4.494069921875000000e+04
5.786772460937500000e+03
4.121082519531250000e+03
6.691389648437500000e+03
1.100937866210937500e+03
1.430134218750000000e+05
4.051048046875000000e+04
3.922838750000000000e+05
4.195700390625000000e+04
4.051048046875000000e+04
2.604579345703125000e+03
6.235838671875000000e+04
4.292431152343750000e+03
1.524023144531250000e+04
7.651021875000000000e+04
7.018225781250000000e+04
3.477597900390625000e+03
5.384112304687500000e+03
5.056987109375000000e+04
2.416269531250000000e+03
2.992843994140625000e+03
2.677075585937500000e+04
2.938984863281250000e+03
1.636624267578125000e+03
1.642524218750000000e+04
1.672325000000000000e+04
3.399075000000000000e+04
1.261207910156250000e+04
3.784883789062500000e+03
1.255667578125000000e+04
1.860484497070312500e+03
3.715746337890625000e+03
4.459236328125000000e+03
4.437280500000000000e+06
8.705385000000000000e+05
1.563860229492187500e+03
6.991446289062500000e+03
6.383865625000000000e+04
1.388868896484375000e+03
4.459236328125000000e+03
4.437280500000000000e+06
1.563860229492187500e+03
1.388868896484375000e+03
1.799273600000000000e+07
4.795860156250000000e+04
1.277803281250000000e+05
7.035313281250000000e+04
9.572591875000000000e+05
8.998485156250000000e+04
1.397479875000000000e+06
1.736126400000000000e+07
4.072970312500000000e+04
8.444916406250000000e+04
1.222032125000000000e+06
2.132564257812500000e+04
2.518810351562500000e+04
1.304674609375000000e+05
5.080698437500000000e+04
6.599715332031250000e+03
1.084863085937500000e+04
4.087987890625000000e+04
4.389228027343750000e+03
3.801592968750000000e+04
6.947105625000000000e+05
2.893554375000000000e+05
3.212029687500000000e+04
8.630406250000000000e+04
2.030647070312500000e+04
2.095807226562500000e+04
1.270647167968750000e+04
7.028731200000000000e+07
7.448921093750000000e+04
4.362625390625000000e+04
7.018225781250000000e+04
1.280130546875000000e+05
7.137972656250000000e+04
1.563562125000000000e+06
3.773168125000000000e+05
2.054665039062500000e+04
7.588707031250000000e+04
3.311219531250000000e+04
3.089689750000000000e+06
4.220973437500000000e+04
6.127471923828125000e+01
9.532063476562500000e+03
1.715497741699218750e+02
4.241185913085937500e+02
7.192103125000000000e+05
3.633889770507812500e+02
2.819217224121093750e+02
2.879859313964843750e+02
1.192427612304687500e+03
1.193979100000000000e+07
6.344757812500000000e+03
4.560548046875000000e+04
7.018225781250000000e+04
8.568778125000000000e+05
8.686805468750000000e+04
6.858178125000000000e+05
1.193979100000000000e+07
6.344757812500000000e+03
7.018225781250000000e+04
6.858178125000000000e+05
2.654382812500000000e+05
2.157726718750000000e+05
2.702288476562500000e+04
7.890979492187500000e+03
1.808593125000000000e+05
1.021387968750000000e+05
3.226105712890625000e+03
7.563188281250000000e+04
3.268920312500000000e+04
7.481814941406250000e+03
8.018166015625000000e+03
4.379437500000000000e+04
9.413713281250000000e+04
2.562741015625000000e+04
3.304042724609375000e+03
5.479175781250000000e+03
4.647924804687500000e+03
3.433696484375000000e+04
3.827333740234375000e+03
8.265539000000000000e+06
7.208592187500000000e+04
8.685176250000000000e+05
4.930905468750000000e+04
7.798242968750000000e+04
8.686805468750000000e+04
3.772938250000000000e+06
8.265539000000000000e+06
7.208592187500000000e+04
4.930905468750000000e+04
3.772938250000000000e+06
2.083868554687500000e+04
7.648168750000000000e+04
7.018225781250000000e+04
5.959127929687500000e+03
1.025658007812500000e+04
5.050778515625000000e+04
1.158865527343750000e+04
1.880349414062500000e+04
2.728745703125000000e+04
8.497708007812500000e+03
1.124138183593750000e+04
7.028731200000000000e+07
7.448921093750000000e+04
4.366763281250000000e+04
7.018225781250000000e+04
7.644070312500000000e+04
5.050567187500000000e+04
1.563562125000000000e+06
1.278103125000000000e+06
6.324135156250000000e+04
2.675620507812500000e+04
4.149421875000000000e+05
1.322514600000000000e+07
1.846542875000000000e+06
1.245452050781250000e+04
2.917757226562500000e+04
2.339208789062500000e+04
4.377570800781250000e+03
5.810671000000000000e+06
5.100145937500000000e+05
3.474726562500000000e+04
6.184447753906250000e+03
1.786092343750000000e+05
6.240463200000000000e+07
6.779659375000000000e+04
9.341963867187500000e+03
4.221919140625000000e+04
1.340455761718750000e+04
3.813066796875000000e+04
2.371338400000000000e+07
1.670917343750000000e+05
6.582527343750000000e+03
3.104589648437500000e+04
2.003923281250000000e+05
1.318744875000000000e+06
2.592186875000000000e+05
5.561942578125000000e+04
4.659785937500000000e+04
2.834897070312500000e+04
6.624279296875000000e+03
6.398903125000000000e+04
2.408536523437500000e+04
7.109560156250000000e+04
5.266937011718750000e+03
5.305095214843750000e+03
5.888285156250000000e+04
1.035133593750000000e+04
1.705822998046875000e+03
2.598752685546875000e+03
1.639098388671875000e+03
1.584111938476562500e+02
1.491895874023437500e+03
1.810708160400390625e+02
7.928564375000000000e+05
3.314896240234375000e+02
3.119656066894531250e+02
2.516428320312500000e+04
4.041497192382812500e+02
5.565380468750000000e+04
1.740321044921875000e+02
2.430496520996093750e+02
8.683193750000000000e+04
1.865683250000000000e+06
1.678302375000000000e+06
5.661635156250000000e+04
1.052147125000000000e+06
5.302603515625000000e+04
1.074741953125000000e+05
6.411412890625000000e+04
1.839251953125000000e+04
4.199234687500000000e+05
1.781948632812500000e+04
4.276923437500000000e+05
3.761378515625000000e+04
1.770557656250000000e+05
1.073468593750000000e+05
2.108669189453125000e+03
4.494198828125000000e+04
9.776196093750000000e+04
3.230462500000000000e+04
1.608280517578125000e+03
1.007159973144531250e+03
3.971502343750000000e+04
2.928325781250000000e+04
3.136081848144531250e+02
3.435651367187500000e+03
5.592210937500000000e+03
5.402604370117187500e+02
4.641911328125000000e+04
2.787493125000000000e+05
9.037660000000000000e+05
2.822691406250000000e+03
3.517027734375000000e+04
1.820701367187500000e+04
1.418386425781250000e+04
4.641911328125000000e+04
2.787493125000000000e+05
2.822691406250000000e+03
1.418386425781250000e+04
1.730060351562500000e+04
8.341136718750000000e+03
7.796975097656250000e+03
8.686805468750000000e+04
2.916632812500000000e+03
3.498620849609375000e+03
8.341136718750000000e+03
2.916632812500000000e+03
2.821733984375000000e+04
1.374645898437500000e+04
1.399481750000000000e+06
7.398476074218750000e+03
8.141680625000000000e+05
1.865683250000000000e+06
2.487399658203125000e+03
5.157155937500000000e+05
1.135624000000000000e+06
4.680607187500000000e+05
2.798120000000000000e+05
6.628893554687500000e+03
1.307393593750000000e+05
4.014937744140625000e+03
5.842656640625000000e+04
1.051532348632812500e+03
9.981877929687500000e+03
8.942816406250000000e+03
4.626392211914062500e+02
3.324048339843750000e+03
6.858363037109375000e+02
6.597010498046875000e+02
1.189371093750000000e+04
4.606679296875000000e+04
2.379249511718750000e+03
8.628160156250000000e+03
3.317462646484375000e+03
1.293339843750000000e+04
4.988933105468750000e+03
4.916356933593750000e+03
6.808283203125000000e+03
3.881617187500000000e+04
8.819145312500000000e+04
8.686805468750000000e+04
1.635532128906250000e+04
1.846611132812500000e+04
8.819145312500000000e+04
1.846611132812500000e+04
5.461108500000000000e+06
9.828713000000000000e+06
8.994015000000000000e+05
1.292499375000000000e+06
2.354978906250000000e+04
2.721217500000000000e+06
1.050067500000000000e+07
5.461108500000000000e+06
9.828713000000000000e+06
1.292499375000000000e+06
1.050067500000000000e+07
7.372739843750000000e+04
2.144966210937500000e+04
1.950635351562500000e+04
8.836184375000000000e+04
6.856117187500000000e+04
5.349037500000000000e+04
2.029491015625000000e+04
6.754965625000000000e+04
1.411792602539062500e+03
2.247010986328125000e+03
4.139043945312500000e+03
8.686805468750000000e+04
1.786912963867187500e+03
1.656288452148437500e+03
4.139043945312500000e+03
1.656288452148437500e+03
8.564633789062500000e+03
6.947105625000000000e+05
5.255201875000000000e+05
6.334991699218750000e+03
1.345435156250000000e+05
1.014288671875000000e+04
1.476016093750000000e+05
7.542113281250000000e+04
3.883679687500000000e+04
3.329700312500000000e+05
1.875680175781250000e+03
9.088106445312500000e+03
2.637897705078125000e+03
3.232351171875000000e+04
7.448352661132812500e+02
2.773951904296875000e+03
5.422477000000000000e+06
4.489251500000000000e+06
3.575584765625000000e+04
3.995124511718750000e+03
6.633920312500000000e+04
8.713781250000000000e+03
6.905965625000000000e+05
1.923544875000000000e+06
1.545303906250000000e+05
1.443429687500000000e+04
2.245059531250000000e+05
9.132264062500000000e+04
6.294173828125000000e+03
3.635701953125000000e+04
3.236240820312500000e+04
2.988009375000000000e+04
8.357963867187500000e+03
1.934432226562500000e+04
2.305852783203125000e+03
4.676988769531250000e+03
9.302628906250000000e+03
1.752308984375000000e+04
3.994224218750000000e+04
4.735454589843750000e+03
2.547025146484375000e+03
1.732621289062500000e+04
2.021203857421875000e+03
2.328897705078125000e+03
3.283991210937500000e+03
9.162369995117187500e+02
1.047318652343750000e+04
3.549267968750000000e+04
4.023291796875000000e+04
6.687951049804687500e+02
2.159739990234375000e+02
1.720297729492187500e+03
1.064638281250000000e+04
3.497681884765625000e+02
4.384175500000000000e+06
7.084537500000000000e+04
4.198694140625000000e+04
3.549267968750000000e+04
5.445928222656250000e+03
5.049300390625000000e+04
6.049122265625000000e+04
1.851366406250000000e+05
6.220744921875000000e+04
6.277500000000000000e+03
5.741538671875000000e+04
2.093513867187500000e+04
2.425095117187500000e+04
5.892274902343750000e+03
5.076634375000000000e+04
1.082691406250000000e+04
3.523103271484375000e+03
2.403146875000000000e+04
1.157967285156250000e+04
3.667415250000000000e+06
2.686745312500000000e+05
1.270928046875000000e+05
8.686805468750000000e+04
2.368686093750000000e+05
8.849231875000000000e+05
2.686745312500000000e+05
2.368686093750000000e+05
9.088222656250000000e+04
3.677458593750000000e+04
2.928828125000000000e+04
6.236831640625000000e+04
1.642729296875000000e+04
6.405258593750000000e+04
8.063021972656250000e+03
1.329677246093750000e+04
6.118463867187500000e+03
6.258422851562500000e+03
1.862354218750000000e+05
5.952444458007812500e+02
1.518023242187500000e+04
8.265843505859375000e+02
2.680963134765625000e+03
6.425496093750000000e+03
6.589827636718750000e+03
6.199387817382812500e+02
2.750759521484375000e+03
8.977861718750000000e+04
8.032242187500000000e+03
1.543338625000000000e+06
8.996456054687500000e+03
1.352055000000000000e+06
6.947105625000000000e+05
2.599360351562500000e+03
6.201013125000000000e+05
5.012468437500000000e+05
2.887553125000000000e+05
1.366435312500000000e+05
4.521731000000000000e+06
7.410056250000000000e+04
6.931248750000000000e+05
3.648481250000000000e+04
4.757248828125000000e+04
8.795433593750000000e+04
6.173046093750000000e+04
4.813403500000000000e+06
6.622220312500000000e+04
3.379168359375000000e+04
6.371828125000000000e+04
3.805171142578125000e+03
3.038563476562500000e+03
1.087814941406250000e+04
5.209694531250000000e+04
1.342207031250000000e+04
1.247082812500000000e+04
4.969649902343750000e+03
9.578002929687500000e+03
4.204567718505859375e+01
3.246839141845703125e+01
1.498679375000000000e+06
1.270928046875000000e+05
3.246839141845703125e+01
3.480865478515625000e+01
7.527698242187500000e+03
2.726574134826660156e+01
2.730414453125000000e+04
7.649248535156250000e+03
1.540104785156250000e+04
5.262222167968750000e+03
1.007260839843750000e+04
1.662326782226562500e+03
1.066353613281250000e+04
2.530588378906250000e+03
7.474275000000000000e+04
1.344341503906250000e+04
1.239584863281250000e+04
1.205285156250000000e+04
4.489496582031250000e+03
8.866641601562500000e+03
6.281872558593750000e+03
3.615734863281250000e+03
1.939672400000000000e+07
6.940641406250000000e+04
2.121174609375000000e+04
4.692152734375000000e+04
3.203479101562500000e+04
5.549803125000000000e+04
2.176892750000000000e+06
1.947296875000000000e+05
3.783836718750000000e+04
4.242257031250000000e+04
1.330117968750000000e+05
6.880882812500000000e+04
1.928279882812500000e+04
1.084494726562500000e+04
3.927787187500000000e+05
2.999973437500000000e+04
2.040876953125000000e+04
1.200194238281250000e+04
7.836922851562500000e+03
8.577624023437500000e+03
1.536372558593750000e+04
5.422033691406250000e+03
2.253663574218750000e+03
1.594571289062500000e+03
3.652547656250000000e+04
1.100661035156250000e+04
6.710925292968750000e+02
2.830291259765625000e+03
4.353696777343750000e+03
7.087858886718750000e+02
5.229980500000000000e+06
7.448921093750000000e+04
1.733950312500000000e+05
8.924309570312500000e+03
1.380654394531250000e+04
5.777318750000000000e+04
7.768003906250000000e+04
8.002578125000000000e+05
1.605771191406250000e+04
1.951715698242187500e+03
1.045922070312500000e+04
4.677542968750000000e+04
8.091357421875000000e+03
7.814858886718750000e+03
5.270668750000000000e+04
2.181082343750000000e+05
9.948736328125000000e+03
4.440724121093750000e+03
5.900671875000000000e+03
1.603954589843750000e+03
1.173492480468750000e+04
5.788530883789062500e+02
1.430134218750000000e+05
7.649248535156250000e+03
6.493935156250000000e+04
1.270928046875000000e+05
7.649248535156250000e+03
1.261939550781250000e+04
1.576067382812500000e+04
1.562486938476562500e+03
1.674735156250000000e+04
1.124685546875000000e+05
7.008365625000000000e+04
8.569610351562500000e+03
2.941481250000000000e+04
7.321526562500000000e+04
1.459441699218750000e+04
3.647527734375000000e+04
6.716430468750000000e+04
2.518164062500000000e+04
2.471944726562500000e+04
1.891221679687500000e+03
3.549267968750000000e+04
9.159847656250000000e+03
9.952819531250000000e+04
2.329921875000000000e+04
6.050386328125000000e+04
3.033265429687500000e+04
3.936353271484375000e+03
1.675367968750000000e+04
1.049210703125000000e+05
3.163684179687500000e+04
5.879228515625000000e+04
2.692641015625000000e+04
7.281327343750000000e+04
2.390075000000000000e+04
1.892203125000000000e+04
1.110965234375000000e+04
3.498060937500000000e+04
9.723108398437500000e+03
5.814850500000000000e+06
6.125012500000000000e+04
3.415143359375000000e+04
3.570957031250000000e+04
3.094158203125000000e+04
7.317610156250000000e+04
8.067472656250000000e+04
2.996956250000000000e+05
3.840493750000000000e+04
1.512999121093750000e+04
4.077712500000000000e+04
6.493935156250000000e+04
2.843041406250000000e+04
2.686745312500000000e+05
3.766389453125000000e+04
9.915533203125000000e+03
2.041418164062500000e+04
3.150333789062500000e+04
6.004298828125000000e+03
1.805370000000000000e+06
2.686745312500000000e+05
4.170459375000000000e+04
5.215923828125000000e+04
2.120145312500000000e+04
2.047196533203125000e+03
7.556461718750000000e+04
8.344861328125000000e+03
1.555862187500000000e+05
2.228614000000000000e+06
1.641148375000000000e+06
1.118729296875000000e+04
1.431339375000000000e+06
4.020276953125000000e+04
4.993731875000000000e+05
4.689785000000000000e+05
1.412945312500000000e+04
2.077312625000000000e+06
5.346777832031250000e+03
1.695322000000000000e+06
2.040215429687500000e+04
4.685735937500000000e+04
8.519053125000000000e+04
5.842929199218750000e+03
8.547169921875000000e+03
1.157654785156250000e+04
2.196278564453125000e+03
1.362622343750000000e+05
7.621809375000000000e+04
2.449614257812500000e+04
8.686805468750000000e+04
1.014703808593750000e+04
3.106321044921875000e+03
7.621809375000000000e+04
1.014703808593750000e+04
3.822410500000000000e+06
6.307516406250000000e+04
1.225732890625000000e+05
4.066036376953125000e+03
2.648230664062500000e+04
8.686805468750000000e+04
3.687443750000000000e+05
3.822410500000000000e+06
6.307516406250000000e+04
4.066036376953125000e+03
3.687443750000000000e+05
1.215275859375000000e+05
9.111697500000000000e+05
7.018225781250000000e+04
3.462912890625000000e+04
3.549267968750000000e+04
9.206734375000000000e+04
1.026248515625000000e+05
1.496400976562500000e+04
7.503314062500000000e+04
2.780729101562500000e+04
1.326992675781250000e+04
8.595930786132812500e+02
3.396220312500000000e+04
9.979936523437500000e+03
1.960262109375000000e+04
4.093769775390625000e+03
3.915809765625000000e+04
5.284605957031250000e+03
1.249938110351562500e+03
9.094324218750000000e+03
9.787951171875000000e+03
3.271705810546875000e+03
1.586624707031250000e+04
1.290614257812500000e+04
4.667642578125000000e+03
6.503457031250000000e+03
1.219301269531250000e+03
2.374976562500000000e+03
6.236600585937500000e+03
1.682247314453125000e+03
6.573480468750000000e+04
9.178643125000000000e+05
9.328094375000000000e+05
2.541192187500000000e+04
3.363415625000000000e+05
7.995453613281250000e+03
1.629743437500000000e+05
5.383623828125000000e+04
3.995124511718750000e+03
6.269278320312500000e+03
3.523093017578125000e+03
3.005094726562500000e+03
4.210921093750000000e+04
3.126690625000000000e+04
8.515728149414062500e+02
5.536177978515625000e+02
1.105449902343750000e+04
9.269124023437500000e+03
1.148627197265625000e+03
5.005878906250000000e+03
3.272158203125000000e+03
7.511575195312500000e+03
8.697008593750000000e+04
3.994130371093750000e+03
6.627206054687500000e+03
6.540645507812500000e+03
5.156726562500000000e+03
5.815223144531250000e+03
9.416789375000000000e+05
1.705998750000000000e+06
1.203058300781250000e+04
5.044984062500000000e+05
2.748852050781250000e+03
2.284861562500000000e+05
8.681239843750000000e+04
3.811223828125000000e+04
1.629809667968750000e+04
4.818345703125000000e+03
4.907730957031250000e+03
9.580671875000000000e+03
6.200146972656250000e+03
1.311260253906250000e+04
1.621304492187500000e+04
3.742476074218750000e+03
1.025940722656250000e+04
1.075618774414062500e+03
1.473239257812500000e+04
2.935573437500000000e+04
5.661305859375000000e+04
2.688384521484375000e+03
3.050809326171875000e+03
1.020880187988281250e+03
2.729034570312500000e+04
2.613668457031250000e+03
4.083256250000000000e+05
6.344757812500000000e+03
3.781649780273437500e+01
1.568288208007812500e+03
6.900209045410156250e+01
3.416753768920898438e+01
9.831341406250000000e+04
8.990640258789062500e+01
1.409696197509765625e+01
5.265073013305664062e+01
8.549930572509765625e+01
6.898032031250000000e+04
2.459153125000000000e+04
7.005907031250000000e+04
3.805434375000000000e+04
1.091404453125000000e+05
5.415917187500000000e+04
3.457253515625000000e+04
1.440611718750000000e+05
1.067886328125000000e+05
5.506309375000000000e+04
8.110812500000000000e+04
5.759807031250000000e+04
1.766189843750000000e+04
4.947443359375000000e+03
1.358102343750000000e+04
5.154970703125000000e+03
9.625523437500000000e+03
1.003707519531250000e+03
7.373449096679687500e+02
3.390738281250000000e+04
8.032242187500000000e+03
4.080736083984375000e+03
1.915199218750000000e+04
1.849850976562500000e+04
1.838170166015625000e+03
2.777945312500000000e+03
4.528286621093750000e+03
7.646952514648437500e+02
5.082631347656250000e+03
1.102766357421875000e+03
4.521731000000000000e+06
7.220481250000000000e+04
1.554583398437500000e+04
3.525585156250000000e+04
3.669832519531250000e+03
5.088175390625000000e+04
6.211876562500000000e+04
3.376693750000000000e+04
2.744703515625000000e+04
4.921306640625000000e+03
1.864895703125000000e+04
3.499031494140625000e+03
5.761778750000000000e+05
1.112789500000000000e+06
1.666716992187500000e+04
1.354183593750000000e+05
1.789735473632812500e+03
1.771123281250000000e+05
2.487660156250000000e+04
1.846542875000000000e+06
3.914226171875000000e+04
1.389872265625000000e+04
3.348364843750000000e+04
7.189651367187500000e+03
6.671035937500000000e+04
5.836162890625000000e+04
2.328136328125000000e+04
1.152928808593750000e+04
1.385329003906250000e+04
4.952391601562500000e+03
4.300754687500000000e+04
5.615902000000000000e+06
1.104613085937500000e+04
9.583439453125000000e+03
1.792472460937500000e+04
1.195520410156250000e+04
2.170731445312500000e+03
2.803132324218750000e+03
1.553789218750000000e+05
5.810765625000000000e+03
1.781134960937500000e+04
3.287779687500000000e+04
1.594032592773437500e+03
3.544242187500000000e+03
5.002726745605468750e+02
9.483100891113281250e+01
8.928468322753906250e+01
6.093539810180664062e+01
1.918345625000000000e+06
1.270928046875000000e+05
6.093539810180664062e+01
5.175498580932617188e+01
8.944761718750000000e+03
3.424022293090820312e+01
8.279877343750000000e+04
3.070911865234375000e+02
7.145569824218750000e+03
4.297109985351562500e+02
4.605648925781250000e+03
5.117532348632812500e+01
1.170399703979492188e+02
1.280405883789062500e+03
8.589958190917968750e+00
2.382030868530273438e+01
4.328211307525634766e+00
5.211906738281250000e+02
6.812341213226318359e+00
2.038793802261352539e+00
9.343941406250000000e+03
3.740033984375000000e+04
8.686805468750000000e+04
2.782851074218750000e+03
5.211906738281250000e+02
6.812341213226318359e+00
9.343941406250000000e+03
2.782851074218750000e+03
4.421914062500000000e+04
5.116370500000000000e+06
1.566832128906250000e+04
2.895913574218750000e+03
1.590118066406250000e+04
2.169140136718750000e+03
1.532485644531250000e+04
1.761951757812500000e+04
9.442610937500000000e+04
1.373306152343750000e+03
1.268785839843750000e+04
5.196638671875000000e+03
1.359256225585937500e+03
6.514793945312500000e+03
4.562379687500000000e+04
9.939360961914062500e+02
3.056571533203125000e+03
3.571397216796875000e+03
1.808988525390625000e+03
6.487170625000000000e+05
1.846542875000000000e+06
5.729204687500000000e+04
1.850992431640625000e+03
4.547488671875000000e+04
8.731467773437500000e+03
3.617546250000000000e+05
7.076265000000000000e+05
1.959080312500000000e+05
9.305059570312500000e+03
1.954174531250000000e+05
1.584312125000000000e+06
4.306070800781250000e+03
5.542299316406250000e+03
5.582606933593750000e+03
1.029472265625000000e+04
3.404564453125000000e+04
2.682086250000000000e+05
2.015781640625000000e+04
3.112889160156250000e+03
5.922070312500000000e+03
9.522394531250000000e+03
1.527047031250000000e+05
1.865683250000000000e+06
2.660739375000000000e+05
4.300820703125000000e+04
1.911542187500000000e+05
2.716059765625000000e+04
1.599339550781250000e+04
1.355608691406250000e+04
1.661618375000000000e+06
1.682365039062500000e+04
5.931272949218750000e+03
5.967862890625000000e+04
2.286092968750000000e+05
2.358774062500000000e+05
2.419707812500000000e+04
1.713830937500000000e+05
1.236968847656250000e+04
1.915327148437500000e+04
4.022665771484375000e+03
1.678073632812500000e+04
8.964070312500000000e+04
5.681546093750000000e+04
9.955427734375000000e+03
2.985915429687500000e+04
3.243278076171875000e+03
3.771364062500000000e+04
2.493605468750000000e+04
8.177320000000000000e+05
1.302173593750000000e+05
1.815257031250000000e+04
5.467998046875000000e+04
9.929412500000000000e+04
8.358613281250000000e+04
2.707755078125000000e+04
2.462239062500000000e+04
3.073327343750000000e+04
7.459811000000000000e+06
1.108175585937500000e+04
5.878448242187500000e+03
4.492289550781250000e+03
3.274240966796875000e+03
1.134843261718750000e+03
7.406494750976562500e+02
9.246156616210937500e+02
1.759480346679687500e+03
2.573883906250000000e+05
3.365285937500000000e+05
8.710991250000000000e+05
1.865683250000000000e+06
5.325037841796875000e+02
5.722133203125000000e+04
1.395853125000000000e+05
5.716242500000000000e+05
3.612110937500000000e+04
9.351725585937500000e+03
2.854851250000000000e+05
6.915395507812500000e+03
1.139132109375000000e+05
9.496554687500000000e+03
1.559915332031250000e+04
2.344627343750000000e+04
8.684027709960937500e+02
9.539194335937500000e+03
1.365291992187500000e+04
2.023898925781250000e+03
8.091357421875000000e+03
1.698296250000000000e+06
7.814858886718750000e+03
1.724050312500000000e+05
9.948736328125000000e+03
6.212366500000000000e+06
1.438976269531250000e+04
1.603954589843750000e+03
2.062812031250000000e+05
3.108482617187500000e+04
1.346630859375000000e+03
9.569841000000000000e+06
1.200051171875000000e+04
3.201457226562500000e+04
6.740017187500000000e+04
8.568778125000000000e+05
8.846784375000000000e+04
9.655301875000000000e+05
9.569841000000000000e+06
1.200051171875000000e+04
6.740017187500000000e+04
9.655301875000000000e+05
1.437210937500000000e+04
7.857437988281250000e+03
2.321057226562500000e+04
4.163313476562500000e+03
7.097674804687500000e+03
3.499123840332031250e+02
6.563916015625000000e+02
9.887409973144531250e+01
2.824480078125000000e+04
3.761378515625000000e+04
1.077084375000000000e+04
2.733616406250000000e+04
1.678591186523437500e+03
2.537520312500000000e+04
3.631788574218750000e+03
4.969256347656250000e+03
1.178203808593750000e+04
7.112088867187500000e+03
5.136627929687500000e+03
4.320294433593750000e+03
4.112671386718750000e+03
3.195607177734375000e+03
1.391997314453125000e+03
9.256172485351562500e+02
9.894097656250000000e+04
9.008529296875000000e+03
7.125111816406250000e+03
6.525465332031250000e+03
8.426834960937500000e+03
3.410097656250000000e+03
2.427914794921875000e+03
3.101473876953125000e+03
3.051421508789062500e+02
1.295211486816406250e+02
1.041922760009765625e+02
1.632791093750000000e+05
4.051048046875000000e+04
6.427882031250000000e+04
4.659435156250000000e+04
1.592801464843750000e+04
1.474692773437500000e+04
8.053927343750000000e+04
9.165222656250000000e+03
1.173944726562500000e+04
3.122742919921875000e+03
1.239943164062500000e+04
8.135474121093750000e+03
1.246748632812500000e+04
1.166433593750000000e+04
1.726972900390625000e+03
1.719308959960937500e+03
6.912720336914062500e+02
1.715755004882812500e+03
2.352723999023437500e+02
4.742083593750000000e+04
4.470935500000000000e+06
1.040826171875000000e+05
1.381152343750000000e+04
8.424621093750000000e+04
1.474543847656250000e+04
5.141505859375000000e+04
4.459007031250000000e+04
6.275124800000000000e+07
2.819796875000000000e+04
3.694144921875000000e+04
1.768534375000000000e+04
1.556883593750000000e+05
4.828573046875000000e+04
1.207848300000000000e+07
1.400472375000000000e+06
1.916317382812500000e+04
4.472448046875000000e+04
7.958260625000000000e+05
9.655692382812500000e+03
1.810989875000000000e+06
2.540002148437500000e+04
1.915585571289062500e+03
3.286482031250000000e+04
3.517743164062500000e+03
5.621798437500000000e+04
2.227716015625000000e+04
6.308323046875000000e+04
2.683769042968750000e+03
3.167675585937500000e+04
1.900621625000000000e+06
2.665122812500000000e+05
1.293931396484375000e+03
1.206011108398437500e+03
2.184926171875000000e+04
3.188528137207031250e+02
4.856154479980468750e+02
1.398687744140625000e+02
4.588524500000000000e+06
1.474801875000000000e+05
7.962532031250000000e+04
9.359724218750000000e+04
3.237268125000000000e+05
1.056853500000000000e+06
1.524276875000000000e+05
2.913916562500000000e+05
6.725442504882812500e+02
3.549267968750000000e+04
4.354976074218750000e+03
3.246367968750000000e+04
3.564756347656250000e+03
4.503178515625000000e+04
3.932949218750000000e+03
5.084735412597656250e+02
1.434234179687500000e+04
1.305440136718750000e+04
2.372967529296875000e+03
5.922594921875000000e+04
4.951390136718750000e+03
1.043590332031250000e+04
3.545715234375000000e+04
3.332666015625000000e+03
1.051627734375000000e+04
1.036439648437500000e+04
1.880693603515625000e+03
1.430134218750000000e+05
8.284028320312500000e+03
1.966451718750000000e+05
4.679291406250000000e+04
8.284028320312500000e+03
7.297157226562500000e+03
2.111299316406250000e+03
4.099146118164062500e+02
1.105095800781250000e+04
2.088962695312500000e+04
6.930983593750000000e+04
3.832653564453125000e+03
7.092457031250000000e+03
5.101362109375000000e+04
3.768294189453125000e+03
1.278601269531250000e+04
1.482981835937500000e+04
3.291204833984375000e+03
3.008177978515625000e+03
1.655541796875000000e+04
4.599628515625000000e+04
1.325876562500000000e+05
8.797832812500000000e+04
2.075541992187500000e+04
2.214212695312500000e+04
1.325876562500000000e+05
2.214212695312500000e+04
3.747585546875000000e+04
1.189930875000000000e+06
1.740697000000000000e+06
1.570199511718750000e+04
4.284630937500000000e+05
4.092422851562500000e+03
1.940161875000000000e+05
5.907820312500000000e+04
1.970822800000000000e+07
4.270232812500000000e+04
1.032932324218750000e+04
4.812459375000000000e+04
2.896842812500000000e+05
7.700527343750000000e+04
7.166865000000000000e+05
1.490227875000000000e+06
4.099334472656250000e+03
4.439539062500000000e+04
1.362084375000000000e+05
4.770391113281250000e+03
6.183764453125000000e+04
4.186455566406250000e+03
4.846158203125000000e+03
8.452190429687500000e+03
6.302489843750000000e+04
6.578573242187500000e+03
8.402373046875000000e+02
3.601041796875000000e+04
4.807698730468750000e+03
1.638338623046875000e+03
8.219459960937500000e+03
5.226535000000000000e+06
9.037660000000000000e+05
2.000183105468750000e+03
1.048133007812500000e+04
3.434535156250000000e+04
6.637504394531250000e+03
8.219459960937500000e+03
5.226535000000000000e+06
2.000183105468750000e+03
6.637504394531250000e+03
7.406155200000000000e+07
2.562588867187500000e+03
3.277860937500000000e+04
6.988330688476562500e+02
1.894212500000000000e+04
1.334547271728515625e+02
4.844157226562500000e+03
3.479049375000000000e+05
1.029200927734375000e+03
2.925675964355468750e+02
3.107349365234375000e+03
9.447150781250000000e+04
4.256691562500000000e+05
6.241984375000000000e+04
6.002058984375000000e+04
3.454129296875000000e+04
8.688072656250000000e+04
9.630542187500000000e+04
4.493757421875000000e+04
6.333254687500000000e+04
3.438005859375000000e+04
4.538831640625000000e+04
7.834292480468750000e+03
2.703196875000000000e+05
1.229512890625000000e+04
6.780699218750000000e+04
8.753481445312500000e+03
1.527198046875000000e+04
1.905706640625000000e+04
1.377855712890625000e+03
6.259526855468750000e+03
9.762387695312500000e+03
1.082085205078125000e+03
5.098813281250000000e+04
1.756232617187500000e+04
2.783231054687500000e+04
9.230630468750000000e+04
4.890452343750000000e+04
4.501486718750000000e+04
2.868129296875000000e+04
4.005328515625000000e+04
1.389541718750000000e+05
1.189894042968750000e+04
6.495458593750000000e+04
4.736794921875000000e+04
2.355034765625000000e+04
2.453149218750000000e+04
2.841206445312500000e+04
1.825891992187500000e+04
7.475213600000000000e+07
2.184677656250000000e+05
1.390919921875000000e+04
1.769276562500000000e+04
4.610806250000000000e+04
8.016513671875000000e+03
5.118887187500000000e+05
2.036694218750000000e+05
3.336455859375000000e+04
8.278901367187500000e+03
6.230298437500000000e+04
3.041251708984375000e+03
5.895778750000000000e+05
3.064358642578125000e+03
1.837852905273437500e+03
1.839046679687500000e+04
2.313153076171875000e+03
6.724750000000000000e+03
4.206859863281250000e+03
1.133842089843750000e+04
1.950896362304687500e+03
3.927700439453125000e+03
3.178689697265625000e+03
2.397547265625000000e+04
1.384590312500000000e+05
1.126045996093750000e+04
8.706835937500000000e+03
8.821164062500000000e+04
6.593347656250000000e+03
3.132347412109375000e+03
2.356162500000000000e+04
1.159340820312500000e+04
6.553090332031250000e+03
3.551323437500000000e+05
7.459811000000000000e+06
2.860843164062500000e+04
2.469859179687500000e+04
2.698844726562500000e+04
1.919221875000000000e+04
2.239337402343750000e+03
3.117653076171875000e+03
1.474172558593750000e+04
1.983616210937500000e+04
7.544914062500000000e+03
3.544076660156250000e+03
5.679088378906250000e+03
6.888451171875000000e+03
5.532116210937500000e+03
4.828522460937500000e+03
4.526654000000000000e+06
7.448921093750000000e+04
9.037660000000000000e+05
3.550046484375000000e+04
6.392839843750000000e+04
8.686805468750000000e+04
6.300332421875000000e+04
4.526654000000000000e+06
7.448921093750000000e+04
3.550046484375000000e+04
6.300332421875000000e+04
1.723187600000000000e+07
3.000894687500000000e+05
1.378217812500000000e+05
3.257837304687500000e+04
8.568778125000000000e+05
6.297623437500000000e+04
4.538551562500000000e+05
1.723187600000000000e+07
3.000894687500000000e+05
3.257837304687500000e+04
4.538551562500000000e+05
6.809649500000000000e+06
6.025411621093750000e+03
1.302930078125000000e+04
5.763010156250000000e+04
7.585240625000000000e+04
4.831944921875000000e+04
9.653662500000000000e+05
1.621800468750000000e+05
6.596719238281250000e+03
9.715300000000000000e+04
6.920560937500000000e+04
1.506726464843750000e+04
9.677814375000000000e+05
3.515606640625000000e+04
3.467783437500000000e+05
1.021117187500000000e+05
1.319124902343750000e+04
2.002335781250000000e+05
3.326276171875000000e+04
1.786318359375000000e+04
1.345064746093750000e+04
8.227592773437500000e+03
7.487469238281250000e+03
7.763632812500000000e+03
2.277512695312500000e+04
5.983119140625000000e+04
5.351727539062500000e+03
5.931499511718750000e+03
3.277664453125000000e+04
1.043824414062500000e+04
5.122067382812500000e+03
1.323901757812500000e+04
1.581221191406250000e+04
8.758453125000000000e+04
2.926474609375000000e+03
2.231457763671875000e+03
1.581221191406250000e+04
2.231457763671875000e+03
1.407391750000000000e+06
1.389394375000000000e+05
2.477585546875000000e+04
5.681182421875000000e+04
1.433147656250000000e+05
1.262281718750000000e+05
9.886664062500000000e+04
6.130488671875000000e+04
3.439205859375000000e+04
4.687466796875000000e+03
2.546818359375000000e+03
8.656267578125000000e+03
1.095623657226562500e+03
4.632468750000000000e+03
9.295310058593750000e+02
2.966388549804687500e+02
1.900151000976562500e+03
1.846542875000000000e+06
2.272750000000000000e+04
7.001892089843750000e+02
1.577420898437500000e+04
3.882253906250000000e+04
1.242454833984375000e+03
3.682312744140625000e+03
1.214565625000000000e+05
2.150604736328125000e+03
3.004570312500000000e+03
1.935841500000000000e+06
4.521731000000000000e+06
1.121207187500000000e+05
1.850992431640625000e+03
3.611157226562500000e+03
3.230004150390625000e+03
3.689518750000000000e+05
4.364449062500000000e+05
4.019498437500000000e+05
7.685264282226562500e+02
1.367797656250000000e+05
3.374598046875000000e+04
2.304615625000000000e+04
2.414133300781250000e+03
2.082448046875000000e+04
3.619074951171875000e+03
2.017691601562500000e+04
8.711545898437500000e+03
6.865944824218750000e+03
1.750630273437500000e+04
9.249358398437500000e+03
1.637536132812500000e+04
8.686805468750000000e+04
1.546764257812500000e+04
7.745416503906250000e+03
1.637536132812500000e+04
7.745416503906250000e+03
9.532554687500000000e+03
7.485345312500000000e+04
1.040012656250000000e+05
2.626546484375000000e+04
1.257770019531250000e+04
6.209803515625000000e+04
1.041852050781250000e+04
2.690607666015625000e+03
7.569603125000000000e+04
4.580526855468750000e+03
2.143511718750000000e+03
4.443732910156250000e+03
3.491102343750000000e+04
1.511718164062500000e+04
7.302846191406250000e+03
4.509660644531250000e+03
7.305400781250000000e+04
2.119004394531250000e+03
6.707157592773437500e+02
2.837650781250000000e+04
2.334500244140625000e+03
4.147972106933593750e+02
4.316018554687500000e+03
3.915669189453125000e+03
2.382964453125000000e+04
1.193608691406250000e+04
2.064580810546875000e+03
9.328593750000000000e+02
8.682885742187500000e+03
6.158308715820312500e+02
5.338188800000000000e+07
9.841206000000000000e+06
4.321843359375000000e+04
1.895663625000000000e+06
3.661022265625000000e+04
3.564020000000000000e+05
1.405781000000000000e+07
6.829373437500000000e+04
9.368632500000000000e+05
2.876010625000000000e+05
1.835707750000000000e+06
3.513032421875000000e+04
8.568778125000000000e+05
7.018225781250000000e+04
3.300922265625000000e+04
4.390775000000000000e+04
8.686805468750000000e+04
3.513032421875000000e+04
4.704528906250000000e+04
7.018225781250000000e+04
4.390775000000000000e+04
4.704528906250000000e+04
1.540225390625000000e+04
1.822041250000000000e+05
1.983616210937500000e+04
1.016688046875000000e+05
2.040876953125000000e+04
2.784913574218750000e+03
3.473917968750000000e+04
1.390555078125000000e+04
1.341054296875000000e+04
1.433063354492187500e+03
1.592723510742187500e+03
8.978041406250000000e+04
1.271966308593750000e+04
6.638072656250000000e+04
7.296745312500000000e+04
8.103397949218750000e+03
3.267492773437500000e+04
3.329862890625000000e+04
1.022441699218750000e+04
4.479769531250000000e+04
4.099354492187500000e+03
2.466982421875000000e+04
1.475406152343750000e+04
2.925932861328125000e+03
1.034213867187500000e+04
4.934129882812500000e+03
1.572778442382812500e+03
1.994550781250000000e+04
4.051048046875000000e+04
5.676093261718750000e+03
1.021829394531250000e+04
6.131865722656250000e+03
4.730294433593750000e+03
4.120618652343750000e+03
1.984215942382812500e+03
1.148572421875000000e+05
8.568778125000000000e+05
7.018225781250000000e+04
7.204331250000000000e+04
1.227556718750000000e+05
8.686805468750000000e+04
1.148572421875000000e+05
1.733153593750000000e+05
7.018225781250000000e+04
1.227556718750000000e+05
1.733153593750000000e+05
7.617972656250000000e+04
4.521731000000000000e+06
1.673769062500000000e+05
2.884286865234375000e+03
1.954987695312500000e+04
1.068042187500000000e+05
4.786821484375000000e+04
2.361557226562500000e+04
1.050277500000000000e+06
4.000180908203125000e+03
4.251248437500000000e+04
6.278343359375000000e+04
1.533447375000000000e+06
1.635305250000000000e+06
4.736419531250000000e+04
8.086283125000000000e+05
1.993343164062500000e+04
4.970966562500000000e+05
2.555622812500000000e+05
1.696544140625000000e+04
5.730443847656250000e+03
1.525299902343750000e+04
1.327568750000000000e+04
1.756632812500000000e+04
2.541342187500000000e+04
1.508113525390625000e+03
3.196710693359375000e+03
5.232875000000000000e+03
1.639636596679687500e+03
4.471488647460937500e+02
6.722790625000000000e+05
7.459811000000000000e+06
1.827294335937500000e+04
3.665665234375000000e+04
3.107474804687500000e+04
8.631212500000000000e+04
2.354595214843750000e+03
1.522114550781250000e+04
5.762142500000000000e+06
6.117592500000000000e+06
1.229453515625000000e+05
6.311349121093750000e+03
5.739491796875000000e+04
6.383865625000000000e+04
1.922884500000000000e+06
5.762142500000000000e+06
6.117592500000000000e+06
6.311349121093750000e+03
1.922884500000000000e+06
1.928279882812500000e+04
9.563125781250000000e+04
1.543338625000000000e+06
1.452567871093750000e+04
1.865683250000000000e+06
8.393391250000000000e+05
6.991707031250000000e+03
1.178977375000000000e+06
7.072858750000000000e+05
4.146130625000000000e+05
3.661547187500000000e+05
5.812239453125000000e+04
4.669833496093750000e+03
1.243276562500000000e+04
2.023322265625000000e+04
6.270611816406250000e+03
8.365660156250000000e+03
8.583884765625000000e+03
3.253895263671875000e+03
1.121316601562500000e+04
4.224077734375000000e+04
4.715221191406250000e+03
7.851795312500000000e+04
9.910938476562500000e+03
2.863654882812500000e+04
8.480785156250000000e+03
2.109656982421875000e+03
3.614796875000000000e+03
2.496482666015625000e+03
9.487377929687500000e+02
4.111501953125000000e+04
1.499631250000000000e+04
1.836282656250000000e+05
9.381653320312500000e+03
2.276032031250000000e+04
5.880843261718750000e+03
4.418608886718750000e+03
1.734073486328125000e+03
1.970822800000000000e+07
1.702405156250000000e+05
1.125955859375000000e+04
3.354987890625000000e+04
6.889807812500000000e+04
2.334559765625000000e+04
3.507443125000000000e+05
7.933250781250000000e+04
6.288254687500000000e+04
1.588253613281250000e+04
1.175679062500000000e+05
3.355231000000000000e+06
6.651488281250000000e+04
9.969596093750000000e+04
4.338448828125000000e+04
5.000143750000000000e+04
7.978822656250000000e+04
1.500748730468750000e+04
1.084343847656250000e+04
4.451639453125000000e+04
6.197177734375000000e+04
3.856058593750000000e+04
8.890248437500000000e+04
1.350820312500000000e+04
7.522609375000000000e+03
5.571253906250000000e+04
1.254810546875000000e+04
2.061556396484375000e+03
3.511210156250000000e+04
3.049427343750000000e+04
2.935573437500000000e+04
1.887855273437500000e+04
7.296745312500000000e+04
2.080601953125000000e+04
2.293855712890625000e+03
1.491929101562500000e+04
2.093857421875000000e+04
9.311647460937500000e+03
1.376314550781250000e+04
9.752225585937500000e+03
2.609360839843750000e+03
1.664770898437500000e+04
2.276285888671875000e+03
3.011135253906250000e+03
1.453161376953125000e+03
5.675805664062500000e+02
1.506666015625000000e+04
1.549383496093750000e+04
2.087279882812500000e+04
1.032295117187500000e+04
7.232183105468750000e+03
2.265411621093750000e+03
2.242355859375000000e+04
1.901582031250000000e+03
4.104578906250000000e+04
8.032242187500000000e+03
9.671964375000000000e+05
6.966623437500000000e+04
2.573813500000000000e+06
5.242762812500000000e+05
1.105532226562500000e+04
7.421855000000000000e+05
2.703511562500000000e+05
6.119658125000000000e+05
2.891370000000000000e+05
2.351777832031250000e+03
8.086834106445312500e+02
1.667011962890625000e+03
7.281189062500000000e+04
6.228463134765625000e+02
1.339507812500000000e+03
9.819667968750000000e+02
7.441204223632812500e+02
2.830747265625000000e+04
9.676546093750000000e+04
7.018225781250000000e+04
5.462070800781250000e+03
8.449000000000000000e+03
5.999351953125000000e+04
1.562209472656250000e+04
5.353447753906250000e+03
2.346416562500000000e+05
5.197382812500000000e+03
3.332970947265625000e+03
2.918730250000000000e+06
4.196940625000000000e+04
1.084130761718750000e+04
1.239943164062500000e+04
1.496278222656250000e+04
3.317933984375000000e+04
6.878930625000000000e+05
6.453637890625000000e+04
9.760515625000000000e+03
2.302249609375000000e+04
5.159828125000000000e+04
8.233331000000000000e+06
3.860452343750000000e+04
5.782472656250000000e+04
2.497459179687500000e+04
1.169566406250000000e+05
5.585799609375000000e+04
6.432697500000000000e+05
3.534265000000000000e+06
6.096921484375000000e+04
8.546575000000000000e+04
6.647180625000000000e+05
1.116024511718750000e+04
3.959790312500000000e+05
1.277067375000000000e+06
9.329025390625000000e+03
2.987214687500000000e+05
8.877820312500000000e+03
1.707513906250000000e+05
9.856810937500000000e+04
2.542212500000000000e+04
1.570482617187500000e+04
5.030305175781250000e+03
1.754797460937500000e+04
5.436508300781250000e+03
9.716489257812500000e+03
6.897898437500000000e+03
1.795240478515625000e+03
1.751474121093750000e+03
1.506411376953125000e+03
9.832431030273437500e+02
3.216336250000000000e+05
7.609640136718750000e+03
2.563102734375000000e+04
3.807953906250000000e+04
4.824172363281250000e+03
8.695200781250000000e+04
6.936170898437500000e+03
9.976824218750000000e+03
8.187745312500000000e+04
1.911327148437500000e+04
5.813087500000000000e+04
3.729989062500000000e+04
2.122724804687500000e+04
1.418034765625000000e+04
7.743960937500000000e+03
1.359423461914062500e+03
7.101507324218750000e+03
8.511473632812500000e+03
8.869264648437500000e+03
6.791378906250000000e+04
5.300320800781250000e+03
1.012254394531250000e+04
8.700809570312500000e+03
4.714294433593750000e+03
1.581209375000000000e+05
7.725038574218750000e+03
1.911327148437500000e+04
2.117621250000000000e+05
4.061181875000000000e+05
1.091820898437500000e+04
1.992936328125000000e+04
4.960834375000000000e+04
6.674346313476562500e+02
1.845244921875000000e+04
4.715679687500000000e+03
7.028731200000000000e+07
7.164201562500000000e+04
3.945381546020507812e+01
6.862232812500000000e+04
8.541260528564453125e+01
1.462363719940185547e+01
1.482354000000000000e+06
1.854510040283203125e+02
1.780578994750976562e+01
3.876515579223632812e+01
1.003064651489257812e+02
1.297905761718750000e+04
8.429650625000000000e+05
3.202672265625000000e+04
1.472089843750000000e+05
1.185833906250000000e+05
3.498004296875000000e+04
1.062891113281250000e+04
2.242212500000000000e+04
1.229854296875000000e+04
2.785150781250000000e+04
1.951901855468750000e+03
3.244760253906250000e+03
1.394827500000000000e+06
3.437185937500000000e+04
1.993997955322265625e+02
2.383821679687500000e+04
1.047737197875976562e+02
3.349400329589843750e+02
2.721188659667968750e+02
9.942346093750000000e+04
1.911327148437500000e+04
1.795803906250000000e+04
4.361028125000000000e+04
5.868974121093750000e+03
9.349924804687500000e+03
1.829564453125000000e+03
5.530281372070312500e+02
1.079397109375000000e+05
2.776033935546875000e+03
6.857980468750000000e+04
1.367343750000000000e+03
3.246584765625000000e+04
5.124085937500000000e+03
1.117817016601562500e+03
1.378705664062500000e+04
5.081607910156250000e+03
1.171822143554687500e+03
7.846748046875000000e+02
1.261097363281250000e+04
7.400084960937500000e+03
1.295627539062500000e+04
5.709617187500000000e+04
1.229532910156250000e+04
2.159947656250000000e+04
1.034746777343750000e+04
9.426123046875000000e+03
1.556253906250000000e+05
3.860702392578125000e+03
1.385405883789062500e+02
6.926754687500000000e+04
4.159675000000000000e+04
1.466538183593750000e+04
1.680917812500000000e+05
3.255245849609375000e+03
1.694337463378906250e+02
1.621796191406250000e+04
6.414717773437500000e+03
6.203860156250000000e+04
2.085447265625000000e+04
1.143664687500000000e+05
1.249237500000000000e+04
1.238282714843750000e+04
1.356585058593750000e+04
2.951275634765625000e+03
3.513055419921875000e+03
1.693991718750000000e+05
4.051048046875000000e+04
1.869058789062500000e+04
2.272620117187500000e+04
1.378328320312500000e+04
8.027776855468750000e+03
1.750912500000000000e+04
3.641689697265625000e+03
1.943712031250000000e+05
1.549383496093750000e+04
5.458380078125000000e+04
1.473424062500000000e+05
1.094135058593750000e+04
1.074740625000000000e+04
5.052994921875000000e+04
1.410550781250000000e+03
5.287615722656250000e+03
1.886050250000000000e+06
7.592726074218750000e+03
7.096002929687500000e+03
1.689861914062500000e+04
9.379712890625000000e+03
1.308896191406250000e+04
2.780530517578125000e+03
2.735137109375000000e+04
1.865346069335937500e+03
3.133076660156250000e+03
6.311639062500000000e+04
7.649248535156250000e+03
6.319854687500000000e+04
4.507492578125000000e+04
6.811868652343750000e+03
1.378847753906250000e+04
1.299608984375000000e+04
1.840545776367187500e+03
2.717264453125000000e+04
2.250572509765625000e+03
6.688952148437500000e+03
6.778820312500000000e+03
1.964173437500000000e+04
1.344573535156250000e+04
9.891578979492187500e+02
7.000474609375000000e+03
3.572079162597656250e+02
9.889359130859375000e+02
1.322462005615234375e+02
6.439011718750000000e+04
1.246318261718750000e+04
4.794596191406250000e+03
3.333169687500000000e+05
2.277986328125000000e+04
8.227043945312500000e+03
2.223608593750000000e+04
1.381983520507812500e+03
2.142014160156250000e+03
1.148301171875000000e+04
1.036411254882812500e+03
3.119816210937500000e+04
1.801866796875000000e+04
6.978260937500000000e+04
6.850049804687500000e+03
2.299394726562500000e+04
3.678739062500000000e+04
1.033253515625000000e+04
2.980285156250000000e+04
5.653671484375000000e+04
1.171703027343750000e+04
1.147758105468750000e+04
3.380099609375000000e+04
5.951655000000000000e+06
5.771827734375000000e+04
2.626437988281250000e+03
2.325730468750000000e+04
4.567804687500000000e+04
5.154024609375000000e+04
2.799686328125000000e+04
5.429193500000000000e+06
2.529409423828125000e+03
5.171385546875000000e+04
1.310338769531250000e+04
8.318794921875000000e+03
9.292377929687500000e+03
7.063616699218750000e+03
7.521035156250000000e+02
4.919607421875000000e+03
2.795886474609375000e+03
1.072607543945312500e+03
3.482160500000000000e+06
3.968905078125000000e+04
3.631713671875000000e+04
8.688089062500000000e+04
3.177549062500000000e+05
8.057716250000000000e+05
3.992076562500000000e+04
3.181160312500000000e+05
1.395488183593750000e+04
1.513177375000000000e+06
1.911327148437500000e+04
2.077427375000000000e+06
6.799985156250000000e+04
7.459811000000000000e+06
4.268160546875000000e+04
3.007977294921875000e+03
1.291544609375000000e+05
5.957161328125000000e+04
3.061264160156250000e+03
4.334594500000000000e+06
3.434907958984375000e+03
2.030439843750000000e+04
7.018225781250000000e+04
8.568778125000000000e+05
8.686805468750000000e+04
6.195734375000000000e+05
4.334594500000000000e+06
3.434907958984375000e+03
7.018225781250000000e+04
6.195734375000000000e+05
1.215275859375000000e+05
9.269020312500000000e+04
7.018225781250000000e+04
1.056176074218750000e+04
3.549267968750000000e+04
4.032503515625000000e+04
9.088783203125000000e+03
1.496400976562500000e+04
6.631308593750000000e+04
1.070871777343750000e+04
6.898174316406250000e+03
7.718644531250000000e+04
1.234387890625000000e+05
3.027505468750000000e+04
5.027729687500000000e+04
2.117536328125000000e+04
2.030413208007812500e+03
1.842668554687500000e+04
3.710376708984375000e+03
1.100044218750000000e+05
5.659565917968750000e+03
1.740042968750000000e+05
5.468957421875000000e+04
6.495298828125000000e+03
2.936292968750000000e+04
3.818519531250000000e+03
4.251923339843750000e+03
8.046842041015625000e+02
2.036587695312500000e+04
3.741151367187500000e+03
7.014150390625000000e+02
2.863781738281250000e+02
9.400435156250000000e+04
7.925000000000000000e+02
3.612511596679687500e+02
3.417089599609375000e+03
2.744994201660156250e+02
3.498103637695312500e+02
7.185743652343750000e+03
4.002728125000000000e+04
8.667206054687500000e+03
3.717286328125000000e+04
1.425563378906250000e+04
2.862158593750000000e+04
1.076177636718750000e+04
3.964366943359375000e+03
5.056856445312500000e+03
1.813920898437500000e+04
4.036573242187500000e+03
3.075651611328125000e+03
8.924309570312500000e+03
4.399380859375000000e+03
7.624012500000000000e+04
1.181658593750000000e+04
4.719524609375000000e+04
2.605941601562500000e+04
1.830119628906250000e+03
1.971575439453125000e+03
2.243893750000000000e+04
7.425764648437500000e+03
1.187411200000000000e+07
7.832130000000000000e+05
4.511780078125000000e+04
1.215275859375000000e+05
8.568778125000000000e+05
6.383865625000000000e+04
1.646133000000000000e+06
1.187411200000000000e+07
7.832130000000000000e+05
1.215275859375000000e+05
1.646133000000000000e+06
1.263758625000000000e+06
4.878191796875000000e+04
2.672738437500000000e+05
5.597638281250000000e+04
1.191737187500000000e+05
2.351945625000000000e+05
4.265869140625000000e+04
5.994432812500000000e+04
1.193979100000000000e+07
1.439451250000000000e+05
4.560548046875000000e+04
5.282907812500000000e+04
8.568778125000000000e+05
1.419527343750000000e+05
5.526525000000000000e+05
1.193979100000000000e+07
1.439451250000000000e+05
5.282907812500000000e+04
5.526525000000000000e+05
2.271322070312500000e+04
3.761378515625000000e+04
1.815622460937500000e+04
1.279628417968750000e+04
3.174474853515625000e+03
1.103152734375000000e+04
1.335416748046875000e+03
8.043350219726562500e+02
7.098073600000000000e+07
6.082652343750000000e+04
9.943105468750000000e+04
7.055114062500000000e+04
8.364728125000000000e+05
8.686805468750000000e+04
2.432730000000000000e+06
7.098073600000000000e+07
6.082652343750000000e+04
7.055114062500000000e+04
2.432730000000000000e+06
1.117083125000000000e+05
4.470935500000000000e+06
1.611018906250000000e+05
1.681999218750000000e+04
1.564648906250000000e+05
1.128667382812500000e+04
2.478185742187500000e+04
1.770711718750000000e+04
4.051615000000000000e+05
4.008470214843750000e+03
6.106126464843750000e+03
7.018225781250000000e+04
8.568778125000000000e+05
8.686805468750000000e+04
3.200687812500000000e+05
4.051615000000000000e+05
4.008470214843750000e+03
7.018225781250000000e+04
3.200687812500000000e+05
7.890625600000000000e+07
6.669769531250000000e+04
4.056475781250000000e+04
7.018225781250000000e+04
3.439638750000000000e+05
5.543392187500000000e+04
2.399053250000000000e+06
1.521352875000000000e+06
1.709627734375000000e+04
1.348775312500000000e+05
1.804258593750000000e+05
2.105341064453125000e+03
7.998447656250000000e+04
6.645120625000000000e+05
3.784958984375000000e+04
1.594289355468750000e+04
3.418451232910156250e+02
7.292398437500000000e+04
1.362680053710937500e+03
1.436144921875000000e+04
5.287842578125000000e+04
1.337327246093750000e+04
7.851795312500000000e+04
3.761378515625000000e+04
1.047231738281250000e+04
9.920007812500000000e+03
2.456341064453125000e+03
3.810125732421875000e+03
3.903046142578125000e+03
7.133646240234375000e+02
7.798850625000000000e+05
6.087088378906250000e+03
5.260885937500000000e+04
3.549267968750000000e+04
3.682062890625000000e+04
8.195158593750000000e+04
2.606307031250000000e+04
9.992603750000000000e+05
6.714463867187500000e+03
3.060370312500000000e+04
2.896340039062500000e+04
7.028731200000000000e+07
6.945673437500000000e+04
2.936998828125000000e+04
6.795718750000000000e+04
3.253841210937500000e+04
3.138204101562500000e+04
1.409438750000000000e+06
5.317781250000000000e+04
5.788428222656250000e+03
2.977271093750000000e+04
6.411280273437500000e+03
5.343321289062500000e+03
9.948736328125000000e+03
1.143204492187500000e+04
3.826406738281250000e+03
9.943859252929687500e+02
3.629810546875000000e+03
1.275460693359375000e+03
9.499636230468750000e+02
5.523797265625000000e+04
8.568778125000000000e+05
6.659092187500000000e+04
3.224976757812500000e+04
4.970514062500000000e+04
8.922133593750000000e+04
5.523797265625000000e+04
7.660066406250000000e+04
6.659092187500000000e+04
4.970514062500000000e+04
7.660066406250000000e+04
5.564298046875000000e+04
1.186720800781250000e+04
8.002122070312500000e+03
5.517594921875000000e+04
1.510434692382812500e+03
2.454314648437500000e+04
2.706783935546875000e+03
7.796237182617187500e+02
4.615267578125000000e+03
6.947105625000000000e+05
8.189979375000000000e+05
2.196244140625000000e+03
2.816158125000000000e+05
4.475672363281250000e+03
1.812098632812500000e+04
1.424991113281250000e+04
1.009161875000000000e+05
2.421309765625000000e+04
6.569983593750000000e+04
6.100603906250000000e+04
1.984749609375000000e+04
4.185317578125000000e+04
5.266277343750000000e+04
3.654638281250000000e+04
1.991571533203125000e+03
2.857395250000000000e+06
1.366076875000000000e+05
6.007305297851562500e+02
3.618895996093750000e+03
6.383865625000000000e+04
4.395429199218750000e+03
1.991571533203125000e+03
2.857395250000000000e+06
6.007305297851562500e+02
4.395429199218750000e+03
1.093782519531250000e+04
8.860588867187500000e+03
1.239943164062500000e+04
9.490874633789062500e+02
8.871640625000000000e+03
3.104654492187500000e+04
9.840895996093750000e+02
2.020304565429687500e+03
2.051825585937500000e+04
1.463583374023437500e+03
8.330521850585937500e+02
1.964816210937500000e+04
5.976905273437500000e+03
4.298696289062500000e+03
6.397919921875000000e+03
1.110289306640625000e+03
4.401706054687500000e+03
1.442756835937500000e+03
4.242288818359375000e+02
1.054301879882812500e+03
3.549267968750000000e+04
2.063447070312500000e+04
6.279075195312500000e+03
2.166079345703125000e+03
5.051091796875000000e+04
2.865606445312500000e+03
7.018093261718750000e+02
8.116160644531250000e+03
4.645336425781250000e+03
1.655113769531250000e+03
1.846542875000000000e+06
4.672892187500000000e+04
1.515407656250000000e+05
3.549267968750000000e+04
6.383865625000000000e+04
8.686805468750000000e+04
6.359091796875000000e+04
1.846542875000000000e+06
4.672892187500000000e+04
3.549267968750000000e+04
6.359091796875000000e+04
7.028731200000000000e+07
6.680209375000000000e+04
2.081677539062500000e+04
6.645503125000000000e+04
1.442960312500000000e+05
4.612688671875000000e+04
1.331655750000000000e+06
2.383282250000000000e+06
3.061141357421875000e+03
4.039813281250000000e+04
2.079567968750000000e+05
4.600609500000000000e+06
7.448921093750000000e+04
3.606386718750000000e+04
3.281599218750000000e+04
7.911077636718750000e+03
5.985544140625000000e+04
6.212569921875000000e+04
1.523707031250000000e+05
6.208885546875000000e+04
3.157724609375000000e+04
2.102903125000000000e+04
1.998996718750000000e+05
2.066472265625000000e+04
8.971716406250000000e+04
5.935662890625000000e+04
9.396249218750000000e+04
9.072946875000000000e+04
5.671465234375000000e+04
1.151730312500000000e+05
4.151463281250000000e+04
1.603250375000000000e+06
4.587275312500000000e+05
4.447066406250000000e+03
2.472844687500000000e+05
3.992583496093750000e+03
6.727404687500000000e+04
3.842878515625000000e+04
1.098808691406250000e+04
1.191826250000000000e+06
4.147123125000000000e+05
3.824702880859375000e+03
1.623761250000000000e+05
3.512512451171875000e+03
2.092202343750000000e+04
1.282291796875000000e+04
6.809649500000000000e+06
6.144541250000000000e+05
2.821943750000000000e+04
5.456438281250000000e+04
1.134589296875000000e+05
5.560869628906250000e+03
3.507035500000000000e+06
1.391149000000000000e+06
5.914895312500000000e+04
3.981685156250000000e+04
6.107589375000000000e+05
1.375296592712402344e+01
1.543338625000000000e+06
1.370241210937500000e+03
3.834819793701171875e+00
9.061038208007812500e+02
5.409038543701171875e+00
4.289384460449218750e+02
2.472800750732421875e+02
1.033337109375000000e+05
1.911327148437500000e+04
4.117474609375000000e+04
2.863398242187500000e+04
1.321608203125000000e+04
2.700240039062500000e+04
5.965895507812500000e+03
2.676904541015625000e+03
4.670998828125000000e+04
1.549383496093750000e+04
1.221678671875000000e+05
2.964574609375000000e+04
2.229148242187500000e+04
3.553047119140625000e+03
2.801694726562500000e+04
1.804194335937500000e+03
9.238374023437500000e+03
6.808579375000000000e+05
1.452661375000000000e+06
1.032289916992187500e+03
3.133289375000000000e+05
2.945020751953125000e+02
7.716812988281250000e+03
4.534848144531250000e+03
5.626668359375000000e+04
4.452954062500000000e+05
3.232644140625000000e+04
2.960362304687500000e+04
1.250955566406250000e+04
8.130548339843750000e+03
1.238162031250000000e+05
1.349745117187500000e+04
7.176935156250000000e+04
7.515982421875000000e+03
3.330313671875000000e+04
4.039092285156250000e+03
1.560297656250000000e+04
3.871789062500000000e+03
6.767262500000000000e+04
3.727650390625000000e+03
1.899297119140625000e+03
2.034473632812500000e+04
5.525708496093750000e+03
1.230432617187500000e+04
2.573260986328125000e+03
3.147333984375000000e+04
1.845160546875000000e+04
2.102297460937500000e+04
2.186490478515625000e+03
4.636690429687500000e+03
7.982736328125000000e+03
1.694183593750000000e+03
3.864526977539062500e+02
1.102188476562500000e+04
7.148095312500000000e+04
2.033108007812500000e+04
1.264096972656250000e+04
3.373626171875000000e+04
8.686805468750000000e+04
1.102188476562500000e+04
3.218711718750000000e+04
2.033108007812500000e+04
3.373626171875000000e+04
3.218711718750000000e+04
5.242069500000000000e+06
7.448921093750000000e+04
7.658943847656250000e+03
9.277427734375000000e+03
9.741038818359375000e+02
3.111483984375000000e+04
7.780942187500000000e+04
1.006100097656250000e+04
2.629990429687500000e+04
1.486765747070312500e+03
6.297969238281250000e+03
2.223225000000000000e+04
6.885966875000000000e+05
3.465457031250000000e+04
3.081155029296875000e+03
2.044073632812500000e+04
1.012969360351562500e+03
1.515243261718750000e+04
2.520460937500000000e+04
3.405178515625000000e+04
3.205710449218750000e+03
9.633625000000000000e+03
9.555966796875000000e+03
1.598305761718750000e+04
2.672794726562500000e+04
2.037142089843750000e+03
5.300355957031250000e+03
4.935803515625000000e+04
4.322981933593750000e+03
1.197594042968750000e+04
2.474442578125000000e+04
3.978000488281250000e+03
6.604539550781250000e+03
5.027570800781250000e+03
2.137524609375000000e+04
3.926572753906250000e+03
8.163121582031250000e+03
3.946225000000000000e+04
5.348812890625000000e+04
2.797071289062500000e+03
1.116575000000000000e+04
3.438323974609375000e+03
1.963748242187500000e+04
6.361015625000000000e+03
4.223094921875000000e+04
3.936036875000000000e+05
3.185783789062500000e+04
5.569320312500000000e+04
3.459733984375000000e+04
7.894021484375000000e+03
6.514684375000000000e+04
1.140958398437500000e+04
1.239862265625000000e+05
4.147766796875000000e+04
2.340634765625000000e+04
5.396946289062500000e+03
2.441765429687500000e+04
2.178378125000000000e+04
2.492828125000000000e+03
9.268656250000000000e+03
1.032615000000000000e+05
1.911327148437500000e+04
7.854235937500000000e+04
7.043060937500000000e+04
1.340644921875000000e+04
2.046674023437500000e+04
3.387815917968750000e+03
1.595228027343750000e+03
3.148161621093750000e+03
9.277427734375000000e+03
3.445755859375000000e+04
6.022613281250000000e+03
5.793935058593750000e+03
8.686805468750000000e+04
3.548355957031250000e+03
3.148161621093750000e+03
9.277427734375000000e+03
6.022613281250000000e+03
3.548355957031250000e+03
7.028731200000000000e+07
7.448921093750000000e+04
8.374537109375000000e+03
7.018225781250000000e+04
1.179159472656250000e+04
2.818557617187500000e+04
1.563562125000000000e+06
1.486132128906250000e+04
1.512349707031250000e+04
1.005722070312500000e+04
1.173513671875000000e+04
1.620664355468750000e+04
4.065405273437500000e+02
5.761778750000000000e+05
6.431424804687500000e+03
4.175469750000000000e+06
1.090274609375000000e+05
4.065405273437500000e+02
5.761778750000000000e+05
2.288250781250000000e+04
1.090274609375000000e+05
2.288250781250000000e+04
8.638823000000000000e+06
4.521731000000000000e+06
3.607828125000000000e+04
3.220799609375000000e+04
4.969305468750000000e+04
8.712459960937500000e+03
3.223514000000000000e+06
2.132820000000000000e+06
1.547005468750000000e+05
2.251682031250000000e+04
5.162263750000000000e+05
3.028709570312500000e+04
9.825051562500000000e+04
7.018225781250000000e+04
1.600911425781250000e+04
2.778258398437500000e+04
6.066882421875000000e+04
3.970252734375000000e+04
3.299744921875000000e+04
2.365825937500000000e+05
5.230379296875000000e+04
6.018572265625000000e+04
1.846542875000000000e+06
4.602603515625000000e+04
1.516217480468750000e+04
3.532817968750000000e+04
3.088691992187500000e+04
7.175881250000000000e+04
6.308202734375000000e+04
9.550711718750000000e+04
1.887095703125000000e+04
1.495797363281250000e+04
1.447005175781250000e+04
6.350424804687500000e+03
4.273694824218750000e+03
3.748206542968750000e+03
6.808757812500000000e+04
1.602742065429687500e+03
9.701953125000000000e+02
4.035556884765625000e+03
1.189587768554687500e+03
4.521731000000000000e+06
7.446796093750000000e+04
4.635200390625000000e+04
3.560530468750000000e+04
3.088691992187500000e+04
7.300685156250000000e+04
6.286492187500000000e+04
1.170678906250000000e+05
1.870215820312500000e+04
1.507351464843750000e+04
2.479956640625000000e+04
4.418499023437500000e+03
3.646744140625000000e+03
7.943249023437500000e+03
5.589550781250000000e+04
2.819924316406250000e+03
1.589405883789062500e+03
5.619079101562500000e+03
2.621022460937500000e+03
3.822870250000000000e+06
6.556275000000000000e+06
2.493772265625000000e+04
3.995124511718750000e+03
8.464720703125000000e+03
2.652902343750000000e+04
1.252819375000000000e+06
3.257296679687500000e+04
3.494591875000000000e+05
1.677051147460937500e+03
5.917936718750000000e+04
3.115938281250000000e+04
7.618932031250000000e+04
5.977215625000000000e+04
5.644896484375000000e+03
9.297537109375000000e+03
4.203478515625000000e+04
6.975799316406250000e+03
5.959110839843750000e+03
2.429208593750000000e+04
2.690333007812500000e+03
3.443595703125000000e+03
2.250733184814453125e+01
2.843779296875000000e+04
5.702904701232910156e+00
4.002780456542968750e+02
6.308782577514648438e+00
6.811005249023437500e+02
2.617243957519531250e+02
4.566948242187500000e+02
1.582443281250000000e+05
6.269290625000000000e+04
5.921741796875000000e+04
8.909902343750000000e+03
2.866015625000000000e+04
4.950384375000000000e+04
4.906148046875000000e+04
1.475731875000000000e+05
5.453160937500000000e+04
1.712993164062500000e+04
4.358849218750000000e+04
7.028731200000000000e+07
7.448921093750000000e+04
4.253507031250000000e+04
7.018225781250000000e+04
1.308678437500000000e+05
7.081707031250000000e+04
1.563562125000000000e+06
3.787502500000000000e+05
2.102100976562500000e+04
7.713310156250000000e+04
3.412610546875000000e+04
2.993330750000000000e+06
3.739606250000000000e+04
1.232816171875000000e+05
4.017914306640625000e+03
1.929223632812500000e+04
9.332502343750000000e+04
1.281833375000000000e+06
2.939628250000000000e+06
3.540194531250000000e+04
4.012085205078125000e+03
1.296264500000000000e+06
1.940291210937500000e+04
7.621167480468750000e+03
5.700666503906250000e+03
7.314163281250000000e+04
1.507416210937500000e+04
3.144547851562500000e+03
4.996090820312500000e+03
3.923169189453125000e+03
1.112259667968750000e+04
9.763821289062500000e+03
1.607203613281250000e+04
1.107890234375000000e+04
1.418780395507812500e+03
4.941958007812500000e+03
9.552669677734375000e+02
1.083712158203125000e+03
1.532314331054687500e+03
1.626059375000000000e+05
5.761867578125000000e+04
6.316577148437500000e+03
3.602112304687500000e+03
1.002468322753906250e+03
1.332930273437500000e+04
5.117262695312500000e+03
1.415888867187500000e+04
1.571581176757812500e+03
4.922485351562500000e+03
6.730649375000000000e+05
3.505520000000000000e+05
1.148029296875000000e+05
1.270928046875000000e+05
3.505520000000000000e+05
4.633878906250000000e+04
3.965633789062500000e+03
1.996187304687500000e+04
2.091514257812500000e+04
8.091357421875000000e+03
7.814858886718750000e+03
2.459502343750000000e+04
7.852972656250000000e+03
9.948736328125000000e+03
5.517787109375000000e+03
2.531561767578125000e+03
1.603954589843750000e+03
6.457223144531250000e+03
1.275209228515625000e+03
8.789942382812500000e+03
1.705035937500000000e+04
1.165245250000000000e+06
1.768817871093750000e+03
1.661307500000000000e+05
1.865683250000000000e+06
1.136470214843750000e+03
5.003201562500000000e+04
8.550680000000000000e+05
1.061500625000000000e+05
2.389785546875000000e+04
4.074703125000000000e+04
3.761378515625000000e+04
2.252693750000000000e+04
8.796750781250000000e+04
3.301314453125000000e+03
3.220427929687500000e+04
2.921464599609375000e+03
4.925439453125000000e+03
1.421623375000000000e+06
2.810183437500000000e+05
2.938351757812500000e+04
3.119232812500000000e+04
1.860339257812500000e+04
5.426484765625000000e+04
1.957995849609375000e+03
6.288485351562500000e+03
1.460955468750000000e+04
1.928279882812500000e+04
1.911327148437500000e+04
1.117448535156250000e+04
1.688676171875000000e+04
3.761378515625000000e+04
1.638964721679687500e+03
3.003974121093750000e+03
2.220951171875000000e+03
2.443696289062500000e+03
2.074777526855468750e+02
9.547180786132812500e+02
3.694503784179687500e+02
9.546104687500000000e+04
5.246916406250000000e+04
9.301674194335937500e+02
3.000722351074218750e+02
2.822684179687500000e+04
3.019645690917968750e+02
1.293375683593750000e+04
1.902307031250000000e+04
1.316584667968750000e+04
5.056987109375000000e+04
5.420631835937500000e+03
2.464093750000000000e+03
9.604879882812500000e+03
2.389071289062500000e+03
4.750269062500000000e+05
4.470935500000000000e+06
1.276888600000000000e+07
2.450614453125000000e+04
1.241773900000000000e+07
3.644697265625000000e+04
3.626520750000000000e+06
3.325296750000000000e+06
5.331026855468750000e+03
1.010008300781250000e+04
6.309645996093750000e+03
9.128110156250000000e+04
2.519266357421875000e+03
1.420918579101562500e+03
1.010008300781250000e+04
2.519266357421875000e+03
4.521731000000000000e+06
7.448921093750000000e+04
2.810907031250000000e+04
3.549267968750000000e+04
1.126053613281250000e+04
4.422403515625000000e+04
6.299034375000000000e+04
8.826575000000000000e+04
1.671672851562500000e+04
1.326859765625000000e+04
1.129269433593750000e+04
6.131137000000000000e+06
2.647071875000000000e+05
1.165418261718750000e+04
1.562881640625000000e+04
1.584651171875000000e+04
3.517075390625000000e+04
5.415751875000000000e+05
2.633495312500000000e+05
9.547160937500000000e+04
6.028308593750000000e+03
1.466244218750000000e+05
3.427052734375000000e+03
5.246353750000000000e+05
2.568276406250000000e+05
9.876834960937500000e+03
6.390164062500000000e+04
2.958599609375000000e+03
2.009487500000000000e+04
1.168071093750000000e+04
1.371899719238281250e+02
6.093539810180664062e+01
2.650654375000000000e+05
5.751749218750000000e+04
8.575458526611328125e+01
4.291912460327148438e+01
5.877842773437500000e+03
2.652546691894531250e+01
2.657433349609375000e+03
3.826771875000000000e+04
1.192423046875000000e+04
3.121119531250000000e+04
2.737354492187500000e+03
1.804298706054687500e+03
3.267430468750000000e+04
3.656463134765625000e+03
4.254109500000000000e+06
4.581931640625000000e+04
4.884398437500000000e+03
1.200543359375000000e+04
9.169208984375000000e+03
6.154912109375000000e+03
3.732817500000000000e+05
7.601998437500000000e+04
1.469003173828125000e+03
1.780069091796875000e+03
8.654740234375000000e+03
1.378994140625000000e+03
1.197567031250000000e+05
5.952515625000000000e+04
1.532032226562500000e+03
1.885586303710937500e+03
8.686805468750000000e+04
1.378994140625000000e+03
1.614254028320312500e+03
5.952515625000000000e+04
1.885586303710937500e+03
1.614254028320312500e+03
1.074486000000000000e+06
3.357951750000000000e+06
3.677922750000000000e+06
2.778926171875000000e+04
1.839379125000000000e+06
3.858592968750000000e+04
4.867716562500000000e+05
3.805983437500000000e+05
1.114611914062500000e+04
4.826842187500000000e+04
1.755228125000000000e+06
5.234825781250000000e+04
2.186707500000000000e+06
2.608855750000000000e+06
6.645816406250000000e+03
7.364653125000000000e+05
1.299803500000000000e+06
1.103696000000000000e+06
4.674919062500000000e+05
4.994424000000000000e+06
9.841206000000000000e+06
2.091225000000000000e+04
1.079345875000000000e+06
7.963989746093750000e+03
9.169692500000000000e+05
8.456985000000000000e+06
2.244890312500000000e+05
2.557364000000000000e+06
4.546890625000000000e+05
2.295199750000000000e+06
6.683607600000000000e+07
3.034062500000000000e+05
1.089446250000000000e+05
1.270928046875000000e+05
3.034062500000000000e+05
1.101505625000000000e+06
3.820166748046875000e+03
3.358608593750000000e+04
7.966556000000000000e+07
6.382106250000000000e+04
3.557258203125000000e+04
7.018225781250000000e+04
1.139485234375000000e+05
7.364798437500000000e+04
2.360846000000000000e+06
3.783470000000000000e+05
3.845056640625000000e+04
6.726455468750000000e+04
5.418242187500000000e+04
1.136772500000000000e+06
4.619040625000000000e+04
2.877236132812500000e+04
9.619346923828125000e+02
5.174030273437500000e+03
4.406800781250000000e+04
1.360742031250000000e+05
9.357857812500000000e+04
4.838253125000000000e+04
1.428422973632812500e+03
4.517993750000000000e+04
1.986380273437500000e+04
2.003153930664062500e+03
6.863242500000000000e+05
1.068151367187500000e+04
4.896172500000000000e+05
6.385284375000000000e+04
9.962677612304687500e+02
1.228760703125000000e+05
1.987613867187500000e+04
2.767843750000000000e+04
8.625354492187500000e+03
7.028731200000000000e+07
7.448921093750000000e+04
3.190082617187500000e+04
7.018225781250000000e+04
6.107414062500000000e+04
6.247975781250000000e+04
1.563562125000000000e+06
1.401234843750000000e+05
6.498905273437500000e+03
7.178735156250000000e+04
2.577465234375000000e+04
1.164136953125000000e+05
7.835793750000000000e+04
7.018225781250000000e+04
5.248116210937500000e+03
3.454129296875000000e+04
5.228958593750000000e+04
6.985401367187500000e+03
1.461992578125000000e+04
2.715790234375000000e+04
6.300023925781250000e+03
3.412909423828125000e+03
6.840481250000000000e+04
6.947105625000000000e+05
1.973759250000000000e+06
3.827918359375000000e+04
4.159584062500000000e+05
7.029513671875000000e+03
1.396048906250000000e+05
6.263225390625000000e+04
1.305970468750000000e+05
8.581850781250000000e+04
5.296998046875000000e+04
2.852362304687500000e+04
5.999957812500000000e+04
4.690161718750000000e+04
8.817345312500000000e+04
6.993157812500000000e+04
5.712618359375000000e+04
4.472137109375000000e+04
7.343470312500000000e+04
4.968374375000000000e+05
2.807999750000000000e+06
1.276888600000000000e+07
2.450614453125000000e+04
5.701098000000000000e+06
4.602019921875000000e+04
3.626520750000000000e+06
1.520349250000000000e+06
2.025162109375000000e+04
6.965561250000000000e+05
3.412903125000000000e+04
2.286374511718750000e+03
6.967607421875000000e+03
4.411032714843750000e+03
5.107305468750000000e+04
6.494431152343750000e+03
1.297412265625000000e+05
6.477175903320312500e+02
1.567214843750000000e+04
2.807989120483398438e+00
1.911327148437500000e+04
1.879008531570434570e+00
1.104421615600585938e+00
1.918639898300170898e+00
1.343789815902709961e+00
4.138641357421875000e-01
4.861805438995361328e-01
1.222719609375000000e+05
7.984221250000000000e+05
7.018225781250000000e+04
2.826342187500000000e+04
1.544442187500000000e+05
9.197203906250000000e+04
9.568882812500000000e+04
1.831605937500000000e+05
7.386575781250000000e+04
1.444747500000000000e+05
1.788644218750000000e+05
3.286801562500000000e+04
5.080150781250000000e+04
3.312271484375000000e+04
2.403120361328125000e+03
9.277427734375000000e+03
6.781992968750000000e+04
5.944827148437500000e+03
1.836533203125000000e+04
6.828487500000000000e+04
3.175122802734375000e+03
3.323395507812500000e+03
3.241863250000000000e+06
4.792700781250000000e+04
1.542746093750000000e+05
3.549267968750000000e+04
6.383865625000000000e+04
8.686805468750000000e+04
8.611479687500000000e+04
3.241863250000000000e+06
4.792700781250000000e+04
3.549267968750000000e+04
8.611479687500000000e+04
3.138273250000000000e+06
3.166521289062500000e+04
1.500249843750000000e+05
4.313846484375000000e+04
6.383865625000000000e+04
3.927976562500000000e+04
5.418929687500000000e+04
3.138273250000000000e+06
3.166521289062500000e+04
4.313846484375000000e+04
5.418929687500000000e+04
4.134797363281250000e+03
8.746706542968750000e+02
4.043058593750000000e+03
2.987690234375000000e+04
4.097962646484375000e+02
6.729909179687500000e+03
1.452514404296875000e+03
5.946656494140625000e+02
1.762049125000000000e+06
2.686745312500000000e+05
1.270928046875000000e+05
8.686805468750000000e+04
2.091350781250000000e+04
8.342020507812500000e+03
2.686745312500000000e+05
2.091350781250000000e+04
1.295993750000000000e+06
2.262702369689941406e+01
6.102628515625000000e+04
7.863737106323242188e+00
2.832044029235839844e+01
4.925406738281250000e+03
1.258483982086181641e+01
1.219176101684570312e+01
2.865447082519531250e+02
9.575216293334960938e+00
4.635197143554687500e+02
4.866819335937500000e+03
1.649940872192382812e+01
1.872147521972656250e+02
3.176517028808593750e+02
2.034790992736816406e+01
1.378854199218750000e+04
1.715861132812500000e+04
1.682413085937500000e+04
7.792105468750000000e+03
2.833272705078125000e+03
2.222652343750000000e+03
1.893156372070312500e+03
5.517451782226562500e+02
9.701440429687500000e+01
6.712960052490234375e+01
8.843871093750000000e+03
5.784110546875000000e+04
6.892073059082031250e+01
5.308662414550781250e+01
9.159998779296875000e+02
4.226307296752929688e+01
1.767301757812500000e+04
3.239760625000000000e+05
3.841830468750000000e+04
3.333725937500000000e+05
8.152581250000000000e+04
1.987092578125000000e+04
7.074417968750000000e+04
3.100612695312500000e+04
1.511620117187500000e+04
2.427918750000000000e+04
9.524983398437500000e+03
1.228828320312500000e+04
1.513177375000000000e+06
1.911327148437500000e+04
2.124120000000000000e+06
7.568736718750000000e+04
7.459811000000000000e+06
3.435029687500000000e+04
2.943327148437500000e+03
1.291544609375000000e+05
7.010144531250000000e+04
2.540627685546875000e+03
1.092472949218750000e+04
1.265603710937500000e+04
1.918164257812500000e+04
5.119009375000000000e+04
7.087824218750000000e+03
1.602519921875000000e+04
1.740762304687500000e+04
7.944560546875000000e+03
6.828299218750000000e+04
4.790846562500000000e+05
1.895139250000000000e+06
1.711832031250000000e+04
3.811555625000000000e+05
1.890166601562500000e+04
1.494113125000000000e+05
9.013068750000000000e+04
1.134381562500000000e+05
3.366362890625000000e+04
5.458093750000000000e+04
5.449106250000000000e+04
4.265076171875000000e+04
2.850026562500000000e+04
6.805868164062500000e+03
4.781109863281250000e+03
1.021037304687500000e+04
6.208885546875000000e+04
2.384835546875000000e+04
6.054380078125000000e+04
8.399247070312500000e+03
2.523034423828125000e+03
9.874253906250000000e+04
1.053429589843750000e+04
3.432062890625000000e+04
1.427495312500000000e+04
5.379337890625000000e+04
4.156958203125000000e+04
1.103422265625000000e+04
9.619309570312500000e+03
2.239335937500000000e+04
1.029771875000000000e+04
8.032242187500000000e+03
2.317255937500000000e+05
1.911327148437500000e+04
1.847440312500000000e+05
9.948736328125000000e+03
2.179516718750000000e+05
1.298240312500000000e+05
2.064485351562500000e+03
1.451519062500000000e+05
1.321653750000000000e+05
8.681711718750000000e+04
1.722683984375000000e+04
2.991672325134277344e+01
4.403053125000000000e+04
3.103676319122314453e+00
2.139629936218261719e+01
1.308842163085937500e+03
2.609824371337890625e+01
1.947697257995605469e+01
1.566079296875000000e+04
7.989423828125000000e+03
4.009590576171875000e+03
1.361004394531250000e+04
2.839745605468750000e+03
1.710523803710937500e+03
7.058989257812500000e+03
3.654628662109375000e+03
3.087958251953125000e+03
5.761778750000000000e+05
8.555525000000000000e+05
1.827112426757812500e+03
8.265077343750000000e+04
2.083434570312500000e+03
1.382935468750000000e+05
2.412182421875000000e+04
6.560952148437500000e+03
1.513177375000000000e+06
1.851859765625000000e+04
1.879553515625000000e+04
1.747837768554687500e+03
7.170090500000000000e+06
1.130187402343750000e+04
1.055106445312500000e+03
1.275384218750000000e+05
2.929918701171875000e+03
1.831299682617187500e+03
3.756997265625000000e+04
3.865470947265625000e+03
4.531569531250000000e+04
4.239600000000000000e+04
5.058974121093750000e+03
1.462802929687500000e+04
1.839287109375000000e+04
1.215435546875000000e+04
7.028731200000000000e+07
5.224721000000000000e+06
4.653502343750000000e+04
3.061549609375000000e+04
1.131834453125000000e+05
1.026191210937500000e+04
1.548646700000000000e+07
3.706305625000000000e+05
2.025494375000000000e+05
8.351931640625000000e+03
5.922766875000000000e+05
9.351146484375000000e+03
2.689451171875000000e+04
4.145947265625000000e+03
1.912486914062500000e+04
3.721713281250000000e+04
4.863735546875000000e+04
2.116482421875000000e+04
5.427854980468750000e+03
2.874783789062500000e+04
4.959150000000000000e+04
2.758959375000000000e+04
3.349973750000000000e+05
5.719367187500000000e+04
3.953646093750000000e+04
1.228331542968750000e+04
4.043247265625000000e+04
5.748025781250000000e+04
3.467397656250000000e+04
1.974705468750000000e+05
1.676071093750000000e+04
6.698062500000000000e+03
2.245197460937500000e+04
1.838088800000000000e+07
4.879699218750000000e+04
2.012901757812500000e+04
7.018225781250000000e+04
9.245995312500000000e+04
4.032530468750000000e+04
1.403300000000000000e+06
1.259435468750000000e+05
1.348759375000000000e+04
6.610257031250000000e+04
8.390128906250000000e+04
6.212928222656250000e+03
3.606648046875000000e+04
9.444353750000000000e+05
1.507011035156250000e+04
1.840369375000000000e+05
5.097612500000000000e+05
2.918631835937500000e+03
9.404917968750000000e+04
3.476485625000000000e+05
3.751572656250000000e+04
2.920418554687500000e+04
4.589811500000000000e+06
7.455899218750000000e+04
7.681169375000000000e+05
3.338938671875000000e+04
4.749270703125000000e+04
8.912464062500000000e+04
6.236807812500000000e+04
4.831045000000000000e+06
7.003696093750000000e+04
3.179106445312500000e+04
6.403548828125000000e+04
6.902664843750000000e+04
1.549383496093750000e+04
6.062637500000000000e+05
5.625832031250000000e+04
4.572027343750000000e+04
2.800550537109375000e+03
1.235558593750000000e+05
3.864280029296875000e+03
7.028731200000000000e+07
4.521731000000000000e+06
8.307924375000000000e+05
1.215275859375000000e+05
8.687603125000000000e+05
5.338890234375000000e+04
5.132067000000000000e+06
6.952265600000000000e+07
4.091137250000000000e+06
1.150239765625000000e+05
4.796289000000000000e+06
3.244133750000000000e+06
4.760803125000000000e+04
1.527858437500000000e+05
3.551410937500000000e+04
6.222798437500000000e+04
8.706669531250000000e+04
8.562524218750000000e+04
3.312367500000000000e+06
4.678501562500000000e+04
3.521314062500000000e+04
8.556647656250000000e+04
9.787324829101562500e+02
3.481991250000000000e+06
1.130808250000000000e+06
9.317554687500000000e+03
2.605002539062500000e+04
4.470935500000000000e+06
2.948460205078125000e+03
1.453097265625000000e+04
1.416834875000000000e+06
3.739745312500000000e+04
2.600437695312500000e+04
1.928279882812500000e+04
6.972239843750000000e+04
1.911327148437500000e+04
6.580687500000000000e+04
3.761378515625000000e+04
1.036375390625000000e+04
9.735821289062500000e+03
2.220951171875000000e+03
4.876061523437500000e+03
3.281357910156250000e+03
9.733700561523437500e+02
2.297257421875000000e+04
1.462146240234375000e+03
7.384357031250000000e+04
3.437133203125000000e+04
6.763791503906250000e+03
4.903014160156250000e+03
9.127126953125000000e+03
2.176180908203125000e+03
1.572435449218750000e+04
1.549383496093750000e+04
4.125944824218750000e+03
2.142046875000000000e+03
4.974117187500000000e+03
4.091364746093750000e+02
4.817789550781250000e+03
5.846501464843750000e+02
1.540225390625000000e+04
5.286971875000000000e+05
1.816382617187500000e+04
3.577477812500000000e+05
2.196322851562500000e+04
2.037172460937500000e+04
7.336973437500000000e+04
1.551459667968750000e+04
1.384424218750000000e+04
1.567561621093750000e+04
6.128690429687500000e+03
1.460884375000000000e+04
1.396898339843750000e+04
3.879944140625000000e+04
1.331744726562500000e+04
1.193365039062500000e+04
6.273680859375000000e+04
2.120715429687500000e+04
1.014503417968750000e+04
7.329977539062500000e+03
1.509165527343750000e+04
1.078986425781250000e+04
1.846542875000000000e+06
4.672892187500000000e+04
4.337000488281250000e+03
3.549267968750000000e+04
3.324169433593750000e+03
5.199296093750000000e+04
6.359091796875000000e+04
1.882260351562500000e+04
1.142195214843750000e+04
5.126119140625000000e+03
1.625756152343750000e+04
5.008400390625000000e+04
2.687432187500000000e+05
4.862654296875000000e+04
6.609134375000000000e+04
2.097555078125000000e+04
8.686805468750000000e+04
5.008400390625000000e+04
4.481632421875000000e+04
4.862654296875000000e+04
2.097555078125000000e+04
4.481632421875000000e+04
9.936952343750000000e+04
1.124998413085937500e+03
1.434641796875000000e+04
7.051039428710937500e+02
1.210191718750000000e+05
7.903276977539062500e+02
7.452614746093750000e+02
7.485417187500000000e+04
1.857221679687500000e+03
2.114782226562500000e+03
1.481969360351562500e+03
4.452040527343750000e+03
6.267046875000000000e+05
5.565863769531250000e+03
1.131985961914062500e+03
2.437244921875000000e+04
5.472416992187500000e+03
1.003657031250000000e+04
2.917410888671875000e+03
4.234141015625000000e+04
9.640430908203125000e+02
6.764319824218750000e+03
2.530031640625000000e+04
4.621090820312500000e+03
1.911327148437500000e+04
5.408010253906250000e+03
2.262768750000000000e+04
4.292889160156250000e+03
2.196403320312500000e+03
7.375070312500000000e+03
3.614337768554687500e+02
1.135728027343750000e+03
3.167455749511718750e+02
1.452026367187500000e+04
4.795539843750000000e+04
1.235630664062500000e+04
1.420694687500000000e+05
4.176733125000000000e+05
8.746850000000000000e+04
1.447354394531250000e+04
4.355778515625000000e+04
1.224065136718750000e+04
4.181056875000000000e+05
4.354249609375000000e+04
7.333663574218750000e+03
3.549267968750000000e+04
1.048579980468750000e+04
5.373467578125000000e+04
1.118887304687500000e+04
4.008450781250000000e+04
2.308669921875000000e+04
2.476864013671875000e+03
1.065135937500000000e+04
1.807808984375000000e+04
8.914518554687500000e+03
7.711081054687500000e+03
2.515055664062500000e+03
2.126678955078125000e+03
2.337794921875000000e+04
6.189411328125000000e+04
9.948736328125000000e+03
1.258432861328125000e+03
2.403224365234375000e+03
5.135807495117187500e+02
7.339429687500000000e+03
2.568051452636718750e+02
5.013634765625000000e+03
1.995298242187500000e+04
1.350054003906250000e+04
2.794198730468750000e+03
2.575992431640625000e+03
3.514925537109375000e+03
1.771880737304687500e+03
7.061926879882812500e+02
3.558622812500000000e+05
3.751226171875000000e+04
7.506907031250000000e+04
8.686805468750000000e+04
3.295247656250000000e+04
5.881830468750000000e+04
7.506907031250000000e+04
5.881830468750000000e+04
6.646106800000000000e+07
6.835003125000000000e+04
8.180837500000000000e+05
7.018225781250000000e+04
8.568778125000000000e+05
8.686805468750000000e+04
1.510631000000000000e+06
6.646106800000000000e+07
6.835003125000000000e+04
7.018225781250000000e+04
1.510631000000000000e+06
2.087552000000000000e+07
1.830063867187500000e+04
9.037660000000000000e+05
2.129369531250000000e+04
1.433653437500000000e+05
2.051231054687500000e+04
1.876827750000000000e+06
2.087552000000000000e+07
1.830063867187500000e+04
2.129369531250000000e+04
1.876827750000000000e+06
9.779775000000000000e+06
7.448921093750000000e+04
3.601966015625000000e+04
3.685980937500000000e+05
1.453967125000000000e+06
5.993250000000000000e+04
5.785853125000000000e+05
3.800336500000000000e+06
6.207795703125000000e+04
3.635492500000000000e+05
4.846913125000000000e+05
2.195461669921875000e+03
3.549267968750000000e+04
9.155864257812500000e+03
1.162007421875000000e+05
2.875751953125000000e+04
6.041045312500000000e+04
1.610943554687500000e+04
3.109119873046875000e+03
1.673411718750000000e+04
1.276078906250000000e+05
2.234497460937500000e+04
2.654159960937500000e+04
4.181230957031250000e+03
8.415657500000000000e+05
2.824157031250000000e+04
1.973948852539062500e+03
5.227970703125000000e+03
2.836573730468750000e+03
1.194428833007812500e+03
5.245215234375000000e+04
2.579870117187500000e+04
6.690056152343750000e+03
5.441062500000000000e+04
2.786350097656250000e+03
4.825921386718750000e+03
6.984053125000000000e+04
6.716634277343750000e+03
6.565428750000000000e+05
5.214661000000000000e+06
4.635200390625000000e+04
2.620645156250000000e+05
1.401483437500000000e+05
9.261752929687500000e+03
8.093397500000000000e+05
3.914825937500000000e+05
1.943310000000000000e+05
1.672476406250000000e+05
5.074026562500000000e+05
6.129549804687500000e+03
2.354978906250000000e+04
2.461030721664428711e+00
6.975014062500000000e+04
3.886908340454101562e+01
4.509491920471191406e+00
6.129549804687500000e+03
9.387554168701171875e+00
2.461030721664428711e+00
3.886908340454101562e+01
9.387554168701171875e+00
4.146758203125000000e+04
2.432428250000000000e+06
1.743865625000000000e+06
6.114228027343750000e+03
1.253225750000000000e+06
9.151579101562500000e+03
6.798321250000000000e+05
5.178387812500000000e+05
1.615147949218750000e+04
4.051048046875000000e+04
4.896892089843750000e+03
4.690606445312500000e+03
2.457244384765625000e+03
1.418915771484375000e+03
4.751984375000000000e+03
1.444125366210937500e+03
1.795048828125000000e+04
3.684440625000000000e+04
6.917242187500000000e+04
4.730452636718750000e+03
3.371505371093750000e+03
4.658706640625000000e+04
3.093253662109375000e+03
4.484817871093750000e+03
7.212635937500000000e+04
2.752881835937500000e+03
2.002056152343750000e+03
1.229742031250000000e+05
3.117353320312500000e+04
5.242165234375000000e+04
5.416037597656250000e+03
7.481686523437500000e+03
3.469884765625000000e+04
1.577268945312500000e+04
2.578047656250000000e+04
2.882085937500000000e+04
2.155284179687500000e+03
9.139950195312500000e+03
1.071010742187500000e+04
1.134857656250000000e+05
5.859720312500000000e+04
2.212608398437500000e+04
5.381298828125000000e+03
5.934156640625000000e+04
1.358423632812500000e+04
1.994101318359375000e+03
1.331553281250000000e+05
1.283950000000000000e+04
5.729706054687500000e+03
6.808764800000000000e+07
7.448921093750000000e+04
1.414433789062500000e+04
4.473766406250000000e+04
1.321656250000000000e+04
5.232394921875000000e+04
1.713471375000000000e+06
1.504091699218750000e+04
2.823114843750000000e+04
1.103396972656250000e+04
1.116573925781250000e+04
1.347113100000000000e+07
7.459811000000000000e+06
8.742290625000000000e+05
2.405598242187500000e+04
3.560151000000000000e+06
3.178748632812500000e+04
9.727765625000000000e+03
2.766927734375000000e+04
1.751852929687500000e+04
1.865637500000000000e+04
1.452550625000000000e+05
5.612359375000000000e+04
1.655159765625000000e+04
2.331482421875000000e+04
2.830342578125000000e+04
1.081777832031250000e+04
1.970822800000000000e+07
4.672892187500000000e+04
1.166923144531250000e+04
7.018225781250000000e+04
7.633579687500000000e+04
5.041058203125000000e+04
6.652031875000000000e+05
3.063224062500000000e+05
2.480183789062500000e+04
2.673391210937500000e+04
1.217469531250000000e+05
7.028731200000000000e+07
3.760688125000000000e+05
1.557291137695312500e+03
3.293742968750000000e+04
1.959883666992187500e+03
1.493289794921875000e+03
4.523966562500000000e+05
2.780381835937500000e+03
5.229716796875000000e+03
9.046892700195312500e+02
5.594376464843750000e+03
3.922838750000000000e+05
9.110273437500000000e+04
9.533403906250000000e+04
7.400360937500000000e+04
9.110273437500000000e+04
1.062967500000000000e+05
1.651055664062500000e+04
4.160555468750000000e+04
4.122989062500000000e+05
2.686745312500000000e+05
7.495189843750000000e+04
6.028372656250000000e+04
1.420997070312500000e+04
5.989558105468750000e+03
2.527742656250000000e+05
2.515909765625000000e+04
8.329806250000000000e+04
9.264125000000000000e+04
5.532681250000000000e+04
5.442500976562500000e+03
3.549267968750000000e+04
5.040457421875000000e+04
1.160378515625000000e+04
4.248621875000000000e+04
6.124703125000000000e+04
6.269152832031250000e+03
1.108707421875000000e+04
6.131072500000000000e+05
9.178511250000000000e+05
6.496574218750000000e+04
2.552412343750000000e+05
1.343514531250000000e+05
5.778360351562500000e+03
7.725977500000000000e+05
3.923703125000000000e+05
6.221273437500000000e+04
1.372711250000000000e+05
4.515045000000000000e+05
5.283207200000000000e+07
7.256925000000000000e+04
1.606932656250000000e+05
2.236603906250000000e+04
7.032810937500000000e+04
5.549083593750000000e+04
5.555410000000000000e+06
2.886691250000000000e+06
1.527087402343750000e+04
2.593861328125000000e+04
8.710558750000000000e+05
7.040471200000000000e+07
5.694968500000000000e+06
2.368658007812500000e+04
1.215275859375000000e+05
3.651453906250000000e+04
4.439509277343750000e+03
7.631983500000000000e+06
4.680741250000000000e+05
7.388568750000000000e+04
7.789148437500000000e+03
2.154964687500000000e+05
2.740991562500000000e+05
2.478663250000000000e+06
6.284199375000000000e+05
2.579087890625000000e+04
4.550036250000000000e+05
3.944493750000000000e+04
1.628736718750000000e+05
1.333567656250000000e+05
2.130917031250000000e+05
1.084494726562500000e+04
4.847277343750000000e+03
3.571825390625000000e+04
3.870810302734375000e+03
1.074298730468750000e+04
4.091248046875000000e+03
1.547261230468750000e+03
1.281921289062500000e+04
9.420155273437500000e+03
5.616723828125000000e+04
2.746680273437500000e+04
2.003273593750000000e+05
4.914216796875000000e+04
4.681407226562500000e+03
5.775423046875000000e+04
1.162288085937500000e+04
6.481275781250000000e+04
1.546718652343750000e+04
1.197811645507812500e+03
1.317077148437500000e+04
1.027498730468750000e+04
8.686805468750000000e+04
2.798944396972656250e+02
1.364488830566406250e+02
1.027498730468750000e+04
1.364488830566406250e+02
3.084806250000000000e+04
2.947608593750000000e+04
2.455820800781250000e+03
1.151222460937500000e+04
8.244192504882812500e+02
8.304311523437500000e+03
1.870836059570312500e+03
1.143663208007812500e+03
3.922838750000000000e+05
3.761378515625000000e+04
1.918345625000000000e+06
7.474225000000000000e+04
3.761378515625000000e+04
1.109497109375000000e+05
8.166454589843750000e+03
1.837594921875000000e+04
2.844807421875000000e+04
3.437559687500000000e+05
7.018225781250000000e+04
9.303578125000000000e+03
3.152921875000000000e+04
5.539518359375000000e+04
1.233775878906250000e+04
4.111972656250000000e+04
1.347849687500000000e+05
2.407480273437500000e+04
2.150917187500000000e+04
3.452212890625000000e+03
3.549267968750000000e+04
4.399867187500000000e+03
8.826878125000000000e+04
1.403048242187500000e+04
4.571247265625000000e+04
2.239688281250000000e+04
2.071749023437500000e+03
1.052622167968750000e+04
3.461823046875000000e+04
1.313993066406250000e+04
1.540225390625000000e+04
3.846773125000000000e+05
1.078491503906250000e+04
1.127841250000000000e+05
5.532385546875000000e+04
6.449983886718750000e+03
2.320630078125000000e+04
1.001504492187500000e+04
4.519707519531250000e+03
3.400855468750000000e+03
2.502739257812500000e+03
8.233331000000000000e+06
4.672892187500000000e+04
1.248194238281250000e+04
2.994670898437500000e+04
2.868140039062500000e+04
5.888700781250000000e+04
7.939611875000000000e+05
6.785217500000000000e+05
2.638929882812500000e+04
1.714006445312500000e+04
2.779484062500000000e+05
3.478552500000000000e+06
6.395536500000000000e+06
8.615422656250000000e+04
4.957269042968750000e+03
4.643629296875000000e+04
5.260580078125000000e+04
1.493732500000000000e+06
3.908532250000000000e+06
6.071832000000000000e+06
6.047804199218750000e+03
1.619156750000000000e+06
7.700520019531250000e+03
2.671673242187500000e+04
7.409068359375000000e+03
5.075612890625000000e+04
4.215090332031250000e+03
2.187888916015625000e+03
1.274127636718750000e+04
1.978938964843750000e+03
3.541262500000000000e+06
7.448921093750000000e+04
5.266900000000000000e+04
8.635432128906250000e+02
3.115747070312500000e+03
7.989680468750000000e+04
1.143360468750000000e+05
3.092771484375000000e+04
1.521606445312500000e+04
1.998605468750000000e+03
9.550099609375000000e+03
3.861542187500000000e+04
2.789513085937500000e+04
2.896848242187500000e+04
1.457294189453125000e+03
3.484751953125000000e+04
1.084136914062500000e+04
6.428806152343750000e+03
2.777969726562500000e+04
2.125650195312500000e+04
3.598207275390625000e+03
9.734670898437500000e+03
1.193979100000000000e+07
4.808253906250000000e+03
4.901723828125000000e+04
6.217157031250000000e+04
9.549659375000000000e+05
8.953928125000000000e+04
5.774128750000000000e+05
1.369846800000000000e+07
4.984257324218750000e+03
7.388288281250000000e+04
6.259251875000000000e+05
7.713497314453125000e+02
3.549267968750000000e+04
1.120271875000000000e+05
2.536988085937500000e+04
4.928466308593750000e+03
5.542314062500000000e+04
4.227383300781250000e+03
1.141341430664062500e+03
2.128445703125000000e+04
7.258582519531250000e+03
3.155976806640625000e+03
1.046870214843750000e+04
2.967403320312500000e+04
4.706121484375000000e+04
3.032420898437500000e+04
4.649066406250000000e+04
5.114412109375000000e+04
1.091836621093750000e+04
1.820779492187500000e+04
3.759628515625000000e+04
5.151199218750000000e+04
2.098147070312500000e+04
1.765091600000000000e+07
3.052697750000000000e+06
1.490151562500000000e+05
1.024412031250000000e+05
8.568778125000000000e+05
5.209580468750000000e+04
3.386800500000000000e+06
1.765091600000000000e+07
3.052697750000000000e+06
1.024412031250000000e+05
3.386800500000000000e+06
4.509186500000000000e+06
7.305296093750000000e+04
4.600896484375000000e+04
3.538574218750000000e+04
3.065011328125000000e+04
7.175594531250000000e+04
6.233941406250000000e+04
1.237077265625000000e+05
1.885088085937500000e+04
1.515195410156250000e+04
2.521927929687500000e+04
1.092301600000000000e+07
6.860054687500000000e+04
9.037660000000000000e+05
1.099508984375000000e+04
4.851148828125000000e+04
8.594585937500000000e+04
4.505590625000000000e+05
1.092301600000000000e+07
6.860054687500000000e+04
1.099508984375000000e+04
4.505590625000000000e+05
4.621050390625000000e+04
1.549383496093750000e+04
1.359985625000000000e+05
2.317540429687500000e+04
2.078350781250000000e+04
8.762042968750000000e+03
4.817253515625000000e+04
1.468955664062500000e+04
2.791791210937500000e+04
1.177134218750000000e+05
2.586707031250000000e+04
1.562473125000000000e+05
1.626503710937500000e+04
4.060753173828125000e+03
8.112467187500000000e+04
1.121870703125000000e+04
4.254109500000000000e+06
4.672892187500000000e+04
2.323484765625000000e+04
1.239943164062500000e+04
1.154567382812500000e+04
5.569920703125000000e+04
3.818067500000000000e+05
1.769540039062500000e+04
7.405563964843750000e+03
1.113569531250000000e+04
6.230909667968750000e+03
1.101571582031250000e+04
3.901115234375000000e+04
7.499469726562500000e+03
2.119698437500000000e+04
4.937461853027343750e+02
3.987655078125000000e+04
2.094480468750000000e+03
4.073152343750000000e+03
2.641666992187500000e+04
1.132428359375000000e+05
6.679598437500000000e+04
8.496605468750000000e+03
8.039538574218750000e+03
6.873341406250000000e+04
7.427953125000000000e+03
5.210029785156250000e+03
6.543744921875000000e+04
2.880863037109375000e+03
9.418794555664062500e+02
5.076460937500000000e+05
1.681043359375000000e+04
4.125251953125000000e+03
3.639150390625000000e+04
1.174555000000000000e+05
5.515280468750000000e+04
7.218262695312500000e+03
4.077731640625000000e+04
4.820263671875000000e+04
7.968754272460937500e+02
3.094116992187500000e+04
3.222538671875000000e+04
2.813927490234375000e+03
8.520862304687500000e+03
7.548699707031250000e+03
7.584826660156250000e+02
5.386439453125000000e+03
3.023804443359375000e+03
9.819547851562500000e+03
6.018245312500000000e+04
2.277859619140625000e+03
2.608258300781250000e+03
1.095381835937500000e+04
3.592359863281250000e+03
8.032242187500000000e+03
2.823884687500000000e+05
1.543338625000000000e+06
2.110900937500000000e+05
6.947105625000000000e+05
2.619626000000000000e+06
1.550992656250000000e+05
5.012468437500000000e+05
2.278907000000000000e+06
2.169609750000000000e+06
1.615285625000000000e+06
1.466987031250000000e+05
4.186275390625000000e+04
3.890722187500000000e+05
5.245090234375000000e+04
4.147972265625000000e+04
4.232241699218750000e+03
6.646725781250000000e+04
4.743868652343750000e+03
2.640991992187500000e+04
2.772807373046875000e+03
1.705369062500000000e+05
7.856506250000000000e+04
2.552505615234375000e+03
4.634399902343750000e+03
2.194919062500000000e+05
3.976718261718750000e+03
1.215275859375000000e+05
8.534465332031250000e+02
2.525485156250000000e+04
3.942965393066406250e+02
4.150378515625000000e+04
4.091855773925781250e+02
4.079748840332031250e+02
9.811851562500000000e+03
4.260096130371093750e+02
1.064192810058593750e+02
9.512169647216796875e+01
3.069083251953125000e+03
1.875701562500000000e+04
3.596326250000000000e+06
2.748960546875000000e+04
1.902588281250000000e+04
7.924595703125000000e+03
5.131967500000000000e+05
3.300629296875000000e+04
8.252913000000000000e+06
4.193529785156250000e+03
2.560660888671875000e+03
1.285436425781250000e+04
8.046379687500000000e+04
6.425553515625000000e+04
1.529285125000000000e+06
1.185414375000000000e+05
1.471152954101562500e+03
3.223592968750000000e+04
3.351470312500000000e+04
2.451341406250000000e+04
1.726878710937500000e+04
1.172328625000000000e+06
3.452686718750000000e+04
5.220351250000000000e+05
1.865683250000000000e+06
5.914748535156250000e+03
2.515411093750000000e+05
8.576258750000000000e+05
4.147791875000000000e+05
1.485634843750000000e+05
6.308737304687500000e+03
1.487863500000000000e+06
1.861329296875000000e+04
1.223328750000000000e+06
1.983693750000000000e+04
7.459811000000000000e+06
1.794521484375000000e+04
9.938061523437500000e+02
1.264298593750000000e+05
2.224395507812500000e+04
1.152833496093750000e+03
5.886488769531250000e+03
7.857993750000000000e+05
2.839704833984375000e+03
7.163093261718750000e+03
9.578606445312500000e+03
3.058429687500000000e+04
2.578195312500000000e+04
1.187421630859375000e+03
4.501001562500000000e+04
2.603399414062500000e+03
2.145369628906250000e+03
1.073008691406250000e+04
2.588704589843750000e+03
4.179229492187500000e+03
1.445396875000000000e+04
1.157121718750000000e+05
5.254553125000000000e+04
1.771565307617187500e+03
2.485094335937500000e+04
4.519750488281250000e+03
3.649159765625000000e+04
5.272350585937500000e+03
3.060889843750000000e+04
1.534223046875000000e+04
1.902862500000000000e+05
3.754798046875000000e+04
1.887516796875000000e+04
9.427166015625000000e+03
3.674559375000000000e+04
8.393281250000000000e+03
2.607955664062500000e+04
3.107791601562500000e+04
1.421304687500000000e+05
4.059730859375000000e+04
2.329535351562500000e+04
3.850843359375000000e+04
3.561932812500000000e+04
1.113920117187500000e+04
4.852467968750000000e+04
3.592561767578125000e+03
7.057226074218750000e+03
1.438952929687500000e+04
3.281433203125000000e+04
2.954816894531250000e+03
2.327153076171875000e+03
3.401127929687500000e+03
1.254279296875000000e+04
5.209298095703125000e+02
1.540225390625000000e+04
1.507190375000000000e+06
1.162626625000000000e+06
1.695322000000000000e+06
1.816564875000000000e+06
4.361817500000000000e+06
8.466569531250000000e+04
7.224873750000000000e+05
1.405349000000000000e+06
1.673716625000000000e+06
8.336981250000000000e+05
7.677701600000000000e+07
6.130576171875000000e+04
6.573750000000000000e+04
6.730138281250000000e+04
9.732858125000000000e+05
9.301359375000000000e+04
2.339526750000000000e+06
6.686107200000000000e+07
4.216543359375000000e+04
7.750798437500000000e+04
2.016507500000000000e+06
1.794130737304687500e+03
3.281599218750000000e+04
5.559545703125000000e+04
1.369991699218750000e+04
9.323128906250000000e+03
8.686805468750000000e+04
3.167169433593750000e+03
1.794130737304687500e+03
3.281599218750000000e+04
1.369991699218750000e+04
3.167169433593750000e+03
4.552560500000000000e+06
7.448921093750000000e+04
4.356696484375000000e+04
3.454129296875000000e+04
5.183366210937500000e+03
5.038573046875000000e+04
6.268507812500000000e+04
1.872387656250000000e+05
6.320860937500000000e+04
6.117640625000000000e+03
5.853051562500000000e+04
8.091357421875000000e+03
1.507190375000000000e+06
7.354910625000000000e+05
9.868700000000000000e+04
5.246353750000000000e+05
2.432428250000000000e+06
1.151951660156250000e+04
1.843849375000000000e+05
7.228230000000000000e+05
3.587532500000000000e+05
1.499528906250000000e+05
8.298936875000000000e+05
3.741925000000000000e+04
4.268005859375000000e+04
8.299657812500000000e+04
6.988226562500000000e+03
1.399744218750000000e+05
7.587469726562500000e+03
6.757277832031250000e+03
8.046673339843750000e+03
1.094324000000000000e+06
2.276822187500000000e+05
2.938814453125000000e+04
7.598171875000000000e+04
3.133515869140625000e+03
2.311849218750000000e+04
1.029044335937500000e+04
3.705987500000000000e+05
4.574985625000000000e+05
3.486792968750000000e+04
8.367408203125000000e+03
4.398088671875000000e+04
9.442530468750000000e+04
1.608884521484375000e+03
9.233494140625000000e+03
2.240791750000000000e+06
3.931499218750000000e+04
9.036178710937500000e+03
8.917094726562500000e+03
8.865795898437500000e+03
9.215606250000000000e+04
6.590416406250000000e+04
6.783587500000000000e+05
2.912502734375000000e+04
3.918359863281250000e+03
6.860767187500000000e+04
1.066440156250000000e+05
1.535813875000000000e+06
4.166655000000000000e+06
4.061217968750000000e+04
1.531373625000000000e+06
2.888924609375000000e+04
3.771721875000000000e+05
3.235872812500000000e+05
8.402179687500000000e+03
9.096666015625000000e+03
2.987141845703125000e+03
9.392091406250000000e+04
1.572921386718750000e+04
3.069252734375000000e+04
2.726459179687500000e+04
6.422756835937500000e+03
2.403011230468750000e+03
4.037710156250000000e+04
1.565429492187500000e+04
7.318799804687500000e+03
1.019563000000000000e+06
9.218988750000000000e+05
1.845964375000000000e+05
2.307620937500000000e+05
1.427026875000000000e+06
8.835802734375000000e+03
1.278661484375000000e+05
5.159866875000000000e+05
1.832049531250000000e+05
8.992668750000000000e+04
8.928468322753906250e+01
6.093539810180664062e+01
1.918345625000000000e+06
5.263912500000000000e+04
6.093539810180664062e+01
5.350529098510742188e+01
3.185331542968750000e+03
3.779181671142578125e+01
8.453942187500000000e+04
7.459811000000000000e+06
4.336430078125000000e+04
9.099956054687500000e+03
2.434898242187500000e+04
8.276667968750000000e+03
2.169019287109375000e+03
1.839008911132812500e+03
2.452753906250000000e+04
4.467485937500000000e+04
5.778117187500000000e+04
1.048566015625000000e+04
3.517813281250000000e+04
4.006218750000000000e+04
5.557434082031250000e+03
5.766252929687500000e+03
4.003598437500000000e+04
1.067560644531250000e+04
3.662005859375000000e+03
3.186246582031250000e+03
3.549267968750000000e+04
1.051873437500000000e+04
5.315677343750000000e+04
1.432006152343750000e+04
4.020878906250000000e+04
1.817928515625000000e+04
5.502083007812500000e+03
1.067651171875000000e+04
2.809676562500000000e+04
8.320921875000000000e+03
1.939672400000000000e+07
7.000630625000000000e+05
3.436360156250000000e+04
5.216267187500000000e+04
7.694706250000000000e+04
5.171765136718750000e+03
1.386022875000000000e+06
8.409400000000000000e+05
3.229799804687500000e+04
1.903867773437500000e+04
1.828717187500000000e+05
6.832057812500000000e+04
6.460603125000000000e+05
9.037660000000000000e+05
9.287680664062500000e+03
5.725621093750000000e+04
1.325133593750000000e+04
3.505930078125000000e+04
6.832057812500000000e+04
6.460603125000000000e+05
9.287680664062500000e+03
3.505930078125000000e+04
2.462480859375000000e+04
5.804339843750000000e+03
3.477913085937500000e+03
7.357082812500000000e+04
1.031376953125000000e+04
2.898470214843750000e+03
7.267477050781250000e+03
7.934905273437500000e+03
9.694320312500000000e+03
2.488011962890625000e+03
4.744879296875000000e+04
1.269478046875000000e+05
5.618142700195312500e+02
9.213822265625000000e+03
1.226233984375000000e+04
9.970508422851562500e+02
6.238145703125000000e+04
5.020499609375000000e+04
4.894287109375000000e+04
5.706160937500000000e+04
1.173992871093750000e+04
1.569324951171875000e+03
4.735769531250000000e+04
2.305587890625000000e+03
2.681144800000000000e+07
6.827963125000000000e+05
9.037660000000000000e+05
9.943651367187500000e+03
1.279331171875000000e+05
1.348374218750000000e+05
7.647181875000000000e+05
2.681144800000000000e+07
6.827963125000000000e+05
9.943651367187500000e+03
7.647181875000000000e+05
1.969669200000000000e+07
1.711305781250000000e+05
5.334273828125000000e+04
1.524023144531250000e+04
1.209690859375000000e+05
2.157172656250000000e+04
3.818740937500000000e+05
3.639003000000000000e+06
1.694513593750000000e+05
2.460900781250000000e+04
6.617705000000000000e+05
9.330833007812500000e+03
9.960007812500000000e+04
3.102331054687500000e+04
8.582840625000000000e+04
1.755912500000000000e+04
3.355596679687500000e+03
9.487582812500000000e+04
1.342196777343750000e+04
4.521731000000000000e+06
7.448921093750000000e+04
1.327657226562500000e+04
3.549267968750000000e+04
7.221014404296875000e+02
3.059883007812500000e+04
6.299034375000000000e+04
4.205394921875000000e+04
2.511167724609375000e+03
1.316932861328125000e+03
8.040819824218750000e+03
3.002287200000000000e+07
7.448921093750000000e+04
1.223169921875000000e+03
2.211595703125000000e+04
1.138331542968750000e+03
7.940543212890625000e+02
5.497415000000000000e+06
1.648178955078125000e+03
4.458024597167968750e+02
5.083127441406250000e+02
8.081650390625000000e+02
6.983594417572021484e+00
0.000000000000000000e+00
3.640588867187500000e+03
9.922439453125000000e+03
1.696463593750000000e+05
1.066171125000000000e+06
2.394410371780395508e+00
7.802634887695312500e+02
1.565916381835937500e+03
7.112096875000000000e+04
3.415622863769531250e+02
1.059808227539062500e+03
1.962563085937500000e+04
5.952515625000000000e+04
1.049528686523437500e+03
1.262968505859375000e+03
7.200580468750000000e+04
5.113394775390625000e+02
7.998316650390625000e+02
3.040738085937500000e+04
1.102913208007812500e+03
4.179963684082031250e+02
1.306753222656250000e+04
2.397547265625000000e+04
3.529392968750000000e+04
3.958426171875000000e+04
9.452411132812500000e+03
5.052489062500000000e+04
1.280551464843750000e+04
4.983710449218750000e+03
1.134344042968750000e+04
1.903891601562500000e+04
4.884822753906250000e+03
2.090400800000000000e+07
1.872942500000000000e+06
3.605571484375000000e+04
9.344329687500000000e+04
3.088391875000000000e+05
9.990192968750000000e+04
2.817509250000000000e+06
1.759508500000000000e+06
7.246970000000000000e+05
2.025606562500000000e+05
1.719080625000000000e+06
1.768046800000000000e+07
6.757794531250000000e+04
1.483495312500000000e+04
5.952515625000000000e+04
1.126912011718750000e+04
5.218247265625000000e+04
2.124249500000000000e+06
2.539161914062500000e+04
2.674870507812500000e+04
1.337925488281250000e+04
3.831643750000000000e+04
2.326293500000000000e+06
5.999449707031250000e+03
8.136576660156250000e+03
2.849137890625000000e+04
7.487359375000000000e+04
5.564372656250000000e+04
2.690994750000000000e+06
2.218952187500000000e+05
3.829437500000000000e+03
2.124586132812500000e+04
2.686435625000000000e+05
4.137705566406250000e+03
7.822770507812500000e+03
4.186455566406250000e+03
3.042732177734375000e+03
5.384112304687500000e+03
5.549633984375000000e+04
9.952112426757812500e+02
6.881142578125000000e+02
3.770350585937500000e+03
2.671429687500000000e+03
7.796528320312500000e+02
1.118792285156250000e+04
7.234971093750000000e+04
7.018225781250000000e+04
4.408218750000000000e+03
8.142989257812500000e+03
5.039919140625000000e+04
6.913107421875000000e+03
9.366570312500000000e+03
4.705412890625000000e+04
4.694021484375000000e+03
5.502166992187500000e+03
2.554722265625000000e+04
6.277025756835937500e+02
6.107816406250000000e+03
1.322649536132812500e+02
6.753800781250000000e+04
1.222933120727539062e+02
5.825597534179687500e+02
1.766306054687500000e+04
1.473301879882812500e+03
4.363843994140625000e+02
1.512782348632812500e+03
4.048760625000000000e+05
3.447316562500000000e+05
5.178729296875000000e+04
1.327428906250000000e+05
3.927262812500000000e+05
8.686805468750000000e+04
4.048760625000000000e+05
6.197295000000000000e+05
5.178729296875000000e+04
3.927262812500000000e+05
6.197295000000000000e+05
8.275852800000000000e+07
6.827439843750000000e+04
4.145583984375000000e+04
7.018225781250000000e+04
9.224064843750000000e+04
4.004866406250000000e+04
2.429076250000000000e+06
1.629401562500000000e+05
2.973159570312500000e+04
6.615567187500000000e+04
1.099889062500000000e+05
5.606310058593750000e+03
1.193067968750000000e+04
1.030787812500000000e+05
4.848873046875000000e+04
3.619817626953125000e+03
7.851220214843750000e+03
3.898322656250000000e+04
6.346942871093750000e+03
5.618655273437500000e+03
2.019010156250000000e+04
7.616778320312500000e+03
5.981093750000000000e+04
1.576777343750000000e+03
8.355347290039062500e+02
3.449803515625000000e+04
5.669221191406250000e+03
1.191975000000000000e+04
1.021117187500000000e+05
2.637918554687500000e+04
2.091442578125000000e+04
1.533885156250000000e+04
7.319770507812500000e+03
8.183414550781250000e+03
7.323374511718750000e+03
4.963839843750000000e+04
2.313763867187500000e+04
4.681028125000000000e+04
5.475403125000000000e+04
2.723366796875000000e+04
1.781908007812500000e+04
2.448584179687500000e+04
1.357737207031250000e+04
2.141196250000000000e+06
5.420748828125000000e+04
7.018225781250000000e+04
3.582458750000000000e+05
3.713073125000000000e+05
5.609469531250000000e+04
3.019525937500000000e+05
3.143732500000000000e+05
5.868780078125000000e+04
6.392662890625000000e+04
5.909178515625000000e+04
2.078860351562500000e+04
8.568778125000000000e+05
6.659575000000000000e+04
5.806654785156250000e+03
6.017910156250000000e+03
8.914903906250000000e+04
2.078860351562500000e+04
1.653055273437500000e+04
6.659575000000000000e+04
6.017910156250000000e+03
1.653055273437500000e+04
1.559075000000000000e+04
6.871999375000000000e+05
8.587331875000000000e+05
5.534264160156250000e+03
1.870308593750000000e+04
1.419527343750000000e+05
1.759541992187500000e+04
1.559075000000000000e+04
6.871999375000000000e+05
5.534264160156250000e+03
1.759541992187500000e+04
1.791449062500000000e+05
3.659215820312500000e+03
1.020529062500000000e+05
7.147318750000000000e+04
9.778182617187500000e+03
5.534364746093750000e+03
8.558711718750000000e+04
2.742772216796875000e+03
4.262165039062500000e+03
3.582230500000000000e+06
3.652162187500000000e+05
1.276690795898437500e+03
5.730876875000000000e+05
1.237325317382812500e+03
1.171096386718750000e+04
2.110252343750000000e+04
1.540225390625000000e+04
1.465270000000000000e+06
7.814858886718750000e+03
1.511775375000000000e+06
3.761378515625000000e+04
7.007483000000000000e+06
7.993597656250000000e+04
1.802598388671875000e+03
1.346281093750000000e+05
4.625300390625000000e+04
4.486088867187500000e+03
1.928279882812500000e+04
1.513177375000000000e+06
9.682568125000000000e+05
1.695322000000000000e+06
1.508128000000000000e+06
2.432428250000000000e+06
7.080843750000000000e+04
6.918226250000000000e+05
8.285817500000000000e+05
1.056029375000000000e+06
6.122110000000000000e+05
2.792276000000000000e+07
4.470935500000000000e+06
2.968770750000000000e+06
6.124171875000000000e+04
3.292771000000000000e+06
1.975632343750000000e+05
3.814722500000000000e+05
4.748539062500000000e+05
1.970822800000000000e+07
4.672491406250000000e+04
1.515407656250000000e+05
7.013193750000000000e+04
8.568778125000000000e+05
8.681621093750000000e+04
6.655642500000000000e+05
1.970822800000000000e+07
4.672491406250000000e+04
7.013193750000000000e+04
6.655642500000000000e+05
3.591006875000000000e+05
4.615289062500000000e+04
8.831414031982421875e+01
4.956478595733642578e+00
1.064334843750000000e+05
5.775869369506835938e+01
8.521760559082031250e+01
5.366668701171875000e+01
1.935960351562500000e+04
2.092161875000000000e+05
1.041114941406250000e+04
2.763511875000000000e+05
1.902328710937500000e+04
9.646625976562500000e+03
4.629832812500000000e+04
8.000717285156250000e+03
7.010812500000000000e+03
7.830191406250000000e+03
2.966119628906250000e+03
4.669958496093750000e+03
2.591452636718750000e+03
4.635200390625000000e+04
3.322567749023437500e+02
6.770575195312500000e+03
1.608918304443359375e+02
1.346949584960937500e+03
2.963617919921875000e+03
1.257902709960937500e+03
1.525838928222656250e+02
6.205617065429687500e+02
7.028731200000000000e+07
7.448921093750000000e+04
2.456244140625000000e+04
7.018225781250000000e+04
4.833383203125000000e+04
5.499921875000000000e+04
1.563562125000000000e+06
6.581754687500000000e+04
8.084430175781250000e+03
8.037260937500000000e+04
2.045099414062500000e+04
8.033630625000000000e+05
3.651335546875000000e+04
7.018225781250000000e+04
5.566123828125000000e+04
2.686745312500000000e+05
4.555157812500000000e+04
1.065257968750000000e+05
3.667754062500000000e+05
7.140634375000000000e+04
6.104666015625000000e+04
9.240292187500000000e+04
1.614102500000000000e+05
7.649248535156250000e+03
1.458504062500000000e+05
6.302051562500000000e+04
4.015426171875000000e+04
4.869249218750000000e+04
3.627109765625000000e+04
1.841632031250000000e+04
2.328977734375000000e+04
6.914920312500000000e+04
2.640966796875000000e+04
5.955133593750000000e+04
1.432219335937500000e+04
7.840938476562500000e+03
6.600077343750000000e+04
2.351275781250000000e+04
7.425066400000000000e+07
5.898782500000000000e+06
3.853654296875000000e+04
1.215275859375000000e+05
9.702975781250000000e+04
1.117432617187500000e+04
7.767755000000000000e+06
1.560450937500000000e+05
2.994456562500000000e+05
9.544726562500000000e+03
3.917806562500000000e+05
1.540225390625000000e+04
2.982242187500000000e+05
5.305095214843750000e+03
2.806324375000000000e+05
1.063231835937500000e+04
2.052527343750000000e+05
3.920981250000000000e+04
7.996751098632812500e+02
4.796848046875000000e+04
2.270204492187500000e+04
1.127720605468750000e+04
1.437705957031250000e+04
1.618322500000000000e+05
5.102067578125000000e+04
8.686805468750000000e+04
7.300366699218750000e+03
4.163916992187500000e+03
1.618322500000000000e+05
7.300366699218750000e+03
1.487713281250000000e+05
4.051048046875000000e+04
6.144476875000000000e+05
1.289402343750000000e+04
2.855519531250000000e+04
1.298067968750000000e+04
1.882479492187500000e+04
1.221313085937500000e+04
1.000558300781250000e+04
5.267520019531250000e+03
4.041840576171875000e+03
4.255498535156250000e+03
2.244021240234375000e+03
5.961765747070312500e+02
7.163325805664062500e+02
1.102202148437500000e+02
1.497073339843750000e+04
4.195214355468750000e+03
1.468641796875000000e+04
1.055435937500000000e+05
1.055686640625000000e+05
8.686805468750000000e+04
2.925913476562500000e+04
1.497073339843750000e+04
4.195214355468750000e+03
1.055435937500000000e+05
2.925913476562500000e+04
2.171249200000000000e+07
4.378272656250000000e+04
1.529876562500000000e+05
5.860854687500000000e+04
3.952810625000000000e+05
8.802045312500000000e+04
3.516064500000000000e+06
2.171249200000000000e+07
4.378272656250000000e+04
5.860854687500000000e+04
3.516064500000000000e+06
9.478682812500000000e+04
3.357277587890625000e+03
8.024270996093750000e+03
3.550642187500000000e+04
4.373602343750000000e+04
9.058681250000000000e+04
1.002804492187500000e+04
8.287832812500000000e+04
2.968076904296875000e+03
3.049837500000000000e+04
9.120930664062500000e+03
4.521731000000000000e+06
7.448921093750000000e+04
3.888530029296875000e+03
3.549267968750000000e+04
1.201762939453125000e+03
5.130145507812500000e+03
6.299034375000000000e+04
1.410840429687500000e+04
4.387792480468750000e+03
9.712313232421875000e+02
2.953264160156250000e+03
1.204862031250000000e+05
1.522316308593750000e+04
1.184149500000000000e+06
3.484290234375000000e+04
1.583938750000000000e+06
1.865683250000000000e+06
5.531076171875000000e+03
4.407901562500000000e+05
7.383978750000000000e+05
8.656919375000000000e+05
3.192307812500000000e+05
2.824558000000000000e+06
2.843092968750000000e+04
1.162712695312500000e+04
8.712633593750000000e+04
2.282844531250000000e+05
7.817667500000000000e+05
2.842274414062500000e+04
2.272167187500000000e+05
1.087026757812500000e+04
1.851300000000000000e+04
5.537880859375000000e+04
5.782527343750000000e+04
1.074915820312500000e+04
2.131537500000000000e+04
1.980971289062500000e+04
8.054037109375000000e+03
1.012668437500000000e+05
1.911327148437500000e+04
1.867528125000000000e+04
4.737142578125000000e+04
5.865672851562500000e+03
9.628030273437500000e+03
1.866905883789062500e+03
5.721900634765625000e+02
4.573968750000000000e+03
1.694919218750000000e+05
3.053016250000000000e+05
5.313475341796875000e+02
2.686433789062500000e+04
7.088038330078125000e+02
1.408659667968750000e+04
2.646925537109375000e+03
4.642176562500000000e+05
9.110273437500000000e+04
4.011200390625000000e+04
9.717968750000000000e+04
4.955835937500000000e+04
1.200347812500000000e+05
1.760346093750000000e+04
3.490057031250000000e+04
1.027348125000000000e+05
5.171312500000000000e+06
3.171752500000000000e+06
1.000118457031250000e+04
3.573185000000000000e+06
5.687544433593750000e+03
6.651285156250000000e+04
8.686009375000000000e+04
1.693933750000000000e+06
4.039935937500000000e+05
8.807343750000000000e+04
6.628121875000000000e+04
1.551214531250000000e+05
3.810501562500000000e+05
2.878982812500000000e+05
1.678633437500000000e+05
3.699267578125000000e+04
3.495701562500000000e+05
7.018225781250000000e+04
3.394659765625000000e+04
3.387121484375000000e+04
5.644696093750000000e+04
5.791711328125000000e+04
2.684904492187500000e+04
1.373778437500000000e+05
2.499796679687500000e+04
2.523378515625000000e+04
2.012349023437500000e+04
7.608892578125000000e+03
1.954068750000000000e+04
1.350041308593750000e+04
2.878603515625000000e+03
6.303956909179687500e+02
1.248292236328125000e+03
1.054348831176757812e+02
2.982599804687500000e+04
8.166478906250000000e+04
6.994290625000000000e+04
3.969325000000000000e+04
2.963825390625000000e+04
8.042092187500000000e+04
3.258169726562500000e+04
3.079074609375000000e+04
8.736521093750000000e+04
3.498164843750000000e+04
2.802328125000000000e+04
7.583349600000000000e+07
8.964960000000000000e+05
2.757199609375000000e+04
5.282907812500000000e+04
4.275183593750000000e+04
8.722969726562500000e+03
2.080996500000000000e+06
2.833615625000000000e+05
5.110779687500000000e+04
8.572071289062500000e+03
1.799017968750000000e+05
1.440916796875000000e+04
3.398513916015625000e+03
6.080026367187500000e+03
3.992716015625000000e+04
1.158064550781250000e+04
6.425765136718750000e+03
2.811119628906250000e+03
9.613843750000000000e+03
8.033630625000000000e+05
3.659297656250000000e+04
1.388421679687500000e+04
5.583983203125000000e+04
1.460187968750000000e+05
2.116758984375000000e+04
1.069666015625000000e+05
1.407708281250000000e+05
2.205638671875000000e+04
2.783005468750000000e+04
5.281547265625000000e+04
7.028731200000000000e+07
7.448921093750000000e+04
3.370998828125000000e+04
7.018225781250000000e+04
6.680923437500000000e+04
4.831042187500000000e+04
1.563562125000000000e+06
6.131511250000000000e+05
1.826759375000000000e+04
1.506463593750000000e+05
1.701903593750000000e+05
4.336908340454101562e+01
3.478311157226562500e+01
1.918345625000000000e+06
1.270928046875000000e+05
3.478311157226562500e+01
3.645410156250000000e+01
8.944761718750000000e+03
2.989349555969238281e+01
3.919082421875000000e+04
4.494924000000000000e+06
2.098441601562500000e+04
4.084276123046875000e+03
2.365050976562500000e+04
9.749834960937500000e+03
2.341284570312500000e+04
1.599508789062500000e+04
3.709771093750000000e+04
3.896156494140625000e+03
1.338519042968750000e+04
1.139202734375000000e+05
3.448855625000000000e+05
7.005840625000000000e+04
2.881802929687500000e+04
9.118669531250000000e+04
5.560866015625000000e+04
3.123620898437500000e+04
1.440144687500000000e+05
1.350994843750000000e+05
4.511591015625000000e+04
6.168238281250000000e+04
6.609493125000000000e+05
3.042682000000000000e+06
1.134629375000000000e+05
1.850992431640625000e+03
4.573697656250000000e+04
8.713283203125000000e+03
5.387800000000000000e+05
8.066690000000000000e+05
3.336700000000000000e+05
9.470630859375000000e+03
3.587775312500000000e+05
4.435716562500000000e+05
2.450614453125000000e+04
7.624012500000000000e+04
8.686805468750000000e+04
3.659185937500000000e+04
8.550503906250000000e+04
7.624012500000000000e+04
8.550503906250000000e+04
1.365338867187500000e+04
1.928279882812500000e+04
1.911327148437500000e+04
4.943990234375000000e+03
1.628781127929687500e+03
3.761378515625000000e+04
2.440031982421875000e+03
1.409004882812500000e+03
2.220951171875000000e+03
6.175698852539062500e+02
2.890675964355468750e+02
5.067995312500000000e+05
3.674468359375000000e+04
4.866203515625000000e+04
7.296745312500000000e+04
7.720440625000000000e+04
5.623792968750000000e+04
5.893723437500000000e+04
4.897107421875000000e+04
5.340783691406250000e+03
9.948736328125000000e+03
3.828827392578125000e+03
8.717629882812500000e+03
4.846944885253906250e+02
2.721605712890625000e+03
1.179679443359375000e+03
5.682177734375000000e+02
3.402286132812500000e+03
2.142287000000000000e+06
1.911327148437500000e+04
5.779345625000000000e+05
8.462895507812500000e+03
7.067079000000000000e+06
6.954500976562500000e+03
5.918664550781250000e+02
1.821480000000000000e+05
4.702420312500000000e+04
5.754646606445312500e+02
6.731557031250000000e+04
1.865683250000000000e+06
3.839512500000000000e+06
2.959783398437500000e+04
1.831269875000000000e+06
3.160586914062500000e+04
5.461133750000000000e+05
3.718693437500000000e+05
3.208747656250000000e+04
3.485353906250000000e+04
1.239911230468750000e+04
5.479400878906250000e+03
1.204518652343750000e+04
1.036361523437500000e+04
4.736502929687500000e+03
4.866201660156250000e+03
1.039462011718750000e+04
1.508128000000000000e+06
2.782199687500000000e+05
7.571977050781250000e+03
1.445756406250000000e+05
1.101631445312500000e+04
1.053768261718750000e+04
9.331206054687500000e+03
7.622439453125000000e+03
3.886661132812500000e+03
1.373340625000000000e+04
5.092326660156250000e+03
8.143082031250000000e+03
3.055816650390625000e+03
1.142918847656250000e+04
4.317875976562500000e+03
2.181809082031250000e+03
4.672892187500000000e+04
1.417238593750000000e+05
3.312598266601562500e+02
4.236457214355468750e+02
9.153460937500000000e+04
1.799656005859375000e+03
1.939109863281250000e+03
4.239369531250000000e+04
3.034468078613281250e+02
1.633292724609375000e+03
1.331436562500000000e+05
8.348976562500000000e+03
6.656489062500000000e+04
3.909133984375000000e+04
6.239437988281250000e+03
3.345613281250000000e+04
2.523896093750000000e+04
1.462431738281250000e+04
6.353018800000000000e+07
7.342862000000000000e+06
1.353071500000000000e+06
4.706032031250000000e+04
5.354490500000000000e+06
9.367840625000000000e+04
1.593044726562500000e+04
8.641136718750000000e+04
2.492091210937500000e+04
3.170213867187500000e+04
6.254567382812500000e+03
1.086449414062500000e+04
1.556831250000000000e+04
3.672903808593750000e+03
2.226042382812500000e+04
5.277971191406250000e+03
4.521731000000000000e+06
7.448921093750000000e+04
4.157156250000000000e+04
3.549267968750000000e+04
5.009695800781250000e+03
5.407695703125000000e+04
6.299034375000000000e+04
1.775749062500000000e+05
6.403469140625000000e+04
6.135539550781250000e+03
5.746276953125000000e+04
1.297496600000000000e+07
4.088939453125000000e+04
1.515407656250000000e+05
5.108012109375000000e+04
1.197567031250000000e+05
9.036531250000000000e+04
1.326102500000000000e+06
1.297496600000000000e+07
4.088939453125000000e+04
5.108012109375000000e+04
1.326102500000000000e+06
1.351658007812500000e+04
7.253758300781250000e+03
7.378507812500000000e+04
9.053560546875000000e+03
4.056204589843750000e+03
5.816604980468750000e+03
3.577217285156250000e+03
1.228617187500000000e+03
2.362690917968750000e+03
8.866236328125000000e+03
1.667105102539062500e+03
4.924279687500000000e+04
8.981589843750000000e+03
5.303216015625000000e+04
1.520817089843750000e+04
4.281682739257812500e+02
1.073548950195312500e+03
9.904248046875000000e+03
1.669027099609375000e+03
4.778748535156250000e+03
1.489798750000000000e+06
3.878072265625000000e+04
9.684032812500000000e+04
1.515335742187500000e+04
6.512808203125000000e+04
4.582323242187500000e+03
7.437523925781250000e+03
2.275357031250000000e+04
1.119695312500000000e+04
3.395636230468750000e+03
2.480259765625000000e+03
8.781998046875000000e+03
1.004020898437500000e+04
9.838844531250000000e+04
4.117985156250000000e+04
7.296745312500000000e+04
1.118198046875000000e+04
3.214355468750000000e+03
3.092737060546875000e+03
5.118775000000000000e+04
1.095110156250000000e+04
1.073058203125000000e+05
1.774667773437500000e+04
2.732451904296875000e+03
1.672476757812500000e+04
4.572695312500000000e+03
1.529282421875000000e+04
8.787947265625000000e+03
7.225268554687500000e+03
1.426061132812500000e+04
9.948736328125000000e+03
1.585635351562500000e+04
3.301718750000000000e+04
3.334360839843750000e+03
7.675485839843750000e+03
7.417857421875000000e+03
3.056699951171875000e+03
3.915703437500000000e+05
2.099443125000000000e+05
2.822172500000000000e+05
5.524023828125000000e+04
2.331100312500000000e+05
1.125643750000000000e+05
3.423426171875000000e+04
5.693396875000000000e+04
1.207574531250000000e+05
6.669311718750000000e+04
7.027842968750000000e+04
1.353551757812500000e+04
3.549267968750000000e+04
4.842490625000000000e+04
4.220948828125000000e+04
1.492575292968750000e+04
1.512977187500000000e+05
1.390088378906250000e+04
1.657772656250000000e+04
3.862739746093750000e+03
9.281447265625000000e+03
8.739191406250000000e+03
5.412751953125000000e+04
5.178710937500000000e+03
2.098276123046875000e+03
8.739191406250000000e+03
2.098276123046875000e+03
1.701371289062500000e+04
8.223985937500000000e+04
6.896032031250000000e+04
5.886242187500000000e+03
4.024623046875000000e+04
4.324556640625000000e+04
7.804914062500000000e+03
5.268562500000000000e+04
8.203455468750000000e+04
1.656931640625000000e+04
1.480480566406250000e+04
9.210466796875000000e+03
3.534479687500000000e+04
2.686745312500000000e+05
4.841276562500000000e+04
1.702402465820312500e+03
5.084791259765625000e+02
6.317293750000000000e+04
4.510748596191406250e+02
1.052831420898437500e+02
6.093539810180664062e+01
4.669046875000000000e+05
7.845500000000000000e+04
7.075364685058593750e+01
5.871751403808593750e+01
7.617816894531250000e+03
3.926190567016601562e+01
4.390136718750000000e+03
2.778250000000000000e+03
4.635200390625000000e+04
4.316966552734375000e+02
7.848554687500000000e+03
1.346655883789062500e+02
2.223422363281250000e+03
3.192288818359375000e+03
1.715764892578125000e+03
2.035867309570312500e+02
9.419275512695312500e+02
2.879176757812500000e+04
4.236049500000000000e+06
8.077589375000000000e+05
7.585306640625000000e+03
3.683039453125000000e+04
6.383865625000000000e+04
1.552316503906250000e+04
2.879176757812500000e+04
4.236049500000000000e+06
7.585306640625000000e+03
1.552316503906250000e+04
1.970822800000000000e+07
1.404726875000000000e+05
3.544008203125000000e+04
1.239852148437500000e+04
3.437087812500000000e+05
3.596885546875000000e+04
3.080132500000000000e+05
1.775081875000000000e+06
2.071191875000000000e+05
1.815066601562500000e+04
4.103516562500000000e+05
7.834897949218750000e+03
1.071193457031250000e+04
1.025440429687500000e+03
5.481960546875000000e+04
6.126548828125000000e+04
8.837702343750000000e+04
7.834897949218750000e+03
1.445537597656250000e+04
1.025440429687500000e+03
6.126548828125000000e+04
1.445537597656250000e+04
5.243600000000000000e+04
1.864712656250000000e+05
3.935194531250000000e+04
5.428280859375000000e+04
3.268540039062500000e+04
1.108561523437500000e+04
5.443081250000000000e+04
1.905579101562500000e+04
6.693317871093750000e+03
7.895127929687500000e+03
9.136952148437500000e+03
4.631673339843750000e+03
2.480237060546875000e+03
5.160289062500000000e+03
1.541071289062500000e+03
1.956757568359375000e+03
3.139815039062500000e+04
5.589074707031250000e+03
7.789678344726562500e+02
5.768080078125000000e+04
8.838856250000000000e+04
1.821894042968750000e+03
2.833088867187500000e+04
9.470386718750000000e+03
1.822365966796875000e+03
1.742789062500000000e+04
1.036893457031250000e+04
4.781862792968750000e+03
3.549267968750000000e+04
4.441500000000000000e+03
9.695335156250000000e+04
2.396443164062500000e+04
4.571089843750000000e+04
1.364103613281250000e+04
4.992941406250000000e+03
1.062582128906250000e+04
3.429962500000000000e+04
8.529961914062500000e+03
9.916696289062500000e+03
7.193835937500000000e+03
1.140556933593750000e+04
1.656053320312500000e+04
1.604246386718750000e+04
5.977922656250000000e+04
3.899674316406250000e+03
1.478471679687500000e+03
5.959616210937500000e+03
6.905706054687500000e+03
1.310230590820312500e+03
2.562147705078125000e+03
4.232748046875000000e+04
2.176812500000000000e+03
5.260721093750000000e+04
9.948736328125000000e+03
1.047231738281250000e+04
3.134027099609375000e+03
5.241176147460937500e+02
3.523164062500000000e+03
4.922719726562500000e+03
4.841639709472656250e+02
7.867509765625000000e+03
2.265785500000000000e+06
3.711123046875000000e+04
9.868700000000000000e+04
3.743284765625000000e+04
6.030430859375000000e+04
9.465276367187500000e+03
1.729095312500000000e+04
2.212270703125000000e+04
2.478552343750000000e+04
9.149640625000000000e+03
2.643358764648437500e+02
9.244574737548828125e+01
7.677895355224609375e+01
8.236592187500000000e+04
1.673207343750000000e+05
8.686805468750000000e+04
2.643358764648437500e+02
3.157497253417968750e+02
7.677895355224609375e+01
1.673207343750000000e+05
3.157497253417968750e+02
3.035934000000000000e+07
8.674477577209472656e+00
8.745920898437500000e+03
1.589253234863281250e+01
8.616573437500000000e+04
1.010923671722412109e+01
1.223741149902343750e+02
8.997215000000000000e+05
9.284559249877929688e+00
4.587628555297851562e+01
1.348399047851562500e+02
7.714156250000000000e+03
3.510228906250000000e+04
1.181399511718750000e+04
1.083816093750000000e+05
3.460126953125000000e+04
5.310382031250000000e+04
1.105557421875000000e+04
1.371645874023437500e+03
9.409585937500000000e+03
2.127601562500000000e+04
1.994400146484375000e+03
9.260517578125000000e+03
2.793151953125000000e+04
3.987011474609375000e+03
6.242325683593750000e+03
1.179605834960937500e+03
3.027250488281250000e+03
1.252271972656250000e+03
8.563605346679687500e+02
1.889845600000000000e+07
7.013186718750000000e+04
5.427894287109375000e+02
5.904469140625000000e+04
2.533203125000000000e+03
2.098816650390625000e+03
1.981584250000000000e+06
2.180928906250000000e+04
7.364705200195312500e+02
4.204701660156250000e+03
1.506677441406250000e+04
1.861393000000000000e+06
4.672892187500000000e+04
1.515407656250000000e+05
9.184395507812500000e+03
3.423465234375000000e+04
8.686805468750000000e+04
7.373568750000000000e+04
1.861393000000000000e+06
4.672892187500000000e+04
9.184395507812500000e+03
7.373568750000000000e+04
8.391281600000000000e+07
6.883082031250000000e+04
3.967296093750000000e+04
7.018225781250000000e+04
5.546787500000000000e+04
5.771651562500000000e+04
2.438320500000000000e+06
6.202298437500000000e+04
1.414188183593750000e+04
6.018142187500000000e+04
1.308821191406250000e+04
1.051018437500000000e+05
9.649269531250000000e+04
7.018225781250000000e+04
7.749835937500000000e+03
3.225684179687500000e+04
5.985247656250000000e+04
8.076864062500000000e+04
1.383336621093750000e+04
2.343124843750000000e+05
3.122691406250000000e+04
2.883103125000000000e+04
3.430980078125000000e+04
2.383955859375000000e+04
6.463588378906250000e+03
1.255082226562500000e+04
6.854808105468750000e+03
9.198439453125000000e+03
4.519246093750000000e+03
2.864970458984375000e+03
2.619963500000000000e+06
7.448921093750000000e+04
3.576877343750000000e+04
8.302062500000000000e+03
6.301995117187500000e+03
5.230254687500000000e+04
7.060148125000000000e+05
1.493220000000000000e+05
2.007933984375000000e+04
8.449377929687500000e+03
7.615067968750000000e+04
2.660338476562500000e+04
6.593303710937500000e+03
1.543338625000000000e+06
2.127842773437500000e+04
2.313332031250000000e+05
3.024705312500000000e+05
1.448207153320312500e+03
9.468058593750000000e+04
2.206148593750000000e+05
5.272589453125000000e+04
2.887409570312500000e+04
5.803078906250000000e+04
6.170142089843750000e+03
9.738825000000000000e+04
2.762961718750000000e+04
1.593856054687500000e+04
5.538066406250000000e+03
1.457638964843750000e+04
1.067674682617187500e+03
9.738825000000000000e+04
9.948736328125000000e+03
4.225753125000000000e+05
7.164037500000000000e+04
1.625357519531250000e+04
4.271703125000000000e+04
1.848175781250000000e+04
1.658128515625000000e+04
1.135497851562500000e+04
5.242762812500000000e+05
2.241007500000000000e+06
1.807253906250000000e+04
3.812671562500000000e+05
2.848006835937500000e+03
1.307871171875000000e+05
4.924533203125000000e+04
1.313951660156250000e+04
1.777164257812500000e+04
4.615425781250000000e+03
7.301667968750000000e+03
3.964975830078125000e+03
1.069462207031250000e+04
2.578004638671875000e+03
2.606656250000000000e+03
7.777701171875000000e+03
2.078755250000000000e+06
1.789317578125000000e+04
1.756257968750000000e+05
9.948736328125000000e+03
7.053074500000000000e+06
7.911998535156250000e+03
1.985627807617187500e+03
1.767503906250000000e+05
3.063880273437500000e+04
8.883769531250000000e+02
3.133329687500000000e+04
1.928279882812500000e+04
1.543338625000000000e+06
7.789319335937500000e+03
4.278791875000000000e+05
1.865683250000000000e+06
3.168780517578125000e+03
2.232654375000000000e+05
1.178977375000000000e+06
2.254461250000000000e+05
1.304230468750000000e+05
9.157607812500000000e+04
7.083260937500000000e+04
1.360501098632812500e+01
3.392169570922851562e+01
3.869316796875000000e+04
4.918138980865478516e+00
3.350429534912109375e+01
1.774546813964843750e+01
1.434325125000000000e+06
2.066960937500000000e+04
7.552235839843750000e+03
8.686805468750000000e+04
1.846628281250000000e+05
3.728996250000000000e+05
2.066960937500000000e+04
1.846628281250000000e+05
6.780848437500000000e+04
5.501385253906250000e+03
1.680241992187500000e+04
2.086824218750000000e+04
2.594459960937500000e+04
3.851233203125000000e+04
1.045116406250000000e+04
2.854615429687500000e+04
6.493935156250000000e+04
9.239088745117187500e+02
1.016707500000000000e+05
1.270928046875000000e+05
9.239088745117187500e+02
1.576067382812500000e+04
3.641547119140625000e+03
3.435307617187500000e+03
7.028731200000000000e+07
7.448921093750000000e+04
1.548891503906250000e+04
7.018225781250000000e+04
2.082086523437500000e+04
5.211349609375000000e+04
1.563562125000000000e+06
2.090341796875000000e+04
2.807855078125000000e+04
1.499741406250000000e+04
1.575374707031250000e+04
1.027599843750000000e+05
3.617863525390625000e+03
6.919500000000000000e+05
7.103725000000000000e+04
9.596183750000000000e+05
1.176671796875000000e+05
2.385530517578125000e+03
2.797615937500000000e+05
3.988453515625000000e+04
5.001994140625000000e+04
1.966287500000000000e+04
6.432807500000000000e+06
6.788762500000000000e+04
1.296384179687500000e+04
3.549267968750000000e+04
6.808867675781250000e+03
6.237236328125000000e+04
8.450160937500000000e+04
2.789457031250000000e+04
8.952025390625000000e+03
7.788033691406250000e+03
1.042362890625000000e+04
7.159668000000000000e+07
4.521731000000000000e+06
2.204938476562500000e+04
1.177906875000000000e+05
4.078295703125000000e+04
9.157227539062500000e+03
5.161502500000000000e+06
1.747203437500000000e+05
2.566027929687500000e+04
1.606890917968750000e+04
7.742059375000000000e+04
7.328829375000000000e+05
5.718865234375000000e+04
9.345773437500000000e+04
1.918113085937500000e+04
4.038314843750000000e+04
2.003385156250000000e+04
3.005093164062500000e+04
1.395872851562500000e+04
1.758750000000000000e+04
8.491817382812500000e+03
7.832446777343750000e+03
7.102834960937500000e+03
6.109879394531250000e+03
6.749844238281250000e+03
2.580607910156250000e+03
2.181977539062500000e+03
2.892238281250000000e+04
1.859737695312500000e+04
7.018225781250000000e+04
8.099595703125000000e+03
1.589353906250000000e+04
4.331585937500000000e+04
5.917293457031250000e+03
2.548932421875000000e+04
4.714428125000000000e+04
6.745577148437500000e+03
7.558123535156250000e+03
1.788205468750000000e+04
1.129293203125000000e+05
7.018225781250000000e+04
4.308704589843750000e+03
1.308037500000000000e+04
7.296745312500000000e+04
1.096229492187500000e+04
2.577391210937500000e+04
6.717864843750000000e+04
7.817840820312500000e+03
1.665420507812500000e+04
6.278768750000000000e+04
6.110613281250000000e+04
2.019110156250000000e+04
5.251592578125000000e+04
3.350830566406250000e+03
2.768542236328125000e+03
3.286491406250000000e+04
4.736372070312500000e+03
2.666638250000000000e+06
4.871180859375000000e+04
4.942935937500000000e+04
9.014183593750000000e+03
2.392429931640625000e+03
6.088995312500000000e+04
7.329839843750000000e+04
3.970907812500000000e+04
6.282116796875000000e+04
2.981032958984375000e+03
1.208178613281250000e+04
4.728253437500000000e+05
1.220413085937500000e+04
5.952515625000000000e+04
2.406653281250000000e+05
1.806858750000000000e+05
5.479770312500000000e+04
2.331082500000000000e+05
2.081266250000000000e+05
1.457263476562500000e+04
1.263928515625000000e+05
1.560397343750000000e+05
4.665024218750000000e+04
4.964911132812500000e+03
2.299090039062500000e+04
2.105086328125000000e+04
2.737113281250000000e+03
1.153931152343750000e+04
9.463489257812500000e+03
2.290864990234375000e+03
1.158898730468750000e+04
2.697582031250000000e+03
5.173946289062500000e+03
6.642209960937500000e+03
2.101952880859375000e+03
6.761900390625000000e+03
5.075281738281250000e+03
2.547191650390625000e+03
1.284482812500000000e+04
2.153842968750000000e+05
1.543338625000000000e+06
2.735309062500000000e+05
7.066305000000000000e+05
2.419324500000000000e+06
1.514604375000000000e+05
4.701019687500000000e+05
1.990750125000000000e+06
1.951287000000000000e+06
1.331691375000000000e+06
1.669272460937500000e+03
1.535813875000000000e+06
3.157690000000000000e+05
4.633971191406250000e+03
2.198669062500000000e+05
1.443251953125000000e+03
8.527051562500000000e+04
6.577669531250000000e+04
4.081288574218750000e+03
7.278973437500000000e+04
3.771973144531250000e+03
2.190171093750000000e+04
5.098479980468750000e+03
5.822392968750000000e+04
7.198256347656250000e+03
6.745210571289062500e+02
3.194911523437500000e+04
1.227055175781250000e+04
2.378675048828125000e+03
1.709554062500000000e+05
2.935704882812500000e+04
1.154035644531250000e+04
4.454272265625000000e+04
8.022342773437500000e+03
2.424396484375000000e+03
4.313648828125000000e+04
2.028616601562500000e+04
6.806310937500000000e+04
7.674646875000000000e+04
6.942951562500000000e+04
1.693387109375000000e+04
6.591836718750000000e+04
5.023794921875000000e+04
1.258605273437500000e+04
6.675655468750000000e+04
2.658702539062500000e+04
2.725954687500000000e+04
2.475476562500000000e+04
6.895467968750000000e+04
1.513743593750000000e+05
2.550770898437500000e+04
4.818802343750000000e+04
6.576597656250000000e+04
8.686805468750000000e+04
6.895467968750000000e+04
1.082761171875000000e+05
2.550770898437500000e+04
6.576597656250000000e+04
1.082761171875000000e+05
7.021800000000000000e+05
4.571029296875000000e+04
1.126855078125000000e+04
7.296745312500000000e+04
1.444517656250000000e+05
8.533608593750000000e+04
2.080575976562500000e+04
5.175322656250000000e+04
4.868719140625000000e+04
8.568778125000000000e+05
7.018225781250000000e+04
3.797183593750000000e+04
8.316835156250000000e+04
8.686805468750000000e+04
4.868719140625000000e+04
1.151209843750000000e+05
7.018225781250000000e+04
8.316835156250000000e+04
1.151209843750000000e+05
1.600319100000000000e+07
1.556301406250000000e+05
4.190609765625000000e+04
8.314051757812500000e+03
2.353048046875000000e+04
9.136403320312500000e+03
2.091429843750000000e+05
3.181830625000000000e+05
1.556150156250000000e+05
3.470072265625000000e+03
9.449674218750000000e+04
1.007915250000000000e+06
3.421190625000000000e+04
8.771266601562500000e+03
7.301089062500000000e+04
1.938362343750000000e+05
1.241623046875000000e+05
2.013646679687500000e+04
6.594980468750000000e+04
1.911972343750000000e+05
1.782428125000000000e+04
4.754387109375000000e+04
4.431416796875000000e+04
6.777914550781250000e+03
3.688380859375000000e+03
1.516209106445312500e+03
2.007330627441406250e+02
8.516231445312500000e+03
4.300726074218750000e+03
9.058268554687500000e+03
7.321774414062500000e+03
8.346341796875000000e+03
7.325735351562500000e+03
9.683711914062500000e+03
7.810611328125000000e+03
1.733136914062500000e+04
6.524003906250000000e+04
6.541386328125000000e+04
2.641189208984375000e+03
1.120573535156250000e+04
6.045916015625000000e+04
5.423543945312500000e+03
2.316784570312500000e+04
9.440828906250000000e+04
3.390178955078125000e+03
1.061361523437500000e+04
3.394601171875000000e+04
9.368213867187500000e+03
4.728937011718750000e+03
4.917850000000000000e+04
2.569342031250000000e+05
4.105272265625000000e+04
1.915851367187500000e+04
2.618333007812500000e+04
6.626472656250000000e+03
6.650764843750000000e+04
1.700558398437500000e+04
7.028731200000000000e+07
7.448921093750000000e+04
4.175991796875000000e+04
7.018225781250000000e+04
1.321338593750000000e+05
7.038273437500000000e+04
1.563562125000000000e+06
3.747320312500000000e+05
2.117718164062500000e+04
7.766885156250000000e+04
3.450504296875000000e+04
5.614283691406250000e+03
2.492960205078125000e+03
7.008665527343750000e+03
1.104933398437500000e+04
2.254294677734375000e+03
3.197747802734375000e+03
3.552999755859375000e+03
1.832948242187500000e+03
1.896877000000000000e+06
1.846542875000000000e+06
1.632479687500000000e+05
3.995124511718750000e+03
2.375338476562500000e+04
5.979884375000000000e+04
6.810943125000000000e+05
1.984529000000000000e+06
1.982404750000000000e+06
4.208922851562500000e+03
7.262751250000000000e+05
3.354987890625000000e+04
2.791948437500000000e+04
7.018225781250000000e+04
6.398945800781250000e+03
1.415632128906250000e+04
3.344780468750000000e+04
4.836635742187500000e+03
5.436451171875000000e+03
5.983181640625000000e+04
3.903503662109375000e+03
2.262293945312500000e+03
2.689024375000000000e+05
3.434907958984375000e+03
2.726330078125000000e+03
3.396220312500000000e+04
1.005565625000000000e+04
4.017885156250000000e+04
1.389411132812500000e+04
3.138147265625000000e+04
2.873454833984375000e+03
1.029019726562500000e+04
8.109413085937500000e+03
5.995885937500000000e+04
7.649248535156250000e+03
1.536782812500000000e+05
1.236736621093750000e+04
3.085833203125000000e+04
5.778267089843750000e+03
1.837575585937500000e+04
9.064058593750000000e+03
1.239015000000000000e+06
6.436506347656250000e+03
1.299945922851562500e+03
4.066585546875000000e+04
9.357696875000000000e+04
7.483046875000000000e+04
2.046282470703125000e+03
2.236879101562500000e+04
2.039643359375000000e+04
5.213628906250000000e+03
5.282166503906250000e+03
5.572072265625000000e+04
1.765364453125000000e+04
2.990301025390625000e+03
3.715229003906250000e+03
4.578076660156250000e+03
1.928279882812500000e+04
1.513177375000000000e+06
9.682568125000000000e+05
1.695322000000000000e+06
1.508128000000000000e+06
2.432428250000000000e+06
7.080843750000000000e+04
6.918226250000000000e+05
8.285817500000000000e+05
1.056029375000000000e+06
6.122110000000000000e+05
6.627431250000000000e+05
1.483406250000000000e+06
7.005058125000000000e+05
2.598684570312500000e+04
3.684164062500000000e+05
5.799897265625000000e+04
7.737729492187500000e+03
1.998930664062500000e+04
3.985031640625000000e+04
5.923762000000000000e+06
3.154335351562500000e+04
3.521349609375000000e+03
5.436741796875000000e+04
1.260016406250000000e+04
2.643681250000000000e+05
2.761457617187500000e+04
2.455165250000000000e+06
2.893291748046875000e+03
1.487399843750000000e+05
3.094648125000000000e+05
6.094251464843750000e+03
1.950114062500000000e+05
2.340356689453125000e+03
1.031211718750000000e+04
4.084262500000000000e+04
4.442605957031250000e+03
2.325615722656250000e+03
1.212418906250000000e+05
4.846432031250000000e+04
6.036219531250000000e+04
1.986260937500000000e+04
1.369138769531250000e+04
7.632122558593750000e+03
5.118355078125000000e+04
9.588651367187500000e+03
8.033630625000000000e+05
3.261390625000000000e+04
7.018225781250000000e+04
2.612418945312500000e+04
2.686745312500000000e+05
3.925329296875000000e+04
3.329757812500000000e+04
3.667754062500000000e+05
5.092219140625000000e+04
3.748121875000000000e+04
5.210400390625000000e+04
2.309199218750000000e+05
3.713073125000000000e+05
1.244378125000000000e+06
5.148164453125000000e+04
1.376180566406250000e+04
5.547671093750000000e+04
1.165426718750000000e+05
1.587840156250000000e+05
1.844220625000000000e+05
3.109748632812500000e+04
6.758246093750000000e+04
6.921915000000000000e+06
7.448921093750000000e+04
6.292321205139160156e+00
3.990120117187500000e+03
1.714404869079589844e+01
1.036203670501708984e+01
2.213366250000000000e+05
2.759210205078125000e+01
1.404926300048828125e+01
2.068369483947753906e+01
5.592057800292968750e+01
1.970822800000000000e+07
4.178123046875000000e+04
5.505842285156250000e+03
4.985416406250000000e+04
2.940698437500000000e+04
4.376941015625000000e+04
6.953043750000000000e+05
2.012847031250000000e+05
1.410155664062500000e+04
6.891022656250000000e+04
1.534100312500000000e+05
1.251680541992187500e+03
5.961493301391601562e+01
8.260275268554687500e+01
2.055592382812500000e+04
6.178211328125000000e+04
3.100677539062500000e+04
6.902916870117187500e+02
2.689446289062500000e+03
8.292636108398437500e+01
3.030633984375000000e+04
1.048552978515625000e+03
7.614020625000000000e+05
5.174128125000000000e+04
1.795530000000000000e+05
5.994313281250000000e+04
4.827744140625000000e+04
4.040591796875000000e+04
9.974732812500000000e+04
6.500310546875000000e+04
7.985013671875000000e+03
4.521731000000000000e+06
4.747029296875000000e+04
3.326926269531250000e+03
1.955621679687500000e+04
3.133224804687500000e+04
1.638115625000000000e+04
1.290708984375000000e+04
1.213258593750000000e+05
5.047126953125000000e+03
1.165336132812500000e+04
1.540225390625000000e+04
5.286971875000000000e+05
1.189930875000000000e+06
3.577477812500000000e+05
1.865683250000000000e+06
5.171312500000000000e+06
7.336973437500000000e+04
7.417432500000000000e+05
2.389237750000000000e+06
2.803443000000000000e+06
1.382327875000000000e+06
5.123375390625000000e+04
2.776542187500000000e+04
5.998442871093750000e+03
1.485092187500000000e+04
9.806207031250000000e+04
7.374103125000000000e+04
3.357830468750000000e+04
1.243158515625000000e+05
1.558975195312500000e+04
3.900851171875000000e+04
6.900493750000000000e+04
1.022282421875000000e+05
8.091357421875000000e+03
1.189930875000000000e+06
6.427330859375000000e+04
4.166655000000000000e+06
6.947105625000000000e+05
8.039117187500000000e+03
1.187046375000000000e+06
3.977268125000000000e+05
6.925566875000000000e+05
3.966911875000000000e+05
1.358709843750000000e+05
6.341417968750000000e+03
3.171233154296875000e+03
2.175714257812500000e+04
8.306958007812500000e+03
3.713367578125000000e+04
1.269418847656250000e+04
8.806674804687500000e+03
3.250898193359375000e+03
3.301415039062500000e+03
2.903777343750000000e+03
4.169167480468750000e+03
1.073952539062500000e+04
1.075618774414062500e+03
2.342816796875000000e+04
4.251329687500000000e+04
8.737220312500000000e+04
4.162114257812500000e+03
4.332451660156250000e+03
1.103131103515625000e+03
4.314850390625000000e+04
4.423234863281250000e+03
8.045084960937500000e+03
8.032242187500000000e+03
9.335838125000000000e+05
4.323398437500000000e+03
5.741461875000000000e+05
5.067410937500000000e+05
1.526029907226562500e+03
2.930417500000000000e+05
2.601300312500000000e+05
1.680730468750000000e+05
7.817305468750000000e+04
4.952707812500000000e+04
3.287087109375000000e+04
4.127814843750000000e+04
4.893465625000000000e+04
1.555556347656250000e+04
1.760960546875000000e+04
9.809643554687500000e+03
3.835528564453125000e+03
1.970822800000000000e+07
4.570514843750000000e+04
1.516217480468750000e+04
6.743862500000000000e+04
1.129293203125000000e+05
7.196057031250000000e+04
6.693267500000000000e+05
1.687012500000000000e+05
1.802765820312500000e+04
6.461742578125000000e+04
2.883722070312500000e+04
7.095457812500000000e+04
3.543241015625000000e+04
1.643299687500000000e+05
4.110902343750000000e+04
5.679362500000000000e+04
6.523586425781250000e+03
6.396712109375000000e+04
6.337886718750000000e+03
1.053669843750000000e+05
3.176649658203125000e+03
1.348739375000000000e+05
1.969876367187500000e+04
2.252850585937500000e+04
2.555957812500000000e+04
4.661240234375000000e+03
6.594952148437500000e+03
1.696568554687500000e+04
9.948736328125000000e+03
3.534277343750000000e+04
1.938242187500000000e+04
2.254731445312500000e+03
9.382781250000000000e+03
3.798994628906250000e+03
2.517263916015625000e+03
5.640181640625000000e+03
1.507190375000000000e+06
1.755228125000000000e+06
1.255793125000000000e+06
7.962192500000000000e+05
7.304928500000000000e+06
1.484190136718750000e+04
2.842680312500000000e+05
2.189215750000000000e+06
6.448851875000000000e+05
2.681127187500000000e+05
1.625377625000000000e+06
2.689773125000000000e+05
6.169921093750000000e+04
7.364798437500000000e+04
2.606786914062500000e+04
6.833708984375000000e+03
6.325346875000000000e+04
1.046806347656250000e+04
7.705434570312500000e+03
3.239760625000000000e+05
1.543338625000000000e+06
8.038350000000000000e+04
6.705732500000000000e+05
5.171312500000000000e+06
2.203536132812500000e+04
4.837413750000000000e+05
3.007784250000000000e+06
1.249337750000000000e+06
1.135574125000000000e+06
4.282729296875000000e+04
4.051048046875000000e+04
5.113876250000000000e+05
1.434149414062500000e+04
4.112357421875000000e+04
1.797942138671875000e+03
3.750249609375000000e+04
4.775899902343750000e+03
5.480962000000000000e+06
7.337183593750000000e+04
1.937031445312500000e+04
4.012391357421875000e+03
1.488451367187500000e+04
3.852790625000000000e+04
2.016901406250000000e+05
2.751657031250000000e+04
1.083690332031250000e+04
1.737087109375000000e+04
1.446929394531250000e+04
2.180291748046875000e+03
2.438565429687500000e+04
4.144468750000000000e+03
5.008371875000000000e+04
1.318423281250000000e+05
8.686805468750000000e+04
2.180291748046875000e+03
1.042774511718750000e+04
4.144468750000000000e+03
1.318423281250000000e+05
1.042774511718750000e+04
1.351718750000000000e+04
1.932131054687500000e+04
1.911327148437500000e+04
2.384436279296875000e+03
2.841154785156250000e+03
3.846930859375000000e+04
1.773648315429687500e+03
2.262400878906250000e+03
2.343591064453125000e+03
3.715847473144531250e+02
2.311011047363281250e+02
6.999860000000000000e+07
7.401680468750000000e+04
1.286027343750000000e+04
7.018225781250000000e+04
1.990018945312500000e+04
5.183581250000000000e+04
1.559883250000000000e+06
1.969222851562500000e+04
2.812330859375000000e+04
1.636452539062500000e+04
1.635120214843750000e+04
1.176491308593750000e+04
4.051048046875000000e+04
1.282006835937500000e+04
6.237130371093750000e+03
5.692488769531250000e+03
3.903317626953125000e+03
5.253780761718750000e+03
2.377930908203125000e+03
1.614291796875000000e+04
4.613194335937500000e+03
6.953634375000000000e+05
2.818877343750000000e+04
3.582889892578125000e+03
1.208363403320312500e+03
3.496930468750000000e+04
4.462106628417968750e+02
1.415280156250000000e+05
3.662985937500000000e+05
1.760424875000000000e+06
4.289238281250000000e+03
2.210720703125000000e+03
4.961908203125000000e+04
6.800017187500000000e+04
8.714510937500000000e+04
2.966343437500000000e+05
2.619798583984375000e+03
4.566780859375000000e+04
1.004052031250000000e+05
1.485137597656250000e+04
6.534826953125000000e+04
5.536951171875000000e+04
1.938953710937500000e+04
4.182883203125000000e+04
3.907725000000000000e+04
3.087263671875000000e+04
5.892037500000000000e+04
3.084144287109375000e+02
5.914139843750000000e+04
1.826732826232910156e+01
1.097786875000000000e+05
2.679818534851074219e+01
1.489425964355468750e+02
1.070180234375000000e+05
3.464118957519531250e+02
1.612570762634277344e+01
1.625268554687500000e+02
6.919532500000000000e+06
4.158056500000000000e+06
1.918345625000000000e+06
7.301521093750000000e+04
4.158056500000000000e+06
1.728861406250000000e+05
7.425849609375000000e+03
7.774748437500000000e+04
8.579814453125000000e+02
1.713357000000000000e+06
2.003721484375000000e+04
9.070031127929687500e+02
9.757044921875000000e+03
6.712605957031250000e+03
1.796348999023437500e+03
2.343413330078125000e+03
6.817646875000000000e+04
6.983736572265625000e+02
2.107333740234375000e+03
1.772306445312500000e+04
2.899261328125000000e+04
5.970487890625000000e+04
8.692232812500000000e+04
2.610533398437500000e+04
1.240235351562500000e+04
3.068345703125000000e+04
1.142407617187500000e+04
5.564500000000000000e+04
3.422532187500000000e+05
3.795846679687500000e+03
2.129817138671875000e+03
5.611810546875000000e+03
3.174192871093750000e+03
3.439133605957031250e+02
5.214975585937500000e+02
4.816569140625000000e+04
3.451735156250000000e+04
3.042693359375000000e+04
3.341040625000000000e+04
5.583943359375000000e+03
8.634341796875000000e+03
2.219388916015625000e+03
1.930994140625000000e+03
1.624793212890625000e+03
1.265627441406250000e+03
1.411473266601562500e+03
4.004164062500000000e+04
1.015713562011718750e+03
1.196445556640625000e+03
1.100794433593750000e+03
8.526837158203125000e+02
3.634176953125000000e+04
8.707101562500000000e+03
1.033440546875000000e+05
2.586304882812500000e+04
1.075652148437500000e+04
9.319294531250000000e+04
2.440180078125000000e+04
1.566590039062500000e+04
1.076769218750000000e+05
4.582588125000000000e+05
6.486259765625000000e+04
6.383865625000000000e+04
3.549267968750000000e+04
8.686805468750000000e+04
1.076769218750000000e+05
4.787492968750000000e+04
6.486259765625000000e+04
3.549267968750000000e+04
4.787492968750000000e+04
6.199254394531250000e+03
7.465035156250000000e+03
5.657882324218750000e+03
5.679042578125000000e+04
2.137378906250000000e+03
1.989311523437500000e+03
4.859299804687500000e+03
1.465705200195312500e+03
2.037735937500000000e+04
7.578798437500000000e+04
6.932927343750000000e+04
6.155862792968750000e+03
6.273100390625000000e+04
4.998894921875000000e+04
5.448068359375000000e+03
7.566774218750000000e+04
2.649147656250000000e+04
1.666079882812500000e+04
1.401777734375000000e+04
1.566201757812500000e+04
8.498940429687500000e+03
4.204011230468750000e+03
1.818046484375000000e+04
3.670650390625000000e+04
5.577537890625000000e+04
7.644121093750000000e+03
2.301694140625000000e+04
7.243560058593750000e+03
1.559353027343750000e+04
9.943177734375000000e+03
1.718555273437500000e+04
8.428547851562500000e+03
3.671362548828125000e+03
3.919410937500000000e+04
9.706622656250000000e+04
4.938633593750000000e+04
6.649899414062500000e+03
3.594622265625000000e+04
2.876507568359375000e+03
3.983295312500000000e+04
8.827194335937500000e+03
2.024240000000000000e+07
4.753430468750000000e+04
1.139477578125000000e+05
5.555458593750000000e+04
7.218175781250000000e+04
7.027447656250000000e+04
7.746759500000000000e+06
7.075940000000000000e+06
7.402463281250000000e+04
6.734267187500000000e+04
3.069404750000000000e+06
2.259079833984375000e+03
5.690226953125000000e+04
1.401162792968750000e+04
2.725932128906250000e+03
1.962173095703125000e+03
9.943423828125000000e+03
6.338363037109375000e+02
1.960810699462890625e+02
3.950391601562500000e+03
6.983059692382812500e+01
3.677924346923828125e+01
1.307858375000000000e+06
7.405190000000000000e+06
8.243531250000000000e+05
1.885760546875000000e+04
8.371104375000000000e+05
2.457706250000000000e+04
6.260555859375000000e+04
4.670571093750000000e+04
1.018026400000000000e+07
4.727638000000000000e+06
1.900621625000000000e+06
9.096536132812500000e+03
4.691648500000000000e+06
7.290297656250000000e+04
9.587717285156250000e+02
1.434083593750000000e+04
4.122482910156250000e+03
4.523637207031250000e+03
2.841336523437500000e+04
3.420397656250000000e+04
6.282178222656250000e+03
9.038263671875000000e+03
7.959851074218750000e+03
8.376934570312500000e+03
1.092301600000000000e+07
6.793233750000000000e+05
4.653502343750000000e+04
1.594117578125000000e+04
1.352691113281250000e+04
5.586896875000000000e+04
5.411296875000000000e+05
9.568982812500000000e+04
3.166066562500000000e+05
6.506622070312500000e+03
1.672735000000000000e+05
2.473831445312500000e+04
1.826003515625000000e+04
5.938533203125000000e+04
9.783965820312500000e+03
3.557885937500000000e+04
7.242350000000000000e+04
3.321661865234375000e+03
5.862467773437500000e+03
1.464362109375000000e+04
1.024775000000000000e+04
9.440214843750000000e+02
1.718682125000000000e+06
6.378563232421875000e+02
2.392124938964843750e+02
3.044126953125000000e+04
2.957984619140625000e+02
2.317471679687500000e+04
8.908206176757812500e+01
1.128515319824218750e+02
4.052686718750000000e+04
1.762121484375000000e+04
3.811307421875000000e+04
2.740359179687500000e+04
2.423975976562500000e+04
2.020194726562500000e+04
1.379547363281250000e+04
6.941803222656250000e+03
1.846542875000000000e+06
4.672892187500000000e+04
3.545492187500000000e+04
3.549267968750000000e+04
1.121209218750000000e+05
5.549702343750000000e+04
6.359091796875000000e+04
7.164036250000000000e+05
9.686250976562500000e+03
2.131248828125000000e+04
1.806014843750000000e+04
8.181149218750000000e+04
1.378052246093750000e+04
7.311383789062500000e+03
7.627138183593750000e+03
6.622491699218750000e+03
2.113259179687500000e+04
1.814133666992187500e+03
2.442563720703125000e+03
1.332030151367187500e+03
3.298217500000000000e+06
2.301132226562500000e+04
4.717449645996093750e+02
6.745274658203125000e+02
3.088691992187500000e+04
5.541421875000000000e+03
3.928859252929687500e+02
2.204562500000000000e+05
2.303464508056640625e+02
2.055713867187500000e+03
2.595228027343750000e+03
3.107402343750000000e+02
2.003749542236328125e+02
2.575143164062500000e+04
1.622330937500000000e+05
5.078910546875000000e+04
1.805030395507812500e+03
1.863329589843750000e+03
2.244837799072265625e+02
5.684352734375000000e+04
1.205397216796875000e+03
8.339933593750000000e+04
1.471210253906250000e+04
1.671328515625000000e+04
3.676974609375000000e+04
1.400420019531250000e+04
1.630834375000000000e+04
7.405366699218750000e+03
2.958466796875000000e+03
1.842569843750000000e+05
5.748184765625000000e+04
3.849908447265625000e+03
7.633542480468750000e+03
1.306697167968750000e+04
2.407695898437500000e+04
1.522073974609375000e+03
4.084965332031250000e+03
6.187841015625000000e+04
4.051048046875000000e+04
3.083450625000000000e+05
4.297282421875000000e+04
2.870975585937500000e+04
1.367923535156250000e+04
3.300824609375000000e+04
1.099465917968750000e+04
4.273543945312500000e+03
4.775834062500000000e+05
2.256385253906250000e+03
2.013513750000000000e+06
8.310253906250000000e+03
3.107969375000000000e+05
2.627751367187500000e+04
3.081275939941406250e+02
2.692890234375000000e+04
8.545743164062500000e+03
9.775040283203125000e+02
7.479506400000000000e+07
7.402746093750000000e+04
4.367871093750000000e+04
6.212955078125000000e+04
6.434837500000000000e+04
5.082684765625000000e+04
1.751512375000000000e+06
1.092501125000000000e+06
6.117196093750000000e+04
1.870940234375000000e+04
3.497632500000000000e+05
1.303813625000000000e+06
1.381273281250000000e+05
2.781376171875000000e+04
7.296745312500000000e+04
1.410351406250000000e+05
1.665509687500000000e+05
8.189025781250000000e+04
6.636894531250000000e+04
1.590885546875000000e+04
1.504724500000000000e+06
7.769453125000000000e+05
6.944167480468750000e+03
3.428124375000000000e+05
5.089777343750000000e+03
1.093989921875000000e+05
5.460592968750000000e+04
2.655416503906250000e+03
8.805273437500000000e+03
3.025809814453125000e+03
7.983916015625000000e+03
4.045948486328125000e+03
4.953157031250000000e+04
2.456090332031250000e+03
4.472546691894531250e+02
2.164027099609375000e+03
3.537935791015625000e+03
5.486566162109375000e+02
1.878242400000000000e+07
4.978769531250000000e+04
1.919908593750000000e+04
7.011468750000000000e+04
5.398621093750000000e+04
5.575176562500000000e+04
1.411746000000000000e+06
3.027430273437500000e+04
7.587224609375000000e+03
5.865854296875000000e+04
1.189780664062500000e+04
6.938885600000000000e+07
7.305923437500000000e+04
1.563530156250000000e+05
7.018225781250000000e+04
3.389080625000000000e+05
5.478379687500000000e+04
1.552334250000000000e+06
3.784993250000000000e+06
1.501861328125000000e+04
1.363302187500000000e+05
1.999324687500000000e+05
5.824730468750000000e+04
2.567276367187500000e+04
5.400644921875000000e+04
1.510204980468750000e+04
1.468158691406250000e+04
2.236025976562500000e+04
4.413246582031250000e+03
4.556489746093750000e+03
6.140007500000000000e+05
7.624012500000000000e+04
2.408088671875000000e+04
5.982063281250000000e+04
2.800433789062500000e+04
8.819494140625000000e+03
6.748996875000000000e+04
2.839058398437500000e+04
3.976167968750000000e+03
1.269791640625000000e+05
1.816382617187500000e+04
2.393768359375000000e+04
1.440831542968750000e+04
9.586959960937500000e+03
2.423644775390625000e+03
2.413307617187500000e+03
7.980482910156250000e+03
8.367486572265625000e+02
4.982672119140625000e+02
6.277643554687500000e+03
6.917810546875000000e+03
1.268621386718750000e+04
8.769753906250000000e+04
1.487714843750000000e+04
7.727950195312500000e+03
1.279953222656250000e+04
7.904139648437500000e+03
6.673241000000000000e+06
4.164847265625000000e+04
1.307700781250000000e+04
6.022465234375000000e+04
1.626410546875000000e+04
5.398848046875000000e+04
1.731964000000000000e+06
3.045619726562500000e+04
6.946002441406250000e+03
2.265165429687500000e+04
1.012163671875000000e+04
5.255475097656250000e+03
7.200512500000000000e+04
1.543349000000000000e+06
9.398822265625000000e+03
2.322060781250000000e+05
1.535808125000000000e+06
1.272811523437500000e+03
1.630301562500000000e+05
1.075022125000000000e+06
6.945163281250000000e+04
8.454344531250000000e+04
1.434889550781250000e+04
9.220909179687500000e+03
7.031653320312500000e+03
1.149447890625000000e+05
6.599089062500000000e+04
9.948716796875000000e+03
1.477357617187500000e+04
4.618283691406250000e+03
8.951452026367187500e+02
6.903685937500000000e+04
4.558867187500000000e+03
1.939672400000000000e+07
3.893164687500000000e+05
4.211226562500000000e+04
1.918956445312500000e+04
1.746054687500000000e+04
1.386842773437500000e+04
6.019767500000000000e+05
9.834735937500000000e+04
1.512763750000000000e+05
6.582539550781250000e+03
1.828014375000000000e+05
2.406004296875000000e+04
1.549370214843750000e+04
3.965858984375000000e+04
2.103143750000000000e+04
6.428413574218750000e+03
5.615435546875000000e+03
2.243326953125000000e+04
3.101367431640625000e+03
8.371112304687500000e+03
1.622626953125000000e+04
2.243386718750000000e+04
7.987854492187500000e+03
3.942467285156250000e+03
1.357645996093750000e+03
1.725360937500000000e+04
1.618712036132812500e+03
1.625134375000000000e+06
4.521761000000000000e+06
4.635186718750000000e+04
3.523694580078125000e+03
1.807003906250000000e+04
3.088680078125000000e+04
5.383074375000000000e+05
1.013992343750000000e+05
1.170682265625000000e+05
2.048509277343750000e+03
2.498325976562500000e+04
1.760715625000000000e+05
7.908377441406250000e+03
5.611890136718750000e+03
5.644701171875000000e+04
4.288860156250000000e+04
2.579331445312500000e+04
6.918727539062500000e+03
1.805651367187500000e+04
